対象年月度	組織コード	明細No.	採算科目名	M/P	予定	実績	構成比(%)	予定比(%)	M/P比(%)
202607	004000000	1	総受注高	142103350.0	139171350.0	262284252.0		188.4	184.5
202607	004000000	2	許諾料	1000000.0	1000000.0	760000.0	0.2	76.0	76.0
202607	004000000	3	穂木	43875000.0	43875000.0	158118825.0	60.2	360.3	360.3
202607	004000000	4	ﾛｲﾔﾙﾃｨ	90665000.0	88115000.0	90726193.0	34.5	102.9	100.0
202607	004000000	5	バラ	1582000.0	1670000.0	1763113.0	0.6	105.5	111.4
202607	004000000	6	通信販売	200000.0	200000.0	104612.0	0.0	52.3	52.3
202607	004000000	7	セット苗	640000.0	340000.0	-6240.0	0.0	0.0	0.0
202607	004000000	8	その他	4141350.0	3971350.0	10817749.0	4.1	272.3	261.2
202607	004000000	9	総売上高	140063350.0	136536350.0	139571600.0		102.2	99.6
202607	004000000	10	許諾料	1550000.0	4480000.0	1670000.0	1.1	37.2	107.7
202607	004000000	11	穂木	41225000.0	37500000.0	40171943.0	28.7	107.1	97.4
202607	004000000	12	ﾛｲﾔﾙﾃｨ	90665000.0	88115000.0	90827534.0	65.0	103.0	100.1
202607	004000000	13	バラ	1582000.0	1670000.0	1763113.0	1.2	105.5	111.4
202607	004000000	14	通信販売	400000.0	300000.0	315101.0	0.2	105.0	78.7
202607	004000000	15	セット苗	500000.0	500000.0	495122.0	0.3	99.0	99.0
202607	004000000	16	その他	4141350.0	3971350.0	4328787.0	3.1	109.0	104.5
202607	004000000	17	社外売上	140063350.0	136536350.0	139571600.0		102.2	99.6
202607	004000000	18	売上原価	29076135.0	29716089.0	31279621.0	22.4	105.2	107.5
202607	004000000	19	穂木・苗仕入高	22937790.0	23609735.0	24156146.0	17.3	102.3	105.3
202607	004000000	20	送料	4623845.0	4841854.0	5265887.0	3.7	108.7	113.8
202607	004000000	21	その他	1514500.0	1264500.0	1857588.0	1.3	146.9	122.6
202607	004000000	22	総生産	0.0	0.0	0.0	0.0	0.0	0.0
202607	004000000	23	社内売	531500.0	531500.0	873738.0	0.6	164.3	164.3
202607	004000000	24	社内仕入	531500.0	531500.0	873738.0	0.6	164.3	164.3
202607	004000000	25	営業口銭	0.0	0.0	0.0		0.0	0.0
202607	004000000	26	総収益	110987215.0	106820261.0	108291979.0	77.5	101.3	97.5
202607	004000000	27	経費合計	33160018.0	33410638.0	32681373.0	23.4	97.8	98.5
202607	004000000	28	種苗費	0.0	16000.0	16000.0	0.0	100.0	0.0
202607	004000000	29	肥料費	88000.0	130340.0	73260.0	0.0	56.2	83.2
202607	004000000	30	培土費用	289500.0	60000.0	-46245.0	0.0	0.0	0.0
202607	004000000	31	農薬衛生費	565658.0	604233.0	656162.0	0.4	108.5	115.9
202607	004000000	32	農具費	17000.0	18256.0	41595.0	0.0	227.8	244.6
202607	004000000	33	諸材料費	1533578.0	1249758.0	1192078.0	0.8	95.3	77.7
202607	004000000	34	その他仕入高	0.0	0.0	0.0	0.0	0.0	0.0
202607	004000000	35	減価償却費	4311490.0	4311494.0	4318902.0	3.0	100.1	100.1
202607	004000000	36	車両費	1581851.0	1533285.0	1284501.0	0.9	83.7	81.2
202607	004000000	37	旅費交通費	2835419.0	3076587.0	2566610.0	1.8	83.4	90.5
202607	004000000	38	荷造運搬費	2709350.0	2795769.0	2341140.0	1.6	83.7	86.4
202607	004000000	39	通信費	497204.0	499266.0	472642.0	0.3	94.6	95.0
202607	004000000	40	水道光熱費	972100.0	1052101.0	1220285.0	0.8	115.9	125.5
202607	004000000	41	動力費	0.0	0.0	0.0	0.0	0.0	0.0
202607	004000000	42	燃料費	0.0	0.0	0.0	0.0	0.0	0.0
202607	004000000	43	事務用品費	91458.0	124196.0	133149.0	0.0	107.2	145.5
202607	004000000	44	消耗品費	142678.0	118590.0	177312.0	0.1	149.5	124.2
202607	004000000	45	廃棄物処理料	338200.0	264076.0	168492.0	0.1	63.8	49.8
202607	004000000	46	広告宣伝費	1824400.0	1064011.0	1095280.0	0.7	102.9	60.0
202607	004000000	47	接待交際費	200000.0	212000.0	115905.0	0.0	54.6	57.9
202607	004000000	48	研究開発費	454546.0	454546.0	0.0	0.0	0.0	0.0
202607	004000000	49	クレーム費	0.0	0.0	0.0	0.0	0.0	0.0
202607	004000000	50	賃借料	1001938.0	906449.0	1282330.0	0.9	141.4	127.9
202607	004000000	51	賃貸料収入	-50000.0	-50000.0	-95000.0	0.0	0.0	0.0
202607	004000000	52	修繕費	69500.0	661900.0	1265894.0	0.9	191.2	
202607	004000000	53	支払リース料	33800.0	42446.0	33800.0	0.0	79.6	100.0
202607	004000000	54	保険料	44957.0	26229.0	73061.0	0.0	278.5	162.5
202607	004000000	55	支払報酬	735490.0	735490.0	735445.0	0.5	99.9	99.9
202607	004000000	56	販売手数料	4356406.0	2675688.0	2547737.0	1.8	95.2	58.4
202607	004000000	57	支払手数料	619493.0	1063139.0	377032.0	0.2	35.4	60.8
202607	004000000	58	診断料	30550.0	19200.0	3850.0	0.0	20.0	12.6
202607	004000000	59	諸会費	98250.0	98250.0	46200.0	0.0	47.0	47.0
202607	004000000	60	会議費	0.0	0.0	12000.0	0.0	0.0	0.0
202607	004000000	61	寄付金	0.0	0.0	0.0	0.0	0.0	0.0
202607	004000000	62	租税公課	347200.0	347200.0	521689.0	0.3	150.2	150.2
202607	004000000	63	業務委託費	4570119.0	4570119.0	5047474.0	3.6	110.4	110.4
202607	004000000	64	業務受託収入	0.0	0.0	0.0	0.0	0.0	0.0
202607	004000000	65	システム管理料	434300.0	434300.0	418800.0	0.3	96.4	96.4
202607	004000000	66	情報機器利用料	1176907.0	1221194.0	1324030.0	0.9	108.4	112.5
202607	004000000	67	貸倒金	0.0	1816752.0	1994856.0	1.4	109.8	0.0
202607	004000000	68	雑費	58364.0	45460.0	58559.0	0.0	128.8	100.3
202607	004000000	69	福利消耗品費	8450.0	32852.0	32678.0	0.0	99.4	386.7
202607	004000000	70	教育研修費	862.0	862.0	2870.0	0.0	332.9	332.9
202607	004000000	71	雑給	0.0	0.0	0.0	0.0	0.0	0.0
202607	004000000	72	社内金利（固定資産）	0.0	0.0	0.0	0.0	0.0	0.0
202607	004000000	73	社内金利（売掛金）	0.0	0.0	0.0	0.0	0.0	0.0
202607	004000000	74	部門共通（経費）	0.0	0.0	0.0	0.0	0.0	0.0
202607	004000000	75	全社共通（経費）	0.0	0.0	0.0	0.0	0.0	0.0
202607	004000000	76	グループ共通	1171000.0	1178600.0	1171000.0	0.8	99.3	100.0
202607	004000000	77	差引収益	77827197.0	73409623.0	75610606.0	54.1	102.9	97.1
202607	004000000	78	差引比率	55.5	53.7	54.1		100.7	97.4
202607	004000000	79	総時間	13620.75	13408.0	12780.5		95.3	93.8
202607	004000000	80	定時間	12877.5	12707.0	12226.25		96.2	94.9
202607	004000000	81	残業時間	745.0	697.0	564.0		80.9	75.7
202607	004000000	82	移動時間	-1.75	4.0	-9.75		0.0	0.0
202607	004000000	83	部門共通（時間）	0.0	0.0	0.0		0.0	0.0
202607	004000000	84	全社共通（時間）	0.0	0.0	0.0		0.0	0.0
202607	004000000	85	当月時間当り	5713.8	5475.0	5916.0		108.0	103.5
202607	004000000	86	人員	74.0	73.0	74.0		101.3	100.0
202607	004090100	1	総受注高	0.0	0.0	0.0		0.0	0.0
202607	004090100	2	許諾料	0.0	0.0	0.0	0.0	0.0	0.0
202607	004090100	3	穂木	0.0	0.0	0.0	0.0	0.0	0.0
202607	004090100	4	ﾛｲﾔﾙﾃｨ	0.0	0.0	0.0	0.0	0.0	0.0
202607	004090100	5	バラ	0.0	0.0	0.0	0.0	0.0	0.0
202607	004090100	6	通信販売	0.0	0.0	0.0	0.0	0.0	0.0
202607	004090100	7	セット苗	0.0	0.0	0.0	0.0	0.0	0.0
202607	004090100	8	その他	0.0	0.0	0.0	0.0	0.0	0.0
202607	004090100	9	総売上高	0.0	0.0	0.0		0.0	0.0
202607	004090100	10	許諾料	0.0	0.0	0.0	0.0	0.0	0.0
202607	004090100	11	穂木	0.0	0.0	0.0	0.0	0.0	0.0
202607	004090100	12	ﾛｲﾔﾙﾃｨ	0.0	0.0	0.0	0.0	0.0	0.0
202607	004090100	13	バラ	0.0	0.0	0.0	0.0	0.0	0.0
202607	004090100	14	通信販売	0.0	0.0	0.0	0.0	0.0	0.0
202607	004090100	15	セット苗	0.0	0.0	0.0	0.0	0.0	0.0
202607	004090100	16	その他	0.0	0.0	0.0	0.0	0.0	0.0
202607	004090100	17	社外売上	0.0	0.0	0.0		0.0	0.0
202607	004090100	18	売上原価	0.0	0.0	0.0	0.0	0.0	0.0
202607	004090100	19	穂木・苗仕入高	0.0	0.0	0.0	0.0	0.0	0.0
202607	004090100	20	送料	0.0	0.0	0.0	0.0	0.0	0.0
202607	004090100	21	その他	0.0	0.0	0.0	0.0	0.0	0.0
202607	004090100	22	総生産	0.0	0.0	0.0	0.0	0.0	0.0
202607	004090100	23	社内売	0.0	0.0	0.0	0.0	0.0	0.0
202607	004090100	24	社内仕入	0.0	0.0	0.0	0.0	0.0	0.0
202607	004090100	25	営業口銭	0.0	0.0	0.0		0.0	0.0
202607	004090100	26	総収益	0.0	0.0	0.0	0.0	0.0	0.0
202607	004090100	27	経費合計	543408.0	543408.0	733799.0	0.0	135.0	135.0
202607	004090100	28	種苗費	0.0	0.0	0.0	0.0	0.0	0.0
202607	004090100	29	肥料費	0.0	0.0	0.0	0.0	0.0	0.0
202607	004090100	30	培土費用	0.0	0.0	0.0	0.0	0.0	0.0
202607	004090100	31	農薬衛生費	0.0	0.0	0.0	0.0	0.0	0.0
202607	004090100	32	農具費	0.0	0.0	0.0	0.0	0.0	0.0
202607	004090100	33	諸材料費	0.0	0.0	0.0	0.0	0.0	0.0
202607	004090100	34	その他仕入高	0.0	0.0	0.0	0.0	0.0	0.0
202607	004090100	35	減価償却費	543408.0	543408.0	543407.0	0.0	99.9	99.9
202607	004090100	36	車両費	0.0	0.0	0.0	0.0	0.0	0.0
202607	004090100	37	旅費交通費	0.0	0.0	0.0	0.0	0.0	0.0
202607	004090100	38	荷造運搬費	0.0	0.0	0.0	0.0	0.0	0.0
202607	004090100	39	通信費	0.0	0.0	0.0	0.0	0.0	0.0
202607	004090100	40	水道光熱費	0.0	0.0	0.0	0.0	0.0	0.0
202607	004090100	41	動力費	0.0	0.0	0.0	0.0	0.0	0.0
202607	004090100	42	燃料費	0.0	0.0	0.0	0.0	0.0	0.0
202607	004090100	43	事務用品費	0.0	0.0	0.0	0.0	0.0	0.0
202607	004090100	44	消耗品費	0.0	0.0	0.0	0.0	0.0	0.0
202607	004090100	45	廃棄物処理料	0.0	0.0	0.0	0.0	0.0	0.0
202607	004090100	46	広告宣伝費	0.0	0.0	0.0	0.0	0.0	0.0
202607	004090100	47	接待交際費	0.0	0.0	0.0	0.0	0.0	0.0
202607	004090100	48	研究開発費	0.0	0.0	0.0	0.0	0.0	0.0
202607	004090100	49	クレーム費	0.0	0.0	0.0	0.0	0.0	0.0
202607	004090100	50	賃借料	0.0	0.0	190392.0	0.0	0.0	0.0
202607	004090100	51	賃貸料収入	0.0	0.0	0.0	0.0	0.0	0.0
202607	004090100	52	修繕費	0.0	0.0	0.0	0.0	0.0	0.0
202607	004090100	53	支払リース料	0.0	0.0	0.0	0.0	0.0	0.0
202607	004090100	54	保険料	0.0	0.0	0.0	0.0	0.0	0.0
202607	004090100	55	支払報酬	0.0	0.0	0.0	0.0	0.0	0.0
202607	004090100	56	販売手数料	0.0	0.0	0.0	0.0	0.0	0.0
202607	004090100	57	支払手数料	0.0	0.0	0.0	0.0	0.0	0.0
202607	004090100	58	診断料	0.0	0.0	0.0	0.0	0.0	0.0
202607	004090100	59	諸会費	0.0	0.0	0.0	0.0	0.0	0.0
202607	004090100	60	会議費	0.0	0.0	0.0	0.0	0.0	0.0
202607	004090100	61	寄付金	0.0	0.0	0.0	0.0	0.0	0.0
202607	004090100	62	租税公課	0.0	0.0	0.0	0.0	0.0	0.0
202607	004090100	63	業務委託費	0.0	0.0	0.0	0.0	0.0	0.0
202607	004090100	64	業務受託収入	0.0	0.0	0.0	0.0	0.0	0.0
202607	004090100	65	システム管理料	0.0	0.0	0.0	0.0	0.0	0.0
202607	004090100	66	情報機器利用料	0.0	0.0	0.0	0.0	0.0	0.0
202607	004090100	67	貸倒金	0.0	0.0	0.0	0.0	0.0	0.0
202607	004090100	68	雑費	0.0	0.0	0.0	0.0	0.0	0.0
202607	004090100	69	福利消耗品費	0.0	0.0	0.0	0.0	0.0	0.0
202607	004090100	70	教育研修費	0.0	0.0	0.0	0.0	0.0	0.0
202607	004090100	71	雑給	0.0	0.0	0.0	0.0	0.0	0.0
202607	004090100	72	社内金利（固定資産）	0.0	0.0	0.0	0.0	0.0	0.0
202607	004090100	73	社内金利（売掛金）	0.0	0.0	0.0	0.0	0.0	0.0
202607	004090100	74	部門共通（経費）	0.0	0.0	0.0	0.0	0.0	0.0
202607	004090100	75	全社共通（経費）	0.0	0.0	0.0	0.0	0.0	0.0
202607	004090100	76	グループ共通	0.0	0.0	0.0	0.0	0.0	0.0
202607	004090100	77	差引収益	-543408.0	-543408.0	-733799.0	0.0	0.0	0.0
202607	004090100	78	差引比率	0.0	0.0	0.0		0.0	0.0
202607	004090100	79	総時間	0.0	0.0	0.0		0.0	0.0
202607	004090100	80	定時間	0.0	0.0	0.0		0.0	0.0
202607	004090100	81	残業時間	0.0	0.0	0.0		0.0	0.0
202607	004090100	82	移動時間	0.0	0.0	0.0		0.0	0.0
202607	004090100	83	部門共通（時間）	0.0	0.0	0.0		0.0	0.0
202607	004090100	84	全社共通（時間）	0.0	0.0	0.0		0.0	0.0
202607	004090100	85	当月時間当り	0.0	0.0	0.0		0.0	0.0
202607	004090100	86	人員	0.0	0.0	0.0		0.0	0.0
202607	340A10220	1	総受注高	640000.0	340000.0	-6240.0		0.0	0.0
202607	340A10220	2	許諾料	0.0	0.0	0.0	0.0	0.0	0.0
202607	340A10220	3	穂木	0.0	0.0	0.0	0.0	0.0	0.0
202607	340A10220	4	ﾛｲﾔﾙﾃｨ	0.0	0.0	0.0	0.0	0.0	0.0
202607	340A10220	5	バラ	0.0	0.0	0.0	0.0	0.0	0.0
202607	340A10220	6	通信販売	0.0	0.0	0.0	0.0	0.0	0.0
202607	340A10220	7	セット苗	640000.0	340000.0	-6240.0	0.0	0.0	0.0
202607	340A10220	8	その他	0.0	0.0	0.0	0.0	0.0	0.0
202607	340A10220	9	総売上高	500000.0	500000.0	495122.0		99.0	99.0
202607	340A10220	10	許諾料	0.0	0.0	0.0	0.0	0.0	0.0
202607	340A10220	11	穂木	0.0	0.0	0.0	0.0	0.0	0.0
202607	340A10220	12	ﾛｲﾔﾙﾃｨ	0.0	0.0	0.0	0.0	0.0	0.0
202607	340A10220	13	バラ	0.0	0.0	0.0	0.0	0.0	0.0
202607	340A10220	14	通信販売	0.0	0.0	0.0	0.0	0.0	0.0
202607	340A10220	15	セット苗	500000.0	500000.0	495122.0	100.0	99.0	99.0
202607	340A10220	16	その他	0.0	0.0	0.0	0.0	0.0	0.0
202607	340A10220	17	社外売上	500000.0	500000.0	495122.0		99.0	99.0
202607	340A10220	18	売上原価	160000.0	159000.0	288906.0	58.3	181.7	180.5
202607	340A10220	19	穂木・苗仕入高	160000.0	159000.0	288906.0	58.3	181.7	180.5
202607	340A10220	20	送料	0.0	0.0	0.0	0.0	0.0	0.0
202607	340A10220	21	その他	0.0	0.0	0.0	0.0	0.0	0.0
202607	340A10220	22	総生産	-100000.0	-100000.0	-100000.0	0.0	0.0	0.0
202607	340A10220	23	社内売	0.0	0.0	0.0	0.0	0.0	0.0
202607	340A10220	24	社内仕入	100000.0	100000.0	100000.0	20.1	100.0	100.0
202607	340A10220	25	営業口銭	0.0	0.0	0.0		0.0	0.0
202607	340A10220	26	総収益	240000.0	241000.0	106216.0	21.4	44.0	44.2
202607	340A10220	27	経費合計	1343416.0	1038143.0	984448.0	198.8	94.8	73.2
202607	340A10220	28	種苗費	0.0	0.0	0.0	0.0	0.0	0.0
202607	340A10220	29	肥料費	0.0	0.0	0.0	0.0	0.0	0.0
202607	340A10220	30	培土費用	0.0	0.0	0.0	0.0	0.0	0.0
202607	340A10220	31	農薬衛生費	0.0	0.0	0.0	0.0	0.0	0.0
202607	340A10220	32	農具費	0.0	0.0	0.0	0.0	0.0	0.0
202607	340A10220	33	諸材料費	440000.0	166100.0	163810.0	33.0	98.6	37.2
202607	340A10220	34	その他仕入高	0.0	0.0	0.0	0.0	0.0	0.0
202607	340A10220	35	減価償却費	119557.0	119557.0	119557.0	24.1	100.0	100.0
202607	340A10220	36	車両費	0.0	0.0	0.0	0.0	0.0	0.0
202607	340A10220	37	旅費交通費	150000.0	150000.0	144230.0	29.1	96.1	96.1
202607	340A10220	38	荷造運搬費	30000.0	40000.0	50136.0	10.1	125.3	167.1
202607	340A10220	39	通信費	23137.0	23137.0	22092.0	4.4	95.4	95.4
202607	340A10220	40	水道光熱費	26437.0	26437.0	24900.0	5.0	94.1	94.1
202607	340A10220	41	動力費	0.0	0.0	0.0	0.0	0.0	0.0
202607	340A10220	42	燃料費	0.0	0.0	0.0	0.0	0.0	0.0
202607	340A10220	43	事務用品費	4575.0	4575.0	6562.0	1.3	143.4	143.4
202607	340A10220	44	消耗品費	2000.0	2000.0	4441.0	0.8	222.0	222.0
202607	340A10220	45	廃棄物処理料	7125.0	7125.0	875.0	0.1	12.2	12.2
202607	340A10220	46	広告宣伝費	0.0	0.0	0.0	0.0	0.0	0.0
202607	340A10220	47	接待交際費	20000.0	9000.0	2700.0	0.5	30.0	13.5
202607	340A10220	48	研究開発費	0.0	0.0	0.0	0.0	0.0	0.0
202607	340A10220	49	クレーム費	0.0	0.0	0.0	0.0	0.0	0.0
202607	340A10220	50	賃借料	55159.0	55159.0	55159.0	11.1	100.0	100.0
202607	340A10220	51	賃貸料収入	0.0	0.0	0.0	0.0	0.0	0.0
202607	340A10220	52	修繕費	0.0	0.0	0.0	0.0	0.0	0.0
202607	340A10220	53	支払リース料	0.0	0.0	0.0	0.0	0.0	0.0
202607	340A10220	54	保険料	319.0	319.0	319.0	0.0	100.0	100.0
202607	340A10220	55	支払報酬	0.0	0.0	0.0	0.0	0.0	0.0
202607	340A10220	56	販売手数料	203000.0	203000.0	103039.0	20.8	50.7	50.7
202607	340A10220	57	支払手数料	9231.0	9231.0	12632.0	2.5	136.8	136.8
202607	340A10220	58	診断料	0.0	0.0	0.0	0.0	0.0	0.0
202607	340A10220	59	諸会費	0.0	0.0	0.0	0.0	0.0	0.0
202607	340A10220	60	会議費	0.0	0.0	12000.0	2.4	0.0	0.0
202607	340A10220	61	寄付金	0.0	0.0	0.0	0.0	0.0	0.0
202607	340A10220	62	租税公課	0.0	0.0	0.0	0.0	0.0	0.0
202607	340A10220	63	業務委託費	0.0	0.0	0.0	0.0	0.0	0.0
202607	340A10220	64	業務受託収入	0.0	0.0	0.0	0.0	0.0	0.0
202607	340A10220	65	システム管理料	49500.0	49500.0	44000.0	8.8	88.8	88.8
202607	340A10220	66	情報機器利用料	34824.0	34824.0	51100.0	10.3	146.7	146.7
202607	340A10220	67	貸倒金	0.0	0.0	0.0	0.0	0.0	0.0
202607	340A10220	68	雑費	325.0	0.0	325.0	0.0	0.0	100.0
202607	340A10220	69	福利消耗品費	0.0	0.0	0.0	0.0	0.0	0.0
202607	340A10220	70	教育研修費	0.0	0.0	358.0	0.0	0.0	0.0
202607	340A10220	71	雑給	0.0	0.0	0.0	0.0	0.0	0.0
202607	340A10220	72	社内金利（固定資産）	30996.0	0.0	30996.0	6.2	0.0	100.0
202607	340A10220	73	社内金利（売掛金）	0.0	0.0	0.0	0.0	0.0	0.0
202607	340A10220	74	部門共通（経費）	0.0	0.0	0.0	0.0	0.0	0.0
202607	340A10220	75	全社共通（経費）	105631.0	106579.0	103617.0	20.9	97.2	98.0
202607	340A10220	76	グループ共通	31600.0	31600.0	31600.0	6.3	100.0	100.0
202607	340A10220	77	差引収益	-1103416.0	-797143.0	-878232.0	0.0	0.0	0.0
202607	340A10220	78	差引比率	-275.8	-199.2	-222.2		0.0	0.0
202607	340A10220	79	総時間	398.25	399.5	285.5		71.4	71.6
202607	340A10220	80	定時間	368.0	368.0	262.75		71.3	71.3
202607	340A10220	81	残業時間	12.0	12.0	4.5		37.5	37.5
202607	340A10220	82	移動時間	0.0	0.0	0.0		0.0	0.0
202607	340A10220	83	部門共通（時間）	0.0	0.0	0.0		0.0	0.0
202607	340A10220	84	全社共通（時間）	18.25	19.5	18.25		93.5	100.0
202607	340A10220	85	当月時間当り	-2770.6	-1995.3	-3076.1		0.0	0.0
202607	340A10220	86	人員	2.0	2.0	2.0		100.0	100.0
202607	230E10100	1	総受注高	1582000.0	1670000.0	1763113.0		105.5	111.4
202607	230E10100	2	許諾料	0.0	0.0	0.0	0.0	0.0	0.0
202607	230E10100	3	穂木	0.0	0.0	0.0	0.0	0.0	0.0
202607	230E10100	4	ﾛｲﾔﾙﾃｨ	0.0	0.0	0.0	0.0	0.0	0.0
202607	230E10100	5	バラ	1582000.0	1670000.0	1763113.0	100.0	105.5	111.4
202607	230E10100	6	通信販売	0.0	0.0	0.0	0.0	0.0	0.0
202607	230E10100	7	セット苗	0.0	0.0	0.0	0.0	0.0	0.0
202607	230E10100	8	その他	0.0	0.0	0.0	0.0	0.0	0.0
202607	230E10100	9	総売上高	1582000.0	1670000.0	1763113.0		105.5	111.4
202607	230E10100	10	許諾料	0.0	0.0	0.0	0.0	0.0	0.0
202607	230E10100	11	穂木	0.0	0.0	0.0	0.0	0.0	0.0
202607	230E10100	12	ﾛｲﾔﾙﾃｨ	0.0	0.0	0.0	0.0	0.0	0.0
202607	230E10100	13	バラ	1582000.0	1670000.0	1763113.0	100.0	105.5	111.4
202607	230E10100	14	通信販売	0.0	0.0	0.0	0.0	0.0	0.0
202607	230E10100	15	セット苗	0.0	0.0	0.0	0.0	0.0	0.0
202607	230E10100	16	その他	0.0	0.0	0.0	0.0	0.0	0.0
202607	230E10100	17	社外売上	1582000.0	1670000.0	1763113.0		105.5	111.4
202607	230E10100	18	売上原価	784000.0	824420.0	860141.0	48.7	104.3	109.7
202607	230E10100	19	穂木・苗仕入高	784000.0	824420.0	600931.0	34.0	72.8	76.6
202607	230E10100	20	送料	0.0	0.0	0.0	0.0	0.0	0.0
202607	230E10100	21	その他	0.0	0.0	259210.0	14.7	0.0	0.0
202607	230E10100	22	総生産	0.0	0.0	0.0	0.0	0.0	0.0
202607	230E10100	23	社内売	0.0	0.0	0.0	0.0	0.0	0.0
202607	230E10100	24	社内仕入	0.0	0.0	0.0	0.0	0.0	0.0
202607	230E10100	25	営業口銭	0.0	0.0	0.0		0.0	0.0
202607	230E10100	26	総収益	798000.0	845580.0	902972.0	51.2	106.7	113.1
202607	230E10100	27	経費合計	6412213.0	4616580.0	4156168.0	235.7	90.0	64.8
202607	230E10100	28	種苗費	0.0	16000.0	16000.0	0.9	100.0	0.0
202607	230E10100	29	肥料費	30000.0	42000.0	23646.0	1.3	56.3	78.8
202607	230E10100	30	培土費用	50000.0	15000.0	14025.0	0.7	93.5	28.0
202607	230E10100	31	農薬衛生費	37000.0	36000.0	35212.0	1.9	97.8	95.1
202607	230E10100	32	農具費	2000.0	3256.0	2960.0	0.1	90.9	148.0
202607	230E10100	33	諸材料費	46000.0	40000.0	27218.0	1.5	68.0	59.1
202607	230E10100	34	その他仕入高	0.0	0.0	0.0	0.0	0.0	0.0
202607	230E10100	35	減価償却費	168252.0	168252.0	168252.0	9.5	100.0	100.0
202607	230E10100	36	車両費	54460.0	54460.0	61414.0	3.4	112.7	112.7
202607	230E10100	37	旅費交通費	390000.0	295930.0	111296.0	6.3	37.6	28.5
202607	230E10100	38	荷造運搬費	170000.0	156000.0	142111.0	8.0	91.0	83.5
202607	230E10100	39	通信費	14714.0	27890.0	22585.0	1.2	80.9	153.4
202607	230E10100	40	水道光熱費	65595.0	65595.0	47545.0	2.6	72.4	72.4
202607	230E10100	41	動力費	0.0	0.0	0.0	0.0	0.0	0.0
202607	230E10100	42	燃料費	0.0	0.0	0.0	0.0	0.0	0.0
202607	230E10100	43	事務用品費	5357.0	2000.0	3012.0	0.1	150.6	56.2
202607	230E10100	44	消耗品費	15458.0	10606.0	14709.0	0.8	138.6	95.1
202607	230E10100	45	廃棄物処理料	73327.0	73327.0	4131.0	0.2	5.6	5.6
202607	230E10100	46	広告宣伝費	738000.0	750520.0	710450.0	40.2	94.6	96.2
202607	230E10100	47	接待交際費	10000.0	6000.0	3327.0	0.1	55.4	33.2
202607	230E10100	48	研究開発費	0.0	0.0	0.0	0.0	0.0	0.0
202607	230E10100	49	クレーム費	0.0	0.0	0.0	0.0	0.0	0.0
202607	230E10100	50	賃借料	53500.0	53500.0	53500.0	3.0	100.0	100.0
202607	230E10100	51	賃貸料収入	-10000.0	-10000.0	-10000.0	0.0	0.0	0.0
202607	230E10100	52	修繕費	5000.0	0.0	527.0	0.0	0.0	10.5
202607	230E10100	53	支払リース料	3068.0	3068.0	3068.0	0.1	100.0	100.0
202607	230E10100	54	保険料	706.0	706.0	706.0	0.0	100.0	100.0
202607	230E10100	55	支払報酬	0.0	0.0	0.0	0.0	0.0	0.0
202607	230E10100	56	販売手数料	4153406.0	2472688.0	2337444.0	132.5	94.5	56.2
202607	230E10100	57	支払手数料	-50488.0	-56000.0	-35560.0	0.0	0.0	0.0
202607	230E10100	58	診断料	0.0	0.0	0.0	0.0	0.0	0.0
202607	230E10100	59	諸会費	0.0	0.0	0.0	0.0	0.0	0.0
202607	230E10100	60	会議費	0.0	0.0	0.0	0.0	0.0	0.0
202607	230E10100	61	寄付金	0.0	0.0	0.0	0.0	0.0	0.0
202607	230E10100	62	租税公課	0.0	0.0	0.0	0.0	0.0	0.0
202607	230E10100	63	業務委託費	0.0	0.0	0.0	0.0	0.0	0.0
202607	230E10100	64	業務受託収入	0.0	0.0	0.0	0.0	0.0	0.0
202607	230E10100	65	システム管理料	0.0	0.0	0.0	0.0	0.0	0.0
202607	230E10100	66	情報機器利用料	67803.0	67800.0	75400.0	4.2	111.2	111.2
202607	230E10100	67	貸倒金	0.0	0.0	0.0	0.0	0.0	0.0
202607	230E10100	68	雑費	1000.0	1535.0	9163.0	0.5	596.9	916.3
202607	230E10100	69	福利消耗品費	0.0	497.0	0.0	0.0	0.0	0.0
202607	230E10100	70	教育研修費	0.0	0.0	0.0	0.0	0.0	0.0
202607	230E10100	71	雑給	0.0	0.0	0.0	0.0	0.0	0.0
202607	230E10100	72	社内金利（固定資産）	43392.0	43392.0	43392.0	2.4	100.0	100.0
202607	230E10100	73	社内金利（売掛金）	0.0	0.0	0.0	0.0	0.0	0.0
202607	230E10100	74	部門共通（経費）	0.0	0.0	0.0	0.0	0.0	0.0
202607	230E10100	75	全社共通（経費）	211263.0	213158.0	207235.0	11.7	97.2	98.0
202607	230E10100	76	グループ共通	63400.0	63400.0	63400.0	3.5	100.0	100.0
202607	230E10100	77	差引収益	-5614213.0	-3771000.0	-3253196.0	0.0	0.0	0.0
202607	230E10100	78	差引比率	-354.8	-225.8	-184.5		0.0	0.0
202607	230E10100	79	総時間	795.75	798.0	787.25		98.6	98.9
202607	230E10100	80	定時間	704.0	704.0	696.0		98.8	98.8
202607	230E10100	81	残業時間	17.0	17.0	14.75		86.7	86.7
202607	230E10100	82	移動時間	38.0	38.0	40.0		105.2	105.2
202607	230E10100	83	部門共通（時間）	0.0	0.0	0.0		0.0	0.0
202607	230E10100	84	全社共通（時間）	36.75	39.0	36.5		93.5	99.3
202607	230E10100	85	当月時間当り	-7055.2	-4725.5	-4132.3		0.0	0.0
202607	230E10100	86	人員	4.0	4.0	4.0		100.0	100.0
202607	340B50200	1	総受注高	0.0	0.0	0.0		0.0	0.0
202607	340B50200	2	許諾料	0.0	0.0	0.0	0.0	0.0	0.0
202607	340B50200	3	穂木	0.0	0.0	0.0	0.0	0.0	0.0
202607	340B50200	4	ﾛｲﾔﾙﾃｨ	0.0	0.0	0.0	0.0	0.0	0.0
202607	340B50200	5	バラ	0.0	0.0	0.0	0.0	0.0	0.0
202607	340B50200	6	通信販売	0.0	0.0	0.0	0.0	0.0	0.0
202607	340B50200	7	セット苗	0.0	0.0	0.0	0.0	0.0	0.0
202607	340B50200	8	その他	0.0	0.0	0.0	0.0	0.0	0.0
202607	340B50200	9	総売上高	0.0	0.0	0.0		0.0	0.0
202607	340B50200	10	許諾料	0.0	0.0	0.0	0.0	0.0	0.0
202607	340B50200	11	穂木	0.0	0.0	0.0	0.0	0.0	0.0
202607	340B50200	12	ﾛｲﾔﾙﾃｨ	0.0	0.0	0.0	0.0	0.0	0.0
202607	340B50200	13	バラ	0.0	0.0	0.0	0.0	0.0	0.0
202607	340B50200	14	通信販売	0.0	0.0	0.0	0.0	0.0	0.0
202607	340B50200	15	セット苗	0.0	0.0	0.0	0.0	0.0	0.0
202607	340B50200	16	その他	0.0	0.0	0.0	0.0	0.0	0.0
202607	340B50200	17	社外売上	9567310.0	9306020.0	9596647.0		103.1	100.3
202607	340B50200	18	売上原価	0.0	0.0	0.0	0.0	0.0	0.0
202607	340B50200	19	穂木・苗仕入高	0.0	0.0	0.0	0.0	0.0	0.0
202607	340B50200	20	送料	0.0	0.0	0.0	0.0	0.0	0.0
202607	340B50200	21	その他	0.0	0.0	0.0	0.0	0.0	0.0
202607	340B50200	22	総生産	0.0	0.0	0.0	0.0	0.0	0.0
202607	340B50200	23	社内売	0.0	0.0	0.0	0.0	0.0	0.0
202607	340B50200	24	社内仕入	0.0	0.0	0.0	0.0	0.0	0.0
202607	340B50200	25	営業口銭	-3348559.0	-3257107.0	-3357818.0		0.0	0.0
202607	340B50200	26	総収益	6218751.0	6048913.0	6238829.0	0.0	103.1	100.3
202607	340B50200	27	経費合計	1370230.0	1544238.0	1042201.0	0.0	67.4	76.0
202607	340B50200	28	種苗費	0.0	0.0	0.0	0.0	0.0	0.0
202607	340B50200	29	肥料費	0.0	0.0	0.0	0.0	0.0	0.0
202607	340B50200	30	培土費用	0.0	0.0	0.0	0.0	0.0	0.0
202607	340B50200	31	農薬衛生費	0.0	0.0	0.0	0.0	0.0	0.0
202607	340B50200	32	農具費	0.0	0.0	0.0	0.0	0.0	0.0
202607	340B50200	33	諸材料費	0.0	0.0	5400.0	0.0	0.0	0.0
202607	340B50200	34	その他仕入高	0.0	0.0	0.0	0.0	0.0	0.0
202607	340B50200	35	減価償却費	7727.0	7727.0	7727.0	0.0	100.0	100.0
202607	340B50200	36	車両費	83700.0	83700.0	63527.0	0.0	75.8	75.8
202607	340B50200	37	旅費交通費	100000.0	170000.0	256135.0	0.0	150.6	256.1
202607	340B50200	38	荷造運搬費	0.0	0.0	1500.0	0.0	0.0	0.0
202607	340B50200	39	通信費	12785.0	12785.0	14328.0	0.0	112.0	112.0
202607	340B50200	40	水道光熱費	27881.0	27881.0	21850.0	0.0	78.3	78.3
202607	340B50200	41	動力費	0.0	0.0	0.0	0.0	0.0	0.0
202607	340B50200	42	燃料費	0.0	0.0	0.0	0.0	0.0	0.0
202607	340B50200	43	事務用品費	9370.0	9370.0	3231.0	0.0	34.4	34.4
202607	340B50200	44	消耗品費	12509.0	12509.0	14127.0	0.0	112.9	112.9
202607	340B50200	45	廃棄物処理料	19303.0	19303.0	21594.0	0.0	111.8	111.8
202607	340B50200	46	広告宣伝費	0.0	0.0	0.0	0.0	0.0	0.0
202607	340B50200	47	接待交際費	0.0	0.0	0.0	0.0	0.0	0.0
202607	340B50200	48	研究開発費	454546.0	454546.0	0.0	0.0	0.0	0.0
202607	340B50200	49	クレーム費	0.0	0.0	0.0	0.0	0.0	0.0
202607	340B50200	50	賃借料	87517.0	87517.0	23790.0	0.0	27.1	27.1
202607	340B50200	51	賃貸料収入	-10000.0	-10000.0	-10000.0	0.0	0.0	0.0
202607	340B50200	52	修繕費	0.0	0.0	0.0	0.0	0.0	0.0
202607	340B50200	53	支払リース料	766.0	766.0	766.0	0.0	100.0	100.0
202607	340B50200	54	保険料	12285.0	12285.0	285.0	0.0	2.3	2.3
202607	340B50200	55	支払報酬	0.0	0.0	0.0	0.0	0.0	0.0
202607	340B50200	56	販売手数料	0.0	0.0	0.0	0.0	0.0	0.0
202607	340B50200	57	支払手数料	3268.0	3268.0	34088.0	0.0		
202607	340B50200	58	診断料	0.0	0.0	0.0	0.0	0.0	0.0
202607	340B50200	59	諸会費	0.0	0.0	0.0	0.0	0.0	0.0
202607	340B50200	60	会議費	0.0	0.0	0.0	0.0	0.0	0.0
202607	340B50200	61	寄付金	0.0	0.0	0.0	0.0	0.0	0.0
202607	340B50200	62	租税公課	0.0	0.0	4500.0	0.0	0.0	0.0
202607	340B50200	63	業務委託費	0.0	0.0	0.0	0.0	0.0	0.0
202607	340B50200	64	業務受託収入	0.0	0.0	0.0	0.0	0.0	0.0
202607	340B50200	65	システム管理料	0.0	0.0	0.0	0.0	0.0	0.0
202607	340B50200	66	情報機器利用料	81800.0	81800.0	123100.0	0.0	150.4	150.4
202607	340B50200	67	貸倒金	0.0	0.0	0.0	0.0	0.0	0.0
202607	340B50200	68	雑費	4196.0	4196.0	5659.0	0.0	134.8	134.8
202607	340B50200	69	福利消耗品費	1200.0	4710.0	0.0	0.0	0.0	0.0
202607	340B50200	70	教育研修費	0.0	0.0	0.0	0.0	0.0	0.0
202607	340B50200	71	雑給	0.0	0.0	0.0	0.0	0.0	0.0
202607	340B50200	72	社内金利（固定資産）	3797.0	3797.0	3797.0	0.0	100.0	100.0
202607	340B50200	73	社内金利（売掛金）	0.0	0.0	0.0	0.0	0.0	0.0
202607	340B50200	74	部門共通（経費）	61485.0	159140.0	56744.0	0.0	35.6	92.2
202607	340B50200	75	全社共通（経費）	316895.0	319738.0	310853.0	0.0	97.2	98.0
202607	340B50200	76	グループ共通	79200.0	79200.0	79200.0	0.0	100.0	100.0
202607	340B50200	77	差引収益	4848521.0	4504675.0	5196628.0	0.0	115.3	107.1
202607	340B50200	78	差引比率	0.0	0.0	0.0		0.0	0.0
202607	340B50200	79	総時間	657.5	684.25	974.75		142.4	148.2
202607	340B50200	80	定時間	705.0	705.0	979.5		138.9	138.9
202607	340B50200	81	残業時間	27.0	27.0	34.25		126.8	126.8
202607	340B50200	82	移動時間	-166.0	-166.0	-150.75		0.0	0.0
202607	340B50200	83	部門共通（時間）	36.25	59.5	57.0		95.7	157.2
202607	340B50200	84	全社共通（時間）	55.25	58.75	54.75		93.1	99.0
202607	340B50200	85	当月時間当り	7374.1	6583.3	5331.2		80.9	72.2
202607	340B50200	86	人員	6.0	3.0	6.0		200.0	100.0
202607	340B50610	1	総受注高	0.0	0.0	0.0		0.0	0.0
202607	340B50610	2	許諾料	0.0	0.0	0.0	0.0	0.0	0.0
202607	340B50610	3	穂木	0.0	0.0	0.0	0.0	0.0	0.0
202607	340B50610	4	ﾛｲﾔﾙﾃｨ	0.0	0.0	0.0	0.0	0.0	0.0
202607	340B50610	5	バラ	0.0	0.0	0.0	0.0	0.0	0.0
202607	340B50610	6	通信販売	0.0	0.0	0.0	0.0	0.0	0.0
202607	340B50610	7	セット苗	0.0	0.0	0.0	0.0	0.0	0.0
202607	340B50610	8	その他	0.0	0.0	0.0	0.0	0.0	0.0
202607	340B50610	9	総売上高	0.0	0.0	0.0		0.0	0.0
202607	340B50610	10	許諾料	0.0	0.0	0.0	0.0	0.0	0.0
202607	340B50610	11	穂木	0.0	0.0	0.0	0.0	0.0	0.0
202607	340B50610	12	ﾛｲﾔﾙﾃｨ	0.0	0.0	0.0	0.0	0.0	0.0
202607	340B50610	13	バラ	0.0	0.0	0.0	0.0	0.0	0.0
202607	340B50610	14	通信販売	0.0	0.0	0.0	0.0	0.0	0.0
202607	340B50610	15	セット苗	0.0	0.0	0.0	0.0	0.0	0.0
202607	340B50610	16	その他	0.0	0.0	0.0	0.0	0.0	0.0
202607	340B50610	17	社外売上	28720313.0	27935938.0	28814247.0		103.1	100.3
202607	340B50610	18	売上原価	0.0	0.0	0.0	0.0	0.0	0.0
202607	340B50610	19	穂木・苗仕入高	0.0	0.0	0.0	0.0	0.0	0.0
202607	340B50610	20	送料	0.0	0.0	0.0	0.0	0.0	0.0
202607	340B50610	21	その他	0.0	0.0	0.0	0.0	0.0	0.0
202607	340B50610	22	総生産	0.0	0.0	0.0	0.0	0.0	0.0
202607	340B50610	23	社内売	0.0	0.0	0.0	0.0	0.0	0.0
202607	340B50610	24	社内仕入	0.0	0.0	0.0	0.0	0.0	0.0
202607	340B50610	25	営業口銭	-10052110.0	-9777578.0	-10083974.0		0.0	0.0
202607	340B50610	26	総収益	18668203.0	18158360.0	18730273.0	0.0	103.1	100.3
202607	340B50610	27	経費合計	1682623.0	1673382.0	1629557.0	0.0	97.3	96.8
202607	340B50610	28	種苗費	0.0	0.0	0.0	0.0	0.0	0.0
202607	340B50610	29	肥料費	0.0	0.0	0.0	0.0	0.0	0.0
202607	340B50610	30	培土費用	0.0	0.0	0.0	0.0	0.0	0.0
202607	340B50610	31	農薬衛生費	62445.0	56664.0	56659.0	0.0	99.9	90.7
202607	340B50610	32	農具費	0.0	0.0	0.0	0.0	0.0	0.0
202607	340B50610	33	諸材料費	220000.0	198800.0	199600.0	0.0	100.4	90.7
202607	340B50610	34	その他仕入高	0.0	0.0	0.0	0.0	0.0	0.0
202607	340B50610	35	減価償却費	176501.0	176501.0	176501.0	0.0	100.0	100.0
202607	340B50610	36	車両費	135000.0	127748.0	145475.0	0.0	113.8	107.7
202607	340B50610	37	旅費交通費	0.0	0.0	0.0	0.0	0.0	0.0
202607	340B50610	38	荷造運搬費	0.0	0.0	0.0	0.0	0.0	0.0
202607	340B50610	39	通信費	11661.0	11661.0	13130.0	0.0	112.5	112.5
202607	340B50610	40	水道光熱費	129082.0	129082.0	171105.0	0.0	132.5	132.5
202607	340B50610	41	動力費	0.0	0.0	0.0	0.0	0.0	0.0
202607	340B50610	42	燃料費	0.0	0.0	0.0	0.0	0.0	0.0
202607	340B50610	43	事務用品費	5297.0	5297.0	3472.0	0.0	65.5	65.5
202607	340B50610	44	消耗品費	18508.0	18508.0	18378.0	0.0	99.2	99.2
202607	340B50610	45	廃棄物処理料	1362.0	1362.0	28796.0	0.0		
202607	340B50610	46	広告宣伝費	0.0	0.0	0.0	0.0	0.0	0.0
202607	340B50610	47	接待交際費	0.0	0.0	0.0	0.0	0.0	0.0
202607	340B50610	48	研究開発費	0.0	0.0	0.0	0.0	0.0	0.0
202607	340B50610	49	クレーム費	0.0	0.0	0.0	0.0	0.0	0.0
202607	340B50610	50	賃借料	33316.0	33316.0	33316.0	0.0	100.0	100.0
202607	340B50610	51	賃貸料収入	0.0	0.0	0.0	0.0	0.0	0.0
202607	340B50610	52	修繕費	0.0	0.0	0.0	0.0	0.0	0.0
202607	340B50610	53	支払リース料	0.0	0.0	0.0	0.0	0.0	0.0
202607	340B50610	54	保険料	154.0	154.0	154.0	0.0	100.0	100.0
202607	340B50610	55	支払報酬	0.0	0.0	0.0	0.0	0.0	0.0
202607	340B50610	56	販売手数料	0.0	0.0	0.0	0.0	0.0	0.0
202607	340B50610	57	支払手数料	2648.0	2648.0	2648.0	0.0	100.0	100.0
202607	340B50610	58	診断料	0.0	0.0	0.0	0.0	0.0	0.0
202607	340B50610	59	諸会費	0.0	0.0	3078.0	0.0	0.0	0.0
202607	340B50610	60	会議費	0.0	0.0	0.0	0.0	0.0	0.0
202607	340B50610	61	寄付金	0.0	0.0	0.0	0.0	0.0	0.0
202607	340B50610	62	租税公課	0.0	0.0	0.0	0.0	0.0	0.0
202607	340B50610	63	業務委託費	0.0	0.0	0.0	0.0	0.0	0.0
202607	340B50610	64	業務受託収入	0.0	0.0	0.0	0.0	0.0	0.0
202607	340B50610	65	システム管理料	100000.0	100000.0	90000.0	0.0	90.0	90.0
202607	340B50610	66	情報機器利用料	88400.0	88400.0	88400.0	0.0	100.0	100.0
202607	340B50610	67	貸倒金	0.0	0.0	0.0	0.0	0.0	0.0
202607	340B50610	68	雑費	5877.0	5877.0	4719.0	0.0	80.2	80.2
202607	340B50610	69	福利消耗品費	0.0	0.0	6580.0	0.0	0.0	0.0
202607	340B50610	70	教育研修費	0.0	0.0	0.0	0.0	0.0	0.0
202607	340B50610	71	雑給	0.0	0.0	0.0	0.0	0.0	0.0
202607	340B50610	72	社内金利（固定資産）	48242.0	48242.0	48242.0	0.0	100.0	100.0
202607	340B50610	73	社内金利（売掛金）	0.0	0.0	0.0	0.0	0.0	0.0
202607	340B50610	74	部門共通（経費）	163983.0	185662.0	66199.0	0.0	35.6	40.3
202607	340B50610	75	全社共通（経費）	369347.0	372660.0	362305.0	0.0	97.2	98.0
202607	340B50610	76	グループ共通	110800.0	110800.0	110800.0	0.0	100.0	100.0
202607	340B50610	77	差引収益	16985580.0	16484978.0	17100716.0	0.0	103.7	100.6
202607	340B50610	78	差引比率	0.0	0.0	0.0		0.0	0.0
202607	340B50610	79	総時間	1282.75	1200.0	1141.75		95.1	89.0
202607	340B50610	80	定時間	1076.0	1018.0	991.25		97.3	92.1
202607	340B50610	81	残業時間	45.0	45.0	20.75		46.1	46.1
202607	340B50610	82	移動時間	0.0	0.0	0.0		0.0	0.0
202607	340B50610	83	部門共通（時間）	97.25	68.5	66.0		96.3	67.8
202607	340B50610	84	全社共通（時間）	64.5	68.5	63.75		93.0	98.8
202607	340B50610	85	当月時間当り	13241.5	13737.4	14977.6		109.0	113.1
202607	340B50610	86	人員	6.0	6.0	6.0		100.0	100.0
202607	340A10210	1	総受注高	133856350.0	131136350.0	250870638.0		191.3	187.4
202607	340A10210	2	許諾料	1000000.0	1000000.0	760000.0	0.3	76.0	76.0
202607	340A10210	3	穂木	43875000.0	43875000.0	158118825.0	63.0	360.3	360.3
202607	340A10210	4	ﾛｲﾔﾙﾃｨ	84840000.0	82290000.0	81174064.0	32.3	98.6	95.6
202607	340A10210	5	バラ	0.0	0.0	0.0	0.0	0.0	0.0
202607	340A10210	6	通信販売	0.0	0.0	0.0	0.0	0.0	0.0
202607	340A10210	7	セット苗	0.0	0.0	0.0	0.0	0.0	0.0
202607	340A10210	8	その他	4141350.0	3971350.0	10817749.0	4.3	272.3	261.2
202607	340A10210	9	総売上高	131756350.0	128241350.0	127344796.0		99.3	96.6
202607	340A10210	10	許諾料	1550000.0	4480000.0	1700000.0	1.3	37.9	109.6
202607	340A10210	11	穂木	41225000.0	37500000.0	40158825.0	31.5	107.0	97.4
202607	340A10210	12	ﾛｲﾔﾙﾃｨ	84840000.0	82290000.0	81174064.0	63.7	98.6	95.6
202607	340A10210	13	バラ	0.0	0.0	0.0	0.0	0.0	0.0
202607	340A10210	14	通信販売	0.0	0.0	0.0	0.0	0.0	0.0
202607	340A10210	15	セット苗	0.0	0.0	0.0	0.0	0.0	0.0
202607	340A10210	16	その他	4141350.0	3971350.0	4311907.0	3.3	108.5	104.1
202607	340A10210	17	社外売上	4141350.0	3971350.0	4311907.0		108.5	104.1
202607	340A10210	18	売上原価	1400000.0	1150000.0	1538675.0	1.2	133.7	109.9
202607	340A10210	19	穂木・苗仕入高	0.0	0.0	0.0	0.0	0.0	0.0
202607	340A10210	20	送料	0.0	0.0	0.0	0.0	0.0	0.0
202607	340A10210	21	その他	1400000.0	1150000.0	1538675.0	1.2	133.7	109.9
202607	340A10210	22	総生産	0.0	0.0	0.0	0.0	0.0	0.0
202607	340A10210	23	社内売	0.0	0.0	0.0	0.0	0.0	0.0
202607	340A10210	24	社内仕入	0.0	0.0	0.0	0.0	0.0	0.0
202607	340A10210	25	営業口銭	30983500.0	30319500.0	29747117.0		98.1	96.0
202607	340A10210	26	総収益	33724850.0	33140850.0	32520349.0	25.5	98.1	96.4
202607	340A10210	27	経費合計	7754924.0	9245928.0	9202432.0	7.2	99.5	118.6
202607	340A10210	28	種苗費	0.0	0.0	0.0	0.0	0.0	0.0
202607	340A10210	29	肥料費	0.0	0.0	0.0	0.0	0.0	0.0
202607	340A10210	30	培土費用	0.0	0.0	0.0	0.0	0.0	0.0
202607	340A10210	31	農薬衛生費	0.0	0.0	0.0	0.0	0.0	0.0
202607	340A10210	32	農具費	0.0	0.0	0.0	0.0	0.0	0.0
202607	340A10210	33	諸材料費	0.0	0.0	0.0	0.0	0.0	0.0
202607	340A10210	34	その他仕入高	0.0	0.0	0.0	0.0	0.0	0.0
202607	340A10210	35	減価償却費	9136.0	9136.0	9808.0	0.0	107.3	107.3
202607	340A10210	36	車両費	498994.0	525987.0	480324.0	0.3	91.3	96.2
202607	340A10210	37	旅費交通費	938419.0	1303657.0	1073750.0	0.8	82.3	114.4
202607	340A10210	38	荷造運搬費	2336350.0	2340169.0	1827695.0	1.4	78.1	78.2
202607	340A10210	39	通信費	255908.0	247180.0	242377.0	0.1	98.0	94.7
202607	340A10210	40	水道光熱費	74747.0	74591.0	63113.0	0.0	84.6	84.4
202607	340A10210	41	動力費	0.0	0.0	0.0	0.0	0.0	0.0
202607	340A10210	42	燃料費	0.0	0.0	0.0	0.0	0.0	0.0
202607	340A10210	43	事務用品費	11353.0	57100.0	61641.0	0.0	107.9	542.9
202607	340A10210	44	消耗品費	15654.0	10465.0	15522.0	0.0	148.3	99.1
202607	340A10210	45	廃棄物処理料	47544.0	47544.0	7485.0	0.0	15.7	15.7
202607	340A10210	46	広告宣伝費	1038000.0	266000.0	384830.0	0.3	144.6	37.0
202607	340A10210	47	接待交際費	150000.0	179000.0	95025.0	0.0	53.0	63.3
202607	340A10210	48	研究開発費	0.0	0.0	0.0	0.0	0.0	0.0
202607	340A10210	49	クレーム費	0.0	0.0	0.0	0.0	0.0	0.0
202607	340A10210	50	賃借料	176492.0	87492.0	176492.0	0.1	201.7	100.0
202607	340A10210	51	賃貸料収入	0.0	0.0	0.0	0.0	0.0	0.0
202607	340A10210	52	修繕費	0.0	0.0	0.0	0.0	0.0	0.0
202607	340A10210	53	支払リース料	1533.0	1533.0	1533.0	0.0	100.0	100.0
202607	340A10210	54	保険料	852.0	852.0	-3434.0	0.0	0.0	0.0
202607	340A10210	55	支払報酬	0.0	0.0	0.0	0.0	0.0	0.0
202607	340A10210	56	販売手数料	0.0	0.0	4734.0	0.0	0.0	0.0
202607	340A10210	57	支払手数料	34022.0	34022.0	23448.0	0.0	68.9	68.9
202607	340A10210	58	診断料	0.0	0.0	0.0	0.0	0.0	0.0
202607	340A10210	59	諸会費	80000.0	80000.0	30000.0	0.0	37.5	37.5
202607	340A10210	60	会議費	0.0	0.0	0.0	0.0	0.0	0.0
202607	340A10210	61	寄付金	0.0	0.0	0.0	0.0	0.0	0.0
202607	340A10210	62	租税公課	0.0	0.0	0.0	0.0	0.0	0.0
202607	340A10210	63	業務委託費	1144119.0	1144119.0	1672474.0	1.3	146.1	146.1
202607	340A10210	64	業務受託収入	0.0	0.0	0.0	0.0	0.0	0.0
202607	340A10210	65	システム管理料	4800.0	4800.0	4800.0	0.0	100.0	100.0
202607	340A10210	66	情報機器利用料	142160.0	186450.0	188500.0	0.1	101.0	132.5
202607	340A10210	67	貸倒金	0.0	1816752.0	1994856.0	1.5	109.8	0.0
202607	340A10210	68	雑費	1325.0	1136.0	5740.0	0.0	505.2	433.2
202607	340A10210	69	福利消耗品費	0.0	22095.0	0.0	0.0	0.0	0.0
202607	340A10210	70	教育研修費	862.0	862.0	538.0	0.0	62.4	62.4
202607	340A10210	71	雑給	0.0	0.0	0.0	0.0	0.0	0.0
202607	340A10210	72	社内金利（固定資産）	6285.0	6285.0	7470.0	0.0	118.8	118.8
202607	340A10210	73	社内金利（売掛金）	100000.0	100000.0	157413.0	0.1	157.4	157.4
202607	340A10210	74	部門共通（経費）	0.0	0.0	0.0	0.0	0.0	0.0
202607	340A10210	75	全社共通（経費）	528169.0	532901.0	518098.0	0.4	97.2	98.0
202607	340A10210	76	グループ共通	158200.0	165800.0	158200.0	0.1	95.4	100.0
202607	340A10210	77	差引収益	25969926.0	23894922.0	23317917.0	18.3	97.5	89.7
202607	340A10210	78	差引比率	19.7	18.6	18.3		98.3	92.8
202607	340A10210	79	総時間	2128.0	2057.25	2078.0		101.0	97.6
202607	340A10210	80	定時間	1840.0	1776.0	1795.0		101.0	97.5
202607	340A10210	81	残業時間	172.0	160.0	192.5		120.3	111.9
202607	340A10210	82	移動時間	22.0	22.0	-1.5		0.0	0.0
202607	340A10210	83	部門共通（時間）	0.0	0.0	0.0		0.0	0.0
202607	340A10210	84	全社共通（時間）	94.0	99.25	92.0		92.6	97.8
202607	340A10210	85	当月時間当り	12203.9	11614.9	11221.3		96.6	91.9
202607	340A10210	86	人員	10.0	10.0	10.0		100.0	100.0
202607	340A10200	1	総受注高	134496350.0	131476350.0	250864398.0		190.8	186.5
202607	340A10200	2	許諾料	1000000.0	1000000.0	760000.0	0.3	76.0	76.0
202607	340A10200	3	穂木	43875000.0	43875000.0	158118825.0	63.0	360.3	360.3
202607	340A10200	4	ﾛｲﾔﾙﾃｨ	84840000.0	82290000.0	81174064.0	32.3	98.6	95.6
202607	340A10200	5	バラ	0.0	0.0	0.0	0.0	0.0	0.0
202607	340A10200	6	通信販売	0.0	0.0	0.0	0.0	0.0	0.0
202607	340A10200	7	セット苗	640000.0	340000.0	-6240.0	0.0	0.0	0.0
202607	340A10200	8	その他	4141350.0	3971350.0	10817749.0	4.3	272.3	261.2
202607	340A10200	9	総売上高	132256350.0	128741350.0	127839918.0		99.2	96.6
202607	340A10200	10	許諾料	1550000.0	4480000.0	1700000.0	1.3	37.9	109.6
202607	340A10200	11	穂木	41225000.0	37500000.0	40158825.0	31.4	107.0	97.4
202607	340A10200	12	ﾛｲﾔﾙﾃｨ	84840000.0	82290000.0	81174064.0	63.4	98.6	95.6
202607	340A10200	13	バラ	0.0	0.0	0.0	0.0	0.0	0.0
202607	340A10200	14	通信販売	0.0	0.0	0.0	0.0	0.0	0.0
202607	340A10200	15	セット苗	500000.0	500000.0	495122.0	0.3	99.0	99.0
202607	340A10200	16	その他	4141350.0	3971350.0	4311907.0	3.3	108.5	104.1
202607	340A10200	17	社外売上	4641350.0	4471350.0	4807029.0		107.5	103.5
202607	340A10200	18	売上原価	1560000.0	1309000.0	1827581.0	1.4	139.6	117.1
202607	340A10200	19	穂木・苗仕入高	160000.0	159000.0	288906.0	0.2	181.7	180.5
202607	340A10200	20	送料	0.0	0.0	0.0	0.0	0.0	0.0
202607	340A10200	21	その他	1400000.0	1150000.0	1538675.0	1.2	133.7	109.9
202607	340A10200	22	総生産	-100000.0	-100000.0	-100000.0	0.0	0.0	0.0
202607	340A10200	23	社内売	0.0	0.0	0.0	0.0	0.0	0.0
202607	340A10200	24	社内仕入	100000.0	100000.0	100000.0	0.0	100.0	100.0
202607	340A10200	25	営業口銭	30983500.0	30319500.0	29747117.0		98.1	96.0
202607	340A10200	26	総収益	33964850.0	33381850.0	32626565.0	25.5	97.7	96.0
202607	340A10200	27	経費合計	9098340.0	10284071.0	10186880.0	7.9	99.0	111.9
202607	340A10200	28	種苗費	0.0	0.0	0.0	0.0	0.0	0.0
202607	340A10200	29	肥料費	0.0	0.0	0.0	0.0	0.0	0.0
202607	340A10200	30	培土費用	0.0	0.0	0.0	0.0	0.0	0.0
202607	340A10200	31	農薬衛生費	0.0	0.0	0.0	0.0	0.0	0.0
202607	340A10200	32	農具費	0.0	0.0	0.0	0.0	0.0	0.0
202607	340A10200	33	諸材料費	440000.0	166100.0	163810.0	0.1	98.6	37.2
202607	340A10200	34	その他仕入高	0.0	0.0	0.0	0.0	0.0	0.0
202607	340A10200	35	減価償却費	128693.0	128693.0	129365.0	0.1	100.5	100.5
202607	340A10200	36	車両費	498994.0	525987.0	480324.0	0.3	91.3	96.2
202607	340A10200	37	旅費交通費	1088419.0	1453657.0	1217980.0	0.9	83.7	111.9
202607	340A10200	38	荷造運搬費	2366350.0	2380169.0	1877831.0	1.4	78.8	79.3
202607	340A10200	39	通信費	279045.0	270317.0	264469.0	0.2	97.8	94.7
202607	340A10200	40	水道光熱費	101184.0	101028.0	88013.0	0.0	87.1	86.9
202607	340A10200	41	動力費	0.0	0.0	0.0	0.0	0.0	0.0
202607	340A10200	42	燃料費	0.0	0.0	0.0	0.0	0.0	0.0
202607	340A10200	43	事務用品費	15928.0	61675.0	68203.0	0.0	110.5	428.1
202607	340A10200	44	消耗品費	17654.0	12465.0	19963.0	0.0	160.1	113.0
202607	340A10200	45	廃棄物処理料	54669.0	54669.0	8360.0	0.0	15.2	15.2
202607	340A10200	46	広告宣伝費	1038000.0	266000.0	384830.0	0.3	144.6	37.0
202607	340A10200	47	接待交際費	170000.0	188000.0	97725.0	0.0	51.9	57.4
202607	340A10200	48	研究開発費	0.0	0.0	0.0	0.0	0.0	0.0
202607	340A10200	49	クレーム費	0.0	0.0	0.0	0.0	0.0	0.0
202607	340A10200	50	賃借料	231651.0	142651.0	231651.0	0.1	162.3	100.0
202607	340A10200	51	賃貸料収入	0.0	0.0	0.0	0.0	0.0	0.0
202607	340A10200	52	修繕費	0.0	0.0	0.0	0.0	0.0	0.0
202607	340A10200	53	支払リース料	1533.0	1533.0	1533.0	0.0	100.0	100.0
202607	340A10200	54	保険料	1171.0	1171.0	-3115.0	0.0	0.0	0.0
202607	340A10200	55	支払報酬	0.0	0.0	0.0	0.0	0.0	0.0
202607	340A10200	56	販売手数料	203000.0	203000.0	107773.0	0.0	53.0	53.0
202607	340A10200	57	支払手数料	43253.0	43253.0	36080.0	0.0	83.4	83.4
202607	340A10200	58	診断料	0.0	0.0	0.0	0.0	0.0	0.0
202607	340A10200	59	諸会費	80000.0	80000.0	30000.0	0.0	37.5	37.5
202607	340A10200	60	会議費	0.0	0.0	12000.0	0.0	0.0	0.0
202607	340A10200	61	寄付金	0.0	0.0	0.0	0.0	0.0	0.0
202607	340A10200	62	租税公課	0.0	0.0	0.0	0.0	0.0	0.0
202607	340A10200	63	業務委託費	1144119.0	1144119.0	1672474.0	1.3	146.1	146.1
202607	340A10200	64	業務受託収入	0.0	0.0	0.0	0.0	0.0	0.0
202607	340A10200	65	システム管理料	54300.0	54300.0	48800.0	0.0	89.8	89.8
202607	340A10200	66	情報機器利用料	176984.0	221274.0	239600.0	0.1	108.2	135.3
202607	340A10200	67	貸倒金	0.0	1816752.0	1994856.0	1.5	109.8	0.0
202607	340A10200	68	雑費	1650.0	1136.0	6065.0	0.0	533.8	367.5
202607	340A10200	69	福利消耗品費	0.0	22095.0	0.0	0.0	0.0	0.0
202607	340A10200	70	教育研修費	862.0	862.0	896.0	0.0	103.9	103.9
202607	340A10200	71	雑給	0.0	0.0	0.0	0.0	0.0	0.0
202607	340A10200	72	社内金利（固定資産）	37281.0	6285.0	38466.0	0.0	612.0	103.1
202607	340A10200	73	社内金利（売掛金）	100000.0	100000.0	157413.0	0.1	157.4	157.4
202607	340A10200	74	部門共通（経費）	0.0	0.0	0.0	0.0	0.0	0.0
202607	340A10200	75	全社共通（経費）	633800.0	639480.0	621715.0	0.4	97.2	98.0
202607	340A10200	76	グループ共通	189800.0	197400.0	189800.0	0.1	96.1	100.0
202607	340A10200	77	差引収益	24866510.0	23097779.0	22439685.0	17.5	97.1	90.2
202607	340A10200	78	差引比率	18.8	17.9	17.5		97.7	93.0
202607	340A10200	79	総時間	2526.25	2456.75	2363.5		96.2	93.5
202607	340A10200	80	定時間	2208.0	2144.0	2057.75		95.9	93.1
202607	340A10200	81	残業時間	184.0	172.0	197.0		114.5	107.0
202607	340A10200	82	移動時間	22.0	22.0	-1.5		0.0	0.0
202607	340A10200	83	部門共通（時間）	0.0	0.0	0.0		0.0	0.0
202607	340A10200	84	全社共通（時間）	112.25	118.75	110.25		92.8	98.2
202607	340A10200	85	当月時間当り	9843.2	9401.7	9494.2		100.9	96.4
202607	340A10200	86	人員	12.0	12.0	12.0		100.0	100.0
202607	340A10100	1	総受注高	136078350.0	133146350.0	252627511.0		189.7	185.6
202607	340A10100	2	許諾料	1000000.0	1000000.0	760000.0	0.3	76.0	76.0
202607	340A10100	3	穂木	43875000.0	43875000.0	158118825.0	62.5	360.3	360.3
202607	340A10100	4	ﾛｲﾔﾙﾃｨ	84840000.0	82290000.0	81174064.0	32.1	98.6	95.6
202607	340A10100	5	バラ	1582000.0	1670000.0	1763113.0	0.6	105.5	111.4
202607	340A10100	6	通信販売	0.0	0.0	0.0	0.0	0.0	0.0
202607	340A10100	7	セット苗	640000.0	340000.0	-6240.0	0.0	0.0	0.0
202607	340A10100	8	その他	4141350.0	3971350.0	10817749.0	4.2	272.3	261.2
202607	340A10100	9	総売上高	133838350.0	130411350.0	129603031.0		99.3	96.8
202607	340A10100	10	許諾料	1550000.0	4480000.0	1700000.0	1.3	37.9	109.6
202607	340A10100	11	穂木	41225000.0	37500000.0	40158825.0	30.9	107.0	97.4
202607	340A10100	12	ﾛｲﾔﾙﾃｨ	84840000.0	82290000.0	81174064.0	62.6	98.6	95.6
202607	340A10100	13	バラ	1582000.0	1670000.0	1763113.0	1.3	105.5	111.4
202607	340A10100	14	通信販売	0.0	0.0	0.0	0.0	0.0	0.0
202607	340A10100	15	セット苗	500000.0	500000.0	495122.0	0.3	99.0	99.0
202607	340A10100	16	その他	4141350.0	3971350.0	4311907.0	3.3	108.5	104.1
202607	340A10100	17	社外売上	6223350.0	6141350.0	6570142.0		106.9	105.5
202607	340A10100	18	売上原価	2344000.0	2133420.0	2687722.0	2.0	125.9	114.6
202607	340A10100	19	穂木・苗仕入高	944000.0	983420.0	889837.0	0.6	90.4	94.2
202607	340A10100	20	送料	0.0	0.0	0.0	0.0	0.0	0.0
202607	340A10100	21	その他	1400000.0	1150000.0	1797885.0	1.3	156.3	128.4
202607	340A10100	22	総生産	-100000.0	-100000.0	-100000.0	0.0	0.0	0.0
202607	340A10100	23	社内売	0.0	0.0	0.0	0.0	0.0	0.0
202607	340A10100	24	社内仕入	100000.0	100000.0	100000.0	0.0	100.0	100.0
202607	340A10100	25	営業口銭	30983500.0	30319500.0	29747117.0		98.1	96.0
202607	340A10100	26	総収益	34762850.0	34227430.0	33529537.0	25.8	97.9	96.4
202607	340A10100	27	経費合計	15510553.0	14900651.0	14343048.0	11.0	96.2	92.4
202607	340A10100	28	種苗費	0.0	16000.0	16000.0	0.0	100.0	0.0
202607	340A10100	29	肥料費	30000.0	42000.0	23646.0	0.0	56.3	78.8
202607	340A10100	30	培土費用	50000.0	15000.0	14025.0	0.0	93.5	28.0
202607	340A10100	31	農薬衛生費	37000.0	36000.0	35212.0	0.0	97.8	95.1
202607	340A10100	32	農具費	2000.0	3256.0	2960.0	0.0	90.9	148.0
202607	340A10100	33	諸材料費	486000.0	206100.0	191028.0	0.1	92.6	39.3
202607	340A10100	34	その他仕入高	0.0	0.0	0.0	0.0	0.0	0.0
202607	340A10100	35	減価償却費	296945.0	296945.0	297617.0	0.2	100.2	100.2
202607	340A10100	36	車両費	553454.0	580447.0	541738.0	0.4	93.3	97.8
202607	340A10100	37	旅費交通費	1478419.0	1749587.0	1329276.0	1.0	75.9	89.9
202607	340A10100	38	荷造運搬費	2536350.0	2536169.0	2019942.0	1.5	79.6	79.6
202607	340A10100	39	通信費	293759.0	298207.0	287054.0	0.2	96.2	97.7
202607	340A10100	40	水道光熱費	166779.0	166623.0	135558.0	0.1	81.3	81.2
202607	340A10100	41	動力費	0.0	0.0	0.0	0.0	0.0	0.0
202607	340A10100	42	燃料費	0.0	0.0	0.0	0.0	0.0	0.0
202607	340A10100	43	事務用品費	21285.0	63675.0	71215.0	0.0	111.8	334.5
202607	340A10100	44	消耗品費	33112.0	23071.0	34672.0	0.0	150.2	104.7
202607	340A10100	45	廃棄物処理料	127996.0	127996.0	12491.0	0.0	9.7	9.7
202607	340A10100	46	広告宣伝費	1776000.0	1016520.0	1095280.0	0.8	107.7	61.6
202607	340A10100	47	接待交際費	180000.0	194000.0	101052.0	0.0	52.0	56.1
202607	340A10100	48	研究開発費	0.0	0.0	0.0	0.0	0.0	0.0
202607	340A10100	49	クレーム費	0.0	0.0	0.0	0.0	0.0	0.0
202607	340A10100	50	賃借料	285151.0	196151.0	285151.0	0.2	145.3	100.0
202607	340A10100	51	賃貸料収入	-10000.0	-10000.0	-10000.0	0.0	0.0	0.0
202607	340A10100	52	修繕費	5000.0	0.0	527.0	0.0	0.0	10.5
202607	340A10100	53	支払リース料	4601.0	4601.0	4601.0	0.0	100.0	100.0
202607	340A10100	54	保険料	1877.0	1877.0	-2409.0	0.0	0.0	0.0
202607	340A10100	55	支払報酬	0.0	0.0	0.0	0.0	0.0	0.0
202607	340A10100	56	販売手数料	4356406.0	2675688.0	2445217.0	1.8	91.3	56.1
202607	340A10100	57	支払手数料	-7235.0	-12747.0	520.0	0.0	0.0	0.0
202607	340A10100	58	診断料	0.0	0.0	0.0	0.0	0.0	0.0
202607	340A10100	59	諸会費	80000.0	80000.0	30000.0	0.0	37.5	37.5
202607	340A10100	60	会議費	0.0	0.0	12000.0	0.0	0.0	0.0
202607	340A10100	61	寄付金	0.0	0.0	0.0	0.0	0.0	0.0
202607	340A10100	62	租税公課	0.0	0.0	0.0	0.0	0.0	0.0
202607	340A10100	63	業務委託費	1144119.0	1144119.0	1672474.0	1.2	146.1	146.1
202607	340A10100	64	業務受託収入	0.0	0.0	0.0	0.0	0.0	0.0
202607	340A10100	65	システム管理料	54300.0	54300.0	48800.0	0.0	89.8	89.8
202607	340A10100	66	情報機器利用料	244787.0	289074.0	315000.0	0.2	108.9	128.6
202607	340A10100	67	貸倒金	0.0	1816752.0	1994856.0	1.5	109.8	0.0
202607	340A10100	68	雑費	2650.0	2671.0	15228.0	0.0	570.1	574.6
202607	340A10100	69	福利消耗品費	0.0	22592.0	0.0	0.0	0.0	0.0
202607	340A10100	70	教育研修費	862.0	862.0	896.0	0.0	103.9	103.9
202607	340A10100	71	雑給	0.0	0.0	0.0	0.0	0.0	0.0
202607	340A10100	72	社内金利（固定資産）	80673.0	49677.0	81858.0	0.0	164.7	101.4
202607	340A10100	73	社内金利（売掛金）	100000.0	100000.0	157413.0	0.1	157.4	157.4
202607	340A10100	74	部門共通（経費）	0.0	0.0	0.0	0.0	0.0	0.0
202607	340A10100	75	全社共通（経費）	845063.0	852638.0	828950.0	0.6	97.2	98.0
202607	340A10100	76	グループ共通	253200.0	260800.0	253200.0	0.1	97.0	100.0
202607	340A10100	77	差引収益	19252297.0	19326779.0	19186489.0	14.8	99.2	99.6
202607	340A10100	78	差引比率	14.3	14.8	14.8		100.0	103.4
202607	340A10100	79	総時間	3322.0	3254.75	3150.75		96.8	94.8
202607	340A10100	80	定時間	2912.0	2848.0	2753.75		96.6	94.5
202607	340A10100	81	残業時間	201.0	189.0	211.75		112.0	105.3
202607	340A10100	82	移動時間	60.0	60.0	38.5		64.1	64.1
202607	340A10100	83	部門共通（時間）	0.0	0.0	0.0		0.0	0.0
202607	340A10100	84	全社共通（時間）	149.0	157.75	146.75		93.0	98.4
202607	340A10100	85	当月時間当り	5795.3	5938.0	6089.4		102.5	105.0
202607	340A10100	86	人員	16.0	16.0	16.0		100.0	100.0
202607	004090200	1	総受注高	0.0	0.0	0.0		0.0	0.0
202607	004090200	2	許諾料	0.0	0.0	0.0	0.0	0.0	0.0
202607	004090200	3	穂木	0.0	0.0	0.0	0.0	0.0	0.0
202607	004090200	4	ﾛｲﾔﾙﾃｨ	0.0	0.0	0.0	0.0	0.0	0.0
202607	004090200	5	バラ	0.0	0.0	0.0	0.0	0.0	0.0
202607	004090200	6	通信販売	0.0	0.0	0.0	0.0	0.0	0.0
202607	004090200	7	セット苗	0.0	0.0	0.0	0.0	0.0	0.0
202607	004090200	8	その他	0.0	0.0	0.0	0.0	0.0	0.0
202607	004090200	9	総売上高	0.0	0.0	101339.0		0.0	0.0
202607	004090200	10	許諾料	0.0	0.0	-30000.0	0.0	0.0	0.0
202607	004090200	11	穂木	0.0	0.0	13118.0	12.9	0.0	0.0
202607	004090200	12	ﾛｲﾔﾙﾃｨ	0.0	0.0	101341.0	100.0	0.0	0.0
202607	004090200	13	バラ	0.0	0.0	0.0	0.0	0.0	0.0
202607	004090200	14	通信販売	0.0	0.0	0.0	0.0	0.0	0.0
202607	004090200	15	セット苗	0.0	0.0	0.0	0.0	0.0	0.0
202607	004090200	16	その他	0.0	0.0	16880.0	16.6	0.0	0.0
202607	004090200	17	社外売上	0.0	-1.0	101339.0		0.0	0.0
202607	004090200	18	売上原価	0.0	0.0	410866.0	405.4	0.0	0.0
202607	004090200	19	穂木・苗仕入高	0.0	0.0	410866.0	405.4	0.0	0.0
202607	004090200	20	送料	0.0	0.0	0.0	0.0	0.0	0.0
202607	004090200	21	その他	0.0	0.0	0.0	0.0	0.0	0.0
202607	004090200	22	総生産	0.0	0.0	0.0	0.0	0.0	0.0
202607	004090200	23	社内売	0.0	0.0	0.0	0.0	0.0	0.0
202607	004090200	24	社内仕入	0.0	0.0	0.0	0.0	0.0	0.0
202607	004090200	25	営業口銭	0.0	0.0	0.0		0.0	0.0
202607	004090200	26	総収益	0.0	-1.0	-309527.0	0.0	0.0	0.0
202607	004090200	27	経費合計	-685748.0	-667042.0	-657012.0	0.0	0.0	0.0
202607	004090200	28	種苗費	0.0	0.0	0.0	0.0	0.0	0.0
202607	004090200	29	肥料費	0.0	0.0	0.0	0.0	0.0	0.0
202607	004090200	30	培土費用	0.0	0.0	0.0	0.0	0.0	0.0
202607	004090200	31	農薬衛生費	0.0	0.0	0.0	0.0	0.0	0.0
202607	004090200	32	農具費	0.0	0.0	0.0	0.0	0.0	0.0
202607	004090200	33	諸材料費	0.0	0.0	0.0	0.0	0.0	0.0
202607	004090200	34	その他仕入高	0.0	0.0	0.0	0.0	0.0	0.0
202607	004090200	35	減価償却費	0.0	0.0	0.0	0.0	0.0	0.0
202607	004090200	36	車両費	0.0	0.0	0.0	0.0	0.0	0.0
202607	004090200	37	旅費交通費	0.0	0.0	0.0	0.0	0.0	0.0
202607	004090200	38	荷造運搬費	0.0	0.0	0.0	0.0	0.0	0.0
202607	004090200	39	通信費	0.0	0.0	0.0	0.0	0.0	0.0
202607	004090200	40	水道光熱費	0.0	0.0	0.0	0.0	0.0	0.0
202607	004090200	41	動力費	0.0	0.0	0.0	0.0	0.0	0.0
202607	004090200	42	燃料費	0.0	0.0	0.0	0.0	0.0	0.0
202607	004090200	43	事務用品費	0.0	0.0	0.0	0.0	0.0	0.0
202607	004090200	44	消耗品費	0.0	0.0	0.0	0.0	0.0	0.0
202607	004090200	45	廃棄物処理料	0.0	0.0	0.0	0.0	0.0	0.0
202607	004090200	46	広告宣伝費	0.0	0.0	0.0	0.0	0.0	0.0
202607	004090200	47	接待交際費	0.0	0.0	0.0	0.0	0.0	0.0
202607	004090200	48	研究開発費	0.0	0.0	0.0	0.0	0.0	0.0
202607	004090200	49	クレーム費	0.0	0.0	0.0	0.0	0.0	0.0
202607	004090200	50	賃借料	0.0	0.0	0.0	0.0	0.0	0.0
202607	004090200	51	賃貸料収入	0.0	0.0	0.0	0.0	0.0	0.0
202607	004090200	52	修繕費	0.0	0.0	0.0	0.0	0.0	0.0
202607	004090200	53	支払リース料	0.0	0.0	0.0	0.0	0.0	0.0
202607	004090200	54	保険料	0.0	0.0	0.0	0.0	0.0	0.0
202607	004090200	55	支払報酬	0.0	0.0	0.0	0.0	0.0	0.0
202607	004090200	56	販売手数料	0.0	0.0	102520.0	101.1	0.0	0.0
202607	004090200	57	支払手数料	0.0	0.0	0.0	0.0	0.0	0.0
202607	004090200	58	診断料	0.0	0.0	0.0	0.0	0.0	0.0
202607	004090200	59	諸会費	0.0	0.0	0.0	0.0	0.0	0.0
202607	004090200	60	会議費	0.0	0.0	0.0	0.0	0.0	0.0
202607	004090200	61	寄付金	0.0	0.0	0.0	0.0	0.0	0.0
202607	004090200	62	租税公課	0.0	0.0	0.0	0.0	0.0	0.0
202607	004090200	63	業務委託費	0.0	0.0	0.0	0.0	0.0	0.0
202607	004090200	64	業務受託収入	0.0	0.0	0.0	0.0	0.0	0.0
202607	004090200	65	システム管理料	0.0	0.0	0.0	0.0	0.0	0.0
202607	004090200	66	情報機器利用料	0.0	0.0	0.0	0.0	0.0	0.0
202607	004090200	67	貸倒金	0.0	0.0	0.0	0.0	0.0	0.0
202607	004090200	68	雑費	0.0	0.0	0.0	0.0	0.0	0.0
202607	004090200	69	福利消耗品費	0.0	0.0	0.0	0.0	0.0	0.0
202607	004090200	70	教育研修費	0.0	0.0	0.0	0.0	0.0	0.0
202607	004090200	71	雑給	0.0	0.0	0.0	0.0	0.0	0.0
202607	004090200	72	社内金利（固定資産）	-585327.0	-566621.0	-602119.0	0.0	0.0	0.0
202607	004090200	73	社内金利（売掛金）	-100421.0	-100421.0	-157413.0	0.0	0.0	0.0
202607	004090200	74	部門共通（経費）	0.0	0.0	0.0	0.0	0.0	0.0
202607	004090200	75	全社共通（経費）	0.0	0.0	0.0	0.0	0.0	0.0
202607	004090200	76	グループ共通	0.0	0.0	0.0	0.0	0.0	0.0
202607	004090200	77	差引収益	685748.0	667041.0	347485.0	342.8	52.0	50.6
202607	004090200	78	差引比率	0.0	0.0	342.8		0.0	0.0
202607	004090200	79	総時間	36.0	36.0	36.0		100.0	100.0
202607	004090200	80	定時間	0.0	0.0	0.0		0.0	0.0
202607	004090200	81	残業時間	0.0	0.0	0.0		0.0	0.0
202607	004090200	82	移動時間	36.0	36.0	36.0		100.0	100.0
202607	004090200	83	部門共通（時間）	0.0	0.0	0.0		0.0	0.0
202607	004090200	84	全社共通（時間）	0.0	0.0	0.0		0.0	0.0
202607	004090200	85	当月時間当り	19048.5	18528.9	9652.3		52.0	50.6
202607	004090200	86	人員	0.0	0.0	0.0		0.0	0.0
202607	340B50700	1	総受注高	0.0	0.0	0.0		0.0	0.0
202607	340B50700	2	許諾料	0.0	0.0	0.0	0.0	0.0	0.0
202607	340B50700	3	穂木	0.0	0.0	0.0	0.0	0.0	0.0
202607	340B50700	4	ﾛｲﾔﾙﾃｨ	0.0	0.0	0.0	0.0	0.0	0.0
202607	340B50700	5	バラ	0.0	0.0	0.0	0.0	0.0	0.0
202607	340B50700	6	通信販売	0.0	0.0	0.0	0.0	0.0	0.0
202607	340B50700	7	セット苗	0.0	0.0	0.0	0.0	0.0	0.0
202607	340B50700	8	その他	0.0	0.0	0.0	0.0	0.0	0.0
202607	340B50700	9	総売上高	0.0	0.0	0.0		0.0	0.0
202607	340B50700	10	許諾料	0.0	0.0	0.0	0.0	0.0	0.0
202607	340B50700	11	穂木	0.0	0.0	0.0	0.0	0.0	0.0
202607	340B50700	12	ﾛｲﾔﾙﾃｨ	0.0	0.0	0.0	0.0	0.0	0.0
202607	340B50700	13	バラ	0.0	0.0	0.0	0.0	0.0	0.0
202607	340B50700	14	通信販売	0.0	0.0	0.0	0.0	0.0	0.0
202607	340B50700	15	セット苗	0.0	0.0	0.0	0.0	0.0	0.0
202607	340B50700	16	その他	0.0	0.0	0.0	0.0	0.0	0.0
202607	340B50700	17	社外売上	34703328.0	33755552.0	34812296.0		103.1	100.3
202607	340B50700	18	売上原価	0.0	0.0	0.0	0.0	0.0	0.0
202607	340B50700	19	穂木・苗仕入高	0.0	0.0	0.0	0.0	0.0	0.0
202607	340B50700	20	送料	0.0	0.0	0.0	0.0	0.0	0.0
202607	340B50700	21	その他	0.0	0.0	0.0	0.0	0.0	0.0
202607	340B50700	22	総生産	100000.0	100000.0	99200.0	0.0	99.2	99.2
202607	340B50700	23	社内売	100000.0	100000.0	100000.0	0.0	100.0	100.0
202607	340B50700	24	社内仕入	0.0	0.0	800.0	0.0	0.0	0.0
202607	340B50700	25	営業口銭	-12146164.0	-11814443.0	-12183323.0		0.0	0.0
202607	340B50700	26	総収益	22657164.0	22041109.0	22728173.0	0.0	103.1	100.3
202607	340B50700	27	経費合計	6110280.0	6997985.0	7158278.0	0.0	102.2	117.1
202607	340B50700	28	種苗費	0.0	0.0	0.0	0.0	0.0	0.0
202607	340B50700	29	肥料費	36000.0	88340.0	49614.0	0.0	56.1	137.8
202607	340B50700	30	培土費用	0.0	45000.0	0.0	0.0	0.0	0.0
202607	340B50700	31	農薬衛生費	214610.0	201223.0	194892.0	0.0	96.8	90.8
202607	340B50700	32	農具費	10000.0	10000.0	3198.0	0.0	31.9	31.9
202607	340B50700	33	諸材料費	14000.0	182000.0	179927.0	0.0	98.8	
202607	340B50700	34	その他仕入高	0.0	0.0	0.0	0.0	0.0	0.0
202607	340B50700	35	減価償却費	478191.0	478191.0	476028.0	0.0	99.5	99.5
202607	340B50700	36	車両費	511009.0	449253.0	226770.0	0.0	50.4	44.3
202607	340B50700	37	旅費交通費	73000.0	73000.0	11643.0	0.0	15.9	15.9
202607	340B50700	38	荷造運搬費	5000.0	15000.0	890.0	0.0	5.9	17.8
202607	340B50700	39	通信費	17488.0	17488.0	20773.0	0.0	118.7	118.7
202607	340B50700	40	水道光熱費	98893.0	98893.0	222121.0	0.0	224.6	224.6
202607	340B50700	41	動力費	0.0	0.0	0.0	0.0	0.0	0.0
202607	340B50700	42	燃料費	0.0	0.0	0.0	0.0	0.0	0.0
202607	340B50700	43	事務用品費	6475.0	6475.0	5778.0	0.0	89.2	89.2
202607	340B50700	44	消耗品費	22238.0	19238.0	21372.0	0.0	111.0	96.1
202607	340B50700	45	廃棄物処理料	38041.0	38041.0	30861.0	0.0	81.1	81.1
202607	340B50700	46	広告宣伝費	0.0	0.0	0.0	0.0	0.0	0.0
202607	340B50700	47	接待交際費	0.0	0.0	0.0	0.0	0.0	0.0
202607	340B50700	48	研究開発費	0.0	0.0	0.0	0.0	0.0	0.0
202607	340B50700	49	クレーム費	0.0	0.0	0.0	0.0	0.0	0.0
202607	340B50700	50	賃借料	94116.0	94116.0	247843.0	0.0	263.3	263.3
202607	340B50700	51	賃貸料収入	-10000.0	-10000.0	-55000.0	0.0	0.0	0.0
202607	340B50700	52	修繕費	40000.0	660400.0	1193367.0	0.0	180.7	
202607	340B50700	53	支払リース料	1533.0	1533.0	1533.0	0.0	100.0	100.0
202607	340B50700	54	保険料	506.0	506.0	506.0	0.0	100.0	100.0
202607	340B50700	55	支払報酬	0.0	0.0	0.0	0.0	0.0	0.0
202607	340B50700	56	販売手数料	0.0	0.0	0.0	0.0	0.0	0.0
202607	340B50700	57	支払手数料	5404.0	5404.0	5404.0	0.0	100.0	100.0
202607	340B50700	58	診断料	15350.0	15350.0	3850.0	0.0	25.0	25.0
202607	340B50700	59	諸会費	18250.0	18250.0	7128.0	0.0	39.0	39.0
202607	340B50700	60	会議費	0.0	0.0	0.0	0.0	0.0	0.0
202607	340B50700	61	寄付金	0.0	0.0	0.0	0.0	0.0	0.0
202607	340B50700	62	租税公課	0.0	0.0	0.0	0.0	0.0	0.0
202607	340B50700	63	業務委託費	3260000.0	3260000.0	3247000.0	0.0	99.6	99.6
202607	340B50700	64	業務受託収入	0.0	0.0	0.0	0.0	0.0	0.0
202607	340B50700	65	システム管理料	0.0	0.0	0.0	0.0	0.0	0.0
202607	340B50700	66	情報機器利用料	233490.0	233490.0	227650.0	0.0	97.4	97.4
202607	340B50700	67	貸倒金	0.0	0.0	0.0	0.0	0.0	0.0
202607	340B50700	68	雑費	16557.0	7680.0	9301.0	0.0	121.1	56.1
202607	340B50700	69	福利消耗品費	0.0	0.0	0.0	0.0	0.0	0.0
202607	340B50700	70	教育研修費	0.0	0.0	0.0	0.0	0.0	0.0
202607	340B50700	71	雑給	0.0	0.0	0.0	0.0	0.0	0.0
202607	340B50700	72	社内金利（固定資産）	128767.0	128767.0	132393.0	0.0	102.8	102.8
202607	340B50700	73	社内金利（売掛金）	0.0	0.0	0.0	0.0	0.0	0.0
202607	340B50700	74	部門共通（経費）	163983.0	238708.0	85113.0	0.0	35.6	51.9
202607	340B50700	75	全社共通（経費）	474979.0	479239.0	465923.0	0.0	97.2	98.0
202607	340B50700	76	グループ共通	142400.0	142400.0	142400.0	0.0	100.0	100.0
202607	340B50700	77	差引収益	16546884.0	15043124.0	15569895.0	0.0	103.5	94.0
202607	340B50700	78	差引比率	16546.8	15043.1	15695.4		104.3	94.8
202607	340B50700	79	総時間	2151.5	2124.0	1755.5		82.6	81.5
202607	340B50700	80	定時間	1758.5	1766.0	1451.0		82.1	82.5
202607	340B50700	81	残業時間	159.0	128.0	83.25		65.0	52.3
202607	340B50700	82	移動時間	54.0	54.0	54.5		100.9	100.9
202607	340B50700	83	部門共通（時間）	97.25	88.0	84.75		96.3	87.1
202607	340B50700	84	全社共通（時間）	82.75	88.0	82.0		93.1	99.0
202607	340B50700	85	当月時間当り	7690.8	7082.4	8869.2		125.2	115.3
202607	340B50700	86	人員	9.0	10.0	9.0		90.0	100.0
202607	340B50500	1	総受注高	5825000.0	5825000.0	9552129.0		163.9	163.9
202607	340B50500	2	許諾料	0.0	0.0	0.0	0.0	0.0	0.0
202607	340B50500	3	穂木	0.0	0.0	0.0	0.0	0.0	0.0
202607	340B50500	4	ﾛｲﾔﾙﾃｨ	5825000.0	5825000.0	9552129.0	100.0	163.9	163.9
202607	340B50500	5	バラ	0.0	0.0	0.0	0.0	0.0	0.0
202607	340B50500	6	通信販売	0.0	0.0	0.0	0.0	0.0	0.0
202607	340B50500	7	セット苗	0.0	0.0	0.0	0.0	0.0	0.0
202607	340B50500	8	その他	0.0	0.0	0.0	0.0	0.0	0.0
202607	340B50500	9	総売上高	5825000.0	5825000.0	9552129.0		163.9	163.9
202607	340B50500	10	許諾料	0.0	0.0	0.0	0.0	0.0	0.0
202607	340B50500	11	穂木	0.0	0.0	0.0	0.0	0.0	0.0
202607	340B50500	12	ﾛｲﾔﾙﾃｨ	5825000.0	5825000.0	9552129.0	100.0	163.9	163.9
202607	340B50500	13	バラ	0.0	0.0	0.0	0.0	0.0	0.0
202607	340B50500	14	通信販売	0.0	0.0	0.0	0.0	0.0	0.0
202607	340B50500	15	セット苗	0.0	0.0	0.0	0.0	0.0	0.0
202607	340B50500	16	その他	0.0	0.0	0.0	0.0	0.0	0.0
202607	340B50500	17	社外売上	0.0	0.0	0.0		0.0	0.0
202607	340B50500	18	売上原価	0.0	0.0	0.0	0.0	0.0	0.0
202607	340B50500	19	穂木・苗仕入高	0.0	0.0	0.0	0.0	0.0	0.0
202607	340B50500	20	送料	0.0	0.0	0.0	0.0	0.0	0.0
202607	340B50500	21	その他	0.0	0.0	0.0	0.0	0.0	0.0
202607	340B50500	22	総生産	-100000.0	-100000.0	-100000.0	0.0	0.0	0.0
202607	340B50500	23	社内売	0.0	0.0	0.0	0.0	0.0	0.0
202607	340B50500	24	社内仕入	100000.0	100000.0	100000.0	1.0	100.0	100.0
202607	340B50500	25	営業口銭	2038750.0	2038750.0	3342826.0		163.9	163.9
202607	340B50500	26	総収益	1938750.0	1938750.0	3242826.0	33.9	167.2	167.2
202607	340B50500	27	経費合計	631401.0	731875.0	729035.0	7.6	99.6	115.4
202607	340B50500	28	種苗費	0.0	0.0	0.0	0.0	0.0	0.0
202607	340B50500	29	肥料費	0.0	0.0	0.0	0.0	0.0	0.0
202607	340B50500	30	培土費用	0.0	0.0	0.0	0.0	0.0	0.0
202607	340B50500	31	農薬衛生費	0.0	0.0	0.0	0.0	0.0	0.0
202607	340B50500	32	農具費	0.0	0.0	0.0	0.0	0.0	0.0
202607	340B50500	33	諸材料費	0.0	0.0	0.0	0.0	0.0	0.0
202607	340B50500	34	その他仕入高	0.0	0.0	0.0	0.0	0.0	0.0
202607	340B50500	35	減価償却費	1092.0	1092.0	1092.0	0.0	100.0	100.0
202607	340B50500	36	車両費	0.0	0.0	0.0	0.0	0.0	0.0
202607	340B50500	37	旅費交通費	500000.0	600000.0	369446.0	3.8	61.5	73.8
202607	340B50500	38	荷造運搬費	0.0	0.0	0.0	0.0	0.0	0.0
202607	340B50500	39	通信費	12698.0	12698.0	4145.0	0.0	32.6	32.6
202607	340B50500	40	水道光熱費	2303.0	2303.0	1998.0	0.0	86.7	86.7
202607	340B50500	41	動力費	0.0	0.0	0.0	0.0	0.0	0.0
202607	340B50500	42	燃料費	0.0	0.0	0.0	0.0	0.0	0.0
202607	340B50500	43	事務用品費	758.0	758.0	497.0	0.0	65.5	65.5
202607	340B50500	44	消耗品費	1934.0	1934.0	2303.0	0.0	119.0	119.0
202607	340B50500	45	廃棄物処理料	195.0	195.0	4124.0	0.0		
202607	340B50500	46	広告宣伝費	0.0	0.0	0.0	0.0	0.0	0.0
202607	340B50500	47	接待交際費	10000.0	10000.0	0.0	0.0	0.0	0.0
202607	340B50500	48	研究開発費	0.0	0.0	0.0	0.0	0.0	0.0
202607	340B50500	49	クレーム費	0.0	0.0	0.0	0.0	0.0	0.0
202607	340B50500	50	賃借料	4772.0	4772.0	4772.0	0.0	100.0	100.0
202607	340B50500	51	賃貸料収入	0.0	0.0	0.0	0.0	0.0	0.0
202607	340B50500	52	修繕費	0.0	0.0	0.0	0.0	0.0	0.0
202607	340B50500	53	支払リース料	0.0	0.0	0.0	0.0	0.0	0.0
202607	340B50500	54	保険料	10022.0	10022.0	11102.0	0.1	110.7	110.7
202607	340B50500	55	支払報酬	0.0	0.0	0.0	0.0	0.0	0.0
202607	340B50500	56	販売手数料	0.0	0.0	0.0	0.0	0.0	0.0
202607	340B50500	57	支払手数料	379.0	379.0	5813.0	0.0		
202607	340B50500	58	診断料	0.0	0.0	0.0	0.0	0.0	0.0
202607	340B50500	59	諸会費	0.0	0.0	0.0	0.0	0.0	0.0
202607	340B50500	60	会議費	0.0	0.0	0.0	0.0	0.0	0.0
202607	340B50500	61	寄付金	0.0	0.0	0.0	0.0	0.0	0.0
202607	340B50500	62	租税公課	0.0	0.0	234189.0	2.4	0.0	0.0
202607	340B50500	63	業務委託費	0.0	0.0	0.0	0.0	0.0	0.0
202607	340B50500	64	業務受託収入	0.0	0.0	0.0	0.0	0.0	0.0
202607	340B50500	65	システム管理料	0.0	0.0	0.0	0.0	0.0	0.0
202607	340B50500	66	情報機器利用料	16950.0	16950.0	20850.0	0.2	123.0	123.0
202607	340B50500	67	貸倒金	0.0	0.0	0.0	0.0	0.0	0.0
202607	340B50500	68	雑費	841.0	841.0	675.0	0.0	80.2	80.2
202607	340B50500	69	福利消耗品費	0.0	0.0	0.0	0.0	0.0	0.0
202607	340B50500	70	教育研修費	0.0	0.0	0.0	0.0	0.0	0.0
202607	340B50500	71	雑給	0.0	0.0	0.0	0.0	0.0	0.0
202607	340B50500	72	社内金利（固定資産）	421.0	421.0	421.0	0.0	100.0	100.0
202607	340B50500	73	社内金利（売掛金）	421.0	421.0	0.0	0.0	0.0	0.0
202607	340B50500	74	部門共通（経費）	0.0	0.0	0.0	0.0	0.0	0.0
202607	340B50500	75	全社共通（経費）	52815.0	53289.0	51808.0	0.5	97.2	98.0
202607	340B50500	76	グループ共通	15800.0	15800.0	15800.0	0.1	100.0	100.0
202607	340B50500	77	差引収益	1307349.0	1206875.0	2513791.0	26.3	208.2	192.2
202607	340B50500	78	差引比率	22.8	21.0	26.5		126.1	116.2
202607	340B50500	79	総時間	197.0	197.75	183.0		92.5	92.8
202607	340B50500	80	定時間	184.0	184.0	174.0		94.5	94.5
202607	340B50500	81	残業時間	4.0	4.0	0.0		0.0	0.0
202607	340B50500	82	移動時間	0.0	0.0	0.0		0.0	0.0
202607	340B50500	83	部門共通（時間）	0.0	0.0	0.0		0.0	0.0
202607	340B50500	84	全社共通（時間）	9.0	9.75	9.0		92.3	100.0
202607	340B50500	85	当月時間当り	6636.2	6103.0	13736.5		225.0	206.9
202607	340B50500	86	人員	1.0	1.0	1.0		100.0	100.0
202607	004091900	1	総受注高	0.0	0.0	0.0		0.0	0.0
202607	004091900	2	許諾料	0.0	0.0	0.0	0.0	0.0	0.0
202607	004091900	3	穂木	0.0	0.0	0.0	0.0	0.0	0.0
202607	004091900	4	ﾛｲﾔﾙﾃｨ	0.0	0.0	0.0	0.0	0.0	0.0
202607	004091900	5	バラ	0.0	0.0	0.0	0.0	0.0	0.0
202607	004091900	6	通信販売	0.0	0.0	0.0	0.0	0.0	0.0
202607	004091900	7	セット苗	0.0	0.0	0.0	0.0	0.0	0.0
202607	004091900	8	その他	0.0	0.0	0.0	0.0	0.0	0.0
202607	004091900	9	総売上高	0.0	0.0	0.0		0.0	0.0
202607	004091900	10	許諾料	0.0	0.0	0.0	0.0	0.0	0.0
202607	004091900	11	穂木	0.0	0.0	0.0	0.0	0.0	0.0
202607	004091900	12	ﾛｲﾔﾙﾃｨ	0.0	0.0	0.0	0.0	0.0	0.0
202607	004091900	13	バラ	0.0	0.0	0.0	0.0	0.0	0.0
202607	004091900	14	通信販売	0.0	0.0	0.0	0.0	0.0	0.0
202607	004091900	15	セット苗	0.0	0.0	0.0	0.0	0.0	0.0
202607	004091900	16	その他	0.0	0.0	0.0	0.0	0.0	0.0
202607	004091900	17	社外売上	0.0	0.0	0.0		0.0	0.0
202607	004091900	18	売上原価	0.0	0.0	0.0	0.0	0.0	0.0
202607	004091900	19	穂木・苗仕入高	0.0	0.0	0.0	0.0	0.0	0.0
202607	004091900	20	送料	0.0	0.0	0.0	0.0	0.0	0.0
202607	004091900	21	その他	0.0	0.0	0.0	0.0	0.0	0.0
202607	004091900	22	総生産	0.0	0.0	0.0	0.0	0.0	0.0
202607	004091900	23	社内売	0.0	0.0	0.0	0.0	0.0	0.0
202607	004091900	24	社内仕入	0.0	0.0	0.0	0.0	0.0	0.0
202607	004091900	25	営業口銭	0.0	0.0	0.0		0.0	0.0
202607	004091900	26	総収益	0.0	0.0	0.0	0.0	0.0	0.0
202607	004091900	27	経費合計	0.0	0.0	0.0	0.0	0.0	0.0
202607	004091900	28	種苗費	0.0	0.0	0.0	0.0	0.0	0.0
202607	004091900	29	肥料費	0.0	0.0	0.0	0.0	0.0	0.0
202607	004091900	30	培土費用	0.0	0.0	0.0	0.0	0.0	0.0
202607	004091900	31	農薬衛生費	0.0	0.0	0.0	0.0	0.0	0.0
202607	004091900	32	農具費	0.0	0.0	0.0	0.0	0.0	0.0
202607	004091900	33	諸材料費	0.0	0.0	0.0	0.0	0.0	0.0
202607	004091900	34	その他仕入高	0.0	0.0	0.0	0.0	0.0	0.0
202607	004091900	35	減価償却費	0.0	0.0	0.0	0.0	0.0	0.0
202607	004091900	36	車両費	0.0	0.0	0.0	0.0	0.0	0.0
202607	004091900	37	旅費交通費	0.0	0.0	0.0	0.0	0.0	0.0
202607	004091900	38	荷造運搬費	0.0	0.0	0.0	0.0	0.0	0.0
202607	004091900	39	通信費	0.0	0.0	0.0	0.0	0.0	0.0
202607	004091900	40	水道光熱費	0.0	0.0	0.0	0.0	0.0	0.0
202607	004091900	41	動力費	0.0	0.0	0.0	0.0	0.0	0.0
202607	004091900	42	燃料費	0.0	0.0	0.0	0.0	0.0	0.0
202607	004091900	43	事務用品費	0.0	0.0	0.0	0.0	0.0	0.0
202607	004091900	44	消耗品費	0.0	0.0	0.0	0.0	0.0	0.0
202607	004091900	45	廃棄物処理料	0.0	0.0	0.0	0.0	0.0	0.0
202607	004091900	46	広告宣伝費	0.0	0.0	0.0	0.0	0.0	0.0
202607	004091900	47	接待交際費	0.0	0.0	0.0	0.0	0.0	0.0
202607	004091900	48	研究開発費	0.0	0.0	0.0	0.0	0.0	0.0
202607	004091900	49	クレーム費	0.0	0.0	0.0	0.0	0.0	0.0
202607	004091900	50	賃借料	0.0	0.0	0.0	0.0	0.0	0.0
202607	004091900	51	賃貸料収入	0.0	0.0	0.0	0.0	0.0	0.0
202607	004091900	52	修繕費	0.0	0.0	0.0	0.0	0.0	0.0
202607	004091900	53	支払リース料	0.0	0.0	0.0	0.0	0.0	0.0
202607	004091900	54	保険料	0.0	0.0	0.0	0.0	0.0	0.0
202607	004091900	55	支払報酬	0.0	0.0	0.0	0.0	0.0	0.0
202607	004091900	56	販売手数料	0.0	0.0	0.0	0.0	0.0	0.0
202607	004091900	57	支払手数料	0.0	0.0	0.0	0.0	0.0	0.0
202607	004091900	58	診断料	0.0	0.0	0.0	0.0	0.0	0.0
202607	004091900	59	諸会費	0.0	0.0	0.0	0.0	0.0	0.0
202607	004091900	60	会議費	0.0	0.0	0.0	0.0	0.0	0.0
202607	004091900	61	寄付金	0.0	0.0	0.0	0.0	0.0	0.0
202607	004091900	62	租税公課	0.0	0.0	0.0	0.0	0.0	0.0
202607	004091900	63	業務委託費	0.0	0.0	0.0	0.0	0.0	0.0
202607	004091900	64	業務受託収入	0.0	0.0	0.0	0.0	0.0	0.0
202607	004091900	65	システム管理料	0.0	0.0	0.0	0.0	0.0	0.0
202607	004091900	66	情報機器利用料	0.0	0.0	0.0	0.0	0.0	0.0
202607	004091900	67	貸倒金	0.0	0.0	0.0	0.0	0.0	0.0
202607	004091900	68	雑費	0.0	0.0	0.0	0.0	0.0	0.0
202607	004091900	69	福利消耗品費	0.0	0.0	0.0	0.0	0.0	0.0
202607	004091900	70	教育研修費	0.0	0.0	0.0	0.0	0.0	0.0
202607	004091900	71	雑給	0.0	0.0	0.0	0.0	0.0	0.0
202607	004091900	72	社内金利（固定資産）	0.0	0.0	0.0	0.0	0.0	0.0
202607	004091900	73	社内金利（売掛金）	0.0	0.0	0.0	0.0	0.0	0.0
202607	004091900	74	部門共通（経費）	0.0	0.0	0.0	0.0	0.0	0.0
202607	004091900	75	全社共通（経費）	0.0	0.0	0.0	0.0	0.0	0.0
202607	004091900	76	グループ共通	0.0	0.0	0.0	0.0	0.0	0.0
202607	004091900	77	差引収益	0.0	0.0	0.0	0.0	0.0	0.0
202607	004091900	78	差引比率	0.0	0.0	0.0		0.0	0.0
202607	004091900	79	総時間	0.0	0.0	0.0		0.0	0.0
202607	004091900	80	定時間	0.0	0.0	0.0		0.0	0.0
202607	004091900	81	残業時間	0.0	0.0	0.0		0.0	0.0
202607	004091900	82	移動時間	0.0	0.0	0.0		0.0	0.0
202607	004091900	83	部門共通（時間）	0.0	0.0	0.0		0.0	0.0
202607	004091900	84	全社共通（時間）	0.0	0.0	0.0		0.0	0.0
202607	004091900	85	当月時間当り	0.0	0.0	0.0		0.0	0.0
202607	004091900	86	人員	0.0	0.0	0.0		0.0	0.0
202607	340A50110	1	総受注高	0.0	0.0	0.0		0.0	0.0
202607	340A50110	2	許諾料	0.0	0.0	0.0	0.0	0.0	0.0
202607	340A50110	3	穂木	0.0	0.0	0.0	0.0	0.0	0.0
202607	340A50110	4	ﾛｲﾔﾙﾃｨ	0.0	0.0	0.0	0.0	0.0	0.0
202607	340A50110	5	バラ	0.0	0.0	0.0	0.0	0.0	0.0
202607	340A50110	6	通信販売	0.0	0.0	0.0	0.0	0.0	0.0
202607	340A50110	7	セット苗	0.0	0.0	0.0	0.0	0.0	0.0
202607	340A50110	8	その他	0.0	0.0	0.0	0.0	0.0	0.0
202607	340A50110	9	総売上高	0.0	0.0	0.0		0.0	0.0
202607	340A50110	10	許諾料	0.0	0.0	0.0	0.0	0.0	0.0
202607	340A50110	11	穂木	0.0	0.0	0.0	0.0	0.0	0.0
202607	340A50110	12	ﾛｲﾔﾙﾃｨ	0.0	0.0	0.0	0.0	0.0	0.0
202607	340A50110	13	バラ	0.0	0.0	0.0	0.0	0.0	0.0
202607	340A50110	14	通信販売	0.0	0.0	0.0	0.0	0.0	0.0
202607	340A50110	15	セット苗	0.0	0.0	0.0	0.0	0.0	0.0
202607	340A50110	16	その他	0.0	0.0	0.0	0.0	0.0	0.0
202607	340A50110	17	社外売上	0.0	0.0	0.0		0.0	0.0
202607	340A50110	18	売上原価	0.0	0.0	0.0	0.0	0.0	0.0
202607	340A50110	19	穂木・苗仕入高	0.0	0.0	0.0	0.0	0.0	0.0
202607	340A50110	20	送料	0.0	0.0	0.0	0.0	0.0	0.0
202607	340A50110	21	その他	0.0	0.0	0.0	0.0	0.0	0.0
202607	340A50110	22	総生産	0.0	0.0	0.0	0.0	0.0	0.0
202607	340A50110	23	社内売	0.0	0.0	0.0	0.0	0.0	0.0
202607	340A50110	24	社内仕入	0.0	0.0	0.0	0.0	0.0	0.0
202607	340A50110	25	営業口銭	0.0	0.0	0.0		0.0	0.0
202607	340A50110	26	総収益	0.0	0.0	0.0	0.0	0.0	0.0
202607	340A50110	27	経費合計	0.0	0.0	0.0	0.0	0.0	0.0
202607	340A50110	28	種苗費	0.0	0.0	0.0	0.0	0.0	0.0
202607	340A50110	29	肥料費	0.0	0.0	0.0	0.0	0.0	0.0
202607	340A50110	30	培土費用	0.0	0.0	0.0	0.0	0.0	0.0
202607	340A50110	31	農薬衛生費	0.0	0.0	0.0	0.0	0.0	0.0
202607	340A50110	32	農具費	0.0	0.0	0.0	0.0	0.0	0.0
202607	340A50110	33	諸材料費	0.0	0.0	0.0	0.0	0.0	0.0
202607	340A50110	34	その他仕入高	0.0	0.0	0.0	0.0	0.0	0.0
202607	340A50110	35	減価償却費	2774.0	2774.0	2774.0	0.0	100.0	100.0
202607	340A50110	36	車両費	38757.0	38757.0	46505.0	0.0	119.9	119.9
202607	340A50110	37	旅費交通費	0.0	0.0	0.0	0.0	0.0	0.0
202607	340A50110	38	荷造運搬費	0.0	0.0	0.0	0.0	0.0	0.0
202607	340A50110	39	通信費	14891.0	14891.0	14760.0	0.0	99.1	99.1
202607	340A50110	40	水道光熱費	26437.0	26437.0	24900.0	0.0	94.1	94.1
202607	340A50110	41	動力費	0.0	0.0	0.0	0.0	0.0	0.0
202607	340A50110	42	燃料費	0.0	0.0	0.0	0.0	0.0	0.0
202607	340A50110	43	事務用品費	4575.0	4575.0	9302.0	0.0	203.3	203.3
202607	340A50110	44	消耗品費	2000.0	2000.0	4441.0	0.0	222.0	222.0
202607	340A50110	45	廃棄物処理料	7125.0	7125.0	875.0	0.0	12.2	12.2
202607	340A50110	46	広告宣伝費	0.0	0.0	0.0	0.0	0.0	0.0
202607	340A50110	47	接待交際費	0.0	0.0	0.0	0.0	0.0	0.0
202607	340A50110	48	研究開発費	0.0	0.0	0.0	0.0	0.0	0.0
202607	340A50110	49	クレーム費	0.0	0.0	0.0	0.0	0.0	0.0
202607	340A50110	50	賃借料	55159.0	55159.0	55159.0	0.0	100.0	100.0
202607	340A50110	51	賃貸料収入	0.0	0.0	0.0	0.0	0.0	0.0
202607	340A50110	52	修繕費	0.0	0.0	0.0	0.0	0.0	0.0
202607	340A50110	53	支払リース料	0.0	0.0	0.0	0.0	0.0	0.0
202607	340A50110	54	保険料	319.0	319.0	319.0	0.0	100.0	100.0
202607	340A50110	55	支払報酬	0.0	0.0	0.0	0.0	0.0	0.0
202607	340A50110	56	販売手数料	0.0	0.0	0.0	0.0	0.0	0.0
202607	340A50110	57	支払手数料	436331.0	836831.0	146831.0	0.0	17.5	33.6
202607	340A50110	58	診断料	0.0	0.0	0.0	0.0	0.0	0.0
202607	340A50110	59	諸会費	0.0	0.0	0.0	0.0	0.0	0.0
202607	340A50110	60	会議費	0.0	0.0	0.0	0.0	0.0	0.0
202607	340A50110	61	寄付金	0.0	0.0	0.0	0.0	0.0	0.0
202607	340A50110	62	租税公課	0.0	0.0	0.0	0.0	0.0	0.0
202607	340A50110	63	業務委託費	0.0	0.0	0.0	0.0	0.0	0.0
202607	340A50110	64	業務受託収入	0.0	0.0	0.0	0.0	0.0	0.0
202607	340A50110	65	システム管理料	0.0	0.0	0.0	0.0	0.0	0.0
202607	340A50110	66	情報機器利用料	37700.0	37700.0	37700.0	0.0	100.0	100.0
202607	340A50110	67	貸倒金	0.0	0.0	0.0	0.0	0.0	0.0
202607	340A50110	68	雑費	325.0	325.0	325.0	0.0	100.0	100.0
202607	340A50110	69	福利消耗品費	0.0	0.0	0.0	0.0	0.0	0.0
202607	340A50110	70	教育研修費	0.0	0.0	358.0	0.0	0.0	0.0
202607	340A50110	71	雑給	0.0	0.0	0.0	0.0	0.0	0.0
202607	340A50110	72	社内金利（固定資産）	2433.0	2433.0	2433.0	0.0	100.0	100.0
202607	340A50110	73	社内金利（売掛金）	0.0	0.0	0.0	0.0	0.0	0.0
202607	340A50110	74	部門共通（経費）	-660426.0	-1060926.0	-378282.0	0.0	0.0	0.0
202607	340A50110	75	全社共通（経費）	0.0	0.0	0.0	0.0	0.0	0.0
202607	340A50110	76	グループ共通	31600.0	31600.0	31600.0	0.0	100.0	100.0
202607	340A50110	77	差引収益	0.0	0.0	0.0	0.0	0.0	0.0
202607	340A50110	78	差引比率	0.0	0.0	0.0		0.0	0.0
202607	340A50110	79	総時間	0.0	0.0	0.0		0.0	0.0
202607	340A50110	80	定時間	362.0	362.0	344.0		95.0	95.0
202607	340A50110	81	残業時間	30.0	30.0	33.25		110.8	110.8
202607	340A50110	82	移動時間	0.0	0.0	0.0		0.0	0.0
202607	340A50110	83	部門共通（時間）	-392.0	-392.0	-377.25		0.0	0.0
202607	340A50110	84	全社共通（時間）	0.0	0.0	0.0		0.0	0.0
202607	340A50110	85	当月時間当り	0.0	0.0	0.0		0.0	0.0
202607	340A50110	86	人員	2.0	2.0	2.0		100.0	100.0
202607	340B30100	1	総受注高	200000.0	200000.0	104612.0		52.3	52.3
202607	340B30100	2	許諾料	0.0	0.0	0.0	0.0	0.0	0.0
202607	340B30100	3	穂木	0.0	0.0	0.0	0.0	0.0	0.0
202607	340B30100	4	ﾛｲﾔﾙﾃｨ	0.0	0.0	0.0	0.0	0.0	0.0
202607	340B30100	5	バラ	0.0	0.0	0.0	0.0	0.0	0.0
202607	340B30100	6	通信販売	200000.0	200000.0	104612.0	100.0	52.3	52.3
202607	340B30100	7	セット苗	0.0	0.0	0.0	0.0	0.0	0.0
202607	340B30100	8	その他	0.0	0.0	0.0	0.0	0.0	0.0
202607	340B30100	9	総売上高	400000.0	300000.0	315101.0		105.0	78.7
202607	340B30100	10	許諾料	0.0	0.0	0.0	0.0	0.0	0.0
202607	340B30100	11	穂木	0.0	0.0	0.0	0.0	0.0	0.0
202607	340B30100	12	ﾛｲﾔﾙﾃｨ	0.0	0.0	0.0	0.0	0.0	0.0
202607	340B30100	13	バラ	0.0	0.0	0.0	0.0	0.0	0.0
202607	340B30100	14	通信販売	400000.0	300000.0	315101.0	100.0	105.0	78.7
202607	340B30100	15	セット苗	0.0	0.0	0.0	0.0	0.0	0.0
202607	340B30100	16	その他	0.0	0.0	0.0	0.0	0.0	0.0
202607	340B30100	17	社外売上	41625000.0	37800000.0	40473926.0		107.0	97.2
202607	340B30100	18	売上原価	26732135.0	27582669.0	28181033.0	0.0	102.1	105.4
202607	340B30100	19	穂木・苗仕入高	21993790.0	22626315.0	22855443.0	0.0	101.0	103.9
202607	340B30100	20	送料	4623845.0	4841854.0	5265887.0	0.0	108.7	113.8
202607	340B30100	21	その他	114500.0	114500.0	59703.0	18.9	52.1	52.1
202607	340B30100	22	総生産	81500.0	81500.0	73662.0	23.3	90.3	90.3
202607	340B30100	23	社内売	306500.0	306500.0	473700.0	150.3	154.5	154.5
202607	340B30100	24	社内仕入	225000.0	225000.0	400038.0	126.9	177.7	177.7
202607	340B30100	25	営業口銭	-824500.0	-750000.0	-802235.0		0.0	0.0
202607	340B30100	26	総収益	14149865.0	9548831.0	11564320.0	0.0	121.1	81.7
202607	340B30100	27	経費合計	4503390.0	3810403.0	4374942.0	0.0	114.8	97.1
202607	340B30100	28	種苗費	0.0	0.0	0.0	0.0	0.0	0.0
202607	340B30100	29	肥料費	22000.0	0.0	0.0	0.0	0.0	0.0
202607	340B30100	30	培土費用	0.0	0.0	0.0	0.0	0.0	0.0
202607	340B30100	31	農薬衛生費	39439.0	35788.0	35784.0	11.3	99.9	90.7
202607	340B30100	32	農具費	0.0	0.0	30110.0	9.5	0.0	0.0
202607	340B30100	33	諸材料費	626020.0	40500.0	342609.0	108.7	845.9	54.7
202607	340B30100	34	その他仕入高	0.0	0.0	0.0	0.0	0.0	0.0
202607	340B30100	35	減価償却費	856369.0	856370.0	856369.0	271.7	99.9	100.0
202607	340B30100	36	車両費	37200.0	40800.0	50459.0	16.0	123.6	135.6
202607	340B30100	37	旅費交通費	650000.0	450000.0	600110.0	190.4	133.3	92.3
202607	340B30100	38	荷造運搬費	168000.0	243600.0	317138.0	100.6	130.1	188.7
202607	340B30100	39	通信費	68170.0	68361.0	61353.0	19.4	89.7	90.0
202607	340B30100	40	水道光熱費	152174.0	225208.0	257158.0	81.6	114.1	168.9
202607	340B30100	41	動力費	0.0	0.0	0.0	0.0	0.0	0.0
202607	340B30100	42	燃料費	0.0	0.0	0.0	0.0	0.0	0.0
202607	340B30100	43	事務用品費	21733.0	20232.0	19877.0	6.3	98.2	91.4
202607	340B30100	44	消耗品費	18508.0	12961.0	27182.0	8.6	209.7	146.8
202607	340B30100	45	廃棄物処理料	64173.0	66653.0	30982.0	9.8	46.4	48.2
202607	340B30100	46	広告宣伝費	38400.0	38400.0	0.0	0.0	0.0	0.0
202607	340B30100	47	接待交際費	5000.0	3000.0	10703.0	3.3	356.7	214.0
202607	340B30100	48	研究開発費	0.0	0.0	0.0	0.0	0.0	0.0
202607	340B30100	49	クレーム費	0.0	0.0	0.0	0.0	0.0	0.0
202607	340B30100	50	賃借料	171213.0	171213.0	171213.0	54.3	100.0	100.0
202607	340B30100	51	賃貸料収入	0.0	0.0	0.0	0.0	0.0	0.0
202607	340B30100	52	修繕費	23000.0	0.0	57000.0	18.0	0.0	247.8
202607	340B30100	53	支払リース料	0.0	6646.0	0.0	0.0	0.0	0.0
202607	340B30100	54	保険料	18952.0	864.0	12262.0	3.8		64.7
202607	340B30100	55	支払報酬	0.0	0.0	0.0	0.0	0.0	0.0
202607	340B30100	56	販売手数料	0.0	0.0	0.0	0.0	0.0	0.0
202607	340B30100	57	支払手数料	49725.0	48948.0	50290.0	15.9	102.7	101.1
202607	340B30100	58	診断料	7700.0	0.0	0.0	0.0	0.0	0.0
202607	340B30100	59	諸会費	0.0	0.0	1944.0	0.6	0.0	0.0
202607	340B30100	60	会議費	0.0	0.0	0.0	0.0	0.0	0.0
202607	340B30100	61	寄付金	0.0	0.0	0.0	0.0	0.0	0.0
202607	340B30100	62	租税公課	0.0	0.0	0.0	0.0	0.0	0.0
202607	340B30100	63	業務委託費	166000.0	166000.0	128000.0	40.6	77.1	77.1
202607	340B30100	64	業務受託収入	0.0	0.0	0.0	0.0	0.0	0.0
202607	340B30100	65	システム管理料	43000.0	43000.0	43000.0	13.6	100.0	100.0
202607	340B30100	66	情報機器利用料	205450.0	205450.0	239200.0	75.9	116.4	116.4
202607	340B30100	67	貸倒金	0.0	0.0	0.0	0.0	0.0	0.0
202607	340B30100	68	雑費	9689.0	8716.0	5530.0	1.7	63.4	57.0
202607	340B30100	69	福利消耗品費	3625.0	1925.0	0.0	0.0	0.0	0.0
202607	340B30100	70	教育研修費	0.0	0.0	896.0	0.2	0.0	0.0
202607	340B30100	71	雑給	0.0	0.0	0.0	0.0	0.0	0.0
202607	340B30100	72	社内金利（固定資産）	214625.0	226860.0	214625.0	68.1	94.6	100.0
202607	340B30100	73	社内金利（売掛金）	0.0	0.0	0.0	0.0	0.0	0.0
202607	340B30100	74	部門共通（経費）	0.0	0.0	0.0	0.0	0.0	0.0
202607	340B30100	75	全社共通（経費）	633425.0	639108.0	621348.0	197.1	97.2	98.0
202607	340B30100	76	グループ共通	189800.0	189800.0	189800.0	60.2	100.0	100.0
202607	340B30100	77	差引収益	9646475.0	5738428.0	7189378.0	0.0	125.2	74.5
202607	340B30100	78	差引比率	2003.4	1504.1	1849.2		122.9	92.3
202607	340B30100	79	総時間	2231.25	2184.25	2117.5		96.9	94.9
202607	340B30100	80	定時間	2016.0	1960.0	1940.75		99.0	96.2
202607	340B30100	81	残業時間	105.0	107.0	67.5		63.0	64.2
202607	340B30100	82	移動時間	0.0	0.0	0.0		0.0	0.0
202607	340B30100	83	部門共通（時間）	0.0	0.0	0.0		0.0	0.0
202607	340B30100	84	全社共通（時間）	110.25	117.25	109.25		93.1	99.0
202607	340B30100	85	当月時間当り	4323.3	2627.1	3395.2		129.2	78.5
202607	340B30100	86	人員	12.0	12.0	12.0		100.0	100.0
202607	340A60200	1	総受注高	0.0	0.0	0.0		0.0	0.0
202607	340A60200	2	許諾料	0.0	0.0	0.0	0.0	0.0	0.0
202607	340A60200	3	穂木	0.0	0.0	0.0	0.0	0.0	0.0
202607	340A60200	4	ﾛｲﾔﾙﾃｨ	0.0	0.0	0.0	0.0	0.0	0.0
202607	340A60200	5	バラ	0.0	0.0	0.0	0.0	0.0	0.0
202607	340A60200	6	通信販売	0.0	0.0	0.0	0.0	0.0	0.0
202607	340A60200	7	セット苗	0.0	0.0	0.0	0.0	0.0	0.0
202607	340A60200	8	その他	0.0	0.0	0.0	0.0	0.0	0.0
202607	340A60200	9	総売上高	0.0	0.0	0.0		0.0	0.0
202607	340A60200	10	許諾料	0.0	0.0	0.0	0.0	0.0	0.0
202607	340A60200	11	穂木	0.0	0.0	0.0	0.0	0.0	0.0
202607	340A60200	12	ﾛｲﾔﾙﾃｨ	0.0	0.0	0.0	0.0	0.0	0.0
202607	340A60200	13	バラ	0.0	0.0	0.0	0.0	0.0	0.0
202607	340A60200	14	通信販売	0.0	0.0	0.0	0.0	0.0	0.0
202607	340A60200	15	セット苗	0.0	0.0	0.0	0.0	0.0	0.0
202607	340A60200	16	その他	0.0	0.0	0.0	0.0	0.0	0.0
202607	340A60200	17	社外売上	0.0	0.0	0.0		0.0	0.0
202607	340A60200	18	売上原価	0.0	0.0	0.0	0.0	0.0	0.0
202607	340A60200	19	穂木・苗仕入高	0.0	0.0	0.0	0.0	0.0	0.0
202607	340A60200	20	送料	0.0	0.0	0.0	0.0	0.0	0.0
202607	340A60200	21	その他	0.0	0.0	0.0	0.0	0.0	0.0
202607	340A60200	22	総生産	0.0	0.0	0.0	0.0	0.0	0.0
202607	340A60200	23	社内売	0.0	0.0	0.0	0.0	0.0	0.0
202607	340A60200	24	社内仕入	0.0	0.0	0.0	0.0	0.0	0.0
202607	340A60200	25	営業口銭	0.0	0.0	0.0		0.0	0.0
202607	340A60200	26	総収益	0.0	0.0	0.0	0.0	0.0	0.0
202607	340A60200	27	経費合計	0.0	0.0	0.0	0.0	0.0	0.0
202607	340A60200	28	種苗費	0.0	0.0	0.0	0.0	0.0	0.0
202607	340A60200	29	肥料費	0.0	0.0	0.0	0.0	0.0	0.0
202607	340A60200	30	培土費用	0.0	0.0	0.0	0.0	0.0	0.0
202607	340A60200	31	農薬衛生費	0.0	0.0	0.0	0.0	0.0	0.0
202607	340A60200	32	農具費	0.0	0.0	0.0	0.0	0.0	0.0
202607	340A60200	33	諸材料費	0.0	0.0	0.0	0.0	0.0	0.0
202607	340A60200	34	その他仕入高	0.0	0.0	0.0	0.0	0.0	0.0
202607	340A60200	35	減価償却費	1580515.0	1580515.0	1580515.0	0.0	100.0	100.0
202607	340A60200	36	車両費	43562.0	48562.0	43942.0	0.0	90.4	100.8
202607	340A60200	37	旅費交通費	34000.0	34000.0	0.0	0.0	0.0	0.0
202607	340A60200	38	荷造運搬費	0.0	1000.0	0.0	0.0	0.0	0.0
202607	340A60200	39	通信費	32168.0	29591.0	26581.0	0.0	89.8	82.6
202607	340A60200	40	水道光熱費	52877.0	60000.0	49805.0	0.0	83.0	94.1
202607	340A60200	41	動力費	0.0	0.0	0.0	0.0	0.0	0.0
202607	340A60200	42	燃料費	0.0	0.0	0.0	0.0	0.0	0.0
202607	340A60200	43	事務用品費	10151.0	2000.0	13124.0	0.0	656.2	129.2
202607	340A60200	44	消耗品費	4000.0	3500.0	8886.0	0.0	253.8	222.1
202607	340A60200	45	廃棄物処理料	14251.0	1647.0	1751.0	0.0	106.3	12.2
202607	340A60200	46	広告宣伝費	10000.0	9091.0	0.0	0.0	0.0	0.0
202607	340A60200	47	接待交際費	5000.0	5000.0	4150.0	0.0	83.0	83.0
202607	340A60200	48	研究開発費	0.0	0.0	0.0	0.0	0.0	0.0
202607	340A60200	49	クレーム費	0.0	0.0	0.0	0.0	0.0	0.0
202607	340A60200	50	賃借料	227866.0	221377.0	227866.0	0.0	102.9	100.0
202607	340A60200	51	賃貸料収入	-20000.0	-20000.0	-20000.0	0.0	0.0	0.0
202607	340A60200	52	修繕費	0.0	0.0	0.0	0.0	0.0	0.0
202607	340A60200	53	支払リース料	0.0	2000.0	0.0	0.0	0.0	0.0
202607	340A60200	54	保険料	640.0	0.0	50640.0	0.0	0.0	
202607	340A60200	55	支払報酬	735490.0	735490.0	735445.0	0.0	99.9	99.9
202607	340A60200	56	販売手数料	0.0	0.0	0.0	0.0	0.0	0.0
202607	340A60200	57	支払手数料	113065.0	162500.0	115530.0	0.0	71.0	102.1
202607	340A60200	58	診断料	0.0	0.0	0.0	0.0	0.0	0.0
202607	340A60200	59	諸会費	0.0	0.0	0.0	0.0	0.0	0.0
202607	340A60200	60	会議費	0.0	0.0	0.0	0.0	0.0	0.0
202607	340A60200	61	寄付金	0.0	0.0	0.0	0.0	0.0	0.0
202607	340A60200	62	租税公課	347200.0	347200.0	283000.0	0.0	81.5	81.5
202607	340A60200	63	業務委託費	0.0	0.0	0.0	0.0	0.0	0.0
202607	340A60200	64	業務受託収入	0.0	0.0	0.0	0.0	0.0	0.0
202607	340A60200	65	システム管理料	237000.0	237000.0	237000.0	0.0	100.0	100.0
202607	340A60200	66	情報機器利用料	140180.0	140180.0	140180.0	0.0	100.0	100.0
202607	340A60200	67	貸倒金	0.0	0.0	0.0	0.0	0.0	0.0
202607	340A60200	68	雑費	6251.0	6176.0	5632.0	0.0	91.1	90.0
202607	340A60200	69	福利消耗品費	0.0	0.0	0.0	0.0	0.0	0.0
202607	340A60200	70	教育研修費	0.0	0.0	720.0	0.0	0.0	0.0
202607	340A60200	71	雑給	0.0	0.0	0.0	0.0	0.0	0.0
202607	340A60200	72	社内金利（固定資産）	4866.0	4921.0	4866.0	0.0	98.8	100.0
202607	340A60200	73	社内金利（売掛金）	0.0	0.0	0.0	0.0	0.0	0.0
202607	340A60200	74	部門共通（経費）	0.0	0.0	0.0	0.0	0.0	0.0
202607	340A60200	75	全社共通（経費）	-3642482.0	-3675150.0	-3573033.0	0.0	0.0	0.0
202607	340A60200	76	グループ共通	63400.0	63400.0	63400.0	0.0	100.0	100.0
202607	340A60200	77	差引収益	0.0	0.0	0.0	0.0	0.0	0.0
202607	340A60200	78	差引比率	0.0	0.0	0.0		0.0	0.0
202607	340A60200	79	総時間	0.0	0.0	0.0		0.0	0.0
202607	340A60200	80	定時間	664.0	696.0	677.25		97.3	101.9
202607	340A60200	81	残業時間	50.0	48.0	30.0		62.5	60.0
202607	340A60200	82	移動時間	-77.75	-68.0	-77.75		0.0	0.0
202607	340A60200	83	部門共通（時間）	0.0	0.0	0.0		0.0	0.0
202607	340A60200	84	全社共通（時間）	-636.25	-676.0	-629.5		0.0	0.0
202607	340A60200	85	当月時間当り	0.0	0.0	0.0		0.0	0.0
202607	340A60200	86	人員	4.0	4.0	4.0		100.0	100.0
202607	340A60100	1	総受注高	0.0	0.0	0.0		0.0	0.0
202607	340A60100	2	許諾料	0.0	0.0	0.0	0.0	0.0	0.0
202607	340A60100	3	穂木	0.0	0.0	0.0	0.0	0.0	0.0
202607	340A60100	4	ﾛｲﾔﾙﾃｨ	0.0	0.0	0.0	0.0	0.0	0.0
202607	340A60100	5	バラ	0.0	0.0	0.0	0.0	0.0	0.0
202607	340A60100	6	通信販売	0.0	0.0	0.0	0.0	0.0	0.0
202607	340A60100	7	セット苗	0.0	0.0	0.0	0.0	0.0	0.0
202607	340A60100	8	その他	0.0	0.0	0.0	0.0	0.0	0.0
202607	340A60100	9	総売上高	0.0	0.0	0.0		0.0	0.0
202607	340A60100	10	許諾料	0.0	0.0	0.0	0.0	0.0	0.0
202607	340A60100	11	穂木	0.0	0.0	0.0	0.0	0.0	0.0
202607	340A60100	12	ﾛｲﾔﾙﾃｨ	0.0	0.0	0.0	0.0	0.0	0.0
202607	340A60100	13	バラ	0.0	0.0	0.0	0.0	0.0	0.0
202607	340A60100	14	通信販売	0.0	0.0	0.0	0.0	0.0	0.0
202607	340A60100	15	セット苗	0.0	0.0	0.0	0.0	0.0	0.0
202607	340A60100	16	その他	0.0	0.0	0.0	0.0	0.0	0.0
202607	340A60100	17	社外売上	0.0	0.0	0.0		0.0	0.0
202607	340A60100	18	売上原価	0.0	0.0	0.0	0.0	0.0	0.0
202607	340A60100	19	穂木・苗仕入高	0.0	0.0	0.0	0.0	0.0	0.0
202607	340A60100	20	送料	0.0	0.0	0.0	0.0	0.0	0.0
202607	340A60100	21	その他	0.0	0.0	0.0	0.0	0.0	0.0
202607	340A60100	22	総生産	0.0	0.0	0.0	0.0	0.0	0.0
202607	340A60100	23	社内売	0.0	0.0	0.0	0.0	0.0	0.0
202607	340A60100	24	社内仕入	0.0	0.0	0.0	0.0	0.0	0.0
202607	340A60100	25	営業口銭	0.0	0.0	0.0		0.0	0.0
202607	340A60100	26	総収益	0.0	0.0	0.0	0.0	0.0	0.0
202607	340A60100	27	経費合計	0.0	0.0	0.0	0.0	0.0	0.0
202607	340A60100	28	種苗費	0.0	0.0	0.0	0.0	0.0	0.0
202607	340A60100	29	肥料費	0.0	0.0	0.0	0.0	0.0	0.0
202607	340A60100	30	培土費用	0.0	0.0	0.0	0.0	0.0	0.0
202607	340A60100	31	農薬衛生費	0.0	0.0	0.0	0.0	0.0	0.0
202607	340A60100	32	農具費	0.0	0.0	0.0	0.0	0.0	0.0
202607	340A60100	33	諸材料費	0.0	0.0	0.0	0.0	0.0	0.0
202607	340A60100	34	その他仕入高	0.0	0.0	0.0	0.0	0.0	0.0
202607	340A60100	35	減価償却費	1580515.0	1580515.0	1580515.0	0.0	100.0	100.0
202607	340A60100	36	車両費	43562.0	48562.0	43942.0	0.0	90.4	100.8
202607	340A60100	37	旅費交通費	34000.0	34000.0	0.0	0.0	0.0	0.0
202607	340A60100	38	荷造運搬費	0.0	1000.0	0.0	0.0	0.0	0.0
202607	340A60100	39	通信費	32168.0	29591.0	26581.0	0.0	89.8	82.6
202607	340A60100	40	水道光熱費	52877.0	60000.0	49805.0	0.0	83.0	94.1
202607	340A60100	41	動力費	0.0	0.0	0.0	0.0	0.0	0.0
202607	340A60100	42	燃料費	0.0	0.0	0.0	0.0	0.0	0.0
202607	340A60100	43	事務用品費	10151.0	2000.0	13124.0	0.0	656.2	129.2
202607	340A60100	44	消耗品費	4000.0	3500.0	8886.0	0.0	253.8	222.1
202607	340A60100	45	廃棄物処理料	14251.0	1647.0	1751.0	0.0	106.3	12.2
202607	340A60100	46	広告宣伝費	10000.0	9091.0	0.0	0.0	0.0	0.0
202607	340A60100	47	接待交際費	5000.0	5000.0	4150.0	0.0	83.0	83.0
202607	340A60100	48	研究開発費	0.0	0.0	0.0	0.0	0.0	0.0
202607	340A60100	49	クレーム費	0.0	0.0	0.0	0.0	0.0	0.0
202607	340A60100	50	賃借料	227866.0	221377.0	227866.0	0.0	102.9	100.0
202607	340A60100	51	賃貸料収入	-20000.0	-20000.0	-20000.0	0.0	0.0	0.0
202607	340A60100	52	修繕費	0.0	0.0	0.0	0.0	0.0	0.0
202607	340A60100	53	支払リース料	0.0	2000.0	0.0	0.0	0.0	0.0
202607	340A60100	54	保険料	640.0	0.0	50640.0	0.0	0.0	
202607	340A60100	55	支払報酬	735490.0	735490.0	735445.0	0.0	99.9	99.9
202607	340A60100	56	販売手数料	0.0	0.0	0.0	0.0	0.0	0.0
202607	340A60100	57	支払手数料	113065.0	162500.0	115530.0	0.0	71.0	102.1
202607	340A60100	58	診断料	0.0	0.0	0.0	0.0	0.0	0.0
202607	340A60100	59	諸会費	0.0	0.0	0.0	0.0	0.0	0.0
202607	340A60100	60	会議費	0.0	0.0	0.0	0.0	0.0	0.0
202607	340A60100	61	寄付金	0.0	0.0	0.0	0.0	0.0	0.0
202607	340A60100	62	租税公課	347200.0	347200.0	283000.0	0.0	81.5	81.5
202607	340A60100	63	業務委託費	0.0	0.0	0.0	0.0	0.0	0.0
202607	340A60100	64	業務受託収入	0.0	0.0	0.0	0.0	0.0	0.0
202607	340A60100	65	システム管理料	237000.0	237000.0	237000.0	0.0	100.0	100.0
202607	340A60100	66	情報機器利用料	140180.0	140180.0	140180.0	0.0	100.0	100.0
202607	340A60100	67	貸倒金	0.0	0.0	0.0	0.0	0.0	0.0
202607	340A60100	68	雑費	6251.0	6176.0	5632.0	0.0	91.1	90.0
202607	340A60100	69	福利消耗品費	0.0	0.0	0.0	0.0	0.0	0.0
202607	340A60100	70	教育研修費	0.0	0.0	720.0	0.0	0.0	0.0
202607	340A60100	71	雑給	0.0	0.0	0.0	0.0	0.0	0.0
202607	340A60100	72	社内金利（固定資産）	4866.0	4921.0	4866.0	0.0	98.8	100.0
202607	340A60100	73	社内金利（売掛金）	0.0	0.0	0.0	0.0	0.0	0.0
202607	340A60100	74	部門共通（経費）	0.0	0.0	0.0	0.0	0.0	0.0
202607	340A60100	75	全社共通（経費）	-3642482.0	-3675150.0	-3573033.0	0.0	0.0	0.0
202607	340A60100	76	グループ共通	63400.0	63400.0	63400.0	0.0	100.0	100.0
202607	340A60100	77	差引収益	0.0	0.0	0.0	0.0	0.0	0.0
202607	340A60100	78	差引比率	0.0	0.0	0.0		0.0	0.0
202607	340A60100	79	総時間	0.0	0.0	0.0		0.0	0.0
202607	340A60100	80	定時間	664.0	696.0	677.25		97.3	101.9
202607	340A60100	81	残業時間	50.0	48.0	30.0		62.5	60.0
202607	340A60100	82	移動時間	-77.75	-68.0	-77.75		0.0	0.0
202607	340A60100	83	部門共通（時間）	0.0	0.0	0.0		0.0	0.0
202607	340A60100	84	全社共通（時間）	-636.25	-676.0	-629.5		0.0	0.0
202607	340A60100	85	当月時間当り	0.0	0.0	0.0		0.0	0.0
202607	340A60100	86	人員	4.0	4.0	4.0		100.0	100.0
202607	340B30310	1	総受注高	0.0	0.0	0.0		0.0	0.0
202607	340B30310	2	許諾料	0.0	0.0	0.0	0.0	0.0	0.0
202607	340B30310	3	穂木	0.0	0.0	0.0	0.0	0.0	0.0
202607	340B30310	4	ﾛｲﾔﾙﾃｨ	0.0	0.0	0.0	0.0	0.0	0.0
202607	340B30310	5	バラ	0.0	0.0	0.0	0.0	0.0	0.0
202607	340B30310	6	通信販売	0.0	0.0	0.0	0.0	0.0	0.0
202607	340B30310	7	セット苗	0.0	0.0	0.0	0.0	0.0	0.0
202607	340B30310	8	その他	0.0	0.0	0.0	0.0	0.0	0.0
202607	340B30310	9	総売上高	0.0	0.0	0.0		0.0	0.0
202607	340B30310	10	許諾料	0.0	0.0	0.0	0.0	0.0	0.0
202607	340B30310	11	穂木	0.0	0.0	0.0	0.0	0.0	0.0
202607	340B30310	12	ﾛｲﾔﾙﾃｨ	0.0	0.0	0.0	0.0	0.0	0.0
202607	340B30310	13	バラ	0.0	0.0	0.0	0.0	0.0	0.0
202607	340B30310	14	通信販売	0.0	0.0	0.0	0.0	0.0	0.0
202607	340B30310	15	セット苗	0.0	0.0	0.0	0.0	0.0	0.0
202607	340B30310	16	その他	0.0	0.0	0.0	0.0	0.0	0.0
202607	340B30310	17	社外売上	18914049.0	18397491.0	18973003.0		103.1	100.3
202607	340B30310	18	売上原価	0.0	0.0	0.0	0.0	0.0	0.0
202607	340B30310	19	穂木・苗仕入高	0.0	0.0	0.0	0.0	0.0	0.0
202607	340B30310	20	送料	0.0	0.0	0.0	0.0	0.0	0.0
202607	340B30310	21	その他	0.0	0.0	0.0	0.0	0.0	0.0
202607	340B30310	22	総生産	71000.0	71000.0	-95400.0	0.0	0.0	0.0
202607	340B30310	23	社内売	125000.0	125000.0	125000.0	0.0	100.0	100.0
202607	340B30310	24	社内仕入	54000.0	54000.0	220400.0	0.0	408.1	408.1
202607	340B30310	25	営業口銭	-6619917.0	-6439122.0	-6639593.0		0.0	0.0
202607	340B30310	26	総収益	12365132.0	12029369.0	12238010.0	0.0	101.7	98.9
202607	340B30310	27	経費合計	2203207.0	2234916.0	1849997.0	0.0	82.7	83.9
202607	340B30310	28	種苗費	0.0	0.0	0.0	0.0	0.0	0.0
202607	340B30310	29	肥料費	0.0	0.0	0.0	0.0	0.0	0.0
202607	340B30310	30	培土費用	239500.0	0.0	-60270.0	0.0	0.0	0.0
202607	340B30310	31	農薬衛生費	82164.0	74558.0	74559.0	0.0	100.0	90.7
202607	340B30310	32	農具費	0.0	0.0	0.0	0.0	0.0	0.0
202607	340B30310	33	諸材料費	187558.0	456358.0	273114.0	0.0	59.8	145.6
202607	340B30310	34	その他仕入高	0.0	0.0	0.0	0.0	0.0	0.0
202607	340B30310	35	減価償却費	300631.0	300634.0	309535.0	0.0	102.9	102.9
202607	340B30310	36	車両費	142300.0	117277.0	84574.0	0.0	72.1	59.4
202607	340B30310	37	旅費交通費	0.0	0.0	0.0	0.0	0.0	0.0
202607	340B30310	38	荷造運搬費	0.0	0.0	1670.0	0.0	0.0	0.0
202607	340B30310	39	通信費	11648.0	11648.0	9415.0	0.0	80.8	80.8
202607	340B30310	40	水道光熱費	230674.0	230674.0	226672.0	0.0	98.2	98.2
202607	340B30310	41	動力費	0.0	0.0	0.0	0.0	0.0	0.0
202607	340B30310	42	燃料費	0.0	0.0	0.0	0.0	0.0	0.0
202607	340B30310	43	事務用品費	6814.0	6814.0	4469.0	0.0	65.5	65.5
202607	340B30310	44	消耗品費	17369.0	17369.0	20674.0	0.0	119.0	119.0
202607	340B30310	45	廃棄物処理料	1754.0	1754.0	37018.0	0.0		
202607	340B30310	46	広告宣伝費	0.0	0.0	0.0	0.0	0.0	0.0
202607	340B30310	47	接待交際費	0.0	0.0	0.0	0.0	0.0	0.0
202607	340B30310	48	研究開発費	0.0	0.0	0.0	0.0	0.0	0.0
202607	340B30310	49	クレーム費	0.0	0.0	0.0	0.0	0.0	0.0
202607	340B30310	50	賃借料	42828.0	42828.0	42828.0	0.0	100.0	100.0
202607	340B30310	51	賃貸料収入	0.0	0.0	0.0	0.0	0.0	0.0
202607	340B30310	52	修繕費	1500.0	1500.0	0.0	0.0	0.0	0.0
202607	340B30310	53	支払リース料	0.0	0.0	0.0	0.0	0.0	0.0
202607	340B30310	54	保険料	202.0	202.0	202.0	0.0	100.0	100.0
202607	340B30310	55	支払報酬	0.0	0.0	0.0	0.0	0.0	0.0
202607	340B30310	56	販売手数料	0.0	0.0	0.0	0.0	0.0	0.0
202607	340B30310	57	支払手数料	3408.0	3408.0	3408.0	0.0	100.0	100.0
202607	340B30310	58	診断料	3850.0	3850.0	0.0	0.0	0.0	0.0
202607	340B30310	59	諸会費	0.0	0.0	4050.0	0.0	0.0	0.0
202607	340B30310	60	会議費	0.0	0.0	0.0	0.0	0.0	0.0
202607	340B30310	61	寄付金	0.0	0.0	0.0	0.0	0.0	0.0
202607	340B30310	62	租税公課	0.0	0.0	0.0	0.0	0.0	0.0
202607	340B30310	63	業務委託費	0.0	0.0	0.0	0.0	0.0	0.0
202607	340B30310	64	業務受託収入	0.0	0.0	0.0	0.0	0.0	0.0
202607	340B30310	65	システム管理料	0.0	0.0	0.0	0.0	0.0	0.0
202607	340B30310	66	情報機器利用料	33900.0	33900.0	37700.0	0.0	111.2	111.2
202607	340B30310	67	貸倒金	0.0	0.0	0.0	0.0	0.0	0.0
202607	340B30310	68	雑費	10559.0	7559.0	6071.0	0.0	80.3	57.4
202607	340B30310	69	福利消耗品費	3625.0	3625.0	8280.0	0.0	228.4	228.4
202607	340B30310	70	教育研修費	0.0	0.0	0.0	0.0	0.0	0.0
202607	340B30310	71	雑給	0.0	0.0	0.0	0.0	0.0	0.0
202607	340B30310	72	社内金利（固定資産）	60611.0	60611.0	72592.0	0.0	119.7	119.7
202607	340B30310	73	社内金利（売掛金）	0.0	0.0	0.0	0.0	0.0	0.0
202607	340B30310	74	部門共通（経費）	204933.0	238708.0	85113.0	0.0	35.6	41.5
202607	340B30310	75	全社共通（経費）	474979.0	479239.0	465923.0	0.0	97.2	98.0
202607	340B30310	76	グループ共通	142400.0	142400.0	142400.0	0.0	100.0	100.0
202607	340B30310	77	差引収益	10161925.0	9794453.0	10388013.0	0.0	106.0	102.2
202607	340B30310	78	差引比率	14312.5	13795.0	-10888.9		0.0	0.0
202607	340B30310	79	総時間	1953.0	1883.0	1695.75		90.0	86.8
202607	340B30310	80	定時間	1606.0	1574.0	1412.75		89.7	87.9
202607	340B30310	81	残業時間	50.0	45.0	26.5		58.8	53.0
202607	340B30310	82	移動時間	92.0	88.0	89.75		101.9	97.5
202607	340B30310	83	部門共通（時間）	122.25	88.0	84.75		96.3	69.3
202607	340B30310	84	全社共通（時間）	82.75	88.0	82.0		93.1	99.0
202607	340B30310	85	当月時間当り	5203.2	5201.5	6125.9		117.7	117.7
202607	340B30310	86	人員	9.0	10.0	9.0		90.0	100.0
202607	340B50600	1	総受注高	0.0	0.0	0.0		0.0	0.0
202607	340B50600	2	許諾料	0.0	0.0	0.0	0.0	0.0	0.0
202607	340B50600	3	穂木	0.0	0.0	0.0	0.0	0.0	0.0
202607	340B50600	4	ﾛｲﾔﾙﾃｨ	0.0	0.0	0.0	0.0	0.0	0.0
202607	340B50600	5	バラ	0.0	0.0	0.0	0.0	0.0	0.0
202607	340B50600	6	通信販売	0.0	0.0	0.0	0.0	0.0	0.0
202607	340B50600	7	セット苗	0.0	0.0	0.0	0.0	0.0	0.0
202607	340B50600	8	その他	0.0	0.0	0.0	0.0	0.0	0.0
202607	340B50600	9	総売上高	0.0	0.0	0.0		0.0	0.0
202607	340B50600	10	許諾料	0.0	0.0	0.0	0.0	0.0	0.0
202607	340B50600	11	穂木	0.0	0.0	0.0	0.0	0.0	0.0
202607	340B50600	12	ﾛｲﾔﾙﾃｨ	0.0	0.0	0.0	0.0	0.0	0.0
202607	340B50600	13	バラ	0.0	0.0	0.0	0.0	0.0	0.0
202607	340B50600	14	通信販売	0.0	0.0	0.0	0.0	0.0	0.0
202607	340B50600	15	セット苗	0.0	0.0	0.0	0.0	0.0	0.0
202607	340B50600	16	その他	0.0	0.0	0.0	0.0	0.0	0.0
202607	340B50600	17	社外売上	91905000.0	89395001.0	92196193.0		103.1	100.3
202607	340B50600	18	売上原価	0.0	0.0	0.0	0.0	0.0	0.0
202607	340B50600	19	穂木・苗仕入高	0.0	0.0	0.0	0.0	0.0	0.0
202607	340B50600	20	送料	0.0	0.0	0.0	0.0	0.0	0.0
202607	340B50600	21	その他	0.0	0.0	0.0	0.0	0.0	0.0
202607	340B50600	22	総生産	171000.0	171000.0	3800.0	0.0	2.2	2.2
202607	340B50600	23	社内売	225000.0	225000.0	225000.0	0.0	100.0	100.0
202607	340B50600	24	社内仕入	54000.0	54000.0	221200.0	0.0	409.6	409.6
202607	340B50600	25	営業口銭	-32166750.0	-31288250.0	-32264708.0		0.0	0.0
202607	340B50600	26	総収益	59909250.0	58277751.0	59935285.0	0.0	102.8	100.0
202607	340B50600	27	経費合計	11366340.0	12450521.0	11680033.0	0.0	93.8	102.7
202607	340B50600	28	種苗費	0.0	0.0	0.0	0.0	0.0	0.0
202607	340B50600	29	肥料費	36000.0	88340.0	49614.0	0.0	56.1	137.8
202607	340B50600	30	培土費用	239500.0	45000.0	-60270.0	0.0	0.0	0.0
202607	340B50600	31	農薬衛生費	359219.0	332445.0	326110.0	0.0	98.0	90.7
202607	340B50600	32	農具費	10000.0	10000.0	3198.0	0.0	31.9	31.9
202607	340B50600	33	諸材料費	421558.0	837158.0	658041.0	0.0	78.6	156.0
202607	340B50600	34	その他仕入高	0.0	0.0	0.0	0.0	0.0	0.0
202607	340B50600	35	減価償却費	965824.0	965827.0	972565.0	0.0	100.6	100.6
202607	340B50600	36	車両費	910766.0	816735.0	566851.0	0.0	69.4	62.2
202607	340B50600	37	旅費交通費	173000.0	243000.0	267778.0	0.0	110.1	154.7
202607	340B50600	38	荷造運搬費	5000.0	15000.0	4060.0	0.0	27.0	81.2
202607	340B50600	39	通信費	68473.0	68473.0	72406.0	0.0	105.7	105.7
202607	340B50600	40	水道光熱費	512967.0	512967.0	666648.0	0.0	129.9	129.9
202607	340B50600	41	動力費	0.0	0.0	0.0	0.0	0.0	0.0
202607	340B50600	42	燃料費	0.0	0.0	0.0	0.0	0.0	0.0
202607	340B50600	43	事務用品費	32531.0	32531.0	26252.0	0.0	80.6	80.6
202607	340B50600	44	消耗品費	72624.0	69624.0	78992.0	0.0	113.4	108.7
202607	340B50600	45	廃棄物処理料	67585.0	67585.0	119144.0	0.0	176.2	176.2
202607	340B50600	46	広告宣伝費	0.0	0.0	0.0	0.0	0.0	0.0
202607	340B50600	47	接待交際費	0.0	0.0	0.0	0.0	0.0	0.0
202607	340B50600	48	研究開発費	454546.0	454546.0	0.0	0.0	0.0	0.0
202607	340B50600	49	クレーム費	0.0	0.0	0.0	0.0	0.0	0.0
202607	340B50600	50	賃借料	312936.0	312936.0	402936.0	0.0	128.7	128.7
202607	340B50600	51	賃貸料収入	-20000.0	-20000.0	-65000.0	0.0	0.0	0.0
202607	340B50600	52	修繕費	41500.0	661900.0	1193367.0	0.0	180.2	
202607	340B50600	53	支払リース料	2299.0	2299.0	2299.0	0.0	100.0	100.0
202607	340B50600	54	保険料	13466.0	13466.0	1466.0	0.0	10.8	10.8
202607	340B50600	55	支払報酬	0.0	0.0	0.0	0.0	0.0	0.0
202607	340B50600	56	販売手数料	0.0	0.0	0.0	0.0	0.0	0.0
202607	340B50600	57	支払手数料	451059.0	851559.0	192379.0	0.0	22.5	42.6
202607	340B50600	58	診断料	19200.0	19200.0	3850.0	0.0	20.0	20.0
202607	340B50600	59	諸会費	18250.0	18250.0	14256.0	0.0	78.1	78.1
202607	340B50600	60	会議費	0.0	0.0	0.0	0.0	0.0	0.0
202607	340B50600	61	寄付金	0.0	0.0	0.0	0.0	0.0	0.0
202607	340B50600	62	租税公課	0.0	0.0	4500.0	0.0	0.0	0.0
202607	340B50600	63	業務委託費	3260000.0	3260000.0	3247000.0	0.0	99.6	99.6
202607	340B50600	64	業務受託収入	0.0	0.0	0.0	0.0	0.0	0.0
202607	340B50600	65	システム管理料	100000.0	100000.0	90000.0	0.0	90.0	90.0
202607	340B50600	66	情報機器利用料	475290.0	475290.0	514550.0	0.0	108.2	108.2
202607	340B50600	67	貸倒金	0.0	0.0	0.0	0.0	0.0	0.0
202607	340B50600	68	雑費	37514.0	25637.0	26075.0	0.0	101.7	69.5
202607	340B50600	69	福利消耗品費	4825.0	8335.0	14860.0	0.0	178.2	307.9
202607	340B50600	70	教育研修費	0.0	0.0	358.0	0.0	0.0	0.0
202607	340B50600	71	雑給	0.0	0.0	0.0	0.0	0.0	0.0
202607	340B50600	72	社内金利（固定資産）	243850.0	243850.0	259457.0	0.0	106.4	106.4
202607	340B50600	73	社内金利（売掛金）	0.0	0.0	0.0	0.0	0.0	0.0
202607	340B50600	74	部門共通（経費）	-66042.0	-238708.0	-85113.0	0.0	0.0	0.0
202607	340B50600	75	全社共通（経費）	1636200.0	1650876.0	1605004.0	0.0	97.2	98.0
202607	340B50600	76	グループ共通	506400.0	506400.0	506400.0	0.0	100.0	100.0
202607	340B50600	77	差引収益	48542910.0	45827230.0	48255252.0	0.0	105.2	99.4
202607	340B50600	78	差引比率	28387.6	26799.5	1269875.0			
202607	340B50600	79	総時間	6044.75	5891.25	5567.75		94.5	92.1
202607	340B50600	80	定時間	5507.5	5425.0	5178.5		95.4	94.0
202607	340B50600	81	残業時間	311.0	275.0	198.0		72.0	63.6
202607	340B50600	82	移動時間	-20.0	-24.0	-6.5		0.0	0.0
202607	340B50600	83	部門共通（時間）	-39.0	-88.0	-84.75		0.0	0.0
202607	340B50600	84	全社共通（時間）	285.25	303.25	282.5		93.1	99.0
202607	340B50600	85	当月時間当り	8030.5	7778.8	8666.9		111.4	107.9
202607	340B50600	86	人員	32.0	31.0	32.0		103.2	100.0
202607	340B50100	1	総受注高	0.0	0.0	0.0		0.0	0.0
202607	340B50100	2	許諾料	0.0	0.0	0.0	0.0	0.0	0.0
202607	340B50100	3	穂木	0.0	0.0	0.0	0.0	0.0	0.0
202607	340B50100	4	ﾛｲﾔﾙﾃｨ	0.0	0.0	0.0	0.0	0.0	0.0
202607	340B50100	5	バラ	0.0	0.0	0.0	0.0	0.0	0.0
202607	340B50100	6	通信販売	0.0	0.0	0.0	0.0	0.0	0.0
202607	340B50100	7	セット苗	0.0	0.0	0.0	0.0	0.0	0.0
202607	340B50100	8	その他	0.0	0.0	0.0	0.0	0.0	0.0
202607	340B50100	9	総売上高	0.0	0.0	0.0		0.0	0.0
202607	340B50100	10	許諾料	0.0	0.0	0.0	0.0	0.0	0.0
202607	340B50100	11	穂木	0.0	0.0	0.0	0.0	0.0	0.0
202607	340B50100	12	ﾛｲﾔﾙﾃｨ	0.0	0.0	0.0	0.0	0.0	0.0
202607	340B50100	13	バラ	0.0	0.0	0.0	0.0	0.0	0.0
202607	340B50100	14	通信販売	0.0	0.0	0.0	0.0	0.0	0.0
202607	340B50100	15	セット苗	0.0	0.0	0.0	0.0	0.0	0.0
202607	340B50100	16	その他	0.0	0.0	0.0	0.0	0.0	0.0
202607	340B50100	17	社外売上	91905000.0	89395001.0	92196193.0		103.1	100.3
202607	340B50100	18	売上原価	0.0	0.0	0.0	0.0	0.0	0.0
202607	340B50100	19	穂木・苗仕入高	0.0	0.0	0.0	0.0	0.0	0.0
202607	340B50100	20	送料	0.0	0.0	0.0	0.0	0.0	0.0
202607	340B50100	21	その他	0.0	0.0	0.0	0.0	0.0	0.0
202607	340B50100	22	総生産	171000.0	171000.0	3800.0	0.0	2.2	2.2
202607	340B50100	23	社内売	225000.0	225000.0	225000.0	0.0	100.0	100.0
202607	340B50100	24	社内仕入	54000.0	54000.0	221200.0	0.0	409.6	409.6
202607	340B50100	25	営業口銭	-32166750.0	-31288250.0	-32264708.0		0.0	0.0
202607	340B50100	26	総収益	59909250.0	58277751.0	59935285.0	0.0	102.8	100.0
202607	340B50100	27	経費合計	11366340.0	12450521.0	11680033.0	0.0	93.8	102.7
202607	340B50100	28	種苗費	0.0	0.0	0.0	0.0	0.0	0.0
202607	340B50100	29	肥料費	36000.0	88340.0	49614.0	0.0	56.1	137.8
202607	340B50100	30	培土費用	239500.0	45000.0	-60270.0	0.0	0.0	0.0
202607	340B50100	31	農薬衛生費	359219.0	332445.0	326110.0	0.0	98.0	90.7
202607	340B50100	32	農具費	10000.0	10000.0	3198.0	0.0	31.9	31.9
202607	340B50100	33	諸材料費	421558.0	837158.0	658041.0	0.0	78.6	156.0
202607	340B50100	34	その他仕入高	0.0	0.0	0.0	0.0	0.0	0.0
202607	340B50100	35	減価償却費	965824.0	965827.0	972565.0	0.0	100.6	100.6
202607	340B50100	36	車両費	910766.0	816735.0	566851.0	0.0	69.4	62.2
202607	340B50100	37	旅費交通費	173000.0	243000.0	267778.0	0.0	110.1	154.7
202607	340B50100	38	荷造運搬費	5000.0	15000.0	4060.0	0.0	27.0	81.2
202607	340B50100	39	通信費	68473.0	68473.0	72406.0	0.0	105.7	105.7
202607	340B50100	40	水道光熱費	512967.0	512967.0	666648.0	0.0	129.9	129.9
202607	340B50100	41	動力費	0.0	0.0	0.0	0.0	0.0	0.0
202607	340B50100	42	燃料費	0.0	0.0	0.0	0.0	0.0	0.0
202607	340B50100	43	事務用品費	32531.0	32531.0	26252.0	0.0	80.6	80.6
202607	340B50100	44	消耗品費	72624.0	69624.0	78992.0	0.0	113.4	108.7
202607	340B50100	45	廃棄物処理料	67585.0	67585.0	119144.0	0.0	176.2	176.2
202607	340B50100	46	広告宣伝費	0.0	0.0	0.0	0.0	0.0	0.0
202607	340B50100	47	接待交際費	0.0	0.0	0.0	0.0	0.0	0.0
202607	340B50100	48	研究開発費	454546.0	454546.0	0.0	0.0	0.0	0.0
202607	340B50100	49	クレーム費	0.0	0.0	0.0	0.0	0.0	0.0
202607	340B50100	50	賃借料	312936.0	312936.0	402936.0	0.0	128.7	128.7
202607	340B50100	51	賃貸料収入	-20000.0	-20000.0	-65000.0	0.0	0.0	0.0
202607	340B50100	52	修繕費	41500.0	661900.0	1193367.0	0.0	180.2	
202607	340B50100	53	支払リース料	2299.0	2299.0	2299.0	0.0	100.0	100.0
202607	340B50100	54	保険料	13466.0	13466.0	1466.0	0.0	10.8	10.8
202607	340B50100	55	支払報酬	0.0	0.0	0.0	0.0	0.0	0.0
202607	340B50100	56	販売手数料	0.0	0.0	0.0	0.0	0.0	0.0
202607	340B50100	57	支払手数料	451059.0	851559.0	192379.0	0.0	22.5	42.6
202607	340B50100	58	診断料	19200.0	19200.0	3850.0	0.0	20.0	20.0
202607	340B50100	59	諸会費	18250.0	18250.0	14256.0	0.0	78.1	78.1
202607	340B50100	60	会議費	0.0	0.0	0.0	0.0	0.0	0.0
202607	340B50100	61	寄付金	0.0	0.0	0.0	0.0	0.0	0.0
202607	340B50100	62	租税公課	0.0	0.0	4500.0	0.0	0.0	0.0
202607	340B50100	63	業務委託費	3260000.0	3260000.0	3247000.0	0.0	99.6	99.6
202607	340B50100	64	業務受託収入	0.0	0.0	0.0	0.0	0.0	0.0
202607	340B50100	65	システム管理料	100000.0	100000.0	90000.0	0.0	90.0	90.0
202607	340B50100	66	情報機器利用料	475290.0	475290.0	514550.0	0.0	108.2	108.2
202607	340B50100	67	貸倒金	0.0	0.0	0.0	0.0	0.0	0.0
202607	340B50100	68	雑費	37514.0	25637.0	26075.0	0.0	101.7	69.5
202607	340B50100	69	福利消耗品費	4825.0	8335.0	14860.0	0.0	178.2	307.9
202607	340B50100	70	教育研修費	0.0	0.0	358.0	0.0	0.0	0.0
202607	340B50100	71	雑給	0.0	0.0	0.0	0.0	0.0	0.0
202607	340B50100	72	社内金利（固定資産）	243850.0	243850.0	259457.0	0.0	106.4	106.4
202607	340B50100	73	社内金利（売掛金）	0.0	0.0	0.0	0.0	0.0	0.0
202607	340B50100	74	部門共通（経費）	-66042.0	-238708.0	-85113.0	0.0	0.0	0.0
202607	340B50100	75	全社共通（経費）	1636200.0	1650876.0	1605004.0	0.0	97.2	98.0
202607	340B50100	76	グループ共通	506400.0	506400.0	506400.0	0.0	100.0	100.0
202607	340B50100	77	差引収益	48542910.0	45827230.0	48255252.0	0.0	105.2	99.4
202607	340B50100	78	差引比率	28387.6	26799.5	1269875.0			
202607	340B50100	79	総時間	6044.75	5891.25	5567.75		94.5	92.1
202607	340B50100	80	定時間	5507.5	5425.0	5178.5		95.4	94.0
202607	340B50100	81	残業時間	311.0	275.0	198.0		72.0	63.6
202607	340B50100	82	移動時間	-20.0	-24.0	-6.5		0.0	0.0
202607	340B50100	83	部門共通（時間）	-39.0	-88.0	-84.75		0.0	0.0
202607	340B50100	84	全社共通（時間）	285.25	303.25	282.5		93.1	99.0
202607	340B50100	85	当月時間当り	8030.5	7778.8	8666.9		111.4	107.9
202607	340B50100	86	人員	32.0	31.0	32.0		103.2	100.0
202607	004092000	1	総受注高	0.0	0.0	0.0		0.0	0.0
202607	004092000	2	許諾料	0.0	0.0	0.0	0.0	0.0	0.0
202607	004092000	3	穂木	0.0	0.0	0.0	0.0	0.0	0.0
202607	004092000	4	ﾛｲﾔﾙﾃｨ	0.0	0.0	0.0	0.0	0.0	0.0
202607	004092000	5	バラ	0.0	0.0	0.0	0.0	0.0	0.0
202607	004092000	6	通信販売	0.0	0.0	0.0	0.0	0.0	0.0
202607	004092000	7	セット苗	0.0	0.0	0.0	0.0	0.0	0.0
202607	004092000	8	その他	0.0	0.0	0.0	0.0	0.0	0.0
202607	004092000	9	総売上高	0.0	0.0	0.0		0.0	0.0
202607	004092000	10	許諾料	0.0	0.0	0.0	0.0	0.0	0.0
202607	004092000	11	穂木	0.0	0.0	0.0	0.0	0.0	0.0
202607	004092000	12	ﾛｲﾔﾙﾃｨ	0.0	0.0	0.0	0.0	0.0	0.0
202607	004092000	13	バラ	0.0	0.0	0.0	0.0	0.0	0.0
202607	004092000	14	通信販売	0.0	0.0	0.0	0.0	0.0	0.0
202607	004092000	15	セット苗	0.0	0.0	0.0	0.0	0.0	0.0
202607	004092000	16	その他	0.0	0.0	0.0	0.0	0.0	0.0
202607	004092000	17	社外売上	0.0	0.0	0.0		0.0	0.0
202607	004092000	18	売上原価	0.0	0.0	0.0	0.0	0.0	0.0
202607	004092000	19	穂木・苗仕入高	0.0	0.0	0.0	0.0	0.0	0.0
202607	004092000	20	送料	0.0	0.0	0.0	0.0	0.0	0.0
202607	004092000	21	その他	0.0	0.0	0.0	0.0	0.0	0.0
202607	004092000	22	総生産	0.0	0.0	0.0	0.0	0.0	0.0
202607	004092000	23	社内売	0.0	0.0	0.0	0.0	0.0	0.0
202607	004092000	24	社内仕入	0.0	0.0	0.0	0.0	0.0	0.0
202607	004092000	25	営業口銭	0.0	0.0	0.0		0.0	0.0
202607	004092000	26	総収益	0.0	0.0	0.0	0.0	0.0	0.0
202607	004092000	27	経費合計	0.0	0.0	0.0	0.0	0.0	0.0
202607	004092000	28	種苗費	0.0	0.0	0.0	0.0	0.0	0.0
202607	004092000	29	肥料費	0.0	0.0	0.0	0.0	0.0	0.0
202607	004092000	30	培土費用	0.0	0.0	0.0	0.0	0.0	0.0
202607	004092000	31	農薬衛生費	0.0	0.0	0.0	0.0	0.0	0.0
202607	004092000	32	農具費	0.0	0.0	0.0	0.0	0.0	0.0
202607	004092000	33	諸材料費	0.0	0.0	0.0	0.0	0.0	0.0
202607	004092000	34	その他仕入高	0.0	0.0	0.0	0.0	0.0	0.0
202607	004092000	35	減価償却費	0.0	0.0	0.0	0.0	0.0	0.0
202607	004092000	36	車両費	0.0	0.0	0.0	0.0	0.0	0.0
202607	004092000	37	旅費交通費	0.0	0.0	0.0	0.0	0.0	0.0
202607	004092000	38	荷造運搬費	0.0	0.0	0.0	0.0	0.0	0.0
202607	004092000	39	通信費	0.0	0.0	0.0	0.0	0.0	0.0
202607	004092000	40	水道光熱費	0.0	0.0	0.0	0.0	0.0	0.0
202607	004092000	41	動力費	0.0	0.0	0.0	0.0	0.0	0.0
202607	004092000	42	燃料費	0.0	0.0	0.0	0.0	0.0	0.0
202607	004092000	43	事務用品費	0.0	0.0	0.0	0.0	0.0	0.0
202607	004092000	44	消耗品費	0.0	0.0	0.0	0.0	0.0	0.0
202607	004092000	45	廃棄物処理料	0.0	0.0	0.0	0.0	0.0	0.0
202607	004092000	46	広告宣伝費	0.0	0.0	0.0	0.0	0.0	0.0
202607	004092000	47	接待交際費	0.0	0.0	0.0	0.0	0.0	0.0
202607	004092000	48	研究開発費	0.0	0.0	0.0	0.0	0.0	0.0
202607	004092000	49	クレーム費	0.0	0.0	0.0	0.0	0.0	0.0
202607	004092000	50	賃借料	0.0	0.0	0.0	0.0	0.0	0.0
202607	004092000	51	賃貸料収入	0.0	0.0	0.0	0.0	0.0	0.0
202607	004092000	52	修繕費	0.0	0.0	0.0	0.0	0.0	0.0
202607	004092000	53	支払リース料	0.0	0.0	0.0	0.0	0.0	0.0
202607	004092000	54	保険料	0.0	0.0	0.0	0.0	0.0	0.0
202607	004092000	55	支払報酬	0.0	0.0	0.0	0.0	0.0	0.0
202607	004092000	56	販売手数料	0.0	0.0	0.0	0.0	0.0	0.0
202607	004092000	57	支払手数料	0.0	0.0	0.0	0.0	0.0	0.0
202607	004092000	58	診断料	0.0	0.0	0.0	0.0	0.0	0.0
202607	004092000	59	諸会費	0.0	0.0	0.0	0.0	0.0	0.0
202607	004092000	60	会議費	0.0	0.0	0.0	0.0	0.0	0.0
202607	004092000	61	寄付金	0.0	0.0	0.0	0.0	0.0	0.0
202607	004092000	62	租税公課	0.0	0.0	0.0	0.0	0.0	0.0
202607	004092000	63	業務委託費	0.0	0.0	0.0	0.0	0.0	0.0
202607	004092000	64	業務受託収入	0.0	0.0	0.0	0.0	0.0	0.0
202607	004092000	65	システム管理料	0.0	0.0	0.0	0.0	0.0	0.0
202607	004092000	66	情報機器利用料	0.0	0.0	0.0	0.0	0.0	0.0
202607	004092000	67	貸倒金	0.0	0.0	0.0	0.0	0.0	0.0
202607	004092000	68	雑費	0.0	0.0	0.0	0.0	0.0	0.0
202607	004092000	69	福利消耗品費	0.0	0.0	0.0	0.0	0.0	0.0
202607	004092000	70	教育研修費	0.0	0.0	0.0	0.0	0.0	0.0
202607	004092000	71	雑給	0.0	0.0	0.0	0.0	0.0	0.0
202607	004092000	72	社内金利（固定資産）	0.0	0.0	0.0	0.0	0.0	0.0
202607	004092000	73	社内金利（売掛金）	0.0	0.0	0.0	0.0	0.0	0.0
202607	004092000	74	部門共通（経費）	0.0	0.0	0.0	0.0	0.0	0.0
202607	004092000	75	全社共通（経費）	0.0	0.0	0.0	0.0	0.0	0.0
202607	004092000	76	グループ共通	0.0	0.0	0.0	0.0	0.0	0.0
202607	004092000	77	差引収益	0.0	0.0	0.0	0.0	0.0	0.0
202607	004092000	78	差引比率	0.0	0.0	0.0		0.0	0.0
202607	004092000	79	総時間	0.0	0.0	0.0		0.0	0.0
202607	004092000	80	定時間	0.0	0.0	0.0		0.0	0.0
202607	004092000	81	残業時間	0.0	0.0	0.0		0.0	0.0
202607	004092000	82	移動時間	0.0	0.0	0.0		0.0	0.0
202607	004092000	83	部門共通（時間）	0.0	0.0	0.0		0.0	0.0
202607	004092000	84	全社共通（時間）	0.0	0.0	0.0		0.0	0.0
202607	004092000	85	当月時間当り	0.0	0.0	0.0		0.0	0.0
202607	004092000	86	人員	0.0	0.0	0.0		0.0	0.0
202607	340B30200	1	総受注高	0.0	0.0	0.0		0.0	0.0
202607	340B30200	2	許諾料	0.0	0.0	0.0	0.0	0.0	0.0
202607	340B30200	3	穂木	0.0	0.0	0.0	0.0	0.0	0.0
202607	340B30200	4	ﾛｲﾔﾙﾃｨ	0.0	0.0	0.0	0.0	0.0	0.0
202607	340B30200	5	バラ	0.0	0.0	0.0	0.0	0.0	0.0
202607	340B30200	6	通信販売	0.0	0.0	0.0	0.0	0.0	0.0
202607	340B30200	7	セット苗	0.0	0.0	0.0	0.0	0.0	0.0
202607	340B30200	8	その他	0.0	0.0	0.0	0.0	0.0	0.0
202607	340B30200	9	総売上高	0.0	0.0	0.0		0.0	0.0
202607	340B30200	10	許諾料	0.0	0.0	0.0	0.0	0.0	0.0
202607	340B30200	11	穂木	0.0	0.0	0.0	0.0	0.0	0.0
202607	340B30200	12	ﾛｲﾔﾙﾃｨ	0.0	0.0	0.0	0.0	0.0	0.0
202607	340B30200	13	バラ	0.0	0.0	0.0	0.0	0.0	0.0
202607	340B30200	14	通信販売	0.0	0.0	0.0	0.0	0.0	0.0
202607	340B30200	15	セット苗	0.0	0.0	0.0	0.0	0.0	0.0
202607	340B30200	16	その他	0.0	0.0	0.0	0.0	0.0	0.0
202607	340B30200	17	社外売上	5771500.0	5250000.0	5622217.0		107.0	97.4
202607	340B30200	18	売上原価	0.0	0.0	0.0	0.0	0.0	0.0
202607	340B30200	19	穂木・苗仕入高	0.0	0.0	0.0	0.0	0.0	0.0
202607	340B30200	20	送料	0.0	0.0	0.0	0.0	0.0	0.0
202607	340B30200	21	その他	0.0	0.0	0.0	0.0	0.0	0.0
202607	340B30200	22	総生産	106500.0	106500.0	273700.0	0.0	256.9	256.9
202607	340B30200	23	社内売	206500.0	206500.0	373700.0	0.0	180.9	180.9
202607	340B30200	24	社内仕入	100000.0	100000.0	100000.0	0.0	100.0	100.0
202607	340B30200	25	営業口銭	-115430.0	-105000.0	-111948.0		0.0	0.0
202607	340B30200	26	総収益	5762570.0	5251500.0	5783969.0	0.0	110.1	100.3
202607	340B30200	27	経費合計	3532642.0	2744994.0	3552013.0	0.0	129.3	100.5
202607	340B30200	28	種苗費	0.0	0.0	0.0	0.0	0.0	0.0
202607	340B30200	29	肥料費	0.0	0.0	0.0	0.0	0.0	0.0
202607	340B30200	30	培土費用	0.0	0.0	0.0	0.0	0.0	0.0
202607	340B30200	31	農薬衛生費	39439.0	35788.0	35784.0	0.0	99.9	90.7
202607	340B30200	32	農具費	0.0	0.0	30110.0	0.0	0.0	0.0
202607	340B30200	33	諸材料費	626020.0	0.0	320949.0	0.0	0.0	51.2
202607	340B30200	34	その他仕入高	0.0	0.0	0.0	0.0	0.0	0.0
202607	340B30200	35	減価償却費	815727.0	815728.0	815727.0	0.0	99.9	100.0
202607	340B30200	36	車両費	37200.0	40800.0	50459.0	0.0	123.6	135.6
202607	340B30200	37	旅費交通費	600000.0	400000.0	597973.0	0.0	149.4	99.6
202607	340B30200	38	荷造運搬費	90000.0	90000.0	278868.0	0.0	309.8	309.8
202607	340B30200	39	通信費	34504.0	32807.0	29929.0	0.0	91.2	86.7
202607	340B30200	40	水道光熱費	116549.0	189583.0	224286.0	0.0	118.3	192.4
202607	340B30200	41	動力費	0.0	0.0	0.0	0.0	0.0	0.0
202607	340B30200	42	燃料費	0.0	0.0	0.0	0.0	0.0	0.0
202607	340B30200	43	事務用品費	9132.0	9132.0	11331.0	0.0	124.0	124.0
202607	340B30200	44	消耗品費	8790.0	7574.0	13554.0	0.0	178.9	154.1
202607	340B30200	45	廃棄物処理料	11270.0	13750.0	13655.0	0.0	99.3	121.1
202607	340B30200	46	広告宣伝費	0.0	0.0	0.0	0.0	0.0	0.0
202607	340B30200	47	接待交際費	5000.0	0.0	7234.0	0.0	0.0	144.6
202607	340B30200	48	研究開発費	0.0	0.0	0.0	0.0	0.0	0.0
202607	340B30200	49	クレーム費	0.0	0.0	0.0	0.0	0.0	0.0
202607	340B30200	50	賃借料	97019.0	97019.0	97019.0	0.0	100.0	100.0
202607	340B30200	51	賃貸料収入	0.0	0.0	0.0	0.0	0.0	0.0
202607	340B30200	52	修繕費	23000.0	0.0	57000.0	0.0	0.0	247.8
202607	340B30200	53	支払リース料	0.0	6646.0	0.0	0.0	0.0	0.0
202607	340B30200	54	保険料	18545.0	545.0	11855.0	0.0		63.9
202607	340B30200	55	支払報酬	0.0	0.0	0.0	0.0	0.0	0.0
202607	340B30200	56	販売手数料	0.0	0.0	0.0	0.0	0.0	0.0
202607	340B30200	57	支払手数料	5381.0	5381.0	5596.0	0.0	103.9	103.9
202607	340B30200	58	診断料	7700.0	0.0	0.0	0.0	0.0	0.0
202607	340B30200	59	諸会費	0.0	0.0	1944.0	0.0	0.0	0.0
202607	340B30200	60	会議費	0.0	0.0	0.0	0.0	0.0	0.0
202607	340B30200	61	寄付金	0.0	0.0	0.0	0.0	0.0	0.0
202607	340B30200	62	租税公課	0.0	0.0	0.0	0.0	0.0	0.0
202607	340B30200	63	業務委託費	166000.0	166000.0	128000.0	0.0	77.1	77.1
202607	340B30200	64	業務受託収入	0.0	0.0	0.0	0.0	0.0	0.0
202607	340B30200	65	システム管理料	0.0	0.0	0.0	0.0	0.0	0.0
202607	340B30200	66	情報機器利用料	131950.0	131950.0	144950.0	0.0	109.8	109.8
202607	340B30200	67	貸倒金	0.0	0.0	0.0	0.0	0.0	0.0
202607	340B30200	68	雑費	6006.0	5033.0	2509.0	0.0	49.8	41.7
202607	340B30200	69	福利消耗品費	3625.0	1925.0	0.0	0.0	0.0	0.0
202607	340B30200	70	教育研修費	0.0	0.0	538.0	0.0	0.0	0.0
202607	340B30200	71	雑給	0.0	0.0	0.0	0.0	0.0	0.0
202607	340B30200	72	社内金利（固定資産）	199638.0	211873.0	199638.0	0.0	94.2	100.0
202607	340B30200	73	社内金利（売掛金）	0.0	0.0	0.0	0.0	0.0	0.0
202607	340B30200	74	部門共通（経費）	0.0	0.0	0.0	0.0	0.0	0.0
202607	340B30200	75	全社共通（経費）	369347.0	372660.0	362305.0	0.0	97.2	98.0
202607	340B30200	76	グループ共通	110800.0	110800.0	110800.0	0.0	100.0	100.0
202607	340B30200	77	差引収益	2229928.0	2506506.0	2231956.0	0.0	89.0	100.0
202607	340B30200	78	差引比率	2093.8	2353.5	815.4		34.6	38.9
202607	340B30200	79	総時間	1366.5	1314.5	1264.25		96.1	92.5
202607	340B30200	80	定時間	1232.0	1176.0	1165.0		99.0	94.5
202607	340B30200	81	残業時間	70.0	70.0	35.5		50.7	50.7
202607	340B30200	82	移動時間	0.0	0.0	0.0		0.0	0.0
202607	340B30200	83	部門共通（時間）	0.0	0.0	0.0		0.0	0.0
202607	340B30200	84	全社共通（時間）	64.5	68.5	63.75		93.0	98.8
202607	340B30200	85	当月時間当り	1631.8	1906.8	1765.4		92.5	108.1
202607	340B30200	86	人員	7.0	7.0	7.0		100.0	100.0
202607	340A30110	1	総受注高	0.0	0.0	0.0		0.0	0.0
202607	340A30110	2	許諾料	0.0	0.0	0.0	0.0	0.0	0.0
202607	340A30110	3	穂木	0.0	0.0	0.0	0.0	0.0	0.0
202607	340A30110	4	ﾛｲﾔﾙﾃｨ	0.0	0.0	0.0	0.0	0.0	0.0
202607	340A30110	5	バラ	0.0	0.0	0.0	0.0	0.0	0.0
202607	340A30110	6	通信販売	0.0	0.0	0.0	0.0	0.0	0.0
202607	340A30110	7	セット苗	0.0	0.0	0.0	0.0	0.0	0.0
202607	340A30110	8	その他	0.0	0.0	0.0	0.0	0.0	0.0
202607	340A30110	9	総売上高	0.0	0.0	0.0		0.0	0.0
202607	340A30110	10	許諾料	0.0	0.0	0.0	0.0	0.0	0.0
202607	340A30110	11	穂木	0.0	0.0	0.0	0.0	0.0	0.0
202607	340A30110	12	ﾛｲﾔﾙﾃｨ	0.0	0.0	0.0	0.0	0.0	0.0
202607	340A30110	13	バラ	0.0	0.0	0.0	0.0	0.0	0.0
202607	340A30110	14	通信販売	0.0	0.0	0.0	0.0	0.0	0.0
202607	340A30110	15	セット苗	0.0	0.0	0.0	0.0	0.0	0.0
202607	340A30110	16	その他	0.0	0.0	0.0	0.0	0.0	0.0
202607	340A30110	17	社外売上	35453500.0	32250000.0	34536608.0		107.0	97.4
202607	340A30110	18	売上原価	26617635.0	27468169.0	28121330.0	0.0	102.3	105.6
202607	340A30110	19	穂木・苗仕入高	21993790.0	22626315.0	22855443.0	0.0	101.0	103.9
202607	340A30110	20	送料	4623845.0	4841854.0	5265887.0	0.0	108.7	113.8
202607	340A30110	21	その他	0.0	0.0	0.0	0.0	0.0	0.0
202607	340A30110	22	総生産	0.0	0.0	-175038.0	0.0	0.0	0.0
202607	340A30110	23	社内売	0.0	0.0	0.0	0.0	0.0	0.0
202607	340A30110	24	社内仕入	0.0	0.0	175038.0	0.0	0.0	0.0
202607	340A30110	25	営業口銭	-709070.0	-645000.0	-690287.0		0.0	0.0
202607	340A30110	26	総収益	8126795.0	4136831.0	5549953.0	0.0	134.1	68.2
202607	340A30110	27	経費合計	296196.0	298946.0	289280.0	0.0	96.7	97.6
202607	340A30110	28	種苗費	0.0	0.0	0.0	0.0	0.0	0.0
202607	340A30110	29	肥料費	0.0	0.0	0.0	0.0	0.0	0.0
202607	340A30110	30	培土費用	0.0	0.0	0.0	0.0	0.0	0.0
202607	340A30110	31	農薬衛生費	0.0	0.0	0.0	0.0	0.0	0.0
202607	340A30110	32	農具費	0.0	0.0	0.0	0.0	0.0	0.0
202607	340A30110	33	諸材料費	0.0	0.0	0.0	0.0	0.0	0.0
202607	340A30110	34	その他仕入高	0.0	0.0	0.0	0.0	0.0	0.0
202607	340A30110	35	減価償却費	2774.0	2774.0	2774.0	0.0	100.0	100.0
202607	340A30110	36	車両費	0.0	0.0	0.0	0.0	0.0	0.0
202607	340A30110	37	旅費交通費	0.0	0.0	0.0	0.0	0.0	0.0
202607	340A30110	38	荷造運搬費	0.0	0.0	0.0	0.0	0.0	0.0
202607	340A30110	39	通信費	11287.0	13089.0	12386.0	0.0	94.6	109.7
202607	340A30110	40	水道光熱費	26437.0	26437.0	24900.0	0.0	94.1	94.1
202607	340A30110	41	動力費	0.0	0.0	0.0	0.0	0.0	0.0
202607	340A30110	42	燃料費	0.0	0.0	0.0	0.0	0.0	0.0
202607	340A30110	43	事務用品費	4575.0	4575.0	6562.0	0.0	143.4	143.4
202607	340A30110	44	消耗品費	2000.0	2000.0	4441.0	0.0	222.0	222.0
202607	340A30110	45	廃棄物処理料	7125.0	7125.0	875.0	0.0	12.2	12.2
202607	340A30110	46	広告宣伝費	0.0	0.0	0.0	0.0	0.0	0.0
202607	340A30110	47	接待交際費	0.0	0.0	0.0	0.0	0.0	0.0
202607	340A30110	48	研究開発費	0.0	0.0	0.0	0.0	0.0	0.0
202607	340A30110	49	クレーム費	0.0	0.0	0.0	0.0	0.0	0.0
202607	340A30110	50	賃借料	55159.0	55159.0	55159.0	0.0	100.0	100.0
202607	340A30110	51	賃貸料収入	0.0	0.0	0.0	0.0	0.0	0.0
202607	340A30110	52	修繕費	0.0	0.0	0.0	0.0	0.0	0.0
202607	340A30110	53	支払リース料	0.0	0.0	0.0	0.0	0.0	0.0
202607	340A30110	54	保険料	319.0	319.0	319.0	0.0	100.0	100.0
202607	340A30110	55	支払報酬	0.0	0.0	0.0	0.0	0.0	0.0
202607	340A30110	56	販売手数料	0.0	0.0	0.0	0.0	0.0	0.0
202607	340A30110	57	支払手数料	8831.0	8831.0	5831.0	0.0	66.0	66.0
202607	340A30110	58	診断料	0.0	0.0	0.0	0.0	0.0	0.0
202607	340A30110	59	諸会費	0.0	0.0	0.0	0.0	0.0	0.0
202607	340A30110	60	会議費	0.0	0.0	0.0	0.0	0.0	0.0
202607	340A30110	61	寄付金	0.0	0.0	0.0	0.0	0.0	0.0
202607	340A30110	62	租税公課	0.0	0.0	0.0	0.0	0.0	0.0
202607	340A30110	63	業務委託費	0.0	0.0	0.0	0.0	0.0	0.0
202607	340A30110	64	業務受託収入	0.0	0.0	0.0	0.0	0.0	0.0
202607	340A30110	65	システム管理料	0.0	0.0	0.0	0.0	0.0	0.0
202607	340A30110	66	情報機器利用料	37700.0	37700.0	37700.0	0.0	100.0	100.0
202607	340A30110	67	貸倒金	0.0	0.0	0.0	0.0	0.0	0.0
202607	340A30110	68	雑費	325.0	325.0	325.0	0.0	100.0	100.0
202607	340A30110	69	福利消耗品費	0.0	0.0	0.0	0.0	0.0	0.0
202607	340A30110	70	教育研修費	0.0	0.0	358.0	0.0	0.0	0.0
202607	340A30110	71	雑給	0.0	0.0	0.0	0.0	0.0	0.0
202607	340A30110	72	社内金利（固定資産）	2433.0	2433.0	2433.0	0.0	100.0	100.0
202607	340A30110	73	社内金利（売掛金）	0.0	0.0	0.0	0.0	0.0	0.0
202607	340A30110	74	部門共通（経費）	0.0	0.0	0.0	0.0	0.0	0.0
202607	340A30110	75	全社共通（経費）	105631.0	106579.0	103617.0	0.0	97.2	98.0
202607	340A30110	76	グループ共通	31600.0	31600.0	31600.0	0.0	100.0	100.0
202607	340A30110	77	差引収益	7830599.0	3837885.0	5260673.0	0.0	137.0	67.1
202607	340A30110	78	差引比率	0.0	0.0	-3005.4		0.0	0.0
202607	340A30110	79	総時間	377.25	380.5	381.75		100.3	101.1
202607	340A30110	80	定時間	344.0	344.0	341.25		99.2	99.2
202607	340A30110	81	残業時間	15.0	17.0	22.25		130.8	148.3
202607	340A30110	82	移動時間	0.0	0.0	0.0		0.0	0.0
202607	340A30110	83	部門共通（時間）	0.0	0.0	0.0		0.0	0.0
202607	340A30110	84	全社共通（時間）	18.25	19.5	18.25		93.5	100.0
202607	340A30110	85	当月時間当り	20757.0	10086.4	13780.4		136.6	66.3
202607	340A30110	86	人員	2.0	2.0	2.0		100.0	100.0
202607	340B30320	1	総受注高	200000.0	200000.0	104612.0		52.3	52.3
202607	340B30320	2	許諾料	0.0	0.0	0.0	0.0	0.0	0.0
202607	340B30320	3	穂木	0.0	0.0	0.0	0.0	0.0	0.0
202607	340B30320	4	ﾛｲﾔﾙﾃｨ	0.0	0.0	0.0	0.0	0.0	0.0
202607	340B30320	5	バラ	0.0	0.0	0.0	0.0	0.0	0.0
202607	340B30320	6	通信販売	200000.0	200000.0	104612.0	100.0	52.3	52.3
202607	340B30320	7	セット苗	0.0	0.0	0.0	0.0	0.0	0.0
202607	340B30320	8	その他	0.0	0.0	0.0	0.0	0.0	0.0
202607	340B30320	9	総売上高	400000.0	300000.0	315101.0		105.0	78.7
202607	340B30320	10	許諾料	0.0	0.0	0.0	0.0	0.0	0.0
202607	340B30320	11	穂木	0.0	0.0	0.0	0.0	0.0	0.0
202607	340B30320	12	ﾛｲﾔﾙﾃｨ	0.0	0.0	0.0	0.0	0.0	0.0
202607	340B30320	13	バラ	0.0	0.0	0.0	0.0	0.0	0.0
202607	340B30320	14	通信販売	400000.0	300000.0	315101.0	100.0	105.0	78.7
202607	340B30320	15	セット苗	0.0	0.0	0.0	0.0	0.0	0.0
202607	340B30320	16	その他	0.0	0.0	0.0	0.0	0.0	0.0
202607	340B30320	17	社外売上	400000.0	300000.0	315101.0		105.0	78.7
202607	340B30320	18	売上原価	114500.0	114500.0	59703.0	18.9	52.1	52.1
202607	340B30320	19	穂木・苗仕入高	0.0	0.0	0.0	0.0	0.0	0.0
202607	340B30320	20	送料	0.0	0.0	0.0	0.0	0.0	0.0
202607	340B30320	21	その他	114500.0	114500.0	59703.0	18.9	52.1	52.1
202607	340B30320	22	総生産	-25000.0	-25000.0	-25000.0	0.0	0.0	0.0
202607	340B30320	23	社内売	100000.0	100000.0	100000.0	31.7	100.0	100.0
202607	340B30320	24	社内仕入	125000.0	125000.0	125000.0	39.6	100.0	100.0
202607	340B30320	25	営業口銭	0.0	0.0	0.0		0.0	0.0
202607	340B30320	26	総収益	260500.0	160500.0	230398.0	73.1	143.5	88.4
202607	340B30320	27	経費合計	674552.0	766463.0	533649.0	169.3	69.6	79.1
202607	340B30320	28	種苗費	0.0	0.0	0.0	0.0	0.0	0.0
202607	340B30320	29	肥料費	22000.0	0.0	0.0	0.0	0.0	0.0
202607	340B30320	30	培土費用	0.0	0.0	0.0	0.0	0.0	0.0
202607	340B30320	31	農薬衛生費	0.0	0.0	0.0	0.0	0.0	0.0
202607	340B30320	32	農具費	0.0	0.0	0.0	0.0	0.0	0.0
202607	340B30320	33	諸材料費	0.0	40500.0	21660.0	6.8	53.4	0.0
202607	340B30320	34	その他仕入高	0.0	0.0	0.0	0.0	0.0	0.0
202607	340B30320	35	減価償却費	37868.0	37868.0	37868.0	12.0	100.0	100.0
202607	340B30320	36	車両費	0.0	0.0	0.0	0.0	0.0	0.0
202607	340B30320	37	旅費交通費	50000.0	50000.0	2137.0	0.6	4.2	4.2
202607	340B30320	38	荷造運搬費	78000.0	153600.0	38270.0	12.1	24.9	49.0
202607	340B30320	39	通信費	22379.0	22465.0	19038.0	6.0	84.7	85.0
202607	340B30320	40	水道光熱費	9188.0	9188.0	7972.0	2.5	86.7	86.7
202607	340B30320	41	動力費	0.0	0.0	0.0	0.0	0.0	0.0
202607	340B30320	42	燃料費	0.0	0.0	0.0	0.0	0.0	0.0
202607	340B30320	43	事務用品費	8026.0	6525.0	1984.0	0.6	30.4	24.7
202607	340B30320	44	消耗品費	7718.0	3387.0	9187.0	2.9	271.2	119.0
202607	340B30320	45	廃棄物処理料	45778.0	45778.0	16452.0	5.2	35.9	35.9
202607	340B30320	46	広告宣伝費	38400.0	38400.0	0.0	0.0	0.0	0.0
202607	340B30320	47	接待交際費	0.0	3000.0	3469.0	1.1	115.6	0.0
202607	340B30320	48	研究開発費	0.0	0.0	0.0	0.0	0.0	0.0
202607	340B30320	49	クレーム費	0.0	0.0	0.0	0.0	0.0	0.0
202607	340B30320	50	賃借料	19035.0	19035.0	19035.0	6.0	100.0	100.0
202607	340B30320	51	賃貸料収入	0.0	0.0	0.0	0.0	0.0	0.0
202607	340B30320	52	修繕費	0.0	0.0	0.0	0.0	0.0	0.0
202607	340B30320	53	支払リース料	0.0	0.0	0.0	0.0	0.0	0.0
202607	340B30320	54	保険料	88.0	0.0	88.0	0.0	0.0	100.0
202607	340B30320	55	支払報酬	0.0	0.0	0.0	0.0	0.0	0.0
202607	340B30320	56	販売手数料	0.0	0.0	0.0	0.0	0.0	0.0
202607	340B30320	57	支払手数料	35513.0	34736.0	38863.0	12.3	111.8	109.4
202607	340B30320	58	診断料	0.0	0.0	0.0	0.0	0.0	0.0
202607	340B30320	59	諸会費	0.0	0.0	0.0	0.0	0.0	0.0
202607	340B30320	60	会議費	0.0	0.0	0.0	0.0	0.0	0.0
202607	340B30320	61	寄付金	0.0	0.0	0.0	0.0	0.0	0.0
202607	340B30320	62	租税公課	0.0	0.0	0.0	0.0	0.0	0.0
202607	340B30320	63	業務委託費	0.0	0.0	0.0	0.0	0.0	0.0
202607	340B30320	64	業務受託収入	0.0	0.0	0.0	0.0	0.0	0.0
202607	340B30320	65	システム管理料	43000.0	43000.0	43000.0	13.6	100.0	100.0
202607	340B30320	66	情報機器利用料	35800.0	35800.0	56550.0	17.9	157.9	157.9
202607	340B30320	67	貸倒金	0.0	0.0	0.0	0.0	0.0	0.0
202607	340B30320	68	雑費	3358.0	3358.0	2696.0	0.8	80.2	80.2
202607	340B30320	69	福利消耗品費	0.0	0.0	0.0	0.0	0.0	0.0
202607	340B30320	70	教育研修費	0.0	0.0	0.0	0.0	0.0	0.0
202607	340B30320	71	雑給	0.0	0.0	0.0	0.0	0.0	0.0
202607	340B30320	72	社内金利（固定資産）	12554.0	12554.0	12554.0	3.9	100.0	100.0
202607	340B30320	73	社内金利（売掛金）	0.0	0.0	0.0	0.0	0.0	0.0
202607	340B30320	74	部門共通（経費）	0.0	0.0	0.0	0.0	0.0	0.0
202607	340B30320	75	全社共通（経費）	158447.0	159869.0	155426.0	49.3	97.2	98.0
202607	340B30320	76	グループ共通	47400.0	47400.0	47400.0	15.0	100.0	100.0
202607	340B30320	77	差引収益	-414052.0	-605963.0	-303251.0	0.0	0.0	0.0
202607	340B30320	78	差引比率	-110.4	-220.3	-104.5		0.0	0.0
202607	340B30320	79	総時間	487.5	489.25	471.5		96.3	96.7
202607	340B30320	80	定時間	440.0	440.0	434.5		98.7	98.7
202607	340B30320	81	残業時間	20.0	20.0	9.75		48.7	48.7
202607	340B30320	82	移動時間	0.0	0.0	0.0		0.0	0.0
202607	340B30320	83	部門共通（時間）	0.0	0.0	0.0		0.0	0.0
202607	340B30320	84	全社共通（時間）	27.5	29.25	27.25		93.1	99.0
202607	340B30320	85	当月時間当り	-849.3	-1238.5	-643.1		0.0	0.0
202607	340B30320	86	人員	3.0	3.0	3.0		100.0	100.0
202607	340D50100	1	総受注高	0.0	0.0	0.0		0.0	0.0
202607	340D50100	2	許諾料	0.0	0.0	0.0	0.0	0.0	0.0
202607	340D50100	3	穂木	0.0	0.0	0.0	0.0	0.0	0.0
202607	340D50100	4	ﾛｲﾔﾙﾃｨ	0.0	0.0	0.0	0.0	0.0	0.0
202607	340D50100	5	バラ	0.0	0.0	0.0	0.0	0.0	0.0
202607	340D50100	6	通信販売	0.0	0.0	0.0	0.0	0.0	0.0
202607	340D50100	7	セット苗	0.0	0.0	0.0	0.0	0.0	0.0
202607	340D50100	8	その他	0.0	0.0	0.0	0.0	0.0	0.0
202607	340D50100	9	総売上高	0.0	0.0	0.0		0.0	0.0
202607	340D50100	10	許諾料	0.0	0.0	0.0	0.0	0.0	0.0
202607	340D50100	11	穂木	0.0	0.0	0.0	0.0	0.0	0.0
202607	340D50100	12	ﾛｲﾔﾙﾃｨ	0.0	0.0	0.0	0.0	0.0	0.0
202607	340D50100	13	バラ	0.0	0.0	0.0	0.0	0.0	0.0
202607	340D50100	14	通信販売	0.0	0.0	0.0	0.0	0.0	0.0
202607	340D50100	15	セット苗	0.0	0.0	0.0	0.0	0.0	0.0
202607	340D50100	16	その他	0.0	0.0	0.0	0.0	0.0	0.0
202607	340D50100	17	社外売上	310000.0	3200000.0	230000.0		7.1	74.1
202607	340D50100	18	売上原価	0.0	0.0	0.0	0.0	0.0	0.0
202607	340D50100	19	穂木・苗仕入高	0.0	0.0	0.0	0.0	0.0	0.0
202607	340D50100	20	送料	0.0	0.0	0.0	0.0	0.0	0.0
202607	340D50100	21	その他	0.0	0.0	0.0	0.0	0.0	0.0
202607	340D50100	22	総生産	-52500.0	-52500.0	122538.0	0.0	0.0	0.0
202607	340D50100	23	社内売	0.0	0.0	175038.0	0.0	0.0	0.0
202607	340D50100	24	社内仕入	52500.0	52500.0	52500.0	0.0	100.0	100.0
202607	340D50100	25	営業口銭	-31000.0	-320000.0	-23000.0		0.0	0.0
202607	340D50100	26	総収益	226500.0	2827500.0	329538.0	0.0	11.6	145.4
202607	340D50100	27	経費合計	1290674.0	1640822.0	1477528.0	0.0	90.0	114.4
202607	340D50100	28	種苗費	0.0	0.0	0.0	0.0	0.0	0.0
202607	340D50100	29	肥料費	0.0	0.0	0.0	0.0	0.0	0.0
202607	340D50100	30	培土費用	0.0	0.0	0.0	0.0	0.0	0.0
202607	340D50100	31	農薬衛生費	130000.0	200000.0	259056.0	0.0	129.5	199.2
202607	340D50100	32	農具費	5000.0	5000.0	5327.0	0.0	106.5	106.5
202607	340D50100	33	諸材料費	0.0	166000.0	400.0	0.0	0.2	0.0
202607	340D50100	34	その他仕入高	0.0	0.0	0.0	0.0	0.0	0.0
202607	340D50100	35	減価償却費	67337.0	67337.0	67337.0	0.0	100.0	100.0
202607	340D50100	36	車両費	36869.0	46741.0	81511.0	0.0	174.3	221.0
202607	340D50100	37	旅費交通費	0.0	0.0	0.0	0.0	0.0	0.0
202607	340D50100	38	荷造運搬費	0.0	0.0	0.0	0.0	0.0	0.0
202607	340D50100	39	通信費	21936.0	21936.0	21103.0	0.0	96.2	96.2
202607	340D50100	40	水道光熱費	85000.0	85000.0	109118.0	0.0	128.3	128.3
202607	340D50100	41	動力費	0.0	0.0	0.0	0.0	0.0	0.0
202607	340D50100	42	燃料費	0.0	0.0	0.0	0.0	0.0	0.0
202607	340D50100	43	事務用品費	5000.0	5000.0	2184.0	0.0	43.6	43.6
202607	340D50100	44	消耗品費	12500.0	7500.0	25277.0	0.0	337.0	202.2
202607	340D50100	45	廃棄物処理料	64000.0	0.0	0.0	0.0	0.0	0.0
202607	340D50100	46	広告宣伝費	0.0	0.0	0.0	0.0	0.0	0.0
202607	340D50100	47	接待交際費	0.0	0.0	0.0	0.0	0.0	0.0
202607	340D50100	48	研究開発費	0.0	0.0	0.0	0.0	0.0	0.0
202607	340D50100	49	クレーム費	0.0	0.0	0.0	0.0	0.0	0.0
202607	340D50100	50	賃借料	0.0	0.0	0.0	0.0	0.0	0.0
202607	340D50100	51	賃貸料収入	0.0	0.0	0.0	0.0	0.0	0.0
202607	340D50100	52	修繕費	0.0	0.0	15000.0	0.0	0.0	0.0
202607	340D50100	53	支払リース料	26900.0	26900.0	26900.0	0.0	100.0	100.0
202607	340D50100	54	保険料	0.0	0.0	0.0	0.0	0.0	0.0
202607	340D50100	55	支払報酬	0.0	0.0	0.0	0.0	0.0	0.0
202607	340D50100	56	販売手数料	0.0	0.0	0.0	0.0	0.0	0.0
202607	340D50100	57	支払手数料	12500.0	12500.0	12500.0	0.0	100.0	100.0
202607	340D50100	58	診断料	3650.0	0.0	0.0	0.0	0.0	0.0
202607	340D50100	59	諸会費	0.0	0.0	0.0	0.0	0.0	0.0
202607	340D50100	60	会議費	0.0	0.0	0.0	0.0	0.0	0.0
202607	340D50100	61	寄付金	0.0	0.0	0.0	0.0	0.0	0.0
202607	340D50100	62	租税公課	0.0	0.0	0.0	0.0	0.0	0.0
202607	340D50100	63	業務委託費	0.0	0.0	0.0	0.0	0.0	0.0
202607	340D50100	64	業務受託収入	0.0	0.0	0.0	0.0	0.0	0.0
202607	340D50100	65	システム管理料	0.0	0.0	0.0	0.0	0.0	0.0
202607	340D50100	66	情報機器利用料	94250.0	94250.0	94250.0	0.0	100.0	100.0
202607	340D50100	67	貸倒金	0.0	0.0	0.0	0.0	0.0	0.0
202607	340D50100	68	雑費	1419.0	1419.0	5419.0	0.0	381.8	381.8
202607	340D50100	69	福利消耗品費	0.0	0.0	17818.0	0.0	0.0	0.0
202607	340D50100	70	教育研修費	0.0	0.0	0.0	0.0	0.0	0.0
202607	340D50100	71	雑給	0.0	0.0	0.0	0.0	0.0	0.0
202607	340D50100	72	社内金利（固定資産）	40892.0	40892.0	40892.0	0.0	100.0	100.0
202607	340D50100	73	社内金利（売掛金）	0.0	0.0	0.0	0.0	0.0	0.0
202607	340D50100	74	部門共通（経費）	66042.0	238708.0	85113.0	0.0	35.6	128.8
202607	340D50100	75	全社共通（経費）	474979.0	479239.0	465923.0	0.0	97.2	98.0
202607	340D50100	76	グループ共通	142400.0	142400.0	142400.0	0.0	100.0	100.0
202607	340D50100	77	差引収益	-1064174.0	1186678.0	-1147990.0	0.0	0.0	0.0
202607	340D50100	78	差引比率	2026.9	-2260.3	-936.8		0.0	0.0
202607	340D50100	79	総時間	1789.75	1844.0	1725.5		93.5	96.4
202607	340D50100	80	定時間	1594.0	1594.0	1502.0		94.2	94.2
202607	340D50100	81	残業時間	74.0	74.0	56.75		76.6	76.6
202607	340D50100	82	移動時間	0.0	0.0	0.0		0.0	0.0
202607	340D50100	83	部門共通（時間）	39.0	88.0	84.75		96.3	217.3
202607	340D50100	84	全社共通（時間）	82.75	88.0	82.0		93.1	99.0
202607	340D50100	85	当月時間当り	-594.5	643.5	-665.3		0.0	0.0
202607	340D50100	86	人員	9.0	9.0	9.0		100.0	100.0
202607	004091800	1	総受注高	0.0	0.0	0.0		0.0	0.0
202607	004091800	2	許諾料	0.0	0.0	0.0	0.0	0.0	0.0
202607	004091800	3	穂木	0.0	0.0	0.0	0.0	0.0	0.0
202607	004091800	4	ﾛｲﾔﾙﾃｨ	0.0	0.0	0.0	0.0	0.0	0.0
202607	004091800	5	バラ	0.0	0.0	0.0	0.0	0.0	0.0
202607	004091800	6	通信販売	0.0	0.0	0.0	0.0	0.0	0.0
202607	004091800	7	セット苗	0.0	0.0	0.0	0.0	0.0	0.0
202607	004091800	8	その他	0.0	0.0	0.0	0.0	0.0	0.0
202607	004091800	9	総売上高	0.0	0.0	0.0		0.0	0.0
202607	004091800	10	許諾料	0.0	0.0	0.0	0.0	0.0	0.0
202607	004091800	11	穂木	0.0	0.0	0.0	0.0	0.0	0.0
202607	004091800	12	ﾛｲﾔﾙﾃｨ	0.0	0.0	0.0	0.0	0.0	0.0
202607	004091800	13	バラ	0.0	0.0	0.0	0.0	0.0	0.0
202607	004091800	14	通信販売	0.0	0.0	0.0	0.0	0.0	0.0
202607	004091800	15	セット苗	0.0	0.0	0.0	0.0	0.0	0.0
202607	004091800	16	その他	0.0	0.0	0.0	0.0	0.0	0.0
202607	004091800	17	社外売上	0.0	0.0	0.0		0.0	0.0
202607	004091800	18	売上原価	0.0	0.0	0.0	0.0	0.0	0.0
202607	004091800	19	穂木・苗仕入高	0.0	0.0	0.0	0.0	0.0	0.0
202607	004091800	20	送料	0.0	0.0	0.0	0.0	0.0	0.0
202607	004091800	21	その他	0.0	0.0	0.0	0.0	0.0	0.0
202607	004091800	22	総生産	0.0	0.0	0.0	0.0	0.0	0.0
202607	004091800	23	社内売	0.0	0.0	0.0	0.0	0.0	0.0
202607	004091800	24	社内仕入	0.0	0.0	0.0	0.0	0.0	0.0
202607	004091800	25	営業口銭	0.0	0.0	0.0		0.0	0.0
202607	004091800	26	総収益	0.0	0.0	0.0	0.0	0.0	0.0
202607	004091800	27	経費合計	0.0	0.0	0.0	0.0	0.0	0.0
202607	004091800	28	種苗費	0.0	0.0	0.0	0.0	0.0	0.0
202607	004091800	29	肥料費	0.0	0.0	0.0	0.0	0.0	0.0
202607	004091800	30	培土費用	0.0	0.0	0.0	0.0	0.0	0.0
202607	004091800	31	農薬衛生費	0.0	0.0	0.0	0.0	0.0	0.0
202607	004091800	32	農具費	0.0	0.0	0.0	0.0	0.0	0.0
202607	004091800	33	諸材料費	0.0	0.0	0.0	0.0	0.0	0.0
202607	004091800	34	その他仕入高	0.0	0.0	0.0	0.0	0.0	0.0
202607	004091800	35	減価償却費	0.0	0.0	0.0	0.0	0.0	0.0
202607	004091800	36	車両費	0.0	0.0	0.0	0.0	0.0	0.0
202607	004091800	37	旅費交通費	0.0	0.0	0.0	0.0	0.0	0.0
202607	004091800	38	荷造運搬費	0.0	0.0	0.0	0.0	0.0	0.0
202607	004091800	39	通信費	0.0	0.0	0.0	0.0	0.0	0.0
202607	004091800	40	水道光熱費	0.0	0.0	0.0	0.0	0.0	0.0
202607	004091800	41	動力費	0.0	0.0	0.0	0.0	0.0	0.0
202607	004091800	42	燃料費	0.0	0.0	0.0	0.0	0.0	0.0
202607	004091800	43	事務用品費	0.0	0.0	0.0	0.0	0.0	0.0
202607	004091800	44	消耗品費	0.0	0.0	0.0	0.0	0.0	0.0
202607	004091800	45	廃棄物処理料	0.0	0.0	0.0	0.0	0.0	0.0
202607	004091800	46	広告宣伝費	0.0	0.0	0.0	0.0	0.0	0.0
202607	004091800	47	接待交際費	0.0	0.0	0.0	0.0	0.0	0.0
202607	004091800	48	研究開発費	0.0	0.0	0.0	0.0	0.0	0.0
202607	004091800	49	クレーム費	0.0	0.0	0.0	0.0	0.0	0.0
202607	004091800	50	賃借料	0.0	0.0	0.0	0.0	0.0	0.0
202607	004091800	51	賃貸料収入	0.0	0.0	0.0	0.0	0.0	0.0
202607	004091800	52	修繕費	0.0	0.0	0.0	0.0	0.0	0.0
202607	004091800	53	支払リース料	0.0	0.0	0.0	0.0	0.0	0.0
202607	004091800	54	保険料	0.0	0.0	0.0	0.0	0.0	0.0
202607	004091800	55	支払報酬	0.0	0.0	0.0	0.0	0.0	0.0
202607	004091800	56	販売手数料	0.0	0.0	0.0	0.0	0.0	0.0
202607	004091800	57	支払手数料	0.0	0.0	0.0	0.0	0.0	0.0
202607	004091800	58	診断料	0.0	0.0	0.0	0.0	0.0	0.0
202607	004091800	59	諸会費	0.0	0.0	0.0	0.0	0.0	0.0
202607	004091800	60	会議費	0.0	0.0	0.0	0.0	0.0	0.0
202607	004091800	61	寄付金	0.0	0.0	0.0	0.0	0.0	0.0
202607	004091800	62	租税公課	0.0	0.0	0.0	0.0	0.0	0.0
202607	004091800	63	業務委託費	0.0	0.0	0.0	0.0	0.0	0.0
202607	004091800	64	業務受託収入	0.0	0.0	0.0	0.0	0.0	0.0
202607	004091800	65	システム管理料	0.0	0.0	0.0	0.0	0.0	0.0
202607	004091800	66	情報機器利用料	0.0	0.0	0.0	0.0	0.0	0.0
202607	004091800	67	貸倒金	0.0	0.0	0.0	0.0	0.0	0.0
202607	004091800	68	雑費	0.0	0.0	0.0	0.0	0.0	0.0
202607	004091800	69	福利消耗品費	0.0	0.0	0.0	0.0	0.0	0.0
202607	004091800	70	教育研修費	0.0	0.0	0.0	0.0	0.0	0.0
202607	004091800	71	雑給	0.0	0.0	0.0	0.0	0.0	0.0
202607	004091800	72	社内金利（固定資産）	0.0	0.0	0.0	0.0	0.0	0.0
202607	004091800	73	社内金利（売掛金）	0.0	0.0	0.0	0.0	0.0	0.0
202607	004091800	74	部門共通（経費）	0.0	0.0	0.0	0.0	0.0	0.0
202607	004091800	75	全社共通（経費）	0.0	0.0	0.0	0.0	0.0	0.0
202607	004091800	76	グループ共通	0.0	0.0	0.0	0.0	0.0	0.0
202607	004091800	77	差引収益	0.0	0.0	0.0	0.0	0.0	0.0
202607	004091800	78	差引比率	0.0	0.0	0.0		0.0	0.0
202607	004091800	79	総時間	0.0	0.0	0.0		0.0	0.0
202607	004091800	80	定時間	0.0	0.0	0.0		0.0	0.0
202607	004091800	81	残業時間	0.0	0.0	0.0		0.0	0.0
202607	004091800	82	移動時間	0.0	0.0	0.0		0.0	0.0
202607	004091800	83	部門共通（時間）	0.0	0.0	0.0		0.0	0.0
202607	004091800	84	全社共通（時間）	0.0	0.0	0.0		0.0	0.0
202607	004091800	85	当月時間当り	0.0	0.0	0.0		0.0	0.0
202607	004091800	86	人員	0.0	0.0	0.0		0.0	0.0
