対象年月度	組織コード	明細No.	採算科目名	M/P	予定	実績	構成比(%)	予定比(%)	M/P比(%)
202605	004000000	1	総受注高	146102500.0	141799500.0	54985848.0		38.7	37.6
202605	004000000	2	許諾料	1500000.0	1500000.0	900000.0	1.6	60.0	60.0
202605	004000000	3	穂木	99935000.0	99935000.0	16225050.0	29.5	16.2	16.2
202605	004000000	4	ﾛｲﾔﾙﾃｨ	23770000.0	23770000.0	25760175.0	46.8	108.3	108.3
202605	004000000	5	バラ	12093000.0	7990000.0	6306045.0	11.4	78.9	52.1
202605	004000000	6	通信販売	2430000.0	2230000.0	2145009.0	3.9	96.1	88.2
202605	004000000	7	セット苗	230000.0	230000.0	1212994.0	2.2	527.3	527.3
202605	004000000	8	その他	6144500.0	6144500.0	2436575.0	4.4	39.6	39.6
202605	004000000	9	総売上高	163472500.0	150398600.0	150692040.0		100.1	92.1
202605	004000000	10	許諾料	4560000.0	5200000.0	5670000.0	3.7	109.0	124.3
202605	004000000	11	穂木	103415000.0	94780000.0	95270141.0	63.2	100.5	92.1
202605	004000000	12	ﾛｲﾔﾙﾃｨ	23770000.0	23770000.0	25737546.0	17.0	108.2	108.2
202605	004000000	13	バラ	12093000.0	7990000.0	6306045.0	4.1	78.9	52.1
202605	004000000	14	通信販売	3250000.0	2970000.0	3205511.0	2.1	107.9	98.6
202605	004000000	15	セット苗	10240000.0	9544100.0	9489078.0	6.2	99.4	92.6
202605	004000000	16	その他	6144500.0	6144500.0	5013719.0	3.3	81.5	81.5
202605	004000000	17	社外売上	163472500.0	150398600.0	150692040.0		100.1	92.1
202605	004000000	18	売上原価	72691351.0	72268913.0	71333293.0	47.3	98.7	98.1
202605	004000000	19	穂木・苗仕入高	63269849.0	62219220.0	61147090.0	40.5	98.2	96.6
202605	004000000	20	送料	8817002.0	9445193.0	9844298.0	6.5	104.2	111.6
202605	004000000	21	その他	604500.0	604500.0	341905.0	0.2	56.5	56.5
202605	004000000	22	総生産	0.0	0.0	0.0	0.0	0.0	0.0
202605	004000000	23	社内売	890600.0	890600.0	1342270.0	0.8	150.7	150.7
202605	004000000	24	社内仕入	890600.0	890600.0	1342270.0	0.8	150.7	150.7
202605	004000000	25	営業口銭	0.0	0.0	0.0		0.0	0.0
202605	004000000	26	総収益	90781149.0	78129687.0	79358747.0	52.6	101.5	87.4
202605	004000000	27	経費合計	31539582.0	35452630.0	31499925.0	20.9	88.8	99.8
202605	004000000	28	種苗費	0.0	0.0	5082.0	0.0	0.0	0.0
202605	004000000	29	肥料費	354000.0	329340.0	233060.0	0.1	70.7	65.8
202605	004000000	30	培土費用	270270.0	679500.0	582850.0	0.3	85.7	215.6
202605	004000000	31	農薬衛生費	871192.0	465064.0	367113.0	0.2	78.9	42.1
202605	004000000	32	農具費	222000.0	50000.0	60201.0	0.0	120.4	27.1
202605	004000000	33	諸材料費	2033320.0	1063370.0	1037465.0	0.6	97.5	51.0
202605	004000000	34	その他仕入高	0.0	0.0	0.0	0.0	0.0	0.0
202605	004000000	35	減価償却費	4311490.0	4311494.0	4318902.0	2.8	100.1	100.1
202605	004000000	36	車両費	1801951.0	1558351.0	1378743.0	0.9	88.4	76.5
202605	004000000	37	旅費交通費	2637188.0	2280312.0	2157806.0	1.4	94.6	81.8
202605	004000000	38	荷造運搬費	6636049.0	7327649.0	5544250.0	3.6	75.6	83.5
202605	004000000	39	通信費	843990.0	579715.0	482759.0	0.3	83.2	57.1
202605	004000000	40	水道光熱費	982100.0	1046846.0	940403.0	0.6	89.8	95.7
202605	004000000	41	動力費	0.0	0.0	0.0	0.0	0.0	0.0
202605	004000000	42	燃料費	110000.0	130000.0	165584.0	0.1	127.3	150.5
202605	004000000	43	事務用品費	324927.0	253891.0	241584.0	0.1	95.1	74.3
202605	004000000	44	消耗品費	131678.0	104498.0	211006.0	0.1	201.9	160.2
202605	004000000	45	廃棄物処理料	257200.0	207258.0	215900.0	0.1	104.1	83.9
202605	004000000	46	広告宣伝費	149000.0	161000.0	334392.0	0.2	207.6	224.4
202605	004000000	47	接待交際費	130000.0	139478.0	93382.0	0.0	66.9	71.8
202605	004000000	48	研究開発費	0.0	0.0	0.0	0.0	0.0	0.0
202605	004000000	49	クレーム費	0.0	0.0	0.0	0.0	0.0	0.0
202605	004000000	50	賃借料	1001938.0	985595.0	1046938.0	0.6	106.2	104.4
202605	004000000	51	賃貸料収入	-50000.0	-50000.0	-95000.0	0.0	0.0	0.0
202605	004000000	52	修繕費	1006500.0	6777500.0	4922070.0	3.2	72.6	489.0
202605	004000000	53	支払リース料	33800.0	39378.0	33800.0	0.0	85.8	100.0
202605	004000000	54	保険料	27831.0	26421.0	12247.0	0.0	46.3	44.0
202605	004000000	55	支払報酬	0.0	250000.0	227273.0	0.1	90.9	0.0
202605	004000000	56	販売手数料	0.0	0.0	1416107.0	0.9	0.0	0.0
202605	004000000	57	支払手数料	860712.0	856890.0	640795.0	0.4	74.7	74.4
202605	004000000	58	診断料	34650.0	34650.0	23100.0	0.0	66.6	66.6
202605	004000000	59	諸会費	57000.0	8192.0	61431.0	0.0	749.8	107.7
202605	004000000	60	会議費	0.0	0.0	30907.0	0.0	0.0	0.0
202605	004000000	61	寄付金	0.0	0.0	0.0	0.0	0.0	0.0
202605	004000000	62	租税公課	1156000.0	483700.0	174657.0	0.1	36.1	15.1
202605	004000000	63	業務委託費	2039185.0	2129185.0	1710736.0	1.1	80.3	83.8
202605	004000000	64	業務受託収入	0.0	0.0	0.0	0.0	0.0	0.0
202605	004000000	65	システム管理料	334300.0	334300.0	328800.0	0.2	98.3	98.3
202605	004000000	66	情報機器利用料	1176905.0	1176904.0	1324030.0	0.8	112.5	112.5
202605	004000000	67	貸倒金	0.0	0.0	0.0	0.0	0.0	0.0
202605	004000000	68	雑費	47034.0	38347.0	63067.0	0.0	164.4	134.0
202605	004000000	69	福利消耗品費	565510.0	481440.0	27615.0	0.0	5.7	4.8
202605	004000000	70	教育研修費	10862.0	10862.0	9870.0	0.0	90.8	90.8
202605	004000000	71	雑給	0.0	0.0	0.0	0.0	0.0	0.0
202605	004000000	72	社内金利（固定資産）	0.0	0.0	0.0	0.0	0.0	0.0
202605	004000000	73	社内金利（売掛金）	0.0	0.0	0.0	0.0	0.0	0.0
202605	004000000	74	部門共通（経費）	0.0	0.0	0.0	0.0	0.0	0.0
202605	004000000	75	全社共通（経費）	0.0	0.0	0.0	0.0	0.0	0.0
202605	004000000	76	グループ共通	1171000.0	1181500.0	1171000.0	0.7	99.1	100.0
202605	004000000	77	差引収益	59241567.0	42677057.0	47858822.0	31.7	112.1	80.7
202605	004000000	78	差引比率	36.2	28.3	31.7		112.0	87.5
202605	004000000	79	総時間	12017.5	12157.5	11063.75		91.0	92.0
202605	004000000	80	定時間	11355.5	11489.5	10545.0		91.7	92.8
202605	004000000	81	残業時間	663.5	661.5	517.25		78.1	77.9
202605	004000000	82	移動時間	-1.5	6.5	1.5		23.0	0.0
202605	004000000	83	部門共通（時間）	0.0	0.0	0.0		0.0	0.0
202605	004000000	84	全社共通（時間）	0.0	0.0	0.0		0.0	0.0
202605	004000000	85	当月時間当り	4929.6	3510.3	4325.7		123.2	87.7
202605	004000000	86	人員	71.0	73.0	74.0		101.3	104.2
202605	004090100	1	総受注高	0.0	0.0	0.0		0.0	0.0
202605	004090100	2	許諾料	0.0	0.0	0.0	0.0	0.0	0.0
202605	004090100	3	穂木	0.0	0.0	0.0	0.0	0.0	0.0
202605	004090100	4	ﾛｲﾔﾙﾃｨ	0.0	0.0	0.0	0.0	0.0	0.0
202605	004090100	5	バラ	0.0	0.0	0.0	0.0	0.0	0.0
202605	004090100	6	通信販売	0.0	0.0	0.0	0.0	0.0	0.0
202605	004090100	7	セット苗	0.0	0.0	0.0	0.0	0.0	0.0
202605	004090100	8	その他	0.0	0.0	0.0	0.0	0.0	0.0
202605	004090100	9	総売上高	0.0	0.0	0.0		0.0	0.0
202605	004090100	10	許諾料	0.0	0.0	0.0	0.0	0.0	0.0
202605	004090100	11	穂木	0.0	0.0	0.0	0.0	0.0	0.0
202605	004090100	12	ﾛｲﾔﾙﾃｨ	0.0	0.0	0.0	0.0	0.0	0.0
202605	004090100	13	バラ	0.0	0.0	0.0	0.0	0.0	0.0
202605	004090100	14	通信販売	0.0	0.0	0.0	0.0	0.0	0.0
202605	004090100	15	セット苗	0.0	0.0	0.0	0.0	0.0	0.0
202605	004090100	16	その他	0.0	0.0	0.0	0.0	0.0	0.0
202605	004090100	17	社外売上	0.0	0.0	0.0		0.0	0.0
202605	004090100	18	売上原価	0.0	0.0	0.0	0.0	0.0	0.0
202605	004090100	19	穂木・苗仕入高	0.0	0.0	0.0	0.0	0.0	0.0
202605	004090100	20	送料	0.0	0.0	0.0	0.0	0.0	0.0
202605	004090100	21	その他	0.0	0.0	0.0	0.0	0.0	0.0
202605	004090100	22	総生産	0.0	0.0	0.0	0.0	0.0	0.0
202605	004090100	23	社内売	0.0	0.0	0.0	0.0	0.0	0.0
202605	004090100	24	社内仕入	0.0	0.0	0.0	0.0	0.0	0.0
202605	004090100	25	営業口銭	0.0	0.0	0.0		0.0	0.0
202605	004090100	26	総収益	0.0	0.0	0.0	0.0	0.0	0.0
202605	004090100	27	経費合計	543408.0	543408.0	543407.0	0.0	99.9	99.9
202605	004090100	28	種苗費	0.0	0.0	0.0	0.0	0.0	0.0
202605	004090100	29	肥料費	0.0	0.0	0.0	0.0	0.0	0.0
202605	004090100	30	培土費用	0.0	0.0	0.0	0.0	0.0	0.0
202605	004090100	31	農薬衛生費	0.0	0.0	0.0	0.0	0.0	0.0
202605	004090100	32	農具費	0.0	0.0	0.0	0.0	0.0	0.0
202605	004090100	33	諸材料費	0.0	0.0	0.0	0.0	0.0	0.0
202605	004090100	34	その他仕入高	0.0	0.0	0.0	0.0	0.0	0.0
202605	004090100	35	減価償却費	543408.0	543408.0	543407.0	0.0	99.9	99.9
202605	004090100	36	車両費	0.0	0.0	0.0	0.0	0.0	0.0
202605	004090100	37	旅費交通費	0.0	0.0	0.0	0.0	0.0	0.0
202605	004090100	38	荷造運搬費	0.0	0.0	0.0	0.0	0.0	0.0
202605	004090100	39	通信費	0.0	0.0	0.0	0.0	0.0	0.0
202605	004090100	40	水道光熱費	0.0	0.0	0.0	0.0	0.0	0.0
202605	004090100	41	動力費	0.0	0.0	0.0	0.0	0.0	0.0
202605	004090100	42	燃料費	0.0	0.0	0.0	0.0	0.0	0.0
202605	004090100	43	事務用品費	0.0	0.0	0.0	0.0	0.0	0.0
202605	004090100	44	消耗品費	0.0	0.0	0.0	0.0	0.0	0.0
202605	004090100	45	廃棄物処理料	0.0	0.0	0.0	0.0	0.0	0.0
202605	004090100	46	広告宣伝費	0.0	0.0	0.0	0.0	0.0	0.0
202605	004090100	47	接待交際費	0.0	0.0	0.0	0.0	0.0	0.0
202605	004090100	48	研究開発費	0.0	0.0	0.0	0.0	0.0	0.0
202605	004090100	49	クレーム費	0.0	0.0	0.0	0.0	0.0	0.0
202605	004090100	50	賃借料	0.0	0.0	0.0	0.0	0.0	0.0
202605	004090100	51	賃貸料収入	0.0	0.0	0.0	0.0	0.0	0.0
202605	004090100	52	修繕費	0.0	0.0	0.0	0.0	0.0	0.0
202605	004090100	53	支払リース料	0.0	0.0	0.0	0.0	0.0	0.0
202605	004090100	54	保険料	0.0	0.0	0.0	0.0	0.0	0.0
202605	004090100	55	支払報酬	0.0	0.0	0.0	0.0	0.0	0.0
202605	004090100	56	販売手数料	0.0	0.0	0.0	0.0	0.0	0.0
202605	004090100	57	支払手数料	0.0	0.0	0.0	0.0	0.0	0.0
202605	004090100	58	診断料	0.0	0.0	0.0	0.0	0.0	0.0
202605	004090100	59	諸会費	0.0	0.0	0.0	0.0	0.0	0.0
202605	004090100	60	会議費	0.0	0.0	0.0	0.0	0.0	0.0
202605	004090100	61	寄付金	0.0	0.0	0.0	0.0	0.0	0.0
202605	004090100	62	租税公課	0.0	0.0	0.0	0.0	0.0	0.0
202605	004090100	63	業務委託費	0.0	0.0	0.0	0.0	0.0	0.0
202605	004090100	64	業務受託収入	0.0	0.0	0.0	0.0	0.0	0.0
202605	004090100	65	システム管理料	0.0	0.0	0.0	0.0	0.0	0.0
202605	004090100	66	情報機器利用料	0.0	0.0	0.0	0.0	0.0	0.0
202605	004090100	67	貸倒金	0.0	0.0	0.0	0.0	0.0	0.0
202605	004090100	68	雑費	0.0	0.0	0.0	0.0	0.0	0.0
202605	004090100	69	福利消耗品費	0.0	0.0	0.0	0.0	0.0	0.0
202605	004090100	70	教育研修費	0.0	0.0	0.0	0.0	0.0	0.0
202605	004090100	71	雑給	0.0	0.0	0.0	0.0	0.0	0.0
202605	004090100	72	社内金利（固定資産）	0.0	0.0	0.0	0.0	0.0	0.0
202605	004090100	73	社内金利（売掛金）	0.0	0.0	0.0	0.0	0.0	0.0
202605	004090100	74	部門共通（経費）	0.0	0.0	0.0	0.0	0.0	0.0
202605	004090100	75	全社共通（経費）	0.0	0.0	0.0	0.0	0.0	0.0
202605	004090100	76	グループ共通	0.0	0.0	0.0	0.0	0.0	0.0
202605	004090100	77	差引収益	-543408.0	-543408.0	-543407.0	0.0	0.0	0.0
202605	004090100	78	差引比率	0.0	0.0	0.0		0.0	0.0
202605	004090100	79	総時間	0.0	0.0	0.0		0.0	0.0
202605	004090100	80	定時間	0.0	0.0	0.0		0.0	0.0
202605	004090100	81	残業時間	0.0	0.0	0.0		0.0	0.0
202605	004090100	82	移動時間	0.0	0.0	0.0		0.0	0.0
202605	004090100	83	部門共通（時間）	0.0	0.0	0.0		0.0	0.0
202605	004090100	84	全社共通（時間）	0.0	0.0	0.0		0.0	0.0
202605	004090100	85	当月時間当り	0.0	0.0	0.0		0.0	0.0
202605	004090100	86	人員	0.0	0.0	0.0		0.0	0.0
202605	340A10220	1	総受注高	230000.0	230000.0	1212994.0		527.3	527.3
202605	340A10220	2	許諾料	0.0	0.0	0.0	0.0	0.0	0.0
202605	340A10220	3	穂木	0.0	0.0	0.0	0.0	0.0	0.0
202605	340A10220	4	ﾛｲﾔﾙﾃｨ	0.0	0.0	0.0	0.0	0.0	0.0
202605	340A10220	5	バラ	0.0	0.0	0.0	0.0	0.0	0.0
202605	340A10220	6	通信販売	0.0	0.0	0.0	0.0	0.0	0.0
202605	340A10220	7	セット苗	230000.0	230000.0	1212994.0	100.0	527.3	527.3
202605	340A10220	8	その他	0.0	0.0	0.0	0.0	0.0	0.0
202605	340A10220	9	総売上高	10240000.0	9544100.0	9489078.0		99.4	92.6
202605	340A10220	10	許諾料	0.0	0.0	0.0	0.0	0.0	0.0
202605	340A10220	11	穂木	0.0	0.0	0.0	0.0	0.0	0.0
202605	340A10220	12	ﾛｲﾔﾙﾃｨ	0.0	0.0	0.0	0.0	0.0	0.0
202605	340A10220	13	バラ	0.0	0.0	0.0	0.0	0.0	0.0
202605	340A10220	14	通信販売	0.0	0.0	0.0	0.0	0.0	0.0
202605	340A10220	15	セット苗	10240000.0	9544100.0	9489078.0	100.0	99.4	92.6
202605	340A10220	16	その他	0.0	0.0	0.0	0.0	0.0	0.0
202605	340A10220	17	社外売上	10240000.0	9544100.0	9489078.0		99.4	92.6
202605	340A10220	18	売上原価	2290000.0	2456000.0	2370541.0	24.9	96.5	103.5
202605	340A10220	19	穂木・苗仕入高	2290000.0	2456000.0	2370541.0	24.9	96.5	103.5
202605	340A10220	20	送料	0.0	0.0	0.0	0.0	0.0	0.0
202605	340A10220	21	その他	0.0	0.0	0.0	0.0	0.0	0.0
202605	340A10220	22	総生産	-100000.0	-100000.0	-100000.0	0.0	0.0	0.0
202605	340A10220	23	社内売	0.0	0.0	0.0	0.0	0.0	0.0
202605	340A10220	24	社内仕入	100000.0	100000.0	100000.0	1.0	100.0	100.0
202605	340A10220	25	営業口銭	0.0	0.0	0.0		0.0	0.0
202605	340A10220	26	総収益	7850000.0	6988100.0	7018537.0	73.9	100.4	89.4
202605	340A10220	27	経費合計	1487750.0	1838169.0	2547144.0	26.8	138.5	171.2
202605	340A10220	28	種苗費	0.0	0.0	0.0	0.0	0.0	0.0
202605	340A10220	29	肥料費	0.0	0.0	0.0	0.0	0.0	0.0
202605	340A10220	30	培土費用	0.0	0.0	0.0	0.0	0.0	0.0
202605	340A10220	31	農薬衛生費	0.0	0.0	0.0	0.0	0.0	0.0
202605	340A10220	32	農具費	0.0	0.0	0.0	0.0	0.0	0.0
202605	340A10220	33	諸材料費	380000.0	180000.0	445872.0	4.6	247.7	117.3
202605	340A10220	34	その他仕入高	0.0	0.0	0.0	0.0	0.0	0.0
202605	340A10220	35	減価償却費	119557.0	119557.0	119557.0	1.2	100.0	100.0
202605	340A10220	36	車両費	0.0	0.0	0.0	0.0	0.0	0.0
202605	340A10220	37	旅費交通費	10000.0	10000.0	0.0	0.0	0.0	0.0
202605	340A10220	38	荷造運搬費	605000.0	1200000.0	1412402.0	14.8	117.7	233.4
202605	340A10220	39	通信費	27637.0	27637.0	30669.0	0.3	110.9	110.9
202605	340A10220	40	水道光熱費	26437.0	26437.0	24088.0	0.2	91.1	91.1
202605	340A10220	41	動力費	0.0	0.0	0.0	0.0	0.0	0.0
202605	340A10220	42	燃料費	0.0	0.0	0.0	0.0	0.0	0.0
202605	340A10220	43	事務用品費	4575.0	4575.0	3170.0	0.0	69.2	69.2
202605	340A10220	44	消耗品費	2000.0	2000.0	1518.0	0.0	75.9	75.9
202605	340A10220	45	廃棄物処理料	875.0	875.0	875.0	0.0	100.0	100.0
202605	340A10220	46	広告宣伝費	0.0	0.0	0.0	0.0	0.0	0.0
202605	340A10220	47	接待交際費	0.0	0.0	0.0	0.0	0.0	0.0
202605	340A10220	48	研究開発費	0.0	0.0	0.0	0.0	0.0	0.0
202605	340A10220	49	クレーム費	0.0	0.0	0.0	0.0	0.0	0.0
202605	340A10220	50	賃借料	55159.0	55159.0	55159.0	0.5	100.0	100.0
202605	340A10220	51	賃貸料収入	0.0	0.0	0.0	0.0	0.0	0.0
202605	340A10220	52	修繕費	0.0	0.0	0.0	0.0	0.0	0.0
202605	340A10220	53	支払リース料	0.0	0.0	0.0	0.0	0.0	0.0
202605	340A10220	54	保険料	319.0	319.0	319.0	0.0	100.0	100.0
202605	340A10220	55	支払報酬	0.0	0.0	0.0	0.0	0.0	0.0
202605	340A10220	56	販売手数料	0.0	0.0	190646.0	2.0	0.0	0.0
202605	340A10220	57	支払手数料	2425.0	2425.0	5930.0	0.0	244.5	244.5
202605	340A10220	58	診断料	0.0	0.0	0.0	0.0	0.0	0.0
202605	340A10220	59	諸会費	625.0	625.0	500.0	0.0	80.0	80.0
202605	340A10220	60	会議費	0.0	0.0	0.0	0.0	0.0	0.0
202605	340A10220	61	寄付金	0.0	0.0	0.0	0.0	0.0	0.0
202605	340A10220	62	租税公課	0.0	0.0	0.0	0.0	0.0	0.0
202605	340A10220	63	業務委託費	0.0	0.0	0.0	0.0	0.0	0.0
202605	340A10220	64	業務受託収入	0.0	0.0	0.0	0.0	0.0	0.0
202605	340A10220	65	システム管理料	49500.0	49500.0	44000.0	0.4	88.8	88.8
202605	340A10220	66	情報機器利用料	34824.0	34824.0	51100.0	0.5	146.7	146.7
202605	340A10220	67	貸倒金	0.0	0.0	0.0	0.0	0.0	0.0
202605	340A10220	68	雑費	325.0	325.0	325.0	0.0	100.0	100.0
202605	340A10220	69	福利消耗品費	0.0	0.0	553.0	0.0	0.0	0.0
202605	340A10220	70	教育研修費	0.0	0.0	358.0	0.0	0.0	0.0
202605	340A10220	71	雑給	0.0	0.0	0.0	0.0	0.0	0.0
202605	340A10220	72	社内金利（固定資産）	32191.0	0.0	32191.0	0.3	0.0	100.0
202605	340A10220	73	社内金利（売掛金）	0.0	0.0	0.0	0.0	0.0	0.0
202605	340A10220	74	部門共通（経費）	0.0	0.0	0.0	0.0	0.0	0.0
202605	340A10220	75	全社共通（経費）	104701.0	92311.0	96312.0	1.0	104.3	91.9
202605	340A10220	76	グループ共通	31600.0	31600.0	31600.0	0.3	100.0	100.0
202605	340A10220	77	差引収益	6362250.0	5149931.0	4471393.0	47.1	86.8	70.2
202605	340A10220	78	差引比率	62.7	54.5	47.6		87.3	75.9
202605	340A10220	79	総時間	352.5	351.5	269.25		76.6	76.3
202605	340A10220	80	定時間	320.0	320.0	243.5		76.0	76.0
202605	340A10220	81	残業時間	14.0	14.0	10.0		71.4	71.4
202605	340A10220	82	移動時間	0.0	0.0	0.0		0.0	0.0
202605	340A10220	83	部門共通（時間）	0.0	0.0	0.0		0.0	0.0
202605	340A10220	84	全社共通（時間）	18.5	17.5	15.75		90.0	85.1
202605	340A10220	85	当月時間当り	18048.9	14651.2	16606.8		113.3	92.0
202605	340A10220	86	人員	2.0	2.0	2.0		100.0	100.0
202605	230E10100	1	総受注高	12093000.0	7990000.0	6306045.0		78.9	52.1
202605	230E10100	2	許諾料	0.0	0.0	0.0	0.0	0.0	0.0
202605	230E10100	3	穂木	0.0	0.0	0.0	0.0	0.0	0.0
202605	230E10100	4	ﾛｲﾔﾙﾃｨ	0.0	0.0	0.0	0.0	0.0	0.0
202605	230E10100	5	バラ	12093000.0	7990000.0	6306045.0	100.0	78.9	52.1
202605	230E10100	6	通信販売	0.0	0.0	0.0	0.0	0.0	0.0
202605	230E10100	7	セット苗	0.0	0.0	0.0	0.0	0.0	0.0
202605	230E10100	8	その他	0.0	0.0	0.0	0.0	0.0	0.0
202605	230E10100	9	総売上高	12093000.0	7990000.0	6306045.0		78.9	52.1
202605	230E10100	10	許諾料	0.0	0.0	0.0	0.0	0.0	0.0
202605	230E10100	11	穂木	0.0	0.0	0.0	0.0	0.0	0.0
202605	230E10100	12	ﾛｲﾔﾙﾃｨ	0.0	0.0	0.0	0.0	0.0	0.0
202605	230E10100	13	バラ	12093000.0	7990000.0	6306045.0	100.0	78.9	52.1
202605	230E10100	14	通信販売	0.0	0.0	0.0	0.0	0.0	0.0
202605	230E10100	15	セット苗	0.0	0.0	0.0	0.0	0.0	0.0
202605	230E10100	16	その他	0.0	0.0	0.0	0.0	0.0	0.0
202605	230E10100	17	社外売上	12093000.0	7990000.0	6306045.0		78.9	52.1
202605	230E10100	18	売上原価	6209000.0	4008000.0	3324727.0	52.7	82.9	53.5
202605	230E10100	19	穂木・苗仕入高	6209000.0	4008000.0	3259887.0	51.6	81.3	52.5
202605	230E10100	20	送料	0.0	0.0	0.0	0.0	0.0	0.0
202605	230E10100	21	その他	0.0	0.0	64840.0	1.0	0.0	0.0
202605	230E10100	22	総生産	0.0	0.0	0.0	0.0	0.0	0.0
202605	230E10100	23	社内売	0.0	0.0	0.0	0.0	0.0	0.0
202605	230E10100	24	社内仕入	0.0	0.0	0.0	0.0	0.0	0.0
202605	230E10100	25	営業口銭	0.0	0.0	0.0		0.0	0.0
202605	230E10100	26	総収益	5884000.0	3982000.0	2981318.0	47.2	74.8	50.6
202605	230E10100	27	経費合計	1366142.0	1239158.0	2271420.0	36.0	183.3	166.2
202605	230E10100	28	種苗費	0.0	0.0	0.0	0.0	0.0	0.0
202605	230E10100	29	肥料費	61000.0	40000.0	43536.0	0.6	108.8	71.3
202605	230E10100	30	培土費用	0.0	0.0	0.0	0.0	0.0	0.0
202605	230E10100	31	農薬衛生費	22000.0	23000.0	26368.0	0.4	114.6	119.8
202605	230E10100	32	農具費	2000.0	0.0	947.0	0.0	0.0	47.3
202605	230E10100	33	諸材料費	14500.0	0.0	63537.0	1.0	0.0	438.1
202605	230E10100	34	その他仕入高	0.0	0.0	0.0	0.0	0.0	0.0
202605	230E10100	35	減価償却費	168252.0	168252.0	168252.0	2.6	100.0	100.0
202605	230E10100	36	車両費	54460.0	54460.0	51550.0	0.8	94.6	94.6
202605	230E10100	37	旅費交通費	160000.0	175330.0	225639.0	3.5	128.6	141.0
202605	230E10100	38	荷造運搬費	30000.0	30000.0	-61619.0	0.0	0.0	0.0
202605	230E10100	39	通信費	14714.0	33400.0	22877.0	0.3	68.4	155.4
202605	230E10100	40	水道光熱費	65595.0	65595.0	48153.0	0.7	73.4	73.4
202605	230E10100	41	動力費	0.0	0.0	0.0	0.0	0.0	0.0
202605	230E10100	42	燃料費	110000.0	130000.0	115637.0	1.8	88.9	105.1
202605	230E10100	43	事務用品費	16357.0	0.0	3446.0	0.0	0.0	21.0
202605	230E10100	44	消耗品費	16458.0	2000.0	5269.0	0.0	263.4	32.0
202605	230E10100	45	廃棄物処理料	2223.0	2223.0	68305.0	1.0		
202605	230E10100	46	広告宣伝費	6000.0	20000.0	2060.0	0.0	10.3	34.3
202605	230E10100	47	接待交際費	15000.0	30000.0	26145.0	0.4	87.1	174.3
202605	230E10100	48	研究開発費	0.0	0.0	0.0	0.0	0.0	0.0
202605	230E10100	49	クレーム費	0.0	0.0	0.0	0.0	0.0	0.0
202605	230E10100	50	賃借料	53500.0	53500.0	53500.0	0.8	100.0	100.0
202605	230E10100	51	賃貸料収入	-10000.0	-10000.0	-10000.0	0.0	0.0	0.0
202605	230E10100	52	修繕費	50000.0	0.0	0.0	0.0	0.0	0.0
202605	230E10100	53	支払リース料	3068.0	0.0	3068.0	0.0	0.0	100.0
202605	230E10100	54	保険料	706.0	0.0	706.0	0.0	0.0	100.0
202605	230E10100	55	支払報酬	0.0	0.0	0.0	0.0	0.0	0.0
202605	230E10100	56	販売手数料	0.0	0.0	941772.0	14.9	0.0	0.0
202605	230E10100	57	支払手数料	61512.0	56000.0	66662.0	1.0	119.0	108.3
202605	230E10100	58	診断料	0.0	0.0	0.0	0.0	0.0	0.0
202605	230E10100	59	諸会費	50000.0	0.0	23000.0	0.3	0.0	46.0
202605	230E10100	60	会議費	0.0	0.0	0.0	0.0	0.0	0.0
202605	230E10100	61	寄付金	0.0	0.0	0.0	0.0	0.0	0.0
202605	230E10100	62	租税公課	0.0	0.0	0.0	0.0	0.0	0.0
202605	230E10100	63	業務委託費	0.0	0.0	0.0	0.0	0.0	0.0
202605	230E10100	64	業務受託収入	0.0	0.0	0.0	0.0	0.0	0.0
202605	230E10100	65	システム管理料	0.0	0.0	0.0	0.0	0.0	0.0
202605	230E10100	66	情報機器利用料	67801.0	67800.0	75400.0	1.1	111.2	111.2
202605	230E10100	67	貸倒金	0.0	0.0	0.0	0.0	0.0	0.0
202605	230E10100	68	雑費	1000.0	0.0	0.0	0.0	0.0	0.0
202605	230E10100	69	福利消耗品費	12120.0	0.0	6111.0	0.0	0.0	50.4
202605	230E10100	70	教育研修費	0.0	0.0	0.0	0.0	0.0	0.0
202605	230E10100	71	雑給	0.0	0.0	0.0	0.0	0.0	0.0
202605	230E10100	72	社内金利（固定資産）	45074.0	46675.0	45074.0	0.7	96.5	100.0
202605	230E10100	73	社内金利（売掛金）	0.0	0.0	0.0	0.0	0.0	0.0
202605	230E10100	74	部門共通（経費）	0.0	0.0	0.0	0.0	0.0	0.0
202605	230E10100	75	全社共通（経費）	209402.0	184623.0	192625.0	3.0	104.3	91.9
202605	230E10100	76	グループ共通	63400.0	66300.0	63400.0	1.0	95.6	100.0
202605	230E10100	77	差引収益	4517858.0	2742842.0	709898.0	11.2	25.8	15.7
202605	230E10100	78	差引比率	37.3	34.3	11.2		32.6	30.0
202605	230E10100	79	総時間	755.0	753.25	712.75		94.6	94.4
202605	230E10100	80	定時間	672.0	672.0	624.0		92.8	92.8
202605	230E10100	81	残業時間	17.0	17.0	18.75		110.2	110.2
202605	230E10100	82	移動時間	29.0	29.0	38.25		131.8	131.8
202605	230E10100	83	部門共通（時間）	0.0	0.0	0.0		0.0	0.0
202605	230E10100	84	全社共通（時間）	37.0	35.25	31.75		90.0	85.8
202605	230E10100	85	当月時間当り	5983.9	3641.3	995.9		27.3	16.6
202605	230E10100	86	人員	4.0	4.0	4.0		100.0	100.0
202605	340B50200	1	総受注高	0.0	0.0	0.0		0.0	0.0
202605	340B50200	2	許諾料	0.0	0.0	0.0	0.0	0.0	0.0
202605	340B50200	3	穂木	0.0	0.0	0.0	0.0	0.0	0.0
202605	340B50200	4	ﾛｲﾔﾙﾃｨ	0.0	0.0	0.0	0.0	0.0	0.0
202605	340B50200	5	バラ	0.0	0.0	0.0	0.0	0.0	0.0
202605	340B50200	6	通信販売	0.0	0.0	0.0	0.0	0.0	0.0
202605	340B50200	7	セット苗	0.0	0.0	0.0	0.0	0.0	0.0
202605	340B50200	8	その他	0.0	0.0	0.0	0.0	0.0	0.0
202605	340B50200	9	総売上高	0.0	0.0	0.0		0.0	0.0
202605	340B50200	10	許諾料	0.0	0.0	0.0	0.0	0.0	0.0
202605	340B50200	11	穂木	0.0	0.0	0.0	0.0	0.0	0.0
202605	340B50200	12	ﾛｲﾔﾙﾃｨ	0.0	0.0	0.0	0.0	0.0	0.0
202605	340B50200	13	バラ	0.0	0.0	0.0	0.0	0.0	0.0
202605	340B50200	14	通信販売	0.0	0.0	0.0	0.0	0.0	0.0
202605	340B50200	15	セット苗	0.0	0.0	0.0	0.0	0.0	0.0
202605	340B50200	16	その他	0.0	0.0	0.0	0.0	0.0	0.0
202605	340B50200	17	社外売上	2849900.0	2876133.0	3101704.0		107.8	108.8
202605	340B50200	18	売上原価	0.0	0.0	0.0	0.0	0.0	0.0
202605	340B50200	19	穂木・苗仕入高	0.0	0.0	0.0	0.0	0.0	0.0
202605	340B50200	20	送料	0.0	0.0	0.0	0.0	0.0	0.0
202605	340B50200	21	その他	0.0	0.0	0.0	0.0	0.0	0.0
202605	340B50200	22	総生産	0.0	0.0	0.0	0.0	0.0	0.0
202605	340B50200	23	社内売	0.0	0.0	0.0	0.0	0.0	0.0
202605	340B50200	24	社内仕入	0.0	0.0	0.0	0.0	0.0	0.0
202605	340B50200	25	営業口銭	-997466.0	-1006647.0	-1085219.0		0.0	0.0
202605	340B50200	26	総収益	1852434.0	1869486.0	2016485.0	0.0	107.8	108.8
202605	340B50200	27	経費合計	2006356.0	1492376.0	1248977.0	0.0	83.6	62.2
202605	340B50200	28	種苗費	0.0	0.0	0.0	0.0	0.0	0.0
202605	340B50200	29	肥料費	0.0	0.0	0.0	0.0	0.0	0.0
202605	340B50200	30	培土費用	0.0	0.0	0.0	0.0	0.0	0.0
202605	340B50200	31	農薬衛生費	0.0	0.0	0.0	0.0	0.0	0.0
202605	340B50200	32	農具費	0.0	0.0	0.0	0.0	0.0	0.0
202605	340B50200	33	諸材料費	0.0	0.0	0.0	0.0	0.0	0.0
202605	340B50200	34	その他仕入高	0.0	0.0	0.0	0.0	0.0	0.0
202605	340B50200	35	減価償却費	7727.0	7727.0	7727.0	0.0	100.0	100.0
202605	340B50200	36	車両費	73700.0	73700.0	32392.0	0.0	43.9	43.9
202605	340B50200	37	旅費交通費	1050000.0	550000.0	541069.0	0.0	98.3	51.5
202605	340B50200	38	荷造運搬費	100000.0	100000.0	121.0	0.0	0.1	0.1
202605	340B50200	39	通信費	12785.0	12785.0	12763.0	0.0	99.8	99.8
202605	340B50200	40	水道光熱費	27881.0	27881.0	22357.0	0.0	80.1	80.1
202605	340B50200	41	動力費	0.0	0.0	0.0	0.0	0.0	0.0
202605	340B50200	42	燃料費	0.0	0.0	0.0	0.0	0.0	0.0
202605	340B50200	43	事務用品費	9370.0	9370.0	2590.0	0.0	27.6	27.6
202605	340B50200	44	消耗品費	11563.0	11563.0	14158.0	0.0	122.4	122.4
202605	340B50200	45	廃棄物処理料	24494.0	24494.0	18048.0	0.0	73.6	73.6
202605	340B50200	46	広告宣伝費	0.0	0.0	0.0	0.0	0.0	0.0
202605	340B50200	47	接待交際費	0.0	0.0	2833.0	0.0	0.0	0.0
202605	340B50200	48	研究開発費	0.0	0.0	0.0	0.0	0.0	0.0
202605	340B50200	49	クレーム費	0.0	0.0	0.0	0.0	0.0	0.0
202605	340B50200	50	賃借料	87517.0	87517.0	23790.0	0.0	27.1	27.1
202605	340B50200	51	賃貸料収入	-10000.0	-10000.0	-10000.0	0.0	0.0	0.0
202605	340B50200	52	修繕費	0.0	0.0	0.0	0.0	0.0	0.0
202605	340B50200	53	支払リース料	766.0	766.0	766.0	0.0	100.0	100.0
202605	340B50200	54	保険料	18268.0	18268.0	285.0	0.0	1.5	1.5
202605	340B50200	55	支払報酬	0.0	0.0	0.0	0.0	0.0	0.0
202605	340B50200	56	販売手数料	0.0	0.0	0.0	0.0	0.0	0.0
202605	340B50200	57	支払手数料	3268.0	3268.0	4197.0	0.0	128.4	128.4
202605	340B50200	58	診断料	0.0	0.0	0.0	0.0	0.0	0.0
202605	340B50200	59	諸会費	0.0	0.0	135.0	0.0	0.0	0.0
202605	340B50200	60	会議費	0.0	0.0	0.0	0.0	0.0	0.0
202605	340B50200	61	寄付金	0.0	0.0	0.0	0.0	0.0	0.0
202605	340B50200	62	租税公課	0.0	0.0	0.0	0.0	0.0	0.0
202605	340B50200	63	業務委託費	0.0	0.0	0.0	0.0	0.0	0.0
202605	340B50200	64	業務受託収入	0.0	0.0	0.0	0.0	0.0	0.0
202605	340B50200	65	システム管理料	0.0	0.0	0.0	0.0	0.0	0.0
202605	340B50200	66	情報機器利用料	81800.0	81800.0	123100.0	0.0	150.4	150.4
202605	340B50200	67	貸倒金	0.0	0.0	0.0	0.0	0.0	0.0
202605	340B50200	68	雑費	2575.0	2575.0	2305.0	0.0	89.5	89.5
202605	340B50200	69	福利消耗品費	33200.0	17200.0	1527.0	0.0	8.8	4.5
202605	340B50200	70	教育研修費	10000.0	10000.0	945.0	0.0	9.4	9.4
202605	340B50200	71	雑給	0.0	0.0	0.0	0.0	0.0	0.0
202605	340B50200	72	社内金利（固定資産）	3875.0	3875.0	3875.0	0.0	100.0	100.0
202605	340B50200	73	社内金利（売掛金）	0.0	0.0	0.0	0.0	0.0	0.0
202605	340B50200	74	部門共通（経費）	64264.0	103452.0	75856.0	0.0	73.3	118.0
202605	340B50200	75	全社共通（経費）	314103.0	276935.0	288938.0	0.0	104.3	91.9
202605	340B50200	76	グループ共通	79200.0	79200.0	79200.0	0.0	100.0	100.0
202605	340B50200	77	差引収益	-153922.0	377110.0	767508.0	0.0	203.5	0.0
202605	340B50200	78	差引比率	0.0	0.0	0.0		0.0	0.0
202605	340B50200	79	総時間	608.5	626.25	869.5		138.8	142.8
202605	340B50200	80	定時間	633.0	633.0	890.75		140.7	140.7
202605	340B50200	81	残業時間	35.0	35.0	23.75		67.8	67.8
202605	340B50200	82	移動時間	-147.0	-147.0	-138.25		0.0	0.0
202605	340B50200	83	部門共通（時間）	32.0	52.25	45.5		87.0	142.1
202605	340B50200	84	全社共通（時間）	55.5	53.0	47.75		90.0	86.0
202605	340B50200	85	当月時間当り	-252.9	602.1	882.7		146.6	0.0
202605	340B50200	86	人員	3.0	3.0	6.0		200.0	200.0
202605	340B50610	1	総受注高	0.0	0.0	0.0		0.0	0.0
202605	340B50610	2	許諾料	0.0	0.0	0.0	0.0	0.0	0.0
202605	340B50610	3	穂木	0.0	0.0	0.0	0.0	0.0	0.0
202605	340B50610	4	ﾛｲﾔﾙﾃｨ	0.0	0.0	0.0	0.0	0.0	0.0
202605	340B50610	5	バラ	0.0	0.0	0.0	0.0	0.0	0.0
202605	340B50610	6	通信販売	0.0	0.0	0.0	0.0	0.0	0.0
202605	340B50610	7	セット苗	0.0	0.0	0.0	0.0	0.0	0.0
202605	340B50610	8	その他	0.0	0.0	0.0	0.0	0.0	0.0
202605	340B50610	9	総売上高	0.0	0.0	0.0		0.0	0.0
202605	340B50610	10	許諾料	0.0	0.0	0.0	0.0	0.0	0.0
202605	340B50610	11	穂木	0.0	0.0	0.0	0.0	0.0	0.0
202605	340B50610	12	ﾛｲﾔﾙﾃｨ	0.0	0.0	0.0	0.0	0.0	0.0
202605	340B50610	13	バラ	0.0	0.0	0.0	0.0	0.0	0.0
202605	340B50610	14	通信販売	0.0	0.0	0.0	0.0	0.0	0.0
202605	340B50610	15	セット苗	0.0	0.0	0.0	0.0	0.0	0.0
202605	340B50610	16	その他	0.0	0.0	0.0	0.0	0.0	0.0
202605	340B50610	17	社外売上	8555175.0	8633925.0	9313318.0		107.8	108.8
202605	340B50610	18	売上原価	0.0	0.0	0.0	0.0	0.0	0.0
202605	340B50610	19	穂木・苗仕入高	0.0	0.0	0.0	0.0	0.0	0.0
202605	340B50610	20	送料	0.0	0.0	0.0	0.0	0.0	0.0
202605	340B50610	21	その他	0.0	0.0	0.0	0.0	0.0	0.0
202605	340B50610	22	総生産	0.0	0.0	0.0	0.0	0.0	0.0
202605	340B50610	23	社内売	0.0	0.0	0.0	0.0	0.0	0.0
202605	340B50610	24	社内仕入	0.0	0.0	0.0	0.0	0.0	0.0
202605	340B50610	25	営業口銭	-2994311.0	-3021874.0	-3259251.0		0.0	0.0
202605	340B50610	26	総収益	5560864.0	5612051.0	6054067.0	0.0	107.8	108.8
202605	340B50610	27	経費合計	1819191.0	1525771.0	1318066.0	0.0	86.3	72.4
202605	340B50610	28	種苗費	0.0	0.0	0.0	0.0	0.0	0.0
202605	340B50610	29	肥料費	0.0	0.0	0.0	0.0	0.0	0.0
202605	340B50610	30	培土費用	0.0	0.0	0.0	0.0	0.0	0.0
202605	340B50610	31	農薬衛生費	96746.0	49202.0	38723.0	0.0	78.7	40.0
202605	340B50610	32	農具費	0.0	0.0	0.0	0.0	0.0	0.0
202605	340B50610	33	諸材料費	253000.0	90000.0	96500.0	0.0	107.2	38.1
202605	340B50610	34	その他仕入高	0.0	0.0	0.0	0.0	0.0	0.0
202605	340B50610	35	減価償却費	176501.0	176501.0	176501.0	0.0	100.0	100.0
202605	340B50610	36	車両費	115000.0	126145.0	123774.0	0.0	98.1	107.6
202605	340B50610	37	旅費交通費	0.0	0.0	0.0	0.0	0.0	0.0
202605	340B50610	38	荷造運搬費	0.0	0.0	910.0	0.0	0.0	0.0
202605	340B50610	39	通信費	11661.0	11661.0	13135.0	0.0	112.6	112.6
202605	340B50610	40	水道光熱費	129082.0	129082.0	122913.0	0.0	95.2	95.2
202605	340B50610	41	動力費	0.0	0.0	0.0	0.0	0.0	0.0
202605	340B50610	42	燃料費	0.0	0.0	0.0	0.0	0.0	0.0
202605	340B50610	43	事務用品費	5297.0	5297.0	3240.0	0.0	61.1	61.1
202605	340B50610	44	消耗品費	17184.0	17184.0	17984.0	0.0	104.6	104.6
202605	340B50610	45	廃棄物処理料	83526.0	83526.0	1362.0	0.0	1.6	1.6
202605	340B50610	46	広告宣伝費	0.0	0.0	0.0	0.0	0.0	0.0
202605	340B50610	47	接待交際費	0.0	0.0	0.0	0.0	0.0	0.0
202605	340B50610	48	研究開発費	0.0	0.0	0.0	0.0	0.0	0.0
202605	340B50610	49	クレーム費	0.0	0.0	0.0	0.0	0.0	0.0
202605	340B50610	50	賃借料	33316.0	33316.0	33316.0	0.0	100.0	100.0
202605	340B50610	51	賃貸料収入	0.0	0.0	0.0	0.0	0.0	0.0
202605	340B50610	52	修繕費	0.0	0.0	0.0	0.0	0.0	0.0
202605	340B50610	53	支払リース料	0.0	0.0	0.0	0.0	0.0	0.0
202605	340B50610	54	保険料	130.0	130.0	154.0	0.0	118.4	118.4
202605	340B50610	55	支払報酬	0.0	0.0	0.0	0.0	0.0	0.0
202605	340B50610	56	販売手数料	0.0	0.0	0.0	0.0	0.0	0.0
202605	340B50610	57	支払手数料	2648.0	2648.0	2648.0	0.0	100.0	100.0
202605	340B50610	58	診断料	7700.0	7700.0	7700.0	0.0	100.0	100.0
202605	340B50610	59	諸会費	0.0	0.0	189.0	0.0	0.0	0.0
202605	340B50610	60	会議費	0.0	0.0	0.0	0.0	0.0	0.0
202605	340B50610	61	寄付金	0.0	0.0	0.0	0.0	0.0	0.0
202605	340B50610	62	租税公課	0.0	0.0	0.0	0.0	0.0	0.0
202605	340B50610	63	業務委託費	0.0	0.0	0.0	0.0	0.0	0.0
202605	340B50610	64	業務受託収入	0.0	0.0	0.0	0.0	0.0	0.0
202605	340B50610	65	システム管理料	0.0	0.0	0.0	0.0	0.0	0.0
202605	340B50610	66	情報機器利用料	88400.0	88400.0	88400.0	0.0	100.0	100.0
202605	340B50610	67	貸倒金	0.0	0.0	0.0	0.0	0.0	0.0
202605	340B50610	68	雑費	3607.0	3607.0	3228.0	0.0	89.4	89.4
202605	340B50610	69	福利消耗品費	97100.0	97100.0	0.0	0.0	0.0	0.0
202605	340B50610	70	教育研修費	0.0	0.0	1324.0	0.0	0.0	0.0
202605	340B50610	71	雑給	0.0	0.0	0.0	0.0	0.0	0.0
202605	340B50610	72	社内金利（固定資産）	50007.0	50007.0	50007.0	0.0	100.0	100.0
202605	340B50610	73	社内金利（売掛金）	0.0	0.0	0.0	0.0	0.0	0.0
202605	340B50610	74	部門共通（経費）	171394.0	120692.0	88495.0	0.0	73.3	51.6
202605	340B50610	75	全社共通（経費）	366092.0	322773.0	336763.0	0.0	104.3	91.9
202605	340B50610	76	グループ共通	110800.0	110800.0	110800.0	0.0	100.0	100.0
202605	340B50610	77	差引収益	3741673.0	4086280.0	4736001.0	0.0	115.9	126.5
202605	340B50610	78	差引比率	0.0	0.0	0.0		0.0	0.0
202605	340B50610	79	総時間	1095.0	1019.0	994.75		97.6	90.8
202605	340B50610	80	定時間	922.0	874.0	868.75		99.3	94.2
202605	340B50610	81	残業時間	23.0	23.0	18.25		79.3	79.3
202605	340B50610	82	移動時間	0.0	0.0	0.0		0.0	0.0
202605	340B50610	83	部門共通（時間）	85.25	60.0	52.0		86.6	60.9
202605	340B50610	84	全社共通（時間）	64.75	62.0	55.75		89.9	86.1
202605	340B50610	85	当月時間当り	3417.0	4010.0	4760.9		118.7	139.3
202605	340B50610	86	人員	6.0	6.0	6.0		100.0	100.0
202605	340A10210	1	総受注高	128299500.0	128299500.0	44551101.0		34.7	34.7
202605	340A10210	2	許諾料	1500000.0	1500000.0	900000.0	2.0	60.0	60.0
202605	340A10210	3	穂木	99935000.0	99935000.0	16195050.0	36.3	16.2	16.2
202605	340A10210	4	ﾛｲﾔﾙﾃｨ	20720000.0	20720000.0	25044072.0	56.2	120.8	120.8
202605	340A10210	5	バラ	0.0	0.0	0.0	0.0	0.0	0.0
202605	340A10210	6	通信販売	0.0	0.0	0.0	0.0	0.0	0.0
202605	340A10210	7	セット苗	0.0	0.0	0.0	0.0	0.0	0.0
202605	340A10210	8	その他	6144500.0	6144500.0	2411979.0	5.4	39.2	39.2
202605	340A10210	9	総売上高	134839500.0	126844500.0	130888740.0		103.1	97.0
202605	340A10210	10	許諾料	4560000.0	5200000.0	5340000.0	4.0	102.6	117.1
202605	340A10210	11	穂木	103415000.0	94780000.0	95089025.0	72.6	100.3	91.9
202605	340A10210	12	ﾛｲﾔﾙﾃｨ	20720000.0	20720000.0	25044072.0	19.1	120.8	120.8
202605	340A10210	13	バラ	0.0	0.0	0.0	0.0	0.0	0.0
202605	340A10210	14	通信販売	0.0	0.0	0.0	0.0	0.0	0.0
202605	340A10210	15	セット苗	0.0	0.0	0.0	0.0	0.0	0.0
202605	340A10210	16	その他	6144500.0	6144500.0	5415643.0	4.1	88.1	88.1
202605	340A10210	17	社外売上	6144500.0	6144500.0	5415643.0		88.1	88.1
202605	340A10210	18	売上原価	450000.0	450000.0	246538.0	0.1	54.7	54.7
202605	340A10210	19	穂木・苗仕入高	0.0	0.0	0.0	0.0	0.0	0.0
202605	340A10210	20	送料	0.0	0.0	0.0	0.0	0.0	0.0
202605	340A10210	21	その他	450000.0	450000.0	246538.0	0.1	54.7	54.7
202605	340A10210	22	総生産	0.0	0.0	0.0	0.0	0.0	0.0
202605	340A10210	23	社内売	0.0	0.0	0.0	0.0	0.0	0.0
202605	340A10210	24	社内仕入	0.0	0.0	0.0	0.0	0.0	0.0
202605	340A10210	25	営業口銭	10677940.0	10632240.0	12215303.0		114.8	114.3
202605	340A10210	26	総収益	16372440.0	16326740.0	17384408.0	13.2	106.4	106.1
202605	340A10210	27	経費合計	11056759.0	10986295.0	9039989.0	6.9	82.2	81.7
202605	340A10210	28	種苗費	0.0	0.0	0.0	0.0	0.0	0.0
202605	340A10210	29	肥料費	0.0	0.0	0.0	0.0	0.0	0.0
202605	340A10210	30	培土費用	0.0	0.0	0.0	0.0	0.0	0.0
202605	340A10210	31	農薬衛生費	0.0	0.0	0.0	0.0	0.0	0.0
202605	340A10210	32	農具費	0.0	0.0	0.0	0.0	0.0	0.0
202605	340A10210	33	諸材料費	0.0	0.0	0.0	0.0	0.0	0.0
202605	340A10210	34	その他仕入高	0.0	0.0	0.0	0.0	0.0	0.0
202605	340A10210	35	減価償却費	9136.0	9136.0	9808.0	0.0	107.3	107.3
202605	340A10210	36	車両費	498994.0	560751.0	466908.0	0.3	83.2	93.5
202605	340A10210	37	旅費交通費	975188.0	1142982.0	1055588.0	0.8	92.3	108.2
202605	340A10210	38	荷造運搬費	5254500.0	5254500.0	3710477.0	2.8	70.6	70.6
202605	340A10210	39	通信費	601194.0	322619.0	233372.0	0.1	72.3	38.8
202605	340A10210	40	水道光熱費	74747.0	74591.0	62270.0	0.0	83.4	83.3
202605	340A10210	41	動力費	0.0	0.0	0.0	0.0	0.0	0.0
202605	340A10210	42	燃料費	0.0	0.0	0.0	0.0	0.0	0.0
202605	340A10210	43	事務用品費	233822.0	188795.0	196890.0	0.1	104.2	84.2
202605	340A10210	44	消耗品費	15465.0	10465.0	9240.0	0.0	88.2	59.7
202605	340A10210	45	廃棄物処理料	7207.0	7207.0	35658.0	0.0	494.7	494.7
202605	340A10210	46	広告宣伝費	58000.0	56000.0	46000.0	0.0	82.1	79.3
202605	340A10210	47	接待交際費	100000.0	94478.0	64404.0	0.0	68.1	64.4
202605	340A10210	48	研究開発費	0.0	0.0	0.0	0.0	0.0	0.0
202605	340A10210	49	クレーム費	0.0	0.0	0.0	0.0	0.0	0.0
202605	340A10210	50	賃借料	176492.0	176492.0	176492.0	0.1	100.0	100.0
202605	340A10210	51	賃貸料収入	0.0	0.0	0.0	0.0	0.0	0.0
202605	340A10210	52	修繕費	0.0	0.0	0.0	0.0	0.0	0.0
202605	340A10210	53	支払リース料	1533.0	1533.0	1533.0	0.0	100.0	100.0
202605	340A10210	54	保険料	848.0	848.0	852.0	0.0	100.4	100.4
202605	340A10210	55	支払報酬	0.0	0.0	0.0	0.0	0.0	0.0
202605	340A10210	56	販売手数料	0.0	0.0	283689.0	0.2	0.0	0.0
202605	340A10210	57	支払手数料	48102.0	48711.0	23376.0	0.0	47.9	48.5
202605	340A10210	58	診断料	0.0	0.0	0.0	0.0	0.0	0.0
202605	340A10210	59	諸会費	937.0	937.0	5208.0	0.0	555.8	555.8
202605	340A10210	60	会議費	0.0	0.0	407.0	0.0	0.0	0.0
202605	340A10210	61	寄付金	0.0	0.0	0.0	0.0	0.0	0.0
202605	340A10210	62	租税公課	0.0	0.0	2000.0	0.0	0.0	0.0
202605	340A10210	63	業務委託費	1993685.0	2083685.0	1710736.0	1.3	82.1	85.8
202605	340A10210	64	業務受託収入	0.0	0.0	0.0	0.0	0.0	0.0
202605	340A10210	65	システム管理料	4800.0	4800.0	4800.0	0.0	100.0	100.0
202605	340A10210	66	情報機器利用料	142160.0	142160.0	188500.0	0.1	132.5	132.5
202605	340A10210	67	貸倒金	0.0	0.0	0.0	0.0	0.0	0.0
202605	340A10210	68	雑費	1001.0	1001.0	947.0	0.0	94.6	94.6
202605	340A10210	69	福利消耗品費	100000.0	100000.0	3884.0	0.0	3.8	3.8
202605	340A10210	70	教育研修費	862.0	862.0	727.0	0.0	84.3	84.3
202605	340A10210	71	雑給	0.0	0.0	0.0	0.0	0.0	0.0
202605	340A10210	72	社内金利（固定資産）	6376.0	6376.0	7568.0	0.0	118.6	118.6
202605	340A10210	73	社内金利（売掛金）	70000.0	70000.0	98885.0	0.0	141.2	141.2
202605	340A10210	74	部門共通（経費）	0.0	0.0	0.0	0.0	0.0	0.0
202605	340A10210	75	全社共通（経費）	523510.0	461566.0	481570.0	0.3	104.3	91.9
202605	340A10210	76	グループ共通	158200.0	165800.0	158200.0	0.1	95.4	100.0
202605	340A10210	77	差引収益	5315681.0	5340445.0	8344419.0	6.3	156.2	156.9
202605	340A10210	78	差引比率	3.9	4.2	6.3		150.0	161.5
202605	340A10210	79	総時間	1890.25	1821.25	1749.5		96.0	92.5
202605	340A10210	80	定時間	1600.0	1554.0	1507.5		97.0	94.2
202605	340A10210	81	残業時間	172.0	153.0	145.5		95.0	84.5
202605	340A10210	82	移動時間	24.0	24.0	15.0		62.5	62.5
202605	340A10210	83	部門共通（時間）	0.0	0.0	0.0		0.0	0.0
202605	340A10210	84	全社共通（時間）	94.25	90.25	81.5		90.3	86.4
202605	340A10210	85	当月時間当り	2812.1	2932.2	4769.6		162.6	169.6
202605	340A10210	86	人員	10.0	10.0	10.0		100.0	100.0
202605	340A10200	1	総受注高	128529500.0	128529500.0	45764095.0		35.6	35.6
202605	340A10200	2	許諾料	1500000.0	1500000.0	900000.0	1.9	60.0	60.0
202605	340A10200	3	穂木	99935000.0	99935000.0	16195050.0	35.3	16.2	16.2
202605	340A10200	4	ﾛｲﾔﾙﾃｨ	20720000.0	20720000.0	25044072.0	54.7	120.8	120.8
202605	340A10200	5	バラ	0.0	0.0	0.0	0.0	0.0	0.0
202605	340A10200	6	通信販売	0.0	0.0	0.0	0.0	0.0	0.0
202605	340A10200	7	セット苗	230000.0	230000.0	1212994.0	2.6	527.3	527.3
202605	340A10200	8	その他	6144500.0	6144500.0	2411979.0	5.2	39.2	39.2
202605	340A10200	9	総売上高	145079500.0	136388600.0	140377818.0		102.9	96.7
202605	340A10200	10	許諾料	4560000.0	5200000.0	5340000.0	3.8	102.6	117.1
202605	340A10200	11	穂木	103415000.0	94780000.0	95089025.0	67.7	100.3	91.9
202605	340A10200	12	ﾛｲﾔﾙﾃｨ	20720000.0	20720000.0	25044072.0	17.8	120.8	120.8
202605	340A10200	13	バラ	0.0	0.0	0.0	0.0	0.0	0.0
202605	340A10200	14	通信販売	0.0	0.0	0.0	0.0	0.0	0.0
202605	340A10200	15	セット苗	10240000.0	9544100.0	9489078.0	6.7	99.4	92.6
202605	340A10200	16	その他	6144500.0	6144500.0	5415643.0	3.8	88.1	88.1
202605	340A10200	17	社外売上	16384500.0	15688600.0	14904721.0		95.0	90.9
202605	340A10200	18	売上原価	2740000.0	2906000.0	2617079.0	1.8	90.0	95.5
202605	340A10200	19	穂木・苗仕入高	2290000.0	2456000.0	2370541.0	1.6	96.5	103.5
202605	340A10200	20	送料	0.0	0.0	0.0	0.0	0.0	0.0
202605	340A10200	21	その他	450000.0	450000.0	246538.0	0.1	54.7	54.7
202605	340A10200	22	総生産	-100000.0	-100000.0	-100000.0	0.0	0.0	0.0
202605	340A10200	23	社内売	0.0	0.0	0.0	0.0	0.0	0.0
202605	340A10200	24	社内仕入	100000.0	100000.0	100000.0	0.0	100.0	100.0
202605	340A10200	25	営業口銭	10677940.0	10632240.0	12215303.0		114.8	114.3
202605	340A10200	26	総収益	24222440.0	23314840.0	24402945.0	17.3	104.6	100.7
202605	340A10200	27	経費合計	12544509.0	12824464.0	11587133.0	8.2	90.3	92.3
202605	340A10200	28	種苗費	0.0	0.0	0.0	0.0	0.0	0.0
202605	340A10200	29	肥料費	0.0	0.0	0.0	0.0	0.0	0.0
202605	340A10200	30	培土費用	0.0	0.0	0.0	0.0	0.0	0.0
202605	340A10200	31	農薬衛生費	0.0	0.0	0.0	0.0	0.0	0.0
202605	340A10200	32	農具費	0.0	0.0	0.0	0.0	0.0	0.0
202605	340A10200	33	諸材料費	380000.0	180000.0	445872.0	0.3	247.7	117.3
202605	340A10200	34	その他仕入高	0.0	0.0	0.0	0.0	0.0	0.0
202605	340A10200	35	減価償却費	128693.0	128693.0	129365.0	0.0	100.5	100.5
202605	340A10200	36	車両費	498994.0	560751.0	466908.0	0.3	83.2	93.5
202605	340A10200	37	旅費交通費	985188.0	1152982.0	1055588.0	0.7	91.5	107.1
202605	340A10200	38	荷造運搬費	5859500.0	6454500.0	5122879.0	3.6	79.3	87.4
202605	340A10200	39	通信費	628831.0	350256.0	264041.0	0.1	75.3	41.9
202605	340A10200	40	水道光熱費	101184.0	101028.0	86358.0	0.0	85.4	85.3
202605	340A10200	41	動力費	0.0	0.0	0.0	0.0	0.0	0.0
202605	340A10200	42	燃料費	0.0	0.0	0.0	0.0	0.0	0.0
202605	340A10200	43	事務用品費	238397.0	193370.0	200060.0	0.1	103.4	83.9
202605	340A10200	44	消耗品費	17465.0	12465.0	10758.0	0.0	86.3	61.5
202605	340A10200	45	廃棄物処理料	8082.0	8082.0	36533.0	0.0	452.0	452.0
202605	340A10200	46	広告宣伝費	58000.0	56000.0	46000.0	0.0	82.1	79.3
202605	340A10200	47	接待交際費	100000.0	94478.0	64404.0	0.0	68.1	64.4
202605	340A10200	48	研究開発費	0.0	0.0	0.0	0.0	0.0	0.0
202605	340A10200	49	クレーム費	0.0	0.0	0.0	0.0	0.0	0.0
202605	340A10200	50	賃借料	231651.0	231651.0	231651.0	0.1	100.0	100.0
202605	340A10200	51	賃貸料収入	0.0	0.0	0.0	0.0	0.0	0.0
202605	340A10200	52	修繕費	0.0	0.0	0.0	0.0	0.0	0.0
202605	340A10200	53	支払リース料	1533.0	1533.0	1533.0	0.0	100.0	100.0
202605	340A10200	54	保険料	1167.0	1167.0	1171.0	0.0	100.3	100.3
202605	340A10200	55	支払報酬	0.0	0.0	0.0	0.0	0.0	0.0
202605	340A10200	56	販売手数料	0.0	0.0	474335.0	0.3	0.0	0.0
202605	340A10200	57	支払手数料	50527.0	51136.0	29306.0	0.0	57.3	58.0
202605	340A10200	58	診断料	0.0	0.0	0.0	0.0	0.0	0.0
202605	340A10200	59	諸会費	1562.0	1562.0	5708.0	0.0	365.4	365.4
202605	340A10200	60	会議費	0.0	0.0	407.0	0.0	0.0	0.0
202605	340A10200	61	寄付金	0.0	0.0	0.0	0.0	0.0	0.0
202605	340A10200	62	租税公課	0.0	0.0	2000.0	0.0	0.0	0.0
202605	340A10200	63	業務委託費	1993685.0	2083685.0	1710736.0	1.2	82.1	85.8
202605	340A10200	64	業務受託収入	0.0	0.0	0.0	0.0	0.0	0.0
202605	340A10200	65	システム管理料	54300.0	54300.0	48800.0	0.0	89.8	89.8
202605	340A10200	66	情報機器利用料	176984.0	176984.0	239600.0	0.1	135.3	135.3
202605	340A10200	67	貸倒金	0.0	0.0	0.0	0.0	0.0	0.0
202605	340A10200	68	雑費	1326.0	1326.0	1272.0	0.0	95.9	95.9
202605	340A10200	69	福利消耗品費	100000.0	100000.0	4437.0	0.0	4.4	4.4
202605	340A10200	70	教育研修費	862.0	862.0	1085.0	0.0	125.8	125.8
202605	340A10200	71	雑給	0.0	0.0	0.0	0.0	0.0	0.0
202605	340A10200	72	社内金利（固定資産）	38567.0	6376.0	39759.0	0.0	623.5	103.0
202605	340A10200	73	社内金利（売掛金）	70000.0	70000.0	98885.0	0.0	141.2	141.2
202605	340A10200	74	部門共通（経費）	0.0	0.0	0.0	0.0	0.0	0.0
202605	340A10200	75	全社共通（経費）	628211.0	553877.0	577882.0	0.4	104.3	91.9
202605	340A10200	76	グループ共通	189800.0	197400.0	189800.0	0.1	96.1	100.0
202605	340A10200	77	差引収益	11677931.0	10490376.0	12815812.0	9.1	122.1	109.7
202605	340A10200	78	差引比率	8.0	7.6	9.1		119.7	113.7
202605	340A10200	79	総時間	2242.75	2172.75	2018.75		92.9	90.0
202605	340A10200	80	定時間	1920.0	1874.0	1751.0		93.4	91.1
202605	340A10200	81	残業時間	186.0	167.0	155.5		93.1	83.6
202605	340A10200	82	移動時間	24.0	24.0	15.0		62.5	62.5
202605	340A10200	83	部門共通（時間）	0.0	0.0	0.0		0.0	0.0
202605	340A10200	84	全社共通（時間）	112.75	107.75	97.25		90.2	86.2
202605	340A10200	85	当月時間当り	5206.9	4828.1	6348.3		131.4	121.9
202605	340A10200	86	人員	12.0	12.0	12.0		100.0	100.0
202605	340A10100	1	総受注高	140622500.0	136519500.0	52070140.0		38.1	37.0
202605	340A10100	2	許諾料	1500000.0	1500000.0	900000.0	1.7	60.0	60.0
202605	340A10100	3	穂木	99935000.0	99935000.0	16195050.0	31.1	16.2	16.2
202605	340A10100	4	ﾛｲﾔﾙﾃｨ	20720000.0	20720000.0	25044072.0	48.0	120.8	120.8
202605	340A10100	5	バラ	12093000.0	7990000.0	6306045.0	12.1	78.9	52.1
202605	340A10100	6	通信販売	0.0	0.0	0.0	0.0	0.0	0.0
202605	340A10100	7	セット苗	230000.0	230000.0	1212994.0	2.3	527.3	527.3
202605	340A10100	8	その他	6144500.0	6144500.0	2411979.0	4.6	39.2	39.2
202605	340A10100	9	総売上高	157172500.0	144378600.0	146683863.0		101.5	93.3
202605	340A10100	10	許諾料	4560000.0	5200000.0	5340000.0	3.6	102.6	117.1
202605	340A10100	11	穂木	103415000.0	94780000.0	95089025.0	64.8	100.3	91.9
202605	340A10100	12	ﾛｲﾔﾙﾃｨ	20720000.0	20720000.0	25044072.0	17.0	120.8	120.8
202605	340A10100	13	バラ	12093000.0	7990000.0	6306045.0	4.2	78.9	52.1
202605	340A10100	14	通信販売	0.0	0.0	0.0	0.0	0.0	0.0
202605	340A10100	15	セット苗	10240000.0	9544100.0	9489078.0	6.4	99.4	92.6
202605	340A10100	16	その他	6144500.0	6144500.0	5415643.0	3.6	88.1	88.1
202605	340A10100	17	社外売上	28477500.0	23678600.0	21210766.0		89.5	74.4
202605	340A10100	18	売上原価	8949000.0	6914000.0	5941806.0	4.0	85.9	66.3
202605	340A10100	19	穂木・苗仕入高	8499000.0	6464000.0	5630428.0	3.8	87.1	66.2
202605	340A10100	20	送料	0.0	0.0	0.0	0.0	0.0	0.0
202605	340A10100	21	その他	450000.0	450000.0	311378.0	0.2	69.1	69.1
202605	340A10100	22	総生産	-100000.0	-100000.0	-100000.0	0.0	0.0	0.0
202605	340A10100	23	社内売	0.0	0.0	0.0	0.0	0.0	0.0
202605	340A10100	24	社内仕入	100000.0	100000.0	100000.0	0.0	100.0	100.0
202605	340A10100	25	営業口銭	10677940.0	10632240.0	12215303.0		114.8	114.3
202605	340A10100	26	総収益	30106440.0	27296840.0	27384263.0	18.6	100.3	90.9
202605	340A10100	27	経費合計	13910651.0	14063622.0	13858553.0	9.4	98.5	99.6
202605	340A10100	28	種苗費	0.0	0.0	0.0	0.0	0.0	0.0
202605	340A10100	29	肥料費	61000.0	40000.0	43536.0	0.0	108.8	71.3
202605	340A10100	30	培土費用	0.0	0.0	0.0	0.0	0.0	0.0
202605	340A10100	31	農薬衛生費	22000.0	23000.0	26368.0	0.0	114.6	119.8
202605	340A10100	32	農具費	2000.0	0.0	947.0	0.0	0.0	47.3
202605	340A10100	33	諸材料費	394500.0	180000.0	509409.0	0.3	283.0	129.1
202605	340A10100	34	その他仕入高	0.0	0.0	0.0	0.0	0.0	0.0
202605	340A10100	35	減価償却費	296945.0	296945.0	297617.0	0.2	100.2	100.2
202605	340A10100	36	車両費	553454.0	615211.0	518458.0	0.3	84.2	93.6
202605	340A10100	37	旅費交通費	1145188.0	1328312.0	1281227.0	0.8	96.4	111.8
202605	340A10100	38	荷造運搬費	5889500.0	6484500.0	5061260.0	3.4	78.0	85.9
202605	340A10100	39	通信費	643545.0	383656.0	286918.0	0.1	74.7	44.5
202605	340A10100	40	水道光熱費	166779.0	166623.0	134511.0	0.0	80.7	80.6
202605	340A10100	41	動力費	0.0	0.0	0.0	0.0	0.0	0.0
202605	340A10100	42	燃料費	110000.0	130000.0	115637.0	0.0	88.9	105.1
202605	340A10100	43	事務用品費	254754.0	193370.0	203506.0	0.1	105.2	79.8
202605	340A10100	44	消耗品費	33923.0	14465.0	16027.0	0.0	110.7	47.2
202605	340A10100	45	廃棄物処理料	10305.0	10305.0	104838.0	0.0		
202605	340A10100	46	広告宣伝費	64000.0	76000.0	48060.0	0.0	63.2	75.0
202605	340A10100	47	接待交際費	115000.0	124478.0	90549.0	0.0	72.7	78.7
202605	340A10100	48	研究開発費	0.0	0.0	0.0	0.0	0.0	0.0
202605	340A10100	49	クレーム費	0.0	0.0	0.0	0.0	0.0	0.0
202605	340A10100	50	賃借料	285151.0	285151.0	285151.0	0.1	100.0	100.0
202605	340A10100	51	賃貸料収入	-10000.0	-10000.0	-10000.0	0.0	0.0	0.0
202605	340A10100	52	修繕費	50000.0	0.0	0.0	0.0	0.0	0.0
202605	340A10100	53	支払リース料	4601.0	1533.0	4601.0	0.0	300.1	100.0
202605	340A10100	54	保険料	1873.0	1167.0	1877.0	0.0	160.8	100.2
202605	340A10100	55	支払報酬	0.0	0.0	0.0	0.0	0.0	0.0
202605	340A10100	56	販売手数料	0.0	0.0	1416107.0	0.9	0.0	0.0
202605	340A10100	57	支払手数料	112039.0	107136.0	95968.0	0.0	89.5	85.6
202605	340A10100	58	診断料	0.0	0.0	0.0	0.0	0.0	0.0
202605	340A10100	59	諸会費	51562.0	1562.0	28708.0	0.0		55.6
202605	340A10100	60	会議費	0.0	0.0	407.0	0.0	0.0	0.0
202605	340A10100	61	寄付金	0.0	0.0	0.0	0.0	0.0	0.0
202605	340A10100	62	租税公課	0.0	0.0	2000.0	0.0	0.0	0.0
202605	340A10100	63	業務委託費	1993685.0	2083685.0	1710736.0	1.1	82.1	85.8
202605	340A10100	64	業務受託収入	0.0	0.0	0.0	0.0	0.0	0.0
202605	340A10100	65	システム管理料	54300.0	54300.0	48800.0	0.0	89.8	89.8
202605	340A10100	66	情報機器利用料	244785.0	244784.0	315000.0	0.2	128.6	128.6
202605	340A10100	67	貸倒金	0.0	0.0	0.0	0.0	0.0	0.0
202605	340A10100	68	雑費	2326.0	1326.0	1272.0	0.0	95.9	54.6
202605	340A10100	69	福利消耗品費	112120.0	100000.0	10548.0	0.0	10.5	9.4
202605	340A10100	70	教育研修費	862.0	862.0	1085.0	0.0	125.8	125.8
202605	340A10100	71	雑給	0.0	0.0	0.0	0.0	0.0	0.0
202605	340A10100	72	社内金利（固定資産）	83641.0	53051.0	84833.0	0.0	159.9	101.4
202605	340A10100	73	社内金利（売掛金）	70000.0	70000.0	98885.0	0.0	141.2	141.2
202605	340A10100	74	部門共通（経費）	0.0	0.0	0.0	0.0	0.0	0.0
202605	340A10100	75	全社共通（経費）	837613.0	738500.0	770507.0	0.5	104.3	91.9
202605	340A10100	76	グループ共通	253200.0	263700.0	253200.0	0.1	96.0	100.0
202605	340A10100	77	差引収益	16195789.0	13233218.0	13525710.0	9.2	102.2	83.5
202605	340A10100	78	差引比率	10.3	9.1	9.2		101.0	89.3
202605	340A10100	79	総時間	2997.75	2926.0	2731.5		93.3	91.1
202605	340A10100	80	定時間	2592.0	2546.0	2375.0		93.2	91.6
202605	340A10100	81	残業時間	203.0	184.0	174.25		94.7	85.8
202605	340A10100	82	移動時間	53.0	53.0	53.25		100.4	100.4
202605	340A10100	83	部門共通（時間）	0.0	0.0	0.0		0.0	0.0
202605	340A10100	84	全社共通（時間）	149.75	143.0	129.0		90.2	86.1
202605	340A10100	85	当月時間当り	5402.6	4522.6	4951.7		109.4	91.6
202605	340A10100	86	人員	16.0	16.0	16.0		100.0	100.0
202605	004090200	1	総受注高	0.0	0.0	0.0		0.0	0.0
202605	004090200	2	許諾料	0.0	0.0	0.0	0.0	0.0	0.0
202605	004090200	3	穂木	0.0	0.0	0.0	0.0	0.0	0.0
202605	004090200	4	ﾛｲﾔﾙﾃｨ	0.0	0.0	0.0	0.0	0.0	0.0
202605	004090200	5	バラ	0.0	0.0	0.0	0.0	0.0	0.0
202605	004090200	6	通信販売	0.0	0.0	0.0	0.0	0.0	0.0
202605	004090200	7	セット苗	0.0	0.0	0.0	0.0	0.0	0.0
202605	004090200	8	その他	0.0	0.0	0.0	0.0	0.0	0.0
202605	004090200	9	総売上高	0.0	0.0	63129.0		0.0	0.0
202605	004090200	10	許諾料	0.0	0.0	330000.0	522.7	0.0	0.0
202605	004090200	11	穂木	0.0	0.0	151116.0	239.3	0.0	0.0
202605	004090200	12	ﾛｲﾔﾙﾃｨ	0.0	0.0	8533.0	13.5	0.0	0.0
202605	004090200	13	バラ	0.0	0.0	0.0	0.0	0.0	0.0
202605	004090200	14	通信販売	0.0	0.0	0.0	0.0	0.0	0.0
202605	004090200	15	セット苗	0.0	0.0	0.0	0.0	0.0	0.0
202605	004090200	16	その他	0.0	0.0	-426520.0	0.0	0.0	0.0
202605	004090200	17	社外売上	0.0	0.0	63129.0		0.0	0.0
202605	004090200	18	売上原価	0.0	0.0	655148.0	0.0	0.0	0.0
202605	004090200	19	穂木・苗仕入高	0.0	0.0	655148.0	0.0	0.0	0.0
202605	004090200	20	送料	0.0	0.0	0.0	0.0	0.0	0.0
202605	004090200	21	その他	0.0	0.0	0.0	0.0	0.0	0.0
202605	004090200	22	総生産	0.0	0.0	0.0	0.0	0.0	0.0
202605	004090200	23	社内売	0.0	0.0	0.0	0.0	0.0	0.0
202605	004090200	24	社内仕入	0.0	0.0	0.0	0.0	0.0	0.0
202605	004090200	25	営業口銭	0.0	0.0	0.0		0.0	0.0
202605	004090200	26	総収益	0.0	0.0	-592019.0	0.0	0.0	0.0
202605	004090200	27	経費合計	-676632.0	-650457.0	-723007.0	0.0	0.0	0.0
202605	004090200	28	種苗費	0.0	0.0	0.0	0.0	0.0	0.0
202605	004090200	29	肥料費	0.0	0.0	0.0	0.0	0.0	0.0
202605	004090200	30	培土費用	0.0	0.0	0.0	0.0	0.0	0.0
202605	004090200	31	農薬衛生費	0.0	0.0	0.0	0.0	0.0	0.0
202605	004090200	32	農具費	0.0	0.0	0.0	0.0	0.0	0.0
202605	004090200	33	諸材料費	0.0	0.0	0.0	0.0	0.0	0.0
202605	004090200	34	その他仕入高	0.0	0.0	0.0	0.0	0.0	0.0
202605	004090200	35	減価償却費	0.0	0.0	0.0	0.0	0.0	0.0
202605	004090200	36	車両費	0.0	0.0	0.0	0.0	0.0	0.0
202605	004090200	37	旅費交通費	0.0	0.0	0.0	0.0	0.0	0.0
202605	004090200	38	荷造運搬費	0.0	0.0	0.0	0.0	0.0	0.0
202605	004090200	39	通信費	0.0	0.0	0.0	0.0	0.0	0.0
202605	004090200	40	水道光熱費	0.0	0.0	0.0	0.0	0.0	0.0
202605	004090200	41	動力費	0.0	0.0	0.0	0.0	0.0	0.0
202605	004090200	42	燃料費	0.0	0.0	0.0	0.0	0.0	0.0
202605	004090200	43	事務用品費	0.0	0.0	0.0	0.0	0.0	0.0
202605	004090200	44	消耗品費	0.0	0.0	0.0	0.0	0.0	0.0
202605	004090200	45	廃棄物処理料	0.0	0.0	0.0	0.0	0.0	0.0
202605	004090200	46	広告宣伝費	0.0	0.0	0.0	0.0	0.0	0.0
202605	004090200	47	接待交際費	0.0	0.0	0.0	0.0	0.0	0.0
202605	004090200	48	研究開発費	0.0	0.0	0.0	0.0	0.0	0.0
202605	004090200	49	クレーム費	0.0	0.0	0.0	0.0	0.0	0.0
202605	004090200	50	賃借料	0.0	0.0	0.0	0.0	0.0	0.0
202605	004090200	51	賃貸料収入	0.0	0.0	0.0	0.0	0.0	0.0
202605	004090200	52	修繕費	0.0	0.0	0.0	0.0	0.0	0.0
202605	004090200	53	支払リース料	0.0	0.0	0.0	0.0	0.0	0.0
202605	004090200	54	保険料	0.0	0.0	0.0	0.0	0.0	0.0
202605	004090200	55	支払報酬	0.0	0.0	0.0	0.0	0.0	0.0
202605	004090200	56	販売手数料	0.0	0.0	0.0	0.0	0.0	0.0
202605	004090200	57	支払手数料	0.0	0.0	0.0	0.0	0.0	0.0
202605	004090200	58	診断料	0.0	0.0	0.0	0.0	0.0	0.0
202605	004090200	59	諸会費	0.0	0.0	0.0	0.0	0.0	0.0
202605	004090200	60	会議費	0.0	0.0	0.0	0.0	0.0	0.0
202605	004090200	61	寄付金	0.0	0.0	0.0	0.0	0.0	0.0
202605	004090200	62	租税公課	0.0	0.0	0.0	0.0	0.0	0.0
202605	004090200	63	業務委託費	0.0	0.0	0.0	0.0	0.0	0.0
202605	004090200	64	業務受託収入	0.0	0.0	0.0	0.0	0.0	0.0
202605	004090200	65	システム管理料	0.0	0.0	0.0	0.0	0.0	0.0
202605	004090200	66	情報機器利用料	0.0	0.0	0.0	0.0	0.0	0.0
202605	004090200	67	貸倒金	0.0	0.0	0.0	0.0	0.0	0.0
202605	004090200	68	雑費	0.0	0.0	0.0	0.0	0.0	0.0
202605	004090200	69	福利消耗品費	0.0	0.0	0.0	0.0	0.0	0.0
202605	004090200	70	教育研修費	0.0	0.0	0.0	0.0	0.0	0.0
202605	004090200	71	雑給	0.0	0.0	0.0	0.0	0.0	0.0
202605	004090200	72	社内金利（固定資産）	-606201.0	-580026.0	-624122.0	0.0	0.0	0.0
202605	004090200	73	社内金利（売掛金）	-70431.0	-70431.0	-98885.0	0.0	0.0	0.0
202605	004090200	74	部門共通（経費）	0.0	0.0	0.0	0.0	0.0	0.0
202605	004090200	75	全社共通（経費）	0.0	0.0	0.0	0.0	0.0	0.0
202605	004090200	76	グループ共通	0.0	0.0	0.0	0.0	0.0	0.0
202605	004090200	77	差引収益	676632.0	650457.0	130988.0	207.4	20.1	19.3
202605	004090200	78	差引比率	0.0	0.0	207.4		0.0	0.0
202605	004090200	79	総時間	29.5	29.5	29.5		100.0	100.0
202605	004090200	80	定時間	0.0	0.0	0.0		0.0	0.0
202605	004090200	81	残業時間	0.0	0.0	0.0		0.0	0.0
202605	004090200	82	移動時間	29.5	29.5	29.5		100.0	100.0
202605	004090200	83	部門共通（時間）	0.0	0.0	0.0		0.0	0.0
202605	004090200	84	全社共通（時間）	0.0	0.0	0.0		0.0	0.0
202605	004090200	85	当月時間当り	22936.6	22049.3	4440.2		20.1	19.3
202605	004090200	86	人員	0.0	0.0	0.0		0.0	0.0
202605	340B50700	1	総受注高	0.0	0.0	0.0		0.0	0.0
202605	340B50700	2	許諾料	0.0	0.0	0.0	0.0	0.0	0.0
202605	340B50700	3	穂木	0.0	0.0	0.0	0.0	0.0	0.0
202605	340B50700	4	ﾛｲﾔﾙﾃｨ	0.0	0.0	0.0	0.0	0.0	0.0
202605	340B50700	5	バラ	0.0	0.0	0.0	0.0	0.0	0.0
202605	340B50700	6	通信販売	0.0	0.0	0.0	0.0	0.0	0.0
202605	340B50700	7	セット苗	0.0	0.0	0.0	0.0	0.0	0.0
202605	340B50700	8	その他	0.0	0.0	0.0	0.0	0.0	0.0
202605	340B50700	9	総売上高	0.0	0.0	0.0		0.0	0.0
202605	340B50700	10	許諾料	0.0	0.0	0.0	0.0	0.0	0.0
202605	340B50700	11	穂木	0.0	0.0	0.0	0.0	0.0	0.0
202605	340B50700	12	ﾛｲﾔﾙﾃｨ	0.0	0.0	0.0	0.0	0.0	0.0
202605	340B50700	13	バラ	0.0	0.0	0.0	0.0	0.0	0.0
202605	340B50700	14	通信販売	0.0	0.0	0.0	0.0	0.0	0.0
202605	340B50700	15	セット苗	0.0	0.0	0.0	0.0	0.0	0.0
202605	340B50700	16	その他	0.0	0.0	0.0	0.0	0.0	0.0
202605	340B50700	17	社外売上	10337389.0	10432544.0	11251732.0		107.8	108.8
202605	340B50700	18	売上原価	0.0	0.0	0.0	0.0	0.0	0.0
202605	340B50700	19	穂木・苗仕入高	0.0	0.0	0.0	0.0	0.0	0.0
202605	340B50700	20	送料	0.0	0.0	0.0	0.0	0.0	0.0
202605	340B50700	21	その他	0.0	0.0	0.0	0.0	0.0	0.0
202605	340B50700	22	総生産	100000.0	100000.0	105400.0	0.0	105.4	105.4
202605	340B50700	23	社内売	100000.0	100000.0	105400.0	0.0	105.4	105.4
202605	340B50700	24	社内仕入	0.0	0.0	0.0	0.0	0.0	0.0
202605	340B50700	25	営業口銭	-3618086.0	-3651389.0	-3937741.0		0.0	0.0
202605	340B50700	26	総収益	6819303.0	6881155.0	7419391.0	0.0	107.8	108.7
202605	340B50700	27	経費合計	4660618.0	9123059.0	7222287.0	0.0	79.1	154.9
202605	340B50700	28	種苗費	0.0	0.0	0.0	0.0	0.0	0.0
202605	340B50700	29	肥料費	282000.0	289340.0	173882.0	0.0	60.0	61.6
202605	340B50700	30	培土費用	210000.0	440000.0	397500.0	0.0	90.3	189.2
202605	340B50700	31	農薬衛生費	284045.0	173941.0	117676.0	0.0	67.6	41.4
202605	340B50700	32	農具費	100000.0	30000.0	11470.0	0.0	38.2	11.4
202605	340B50700	33	諸材料費	365000.0	207700.0	280318.0	0.0	134.9	76.7
202605	340B50700	34	その他仕入高	0.0	0.0	0.0	0.0	0.0	0.0
202605	340B50700	35	減価償却費	478191.0	478191.0	476028.0	0.0	99.5	99.5
202605	340B50700	36	車両費	304009.0	282048.0	280854.0	0.0	99.5	92.3
202605	340B50700	37	旅費交通費	73000.0	33000.0	1338.0	0.0	4.0	1.8
202605	340B50700	38	荷造運搬費	3000.0	3000.0	800.0	0.0	26.6	26.6
202605	340B50700	39	通信費	17488.0	17488.0	17874.0	0.0	102.2	102.2
202605	340B50700	40	水道光熱費	108893.0	108893.0	116386.0	0.0	106.8	106.8
202605	340B50700	41	動力費	0.0	0.0	0.0	0.0	0.0	0.0
202605	340B50700	42	燃料費	0.0	0.0	38959.0	0.0	0.0	0.0
202605	340B50700	43	事務用品費	6475.0	6475.0	3795.0	0.0	58.6	58.6
202605	340B50700	44	消耗品費	20914.0	17914.0	21231.0	0.0	118.5	101.5
202605	340B50700	45	廃棄物処理料	52637.0	34637.0	35529.0	0.0	102.5	67.4
202605	340B50700	46	広告宣伝費	0.0	0.0	0.0	0.0	0.0	0.0
202605	340B50700	47	接待交際費	0.0	0.0	0.0	0.0	0.0	0.0
202605	340B50700	48	研究開発費	0.0	0.0	0.0	0.0	0.0	0.0
202605	340B50700	49	クレーム費	0.0	0.0	0.0	0.0	0.0	0.0
202605	340B50700	50	賃借料	94116.0	94116.0	202843.0	0.0	215.5	215.5
202605	340B50700	51	賃貸料収入	-10000.0	-10000.0	-55000.0	0.0	0.0	0.0
202605	340B50700	52	修繕費	935000.0	5656000.0	4022070.0	0.0	71.1	430.1
202605	340B50700	53	支払リース料	1533.0	1533.0	1533.0	0.0	100.0	100.0
202605	340B50700	54	保険料	482.0	482.0	506.0	0.0	104.9	104.9
202605	340B50700	55	支払報酬	0.0	0.0	0.0	0.0	0.0	0.0
202605	340B50700	56	販売手数料	0.0	0.0	0.0	0.0	0.0	0.0
202605	340B50700	57	支払手数料	5404.0	5404.0	5404.0	0.0	100.0	100.0
202605	340B50700	58	診断料	11550.0	11550.0	0.0	0.0	0.0	0.0
202605	340B50700	59	諸会費	0.0	0.0	189.0	0.0	0.0	0.0
202605	340B50700	60	会議費	0.0	0.0	0.0	0.0	0.0	0.0
202605	340B50700	61	寄付金	0.0	0.0	0.0	0.0	0.0	0.0
202605	340B50700	62	租税公課	0.0	0.0	0.0	0.0	0.0	0.0
202605	340B50700	63	業務委託費	45500.0	45500.0	0.0	0.0	0.0	0.0
202605	340B50700	64	業務受託収入	0.0	0.0	0.0	0.0	0.0	0.0
202605	340B50700	65	システム管理料	0.0	0.0	0.0	0.0	0.0	0.0
202605	340B50700	66	情報機器利用料	233490.0	233490.0	227650.0	0.0	97.4	97.4
202605	340B50700	67	貸倒金	0.0	0.0	0.0	0.0	0.0	0.0
202605	340B50700	68	雑費	14957.0	11350.0	3228.0	0.0	28.4	21.5
202605	340B50700	69	福利消耗品費	105020.0	105020.0	12492.0	0.0	11.8	11.8
202605	340B50700	70	教育研修費	0.0	0.0	1324.0	0.0	0.0	0.0
202605	340B50700	71	雑給	0.0	0.0	0.0	0.0	0.0	0.0
202605	340B50700	72	社内金利（固定資産）	133326.0	133326.0	137153.0	0.0	102.8	102.8
202605	340B50700	73	社内金利（売掛金）	0.0	0.0	0.0	0.0	0.0	0.0
202605	340B50700	74	部門共通（経費）	171394.0	155176.0	113779.0	0.0	73.3	66.3
202605	340B50700	75	全社共通（経費）	470794.0	415085.0	433076.0	0.0	104.3	91.9
202605	340B50700	76	グループ共通	142400.0	142400.0	142400.0	0.0	100.0	100.0
202605	340B50700	77	差引収益	2158685.0	-2241904.0	197104.0	0.0	0.0	9.1
202605	340B50700	78	差引比率	2158.6	-2241.9	187.0		0.0	8.6
202605	340B50700	79	総時間	1815.0	1819.5	1435.75		78.9	79.1
202605	340B50700	80	定時間	1510.5	1510.5	1189.0		78.7	78.7
202605	340B50700	81	残業時間	85.0	101.0	60.5		59.9	71.1
202605	340B50700	82	移動時間	51.0	51.0	47.75		93.6	93.6
202605	340B50700	83	部門共通（時間）	85.25	77.25	66.75		86.4	78.2
202605	340B50700	84	全社共通（時間）	83.25	79.75	71.75		89.9	86.1
202605	340B50700	85	当月時間当り	1189.3	-1232.1	137.2		0.0	11.5
202605	340B50700	86	人員	9.0	10.0	9.0		90.0	100.0
202605	340B50500	1	総受注高	3050000.0	3050000.0	770699.0		25.2	25.2
202605	340B50500	2	許諾料	0.0	0.0	0.0	0.0	0.0	0.0
202605	340B50500	3	穂木	0.0	0.0	30000.0	3.8	0.0	0.0
202605	340B50500	4	ﾛｲﾔﾙﾃｨ	3050000.0	3050000.0	716103.0	92.9	23.4	23.4
202605	340B50500	5	バラ	0.0	0.0	0.0	0.0	0.0	0.0
202605	340B50500	6	通信販売	0.0	0.0	0.0	0.0	0.0	0.0
202605	340B50500	7	セット苗	0.0	0.0	0.0	0.0	0.0	0.0
202605	340B50500	8	その他	0.0	0.0	24596.0	3.1	0.0	0.0
202605	340B50500	9	総売上高	3050000.0	3050000.0	739537.0		24.2	24.2
202605	340B50500	10	許諾料	0.0	0.0	0.0	0.0	0.0	0.0
202605	340B50500	11	穂木	0.0	0.0	30000.0	4.0	0.0	0.0
202605	340B50500	12	ﾛｲﾔﾙﾃｨ	3050000.0	3050000.0	684941.0	92.6	22.4	22.4
202605	340B50500	13	バラ	0.0	0.0	0.0	0.0	0.0	0.0
202605	340B50500	14	通信販売	0.0	0.0	0.0	0.0	0.0	0.0
202605	340B50500	15	セット苗	0.0	0.0	0.0	0.0	0.0	0.0
202605	340B50500	16	その他	0.0	0.0	24596.0	3.3	0.0	0.0
202605	340B50500	17	社外売上	0.0	0.0	24596.0		0.0	0.0
202605	340B50500	18	売上原価	0.0	0.0	0.0	0.0	0.0	0.0
202605	340B50500	19	穂木・苗仕入高	0.0	0.0	0.0	0.0	0.0	0.0
202605	340B50500	20	送料	0.0	0.0	0.0	0.0	0.0	0.0
202605	340B50500	21	その他	0.0	0.0	0.0	0.0	0.0	0.0
202605	340B50500	22	総生産	-100000.0	-100000.0	-100000.0	0.0	0.0	0.0
202605	340B50500	23	社内売	0.0	0.0	0.0	0.0	0.0	0.0
202605	340B50500	24	社内仕入	100000.0	100000.0	100000.0	13.5	100.0	100.0
202605	340B50500	25	営業口銭	1067500.0	1067500.0	240015.0		22.4	22.4
202605	340B50500	26	総収益	967500.0	967500.0	164611.0	22.2	17.0	17.0
202605	340B50500	27	経費合計	1012545.0	1006350.0	566942.0	76.6	56.3	55.9
202605	340B50500	28	種苗費	0.0	0.0	0.0	0.0	0.0	0.0
202605	340B50500	29	肥料費	0.0	0.0	0.0	0.0	0.0	0.0
202605	340B50500	30	培土費用	0.0	0.0	0.0	0.0	0.0	0.0
202605	340B50500	31	農薬衛生費	0.0	0.0	0.0	0.0	0.0	0.0
202605	340B50500	32	農具費	0.0	0.0	0.0	0.0	0.0	0.0
202605	340B50500	33	諸材料費	0.0	0.0	0.0	0.0	0.0	0.0
202605	340B50500	34	その他仕入高	0.0	0.0	0.0	0.0	0.0	0.0
202605	340B50500	35	減価償却費	1092.0	1092.0	1092.0	0.1	100.0	100.0
202605	340B50500	36	車両費	0.0	0.0	0.0	0.0	0.0	0.0
202605	340B50500	37	旅費交通費	300000.0	300000.0	253368.0	34.2	84.4	84.4
202605	340B50500	38	荷造運搬費	75000.0	75000.0	25490.0	3.4	33.9	33.9
202605	340B50500	39	通信費	7698.0	7698.0	6152.0	0.8	79.9	79.9
202605	340B50500	40	水道光熱費	2303.0	2303.0	2070.0	0.2	89.8	89.8
202605	340B50500	41	動力費	0.0	0.0	0.0	0.0	0.0	0.0
202605	340B50500	42	燃料費	0.0	0.0	0.0	0.0	0.0	0.0
202605	340B50500	43	事務用品費	758.0	758.0	464.0	0.0	61.2	61.2
202605	340B50500	44	消耗品費	1745.0	1745.0	2576.0	0.3	147.6	147.6
202605	340B50500	45	廃棄物処理料	4802.0	4802.0	195.0	0.0	4.0	4.0
202605	340B50500	46	広告宣伝費	0.0	0.0	0.0	0.0	0.0	0.0
202605	340B50500	47	接待交際費	10000.0	10000.0	0.0	0.0	0.0	0.0
202605	340B50500	48	研究開発費	0.0	0.0	0.0	0.0	0.0	0.0
202605	340B50500	49	クレーム費	0.0	0.0	0.0	0.0	0.0	0.0
202605	340B50500	50	賃借料	4772.0	4772.0	4772.0	0.6	100.0	100.0
202605	340B50500	51	賃貸料収入	0.0	0.0	0.0	0.0	0.0	0.0
202605	340B50500	52	修繕費	0.0	0.0	0.0	0.0	0.0	0.0
202605	340B50500	53	支払リース料	0.0	0.0	0.0	0.0	0.0	0.0
202605	340B50500	54	保険料	5018.0	5018.0	7312.0	0.9	145.7	145.7
202605	340B50500	55	支払報酬	0.0	0.0	0.0	0.0	0.0	0.0
202605	340B50500	56	販売手数料	0.0	0.0	0.0	0.0	0.0	0.0
202605	340B50500	57	支払手数料	30379.0	30379.0	4879.0	0.6	16.0	16.0
202605	340B50500	58	診断料	0.0	0.0	0.0	0.0	0.0	0.0
202605	340B50500	59	諸会費	0.0	0.0	27.0	0.0	0.0	0.0
202605	340B50500	60	会議費	0.0	0.0	0.0	0.0	0.0	0.0
202605	340B50500	61	寄付金	0.0	0.0	0.0	0.0	0.0	0.0
202605	340B50500	62	租税公課	482500.0	482500.0	172657.0	23.3	35.7	35.7
202605	340B50500	63	業務委託費	0.0	0.0	0.0	0.0	0.0	0.0
202605	340B50500	64	業務受託収入	0.0	0.0	0.0	0.0	0.0	0.0
202605	340B50500	65	システム管理料	0.0	0.0	0.0	0.0	0.0	0.0
202605	340B50500	66	情報機器利用料	16950.0	16950.0	20850.0	2.8	123.0	123.0
202605	340B50500	67	貸倒金	0.0	0.0	0.0	0.0	0.0	0.0
202605	340B50500	68	雑費	516.0	516.0	462.0	0.0	89.5	89.5
202605	340B50500	69	福利消耗品費	0.0	0.0	0.0	0.0	0.0	0.0
202605	340B50500	70	教育研修費	0.0	0.0	189.0	0.0	0.0	0.0
202605	340B50500	71	雑給	0.0	0.0	0.0	0.0	0.0	0.0
202605	340B50500	72	社内金利（固定資産）	431.0	431.0	431.0	0.0	100.0	100.0
202605	340B50500	73	社内金利（売掛金）	431.0	431.0	0.0	0.0	0.0	0.0
202605	340B50500	74	部門共通（経費）	0.0	0.0	0.0	0.0	0.0	0.0
202605	340B50500	75	全社共通（経費）	52350.0	46155.0	48156.0	6.5	104.3	91.9
202605	340B50500	76	グループ共通	15800.0	15800.0	15800.0	2.1	100.0	100.0
202605	340B50500	77	差引収益	-45045.0	-38850.0	-402331.0	0.0	0.0	0.0
202605	340B50500	78	差引比率	-1.5	-1.3	-62.9		0.0	0.0
202605	340B50500	79	総時間	181.25	180.75	160.75		88.9	88.6
202605	340B50500	80	定時間	168.0	168.0	152.0		90.4	90.4
202605	340B50500	81	残業時間	4.0	4.0	1.0		25.0	25.0
202605	340B50500	82	移動時間	0.0	0.0	0.0		0.0	0.0
202605	340B50500	83	部門共通（時間）	0.0	0.0	0.0		0.0	0.0
202605	340B50500	84	全社共通（時間）	9.25	8.75	7.75		88.5	83.7
202605	340B50500	85	当月時間当り	-248.5	-214.9	-2502.8		0.0	0.0
202605	340B50500	86	人員	1.0	1.0	1.0		100.0	100.0
202605	004091900	1	総受注高	0.0	0.0	0.0		0.0	0.0
202605	004091900	2	許諾料	0.0	0.0	0.0	0.0	0.0	0.0
202605	004091900	3	穂木	0.0	0.0	0.0	0.0	0.0	0.0
202605	004091900	4	ﾛｲﾔﾙﾃｨ	0.0	0.0	0.0	0.0	0.0	0.0
202605	004091900	5	バラ	0.0	0.0	0.0	0.0	0.0	0.0
202605	004091900	6	通信販売	0.0	0.0	0.0	0.0	0.0	0.0
202605	004091900	7	セット苗	0.0	0.0	0.0	0.0	0.0	0.0
202605	004091900	8	その他	0.0	0.0	0.0	0.0	0.0	0.0
202605	004091900	9	総売上高	0.0	0.0	0.0		0.0	0.0
202605	004091900	10	許諾料	0.0	0.0	0.0	0.0	0.0	0.0
202605	004091900	11	穂木	0.0	0.0	0.0	0.0	0.0	0.0
202605	004091900	12	ﾛｲﾔﾙﾃｨ	0.0	0.0	0.0	0.0	0.0	0.0
202605	004091900	13	バラ	0.0	0.0	0.0	0.0	0.0	0.0
202605	004091900	14	通信販売	0.0	0.0	0.0	0.0	0.0	0.0
202605	004091900	15	セット苗	0.0	0.0	0.0	0.0	0.0	0.0
202605	004091900	16	その他	0.0	0.0	0.0	0.0	0.0	0.0
202605	004091900	17	社外売上	0.0	0.0	0.0		0.0	0.0
202605	004091900	18	売上原価	0.0	0.0	0.0	0.0	0.0	0.0
202605	004091900	19	穂木・苗仕入高	0.0	0.0	0.0	0.0	0.0	0.0
202605	004091900	20	送料	0.0	0.0	0.0	0.0	0.0	0.0
202605	004091900	21	その他	0.0	0.0	0.0	0.0	0.0	0.0
202605	004091900	22	総生産	0.0	0.0	0.0	0.0	0.0	0.0
202605	004091900	23	社内売	0.0	0.0	0.0	0.0	0.0	0.0
202605	004091900	24	社内仕入	0.0	0.0	0.0	0.0	0.0	0.0
202605	004091900	25	営業口銭	0.0	0.0	0.0		0.0	0.0
202605	004091900	26	総収益	0.0	0.0	0.0	0.0	0.0	0.0
202605	004091900	27	経費合計	0.0	0.0	0.0	0.0	0.0	0.0
202605	004091900	28	種苗費	0.0	0.0	0.0	0.0	0.0	0.0
202605	004091900	29	肥料費	0.0	0.0	0.0	0.0	0.0	0.0
202605	004091900	30	培土費用	0.0	0.0	0.0	0.0	0.0	0.0
202605	004091900	31	農薬衛生費	0.0	0.0	0.0	0.0	0.0	0.0
202605	004091900	32	農具費	0.0	0.0	0.0	0.0	0.0	0.0
202605	004091900	33	諸材料費	0.0	0.0	0.0	0.0	0.0	0.0
202605	004091900	34	その他仕入高	0.0	0.0	0.0	0.0	0.0	0.0
202605	004091900	35	減価償却費	0.0	0.0	0.0	0.0	0.0	0.0
202605	004091900	36	車両費	0.0	0.0	0.0	0.0	0.0	0.0
202605	004091900	37	旅費交通費	0.0	0.0	0.0	0.0	0.0	0.0
202605	004091900	38	荷造運搬費	0.0	0.0	0.0	0.0	0.0	0.0
202605	004091900	39	通信費	0.0	0.0	0.0	0.0	0.0	0.0
202605	004091900	40	水道光熱費	0.0	0.0	0.0	0.0	0.0	0.0
202605	004091900	41	動力費	0.0	0.0	0.0	0.0	0.0	0.0
202605	004091900	42	燃料費	0.0	0.0	0.0	0.0	0.0	0.0
202605	004091900	43	事務用品費	0.0	0.0	0.0	0.0	0.0	0.0
202605	004091900	44	消耗品費	0.0	0.0	0.0	0.0	0.0	0.0
202605	004091900	45	廃棄物処理料	0.0	0.0	0.0	0.0	0.0	0.0
202605	004091900	46	広告宣伝費	0.0	0.0	0.0	0.0	0.0	0.0
202605	004091900	47	接待交際費	0.0	0.0	0.0	0.0	0.0	0.0
202605	004091900	48	研究開発費	0.0	0.0	0.0	0.0	0.0	0.0
202605	004091900	49	クレーム費	0.0	0.0	0.0	0.0	0.0	0.0
202605	004091900	50	賃借料	0.0	0.0	0.0	0.0	0.0	0.0
202605	004091900	51	賃貸料収入	0.0	0.0	0.0	0.0	0.0	0.0
202605	004091900	52	修繕費	0.0	0.0	0.0	0.0	0.0	0.0
202605	004091900	53	支払リース料	0.0	0.0	0.0	0.0	0.0	0.0
202605	004091900	54	保険料	0.0	0.0	0.0	0.0	0.0	0.0
202605	004091900	55	支払報酬	0.0	0.0	0.0	0.0	0.0	0.0
202605	004091900	56	販売手数料	0.0	0.0	0.0	0.0	0.0	0.0
202605	004091900	57	支払手数料	0.0	0.0	0.0	0.0	0.0	0.0
202605	004091900	58	診断料	0.0	0.0	0.0	0.0	0.0	0.0
202605	004091900	59	諸会費	0.0	0.0	0.0	0.0	0.0	0.0
202605	004091900	60	会議費	0.0	0.0	0.0	0.0	0.0	0.0
202605	004091900	61	寄付金	0.0	0.0	0.0	0.0	0.0	0.0
202605	004091900	62	租税公課	0.0	0.0	0.0	0.0	0.0	0.0
202605	004091900	63	業務委託費	0.0	0.0	0.0	0.0	0.0	0.0
202605	004091900	64	業務受託収入	0.0	0.0	0.0	0.0	0.0	0.0
202605	004091900	65	システム管理料	0.0	0.0	0.0	0.0	0.0	0.0
202605	004091900	66	情報機器利用料	0.0	0.0	0.0	0.0	0.0	0.0
202605	004091900	67	貸倒金	0.0	0.0	0.0	0.0	0.0	0.0
202605	004091900	68	雑費	0.0	0.0	0.0	0.0	0.0	0.0
202605	004091900	69	福利消耗品費	0.0	0.0	0.0	0.0	0.0	0.0
202605	004091900	70	教育研修費	0.0	0.0	0.0	0.0	0.0	0.0
202605	004091900	71	雑給	0.0	0.0	0.0	0.0	0.0	0.0
202605	004091900	72	社内金利（固定資産）	0.0	0.0	0.0	0.0	0.0	0.0
202605	004091900	73	社内金利（売掛金）	0.0	0.0	0.0	0.0	0.0	0.0
202605	004091900	74	部門共通（経費）	0.0	0.0	0.0	0.0	0.0	0.0
202605	004091900	75	全社共通（経費）	0.0	0.0	0.0	0.0	0.0	0.0
202605	004091900	76	グループ共通	0.0	0.0	0.0	0.0	0.0	0.0
202605	004091900	77	差引収益	0.0	0.0	0.0	0.0	0.0	0.0
202605	004091900	78	差引比率	0.0	0.0	0.0		0.0	0.0
202605	004091900	79	総時間	0.0	0.0	0.0		0.0	0.0
202605	004091900	80	定時間	0.0	0.0	0.0		0.0	0.0
202605	004091900	81	残業時間	0.0	0.0	0.0		0.0	0.0
202605	004091900	82	移動時間	0.0	0.0	0.0		0.0	0.0
202605	004091900	83	部門共通（時間）	0.0	0.0	0.0		0.0	0.0
202605	004091900	84	全社共通（時間）	0.0	0.0	0.0		0.0	0.0
202605	004091900	85	当月時間当り	0.0	0.0	0.0		0.0	0.0
202605	004091900	86	人員	0.0	0.0	0.0		0.0	0.0
202605	340A50110	1	総受注高	0.0	0.0	0.0		0.0	0.0
202605	340A50110	2	許諾料	0.0	0.0	0.0	0.0	0.0	0.0
202605	340A50110	3	穂木	0.0	0.0	0.0	0.0	0.0	0.0
202605	340A50110	4	ﾛｲﾔﾙﾃｨ	0.0	0.0	0.0	0.0	0.0	0.0
202605	340A50110	5	バラ	0.0	0.0	0.0	0.0	0.0	0.0
202605	340A50110	6	通信販売	0.0	0.0	0.0	0.0	0.0	0.0
202605	340A50110	7	セット苗	0.0	0.0	0.0	0.0	0.0	0.0
202605	340A50110	8	その他	0.0	0.0	0.0	0.0	0.0	0.0
202605	340A50110	9	総売上高	0.0	0.0	0.0		0.0	0.0
202605	340A50110	10	許諾料	0.0	0.0	0.0	0.0	0.0	0.0
202605	340A50110	11	穂木	0.0	0.0	0.0	0.0	0.0	0.0
202605	340A50110	12	ﾛｲﾔﾙﾃｨ	0.0	0.0	0.0	0.0	0.0	0.0
202605	340A50110	13	バラ	0.0	0.0	0.0	0.0	0.0	0.0
202605	340A50110	14	通信販売	0.0	0.0	0.0	0.0	0.0	0.0
202605	340A50110	15	セット苗	0.0	0.0	0.0	0.0	0.0	0.0
202605	340A50110	16	その他	0.0	0.0	0.0	0.0	0.0	0.0
202605	340A50110	17	社外売上	0.0	0.0	0.0		0.0	0.0
202605	340A50110	18	売上原価	0.0	0.0	0.0	0.0	0.0	0.0
202605	340A50110	19	穂木・苗仕入高	0.0	0.0	0.0	0.0	0.0	0.0
202605	340A50110	20	送料	0.0	0.0	0.0	0.0	0.0	0.0
202605	340A50110	21	その他	0.0	0.0	0.0	0.0	0.0	0.0
202605	340A50110	22	総生産	0.0	0.0	0.0	0.0	0.0	0.0
202605	340A50110	23	社内売	0.0	0.0	0.0	0.0	0.0	0.0
202605	340A50110	24	社内仕入	0.0	0.0	0.0	0.0	0.0	0.0
202605	340A50110	25	営業口銭	0.0	0.0	0.0		0.0	0.0
202605	340A50110	26	総収益	0.0	0.0	0.0	0.0	0.0	0.0
202605	340A50110	27	経費合計	0.0	0.0	0.0	0.0	0.0	0.0
202605	340A50110	28	種苗費	0.0	0.0	0.0	0.0	0.0	0.0
202605	340A50110	29	肥料費	0.0	0.0	0.0	0.0	0.0	0.0
202605	340A50110	30	培土費用	0.0	0.0	0.0	0.0	0.0	0.0
202605	340A50110	31	農薬衛生費	0.0	0.0	0.0	0.0	0.0	0.0
202605	340A50110	32	農具費	0.0	0.0	0.0	0.0	0.0	0.0
202605	340A50110	33	諸材料費	0.0	0.0	0.0	0.0	0.0	0.0
202605	340A50110	34	その他仕入高	0.0	0.0	0.0	0.0	0.0	0.0
202605	340A50110	35	減価償却費	2774.0	2774.0	2774.0	0.0	100.0	100.0
202605	340A50110	36	車両費	38757.0	38757.0	32766.0	0.0	84.5	84.5
202605	340A50110	37	旅費交通費	0.0	0.0	0.0	0.0	0.0	0.0
202605	340A50110	38	荷造運搬費	15549.0	15549.0	0.0	0.0	0.0	0.0
202605	340A50110	39	通信費	14891.0	14891.0	15260.0	0.0	102.4	102.4
202605	340A50110	40	水道光熱費	26437.0	26437.0	24088.0	0.0	91.1	91.1
202605	340A50110	41	動力費	0.0	0.0	0.0	0.0	0.0	0.0
202605	340A50110	42	燃料費	0.0	0.0	0.0	0.0	0.0	0.0
202605	340A50110	43	事務用品費	4575.0	4575.0	3170.0	0.0	69.2	69.2
202605	340A50110	44	消耗品費	2000.0	2000.0	1518.0	0.0	75.9	75.9
202605	340A50110	45	廃棄物処理料	875.0	875.0	875.0	0.0	100.0	100.0
202605	340A50110	46	広告宣伝費	0.0	0.0	0.0	0.0	0.0	0.0
202605	340A50110	47	接待交際費	0.0	0.0	0.0	0.0	0.0	0.0
202605	340A50110	48	研究開発費	0.0	0.0	0.0	0.0	0.0	0.0
202605	340A50110	49	クレーム費	0.0	0.0	0.0	0.0	0.0	0.0
202605	340A50110	50	賃借料	55159.0	55159.0	55159.0	0.0	100.0	100.0
202605	340A50110	51	賃貸料収入	0.0	0.0	0.0	0.0	0.0	0.0
202605	340A50110	52	修繕費	0.0	0.0	0.0	0.0	0.0	0.0
202605	340A50110	53	支払リース料	0.0	0.0	0.0	0.0	0.0	0.0
202605	340A50110	54	保険料	319.0	319.0	319.0	0.0	100.0	100.0
202605	340A50110	55	支払報酬	0.0	0.0	0.0	0.0	0.0	0.0
202605	340A50110	56	販売手数料	0.0	0.0	0.0	0.0	0.0	0.0
202605	340A50110	57	支払手数料	433605.0	433605.0	290262.0	0.0	66.9	66.9
202605	340A50110	58	診断料	0.0	0.0	0.0	0.0	0.0	0.0
202605	340A50110	59	諸会費	625.0	625.0	6500.0	0.0		
202605	340A50110	60	会議費	0.0	0.0	0.0	0.0	0.0	0.0
202605	340A50110	61	寄付金	0.0	0.0	0.0	0.0	0.0	0.0
202605	340A50110	62	租税公課	0.0	0.0	0.0	0.0	0.0	0.0
202605	340A50110	63	業務委託費	0.0	0.0	0.0	0.0	0.0	0.0
202605	340A50110	64	業務受託収入	0.0	0.0	0.0	0.0	0.0	0.0
202605	340A50110	65	システム管理料	0.0	0.0	0.0	0.0	0.0	0.0
202605	340A50110	66	情報機器利用料	37700.0	37700.0	37700.0	0.0	100.0	100.0
202605	340A50110	67	貸倒金	0.0	0.0	0.0	0.0	0.0	0.0
202605	340A50110	68	雑費	325.0	325.0	325.0	0.0	100.0	100.0
202605	340A50110	69	福利消耗品費	22620.0	22020.0	553.0	0.0	2.5	2.4
202605	340A50110	70	教育研修費	0.0	0.0	358.0	0.0	0.0	0.0
202605	340A50110	71	雑給	0.0	0.0	0.0	0.0	0.0	0.0
202605	340A50110	72	社内金利（固定資産）	2461.0	2461.0	2461.0	0.0	100.0	100.0
202605	340A50110	73	社内金利（売掛金）	0.0	0.0	0.0	0.0	0.0	0.0
202605	340A50110	74	部門共通（経費）	-690272.0	-689672.0	-505688.0	0.0	0.0	0.0
202605	340A50110	75	全社共通（経費）	0.0	0.0	0.0	0.0	0.0	0.0
202605	340A50110	76	グループ共通	31600.0	31600.0	31600.0	0.0	100.0	100.0
202605	340A50110	77	差引収益	0.0	0.0	0.0	0.0	0.0	0.0
202605	340A50110	78	差引比率	0.0	0.0	0.0		0.0	0.0
202605	340A50110	79	総時間	0.0	0.0	0.0		0.0	0.0
202605	340A50110	80	定時間	314.0	314.0	289.0		92.0	92.0
202605	340A50110	81	残業時間	30.0	30.0	8.75		29.1	29.1
202605	340A50110	82	移動時間	0.0	0.0	0.0		0.0	0.0
202605	340A50110	83	部門共通（時間）	-344.0	-344.0	-297.75		0.0	0.0
202605	340A50110	84	全社共通（時間）	0.0	0.0	0.0		0.0	0.0
202605	340A50110	85	当月時間当り	0.0	0.0	0.0		0.0	0.0
202605	340A50110	86	人員	2.0	2.0	2.0		100.0	100.0
202605	340B30100	1	総受注高	2430000.0	2230000.0	2145009.0		96.1	88.2
202605	340B30100	2	許諾料	0.0	0.0	0.0	0.0	0.0	0.0
202605	340B30100	3	穂木	0.0	0.0	0.0	0.0	0.0	0.0
202605	340B30100	4	ﾛｲﾔﾙﾃｨ	0.0	0.0	0.0	0.0	0.0	0.0
202605	340B30100	5	バラ	0.0	0.0	0.0	0.0	0.0	0.0
202605	340B30100	6	通信販売	2430000.0	2230000.0	2145009.0	100.0	96.1	88.2
202605	340B30100	7	セット苗	0.0	0.0	0.0	0.0	0.0	0.0
202605	340B30100	8	その他	0.0	0.0	0.0	0.0	0.0	0.0
202605	340B30100	9	総売上高	3250000.0	2970000.0	3205511.0		107.9	98.6
202605	340B30100	10	許諾料	0.0	0.0	0.0	0.0	0.0	0.0
202605	340B30100	11	穂木	0.0	0.0	0.0	0.0	0.0	0.0
202605	340B30100	12	ﾛｲﾔﾙﾃｨ	0.0	0.0	0.0	0.0	0.0	0.0
202605	340B30100	13	バラ	0.0	0.0	0.0	0.0	0.0	0.0
202605	340B30100	14	通信販売	3250000.0	2970000.0	3205511.0	100.0	107.9	98.6
202605	340B30100	15	セット苗	0.0	0.0	0.0	0.0	0.0	0.0
202605	340B30100	16	その他	0.0	0.0	0.0	0.0	0.0	0.0
202605	340B30100	17	社外売上	106665000.0	97750000.0	98324536.0		100.5	92.1
202605	340B30100	18	売上原価	63742351.0	65354913.0	64736339.0	0.0	99.0	101.5
202605	340B30100	19	穂木・苗仕入高	54770849.0	55755220.0	54861514.0	0.0	98.3	100.1
202605	340B30100	20	送料	8817002.0	9445193.0	9844298.0	307.1	104.2	111.6
202605	340B30100	21	その他	154500.0	154500.0	30527.0	0.9	19.7	19.7
202605	340B30100	22	総生産	-277600.0	-277600.0	-721270.0	0.0	0.0	0.0
202605	340B30100	23	社内売	306500.0	306500.0	310500.0	9.6	101.3	101.3
202605	340B30100	24	社内仕入	584100.0	584100.0	1031770.0	32.1	176.6	176.6
202605	340B30100	25	営業口銭	-2068300.0	-1895600.0	-1900201.0		0.0	0.0
202605	340B30100	26	総収益	40576749.0	30221887.0	30966726.0	966.0	102.4	76.3
202605	340B30100	27	経費合計	4049553.0	3596630.0	3496784.0	109.0	97.2	86.3
202605	340B30100	28	種苗費	0.0	0.0	5082.0	0.1	0.0	0.0
202605	340B30100	29	肥料費	0.0	0.0	15642.0	0.4	0.0	0.0
202605	340B30100	30	培土費用	0.0	0.0	0.0	0.0	0.0	0.0
202605	340B30100	31	農薬衛生費	61103.0	34182.0	24454.0	0.7	71.5	40.0
202605	340B30100	32	農具費	15000.0	15000.0	0.0	0.0	0.0	0.0
202605	340B30100	33	諸材料費	635820.0	215920.0	112430.0	3.5	52.0	17.6
202605	340B30100	34	その他仕入高	0.0	0.0	0.0	0.0	0.0	0.0
202605	340B30100	35	減価償却費	856369.0	856370.0	856369.0	26.7	99.9	100.0
202605	340B30100	36	車両費	37200.0	48885.0	61156.0	1.9	125.1	164.3
202605	340B30100	37	旅費交通費	0.0	0.0	41409.0	1.2	0.0	0.0
202605	340B30100	38	荷造運搬費	548000.0	643600.0	453937.0	14.1	70.5	82.8
202605	340B30100	39	通信費	70170.0	68361.0	71656.0	2.2	104.8	102.1
202605	340B30100	40	水道光熱費	162174.0	219953.0	226587.0	7.0	103.0	139.7
202605	340B30100	41	動力費	0.0	0.0	0.0	0.0	0.0	0.0
202605	340B30100	42	燃料費	0.0	0.0	10988.0	0.3	0.0	0.0
202605	340B30100	43	事務用品費	21733.0	20232.0	11165.0	0.3	55.1	51.3
202605	340B30100	44	消耗品費	17183.0	12961.0	96310.0	3.0	743.0	560.4
202605	340B30100	45	廃棄物処理料	35712.0	3874.0	3548.0	0.1	91.5	9.9
202605	340B30100	46	広告宣伝費	0.0	0.0	0.0	0.0	0.0	0.0
202605	340B30100	47	接待交際費	0.0	0.0	0.0	0.0	0.0	0.0
202605	340B30100	48	研究開発費	0.0	0.0	0.0	0.0	0.0	0.0
202605	340B30100	49	クレーム費	0.0	0.0	0.0	0.0	0.0	0.0
202605	340B30100	50	賃借料	171213.0	161359.0	171213.0	5.3	106.1	100.0
202605	340B30100	51	賃貸料収入	0.0	0.0	0.0	0.0	0.0	0.0
202605	340B30100	52	修繕費	0.0	0.0	0.0	0.0	0.0	0.0
202605	340B30100	53	支払リース料	0.0	6646.0	0.0	0.0	0.0	0.0
202605	340B30100	54	保険料	928.0	864.0	952.0	0.0	110.1	102.5
202605	340B30100	55	支払報酬	0.0	0.0	0.0	0.0	0.0	0.0
202605	340B30100	56	販売手数料	0.0	0.0	0.0	0.0	0.0	0.0
202605	340B30100	57	支払手数料	45210.0	46542.0	44373.0	1.3	95.3	98.1
202605	340B30100	58	診断料	3850.0	3850.0	7700.0	0.2	200.0	200.0
202605	340B30100	59	諸会費	1562.0	625.0	1439.0	0.0	230.2	92.1
202605	340B30100	60	会議費	0.0	0.0	0.0	0.0	0.0	0.0
202605	340B30100	61	寄付金	0.0	0.0	0.0	0.0	0.0	0.0
202605	340B30100	62	租税公課	0.0	0.0	0.0	0.0	0.0	0.0
202605	340B30100	63	業務委託費	0.0	0.0	0.0	0.0	0.0	0.0
202605	340B30100	64	業務受託収入	0.0	0.0	0.0	0.0	0.0	0.0
202605	340B30100	65	システム管理料	43000.0	43000.0	43000.0	1.3	100.0	100.0
202605	340B30100	66	情報機器利用料	205450.0	205450.0	239200.0	7.4	116.4	116.4
202605	340B30100	67	貸倒金	0.0	0.0	0.0	0.0	0.0	0.0
202605	340B30100	68	雑費	7418.0	6413.0	4039.0	0.1	62.9	54.4
202605	340B30100	69	福利消耗品費	69625.0	11925.0	1383.0	0.0	11.5	1.9
202605	340B30100	70	教育研修費	0.0	0.0	2219.0	0.0	0.0	0.0
202605	340B30100	71	雑給	0.0	0.0	0.0	0.0	0.0	0.0
202605	340B30100	72	社内金利（固定資産）	223189.0	227267.0	223189.0	6.9	98.2	100.0
202605	340B30100	73	社内金利（売掛金）	0.0	0.0	0.0	0.0	0.0	0.0
202605	340B30100	74	部門共通（経費）	0.0	0.0	0.0	0.0	0.0	0.0
202605	340B30100	75	全社共通（経費）	627844.0	553551.0	577544.0	18.0	104.3	91.9
202605	340B30100	76	グループ共通	189800.0	189800.0	189800.0	5.9	100.0	100.0
202605	340B30100	77	差引収益	36527196.0	26625257.0	27469942.0	856.9	103.1	75.2
202605	340B30100	78	差引比率	1228.8	988.9	1105.7		111.8	89.9
202605	340B30100	79	総時間	1956.0	2073.0	1836.25		88.5	93.8
202605	340B30100	80	定時間	1740.0	1860.0	1654.25		88.9	95.0
202605	340B30100	81	残業時間	105.0	107.0	86.75		81.0	82.6
202605	340B30100	82	移動時間	0.0	0.0	0.0		0.0	0.0
202605	340B30100	83	部門共通（時間）	0.0	0.0	0.0		0.0	0.0
202605	340B30100	84	全社共通（時間）	111.0	106.0	95.25		89.8	85.8
202605	340B30100	85	当月時間当り	18674.4	12843.8	14959.8		116.4	80.1
202605	340B30100	86	人員	12.0	12.0	12.0		100.0	100.0
202605	340A60200	1	総受注高	0.0	0.0	0.0		0.0	0.0
202605	340A60200	2	許諾料	0.0	0.0	0.0	0.0	0.0	0.0
202605	340A60200	3	穂木	0.0	0.0	0.0	0.0	0.0	0.0
202605	340A60200	4	ﾛｲﾔﾙﾃｨ	0.0	0.0	0.0	0.0	0.0	0.0
202605	340A60200	5	バラ	0.0	0.0	0.0	0.0	0.0	0.0
202605	340A60200	6	通信販売	0.0	0.0	0.0	0.0	0.0	0.0
202605	340A60200	7	セット苗	0.0	0.0	0.0	0.0	0.0	0.0
202605	340A60200	8	その他	0.0	0.0	0.0	0.0	0.0	0.0
202605	340A60200	9	総売上高	0.0	0.0	0.0		0.0	0.0
202605	340A60200	10	許諾料	0.0	0.0	0.0	0.0	0.0	0.0
202605	340A60200	11	穂木	0.0	0.0	0.0	0.0	0.0	0.0
202605	340A60200	12	ﾛｲﾔﾙﾃｨ	0.0	0.0	0.0	0.0	0.0	0.0
202605	340A60200	13	バラ	0.0	0.0	0.0	0.0	0.0	0.0
202605	340A60200	14	通信販売	0.0	0.0	0.0	0.0	0.0	0.0
202605	340A60200	15	セット苗	0.0	0.0	0.0	0.0	0.0	0.0
202605	340A60200	16	その他	0.0	0.0	0.0	0.0	0.0	0.0
202605	340A60200	17	社外売上	0.0	0.0	0.0		0.0	0.0
202605	340A60200	18	売上原価	0.0	0.0	0.0	0.0	0.0	0.0
202605	340A60200	19	穂木・苗仕入高	0.0	0.0	0.0	0.0	0.0	0.0
202605	340A60200	20	送料	0.0	0.0	0.0	0.0	0.0	0.0
202605	340A60200	21	その他	0.0	0.0	0.0	0.0	0.0	0.0
202605	340A60200	22	総生産	0.0	0.0	0.0	0.0	0.0	0.0
202605	340A60200	23	社内売	0.0	0.0	0.0	0.0	0.0	0.0
202605	340A60200	24	社内仕入	0.0	0.0	0.0	0.0	0.0	0.0
202605	340A60200	25	営業口銭	0.0	0.0	0.0		0.0	0.0
202605	340A60200	26	総収益	0.0	0.0	0.0	0.0	0.0	0.0
202605	340A60200	27	経費合計	0.0	0.0	0.0	0.0	0.0	0.0
202605	340A60200	28	種苗費	0.0	0.0	0.0	0.0	0.0	0.0
202605	340A60200	29	肥料費	0.0	0.0	0.0	0.0	0.0	0.0
202605	340A60200	30	培土費用	0.0	0.0	0.0	0.0	0.0	0.0
202605	340A60200	31	農薬衛生費	0.0	0.0	0.0	0.0	0.0	0.0
202605	340A60200	32	農具費	0.0	0.0	0.0	0.0	0.0	0.0
202605	340A60200	33	諸材料費	0.0	0.0	0.0	0.0	0.0	0.0
202605	340A60200	34	その他仕入高	0.0	0.0	0.0	0.0	0.0	0.0
202605	340A60200	35	減価償却費	1580515.0	1580515.0	1580515.0	0.0	100.0	100.0
202605	340A60200	36	車両費	200662.0	205662.0	200262.0	0.0	97.3	99.8
202605	340A60200	37	旅費交通費	69000.0	69000.0	26128.0	0.0	37.8	37.8
202605	340A60200	38	荷造運搬費	0.0	1000.0	0.0	0.0	0.0	0.0
202605	340A60200	39	通信費	32168.0	29591.0	28177.0	0.0	95.2	87.5
202605	340A60200	40	水道光熱費	52877.0	60000.0	48180.0	0.0	80.3	91.1
202605	340A60200	41	動力費	0.0	0.0	0.0	0.0	0.0	0.0
202605	340A60200	42	燃料費	0.0	0.0	0.0	0.0	0.0	0.0
202605	340A60200	43	事務用品費	10151.0	2000.0	6345.0	0.0	317.2	62.5
202605	340A60200	44	消耗品費	4000.0	3500.0	3041.0	0.0	86.8	76.0
202605	340A60200	45	廃棄物処理料	1751.0	1647.0	1751.0	0.0	106.3	100.0
202605	340A60200	46	広告宣伝費	85000.0	85000.0	286332.0	0.0	336.8	336.8
202605	340A60200	47	接待交際費	5000.0	5000.0	0.0	0.0	0.0	0.0
202605	340A60200	48	研究開発費	0.0	0.0	0.0	0.0	0.0	0.0
202605	340A60200	49	クレーム費	0.0	0.0	0.0	0.0	0.0	0.0
202605	340A60200	50	賃借料	227866.0	221377.0	227866.0	0.0	102.9	100.0
202605	340A60200	51	賃貸料収入	-20000.0	-20000.0	-20000.0	0.0	0.0	0.0
202605	340A60200	52	修繕費	0.0	0.0	0.0	0.0	0.0	0.0
202605	340A60200	53	支払リース料	0.0	2000.0	0.0	0.0	0.0	0.0
202605	340A60200	54	保険料	640.0	0.0	640.0	0.0	0.0	100.0
202605	340A60200	55	支払報酬	0.0	250000.0	227273.0	0.0	90.9	0.0
202605	340A60200	56	販売手数料	0.0	0.0	0.0	0.0	0.0	0.0
202605	340A60200	57	支払手数料	212251.0	212000.0	177156.0	0.0	83.5	83.4
202605	340A60200	58	診断料	0.0	0.0	0.0	0.0	0.0	0.0
202605	340A60200	59	諸会費	3251.0	2000.0	24000.0	0.0		738.2
202605	340A60200	60	会議費	0.0	0.0	30500.0	0.0	0.0	0.0
202605	340A60200	61	寄付金	0.0	0.0	0.0	0.0	0.0	0.0
202605	340A60200	62	租税公課	673500.0	1200.0	0.0	0.0	0.0	0.0
202605	340A60200	63	業務委託費	0.0	0.0	0.0	0.0	0.0	0.0
202605	340A60200	64	業務受託収入	0.0	0.0	0.0	0.0	0.0	0.0
202605	340A60200	65	システム管理料	237000.0	237000.0	237000.0	0.0	100.0	100.0
202605	340A60200	66	情報機器利用料	140180.0	140180.0	140180.0	0.0	100.0	100.0
202605	340A60200	67	貸倒金	0.0	0.0	0.0	0.0	0.0	0.0
202605	340A60200	68	雑費	6251.0	6176.0	25637.0	0.0	415.1	410.1
202605	340A60200	69	福利消耗品費	20000.0	20000.0	1112.0	0.0	5.5	5.5
202605	340A60200	70	教育研修費	0.0	0.0	720.0	0.0	0.0	0.0
202605	340A60200	71	雑給	0.0	0.0	0.0	0.0	0.0	0.0
202605	340A60200	72	社内金利（固定資産）	4921.0	4921.0	4921.0	0.0	100.0	100.0
202605	340A60200	73	社内金利（売掛金）	0.0	0.0	0.0	0.0	0.0	0.0
202605	340A60200	74	部門共通（経費）	0.0	0.0	0.0	0.0	0.0	0.0
202605	340A60200	75	全社共通（経費）	-3610384.0	-3183169.0	-3321136.0	0.0	0.0	0.0
202605	340A60200	76	グループ共通	63400.0	63400.0	63400.0	0.0	100.0	100.0
202605	340A60200	77	差引収益	0.0	0.0	0.0	0.0	0.0	0.0
202605	340A60200	78	差引比率	0.0	0.0	0.0		0.0	0.0
202605	340A60200	79	総時間	0.0	0.0	0.0		0.0	0.0
202605	340A60200	80	定時間	664.0	632.0	590.75		93.4	88.9
202605	340A60200	81	残業時間	44.0	48.0	28.0		58.3	63.6
202605	340A60200	82	移動時間	-68.0	-68.0	-68.0		0.0	0.0
202605	340A60200	83	部門共通（時間）	0.0	0.0	0.0		0.0	0.0
202605	340A60200	84	全社共通（時間）	-640.0	-612.0	-550.75		0.0	0.0
202605	340A60200	85	当月時間当り	0.0	0.0	0.0		0.0	0.0
202605	340A60200	86	人員	4.0	4.0	4.0		100.0	100.0
202605	340A60100	1	総受注高	0.0	0.0	0.0		0.0	0.0
202605	340A60100	2	許諾料	0.0	0.0	0.0	0.0	0.0	0.0
202605	340A60100	3	穂木	0.0	0.0	0.0	0.0	0.0	0.0
202605	340A60100	4	ﾛｲﾔﾙﾃｨ	0.0	0.0	0.0	0.0	0.0	0.0
202605	340A60100	5	バラ	0.0	0.0	0.0	0.0	0.0	0.0
202605	340A60100	6	通信販売	0.0	0.0	0.0	0.0	0.0	0.0
202605	340A60100	7	セット苗	0.0	0.0	0.0	0.0	0.0	0.0
202605	340A60100	8	その他	0.0	0.0	0.0	0.0	0.0	0.0
202605	340A60100	9	総売上高	0.0	0.0	0.0		0.0	0.0
202605	340A60100	10	許諾料	0.0	0.0	0.0	0.0	0.0	0.0
202605	340A60100	11	穂木	0.0	0.0	0.0	0.0	0.0	0.0
202605	340A60100	12	ﾛｲﾔﾙﾃｨ	0.0	0.0	0.0	0.0	0.0	0.0
202605	340A60100	13	バラ	0.0	0.0	0.0	0.0	0.0	0.0
202605	340A60100	14	通信販売	0.0	0.0	0.0	0.0	0.0	0.0
202605	340A60100	15	セット苗	0.0	0.0	0.0	0.0	0.0	0.0
202605	340A60100	16	その他	0.0	0.0	0.0	0.0	0.0	0.0
202605	340A60100	17	社外売上	0.0	0.0	0.0		0.0	0.0
202605	340A60100	18	売上原価	0.0	0.0	0.0	0.0	0.0	0.0
202605	340A60100	19	穂木・苗仕入高	0.0	0.0	0.0	0.0	0.0	0.0
202605	340A60100	20	送料	0.0	0.0	0.0	0.0	0.0	0.0
202605	340A60100	21	その他	0.0	0.0	0.0	0.0	0.0	0.0
202605	340A60100	22	総生産	0.0	0.0	0.0	0.0	0.0	0.0
202605	340A60100	23	社内売	0.0	0.0	0.0	0.0	0.0	0.0
202605	340A60100	24	社内仕入	0.0	0.0	0.0	0.0	0.0	0.0
202605	340A60100	25	営業口銭	0.0	0.0	0.0		0.0	0.0
202605	340A60100	26	総収益	0.0	0.0	0.0	0.0	0.0	0.0
202605	340A60100	27	経費合計	0.0	0.0	0.0	0.0	0.0	0.0
202605	340A60100	28	種苗費	0.0	0.0	0.0	0.0	0.0	0.0
202605	340A60100	29	肥料費	0.0	0.0	0.0	0.0	0.0	0.0
202605	340A60100	30	培土費用	0.0	0.0	0.0	0.0	0.0	0.0
202605	340A60100	31	農薬衛生費	0.0	0.0	0.0	0.0	0.0	0.0
202605	340A60100	32	農具費	0.0	0.0	0.0	0.0	0.0	0.0
202605	340A60100	33	諸材料費	0.0	0.0	0.0	0.0	0.0	0.0
202605	340A60100	34	その他仕入高	0.0	0.0	0.0	0.0	0.0	0.0
202605	340A60100	35	減価償却費	1580515.0	1580515.0	1580515.0	0.0	100.0	100.0
202605	340A60100	36	車両費	200662.0	205662.0	200262.0	0.0	97.3	99.8
202605	340A60100	37	旅費交通費	69000.0	69000.0	26128.0	0.0	37.8	37.8
202605	340A60100	38	荷造運搬費	0.0	1000.0	0.0	0.0	0.0	0.0
202605	340A60100	39	通信費	32168.0	29591.0	28177.0	0.0	95.2	87.5
202605	340A60100	40	水道光熱費	52877.0	60000.0	48180.0	0.0	80.3	91.1
202605	340A60100	41	動力費	0.0	0.0	0.0	0.0	0.0	0.0
202605	340A60100	42	燃料費	0.0	0.0	0.0	0.0	0.0	0.0
202605	340A60100	43	事務用品費	10151.0	2000.0	6345.0	0.0	317.2	62.5
202605	340A60100	44	消耗品費	4000.0	3500.0	3041.0	0.0	86.8	76.0
202605	340A60100	45	廃棄物処理料	1751.0	1647.0	1751.0	0.0	106.3	100.0
202605	340A60100	46	広告宣伝費	85000.0	85000.0	286332.0	0.0	336.8	336.8
202605	340A60100	47	接待交際費	5000.0	5000.0	0.0	0.0	0.0	0.0
202605	340A60100	48	研究開発費	0.0	0.0	0.0	0.0	0.0	0.0
202605	340A60100	49	クレーム費	0.0	0.0	0.0	0.0	0.0	0.0
202605	340A60100	50	賃借料	227866.0	221377.0	227866.0	0.0	102.9	100.0
202605	340A60100	51	賃貸料収入	-20000.0	-20000.0	-20000.0	0.0	0.0	0.0
202605	340A60100	52	修繕費	0.0	0.0	0.0	0.0	0.0	0.0
202605	340A60100	53	支払リース料	0.0	2000.0	0.0	0.0	0.0	0.0
202605	340A60100	54	保険料	640.0	0.0	640.0	0.0	0.0	100.0
202605	340A60100	55	支払報酬	0.0	250000.0	227273.0	0.0	90.9	0.0
202605	340A60100	56	販売手数料	0.0	0.0	0.0	0.0	0.0	0.0
202605	340A60100	57	支払手数料	212251.0	212000.0	177156.0	0.0	83.5	83.4
202605	340A60100	58	診断料	0.0	0.0	0.0	0.0	0.0	0.0
202605	340A60100	59	諸会費	3251.0	2000.0	24000.0	0.0		738.2
202605	340A60100	60	会議費	0.0	0.0	30500.0	0.0	0.0	0.0
202605	340A60100	61	寄付金	0.0	0.0	0.0	0.0	0.0	0.0
202605	340A60100	62	租税公課	673500.0	1200.0	0.0	0.0	0.0	0.0
202605	340A60100	63	業務委託費	0.0	0.0	0.0	0.0	0.0	0.0
202605	340A60100	64	業務受託収入	0.0	0.0	0.0	0.0	0.0	0.0
202605	340A60100	65	システム管理料	237000.0	237000.0	237000.0	0.0	100.0	100.0
202605	340A60100	66	情報機器利用料	140180.0	140180.0	140180.0	0.0	100.0	100.0
202605	340A60100	67	貸倒金	0.0	0.0	0.0	0.0	0.0	0.0
202605	340A60100	68	雑費	6251.0	6176.0	25637.0	0.0	415.1	410.1
202605	340A60100	69	福利消耗品費	20000.0	20000.0	1112.0	0.0	5.5	5.5
202605	340A60100	70	教育研修費	0.0	0.0	720.0	0.0	0.0	0.0
202605	340A60100	71	雑給	0.0	0.0	0.0	0.0	0.0	0.0
202605	340A60100	72	社内金利（固定資産）	4921.0	4921.0	4921.0	0.0	100.0	100.0
202605	340A60100	73	社内金利（売掛金）	0.0	0.0	0.0	0.0	0.0	0.0
202605	340A60100	74	部門共通（経費）	0.0	0.0	0.0	0.0	0.0	0.0
202605	340A60100	75	全社共通（経費）	-3610384.0	-3183169.0	-3321136.0	0.0	0.0	0.0
202605	340A60100	76	グループ共通	63400.0	63400.0	63400.0	0.0	100.0	100.0
202605	340A60100	77	差引収益	0.0	0.0	0.0	0.0	0.0	0.0
202605	340A60100	78	差引比率	0.0	0.0	0.0		0.0	0.0
202605	340A60100	79	総時間	0.0	0.0	0.0		0.0	0.0
202605	340A60100	80	定時間	664.0	632.0	590.75		93.4	88.9
202605	340A60100	81	残業時間	44.0	48.0	28.0		58.3	63.6
202605	340A60100	82	移動時間	-68.0	-68.0	-68.0		0.0	0.0
202605	340A60100	83	部門共通（時間）	0.0	0.0	0.0		0.0	0.0
202605	340A60100	84	全社共通（時間）	-640.0	-612.0	-550.75		0.0	0.0
202605	340A60100	85	当月時間当り	0.0	0.0	0.0		0.0	0.0
202605	340A60100	86	人員	4.0	4.0	4.0		100.0	100.0
202605	340B30310	1	総受注高	0.0	0.0	0.0		0.0	0.0
202605	340B30310	2	許諾料	0.0	0.0	0.0	0.0	0.0	0.0
202605	340B30310	3	穂木	0.0	0.0	0.0	0.0	0.0	0.0
202605	340B30310	4	ﾛｲﾔﾙﾃｨ	0.0	0.0	0.0	0.0	0.0	0.0
202605	340B30310	5	バラ	0.0	0.0	0.0	0.0	0.0	0.0
202605	340B30310	6	通信販売	0.0	0.0	0.0	0.0	0.0	0.0
202605	340B30310	7	セット苗	0.0	0.0	0.0	0.0	0.0	0.0
202605	340B30310	8	その他	0.0	0.0	0.0	0.0	0.0	0.0
202605	340B30310	9	総売上高	0.0	0.0	0.0		0.0	0.0
202605	340B30310	10	許諾料	0.0	0.0	0.0	0.0	0.0	0.0
202605	340B30310	11	穂木	0.0	0.0	0.0	0.0	0.0	0.0
202605	340B30310	12	ﾛｲﾔﾙﾃｨ	0.0	0.0	0.0	0.0	0.0	0.0
202605	340B30310	13	バラ	0.0	0.0	0.0	0.0	0.0	0.0
202605	340B30310	14	通信販売	0.0	0.0	0.0	0.0	0.0	0.0
202605	340B30310	15	セット苗	0.0	0.0	0.0	0.0	0.0	0.0
202605	340B30310	16	その他	0.0	0.0	0.0	0.0	0.0	0.0
202605	340B30310	17	社外売上	5634096.0	5685958.0	6132259.0		107.8	108.8
202605	340B30310	18	売上原価	0.0	0.0	0.0	0.0	0.0	0.0
202605	340B30310	19	穂木・苗仕入高	0.0	0.0	0.0	0.0	0.0	0.0
202605	340B30310	20	送料	0.0	0.0	0.0	0.0	0.0	0.0
202605	340B30310	21	その他	0.0	0.0	0.0	0.0	0.0	0.0
202605	340B30310	22	総生産	71000.0	71000.0	67000.0	0.0	94.3	94.3
202605	340B30310	23	社内売	125000.0	125000.0	125000.0	0.0	100.0	100.0
202605	340B30310	24	社内仕入	54000.0	54000.0	58000.0	0.0	107.4	107.4
202605	340B30310	25	営業口銭	-1971933.0	-1990086.0	-2145906.0		0.0	0.0
202605	340B30310	26	総収益	3733163.0	3766872.0	4053353.0	0.0	107.6	108.5
202605	340B30310	27	経費合計	2699195.0	2204096.0	1698231.0	0.0	77.0	62.9
202605	340B30310	28	種苗費	0.0	0.0	0.0	0.0	0.0	0.0
202605	340B30310	29	肥料費	11000.0	0.0	0.0	0.0	0.0	0.0
202605	340B30310	30	培土費用	60270.0	239500.0	179230.0	0.0	74.8	297.3
202605	340B30310	31	農薬衛生費	127298.0	64739.0	50952.0	0.0	78.7	40.0
202605	340B30310	32	農具費	100000.0	0.0	0.0	0.0	0.0	0.0
202605	340B30310	33	諸材料費	385000.0	273750.0	14064.0	0.0	5.1	3.6
202605	340B30310	34	その他仕入高	0.0	0.0	0.0	0.0	0.0	0.0
202605	340B30310	35	減価償却費	300631.0	300634.0	309535.0	0.0	102.9	102.9
202605	340B30310	36	車両費	342300.0	125203.0	65786.0	0.0	52.5	19.2
202605	340B30310	37	旅費交通費	0.0	0.0	13267.0	0.0	0.0	0.0
202605	340B30310	38	荷造運搬費	0.0	0.0	852.0	0.0	0.0	0.0
202605	340B30310	39	通信費	11648.0	11648.0	9423.0	0.0	80.8	80.8
202605	340B30310	40	水道光熱費	220674.0	220674.0	163195.0	0.0	73.9	73.9
202605	340B30310	41	動力費	0.0	0.0	0.0	0.0	0.0	0.0
202605	340B30310	42	燃料費	0.0	0.0	0.0	0.0	0.0	0.0
202605	340B30310	43	事務用品費	6814.0	6814.0	4169.0	0.0	61.1	61.1
202605	340B30310	44	消耗品費	15666.0	15666.0	23122.0	0.0	147.5	147.5
202605	340B30310	45	廃棄物処理料	43098.0	43098.0	1754.0	0.0	4.0	4.0
202605	340B30310	46	広告宣伝費	0.0	0.0	0.0	0.0	0.0	0.0
202605	340B30310	47	接待交際費	0.0	0.0	0.0	0.0	0.0	0.0
202605	340B30310	48	研究開発費	0.0	0.0	0.0	0.0	0.0	0.0
202605	340B30310	49	クレーム費	0.0	0.0	0.0	0.0	0.0	0.0
202605	340B30310	50	賃借料	42828.0	42828.0	42828.0	0.0	100.0	100.0
202605	340B30310	51	賃貸料収入	0.0	0.0	0.0	0.0	0.0	0.0
202605	340B30310	52	修繕費	1500.0	1500.0	0.0	0.0	0.0	0.0
202605	340B30310	53	支払リース料	0.0	0.0	0.0	0.0	0.0	0.0
202605	340B30310	54	保険料	173.0	173.0	202.0	0.0	116.7	116.7
202605	340B30310	55	支払報酬	0.0	0.0	0.0	0.0	0.0	0.0
202605	340B30310	56	販売手数料	0.0	0.0	0.0	0.0	0.0	0.0
202605	340B30310	57	支払手数料	3408.0	3408.0	3408.0	0.0	100.0	100.0
202605	340B30310	58	診断料	11550.0	11550.0	7700.0	0.0	66.6	66.6
202605	340B30310	59	諸会費	0.0	0.0	244.0	0.0	0.0	0.0
202605	340B30310	60	会議費	0.0	0.0	0.0	0.0	0.0	0.0
202605	340B30310	61	寄付金	0.0	0.0	0.0	0.0	0.0	0.0
202605	340B30310	62	租税公課	0.0	0.0	0.0	0.0	0.0	0.0
202605	340B30310	63	業務委託費	0.0	0.0	0.0	0.0	0.0	0.0
202605	340B30310	64	業務受託収入	0.0	0.0	0.0	0.0	0.0	0.0
202605	340B30310	65	システム管理料	0.0	0.0	0.0	0.0	0.0	0.0
202605	340B30310	66	情報機器利用料	33900.0	33900.0	37700.0	0.0	111.2	111.2
202605	340B30310	67	貸倒金	0.0	0.0	0.0	0.0	0.0	0.0
202605	340B30310	68	雑費	7640.0	4640.0	4152.0	0.0	89.4	54.3
202605	340B30310	69	福利消耗品費	83625.0	28925.0	0.0	0.0	0.0	0.0
202605	340B30310	70	教育研修費	0.0	0.0	1706.0	0.0	0.0	0.0
202605	340B30310	71	雑給	0.0	0.0	0.0	0.0	0.0	0.0
202605	340B30310	72	社内金利（固定資産）	62785.0	62785.0	75687.0	0.0	120.5	120.5
202605	340B30310	73	社内金利（売掛金）	0.0	0.0	0.0	0.0	0.0	0.0
202605	340B30310	74	部門共通（経費）	214193.0	155176.0	113779.0	0.0	73.3	53.1
202605	340B30310	75	全社共通（経費）	470794.0	415085.0	433076.0	0.0	104.3	91.9
202605	340B30310	76	グループ共通	142400.0	142400.0	142400.0	0.0	100.0	100.0
202605	340B30310	77	差引収益	1033968.0	1562776.0	2355122.0	0.0	150.7	227.7
202605	340B30310	78	差引比率	1456.2	2201.0	3515.1		159.7	241.3
202605	340B30310	79	総時間	1754.5	1864.0	1449.25		77.7	82.6
202605	340B30310	80	定時間	1434.0	1574.0	1195.75		75.9	83.3
202605	340B30310	81	残業時間	50.0	45.0	37.75		83.8	75.5
202605	340B30310	82	移動時間	80.0	88.0	77.25		87.7	96.5
202605	340B30310	83	部門共通（時間）	107.25	77.25	66.75		86.4	62.2
202605	340B30310	84	全社共通（時間）	83.25	79.75	71.75		89.9	86.1
202605	340B30310	85	当月時間当り	589.3	838.3	1625.0		193.8	275.7
202605	340B30310	86	人員	9.0	10.0	9.0		90.0	100.0
202605	340B50600	1	総受注高	0.0	0.0	0.0		0.0	0.0
202605	340B50600	2	許諾料	0.0	0.0	0.0	0.0	0.0	0.0
202605	340B50600	3	穂木	0.0	0.0	0.0	0.0	0.0	0.0
202605	340B50600	4	ﾛｲﾔﾙﾃｨ	0.0	0.0	0.0	0.0	0.0	0.0
202605	340B50600	5	バラ	0.0	0.0	0.0	0.0	0.0	0.0
202605	340B50600	6	通信販売	0.0	0.0	0.0	0.0	0.0	0.0
202605	340B50600	7	セット苗	0.0	0.0	0.0	0.0	0.0	0.0
202605	340B50600	8	その他	0.0	0.0	0.0	0.0	0.0	0.0
202605	340B50600	9	総売上高	0.0	0.0	0.0		0.0	0.0
202605	340B50600	10	許諾料	0.0	0.0	0.0	0.0	0.0	0.0
202605	340B50600	11	穂木	0.0	0.0	0.0	0.0	0.0	0.0
202605	340B50600	12	ﾛｲﾔﾙﾃｨ	0.0	0.0	0.0	0.0	0.0	0.0
202605	340B50600	13	バラ	0.0	0.0	0.0	0.0	0.0	0.0
202605	340B50600	14	通信販売	0.0	0.0	0.0	0.0	0.0	0.0
202605	340B50600	15	セット苗	0.0	0.0	0.0	0.0	0.0	0.0
202605	340B50600	16	その他	0.0	0.0	0.0	0.0	0.0	0.0
202605	340B50600	17	社外売上	27376560.0	27628560.0	29799013.0		107.8	108.8
202605	340B50600	18	売上原価	0.0	0.0	0.0	0.0	0.0	0.0
202605	340B50600	19	穂木・苗仕入高	0.0	0.0	0.0	0.0	0.0	0.0
202605	340B50600	20	送料	0.0	0.0	0.0	0.0	0.0	0.0
202605	340B50600	21	その他	0.0	0.0	0.0	0.0	0.0	0.0
202605	340B50600	22	総生産	171000.0	171000.0	172400.0	0.0	100.8	100.8
202605	340B50600	23	社内売	225000.0	225000.0	230400.0	0.0	102.4	102.4
202605	340B50600	24	社内仕入	54000.0	54000.0	58000.0	0.0	107.4	107.4
202605	340B50600	25	営業口銭	-9581796.0	-9669996.0	-10428117.0		0.0	0.0
202605	340B50600	26	総収益	17965764.0	18129564.0	19543296.0	0.0	107.7	108.7
202605	340B50600	27	経費合計	11185360.0	14345302.0	11487561.0	0.0	80.0	102.7
202605	340B50600	28	種苗費	0.0	0.0	0.0	0.0	0.0	0.0
202605	340B50600	29	肥料費	293000.0	289340.0	173882.0	0.0	60.0	59.3
202605	340B50600	30	培土費用	270270.0	679500.0	576730.0	0.0	84.8	213.3
202605	340B50600	31	農薬衛生費	508089.0	287882.0	207351.0	0.0	72.0	40.8
202605	340B50600	32	農具費	200000.0	30000.0	11470.0	0.0	38.2	5.7
202605	340B50600	33	諸材料費	1003000.0	571450.0	390882.0	0.0	68.4	38.9
202605	340B50600	34	その他仕入高	0.0	0.0	0.0	0.0	0.0	0.0
202605	340B50600	35	減価償却費	965824.0	965827.0	972565.0	0.0	100.6	100.6
202605	340B50600	36	車両費	873766.0	645853.0	535572.0	0.0	82.9	61.2
202605	340B50600	37	旅費交通費	1123000.0	583000.0	555674.0	0.0	95.3	49.4
202605	340B50600	38	荷造運搬費	118549.0	118549.0	2683.0	0.0	2.2	2.2
202605	340B50600	39	通信費	68473.0	68473.0	68455.0	0.0	99.9	99.9
202605	340B50600	40	水道光熱費	512967.0	512967.0	448939.0	0.0	87.5	87.5
202605	340B50600	41	動力費	0.0	0.0	0.0	0.0	0.0	0.0
202605	340B50600	42	燃料費	0.0	0.0	38959.0	0.0	0.0	0.0
202605	340B50600	43	事務用品費	32531.0	32531.0	16964.0	0.0	52.1	52.1
202605	340B50600	44	消耗品費	67327.0	64327.0	78013.0	0.0	121.2	115.8
202605	340B50600	45	廃棄物処理料	204630.0	186630.0	57568.0	0.0	30.8	28.1
202605	340B50600	46	広告宣伝費	0.0	0.0	0.0	0.0	0.0	0.0
202605	340B50600	47	接待交際費	0.0	0.0	2833.0	0.0	0.0	0.0
202605	340B50600	48	研究開発費	0.0	0.0	0.0	0.0	0.0	0.0
202605	340B50600	49	クレーム費	0.0	0.0	0.0	0.0	0.0	0.0
202605	340B50600	50	賃借料	312936.0	312936.0	357936.0	0.0	114.3	114.3
202605	340B50600	51	賃貸料収入	-20000.0	-20000.0	-65000.0	0.0	0.0	0.0
202605	340B50600	52	修繕費	936500.0	5657500.0	4022070.0	0.0	71.0	429.4
202605	340B50600	53	支払リース料	2299.0	2299.0	2299.0	0.0	100.0	100.0
202605	340B50600	54	保険料	19372.0	19372.0	1466.0	0.0	7.5	7.5
202605	340B50600	55	支払報酬	0.0	0.0	0.0	0.0	0.0	0.0
202605	340B50600	56	販売手数料	0.0	0.0	0.0	0.0	0.0	0.0
202605	340B50600	57	支払手数料	448333.0	448333.0	305919.0	0.0	68.2	68.2
202605	340B50600	58	診断料	30800.0	30800.0	15400.0	0.0	50.0	50.0
202605	340B50600	59	諸会費	625.0	625.0	7257.0	0.0		
202605	340B50600	60	会議費	0.0	0.0	0.0	0.0	0.0	0.0
202605	340B50600	61	寄付金	0.0	0.0	0.0	0.0	0.0	0.0
202605	340B50600	62	租税公課	0.0	0.0	0.0	0.0	0.0	0.0
202605	340B50600	63	業務委託費	45500.0	45500.0	0.0	0.0	0.0	0.0
202605	340B50600	64	業務受託収入	0.0	0.0	0.0	0.0	0.0	0.0
202605	340B50600	65	システム管理料	0.0	0.0	0.0	0.0	0.0	0.0
202605	340B50600	66	情報機器利用料	475290.0	475290.0	514550.0	0.0	108.2	108.2
202605	340B50600	67	貸倒金	0.0	0.0	0.0	0.0	0.0	0.0
202605	340B50600	68	雑費	29104.0	22497.0	13238.0	0.0	58.8	45.4
202605	340B50600	69	福利消耗品費	341565.0	270265.0	14572.0	0.0	5.3	4.2
202605	340B50600	70	教育研修費	10000.0	10000.0	5657.0	0.0	56.5	56.5
202605	340B50600	71	雑給	0.0	0.0	0.0	0.0	0.0	0.0
202605	340B50600	72	社内金利（固定資産）	252454.0	252454.0	269183.0	0.0	106.6	106.6
202605	340B50600	73	社内金利（売掛金）	0.0	0.0	0.0	0.0	0.0	0.0
202605	340B50600	74	部門共通（経費）	-69027.0	-155176.0	-113779.0	0.0	0.0	0.0
202605	340B50600	75	全社共通（経費）	1621783.0	1429878.0	1491853.0	0.0	104.3	91.9
202605	340B50600	76	グループ共通	506400.0	506400.0	506400.0	0.0	100.0	100.0
202605	340B50600	77	差引収益	6780404.0	3784262.0	8055735.0	0.0	212.8	118.8
202605	340B50600	78	差引比率	3965.1	2213.0	4672.7		211.1	117.8
202605	340B50600	79	総時間	5273.0	5328.75	4749.25		89.1	90.0
202605	340B50600	80	定時間	4813.5	4905.5	4433.25		90.3	92.1
202605	340B50600	81	残業時間	223.0	234.0	149.0		63.6	66.8
202605	340B50600	82	移動時間	-16.0	-8.0	-13.25		0.0	0.0
202605	340B50600	83	部門共通（時間）	-34.25	-77.25	-66.75		0.0	0.0
202605	340B50600	84	全社共通（時間）	286.75	274.5	247.0		89.9	86.1
202605	340B50600	85	当月時間当り	1285.8	710.1	1696.2		238.8	131.9
202605	340B50600	86	人員	29.0	31.0	32.0		103.2	110.3
202605	340B50100	1	総受注高	0.0	0.0	0.0		0.0	0.0
202605	340B50100	2	許諾料	0.0	0.0	0.0	0.0	0.0	0.0
202605	340B50100	3	穂木	0.0	0.0	0.0	0.0	0.0	0.0
202605	340B50100	4	ﾛｲﾔﾙﾃｨ	0.0	0.0	0.0	0.0	0.0	0.0
202605	340B50100	5	バラ	0.0	0.0	0.0	0.0	0.0	0.0
202605	340B50100	6	通信販売	0.0	0.0	0.0	0.0	0.0	0.0
202605	340B50100	7	セット苗	0.0	0.0	0.0	0.0	0.0	0.0
202605	340B50100	8	その他	0.0	0.0	0.0	0.0	0.0	0.0
202605	340B50100	9	総売上高	0.0	0.0	0.0		0.0	0.0
202605	340B50100	10	許諾料	0.0	0.0	0.0	0.0	0.0	0.0
202605	340B50100	11	穂木	0.0	0.0	0.0	0.0	0.0	0.0
202605	340B50100	12	ﾛｲﾔﾙﾃｨ	0.0	0.0	0.0	0.0	0.0	0.0
202605	340B50100	13	バラ	0.0	0.0	0.0	0.0	0.0	0.0
202605	340B50100	14	通信販売	0.0	0.0	0.0	0.0	0.0	0.0
202605	340B50100	15	セット苗	0.0	0.0	0.0	0.0	0.0	0.0
202605	340B50100	16	その他	0.0	0.0	0.0	0.0	0.0	0.0
202605	340B50100	17	社外売上	27376560.0	27628560.0	29799013.0		107.8	108.8
202605	340B50100	18	売上原価	0.0	0.0	0.0	0.0	0.0	0.0
202605	340B50100	19	穂木・苗仕入高	0.0	0.0	0.0	0.0	0.0	0.0
202605	340B50100	20	送料	0.0	0.0	0.0	0.0	0.0	0.0
202605	340B50100	21	その他	0.0	0.0	0.0	0.0	0.0	0.0
202605	340B50100	22	総生産	171000.0	171000.0	172400.0	0.0	100.8	100.8
202605	340B50100	23	社内売	225000.0	225000.0	230400.0	0.0	102.4	102.4
202605	340B50100	24	社内仕入	54000.0	54000.0	58000.0	0.0	107.4	107.4
202605	340B50100	25	営業口銭	-9581796.0	-9669996.0	-10428117.0		0.0	0.0
202605	340B50100	26	総収益	17965764.0	18129564.0	19543296.0	0.0	107.7	108.7
202605	340B50100	27	経費合計	11185360.0	14345302.0	11487561.0	0.0	80.0	102.7
202605	340B50100	28	種苗費	0.0	0.0	0.0	0.0	0.0	0.0
202605	340B50100	29	肥料費	293000.0	289340.0	173882.0	0.0	60.0	59.3
202605	340B50100	30	培土費用	270270.0	679500.0	576730.0	0.0	84.8	213.3
202605	340B50100	31	農薬衛生費	508089.0	287882.0	207351.0	0.0	72.0	40.8
202605	340B50100	32	農具費	200000.0	30000.0	11470.0	0.0	38.2	5.7
202605	340B50100	33	諸材料費	1003000.0	571450.0	390882.0	0.0	68.4	38.9
202605	340B50100	34	その他仕入高	0.0	0.0	0.0	0.0	0.0	0.0
202605	340B50100	35	減価償却費	965824.0	965827.0	972565.0	0.0	100.6	100.6
202605	340B50100	36	車両費	873766.0	645853.0	535572.0	0.0	82.9	61.2
202605	340B50100	37	旅費交通費	1123000.0	583000.0	555674.0	0.0	95.3	49.4
202605	340B50100	38	荷造運搬費	118549.0	118549.0	2683.0	0.0	2.2	2.2
202605	340B50100	39	通信費	68473.0	68473.0	68455.0	0.0	99.9	99.9
202605	340B50100	40	水道光熱費	512967.0	512967.0	448939.0	0.0	87.5	87.5
202605	340B50100	41	動力費	0.0	0.0	0.0	0.0	0.0	0.0
202605	340B50100	42	燃料費	0.0	0.0	38959.0	0.0	0.0	0.0
202605	340B50100	43	事務用品費	32531.0	32531.0	16964.0	0.0	52.1	52.1
202605	340B50100	44	消耗品費	67327.0	64327.0	78013.0	0.0	121.2	115.8
202605	340B50100	45	廃棄物処理料	204630.0	186630.0	57568.0	0.0	30.8	28.1
202605	340B50100	46	広告宣伝費	0.0	0.0	0.0	0.0	0.0	0.0
202605	340B50100	47	接待交際費	0.0	0.0	2833.0	0.0	0.0	0.0
202605	340B50100	48	研究開発費	0.0	0.0	0.0	0.0	0.0	0.0
202605	340B50100	49	クレーム費	0.0	0.0	0.0	0.0	0.0	0.0
202605	340B50100	50	賃借料	312936.0	312936.0	357936.0	0.0	114.3	114.3
202605	340B50100	51	賃貸料収入	-20000.0	-20000.0	-65000.0	0.0	0.0	0.0
202605	340B50100	52	修繕費	936500.0	5657500.0	4022070.0	0.0	71.0	429.4
202605	340B50100	53	支払リース料	2299.0	2299.0	2299.0	0.0	100.0	100.0
202605	340B50100	54	保険料	19372.0	19372.0	1466.0	0.0	7.5	7.5
202605	340B50100	55	支払報酬	0.0	0.0	0.0	0.0	0.0	0.0
202605	340B50100	56	販売手数料	0.0	0.0	0.0	0.0	0.0	0.0
202605	340B50100	57	支払手数料	448333.0	448333.0	305919.0	0.0	68.2	68.2
202605	340B50100	58	診断料	30800.0	30800.0	15400.0	0.0	50.0	50.0
202605	340B50100	59	諸会費	625.0	625.0	7257.0	0.0		
202605	340B50100	60	会議費	0.0	0.0	0.0	0.0	0.0	0.0
202605	340B50100	61	寄付金	0.0	0.0	0.0	0.0	0.0	0.0
202605	340B50100	62	租税公課	0.0	0.0	0.0	0.0	0.0	0.0
202605	340B50100	63	業務委託費	45500.0	45500.0	0.0	0.0	0.0	0.0
202605	340B50100	64	業務受託収入	0.0	0.0	0.0	0.0	0.0	0.0
202605	340B50100	65	システム管理料	0.0	0.0	0.0	0.0	0.0	0.0
202605	340B50100	66	情報機器利用料	475290.0	475290.0	514550.0	0.0	108.2	108.2
202605	340B50100	67	貸倒金	0.0	0.0	0.0	0.0	0.0	0.0
202605	340B50100	68	雑費	29104.0	22497.0	13238.0	0.0	58.8	45.4
202605	340B50100	69	福利消耗品費	341565.0	270265.0	14572.0	0.0	5.3	4.2
202605	340B50100	70	教育研修費	10000.0	10000.0	5657.0	0.0	56.5	56.5
202605	340B50100	71	雑給	0.0	0.0	0.0	0.0	0.0	0.0
202605	340B50100	72	社内金利（固定資産）	252454.0	252454.0	269183.0	0.0	106.6	106.6
202605	340B50100	73	社内金利（売掛金）	0.0	0.0	0.0	0.0	0.0	0.0
202605	340B50100	74	部門共通（経費）	-69027.0	-155176.0	-113779.0	0.0	0.0	0.0
202605	340B50100	75	全社共通（経費）	1621783.0	1429878.0	1491853.0	0.0	104.3	91.9
202605	340B50100	76	グループ共通	506400.0	506400.0	506400.0	0.0	100.0	100.0
202605	340B50100	77	差引収益	6780404.0	3784262.0	8055735.0	0.0	212.8	118.8
202605	340B50100	78	差引比率	3965.1	2213.0	4672.7		211.1	117.8
202605	340B50100	79	総時間	5273.0	5328.75	4749.25		89.1	90.0
202605	340B50100	80	定時間	4813.5	4905.5	4433.25		90.3	92.1
202605	340B50100	81	残業時間	223.0	234.0	149.0		63.6	66.8
202605	340B50100	82	移動時間	-16.0	-8.0	-13.25		0.0	0.0
202605	340B50100	83	部門共通（時間）	-34.25	-77.25	-66.75		0.0	0.0
202605	340B50100	84	全社共通（時間）	286.75	274.5	247.0		89.9	86.1
202605	340B50100	85	当月時間当り	1285.8	710.1	1696.2		238.8	131.9
202605	340B50100	86	人員	29.0	31.0	32.0		103.2	110.3
202605	004092000	1	総受注高	0.0	0.0	0.0		0.0	0.0
202605	004092000	2	許諾料	0.0	0.0	0.0	0.0	0.0	0.0
202605	004092000	3	穂木	0.0	0.0	0.0	0.0	0.0	0.0
202605	004092000	4	ﾛｲﾔﾙﾃｨ	0.0	0.0	0.0	0.0	0.0	0.0
202605	004092000	5	バラ	0.0	0.0	0.0	0.0	0.0	0.0
202605	004092000	6	通信販売	0.0	0.0	0.0	0.0	0.0	0.0
202605	004092000	7	セット苗	0.0	0.0	0.0	0.0	0.0	0.0
202605	004092000	8	その他	0.0	0.0	0.0	0.0	0.0	0.0
202605	004092000	9	総売上高	0.0	0.0	0.0		0.0	0.0
202605	004092000	10	許諾料	0.0	0.0	0.0	0.0	0.0	0.0
202605	004092000	11	穂木	0.0	0.0	0.0	0.0	0.0	0.0
202605	004092000	12	ﾛｲﾔﾙﾃｨ	0.0	0.0	0.0	0.0	0.0	0.0
202605	004092000	13	バラ	0.0	0.0	0.0	0.0	0.0	0.0
202605	004092000	14	通信販売	0.0	0.0	0.0	0.0	0.0	0.0
202605	004092000	15	セット苗	0.0	0.0	0.0	0.0	0.0	0.0
202605	004092000	16	その他	0.0	0.0	0.0	0.0	0.0	0.0
202605	004092000	17	社外売上	0.0	0.0	0.0		0.0	0.0
202605	004092000	18	売上原価	0.0	0.0	0.0	0.0	0.0	0.0
202605	004092000	19	穂木・苗仕入高	0.0	0.0	0.0	0.0	0.0	0.0
202605	004092000	20	送料	0.0	0.0	0.0	0.0	0.0	0.0
202605	004092000	21	その他	0.0	0.0	0.0	0.0	0.0	0.0
202605	004092000	22	総生産	0.0	0.0	0.0	0.0	0.0	0.0
202605	004092000	23	社内売	0.0	0.0	0.0	0.0	0.0	0.0
202605	004092000	24	社内仕入	0.0	0.0	0.0	0.0	0.0	0.0
202605	004092000	25	営業口銭	0.0	0.0	0.0		0.0	0.0
202605	004092000	26	総収益	0.0	0.0	0.0	0.0	0.0	0.0
202605	004092000	27	経費合計	0.0	0.0	0.0	0.0	0.0	0.0
202605	004092000	28	種苗費	0.0	0.0	0.0	0.0	0.0	0.0
202605	004092000	29	肥料費	0.0	0.0	0.0	0.0	0.0	0.0
202605	004092000	30	培土費用	0.0	0.0	0.0	0.0	0.0	0.0
202605	004092000	31	農薬衛生費	0.0	0.0	0.0	0.0	0.0	0.0
202605	004092000	32	農具費	0.0	0.0	0.0	0.0	0.0	0.0
202605	004092000	33	諸材料費	0.0	0.0	0.0	0.0	0.0	0.0
202605	004092000	34	その他仕入高	0.0	0.0	0.0	0.0	0.0	0.0
202605	004092000	35	減価償却費	0.0	0.0	0.0	0.0	0.0	0.0
202605	004092000	36	車両費	0.0	0.0	0.0	0.0	0.0	0.0
202605	004092000	37	旅費交通費	0.0	0.0	0.0	0.0	0.0	0.0
202605	004092000	38	荷造運搬費	0.0	0.0	0.0	0.0	0.0	0.0
202605	004092000	39	通信費	0.0	0.0	0.0	0.0	0.0	0.0
202605	004092000	40	水道光熱費	0.0	0.0	0.0	0.0	0.0	0.0
202605	004092000	41	動力費	0.0	0.0	0.0	0.0	0.0	0.0
202605	004092000	42	燃料費	0.0	0.0	0.0	0.0	0.0	0.0
202605	004092000	43	事務用品費	0.0	0.0	0.0	0.0	0.0	0.0
202605	004092000	44	消耗品費	0.0	0.0	0.0	0.0	0.0	0.0
202605	004092000	45	廃棄物処理料	0.0	0.0	0.0	0.0	0.0	0.0
202605	004092000	46	広告宣伝費	0.0	0.0	0.0	0.0	0.0	0.0
202605	004092000	47	接待交際費	0.0	0.0	0.0	0.0	0.0	0.0
202605	004092000	48	研究開発費	0.0	0.0	0.0	0.0	0.0	0.0
202605	004092000	49	クレーム費	0.0	0.0	0.0	0.0	0.0	0.0
202605	004092000	50	賃借料	0.0	0.0	0.0	0.0	0.0	0.0
202605	004092000	51	賃貸料収入	0.0	0.0	0.0	0.0	0.0	0.0
202605	004092000	52	修繕費	0.0	0.0	0.0	0.0	0.0	0.0
202605	004092000	53	支払リース料	0.0	0.0	0.0	0.0	0.0	0.0
202605	004092000	54	保険料	0.0	0.0	0.0	0.0	0.0	0.0
202605	004092000	55	支払報酬	0.0	0.0	0.0	0.0	0.0	0.0
202605	004092000	56	販売手数料	0.0	0.0	0.0	0.0	0.0	0.0
202605	004092000	57	支払手数料	0.0	0.0	0.0	0.0	0.0	0.0
202605	004092000	58	診断料	0.0	0.0	0.0	0.0	0.0	0.0
202605	004092000	59	諸会費	0.0	0.0	0.0	0.0	0.0	0.0
202605	004092000	60	会議費	0.0	0.0	0.0	0.0	0.0	0.0
202605	004092000	61	寄付金	0.0	0.0	0.0	0.0	0.0	0.0
202605	004092000	62	租税公課	0.0	0.0	0.0	0.0	0.0	0.0
202605	004092000	63	業務委託費	0.0	0.0	0.0	0.0	0.0	0.0
202605	004092000	64	業務受託収入	0.0	0.0	0.0	0.0	0.0	0.0
202605	004092000	65	システム管理料	0.0	0.0	0.0	0.0	0.0	0.0
202605	004092000	66	情報機器利用料	0.0	0.0	0.0	0.0	0.0	0.0
202605	004092000	67	貸倒金	0.0	0.0	0.0	0.0	0.0	0.0
202605	004092000	68	雑費	0.0	0.0	0.0	0.0	0.0	0.0
202605	004092000	69	福利消耗品費	0.0	0.0	0.0	0.0	0.0	0.0
202605	004092000	70	教育研修費	0.0	0.0	0.0	0.0	0.0	0.0
202605	004092000	71	雑給	0.0	0.0	0.0	0.0	0.0	0.0
202605	004092000	72	社内金利（固定資産）	0.0	0.0	0.0	0.0	0.0	0.0
202605	004092000	73	社内金利（売掛金）	0.0	0.0	0.0	0.0	0.0	0.0
202605	004092000	74	部門共通（経費）	0.0	0.0	0.0	0.0	0.0	0.0
202605	004092000	75	全社共通（経費）	0.0	0.0	0.0	0.0	0.0	0.0
202605	004092000	76	グループ共通	0.0	0.0	0.0	0.0	0.0	0.0
202605	004092000	77	差引収益	0.0	0.0	0.0	0.0	0.0	0.0
202605	004092000	78	差引比率	0.0	0.0	0.0		0.0	0.0
202605	004092000	79	総時間	0.0	0.0	0.0		0.0	0.0
202605	004092000	80	定時間	0.0	0.0	0.0		0.0	0.0
202605	004092000	81	残業時間	0.0	0.0	0.0		0.0	0.0
202605	004092000	82	移動時間	0.0	0.0	0.0		0.0	0.0
202605	004092000	83	部門共通（時間）	0.0	0.0	0.0		0.0	0.0
202605	004092000	84	全社共通（時間）	0.0	0.0	0.0		0.0	0.0
202605	004092000	85	当月時間当り	0.0	0.0	0.0		0.0	0.0
202605	004092000	86	人員	0.0	0.0	0.0		0.0	0.0
202605	340B30200	1	総受注高	0.0	0.0	0.0		0.0	0.0
202605	340B30200	2	許諾料	0.0	0.0	0.0	0.0	0.0	0.0
202605	340B30200	3	穂木	0.0	0.0	0.0	0.0	0.0	0.0
202605	340B30200	4	ﾛｲﾔﾙﾃｨ	0.0	0.0	0.0	0.0	0.0	0.0
202605	340B30200	5	バラ	0.0	0.0	0.0	0.0	0.0	0.0
202605	340B30200	6	通信販売	0.0	0.0	0.0	0.0	0.0	0.0
202605	340B30200	7	セット苗	0.0	0.0	0.0	0.0	0.0	0.0
202605	340B30200	8	その他	0.0	0.0	0.0	0.0	0.0	0.0
202605	340B30200	9	総売上高	0.0	0.0	0.0		0.0	0.0
202605	340B30200	10	許諾料	0.0	0.0	0.0	0.0	0.0	0.0
202605	340B30200	11	穂木	0.0	0.0	0.0	0.0	0.0	0.0
202605	340B30200	12	ﾛｲﾔﾙﾃｨ	0.0	0.0	0.0	0.0	0.0	0.0
202605	340B30200	13	バラ	0.0	0.0	0.0	0.0	0.0	0.0
202605	340B30200	14	通信販売	0.0	0.0	0.0	0.0	0.0	0.0
202605	340B30200	15	セット苗	0.0	0.0	0.0	0.0	0.0	0.0
202605	340B30200	16	その他	0.0	0.0	0.0	0.0	0.0	0.0
202605	340B30200	17	社外売上	14478100.0	13269200.0	13312448.0		100.3	91.9
202605	340B30200	18	売上原価	0.0	0.0	0.0	0.0	0.0	0.0
202605	340B30200	19	穂木・苗仕入高	0.0	0.0	0.0	0.0	0.0	0.0
202605	340B30200	20	送料	0.0	0.0	0.0	0.0	0.0	0.0
202605	340B30200	21	その他	0.0	0.0	0.0	0.0	0.0	0.0
202605	340B30200	22	総生産	106500.0	106500.0	110500.0	0.0	103.7	103.7
202605	340B30200	23	社内売	206500.0	206500.0	210500.0	0.0	101.9	101.9
202605	340B30200	24	社内仕入	100000.0	100000.0	100000.0	0.0	100.0	100.0
202605	340B30200	25	営業口銭	-289562.0	-265384.0	-265325.0		0.0	0.0
202605	340B30200	26	総収益	14295038.0	13110316.0	13157623.0	0.0	100.3	92.0
202605	340B30200	27	経費合計	2626347.0	2219301.0	2453069.0	0.0	110.5	93.4
202605	340B30200	28	種苗費	0.0	0.0	0.0	0.0	0.0	0.0
202605	340B30200	29	肥料費	0.0	0.0	15642.0	0.0	0.0	0.0
202605	340B30200	30	培土費用	0.0	0.0	0.0	0.0	0.0	0.0
202605	340B30200	31	農薬衛生費	61103.0	34182.0	24454.0	0.0	71.5	40.0
202605	340B30200	32	農具費	15000.0	15000.0	0.0	0.0	0.0	0.0
202605	340B30200	33	諸材料費	462820.0	106720.0	112430.0	0.0	105.3	24.2
202605	340B30200	34	その他仕入高	0.0	0.0	0.0	0.0	0.0	0.0
202605	340B30200	35	減価償却費	815727.0	815728.0	815727.0	0.0	99.9	100.0
202605	340B30200	36	車両費	37200.0	48885.0	61156.0	0.0	125.1	164.3
202605	340B30200	37	旅費交通費	0.0	0.0	41409.0	0.0	0.0	0.0
202605	340B30200	38	荷造運搬費	60000.0	60000.0	138586.0	0.0	230.9	230.9
202605	340B30200	39	通信費	34504.0	32807.0	30679.0	0.0	93.5	88.9
202605	340B30200	40	水道光熱費	126549.0	189583.0	194242.0	0.0	102.4	153.4
202605	340B30200	41	動力費	0.0	0.0	0.0	0.0	0.0	0.0
202605	340B30200	42	燃料費	0.0	0.0	10988.0	0.0	0.0	0.0
202605	340B30200	43	事務用品費	9132.0	9132.0	6144.0	0.0	67.2	67.2
202605	340B30200	44	消耗品費	8222.0	7574.0	84517.0	0.0		
202605	340B30200	45	廃棄物処理料	15682.0	1895.0	1895.0	0.0	100.0	12.0
202605	340B30200	46	広告宣伝費	0.0	0.0	0.0	0.0	0.0	0.0
202605	340B30200	47	接待交際費	0.0	0.0	0.0	0.0	0.0	0.0
202605	340B30200	48	研究開発費	0.0	0.0	0.0	0.0	0.0	0.0
202605	340B30200	49	クレーム費	0.0	0.0	0.0	0.0	0.0	0.0
202605	340B30200	50	賃借料	97019.0	97019.0	97019.0	0.0	100.0	100.0
202605	340B30200	51	賃貸料収入	0.0	0.0	0.0	0.0	0.0	0.0
202605	340B30200	52	修繕費	0.0	0.0	0.0	0.0	0.0	0.0
202605	340B30200	53	支払リース料	0.0	6646.0	0.0	0.0	0.0	0.0
202605	340B30200	54	保険料	535.0	545.0	545.0	0.0	100.0	101.8
202605	340B30200	55	支払報酬	0.0	0.0	0.0	0.0	0.0	0.0
202605	340B30200	56	販売手数料	0.0	0.0	0.0	0.0	0.0	0.0
202605	340B30200	57	支払手数料	4772.0	5381.0	4992.0	0.0	92.7	104.6
202605	340B30200	58	診断料	3850.0	3850.0	7700.0	0.0	200.0	200.0
202605	340B30200	59	諸会費	937.0	0.0	831.0	0.0	0.0	88.6
202605	340B30200	60	会議費	0.0	0.0	0.0	0.0	0.0	0.0
202605	340B30200	61	寄付金	0.0	0.0	0.0	0.0	0.0	0.0
202605	340B30200	62	租税公課	0.0	0.0	0.0	0.0	0.0	0.0
202605	340B30200	63	業務委託費	0.0	0.0	0.0	0.0	0.0	0.0
202605	340B30200	64	業務受託収入	0.0	0.0	0.0	0.0	0.0	0.0
202605	340B30200	65	システム管理料	0.0	0.0	0.0	0.0	0.0	0.0
202605	340B30200	66	情報機器利用料	131950.0	131950.0	144950.0	0.0	109.8	109.8
202605	340B30200	67	貸倒金	0.0	0.0	0.0	0.0	0.0	0.0
202605	340B30200	68	雑費	5033.0	5033.0	1870.0	0.0	37.1	37.1
202605	340B30200	69	福利消耗品費	51625.0	1925.0	830.0	0.0	43.1	1.6
202605	340B30200	70	教育研修費	0.0	0.0	1105.0	0.0	0.0	0.0
202605	340B30200	71	雑給	0.0	0.0	0.0	0.0	0.0	0.0
202605	340B30200	72	社内金利（固定資産）	207795.0	211873.0	207795.0	0.0	98.0	100.0
202605	340B30200	73	社内金利（売掛金）	0.0	0.0	0.0	0.0	0.0	0.0
202605	340B30200	74	部門共通（経費）	0.0	0.0	0.0	0.0	0.0	0.0
202605	340B30200	75	全社共通（経費）	366092.0	322773.0	336763.0	0.0	104.3	91.9
202605	340B30200	76	グループ共通	110800.0	110800.0	110800.0	0.0	100.0	100.0
202605	340B30200	77	差引収益	11668691.0	10891015.0	10704554.0	0.0	98.2	91.7
202605	340B30200	78	差引比率	10956.5	10226.3	9687.3		94.7	88.4
202605	340B30200	79	総時間	1198.75	1308.0	1089.5		83.2	90.8
202605	340B30200	80	定時間	1064.0	1176.0	1000.5		85.0	94.0
202605	340B30200	81	残業時間	70.0	70.0	33.25		47.5	47.5
202605	340B30200	82	移動時間	0.0	0.0	0.0		0.0	0.0
202605	340B30200	83	部門共通（時間）	0.0	0.0	0.0		0.0	0.0
202605	340B30200	84	全社共通（時間）	64.75	62.0	55.75		89.9	86.1
202605	340B30200	85	当月時間当り	9734.0	8326.4	9825.1		117.9	100.9
202605	340B30200	86	人員	7.0	7.0	7.0		100.0	100.0
202605	340A30110	1	総受注高	0.0	0.0	0.0		0.0	0.0
202605	340A30110	2	許諾料	0.0	0.0	0.0	0.0	0.0	0.0
202605	340A30110	3	穂木	0.0	0.0	0.0	0.0	0.0	0.0
202605	340A30110	4	ﾛｲﾔﾙﾃｨ	0.0	0.0	0.0	0.0	0.0	0.0
202605	340A30110	5	バラ	0.0	0.0	0.0	0.0	0.0	0.0
202605	340A30110	6	通信販売	0.0	0.0	0.0	0.0	0.0	0.0
202605	340A30110	7	セット苗	0.0	0.0	0.0	0.0	0.0	0.0
202605	340A30110	8	その他	0.0	0.0	0.0	0.0	0.0	0.0
202605	340A30110	9	総売上高	0.0	0.0	0.0		0.0	0.0
202605	340A30110	10	許諾料	0.0	0.0	0.0	0.0	0.0	0.0
202605	340A30110	11	穂木	0.0	0.0	0.0	0.0	0.0	0.0
202605	340A30110	12	ﾛｲﾔﾙﾃｨ	0.0	0.0	0.0	0.0	0.0	0.0
202605	340A30110	13	バラ	0.0	0.0	0.0	0.0	0.0	0.0
202605	340A30110	14	通信販売	0.0	0.0	0.0	0.0	0.0	0.0
202605	340A30110	15	セット苗	0.0	0.0	0.0	0.0	0.0	0.0
202605	340A30110	16	その他	0.0	0.0	0.0	0.0	0.0	0.0
202605	340A30110	17	社外売上	88936900.0	81510800.0	81806577.0		100.3	91.9
202605	340A30110	18	売上原価	63337851.0	64950413.0	64417708.0	0.0	99.1	101.7
202605	340A30110	19	穂木・苗仕入高	54520849.0	55505220.0	54609409.0	0.0	98.3	100.1
202605	340A30110	20	送料	8817002.0	9445193.0	9844298.0	0.0	104.2	111.6
202605	340A30110	21	その他	0.0	0.0	-35999.0	0.0	0.0	0.0
202605	340A30110	22	総生産	-359100.0	-359100.0	-801370.0	0.0	0.0	0.0
202605	340A30110	23	社内売	0.0	0.0	0.0	0.0	0.0	0.0
202605	340A30110	24	社内仕入	359100.0	359100.0	801370.0	0.0	223.1	223.1
202605	340A30110	25	営業口銭	-1778738.0	-1630216.0	-1634876.0		0.0	0.0
202605	340A30110	26	総収益	23461211.0	14571071.0	14952623.0	0.0	102.6	63.7
202605	340A30110	27	経費合計	299263.0	288585.0	276907.0	0.0	95.9	92.5
202605	340A30110	28	種苗費	0.0	0.0	0.0	0.0	0.0	0.0
202605	340A30110	29	肥料費	0.0	0.0	0.0	0.0	0.0	0.0
202605	340A30110	30	培土費用	0.0	0.0	0.0	0.0	0.0	0.0
202605	340A30110	31	農薬衛生費	0.0	0.0	0.0	0.0	0.0	0.0
202605	340A30110	32	農具費	0.0	0.0	0.0	0.0	0.0	0.0
202605	340A30110	33	諸材料費	0.0	0.0	0.0	0.0	0.0	0.0
202605	340A30110	34	その他仕入高	0.0	0.0	0.0	0.0	0.0	0.0
202605	340A30110	35	減価償却費	2774.0	2774.0	2774.0	0.0	100.0	100.0
202605	340A30110	36	車両費	0.0	0.0	0.0	0.0	0.0	0.0
202605	340A30110	37	旅費交通費	0.0	0.0	0.0	0.0	0.0	0.0
202605	340A30110	38	荷造運搬費	0.0	0.0	884.0	0.0	0.0	0.0
202605	340A30110	39	通信費	11287.0	13089.0	12886.0	0.0	98.4	114.1
202605	340A30110	40	水道光熱費	26437.0	26347.0	24088.0	0.0	91.4	91.1
202605	340A30110	41	動力費	0.0	0.0	0.0	0.0	0.0	0.0
202605	340A30110	42	燃料費	0.0	0.0	0.0	0.0	0.0	0.0
202605	340A30110	43	事務用品費	4575.0	4575.0	3170.0	0.0	69.2	69.2
202605	340A30110	44	消耗品費	2000.0	2000.0	1518.0	0.0	75.9	75.9
202605	340A30110	45	廃棄物処理料	875.0	875.0	875.0	0.0	100.0	100.0
202605	340A30110	46	広告宣伝費	0.0	0.0	0.0	0.0	0.0	0.0
202605	340A30110	47	接待交際費	0.0	0.0	0.0	0.0	0.0	0.0
202605	340A30110	48	研究開発費	0.0	0.0	0.0	0.0	0.0	0.0
202605	340A30110	49	クレーム費	0.0	0.0	0.0	0.0	0.0	0.0
202605	340A30110	50	賃借料	55159.0	55159.0	55159.0	0.0	100.0	100.0
202605	340A30110	51	賃貸料収入	0.0	0.0	0.0	0.0	0.0	0.0
202605	340A30110	52	修繕費	0.0	0.0	0.0	0.0	0.0	0.0
202605	340A30110	53	支払リース料	0.0	0.0	0.0	0.0	0.0	0.0
202605	340A30110	54	保険料	319.0	319.0	319.0	0.0	100.0	100.0
202605	340A30110	55	支払報酬	0.0	0.0	0.0	0.0	0.0	0.0
202605	340A30110	56	販売手数料	0.0	0.0	0.0	0.0	0.0	0.0
202605	340A30110	57	支払手数料	8425.0	8425.0	5425.0	0.0	64.3	64.3
202605	340A30110	58	診断料	0.0	0.0	0.0	0.0	0.0	0.0
202605	340A30110	59	諸会費	625.0	625.0	500.0	0.0	80.0	80.0
202605	340A30110	60	会議費	0.0	0.0	0.0	0.0	0.0	0.0
202605	340A30110	61	寄付金	0.0	0.0	0.0	0.0	0.0	0.0
202605	340A30110	62	租税公課	0.0	0.0	0.0	0.0	0.0	0.0
202605	340A30110	63	業務委託費	0.0	0.0	0.0	0.0	0.0	0.0
202605	340A30110	64	業務受託収入	0.0	0.0	0.0	0.0	0.0	0.0
202605	340A30110	65	システム管理料	0.0	0.0	0.0	0.0	0.0	0.0
202605	340A30110	66	情報機器利用料	37700.0	37700.0	37700.0	0.0	100.0	100.0
202605	340A30110	67	貸倒金	0.0	0.0	0.0	0.0	0.0	0.0
202605	340A30110	68	雑費	325.0	325.0	325.0	0.0	100.0	100.0
202605	340A30110	69	福利消耗品費	10000.0	10000.0	553.0	0.0	5.5	5.5
202605	340A30110	70	教育研修費	0.0	0.0	358.0	0.0	0.0	0.0
202605	340A30110	71	雑給	0.0	0.0	0.0	0.0	0.0	0.0
202605	340A30110	72	社内金利（固定資産）	2461.0	2461.0	2461.0	0.0	100.0	100.0
202605	340A30110	73	社内金利（売掛金）	0.0	0.0	0.0	0.0	0.0	0.0
202605	340A30110	74	部門共通（経費）	0.0	0.0	0.0	0.0	0.0	0.0
202605	340A30110	75	全社共通（経費）	104701.0	92311.0	96312.0	0.0	104.3	91.9
202605	340A30110	76	グループ共通	31600.0	31600.0	31600.0	0.0	100.0	100.0
202605	340A30110	77	差引収益	23161948.0	14282486.0	14675716.0	0.0	102.7	63.3
202605	340A30110	78	差引比率	-6449.9	-3977.3	-1831.3		0.0	0.0
202605	340A30110	79	総時間	329.5	338.5	323.5		95.5	98.1
202605	340A30110	80	定時間	296.0	304.0	287.25		94.4	97.0
202605	340A30110	81	残業時間	15.0	17.0	20.5		120.5	136.6
202605	340A30110	82	移動時間	0.0	0.0	0.0		0.0	0.0
202605	340A30110	83	部門共通（時間）	0.0	0.0	0.0		0.0	0.0
202605	340A30110	84	全社共通（時間）	18.5	17.5	15.75		90.0	85.1
202605	340A30110	85	当月時間当り	70294.2	42193.4	45365.4		107.5	64.5
202605	340A30110	86	人員	2.0	2.0	2.0		100.0	100.0
202605	340B30320	1	総受注高	2430000.0	2230000.0	2145009.0		96.1	88.2
202605	340B30320	2	許諾料	0.0	0.0	0.0	0.0	0.0	0.0
202605	340B30320	3	穂木	0.0	0.0	0.0	0.0	0.0	0.0
202605	340B30320	4	ﾛｲﾔﾙﾃｨ	0.0	0.0	0.0	0.0	0.0	0.0
202605	340B30320	5	バラ	0.0	0.0	0.0	0.0	0.0	0.0
202605	340B30320	6	通信販売	2430000.0	2230000.0	2145009.0	100.0	96.1	88.2
202605	340B30320	7	セット苗	0.0	0.0	0.0	0.0	0.0	0.0
202605	340B30320	8	その他	0.0	0.0	0.0	0.0	0.0	0.0
202605	340B30320	9	総売上高	3250000.0	2970000.0	3205511.0		107.9	98.6
202605	340B30320	10	許諾料	0.0	0.0	0.0	0.0	0.0	0.0
202605	340B30320	11	穂木	0.0	0.0	0.0	0.0	0.0	0.0
202605	340B30320	12	ﾛｲﾔﾙﾃｨ	0.0	0.0	0.0	0.0	0.0	0.0
202605	340B30320	13	バラ	0.0	0.0	0.0	0.0	0.0	0.0
202605	340B30320	14	通信販売	3250000.0	2970000.0	3205511.0	100.0	107.9	98.6
202605	340B30320	15	セット苗	0.0	0.0	0.0	0.0	0.0	0.0
202605	340B30320	16	その他	0.0	0.0	0.0	0.0	0.0	0.0
202605	340B30320	17	社外売上	3250000.0	2970000.0	3205511.0		107.9	98.6
202605	340B30320	18	売上原価	404500.0	404500.0	318631.0	9.9	78.7	78.7
202605	340B30320	19	穂木・苗仕入高	250000.0	250000.0	252105.0	7.8	100.8	100.8
202605	340B30320	20	送料	0.0	0.0	0.0	0.0	0.0	0.0
202605	340B30320	21	その他	154500.0	154500.0	66526.0	2.0	43.0	43.0
202605	340B30320	22	総生産	-25000.0	-25000.0	-30400.0	0.0	0.0	0.0
202605	340B30320	23	社内売	100000.0	100000.0	100000.0	3.1	100.0	100.0
202605	340B30320	24	社内仕入	125000.0	125000.0	130400.0	4.0	104.3	104.3
202605	340B30320	25	営業口銭	0.0	0.0	0.0		0.0	0.0
202605	340B30320	26	総収益	2820500.0	2540500.0	2856480.0	89.1	112.4	101.2
202605	340B30320	27	経費合計	1123943.0	1088744.0	766808.0	23.9	70.4	68.2
202605	340B30320	28	種苗費	0.0	0.0	5082.0	0.1	0.0	0.0
202605	340B30320	29	肥料費	0.0	0.0	0.0	0.0	0.0	0.0
202605	340B30320	30	培土費用	0.0	0.0	0.0	0.0	0.0	0.0
202605	340B30320	31	農薬衛生費	0.0	0.0	0.0	0.0	0.0	0.0
202605	340B30320	32	農具費	0.0	0.0	0.0	0.0	0.0	0.0
202605	340B30320	33	諸材料費	173000.0	109200.0	0.0	0.0	0.0	0.0
202605	340B30320	34	その他仕入高	0.0	0.0	0.0	0.0	0.0	0.0
202605	340B30320	35	減価償却費	37868.0	37868.0	37868.0	1.1	100.0	100.0
202605	340B30320	36	車両費	0.0	0.0	0.0	0.0	0.0	0.0
202605	340B30320	37	旅費交通費	0.0	0.0	0.0	0.0	0.0	0.0
202605	340B30320	38	荷造運搬費	488000.0	583600.0	314467.0	9.8	53.8	64.4
202605	340B30320	39	通信費	24379.0	22465.0	28091.0	0.8	125.0	115.2
202605	340B30320	40	水道光熱費	9188.0	4023.0	8257.0	0.2	205.2	89.8
202605	340B30320	41	動力費	0.0	0.0	0.0	0.0	0.0	0.0
202605	340B30320	42	燃料費	0.0	0.0	0.0	0.0	0.0	0.0
202605	340B30320	43	事務用品費	8026.0	6525.0	1851.0	0.0	28.3	23.0
202605	340B30320	44	消耗品費	6961.0	3387.0	10275.0	0.3	303.3	147.6
202605	340B30320	45	廃棄物処理料	19155.0	1104.0	778.0	0.0	70.4	4.0
202605	340B30320	46	広告宣伝費	0.0	0.0	0.0	0.0	0.0	0.0
202605	340B30320	47	接待交際費	0.0	0.0	0.0	0.0	0.0	0.0
202605	340B30320	48	研究開発費	0.0	0.0	0.0	0.0	0.0	0.0
202605	340B30320	49	クレーム費	0.0	0.0	0.0	0.0	0.0	0.0
202605	340B30320	50	賃借料	19035.0	9181.0	19035.0	0.5	207.3	100.0
202605	340B30320	51	賃貸料収入	0.0	0.0	0.0	0.0	0.0	0.0
202605	340B30320	52	修繕費	0.0	0.0	0.0	0.0	0.0	0.0
202605	340B30320	53	支払リース料	0.0	0.0	0.0	0.0	0.0	0.0
202605	340B30320	54	保険料	74.0	0.0	88.0	0.0	0.0	118.9
202605	340B30320	55	支払報酬	0.0	0.0	0.0	0.0	0.0	0.0
202605	340B30320	56	販売手数料	0.0	0.0	0.0	0.0	0.0	0.0
202605	340B30320	57	支払手数料	32013.0	32736.0	33956.0	1.0	103.7	106.0
202605	340B30320	58	診断料	0.0	0.0	0.0	0.0	0.0	0.0
202605	340B30320	59	諸会費	0.0	0.0	108.0	0.0	0.0	0.0
202605	340B30320	60	会議費	0.0	0.0	0.0	0.0	0.0	0.0
202605	340B30320	61	寄付金	0.0	0.0	0.0	0.0	0.0	0.0
202605	340B30320	62	租税公課	0.0	0.0	0.0	0.0	0.0	0.0
202605	340B30320	63	業務委託費	0.0	0.0	0.0	0.0	0.0	0.0
202605	340B30320	64	業務受託収入	0.0	0.0	0.0	0.0	0.0	0.0
202605	340B30320	65	システム管理料	43000.0	43000.0	43000.0	1.3	100.0	100.0
202605	340B30320	66	情報機器利用料	35800.0	35800.0	56550.0	1.7	157.9	157.9
202605	340B30320	67	貸倒金	0.0	0.0	0.0	0.0	0.0	0.0
202605	340B30320	68	雑費	2060.0	1055.0	1844.0	0.0	174.7	89.5
202605	340B30320	69	福利消耗品費	8000.0	0.0	0.0	0.0	0.0	0.0
202605	340B30320	70	教育研修費	0.0	0.0	756.0	0.0	0.0	0.0
202605	340B30320	71	雑給	0.0	0.0	0.0	0.0	0.0	0.0
202605	340B30320	72	社内金利（固定資産）	12933.0	12933.0	12933.0	0.4	100.0	100.0
202605	340B30320	73	社内金利（売掛金）	0.0	0.0	0.0	0.0	0.0	0.0
202605	340B30320	74	部門共通（経費）	0.0	0.0	0.0	0.0	0.0	0.0
202605	340B30320	75	全社共通（経費）	157051.0	138467.0	144469.0	4.5	104.3	91.9
202605	340B30320	76	グループ共通	47400.0	47400.0	47400.0	1.4	100.0	100.0
202605	340B30320	77	差引収益	1696557.0	1451756.0	2089672.0	65.1	143.9	123.1
202605	340B30320	78	差引比率	52.6	49.2	65.8		133.7	125.0
202605	340B30320	79	総時間	427.75	426.5	423.25		99.2	98.9
202605	340B30320	80	定時間	380.0	380.0	366.5		96.4	96.4
202605	340B30320	81	残業時間	20.0	20.0	33.0		165.0	165.0
202605	340B30320	82	移動時間	0.0	0.0	0.0		0.0	0.0
202605	340B30320	83	部門共通（時間）	0.0	0.0	0.0		0.0	0.0
202605	340B30320	84	全社共通（時間）	27.75	26.5	23.75		89.6	85.5
202605	340B30320	85	当月時間当り	3966.2	3403.8	4937.2		145.0	124.4
202605	340B30320	86	人員	3.0	3.0	3.0		100.0	100.0
202605	340D50100	1	総受注高	0.0	0.0	0.0		0.0	0.0
202605	340D50100	2	許諾料	0.0	0.0	0.0	0.0	0.0	0.0
202605	340D50100	3	穂木	0.0	0.0	0.0	0.0	0.0	0.0
202605	340D50100	4	ﾛｲﾔﾙﾃｨ	0.0	0.0	0.0	0.0	0.0	0.0
202605	340D50100	5	バラ	0.0	0.0	0.0	0.0	0.0	0.0
202605	340D50100	6	通信販売	0.0	0.0	0.0	0.0	0.0	0.0
202605	340D50100	7	セット苗	0.0	0.0	0.0	0.0	0.0	0.0
202605	340D50100	8	その他	0.0	0.0	0.0	0.0	0.0	0.0
202605	340D50100	9	総売上高	0.0	0.0	0.0		0.0	0.0
202605	340D50100	10	許諾料	0.0	0.0	0.0	0.0	0.0	0.0
202605	340D50100	11	穂木	0.0	0.0	0.0	0.0	0.0	0.0
202605	340D50100	12	ﾛｲﾔﾙﾃｨ	0.0	0.0	0.0	0.0	0.0	0.0
202605	340D50100	13	バラ	0.0	0.0	0.0	0.0	0.0	0.0
202605	340D50100	14	通信販売	0.0	0.0	0.0	0.0	0.0	0.0
202605	340D50100	15	セット苗	0.0	0.0	0.0	0.0	0.0	0.0
202605	340D50100	16	その他	0.0	0.0	0.0	0.0	0.0	0.0
202605	340D50100	17	社外売上	953440.0	1341440.0	1270000.0		94.6	133.2
202605	340D50100	18	売上原価	0.0	0.0	0.0	0.0	0.0	0.0
202605	340D50100	19	穂木・苗仕入高	0.0	0.0	0.0	0.0	0.0	0.0
202605	340D50100	20	送料	0.0	0.0	0.0	0.0	0.0	0.0
202605	340D50100	21	その他	0.0	0.0	0.0	0.0	0.0	0.0
202605	340D50100	22	総生産	306600.0	306600.0	748870.0	0.0	244.2	244.2
202605	340D50100	23	社内売	359100.0	359100.0	801370.0	0.0	223.1	223.1
202605	340D50100	24	社内仕入	52500.0	52500.0	52500.0	0.0	100.0	100.0
202605	340D50100	25	営業口銭	-95344.0	-134144.0	-127000.0		0.0	0.0
202605	340D50100	26	総収益	1164696.0	1513896.0	1891870.0	0.0	124.9	162.4
202605	340D50100	27	経費合計	1514697.0	2547775.0	2269685.0	0.0	89.0	149.8
202605	340D50100	28	種苗費	0.0	0.0	0.0	0.0	0.0	0.0
202605	340D50100	29	肥料費	0.0	0.0	0.0	0.0	0.0	0.0
202605	340D50100	30	培土費用	0.0	0.0	6120.0	0.0	0.0	0.0
202605	340D50100	31	農薬衛生費	280000.0	120000.0	108940.0	0.0	90.7	38.9
202605	340D50100	32	農具費	5000.0	5000.0	47784.0	0.0	955.6	955.6
202605	340D50100	33	諸材料費	0.0	96000.0	24744.0	0.0	25.7	0.0
202605	340D50100	34	その他仕入高	0.0	0.0	0.0	0.0	0.0	0.0
202605	340D50100	35	減価償却費	67337.0	67337.0	67337.0	0.0	100.0	100.0
202605	340D50100	36	車両費	136869.0	42740.0	63295.0	0.0	148.0	46.2
202605	340D50100	37	旅費交通費	0.0	0.0	0.0	0.0	0.0	0.0
202605	340D50100	38	荷造運搬費	5000.0	5000.0	880.0	0.0	17.6	17.6
202605	340D50100	39	通信費	21936.0	21936.0	21401.0	0.0	97.5	97.5
202605	340D50100	40	水道光熱費	85000.0	85000.0	80116.0	0.0	94.2	94.2
202605	340D50100	41	動力費	0.0	0.0	0.0	0.0	0.0	0.0
202605	340D50100	42	燃料費	0.0	0.0	0.0	0.0	0.0	0.0
202605	340D50100	43	事務用品費	5000.0	5000.0	3140.0	0.0	62.8	62.8
202605	340D50100	44	消耗品費	7500.0	7500.0	15039.0	0.0	200.5	200.5
202605	340D50100	45	廃棄物処理料	0.0	0.0	48000.0	0.0	0.0	0.0
202605	340D50100	46	広告宣伝費	0.0	0.0	0.0	0.0	0.0	0.0
202605	340D50100	47	接待交際費	0.0	0.0	0.0	0.0	0.0	0.0
202605	340D50100	48	研究開発費	0.0	0.0	0.0	0.0	0.0	0.0
202605	340D50100	49	クレーム費	0.0	0.0	0.0	0.0	0.0	0.0
202605	340D50100	50	賃借料	0.0	0.0	0.0	0.0	0.0	0.0
202605	340D50100	51	賃貸料収入	0.0	0.0	0.0	0.0	0.0	0.0
202605	340D50100	52	修繕費	20000.0	1120000.0	900000.0	0.0	80.3	
202605	340D50100	53	支払リース料	26900.0	26900.0	26900.0	0.0	100.0	100.0
202605	340D50100	54	保険料	0.0	0.0	0.0	0.0	0.0	0.0
202605	340D50100	55	支払報酬	0.0	0.0	0.0	0.0	0.0	0.0
202605	340D50100	56	販売手数料	0.0	0.0	0.0	0.0	0.0	0.0
202605	340D50100	57	支払手数料	12500.0	12500.0	12500.0	0.0	100.0	100.0
202605	340D50100	58	診断料	0.0	0.0	0.0	0.0	0.0	0.0
202605	340D50100	59	諸会費	0.0	3380.0	0.0	0.0	0.0	0.0
202605	340D50100	60	会議費	0.0	0.0	0.0	0.0	0.0	0.0
202605	340D50100	61	寄付金	0.0	0.0	0.0	0.0	0.0	0.0
202605	340D50100	62	租税公課	0.0	0.0	0.0	0.0	0.0	0.0
202605	340D50100	63	業務委託費	0.0	0.0	0.0	0.0	0.0	0.0
202605	340D50100	64	業務受託収入	0.0	0.0	0.0	0.0	0.0	0.0
202605	340D50100	65	システム管理料	0.0	0.0	0.0	0.0	0.0	0.0
202605	340D50100	66	情報機器利用料	94250.0	94250.0	94250.0	0.0	100.0	100.0
202605	340D50100	67	貸倒金	0.0	0.0	0.0	0.0	0.0	0.0
202605	340D50100	68	雑費	1419.0	1419.0	18419.0	0.0		
202605	340D50100	69	福利消耗品費	22200.0	79250.0	0.0	0.0	0.0	0.0
202605	340D50100	70	教育研修費	0.0	0.0	0.0	0.0	0.0	0.0
202605	340D50100	71	雑給	0.0	0.0	0.0	0.0	0.0	0.0
202605	340D50100	72	社内金利（固定資産）	41565.0	41902.0	41565.0	0.0	99.1	100.0
202605	340D50100	73	社内金利（売掛金）	0.0	0.0	0.0	0.0	0.0	0.0
202605	340D50100	74	部門共通（経費）	69027.0	155176.0	113779.0	0.0	73.3	164.8
202605	340D50100	75	全社共通（経費）	470794.0	415085.0	433076.0	0.0	104.3	91.9
202605	340D50100	76	グループ共通	142400.0	142400.0	142400.0	0.0	100.0	100.0
202605	340D50100	77	差引収益	-350001.0	-1033879.0	-377815.0	0.0	0.0	0.0
202605	340D50100	78	差引比率	-114.1	-337.2	-50.4		0.0	0.0
202605	340D50100	79	総時間	1580.0	1619.5	1556.5		96.1	98.5
202605	340D50100	80	定時間	1378.0	1378.0	1339.75		97.2	97.2
202605	340D50100	81	残業時間	84.5	84.5	78.25		92.6	92.6
202605	340D50100	82	移動時間	0.0	0.0	0.0		0.0	0.0
202605	340D50100	83	部門共通（時間）	34.25	77.25	66.75		86.4	194.8
202605	340D50100	84	全社共通（時間）	83.25	79.75	71.75		89.9	86.1
202605	340D50100	85	当月時間当り	-221.5	-638.3	-242.7		0.0	0.0
202605	340D50100	86	人員	9.0	9.0	9.0		100.0	100.0
202605	004091800	1	総受注高	0.0	0.0	0.0		0.0	0.0
202605	004091800	2	許諾料	0.0	0.0	0.0	0.0	0.0	0.0
202605	004091800	3	穂木	0.0	0.0	0.0	0.0	0.0	0.0
202605	004091800	4	ﾛｲﾔﾙﾃｨ	0.0	0.0	0.0	0.0	0.0	0.0
202605	004091800	5	バラ	0.0	0.0	0.0	0.0	0.0	0.0
202605	004091800	6	通信販売	0.0	0.0	0.0	0.0	0.0	0.0
202605	004091800	7	セット苗	0.0	0.0	0.0	0.0	0.0	0.0
202605	004091800	8	その他	0.0	0.0	0.0	0.0	0.0	0.0
202605	004091800	9	総売上高	0.0	0.0	0.0		0.0	0.0
202605	004091800	10	許諾料	0.0	0.0	0.0	0.0	0.0	0.0
202605	004091800	11	穂木	0.0	0.0	0.0	0.0	0.0	0.0
202605	004091800	12	ﾛｲﾔﾙﾃｨ	0.0	0.0	0.0	0.0	0.0	0.0
202605	004091800	13	バラ	0.0	0.0	0.0	0.0	0.0	0.0
202605	004091800	14	通信販売	0.0	0.0	0.0	0.0	0.0	0.0
202605	004091800	15	セット苗	0.0	0.0	0.0	0.0	0.0	0.0
202605	004091800	16	その他	0.0	0.0	0.0	0.0	0.0	0.0
202605	004091800	17	社外売上	0.0	0.0	0.0		0.0	0.0
202605	004091800	18	売上原価	0.0	0.0	0.0	0.0	0.0	0.0
202605	004091800	19	穂木・苗仕入高	0.0	0.0	0.0	0.0	0.0	0.0
202605	004091800	20	送料	0.0	0.0	0.0	0.0	0.0	0.0
202605	004091800	21	その他	0.0	0.0	0.0	0.0	0.0	0.0
202605	004091800	22	総生産	0.0	0.0	0.0	0.0	0.0	0.0
202605	004091800	23	社内売	0.0	0.0	0.0	0.0	0.0	0.0
202605	004091800	24	社内仕入	0.0	0.0	0.0	0.0	0.0	0.0
202605	004091800	25	営業口銭	0.0	0.0	0.0		0.0	0.0
202605	004091800	26	総収益	0.0	0.0	0.0	0.0	0.0	0.0
202605	004091800	27	経費合計	0.0	0.0	0.0	0.0	0.0	0.0
202605	004091800	28	種苗費	0.0	0.0	0.0	0.0	0.0	0.0
202605	004091800	29	肥料費	0.0	0.0	0.0	0.0	0.0	0.0
202605	004091800	30	培土費用	0.0	0.0	0.0	0.0	0.0	0.0
202605	004091800	31	農薬衛生費	0.0	0.0	0.0	0.0	0.0	0.0
202605	004091800	32	農具費	0.0	0.0	0.0	0.0	0.0	0.0
202605	004091800	33	諸材料費	0.0	0.0	0.0	0.0	0.0	0.0
202605	004091800	34	その他仕入高	0.0	0.0	0.0	0.0	0.0	0.0
202605	004091800	35	減価償却費	0.0	0.0	0.0	0.0	0.0	0.0
202605	004091800	36	車両費	0.0	0.0	0.0	0.0	0.0	0.0
202605	004091800	37	旅費交通費	0.0	0.0	0.0	0.0	0.0	0.0
202605	004091800	38	荷造運搬費	0.0	0.0	0.0	0.0	0.0	0.0
202605	004091800	39	通信費	0.0	0.0	0.0	0.0	0.0	0.0
202605	004091800	40	水道光熱費	0.0	0.0	0.0	0.0	0.0	0.0
202605	004091800	41	動力費	0.0	0.0	0.0	0.0	0.0	0.0
202605	004091800	42	燃料費	0.0	0.0	0.0	0.0	0.0	0.0
202605	004091800	43	事務用品費	0.0	0.0	0.0	0.0	0.0	0.0
202605	004091800	44	消耗品費	0.0	0.0	0.0	0.0	0.0	0.0
202605	004091800	45	廃棄物処理料	0.0	0.0	0.0	0.0	0.0	0.0
202605	004091800	46	広告宣伝費	0.0	0.0	0.0	0.0	0.0	0.0
202605	004091800	47	接待交際費	0.0	0.0	0.0	0.0	0.0	0.0
202605	004091800	48	研究開発費	0.0	0.0	0.0	0.0	0.0	0.0
202605	004091800	49	クレーム費	0.0	0.0	0.0	0.0	0.0	0.0
202605	004091800	50	賃借料	0.0	0.0	0.0	0.0	0.0	0.0
202605	004091800	51	賃貸料収入	0.0	0.0	0.0	0.0	0.0	0.0
202605	004091800	52	修繕費	0.0	0.0	0.0	0.0	0.0	0.0
202605	004091800	53	支払リース料	0.0	0.0	0.0	0.0	0.0	0.0
202605	004091800	54	保険料	0.0	0.0	0.0	0.0	0.0	0.0
202605	004091800	55	支払報酬	0.0	0.0	0.0	0.0	0.0	0.0
202605	004091800	56	販売手数料	0.0	0.0	0.0	0.0	0.0	0.0
202605	004091800	57	支払手数料	0.0	0.0	0.0	0.0	0.0	0.0
202605	004091800	58	診断料	0.0	0.0	0.0	0.0	0.0	0.0
202605	004091800	59	諸会費	0.0	0.0	0.0	0.0	0.0	0.0
202605	004091800	60	会議費	0.0	0.0	0.0	0.0	0.0	0.0
202605	004091800	61	寄付金	0.0	0.0	0.0	0.0	0.0	0.0
202605	004091800	62	租税公課	0.0	0.0	0.0	0.0	0.0	0.0
202605	004091800	63	業務委託費	0.0	0.0	0.0	0.0	0.0	0.0
202605	004091800	64	業務受託収入	0.0	0.0	0.0	0.0	0.0	0.0
202605	004091800	65	システム管理料	0.0	0.0	0.0	0.0	0.0	0.0
202605	004091800	66	情報機器利用料	0.0	0.0	0.0	0.0	0.0	0.0
202605	004091800	67	貸倒金	0.0	0.0	0.0	0.0	0.0	0.0
202605	004091800	68	雑費	0.0	0.0	0.0	0.0	0.0	0.0
202605	004091800	69	福利消耗品費	0.0	0.0	0.0	0.0	0.0	0.0
202605	004091800	70	教育研修費	0.0	0.0	0.0	0.0	0.0	0.0
202605	004091800	71	雑給	0.0	0.0	0.0	0.0	0.0	0.0
202605	004091800	72	社内金利（固定資産）	0.0	0.0	0.0	0.0	0.0	0.0
202605	004091800	73	社内金利（売掛金）	0.0	0.0	0.0	0.0	0.0	0.0
202605	004091800	74	部門共通（経費）	0.0	0.0	0.0	0.0	0.0	0.0
202605	004091800	75	全社共通（経費）	0.0	0.0	0.0	0.0	0.0	0.0
202605	004091800	76	グループ共通	0.0	0.0	0.0	0.0	0.0	0.0
202605	004091800	77	差引収益	0.0	0.0	0.0	0.0	0.0	0.0
202605	004091800	78	差引比率	0.0	0.0	0.0		0.0	0.0
202605	004091800	79	総時間	0.0	0.0	0.0		0.0	0.0
202605	004091800	80	定時間	0.0	0.0	0.0		0.0	0.0
202605	004091800	81	残業時間	0.0	0.0	0.0		0.0	0.0
202605	004091800	82	移動時間	0.0	0.0	0.0		0.0	0.0
202605	004091800	83	部門共通（時間）	0.0	0.0	0.0		0.0	0.0
202605	004091800	84	全社共通（時間）	0.0	0.0	0.0		0.0	0.0
202605	004091800	85	当月時間当り	0.0	0.0	0.0		0.0	0.0
202605	004091800	86	人員	0.0	0.0	0.0		0.0	0.0
