対象年月度	組織コード	明細No.	採算科目名	M/P	予定	実績	構成比(%)	予定比(%)	M/P比(%)
202204	007000000	1	総受注高	67200000.0	65354000.0	65714918.0		100.5	97.7
202204	007000000	2	総売上高	67200000.0	65354000.0	65714918.0		100.5	97.7
202204	007000000	3	売上高	67640000.0	65800000.0	66097709.0	100.5	100.4	97.7
202204	007000000	4	グループ売上高	0.0	0.0	0.0	0.0	0.0	0.0
202204	007000000	5	社内売上高	29300000.0	26124000.0	24134855.0	36.7	92.3	82.3
202204	007000000	7	販売奨励金	-440000.0	-446000.0	-382791.0	0.0	0.0	0.0
202204	007000000	8	売上原価	34460000.0	35516030.0	37279240.0	56.7	104.9	108.1
202204	007000000	9	仕入高	10366350.0	10167000.0	10227809.0	15.5	100.5	98.6
202204	007000000	10	グループ仕入高	18585250.0	20165910.0	22163327.0	33.7	109.9	119.2
202204	007000000	11	社内仕入高	29300000.0	26124000.0	24134855.0	36.7	92.3	82.3
202204	007000000	12	荷造運搬費	4148160.0	3902120.0	3936905.0	5.9	100.8	94.9
202204	007000000	13	販売手数料	1360240.0	1281000.0	951199.0	1.4	74.2	69.9
202204	007000000	14	総収益	32740000.0	29837970.0	28435678.0	43.2	95.3	86.8
202204	007000000	15	経費合計	21167893.0	21132893.0	21127771.0	32.1	99.9	99.8
202204	007000000	16	経費合計（原価）	17161000.0	17275000.0	17788019.0	27.0	102.9	103.6
202204	007000000	17	種苗費*	2831000.0	2831000.0	2830230.0	4.3	99.9	99.9
202204	007000000	18	肥料費*	655000.0	895000.0	838824.0	1.2	93.7	128.0
202204	007000000	19	培土費用*	0.0	0.0	0.0	0.0	0.0	0.0
202204	007000000	20	農薬衛生費*	660000.0	709000.0	383110.0	0.5	54.0	58.0
202204	007000000	21	農具費*	186000.0	679000.0	568016.0	0.8	83.6	305.3
202204	007000000	22	諸材料費*	4451000.0	4570000.0	5076603.0	7.7	111.0	114.0
202204	007000000	23	その他仕入高*	0.0	0.0	-2454.0	0.0	0.0	0.0
202204	007000000	24	減価償却費*	3962000.0	3962000.0	3961097.0	6.0	99.9	99.9
202204	007000000	25	車両費*	0.0	0.0	0.0	0.0	0.0	0.0
202204	007000000	26	水道光熱費*	140000.0	140000.0	166976.0	0.2	119.2	119.2
202204	007000000	27	動力費*	1035000.0	935000.0	1373237.0	2.0	146.8	132.6
202204	007000000	28	燃料費*	1725000.0	900000.0	1052400.0	1.6	116.9	61.0
202204	007000000	29	賃借料*	1249000.0	1249000.0	1248241.0	1.8	99.9	99.9
202204	007000000	30	修繕費*	30000.0	170000.0	192060.0	0.2	112.9	640.2
202204	007000000	31	診断料*	189000.0	187000.0	53092.0	0.0	28.3	28.0
202204	007000000	32	租税公課*	0.0	0.0	0.0	0.0	0.0	0.0
202204	007000000	33	業務委託費*	0.0	0.0	0.0	0.0	0.0	0.0
202204	007000000	34	雑費*	0.0	0.0	0.0	0.0	0.0	0.0
202204	007000000	35	雑給*	48000.0	48000.0	46587.0	0.0	97.0	97.0
202204	007000000	36	経費合計（販管費）	4006893.0	3857893.0	3339752.0	5.0	86.5	83.3
202204	007000000	37	減価償却費	841488.0	841488.0	841488.0	1.2	100.0	100.0
202204	007000000	38	車両費	460030.0	457030.0	437687.0	0.6	95.7	95.1
202204	007000000	39	旅費交通費	40000.0	40000.0	33955.0	0.0	84.8	84.8
202204	007000000	40	通信費	57418.0	55418.0	64405.0	0.0	116.2	112.1
202204	007000000	41	水道光熱費	120000.0	120000.0	158277.0	0.2	131.8	131.8
202204	007000000	42	事務用品費	35000.0	35000.0	38985.0	0.0	111.3	111.3
202204	007000000	43	消耗品費	85000.0	71000.0	37070.0	0.0	52.2	43.6
202204	007000000	44	廃棄物処理料	264000.0	264000.0	200773.0	0.3	76.0	76.0
202204	007000000	45	広告宣伝費	23892.0	23892.0	6053.0	0.0	25.3	25.3
202204	007000000	46	接待交際費	30000.0	0.0	0.0	0.0	0.0	0.0
202204	007000000	47	賃借料	126500.0	126500.0	126000.0	0.1	99.6	99.6
202204	007000000	48	賃貸料収入	-101000.0	-101000.0	-91000.0	0.0	0.0	0.0
202204	007000000	49	修繕費	0.0	0.0	0.0	0.0	0.0	0.0
202204	007000000	50	支払リース料	4375.0	4375.0	4375.0	0.0	100.0	100.0
202204	007000000	51	保険料	205390.0	205390.0	196380.0	0.2	95.6	95.6
202204	007000000	52	支払報酬	0.0	0.0	0.0	0.0	0.0	0.0
202204	007000000	53	支払手数料	759000.0	759000.0	756333.0	1.1	99.6	99.6
202204	007000000	54	診断料	0.0	0.0	0.0	0.0	0.0	0.0
202204	007000000	55	諸会費	0.0	0.0	500.0	0.0	0.0	0.0
202204	007000000	56	会議費	5000.0	5000.0	6423.0	0.0	128.4	128.4
202204	007000000	57	寄付金	0.0	0.0	0.0	0.0	0.0	0.0
202204	007000000	58	租税公課	0.0	0.0	8200.0	0.0	0.0	0.0
202204	007000000	59	業務委託費	40000.0	40000.0	40000.0	0.0	100.0	100.0
202204	007000000	60	業務受託収入	0.0	0.0	-409091.0	0.0	0.0	0.0
202204	007000000	61	情報機器利用料	160800.0	160800.0	146480.0	0.2	91.0	91.0
202204	007000000	62	貸倒金	0.0	0.0	0.0	0.0	0.0	0.0
202204	007000000	63	雑費	159000.0	59000.0	45459.0	0.0	77.0	28.5
202204	007000000	64	福利消耗品費	0.0	0.0	0.0	0.0	0.0	0.0
202204	007000000	65	教育研修費	0.0	0.0	0.0	0.0	0.0	0.0
202204	007000000	66	廃棄損	0.0	0.0	0.0	0.0	0.0	0.0
202204	007000000	67	雑給	0.0	0.0	0.0	0.0	0.0	0.0
202204	007000000	68	社内金利（固定資産）	0.0	0.0	0.0	0.0	0.0	0.0
202204	007000000	69	社内金利（売掛金）	0.0	0.0	0.0	0.0	0.0	0.0
202204	007000000	70	グループ共通	691000.0	691000.0	691000.0	1.0	100.0	100.0
202204	007000000	71	差引収益	11572107.0	8705077.0	7307907.0	11.1	83.9	63.1
202204	007000000	72	差引比率	17.2	13.3	11.1		83.4	64.5
202204	007000000	73	総時間	7577.75	7577.75	7231.5		95.4	95.4
202204	007000000	74	定時間	7280.0	7280.0	7011.0		96.3	96.3
202204	007000000	75	残業時間	211.0	211.0	164.5		77.9	77.9
202204	007000000	76	移動時間	86.75	86.75	56.0		64.5	64.5
202204	007000000	77	当月時間当り	1527.1	1148.7	1010.5		87.9	66.1
202204	007000000	78	人員	69.0	69.0	68.0		98.5	98.5
202205	007000000	1	総受注高	74570000.0	65230000.0	62026088.0		95.0	83.1
202205	007000000	2	総売上高	74570000.0	65230000.0	62026088.0		95.0	83.1
202205	007000000	3	売上高	75000000.0	65650000.0	62443641.0	100.6	95.1	83.2
202205	007000000	4	グループ売上高	0.0	0.0	0.0	0.0	0.0	0.0
202205	007000000	5	社内売上高	29500000.0	25659000.0	23368372.0	37.6	91.0	79.2
202205	007000000	7	販売奨励金	-430000.0	-420000.0	-417553.0	0.0	0.0	0.0
202205	007000000	8	売上原価	40970000.0	36443500.0	35779238.0	57.6	98.1	87.3
202205	007000000	9	仕入高	10196250.0	10080000.0	10279406.0	16.5	101.9	100.8
202205	007000000	10	グループ仕入高	24724800.0	20748500.0	19910471.0	32.1	95.9	80.5
202205	007000000	11	社内仕入高	29500000.0	25659000.0	23368372.0	37.6	91.0	79.2
202205	007000000	12	荷造運搬費	4687310.0	4205000.0	4171692.0	6.7	99.2	88.9
202205	007000000	13	販売手数料	1361640.0	1410000.0	1417669.0	2.2	100.5	104.1
202205	007000000	14	総収益	33600000.0	28786500.0	26246850.0	42.3	91.1	78.1
202205	007000000	15	経費合計	27383893.0	24580923.0	23156791.0	37.3	94.2	84.5
202205	007000000	16	経費合計（原価）	15276000.0	12332000.0	10752644.0	17.3	87.1	70.3
202205	007000000	17	種苗費*	0.0	0.0	0.0	0.0	0.0	0.0
202205	007000000	18	肥料費*	655000.0	1215000.0	1081118.0	1.7	88.9	165.0
202205	007000000	19	培土費用*	0.0	0.0	0.0	0.0	0.0	0.0
202205	007000000	20	農薬衛生費*	498000.0	478000.0	358059.0	0.5	74.9	71.8
202205	007000000	21	農具費*	182000.0	151000.0	170212.0	0.2	112.7	93.5
202205	007000000	22	諸材料費*	5172000.0	2089000.0	1810417.0	2.9	86.6	35.0
202205	007000000	23	その他仕入高*	0.0	0.0	-11260.0	0.0	0.0	0.0
202205	007000000	24	減価償却費*	3962000.0	3962000.0	3961097.0	6.3	99.9	99.9
202205	007000000	25	車両費*	0.0	0.0	0.0	0.0	0.0	0.0
202205	007000000	26	水道光熱費*	170000.0	170000.0	169216.0	0.2	99.5	99.5
202205	007000000	27	動力費*	930000.0	920000.0	1153814.0	1.8	125.4	124.0
202205	007000000	28	燃料費*	863000.0	453000.0	614250.0	0.9	135.5	71.1
202205	007000000	29	賃借料*	1249000.0	1249000.0	1248230.0	2.0	99.9	99.9
202205	007000000	30	修繕費*	200000.0	30000.0	0.0	0.0	0.0	0.0
202205	007000000	31	診断料*	15000.0	133000.0	142000.0	0.2	106.7	946.6
202205	007000000	32	租税公課*	0.0	0.0	0.0	0.0	0.0	0.0
202205	007000000	33	業務委託費*	0.0	0.0	0.0	0.0	0.0	0.0
202205	007000000	34	雑費*	1000000.0	1422000.0	0.0	0.0	0.0	0.0
202205	007000000	35	雑給*	380000.0	60000.0	55491.0	0.0	92.4	14.6
202205	007000000	36	経費合計（販管費）	12107893.0	12248923.0	12404147.0	19.9	101.2	102.4
202205	007000000	37	減価償却費	841488.0	841488.0	841488.0	1.3	100.0	100.0
202205	007000000	38	車両費	507030.0	502030.0	503297.0	0.8	100.2	99.2
202205	007000000	39	旅費交通費	30000.0	40000.0	73299.0	0.1	183.2	244.3
202205	007000000	40	通信費	57418.0	65418.0	59185.0	0.0	90.4	103.0
202205	007000000	41	水道光熱費	90000.0	90000.0	118976.0	0.1	132.1	132.1
202205	007000000	42	事務用品費	35000.0	109000.0	88211.0	0.1	80.9	252.0
202205	007000000	43	消耗品費	81000.0	246000.0	242624.0	0.3	98.6	299.5
202205	007000000	44	廃棄物処理料	363000.0	296000.0	317864.0	0.5	107.3	87.5
202205	007000000	45	広告宣伝費	9802.0	9802.0	728.0	0.0	7.4	7.4
202205	007000000	46	接待交際費	0.0	0.0	12724.0	0.0	0.0	0.0
202205	007000000	47	賃借料	126500.0	126500.0	126000.0	0.2	99.6	99.6
202205	007000000	48	賃貸料収入	-101000.0	-110300.0	-101000.0	0.0	0.0	0.0
202205	007000000	49	修繕費	0.0	20000.0	0.0	0.0	0.0	0.0
202205	007000000	50	支払リース料	4375.0	4375.0	4375.0	0.0	100.0	100.0
202205	007000000	51	保険料	161030.0	161030.0	152020.0	0.2	94.4	94.4
202205	007000000	52	支払報酬	0.0	0.0	0.0	0.0	0.0	0.0
202205	007000000	53	支払手数料	55000.0	125000.0	128897.0	0.2	103.1	234.3
202205	007000000	54	診断料	0.0	0.0	0.0	0.0	0.0	0.0
202205	007000000	55	諸会費	5000.0	5000.0	9000.0	0.0	180.0	180.0
202205	007000000	56	会議費	5000.0	5000.0	0.0	0.0	0.0	0.0
202205	007000000	57	寄付金	0.0	0.0	0.0	0.0	0.0	0.0
202205	007000000	58	租税公課	8126000.0	8126000.0	8315100.0	13.4	102.3	102.3
202205	007000000	59	業務委託費	40000.0	40000.0	40000.0	0.0	100.0	100.0
202205	007000000	60	業務受託収入	0.0	-80000.0	-80000.0	0.0	0.0	0.0
202205	007000000	61	情報機器利用料	160800.0	160800.0	146480.0	0.2	91.0	91.0
202205	007000000	62	貸倒金	0.0	0.0	0.0	0.0	0.0	0.0
202205	007000000	63	雑費	735000.0	715000.0	684508.0	1.1	95.7	93.1
202205	007000000	64	福利消耗品費	84450.0	59780.0	26188.0	0.0	43.8	31.0
202205	007000000	65	教育研修費	0.0	0.0	3183.0	0.0	0.0	0.0
202205	007000000	66	廃棄損	0.0	0.0	0.0	0.0	0.0	0.0
202205	007000000	67	雑給	0.0	0.0	0.0	0.0	0.0	0.0
202205	007000000	68	社内金利（固定資産）	0.0	0.0	0.0	0.0	0.0	0.0
202205	007000000	69	社内金利（売掛金）	0.0	0.0	0.0	0.0	0.0	0.0
202205	007000000	70	グループ共通	691000.0	691000.0	691000.0	1.1	100.0	100.0
202205	007000000	71	差引収益	6216107.0	4205577.0	3090059.0	4.9	73.4	49.7
202205	007000000	72	差引比率	8.3	6.4	4.9		76.5	59.0
202205	007000000	73	総時間	8668.25	8391.25	7797.0		92.9	89.9
202205	007000000	74	定時間	8036.0	8047.5	7510.25		93.3	93.4
202205	007000000	75	残業時間	552.0	278.5	226.25		81.2	40.9
202205	007000000	76	移動時間	80.25	65.25	60.5		92.7	75.3
202205	007000000	77	当月時間当り	717.1	501.1	396.3		79.0	55.2
202205	007000000	78	人員	69.0	69.0	69.0		100.0	100.0
202206	007000000	1	総受注高	80480000.0	72016000.0	73008303.0		101.3	90.7
202206	007000000	2	総売上高	80480000.0	72016000.0	73008303.0		101.3	90.7
202206	007000000	3	売上高	80920000.0	72501000.0	73497344.0	100.6	101.3	90.8
202206	007000000	4	グループ売上高	0.0	0.0	0.0	0.0	0.0	0.0
202206	007000000	5	社内売上高	35600000.0	30933000.0	32417884.0	44.4	104.8	91.0
202206	007000000	7	販売奨励金	-440000.0	-485000.0	-489041.0	0.0	0.0	0.0
202206	007000000	8	売上原価	40450000.0	37767500.0	36672120.0	50.2	97.0	90.6
202206	007000000	9	仕入高	10025340.0	10000000.0	10871579.0	14.8	108.7	108.4
202206	007000000	10	グループ仕入高	24038850.0	21547500.0	19926533.0	27.2	92.4	82.8
202206	007000000	11	社内仕入高	35600000.0	30933000.0	32417884.0	44.4	104.8	91.0
202206	007000000	12	荷造運搬費	5011820.0	4860000.0	4616517.0	6.3	94.9	92.1
202206	007000000	13	販売手数料	1373990.0	1360000.0	1257491.0	1.7	92.4	91.5
202206	007000000	14	総収益	40030000.0	34248500.0	36336183.0	49.7	106.0	90.7
202206	007000000	15	経費合計	18839893.0	16898623.0	18601506.0	25.4	110.0	98.7
202206	007000000	16	経費合計（原価）	14915000.0	13545000.0	15130922.0	20.7	111.7	101.4
202206	007000000	17	種苗費*	0.0	0.0	0.0	0.0	0.0	0.0
202206	007000000	18	肥料費*	695000.0	1055000.0	1081611.0	1.4	102.5	155.6
202206	007000000	19	培土費用*	0.0	0.0	0.0	0.0	0.0	0.0
202206	007000000	20	農薬衛生費*	430000.0	420000.0	369483.0	0.5	87.9	85.9
202206	007000000	21	農具費*	281000.0	141000.0	29984.0	0.0	21.2	10.6
202206	007000000	22	諸材料費*	6512000.0	4017000.0	5559200.0	7.6	138.3	85.3
202206	007000000	23	その他仕入高*	0.0	0.0	0.0	0.0	0.0	0.0
202206	007000000	24	減価償却費*	3962000.0	3962000.0	3961097.0	5.4	99.9	99.9
202206	007000000	25	車両費*	0.0	0.0	0.0	0.0	0.0	0.0
202206	007000000	26	水道光熱費*	170000.0	170000.0	204224.0	0.2	120.1	120.1
202206	007000000	27	動力費*	830000.0	920000.0	1178546.0	1.6	128.1	141.9
202206	007000000	28	燃料費*	1000.0	0.0	0.0	0.0	0.0	0.0
202206	007000000	29	賃借料*	1249000.0	1249000.0	1248230.0	1.7	99.9	99.9
202206	007000000	30	修繕費*	20000.0	20000.0	0.0	0.0	0.0	0.0
202206	007000000	31	診断料*	133000.0	25000.0	41056.0	0.0	164.2	30.8
202206	007000000	32	租税公課*	0.0	0.0	0.0	0.0	0.0	0.0
202206	007000000	33	業務委託費*	0.0	0.0	0.0	0.0	0.0	0.0
202206	007000000	34	雑費*	240000.0	1422000.0	1402000.0	1.9	98.5	584.1
202206	007000000	35	雑給*	392000.0	144000.0	55491.0	0.0	38.5	14.1
202206	007000000	36	経費合計（販管費）	3924893.0	3353623.0	3470584.0	4.7	103.4	88.4
202206	007000000	37	減価償却費	841488.0	841488.0	841488.0	1.1	100.0	100.0
202206	007000000	38	車両費	498030.0	484030.0	467657.0	0.6	96.6	93.9
202206	007000000	39	旅費交通費	30000.0	50000.0	41783.0	0.0	83.5	139.2
202206	007000000	40	通信費	57418.0	65000.0	53593.0	0.0	82.4	93.3
202206	007000000	41	水道光熱費	100000.0	100000.0	147233.0	0.2	147.2	147.2
202206	007000000	42	事務用品費	105000.0	35000.0	37725.0	0.0	107.7	35.9
202206	007000000	43	消耗品費	256000.0	61000.0	74126.0	0.1	121.5	28.9
202206	007000000	44	廃棄物処理料	331000.0	264000.0	264572.0	0.3	100.2	79.9
202206	007000000	45	広告宣伝費	35252.0	10000.0	1346.0	0.0	13.4	3.8
202206	007000000	46	接待交際費	0.0	0.0	0.0	0.0	0.0	0.0
202206	007000000	47	賃借料	126500.0	126500.0	126000.0	0.1	99.6	99.6
202206	007000000	48	賃貸料収入	-101000.0	-101000.0	-110300.0	0.0	0.0	0.0
202206	007000000	49	修繕費	0.0	38000.0	158700.0	0.2	417.6	0.0
202206	007000000	50	支払リース料	4375.0	4375.0	4375.0	0.0	100.0	100.0
202206	007000000	51	保険料	161030.0	161030.0	152020.0	0.2	94.4	94.4
202206	007000000	52	支払報酬	345000.0	69400.0	53000.0	0.0	76.3	15.3
202206	007000000	53	支払手数料	121000.0	55000.0	168558.0	0.2	306.4	139.3
202206	007000000	54	診断料	0.0	0.0	0.0	0.0	0.0	0.0
202206	007000000	55	諸会費	5000.0	0.0	0.0	0.0	0.0	0.0
202206	007000000	56	会議費	5000.0	5000.0	0.0	0.0	0.0	0.0
202206	007000000	57	寄付金	0.0	0.0	0.0	0.0	0.0	0.0
202206	007000000	58	租税公課	0.0	0.0	10204.0	0.0	0.0	0.0
202206	007000000	59	業務委託費	40000.0	40000.0	40000.0	0.0	100.0	100.0
202206	007000000	60	業務受託収入	0.0	0.0	-60002.0	0.0	0.0	0.0
202206	007000000	61	情報機器利用料	160800.0	160800.0	146480.0	0.2	91.0	91.0
202206	007000000	62	貸倒金	0.0	0.0	0.0	0.0	0.0	0.0
202206	007000000	63	雑費	90000.0	163000.0	153026.0	0.2	93.8	170.0
202206	007000000	64	福利消耗品費	12000.0	12000.0	0.0	0.0	0.0	0.0
202206	007000000	65	教育研修費	10000.0	18000.0	8000.0	0.0	44.4	80.0
202206	007000000	66	廃棄損	0.0	0.0	0.0	0.0	0.0	0.0
202206	007000000	67	雑給	0.0	0.0	0.0	0.0	0.0	0.0
202206	007000000	68	社内金利（固定資産）	0.0	0.0	0.0	0.0	0.0	0.0
202206	007000000	69	社内金利（売掛金）	0.0	0.0	0.0	0.0	0.0	0.0
202206	007000000	70	グループ共通	691000.0	691000.0	691000.0	0.9	100.0	100.0
202206	007000000	71	差引収益	21190107.0	17349877.0	17734677.0	24.2	102.2	83.6
202206	007000000	72	差引比率	26.3	24.0	24.2		100.8	92.0
202206	007000000	73	総時間	8891.0	8133.0	8508.25		104.6	95.6
202206	007000000	74	定時間	8356.0	7819.0	7962.25		101.8	95.2
202206	007000000	75	残業時間	442.0	245.0	483.5		197.3	109.3
202206	007000000	76	移動時間	93.0	69.0	62.5		90.5	67.2
202206	007000000	77	当月時間当り	2383.3	2133.2	2084.4		97.7	87.4
202206	007000000	78	人員	69.0	67.0	68.0		101.4	98.5
202207	007000000	1	総受注高	57720000.0	62924000.0	57202075.0		90.9	99.1
202207	007000000	2	総売上高	57720000.0	62924000.0	57202075.0		90.9	99.1
202207	007000000	3	売上高	58110000.0	63324000.0	57556402.0	100.6	90.8	99.0
202207	007000000	4	グループ売上高	0.0	0.0	0.0	0.0	0.0	0.0
202207	007000000	5	社内売上高	28300000.0	36596000.0	31675330.0	55.3	86.5	111.9
202207	007000000	7	販売奨励金	-390000.0	-400000.0	-354327.0	0.0	0.0	0.0
202207	007000000	8	売上原価	25700000.0	23621400.0	22311152.0	39.0	94.4	86.8
202207	007000000	9	仕入高	13730430.0	10237500.0	9782164.0	17.1	95.5	71.2
202207	007000000	10	グループ仕入高	7448550.0	7811500.0	8382038.0	14.6	107.3	112.5
202207	007000000	11	社内仕入高	28300000.0	36596000.0	31675330.0	55.3	86.5	111.9
202207	007000000	12	荷造運搬費	3229780.0	4012400.0	2908881.0	5.0	72.4	90.0
202207	007000000	13	販売手数料	1291240.0	1560000.0	1238069.0	2.1	79.3	95.8
202207	007000000	14	総収益	32020000.0	39302600.0	34890923.0	60.9	88.7	108.9
202207	007000000	15	経費合計	17635893.0	20836183.0	18266921.0	31.9	87.6	103.5
202207	007000000	16	経費合計（原価）	12979000.0	16866000.0	14631684.0	25.5	86.7	112.7
202207	007000000	17	種苗費*	0.0	652000.0	651806.0	1.1	99.9	0.0
202207	007000000	18	肥料費*	495000.0	735000.0	770814.0	1.3	104.8	155.7
202207	007000000	19	培土費用*	0.0	2153000.0	2147040.0	3.7	99.7	0.0
202207	007000000	20	農薬衛生費*	250000.0	270000.0	361775.0	0.6	133.9	144.7
202207	007000000	21	農具費*	277000.0	828000.0	724960.0	1.2	87.5	261.7
202207	007000000	22	諸材料費*	4617000.0	4637000.0	2606136.0	4.5	56.2	56.4
202207	007000000	23	その他仕入高*	0.0	0.0	0.0	0.0	0.0	0.0
202207	007000000	24	減価償却費*	4012000.0	3962000.0	3961097.0	6.9	99.9	98.7
202207	007000000	25	車両費*	0.0	0.0	0.0	0.0	0.0	0.0
202207	007000000	26	水道光熱費*	180000.0	170000.0	132928.0	0.2	78.1	73.8
202207	007000000	27	動力費*	1030000.0	1230000.0	1723313.0	3.0	140.1	167.3
202207	007000000	28	燃料費*	4000.0	4000.0	0.0	0.0	0.0	0.0
202207	007000000	29	賃借料*	1249000.0	1249000.0	1248230.0	2.1	99.9	99.9
202207	007000000	30	修繕費*	20000.0	20000.0	25700.0	0.0	128.5	128.5
202207	007000000	31	診断料*	15000.0	123000.0	39902.0	0.0	32.4	266.0
202207	007000000	32	租税公課*	0.0	0.0	0.0	0.0	0.0	0.0
202207	007000000	33	業務委託費*	0.0	0.0	0.0	0.0	0.0	0.0
202207	007000000	34	雑費*	450000.0	450000.0	0.0	0.0	0.0	0.0
202207	007000000	35	雑給*	380000.0	383000.0	237983.0	0.4	62.1	62.6
202207	007000000	36	経費合計（販管費）	4656893.0	3970183.0	3635237.0	6.3	91.5	78.0
202207	007000000	37	減価償却費	841488.0	841488.0	841488.0	1.4	100.0	100.0
202207	007000000	38	車両費	484030.0	479030.0	442598.0	0.7	92.3	91.4
202207	007000000	39	旅費交通費	40000.0	70000.0	55162.0	0.0	78.8	137.9
202207	007000000	40	通信費	62418.0	65418.0	71570.0	0.1	109.4	114.6
202207	007000000	41	水道光熱費	100000.0	100000.0	189266.0	0.3	189.2	189.2
202207	007000000	42	事務用品費	35000.0	35000.0	24526.0	0.0	70.0	70.0
202207	007000000	43	消耗品費	101000.0	81300.0	149865.0	0.2	184.3	148.3
202207	007000000	44	廃棄物処理料	1743000.0	360000.0	373546.0	0.6	103.7	21.4
202207	007000000	45	広告宣伝費	8252.0	8252.0	0.0	0.0	0.0	0.0
202207	007000000	46	接待交際費	30000.0	0.0	0.0	0.0	0.0	0.0
202207	007000000	47	賃借料	126500.0	126500.0	126000.0	0.2	99.6	99.6
202207	007000000	48	賃貸料収入	-101000.0	-101000.0	-101000.0	0.0	0.0	0.0
202207	007000000	49	修繕費	0.0	348000.0	880.0	0.0	0.2	0.0
202207	007000000	50	支払リース料	4375.0	4375.0	4375.0	0.0	100.0	100.0
202207	007000000	51	保険料	161030.0	152020.0	152020.0	0.2	100.0	94.4
202207	007000000	52	支払報酬	0.0	300000.0	318229.0	0.5	106.0	0.0
202207	007000000	53	支払手数料	55000.0	56000.0	47448.0	0.0	84.7	86.2
202207	007000000	54	診断料	0.0	0.0	0.0	0.0	0.0	0.0
202207	007000000	55	諸会費	0.0	0.0	0.0	0.0	0.0	0.0
202207	007000000	56	会議費	5000.0	5000.0	0.0	0.0	0.0	0.0
202207	007000000	57	寄付金	0.0	0.0	0.0	0.0	0.0	0.0
202207	007000000	58	租税公課	0.0	0.0	0.0	0.0	0.0	0.0
202207	007000000	59	業務委託費	40000.0	40000.0	40000.0	0.0	100.0	100.0
202207	007000000	60	業務受託収入	0.0	0.0	-5455.0	0.0	0.0	0.0
202207	007000000	61	情報機器利用料	160800.0	146800.0	146480.0	0.2	99.7	91.0
202207	007000000	62	貸倒金	0.0	0.0	0.0	0.0	0.0	0.0
202207	007000000	63	雑費	59000.0	156000.0	66749.0	0.1	42.7	113.1
202207	007000000	64	福利消耗品費	10000.0	5000.0	490.0	0.0	9.8	4.9
202207	007000000	65	教育研修費	0.0	0.0	0.0	0.0	0.0	0.0
202207	007000000	66	廃棄損	0.0	0.0	0.0	0.0	0.0	0.0
202207	007000000	67	雑給	0.0	0.0	0.0	0.0	0.0	0.0
202207	007000000	68	社内金利（固定資産）	0.0	0.0	0.0	0.0	0.0	0.0
202207	007000000	69	社内金利（売掛金）	0.0	0.0	0.0	0.0	0.0	0.0
202207	007000000	70	グループ共通	691000.0	691000.0	691000.0	1.2	100.0	100.0
202207	007000000	71	差引収益	14384107.0	18466417.0	16624002.0	29.0	90.0	115.5
202207	007000000	72	差引比率	24.9	29.3	29.0		98.9	116.4
202207	007000000	73	総時間	8592.75	8068.75	8144.25		100.9	94.7
202207	007000000	74	定時間	8056.0	7231.0	7452.5		103.0	92.5
202207	007000000	75	残業時間	467.0	777.0	632.25		81.3	135.3
202207	007000000	76	移動時間	69.75	60.75	59.5		97.9	85.3
202207	007000000	77	当月時間当り	1673.9	2288.6	2041.1		89.1	121.9
202207	007000000	78	人員	69.0	67.0	67.0		100.0	97.1
202208	007000000	1	総受注高	46950000.0	37116000.0	33073536.0		89.1	70.4
202208	007000000	2	総売上高	46950000.0	37166000.0	33073536.0		88.9	70.4
202208	007000000	3	売上高	47280000.0	37516000.0	33397075.0	100.9	89.0	70.6
202208	007000000	4	グループ売上高	0.0	0.0	0.0	0.0	0.0	0.0
202208	007000000	5	社内売上高	24500000.0	20131000.0	15842022.0	47.8	78.6	64.6
202208	007000000	7	販売奨励金	-330000.0	-350000.0	-323539.0	0.0	0.0	0.0
202208	007000000	8	売上原価	19550000.0	15800900.0	16504134.0	49.9	104.4	84.4
202208	007000000	9	仕入高	14553510.0	10352000.0	10853644.0	32.8	104.8	74.5
202208	007000000	10	グループ仕入高	1479000.0	1870000.0	2220271.0	6.7	118.7	150.1
202208	007000000	11	社内仕入高	24500000.0	20131000.0	15842022.0	47.8	78.6	64.6
202208	007000000	12	荷造運搬費	2440850.0	2208900.0	1909958.0	5.7	86.4	78.2
202208	007000000	13	販売手数料	1076640.0	1370000.0	1520261.0	4.5	110.9	141.2
202208	007000000	14	総収益	27400000.0	21365100.0	16569402.0	50.0	77.5	60.4
202208	007000000	15	経費合計	18473133.0	24648123.0	22842252.0	69.0	92.6	123.6
202208	007000000	16	経費合計（原価）	15128000.0	20828000.0	19357839.0	58.5	92.9	127.9
202208	007000000	17	種苗費*	0.0	3298000.0	3297476.0	9.9	99.9	0.0
202208	007000000	18	肥料費*	695000.0	1097000.0	1055496.0	3.1	96.2	151.8
202208	007000000	19	培土費用*	2153000.0	3025000.0	3178740.0	9.6	105.0	147.6
202208	007000000	20	農薬衛生費*	250000.0	370000.0	343829.0	1.0	92.9	137.5
202208	007000000	21	農具費*	1124000.0	128000.0	35589.0	0.1	27.8	3.1
202208	007000000	22	諸材料費*	3557000.0	3893000.0	3305826.0	9.9	84.9	92.9
202208	007000000	23	その他仕入高*	0.0	0.0	0.0	0.0	0.0	0.0
202208	007000000	24	減価償却費*	4012000.0	3962000.0	3961097.0	11.9	99.9	98.7
202208	007000000	25	車両費*	0.0	0.0	0.0	0.0	0.0	0.0
202208	007000000	26	水道光熱費*	200000.0	240000.0	132288.0	0.3	55.1	66.1
202208	007000000	27	動力費*	1630000.0	1840000.0	1626806.0	4.9	88.4	99.8
202208	007000000	28	燃料費*	3000.0	3000.0	0.0	0.0	0.0	0.0
202208	007000000	29	賃借料*	1249000.0	1249000.0	1248230.0	3.7	99.9	99.9
202208	007000000	30	修繕費*	20000.0	530000.0	10100.0	0.0	1.9	50.5
202208	007000000	31	診断料*	15000.0	126000.0	41056.0	0.1	32.5	273.7
202208	007000000	32	租税公課*	0.0	0.0	0.0	0.0	0.0	0.0
202208	007000000	33	業務委託費*	0.0	0.0	0.0	0.0	0.0	0.0
202208	007000000	34	雑費*	0.0	624000.0	854290.0	2.5	136.9	0.0
202208	007000000	35	雑給*	220000.0	443000.0	267016.0	0.8	60.2	121.3
202208	007000000	36	経費合計（販管費）	3345133.0	3820123.0	3484413.0	10.5	91.2	104.1
202208	007000000	37	減価償却費	841488.0	841488.0	841488.0	2.5	100.0	100.0
202208	007000000	38	車両費	504030.0	490030.0	525611.0	1.5	107.2	104.2
202208	007000000	39	旅費交通費	70000.0	75000.0	63418.0	0.1	84.5	90.5
202208	007000000	40	通信費	62418.0	65418.0	64080.0	0.1	97.9	102.6
202208	007000000	41	水道光熱費	180000.0	200000.0	197639.0	0.5	98.8	109.7
202208	007000000	42	事務用品費	35000.0	35000.0	18432.0	0.0	52.6	52.6
202208	007000000	43	消耗品費	61000.0	66000.0	36342.0	0.1	55.0	59.5
202208	007000000	44	廃棄物処理料	331000.0	361000.0	474969.0	1.4	131.5	143.4
202208	007000000	45	広告宣伝費	10652.0	10652.0	6098.0	0.0	57.2	57.2
202208	007000000	46	接待交際費	30000.0	30000.0	0.0	0.0	0.0	0.0
202208	007000000	47	賃借料	126500.0	126500.0	126000.0	0.3	99.6	99.6
202208	007000000	48	賃貸料収入	-101000.0	-101000.0	-101000.0	0.0	0.0	0.0
202208	007000000	49	修繕費	0.0	348000.0	0.0	0.0	0.0	0.0
202208	007000000	50	支払リース料	12215.0	12215.0	12215.0	0.0	100.0	100.0
202208	007000000	51	保険料	161030.0	152020.0	152020.0	0.4	100.0	94.4
202208	007000000	52	支払報酬	0.0	0.0	0.0	0.0	0.0	0.0
202208	007000000	53	支払手数料	55000.0	56000.0	56838.0	0.1	101.4	103.3
202208	007000000	54	診断料	0.0	0.0	0.0	0.0	0.0	0.0
202208	007000000	55	諸会費	0.0	0.0	0.0	0.0	0.0	0.0
202208	007000000	56	会議費	5000.0	5000.0	0.0	0.0	0.0	0.0
202208	007000000	57	寄付金	0.0	0.0	0.0	0.0	0.0	0.0
202208	007000000	58	租税公課	0.0	8000.0	8015.0	0.0	100.1	0.0
202208	007000000	59	業務委託費	40000.0	40000.0	40000.0	0.1	100.0	100.0
202208	007000000	60	業務受託収入	0.0	0.0	-25456.0	0.0	0.0	0.0
202208	007000000	61	情報機器利用料	160800.0	146800.0	146480.0	0.4	99.7	91.0
202208	007000000	62	貸倒金	0.0	0.0	0.0	0.0	0.0	0.0
202208	007000000	63	雑費	59000.0	156000.0	149459.0	0.4	95.8	253.3
202208	007000000	64	福利消耗品費	10000.0	5000.0	765.0	0.0	15.3	7.6
202208	007000000	65	教育研修費	0.0	0.0	0.0	0.0	0.0	0.0
202208	007000000	66	廃棄損	0.0	0.0	0.0	0.0	0.0	0.0
202208	007000000	67	雑給	0.0	0.0	0.0	0.0	0.0	0.0
202208	007000000	68	社内金利（固定資産）	0.0	0.0	0.0	0.0	0.0	0.0
202208	007000000	69	社内金利（売掛金）	0.0	0.0	0.0	0.0	0.0	0.0
202208	007000000	70	グループ共通	691000.0	691000.0	691000.0	2.0	100.0	100.0
202208	007000000	71	差引収益	8926867.0	-3283023.0	-6272850.0	0.0	0.0	0.0
202208	007000000	72	差引比率	19.0	-8.8	-18.9		0.0	0.0
202208	007000000	73	総時間	8349.25	8217.25	8028.5		97.7	96.1
202208	007000000	74	定時間	8142.0	7548.0	7247.0		96.0	89.0
202208	007000000	75	残業時間	193.0	614.0	730.5		118.9	378.4
202208	007000000	76	移動時間	14.25	55.25	51.0		92.3	357.8
202208	007000000	77	当月時間当り	1069.1	-399.5	-781.3		0.0	0.0
202208	007000000	78	人員	69.0	67.0	67.0		100.0	97.1
202209	007000000	1	総受注高	45910000.0	31364500.0	33736208.0		107.5	73.4
202209	007000000	2	総売上高	45910000.0	31364500.0	33736208.0		107.5	73.4
202209	007000000	3	売上高	46210000.0	31654500.0	34015439.0	100.8	107.4	73.6
202209	007000000	4	グループ売上高	0.0	0.0	0.0	0.0	0.0	0.0
202209	007000000	5	社内売上高	27300000.0	17090000.0	18430505.0	54.6	107.8	67.5
202209	007000000	7	販売奨励金	-300000.0	-290000.0	-279231.0	0.0	0.0	0.0
202209	007000000	8	売上原価	16510000.0	13284900.0	13836279.0	41.0	104.1	83.8
202209	007000000	9	仕入高	11367320.0	8480000.0	8828872.0	26.1	104.1	77.6
202209	007000000	10	グループ仕入高	1385500.0	1915900.0	2138446.0	6.3	111.6	154.3
202209	007000000	11	社内仕入高	27300000.0	17090000.0	18430505.0	54.6	107.8	67.5
202209	007000000	12	荷造運搬費	2517570.0	1839000.0	1766670.0	5.2	96.0	70.1
202209	007000000	13	販売手数料	1239610.0	1050000.0	1102291.0	3.2	104.9	88.9
202209	007000000	14	総収益	29400000.0	18079600.0	19899929.0	58.9	110.0	67.6
202209	007000000	15	経費合計	19852893.0	17829381.0	17497775.0	51.8	98.1	88.1
202209	007000000	16	経費合計（原価）	16281000.0	14426000.0	13845622.0	41.0	95.9	85.0
202209	007000000	17	種苗費*	3527000.0	0.0	0.0	0.0	0.0	0.0
202209	007000000	18	肥料費*	695000.0	1255000.0	1305967.0	3.8	104.0	187.9
202209	007000000	19	培土費用*	0.0	0.0	0.0	0.0	0.0	0.0
202209	007000000	20	農薬衛生費*	560000.0	715000.0	796668.0	2.3	111.4	142.2
202209	007000000	21	農具費*	80000.0	190000.0	174613.0	0.5	91.9	218.2
202209	007000000	22	諸材料費*	3573000.0	2460000.0	2727602.0	8.0	110.8	76.3
202209	007000000	23	その他仕入高*	0.0	0.0	-3208.0	0.0	0.0	0.0
202209	007000000	24	減価償却費*	4062000.0	3962000.0	3961097.0	11.7	99.9	97.5
202209	007000000	25	車両費*	0.0	0.0	0.0	0.0	0.0	0.0
202209	007000000	26	水道光熱費*	200000.0	220000.0	160192.0	0.4	72.8	80.0
202209	007000000	27	動力費*	1830000.0	2040000.0	1930766.0	5.7	94.6	105.5
202209	007000000	28	燃料費*	0.0	0.0	0.0	0.0	0.0	0.0
202209	007000000	29	賃借料*	1249000.0	1249000.0	1248230.0	3.6	99.9	99.9
202209	007000000	30	修繕費*	100000.0	730000.0	1474200.0	4.3	201.9	
202209	007000000	31	診断料*	25000.0	25000.0	22056.0	0.0	88.2	88.2
202209	007000000	32	租税公課*	0.0	0.0	0.0	0.0	0.0	0.0
202209	007000000	33	業務委託費*	0.0	0.0	0.0	0.0	0.0	0.0
202209	007000000	34	雑費*	320000.0	1520000.0	0.0	0.0	0.0	0.0
202209	007000000	35	雑給*	60000.0	60000.0	47439.0	0.1	79.0	79.0
202209	007000000	36	経費合計（販管費）	3571893.0	3403381.0	3652153.0	10.8	107.3	102.2
202209	007000000	37	減価償却費	841488.0	841488.0	841488.0	2.4	100.0	100.0
202209	007000000	38	車両費	508030.0	498030.0	453398.0	1.3	91.0	89.2
202209	007000000	39	旅費交通費	70000.0	60000.0	33526.0	0.0	55.8	47.8
202209	007000000	40	通信費	62418.0	62418.0	59279.0	0.1	94.9	94.9
202209	007000000	41	水道光熱費	180000.0	180000.0	212159.0	0.6	117.8	117.8
202209	007000000	42	事務用品費	35000.0	35000.0	29062.0	0.0	83.0	83.0
202209	007000000	43	消耗品費	111000.0	71000.0	110625.0	0.3	155.8	99.6
202209	007000000	44	廃棄物処理料	331000.0	521000.0	441878.0	1.3	84.8	133.4
202209	007000000	45	広告宣伝費	37502.0	0.0	6662.0	0.0	0.0	17.7
202209	007000000	46	接待交際費	0.0	0.0	0.0	0.0	0.0	0.0
202209	007000000	47	賃借料	126500.0	126500.0	126000.0	0.3	99.6	99.6
202209	007000000	48	賃貸料収入	-101000.0	-101000.0	-121000.0	0.0	0.0	0.0
202209	007000000	49	修繕費	100000.0	0.0	195120.0	0.5	0.0	195.1
202209	007000000	50	支払リース料	4375.0	4375.0	4375.0	0.0	100.0	100.0
202209	007000000	51	保険料	161030.0	152020.0	152020.0	0.4	100.0	94.4
202209	007000000	52	支払報酬	0.0	0.0	0.0	0.0	0.0	0.0
202209	007000000	53	支払手数料	93000.0	105000.0	91798.0	0.2	87.4	98.7
202209	007000000	54	診断料	0.0	0.0	0.0	0.0	0.0	0.0
202209	007000000	55	諸会費	0.0	0.0	500.0	0.0	0.0	0.0
202209	007000000	56	会議費	5000.0	5000.0	2971.0	0.0	59.4	59.4
202209	007000000	57	寄付金	0.0	0.0	0.0	0.0	0.0	0.0
202209	007000000	58	租税公課	0.0	0.0	0.0	0.0	0.0	0.0
202209	007000000	59	業務委託費	40000.0	40000.0	190000.0	0.5	475.0	475.0
202209	007000000	60	業務受託収入	0.0	-150000.0	-83637.0	0.0	0.0	0.0
202209	007000000	61	情報機器利用料	160800.0	146800.0	146480.0	0.4	99.7	91.0
202209	007000000	62	貸倒金	0.0	0.0	0.0	0.0	0.0	0.0
202209	007000000	63	雑費	77000.0	74000.0	53299.0	0.1	72.0	69.2
202209	007000000	64	福利消耗品費	27750.0	30750.0	10650.0	0.0	34.6	38.3
202209	007000000	65	教育研修費	10000.0	10000.0	4500.0	0.0	45.0	45.0
202209	007000000	66	廃棄損	0.0	0.0	0.0	0.0	0.0	0.0
202209	007000000	67	雑給	0.0	0.0	0.0	0.0	0.0	0.0
202209	007000000	68	社内金利（固定資産）	0.0	0.0	0.0	0.0	0.0	0.0
202209	007000000	69	社内金利（売掛金）	0.0	0.0	0.0	0.0	0.0	0.0
202209	007000000	70	グループ共通	691000.0	691000.0	691000.0	2.0	100.0	100.0
202209	007000000	71	差引収益	9547107.0	250219.0	2402154.0	7.1	960.0	25.1
202209	007000000	72	差引比率	20.7	0.7	7.1			34.2
202209	007000000	73	総時間	8374.75	7768.75	7744.5		99.6	92.4
202209	007000000	74	定時間	8094.0	7459.0	7398.75		99.1	91.4
202209	007000000	75	残業時間	193.0	296.0	293.0		98.9	151.8
202209	007000000	76	移動時間	87.75	13.75	52.75		383.6	60.1
202209	007000000	77	当月時間当り	1139.9	32.2	310.1		963.0	27.2
202209	007000000	78	人員	69.0	67.0	67.0		100.0	97.1
202210	007000000	1	総受注高	40410000.0	36888000.0	35248652.0		95.5	87.2
202210	007000000	2	総売上高	40410000.0	36888000.0	35248652.0		95.5	87.2
202210	007000000	3	売上高	40820000.0	37193000.0	35541792.0	100.8	95.5	87.0
202210	007000000	4	グループ売上高	0.0	0.0	0.0	0.0	0.0	0.0
202210	007000000	5	社内売上高	22700000.0	20918000.0	21001536.0	59.5	100.3	92.5
202210	007000000	7	販売奨励金	-410000.0	-305000.0	-293140.0	0.0	0.0	0.0
202210	007000000	8	売上原価	16180000.0	14218600.0	12442065.0	35.2	87.5	76.8
202210	007000000	9	仕入高	9099700.0	6786000.0	6746596.0	19.1	99.4	74.1
202210	007000000	10	グループ仕入高	3633750.0	4471000.0	2880415.0	8.1	64.4	79.2
202210	007000000	11	社内仕入高	22700000.0	20918000.0	21001536.0	59.5	100.3	92.5
202210	007000000	12	荷造運搬費	2300660.0	1811600.0	1794905.0	5.0	99.0	78.0
202210	007000000	13	販売手数料	1145890.0	1150000.0	1020149.0	2.8	88.7	89.0
202210	007000000	14	総収益	24230000.0	22669400.0	22806587.0	64.7	100.6	94.1
202210	007000000	15	経費合計	15935893.0	16432101.0	16010670.0	45.4	97.4	100.4
202210	007000000	16	経費合計（原価）	12406000.0	13253000.0	12734597.0	36.1	96.0	102.6
202210	007000000	17	種苗費*	0.0	0.0	0.0	0.0	0.0	0.0
202210	007000000	18	肥料費*	685000.0	895000.0	658837.0	1.8	73.6	96.1
202210	007000000	19	培土費用*	0.0	0.0	0.0	0.0	0.0	0.0
202210	007000000	20	農薬衛生費*	498000.0	481000.0	304768.0	0.8	63.3	61.1
202210	007000000	21	農具費*	105000.0	272000.0	139634.0	0.3	51.3	132.9
202210	007000000	22	諸材料費*	3092000.0	2829000.0	2974424.0	8.4	105.1	96.1
202210	007000000	23	その他仕入高*	0.0	0.0	-2406.0	0.0	0.0	0.0
202210	007000000	24	減価償却費*	4062000.0	3962000.0	3961097.0	11.2	99.9	97.5
202210	007000000	25	車両費*	0.0	0.0	0.0	0.0	0.0	0.0
202210	007000000	26	水道光熱費*	160000.0	160000.0	178432.0	0.5	111.5	111.5
202210	007000000	27	動力費*	1430000.0	1640000.0	1942655.0	5.5	118.4	135.8
202210	007000000	28	燃料費*	430000.0	0.0	0.0	0.0	0.0	0.0
202210	007000000	29	賃借料*	1249000.0	1249000.0	1248230.0	3.5	99.9	99.9
202210	007000000	30	修繕費*	20000.0	70000.0	39474.0	0.1	56.3	197.3
202210	007000000	31	診断料*	15000.0	15000.0	28500.0	0.0	190.0	190.0
202210	007000000	32	租税公課*	0.0	0.0	0.0	0.0	0.0	0.0
202210	007000000	33	業務委託費*	0.0	0.0	0.0	0.0	0.0	0.0
202210	007000000	34	雑費*	600000.0	1620000.0	1215000.0	3.4	75.0	202.5
202210	007000000	35	雑給*	60000.0	60000.0	45952.0	0.1	76.5	76.5
202210	007000000	36	経費合計（販管費）	3529893.0	3179101.0	3276073.0	9.2	103.0	92.8
202210	007000000	37	減価償却費	841488.0	841488.0	841488.0	2.3	100.0	100.0
202210	007000000	38	車両費	484030.0	429000.0	387778.0	1.1	90.3	80.1
202210	007000000	39	旅費交通費	60000.0	55000.0	40263.0	0.1	73.2	67.1
202210	007000000	40	通信費	62418.0	62418.0	61504.0	0.1	98.5	98.5
202210	007000000	41	水道光熱費	160000.0	160000.0	232580.0	0.6	145.3	145.3
202210	007000000	42	事務用品費	35000.0	35000.0	28349.0	0.0	80.9	80.9
202210	007000000	43	消耗品費	61000.0	78500.0	247179.0	0.7	314.8	405.2
202210	007000000	44	廃棄物処理料	331000.0	361000.0	247864.0	0.7	68.6	74.8
202210	007000000	45	広告宣伝費	23252.0	18000.0	12406.0	0.0	68.9	53.3
202210	007000000	46	接待交際費	30000.0	0.0	12180.0	0.0	0.0	40.6
202210	007000000	47	賃借料	126500.0	126500.0	126000.0	0.3	99.6	99.6
202210	007000000	48	賃貸料収入	-101000.0	-121000.0	-121000.0	0.0	0.0	0.0
202210	007000000	49	修繕費	0.0	0.0	0.0	0.0	0.0	0.0
202210	007000000	50	支払リース料	4375.0	4375.0	4375.0	0.0	100.0	100.0
202210	007000000	51	保険料	161030.0	152020.0	152020.0	0.4	100.0	94.4
202210	007000000	52	支払報酬	0.0	0.0	0.0	0.0	0.0	0.0
202210	007000000	53	支払手数料	263000.0	275000.0	259824.0	0.7	94.4	98.7
202210	007000000	54	診断料	0.0	0.0	0.0	0.0	0.0	0.0
202210	007000000	55	諸会費	0.0	0.0	0.0	0.0	0.0	0.0
202210	007000000	56	会議費	5000.0	3000.0	4666.0	0.0	155.5	93.3
202210	007000000	57	寄付金	0.0	0.0	0.0	0.0	0.0	0.0
202210	007000000	58	租税公課	0.0	0.0	0.0	0.0	0.0	0.0
202210	007000000	59	業務委託費	40000.0	40000.0	40000.0	0.1	100.0	100.0
202210	007000000	60	業務受託収入	0.0	-240000.0	-190911.0	0.0	0.0	0.0
202210	007000000	61	情報機器利用料	160800.0	146800.0	146480.0	0.4	99.7	91.0
202210	007000000	62	貸倒金	0.0	0.0	0.0	0.0	0.0	0.0
202210	007000000	63	雑費	59000.0	56000.0	48798.0	0.1	87.1	82.7
202210	007000000	64	福利消耗品費	32000.0	5000.0	3230.0	0.0	64.6	10.0
202210	007000000	65	教育研修費	0.0	0.0	0.0	0.0	0.0	0.0
202210	007000000	66	廃棄損	0.0	0.0	0.0	0.0	0.0	0.0
202210	007000000	67	雑給	0.0	0.0	0.0	0.0	0.0	0.0
202210	007000000	68	社内金利（固定資産）	0.0	0.0	0.0	0.0	0.0	0.0
202210	007000000	69	社内金利（売掛金）	0.0	0.0	0.0	0.0	0.0	0.0
202210	007000000	70	グループ共通	691000.0	691000.0	691000.0	1.9	100.0	100.0
202210	007000000	71	差引収益	8294107.0	6237299.0	6795917.0	19.2	108.9	81.9
202210	007000000	72	差引比率	20.5	16.9	19.2		113.6	93.6
202210	007000000	73	総時間	7817.75	7881.75	7610.5		96.5	97.3
202210	007000000	74	定時間	7546.0	7601.0	7339.5		96.5	97.2
202210	007000000	75	残業時間	187.0	220.0	230.0		104.5	122.9
202210	007000000	76	移動時間	84.75	60.75	41.0		67.4	48.3
202210	007000000	77	当月時間当り	1060.9	791.3	892.9		112.8	84.1
202210	007000000	78	人員	69.0	66.0	66.0		100.0	95.6
202211	007000000	1	総受注高	65310000.0	64703590.0	58640237.0		90.6	89.7
202211	007000000	2	総売上高	65310000.0	64703590.0	58640237.0		90.6	89.7
202211	007000000	3	売上高	65860000.0	65023590.0	58950928.0	100.5	90.6	89.5
202211	007000000	4	グループ売上高	0.0	0.0	0.0	0.0	0.0	0.0
202211	007000000	5	社内売上高	25800000.0	33459000.0	33702391.0	57.4	100.7	130.6
202211	007000000	7	販売奨励金	-550000.0	-320000.0	-310691.0	0.0	0.0	0.0
202211	007000000	8	売上原価	36120000.0	27574200.0	21929483.0	37.3	79.5	60.7
202211	007000000	9	仕入高	8020004.0	5400000.0	4988972.0	8.5	92.3	62.2
202211	007000000	10	グループ仕入高	22826750.0	17384200.0	12405301.0	21.1	71.3	54.3
202211	007000000	11	社内仕入高	25800000.0	33459000.0	33702391.0	57.4	100.7	130.6
202211	007000000	12	荷造運搬費	3743256.0	3400000.0	3191355.0	5.4	93.8	85.2
202211	007000000	13	販売手数料	1529990.0	1390000.0	1343855.0	2.2	96.6	87.8
202211	007000000	14	総収益	29190000.0	37129390.0	36710754.0	62.6	98.8	125.7
202211	007000000	15	経費合計	16206893.0	17727588.0	16610827.0	28.3	93.7	102.4
202211	007000000	16	経費合計（原価）	12945000.0	14490000.0	14332065.0	24.4	98.9	110.7
202211	007000000	17	種苗費*	0.0	0.0	0.0	0.0	0.0	0.0
202211	007000000	18	肥料費*	855000.0	1075000.0	1087136.0	1.8	101.1	127.1
202211	007000000	19	培土費用*	0.0	0.0	0.0	0.0	0.0	0.0
202211	007000000	20	農薬衛生費*	395000.0	395000.0	453634.0	0.7	114.8	114.8
202211	007000000	21	農具費*	92000.0	176000.0	334524.0	0.5	190.0	363.6
202211	007000000	22	諸材料費*	3555000.0	4546000.0	4696278.0	8.0	103.3	132.1
202211	007000000	23	その他仕入高*	0.0	0.0	0.0	0.0	0.0	0.0
202211	007000000	24	減価償却費*	4062000.0	3962000.0	3961097.0	6.7	99.9	97.5
202211	007000000	25	車両費*	0.0	0.0	0.0	0.0	0.0	0.0
202211	007000000	26	水道光熱費*	180000.0	180000.0	151616.0	0.2	84.2	84.2
202211	007000000	27	動力費*	1030000.0	1630000.0	1265240.0	2.1	77.6	122.8
202211	007000000	28	燃料費*	1290000.0	1080000.0	998400.0	1.7	92.4	77.3
202211	007000000	29	賃借料*	1249000.0	1249000.0	1248230.0	2.1	99.9	99.9
202211	007000000	30	修繕費*	20000.0	4000.0	17.0	0.0	0.4	0.0
202211	007000000	31	診断料*	69000.0	45000.0	86122.0	0.1	191.3	124.8
202211	007000000	32	租税公課*	0.0	0.0	0.0	0.0	0.0	0.0
202211	007000000	33	業務委託費*	0.0	0.0	0.0	0.0	0.0	0.0
202211	007000000	34	雑費*	100000.0	100000.0	0.0	0.0	0.0	0.0
202211	007000000	35	雑給*	48000.0	48000.0	49771.0	0.0	103.6	103.6
202211	007000000	36	経費合計（販管費）	3261893.0	3237588.0	2278762.0	3.8	70.3	69.8
202211	007000000	37	減価償却費	841488.0	841488.0	841488.0	1.4	100.0	100.0
202211	007000000	38	車両費	484030.0	421730.0	374670.0	0.6	88.8	77.4
202211	007000000	39	旅費交通費	40000.0	40000.0	46582.0	0.0	116.4	116.4
202211	007000000	40	通信費	62418.0	62418.0	57453.0	0.0	92.0	92.0
202211	007000000	41	水道光熱費	100000.0	160000.0	138211.0	0.2	86.3	138.2
202211	007000000	42	事務用品費	35000.0	35000.0	27509.0	0.0	78.5	78.5
202211	007000000	43	消耗品費	81000.0	61000.0	-130270.0	0.0	0.0	0.0
202211	007000000	44	廃棄物処理料	363000.0	393000.0	231005.0	0.3	58.7	63.6
202211	007000000	45	広告宣伝費	7252.0	7252.0	450.0	0.0	6.2	6.2
202211	007000000	46	接待交際費	0.0	0.0	0.0	0.0	0.0	0.0
202211	007000000	47	賃借料	126500.0	126500.0	126000.0	0.2	99.6	99.6
202211	007000000	48	賃貸料収入	-101000.0	-121000.0	-121000.0	0.0	0.0	0.0
202211	007000000	49	修繕費	0.0	348000.0	0.0	0.0	0.0	0.0
202211	007000000	50	支払リース料	4375.0	4400.0	0.0	0.0	0.0	0.0
202211	007000000	51	保険料	161030.0	0.0	0.0	0.0	0.0	0.0
202211	007000000	52	支払報酬	0.0	0.0	0.0	0.0	0.0	0.0
202211	007000000	53	支払手数料	101000.0	115000.0	61434.0	0.1	53.4	60.8
202211	007000000	54	診断料	0.0	0.0	0.0	0.0	0.0	0.0
202211	007000000	55	諸会費	0.0	0.0	0.0	0.0	0.0	0.0
202211	007000000	56	会議費	5000.0	5000.0	2300.0	0.0	46.0	46.0
202211	007000000	57	寄付金	0.0	0.0	0.0	0.0	0.0	0.0
202211	007000000	58	租税公課	0.0	0.0	0.0	0.0	0.0	0.0
202211	007000000	59	業務委託費	40000.0	0.0	0.0	0.0	0.0	0.0
202211	007000000	60	業務受託収入	0.0	-160000.0	-270912.0	0.0	0.0	0.0
202211	007000000	61	情報機器利用料	160800.0	146800.0	146480.0	0.2	99.7	91.0
202211	007000000	62	貸倒金	0.0	0.0	0.0	0.0	0.0	0.0
202211	007000000	63	雑費	59000.0	60000.0	55383.0	0.0	92.3	93.8
202211	007000000	64	福利消耗品費	0.0	0.0	979.0	0.0	0.0	0.0
202211	007000000	65	教育研修費	0.0	0.0	0.0	0.0	0.0	0.0
202211	007000000	66	廃棄損	0.0	0.0	0.0	0.0	0.0	0.0
202211	007000000	67	雑給	0.0	0.0	0.0	0.0	0.0	0.0
202211	007000000	68	社内金利（固定資産）	0.0	0.0	0.0	0.0	0.0	0.0
202211	007000000	69	社内金利（売掛金）	0.0	0.0	0.0	0.0	0.0	0.0
202211	007000000	70	グループ共通	691000.0	691000.0	691000.0	1.1	100.0	100.0
202211	007000000	71	差引収益	12983107.0	19401802.0	20099927.0	34.2	103.5	154.8
202211	007000000	72	差引比率	19.8	29.9	34.2		114.3	172.7
202211	007000000	73	総時間	7852.75	8091.75	7674.75		94.8	97.7
202211	007000000	74	定時間	7554.0	7799.0	7323.25		93.8	96.9
202211	007000000	75	残業時間	213.0	236.0	298.0		126.2	139.9
202211	007000000	76	移動時間	85.75	56.75	53.5		94.2	62.3
202211	007000000	77	当月時間当り	1653.3	2397.7	2618.9		109.2	158.4
202211	007000000	78	人員	69.0	66.0	66.0		100.0	95.6
202212	007000000	1	総受注高	80980000.0	69091000.0	69441824.0		100.5	85.7
202212	007000000	2	総売上高	80980000.0	69091000.0	69441824.0		100.5	85.7
202212	007000000	3	売上高	81580000.0	69534000.0	69869278.0	100.6	100.4	85.6
202212	007000000	4	グループ売上高	0.0	0.0	0.0	0.0	0.0	0.0
202212	007000000	5	社内売上高	33900000.0	31182000.0	31522988.0	45.3	101.0	92.9
202212	007000000	7	販売奨励金	-600000.0	-443000.0	-427454.0	0.0	0.0	0.0
202212	007000000	8	売上原価	42370000.0	33605000.0	34203109.0	49.2	101.7	80.7
202212	007000000	9	仕入高	9469200.0	5961000.0	6466514.0	9.3	108.4	68.2
202212	007000000	10	グループ仕入高	26627100.0	22644000.0	22361056.0	32.2	98.7	83.9
202212	007000000	11	社内仕入高	33900000.0	31182000.0	31522988.0	45.3	101.0	92.9
202212	007000000	12	荷造運搬費	4541010.0	3400000.0	3949671.0	5.6	116.1	86.9
202212	007000000	13	販売手数料	1732690.0	1600000.0	1425868.0	2.0	89.1	82.2
202212	007000000	14	総収益	38610000.0	35486000.0	35238715.0	50.7	99.3	91.2
202212	007000000	15	経費合計	26603893.0	20894788.0	19306676.0	27.8	92.3	72.5
202212	007000000	16	経費合計（原価）	21435000.0	17994000.0	16017694.0	23.0	89.0	74.7
202212	007000000	17	種苗費*	0.0	0.0	0.0	0.0	0.0	0.0
202212	007000000	18	肥料費*	855000.0	1075000.0	1207434.0	1.7	112.3	141.2
202212	007000000	19	培土費用*	3018000.0	0.0	0.0	0.0	0.0	0.0
202212	007000000	20	農薬衛生費*	298000.0	281000.0	302146.0	0.4	107.5	101.3
202212	007000000	21	農具費*	890000.0	13000.0	26880.0	0.0	206.7	3.0
202212	007000000	22	諸材料費*	4710000.0	5767000.0	4505160.0	6.4	78.1	95.6
202212	007000000	23	その他仕入高*	0.0	0.0	0.0	0.0	0.0	0.0
202212	007000000	24	減価償却費*	4062000.0	3962000.0	3961097.0	5.7	99.9	97.5
202212	007000000	25	車両費*	0.0	0.0	0.0	0.0	0.0	0.0
202212	007000000	26	水道光熱費*	150000.0	160000.0	121536.0	0.1	75.9	81.0
202212	007000000	27	動力費*	1430000.0	1630000.0	1687305.0	2.4	103.5	117.9
202212	007000000	28	燃料費*	4300000.0	3720000.0	2817350.0	4.0	75.7	65.5
202212	007000000	29	賃借料*	1249000.0	1249000.0	1248230.0	1.7	99.9	99.9
202212	007000000	30	修繕費*	300000.0	4000.0	6800.0	0.0	170.0	2.2
202212	007000000	31	診断料*	125000.0	85000.0	22000.0	0.0	25.8	17.6
202212	007000000	32	租税公課*	0.0	0.0	0.0	0.0	0.0	0.0
202212	007000000	33	業務委託費*	0.0	0.0	0.0	0.0	0.0	0.0
202212	007000000	34	雑費*	0.0	0.0	77650.0	0.1	0.0	0.0
202212	007000000	35	雑給*	48000.0	48000.0	34106.0	0.0	71.0	71.0
202212	007000000	36	経費合計（販管費）	5168893.0	2900788.0	3288982.0	4.7	113.3	63.6
202212	007000000	37	減価償却費	841488.0	841488.0	841488.0	1.2	100.0	100.0
202212	007000000	38	車両費	488030.0	446930.0	441516.0	0.6	98.7	90.4
202212	007000000	39	旅費交通費	30000.0	40000.0	28155.0	0.0	70.3	93.8
202212	007000000	40	通信費	62418.0	68418.0	61751.0	0.0	90.2	98.9
202212	007000000	41	水道光熱費	160000.0	220000.0	200024.0	0.2	90.9	125.0
202212	007000000	42	事務用品費	35000.0	35000.0	17642.0	0.0	50.4	50.4
202212	007000000	43	消耗品費	91000.0	84000.0	45322.0	0.0	53.9	49.8
202212	007000000	44	廃棄物処理料	2396000.0	292000.0	237687.0	0.3	81.3	9.9
202212	007000000	45	広告宣伝費	31252.0	30252.0	910.0	0.0	3.0	2.9
202212	007000000	46	接待交際費	30000.0	30000.0	0.0	0.0	0.0	0.0
202212	007000000	47	賃借料	126500.0	126500.0	126000.0	0.1	99.6	99.6
202212	007000000	48	賃貸料収入	-101000.0	-121000.0	-121000.0	0.0	0.0	0.0
202212	007000000	49	修繕費	0.0	0.0	348000.0	0.5	0.0	0.0
202212	007000000	50	支払リース料	4375.0	4400.0	8800.0	0.0	200.0	201.1
202212	007000000	51	保険料	161030.0	0.0	0.0	0.0	0.0	0.0
202212	007000000	52	支払報酬	0.0	0.0	0.0	0.0	0.0	0.0
202212	007000000	53	支払手数料	299000.0	363000.0	175228.0	0.2	48.2	58.6
202212	007000000	54	診断料	0.0	0.0	0.0	0.0	0.0	0.0
202212	007000000	55	諸会費	0.0	0.0	500.0	0.0	0.0	0.0
202212	007000000	56	会議費	5000.0	5000.0	0.0	0.0	0.0	0.0
202212	007000000	57	寄付金	0.0	0.0	0.0	0.0	0.0	0.0
202212	007000000	58	租税公課	0.0	0.0	4200.0	0.0	0.0	0.0
202212	007000000	59	業務委託費	40000.0	0.0	0.0	0.0	0.0	0.0
202212	007000000	60	業務受託収入	-500000.0	-500000.0	-72729.0	0.0	0.0	0.0
202212	007000000	61	情報機器利用料	160800.0	146800.0	146480.0	0.2	99.7	91.0
202212	007000000	62	貸倒金	0.0	0.0	0.0	0.0	0.0	0.0
202212	007000000	63	雑費	77000.0	74000.0	72371.0	0.1	97.7	93.9
202212	007000000	64	福利消耗品費	30000.0	23000.0	18519.0	0.0	80.5	61.7
202212	007000000	65	教育研修費	10000.0	0.0	17118.0	0.0	0.0	171.1
202212	007000000	66	廃棄損	0.0	0.0	0.0	0.0	0.0	0.0
202212	007000000	67	雑給	0.0	0.0	0.0	0.0	0.0	0.0
202212	007000000	68	社内金利（固定資産）	0.0	0.0	0.0	0.0	0.0	0.0
202212	007000000	69	社内金利（売掛金）	0.0	0.0	0.0	0.0	0.0	0.0
202212	007000000	70	グループ共通	691000.0	691000.0	691000.0	0.9	100.0	100.0
202212	007000000	71	差引収益	12006107.0	14591212.0	15932039.0	22.9	109.1	132.6
202212	007000000	72	差引比率	14.8	21.1	22.9		108.5	154.7
202212	007000000	73	総時間	7747.5	7216.5	6708.75		92.9	86.5
202212	007000000	74	定時間	7486.0	6958.0	6489.0		93.2	86.6
202212	007000000	75	残業時間	192.0	210.0	178.25		84.8	92.8
202212	007000000	76	移動時間	69.5	48.5	41.5		85.5	59.7
202212	007000000	77	当月時間当り	1549.6	2021.9	2374.8		117.4	153.2
202212	007000000	78	人員	69.0	66.0	65.0		98.4	94.2
202301	007000000	1	総受注高	61740000.0	51290500.0	48630459.0		94.8	78.7
202301	007000000	2	総売上高	61740000.0	51290500.0	48630459.0		94.8	78.7
202301	007000000	3	売上高	62340000.0	51820500.0	49147832.0	101.0	94.8	78.8
202301	007000000	4	グループ売上高	0.0	0.0	0.0	0.0	0.0	0.0
202301	007000000	5	社内売上高	21000000.0	20317000.0	18793610.0	38.6	92.5	89.4
202301	007000000	7	販売奨励金	-600000.0	-530000.0	-517373.0	0.0	0.0	0.0
202301	007000000	8	売上原価	37200000.0	29146950.0	28300381.0	58.1	97.0	76.0
202301	007000000	9	仕入高	8803440.0	4060000.0	4618301.0	9.4	113.7	52.4
202301	007000000	10	グループ仕入高	23495700.0	20116950.0	18767540.0	38.5	93.2	79.8
202301	007000000	11	社内仕入高	21000000.0	20317000.0	18793610.0	38.6	92.5	89.4
202301	007000000	12	荷造運搬費	3425720.0	3000000.0	2984227.0	6.1	99.4	87.1
202301	007000000	13	販売手数料	1475140.0	1970000.0	1930313.0	3.9	97.9	130.8
202301	007000000	14	総収益	24540000.0	22143550.0	20330078.0	41.8	91.8	82.8
202301	007000000	15	経費合計	25748505.0	22592036.0	18686119.0	38.4	82.7	72.5
202301	007000000	16	経費合計（原価）	22328000.0	17596000.0	14856299.0	30.5	84.4	66.5
202301	007000000	17	種苗費*	5661000.0	0.0	0.0	0.0	0.0	0.0
202301	007000000	18	肥料費*	655000.0	601000.0	601295.0	1.2	100.0	91.8
202301	007000000	19	培土費用*	0.0	0.0	0.0	0.0	0.0	0.0
202301	007000000	20	農薬衛生費*	298000.0	395000.0	330957.0	0.6	83.7	111.0
202301	007000000	21	農具費*	160000.0	947000.0	772267.0	1.5	81.5	482.6
202301	007000000	22	諸材料費*	2990000.0	2791000.0	2877161.0	5.9	103.0	96.2
202301	007000000	23	その他仕入高*	0.0	0.0	0.0	0.0	0.0	0.0
202301	007000000	24	減価償却費*	4062000.0	3962000.0	3961097.0	8.1	99.9	97.5
202301	007000000	25	車両費*	0.0	0.0	0.0	0.0	0.0	0.0
202301	007000000	26	水道光熱費*	140000.0	160000.0	122304.0	0.2	76.4	87.3
202301	007000000	27	動力費*	1830000.0	2030000.0	1769809.0	3.6	87.1	96.7
202301	007000000	28	燃料費*	5163000.0	3153000.0	3031552.0	6.2	96.1	58.7
202301	007000000	29	賃借料*	1249000.0	1249000.0	1248230.0	2.5	99.9	99.9
202301	007000000	30	修繕費*	20000.0	2200000.0	42580.0	0.0	1.9	212.9
202301	007000000	31	診断料*	52000.0	60000.0	59800.0	0.1	99.6	115.0
202301	007000000	32	租税公課*	0.0	0.0	0.0	0.0	0.0	0.0
202301	007000000	33	業務委託費*	0.0	0.0	0.0	0.0	0.0	0.0
202301	007000000	34	雑費*	0.0	0.0	0.0	0.0	0.0	0.0
202301	007000000	35	雑給*	48000.0	48000.0	39247.0	0.0	81.7	81.7
202301	007000000	36	経費合計（販管費）	3420505.0	4996036.0	3829820.0	7.8	76.6	111.9
202301	007000000	37	減価償却費	841488.0	841488.0	841488.0	1.7	100.0	100.0
202301	007000000	38	車両費	484030.0	432930.0	434821.0	0.8	100.4	89.8
202301	007000000	39	旅費交通費	30000.0	50000.0	47224.0	0.0	94.4	157.4
202301	007000000	40	通信費	62418.0	68418.0	60270.0	0.1	88.0	96.5
202301	007000000	41	水道光熱費	180000.0	220000.0	188140.0	0.3	85.5	104.5
202301	007000000	42	事務用品費	35000.0	35000.0	21321.0	0.0	60.9	60.9
202301	007000000	43	消耗品費	86612.0	200500.0	184939.0	0.3	92.2	213.5
202301	007000000	44	廃棄物処理料	296000.0	1348000.0	1120287.0	2.3	83.1	378.4
202301	007000000	45	広告宣伝費	3252.0	2000.0	0.0	0.0	0.0	0.0
202301	007000000	46	接待交際費	0.0	0.0	0.0	0.0	0.0	0.0
202301	007000000	47	賃借料	126500.0	126500.0	126000.0	0.2	99.6	99.6
202301	007000000	48	賃貸料収入	-101000.0	-121000.0	-121000.0	0.0	0.0	0.0
202301	007000000	49	修繕費	0.0	0.0	0.0	0.0	0.0	0.0
202301	007000000	50	支払リース料	4375.0	4400.0	4400.0	0.0	100.0	100.5
202301	007000000	51	保険料	161030.0	0.0	0.0	0.0	0.0	0.0
202301	007000000	52	支払報酬	0.0	0.0	0.0	0.0	0.0	0.0
202301	007000000	53	支払手数料	255000.0	787000.0	57333.0	0.1	7.2	22.4
202301	007000000	54	診断料	0.0	0.0	0.0	0.0	0.0	0.0
202301	007000000	55	諸会費	0.0	0.0	0.0	0.0	0.0	0.0
202301	007000000	56	会議費	5000.0	5000.0	0.0	0.0	0.0	0.0
202301	007000000	57	寄付金	0.0	0.0	0.0	0.0	0.0	0.0
202301	007000000	58	租税公課	0.0	0.0	0.0	0.0	0.0	0.0
202301	007000000	59	業務委託費	40000.0	0.0	0.0	0.0	0.0	0.0
202301	007000000	60	業務受託収入	0.0	0.0	-145456.0	0.0	0.0	0.0
202301	007000000	61	情報機器利用料	160800.0	146800.0	146480.0	0.3	99.7	91.0
202301	007000000	62	貸倒金	0.0	0.0	0.0	0.0	0.0	0.0
202301	007000000	63	雑費	59000.0	156000.0	164691.0	0.3	105.5	279.1
202301	007000000	64	福利消耗品費	0.0	0.0	0.0	0.0	0.0	0.0
202301	007000000	65	教育研修費	0.0	2000.0	7882.0	0.0	394.1	0.0
202301	007000000	66	廃棄損	0.0	0.0	0.0	0.0	0.0	0.0
202301	007000000	67	雑給	0.0	0.0	0.0	0.0	0.0	0.0
202301	007000000	68	社内金利（固定資産）	0.0	0.0	0.0	0.0	0.0	0.0
202301	007000000	69	社内金利（売掛金）	0.0	0.0	0.0	0.0	0.0	0.0
202301	007000000	70	グループ共通	691000.0	691000.0	691000.0	1.4	100.0	100.0
202301	007000000	71	差引収益	-1208505.0	-448486.0	1643959.0	3.3	0.0	0.0
202301	007000000	72	差引比率	-1.9	-0.8	3.3		0.0	0.0
202301	007000000	73	総時間	6323.75	6819.75	6667.5		97.7	105.4
202301	007000000	74	定時間	6118.0	6594.0	6458.75		97.9	105.5
202301	007000000	75	残業時間	139.0	176.0	154.0		87.5	110.7
202301	007000000	76	移動時間	66.75	49.75	54.75		110.0	82.0
202301	007000000	77	当月時間当り	-191.1	-65.7	246.5		0.0	0.0
202301	007000000	78	人員	69.0	66.0	65.0		98.4	94.2
202302	007000000	1	総受注高	60960000.0	48466000.0	46807350.0		96.5	76.7
202302	007000000	2	総売上高	60960000.0	48466000.0	46807350.0		96.5	76.7
202302	007000000	3	売上高	61560000.0	48866000.0	47199118.0	100.8	96.5	76.6
202302	007000000	4	グループ売上高	0.0	0.0	0.0	0.0	0.0	0.0
202302	007000000	5	社内売上高	21600000.0	19430000.0	19663386.0	42.0	101.2	91.0
202302	007000000	7	販売奨励金	-600000.0	-400000.0	-391768.0	0.0	0.0	0.0
202302	007000000	8	売上原価	36300000.0	26730600.0	25166849.0	53.7	94.1	69.3
202302	007000000	9	仕入高	7449970.0	4510000.0	4857666.0	10.3	107.7	65.2
202302	007000000	10	グループ仕入高	23864600.0	18050600.0	16117267.0	34.4	89.2	67.5
202302	007000000	11	社内仕入高	21600000.0	19430000.0	19663386.0	42.0	101.2	91.0
202302	007000000	12	荷造運搬費	3500570.0	2920000.0	2842016.0	6.0	97.3	81.1
202302	007000000	13	販売手数料	1484860.0	1250000.0	1349900.0	2.8	107.9	90.9
202302	007000000	14	総収益	24660000.0	21735400.0	21640501.0	46.2	99.5	87.7
202302	007000000	15	経費合計	20111893.0	22672036.0	22174680.0	47.3	97.8	110.2
202302	007000000	16	経費合計（原価）	16244000.0	18133000.0	17607095.0	37.6	97.0	108.3
202302	007000000	17	種苗費*	0.0	2934000.0	2995686.0	6.4	102.1	0.0
202302	007000000	18	肥料費*	855000.0	1075000.0	950415.0	2.0	88.4	111.1
202302	007000000	19	培土費用*	0.0	0.0	0.0	0.0	0.0	0.0
202302	007000000	20	農薬衛生費*	495000.0	200000.0	112785.0	0.2	56.3	22.7
202302	007000000	21	農具費*	158000.0	265000.0	297095.0	0.6	112.1	188.0
202302	007000000	22	諸材料費*	3072000.0	3250000.0	2857565.0	6.1	87.9	93.0
202302	007000000	23	その他仕入高*	0.0	0.0	-10426.0	0.0	0.0	0.0
202302	007000000	24	減価償却費*	4062000.0	3962000.0	3961097.0	8.4	99.9	97.5
202302	007000000	25	車両費*	0.0	0.0	0.0	0.0	0.0	0.0
202302	007000000	26	水道光熱費*	140000.0	125000.0	123648.0	0.2	98.9	88.3
202302	007000000	27	動力費*	1830000.0	1860000.0	1722144.0	3.6	92.5	94.1
202302	007000000	28	燃料費*	4300000.0	3150000.0	3292000.0	7.0	104.5	76.5
202302	007000000	29	賃借料*	1249000.0	1249000.0	1248230.0	2.6	99.9	99.9
202302	007000000	30	修繕費*	20000.0	0.0	30523.0	0.0	0.0	152.6
202302	007000000	31	診断料*	15000.0	15000.0	12500.0	0.0	83.3	83.3
202302	007000000	32	租税公課*	0.0	0.0	0.0	0.0	0.0	0.0
202302	007000000	33	業務委託費*	0.0	0.0	0.0	0.0	0.0	0.0
202302	007000000	34	雑費*	0.0	0.0	0.0	0.0	0.0	0.0
202302	007000000	35	雑給*	48000.0	48000.0	13833.0	0.0	28.8	28.8
202302	007000000	36	経費合計（販管費）	3867893.0	4539036.0	4567585.0	9.7	100.6	118.0
202302	007000000	37	減価償却費	841488.0	841488.0	841488.0	1.7	100.0	100.0
202302	007000000	38	車両費	484030.0	389930.0	393018.0	0.8	100.7	81.1
202302	007000000	39	旅費交通費	30000.0	40000.0	19237.0	0.0	48.0	64.1
202302	007000000	40	通信費	60418.0	65418.0	59427.0	0.1	90.8	98.3
202302	007000000	41	水道光熱費	200000.0	240000.0	202092.0	0.4	84.2	101.0
202302	007000000	42	事務用品費	35000.0	38000.0	22273.0	0.0	58.6	63.6
202302	007000000	43	消耗品費	61000.0	173500.0	298428.0	0.6	172.0	489.2
202302	007000000	44	廃棄物処理料	331000.0	287000.0	257737.0	0.5	89.8	77.8
202302	007000000	45	広告宣伝費	25252.0	2000.0	0.0	0.0	0.0	0.0
202302	007000000	46	接待交際費	30000.0	0.0	9624.0	0.0	0.0	32.0
202302	007000000	47	賃借料	136500.0	126500.0	126000.0	0.2	99.6	92.3
202302	007000000	48	賃貸料収入	-101000.0	-121000.0	-101000.0	0.0	0.0	0.0
202302	007000000	49	修繕費	0.0	0.0	13500.0	0.0	0.0	0.0
202302	007000000	50	支払リース料	4375.0	4400.0	4400.0	0.0	100.0	100.5
202302	007000000	51	保険料	161030.0	0.0	0.0	0.0	0.0	0.0
202302	007000000	52	支払報酬	0.0	0.0	0.0	0.0	0.0	0.0
202302	007000000	53	支払手数料	55000.0	587000.0	571098.0	1.2	97.2	
202302	007000000	54	診断料	0.0	0.0	0.0	0.0	0.0	0.0
202302	007000000	55	諸会費	0.0	0.0	0.0	0.0	0.0	0.0
202302	007000000	56	会議費	5000.0	5000.0	802.0	0.0	16.0	16.0
202302	007000000	57	寄付金	0.0	0.0	0.0	0.0	0.0	0.0
202302	007000000	58	租税公課	0.0	0.0	8.0	0.0	0.0	0.0
202302	007000000	59	業務委託費	40000.0	0.0	0.0	0.0	0.0	0.0
202302	007000000	60	業務受託収入	0.0	-40000.0	-29092.0	0.0	0.0	0.0
202302	007000000	61	情報機器利用料	160800.0	146800.0	146480.0	0.3	99.7	91.0
202302	007000000	62	貸倒金	0.0	0.0	0.0	0.0	0.0	0.0
202302	007000000	63	雑費	617000.0	1054000.0	1032769.0	2.2	97.9	167.3
202302	007000000	64	福利消耗品費	0.0	0.0	8296.0	0.0	0.0	0.0
202302	007000000	65	教育研修費	0.0	8000.0	0.0	0.0	0.0	0.0
202302	007000000	66	廃棄損	0.0	0.0	0.0	0.0	0.0	0.0
202302	007000000	67	雑給	0.0	0.0	0.0	0.0	0.0	0.0
202302	007000000	68	社内金利（固定資産）	0.0	0.0	0.0	0.0	0.0	0.0
202302	007000000	69	社内金利（売掛金）	0.0	0.0	0.0	0.0	0.0	0.0
202302	007000000	70	グループ共通	691000.0	691000.0	691000.0	1.4	100.0	100.0
202302	007000000	71	差引収益	4548107.0	-936636.0	-534179.0	0.0	0.0	0.0
202302	007000000	72	差引比率	7.4	-1.9	-1.1		0.0	0.0
202302	007000000	73	総時間	6549.5	6686.5	6482.5		96.9	98.9
202302	007000000	74	定時間	6328.0	6482.0	6281.75		96.9	99.2
202302	007000000	75	残業時間	139.0	176.0	166.25		94.4	119.6
202302	007000000	76	移動時間	82.5	28.5	34.5		121.0	41.8
202302	007000000	77	当月時間当り	694.4	-140.0	-82.4		0.0	0.0
202302	007000000	78	人員	69.0	66.0	65.0		98.4	94.2
202303	007000000	1	総受注高	67770000.0	60857000.0	65175386.0		107.0	96.1
202303	007000000	2	総売上高	67770000.0	60857000.0	65175386.0		107.0	96.1
202303	007000000	3	売上高	68380000.0	61227000.0	65527114.0	100.5	107.0	95.8
202303	007000000	4	グループ売上高	0.0	0.0	0.0	0.0	0.0	0.0
202303	007000000	5	社内売上高	25500000.0	26791000.0	26808462.0	41.1	100.0	105.1
202303	007000000	7	販売奨励金	-610000.0	-370000.0	-351728.0	0.0	0.0	0.0
202303	007000000	8	売上原価	38890000.0	31087000.0	35322219.0	54.1	113.6	90.8
202303	007000000	9	仕入高	7839990.0	4700000.0	5647025.0	8.6	120.1	72.0
202303	007000000	10	グループ仕入高	25508500.0	21267000.0	24090415.0	36.9	113.2	94.4
202303	007000000	11	社内仕入高	25500000.0	26791000.0	26808462.0	41.1	100.0	105.1
202303	007000000	12	荷造運搬費	3979620.0	3850000.0	4339027.0	6.6	112.7	109.0
202303	007000000	13	販売手数料	1561890.0	1270000.0	1245752.0	1.9	98.0	79.7
202303	007000000	14	総収益	28880000.0	29770000.0	29853167.0	45.8	100.2	103.3
202303	007000000	15	経費合計	19797204.0	23089297.0	23238979.0	35.6	100.6	117.3
202303	007000000	16	経費合計（原価）	15302000.0	18872000.0	19692148.0	30.2	104.3	128.6
202303	007000000	17	種苗費*	0.0	0.0	0.0	0.0	0.0	0.0
202303	007000000	18	肥料費*	855000.0	1075000.0	1181484.0	1.8	109.9	138.1
202303	007000000	19	培土費用*	0.0	0.0	0.0	0.0	0.0	0.0
202303	007000000	20	農薬衛生費*	595000.0	479000.0	469745.0	0.7	98.0	78.9
202303	007000000	21	農具費*	457000.0	475000.0	400466.0	0.6	84.3	87.6
202303	007000000	22	諸材料費*	3864000.0	4034000.0	4173848.0	6.4	103.4	108.0
202303	007000000	23	その他仕入高*	0.0	0.0	-3208.0	0.0	0.0	0.0
202303	007000000	24	減価償却費*	4047000.0	3947000.0	3946755.0	6.0	99.9	97.5
202303	007000000	25	車両費*	0.0	0.0	0.0	0.0	0.0	0.0
202303	007000000	26	水道光熱費*	140000.0	140000.0	117504.0	0.1	83.9	83.9
202303	007000000	27	動力費*	1330000.0	1186000.0	1186056.0	1.8	100.0	89.1
202303	007000000	28	燃料費*	2580000.0	2700000.0	3272100.0	5.0	121.1	126.8
202303	007000000	29	賃借料*	1249000.0	1249000.0	1248230.0	1.9	99.9	99.9
202303	007000000	30	修繕費*	100000.0	3474000.0	3625438.0	5.5	104.3	
202303	007000000	31	診断料*	25000.0	65000.0	25500.0	0.0	39.2	102.0
202303	007000000	32	租税公課*	0.0	0.0	0.0	0.0	0.0	0.0
202303	007000000	33	業務委託費*	0.0	0.0	0.0	0.0	0.0	0.0
202303	007000000	34	雑費*	0.0	0.0	0.0	0.0	0.0	0.0
202303	007000000	35	雑給*	60000.0	48000.0	48230.0	0.0	100.4	80.3
202303	007000000	36	経費合計（販管費）	4495204.0	4217297.0	3546831.0	5.4	84.1	78.9
202303	007000000	37	減価償却費	840799.0	840799.0	840799.0	1.2	100.0	100.0
202303	007000000	38	車両費	488030.0	416930.0	372268.0	0.5	89.2	76.2
202303	007000000	39	旅費交通費	30000.0	104000.0	113018.0	0.1	108.6	376.7
202303	007000000	40	通信費	60418.0	65418.0	60177.0	0.0	91.9	99.6
202303	007000000	41	水道光熱費	130000.0	125000.0	124665.0	0.1	99.7	95.8
202303	007000000	42	事務用品費	35000.0	35000.0	20066.0	0.0	57.3	57.3
202303	007000000	43	消耗品費	111000.0	301000.0	133649.0	0.2	44.4	120.4
202303	007000000	44	廃棄物処理料	962000.0	287000.0	186700.0	0.2	65.0	19.4
202303	007000000	45	広告宣伝費	38252.0	3000.0	12364.0	0.0	412.1	32.3
202303	007000000	46	接待交際費	0.0	0.0	0.0	0.0	0.0	0.0
202303	007000000	47	賃借料	126500.0	126500.0	126000.0	0.1	99.6	99.6
202303	007000000	48	賃貸料収入	-101000.0	-121000.0	-101000.0	0.0	0.0	0.0
202303	007000000	49	修繕費	100000.0	100000.0	0.0	0.0	0.0	0.0
202303	007000000	50	支払リース料	4375.0	4400.0	4400.0	0.0	100.0	100.5
202303	007000000	51	保険料	161030.0	681450.0	681450.0	1.0	100.0	423.1
202303	007000000	52	支払報酬	0.0	0.0	0.0	0.0	0.0	0.0
202303	007000000	53	支払手数料	93000.0	339000.0	92438.0	0.1	27.2	99.3
202303	007000000	54	診断料	0.0	0.0	0.0	0.0	0.0	0.0
202303	007000000	55	諸会費	0.0	0.0	0.0	0.0	0.0	0.0
202303	007000000	56	会議費	5000.0	5000.0	3063.0	0.0	61.2	61.2
202303	007000000	57	寄付金	0.0	0.0	0.0	0.0	0.0	0.0
202303	007000000	58	租税公課	0.0	0.0	8000.0	0.0	0.0	0.0
202303	007000000	59	業務委託費	40000.0	0.0	0.0	0.0	0.0	0.0
202303	007000000	60	業務受託収入	0.0	0.0	-32728.0	0.0	0.0	0.0
202303	007000000	61	情報機器利用料	160800.0	146800.0	146480.0	0.2	99.7	91.0
202303	007000000	62	貸倒金	0.0	0.0	0.0	0.0	0.0	0.0
202303	007000000	63	雑費	509000.0	56000.0	64022.0	0.0	114.3	12.5
202303	007000000	64	福利消耗品費	0.0	0.0	0.0	0.0	0.0	0.0
202303	007000000	65	教育研修費	10000.0	10000.0	0.0	0.0	0.0	0.0
202303	007000000	66	廃棄損	0.0	0.0	0.0	0.0	0.0	0.0
202303	007000000	67	雑給	0.0	0.0	0.0	0.0	0.0	0.0
202303	007000000	68	社内金利（固定資産）	0.0	0.0	0.0	0.0	0.0	0.0
202303	007000000	69	社内金利（売掛金）	0.0	0.0	0.0	0.0	0.0	0.0
202303	007000000	70	グループ共通	691000.0	691000.0	691000.0	1.0	100.0	100.0
202303	007000000	71	差引収益	9082796.0	6680703.0	6614188.0	10.1	99.0	72.8
202303	007000000	72	差引比率	13.4	10.9	10.1		92.6	75.3
202303	007000000	73	総時間	7328.5	7702.5	7439.0		96.5	101.5
202303	007000000	74	定時間	7064.0	7442.0	7213.75		96.9	102.1
202303	007000000	75	残業時間	176.0	201.0	162.5		80.8	92.3
202303	007000000	76	移動時間	88.5	59.5	62.75		105.4	70.9
202303	007000000	77	当月時間当り	1239.3	867.3	889.1		102.5	71.7
202303	007000000	78	人員	69.0	65.0	65.0		100.0	94.2
202304	007000000	1	総受注高	69211800.0	70404000.0	74854389.0		106.3	108.1
202304	007000000	2	総売上高	69211800.0	70404000.0	74854389.0		106.3	108.1
202304	007000000	3	売上高	69655500.0	70851000.0	75293804.0	100.5	106.2	108.0
202304	007000000	4	グループ売上高	0.0	0.0	0.0	0.0	0.0	0.0
202304	007000000	5	社内売上高	31000000.0	29597086.0	30815406.0	41.1	104.1	99.4
202304	007000000	7	販売奨励金	-443700.0	-447000.0	-439415.0	0.0	0.0	0.0
202304	007000000	8	売上原価	34649910.0	37169200.0	39109724.0	52.2	105.2	112.8
202304	007000000	9	仕入高	4781000.0	4781000.0	5371573.0	7.1	112.3	112.3
202304	007000000	10	グループ仕入高	23951810.0	26286200.0	28299531.0	37.8	107.6	118.1
202304	007000000	11	社内仕入高	31000000.0	29597086.0	30815406.0	41.1	104.1	99.4
202304	007000000	12	荷造運搬費	4468200.0	4452000.0	3972974.0	5.3	89.2	88.9
202304	007000000	13	販売手数料	1448900.0	1650000.0	1465646.0	1.9	88.8	101.1
202304	007000000	14	総収益	34561890.0	33234800.0	35744665.0	47.7	107.5	103.4
202304	007000000	15	経費合計	22141286.0	21636522.0	22522198.0	30.0	104.0	101.7
202304	007000000	16	経費合計（原価）	18318884.0	17757000.0	18819164.0	25.1	105.9	102.7
202304	007000000	17	種苗費*	2680000.0	2683000.0	2784405.0	3.7	103.7	103.8
202304	007000000	18	肥料費*	900000.0	900000.0	1224890.0	1.6	136.0	136.0
202304	007000000	19	培土費用*	0.0	0.0	0.0	0.0	0.0	0.0
202304	007000000	20	農薬衛生費*	440000.0	397000.0	273589.0	0.3	68.9	62.1
202304	007000000	21	農具費*	630000.0	178000.0	831102.0	1.1	466.9	131.9
202304	007000000	22	諸材料費*	6110000.0	6102000.0	5792268.0	7.7	94.9	94.7
202304	007000000	23	その他仕入高*	0.0	0.0	0.0	0.0	0.0	0.0
202304	007000000	24	減価償却費*	3748884.0	3749000.0	3748884.0	5.0	99.9	100.0
202304	007000000	25	車両費*	0.0	0.0	0.0	0.0	0.0	0.0
202304	007000000	26	水道光熱費*	160000.0	160000.0	124352.0	0.1	77.7	77.7
202304	007000000	27	動力費*	1360000.0	1360000.0	1233276.0	1.6	90.6	90.6
202304	007000000	28	燃料費*	860000.0	777000.0	760308.0	1.0	97.8	88.4
202304	007000000	29	賃借料*	1240000.0	1249000.0	1248230.0	1.6	99.9	100.6
202304	007000000	30	修繕費*	30000.0	30000.0	657908.0	0.8		
202304	007000000	31	診断料*	70000.0	72000.0	22000.0	0.0	30.5	31.4
202304	007000000	32	租税公課*	0.0	0.0	0.0	0.0	0.0	0.0
202304	007000000	33	業務委託費*	0.0	0.0	0.0	0.0	0.0	0.0
202304	007000000	34	雑費*	0.0	0.0	0.0	0.0	0.0	0.0
202304	007000000	35	雑給*	90000.0	100000.0	117952.0	0.1	117.9	131.0
202304	007000000	36	経費合計（販管費）	3822402.0	3879522.0	3703034.0	4.9	95.4	96.8
202304	007000000	37	減価償却費	826212.0	826212.0	826212.0	1.1	100.0	100.0
202304	007000000	38	車両費	397390.0	410390.0	381048.0	0.5	92.8	95.8
202304	007000000	39	旅費交通費	60000.0	80000.0	90636.0	0.1	113.2	151.0
202304	007000000	40	通信費	60000.0	64000.0	65414.0	0.0	102.2	109.0
202304	007000000	41	水道光熱費	160000.0	160000.0	147594.0	0.1	92.2	92.2
202304	007000000	42	事務用品費	33000.0	33000.0	34716.0	0.0	105.2	105.2
202304	007000000	43	消耗品費	130000.0	130000.0	183075.0	0.2	140.8	140.8
202304	007000000	44	廃棄物処理料	260000.0	264000.0	328237.0	0.4	124.3	126.2
202304	007000000	45	広告宣伝費	0.0	2000.0	0.0	0.0	0.0	0.0
202304	007000000	46	接待交際費	30000.0	5000.0	0.0	0.0	0.0	0.0
202304	007000000	47	賃借料	117500.0	126500.0	126000.0	0.1	99.6	107.2
202304	007000000	48	賃貸料収入	-120000.0	-121000.0	-121000.0	0.0	0.0	0.0
202304	007000000	49	修繕費	0.0	0.0	0.0	0.0	0.0	0.0
202304	007000000	50	支払リース料	0.0	4400.0	4400.0	0.0	100.0	0.0
202304	007000000	51	保険料	195000.0	197020.0	48790.0	0.0	24.7	25.0
202304	007000000	52	支払報酬	0.0	0.0	0.0	0.0	0.0	0.0
202304	007000000	53	支払手数料	770000.0	771000.0	756504.0	1.0	98.1	98.2
202304	007000000	54	診断料	0.0	0.0	0.0	0.0	0.0	0.0
202304	007000000	55	諸会費	0.0	0.0	500.0	0.0	0.0	0.0
202304	007000000	56	会議費	5000.0	5000.0	0.0	0.0	0.0	0.0
202304	007000000	57	寄付金	0.0	0.0	0.0	0.0	0.0	0.0
202304	007000000	58	租税公課	0.0	4000.0	4000.0	0.0	100.0	0.0
202304	007000000	59	業務委託費	0.0	0.0	0.0	0.0	0.0	0.0
202304	007000000	60	業務受託収入	-50000.0	-53000.0	-73001.0	0.0	0.0	0.0
202304	007000000	61	情報機器利用料	136000.0	144000.0	145180.0	0.1	100.8	106.7
202304	007000000	62	貸倒金	0.0	0.0	0.0	0.0	0.0	0.0
202304	007000000	63	雑費	180000.0	186000.0	115579.0	0.1	62.1	64.2
202304	007000000	64	福利消耗品費	0.0	1000.0	0.0	0.0	0.0	0.0
202304	007000000	65	教育研修費	0.0	3000.0	2150.0	0.0	71.6	0.0
202304	007000000	66	廃棄損	0.0	0.0	0.0	0.0	0.0	0.0
202304	007000000	67	雑給	0.0	0.0	0.0	0.0	0.0	0.0
202304	007000000	68	社内金利（固定資産）	0.0	0.0	0.0	0.0	0.0	0.0
202304	007000000	69	社内金利（売掛金）	0.0	0.0	0.0	0.0	0.0	0.0
202304	007000000	70	グループ共通	632300.0	637000.0	637000.0	0.8	100.0	100.7
202304	007000000	71	差引収益	12420604.0	11598278.0	13222467.0	17.6	114.0	106.4
202304	007000000	72	差引比率	17.9	16.4	17.6		107.3	98.3
202304	007000000	73	総時間	7447.5	7211.5	7162.25		99.3	96.1
202304	007000000	74	定時間	7171.0	6954.0	6784.25		97.5	94.6
202304	007000000	75	残業時間	217.0	200.0	326.75		163.3	150.5
202304	007000000	76	移動時間	59.5	57.5	51.25		89.1	86.1
202304	007000000	77	当月時間当り	1667.7	1608.3	1846.1		114.7	110.6
202304	007000000	78	人員	64.0	64.0	64.0		100.0	100.0
202305	007000000	1	総受注高	71334300.0	70580000.0	70906410.0		100.4	99.4
202305	007000000	2	総売上高	71334300.0	70580000.0	70906410.0		100.4	99.4
202305	007000000	3	売上高	71830500.0	71098600.0	71418827.0	100.7	100.4	99.4
202305	007000000	4	グループ売上高	0.0	0.0	0.0	0.0	0.0	0.0
202305	007000000	5	社内売上高	30000000.0	31719253.0	31543978.0	44.4	99.4	105.1
202305	007000000	7	販売奨励金	-496200.0	-518600.0	-512417.0	0.0	0.0	0.0
202305	007000000	8	売上原価	37828780.0	36041800.0	36700216.0	51.7	101.8	97.0
202305	007000000	9	仕入高	4519000.0	4519000.0	5889206.0	8.3	130.3	130.3
202305	007000000	10	グループ仕入高	26971980.0	24744800.0	23854403.0	33.6	96.4	88.4
202305	007000000	11	社内仕入高	30000000.0	31719253.0	31543978.0	44.4	99.4	105.1
202305	007000000	12	荷造運搬費	4722500.0	4850000.0	4951058.0	6.9	102.0	104.8
202305	007000000	13	販売手数料	1615300.0	1928000.0	2005549.0	2.8	104.0	124.1
202305	007000000	14	総収益	33505520.0	34538200.0	34206194.0	48.2	99.0	102.0
202305	007000000	15	経費合計	31826286.0	29365522.0	29099735.0	41.0	99.0	91.4
202305	007000000	16	経費合計（原価）	19908884.0	17396000.0	18542533.0	26.1	106.5	93.1
202305	007000000	17	種苗費*	3010000.0	3015000.0	3014310.0	4.2	99.9	100.1
202305	007000000	18	肥料費*	1250000.0	1320000.0	1354351.0	1.9	102.6	108.3
202305	007000000	19	培土費用*	0.0	0.0	0.0	0.0	0.0	0.0
202305	007000000	20	農薬衛生費*	590000.0	655000.0	564183.0	0.7	86.1	95.6
202305	007000000	21	農具費*	90000.0	105000.0	988272.0	1.3	941.2	
202305	007000000	22	諸材料費*	4590000.0	4884000.0	5359184.0	7.5	109.7	116.7
202305	007000000	23	その他仕入高*	0.0	0.0	0.0	0.0	0.0	0.0
202305	007000000	24	減価償却費*	3748884.0	3749000.0	3748884.0	5.2	99.9	100.0
202305	007000000	25	車両費*	0.0	0.0	0.0	0.0	0.0	0.0
202305	007000000	26	水道光熱費*	160000.0	126000.0	125504.0	0.1	99.6	78.4
202305	007000000	27	動力費*	1230000.0	1044000.0	1047968.0	1.4	100.3	85.2
202305	007000000	28	燃料費*	690000.0	680000.0	670400.0	0.9	98.5	97.1
202305	007000000	29	賃借料*	1240000.0	1249000.0	1248230.0	1.7	99.9	100.6
202305	007000000	30	修繕費*	1760000.0	180000.0	0.0	0.0	0.0	0.0
202305	007000000	31	診断料*	110000.0	172000.0	24283.0	0.0	14.1	22.0
202305	007000000	32	租税公課*	0.0	0.0	0.0	0.0	0.0	0.0
202305	007000000	33	業務委託費*	0.0	0.0	0.0	0.0	0.0	0.0
202305	007000000	34	雑費*	1400000.0	0.0	76844.0	0.1	0.0	5.4
202305	007000000	35	雑給*	40000.0	217000.0	320120.0	0.4	147.5	800.3
202305	007000000	36	経費合計（販管費）	11917402.0	11969522.0	10557202.0	14.8	88.2	88.5
202305	007000000	37	減価償却費	826212.0	826212.0	826212.0	1.1	100.0	100.0
202305	007000000	38	車両費	417390.0	419390.0	379909.0	0.5	90.5	91.0
202305	007000000	39	旅費交通費	60000.0	100000.0	81301.0	0.1	81.3	135.5
202305	007000000	40	通信費	60000.0	64000.0	60104.0	0.0	93.9	100.1
202305	007000000	41	水道光熱費	120000.0	113000.0	112606.0	0.1	99.6	93.8
202305	007000000	42	事務用品費	33000.0	33000.0	38875.0	0.0	117.8	117.8
202305	007000000	43	消耗品費	110000.0	90000.0	67304.0	0.0	74.7	61.1
202305	007000000	44	廃棄物処理料	570000.0	296000.0	252419.0	0.3	85.2	44.2
202305	007000000	45	広告宣伝費	20000.0	20000.0	0.0	0.0	0.0	0.0
202305	007000000	46	接待交際費	30000.0	30000.0	0.0	0.0	0.0	0.0
202305	007000000	47	賃借料	117500.0	206500.0	126000.0	0.1	61.0	107.2
202305	007000000	48	賃貸料収入	-120000.0	-121000.0	-121000.0	0.0	0.0	0.0
202305	007000000	49	修繕費	0.0	98000.0	0.0	0.0	0.0	0.0
202305	007000000	50	支払リース料	0.0	4400.0	4400.0	0.0	100.0	0.0
202305	007000000	51	保険料	150000.0	152020.0	0.0	0.0	0.0	0.0
202305	007000000	52	支払報酬	0.0	0.0	0.0	0.0	0.0	0.0
202305	007000000	53	支払手数料	60000.0	127000.0	119788.0	0.1	94.3	199.6
202305	007000000	54	診断料	0.0	0.0	0.0	0.0	0.0	0.0
202305	007000000	55	諸会費	0.0	9000.0	6000.0	0.0	66.6	0.0
202305	007000000	56	会議費	5000.0	5000.0	0.0	0.0	0.0	0.0
202305	007000000	57	寄付金	0.0	0.0	0.0	0.0	0.0	0.0
202305	007000000	58	租税公課	8120000.0	8126000.0	7252600.0	10.2	89.2	89.3
202305	007000000	59	業務委託費	0.0	0.0	0.0	0.0	0.0	0.0
202305	007000000	60	業務受託収入	-50000.0	-53000.0	-71183.0	0.0	0.0	0.0
202305	007000000	61	情報機器利用料	136000.0	144000.0	145180.0	0.2	100.8	106.7
202305	007000000	62	貸倒金	0.0	0.0	0.0	0.0	0.0	0.0
202305	007000000	63	雑費	560000.0	597000.0	616069.0	0.8	103.1	110.0
202305	007000000	64	福利消耗品費	60000.0	46000.0	23618.0	0.0	51.3	39.3
202305	007000000	65	教育研修費	0.0	0.0	0.0	0.0	0.0	0.0
202305	007000000	66	廃棄損	0.0	0.0	0.0	0.0	0.0	0.0
202305	007000000	67	雑給	0.0	0.0	0.0	0.0	0.0	0.0
202305	007000000	68	社内金利（固定資産）	0.0	0.0	0.0	0.0	0.0	0.0
202305	007000000	69	社内金利（売掛金）	0.0	0.0	0.0	0.0	0.0	0.0
202305	007000000	70	グループ共通	632300.0	637000.0	637000.0	0.8	100.0	100.7
202305	007000000	71	差引収益	1679234.0	5172678.0	5106459.0	7.2	98.7	304.0
202305	007000000	72	差引比率	2.3	7.3	7.2		98.6	313.0
202305	007000000	73	総時間	8759.0	8251.75	8161.75		98.9	93.1
202305	007000000	74	定時間	8298.0	7796.0	7499.25		96.1	90.3
202305	007000000	75	残業時間	398.25	393.0	613.75		156.1	154.1
202305	007000000	76	移動時間	62.75	62.75	48.75		77.6	77.6
202305	007000000	77	当月時間当り	191.7	626.8	625.6		99.8	326.3
202305	007000000	78	人員	64.0	64.0	63.0		98.4	98.4
202306	007000000	1	総受注高	73043800.0	74015800.0	68131203.0		92.0	93.2
202306	007000000	2	総売上高	73043800.0	74015800.0	68131203.0		92.0	93.2
202306	007000000	3	売上高	73526500.0	74595800.0	68698950.0	100.8	92.0	93.4
202306	007000000	4	グループ売上高	0.0	0.0	0.0	0.0	0.0	0.0
202306	007000000	5	社内売上高	33000000.0	36143184.0	33885062.0	49.7	93.7	102.6
202306	007000000	7	販売奨励金	-482700.0	-580000.0	-567747.0	0.0	0.0	0.0
202306	007000000	8	売上原価	36278590.0	34766320.0	32059335.0	47.0	92.2	88.3
202306	007000000	9	仕入高	4519000.0	4674000.0	5194025.0	7.6	111.1	114.9
202306	007000000	10	グループ仕入高	25555790.0	23312320.0	20165082.0	29.5	86.4	78.9
202306	007000000	11	社内仕入高	33000000.0	36143184.0	33885062.0	49.7	93.7	102.6
202306	007000000	12	荷造運搬費	4683800.0	4800000.0	4701502.0	6.9	97.9	100.3
202306	007000000	13	販売手数料	1520000.0	1980000.0	1998726.0	2.9	100.9	131.4
202306	007000000	14	総収益	36765210.0	39249480.0	36071868.0	52.9	91.9	98.1
202306	007000000	15	経費合計	19796286.0	22706502.0	24272538.0	35.6	106.8	122.6
202306	007000000	16	経費合計（原価）	16818884.0	19604000.0	21172897.0	31.0	108.0	125.8
202306	007000000	17	種苗費*	0.0	0.0	0.0	0.0	0.0	0.0
202306	007000000	18	肥料費*	770000.0	996000.0	1665829.0	2.4	167.2	216.3
202306	007000000	19	培土費用*	3890000.0	3897000.0	3896640.0	5.7	99.9	100.1
202306	007000000	20	農薬衛生費*	360000.0	310000.0	485267.0	0.7	156.5	134.7
202306	007000000	21	農具費*	60000.0	83000.0	54027.0	0.0	65.0	90.0
202306	007000000	22	諸材料費*	4340000.0	5364000.0	6172642.0	9.0	115.0	142.2
202306	007000000	23	その他仕入高*	0.0	0.0	0.0	0.0	0.0	0.0
202306	007000000	24	減価償却費*	3748884.0	3749000.0	3748884.0	5.5	99.9	100.0
202306	007000000	25	車両費*	0.0	0.0	0.0	0.0	0.0	0.0
202306	007000000	26	水道光熱費*	160000.0	167000.0	166656.0	0.2	99.7	104.1
202306	007000000	27	動力費*	1830000.0	1016000.0	1016050.0	1.4	100.0	55.5
202306	007000000	28	燃料費*	0.0	0.0	0.0	0.0	0.0	0.0
202306	007000000	29	賃借料*	1240000.0	1249000.0	1248230.0	1.8	99.9	100.6
202306	007000000	30	修繕費*	30000.0	48000.0	3690.0	0.0	7.6	12.3
202306	007000000	31	診断料*	80000.0	107000.0	136400.0	0.2	127.4	170.5
202306	007000000	32	租税公課*	0.0	0.0	0.0	0.0	0.0	0.0
202306	007000000	33	業務委託費*	0.0	0.0	0.0	0.0	0.0	0.0
202306	007000000	34	雑費*	240000.0	2050000.0	2006500.0	2.9	97.8	836.0
202306	007000000	35	雑給*	70000.0	568000.0	572082.0	0.8	100.7	817.2
202306	007000000	36	経費合計（販管費）	2977402.0	3102502.0	3099641.0	4.5	99.9	104.1
202306	007000000	37	減価償却費	826212.0	826212.0	826212.0	1.2	100.0	100.0
202306	007000000	38	車両費	357390.0	359390.0	338892.0	0.4	94.2	94.8
202306	007000000	39	旅費交通費	60000.0	140000.0	70846.0	0.1	50.6	118.0
202306	007000000	40	通信費	60000.0	64000.0	60609.0	0.0	94.7	101.0
202306	007000000	41	水道光熱費	150000.0	130000.0	127909.0	0.1	98.3	85.2
202306	007000000	42	事務用品費	33000.0	33000.0	19501.0	0.0	59.0	59.0
202306	007000000	43	消耗品費	60000.0	85000.0	71996.0	0.1	84.7	119.9
202306	007000000	44	廃棄物処理料	290000.0	515000.0	368873.0	0.5	71.6	127.1
202306	007000000	45	広告宣伝費	0.0	0.0	0.0	0.0	0.0	0.0
202306	007000000	46	接待交際費	30000.0	3000.0	0.0	0.0	0.0	0.0
202306	007000000	47	賃借料	117500.0	126500.0	126000.0	0.1	99.6	107.2
202306	007000000	48	賃貸料収入	-120000.0	-121000.0	-121000.0	0.0	0.0	0.0
202306	007000000	49	修繕費	0.0	0.0	0.0	0.0	0.0	0.0
202306	007000000	50	支払リース料	0.0	4400.0	4400.0	0.0	100.0	0.0
202306	007000000	51	保険料	150000.0	0.0	341050.0	0.5	0.0	227.3
202306	007000000	52	支払報酬	20000.0	27000.0	48000.0	0.0	177.7	240.0
202306	007000000	53	支払手数料	120000.0	67000.0	57034.0	0.0	85.1	47.5
202306	007000000	54	診断料	0.0	0.0	0.0	0.0	0.0	0.0
202306	007000000	55	諸会費	0.0	5000.0	5500.0	0.0	110.0	0.0
202306	007000000	56	会議費	5000.0	5000.0	0.0	0.0	0.0	0.0
202306	007000000	57	寄付金	0.0	0.0	0.0	0.0	0.0	0.0
202306	007000000	58	租税公課	0.0	0.0	10081.0	0.0	0.0	0.0
202306	007000000	59	業務委託費	0.0	0.0	0.0	0.0	0.0	0.0
202306	007000000	60	業務受託収入	-50000.0	-53000.0	-143914.0	0.0	0.0	0.0
202306	007000000	61	情報機器利用料	136000.0	144000.0	145180.0	0.2	100.8	106.7
202306	007000000	62	貸倒金	0.0	0.0	0.0	0.0	0.0	0.0
202306	007000000	63	雑費	90000.0	99000.0	102571.0	0.1	103.6	113.9
202306	007000000	64	福利消耗品費	0.0	6000.0	2901.0	0.0	48.3	0.0
202306	007000000	65	教育研修費	10000.0	0.0	0.0	0.0	0.0	0.0
202306	007000000	66	廃棄損	0.0	0.0	0.0	0.0	0.0	0.0
202306	007000000	67	雑給	0.0	0.0	0.0	0.0	0.0	0.0
202306	007000000	68	社内金利（固定資産）	0.0	0.0	0.0	0.0	0.0	0.0
202306	007000000	69	社内金利（売掛金）	0.0	0.0	0.0	0.0	0.0	0.0
202306	007000000	70	グループ共通	632300.0	637000.0	637000.0	0.9	100.0	100.7
202306	007000000	71	差引収益	16968924.0	16542978.0	11799330.0	17.3	71.3	69.5
202306	007000000	72	差引比率	23.2	22.3	17.3		77.5	74.5
202306	007000000	73	総時間	8022.0	8345.25	8743.25		104.7	108.9
202306	007000000	74	定時間	7770.0	7777.0	7895.25		101.5	101.6
202306	007000000	75	残業時間	203.75	512.0	793.0		154.8	389.2
202306	007000000	76	移動時間	48.25	56.25	55.0		97.7	113.9
202306	007000000	77	当月時間当り	2115.2	1982.3	1349.5		68.0	63.8
202306	007000000	78	人員	64.0	67.0	66.0		98.5	103.1
202307	007000000	1	総受注高	48967800.0	52804500.0	58253942.0		110.3	118.9
202307	007000000	2	総売上高	48967800.0	52804500.0	58253942.0		110.3	118.9
202307	007000000	3	売上高	49472500.0	53425500.0	58861245.0	101.0	110.1	118.9
202307	007000000	4	グループ売上高	0.0	0.0	0.0	0.0	0.0	0.0
202307	007000000	5	社内売上高	27000000.0	33279680.0	38052541.0	65.3	114.3	140.9
202307	007000000	7	販売奨励金	-504700.0	-621000.0	-607303.0	0.0	0.0	0.0
202307	007000000	8	売上原価	19466560.0	17809280.0	18126836.0	31.1	101.7	93.1
202307	007000000	9	仕入高	7120000.0	3014380.0	3456811.0	5.9	114.6	48.5
202307	007000000	10	グループ仕入高	8201060.0	9916300.0	9448979.0	16.2	95.2	115.2
202307	007000000	11	社内仕入高	27000000.0	33279680.0	38052541.0	65.3	114.3	140.9
202307	007000000	12	荷造運搬費	2593500.0	2830000.0	3203804.0	5.4	113.2	123.5
202307	007000000	13	販売手数料	1552000.0	2048600.0	2017242.0	3.4	98.4	129.9
202307	007000000	14	総収益	29501240.0	34995220.0	40127106.0	68.8	114.6	136.0
202307	007000000	15	経費合計	15806286.0	18500184.0	18835238.0	32.3	101.8	119.1
202307	007000000	16	経費合計（原価）	12338884.0	15065000.0	15648271.0	26.8	103.8	126.8
202307	007000000	17	種苗費*	0.0	1454000.0	1454500.0	2.4	100.0	0.0
202307	007000000	18	肥料費*	760000.0	1109000.0	1348361.0	2.3	121.5	177.4
202307	007000000	19	培土費用*	0.0	14000.0	0.0	0.0	0.0	0.0
202307	007000000	20	農薬衛生費*	320000.0	370000.0	394150.0	0.6	106.5	123.1
202307	007000000	21	農具費*	50000.0	148000.0	149860.0	0.2	101.2	299.7
202307	007000000	22	諸材料費*	4150000.0	4720000.0	4865560.0	8.3	103.0	117.2
202307	007000000	23	その他仕入高*	0.0	0.0	0.0	0.0	0.0	0.0
202307	007000000	24	減価償却費*	3748884.0	3749000.0	3757523.0	6.4	100.2	100.2
202307	007000000	25	車両費*	0.0	0.0	0.0	0.0	0.0	0.0
202307	007000000	26	水道光熱費*	160000.0	170000.0	161280.0	0.2	94.8	100.8
202307	007000000	27	動力費*	1730000.0	925000.0	924662.0	1.5	99.9	53.4
202307	007000000	28	燃料費*	0.0	6000.0	0.0	0.0	0.0	0.0
202307	007000000	29	賃借料*	1240000.0	1249000.0	1248230.0	2.1	99.9	100.6
202307	007000000	30	修繕費*	30000.0	186000.0	189576.0	0.3	101.9	631.9
202307	007000000	31	診断料*	80000.0	67000.0	3964.0	0.0	5.9	4.9
202307	007000000	32	租税公課*	0.0	0.0	0.0	0.0	0.0	0.0
202307	007000000	33	業務委託費*	0.0	0.0	0.0	0.0	0.0	0.0
202307	007000000	34	雑費*	0.0	200000.0	187780.0	0.3	93.8	0.0
202307	007000000	35	雑給*	70000.0	698000.0	962825.0	1.6	137.9	
202307	007000000	36	経費合計（販管費）	3467402.0	3435184.0	3186967.0	5.4	92.7	91.9
202307	007000000	37	減価償却費	826212.0	826212.0	826212.0	1.4	100.0	100.0
202307	007000000	38	車両費	347390.0	375390.0	378406.0	0.6	100.8	108.9
202307	007000000	39	旅費交通費	60000.0	160000.0	123959.0	0.2	77.4	206.5
202307	007000000	40	通信費	60000.0	64000.0	60219.0	0.1	94.0	100.3
202307	007000000	41	水道光熱費	190000.0	100000.0	99432.0	0.1	99.4	52.3
202307	007000000	42	事務用品費	33000.0	33000.0	19543.0	0.0	59.2	59.2
202307	007000000	43	消耗品費	240000.0	170000.0	101091.0	0.1	59.4	42.1
202307	007000000	44	廃棄物処理料	330000.0	337000.0	324919.0	0.5	96.4	98.4
202307	007000000	45	広告宣伝費	20000.0	0.0	0.0	0.0	0.0	0.0
202307	007000000	46	接待交際費	30000.0	0.0	2728.0	0.0	0.0	9.0
202307	007000000	47	賃借料	117500.0	126500.0	126000.0	0.2	99.6	107.2
202307	007000000	48	賃貸料収入	-120000.0	-121000.0	-121000.0	0.0	0.0	0.0
202307	007000000	49	修繕費	0.0	42000.0	0.0	0.0	0.0	0.0
202307	007000000	50	支払リース料	0.0	4400.0	4400.0	0.0	100.0	0.0
202307	007000000	51	保険料	150000.0	113682.0	113682.0	0.1	100.0	75.7
202307	007000000	52	支払報酬	320000.0	320000.0	312421.0	0.5	97.6	97.6
202307	007000000	53	支払手数料	60000.0	67000.0	54334.0	0.0	81.0	90.5
202307	007000000	54	診断料	0.0	0.0	0.0	0.0	0.0	0.0
202307	007000000	55	諸会費	0.0	0.0	0.0	0.0	0.0	0.0
202307	007000000	56	会議費	5000.0	0.0	1819.0	0.0	0.0	36.3
202307	007000000	57	寄付金	0.0	0.0	0.0	0.0	0.0	0.0
202307	007000000	58	租税公課	0.0	0.0	0.0	0.0	0.0	0.0
202307	007000000	59	業務委託費	0.0	0.0	0.0	0.0	0.0	0.0
202307	007000000	60	業務受託収入	-50000.0	-53000.0	-142091.0	0.0	0.0	0.0
202307	007000000	61	情報機器利用料	136000.0	144000.0	145180.0	0.2	100.8	106.7
202307	007000000	62	貸倒金	0.0	0.0	0.0	0.0	0.0	0.0
202307	007000000	63	雑費	80000.0	86000.0	114297.0	0.1	132.9	142.8
202307	007000000	64	福利消耗品費	0.0	3000.0	4416.0	0.0	147.2	0.0
202307	007000000	65	教育研修費	0.0	0.0	0.0	0.0	0.0	0.0
202307	007000000	66	廃棄損	0.0	0.0	0.0	0.0	0.0	0.0
202307	007000000	67	雑給	0.0	0.0	0.0	0.0	0.0	0.0
202307	007000000	68	社内金利（固定資産）	0.0	0.0	0.0	0.0	0.0	0.0
202307	007000000	69	社内金利（売掛金）	0.0	0.0	0.0	0.0	0.0	0.0
202307	007000000	70	グループ共通	632300.0	637000.0	637000.0	1.0	100.0	100.7
202307	007000000	71	差引収益	13694954.0	16495036.0	21291868.0	36.5	129.0	155.4
202307	007000000	72	差引比率	27.9	31.2	36.5		116.9	130.8
202307	007000000	73	総時間	7807.0	8243.5	8483.5		102.9	108.6
202307	007000000	74	定時間	7506.0	7600.0	7553.75		99.3	100.6
202307	007000000	75	残業時間	253.5	580.0	857.5		147.8	338.2
202307	007000000	76	移動時間	47.5	63.5	72.25		113.7	152.1
202307	007000000	77	当月時間当り	1754.1	2000.9	2509.7		125.4	143.0
202307	007000000	78	人員	64.0	72.0	71.0		98.6	110.9
202308	007000000	1	総受注高	44090600.0	44123675.0	45616726.0		103.3	103.4
202308	007000000	2	総売上高	44090600.0	44123675.0	45616726.0		103.3	103.4
202308	007000000	3	売上高	44596500.0	44624675.0	46101584.0	101.0	103.3	103.3
202308	007000000	4	グループ売上高	0.0	0.0	0.0	0.0	0.0	0.0
202308	007000000	5	社内売上高	30000000.0	28773514.0	29657014.0	65.0	103.0	98.8
202308	007000000	7	販売奨励金	-505900.0	-501000.0	-484858.0	0.0	0.0	0.0
202308	007000000	8	売上原価	12244200.0	13777380.0	14361404.0	31.4	104.2	117.2
202308	007000000	9	仕入高	4945000.0	4843380.0	5469570.0	11.9	112.9	110.6
202308	007000000	10	グループ仕入高	3694100.0	5049000.0	4745547.0	10.4	93.9	128.4
202308	007000000	11	社内仕入高	30000000.0	28773514.0	29657014.0	65.0	103.0	98.8
202308	007000000	12	荷造運搬費	2204100.0	2300000.0	2489154.0	5.4	108.2	112.9
202308	007000000	13	販売手数料	1401000.0	1585000.0	1657133.0	3.6	104.5	118.2
202308	007000000	14	総収益	31846400.0	30346295.0	31255322.0	68.5	102.9	98.1
202308	007000000	15	経費合計	22346286.0	21072024.0	21841560.0	47.8	103.6	97.7
202308	007000000	16	経費合計（原価）	18468884.0	16890000.0	17534089.0	38.4	103.8	94.9
202308	007000000	17	種苗費*	1590000.0	0.0	0.0	0.0	0.0	0.0
202308	007000000	18	肥料費*	1090000.0	1689000.0	1827199.0	4.0	108.1	167.6
202308	007000000	19	培土費用*	1260000.0	12000.0	11310.0	0.0	94.2	0.8
202308	007000000	20	農薬衛生費*	320000.0	370000.0	344554.0	0.7	93.1	107.6
202308	007000000	21	農具費*	1180000.0	1125000.0	1109946.0	2.4	98.6	94.0
202308	007000000	22	諸材料費*	4690000.0	5721000.0	5570151.0	12.2	97.3	118.7
202308	007000000	23	その他仕入高*	0.0	0.0	0.0	0.0	0.0	0.0
202308	007000000	24	減価償却費*	3748884.0	3749000.0	3767915.0	8.2	100.5	100.5
202308	007000000	25	車両費*	0.0	0.0	0.0	0.0	0.0	0.0
202308	007000000	26	水道光熱費*	160000.0	170000.0	167360.0	0.3	98.4	104.6
202308	007000000	27	動力費*	2130000.0	1488000.0	1498744.0	3.2	100.7	70.3
202308	007000000	28	燃料費*	0.0	20000.0	0.0	0.0	0.0	0.0
202308	007000000	29	賃借料*	1240000.0	1249000.0	1248230.0	2.7	99.9	100.6
202308	007000000	30	修繕費*	30000.0	30000.0	13739.0	0.0	45.7	45.7
202308	007000000	31	診断料*	20000.0	59000.0	73800.0	0.1	125.0	369.0
202308	007000000	32	租税公課*	0.0	0.0	0.0	0.0	0.0	0.0
202308	007000000	33	業務委託費*	0.0	0.0	0.0	0.0	0.0	0.0
202308	007000000	34	雑費*	900000.0	540000.0	825294.0	1.8	152.8	91.6
202308	007000000	35	雑給*	110000.0	668000.0	1075847.0	2.3	161.0	978.0
202308	007000000	36	経費合計（販管費）	3877402.0	4182024.0	4307471.0	9.4	102.9	111.0
202308	007000000	37	減価償却費	826212.0	826212.0	826212.0	1.8	100.0	100.0
202308	007000000	38	車両費	347390.0	355390.0	406896.0	0.8	114.4	117.1
202308	007000000	39	旅費交通費	80000.0	100000.0	82454.0	0.1	82.4	103.0
202308	007000000	40	通信費	60000.0	64000.0	63067.0	0.1	98.5	105.1
202308	007000000	41	水道光熱費	200000.0	162000.0	180830.0	0.3	111.6	90.4
202308	007000000	42	事務用品費	33000.0	33000.0	23933.0	0.0	72.5	72.5
202308	007000000	43	消耗品費	60000.0	60000.0	240833.0	0.5	401.3	401.3
202308	007000000	44	廃棄物処理料	1130000.0	1206000.0	1111328.0	2.4	92.1	98.3
202308	007000000	45	広告宣伝費	0.0	0.0	0.0	0.0	0.0	0.0
202308	007000000	46	接待交際費	30000.0	0.0	0.0	0.0	0.0	0.0
202308	007000000	47	賃借料	117500.0	126500.0	126000.0	0.2	99.6	107.2
202308	007000000	48	賃貸料収入	-120000.0	-121000.0	-121000.0	0.0	0.0	0.0
202308	007000000	49	修繕費	0.0	260000.0	212000.0	0.4	81.5	0.0
202308	007000000	50	支払リース料	0.0	12240.0	12240.0	0.0	100.0	0.0
202308	007000000	51	保険料	150000.0	113682.0	113682.0	0.2	100.0	75.7
202308	007000000	52	支払報酬	0.0	0.0	0.0	0.0	0.0	0.0
202308	007000000	53	支払手数料	60000.0	67000.0	50770.0	0.1	75.7	84.6
202308	007000000	54	診断料	0.0	0.0	0.0	0.0	0.0	0.0
202308	007000000	55	諸会費	0.0	0.0	0.0	0.0	0.0	0.0
202308	007000000	56	会議費	5000.0	0.0	0.0	0.0	0.0	0.0
202308	007000000	57	寄付金	0.0	0.0	0.0	0.0	0.0	0.0
202308	007000000	58	租税公課	0.0	0.0	12.0	0.0	0.0	0.0
202308	007000000	59	業務委託費	0.0	0.0	0.0	0.0	0.0	0.0
202308	007000000	60	業務受託収入	-50000.0	-53000.0	-73547.0	0.0	0.0	0.0
202308	007000000	61	情報機器利用料	136000.0	144000.0	145180.0	0.3	100.8	106.7
202308	007000000	62	貸倒金	0.0	0.0	0.0	0.0	0.0	0.0
202308	007000000	63	雑費	180000.0	186000.0	269581.0	0.5	144.9	149.7
202308	007000000	64	福利消耗品費	0.0	3000.0	0.0	0.0	0.0	0.0
202308	007000000	65	教育研修費	0.0	0.0	0.0	0.0	0.0	0.0
202308	007000000	66	廃棄損	0.0	0.0	0.0	0.0	0.0	0.0
202308	007000000	67	雑給	0.0	0.0	0.0	0.0	0.0	0.0
202308	007000000	68	社内金利（固定資産）	0.0	0.0	0.0	0.0	0.0	0.0
202308	007000000	69	社内金利（売掛金）	0.0	0.0	0.0	0.0	0.0	0.0
202308	007000000	70	グループ共通	632300.0	637000.0	637000.0	1.3	100.0	100.7
202308	007000000	71	差引収益	9500114.0	9274271.0	9413762.0	20.6	101.5	99.0
202308	007000000	72	差引比率	21.5	21.0	20.6		98.0	95.8
202308	007000000	73	総時間	8761.0	8513.0	8038.5		94.4	91.7
202308	007000000	74	定時間	8208.0	7808.0	7183.75		92.0	87.5
202308	007000000	75	残業時間	515.0	630.0	777.0		123.3	150.8
202308	007000000	76	移動時間	38.0	75.0	77.75		103.6	204.6
202308	007000000	77	当月時間当り	1084.3	1089.4	1171.0		107.4	107.9
202308	007000000	78	人員	64.0	72.0	71.0		98.6	110.9
202309	007000000	1	総受注高	41556600.0	29425100.0	38709150.0		131.5	93.1
202309	007000000	2	総売上高	41556600.0	29425100.0	38709150.0		131.5	93.1
202309	007000000	3	売上高	42014000.0	29909100.0	39177726.0	101.2	130.9	93.2
202309	007000000	4	グループ売上高	0.0	0.0	0.0	0.0	0.0	0.0
202309	007000000	5	社内売上高	29000000.0	18374120.0	24867235.0	64.2	135.3	85.7
202309	007000000	7	販売奨励金	-457400.0	-484000.0	-468576.0	0.0	0.0	0.0
202309	007000000	8	売上原価	11289765.0	10873210.0	12515903.0	32.3	115.1	110.8
202309	007000000	9	仕入高	3405000.0	3715210.0	3881759.0	10.0	104.4	114.0
202309	007000000	10	グループ仕入高	4335000.0	3995000.0	5310134.0	13.7	132.9	122.4
202309	007000000	11	社内仕入高	29000000.0	18374120.0	24867235.0	64.2	135.3	85.7
202309	007000000	12	荷造運搬費	2168700.0	1760000.0	1932125.0	4.9	109.7	89.0
202309	007000000	13	販売手数料	1381065.0	1403000.0	1391885.0	3.5	99.2	100.7
202309	007000000	14	総収益	30266835.0	18551890.0	26193247.0	67.6	141.1	86.5
202309	007000000	15	経費合計	20067006.0	17418104.0	18352355.0	47.4	105.3	91.4
202309	007000000	16	経費合計（原価）	16138884.0	14371000.0	15626296.0	40.3	108.7	96.8
202309	007000000	17	種苗費*	2490000.0	1856000.0	1855250.0	4.7	99.9	74.5
202309	007000000	18	肥料費*	1040000.0	1450000.0	2017385.0	5.2	139.1	193.9
202309	007000000	19	培土費用*	0.0	10000.0	9789.0	0.0	97.8	0.0
202309	007000000	20	農薬衛生費*	680000.0	737000.0	1007908.0	2.6	136.7	148.2
202309	007000000	21	農具費*	20000.0	94000.0	98356.0	0.2	104.6	491.7
202309	007000000	22	諸材料費*	4090000.0	2856000.0	3182236.0	8.2	111.4	77.8
202309	007000000	23	その他仕入高*	0.0	0.0	0.0	0.0	0.0	0.0
202309	007000000	24	減価償却費*	3748884.0	3749000.0	3767915.0	9.7	100.5	100.5
202309	007000000	25	車両費*	0.0	0.0	0.0	0.0	0.0	0.0
202309	007000000	26	水道光熱費*	160000.0	170000.0	166656.0	0.4	98.0	104.1
202309	007000000	27	動力費*	2130000.0	1597000.0	1596892.0	4.1	99.9	74.9
202309	007000000	28	燃料費*	0.0	0.0	0.0	0.0	0.0	0.0
202309	007000000	29	賃借料*	1240000.0	1249000.0	1248230.0	3.2	99.9	100.6
202309	007000000	30	修繕費*	110000.0	110000.0	26059.0	0.0	23.6	23.6
202309	007000000	31	診断料*	20000.0	27000.0	22000.0	0.0	81.4	110.0
202309	007000000	32	租税公課*	0.0	0.0	0.0	0.0	0.0	0.0
202309	007000000	33	業務委託費*	0.0	0.0	0.0	0.0	0.0	0.0
202309	007000000	34	雑費*	320000.0	353000.0	353000.0	0.9	100.0	110.3
202309	007000000	35	雑給*	90000.0	113000.0	274620.0	0.7	243.0	305.1
202309	007000000	36	経費合計（販管費）	3928122.0	3047104.0	2726059.0	7.0	89.4	69.3
202309	007000000	37	減価償却費	826212.0	826212.0	826212.0	2.1	100.0	100.0
202309	007000000	38	車両費	367390.0	369390.0	363102.0	0.9	98.2	98.8
202309	007000000	39	旅費交通費	80720.0	80720.0	31616.0	0.0	39.1	39.1
202309	007000000	40	通信費	60000.0	64000.0	63185.0	0.1	98.7	105.3
202309	007000000	41	水道光熱費	210000.0	175000.0	174084.0	0.4	99.4	82.8
202309	007000000	42	事務用品費	33000.0	33000.0	29085.0	0.0	88.1	88.1
202309	007000000	43	消耗品費	70000.0	70000.0	50890.0	0.1	72.7	72.7
202309	007000000	44	廃棄物処理料	330000.0	270000.0	205782.0	0.5	76.2	62.3
202309	007000000	45	広告宣伝費	320000.0	20000.0	0.0	0.0	0.0	0.0
202309	007000000	46	接待交際費	30000.0	0.0	0.0	0.0	0.0	0.0
202309	007000000	47	賃借料	117500.0	126500.0	106000.0	0.2	83.7	90.2
202309	007000000	48	賃貸料収入	-120000.0	-121000.0	-121000.0	0.0	0.0	0.0
202309	007000000	49	修繕費	500000.0	0.0	86000.0	0.2	0.0	17.2
202309	007000000	50	支払リース料	0.0	4400.0	4400.0	0.0	100.0	0.0
202309	007000000	51	保険料	150000.0	113682.0	113682.0	0.2	100.0	75.7
202309	007000000	52	支払報酬	0.0	0.0	0.0	0.0	0.0	0.0
202309	007000000	53	支払手数料	100000.0	107000.0	90680.0	0.2	84.7	90.6
202309	007000000	54	診断料	0.0	0.0	0.0	0.0	0.0	0.0
202309	007000000	55	諸会費	0.0	0.0	500.0	0.0	0.0	0.0
202309	007000000	56	会議費	5000.0	0.0	0.0	0.0	0.0	0.0
202309	007000000	57	寄付金	0.0	0.0	0.0	0.0	0.0	0.0
202309	007000000	58	租税公課	0.0	0.0	0.0	0.0	0.0	0.0
202309	007000000	59	業務委託費	0.0	0.0	0.0	0.0	0.0	0.0
202309	007000000	60	業務受託収入	-50000.0	-53000.0	-160458.0	0.0	0.0	0.0
202309	007000000	61	情報機器利用料	136000.0	142700.0	143880.0	0.3	100.8	105.7
202309	007000000	62	貸倒金	0.0	0.0	0.0	0.0	0.0	0.0
202309	007000000	63	雑費	80000.0	172000.0	72939.0	0.1	42.4	91.1
202309	007000000	64	福利消耗品費	40000.0	5000.0	3870.0	0.0	77.4	9.6
202309	007000000	65	教育研修費	10000.0	4500.0	4610.0	0.0	102.4	46.1
202309	007000000	66	廃棄損	0.0	0.0	0.0	0.0	0.0	0.0
202309	007000000	67	雑給	0.0	0.0	0.0	0.0	0.0	0.0
202309	007000000	68	社内金利（固定資産）	0.0	0.0	0.0	0.0	0.0	0.0
202309	007000000	69	社内金利（売掛金）	0.0	0.0	0.0	0.0	0.0	0.0
202309	007000000	70	グループ共通	632300.0	637000.0	637000.0	1.6	100.0	100.7
202309	007000000	71	差引収益	10199829.0	1133786.0	7840892.0	20.2	691.5	76.8
202309	007000000	72	差引比率	24.5	3.8	20.2		531.5	82.4
202309	007000000	73	総時間	7773.0	8105.75	7723.0		95.2	99.3
202309	007000000	74	定時間	7500.0	7559.0	7059.0		93.3	94.1
202309	007000000	75	残業時間	210.25	474.0	596.25		125.7	283.5
202309	007000000	76	移動時間	62.75	72.75	67.75		93.1	107.9
202309	007000000	77	当月時間当り	1312.2	139.8	1015.2		726.1	77.3
202309	007000000	78	人員	64.0	71.0	70.0		98.5	109.3
202310	007000000	1	総受注高	39374000.0	39563800.0	39265503.0		99.2	99.7
202310	007000000	2	総売上高	39374000.0	39563800.0	39265503.0		99.2	99.7
202310	007000000	3	売上高	39803000.0	40007800.0	39706112.0	101.1	99.2	99.7
202310	007000000	4	グループ売上高	0.0	0.0	0.0	0.0	0.0	0.0
202310	007000000	5	社内売上高	27000000.0	28088515.0	26749697.0	68.1	95.2	99.0
202310	007000000	7	販売奨励金	-429000.0	-444000.0	-440609.0	0.0	0.0	0.0
202310	007000000	8	売上原価	11262500.0	9878100.0	11243250.0	28.6	113.8	99.8
202310	007000000	9	仕入高	3049000.0	3510000.0	2970742.0	7.5	84.6	97.4
202310	007000000	10	グループ仕入高	4699750.0	3320100.0	4921444.0	12.5	148.2	104.7
202310	007000000	11	社内仕入高	27000000.0	28088515.0	26749697.0	68.1	95.2	99.0
202310	007000000	12	荷造運搬費	2076800.0	1900000.0	2186695.0	5.5	115.0	105.2
202310	007000000	13	販売手数料	1436950.0	1148000.0	1164369.0	2.9	101.4	81.0
202310	007000000	14	総収益	28111500.0	29685700.0	28022253.0	71.3	94.3	99.6
202310	007000000	15	経費合計	17301647.0	20021545.0	21080614.0	53.6	105.2	121.8
202310	007000000	16	経費合計（原価）	14128884.0	16778000.0	17969489.0	45.7	107.1	127.1
202310	007000000	17	種苗費*	0.0	0.0	0.0	0.0	0.0	0.0
202310	007000000	18	肥料費*	940000.0	1430000.0	1658025.0	4.2	115.9	176.3
202310	007000000	19	培土費用*	0.0	0.0	0.0	0.0	0.0	0.0
202310	007000000	20	農薬衛生費*	360000.0	562000.0	672932.0	1.7	119.7	186.9
202310	007000000	21	農具費*	80000.0	83000.0	58116.0	0.1	70.0	72.6
202310	007000000	22	諸材料費*	4440000.0	5292000.0	6390517.0	16.2	120.7	143.9
202310	007000000	23	その他仕入高*	0.0	0.0	0.0	0.0	0.0	0.0
202310	007000000	24	減価償却費*	3748884.0	3749000.0	3767915.0	9.5	100.5	100.5
202310	007000000	25	車両費*	0.0	0.0	0.0	0.0	0.0	0.0
202310	007000000	26	水道光熱費*	160000.0	170000.0	162816.0	0.4	95.7	101.7
202310	007000000	27	動力費*	1430000.0	1728000.0	1727598.0	4.3	99.9	120.8
202310	007000000	28	燃料費*	340000.0	368000.0	334800.0	0.8	90.9	98.4
202310	007000000	29	賃借料*	1240000.0	1249000.0	1248230.0	3.1	99.9	100.6
202310	007000000	30	修繕費*	30000.0	30000.0	41000.0	0.1	136.6	136.6
202310	007000000	31	診断料*	20000.0	27000.0	22000.0	0.0	81.4	110.0
202310	007000000	32	租税公課*	0.0	0.0	0.0	0.0	0.0	0.0
202310	007000000	33	業務委託費*	0.0	0.0	0.0	0.0	0.0	0.0
202310	007000000	34	雑費*	1300000.0	1655000.0	1436804.0	3.6	86.8	110.5
202310	007000000	35	雑給*	40000.0	435000.0	448736.0	1.1	103.1	
202310	007000000	36	経費合計（販管費）	3172763.0	3243545.0	3111125.0	7.9	95.9	98.0
202310	007000000	37	減価償却費	826212.0	826212.0	826212.0	2.1	100.0	100.0
202310	007000000	38	車両費	357390.0	375390.0	374639.0	0.9	99.7	104.8
202310	007000000	39	旅費交通費	80000.0	110000.0	86758.0	0.2	78.8	108.4
202310	007000000	40	通信費	60000.0	64000.0	60240.0	0.1	94.1	100.4
202310	007000000	41	水道光熱費	230000.0	209000.0	207163.0	0.5	99.1	90.0
202310	007000000	42	事務用品費	33000.0	33000.0	19182.0	0.0	58.1	58.1
202310	007000000	43	消耗品費	60000.0	100000.0	93395.0	0.2	93.3	155.6
202310	007000000	44	廃棄物処理料	290000.0	305000.0	301369.0	0.7	98.8	103.9
202310	007000000	45	広告宣伝費	0.0	0.0	17510.0	0.0	0.0	0.0
202310	007000000	46	接待交際費	25361.0	25361.0	0.0	0.0	0.0	0.0
202310	007000000	47	賃借料	117500.0	106500.0	106000.0	0.2	99.5	90.2
202310	007000000	48	賃貸料収入	-120000.0	-121000.0	-121000.0	0.0	0.0	0.0
202310	007000000	49	修繕費	0.0	0.0	0.0	0.0	0.0	0.0
202310	007000000	50	支払リース料	0.0	4400.0	4400.0	0.0	100.0	0.0
202310	007000000	51	保険料	150000.0	113682.0	113682.0	0.2	100.0	75.7
202310	007000000	52	支払報酬	0.0	0.0	0.0	0.0	0.0	0.0
202310	007000000	53	支払手数料	270000.0	275000.0	256670.0	0.6	93.3	95.0
202310	007000000	54	診断料	0.0	0.0	0.0	0.0	0.0	0.0
202310	007000000	55	諸会費	0.0	0.0	0.0	0.0	0.0	0.0
202310	007000000	56	会議費	5000.0	5000.0	0.0	0.0	0.0	0.0
202310	007000000	57	寄付金	0.0	0.0	0.0	0.0	0.0	0.0
202310	007000000	58	租税公課	0.0	0.0	0.0	0.0	0.0	0.0
202310	007000000	59	業務委託費	0.0	0.0	0.0	0.0	0.0	0.0
202310	007000000	60	業務受託収入	-50000.0	-53000.0	-116638.0	0.0	0.0	0.0
202310	007000000	61	情報機器利用料	136000.0	144000.0	143880.0	0.3	99.9	105.7
202310	007000000	62	貸倒金	0.0	0.0	0.0	0.0	0.0	0.0
202310	007000000	63	雑費	70000.0	76000.0	84190.0	0.2	110.7	120.2
202310	007000000	64	福利消耗品費	0.0	0.0	0.0	0.0	0.0	0.0
202310	007000000	65	教育研修費	0.0	8000.0	16473.0	0.0	205.9	0.0
202310	007000000	66	廃棄損	0.0	0.0	0.0	0.0	0.0	0.0
202310	007000000	67	雑給	0.0	0.0	0.0	0.0	0.0	0.0
202310	007000000	68	社内金利（固定資産）	0.0	0.0	0.0	0.0	0.0	0.0
202310	007000000	69	社内金利（売掛金）	0.0	0.0	0.0	0.0	0.0	0.0
202310	007000000	70	グループ共通	632300.0	637000.0	637000.0	1.6	100.0	100.7
202310	007000000	71	差引収益	10809853.0	9664155.0	6941639.0	17.6	71.8	64.2
202310	007000000	72	差引比率	27.4	24.4	17.6		72.1	64.2
202310	007000000	73	総時間	7984.5	8282.5	8113.25		97.9	101.6
202310	007000000	74	定時間	7700.0	7785.0	7550.25		96.9	98.0
202310	007000000	75	残業時間	229.0	432.0	491.75		113.8	214.7
202310	007000000	76	移動時間	55.5	65.5	71.25		108.7	128.3
202310	007000000	77	当月時間当り	1353.8	1166.8	855.5		73.3	63.1
202310	007000000	78	人員	64.0	71.0	70.0		98.5	109.3
202311	007000000	1	総受注高	88587020.0	64076590.0	61065536.0		95.3	68.9
202311	007000000	2	総売上高	88587020.0	64076590.0	61065536.0		95.3	68.9
202311	007000000	3	売上高	88923520.0	64634590.0	61616856.0	100.9	95.3	69.2
202311	007000000	4	グループ売上高	0.0	0.0	0.0	0.0	0.0	0.0
202311	007000000	5	社内売上高	51000000.0	40791908.0	37560361.0	61.5	92.0	73.6
202311	007000000	7	販売奨励金	-336500.0	-558000.0	-551320.0	0.0	0.0	0.0
202311	007000000	8	売上原価	32256300.0	20180100.0	20596188.0	33.7	102.0	63.8
202311	007000000	9	仕入高	5310000.0	3610000.0	4829819.0	7.9	133.7	90.9
202311	007000000	10	グループ仕入高	20620200.0	11798100.0	11272626.0	18.4	95.5	54.6
202311	007000000	11	社内仕入高	51000000.0	40791908.0	37560361.0	61.5	92.0	73.6
202311	007000000	12	荷造運搬費	5080300.0	3480000.0	3051471.0	4.9	87.6	60.0
202311	007000000	13	販売手数料	1245800.0	1292000.0	1442272.0	2.3	111.6	115.7
202311	007000000	14	総収益	56330720.0	43896490.0	40469348.0	66.2	92.1	71.8
202311	007000000	15	経費合計	21596286.0	20452184.0	20699905.0	33.8	101.2	95.8
202311	007000000	16	経費合計（原価）	17818884.0	16593000.0	17981100.0	29.4	108.3	100.9
202311	007000000	17	種苗費*	0.0	0.0	0.0	0.0	0.0	0.0
202311	007000000	18	肥料費*	1170000.0	1490000.0	1571485.0	2.5	105.4	134.3
202311	007000000	19	培土費用*	0.0	0.0	0.0	0.0	0.0	0.0
202311	007000000	20	農薬衛生費*	440000.0	494000.0	688012.0	1.1	139.2	156.3
202311	007000000	21	農具費*	80000.0	134000.0	90255.0	0.1	67.3	112.8
202311	007000000	22	諸材料費*	7190000.0	5245000.0	5623207.0	9.2	107.2	78.2
202311	007000000	23	その他仕入高*	0.0	0.0	0.0	0.0	0.0	0.0
202311	007000000	24	減価償却費*	3748884.0	3749000.0	3767915.0	6.1	100.5	100.5
202311	007000000	25	車両費*	0.0	0.0	0.0	0.0	0.0	0.0
202311	007000000	26	水道光熱費*	160000.0	170000.0	166656.0	0.2	98.0	104.1
202311	007000000	27	動力費*	1850000.0	1750000.0	1178373.0	1.9	67.3	63.6
202311	007000000	28	燃料費*	1290000.0	1472000.0	3103200.0	5.0	210.8	240.5
202311	007000000	29	賃借料*	1240000.0	1249000.0	1248230.0	2.0	99.9	100.6
202311	007000000	30	修繕費*	30000.0	59000.0	30000.0	0.0	50.8	100.0
202311	007000000	31	診断料*	80000.0	27000.0	22000.0	0.0	81.4	27.5
202311	007000000	32	租税公課*	0.0	0.0	0.0	0.0	0.0	0.0
202311	007000000	33	業務委託費*	0.0	0.0	0.0	0.0	0.0	0.0
202311	007000000	34	雑費*	100000.0	186000.0	99153.0	0.1	53.3	99.1
202311	007000000	35	雑給*	440000.0	568000.0	392614.0	0.6	69.1	89.2
202311	007000000	36	経費合計（販管費）	3777402.0	3859184.0	2718805.0	4.4	70.4	71.9
202311	007000000	37	減価償却費	826212.0	826212.0	835802.0	1.3	101.1	101.1
202311	007000000	38	車両費	347390.0	355390.0	363315.0	0.5	102.2	104.5
202311	007000000	39	旅費交通費	60000.0	204000.0	96671.0	0.1	47.3	161.1
202311	007000000	40	通信費	60000.0	64000.0	59586.0	0.0	93.1	99.3
202311	007000000	41	水道光熱費	140000.0	140000.0	127634.0	0.2	91.1	91.1
202311	007000000	42	事務用品費	33000.0	33000.0	9475.0	0.0	28.7	28.7
202311	007000000	43	消耗品費	70000.0	70000.0	85552.0	0.1	122.2	122.2
202311	007000000	44	廃棄物処理料	330000.0	293000.0	235778.0	0.3	80.4	71.4
202311	007000000	45	広告宣伝費	20000.0	0.0	0.0	0.0	0.0	0.0
202311	007000000	46	接待交際費	30000.0	3000.0	14429.0	0.0	480.9	48.0
202311	007000000	47	賃借料	117500.0	106500.0	106000.0	0.1	99.5	90.2
202311	007000000	48	賃貸料収入	-120000.0	-121000.0	-121000.0	0.0	0.0	0.0
202311	007000000	49	修繕費	200000.0	200000.0	0.0	0.0	0.0	0.0
202311	007000000	50	支払リース料	0.0	4400.0	4400.0	0.0	100.0	0.0
202311	007000000	51	保険料	150000.0	113682.0	113682.0	0.1	100.0	75.7
202311	007000000	52	支払報酬	0.0	0.0	0.0	0.0	0.0	0.0
202311	007000000	53	支払手数料	720000.0	757000.0	63314.0	0.1	8.3	8.7
202311	007000000	54	診断料	0.0	0.0	0.0	0.0	0.0	0.0
202311	007000000	55	諸会費	0.0	0.0	0.0	0.0	0.0	0.0
202311	007000000	56	会議費	5000.0	5000.0	2500.0	0.0	50.0	50.0
202311	007000000	57	寄付金	0.0	0.0	0.0	0.0	0.0	0.0
202311	007000000	58	租税公課	0.0	0.0	0.0	0.0	0.0	0.0
202311	007000000	59	業務委託費	0.0	0.0	0.0	0.0	0.0	0.0
202311	007000000	60	業務受託収入	-50000.0	-53000.0	-133911.0	0.0	0.0	0.0
202311	007000000	61	情報機器利用料	136000.0	144000.0	143880.0	0.2	99.9	105.7
202311	007000000	62	貸倒金	0.0	0.0	0.0	0.0	0.0	0.0
202311	007000000	63	雑費	70000.0	76000.0	74698.0	0.1	98.2	106.7
202311	007000000	64	福利消耗品費	0.0	1000.0	0.0	0.0	0.0	0.0
202311	007000000	65	教育研修費	0.0	0.0	0.0	0.0	0.0	0.0
202311	007000000	66	廃棄損	0.0	0.0	0.0	0.0	0.0	0.0
202311	007000000	67	雑給	0.0	0.0	0.0	0.0	0.0	0.0
202311	007000000	68	社内金利（固定資産）	0.0	0.0	0.0	0.0	0.0	0.0
202311	007000000	69	社内金利（売掛金）	0.0	0.0	0.0	0.0	0.0	0.0
202311	007000000	70	グループ共通	632300.0	637000.0	637000.0	1.0	100.0	100.7
202311	007000000	71	差引収益	34734434.0	23444306.0	19769443.0	32.3	84.3	56.9
202311	007000000	72	差引比率	39.2	36.5	32.3		88.4	82.3
202311	007000000	73	総時間	8742.75	8278.5	7716.5		93.2	88.2
202311	007000000	74	定時間	8120.0	7762.0	7533.25		97.0	92.7
202311	007000000	75	残業時間	559.25	443.0	498.0		112.4	89.0
202311	007000000	76	移動時間	63.5	73.5	-314.75		0.0	0.0
202311	007000000	77	当月時間当り	3972.9	2831.9	2561.9		90.4	64.4
202311	007000000	78	人員	64.0	72.0	71.0		98.6	110.9
202312	007000000	1	総受注高	87647480.0	93983000.0	81656541.0		86.8	93.1
202312	007000000	2	総売上高	87647480.0	93983000.0	81656541.0		86.8	93.1
202312	007000000	3	売上高	88277680.0	94569000.0	82230966.0	100.7	86.9	93.1
202312	007000000	4	グループ売上高	0.0	0.0	0.0	0.0	0.0	0.0
202312	007000000	5	社内売上高	46000000.0	54291440.0	47469935.0	58.1	87.4	103.1
202312	007000000	7	販売奨励金	-630200.0	-586000.0	-574425.0	0.0	0.0	0.0
202312	007000000	8	売上原価	37284080.0	34547000.0	30075912.0	36.8	87.0	80.6
202312	007000000	9	仕入高	5805000.0	15152000.0	11335405.0	13.8	74.8	195.2
202312	007000000	10	グループ仕入高	24138480.0	12230000.0	12193674.0	14.9	99.7	50.5
202312	007000000	11	社内仕入高	46000000.0	54291440.0	47469935.0	58.1	87.4	103.1
202312	007000000	12	荷造運搬費	5068900.0	5265000.0	4596313.0	5.6	87.2	90.6
202312	007000000	13	販売手数料	2271700.0	1900000.0	1950520.0	2.3	102.6	85.8
202312	007000000	14	総収益	50363400.0	59436000.0	51580629.0	63.1	86.7	102.4
202312	007000000	15	経費合計	22166286.0	24914184.0	26349500.0	32.2	105.7	118.8
202312	007000000	16	経費合計（原価）	19678884.0	21374000.0	23193764.0	28.4	108.5	117.8
202312	007000000	17	種苗費*	0.0	0.0	0.0	0.0	0.0	0.0
202312	007000000	18	肥料費*	1170000.0	1527000.0	1443991.0	1.7	94.5	123.4
202312	007000000	19	培土費用*	0.0	0.0	0.0	0.0	0.0	0.0
202312	007000000	20	農薬衛生費*	310000.0	300000.0	271920.0	0.3	90.6	87.7
202312	007000000	21	農具費*	190000.0	52000.0	3833.0	0.0	7.3	2.0
202312	007000000	22	諸材料費*	7720000.0	8034000.0	8974759.0	10.9	111.7	116.2
202312	007000000	23	その他仕入高*	0.0	0.0	0.0	0.0	0.0	0.0
202312	007000000	24	減価償却費*	3748884.0	3749000.0	3767915.0	4.6	100.5	100.5
202312	007000000	25	車両費*	0.0	0.0	0.0	0.0	0.0	0.0
202312	007000000	26	水道光熱費*	160000.0	162000.0	161280.0	0.1	99.5	100.8
202312	007000000	27	動力費*	1860000.0	1440000.0	1439808.0	1.7	99.9	77.4
202312	007000000	28	燃料費*	3010000.0	4048000.0	4901120.0	6.0	121.0	162.8
202312	007000000	29	賃借料*	1240000.0	1249000.0	1248230.0	1.5	99.9	100.6
202312	007000000	30	修繕費*	210000.0	265000.0	261280.0	0.3	98.5	124.4
202312	007000000	31	診断料*	20000.0	113000.0	110082.0	0.1	97.4	550.4
202312	007000000	32	租税公課*	0.0	0.0	0.0	0.0	0.0	0.0
202312	007000000	33	業務委託費*	0.0	0.0	0.0	0.0	0.0	0.0
202312	007000000	34	雑費*	0.0	0.0	106762.0	0.1	0.0	0.0
202312	007000000	35	雑給*	40000.0	435000.0	502784.0	0.6	115.5	
202312	007000000	36	経費合計（販管費）	2487402.0	3540184.0	3155736.0	3.8	89.1	126.8
202312	007000000	37	減価償却費	826212.0	826212.0	845102.0	1.0	102.2	102.2
202312	007000000	38	車両費	357390.0	359390.0	505443.0	0.6	140.6	141.4
202312	007000000	39	旅費交通費	60000.0	90000.0	83437.0	0.1	92.7	139.0
202312	007000000	40	通信費	60000.0	64000.0	51416.0	0.0	80.3	85.6
202312	007000000	41	水道光熱費	200000.0	177000.0	175293.0	0.2	99.0	87.6
202312	007000000	42	事務用品費	33000.0	37000.0	38976.0	0.0	105.3	118.1
202312	007000000	43	消耗品費	100000.0	60000.0	100297.0	0.1	167.1	100.2
202312	007000000	44	廃棄物処理料	230000.0	293000.0	271378.0	0.3	92.6	117.9
202312	007000000	45	広告宣伝費	0.0	0.0	0.0	0.0	0.0	0.0
202312	007000000	46	接待交際費	20000.0	0.0	0.0	0.0	0.0	0.0
202312	007000000	47	賃借料	117500.0	106500.0	106000.0	0.1	99.5	90.2
202312	007000000	48	賃貸料収入	-120000.0	-121000.0	-121000.0	0.0	0.0	0.0
202312	007000000	49	修繕費	0.0	0.0	0.0	0.0	0.0	0.0
202312	007000000	50	支払リース料	0.0	4400.0	4400.0	0.0	100.0	0.0
202312	007000000	51	保険料	150000.0	113682.0	113682.0	0.1	100.0	75.7
202312	007000000	52	支払報酬	0.0	0.0	0.0	0.0	0.0	0.0
202312	007000000	53	支払手数料	110000.0	676000.0	190108.0	0.2	28.1	172.8
202312	007000000	54	診断料	0.0	0.0	0.0	0.0	0.0	0.0
202312	007000000	55	諸会費	0.0	0.0	500.0	0.0	0.0	0.0
202312	007000000	56	会議費	5000.0	0.0	0.0	0.0	0.0	0.0
202312	007000000	57	寄付金	0.0	0.0	0.0	0.0	0.0	0.0
202312	007000000	58	租税公課	0.0	0.0	0.0	0.0	0.0	0.0
202312	007000000	59	業務委託費	0.0	0.0	0.0	0.0	0.0	0.0
202312	007000000	60	業務受託収入	-550000.0	-53000.0	-103956.0	0.0	0.0	0.0
202312	007000000	61	情報機器利用料	136000.0	144000.0	143880.0	0.1	99.9	105.7
202312	007000000	62	貸倒金	0.0	0.0	0.0	0.0	0.0	0.0
202312	007000000	63	雑費	80000.0	86000.0	86180.0	0.1	100.2	107.7
202312	007000000	64	福利消耗品費	30000.0	30000.0	20645.0	0.0	68.8	68.8
202312	007000000	65	教育研修費	10000.0	10000.0	6955.0	0.0	69.5	69.5
202312	007000000	66	廃棄損	0.0	0.0	0.0	0.0	0.0	0.0
202312	007000000	67	雑給	0.0	0.0	0.0	0.0	0.0	0.0
202312	007000000	68	社内金利（固定資産）	0.0	0.0	0.0	0.0	0.0	0.0
202312	007000000	69	社内金利（売掛金）	0.0	0.0	0.0	0.0	0.0	0.0
202312	007000000	70	グループ共通	632300.0	637000.0	637000.0	0.7	100.0	100.7
202312	007000000	71	差引収益	28197114.0	34521816.0	25231129.0	30.8	73.0	89.4
202312	007000000	72	差引比率	32.1	36.7	30.8		83.9	95.9
202312	007000000	73	総時間	6864.0	8012.5	8091.25		100.9	117.8
202312	007000000	74	定時間	6620.0	7546.0	7520.75		99.6	113.6
202312	007000000	75	残業時間	189.25	397.75	500.5		125.8	264.4
202312	007000000	76	移動時間	54.75	68.75	70.0		101.8	127.8
202312	007000000	77	当月時間当り	4107.9	4308.4	3118.3		72.3	75.9
202312	007000000	78	人員	64.0	73.0	73.0		100.0	114.0
202401	007000000	1	総受注高	58021730.0	59647000.0	54240004.0		90.9	93.4
202401	007000000	2	総売上高	58021730.0	59658000.0	54240004.0		90.9	93.4
202401	007000000	3	売上高	58640530.0	60327000.0	54893470.0	101.2	90.9	93.6
202401	007000000	4	グループ売上高	0.0	0.0	0.0	0.0	0.0	0.0
202401	007000000	5	社内売上高	26000000.0	28199920.0	29847571.0	55.0	105.8	114.7
202401	007000000	7	販売奨励金	-618800.0	-669000.0	-653466.0	0.0	0.0	0.0
202401	007000000	8	売上原価	29826444.0	30224780.0	23696669.0	43.6	78.4	79.4
202401	007000000	9	仕入高	5262000.0	13128780.0	8179233.0	15.0	62.3	155.4
202401	007000000	10	グループ仕入高	18918344.0	10621000.0	9197712.0	16.9	86.5	48.6
202401	007000000	11	社内仕入高	26000000.0	28199920.0	29847571.0	55.0	105.8	114.7
202401	007000000	12	荷造運搬費	3446900.0	4000000.0	3818465.0	7.0	95.4	110.7
202401	007000000	13	販売手数料	2199200.0	2475000.0	2501259.0	4.6	101.0	113.7
202401	007000000	14	総収益	28195286.0	29433220.0	30543335.0	56.3	103.7	108.3
202401	007000000	15	経費合計	19106286.0	20055784.0	19099892.0	35.2	95.2	99.9
202401	007000000	16	経費合計（原価）	15548884.0	16951000.0	16157852.0	29.7	95.3	103.9
202401	007000000	17	種苗費*	0.0	0.0	0.0	0.0	0.0	0.0
202401	007000000	18	肥料費*	590000.0	704000.0	941546.0	1.7	133.7	159.5
202401	007000000	19	培土費用*	0.0	0.0	0.0	0.0	0.0	0.0
202401	007000000	20	農薬衛生費*	340000.0	457000.0	476698.0	0.8	104.3	140.2
202401	007000000	21	農具費*	990000.0	422000.0	497162.0	0.9	117.8	50.2
202401	007000000	22	諸材料費*	2730000.0	3407000.0	2326712.0	4.2	68.2	85.2
202401	007000000	23	その他仕入高*	0.0	0.0	0.0	0.0	0.0	0.0
202401	007000000	24	減価償却費*	3748884.0	3749000.0	3767915.0	6.9	100.5	100.5
202401	007000000	25	車両費*	0.0	0.0	0.0	0.0	0.0	0.0
202401	007000000	26	水道光熱費*	160000.0	167000.0	166656.0	0.3	99.7	104.1
202401	007000000	27	動力費*	1880000.0	1642000.0	1641781.0	3.0	99.9	87.3
202401	007000000	28	燃料費*	3440000.0	4051000.0	3929280.0	7.2	96.9	114.2
202401	007000000	29	賃借料*	1240000.0	1249000.0	1248230.0	2.3	99.9	100.6
202401	007000000	30	修繕費*	330000.0	290000.0	275581.0	0.5	95.0	83.5
202401	007000000	31	診断料*	60000.0	52000.0	47300.0	0.0	90.9	78.8
202401	007000000	32	租税公課*	0.0	0.0	0.0	0.0	0.0	0.0
202401	007000000	33	業務委託費*	0.0	0.0	0.0	0.0	0.0	0.0
202401	007000000	34	雑費*	0.0	338000.0	407060.0	0.7	120.4	0.0
202401	007000000	35	雑給*	40000.0	423000.0	431931.0	0.7	102.1	
202401	007000000	36	経費合計（販管費）	3557402.0	3104784.0	2942040.0	5.4	94.7	82.7
202401	007000000	37	減価償却費	826212.0	826212.0	845102.0	1.5	102.2	102.2
202401	007000000	38	車両費	337390.0	432990.0	357368.0	0.6	82.5	105.9
202401	007000000	39	旅費交通費	60000.0	90000.0	22936.0	0.0	25.4	38.2
202401	007000000	40	通信費	60000.0	64000.0	53870.0	0.0	84.1	89.7
202401	007000000	41	水道光熱費	180000.0	180000.0	179260.0	0.3	99.5	99.5
202401	007000000	42	事務用品費	33000.0	33000.0	30281.0	0.0	91.7	91.7
202401	007000000	43	消耗品費	190000.0	110000.0	105106.0	0.1	95.5	55.3
202401	007000000	44	廃棄物処理料	470000.0	293000.0	319055.0	0.5	108.8	67.8
202401	007000000	45	広告宣伝費	20000.0	0.0	0.0	0.0	0.0	0.0
202401	007000000	46	接待交際費	30000.0	0.0	0.0	0.0	0.0	0.0
202401	007000000	47	賃借料	117500.0	106500.0	106000.0	0.1	99.5	90.2
202401	007000000	48	賃貸料収入	-120000.0	-121000.0	-121000.0	0.0	0.0	0.0
202401	007000000	49	修繕費	0.0	0.0	31300.0	0.0	0.0	0.0
202401	007000000	50	支払リース料	0.0	4400.0	4400.0	0.0	100.0	0.0
202401	007000000	51	保険料	150000.0	113682.0	98672.0	0.1	86.7	65.7
202401	007000000	52	支払報酬	0.0	0.0	0.0	0.0	0.0	0.0
202401	007000000	53	支払手数料	300000.0	67000.0	56928.0	0.1	84.9	18.9
202401	007000000	54	診断料	0.0	0.0	0.0	0.0	0.0	0.0
202401	007000000	55	諸会費	0.0	0.0	0.0	0.0	0.0	0.0
202401	007000000	56	会議費	5000.0	0.0	5866.0	0.0	0.0	117.3
202401	007000000	57	寄付金	0.0	0.0	0.0	0.0	0.0	0.0
202401	007000000	58	租税公課	0.0	0.0	4200.0	0.0	0.0	0.0
202401	007000000	59	業務委託費	0.0	0.0	0.0	0.0	0.0	0.0
202401	007000000	60	業務受託収入	-50000.0	-53000.0	-57000.0	0.0	0.0	0.0
202401	007000000	61	情報機器利用料	136000.0	144000.0	143880.0	0.2	99.9	105.7
202401	007000000	62	貸倒金	0.0	0.0	0.0	0.0	0.0	0.0
202401	007000000	63	雑費	180000.0	176000.0	117450.0	0.2	66.7	65.2
202401	007000000	64	福利消耗品費	0.0	1000.0	1366.0	0.0	136.6	0.0
202401	007000000	65	教育研修費	0.0	0.0	0.0	0.0	0.0	0.0
202401	007000000	66	廃棄損	0.0	0.0	0.0	0.0	0.0	0.0
202401	007000000	67	雑給	0.0	0.0	0.0	0.0	0.0	0.0
202401	007000000	68	社内金利（固定資産）	0.0	0.0	0.0	0.0	0.0	0.0
202401	007000000	69	社内金利（売掛金）	0.0	0.0	0.0	0.0	0.0	0.0
202401	007000000	70	グループ共通	632300.0	637000.0	637000.0	1.1	100.0	100.7
202401	007000000	71	差引収益	9089000.0	9377436.0	11443443.0	21.0	122.0	125.9
202401	007000000	72	差引比率	15.6	15.7	21.0		133.7	134.6
202401	007000000	73	総時間	6777.0	7380.5	7275.75		98.5	107.3
202401	007000000	74	定時間	6561.5	7049.0	6943.0		98.4	105.8
202401	007000000	75	残業時間	154.0	260.0	287.0		110.3	186.3
202401	007000000	76	移動時間	61.5	71.5	45.75		63.9	74.3
202401	007000000	77	当月時間当り	1341.1	1270.5	1572.8		123.7	117.2
202401	007000000	78	人員	64.0	71.0	71.0		100.0	110.9
202402	007000000	1	総受注高	59121570.0	44638000.0	41984259.0		94.0	71.0
202402	007000000	2	総売上高	59121570.0	44638000.0	41984259.0		94.0	71.0
202402	007000000	3	売上高	59571270.0	45138000.0	42466191.0	101.1	94.0	71.2
202402	007000000	4	グループ売上高	0.0	0.0	0.0	0.0	0.0	0.0
202402	007000000	5	社内売上高	25000000.0	20722840.0	21367148.0	50.8	103.1	85.4
202402	007000000	7	販売奨励金	-449700.0	-500000.0	-481932.0	0.0	0.0	0.0
202402	007000000	8	売上原価	31090550.0	22893500.0	19841515.0	47.2	86.6	63.8
202402	007000000	9	仕入高	4874000.0	9888000.0	8638651.0	20.5	87.3	177.2
202402	007000000	10	グループ仕入高	21154950.0	8117500.0	6675095.0	15.8	82.2	31.5
202402	007000000	11	社内仕入高	25000000.0	20722840.0	21367148.0	50.8	103.1	85.4
202402	007000000	12	荷造運搬費	3646400.0	3180000.0	2780161.0	6.6	87.4	76.2
202402	007000000	13	販売手数料	1415200.0	1708000.0	1747608.0	4.1	102.3	123.4
202402	007000000	14	総収益	28031020.0	21744500.0	22142744.0	52.7	101.8	78.9
202402	007000000	15	経費合計	24496286.0	24979184.0	24393298.0	58.1	97.6	99.5
202402	007000000	16	経費合計（原価）	20998884.0	21277000.0	20084395.0	47.8	94.3	95.6
202402	007000000	17	種苗費*	4960000.0	4651000.0	4650732.0	11.0	99.9	93.7
202402	007000000	18	肥料費*	1140000.0	1297000.0	1225724.0	2.9	94.5	107.5
202402	007000000	19	培土費用*	0.0	0.0	0.0	0.0	0.0	0.0
202402	007000000	20	農薬衛生費*	360000.0	297000.0	282538.0	0.6	95.1	78.4
202402	007000000	21	農具費*	80000.0	415000.0	288592.0	0.6	69.5	360.7
202402	007000000	22	諸材料費*	3470000.0	3347000.0	3573492.0	8.5	106.7	102.9
202402	007000000	23	その他仕入高*	0.0	0.0	0.0	0.0	0.0	0.0
202402	007000000	24	減価償却費*	3748884.0	3749000.0	3767915.0	8.9	100.5	100.5
202402	007000000	25	車両費*	0.0	0.0	0.0	0.0	0.0	0.0
202402	007000000	26	水道光熱費*	150000.0	150000.0	166656.0	0.3	111.1	111.1
202402	007000000	27	動力費*	1880000.0	1591000.0	1590187.0	3.7	99.9	84.5
202402	007000000	28	燃料費*	3870000.0	3680000.0	2400560.0	5.7	65.2	62.0
202402	007000000	29	賃借料*	1240000.0	1249000.0	1248230.0	2.9	99.9	100.6
202402	007000000	30	修繕費*	40000.0	676000.0	764483.0	1.8	113.0	
202402	007000000	31	診断料*	20000.0	27000.0	47300.0	0.1	175.1	236.5
202402	007000000	32	租税公課*	0.0	0.0	0.0	0.0	0.0	0.0
202402	007000000	33	業務委託費*	0.0	0.0	0.0	0.0	0.0	0.0
202402	007000000	34	雑費*	0.0	100000.0	50000.0	0.1	50.0	0.0
202402	007000000	35	雑給*	40000.0	48000.0	27986.0	0.0	58.3	69.9
202402	007000000	36	経費合計（販管費）	3497402.0	3702184.0	4308903.0	10.2	116.3	123.2
202402	007000000	37	減価償却費	826212.0	826212.0	845102.0	2.0	102.2	102.2
202402	007000000	38	車両費	337390.0	522390.0	485443.0	1.1	92.9	143.8
202402	007000000	39	旅費交通費	60000.0	160000.0	116919.0	0.2	73.0	194.8
202402	007000000	40	通信費	60000.0	64000.0	77600.0	0.1	121.2	129.3
202402	007000000	41	水道光熱費	200000.0	194000.0	193070.0	0.4	99.5	96.5
202402	007000000	42	事務用品費	33000.0	33000.0	11549.0	0.0	34.9	34.9
202402	007000000	43	消耗品費	60000.0	60000.0	9989.0	0.0	16.6	16.6
202402	007000000	44	廃棄物処理料	330000.0	293000.0	194557.0	0.4	66.4	58.9
202402	007000000	45	広告宣伝費	10000.0	0.0	0.0	0.0	0.0	0.0
202402	007000000	46	接待交際費	30000.0	20000.0	10910.0	0.0	54.5	36.3
202402	007000000	47	賃借料	117500.0	106500.0	106000.0	0.2	99.5	90.2
202402	007000000	48	賃貸料収入	-120000.0	-121000.0	-121000.0	0.0	0.0	0.0
202402	007000000	49	修繕費	0.0	0.0	0.0	0.0	0.0	0.0
202402	007000000	50	支払リース料	0.0	4400.0	4400.0	0.0	100.0	0.0
202402	007000000	51	保険料	150000.0	113682.0	128692.0	0.3	113.2	85.7
202402	007000000	52	支払報酬	0.0	0.0	0.0	0.0	0.0	0.0
202402	007000000	53	支払手数料	60000.0	67000.0	486828.0	1.1	726.6	811.3
202402	007000000	54	診断料	0.0	0.0	0.0	0.0	0.0	0.0
202402	007000000	55	諸会費	0.0	0.0	0.0	0.0	0.0	0.0
202402	007000000	56	会議費	5000.0	5000.0	0.0	0.0	0.0	0.0
202402	007000000	57	寄付金	0.0	0.0	0.0	0.0	0.0	0.0
202402	007000000	58	租税公課	0.0	0.0	8010.0	0.0	0.0	0.0
202402	007000000	59	業務委託費	0.0	0.0	0.0	0.0	0.0	0.0
202402	007000000	60	業務受託収入	-50000.0	-53000.0	-120457.0	0.0	0.0	0.0
202402	007000000	61	情報機器利用料	136000.0	144000.0	143880.0	0.3	99.9	105.7
202402	007000000	62	貸倒金	0.0	0.0	0.0	0.0	0.0	0.0
202402	007000000	63	雑費	620000.0	626000.0	1082711.0	2.5	172.9	174.6
202402	007000000	64	福利消耗品費	0.0	0.0	0.0	0.0	0.0	0.0
202402	007000000	65	教育研修費	0.0	0.0	7700.0	0.0	0.0	0.0
202402	007000000	66	廃棄損	0.0	0.0	0.0	0.0	0.0	0.0
202402	007000000	67	雑給	0.0	0.0	0.0	0.0	0.0	0.0
202402	007000000	68	社内金利（固定資産）	0.0	0.0	0.0	0.0	0.0	0.0
202402	007000000	69	社内金利（売掛金）	0.0	0.0	0.0	0.0	0.0	0.0
202402	007000000	70	グループ共通	632300.0	637000.0	637000.0	1.5	100.0	100.7
202402	007000000	71	差引収益	3534734.0	-3234684.0	-2250554.0	0.0	0.0	0.0
202402	007000000	72	差引比率	5.9	-7.2	-5.3		0.0	0.0
202402	007000000	73	総時間	6279.25	6558.25	6499.5		99.1	103.5
202402	007000000	74	定時間	6052.5	6363.5	6277.25		98.6	103.7
202402	007000000	75	残業時間	150.0	130.0	158.5		121.9	105.6
202402	007000000	76	移動時間	76.75	64.75	63.75		98.4	83.0
202402	007000000	77	当月時間当り	562.9	-493.2	-346.2		0.0	0.0
202402	007000000	78	人員	64.0	73.0	71.0		97.2	110.9
202403	007000000	1	総受注高	75043300.0	52481000.0	47818327.0		91.1	63.7
202403	007000000	2	総売上高	75043300.0	52481000.0	47818327.0		91.1	63.7
202403	007000000	3	売上高	75478300.0	52827000.0	48155336.0	100.7	91.1	63.8
202403	007000000	4	グループ売上高	0.0	0.0	0.0	0.0	0.0	0.0
202403	007000000	5	社内売上高	34000000.0	25953280.0	23164837.0	48.4	89.2	68.1
202403	007000000	7	販売奨励金	-435000.0	-346000.0	-337009.0	0.0	0.0	0.0
202403	007000000	8	売上原価	36874600.0	24667000.0	22885309.0	47.8	92.7	62.0
202403	007000000	9	仕入高	4922000.0	9771000.0	9316463.0	19.4	95.3	189.2
202403	007000000	10	グループ仕入高	25882300.0	10166000.0	9125310.0	19.0	89.7	35.2
202403	007000000	11	社内仕入高	34000000.0	25953280.0	23164837.0	48.4	89.2	68.1
202403	007000000	12	荷造運搬費	4698200.0	3490000.0	3211314.0	6.7	92.0	68.3
202403	007000000	13	販売手数料	1372100.0	1240000.0	1232222.0	2.5	99.3	89.8
202403	007000000	14	総収益	38168700.0	27814000.0	24933018.0	52.1	89.6	65.3
202403	007000000	15	経費合計	21697494.0	19214213.0	18342139.0	38.3	95.4	84.5
202403	007000000	16	経費合計（原価）	17900961.0	15840000.0	15195455.0	31.7	95.9	84.8
202403	007000000	17	種苗費*	0.0	0.0	0.0	0.0	0.0	0.0
202403	007000000	18	肥料費*	930000.0	1287000.0	1224723.0	2.5	95.1	131.6
202403	007000000	19	培土費用*	1980000.0	0.0	0.0	0.0	0.0	0.0
202403	007000000	20	農薬衛生費*	490000.0	687000.0	801023.0	1.6	116.5	163.4
202403	007000000	21	農具費*	30000.0	32000.0	54892.0	0.1	171.5	182.9
202403	007000000	22	諸材料費*	4604000.0	3565000.0	3420909.0	7.1	95.9	74.3
202403	007000000	23	その他仕入高*	0.0	0.0	0.0	0.0	0.0	0.0
202403	007000000	24	減価償却費*	3706961.0	3707000.0	3726003.0	7.7	100.5	100.5
202403	007000000	25	車両費*	0.0	0.0	0.0	0.0	0.0	0.0
202403	007000000	26	水道光熱費*	160000.0	150000.0	155904.0	0.3	103.9	97.4
202403	007000000	27	動力費*	1580000.0	1550000.0	1314266.0	2.7	84.7	83.1
202403	007000000	28	燃料費*	3010000.0	3128000.0	3200400.0	6.6	102.3	106.3
202403	007000000	29	賃借料*	1240000.0	1249000.0	1248241.0	2.6	99.9	100.6
202403	007000000	30	修繕費*	110000.0	110000.0	1071.0	0.0	0.9	0.9
202403	007000000	31	診断料*	20000.0	27000.0	22000.0	0.0	81.4	110.0
202403	007000000	32	租税公課*	0.0	0.0	0.0	0.0	0.0	0.0
202403	007000000	33	業務委託費*	0.0	0.0	0.0	0.0	0.0	0.0
202403	007000000	34	雑費*	0.0	300000.0	0.0	0.0	0.0	0.0
202403	007000000	35	雑給*	40000.0	48000.0	26023.0	0.0	54.2	65.0
202403	007000000	36	経費合計（販管費）	3796533.0	3374213.0	3146684.0	6.5	93.2	82.8
202403	007000000	37	減価償却費	826441.0	826441.0	845331.0	1.7	102.2	102.2
202403	007000000	38	車両費	357390.0	336390.0	288625.0	0.6	85.8	80.7
202403	007000000	39	旅費交通費	60000.0	130000.0	112609.0	0.2	86.6	187.6
202403	007000000	40	通信費	60000.0	64000.0	60980.0	0.1	95.2	101.6
202403	007000000	41	水道光熱費	150000.0	150000.0	142862.0	0.2	95.2	95.2
202403	007000000	42	事務用品費	34542.0	33000.0	32238.0	0.0	97.6	93.3
202403	007000000	43	消耗品費	70000.0	70000.0	454014.0	0.9	648.5	648.5
202403	007000000	44	廃棄物処理料	360000.0	506000.0	376789.0	0.7	74.4	104.6
202403	007000000	45	広告宣伝費	0.0	0.0	0.0	0.0	0.0	0.0
202403	007000000	46	接待交際費	22360.0	0.0	0.0	0.0	0.0	0.0
202403	007000000	47	賃借料	117500.0	106500.0	106000.0	0.2	99.5	90.2
202403	007000000	48	賃貸料収入	-120000.0	-121000.0	-121000.0	0.0	0.0	0.0
202403	007000000	49	修繕費	345000.0	358000.0	13298.0	0.0	3.7	3.8
202403	007000000	50	支払リース料	0.0	4400.0	4400.0	0.0	100.0	0.0
202403	007000000	51	保険料	150000.0	129482.0	129482.0	0.2	100.0	86.3
202403	007000000	52	支払報酬	0.0	0.0	0.0	0.0	0.0	0.0
202403	007000000	53	支払手数料	100000.0	107000.0	90278.0	0.1	84.3	90.2
202403	007000000	54	診断料	0.0	0.0	0.0	0.0	0.0	0.0
202403	007000000	55	諸会費	0.0	0.0	0.0	0.0	0.0	0.0
202403	007000000	56	会議費	5000.0	0.0	0.0	0.0	0.0	0.0
202403	007000000	57	寄付金	0.0	0.0	0.0	0.0	0.0	0.0
202403	007000000	58	租税公課	0.0	0.0	0.0	0.0	0.0	0.0
202403	007000000	59	業務委託費	0.0	0.0	0.0	0.0	0.0	0.0
202403	007000000	60	業務受託収入	-50000.0	-203000.0	-251546.0	0.0	0.0	0.0
202403	007000000	61	情報機器利用料	136000.0	144000.0	143880.0	0.3	99.9	105.7
202403	007000000	62	貸倒金	0.0	0.0	0.0	0.0	0.0	0.0
202403	007000000	63	雑費	530000.0	86000.0	75081.0	0.1	87.3	14.1
202403	007000000	64	福利消耗品費	0.0	0.0	0.0	0.0	0.0	0.0
202403	007000000	65	教育研修費	10000.0	10000.0	6363.0	0.0	63.6	63.6
202403	007000000	66	廃棄損	0.0	0.0	0.0	0.0	0.0	0.0
202403	007000000	67	雑給	0.0	0.0	0.0	0.0	0.0	0.0
202403	007000000	68	社内金利（固定資産）	0.0	0.0	0.0	0.0	0.0	0.0
202403	007000000	69	社内金利（売掛金）	0.0	0.0	0.0	0.0	0.0	0.0
202403	007000000	70	グループ共通	632300.0	637000.0	637000.0	1.3	100.0	100.7
202403	007000000	71	差引収益	16471206.0	8599787.0	6590879.0	13.7	76.6	40.0
202403	007000000	72	差引比率	21.9	16.3	13.7		84.0	62.5
202403	007000000	73	総時間	7818.5	7410.75	6909.25		93.2	88.3
202403	007000000	74	定時間	7557.75	7186.0	6736.0		93.7	89.1
202403	007000000	75	残業時間	198.0	172.0	123.5		71.8	62.3
202403	007000000	76	移動時間	62.75	52.75	49.75		94.3	79.2
202403	007000000	77	当月時間当り	2106.6	1160.4	953.9		82.2	45.2
202403	007000000	78	人員	64.0	73.0	71.0		97.2	110.9
202404	007000000	1	総受注高	63543000.0	58938560.0	59926730.0		101.6	94.3
202404	007000000	2	総売上高	63543000.0	58938560.0	59926730.0		101.6	94.3
202404	007000000	3	売上高	63966000.0	59323960.0	60303396.0	100.6	101.6	94.2
202404	007000000	4	グループ売上高	0.0	0.0	0.0	0.0	0.0	0.0
202404	007000000	5	社内売上高	38000000.0	33658099.0	35387852.0	59.0	105.1	93.1
202404	007000000	7	販売奨励金	-423000.0	-385400.0	-376666.0	0.0	0.0	0.0
202404	007000000	8	売上原価	21821000.0	19735250.0	19197073.0	32.0	97.2	87.9
202404	007000000	9	仕入高	3117000.0	3117000.0	4079621.0	6.8	130.8	130.8
202404	007000000	10	グループ仕入高	11412000.0	11824350.0	10366514.0	17.2	87.6	90.8
202404	007000000	11	社内仕入高	38000000.0	33658099.0	35387852.0	59.0	105.1	93.1
202404	007000000	12	荷造運搬費	3532000.0	2980000.0	2883533.0	4.8	96.7	81.6
202404	007000000	13	販売手数料	3760000.0	1813900.0	1867405.0	3.1	102.9	49.6
202404	007000000	14	総収益	41722000.0	39203310.0	40729657.0	67.9	103.8	97.6
202404	007000000	15	経費合計	21791180.0	20439380.0	21984174.0	36.6	107.5	100.8
202404	007000000	16	経費合計（原価）	17428315.0	16152315.0	18022349.0	30.0	111.5	103.4
202404	007000000	17	種苗費*	0.0	0.0	0.0	0.0	0.0	0.0
202404	007000000	18	肥料費*	1464000.0	1464000.0	1695295.0	2.8	115.7	115.7
202404	007000000	19	培土費用*	0.0	0.0	2187832.0	3.6	0.0	0.0
202404	007000000	20	農薬衛生費*	390000.0	390000.0	140502.0	0.2	36.0	36.0
202404	007000000	21	農具費*	164000.0	110000.0	94799.0	0.1	86.1	57.8
202404	007000000	22	諸材料費*	7642000.0	6622000.0	6411782.0	10.6	96.8	83.9
202404	007000000	23	その他仕入高*	0.0	0.0	0.0	0.0	0.0	0.0
202404	007000000	24	減価償却費*	3172085.0	3172085.0	3172085.0	5.2	100.0	100.0
202404	007000000	25	車両費*	0.0	0.0	0.0	0.0	0.0	0.0
202404	007000000	26	水道光熱費*	165000.0	165000.0	166656.0	0.2	101.0	101.0
202404	007000000	27	動力費*	1260000.0	1601000.0	1600509.0	2.6	99.9	127.0
202404	007000000	28	燃料費*	1080000.0	1080000.0	1082400.0	1.8	100.2	100.2
202404	007000000	29	賃借料*	1248230.0	1248230.0	1248241.0	2.0	100.0	100.0
202404	007000000	30	修繕費*	660000.0	185000.0	186750.0	0.3	100.9	28.2
202404	007000000	31	診断料*	0.0	0.0	3000.0	0.0	0.0	0.0
202404	007000000	32	租税公課*	0.0	0.0	0.0	0.0	0.0	0.0
202404	007000000	33	業務委託費*	0.0	0.0	0.0	0.0	0.0	0.0
202404	007000000	34	雑費*	0.0	0.0	0.0	0.0	0.0	0.0
202404	007000000	35	雑給*	183000.0	115000.0	32498.0	0.0	28.2	17.7
202404	007000000	36	経費合計（販管費）	4362865.0	4287065.0	3961825.0	6.6	92.4	90.8
202404	007000000	37	減価償却費	843862.0	843862.0	843862.0	1.4	100.0	100.0
202404	007000000	38	車両費	327590.0	307590.0	330299.0	0.5	107.3	100.8
202404	007000000	39	旅費交通費	100000.0	90000.0	53978.0	0.0	59.9	53.9
202404	007000000	40	通信費	67147.0	67147.0	58682.0	0.0	87.3	87.3
202404	007000000	41	水道光熱費	150000.0	193000.0	191114.0	0.3	99.0	127.4
202404	007000000	42	事務用品費	35000.0	35000.0	18888.0	0.0	53.9	53.9
202404	007000000	43	消耗品費	280000.0	276200.0	64205.0	0.1	23.2	22.9
202404	007000000	44	廃棄物処理料	367000.0	367000.0	293736.0	0.4	80.0	80.0
202404	007000000	45	広告宣伝費	10000.0	0.0	0.0	0.0	0.0	0.0
202404	007000000	46	接待交際費	30000.0	5000.0	0.0	0.0	0.0	0.0
202404	007000000	47	賃借料	99000.0	99000.0	98727.0	0.1	99.7	99.7
202404	007000000	48	賃貸料収入	-101000.0	-101000.0	-101000.0	0.0	0.0	0.0
202404	007000000	49	修繕費	50000.0	0.0	0.0	0.0	0.0	0.0
202404	007000000	50	支払リース料	4400.0	4400.0	4400.0	0.0	100.0	100.0
202404	007000000	51	保険料	160166.0	160166.0	161738.0	0.2	100.9	100.9
202404	007000000	52	支払報酬	0.0	0.0	0.0	0.0	0.0	0.0
202404	007000000	53	支払手数料	1171000.0	1171000.0	1179618.0	1.9	100.7	100.7
202404	007000000	54	診断料	24000.0	24000.0	19000.0	0.0	79.1	79.1
202404	007000000	55	諸会費	500.0	500.0	500.0	0.0	100.0	100.0
202404	007000000	56	会議費	5000.0	5000.0	0.0	0.0	0.0	0.0
202404	007000000	57	寄付金	0.0	0.0	0.0	0.0	0.0	0.0
202404	007000000	58	租税公課	0.0	0.0	0.0	0.0	0.0	0.0
202404	007000000	59	業務委託費	0.0	0.0	0.0	0.0	0.0	0.0
202404	007000000	60	業務受託収入	-85000.0	-85000.0	-61000.0	0.0	0.0	0.0
202404	007000000	61	情報機器利用料	135200.0	135200.0	135200.0	0.2	100.0	100.0
202404	007000000	62	貸倒金	0.0	0.0	0.0	0.0	0.0	0.0
202404	007000000	63	雑費	96000.0	96000.0	76878.0	0.1	80.0	80.0
202404	007000000	64	福利消耗品費	0.0	0.0	0.0	0.0	0.0	0.0
202404	007000000	65	教育研修費	0.0	0.0	0.0	0.0	0.0	0.0
202404	007000000	66	廃棄損	0.0	0.0	0.0	0.0	0.0	0.0
202404	007000000	67	雑給	0.0	0.0	0.0	0.0	0.0	0.0
202404	007000000	68	社内金利（固定資産）	0.0	0.0	0.0	0.0	0.0	0.0
202404	007000000	69	社内金利（売掛金）	0.0	0.0	0.0	0.0	0.0	0.0
202404	007000000	70	グループ共通	593000.0	593000.0	593000.0	0.9	100.0	100.0
202404	007000000	71	差引収益	19930820.0	18763930.0	18745483.0	31.2	99.9	94.0
202404	007000000	72	差引比率	31.3	31.8	31.2		98.1	99.6
202404	007000000	73	総時間	8045.75	7671.75	7674.75		100.0	95.3
202404	007000000	74	定時間	7768.75	7420.75	7318.5		98.6	94.2
202404	007000000	75	残業時間	225.0	199.0	304.25		152.8	135.2
202404	007000000	76	移動時間	52.0	52.0	52.0		100.0	100.0
202404	007000000	77	当月時間当り	2477.1	2445.8	2442.4		99.8	98.5
202404	007000000	78	人員	73.0	70.0	68.0		97.1	93.1
202405	007000000	1	総受注高	77436000.0	68692600.0	73823691.0		107.4	95.3
202405	007000000	2	総売上高	77436000.0	68692600.0	73823691.0		107.4	95.3
202405	007000000	3	売上高	77979000.0	69200600.0	74317891.0	100.6	107.3	95.3
202405	007000000	4	グループ売上高	0.0	0.0	0.0	0.0	0.0	0.0
202405	007000000	5	社内売上高	48500000.0	41624115.0	46866433.0	63.4	112.5	96.6
202405	007000000	7	販売奨励金	-543000.0	-508000.0	-494200.0	0.0	0.0	0.0
202405	007000000	8	売上原価	24090000.0	22996500.0	22165334.0	30.0	96.3	92.0
202405	007000000	9	仕入高	3357000.0	3288500.0	4538055.0	6.1	137.9	135.1
202405	007000000	10	グループ仕入高	12193000.0	12431000.0	10254463.0	13.8	82.4	84.1
202405	007000000	11	社内仕入高	48500000.0	41624115.0	46773673.0	63.3	112.3	96.4
202405	007000000	12	荷造運搬費	4552000.0	3958000.0	4132584.0	5.5	104.4	90.7
202405	007000000	13	販売手数料	3988000.0	3319000.0	3240232.0	4.3	97.6	81.2
202405	007000000	14	総収益	53346000.0	45696100.0	51658357.0	69.9	113.0	96.8
202405	007000000	15	経費合計	37401680.0	33013552.0	32812137.0	44.4	99.3	87.7
202405	007000000	16	経費合計（原価）	27597315.0	23319315.0	21610746.0	29.2	92.6	78.3
202405	007000000	17	種苗費*	0.0	0.0	0.0	0.0	0.0	0.0
202405	007000000	18	肥料費*	1473000.0	1473000.0	1678574.0	2.2	113.9	113.9
202405	007000000	19	培土費用*	5830000.0	3640000.0	1009476.0	1.3	27.7	17.3
202405	007000000	20	農薬衛生費*	650000.0	615000.0	726409.0	0.9	118.1	111.7
202405	007000000	21	農具費*	417000.0	729000.0	400224.0	0.5	54.9	95.9
202405	007000000	22	諸材料費*	6817000.0	5044000.0	6376144.0	8.6	126.4	93.5
202405	007000000	23	その他仕入高*	0.0	0.0	0.0	0.0	0.0	0.0
202405	007000000	24	減価償却費*	3172085.0	3172085.0	3172085.0	4.2	100.0	100.0
202405	007000000	25	車両費*	0.0	0.0	0.0	0.0	0.0	0.0
202405	007000000	26	水道光熱費*	165000.0	180000.0	161280.0	0.2	89.6	97.7
202405	007000000	27	動力費*	1246000.0	1276000.0	1276115.0	1.7	100.0	102.4
202405	007000000	28	燃料費*	720000.0	720000.0	357200.0	0.4	49.6	49.6
202405	007000000	29	賃借料*	1248230.0	1248230.0	1248230.0	1.6	100.0	100.0
202405	007000000	30	修繕費*	720000.0	1100000.0	1160939.0	1.5	105.5	161.2
202405	007000000	31	診断料*	0.0	0.0	-3000.0	0.0	0.0	0.0
202405	007000000	32	租税公課*	0.0	0.0	0.0	0.0	0.0	0.0
202405	007000000	33	業務委託費*	0.0	0.0	0.0	0.0	0.0	0.0
202405	007000000	34	雑費*	4200000.0	3010000.0	3050800.0	4.1	101.3	72.6
202405	007000000	35	雑給*	939000.0	1112000.0	996270.0	1.3	89.5	106.0
202405	007000000	36	経費合計（販管費）	9804365.0	9694237.0	11201391.0	15.1	115.5	114.2
202405	007000000	37	減価償却費	843862.0	843862.0	978520.0	1.3	115.9	115.9
202405	007000000	38	車両費	386590.0	386590.0	354061.0	0.4	91.5	91.5
202405	007000000	39	旅費交通費	100000.0	100000.0	443142.0	0.6	443.1	443.1
202405	007000000	40	通信費	67147.0	67147.0	55031.0	0.0	81.9	81.9
202405	007000000	41	水道光熱費	120000.0	140000.0	138131.0	0.1	98.6	115.1
202405	007000000	42	事務用品費	35000.0	45000.0	27114.0	0.0	60.2	77.4
202405	007000000	43	消耗品費	60000.0	264872.0	175580.0	0.2	66.2	292.6
202405	007000000	44	廃棄物処理料	402000.0	402000.0	921955.0	1.2	229.3	229.3
202405	007000000	45	広告宣伝費	10000.0	12000.0	10000.0	0.0	83.3	100.0
202405	007000000	46	接待交際費	30000.0	0.0	0.0	0.0	0.0	0.0
202405	007000000	47	賃借料	99000.0	99000.0	98727.0	0.1	99.7	99.7
202405	007000000	48	賃貸料収入	-101000.0	-101000.0	-101000.0	0.0	0.0	0.0
202405	007000000	49	修繕費	350000.0	0.0	0.0	0.0	0.0	0.0
202405	007000000	50	支払リース料	4400.0	4400.0	4400.0	0.0	100.0	100.0
202405	007000000	51	保険料	115166.0	115166.0	115168.0	0.1	100.0	100.0
202405	007000000	52	支払報酬	0.0	0.0	0.0	0.0	0.0	0.0
202405	007000000	53	支払手数料	67000.0	67000.0	258078.0	0.3	385.1	385.1
202405	007000000	54	診断料	183000.0	166000.0	144182.0	0.1	86.8	78.7
202405	007000000	55	諸会費	9000.0	9000.0	5000.0	0.0	55.5	55.5
202405	007000000	56	会議費	5000.0	5000.0	1964.0	0.0	39.2	39.2
202405	007000000	57	寄付金	0.0	0.0	0.0	0.0	0.0	0.0
202405	007000000	58	租税公課	5753000.0	5753000.0	6434500.0	8.7	111.8	111.8
202405	007000000	59	業務委託費	0.0	0.0	0.0	0.0	0.0	0.0
202405	007000000	60	業務受託収入	-85000.0	-125000.0	-157000.0	0.0	0.0	0.0
202405	007000000	61	情報機器利用料	135200.0	135200.0	135200.0	0.1	100.0	100.0
202405	007000000	62	貸倒金	0.0	0.0	0.0	0.0	0.0	0.0
202405	007000000	63	雑費	572000.0	672000.0	563868.0	0.7	83.9	98.5
202405	007000000	64	福利消耗品費	50000.0	40000.0	1770.0	0.0	4.4	3.5
202405	007000000	65	教育研修費	0.0	0.0	0.0	0.0	0.0	0.0
202405	007000000	66	廃棄損	0.0	0.0	0.0	0.0	0.0	0.0
202405	007000000	67	雑給	0.0	0.0	0.0	0.0	0.0	0.0
202405	007000000	68	社内金利（固定資産）	0.0	0.0	0.0	0.0	0.0	0.0
202405	007000000	69	社内金利（売掛金）	0.0	0.0	0.0	0.0	0.0	0.0
202405	007000000	70	グループ共通	593000.0	593000.0	593000.0	0.8	100.0	100.0
202405	007000000	71	差引収益	15944320.0	12682548.0	18846220.0	25.5	148.5	118.2
202405	007000000	72	差引比率	20.5	18.4	25.5		138.5	124.3
202405	007000000	73	総時間	8882.0	8981.0	9093.0		101.2	102.3
202405	007000000	74	定時間	8380.25	8527.25	8399.25		98.4	100.2
202405	007000000	75	残業時間	449.0	401.0	641.0		159.8	142.7
202405	007000000	76	移動時間	52.75	52.75	52.75		100.0	100.0
202405	007000000	77	当月時間当り	1795.1	1412.1	2072.6		146.7	115.4
202405	007000000	78	人員	73.0	75.0	70.0		93.3	95.8
202406	007000000	1	総受注高	70067000.0	78357240.0	78498289.0		100.1	112.0
202406	007000000	2	総売上高	70067000.0	78357240.0	78498289.0		100.1	112.0
202406	007000000	3	売上高	70659000.0	78989240.0	79113035.0	100.7	100.1	111.9
202406	007000000	4	グループ売上高	0.0	0.0	0.0	0.0	0.0	0.0
202406	007000000	5	社内売上高	42700000.0	50573323.0	50126965.0	63.8	99.1	117.3
202406	007000000	7	販売奨励金	-592000.0	-632000.0	-614746.0	0.0	0.0	0.0
202406	007000000	8	売上原価	23883000.0	23010000.0	22714977.0	28.9	98.7	95.1
202406	007000000	9	仕入高	3713000.0	3713000.0	5366610.0	6.8	144.5	144.5
202406	007000000	10	グループ仕入高	11591000.0	11213000.0	9738670.0	12.4	86.8	84.0
202406	007000000	11	社内仕入高	42700000.0	50573323.0	50126965.0	63.8	99.1	117.3
202406	007000000	12	荷造運搬費	4141000.0	4000000.0	3516881.0	4.4	87.9	84.9
202406	007000000	13	販売手数料	4438000.0	4084000.0	4092816.0	5.2	100.2	92.2
202406	007000000	14	総収益	46184000.0	55347240.0	55783312.0	71.0	100.7	120.7
202406	007000000	15	経費合計	24113180.0	23333180.0	24138230.0	30.7	103.4	100.1
202406	007000000	16	経費合計（原価）	19444315.0	19155315.0	19955310.0	25.4	104.1	102.6
202406	007000000	17	種苗費*	2320000.0	2311000.0	2310880.0	2.9	99.9	99.6
202406	007000000	18	肥料費*	1536000.0	1536000.0	1405406.0	1.7	91.4	91.4
202406	007000000	19	培土費用*	0.0	0.0	0.0	0.0	0.0	0.0
202406	007000000	20	農薬衛生費*	230000.0	230000.0	371874.0	0.4	161.6	161.6
202406	007000000	21	農具費*	39000.0	347000.0	397970.0	0.5	114.6	
202406	007000000	22	諸材料費*	7996000.0	7132000.0	7912698.0	10.0	110.9	98.9
202406	007000000	23	その他仕入高*	0.0	0.0	0.0	0.0	0.0	0.0
202406	007000000	24	減価償却費*	3172085.0	3172085.0	3172085.0	4.0	100.0	100.0
202406	007000000	25	車両費*	0.0	0.0	0.0	0.0	0.0	0.0
202406	007000000	26	水道光熱費*	170000.0	180000.0	166656.0	0.2	92.5	98.0
202406	007000000	27	動力費*	1030000.0	1036000.0	1180413.0	1.5	113.9	114.6
202406	007000000	28	燃料費*	0.0	0.0	0.0	0.0	0.0	0.0
202406	007000000	29	賃借料*	1248230.0	1248230.0	1248230.0	1.5	100.0	100.0
202406	007000000	30	修繕費*	1160000.0	410000.0	24000.0	0.0	5.8	2.0
202406	007000000	31	診断料*	0.0	0.0	0.0	0.0	0.0	0.0
202406	007000000	32	租税公課*	0.0	0.0	0.0	0.0	0.0	0.0
202406	007000000	33	業務委託費*	0.0	0.0	0.0	0.0	0.0	0.0
202406	007000000	34	雑費*	240000.0	574000.0	275000.0	0.3	47.9	114.5
202406	007000000	35	雑給*	303000.0	979000.0	1490098.0	1.8	152.2	491.7
202406	007000000	36	経費合計（販管費）	4668865.0	4177865.0	4182920.0	5.3	100.1	89.5
202406	007000000	37	減価償却費	909862.0	909862.0	978520.0	1.2	107.5	107.5
202406	007000000	38	車両費	361590.0	361590.0	297357.0	0.3	82.2	82.2
202406	007000000	39	旅費交通費	690000.0	320000.0	248919.0	0.3	77.7	36.0
202406	007000000	40	通信費	67147.0	67147.0	55917.0	0.0	83.2	83.2
202406	007000000	41	水道光熱費	130000.0	130000.0	146581.0	0.1	112.7	112.7
202406	007000000	42	事務用品費	35000.0	35000.0	27620.0	0.0	78.9	78.9
202406	007000000	43	消耗品費	53000.0	455000.0	557008.0	0.7	122.4	
202406	007000000	44	廃棄物処理料	956000.0	332000.0	308059.0	0.3	92.7	32.2
202406	007000000	45	広告宣伝費	10000.0	0.0	0.0	0.0	0.0	0.0
202406	007000000	46	接待交際費	30000.0	0.0	1200.0	0.0	0.0	4.0
202406	007000000	47	賃借料	99000.0	99000.0	98727.0	0.1	99.7	99.7
202406	007000000	48	賃貸料収入	-101000.0	-101000.0	-101000.0	0.0	0.0	0.0
202406	007000000	49	修繕費	300000.0	560000.0	620000.0	0.7	110.7	206.6
202406	007000000	50	支払リース料	4400.0	4400.0	4400.0	0.0	100.0	100.0
202406	007000000	51	保険料	115166.0	115166.0	115168.0	0.1	100.0	100.0
202406	007000000	52	支払報酬	0.0	0.0	0.0	0.0	0.0	0.0
202406	007000000	53	支払手数料	127000.0	67000.0	48002.0	0.0	71.6	37.7
202406	007000000	54	診断料	14000.0	14000.0	0.0	0.0	0.0	0.0
202406	007000000	55	諸会費	500.0	500.0	0.0	0.0	0.0	0.0
202406	007000000	56	会議費	5000.0	5000.0	0.0	0.0	0.0	0.0
202406	007000000	57	寄付金	0.0	0.0	0.0	0.0	0.0	0.0
202406	007000000	58	租税公課	0.0	0.0	81.0	0.0	0.0	0.0
202406	007000000	59	業務委託費	0.0	0.0	0.0	0.0	0.0	0.0
202406	007000000	60	業務受託収入	-85000.0	-85000.0	-132273.0	0.0	0.0	0.0
202406	007000000	61	情報機器利用料	135200.0	135200.0	135200.0	0.1	100.0	100.0
202406	007000000	62	貸倒金	0.0	0.0	0.0	0.0	0.0	0.0
202406	007000000	63	雑費	209000.0	160000.0	180434.0	0.2	112.7	86.3
202406	007000000	64	福利消耗品費	0.0	0.0	0.0	0.0	0.0	0.0
202406	007000000	65	教育研修費	10000.0	0.0	0.0	0.0	0.0	0.0
202406	007000000	66	廃棄損	0.0	0.0	0.0	0.0	0.0	0.0
202406	007000000	67	雑給	0.0	0.0	0.0	0.0	0.0	0.0
202406	007000000	68	社内金利（固定資産）	0.0	0.0	0.0	0.0	0.0	0.0
202406	007000000	69	社内金利（売掛金）	0.0	0.0	0.0	0.0	0.0	0.0
202406	007000000	70	グループ共通	593000.0	593000.0	593000.0	0.7	100.0	100.0
202406	007000000	71	差引収益	22070820.0	32014060.0	31645082.0	40.3	98.8	143.3
202406	007000000	72	差引比率	31.4	40.8	40.3		98.7	128.3
202406	007000000	73	総時間	8061.25	8551.25	8380.5		98.0	103.9
202406	007000000	74	定時間	7732.0	7929.0	7653.25		96.5	98.9
202406	007000000	75	残業時間	282.0	585.0	684.0		116.9	242.5
202406	007000000	76	移動時間	47.25	37.25	43.25		116.1	91.5
202406	007000000	77	当月時間当り	2737.8	3743.7	3776.0		100.8	137.9
202406	007000000	78	人員	73.0	75.0	75.0		100.0	102.7
202407	007000000	1	総受注高	45692000.0	52195000.0	54757458.0		104.9	119.8
202407	007000000	2	総売上高	45692000.0	52195000.0	54757458.0		104.9	119.8
202407	007000000	3	売上高	46283000.0	52851000.0	55397367.0	101.1	104.8	119.6
202407	007000000	4	グループ売上高	0.0	0.0	0.0	0.0	0.0	0.0
202407	007000000	5	社内売上高	28400000.0	35213390.0	38181704.0	69.7	108.4	134.4
202407	007000000	7	販売奨励金	-591000.0	-656000.0	-639909.0	0.0	0.0	0.0
202407	007000000	8	売上原価	16907000.0	15833300.0	15596295.0	28.4	98.5	92.2
202407	007000000	9	仕入高	4078000.0	4160000.0	4067956.0	7.4	97.7	99.7
202407	007000000	10	グループ仕入高	6130000.0	3891300.0	3738560.0	6.8	96.0	60.9
202407	007000000	11	社内仕入高	28400000.0	35213390.0	38181704.0	69.7	108.4	134.4
202407	007000000	12	荷造運搬費	2557000.0	3004000.0	2983060.0	5.4	99.3	116.6
202407	007000000	13	販売手数料	4142000.0	4778000.0	4806719.0	8.7	100.6	116.0
202407	007000000	14	総収益	28785000.0	36361700.0	39161163.0	71.5	107.6	136.0
202407	007000000	15	経費合計	18499680.0	19673338.0	19109345.0	34.8	97.1	103.2
202407	007000000	16	経費合計（原価）	15145315.0	15995315.0	15912905.0	29.0	99.4	105.0
202407	007000000	17	種苗費*	1120000.0	0.0	1053.0	0.0	0.0	0.0
202407	007000000	18	肥料費*	1232000.0	1232000.0	1544530.0	2.8	125.3	125.3
202407	007000000	19	培土費用*	0.0	0.0	0.0	0.0	0.0	0.0
202407	007000000	20	農薬衛生費*	360000.0	330000.0	526327.0	0.9	159.4	146.2
202407	007000000	21	農具費*	108000.0	2241000.0	536450.0	0.9	23.9	496.7
202407	007000000	22	諸材料費*	5387000.0	5137000.0	5605077.0	10.2	109.1	104.0
202407	007000000	23	その他仕入高*	0.0	0.0	0.0	0.0	0.0	0.0
202407	007000000	24	減価償却費*	3172085.0	3172085.0	3172085.0	5.7	100.0	100.0
202407	007000000	25	車両費*	0.0	0.0	0.0	0.0	0.0	0.0
202407	007000000	26	水道光熱費*	170000.0	180000.0	161280.0	0.2	89.6	94.8
202407	007000000	27	動力費*	1630000.0	1194000.0	1193651.0	2.1	99.9	73.2
202407	007000000	28	燃料費*	0.0	0.0	0.0	0.0	0.0	0.0
202407	007000000	29	賃借料*	1248230.0	1248230.0	1248230.0	2.2	100.0	100.0
202407	007000000	30	修繕費*	560000.0	102000.0	578330.0	1.0	566.9	103.2
202407	007000000	31	診断料*	0.0	0.0	0.0	0.0	0.0	0.0
202407	007000000	32	租税公課*	0.0	0.0	0.0	0.0	0.0	0.0
202407	007000000	33	業務委託費*	0.0	0.0	0.0	0.0	0.0	0.0
202407	007000000	34	雑費*	0.0	579000.0	400643.0	0.7	69.1	0.0
202407	007000000	35	雑給*	158000.0	580000.0	945249.0	1.7	162.9	598.2
202407	007000000	36	経費合計（販管費）	3354365.0	3678023.0	3196440.0	5.8	86.9	95.2
202407	007000000	37	減価償却費	909862.0	978520.0	978520.0	1.7	100.0	107.5
202407	007000000	38	車両費	357590.0	357590.0	299354.0	0.5	83.7	83.7
202407	007000000	39	旅費交通費	100000.0	100000.0	65766.0	0.1	65.7	65.7
202407	007000000	40	通信費	67147.0	67147.0	59749.0	0.1	88.9	88.9
202407	007000000	41	水道光熱費	100000.0	130000.0	129641.0	0.2	99.7	129.6
202407	007000000	42	事務用品費	35000.0	35000.0	22327.0	0.0	63.7	63.7
202407	007000000	43	消耗品費	65000.0	65000.0	99425.0	0.1	152.9	152.9
202407	007000000	44	廃棄物処理料	293000.0	367000.0	383878.0	0.7	104.5	131.0
202407	007000000	45	広告宣伝費	10000.0	0.0	0.0	0.0	0.0	0.0
202407	007000000	46	接待交際費	30000.0	0.0	0.0	0.0	0.0	0.0
202407	007000000	47	賃借料	99000.0	99000.0	98727.0	0.1	99.7	99.7
202407	007000000	48	賃貸料収入	-101000.0	-101000.0	-101000.0	0.0	0.0	0.0
202407	007000000	49	修繕費	50000.0	225000.0	170000.0	0.3	75.5	340.0
202407	007000000	50	支払リース料	4400.0	4400.0	4400.0	0.0	100.0	100.0
202407	007000000	51	保険料	115166.0	115166.0	115168.0	0.2	100.0	100.0
202407	007000000	52	支払報酬	369000.0	374000.0	314679.0	0.5	84.1	85.2
202407	007000000	53	支払手数料	67000.0	67000.0	47028.0	0.0	70.1	70.1
202407	007000000	54	診断料	29000.0	29000.0	38500.0	0.0	132.7	132.7
202407	007000000	55	諸会費	0.0	0.0	0.0	0.0	0.0	0.0
202407	007000000	56	会議費	5000.0	5000.0	0.0	0.0	0.0	0.0
202407	007000000	57	寄付金	0.0	0.0	0.0	0.0	0.0	0.0
202407	007000000	58	租税公課	10000.0	10000.0	0.0	0.0	0.0	0.0
202407	007000000	59	業務委託費	0.0	0.0	0.0	0.0	0.0	0.0
202407	007000000	60	業務受託収入	-85000.0	-85000.0	-370639.0	0.0	0.0	0.0
202407	007000000	61	情報機器利用料	135200.0	135200.0	123320.0	0.2	91.2	91.2
202407	007000000	62	貸倒金	0.0	0.0	0.0	0.0	0.0	0.0
202407	007000000	63	雑費	96000.0	96000.0	112697.0	0.2	117.3	117.3
202407	007000000	64	福利消耗品費	0.0	11000.0	11900.0	0.0	108.1	0.0
202407	007000000	65	教育研修費	0.0	0.0	0.0	0.0	0.0	0.0
202407	007000000	66	廃棄損	0.0	0.0	0.0	0.0	0.0	0.0
202407	007000000	67	雑給	0.0	0.0	0.0	0.0	0.0	0.0
202407	007000000	68	社内金利（固定資産）	0.0	0.0	0.0	0.0	0.0	0.0
202407	007000000	69	社内金利（売掛金）	0.0	0.0	0.0	0.0	0.0	0.0
202407	007000000	70	グループ共通	593000.0	593000.0	593000.0	1.0	100.0	100.0
202407	007000000	71	差引収益	10285320.0	16688362.0	20051818.0	36.6	120.1	194.9
202407	007000000	72	差引比率	22.5	31.9	36.6		114.7	162.6
202407	007000000	73	総時間	8663.0	8963.25	8893.75		99.2	102.6
202407	007000000	74	定時間	8361.25	8226.25	8112.25		98.6	97.0
202407	007000000	75	残業時間	248.25	676.5	721.0		106.5	290.4
202407	007000000	76	移動時間	53.5	60.5	60.5		100.0	113.0
202407	007000000	77	当月時間当り	1187.2	1861.8	2254.5		121.0	189.9
202407	007000000	78	人員	73.0	77.0	75.0		97.4	102.7
202408	007000000	1	総受注高	40955000.0	37559000.0	40513404.0		107.8	98.9
202408	007000000	2	総売上高	40955000.0	37559000.0	40513404.0		107.8	98.9
202408	007000000	3	売上高	41456000.0	38053000.0	40982279.0	101.1	107.6	98.8
202408	007000000	4	グループ売上高	0.0	0.0	0.0	0.0	0.0	0.0
202408	007000000	5	社内売上高	27800000.0	23767721.0	25250388.0	62.3	106.2	90.8
202408	007000000	7	販売奨励金	-501000.0	-494000.0	-468875.0	0.0	0.0	0.0
202408	007000000	8	売上原価	11116000.0	13597000.0	14414867.0	35.5	106.0	129.6
202408	007000000	9	仕入高	2486000.0	3090000.0	3479640.0	8.5	112.6	139.9
202408	007000000	10	グループ仕入高	4498000.0	4753000.0	5108005.0	12.6	107.4	113.5
202408	007000000	11	社内仕入高	27800000.0	23767721.0	25250388.0	62.3	106.2	90.8
202408	007000000	12	荷造運搬費	2124000.0	2600000.0	2710820.0	6.6	104.2	127.6
202408	007000000	13	販売手数料	2008000.0	3154000.0	3116402.0	7.6	98.8	155.1
202408	007000000	14	総収益	29839000.0	23962000.0	26098537.0	64.4	108.9	87.4
202408	007000000	15	経費合計	17435761.0	19470239.0	18263550.0	45.0	93.8	104.7
202408	007000000	16	経費合計（原価）	14284951.0	16117951.0	15318546.0	37.8	95.0	107.2
202408	007000000	17	種苗費*	0.0	0.0	2000.0	0.0	0.0	0.0
202408	007000000	18	肥料費*	1866000.0	1616000.0	1820928.0	4.4	112.6	97.5
202408	007000000	19	培土費用*	0.0	0.0	0.0	0.0	0.0	0.0
202408	007000000	20	農薬衛生費*	360000.0	360000.0	473276.0	1.1	131.4	131.4
202408	007000000	21	農具費*	788000.0	2391000.0	2363154.0	5.8	98.8	299.8
202408	007000000	22	諸材料費*	4894000.0	4593000.0	4097928.0	10.1	89.2	83.7
202408	007000000	23	その他仕入高*	0.0	0.0	0.0	0.0	0.0	0.0
202408	007000000	24	減価償却費*	1931721.0	1931721.0	1931721.0	4.7	100.0	100.0
202408	007000000	25	車両費*	0.0	0.0	0.0	0.0	0.0	0.0
202408	007000000	26	水道光熱費*	170000.0	180000.0	166656.0	0.4	92.5	98.0
202408	007000000	27	動力費*	1642000.0	1900000.0	1899451.0	4.6	99.9	115.6
202408	007000000	28	燃料費*	0.0	0.0	0.0	0.0	0.0	0.0
202408	007000000	29	賃借料*	1248230.0	1248230.0	1248230.0	3.0	100.0	100.0
202408	007000000	30	修繕費*	560000.0	301000.0	50510.0	0.1	16.7	9.0
202408	007000000	31	診断料*	0.0	0.0	0.0	0.0	0.0	0.0
202408	007000000	32	租税公課*	0.0	0.0	0.0	0.0	0.0	0.0
202408	007000000	33	業務委託費*	0.0	0.0	0.0	0.0	0.0	0.0
202408	007000000	34	雑費*	200000.0	763000.0	600000.0	1.4	78.6	300.0
202408	007000000	35	雑給*	625000.0	834000.0	664692.0	1.6	79.6	106.3
202408	007000000	36	経費合計（販管費）	3150810.0	3352288.0	2945004.0	7.2	87.8	93.4
202408	007000000	37	減価償却費	876807.0	945465.0	945465.0	2.3	100.0	107.8
202408	007000000	38	車両費	347590.0	309590.0	285228.0	0.7	92.1	82.0
202408	007000000	39	旅費交通費	80000.0	80000.0	30154.0	0.0	37.6	37.6
202408	007000000	40	通信費	67147.0	67147.0	55358.0	0.1	82.4	82.4
202408	007000000	41	水道光熱費	190000.0	227000.0	226531.0	0.5	99.7	119.2
202408	007000000	42	事務用品費	35000.0	35000.0	16325.0	0.0	46.6	46.6
202408	007000000	43	消耗品費	84000.0	161200.0	116784.0	0.2	72.4	139.0
202408	007000000	44	廃棄物処理料	258000.0	258000.0	207554.0	0.5	80.4	80.4
202408	007000000	45	広告宣伝費	10000.0	10000.0	0.0	0.0	0.0	0.0
202408	007000000	46	接待交際費	20000.0	20000.0	0.0	0.0	0.0	0.0
202408	007000000	47	賃借料	99000.0	99000.0	98727.0	0.2	99.7	99.7
202408	007000000	48	賃貸料収入	-101000.0	-101000.0	-101000.0	0.0	0.0	0.0
202408	007000000	49	修繕費	50000.0	50000.0	0.0	0.0	0.0	0.0
202408	007000000	50	支払リース料	12400.0	12400.0	12240.0	0.0	98.7	98.7
202408	007000000	51	保険料	115166.0	115166.0	115168.0	0.2	100.0	100.0
202408	007000000	52	支払報酬	0.0	68500.0	58000.0	0.1	84.6	0.0
202408	007000000	53	支払手数料	67000.0	67000.0	51078.0	0.1	76.2	76.2
202408	007000000	54	診断料	78000.0	78000.0	47464.0	0.1	60.8	60.8
202408	007000000	55	諸会費	500.0	500.0	0.0	0.0	0.0	0.0
202408	007000000	56	会議費	5000.0	5000.0	0.0	0.0	0.0	0.0
202408	007000000	57	寄付金	0.0	0.0	0.0	0.0	0.0	0.0
202408	007000000	58	租税公課	0.0	0.0	10264.0	0.0	0.0	0.0
202408	007000000	59	業務委託費	0.0	0.0	0.0	0.0	0.0	0.0
202408	007000000	60	業務受託収入	-85000.0	-85000.0	-119546.0	0.0	0.0	0.0
202408	007000000	61	情報機器利用料	135200.0	123320.0	123320.0	0.3	100.0	91.2
202408	007000000	62	貸倒金	0.0	0.0	0.0	0.0	0.0	0.0
202408	007000000	63	雑費	213000.0	213000.0	172890.0	0.4	81.1	81.1
202408	007000000	64	福利消耗品費	0.0	0.0	0.0	0.0	0.0	0.0
202408	007000000	65	教育研修費	0.0	0.0	0.0	0.0	0.0	0.0
202408	007000000	66	廃棄損	0.0	0.0	0.0	0.0	0.0	0.0
202408	007000000	67	雑給	0.0	0.0	0.0	0.0	0.0	0.0
202408	007000000	68	社内金利（固定資産）	0.0	0.0	0.0	0.0	0.0	0.0
202408	007000000	69	社内金利（売掛金）	0.0	0.0	0.0	0.0	0.0	0.0
202408	007000000	70	グループ共通	593000.0	593000.0	593000.0	1.4	100.0	100.0
202408	007000000	71	差引収益	12403239.0	4491761.0	7834987.0	19.3	174.4	63.1
202408	007000000	72	差引比率	30.2	11.9	19.3		162.1	63.9
202408	007000000	73	総時間	8036.75	8002.0	7410.5		92.6	92.2
202408	007000000	74	定時間	7495.25	7315.25	6771.5		92.5	90.3
202408	007000000	75	残業時間	494.75	632.0	590.5		93.4	119.3
202408	007000000	76	移動時間	46.75	54.75	48.5		88.5	103.7
202408	007000000	77	当月時間当り	1543.3	561.3	1057.2		188.3	68.5
202408	007000000	78	人員	73.0	76.0	76.0		100.0	104.1
202409	007000000	1	総受注高	35517000.0	31679000.0	32051573.0		101.1	90.2
202409	007000000	2	総売上高	35517000.0	31679000.0	32051573.0		101.1	90.2
202409	007000000	3	売上高	36065000.0	32353000.0	32720260.0	102.0	101.1	90.7
202409	007000000	4	グループ売上高	0.0	0.0	0.0	0.0	0.0	0.0
202409	007000000	5	社内売上高	24100000.0	21185400.0	21475949.0	67.0	101.3	89.1
202409	007000000	7	販売奨励金	-548000.0	-674000.0	-668687.0	0.0	0.0	0.0
202409	007000000	8	売上原価	9871000.0	10356400.0	10271908.0	32.0	99.1	104.0
202409	007000000	9	仕入高	1182000.0	1594000.0	1800766.0	5.6	112.9	152.3
202409	007000000	10	グループ仕入高	5164000.0	4712400.0	4573916.0	14.2	97.0	88.5
202409	007000000	11	社内仕入高	24100000.0	21185400.0	21475949.0	67.0	101.3	89.1
202409	007000000	12	荷造運搬費	1781000.0	2250000.0	2113534.0	6.5	93.9	118.6
202409	007000000	13	販売手数料	1744000.0	1800000.0	1783692.0	5.5	99.0	102.2
202409	007000000	14	総収益	25646000.0	21322600.0	21779665.0	67.9	102.1	84.9
202409	007000000	15	経費合計	21121238.0	23611116.0	24307791.0	75.8	102.9	115.0
202409	007000000	16	経費合計（原価）	17167942.0	20079942.0	21079489.0	65.7	104.9	122.7
202409	007000000	17	種苗費*	4130000.0	5252000.0	5582746.0	17.4	106.2	135.1
202409	007000000	18	肥料費*	1912000.0	2162000.0	2170754.0	6.7	100.4	113.5
202409	007000000	19	培土費用*	0.0	0.0	0.0	0.0	0.0	0.0
202409	007000000	20	農薬衛生費*	870000.0	850000.0	716149.0	2.2	84.2	82.3
202409	007000000	21	農具費*	20000.0	1551000.0	485765.0	1.5	31.3	
202409	007000000	22	諸材料費*	3615000.0	3608000.0	4022216.0	12.5	111.4	111.2
202409	007000000	23	その他仕入高*	0.0	0.0	0.0	0.0	0.0	0.0
202409	007000000	24	減価償却費*	1931712.0	1931712.0	1931712.0	6.0	100.0	100.0
202409	007000000	25	車両費*	0.0	0.0	0.0	0.0	0.0	0.0
202409	007000000	26	水道光熱費*	170000.0	180000.0	166656.0	0.5	92.5	98.0
202409	007000000	27	動力費*	1630000.0	1780000.0	1779799.0	5.5	99.9	109.1
202409	007000000	28	燃料費*	0.0	0.0	0.0	0.0	0.0	0.0
202409	007000000	29	賃借料*	1248230.0	1248230.0	1248230.0	3.8	100.0	100.0
202409	007000000	30	修繕費*	1390000.0	746000.0	1824605.0	5.6	244.5	131.2
202409	007000000	31	診断料*	0.0	0.0	0.0	0.0	0.0	0.0
202409	007000000	32	租税公課*	0.0	0.0	0.0	0.0	0.0	0.0
202409	007000000	33	業務委託費*	0.0	0.0	0.0	0.0	0.0	0.0
202409	007000000	34	雑費*	0.0	0.0	432716.0	1.3	0.0	0.0
202409	007000000	35	雑給*	251000.0	771000.0	718141.0	2.2	93.1	286.1
202409	007000000	36	経費合計（販管費）	3953296.0	3531174.0	3228302.0	10.0	91.4	81.6
202409	007000000	37	減価償却費	876793.0	945451.0	945451.0	2.9	100.0	107.8
202409	007000000	38	車両費	351590.0	303690.0	252393.0	0.7	83.1	71.7
202409	007000000	39	旅費交通費	120000.0	110000.0	47127.0	0.1	42.8	39.2
202409	007000000	40	通信費	67147.0	67147.0	52366.0	0.1	77.9	77.9
202409	007000000	41	水道光熱費	180000.0	195000.0	194324.0	0.6	99.6	107.9
202409	007000000	42	事務用品費	35000.0	153000.0	141789.0	0.4	92.6	405.1
202409	007000000	43	消耗品費	63000.0	63000.0	73167.0	0.2	116.1	116.1
202409	007000000	44	廃棄物処理料	501000.0	501000.0	416926.0	1.3	83.2	83.2
202409	007000000	45	広告宣伝費	510000.0	0.0	6746.0	0.0	0.0	1.3
202409	007000000	46	接待交際費	20000.0	0.0	0.0	0.0	0.0	0.0
202409	007000000	47	賃借料	99000.0	99000.0	98727.0	0.3	99.7	99.7
202409	007000000	48	賃貸料収入	-101000.0	-101000.0	-101000.0	0.0	0.0	0.0
202409	007000000	49	修繕費	50000.0	50000.0	0.0	0.0	0.0	0.0
202409	007000000	50	支払リース料	4400.0	4400.0	4400.0	0.0	100.0	100.0
202409	007000000	51	保険料	115166.0	115166.0	115168.0	0.3	100.0	100.0
202409	007000000	52	支払報酬	0.0	0.0	0.0	0.0	0.0	0.0
202409	007000000	53	支払手数料	248000.0	248000.0	228928.0	0.7	92.3	92.3
202409	007000000	54	診断料	29000.0	25000.0	36000.0	0.1	144.0	124.1
202409	007000000	55	諸会費	0.0	0.0	0.0	0.0	0.0	0.0
202409	007000000	56	会議費	5000.0	5000.0	0.0	0.0	0.0	0.0
202409	007000000	57	寄付金	0.0	0.0	0.0	0.0	0.0	0.0
202409	007000000	58	租税公課	0.0	0.0	4009.0	0.0	0.0	0.0
202409	007000000	59	業務委託費	0.0	0.0	0.0	0.0	0.0	0.0
202409	007000000	60	業務受託収入	-85000.0	-85000.0	-109000.0	0.0	0.0	0.0
202409	007000000	61	情報機器利用料	135200.0	123320.0	123320.0	0.3	100.0	91.2
202409	007000000	62	貸倒金	0.0	0.0	0.0	0.0	0.0	0.0
202409	007000000	63	雑費	96000.0	96000.0	99961.0	0.3	104.1	104.1
202409	007000000	64	福利消耗品費	30000.0	20000.0	0.0	0.0	0.0	0.0
202409	007000000	65	教育研修費	10000.0	0.0	4500.0	0.0	0.0	45.0
202409	007000000	66	廃棄損	0.0	0.0	0.0	0.0	0.0	0.0
202409	007000000	67	雑給	0.0	0.0	0.0	0.0	0.0	0.0
202409	007000000	68	社内金利（固定資産）	0.0	0.0	0.0	0.0	0.0	0.0
202409	007000000	69	社内金利（売掛金）	0.0	0.0	0.0	0.0	0.0	0.0
202409	007000000	70	グループ共通	593000.0	593000.0	593000.0	1.8	100.0	100.0
202409	007000000	71	差引収益	4524762.0	-2288516.0	-2528126.0	0.0	0.0	0.0
202409	007000000	72	差引比率	12.7	-7.2	-7.8		0.0	0.0
202409	007000000	73	総時間	8199.0	7892.75	7837.75		99.3	95.5
202409	007000000	74	定時間	7565.5	7228.5	7238.5		100.1	95.6
202409	007000000	75	残業時間	582.5	612.25	563.25		91.9	96.6
202409	007000000	76	移動時間	51.0	52.0	36.0		69.2	70.5
202409	007000000	77	当月時間当り	551.8	-289.9	-322.5		0.0	0.0
202409	007000000	78	人員	73.0	76.0	75.0		98.6	102.7
202410	007000000	1	総受注高	35292000.0	26784000.0	34987946.0		130.6	99.1
202410	007000000	2	総売上高	35292000.0	26784000.0	34987946.0		130.6	99.1
202410	007000000	3	売上高	35785000.0	27284000.0	35486492.0	101.4	130.0	99.1
202410	007000000	4	グループ売上高	0.0	0.0	0.0	0.0	0.0	0.0
202410	007000000	5	社内売上高	23900000.0	16038000.0	20811634.0	59.4	129.7	87.0
202410	007000000	7	販売奨励金	-493000.0	-500000.0	-498546.0	0.0	0.0	0.0
202410	007000000	8	売上原価	9700000.0	10528000.0	12373888.0	35.3	117.5	127.5
202410	007000000	9	仕入高	1349000.0	1614000.0	2295686.0	6.5	142.2	170.1
202410	007000000	10	グループ仕入高	4946000.0	5534000.0	6708302.0	19.1	121.2	135.6
202410	007000000	11	社内仕入高	23900000.0	16038000.0	20811634.0	59.4	129.7	87.0
202410	007000000	12	荷造運搬費	1836000.0	2100000.0	2117793.0	6.0	100.8	115.3
202410	007000000	13	販売手数料	1569000.0	1280000.0	1252107.0	3.5	97.8	79.8
202410	007000000	14	総収益	25592000.0	16256000.0	22614058.0	64.6	139.1	88.3
202410	007000000	15	経費合計	19036738.0	14601016.0	14103181.0	40.3	96.5	74.0
202410	007000000	16	経費合計（原価）	15705942.0	10917942.0	10861812.0	31.0	99.4	69.1
202410	007000000	17	種苗費*	0.0	0.0	0.0	0.0	0.0	0.0
202410	007000000	18	肥料費*	1714000.0	1714000.0	1458890.0	4.1	85.1	85.1
202410	007000000	19	培土費用*	0.0	0.0	0.0	0.0	0.0	0.0
202410	007000000	20	農薬衛生費*	610000.0	610000.0	662668.0	1.8	108.6	108.6
202410	007000000	21	農具費*	50000.0	76000.0	152728.0	0.4	200.9	305.4
202410	007000000	22	諸材料費*	4529000.0	2860000.0	2744985.0	7.8	95.9	60.6
202410	007000000	23	その他仕入高*	0.0	0.0	0.0	0.0	0.0	0.0
202410	007000000	24	減価償却費*	1931712.0	1931712.0	1931712.0	5.5	100.0	100.0
202410	007000000	25	車両費*	0.0	0.0	0.0	0.0	0.0	0.0
202410	007000000	26	水道光熱費*	165000.0	170000.0	162048.0	0.4	95.3	98.2
202410	007000000	27	動力費*	1730000.0	1783000.0	1782410.0	5.0	99.9	103.0
202410	007000000	28	燃料費*	720000.0	360000.0	0.0	0.0	0.0	0.0
202410	007000000	29	賃借料*	1248230.0	1248230.0	1248230.0	3.5	100.0	100.0
202410	007000000	30	修繕費*	560000.0	60000.0	0.0	0.0	0.0	0.0
202410	007000000	31	診断料*	0.0	0.0	0.0	0.0	0.0	0.0
202410	007000000	32	租税公課*	0.0	0.0	0.0	0.0	0.0	0.0
202410	007000000	33	業務委託費*	0.0	0.0	0.0	0.0	0.0	0.0
202410	007000000	34	雑費*	2400000.0	0.0	0.0	0.0	0.0	0.0
202410	007000000	35	雑給*	48000.0	105000.0	718141.0	2.0	683.9	
202410	007000000	36	経費合計（販管費）	3330796.0	3683074.0	3241369.0	9.2	88.0	97.3
202410	007000000	37	減価償却費	876793.0	945451.0	945451.0	2.7	100.0	107.8
202410	007000000	38	車両費	347590.0	316090.0	264714.0	0.7	83.7	76.1
202410	007000000	39	旅費交通費	90000.0	70000.0	-23037.0	0.0	0.0	0.0
202410	007000000	40	通信費	67147.0	67147.0	54426.0	0.1	81.0	81.0
202410	007000000	41	水道光熱費	210000.0	215000.0	213617.0	0.6	99.3	101.7
202410	007000000	42	事務用品費	35000.0	35000.0	14921.0	0.0	42.6	42.6
202410	007000000	43	消耗品費	90000.0	50000.0	88893.0	0.2	177.7	98.7
202410	007000000	44	廃棄物処理料	332000.0	332000.0	261558.0	0.7	78.7	78.7
202410	007000000	45	広告宣伝費	30000.0	42000.0	35100.0	0.1	83.5	117.0
202410	007000000	46	接待交際費	20000.0	0.0	0.0	0.0	0.0	0.0
202410	007000000	47	賃借料	99000.0	99000.0	98727.0	0.2	99.7	99.7
202410	007000000	48	賃貸料収入	-101000.0	-101000.0	-101000.0	0.0	0.0	0.0
202410	007000000	49	修繕費	50000.0	453000.0	402600.0	1.1	88.8	805.2
202410	007000000	50	支払リース料	4400.0	4400.0	4400.0	0.0	100.0	100.0
202410	007000000	51	保険料	115166.0	115166.0	115168.0	0.3	100.0	100.0
202410	007000000	52	支払報酬	0.0	0.0	0.0	0.0	0.0	0.0
202410	007000000	53	支払手数料	275000.0	277000.0	255728.0	0.7	92.3	92.9
202410	007000000	54	診断料	35000.0	30000.0	30000.0	0.0	100.0	85.7
202410	007000000	55	諸会費	500.0	500.0	0.0	0.0	0.0	0.0
202410	007000000	56	会議費	5000.0	5000.0	0.0	0.0	0.0	0.0
202410	007000000	57	寄付金	0.0	0.0	0.0	0.0	0.0	0.0
202410	007000000	58	租税公課	0.0	0.0	0.0	0.0	0.0	0.0
202410	007000000	59	業務委託費	0.0	0.0	0.0	0.0	0.0	0.0
202410	007000000	60	業務受託収入	-85000.0	-85000.0	-204093.0	0.0	0.0	0.0
202410	007000000	61	情報機器利用料	135200.0	123320.0	123320.0	0.3	100.0	91.2
202410	007000000	62	貸倒金	0.0	0.0	0.0	0.0	0.0	0.0
202410	007000000	63	雑費	96000.0	96000.0	67497.0	0.1	70.3	70.3
202410	007000000	64	福利消耗品費	0.0	0.0	379.0	0.0	0.0	0.0
202410	007000000	65	教育研修費	10000.0	0.0	0.0	0.0	0.0	0.0
202410	007000000	66	廃棄損	0.0	0.0	0.0	0.0	0.0	0.0
202410	007000000	67	雑給	0.0	0.0	0.0	0.0	0.0	0.0
202410	007000000	68	社内金利（固定資産）	0.0	0.0	0.0	0.0	0.0	0.0
202410	007000000	69	社内金利（売掛金）	0.0	0.0	0.0	0.0	0.0	0.0
202410	007000000	70	グループ共通	593000.0	593000.0	593000.0	1.6	100.0	100.0
202410	007000000	71	差引収益	6555262.0	1654984.0	8510877.0	24.3	514.2	129.8
202410	007000000	72	差引比率	18.5	6.1	24.3		398.3	131.3
202410	007000000	73	総時間	8064.0	7990.5	7836.0		98.0	97.1
202410	007000000	74	定時間	7826.5	7585.5	7338.75		96.7	93.7
202410	007000000	75	残業時間	188.0	347.5	434.75		125.1	231.2
202410	007000000	76	移動時間	49.5	57.5	62.5		108.6	126.2
202410	007000000	77	当月時間当り	812.9	207.1	1086.1		524.4	133.6
202410	007000000	78	人員	73.0	76.0	74.0		97.3	101.3
202411	007000000	1	総受注高	75692000.0	59464000.0	58022602.0		97.5	76.6
202411	007000000	2	総売上高	75692000.0	59464000.0	58022602.0		97.5	76.6
202411	007000000	3	売上高	76152000.0	59796000.0	58347007.0	100.5	97.5	76.6
202411	007000000	4	グループ売上高	0.0	0.0	0.0	0.0	0.0	0.0
202411	007000000	5	社内売上高	49400000.0	36977000.0	36000382.0	62.0	97.3	72.8
202411	007000000	7	販売奨励金	-460000.0	-332000.0	-324405.0	0.0	0.0	0.0
202411	007000000	8	売上原価	20343000.0	17867000.0	16960694.0	29.2	94.9	83.3
202411	007000000	9	仕入高	2238000.0	3730000.0	3706387.0	6.3	99.3	165.6
202411	007000000	10	グループ仕入高	12272000.0	9787000.0	9149627.0	15.7	93.4	74.5
202411	007000000	11	社内仕入高	49400000.0	36977000.0	36000382.0	62.0	97.3	72.8
202411	007000000	12	荷造運搬費	4143000.0	2810000.0	2496055.0	4.3	88.8	60.2
202411	007000000	13	販売手数料	1690000.0	1540000.0	1608625.0	2.7	104.4	95.1
202411	007000000	14	総収益	55349000.0	41597000.0	41061908.0	70.7	98.7	74.1
202411	007000000	15	経費合計	22077238.0	19604516.0	17997923.0	31.0	91.8	81.5
202411	007000000	16	経費合計（原価）	18050942.0	15820942.0	15073269.0	25.9	95.2	83.5
202411	007000000	17	種苗費*	0.0	0.0	0.0	0.0	0.0	0.0
202411	007000000	18	肥料費*	1611000.0	1682000.0	1659905.0	2.8	98.6	103.0
202411	007000000	19	培土費用*	0.0	0.0	0.0	0.0	0.0	0.0
202411	007000000	20	農薬衛生費*	600000.0	700000.0	645436.0	1.1	92.2	107.5
202411	007000000	21	農具費*	86000.0	42000.0	115718.0	0.1	275.5	134.5
202411	007000000	22	諸材料費*	6216000.0	3998000.0	5517871.0	9.5	138.0	88.7
202411	007000000	23	その他仕入高*	0.0	0.0	0.0	0.0	0.0	0.0
202411	007000000	24	減価償却費*	1931712.0	1931712.0	1931712.0	3.3	100.0	100.0
202411	007000000	25	車両費*	0.0	0.0	0.0	0.0	0.0	0.0
202411	007000000	26	水道光熱費*	165000.0	170000.0	167360.0	0.2	98.4	101.4
202411	007000000	27	動力費*	1250000.0	1511000.0	1510548.0	2.6	99.9	120.8
202411	007000000	28	燃料費*	3240000.0	2520000.0	1506200.0	2.5	59.7	46.4
202411	007000000	29	賃借料*	1248230.0	1248230.0	1248230.0	2.1	100.0	100.0
202411	007000000	30	修繕費*	1210000.0	710000.0	135236.0	0.2	19.0	11.1
202411	007000000	31	診断料*	0.0	0.0	0.0	0.0	0.0	0.0
202411	007000000	32	租税公課*	0.0	0.0	0.0	0.0	0.0	0.0
202411	007000000	33	業務委託費*	0.0	0.0	0.0	0.0	0.0	0.0
202411	007000000	34	雑費*	81000.0	1065000.0	1064400.0	1.8	99.9	
202411	007000000	35	雑給*	412000.0	243000.0	-429347.0	0.0	0.0	0.0
202411	007000000	36	経費合計（販管費）	4026296.0	3783574.0	2924654.0	5.0	77.2	72.6
202411	007000000	37	減価償却費	876793.0	945451.0	1014617.0	1.7	107.3	115.7
202411	007000000	38	車両費	357590.0	303090.0	248264.0	0.4	81.9	69.4
202411	007000000	39	旅費交通費	100000.0	80000.0	12426.0	0.0	15.5	12.4
202411	007000000	40	通信費	67147.0	67147.0	52920.0	0.0	78.8	78.8
202411	007000000	41	水道光熱費	130000.0	165000.0	164611.0	0.2	99.7	126.6
202411	007000000	42	事務用品費	35000.0	35000.0	24458.0	0.0	69.8	69.8
202411	007000000	43	消耗品費	60000.0	60000.0	72187.0	0.1	120.3	120.3
202411	007000000	44	廃棄物処理料	402000.0	402000.0	343836.0	0.5	85.5	85.5
202411	007000000	45	広告宣伝費	10000.0	22000.0	28659.0	0.0	130.2	286.5
202411	007000000	46	接待交際費	30000.0	0.0	0.0	0.0	0.0	0.0
202411	007000000	47	賃借料	99000.0	99000.0	98727.0	0.1	99.7	99.7
202411	007000000	48	賃貸料収入	-101000.0	-101000.0	-101000.0	0.0	0.0	0.0
202411	007000000	49	修繕費	300000.0	0.0	0.0	0.0	0.0	0.0
202411	007000000	50	支払リース料	4400.0	4400.0	4400.0	0.0	100.0	100.0
202411	007000000	51	保険料	115166.0	115166.0	115168.0	0.1	100.0	100.0
202411	007000000	52	支払報酬	0.0	0.0	0.0	0.0	0.0	0.0
202411	007000000	53	支払手数料	757000.0	764000.0	252378.0	0.4	33.0	33.3
202411	007000000	54	診断料	29000.0	80000.0	30855.0	0.0	38.5	106.3
202411	007000000	55	諸会費	0.0	0.0	0.0	0.0	0.0	0.0
202411	007000000	56	会議費	5000.0	5000.0	0.0	0.0	0.0	0.0
202411	007000000	57	寄付金	0.0	0.0	0.0	0.0	0.0	0.0
202411	007000000	58	租税公課	0.0	0.0	0.0	0.0	0.0	0.0
202411	007000000	59	業務委託費	0.0	0.0	0.0	0.0	0.0	0.0
202411	007000000	60	業務受託収入	-85000.0	-85000.0	-219911.0	0.0	0.0	0.0
202411	007000000	61	情報機器利用料	135200.0	123320.0	123320.0	0.2	100.0	91.2
202411	007000000	62	貸倒金	0.0	0.0	0.0	0.0	0.0	0.0
202411	007000000	63	雑費	96000.0	96000.0	65739.0	0.1	68.4	68.4
202411	007000000	64	福利消耗品費	0.0	0.0	0.0	0.0	0.0	0.0
202411	007000000	65	教育研修費	10000.0	10000.0	0.0	0.0	0.0	0.0
202411	007000000	66	廃棄損	0.0	0.0	0.0	0.0	0.0	0.0
202411	007000000	67	雑給	0.0	0.0	0.0	0.0	0.0	0.0
202411	007000000	68	社内金利（固定資産）	0.0	0.0	0.0	0.0	0.0	0.0
202411	007000000	69	社内金利（売掛金）	0.0	0.0	0.0	0.0	0.0	0.0
202411	007000000	70	グループ共通	593000.0	593000.0	593000.0	1.0	100.0	100.0
202411	007000000	71	差引収益	33271762.0	21992484.0	23063985.0	39.7	104.8	69.3
202411	007000000	72	差引比率	43.9	36.9	39.7		107.5	90.4
202411	007000000	73	総時間	7919.0	7324.5	7271.75		99.2	91.8
202411	007000000	74	定時間	7876.5	7337.5	7091.75		96.6	90.0
202411	007000000	75	残業時間	546.5	475.0	482.0		101.4	88.1
202411	007000000	76	移動時間	-504.0	-488.0	-302.0		0.0	0.0
202411	007000000	77	当月時間当り	4201.5	3002.5	3171.7		105.6	75.4
202411	007000000	78	人員	73.0	73.0	72.0		98.6	98.6
202412	007000000	1	総受注高	76654000.0	68198000.0	62364284.0		91.4	81.3
202412	007000000	2	総売上高	76654000.0	68198000.0	62364284.0		91.4	81.3
202412	007000000	3	売上高	77267000.0	68637000.0	62784319.0	100.6	91.4	81.2
202412	007000000	4	グループ売上高	0.0	0.0	0.0	0.0	0.0	0.0
202412	007000000	5	社内売上高	47500000.0	41673000.0	39288098.0	62.9	94.2	82.7
202412	007000000	7	販売奨励金	-613000.0	-439000.0	-420035.0	0.0	0.0	0.0
202412	007000000	8	売上原価	23786000.0	21127000.0	18777648.0	30.1	88.8	78.9
202412	007000000	9	仕入高	4034000.0	4141000.0	4858876.0	7.7	117.3	120.4
202412	007000000	10	グループ仕入高	12672000.0	11286000.0	8796035.0	14.1	77.9	69.4
202412	007000000	11	社内仕入高	47500000.0	41673000.0	39288098.0	62.9	94.2	82.7
202412	007000000	12	荷造運搬費	3876000.0	3100000.0	2597288.0	4.1	83.7	67.0
202412	007000000	13	販売手数料	3204000.0	2600000.0	2525449.0	4.0	97.1	78.8
202412	007000000	14	総収益	52868000.0	47071000.0	43586636.0	69.8	92.5	82.4
202412	007000000	15	経費合計	30788738.0	24278322.0	25517756.0	40.9	105.1	82.8
202412	007000000	16	経費合計（原価）	27408942.0	20945942.0	22485420.0	36.0	107.3	82.0
202412	007000000	17	種苗費*	0.0	0.0	0.0	0.0	0.0	0.0
202412	007000000	18	肥料費*	1371000.0	991000.0	945399.0	1.5	95.3	68.9
202412	007000000	19	培土費用*	7290000.0	5141000.0	5120775.0	8.2	99.6	70.2
202412	007000000	20	農薬衛生費*	450000.0	260000.0	122880.0	0.1	47.2	27.3
202412	007000000	21	農具費*	221000.0	110000.0	121832.0	0.1	110.7	55.1
202412	007000000	22	諸材料費*	7930000.0	5404000.0	5789123.0	9.2	107.1	73.0
202412	007000000	23	その他仕入高*	0.0	0.0	0.0	0.0	0.0	0.0
202412	007000000	24	減価償却費*	1931712.0	1931712.0	1931712.0	3.0	100.0	100.0
202412	007000000	25	車両費*	0.0	0.0	0.0	0.0	0.0	0.0
202412	007000000	26	水道光熱費*	165000.0	170000.0	161280.0	0.2	94.8	97.7
202412	007000000	27	動力費*	1560000.0	1414000.0	1413383.0	2.2	99.9	90.6
202412	007000000	28	燃料費*	4320000.0	3240000.0	5009560.0	8.0	154.6	115.9
202412	007000000	29	賃借料*	1248230.0	1248230.0	1248230.0	2.0	100.0	100.0
202412	007000000	30	修繕費*	740000.0	867000.0	377000.0	0.6	43.4	50.9
202412	007000000	31	診断料*	0.0	0.0	0.0	0.0	0.0	0.0
202412	007000000	32	租税公課*	0.0	0.0	0.0	0.0	0.0	0.0
202412	007000000	33	業務委託費*	0.0	0.0	0.0	0.0	0.0	0.0
202412	007000000	34	雑費*	81000.0	81000.0	81000.0	0.1	100.0	100.0
202412	007000000	35	雑給*	101000.0	88000.0	163246.0	0.2	185.5	161.6
202412	007000000	36	経費合計（販管費）	3379796.0	3332380.0	3032336.0	4.8	90.9	89.7
202412	007000000	37	減価償却費	876793.0	1014617.0	1014617.0	1.6	100.0	115.7
202412	007000000	38	車両費	631590.0	478230.0	430885.0	0.6	90.0	68.2
202412	007000000	39	旅費交通費	100000.0	60000.0	18127.0	0.0	30.2	18.1
202412	007000000	40	通信費	67147.0	67147.0	52939.0	0.0	78.8	78.8
202412	007000000	41	水道光熱費	180000.0	174000.0	172735.0	0.2	99.2	95.9
202412	007000000	42	事務用品費	35000.0	35000.0	16445.0	0.0	46.9	46.9
202412	007000000	43	消耗品費	50000.0	70000.0	46004.0	0.0	65.7	92.0
202412	007000000	44	廃棄物処理料	258000.0	293000.0	194189.0	0.3	66.2	75.2
202412	007000000	45	広告宣伝費	10000.0	0.0	0.0	0.0	0.0	0.0
202412	007000000	46	接待交際費	30000.0	0.0	0.0	0.0	0.0	0.0
202412	007000000	47	賃借料	99000.0	99000.0	98727.0	0.1	99.7	99.7
202412	007000000	48	賃貸料収入	-101000.0	-101000.0	-101000.0	0.0	0.0	0.0
202412	007000000	49	修繕費	50000.0	50000.0	0.0	0.0	0.0	0.0
202412	007000000	50	支払リース料	4400.0	4400.0	4400.0	0.0	100.0	100.0
202412	007000000	51	保険料	115166.0	115166.0	115168.0	0.1	100.0	100.0
202412	007000000	52	支払報酬	0.0	0.0	0.0	0.0	0.0	0.0
202412	007000000	53	支払手数料	111000.0	113000.0	250208.0	0.4	221.4	225.4
202412	007000000	54	診断料	78000.0	87000.0	76200.0	0.1	87.5	97.6
202412	007000000	55	諸会費	500.0	500.0	0.0	0.0	0.0	0.0
202412	007000000	56	会議費	5000.0	5000.0	0.0	0.0	0.0	0.0
202412	007000000	57	寄付金	0.0	0.0	0.0	0.0	0.0	0.0
202412	007000000	58	租税公課	0.0	0.0	200.0	0.0	0.0	0.0
202412	007000000	59	業務委託費	0.0	0.0	0.0	0.0	0.0	0.0
202412	007000000	60	業務受託収入	-85000.0	-85000.0	-181728.0	0.0	0.0	0.0
202412	007000000	61	情報機器利用料	135200.0	123320.0	123320.0	0.1	100.0	91.2
202412	007000000	62	貸倒金	0.0	0.0	0.0	0.0	0.0	0.0
202412	007000000	63	雑費	96000.0	96000.0	85798.0	0.1	89.3	89.3
202412	007000000	64	福利消耗品費	30000.0	30000.0	22102.0	0.0	73.6	73.6
202412	007000000	65	教育研修費	10000.0	10000.0	0.0	0.0	0.0	0.0
202412	007000000	66	廃棄損	0.0	0.0	0.0	0.0	0.0	0.0
202412	007000000	67	雑給	0.0	0.0	0.0	0.0	0.0	0.0
202412	007000000	68	社内金利（固定資産）	0.0	0.0	0.0	0.0	0.0	0.0
202412	007000000	69	社内金利（売掛金）	0.0	0.0	0.0	0.0	0.0	0.0
202412	007000000	70	グループ共通	593000.0	593000.0	593000.0	0.9	100.0	100.0
202412	007000000	71	差引収益	22079262.0	22792678.0	18068880.0	28.9	79.2	81.8
202412	007000000	72	差引比率	28.8	33.4	28.9		86.5	100.3
202412	007000000	73	総時間	7820.5	7675.0	7388.25		96.2	94.4
202412	007000000	74	定時間	7572.5	7218.0	6980.5		96.7	92.1
202412	007000000	75	残業時間	200.0	401.0	350.75		87.4	175.3
202412	007000000	76	移動時間	48.0	56.0	57.0		101.7	118.7
202412	007000000	77	当月時間当り	2823.2	2969.7	2445.6		82.3	86.6
202412	007000000	78	人員	73.0	73.0	72.0		98.6	98.6
202501	007000000	1	総受注高	57270000.0	40483000.0	44736470.0		110.5	78.1
202501	007000000	2	総売上高	57270000.0	40483000.0	44736470.0		110.5	78.1
202501	007000000	3	売上高	57930000.0	40963000.0	45204810.0	101.0	110.3	78.0
202501	007000000	4	グループ売上高	0.0	0.0	0.0	0.0	0.0	0.0
202501	007000000	5	社内売上高	32700000.0	23564000.0	25918661.0	57.9	109.9	79.2
202501	007000000	7	販売奨励金	-660000.0	-480000.0	-468340.0	0.0	0.0	0.0
202501	007000000	8	売上原価	22568000.0	15740000.0	16828455.0	37.6	106.9	74.5
202501	007000000	9	仕入高	3944000.0	4040000.0	4103253.0	9.1	101.5	104.0
202501	007000000	10	グループ仕入高	11695000.0	6900000.0	7789628.0	17.4	112.8	66.6
202501	007000000	11	社内仕入高	32700000.0	23564000.0	25918661.0	57.9	109.9	79.2
202501	007000000	12	荷造運搬費	3028000.0	2500000.0	2611552.0	5.8	104.4	86.2
202501	007000000	13	販売手数料	3901000.0	2300000.0	2324022.0	5.1	101.0	59.5
202501	007000000	14	総収益	34702000.0	24743000.0	27908015.0	62.3	112.7	80.4
202501	007000000	15	経費合計	20512238.0	19925822.0	19899924.0	44.4	99.8	97.0
202501	007000000	16	経費合計（原価）	15926942.0	15324942.0	15585742.0	34.8	101.7	97.8
202501	007000000	17	種苗費*	0.0	0.0	0.0	0.0	0.0	0.0
202501	007000000	18	肥料費*	939000.0	1008000.0	1050182.0	2.3	104.1	111.8
202501	007000000	19	培土費用*	0.0	0.0	0.0	0.0	0.0	0.0
202501	007000000	20	農薬衛生費*	380000.0	463000.0	428756.0	0.9	92.6	112.8
202501	007000000	21	農具費*	974000.0	675000.0	643214.0	1.4	95.2	66.0
202501	007000000	22	諸材料費*	3888000.0	2904000.0	2891716.0	6.4	99.5	74.3
202501	007000000	23	その他仕入高*	0.0	0.0	0.0	0.0	0.0	0.0
202501	007000000	24	減価償却費*	1931712.0	1931712.0	1931712.0	4.3	100.0	100.0
202501	007000000	25	車両費*	0.0	0.0	0.0	0.0	0.0	0.0
202501	007000000	26	水道光熱費*	165000.0	170000.0	166656.0	0.3	98.0	101.0
202501	007000000	27	動力費*	1592000.0	1972000.0	1965622.0	4.3	99.6	123.4
202501	007000000	28	燃料費*	3600000.0	3600000.0	4257840.0	9.5	118.2	118.2
202501	007000000	29	賃借料*	1248230.0	1248230.0	1248230.0	2.7	100.0	100.0
202501	007000000	30	修繕費*	860000.0	955000.0	509710.0	1.1	53.3	59.2
202501	007000000	31	診断料*	0.0	0.0	0.0	0.0	0.0	0.0
202501	007000000	32	租税公課*	0.0	0.0	0.0	0.0	0.0	0.0
202501	007000000	33	業務委託費*	0.0	0.0	0.0	0.0	0.0	0.0
202501	007000000	34	雑費*	281000.0	191000.0	206000.0	0.4	107.8	73.3
202501	007000000	35	雑給*	68000.0	207000.0	286104.0	0.6	138.2	420.7
202501	007000000	36	経費合計（販管費）	4585296.0	4600880.0	4314182.0	9.6	93.7	94.0
202501	007000000	37	減価償却費	876793.0	1014617.0	1014617.0	2.2	100.0	115.7
202501	007000000	38	車両費	357590.0	264230.0	250756.0	0.5	94.9	70.1
202501	007000000	39	旅費交通費	140000.0	80000.0	12359.0	0.0	15.4	8.8
202501	007000000	40	通信費	67147.0	67147.0	54883.0	0.1	81.7	81.7
202501	007000000	41	水道光熱費	180000.0	215000.0	214501.0	0.4	99.7	119.1
202501	007000000	42	事務用品費	35000.0	35000.0	22064.0	0.0	63.0	63.0
202501	007000000	43	消耗品費	260000.0	260000.0	67701.0	0.1	26.0	26.0
202501	007000000	44	廃棄物処理料	1467000.0	1467000.0	1773672.0	3.9	120.9	120.9
202501	007000000	45	広告宣伝費	10000.0	10000.0	0.0	0.0	0.0	0.0
202501	007000000	46	接待交際費	30000.0	30000.0	0.0	0.0	0.0	0.0
202501	007000000	47	賃借料	99000.0	99000.0	98727.0	0.2	99.7	99.7
202501	007000000	48	賃貸料収入	-101000.0	-101000.0	-101000.0	0.0	0.0	0.0
202501	007000000	49	修繕費	50000.0	50000.0	0.0	0.0	0.0	0.0
202501	007000000	50	支払リース料	4400.0	4400.0	4400.0	0.0	100.0	100.0
202501	007000000	51	保険料	115166.0	115166.0	115168.0	0.2	100.0	100.0
202501	007000000	52	支払報酬	0.0	0.0	0.0	0.0	0.0	0.0
202501	007000000	53	支払手数料	67000.0	69000.0	-19872.0	0.0	0.0	0.0
202501	007000000	54	診断料	66000.0	72000.0	88718.0	0.1	123.2	134.4
202501	007000000	55	諸会費	0.0	0.0	500.0	0.0	0.0	0.0
202501	007000000	56	会議費	5000.0	5000.0	0.0	0.0	0.0	0.0
202501	007000000	57	寄付金	0.0	0.0	0.0	0.0	0.0	0.0
202501	007000000	58	租税公課	0.0	0.0	0.0	0.0	0.0	0.0
202501	007000000	59	業務委託費	0.0	0.0	0.0	0.0	0.0	0.0
202501	007000000	60	業務受託収入	-85000.0	-85000.0	-190457.0	0.0	0.0	0.0
202501	007000000	61	情報機器利用料	135200.0	123320.0	123320.0	0.2	100.0	91.2
202501	007000000	62	貸倒金	0.0	0.0	0.0	0.0	0.0	0.0
202501	007000000	63	雑費	201000.0	201000.0	181401.0	0.4	90.2	90.2
202501	007000000	64	福利消耗品費	2000.0	2000.0	9724.0	0.0	486.2	486.2
202501	007000000	65	教育研修費	10000.0	10000.0	0.0	0.0	0.0	0.0
202501	007000000	66	廃棄損	0.0	0.0	0.0	0.0	0.0	0.0
202501	007000000	67	雑給	0.0	0.0	0.0	0.0	0.0	0.0
202501	007000000	68	社内金利（固定資産）	0.0	0.0	0.0	0.0	0.0	0.0
202501	007000000	69	社内金利（売掛金）	0.0	0.0	0.0	0.0	0.0	0.0
202501	007000000	70	グループ共通	593000.0	593000.0	593000.0	1.3	100.0	100.0
202501	007000000	71	差引収益	14189762.0	4817178.0	8008091.0	17.9	166.2	56.4
202501	007000000	72	差引比率	24.7	11.8	17.9		151.6	72.4
202501	007000000	73	総時間	7709.75	7212.75	6714.25		93.0	87.0
202501	007000000	74	定時間	7500.5	6916.5	6418.5		92.7	85.5
202501	007000000	75	残業時間	158.0	237.0	236.5		99.7	149.6
202501	007000000	76	移動時間	51.25	59.25	59.25		100.0	115.6
202501	007000000	77	当月時間当り	1840.4	667.8	1192.7		178.6	64.8
202501	007000000	78	人員	73.0	73.0	72.0		98.6	98.6
202502	007000000	1	総受注高	45446000.0	34602000.0	35719145.0		103.2	78.5
202502	007000000	2	総売上高	45446000.0	34602000.0	35719145.0		103.2	78.5
202502	007000000	3	売上高	45940000.0	34955000.0	36065004.0	100.9	103.1	78.5
202502	007000000	4	グループ売上高	0.0	0.0	0.0	0.0	0.0	0.0
202502	007000000	5	社内売上高	25200000.0	18977000.0	20097649.0	56.2	105.9	79.7
202502	007000000	7	販売奨励金	-494000.0	-353000.0	-345859.0	0.0	0.0	0.0
202502	007000000	8	売上原価	18142000.0	14023000.0	13629901.0	38.1	97.1	75.1
202502	007000000	9	仕入高	3364000.0	3693000.0	3577035.0	10.0	96.8	106.3
202502	007000000	10	グループ仕入高	9849000.0	6630000.0	6443802.0	18.0	97.1	65.4
202502	007000000	11	社内仕入高	25200000.0	18977000.0	20097649.0	56.2	105.9	79.7
202502	007000000	12	荷造運搬費	2431000.0	2200000.0	2076680.0	5.8	94.3	85.4
202502	007000000	13	販売手数料	2498000.0	1500000.0	1532384.0	4.2	102.1	61.3
202502	007000000	14	総収益	27304000.0	20579000.0	22089244.0	61.8	107.3	80.9
202502	007000000	15	経費合計	23548738.0	21231662.0	22336421.0	62.5	105.2	94.8
202502	007000000	16	経費合計（原価）	19547942.0	17625942.0	18743410.0	52.4	106.3	95.8
202502	007000000	17	種苗費*	4970000.0	4914000.0	4875050.0	13.6	99.2	98.0
202502	007000000	18	肥料費*	1351000.0	1051000.0	974598.0	2.7	92.7	72.1
202502	007000000	19	培土費用*	0.0	0.0	-9540.0	0.0	0.0	0.0
202502	007000000	20	農薬衛生費*	430000.0	241000.0	237259.0	0.6	98.4	55.1
202502	007000000	21	農具費*	48000.0	48000.0	140805.0	0.3	293.3	293.3
202502	007000000	22	諸材料費*	3795000.0	2340000.0	2055880.0	5.7	87.8	54.1
202502	007000000	23	その他仕入高*	0.0	0.0	0.0	0.0	0.0	0.0
202502	007000000	24	減価償却費*	1931712.0	1931712.0	1931712.0	5.4	100.0	100.0
202502	007000000	25	車両費*	0.0	0.0	0.0	0.0	0.0	0.0
202502	007000000	26	水道光熱費*	165000.0	170000.0	166656.0	0.4	98.0	101.0
202502	007000000	27	動力費*	1580000.0	1867000.0	1866604.0	5.2	99.9	118.1
202502	007000000	28	燃料費*	3240000.0	3420000.0	4770000.0	13.3	139.4	147.2
202502	007000000	29	賃借料*	1248230.0	1248230.0	1248230.0	3.4	100.0	100.0
202502	007000000	30	修繕費*	660000.0	222000.0	78852.0	0.2	35.5	11.9
202502	007000000	31	診断料*	0.0	0.0	0.0	0.0	0.0	0.0
202502	007000000	32	租税公課*	0.0	0.0	0.0	0.0	0.0	0.0
202502	007000000	33	業務委託費*	0.0	0.0	0.0	0.0	0.0	0.0
202502	007000000	34	雑費*	81000.0	81000.0	329053.0	0.9	406.2	406.2
202502	007000000	35	雑給*	48000.0	92000.0	78251.0	0.2	85.0	163.0
202502	007000000	36	経費合計（販管費）	4000796.0	3605720.0	3593011.0	10.0	99.6	89.8
202502	007000000	37	減価償却費	876793.0	1014617.0	1020098.0	2.8	100.5	116.3
202502	007000000	38	車両費	357590.0	275690.0	245218.0	0.6	88.9	68.5
202502	007000000	39	旅費交通費	100000.0	40000.0	2963.0	0.0	7.4	2.9
202502	007000000	40	通信費	67147.0	67147.0	52323.0	0.1	77.9	77.9
202502	007000000	41	水道光熱費	170000.0	225000.0	223037.0	0.6	99.1	131.1
202502	007000000	42	事務用品費	35000.0	35000.0	22999.0	0.0	65.7	65.7
202502	007000000	43	消耗品費	50000.0	126000.0	40854.0	0.1	32.4	81.7
202502	007000000	44	廃棄物処理料	184000.0	184000.0	135374.0	0.3	73.5	73.5
202502	007000000	45	広告宣伝費	10000.0	0.0	0.0	0.0	0.0	0.0
202502	007000000	46	接待交際費	30000.0	0.0	0.0	0.0	0.0	0.0
202502	007000000	47	賃借料	99000.0	144000.0	150227.0	0.4	104.3	151.7
202502	007000000	48	賃貸料収入	-101000.0	-111000.0	-112000.0	0.0	0.0	0.0
202502	007000000	49	修繕費	600000.0	50000.0	0.0	0.0	0.0	0.0
202502	007000000	50	支払リース料	4400.0	4400.0	4400.0	0.0	100.0	100.0
202502	007000000	51	保険料	115166.0	115166.0	119108.0	0.3	103.4	103.4
202502	007000000	52	支払報酬	0.0	0.0	0.0	0.0	0.0	0.0
202502	007000000	53	支払手数料	67000.0	69000.0	47237.0	0.1	68.4	70.5
202502	007000000	54	診断料	24000.0	20000.0	24000.0	0.0	120.0	100.0
202502	007000000	55	諸会費	500.0	500.0	8000.0	0.0		
202502	007000000	56	会議費	5000.0	0.0	0.0	0.0	0.0	0.0
202502	007000000	57	寄付金	0.0	0.0	0.0	0.0	0.0	0.0
202502	007000000	58	租税公課	0.0	0.0	5065.0	0.0	0.0	0.0
202502	007000000	59	業務委託費	0.0	0.0	0.0	0.0	0.0	0.0
202502	007000000	60	業務受託収入	-85000.0	-85000.0	-218456.0	0.0	0.0	0.0
202502	007000000	61	情報機器利用料	135200.0	135200.0	135200.0	0.3	100.0	100.0
202502	007000000	62	貸倒金	0.0	0.0	0.0	0.0	0.0	0.0
202502	007000000	63	雑費	653000.0	653000.0	1051020.0	2.9	160.9	160.9
202502	007000000	64	福利消耗品費	0.0	40000.0	31680.0	0.0	79.2	0.0
202502	007000000	65	教育研修費	10000.0	10000.0	11664.0	0.0	116.6	116.6
202502	007000000	66	廃棄損	0.0	0.0	0.0	0.0	0.0	0.0
202502	007000000	67	雑給	0.0	0.0	0.0	0.0	0.0	0.0
202502	007000000	68	社内金利（固定資産）	0.0	0.0	0.0	0.0	0.0	0.0
202502	007000000	69	社内金利（売掛金）	0.0	0.0	0.0	0.0	0.0	0.0
202502	007000000	70	グループ共通	593000.0	593000.0	593000.0	1.6	100.0	100.0
202502	007000000	71	差引収益	3755262.0	-652662.0	-247177.0	0.0	0.0	0.0
202502	007000000	72	差引比率	8.2	-1.8	-0.6		0.0	0.0
202502	007000000	73	総時間	7247.5	6534.5	5905.75		90.3	81.4
202502	007000000	74	定時間	7071.0	6319.0	5701.75		90.2	80.6
202502	007000000	75	残業時間	134.0	165.0	155.5		94.2	116.0
202502	007000000	76	移動時間	42.5	50.5	48.5		96.0	114.1
202502	007000000	77	当月時間当り	518.1	-99.8	-41.8		0.0	0.0
202502	007000000	78	人員	73.0	73.0	73.0		100.0	100.0
202503	007000000	1	総受注高	56436000.0	43422000.0	47680156.0		109.8	84.4
202503	007000000	2	総売上高	56436000.0	43422000.0	47680156.0		109.8	84.4
202503	007000000	3	売上高	56832000.0	43722000.0	47970083.0	100.6	109.7	84.4
202503	007000000	4	グループ売上高	0.0	0.0	0.0	0.0	0.0	0.0
202503	007000000	5	社内売上高	31800000.0	24201000.0	27362491.0	57.3	113.0	86.0
202503	007000000	7	販売奨励金	-396000.0	-300000.0	-289927.0	0.0	0.0	0.0
202503	007000000	8	売上原価	20773000.0	16661500.0	16549755.0	34.7	99.3	79.6
202503	007000000	9	仕入高	3484000.0	4044000.0	4188026.0	8.7	103.5	120.2
202503	007000000	10	グループ仕入高	12232000.0	8627500.0	8341902.0	17.4	96.6	68.1
202503	007000000	11	社内仕入高	31800000.0	24201000.0	27362491.0	57.3	113.0	86.0
202503	007000000	12	荷造運搬費	2999000.0	2500000.0	2470566.0	5.1	98.8	82.3
202503	007000000	13	販売手数料	2058000.0	1490000.0	1549261.0	3.2	103.9	75.2
202503	007000000	14	総収益	35663000.0	26760500.0	31130401.0	65.2	116.3	87.2
202503	007000000	15	経費合計	20473591.0	19042028.0	20165905.0	42.2	105.9	98.4
202503	007000000	16	経費合計（原価）	16823275.0	15519074.0	16786249.0	35.2	108.1	99.7
202503	007000000	17	種苗費*	0.0	0.0	0.0	0.0	0.0	0.0
202503	007000000	18	肥料費*	1731000.0	1351000.0	1336443.0	2.8	98.9	77.2
202503	007000000	19	培土費用*	0.0	0.0	0.0	0.0	0.0	0.0
202503	007000000	20	農薬衛生費*	610000.0	688000.0	602114.0	1.2	87.5	98.7
202503	007000000	21	農具費*	32000.0	32000.0	268449.0	0.5	838.9	838.9
202503	007000000	22	諸材料費*	5059000.0	4539000.0	4400978.0	9.2	96.9	86.9
202503	007000000	23	その他仕入高*	0.0	0.0	0.0	0.0	0.0	0.0
202503	007000000	24	減価償却費*	1929844.0	1929844.0	1991810.0	4.1	103.2	103.2
202503	007000000	25	車両費*	0.0	0.0	0.0	0.0	0.0	0.0
202503	007000000	26	水道光熱費*	165000.0	165000.0	150528.0	0.3	91.2	91.2
202503	007000000	27	動力費*	1580000.0	1697000.0	1696087.0	3.5	99.9	107.3
202503	007000000	28	燃料費*	3240000.0	3600000.0	4326210.0	9.0	120.1	133.5
202503	007000000	29	賃借料*	1248230.0	1248230.0	1248230.0	2.6	100.0	100.0
202503	007000000	30	修繕費*	959201.0	140000.0	657582.0	1.3	469.7	68.5
202503	007000000	31	診断料*	0.0	0.0	0.0	0.0	0.0	0.0
202503	007000000	32	租税公課*	0.0	0.0	0.0	0.0	0.0	0.0
202503	007000000	33	業務委託費*	0.0	0.0	0.0	0.0	0.0	0.0
202503	007000000	34	雑費*	81000.0	81000.0	81000.0	0.1	100.0	100.0
202503	007000000	35	雑給*	188000.0	48000.0	26818.0	0.0	55.8	14.2
202503	007000000	36	経費合計（販管費）	3650316.0	3522954.0	3379656.0	7.0	95.9	92.5
202503	007000000	37	減価償却費	876995.0	1014819.0	1020307.0	2.1	100.5	116.3
202503	007000000	38	車両費	361590.0	279690.0	214356.0	0.4	76.6	59.2
202503	007000000	39	旅費交通費	100000.0	60000.0	2363.0	0.0	3.9	2.3
202503	007000000	40	通信費	67147.0	67147.0	56778.0	0.1	84.5	84.5
202503	007000000	41	水道光熱費	150000.0	186000.0	185322.0	0.3	99.6	123.5
202503	007000000	42	事務用品費	35000.0	35000.0	12885.0	0.0	36.8	36.8
202503	007000000	43	消耗品費	41116.0	248000.0	383841.0	0.8	154.7	933.5
202503	007000000	44	廃棄物処理料	300000.0	293000.0	221189.0	0.4	75.4	73.7
202503	007000000	45	広告宣伝費	100950.0	0.0	0.0	0.0	0.0	0.0
202503	007000000	46	接待交際費	30000.0	0.0	-109.0	0.0	0.0	0.0
202503	007000000	47	賃借料	99000.0	99000.0	98727.0	0.2	99.7	99.7
202503	007000000	48	賃貸料収入	-101000.0	-101000.0	-100150.0	0.0	0.0	0.0
202503	007000000	49	修繕費	100000.0	100000.0	0.0	0.0	0.0	0.0
202503	007000000	50	支払リース料	4400.0	4400.0	4400.0	0.0	100.0	100.0
202503	007000000	51	保険料	115168.0	115168.0	115146.0	0.2	99.9	99.9
202503	007000000	52	支払報酬	0.0	0.0	0.0	0.0	0.0	0.0
202503	007000000	53	支払手数料	107000.0	447400.0	425528.0	0.8	95.1	397.6
202503	007000000	54	診断料	40000.0	35000.0	20000.0	0.0	57.1	50.0
202503	007000000	55	諸会費	0.0	0.0	10825.0	0.0	0.0	0.0
202503	007000000	56	会議費	5000.0	5000.0	0.0	0.0	0.0	0.0
202503	007000000	57	寄付金	0.0	0.0	0.0	0.0	0.0	0.0
202503	007000000	58	租税公課	0.0	0.0	49.0	0.0	0.0	0.0
202503	007000000	59	業務委託費	0.0	0.0	0.0	0.0	0.0	0.0
202503	007000000	60	業務受託収入	-85000.0	-205000.0	-133184.0	0.0	0.0	0.0
202503	007000000	61	情報機器利用料	140950.0	127330.0	143750.0	0.3	112.8	101.9
202503	007000000	62	貸倒金	0.0	0.0	0.0	0.0	0.0	0.0
202503	007000000	63	雑費	551000.0	101000.0	94071.0	0.1	93.1	17.0
202503	007000000	64	福利消耗品費	8000.0	8000.0	9652.0	0.0	120.6	120.6
202503	007000000	65	教育研修費	10000.0	10000.0	910.0	0.0	9.1	9.1
202503	007000000	66	廃棄損	0.0	0.0	0.0	0.0	0.0	0.0
202503	007000000	67	雑給	0.0	0.0	0.0	0.0	0.0	0.0
202503	007000000	68	社内金利（固定資産）	0.0	0.0	0.0	0.0	0.0	0.0
202503	007000000	69	社内金利（売掛金）	0.0	0.0	0.0	0.0	0.0	0.0
202503	007000000	70	グループ共通	593000.0	593000.0	593000.0	1.2	100.0	100.0
202503	007000000	71	差引収益	15189409.0	7718472.0	10964496.0	22.9	142.0	72.1
202503	007000000	72	差引比率	26.9	17.7	22.9		129.3	85.1
202503	007000000	73	総時間	7744.0	7368.0	6970.5		94.6	90.0
202503	007000000	74	定時間	7453.0	7095.0	6724.25		94.7	90.2
202503	007000000	75	残業時間	239.0	213.0	206.25		96.8	86.2
202503	007000000	76	移動時間	52.0	60.0	40.0		66.6	76.9
202503	007000000	77	当月時間当り	1961.4	1047.5	1572.9		150.1	80.1
202503	007000000	78	人員	73.0	73.0	72.0		98.6	98.6
202504	007000000	1	総受注高	57130000.0	57153700.0	56258800.0		98.4	98.4
202504	007000000	2	総売上高	57130000.0	57153700.0	56258800.0		98.4	98.4
202504	007000000	3	売上高	57420000.0	57489700.0	56586698.0	100.5	98.4	98.5
202504	007000000	4	グループ売上高	0.0	0.0	0.0	0.0	0.0	0.0
202504	007000000	5	社内売上高	34900000.0	35463605.0	35452675.0	63.0	99.9	101.5
202504	007000000	7	販売奨励金	-290000.0	-336000.0	-327898.0	0.0	0.0	0.0
202504	007000000	8	売上原価	17350000.0	17382400.0	16540429.0	29.4	95.1	95.3
202504	007000000	9	仕入高	4255400.0	4255400.0	4141718.0	7.3	97.3	97.3
202504	007000000	10	グループ仕入高	8785600.0	8147000.0	7402344.0	13.1	90.8	84.2
202504	007000000	11	社内仕入高	34900000.0	35463605.0	35452675.0	63.0	99.9	101.5
202504	007000000	12	荷造運搬費	2879000.0	2750000.0	2741336.0	4.8	99.6	95.2
202504	007000000	13	販売手数料	1430000.0	2230000.0	2255031.0	4.0	101.1	157.6
202504	007000000	14	総収益	39780000.0	39771300.0	39718371.0	70.5	99.8	99.8
202504	007000000	15	経費合計	20144472.0	21841082.0	19863080.0	35.3	90.9	98.6
202504	007000000	16	経費合計（原価）	15906659.0	17564659.0	15656293.0	27.8	89.1	98.4
202504	007000000	17	種苗費*	0.0	0.0	0.0	0.0	0.0	0.0
202504	007000000	18	肥料費*	1484000.0	1484000.0	1944346.0	3.4	131.0	131.0
202504	007000000	19	培土費用*	0.0	0.0	0.0	0.0	0.0	0.0
202504	007000000	20	農薬衛生費*	317000.0	377000.0	365572.0	0.6	96.9	115.3
202504	007000000	21	農具費*	175000.0	101000.0	48172.0	0.0	47.6	27.5
202504	007000000	22	諸材料費*	4858000.0	6911000.0	6448747.0	11.4	93.3	132.7
202504	007000000	23	その他仕入高*	0.0	0.0	0.0	0.0	0.0	0.0
202504	007000000	24	減価償却費*	1944429.0	1944429.0	1944429.0	3.4	100.0	100.0
202504	007000000	25	車両費*	0.0	0.0	0.0	0.0	0.0	0.0
202504	007000000	26	水道光熱費*	167000.0	170000.0	166656.0	0.2	98.0	99.7
202504	007000000	27	動力費*	1680000.0	1799000.0	1798840.0	3.1	99.9	107.0
202504	007000000	28	燃料費*	1140000.0	1140000.0	1182000.0	2.1	103.6	103.6
202504	007000000	29	賃借料*	1248230.0	1248230.0	1248241.0	2.2	100.0	100.0
202504	007000000	30	修繕費*	2742000.0	2162000.0	2098.0	0.0	0.0	0.0
202504	007000000	31	診断料*	0.0	0.0	0.0	0.0	0.0	0.0
202504	007000000	32	租税公課*	0.0	0.0	0.0	0.0	0.0	0.0
202504	007000000	33	業務委託費*	0.0	0.0	0.0	0.0	0.0	0.0
202504	007000000	34	雑費*	81000.0	81000.0	81000.0	0.1	100.0	100.0
202504	007000000	35	雑給*	70000.0	147000.0	426192.0	0.7	289.9	608.8
202504	007000000	36	経費合計（販管費）	4237813.0	4276423.0	4206787.0	7.4	98.3	99.2
202504	007000000	37	減価償却費	1000830.0	1000830.0	999485.0	1.7	99.8	99.8
202504	007000000	38	車両費	279000.0	249000.0	225973.0	0.4	90.7	80.9
202504	007000000	39	旅費交通費	90000.0	40000.0	-2146.0	0.0	0.0	0.0
202504	007000000	40	通信費	66635.0	66635.0	53689.0	0.0	80.5	80.5
202504	007000000	41	水道光熱費	160000.0	216610.0	226380.0	0.4	104.5	141.4
202504	007000000	42	事務用品費	35000.0	35000.0	26042.0	0.0	74.4	74.4
202504	007000000	43	消耗品費	75000.0	75000.0	61008.0	0.1	81.3	81.3
202504	007000000	44	廃棄物処理料	367000.0	367000.0	293104.0	0.5	79.8	79.8
202504	007000000	45	広告宣伝費	28000.0	0.0	0.0	0.0	0.0	0.0
202504	007000000	46	接待交際費	10000.0	0.0	0.0	0.0	0.0	0.0
202504	007000000	47	賃借料	144000.0	144000.0	121227.0	0.2	84.1	84.1
202504	007000000	48	賃貸料収入	-116000.0	-116000.0	-118000.0	0.0	0.0	0.0
202504	007000000	49	修繕費	25000.0	525000.0	610000.0	1.0	116.1	
202504	007000000	50	支払リース料	4400.0	4400.0	4400.0	0.0	100.0	100.0
202504	007000000	51	保険料	159988.0	159988.0	163061.0	0.2	101.9	101.9
202504	007000000	52	支払報酬	0.0	0.0	0.0	0.0	0.0	0.0
202504	007000000	53	支払手数料	1181000.0	781000.0	833768.0	1.4	106.7	70.5
202504	007000000	54	診断料	20000.0	20000.0	20000.0	0.0	100.0	100.0
202504	007000000	55	諸会費	500.0	500.0	500.0	0.0	100.0	100.0
202504	007000000	56	会議費	5000.0	5000.0	0.0	0.0	0.0	0.0
202504	007000000	57	寄付金	0.0	0.0	0.0	0.0	0.0	0.0
202504	007000000	58	租税公課	0.0	0.0	4000.0	0.0	0.0	0.0
202504	007000000	59	業務委託費	0.0	0.0	0.0	0.0	0.0	0.0
202504	007000000	60	業務受託収入	-85000.0	-85000.0	-107910.0	0.0	0.0	0.0
202504	007000000	61	情報機器利用料	184420.0	184420.0	184420.0	0.3	100.0	100.0
202504	007000000	62	貸倒金	0.0	0.0	0.0	0.0	0.0	0.0
202504	007000000	63	雑費	87040.0	87040.0	91786.0	0.1	105.4	105.4
202504	007000000	64	福利消耗品費	0.0	0.0	0.0	0.0	0.0	0.0
202504	007000000	65	教育研修費	0.0	0.0	0.0	0.0	0.0	0.0
202504	007000000	66	廃棄損	0.0	0.0	0.0	0.0	0.0	0.0
202504	007000000	67	雑給	0.0	0.0	0.0	0.0	0.0	0.0
202504	007000000	68	社内金利（固定資産）	0.0	0.0	0.0	0.0	0.0	0.0
202504	007000000	69	社内金利（売掛金）	0.0	0.0	0.0	0.0	0.0	0.0
202504	007000000	70	グループ共通	516000.0	516000.0	516000.0	0.9	100.0	100.0
202504	007000000	71	差引収益	19635528.0	17930218.0	19855291.0	35.2	110.7	101.1
202504	007000000	72	差引比率	34.3	31.3	35.2		112.4	102.6
202504	007000000	73	総時間	8442.0	7972.25	8175.75		102.5	96.8
202504	007000000	74	定時間	8155.25	7593.25	7698.75		101.3	94.4
202504	007000000	75	残業時間	243.75	336.0	434.0		129.1	178.0
202504	007000000	76	移動時間	43.0	43.0	43.0		100.0	100.0
202504	007000000	77	当月時間当り	2325.9	2249.0	2428.5		107.9	104.4
202504	007000000	78	人員	78.0	78.0	70.0		89.7	89.7
202505	007000000	1	総受注高	77020000.0	75027700.0	75113343.0		100.1	97.5
202505	007000000	2	総売上高	77020000.0	75027700.0	75113343.0		100.1	97.5
202505	007000000	3	売上高	77440000.0	75411700.0	75485920.0	100.4	100.0	97.4
202505	007000000	4	グループ売上高	0.0	0.0	0.0	0.0	0.0	0.0
202505	007000000	5	社内売上高	49200000.0	49006510.0	48446543.0	64.4	98.8	98.4
202505	007000000	7	販売奨励金	-420000.0	-384000.0	-372577.0	0.0	0.0	0.0
202505	007000000	8	売上原価	22910000.0	21456000.0	21736929.0	28.9	101.3	94.8
202505	007000000	9	仕入高	5279850.0	5316000.0	5250176.0	6.9	98.7	99.4
202505	007000000	10	グループ仕入高	10029150.0	8840000.0	9005042.0	11.9	101.8	89.7
202505	007000000	11	社内仕入高	49200000.0	49006510.0	48446543.0	64.4	98.8	98.4
202505	007000000	12	荷造運搬費	4534000.0	4100000.0	4278721.0	5.6	104.3	94.3
202505	007000000	13	販売手数料	3067000.0	3200000.0	3202990.0	4.2	100.0	104.4
202505	007000000	14	総収益	54110000.0	53571700.0	53376414.0	71.0	99.6	98.6
202505	007000000	15	経費合計	34858472.0	36560535.0	32888924.0	43.7	89.9	94.3
202505	007000000	16	経費合計（原価）	24999659.0	26082659.0	23973456.0	31.9	91.9	95.8
202505	007000000	17	種苗費*	0.0	0.0	0.0	0.0	0.0	0.0
202505	007000000	18	肥料費*	1493000.0	1873000.0	1863679.0	2.4	99.5	124.8
202505	007000000	19	培土費用*	0.0	0.0	0.0	0.0	0.0	0.0
202505	007000000	20	農薬衛生費*	651000.0	808000.0	689320.0	0.9	85.3	105.8
202505	007000000	21	農具費*	2571000.0	2571000.0	1371837.0	1.8	53.3	53.3
202505	007000000	22	諸材料費*	6742000.0	6239000.0	7684214.0	10.2	123.1	113.9
202505	007000000	23	その他仕入高*	0.0	0.0	0.0	0.0	0.0	0.0
202505	007000000	24	減価償却費*	1944429.0	1944429.0	1944429.0	2.5	100.0	100.0
202505	007000000	25	車両費*	0.0	0.0	0.0	0.0	0.0	0.0
202505	007000000	26	水道光熱費*	167000.0	170000.0	161280.0	0.2	94.8	96.5
202505	007000000	27	動力費*	1686000.0	1475000.0	1475950.0	1.9	100.0	87.5
202505	007000000	28	燃料費*	760000.0	600000.0	546600.0	0.7	91.1	71.9
202505	007000000	29	賃借料*	1248230.0	1248230.0	1248230.0	1.6	100.0	100.0
202505	007000000	30	修繕費*	2837000.0	4090000.0	2298065.0	3.0	56.1	81.0
202505	007000000	31	診断料*	0.0	0.0	0.0	0.0	0.0	0.0
202505	007000000	32	租税公課*	0.0	0.0	0.0	0.0	0.0	0.0
202505	007000000	33	業務委託費*	0.0	0.0	0.0	0.0	0.0	0.0
202505	007000000	34	雑費*	3623000.0	3788000.0	3788000.0	5.0	100.0	104.5
202505	007000000	35	雑給*	1277000.0	1276000.0	901852.0	1.2	70.6	70.6
202505	007000000	36	経費合計（販管費）	9858813.0	10477876.0	8915468.0	11.8	85.0	90.4
202505	007000000	37	減価償却費	1000830.0	1000830.0	999485.0	1.3	99.8	99.8
202505	007000000	38	車両費	279000.0	259000.0	209258.0	0.2	80.7	75.0
202505	007000000	39	旅費交通費	90000.0	60000.0	4418.0	0.0	7.3	4.9
202505	007000000	40	通信費	66635.0	66635.0	51167.0	0.0	76.7	76.7
202505	007000000	41	水道光熱費	140000.0	160063.0	160063.0	0.2	100.0	114.3
202505	007000000	42	事務用品費	35000.0	35000.0	18118.0	0.0	51.7	51.7
202505	007000000	43	消耗品費	75000.0	105000.0	99914.0	0.1	95.1	133.2
202505	007000000	44	廃棄物処理料	402000.0	402000.0	371468.0	0.4	92.4	92.4
202505	007000000	45	広告宣伝費	0.0	28000.0	0.0	0.0	0.0	0.0
202505	007000000	46	接待交際費	0.0	0.0	0.0	0.0	0.0	0.0
202505	007000000	47	賃借料	144000.0	144000.0	76227.0	0.1	52.9	52.9
202505	007000000	48	賃貸料収入	-116000.0	-116000.0	-73000.0	0.0	0.0	0.0
202505	007000000	49	修繕費	25000.0	25000.0	0.0	0.0	0.0	0.0
202505	007000000	50	支払リース料	4400.0	4400.0	4400.0	0.0	100.0	100.0
202505	007000000	51	保険料	114988.0	114988.0	115181.0	0.1	100.1	100.1
202505	007000000	52	支払報酬	0.0	0.0	0.0	0.0	0.0	0.0
202505	007000000	53	支払手数料	255000.0	875000.0	425028.0	0.5	48.5	166.6
202505	007000000	54	診断料	179000.0	179000.0	157582.0	0.2	88.0	88.0
202505	007000000	55	諸会費	9000.0	5000.0	5000.0	0.0	100.0	55.5
202505	007000000	56	会議費	5000.0	5000.0	0.0	0.0	0.0	0.0
202505	007000000	57	寄付金	0.0	0.0	0.0	0.0	0.0	0.0
202505	007000000	58	租税公課	5901000.0	5901000.0	5188100.0	6.9	87.9	87.9
202505	007000000	59	業務委託費	0.0	0.0	0.0	0.0	0.0	0.0
202505	007000000	60	業務受託収入	-85000.0	-85000.0	-159000.0	0.0	0.0	0.0
202505	007000000	61	情報機器利用料	184420.0	184420.0	184420.0	0.2	100.0	100.0
202505	007000000	62	貸倒金	0.0	0.0	0.0	0.0	0.0	0.0
202505	007000000	63	雑費	568540.0	568540.0	561639.0	0.7	98.7	98.7
202505	007000000	64	福利消耗品費	65000.0	40000.0	0.0	0.0	0.0	0.0
202505	007000000	65	教育研修費	0.0	0.0	0.0	0.0	0.0	0.0
202505	007000000	66	廃棄損	0.0	0.0	0.0	0.0	0.0	0.0
202505	007000000	67	雑給	0.0	0.0	0.0	0.0	0.0	0.0
202505	007000000	68	社内金利（固定資産）	0.0	0.0	0.0	0.0	0.0	0.0
202505	007000000	69	社内金利（売掛金）	0.0	0.0	0.0	0.0	0.0	0.0
202505	007000000	70	グループ共通	516000.0	516000.0	516000.0	0.6	100.0	100.0
202505	007000000	71	差引収益	19251528.0	17011165.0	20487490.0	27.2	120.4	106.4
202505	007000000	72	差引比率	24.9	22.6	27.2		120.3	109.2
202505	007000000	73	総時間	8534.25	8642.0	9350.0		108.1	109.5
202505	007000000	74	定時間	8015.75	8109.75	8458.25		104.2	105.5
202505	007000000	75	残業時間	476.25	490.0	849.5		173.3	178.3
202505	007000000	76	移動時間	42.25	42.25	42.25		100.0	100.0
202505	007000000	77	当月時間当り	2255.7	1968.4	2191.1		111.3	97.1
202505	007000000	78	人員	78.0	75.0	75.0		100.0	96.1
202506	007000000	1	総受注高	70860000.0	63909730.0	59448253.0		93.0	83.8
202506	007000000	2	総売上高	70860000.0	63909730.0	59448253.0		93.0	83.8
202506	007000000	3	売上高	71360000.0	64417730.0	59940864.0	100.8	93.0	83.9
202506	007000000	4	グループ売上高	0.0	0.0	0.0	0.0	0.0	0.0
202506	007000000	5	社内売上高	45000000.0	40066200.0	37526180.0	63.1	93.6	83.3
202506	007000000	7	販売奨励金	-500000.0	-508000.0	-492611.0	0.0	0.0	0.0
202506	007000000	8	売上原価	22180000.0	21104450.0	19561504.0	32.9	92.6	88.1
202506	007000000	9	仕入高	5064800.0	4812450.0	4075097.0	6.8	84.6	80.4
202506	007000000	10	グループ仕入高	9836200.0	8602000.0	7884116.0	13.2	91.6	80.1
202506	007000000	11	社内仕入高	45000000.0	40066200.0	37526180.0	63.1	93.6	83.3
202506	007000000	12	荷造運搬費	4084000.0	3700000.0	3621895.0	6.0	97.8	88.6
202506	007000000	13	販売手数料	3195000.0	3990000.0	3980396.0	6.6	99.7	124.5
202506	007000000	14	総収益	48680000.0	42805280.0	39886749.0	67.0	93.1	81.9
202506	007000000	15	経費合計	25873472.0	23540498.0	22771626.0	38.3	96.7	88.0
202506	007000000	16	経費合計（原価）	22504659.0	20126659.0	18238208.0	30.6	90.6	81.0
202506	007000000	17	種苗費*	2600000.0	2600000.0	2541308.0	4.2	97.7	97.7
202506	007000000	18	肥料費*	1556000.0	1556000.0	1190978.0	2.0	76.5	76.5
202506	007000000	19	培土費用*	4440000.0	1822000.0	0.0	0.0	0.0	0.0
202506	007000000	20	農薬衛生費*	350000.0	310000.0	382382.0	0.6	123.3	109.2
202506	007000000	21	農具費*	53000.0	438000.0	989011.0	1.6	225.8	
202506	007000000	22	諸材料費*	6434000.0	6117000.0	5595028.0	9.4	91.4	86.9
202506	007000000	23	その他仕入高*	0.0	0.0	0.0	0.0	0.0	0.0
202506	007000000	24	減価償却費*	1944429.0	1944429.0	1944429.0	3.2	100.0	100.0
202506	007000000	25	車両費*	0.0	0.0	0.0	0.0	0.0	0.0
202506	007000000	26	水道光熱費*	167000.0	170000.0	166656.0	0.2	98.0	99.7
202506	007000000	27	動力費*	1680000.0	1262000.0	1261388.0	2.1	99.9	75.0
202506	007000000	28	燃料費*	0.0	0.0	0.0	0.0	0.0	0.0
202506	007000000	29	賃借料*	1248230.0	1248230.0	1248230.0	2.0	100.0	100.0
202506	007000000	30	修繕費*	460000.0	460000.0	208659.0	0.3	45.3	45.3
202506	007000000	31	診断料*	0.0	0.0	0.0	0.0	0.0	0.0
202506	007000000	32	租税公課*	0.0	0.0	0.0	0.0	0.0	0.0
202506	007000000	33	業務委託費*	0.0	0.0	0.0	0.0	0.0	0.0
202506	007000000	34	雑費*	687000.0	1193000.0	1250595.0	2.1	104.8	182.0
202506	007000000	35	雑給*	885000.0	1006000.0	1459544.0	2.4	145.0	164.9
202506	007000000	36	経費合計（販管費）	3368813.0	3413839.0	4533418.0	7.6	132.7	134.5
202506	007000000	37	減価償却費	1000830.0	1000830.0	999485.0	1.6	99.8	99.8
202506	007000000	38	車両費	283000.0	263000.0	201589.0	0.3	76.6	71.2
202506	007000000	39	旅費交通費	100000.0	80000.0	38620.0	0.0	48.2	38.6
202506	007000000	40	通信費	66635.0	66635.0	52287.0	0.0	78.4	78.4
202506	007000000	41	水道光熱費	170000.0	157026.0	155854.0	0.2	99.2	91.6
202506	007000000	42	事務用品費	35000.0	35000.0	20585.0	0.0	58.8	58.8
202506	007000000	43	消耗品費	58000.0	58000.0	106114.0	0.1	182.9	182.9
202506	007000000	44	廃棄物処理料	436000.0	332000.0	467701.0	0.7	140.8	107.2
202506	007000000	45	広告宣伝費	0.0	0.0	0.0	0.0	0.0	0.0
202506	007000000	46	接待交際費	10000.0	10000.0	0.0	0.0	0.0	0.0
202506	007000000	47	賃借料	144000.0	144000.0	98727.0	0.1	68.5	68.5
202506	007000000	48	賃貸料収入	-116000.0	-116000.0	-95500.0	0.0	0.0	0.0
202506	007000000	49	修繕費	75000.0	75000.0	570000.0	0.9	760.0	760.0
202506	007000000	50	支払リース料	4400.0	4400.0	4400.0	0.0	100.0	100.0
202506	007000000	51	保険料	114988.0	114988.0	115181.0	0.1	100.1	100.1
202506	007000000	52	支払報酬	0.0	0.0	43000.0	0.0	0.0	0.0
202506	007000000	53	支払手数料	77000.0	337000.0	233368.0	0.3	69.2	303.0
202506	007000000	54	診断料	30000.0	30000.0	20000.0	0.0	66.6	66.6
202506	007000000	55	諸会費	500.0	500.0	0.0	0.0	0.0	0.0
202506	007000000	56	会議費	5000.0	5000.0	3819.0	0.0	76.3	76.3
202506	007000000	57	寄付金	0.0	0.0	0.0	0.0	0.0	0.0
202506	007000000	58	租税公課	0.0	0.0	726681.0	1.2	0.0	0.0
202506	007000000	59	業務委託費	0.0	0.0	0.0	0.0	0.0	0.0
202506	007000000	60	業務受託収入	-40000.0	-40000.0	-86000.0	0.0	0.0	0.0
202506	007000000	61	情報機器利用料	184420.0	184420.0	184420.0	0.3	100.0	100.0
202506	007000000	62	貸倒金	0.0	0.0	0.0	0.0	0.0	0.0
202506	007000000	63	雑費	203040.0	155040.0	155225.0	0.2	100.1	76.4
202506	007000000	64	福利消耗品費	1000.0	1000.0	1862.0	0.0	186.2	186.2
202506	007000000	65	教育研修費	10000.0	0.0	0.0	0.0	0.0	0.0
202506	007000000	66	廃棄損	0.0	0.0	0.0	0.0	0.0	0.0
202506	007000000	67	雑給	0.0	0.0	0.0	0.0	0.0	0.0
202506	007000000	68	社内金利（固定資産）	0.0	0.0	0.0	0.0	0.0	0.0
202506	007000000	69	社内金利（売掛金）	0.0	0.0	0.0	0.0	0.0	0.0
202506	007000000	70	グループ共通	516000.0	516000.0	516000.0	0.8	100.0	100.0
202506	007000000	71	差引収益	22806528.0	19264782.0	17115123.0	28.7	88.8	75.0
202506	007000000	72	差引比率	32.1	30.1	28.7		95.3	89.4
202506	007000000	73	総時間	8613.0	9095.25	8832.75		97.1	102.5
202506	007000000	74	定時間	8068.0	8452.0	8079.75		95.5	100.1
202506	007000000	75	残業時間	502.75	605.0	710.75		117.4	141.3
202506	007000000	76	移動時間	42.25	38.25	42.25		110.4	100.0
202506	007000000	77	当月時間当り	2647.9	2118.1	1937.6		91.4	73.1
202506	007000000	78	人員	78.0	78.0	77.0		98.7	98.7
202507	007000000	1	総受注高	63800000.0	57060000.0	53399686.0		93.5	83.6
202507	007000000	2	総売上高	63800000.0	57060000.0	53399686.0		93.5	83.6
202507	007000000	3	売上高	64300000.0	57495000.0	53821015.0	100.7	93.6	83.7
202507	007000000	4	グループ売上高	0.0	0.0	0.0	0.0	0.0	0.0
202507	007000000	5	社内売上高	42700000.0	39991000.0	36219933.0	67.8	90.5	84.8
202507	007000000	7	販売奨励金	-500000.0	-435000.0	-421329.0	0.0	0.0	0.0
202507	007000000	8	売上原価	18040000.0	14278000.0	14702541.0	27.5	102.9	81.4
202507	007000000	9	仕入高	4559690.0	3580000.0	3493686.0	6.5	97.5	76.6
202507	007000000	10	グループ仕入高	6943310.0	4148000.0	4914037.0	9.2	118.4	70.7
202507	007000000	11	社内仕入高	42700000.0	39991000.0	36219933.0	67.8	90.5	84.8
202507	007000000	12	荷造運搬費	3491000.0	3300000.0	3027990.0	5.6	91.7	86.7
202507	007000000	13	販売手数料	3046000.0	3250000.0	3266828.0	6.1	100.5	107.2
202507	007000000	14	総収益	45760000.0	42782000.0	38697145.0	72.4	90.4	84.5
202507	007000000	15	経費合計	19350472.0	22225202.0	22712571.0	42.5	102.1	117.3
202507	007000000	16	経費合計（原価）	15840659.0	18659659.0	19313938.0	36.1	103.5	121.9
202507	007000000	17	種苗費*	0.0	98000.0	97500.0	0.1	99.4	0.0
202507	007000000	18	肥料費*	1232000.0	1882000.0	2253370.0	4.2	119.7	182.9
202507	007000000	19	培土費用*	0.0	1822000.0	1821600.0	3.4	99.9	0.0
202507	007000000	20	農薬衛生費*	500000.0	480000.0	521317.0	0.9	108.6	104.2
202507	007000000	21	農具費*	108000.0	1644000.0	1561900.0	2.9	95.0	
202507	007000000	22	諸材料費*	7134000.0	6502000.0	7263687.0	13.6	111.7	101.8
202507	007000000	23	その他仕入高*	0.0	0.0	0.0	0.0	0.0	0.0
202507	007000000	24	減価償却費*	1944429.0	1944429.0	1944429.0	3.6	100.0	100.0
202507	007000000	25	車両費*	0.0	0.0	0.0	0.0	0.0	0.0
202507	007000000	26	水道光熱費*	180000.0	180000.0	161280.0	0.3	89.6	89.6
202507	007000000	27	動力費*	1880000.0	1399000.0	1398829.0	2.6	99.9	74.4
202507	007000000	28	燃料費*	0.0	0.0	0.0	0.0	0.0	0.0
202507	007000000	29	賃借料*	1248230.0	1248230.0	1248230.0	2.3	100.0	100.0
202507	007000000	30	修繕費*	460000.0	60000.0	64458.0	0.1	107.4	14.0
202507	007000000	31	診断料*	0.0	0.0	0.0	0.0	0.0	0.0
202507	007000000	32	租税公課*	0.0	0.0	0.0	0.0	0.0	0.0
202507	007000000	33	業務委託費*	0.0	0.0	0.0	0.0	0.0	0.0
202507	007000000	34	雑費*	81000.0	394000.0	186638.0	0.3	47.3	230.4
202507	007000000	35	雑給*	1073000.0	1006000.0	790700.0	1.4	78.5	73.6
202507	007000000	36	経費合計（販管費）	3509813.0	3565543.0	3398633.0	6.3	95.3	96.8
202507	007000000	37	減価償却費	1000830.0	1000830.0	999485.0	1.8	99.8	99.8
202507	007000000	38	車両費	300200.0	280200.0	287899.0	0.5	102.7	95.9
202507	007000000	39	旅費交通費	90000.0	60000.0	34264.0	0.0	57.1	38.0
202507	007000000	40	通信費	66635.0	66635.0	51917.0	0.0	77.9	77.9
202507	007000000	41	水道光熱費	150000.0	151730.0	151729.0	0.2	99.9	101.1
202507	007000000	42	事務用品費	35000.0	35000.0	29579.0	0.0	84.5	84.5
202507	007000000	43	消耗品費	80000.0	60000.0	82719.0	0.1	137.8	103.3
202507	007000000	44	廃棄物処理料	367000.0	471000.0	456287.0	0.8	96.8	124.3
202507	007000000	45	広告宣伝費	0.0	0.0	0.0	0.0	0.0	0.0
202507	007000000	46	接待交際費	0.0	0.0	1110.0	0.0	0.0	0.0
202507	007000000	47	賃借料	144000.0	99000.0	98727.0	0.1	99.7	68.5
202507	007000000	48	賃貸料収入	-116000.0	-96000.0	-95500.0	0.0	0.0	0.0
202507	007000000	49	修繕費	25000.0	88000.0	63000.0	0.1	71.5	252.0
202507	007000000	50	支払リース料	4400.0	12400.0	4400.0	0.0	35.4	100.0
202507	007000000	51	保険料	114988.0	114988.0	115181.0	0.2	100.1	100.1
202507	007000000	52	支払報酬	369000.0	343000.0	315210.0	0.5	91.8	85.4
202507	007000000	53	支払手数料	77000.0	77000.0	59994.0	0.1	77.9	77.9
202507	007000000	54	診断料	35000.0	35000.0	20000.0	0.0	57.1	57.1
202507	007000000	55	諸会費	0.0	0.0	2500.0	0.0	0.0	0.0
202507	007000000	56	会議費	5000.0	5000.0	0.0	0.0	0.0	0.0
202507	007000000	57	寄付金	0.0	0.0	0.0	0.0	0.0	0.0
202507	007000000	58	租税公課	5000.0	5000.0	0.0	0.0	0.0	0.0
202507	007000000	59	業務委託費	0.0	0.0	0.0	0.0	0.0	0.0
202507	007000000	60	業務受託収入	-40000.0	-40000.0	-88000.0	0.0	0.0	0.0
202507	007000000	61	情報機器利用料	184420.0	184420.0	184420.0	0.3	100.0	100.0
202507	007000000	62	貸倒金	0.0	0.0	0.0	0.0	0.0	0.0
202507	007000000	63	雑費	96340.0	96340.0	107712.0	0.2	111.8	111.8
202507	007000000	64	福利消耗品費	0.0	0.0	0.0	0.0	0.0	0.0
202507	007000000	65	教育研修費	0.0	0.0	0.0	0.0	0.0	0.0
202507	007000000	66	廃棄損	0.0	0.0	0.0	0.0	0.0	0.0
202507	007000000	67	雑給	0.0	0.0	0.0	0.0	0.0	0.0
202507	007000000	68	社内金利（固定資産）	0.0	0.0	0.0	0.0	0.0	0.0
202507	007000000	69	社内金利（売掛金）	0.0	0.0	0.0	0.0	0.0	0.0
202507	007000000	70	グループ共通	516000.0	516000.0	516000.0	0.9	100.0	100.0
202507	007000000	71	差引収益	26409528.0	20556798.0	15984574.0	29.9	77.7	60.5
202507	007000000	72	差引比率	41.3	36.0	29.9		83.0	72.3
202507	007000000	73	総時間	9041.25	8998.75	9209.25		102.3	101.8
202507	007000000	74	定時間	8440.0	8361.0	8419.5		100.6	99.7
202507	007000000	75	残業時間	557.5	598.0	748.0		125.0	134.1
202507	007000000	76	移動時間	43.75	39.75	41.75		105.0	95.4
202507	007000000	77	当月時間当り	2921.0	2284.4	1735.7		75.9	59.4
202507	007000000	78	人員	78.0	79.0	79.0		100.0	101.2
202508	007000000	1	総受注高	42690000.0	45001270.0	49111181.0		109.1	115.0
202508	007000000	2	総売上高	42690000.0	45001270.0	49111181.0		109.1	115.0
202508	007000000	3	売上高	43260000.0	45401270.0	49500976.0	100.7	109.0	114.4
202508	007000000	4	グループ売上高	0.0	0.0	0.0	0.0	0.0	0.0
202508	007000000	5	社内売上高	30500000.0	30834000.0	32042058.0	65.2	103.9	105.0
202508	007000000	7	販売奨励金	-570000.0	-400000.0	-389795.0	0.0	0.0	0.0
202508	007000000	8	売上原価	10480000.0	12455020.0	14004185.0	28.5	112.4	133.6
202508	007000000	9	仕入高	3008760.0	7325020.0	8409296.0	17.1	114.8	279.4
202508	007000000	10	グループ仕入高	2869940.0	0.0	47004.0	0.0	0.0	1.6
202508	007000000	11	社内仕入高	30500000.0	30834000.0	32042058.0	65.2	103.9	105.0
202508	007000000	12	荷造運搬費	2457000.0	2300000.0	2557892.0	5.2	111.2	104.1
202508	007000000	13	販売手数料	2144300.0	2830000.0	2989993.0	6.0	105.6	139.4
202508	007000000	14	総収益	32210000.0	32546250.0	35106996.0	71.4	107.8	108.9
202508	007000000	15	経費合計	19182472.0	20859575.0	19342928.0	39.3	92.7	100.8
202508	007000000	16	経費合計（原価）	15722659.0	16532659.0	14522125.0	29.5	87.8	92.3
202508	007000000	17	種苗費*	0.0	0.0	0.0	0.0	0.0	0.0
202508	007000000	18	肥料費*	1886000.0	1641000.0	1622059.0	3.3	98.8	86.0
202508	007000000	19	培土費用*	500000.0	966000.0	957866.0	1.9	99.1	191.5
202508	007000000	20	農薬衛生費*	400000.0	368000.0	499243.0	1.0	135.6	124.8
202508	007000000	21	農具費*	740000.0	653000.0	580406.0	1.1	88.8	78.4
202508	007000000	22	諸材料費*	4582000.0	5934000.0	4026955.0	8.1	67.8	87.8
202508	007000000	23	その他仕入高*	0.0	0.0	0.0	0.0	0.0	0.0
202508	007000000	24	減価償却費*	1944429.0	1944429.0	1944429.0	3.9	100.0	100.0
202508	007000000	25	車両費*	0.0	0.0	0.0	0.0	0.0	0.0
202508	007000000	26	水道光熱費*	180000.0	180000.0	166656.0	0.3	92.5	92.5
202508	007000000	27	動力費*	1898000.0	1903000.0	1881276.0	3.8	98.8	99.1
202508	007000000	28	燃料費*	0.0	0.0	0.0	0.0	0.0	0.0
202508	007000000	29	賃借料*	1248230.0	1248230.0	1248230.0	2.5	100.0	100.0
202508	007000000	30	修繕費*	460000.0	210000.0	0.0	0.0	0.0	0.0
202508	007000000	31	診断料*	0.0	0.0	0.0	0.0	0.0	0.0
202508	007000000	32	租税公課*	0.0	0.0	0.0	0.0	0.0	0.0
202508	007000000	33	業務委託費*	0.0	0.0	0.0	0.0	0.0	0.0
202508	007000000	34	雑費*	991000.0	691000.0	816625.0	1.6	118.1	82.4
202508	007000000	35	雑給*	893000.0	794000.0	778380.0	1.5	98.0	87.1
202508	007000000	36	経費合計（販管費）	3459813.0	4326916.0	4820803.0	9.8	111.4	139.3
202508	007000000	37	減価償却費	1000830.0	1000830.0	999485.0	2.0	99.8	99.8
202508	007000000	38	車両費	280200.0	270200.0	266221.0	0.5	98.5	95.0
202508	007000000	39	旅費交通費	90000.0	50000.0	65518.0	0.1	131.0	72.7
202508	007000000	40	通信費	66635.0	120035.0	54039.0	0.1	45.0	81.0
202508	007000000	41	水道光熱費	190000.0	211703.0	219805.0	0.4	103.8	115.6
202508	007000000	42	事務用品費	35000.0	35000.0	8747.0	0.0	24.9	24.9
202508	007000000	43	消耗品費	324000.0	391000.0	587354.0	1.1	150.2	181.2
202508	007000000	44	廃棄物処理料	258000.0	991000.0	1540851.0	3.1	155.4	597.2
202508	007000000	45	広告宣伝費	0.0	13000.0	24375.0	0.0	187.5	0.0
202508	007000000	46	接待交際費	0.0	0.0	0.0	0.0	0.0	0.0
202508	007000000	47	賃借料	144000.0	99000.0	98727.0	0.2	99.7	68.5
202508	007000000	48	賃貸料収入	-116000.0	-96000.0	-95500.0	0.0	0.0	0.0
202508	007000000	49	修繕費	25000.0	25000.0	0.0	0.0	0.0	0.0
202508	007000000	50	支払リース料	12400.0	18400.0	18400.0	0.0	100.0	148.3
202508	007000000	51	保険料	114988.0	114988.0	115181.0	0.2	100.1	100.1
202508	007000000	52	支払報酬	0.0	0.0	0.0	0.0	0.0	0.0
202508	007000000	53	支払手数料	77000.0	179000.0	159080.0	0.3	88.8	206.5
202508	007000000	54	診断料	74000.0	20000.0	20855.0	0.0	104.2	28.1
202508	007000000	55	諸会費	500.0	500.0	0.0	0.0	0.0	0.0
202508	007000000	56	会議費	5000.0	5000.0	0.0	0.0	0.0	0.0
202508	007000000	57	寄付金	0.0	0.0	0.0	0.0	0.0	0.0
202508	007000000	58	租税公課	0.0	0.0	2396.0	0.0	0.0	0.0
202508	007000000	59	業務委託費	0.0	0.0	0.0	0.0	0.0	0.0
202508	007000000	60	業務受託収入	-40000.0	-40000.0	-135455.0	0.0	0.0	0.0
202508	007000000	61	情報機器利用料	184420.0	184420.0	184420.0	0.3	100.0	100.0
202508	007000000	62	貸倒金	0.0	0.0	0.0	0.0	0.0	0.0
202508	007000000	63	雑費	217840.0	217840.0	170304.0	0.3	78.1	78.1
202508	007000000	64	福利消耗品費	0.0	0.0	0.0	0.0	0.0	0.0
202508	007000000	65	教育研修費	0.0	0.0	0.0	0.0	0.0	0.0
202508	007000000	66	廃棄損	0.0	0.0	0.0	0.0	0.0	0.0
202508	007000000	67	雑給	0.0	0.0	0.0	0.0	0.0	0.0
202508	007000000	68	社内金利（固定資産）	0.0	0.0	0.0	0.0	0.0	0.0
202508	007000000	69	社内金利（売掛金）	0.0	0.0	0.0	0.0	0.0	0.0
202508	007000000	70	グループ共通	516000.0	516000.0	516000.0	1.0	100.0	100.0
202508	007000000	71	差引収益	13027528.0	11686675.0	15764068.0	32.0	134.8	121.0
202508	007000000	72	差引比率	30.5	25.9	32.0		123.5	104.9
202508	007000000	73	総時間	7420.75	7408.75	7673.25		103.5	103.4
202508	007000000	74	定時間	6863.0	6810.0	7011.5		102.9	102.1
202508	007000000	75	残業時間	518.75	563.75	627.0		111.2	120.8
202508	007000000	76	移動時間	39.0	35.0	34.75		99.2	89.1
202508	007000000	77	当月時間当り	1755.5	1577.4	2054.4		130.2	117.0
202508	007000000	78	人員	78.0	78.0	79.0		101.2	101.2
202509	007000000	1	総受注高	30500000.0	41614000.0	50572267.0		121.5	165.8
202509	007000000	2	総売上高	30500000.0	41614000.0	50572267.0		121.5	165.8
202509	007000000	3	売上高	30900000.0	42520000.0	51472101.0	101.7	121.0	166.5
202509	007000000	4	グループ売上高	0.0	0.0	0.0	0.0	0.0	0.0
202509	007000000	5	社内売上高	22200000.0	29880900.0	34453715.0	68.1	115.3	155.1
202509	007000000	7	販売奨励金	-400000.0	-906000.0	-899834.0	0.0	0.0	0.0
202509	007000000	8	売上原価	7610000.0	11300000.0	14481957.0	28.6	128.1	190.3
202509	007000000	9	仕入高	1392320.0	5580000.0	8392005.0	16.5	150.3	602.7
202509	007000000	10	グループ仕入高	2518380.0	680000.0	869192.0	1.7	127.8	34.5
202509	007000000	11	社内仕入高	22200000.0	29880900.0	34453715.0	68.1	115.3	155.1
202509	007000000	12	荷造運搬費	2149000.0	2450000.0	2462229.0	4.8	100.4	114.5
202509	007000000	13	販売手数料	1550300.0	2590000.0	2758531.0	5.4	106.5	177.9
202509	007000000	14	総収益	22890000.0	30314000.0	36090310.0	71.3	119.0	157.6
202509	007000000	15	経費合計	22248472.0	24584886.0	24910608.0	49.2	101.3	111.9
202509	007000000	16	経費合計（原価）	17791659.0	21356659.0	21759037.0	43.0	101.8	122.2
202509	007000000	17	種苗費*	5100000.0	5040000.0	5017644.0	9.9	99.5	98.3
202509	007000000	18	肥料費*	1932000.0	1951000.0	1794836.0	3.5	91.9	92.9
202509	007000000	19	培土費用*	0.0	83000.0	82952.0	0.1	99.9	0.0
202509	007000000	20	農薬衛生費*	899000.0	837000.0	934934.0	1.8	111.7	103.9
202509	007000000	21	農具費*	20000.0	90000.0	210298.0	0.4	233.6	
202509	007000000	22	諸材料費*	3119000.0	7100000.0	7343511.0	14.5	103.4	235.4
202509	007000000	23	その他仕入高*	0.0	0.0	0.0	0.0	0.0	0.0
202509	007000000	24	減価償却費*	1944429.0	1944429.0	1944429.0	3.8	100.0	100.0
202509	007000000	25	車両費*	0.0	0.0	0.0	0.0	0.0	0.0
202509	007000000	26	水道光熱費*	180000.0	169000.0	168192.0	0.3	99.5	93.4
202509	007000000	27	動力費*	1880000.0	1914000.0	1913210.0	3.7	99.9	101.7
202509	007000000	28	燃料費*	0.0	0.0	0.0	0.0	0.0	0.0
202509	007000000	29	賃借料*	1248230.0	1248230.0	1248230.0	2.4	100.0	100.0
202509	007000000	30	修繕費*	1340000.0	644000.0	654110.0	1.2	101.5	48.8
202509	007000000	31	診断料*	0.0	0.0	0.0	0.0	0.0	0.0
202509	007000000	32	租税公課*	0.0	0.0	0.0	0.0	0.0	0.0
202509	007000000	33	業務委託費*	0.0	0.0	0.0	0.0	0.0	0.0
202509	007000000	34	雑費*	81000.0	81000.0	81000.0	0.1	100.0	100.0
202509	007000000	35	雑給*	48000.0	255000.0	365691.0	0.7	143.4	761.8
202509	007000000	36	経費合計（販管費）	4456813.0	3228227.0	3151571.0	6.2	97.6	70.7
202509	007000000	37	減価償却費	1000830.0	1019172.0	1017827.0	2.0	99.8	101.6
202509	007000000	38	車両費	284200.0	284200.0	271396.0	0.5	95.4	95.4
202509	007000000	39	旅費交通費	110000.0	60000.0	86072.0	0.1	143.4	78.2
202509	007000000	40	通信費	66635.0	120035.0	91904.0	0.1	76.5	137.9
202509	007000000	41	水道光熱費	190000.0	205672.0	205672.0	0.4	100.0	108.2
202509	007000000	42	事務用品費	35000.0	35000.0	20839.0	0.0	59.5	59.5
202509	007000000	43	消耗品費	58000.0	78000.0	75216.0	0.1	96.4	129.6
202509	007000000	44	廃棄物処理料	1541000.0	258000.0	294485.0	0.5	114.1	19.1
202509	007000000	45	広告宣伝費	60000.0	60000.0	13190.0	0.0	21.9	21.9
202509	007000000	46	接待交際費	0.0	0.0	0.0	0.0	0.0	0.0
202509	007000000	47	賃借料	144000.0	99000.0	98727.0	0.1	99.7	68.5
202509	007000000	48	賃貸料収入	-116000.0	-96000.0	-95500.0	0.0	0.0	0.0
202509	007000000	49	修繕費	17000.0	17000.0	0.0	0.0	0.0	0.0
202509	007000000	50	支払リース料	12400.0	11400.0	11400.0	0.0	100.0	91.9
202509	007000000	51	保険料	114988.0	114988.0	115181.0	0.2	100.1	100.1
202509	007000000	52	支払報酬	0.0	0.0	0.0	0.0	0.0	0.0
202509	007000000	53	支払手数料	117000.0	119000.0	101294.0	0.2	85.1	86.5
202509	007000000	54	診断料	25000.0	51000.0	54500.0	0.1	106.8	218.0
202509	007000000	55	諸会費	0.0	0.0	0.0	0.0	0.0	0.0
202509	007000000	56	会議費	5000.0	5000.0	0.0	0.0	0.0	0.0
202509	007000000	57	寄付金	0.0	0.0	0.0	0.0	0.0	0.0
202509	007000000	58	租税公課	0.0	0.0	67.0	0.0	0.0	0.0
202509	007000000	59	業務委託費	0.0	0.0	0.0	0.0	0.0	0.0
202509	007000000	60	業務受託収入	-40000.0	-40000.0	-76001.0	0.0	0.0	0.0
202509	007000000	61	情報機器利用料	184420.0	184420.0	184420.0	0.3	100.0	100.0
202509	007000000	62	貸倒金	0.0	0.0	0.0	0.0	0.0	0.0
202509	007000000	63	雑費	91340.0	91340.0	80952.0	0.1	88.6	88.6
202509	007000000	64	福利消耗品費	30000.0	25000.0	4330.0	0.0	17.3	14.4
202509	007000000	65	教育研修費	10000.0	10000.0	79600.0	0.1	796.0	796.0
202509	007000000	66	廃棄損	0.0	0.0	0.0	0.0	0.0	0.0
202509	007000000	67	雑給	0.0	0.0	0.0	0.0	0.0	0.0
202509	007000000	68	社内金利（固定資産）	0.0	0.0	0.0	0.0	0.0	0.0
202509	007000000	69	社内金利（売掛金）	0.0	0.0	0.0	0.0	0.0	0.0
202509	007000000	70	グループ共通	516000.0	516000.0	516000.0	1.0	100.0	100.0
202509	007000000	71	差引収益	641528.0	5729114.0	11179702.0	22.1	195.1	
202509	007000000	72	差引比率	2.1	13.7	22.1		161.3	
202509	007000000	73	総時間	8091.25	8573.0	8516.5		99.3	105.2
202509	007000000	74	定時間	7702.0	7982.0	7869.5		98.5	102.1
202509	007000000	75	残業時間	346.25	548.0	608.75		111.0	175.8
202509	007000000	76	移動時間	43.0	43.0	38.25		88.9	88.9
202509	007000000	77	当月時間当り	79.2	668.2	1312.7		196.4	
202509	007000000	78	人員	78.0	78.0	79.0		101.2	101.2
202510	007000000	1	総受注高	31650000.0	30847780.0	39218839.0		127.1	123.9
202510	007000000	2	総売上高	31650000.0	30847780.0	39218839.0		127.1	123.9
202510	007000000	3	売上高	31920000.0	31772780.0	40142083.0	102.3	126.3	125.7
202510	007000000	4	グループ売上高	0.0	0.0	0.0	0.0	0.0	0.0
202510	007000000	5	社内売上高	21000000.0	22615168.0	26688560.0	68.0	118.0	127.0
202510	007000000	7	販売奨励金	-270000.0	-925000.0	-923244.0	0.0	0.0	0.0
202510	007000000	8	売上原価	8830000.0	8770100.0	11636176.0	29.6	132.6	131.7
202510	007000000	9	仕入高	2249760.0	3593100.0	5659606.0	14.4	157.5	251.5
202510	007000000	10	グループ仕入高	3633240.0	782000.0	1455634.0	3.7	186.1	40.0
202510	007000000	11	社内仕入高	21000000.0	22615168.0	26688560.0	68.0	118.0	127.0
202510	007000000	12	荷造運搬費	1824000.0	2380000.0	2500637.0	6.3	105.0	137.0
202510	007000000	13	販売手数料	1123000.0	2015000.0	2020299.0	5.1	100.2	179.9
202510	007000000	14	総収益	22820000.0	22077680.0	27582663.0	70.3	124.9	120.8
202510	007000000	15	経費合計	16423384.0	19043831.0	18086710.0	46.1	94.9	110.1
202510	007000000	16	経費合計（原価）	12915659.0	15661659.0	15006469.0	38.2	95.8	116.1
202510	007000000	17	種苗費*	0.0	0.0	0.0	0.0	0.0	0.0
202510	007000000	18	肥料費*	1841000.0	1958000.0	1745049.0	4.4	89.1	94.7
202510	007000000	19	培土費用*	0.0	0.0	0.0	0.0	0.0	0.0
202510	007000000	20	農薬衛生費*	609000.0	681000.0	857619.0	2.1	125.9	140.8
202510	007000000	21	農具費*	62000.0	301000.0	213159.0	0.5	70.8	343.8
202510	007000000	22	諸材料費*	2008000.0	4549000.0	4834618.0	12.3	106.2	240.7
202510	007000000	23	その他仕入高*	0.0	0.0	0.0	0.0	0.0	0.0
202510	007000000	24	減価償却費*	1944429.0	1944429.0	1944429.0	4.9	100.0	100.0
202510	007000000	25	車両費*	0.0	0.0	0.0	0.0	0.0	0.0
202510	007000000	26	水道光熱費*	174000.0	170000.0	161280.0	0.4	94.8	92.6
202510	007000000	27	動力費*	1880000.0	1865000.0	1864210.0	4.7	99.9	99.1
202510	007000000	28	燃料費*	760000.0	380000.0	368400.0	0.9	96.9	48.4
202510	007000000	29	賃借料*	1248230.0	1248230.0	1248230.0	3.1	100.0	100.0
202510	007000000	30	修繕費*	460000.0	60000.0	25000.0	0.0	41.6	5.4
202510	007000000	31	診断料*	0.0	0.0	0.0	0.0	0.0	0.0
202510	007000000	32	租税公課*	0.0	0.0	0.0	0.0	0.0	0.0
202510	007000000	33	業務委託費*	0.0	0.0	0.0	0.0	0.0	0.0
202510	007000000	34	雑費*	1881000.0	2384000.0	1656600.0	4.2	69.4	88.0
202510	007000000	35	雑給*	48000.0	121000.0	87875.0	0.2	72.6	183.0
202510	007000000	36	経費合計（販管費）	3507725.0	3382172.0	3080241.0	7.8	91.0	87.8
202510	007000000	37	減価償却費	1000830.0	1089035.0	1086508.0	2.7	99.7	108.5
202510	007000000	38	車両費	280200.0	280200.0	257453.0	0.6	91.8	91.8
202510	007000000	39	旅費交通費	100000.0	60000.0	47372.0	0.1	78.9	47.3
202510	007000000	40	通信費	66635.0	68437.0	54602.0	0.1	79.7	81.9
202510	007000000	41	水道光熱費	210000.0	221340.0	220352.0	0.5	99.5	104.9
202510	007000000	42	事務用品費	35000.0	35000.0	16445.0	0.0	46.9	46.9
202510	007000000	43	消耗品費	75000.0	55000.0	53357.0	0.1	97.0	71.1
202510	007000000	44	廃棄物処理料	332000.0	332000.0	280560.0	0.7	84.5	84.5
202510	007000000	45	広告宣伝費	28000.0	73000.0	12200.0	0.0	16.7	43.5
202510	007000000	46	接待交際費	10000.0	0.0	0.0	0.0	0.0	0.0
202510	007000000	47	賃借料	144000.0	99000.0	98727.0	0.2	99.7	68.5
202510	007000000	48	賃貸料収入	-116000.0	-96000.0	-95500.0	0.0	0.0	0.0
202510	007000000	49	修繕費	17000.0	17000.0	0.0	0.0	0.0	0.0
202510	007000000	50	支払リース料	12400.0	11400.0	11400.0	0.0	100.0	91.9
202510	007000000	51	保険料	229900.0	32000.0	32496.0	0.0	101.5	14.1
202510	007000000	52	支払報酬	0.0	0.0	0.0	0.0	0.0	0.0
202510	007000000	53	支払手数料	285000.0	287000.0	271494.0	0.6	94.5	95.2
202510	007000000	54	診断料	30000.0	30000.0	30000.0	0.0	100.0	100.0
202510	007000000	55	諸会費	500.0	0.0	0.0	0.0	0.0	0.0
202510	007000000	56	会議費	5000.0	5000.0	0.0	0.0	0.0	0.0
202510	007000000	57	寄付金	0.0	0.0	0.0	0.0	0.0	0.0
202510	007000000	58	租税公課	0.0	0.0	0.0	0.0	0.0	0.0
202510	007000000	59	業務委託費	0.0	0.0	0.0	0.0	0.0	0.0
202510	007000000	60	業務受託収入	-40000.0	-40000.0	-119004.0	0.0	0.0	0.0
202510	007000000	61	情報機器利用料	184420.0	184420.0	184420.0	0.4	100.0	100.0
202510	007000000	62	貸倒金	0.0	0.0	0.0	0.0	0.0	0.0
202510	007000000	63	雑費	90840.0	91340.0	89502.0	0.2	97.9	98.5
202510	007000000	64	福利消耗品費	1000.0	21000.0	198.0	0.0	0.9	19.8
202510	007000000	65	教育研修費	10000.0	10000.0	31659.0	0.0	316.5	316.5
202510	007000000	66	廃棄損	0.0	0.0	0.0	0.0	0.0	0.0
202510	007000000	67	雑給	0.0	0.0	0.0	0.0	0.0	0.0
202510	007000000	68	社内金利（固定資産）	0.0	0.0	0.0	0.0	0.0	0.0
202510	007000000	69	社内金利（売掛金）	0.0	0.0	0.0	0.0	0.0	0.0
202510	007000000	70	グループ共通	516000.0	516000.0	516000.0	1.3	100.0	100.0
202510	007000000	71	差引収益	6396616.0	3033849.0	9495953.0	24.2	313.0	148.4
202510	007000000	72	差引比率	20.2	9.8	24.2		246.9	119.8
202510	007000000	73	総時間	7466.5	8252.75	7804.5		94.5	104.5
202510	007000000	74	定時間	7228.0	7828.0	7429.25		94.9	102.7
202510	007000000	75	残業時間	194.75	385.0	336.5		87.4	172.7
202510	007000000	76	移動時間	43.75	39.75	38.75		97.4	88.5
202510	007000000	77	当月時間当り	856.7	367.6	1216.7		330.9	142.0
202510	007000000	78	人員	78.0	78.0	78.0		100.0	100.0
202511	007000000	1	総受注高	68000000.0	60060210.0	56977722.0		94.8	83.7
202511	007000000	2	総売上高	68000000.0	60060210.0	56977722.0		94.8	83.7
202511	007000000	3	売上高	68300000.0	60693210.0	57612673.0	101.1	94.9	84.3
202511	007000000	4	グループ売上高	0.0	0.0	0.0	0.0	0.0	0.0
202511	007000000	5	社内売上高	42900000.0	39854549.0	37612511.0	66.0	94.3	87.6
202511	007000000	7	販売奨励金	-300000.0	-633000.0	-634951.0	0.0	0.0	0.0
202511	007000000	8	売上原価	19290000.0	15612460.0	15090817.0	26.4	96.6	78.2
202511	007000000	9	仕入高	3683580.0	2753360.0	3038569.0	5.3	110.3	82.4
202511	007000000	10	グループ仕入高	11190420.0	8709100.0	8165135.0	14.3	93.7	72.9
202511	007000000	11	社内仕入高	42900000.0	39854549.0	37612511.0	66.0	94.3	87.6
202511	007000000	12	荷造運搬費	2893000.0	2500000.0	2216519.0	3.8	88.6	76.6
202511	007000000	13	販売手数料	1523000.0	1650000.0	1670594.0	2.9	101.2	109.6
202511	007000000	14	総収益	48710000.0	44447750.0	41886905.0	73.5	94.2	85.9
202511	007000000	15	経費合計	21963827.0	19808107.0	17258715.0	30.2	87.1	78.5
202511	007000000	16	経費合計（原価）	17292659.0	15967659.0	14422723.0	25.3	90.3	83.4
202511	007000000	17	種苗費*	0.0	0.0	0.0	0.0	0.0	0.0
202511	007000000	18	肥料費*	1727000.0	1797000.0	1398496.0	2.4	77.8	80.9
202511	007000000	19	培土費用*	0.0	0.0	0.0	0.0	0.0	0.0
202511	007000000	20	農薬衛生費*	908000.0	943000.0	885030.0	1.5	93.8	97.4
202511	007000000	21	農具費*	86000.0	165000.0	176868.0	0.3	107.1	205.6
202511	007000000	22	諸材料費*	5506000.0	4530000.0	4620485.0	8.1	101.9	83.9
202511	007000000	23	その他仕入高*	0.0	0.0	0.0	0.0	0.0	0.0
202511	007000000	24	減価償却費*	1944429.0	1944429.0	1944429.0	3.4	100.0	100.0
202511	007000000	25	車両費*	0.0	0.0	0.0	0.0	0.0	0.0
202511	007000000	26	水道光熱費*	167000.0	170000.0	166656.0	0.2	98.0	99.7
202511	007000000	27	動力費*	1780000.0	1387000.0	1386521.0	2.4	99.9	77.8
202511	007000000	28	燃料費*	3040000.0	3136000.0	2248440.0	3.9	71.6	73.9
202511	007000000	29	賃借料*	1248230.0	1248230.0	1248230.0	2.1	100.0	100.0
202511	007000000	30	修繕費*	610000.0	285000.0	172685.0	0.3	60.5	28.3
202511	007000000	31	診断料*	0.0	0.0	0.0	0.0	0.0	0.0
202511	007000000	32	租税公課*	0.0	0.0	0.0	0.0	0.0	0.0
202511	007000000	33	業務委託費*	0.0	0.0	0.0	0.0	0.0	0.0
202511	007000000	34	雑費*	81000.0	81000.0	81000.0	0.1	100.0	100.0
202511	007000000	35	雑給*	195000.0	281000.0	93883.0	0.1	33.4	48.1
202511	007000000	36	経費合計（販管費）	4671168.0	3840448.0	2835992.0	4.9	73.8	60.7
202511	007000000	37	減価償却費	1063273.0	1089045.0	1086508.0	1.9	99.7	102.1
202511	007000000	38	車両費	290200.0	290200.0	144861.0	0.2	49.9	49.9
202511	007000000	39	旅費交通費	90000.0	185000.0	149220.0	0.2	80.6	165.8
202511	007000000	40	通信費	66635.0	70637.0	56226.0	0.0	79.5	84.3
202511	007000000	41	水道光熱費	190000.0	151406.0	151406.0	0.2	100.0	79.6
202511	007000000	42	事務用品費	35000.0	35000.0	8311.0	0.0	23.7	23.7
202511	007000000	43	消耗品費	55000.0	55000.0	30926.0	0.0	56.2	56.2
202511	007000000	44	廃棄物処理料	402000.0	402000.0	196611.0	0.3	48.9	48.9
202511	007000000	45	広告宣伝費	0.0	0.0	0.0	0.0	0.0	0.0
202511	007000000	46	接待交際費	0.0	0.0	0.0	0.0	0.0	0.0
202511	007000000	47	賃借料	144000.0	99000.0	98727.0	0.1	99.7	68.5
202511	007000000	48	賃貸料収入	-116000.0	-96000.0	-95500.0	0.0	0.0	0.0
202511	007000000	49	修繕費	267000.0	367000.0	8500.0	0.0	2.3	3.1
202511	007000000	50	支払リース料	12400.0	11400.0	11400.0	0.0	100.0	91.9
202511	007000000	51	保険料	229900.0	32000.0	32496.0	0.0	101.5	14.1
202511	007000000	52	支払報酬	0.0	0.0	0.0	0.0	0.0	0.0
202511	007000000	53	支払手数料	780000.0	304000.0	268994.0	0.4	88.4	34.4
202511	007000000	54	診断料	35000.0	68000.0	63855.0	0.1	93.9	182.4
202511	007000000	55	諸会費	0.0	0.0	0.0	0.0	0.0	0.0
202511	007000000	56	会議費	5660.0	5660.0	0.0	0.0	0.0	0.0
202511	007000000	57	寄付金	0.0	0.0	0.0	0.0	0.0	0.0
202511	007000000	58	租税公課	0.0	0.0	0.0	0.0	0.0	0.0
202511	007000000	59	業務委託費	0.0	0.0	0.0	0.0	0.0	0.0
202511	007000000	60	業務受託収入	-40000.0	-40000.0	-159819.0	0.0	0.0	0.0
202511	007000000	61	情報機器利用料	184420.0	184420.0	184420.0	0.3	100.0	100.0
202511	007000000	62	貸倒金	0.0	0.0	0.0	0.0	0.0	0.0
202511	007000000	63	雑費	450680.0	100680.0	82850.0	0.1	82.2	18.3
202511	007000000	64	福利消耗品費	0.0	0.0	0.0	0.0	0.0	0.0
202511	007000000	65	教育研修費	10000.0	10000.0	0.0	0.0	0.0	0.0
202511	007000000	66	廃棄損	0.0	0.0	0.0	0.0	0.0	0.0
202511	007000000	67	雑給	0.0	0.0	0.0	0.0	0.0	0.0
202511	007000000	68	社内金利（固定資産）	0.0	0.0	0.0	0.0	0.0	0.0
202511	007000000	69	社内金利（売掛金）	0.0	0.0	0.0	0.0	0.0	0.0
202511	007000000	70	グループ共通	516000.0	516000.0	516000.0	0.9	100.0	100.0
202511	007000000	71	差引収益	26746173.0	24639643.0	24628190.0	43.2	99.9	92.0
202511	007000000	72	差引比率	39.3	41.0	43.2		105.3	109.9
202511	007000000	73	総時間	7835.75	7386.75	7108.5		96.2	90.7
202511	007000000	74	定時間	7340.0	6915.0	6737.75		97.4	91.7
202511	007000000	75	残業時間	455.0	431.0	330.0		76.5	72.5
202511	007000000	76	移動時間	40.75	40.75	40.75		100.0	100.0
202511	007000000	77	当月時間当り	3413.3	3335.6	3464.6		103.8	101.5
202511	007000000	78	人員	78.0	78.0	78.0		100.0	100.0
202204	007090200	1	総受注高	0.0	0.0	0.0		0.0	0.0
202204	007090200	2	総売上高	0.0	0.0	0.0		0.0	0.0
202204	007090200	3	売上高	0.0	0.0	0.0	0.0	0.0	0.0
202204	007090200	4	グループ売上高	0.0	0.0	0.0	0.0	0.0	0.0
202204	007090200	5	社内売上高	0.0	0.0	0.0	0.0	0.0	0.0
202204	007090200	7	販売奨励金	0.0	0.0	0.0	0.0	0.0	0.0
202204	007090200	8	売上原価	0.0	0.0	0.0	0.0	0.0	0.0
202204	007090200	9	仕入高	0.0	0.0	0.0	0.0	0.0	0.0
202204	007090200	10	グループ仕入高	0.0	0.0	0.0	0.0	0.0	0.0
202204	007090200	11	社内仕入高	0.0	0.0	0.0	0.0	0.0	0.0
202204	007090200	12	荷造運搬費	0.0	0.0	0.0	0.0	0.0	0.0
202204	007090200	13	販売手数料	0.0	0.0	0.0	0.0	0.0	0.0
202204	007090200	14	総収益	0.0	0.0	0.0	0.0	0.0	0.0
202204	007090200	15	経費合計	-2052242.0	-2052242.0	-2052241.0	0.0	0.0	0.0
202204	007090200	16	経費合計（原価）	0.0	0.0	0.0	0.0	0.0	0.0
202204	007090200	17	種苗費*	0.0	0.0	0.0	0.0	0.0	0.0
202204	007090200	18	肥料費*	0.0	0.0	0.0	0.0	0.0	0.0
202204	007090200	19	培土費用*	0.0	0.0	0.0	0.0	0.0	0.0
202204	007090200	20	農薬衛生費*	0.0	0.0	0.0	0.0	0.0	0.0
202204	007090200	21	農具費*	0.0	0.0	0.0	0.0	0.0	0.0
202204	007090200	22	諸材料費*	0.0	0.0	0.0	0.0	0.0	0.0
202204	007090200	23	その他仕入高*	0.0	0.0	0.0	0.0	0.0	0.0
202204	007090200	24	減価償却費*	0.0	0.0	0.0	0.0	0.0	0.0
202204	007090200	25	車両費*	0.0	0.0	0.0	0.0	0.0	0.0
202204	007090200	26	水道光熱費*	0.0	0.0	0.0	0.0	0.0	0.0
202204	007090200	27	動力費*	0.0	0.0	0.0	0.0	0.0	0.0
202204	007090200	28	燃料費*	0.0	0.0	0.0	0.0	0.0	0.0
202204	007090200	29	賃借料*	0.0	0.0	0.0	0.0	0.0	0.0
202204	007090200	30	修繕費*	0.0	0.0	0.0	0.0	0.0	0.0
202204	007090200	31	診断料*	0.0	0.0	0.0	0.0	0.0	0.0
202204	007090200	32	租税公課*	0.0	0.0	0.0	0.0	0.0	0.0
202204	007090200	33	業務委託費*	0.0	0.0	0.0	0.0	0.0	0.0
202204	007090200	34	雑費*	0.0	0.0	0.0	0.0	0.0	0.0
202204	007090200	35	雑給*	0.0	0.0	0.0	0.0	0.0	0.0
202204	007090200	36	経費合計（販管費）	-2052242.0	-2052242.0	-2052241.0	0.0	0.0	0.0
202204	007090200	37	減価償却費	0.0	0.0	0.0	0.0	0.0	0.0
202204	007090200	38	車両費	0.0	0.0	0.0	0.0	0.0	0.0
202204	007090200	39	旅費交通費	0.0	0.0	0.0	0.0	0.0	0.0
202204	007090200	40	通信費	0.0	0.0	0.0	0.0	0.0	0.0
202204	007090200	41	水道光熱費	0.0	0.0	0.0	0.0	0.0	0.0
202204	007090200	42	事務用品費	0.0	0.0	0.0	0.0	0.0	0.0
202204	007090200	43	消耗品費	0.0	0.0	0.0	0.0	0.0	0.0
202204	007090200	44	廃棄物処理料	0.0	0.0	0.0	0.0	0.0	0.0
202204	007090200	45	広告宣伝費	0.0	0.0	0.0	0.0	0.0	0.0
202204	007090200	46	接待交際費	0.0	0.0	0.0	0.0	0.0	0.0
202204	007090200	47	賃借料	0.0	0.0	0.0	0.0	0.0	0.0
202204	007090200	48	賃貸料収入	0.0	0.0	0.0	0.0	0.0	0.0
202204	007090200	49	修繕費	0.0	0.0	0.0	0.0	0.0	0.0
202204	007090200	50	支払リース料	0.0	0.0	0.0	0.0	0.0	0.0
202204	007090200	51	保険料	0.0	0.0	0.0	0.0	0.0	0.0
202204	007090200	52	支払報酬	0.0	0.0	0.0	0.0	0.0	0.0
202204	007090200	53	支払手数料	0.0	0.0	0.0	0.0	0.0	0.0
202204	007090200	54	診断料	0.0	0.0	0.0	0.0	0.0	0.0
202204	007090200	55	諸会費	0.0	0.0	0.0	0.0	0.0	0.0
202204	007090200	56	会議費	0.0	0.0	0.0	0.0	0.0	0.0
202204	007090200	57	寄付金	0.0	0.0	0.0	0.0	0.0	0.0
202204	007090200	58	租税公課	0.0	0.0	0.0	0.0	0.0	0.0
202204	007090200	59	業務委託費	0.0	0.0	0.0	0.0	0.0	0.0
202204	007090200	60	業務受託収入	0.0	0.0	0.0	0.0	0.0	0.0
202204	007090200	61	情報機器利用料	0.0	0.0	0.0	0.0	0.0	0.0
202204	007090200	62	貸倒金	0.0	0.0	0.0	0.0	0.0	0.0
202204	007090200	63	雑費	0.0	0.0	0.0	0.0	0.0	0.0
202204	007090200	64	福利消耗品費	0.0	0.0	0.0	0.0	0.0	0.0
202204	007090200	65	教育研修費	0.0	0.0	0.0	0.0	0.0	0.0
202204	007090200	66	廃棄損	0.0	0.0	0.0	0.0	0.0	0.0
202204	007090200	67	雑給	0.0	0.0	0.0	0.0	0.0	0.0
202204	007090200	68	社内金利（固定資産）	-2052242.0	-2052242.0	-2052241.0	0.0	0.0	0.0
202204	007090200	69	社内金利（売掛金）	0.0	0.0	0.0	0.0	0.0	0.0
202204	007090200	70	グループ共通	0.0	0.0	0.0	0.0	0.0	0.0
202204	007090200	71	差引収益	2052242.0	2052242.0	2052241.0	0.0	99.9	99.9
202204	007090200	72	差引比率	0.0	0.0	0.0		0.0	0.0
202204	007090200	73	総時間	54.75	54.75	56.0		102.2	102.2
202204	007090200	74	定時間	0.0	0.0	0.0		0.0	0.0
202204	007090200	75	残業時間	0.0	0.0	0.0		0.0	0.0
202204	007090200	76	移動時間	54.75	54.75	56.0		102.2	102.2
202204	007090200	77	当月時間当り	37483.8	37483.8	36647.1		97.7	97.7
202204	007090200	78	人員	0.0	0.0	0.0		0.0	0.0
202205	007090200	1	総受注高	0.0	0.0	0.0		0.0	0.0
202205	007090200	2	総売上高	0.0	0.0	0.0		0.0	0.0
202205	007090200	3	売上高	0.0	0.0	0.0	0.0	0.0	0.0
202205	007090200	4	グループ売上高	0.0	0.0	0.0	0.0	0.0	0.0
202205	007090200	5	社内売上高	0.0	0.0	0.0	0.0	0.0	0.0
202205	007090200	7	販売奨励金	0.0	0.0	0.0	0.0	0.0	0.0
202205	007090200	8	売上原価	0.0	0.0	0.0	0.0	0.0	0.0
202205	007090200	9	仕入高	0.0	0.0	0.0	0.0	0.0	0.0
202205	007090200	10	グループ仕入高	0.0	0.0	0.0	0.0	0.0	0.0
202205	007090200	11	社内仕入高	0.0	0.0	0.0	0.0	0.0	0.0
202205	007090200	12	荷造運搬費	0.0	0.0	0.0	0.0	0.0	0.0
202205	007090200	13	販売手数料	0.0	0.0	0.0	0.0	0.0	0.0
202205	007090200	14	総収益	0.0	0.0	0.0	0.0	0.0	0.0
202205	007090200	15	経費合計	-2028229.0	-2028229.0	-2028228.0	0.0	0.0	0.0
202205	007090200	16	経費合計（原価）	0.0	0.0	0.0	0.0	0.0	0.0
202205	007090200	17	種苗費*	0.0	0.0	0.0	0.0	0.0	0.0
202205	007090200	18	肥料費*	0.0	0.0	0.0	0.0	0.0	0.0
202205	007090200	19	培土費用*	0.0	0.0	0.0	0.0	0.0	0.0
202205	007090200	20	農薬衛生費*	0.0	0.0	0.0	0.0	0.0	0.0
202205	007090200	21	農具費*	0.0	0.0	0.0	0.0	0.0	0.0
202205	007090200	22	諸材料費*	0.0	0.0	0.0	0.0	0.0	0.0
202205	007090200	23	その他仕入高*	0.0	0.0	0.0	0.0	0.0	0.0
202205	007090200	24	減価償却費*	0.0	0.0	0.0	0.0	0.0	0.0
202205	007090200	25	車両費*	0.0	0.0	0.0	0.0	0.0	0.0
202205	007090200	26	水道光熱費*	0.0	0.0	0.0	0.0	0.0	0.0
202205	007090200	27	動力費*	0.0	0.0	0.0	0.0	0.0	0.0
202205	007090200	28	燃料費*	0.0	0.0	0.0	0.0	0.0	0.0
202205	007090200	29	賃借料*	0.0	0.0	0.0	0.0	0.0	0.0
202205	007090200	30	修繕費*	0.0	0.0	0.0	0.0	0.0	0.0
202205	007090200	31	診断料*	0.0	0.0	0.0	0.0	0.0	0.0
202205	007090200	32	租税公課*	0.0	0.0	0.0	0.0	0.0	0.0
202205	007090200	33	業務委託費*	0.0	0.0	0.0	0.0	0.0	0.0
202205	007090200	34	雑費*	0.0	0.0	0.0	0.0	0.0	0.0
202205	007090200	35	雑給*	0.0	0.0	0.0	0.0	0.0	0.0
202205	007090200	36	経費合計（販管費）	-2028229.0	-2028229.0	-2028228.0	0.0	0.0	0.0
202205	007090200	37	減価償却費	0.0	0.0	0.0	0.0	0.0	0.0
202205	007090200	38	車両費	0.0	0.0	0.0	0.0	0.0	0.0
202205	007090200	39	旅費交通費	0.0	0.0	0.0	0.0	0.0	0.0
202205	007090200	40	通信費	0.0	0.0	0.0	0.0	0.0	0.0
202205	007090200	41	水道光熱費	0.0	0.0	0.0	0.0	0.0	0.0
202205	007090200	42	事務用品費	0.0	0.0	0.0	0.0	0.0	0.0
202205	007090200	43	消耗品費	0.0	0.0	0.0	0.0	0.0	0.0
202205	007090200	44	廃棄物処理料	0.0	0.0	0.0	0.0	0.0	0.0
202205	007090200	45	広告宣伝費	0.0	0.0	0.0	0.0	0.0	0.0
202205	007090200	46	接待交際費	0.0	0.0	0.0	0.0	0.0	0.0
202205	007090200	47	賃借料	0.0	0.0	0.0	0.0	0.0	0.0
202205	007090200	48	賃貸料収入	0.0	0.0	0.0	0.0	0.0	0.0
202205	007090200	49	修繕費	0.0	0.0	0.0	0.0	0.0	0.0
202205	007090200	50	支払リース料	0.0	0.0	0.0	0.0	0.0	0.0
202205	007090200	51	保険料	0.0	0.0	0.0	0.0	0.0	0.0
202205	007090200	52	支払報酬	0.0	0.0	0.0	0.0	0.0	0.0
202205	007090200	53	支払手数料	0.0	0.0	0.0	0.0	0.0	0.0
202205	007090200	54	診断料	0.0	0.0	0.0	0.0	0.0	0.0
202205	007090200	55	諸会費	0.0	0.0	0.0	0.0	0.0	0.0
202205	007090200	56	会議費	0.0	0.0	0.0	0.0	0.0	0.0
202205	007090200	57	寄付金	0.0	0.0	0.0	0.0	0.0	0.0
202205	007090200	58	租税公課	0.0	0.0	0.0	0.0	0.0	0.0
202205	007090200	59	業務委託費	0.0	0.0	0.0	0.0	0.0	0.0
202205	007090200	60	業務受託収入	0.0	0.0	0.0	0.0	0.0	0.0
202205	007090200	61	情報機器利用料	0.0	0.0	0.0	0.0	0.0	0.0
202205	007090200	62	貸倒金	0.0	0.0	0.0	0.0	0.0	0.0
202205	007090200	63	雑費	0.0	0.0	0.0	0.0	0.0	0.0
202205	007090200	64	福利消耗品費	0.0	0.0	0.0	0.0	0.0	0.0
202205	007090200	65	教育研修費	0.0	0.0	0.0	0.0	0.0	0.0
202205	007090200	66	廃棄損	0.0	0.0	0.0	0.0	0.0	0.0
202205	007090200	67	雑給	0.0	0.0	0.0	0.0	0.0	0.0
202205	007090200	68	社内金利（固定資産）	-2028229.0	-2028229.0	-2028228.0	0.0	0.0	0.0
202205	007090200	69	社内金利（売掛金）	0.0	0.0	0.0	0.0	0.0	0.0
202205	007090200	70	グループ共通	0.0	0.0	0.0	0.0	0.0	0.0
202205	007090200	71	差引収益	2028229.0	2028229.0	2028228.0	0.0	99.9	99.9
202205	007090200	72	差引比率	0.0	0.0	0.0		0.0	0.0
202205	007090200	73	総時間	51.25	51.25	55.5		108.2	108.2
202205	007090200	74	定時間	0.0	0.0	0.0		0.0	0.0
202205	007090200	75	残業時間	0.0	0.0	0.0		0.0	0.0
202205	007090200	76	移動時間	51.25	51.25	55.5		108.2	108.2
202205	007090200	77	当月時間当り	39575.2	39575.2	36544.6		92.3	92.3
202205	007090200	78	人員	0.0	0.0	0.0		0.0	0.0
202206	007090200	1	総受注高	0.0	0.0	0.0		0.0	0.0
202206	007090200	2	総売上高	0.0	0.0	0.0		0.0	0.0
202206	007090200	3	売上高	0.0	0.0	0.0	0.0	0.0	0.0
202206	007090200	4	グループ売上高	0.0	0.0	0.0	0.0	0.0	0.0
202206	007090200	5	社内売上高	0.0	0.0	0.0	0.0	0.0	0.0
202206	007090200	7	販売奨励金	0.0	0.0	0.0	0.0	0.0	0.0
202206	007090200	8	売上原価	0.0	0.0	0.0	0.0	0.0	0.0
202206	007090200	9	仕入高	0.0	0.0	0.0	0.0	0.0	0.0
202206	007090200	10	グループ仕入高	0.0	0.0	0.0	0.0	0.0	0.0
202206	007090200	11	社内仕入高	0.0	0.0	0.0	0.0	0.0	0.0
202206	007090200	12	荷造運搬費	0.0	0.0	0.0	0.0	0.0	0.0
202206	007090200	13	販売手数料	0.0	0.0	0.0	0.0	0.0	0.0
202206	007090200	14	総収益	0.0	0.0	0.0	0.0	0.0	0.0
202206	007090200	15	経費合計	-2004216.0	-2004216.0	-2004215.0	0.0	0.0	0.0
202206	007090200	16	経費合計（原価）	0.0	0.0	0.0	0.0	0.0	0.0
202206	007090200	17	種苗費*	0.0	0.0	0.0	0.0	0.0	0.0
202206	007090200	18	肥料費*	0.0	0.0	0.0	0.0	0.0	0.0
202206	007090200	19	培土費用*	0.0	0.0	0.0	0.0	0.0	0.0
202206	007090200	20	農薬衛生費*	0.0	0.0	0.0	0.0	0.0	0.0
202206	007090200	21	農具費*	0.0	0.0	0.0	0.0	0.0	0.0
202206	007090200	22	諸材料費*	0.0	0.0	0.0	0.0	0.0	0.0
202206	007090200	23	その他仕入高*	0.0	0.0	0.0	0.0	0.0	0.0
202206	007090200	24	減価償却費*	0.0	0.0	0.0	0.0	0.0	0.0
202206	007090200	25	車両費*	0.0	0.0	0.0	0.0	0.0	0.0
202206	007090200	26	水道光熱費*	0.0	0.0	0.0	0.0	0.0	0.0
202206	007090200	27	動力費*	0.0	0.0	0.0	0.0	0.0	0.0
202206	007090200	28	燃料費*	0.0	0.0	0.0	0.0	0.0	0.0
202206	007090200	29	賃借料*	0.0	0.0	0.0	0.0	0.0	0.0
202206	007090200	30	修繕費*	0.0	0.0	0.0	0.0	0.0	0.0
202206	007090200	31	診断料*	0.0	0.0	0.0	0.0	0.0	0.0
202206	007090200	32	租税公課*	0.0	0.0	0.0	0.0	0.0	0.0
202206	007090200	33	業務委託費*	0.0	0.0	0.0	0.0	0.0	0.0
202206	007090200	34	雑費*	0.0	0.0	0.0	0.0	0.0	0.0
202206	007090200	35	雑給*	0.0	0.0	0.0	0.0	0.0	0.0
202206	007090200	36	経費合計（販管費）	-2004216.0	-2004216.0	-2004215.0	0.0	0.0	0.0
202206	007090200	37	減価償却費	0.0	0.0	0.0	0.0	0.0	0.0
202206	007090200	38	車両費	0.0	0.0	0.0	0.0	0.0	0.0
202206	007090200	39	旅費交通費	0.0	0.0	0.0	0.0	0.0	0.0
202206	007090200	40	通信費	0.0	0.0	0.0	0.0	0.0	0.0
202206	007090200	41	水道光熱費	0.0	0.0	0.0	0.0	0.0	0.0
202206	007090200	42	事務用品費	0.0	0.0	0.0	0.0	0.0	0.0
202206	007090200	43	消耗品費	0.0	0.0	0.0	0.0	0.0	0.0
202206	007090200	44	廃棄物処理料	0.0	0.0	0.0	0.0	0.0	0.0
202206	007090200	45	広告宣伝費	0.0	0.0	0.0	0.0	0.0	0.0
202206	007090200	46	接待交際費	0.0	0.0	0.0	0.0	0.0	0.0
202206	007090200	47	賃借料	0.0	0.0	0.0	0.0	0.0	0.0
202206	007090200	48	賃貸料収入	0.0	0.0	0.0	0.0	0.0	0.0
202206	007090200	49	修繕費	0.0	0.0	0.0	0.0	0.0	0.0
202206	007090200	50	支払リース料	0.0	0.0	0.0	0.0	0.0	0.0
202206	007090200	51	保険料	0.0	0.0	0.0	0.0	0.0	0.0
202206	007090200	52	支払報酬	0.0	0.0	0.0	0.0	0.0	0.0
202206	007090200	53	支払手数料	0.0	0.0	0.0	0.0	0.0	0.0
202206	007090200	54	診断料	0.0	0.0	0.0	0.0	0.0	0.0
202206	007090200	55	諸会費	0.0	0.0	0.0	0.0	0.0	0.0
202206	007090200	56	会議費	0.0	0.0	0.0	0.0	0.0	0.0
202206	007090200	57	寄付金	0.0	0.0	0.0	0.0	0.0	0.0
202206	007090200	58	租税公課	0.0	0.0	0.0	0.0	0.0	0.0
202206	007090200	59	業務委託費	0.0	0.0	0.0	0.0	0.0	0.0
202206	007090200	60	業務受託収入	0.0	0.0	0.0	0.0	0.0	0.0
202206	007090200	61	情報機器利用料	0.0	0.0	0.0	0.0	0.0	0.0
202206	007090200	62	貸倒金	0.0	0.0	0.0	0.0	0.0	0.0
202206	007090200	63	雑費	0.0	0.0	0.0	0.0	0.0	0.0
202206	007090200	64	福利消耗品費	0.0	0.0	0.0	0.0	0.0	0.0
202206	007090200	65	教育研修費	0.0	0.0	0.0	0.0	0.0	0.0
202206	007090200	66	廃棄損	0.0	0.0	0.0	0.0	0.0	0.0
202206	007090200	67	雑給	0.0	0.0	0.0	0.0	0.0	0.0
202206	007090200	68	社内金利（固定資産）	-2004216.0	-2004216.0	-2004215.0	0.0	0.0	0.0
202206	007090200	69	社内金利（売掛金）	0.0	0.0	0.0	0.0	0.0	0.0
202206	007090200	70	グループ共通	0.0	0.0	0.0	0.0	0.0	0.0
202206	007090200	71	差引収益	2004216.0	2004216.0	2004215.0	0.0	99.9	99.9
202206	007090200	72	差引比率	0.0	0.0	0.0		0.0	0.0
202206	007090200	73	総時間	64.0	64.0	57.5		89.8	89.8
202206	007090200	74	定時間	0.0	0.0	0.0		0.0	0.0
202206	007090200	75	残業時間	0.0	0.0	0.0		0.0	0.0
202206	007090200	76	移動時間	64.0	64.0	57.5		89.8	89.8
202206	007090200	77	当月時間当り	31315.8	31315.8	34855.9		111.3	111.3
202206	007090200	78	人員	0.0	0.0	0.0		0.0	0.0
202207	007090200	1	総受注高	0.0	0.0	0.0		0.0	0.0
202207	007090200	2	総売上高	0.0	0.0	0.0		0.0	0.0
202207	007090200	3	売上高	0.0	0.0	0.0	0.0	0.0	0.0
202207	007090200	4	グループ売上高	0.0	0.0	0.0	0.0	0.0	0.0
202207	007090200	5	社内売上高	0.0	0.0	0.0	0.0	0.0	0.0
202207	007090200	7	販売奨励金	0.0	0.0	0.0	0.0	0.0	0.0
202207	007090200	8	売上原価	0.0	0.0	0.0	0.0	0.0	0.0
202207	007090200	9	仕入高	0.0	0.0	0.0	0.0	0.0	0.0
202207	007090200	10	グループ仕入高	0.0	0.0	0.0	0.0	0.0	0.0
202207	007090200	11	社内仕入高	0.0	0.0	0.0	0.0	0.0	0.0
202207	007090200	12	荷造運搬費	0.0	0.0	0.0	0.0	0.0	0.0
202207	007090200	13	販売手数料	0.0	0.0	0.0	0.0	0.0	0.0
202207	007090200	14	総収益	0.0	0.0	0.0	0.0	0.0	0.0
202207	007090200	15	経費合計	-1980203.0	-1980203.0	-1980202.0	0.0	0.0	0.0
202207	007090200	16	経費合計（原価）	0.0	0.0	0.0	0.0	0.0	0.0
202207	007090200	17	種苗費*	0.0	0.0	0.0	0.0	0.0	0.0
202207	007090200	18	肥料費*	0.0	0.0	0.0	0.0	0.0	0.0
202207	007090200	19	培土費用*	0.0	0.0	0.0	0.0	0.0	0.0
202207	007090200	20	農薬衛生費*	0.0	0.0	0.0	0.0	0.0	0.0
202207	007090200	21	農具費*	0.0	0.0	0.0	0.0	0.0	0.0
202207	007090200	22	諸材料費*	0.0	0.0	0.0	0.0	0.0	0.0
202207	007090200	23	その他仕入高*	0.0	0.0	0.0	0.0	0.0	0.0
202207	007090200	24	減価償却費*	0.0	0.0	0.0	0.0	0.0	0.0
202207	007090200	25	車両費*	0.0	0.0	0.0	0.0	0.0	0.0
202207	007090200	26	水道光熱費*	0.0	0.0	0.0	0.0	0.0	0.0
202207	007090200	27	動力費*	0.0	0.0	0.0	0.0	0.0	0.0
202207	007090200	28	燃料費*	0.0	0.0	0.0	0.0	0.0	0.0
202207	007090200	29	賃借料*	0.0	0.0	0.0	0.0	0.0	0.0
202207	007090200	30	修繕費*	0.0	0.0	0.0	0.0	0.0	0.0
202207	007090200	31	診断料*	0.0	0.0	0.0	0.0	0.0	0.0
202207	007090200	32	租税公課*	0.0	0.0	0.0	0.0	0.0	0.0
202207	007090200	33	業務委託費*	0.0	0.0	0.0	0.0	0.0	0.0
202207	007090200	34	雑費*	0.0	0.0	0.0	0.0	0.0	0.0
202207	007090200	35	雑給*	0.0	0.0	0.0	0.0	0.0	0.0
202207	007090200	36	経費合計（販管費）	-1980203.0	-1980203.0	-1980202.0	0.0	0.0	0.0
202207	007090200	37	減価償却費	0.0	0.0	0.0	0.0	0.0	0.0
202207	007090200	38	車両費	0.0	0.0	0.0	0.0	0.0	0.0
202207	007090200	39	旅費交通費	0.0	0.0	0.0	0.0	0.0	0.0
202207	007090200	40	通信費	0.0	0.0	0.0	0.0	0.0	0.0
202207	007090200	41	水道光熱費	0.0	0.0	0.0	0.0	0.0	0.0
202207	007090200	42	事務用品費	0.0	0.0	0.0	0.0	0.0	0.0
202207	007090200	43	消耗品費	0.0	0.0	0.0	0.0	0.0	0.0
202207	007090200	44	廃棄物処理料	0.0	0.0	0.0	0.0	0.0	0.0
202207	007090200	45	広告宣伝費	0.0	0.0	0.0	0.0	0.0	0.0
202207	007090200	46	接待交際費	0.0	0.0	0.0	0.0	0.0	0.0
202207	007090200	47	賃借料	0.0	0.0	0.0	0.0	0.0	0.0
202207	007090200	48	賃貸料収入	0.0	0.0	0.0	0.0	0.0	0.0
202207	007090200	49	修繕費	0.0	0.0	0.0	0.0	0.0	0.0
202207	007090200	50	支払リース料	0.0	0.0	0.0	0.0	0.0	0.0
202207	007090200	51	保険料	0.0	0.0	0.0	0.0	0.0	0.0
202207	007090200	52	支払報酬	0.0	0.0	0.0	0.0	0.0	0.0
202207	007090200	53	支払手数料	0.0	0.0	0.0	0.0	0.0	0.0
202207	007090200	54	診断料	0.0	0.0	0.0	0.0	0.0	0.0
202207	007090200	55	諸会費	0.0	0.0	0.0	0.0	0.0	0.0
202207	007090200	56	会議費	0.0	0.0	0.0	0.0	0.0	0.0
202207	007090200	57	寄付金	0.0	0.0	0.0	0.0	0.0	0.0
202207	007090200	58	租税公課	0.0	0.0	0.0	0.0	0.0	0.0
202207	007090200	59	業務委託費	0.0	0.0	0.0	0.0	0.0	0.0
202207	007090200	60	業務受託収入	0.0	0.0	0.0	0.0	0.0	0.0
202207	007090200	61	情報機器利用料	0.0	0.0	0.0	0.0	0.0	0.0
202207	007090200	62	貸倒金	0.0	0.0	0.0	0.0	0.0	0.0
202207	007090200	63	雑費	0.0	0.0	0.0	0.0	0.0	0.0
202207	007090200	64	福利消耗品費	0.0	0.0	0.0	0.0	0.0	0.0
202207	007090200	65	教育研修費	0.0	0.0	0.0	0.0	0.0	0.0
202207	007090200	66	廃棄損	0.0	0.0	0.0	0.0	0.0	0.0
202207	007090200	67	雑給	0.0	0.0	0.0	0.0	0.0	0.0
202207	007090200	68	社内金利（固定資産）	-1980203.0	-1980203.0	-1980202.0	0.0	0.0	0.0
202207	007090200	69	社内金利（売掛金）	0.0	0.0	0.0	0.0	0.0	0.0
202207	007090200	70	グループ共通	0.0	0.0	0.0	0.0	0.0	0.0
202207	007090200	71	差引収益	1980203.0	1980203.0	1980202.0	0.0	99.9	99.9
202207	007090200	72	差引比率	0.0	0.0	0.0		0.0	0.0
202207	007090200	73	総時間	55.75	55.75	55.75		100.0	100.0
202207	007090200	74	定時間	0.0	0.0	0.0		0.0	0.0
202207	007090200	75	残業時間	0.0	0.0	0.0		0.0	0.0
202207	007090200	76	移動時間	55.75	55.75	55.75		100.0	100.0
202207	007090200	77	当月時間当り	35519.3	35519.3	35519.3		100.0	100.0
202207	007090200	78	人員	0.0	0.0	0.0		0.0	0.0
202208	007090200	1	総受注高	0.0	0.0	0.0		0.0	0.0
202208	007090200	2	総売上高	0.0	0.0	0.0		0.0	0.0
202208	007090200	3	売上高	0.0	0.0	0.0	0.0	0.0	0.0
202208	007090200	4	グループ売上高	0.0	0.0	0.0	0.0	0.0	0.0
202208	007090200	5	社内売上高	0.0	0.0	0.0	0.0	0.0	0.0
202208	007090200	7	販売奨励金	0.0	0.0	0.0	0.0	0.0	0.0
202208	007090200	8	売上原価	0.0	0.0	0.0	0.0	0.0	0.0
202208	007090200	9	仕入高	0.0	0.0	0.0	0.0	0.0	0.0
202208	007090200	10	グループ仕入高	0.0	0.0	0.0	0.0	0.0	0.0
202208	007090200	11	社内仕入高	0.0	0.0	0.0	0.0	0.0	0.0
202208	007090200	12	荷造運搬費	0.0	0.0	0.0	0.0	0.0	0.0
202208	007090200	13	販売手数料	0.0	0.0	0.0	0.0	0.0	0.0
202208	007090200	14	総収益	0.0	0.0	0.0	0.0	0.0	0.0
202208	007090200	15	経費合計	-1956190.0	-1956190.0	-1956189.0	0.0	0.0	0.0
202208	007090200	16	経費合計（原価）	0.0	0.0	0.0	0.0	0.0	0.0
202208	007090200	17	種苗費*	0.0	0.0	0.0	0.0	0.0	0.0
202208	007090200	18	肥料費*	0.0	0.0	0.0	0.0	0.0	0.0
202208	007090200	19	培土費用*	0.0	0.0	0.0	0.0	0.0	0.0
202208	007090200	20	農薬衛生費*	0.0	0.0	0.0	0.0	0.0	0.0
202208	007090200	21	農具費*	0.0	0.0	0.0	0.0	0.0	0.0
202208	007090200	22	諸材料費*	0.0	0.0	0.0	0.0	0.0	0.0
202208	007090200	23	その他仕入高*	0.0	0.0	0.0	0.0	0.0	0.0
202208	007090200	24	減価償却費*	0.0	0.0	0.0	0.0	0.0	0.0
202208	007090200	25	車両費*	0.0	0.0	0.0	0.0	0.0	0.0
202208	007090200	26	水道光熱費*	0.0	0.0	0.0	0.0	0.0	0.0
202208	007090200	27	動力費*	0.0	0.0	0.0	0.0	0.0	0.0
202208	007090200	28	燃料費*	0.0	0.0	0.0	0.0	0.0	0.0
202208	007090200	29	賃借料*	0.0	0.0	0.0	0.0	0.0	0.0
202208	007090200	30	修繕費*	0.0	0.0	0.0	0.0	0.0	0.0
202208	007090200	31	診断料*	0.0	0.0	0.0	0.0	0.0	0.0
202208	007090200	32	租税公課*	0.0	0.0	0.0	0.0	0.0	0.0
202208	007090200	33	業務委託費*	0.0	0.0	0.0	0.0	0.0	0.0
202208	007090200	34	雑費*	0.0	0.0	0.0	0.0	0.0	0.0
202208	007090200	35	雑給*	0.0	0.0	0.0	0.0	0.0	0.0
202208	007090200	36	経費合計（販管費）	-1956190.0	-1956190.0	-1956189.0	0.0	0.0	0.0
202208	007090200	37	減価償却費	0.0	0.0	0.0	0.0	0.0	0.0
202208	007090200	38	車両費	0.0	0.0	0.0	0.0	0.0	0.0
202208	007090200	39	旅費交通費	0.0	0.0	0.0	0.0	0.0	0.0
202208	007090200	40	通信費	0.0	0.0	0.0	0.0	0.0	0.0
202208	007090200	41	水道光熱費	0.0	0.0	0.0	0.0	0.0	0.0
202208	007090200	42	事務用品費	0.0	0.0	0.0	0.0	0.0	0.0
202208	007090200	43	消耗品費	0.0	0.0	0.0	0.0	0.0	0.0
202208	007090200	44	廃棄物処理料	0.0	0.0	0.0	0.0	0.0	0.0
202208	007090200	45	広告宣伝費	0.0	0.0	0.0	0.0	0.0	0.0
202208	007090200	46	接待交際費	0.0	0.0	0.0	0.0	0.0	0.0
202208	007090200	47	賃借料	0.0	0.0	0.0	0.0	0.0	0.0
202208	007090200	48	賃貸料収入	0.0	0.0	0.0	0.0	0.0	0.0
202208	007090200	49	修繕費	0.0	0.0	0.0	0.0	0.0	0.0
202208	007090200	50	支払リース料	0.0	0.0	0.0	0.0	0.0	0.0
202208	007090200	51	保険料	0.0	0.0	0.0	0.0	0.0	0.0
202208	007090200	52	支払報酬	0.0	0.0	0.0	0.0	0.0	0.0
202208	007090200	53	支払手数料	0.0	0.0	0.0	0.0	0.0	0.0
202208	007090200	54	診断料	0.0	0.0	0.0	0.0	0.0	0.0
202208	007090200	55	諸会費	0.0	0.0	0.0	0.0	0.0	0.0
202208	007090200	56	会議費	0.0	0.0	0.0	0.0	0.0	0.0
202208	007090200	57	寄付金	0.0	0.0	0.0	0.0	0.0	0.0
202208	007090200	58	租税公課	0.0	0.0	0.0	0.0	0.0	0.0
202208	007090200	59	業務委託費	0.0	0.0	0.0	0.0	0.0	0.0
202208	007090200	60	業務受託収入	0.0	0.0	0.0	0.0	0.0	0.0
202208	007090200	61	情報機器利用料	0.0	0.0	0.0	0.0	0.0	0.0
202208	007090200	62	貸倒金	0.0	0.0	0.0	0.0	0.0	0.0
202208	007090200	63	雑費	0.0	0.0	0.0	0.0	0.0	0.0
202208	007090200	64	福利消耗品費	0.0	0.0	0.0	0.0	0.0	0.0
202208	007090200	65	教育研修費	0.0	0.0	0.0	0.0	0.0	0.0
202208	007090200	66	廃棄損	0.0	0.0	0.0	0.0	0.0	0.0
202208	007090200	67	雑給	0.0	0.0	0.0	0.0	0.0	0.0
202208	007090200	68	社内金利（固定資産）	-1956190.0	-1956190.0	-1956189.0	0.0	0.0	0.0
202208	007090200	69	社内金利（売掛金）	0.0	0.0	0.0	0.0	0.0	0.0
202208	007090200	70	グループ共通	0.0	0.0	0.0	0.0	0.0	0.0
202208	007090200	71	差引収益	1956190.0	1956190.0	1956189.0	0.0	99.9	99.9
202208	007090200	72	差引比率	0.0	0.0	0.0		0.0	0.0
202208	007090200	73	総時間	55.25	55.25	55.0		99.5	99.5
202208	007090200	74	定時間	0.0	0.0	0.0		0.0	0.0
202208	007090200	75	残業時間	0.0	0.0	0.0		0.0	0.0
202208	007090200	76	移動時間	55.25	55.25	55.0		99.5	99.5
202208	007090200	77	当月時間当り	35406.1	35406.1	35567.0		100.4	100.4
202208	007090200	78	人員	0.0	0.0	0.0		0.0	0.0
202209	007090200	1	総受注高	0.0	0.0	0.0		0.0	0.0
202209	007090200	2	総売上高	0.0	0.0	0.0		0.0	0.0
202209	007090200	3	売上高	0.0	0.0	0.0	0.0	0.0	0.0
202209	007090200	4	グループ売上高	0.0	0.0	0.0	0.0	0.0	0.0
202209	007090200	5	社内売上高	0.0	0.0	0.0	0.0	0.0	0.0
202209	007090200	7	販売奨励金	0.0	0.0	0.0	0.0	0.0	0.0
202209	007090200	8	売上原価	0.0	0.0	0.0	0.0	0.0	0.0
202209	007090200	9	仕入高	0.0	0.0	0.0	0.0	0.0	0.0
202209	007090200	10	グループ仕入高	0.0	0.0	0.0	0.0	0.0	0.0
202209	007090200	11	社内仕入高	0.0	0.0	0.0	0.0	0.0	0.0
202209	007090200	12	荷造運搬費	0.0	0.0	0.0	0.0	0.0	0.0
202209	007090200	13	販売手数料	0.0	0.0	0.0	0.0	0.0	0.0
202209	007090200	14	総収益	0.0	0.0	0.0	0.0	0.0	0.0
202209	007090200	15	経費合計	-1932177.0	-1932177.0	-1932176.0	0.0	0.0	0.0
202209	007090200	16	経費合計（原価）	0.0	0.0	0.0	0.0	0.0	0.0
202209	007090200	17	種苗費*	0.0	0.0	0.0	0.0	0.0	0.0
202209	007090200	18	肥料費*	0.0	0.0	0.0	0.0	0.0	0.0
202209	007090200	19	培土費用*	0.0	0.0	0.0	0.0	0.0	0.0
202209	007090200	20	農薬衛生費*	0.0	0.0	0.0	0.0	0.0	0.0
202209	007090200	21	農具費*	0.0	0.0	0.0	0.0	0.0	0.0
202209	007090200	22	諸材料費*	0.0	0.0	0.0	0.0	0.0	0.0
202209	007090200	23	その他仕入高*	0.0	0.0	0.0	0.0	0.0	0.0
202209	007090200	24	減価償却費*	0.0	0.0	0.0	0.0	0.0	0.0
202209	007090200	25	車両費*	0.0	0.0	0.0	0.0	0.0	0.0
202209	007090200	26	水道光熱費*	0.0	0.0	0.0	0.0	0.0	0.0
202209	007090200	27	動力費*	0.0	0.0	0.0	0.0	0.0	0.0
202209	007090200	28	燃料費*	0.0	0.0	0.0	0.0	0.0	0.0
202209	007090200	29	賃借料*	0.0	0.0	0.0	0.0	0.0	0.0
202209	007090200	30	修繕費*	0.0	0.0	0.0	0.0	0.0	0.0
202209	007090200	31	診断料*	0.0	0.0	0.0	0.0	0.0	0.0
202209	007090200	32	租税公課*	0.0	0.0	0.0	0.0	0.0	0.0
202209	007090200	33	業務委託費*	0.0	0.0	0.0	0.0	0.0	0.0
202209	007090200	34	雑費*	0.0	0.0	0.0	0.0	0.0	0.0
202209	007090200	35	雑給*	0.0	0.0	0.0	0.0	0.0	0.0
202209	007090200	36	経費合計（販管費）	-1932177.0	-1932177.0	-1932176.0	0.0	0.0	0.0
202209	007090200	37	減価償却費	0.0	0.0	0.0	0.0	0.0	0.0
202209	007090200	38	車両費	0.0	0.0	0.0	0.0	0.0	0.0
202209	007090200	39	旅費交通費	0.0	0.0	0.0	0.0	0.0	0.0
202209	007090200	40	通信費	0.0	0.0	0.0	0.0	0.0	0.0
202209	007090200	41	水道光熱費	0.0	0.0	0.0	0.0	0.0	0.0
202209	007090200	42	事務用品費	0.0	0.0	0.0	0.0	0.0	0.0
202209	007090200	43	消耗品費	0.0	0.0	0.0	0.0	0.0	0.0
202209	007090200	44	廃棄物処理料	0.0	0.0	0.0	0.0	0.0	0.0
202209	007090200	45	広告宣伝費	0.0	0.0	0.0	0.0	0.0	0.0
202209	007090200	46	接待交際費	0.0	0.0	0.0	0.0	0.0	0.0
202209	007090200	47	賃借料	0.0	0.0	0.0	0.0	0.0	0.0
202209	007090200	48	賃貸料収入	0.0	0.0	0.0	0.0	0.0	0.0
202209	007090200	49	修繕費	0.0	0.0	0.0	0.0	0.0	0.0
202209	007090200	50	支払リース料	0.0	0.0	0.0	0.0	0.0	0.0
202209	007090200	51	保険料	0.0	0.0	0.0	0.0	0.0	0.0
202209	007090200	52	支払報酬	0.0	0.0	0.0	0.0	0.0	0.0
202209	007090200	53	支払手数料	0.0	0.0	0.0	0.0	0.0	0.0
202209	007090200	54	診断料	0.0	0.0	0.0	0.0	0.0	0.0
202209	007090200	55	諸会費	0.0	0.0	0.0	0.0	0.0	0.0
202209	007090200	56	会議費	0.0	0.0	0.0	0.0	0.0	0.0
202209	007090200	57	寄付金	0.0	0.0	0.0	0.0	0.0	0.0
202209	007090200	58	租税公課	0.0	0.0	0.0	0.0	0.0	0.0
202209	007090200	59	業務委託費	0.0	0.0	0.0	0.0	0.0	0.0
202209	007090200	60	業務受託収入	0.0	0.0	0.0	0.0	0.0	0.0
202209	007090200	61	情報機器利用料	0.0	0.0	0.0	0.0	0.0	0.0
202209	007090200	62	貸倒金	0.0	0.0	0.0	0.0	0.0	0.0
202209	007090200	63	雑費	0.0	0.0	0.0	0.0	0.0	0.0
202209	007090200	64	福利消耗品費	0.0	0.0	0.0	0.0	0.0	0.0
202209	007090200	65	教育研修費	0.0	0.0	0.0	0.0	0.0	0.0
202209	007090200	66	廃棄損	0.0	0.0	0.0	0.0	0.0	0.0
202209	007090200	67	雑給	0.0	0.0	0.0	0.0	0.0	0.0
202209	007090200	68	社内金利（固定資産）	-1932177.0	-1932177.0	-1932176.0	0.0	0.0	0.0
202209	007090200	69	社内金利（売掛金）	0.0	0.0	0.0	0.0	0.0	0.0
202209	007090200	70	グループ共通	0.0	0.0	0.0	0.0	0.0	0.0
202209	007090200	71	差引収益	1932177.0	1932177.0	1932176.0	0.0	99.9	99.9
202209	007090200	72	差引比率	0.0	0.0	0.0		0.0	0.0
202209	007090200	73	総時間	58.75	58.75	56.75		96.5	96.5
202209	007090200	74	定時間	0.0	0.0	0.0		0.0	0.0
202209	007090200	75	残業時間	0.0	0.0	0.0		0.0	0.0
202209	007090200	76	移動時間	58.75	58.75	56.75		96.5	96.5
202209	007090200	77	当月時間当り	32888.1	32888.1	34047.1		103.5	103.5
202209	007090200	78	人員	0.0	0.0	0.0		0.0	0.0
202210	007090200	1	総受注高	0.0	0.0	0.0		0.0	0.0
202210	007090200	2	総売上高	0.0	0.0	0.0		0.0	0.0
202210	007090200	3	売上高	0.0	0.0	0.0	0.0	0.0	0.0
202210	007090200	4	グループ売上高	0.0	0.0	0.0	0.0	0.0	0.0
202210	007090200	5	社内売上高	0.0	0.0	0.0	0.0	0.0	0.0
202210	007090200	7	販売奨励金	0.0	0.0	0.0	0.0	0.0	0.0
202210	007090200	8	売上原価	0.0	0.0	0.0	0.0	0.0	0.0
202210	007090200	9	仕入高	0.0	0.0	0.0	0.0	0.0	0.0
202210	007090200	10	グループ仕入高	0.0	0.0	0.0	0.0	0.0	0.0
202210	007090200	11	社内仕入高	0.0	0.0	0.0	0.0	0.0	0.0
202210	007090200	12	荷造運搬費	0.0	0.0	0.0	0.0	0.0	0.0
202210	007090200	13	販売手数料	0.0	0.0	0.0	0.0	0.0	0.0
202210	007090200	14	総収益	0.0	0.0	0.0	0.0	0.0	0.0
202210	007090200	15	経費合計	-1908164.0	-1908164.0	-1908163.0	0.0	0.0	0.0
202210	007090200	16	経費合計（原価）	0.0	0.0	0.0	0.0	0.0	0.0
202210	007090200	17	種苗費*	0.0	0.0	0.0	0.0	0.0	0.0
202210	007090200	18	肥料費*	0.0	0.0	0.0	0.0	0.0	0.0
202210	007090200	19	培土費用*	0.0	0.0	0.0	0.0	0.0	0.0
202210	007090200	20	農薬衛生費*	0.0	0.0	0.0	0.0	0.0	0.0
202210	007090200	21	農具費*	0.0	0.0	0.0	0.0	0.0	0.0
202210	007090200	22	諸材料費*	0.0	0.0	0.0	0.0	0.0	0.0
202210	007090200	23	その他仕入高*	0.0	0.0	0.0	0.0	0.0	0.0
202210	007090200	24	減価償却費*	0.0	0.0	0.0	0.0	0.0	0.0
202210	007090200	25	車両費*	0.0	0.0	0.0	0.0	0.0	0.0
202210	007090200	26	水道光熱費*	0.0	0.0	0.0	0.0	0.0	0.0
202210	007090200	27	動力費*	0.0	0.0	0.0	0.0	0.0	0.0
202210	007090200	28	燃料費*	0.0	0.0	0.0	0.0	0.0	0.0
202210	007090200	29	賃借料*	0.0	0.0	0.0	0.0	0.0	0.0
202210	007090200	30	修繕費*	0.0	0.0	0.0	0.0	0.0	0.0
202210	007090200	31	診断料*	0.0	0.0	0.0	0.0	0.0	0.0
202210	007090200	32	租税公課*	0.0	0.0	0.0	0.0	0.0	0.0
202210	007090200	33	業務委託費*	0.0	0.0	0.0	0.0	0.0	0.0
202210	007090200	34	雑費*	0.0	0.0	0.0	0.0	0.0	0.0
202210	007090200	35	雑給*	0.0	0.0	0.0	0.0	0.0	0.0
202210	007090200	36	経費合計（販管費）	-1908164.0	-1908164.0	-1908163.0	0.0	0.0	0.0
202210	007090200	37	減価償却費	0.0	0.0	0.0	0.0	0.0	0.0
202210	007090200	38	車両費	0.0	0.0	0.0	0.0	0.0	0.0
202210	007090200	39	旅費交通費	0.0	0.0	0.0	0.0	0.0	0.0
202210	007090200	40	通信費	0.0	0.0	0.0	0.0	0.0	0.0
202210	007090200	41	水道光熱費	0.0	0.0	0.0	0.0	0.0	0.0
202210	007090200	42	事務用品費	0.0	0.0	0.0	0.0	0.0	0.0
202210	007090200	43	消耗品費	0.0	0.0	0.0	0.0	0.0	0.0
202210	007090200	44	廃棄物処理料	0.0	0.0	0.0	0.0	0.0	0.0
202210	007090200	45	広告宣伝費	0.0	0.0	0.0	0.0	0.0	0.0
202210	007090200	46	接待交際費	0.0	0.0	0.0	0.0	0.0	0.0
202210	007090200	47	賃借料	0.0	0.0	0.0	0.0	0.0	0.0
202210	007090200	48	賃貸料収入	0.0	0.0	0.0	0.0	0.0	0.0
202210	007090200	49	修繕費	0.0	0.0	0.0	0.0	0.0	0.0
202210	007090200	50	支払リース料	0.0	0.0	0.0	0.0	0.0	0.0
202210	007090200	51	保険料	0.0	0.0	0.0	0.0	0.0	0.0
202210	007090200	52	支払報酬	0.0	0.0	0.0	0.0	0.0	0.0
202210	007090200	53	支払手数料	0.0	0.0	0.0	0.0	0.0	0.0
202210	007090200	54	診断料	0.0	0.0	0.0	0.0	0.0	0.0
202210	007090200	55	諸会費	0.0	0.0	0.0	0.0	0.0	0.0
202210	007090200	56	会議費	0.0	0.0	0.0	0.0	0.0	0.0
202210	007090200	57	寄付金	0.0	0.0	0.0	0.0	0.0	0.0
202210	007090200	58	租税公課	0.0	0.0	0.0	0.0	0.0	0.0
202210	007090200	59	業務委託費	0.0	0.0	0.0	0.0	0.0	0.0
202210	007090200	60	業務受託収入	0.0	0.0	0.0	0.0	0.0	0.0
202210	007090200	61	情報機器利用料	0.0	0.0	0.0	0.0	0.0	0.0
202210	007090200	62	貸倒金	0.0	0.0	0.0	0.0	0.0	0.0
202210	007090200	63	雑費	0.0	0.0	0.0	0.0	0.0	0.0
202210	007090200	64	福利消耗品費	0.0	0.0	0.0	0.0	0.0	0.0
202210	007090200	65	教育研修費	0.0	0.0	0.0	0.0	0.0	0.0
202210	007090200	66	廃棄損	0.0	0.0	0.0	0.0	0.0	0.0
202210	007090200	67	雑給	0.0	0.0	0.0	0.0	0.0	0.0
202210	007090200	68	社内金利（固定資産）	-1908164.0	-1908164.0	-1908163.0	0.0	0.0	0.0
202210	007090200	69	社内金利（売掛金）	0.0	0.0	0.0	0.0	0.0	0.0
202210	007090200	70	グループ共通	0.0	0.0	0.0	0.0	0.0	0.0
202210	007090200	71	差引収益	1908164.0	1908164.0	1908163.0	0.0	99.9	99.9
202210	007090200	72	差引比率	0.0	0.0	0.0		0.0	0.0
202210	007090200	73	総時間	55.75	55.75	55.75		100.0	100.0
202210	007090200	74	定時間	0.0	0.0	0.0		0.0	0.0
202210	007090200	75	残業時間	0.0	0.0	0.0		0.0	0.0
202210	007090200	76	移動時間	55.75	55.75	55.75		100.0	100.0
202210	007090200	77	当月時間当り	34227.1	34227.1	34227.1		100.0	100.0
202210	007090200	78	人員	0.0	0.0	0.0		0.0	0.0
202211	007090200	1	総受注高	0.0	0.0	0.0		0.0	0.0
202211	007090200	2	総売上高	0.0	0.0	0.0		0.0	0.0
202211	007090200	3	売上高	0.0	0.0	0.0	0.0	0.0	0.0
202211	007090200	4	グループ売上高	0.0	0.0	0.0	0.0	0.0	0.0
202211	007090200	5	社内売上高	0.0	0.0	0.0	0.0	0.0	0.0
202211	007090200	7	販売奨励金	0.0	0.0	0.0	0.0	0.0	0.0
202211	007090200	8	売上原価	0.0	0.0	0.0	0.0	0.0	0.0
202211	007090200	9	仕入高	0.0	0.0	0.0	0.0	0.0	0.0
202211	007090200	10	グループ仕入高	0.0	0.0	0.0	0.0	0.0	0.0
202211	007090200	11	社内仕入高	0.0	0.0	0.0	0.0	0.0	0.0
202211	007090200	12	荷造運搬費	0.0	0.0	0.0	0.0	0.0	0.0
202211	007090200	13	販売手数料	0.0	0.0	0.0	0.0	0.0	0.0
202211	007090200	14	総収益	0.0	0.0	0.0	0.0	0.0	0.0
202211	007090200	15	経費合計	-1884151.0	-1884151.0	-1884151.0	0.0	0.0	0.0
202211	007090200	16	経費合計（原価）	0.0	0.0	0.0	0.0	0.0	0.0
202211	007090200	17	種苗費*	0.0	0.0	0.0	0.0	0.0	0.0
202211	007090200	18	肥料費*	0.0	0.0	0.0	0.0	0.0	0.0
202211	007090200	19	培土費用*	0.0	0.0	0.0	0.0	0.0	0.0
202211	007090200	20	農薬衛生費*	0.0	0.0	0.0	0.0	0.0	0.0
202211	007090200	21	農具費*	0.0	0.0	0.0	0.0	0.0	0.0
202211	007090200	22	諸材料費*	0.0	0.0	0.0	0.0	0.0	0.0
202211	007090200	23	その他仕入高*	0.0	0.0	0.0	0.0	0.0	0.0
202211	007090200	24	減価償却費*	0.0	0.0	0.0	0.0	0.0	0.0
202211	007090200	25	車両費*	0.0	0.0	0.0	0.0	0.0	0.0
202211	007090200	26	水道光熱費*	0.0	0.0	0.0	0.0	0.0	0.0
202211	007090200	27	動力費*	0.0	0.0	0.0	0.0	0.0	0.0
202211	007090200	28	燃料費*	0.0	0.0	0.0	0.0	0.0	0.0
202211	007090200	29	賃借料*	0.0	0.0	0.0	0.0	0.0	0.0
202211	007090200	30	修繕費*	0.0	0.0	0.0	0.0	0.0	0.0
202211	007090200	31	診断料*	0.0	0.0	0.0	0.0	0.0	0.0
202211	007090200	32	租税公課*	0.0	0.0	0.0	0.0	0.0	0.0
202211	007090200	33	業務委託費*	0.0	0.0	0.0	0.0	0.0	0.0
202211	007090200	34	雑費*	0.0	0.0	0.0	0.0	0.0	0.0
202211	007090200	35	雑給*	0.0	0.0	0.0	0.0	0.0	0.0
202211	007090200	36	経費合計（販管費）	-1884151.0	-1884151.0	-1884151.0	0.0	0.0	0.0
202211	007090200	37	減価償却費	0.0	0.0	0.0	0.0	0.0	0.0
202211	007090200	38	車両費	0.0	0.0	0.0	0.0	0.0	0.0
202211	007090200	39	旅費交通費	0.0	0.0	0.0	0.0	0.0	0.0
202211	007090200	40	通信費	0.0	0.0	0.0	0.0	0.0	0.0
202211	007090200	41	水道光熱費	0.0	0.0	0.0	0.0	0.0	0.0
202211	007090200	42	事務用品費	0.0	0.0	0.0	0.0	0.0	0.0
202211	007090200	43	消耗品費	0.0	0.0	0.0	0.0	0.0	0.0
202211	007090200	44	廃棄物処理料	0.0	0.0	0.0	0.0	0.0	0.0
202211	007090200	45	広告宣伝費	0.0	0.0	0.0	0.0	0.0	0.0
202211	007090200	46	接待交際費	0.0	0.0	0.0	0.0	0.0	0.0
202211	007090200	47	賃借料	0.0	0.0	0.0	0.0	0.0	0.0
202211	007090200	48	賃貸料収入	0.0	0.0	0.0	0.0	0.0	0.0
202211	007090200	49	修繕費	0.0	0.0	0.0	0.0	0.0	0.0
202211	007090200	50	支払リース料	0.0	0.0	0.0	0.0	0.0	0.0
202211	007090200	51	保険料	0.0	0.0	0.0	0.0	0.0	0.0
202211	007090200	52	支払報酬	0.0	0.0	0.0	0.0	0.0	0.0
202211	007090200	53	支払手数料	0.0	0.0	0.0	0.0	0.0	0.0
202211	007090200	54	診断料	0.0	0.0	0.0	0.0	0.0	0.0
202211	007090200	55	諸会費	0.0	0.0	0.0	0.0	0.0	0.0
202211	007090200	56	会議費	0.0	0.0	0.0	0.0	0.0	0.0
202211	007090200	57	寄付金	0.0	0.0	0.0	0.0	0.0	0.0
202211	007090200	58	租税公課	0.0	0.0	0.0	0.0	0.0	0.0
202211	007090200	59	業務委託費	0.0	0.0	0.0	0.0	0.0	0.0
202211	007090200	60	業務受託収入	0.0	0.0	0.0	0.0	0.0	0.0
202211	007090200	61	情報機器利用料	0.0	0.0	0.0	0.0	0.0	0.0
202211	007090200	62	貸倒金	0.0	0.0	0.0	0.0	0.0	0.0
202211	007090200	63	雑費	0.0	0.0	0.0	0.0	0.0	0.0
202211	007090200	64	福利消耗品費	0.0	0.0	0.0	0.0	0.0	0.0
202211	007090200	65	教育研修費	0.0	0.0	0.0	0.0	0.0	0.0
202211	007090200	66	廃棄損	0.0	0.0	0.0	0.0	0.0	0.0
202211	007090200	67	雑給	0.0	0.0	0.0	0.0	0.0	0.0
202211	007090200	68	社内金利（固定資産）	-1884151.0	-1884151.0	-1884151.0	0.0	0.0	0.0
202211	007090200	69	社内金利（売掛金）	0.0	0.0	0.0	0.0	0.0	0.0
202211	007090200	70	グループ共通	0.0	0.0	0.0	0.0	0.0	0.0
202211	007090200	71	差引収益	1884151.0	1884151.0	1884151.0	0.0	100.0	100.0
202211	007090200	72	差引比率	0.0	0.0	0.0		0.0	0.0
202211	007090200	73	総時間	56.75	56.75	56.75		100.0	100.0
202211	007090200	74	定時間	0.0	0.0	0.0		0.0	0.0
202211	007090200	75	残業時間	0.0	0.0	0.0		0.0	0.0
202211	007090200	76	移動時間	56.75	56.75	56.75		100.0	100.0
202211	007090200	77	当月時間当り	33200.8	33200.8	33200.8		100.0	100.0
202211	007090200	78	人員	0.0	0.0	0.0		0.0	0.0
202212	007090200	1	総受注高	0.0	0.0	0.0		0.0	0.0
202212	007090200	2	総売上高	0.0	0.0	0.0		0.0	0.0
202212	007090200	3	売上高	0.0	0.0	0.0	0.0	0.0	0.0
202212	007090200	4	グループ売上高	0.0	0.0	0.0	0.0	0.0	0.0
202212	007090200	5	社内売上高	0.0	0.0	0.0	0.0	0.0	0.0
202212	007090200	7	販売奨励金	0.0	0.0	0.0	0.0	0.0	0.0
202212	007090200	8	売上原価	0.0	0.0	0.0	0.0	0.0	0.0
202212	007090200	9	仕入高	0.0	0.0	0.0	0.0	0.0	0.0
202212	007090200	10	グループ仕入高	0.0	0.0	0.0	0.0	0.0	0.0
202212	007090200	11	社内仕入高	0.0	0.0	0.0	0.0	0.0	0.0
202212	007090200	12	荷造運搬費	0.0	0.0	0.0	0.0	0.0	0.0
202212	007090200	13	販売手数料	0.0	0.0	0.0	0.0	0.0	0.0
202212	007090200	14	総収益	0.0	0.0	0.0	0.0	0.0	0.0
202212	007090200	15	経費合計	-1860138.0	-1860138.0	-1860138.0	0.0	0.0	0.0
202212	007090200	16	経費合計（原価）	0.0	0.0	0.0	0.0	0.0	0.0
202212	007090200	17	種苗費*	0.0	0.0	0.0	0.0	0.0	0.0
202212	007090200	18	肥料費*	0.0	0.0	0.0	0.0	0.0	0.0
202212	007090200	19	培土費用*	0.0	0.0	0.0	0.0	0.0	0.0
202212	007090200	20	農薬衛生費*	0.0	0.0	0.0	0.0	0.0	0.0
202212	007090200	21	農具費*	0.0	0.0	0.0	0.0	0.0	0.0
202212	007090200	22	諸材料費*	0.0	0.0	0.0	0.0	0.0	0.0
202212	007090200	23	その他仕入高*	0.0	0.0	0.0	0.0	0.0	0.0
202212	007090200	24	減価償却費*	0.0	0.0	0.0	0.0	0.0	0.0
202212	007090200	25	車両費*	0.0	0.0	0.0	0.0	0.0	0.0
202212	007090200	26	水道光熱費*	0.0	0.0	0.0	0.0	0.0	0.0
202212	007090200	27	動力費*	0.0	0.0	0.0	0.0	0.0	0.0
202212	007090200	28	燃料費*	0.0	0.0	0.0	0.0	0.0	0.0
202212	007090200	29	賃借料*	0.0	0.0	0.0	0.0	0.0	0.0
202212	007090200	30	修繕費*	0.0	0.0	0.0	0.0	0.0	0.0
202212	007090200	31	診断料*	0.0	0.0	0.0	0.0	0.0	0.0
202212	007090200	32	租税公課*	0.0	0.0	0.0	0.0	0.0	0.0
202212	007090200	33	業務委託費*	0.0	0.0	0.0	0.0	0.0	0.0
202212	007090200	34	雑費*	0.0	0.0	0.0	0.0	0.0	0.0
202212	007090200	35	雑給*	0.0	0.0	0.0	0.0	0.0	0.0
202212	007090200	36	経費合計（販管費）	-1860138.0	-1860138.0	-1860138.0	0.0	0.0	0.0
202212	007090200	37	減価償却費	0.0	0.0	0.0	0.0	0.0	0.0
202212	007090200	38	車両費	0.0	0.0	0.0	0.0	0.0	0.0
202212	007090200	39	旅費交通費	0.0	0.0	0.0	0.0	0.0	0.0
202212	007090200	40	通信費	0.0	0.0	0.0	0.0	0.0	0.0
202212	007090200	41	水道光熱費	0.0	0.0	0.0	0.0	0.0	0.0
202212	007090200	42	事務用品費	0.0	0.0	0.0	0.0	0.0	0.0
202212	007090200	43	消耗品費	0.0	0.0	0.0	0.0	0.0	0.0
202212	007090200	44	廃棄物処理料	0.0	0.0	0.0	0.0	0.0	0.0
202212	007090200	45	広告宣伝費	0.0	0.0	0.0	0.0	0.0	0.0
202212	007090200	46	接待交際費	0.0	0.0	0.0	0.0	0.0	0.0
202212	007090200	47	賃借料	0.0	0.0	0.0	0.0	0.0	0.0
202212	007090200	48	賃貸料収入	0.0	0.0	0.0	0.0	0.0	0.0
202212	007090200	49	修繕費	0.0	0.0	0.0	0.0	0.0	0.0
202212	007090200	50	支払リース料	0.0	0.0	0.0	0.0	0.0	0.0
202212	007090200	51	保険料	0.0	0.0	0.0	0.0	0.0	0.0
202212	007090200	52	支払報酬	0.0	0.0	0.0	0.0	0.0	0.0
202212	007090200	53	支払手数料	0.0	0.0	0.0	0.0	0.0	0.0
202212	007090200	54	診断料	0.0	0.0	0.0	0.0	0.0	0.0
202212	007090200	55	諸会費	0.0	0.0	0.0	0.0	0.0	0.0
202212	007090200	56	会議費	0.0	0.0	0.0	0.0	0.0	0.0
202212	007090200	57	寄付金	0.0	0.0	0.0	0.0	0.0	0.0
202212	007090200	58	租税公課	0.0	0.0	0.0	0.0	0.0	0.0
202212	007090200	59	業務委託費	0.0	0.0	0.0	0.0	0.0	0.0
202212	007090200	60	業務受託収入	0.0	0.0	0.0	0.0	0.0	0.0
202212	007090200	61	情報機器利用料	0.0	0.0	0.0	0.0	0.0	0.0
202212	007090200	62	貸倒金	0.0	0.0	0.0	0.0	0.0	0.0
202212	007090200	63	雑費	0.0	0.0	0.0	0.0	0.0	0.0
202212	007090200	64	福利消耗品費	0.0	0.0	0.0	0.0	0.0	0.0
202212	007090200	65	教育研修費	0.0	0.0	0.0	0.0	0.0	0.0
202212	007090200	66	廃棄損	0.0	0.0	0.0	0.0	0.0	0.0
202212	007090200	67	雑給	0.0	0.0	0.0	0.0	0.0	0.0
202212	007090200	68	社内金利（固定資産）	-1860138.0	-1860138.0	-1860138.0	0.0	0.0	0.0
202212	007090200	69	社内金利（売掛金）	0.0	0.0	0.0	0.0	0.0	0.0
202212	007090200	70	グループ共通	0.0	0.0	0.0	0.0	0.0	0.0
202212	007090200	71	差引収益	1860138.0	1860138.0	1860138.0	0.0	100.0	100.0
202212	007090200	72	差引比率	0.0	0.0	0.0		0.0	0.0
202212	007090200	73	総時間	55.5	55.5	55.5		100.0	100.0
202212	007090200	74	定時間	0.0	0.0	0.0		0.0	0.0
202212	007090200	75	残業時間	0.0	0.0	0.0		0.0	0.0
202212	007090200	76	移動時間	55.5	55.5	55.5		100.0	100.0
202212	007090200	77	当月時間当り	33516.0	33516.0	33516.0		100.0	100.0
202212	007090200	78	人員	0.0	0.0	0.0		0.0	0.0
202301	007090200	1	総受注高	0.0	0.0	0.0		0.0	0.0
202301	007090200	2	総売上高	0.0	0.0	0.0		0.0	0.0
202301	007090200	3	売上高	0.0	0.0	0.0	0.0	0.0	0.0
202301	007090200	4	グループ売上高	0.0	0.0	0.0	0.0	0.0	0.0
202301	007090200	5	社内売上高	0.0	0.0	0.0	0.0	0.0	0.0
202301	007090200	7	販売奨励金	0.0	0.0	0.0	0.0	0.0	0.0
202301	007090200	8	売上原価	0.0	0.0	0.0	0.0	0.0	0.0
202301	007090200	9	仕入高	0.0	0.0	0.0	0.0	0.0	0.0
202301	007090200	10	グループ仕入高	0.0	0.0	0.0	0.0	0.0	0.0
202301	007090200	11	社内仕入高	0.0	0.0	0.0	0.0	0.0	0.0
202301	007090200	12	荷造運搬費	0.0	0.0	0.0	0.0	0.0	0.0
202301	007090200	13	販売手数料	0.0	0.0	0.0	0.0	0.0	0.0
202301	007090200	14	総収益	0.0	0.0	0.0	0.0	0.0	0.0
202301	007090200	15	経費合計	-1836125.0	-1836125.0	-1836125.0	0.0	0.0	0.0
202301	007090200	16	経費合計（原価）	0.0	0.0	0.0	0.0	0.0	0.0
202301	007090200	17	種苗費*	0.0	0.0	0.0	0.0	0.0	0.0
202301	007090200	18	肥料費*	0.0	0.0	0.0	0.0	0.0	0.0
202301	007090200	19	培土費用*	0.0	0.0	0.0	0.0	0.0	0.0
202301	007090200	20	農薬衛生費*	0.0	0.0	0.0	0.0	0.0	0.0
202301	007090200	21	農具費*	0.0	0.0	0.0	0.0	0.0	0.0
202301	007090200	22	諸材料費*	0.0	0.0	0.0	0.0	0.0	0.0
202301	007090200	23	その他仕入高*	0.0	0.0	0.0	0.0	0.0	0.0
202301	007090200	24	減価償却費*	0.0	0.0	0.0	0.0	0.0	0.0
202301	007090200	25	車両費*	0.0	0.0	0.0	0.0	0.0	0.0
202301	007090200	26	水道光熱費*	0.0	0.0	0.0	0.0	0.0	0.0
202301	007090200	27	動力費*	0.0	0.0	0.0	0.0	0.0	0.0
202301	007090200	28	燃料費*	0.0	0.0	0.0	0.0	0.0	0.0
202301	007090200	29	賃借料*	0.0	0.0	0.0	0.0	0.0	0.0
202301	007090200	30	修繕費*	0.0	0.0	0.0	0.0	0.0	0.0
202301	007090200	31	診断料*	0.0	0.0	0.0	0.0	0.0	0.0
202301	007090200	32	租税公課*	0.0	0.0	0.0	0.0	0.0	0.0
202301	007090200	33	業務委託費*	0.0	0.0	0.0	0.0	0.0	0.0
202301	007090200	34	雑費*	0.0	0.0	0.0	0.0	0.0	0.0
202301	007090200	35	雑給*	0.0	0.0	0.0	0.0	0.0	0.0
202301	007090200	36	経費合計（販管費）	-1836125.0	-1836125.0	-1836125.0	0.0	0.0	0.0
202301	007090200	37	減価償却費	0.0	0.0	0.0	0.0	0.0	0.0
202301	007090200	38	車両費	0.0	0.0	0.0	0.0	0.0	0.0
202301	007090200	39	旅費交通費	0.0	0.0	0.0	0.0	0.0	0.0
202301	007090200	40	通信費	0.0	0.0	0.0	0.0	0.0	0.0
202301	007090200	41	水道光熱費	0.0	0.0	0.0	0.0	0.0	0.0
202301	007090200	42	事務用品費	0.0	0.0	0.0	0.0	0.0	0.0
202301	007090200	43	消耗品費	0.0	0.0	0.0	0.0	0.0	0.0
202301	007090200	44	廃棄物処理料	0.0	0.0	0.0	0.0	0.0	0.0
202301	007090200	45	広告宣伝費	0.0	0.0	0.0	0.0	0.0	0.0
202301	007090200	46	接待交際費	0.0	0.0	0.0	0.0	0.0	0.0
202301	007090200	47	賃借料	0.0	0.0	0.0	0.0	0.0	0.0
202301	007090200	48	賃貸料収入	0.0	0.0	0.0	0.0	0.0	0.0
202301	007090200	49	修繕費	0.0	0.0	0.0	0.0	0.0	0.0
202301	007090200	50	支払リース料	0.0	0.0	0.0	0.0	0.0	0.0
202301	007090200	51	保険料	0.0	0.0	0.0	0.0	0.0	0.0
202301	007090200	52	支払報酬	0.0	0.0	0.0	0.0	0.0	0.0
202301	007090200	53	支払手数料	0.0	0.0	0.0	0.0	0.0	0.0
202301	007090200	54	診断料	0.0	0.0	0.0	0.0	0.0	0.0
202301	007090200	55	諸会費	0.0	0.0	0.0	0.0	0.0	0.0
202301	007090200	56	会議費	0.0	0.0	0.0	0.0	0.0	0.0
202301	007090200	57	寄付金	0.0	0.0	0.0	0.0	0.0	0.0
202301	007090200	58	租税公課	0.0	0.0	0.0	0.0	0.0	0.0
202301	007090200	59	業務委託費	0.0	0.0	0.0	0.0	0.0	0.0
202301	007090200	60	業務受託収入	0.0	0.0	0.0	0.0	0.0	0.0
202301	007090200	61	情報機器利用料	0.0	0.0	0.0	0.0	0.0	0.0
202301	007090200	62	貸倒金	0.0	0.0	0.0	0.0	0.0	0.0
202301	007090200	63	雑費	0.0	0.0	0.0	0.0	0.0	0.0
202301	007090200	64	福利消耗品費	0.0	0.0	0.0	0.0	0.0	0.0
202301	007090200	65	教育研修費	0.0	0.0	0.0	0.0	0.0	0.0
202301	007090200	66	廃棄損	0.0	0.0	0.0	0.0	0.0	0.0
202301	007090200	67	雑給	0.0	0.0	0.0	0.0	0.0	0.0
202301	007090200	68	社内金利（固定資産）	-1836125.0	-1836125.0	-1836125.0	0.0	0.0	0.0
202301	007090200	69	社内金利（売掛金）	0.0	0.0	0.0	0.0	0.0	0.0
202301	007090200	70	グループ共通	0.0	0.0	0.0	0.0	0.0	0.0
202301	007090200	71	差引収益	1836125.0	1836125.0	1836125.0	0.0	100.0	100.0
202301	007090200	72	差引比率	0.0	0.0	0.0		0.0	0.0
202301	007090200	73	総時間	52.75	52.75	54.75		103.7	103.7
202301	007090200	74	定時間	0.0	0.0	0.0		0.0	0.0
202301	007090200	75	残業時間	0.0	0.0	0.0		0.0	0.0
202301	007090200	76	移動時間	52.75	52.75	54.75		103.7	103.7
202301	007090200	77	当月時間当り	34808.0	34808.0	33536.5		96.3	96.3
202301	007090200	78	人員	0.0	0.0	0.0		0.0	0.0
202302	007090200	1	総受注高	0.0	0.0	0.0		0.0	0.0
202302	007090200	2	総売上高	0.0	0.0	0.0		0.0	0.0
202302	007090200	3	売上高	0.0	0.0	0.0	0.0	0.0	0.0
202302	007090200	4	グループ売上高	0.0	0.0	0.0	0.0	0.0	0.0
202302	007090200	5	社内売上高	0.0	0.0	0.0	0.0	0.0	0.0
202302	007090200	7	販売奨励金	0.0	0.0	0.0	0.0	0.0	0.0
202302	007090200	8	売上原価	0.0	0.0	0.0	0.0	0.0	0.0
202302	007090200	9	仕入高	0.0	0.0	0.0	0.0	0.0	0.0
202302	007090200	10	グループ仕入高	0.0	0.0	0.0	0.0	0.0	0.0
202302	007090200	11	社内仕入高	0.0	0.0	0.0	0.0	0.0	0.0
202302	007090200	12	荷造運搬費	0.0	0.0	0.0	0.0	0.0	0.0
202302	007090200	13	販売手数料	0.0	0.0	0.0	0.0	0.0	0.0
202302	007090200	14	総収益	0.0	0.0	0.0	0.0	0.0	0.0
202302	007090200	15	経費合計	-1812112.0	-1812112.0	-1812112.0	0.0	0.0	0.0
202302	007090200	16	経費合計（原価）	0.0	0.0	0.0	0.0	0.0	0.0
202302	007090200	17	種苗費*	0.0	0.0	0.0	0.0	0.0	0.0
202302	007090200	18	肥料費*	0.0	0.0	0.0	0.0	0.0	0.0
202302	007090200	19	培土費用*	0.0	0.0	0.0	0.0	0.0	0.0
202302	007090200	20	農薬衛生費*	0.0	0.0	0.0	0.0	0.0	0.0
202302	007090200	21	農具費*	0.0	0.0	0.0	0.0	0.0	0.0
202302	007090200	22	諸材料費*	0.0	0.0	0.0	0.0	0.0	0.0
202302	007090200	23	その他仕入高*	0.0	0.0	0.0	0.0	0.0	0.0
202302	007090200	24	減価償却費*	0.0	0.0	0.0	0.0	0.0	0.0
202302	007090200	25	車両費*	0.0	0.0	0.0	0.0	0.0	0.0
202302	007090200	26	水道光熱費*	0.0	0.0	0.0	0.0	0.0	0.0
202302	007090200	27	動力費*	0.0	0.0	0.0	0.0	0.0	0.0
202302	007090200	28	燃料費*	0.0	0.0	0.0	0.0	0.0	0.0
202302	007090200	29	賃借料*	0.0	0.0	0.0	0.0	0.0	0.0
202302	007090200	30	修繕費*	0.0	0.0	0.0	0.0	0.0	0.0
202302	007090200	31	診断料*	0.0	0.0	0.0	0.0	0.0	0.0
202302	007090200	32	租税公課*	0.0	0.0	0.0	0.0	0.0	0.0
202302	007090200	33	業務委託費*	0.0	0.0	0.0	0.0	0.0	0.0
202302	007090200	34	雑費*	0.0	0.0	0.0	0.0	0.0	0.0
202302	007090200	35	雑給*	0.0	0.0	0.0	0.0	0.0	0.0
202302	007090200	36	経費合計（販管費）	-1812112.0	-1812112.0	-1812112.0	0.0	0.0	0.0
202302	007090200	37	減価償却費	0.0	0.0	0.0	0.0	0.0	0.0
202302	007090200	38	車両費	0.0	0.0	0.0	0.0	0.0	0.0
202302	007090200	39	旅費交通費	0.0	0.0	0.0	0.0	0.0	0.0
202302	007090200	40	通信費	0.0	0.0	0.0	0.0	0.0	0.0
202302	007090200	41	水道光熱費	0.0	0.0	0.0	0.0	0.0	0.0
202302	007090200	42	事務用品費	0.0	0.0	0.0	0.0	0.0	0.0
202302	007090200	43	消耗品費	0.0	0.0	0.0	0.0	0.0	0.0
202302	007090200	44	廃棄物処理料	0.0	0.0	0.0	0.0	0.0	0.0
202302	007090200	45	広告宣伝費	0.0	0.0	0.0	0.0	0.0	0.0
202302	007090200	46	接待交際費	0.0	0.0	0.0	0.0	0.0	0.0
202302	007090200	47	賃借料	0.0	0.0	0.0	0.0	0.0	0.0
202302	007090200	48	賃貸料収入	0.0	0.0	0.0	0.0	0.0	0.0
202302	007090200	49	修繕費	0.0	0.0	0.0	0.0	0.0	0.0
202302	007090200	50	支払リース料	0.0	0.0	0.0	0.0	0.0	0.0
202302	007090200	51	保険料	0.0	0.0	0.0	0.0	0.0	0.0
202302	007090200	52	支払報酬	0.0	0.0	0.0	0.0	0.0	0.0
202302	007090200	53	支払手数料	0.0	0.0	0.0	0.0	0.0	0.0
202302	007090200	54	診断料	0.0	0.0	0.0	0.0	0.0	0.0
202302	007090200	55	諸会費	0.0	0.0	0.0	0.0	0.0	0.0
202302	007090200	56	会議費	0.0	0.0	0.0	0.0	0.0	0.0
202302	007090200	57	寄付金	0.0	0.0	0.0	0.0	0.0	0.0
202302	007090200	58	租税公課	0.0	0.0	0.0	0.0	0.0	0.0
202302	007090200	59	業務委託費	0.0	0.0	0.0	0.0	0.0	0.0
202302	007090200	60	業務受託収入	0.0	0.0	0.0	0.0	0.0	0.0
202302	007090200	61	情報機器利用料	0.0	0.0	0.0	0.0	0.0	0.0
202302	007090200	62	貸倒金	0.0	0.0	0.0	0.0	0.0	0.0
202302	007090200	63	雑費	0.0	0.0	0.0	0.0	0.0	0.0
202302	007090200	64	福利消耗品費	0.0	0.0	0.0	0.0	0.0	0.0
202302	007090200	65	教育研修費	0.0	0.0	0.0	0.0	0.0	0.0
202302	007090200	66	廃棄損	0.0	0.0	0.0	0.0	0.0	0.0
202302	007090200	67	雑給	0.0	0.0	0.0	0.0	0.0	0.0
202302	007090200	68	社内金利（固定資産）	-1812112.0	-1812112.0	-1812112.0	0.0	0.0	0.0
202302	007090200	69	社内金利（売掛金）	0.0	0.0	0.0	0.0	0.0	0.0
202302	007090200	70	グループ共通	0.0	0.0	0.0	0.0	0.0	0.0
202302	007090200	71	差引収益	1812112.0	1812112.0	1812112.0	0.0	100.0	100.0
202302	007090200	72	差引比率	0.0	0.0	0.0		0.0	0.0
202302	007090200	73	総時間	53.5	53.5	55.5		103.7	103.7
202302	007090200	74	定時間	0.0	0.0	0.0		0.0	0.0
202302	007090200	75	残業時間	0.0	0.0	0.0		0.0	0.0
202302	007090200	76	移動時間	53.5	53.5	55.5		103.7	103.7
202302	007090200	77	当月時間当り	33871.2	33871.2	32650.6		96.3	96.3
202302	007090200	78	人員	0.0	0.0	0.0		0.0	0.0
202303	007090200	1	総受注高	0.0	0.0	0.0		0.0	0.0
202303	007090200	2	総売上高	0.0	0.0	0.0		0.0	0.0
202303	007090200	3	売上高	0.0	0.0	0.0	0.0	0.0	0.0
202303	007090200	4	グループ売上高	0.0	0.0	0.0	0.0	0.0	0.0
202303	007090200	5	社内売上高	0.0	0.0	0.0	0.0	0.0	0.0
202303	007090200	7	販売奨励金	0.0	0.0	0.0	0.0	0.0	0.0
202303	007090200	8	売上原価	0.0	0.0	0.0	0.0	0.0	0.0
202303	007090200	9	仕入高	0.0	0.0	0.0	0.0	0.0	0.0
202303	007090200	10	グループ仕入高	0.0	0.0	0.0	0.0	0.0	0.0
202303	007090200	11	社内仕入高	0.0	0.0	0.0	0.0	0.0	0.0
202303	007090200	12	荷造運搬費	0.0	0.0	0.0	0.0	0.0	0.0
202303	007090200	13	販売手数料	0.0	0.0	0.0	0.0	0.0	0.0
202303	007090200	14	総収益	0.0	0.0	0.0	0.0	0.0	0.0
202303	007090200	15	経費合計	-1788174.0	-1788174.0	-1788174.0	0.0	0.0	0.0
202303	007090200	16	経費合計（原価）	0.0	0.0	0.0	0.0	0.0	0.0
202303	007090200	17	種苗費*	0.0	0.0	0.0	0.0	0.0	0.0
202303	007090200	18	肥料費*	0.0	0.0	0.0	0.0	0.0	0.0
202303	007090200	19	培土費用*	0.0	0.0	0.0	0.0	0.0	0.0
202303	007090200	20	農薬衛生費*	0.0	0.0	0.0	0.0	0.0	0.0
202303	007090200	21	農具費*	0.0	0.0	0.0	0.0	0.0	0.0
202303	007090200	22	諸材料費*	0.0	0.0	0.0	0.0	0.0	0.0
202303	007090200	23	その他仕入高*	0.0	0.0	0.0	0.0	0.0	0.0
202303	007090200	24	減価償却費*	0.0	0.0	0.0	0.0	0.0	0.0
202303	007090200	25	車両費*	0.0	0.0	0.0	0.0	0.0	0.0
202303	007090200	26	水道光熱費*	0.0	0.0	0.0	0.0	0.0	0.0
202303	007090200	27	動力費*	0.0	0.0	0.0	0.0	0.0	0.0
202303	007090200	28	燃料費*	0.0	0.0	0.0	0.0	0.0	0.0
202303	007090200	29	賃借料*	0.0	0.0	0.0	0.0	0.0	0.0
202303	007090200	30	修繕費*	0.0	0.0	0.0	0.0	0.0	0.0
202303	007090200	31	診断料*	0.0	0.0	0.0	0.0	0.0	0.0
202303	007090200	32	租税公課*	0.0	0.0	0.0	0.0	0.0	0.0
202303	007090200	33	業務委託費*	0.0	0.0	0.0	0.0	0.0	0.0
202303	007090200	34	雑費*	0.0	0.0	0.0	0.0	0.0	0.0
202303	007090200	35	雑給*	0.0	0.0	0.0	0.0	0.0	0.0
202303	007090200	36	経費合計（販管費）	-1788174.0	-1788174.0	-1788174.0	0.0	0.0	0.0
202303	007090200	37	減価償却費	0.0	0.0	0.0	0.0	0.0	0.0
202303	007090200	38	車両費	0.0	0.0	0.0	0.0	0.0	0.0
202303	007090200	39	旅費交通費	0.0	0.0	0.0	0.0	0.0	0.0
202303	007090200	40	通信費	0.0	0.0	0.0	0.0	0.0	0.0
202303	007090200	41	水道光熱費	0.0	0.0	0.0	0.0	0.0	0.0
202303	007090200	42	事務用品費	0.0	0.0	0.0	0.0	0.0	0.0
202303	007090200	43	消耗品費	0.0	0.0	0.0	0.0	0.0	0.0
202303	007090200	44	廃棄物処理料	0.0	0.0	0.0	0.0	0.0	0.0
202303	007090200	45	広告宣伝費	0.0	0.0	0.0	0.0	0.0	0.0
202303	007090200	46	接待交際費	0.0	0.0	0.0	0.0	0.0	0.0
202303	007090200	47	賃借料	0.0	0.0	0.0	0.0	0.0	0.0
202303	007090200	48	賃貸料収入	0.0	0.0	0.0	0.0	0.0	0.0
202303	007090200	49	修繕費	0.0	0.0	0.0	0.0	0.0	0.0
202303	007090200	50	支払リース料	0.0	0.0	0.0	0.0	0.0	0.0
202303	007090200	51	保険料	0.0	0.0	0.0	0.0	0.0	0.0
202303	007090200	52	支払報酬	0.0	0.0	0.0	0.0	0.0	0.0
202303	007090200	53	支払手数料	0.0	0.0	0.0	0.0	0.0	0.0
202303	007090200	54	診断料	0.0	0.0	0.0	0.0	0.0	0.0
202303	007090200	55	諸会費	0.0	0.0	0.0	0.0	0.0	0.0
202303	007090200	56	会議費	0.0	0.0	0.0	0.0	0.0	0.0
202303	007090200	57	寄付金	0.0	0.0	0.0	0.0	0.0	0.0
202303	007090200	58	租税公課	0.0	0.0	0.0	0.0	0.0	0.0
202303	007090200	59	業務委託費	0.0	0.0	0.0	0.0	0.0	0.0
202303	007090200	60	業務受託収入	0.0	0.0	0.0	0.0	0.0	0.0
202303	007090200	61	情報機器利用料	0.0	0.0	0.0	0.0	0.0	0.0
202303	007090200	62	貸倒金	0.0	0.0	0.0	0.0	0.0	0.0
202303	007090200	63	雑費	0.0	0.0	0.0	0.0	0.0	0.0
202303	007090200	64	福利消耗品費	0.0	0.0	0.0	0.0	0.0	0.0
202303	007090200	65	教育研修費	0.0	0.0	0.0	0.0	0.0	0.0
202303	007090200	66	廃棄損	0.0	0.0	0.0	0.0	0.0	0.0
202303	007090200	67	雑給	0.0	0.0	0.0	0.0	0.0	0.0
202303	007090200	68	社内金利（固定資産）	-1788174.0	-1788174.0	-1788174.0	0.0	0.0	0.0
202303	007090200	69	社内金利（売掛金）	0.0	0.0	0.0	0.0	0.0	0.0
202303	007090200	70	グループ共通	0.0	0.0	0.0	0.0	0.0	0.0
202303	007090200	71	差引収益	1788174.0	1788174.0	1788174.0	0.0	100.0	100.0
202303	007090200	72	差引比率	0.0	0.0	0.0		0.0	0.0
202303	007090200	73	総時間	59.5	59.5	57.75		97.0	97.0
202303	007090200	74	定時間	0.0	0.0	0.0		0.0	0.0
202303	007090200	75	残業時間	0.0	0.0	0.0		0.0	0.0
202303	007090200	76	移動時間	59.5	59.5	57.75		97.0	97.0
202303	007090200	77	当月時間当り	30053.3	30053.3	30964.0		103.0	103.0
202303	007090200	78	人員	0.0	0.0	0.0		0.0	0.0
202304	007090200	1	総受注高	0.0	0.0	0.0		0.0	0.0
202304	007090200	2	総売上高	0.0	0.0	0.0		0.0	0.0
202304	007090200	3	売上高	0.0	0.0	0.0	0.0	0.0	0.0
202304	007090200	4	グループ売上高	0.0	0.0	0.0	0.0	0.0	0.0
202304	007090200	5	社内売上高	0.0	0.0	0.0	0.0	0.0	0.0
202304	007090200	7	販売奨励金	0.0	0.0	0.0	0.0	0.0	0.0
202304	007090200	8	売上原価	0.0	0.0	0.0	0.0	0.0	0.0
202304	007090200	9	仕入高	0.0	0.0	0.0	0.0	0.0	0.0
202304	007090200	10	グループ仕入高	0.0	0.0	0.0	0.0	0.0	0.0
202304	007090200	11	社内仕入高	0.0	0.0	0.0	0.0	0.0	0.0
202304	007090200	12	荷造運搬費	0.0	0.0	0.0	0.0	0.0	0.0
202304	007090200	13	販売手数料	0.0	0.0	0.0	0.0	0.0	0.0
202304	007090200	14	総収益	0.0	0.0	0.0	0.0	0.0	0.0
202304	007090200	15	経費合計	-1658349.0	-1658349.0	-1765299.0	0.0	0.0	0.0
202304	007090200	16	経費合計（原価）	0.0	0.0	0.0	0.0	0.0	0.0
202304	007090200	17	種苗費*	0.0	0.0	0.0	0.0	0.0	0.0
202304	007090200	18	肥料費*	0.0	0.0	0.0	0.0	0.0	0.0
202304	007090200	19	培土費用*	0.0	0.0	0.0	0.0	0.0	0.0
202304	007090200	20	農薬衛生費*	0.0	0.0	0.0	0.0	0.0	0.0
202304	007090200	21	農具費*	0.0	0.0	0.0	0.0	0.0	0.0
202304	007090200	22	諸材料費*	0.0	0.0	0.0	0.0	0.0	0.0
202304	007090200	23	その他仕入高*	0.0	0.0	0.0	0.0	0.0	0.0
202304	007090200	24	減価償却費*	0.0	0.0	0.0	0.0	0.0	0.0
202304	007090200	25	車両費*	0.0	0.0	0.0	0.0	0.0	0.0
202304	007090200	26	水道光熱費*	0.0	0.0	0.0	0.0	0.0	0.0
202304	007090200	27	動力費*	0.0	0.0	0.0	0.0	0.0	0.0
202304	007090200	28	燃料費*	0.0	0.0	0.0	0.0	0.0	0.0
202304	007090200	29	賃借料*	0.0	0.0	0.0	0.0	0.0	0.0
202304	007090200	30	修繕費*	0.0	0.0	0.0	0.0	0.0	0.0
202304	007090200	31	診断料*	0.0	0.0	0.0	0.0	0.0	0.0
202304	007090200	32	租税公課*	0.0	0.0	0.0	0.0	0.0	0.0
202304	007090200	33	業務委託費*	0.0	0.0	0.0	0.0	0.0	0.0
202304	007090200	34	雑費*	0.0	0.0	0.0	0.0	0.0	0.0
202304	007090200	35	雑給*	0.0	0.0	0.0	0.0	0.0	0.0
202304	007090200	36	経費合計（販管費）	-1658349.0	-1658349.0	-1765299.0	0.0	0.0	0.0
202304	007090200	37	減価償却費	0.0	0.0	0.0	0.0	0.0	0.0
202304	007090200	38	車両費	0.0	0.0	0.0	0.0	0.0	0.0
202304	007090200	39	旅費交通費	0.0	0.0	0.0	0.0	0.0	0.0
202304	007090200	40	通信費	0.0	0.0	0.0	0.0	0.0	0.0
202304	007090200	41	水道光熱費	0.0	0.0	0.0	0.0	0.0	0.0
202304	007090200	42	事務用品費	0.0	0.0	0.0	0.0	0.0	0.0
202304	007090200	43	消耗品費	0.0	0.0	0.0	0.0	0.0	0.0
202304	007090200	44	廃棄物処理料	0.0	0.0	0.0	0.0	0.0	0.0
202304	007090200	45	広告宣伝費	0.0	0.0	0.0	0.0	0.0	0.0
202304	007090200	46	接待交際費	0.0	0.0	0.0	0.0	0.0	0.0
202304	007090200	47	賃借料	0.0	0.0	0.0	0.0	0.0	0.0
202304	007090200	48	賃貸料収入	0.0	0.0	0.0	0.0	0.0	0.0
202304	007090200	49	修繕費	0.0	0.0	0.0	0.0	0.0	0.0
202304	007090200	50	支払リース料	0.0	0.0	0.0	0.0	0.0	0.0
202304	007090200	51	保険料	0.0	0.0	0.0	0.0	0.0	0.0
202304	007090200	52	支払報酬	0.0	0.0	0.0	0.0	0.0	0.0
202304	007090200	53	支払手数料	0.0	0.0	0.0	0.0	0.0	0.0
202304	007090200	54	診断料	0.0	0.0	0.0	0.0	0.0	0.0
202304	007090200	55	諸会費	0.0	0.0	0.0	0.0	0.0	0.0
202304	007090200	56	会議費	0.0	0.0	0.0	0.0	0.0	0.0
202304	007090200	57	寄付金	0.0	0.0	0.0	0.0	0.0	0.0
202304	007090200	58	租税公課	0.0	0.0	0.0	0.0	0.0	0.0
202304	007090200	59	業務委託費	0.0	0.0	0.0	0.0	0.0	0.0
202304	007090200	60	業務受託収入	0.0	0.0	0.0	0.0	0.0	0.0
202304	007090200	61	情報機器利用料	0.0	0.0	0.0	0.0	0.0	0.0
202304	007090200	62	貸倒金	0.0	0.0	0.0	0.0	0.0	0.0
202304	007090200	63	雑費	0.0	0.0	0.0	0.0	0.0	0.0
202304	007090200	64	福利消耗品費	0.0	0.0	0.0	0.0	0.0	0.0
202304	007090200	65	教育研修費	0.0	0.0	0.0	0.0	0.0	0.0
202304	007090200	66	廃棄損	0.0	0.0	0.0	0.0	0.0	0.0
202304	007090200	67	雑給	0.0	0.0	0.0	0.0	0.0	0.0
202304	007090200	68	社内金利（固定資産）	-1658349.0	-1658349.0	-1765299.0	0.0	0.0	0.0
202304	007090200	69	社内金利（売掛金）	0.0	0.0	0.0	0.0	0.0	0.0
202304	007090200	70	グループ共通	0.0	0.0	0.0	0.0	0.0	0.0
202304	007090200	71	差引収益	1658349.0	1658349.0	1765299.0	0.0	106.4	106.4
202304	007090200	72	差引比率	0.0	0.0	0.0		0.0	0.0
202304	007090200	73	総時間	53.5	53.5	51.25		95.7	95.7
202304	007090200	74	定時間	0.0	0.0	0.0		0.0	0.0
202304	007090200	75	残業時間	0.0	0.0	0.0		0.0	0.0
202304	007090200	76	移動時間	53.5	53.5	51.25		95.7	95.7
202304	007090200	77	当月時間当り	30997.1	30997.1	34444.8		111.1	111.1
202304	007090200	78	人員	0.0	0.0	0.0		0.0	0.0
202305	007090200	1	総受注高	0.0	0.0	0.0		0.0	0.0
202305	007090200	2	総売上高	0.0	0.0	0.0		0.0	0.0
202305	007090200	3	売上高	0.0	0.0	0.0	0.0	0.0	0.0
202305	007090200	4	グループ売上高	0.0	0.0	0.0	0.0	0.0	0.0
202305	007090200	5	社内売上高	0.0	0.0	0.0	0.0	0.0	0.0
202305	007090200	7	販売奨励金	0.0	0.0	0.0	0.0	0.0	0.0
202305	007090200	8	売上原価	0.0	0.0	0.0	0.0	0.0	0.0
202305	007090200	9	仕入高	0.0	0.0	0.0	0.0	0.0	0.0
202305	007090200	10	グループ仕入高	0.0	0.0	0.0	0.0	0.0	0.0
202305	007090200	11	社内仕入高	0.0	0.0	0.0	0.0	0.0	0.0
202305	007090200	12	荷造運搬費	0.0	0.0	0.0	0.0	0.0	0.0
202305	007090200	13	販売手数料	0.0	0.0	0.0	0.0	0.0	0.0
202305	007090200	14	総収益	0.0	0.0	0.0	0.0	0.0	0.0
202305	007090200	15	経費合計	-1635473.0	-1635473.0	-1742423.0	0.0	0.0	0.0
202305	007090200	16	経費合計（原価）	0.0	0.0	0.0	0.0	0.0	0.0
202305	007090200	17	種苗費*	0.0	0.0	0.0	0.0	0.0	0.0
202305	007090200	18	肥料費*	0.0	0.0	0.0	0.0	0.0	0.0
202305	007090200	19	培土費用*	0.0	0.0	0.0	0.0	0.0	0.0
202305	007090200	20	農薬衛生費*	0.0	0.0	0.0	0.0	0.0	0.0
202305	007090200	21	農具費*	0.0	0.0	0.0	0.0	0.0	0.0
202305	007090200	22	諸材料費*	0.0	0.0	0.0	0.0	0.0	0.0
202305	007090200	23	その他仕入高*	0.0	0.0	0.0	0.0	0.0	0.0
202305	007090200	24	減価償却費*	0.0	0.0	0.0	0.0	0.0	0.0
202305	007090200	25	車両費*	0.0	0.0	0.0	0.0	0.0	0.0
202305	007090200	26	水道光熱費*	0.0	0.0	0.0	0.0	0.0	0.0
202305	007090200	27	動力費*	0.0	0.0	0.0	0.0	0.0	0.0
202305	007090200	28	燃料費*	0.0	0.0	0.0	0.0	0.0	0.0
202305	007090200	29	賃借料*	0.0	0.0	0.0	0.0	0.0	0.0
202305	007090200	30	修繕費*	0.0	0.0	0.0	0.0	0.0	0.0
202305	007090200	31	診断料*	0.0	0.0	0.0	0.0	0.0	0.0
202305	007090200	32	租税公課*	0.0	0.0	0.0	0.0	0.0	0.0
202305	007090200	33	業務委託費*	0.0	0.0	0.0	0.0	0.0	0.0
202305	007090200	34	雑費*	0.0	0.0	0.0	0.0	0.0	0.0
202305	007090200	35	雑給*	0.0	0.0	0.0	0.0	0.0	0.0
202305	007090200	36	経費合計（販管費）	-1635473.0	-1635473.0	-1742423.0	0.0	0.0	0.0
202305	007090200	37	減価償却費	0.0	0.0	0.0	0.0	0.0	0.0
202305	007090200	38	車両費	0.0	0.0	0.0	0.0	0.0	0.0
202305	007090200	39	旅費交通費	0.0	0.0	0.0	0.0	0.0	0.0
202305	007090200	40	通信費	0.0	0.0	0.0	0.0	0.0	0.0
202305	007090200	41	水道光熱費	0.0	0.0	0.0	0.0	0.0	0.0
202305	007090200	42	事務用品費	0.0	0.0	0.0	0.0	0.0	0.0
202305	007090200	43	消耗品費	0.0	0.0	0.0	0.0	0.0	0.0
202305	007090200	44	廃棄物処理料	0.0	0.0	0.0	0.0	0.0	0.0
202305	007090200	45	広告宣伝費	0.0	0.0	0.0	0.0	0.0	0.0
202305	007090200	46	接待交際費	0.0	0.0	0.0	0.0	0.0	0.0
202305	007090200	47	賃借料	0.0	0.0	0.0	0.0	0.0	0.0
202305	007090200	48	賃貸料収入	0.0	0.0	0.0	0.0	0.0	0.0
202305	007090200	49	修繕費	0.0	0.0	0.0	0.0	0.0	0.0
202305	007090200	50	支払リース料	0.0	0.0	0.0	0.0	0.0	0.0
202305	007090200	51	保険料	0.0	0.0	0.0	0.0	0.0	0.0
202305	007090200	52	支払報酬	0.0	0.0	0.0	0.0	0.0	0.0
202305	007090200	53	支払手数料	0.0	0.0	0.0	0.0	0.0	0.0
202305	007090200	54	診断料	0.0	0.0	0.0	0.0	0.0	0.0
202305	007090200	55	諸会費	0.0	0.0	0.0	0.0	0.0	0.0
202305	007090200	56	会議費	0.0	0.0	0.0	0.0	0.0	0.0
202305	007090200	57	寄付金	0.0	0.0	0.0	0.0	0.0	0.0
202305	007090200	58	租税公課	0.0	0.0	0.0	0.0	0.0	0.0
202305	007090200	59	業務委託費	0.0	0.0	0.0	0.0	0.0	0.0
202305	007090200	60	業務受託収入	0.0	0.0	0.0	0.0	0.0	0.0
202305	007090200	61	情報機器利用料	0.0	0.0	0.0	0.0	0.0	0.0
202305	007090200	62	貸倒金	0.0	0.0	0.0	0.0	0.0	0.0
202305	007090200	63	雑費	0.0	0.0	0.0	0.0	0.0	0.0
202305	007090200	64	福利消耗品費	0.0	0.0	0.0	0.0	0.0	0.0
202305	007090200	65	教育研修費	0.0	0.0	0.0	0.0	0.0	0.0
202305	007090200	66	廃棄損	0.0	0.0	0.0	0.0	0.0	0.0
202305	007090200	67	雑給	0.0	0.0	0.0	0.0	0.0	0.0
202305	007090200	68	社内金利（固定資産）	-1635473.0	-1635473.0	-1742423.0	0.0	0.0	0.0
202305	007090200	69	社内金利（売掛金）	0.0	0.0	0.0	0.0	0.0	0.0
202305	007090200	70	グループ共通	0.0	0.0	0.0	0.0	0.0	0.0
202305	007090200	71	差引収益	1635473.0	1635473.0	1742423.0	0.0	106.5	106.5
202305	007090200	72	差引比率	0.0	0.0	0.0		0.0	0.0
202305	007090200	73	総時間	52.75	52.75	50.75		96.2	96.2
202305	007090200	74	定時間	0.0	0.0	0.0		0.0	0.0
202305	007090200	75	残業時間	0.0	0.0	0.0		0.0	0.0
202305	007090200	76	移動時間	52.75	52.75	50.75		96.2	96.2
202305	007090200	77	当月時間当り	31004.2	31004.2	34333.4		110.7	110.7
202305	007090200	78	人員	0.0	0.0	0.0		0.0	0.0
202306	007090200	1	総受注高	0.0	0.0	0.0		0.0	0.0
202306	007090200	2	総売上高	0.0	0.0	0.0		0.0	0.0
202306	007090200	3	売上高	0.0	0.0	0.0	0.0	0.0	0.0
202306	007090200	4	グループ売上高	0.0	0.0	0.0	0.0	0.0	0.0
202306	007090200	5	社内売上高	0.0	0.0	0.0	0.0	0.0	0.0
202306	007090200	7	販売奨励金	0.0	0.0	0.0	0.0	0.0	0.0
202306	007090200	8	売上原価	0.0	0.0	0.0	0.0	0.0	0.0
202306	007090200	9	仕入高	0.0	0.0	0.0	0.0	0.0	0.0
202306	007090200	10	グループ仕入高	0.0	0.0	0.0	0.0	0.0	0.0
202306	007090200	11	社内仕入高	0.0	0.0	0.0	0.0	0.0	0.0
202306	007090200	12	荷造運搬費	0.0	0.0	0.0	0.0	0.0	0.0
202306	007090200	13	販売手数料	0.0	0.0	0.0	0.0	0.0	0.0
202306	007090200	14	総収益	0.0	0.0	0.0	0.0	0.0	0.0
202306	007090200	15	経費合計	-1612598.0	-1612598.0	-1719548.0	0.0	0.0	0.0
202306	007090200	16	経費合計（原価）	0.0	0.0	0.0	0.0	0.0	0.0
202306	007090200	17	種苗費*	0.0	0.0	0.0	0.0	0.0	0.0
202306	007090200	18	肥料費*	0.0	0.0	0.0	0.0	0.0	0.0
202306	007090200	19	培土費用*	0.0	0.0	0.0	0.0	0.0	0.0
202306	007090200	20	農薬衛生費*	0.0	0.0	0.0	0.0	0.0	0.0
202306	007090200	21	農具費*	0.0	0.0	0.0	0.0	0.0	0.0
202306	007090200	22	諸材料費*	0.0	0.0	0.0	0.0	0.0	0.0
202306	007090200	23	その他仕入高*	0.0	0.0	0.0	0.0	0.0	0.0
202306	007090200	24	減価償却費*	0.0	0.0	0.0	0.0	0.0	0.0
202306	007090200	25	車両費*	0.0	0.0	0.0	0.0	0.0	0.0
202306	007090200	26	水道光熱費*	0.0	0.0	0.0	0.0	0.0	0.0
202306	007090200	27	動力費*	0.0	0.0	0.0	0.0	0.0	0.0
202306	007090200	28	燃料費*	0.0	0.0	0.0	0.0	0.0	0.0
202306	007090200	29	賃借料*	0.0	0.0	0.0	0.0	0.0	0.0
202306	007090200	30	修繕費*	0.0	0.0	0.0	0.0	0.0	0.0
202306	007090200	31	診断料*	0.0	0.0	0.0	0.0	0.0	0.0
202306	007090200	32	租税公課*	0.0	0.0	0.0	0.0	0.0	0.0
202306	007090200	33	業務委託費*	0.0	0.0	0.0	0.0	0.0	0.0
202306	007090200	34	雑費*	0.0	0.0	0.0	0.0	0.0	0.0
202306	007090200	35	雑給*	0.0	0.0	0.0	0.0	0.0	0.0
202306	007090200	36	経費合計（販管費）	-1612598.0	-1612598.0	-1719548.0	0.0	0.0	0.0
202306	007090200	37	減価償却費	0.0	0.0	0.0	0.0	0.0	0.0
202306	007090200	38	車両費	0.0	0.0	0.0	0.0	0.0	0.0
202306	007090200	39	旅費交通費	0.0	0.0	0.0	0.0	0.0	0.0
202306	007090200	40	通信費	0.0	0.0	0.0	0.0	0.0	0.0
202306	007090200	41	水道光熱費	0.0	0.0	0.0	0.0	0.0	0.0
202306	007090200	42	事務用品費	0.0	0.0	0.0	0.0	0.0	0.0
202306	007090200	43	消耗品費	0.0	0.0	0.0	0.0	0.0	0.0
202306	007090200	44	廃棄物処理料	0.0	0.0	0.0	0.0	0.0	0.0
202306	007090200	45	広告宣伝費	0.0	0.0	0.0	0.0	0.0	0.0
202306	007090200	46	接待交際費	0.0	0.0	0.0	0.0	0.0	0.0
202306	007090200	47	賃借料	0.0	0.0	0.0	0.0	0.0	0.0
202306	007090200	48	賃貸料収入	0.0	0.0	0.0	0.0	0.0	0.0
202306	007090200	49	修繕費	0.0	0.0	0.0	0.0	0.0	0.0
202306	007090200	50	支払リース料	0.0	0.0	0.0	0.0	0.0	0.0
202306	007090200	51	保険料	0.0	0.0	0.0	0.0	0.0	0.0
202306	007090200	52	支払報酬	0.0	0.0	0.0	0.0	0.0	0.0
202306	007090200	53	支払手数料	0.0	0.0	0.0	0.0	0.0	0.0
202306	007090200	54	診断料	0.0	0.0	0.0	0.0	0.0	0.0
202306	007090200	55	諸会費	0.0	0.0	0.0	0.0	0.0	0.0
202306	007090200	56	会議費	0.0	0.0	0.0	0.0	0.0	0.0
202306	007090200	57	寄付金	0.0	0.0	0.0	0.0	0.0	0.0
202306	007090200	58	租税公課	0.0	0.0	0.0	0.0	0.0	0.0
202306	007090200	59	業務委託費	0.0	0.0	0.0	0.0	0.0	0.0
202306	007090200	60	業務受託収入	0.0	0.0	0.0	0.0	0.0	0.0
202306	007090200	61	情報機器利用料	0.0	0.0	0.0	0.0	0.0	0.0
202306	007090200	62	貸倒金	0.0	0.0	0.0	0.0	0.0	0.0
202306	007090200	63	雑費	0.0	0.0	0.0	0.0	0.0	0.0
202306	007090200	64	福利消耗品費	0.0	0.0	0.0	0.0	0.0	0.0
202306	007090200	65	教育研修費	0.0	0.0	0.0	0.0	0.0	0.0
202306	007090200	66	廃棄損	0.0	0.0	0.0	0.0	0.0	0.0
202306	007090200	67	雑給	0.0	0.0	0.0	0.0	0.0	0.0
202306	007090200	68	社内金利（固定資産）	-1612598.0	-1612598.0	-1719548.0	0.0	0.0	0.0
202306	007090200	69	社内金利（売掛金）	0.0	0.0	0.0	0.0	0.0	0.0
202306	007090200	70	グループ共通	0.0	0.0	0.0	0.0	0.0	0.0
202306	007090200	71	差引収益	1612598.0	1612598.0	1719548.0	0.0	106.6	106.6
202306	007090200	72	差引比率	0.0	0.0	0.0		0.0	0.0
202306	007090200	73	総時間	54.25	54.25	52.0		95.8	95.8
202306	007090200	74	定時間	0.0	0.0	0.0		0.0	0.0
202306	007090200	75	残業時間	0.0	0.0	0.0		0.0	0.0
202306	007090200	76	移動時間	54.25	54.25	52.0		95.8	95.8
202306	007090200	77	当月時間当り	29725.3	29725.3	33068.2		111.2	111.2
202306	007090200	78	人員	0.0	0.0	0.0		0.0	0.0
202307	007090200	1	総受注高	0.0	0.0	0.0		0.0	0.0
202307	007090200	2	総売上高	0.0	0.0	0.0		0.0	0.0
202307	007090200	3	売上高	0.0	0.0	0.0	0.0	0.0	0.0
202307	007090200	4	グループ売上高	0.0	0.0	0.0	0.0	0.0	0.0
202307	007090200	5	社内売上高	0.0	0.0	0.0	0.0	0.0	0.0
202307	007090200	7	販売奨励金	0.0	0.0	0.0	0.0	0.0	0.0
202307	007090200	8	売上原価	0.0	0.0	0.0	0.0	0.0	0.0
202307	007090200	9	仕入高	0.0	0.0	0.0	0.0	0.0	0.0
202307	007090200	10	グループ仕入高	0.0	0.0	0.0	0.0	0.0	0.0
202307	007090200	11	社内仕入高	0.0	0.0	0.0	0.0	0.0	0.0
202307	007090200	12	荷造運搬費	0.0	0.0	0.0	0.0	0.0	0.0
202307	007090200	13	販売手数料	0.0	0.0	0.0	0.0	0.0	0.0
202307	007090200	14	総収益	0.0	0.0	0.0	0.0	0.0	0.0
202307	007090200	15	経費合計	-1589722.0	-1589722.0	-1698441.0	0.0	0.0	0.0
202307	007090200	16	経費合計（原価）	0.0	0.0	0.0	0.0	0.0	0.0
202307	007090200	17	種苗費*	0.0	0.0	0.0	0.0	0.0	0.0
202307	007090200	18	肥料費*	0.0	0.0	0.0	0.0	0.0	0.0
202307	007090200	19	培土費用*	0.0	0.0	0.0	0.0	0.0	0.0
202307	007090200	20	農薬衛生費*	0.0	0.0	0.0	0.0	0.0	0.0
202307	007090200	21	農具費*	0.0	0.0	0.0	0.0	0.0	0.0
202307	007090200	22	諸材料費*	0.0	0.0	0.0	0.0	0.0	0.0
202307	007090200	23	その他仕入高*	0.0	0.0	0.0	0.0	0.0	0.0
202307	007090200	24	減価償却費*	0.0	0.0	0.0	0.0	0.0	0.0
202307	007090200	25	車両費*	0.0	0.0	0.0	0.0	0.0	0.0
202307	007090200	26	水道光熱費*	0.0	0.0	0.0	0.0	0.0	0.0
202307	007090200	27	動力費*	0.0	0.0	0.0	0.0	0.0	0.0
202307	007090200	28	燃料費*	0.0	0.0	0.0	0.0	0.0	0.0
202307	007090200	29	賃借料*	0.0	0.0	0.0	0.0	0.0	0.0
202307	007090200	30	修繕費*	0.0	0.0	0.0	0.0	0.0	0.0
202307	007090200	31	診断料*	0.0	0.0	0.0	0.0	0.0	0.0
202307	007090200	32	租税公課*	0.0	0.0	0.0	0.0	0.0	0.0
202307	007090200	33	業務委託費*	0.0	0.0	0.0	0.0	0.0	0.0
202307	007090200	34	雑費*	0.0	0.0	0.0	0.0	0.0	0.0
202307	007090200	35	雑給*	0.0	0.0	0.0	0.0	0.0	0.0
202307	007090200	36	経費合計（販管費）	-1589722.0	-1589722.0	-1698441.0	0.0	0.0	0.0
202307	007090200	37	減価償却費	0.0	0.0	0.0	0.0	0.0	0.0
202307	007090200	38	車両費	0.0	0.0	0.0	0.0	0.0	0.0
202307	007090200	39	旅費交通費	0.0	0.0	0.0	0.0	0.0	0.0
202307	007090200	40	通信費	0.0	0.0	0.0	0.0	0.0	0.0
202307	007090200	41	水道光熱費	0.0	0.0	0.0	0.0	0.0	0.0
202307	007090200	42	事務用品費	0.0	0.0	0.0	0.0	0.0	0.0
202307	007090200	43	消耗品費	0.0	0.0	0.0	0.0	0.0	0.0
202307	007090200	44	廃棄物処理料	0.0	0.0	0.0	0.0	0.0	0.0
202307	007090200	45	広告宣伝費	0.0	0.0	0.0	0.0	0.0	0.0
202307	007090200	46	接待交際費	0.0	0.0	0.0	0.0	0.0	0.0
202307	007090200	47	賃借料	0.0	0.0	0.0	0.0	0.0	0.0
202307	007090200	48	賃貸料収入	0.0	0.0	0.0	0.0	0.0	0.0
202307	007090200	49	修繕費	0.0	0.0	0.0	0.0	0.0	0.0
202307	007090200	50	支払リース料	0.0	0.0	0.0	0.0	0.0	0.0
202307	007090200	51	保険料	0.0	0.0	0.0	0.0	0.0	0.0
202307	007090200	52	支払報酬	0.0	0.0	0.0	0.0	0.0	0.0
202307	007090200	53	支払手数料	0.0	0.0	0.0	0.0	0.0	0.0
202307	007090200	54	診断料	0.0	0.0	0.0	0.0	0.0	0.0
202307	007090200	55	諸会費	0.0	0.0	0.0	0.0	0.0	0.0
202307	007090200	56	会議費	0.0	0.0	0.0	0.0	0.0	0.0
202307	007090200	57	寄付金	0.0	0.0	0.0	0.0	0.0	0.0
202307	007090200	58	租税公課	0.0	0.0	0.0	0.0	0.0	0.0
202307	007090200	59	業務委託費	0.0	0.0	0.0	0.0	0.0	0.0
202307	007090200	60	業務受託収入	0.0	0.0	0.0	0.0	0.0	0.0
202307	007090200	61	情報機器利用料	0.0	0.0	0.0	0.0	0.0	0.0
202307	007090200	62	貸倒金	0.0	0.0	0.0	0.0	0.0	0.0
202307	007090200	63	雑費	0.0	0.0	0.0	0.0	0.0	0.0
202307	007090200	64	福利消耗品費	0.0	0.0	0.0	0.0	0.0	0.0
202307	007090200	65	教育研修費	0.0	0.0	0.0	0.0	0.0	0.0
202307	007090200	66	廃棄損	0.0	0.0	0.0	0.0	0.0	0.0
202307	007090200	67	雑給	0.0	0.0	0.0	0.0	0.0	0.0
202307	007090200	68	社内金利（固定資産）	-1589722.0	-1589722.0	-1698441.0	0.0	0.0	0.0
202307	007090200	69	社内金利（売掛金）	0.0	0.0	0.0	0.0	0.0	0.0
202307	007090200	70	グループ共通	0.0	0.0	0.0	0.0	0.0	0.0
202307	007090200	71	差引収益	1589722.0	1589722.0	1698441.0	0.0	106.8	106.8
202307	007090200	72	差引比率	0.0	0.0	0.0		0.0	0.0
202307	007090200	73	総時間	53.5	53.5	51.25		95.7	95.7
202307	007090200	74	定時間	0.0	0.0	0.0		0.0	0.0
202307	007090200	75	残業時間	0.0	0.0	0.0		0.0	0.0
202307	007090200	76	移動時間	53.5	53.5	51.25		95.7	95.7
202307	007090200	77	当月時間当り	29714.4	29714.4	33140.3		111.5	111.5
202307	007090200	78	人員	0.0	0.0	0.0		0.0	0.0
202308	007090200	1	総受注高	0.0	0.0	0.0		0.0	0.0
202308	007090200	2	総売上高	0.0	0.0	0.0		0.0	0.0
202308	007090200	3	売上高	0.0	0.0	0.0	0.0	0.0	0.0
202308	007090200	4	グループ売上高	0.0	0.0	0.0	0.0	0.0	0.0
202308	007090200	5	社内売上高	0.0	0.0	0.0	0.0	0.0	0.0
202308	007090200	7	販売奨励金	0.0	0.0	0.0	0.0	0.0	0.0
202308	007090200	8	売上原価	0.0	0.0	0.0	0.0	0.0	0.0
202308	007090200	9	仕入高	0.0	0.0	0.0	0.0	0.0	0.0
202308	007090200	10	グループ仕入高	0.0	0.0	0.0	0.0	0.0	0.0
202308	007090200	11	社内仕入高	0.0	0.0	0.0	0.0	0.0	0.0
202308	007090200	12	荷造運搬費	0.0	0.0	0.0	0.0	0.0	0.0
202308	007090200	13	販売手数料	0.0	0.0	0.0	0.0	0.0	0.0
202308	007090200	14	総収益	0.0	0.0	0.0	0.0	0.0	0.0
202308	007090200	15	経費合計	-1566847.0	-1566847.0	-1677651.0	0.0	0.0	0.0
202308	007090200	16	経費合計（原価）	0.0	0.0	0.0	0.0	0.0	0.0
202308	007090200	17	種苗費*	0.0	0.0	0.0	0.0	0.0	0.0
202308	007090200	18	肥料費*	0.0	0.0	0.0	0.0	0.0	0.0
202308	007090200	19	培土費用*	0.0	0.0	0.0	0.0	0.0	0.0
202308	007090200	20	農薬衛生費*	0.0	0.0	0.0	0.0	0.0	0.0
202308	007090200	21	農具費*	0.0	0.0	0.0	0.0	0.0	0.0
202308	007090200	22	諸材料費*	0.0	0.0	0.0	0.0	0.0	0.0
202308	007090200	23	その他仕入高*	0.0	0.0	0.0	0.0	0.0	0.0
202308	007090200	24	減価償却費*	0.0	0.0	0.0	0.0	0.0	0.0
202308	007090200	25	車両費*	0.0	0.0	0.0	0.0	0.0	0.0
202308	007090200	26	水道光熱費*	0.0	0.0	0.0	0.0	0.0	0.0
202308	007090200	27	動力費*	0.0	0.0	0.0	0.0	0.0	0.0
202308	007090200	28	燃料費*	0.0	0.0	0.0	0.0	0.0	0.0
202308	007090200	29	賃借料*	0.0	0.0	0.0	0.0	0.0	0.0
202308	007090200	30	修繕費*	0.0	0.0	0.0	0.0	0.0	0.0
202308	007090200	31	診断料*	0.0	0.0	0.0	0.0	0.0	0.0
202308	007090200	32	租税公課*	0.0	0.0	0.0	0.0	0.0	0.0
202308	007090200	33	業務委託費*	0.0	0.0	0.0	0.0	0.0	0.0
202308	007090200	34	雑費*	0.0	0.0	0.0	0.0	0.0	0.0
202308	007090200	35	雑給*	0.0	0.0	0.0	0.0	0.0	0.0
202308	007090200	36	経費合計（販管費）	-1566847.0	-1566847.0	-1677651.0	0.0	0.0	0.0
202308	007090200	37	減価償却費	0.0	0.0	0.0	0.0	0.0	0.0
202308	007090200	38	車両費	0.0	0.0	0.0	0.0	0.0	0.0
202308	007090200	39	旅費交通費	0.0	0.0	0.0	0.0	0.0	0.0
202308	007090200	40	通信費	0.0	0.0	0.0	0.0	0.0	0.0
202308	007090200	41	水道光熱費	0.0	0.0	0.0	0.0	0.0	0.0
202308	007090200	42	事務用品費	0.0	0.0	0.0	0.0	0.0	0.0
202308	007090200	43	消耗品費	0.0	0.0	0.0	0.0	0.0	0.0
202308	007090200	44	廃棄物処理料	0.0	0.0	0.0	0.0	0.0	0.0
202308	007090200	45	広告宣伝費	0.0	0.0	0.0	0.0	0.0	0.0
202308	007090200	46	接待交際費	0.0	0.0	0.0	0.0	0.0	0.0
202308	007090200	47	賃借料	0.0	0.0	0.0	0.0	0.0	0.0
202308	007090200	48	賃貸料収入	0.0	0.0	0.0	0.0	0.0	0.0
202308	007090200	49	修繕費	0.0	0.0	0.0	0.0	0.0	0.0
202308	007090200	50	支払リース料	0.0	0.0	0.0	0.0	0.0	0.0
202308	007090200	51	保険料	0.0	0.0	0.0	0.0	0.0	0.0
202308	007090200	52	支払報酬	0.0	0.0	0.0	0.0	0.0	0.0
202308	007090200	53	支払手数料	0.0	0.0	0.0	0.0	0.0	0.0
202308	007090200	54	診断料	0.0	0.0	0.0	0.0	0.0	0.0
202308	007090200	55	諸会費	0.0	0.0	0.0	0.0	0.0	0.0
202308	007090200	56	会議費	0.0	0.0	0.0	0.0	0.0	0.0
202308	007090200	57	寄付金	0.0	0.0	0.0	0.0	0.0	0.0
202308	007090200	58	租税公課	0.0	0.0	0.0	0.0	0.0	0.0
202308	007090200	59	業務委託費	0.0	0.0	0.0	0.0	0.0	0.0
202308	007090200	60	業務受託収入	0.0	0.0	0.0	0.0	0.0	0.0
202308	007090200	61	情報機器利用料	0.0	0.0	0.0	0.0	0.0	0.0
202308	007090200	62	貸倒金	0.0	0.0	0.0	0.0	0.0	0.0
202308	007090200	63	雑費	0.0	0.0	0.0	0.0	0.0	0.0
202308	007090200	64	福利消耗品費	0.0	0.0	0.0	0.0	0.0	0.0
202308	007090200	65	教育研修費	0.0	0.0	0.0	0.0	0.0	0.0
202308	007090200	66	廃棄損	0.0	0.0	0.0	0.0	0.0	0.0
202308	007090200	67	雑給	0.0	0.0	0.0	0.0	0.0	0.0
202308	007090200	68	社内金利（固定資産）	-1566847.0	-1566847.0	-1677651.0	0.0	0.0	0.0
202308	007090200	69	社内金利（売掛金）	0.0	0.0	0.0	0.0	0.0	0.0
202308	007090200	70	グループ共通	0.0	0.0	0.0	0.0	0.0	0.0
202308	007090200	71	差引収益	1566847.0	1566847.0	1677651.0	0.0	107.0	107.0
202308	007090200	72	差引比率	0.0	0.0	0.0		0.0	0.0
202308	007090200	73	総時間	52.0	52.0	50.25		96.6	96.6
202308	007090200	74	定時間	0.0	0.0	0.0		0.0	0.0
202308	007090200	75	残業時間	0.0	0.0	0.0		0.0	0.0
202308	007090200	76	移動時間	52.0	52.0	50.25		96.6	96.6
202308	007090200	77	当月時間当り	30131.6	30131.6	33386.0		110.8	110.8
202308	007090200	78	人員	0.0	0.0	0.0		0.0	0.0
202309	007090200	1	総受注高	0.0	0.0	0.0		0.0	0.0
202309	007090200	2	総売上高	0.0	0.0	0.0		0.0	0.0
202309	007090200	3	売上高	0.0	0.0	0.0	0.0	0.0	0.0
202309	007090200	4	グループ売上高	0.0	0.0	0.0	0.0	0.0	0.0
202309	007090200	5	社内売上高	0.0	0.0	0.0	0.0	0.0	0.0
202309	007090200	7	販売奨励金	0.0	0.0	0.0	0.0	0.0	0.0
202309	007090200	8	売上原価	0.0	0.0	0.0	0.0	0.0	0.0
202309	007090200	9	仕入高	0.0	0.0	0.0	0.0	0.0	0.0
202309	007090200	10	グループ仕入高	0.0	0.0	0.0	0.0	0.0	0.0
202309	007090200	11	社内仕入高	0.0	0.0	0.0	0.0	0.0	0.0
202309	007090200	12	荷造運搬費	0.0	0.0	0.0	0.0	0.0	0.0
202309	007090200	13	販売手数料	0.0	0.0	0.0	0.0	0.0	0.0
202309	007090200	14	総収益	0.0	0.0	0.0	0.0	0.0	0.0
202309	007090200	15	経費合計	-1543971.0	-1543971.0	-1654680.0	0.0	0.0	0.0
202309	007090200	16	経費合計（原価）	0.0	0.0	0.0	0.0	0.0	0.0
202309	007090200	17	種苗費*	0.0	0.0	0.0	0.0	0.0	0.0
202309	007090200	18	肥料費*	0.0	0.0	0.0	0.0	0.0	0.0
202309	007090200	19	培土費用*	0.0	0.0	0.0	0.0	0.0	0.0
202309	007090200	20	農薬衛生費*	0.0	0.0	0.0	0.0	0.0	0.0
202309	007090200	21	農具費*	0.0	0.0	0.0	0.0	0.0	0.0
202309	007090200	22	諸材料費*	0.0	0.0	0.0	0.0	0.0	0.0
202309	007090200	23	その他仕入高*	0.0	0.0	0.0	0.0	0.0	0.0
202309	007090200	24	減価償却費*	0.0	0.0	0.0	0.0	0.0	0.0
202309	007090200	25	車両費*	0.0	0.0	0.0	0.0	0.0	0.0
202309	007090200	26	水道光熱費*	0.0	0.0	0.0	0.0	0.0	0.0
202309	007090200	27	動力費*	0.0	0.0	0.0	0.0	0.0	0.0
202309	007090200	28	燃料費*	0.0	0.0	0.0	0.0	0.0	0.0
202309	007090200	29	賃借料*	0.0	0.0	0.0	0.0	0.0	0.0
202309	007090200	30	修繕費*	0.0	0.0	0.0	0.0	0.0	0.0
202309	007090200	31	診断料*	0.0	0.0	0.0	0.0	0.0	0.0
202309	007090200	32	租税公課*	0.0	0.0	0.0	0.0	0.0	0.0
202309	007090200	33	業務委託費*	0.0	0.0	0.0	0.0	0.0	0.0
202309	007090200	34	雑費*	0.0	0.0	0.0	0.0	0.0	0.0
202309	007090200	35	雑給*	0.0	0.0	0.0	0.0	0.0	0.0
202309	007090200	36	経費合計（販管費）	-1543971.0	-1543971.0	-1654680.0	0.0	0.0	0.0
202309	007090200	37	減価償却費	0.0	0.0	0.0	0.0	0.0	0.0
202309	007090200	38	車両費	0.0	0.0	0.0	0.0	0.0	0.0
202309	007090200	39	旅費交通費	0.0	0.0	0.0	0.0	0.0	0.0
202309	007090200	40	通信費	0.0	0.0	0.0	0.0	0.0	0.0
202309	007090200	41	水道光熱費	0.0	0.0	0.0	0.0	0.0	0.0
202309	007090200	42	事務用品費	0.0	0.0	0.0	0.0	0.0	0.0
202309	007090200	43	消耗品費	0.0	0.0	0.0	0.0	0.0	0.0
202309	007090200	44	廃棄物処理料	0.0	0.0	0.0	0.0	0.0	0.0
202309	007090200	45	広告宣伝費	0.0	0.0	0.0	0.0	0.0	0.0
202309	007090200	46	接待交際費	0.0	0.0	0.0	0.0	0.0	0.0
202309	007090200	47	賃借料	0.0	0.0	0.0	0.0	0.0	0.0
202309	007090200	48	賃貸料収入	0.0	0.0	0.0	0.0	0.0	0.0
202309	007090200	49	修繕費	0.0	0.0	0.0	0.0	0.0	0.0
202309	007090200	50	支払リース料	0.0	0.0	0.0	0.0	0.0	0.0
202309	007090200	51	保険料	0.0	0.0	0.0	0.0	0.0	0.0
202309	007090200	52	支払報酬	0.0	0.0	0.0	0.0	0.0	0.0
202309	007090200	53	支払手数料	0.0	0.0	0.0	0.0	0.0	0.0
202309	007090200	54	診断料	0.0	0.0	0.0	0.0	0.0	0.0
202309	007090200	55	諸会費	0.0	0.0	0.0	0.0	0.0	0.0
202309	007090200	56	会議費	0.0	0.0	0.0	0.0	0.0	0.0
202309	007090200	57	寄付金	0.0	0.0	0.0	0.0	0.0	0.0
202309	007090200	58	租税公課	0.0	0.0	0.0	0.0	0.0	0.0
202309	007090200	59	業務委託費	0.0	0.0	0.0	0.0	0.0	0.0
202309	007090200	60	業務受託収入	0.0	0.0	0.0	0.0	0.0	0.0
202309	007090200	61	情報機器利用料	0.0	0.0	0.0	0.0	0.0	0.0
202309	007090200	62	貸倒金	0.0	0.0	0.0	0.0	0.0	0.0
202309	007090200	63	雑費	0.0	0.0	0.0	0.0	0.0	0.0
202309	007090200	64	福利消耗品費	0.0	0.0	0.0	0.0	0.0	0.0
202309	007090200	65	教育研修費	0.0	0.0	0.0	0.0	0.0	0.0
202309	007090200	66	廃棄損	0.0	0.0	0.0	0.0	0.0	0.0
202309	007090200	67	雑給	0.0	0.0	0.0	0.0	0.0	0.0
202309	007090200	68	社内金利（固定資産）	-1543971.0	-1543971.0	-1654680.0	0.0	0.0	0.0
202309	007090200	69	社内金利（売掛金）	0.0	0.0	0.0	0.0	0.0	0.0
202309	007090200	70	グループ共通	0.0	0.0	0.0	0.0	0.0	0.0
202309	007090200	71	差引収益	1543971.0	1543971.0	1654680.0	0.0	107.1	107.1
202309	007090200	72	差引比率	0.0	0.0	0.0		0.0	0.0
202309	007090200	73	総時間	52.75	62.75	60.75		96.8	115.1
202309	007090200	74	定時間	0.0	0.0	0.0		0.0	0.0
202309	007090200	75	残業時間	0.0	0.0	0.0		0.0	0.0
202309	007090200	76	移動時間	52.75	62.75	60.75		96.8	115.1
202309	007090200	77	当月時間当り	29269.5	24605.1	27237.5		110.6	93.0
202309	007090200	78	人員	0.0	0.0	0.0		0.0	0.0
202310	007090200	1	総受注高	0.0	0.0	0.0		0.0	0.0
202310	007090200	2	総売上高	0.0	0.0	0.0		0.0	0.0
202310	007090200	3	売上高	0.0	0.0	0.0	0.0	0.0	0.0
202310	007090200	4	グループ売上高	0.0	0.0	0.0	0.0	0.0	0.0
202310	007090200	5	社内売上高	0.0	0.0	0.0	0.0	0.0	0.0
202310	007090200	7	販売奨励金	0.0	0.0	0.0	0.0	0.0	0.0
202310	007090200	8	売上原価	0.0	0.0	0.0	0.0	0.0	0.0
202310	007090200	9	仕入高	0.0	0.0	0.0	0.0	0.0	0.0
202310	007090200	10	グループ仕入高	0.0	0.0	0.0	0.0	0.0	0.0
202310	007090200	11	社内仕入高	0.0	0.0	0.0	0.0	0.0	0.0
202310	007090200	12	荷造運搬費	0.0	0.0	0.0	0.0	0.0	0.0
202310	007090200	13	販売手数料	0.0	0.0	0.0	0.0	0.0	0.0
202310	007090200	14	総収益	0.0	0.0	0.0	0.0	0.0	0.0
202310	007090200	15	経費合計	-1521096.0	-1521096.0	-883066.0	0.0	0.0	0.0
202310	007090200	16	経費合計（原価）	0.0	0.0	0.0	0.0	0.0	0.0
202310	007090200	17	種苗費*	0.0	0.0	0.0	0.0	0.0	0.0
202310	007090200	18	肥料費*	0.0	0.0	0.0	0.0	0.0	0.0
202310	007090200	19	培土費用*	0.0	0.0	0.0	0.0	0.0	0.0
202310	007090200	20	農薬衛生費*	0.0	0.0	0.0	0.0	0.0	0.0
202310	007090200	21	農具費*	0.0	0.0	0.0	0.0	0.0	0.0
202310	007090200	22	諸材料費*	0.0	0.0	0.0	0.0	0.0	0.0
202310	007090200	23	その他仕入高*	0.0	0.0	0.0	0.0	0.0	0.0
202310	007090200	24	減価償却費*	0.0	0.0	0.0	0.0	0.0	0.0
202310	007090200	25	車両費*	0.0	0.0	0.0	0.0	0.0	0.0
202310	007090200	26	水道光熱費*	0.0	0.0	0.0	0.0	0.0	0.0
202310	007090200	27	動力費*	0.0	0.0	0.0	0.0	0.0	0.0
202310	007090200	28	燃料費*	0.0	0.0	0.0	0.0	0.0	0.0
202310	007090200	29	賃借料*	0.0	0.0	0.0	0.0	0.0	0.0
202310	007090200	30	修繕費*	0.0	0.0	0.0	0.0	0.0	0.0
202310	007090200	31	診断料*	0.0	0.0	0.0	0.0	0.0	0.0
202310	007090200	32	租税公課*	0.0	0.0	0.0	0.0	0.0	0.0
202310	007090200	33	業務委託費*	0.0	0.0	0.0	0.0	0.0	0.0
202310	007090200	34	雑費*	0.0	0.0	0.0	0.0	0.0	0.0
202310	007090200	35	雑給*	0.0	0.0	0.0	0.0	0.0	0.0
202310	007090200	36	経費合計（販管費）	-1521096.0	-1521096.0	-883066.0	0.0	0.0	0.0
202310	007090200	37	減価償却費	0.0	0.0	0.0	0.0	0.0	0.0
202310	007090200	38	車両費	0.0	0.0	0.0	0.0	0.0	0.0
202310	007090200	39	旅費交通費	0.0	0.0	0.0	0.0	0.0	0.0
202310	007090200	40	通信費	0.0	0.0	0.0	0.0	0.0	0.0
202310	007090200	41	水道光熱費	0.0	0.0	0.0	0.0	0.0	0.0
202310	007090200	42	事務用品費	0.0	0.0	0.0	0.0	0.0	0.0
202310	007090200	43	消耗品費	0.0	0.0	0.0	0.0	0.0	0.0
202310	007090200	44	廃棄物処理料	0.0	0.0	0.0	0.0	0.0	0.0
202310	007090200	45	広告宣伝費	0.0	0.0	0.0	0.0	0.0	0.0
202310	007090200	46	接待交際費	0.0	0.0	0.0	0.0	0.0	0.0
202310	007090200	47	賃借料	0.0	0.0	0.0	0.0	0.0	0.0
202310	007090200	48	賃貸料収入	0.0	0.0	0.0	0.0	0.0	0.0
202310	007090200	49	修繕費	0.0	0.0	0.0	0.0	0.0	0.0
202310	007090200	50	支払リース料	0.0	0.0	0.0	0.0	0.0	0.0
202310	007090200	51	保険料	0.0	0.0	0.0	0.0	0.0	0.0
202310	007090200	52	支払報酬	0.0	0.0	0.0	0.0	0.0	0.0
202310	007090200	53	支払手数料	0.0	0.0	0.0	0.0	0.0	0.0
202310	007090200	54	診断料	0.0	0.0	0.0	0.0	0.0	0.0
202310	007090200	55	諸会費	0.0	0.0	0.0	0.0	0.0	0.0
202310	007090200	56	会議費	0.0	0.0	0.0	0.0	0.0	0.0
202310	007090200	57	寄付金	0.0	0.0	0.0	0.0	0.0	0.0
202310	007090200	58	租税公課	0.0	0.0	0.0	0.0	0.0	0.0
202310	007090200	59	業務委託費	0.0	0.0	0.0	0.0	0.0	0.0
202310	007090200	60	業務受託収入	0.0	0.0	0.0	0.0	0.0	0.0
202310	007090200	61	情報機器利用料	0.0	0.0	0.0	0.0	0.0	0.0
202310	007090200	62	貸倒金	0.0	0.0	0.0	0.0	0.0	0.0
202310	007090200	63	雑費	0.0	0.0	0.0	0.0	0.0	0.0
202310	007090200	64	福利消耗品費	0.0	0.0	0.0	0.0	0.0	0.0
202310	007090200	65	教育研修費	0.0	0.0	0.0	0.0	0.0	0.0
202310	007090200	66	廃棄損	0.0	0.0	0.0	0.0	0.0	0.0
202310	007090200	67	雑給	0.0	0.0	0.0	0.0	0.0	0.0
202310	007090200	68	社内金利（固定資産）	-1521096.0	-1521096.0	-883066.0	0.0	0.0	0.0
202310	007090200	69	社内金利（売掛金）	0.0	0.0	0.0	0.0	0.0	0.0
202310	007090200	70	グループ共通	0.0	0.0	0.0	0.0	0.0	0.0
202310	007090200	71	差引収益	1521096.0	1521096.0	883066.0	0.0	58.0	58.0
202310	007090200	72	差引比率	0.0	0.0	0.0		0.0	0.0
202310	007090200	73	総時間	53.5	63.5	61.25		96.4	114.4
202310	007090200	74	定時間	0.0	0.0	0.0		0.0	0.0
202310	007090200	75	残業時間	0.0	0.0	0.0		0.0	0.0
202310	007090200	76	移動時間	53.5	63.5	61.25		96.4	114.4
202310	007090200	77	当月時間当り	28431.7	23954.2	14417.4		60.1	50.7
202310	007090200	78	人員	0.0	0.0	0.0		0.0	0.0
202311	007090200	1	総受注高	0.0	0.0	0.0		0.0	0.0
202311	007090200	2	総売上高	0.0	0.0	0.0		0.0	0.0
202311	007090200	3	売上高	0.0	0.0	0.0	0.0	0.0	0.0
202311	007090200	4	グループ売上高	0.0	0.0	0.0	0.0	0.0	0.0
202311	007090200	5	社内売上高	0.0	0.0	0.0	0.0	0.0	0.0
202311	007090200	7	販売奨励金	0.0	0.0	0.0	0.0	0.0	0.0
202311	007090200	8	売上原価	0.0	0.0	0.0	0.0	0.0	0.0
202311	007090200	9	仕入高	0.0	0.0	0.0	0.0	0.0	0.0
202311	007090200	10	グループ仕入高	0.0	0.0	0.0	0.0	0.0	0.0
202311	007090200	11	社内仕入高	0.0	0.0	0.0	0.0	0.0	0.0
202311	007090200	12	荷造運搬費	0.0	0.0	0.0	0.0	0.0	0.0
202311	007090200	13	販売手数料	0.0	0.0	0.0	0.0	0.0	0.0
202311	007090200	14	総収益	0.0	0.0	0.0	0.0	0.0	0.0
202311	007090200	15	経費合計	-1498220.0	-1501790.0	-1510330.0	0.0	0.0	0.0
202311	007090200	16	経費合計（原価）	0.0	0.0	0.0	0.0	0.0	0.0
202311	007090200	17	種苗費*	0.0	0.0	0.0	0.0	0.0	0.0
202311	007090200	18	肥料費*	0.0	0.0	0.0	0.0	0.0	0.0
202311	007090200	19	培土費用*	0.0	0.0	0.0	0.0	0.0	0.0
202311	007090200	20	農薬衛生費*	0.0	0.0	0.0	0.0	0.0	0.0
202311	007090200	21	農具費*	0.0	0.0	0.0	0.0	0.0	0.0
202311	007090200	22	諸材料費*	0.0	0.0	0.0	0.0	0.0	0.0
202311	007090200	23	その他仕入高*	0.0	0.0	0.0	0.0	0.0	0.0
202311	007090200	24	減価償却費*	0.0	0.0	0.0	0.0	0.0	0.0
202311	007090200	25	車両費*	0.0	0.0	0.0	0.0	0.0	0.0
202311	007090200	26	水道光熱費*	0.0	0.0	0.0	0.0	0.0	0.0
202311	007090200	27	動力費*	0.0	0.0	0.0	0.0	0.0	0.0
202311	007090200	28	燃料費*	0.0	0.0	0.0	0.0	0.0	0.0
202311	007090200	29	賃借料*	0.0	0.0	0.0	0.0	0.0	0.0
202311	007090200	30	修繕費*	0.0	0.0	0.0	0.0	0.0	0.0
202311	007090200	31	診断料*	0.0	0.0	0.0	0.0	0.0	0.0
202311	007090200	32	租税公課*	0.0	0.0	0.0	0.0	0.0	0.0
202311	007090200	33	業務委託費*	0.0	0.0	0.0	0.0	0.0	0.0
202311	007090200	34	雑費*	0.0	0.0	0.0	0.0	0.0	0.0
202311	007090200	35	雑給*	0.0	0.0	0.0	0.0	0.0	0.0
202311	007090200	36	経費合計（販管費）	-1498220.0	-1501790.0	-1510330.0	0.0	0.0	0.0
202311	007090200	37	減価償却費	0.0	0.0	0.0	0.0	0.0	0.0
202311	007090200	38	車両費	0.0	0.0	0.0	0.0	0.0	0.0
202311	007090200	39	旅費交通費	0.0	0.0	0.0	0.0	0.0	0.0
202311	007090200	40	通信費	0.0	0.0	0.0	0.0	0.0	0.0
202311	007090200	41	水道光熱費	0.0	0.0	0.0	0.0	0.0	0.0
202311	007090200	42	事務用品費	0.0	0.0	0.0	0.0	0.0	0.0
202311	007090200	43	消耗品費	0.0	0.0	0.0	0.0	0.0	0.0
202311	007090200	44	廃棄物処理料	0.0	0.0	0.0	0.0	0.0	0.0
202311	007090200	45	広告宣伝費	0.0	0.0	0.0	0.0	0.0	0.0
202311	007090200	46	接待交際費	0.0	0.0	0.0	0.0	0.0	0.0
202311	007090200	47	賃借料	0.0	0.0	0.0	0.0	0.0	0.0
202311	007090200	48	賃貸料収入	0.0	0.0	0.0	0.0	0.0	0.0
202311	007090200	49	修繕費	0.0	0.0	0.0	0.0	0.0	0.0
202311	007090200	50	支払リース料	0.0	0.0	0.0	0.0	0.0	0.0
202311	007090200	51	保険料	0.0	0.0	0.0	0.0	0.0	0.0
202311	007090200	52	支払報酬	0.0	0.0	0.0	0.0	0.0	0.0
202311	007090200	53	支払手数料	0.0	0.0	0.0	0.0	0.0	0.0
202311	007090200	54	診断料	0.0	0.0	0.0	0.0	0.0	0.0
202311	007090200	55	諸会費	0.0	0.0	0.0	0.0	0.0	0.0
202311	007090200	56	会議費	0.0	0.0	0.0	0.0	0.0	0.0
202311	007090200	57	寄付金	0.0	0.0	0.0	0.0	0.0	0.0
202311	007090200	58	租税公課	0.0	0.0	0.0	0.0	0.0	0.0
202311	007090200	59	業務委託費	0.0	0.0	0.0	0.0	0.0	0.0
202311	007090200	60	業務受託収入	0.0	0.0	0.0	0.0	0.0	0.0
202311	007090200	61	情報機器利用料	0.0	0.0	0.0	0.0	0.0	0.0
202311	007090200	62	貸倒金	0.0	0.0	0.0	0.0	0.0	0.0
202311	007090200	63	雑費	0.0	0.0	0.0	0.0	0.0	0.0
202311	007090200	64	福利消耗品費	0.0	0.0	0.0	0.0	0.0	0.0
202311	007090200	65	教育研修費	0.0	0.0	0.0	0.0	0.0	0.0
202311	007090200	66	廃棄損	0.0	0.0	0.0	0.0	0.0	0.0
202311	007090200	67	雑給	0.0	0.0	0.0	0.0	0.0	0.0
202311	007090200	68	社内金利（固定資産）	-1498220.0	-1501790.0	-1510330.0	0.0	0.0	0.0
202311	007090200	69	社内金利（売掛金）	0.0	0.0	0.0	0.0	0.0	0.0
202311	007090200	70	グループ共通	0.0	0.0	0.0	0.0	0.0	0.0
202311	007090200	71	差引収益	1498220.0	1501790.0	1510330.0	0.0	100.5	100.8
202311	007090200	72	差引比率	0.0	0.0	0.0		0.0	0.0
202311	007090200	73	総時間	53.5	63.5	61.25		96.4	114.4
202311	007090200	74	定時間	0.0	0.0	0.0		0.0	0.0
202311	007090200	75	残業時間	0.0	0.0	0.0		0.0	0.0
202311	007090200	76	移動時間	53.5	63.5	61.25		96.4	114.4
202311	007090200	77	当月時間当り	28004.1	23650.2	24658.4		104.2	88.0
202311	007090200	78	人員	0.0	0.0	0.0		0.0	0.0
202312	007090200	1	総受注高	0.0	0.0	0.0		0.0	0.0
202312	007090200	2	総売上高	0.0	0.0	0.0		0.0	0.0
202312	007090200	3	売上高	0.0	0.0	0.0	0.0	0.0	0.0
202312	007090200	4	グループ売上高	0.0	0.0	0.0	0.0	0.0	0.0
202312	007090200	5	社内売上高	0.0	0.0	0.0	0.0	0.0	0.0
202312	007090200	7	販売奨励金	0.0	0.0	0.0	0.0	0.0	0.0
202312	007090200	8	売上原価	0.0	0.0	0.0	0.0	0.0	0.0
202312	007090200	9	仕入高	0.0	0.0	0.0	0.0	0.0	0.0
202312	007090200	10	グループ仕入高	0.0	0.0	0.0	0.0	0.0	0.0
202312	007090200	11	社内仕入高	0.0	0.0	0.0	0.0	0.0	0.0
202312	007090200	12	荷造運搬費	0.0	0.0	0.0	0.0	0.0	0.0
202312	007090200	13	販売手数料	0.0	0.0	0.0	0.0	0.0	0.0
202312	007090200	14	総収益	0.0	0.0	0.0	0.0	0.0	0.0
202312	007090200	15	経費合計	-1475345.0	-1478819.0	-1488660.0	0.0	0.0	0.0
202312	007090200	16	経費合計（原価）	0.0	0.0	0.0	0.0	0.0	0.0
202312	007090200	17	種苗費*	0.0	0.0	0.0	0.0	0.0	0.0
202312	007090200	18	肥料費*	0.0	0.0	0.0	0.0	0.0	0.0
202312	007090200	19	培土費用*	0.0	0.0	0.0	0.0	0.0	0.0
202312	007090200	20	農薬衛生費*	0.0	0.0	0.0	0.0	0.0	0.0
202312	007090200	21	農具費*	0.0	0.0	0.0	0.0	0.0	0.0
202312	007090200	22	諸材料費*	0.0	0.0	0.0	0.0	0.0	0.0
202312	007090200	23	その他仕入高*	0.0	0.0	0.0	0.0	0.0	0.0
202312	007090200	24	減価償却費*	0.0	0.0	0.0	0.0	0.0	0.0
202312	007090200	25	車両費*	0.0	0.0	0.0	0.0	0.0	0.0
202312	007090200	26	水道光熱費*	0.0	0.0	0.0	0.0	0.0	0.0
202312	007090200	27	動力費*	0.0	0.0	0.0	0.0	0.0	0.0
202312	007090200	28	燃料費*	0.0	0.0	0.0	0.0	0.0	0.0
202312	007090200	29	賃借料*	0.0	0.0	0.0	0.0	0.0	0.0
202312	007090200	30	修繕費*	0.0	0.0	0.0	0.0	0.0	0.0
202312	007090200	31	診断料*	0.0	0.0	0.0	0.0	0.0	0.0
202312	007090200	32	租税公課*	0.0	0.0	0.0	0.0	0.0	0.0
202312	007090200	33	業務委託費*	0.0	0.0	0.0	0.0	0.0	0.0
202312	007090200	34	雑費*	0.0	0.0	0.0	0.0	0.0	0.0
202312	007090200	35	雑給*	0.0	0.0	0.0	0.0	0.0	0.0
202312	007090200	36	経費合計（販管費）	-1475345.0	-1478819.0	-1488660.0	0.0	0.0	0.0
202312	007090200	37	減価償却費	0.0	0.0	0.0	0.0	0.0	0.0
202312	007090200	38	車両費	0.0	0.0	0.0	0.0	0.0	0.0
202312	007090200	39	旅費交通費	0.0	0.0	0.0	0.0	0.0	0.0
202312	007090200	40	通信費	0.0	0.0	0.0	0.0	0.0	0.0
202312	007090200	41	水道光熱費	0.0	0.0	0.0	0.0	0.0	0.0
202312	007090200	42	事務用品費	0.0	0.0	0.0	0.0	0.0	0.0
202312	007090200	43	消耗品費	0.0	0.0	0.0	0.0	0.0	0.0
202312	007090200	44	廃棄物処理料	0.0	0.0	0.0	0.0	0.0	0.0
202312	007090200	45	広告宣伝費	0.0	0.0	0.0	0.0	0.0	0.0
202312	007090200	46	接待交際費	0.0	0.0	0.0	0.0	0.0	0.0
202312	007090200	47	賃借料	0.0	0.0	0.0	0.0	0.0	0.0
202312	007090200	48	賃貸料収入	0.0	0.0	0.0	0.0	0.0	0.0
202312	007090200	49	修繕費	0.0	0.0	0.0	0.0	0.0	0.0
202312	007090200	50	支払リース料	0.0	0.0	0.0	0.0	0.0	0.0
202312	007090200	51	保険料	0.0	0.0	0.0	0.0	0.0	0.0
202312	007090200	52	支払報酬	0.0	0.0	0.0	0.0	0.0	0.0
202312	007090200	53	支払手数料	0.0	0.0	0.0	0.0	0.0	0.0
202312	007090200	54	診断料	0.0	0.0	0.0	0.0	0.0	0.0
202312	007090200	55	諸会費	0.0	0.0	0.0	0.0	0.0	0.0
202312	007090200	56	会議費	0.0	0.0	0.0	0.0	0.0	0.0
202312	007090200	57	寄付金	0.0	0.0	0.0	0.0	0.0	0.0
202312	007090200	58	租税公課	0.0	0.0	0.0	0.0	0.0	0.0
202312	007090200	59	業務委託費	0.0	0.0	0.0	0.0	0.0	0.0
202312	007090200	60	業務受託収入	0.0	0.0	0.0	0.0	0.0	0.0
202312	007090200	61	情報機器利用料	0.0	0.0	0.0	0.0	0.0	0.0
202312	007090200	62	貸倒金	0.0	0.0	0.0	0.0	0.0	0.0
202312	007090200	63	雑費	0.0	0.0	0.0	0.0	0.0	0.0
202312	007090200	64	福利消耗品費	0.0	0.0	0.0	0.0	0.0	0.0
202312	007090200	65	教育研修費	0.0	0.0	0.0	0.0	0.0	0.0
202312	007090200	66	廃棄損	0.0	0.0	0.0	0.0	0.0	0.0
202312	007090200	67	雑給	0.0	0.0	0.0	0.0	0.0	0.0
202312	007090200	68	社内金利（固定資産）	-1475345.0	-1478819.0	-1488660.0	0.0	0.0	0.0
202312	007090200	69	社内金利（売掛金）	0.0	0.0	0.0	0.0	0.0	0.0
202312	007090200	70	グループ共通	0.0	0.0	0.0	0.0	0.0	0.0
202312	007090200	71	差引収益	1475345.0	1478819.0	1488660.0	0.0	100.6	100.9
202312	007090200	72	差引比率	0.0	0.0	0.0		0.0	0.0
202312	007090200	73	総時間	52.75	62.75	60.0		95.6	113.7
202312	007090200	74	定時間	0.0	0.0	0.0		0.0	0.0
202312	007090200	75	残業時間	0.0	0.0	0.0		0.0	0.0
202312	007090200	76	移動時間	52.75	62.75	60.0		95.6	113.7
202312	007090200	77	当月時間当り	27968.6	23566.8	24811.0		105.2	88.7
202312	007090200	78	人員	0.0	0.0	0.0		0.0	0.0
202401	007090200	1	総受注高	0.0	0.0	0.0		0.0	0.0
202401	007090200	2	総売上高	0.0	0.0	0.0		0.0	0.0
202401	007090200	3	売上高	0.0	0.0	0.0	0.0	0.0	0.0
202401	007090200	4	グループ売上高	0.0	0.0	0.0	0.0	0.0	0.0
202401	007090200	5	社内売上高	0.0	0.0	0.0	0.0	0.0	0.0
202401	007090200	7	販売奨励金	0.0	0.0	0.0	0.0	0.0	0.0
202401	007090200	8	売上原価	0.0	0.0	0.0	0.0	0.0	0.0
202401	007090200	9	仕入高	0.0	0.0	0.0	0.0	0.0	0.0
202401	007090200	10	グループ仕入高	0.0	0.0	0.0	0.0	0.0	0.0
202401	007090200	11	社内仕入高	0.0	0.0	0.0	0.0	0.0	0.0
202401	007090200	12	荷造運搬費	0.0	0.0	0.0	0.0	0.0	0.0
202401	007090200	13	販売手数料	0.0	0.0	0.0	0.0	0.0	0.0
202401	007090200	14	総収益	0.0	0.0	0.0	0.0	0.0	0.0
202401	007090200	15	経費合計	-1452469.0	-1455849.0	-1465594.0	0.0	0.0	0.0
202401	007090200	16	経費合計（原価）	0.0	0.0	0.0	0.0	0.0	0.0
202401	007090200	17	種苗費*	0.0	0.0	0.0	0.0	0.0	0.0
202401	007090200	18	肥料費*	0.0	0.0	0.0	0.0	0.0	0.0
202401	007090200	19	培土費用*	0.0	0.0	0.0	0.0	0.0	0.0
202401	007090200	20	農薬衛生費*	0.0	0.0	0.0	0.0	0.0	0.0
202401	007090200	21	農具費*	0.0	0.0	0.0	0.0	0.0	0.0
202401	007090200	22	諸材料費*	0.0	0.0	0.0	0.0	0.0	0.0
202401	007090200	23	その他仕入高*	0.0	0.0	0.0	0.0	0.0	0.0
202401	007090200	24	減価償却費*	0.0	0.0	0.0	0.0	0.0	0.0
202401	007090200	25	車両費*	0.0	0.0	0.0	0.0	0.0	0.0
202401	007090200	26	水道光熱費*	0.0	0.0	0.0	0.0	0.0	0.0
202401	007090200	27	動力費*	0.0	0.0	0.0	0.0	0.0	0.0
202401	007090200	28	燃料費*	0.0	0.0	0.0	0.0	0.0	0.0
202401	007090200	29	賃借料*	0.0	0.0	0.0	0.0	0.0	0.0
202401	007090200	30	修繕費*	0.0	0.0	0.0	0.0	0.0	0.0
202401	007090200	31	診断料*	0.0	0.0	0.0	0.0	0.0	0.0
202401	007090200	32	租税公課*	0.0	0.0	0.0	0.0	0.0	0.0
202401	007090200	33	業務委託費*	0.0	0.0	0.0	0.0	0.0	0.0
202401	007090200	34	雑費*	0.0	0.0	0.0	0.0	0.0	0.0
202401	007090200	35	雑給*	0.0	0.0	0.0	0.0	0.0	0.0
202401	007090200	36	経費合計（販管費）	-1452469.0	-1455849.0	-1465594.0	0.0	0.0	0.0
202401	007090200	37	減価償却費	0.0	0.0	0.0	0.0	0.0	0.0
202401	007090200	38	車両費	0.0	0.0	0.0	0.0	0.0	0.0
202401	007090200	39	旅費交通費	0.0	0.0	0.0	0.0	0.0	0.0
202401	007090200	40	通信費	0.0	0.0	0.0	0.0	0.0	0.0
202401	007090200	41	水道光熱費	0.0	0.0	0.0	0.0	0.0	0.0
202401	007090200	42	事務用品費	0.0	0.0	0.0	0.0	0.0	0.0
202401	007090200	43	消耗品費	0.0	0.0	0.0	0.0	0.0	0.0
202401	007090200	44	廃棄物処理料	0.0	0.0	0.0	0.0	0.0	0.0
202401	007090200	45	広告宣伝費	0.0	0.0	0.0	0.0	0.0	0.0
202401	007090200	46	接待交際費	0.0	0.0	0.0	0.0	0.0	0.0
202401	007090200	47	賃借料	0.0	0.0	0.0	0.0	0.0	0.0
202401	007090200	48	賃貸料収入	0.0	0.0	0.0	0.0	0.0	0.0
202401	007090200	49	修繕費	0.0	0.0	0.0	0.0	0.0	0.0
202401	007090200	50	支払リース料	0.0	0.0	0.0	0.0	0.0	0.0
202401	007090200	51	保険料	0.0	0.0	0.0	0.0	0.0	0.0
202401	007090200	52	支払報酬	0.0	0.0	0.0	0.0	0.0	0.0
202401	007090200	53	支払手数料	0.0	0.0	0.0	0.0	0.0	0.0
202401	007090200	54	診断料	0.0	0.0	0.0	0.0	0.0	0.0
202401	007090200	55	諸会費	0.0	0.0	0.0	0.0	0.0	0.0
202401	007090200	56	会議費	0.0	0.0	0.0	0.0	0.0	0.0
202401	007090200	57	寄付金	0.0	0.0	0.0	0.0	0.0	0.0
202401	007090200	58	租税公課	0.0	0.0	0.0	0.0	0.0	0.0
202401	007090200	59	業務委託費	0.0	0.0	0.0	0.0	0.0	0.0
202401	007090200	60	業務受託収入	0.0	0.0	0.0	0.0	0.0	0.0
202401	007090200	61	情報機器利用料	0.0	0.0	0.0	0.0	0.0	0.0
202401	007090200	62	貸倒金	0.0	0.0	0.0	0.0	0.0	0.0
202401	007090200	63	雑費	0.0	0.0	0.0	0.0	0.0	0.0
202401	007090200	64	福利消耗品費	0.0	0.0	0.0	0.0	0.0	0.0
202401	007090200	65	教育研修費	0.0	0.0	0.0	0.0	0.0	0.0
202401	007090200	66	廃棄損	0.0	0.0	0.0	0.0	0.0	0.0
202401	007090200	67	雑給	0.0	0.0	0.0	0.0	0.0	0.0
202401	007090200	68	社内金利（固定資産）	-1452469.0	-1455849.0	-1465594.0	0.0	0.0	0.0
202401	007090200	69	社内金利（売掛金）	0.0	0.0	0.0	0.0	0.0	0.0
202401	007090200	70	グループ共通	0.0	0.0	0.0	0.0	0.0	0.0
202401	007090200	71	差引収益	1452469.0	1455849.0	1465594.0	0.0	100.6	100.9
202401	007090200	72	差引比率	0.0	0.0	0.0		0.0	0.0
202401	007090200	73	総時間	51.5	61.5	59.75		97.1	116.0
202401	007090200	74	定時間	0.0	0.0	0.0		0.0	0.0
202401	007090200	75	残業時間	0.0	0.0	0.0		0.0	0.0
202401	007090200	76	移動時間	51.5	61.5	59.75		97.1	116.0
202401	007090200	77	当月時間当り	28203.2	23672.3	24528.7		103.6	86.9
202401	007090200	78	人員	0.0	0.0	0.0		0.0	0.0
202402	007090200	1	総受注高	0.0	0.0	0.0		0.0	0.0
202402	007090200	2	総売上高	0.0	0.0	0.0		0.0	0.0
202402	007090200	3	売上高	0.0	0.0	0.0	0.0	0.0	0.0
202402	007090200	4	グループ売上高	0.0	0.0	0.0	0.0	0.0	0.0
202402	007090200	5	社内売上高	0.0	0.0	0.0	0.0	0.0	0.0
202402	007090200	7	販売奨励金	0.0	0.0	0.0	0.0	0.0	0.0
202402	007090200	8	売上原価	0.0	0.0	0.0	0.0	0.0	0.0
202402	007090200	9	仕入高	0.0	0.0	0.0	0.0	0.0	0.0
202402	007090200	10	グループ仕入高	0.0	0.0	0.0	0.0	0.0	0.0
202402	007090200	11	社内仕入高	0.0	0.0	0.0	0.0	0.0	0.0
202402	007090200	12	荷造運搬費	0.0	0.0	0.0	0.0	0.0	0.0
202402	007090200	13	販売手数料	0.0	0.0	0.0	0.0	0.0	0.0
202402	007090200	14	総収益	0.0	0.0	0.0	0.0	0.0	0.0
202402	007090200	15	経費合計	-1429594.0	-1432878.0	-1442529.0	0.0	0.0	0.0
202402	007090200	16	経費合計（原価）	0.0	0.0	0.0	0.0	0.0	0.0
202402	007090200	17	種苗費*	0.0	0.0	0.0	0.0	0.0	0.0
202402	007090200	18	肥料費*	0.0	0.0	0.0	0.0	0.0	0.0
202402	007090200	19	培土費用*	0.0	0.0	0.0	0.0	0.0	0.0
202402	007090200	20	農薬衛生費*	0.0	0.0	0.0	0.0	0.0	0.0
202402	007090200	21	農具費*	0.0	0.0	0.0	0.0	0.0	0.0
202402	007090200	22	諸材料費*	0.0	0.0	0.0	0.0	0.0	0.0
202402	007090200	23	その他仕入高*	0.0	0.0	0.0	0.0	0.0	0.0
202402	007090200	24	減価償却費*	0.0	0.0	0.0	0.0	0.0	0.0
202402	007090200	25	車両費*	0.0	0.0	0.0	0.0	0.0	0.0
202402	007090200	26	水道光熱費*	0.0	0.0	0.0	0.0	0.0	0.0
202402	007090200	27	動力費*	0.0	0.0	0.0	0.0	0.0	0.0
202402	007090200	28	燃料費*	0.0	0.0	0.0	0.0	0.0	0.0
202402	007090200	29	賃借料*	0.0	0.0	0.0	0.0	0.0	0.0
202402	007090200	30	修繕費*	0.0	0.0	0.0	0.0	0.0	0.0
202402	007090200	31	診断料*	0.0	0.0	0.0	0.0	0.0	0.0
202402	007090200	32	租税公課*	0.0	0.0	0.0	0.0	0.0	0.0
202402	007090200	33	業務委託費*	0.0	0.0	0.0	0.0	0.0	0.0
202402	007090200	34	雑費*	0.0	0.0	0.0	0.0	0.0	0.0
202402	007090200	35	雑給*	0.0	0.0	0.0	0.0	0.0	0.0
202402	007090200	36	経費合計（販管費）	-1429594.0	-1432878.0	-1442529.0	0.0	0.0	0.0
202402	007090200	37	減価償却費	0.0	0.0	0.0	0.0	0.0	0.0
202402	007090200	38	車両費	0.0	0.0	0.0	0.0	0.0	0.0
202402	007090200	39	旅費交通費	0.0	0.0	0.0	0.0	0.0	0.0
202402	007090200	40	通信費	0.0	0.0	0.0	0.0	0.0	0.0
202402	007090200	41	水道光熱費	0.0	0.0	0.0	0.0	0.0	0.0
202402	007090200	42	事務用品費	0.0	0.0	0.0	0.0	0.0	0.0
202402	007090200	43	消耗品費	0.0	0.0	0.0	0.0	0.0	0.0
202402	007090200	44	廃棄物処理料	0.0	0.0	0.0	0.0	0.0	0.0
202402	007090200	45	広告宣伝費	0.0	0.0	0.0	0.0	0.0	0.0
202402	007090200	46	接待交際費	0.0	0.0	0.0	0.0	0.0	0.0
202402	007090200	47	賃借料	0.0	0.0	0.0	0.0	0.0	0.0
202402	007090200	48	賃貸料収入	0.0	0.0	0.0	0.0	0.0	0.0
202402	007090200	49	修繕費	0.0	0.0	0.0	0.0	0.0	0.0
202402	007090200	50	支払リース料	0.0	0.0	0.0	0.0	0.0	0.0
202402	007090200	51	保険料	0.0	0.0	0.0	0.0	0.0	0.0
202402	007090200	52	支払報酬	0.0	0.0	0.0	0.0	0.0	0.0
202402	007090200	53	支払手数料	0.0	0.0	0.0	0.0	0.0	0.0
202402	007090200	54	診断料	0.0	0.0	0.0	0.0	0.0	0.0
202402	007090200	55	諸会費	0.0	0.0	0.0	0.0	0.0	0.0
202402	007090200	56	会議費	0.0	0.0	0.0	0.0	0.0	0.0
202402	007090200	57	寄付金	0.0	0.0	0.0	0.0	0.0	0.0
202402	007090200	58	租税公課	0.0	0.0	0.0	0.0	0.0	0.0
202402	007090200	59	業務委託費	0.0	0.0	0.0	0.0	0.0	0.0
202402	007090200	60	業務受託収入	0.0	0.0	0.0	0.0	0.0	0.0
202402	007090200	61	情報機器利用料	0.0	0.0	0.0	0.0	0.0	0.0
202402	007090200	62	貸倒金	0.0	0.0	0.0	0.0	0.0	0.0
202402	007090200	63	雑費	0.0	0.0	0.0	0.0	0.0	0.0
202402	007090200	64	福利消耗品費	0.0	0.0	0.0	0.0	0.0	0.0
202402	007090200	65	教育研修費	0.0	0.0	0.0	0.0	0.0	0.0
202402	007090200	66	廃棄損	0.0	0.0	0.0	0.0	0.0	0.0
202402	007090200	67	雑給	0.0	0.0	0.0	0.0	0.0	0.0
202402	007090200	68	社内金利（固定資産）	-1429594.0	-1432878.0	-1442529.0	0.0	0.0	0.0
202402	007090200	69	社内金利（売掛金）	0.0	0.0	0.0	0.0	0.0	0.0
202402	007090200	70	グループ共通	0.0	0.0	0.0	0.0	0.0	0.0
202402	007090200	71	差引収益	1429594.0	1432878.0	1442529.0	0.0	100.6	100.9
202402	007090200	72	差引比率	0.0	0.0	0.0		0.0	0.0
202402	007090200	73	総時間	52.75	62.75	61.75		98.4	117.0
202402	007090200	74	定時間	0.0	0.0	0.0		0.0	0.0
202402	007090200	75	残業時間	0.0	0.0	0.0		0.0	0.0
202402	007090200	76	移動時間	52.75	62.75	61.75		98.4	117.0
202402	007090200	77	当月時間当り	27101.3	22834.7	23360.7		102.3	86.1
202402	007090200	78	人員	0.0	0.0	0.0		0.0	0.0
202403	007090200	1	総受注高	0.0	0.0	0.0		0.0	0.0
202403	007090200	2	総売上高	0.0	0.0	0.0		0.0	0.0
202403	007090200	3	売上高	0.0	0.0	0.0	0.0	0.0	0.0
202403	007090200	4	グループ売上高	0.0	0.0	0.0	0.0	0.0	0.0
202403	007090200	5	社内売上高	0.0	0.0	0.0	0.0	0.0	0.0
202403	007090200	7	販売奨励金	0.0	0.0	0.0	0.0	0.0	0.0
202403	007090200	8	売上原価	0.0	0.0	0.0	0.0	0.0	0.0
202403	007090200	9	仕入高	0.0	0.0	0.0	0.0	0.0	0.0
202403	007090200	10	グループ仕入高	0.0	0.0	0.0	0.0	0.0	0.0
202403	007090200	11	社内仕入高	0.0	0.0	0.0	0.0	0.0	0.0
202403	007090200	12	荷造運搬費	0.0	0.0	0.0	0.0	0.0	0.0
202403	007090200	13	販売手数料	0.0	0.0	0.0	0.0	0.0	0.0
202403	007090200	14	総収益	0.0	0.0	0.0	0.0	0.0	0.0
202403	007090200	15	経費合計	-1416316.0	-1410116.0	-1419673.0	0.0	0.0	0.0
202403	007090200	16	経費合計（原価）	0.0	0.0	0.0	0.0	0.0	0.0
202403	007090200	17	種苗費*	0.0	0.0	0.0	0.0	0.0	0.0
202403	007090200	18	肥料費*	0.0	0.0	0.0	0.0	0.0	0.0
202403	007090200	19	培土費用*	0.0	0.0	0.0	0.0	0.0	0.0
202403	007090200	20	農薬衛生費*	0.0	0.0	0.0	0.0	0.0	0.0
202403	007090200	21	農具費*	0.0	0.0	0.0	0.0	0.0	0.0
202403	007090200	22	諸材料費*	0.0	0.0	0.0	0.0	0.0	0.0
202403	007090200	23	その他仕入高*	0.0	0.0	0.0	0.0	0.0	0.0
202403	007090200	24	減価償却費*	0.0	0.0	0.0	0.0	0.0	0.0
202403	007090200	25	車両費*	0.0	0.0	0.0	0.0	0.0	0.0
202403	007090200	26	水道光熱費*	0.0	0.0	0.0	0.0	0.0	0.0
202403	007090200	27	動力費*	0.0	0.0	0.0	0.0	0.0	0.0
202403	007090200	28	燃料費*	0.0	0.0	0.0	0.0	0.0	0.0
202403	007090200	29	賃借料*	0.0	0.0	0.0	0.0	0.0	0.0
202403	007090200	30	修繕費*	0.0	0.0	0.0	0.0	0.0	0.0
202403	007090200	31	診断料*	0.0	0.0	0.0	0.0	0.0	0.0
202403	007090200	32	租税公課*	0.0	0.0	0.0	0.0	0.0	0.0
202403	007090200	33	業務委託費*	0.0	0.0	0.0	0.0	0.0	0.0
202403	007090200	34	雑費*	0.0	0.0	0.0	0.0	0.0	0.0
202403	007090200	35	雑給*	0.0	0.0	0.0	0.0	0.0	0.0
202403	007090200	36	経費合計（販管費）	-1416316.0	-1410116.0	-1419673.0	0.0	0.0	0.0
202403	007090200	37	減価償却費	0.0	0.0	0.0	0.0	0.0	0.0
202403	007090200	38	車両費	0.0	0.0	0.0	0.0	0.0	0.0
202403	007090200	39	旅費交通費	0.0	0.0	0.0	0.0	0.0	0.0
202403	007090200	40	通信費	0.0	0.0	0.0	0.0	0.0	0.0
202403	007090200	41	水道光熱費	0.0	0.0	0.0	0.0	0.0	0.0
202403	007090200	42	事務用品費	0.0	0.0	0.0	0.0	0.0	0.0
202403	007090200	43	消耗品費	0.0	0.0	0.0	0.0	0.0	0.0
202403	007090200	44	廃棄物処理料	0.0	0.0	0.0	0.0	0.0	0.0
202403	007090200	45	広告宣伝費	0.0	0.0	0.0	0.0	0.0	0.0
202403	007090200	46	接待交際費	0.0	0.0	0.0	0.0	0.0	0.0
202403	007090200	47	賃借料	0.0	0.0	0.0	0.0	0.0	0.0
202403	007090200	48	賃貸料収入	0.0	0.0	0.0	0.0	0.0	0.0
202403	007090200	49	修繕費	0.0	0.0	0.0	0.0	0.0	0.0
202403	007090200	50	支払リース料	0.0	0.0	0.0	0.0	0.0	0.0
202403	007090200	51	保険料	0.0	0.0	0.0	0.0	0.0	0.0
202403	007090200	52	支払報酬	0.0	0.0	0.0	0.0	0.0	0.0
202403	007090200	53	支払手数料	0.0	0.0	0.0	0.0	0.0	0.0
202403	007090200	54	診断料	0.0	0.0	0.0	0.0	0.0	0.0
202403	007090200	55	諸会費	0.0	0.0	0.0	0.0	0.0	0.0
202403	007090200	56	会議費	0.0	0.0	0.0	0.0	0.0	0.0
202403	007090200	57	寄付金	0.0	0.0	0.0	0.0	0.0	0.0
202403	007090200	58	租税公課	0.0	0.0	0.0	0.0	0.0	0.0
202403	007090200	59	業務委託費	0.0	0.0	0.0	0.0	0.0	0.0
202403	007090200	60	業務受託収入	0.0	0.0	0.0	0.0	0.0	0.0
202403	007090200	61	情報機器利用料	0.0	0.0	0.0	0.0	0.0	0.0
202403	007090200	62	貸倒金	0.0	0.0	0.0	0.0	0.0	0.0
202403	007090200	63	雑費	0.0	0.0	0.0	0.0	0.0	0.0
202403	007090200	64	福利消耗品費	0.0	0.0	0.0	0.0	0.0	0.0
202403	007090200	65	教育研修費	0.0	0.0	0.0	0.0	0.0	0.0
202403	007090200	66	廃棄損	0.0	0.0	0.0	0.0	0.0	0.0
202403	007090200	67	雑給	0.0	0.0	0.0	0.0	0.0	0.0
202403	007090200	68	社内金利（固定資産）	-1416316.0	-1410116.0	-1419673.0	0.0	0.0	0.0
202403	007090200	69	社内金利（売掛金）	0.0	0.0	0.0	0.0	0.0	0.0
202403	007090200	70	グループ共通	0.0	0.0	0.0	0.0	0.0	0.0
202403	007090200	71	差引収益	1416316.0	1410116.0	1419673.0	0.0	100.6	100.2
202403	007090200	72	差引比率	0.0	0.0	0.0		0.0	0.0
202403	007090200	73	総時間	52.75	62.75	60.75		96.8	115.1
202403	007090200	74	定時間	0.0	0.0	0.0		0.0	0.0
202403	007090200	75	残業時間	0.0	0.0	0.0		0.0	0.0
202403	007090200	76	移動時間	52.75	62.75	60.75		96.8	115.1
202403	007090200	77	当月時間当り	26849.5	22471.9	23369.1		103.9	87.0
202403	007090200	78	人員	0.0	0.0	0.0		0.0	0.0
202404	007090200	1	総受注高	0.0	0.0	0.0		0.0	0.0
202404	007090200	2	総売上高	0.0	0.0	0.0		0.0	0.0
202404	007090200	3	売上高	0.0	0.0	0.0	0.0	0.0	0.0
202404	007090200	4	グループ売上高	0.0	0.0	0.0	0.0	0.0	0.0
202404	007090200	5	社内売上高	0.0	0.0	0.0	0.0	0.0	0.0
202404	007090200	7	販売奨励金	0.0	0.0	0.0	0.0	0.0	0.0
202404	007090200	8	売上原価	0.0	0.0	0.0	0.0	0.0	0.0
202404	007090200	9	仕入高	0.0	0.0	0.0	0.0	0.0	0.0
202404	007090200	10	グループ仕入高	0.0	0.0	0.0	0.0	0.0	0.0
202404	007090200	11	社内仕入高	0.0	0.0	0.0	0.0	0.0	0.0
202404	007090200	12	荷造運搬費	0.0	0.0	0.0	0.0	0.0	0.0
202404	007090200	13	販売手数料	0.0	0.0	0.0	0.0	0.0	0.0
202404	007090200	14	総収益	0.0	0.0	0.0	0.0	0.0	0.0
202404	007090200	15	経費合計	-1399593.0	-1399593.0	-1399593.0	0.0	0.0	0.0
202404	007090200	16	経費合計（原価）	0.0	0.0	0.0	0.0	0.0	0.0
202404	007090200	17	種苗費*	0.0	0.0	0.0	0.0	0.0	0.0
202404	007090200	18	肥料費*	0.0	0.0	0.0	0.0	0.0	0.0
202404	007090200	19	培土費用*	0.0	0.0	0.0	0.0	0.0	0.0
202404	007090200	20	農薬衛生費*	0.0	0.0	0.0	0.0	0.0	0.0
202404	007090200	21	農具費*	0.0	0.0	0.0	0.0	0.0	0.0
202404	007090200	22	諸材料費*	0.0	0.0	0.0	0.0	0.0	0.0
202404	007090200	23	その他仕入高*	0.0	0.0	0.0	0.0	0.0	0.0
202404	007090200	24	減価償却費*	0.0	0.0	0.0	0.0	0.0	0.0
202404	007090200	25	車両費*	0.0	0.0	0.0	0.0	0.0	0.0
202404	007090200	26	水道光熱費*	0.0	0.0	0.0	0.0	0.0	0.0
202404	007090200	27	動力費*	0.0	0.0	0.0	0.0	0.0	0.0
202404	007090200	28	燃料費*	0.0	0.0	0.0	0.0	0.0	0.0
202404	007090200	29	賃借料*	0.0	0.0	0.0	0.0	0.0	0.0
202404	007090200	30	修繕費*	0.0	0.0	0.0	0.0	0.0	0.0
202404	007090200	31	診断料*	0.0	0.0	0.0	0.0	0.0	0.0
202404	007090200	32	租税公課*	0.0	0.0	0.0	0.0	0.0	0.0
202404	007090200	33	業務委託費*	0.0	0.0	0.0	0.0	0.0	0.0
202404	007090200	34	雑費*	0.0	0.0	0.0	0.0	0.0	0.0
202404	007090200	35	雑給*	0.0	0.0	0.0	0.0	0.0	0.0
202404	007090200	36	経費合計（販管費）	-1399593.0	-1399593.0	-1399593.0	0.0	0.0	0.0
202404	007090200	37	減価償却費	0.0	0.0	0.0	0.0	0.0	0.0
202404	007090200	38	車両費	0.0	0.0	0.0	0.0	0.0	0.0
202404	007090200	39	旅費交通費	0.0	0.0	0.0	0.0	0.0	0.0
202404	007090200	40	通信費	0.0	0.0	0.0	0.0	0.0	0.0
202404	007090200	41	水道光熱費	0.0	0.0	0.0	0.0	0.0	0.0
202404	007090200	42	事務用品費	0.0	0.0	0.0	0.0	0.0	0.0
202404	007090200	43	消耗品費	0.0	0.0	0.0	0.0	0.0	0.0
202404	007090200	44	廃棄物処理料	0.0	0.0	0.0	0.0	0.0	0.0
202404	007090200	45	広告宣伝費	0.0	0.0	0.0	0.0	0.0	0.0
202404	007090200	46	接待交際費	0.0	0.0	0.0	0.0	0.0	0.0
202404	007090200	47	賃借料	0.0	0.0	0.0	0.0	0.0	0.0
202404	007090200	48	賃貸料収入	0.0	0.0	0.0	0.0	0.0	0.0
202404	007090200	49	修繕費	0.0	0.0	0.0	0.0	0.0	0.0
202404	007090200	50	支払リース料	0.0	0.0	0.0	0.0	0.0	0.0
202404	007090200	51	保険料	0.0	0.0	0.0	0.0	0.0	0.0
202404	007090200	52	支払報酬	0.0	0.0	0.0	0.0	0.0	0.0
202404	007090200	53	支払手数料	0.0	0.0	0.0	0.0	0.0	0.0
202404	007090200	54	診断料	0.0	0.0	0.0	0.0	0.0	0.0
202404	007090200	55	諸会費	0.0	0.0	0.0	0.0	0.0	0.0
202404	007090200	56	会議費	0.0	0.0	0.0	0.0	0.0	0.0
202404	007090200	57	寄付金	0.0	0.0	0.0	0.0	0.0	0.0
202404	007090200	58	租税公課	0.0	0.0	0.0	0.0	0.0	0.0
202404	007090200	59	業務委託費	0.0	0.0	0.0	0.0	0.0	0.0
202404	007090200	60	業務受託収入	0.0	0.0	0.0	0.0	0.0	0.0
202404	007090200	61	情報機器利用料	0.0	0.0	0.0	0.0	0.0	0.0
202404	007090200	62	貸倒金	0.0	0.0	0.0	0.0	0.0	0.0
202404	007090200	63	雑費	0.0	0.0	0.0	0.0	0.0	0.0
202404	007090200	64	福利消耗品費	0.0	0.0	0.0	0.0	0.0	0.0
202404	007090200	65	教育研修費	0.0	0.0	0.0	0.0	0.0	0.0
202404	007090200	66	廃棄損	0.0	0.0	0.0	0.0	0.0	0.0
202404	007090200	67	雑給	0.0	0.0	0.0	0.0	0.0	0.0
202404	007090200	68	社内金利（固定資産）	-1399593.0	-1399593.0	-1399593.0	0.0	0.0	0.0
202404	007090200	69	社内金利（売掛金）	0.0	0.0	0.0	0.0	0.0	0.0
202404	007090200	70	グループ共通	0.0	0.0	0.0	0.0	0.0	0.0
202404	007090200	71	差引収益	1399593.0	1399593.0	1399593.0	0.0	100.0	100.0
202404	007090200	72	差引比率	0.0	0.0	0.0		0.0	0.0
202404	007090200	73	総時間	52.0	52.0	52.0		100.0	100.0
202404	007090200	74	定時間	0.0	0.0	0.0		0.0	0.0
202404	007090200	75	残業時間	0.0	0.0	0.0		0.0	0.0
202404	007090200	76	移動時間	52.0	52.0	52.0		100.0	100.0
202404	007090200	77	当月時間当り	26915.2	26915.2	26915.2		100.0	100.0
202404	007090200	78	人員	0.0	0.0	0.0		0.0	0.0
202405	007090200	1	総受注高	0.0	0.0	0.0		0.0	0.0
202405	007090200	2	総売上高	0.0	0.0	0.0		0.0	0.0
202405	007090200	3	売上高	0.0	0.0	0.0	0.0	0.0	0.0
202405	007090200	4	グループ売上高	0.0	0.0	0.0	0.0	0.0	0.0
202405	007090200	5	社内売上高	0.0	0.0	0.0	0.0	0.0	0.0
202405	007090200	7	販売奨励金	0.0	0.0	0.0	0.0	0.0	0.0
202405	007090200	8	売上原価	0.0	0.0	0.0	0.0	0.0	0.0
202405	007090200	9	仕入高	0.0	0.0	0.0	0.0	0.0	0.0
202405	007090200	10	グループ仕入高	0.0	0.0	0.0	0.0	0.0	0.0
202405	007090200	11	社内仕入高	0.0	0.0	0.0	0.0	0.0	0.0
202405	007090200	12	荷造運搬費	0.0	0.0	0.0	0.0	0.0	0.0
202405	007090200	13	販売手数料	0.0	0.0	0.0	0.0	0.0	0.0
202405	007090200	14	総収益	0.0	0.0	0.0	0.0	0.0	0.0
202405	007090200	15	経費合計	-1379513.0	-1379513.0	-1407090.0	0.0	0.0	0.0
202405	007090200	16	経費合計（原価）	0.0	0.0	0.0	0.0	0.0	0.0
202405	007090200	17	種苗費*	0.0	0.0	0.0	0.0	0.0	0.0
202405	007090200	18	肥料費*	0.0	0.0	0.0	0.0	0.0	0.0
202405	007090200	19	培土費用*	0.0	0.0	0.0	0.0	0.0	0.0
202405	007090200	20	農薬衛生費*	0.0	0.0	0.0	0.0	0.0	0.0
202405	007090200	21	農具費*	0.0	0.0	0.0	0.0	0.0	0.0
202405	007090200	22	諸材料費*	0.0	0.0	0.0	0.0	0.0	0.0
202405	007090200	23	その他仕入高*	0.0	0.0	0.0	0.0	0.0	0.0
202405	007090200	24	減価償却費*	0.0	0.0	0.0	0.0	0.0	0.0
202405	007090200	25	車両費*	0.0	0.0	0.0	0.0	0.0	0.0
202405	007090200	26	水道光熱費*	0.0	0.0	0.0	0.0	0.0	0.0
202405	007090200	27	動力費*	0.0	0.0	0.0	0.0	0.0	0.0
202405	007090200	28	燃料費*	0.0	0.0	0.0	0.0	0.0	0.0
202405	007090200	29	賃借料*	0.0	0.0	0.0	0.0	0.0	0.0
202405	007090200	30	修繕費*	0.0	0.0	0.0	0.0	0.0	0.0
202405	007090200	31	診断料*	0.0	0.0	0.0	0.0	0.0	0.0
202405	007090200	32	租税公課*	0.0	0.0	0.0	0.0	0.0	0.0
202405	007090200	33	業務委託費*	0.0	0.0	0.0	0.0	0.0	0.0
202405	007090200	34	雑費*	0.0	0.0	0.0	0.0	0.0	0.0
202405	007090200	35	雑給*	0.0	0.0	0.0	0.0	0.0	0.0
202405	007090200	36	経費合計（販管費）	-1379513.0	-1379513.0	-1407090.0	0.0	0.0	0.0
202405	007090200	37	減価償却費	0.0	0.0	0.0	0.0	0.0	0.0
202405	007090200	38	車両費	0.0	0.0	0.0	0.0	0.0	0.0
202405	007090200	39	旅費交通費	0.0	0.0	0.0	0.0	0.0	0.0
202405	007090200	40	通信費	0.0	0.0	0.0	0.0	0.0	0.0
202405	007090200	41	水道光熱費	0.0	0.0	0.0	0.0	0.0	0.0
202405	007090200	42	事務用品費	0.0	0.0	0.0	0.0	0.0	0.0
202405	007090200	43	消耗品費	0.0	0.0	0.0	0.0	0.0	0.0
202405	007090200	44	廃棄物処理料	0.0	0.0	0.0	0.0	0.0	0.0
202405	007090200	45	広告宣伝費	0.0	0.0	0.0	0.0	0.0	0.0
202405	007090200	46	接待交際費	0.0	0.0	0.0	0.0	0.0	0.0
202405	007090200	47	賃借料	0.0	0.0	0.0	0.0	0.0	0.0
202405	007090200	48	賃貸料収入	0.0	0.0	0.0	0.0	0.0	0.0
202405	007090200	49	修繕費	0.0	0.0	0.0	0.0	0.0	0.0
202405	007090200	50	支払リース料	0.0	0.0	0.0	0.0	0.0	0.0
202405	007090200	51	保険料	0.0	0.0	0.0	0.0	0.0	0.0
202405	007090200	52	支払報酬	0.0	0.0	0.0	0.0	0.0	0.0
202405	007090200	53	支払手数料	0.0	0.0	0.0	0.0	0.0	0.0
202405	007090200	54	診断料	0.0	0.0	0.0	0.0	0.0	0.0
202405	007090200	55	諸会費	0.0	0.0	0.0	0.0	0.0	0.0
202405	007090200	56	会議費	0.0	0.0	0.0	0.0	0.0	0.0
202405	007090200	57	寄付金	0.0	0.0	0.0	0.0	0.0	0.0
202405	007090200	58	租税公課	0.0	0.0	0.0	0.0	0.0	0.0
202405	007090200	59	業務委託費	0.0	0.0	0.0	0.0	0.0	0.0
202405	007090200	60	業務受託収入	0.0	0.0	0.0	0.0	0.0	0.0
202405	007090200	61	情報機器利用料	0.0	0.0	0.0	0.0	0.0	0.0
202405	007090200	62	貸倒金	0.0	0.0	0.0	0.0	0.0	0.0
202405	007090200	63	雑費	0.0	0.0	0.0	0.0	0.0	0.0
202405	007090200	64	福利消耗品費	0.0	0.0	0.0	0.0	0.0	0.0
202405	007090200	65	教育研修費	0.0	0.0	0.0	0.0	0.0	0.0
202405	007090200	66	廃棄損	0.0	0.0	0.0	0.0	0.0	0.0
202405	007090200	67	雑給	0.0	0.0	0.0	0.0	0.0	0.0
202405	007090200	68	社内金利（固定資産）	-1379513.0	-1379513.0	-1407090.0	0.0	0.0	0.0
202405	007090200	69	社内金利（売掛金）	0.0	0.0	0.0	0.0	0.0	0.0
202405	007090200	70	グループ共通	0.0	0.0	0.0	0.0	0.0	0.0
202405	007090200	71	差引収益	1379513.0	1379513.0	1407090.0	0.0	101.9	101.9
202405	007090200	72	差引比率	0.0	0.0	0.0		0.0	0.0
202405	007090200	73	総時間	52.75	52.75	52.75		100.0	100.0
202405	007090200	74	定時間	0.0	0.0	0.0		0.0	0.0
202405	007090200	75	残業時間	0.0	0.0	0.0		0.0	0.0
202405	007090200	76	移動時間	52.75	52.75	52.75		100.0	100.0
202405	007090200	77	当月時間当り	26151.9	26151.9	26674.6		101.9	101.9
202405	007090200	78	人員	0.0	0.0	0.0		0.0	0.0
202406	007090200	1	総受注高	0.0	0.0	0.0		0.0	0.0
202406	007090200	2	総売上高	0.0	0.0	0.0		0.0	0.0
202406	007090200	3	売上高	0.0	0.0	0.0	0.0	0.0	0.0
202406	007090200	4	グループ売上高	0.0	0.0	0.0	0.0	0.0	0.0
202406	007090200	5	社内売上高	0.0	0.0	0.0	0.0	0.0	0.0
202406	007090200	7	販売奨励金	0.0	0.0	0.0	0.0	0.0	0.0
202406	007090200	8	売上原価	0.0	0.0	0.0	0.0	0.0	0.0
202406	007090200	9	仕入高	0.0	0.0	0.0	0.0	0.0	0.0
202406	007090200	10	グループ仕入高	0.0	0.0	0.0	0.0	0.0	0.0
202406	007090200	11	社内仕入高	0.0	0.0	0.0	0.0	0.0	0.0
202406	007090200	12	荷造運搬費	0.0	0.0	0.0	0.0	0.0	0.0
202406	007090200	13	販売手数料	0.0	0.0	0.0	0.0	0.0	0.0
202406	007090200	14	総収益	0.0	0.0	0.0	0.0	0.0	0.0
202406	007090200	15	経費合計	-1386823.0	-1386823.0	-1386337.0	0.0	0.0	0.0
202406	007090200	16	経費合計（原価）	0.0	0.0	0.0	0.0	0.0	0.0
202406	007090200	17	種苗費*	0.0	0.0	0.0	0.0	0.0	0.0
202406	007090200	18	肥料費*	0.0	0.0	0.0	0.0	0.0	0.0
202406	007090200	19	培土費用*	0.0	0.0	0.0	0.0	0.0	0.0
202406	007090200	20	農薬衛生費*	0.0	0.0	0.0	0.0	0.0	0.0
202406	007090200	21	農具費*	0.0	0.0	0.0	0.0	0.0	0.0
202406	007090200	22	諸材料費*	0.0	0.0	0.0	0.0	0.0	0.0
202406	007090200	23	その他仕入高*	0.0	0.0	0.0	0.0	0.0	0.0
202406	007090200	24	減価償却費*	0.0	0.0	0.0	0.0	0.0	0.0
202406	007090200	25	車両費*	0.0	0.0	0.0	0.0	0.0	0.0
202406	007090200	26	水道光熱費*	0.0	0.0	0.0	0.0	0.0	0.0
202406	007090200	27	動力費*	0.0	0.0	0.0	0.0	0.0	0.0
202406	007090200	28	燃料費*	0.0	0.0	0.0	0.0	0.0	0.0
202406	007090200	29	賃借料*	0.0	0.0	0.0	0.0	0.0	0.0
202406	007090200	30	修繕費*	0.0	0.0	0.0	0.0	0.0	0.0
202406	007090200	31	診断料*	0.0	0.0	0.0	0.0	0.0	0.0
202406	007090200	32	租税公課*	0.0	0.0	0.0	0.0	0.0	0.0
202406	007090200	33	業務委託費*	0.0	0.0	0.0	0.0	0.0	0.0
202406	007090200	34	雑費*	0.0	0.0	0.0	0.0	0.0	0.0
202406	007090200	35	雑給*	0.0	0.0	0.0	0.0	0.0	0.0
202406	007090200	36	経費合計（販管費）	-1386823.0	-1386823.0	-1386337.0	0.0	0.0	0.0
202406	007090200	37	減価償却費	0.0	0.0	0.0	0.0	0.0	0.0
202406	007090200	38	車両費	0.0	0.0	0.0	0.0	0.0	0.0
202406	007090200	39	旅費交通費	0.0	0.0	0.0	0.0	0.0	0.0
202406	007090200	40	通信費	0.0	0.0	0.0	0.0	0.0	0.0
202406	007090200	41	水道光熱費	0.0	0.0	0.0	0.0	0.0	0.0
202406	007090200	42	事務用品費	0.0	0.0	0.0	0.0	0.0	0.0
202406	007090200	43	消耗品費	0.0	0.0	0.0	0.0	0.0	0.0
202406	007090200	44	廃棄物処理料	0.0	0.0	0.0	0.0	0.0	0.0
202406	007090200	45	広告宣伝費	0.0	0.0	0.0	0.0	0.0	0.0
202406	007090200	46	接待交際費	0.0	0.0	0.0	0.0	0.0	0.0
202406	007090200	47	賃借料	0.0	0.0	0.0	0.0	0.0	0.0
202406	007090200	48	賃貸料収入	0.0	0.0	0.0	0.0	0.0	0.0
202406	007090200	49	修繕費	0.0	0.0	0.0	0.0	0.0	0.0
202406	007090200	50	支払リース料	0.0	0.0	0.0	0.0	0.0	0.0
202406	007090200	51	保険料	0.0	0.0	0.0	0.0	0.0	0.0
202406	007090200	52	支払報酬	0.0	0.0	0.0	0.0	0.0	0.0
202406	007090200	53	支払手数料	0.0	0.0	0.0	0.0	0.0	0.0
202406	007090200	54	診断料	0.0	0.0	0.0	0.0	0.0	0.0
202406	007090200	55	諸会費	0.0	0.0	0.0	0.0	0.0	0.0
202406	007090200	56	会議費	0.0	0.0	0.0	0.0	0.0	0.0
202406	007090200	57	寄付金	0.0	0.0	0.0	0.0	0.0	0.0
202406	007090200	58	租税公課	0.0	0.0	0.0	0.0	0.0	0.0
202406	007090200	59	業務委託費	0.0	0.0	0.0	0.0	0.0	0.0
202406	007090200	60	業務受託収入	0.0	0.0	0.0	0.0	0.0	0.0
202406	007090200	61	情報機器利用料	0.0	0.0	0.0	0.0	0.0	0.0
202406	007090200	62	貸倒金	0.0	0.0	0.0	0.0	0.0	0.0
202406	007090200	63	雑費	0.0	0.0	0.0	0.0	0.0	0.0
202406	007090200	64	福利消耗品費	0.0	0.0	0.0	0.0	0.0	0.0
202406	007090200	65	教育研修費	0.0	0.0	0.0	0.0	0.0	0.0
202406	007090200	66	廃棄損	0.0	0.0	0.0	0.0	0.0	0.0
202406	007090200	67	雑給	0.0	0.0	0.0	0.0	0.0	0.0
202406	007090200	68	社内金利（固定資産）	-1386823.0	-1386823.0	-1386337.0	0.0	0.0	0.0
202406	007090200	69	社内金利（売掛金）	0.0	0.0	0.0	0.0	0.0	0.0
202406	007090200	70	グループ共通	0.0	0.0	0.0	0.0	0.0	0.0
202406	007090200	71	差引収益	1386823.0	1386823.0	1386337.0	0.0	99.9	99.9
202406	007090200	72	差引比率	0.0	0.0	0.0		0.0	0.0
202406	007090200	73	総時間	51.25	51.25	51.25		100.0	100.0
202406	007090200	74	定時間	0.0	0.0	0.0		0.0	0.0
202406	007090200	75	残業時間	0.0	0.0	0.0		0.0	0.0
202406	007090200	76	移動時間	51.25	51.25	51.25		100.0	100.0
202406	007090200	77	当月時間当り	27059.9	27059.9	27050.4		99.9	99.9
202406	007090200	78	人員	0.0	0.0	0.0		0.0	0.0
202407	007090200	1	総受注高	0.0	0.0	0.0		0.0	0.0
202407	007090200	2	総売上高	0.0	0.0	0.0		0.0	0.0
202407	007090200	3	売上高	0.0	0.0	0.0	0.0	0.0	0.0
202407	007090200	4	グループ売上高	0.0	0.0	0.0	0.0	0.0	0.0
202407	007090200	5	社内売上高	0.0	0.0	0.0	0.0	0.0	0.0
202407	007090200	7	販売奨励金	0.0	0.0	0.0	0.0	0.0	0.0
202407	007090200	8	売上原価	0.0	0.0	0.0	0.0	0.0	0.0
202407	007090200	9	仕入高	0.0	0.0	0.0	0.0	0.0	0.0
202407	007090200	10	グループ仕入高	0.0	0.0	0.0	0.0	0.0	0.0
202407	007090200	11	社内仕入高	0.0	0.0	0.0	0.0	0.0	0.0
202407	007090200	12	荷造運搬費	0.0	0.0	0.0	0.0	0.0	0.0
202407	007090200	13	販売手数料	0.0	0.0	0.0	0.0	0.0	0.0
202407	007090200	14	総収益	0.0	0.0	0.0	0.0	0.0	0.0
202407	007090200	15	経費合計	-1366414.0	-1365727.0	-1365584.0	0.0	0.0	0.0
202407	007090200	16	経費合計（原価）	0.0	0.0	0.0	0.0	0.0	0.0
202407	007090200	17	種苗費*	0.0	0.0	0.0	0.0	0.0	0.0
202407	007090200	18	肥料費*	0.0	0.0	0.0	0.0	0.0	0.0
202407	007090200	19	培土費用*	0.0	0.0	0.0	0.0	0.0	0.0
202407	007090200	20	農薬衛生費*	0.0	0.0	0.0	0.0	0.0	0.0
202407	007090200	21	農具費*	0.0	0.0	0.0	0.0	0.0	0.0
202407	007090200	22	諸材料費*	0.0	0.0	0.0	0.0	0.0	0.0
202407	007090200	23	その他仕入高*	0.0	0.0	0.0	0.0	0.0	0.0
202407	007090200	24	減価償却費*	0.0	0.0	0.0	0.0	0.0	0.0
202407	007090200	25	車両費*	0.0	0.0	0.0	0.0	0.0	0.0
202407	007090200	26	水道光熱費*	0.0	0.0	0.0	0.0	0.0	0.0
202407	007090200	27	動力費*	0.0	0.0	0.0	0.0	0.0	0.0
202407	007090200	28	燃料費*	0.0	0.0	0.0	0.0	0.0	0.0
202407	007090200	29	賃借料*	0.0	0.0	0.0	0.0	0.0	0.0
202407	007090200	30	修繕費*	0.0	0.0	0.0	0.0	0.0	0.0
202407	007090200	31	診断料*	0.0	0.0	0.0	0.0	0.0	0.0
202407	007090200	32	租税公課*	0.0	0.0	0.0	0.0	0.0	0.0
202407	007090200	33	業務委託費*	0.0	0.0	0.0	0.0	0.0	0.0
202407	007090200	34	雑費*	0.0	0.0	0.0	0.0	0.0	0.0
202407	007090200	35	雑給*	0.0	0.0	0.0	0.0	0.0	0.0
202407	007090200	36	経費合計（販管費）	-1366414.0	-1365727.0	-1365584.0	0.0	0.0	0.0
202407	007090200	37	減価償却費	0.0	0.0	0.0	0.0	0.0	0.0
202407	007090200	38	車両費	0.0	0.0	0.0	0.0	0.0	0.0
202407	007090200	39	旅費交通費	0.0	0.0	0.0	0.0	0.0	0.0
202407	007090200	40	通信費	0.0	0.0	0.0	0.0	0.0	0.0
202407	007090200	41	水道光熱費	0.0	0.0	0.0	0.0	0.0	0.0
202407	007090200	42	事務用品費	0.0	0.0	0.0	0.0	0.0	0.0
202407	007090200	43	消耗品費	0.0	0.0	0.0	0.0	0.0	0.0
202407	007090200	44	廃棄物処理料	0.0	0.0	0.0	0.0	0.0	0.0
202407	007090200	45	広告宣伝費	0.0	0.0	0.0	0.0	0.0	0.0
202407	007090200	46	接待交際費	0.0	0.0	0.0	0.0	0.0	0.0
202407	007090200	47	賃借料	0.0	0.0	0.0	0.0	0.0	0.0
202407	007090200	48	賃貸料収入	0.0	0.0	0.0	0.0	0.0	0.0
202407	007090200	49	修繕費	0.0	0.0	0.0	0.0	0.0	0.0
202407	007090200	50	支払リース料	0.0	0.0	0.0	0.0	0.0	0.0
202407	007090200	51	保険料	0.0	0.0	0.0	0.0	0.0	0.0
202407	007090200	52	支払報酬	0.0	0.0	0.0	0.0	0.0	0.0
202407	007090200	53	支払手数料	0.0	0.0	0.0	0.0	0.0	0.0
202407	007090200	54	診断料	0.0	0.0	0.0	0.0	0.0	0.0
202407	007090200	55	諸会費	0.0	0.0	0.0	0.0	0.0	0.0
202407	007090200	56	会議費	0.0	0.0	0.0	0.0	0.0	0.0
202407	007090200	57	寄付金	0.0	0.0	0.0	0.0	0.0	0.0
202407	007090200	58	租税公課	0.0	0.0	0.0	0.0	0.0	0.0
202407	007090200	59	業務委託費	0.0	0.0	0.0	0.0	0.0	0.0
202407	007090200	60	業務受託収入	0.0	0.0	0.0	0.0	0.0	0.0
202407	007090200	61	情報機器利用料	0.0	0.0	0.0	0.0	0.0	0.0
202407	007090200	62	貸倒金	0.0	0.0	0.0	0.0	0.0	0.0
202407	007090200	63	雑費	0.0	0.0	0.0	0.0	0.0	0.0
202407	007090200	64	福利消耗品費	0.0	0.0	0.0	0.0	0.0	0.0
202407	007090200	65	教育研修費	0.0	0.0	0.0	0.0	0.0	0.0
202407	007090200	66	廃棄損	0.0	0.0	0.0	0.0	0.0	0.0
202407	007090200	67	雑給	0.0	0.0	0.0	0.0	0.0	0.0
202407	007090200	68	社内金利（固定資産）	-1366414.0	-1365727.0	-1365584.0	0.0	0.0	0.0
202407	007090200	69	社内金利（売掛金）	0.0	0.0	0.0	0.0	0.0	0.0
202407	007090200	70	グループ共通	0.0	0.0	0.0	0.0	0.0	0.0
202407	007090200	71	差引収益	1366414.0	1365727.0	1365584.0	0.0	99.9	99.9
202407	007090200	72	差引比率	0.0	0.0	0.0		0.0	0.0
202407	007090200	73	総時間	53.5	53.5	53.5		100.0	100.0
202407	007090200	74	定時間	0.0	0.0	0.0		0.0	0.0
202407	007090200	75	残業時間	0.0	0.0	0.0		0.0	0.0
202407	007090200	76	移動時間	53.5	53.5	53.5		100.0	100.0
202407	007090200	77	当月時間当り	25540.4	25527.6	25524.9		99.9	99.9
202407	007090200	78	人員	0.0	0.0	0.0		0.0	0.0
202408	007090200	1	総受注高	0.0	0.0	0.0		0.0	0.0
202408	007090200	2	総売上高	0.0	0.0	0.0		0.0	0.0
202408	007090200	3	売上高	0.0	0.0	0.0	0.0	0.0	0.0
202408	007090200	4	グループ売上高	0.0	0.0	0.0	0.0	0.0	0.0
202408	007090200	5	社内売上高	0.0	0.0	0.0	0.0	0.0	0.0
202408	007090200	7	販売奨励金	0.0	0.0	0.0	0.0	0.0	0.0
202408	007090200	8	売上原価	0.0	0.0	0.0	0.0	0.0	0.0
202408	007090200	9	仕入高	0.0	0.0	0.0	0.0	0.0	0.0
202408	007090200	10	グループ仕入高	0.0	0.0	0.0	0.0	0.0	0.0
202408	007090200	11	社内仕入高	0.0	0.0	0.0	0.0	0.0	0.0
202408	007090200	12	荷造運搬費	0.0	0.0	0.0	0.0	0.0	0.0
202408	007090200	13	販売手数料	0.0	0.0	0.0	0.0	0.0	0.0
202408	007090200	14	総収益	0.0	0.0	0.0	0.0	0.0	0.0
202408	007090200	15	経費合計	-1352371.0	-1351341.0	-1351198.0	0.0	0.0	0.0
202408	007090200	16	経費合計（原価）	0.0	0.0	0.0	0.0	0.0	0.0
202408	007090200	17	種苗費*	0.0	0.0	0.0	0.0	0.0	0.0
202408	007090200	18	肥料費*	0.0	0.0	0.0	0.0	0.0	0.0
202408	007090200	19	培土費用*	0.0	0.0	0.0	0.0	0.0	0.0
202408	007090200	20	農薬衛生費*	0.0	0.0	0.0	0.0	0.0	0.0
202408	007090200	21	農具費*	0.0	0.0	0.0	0.0	0.0	0.0
202408	007090200	22	諸材料費*	0.0	0.0	0.0	0.0	0.0	0.0
202408	007090200	23	その他仕入高*	0.0	0.0	0.0	0.0	0.0	0.0
202408	007090200	24	減価償却費*	0.0	0.0	0.0	0.0	0.0	0.0
202408	007090200	25	車両費*	0.0	0.0	0.0	0.0	0.0	0.0
202408	007090200	26	水道光熱費*	0.0	0.0	0.0	0.0	0.0	0.0
202408	007090200	27	動力費*	0.0	0.0	0.0	0.0	0.0	0.0
202408	007090200	28	燃料費*	0.0	0.0	0.0	0.0	0.0	0.0
202408	007090200	29	賃借料*	0.0	0.0	0.0	0.0	0.0	0.0
202408	007090200	30	修繕費*	0.0	0.0	0.0	0.0	0.0	0.0
202408	007090200	31	診断料*	0.0	0.0	0.0	0.0	0.0	0.0
202408	007090200	32	租税公課*	0.0	0.0	0.0	0.0	0.0	0.0
202408	007090200	33	業務委託費*	0.0	0.0	0.0	0.0	0.0	0.0
202408	007090200	34	雑費*	0.0	0.0	0.0	0.0	0.0	0.0
202408	007090200	35	雑給*	0.0	0.0	0.0	0.0	0.0	0.0
202408	007090200	36	経費合計（販管費）	-1352371.0	-1351341.0	-1351198.0	0.0	0.0	0.0
202408	007090200	37	減価償却費	0.0	0.0	0.0	0.0	0.0	0.0
202408	007090200	38	車両費	0.0	0.0	0.0	0.0	0.0	0.0
202408	007090200	39	旅費交通費	0.0	0.0	0.0	0.0	0.0	0.0
202408	007090200	40	通信費	0.0	0.0	0.0	0.0	0.0	0.0
202408	007090200	41	水道光熱費	0.0	0.0	0.0	0.0	0.0	0.0
202408	007090200	42	事務用品費	0.0	0.0	0.0	0.0	0.0	0.0
202408	007090200	43	消耗品費	0.0	0.0	0.0	0.0	0.0	0.0
202408	007090200	44	廃棄物処理料	0.0	0.0	0.0	0.0	0.0	0.0
202408	007090200	45	広告宣伝費	0.0	0.0	0.0	0.0	0.0	0.0
202408	007090200	46	接待交際費	0.0	0.0	0.0	0.0	0.0	0.0
202408	007090200	47	賃借料	0.0	0.0	0.0	0.0	0.0	0.0
202408	007090200	48	賃貸料収入	0.0	0.0	0.0	0.0	0.0	0.0
202408	007090200	49	修繕費	0.0	0.0	0.0	0.0	0.0	0.0
202408	007090200	50	支払リース料	0.0	0.0	0.0	0.0	0.0	0.0
202408	007090200	51	保険料	0.0	0.0	0.0	0.0	0.0	0.0
202408	007090200	52	支払報酬	0.0	0.0	0.0	0.0	0.0	0.0
202408	007090200	53	支払手数料	0.0	0.0	0.0	0.0	0.0	0.0
202408	007090200	54	診断料	0.0	0.0	0.0	0.0	0.0	0.0
202408	007090200	55	諸会費	0.0	0.0	0.0	0.0	0.0	0.0
202408	007090200	56	会議費	0.0	0.0	0.0	0.0	0.0	0.0
202408	007090200	57	寄付金	0.0	0.0	0.0	0.0	0.0	0.0
202408	007090200	58	租税公課	0.0	0.0	0.0	0.0	0.0	0.0
202408	007090200	59	業務委託費	0.0	0.0	0.0	0.0	0.0	0.0
202408	007090200	60	業務受託収入	0.0	0.0	0.0	0.0	0.0	0.0
202408	007090200	61	情報機器利用料	0.0	0.0	0.0	0.0	0.0	0.0
202408	007090200	62	貸倒金	0.0	0.0	0.0	0.0	0.0	0.0
202408	007090200	63	雑費	0.0	0.0	0.0	0.0	0.0	0.0
202408	007090200	64	福利消耗品費	0.0	0.0	0.0	0.0	0.0	0.0
202408	007090200	65	教育研修費	0.0	0.0	0.0	0.0	0.0	0.0
202408	007090200	66	廃棄損	0.0	0.0	0.0	0.0	0.0	0.0
202408	007090200	67	雑給	0.0	0.0	0.0	0.0	0.0	0.0
202408	007090200	68	社内金利（固定資産）	-1352371.0	-1351341.0	-1351198.0	0.0	0.0	0.0
202408	007090200	69	社内金利（売掛金）	0.0	0.0	0.0	0.0	0.0	0.0
202408	007090200	70	グループ共通	0.0	0.0	0.0	0.0	0.0	0.0
202408	007090200	71	差引収益	1352371.0	1351341.0	1351198.0	0.0	99.9	99.9
202408	007090200	72	差引比率	0.0	0.0	0.0		0.0	0.0
202408	007090200	73	総時間	50.75	50.75	50.75		100.0	100.0
202408	007090200	74	定時間	0.0	0.0	0.0		0.0	0.0
202408	007090200	75	残業時間	0.0	0.0	0.0		0.0	0.0
202408	007090200	76	移動時間	50.75	50.75	50.75		100.0	100.0
202408	007090200	77	当月時間当り	26647.7	26627.4	26624.5		99.9	99.9
202408	007090200	78	人員	0.0	0.0	0.0		0.0	0.0
202409	007090200	1	総受注高	0.0	0.0	0.0		0.0	0.0
202409	007090200	2	総売上高	0.0	0.0	0.0		0.0	0.0
202409	007090200	3	売上高	0.0	0.0	0.0	0.0	0.0	0.0
202409	007090200	4	グループ売上高	0.0	0.0	0.0	0.0	0.0	0.0
202409	007090200	5	社内売上高	0.0	0.0	0.0	0.0	0.0	0.0
202409	007090200	7	販売奨励金	0.0	0.0	0.0	0.0	0.0	0.0
202409	007090200	8	売上原価	0.0	0.0	0.0	0.0	0.0	0.0
202409	007090200	9	仕入高	0.0	0.0	0.0	0.0	0.0	0.0
202409	007090200	10	グループ仕入高	0.0	0.0	0.0	0.0	0.0	0.0
202409	007090200	11	社内仕入高	0.0	0.0	0.0	0.0	0.0	0.0
202409	007090200	12	荷造運搬費	0.0	0.0	0.0	0.0	0.0	0.0
202409	007090200	13	販売手数料	0.0	0.0	0.0	0.0	0.0	0.0
202409	007090200	14	総収益	0.0	0.0	0.0	0.0	0.0	0.0
202409	007090200	15	経費合計	-1338329.0	-1336955.0	-1336812.0	0.0	0.0	0.0
202409	007090200	16	経費合計（原価）	0.0	0.0	0.0	0.0	0.0	0.0
202409	007090200	17	種苗費*	0.0	0.0	0.0	0.0	0.0	0.0
202409	007090200	18	肥料費*	0.0	0.0	0.0	0.0	0.0	0.0
202409	007090200	19	培土費用*	0.0	0.0	0.0	0.0	0.0	0.0
202409	007090200	20	農薬衛生費*	0.0	0.0	0.0	0.0	0.0	0.0
202409	007090200	21	農具費*	0.0	0.0	0.0	0.0	0.0	0.0
202409	007090200	22	諸材料費*	0.0	0.0	0.0	0.0	0.0	0.0
202409	007090200	23	その他仕入高*	0.0	0.0	0.0	0.0	0.0	0.0
202409	007090200	24	減価償却費*	0.0	0.0	0.0	0.0	0.0	0.0
202409	007090200	25	車両費*	0.0	0.0	0.0	0.0	0.0	0.0
202409	007090200	26	水道光熱費*	0.0	0.0	0.0	0.0	0.0	0.0
202409	007090200	27	動力費*	0.0	0.0	0.0	0.0	0.0	0.0
202409	007090200	28	燃料費*	0.0	0.0	0.0	0.0	0.0	0.0
202409	007090200	29	賃借料*	0.0	0.0	0.0	0.0	0.0	0.0
202409	007090200	30	修繕費*	0.0	0.0	0.0	0.0	0.0	0.0
202409	007090200	31	診断料*	0.0	0.0	0.0	0.0	0.0	0.0
202409	007090200	32	租税公課*	0.0	0.0	0.0	0.0	0.0	0.0
202409	007090200	33	業務委託費*	0.0	0.0	0.0	0.0	0.0	0.0
202409	007090200	34	雑費*	0.0	0.0	0.0	0.0	0.0	0.0
202409	007090200	35	雑給*	0.0	0.0	0.0	0.0	0.0	0.0
202409	007090200	36	経費合計（販管費）	-1338329.0	-1336955.0	-1336812.0	0.0	0.0	0.0
202409	007090200	37	減価償却費	0.0	0.0	0.0	0.0	0.0	0.0
202409	007090200	38	車両費	0.0	0.0	0.0	0.0	0.0	0.0
202409	007090200	39	旅費交通費	0.0	0.0	0.0	0.0	0.0	0.0
202409	007090200	40	通信費	0.0	0.0	0.0	0.0	0.0	0.0
202409	007090200	41	水道光熱費	0.0	0.0	0.0	0.0	0.0	0.0
202409	007090200	42	事務用品費	0.0	0.0	0.0	0.0	0.0	0.0
202409	007090200	43	消耗品費	0.0	0.0	0.0	0.0	0.0	0.0
202409	007090200	44	廃棄物処理料	0.0	0.0	0.0	0.0	0.0	0.0
202409	007090200	45	広告宣伝費	0.0	0.0	0.0	0.0	0.0	0.0
202409	007090200	46	接待交際費	0.0	0.0	0.0	0.0	0.0	0.0
202409	007090200	47	賃借料	0.0	0.0	0.0	0.0	0.0	0.0
202409	007090200	48	賃貸料収入	0.0	0.0	0.0	0.0	0.0	0.0
202409	007090200	49	修繕費	0.0	0.0	0.0	0.0	0.0	0.0
202409	007090200	50	支払リース料	0.0	0.0	0.0	0.0	0.0	0.0
202409	007090200	51	保険料	0.0	0.0	0.0	0.0	0.0	0.0
202409	007090200	52	支払報酬	0.0	0.0	0.0	0.0	0.0	0.0
202409	007090200	53	支払手数料	0.0	0.0	0.0	0.0	0.0	0.0
202409	007090200	54	診断料	0.0	0.0	0.0	0.0	0.0	0.0
202409	007090200	55	諸会費	0.0	0.0	0.0	0.0	0.0	0.0
202409	007090200	56	会議費	0.0	0.0	0.0	0.0	0.0	0.0
202409	007090200	57	寄付金	0.0	0.0	0.0	0.0	0.0	0.0
202409	007090200	58	租税公課	0.0	0.0	0.0	0.0	0.0	0.0
202409	007090200	59	業務委託費	0.0	0.0	0.0	0.0	0.0	0.0
202409	007090200	60	業務受託収入	0.0	0.0	0.0	0.0	0.0	0.0
202409	007090200	61	情報機器利用料	0.0	0.0	0.0	0.0	0.0	0.0
202409	007090200	62	貸倒金	0.0	0.0	0.0	0.0	0.0	0.0
202409	007090200	63	雑費	0.0	0.0	0.0	0.0	0.0	0.0
202409	007090200	64	福利消耗品費	0.0	0.0	0.0	0.0	0.0	0.0
202409	007090200	65	教育研修費	0.0	0.0	0.0	0.0	0.0	0.0
202409	007090200	66	廃棄損	0.0	0.0	0.0	0.0	0.0	0.0
202409	007090200	67	雑給	0.0	0.0	0.0	0.0	0.0	0.0
202409	007090200	68	社内金利（固定資産）	-1338329.0	-1336955.0	-1336812.0	0.0	0.0	0.0
202409	007090200	69	社内金利（売掛金）	0.0	0.0	0.0	0.0	0.0	0.0
202409	007090200	70	グループ共通	0.0	0.0	0.0	0.0	0.0	0.0
202409	007090200	71	差引収益	1338329.0	1336955.0	1336812.0	0.0	99.9	99.8
202409	007090200	72	差引比率	0.0	0.0	0.0		0.0	0.0
202409	007090200	73	総時間	51.0	51.0	51.25		100.4	100.4
202409	007090200	74	定時間	0.0	0.0	0.0		0.0	0.0
202409	007090200	75	残業時間	0.0	0.0	0.0		0.0	0.0
202409	007090200	76	移動時間	51.0	51.0	51.25		100.4	100.4
202409	007090200	77	当月時間当り	26241.7	26214.8	26084.1		99.5	99.3
202409	007090200	78	人員	0.0	0.0	0.0		0.0	0.0
202410	007090200	1	総受注高	0.0	0.0	0.0		0.0	0.0
202410	007090200	2	総売上高	0.0	0.0	0.0		0.0	0.0
202410	007090200	3	売上高	0.0	0.0	0.0	0.0	0.0	0.0
202410	007090200	4	グループ売上高	0.0	0.0	0.0	0.0	0.0	0.0
202410	007090200	5	社内売上高	0.0	0.0	0.0	0.0	0.0	0.0
202410	007090200	7	販売奨励金	0.0	0.0	0.0	0.0	0.0	0.0
202410	007090200	8	売上原価	0.0	0.0	0.0	0.0	0.0	0.0
202410	007090200	9	仕入高	0.0	0.0	0.0	0.0	0.0	0.0
202410	007090200	10	グループ仕入高	0.0	0.0	0.0	0.0	0.0	0.0
202410	007090200	11	社内仕入高	0.0	0.0	0.0	0.0	0.0	0.0
202410	007090200	12	荷造運搬費	0.0	0.0	0.0	0.0	0.0	0.0
202410	007090200	13	販売手数料	0.0	0.0	0.0	0.0	0.0	0.0
202410	007090200	14	総収益	0.0	0.0	0.0	0.0	0.0	0.0
202410	007090200	15	経費合計	-1324286.0	-1322570.0	-1322426.0	0.0	0.0	0.0
202410	007090200	16	経費合計（原価）	0.0	0.0	0.0	0.0	0.0	0.0
202410	007090200	17	種苗費*	0.0	0.0	0.0	0.0	0.0	0.0
202410	007090200	18	肥料費*	0.0	0.0	0.0	0.0	0.0	0.0
202410	007090200	19	培土費用*	0.0	0.0	0.0	0.0	0.0	0.0
202410	007090200	20	農薬衛生費*	0.0	0.0	0.0	0.0	0.0	0.0
202410	007090200	21	農具費*	0.0	0.0	0.0	0.0	0.0	0.0
202410	007090200	22	諸材料費*	0.0	0.0	0.0	0.0	0.0	0.0
202410	007090200	23	その他仕入高*	0.0	0.0	0.0	0.0	0.0	0.0
202410	007090200	24	減価償却費*	0.0	0.0	0.0	0.0	0.0	0.0
202410	007090200	25	車両費*	0.0	0.0	0.0	0.0	0.0	0.0
202410	007090200	26	水道光熱費*	0.0	0.0	0.0	0.0	0.0	0.0
202410	007090200	27	動力費*	0.0	0.0	0.0	0.0	0.0	0.0
202410	007090200	28	燃料費*	0.0	0.0	0.0	0.0	0.0	0.0
202410	007090200	29	賃借料*	0.0	0.0	0.0	0.0	0.0	0.0
202410	007090200	30	修繕費*	0.0	0.0	0.0	0.0	0.0	0.0
202410	007090200	31	診断料*	0.0	0.0	0.0	0.0	0.0	0.0
202410	007090200	32	租税公課*	0.0	0.0	0.0	0.0	0.0	0.0
202410	007090200	33	業務委託費*	0.0	0.0	0.0	0.0	0.0	0.0
202410	007090200	34	雑費*	0.0	0.0	0.0	0.0	0.0	0.0
202410	007090200	35	雑給*	0.0	0.0	0.0	0.0	0.0	0.0
202410	007090200	36	経費合計（販管費）	-1324286.0	-1322570.0	-1322426.0	0.0	0.0	0.0
202410	007090200	37	減価償却費	0.0	0.0	0.0	0.0	0.0	0.0
202410	007090200	38	車両費	0.0	0.0	0.0	0.0	0.0	0.0
202410	007090200	39	旅費交通費	0.0	0.0	0.0	0.0	0.0	0.0
202410	007090200	40	通信費	0.0	0.0	0.0	0.0	0.0	0.0
202410	007090200	41	水道光熱費	0.0	0.0	0.0	0.0	0.0	0.0
202410	007090200	42	事務用品費	0.0	0.0	0.0	0.0	0.0	0.0
202410	007090200	43	消耗品費	0.0	0.0	0.0	0.0	0.0	0.0
202410	007090200	44	廃棄物処理料	0.0	0.0	0.0	0.0	0.0	0.0
202410	007090200	45	広告宣伝費	0.0	0.0	0.0	0.0	0.0	0.0
202410	007090200	46	接待交際費	0.0	0.0	0.0	0.0	0.0	0.0
202410	007090200	47	賃借料	0.0	0.0	0.0	0.0	0.0	0.0
202410	007090200	48	賃貸料収入	0.0	0.0	0.0	0.0	0.0	0.0
202410	007090200	49	修繕費	0.0	0.0	0.0	0.0	0.0	0.0
202410	007090200	50	支払リース料	0.0	0.0	0.0	0.0	0.0	0.0
202410	007090200	51	保険料	0.0	0.0	0.0	0.0	0.0	0.0
202410	007090200	52	支払報酬	0.0	0.0	0.0	0.0	0.0	0.0
202410	007090200	53	支払手数料	0.0	0.0	0.0	0.0	0.0	0.0
202410	007090200	54	診断料	0.0	0.0	0.0	0.0	0.0	0.0
202410	007090200	55	諸会費	0.0	0.0	0.0	0.0	0.0	0.0
202410	007090200	56	会議費	0.0	0.0	0.0	0.0	0.0	0.0
202410	007090200	57	寄付金	0.0	0.0	0.0	0.0	0.0	0.0
202410	007090200	58	租税公課	0.0	0.0	0.0	0.0	0.0	0.0
202410	007090200	59	業務委託費	0.0	0.0	0.0	0.0	0.0	0.0
202410	007090200	60	業務受託収入	0.0	0.0	0.0	0.0	0.0	0.0
202410	007090200	61	情報機器利用料	0.0	0.0	0.0	0.0	0.0	0.0
202410	007090200	62	貸倒金	0.0	0.0	0.0	0.0	0.0	0.0
202410	007090200	63	雑費	0.0	0.0	0.0	0.0	0.0	0.0
202410	007090200	64	福利消耗品費	0.0	0.0	0.0	0.0	0.0	0.0
202410	007090200	65	教育研修費	0.0	0.0	0.0	0.0	0.0	0.0
202410	007090200	66	廃棄損	0.0	0.0	0.0	0.0	0.0	0.0
202410	007090200	67	雑給	0.0	0.0	0.0	0.0	0.0	0.0
202410	007090200	68	社内金利（固定資産）	-1324286.0	-1322570.0	-1322426.0	0.0	0.0	0.0
202410	007090200	69	社内金利（売掛金）	0.0	0.0	0.0	0.0	0.0	0.0
202410	007090200	70	グループ共通	0.0	0.0	0.0	0.0	0.0	0.0
202410	007090200	71	差引収益	1324286.0	1322570.0	1322426.0	0.0	99.9	99.8
202410	007090200	72	差引比率	0.0	0.0	0.0		0.0	0.0
202410	007090200	73	総時間	53.5	53.5	53.5		100.0	100.0
202410	007090200	74	定時間	0.0	0.0	0.0		0.0	0.0
202410	007090200	75	残業時間	0.0	0.0	0.0		0.0	0.0
202410	007090200	76	移動時間	53.5	53.5	53.5		100.0	100.0
202410	007090200	77	当月時間当り	24753.0	24720.9	24718.2		99.9	99.8
202410	007090200	78	人員	0.0	0.0	0.0		0.0	0.0
202411	007090200	1	総受注高	0.0	0.0	0.0		0.0	0.0
202411	007090200	2	総売上高	0.0	0.0	0.0		0.0	0.0
202411	007090200	3	売上高	0.0	0.0	0.0	0.0	0.0	0.0
202411	007090200	4	グループ売上高	0.0	0.0	0.0	0.0	0.0	0.0
202411	007090200	5	社内売上高	0.0	0.0	0.0	0.0	0.0	0.0
202411	007090200	7	販売奨励金	0.0	0.0	0.0	0.0	0.0	0.0
202411	007090200	8	売上原価	0.0	0.0	0.0	0.0	0.0	0.0
202411	007090200	9	仕入高	0.0	0.0	0.0	0.0	0.0	0.0
202411	007090200	10	グループ仕入高	0.0	0.0	0.0	0.0	0.0	0.0
202411	007090200	11	社内仕入高	0.0	0.0	0.0	0.0	0.0	0.0
202411	007090200	12	荷造運搬費	0.0	0.0	0.0	0.0	0.0	0.0
202411	007090200	13	販売手数料	0.0	0.0	0.0	0.0	0.0	0.0
202411	007090200	14	総収益	0.0	0.0	0.0	0.0	0.0	0.0
202411	007090200	15	経費合計	-1310243.0	-1308184.0	-1349195.0	0.0	0.0	0.0
202411	007090200	16	経費合計（原価）	0.0	0.0	0.0	0.0	0.0	0.0
202411	007090200	17	種苗費*	0.0	0.0	0.0	0.0	0.0	0.0
202411	007090200	18	肥料費*	0.0	0.0	0.0	0.0	0.0	0.0
202411	007090200	19	培土費用*	0.0	0.0	0.0	0.0	0.0	0.0
202411	007090200	20	農薬衛生費*	0.0	0.0	0.0	0.0	0.0	0.0
202411	007090200	21	農具費*	0.0	0.0	0.0	0.0	0.0	0.0
202411	007090200	22	諸材料費*	0.0	0.0	0.0	0.0	0.0	0.0
202411	007090200	23	その他仕入高*	0.0	0.0	0.0	0.0	0.0	0.0
202411	007090200	24	減価償却費*	0.0	0.0	0.0	0.0	0.0	0.0
202411	007090200	25	車両費*	0.0	0.0	0.0	0.0	0.0	0.0
202411	007090200	26	水道光熱費*	0.0	0.0	0.0	0.0	0.0	0.0
202411	007090200	27	動力費*	0.0	0.0	0.0	0.0	0.0	0.0
202411	007090200	28	燃料費*	0.0	0.0	0.0	0.0	0.0	0.0
202411	007090200	29	賃借料*	0.0	0.0	0.0	0.0	0.0	0.0
202411	007090200	30	修繕費*	0.0	0.0	0.0	0.0	0.0	0.0
202411	007090200	31	診断料*	0.0	0.0	0.0	0.0	0.0	0.0
202411	007090200	32	租税公課*	0.0	0.0	0.0	0.0	0.0	0.0
202411	007090200	33	業務委託費*	0.0	0.0	0.0	0.0	0.0	0.0
202411	007090200	34	雑費*	0.0	0.0	0.0	0.0	0.0	0.0
202411	007090200	35	雑給*	0.0	0.0	0.0	0.0	0.0	0.0
202411	007090200	36	経費合計（販管費）	-1310243.0	-1308184.0	-1349195.0	0.0	0.0	0.0
202411	007090200	37	減価償却費	0.0	0.0	0.0	0.0	0.0	0.0
202411	007090200	38	車両費	0.0	0.0	0.0	0.0	0.0	0.0
202411	007090200	39	旅費交通費	0.0	0.0	0.0	0.0	0.0	0.0
202411	007090200	40	通信費	0.0	0.0	0.0	0.0	0.0	0.0
202411	007090200	41	水道光熱費	0.0	0.0	0.0	0.0	0.0	0.0
202411	007090200	42	事務用品費	0.0	0.0	0.0	0.0	0.0	0.0
202411	007090200	43	消耗品費	0.0	0.0	0.0	0.0	0.0	0.0
202411	007090200	44	廃棄物処理料	0.0	0.0	0.0	0.0	0.0	0.0
202411	007090200	45	広告宣伝費	0.0	0.0	0.0	0.0	0.0	0.0
202411	007090200	46	接待交際費	0.0	0.0	0.0	0.0	0.0	0.0
202411	007090200	47	賃借料	0.0	0.0	0.0	0.0	0.0	0.0
202411	007090200	48	賃貸料収入	0.0	0.0	0.0	0.0	0.0	0.0
202411	007090200	49	修繕費	0.0	0.0	0.0	0.0	0.0	0.0
202411	007090200	50	支払リース料	0.0	0.0	0.0	0.0	0.0	0.0
202411	007090200	51	保険料	0.0	0.0	0.0	0.0	0.0	0.0
202411	007090200	52	支払報酬	0.0	0.0	0.0	0.0	0.0	0.0
202411	007090200	53	支払手数料	0.0	0.0	0.0	0.0	0.0	0.0
202411	007090200	54	診断料	0.0	0.0	0.0	0.0	0.0	0.0
202411	007090200	55	諸会費	0.0	0.0	0.0	0.0	0.0	0.0
202411	007090200	56	会議費	0.0	0.0	0.0	0.0	0.0	0.0
202411	007090200	57	寄付金	0.0	0.0	0.0	0.0	0.0	0.0
202411	007090200	58	租税公課	0.0	0.0	0.0	0.0	0.0	0.0
202411	007090200	59	業務委託費	0.0	0.0	0.0	0.0	0.0	0.0
202411	007090200	60	業務受託収入	0.0	0.0	0.0	0.0	0.0	0.0
202411	007090200	61	情報機器利用料	0.0	0.0	0.0	0.0	0.0	0.0
202411	007090200	62	貸倒金	0.0	0.0	0.0	0.0	0.0	0.0
202411	007090200	63	雑費	0.0	0.0	0.0	0.0	0.0	0.0
202411	007090200	64	福利消耗品費	0.0	0.0	0.0	0.0	0.0	0.0
202411	007090200	65	教育研修費	0.0	0.0	0.0	0.0	0.0	0.0
202411	007090200	66	廃棄損	0.0	0.0	0.0	0.0	0.0	0.0
202411	007090200	67	雑給	0.0	0.0	0.0	0.0	0.0	0.0
202411	007090200	68	社内金利（固定資産）	-1310243.0	-1308184.0	-1349195.0	0.0	0.0	0.0
202411	007090200	69	社内金利（売掛金）	0.0	0.0	0.0	0.0	0.0	0.0
202411	007090200	70	グループ共通	0.0	0.0	0.0	0.0	0.0	0.0
202411	007090200	71	差引収益	1310243.0	1308184.0	1349195.0	0.0	103.1	102.9
202411	007090200	72	差引比率	0.0	0.0	0.0		0.0	0.0
202411	007090200	73	総時間	52.0	52.0	52.0		100.0	100.0
202411	007090200	74	定時間	0.0	0.0	0.0		0.0	0.0
202411	007090200	75	残業時間	0.0	0.0	0.0		0.0	0.0
202411	007090200	76	移動時間	52.0	52.0	52.0		100.0	100.0
202411	007090200	77	当月時間当り	25196.9	25157.3	25946.0		103.1	102.9
202411	007090200	78	人員	0.0	0.0	0.0		0.0	0.0
202412	007090200	1	総受注高	0.0	0.0	0.0		0.0	0.0
202412	007090200	2	総売上高	0.0	0.0	0.0		0.0	0.0
202412	007090200	3	売上高	0.0	0.0	0.0	0.0	0.0	0.0
202412	007090200	4	グループ売上高	0.0	0.0	0.0	0.0	0.0	0.0
202412	007090200	5	社内売上高	0.0	0.0	0.0	0.0	0.0	0.0
202412	007090200	7	販売奨励金	0.0	0.0	0.0	0.0	0.0	0.0
202412	007090200	8	売上原価	0.0	0.0	0.0	0.0	0.0	0.0
202412	007090200	9	仕入高	0.0	0.0	0.0	0.0	0.0	0.0
202412	007090200	10	グループ仕入高	0.0	0.0	0.0	0.0	0.0	0.0
202412	007090200	11	社内仕入高	0.0	0.0	0.0	0.0	0.0	0.0
202412	007090200	12	荷造運搬費	0.0	0.0	0.0	0.0	0.0	0.0
202412	007090200	13	販売手数料	0.0	0.0	0.0	0.0	0.0	0.0
202412	007090200	14	総収益	0.0	0.0	0.0	0.0	0.0	0.0
202412	007090200	15	経費合計	-1296201.0	-1334606.0	-1334463.0	0.0	0.0	0.0
202412	007090200	16	経費合計（原価）	0.0	0.0	0.0	0.0	0.0	0.0
202412	007090200	17	種苗費*	0.0	0.0	0.0	0.0	0.0	0.0
202412	007090200	18	肥料費*	0.0	0.0	0.0	0.0	0.0	0.0
202412	007090200	19	培土費用*	0.0	0.0	0.0	0.0	0.0	0.0
202412	007090200	20	農薬衛生費*	0.0	0.0	0.0	0.0	0.0	0.0
202412	007090200	21	農具費*	0.0	0.0	0.0	0.0	0.0	0.0
202412	007090200	22	諸材料費*	0.0	0.0	0.0	0.0	0.0	0.0
202412	007090200	23	その他仕入高*	0.0	0.0	0.0	0.0	0.0	0.0
202412	007090200	24	減価償却費*	0.0	0.0	0.0	0.0	0.0	0.0
202412	007090200	25	車両費*	0.0	0.0	0.0	0.0	0.0	0.0
202412	007090200	26	水道光熱費*	0.0	0.0	0.0	0.0	0.0	0.0
202412	007090200	27	動力費*	0.0	0.0	0.0	0.0	0.0	0.0
202412	007090200	28	燃料費*	0.0	0.0	0.0	0.0	0.0	0.0
202412	007090200	29	賃借料*	0.0	0.0	0.0	0.0	0.0	0.0
202412	007090200	30	修繕費*	0.0	0.0	0.0	0.0	0.0	0.0
202412	007090200	31	診断料*	0.0	0.0	0.0	0.0	0.0	0.0
202412	007090200	32	租税公課*	0.0	0.0	0.0	0.0	0.0	0.0
202412	007090200	33	業務委託費*	0.0	0.0	0.0	0.0	0.0	0.0
202412	007090200	34	雑費*	0.0	0.0	0.0	0.0	0.0	0.0
202412	007090200	35	雑給*	0.0	0.0	0.0	0.0	0.0	0.0
202412	007090200	36	経費合計（販管費）	-1296201.0	-1334606.0	-1334463.0	0.0	0.0	0.0
202412	007090200	37	減価償却費	0.0	0.0	0.0	0.0	0.0	0.0
202412	007090200	38	車両費	0.0	0.0	0.0	0.0	0.0	0.0
202412	007090200	39	旅費交通費	0.0	0.0	0.0	0.0	0.0	0.0
202412	007090200	40	通信費	0.0	0.0	0.0	0.0	0.0	0.0
202412	007090200	41	水道光熱費	0.0	0.0	0.0	0.0	0.0	0.0
202412	007090200	42	事務用品費	0.0	0.0	0.0	0.0	0.0	0.0
202412	007090200	43	消耗品費	0.0	0.0	0.0	0.0	0.0	0.0
202412	007090200	44	廃棄物処理料	0.0	0.0	0.0	0.0	0.0	0.0
202412	007090200	45	広告宣伝費	0.0	0.0	0.0	0.0	0.0	0.0
202412	007090200	46	接待交際費	0.0	0.0	0.0	0.0	0.0	0.0
202412	007090200	47	賃借料	0.0	0.0	0.0	0.0	0.0	0.0
202412	007090200	48	賃貸料収入	0.0	0.0	0.0	0.0	0.0	0.0
202412	007090200	49	修繕費	0.0	0.0	0.0	0.0	0.0	0.0
202412	007090200	50	支払リース料	0.0	0.0	0.0	0.0	0.0	0.0
202412	007090200	51	保険料	0.0	0.0	0.0	0.0	0.0	0.0
202412	007090200	52	支払報酬	0.0	0.0	0.0	0.0	0.0	0.0
202412	007090200	53	支払手数料	0.0	0.0	0.0	0.0	0.0	0.0
202412	007090200	54	診断料	0.0	0.0	0.0	0.0	0.0	0.0
202412	007090200	55	諸会費	0.0	0.0	0.0	0.0	0.0	0.0
202412	007090200	56	会議費	0.0	0.0	0.0	0.0	0.0	0.0
202412	007090200	57	寄付金	0.0	0.0	0.0	0.0	0.0	0.0
202412	007090200	58	租税公課	0.0	0.0	0.0	0.0	0.0	0.0
202412	007090200	59	業務委託費	0.0	0.0	0.0	0.0	0.0	0.0
202412	007090200	60	業務受託収入	0.0	0.0	0.0	0.0	0.0	0.0
202412	007090200	61	情報機器利用料	0.0	0.0	0.0	0.0	0.0	0.0
202412	007090200	62	貸倒金	0.0	0.0	0.0	0.0	0.0	0.0
202412	007090200	63	雑費	0.0	0.0	0.0	0.0	0.0	0.0
202412	007090200	64	福利消耗品費	0.0	0.0	0.0	0.0	0.0	0.0
202412	007090200	65	教育研修費	0.0	0.0	0.0	0.0	0.0	0.0
202412	007090200	66	廃棄損	0.0	0.0	0.0	0.0	0.0	0.0
202412	007090200	67	雑給	0.0	0.0	0.0	0.0	0.0	0.0
202412	007090200	68	社内金利（固定資産）	-1296201.0	-1334606.0	-1334463.0	0.0	0.0	0.0
202412	007090200	69	社内金利（売掛金）	0.0	0.0	0.0	0.0	0.0	0.0
202412	007090200	70	グループ共通	0.0	0.0	0.0	0.0	0.0	0.0
202412	007090200	71	差引収益	1296201.0	1334606.0	1334463.0	0.0	99.9	102.9
202412	007090200	72	差引比率	0.0	0.0	0.0		0.0	0.0
202412	007090200	73	総時間	52.0	52.0	52.0		100.0	100.0
202412	007090200	74	定時間	0.0	0.0	0.0		0.0	0.0
202412	007090200	75	残業時間	0.0	0.0	0.0		0.0	0.0
202412	007090200	76	移動時間	52.0	52.0	52.0		100.0	100.0
202412	007090200	77	当月時間当り	24926.9	25665.5	25662.7		99.9	102.9
202412	007090200	78	人員	0.0	0.0	0.0		0.0	0.0
202501	007090200	1	総受注高	0.0	0.0	0.0		0.0	0.0
202501	007090200	2	総売上高	0.0	0.0	0.0		0.0	0.0
202501	007090200	3	売上高	0.0	0.0	0.0	0.0	0.0	0.0
202501	007090200	4	グループ売上高	0.0	0.0	0.0	0.0	0.0	0.0
202501	007090200	5	社内売上高	0.0	0.0	0.0	0.0	0.0	0.0
202501	007090200	7	販売奨励金	0.0	0.0	0.0	0.0	0.0	0.0
202501	007090200	8	売上原価	0.0	0.0	0.0	0.0	0.0	0.0
202501	007090200	9	仕入高	0.0	0.0	0.0	0.0	0.0	0.0
202501	007090200	10	グループ仕入高	0.0	0.0	0.0	0.0	0.0	0.0
202501	007090200	11	社内仕入高	0.0	0.0	0.0	0.0	0.0	0.0
202501	007090200	12	荷造運搬費	0.0	0.0	0.0	0.0	0.0	0.0
202501	007090200	13	販売手数料	0.0	0.0	0.0	0.0	0.0	0.0
202501	007090200	14	総収益	0.0	0.0	0.0	0.0	0.0	0.0
202501	007090200	15	経費合計	-1282158.0	-1319875.0	-1319731.0	0.0	0.0	0.0
202501	007090200	16	経費合計（原価）	0.0	0.0	0.0	0.0	0.0	0.0
202501	007090200	17	種苗費*	0.0	0.0	0.0	0.0	0.0	0.0
202501	007090200	18	肥料費*	0.0	0.0	0.0	0.0	0.0	0.0
202501	007090200	19	培土費用*	0.0	0.0	0.0	0.0	0.0	0.0
202501	007090200	20	農薬衛生費*	0.0	0.0	0.0	0.0	0.0	0.0
202501	007090200	21	農具費*	0.0	0.0	0.0	0.0	0.0	0.0
202501	007090200	22	諸材料費*	0.0	0.0	0.0	0.0	0.0	0.0
202501	007090200	23	その他仕入高*	0.0	0.0	0.0	0.0	0.0	0.0
202501	007090200	24	減価償却費*	0.0	0.0	0.0	0.0	0.0	0.0
202501	007090200	25	車両費*	0.0	0.0	0.0	0.0	0.0	0.0
202501	007090200	26	水道光熱費*	0.0	0.0	0.0	0.0	0.0	0.0
202501	007090200	27	動力費*	0.0	0.0	0.0	0.0	0.0	0.0
202501	007090200	28	燃料費*	0.0	0.0	0.0	0.0	0.0	0.0
202501	007090200	29	賃借料*	0.0	0.0	0.0	0.0	0.0	0.0
202501	007090200	30	修繕費*	0.0	0.0	0.0	0.0	0.0	0.0
202501	007090200	31	診断料*	0.0	0.0	0.0	0.0	0.0	0.0
202501	007090200	32	租税公課*	0.0	0.0	0.0	0.0	0.0	0.0
202501	007090200	33	業務委託費*	0.0	0.0	0.0	0.0	0.0	0.0
202501	007090200	34	雑費*	0.0	0.0	0.0	0.0	0.0	0.0
202501	007090200	35	雑給*	0.0	0.0	0.0	0.0	0.0	0.0
202501	007090200	36	経費合計（販管費）	-1282158.0	-1319875.0	-1319731.0	0.0	0.0	0.0
202501	007090200	37	減価償却費	0.0	0.0	0.0	0.0	0.0	0.0
202501	007090200	38	車両費	0.0	0.0	0.0	0.0	0.0	0.0
202501	007090200	39	旅費交通費	0.0	0.0	0.0	0.0	0.0	0.0
202501	007090200	40	通信費	0.0	0.0	0.0	0.0	0.0	0.0
202501	007090200	41	水道光熱費	0.0	0.0	0.0	0.0	0.0	0.0
202501	007090200	42	事務用品費	0.0	0.0	0.0	0.0	0.0	0.0
202501	007090200	43	消耗品費	0.0	0.0	0.0	0.0	0.0	0.0
202501	007090200	44	廃棄物処理料	0.0	0.0	0.0	0.0	0.0	0.0
202501	007090200	45	広告宣伝費	0.0	0.0	0.0	0.0	0.0	0.0
202501	007090200	46	接待交際費	0.0	0.0	0.0	0.0	0.0	0.0
202501	007090200	47	賃借料	0.0	0.0	0.0	0.0	0.0	0.0
202501	007090200	48	賃貸料収入	0.0	0.0	0.0	0.0	0.0	0.0
202501	007090200	49	修繕費	0.0	0.0	0.0	0.0	0.0	0.0
202501	007090200	50	支払リース料	0.0	0.0	0.0	0.0	0.0	0.0
202501	007090200	51	保険料	0.0	0.0	0.0	0.0	0.0	0.0
202501	007090200	52	支払報酬	0.0	0.0	0.0	0.0	0.0	0.0
202501	007090200	53	支払手数料	0.0	0.0	0.0	0.0	0.0	0.0
202501	007090200	54	診断料	0.0	0.0	0.0	0.0	0.0	0.0
202501	007090200	55	諸会費	0.0	0.0	0.0	0.0	0.0	0.0
202501	007090200	56	会議費	0.0	0.0	0.0	0.0	0.0	0.0
202501	007090200	57	寄付金	0.0	0.0	0.0	0.0	0.0	0.0
202501	007090200	58	租税公課	0.0	0.0	0.0	0.0	0.0	0.0
202501	007090200	59	業務委託費	0.0	0.0	0.0	0.0	0.0	0.0
202501	007090200	60	業務受託収入	0.0	0.0	0.0	0.0	0.0	0.0
202501	007090200	61	情報機器利用料	0.0	0.0	0.0	0.0	0.0	0.0
202501	007090200	62	貸倒金	0.0	0.0	0.0	0.0	0.0	0.0
202501	007090200	63	雑費	0.0	0.0	0.0	0.0	0.0	0.0
202501	007090200	64	福利消耗品費	0.0	0.0	0.0	0.0	0.0	0.0
202501	007090200	65	教育研修費	0.0	0.0	0.0	0.0	0.0	0.0
202501	007090200	66	廃棄損	0.0	0.0	0.0	0.0	0.0	0.0
202501	007090200	67	雑給	0.0	0.0	0.0	0.0	0.0	0.0
202501	007090200	68	社内金利（固定資産）	-1282158.0	-1319875.0	-1319731.0	0.0	0.0	0.0
202501	007090200	69	社内金利（売掛金）	0.0	0.0	0.0	0.0	0.0	0.0
202501	007090200	70	グループ共通	0.0	0.0	0.0	0.0	0.0	0.0
202501	007090200	71	差引収益	1282158.0	1319875.0	1319731.0	0.0	99.9	102.9
202501	007090200	72	差引比率	0.0	0.0	0.0		0.0	0.0
202501	007090200	73	総時間	51.25	51.25	51.25		100.0	100.0
202501	007090200	74	定時間	0.0	0.0	0.0		0.0	0.0
202501	007090200	75	残業時間	0.0	0.0	0.0		0.0	0.0
202501	007090200	76	移動時間	51.25	51.25	51.25		100.0	100.0
202501	007090200	77	当月時間当り	25017.7	25753.6	25750.8		99.9	102.9
202501	007090200	78	人員	0.0	0.0	0.0		0.0	0.0
202502	007090200	1	総受注高	0.0	0.0	0.0		0.0	0.0
202502	007090200	2	総売上高	0.0	0.0	0.0		0.0	0.0
202502	007090200	3	売上高	0.0	0.0	0.0	0.0	0.0	0.0
202502	007090200	4	グループ売上高	0.0	0.0	0.0	0.0	0.0	0.0
202502	007090200	5	社内売上高	0.0	0.0	0.0	0.0	0.0	0.0
202502	007090200	7	販売奨励金	0.0	0.0	0.0	0.0	0.0	0.0
202502	007090200	8	売上原価	0.0	0.0	0.0	0.0	0.0	0.0
202502	007090200	9	仕入高	0.0	0.0	0.0	0.0	0.0	0.0
202502	007090200	10	グループ仕入高	0.0	0.0	0.0	0.0	0.0	0.0
202502	007090200	11	社内仕入高	0.0	0.0	0.0	0.0	0.0	0.0
202502	007090200	12	荷造運搬費	0.0	0.0	0.0	0.0	0.0	0.0
202502	007090200	13	販売手数料	0.0	0.0	0.0	0.0	0.0	0.0
202502	007090200	14	総収益	0.0	0.0	0.0	0.0	0.0	0.0
202502	007090200	15	経費合計	-1268116.0	-1305143.0	-1306122.0	0.0	0.0	0.0
202502	007090200	16	経費合計（原価）	0.0	0.0	0.0	0.0	0.0	0.0
202502	007090200	17	種苗費*	0.0	0.0	0.0	0.0	0.0	0.0
202502	007090200	18	肥料費*	0.0	0.0	0.0	0.0	0.0	0.0
202502	007090200	19	培土費用*	0.0	0.0	0.0	0.0	0.0	0.0
202502	007090200	20	農薬衛生費*	0.0	0.0	0.0	0.0	0.0	0.0
202502	007090200	21	農具費*	0.0	0.0	0.0	0.0	0.0	0.0
202502	007090200	22	諸材料費*	0.0	0.0	0.0	0.0	0.0	0.0
202502	007090200	23	その他仕入高*	0.0	0.0	0.0	0.0	0.0	0.0
202502	007090200	24	減価償却費*	0.0	0.0	0.0	0.0	0.0	0.0
202502	007090200	25	車両費*	0.0	0.0	0.0	0.0	0.0	0.0
202502	007090200	26	水道光熱費*	0.0	0.0	0.0	0.0	0.0	0.0
202502	007090200	27	動力費*	0.0	0.0	0.0	0.0	0.0	0.0
202502	007090200	28	燃料費*	0.0	0.0	0.0	0.0	0.0	0.0
202502	007090200	29	賃借料*	0.0	0.0	0.0	0.0	0.0	0.0
202502	007090200	30	修繕費*	0.0	0.0	0.0	0.0	0.0	0.0
202502	007090200	31	診断料*	0.0	0.0	0.0	0.0	0.0	0.0
202502	007090200	32	租税公課*	0.0	0.0	0.0	0.0	0.0	0.0
202502	007090200	33	業務委託費*	0.0	0.0	0.0	0.0	0.0	0.0
202502	007090200	34	雑費*	0.0	0.0	0.0	0.0	0.0	0.0
202502	007090200	35	雑給*	0.0	0.0	0.0	0.0	0.0	0.0
202502	007090200	36	経費合計（販管費）	-1268116.0	-1305143.0	-1306122.0	0.0	0.0	0.0
202502	007090200	37	減価償却費	0.0	0.0	0.0	0.0	0.0	0.0
202502	007090200	38	車両費	0.0	0.0	0.0	0.0	0.0	0.0
202502	007090200	39	旅費交通費	0.0	0.0	0.0	0.0	0.0	0.0
202502	007090200	40	通信費	0.0	0.0	0.0	0.0	0.0	0.0
202502	007090200	41	水道光熱費	0.0	0.0	0.0	0.0	0.0	0.0
202502	007090200	42	事務用品費	0.0	0.0	0.0	0.0	0.0	0.0
202502	007090200	43	消耗品費	0.0	0.0	0.0	0.0	0.0	0.0
202502	007090200	44	廃棄物処理料	0.0	0.0	0.0	0.0	0.0	0.0
202502	007090200	45	広告宣伝費	0.0	0.0	0.0	0.0	0.0	0.0
202502	007090200	46	接待交際費	0.0	0.0	0.0	0.0	0.0	0.0
202502	007090200	47	賃借料	0.0	0.0	0.0	0.0	0.0	0.0
202502	007090200	48	賃貸料収入	0.0	0.0	0.0	0.0	0.0	0.0
202502	007090200	49	修繕費	0.0	0.0	0.0	0.0	0.0	0.0
202502	007090200	50	支払リース料	0.0	0.0	0.0	0.0	0.0	0.0
202502	007090200	51	保険料	0.0	0.0	0.0	0.0	0.0	0.0
202502	007090200	52	支払報酬	0.0	0.0	0.0	0.0	0.0	0.0
202502	007090200	53	支払手数料	0.0	0.0	0.0	0.0	0.0	0.0
202502	007090200	54	診断料	0.0	0.0	0.0	0.0	0.0	0.0
202502	007090200	55	諸会費	0.0	0.0	0.0	0.0	0.0	0.0
202502	007090200	56	会議費	0.0	0.0	0.0	0.0	0.0	0.0
202502	007090200	57	寄付金	0.0	0.0	0.0	0.0	0.0	0.0
202502	007090200	58	租税公課	0.0	0.0	0.0	0.0	0.0	0.0
202502	007090200	59	業務委託費	0.0	0.0	0.0	0.0	0.0	0.0
202502	007090200	60	業務受託収入	0.0	0.0	0.0	0.0	0.0	0.0
202502	007090200	61	情報機器利用料	0.0	0.0	0.0	0.0	0.0	0.0
202502	007090200	62	貸倒金	0.0	0.0	0.0	0.0	0.0	0.0
202502	007090200	63	雑費	0.0	0.0	0.0	0.0	0.0	0.0
202502	007090200	64	福利消耗品費	0.0	0.0	0.0	0.0	0.0	0.0
202502	007090200	65	教育研修費	0.0	0.0	0.0	0.0	0.0	0.0
202502	007090200	66	廃棄損	0.0	0.0	0.0	0.0	0.0	0.0
202502	007090200	67	雑給	0.0	0.0	0.0	0.0	0.0	0.0
202502	007090200	68	社内金利（固定資産）	-1268116.0	-1305143.0	-1306122.0	0.0	0.0	0.0
202502	007090200	69	社内金利（売掛金）	0.0	0.0	0.0	0.0	0.0	0.0
202502	007090200	70	グループ共通	0.0	0.0	0.0	0.0	0.0	0.0
202502	007090200	71	差引収益	1268116.0	1305143.0	1306122.0	0.0	100.0	102.9
202502	007090200	72	差引比率	0.0	0.0	0.0		0.0	0.0
202502	007090200	73	総時間	50.5	50.5	50.5		100.0	100.0
202502	007090200	74	定時間	0.0	0.0	0.0		0.0	0.0
202502	007090200	75	残業時間	0.0	0.0	0.0		0.0	0.0
202502	007090200	76	移動時間	50.5	50.5	50.5		100.0	100.0
202502	007090200	77	当月時間当り	25111.2	25844.4	25863.8		100.0	102.9
202502	007090200	78	人員	0.0	0.0	0.0		0.0	0.0
202503	007090200	1	総受注高	0.0	0.0	0.0		0.0	0.0
202503	007090200	2	総売上高	0.0	0.0	0.0		0.0	0.0
202503	007090200	3	売上高	0.0	0.0	0.0	0.0	0.0	0.0
202503	007090200	4	グループ売上高	0.0	0.0	0.0	0.0	0.0	0.0
202503	007090200	5	社内売上高	0.0	0.0	0.0	0.0	0.0	0.0
202503	007090200	7	販売奨励金	0.0	0.0	0.0	0.0	0.0	0.0
202503	007090200	8	売上原価	0.0	0.0	0.0	0.0	0.0	0.0
202503	007090200	9	仕入高	0.0	0.0	0.0	0.0	0.0	0.0
202503	007090200	10	グループ仕入高	0.0	0.0	0.0	0.0	0.0	0.0
202503	007090200	11	社内仕入高	0.0	0.0	0.0	0.0	0.0	0.0
202503	007090200	12	荷造運搬費	0.0	0.0	0.0	0.0	0.0	0.0
202503	007090200	13	販売手数料	0.0	0.0	0.0	0.0	0.0	0.0
202503	007090200	14	総収益	0.0	0.0	0.0	0.0	0.0	0.0
202503	007090200	15	経費合計	-1295953.0	-1332291.0	-1304062.0	0.0	0.0	0.0
202503	007090200	16	経費合計（原価）	0.0	0.0	0.0	0.0	0.0	0.0
202503	007090200	17	種苗費*	0.0	0.0	0.0	0.0	0.0	0.0
202503	007090200	18	肥料費*	0.0	0.0	0.0	0.0	0.0	0.0
202503	007090200	19	培土費用*	0.0	0.0	0.0	0.0	0.0	0.0
202503	007090200	20	農薬衛生費*	0.0	0.0	0.0	0.0	0.0	0.0
202503	007090200	21	農具費*	0.0	0.0	0.0	0.0	0.0	0.0
202503	007090200	22	諸材料費*	0.0	0.0	0.0	0.0	0.0	0.0
202503	007090200	23	その他仕入高*	0.0	0.0	0.0	0.0	0.0	0.0
202503	007090200	24	減価償却費*	0.0	0.0	0.0	0.0	0.0	0.0
202503	007090200	25	車両費*	0.0	0.0	0.0	0.0	0.0	0.0
202503	007090200	26	水道光熱費*	0.0	0.0	0.0	0.0	0.0	0.0
202503	007090200	27	動力費*	0.0	0.0	0.0	0.0	0.0	0.0
202503	007090200	28	燃料費*	0.0	0.0	0.0	0.0	0.0	0.0
202503	007090200	29	賃借料*	0.0	0.0	0.0	0.0	0.0	0.0
202503	007090200	30	修繕費*	0.0	0.0	0.0	0.0	0.0	0.0
202503	007090200	31	診断料*	0.0	0.0	0.0	0.0	0.0	0.0
202503	007090200	32	租税公課*	0.0	0.0	0.0	0.0	0.0	0.0
202503	007090200	33	業務委託費*	0.0	0.0	0.0	0.0	0.0	0.0
202503	007090200	34	雑費*	0.0	0.0	0.0	0.0	0.0	0.0
202503	007090200	35	雑給*	0.0	0.0	0.0	0.0	0.0	0.0
202503	007090200	36	経費合計（販管費）	-1295953.0	-1332291.0	-1304062.0	0.0	0.0	0.0
202503	007090200	37	減価償却費	0.0	0.0	0.0	0.0	0.0	0.0
202503	007090200	38	車両費	0.0	0.0	0.0	0.0	0.0	0.0
202503	007090200	39	旅費交通費	0.0	0.0	0.0	0.0	0.0	0.0
202503	007090200	40	通信費	0.0	0.0	0.0	0.0	0.0	0.0
202503	007090200	41	水道光熱費	0.0	0.0	0.0	0.0	0.0	0.0
202503	007090200	42	事務用品費	0.0	0.0	0.0	0.0	0.0	0.0
202503	007090200	43	消耗品費	0.0	0.0	0.0	0.0	0.0	0.0
202503	007090200	44	廃棄物処理料	0.0	0.0	0.0	0.0	0.0	0.0
202503	007090200	45	広告宣伝費	0.0	0.0	0.0	0.0	0.0	0.0
202503	007090200	46	接待交際費	0.0	0.0	0.0	0.0	0.0	0.0
202503	007090200	47	賃借料	0.0	0.0	0.0	0.0	0.0	0.0
202503	007090200	48	賃貸料収入	0.0	0.0	0.0	0.0	0.0	0.0
202503	007090200	49	修繕費	0.0	0.0	0.0	0.0	0.0	0.0
202503	007090200	50	支払リース料	0.0	0.0	0.0	0.0	0.0	0.0
202503	007090200	51	保険料	0.0	0.0	0.0	0.0	0.0	0.0
202503	007090200	52	支払報酬	0.0	0.0	0.0	0.0	0.0	0.0
202503	007090200	53	支払手数料	0.0	0.0	0.0	0.0	0.0	0.0
202503	007090200	54	診断料	0.0	0.0	0.0	0.0	0.0	0.0
202503	007090200	55	諸会費	0.0	0.0	0.0	0.0	0.0	0.0
202503	007090200	56	会議費	0.0	0.0	0.0	0.0	0.0	0.0
202503	007090200	57	寄付金	0.0	0.0	0.0	0.0	0.0	0.0
202503	007090200	58	租税公課	0.0	0.0	0.0	0.0	0.0	0.0
202503	007090200	59	業務委託費	0.0	0.0	0.0	0.0	0.0	0.0
202503	007090200	60	業務受託収入	0.0	0.0	0.0	0.0	0.0	0.0
202503	007090200	61	情報機器利用料	0.0	0.0	0.0	0.0	0.0	0.0
202503	007090200	62	貸倒金	0.0	0.0	0.0	0.0	0.0	0.0
202503	007090200	63	雑費	0.0	0.0	0.0	0.0	0.0	0.0
202503	007090200	64	福利消耗品費	0.0	0.0	0.0	0.0	0.0	0.0
202503	007090200	65	教育研修費	0.0	0.0	0.0	0.0	0.0	0.0
202503	007090200	66	廃棄損	0.0	0.0	0.0	0.0	0.0	0.0
202503	007090200	67	雑給	0.0	0.0	0.0	0.0	0.0	0.0
202503	007090200	68	社内金利（固定資産）	-1295953.0	-1332291.0	-1304062.0	0.0	0.0	0.0
202503	007090200	69	社内金利（売掛金）	0.0	0.0	0.0	0.0	0.0	0.0
202503	007090200	70	グループ共通	0.0	0.0	0.0	0.0	0.0	0.0
202503	007090200	71	差引収益	1295953.0	1332291.0	1304062.0	0.0	97.8	100.6
202503	007090200	72	差引比率	0.0	0.0	0.0		0.0	0.0
202503	007090200	73	総時間	52.0	52.0	52.0		100.0	100.0
202503	007090200	74	定時間	0.0	0.0	0.0		0.0	0.0
202503	007090200	75	残業時間	0.0	0.0	0.0		0.0	0.0
202503	007090200	76	移動時間	52.0	52.0	52.0		100.0	100.0
202503	007090200	77	当月時間当り	24922.1	25620.9	25078.1		97.8	100.6
202503	007090200	78	人員	0.0	0.0	0.0		0.0	0.0
202504	007090200	1	総受注高	0.0	0.0	0.0		0.0	0.0
202504	007090200	2	総売上高	0.0	0.0	0.0		0.0	0.0
202504	007090200	3	売上高	0.0	0.0	0.0	0.0	0.0	0.0
202504	007090200	4	グループ売上高	0.0	0.0	0.0	0.0	0.0	0.0
202504	007090200	5	社内売上高	0.0	0.0	0.0	0.0	0.0	0.0
202504	007090200	7	販売奨励金	0.0	0.0	0.0	0.0	0.0	0.0
202504	007090200	8	売上原価	0.0	0.0	0.0	0.0	0.0	0.0
202504	007090200	9	仕入高	0.0	0.0	0.0	0.0	0.0	0.0
202504	007090200	10	グループ仕入高	0.0	0.0	0.0	0.0	0.0	0.0
202504	007090200	11	社内仕入高	0.0	0.0	0.0	0.0	0.0	0.0
202504	007090200	12	荷造運搬費	0.0	0.0	0.0	0.0	0.0	0.0
202504	007090200	13	販売手数料	0.0	0.0	0.0	0.0	0.0	0.0
202504	007090200	14	総収益	0.0	0.0	0.0	0.0	0.0	0.0
202504	007090200	15	経費合計	-1294218.0	-1294218.0	-1294339.0	0.0	0.0	0.0
202504	007090200	16	経費合計（原価）	0.0	0.0	0.0	0.0	0.0	0.0
202504	007090200	17	種苗費*	0.0	0.0	0.0	0.0	0.0	0.0
202504	007090200	18	肥料費*	0.0	0.0	0.0	0.0	0.0	0.0
202504	007090200	19	培土費用*	0.0	0.0	0.0	0.0	0.0	0.0
202504	007090200	20	農薬衛生費*	0.0	0.0	0.0	0.0	0.0	0.0
202504	007090200	21	農具費*	0.0	0.0	0.0	0.0	0.0	0.0
202504	007090200	22	諸材料費*	0.0	0.0	0.0	0.0	0.0	0.0
202504	007090200	23	その他仕入高*	0.0	0.0	0.0	0.0	0.0	0.0
202504	007090200	24	減価償却費*	0.0	0.0	0.0	0.0	0.0	0.0
202504	007090200	25	車両費*	0.0	0.0	0.0	0.0	0.0	0.0
202504	007090200	26	水道光熱費*	0.0	0.0	0.0	0.0	0.0	0.0
202504	007090200	27	動力費*	0.0	0.0	0.0	0.0	0.0	0.0
202504	007090200	28	燃料費*	0.0	0.0	0.0	0.0	0.0	0.0
202504	007090200	29	賃借料*	0.0	0.0	0.0	0.0	0.0	0.0
202504	007090200	30	修繕費*	0.0	0.0	0.0	0.0	0.0	0.0
202504	007090200	31	診断料*	0.0	0.0	0.0	0.0	0.0	0.0
202504	007090200	32	租税公課*	0.0	0.0	0.0	0.0	0.0	0.0
202504	007090200	33	業務委託費*	0.0	0.0	0.0	0.0	0.0	0.0
202504	007090200	34	雑費*	0.0	0.0	0.0	0.0	0.0	0.0
202504	007090200	35	雑給*	0.0	0.0	0.0	0.0	0.0	0.0
202504	007090200	36	経費合計（販管費）	-1294218.0	-1294218.0	-1294339.0	0.0	0.0	0.0
202504	007090200	37	減価償却費	0.0	0.0	0.0	0.0	0.0	0.0
202504	007090200	38	車両費	0.0	0.0	0.0	0.0	0.0	0.0
202504	007090200	39	旅費交通費	0.0	0.0	0.0	0.0	0.0	0.0
202504	007090200	40	通信費	0.0	0.0	0.0	0.0	0.0	0.0
202504	007090200	41	水道光熱費	0.0	0.0	0.0	0.0	0.0	0.0
202504	007090200	42	事務用品費	0.0	0.0	0.0	0.0	0.0	0.0
202504	007090200	43	消耗品費	0.0	0.0	0.0	0.0	0.0	0.0
202504	007090200	44	廃棄物処理料	0.0	0.0	0.0	0.0	0.0	0.0
202504	007090200	45	広告宣伝費	0.0	0.0	0.0	0.0	0.0	0.0
202504	007090200	46	接待交際費	0.0	0.0	0.0	0.0	0.0	0.0
202504	007090200	47	賃借料	0.0	0.0	0.0	0.0	0.0	0.0
202504	007090200	48	賃貸料収入	0.0	0.0	0.0	0.0	0.0	0.0
202504	007090200	49	修繕費	0.0	0.0	0.0	0.0	0.0	0.0
202504	007090200	50	支払リース料	0.0	0.0	0.0	0.0	0.0	0.0
202504	007090200	51	保険料	0.0	0.0	0.0	0.0	0.0	0.0
202504	007090200	52	支払報酬	0.0	0.0	0.0	0.0	0.0	0.0
202504	007090200	53	支払手数料	0.0	0.0	0.0	0.0	0.0	0.0
202504	007090200	54	診断料	0.0	0.0	0.0	0.0	0.0	0.0
202504	007090200	55	諸会費	0.0	0.0	0.0	0.0	0.0	0.0
202504	007090200	56	会議費	0.0	0.0	0.0	0.0	0.0	0.0
202504	007090200	57	寄付金	0.0	0.0	0.0	0.0	0.0	0.0
202504	007090200	58	租税公課	0.0	0.0	0.0	0.0	0.0	0.0
202504	007090200	59	業務委託費	0.0	0.0	0.0	0.0	0.0	0.0
202504	007090200	60	業務受託収入	0.0	0.0	0.0	0.0	0.0	0.0
202504	007090200	61	情報機器利用料	0.0	0.0	0.0	0.0	0.0	0.0
202504	007090200	62	貸倒金	0.0	0.0	0.0	0.0	0.0	0.0
202504	007090200	63	雑費	0.0	0.0	0.0	0.0	0.0	0.0
202504	007090200	64	福利消耗品費	0.0	0.0	0.0	0.0	0.0	0.0
202504	007090200	65	教育研修費	0.0	0.0	0.0	0.0	0.0	0.0
202504	007090200	66	廃棄損	0.0	0.0	0.0	0.0	0.0	0.0
202504	007090200	67	雑給	0.0	0.0	0.0	0.0	0.0	0.0
202504	007090200	68	社内金利（固定資産）	-1294218.0	-1294218.0	-1294339.0	0.0	0.0	0.0
202504	007090200	69	社内金利（売掛金）	0.0	0.0	0.0	0.0	0.0	0.0
202504	007090200	70	グループ共通	0.0	0.0	0.0	0.0	0.0	0.0
202504	007090200	71	差引収益	1294218.0	1294218.0	1294339.0	0.0	100.0	100.0
202504	007090200	72	差引比率	0.0	0.0	0.0		0.0	0.0
202504	007090200	73	総時間	43.0	43.0	43.0		100.0	100.0
202504	007090200	74	定時間	0.0	0.0	0.0		0.0	0.0
202504	007090200	75	残業時間	0.0	0.0	0.0		0.0	0.0
202504	007090200	76	移動時間	43.0	43.0	43.0		100.0	100.0
202504	007090200	77	当月時間当り	30098.0	30098.0	30100.9		100.0	100.0
202504	007090200	78	人員	0.0	0.0	0.0		0.0	0.0
202505	007090200	1	総受注高	0.0	0.0	0.0		0.0	0.0
202505	007090200	2	総売上高	0.0	0.0	0.0		0.0	0.0
202505	007090200	3	売上高	0.0	0.0	0.0	0.0	0.0	0.0
202505	007090200	4	グループ売上高	0.0	0.0	0.0	0.0	0.0	0.0
202505	007090200	5	社内売上高	0.0	0.0	0.0	0.0	0.0	0.0
202505	007090200	7	販売奨励金	0.0	0.0	0.0	0.0	0.0	0.0
202505	007090200	8	売上原価	0.0	0.0	0.0	0.0	0.0	0.0
202505	007090200	9	仕入高	0.0	0.0	0.0	0.0	0.0	0.0
202505	007090200	10	グループ仕入高	0.0	0.0	0.0	0.0	0.0	0.0
202505	007090200	11	社内仕入高	0.0	0.0	0.0	0.0	0.0	0.0
202505	007090200	12	荷造運搬費	0.0	0.0	0.0	0.0	0.0	0.0
202505	007090200	13	販売手数料	0.0	0.0	0.0	0.0	0.0	0.0
202505	007090200	14	総収益	0.0	0.0	0.0	0.0	0.0	0.0
202505	007090200	15	経費合計	-1279491.0	-1279491.0	-1279620.0	0.0	0.0	0.0
202505	007090200	16	経費合計（原価）	0.0	0.0	0.0	0.0	0.0	0.0
202505	007090200	17	種苗費*	0.0	0.0	0.0	0.0	0.0	0.0
202505	007090200	18	肥料費*	0.0	0.0	0.0	0.0	0.0	0.0
202505	007090200	19	培土費用*	0.0	0.0	0.0	0.0	0.0	0.0
202505	007090200	20	農薬衛生費*	0.0	0.0	0.0	0.0	0.0	0.0
202505	007090200	21	農具費*	0.0	0.0	0.0	0.0	0.0	0.0
202505	007090200	22	諸材料費*	0.0	0.0	0.0	0.0	0.0	0.0
202505	007090200	23	その他仕入高*	0.0	0.0	0.0	0.0	0.0	0.0
202505	007090200	24	減価償却費*	0.0	0.0	0.0	0.0	0.0	0.0
202505	007090200	25	車両費*	0.0	0.0	0.0	0.0	0.0	0.0
202505	007090200	26	水道光熱費*	0.0	0.0	0.0	0.0	0.0	0.0
202505	007090200	27	動力費*	0.0	0.0	0.0	0.0	0.0	0.0
202505	007090200	28	燃料費*	0.0	0.0	0.0	0.0	0.0	0.0
202505	007090200	29	賃借料*	0.0	0.0	0.0	0.0	0.0	0.0
202505	007090200	30	修繕費*	0.0	0.0	0.0	0.0	0.0	0.0
202505	007090200	31	診断料*	0.0	0.0	0.0	0.0	0.0	0.0
202505	007090200	32	租税公課*	0.0	0.0	0.0	0.0	0.0	0.0
202505	007090200	33	業務委託費*	0.0	0.0	0.0	0.0	0.0	0.0
202505	007090200	34	雑費*	0.0	0.0	0.0	0.0	0.0	0.0
202505	007090200	35	雑給*	0.0	0.0	0.0	0.0	0.0	0.0
202505	007090200	36	経費合計（販管費）	-1279491.0	-1279491.0	-1279620.0	0.0	0.0	0.0
202505	007090200	37	減価償却費	0.0	0.0	0.0	0.0	0.0	0.0
202505	007090200	38	車両費	0.0	0.0	0.0	0.0	0.0	0.0
202505	007090200	39	旅費交通費	0.0	0.0	0.0	0.0	0.0	0.0
202505	007090200	40	通信費	0.0	0.0	0.0	0.0	0.0	0.0
202505	007090200	41	水道光熱費	0.0	0.0	0.0	0.0	0.0	0.0
202505	007090200	42	事務用品費	0.0	0.0	0.0	0.0	0.0	0.0
202505	007090200	43	消耗品費	0.0	0.0	0.0	0.0	0.0	0.0
202505	007090200	44	廃棄物処理料	0.0	0.0	0.0	0.0	0.0	0.0
202505	007090200	45	広告宣伝費	0.0	0.0	0.0	0.0	0.0	0.0
202505	007090200	46	接待交際費	0.0	0.0	0.0	0.0	0.0	0.0
202505	007090200	47	賃借料	0.0	0.0	0.0	0.0	0.0	0.0
202505	007090200	48	賃貸料収入	0.0	0.0	0.0	0.0	0.0	0.0
202505	007090200	49	修繕費	0.0	0.0	0.0	0.0	0.0	0.0
202505	007090200	50	支払リース料	0.0	0.0	0.0	0.0	0.0	0.0
202505	007090200	51	保険料	0.0	0.0	0.0	0.0	0.0	0.0
202505	007090200	52	支払報酬	0.0	0.0	0.0	0.0	0.0	0.0
202505	007090200	53	支払手数料	0.0	0.0	0.0	0.0	0.0	0.0
202505	007090200	54	診断料	0.0	0.0	0.0	0.0	0.0	0.0
202505	007090200	55	諸会費	0.0	0.0	0.0	0.0	0.0	0.0
202505	007090200	56	会議費	0.0	0.0	0.0	0.0	0.0	0.0
202505	007090200	57	寄付金	0.0	0.0	0.0	0.0	0.0	0.0
202505	007090200	58	租税公課	0.0	0.0	0.0	0.0	0.0	0.0
202505	007090200	59	業務委託費	0.0	0.0	0.0	0.0	0.0	0.0
202505	007090200	60	業務受託収入	0.0	0.0	0.0	0.0	0.0	0.0
202505	007090200	61	情報機器利用料	0.0	0.0	0.0	0.0	0.0	0.0
202505	007090200	62	貸倒金	0.0	0.0	0.0	0.0	0.0	0.0
202505	007090200	63	雑費	0.0	0.0	0.0	0.0	0.0	0.0
202505	007090200	64	福利消耗品費	0.0	0.0	0.0	0.0	0.0	0.0
202505	007090200	65	教育研修費	0.0	0.0	0.0	0.0	0.0	0.0
202505	007090200	66	廃棄損	0.0	0.0	0.0	0.0	0.0	0.0
202505	007090200	67	雑給	0.0	0.0	0.0	0.0	0.0	0.0
202505	007090200	68	社内金利（固定資産）	-1279491.0	-1279491.0	-1279620.0	0.0	0.0	0.0
202505	007090200	69	社内金利（売掛金）	0.0	0.0	0.0	0.0	0.0	0.0
202505	007090200	70	グループ共通	0.0	0.0	0.0	0.0	0.0	0.0
202505	007090200	71	差引収益	1279491.0	1279491.0	1279620.0	0.0	100.0	100.0
202505	007090200	72	差引比率	0.0	0.0	0.0		0.0	0.0
202505	007090200	73	総時間	42.25	42.25	42.25		100.0	100.0
202505	007090200	74	定時間	0.0	0.0	0.0		0.0	0.0
202505	007090200	75	残業時間	0.0	0.0	0.0		0.0	0.0
202505	007090200	76	移動時間	42.25	42.25	42.25		100.0	100.0
202505	007090200	77	当月時間当り	30283.8	30283.8	30286.8		100.0	100.0
202505	007090200	78	人員	0.0	0.0	0.0		0.0	0.0
202506	007090200	1	総受注高	0.0	0.0	0.0		0.0	0.0
202506	007090200	2	総売上高	0.0	0.0	0.0		0.0	0.0
202506	007090200	3	売上高	0.0	0.0	0.0	0.0	0.0	0.0
202506	007090200	4	グループ売上高	0.0	0.0	0.0	0.0	0.0	0.0
202506	007090200	5	社内売上高	0.0	0.0	0.0	0.0	0.0	0.0
202506	007090200	7	販売奨励金	0.0	0.0	0.0	0.0	0.0	0.0
202506	007090200	8	売上原価	0.0	0.0	0.0	0.0	0.0	0.0
202506	007090200	9	仕入高	0.0	0.0	0.0	0.0	0.0	0.0
202506	007090200	10	グループ仕入高	0.0	0.0	0.0	0.0	0.0	0.0
202506	007090200	11	社内仕入高	0.0	0.0	0.0	0.0	0.0	0.0
202506	007090200	12	荷造運搬費	0.0	0.0	0.0	0.0	0.0	0.0
202506	007090200	13	販売手数料	0.0	0.0	0.0	0.0	0.0	0.0
202506	007090200	14	総収益	0.0	0.0	0.0	0.0	0.0	0.0
202506	007090200	15	経費合計	-1264765.0	-1264765.0	-1264900.0	0.0	0.0	0.0
202506	007090200	16	経費合計（原価）	0.0	0.0	0.0	0.0	0.0	0.0
202506	007090200	17	種苗費*	0.0	0.0	0.0	0.0	0.0	0.0
202506	007090200	18	肥料費*	0.0	0.0	0.0	0.0	0.0	0.0
202506	007090200	19	培土費用*	0.0	0.0	0.0	0.0	0.0	0.0
202506	007090200	20	農薬衛生費*	0.0	0.0	0.0	0.0	0.0	0.0
202506	007090200	21	農具費*	0.0	0.0	0.0	0.0	0.0	0.0
202506	007090200	22	諸材料費*	0.0	0.0	0.0	0.0	0.0	0.0
202506	007090200	23	その他仕入高*	0.0	0.0	0.0	0.0	0.0	0.0
202506	007090200	24	減価償却費*	0.0	0.0	0.0	0.0	0.0	0.0
202506	007090200	25	車両費*	0.0	0.0	0.0	0.0	0.0	0.0
202506	007090200	26	水道光熱費*	0.0	0.0	0.0	0.0	0.0	0.0
202506	007090200	27	動力費*	0.0	0.0	0.0	0.0	0.0	0.0
202506	007090200	28	燃料費*	0.0	0.0	0.0	0.0	0.0	0.0
202506	007090200	29	賃借料*	0.0	0.0	0.0	0.0	0.0	0.0
202506	007090200	30	修繕費*	0.0	0.0	0.0	0.0	0.0	0.0
202506	007090200	31	診断料*	0.0	0.0	0.0	0.0	0.0	0.0
202506	007090200	32	租税公課*	0.0	0.0	0.0	0.0	0.0	0.0
202506	007090200	33	業務委託費*	0.0	0.0	0.0	0.0	0.0	0.0
202506	007090200	34	雑費*	0.0	0.0	0.0	0.0	0.0	0.0
202506	007090200	35	雑給*	0.0	0.0	0.0	0.0	0.0	0.0
202506	007090200	36	経費合計（販管費）	-1264765.0	-1264765.0	-1264900.0	0.0	0.0	0.0
202506	007090200	37	減価償却費	0.0	0.0	0.0	0.0	0.0	0.0
202506	007090200	38	車両費	0.0	0.0	0.0	0.0	0.0	0.0
202506	007090200	39	旅費交通費	0.0	0.0	0.0	0.0	0.0	0.0
202506	007090200	40	通信費	0.0	0.0	0.0	0.0	0.0	0.0
202506	007090200	41	水道光熱費	0.0	0.0	0.0	0.0	0.0	0.0
202506	007090200	42	事務用品費	0.0	0.0	0.0	0.0	0.0	0.0
202506	007090200	43	消耗品費	0.0	0.0	0.0	0.0	0.0	0.0
202506	007090200	44	廃棄物処理料	0.0	0.0	0.0	0.0	0.0	0.0
202506	007090200	45	広告宣伝費	0.0	0.0	0.0	0.0	0.0	0.0
202506	007090200	46	接待交際費	0.0	0.0	0.0	0.0	0.0	0.0
202506	007090200	47	賃借料	0.0	0.0	0.0	0.0	0.0	0.0
202506	007090200	48	賃貸料収入	0.0	0.0	0.0	0.0	0.0	0.0
202506	007090200	49	修繕費	0.0	0.0	0.0	0.0	0.0	0.0
202506	007090200	50	支払リース料	0.0	0.0	0.0	0.0	0.0	0.0
202506	007090200	51	保険料	0.0	0.0	0.0	0.0	0.0	0.0
202506	007090200	52	支払報酬	0.0	0.0	0.0	0.0	0.0	0.0
202506	007090200	53	支払手数料	0.0	0.0	0.0	0.0	0.0	0.0
202506	007090200	54	診断料	0.0	0.0	0.0	0.0	0.0	0.0
202506	007090200	55	諸会費	0.0	0.0	0.0	0.0	0.0	0.0
202506	007090200	56	会議費	0.0	0.0	0.0	0.0	0.0	0.0
202506	007090200	57	寄付金	0.0	0.0	0.0	0.0	0.0	0.0
202506	007090200	58	租税公課	0.0	0.0	0.0	0.0	0.0	0.0
202506	007090200	59	業務委託費	0.0	0.0	0.0	0.0	0.0	0.0
202506	007090200	60	業務受託収入	0.0	0.0	0.0	0.0	0.0	0.0
202506	007090200	61	情報機器利用料	0.0	0.0	0.0	0.0	0.0	0.0
202506	007090200	62	貸倒金	0.0	0.0	0.0	0.0	0.0	0.0
202506	007090200	63	雑費	0.0	0.0	0.0	0.0	0.0	0.0
202506	007090200	64	福利消耗品費	0.0	0.0	0.0	0.0	0.0	0.0
202506	007090200	65	教育研修費	0.0	0.0	0.0	0.0	0.0	0.0
202506	007090200	66	廃棄損	0.0	0.0	0.0	0.0	0.0	0.0
202506	007090200	67	雑給	0.0	0.0	0.0	0.0	0.0	0.0
202506	007090200	68	社内金利（固定資産）	-1264765.0	-1264765.0	-1264900.0	0.0	0.0	0.0
202506	007090200	69	社内金利（売掛金）	0.0	0.0	0.0	0.0	0.0	0.0
202506	007090200	70	グループ共通	0.0	0.0	0.0	0.0	0.0	0.0
202506	007090200	71	差引収益	1264765.0	1264765.0	1264900.0	0.0	100.0	100.0
202506	007090200	72	差引比率	0.0	0.0	0.0		0.0	0.0
202506	007090200	73	総時間	42.25	42.25	42.25		100.0	100.0
202506	007090200	74	定時間	0.0	0.0	0.0		0.0	0.0
202506	007090200	75	残業時間	0.0	0.0	0.0		0.0	0.0
202506	007090200	76	移動時間	42.25	42.25	42.25		100.0	100.0
202506	007090200	77	当月時間当り	29935.2	29935.2	29938.4		100.0	100.0
202506	007090200	78	人員	0.0	0.0	0.0		0.0	0.0
202507	007090200	1	総受注高	0.0	0.0	0.0		0.0	0.0
202507	007090200	2	総売上高	0.0	0.0	0.0		0.0	0.0
202507	007090200	3	売上高	0.0	0.0	0.0	0.0	0.0	0.0
202507	007090200	4	グループ売上高	0.0	0.0	0.0	0.0	0.0	0.0
202507	007090200	5	社内売上高	0.0	0.0	0.0	0.0	0.0	0.0
202507	007090200	7	販売奨励金	0.0	0.0	0.0	0.0	0.0	0.0
202507	007090200	8	売上原価	0.0	0.0	0.0	0.0	0.0	0.0
202507	007090200	9	仕入高	0.0	0.0	0.0	0.0	0.0	0.0
202507	007090200	10	グループ仕入高	0.0	0.0	0.0	0.0	0.0	0.0
202507	007090200	11	社内仕入高	0.0	0.0	0.0	0.0	0.0	0.0
202507	007090200	12	荷造運搬費	0.0	0.0	0.0	0.0	0.0	0.0
202507	007090200	13	販売手数料	0.0	0.0	0.0	0.0	0.0	0.0
202507	007090200	14	総収益	0.0	0.0	0.0	0.0	0.0	0.0
202507	007090200	15	経費合計	-1250039.0	-1250039.0	-1252885.0	0.0	0.0	0.0
202507	007090200	16	経費合計（原価）	0.0	0.0	0.0	0.0	0.0	0.0
202507	007090200	17	種苗費*	0.0	0.0	0.0	0.0	0.0	0.0
202507	007090200	18	肥料費*	0.0	0.0	0.0	0.0	0.0	0.0
202507	007090200	19	培土費用*	0.0	0.0	0.0	0.0	0.0	0.0
202507	007090200	20	農薬衛生費*	0.0	0.0	0.0	0.0	0.0	0.0
202507	007090200	21	農具費*	0.0	0.0	0.0	0.0	0.0	0.0
202507	007090200	22	諸材料費*	0.0	0.0	0.0	0.0	0.0	0.0
202507	007090200	23	その他仕入高*	0.0	0.0	0.0	0.0	0.0	0.0
202507	007090200	24	減価償却費*	0.0	0.0	0.0	0.0	0.0	0.0
202507	007090200	25	車両費*	0.0	0.0	0.0	0.0	0.0	0.0
202507	007090200	26	水道光熱費*	0.0	0.0	0.0	0.0	0.0	0.0
202507	007090200	27	動力費*	0.0	0.0	0.0	0.0	0.0	0.0
202507	007090200	28	燃料費*	0.0	0.0	0.0	0.0	0.0	0.0
202507	007090200	29	賃借料*	0.0	0.0	0.0	0.0	0.0	0.0
202507	007090200	30	修繕費*	0.0	0.0	0.0	0.0	0.0	0.0
202507	007090200	31	診断料*	0.0	0.0	0.0	0.0	0.0	0.0
202507	007090200	32	租税公課*	0.0	0.0	0.0	0.0	0.0	0.0
202507	007090200	33	業務委託費*	0.0	0.0	0.0	0.0	0.0	0.0
202507	007090200	34	雑費*	0.0	0.0	0.0	0.0	0.0	0.0
202507	007090200	35	雑給*	0.0	0.0	0.0	0.0	0.0	0.0
202507	007090200	36	経費合計（販管費）	-1250039.0	-1250039.0	-1252885.0	0.0	0.0	0.0
202507	007090200	37	減価償却費	0.0	0.0	0.0	0.0	0.0	0.0
202507	007090200	38	車両費	0.0	0.0	0.0	0.0	0.0	0.0
202507	007090200	39	旅費交通費	0.0	0.0	0.0	0.0	0.0	0.0
202507	007090200	40	通信費	0.0	0.0	0.0	0.0	0.0	0.0
202507	007090200	41	水道光熱費	0.0	0.0	0.0	0.0	0.0	0.0
202507	007090200	42	事務用品費	0.0	0.0	0.0	0.0	0.0	0.0
202507	007090200	43	消耗品費	0.0	0.0	0.0	0.0	0.0	0.0
202507	007090200	44	廃棄物処理料	0.0	0.0	0.0	0.0	0.0	0.0
202507	007090200	45	広告宣伝費	0.0	0.0	0.0	0.0	0.0	0.0
202507	007090200	46	接待交際費	0.0	0.0	0.0	0.0	0.0	0.0
202507	007090200	47	賃借料	0.0	0.0	0.0	0.0	0.0	0.0
202507	007090200	48	賃貸料収入	0.0	0.0	0.0	0.0	0.0	0.0
202507	007090200	49	修繕費	0.0	0.0	0.0	0.0	0.0	0.0
202507	007090200	50	支払リース料	0.0	0.0	0.0	0.0	0.0	0.0
202507	007090200	51	保険料	0.0	0.0	0.0	0.0	0.0	0.0
202507	007090200	52	支払報酬	0.0	0.0	0.0	0.0	0.0	0.0
202507	007090200	53	支払手数料	0.0	0.0	0.0	0.0	0.0	0.0
202507	007090200	54	診断料	0.0	0.0	0.0	0.0	0.0	0.0
202507	007090200	55	諸会費	0.0	0.0	0.0	0.0	0.0	0.0
202507	007090200	56	会議費	0.0	0.0	0.0	0.0	0.0	0.0
202507	007090200	57	寄付金	0.0	0.0	0.0	0.0	0.0	0.0
202507	007090200	58	租税公課	0.0	0.0	0.0	0.0	0.0	0.0
202507	007090200	59	業務委託費	0.0	0.0	0.0	0.0	0.0	0.0
202507	007090200	60	業務受託収入	0.0	0.0	0.0	0.0	0.0	0.0
202507	007090200	61	情報機器利用料	0.0	0.0	0.0	0.0	0.0	0.0
202507	007090200	62	貸倒金	0.0	0.0	0.0	0.0	0.0	0.0
202507	007090200	63	雑費	0.0	0.0	0.0	0.0	0.0	0.0
202507	007090200	64	福利消耗品費	0.0	0.0	0.0	0.0	0.0	0.0
202507	007090200	65	教育研修費	0.0	0.0	0.0	0.0	0.0	0.0
202507	007090200	66	廃棄損	0.0	0.0	0.0	0.0	0.0	0.0
202507	007090200	67	雑給	0.0	0.0	0.0	0.0	0.0	0.0
202507	007090200	68	社内金利（固定資産）	-1250039.0	-1250039.0	-1252885.0	0.0	0.0	0.0
202507	007090200	69	社内金利（売掛金）	0.0	0.0	0.0	0.0	0.0	0.0
202507	007090200	70	グループ共通	0.0	0.0	0.0	0.0	0.0	0.0
202507	007090200	71	差引収益	1250039.0	1250039.0	1252885.0	0.0	100.2	100.2
202507	007090200	72	差引比率	0.0	0.0	0.0		0.0	0.0
202507	007090200	73	総時間	43.75	43.75	43.75		100.0	100.0
202507	007090200	74	定時間	0.0	0.0	0.0		0.0	0.0
202507	007090200	75	残業時間	0.0	0.0	0.0		0.0	0.0
202507	007090200	76	移動時間	43.75	43.75	43.75		100.0	100.0
202507	007090200	77	当月時間当り	28572.3	28572.3	28637.3		100.2	100.2
202507	007090200	78	人員	0.0	0.0	0.0		0.0	0.0
202508	007090200	1	総受注高	0.0	0.0	0.0		0.0	0.0
202508	007090200	2	総売上高	0.0	0.0	0.0		0.0	0.0
202508	007090200	3	売上高	0.0	0.0	0.0	0.0	0.0	0.0
202508	007090200	4	グループ売上高	0.0	0.0	0.0	0.0	0.0	0.0
202508	007090200	5	社内売上高	0.0	0.0	0.0	0.0	0.0	0.0
202508	007090200	7	販売奨励金	0.0	0.0	0.0	0.0	0.0	0.0
202508	007090200	8	売上原価	0.0	0.0	0.0	0.0	0.0	0.0
202508	007090200	9	仕入高	0.0	0.0	0.0	0.0	0.0	0.0
202508	007090200	10	グループ仕入高	0.0	0.0	0.0	0.0	0.0	0.0
202508	007090200	11	社内仕入高	0.0	0.0	0.0	0.0	0.0	0.0
202508	007090200	12	荷造運搬費	0.0	0.0	0.0	0.0	0.0	0.0
202508	007090200	13	販売手数料	0.0	0.0	0.0	0.0	0.0	0.0
202508	007090200	14	総収益	0.0	0.0	0.0	0.0	0.0	0.0
202508	007090200	15	経費合計	-1235312.0	-1238016.0	-1238119.0	0.0	0.0	0.0
202508	007090200	16	経費合計（原価）	0.0	0.0	0.0	0.0	0.0	0.0
202508	007090200	17	種苗費*	0.0	0.0	0.0	0.0	0.0	0.0
202508	007090200	18	肥料費*	0.0	0.0	0.0	0.0	0.0	0.0
202508	007090200	19	培土費用*	0.0	0.0	0.0	0.0	0.0	0.0
202508	007090200	20	農薬衛生費*	0.0	0.0	0.0	0.0	0.0	0.0
202508	007090200	21	農具費*	0.0	0.0	0.0	0.0	0.0	0.0
202508	007090200	22	諸材料費*	0.0	0.0	0.0	0.0	0.0	0.0
202508	007090200	23	その他仕入高*	0.0	0.0	0.0	0.0	0.0	0.0
202508	007090200	24	減価償却費*	0.0	0.0	0.0	0.0	0.0	0.0
202508	007090200	25	車両費*	0.0	0.0	0.0	0.0	0.0	0.0
202508	007090200	26	水道光熱費*	0.0	0.0	0.0	0.0	0.0	0.0
202508	007090200	27	動力費*	0.0	0.0	0.0	0.0	0.0	0.0
202508	007090200	28	燃料費*	0.0	0.0	0.0	0.0	0.0	0.0
202508	007090200	29	賃借料*	0.0	0.0	0.0	0.0	0.0	0.0
202508	007090200	30	修繕費*	0.0	0.0	0.0	0.0	0.0	0.0
202508	007090200	31	診断料*	0.0	0.0	0.0	0.0	0.0	0.0
202508	007090200	32	租税公課*	0.0	0.0	0.0	0.0	0.0	0.0
202508	007090200	33	業務委託費*	0.0	0.0	0.0	0.0	0.0	0.0
202508	007090200	34	雑費*	0.0	0.0	0.0	0.0	0.0	0.0
202508	007090200	35	雑給*	0.0	0.0	0.0	0.0	0.0	0.0
202508	007090200	36	経費合計（販管費）	-1235312.0	-1238016.0	-1238119.0	0.0	0.0	0.0
202508	007090200	37	減価償却費	0.0	0.0	0.0	0.0	0.0	0.0
202508	007090200	38	車両費	0.0	0.0	0.0	0.0	0.0	0.0
202508	007090200	39	旅費交通費	0.0	0.0	0.0	0.0	0.0	0.0
202508	007090200	40	通信費	0.0	0.0	0.0	0.0	0.0	0.0
202508	007090200	41	水道光熱費	0.0	0.0	0.0	0.0	0.0	0.0
202508	007090200	42	事務用品費	0.0	0.0	0.0	0.0	0.0	0.0
202508	007090200	43	消耗品費	0.0	0.0	0.0	0.0	0.0	0.0
202508	007090200	44	廃棄物処理料	0.0	0.0	0.0	0.0	0.0	0.0
202508	007090200	45	広告宣伝費	0.0	0.0	0.0	0.0	0.0	0.0
202508	007090200	46	接待交際費	0.0	0.0	0.0	0.0	0.0	0.0
202508	007090200	47	賃借料	0.0	0.0	0.0	0.0	0.0	0.0
202508	007090200	48	賃貸料収入	0.0	0.0	0.0	0.0	0.0	0.0
202508	007090200	49	修繕費	0.0	0.0	0.0	0.0	0.0	0.0
202508	007090200	50	支払リース料	0.0	0.0	0.0	0.0	0.0	0.0
202508	007090200	51	保険料	0.0	0.0	0.0	0.0	0.0	0.0
202508	007090200	52	支払報酬	0.0	0.0	0.0	0.0	0.0	0.0
202508	007090200	53	支払手数料	0.0	0.0	0.0	0.0	0.0	0.0
202508	007090200	54	診断料	0.0	0.0	0.0	0.0	0.0	0.0
202508	007090200	55	諸会費	0.0	0.0	0.0	0.0	0.0	0.0
202508	007090200	56	会議費	0.0	0.0	0.0	0.0	0.0	0.0
202508	007090200	57	寄付金	0.0	0.0	0.0	0.0	0.0	0.0
202508	007090200	58	租税公課	0.0	0.0	0.0	0.0	0.0	0.0
202508	007090200	59	業務委託費	0.0	0.0	0.0	0.0	0.0	0.0
202508	007090200	60	業務受託収入	0.0	0.0	0.0	0.0	0.0	0.0
202508	007090200	61	情報機器利用料	0.0	0.0	0.0	0.0	0.0	0.0
202508	007090200	62	貸倒金	0.0	0.0	0.0	0.0	0.0	0.0
202508	007090200	63	雑費	0.0	0.0	0.0	0.0	0.0	0.0
202508	007090200	64	福利消耗品費	0.0	0.0	0.0	0.0	0.0	0.0
202508	007090200	65	教育研修費	0.0	0.0	0.0	0.0	0.0	0.0
202508	007090200	66	廃棄損	0.0	0.0	0.0	0.0	0.0	0.0
202508	007090200	67	雑給	0.0	0.0	0.0	0.0	0.0	0.0
202508	007090200	68	社内金利（固定資産）	-1235312.0	-1238016.0	-1238119.0	0.0	0.0	0.0
202508	007090200	69	社内金利（売掛金）	0.0	0.0	0.0	0.0	0.0	0.0
202508	007090200	70	グループ共通	0.0	0.0	0.0	0.0	0.0	0.0
202508	007090200	71	差引収益	1235312.0	1238016.0	1238119.0	0.0	100.0	100.2
202508	007090200	72	差引比率	0.0	0.0	0.0		0.0	0.0
202508	007090200	73	総時間	39.0	39.0	38.75		99.3	99.3
202508	007090200	74	定時間	0.0	0.0	0.0		0.0	0.0
202508	007090200	75	残業時間	0.0	0.0	0.0		0.0	0.0
202508	007090200	76	移動時間	39.0	39.0	38.75		99.3	99.3
202508	007090200	77	当月時間当り	31674.6	31744.0	31951.4		100.6	100.8
202508	007090200	78	人員	0.0	0.0	0.0		0.0	0.0
202509	007090200	1	総受注高	0.0	0.0	0.0		0.0	0.0
202509	007090200	2	総売上高	0.0	0.0	0.0		0.0	0.0
202509	007090200	3	売上高	0.0	0.0	0.0	0.0	0.0	0.0
202509	007090200	4	グループ売上高	0.0	0.0	0.0	0.0	0.0	0.0
202509	007090200	5	社内売上高	0.0	0.0	0.0	0.0	0.0	0.0
202509	007090200	7	販売奨励金	0.0	0.0	0.0	0.0	0.0	0.0
202509	007090200	8	売上原価	0.0	0.0	0.0	0.0	0.0	0.0
202509	007090200	9	仕入高	0.0	0.0	0.0	0.0	0.0	0.0
202509	007090200	10	グループ仕入高	0.0	0.0	0.0	0.0	0.0	0.0
202509	007090200	11	社内仕入高	0.0	0.0	0.0	0.0	0.0	0.0
202509	007090200	12	荷造運搬費	0.0	0.0	0.0	0.0	0.0	0.0
202509	007090200	13	販売手数料	0.0	0.0	0.0	0.0	0.0	0.0
202509	007090200	14	総収益	0.0	0.0	0.0	0.0	0.0	0.0
202509	007090200	15	経費合計	-1220586.0	-1227046.0	-1227110.0	0.0	0.0	0.0
202509	007090200	16	経費合計（原価）	0.0	0.0	0.0	0.0	0.0	0.0
202509	007090200	17	種苗費*	0.0	0.0	0.0	0.0	0.0	0.0
202509	007090200	18	肥料費*	0.0	0.0	0.0	0.0	0.0	0.0
202509	007090200	19	培土費用*	0.0	0.0	0.0	0.0	0.0	0.0
202509	007090200	20	農薬衛生費*	0.0	0.0	0.0	0.0	0.0	0.0
202509	007090200	21	農具費*	0.0	0.0	0.0	0.0	0.0	0.0
202509	007090200	22	諸材料費*	0.0	0.0	0.0	0.0	0.0	0.0
202509	007090200	23	その他仕入高*	0.0	0.0	0.0	0.0	0.0	0.0
202509	007090200	24	減価償却費*	0.0	0.0	0.0	0.0	0.0	0.0
202509	007090200	25	車両費*	0.0	0.0	0.0	0.0	0.0	0.0
202509	007090200	26	水道光熱費*	0.0	0.0	0.0	0.0	0.0	0.0
202509	007090200	27	動力費*	0.0	0.0	0.0	0.0	0.0	0.0
202509	007090200	28	燃料費*	0.0	0.0	0.0	0.0	0.0	0.0
202509	007090200	29	賃借料*	0.0	0.0	0.0	0.0	0.0	0.0
202509	007090200	30	修繕費*	0.0	0.0	0.0	0.0	0.0	0.0
202509	007090200	31	診断料*	0.0	0.0	0.0	0.0	0.0	0.0
202509	007090200	32	租税公課*	0.0	0.0	0.0	0.0	0.0	0.0
202509	007090200	33	業務委託費*	0.0	0.0	0.0	0.0	0.0	0.0
202509	007090200	34	雑費*	0.0	0.0	0.0	0.0	0.0	0.0
202509	007090200	35	雑給*	0.0	0.0	0.0	0.0	0.0	0.0
202509	007090200	36	経費合計（販管費）	-1220586.0	-1227046.0	-1227110.0	0.0	0.0	0.0
202509	007090200	37	減価償却費	0.0	0.0	0.0	0.0	0.0	0.0
202509	007090200	38	車両費	0.0	0.0	0.0	0.0	0.0	0.0
202509	007090200	39	旅費交通費	0.0	0.0	0.0	0.0	0.0	0.0
202509	007090200	40	通信費	0.0	0.0	0.0	0.0	0.0	0.0
202509	007090200	41	水道光熱費	0.0	0.0	0.0	0.0	0.0	0.0
202509	007090200	42	事務用品費	0.0	0.0	0.0	0.0	0.0	0.0
202509	007090200	43	消耗品費	0.0	0.0	0.0	0.0	0.0	0.0
202509	007090200	44	廃棄物処理料	0.0	0.0	0.0	0.0	0.0	0.0
202509	007090200	45	広告宣伝費	0.0	0.0	0.0	0.0	0.0	0.0
202509	007090200	46	接待交際費	0.0	0.0	0.0	0.0	0.0	0.0
202509	007090200	47	賃借料	0.0	0.0	0.0	0.0	0.0	0.0
202509	007090200	48	賃貸料収入	0.0	0.0	0.0	0.0	0.0	0.0
202509	007090200	49	修繕費	0.0	0.0	0.0	0.0	0.0	0.0
202509	007090200	50	支払リース料	0.0	0.0	0.0	0.0	0.0	0.0
202509	007090200	51	保険料	0.0	0.0	0.0	0.0	0.0	0.0
202509	007090200	52	支払報酬	0.0	0.0	0.0	0.0	0.0	0.0
202509	007090200	53	支払手数料	0.0	0.0	0.0	0.0	0.0	0.0
202509	007090200	54	診断料	0.0	0.0	0.0	0.0	0.0	0.0
202509	007090200	55	諸会費	0.0	0.0	0.0	0.0	0.0	0.0
202509	007090200	56	会議費	0.0	0.0	0.0	0.0	0.0	0.0
202509	007090200	57	寄付金	0.0	0.0	0.0	0.0	0.0	0.0
202509	007090200	58	租税公課	0.0	0.0	0.0	0.0	0.0	0.0
202509	007090200	59	業務委託費	0.0	0.0	0.0	0.0	0.0	0.0
202509	007090200	60	業務受託収入	0.0	0.0	0.0	0.0	0.0	0.0
202509	007090200	61	情報機器利用料	0.0	0.0	0.0	0.0	0.0	0.0
202509	007090200	62	貸倒金	0.0	0.0	0.0	0.0	0.0	0.0
202509	007090200	63	雑費	0.0	0.0	0.0	0.0	0.0	0.0
202509	007090200	64	福利消耗品費	0.0	0.0	0.0	0.0	0.0	0.0
202509	007090200	65	教育研修費	0.0	0.0	0.0	0.0	0.0	0.0
202509	007090200	66	廃棄損	0.0	0.0	0.0	0.0	0.0	0.0
202509	007090200	67	雑給	0.0	0.0	0.0	0.0	0.0	0.0
202509	007090200	68	社内金利（固定資産）	-1220586.0	-1227046.0	-1227110.0	0.0	0.0	0.0
202509	007090200	69	社内金利（売掛金）	0.0	0.0	0.0	0.0	0.0	0.0
202509	007090200	70	グループ共通	0.0	0.0	0.0	0.0	0.0	0.0
202509	007090200	71	差引収益	1220586.0	1227046.0	1227110.0	0.0	100.0	100.5
202509	007090200	72	差引比率	0.0	0.0	0.0		0.0	0.0
202509	007090200	73	総時間	43.0	43.0	42.25		98.2	98.2
202509	007090200	74	定時間	0.0	0.0	0.0		0.0	0.0
202509	007090200	75	残業時間	0.0	0.0	0.0		0.0	0.0
202509	007090200	76	移動時間	43.0	43.0	42.25		98.2	98.2
202509	007090200	77	当月時間当り	28385.7	28535.9	29044.0		101.7	102.3
202509	007090200	78	人員	0.0	0.0	0.0		0.0	0.0
202510	007090200	1	総受注高	0.0	0.0	0.0		0.0	0.0
202510	007090200	2	総売上高	0.0	0.0	0.0		0.0	0.0
202510	007090200	3	売上高	0.0	0.0	0.0	0.0	0.0	0.0
202510	007090200	4	グループ売上高	0.0	0.0	0.0	0.0	0.0	0.0
202510	007090200	5	社内売上高	0.0	0.0	0.0	0.0	0.0	0.0
202510	007090200	7	販売奨励金	0.0	0.0	0.0	0.0	0.0	0.0
202510	007090200	8	売上原価	0.0	0.0	0.0	0.0	0.0	0.0
202510	007090200	9	仕入高	0.0	0.0	0.0	0.0	0.0	0.0
202510	007090200	10	グループ仕入高	0.0	0.0	0.0	0.0	0.0	0.0
202510	007090200	11	社内仕入高	0.0	0.0	0.0	0.0	0.0	0.0
202510	007090200	12	荷造運搬費	0.0	0.0	0.0	0.0	0.0	0.0
202510	007090200	13	販売手数料	0.0	0.0	0.0	0.0	0.0	0.0
202510	007090200	14	総収益	0.0	0.0	0.0	0.0	0.0	0.0
202510	007090200	15	経費合計	-1205860.0	-1225843.0	-1225874.0	0.0	0.0	0.0
202510	007090200	16	経費合計（原価）	0.0	0.0	0.0	0.0	0.0	0.0
202510	007090200	17	種苗費*	0.0	0.0	0.0	0.0	0.0	0.0
202510	007090200	18	肥料費*	0.0	0.0	0.0	0.0	0.0	0.0
202510	007090200	19	培土費用*	0.0	0.0	0.0	0.0	0.0	0.0
202510	007090200	20	農薬衛生費*	0.0	0.0	0.0	0.0	0.0	0.0
202510	007090200	21	農具費*	0.0	0.0	0.0	0.0	0.0	0.0
202510	007090200	22	諸材料費*	0.0	0.0	0.0	0.0	0.0	0.0
202510	007090200	23	その他仕入高*	0.0	0.0	0.0	0.0	0.0	0.0
202510	007090200	24	減価償却費*	0.0	0.0	0.0	0.0	0.0	0.0
202510	007090200	25	車両費*	0.0	0.0	0.0	0.0	0.0	0.0
202510	007090200	26	水道光熱費*	0.0	0.0	0.0	0.0	0.0	0.0
202510	007090200	27	動力費*	0.0	0.0	0.0	0.0	0.0	0.0
202510	007090200	28	燃料費*	0.0	0.0	0.0	0.0	0.0	0.0
202510	007090200	29	賃借料*	0.0	0.0	0.0	0.0	0.0	0.0
202510	007090200	30	修繕費*	0.0	0.0	0.0	0.0	0.0	0.0
202510	007090200	31	診断料*	0.0	0.0	0.0	0.0	0.0	0.0
202510	007090200	32	租税公課*	0.0	0.0	0.0	0.0	0.0	0.0
202510	007090200	33	業務委託費*	0.0	0.0	0.0	0.0	0.0	0.0
202510	007090200	34	雑費*	0.0	0.0	0.0	0.0	0.0	0.0
202510	007090200	35	雑給*	0.0	0.0	0.0	0.0	0.0	0.0
202510	007090200	36	経費合計（販管費）	-1205860.0	-1225843.0	-1225874.0	0.0	0.0	0.0
202510	007090200	37	減価償却費	0.0	0.0	0.0	0.0	0.0	0.0
202510	007090200	38	車両費	0.0	0.0	0.0	0.0	0.0	0.0
202510	007090200	39	旅費交通費	0.0	0.0	0.0	0.0	0.0	0.0
202510	007090200	40	通信費	0.0	0.0	0.0	0.0	0.0	0.0
202510	007090200	41	水道光熱費	0.0	0.0	0.0	0.0	0.0	0.0
202510	007090200	42	事務用品費	0.0	0.0	0.0	0.0	0.0	0.0
202510	007090200	43	消耗品費	0.0	0.0	0.0	0.0	0.0	0.0
202510	007090200	44	廃棄物処理料	0.0	0.0	0.0	0.0	0.0	0.0
202510	007090200	45	広告宣伝費	0.0	0.0	0.0	0.0	0.0	0.0
202510	007090200	46	接待交際費	0.0	0.0	0.0	0.0	0.0	0.0
202510	007090200	47	賃借料	0.0	0.0	0.0	0.0	0.0	0.0
202510	007090200	48	賃貸料収入	0.0	0.0	0.0	0.0	0.0	0.0
202510	007090200	49	修繕費	0.0	0.0	0.0	0.0	0.0	0.0
202510	007090200	50	支払リース料	0.0	0.0	0.0	0.0	0.0	0.0
202510	007090200	51	保険料	0.0	0.0	0.0	0.0	0.0	0.0
202510	007090200	52	支払報酬	0.0	0.0	0.0	0.0	0.0	0.0
202510	007090200	53	支払手数料	0.0	0.0	0.0	0.0	0.0	0.0
202510	007090200	54	診断料	0.0	0.0	0.0	0.0	0.0	0.0
202510	007090200	55	諸会費	0.0	0.0	0.0	0.0	0.0	0.0
202510	007090200	56	会議費	0.0	0.0	0.0	0.0	0.0	0.0
202510	007090200	57	寄付金	0.0	0.0	0.0	0.0	0.0	0.0
202510	007090200	58	租税公課	0.0	0.0	0.0	0.0	0.0	0.0
202510	007090200	59	業務委託費	0.0	0.0	0.0	0.0	0.0	0.0
202510	007090200	60	業務受託収入	0.0	0.0	0.0	0.0	0.0	0.0
202510	007090200	61	情報機器利用料	0.0	0.0	0.0	0.0	0.0	0.0
202510	007090200	62	貸倒金	0.0	0.0	0.0	0.0	0.0	0.0
202510	007090200	63	雑費	0.0	0.0	0.0	0.0	0.0	0.0
202510	007090200	64	福利消耗品費	0.0	0.0	0.0	0.0	0.0	0.0
202510	007090200	65	教育研修費	0.0	0.0	0.0	0.0	0.0	0.0
202510	007090200	66	廃棄損	0.0	0.0	0.0	0.0	0.0	0.0
202510	007090200	67	雑給	0.0	0.0	0.0	0.0	0.0	0.0
202510	007090200	68	社内金利（固定資産）	-1205860.0	-1225843.0	-1225874.0	0.0	0.0	0.0
202510	007090200	69	社内金利（売掛金）	0.0	0.0	0.0	0.0	0.0	0.0
202510	007090200	70	グループ共通	0.0	0.0	0.0	0.0	0.0	0.0
202510	007090200	71	差引収益	1205860.0	1225843.0	1225874.0	0.0	100.0	101.6
202510	007090200	72	差引比率	0.0	0.0	0.0		0.0	0.0
202510	007090200	73	総時間	43.75	43.75	43.75		100.0	100.0
202510	007090200	74	定時間	0.0	0.0	0.0		0.0	0.0
202510	007090200	75	残業時間	0.0	0.0	0.0		0.0	0.0
202510	007090200	76	移動時間	43.75	43.75	43.75		100.0	100.0
202510	007090200	77	当月時間当り	27562.5	28019.2	28019.9		100.0	101.6
202510	007090200	78	人員	0.0	0.0	0.0		0.0	0.0
202511	007090200	1	総受注高	0.0	0.0	0.0		0.0	0.0
202511	007090200	2	総売上高	0.0	0.0	0.0		0.0	0.0
202511	007090200	3	売上高	0.0	0.0	0.0	0.0	0.0	0.0
202511	007090200	4	グループ売上高	0.0	0.0	0.0	0.0	0.0	0.0
202511	007090200	5	社内売上高	0.0	0.0	0.0	0.0	0.0	0.0
202511	007090200	7	販売奨励金	0.0	0.0	0.0	0.0	0.0	0.0
202511	007090200	8	売上原価	0.0	0.0	0.0	0.0	0.0	0.0
202511	007090200	9	仕入高	0.0	0.0	0.0	0.0	0.0	0.0
202511	007090200	10	グループ仕入高	0.0	0.0	0.0	0.0	0.0	0.0
202511	007090200	11	社内仕入高	0.0	0.0	0.0	0.0	0.0	0.0
202511	007090200	12	荷造運搬費	0.0	0.0	0.0	0.0	0.0	0.0
202511	007090200	13	販売手数料	0.0	0.0	0.0	0.0	0.0	0.0
202511	007090200	14	総収益	0.0	0.0	0.0	0.0	0.0	0.0
202511	007090200	15	経費合計	-1203671.0	-1210676.0	-1210674.0	0.0	0.0	0.0
202511	007090200	16	経費合計（原価）	0.0	0.0	0.0	0.0	0.0	0.0
202511	007090200	17	種苗費*	0.0	0.0	0.0	0.0	0.0	0.0
202511	007090200	18	肥料費*	0.0	0.0	0.0	0.0	0.0	0.0
202511	007090200	19	培土費用*	0.0	0.0	0.0	0.0	0.0	0.0
202511	007090200	20	農薬衛生費*	0.0	0.0	0.0	0.0	0.0	0.0
202511	007090200	21	農具費*	0.0	0.0	0.0	0.0	0.0	0.0
202511	007090200	22	諸材料費*	0.0	0.0	0.0	0.0	0.0	0.0
202511	007090200	23	その他仕入高*	0.0	0.0	0.0	0.0	0.0	0.0
202511	007090200	24	減価償却費*	0.0	0.0	0.0	0.0	0.0	0.0
202511	007090200	25	車両費*	0.0	0.0	0.0	0.0	0.0	0.0
202511	007090200	26	水道光熱費*	0.0	0.0	0.0	0.0	0.0	0.0
202511	007090200	27	動力費*	0.0	0.0	0.0	0.0	0.0	0.0
202511	007090200	28	燃料費*	0.0	0.0	0.0	0.0	0.0	0.0
202511	007090200	29	賃借料*	0.0	0.0	0.0	0.0	0.0	0.0
202511	007090200	30	修繕費*	0.0	0.0	0.0	0.0	0.0	0.0
202511	007090200	31	診断料*	0.0	0.0	0.0	0.0	0.0	0.0
202511	007090200	32	租税公課*	0.0	0.0	0.0	0.0	0.0	0.0
202511	007090200	33	業務委託費*	0.0	0.0	0.0	0.0	0.0	0.0
202511	007090200	34	雑費*	0.0	0.0	0.0	0.0	0.0	0.0
202511	007090200	35	雑給*	0.0	0.0	0.0	0.0	0.0	0.0
202511	007090200	36	経費合計（販管費）	-1203671.0	-1210676.0	-1210674.0	0.0	0.0	0.0
202511	007090200	37	減価償却費	0.0	0.0	0.0	0.0	0.0	0.0
202511	007090200	38	車両費	0.0	0.0	0.0	0.0	0.0	0.0
202511	007090200	39	旅費交通費	0.0	0.0	0.0	0.0	0.0	0.0
202511	007090200	40	通信費	0.0	0.0	0.0	0.0	0.0	0.0
202511	007090200	41	水道光熱費	0.0	0.0	0.0	0.0	0.0	0.0
202511	007090200	42	事務用品費	0.0	0.0	0.0	0.0	0.0	0.0
202511	007090200	43	消耗品費	0.0	0.0	0.0	0.0	0.0	0.0
202511	007090200	44	廃棄物処理料	0.0	0.0	0.0	0.0	0.0	0.0
202511	007090200	45	広告宣伝費	0.0	0.0	0.0	0.0	0.0	0.0
202511	007090200	46	接待交際費	0.0	0.0	0.0	0.0	0.0	0.0
202511	007090200	47	賃借料	0.0	0.0	0.0	0.0	0.0	0.0
202511	007090200	48	賃貸料収入	0.0	0.0	0.0	0.0	0.0	0.0
202511	007090200	49	修繕費	0.0	0.0	0.0	0.0	0.0	0.0
202511	007090200	50	支払リース料	0.0	0.0	0.0	0.0	0.0	0.0
202511	007090200	51	保険料	0.0	0.0	0.0	0.0	0.0	0.0
202511	007090200	52	支払報酬	0.0	0.0	0.0	0.0	0.0	0.0
202511	007090200	53	支払手数料	0.0	0.0	0.0	0.0	0.0	0.0
202511	007090200	54	診断料	0.0	0.0	0.0	0.0	0.0	0.0
202511	007090200	55	諸会費	0.0	0.0	0.0	0.0	0.0	0.0
202511	007090200	56	会議費	0.0	0.0	0.0	0.0	0.0	0.0
202511	007090200	57	寄付金	0.0	0.0	0.0	0.0	0.0	0.0
202511	007090200	58	租税公課	0.0	0.0	0.0	0.0	0.0	0.0
202511	007090200	59	業務委託費	0.0	0.0	0.0	0.0	0.0	0.0
202511	007090200	60	業務受託収入	0.0	0.0	0.0	0.0	0.0	0.0
202511	007090200	61	情報機器利用料	0.0	0.0	0.0	0.0	0.0	0.0
202511	007090200	62	貸倒金	0.0	0.0	0.0	0.0	0.0	0.0
202511	007090200	63	雑費	0.0	0.0	0.0	0.0	0.0	0.0
202511	007090200	64	福利消耗品費	0.0	0.0	0.0	0.0	0.0	0.0
202511	007090200	65	教育研修費	0.0	0.0	0.0	0.0	0.0	0.0
202511	007090200	66	廃棄損	0.0	0.0	0.0	0.0	0.0	0.0
202511	007090200	67	雑給	0.0	0.0	0.0	0.0	0.0	0.0
202511	007090200	68	社内金利（固定資産）	-1203671.0	-1210676.0	-1210674.0	0.0	0.0	0.0
202511	007090200	69	社内金利（売掛金）	0.0	0.0	0.0	0.0	0.0	0.0
202511	007090200	70	グループ共通	0.0	0.0	0.0	0.0	0.0	0.0
202511	007090200	71	差引収益	1203671.0	1210676.0	1210674.0	0.0	99.9	100.5
202511	007090200	72	差引比率	0.0	0.0	0.0		0.0	0.0
202511	007090200	73	総時間	40.75	40.75	40.75		100.0	100.0
202511	007090200	74	定時間	0.0	0.0	0.0		0.0	0.0
202511	007090200	75	残業時間	0.0	0.0	0.0		0.0	0.0
202511	007090200	76	移動時間	40.75	40.75	40.75		100.0	100.0
202511	007090200	77	当月時間当り	29537.9	29709.8	29709.7		99.9	100.5
202511	007090200	78	人員	0.0	0.0	0.0		0.0	0.0
202204	230L30100	1	総受注高	0.0	0.0	0.0		0.0	0.0
202204	230L30100	2	総売上高	29300000.0	26124000.0	24134855.0		92.3	82.3
202204	230L30100	3	売上高	0.0	0.0	0.0	0.0	0.0	0.0
202204	230L30100	4	グループ売上高	0.0	0.0	0.0	0.0	0.0	0.0
202204	230L30100	5	社内売上高	29300000.0	26124000.0	24134855.0	100.0	92.3	82.3
202204	230L30100	7	販売奨励金	0.0	0.0	0.0	0.0	0.0	0.0
202204	230L30100	8	売上原価	0.0	0.0	0.0	0.0	0.0	0.0
202204	230L30100	9	仕入高	0.0	0.0	0.0	0.0	0.0	0.0
202204	230L30100	10	グループ仕入高	0.0	0.0	0.0	0.0	0.0	0.0
202204	230L30100	11	社内仕入高	0.0	0.0	0.0	0.0	0.0	0.0
202204	230L30100	12	荷造運搬費	0.0	0.0	0.0	0.0	0.0	0.0
202204	230L30100	13	販売手数料	0.0	0.0	0.0	0.0	0.0	0.0
202204	230L30100	14	総収益	29300000.0	26124000.0	24134855.0	100.0	92.3	82.3
202204	230L30100	15	経費合計	22237835.0	22322835.0	22774334.0	94.3	102.0	102.4
202204	230L30100	16	経費合計（原価）	17161000.0	17275000.0	17788019.0	73.7	102.9	103.6
202204	230L30100	17	種苗費*	2831000.0	2831000.0	2830230.0	11.7	99.9	99.9
202204	230L30100	18	肥料費*	655000.0	895000.0	838824.0	3.4	93.7	128.0
202204	230L30100	19	培土費用*	0.0	0.0	0.0	0.0	0.0	0.0
202204	230L30100	20	農薬衛生費*	660000.0	709000.0	383110.0	1.5	54.0	58.0
202204	230L30100	21	農具費*	186000.0	679000.0	568016.0	2.3	83.6	305.3
202204	230L30100	22	諸材料費*	4451000.0	4570000.0	5076603.0	21.0	111.0	114.0
202204	230L30100	23	その他仕入高*	0.0	0.0	-2454.0	0.0	0.0	0.0
202204	230L30100	24	減価償却費*	3962000.0	3962000.0	3961097.0	16.4	99.9	99.9
202204	230L30100	25	車両費*	0.0	0.0	0.0	0.0	0.0	0.0
202204	230L30100	26	水道光熱費*	140000.0	140000.0	166976.0	0.6	119.2	119.2
202204	230L30100	27	動力費*	1035000.0	935000.0	1373237.0	5.6	146.8	132.6
202204	230L30100	28	燃料費*	1725000.0	900000.0	1052400.0	4.3	116.9	61.0
202204	230L30100	29	賃借料*	1249000.0	1249000.0	1248241.0	5.1	99.9	99.9
202204	230L30100	30	修繕費*	30000.0	170000.0	192060.0	0.7	112.9	640.2
202204	230L30100	31	診断料*	189000.0	187000.0	53092.0	0.2	28.3	28.0
202204	230L30100	32	租税公課*	0.0	0.0	0.0	0.0	0.0	0.0
202204	230L30100	33	業務委託費*	0.0	0.0	0.0	0.0	0.0	0.0
202204	230L30100	34	雑費*	0.0	0.0	0.0	0.0	0.0	0.0
202204	230L30100	35	雑給*	48000.0	48000.0	46587.0	0.1	97.0	97.0
202204	230L30100	36	経費合計（販管費）	5076835.0	5047835.0	4986315.0	20.6	98.7	98.2
202204	230L30100	37	減価償却費	841488.0	841488.0	841488.0	3.4	100.0	100.0
202204	230L30100	38	車両費	210000.0	207000.0	206494.0	0.8	99.7	98.3
202204	230L30100	39	旅費交通費	10000.0	0.0	0.0	0.0	0.0	0.0
202204	230L30100	40	通信費	46000.0	44000.0	38924.0	0.1	88.4	84.6
202204	230L30100	41	水道光熱費	120000.0	120000.0	158277.0	0.6	131.8	131.8
202204	230L30100	42	事務用品費	34000.0	34000.0	34873.0	0.1	102.5	102.5
202204	230L30100	43	消耗品費	84000.0	70000.0	37070.0	0.1	52.9	44.1
202204	230L30100	44	廃棄物処理料	264000.0	264000.0	200773.0	0.8	76.0	76.0
202204	230L30100	45	広告宣伝費	0.0	0.0	0.0	0.0	0.0	0.0
202204	230L30100	46	接待交際費	0.0	0.0	0.0	0.0	0.0	0.0
202204	230L30100	47	賃借料	19000.0	19000.0	18727.0	0.0	98.5	98.5
202204	230L30100	48	賃貸料収入	-101000.0	-101000.0	-91000.0	0.0	0.0	0.0
202204	230L30100	49	修繕費	0.0	0.0	0.0	0.0	0.0	0.0
202204	230L30100	50	支払リース料	4375.0	4375.0	4375.0	0.0	100.0	100.0
202204	230L30100	51	保険料	161030.0	161030.0	152020.0	0.6	94.4	94.4
202204	230L30100	52	支払報酬	0.0	0.0	0.0	0.0	0.0	0.0
202204	230L30100	53	支払手数料	729000.0	729000.0	743785.0	3.0	102.0	102.0
202204	230L30100	54	診断料	0.0	0.0	0.0	0.0	0.0	0.0
202204	230L30100	55	諸会費	0.0	0.0	0.0	0.0	0.0	0.0
202204	230L30100	56	会議費	0.0	0.0	2454.0	0.0	0.0	0.0
202204	230L30100	57	寄付金	0.0	0.0	0.0	0.0	0.0	0.0
202204	230L30100	58	租税公課	0.0	0.0	0.0	0.0	0.0	0.0
202204	230L30100	59	業務委託費	40000.0	40000.0	40000.0	0.1	100.0	100.0
202204	230L30100	60	業務受託収入	0.0	0.0	-5455.0	0.0	0.0	0.0
202204	230L30100	61	情報機器利用料	93000.0	93000.0	78680.0	0.3	84.6	84.6
202204	230L30100	62	貸倒金	0.0	0.0	0.0	0.0	0.0	0.0
202204	230L30100	63	雑費	9000.0	9000.0	11889.0	0.0	132.1	132.1
202204	230L30100	64	福利消耗品費	0.0	0.0	0.0	0.0	0.0	0.0
202204	230L30100	65	教育研修費	0.0	0.0	0.0	0.0	0.0	0.0
202204	230L30100	66	廃棄損	0.0	0.0	0.0	0.0	0.0	0.0
202204	230L30100	67	雑給	0.0	0.0	0.0	0.0	0.0	0.0
202204	230L30100	68	社内金利（固定資産）	2052242.0	2052242.0	2052241.0	8.5	99.9	99.9
202204	230L30100	69	社内金利（売掛金）	0.0	0.0	0.0	0.0	0.0	0.0
202204	230L30100	70	グループ共通	460700.0	460700.0	460700.0	1.9	100.0	100.0
202204	230L30100	71	差引収益	7062165.0	3801165.0	1360521.0	5.6	35.7	19.2
202204	230L30100	72	差引比率	24.1	14.5	5.6		38.6	23.2
202204	230L30100	73	総時間	6493.0	6493.0	6293.0		96.9	96.9
202204	230L30100	74	定時間	6360.0	6360.0	6176.5		97.1	97.1
202204	230L30100	75	残業時間	116.0	116.0	91.5		78.8	78.8
202204	230L30100	76	移動時間	17.0	17.0	25.0		147.0	147.0
202204	230L30100	77	当月時間当り	1087.6	585.4	216.1		36.9	19.8
202204	230L30100	78	人員	63.0	63.0	62.0		98.4	98.4
202205	230L30100	1	総受注高	0.0	0.0	0.0		0.0	0.0
202205	230L30100	2	総売上高	29500000.0	25659000.0	23368372.0		91.0	79.2
202205	230L30100	3	売上高	0.0	0.0	0.0	0.0	0.0	0.0
202205	230L30100	4	グループ売上高	0.0	0.0	0.0	0.0	0.0	0.0
202205	230L30100	5	社内売上高	29500000.0	25659000.0	23368372.0	100.0	91.0	79.2
202205	230L30100	7	販売奨励金	0.0	0.0	0.0	0.0	0.0	0.0
202205	230L30100	8	売上原価	0.0	0.0	0.0	0.0	0.0	0.0
202205	230L30100	9	仕入高	0.0	0.0	0.0	0.0	0.0	0.0
202205	230L30100	10	グループ仕入高	0.0	0.0	0.0	0.0	0.0	0.0
202205	230L30100	11	社内仕入高	0.0	0.0	0.0	0.0	0.0	0.0
202205	230L30100	12	荷造運搬費	0.0	0.0	0.0	0.0	0.0	0.0
202205	230L30100	13	販売手数料	0.0	0.0	0.0	0.0	0.0	0.0
202205	230L30100	14	総収益	29500000.0	25659000.0	23368372.0	100.0	91.0	79.2
202205	230L30100	15	経費合計	28579822.0	25747852.0	24363360.0	104.2	94.6	85.2
202205	230L30100	16	経費合計（原価）	15276000.0	12332000.0	10752644.0	46.0	87.1	70.3
202205	230L30100	17	種苗費*	0.0	0.0	0.0	0.0	0.0	0.0
202205	230L30100	18	肥料費*	655000.0	1215000.0	1081118.0	4.6	88.9	165.0
202205	230L30100	19	培土費用*	0.0	0.0	0.0	0.0	0.0	0.0
202205	230L30100	20	農薬衛生費*	498000.0	478000.0	358059.0	1.5	74.9	71.8
202205	230L30100	21	農具費*	182000.0	151000.0	170212.0	0.7	112.7	93.5
202205	230L30100	22	諸材料費*	5172000.0	2089000.0	1810417.0	7.7	86.6	35.0
202205	230L30100	23	その他仕入高*	0.0	0.0	-11260.0	0.0	0.0	0.0
202205	230L30100	24	減価償却費*	3962000.0	3962000.0	3961097.0	16.9	99.9	99.9
202205	230L30100	25	車両費*	0.0	0.0	0.0	0.0	0.0	0.0
202205	230L30100	26	水道光熱費*	170000.0	170000.0	169216.0	0.7	99.5	99.5
202205	230L30100	27	動力費*	930000.0	920000.0	1153814.0	4.9	125.4	124.0
202205	230L30100	28	燃料費*	863000.0	453000.0	614250.0	2.6	135.5	71.1
202205	230L30100	29	賃借料*	1249000.0	1249000.0	1248230.0	5.3	99.9	99.9
202205	230L30100	30	修繕費*	200000.0	30000.0	0.0	0.0	0.0	0.0
202205	230L30100	31	診断料*	15000.0	133000.0	142000.0	0.6	106.7	946.6
202205	230L30100	32	租税公課*	0.0	0.0	0.0	0.0	0.0	0.0
202205	230L30100	33	業務委託費*	0.0	0.0	0.0	0.0	0.0	0.0
202205	230L30100	34	雑費*	1000000.0	1422000.0	0.0	0.0	0.0	0.0
202205	230L30100	35	雑給*	380000.0	60000.0	55491.0	0.2	92.4	14.6
202205	230L30100	36	経費合計（販管費）	13303822.0	13415852.0	13610716.0	58.2	101.4	102.3
202205	230L30100	37	減価償却費	841488.0	841488.0	841488.0	3.6	100.0	100.0
202205	230L30100	38	車両費	257000.0	252000.0	246580.0	1.0	97.8	95.9
202205	230L30100	39	旅費交通費	10000.0	0.0	30180.0	0.1	0.0	301.8
202205	230L30100	40	通信費	46000.0	45000.0	37475.0	0.1	83.2	81.4
202205	230L30100	41	水道光熱費	90000.0	90000.0	118976.0	0.5	132.1	132.1
202205	230L30100	42	事務用品費	34000.0	108000.0	78867.0	0.3	73.0	231.9
202205	230L30100	43	消耗品費	80000.0	245000.0	242624.0	1.0	99.0	303.2
202205	230L30100	44	廃棄物処理料	363000.0	296000.0	317864.0	1.3	107.3	87.5
202205	230L30100	45	広告宣伝費	0.0	0.0	0.0	0.0	0.0	0.0
202205	230L30100	46	接待交際費	0.0	0.0	12724.0	0.0	0.0	0.0
202205	230L30100	47	賃借料	19000.0	19000.0	18727.0	0.0	98.5	98.5
202205	230L30100	48	賃貸料収入	-101000.0	-110300.0	-101000.0	0.0	0.0	0.0
202205	230L30100	49	修繕費	0.0	20000.0	0.0	0.0	0.0	0.0
202205	230L30100	50	支払リース料	4375.0	4375.0	4375.0	0.0	100.0	100.0
202205	230L30100	51	保険料	161030.0	161030.0	152020.0	0.6	94.4	94.4
202205	230L30100	52	支払報酬	0.0	0.0	0.0	0.0	0.0	0.0
202205	230L30100	53	支払手数料	25000.0	95000.0	107200.0	0.4	112.8	428.8
202205	230L30100	54	診断料	0.0	0.0	0.0	0.0	0.0	0.0
202205	230L30100	55	諸会費	5000.0	5000.0	9000.0	0.0	180.0	180.0
202205	230L30100	56	会議費	0.0	0.0	0.0	0.0	0.0	0.0
202205	230L30100	57	寄付金	0.0	0.0	0.0	0.0	0.0	0.0
202205	230L30100	58	租税公課	8126000.0	8126000.0	8315100.0	35.5	102.3	102.3
202205	230L30100	59	業務委託費	40000.0	40000.0	40000.0	0.1	100.0	100.0
202205	230L30100	60	業務受託収入	0.0	-80000.0	-80000.0	0.0	0.0	0.0
202205	230L30100	61	情報機器利用料	93000.0	93000.0	78680.0	0.3	84.6	84.6
202205	230L30100	62	貸倒金	0.0	0.0	0.0	0.0	0.0	0.0
202205	230L30100	63	雑費	685000.0	665000.0	636747.0	2.7	95.7	92.9
202205	230L30100	64	福利消耗品費	36000.0	11330.0	10978.0	0.0	96.8	30.4
202205	230L30100	65	教育研修費	0.0	0.0	3183.0	0.0	0.0	0.0
202205	230L30100	66	廃棄損	0.0	0.0	0.0	0.0	0.0	0.0
202205	230L30100	67	雑給	0.0	0.0	0.0	0.0	0.0	0.0
202205	230L30100	68	社内金利（固定資産）	2028229.0	2028229.0	2028228.0	8.6	99.9	99.9
202205	230L30100	69	社内金利（売掛金）	0.0	0.0	0.0	0.0	0.0	0.0
202205	230L30100	70	グループ共通	460700.0	460700.0	460700.0	1.9	100.0	100.0
202205	230L30100	71	差引収益	920178.0	-88852.0	-994988.0	0.0	0.0	0.0
202205	230L30100	72	差引比率	3.1	-0.3	-4.2		0.0	0.0
202205	230L30100	73	総時間	7587.0	7345.0	6845.75		93.2	90.2
202205	230L30100	74	定時間	7116.0	7147.5	6696.25		93.6	94.1
202205	230L30100	75	残業時間	457.0	183.5	144.5		78.7	31.6
202205	230L30100	76	移動時間	14.0	14.0	5.0		35.7	35.7
202205	230L30100	77	当月時間当り	121.2	-12.0	-145.3		0.0	0.0
202205	230L30100	78	人員	63.0	63.0	63.0		100.0	100.0
202206	230L30100	1	総受注高	0.0	0.0	0.0		0.0	0.0
202206	230L30100	2	総売上高	35600000.0	30933000.0	32417884.0		104.8	91.0
202206	230L30100	3	売上高	0.0	0.0	0.0	0.0	0.0	0.0
202206	230L30100	4	グループ売上高	0.0	0.0	0.0	0.0	0.0	0.0
202206	230L30100	5	社内売上高	35600000.0	30933000.0	32417884.0	100.0	104.8	91.0
202206	230L30100	7	販売奨励金	0.0	0.0	0.0	0.0	0.0	0.0
202206	230L30100	8	売上原価	0.0	0.0	0.0	0.0	0.0	0.0
202206	230L30100	9	仕入高	0.0	0.0	0.0	0.0	0.0	0.0
202206	230L30100	10	グループ仕入高	0.0	0.0	0.0	0.0	0.0	0.0
202206	230L30100	11	社内仕入高	0.0	0.0	0.0	0.0	0.0	0.0
202206	230L30100	12	荷造運搬費	0.0	0.0	0.0	0.0	0.0	0.0
202206	230L30100	13	販売手数料	0.0	0.0	0.0	0.0	0.0	0.0
202206	230L30100	14	総収益	35600000.0	30933000.0	32417884.0	100.0	104.8	91.0
202206	230L30100	15	経費合計	19836809.0	18052809.0	19799952.0	61.0	109.6	99.8
202206	230L30100	16	経費合計（原価）	14915000.0	13545000.0	15130922.0	46.6	111.7	101.4
202206	230L30100	17	種苗費*	0.0	0.0	0.0	0.0	0.0	0.0
202206	230L30100	18	肥料費*	695000.0	1055000.0	1081611.0	3.3	102.5	155.6
202206	230L30100	19	培土費用*	0.0	0.0	0.0	0.0	0.0	0.0
202206	230L30100	20	農薬衛生費*	430000.0	420000.0	369483.0	1.1	87.9	85.9
202206	230L30100	21	農具費*	281000.0	141000.0	29984.0	0.0	21.2	10.6
202206	230L30100	22	諸材料費*	6512000.0	4017000.0	5559200.0	17.1	138.3	85.3
202206	230L30100	23	その他仕入高*	0.0	0.0	0.0	0.0	0.0	0.0
202206	230L30100	24	減価償却費*	3962000.0	3962000.0	3961097.0	12.2	99.9	99.9
202206	230L30100	25	車両費*	0.0	0.0	0.0	0.0	0.0	0.0
202206	230L30100	26	水道光熱費*	170000.0	170000.0	204224.0	0.6	120.1	120.1
202206	230L30100	27	動力費*	830000.0	920000.0	1178546.0	3.6	128.1	141.9
202206	230L30100	28	燃料費*	1000.0	0.0	0.0	0.0	0.0	0.0
202206	230L30100	29	賃借料*	1249000.0	1249000.0	1248230.0	3.8	99.9	99.9
202206	230L30100	30	修繕費*	20000.0	20000.0	0.0	0.0	0.0	0.0
202206	230L30100	31	診断料*	133000.0	25000.0	41056.0	0.1	164.2	30.8
202206	230L30100	32	租税公課*	0.0	0.0	0.0	0.0	0.0	0.0
202206	230L30100	33	業務委託費*	0.0	0.0	0.0	0.0	0.0	0.0
202206	230L30100	34	雑費*	240000.0	1422000.0	1402000.0	4.3	98.5	584.1
202206	230L30100	35	雑給*	392000.0	144000.0	55491.0	0.1	38.5	14.1
202206	230L30100	36	経費合計（販管費）	4921809.0	4507809.0	4669030.0	14.4	103.5	94.8
202206	230L30100	37	減価償却費	841488.0	841488.0	841488.0	2.5	100.0	100.0
202206	230L30100	38	車両費	238000.0	234000.0	228920.0	0.7	97.8	96.1
202206	230L30100	39	旅費交通費	10000.0	10000.0	4164.0	0.0	41.6	41.6
202206	230L30100	40	通信費	46000.0	45000.0	32650.0	0.1	72.5	70.9
202206	230L30100	41	水道光熱費	100000.0	100000.0	147233.0	0.4	147.2	147.2
202206	230L30100	42	事務用品費	104000.0	34000.0	37418.0	0.1	110.0	35.9
202206	230L30100	43	消耗品費	255000.0	60000.0	70900.0	0.2	118.1	27.8
202206	230L30100	44	廃棄物処理料	331000.0	264000.0	264572.0	0.8	100.2	79.9
202206	230L30100	45	広告宣伝費	0.0	0.0	0.0	0.0	0.0	0.0
202206	230L30100	46	接待交際費	0.0	0.0	0.0	0.0	0.0	0.0
202206	230L30100	47	賃借料	19000.0	19000.0	18727.0	0.0	98.5	98.5
202206	230L30100	48	賃貸料収入	-101000.0	-101000.0	-110300.0	0.0	0.0	0.0
202206	230L30100	49	修繕費	0.0	38000.0	158700.0	0.4	417.6	0.0
202206	230L30100	50	支払リース料	4375.0	4375.0	4375.0	0.0	100.0	100.0
202206	230L30100	51	保険料	161030.0	161030.0	152020.0	0.4	94.4	94.4
202206	230L30100	52	支払報酬	175000.0	35000.0	26500.0	0.0	75.7	15.1
202206	230L30100	53	支払手数料	91000.0	25000.0	150050.0	0.4	600.2	164.8
202206	230L30100	54	診断料	0.0	0.0	0.0	0.0	0.0	0.0
202206	230L30100	55	諸会費	5000.0	0.0	0.0	0.0	0.0	0.0
202206	230L30100	56	会議費	0.0	0.0	0.0	0.0	0.0	0.0
202206	230L30100	57	寄付金	0.0	0.0	0.0	0.0	0.0	0.0
202206	230L30100	58	租税公課	0.0	0.0	5204.0	0.0	0.0	0.0
202206	230L30100	59	業務委託費	40000.0	40000.0	40000.0	0.1	100.0	100.0
202206	230L30100	60	業務受託収入	0.0	0.0	-60002.0	0.0	0.0	0.0
202206	230L30100	61	情報機器利用料	93000.0	93000.0	78680.0	0.2	84.6	84.6
202206	230L30100	62	貸倒金	0.0	0.0	0.0	0.0	0.0	0.0
202206	230L30100	63	雑費	22000.0	110000.0	104816.0	0.3	95.2	476.4
202206	230L30100	64	福利消耗品費	12000.0	12000.0	0.0	0.0	0.0	0.0
202206	230L30100	65	教育研修費	10000.0	18000.0	8000.0	0.0	44.4	80.0
202206	230L30100	66	廃棄損	0.0	0.0	0.0	0.0	0.0	0.0
202206	230L30100	67	雑給	0.0	0.0	0.0	0.0	0.0	0.0
202206	230L30100	68	社内金利（固定資産）	2004216.0	2004216.0	2004215.0	6.1	99.9	99.9
202206	230L30100	69	社内金利（売掛金）	0.0	0.0	0.0	0.0	0.0	0.0
202206	230L30100	70	グループ共通	460700.0	460700.0	460700.0	1.4	100.0	100.0
202206	230L30100	71	差引収益	15763191.0	12880191.0	12617932.0	38.9	97.9	80.0
202206	230L30100	72	差引比率	44.2	41.6	38.9		93.5	88.0
202206	230L30100	73	総時間	7797.0	7109.0	7520.5		105.7	96.4
202206	230L30100	74	定時間	7436.0	6939.0	7111.75		102.4	95.6
202206	230L30100	75	残業時間	347.0	165.0	403.75		244.6	116.3
202206	230L30100	76	移動時間	14.0	5.0	5.0		100.0	35.7
202206	230L30100	77	当月時間当り	2021.6	1811.8	1677.8		92.6	82.9
202206	230L30100	78	人員	63.0	61.0	62.0		101.6	98.4
202207	230L30100	1	総受注高	0.0	0.0	0.0		0.0	0.0
202207	230L30100	2	総売上高	28300000.0	36596000.0	31675330.0		86.5	111.9
202207	230L30100	3	売上高	0.0	0.0	0.0	0.0	0.0	0.0
202207	230L30100	4	グループ売上高	0.0	0.0	0.0	0.0	0.0	0.0
202207	230L30100	5	社内売上高	28300000.0	36596000.0	31675330.0	100.0	86.5	111.9
202207	230L30100	7	販売奨励金	0.0	0.0	0.0	0.0	0.0	0.0
202207	230L30100	8	売上原価	0.0	0.0	0.0	0.0	0.0	0.0
202207	230L30100	9	仕入高	0.0	0.0	0.0	0.0	0.0	0.0
202207	230L30100	10	グループ仕入高	0.0	0.0	0.0	0.0	0.0	0.0
202207	230L30100	11	社内仕入高	0.0	0.0	0.0	0.0	0.0	0.0
202207	230L30100	12	荷造運搬費	0.0	0.0	0.0	0.0	0.0	0.0
202207	230L30100	13	販売手数料	0.0	0.0	0.0	0.0	0.0	0.0
202207	230L30100	14	総収益	28300000.0	36596000.0	31675330.0	100.0	86.5	111.9
202207	230L30100	15	経費合計	18793796.0	21835086.0	19313353.0	60.9	88.4	102.7
202207	230L30100	16	経費合計（原価）	12979000.0	16866000.0	14631684.0	46.1	86.7	112.7
202207	230L30100	17	種苗費*	0.0	652000.0	651806.0	2.0	99.9	0.0
202207	230L30100	18	肥料費*	495000.0	735000.0	770814.0	2.4	104.8	155.7
202207	230L30100	19	培土費用*	0.0	2153000.0	2147040.0	6.7	99.7	0.0
202207	230L30100	20	農薬衛生費*	250000.0	270000.0	361775.0	1.1	133.9	144.7
202207	230L30100	21	農具費*	277000.0	828000.0	724960.0	2.2	87.5	261.7
202207	230L30100	22	諸材料費*	4617000.0	4637000.0	2606136.0	8.2	56.2	56.4
202207	230L30100	23	その他仕入高*	0.0	0.0	0.0	0.0	0.0	0.0
202207	230L30100	24	減価償却費*	4012000.0	3962000.0	3961097.0	12.5	99.9	98.7
202207	230L30100	25	車両費*	0.0	0.0	0.0	0.0	0.0	0.0
202207	230L30100	26	水道光熱費*	180000.0	170000.0	132928.0	0.4	78.1	73.8
202207	230L30100	27	動力費*	1030000.0	1230000.0	1723313.0	5.4	140.1	167.3
202207	230L30100	28	燃料費*	4000.0	4000.0	0.0	0.0	0.0	0.0
202207	230L30100	29	賃借料*	1249000.0	1249000.0	1248230.0	3.9	99.9	99.9
202207	230L30100	30	修繕費*	20000.0	20000.0	25700.0	0.0	128.5	128.5
202207	230L30100	31	診断料*	15000.0	123000.0	39902.0	0.1	32.4	266.0
202207	230L30100	32	租税公課*	0.0	0.0	0.0	0.0	0.0	0.0
202207	230L30100	33	業務委託費*	0.0	0.0	0.0	0.0	0.0	0.0
202207	230L30100	34	雑費*	450000.0	450000.0	0.0	0.0	0.0	0.0
202207	230L30100	35	雑給*	380000.0	383000.0	237983.0	0.7	62.1	62.6
202207	230L30100	36	経費合計（販管費）	5814796.0	4969086.0	4681669.0	14.7	94.2	80.5
202207	230L30100	37	減価償却費	841488.0	841488.0	841488.0	2.6	100.0	100.0
202207	230L30100	38	車両費	234000.0	229000.0	223280.0	0.7	97.5	95.4
202207	230L30100	39	旅費交通費	10000.0	10000.0	-7801.0	0.0	0.0	0.0
202207	230L30100	40	通信費	51000.0	45000.0	50336.0	0.1	111.8	98.6
202207	230L30100	41	水道光熱費	100000.0	100000.0	189266.0	0.5	189.2	189.2
202207	230L30100	42	事務用品費	34000.0	34000.0	22532.0	0.0	66.2	66.2
202207	230L30100	43	消耗品費	100000.0	80300.0	148613.0	0.4	185.0	148.6
202207	230L30100	44	廃棄物処理料	1743000.0	360000.0	373546.0	1.1	103.7	21.4
202207	230L30100	45	広告宣伝費	0.0	0.0	0.0	0.0	0.0	0.0
202207	230L30100	46	接待交際費	0.0	0.0	0.0	0.0	0.0	0.0
202207	230L30100	47	賃借料	19000.0	19000.0	18727.0	0.0	98.5	98.5
202207	230L30100	48	賃貸料収入	-101000.0	-101000.0	-101000.0	0.0	0.0	0.0
202207	230L30100	49	修繕費	0.0	348000.0	880.0	0.0	0.2	0.0
202207	230L30100	50	支払リース料	4375.0	4375.0	4375.0	0.0	100.0	100.0
202207	230L30100	51	保険料	161030.0	152020.0	152020.0	0.4	100.0	94.4
202207	230L30100	52	支払報酬	0.0	150000.0	159114.0	0.5	106.0	0.0
202207	230L30100	53	支払手数料	25000.0	26000.0	32000.0	0.1	123.0	128.0
202207	230L30100	54	診断料	0.0	0.0	0.0	0.0	0.0	0.0
202207	230L30100	55	諸会費	0.0	0.0	0.0	0.0	0.0	0.0
202207	230L30100	56	会議費	0.0	0.0	0.0	0.0	0.0	0.0
202207	230L30100	57	寄付金	0.0	0.0	0.0	0.0	0.0	0.0
202207	230L30100	58	租税公課	0.0	0.0	0.0	0.0	0.0	0.0
202207	230L30100	59	業務委託費	40000.0	40000.0	40000.0	0.1	100.0	100.0
202207	230L30100	60	業務受託収入	0.0	0.0	-5455.0	0.0	0.0	0.0
202207	230L30100	61	情報機器利用料	93000.0	79000.0	78680.0	0.2	99.5	84.6
202207	230L30100	62	貸倒金	0.0	0.0	0.0	0.0	0.0	0.0
202207	230L30100	63	雑費	9000.0	106000.0	19676.0	0.0	18.5	218.6
202207	230L30100	64	福利消耗品費	10000.0	5000.0	490.0	0.0	9.8	4.9
202207	230L30100	65	教育研修費	0.0	0.0	0.0	0.0	0.0	0.0
202207	230L30100	66	廃棄損	0.0	0.0	0.0	0.0	0.0	0.0
202207	230L30100	67	雑給	0.0	0.0	0.0	0.0	0.0	0.0
202207	230L30100	68	社内金利（固定資産）	1980203.0	1980203.0	1980202.0	6.2	99.9	99.9
202207	230L30100	69	社内金利（売掛金）	0.0	0.0	0.0	0.0	0.0	0.0
202207	230L30100	70	グループ共通	460700.0	460700.0	460700.0	1.4	100.0	100.0
202207	230L30100	71	差引収益	9506204.0	14760914.0	12361977.0	39.0	83.7	130.0
202207	230L30100	72	差引比率	33.5	40.3	39.0		96.7	116.4
202207	230L30100	73	総時間	7382.0	6943.0	7151.0		102.9	96.8
202207	230L30100	74	定時間	7146.0	6341.0	6614.0		104.3	92.5
202207	230L30100	75	残業時間	372.0	697.0	539.25		77.3	144.9
202207	230L30100	76	移動時間	-136.0	-95.0	-2.25		0.0	0.0
202207	230L30100	77	当月時間当り	1287.7	2126.0	1728.7		81.3	134.2
202207	230L30100	78	人員	63.0	61.0	61.0		100.0	96.8
202208	230L30100	1	総受注高	0.0	0.0	0.0		0.0	0.0
202208	230L30100	2	総売上高	24500000.0	20131000.0	15842022.0		78.6	64.6
202208	230L30100	3	売上高	0.0	0.0	0.0	0.0	0.0	0.0
202208	230L30100	4	グループ売上高	0.0	0.0	0.0	0.0	0.0	0.0
202208	230L30100	5	社内売上高	24500000.0	20131000.0	15842022.0	100.0	78.6	64.6
202208	230L30100	7	販売奨励金	0.0	0.0	0.0	0.0	0.0	0.0
202208	230L30100	8	売上原価	0.0	0.0	0.0	0.0	0.0	0.0
202208	230L30100	9	仕入高	0.0	0.0	0.0	0.0	0.0	0.0
202208	230L30100	10	グループ仕入高	0.0	0.0	0.0	0.0	0.0	0.0
202208	230L30100	11	社内仕入高	0.0	0.0	0.0	0.0	0.0	0.0
202208	230L30100	12	荷造運搬費	0.0	0.0	0.0	0.0	0.0	0.0
202208	230L30100	13	販売手数料	0.0	0.0	0.0	0.0	0.0	0.0
202208	230L30100	14	総収益	24500000.0	20131000.0	15842022.0	100.0	78.6	64.6
202208	230L30100	15	経費合計	19554623.0	25717613.0	23891515.0	150.8	92.8	122.1
202208	230L30100	16	経費合計（原価）	15128000.0	20828000.0	19357839.0	122.1	92.9	127.9
202208	230L30100	17	種苗費*	0.0	3298000.0	3297476.0	20.8	99.9	0.0
202208	230L30100	18	肥料費*	695000.0	1097000.0	1055496.0	6.6	96.2	151.8
202208	230L30100	19	培土費用*	2153000.0	3025000.0	3178740.0	20.0	105.0	147.6
202208	230L30100	20	農薬衛生費*	250000.0	370000.0	343829.0	2.1	92.9	137.5
202208	230L30100	21	農具費*	1124000.0	128000.0	35589.0	0.2	27.8	3.1
202208	230L30100	22	諸材料費*	3557000.0	3893000.0	3305826.0	20.8	84.9	92.9
202208	230L30100	23	その他仕入高*	0.0	0.0	0.0	0.0	0.0	0.0
202208	230L30100	24	減価償却費*	4012000.0	3962000.0	3961097.0	25.0	99.9	98.7
202208	230L30100	25	車両費*	0.0	0.0	0.0	0.0	0.0	0.0
202208	230L30100	26	水道光熱費*	200000.0	240000.0	132288.0	0.8	55.1	66.1
202208	230L30100	27	動力費*	1630000.0	1840000.0	1626806.0	10.2	88.4	99.8
202208	230L30100	28	燃料費*	3000.0	3000.0	0.0	0.0	0.0	0.0
202208	230L30100	29	賃借料*	1249000.0	1249000.0	1248230.0	7.8	99.9	99.9
202208	230L30100	30	修繕費*	20000.0	530000.0	10100.0	0.0	1.9	50.5
202208	230L30100	31	診断料*	15000.0	126000.0	41056.0	0.2	32.5	273.7
202208	230L30100	32	租税公課*	0.0	0.0	0.0	0.0	0.0	0.0
202208	230L30100	33	業務委託費*	0.0	0.0	0.0	0.0	0.0	0.0
202208	230L30100	34	雑費*	0.0	624000.0	854290.0	5.3	136.9	0.0
202208	230L30100	35	雑給*	220000.0	443000.0	267016.0	1.6	60.2	121.3
202208	230L30100	36	経費合計（販管費）	4426623.0	4889613.0	4533676.0	28.6	92.7	102.4
202208	230L30100	37	減価償却費	841488.0	841488.0	841488.0	5.3	100.0	100.0
202208	230L30100	38	車両費	234000.0	230000.0	225540.0	1.4	98.0	96.3
202208	230L30100	39	旅費交通費	10000.0	10000.0	654.0	0.0	6.5	6.5
202208	230L30100	40	通信費	51000.0	45000.0	41926.0	0.2	93.1	82.2
202208	230L30100	41	水道光熱費	180000.0	200000.0	197639.0	1.2	98.8	109.7
202208	230L30100	42	事務用品費	34000.0	34000.0	14334.0	0.0	42.1	42.1
202208	230L30100	43	消耗品費	60000.0	65000.0	35472.0	0.2	54.5	59.1
202208	230L30100	44	廃棄物処理料	331000.0	361000.0	474969.0	2.9	131.5	143.4
202208	230L30100	45	広告宣伝費	0.0	0.0	0.0	0.0	0.0	0.0
202208	230L30100	46	接待交際費	0.0	0.0	0.0	0.0	0.0	0.0
202208	230L30100	47	賃借料	19000.0	19000.0	18727.0	0.1	98.5	98.5
202208	230L30100	48	賃貸料収入	-101000.0	-101000.0	-101000.0	0.0	0.0	0.0
202208	230L30100	49	修繕費	0.0	348000.0	0.0	0.0	0.0	0.0
202208	230L30100	50	支払リース料	12215.0	12215.0	12215.0	0.0	100.0	100.0
202208	230L30100	51	保険料	161030.0	152020.0	152020.0	0.9	100.0	94.4
202208	230L30100	52	支払報酬	0.0	0.0	0.0	0.0	0.0	0.0
202208	230L30100	53	支払手数料	25000.0	26000.0	36850.0	0.2	141.7	147.4
202208	230L30100	54	診断料	0.0	0.0	0.0	0.0	0.0	0.0
202208	230L30100	55	諸会費	0.0	0.0	0.0	0.0	0.0	0.0
202208	230L30100	56	会議費	0.0	0.0	0.0	0.0	0.0	0.0
202208	230L30100	57	寄付金	0.0	0.0	0.0	0.0	0.0	0.0
202208	230L30100	58	租税公課	0.0	0.0	4009.0	0.0	0.0	0.0
202208	230L30100	59	業務委託費	40000.0	40000.0	40000.0	0.2	100.0	100.0
202208	230L30100	60	業務受託収入	0.0	0.0	-25456.0	0.0	0.0	0.0
202208	230L30100	61	情報機器利用料	93000.0	79000.0	78680.0	0.4	99.5	84.6
202208	230L30100	62	貸倒金	0.0	0.0	0.0	0.0	0.0	0.0
202208	230L30100	63	雑費	9000.0	106000.0	67955.0	0.4	64.1	755.0
202208	230L30100	64	福利消耗品費	10000.0	5000.0	765.0	0.0	15.3	7.6
202208	230L30100	65	教育研修費	0.0	0.0	0.0	0.0	0.0	0.0
202208	230L30100	66	廃棄損	0.0	0.0	0.0	0.0	0.0	0.0
202208	230L30100	67	雑給	0.0	0.0	0.0	0.0	0.0	0.0
202208	230L30100	68	社内金利（固定資産）	1956190.0	1956190.0	1956189.0	12.3	99.9	99.9
202208	230L30100	69	社内金利（売掛金）	0.0	0.0	0.0	0.0	0.0	0.0
202208	230L30100	70	グループ共通	460700.0	460700.0	460700.0	2.9	100.0	100.0
202208	230L30100	71	差引収益	4945377.0	-5586613.0	-8049493.0	0.0	0.0	0.0
202208	230L30100	72	差引比率	20.1	-27.7	-50.8		0.0	0.0
202208	230L30100	73	総時間	7349.0	7227.0	6916.25		95.7	94.1
202208	230L30100	74	定時間	7342.0	6708.0	6320.5		94.2	86.0
202208	230L30100	75	残業時間	123.0	544.0	620.0		113.9	504.0
202208	230L30100	76	移動時間	-116.0	-25.0	-24.25		0.0	0.0
202208	230L30100	77	当月時間当り	672.9	-773.0	-1163.8		0.0	0.0
202208	230L30100	78	人員	63.0	61.0	61.0		100.0	96.8
202209	230L30100	1	総受注高	0.0	0.0	0.0		0.0	0.0
202209	230L30100	2	総売上高	27300000.0	17090000.0	18430505.0		107.8	67.5
202209	230L30100	3	売上高	0.0	0.0	0.0	0.0	0.0	0.0
202209	230L30100	4	グループ売上高	0.0	0.0	0.0	0.0	0.0	0.0
202209	230L30100	5	社内売上高	27300000.0	17090000.0	18430505.0	100.0	107.8	67.5
202209	230L30100	7	販売奨励金	0.0	0.0	0.0	0.0	0.0	0.0
202209	230L30100	8	売上原価	0.0	0.0	0.0	0.0	0.0	0.0
202209	230L30100	9	仕入高	0.0	0.0	0.0	0.0	0.0	0.0
202209	230L30100	10	グループ仕入高	0.0	0.0	0.0	0.0	0.0	0.0
202209	230L30100	11	社内仕入高	0.0	0.0	0.0	0.0	0.0	0.0
202209	230L30100	12	荷造運搬費	0.0	0.0	0.0	0.0	0.0	0.0
202209	230L30100	13	販売手数料	0.0	0.0	0.0	0.0	0.0	0.0
202209	230L30100	14	総収益	27300000.0	17090000.0	18430505.0	100.0	107.8	67.5
202209	230L30100	15	経費合計	20912770.0	18902760.0	18652740.0	101.2	98.6	89.1
202209	230L30100	16	経費合計（原価）	16281000.0	14426000.0	13845622.0	75.1	95.9	85.0
202209	230L30100	17	種苗費*	3527000.0	0.0	0.0	0.0	0.0	0.0
202209	230L30100	18	肥料費*	695000.0	1255000.0	1305967.0	7.0	104.0	187.9
202209	230L30100	19	培土費用*	0.0	0.0	0.0	0.0	0.0	0.0
202209	230L30100	20	農薬衛生費*	560000.0	715000.0	796668.0	4.3	111.4	142.2
202209	230L30100	21	農具費*	80000.0	190000.0	174613.0	0.9	91.9	218.2
202209	230L30100	22	諸材料費*	3573000.0	2460000.0	2727602.0	14.7	110.8	76.3
202209	230L30100	23	その他仕入高*	0.0	0.0	-3208.0	0.0	0.0	0.0
202209	230L30100	24	減価償却費*	4062000.0	3962000.0	3961097.0	21.4	99.9	97.5
202209	230L30100	25	車両費*	0.0	0.0	0.0	0.0	0.0	0.0
202209	230L30100	26	水道光熱費*	200000.0	220000.0	160192.0	0.8	72.8	80.0
202209	230L30100	27	動力費*	1830000.0	2040000.0	1930766.0	10.4	94.6	105.5
202209	230L30100	28	燃料費*	0.0	0.0	0.0	0.0	0.0	0.0
202209	230L30100	29	賃借料*	1249000.0	1249000.0	1248230.0	6.7	99.9	99.9
202209	230L30100	30	修繕費*	100000.0	730000.0	1474200.0	7.9	201.9	
202209	230L30100	31	診断料*	25000.0	25000.0	22056.0	0.1	88.2	88.2
202209	230L30100	32	租税公課*	0.0	0.0	0.0	0.0	0.0	0.0
202209	230L30100	33	業務委託費*	0.0	0.0	0.0	0.0	0.0	0.0
202209	230L30100	34	雑費*	320000.0	1520000.0	0.0	0.0	0.0	0.0
202209	230L30100	35	雑給*	60000.0	60000.0	47439.0	0.2	79.0	79.0
202209	230L30100	36	経費合計（販管費）	4631770.0	4476760.0	4807118.0	26.0	107.3	103.7
202209	230L30100	37	減価償却費	841488.0	841488.0	841488.0	4.5	100.0	100.0
202209	230L30100	38	車両費	238000.0	238000.0	219159.0	1.1	92.0	92.0
202209	230L30100	39	旅費交通費	10000.0	10000.0	0.0	0.0	0.0	0.0
202209	230L30100	40	通信費	51000.0	42000.0	39476.0	0.2	93.9	77.4
202209	230L30100	41	水道光熱費	180000.0	180000.0	212159.0	1.1	117.8	117.8
202209	230L30100	42	事務用品費	34000.0	34000.0	26408.0	0.1	77.6	77.6
202209	230L30100	43	消耗品費	110000.0	70000.0	110125.0	0.5	157.3	100.1
202209	230L30100	44	廃棄物処理料	331000.0	521000.0	441878.0	2.3	84.8	133.4
202209	230L30100	45	広告宣伝費	35000.0	0.0	0.0	0.0	0.0	0.0
202209	230L30100	46	接待交際費	0.0	0.0	0.0	0.0	0.0	0.0
202209	230L30100	47	賃借料	19000.0	19000.0	18727.0	0.1	98.5	98.5
202209	230L30100	48	賃貸料収入	-101000.0	-101000.0	-121000.0	0.0	0.0	0.0
202209	230L30100	49	修繕費	100000.0	0.0	195120.0	1.0	0.0	195.1
202209	230L30100	50	支払リース料	4375.0	4375.0	4375.0	0.0	100.0	100.0
202209	230L30100	51	保険料	161030.0	152020.0	152020.0	0.8	100.0	94.4
202209	230L30100	52	支払報酬	0.0	0.0	0.0	0.0	0.0	0.0
202209	230L30100	53	支払手数料	63000.0	75000.0	74050.0	0.4	98.7	117.5
202209	230L30100	54	診断料	0.0	0.0	0.0	0.0	0.0	0.0
202209	230L30100	55	諸会費	0.0	0.0	0.0	0.0	0.0	0.0
202209	230L30100	56	会議費	0.0	0.0	2971.0	0.0	0.0	0.0
202209	230L30100	57	寄付金	0.0	0.0	0.0	0.0	0.0	0.0
202209	230L30100	58	租税公課	0.0	0.0	0.0	0.0	0.0	0.0
202209	230L30100	59	業務委託費	40000.0	40000.0	190000.0	1.0	475.0	475.0
202209	230L30100	60	業務受託収入	0.0	-150000.0	-83637.0	0.0	0.0	0.0
202209	230L30100	61	情報機器利用料	93000.0	79000.0	78680.0	0.4	99.5	84.6
202209	230L30100	62	貸倒金	0.0	0.0	0.0	0.0	0.0	0.0
202209	230L30100	63	雑費	9000.0	6000.0	5143.0	0.0	85.7	57.1
202209	230L30100	64	福利消耗品費	10000.0	13000.0	7100.0	0.0	54.6	71.0
202209	230L30100	65	教育研修費	10000.0	10000.0	0.0	0.0	0.0	0.0
202209	230L30100	66	廃棄損	0.0	0.0	0.0	0.0	0.0	0.0
202209	230L30100	67	雑給	0.0	0.0	0.0	0.0	0.0	0.0
202209	230L30100	68	社内金利（固定資産）	1932177.0	1932177.0	1932176.0	10.4	99.9	99.9
202209	230L30100	69	社内金利（売掛金）	0.0	0.0	0.0	0.0	0.0	0.0
202209	230L30100	70	グループ共通	460700.0	460700.0	460700.0	2.4	100.0	100.0
202209	230L30100	71	差引収益	6387230.0	-1812760.0	-222235.0	0.0	0.0	0.0
202209	230L30100	72	差引比率	23.3	-10.6	-1.2		0.0	0.0
202209	230L30100	73	総時間	7431.0	6750.0	6791.75		100.6	91.3
202209	230L30100	74	定時間	7294.0	6579.0	6569.25		99.8	90.0
202209	230L30100	75	残業時間	123.0	216.0	226.5		104.8	184.1
202209	230L30100	76	移動時間	14.0	-45.0	-4.0		0.0	0.0
202209	230L30100	77	当月時間当り	859.5	-268.5	-32.7		0.0	0.0
202209	230L30100	78	人員	63.0	61.0	61.0		100.0	96.8
202210	230L30100	1	総受注高	0.0	0.0	0.0		0.0	0.0
202210	230L30100	2	総売上高	22700000.0	20918000.0	21001536.0		100.3	92.5
202210	230L30100	3	売上高	0.0	0.0	0.0	0.0	0.0	0.0
202210	230L30100	4	グループ売上高	0.0	0.0	0.0	0.0	0.0	0.0
202210	230L30100	5	社内売上高	22700000.0	20918000.0	21001536.0	100.0	100.3	92.5
202210	230L30100	7	販売奨励金	0.0	0.0	0.0	0.0	0.0	0.0
202210	230L30100	8	売上原価	0.0	0.0	0.0	0.0	0.0	0.0
202210	230L30100	9	仕入高	0.0	0.0	0.0	0.0	0.0	0.0
202210	230L30100	10	グループ仕入高	0.0	0.0	0.0	0.0	0.0	0.0
202210	230L30100	11	社内仕入高	0.0	0.0	0.0	0.0	0.0	0.0
202210	230L30100	12	荷造運搬費	0.0	0.0	0.0	0.0	0.0	0.0
202210	230L30100	13	販売手数料	0.0	0.0	0.0	0.0	0.0	0.0
202210	230L30100	14	総収益	22700000.0	20918000.0	21001536.0	100.0	100.3	92.5
202210	230L30100	15	経費合計	16986757.0	17571247.0	17195709.0	81.8	97.8	101.2
202210	230L30100	16	経費合計（原価）	12406000.0	13253000.0	12734597.0	60.6	96.0	102.6
202210	230L30100	17	種苗費*	0.0	0.0	0.0	0.0	0.0	0.0
202210	230L30100	18	肥料費*	685000.0	895000.0	658837.0	3.1	73.6	96.1
202210	230L30100	19	培土費用*	0.0	0.0	0.0	0.0	0.0	0.0
202210	230L30100	20	農薬衛生費*	498000.0	481000.0	304768.0	1.4	63.3	61.1
202210	230L30100	21	農具費*	105000.0	272000.0	139634.0	0.6	51.3	132.9
202210	230L30100	22	諸材料費*	3092000.0	2829000.0	2974424.0	14.1	105.1	96.1
202210	230L30100	23	その他仕入高*	0.0	0.0	-2406.0	0.0	0.0	0.0
202210	230L30100	24	減価償却費*	4062000.0	3962000.0	3961097.0	18.8	99.9	97.5
202210	230L30100	25	車両費*	0.0	0.0	0.0	0.0	0.0	0.0
202210	230L30100	26	水道光熱費*	160000.0	160000.0	178432.0	0.8	111.5	111.5
202210	230L30100	27	動力費*	1430000.0	1640000.0	1942655.0	9.2	118.4	135.8
202210	230L30100	28	燃料費*	430000.0	0.0	0.0	0.0	0.0	0.0
202210	230L30100	29	賃借料*	1249000.0	1249000.0	1248230.0	5.9	99.9	99.9
202210	230L30100	30	修繕費*	20000.0	70000.0	39474.0	0.1	56.3	197.3
202210	230L30100	31	診断料*	15000.0	15000.0	28500.0	0.1	190.0	190.0
202210	230L30100	32	租税公課*	0.0	0.0	0.0	0.0	0.0	0.0
202210	230L30100	33	業務委託費*	0.0	0.0	0.0	0.0	0.0	0.0
202210	230L30100	34	雑費*	600000.0	1620000.0	1215000.0	5.7	75.0	202.5
202210	230L30100	35	雑給*	60000.0	60000.0	45952.0	0.2	76.5	76.5
202210	230L30100	36	経費合計（販管費）	4580757.0	4318247.0	4461112.0	21.2	103.3	97.3
202210	230L30100	37	減価償却費	841488.0	841488.0	841488.0	4.0	100.0	100.0
202210	230L30100	38	車両費	234000.0	234000.0	230088.0	1.0	98.3	98.3
202210	230L30100	39	旅費交通費	10000.0	10000.0	-1.0	0.0	0.0	0.0
202210	230L30100	40	通信費	51000.0	42000.0	40425.0	0.1	96.2	79.2
202210	230L30100	41	水道光熱費	160000.0	160000.0	232580.0	1.1	145.3	145.3
202210	230L30100	42	事務用品費	34000.0	34000.0	21136.0	0.1	62.1	62.1
202210	230L30100	43	消耗品費	60000.0	77500.0	247179.0	1.1	318.9	411.9
202210	230L30100	44	廃棄物処理料	331000.0	361000.0	247864.0	1.1	68.6	74.8
202210	230L30100	45	広告宣伝費	0.0	0.0	0.0	0.0	0.0	0.0
202210	230L30100	46	接待交際費	0.0	0.0	0.0	0.0	0.0	0.0
202210	230L30100	47	賃借料	19000.0	19000.0	18727.0	0.0	98.5	98.5
202210	230L30100	48	賃貸料収入	-101000.0	-121000.0	-121000.0	0.0	0.0	0.0
202210	230L30100	49	修繕費	0.0	0.0	0.0	0.0	0.0	0.0
202210	230L30100	50	支払リース料	4375.0	4375.0	4375.0	0.0	100.0	100.0
202210	230L30100	51	保険料	161030.0	152020.0	152020.0	0.7	100.0	94.4
202210	230L30100	52	支払報酬	0.0	0.0	0.0	0.0	0.0	0.0
202210	230L30100	53	支払手数料	233000.0	245000.0	242050.0	1.1	98.7	103.8
202210	230L30100	54	診断料	0.0	0.0	0.0	0.0	0.0	0.0
202210	230L30100	55	諸会費	0.0	0.0	0.0	0.0	0.0	0.0
202210	230L30100	56	会議費	0.0	0.0	2406.0	0.0	0.0	0.0
202210	230L30100	57	寄付金	0.0	0.0	0.0	0.0	0.0	0.0
202210	230L30100	58	租税公課	0.0	0.0	0.0	0.0	0.0	0.0
202210	230L30100	59	業務委託費	40000.0	40000.0	40000.0	0.1	100.0	100.0
202210	230L30100	60	業務受託収入	0.0	-240000.0	-190911.0	0.0	0.0	0.0
202210	230L30100	61	情報機器利用料	93000.0	79000.0	78680.0	0.3	99.5	84.6
202210	230L30100	62	貸倒金	0.0	0.0	0.0	0.0	0.0	0.0
202210	230L30100	63	雑費	9000.0	6000.0	5143.0	0.0	85.7	57.1
202210	230L30100	64	福利消耗品費	32000.0	5000.0	0.0	0.0	0.0	0.0
202210	230L30100	65	教育研修費	0.0	0.0	0.0	0.0	0.0	0.0
202210	230L30100	66	廃棄損	0.0	0.0	0.0	0.0	0.0	0.0
202210	230L30100	67	雑給	0.0	0.0	0.0	0.0	0.0	0.0
202210	230L30100	68	社内金利（固定資産）	1908164.0	1908164.0	1908163.0	9.0	99.9	99.9
202210	230L30100	69	社内金利（売掛金）	0.0	0.0	0.0	0.0	0.0	0.0
202210	230L30100	70	グループ共通	460700.0	460700.0	460700.0	2.1	100.0	100.0
202210	230L30100	71	差引収益	5713243.0	3346753.0	3805827.0	18.1	113.7	66.6
202210	230L30100	72	差引比率	25.1	15.9	18.1		113.8	72.1
202210	230L30100	73	総時間	6877.0	6916.0	6675.25		96.5	97.0
202210	230L30100	74	定時間	6746.0	6761.0	6541.5		96.7	96.9
202210	230L30100	75	残業時間	117.0	150.0	148.5		99.0	126.9
202210	230L30100	76	移動時間	14.0	5.0	-14.75		0.0	0.0
202210	230L30100	77	当月時間当り	830.7	483.9	570.1		117.8	68.6
202210	230L30100	78	人員	63.0	60.0	61.0		101.6	96.8
202211	230L30100	1	総受注高	0.0	0.0	0.0		0.0	0.0
202211	230L30100	2	総売上高	25800000.0	33459000.0	33702391.0		100.7	130.6
202211	230L30100	3	売上高	0.0	0.0	0.0	0.0	0.0	0.0
202211	230L30100	4	グループ売上高	0.0	0.0	0.0	0.0	0.0	0.0
202211	230L30100	5	社内売上高	25800000.0	33459000.0	33702391.0	100.0	100.7	130.6
202211	230L30100	7	販売奨励金	0.0	0.0	0.0	0.0	0.0	0.0
202211	230L30100	8	売上原価	0.0	0.0	0.0	0.0	0.0	0.0
202211	230L30100	9	仕入高	0.0	0.0	0.0	0.0	0.0	0.0
202211	230L30100	10	グループ仕入高	0.0	0.0	0.0	0.0	0.0	0.0
202211	230L30100	11	社内仕入高	0.0	0.0	0.0	0.0	0.0	0.0
202211	230L30100	12	荷造運搬費	0.0	0.0	0.0	0.0	0.0	0.0
202211	230L30100	13	販売手数料	0.0	0.0	0.0	0.0	0.0	0.0
202211	230L30100	14	総収益	25800000.0	33459000.0	33702391.0	100.0	100.7	130.6
202211	230L30100	15	経費合計	17303744.0	18873739.0	17791179.0	52.7	94.2	102.8
202211	230L30100	16	経費合計（原価）	12945000.0	14490000.0	14332065.0	42.5	98.9	110.7
202211	230L30100	17	種苗費*	0.0	0.0	0.0	0.0	0.0	0.0
202211	230L30100	18	肥料費*	855000.0	1075000.0	1087136.0	3.2	101.1	127.1
202211	230L30100	19	培土費用*	0.0	0.0	0.0	0.0	0.0	0.0
202211	230L30100	20	農薬衛生費*	395000.0	395000.0	453634.0	1.3	114.8	114.8
202211	230L30100	21	農具費*	92000.0	176000.0	334524.0	0.9	190.0	363.6
202211	230L30100	22	諸材料費*	3555000.0	4546000.0	4696278.0	13.9	103.3	132.1
202211	230L30100	23	その他仕入高*	0.0	0.0	0.0	0.0	0.0	0.0
202211	230L30100	24	減価償却費*	4062000.0	3962000.0	3961097.0	11.7	99.9	97.5
202211	230L30100	25	車両費*	0.0	0.0	0.0	0.0	0.0	0.0
202211	230L30100	26	水道光熱費*	180000.0	180000.0	151616.0	0.4	84.2	84.2
202211	230L30100	27	動力費*	1030000.0	1630000.0	1265240.0	3.7	77.6	122.8
202211	230L30100	28	燃料費*	1290000.0	1080000.0	998400.0	2.9	92.4	77.3
202211	230L30100	29	賃借料*	1249000.0	1249000.0	1248230.0	3.7	99.9	99.9
202211	230L30100	30	修繕費*	20000.0	4000.0	17.0	0.0	0.4	0.0
202211	230L30100	31	診断料*	69000.0	45000.0	86122.0	0.2	191.3	124.8
202211	230L30100	32	租税公課*	0.0	0.0	0.0	0.0	0.0	0.0
202211	230L30100	33	業務委託費*	0.0	0.0	0.0	0.0	0.0	0.0
202211	230L30100	34	雑費*	100000.0	100000.0	0.0	0.0	0.0	0.0
202211	230L30100	35	雑給*	48000.0	48000.0	49771.0	0.1	103.6	103.6
202211	230L30100	36	経費合計（販管費）	4358744.0	4383739.0	3459114.0	10.2	78.9	79.3
202211	230L30100	37	減価償却費	841488.0	841488.0	841488.0	2.4	100.0	100.0
202211	230L30100	38	車両費	234000.0	234000.0	219160.0	0.6	93.6	93.6
202211	230L30100	39	旅費交通費	10000.0	10000.0	0.0	0.0	0.0	0.0
202211	230L30100	40	通信費	51000.0	42000.0	37877.0	0.1	90.1	74.2
202211	230L30100	41	水道光熱費	100000.0	160000.0	138211.0	0.4	86.3	138.2
202211	230L30100	42	事務用品費	34000.0	34000.0	22425.0	0.0	65.9	65.9
202211	230L30100	43	消耗品費	80000.0	60000.0	-130270.0	0.0	0.0	0.0
202211	230L30100	44	廃棄物処理料	363000.0	393000.0	231005.0	0.6	58.7	63.6
202211	230L30100	45	広告宣伝費	4000.0	4000.0	0.0	0.0	0.0	0.0
202211	230L30100	46	接待交際費	0.0	0.0	0.0	0.0	0.0	0.0
202211	230L30100	47	賃借料	19000.0	19000.0	18727.0	0.0	98.5	98.5
202211	230L30100	48	賃貸料収入	-101000.0	-121000.0	-121000.0	0.0	0.0	0.0
202211	230L30100	49	修繕費	0.0	348000.0	0.0	0.0	0.0	0.0
202211	230L30100	50	支払リース料	4375.0	4400.0	0.0	0.0	0.0	0.0
202211	230L30100	51	保険料	161030.0	0.0	0.0	0.0	0.0	0.0
202211	230L30100	52	支払報酬	0.0	0.0	0.0	0.0	0.0	0.0
202211	230L30100	53	支払手数料	71000.0	85000.0	42750.0	0.1	50.2	60.2
202211	230L30100	54	診断料	0.0	0.0	0.0	0.0	0.0	0.0
202211	230L30100	55	諸会費	0.0	0.0	0.0	0.0	0.0	0.0
202211	230L30100	56	会議費	0.0	0.0	0.0	0.0	0.0	0.0
202211	230L30100	57	寄付金	0.0	0.0	0.0	0.0	0.0	0.0
202211	230L30100	58	租税公課	0.0	0.0	0.0	0.0	0.0	0.0
202211	230L30100	59	業務委託費	40000.0	0.0	0.0	0.0	0.0	0.0
202211	230L30100	60	業務受託収入	0.0	-160000.0	-270912.0	0.0	0.0	0.0
202211	230L30100	61	情報機器利用料	93000.0	79000.0	78680.0	0.2	99.5	84.6
202211	230L30100	62	貸倒金	0.0	0.0	0.0	0.0	0.0	0.0
202211	230L30100	63	雑費	9000.0	6000.0	5143.0	0.0	85.7	57.1
202211	230L30100	64	福利消耗品費	0.0	0.0	979.0	0.0	0.0	0.0
202211	230L30100	65	教育研修費	0.0	0.0	0.0	0.0	0.0	0.0
202211	230L30100	66	廃棄損	0.0	0.0	0.0	0.0	0.0	0.0
202211	230L30100	67	雑給	0.0	0.0	0.0	0.0	0.0	0.0
202211	230L30100	68	社内金利（固定資産）	1884151.0	1884151.0	1884151.0	5.5	100.0	100.0
202211	230L30100	69	社内金利（売掛金）	0.0	0.0	0.0	0.0	0.0	0.0
202211	230L30100	70	グループ共通	460700.0	460700.0	460700.0	1.3	100.0	100.0
202211	230L30100	71	差引収益	8496256.0	14585261.0	15911212.0	47.2	109.0	187.2
202211	230L30100	72	差引比率	32.9	43.5	47.2		108.5	143.4
202211	230L30100	73	総時間	6766.0	7105.0	6699.5		94.2	99.0
202211	230L30100	74	定時間	6634.0	6959.0	6510.75		93.5	98.1
202211	230L30100	75	残業時間	118.0	146.0	190.5		130.4	161.4
202211	230L30100	76	移動時間	14.0	0.0	-1.75		0.0	0.0
202211	230L30100	77	当月時間当り	1255.7	2052.8	2374.9		115.6	189.1
202211	230L30100	78	人員	63.0	60.0	61.0		101.6	96.8
202212	230L30100	1	総受注高	0.0	0.0	0.0		0.0	0.0
202212	230L30100	2	総売上高	33900000.0	31182000.0	31522988.0		101.0	92.9
202212	230L30100	3	売上高	0.0	0.0	0.0	0.0	0.0	0.0
202212	230L30100	4	グループ売上高	0.0	0.0	0.0	0.0	0.0	0.0
202212	230L30100	5	社内売上高	33900000.0	31182000.0	31522988.0	100.0	101.0	92.9
202212	230L30100	7	販売奨励金	0.0	0.0	0.0	0.0	0.0	0.0
202212	230L30100	8	売上原価	0.0	0.0	0.0	0.0	0.0	0.0
202212	230L30100	9	仕入高	0.0	0.0	0.0	0.0	0.0	0.0
202212	230L30100	10	グループ仕入高	0.0	0.0	0.0	0.0	0.0	0.0
202212	230L30100	11	社内仕入高	0.0	0.0	0.0	0.0	0.0	0.0
202212	230L30100	12	荷造運搬費	0.0	0.0	0.0	0.0	0.0	0.0
202212	230L30100	13	販売手数料	0.0	0.0	0.0	0.0	0.0	0.0
202212	230L30100	14	総収益	33900000.0	31182000.0	31522988.0	100.0	101.0	92.9
202212	230L30100	15	経費合計	27611731.0	21934726.0	20392944.0	64.6	92.9	73.8
202212	230L30100	16	経費合計（原価）	21435000.0	17994000.0	16017694.0	50.8	89.0	74.7
202212	230L30100	17	種苗費*	0.0	0.0	0.0	0.0	0.0	0.0
202212	230L30100	18	肥料費*	855000.0	1075000.0	1207434.0	3.8	112.3	141.2
202212	230L30100	19	培土費用*	3018000.0	0.0	0.0	0.0	0.0	0.0
202212	230L30100	20	農薬衛生費*	298000.0	281000.0	302146.0	0.9	107.5	101.3
202212	230L30100	21	農具費*	890000.0	13000.0	26880.0	0.0	206.7	3.0
202212	230L30100	22	諸材料費*	4710000.0	5767000.0	4505160.0	14.2	78.1	95.6
202212	230L30100	23	その他仕入高*	0.0	0.0	0.0	0.0	0.0	0.0
202212	230L30100	24	減価償却費*	4062000.0	3962000.0	3961097.0	12.5	99.9	97.5
202212	230L30100	25	車両費*	0.0	0.0	0.0	0.0	0.0	0.0
202212	230L30100	26	水道光熱費*	150000.0	160000.0	121536.0	0.3	75.9	81.0
202212	230L30100	27	動力費*	1430000.0	1630000.0	1687305.0	5.3	103.5	117.9
202212	230L30100	28	燃料費*	4300000.0	3720000.0	2817350.0	8.9	75.7	65.5
202212	230L30100	29	賃借料*	1249000.0	1249000.0	1248230.0	3.9	99.9	99.9
202212	230L30100	30	修繕費*	300000.0	4000.0	6800.0	0.0	170.0	2.2
202212	230L30100	31	診断料*	125000.0	85000.0	22000.0	0.0	25.8	17.6
202212	230L30100	32	租税公課*	0.0	0.0	0.0	0.0	0.0	0.0
202212	230L30100	33	業務委託費*	0.0	0.0	0.0	0.0	0.0	0.0
202212	230L30100	34	雑費*	0.0	0.0	77650.0	0.2	0.0	0.0
202212	230L30100	35	雑給*	48000.0	48000.0	34106.0	0.1	71.0	71.0
202212	230L30100	36	経費合計（販管費）	6176731.0	3940726.0	4375250.0	13.8	111.0	70.8
202212	230L30100	37	減価償却費	841488.0	841488.0	841488.0	2.6	100.0	100.0
202212	230L30100	38	車両費	238000.0	238000.0	224731.0	0.7	94.4	94.4
202212	230L30100	39	旅費交通費	10000.0	20000.0	4073.0	0.0	20.3	40.7
202212	230L30100	40	通信費	51000.0	48000.0	42835.0	0.1	89.2	83.9
202212	230L30100	41	水道光熱費	160000.0	220000.0	200024.0	0.6	90.9	125.0
202212	230L30100	42	事務用品費	34000.0	34000.0	13872.0	0.0	40.8	40.8
202212	230L30100	43	消耗品費	90000.0	83000.0	44487.0	0.1	53.5	49.4
202212	230L30100	44	廃棄物処理料	2396000.0	292000.0	237687.0	0.7	81.3	9.9
202212	230L30100	45	広告宣伝費	1000.0	0.0	0.0	0.0	0.0	0.0
202212	230L30100	46	接待交際費	0.0	0.0	0.0	0.0	0.0	0.0
202212	230L30100	47	賃借料	19000.0	19000.0	18727.0	0.0	98.5	98.5
202212	230L30100	48	賃貸料収入	-101000.0	-121000.0	-121000.0	0.0	0.0	0.0
202212	230L30100	49	修繕費	0.0	0.0	348000.0	1.1	0.0	0.0
202212	230L30100	50	支払リース料	4375.0	4400.0	8800.0	0.0	200.0	201.1
202212	230L30100	51	保険料	161030.0	0.0	0.0	0.0	0.0	0.0
202212	230L30100	52	支払報酬	0.0	0.0	0.0	0.0	0.0	0.0
202212	230L30100	53	支払手数料	269000.0	333000.0	126750.0	0.4	38.0	47.1
202212	230L30100	54	診断料	0.0	0.0	0.0	0.0	0.0	0.0
202212	230L30100	55	諸会費	0.0	0.0	0.0	0.0	0.0	0.0
202212	230L30100	56	会議費	0.0	0.0	0.0	0.0	0.0	0.0
202212	230L30100	57	寄付金	0.0	0.0	0.0	0.0	0.0	0.0
202212	230L30100	58	租税公課	0.0	0.0	200.0	0.0	0.0	0.0
202212	230L30100	59	業務委託費	40000.0	0.0	0.0	0.0	0.0	0.0
202212	230L30100	60	業務受託収入	-500000.0	-500000.0	-72729.0	0.0	0.0	0.0
202212	230L30100	61	情報機器利用料	93000.0	79000.0	78680.0	0.2	99.5	84.6
202212	230L30100	62	貸倒金	0.0	0.0	0.0	0.0	0.0	0.0
202212	230L30100	63	雑費	9000.0	6000.0	22150.0	0.0	369.1	246.1
202212	230L30100	64	福利消耗品費	30000.0	23000.0	18519.0	0.0	80.5	61.7
202212	230L30100	65	教育研修費	10000.0	0.0	17118.0	0.0	0.0	171.1
202212	230L30100	66	廃棄損	0.0	0.0	0.0	0.0	0.0	0.0
202212	230L30100	67	雑給	0.0	0.0	0.0	0.0	0.0	0.0
202212	230L30100	68	社内金利（固定資産）	1860138.0	1860138.0	1860138.0	5.9	100.0	100.0
202212	230L30100	69	社内金利（売掛金）	0.0	0.0	0.0	0.0	0.0	0.0
202212	230L30100	70	グループ共通	460700.0	460700.0	460700.0	1.4	100.0	100.0
202212	230L30100	71	差引収益	6288269.0	9247274.0	11130044.0	35.3	120.3	176.9
202212	230L30100	72	差引比率	18.5	29.6	35.3		119.2	190.8
202212	230L30100	73	総時間	6557.0	6156.0	5693.0		92.4	86.8
202212	230L30100	74	定時間	6566.0	6118.0	5666.5		92.6	86.3
202212	230L30100	75	残業時間	97.0	115.0	110.5		96.0	113.9
202212	230L30100	76	移動時間	-106.0	-77.0	-84.0		0.0	0.0
202212	230L30100	77	当月時間当り	959.0	1502.1	1955.0		130.1	203.8
202212	230L30100	78	人員	63.0	60.0	60.0		100.0	95.2
202301	230L30100	1	総受注高	0.0	0.0	0.0		0.0	0.0
202301	230L30100	2	総売上高	21000000.0	20317000.0	18793610.0		92.5	89.4
202301	230L30100	3	売上高	0.0	0.0	0.0	0.0	0.0	0.0
202301	230L30100	4	グループ売上高	0.0	0.0	0.0	0.0	0.0	0.0
202301	230L30100	5	社内売上高	21000000.0	20317000.0	18793610.0	100.0	92.5	89.4
202301	230L30100	7	販売奨励金	0.0	0.0	0.0	0.0	0.0	0.0
202301	230L30100	8	売上原価	0.0	0.0	0.0	0.0	0.0	0.0
202301	230L30100	9	仕入高	0.0	0.0	0.0	0.0	0.0	0.0
202301	230L30100	10	グループ仕入高	0.0	0.0	0.0	0.0	0.0	0.0
202301	230L30100	11	社内仕入高	0.0	0.0	0.0	0.0	0.0	0.0
202301	230L30100	12	荷造運搬費	0.0	0.0	0.0	0.0	0.0	0.0
202301	230L30100	13	販売手数料	0.0	0.0	0.0	0.0	0.0	0.0
202301	230L30100	14	総収益	21000000.0	20317000.0	18793610.0	100.0	92.5	89.4
202301	230L30100	15	経費合計	26807330.0	23674213.0	19754005.0	105.1	83.4	73.6
202301	230L30100	16	経費合計（原価）	22328000.0	17596000.0	14856299.0	79.0	84.4	66.5
202301	230L30100	17	種苗費*	5661000.0	0.0	0.0	0.0	0.0	0.0
202301	230L30100	18	肥料費*	655000.0	601000.0	601295.0	3.1	100.0	91.8
202301	230L30100	19	培土費用*	0.0	0.0	0.0	0.0	0.0	0.0
202301	230L30100	20	農薬衛生費*	298000.0	395000.0	330957.0	1.7	83.7	111.0
202301	230L30100	21	農具費*	160000.0	947000.0	772267.0	4.1	81.5	482.6
202301	230L30100	22	諸材料費*	2990000.0	2791000.0	2877161.0	15.3	103.0	96.2
202301	230L30100	23	その他仕入高*	0.0	0.0	0.0	0.0	0.0	0.0
202301	230L30100	24	減価償却費*	4062000.0	3962000.0	3961097.0	21.0	99.9	97.5
202301	230L30100	25	車両費*	0.0	0.0	0.0	0.0	0.0	0.0
202301	230L30100	26	水道光熱費*	140000.0	160000.0	122304.0	0.6	76.4	87.3
202301	230L30100	27	動力費*	1830000.0	2030000.0	1769809.0	9.4	87.1	96.7
202301	230L30100	28	燃料費*	5163000.0	3153000.0	3031552.0	16.1	96.1	58.7
202301	230L30100	29	賃借料*	1249000.0	1249000.0	1248230.0	6.6	99.9	99.9
202301	230L30100	30	修繕費*	20000.0	2200000.0	42580.0	0.2	1.9	212.9
202301	230L30100	31	診断料*	52000.0	60000.0	59800.0	0.3	99.6	115.0
202301	230L30100	32	租税公課*	0.0	0.0	0.0	0.0	0.0	0.0
202301	230L30100	33	業務委託費*	0.0	0.0	0.0	0.0	0.0	0.0
202301	230L30100	34	雑費*	0.0	0.0	0.0	0.0	0.0	0.0
202301	230L30100	35	雑給*	48000.0	48000.0	39247.0	0.2	81.7	81.7
202301	230L30100	36	経費合計（販管費）	4479330.0	6078213.0	4897706.0	26.0	80.5	109.3
202301	230L30100	37	減価償却費	841488.0	841488.0	841488.0	4.4	100.0	100.0
202301	230L30100	38	車両費	234000.0	234000.0	229881.0	1.2	98.2	98.2
202301	230L30100	39	旅費交通費	10000.0	10000.0	0.0	0.0	0.0	0.0
202301	230L30100	40	通信費	51000.0	48000.0	43265.0	0.2	90.1	84.8
202301	230L30100	41	水道光熱費	180000.0	220000.0	188140.0	1.0	85.5	104.5
202301	230L30100	42	事務用品費	34000.0	34000.0	21263.0	0.1	62.5	62.5
202301	230L30100	43	消耗品費	85612.0	199500.0	184939.0	0.9	92.7	216.0
202301	230L30100	44	廃棄物処理料	296000.0	1348000.0	1120287.0	5.9	83.1	378.4
202301	230L30100	45	広告宣伝費	0.0	0.0	0.0	0.0	0.0	0.0
202301	230L30100	46	接待交際費	0.0	0.0	0.0	0.0	0.0	0.0
202301	230L30100	47	賃借料	19000.0	19000.0	18727.0	0.0	98.5	98.5
202301	230L30100	48	賃貸料収入	-101000.0	-121000.0	-121000.0	0.0	0.0	0.0
202301	230L30100	49	修繕費	0.0	0.0	0.0	0.0	0.0	0.0
202301	230L30100	50	支払リース料	4375.0	4400.0	4400.0	0.0	100.0	100.5
202301	230L30100	51	保険料	161030.0	0.0	0.0	0.0	0.0	0.0
202301	230L30100	52	支払報酬	0.0	0.0	0.0	0.0	0.0	0.0
202301	230L30100	53	支払手数料	225000.0	757000.0	32035.0	0.1	4.2	14.2
202301	230L30100	54	診断料	0.0	0.0	0.0	0.0	0.0	0.0
202301	230L30100	55	諸会費	0.0	0.0	0.0	0.0	0.0	0.0
202301	230L30100	56	会議費	0.0	0.0	0.0	0.0	0.0	0.0
202301	230L30100	57	寄付金	0.0	0.0	0.0	0.0	0.0	0.0
202301	230L30100	58	租税公課	0.0	0.0	0.0	0.0	0.0	0.0
202301	230L30100	59	業務委託費	40000.0	0.0	0.0	0.0	0.0	0.0
202301	230L30100	60	業務受託収入	0.0	0.0	-145456.0	0.0	0.0	0.0
202301	230L30100	61	情報機器利用料	93000.0	79000.0	78680.0	0.4	99.5	84.6
202301	230L30100	62	貸倒金	0.0	0.0	0.0	0.0	0.0	0.0
202301	230L30100	63	雑費	9000.0	106000.0	96350.0	0.5	90.8	
202301	230L30100	64	福利消耗品費	0.0	0.0	0.0	0.0	0.0	0.0
202301	230L30100	65	教育研修費	0.0	2000.0	7882.0	0.0	394.1	0.0
202301	230L30100	66	廃棄損	0.0	0.0	0.0	0.0	0.0	0.0
202301	230L30100	67	雑給	0.0	0.0	0.0	0.0	0.0	0.0
202301	230L30100	68	社内金利（固定資産）	1836125.0	1836125.0	1836125.0	9.7	100.0	100.0
202301	230L30100	69	社内金利（売掛金）	0.0	0.0	0.0	0.0	0.0	0.0
202301	230L30100	70	グループ共通	460700.0	460700.0	460700.0	2.4	100.0	100.0
202301	230L30100	71	差引収益	-5807330.0	-3357213.0	-960395.0	0.0	0.0	0.0
202301	230L30100	72	差引比率	-27.6	-16.5	-5.1		0.0	0.0
202301	230L30100	73	総時間	5281.0	5907.0	5732.75		97.0	108.5
202301	230L30100	74	定時間	5298.0	5854.0	5694.0		97.2	107.4
202301	230L30100	75	残業時間	69.0	106.0	86.25		81.3	125.0
202301	230L30100	76	移動時間	-86.0	-53.0	-47.5		0.0	0.0
202301	230L30100	77	当月時間当り	-1099.6	-568.3	-167.5		0.0	0.0
202301	230L30100	78	人員	63.0	60.0	60.0		100.0	95.2
202302	230L30100	1	総受注高	0.0	0.0	0.0		0.0	0.0
202302	230L30100	2	総売上高	21600000.0	19430000.0	19663386.0		101.2	91.0
202302	230L30100	3	売上高	0.0	0.0	0.0	0.0	0.0	0.0
202302	230L30100	4	グループ売上高	0.0	0.0	0.0	0.0	0.0	0.0
202302	230L30100	5	社内売上高	21600000.0	19430000.0	19663386.0	100.0	101.2	91.0
202302	230L30100	7	販売奨励金	0.0	0.0	0.0	0.0	0.0	0.0
202302	230L30100	8	売上原価	0.0	0.0	0.0	0.0	0.0	0.0
202302	230L30100	9	仕入高	0.0	0.0	0.0	0.0	0.0	0.0
202302	230L30100	10	グループ仕入高	0.0	0.0	0.0	0.0	0.0	0.0
202302	230L30100	11	社内仕入高	0.0	0.0	0.0	0.0	0.0	0.0
202302	230L30100	12	荷造運搬費	0.0	0.0	0.0	0.0	0.0	0.0
202302	230L30100	13	販売手数料	0.0	0.0	0.0	0.0	0.0	0.0
202302	230L30100	14	総収益	21600000.0	19430000.0	19663386.0	100.0	101.2	91.0
202302	230L30100	15	経費合計	21066705.0	23729200.0	23271070.0	118.3	98.0	110.4
202302	230L30100	16	経費合計（原価）	16244000.0	18133000.0	17607095.0	89.5	97.0	108.3
202302	230L30100	17	種苗費*	0.0	2934000.0	2995686.0	15.2	102.1	0.0
202302	230L30100	18	肥料費*	855000.0	1075000.0	950415.0	4.8	88.4	111.1
202302	230L30100	19	培土費用*	0.0	0.0	0.0	0.0	0.0	0.0
202302	230L30100	20	農薬衛生費*	495000.0	200000.0	112785.0	0.5	56.3	22.7
202302	230L30100	21	農具費*	158000.0	265000.0	297095.0	1.5	112.1	188.0
202302	230L30100	22	諸材料費*	3072000.0	3250000.0	2857565.0	14.5	87.9	93.0
202302	230L30100	23	その他仕入高*	0.0	0.0	-10426.0	0.0	0.0	0.0
202302	230L30100	24	減価償却費*	4062000.0	3962000.0	3961097.0	20.1	99.9	97.5
202302	230L30100	25	車両費*	0.0	0.0	0.0	0.0	0.0	0.0
202302	230L30100	26	水道光熱費*	140000.0	125000.0	123648.0	0.6	98.9	88.3
202302	230L30100	27	動力費*	1830000.0	1860000.0	1722144.0	8.7	92.5	94.1
202302	230L30100	28	燃料費*	4300000.0	3150000.0	3292000.0	16.7	104.5	76.5
202302	230L30100	29	賃借料*	1249000.0	1249000.0	1248230.0	6.3	99.9	99.9
202302	230L30100	30	修繕費*	20000.0	0.0	30523.0	0.1	0.0	152.6
202302	230L30100	31	診断料*	15000.0	15000.0	12500.0	0.0	83.3	83.3
202302	230L30100	32	租税公課*	0.0	0.0	0.0	0.0	0.0	0.0
202302	230L30100	33	業務委託費*	0.0	0.0	0.0	0.0	0.0	0.0
202302	230L30100	34	雑費*	0.0	0.0	0.0	0.0	0.0	0.0
202302	230L30100	35	雑給*	48000.0	48000.0	13833.0	0.0	28.8	28.8
202302	230L30100	36	経費合計（販管費）	4822705.0	5596200.0	5663975.0	28.8	101.2	117.4
202302	230L30100	37	減価償却費	841488.0	841488.0	841488.0	4.2	100.0	100.0
202302	230L30100	38	車両費	234000.0	191000.0	207236.0	1.0	108.5	88.5
202302	230L30100	39	旅費交通費	10000.0	10000.0	3755.0	0.0	37.5	37.5
202302	230L30100	40	通信費	49000.0	45000.0	42744.0	0.2	94.9	87.2
202302	230L30100	41	水道光熱費	200000.0	240000.0	202092.0	1.0	84.2	101.0
202302	230L30100	42	事務用品費	34000.0	34000.0	22273.0	0.1	65.5	65.5
202302	230L30100	43	消耗品費	60000.0	172500.0	298428.0	1.5	173.0	497.3
202302	230L30100	44	廃棄物処理料	331000.0	287000.0	257737.0	1.3	89.8	77.8
202302	230L30100	45	広告宣伝費	0.0	0.0	0.0	0.0	0.0	0.0
202302	230L30100	46	接待交際費	0.0	0.0	9624.0	0.0	0.0	0.0
202302	230L30100	47	賃借料	19000.0	19000.0	18727.0	0.0	98.5	98.5
202302	230L30100	48	賃貸料収入	-101000.0	-121000.0	-101000.0	0.0	0.0	0.0
202302	230L30100	49	修繕費	0.0	0.0	13500.0	0.0	0.0	0.0
202302	230L30100	50	支払リース料	4375.0	4400.0	4400.0	0.0	100.0	100.5
202302	230L30100	51	保険料	161030.0	0.0	0.0	0.0	0.0	0.0
202302	230L30100	52	支払報酬	0.0	0.0	0.0	0.0	0.0	0.0
202302	230L30100	53	支払手数料	25000.0	557000.0	549350.0	2.7	98.6	
202302	230L30100	54	診断料	0.0	0.0	0.0	0.0	0.0	0.0
202302	230L30100	55	諸会費	0.0	0.0	0.0	0.0	0.0	0.0
202302	230L30100	56	会議費	0.0	0.0	802.0	0.0	0.0	0.0
202302	230L30100	57	寄付金	0.0	0.0	0.0	0.0	0.0	0.0
202302	230L30100	58	租税公課	0.0	0.0	5.0	0.0	0.0	0.0
202302	230L30100	59	業務委託費	40000.0	0.0	0.0	0.0	0.0	0.0
202302	230L30100	60	業務受託収入	0.0	-40000.0	-29092.0	0.0	0.0	0.0
202302	230L30100	61	情報機器利用料	93000.0	79000.0	78680.0	0.4	99.5	84.6
202302	230L30100	62	貸倒金	0.0	0.0	0.0	0.0	0.0	0.0
202302	230L30100	63	雑費	549000.0	996000.0	968578.0	4.9	97.2	176.4
202302	230L30100	64	福利消耗品費	0.0	0.0	1836.0	0.0	0.0	0.0
202302	230L30100	65	教育研修費	0.0	8000.0	0.0	0.0	0.0	0.0
202302	230L30100	66	廃棄損	0.0	0.0	0.0	0.0	0.0	0.0
202302	230L30100	67	雑給	0.0	0.0	0.0	0.0	0.0	0.0
202302	230L30100	68	社内金利（固定資産）	1812112.0	1812112.0	1812112.0	9.2	100.0	100.0
202302	230L30100	69	社内金利（売掛金）	0.0	0.0	0.0	0.0	0.0	0.0
202302	230L30100	70	グループ共通	460700.0	460700.0	460700.0	2.3	100.0	100.0
202302	230L30100	71	差引収益	533295.0	-4299200.0	-3607684.0	0.0	0.0	0.0
202302	230L30100	72	差引比率	2.4	-22.1	-18.3		0.0	0.0
202302	230L30100	73	総時間	5591.0	5793.0	5608.5		96.8	100.3
202302	230L30100	74	定時間	5508.0	5742.0	5541.75		96.5	100.6
202302	230L30100	75	残業時間	69.0	106.0	103.75		97.8	150.3
202302	230L30100	76	移動時間	14.0	-55.0	-37.0		0.0	0.0
202302	230L30100	77	当月時間当り	95.3	-742.1	-643.2		0.0	0.0
202302	230L30100	78	人員	63.0	60.0	60.0		100.0	95.2
202303	230L30100	1	総受注高	0.0	0.0	0.0		0.0	0.0
202303	230L30100	2	総売上高	25500000.0	26791000.0	26808462.0		100.0	105.1
202303	230L30100	3	売上高	0.0	0.0	0.0	0.0	0.0	0.0
202303	230L30100	4	グループ売上高	0.0	0.0	0.0	0.0	0.0	0.0
202303	230L30100	5	社内売上高	25500000.0	26791000.0	26808462.0	100.0	100.0	105.1
202303	230L30100	7	販売奨励金	0.0	0.0	0.0	0.0	0.0	0.0
202303	230L30100	8	売上原価	0.0	0.0	0.0	0.0	0.0	0.0
202303	230L30100	9	仕入高	0.0	0.0	0.0	0.0	0.0	0.0
202303	230L30100	10	グループ仕入高	0.0	0.0	0.0	0.0	0.0	0.0
202303	230L30100	11	社内仕入高	0.0	0.0	0.0	0.0	0.0	0.0
202303	230L30100	12	荷造運搬費	0.0	0.0	0.0	0.0	0.0	0.0
202303	230L30100	13	販売手数料	0.0	0.0	0.0	0.0	0.0	0.0
202303	230L30100	14	総収益	25500000.0	26791000.0	26808462.0	100.0	100.0	105.1
202303	230L30100	15	経費合計	20808078.0	24112523.0	24290291.0	90.6	100.7	116.7
202303	230L30100	16	経費合計（原価）	15302000.0	18872000.0	19692148.0	73.4	104.3	128.6
202303	230L30100	17	種苗費*	0.0	0.0	0.0	0.0	0.0	0.0
202303	230L30100	18	肥料費*	855000.0	1075000.0	1181484.0	4.4	109.9	138.1
202303	230L30100	19	培土費用*	0.0	0.0	0.0	0.0	0.0	0.0
202303	230L30100	20	農薬衛生費*	595000.0	479000.0	469745.0	1.7	98.0	78.9
202303	230L30100	21	農具費*	457000.0	475000.0	400466.0	1.4	84.3	87.6
202303	230L30100	22	諸材料費*	3864000.0	4034000.0	4173848.0	15.5	103.4	108.0
202303	230L30100	23	その他仕入高*	0.0	0.0	-3208.0	0.0	0.0	0.0
202303	230L30100	24	減価償却費*	4047000.0	3947000.0	3946755.0	14.7	99.9	97.5
202303	230L30100	25	車両費*	0.0	0.0	0.0	0.0	0.0	0.0
202303	230L30100	26	水道光熱費*	140000.0	140000.0	117504.0	0.4	83.9	83.9
202303	230L30100	27	動力費*	1330000.0	1186000.0	1186056.0	4.4	100.0	89.1
202303	230L30100	28	燃料費*	2580000.0	2700000.0	3272100.0	12.2	121.1	126.8
202303	230L30100	29	賃借料*	1249000.0	1249000.0	1248230.0	4.6	99.9	99.9
202303	230L30100	30	修繕費*	100000.0	3474000.0	3625438.0	13.5	104.3	
202303	230L30100	31	診断料*	25000.0	65000.0	25500.0	0.0	39.2	102.0
202303	230L30100	32	租税公課*	0.0	0.0	0.0	0.0	0.0	0.0
202303	230L30100	33	業務委託費*	0.0	0.0	0.0	0.0	0.0	0.0
202303	230L30100	34	雑費*	0.0	0.0	0.0	0.0	0.0	0.0
202303	230L30100	35	雑給*	60000.0	48000.0	48230.0	0.1	100.4	80.3
202303	230L30100	36	経費合計（販管費）	5506078.0	5240523.0	4598143.0	17.1	87.7	83.5
202303	230L30100	37	減価償却費	840799.0	840799.0	840799.0	3.1	100.0	100.0
202303	230L30100	38	車両費	238000.0	218000.0	203760.0	0.7	93.4	85.6
202303	230L30100	39	旅費交通費	10000.0	54000.0	68845.0	0.2	127.4	688.4
202303	230L30100	40	通信費	49000.0	45000.0	43125.0	0.1	95.8	88.0
202303	230L30100	41	水道光熱費	130000.0	125000.0	124665.0	0.4	99.7	95.8
202303	230L30100	42	事務用品費	34000.0	34000.0	15326.0	0.0	45.0	45.0
202303	230L30100	43	消耗品費	110000.0	300000.0	133649.0	0.4	44.5	121.4
202303	230L30100	44	廃棄物処理料	962000.0	287000.0	186700.0	0.6	65.0	19.4
202303	230L30100	45	広告宣伝費	35000.0	0.0	0.0	0.0	0.0	0.0
202303	230L30100	46	接待交際費	0.0	0.0	0.0	0.0	0.0	0.0
202303	230L30100	47	賃借料	19000.0	19000.0	18727.0	0.0	98.5	98.5
202303	230L30100	48	賃貸料収入	-101000.0	-121000.0	-101000.0	0.0	0.0	0.0
202303	230L30100	49	修繕費	100000.0	100000.0	0.0	0.0	0.0	0.0
202303	230L30100	50	支払リース料	4375.0	4400.0	4400.0	0.0	100.0	100.5
202303	230L30100	51	保険料	161030.0	681450.0	681450.0	2.5	100.0	423.1
202303	230L30100	52	支払報酬	0.0	0.0	0.0	0.0	0.0	0.0
202303	230L30100	53	支払手数料	63000.0	309000.0	70650.0	0.2	22.8	112.1
202303	230L30100	54	診断料	0.0	0.0	0.0	0.0	0.0	0.0
202303	230L30100	55	諸会費	0.0	0.0	0.0	0.0	0.0	0.0
202303	230L30100	56	会議費	0.0	0.0	3063.0	0.0	0.0	0.0
202303	230L30100	57	寄付金	0.0	0.0	0.0	0.0	0.0	0.0
202303	230L30100	58	租税公課	0.0	0.0	4000.0	0.0	0.0	0.0
202303	230L30100	59	業務委託費	40000.0	0.0	0.0	0.0	0.0	0.0
202303	230L30100	60	業務受託収入	0.0	0.0	-32728.0	0.0	0.0	0.0
202303	230L30100	61	情報機器利用料	93000.0	79000.0	78680.0	0.2	99.5	84.6
202303	230L30100	62	貸倒金	0.0	0.0	0.0	0.0	0.0	0.0
202303	230L30100	63	雑費	459000.0	6000.0	5158.0	0.0	85.9	1.1
202303	230L30100	64	福利消耗品費	0.0	0.0	0.0	0.0	0.0	0.0
202303	230L30100	65	教育研修費	10000.0	10000.0	0.0	0.0	0.0	0.0
202303	230L30100	66	廃棄損	0.0	0.0	0.0	0.0	0.0	0.0
202303	230L30100	67	雑給	0.0	0.0	0.0	0.0	0.0	0.0
202303	230L30100	68	社内金利（固定資産）	1788174.0	1788174.0	1788174.0	6.6	100.0	100.0
202303	230L30100	69	社内金利（売掛金）	0.0	0.0	0.0	0.0	0.0	0.0
202303	230L30100	70	グループ共通	460700.0	460700.0	460700.0	1.7	100.0	100.0
202303	230L30100	71	差引収益	4691922.0	2678477.0	2518171.0	9.3	94.0	53.6
202303	230L30100	72	差引比率	18.3	9.9	9.3		93.9	50.8
202303	230L30100	73	総時間	6289.0	6698.0	6433.0		96.0	102.2
202303	230L30100	74	定時間	6194.0	6592.0	6338.75		96.1	102.3
202303	230L30100	75	残業時間	81.0	106.0	93.0		87.7	114.8
202303	230L30100	76	移動時間	14.0	0.0	1.25		0.0	8.9
202303	230L30100	77	当月時間当り	746.0	399.8	391.4		97.8	52.4
202303	230L30100	78	人員	63.0	60.0	60.0		100.0	95.2
202304	230L30100	1	総受注高	0.0	0.0	0.0		0.0	0.0
202304	230L30100	2	総売上高	31000000.0	29597086.0	30815406.0		104.1	99.4
202304	230L30100	3	売上高	0.0	0.0	0.0	0.0	0.0	0.0
202304	230L30100	4	グループ売上高	0.0	0.0	0.0	0.0	0.0	0.0
202304	230L30100	5	社内売上高	31000000.0	29597086.0	30815406.0	100.0	104.1	99.4
202304	230L30100	7	販売奨励金	0.0	0.0	0.0	0.0	0.0	0.0
202304	230L30100	8	売上原価	0.0	0.0	0.0	0.0	0.0	0.0
202304	230L30100	9	仕入高	0.0	0.0	0.0	0.0	0.0	0.0
202304	230L30100	10	グループ仕入高	0.0	0.0	0.0	0.0	0.0	0.0
202304	230L30100	11	社内仕入高	0.0	0.0	0.0	0.0	0.0	0.0
202304	230L30100	12	荷造運搬費	0.0	0.0	0.0	0.0	0.0	0.0
202304	230L30100	13	販売手数料	0.0	0.0	0.0	0.0	0.0	0.0
202304	230L30100	14	総収益	31000000.0	29597086.0	30815406.0	100.0	104.1	99.4
202304	230L30100	15	経費合計	22933445.0	22417681.0	23510706.0	76.2	104.8	102.5
202304	230L30100	16	経費合計（原価）	18318884.0	17757000.0	18819164.0	61.0	105.9	102.7
202304	230L30100	17	種苗費*	2680000.0	2683000.0	2784405.0	9.0	103.7	103.8
202304	230L30100	18	肥料費*	900000.0	900000.0	1224890.0	3.9	136.0	136.0
202304	230L30100	19	培土費用*	0.0	0.0	0.0	0.0	0.0	0.0
202304	230L30100	20	農薬衛生費*	440000.0	397000.0	273589.0	0.8	68.9	62.1
202304	230L30100	21	農具費*	630000.0	178000.0	831102.0	2.6	466.9	131.9
202304	230L30100	22	諸材料費*	6110000.0	6102000.0	5792268.0	18.7	94.9	94.7
202304	230L30100	23	その他仕入高*	0.0	0.0	0.0	0.0	0.0	0.0
202304	230L30100	24	減価償却費*	3748884.0	3749000.0	3748884.0	12.1	99.9	100.0
202304	230L30100	25	車両費*	0.0	0.0	0.0	0.0	0.0	0.0
202304	230L30100	26	水道光熱費*	160000.0	160000.0	124352.0	0.4	77.7	77.7
202304	230L30100	27	動力費*	1360000.0	1360000.0	1233276.0	4.0	90.6	90.6
202304	230L30100	28	燃料費*	860000.0	777000.0	760308.0	2.4	97.8	88.4
202304	230L30100	29	賃借料*	1240000.0	1249000.0	1248230.0	4.0	99.9	100.6
202304	230L30100	30	修繕費*	30000.0	30000.0	657908.0	2.1		
202304	230L30100	31	診断料*	70000.0	72000.0	22000.0	0.0	30.5	31.4
202304	230L30100	32	租税公課*	0.0	0.0	0.0	0.0	0.0	0.0
202304	230L30100	33	業務委託費*	0.0	0.0	0.0	0.0	0.0	0.0
202304	230L30100	34	雑費*	0.0	0.0	0.0	0.0	0.0	0.0
202304	230L30100	35	雑給*	90000.0	100000.0	117952.0	0.3	117.9	131.0
202304	230L30100	36	経費合計（販管費）	4614561.0	4660681.0	4691542.0	15.2	100.6	101.6
202304	230L30100	37	減価償却費	826212.0	826212.0	826212.0	2.6	100.0	100.0
202304	230L30100	38	車両費	180000.0	183000.0	147239.0	0.4	80.4	81.7
202304	230L30100	39	旅費交通費	10000.0	10000.0	12873.0	0.0	128.7	128.7
202304	230L30100	40	通信費	40000.0	44000.0	42532.0	0.1	96.6	106.3
202304	230L30100	41	水道光熱費	160000.0	160000.0	147594.0	0.4	92.2	92.2
202304	230L30100	42	事務用品費	30000.0	30000.0	30359.0	0.0	101.1	101.1
202304	230L30100	43	消耗品費	130000.0	130000.0	183075.0	0.5	140.8	140.8
202304	230L30100	44	廃棄物処理料	260000.0	264000.0	328237.0	1.0	124.3	126.2
202304	230L30100	45	広告宣伝費	0.0	0.0	0.0	0.0	0.0	0.0
202304	230L30100	46	接待交際費	0.0	0.0	0.0	0.0	0.0	0.0
202304	230L30100	47	賃借料	10000.0	19000.0	98727.0	0.3	519.6	987.2
202304	230L30100	48	賃貸料収入	-120000.0	-121000.0	-121000.0	0.0	0.0	0.0
202304	230L30100	49	修繕費	0.0	0.0	0.0	0.0	0.0	0.0
202304	230L30100	50	支払リース料	0.0	4400.0	4400.0	0.0	100.0	0.0
202304	230L30100	51	保険料	150000.0	152020.0	0.0	0.0	0.0	0.0
202304	230L30100	52	支払報酬	0.0	0.0	0.0	0.0	0.0	0.0
202304	230L30100	53	支払手数料	740000.0	741000.0	736290.0	2.3	99.3	99.4
202304	230L30100	54	診断料	0.0	0.0	0.0	0.0	0.0	0.0
202304	230L30100	55	諸会費	0.0	0.0	0.0	0.0	0.0	0.0
202304	230L30100	56	会議費	0.0	0.0	0.0	0.0	0.0	0.0
202304	230L30100	57	寄付金	0.0	0.0	0.0	0.0	0.0	0.0
202304	230L30100	58	租税公課	0.0	0.0	0.0	0.0	0.0	0.0
202304	230L30100	59	業務委託費	0.0	0.0	0.0	0.0	0.0	0.0
202304	230L30100	60	業務受託収入	-50000.0	-53000.0	-73001.0	0.0	0.0	0.0
202304	230L30100	61	情報機器利用料	70000.0	78000.0	77880.0	0.2	99.8	111.2
202304	230L30100	62	貸倒金	0.0	0.0	0.0	0.0	0.0	0.0
202304	230L30100	63	雑費	100000.0	106000.0	57976.0	0.1	54.6	57.9
202304	230L30100	64	福利消耗品費	0.0	1000.0	0.0	0.0	0.0	0.0
202304	230L30100	65	教育研修費	0.0	3000.0	2150.0	0.0	71.6	0.0
202304	230L30100	66	廃棄損	0.0	0.0	0.0	0.0	0.0	0.0
202304	230L30100	67	雑給	0.0	0.0	0.0	0.0	0.0	0.0
202304	230L30100	68	社内金利（固定資産）	1658349.0	1658349.0	1765299.0	5.7	106.4	106.4
202304	230L30100	69	社内金利（売掛金）	0.0	0.0	0.0	0.0	0.0	0.0
202304	230L30100	70	グループ共通	420000.0	424700.0	424700.0	1.3	100.0	101.1
202304	230L30100	71	差引収益	8066555.0	7179405.0	7304700.0	23.7	101.7	90.5
202304	230L30100	72	差引比率	26.0	24.2	23.7		97.9	91.1
202304	230L30100	73	総時間	6486.0	6250.0	6237.25		99.7	96.1
202304	230L30100	74	定時間	6336.0	6119.0	6000.25		98.0	94.7
202304	230L30100	75	残業時間	144.0	127.0	237.0		186.6	164.5
202304	230L30100	76	移動時間	6.0	4.0	0.0		0.0	0.0
202304	230L30100	77	当月時間当り	1243.6	1148.7	1171.1		101.9	94.1
202304	230L30100	78	人員	59.0	59.0	59.0		100.0	100.0
202305	230L30100	1	総受注高	0.0	0.0	0.0		0.0	0.0
202305	230L30100	2	総売上高	30000000.0	31719253.0	31543978.0		99.4	105.1
202305	230L30100	3	売上高	0.0	0.0	0.0	0.0	0.0	0.0
202305	230L30100	4	グループ売上高	0.0	0.0	0.0	0.0	0.0	0.0
202305	230L30100	5	社内売上高	30000000.0	31719253.0	31543978.0	100.0	99.4	105.1
202305	230L30100	7	販売奨励金	0.0	0.0	0.0	0.0	0.0	0.0
202305	230L30100	8	売上原価	0.0	0.0	0.0	0.0	0.0	0.0
202305	230L30100	9	仕入高	0.0	0.0	0.0	0.0	0.0	0.0
202305	230L30100	10	グループ仕入高	0.0	0.0	0.0	0.0	0.0	0.0
202305	230L30100	11	社内仕入高	0.0	0.0	0.0	0.0	0.0	0.0
202305	230L30100	12	荷造運搬費	0.0	0.0	0.0	0.0	0.0	0.0
202305	230L30100	13	販売手数料	0.0	0.0	0.0	0.0	0.0	0.0
202305	230L30100	14	総収益	30000000.0	31719253.0	31543978.0	100.0	99.4	105.1
202305	230L30100	15	経費合計	32580569.0	29999805.0	29936572.0	94.9	99.7	91.8
202305	230L30100	16	経費合計（原価）	19908884.0	17396000.0	18542533.0	58.7	106.5	93.1
202305	230L30100	17	種苗費*	3010000.0	3015000.0	3014310.0	9.5	99.9	100.1
202305	230L30100	18	肥料費*	1250000.0	1320000.0	1354351.0	4.2	102.6	108.3
202305	230L30100	19	培土費用*	0.0	0.0	0.0	0.0	0.0	0.0
202305	230L30100	20	農薬衛生費*	590000.0	655000.0	564183.0	1.7	86.1	95.6
202305	230L30100	21	農具費*	90000.0	105000.0	988272.0	3.1	941.2	
202305	230L30100	22	諸材料費*	4590000.0	4884000.0	5359184.0	16.9	109.7	116.7
202305	230L30100	23	その他仕入高*	0.0	0.0	0.0	0.0	0.0	0.0
202305	230L30100	24	減価償却費*	3748884.0	3749000.0	3748884.0	11.8	99.9	100.0
202305	230L30100	25	車両費*	0.0	0.0	0.0	0.0	0.0	0.0
202305	230L30100	26	水道光熱費*	160000.0	126000.0	125504.0	0.3	99.6	78.4
202305	230L30100	27	動力費*	1230000.0	1044000.0	1047968.0	3.3	100.3	85.2
202305	230L30100	28	燃料費*	690000.0	680000.0	670400.0	2.1	98.5	97.1
202305	230L30100	29	賃借料*	1240000.0	1249000.0	1248230.0	3.9	99.9	100.6
202305	230L30100	30	修繕費*	1760000.0	180000.0	0.0	0.0	0.0	0.0
202305	230L30100	31	診断料*	110000.0	172000.0	24283.0	0.0	14.1	22.0
202305	230L30100	32	租税公課*	0.0	0.0	0.0	0.0	0.0	0.0
202305	230L30100	33	業務委託費*	0.0	0.0	0.0	0.0	0.0	0.0
202305	230L30100	34	雑費*	1400000.0	0.0	76844.0	0.2	0.0	5.4
202305	230L30100	35	雑給*	40000.0	217000.0	320120.0	1.0	147.5	800.3
202305	230L30100	36	経費合計（販管費）	12671685.0	12603805.0	11394039.0	36.1	90.4	89.9
202305	230L30100	37	減価償却費	826212.0	826212.0	826212.0	2.6	100.0	100.0
202305	230L30100	38	車両費	200000.0	202000.0	167239.0	0.5	82.7	83.6
202305	230L30100	39	旅費交通費	10000.0	10000.0	6545.0	0.0	65.4	65.4
202305	230L30100	40	通信費	40000.0	44000.0	42551.0	0.1	96.7	106.3
202305	230L30100	41	水道光熱費	120000.0	113000.0	112606.0	0.3	99.6	93.8
202305	230L30100	42	事務用品費	30000.0	30000.0	28136.0	0.0	93.7	93.7
202305	230L30100	43	消耗品費	110000.0	90000.0	67304.0	0.2	74.7	61.1
202305	230L30100	44	廃棄物処理料	570000.0	296000.0	252419.0	0.8	85.2	44.2
202305	230L30100	45	広告宣伝費	0.0	0.0	0.0	0.0	0.0	0.0
202305	230L30100	46	接待交際費	0.0	0.0	0.0	0.0	0.0	0.0
202305	230L30100	47	賃借料	10000.0	19000.0	-61273.0	0.0	0.0	0.0
202305	230L30100	48	賃貸料収入	-120000.0	-121000.0	-121000.0	0.0	0.0	0.0
202305	230L30100	49	修繕費	0.0	98000.0	0.0	0.0	0.0	0.0
202305	230L30100	50	支払リース料	0.0	4400.0	4400.0	0.0	100.0	0.0
202305	230L30100	51	保険料	150000.0	152020.0	0.0	0.0	0.0	0.0
202305	230L30100	52	支払報酬	0.0	0.0	0.0	0.0	0.0	0.0
202305	230L30100	53	支払手数料	30000.0	97000.0	92950.0	0.2	95.8	309.8
202305	230L30100	54	診断料	0.0	0.0	0.0	0.0	0.0	0.0
202305	230L30100	55	諸会費	0.0	9000.0	4000.0	0.0	44.4	0.0
202305	230L30100	56	会議費	0.0	0.0	0.0	0.0	0.0	0.0
202305	230L30100	57	寄付金	0.0	0.0	0.0	0.0	0.0	0.0
202305	230L30100	58	租税公課	8120000.0	8126000.0	7252600.0	22.9	89.2	89.3
202305	230L30100	59	業務委託費	0.0	0.0	0.0	0.0	0.0	0.0
202305	230L30100	60	業務受託収入	-50000.0	-53000.0	-71183.0	0.0	0.0	0.0
202305	230L30100	61	情報機器利用料	70000.0	78000.0	77880.0	0.2	99.8	111.2
202305	230L30100	62	貸倒金	0.0	0.0	0.0	0.0	0.0	0.0
202305	230L30100	63	雑費	480000.0	517000.0	540132.0	1.7	104.4	112.5
202305	230L30100	64	福利消耗品費	20000.0	6000.0	5398.0	0.0	89.9	26.9
202305	230L30100	65	教育研修費	0.0	0.0	0.0	0.0	0.0	0.0
202305	230L30100	66	廃棄損	0.0	0.0	0.0	0.0	0.0	0.0
202305	230L30100	67	雑給	0.0	0.0	0.0	0.0	0.0	0.0
202305	230L30100	68	社内金利（固定資産）	1635473.0	1635473.0	1742423.0	5.5	106.5	106.5
202305	230L30100	69	社内金利（売掛金）	0.0	0.0	0.0	0.0	0.0	0.0
202305	230L30100	70	グループ共通	420000.0	424700.0	424700.0	1.3	100.0	101.1
202305	230L30100	71	差引収益	-2580569.0	1719448.0	1607406.0	5.0	93.4	0.0
202305	230L30100	72	差引比率	-8.6	5.4	5.0		92.5	0.0
202305	230L30100	73	総時間	7810.25	7303.0	7215.5		98.8	92.3
202305	230L30100	74	定時間	7484.0	6982.0	6704.75		96.0	89.5
202305	230L30100	75	残業時間	316.25	311.0	512.75		164.8	162.1
202305	230L30100	76	移動時間	10.0	10.0	-2.0		0.0	0.0
202305	230L30100	77	当月時間当り	-330.4	235.4	222.7		94.6	0.0
202305	230L30100	78	人員	59.0	59.0	58.0		98.3	98.3
202306	230L30100	1	総受注高	0.0	0.0	0.0		0.0	0.0
202306	230L30100	2	総売上高	33000000.0	36143184.0	33885062.0		93.7	102.6
202306	230L30100	3	売上高	0.0	0.0	0.0	0.0	0.0	0.0
202306	230L30100	4	グループ売上高	0.0	0.0	0.0	0.0	0.0	0.0
202306	230L30100	5	社内売上高	33000000.0	36143184.0	33885062.0	100.0	93.7	102.6
202306	230L30100	7	販売奨励金	0.0	0.0	0.0	0.0	0.0	0.0
202306	230L30100	8	売上原価	0.0	0.0	0.0	0.0	0.0	0.0
202306	230L30100	9	仕入高	0.0	0.0	0.0	0.0	0.0	0.0
202306	230L30100	10	グループ仕入高	0.0	0.0	0.0	0.0	0.0	0.0
202306	230L30100	11	社内仕入高	0.0	0.0	0.0	0.0	0.0	0.0
202306	230L30100	12	荷造運搬費	0.0	0.0	0.0	0.0	0.0	0.0
202306	230L30100	13	販売手数料	0.0	0.0	0.0	0.0	0.0	0.0
202306	230L30100	14	総収益	33000000.0	36143184.0	33885062.0	100.0	93.7	102.6
202306	230L30100	15	経費合計	20587694.0	23444910.0	25182129.0	74.3	107.4	122.3
202306	230L30100	16	経費合計（原価）	16818884.0	19604000.0	21172897.0	62.4	108.0	125.8
202306	230L30100	17	種苗費*	0.0	0.0	0.0	0.0	0.0	0.0
202306	230L30100	18	肥料費*	770000.0	996000.0	1665829.0	4.9	167.2	216.3
202306	230L30100	19	培土費用*	3890000.0	3897000.0	3896640.0	11.4	99.9	100.1
202306	230L30100	20	農薬衛生費*	360000.0	310000.0	485267.0	1.4	156.5	134.7
202306	230L30100	21	農具費*	60000.0	83000.0	54027.0	0.1	65.0	90.0
202306	230L30100	22	諸材料費*	4340000.0	5364000.0	6172642.0	18.2	115.0	142.2
202306	230L30100	23	その他仕入高*	0.0	0.0	0.0	0.0	0.0	0.0
202306	230L30100	24	減価償却費*	3748884.0	3749000.0	3748884.0	11.0	99.9	100.0
202306	230L30100	25	車両費*	0.0	0.0	0.0	0.0	0.0	0.0
202306	230L30100	26	水道光熱費*	160000.0	167000.0	166656.0	0.4	99.7	104.1
202306	230L30100	27	動力費*	1830000.0	1016000.0	1016050.0	2.9	100.0	55.5
202306	230L30100	28	燃料費*	0.0	0.0	0.0	0.0	0.0	0.0
202306	230L30100	29	賃借料*	1240000.0	1249000.0	1248230.0	3.6	99.9	100.6
202306	230L30100	30	修繕費*	30000.0	48000.0	3690.0	0.0	7.6	12.3
202306	230L30100	31	診断料*	80000.0	107000.0	136400.0	0.4	127.4	170.5
202306	230L30100	32	租税公課*	0.0	0.0	0.0	0.0	0.0	0.0
202306	230L30100	33	業務委託費*	0.0	0.0	0.0	0.0	0.0	0.0
202306	230L30100	34	雑費*	240000.0	2050000.0	2006500.0	5.9	97.8	836.0
202306	230L30100	35	雑給*	70000.0	568000.0	572082.0	1.6	100.7	817.2
202306	230L30100	36	経費合計（販管費）	3768810.0	3840910.0	4009232.0	11.8	104.3	106.3
202306	230L30100	37	減価償却費	826212.0	826212.0	826212.0	2.4	100.0	100.0
202306	230L30100	38	車両費	140000.0	142000.0	143722.0	0.4	101.2	102.6
202306	230L30100	39	旅費交通費	10000.0	10000.0	0.0	0.0	0.0	0.0
202306	230L30100	40	通信費	40000.0	44000.0	42826.0	0.1	97.3	107.0
202306	230L30100	41	水道光熱費	150000.0	130000.0	127909.0	0.3	98.3	85.2
202306	230L30100	42	事務用品費	30000.0	30000.0	19116.0	0.0	63.7	63.7
202306	230L30100	43	消耗品費	60000.0	85000.0	71996.0	0.2	84.7	119.9
202306	230L30100	44	廃棄物処理料	290000.0	515000.0	368873.0	1.0	71.6	127.1
202306	230L30100	45	広告宣伝費	0.0	0.0	0.0	0.0	0.0	0.0
202306	230L30100	46	接待交際費	0.0	0.0	0.0	0.0	0.0	0.0
202306	230L30100	47	賃借料	10000.0	19000.0	18727.0	0.0	98.5	187.2
202306	230L30100	48	賃貸料収入	-120000.0	-121000.0	-121000.0	0.0	0.0	0.0
202306	230L30100	49	修繕費	0.0	0.0	0.0	0.0	0.0	0.0
202306	230L30100	50	支払リース料	0.0	4400.0	4400.0	0.0	100.0	0.0
202306	230L30100	51	保険料	150000.0	0.0	341050.0	1.0	0.0	227.3
202306	230L30100	52	支払報酬	20000.0	27000.0	24000.0	0.0	88.8	120.0
202306	230L30100	53	支払手数料	90000.0	37000.0	32150.0	0.0	86.8	35.7
202306	230L30100	54	診断料	0.0	0.0	0.0	0.0	0.0	0.0
202306	230L30100	55	諸会費	0.0	5000.0	5500.0	0.0	110.0	0.0
202306	230L30100	56	会議費	0.0	0.0	0.0	0.0	0.0	0.0
202306	230L30100	57	寄付金	0.0	0.0	0.0	0.0	0.0	0.0
202306	230L30100	58	租税公課	0.0	0.0	5081.0	0.0	0.0	0.0
202306	230L30100	59	業務委託費	0.0	0.0	0.0	0.0	0.0	0.0
202306	230L30100	60	業務受託収入	-50000.0	-53000.0	-143914.0	0.0	0.0	0.0
202306	230L30100	61	情報機器利用料	70000.0	78000.0	77880.0	0.2	99.8	111.2
202306	230L30100	62	貸倒金	0.0	0.0	0.0	0.0	0.0	0.0
202306	230L30100	63	雑費	10000.0	19000.0	17555.0	0.0	92.3	175.5
202306	230L30100	64	福利消耗品費	0.0	6000.0	2901.0	0.0	48.3	0.0
202306	230L30100	65	教育研修費	10000.0	0.0	0.0	0.0	0.0	0.0
202306	230L30100	66	廃棄損	0.0	0.0	0.0	0.0	0.0	0.0
202306	230L30100	67	雑給	0.0	0.0	0.0	0.0	0.0	0.0
202306	230L30100	68	社内金利（固定資産）	1612598.0	1612598.0	1719548.0	5.0	106.6	106.6
202306	230L30100	69	社内金利（売掛金）	0.0	0.0	0.0	0.0	0.0	0.0
202306	230L30100	70	グループ共通	420000.0	424700.0	424700.0	1.2	100.0	101.1
202306	230L30100	71	差引収益	12412306.0	12698274.0	8702933.0	25.6	68.5	70.1
202306	230L30100	72	差引比率	37.6	35.1	25.6		72.9	68.0
202306	230L30100	73	総時間	7037.75	7361.0	7736.5		105.1	109.9
202306	230L30100	74	定時間	6920.0	6927.0	7050.25		101.7	101.8
202306	230L30100	75	残業時間	123.75	432.0	683.25		158.1	552.1
202306	230L30100	76	移動時間	-6.0	2.0	3.0		150.0	0.0
202306	230L30100	77	当月時間当り	1763.6	1725.0	1124.9		65.2	63.7
202306	230L30100	78	人員	59.0	62.0	61.0		98.3	103.3
202307	230L30100	1	総受注高	0.0	0.0	0.0		0.0	0.0
202307	230L30100	2	総売上高	27000000.0	33279680.0	38052541.0		114.3	140.9
202307	230L30100	3	売上高	0.0	0.0	0.0	0.0	0.0	0.0
202307	230L30100	4	グループ売上高	0.0	0.0	0.0	0.0	0.0	0.0
202307	230L30100	5	社内売上高	27000000.0	33279680.0	38052541.0	100.0	114.3	140.9
202307	230L30100	7	販売奨励金	0.0	0.0	0.0	0.0	0.0	0.0
202307	230L30100	8	売上原価	0.0	0.0	0.0	0.0	0.0	0.0
202307	230L30100	9	仕入高	0.0	0.0	0.0	0.0	0.0	0.0
202307	230L30100	10	グループ仕入高	0.0	0.0	0.0	0.0	0.0	0.0
202307	230L30100	11	社内仕入高	0.0	0.0	0.0	0.0	0.0	0.0
202307	230L30100	12	荷造運搬費	0.0	0.0	0.0	0.0	0.0	0.0
202307	230L30100	13	販売手数料	0.0	0.0	0.0	0.0	0.0	0.0
202307	230L30100	14	総収益	27000000.0	33279680.0	38052541.0	100.0	114.3	140.9
202307	230L30100	15	経費合計	16394818.0	18981716.0	19509070.0	51.2	102.7	118.9
202307	230L30100	16	経費合計（原価）	12338884.0	15065000.0	15648271.0	41.1	103.8	126.8
202307	230L30100	17	種苗費*	0.0	1454000.0	1454500.0	3.8	100.0	0.0
202307	230L30100	18	肥料費*	760000.0	1109000.0	1348361.0	3.5	121.5	177.4
202307	230L30100	19	培土費用*	0.0	14000.0	0.0	0.0	0.0	0.0
202307	230L30100	20	農薬衛生費*	320000.0	370000.0	394150.0	1.0	106.5	123.1
202307	230L30100	21	農具費*	50000.0	148000.0	149860.0	0.3	101.2	299.7
202307	230L30100	22	諸材料費*	4150000.0	4720000.0	4865560.0	12.7	103.0	117.2
202307	230L30100	23	その他仕入高*	0.0	0.0	0.0	0.0	0.0	0.0
202307	230L30100	24	減価償却費*	3748884.0	3749000.0	3757523.0	9.8	100.2	100.2
202307	230L30100	25	車両費*	0.0	0.0	0.0	0.0	0.0	0.0
202307	230L30100	26	水道光熱費*	160000.0	170000.0	161280.0	0.4	94.8	100.8
202307	230L30100	27	動力費*	1730000.0	925000.0	924662.0	2.4	99.9	53.4
202307	230L30100	28	燃料費*	0.0	6000.0	0.0	0.0	0.0	0.0
202307	230L30100	29	賃借料*	1240000.0	1249000.0	1248230.0	3.2	99.9	100.6
202307	230L30100	30	修繕費*	30000.0	186000.0	189576.0	0.4	101.9	631.9
202307	230L30100	31	診断料*	80000.0	67000.0	3964.0	0.0	5.9	4.9
202307	230L30100	32	租税公課*	0.0	0.0	0.0	0.0	0.0	0.0
202307	230L30100	33	業務委託費*	0.0	0.0	0.0	0.0	0.0	0.0
202307	230L30100	34	雑費*	0.0	200000.0	187780.0	0.4	93.8	0.0
202307	230L30100	35	雑給*	70000.0	698000.0	962825.0	2.5	137.9	
202307	230L30100	36	経費合計（販管費）	4055934.0	3916716.0	3860799.0	10.1	98.5	95.1
202307	230L30100	37	減価償却費	826212.0	826212.0	826212.0	2.1	100.0	100.0
202307	230L30100	38	車両費	130000.0	138000.0	138410.0	0.3	100.2	106.4
202307	230L30100	39	旅費交通費	10000.0	10000.0	0.0	0.0	0.0	0.0
202307	230L30100	40	通信費	40000.0	44000.0	42493.0	0.1	96.5	106.2
202307	230L30100	41	水道光熱費	190000.0	100000.0	99432.0	0.2	99.4	52.3
202307	230L30100	42	事務用品費	30000.0	30000.0	16378.0	0.0	54.5	54.5
202307	230L30100	43	消耗品費	240000.0	170000.0	99718.0	0.2	58.6	41.5
202307	230L30100	44	廃棄物処理料	330000.0	337000.0	324919.0	0.8	96.4	98.4
202307	230L30100	45	広告宣伝費	0.0	0.0	0.0	0.0	0.0	0.0
202307	230L30100	46	接待交際費	0.0	0.0	0.0	0.0	0.0	0.0
202307	230L30100	47	賃借料	10000.0	19000.0	18727.0	0.0	98.5	187.2
202307	230L30100	48	賃貸料収入	-120000.0	-121000.0	-121000.0	0.0	0.0	0.0
202307	230L30100	49	修繕費	0.0	0.0	0.0	0.0	0.0	0.0
202307	230L30100	50	支払リース料	0.0	4400.0	4400.0	0.0	100.0	0.0
202307	230L30100	51	保険料	150000.0	113682.0	113682.0	0.2	100.0	75.7
202307	230L30100	52	支払報酬	160000.0	160000.0	156210.0	0.4	97.6	97.6
202307	230L30100	53	支払手数料	30000.0	37000.0	31350.0	0.0	84.7	104.5
202307	230L30100	54	診断料	0.0	0.0	0.0	0.0	0.0	0.0
202307	230L30100	55	諸会費	0.0	0.0	0.0	0.0	0.0	0.0
202307	230L30100	56	会議費	0.0	0.0	0.0	0.0	0.0	0.0
202307	230L30100	57	寄付金	0.0	0.0	0.0	0.0	0.0	0.0
202307	230L30100	58	租税公課	0.0	0.0	0.0	0.0	0.0	0.0
202307	230L30100	59	業務委託費	0.0	0.0	0.0	0.0	0.0	0.0
202307	230L30100	60	業務受託収入	-50000.0	-53000.0	-112091.0	0.0	0.0	0.0
202307	230L30100	61	情報機器利用料	70000.0	78000.0	77880.0	0.2	99.8	111.2
202307	230L30100	62	貸倒金	0.0	0.0	0.0	0.0	0.0	0.0
202307	230L30100	63	雑費	0.0	6000.0	16522.0	0.0	275.3	0.0
202307	230L30100	64	福利消耗品費	0.0	3000.0	4416.0	0.0	147.2	0.0
202307	230L30100	65	教育研修費	0.0	0.0	0.0	0.0	0.0	0.0
202307	230L30100	66	廃棄損	0.0	0.0	0.0	0.0	0.0	0.0
202307	230L30100	67	雑給	0.0	0.0	0.0	0.0	0.0	0.0
202307	230L30100	68	社内金利（固定資産）	1589722.0	1589722.0	1698441.0	4.4	106.8	106.8
202307	230L30100	69	社内金利（売掛金）	0.0	0.0	0.0	0.0	0.0	0.0
202307	230L30100	70	グループ共通	420000.0	424700.0	424700.0	1.1	100.0	101.1
202307	230L30100	71	差引収益	10605182.0	14297964.0	18543471.0	48.7	129.6	174.8
202307	230L30100	72	差引比率	39.2	42.9	48.7		113.5	124.2
202307	230L30100	73	総時間	6735.5	7182.0	7499.0		104.4	111.3
202307	230L30100	74	定時間	6668.0	6762.0	6745.0		99.7	101.1
202307	230L30100	75	残業時間	173.5	480.0	733.0		152.7	422.4
202307	230L30100	76	移動時間	-106.0	-60.0	21.0		0.0	0.0
202307	230L30100	77	当月時間当り	1574.5	1990.8	2472.7		124.2	157.0
202307	230L30100	78	人員	59.0	67.0	66.0		98.5	111.8
202308	230L30100	1	総受注高	0.0	0.0	0.0		0.0	0.0
202308	230L30100	2	総売上高	30000000.0	28773514.0	29657014.0		103.0	98.8
202308	230L30100	3	売上高	0.0	0.0	0.0	0.0	0.0	0.0
202308	230L30100	4	グループ売上高	0.0	0.0	0.0	0.0	0.0	0.0
202308	230L30100	5	社内売上高	30000000.0	28773514.0	29657014.0	100.0	103.0	98.8
202308	230L30100	7	販売奨励金	0.0	0.0	0.0	0.0	0.0	0.0
202308	230L30100	8	売上原価	0.0	0.0	0.0	0.0	0.0	0.0
202308	230L30100	9	仕入高	0.0	0.0	0.0	0.0	0.0	0.0
202308	230L30100	10	グループ仕入高	0.0	0.0	0.0	0.0	0.0	0.0
202308	230L30100	11	社内仕入高	0.0	0.0	0.0	0.0	0.0	0.0
202308	230L30100	12	荷造運搬費	0.0	0.0	0.0	0.0	0.0	0.0
202308	230L30100	13	販売手数料	0.0	0.0	0.0	0.0	0.0	0.0
202308	230L30100	14	総収益	30000000.0	28773514.0	29657014.0	100.0	103.0	98.8
202308	230L30100	15	経費合計	23071943.0	21812681.0	22587887.0	76.1	103.5	97.9
202308	230L30100	16	経費合計（原価）	18468884.0	16890000.0	17534089.0	59.1	103.8	94.9
202308	230L30100	17	種苗費*	1590000.0	0.0	0.0	0.0	0.0	0.0
202308	230L30100	18	肥料費*	1090000.0	1689000.0	1827199.0	6.1	108.1	167.6
202308	230L30100	19	培土費用*	1260000.0	12000.0	11310.0	0.0	94.2	0.8
202308	230L30100	20	農薬衛生費*	320000.0	370000.0	344554.0	1.1	93.1	107.6
202308	230L30100	21	農具費*	1180000.0	1125000.0	1109946.0	3.7	98.6	94.0
202308	230L30100	22	諸材料費*	4690000.0	5721000.0	5570151.0	18.7	97.3	118.7
202308	230L30100	23	その他仕入高*	0.0	0.0	0.0	0.0	0.0	0.0
202308	230L30100	24	減価償却費*	3748884.0	3749000.0	3767915.0	12.7	100.5	100.5
202308	230L30100	25	車両費*	0.0	0.0	0.0	0.0	0.0	0.0
202308	230L30100	26	水道光熱費*	160000.0	170000.0	167360.0	0.5	98.4	104.6
202308	230L30100	27	動力費*	2130000.0	1488000.0	1498744.0	5.0	100.7	70.3
202308	230L30100	28	燃料費*	0.0	20000.0	0.0	0.0	0.0	0.0
202308	230L30100	29	賃借料*	1240000.0	1249000.0	1248230.0	4.2	99.9	100.6
202308	230L30100	30	修繕費*	30000.0	30000.0	13739.0	0.0	45.7	45.7
202308	230L30100	31	診断料*	20000.0	59000.0	73800.0	0.2	125.0	369.0
202308	230L30100	32	租税公課*	0.0	0.0	0.0	0.0	0.0	0.0
202308	230L30100	33	業務委託費*	0.0	0.0	0.0	0.0	0.0	0.0
202308	230L30100	34	雑費*	900000.0	540000.0	825294.0	2.7	152.8	91.6
202308	230L30100	35	雑給*	110000.0	668000.0	1075847.0	3.6	161.0	978.0
202308	230L30100	36	経費合計（販管費）	4603059.0	4922681.0	5053798.0	17.0	102.6	109.7
202308	230L30100	37	減価償却費	826212.0	826212.0	826212.0	2.7	100.0	100.0
202308	230L30100	38	車両費	130000.0	138000.0	138350.0	0.4	100.2	106.4
202308	230L30100	39	旅費交通費	10000.0	10000.0	4563.0	0.0	45.6	45.6
202308	230L30100	40	通信費	40000.0	44000.0	43360.0	0.1	98.5	108.4
202308	230L30100	41	水道光熱費	200000.0	162000.0	180830.0	0.6	111.6	90.4
202308	230L30100	42	事務用品費	30000.0	30000.0	21465.0	0.0	71.5	71.5
202308	230L30100	43	消耗品費	60000.0	60000.0	240833.0	0.8	401.3	401.3
202308	230L30100	44	廃棄物処理料	1130000.0	1206000.0	1111328.0	3.7	92.1	98.3
202308	230L30100	45	広告宣伝費	0.0	0.0	0.0	0.0	0.0	0.0
202308	230L30100	46	接待交際費	0.0	0.0	0.0	0.0	0.0	0.0
202308	230L30100	47	賃借料	10000.0	19000.0	18727.0	0.0	98.5	187.2
202308	230L30100	48	賃貸料収入	-120000.0	-121000.0	-121000.0	0.0	0.0	0.0
202308	230L30100	49	修繕費	0.0	260000.0	212000.0	0.7	81.5	0.0
202308	230L30100	50	支払リース料	0.0	12240.0	12240.0	0.0	100.0	0.0
202308	230L30100	51	保険料	150000.0	113682.0	113682.0	0.3	100.0	75.7
202308	230L30100	52	支払報酬	0.0	0.0	0.0	0.0	0.0	0.0
202308	230L30100	53	支払手数料	30000.0	37000.0	32850.0	0.1	88.7	109.5
202308	230L30100	54	診断料	0.0	0.0	0.0	0.0	0.0	0.0
202308	230L30100	55	諸会費	0.0	0.0	0.0	0.0	0.0	0.0
202308	230L30100	56	会議費	0.0	0.0	0.0	0.0	0.0	0.0
202308	230L30100	57	寄付金	0.0	0.0	0.0	0.0	0.0	0.0
202308	230L30100	58	租税公課	0.0	0.0	8.0	0.0	0.0	0.0
202308	230L30100	59	業務委託費	0.0	0.0	0.0	0.0	0.0	0.0
202308	230L30100	60	業務受託収入	-50000.0	-53000.0	-73547.0	0.0	0.0	0.0
202308	230L30100	61	情報機器利用料	70000.0	78000.0	77880.0	0.2	99.8	111.2
202308	230L30100	62	貸倒金	0.0	0.0	0.0	0.0	0.0	0.0
202308	230L30100	63	雑費	100000.0	106000.0	111666.0	0.3	105.3	111.6
202308	230L30100	64	福利消耗品費	0.0	3000.0	0.0	0.0	0.0	0.0
202308	230L30100	65	教育研修費	0.0	0.0	0.0	0.0	0.0	0.0
202308	230L30100	66	廃棄損	0.0	0.0	0.0	0.0	0.0	0.0
202308	230L30100	67	雑給	0.0	0.0	0.0	0.0	0.0	0.0
202308	230L30100	68	社内金利（固定資産）	1566847.0	1566847.0	1677651.0	5.6	107.0	107.0
202308	230L30100	69	社内金利（売掛金）	0.0	0.0	0.0	0.0	0.0	0.0
202308	230L30100	70	グループ共通	420000.0	424700.0	424700.0	1.4	100.0	101.1
202308	230L30100	71	差引収益	6928057.0	6960833.0	7069127.0	23.8	101.5	102.0
202308	230L30100	72	差引比率	23.0	24.1	23.8		98.7	103.4
202308	230L30100	73	総時間	7749.0	7531.0	7028.5		93.3	90.7
202308	230L30100	74	定時間	7378.0	6978.0	6351.0		91.0	86.0
202308	230L30100	75	残業時間	435.0	550.0	670.5		121.9	154.1
202308	230L30100	76	移動時間	-64.0	3.0	7.0		233.3	0.0
202308	230L30100	77	当月時間当り	894.0	924.2	1005.7		108.8	112.4
202308	230L30100	78	人員	59.0	67.0	66.0		98.5	111.8
202309	230L30100	1	総受注高	0.0	0.0	0.0		0.0	0.0
202309	230L30100	2	総売上高	29000000.0	18374120.0	24867235.0		135.3	85.7
202309	230L30100	3	売上高	0.0	0.0	0.0	0.0	0.0	0.0
202309	230L30100	4	グループ売上高	0.0	0.0	0.0	0.0	0.0	0.0
202309	230L30100	5	社内売上高	29000000.0	18374120.0	24867235.0	100.0	135.3	85.7
202309	230L30100	7	販売奨励金	0.0	0.0	0.0	0.0	0.0	0.0
202309	230L30100	8	売上原価	0.0	0.0	0.0	0.0	0.0	0.0
202309	230L30100	9	仕入高	0.0	0.0	0.0	0.0	0.0	0.0
202309	230L30100	10	グループ仕入高	0.0	0.0	0.0	0.0	0.0	0.0
202309	230L30100	11	社内仕入高	0.0	0.0	0.0	0.0	0.0	0.0
202309	230L30100	12	荷造運搬費	0.0	0.0	0.0	0.0	0.0	0.0
202309	230L30100	13	販売手数料	0.0	0.0	0.0	0.0	0.0	0.0
202309	230L30100	14	総収益	29000000.0	18374120.0	24867235.0	100.0	135.3	85.7
202309	230L30100	15	経費合計	20719067.0	18121965.0	19271787.0	77.4	106.3	93.0
202309	230L30100	16	経費合計（原価）	16138884.0	14371000.0	15626296.0	62.8	108.7	96.8
202309	230L30100	17	種苗費*	2490000.0	1856000.0	1855250.0	7.4	99.9	74.5
202309	230L30100	18	肥料費*	1040000.0	1450000.0	2017385.0	8.1	139.1	193.9
202309	230L30100	19	培土費用*	0.0	10000.0	9789.0	0.0	97.8	0.0
202309	230L30100	20	農薬衛生費*	680000.0	737000.0	1007908.0	4.0	136.7	148.2
202309	230L30100	21	農具費*	20000.0	94000.0	98356.0	0.3	104.6	491.7
202309	230L30100	22	諸材料費*	4090000.0	2856000.0	3182236.0	12.7	111.4	77.8
202309	230L30100	23	その他仕入高*	0.0	0.0	0.0	0.0	0.0	0.0
202309	230L30100	24	減価償却費*	3748884.0	3749000.0	3767915.0	15.1	100.5	100.5
202309	230L30100	25	車両費*	0.0	0.0	0.0	0.0	0.0	0.0
202309	230L30100	26	水道光熱費*	160000.0	170000.0	166656.0	0.6	98.0	104.1
202309	230L30100	27	動力費*	2130000.0	1597000.0	1596892.0	6.4	99.9	74.9
202309	230L30100	28	燃料費*	0.0	0.0	0.0	0.0	0.0	0.0
202309	230L30100	29	賃借料*	1240000.0	1249000.0	1248230.0	5.0	99.9	100.6
202309	230L30100	30	修繕費*	110000.0	110000.0	26059.0	0.1	23.6	23.6
202309	230L30100	31	診断料*	20000.0	27000.0	22000.0	0.0	81.4	110.0
202309	230L30100	32	租税公課*	0.0	0.0	0.0	0.0	0.0	0.0
202309	230L30100	33	業務委託費*	0.0	0.0	0.0	0.0	0.0	0.0
202309	230L30100	34	雑費*	320000.0	353000.0	353000.0	1.4	100.0	110.3
202309	230L30100	35	雑給*	90000.0	113000.0	274620.0	1.1	243.0	305.1
202309	230L30100	36	経費合計（販管費）	4580183.0	3750965.0	3645491.0	14.6	97.1	79.5
202309	230L30100	37	減価償却費	826212.0	826212.0	826212.0	3.3	100.0	100.0
202309	230L30100	38	車両費	140000.0	142000.0	138350.0	0.5	97.4	98.8
202309	230L30100	39	旅費交通費	10000.0	10000.0	0.0	0.0	0.0	0.0
202309	230L30100	40	通信費	40000.0	44000.0	45658.0	0.1	103.7	114.1
202309	230L30100	41	水道光熱費	210000.0	175000.0	174084.0	0.7	99.4	82.8
202309	230L30100	42	事務用品費	30000.0	30000.0	21835.0	0.0	72.7	72.7
202309	230L30100	43	消耗品費	70000.0	70000.0	50890.0	0.2	72.7	72.7
202309	230L30100	44	廃棄物処理料	330000.0	270000.0	205782.0	0.8	76.2	62.3
202309	230L30100	45	広告宣伝費	300000.0	0.0	0.0	0.0	0.0	0.0
202309	230L30100	46	接待交際費	0.0	0.0	0.0	0.0	0.0	0.0
202309	230L30100	47	賃借料	10000.0	19000.0	18727.0	0.0	98.5	187.2
202309	230L30100	48	賃貸料収入	-120000.0	-121000.0	-121000.0	0.0	0.0	0.0
202309	230L30100	49	修繕費	500000.0	0.0	86000.0	0.3	0.0	17.2
202309	230L30100	50	支払リース料	0.0	4400.0	4400.0	0.0	100.0	0.0
202309	230L30100	51	保険料	150000.0	113682.0	113682.0	0.4	100.0	75.7
202309	230L30100	52	支払報酬	0.0	0.0	0.0	0.0	0.0	0.0
202309	230L30100	53	支払手数料	70000.0	77000.0	74950.0	0.3	97.3	107.0
202309	230L30100	54	診断料	0.0	0.0	0.0	0.0	0.0	0.0
202309	230L30100	55	諸会費	0.0	0.0	0.0	0.0	0.0	0.0
202309	230L30100	56	会議費	0.0	0.0	0.0	0.0	0.0	0.0
202309	230L30100	57	寄付金	0.0	0.0	0.0	0.0	0.0	0.0
202309	230L30100	58	租税公課	0.0	0.0	0.0	0.0	0.0	0.0
202309	230L30100	59	業務委託費	0.0	0.0	0.0	0.0	0.0	0.0
202309	230L30100	60	業務受託収入	-50000.0	-53000.0	-160458.0	0.0	0.0	0.0
202309	230L30100	61	情報機器利用料	70000.0	78000.0	77880.0	0.3	99.8	111.2
202309	230L30100	62	貸倒金	0.0	0.0	0.0	0.0	0.0	0.0
202309	230L30100	63	雑費	0.0	92000.0	5139.0	0.0	5.5	0.0
202309	230L30100	64	福利消耗品費	20000.0	5000.0	3870.0	0.0	77.4	19.3
202309	230L30100	65	教育研修費	10000.0	0.0	110.0	0.0	0.0	1.1
202309	230L30100	66	廃棄損	0.0	0.0	0.0	0.0	0.0	0.0
202309	230L30100	67	雑給	0.0	0.0	0.0	0.0	0.0	0.0
202309	230L30100	68	社内金利（固定資産）	1543971.0	1543971.0	1654680.0	6.6	107.1	107.1
202309	230L30100	69	社内金利（売掛金）	0.0	0.0	0.0	0.0	0.0	0.0
202309	230L30100	70	グループ共通	420000.0	424700.0	424700.0	1.7	100.0	101.1
202309	230L30100	71	差引収益	8280933.0	252155.0	5595448.0	22.5		67.5
202309	230L30100	72	差引比率	28.5	1.3	22.5			78.9
202309	230L30100	73	総時間	6824.25	7147.0	6749.0		94.4	98.8
202309	230L30100	74	定時間	6670.0	6729.0	6245.5		92.8	93.6
202309	230L30100	75	残業時間	144.25	408.0	496.5		121.6	344.1
202309	230L30100	76	移動時間	10.0	10.0	7.0		70.0	70.0
202309	230L30100	77	当月時間当り	1213.4	35.2	829.0			68.3
202309	230L30100	78	人員	59.0	66.0	65.0		98.4	110.1
202310	230L30100	1	総受注高	0.0	0.0	0.0		0.0	0.0
202310	230L30100	2	総売上高	27000000.0	28088515.0	26749697.0		95.2	99.0
202310	230L30100	3	売上高	0.0	0.0	0.0	0.0	0.0	0.0
202310	230L30100	4	グループ売上高	0.0	0.0	0.0	0.0	0.0	0.0
202310	230L30100	5	社内売上高	27000000.0	28088515.0	26749697.0	100.0	95.2	99.0
202310	230L30100	7	販売奨励金	0.0	0.0	0.0	0.0	0.0	0.0
202310	230L30100	8	売上原価	0.0	0.0	0.0	0.0	0.0	0.0
202310	230L30100	9	仕入高	0.0	0.0	0.0	0.0	0.0	0.0
202310	230L30100	10	グループ仕入高	0.0	0.0	0.0	0.0	0.0	0.0
202310	230L30100	11	社内仕入高	0.0	0.0	0.0	0.0	0.0	0.0
202310	230L30100	12	荷造運搬費	0.0	0.0	0.0	0.0	0.0	0.0
202310	230L30100	13	販売手数料	0.0	0.0	0.0	0.0	0.0	0.0
202310	230L30100	14	総収益	27000000.0	28088515.0	26749697.0	100.0	95.2	99.0
202310	230L30100	15	経費合計	17986192.0	20686090.0	21140953.0	79.0	102.1	117.5
202310	230L30100	16	経費合計（原価）	14128884.0	16778000.0	17969489.0	67.1	107.1	127.1
202310	230L30100	17	種苗費*	0.0	0.0	0.0	0.0	0.0	0.0
202310	230L30100	18	肥料費*	940000.0	1430000.0	1658025.0	6.1	115.9	176.3
202310	230L30100	19	培土費用*	0.0	0.0	0.0	0.0	0.0	0.0
202310	230L30100	20	農薬衛生費*	360000.0	562000.0	672932.0	2.5	119.7	186.9
202310	230L30100	21	農具費*	80000.0	83000.0	58116.0	0.2	70.0	72.6
202310	230L30100	22	諸材料費*	4440000.0	5292000.0	6390517.0	23.8	120.7	143.9
202310	230L30100	23	その他仕入高*	0.0	0.0	0.0	0.0	0.0	0.0
202310	230L30100	24	減価償却費*	3748884.0	3749000.0	3767915.0	14.0	100.5	100.5
202310	230L30100	25	車両費*	0.0	0.0	0.0	0.0	0.0	0.0
202310	230L30100	26	水道光熱費*	160000.0	170000.0	162816.0	0.6	95.7	101.7
202310	230L30100	27	動力費*	1430000.0	1728000.0	1727598.0	6.4	99.9	120.8
202310	230L30100	28	燃料費*	340000.0	368000.0	334800.0	1.2	90.9	98.4
202310	230L30100	29	賃借料*	1240000.0	1249000.0	1248230.0	4.6	99.9	100.6
202310	230L30100	30	修繕費*	30000.0	30000.0	41000.0	0.1	136.6	136.6
202310	230L30100	31	診断料*	20000.0	27000.0	22000.0	0.0	81.4	110.0
202310	230L30100	32	租税公課*	0.0	0.0	0.0	0.0	0.0	0.0
202310	230L30100	33	業務委託費*	0.0	0.0	0.0	0.0	0.0	0.0
202310	230L30100	34	雑費*	1300000.0	1655000.0	1436804.0	5.3	86.8	110.5
202310	230L30100	35	雑給*	40000.0	435000.0	448736.0	1.6	103.1	
202310	230L30100	36	経費合計（販管費）	3857308.0	3908090.0	3171464.0	11.8	81.1	82.2
202310	230L30100	37	減価償却費	826212.0	826212.0	826212.0	3.0	100.0	100.0
202310	230L30100	38	車両費	130000.0	138000.0	138350.0	0.5	100.2	106.4
202310	230L30100	39	旅費交通費	10000.0	10000.0	4945.0	0.0	49.4	49.4
202310	230L30100	40	通信費	40000.0	44000.0	43104.0	0.1	97.9	107.7
202310	230L30100	41	水道光熱費	230000.0	209000.0	207163.0	0.7	99.1	90.0
202310	230L30100	42	事務用品費	30000.0	30000.0	15362.0	0.0	51.2	51.2
202310	230L30100	43	消耗品費	60000.0	100000.0	85893.0	0.3	85.8	143.1
202310	230L30100	44	廃棄物処理料	290000.0	305000.0	301369.0	1.1	98.8	103.9
202310	230L30100	45	広告宣伝費	0.0	0.0	0.0	0.0	0.0	0.0
202310	230L30100	46	接待交際費	0.0	0.0	0.0	0.0	0.0	0.0
202310	230L30100	47	賃借料	10000.0	19000.0	18727.0	0.0	98.5	187.2
202310	230L30100	48	賃貸料収入	-120000.0	-121000.0	-121000.0	0.0	0.0	0.0
202310	230L30100	49	修繕費	0.0	0.0	0.0	0.0	0.0	0.0
202310	230L30100	50	支払リース料	0.0	4400.0	4400.0	0.0	100.0	0.0
202310	230L30100	51	保険料	150000.0	113682.0	113682.0	0.4	100.0	75.7
202310	230L30100	52	支払報酬	0.0	0.0	0.0	0.0	0.0	0.0
202310	230L30100	53	支払手数料	240000.0	245000.0	241750.0	0.9	98.6	100.7
202310	230L30100	54	診断料	0.0	0.0	0.0	0.0	0.0	0.0
202310	230L30100	55	諸会費	0.0	0.0	0.0	0.0	0.0	0.0
202310	230L30100	56	会議費	0.0	0.0	0.0	0.0	0.0	0.0
202310	230L30100	57	寄付金	0.0	0.0	0.0	0.0	0.0	0.0
202310	230L30100	58	租税公課	0.0	0.0	0.0	0.0	0.0	0.0
202310	230L30100	59	業務委託費	0.0	0.0	0.0	0.0	0.0	0.0
202310	230L30100	60	業務受託収入	-50000.0	-53000.0	-116638.0	0.0	0.0	0.0
202310	230L30100	61	情報機器利用料	70000.0	78000.0	77880.0	0.2	99.8	111.2
202310	230L30100	62	貸倒金	0.0	0.0	0.0	0.0	0.0	0.0
202310	230L30100	63	雑費	0.0	6000.0	6026.0	0.0	100.4	0.0
202310	230L30100	64	福利消耗品費	0.0	0.0	0.0	0.0	0.0	0.0
202310	230L30100	65	教育研修費	0.0	8000.0	16473.0	0.0	205.9	0.0
202310	230L30100	66	廃棄損	0.0	0.0	0.0	0.0	0.0	0.0
202310	230L30100	67	雑給	0.0	0.0	0.0	0.0	0.0	0.0
202310	230L30100	68	社内金利（固定資産）	1521096.0	1521096.0	883066.0	3.3	58.0	58.0
202310	230L30100	69	社内金利（売掛金）	0.0	0.0	0.0	0.0	0.0	0.0
202310	230L30100	70	グループ共通	420000.0	424700.0	424700.0	1.5	100.0	101.1
202310	230L30100	71	差引収益	9013808.0	7402425.0	5608744.0	20.9	75.7	62.2
202310	230L30100	72	差引比率	33.3	26.3	20.9		79.4	62.7
202310	230L30100	73	総時間	7058.0	7346.0	7111.25		96.8	100.7
202310	230L30100	74	定時間	6888.0	6973.0	6714.25		96.2	97.4
202310	230L30100	75	残業時間	168.0	371.0	387.0		104.3	230.3
202310	230L30100	76	移動時間	2.0	2.0	10.0		500.0	500.0
202310	230L30100	77	当月時間当り	1277.1	1007.6	788.7		78.2	61.7
202310	230L30100	78	人員	59.0	66.0	65.0		98.4	110.1
202311	230L30100	1	総受注高	0.0	0.0	0.0		0.0	0.0
202311	230L30100	2	総売上高	51000000.0	40791908.0	37560361.0		92.0	73.6
202311	230L30100	3	売上高	0.0	0.0	0.0	0.0	0.0	0.0
202311	230L30100	4	グループ売上高	0.0	0.0	0.0	0.0	0.0	0.0
202311	230L30100	5	社内売上高	51000000.0	40791908.0	37560361.0	100.0	92.0	73.6
202311	230L30100	7	販売奨励金	0.0	0.0	0.0	0.0	0.0	0.0
202311	230L30100	8	売上原価	0.0	0.0	0.0	0.0	0.0	0.0
202311	230L30100	9	仕入高	0.0	0.0	0.0	0.0	0.0	0.0
202311	230L30100	10	グループ仕入高	0.0	0.0	0.0	0.0	0.0	0.0
202311	230L30100	11	社内仕入高	0.0	0.0	0.0	0.0	0.0	0.0
202311	230L30100	12	荷造運搬費	0.0	0.0	0.0	0.0	0.0	0.0
202311	230L30100	13	販売手数料	0.0	0.0	0.0	0.0	0.0	0.0
202311	230L30100	14	総収益	51000000.0	40791908.0	37560361.0	100.0	92.0	73.6
202311	230L30100	15	経費合計	22263316.0	21159784.0	21474065.0	57.1	101.4	96.4
202311	230L30100	16	経費合計（原価）	17818884.0	16593000.0	17981100.0	47.8	108.3	100.9
202311	230L30100	17	種苗費*	0.0	0.0	0.0	0.0	0.0	0.0
202311	230L30100	18	肥料費*	1170000.0	1490000.0	1571485.0	4.1	105.4	134.3
202311	230L30100	19	培土費用*	0.0	0.0	0.0	0.0	0.0	0.0
202311	230L30100	20	農薬衛生費*	440000.0	494000.0	688012.0	1.8	139.2	156.3
202311	230L30100	21	農具費*	80000.0	134000.0	90255.0	0.2	67.3	112.8
202311	230L30100	22	諸材料費*	7190000.0	5245000.0	5623207.0	14.9	107.2	78.2
202311	230L30100	23	その他仕入高*	0.0	0.0	0.0	0.0	0.0	0.0
202311	230L30100	24	減価償却費*	3748884.0	3749000.0	3767915.0	10.0	100.5	100.5
202311	230L30100	25	車両費*	0.0	0.0	0.0	0.0	0.0	0.0
202311	230L30100	26	水道光熱費*	160000.0	170000.0	166656.0	0.4	98.0	104.1
202311	230L30100	27	動力費*	1850000.0	1750000.0	1178373.0	3.1	67.3	63.6
202311	230L30100	28	燃料費*	1290000.0	1472000.0	3103200.0	8.2	210.8	240.5
202311	230L30100	29	賃借料*	1240000.0	1249000.0	1248230.0	3.3	99.9	100.6
202311	230L30100	30	修繕費*	30000.0	59000.0	30000.0	0.0	50.8	100.0
202311	230L30100	31	診断料*	80000.0	27000.0	22000.0	0.0	81.4	27.5
202311	230L30100	32	租税公課*	0.0	0.0	0.0	0.0	0.0	0.0
202311	230L30100	33	業務委託費*	0.0	0.0	0.0	0.0	0.0	0.0
202311	230L30100	34	雑費*	100000.0	186000.0	99153.0	0.2	53.3	99.1
202311	230L30100	35	雑給*	440000.0	568000.0	392614.0	1.0	69.1	89.2
202311	230L30100	36	経費合計（販管費）	4444432.0	4566784.0	3492965.0	9.2	76.4	78.5
202311	230L30100	37	減価償却費	826212.0	826212.0	835802.0	2.2	101.1	101.1
202311	230L30100	38	車両費	130000.0	138000.0	138350.0	0.3	100.2	106.4
202311	230L30100	39	旅費交通費	10000.0	124000.0	60372.0	0.1	48.6	603.7
202311	230L30100	40	通信費	40000.0	44000.0	42430.0	0.1	96.4	106.0
202311	230L30100	41	水道光熱費	140000.0	140000.0	127634.0	0.3	91.1	91.1
202311	230L30100	42	事務用品費	30000.0	30000.0	9475.0	0.0	31.5	31.5
202311	230L30100	43	消耗品費	70000.0	70000.0	85552.0	0.2	122.2	122.2
202311	230L30100	44	廃棄物処理料	330000.0	293000.0	235778.0	0.6	80.4	71.4
202311	230L30100	45	広告宣伝費	0.0	0.0	0.0	0.0	0.0	0.0
202311	230L30100	46	接待交際費	0.0	0.0	14429.0	0.0	0.0	0.0
202311	230L30100	47	賃借料	10000.0	19000.0	18727.0	0.0	98.5	187.2
202311	230L30100	48	賃貸料収入	-120000.0	-121000.0	-121000.0	0.0	0.0	0.0
202311	230L30100	49	修繕費	200000.0	200000.0	0.0	0.0	0.0	0.0
202311	230L30100	50	支払リース料	0.0	4400.0	4400.0	0.0	100.0	0.0
202311	230L30100	51	保険料	150000.0	113682.0	113682.0	0.3	100.0	75.7
202311	230L30100	52	支払報酬	0.0	0.0	0.0	0.0	0.0	0.0
202311	230L30100	53	支払手数料	690000.0	727000.0	42250.0	0.1	5.8	6.1
202311	230L30100	54	診断料	0.0	0.0	0.0	0.0	0.0	0.0
202311	230L30100	55	諸会費	0.0	0.0	0.0	0.0	0.0	0.0
202311	230L30100	56	会議費	0.0	0.0	445.0	0.0	0.0	0.0
202311	230L30100	57	寄付金	0.0	0.0	0.0	0.0	0.0	0.0
202311	230L30100	58	租税公課	0.0	0.0	0.0	0.0	0.0	0.0
202311	230L30100	59	業務委託費	0.0	0.0	0.0	0.0	0.0	0.0
202311	230L30100	60	業務受託収入	-50000.0	-53000.0	-133911.0	0.0	0.0	0.0
202311	230L30100	61	情報機器利用料	70000.0	78000.0	77880.0	0.2	99.8	111.2
202311	230L30100	62	貸倒金	0.0	0.0	0.0	0.0	0.0	0.0
202311	230L30100	63	雑費	0.0	6000.0	5640.0	0.0	94.0	0.0
202311	230L30100	64	福利消耗品費	0.0	1000.0	0.0	0.0	0.0	0.0
202311	230L30100	65	教育研修費	0.0	0.0	0.0	0.0	0.0	0.0
202311	230L30100	66	廃棄損	0.0	0.0	0.0	0.0	0.0	0.0
202311	230L30100	67	雑給	0.0	0.0	0.0	0.0	0.0	0.0
202311	230L30100	68	社内金利（固定資産）	1498220.0	1501790.0	1510330.0	4.0	100.5	100.8
202311	230L30100	69	社内金利（売掛金）	0.0	0.0	0.0	0.0	0.0	0.0
202311	230L30100	70	グループ共通	420000.0	424700.0	424700.0	1.1	100.0	101.1
202311	230L30100	71	差引収益	28736684.0	19632124.0	16086296.0	42.8	81.9	55.9
202311	230L30100	72	差引比率	56.3	48.1	42.8		88.9	76.0
202311	230L30100	73	総時間	7797.25	7323.0	6692.25		91.3	85.8
202311	230L30100	74	定時間	7308.0	6950.0	6677.25		96.0	91.3
202311	230L30100	75	残業時間	479.25	363.0	391.0		107.7	81.5
202311	230L30100	76	移動時間	10.0	10.0	-376.0		0.0	0.0
202311	230L30100	77	当月時間当り	3685.4	2680.8	2403.7		89.6	65.2
202311	230L30100	78	人員	59.0	67.0	66.0		98.5	111.8
202312	230L30100	1	総受注高	0.0	0.0	0.0		0.0	0.0
202312	230L30100	2	総売上高	46000000.0	54291440.0	47469935.0		87.4	103.1
202312	230L30100	3	売上高	0.0	0.0	0.0	0.0	0.0	0.0
202312	230L30100	4	グループ売上高	0.0	0.0	0.0	0.0	0.0	0.0
202312	230L30100	5	社内売上高	46000000.0	54291440.0	47469935.0	100.0	87.4	103.1
202312	230L30100	7	販売奨励金	0.0	0.0	0.0	0.0	0.0	0.0
202312	230L30100	8	売上原価	0.0	0.0	0.0	0.0	0.0	0.0
202312	230L30100	9	仕入高	0.0	0.0	0.0	0.0	0.0	0.0
202312	230L30100	10	グループ仕入高	0.0	0.0	0.0	0.0	0.0	0.0
202312	230L30100	11	社内仕入高	0.0	0.0	0.0	0.0	0.0	0.0
202312	230L30100	12	荷造運搬費	0.0	0.0	0.0	0.0	0.0	0.0
202312	230L30100	13	販売手数料	0.0	0.0	0.0	0.0	0.0	0.0
202312	230L30100	14	総収益	46000000.0	54291440.0	47469935.0	100.0	87.4	103.1
202312	230L30100	15	経費合計	22830441.0	25596813.0	27126102.0	57.1	105.9	118.8
202312	230L30100	16	経費合計（原価）	19678884.0	21374000.0	23193764.0	48.8	108.5	117.8
202312	230L30100	17	種苗費*	0.0	0.0	0.0	0.0	0.0	0.0
202312	230L30100	18	肥料費*	1170000.0	1527000.0	1443991.0	3.0	94.5	123.4
202312	230L30100	19	培土費用*	0.0	0.0	0.0	0.0	0.0	0.0
202312	230L30100	20	農薬衛生費*	310000.0	300000.0	271920.0	0.5	90.6	87.7
202312	230L30100	21	農具費*	190000.0	52000.0	3833.0	0.0	7.3	2.0
202312	230L30100	22	諸材料費*	7720000.0	8034000.0	8974759.0	18.9	111.7	116.2
202312	230L30100	23	その他仕入高*	0.0	0.0	0.0	0.0	0.0	0.0
202312	230L30100	24	減価償却費*	3748884.0	3749000.0	3767915.0	7.9	100.5	100.5
202312	230L30100	25	車両費*	0.0	0.0	0.0	0.0	0.0	0.0
202312	230L30100	26	水道光熱費*	160000.0	162000.0	161280.0	0.3	99.5	100.8
202312	230L30100	27	動力費*	1860000.0	1440000.0	1439808.0	3.0	99.9	77.4
202312	230L30100	28	燃料費*	3010000.0	4048000.0	4901120.0	10.3	121.0	162.8
202312	230L30100	29	賃借料*	1240000.0	1249000.0	1248230.0	2.6	99.9	100.6
202312	230L30100	30	修繕費*	210000.0	265000.0	261280.0	0.5	98.5	124.4
202312	230L30100	31	診断料*	20000.0	113000.0	110082.0	0.2	97.4	550.4
202312	230L30100	32	租税公課*	0.0	0.0	0.0	0.0	0.0	0.0
202312	230L30100	33	業務委託費*	0.0	0.0	0.0	0.0	0.0	0.0
202312	230L30100	34	雑費*	0.0	0.0	106762.0	0.2	0.0	0.0
202312	230L30100	35	雑給*	40000.0	435000.0	502784.0	1.0	115.5	
202312	230L30100	36	経費合計（販管費）	3151557.0	4222813.0	3932338.0	8.2	93.1	124.7
202312	230L30100	37	減価償却費	826212.0	826212.0	845102.0	1.7	102.2	102.2
202312	230L30100	38	車両費	140000.0	142000.0	397550.0	0.8	279.9	283.9
202312	230L30100	39	旅費交通費	10000.0	10000.0	0.0	0.0	0.0	0.0
202312	230L30100	40	通信費	40000.0	44000.0	34459.0	0.0	78.3	86.1
202312	230L30100	41	水道光熱費	200000.0	177000.0	175293.0	0.3	99.0	87.6
202312	230L30100	42	事務用品費	30000.0	34000.0	32462.0	0.0	95.4	108.2
202312	230L30100	43	消耗品費	100000.0	60000.0	100297.0	0.2	167.1	100.2
202312	230L30100	44	廃棄物処理料	230000.0	293000.0	271378.0	0.5	92.6	117.9
202312	230L30100	45	広告宣伝費	0.0	0.0	0.0	0.0	0.0	0.0
202312	230L30100	46	接待交際費	0.0	0.0	0.0	0.0	0.0	0.0
202312	230L30100	47	賃借料	10000.0	19000.0	18727.0	0.0	98.5	187.2
202312	230L30100	48	賃貸料収入	-120000.0	-121000.0	-121000.0	0.0	0.0	0.0
202312	230L30100	49	修繕費	0.0	0.0	0.0	0.0	0.0	0.0
202312	230L30100	50	支払リース料	0.0	4400.0	4400.0	0.0	100.0	0.0
202312	230L30100	51	保険料	150000.0	113682.0	113682.0	0.2	100.0	75.7
202312	230L30100	52	支払報酬	0.0	0.0	0.0	0.0	0.0	0.0
202312	230L30100	53	支払手数料	80000.0	646000.0	142200.0	0.2	22.0	177.7
202312	230L30100	54	診断料	0.0	0.0	0.0	0.0	0.0	0.0
202312	230L30100	55	諸会費	0.0	0.0	0.0	0.0	0.0	0.0
202312	230L30100	56	会議費	0.0	0.0	0.0	0.0	0.0	0.0
202312	230L30100	57	寄付金	0.0	0.0	0.0	0.0	0.0	0.0
202312	230L30100	58	租税公課	0.0	0.0	0.0	0.0	0.0	0.0
202312	230L30100	59	業務委託費	0.0	0.0	0.0	0.0	0.0	0.0
202312	230L30100	60	業務受託収入	-550000.0	-53000.0	-103956.0	0.0	0.0	0.0
202312	230L30100	61	情報機器利用料	70000.0	78000.0	77880.0	0.1	99.8	111.2
202312	230L30100	62	貸倒金	0.0	0.0	0.0	0.0	0.0	0.0
202312	230L30100	63	雑費	0.0	6000.0	5159.0	0.0	85.9	0.0
202312	230L30100	64	福利消耗品費	30000.0	30000.0	20645.0	0.0	68.8	68.8
202312	230L30100	65	教育研修費	10000.0	10000.0	4700.0	0.0	47.0	47.0
202312	230L30100	66	廃棄損	0.0	0.0	0.0	0.0	0.0	0.0
202312	230L30100	67	雑給	0.0	0.0	0.0	0.0	0.0	0.0
202312	230L30100	68	社内金利（固定資産）	1475345.0	1478819.0	1488660.0	3.1	100.6	100.9
202312	230L30100	69	社内金利（売掛金）	0.0	0.0	0.0	0.0	0.0	0.0
202312	230L30100	70	グループ共通	420000.0	424700.0	424700.0	0.8	100.0	101.1
202312	230L30100	71	差引収益	23169559.0	28694627.0	20343833.0	42.8	70.8	87.8
202312	230L30100	72	差引比率	50.3	52.8	42.8		81.0	85.0
202312	230L30100	73	総時間	5852.25	7010.75	7056.5		100.6	120.5
202312	230L30100	74	定時間	5798.0	6724.0	6666.0		99.1	114.9
202312	230L30100	75	残業時間	122.25	330.75	380.5		115.0	311.2
202312	230L30100	76	移動時間	-68.0	-44.0	10.0		0.0	0.0
202312	230L30100	77	当月時間当り	3959.0	4092.9	2882.9		70.4	72.8
202312	230L30100	78	人員	59.0	68.0	68.0		100.0	115.2
202401	230L30100	1	総受注高	0.0	0.0	0.0		0.0	0.0
202401	230L30100	2	総売上高	26000000.0	28199920.0	29847571.0		105.8	114.7
202401	230L30100	3	売上高	0.0	0.0	0.0	0.0	0.0	0.0
202401	230L30100	4	グループ売上高	0.0	0.0	0.0	0.0	0.0	0.0
202401	230L30100	5	社内売上高	26000000.0	28199920.0	29847571.0	100.0	105.8	114.7
202401	230L30100	7	販売奨励金	0.0	0.0	0.0	0.0	0.0	0.0
202401	230L30100	8	売上原価	0.0	0.0	0.0	0.0	0.0	0.0
202401	230L30100	9	仕入高	0.0	0.0	0.0	0.0	0.0	0.0
202401	230L30100	10	グループ仕入高	0.0	0.0	0.0	0.0	0.0	0.0
202401	230L30100	11	社内仕入高	0.0	0.0	0.0	0.0	0.0	0.0
202401	230L30100	12	荷造運搬費	0.0	0.0	0.0	0.0	0.0	0.0
202401	230L30100	13	販売手数料	0.0	0.0	0.0	0.0	0.0	0.0
202401	230L30100	14	総収益	26000000.0	28199920.0	29847571.0	100.0	105.8	114.7
202401	230L30100	15	経費合計	19727565.0	20614843.0	19696523.0	65.9	95.5	99.8
202401	230L30100	16	経費合計（原価）	15548884.0	16951000.0	16157852.0	54.1	95.3	103.9
202401	230L30100	17	種苗費*	0.0	0.0	0.0	0.0	0.0	0.0
202401	230L30100	18	肥料費*	590000.0	704000.0	941546.0	3.1	133.7	159.5
202401	230L30100	19	培土費用*	0.0	0.0	0.0	0.0	0.0	0.0
202401	230L30100	20	農薬衛生費*	340000.0	457000.0	476698.0	1.5	104.3	140.2
202401	230L30100	21	農具費*	990000.0	422000.0	497162.0	1.6	117.8	50.2
202401	230L30100	22	諸材料費*	2730000.0	3407000.0	2326712.0	7.7	68.2	85.2
202401	230L30100	23	その他仕入高*	0.0	0.0	0.0	0.0	0.0	0.0
202401	230L30100	24	減価償却費*	3748884.0	3749000.0	3767915.0	12.6	100.5	100.5
202401	230L30100	25	車両費*	0.0	0.0	0.0	0.0	0.0	0.0
202401	230L30100	26	水道光熱費*	160000.0	167000.0	166656.0	0.5	99.7	104.1
202401	230L30100	27	動力費*	1880000.0	1642000.0	1641781.0	5.5	99.9	87.3
202401	230L30100	28	燃料費*	3440000.0	4051000.0	3929280.0	13.1	96.9	114.2
202401	230L30100	29	賃借料*	1240000.0	1249000.0	1248230.0	4.1	99.9	100.6
202401	230L30100	30	修繕費*	330000.0	290000.0	275581.0	0.9	95.0	83.5
202401	230L30100	31	診断料*	60000.0	52000.0	47300.0	0.1	90.9	78.8
202401	230L30100	32	租税公課*	0.0	0.0	0.0	0.0	0.0	0.0
202401	230L30100	33	業務委託費*	0.0	0.0	0.0	0.0	0.0	0.0
202401	230L30100	34	雑費*	0.0	338000.0	407060.0	1.3	120.4	0.0
202401	230L30100	35	雑給*	40000.0	423000.0	431931.0	1.4	102.1	
202401	230L30100	36	経費合計（販管費）	4178681.0	3663843.0	3538671.0	11.8	96.5	84.6
202401	230L30100	37	減価償却費	826212.0	826212.0	845102.0	2.8	102.2	102.2
202401	230L30100	38	車両費	130000.0	115000.0	33300.0	0.1	28.9	25.6
202401	230L30100	39	旅費交通費	10000.0	10000.0	0.0	0.0	0.0	0.0
202401	230L30100	40	通信費	40000.0	44000.0	34459.0	0.1	78.3	86.1
202401	230L30100	41	水道光熱費	180000.0	180000.0	179260.0	0.6	99.5	99.5
202401	230L30100	42	事務用品費	30000.0	30000.0	24505.0	0.0	81.6	81.6
202401	230L30100	43	消耗品費	190000.0	110000.0	105106.0	0.3	95.5	55.3
202401	230L30100	44	廃棄物処理料	470000.0	293000.0	319055.0	1.0	108.8	67.8
202401	230L30100	45	広告宣伝費	0.0	0.0	0.0	0.0	0.0	0.0
202401	230L30100	46	接待交際費	0.0	0.0	0.0	0.0	0.0	0.0
202401	230L30100	47	賃借料	10000.0	19000.0	18727.0	0.0	98.5	187.2
202401	230L30100	48	賃貸料収入	-120000.0	-121000.0	-121000.0	0.0	0.0	0.0
202401	230L30100	49	修繕費	0.0	0.0	31300.0	0.1	0.0	0.0
202401	230L30100	50	支払リース料	0.0	4400.0	4400.0	0.0	100.0	0.0
202401	230L30100	51	保険料	150000.0	113682.0	98672.0	0.3	86.7	65.7
202401	230L30100	52	支払報酬	0.0	0.0	0.0	0.0	0.0	0.0
202401	230L30100	53	支払手数料	270000.0	37000.0	34250.0	0.1	92.5	12.6
202401	230L30100	54	診断料	0.0	0.0	0.0	0.0	0.0	0.0
202401	230L30100	55	諸会費	0.0	0.0	0.0	0.0	0.0	0.0
202401	230L30100	56	会議費	0.0	0.0	0.0	0.0	0.0	0.0
202401	230L30100	57	寄付金	0.0	0.0	0.0	0.0	0.0	0.0
202401	230L30100	58	租税公課	0.0	0.0	200.0	0.0	0.0	0.0
202401	230L30100	59	業務委託費	0.0	0.0	0.0	0.0	0.0	0.0
202401	230L30100	60	業務受託収入	-50000.0	-53000.0	-57000.0	0.0	0.0	0.0
202401	230L30100	61	情報機器利用料	70000.0	78000.0	77880.0	0.2	99.8	111.2
202401	230L30100	62	貸倒金	0.0	0.0	0.0	0.0	0.0	0.0
202401	230L30100	63	雑費	100000.0	96000.0	18795.0	0.0	19.5	18.7
202401	230L30100	64	福利消耗品費	0.0	1000.0	1366.0	0.0	136.6	0.0
202401	230L30100	65	教育研修費	0.0	0.0	0.0	0.0	0.0	0.0
202401	230L30100	66	廃棄損	0.0	0.0	0.0	0.0	0.0	0.0
202401	230L30100	67	雑給	0.0	0.0	0.0	0.0	0.0	0.0
202401	230L30100	68	社内金利（固定資産）	1452469.0	1455849.0	1465594.0	4.9	100.6	100.9
202401	230L30100	69	社内金利（売掛金）	0.0	0.0	0.0	0.0	0.0	0.0
202401	230L30100	70	グループ共通	420000.0	424700.0	424700.0	1.4	100.0	101.1
202401	230L30100	71	差引収益	6272435.0	7585077.0	10151048.0	34.0	133.8	161.8
202401	230L30100	72	差引比率	24.1	26.8	34.0		126.8	141.0
202401	230L30100	73	総時間	5841.5	6455.0	6330.75		98.0	108.3
202401	230L30100	74	定時間	5797.5	6285.0	6170.75		98.1	106.4
202401	230L30100	75	残業時間	84.0	190.0	212.25		111.7	252.6
202401	230L30100	76	移動時間	-40.0	-20.0	-52.25		0.0	0.0
202401	230L30100	77	当月時間当り	1073.7	1175.0	1603.4		136.4	149.3
202401	230L30100	78	人員	59.0	66.0	66.0		100.0	111.8
202402	230L30100	1	総受注高	0.0	0.0	0.0		0.0	0.0
202402	230L30100	2	総売上高	25000000.0	20722840.0	21367148.0		103.1	85.4
202402	230L30100	3	売上高	0.0	0.0	0.0	0.0	0.0	0.0
202402	230L30100	4	グループ売上高	0.0	0.0	0.0	0.0	0.0	0.0
202402	230L30100	5	社内売上高	25000000.0	20722840.0	21367148.0	100.0	103.1	85.4
202402	230L30100	7	販売奨励金	0.0	0.0	0.0	0.0	0.0	0.0
202402	230L30100	8	売上原価	0.0	0.0	0.0	0.0	0.0	0.0
202402	230L30100	9	仕入高	0.0	0.0	0.0	0.0	0.0	0.0
202402	230L30100	10	グループ仕入高	0.0	0.0	0.0	0.0	0.0	0.0
202402	230L30100	11	社内仕入高	0.0	0.0	0.0	0.0	0.0	0.0
202402	230L30100	12	荷造運搬費	0.0	0.0	0.0	0.0	0.0	0.0
202402	230L30100	13	販売手数料	0.0	0.0	0.0	0.0	0.0	0.0
202402	230L30100	14	総収益	25000000.0	20722840.0	21367148.0	100.0	103.1	85.4
202402	230L30100	15	経費合計	25104690.0	25530872.0	24999074.0	116.9	97.9	99.5
202402	230L30100	16	経費合計（原価）	20998884.0	21277000.0	20084395.0	93.9	94.3	95.6
202402	230L30100	17	種苗費*	4960000.0	4651000.0	4650732.0	21.7	99.9	93.7
202402	230L30100	18	肥料費*	1140000.0	1297000.0	1225724.0	5.7	94.5	107.5
202402	230L30100	19	培土費用*	0.0	0.0	0.0	0.0	0.0	0.0
202402	230L30100	20	農薬衛生費*	360000.0	297000.0	282538.0	1.3	95.1	78.4
202402	230L30100	21	農具費*	80000.0	415000.0	288592.0	1.3	69.5	360.7
202402	230L30100	22	諸材料費*	3470000.0	3347000.0	3573492.0	16.7	106.7	102.9
202402	230L30100	23	その他仕入高*	0.0	0.0	0.0	0.0	0.0	0.0
202402	230L30100	24	減価償却費*	3748884.0	3749000.0	3767915.0	17.6	100.5	100.5
202402	230L30100	25	車両費*	0.0	0.0	0.0	0.0	0.0	0.0
202402	230L30100	26	水道光熱費*	150000.0	150000.0	166656.0	0.7	111.1	111.1
202402	230L30100	27	動力費*	1880000.0	1591000.0	1590187.0	7.4	99.9	84.5
202402	230L30100	28	燃料費*	3870000.0	3680000.0	2400560.0	11.2	65.2	62.0
202402	230L30100	29	賃借料*	1240000.0	1249000.0	1248230.0	5.8	99.9	100.6
202402	230L30100	30	修繕費*	40000.0	676000.0	764483.0	3.5	113.0	
202402	230L30100	31	診断料*	20000.0	27000.0	47300.0	0.2	175.1	236.5
202402	230L30100	32	租税公課*	0.0	0.0	0.0	0.0	0.0	0.0
202402	230L30100	33	業務委託費*	0.0	0.0	0.0	0.0	0.0	0.0
202402	230L30100	34	雑費*	0.0	100000.0	50000.0	0.2	50.0	0.0
202402	230L30100	35	雑給*	40000.0	48000.0	27986.0	0.1	58.3	69.9
202402	230L30100	36	経費合計（販管費）	4105806.0	4253872.0	4914679.0	23.0	115.5	119.7
202402	230L30100	37	減価償却費	826212.0	826212.0	845102.0	3.9	102.2	102.2
202402	230L30100	38	車両費	130000.0	315000.0	282170.0	1.3	89.5	217.0
202402	230L30100	39	旅費交通費	10000.0	10000.0	3436.0	0.0	34.3	34.3
202402	230L30100	40	通信費	40000.0	44000.0	60867.0	0.2	138.3	152.1
202402	230L30100	41	水道光熱費	200000.0	194000.0	193070.0	0.9	99.5	96.5
202402	230L30100	42	事務用品費	30000.0	30000.0	10184.0	0.0	33.9	33.9
202402	230L30100	43	消耗品費	60000.0	60000.0	9989.0	0.0	16.6	16.6
202402	230L30100	44	廃棄物処理料	330000.0	293000.0	194557.0	0.9	66.4	58.9
202402	230L30100	45	広告宣伝費	0.0	0.0	0.0	0.0	0.0	0.0
202402	230L30100	46	接待交際費	0.0	0.0	0.0	0.0	0.0	0.0
202402	230L30100	47	賃借料	10000.0	19000.0	18727.0	0.0	98.5	187.2
202402	230L30100	48	賃貸料収入	-120000.0	-121000.0	-121000.0	0.0	0.0	0.0
202402	230L30100	49	修繕費	0.0	0.0	0.0	0.0	0.0	0.0
202402	230L30100	50	支払リース料	0.0	4400.0	4400.0	0.0	100.0	0.0
202402	230L30100	51	保険料	150000.0	113682.0	128692.0	0.6	113.2	85.7
202402	230L30100	52	支払報酬	0.0	0.0	0.0	0.0	0.0	0.0
202402	230L30100	53	支払手数料	30000.0	37000.0	467150.0	2.1		
202402	230L30100	54	診断料	0.0	0.0	0.0	0.0	0.0	0.0
202402	230L30100	55	諸会費	0.0	0.0	0.0	0.0	0.0	0.0
202402	230L30100	56	会議費	0.0	0.0	0.0	0.0	0.0	0.0
202402	230L30100	57	寄付金	0.0	0.0	0.0	0.0	0.0	0.0
202402	230L30100	58	租税公課	0.0	0.0	0.0	0.0	0.0	0.0
202402	230L30100	59	業務委託費	0.0	0.0	0.0	0.0	0.0	0.0
202402	230L30100	60	業務受託収入	-50000.0	-53000.0	-120457.0	0.0	0.0	0.0
202402	230L30100	61	情報機器利用料	70000.0	78000.0	77880.0	0.3	99.8	111.2
202402	230L30100	62	貸倒金	0.0	0.0	0.0	0.0	0.0	0.0
202402	230L30100	63	雑費	540000.0	546000.0	984983.0	4.6	180.3	182.4
202402	230L30100	64	福利消耗品費	0.0	0.0	0.0	0.0	0.0	0.0
202402	230L30100	65	教育研修費	0.0	0.0	7700.0	0.0	0.0	0.0
202402	230L30100	66	廃棄損	0.0	0.0	0.0	0.0	0.0	0.0
202402	230L30100	67	雑給	0.0	0.0	0.0	0.0	0.0	0.0
202402	230L30100	68	社内金利（固定資産）	1429594.0	1432878.0	1442529.0	6.7	100.6	100.9
202402	230L30100	69	社内金利（売掛金）	0.0	0.0	0.0	0.0	0.0	0.0
202402	230L30100	70	グループ共通	420000.0	424700.0	424700.0	1.9	100.0	101.1
202402	230L30100	71	差引収益	-104690.0	-4808032.0	-3631926.0	0.0	0.0	0.0
202402	230L30100	72	差引比率	-0.4	-23.2	-16.9		0.0	0.0
202402	230L30100	73	総時間	5362.5	5646.5	5509.75		97.5	102.7
202402	230L30100	74	定時間	5288.5	5599.5	5455.25		97.4	103.1
202402	230L30100	75	残業時間	80.0	60.0	62.5		104.1	78.1
202402	230L30100	76	移動時間	-6.0	-13.0	-8.0		0.0	0.0
202402	230L30100	77	当月時間当り	-19.5	-851.5	-659.1		0.0	0.0
202402	230L30100	78	人員	59.0	68.0	66.0		97.0	111.8
202403	230L30100	1	総受注高	0.0	0.0	0.0		0.0	0.0
202403	230L30100	2	総売上高	34000000.0	25953280.0	23164837.0		89.2	68.1
202403	230L30100	3	売上高	0.0	0.0	0.0	0.0	0.0	0.0
202403	230L30100	4	グループ売上高	0.0	0.0	0.0	0.0	0.0	0.0
202403	230L30100	5	社内売上高	34000000.0	25953280.0	23164837.0	100.0	89.2	68.1
202403	230L30100	7	販売奨励金	0.0	0.0	0.0	0.0	0.0	0.0
202403	230L30100	8	売上原価	0.0	0.0	0.0	0.0	0.0	0.0
202403	230L30100	9	仕入高	0.0	0.0	0.0	0.0	0.0	0.0
202403	230L30100	10	グループ仕入高	0.0	0.0	0.0	0.0	0.0	0.0
202403	230L30100	11	社内仕入高	0.0	0.0	0.0	0.0	0.0	0.0
202403	230L30100	12	荷造運搬費	0.0	0.0	0.0	0.0	0.0	0.0
202403	230L30100	13	販売手数料	0.0	0.0	0.0	0.0	0.0	0.0
202403	230L30100	14	総収益	34000000.0	25953280.0	23164837.0	100.0	89.2	68.1
202403	230L30100	15	経費合計	22300260.0	19788139.0	18990120.0	81.9	95.9	85.1
202403	230L30100	16	経費合計（原価）	17900961.0	15840000.0	15195455.0	65.5	95.9	84.8
202403	230L30100	17	種苗費*	0.0	0.0	0.0	0.0	0.0	0.0
202403	230L30100	18	肥料費*	930000.0	1287000.0	1224723.0	5.2	95.1	131.6
202403	230L30100	19	培土費用*	1980000.0	0.0	0.0	0.0	0.0	0.0
202403	230L30100	20	農薬衛生費*	490000.0	687000.0	801023.0	3.4	116.5	163.4
202403	230L30100	21	農具費*	30000.0	32000.0	54892.0	0.2	171.5	182.9
202403	230L30100	22	諸材料費*	4604000.0	3565000.0	3420909.0	14.7	95.9	74.3
202403	230L30100	23	その他仕入高*	0.0	0.0	0.0	0.0	0.0	0.0
202403	230L30100	24	減価償却費*	3706961.0	3707000.0	3726003.0	16.0	100.5	100.5
202403	230L30100	25	車両費*	0.0	0.0	0.0	0.0	0.0	0.0
202403	230L30100	26	水道光熱費*	160000.0	150000.0	155904.0	0.6	103.9	97.4
202403	230L30100	27	動力費*	1580000.0	1550000.0	1314266.0	5.6	84.7	83.1
202403	230L30100	28	燃料費*	3010000.0	3128000.0	3200400.0	13.8	102.3	106.3
202403	230L30100	29	賃借料*	1240000.0	1249000.0	1248241.0	5.3	99.9	100.6
202403	230L30100	30	修繕費*	110000.0	110000.0	1071.0	0.0	0.9	0.9
202403	230L30100	31	診断料*	20000.0	27000.0	22000.0	0.0	81.4	110.0
202403	230L30100	32	租税公課*	0.0	0.0	0.0	0.0	0.0	0.0
202403	230L30100	33	業務委託費*	0.0	0.0	0.0	0.0	0.0	0.0
202403	230L30100	34	雑費*	0.0	300000.0	0.0	0.0	0.0	0.0
202403	230L30100	35	雑給*	40000.0	48000.0	26023.0	0.1	54.2	65.0
202403	230L30100	36	経費合計（販管費）	4399299.0	3948139.0	3794665.0	16.3	96.1	86.2
202403	230L30100	37	減価償却費	826441.0	826441.0	845331.0	3.6	102.2	102.2
202403	230L30100	38	車両費	140000.0	119000.0	105180.0	0.4	88.3	75.1
202403	230L30100	39	旅費交通費	10000.0	10000.0	0.0	0.0	0.0	0.0
202403	230L30100	40	通信費	40000.0	44000.0	42586.0	0.1	96.7	106.4
202403	230L30100	41	水道光熱費	150000.0	150000.0	142862.0	0.6	95.2	95.2
202403	230L30100	42	事務用品費	31542.0	30000.0	24757.0	0.1	82.5	78.4
202403	230L30100	43	消耗品費	70000.0	70000.0	454014.0	1.9	648.5	648.5
202403	230L30100	44	廃棄物処理料	360000.0	506000.0	376789.0	1.6	74.4	104.6
202403	230L30100	45	広告宣伝費	0.0	0.0	0.0	0.0	0.0	0.0
202403	230L30100	46	接待交際費	0.0	0.0	0.0	0.0	0.0	0.0
202403	230L30100	47	賃借料	10000.0	19000.0	18727.0	0.0	98.5	187.2
202403	230L30100	48	賃貸料収入	-120000.0	-121000.0	-121000.0	0.0	0.0	0.0
202403	230L30100	49	修繕費	345000.0	358000.0	13298.0	0.0	3.7	3.8
202403	230L30100	50	支払リース料	0.0	4400.0	4400.0	0.0	100.0	0.0
202403	230L30100	51	保険料	150000.0	129482.0	129482.0	0.5	100.0	86.3
202403	230L30100	52	支払報酬	0.0	0.0	0.0	0.0	0.0	0.0
202403	230L30100	53	支払手数料	70000.0	77000.0	72950.0	0.3	94.7	104.2
202403	230L30100	54	診断料	0.0	0.0	0.0	0.0	0.0	0.0
202403	230L30100	55	諸会費	0.0	0.0	0.0	0.0	0.0	0.0
202403	230L30100	56	会議費	0.0	0.0	0.0	0.0	0.0	0.0
202403	230L30100	57	寄付金	0.0	0.0	0.0	0.0	0.0	0.0
202403	230L30100	58	租税公課	0.0	0.0	0.0	0.0	0.0	0.0
202403	230L30100	59	業務委託費	0.0	0.0	0.0	0.0	0.0	0.0
202403	230L30100	60	業務受託収入	-50000.0	-203000.0	-251546.0	0.0	0.0	0.0
202403	230L30100	61	情報機器利用料	70000.0	78000.0	77880.0	0.3	99.8	111.2
202403	230L30100	62	貸倒金	0.0	0.0	0.0	0.0	0.0	0.0
202403	230L30100	63	雑費	450000.0	6000.0	8219.0	0.0	136.9	1.8
202403	230L30100	64	福利消耗品費	0.0	0.0	0.0	0.0	0.0	0.0
202403	230L30100	65	教育研修費	10000.0	10000.0	6363.0	0.0	63.6	63.6
202403	230L30100	66	廃棄損	0.0	0.0	0.0	0.0	0.0	0.0
202403	230L30100	67	雑給	0.0	0.0	0.0	0.0	0.0	0.0
202403	230L30100	68	社内金利（固定資産）	1416316.0	1410116.0	1419673.0	6.1	100.6	100.2
202403	230L30100	69	社内金利（売掛金）	0.0	0.0	0.0	0.0	0.0	0.0
202403	230L30100	70	グループ共通	420000.0	424700.0	424700.0	1.8	100.0	101.1
202403	230L30100	71	差引収益	11699740.0	6165141.0	4174717.0	18.0	67.7	35.6
202403	230L30100	72	差引比率	34.4	23.7	18.0		75.9	52.3
202403	230L30100	73	総時間	6845.75	6428.0	6000.0		93.3	87.6
202403	230L30100	74	定時間	6727.75	6356.0	5948.25		93.5	88.4
202403	230L30100	75	残業時間	108.0	82.0	62.75		76.5	58.1
202403	230L30100	76	移動時間	10.0	-10.0	-11.0		0.0	0.0
202403	230L30100	77	当月時間当り	1709.0	959.1	695.7		72.5	40.7
202403	230L30100	78	人員	59.0	68.0	66.0		97.0	111.8
202404	230L30100	1	総受注高	0.0	0.0	0.0		0.0	0.0
202404	230L30100	2	総売上高	38000000.0	33658099.0	35387852.0		105.1	93.1
202404	230L30100	3	売上高	0.0	0.0	0.0	0.0	0.0	0.0
202404	230L30100	4	グループ売上高	0.0	0.0	0.0	0.0	0.0	0.0
202404	230L30100	5	社内売上高	38000000.0	33658099.0	35387852.0	100.0	105.1	93.1
202404	230L30100	7	販売奨励金	0.0	0.0	0.0	0.0	0.0	0.0
202404	230L30100	8	売上原価	0.0	0.0	0.0	0.0	0.0	0.0
202404	230L30100	9	仕入高	0.0	0.0	0.0	0.0	0.0	0.0
202404	230L30100	10	グループ仕入高	0.0	0.0	0.0	0.0	0.0	0.0
202404	230L30100	11	社内仕入高	0.0	0.0	0.0	0.0	0.0	0.0
202404	230L30100	12	荷造運搬費	0.0	0.0	0.0	0.0	0.0	0.0
202404	230L30100	13	販売手数料	0.0	0.0	0.0	0.0	0.0	0.0
202404	230L30100	14	総収益	38000000.0	33658099.0	35387852.0	100.0	105.1	93.1
202404	230L30100	15	経費合計	22285363.0	20998563.0	22599824.0	63.8	107.6	101.4
202404	230L30100	16	経費合計（原価）	17428315.0	16152315.0	18022349.0	50.9	111.5	103.4
202404	230L30100	17	種苗費*	0.0	0.0	0.0	0.0	0.0	0.0
202404	230L30100	18	肥料費*	1464000.0	1464000.0	1695295.0	4.7	115.7	115.7
202404	230L30100	19	培土費用*	0.0	0.0	2187832.0	6.1	0.0	0.0
202404	230L30100	20	農薬衛生費*	390000.0	390000.0	140502.0	0.3	36.0	36.0
202404	230L30100	21	農具費*	164000.0	110000.0	94799.0	0.2	86.1	57.8
202404	230L30100	22	諸材料費*	7642000.0	6622000.0	6411782.0	18.1	96.8	83.9
202404	230L30100	23	その他仕入高*	0.0	0.0	0.0	0.0	0.0	0.0
202404	230L30100	24	減価償却費*	3172085.0	3172085.0	3172085.0	8.9	100.0	100.0
202404	230L30100	25	車両費*	0.0	0.0	0.0	0.0	0.0	0.0
202404	230L30100	26	水道光熱費*	165000.0	165000.0	166656.0	0.4	101.0	101.0
202404	230L30100	27	動力費*	1260000.0	1601000.0	1600509.0	4.5	99.9	127.0
202404	230L30100	28	燃料費*	1080000.0	1080000.0	1082400.0	3.0	100.2	100.2
202404	230L30100	29	賃借料*	1248230.0	1248230.0	1248241.0	3.5	100.0	100.0
202404	230L30100	30	修繕費*	660000.0	185000.0	186750.0	0.5	100.9	28.2
202404	230L30100	31	診断料*	0.0	0.0	3000.0	0.0	0.0	0.0
202404	230L30100	32	租税公課*	0.0	0.0	0.0	0.0	0.0	0.0
202404	230L30100	33	業務委託費*	0.0	0.0	0.0	0.0	0.0	0.0
202404	230L30100	34	雑費*	0.0	0.0	0.0	0.0	0.0	0.0
202404	230L30100	35	雑給*	183000.0	115000.0	32498.0	0.0	28.2	17.7
202404	230L30100	36	経費合計（販管費）	4857048.0	4846248.0	4577475.0	12.9	94.4	94.2
202404	230L30100	37	減価償却費	843862.0	843862.0	843862.0	2.3	100.0	100.0
202404	230L30100	38	車両費	81000.0	81000.0	88669.0	0.2	109.4	109.4
202404	230L30100	39	旅費交通費	10000.0	10000.0	1818.0	0.0	18.1	18.1
202404	230L30100	40	通信費	47147.0	47147.0	40910.0	0.1	86.7	86.7
202404	230L30100	41	水道光熱費	150000.0	193000.0	191114.0	0.5	99.0	127.4
202404	230L30100	42	事務用品費	30000.0	30000.0	17452.0	0.0	58.1	58.1
202404	230L30100	43	消耗品費	280000.0	276200.0	64205.0	0.1	23.2	22.9
202404	230L30100	44	廃棄物処理料	367000.0	367000.0	293736.0	0.8	80.0	80.0
202404	230L30100	45	広告宣伝費	0.0	0.0	0.0	0.0	0.0	0.0
202404	230L30100	46	接待交際費	0.0	0.0	0.0	0.0	0.0	0.0
202404	230L30100	47	賃借料	19000.0	19000.0	18727.0	0.0	98.5	98.5
202404	230L30100	48	賃貸料収入	-101000.0	-101000.0	-101000.0	0.0	0.0	0.0
202404	230L30100	49	修繕費	50000.0	0.0	0.0	0.0	0.0	0.0
202404	230L30100	50	支払リース料	4400.0	4400.0	4400.0	0.0	100.0	100.0
202404	230L30100	51	保険料	115166.0	115166.0	115168.0	0.3	100.0	100.0
202404	230L30100	52	支払報酬	0.0	0.0	0.0	0.0	0.0	0.0
202404	230L30100	53	支払手数料	1141000.0	1141000.0	1160790.0	3.2	101.7	101.7
202404	230L30100	54	診断料	24000.0	24000.0	19000.0	0.0	79.1	79.1
202404	230L30100	55	諸会費	0.0	0.0	0.0	0.0	0.0	0.0
202404	230L30100	56	会議費	0.0	0.0	0.0	0.0	0.0	0.0
202404	230L30100	57	寄付金	0.0	0.0	0.0	0.0	0.0	0.0
202404	230L30100	58	租税公課	0.0	0.0	0.0	0.0	0.0	0.0
202404	230L30100	59	業務委託費	0.0	0.0	0.0	0.0	0.0	0.0
202404	230L30100	60	業務受託収入	-85000.0	-85000.0	-61000.0	0.0	0.0	0.0
202404	230L30100	61	情報機器利用料	79480.0	79480.0	79480.0	0.2	100.0	100.0
202404	230L30100	62	貸倒金	0.0	0.0	0.0	0.0	0.0	0.0
202404	230L30100	63	雑費	6000.0	6000.0	5151.0	0.0	85.8	85.8
202404	230L30100	64	福利消耗品費	0.0	0.0	0.0	0.0	0.0	0.0
202404	230L30100	65	教育研修費	0.0	0.0	0.0	0.0	0.0	0.0
202404	230L30100	66	廃棄損	0.0	0.0	0.0	0.0	0.0	0.0
202404	230L30100	67	雑給	0.0	0.0	0.0	0.0	0.0	0.0
202404	230L30100	68	社内金利（固定資産）	1399593.0	1399593.0	1399593.0	3.9	100.0	100.0
202404	230L30100	69	社内金利（売掛金）	0.0	0.0	0.0	0.0	0.0	0.0
202404	230L30100	70	グループ共通	395400.0	395400.0	395400.0	1.1	100.0	100.0
202404	230L30100	71	差引収益	15714637.0	12659536.0	12788028.0	36.1	101.0	81.3
202404	230L30100	72	差引比率	41.3	37.6	36.1		96.0	87.4
202404	230L30100	73	総時間	7283.75	6909.75	6866.5		99.3	94.2
202404	230L30100	74	定時間	7128.75	6780.75	6638.5		97.9	93.1
202404	230L30100	75	残業時間	155.0	129.0	228.0		176.7	147.0
202404	230L30100	76	移動時間	0.0	0.0	0.0		0.0	0.0
202404	230L30100	77	当月時間当り	2157.4	1832.1	1862.3		101.6	86.3
202404	230L30100	78	人員	69.0	66.0	64.0		96.9	92.7
202405	230L30100	1	総受注高	0.0	0.0	0.0		0.0	0.0
202405	230L30100	2	総売上高	48500000.0	41624115.0	46773673.0		112.3	96.4
202405	230L30100	3	売上高	0.0	0.0	0.0	0.0	0.0	0.0
202405	230L30100	4	グループ売上高	0.0	0.0	0.0	0.0	0.0	0.0
202405	230L30100	5	社内売上高	48500000.0	41624115.0	46773673.0	100.0	112.3	96.4
202405	230L30100	7	販売奨励金	0.0	0.0	0.0	0.0	0.0	0.0
202405	230L30100	8	売上原価	0.0	0.0	0.0	0.0	0.0	0.0
202405	230L30100	9	仕入高	0.0	0.0	0.0	0.0	0.0	0.0
202405	230L30100	10	グループ仕入高	0.0	0.0	0.0	0.0	0.0	0.0
202405	230L30100	11	社内仕入高	0.0	0.0	0.0	0.0	0.0	0.0
202405	230L30100	12	荷造運搬費	0.0	0.0	0.0	0.0	0.0	0.0
202405	230L30100	13	販売手数料	0.0	0.0	0.0	0.0	0.0	0.0
202405	230L30100	14	総収益	48500000.0	41624115.0	46773673.0	100.0	112.3	96.4
202405	230L30100	15	経費合計	37881283.0	33521155.0	33452985.0	71.5	99.7	88.3
202405	230L30100	16	経費合計（原価）	27597315.0	23319315.0	21610746.0	46.2	92.6	78.3
202405	230L30100	17	種苗費*	0.0	0.0	0.0	0.0	0.0	0.0
202405	230L30100	18	肥料費*	1473000.0	1473000.0	1678574.0	3.5	113.9	113.9
202405	230L30100	19	培土費用*	5830000.0	3640000.0	1009476.0	2.1	27.7	17.3
202405	230L30100	20	農薬衛生費*	650000.0	615000.0	726409.0	1.5	118.1	111.7
202405	230L30100	21	農具費*	417000.0	729000.0	400224.0	0.8	54.9	95.9
202405	230L30100	22	諸材料費*	6817000.0	5044000.0	6376144.0	13.6	126.4	93.5
202405	230L30100	23	その他仕入高*	0.0	0.0	0.0	0.0	0.0	0.0
202405	230L30100	24	減価償却費*	3172085.0	3172085.0	3172085.0	6.7	100.0	100.0
202405	230L30100	25	車両費*	0.0	0.0	0.0	0.0	0.0	0.0
202405	230L30100	26	水道光熱費*	165000.0	180000.0	161280.0	0.3	89.6	97.7
202405	230L30100	27	動力費*	1246000.0	1276000.0	1276115.0	2.7	100.0	102.4
202405	230L30100	28	燃料費*	720000.0	720000.0	357200.0	0.7	49.6	49.6
202405	230L30100	29	賃借料*	1248230.0	1248230.0	1248230.0	2.6	100.0	100.0
202405	230L30100	30	修繕費*	720000.0	1100000.0	1160939.0	2.4	105.5	161.2
202405	230L30100	31	診断料*	0.0	0.0	-3000.0	0.0	0.0	0.0
202405	230L30100	32	租税公課*	0.0	0.0	0.0	0.0	0.0	0.0
202405	230L30100	33	業務委託費*	0.0	0.0	0.0	0.0	0.0	0.0
202405	230L30100	34	雑費*	4200000.0	3010000.0	3050800.0	6.5	101.3	72.6
202405	230L30100	35	雑給*	939000.0	1112000.0	996270.0	2.1	89.5	106.0
202405	230L30100	36	経費合計（販管費）	10283968.0	10201840.0	11842239.0	25.3	116.0	115.1
202405	230L30100	37	減価償却費	843862.0	843862.0	978520.0	2.0	115.9	115.9
202405	230L30100	38	車両費	140000.0	140000.0	144566.0	0.3	103.2	103.2
202405	230L30100	39	旅費交通費	10000.0	10000.0	355053.0	0.7		
202405	230L30100	40	通信費	47147.0	47147.0	39620.0	0.0	84.0	84.0
202405	230L30100	41	水道光熱費	120000.0	140000.0	138131.0	0.2	98.6	115.1
202405	230L30100	42	事務用品費	30000.0	40000.0	23857.0	0.0	59.6	79.5
202405	230L30100	43	消耗品費	60000.0	264872.0	175580.0	0.3	66.2	292.6
202405	230L30100	44	廃棄物処理料	402000.0	402000.0	921955.0	1.9	229.3	229.3
202405	230L30100	45	広告宣伝費	0.0	0.0	0.0	0.0	0.0	0.0
202405	230L30100	46	接待交際費	0.0	0.0	0.0	0.0	0.0	0.0
202405	230L30100	47	賃借料	19000.0	19000.0	18727.0	0.0	98.5	98.5
202405	230L30100	48	賃貸料収入	-101000.0	-101000.0	-101000.0	0.0	0.0	0.0
202405	230L30100	49	修繕費	350000.0	0.0	0.0	0.0	0.0	0.0
202405	230L30100	50	支払リース料	4400.0	4400.0	4400.0	0.0	100.0	100.0
202405	230L30100	51	保険料	115166.0	115166.0	115168.0	0.2	100.0	100.0
202405	230L30100	52	支払報酬	0.0	0.0	0.0	0.0	0.0	0.0
202405	230L30100	53	支払手数料	37000.0	37000.0	241850.0	0.5	653.6	653.6
202405	230L30100	54	診断料	183000.0	166000.0	144182.0	0.3	86.8	78.7
202405	230L30100	55	諸会費	9000.0	9000.0	5000.0	0.0	55.5	55.5
202405	230L30100	56	会議費	0.0	0.0	0.0	0.0	0.0	0.0
202405	230L30100	57	寄付金	0.0	0.0	0.0	0.0	0.0	0.0
202405	230L30100	58	租税公課	5753000.0	5753000.0	6430500.0	13.7	111.7	111.7
202405	230L30100	59	業務委託費	0.0	0.0	0.0	0.0	0.0	0.0
202405	230L30100	60	業務受託収入	-85000.0	-125000.0	-157000.0	0.0	0.0	0.0
202405	230L30100	61	情報機器利用料	79480.0	79480.0	79480.0	0.1	100.0	100.0
202405	230L30100	62	貸倒金	0.0	0.0	0.0	0.0	0.0	0.0
202405	230L30100	63	雑費	482000.0	582000.0	481160.0	1.0	82.6	99.8
202405	230L30100	64	福利消耗品費	10000.0	0.0	0.0	0.0	0.0	0.0
202405	230L30100	65	教育研修費	0.0	0.0	0.0	0.0	0.0	0.0
202405	230L30100	66	廃棄損	0.0	0.0	0.0	0.0	0.0	0.0
202405	230L30100	67	雑給	0.0	0.0	0.0	0.0	0.0	0.0
202405	230L30100	68	社内金利（固定資産）	1379513.0	1379513.0	1407090.0	3.0	101.9	101.9
202405	230L30100	69	社内金利（売掛金）	0.0	0.0	0.0	0.0	0.0	0.0
202405	230L30100	70	グループ共通	395400.0	395400.0	395400.0	0.8	100.0	100.0
202405	230L30100	71	差引収益	10618717.0	8102960.0	13320688.0	28.4	164.3	125.4
202405	230L30100	72	差引比率	21.8	19.4	28.4		146.3	130.2
202405	230L30100	73	総時間	8109.25	8208.25	8265.75		100.7	101.9
202405	230L30100	74	定時間	7740.25	7887.25	7707.5		97.7	99.5
202405	230L30100	75	残業時間	369.0	321.0	558.25		173.9	151.2
202405	230L30100	76	移動時間	0.0	0.0	0.0		0.0	0.0
202405	230L30100	77	当月時間当り	1309.4	987.1	1611.5		163.2	123.0
202405	230L30100	78	人員	69.0	71.0	66.0		92.9	95.6
202406	230L30100	1	総受注高	0.0	0.0	0.0		0.0	0.0
202406	230L30100	2	総売上高	42700000.0	50573323.0	50126965.0		99.1	117.3
202406	230L30100	3	売上高	0.0	0.0	0.0	0.0	0.0	0.0
202406	230L30100	4	グループ売上高	0.0	0.0	0.0	0.0	0.0	0.0
202406	230L30100	5	社内売上高	42700000.0	50573323.0	50126965.0	100.0	99.1	117.3
202406	230L30100	7	販売奨励金	0.0	0.0	0.0	0.0	0.0	0.0
202406	230L30100	8	売上原価	0.0	0.0	0.0	0.0	0.0	0.0
202406	230L30100	9	仕入高	0.0	0.0	0.0	0.0	0.0	0.0
202406	230L30100	10	グループ仕入高	0.0	0.0	0.0	0.0	0.0	0.0
202406	230L30100	11	社内仕入高	0.0	0.0	0.0	0.0	0.0	0.0
202406	230L30100	12	荷造運搬費	0.0	0.0	0.0	0.0	0.0	0.0
202406	230L30100	13	販売手数料	0.0	0.0	0.0	0.0	0.0	0.0
202406	230L30100	14	総収益	42700000.0	50573323.0	50126965.0	100.0	99.1	117.3
202406	230L30100	15	経費合計	24639593.0	23899593.0	24835423.0	49.5	103.9	100.7
202406	230L30100	16	経費合計（原価）	19444315.0	19155315.0	19955310.0	39.8	104.1	102.6
202406	230L30100	17	種苗費*	2320000.0	2311000.0	2310880.0	4.6	99.9	99.6
202406	230L30100	18	肥料費*	1536000.0	1536000.0	1405406.0	2.8	91.4	91.4
202406	230L30100	19	培土費用*	0.0	0.0	0.0	0.0	0.0	0.0
202406	230L30100	20	農薬衛生費*	230000.0	230000.0	371874.0	0.7	161.6	161.6
202406	230L30100	21	農具費*	39000.0	347000.0	397970.0	0.7	114.6	
202406	230L30100	22	諸材料費*	7996000.0	7132000.0	7912698.0	15.7	110.9	98.9
202406	230L30100	23	その他仕入高*	0.0	0.0	0.0	0.0	0.0	0.0
202406	230L30100	24	減価償却費*	3172085.0	3172085.0	3172085.0	6.3	100.0	100.0
202406	230L30100	25	車両費*	0.0	0.0	0.0	0.0	0.0	0.0
202406	230L30100	26	水道光熱費*	170000.0	180000.0	166656.0	0.3	92.5	98.0
202406	230L30100	27	動力費*	1030000.0	1036000.0	1180413.0	2.3	113.9	114.6
202406	230L30100	28	燃料費*	0.0	0.0	0.0	0.0	0.0	0.0
202406	230L30100	29	賃借料*	1248230.0	1248230.0	1248230.0	2.4	100.0	100.0
202406	230L30100	30	修繕費*	1160000.0	410000.0	24000.0	0.0	5.8	2.0
202406	230L30100	31	診断料*	0.0	0.0	0.0	0.0	0.0	0.0
202406	230L30100	32	租税公課*	0.0	0.0	0.0	0.0	0.0	0.0
202406	230L30100	33	業務委託費*	0.0	0.0	0.0	0.0	0.0	0.0
202406	230L30100	34	雑費*	240000.0	574000.0	275000.0	0.5	47.9	114.5
202406	230L30100	35	雑給*	303000.0	979000.0	1490098.0	2.9	152.2	491.7
202406	230L30100	36	経費合計（販管費）	5195278.0	4744278.0	4880113.0	9.7	102.8	93.9
202406	230L30100	37	減価償却費	909862.0	909862.0	978520.0	1.9	107.5	107.5
202406	230L30100	38	車両費	115000.0	115000.0	114788.0	0.2	99.8	99.8
202406	230L30100	39	旅費交通費	600000.0	230000.0	209357.0	0.4	91.0	34.8
202406	230L30100	40	通信費	47147.0	47147.0	40299.0	0.0	85.4	85.4
202406	230L30100	41	水道光熱費	130000.0	130000.0	146581.0	0.2	112.7	112.7
202406	230L30100	42	事務用品費	30000.0	30000.0	27620.0	0.0	92.0	92.0
202406	230L30100	43	消耗品費	53000.0	455000.0	557008.0	1.1	122.4	
202406	230L30100	44	廃棄物処理料	956000.0	332000.0	308059.0	0.6	92.7	32.2
202406	230L30100	45	広告宣伝費	0.0	0.0	0.0	0.0	0.0	0.0
202406	230L30100	46	接待交際費	0.0	0.0	1200.0	0.0	0.0	0.0
202406	230L30100	47	賃借料	19000.0	19000.0	18727.0	0.0	98.5	98.5
202406	230L30100	48	賃貸料収入	-101000.0	-101000.0	-101000.0	0.0	0.0	0.0
202406	230L30100	49	修繕費	300000.0	560000.0	620000.0	1.2	110.7	206.6
202406	230L30100	50	支払リース料	4400.0	4400.0	4400.0	0.0	100.0	100.0
202406	230L30100	51	保険料	115166.0	115166.0	115168.0	0.2	100.0	100.0
202406	230L30100	52	支払報酬	0.0	0.0	0.0	0.0	0.0	0.0
202406	230L30100	53	支払手数料	97000.0	37000.0	31000.0	0.0	83.7	31.9
202406	230L30100	54	診断料	14000.0	14000.0	0.0	0.0	0.0	0.0
202406	230L30100	55	諸会費	0.0	0.0	0.0	0.0	0.0	0.0
202406	230L30100	56	会議費	0.0	0.0	0.0	0.0	0.0	0.0
202406	230L30100	57	寄付金	0.0	0.0	0.0	0.0	0.0	0.0
202406	230L30100	58	租税公課	0.0	0.0	81.0	0.0	0.0	0.0
202406	230L30100	59	業務委託費	0.0	0.0	0.0	0.0	0.0	0.0
202406	230L30100	60	業務受託収入	-85000.0	-85000.0	-132273.0	0.0	0.0	0.0
202406	230L30100	61	情報機器利用料	79480.0	79480.0	79480.0	0.1	100.0	100.0
202406	230L30100	62	貸倒金	0.0	0.0	0.0	0.0	0.0	0.0
202406	230L30100	63	雑費	119000.0	70000.0	79361.0	0.1	113.3	66.6
202406	230L30100	64	福利消耗品費	0.0	0.0	0.0	0.0	0.0	0.0
202406	230L30100	65	教育研修費	10000.0	0.0	0.0	0.0	0.0	0.0
202406	230L30100	66	廃棄損	0.0	0.0	0.0	0.0	0.0	0.0
202406	230L30100	67	雑給	0.0	0.0	0.0	0.0	0.0	0.0
202406	230L30100	68	社内金利（固定資産）	1386823.0	1386823.0	1386337.0	2.7	99.9	99.9
202406	230L30100	69	社内金利（売掛金）	0.0	0.0	0.0	0.0	0.0	0.0
202406	230L30100	70	グループ共通	395400.0	395400.0	395400.0	0.7	100.0	100.0
202406	230L30100	71	差引収益	18060407.0	26673730.0	25291542.0	50.4	94.8	140.0
202406	230L30100	72	差引比率	42.2	52.7	50.4		95.6	119.4
202406	230L30100	73	総時間	7250.0	7756.0	7612.5		98.1	105.0
202406	230L30100	74	定時間	7052.0	7265.0	7018.25		96.6	99.5
202406	230L30100	75	残業時間	202.0	505.0	602.25		119.2	298.1
202406	230L30100	76	移動時間	-4.0	-14.0	-8.0		0.0	0.0
202406	230L30100	77	当月時間当り	2491.0	3439.1	3322.3		96.6	133.3
202406	230L30100	78	人員	69.0	71.0	71.0		100.0	102.8
202407	230L30100	1	総受注高	0.0	0.0	0.0		0.0	0.0
202407	230L30100	2	総売上高	28400000.0	35213390.0	38181704.0		108.4	134.4
202407	230L30100	3	売上高	0.0	0.0	0.0	0.0	0.0	0.0
202407	230L30100	4	グループ売上高	0.0	0.0	0.0	0.0	0.0	0.0
202407	230L30100	5	社内売上高	28400000.0	35213390.0	38181704.0	100.0	108.4	134.4
202407	230L30100	7	販売奨励金	0.0	0.0	0.0	0.0	0.0	0.0
202407	230L30100	8	売上原価	0.0	0.0	0.0	0.0	0.0	0.0
202407	230L30100	9	仕入高	0.0	0.0	0.0	0.0	0.0	0.0
202407	230L30100	10	グループ仕入高	0.0	0.0	0.0	0.0	0.0	0.0
202407	230L30100	11	社内仕入高	0.0	0.0	0.0	0.0	0.0	0.0
202407	230L30100	12	荷造運搬費	0.0	0.0	0.0	0.0	0.0	0.0
202407	230L30100	13	販売手数料	0.0	0.0	0.0	0.0	0.0	0.0
202407	230L30100	14	総収益	28400000.0	35213390.0	38181704.0	100.0	108.4	134.4
202407	230L30100	15	経費合計	18816184.0	20029155.0	19626950.0	51.4	97.9	104.3
202407	230L30100	16	経費合計（原価）	15145315.0	15995315.0	15912905.0	41.6	99.4	105.0
202407	230L30100	17	種苗費*	1120000.0	0.0	1053.0	0.0	0.0	0.0
202407	230L30100	18	肥料費*	1232000.0	1232000.0	1544530.0	4.0	125.3	125.3
202407	230L30100	19	培土費用*	0.0	0.0	0.0	0.0	0.0	0.0
202407	230L30100	20	農薬衛生費*	360000.0	330000.0	526327.0	1.3	159.4	146.2
202407	230L30100	21	農具費*	108000.0	2241000.0	536450.0	1.4	23.9	496.7
202407	230L30100	22	諸材料費*	5387000.0	5137000.0	5605077.0	14.6	109.1	104.0
202407	230L30100	23	その他仕入高*	0.0	0.0	0.0	0.0	0.0	0.0
202407	230L30100	24	減価償却費*	3172085.0	3172085.0	3172085.0	8.3	100.0	100.0
202407	230L30100	25	車両費*	0.0	0.0	0.0	0.0	0.0	0.0
202407	230L30100	26	水道光熱費*	170000.0	180000.0	161280.0	0.4	89.6	94.8
202407	230L30100	27	動力費*	1630000.0	1194000.0	1193651.0	3.1	99.9	73.2
202407	230L30100	28	燃料費*	0.0	0.0	0.0	0.0	0.0	0.0
202407	230L30100	29	賃借料*	1248230.0	1248230.0	1248230.0	3.2	100.0	100.0
202407	230L30100	30	修繕費*	560000.0	102000.0	578330.0	1.5	566.9	103.2
202407	230L30100	31	診断料*	0.0	0.0	0.0	0.0	0.0	0.0
202407	230L30100	32	租税公課*	0.0	0.0	0.0	0.0	0.0	0.0
202407	230L30100	33	業務委託費*	0.0	0.0	0.0	0.0	0.0	0.0
202407	230L30100	34	雑費*	0.0	579000.0	400643.0	1.0	69.1	0.0
202407	230L30100	35	雑給*	158000.0	580000.0	945249.0	2.4	162.9	598.2
202407	230L30100	36	経費合計（販管費）	3670869.0	4033840.0	3714045.0	9.7	92.0	101.1
202407	230L30100	37	減価償却費	909862.0	978520.0	978520.0	2.5	100.0	107.5
202407	230L30100	38	車両費	111000.0	111000.0	115480.0	0.3	104.0	104.0
202407	230L30100	39	旅費交通費	10000.0	10000.0	8341.0	0.0	83.4	83.4
202407	230L30100	40	通信費	47147.0	47147.0	44748.0	0.1	94.9	94.9
202407	230L30100	41	水道光熱費	100000.0	130000.0	129641.0	0.3	99.7	129.6
202407	230L30100	42	事務用品費	30000.0	30000.0	18578.0	0.0	61.9	61.9
202407	230L30100	43	消耗品費	65000.0	65000.0	99425.0	0.2	152.9	152.9
202407	230L30100	44	廃棄物処理料	293000.0	367000.0	383878.0	1.0	104.5	131.0
202407	230L30100	45	広告宣伝費	0.0	0.0	0.0	0.0	0.0	0.0
202407	230L30100	46	接待交際費	0.0	0.0	0.0	0.0	0.0	0.0
202407	230L30100	47	賃借料	19000.0	19000.0	18727.0	0.0	98.5	98.5
202407	230L30100	48	賃貸料収入	-101000.0	-101000.0	-101000.0	0.0	0.0	0.0
202407	230L30100	49	修繕費	50000.0	225000.0	170000.0	0.4	75.5	340.0
202407	230L30100	50	支払リース料	4400.0	4400.0	4400.0	0.0	100.0	100.0
202407	230L30100	51	保険料	115166.0	115166.0	115168.0	0.3	100.0	100.0
202407	230L30100	52	支払報酬	184000.0	189000.0	157340.0	0.4	83.2	85.5
202407	230L30100	53	支払手数料	37000.0	37000.0	29500.0	0.0	79.7	79.7
202407	230L30100	54	診断料	29000.0	29000.0	38500.0	0.1	132.7	132.7
202407	230L30100	55	諸会費	0.0	0.0	0.0	0.0	0.0	0.0
202407	230L30100	56	会議費	0.0	0.0	0.0	0.0	0.0	0.0
202407	230L30100	57	寄付金	0.0	0.0	0.0	0.0	0.0	0.0
202407	230L30100	58	租税公課	5000.0	5000.0	0.0	0.0	0.0	0.0
202407	230L30100	59	業務委託費	0.0	0.0	0.0	0.0	0.0	0.0
202407	230L30100	60	業務受託収入	-85000.0	-85000.0	-340639.0	0.0	0.0	0.0
202407	230L30100	61	情報機器利用料	79480.0	79480.0	67600.0	0.1	85.0	85.0
202407	230L30100	62	貸倒金	0.0	0.0	0.0	0.0	0.0	0.0
202407	230L30100	63	雑費	6000.0	6000.0	6354.0	0.0	105.9	105.9
202407	230L30100	64	福利消耗品費	0.0	11000.0	8500.0	0.0	77.2	0.0
202407	230L30100	65	教育研修費	0.0	0.0	0.0	0.0	0.0	0.0
202407	230L30100	66	廃棄損	0.0	0.0	0.0	0.0	0.0	0.0
202407	230L30100	67	雑給	0.0	0.0	0.0	0.0	0.0	0.0
202407	230L30100	68	社内金利（固定資産）	1366414.0	1365727.0	1365584.0	3.5	99.9	99.9
202407	230L30100	69	社内金利（売掛金）	0.0	0.0	0.0	0.0	0.0	0.0
202407	230L30100	70	グループ共通	395400.0	395400.0	395400.0	1.0	100.0	100.0
202407	230L30100	71	差引収益	9583816.0	15184235.0	18554754.0	48.5	122.1	193.6
202407	230L30100	72	差引比率	33.7	43.1	48.5		112.5	143.9
202407	230L30100	73	総時間	7789.5	8129.75	7979.75		98.1	102.4
202407	230L30100	74	定時間	7711.25	7576.25	7395.25		97.6	95.9
202407	230L30100	75	残業時間	178.25	606.5	595.5		98.1	334.0
202407	230L30100	76	移動時間	-100.0	-53.0	-11.0		0.0	0.0
202407	230L30100	77	当月時間当り	1230.3	1867.7	2325.2		124.4	188.9
202407	230L30100	78	人員	69.0	73.0	71.0		97.2	102.8
202408	230L30100	1	総受注高	0.0	0.0	0.0		0.0	0.0
202408	230L30100	2	総売上高	27800000.0	23767721.0	25250388.0		106.2	90.8
202408	230L30100	3	売上高	0.0	0.0	0.0	0.0	0.0	0.0
202408	230L30100	4	グループ売上高	0.0	0.0	0.0	0.0	0.0	0.0
202408	230L30100	5	社内売上高	27800000.0	23767721.0	25250388.0	100.0	106.2	90.8
202408	230L30100	7	販売奨励金	0.0	0.0	0.0	0.0	0.0	0.0
202408	230L30100	8	売上原価	0.0	0.0	0.0	0.0	0.0	0.0
202408	230L30100	9	仕入高	0.0	0.0	0.0	0.0	0.0	0.0
202408	230L30100	10	グループ仕入高	0.0	0.0	0.0	0.0	0.0	0.0
202408	230L30100	11	社内仕入高	0.0	0.0	0.0	0.0	0.0	0.0
202408	230L30100	12	荷造運搬費	0.0	0.0	0.0	0.0	0.0	0.0
202408	230L30100	13	販売手数料	0.0	0.0	0.0	0.0	0.0	0.0
202408	230L30100	14	総収益	27800000.0	23767721.0	25250388.0	100.0	106.2	90.8
202408	230L30100	15	経費合計	17967722.0	20004920.0	18910197.0	74.8	94.5	105.2
202408	230L30100	16	経費合計（原価）	14284951.0	16117951.0	15318546.0	60.6	95.0	107.2
202408	230L30100	17	種苗費*	0.0	0.0	2000.0	0.0	0.0	0.0
202408	230L30100	18	肥料費*	1866000.0	1616000.0	1820928.0	7.2	112.6	97.5
202408	230L30100	19	培土費用*	0.0	0.0	0.0	0.0	0.0	0.0
202408	230L30100	20	農薬衛生費*	360000.0	360000.0	473276.0	1.8	131.4	131.4
202408	230L30100	21	農具費*	788000.0	2391000.0	2363154.0	9.3	98.8	299.8
202408	230L30100	22	諸材料費*	4894000.0	4593000.0	4097928.0	16.2	89.2	83.7
202408	230L30100	23	その他仕入高*	0.0	0.0	0.0	0.0	0.0	0.0
202408	230L30100	24	減価償却費*	1931721.0	1931721.0	1931721.0	7.6	100.0	100.0
202408	230L30100	25	車両費*	0.0	0.0	0.0	0.0	0.0	0.0
202408	230L30100	26	水道光熱費*	170000.0	180000.0	166656.0	0.6	92.5	98.0
202408	230L30100	27	動力費*	1642000.0	1900000.0	1899451.0	7.5	99.9	115.6
202408	230L30100	28	燃料費*	0.0	0.0	0.0	0.0	0.0	0.0
202408	230L30100	29	賃借料*	1248230.0	1248230.0	1248230.0	4.9	100.0	100.0
202408	230L30100	30	修繕費*	560000.0	301000.0	50510.0	0.2	16.7	9.0
202408	230L30100	31	診断料*	0.0	0.0	0.0	0.0	0.0	0.0
202408	230L30100	32	租税公課*	0.0	0.0	0.0	0.0	0.0	0.0
202408	230L30100	33	業務委託費*	0.0	0.0	0.0	0.0	0.0	0.0
202408	230L30100	34	雑費*	200000.0	763000.0	600000.0	2.3	78.6	300.0
202408	230L30100	35	雑給*	625000.0	834000.0	664692.0	2.6	79.6	106.3
202408	230L30100	36	経費合計（販管費）	3682771.0	3886969.0	3591651.0	14.2	92.4	97.5
202408	230L30100	37	減価償却費	876807.0	945465.0	945465.0	3.7	100.0	107.8
202408	230L30100	38	車両費	111000.0	111000.0	111135.0	0.4	100.1	100.1
202408	230L30100	39	旅費交通費	10000.0	10000.0	-7364.0	0.0	0.0	0.0
202408	230L30100	40	通信費	47147.0	47147.0	39475.0	0.1	83.7	83.7
202408	230L30100	41	水道光熱費	190000.0	227000.0	226531.0	0.8	99.7	119.2
202408	230L30100	42	事務用品費	30000.0	30000.0	16325.0	0.0	54.4	54.4
202408	230L30100	43	消耗品費	84000.0	161200.0	116784.0	0.4	72.4	139.0
202408	230L30100	44	廃棄物処理料	258000.0	258000.0	207554.0	0.8	80.4	80.4
202408	230L30100	45	広告宣伝費	0.0	0.0	0.0	0.0	0.0	0.0
202408	230L30100	46	接待交際費	0.0	0.0	0.0	0.0	0.0	0.0
202408	230L30100	47	賃借料	19000.0	19000.0	18727.0	0.0	98.5	98.5
202408	230L30100	48	賃貸料収入	-101000.0	-101000.0	-101000.0	0.0	0.0	0.0
202408	230L30100	49	修繕費	50000.0	50000.0	0.0	0.0	0.0	0.0
202408	230L30100	50	支払リース料	12400.0	12400.0	12240.0	0.0	98.7	98.7
202408	230L30100	51	保険料	115166.0	115166.0	115168.0	0.4	100.0	100.0
202408	230L30100	52	支払報酬	0.0	34250.0	29000.0	0.1	84.6	0.0
202408	230L30100	53	支払手数料	37000.0	37000.0	33050.0	0.1	89.3	89.3
202408	230L30100	54	診断料	78000.0	78000.0	47464.0	0.1	60.8	60.8
202408	230L30100	55	諸会費	0.0	0.0	0.0	0.0	0.0	0.0
202408	230L30100	56	会議費	0.0	0.0	0.0	0.0	0.0	0.0
202408	230L30100	57	寄付金	0.0	0.0	0.0	0.0	0.0	0.0
202408	230L30100	58	租税公課	0.0	0.0	5155.0	0.0	0.0	0.0
202408	230L30100	59	業務委託費	0.0	0.0	0.0	0.0	0.0	0.0
202408	230L30100	60	業務受託収入	-85000.0	-85000.0	-119546.0	0.0	0.0	0.0
202408	230L30100	61	情報機器利用料	79480.0	67600.0	67600.0	0.2	100.0	85.0
202408	230L30100	62	貸倒金	0.0	0.0	0.0	0.0	0.0	0.0
202408	230L30100	63	雑費	123000.0	123000.0	81290.0	0.3	66.0	66.0
202408	230L30100	64	福利消耗品費	0.0	0.0	0.0	0.0	0.0	0.0
202408	230L30100	65	教育研修費	0.0	0.0	0.0	0.0	0.0	0.0
202408	230L30100	66	廃棄損	0.0	0.0	0.0	0.0	0.0	0.0
202408	230L30100	67	雑給	0.0	0.0	0.0	0.0	0.0	0.0
202408	230L30100	68	社内金利（固定資産）	1352371.0	1351341.0	1351198.0	5.3	99.9	99.9
202408	230L30100	69	社内金利（売掛金）	0.0	0.0	0.0	0.0	0.0	0.0
202408	230L30100	70	グループ共通	395400.0	395400.0	395400.0	1.5	100.0	100.0
202408	230L30100	71	差引収益	9832278.0	3762801.0	6340191.0	25.1	168.4	64.4
202408	230L30100	72	差引比率	35.3	15.8	25.1		158.8	71.1
202408	230L30100	73	総時間	7176.0	7181.25	6601.25		91.9	91.9
202408	230L30100	74	定時間	6825.25	6645.25	6126.75		92.1	89.7
202408	230L30100	75	残業時間	424.75	562.0	511.5		91.0	120.4
202408	230L30100	76	移動時間	-74.0	-26.0	-37.0		0.0	0.0
202408	230L30100	77	当月時間当り	1370.1	523.9	960.4		183.3	70.0
202408	230L30100	78	人員	69.0	72.0	72.0		100.0	104.3
202409	230L30100	1	総受注高	0.0	0.0	0.0		0.0	0.0
202409	230L30100	2	総売上高	24100000.0	21185400.0	21475949.0		101.3	89.1
202409	230L30100	3	売上高	0.0	0.0	0.0	0.0	0.0	0.0
202409	230L30100	4	グループ売上高	0.0	0.0	0.0	0.0	0.0	0.0
202409	230L30100	5	社内売上高	24100000.0	21185400.0	21475949.0	100.0	101.3	89.1
202409	230L30100	7	販売奨励金	0.0	0.0	0.0	0.0	0.0	0.0
202409	230L30100	8	売上原価	0.0	0.0	0.0	0.0	0.0	0.0
202409	230L30100	9	仕入高	0.0	0.0	0.0	0.0	0.0	0.0
202409	230L30100	10	グループ仕入高	0.0	0.0	0.0	0.0	0.0	0.0
202409	230L30100	11	社内仕入高	0.0	0.0	0.0	0.0	0.0	0.0
202409	230L30100	12	荷造運搬費	0.0	0.0	0.0	0.0	0.0	0.0
202409	230L30100	13	販売手数料	0.0	0.0	0.0	0.0	0.0	0.0
202409	230L30100	14	総収益	24100000.0	21185400.0	21475949.0	100.0	101.3	89.1
202409	230L30100	15	経費合計	21619657.0	24196061.0	24977803.0	116.3	103.2	115.5
202409	230L30100	16	経費合計（原価）	17167942.0	20079942.0	21079489.0	98.1	104.9	122.7
202409	230L30100	17	種苗費*	4130000.0	5252000.0	5582746.0	25.9	106.2	135.1
202409	230L30100	18	肥料費*	1912000.0	2162000.0	2170754.0	10.1	100.4	113.5
202409	230L30100	19	培土費用*	0.0	0.0	0.0	0.0	0.0	0.0
202409	230L30100	20	農薬衛生費*	870000.0	850000.0	716149.0	3.3	84.2	82.3
202409	230L30100	21	農具費*	20000.0	1551000.0	485765.0	2.2	31.3	
202409	230L30100	22	諸材料費*	3615000.0	3608000.0	4022216.0	18.7	111.4	111.2
202409	230L30100	23	その他仕入高*	0.0	0.0	0.0	0.0	0.0	0.0
202409	230L30100	24	減価償却費*	1931712.0	1931712.0	1931712.0	8.9	100.0	100.0
202409	230L30100	25	車両費*	0.0	0.0	0.0	0.0	0.0	0.0
202409	230L30100	26	水道光熱費*	170000.0	180000.0	166656.0	0.7	92.5	98.0
202409	230L30100	27	動力費*	1630000.0	1780000.0	1779799.0	8.2	99.9	109.1
202409	230L30100	28	燃料費*	0.0	0.0	0.0	0.0	0.0	0.0
202409	230L30100	29	賃借料*	1248230.0	1248230.0	1248230.0	5.8	100.0	100.0
202409	230L30100	30	修繕費*	1390000.0	746000.0	1824605.0	8.4	244.5	131.2
202409	230L30100	31	診断料*	0.0	0.0	0.0	0.0	0.0	0.0
202409	230L30100	32	租税公課*	0.0	0.0	0.0	0.0	0.0	0.0
202409	230L30100	33	業務委託費*	0.0	0.0	0.0	0.0	0.0	0.0
202409	230L30100	34	雑費*	0.0	0.0	432716.0	2.0	0.0	0.0
202409	230L30100	35	雑給*	251000.0	771000.0	718141.0	3.3	93.1	286.1
202409	230L30100	36	経費合計（販管費）	4451715.0	4116119.0	3898314.0	18.1	94.7	87.5
202409	230L30100	37	減価償却費	876793.0	945451.0	945451.0	4.4	100.0	107.8
202409	230L30100	38	車両費	115000.0	115000.0	82848.0	0.3	72.0	72.0
202409	230L30100	39	旅費交通費	50000.0	50000.0	3946.0	0.0	7.8	7.8
202409	230L30100	40	通信費	47147.0	47147.0	37255.0	0.1	79.0	79.0
202409	230L30100	41	水道光熱費	180000.0	195000.0	194324.0	0.9	99.6	107.9
202409	230L30100	42	事務用品費	30000.0	148000.0	140841.0	0.6	95.1	469.4
202409	230L30100	43	消耗品費	63000.0	63000.0	73167.0	0.3	116.1	116.1
202409	230L30100	44	廃棄物処理料	501000.0	501000.0	416926.0	1.9	83.2	83.2
202409	230L30100	45	広告宣伝費	500000.0	0.0	0.0	0.0	0.0	0.0
202409	230L30100	46	接待交際費	0.0	0.0	0.0	0.0	0.0	0.0
202409	230L30100	47	賃借料	19000.0	19000.0	18727.0	0.0	98.5	98.5
202409	230L30100	48	賃貸料収入	-101000.0	-101000.0	-101000.0	0.0	0.0	0.0
202409	230L30100	49	修繕費	50000.0	50000.0	0.0	0.0	0.0	0.0
202409	230L30100	50	支払リース料	4400.0	4400.0	4400.0	0.0	100.0	100.0
202409	230L30100	51	保険料	115166.0	115166.0	115168.0	0.5	100.0	100.0
202409	230L30100	52	支払報酬	0.0	0.0	0.0	0.0	0.0	0.0
202409	230L30100	53	支払手数料	218000.0	218000.0	211550.0	0.9	97.0	97.0
202409	230L30100	54	診断料	29000.0	25000.0	36000.0	0.1	144.0	124.1
202409	230L30100	55	諸会費	0.0	0.0	0.0	0.0	0.0	0.0
202409	230L30100	56	会議費	0.0	0.0	0.0	0.0	0.0	0.0
202409	230L30100	57	寄付金	0.0	0.0	0.0	0.0	0.0	0.0
202409	230L30100	58	租税公課	0.0	0.0	9.0	0.0	0.0	0.0
202409	230L30100	59	業務委託費	0.0	0.0	0.0	0.0	0.0	0.0
202409	230L30100	60	業務受託収入	-85000.0	-85000.0	-109000.0	0.0	0.0	0.0
202409	230L30100	61	情報機器利用料	79480.0	67600.0	67600.0	0.3	100.0	85.0
202409	230L30100	62	貸倒金	0.0	0.0	0.0	0.0	0.0	0.0
202409	230L30100	63	雑費	6000.0	6000.0	23390.0	0.1	389.8	389.8
202409	230L30100	64	福利消耗品費	10000.0	0.0	0.0	0.0	0.0	0.0
202409	230L30100	65	教育研修費	10000.0	0.0	4500.0	0.0	0.0	45.0
202409	230L30100	66	廃棄損	0.0	0.0	0.0	0.0	0.0	0.0
202409	230L30100	67	雑給	0.0	0.0	0.0	0.0	0.0	0.0
202409	230L30100	68	社内金利（固定資産）	1338329.0	1336955.0	1336812.0	6.2	99.9	99.8
202409	230L30100	69	社内金利（売掛金）	0.0	0.0	0.0	0.0	0.0	0.0
202409	230L30100	70	グループ共通	395400.0	395400.0	395400.0	1.8	100.0	100.0
202409	230L30100	71	差引収益	2480343.0	-3010661.0	-3501854.0	0.0	0.0	0.0
202409	230L30100	72	差引比率	10.2	-14.2	-16.3		0.0	0.0
202409	230L30100	73	総時間	7428.0	7121.75	7070.25		99.2	95.1
202409	230L30100	74	定時間	6915.5	6578.5	6583.5		100.0	95.1
202409	230L30100	75	残業時間	512.5	542.25	502.0		92.5	97.9
202409	230L30100	76	移動時間	0.0	1.0	-15.25		0.0	0.0
202409	230L30100	77	当月時間当り	333.9	-422.7	-495.2		0.0	0.0
202409	230L30100	78	人員	69.0	72.0	71.0		98.6	102.8
202410	230L30100	1	総受注高	0.0	0.0	0.0		0.0	0.0
202410	230L30100	2	総売上高	23900000.0	16038000.0	20811634.0		129.7	87.0
202410	230L30100	3	売上高	0.0	0.0	0.0	0.0	0.0	0.0
202410	230L30100	4	グループ売上高	0.0	0.0	0.0	0.0	0.0	0.0
202410	230L30100	5	社内売上高	23900000.0	16038000.0	20811634.0	100.0	129.7	87.0
202410	230L30100	7	販売奨励金	0.0	0.0	0.0	0.0	0.0	0.0
202410	230L30100	8	売上原価	0.0	0.0	0.0	0.0	0.0	0.0
202410	230L30100	9	仕入高	0.0	0.0	0.0	0.0	0.0	0.0
202410	230L30100	10	グループ仕入高	0.0	0.0	0.0	0.0	0.0	0.0
202410	230L30100	11	社内仕入高	0.0	0.0	0.0	0.0	0.0	0.0
202410	230L30100	12	荷造運搬費	0.0	0.0	0.0	0.0	0.0	0.0
202410	230L30100	13	販売手数料	0.0	0.0	0.0	0.0	0.0	0.0
202410	230L30100	14	総収益	23900000.0	16038000.0	20811634.0	100.0	129.7	87.0
202410	230L30100	15	経費合計	19520614.0	15195676.0	14870492.0	71.4	97.8	76.1
202410	230L30100	16	経費合計（原価）	15705942.0	10917942.0	10861812.0	52.1	99.4	69.1
202410	230L30100	17	種苗費*	0.0	0.0	0.0	0.0	0.0	0.0
202410	230L30100	18	肥料費*	1714000.0	1714000.0	1458890.0	7.0	85.1	85.1
202410	230L30100	19	培土費用*	0.0	0.0	0.0	0.0	0.0	0.0
202410	230L30100	20	農薬衛生費*	610000.0	610000.0	662668.0	3.1	108.6	108.6
202410	230L30100	21	農具費*	50000.0	76000.0	152728.0	0.7	200.9	305.4
202410	230L30100	22	諸材料費*	4529000.0	2860000.0	2744985.0	13.1	95.9	60.6
202410	230L30100	23	その他仕入高*	0.0	0.0	0.0	0.0	0.0	0.0
202410	230L30100	24	減価償却費*	1931712.0	1931712.0	1931712.0	9.2	100.0	100.0
202410	230L30100	25	車両費*	0.0	0.0	0.0	0.0	0.0	0.0
202410	230L30100	26	水道光熱費*	165000.0	170000.0	162048.0	0.7	95.3	98.2
202410	230L30100	27	動力費*	1730000.0	1783000.0	1782410.0	8.5	99.9	103.0
202410	230L30100	28	燃料費*	720000.0	360000.0	0.0	0.0	0.0	0.0
202410	230L30100	29	賃借料*	1248230.0	1248230.0	1248230.0	5.9	100.0	100.0
202410	230L30100	30	修繕費*	560000.0	60000.0	0.0	0.0	0.0	0.0
202410	230L30100	31	診断料*	0.0	0.0	0.0	0.0	0.0	0.0
202410	230L30100	32	租税公課*	0.0	0.0	0.0	0.0	0.0	0.0
202410	230L30100	33	業務委託費*	0.0	0.0	0.0	0.0	0.0	0.0
202410	230L30100	34	雑費*	2400000.0	0.0	0.0	0.0	0.0	0.0
202410	230L30100	35	雑給*	48000.0	105000.0	718141.0	3.4	683.9	
202410	230L30100	36	経費合計（販管費）	3814672.0	4277734.0	4008680.0	19.2	93.7	105.0
202410	230L30100	37	減価償却費	876793.0	945451.0	945451.0	4.5	100.0	107.8
202410	230L30100	38	車両費	111000.0	134000.0	128921.0	0.6	96.2	116.1
202410	230L30100	39	旅費交通費	20000.0	20000.0	0.0	0.0	0.0	0.0
202410	230L30100	40	通信費	47147.0	47147.0	37483.0	0.1	79.5	79.5
202410	230L30100	41	水道光熱費	210000.0	215000.0	213617.0	1.0	99.3	101.7
202410	230L30100	42	事務用品費	30000.0	30000.0	13311.0	0.0	44.3	44.3
202410	230L30100	43	消耗品費	90000.0	50000.0	88893.0	0.4	177.7	98.7
202410	230L30100	44	廃棄物処理料	332000.0	332000.0	261558.0	1.2	78.7	78.7
202410	230L30100	45	広告宣伝費	0.0	30000.0	23000.0	0.1	76.6	0.0
202410	230L30100	46	接待交際費	0.0	0.0	0.0	0.0	0.0	0.0
202410	230L30100	47	賃借料	19000.0	19000.0	18727.0	0.0	98.5	98.5
202410	230L30100	48	賃貸料収入	-101000.0	-101000.0	-101000.0	0.0	0.0	0.0
202410	230L30100	49	修繕費	50000.0	453000.0	402600.0	1.9	88.8	805.2
202410	230L30100	50	支払リース料	4400.0	4400.0	4400.0	0.0	100.0	100.0
202410	230L30100	51	保険料	115166.0	115166.0	115168.0	0.5	100.0	100.0
202410	230L30100	52	支払報酬	0.0	0.0	0.0	0.0	0.0	0.0
202410	230L30100	53	支払手数料	245000.0	247000.0	239450.0	1.1	96.9	97.7
202410	230L30100	54	診断料	35000.0	30000.0	30000.0	0.1	100.0	85.7
202410	230L30100	55	諸会費	0.0	0.0	0.0	0.0	0.0	0.0
202410	230L30100	56	会議費	0.0	0.0	0.0	0.0	0.0	0.0
202410	230L30100	57	寄付金	0.0	0.0	0.0	0.0	0.0	0.0
202410	230L30100	58	租税公課	0.0	0.0	0.0	0.0	0.0	0.0
202410	230L30100	59	業務委託費	0.0	0.0	0.0	0.0	0.0	0.0
202410	230L30100	60	業務受託収入	-85000.0	-85000.0	-204093.0	0.0	0.0	0.0
202410	230L30100	61	情報機器利用料	79480.0	67600.0	67600.0	0.3	100.0	85.0
202410	230L30100	62	貸倒金	0.0	0.0	0.0	0.0	0.0	0.0
202410	230L30100	63	雑費	6000.0	6000.0	5389.0	0.0	89.8	89.8
202410	230L30100	64	福利消耗品費	0.0	0.0	379.0	0.0	0.0	0.0
202410	230L30100	65	教育研修費	10000.0	0.0	0.0	0.0	0.0	0.0
202410	230L30100	66	廃棄損	0.0	0.0	0.0	0.0	0.0	0.0
202410	230L30100	67	雑給	0.0	0.0	0.0	0.0	0.0	0.0
202410	230L30100	68	社内金利（固定資産）	1324286.0	1322570.0	1322426.0	6.3	99.9	99.8
202410	230L30100	69	社内金利（売掛金）	0.0	0.0	0.0	0.0	0.0	0.0
202410	230L30100	70	グループ共通	395400.0	395400.0	395400.0	1.8	100.0	100.0
202410	230L30100	71	差引収益	4379386.0	842324.0	5941142.0	28.5	705.3	135.6
202410	230L30100	72	差引比率	18.3	5.2	28.5		548.0	155.7
202410	230L30100	73	総時間	7270.5	7197.0	7004.25		97.3	96.3
202410	230L30100	74	定時間	7156.5	6915.5	6649.25		96.1	92.9
202410	230L30100	75	残業時間	118.0	277.5	347.0		125.0	294.0
202410	230L30100	76	移動時間	-4.0	4.0	8.0		200.0	0.0
202410	230L30100	77	当月時間当り	602.3	117.0	848.2		724.9	140.8
202410	230L30100	78	人員	69.0	72.0	70.0		97.2	101.4
202411	230L30100	1	総受注高	0.0	0.0	0.0		0.0	0.0
202411	230L30100	2	総売上高	49400000.0	36977000.0	36000382.0		97.3	72.8
202411	230L30100	3	売上高	0.0	0.0	0.0	0.0	0.0	0.0
202411	230L30100	4	グループ売上高	0.0	0.0	0.0	0.0	0.0	0.0
202411	230L30100	5	社内売上高	49400000.0	36977000.0	36000382.0	100.0	97.3	72.8
202411	230L30100	7	販売奨励金	0.0	0.0	0.0	0.0	0.0	0.0
202411	230L30100	8	売上原価	0.0	0.0	0.0	0.0	0.0	0.0
202411	230L30100	9	仕入高	0.0	0.0	0.0	0.0	0.0	0.0
202411	230L30100	10	グループ仕入高	0.0	0.0	0.0	0.0	0.0	0.0
202411	230L30100	11	社内仕入高	0.0	0.0	0.0	0.0	0.0	0.0
202411	230L30100	12	荷造運搬費	0.0	0.0	0.0	0.0	0.0	0.0
202411	230L30100	13	販売手数料	0.0	0.0	0.0	0.0	0.0	0.0
202411	230L30100	14	総収益	49400000.0	36977000.0	36000382.0	100.0	97.3	72.8
202411	230L30100	15	経費合計	22527571.0	20157290.0	18742633.0	52.0	92.9	83.1
202411	230L30100	16	経費合計（原価）	18050942.0	15820942.0	15073269.0	41.8	95.2	83.5
202411	230L30100	17	種苗費*	0.0	0.0	0.0	0.0	0.0	0.0
202411	230L30100	18	肥料費*	1611000.0	1682000.0	1659905.0	4.6	98.6	103.0
202411	230L30100	19	培土費用*	0.0	0.0	0.0	0.0	0.0	0.0
202411	230L30100	20	農薬衛生費*	600000.0	700000.0	645436.0	1.7	92.2	107.5
202411	230L30100	21	農具費*	86000.0	42000.0	115718.0	0.3	275.5	134.5
202411	230L30100	22	諸材料費*	6216000.0	3998000.0	5517871.0	15.3	138.0	88.7
202411	230L30100	23	その他仕入高*	0.0	0.0	0.0	0.0	0.0	0.0
202411	230L30100	24	減価償却費*	1931712.0	1931712.0	1931712.0	5.3	100.0	100.0
202411	230L30100	25	車両費*	0.0	0.0	0.0	0.0	0.0	0.0
202411	230L30100	26	水道光熱費*	165000.0	170000.0	167360.0	0.4	98.4	101.4
202411	230L30100	27	動力費*	1250000.0	1511000.0	1510548.0	4.1	99.9	120.8
202411	230L30100	28	燃料費*	3240000.0	2520000.0	1506200.0	4.1	59.7	46.4
202411	230L30100	29	賃借料*	1248230.0	1248230.0	1248230.0	3.4	100.0	100.0
202411	230L30100	30	修繕費*	1210000.0	710000.0	135236.0	0.3	19.0	11.1
202411	230L30100	31	診断料*	0.0	0.0	0.0	0.0	0.0	0.0
202411	230L30100	32	租税公課*	0.0	0.0	0.0	0.0	0.0	0.0
202411	230L30100	33	業務委託費*	0.0	0.0	0.0	0.0	0.0	0.0
202411	230L30100	34	雑費*	81000.0	1065000.0	1064400.0	2.9	99.9	
202411	230L30100	35	雑給*	412000.0	243000.0	-429347.0	0.0	0.0	0.0
202411	230L30100	36	経費合計（販管費）	4476629.0	4336348.0	3669364.0	10.1	84.6	81.9
202411	230L30100	37	減価償却費	876793.0	945451.0	1014617.0	2.8	107.3	115.7
202411	230L30100	38	車両費	111000.0	111000.0	105885.0	0.2	95.3	95.3
202411	230L30100	39	旅費交通費	10000.0	10000.0	0.0	0.0	0.0	0.0
202411	230L30100	40	通信費	47147.0	47147.0	37167.0	0.1	78.8	78.8
202411	230L30100	41	水道光熱費	130000.0	165000.0	164611.0	0.4	99.7	126.6
202411	230L30100	42	事務用品費	30000.0	30000.0	18088.0	0.0	60.2	60.2
202411	230L30100	43	消耗品費	60000.0	60000.0	72187.0	0.2	120.3	120.3
202411	230L30100	44	廃棄物処理料	402000.0	402000.0	343836.0	0.9	85.5	85.5
202411	230L30100	45	広告宣伝費	0.0	12000.0	12000.0	0.0	100.0	0.0
202411	230L30100	46	接待交際費	0.0	0.0	0.0	0.0	0.0	0.0
202411	230L30100	47	賃借料	19000.0	19000.0	18727.0	0.0	98.5	98.5
202411	230L30100	48	賃貸料収入	-101000.0	-101000.0	-101000.0	0.0	0.0	0.0
202411	230L30100	49	修繕費	300000.0	0.0	0.0	0.0	0.0	0.0
202411	230L30100	50	支払リース料	4400.0	4400.0	4400.0	0.0	100.0	100.0
202411	230L30100	51	保険料	115166.0	115166.0	115168.0	0.3	100.0	100.0
202411	230L30100	52	支払報酬	0.0	0.0	0.0	0.0	0.0	0.0
202411	230L30100	53	支払手数料	727000.0	734000.0	235150.0	0.6	32.0	32.3
202411	230L30100	54	診断料	29000.0	80000.0	30855.0	0.0	38.5	106.3
202411	230L30100	55	諸会費	0.0	0.0	0.0	0.0	0.0	0.0
202411	230L30100	56	会議費	0.0	0.0	0.0	0.0	0.0	0.0
202411	230L30100	57	寄付金	0.0	0.0	0.0	0.0	0.0	0.0
202411	230L30100	58	租税公課	0.0	0.0	0.0	0.0	0.0	0.0
202411	230L30100	59	業務委託費	0.0	0.0	0.0	0.0	0.0	0.0
202411	230L30100	60	業務受託収入	-85000.0	-85000.0	-219911.0	0.0	0.0	0.0
202411	230L30100	61	情報機器利用料	79480.0	67600.0	67600.0	0.1	100.0	85.0
202411	230L30100	62	貸倒金	0.0	0.0	0.0	0.0	0.0	0.0
202411	230L30100	63	雑費	6000.0	6000.0	5389.0	0.0	89.8	89.8
202411	230L30100	64	福利消耗品費	0.0	0.0	0.0	0.0	0.0	0.0
202411	230L30100	65	教育研修費	10000.0	10000.0	0.0	0.0	0.0	0.0
202411	230L30100	66	廃棄損	0.0	0.0	0.0	0.0	0.0	0.0
202411	230L30100	67	雑給	0.0	0.0	0.0	0.0	0.0	0.0
202411	230L30100	68	社内金利（固定資産）	1310243.0	1308184.0	1349195.0	3.7	103.1	102.9
202411	230L30100	69	社内金利（売掛金）	0.0	0.0	0.0	0.0	0.0	0.0
202411	230L30100	70	グループ共通	395400.0	395400.0	395400.0	1.0	100.0	100.0
202411	230L30100	71	差引収益	26872429.0	16819710.0	17257749.0	47.9	102.6	64.2
202411	230L30100	72	差引比率	54.3	45.4	47.9		105.5	88.2
202411	230L30100	73	総時間	7107.0	6512.5	6436.0		98.8	90.5
202411	230L30100	74	定時間	7196.5	6657.5	6408.25		96.2	89.0
202411	230L30100	75	残業時間	466.5	395.0	383.75		97.1	82.2
202411	230L30100	76	移動時間	-556.0	-540.0	-356.0		0.0	0.0
202411	230L30100	77	当月時間当り	3781.1	2582.6	2681.4		103.8	70.9
202411	230L30100	78	人員	69.0	69.0	68.0		98.5	98.5
202412	230L30100	1	総受注高	0.0	0.0	0.0		0.0	0.0
202412	230L30100	2	総売上高	47500000.0	41673000.0	39288098.0		94.2	82.7
202412	230L30100	3	売上高	0.0	0.0	0.0	0.0	0.0	0.0
202412	230L30100	4	グループ売上高	0.0	0.0	0.0	0.0	0.0	0.0
202412	230L30100	5	社内売上高	47500000.0	41673000.0	39288098.0	100.0	94.2	82.7
202412	230L30100	7	販売奨励金	0.0	0.0	0.0	0.0	0.0	0.0
202412	230L30100	8	売上原価	0.0	0.0	0.0	0.0	0.0	0.0
202412	230L30100	9	仕入高	0.0	0.0	0.0	0.0	0.0	0.0
202412	230L30100	10	グループ仕入高	0.0	0.0	0.0	0.0	0.0	0.0
202412	230L30100	11	社内仕入高	0.0	0.0	0.0	0.0	0.0	0.0
202412	230L30100	12	荷造運搬費	0.0	0.0	0.0	0.0	0.0	0.0
202412	230L30100	13	販売手数料	0.0	0.0	0.0	0.0	0.0	0.0
202412	230L30100	14	総収益	47500000.0	41673000.0	39288098.0	100.0	94.2	82.7
202412	230L30100	15	経費合計	31224529.0	24895878.0	26207308.0	66.7	105.2	83.9
202412	230L30100	16	経費合計（原価）	27408942.0	20945942.0	22485420.0	57.2	107.3	82.0
202412	230L30100	17	種苗費*	0.0	0.0	0.0	0.0	0.0	0.0
202412	230L30100	18	肥料費*	1371000.0	991000.0	945399.0	2.4	95.3	68.9
202412	230L30100	19	培土費用*	7290000.0	5141000.0	5120775.0	13.0	99.6	70.2
202412	230L30100	20	農薬衛生費*	450000.0	260000.0	122880.0	0.3	47.2	27.3
202412	230L30100	21	農具費*	221000.0	110000.0	121832.0	0.3	110.7	55.1
202412	230L30100	22	諸材料費*	7930000.0	5404000.0	5789123.0	14.7	107.1	73.0
202412	230L30100	23	その他仕入高*	0.0	0.0	0.0	0.0	0.0	0.0
202412	230L30100	24	減価償却費*	1931712.0	1931712.0	1931712.0	4.9	100.0	100.0
202412	230L30100	25	車両費*	0.0	0.0	0.0	0.0	0.0	0.0
202412	230L30100	26	水道光熱費*	165000.0	170000.0	161280.0	0.4	94.8	97.7
202412	230L30100	27	動力費*	1560000.0	1414000.0	1413383.0	3.5	99.9	90.6
202412	230L30100	28	燃料費*	4320000.0	3240000.0	5009560.0	12.7	154.6	115.9
202412	230L30100	29	賃借料*	1248230.0	1248230.0	1248230.0	3.1	100.0	100.0
202412	230L30100	30	修繕費*	740000.0	867000.0	377000.0	0.9	43.4	50.9
202412	230L30100	31	診断料*	0.0	0.0	0.0	0.0	0.0	0.0
202412	230L30100	32	租税公課*	0.0	0.0	0.0	0.0	0.0	0.0
202412	230L30100	33	業務委託費*	0.0	0.0	0.0	0.0	0.0	0.0
202412	230L30100	34	雑費*	81000.0	81000.0	81000.0	0.2	100.0	100.0
202412	230L30100	35	雑給*	101000.0	88000.0	163246.0	0.4	185.5	161.6
202412	230L30100	36	経費合計（販管費）	3815587.0	3949936.0	3721888.0	9.4	94.2	97.5
202412	230L30100	37	減価償却費	876793.0	1014617.0	1014617.0	2.5	100.0	115.7
202412	230L30100	38	車両費	385000.0	295000.0	281085.0	0.7	95.2	73.0
202412	230L30100	39	旅費交通費	10000.0	10000.0	0.0	0.0	0.0	0.0
202412	230L30100	40	通信費	47147.0	47147.0	37016.0	0.0	78.5	78.5
202412	230L30100	41	水道光熱費	180000.0	174000.0	172735.0	0.4	99.2	95.9
202412	230L30100	42	事務用品費	30000.0	30000.0	14623.0	0.0	48.7	48.7
202412	230L30100	43	消耗品費	50000.0	70000.0	46004.0	0.1	65.7	92.0
202412	230L30100	44	廃棄物処理料	258000.0	293000.0	194189.0	0.4	66.2	75.2
202412	230L30100	45	広告宣伝費	0.0	0.0	0.0	0.0	0.0	0.0
202412	230L30100	46	接待交際費	0.0	0.0	0.0	0.0	0.0	0.0
202412	230L30100	47	賃借料	19000.0	19000.0	18727.0	0.0	98.5	98.5
202412	230L30100	48	賃貸料収入	-101000.0	-101000.0	-101000.0	0.0	0.0	0.0
202412	230L30100	49	修繕費	50000.0	50000.0	0.0	0.0	0.0	0.0
202412	230L30100	50	支払リース料	4400.0	4400.0	4400.0	0.0	100.0	100.0
202412	230L30100	51	保険料	115166.0	115166.0	115168.0	0.2	100.0	100.0
202412	230L30100	52	支払報酬	0.0	0.0	0.0	0.0	0.0	0.0
202412	230L30100	53	支払手数料	81000.0	83000.0	204700.0	0.5	246.6	252.7
202412	230L30100	54	診断料	78000.0	87000.0	76200.0	0.1	87.5	97.6
202412	230L30100	55	諸会費	0.0	0.0	0.0	0.0	0.0	0.0
202412	230L30100	56	会議費	0.0	0.0	0.0	0.0	0.0	0.0
202412	230L30100	57	寄付金	0.0	0.0	0.0	0.0	0.0	0.0
202412	230L30100	58	租税公課	0.0	0.0	200.0	0.0	0.0	0.0
202412	230L30100	59	業務委託費	0.0	0.0	0.0	0.0	0.0	0.0
202412	230L30100	60	業務受託収入	-85000.0	-85000.0	-181728.0	0.0	0.0	0.0
202412	230L30100	61	情報機器利用料	79480.0	67600.0	67600.0	0.1	100.0	85.0
202412	230L30100	62	貸倒金	0.0	0.0	0.0	0.0	0.0	0.0
202412	230L30100	63	雑費	6000.0	6000.0	5387.0	0.0	89.7	89.7
202412	230L30100	64	福利消耗品費	30000.0	30000.0	22102.0	0.0	73.6	73.6
202412	230L30100	65	教育研修費	10000.0	10000.0	0.0	0.0	0.0	0.0
202412	230L30100	66	廃棄損	0.0	0.0	0.0	0.0	0.0	0.0
202412	230L30100	67	雑給	0.0	0.0	0.0	0.0	0.0	0.0
202412	230L30100	68	社内金利（固定資産）	1296201.0	1334606.0	1334463.0	3.3	99.9	102.9
202412	230L30100	69	社内金利（売掛金）	0.0	0.0	0.0	0.0	0.0	0.0
202412	230L30100	70	グループ共通	395400.0	395400.0	395400.0	1.0	100.0	100.0
202412	230L30100	71	差引収益	16275471.0	16777122.0	13080790.0	33.2	77.9	80.3
202412	230L30100	72	差引比率	34.2	40.2	33.2		82.5	97.0
202412	230L30100	73	総時間	6918.5	6803.0	6563.0		96.4	94.8
202412	230L30100	74	定時間	6882.5	6528.0	6299.5		96.4	91.5
202412	230L30100	75	残業時間	110.0	301.0	274.0		91.0	249.0
202412	230L30100	76	移動時間	-74.0	-26.0	-10.5		0.0	0.0
202412	230L30100	77	当月時間当り	2352.4	2466.1	1993.1		80.8	84.7
202412	230L30100	78	人員	69.0	69.0	68.0		98.5	98.5
202501	230L30100	1	総受注高	0.0	0.0	0.0		0.0	0.0
202501	230L30100	2	総売上高	32700000.0	23564000.0	25918661.0		109.9	79.2
202501	230L30100	3	売上高	0.0	0.0	0.0	0.0	0.0	0.0
202501	230L30100	4	グループ売上高	0.0	0.0	0.0	0.0	0.0	0.0
202501	230L30100	5	社内売上高	32700000.0	23564000.0	25918661.0	100.0	109.9	79.2
202501	230L30100	7	販売奨励金	0.0	0.0	0.0	0.0	0.0	0.0
202501	230L30100	8	売上原価	0.0	0.0	0.0	0.0	0.0	0.0
202501	230L30100	9	仕入高	0.0	0.0	0.0	0.0	0.0	0.0
202501	230L30100	10	グループ仕入高	0.0	0.0	0.0	0.0	0.0	0.0
202501	230L30100	11	社内仕入高	0.0	0.0	0.0	0.0	0.0	0.0
202501	230L30100	12	荷造運搬費	0.0	0.0	0.0	0.0	0.0	0.0
202501	230L30100	13	販売手数料	0.0	0.0	0.0	0.0	0.0	0.0
202501	230L30100	14	総収益	32700000.0	23564000.0	25918661.0	100.0	109.9	79.2
202501	230L30100	15	経費合計	20934486.0	20539147.0	20543316.0	79.2	100.0	98.1
202501	230L30100	16	経費合計（原価）	15926942.0	15324942.0	15585742.0	60.1	101.7	97.8
202501	230L30100	17	種苗費*	0.0	0.0	0.0	0.0	0.0	0.0
202501	230L30100	18	肥料費*	939000.0	1008000.0	1050182.0	4.0	104.1	111.8
202501	230L30100	19	培土費用*	0.0	0.0	0.0	0.0	0.0	0.0
202501	230L30100	20	農薬衛生費*	380000.0	463000.0	428756.0	1.6	92.6	112.8
202501	230L30100	21	農具費*	974000.0	675000.0	643214.0	2.4	95.2	66.0
202501	230L30100	22	諸材料費*	3888000.0	2904000.0	2891716.0	11.1	99.5	74.3
202501	230L30100	23	その他仕入高*	0.0	0.0	0.0	0.0	0.0	0.0
202501	230L30100	24	減価償却費*	1931712.0	1931712.0	1931712.0	7.4	100.0	100.0
202501	230L30100	25	車両費*	0.0	0.0	0.0	0.0	0.0	0.0
202501	230L30100	26	水道光熱費*	165000.0	170000.0	166656.0	0.6	98.0	101.0
202501	230L30100	27	動力費*	1592000.0	1972000.0	1965622.0	7.5	99.6	123.4
202501	230L30100	28	燃料費*	3600000.0	3600000.0	4257840.0	16.4	118.2	118.2
202501	230L30100	29	賃借料*	1248230.0	1248230.0	1248230.0	4.8	100.0	100.0
202501	230L30100	30	修繕費*	860000.0	955000.0	509710.0	1.9	53.3	59.2
202501	230L30100	31	診断料*	0.0	0.0	0.0	0.0	0.0	0.0
202501	230L30100	32	租税公課*	0.0	0.0	0.0	0.0	0.0	0.0
202501	230L30100	33	業務委託費*	0.0	0.0	0.0	0.0	0.0	0.0
202501	230L30100	34	雑費*	281000.0	191000.0	206000.0	0.7	107.8	73.3
202501	230L30100	35	雑給*	68000.0	207000.0	286104.0	1.1	138.2	420.7
202501	230L30100	36	経費合計（販管費）	5007544.0	5214205.0	4957574.0	19.1	95.0	99.0
202501	230L30100	37	減価償却費	876793.0	1014617.0	1014617.0	3.9	100.0	115.7
202501	230L30100	38	車両費	111000.0	111000.0	105885.0	0.4	95.3	95.3
202501	230L30100	39	旅費交通費	50000.0	50000.0	0.0	0.0	0.0	0.0
202501	230L30100	40	通信費	47147.0	47147.0	38120.0	0.1	80.8	80.8
202501	230L30100	41	水道光熱費	180000.0	215000.0	214501.0	0.8	99.7	119.1
202501	230L30100	42	事務用品費	30000.0	30000.0	17263.0	0.0	57.5	57.5
202501	230L30100	43	消耗品費	260000.0	260000.0	67701.0	0.2	26.0	26.0
202501	230L30100	44	廃棄物処理料	1467000.0	1467000.0	1773672.0	6.8	120.9	120.9
202501	230L30100	45	広告宣伝費	0.0	0.0	0.0	0.0	0.0	0.0
202501	230L30100	46	接待交際費	0.0	0.0	0.0	0.0	0.0	0.0
202501	230L30100	47	賃借料	19000.0	19000.0	18727.0	0.0	98.5	98.5
202501	230L30100	48	賃貸料収入	-101000.0	-101000.0	-101000.0	0.0	0.0	0.0
202501	230L30100	49	修繕費	50000.0	50000.0	0.0	0.0	0.0	0.0
202501	230L30100	50	支払リース料	4400.0	4400.0	4400.0	0.0	100.0	100.0
202501	230L30100	51	保険料	115166.0	115166.0	115168.0	0.4	100.0	100.0
202501	230L30100	52	支払報酬	0.0	0.0	0.0	0.0	0.0	0.0
202501	230L30100	53	支払手数料	37000.0	39000.0	-94550.0	0.0	0.0	0.0
202501	230L30100	54	診断料	66000.0	72000.0	88718.0	0.3	123.2	134.4
202501	230L30100	55	諸会費	0.0	0.0	0.0	0.0	0.0	0.0
202501	230L30100	56	会議費	0.0	0.0	0.0	0.0	0.0	0.0
202501	230L30100	57	寄付金	0.0	0.0	0.0	0.0	0.0	0.0
202501	230L30100	58	租税公課	0.0	0.0	0.0	0.0	0.0	0.0
202501	230L30100	59	業務委託費	0.0	0.0	0.0	0.0	0.0	0.0
202501	230L30100	60	業務受託収入	-85000.0	-85000.0	-190457.0	0.0	0.0	0.0
202501	230L30100	61	情報機器利用料	79480.0	67600.0	67600.0	0.2	100.0	85.0
202501	230L30100	62	貸倒金	0.0	0.0	0.0	0.0	0.0	0.0
202501	230L30100	63	雑費	111000.0	111000.0	92354.0	0.3	83.2	83.2
202501	230L30100	64	福利消耗品費	2000.0	2000.0	9724.0	0.0	486.2	486.2
202501	230L30100	65	教育研修費	10000.0	10000.0	0.0	0.0	0.0	0.0
202501	230L30100	66	廃棄損	0.0	0.0	0.0	0.0	0.0	0.0
202501	230L30100	67	雑給	0.0	0.0	0.0	0.0	0.0	0.0
202501	230L30100	68	社内金利（固定資産）	1282158.0	1319875.0	1319731.0	5.0	99.9	102.9
202501	230L30100	69	社内金利（売掛金）	0.0	0.0	0.0	0.0	0.0	0.0
202501	230L30100	70	グループ共通	395400.0	395400.0	395400.0	1.5	100.0	100.0
202501	230L30100	71	差引収益	11765514.0	3024853.0	5375345.0	20.7	177.7	45.6
202501	230L30100	72	差引比率	35.9	12.8	20.7		161.7	57.6
202501	230L30100	73	総時間	6908.5	6411.5	5837.25		91.0	84.4
202501	230L30100	74	定時間	6870.5	6286.5	5776.25		91.8	84.0
202501	230L30100	75	残業時間	88.0	167.0	155.75		93.2	176.9
202501	230L30100	76	移動時間	-50.0	-42.0	-94.75		0.0	0.0
202501	230L30100	77	当月時間当り	1703.0	471.7	920.8		195.2	54.0
202501	230L30100	78	人員	69.0	69.0	68.0		98.5	98.5
202502	230L30100	1	総受注高	0.0	0.0	0.0		0.0	0.0
202502	230L30100	2	総売上高	25200000.0	18977000.0	20097649.0		105.9	79.7
202502	230L30100	3	売上高	0.0	0.0	0.0	0.0	0.0	0.0
202502	230L30100	4	グループ売上高	0.0	0.0	0.0	0.0	0.0	0.0
202502	230L30100	5	社内売上高	25200000.0	18977000.0	20097649.0	100.0	105.9	79.7
202502	230L30100	7	販売奨励金	0.0	0.0	0.0	0.0	0.0	0.0
202502	230L30100	8	売上原価	0.0	0.0	0.0	0.0	0.0	0.0
202502	230L30100	9	仕入高	0.0	0.0	0.0	0.0	0.0	0.0
202502	230L30100	10	グループ仕入高	0.0	0.0	0.0	0.0	0.0	0.0
202502	230L30100	11	社内仕入高	0.0	0.0	0.0	0.0	0.0	0.0
202502	230L30100	12	荷造運搬費	0.0	0.0	0.0	0.0	0.0	0.0
202502	230L30100	13	販売手数料	0.0	0.0	0.0	0.0	0.0	0.0
202502	230L30100	14	総収益	25200000.0	18977000.0	20097649.0	100.0	105.9	79.7
202502	230L30100	15	経費合計	23956444.0	21863295.0	23050001.0	114.6	105.4	96.2
202502	230L30100	16	経費合計（原価）	19547942.0	17625942.0	18743410.0	93.2	106.3	95.8
202502	230L30100	17	種苗費*	4970000.0	4914000.0	4875050.0	24.2	99.2	98.0
202502	230L30100	18	肥料費*	1351000.0	1051000.0	974598.0	4.8	92.7	72.1
202502	230L30100	19	培土費用*	0.0	0.0	-9540.0	0.0	0.0	0.0
202502	230L30100	20	農薬衛生費*	430000.0	241000.0	237259.0	1.1	98.4	55.1
202502	230L30100	21	農具費*	48000.0	48000.0	140805.0	0.7	293.3	293.3
202502	230L30100	22	諸材料費*	3795000.0	2340000.0	2055880.0	10.2	87.8	54.1
202502	230L30100	23	その他仕入高*	0.0	0.0	0.0	0.0	0.0	0.0
202502	230L30100	24	減価償却費*	1931712.0	1931712.0	1931712.0	9.6	100.0	100.0
202502	230L30100	25	車両費*	0.0	0.0	0.0	0.0	0.0	0.0
202502	230L30100	26	水道光熱費*	165000.0	170000.0	166656.0	0.8	98.0	101.0
202502	230L30100	27	動力費*	1580000.0	1867000.0	1866604.0	9.2	99.9	118.1
202502	230L30100	28	燃料費*	3240000.0	3420000.0	4770000.0	23.7	139.4	147.2
202502	230L30100	29	賃借料*	1248230.0	1248230.0	1248230.0	6.2	100.0	100.0
202502	230L30100	30	修繕費*	660000.0	222000.0	78852.0	0.3	35.5	11.9
202502	230L30100	31	診断料*	0.0	0.0	0.0	0.0	0.0	0.0
202502	230L30100	32	租税公課*	0.0	0.0	0.0	0.0	0.0	0.0
202502	230L30100	33	業務委託費*	0.0	0.0	0.0	0.0	0.0	0.0
202502	230L30100	34	雑費*	81000.0	81000.0	329053.0	1.6	406.2	406.2
202502	230L30100	35	雑給*	48000.0	92000.0	78251.0	0.3	85.0	163.0
202502	230L30100	36	経費合計（販管費）	4408502.0	4237353.0	4306591.0	21.4	101.6	97.6
202502	230L30100	37	減価償却費	876793.0	1014617.0	1020098.0	5.0	100.5	116.3
202502	230L30100	38	車両費	111000.0	111000.0	105885.0	0.5	95.3	95.3
202502	230L30100	39	旅費交通費	10000.0	10000.0	2963.0	0.0	29.6	29.6
202502	230L30100	40	通信費	47147.0	47147.0	37090.0	0.1	78.6	78.6
202502	230L30100	41	水道光熱費	170000.0	225000.0	223037.0	1.1	99.1	131.1
202502	230L30100	42	事務用品費	30000.0	30000.0	18305.0	0.0	61.0	61.0
202502	230L30100	43	消耗品費	50000.0	126000.0	40854.0	0.2	32.4	81.7
202502	230L30100	44	廃棄物処理料	184000.0	184000.0	135374.0	0.6	73.5	73.5
202502	230L30100	45	広告宣伝費	0.0	0.0	0.0	0.0	0.0	0.0
202502	230L30100	46	接待交際費	0.0	0.0	0.0	0.0	0.0	0.0
202502	230L30100	47	賃借料	19000.0	64000.0	70227.0	0.3	109.7	369.6
202502	230L30100	48	賃貸料収入	-101000.0	-111000.0	-112000.0	0.0	0.0	0.0
202502	230L30100	49	修繕費	600000.0	50000.0	0.0	0.0	0.0	0.0
202502	230L30100	50	支払リース料	4400.0	4400.0	4400.0	0.0	100.0	100.0
202502	230L30100	51	保険料	115166.0	115166.0	119108.0	0.5	103.4	103.4
202502	230L30100	52	支払報酬	0.0	0.0	0.0	0.0	0.0	0.0
202502	230L30100	53	支払手数料	37000.0	39000.0	31000.0	0.1	79.4	83.7
202502	230L30100	54	診断料	24000.0	20000.0	24000.0	0.1	120.0	100.0
202502	230L30100	55	諸会費	0.0	0.0	8000.0	0.0	0.0	0.0
202502	230L30100	56	会議費	0.0	0.0	0.0	0.0	0.0	0.0
202502	230L30100	57	寄付金	0.0	0.0	0.0	0.0	0.0	0.0
202502	230L30100	58	租税公課	0.0	0.0	651.0	0.0	0.0	0.0
202502	230L30100	59	業務委託費	0.0	0.0	0.0	0.0	0.0	0.0
202502	230L30100	60	業務受託収入	-85000.0	-85000.0	-218456.0	0.0	0.0	0.0
202502	230L30100	61	情報機器利用料	79480.0	79480.0	79480.0	0.3	100.0	100.0
202502	230L30100	62	貸倒金	0.0	0.0	0.0	0.0	0.0	0.0
202502	230L30100	63	雑費	563000.0	563000.0	971709.0	4.8	172.5	172.5
202502	230L30100	64	福利消耗品費	0.0	40000.0	31680.0	0.1	79.2	0.0
202502	230L30100	65	教育研修費	10000.0	10000.0	11664.0	0.0	116.6	116.6
202502	230L30100	66	廃棄損	0.0	0.0	0.0	0.0	0.0	0.0
202502	230L30100	67	雑給	0.0	0.0	0.0	0.0	0.0	0.0
202502	230L30100	68	社内金利（固定資産）	1268116.0	1305143.0	1306122.0	6.4	100.0	102.9
202502	230L30100	69	社内金利（売掛金）	0.0	0.0	0.0	0.0	0.0	0.0
202502	230L30100	70	グループ共通	395400.0	395400.0	395400.0	1.9	100.0	100.0
202502	230L30100	71	差引収益	1243556.0	-2886295.0	-2952352.0	0.0	0.0	0.0
202502	230L30100	72	差引比率	4.9	-15.2	-14.6		0.0	0.0
202502	230L30100	73	総時間	6497.0	5784.0	5205.5		89.9	80.1
202502	230L30100	74	定時間	6441.0	5689.0	5103.0		89.6	79.2
202502	230L30100	75	残業時間	64.0	95.0	104.5		110.0	163.2
202502	230L30100	76	移動時間	-8.0	0.0	-2.0		0.0	0.0
202502	230L30100	77	当月時間当り	191.4	-499.0	-567.1		0.0	0.0
202502	230L30100	78	人員	69.0	69.0	69.0		100.0	100.0
202503	230L30100	1	総受注高	0.0	0.0	0.0		0.0	0.0
202503	230L30100	2	総売上高	31800000.0	24201000.0	27362491.0		113.0	86.0
202503	230L30100	3	売上高	0.0	0.0	0.0	0.0	0.0	0.0
202503	230L30100	4	グループ売上高	0.0	0.0	0.0	0.0	0.0	0.0
202503	230L30100	5	社内売上高	31800000.0	24201000.0	27362491.0	100.0	113.0	86.0
202503	230L30100	7	販売奨励金	0.0	0.0	0.0	0.0	0.0	0.0
202503	230L30100	8	売上原価	0.0	0.0	0.0	0.0	0.0	0.0
202503	230L30100	9	仕入高	0.0	0.0	0.0	0.0	0.0	0.0
202503	230L30100	10	グループ仕入高	0.0	0.0	0.0	0.0	0.0	0.0
202503	230L30100	11	社内仕入高	0.0	0.0	0.0	0.0	0.0	0.0
202503	230L30100	12	荷造運搬費	0.0	0.0	0.0	0.0	0.0	0.0
202503	230L30100	13	販売手数料	0.0	0.0	0.0	0.0	0.0	0.0
202503	230L30100	14	総収益	31800000.0	24201000.0	27362491.0	100.0	113.0	86.0
202503	230L30100	15	経費合計	20826554.0	19345779.0	20547982.0	75.0	106.2	98.6
202503	230L30100	16	経費合計（原価）	16823275.0	15519074.0	16786249.0	61.3	108.1	99.7
202503	230L30100	17	種苗費*	0.0	0.0	0.0	0.0	0.0	0.0
202503	230L30100	18	肥料費*	1731000.0	1351000.0	1336443.0	4.8	98.9	77.2
202503	230L30100	19	培土費用*	0.0	0.0	0.0	0.0	0.0	0.0
202503	230L30100	20	農薬衛生費*	610000.0	688000.0	602114.0	2.2	87.5	98.7
202503	230L30100	21	農具費*	32000.0	32000.0	268449.0	0.9	838.9	838.9
202503	230L30100	22	諸材料費*	5059000.0	4539000.0	4400978.0	16.0	96.9	86.9
202503	230L30100	23	その他仕入高*	0.0	0.0	0.0	0.0	0.0	0.0
202503	230L30100	24	減価償却費*	1929844.0	1929844.0	1991810.0	7.2	103.2	103.2
202503	230L30100	25	車両費*	0.0	0.0	0.0	0.0	0.0	0.0
202503	230L30100	26	水道光熱費*	165000.0	165000.0	150528.0	0.5	91.2	91.2
202503	230L30100	27	動力費*	1580000.0	1697000.0	1696087.0	6.1	99.9	107.3
202503	230L30100	28	燃料費*	3240000.0	3600000.0	4326210.0	15.8	120.1	133.5
202503	230L30100	29	賃借料*	1248230.0	1248230.0	1248230.0	4.5	100.0	100.0
202503	230L30100	30	修繕費*	959201.0	140000.0	657582.0	2.4	469.7	68.5
202503	230L30100	31	診断料*	0.0	0.0	0.0	0.0	0.0	0.0
202503	230L30100	32	租税公課*	0.0	0.0	0.0	0.0	0.0	0.0
202503	230L30100	33	業務委託費*	0.0	0.0	0.0	0.0	0.0	0.0
202503	230L30100	34	雑費*	81000.0	81000.0	81000.0	0.2	100.0	100.0
202503	230L30100	35	雑給*	188000.0	48000.0	26818.0	0.0	55.8	14.2
202503	230L30100	36	経費合計（販管費）	4003279.0	3826705.0	3761733.0	13.7	98.3	93.9
202503	230L30100	37	減価償却費	876995.0	1014819.0	1020307.0	3.7	100.5	116.3
202503	230L30100	38	車両費	115000.0	115000.0	79506.0	0.2	69.1	69.1
202503	230L30100	39	旅費交通費	10000.0	10000.0	0.0	0.0	0.0	0.0
202503	230L30100	40	通信費	47147.0	47147.0	38966.0	0.1	82.6	82.6
202503	230L30100	41	水道光熱費	150000.0	186000.0	185322.0	0.6	99.6	123.5
202503	230L30100	42	事務用品費	30000.0	30000.0	12322.0	0.0	41.0	41.0
202503	230L30100	43	消耗品費	41116.0	248000.0	383841.0	1.4	154.7	933.5
202503	230L30100	44	廃棄物処理料	300000.0	293000.0	221189.0	0.8	75.4	73.7
202503	230L30100	45	広告宣伝費	0.0	0.0	0.0	0.0	0.0	0.0
202503	230L30100	46	接待交際費	0.0	0.0	-109.0	0.0	0.0	0.0
202503	230L30100	47	賃借料	19000.0	19000.0	18727.0	0.0	98.5	98.5
202503	230L30100	48	賃貸料収入	-101000.0	-101000.0	-100150.0	0.0	0.0	0.0
202503	230L30100	49	修繕費	100000.0	100000.0	0.0	0.0	0.0	0.0
202503	230L30100	50	支払リース料	4400.0	4400.0	4400.0	0.0	100.0	100.0
202503	230L30100	51	保険料	115168.0	115168.0	115146.0	0.4	99.9	99.9
202503	230L30100	52	支払報酬	0.0	0.0	0.0	0.0	0.0	0.0
202503	230L30100	53	支払手数料	77000.0	79000.0	72800.0	0.2	92.1	94.5
202503	230L30100	54	診断料	40000.0	35000.0	20000.0	0.0	57.1	50.0
202503	230L30100	55	諸会費	0.0	0.0	10825.0	0.0	0.0	0.0
202503	230L30100	56	会議費	0.0	0.0	0.0	0.0	0.0	0.0
202503	230L30100	57	寄付金	0.0	0.0	0.0	0.0	0.0	0.0
202503	230L30100	58	租税公課	0.0	0.0	49.0	0.0	0.0	0.0
202503	230L30100	59	業務委託費	0.0	0.0	0.0	0.0	0.0	0.0
202503	230L30100	60	業務受託収入	-85000.0	-205000.0	-133184.0	0.0	0.0	0.0
202503	230L30100	61	情報機器利用料	93100.0	79480.0	78950.0	0.2	99.3	84.8
202503	230L30100	62	貸倒金	0.0	0.0	0.0	0.0	0.0	0.0
202503	230L30100	63	雑費	461000.0	11000.0	22802.0	0.0	207.2	4.9
202503	230L30100	64	福利消耗品費	8000.0	8000.0	9652.0	0.0	120.6	120.6
202503	230L30100	65	教育研修費	10000.0	10000.0	910.0	0.0	9.1	9.1
202503	230L30100	66	廃棄損	0.0	0.0	0.0	0.0	0.0	0.0
202503	230L30100	67	雑給	0.0	0.0	0.0	0.0	0.0	0.0
202503	230L30100	68	社内金利（固定資産）	1295953.0	1332291.0	1304062.0	4.7	97.8	100.6
202503	230L30100	69	社内金利（売掛金）	0.0	0.0	0.0	0.0	0.0	0.0
202503	230L30100	70	グループ共通	395400.0	395400.0	395400.0	1.4	100.0	100.0
202503	230L30100	71	差引収益	10973446.0	4855221.0	6814509.0	24.9	140.3	62.0
202503	230L30100	72	差引比率	34.5	20.0	24.9		124.5	72.1
202503	230L30100	73	総時間	6962.0	6616.0	6198.25		93.6	89.0
202503	230L30100	74	定時間	6803.0	6465.0	6074.25		93.9	89.2
202503	230L30100	75	残業時間	159.0	143.0	136.0		95.1	85.5
202503	230L30100	76	移動時間	0.0	8.0	-12.0		0.0	0.0
202503	230L30100	77	当月時間当り	1576.1	733.8	1099.4		149.8	69.7
202503	230L30100	78	人員	69.0	69.0	68.0		98.5	98.5
202504	230L30100	1	総受注高	0.0	0.0	0.0		0.0	0.0
202504	230L30100	2	総売上高	34900000.0	35463605.0	35452675.0		99.9	101.5
202504	230L30100	3	売上高	0.0	0.0	0.0	0.0	0.0	0.0
202504	230L30100	4	グループ売上高	0.0	0.0	0.0	0.0	0.0	0.0
202504	230L30100	5	社内売上高	34900000.0	35463605.0	35452675.0	100.0	99.9	101.5
202504	230L30100	7	販売奨励金	0.0	0.0	0.0	0.0	0.0	0.0
202504	230L30100	8	売上原価	0.0	0.0	0.0	0.0	0.0	0.0
202504	230L30100	9	仕入高	0.0	0.0	0.0	0.0	0.0	0.0
202504	230L30100	10	グループ仕入高	0.0	0.0	0.0	0.0	0.0	0.0
202504	230L30100	11	社内仕入高	0.0	0.0	0.0	0.0	0.0	0.0
202504	230L30100	12	荷造運搬費	0.0	0.0	0.0	0.0	0.0	0.0
202504	230L30100	13	販売手数料	0.0	0.0	0.0	0.0	0.0	0.0
202504	230L30100	14	総収益	34900000.0	35463605.0	35452675.0	100.0	99.9	101.5
202504	230L30100	15	経費合計	20648690.0	22435300.0	20501197.0	57.8	91.3	99.2
202504	230L30100	16	経費合計（原価）	15906659.0	17564659.0	15656293.0	44.1	89.1	98.4
202504	230L30100	17	種苗費*	0.0	0.0	0.0	0.0	0.0	0.0
202504	230L30100	18	肥料費*	1484000.0	1484000.0	1944346.0	5.4	131.0	131.0
202504	230L30100	19	培土費用*	0.0	0.0	0.0	0.0	0.0	0.0
202504	230L30100	20	農薬衛生費*	317000.0	377000.0	365572.0	1.0	96.9	115.3
202504	230L30100	21	農具費*	175000.0	101000.0	48172.0	0.1	47.6	27.5
202504	230L30100	22	諸材料費*	4858000.0	6911000.0	6448747.0	18.1	93.3	132.7
202504	230L30100	23	その他仕入高*	0.0	0.0	0.0	0.0	0.0	0.0
202504	230L30100	24	減価償却費*	1944429.0	1944429.0	1944429.0	5.4	100.0	100.0
202504	230L30100	25	車両費*	0.0	0.0	0.0	0.0	0.0	0.0
202504	230L30100	26	水道光熱費*	167000.0	170000.0	166656.0	0.4	98.0	99.7
202504	230L30100	27	動力費*	1680000.0	1799000.0	1798840.0	5.0	99.9	107.0
202504	230L30100	28	燃料費*	1140000.0	1140000.0	1182000.0	3.3	103.6	103.6
202504	230L30100	29	賃借料*	1248230.0	1248230.0	1248241.0	3.5	100.0	100.0
202504	230L30100	30	修繕費*	2742000.0	2162000.0	2098.0	0.0	0.0	0.0
202504	230L30100	31	診断料*	0.0	0.0	0.0	0.0	0.0	0.0
202504	230L30100	32	租税公課*	0.0	0.0	0.0	0.0	0.0	0.0
202504	230L30100	33	業務委託費*	0.0	0.0	0.0	0.0	0.0	0.0
202504	230L30100	34	雑費*	81000.0	81000.0	81000.0	0.2	100.0	100.0
202504	230L30100	35	雑給*	70000.0	147000.0	426192.0	1.2	289.9	608.8
202504	230L30100	36	経費合計（販管費）	4742031.0	4870641.0	4844904.0	13.6	99.4	102.1
202504	230L30100	37	減価償却費	1000830.0	1000830.0	999485.0	2.8	99.8	99.8
202504	230L30100	38	車両費	76000.0	76000.0	76000.0	0.2	100.0	100.0
202504	230L30100	39	旅費交通費	10000.0	10000.0	-7419.0	0.0	0.0	0.0
202504	230L30100	40	通信費	41635.0	41635.0	40882.0	0.1	98.1	98.1
202504	230L30100	41	水道光熱費	160000.0	216610.0	226380.0	0.6	104.5	141.4
202504	230L30100	42	事務用品費	30000.0	30000.0	21348.0	0.0	71.1	71.1
202504	230L30100	43	消耗品費	75000.0	75000.0	61008.0	0.1	81.3	81.3
202504	230L30100	44	廃棄物処理料	367000.0	367000.0	293104.0	0.8	79.8	79.8
202504	230L30100	45	広告宣伝費	28000.0	0.0	0.0	0.0	0.0	0.0
202504	230L30100	46	接待交際費	0.0	0.0	0.0	0.0	0.0	0.0
202504	230L30100	47	賃借料	64000.0	64000.0	41227.0	0.1	64.4	64.4
202504	230L30100	48	賃貸料収入	-116000.0	-116000.0	-118000.0	0.0	0.0	0.0
202504	230L30100	49	修繕費	25000.0	525000.0	610000.0	1.7	116.1	
202504	230L30100	50	支払リース料	4400.0	4400.0	4400.0	0.0	100.0	100.0
202504	230L30100	51	保険料	114988.0	114988.0	115181.0	0.3	100.1	100.1
202504	230L30100	52	支払報酬	0.0	0.0	0.0	0.0	0.0	0.0
202504	230L30100	53	支払手数料	1141000.0	741000.0	766390.0	2.1	103.4	67.1
202504	230L30100	54	診断料	20000.0	20000.0	20000.0	0.0	100.0	100.0
202504	230L30100	55	諸会費	0.0	0.0	0.0	0.0	0.0	0.0
202504	230L30100	56	会議費	0.0	0.0	0.0	0.0	0.0	0.0
202504	230L30100	57	寄付金	0.0	0.0	0.0	0.0	0.0	0.0
202504	230L30100	58	租税公課	0.0	0.0	0.0	0.0	0.0	0.0
202504	230L30100	59	業務委託費	0.0	0.0	0.0	0.0	0.0	0.0
202504	230L30100	60	業務受託収入	-85000.0	-85000.0	-107910.0	0.0	0.0	0.0
202504	230L30100	61	情報機器利用料	109660.0	109660.0	109660.0	0.3	100.0	100.0
202504	230L30100	62	貸倒金	0.0	0.0	0.0	0.0	0.0	0.0
202504	230L30100	63	雑費	6000.0	6000.0	23529.0	0.0	392.1	392.1
202504	230L30100	64	福利消耗品費	0.0	0.0	0.0	0.0	0.0	0.0
202504	230L30100	65	教育研修費	0.0	0.0	0.0	0.0	0.0	0.0
202504	230L30100	66	廃棄損	0.0	0.0	0.0	0.0	0.0	0.0
202504	230L30100	67	雑給	0.0	0.0	0.0	0.0	0.0	0.0
202504	230L30100	68	社内金利（固定資産）	1294218.0	1294218.0	1294339.0	3.6	100.0	100.0
202504	230L30100	69	社内金利（売掛金）	0.0	0.0	0.0	0.0	0.0	0.0
202504	230L30100	70	グループ共通	375300.0	375300.0	375300.0	1.0	100.0	100.0
202504	230L30100	71	差引収益	14251310.0	13028305.0	14951478.0	42.1	114.7	104.9
202504	230L30100	72	差引比率	40.8	36.7	42.1		114.7	103.1
202504	230L30100	73	総時間	7679.0	7209.25	7339.25		101.8	95.5
202504	230L30100	74	定時間	7515.25	6953.25	7001.0		100.6	93.1
202504	230L30100	75	残業時間	163.75	256.0	338.25		132.1	206.5
202504	230L30100	76	移動時間	0.0	0.0	0.0		0.0	0.0
202504	230L30100	77	当月時間当り	1855.8	1807.1	2037.1		112.7	109.7
202504	230L30100	78	人員	74.0	74.0	66.0		89.1	89.1
202505	230L30100	1	総受注高	0.0	0.0	0.0		0.0	0.0
202505	230L30100	2	総売上高	49200000.0	49006510.0	48446543.0		98.8	98.4
202505	230L30100	3	売上高	0.0	0.0	0.0	0.0	0.0	0.0
202505	230L30100	4	グループ売上高	0.0	0.0	0.0	0.0	0.0	0.0
202505	230L30100	5	社内売上高	49200000.0	49006510.0	48446543.0	100.0	98.8	98.4
202505	230L30100	7	販売奨励金	0.0	0.0	0.0	0.0	0.0	0.0
202505	230L30100	8	売上原価	0.0	0.0	0.0	0.0	0.0	0.0
202505	230L30100	9	仕入高	0.0	0.0	0.0	0.0	0.0	0.0
202505	230L30100	10	グループ仕入高	0.0	0.0	0.0	0.0	0.0	0.0
202505	230L30100	11	社内仕入高	0.0	0.0	0.0	0.0	0.0	0.0
202505	230L30100	12	荷造運搬費	0.0	0.0	0.0	0.0	0.0	0.0
202505	230L30100	13	販売手数料	0.0	0.0	0.0	0.0	0.0	0.0
202505	230L30100	14	総収益	49200000.0	49006510.0	48446543.0	100.0	98.8	98.4
202505	230L30100	15	経費合計	35357963.0	37110026.0	33627467.0	69.4	90.6	95.1
202505	230L30100	16	経費合計（原価）	24999659.0	26082659.0	23973456.0	49.4	91.9	95.8
202505	230L30100	17	種苗費*	0.0	0.0	0.0	0.0	0.0	0.0
202505	230L30100	18	肥料費*	1493000.0	1873000.0	1863679.0	3.8	99.5	124.8
202505	230L30100	19	培土費用*	0.0	0.0	0.0	0.0	0.0	0.0
202505	230L30100	20	農薬衛生費*	651000.0	808000.0	689320.0	1.4	85.3	105.8
202505	230L30100	21	農具費*	2571000.0	2571000.0	1371837.0	2.8	53.3	53.3
202505	230L30100	22	諸材料費*	6742000.0	6239000.0	7684214.0	15.8	123.1	113.9
202505	230L30100	23	その他仕入高*	0.0	0.0	0.0	0.0	0.0	0.0
202505	230L30100	24	減価償却費*	1944429.0	1944429.0	1944429.0	4.0	100.0	100.0
202505	230L30100	25	車両費*	0.0	0.0	0.0	0.0	0.0	0.0
202505	230L30100	26	水道光熱費*	167000.0	170000.0	161280.0	0.3	94.8	96.5
202505	230L30100	27	動力費*	1686000.0	1475000.0	1475950.0	3.0	100.0	87.5
202505	230L30100	28	燃料費*	760000.0	600000.0	546600.0	1.1	91.1	71.9
202505	230L30100	29	賃借料*	1248230.0	1248230.0	1248230.0	2.5	100.0	100.0
202505	230L30100	30	修繕費*	2837000.0	4090000.0	2298065.0	4.7	56.1	81.0
202505	230L30100	31	診断料*	0.0	0.0	0.0	0.0	0.0	0.0
202505	230L30100	32	租税公課*	0.0	0.0	0.0	0.0	0.0	0.0
202505	230L30100	33	業務委託費*	0.0	0.0	0.0	0.0	0.0	0.0
202505	230L30100	34	雑費*	3623000.0	3788000.0	3788000.0	7.8	100.0	104.5
202505	230L30100	35	雑給*	1277000.0	1276000.0	901852.0	1.8	70.6	70.6
202505	230L30100	36	経費合計（販管費）	10358304.0	11027367.0	9654011.0	19.9	87.5	93.2
202505	230L30100	37	減価償却費	1000830.0	1000830.0	999485.0	2.0	99.8	99.8
202505	230L30100	38	車両費	76000.0	76000.0	76000.0	0.1	100.0	100.0
202505	230L30100	39	旅費交通費	10000.0	10000.0	0.0	0.0	0.0	0.0
202505	230L30100	40	通信費	41635.0	41635.0	41160.0	0.0	98.8	98.8
202505	230L30100	41	水道光熱費	140000.0	160063.0	160063.0	0.3	100.0	114.3
202505	230L30100	42	事務用品費	30000.0	30000.0	14930.0	0.0	49.7	49.7
202505	230L30100	43	消耗品費	75000.0	105000.0	98454.0	0.2	93.7	131.2
202505	230L30100	44	廃棄物処理料	402000.0	402000.0	371468.0	0.7	92.4	92.4
202505	230L30100	45	広告宣伝費	0.0	28000.0	0.0	0.0	0.0	0.0
202505	230L30100	46	接待交際費	0.0	0.0	0.0	0.0	0.0	0.0
202505	230L30100	47	賃借料	64000.0	64000.0	-3773.0	0.0	0.0	0.0
202505	230L30100	48	賃貸料収入	-116000.0	-116000.0	-73000.0	0.0	0.0	0.0
202505	230L30100	49	修繕費	25000.0	25000.0	0.0	0.0	0.0	0.0
202505	230L30100	50	支払リース料	4400.0	4400.0	4400.0	0.0	100.0	100.0
202505	230L30100	51	保険料	114988.0	114988.0	115181.0	0.2	100.1	100.1
202505	230L30100	52	支払報酬	0.0	0.0	0.0	0.0	0.0	0.0
202505	230L30100	53	支払手数料	215000.0	835000.0	410100.0	0.8	49.1	190.7
202505	230L30100	54	診断料	179000.0	179000.0	157582.0	0.3	88.0	88.0
202505	230L30100	55	諸会費	9000.0	5000.0	5000.0	0.0	100.0	55.5
202505	230L30100	56	会議費	0.0	0.0	0.0	0.0	0.0	0.0
202505	230L30100	57	寄付金	0.0	0.0	0.0	0.0	0.0	0.0
202505	230L30100	58	租税公課	5901000.0	5901000.0	5184100.0	10.7	87.8	87.8
202505	230L30100	59	業務委託費	0.0	0.0	0.0	0.0	0.0	0.0
202505	230L30100	60	業務受託収入	-85000.0	-85000.0	-159000.0	0.0	0.0	0.0
202505	230L30100	61	情報機器利用料	109660.0	109660.0	109660.0	0.2	100.0	100.0
202505	230L30100	62	貸倒金	0.0	0.0	0.0	0.0	0.0	0.0
202505	230L30100	63	雑費	482000.0	482000.0	487281.0	1.0	101.0	101.0
202505	230L30100	64	福利消耗品費	25000.0	0.0	0.0	0.0	0.0	0.0
202505	230L30100	65	教育研修費	0.0	0.0	0.0	0.0	0.0	0.0
202505	230L30100	66	廃棄損	0.0	0.0	0.0	0.0	0.0	0.0
202505	230L30100	67	雑給	0.0	0.0	0.0	0.0	0.0	0.0
202505	230L30100	68	社内金利（固定資産）	1279491.0	1279491.0	1279620.0	2.6	100.0	100.0
202505	230L30100	69	社内金利（売掛金）	0.0	0.0	0.0	0.0	0.0	0.0
202505	230L30100	70	グループ共通	375300.0	375300.0	375300.0	0.7	100.0	100.0
202505	230L30100	71	差引収益	13842037.0	11896484.0	14819076.0	30.5	124.5	107.0
202505	230L30100	72	差引比率	28.1	24.2	30.5		126.0	108.5
202505	230L30100	73	総時間	7762.0	7869.75	8533.75		108.4	109.9
202505	230L30100	74	定時間	7375.75	7469.75	7786.5		104.2	105.5
202505	230L30100	75	残業時間	386.25	400.0	747.25		186.8	193.4
202505	230L30100	76	移動時間	0.0	0.0	0.0		0.0	0.0
202505	230L30100	77	当月時間当り	1783.3	1511.6	1736.5		114.8	97.3
202505	230L30100	78	人員	74.0	71.0	71.0		100.0	95.9
202506	230L30100	1	総受注高	0.0	0.0	0.0		0.0	0.0
202506	230L30100	2	総売上高	45000000.0	40066200.0	37526180.0		93.6	83.3
202506	230L30100	3	売上高	0.0	0.0	0.0	0.0	0.0	0.0
202506	230L30100	4	グループ売上高	0.0	0.0	0.0	0.0	0.0	0.0
202506	230L30100	5	社内売上高	45000000.0	40066200.0	37526180.0	100.0	93.6	83.3
202506	230L30100	7	販売奨励金	0.0	0.0	0.0	0.0	0.0	0.0
202506	230L30100	8	売上原価	0.0	0.0	0.0	0.0	0.0	0.0
202506	230L30100	9	仕入高	0.0	0.0	0.0	0.0	0.0	0.0
202506	230L30100	10	グループ仕入高	0.0	0.0	0.0	0.0	0.0	0.0
202506	230L30100	11	社内仕入高	0.0	0.0	0.0	0.0	0.0	0.0
202506	230L30100	12	荷造運搬費	0.0	0.0	0.0	0.0	0.0	0.0
202506	230L30100	13	販売手数料	0.0	0.0	0.0	0.0	0.0	0.0
202506	230L30100	14	総収益	45000000.0	40066200.0	37526180.0	100.0	93.6	83.3
202506	230L30100	15	経費合計	26378237.0	24085263.0	23435004.0	62.4	97.3	88.8
202506	230L30100	16	経費合計（原価）	22504659.0	20126659.0	18238208.0	48.6	90.6	81.0
202506	230L30100	17	種苗費*	2600000.0	2600000.0	2541308.0	6.7	97.7	97.7
202506	230L30100	18	肥料費*	1556000.0	1556000.0	1190978.0	3.1	76.5	76.5
202506	230L30100	19	培土費用*	4440000.0	1822000.0	0.0	0.0	0.0	0.0
202506	230L30100	20	農薬衛生費*	350000.0	310000.0	382382.0	1.0	123.3	109.2
202506	230L30100	21	農具費*	53000.0	438000.0	989011.0	2.6	225.8	
202506	230L30100	22	諸材料費*	6434000.0	6117000.0	5595028.0	14.9	91.4	86.9
202506	230L30100	23	その他仕入高*	0.0	0.0	0.0	0.0	0.0	0.0
202506	230L30100	24	減価償却費*	1944429.0	1944429.0	1944429.0	5.1	100.0	100.0
202506	230L30100	25	車両費*	0.0	0.0	0.0	0.0	0.0	0.0
202506	230L30100	26	水道光熱費*	167000.0	170000.0	166656.0	0.4	98.0	99.7
202506	230L30100	27	動力費*	1680000.0	1262000.0	1261388.0	3.3	99.9	75.0
202506	230L30100	28	燃料費*	0.0	0.0	0.0	0.0	0.0	0.0
202506	230L30100	29	賃借料*	1248230.0	1248230.0	1248230.0	3.3	100.0	100.0
202506	230L30100	30	修繕費*	460000.0	460000.0	208659.0	0.5	45.3	45.3
202506	230L30100	31	診断料*	0.0	0.0	0.0	0.0	0.0	0.0
202506	230L30100	32	租税公課*	0.0	0.0	0.0	0.0	0.0	0.0
202506	230L30100	33	業務委託費*	0.0	0.0	0.0	0.0	0.0	0.0
202506	230L30100	34	雑費*	687000.0	1193000.0	1250595.0	3.3	104.8	182.0
202506	230L30100	35	雑給*	885000.0	1006000.0	1459544.0	3.8	145.0	164.9
202506	230L30100	36	経費合計（販管費）	3873578.0	3958604.0	5196796.0	13.8	131.2	134.1
202506	230L30100	37	減価償却費	1000830.0	1000830.0	999485.0	2.6	99.8	99.8
202506	230L30100	38	車両費	80000.0	80000.0	76000.0	0.2	95.0	95.0
202506	230L30100	39	旅費交通費	10000.0	10000.0	3018.0	0.0	30.1	30.1
202506	230L30100	40	通信費	41635.0	41635.0	42280.0	0.1	101.5	101.5
202506	230L30100	41	水道光熱費	170000.0	157026.0	155854.0	0.4	99.2	91.6
202506	230L30100	42	事務用品費	30000.0	30000.0	20585.0	0.0	68.6	68.6
202506	230L30100	43	消耗品費	58000.0	58000.0	106114.0	0.2	182.9	182.9
202506	230L30100	44	廃棄物処理料	436000.0	332000.0	467701.0	1.2	140.8	107.2
202506	230L30100	45	広告宣伝費	0.0	0.0	0.0	0.0	0.0	0.0
202506	230L30100	46	接待交際費	0.0	0.0	0.0	0.0	0.0	0.0
202506	230L30100	47	賃借料	64000.0	64000.0	18727.0	0.0	29.2	29.2
202506	230L30100	48	賃貸料収入	-116000.0	-116000.0	-95500.0	0.0	0.0	0.0
202506	230L30100	49	修繕費	75000.0	75000.0	570000.0	1.5	760.0	760.0
202506	230L30100	50	支払リース料	4400.0	4400.0	4400.0	0.0	100.0	100.0
202506	230L30100	51	保険料	114988.0	114988.0	115181.0	0.3	100.1	100.1
202506	230L30100	52	支払報酬	0.0	0.0	21500.0	0.0	0.0	0.0
202506	230L30100	53	支払手数料	37000.0	297000.0	213995.0	0.5	72.0	578.3
202506	230L30100	54	診断料	30000.0	30000.0	20000.0	0.0	66.6	66.6
202506	230L30100	55	諸会費	0.0	0.0	0.0	0.0	0.0	0.0
202506	230L30100	56	会議費	0.0	0.0	0.0	0.0	0.0	0.0
202506	230L30100	57	寄付金	0.0	0.0	0.0	0.0	0.0	0.0
202506	230L30100	58	租税公課	0.0	0.0	721681.0	1.9	0.0	0.0
202506	230L30100	59	業務委託費	0.0	0.0	0.0	0.0	0.0	0.0
202506	230L30100	60	業務受託収入	-40000.0	-40000.0	-86000.0	0.0	0.0	0.0
202506	230L30100	61	情報機器利用料	109660.0	109660.0	109660.0	0.2	100.0	100.0
202506	230L30100	62	貸倒金	0.0	0.0	0.0	0.0	0.0	0.0
202506	230L30100	63	雑費	117000.0	69000.0	70053.0	0.1	101.5	59.8
202506	230L30100	64	福利消耗品費	1000.0	1000.0	1862.0	0.0	186.2	186.2
202506	230L30100	65	教育研修費	10000.0	0.0	0.0	0.0	0.0	0.0
202506	230L30100	66	廃棄損	0.0	0.0	0.0	0.0	0.0	0.0
202506	230L30100	67	雑給	0.0	0.0	0.0	0.0	0.0	0.0
202506	230L30100	68	社内金利（固定資産）	1264765.0	1264765.0	1264900.0	3.3	100.0	100.0
202506	230L30100	69	社内金利（売掛金）	0.0	0.0	0.0	0.0	0.0	0.0
202506	230L30100	70	グループ共通	375300.0	375300.0	375300.0	1.0	100.0	100.0
202506	230L30100	71	差引収益	18621763.0	15980937.0	14091176.0	37.5	88.1	75.6
202506	230L30100	72	差引比率	41.3	39.8	37.5		94.2	90.7
202506	230L30100	73	総時間	7800.75	8283.0	8072.75		97.4	103.4
202506	230L30100	74	定時間	7388.0	7772.0	7442.75		95.7	100.7
202506	230L30100	75	残業時間	412.75	515.0	630.0		122.3	152.6
202506	230L30100	76	移動時間	0.0	-4.0	0.0		0.0	0.0
202506	230L30100	77	当月時間当り	2387.1	1929.3	1745.5		90.4	73.1
202506	230L30100	78	人員	74.0	74.0	73.0		98.6	98.6
202507	230L30100	1	総受注高	0.0	0.0	0.0		0.0	0.0
202507	230L30100	2	総売上高	42700000.0	39991000.0	36219933.0		90.5	84.8
202507	230L30100	3	売上高	0.0	0.0	0.0	0.0	0.0	0.0
202507	230L30100	4	グループ売上高	0.0	0.0	0.0	0.0	0.0	0.0
202507	230L30100	5	社内売上高	42700000.0	39991000.0	36219933.0	100.0	90.5	84.8
202507	230L30100	7	販売奨励金	0.0	0.0	0.0	0.0	0.0	0.0
202507	230L30100	8	売上原価	0.0	0.0	0.0	0.0	0.0	0.0
202507	230L30100	9	仕入高	0.0	0.0	0.0	0.0	0.0	0.0
202507	230L30100	10	グループ仕入高	0.0	0.0	0.0	0.0	0.0	0.0
202507	230L30100	11	社内仕入高	0.0	0.0	0.0	0.0	0.0	0.0
202507	230L30100	12	荷造運搬費	0.0	0.0	0.0	0.0	0.0	0.0
202507	230L30100	13	販売手数料	0.0	0.0	0.0	0.0	0.0	0.0
202507	230L30100	14	総収益	42700000.0	39991000.0	36219933.0	100.0	90.5	84.8
202507	230L30100	15	経費合計	19650511.0	22575241.0	23152709.0	63.9	102.5	117.8
202507	230L30100	16	経費合計（原価）	15840659.0	18659659.0	19313938.0	53.3	103.5	121.9
202507	230L30100	17	種苗費*	0.0	98000.0	97500.0	0.2	99.4	0.0
202507	230L30100	18	肥料費*	1232000.0	1882000.0	2253370.0	6.2	119.7	182.9
202507	230L30100	19	培土費用*	0.0	1822000.0	1821600.0	5.0	99.9	0.0
202507	230L30100	20	農薬衛生費*	500000.0	480000.0	521317.0	1.4	108.6	104.2
202507	230L30100	21	農具費*	108000.0	1644000.0	1561900.0	4.3	95.0	
202507	230L30100	22	諸材料費*	7134000.0	6502000.0	7263687.0	20.0	111.7	101.8
202507	230L30100	23	その他仕入高*	0.0	0.0	0.0	0.0	0.0	0.0
202507	230L30100	24	減価償却費*	1944429.0	1944429.0	1944429.0	5.3	100.0	100.0
202507	230L30100	25	車両費*	0.0	0.0	0.0	0.0	0.0	0.0
202507	230L30100	26	水道光熱費*	180000.0	180000.0	161280.0	0.4	89.6	89.6
202507	230L30100	27	動力費*	1880000.0	1399000.0	1398829.0	3.8	99.9	74.4
202507	230L30100	28	燃料費*	0.0	0.0	0.0	0.0	0.0	0.0
202507	230L30100	29	賃借料*	1248230.0	1248230.0	1248230.0	3.4	100.0	100.0
202507	230L30100	30	修繕費*	460000.0	60000.0	64458.0	0.1	107.4	14.0
202507	230L30100	31	診断料*	0.0	0.0	0.0	0.0	0.0	0.0
202507	230L30100	32	租税公課*	0.0	0.0	0.0	0.0	0.0	0.0
202507	230L30100	33	業務委託費*	0.0	0.0	0.0	0.0	0.0	0.0
202507	230L30100	34	雑費*	81000.0	394000.0	186638.0	0.5	47.3	230.4
202507	230L30100	35	雑給*	1073000.0	1006000.0	790700.0	2.1	78.5	73.6
202507	230L30100	36	経費合計（販管費）	3809852.0	3915582.0	3838771.0	10.5	98.0	100.7
202507	230L30100	37	減価償却費	1000830.0	1000830.0	999485.0	2.7	99.8	99.8
202507	230L30100	38	車両費	76000.0	76000.0	76000.0	0.2	100.0	100.0
202507	230L30100	39	旅費交通費	10000.0	10000.0	3055.0	0.0	30.5	30.5
202507	230L30100	40	通信費	41635.0	41635.0	41746.0	0.1	100.2	100.2
202507	230L30100	41	水道光熱費	150000.0	151730.0	151729.0	0.4	99.9	101.1
202507	230L30100	42	事務用品費	30000.0	30000.0	22747.0	0.0	75.8	75.8
202507	230L30100	43	消耗品費	80000.0	60000.0	82719.0	0.2	137.8	103.3
202507	230L30100	44	廃棄物処理料	367000.0	471000.0	456287.0	1.2	96.8	124.3
202507	230L30100	45	広告宣伝費	0.0	0.0	0.0	0.0	0.0	0.0
202507	230L30100	46	接待交際費	0.0	0.0	0.0	0.0	0.0	0.0
202507	230L30100	47	賃借料	64000.0	19000.0	18727.0	0.0	98.5	29.2
202507	230L30100	48	賃貸料収入	-116000.0	-96000.0	-95500.0	0.0	0.0	0.0
202507	230L30100	49	修繕費	25000.0	88000.0	63000.0	0.1	71.5	252.0
202507	230L30100	50	支払リース料	4400.0	12400.0	4400.0	0.0	35.4	100.0
202507	230L30100	51	保険料	114988.0	114988.0	115181.0	0.3	100.1	100.1
202507	230L30100	52	支払報酬	184000.0	158000.0	157605.0	0.4	99.7	85.6
202507	230L30100	53	支払手数料	37000.0	37000.0	32890.0	0.0	88.8	88.8
202507	230L30100	54	診断料	35000.0	35000.0	20000.0	0.0	57.1	57.1
202507	230L30100	55	諸会費	0.0	0.0	0.0	0.0	0.0	0.0
202507	230L30100	56	会議費	0.0	0.0	0.0	0.0	0.0	0.0
202507	230L30100	57	寄付金	0.0	0.0	0.0	0.0	0.0	0.0
202507	230L30100	58	租税公課	5000.0	5000.0	0.0	0.0	0.0	0.0
202507	230L30100	59	業務委託費	0.0	0.0	0.0	0.0	0.0	0.0
202507	230L30100	60	業務受託収入	-40000.0	-40000.0	-58000.0	0.0	0.0	0.0
202507	230L30100	61	情報機器利用料	109660.0	109660.0	109660.0	0.3	100.0	100.0
202507	230L30100	62	貸倒金	0.0	0.0	0.0	0.0	0.0	0.0
202507	230L30100	63	雑費	6000.0	6000.0	11559.0	0.0	192.6	192.6
202507	230L30100	64	福利消耗品費	0.0	0.0	0.0	0.0	0.0	0.0
202507	230L30100	65	教育研修費	0.0	0.0	0.0	0.0	0.0	0.0
202507	230L30100	66	廃棄損	0.0	0.0	0.0	0.0	0.0	0.0
202507	230L30100	67	雑給	0.0	0.0	0.0	0.0	0.0	0.0
202507	230L30100	68	社内金利（固定資産）	1250039.0	1250039.0	1250181.0	3.4	100.0	100.0
202507	230L30100	69	社内金利（売掛金）	0.0	0.0	0.0	0.0	0.0	0.0
202507	230L30100	70	グループ共通	375300.0	375300.0	375300.0	1.0	100.0	100.0
202507	230L30100	71	差引収益	23049489.0	17415759.0	13067224.0	36.0	75.0	56.6
202507	230L30100	72	差引比率	53.9	43.5	36.0		82.7	66.7
202507	230L30100	73	総時間	8157.5	8195.0	8317.0		101.4	101.9
202507	230L30100	74	定時間	7790.0	7711.0	7692.25		99.7	98.7
202507	230L30100	75	残業時間	467.5	528.0	640.5		121.3	137.0
202507	230L30100	76	移動時間	-100.0	-44.0	-15.75		0.0	0.0
202507	230L30100	77	当月時間当り	2825.5	2125.1	1571.1		73.9	55.6
202507	230L30100	78	人員	74.0	75.0	75.0		100.0	101.3
202508	230L30100	1	総受注高	0.0	0.0	0.0		0.0	0.0
202508	230L30100	2	総売上高	30500000.0	30834000.0	32042058.0		103.9	105.0
202508	230L30100	3	売上高	0.0	0.0	0.0	0.0	0.0	0.0
202508	230L30100	4	グループ売上高	0.0	0.0	0.0	0.0	0.0	0.0
202508	230L30100	5	社内売上高	30500000.0	30834000.0	32042058.0	100.0	103.9	105.0
202508	230L30100	7	販売奨励金	0.0	0.0	0.0	0.0	0.0	0.0
202508	230L30100	8	売上原価	0.0	0.0	0.0	0.0	0.0	0.0
202508	230L30100	9	仕入高	0.0	0.0	0.0	0.0	0.0	0.0
202508	230L30100	10	グループ仕入高	0.0	0.0	0.0	0.0	0.0	0.0
202508	230L30100	11	社内仕入高	0.0	0.0	0.0	0.0	0.0	0.0
202508	230L30100	12	荷造運搬費	0.0	0.0	0.0	0.0	0.0	0.0
202508	230L30100	13	販売手数料	0.0	0.0	0.0	0.0	0.0	0.0
202508	230L30100	14	総収益	30500000.0	30834000.0	32042058.0	100.0	103.9	105.0
202508	230L30100	15	経費合計	19667784.0	21294887.0	19792155.0	61.7	92.9	100.6
202508	230L30100	16	経費合計（原価）	15722659.0	16532659.0	14522125.0	45.3	87.8	92.3
202508	230L30100	17	種苗費*	0.0	0.0	0.0	0.0	0.0	0.0
202508	230L30100	18	肥料費*	1886000.0	1641000.0	1622059.0	5.0	98.8	86.0
202508	230L30100	19	培土費用*	500000.0	966000.0	957866.0	2.9	99.1	191.5
202508	230L30100	20	農薬衛生費*	400000.0	368000.0	499243.0	1.5	135.6	124.8
202508	230L30100	21	農具費*	740000.0	653000.0	580406.0	1.8	88.8	78.4
202508	230L30100	22	諸材料費*	4582000.0	5934000.0	4026955.0	12.5	67.8	87.8
202508	230L30100	23	その他仕入高*	0.0	0.0	0.0	0.0	0.0	0.0
202508	230L30100	24	減価償却費*	1944429.0	1944429.0	1944429.0	6.0	100.0	100.0
202508	230L30100	25	車両費*	0.0	0.0	0.0	0.0	0.0	0.0
202508	230L30100	26	水道光熱費*	180000.0	180000.0	166656.0	0.5	92.5	92.5
202508	230L30100	27	動力費*	1898000.0	1903000.0	1881276.0	5.8	98.8	99.1
202508	230L30100	28	燃料費*	0.0	0.0	0.0	0.0	0.0	0.0
202508	230L30100	29	賃借料*	1248230.0	1248230.0	1248230.0	3.8	100.0	100.0
202508	230L30100	30	修繕費*	460000.0	210000.0	0.0	0.0	0.0	0.0
202508	230L30100	31	診断料*	0.0	0.0	0.0	0.0	0.0	0.0
202508	230L30100	32	租税公課*	0.0	0.0	0.0	0.0	0.0	0.0
202508	230L30100	33	業務委託費*	0.0	0.0	0.0	0.0	0.0	0.0
202508	230L30100	34	雑費*	991000.0	691000.0	816625.0	2.5	118.1	82.4
202508	230L30100	35	雑給*	893000.0	794000.0	778380.0	2.4	98.0	87.1
202508	230L30100	36	経費合計（販管費）	3945125.0	4762228.0	5270030.0	16.4	110.6	133.5
202508	230L30100	37	減価償却費	1000830.0	1000830.0	999485.0	3.1	99.8	99.8
202508	230L30100	38	車両費	76000.0	76000.0	76000.0	0.2	100.0	100.0
202508	230L30100	39	旅費交通費	10000.0	10000.0	0.0	0.0	0.0	0.0
202508	230L30100	40	通信費	41635.0	95035.0	41673.0	0.1	43.8	100.0
202508	230L30100	41	水道光熱費	190000.0	211703.0	219805.0	0.6	103.8	115.6
202508	230L30100	42	事務用品費	30000.0	30000.0	6926.0	0.0	23.0	23.0
202508	230L30100	43	消耗品費	324000.0	391000.0	587354.0	1.8	150.2	181.2
202508	230L30100	44	廃棄物処理料	258000.0	991000.0	1540851.0	4.8	155.4	597.2
202508	230L30100	45	広告宣伝費	0.0	13000.0	12200.0	0.0	93.8	0.0
202508	230L30100	46	接待交際費	0.0	0.0	0.0	0.0	0.0	0.0
202508	230L30100	47	賃借料	64000.0	19000.0	18727.0	0.0	98.5	29.2
202508	230L30100	48	賃貸料収入	-116000.0	-96000.0	-95500.0	0.0	0.0	0.0
202508	230L30100	49	修繕費	25000.0	25000.0	0.0	0.0	0.0	0.0
202508	230L30100	50	支払リース料	12400.0	18400.0	18400.0	0.0	100.0	148.3
202508	230L30100	51	保険料	114988.0	114988.0	115181.0	0.3	100.1	100.1
202508	230L30100	52	支払報酬	0.0	0.0	0.0	0.0	0.0	0.0
202508	230L30100	53	支払手数料	37000.0	39000.0	33700.0	0.1	86.4	91.0
202508	230L30100	54	診断料	74000.0	20000.0	20855.0	0.0	104.2	28.1
202508	230L30100	55	諸会費	0.0	0.0	0.0	0.0	0.0	0.0
202508	230L30100	56	会議費	0.0	0.0	0.0	0.0	0.0	0.0
202508	230L30100	57	寄付金	0.0	0.0	0.0	0.0	0.0	0.0
202508	230L30100	58	租税公課	0.0	0.0	1448.0	0.0	0.0	0.0
202508	230L30100	59	業務委託費	0.0	0.0	0.0	0.0	0.0	0.0
202508	230L30100	60	業務受託収入	-40000.0	-40000.0	-135455.0	0.0	0.0	0.0
202508	230L30100	61	情報機器利用料	109660.0	109660.0	109660.0	0.3	100.0	100.0
202508	230L30100	62	貸倒金	0.0	0.0	0.0	0.0	0.0	0.0
202508	230L30100	63	雑費	123000.0	123000.0	87959.0	0.2	71.5	71.5
202508	230L30100	64	福利消耗品費	0.0	0.0	0.0	0.0	0.0	0.0
202508	230L30100	65	教育研修費	0.0	0.0	0.0	0.0	0.0	0.0
202508	230L30100	66	廃棄損	0.0	0.0	0.0	0.0	0.0	0.0
202508	230L30100	67	雑給	0.0	0.0	0.0	0.0	0.0	0.0
202508	230L30100	68	社内金利（固定資産）	1235312.0	1235312.0	1235461.0	3.8	100.0	100.0
202508	230L30100	69	社内金利（売掛金）	0.0	0.0	0.0	0.0	0.0	0.0
202508	230L30100	70	グループ共通	375300.0	375300.0	375300.0	1.1	100.0	100.0
202508	230L30100	71	差引収益	10832216.0	9539113.0	12249903.0	38.2	128.4	113.0
202508	230L30100	72	差引比率	35.5	30.9	38.2		123.6	107.6
202508	230L30100	73	総時間	6556.75	6599.75	6859.25		103.9	104.6
202508	230L30100	74	定時間	6193.0	6140.0	6356.5		103.5	102.6
202508	230L30100	75	残業時間	433.75	483.75	531.5		109.8	122.5
202508	230L30100	76	移動時間	-70.0	-24.0	-28.75		0.0	0.0
202508	230L30100	77	当月時間当り	1652.0	1445.3	1785.8		123.5	108.0
202508	230L30100	78	人員	74.0	74.0	75.0		101.3	101.3
202509	230L30100	1	総受注高	0.0	0.0	0.0		0.0	0.0
202509	230L30100	2	総売上高	22200000.0	29880900.0	34453715.0		115.3	155.1
202509	230L30100	3	売上高	0.0	0.0	0.0	0.0	0.0	0.0
202509	230L30100	4	グループ売上高	0.0	0.0	0.0	0.0	0.0	0.0
202509	230L30100	5	社内売上高	22200000.0	29880900.0	34453715.0	100.0	115.3	155.1
202509	230L30100	7	販売奨励金	0.0	0.0	0.0	0.0	0.0	0.0
202509	230L30100	8	売上原価	0.0	0.0	0.0	0.0	0.0	0.0
202509	230L30100	9	仕入高	0.0	0.0	0.0	0.0	0.0	0.0
202509	230L30100	10	グループ仕入高	0.0	0.0	0.0	0.0	0.0	0.0
202509	230L30100	11	社内仕入高	0.0	0.0	0.0	0.0	0.0	0.0
202509	230L30100	12	荷造運搬費	0.0	0.0	0.0	0.0	0.0	0.0
202509	230L30100	13	販売手数料	0.0	0.0	0.0	0.0	0.0	0.0
202509	230L30100	14	総収益	22200000.0	29880900.0	34453715.0	100.0	115.3	155.1
202509	230L30100	15	経費合計	22649058.0	25019228.0	25424050.0	73.7	101.6	112.2
202509	230L30100	16	経費合計（原価）	17791659.0	21356659.0	21759037.0	63.1	101.8	122.2
202509	230L30100	17	種苗費*	5100000.0	5040000.0	5017644.0	14.5	99.5	98.3
202509	230L30100	18	肥料費*	1932000.0	1951000.0	1794836.0	5.2	91.9	92.9
202509	230L30100	19	培土費用*	0.0	83000.0	82952.0	0.2	99.9	0.0
202509	230L30100	20	農薬衛生費*	899000.0	837000.0	934934.0	2.7	111.7	103.9
202509	230L30100	21	農具費*	20000.0	90000.0	210298.0	0.6	233.6	
202509	230L30100	22	諸材料費*	3119000.0	7100000.0	7343511.0	21.3	103.4	235.4
202509	230L30100	23	その他仕入高*	0.0	0.0	0.0	0.0	0.0	0.0
202509	230L30100	24	減価償却費*	1944429.0	1944429.0	1944429.0	5.6	100.0	100.0
202509	230L30100	25	車両費*	0.0	0.0	0.0	0.0	0.0	0.0
202509	230L30100	26	水道光熱費*	180000.0	169000.0	168192.0	0.4	99.5	93.4
202509	230L30100	27	動力費*	1880000.0	1914000.0	1913210.0	5.5	99.9	101.7
202509	230L30100	28	燃料費*	0.0	0.0	0.0	0.0	0.0	0.0
202509	230L30100	29	賃借料*	1248230.0	1248230.0	1248230.0	3.6	100.0	100.0
202509	230L30100	30	修繕費*	1340000.0	644000.0	654110.0	1.8	101.5	48.8
202509	230L30100	31	診断料*	0.0	0.0	0.0	0.0	0.0	0.0
202509	230L30100	32	租税公課*	0.0	0.0	0.0	0.0	0.0	0.0
202509	230L30100	33	業務委託費*	0.0	0.0	0.0	0.0	0.0	0.0
202509	230L30100	34	雑費*	81000.0	81000.0	81000.0	0.2	100.0	100.0
202509	230L30100	35	雑給*	48000.0	255000.0	365691.0	1.0	143.4	761.8
202509	230L30100	36	経費合計（販管費）	4857399.0	3662569.0	3665013.0	10.6	100.0	75.4
202509	230L30100	37	減価償却費	1000830.0	1019172.0	1017827.0	2.9	99.8	101.6
202509	230L30100	38	車両費	80000.0	80000.0	76000.0	0.2	95.0	95.0
202509	230L30100	39	旅費交通費	30000.0	10000.0	-3182.0	0.0	0.0	0.0
202509	230L30100	40	通信費	41635.0	95035.0	81693.0	0.2	85.9	196.2
202509	230L30100	41	水道光熱費	190000.0	205672.0	205672.0	0.5	100.0	108.2
202509	230L30100	42	事務用品費	30000.0	30000.0	17252.0	0.0	57.5	57.5
202509	230L30100	43	消耗品費	58000.0	78000.0	75216.0	0.2	96.4	129.6
202509	230L30100	44	廃棄物処理料	1541000.0	258000.0	294485.0	0.8	114.1	19.1
202509	230L30100	45	広告宣伝費	0.0	0.0	0.0	0.0	0.0	0.0
202509	230L30100	46	接待交際費	0.0	0.0	0.0	0.0	0.0	0.0
202509	230L30100	47	賃借料	64000.0	19000.0	18727.0	0.0	98.5	29.2
202509	230L30100	48	賃貸料収入	-116000.0	-96000.0	-95500.0	0.0	0.0	0.0
202509	230L30100	49	修繕費	17000.0	17000.0	0.0	0.0	0.0	0.0
202509	230L30100	50	支払リース料	12400.0	11400.0	11400.0	0.0	100.0	91.9
202509	230L30100	51	保険料	114988.0	114988.0	115181.0	0.3	100.1	100.1
202509	230L30100	52	支払報酬	0.0	0.0	0.0	0.0	0.0	0.0
202509	230L30100	53	支払手数料	77000.0	79000.0	74050.0	0.2	93.7	96.1
202509	230L30100	54	診断料	25000.0	51000.0	54500.0	0.1	106.8	218.0
202509	230L30100	55	諸会費	0.0	0.0	0.0	0.0	0.0	0.0
202509	230L30100	56	会議費	0.0	0.0	0.0	0.0	0.0	0.0
202509	230L30100	57	寄付金	0.0	0.0	0.0	0.0	0.0	0.0
202509	230L30100	58	租税公課	0.0	0.0	67.0	0.0	0.0	0.0
202509	230L30100	59	業務委託費	0.0	0.0	0.0	0.0	0.0	0.0
202509	230L30100	60	業務受託収入	-40000.0	-40000.0	-76001.0	0.0	0.0	0.0
202509	230L30100	61	情報機器利用料	109660.0	109660.0	109660.0	0.3	100.0	100.0
202509	230L30100	62	貸倒金	0.0	0.0	0.0	0.0	0.0	0.0
202509	230L30100	63	雑費	6000.0	6000.0	6038.0	0.0	100.6	100.6
202509	230L30100	64	福利消耗品費	10000.0	5000.0	4330.0	0.0	86.6	43.3
202509	230L30100	65	教育研修費	10000.0	10000.0	77800.0	0.2	778.0	778.0
202509	230L30100	66	廃棄損	0.0	0.0	0.0	0.0	0.0	0.0
202509	230L30100	67	雑給	0.0	0.0	0.0	0.0	0.0	0.0
202509	230L30100	68	社内金利（固定資産）	1220586.0	1224342.0	1224498.0	3.5	100.0	100.3
202509	230L30100	69	社内金利（売掛金）	0.0	0.0	0.0	0.0	0.0	0.0
202509	230L30100	70	グループ共通	375300.0	375300.0	375300.0	1.0	100.0	100.0
202509	230L30100	71	差引収益	-449058.0	4861672.0	9029665.0	26.2	185.7	0.0
202509	230L30100	72	差引比率	-2.0	16.2	26.2		161.7	0.0
202509	230L30100	73	総時間	7318.25	7806.0	7711.25		98.7	105.3
202509	230L30100	74	定時間	7052.0	7318.0	7194.0		98.3	102.0
202509	230L30100	75	残業時間	266.25	488.0	521.25		106.8	195.7
202509	230L30100	76	移動時間	0.0	0.0	-4.0		0.0	0.0
202509	230L30100	77	当月時間当り	-61.3	622.8	1170.9		188.0	0.0
202509	230L30100	78	人員	74.0	74.0	75.0		101.3	101.3
202510	230L30100	1	総受注高	0.0	0.0	0.0		0.0	0.0
202510	230L30100	2	総売上高	21000000.0	22615168.0	26688560.0		118.0	127.0
202510	230L30100	3	売上高	0.0	0.0	0.0	0.0	0.0	0.0
202510	230L30100	4	グループ売上高	0.0	0.0	0.0	0.0	0.0	0.0
202510	230L30100	5	社内売上高	21000000.0	22615168.0	26688560.0	100.0	118.0	127.0
202510	230L30100	7	販売奨励金	0.0	0.0	0.0	0.0	0.0	0.0
202510	230L30100	8	売上原価	0.0	0.0	0.0	0.0	0.0	0.0
202510	230L30100	9	仕入高	0.0	0.0	0.0	0.0	0.0	0.0
202510	230L30100	10	グループ仕入高	0.0	0.0	0.0	0.0	0.0	0.0
202510	230L30100	11	社内仕入高	0.0	0.0	0.0	0.0	0.0	0.0
202510	230L30100	12	荷造運搬費	0.0	0.0	0.0	0.0	0.0	0.0
202510	230L30100	13	販売手数料	0.0	0.0	0.0	0.0	0.0	0.0
202510	230L30100	14	総収益	21000000.0	22615168.0	26688560.0	100.0	118.0	127.0
202510	230L30100	15	経費合計	16879244.0	19468473.0	18656261.0	69.9	95.8	110.5
202510	230L30100	16	経費合計（原価）	12915659.0	15661659.0	15006469.0	56.2	95.8	116.1
202510	230L30100	17	種苗費*	0.0	0.0	0.0	0.0	0.0	0.0
202510	230L30100	18	肥料費*	1841000.0	1958000.0	1745049.0	6.5	89.1	94.7
202510	230L30100	19	培土費用*	0.0	0.0	0.0	0.0	0.0	0.0
202510	230L30100	20	農薬衛生費*	609000.0	681000.0	857619.0	3.2	125.9	140.8
202510	230L30100	21	農具費*	62000.0	301000.0	213159.0	0.7	70.8	343.8
202510	230L30100	22	諸材料費*	2008000.0	4549000.0	4834618.0	18.1	106.2	240.7
202510	230L30100	23	その他仕入高*	0.0	0.0	0.0	0.0	0.0	0.0
202510	230L30100	24	減価償却費*	1944429.0	1944429.0	1944429.0	7.2	100.0	100.0
202510	230L30100	25	車両費*	0.0	0.0	0.0	0.0	0.0	0.0
202510	230L30100	26	水道光熱費*	174000.0	170000.0	161280.0	0.6	94.8	92.6
202510	230L30100	27	動力費*	1880000.0	1865000.0	1864210.0	6.9	99.9	99.1
202510	230L30100	28	燃料費*	760000.0	380000.0	368400.0	1.3	96.9	48.4
202510	230L30100	29	賃借料*	1248230.0	1248230.0	1248230.0	4.6	100.0	100.0
202510	230L30100	30	修繕費*	460000.0	60000.0	25000.0	0.0	41.6	5.4
202510	230L30100	31	診断料*	0.0	0.0	0.0	0.0	0.0	0.0
202510	230L30100	32	租税公課*	0.0	0.0	0.0	0.0	0.0	0.0
202510	230L30100	33	業務委託費*	0.0	0.0	0.0	0.0	0.0	0.0
202510	230L30100	34	雑費*	1881000.0	2384000.0	1656600.0	6.2	69.4	88.0
202510	230L30100	35	雑給*	48000.0	121000.0	87875.0	0.3	72.6	183.0
202510	230L30100	36	経費合計（販管費）	3963585.0	3806814.0	3649792.0	13.6	95.8	92.0
202510	230L30100	37	減価償却費	1000830.0	1081615.0	1079078.0	4.0	99.7	107.8
202510	230L30100	38	車両費	76000.0	76000.0	76000.0	0.2	100.0	100.0
202510	230L30100	39	旅費交通費	20000.0	10000.0	0.0	0.0	0.0	0.0
202510	230L30100	40	通信費	41635.0	43437.0	44261.0	0.1	101.8	106.3
202510	230L30100	41	水道光熱費	210000.0	221340.0	220352.0	0.8	99.5	104.9
202510	230L30100	42	事務用品費	30000.0	30000.0	14728.0	0.0	49.0	49.0
202510	230L30100	43	消耗品費	75000.0	55000.0	53357.0	0.1	97.0	71.1
202510	230L30100	44	廃棄物処理料	332000.0	332000.0	280560.0	1.0	84.5	84.5
202510	230L30100	45	広告宣伝費	28000.0	13000.0	12200.0	0.0	93.8	43.5
202510	230L30100	46	接待交際費	0.0	0.0	0.0	0.0	0.0	0.0
202510	230L30100	47	賃借料	64000.0	19000.0	18727.0	0.0	98.5	29.2
202510	230L30100	48	賃貸料収入	-116000.0	-96000.0	-95500.0	0.0	0.0	0.0
202510	230L30100	49	修繕費	17000.0	17000.0	0.0	0.0	0.0	0.0
202510	230L30100	50	支払リース料	12400.0	11400.0	11400.0	0.0	100.0	91.9
202510	230L30100	51	保険料	229900.0	32000.0	32496.0	0.1	101.5	14.1
202510	230L30100	52	支払報酬	0.0	0.0	0.0	0.0	0.0	0.0
202510	230L30100	53	支払手数料	245000.0	247000.0	246550.0	0.9	99.8	100.6
202510	230L30100	54	診断料	30000.0	30000.0	30000.0	0.1	100.0	100.0
202510	230L30100	55	諸会費	0.0	0.0	0.0	0.0	0.0	0.0
202510	230L30100	56	会議費	0.0	0.0	0.0	0.0	0.0	0.0
202510	230L30100	57	寄付金	0.0	0.0	0.0	0.0	0.0	0.0
202510	230L30100	58	租税公課	0.0	0.0	0.0	0.0	0.0	0.0
202510	230L30100	59	業務委託費	0.0	0.0	0.0	0.0	0.0	0.0
202510	230L30100	60	業務受託収入	-40000.0	-40000.0	-119004.0	0.0	0.0	0.0
202510	230L30100	61	情報機器利用料	109660.0	109660.0	109660.0	0.4	100.0	100.0
202510	230L30100	62	貸倒金	0.0	0.0	0.0	0.0	0.0	0.0
202510	230L30100	63	雑費	6000.0	6000.0	5540.0	0.0	92.3	92.3
202510	230L30100	64	福利消耗品費	1000.0	1000.0	198.0	0.0	19.8	19.8
202510	230L30100	65	教育研修費	10000.0	10000.0	31659.0	0.1	316.5	316.5
202510	230L30100	66	廃棄損	0.0	0.0	0.0	0.0	0.0	0.0
202510	230L30100	67	雑給	0.0	0.0	0.0	0.0	0.0	0.0
202510	230L30100	68	社内金利（固定資産）	1205860.0	1222062.0	1222230.0	4.5	100.0	101.3
202510	230L30100	69	社内金利（売掛金）	0.0	0.0	0.0	0.0	0.0	0.0
202510	230L30100	70	グループ共通	375300.0	375300.0	375300.0	1.4	100.0	100.0
202510	230L30100	71	差引収益	4120756.0	3146695.0	8032299.0	30.0	255.2	194.9
202510	230L30100	72	差引比率	19.6	13.9	30.0		215.8	153.0
202510	230L30100	73	総時間	6712.75	7469.0	6976.5		93.4	103.9
202510	230L30100	74	定時間	6598.0	7148.0	6726.0		94.0	101.9
202510	230L30100	75	残業時間	114.75	325.0	258.5		79.5	225.2
202510	230L30100	76	移動時間	0.0	-4.0	-8.0		0.0	0.0
202510	230L30100	77	当月時間当り	613.8	421.3	1151.3		273.2	187.5
202510	230L30100	78	人員	74.0	74.0	74.0		100.0	100.0
202511	230L30100	1	総受注高	0.0	0.0	0.0		0.0	0.0
202511	230L30100	2	総売上高	42900000.0	39854549.0	37612511.0		94.3	87.6
202511	230L30100	3	売上高	0.0	0.0	0.0	0.0	0.0	0.0
202511	230L30100	4	グループ売上高	0.0	0.0	0.0	0.0	0.0	0.0
202511	230L30100	5	社内売上高	42900000.0	39854549.0	37612511.0	100.0	94.3	87.6
202511	230L30100	7	販売奨励金	0.0	0.0	0.0	0.0	0.0	0.0
202511	230L30100	8	売上原価	0.0	0.0	0.0	0.0	0.0	0.0
202511	230L30100	9	仕入高	0.0	0.0	0.0	0.0	0.0	0.0
202511	230L30100	10	グループ仕入高	0.0	0.0	0.0	0.0	0.0	0.0
202511	230L30100	11	社内仕入高	0.0	0.0	0.0	0.0	0.0	0.0
202511	230L30100	12	荷造運搬費	0.0	0.0	0.0	0.0	0.0	0.0
202511	230L30100	13	販売手数料	0.0	0.0	0.0	0.0	0.0	0.0
202511	230L30100	14	総収益	42900000.0	39854549.0	37612511.0	100.0	94.3	87.6
202511	230L30100	15	経費合計	22057498.0	20227609.0	17926954.0	47.6	88.6	81.2
202511	230L30100	16	経費合計（原価）	17292659.0	15967659.0	14422723.0	38.3	90.3	83.4
202511	230L30100	17	種苗費*	0.0	0.0	0.0	0.0	0.0	0.0
202511	230L30100	18	肥料費*	1727000.0	1797000.0	1398496.0	3.7	77.8	80.9
202511	230L30100	19	培土費用*	0.0	0.0	0.0	0.0	0.0	0.0
202511	230L30100	20	農薬衛生費*	908000.0	943000.0	885030.0	2.3	93.8	97.4
202511	230L30100	21	農具費*	86000.0	165000.0	176868.0	0.4	107.1	205.6
202511	230L30100	22	諸材料費*	5506000.0	4530000.0	4620485.0	12.2	101.9	83.9
202511	230L30100	23	その他仕入高*	0.0	0.0	0.0	0.0	0.0	0.0
202511	230L30100	24	減価償却費*	1944429.0	1944429.0	1944429.0	5.1	100.0	100.0
202511	230L30100	25	車両費*	0.0	0.0	0.0	0.0	0.0	0.0
202511	230L30100	26	水道光熱費*	167000.0	170000.0	166656.0	0.4	98.0	99.7
202511	230L30100	27	動力費*	1780000.0	1387000.0	1386521.0	3.6	99.9	77.8
202511	230L30100	28	燃料費*	3040000.0	3136000.0	2248440.0	5.9	71.6	73.9
202511	230L30100	29	賃借料*	1248230.0	1248230.0	1248230.0	3.3	100.0	100.0
202511	230L30100	30	修繕費*	610000.0	285000.0	172685.0	0.4	60.5	28.3
202511	230L30100	31	診断料*	0.0	0.0	0.0	0.0	0.0	0.0
202511	230L30100	32	租税公課*	0.0	0.0	0.0	0.0	0.0	0.0
202511	230L30100	33	業務委託費*	0.0	0.0	0.0	0.0	0.0	0.0
202511	230L30100	34	雑費*	81000.0	81000.0	81000.0	0.2	100.0	100.0
202511	230L30100	35	雑給*	195000.0	281000.0	93883.0	0.2	33.4	48.1
202511	230L30100	36	経費合計（販管費）	4764839.0	4259950.0	3504231.0	9.3	82.2	73.5
202511	230L30100	37	減価償却費	1063273.0	1081615.0	1079078.0	2.8	99.7	101.4
202511	230L30100	38	車両費	76000.0	76000.0	76000.0	0.2	100.0	100.0
202511	230L30100	39	旅費交通費	10000.0	85000.0	91075.0	0.2	107.1	910.7
202511	230L30100	40	通信費	41635.0	45637.0	46101.0	0.1	101.0	110.7
202511	230L30100	41	水道光熱費	190000.0	151406.0	151406.0	0.4	100.0	79.6
202511	230L30100	42	事務用品費	30000.0	30000.0	8311.0	0.0	27.7	27.7
202511	230L30100	43	消耗品費	55000.0	55000.0	30926.0	0.0	56.2	56.2
202511	230L30100	44	廃棄物処理料	402000.0	402000.0	196611.0	0.5	48.9	48.9
202511	230L30100	45	広告宣伝費	0.0	0.0	0.0	0.0	0.0	0.0
202511	230L30100	46	接待交際費	0.0	0.0	0.0	0.0	0.0	0.0
202511	230L30100	47	賃借料	64000.0	19000.0	18727.0	0.0	98.5	29.2
202511	230L30100	48	賃貸料収入	-116000.0	-96000.0	-95500.0	0.0	0.0	0.0
202511	230L30100	49	修繕費	267000.0	367000.0	8500.0	0.0	2.3	3.1
202511	230L30100	50	支払リース料	12400.0	11400.0	11400.0	0.0	100.0	91.9
202511	230L30100	51	保険料	229900.0	32000.0	32496.0	0.0	101.5	14.1
202511	230L30100	52	支払報酬	0.0	0.0	0.0	0.0	0.0	0.0
202511	230L30100	53	支払手数料	740000.0	264000.0	247450.0	0.6	93.7	33.4
202511	230L30100	54	診断料	35000.0	68000.0	63855.0	0.1	93.9	182.4
202511	230L30100	55	諸会費	0.0	0.0	0.0	0.0	0.0	0.0
202511	230L30100	56	会議費	0.0	0.0	0.0	0.0	0.0	0.0
202511	230L30100	57	寄付金	0.0	0.0	0.0	0.0	0.0	0.0
202511	230L30100	58	租税公課	0.0	0.0	0.0	0.0	0.0	0.0
202511	230L30100	59	業務委託費	0.0	0.0	0.0	0.0	0.0	0.0
202511	230L30100	60	業務受託収入	-40000.0	-40000.0	-159819.0	0.0	0.0	0.0
202511	230L30100	61	情報機器利用料	109660.0	109660.0	109660.0	0.2	100.0	100.0
202511	230L30100	62	貸倒金	0.0	0.0	0.0	0.0	0.0	0.0
202511	230L30100	63	雑費	6000.0	6000.0	5541.0	0.0	92.3	92.3
202511	230L30100	64	福利消耗品費	0.0	0.0	0.0	0.0	0.0	0.0
202511	230L30100	65	教育研修費	10000.0	10000.0	0.0	0.0	0.0	0.0
202511	230L30100	66	廃棄損	0.0	0.0	0.0	0.0	0.0	0.0
202511	230L30100	67	雑給	0.0	0.0	0.0	0.0	0.0	0.0
202511	230L30100	68	社内金利（固定資産）	1203671.0	1206932.0	1207113.0	3.2	100.0	100.2
202511	230L30100	69	社内金利（売掛金）	0.0	0.0	0.0	0.0	0.0	0.0
202511	230L30100	70	グループ共通	375300.0	375300.0	375300.0	0.9	100.0	100.0
202511	230L30100	71	差引収益	20842502.0	19626940.0	19685557.0	52.3	100.2	94.4
202511	230L30100	72	差引比率	48.5	49.2	52.3		106.3	107.8
202511	230L30100	73	総時間	7035.0	6586.0	6352.25		96.4	90.2
202511	230L30100	74	定時間	6660.0	6235.0	6102.5		97.8	91.6
202511	230L30100	75	残業時間	375.0	351.0	249.75		71.1	66.6
202511	230L30100	76	移動時間	0.0	0.0	0.0		0.0	0.0
202511	230L30100	77	当月時間当り	2962.6	2980.1	3098.9		103.9	104.6
202511	230L30100	78	人員	74.0	74.0	74.0		100.0	100.0
202204	230L10100	1	総受注高	67200000.0	65354000.0	65714918.0		100.5	97.7
202204	230L10100	2	総売上高	67200000.0	65354000.0	65714918.0		100.5	97.7
202204	230L10100	3	売上高	67640000.0	65800000.0	66097709.0	100.5	100.4	97.7
202204	230L10100	4	グループ売上高	0.0	0.0	0.0	0.0	0.0	0.0
202204	230L10100	5	社内売上高	29300000.0	26124000.0	24134855.0	36.7	92.3	82.3
202204	230L10100	7	販売奨励金	-440000.0	-446000.0	-382791.0	0.0	0.0	0.0
202204	230L10100	8	売上原価	34460000.0	35516030.0	37279240.0	56.7	104.9	108.1
202204	230L10100	9	仕入高	10366350.0	10167000.0	10227809.0	15.5	100.5	98.6
202204	230L10100	10	グループ仕入高	18585250.0	20165910.0	22163327.0	33.7	109.9	119.2
202204	230L10100	11	社内仕入高	29300000.0	26124000.0	24134855.0	36.7	92.3	82.3
202204	230L10100	12	荷造運搬費	4148160.0	3902120.0	3936905.0	5.9	100.8	94.9
202204	230L10100	13	販売手数料	1360240.0	1281000.0	951199.0	1.4	74.2	69.9
202204	230L10100	14	総収益	32740000.0	29837970.0	28435678.0	43.2	95.3	86.8
202204	230L10100	15	経費合計	23220135.0	23185135.0	23180012.0	35.2	99.9	99.8
202204	230L10100	16	経費合計（原価）	17161000.0	17275000.0	17788019.0	27.0	102.9	103.6
202204	230L10100	17	種苗費*	2831000.0	2831000.0	2830230.0	4.3	99.9	99.9
202204	230L10100	18	肥料費*	655000.0	895000.0	838824.0	1.2	93.7	128.0
202204	230L10100	19	培土費用*	0.0	0.0	0.0	0.0	0.0	0.0
202204	230L10100	20	農薬衛生費*	660000.0	709000.0	383110.0	0.5	54.0	58.0
202204	230L10100	21	農具費*	186000.0	679000.0	568016.0	0.8	83.6	305.3
202204	230L10100	22	諸材料費*	4451000.0	4570000.0	5076603.0	7.7	111.0	114.0
202204	230L10100	23	その他仕入高*	0.0	0.0	-2454.0	0.0	0.0	0.0
202204	230L10100	24	減価償却費*	3962000.0	3962000.0	3961097.0	6.0	99.9	99.9
202204	230L10100	25	車両費*	0.0	0.0	0.0	0.0	0.0	0.0
202204	230L10100	26	水道光熱費*	140000.0	140000.0	166976.0	0.2	119.2	119.2
202204	230L10100	27	動力費*	1035000.0	935000.0	1373237.0	2.0	146.8	132.6
202204	230L10100	28	燃料費*	1725000.0	900000.0	1052400.0	1.6	116.9	61.0
202204	230L10100	29	賃借料*	1249000.0	1249000.0	1248241.0	1.8	99.9	99.9
202204	230L10100	30	修繕費*	30000.0	170000.0	192060.0	0.2	112.9	640.2
202204	230L10100	31	診断料*	189000.0	187000.0	53092.0	0.0	28.3	28.0
202204	230L10100	32	租税公課*	0.0	0.0	0.0	0.0	0.0	0.0
202204	230L10100	33	業務委託費*	0.0	0.0	0.0	0.0	0.0	0.0
202204	230L10100	34	雑費*	0.0	0.0	0.0	0.0	0.0	0.0
202204	230L10100	35	雑給*	48000.0	48000.0	46587.0	0.0	97.0	97.0
202204	230L10100	36	経費合計（販管費）	6059135.0	5910135.0	5391993.0	8.2	91.2	88.9
202204	230L10100	37	減価償却費	841488.0	841488.0	841488.0	1.2	100.0	100.0
202204	230L10100	38	車両費	460030.0	457030.0	437687.0	0.6	95.7	95.1
202204	230L10100	39	旅費交通費	40000.0	40000.0	33955.0	0.0	84.8	84.8
202204	230L10100	40	通信費	57418.0	55418.0	64405.0	0.0	116.2	112.1
202204	230L10100	41	水道光熱費	120000.0	120000.0	158277.0	0.2	131.8	131.8
202204	230L10100	42	事務用品費	35000.0	35000.0	38985.0	0.0	111.3	111.3
202204	230L10100	43	消耗品費	85000.0	71000.0	37070.0	0.0	52.2	43.6
202204	230L10100	44	廃棄物処理料	264000.0	264000.0	200773.0	0.3	76.0	76.0
202204	230L10100	45	広告宣伝費	23892.0	23892.0	6053.0	0.0	25.3	25.3
202204	230L10100	46	接待交際費	30000.0	0.0	0.0	0.0	0.0	0.0
202204	230L10100	47	賃借料	126500.0	126500.0	126000.0	0.1	99.6	99.6
202204	230L10100	48	賃貸料収入	-101000.0	-101000.0	-91000.0	0.0	0.0	0.0
202204	230L10100	49	修繕費	0.0	0.0	0.0	0.0	0.0	0.0
202204	230L10100	50	支払リース料	4375.0	4375.0	4375.0	0.0	100.0	100.0
202204	230L10100	51	保険料	205390.0	205390.0	196380.0	0.2	95.6	95.6
202204	230L10100	52	支払報酬	0.0	0.0	0.0	0.0	0.0	0.0
202204	230L10100	53	支払手数料	759000.0	759000.0	756333.0	1.1	99.6	99.6
202204	230L10100	54	診断料	0.0	0.0	0.0	0.0	0.0	0.0
202204	230L10100	55	諸会費	0.0	0.0	500.0	0.0	0.0	0.0
202204	230L10100	56	会議費	5000.0	5000.0	6423.0	0.0	128.4	128.4
202204	230L10100	57	寄付金	0.0	0.0	0.0	0.0	0.0	0.0
202204	230L10100	58	租税公課	0.0	0.0	8200.0	0.0	0.0	0.0
202204	230L10100	59	業務委託費	40000.0	40000.0	40000.0	0.0	100.0	100.0
202204	230L10100	60	業務受託収入	0.0	0.0	-409091.0	0.0	0.0	0.0
202204	230L10100	61	情報機器利用料	160800.0	160800.0	146480.0	0.2	91.0	91.0
202204	230L10100	62	貸倒金	0.0	0.0	0.0	0.0	0.0	0.0
202204	230L10100	63	雑費	159000.0	59000.0	45459.0	0.0	77.0	28.5
202204	230L10100	64	福利消耗品費	0.0	0.0	0.0	0.0	0.0	0.0
202204	230L10100	65	教育研修費	0.0	0.0	0.0	0.0	0.0	0.0
202204	230L10100	66	廃棄損	0.0	0.0	0.0	0.0	0.0	0.0
202204	230L10100	67	雑給	0.0	0.0	0.0	0.0	0.0	0.0
202204	230L10100	68	社内金利（固定資産）	2052242.0	2052242.0	2052241.0	3.1	99.9	99.9
202204	230L10100	69	社内金利（売掛金）	0.0	0.0	0.0	0.0	0.0	0.0
202204	230L10100	70	グループ共通	691000.0	691000.0	691000.0	1.0	100.0	100.0
202204	230L10100	71	差引収益	9519865.0	6652835.0	5255666.0	7.9	78.9	55.2
202204	230L10100	72	差引比率	14.1	10.1	7.9		78.2	56.0
202204	230L10100	73	総時間	7523.0	7523.0	7175.5		95.3	95.3
202204	230L10100	74	定時間	7280.0	7280.0	7011.0		96.3	96.3
202204	230L10100	75	残業時間	211.0	211.0	164.5		77.9	77.9
202204	230L10100	76	移動時間	32.0	32.0	0.0		0.0	0.0
202204	230L10100	77	当月時間当り	1265.4	884.3	732.4		82.8	57.8
202204	230L10100	78	人員	69.0	69.0	68.0		98.5	98.5
202205	230L10100	1	総受注高	74570000.0	65230000.0	62026088.0		95.0	83.1
202205	230L10100	2	総売上高	74570000.0	65230000.0	62026088.0		95.0	83.1
202205	230L10100	3	売上高	75000000.0	65650000.0	62443641.0	100.6	95.1	83.2
202205	230L10100	4	グループ売上高	0.0	0.0	0.0	0.0	0.0	0.0
202205	230L10100	5	社内売上高	29500000.0	25659000.0	23368372.0	37.6	91.0	79.2
202205	230L10100	7	販売奨励金	-430000.0	-420000.0	-417553.0	0.0	0.0	0.0
202205	230L10100	8	売上原価	40970000.0	36443500.0	35779238.0	57.6	98.1	87.3
202205	230L10100	9	仕入高	10196250.0	10080000.0	10279406.0	16.5	101.9	100.8
202205	230L10100	10	グループ仕入高	24724800.0	20748500.0	19910471.0	32.1	95.9	80.5
202205	230L10100	11	社内仕入高	29500000.0	25659000.0	23368372.0	37.6	91.0	79.2
202205	230L10100	12	荷造運搬費	4687310.0	4205000.0	4171692.0	6.7	99.2	88.9
202205	230L10100	13	販売手数料	1361640.0	1410000.0	1417669.0	2.2	100.5	104.1
202205	230L10100	14	総収益	33600000.0	28786500.0	26246850.0	42.3	91.1	78.1
202205	230L10100	15	経費合計	29412122.0	26609152.0	25185019.0	40.6	94.6	85.6
202205	230L10100	16	経費合計（原価）	15276000.0	12332000.0	10752644.0	17.3	87.1	70.3
202205	230L10100	17	種苗費*	0.0	0.0	0.0	0.0	0.0	0.0
202205	230L10100	18	肥料費*	655000.0	1215000.0	1081118.0	1.7	88.9	165.0
202205	230L10100	19	培土費用*	0.0	0.0	0.0	0.0	0.0	0.0
202205	230L10100	20	農薬衛生費*	498000.0	478000.0	358059.0	0.5	74.9	71.8
202205	230L10100	21	農具費*	182000.0	151000.0	170212.0	0.2	112.7	93.5
202205	230L10100	22	諸材料費*	5172000.0	2089000.0	1810417.0	2.9	86.6	35.0
202205	230L10100	23	その他仕入高*	0.0	0.0	-11260.0	0.0	0.0	0.0
202205	230L10100	24	減価償却費*	3962000.0	3962000.0	3961097.0	6.3	99.9	99.9
202205	230L10100	25	車両費*	0.0	0.0	0.0	0.0	0.0	0.0
202205	230L10100	26	水道光熱費*	170000.0	170000.0	169216.0	0.2	99.5	99.5
202205	230L10100	27	動力費*	930000.0	920000.0	1153814.0	1.8	125.4	124.0
202205	230L10100	28	燃料費*	863000.0	453000.0	614250.0	0.9	135.5	71.1
202205	230L10100	29	賃借料*	1249000.0	1249000.0	1248230.0	2.0	99.9	99.9
202205	230L10100	30	修繕費*	200000.0	30000.0	0.0	0.0	0.0	0.0
202205	230L10100	31	診断料*	15000.0	133000.0	142000.0	0.2	106.7	946.6
202205	230L10100	32	租税公課*	0.0	0.0	0.0	0.0	0.0	0.0
202205	230L10100	33	業務委託費*	0.0	0.0	0.0	0.0	0.0	0.0
202205	230L10100	34	雑費*	1000000.0	1422000.0	0.0	0.0	0.0	0.0
202205	230L10100	35	雑給*	380000.0	60000.0	55491.0	0.0	92.4	14.6
202205	230L10100	36	経費合計（販管費）	14136122.0	14277152.0	14432375.0	23.2	101.0	102.0
202205	230L10100	37	減価償却費	841488.0	841488.0	841488.0	1.3	100.0	100.0
202205	230L10100	38	車両費	507030.0	502030.0	503297.0	0.8	100.2	99.2
202205	230L10100	39	旅費交通費	30000.0	40000.0	73299.0	0.1	183.2	244.3
202205	230L10100	40	通信費	57418.0	65418.0	59185.0	0.0	90.4	103.0
202205	230L10100	41	水道光熱費	90000.0	90000.0	118976.0	0.1	132.1	132.1
202205	230L10100	42	事務用品費	35000.0	109000.0	88211.0	0.1	80.9	252.0
202205	230L10100	43	消耗品費	81000.0	246000.0	242624.0	0.3	98.6	299.5
202205	230L10100	44	廃棄物処理料	363000.0	296000.0	317864.0	0.5	107.3	87.5
202205	230L10100	45	広告宣伝費	9802.0	9802.0	728.0	0.0	7.4	7.4
202205	230L10100	46	接待交際費	0.0	0.0	12724.0	0.0	0.0	0.0
202205	230L10100	47	賃借料	126500.0	126500.0	126000.0	0.2	99.6	99.6
202205	230L10100	48	賃貸料収入	-101000.0	-110300.0	-101000.0	0.0	0.0	0.0
202205	230L10100	49	修繕費	0.0	20000.0	0.0	0.0	0.0	0.0
202205	230L10100	50	支払リース料	4375.0	4375.0	4375.0	0.0	100.0	100.0
202205	230L10100	51	保険料	161030.0	161030.0	152020.0	0.2	94.4	94.4
202205	230L10100	52	支払報酬	0.0	0.0	0.0	0.0	0.0	0.0
202205	230L10100	53	支払手数料	55000.0	125000.0	128897.0	0.2	103.1	234.3
202205	230L10100	54	診断料	0.0	0.0	0.0	0.0	0.0	0.0
202205	230L10100	55	諸会費	5000.0	5000.0	9000.0	0.0	180.0	180.0
202205	230L10100	56	会議費	5000.0	5000.0	0.0	0.0	0.0	0.0
202205	230L10100	57	寄付金	0.0	0.0	0.0	0.0	0.0	0.0
202205	230L10100	58	租税公課	8126000.0	8126000.0	8315100.0	13.4	102.3	102.3
202205	230L10100	59	業務委託費	40000.0	40000.0	40000.0	0.0	100.0	100.0
202205	230L10100	60	業務受託収入	0.0	-80000.0	-80000.0	0.0	0.0	0.0
202205	230L10100	61	情報機器利用料	160800.0	160800.0	146480.0	0.2	91.0	91.0
202205	230L10100	62	貸倒金	0.0	0.0	0.0	0.0	0.0	0.0
202205	230L10100	63	雑費	735000.0	715000.0	684508.0	1.1	95.7	93.1
202205	230L10100	64	福利消耗品費	84450.0	59780.0	26188.0	0.0	43.8	31.0
202205	230L10100	65	教育研修費	0.0	0.0	3183.0	0.0	0.0	0.0
202205	230L10100	66	廃棄損	0.0	0.0	0.0	0.0	0.0	0.0
202205	230L10100	67	雑給	0.0	0.0	0.0	0.0	0.0	0.0
202205	230L10100	68	社内金利（固定資産）	2028229.0	2028229.0	2028228.0	3.2	99.9	99.9
202205	230L10100	69	社内金利（売掛金）	0.0	0.0	0.0	0.0	0.0	0.0
202205	230L10100	70	グループ共通	691000.0	691000.0	691000.0	1.1	100.0	100.0
202205	230L10100	71	差引収益	4187878.0	2177348.0	1061831.0	1.7	48.7	25.3
202205	230L10100	72	差引比率	5.6	3.3	1.7		51.5	30.3
202205	230L10100	73	総時間	8617.0	8340.0	7741.5		92.8	89.8
202205	230L10100	74	定時間	8036.0	8047.5	7510.25		93.3	93.4
202205	230L10100	75	残業時間	552.0	278.5	226.25		81.2	40.9
202205	230L10100	76	移動時間	29.0	14.0	5.0		35.7	17.2
202205	230L10100	77	当月時間当り	486.0	261.0	137.1		52.5	28.2
202205	230L10100	78	人員	69.0	69.0	69.0		100.0	100.0
202206	230L10100	1	総受注高	80480000.0	72016000.0	73008303.0		101.3	90.7
202206	230L10100	2	総売上高	80480000.0	72016000.0	73008303.0		101.3	90.7
202206	230L10100	3	売上高	80920000.0	72501000.0	73497344.0	100.6	101.3	90.8
202206	230L10100	4	グループ売上高	0.0	0.0	0.0	0.0	0.0	0.0
202206	230L10100	5	社内売上高	35600000.0	30933000.0	32417884.0	44.4	104.8	91.0
202206	230L10100	7	販売奨励金	-440000.0	-485000.0	-489041.0	0.0	0.0	0.0
202206	230L10100	8	売上原価	40450000.0	37767500.0	36672120.0	50.2	97.0	90.6
202206	230L10100	9	仕入高	10025340.0	10000000.0	10871579.0	14.8	108.7	108.4
202206	230L10100	10	グループ仕入高	24038850.0	21547500.0	19926533.0	27.2	92.4	82.8
202206	230L10100	11	社内仕入高	35600000.0	30933000.0	32417884.0	44.4	104.8	91.0
202206	230L10100	12	荷造運搬費	5011820.0	4860000.0	4616517.0	6.3	94.9	92.1
202206	230L10100	13	販売手数料	1373990.0	1360000.0	1257491.0	1.7	92.4	91.5
202206	230L10100	14	総収益	40030000.0	34248500.0	36336183.0	49.7	106.0	90.7
202206	230L10100	15	経費合計	20844109.0	18902839.0	20605721.0	28.2	109.0	98.8
202206	230L10100	16	経費合計（原価）	14915000.0	13545000.0	15130922.0	20.7	111.7	101.4
202206	230L10100	17	種苗費*	0.0	0.0	0.0	0.0	0.0	0.0
202206	230L10100	18	肥料費*	695000.0	1055000.0	1081611.0	1.4	102.5	155.6
202206	230L10100	19	培土費用*	0.0	0.0	0.0	0.0	0.0	0.0
202206	230L10100	20	農薬衛生費*	430000.0	420000.0	369483.0	0.5	87.9	85.9
202206	230L10100	21	農具費*	281000.0	141000.0	29984.0	0.0	21.2	10.6
202206	230L10100	22	諸材料費*	6512000.0	4017000.0	5559200.0	7.6	138.3	85.3
202206	230L10100	23	その他仕入高*	0.0	0.0	0.0	0.0	0.0	0.0
202206	230L10100	24	減価償却費*	3962000.0	3962000.0	3961097.0	5.4	99.9	99.9
202206	230L10100	25	車両費*	0.0	0.0	0.0	0.0	0.0	0.0
202206	230L10100	26	水道光熱費*	170000.0	170000.0	204224.0	0.2	120.1	120.1
202206	230L10100	27	動力費*	830000.0	920000.0	1178546.0	1.6	128.1	141.9
202206	230L10100	28	燃料費*	1000.0	0.0	0.0	0.0	0.0	0.0
202206	230L10100	29	賃借料*	1249000.0	1249000.0	1248230.0	1.7	99.9	99.9
202206	230L10100	30	修繕費*	20000.0	20000.0	0.0	0.0	0.0	0.0
202206	230L10100	31	診断料*	133000.0	25000.0	41056.0	0.0	164.2	30.8
202206	230L10100	32	租税公課*	0.0	0.0	0.0	0.0	0.0	0.0
202206	230L10100	33	業務委託費*	0.0	0.0	0.0	0.0	0.0	0.0
202206	230L10100	34	雑費*	240000.0	1422000.0	1402000.0	1.9	98.5	584.1
202206	230L10100	35	雑給*	392000.0	144000.0	55491.0	0.0	38.5	14.1
202206	230L10100	36	経費合計（販管費）	5929109.0	5357839.0	5474799.0	7.4	102.1	92.3
202206	230L10100	37	減価償却費	841488.0	841488.0	841488.0	1.1	100.0	100.0
202206	230L10100	38	車両費	498030.0	484030.0	467657.0	0.6	96.6	93.9
202206	230L10100	39	旅費交通費	30000.0	50000.0	41783.0	0.0	83.5	139.2
202206	230L10100	40	通信費	57418.0	65000.0	53593.0	0.0	82.4	93.3
202206	230L10100	41	水道光熱費	100000.0	100000.0	147233.0	0.2	147.2	147.2
202206	230L10100	42	事務用品費	105000.0	35000.0	37725.0	0.0	107.7	35.9
202206	230L10100	43	消耗品費	256000.0	61000.0	74126.0	0.1	121.5	28.9
202206	230L10100	44	廃棄物処理料	331000.0	264000.0	264572.0	0.3	100.2	79.9
202206	230L10100	45	広告宣伝費	35252.0	10000.0	1346.0	0.0	13.4	3.8
202206	230L10100	46	接待交際費	0.0	0.0	0.0	0.0	0.0	0.0
202206	230L10100	47	賃借料	126500.0	126500.0	126000.0	0.1	99.6	99.6
202206	230L10100	48	賃貸料収入	-101000.0	-101000.0	-110300.0	0.0	0.0	0.0
202206	230L10100	49	修繕費	0.0	38000.0	158700.0	0.2	417.6	0.0
202206	230L10100	50	支払リース料	4375.0	4375.0	4375.0	0.0	100.0	100.0
202206	230L10100	51	保険料	161030.0	161030.0	152020.0	0.2	94.4	94.4
202206	230L10100	52	支払報酬	345000.0	69400.0	53000.0	0.0	76.3	15.3
202206	230L10100	53	支払手数料	121000.0	55000.0	168558.0	0.2	306.4	139.3
202206	230L10100	54	診断料	0.0	0.0	0.0	0.0	0.0	0.0
202206	230L10100	55	諸会費	5000.0	0.0	0.0	0.0	0.0	0.0
202206	230L10100	56	会議費	5000.0	5000.0	0.0	0.0	0.0	0.0
202206	230L10100	57	寄付金	0.0	0.0	0.0	0.0	0.0	0.0
202206	230L10100	58	租税公課	0.0	0.0	10204.0	0.0	0.0	0.0
202206	230L10100	59	業務委託費	40000.0	40000.0	40000.0	0.0	100.0	100.0
202206	230L10100	60	業務受託収入	0.0	0.0	-60002.0	0.0	0.0	0.0
202206	230L10100	61	情報機器利用料	160800.0	160800.0	146480.0	0.2	91.0	91.0
202206	230L10100	62	貸倒金	0.0	0.0	0.0	0.0	0.0	0.0
202206	230L10100	63	雑費	90000.0	163000.0	153026.0	0.2	93.8	170.0
202206	230L10100	64	福利消耗品費	12000.0	12000.0	0.0	0.0	0.0	0.0
202206	230L10100	65	教育研修費	10000.0	18000.0	8000.0	0.0	44.4	80.0
202206	230L10100	66	廃棄損	0.0	0.0	0.0	0.0	0.0	0.0
202206	230L10100	67	雑給	0.0	0.0	0.0	0.0	0.0	0.0
202206	230L10100	68	社内金利（固定資産）	2004216.0	2004216.0	2004215.0	2.7	99.9	99.9
202206	230L10100	69	社内金利（売掛金）	0.0	0.0	0.0	0.0	0.0	0.0
202206	230L10100	70	グループ共通	691000.0	691000.0	691000.0	0.9	100.0	100.0
202206	230L10100	71	差引収益	19185891.0	15345661.0	15730462.0	21.5	102.5	81.9
202206	230L10100	72	差引比率	23.8	21.3	21.5		100.9	90.3
202206	230L10100	73	総時間	8827.0	8069.0	8450.75		104.7	95.7
202206	230L10100	74	定時間	8356.0	7819.0	7962.25		101.8	95.2
202206	230L10100	75	残業時間	442.0	245.0	483.5		197.3	109.3
202206	230L10100	76	移動時間	29.0	5.0	5.0		100.0	17.2
202206	230L10100	77	当月時間当り	2173.5	1901.8	1861.4		97.8	85.6
202206	230L10100	78	人員	69.0	67.0	68.0		101.4	98.5
202207	230L10100	1	総受注高	57720000.0	62924000.0	57202075.0		90.9	99.1
202207	230L10100	2	総売上高	57720000.0	62924000.0	57202075.0		90.9	99.1
202207	230L10100	3	売上高	58110000.0	63324000.0	57556402.0	100.6	90.8	99.0
202207	230L10100	4	グループ売上高	0.0	0.0	0.0	0.0	0.0	0.0
202207	230L10100	5	社内売上高	28300000.0	36596000.0	31675330.0	55.3	86.5	111.9
202207	230L10100	7	販売奨励金	-390000.0	-400000.0	-354327.0	0.0	0.0	0.0
202207	230L10100	8	売上原価	25700000.0	23621400.0	22311152.0	39.0	94.4	86.8
202207	230L10100	9	仕入高	13730430.0	10237500.0	9782164.0	17.1	95.5	71.2
202207	230L10100	10	グループ仕入高	7448550.0	7811500.0	8382038.0	14.6	107.3	112.5
202207	230L10100	11	社内仕入高	28300000.0	36596000.0	31675330.0	55.3	86.5	111.9
202207	230L10100	12	荷造運搬費	3229780.0	4012400.0	2908881.0	5.0	72.4	90.0
202207	230L10100	13	販売手数料	1291240.0	1560000.0	1238069.0	2.1	79.3	95.8
202207	230L10100	14	総収益	32020000.0	39302600.0	34890923.0	60.9	88.7	108.9
202207	230L10100	15	経費合計	19616096.0	22816386.0	20247123.0	35.3	88.7	103.2
202207	230L10100	16	経費合計（原価）	12979000.0	16866000.0	14631684.0	25.5	86.7	112.7
202207	230L10100	17	種苗費*	0.0	652000.0	651806.0	1.1	99.9	0.0
202207	230L10100	18	肥料費*	495000.0	735000.0	770814.0	1.3	104.8	155.7
202207	230L10100	19	培土費用*	0.0	2153000.0	2147040.0	3.7	99.7	0.0
202207	230L10100	20	農薬衛生費*	250000.0	270000.0	361775.0	0.6	133.9	144.7
202207	230L10100	21	農具費*	277000.0	828000.0	724960.0	1.2	87.5	261.7
202207	230L10100	22	諸材料費*	4617000.0	4637000.0	2606136.0	4.5	56.2	56.4
202207	230L10100	23	その他仕入高*	0.0	0.0	0.0	0.0	0.0	0.0
202207	230L10100	24	減価償却費*	4012000.0	3962000.0	3961097.0	6.9	99.9	98.7
202207	230L10100	25	車両費*	0.0	0.0	0.0	0.0	0.0	0.0
202207	230L10100	26	水道光熱費*	180000.0	170000.0	132928.0	0.2	78.1	73.8
202207	230L10100	27	動力費*	1030000.0	1230000.0	1723313.0	3.0	140.1	167.3
202207	230L10100	28	燃料費*	4000.0	4000.0	0.0	0.0	0.0	0.0
202207	230L10100	29	賃借料*	1249000.0	1249000.0	1248230.0	2.1	99.9	99.9
202207	230L10100	30	修繕費*	20000.0	20000.0	25700.0	0.0	128.5	128.5
202207	230L10100	31	診断料*	15000.0	123000.0	39902.0	0.0	32.4	266.0
202207	230L10100	32	租税公課*	0.0	0.0	0.0	0.0	0.0	0.0
202207	230L10100	33	業務委託費*	0.0	0.0	0.0	0.0	0.0	0.0
202207	230L10100	34	雑費*	450000.0	450000.0	0.0	0.0	0.0	0.0
202207	230L10100	35	雑給*	380000.0	383000.0	237983.0	0.4	62.1	62.6
202207	230L10100	36	経費合計（販管費）	6637096.0	5950386.0	5615439.0	9.8	94.3	84.6
202207	230L10100	37	減価償却費	841488.0	841488.0	841488.0	1.4	100.0	100.0
202207	230L10100	38	車両費	484030.0	479030.0	442598.0	0.7	92.3	91.4
202207	230L10100	39	旅費交通費	40000.0	70000.0	55162.0	0.0	78.8	137.9
202207	230L10100	40	通信費	62418.0	65418.0	71570.0	0.1	109.4	114.6
202207	230L10100	41	水道光熱費	100000.0	100000.0	189266.0	0.3	189.2	189.2
202207	230L10100	42	事務用品費	35000.0	35000.0	24526.0	0.0	70.0	70.0
202207	230L10100	43	消耗品費	101000.0	81300.0	149865.0	0.2	184.3	148.3
202207	230L10100	44	廃棄物処理料	1743000.0	360000.0	373546.0	0.6	103.7	21.4
202207	230L10100	45	広告宣伝費	8252.0	8252.0	0.0	0.0	0.0	0.0
202207	230L10100	46	接待交際費	30000.0	0.0	0.0	0.0	0.0	0.0
202207	230L10100	47	賃借料	126500.0	126500.0	126000.0	0.2	99.6	99.6
202207	230L10100	48	賃貸料収入	-101000.0	-101000.0	-101000.0	0.0	0.0	0.0
202207	230L10100	49	修繕費	0.0	348000.0	880.0	0.0	0.2	0.0
202207	230L10100	50	支払リース料	4375.0	4375.0	4375.0	0.0	100.0	100.0
202207	230L10100	51	保険料	161030.0	152020.0	152020.0	0.2	100.0	94.4
202207	230L10100	52	支払報酬	0.0	300000.0	318229.0	0.5	106.0	0.0
202207	230L10100	53	支払手数料	55000.0	56000.0	47448.0	0.0	84.7	86.2
202207	230L10100	54	診断料	0.0	0.0	0.0	0.0	0.0	0.0
202207	230L10100	55	諸会費	0.0	0.0	0.0	0.0	0.0	0.0
202207	230L10100	56	会議費	5000.0	5000.0	0.0	0.0	0.0	0.0
202207	230L10100	57	寄付金	0.0	0.0	0.0	0.0	0.0	0.0
202207	230L10100	58	租税公課	0.0	0.0	0.0	0.0	0.0	0.0
202207	230L10100	59	業務委託費	40000.0	40000.0	40000.0	0.0	100.0	100.0
202207	230L10100	60	業務受託収入	0.0	0.0	-5455.0	0.0	0.0	0.0
202207	230L10100	61	情報機器利用料	160800.0	146800.0	146480.0	0.2	99.7	91.0
202207	230L10100	62	貸倒金	0.0	0.0	0.0	0.0	0.0	0.0
202207	230L10100	63	雑費	59000.0	156000.0	66749.0	0.1	42.7	113.1
202207	230L10100	64	福利消耗品費	10000.0	5000.0	490.0	0.0	9.8	4.9
202207	230L10100	65	教育研修費	0.0	0.0	0.0	0.0	0.0	0.0
202207	230L10100	66	廃棄損	0.0	0.0	0.0	0.0	0.0	0.0
202207	230L10100	67	雑給	0.0	0.0	0.0	0.0	0.0	0.0
202207	230L10100	68	社内金利（固定資産）	1980203.0	1980203.0	1980202.0	3.4	99.9	99.9
202207	230L10100	69	社内金利（売掛金）	0.0	0.0	0.0	0.0	0.0	0.0
202207	230L10100	70	グループ共通	691000.0	691000.0	691000.0	1.2	100.0	100.0
202207	230L10100	71	差引収益	12403904.0	16486214.0	14643800.0	25.6	88.8	118.0
202207	230L10100	72	差引比率	21.4	26.2	25.6		97.7	119.6
202207	230L10100	73	総時間	8537.0	8013.0	8088.5		100.9	94.7
202207	230L10100	74	定時間	8056.0	7231.0	7452.5		103.0	92.5
202207	230L10100	75	残業時間	467.0	777.0	632.25		81.3	135.3
202207	230L10100	76	移動時間	14.0	5.0	3.75		75.0	26.7
202207	230L10100	77	当月時間当り	1452.9	2057.4	1810.4		87.9	124.6
202207	230L10100	78	人員	69.0	67.0	67.0		100.0	97.1
202208	230L10100	1	総受注高	46950000.0	37116000.0	33073536.0		89.1	70.4
202208	230L10100	2	総売上高	46950000.0	37166000.0	33073536.0		88.9	70.4
202208	230L10100	3	売上高	47280000.0	37516000.0	33397075.0	100.9	89.0	70.6
202208	230L10100	4	グループ売上高	0.0	0.0	0.0	0.0	0.0	0.0
202208	230L10100	5	社内売上高	24500000.0	20131000.0	15842022.0	47.8	78.6	64.6
202208	230L10100	7	販売奨励金	-330000.0	-350000.0	-323539.0	0.0	0.0	0.0
202208	230L10100	8	売上原価	19550000.0	15800900.0	16504134.0	49.9	104.4	84.4
202208	230L10100	9	仕入高	14553510.0	10352000.0	10853644.0	32.8	104.8	74.5
202208	230L10100	10	グループ仕入高	1479000.0	1870000.0	2220271.0	6.7	118.7	150.1
202208	230L10100	11	社内仕入高	24500000.0	20131000.0	15842022.0	47.8	78.6	64.6
202208	230L10100	12	荷造運搬費	2440850.0	2208900.0	1909958.0	5.7	86.4	78.2
202208	230L10100	13	販売手数料	1076640.0	1370000.0	1520261.0	4.5	110.9	141.2
202208	230L10100	14	総収益	27400000.0	21365100.0	16569402.0	50.0	77.5	60.4
202208	230L10100	15	経費合計	20429323.0	26604313.0	24798441.0	74.9	93.2	121.3
202208	230L10100	16	経費合計（原価）	15128000.0	20828000.0	19357839.0	58.5	92.9	127.9
202208	230L10100	17	種苗費*	0.0	3298000.0	3297476.0	9.9	99.9	0.0
202208	230L10100	18	肥料費*	695000.0	1097000.0	1055496.0	3.1	96.2	151.8
202208	230L10100	19	培土費用*	2153000.0	3025000.0	3178740.0	9.6	105.0	147.6
202208	230L10100	20	農薬衛生費*	250000.0	370000.0	343829.0	1.0	92.9	137.5
202208	230L10100	21	農具費*	1124000.0	128000.0	35589.0	0.1	27.8	3.1
202208	230L10100	22	諸材料費*	3557000.0	3893000.0	3305826.0	9.9	84.9	92.9
202208	230L10100	23	その他仕入高*	0.0	0.0	0.0	0.0	0.0	0.0
202208	230L10100	24	減価償却費*	4012000.0	3962000.0	3961097.0	11.9	99.9	98.7
202208	230L10100	25	車両費*	0.0	0.0	0.0	0.0	0.0	0.0
202208	230L10100	26	水道光熱費*	200000.0	240000.0	132288.0	0.3	55.1	66.1
202208	230L10100	27	動力費*	1630000.0	1840000.0	1626806.0	4.9	88.4	99.8
202208	230L10100	28	燃料費*	3000.0	3000.0	0.0	0.0	0.0	0.0
202208	230L10100	29	賃借料*	1249000.0	1249000.0	1248230.0	3.7	99.9	99.9
202208	230L10100	30	修繕費*	20000.0	530000.0	10100.0	0.0	1.9	50.5
202208	230L10100	31	診断料*	15000.0	126000.0	41056.0	0.1	32.5	273.7
202208	230L10100	32	租税公課*	0.0	0.0	0.0	0.0	0.0	0.0
202208	230L10100	33	業務委託費*	0.0	0.0	0.0	0.0	0.0	0.0
202208	230L10100	34	雑費*	0.0	624000.0	854290.0	2.5	136.9	0.0
202208	230L10100	35	雑給*	220000.0	443000.0	267016.0	0.8	60.2	121.3
202208	230L10100	36	経費合計（販管費）	5301323.0	5776313.0	5440602.0	16.4	94.1	102.6
202208	230L10100	37	減価償却費	841488.0	841488.0	841488.0	2.5	100.0	100.0
202208	230L10100	38	車両費	504030.0	490030.0	525611.0	1.5	107.2	104.2
202208	230L10100	39	旅費交通費	70000.0	75000.0	63418.0	0.1	84.5	90.5
202208	230L10100	40	通信費	62418.0	65418.0	64080.0	0.1	97.9	102.6
202208	230L10100	41	水道光熱費	180000.0	200000.0	197639.0	0.5	98.8	109.7
202208	230L10100	42	事務用品費	35000.0	35000.0	18432.0	0.0	52.6	52.6
202208	230L10100	43	消耗品費	61000.0	66000.0	36342.0	0.1	55.0	59.5
202208	230L10100	44	廃棄物処理料	331000.0	361000.0	474969.0	1.4	131.5	143.4
202208	230L10100	45	広告宣伝費	10652.0	10652.0	6098.0	0.0	57.2	57.2
202208	230L10100	46	接待交際費	30000.0	30000.0	0.0	0.0	0.0	0.0
202208	230L10100	47	賃借料	126500.0	126500.0	126000.0	0.3	99.6	99.6
202208	230L10100	48	賃貸料収入	-101000.0	-101000.0	-101000.0	0.0	0.0	0.0
202208	230L10100	49	修繕費	0.0	348000.0	0.0	0.0	0.0	0.0
202208	230L10100	50	支払リース料	12215.0	12215.0	12215.0	0.0	100.0	100.0
202208	230L10100	51	保険料	161030.0	152020.0	152020.0	0.4	100.0	94.4
202208	230L10100	52	支払報酬	0.0	0.0	0.0	0.0	0.0	0.0
202208	230L10100	53	支払手数料	55000.0	56000.0	56838.0	0.1	101.4	103.3
202208	230L10100	54	診断料	0.0	0.0	0.0	0.0	0.0	0.0
202208	230L10100	55	諸会費	0.0	0.0	0.0	0.0	0.0	0.0
202208	230L10100	56	会議費	5000.0	5000.0	0.0	0.0	0.0	0.0
202208	230L10100	57	寄付金	0.0	0.0	0.0	0.0	0.0	0.0
202208	230L10100	58	租税公課	0.0	8000.0	8015.0	0.0	100.1	0.0
202208	230L10100	59	業務委託費	40000.0	40000.0	40000.0	0.1	100.0	100.0
202208	230L10100	60	業務受託収入	0.0	0.0	-25456.0	0.0	0.0	0.0
202208	230L10100	61	情報機器利用料	160800.0	146800.0	146480.0	0.4	99.7	91.0
202208	230L10100	62	貸倒金	0.0	0.0	0.0	0.0	0.0	0.0
202208	230L10100	63	雑費	59000.0	156000.0	149459.0	0.4	95.8	253.3
202208	230L10100	64	福利消耗品費	10000.0	5000.0	765.0	0.0	15.3	7.6
202208	230L10100	65	教育研修費	0.0	0.0	0.0	0.0	0.0	0.0
202208	230L10100	66	廃棄損	0.0	0.0	0.0	0.0	0.0	0.0
202208	230L10100	67	雑給	0.0	0.0	0.0	0.0	0.0	0.0
202208	230L10100	68	社内金利（固定資産）	1956190.0	1956190.0	1956189.0	5.9	99.9	99.9
202208	230L10100	69	社内金利（売掛金）	0.0	0.0	0.0	0.0	0.0	0.0
202208	230L10100	70	グループ共通	691000.0	691000.0	691000.0	2.0	100.0	100.0
202208	230L10100	71	差引収益	6970677.0	-5239213.0	-8229039.0	0.0	0.0	0.0
202208	230L10100	72	差引比率	14.8	-14.0	-24.8		0.0	0.0
202208	230L10100	73	総時間	8294.0	8162.0	7973.5		97.6	96.1
202208	230L10100	74	定時間	8142.0	7548.0	7247.0		96.0	89.0
202208	230L10100	75	残業時間	193.0	614.0	730.5		118.9	378.4
202208	230L10100	76	移動時間	-41.0	0.0	-4.0		0.0	0.0
202208	230L10100	77	当月時間当り	840.4	-641.9	-1032.0		0.0	0.0
202208	230L10100	78	人員	69.0	67.0	67.0		100.0	97.1
202209	230L10100	1	総受注高	45910000.0	31364500.0	33736208.0		107.5	73.4
202209	230L10100	2	総売上高	45910000.0	31364500.0	33736208.0		107.5	73.4
202209	230L10100	3	売上高	46210000.0	31654500.0	34015439.0	100.8	107.4	73.6
202209	230L10100	4	グループ売上高	0.0	0.0	0.0	0.0	0.0	0.0
202209	230L10100	5	社内売上高	27300000.0	17090000.0	18430505.0	54.6	107.8	67.5
202209	230L10100	7	販売奨励金	-300000.0	-290000.0	-279231.0	0.0	0.0	0.0
202209	230L10100	8	売上原価	16510000.0	13284900.0	13836279.0	41.0	104.1	83.8
202209	230L10100	9	仕入高	11367320.0	8480000.0	8828872.0	26.1	104.1	77.6
202209	230L10100	10	グループ仕入高	1385500.0	1915900.0	2138446.0	6.3	111.6	154.3
202209	230L10100	11	社内仕入高	27300000.0	17090000.0	18430505.0	54.6	107.8	67.5
202209	230L10100	12	荷造運搬費	2517570.0	1839000.0	1766670.0	5.2	96.0	70.1
202209	230L10100	13	販売手数料	1239610.0	1050000.0	1102291.0	3.2	104.9	88.9
202209	230L10100	14	総収益	29400000.0	18079600.0	19899929.0	58.9	110.0	67.6
202209	230L10100	15	経費合計	21785070.0	19761558.0	19429951.0	57.5	98.3	89.1
202209	230L10100	16	経費合計（原価）	16281000.0	14426000.0	13845622.0	41.0	95.9	85.0
202209	230L10100	17	種苗費*	3527000.0	0.0	0.0	0.0	0.0	0.0
202209	230L10100	18	肥料費*	695000.0	1255000.0	1305967.0	3.8	104.0	187.9
202209	230L10100	19	培土費用*	0.0	0.0	0.0	0.0	0.0	0.0
202209	230L10100	20	農薬衛生費*	560000.0	715000.0	796668.0	2.3	111.4	142.2
202209	230L10100	21	農具費*	80000.0	190000.0	174613.0	0.5	91.9	218.2
202209	230L10100	22	諸材料費*	3573000.0	2460000.0	2727602.0	8.0	110.8	76.3
202209	230L10100	23	その他仕入高*	0.0	0.0	-3208.0	0.0	0.0	0.0
202209	230L10100	24	減価償却費*	4062000.0	3962000.0	3961097.0	11.7	99.9	97.5
202209	230L10100	25	車両費*	0.0	0.0	0.0	0.0	0.0	0.0
202209	230L10100	26	水道光熱費*	200000.0	220000.0	160192.0	0.4	72.8	80.0
202209	230L10100	27	動力費*	1830000.0	2040000.0	1930766.0	5.7	94.6	105.5
202209	230L10100	28	燃料費*	0.0	0.0	0.0	0.0	0.0	0.0
202209	230L10100	29	賃借料*	1249000.0	1249000.0	1248230.0	3.6	99.9	99.9
202209	230L10100	30	修繕費*	100000.0	730000.0	1474200.0	4.3	201.9	
202209	230L10100	31	診断料*	25000.0	25000.0	22056.0	0.0	88.2	88.2
202209	230L10100	32	租税公課*	0.0	0.0	0.0	0.0	0.0	0.0
202209	230L10100	33	業務委託費*	0.0	0.0	0.0	0.0	0.0	0.0
202209	230L10100	34	雑費*	320000.0	1520000.0	0.0	0.0	0.0	0.0
202209	230L10100	35	雑給*	60000.0	60000.0	47439.0	0.1	79.0	79.0
202209	230L10100	36	経費合計（販管費）	5504070.0	5335558.0	5584329.0	16.5	104.6	101.4
202209	230L10100	37	減価償却費	841488.0	841488.0	841488.0	2.4	100.0	100.0
202209	230L10100	38	車両費	508030.0	498030.0	453398.0	1.3	91.0	89.2
202209	230L10100	39	旅費交通費	70000.0	60000.0	33526.0	0.0	55.8	47.8
202209	230L10100	40	通信費	62418.0	62418.0	59279.0	0.1	94.9	94.9
202209	230L10100	41	水道光熱費	180000.0	180000.0	212159.0	0.6	117.8	117.8
202209	230L10100	42	事務用品費	35000.0	35000.0	29062.0	0.0	83.0	83.0
202209	230L10100	43	消耗品費	111000.0	71000.0	110625.0	0.3	155.8	99.6
202209	230L10100	44	廃棄物処理料	331000.0	521000.0	441878.0	1.3	84.8	133.4
202209	230L10100	45	広告宣伝費	37502.0	0.0	6662.0	0.0	0.0	17.7
202209	230L10100	46	接待交際費	0.0	0.0	0.0	0.0	0.0	0.0
202209	230L10100	47	賃借料	126500.0	126500.0	126000.0	0.3	99.6	99.6
202209	230L10100	48	賃貸料収入	-101000.0	-101000.0	-121000.0	0.0	0.0	0.0
202209	230L10100	49	修繕費	100000.0	0.0	195120.0	0.5	0.0	195.1
202209	230L10100	50	支払リース料	4375.0	4375.0	4375.0	0.0	100.0	100.0
202209	230L10100	51	保険料	161030.0	152020.0	152020.0	0.4	100.0	94.4
202209	230L10100	52	支払報酬	0.0	0.0	0.0	0.0	0.0	0.0
202209	230L10100	53	支払手数料	93000.0	105000.0	91798.0	0.2	87.4	98.7
202209	230L10100	54	診断料	0.0	0.0	0.0	0.0	0.0	0.0
202209	230L10100	55	諸会費	0.0	0.0	500.0	0.0	0.0	0.0
202209	230L10100	56	会議費	5000.0	5000.0	2971.0	0.0	59.4	59.4
202209	230L10100	57	寄付金	0.0	0.0	0.0	0.0	0.0	0.0
202209	230L10100	58	租税公課	0.0	0.0	0.0	0.0	0.0	0.0
202209	230L10100	59	業務委託費	40000.0	40000.0	190000.0	0.5	475.0	475.0
202209	230L10100	60	業務受託収入	0.0	-150000.0	-83637.0	0.0	0.0	0.0
202209	230L10100	61	情報機器利用料	160800.0	146800.0	146480.0	0.4	99.7	91.0
202209	230L10100	62	貸倒金	0.0	0.0	0.0	0.0	0.0	0.0
202209	230L10100	63	雑費	77000.0	74000.0	53299.0	0.1	72.0	69.2
202209	230L10100	64	福利消耗品費	27750.0	30750.0	10650.0	0.0	34.6	38.3
202209	230L10100	65	教育研修費	10000.0	10000.0	4500.0	0.0	45.0	45.0
202209	230L10100	66	廃棄損	0.0	0.0	0.0	0.0	0.0	0.0
202209	230L10100	67	雑給	0.0	0.0	0.0	0.0	0.0	0.0
202209	230L10100	68	社内金利（固定資産）	1932177.0	1932177.0	1932176.0	5.7	99.9	99.9
202209	230L10100	69	社内金利（売掛金）	0.0	0.0	0.0	0.0	0.0	0.0
202209	230L10100	70	グループ共通	691000.0	691000.0	691000.0	2.0	100.0	100.0
202209	230L10100	71	差引収益	7614930.0	-1681958.0	469978.0	1.3	0.0	6.1
202209	230L10100	72	差引比率	16.5	-5.3	1.3		0.0	7.8
202209	230L10100	73	総時間	8316.0	7710.0	7687.75		99.7	92.4
202209	230L10100	74	定時間	8094.0	7459.0	7398.75		99.1	91.4
202209	230L10100	75	残業時間	193.0	296.0	293.0		98.9	151.8
202209	230L10100	76	移動時間	29.0	-45.0	-4.0		0.0	0.0
202209	230L10100	77	当月時間当り	915.6	-218.1	61.1		0.0	6.6
202209	230L10100	78	人員	69.0	67.0	67.0		100.0	97.1
202210	230L10100	1	総受注高	40410000.0	36888000.0	35248652.0		95.5	87.2
202210	230L10100	2	総売上高	40410000.0	36888000.0	35248652.0		95.5	87.2
202210	230L10100	3	売上高	40820000.0	37193000.0	35541792.0	100.8	95.5	87.0
202210	230L10100	4	グループ売上高	0.0	0.0	0.0	0.0	0.0	0.0
202210	230L10100	5	社内売上高	22700000.0	20918000.0	21001536.0	59.5	100.3	92.5
202210	230L10100	7	販売奨励金	-410000.0	-305000.0	-293140.0	0.0	0.0	0.0
202210	230L10100	8	売上原価	16180000.0	14218600.0	12442065.0	35.2	87.5	76.8
202210	230L10100	9	仕入高	9099700.0	6786000.0	6746596.0	19.1	99.4	74.1
202210	230L10100	10	グループ仕入高	3633750.0	4471000.0	2880415.0	8.1	64.4	79.2
202210	230L10100	11	社内仕入高	22700000.0	20918000.0	21001536.0	59.5	100.3	92.5
202210	230L10100	12	荷造運搬費	2300660.0	1811600.0	1794905.0	5.0	99.0	78.0
202210	230L10100	13	販売手数料	1145890.0	1150000.0	1020149.0	2.8	88.7	89.0
202210	230L10100	14	総収益	24230000.0	22669400.0	22806587.0	64.7	100.6	94.1
202210	230L10100	15	経費合計	17844057.0	18340265.0	17918833.0	50.8	97.7	100.4
202210	230L10100	16	経費合計（原価）	12406000.0	13253000.0	12734597.0	36.1	96.0	102.6
202210	230L10100	17	種苗費*	0.0	0.0	0.0	0.0	0.0	0.0
202210	230L10100	18	肥料費*	685000.0	895000.0	658837.0	1.8	73.6	96.1
202210	230L10100	19	培土費用*	0.0	0.0	0.0	0.0	0.0	0.0
202210	230L10100	20	農薬衛生費*	498000.0	481000.0	304768.0	0.8	63.3	61.1
202210	230L10100	21	農具費*	105000.0	272000.0	139634.0	0.3	51.3	132.9
202210	230L10100	22	諸材料費*	3092000.0	2829000.0	2974424.0	8.4	105.1	96.1
202210	230L10100	23	その他仕入高*	0.0	0.0	-2406.0	0.0	0.0	0.0
202210	230L10100	24	減価償却費*	4062000.0	3962000.0	3961097.0	11.2	99.9	97.5
202210	230L10100	25	車両費*	0.0	0.0	0.0	0.0	0.0	0.0
202210	230L10100	26	水道光熱費*	160000.0	160000.0	178432.0	0.5	111.5	111.5
202210	230L10100	27	動力費*	1430000.0	1640000.0	1942655.0	5.5	118.4	135.8
202210	230L10100	28	燃料費*	430000.0	0.0	0.0	0.0	0.0	0.0
202210	230L10100	29	賃借料*	1249000.0	1249000.0	1248230.0	3.5	99.9	99.9
202210	230L10100	30	修繕費*	20000.0	70000.0	39474.0	0.1	56.3	197.3
202210	230L10100	31	診断料*	15000.0	15000.0	28500.0	0.0	190.0	190.0
202210	230L10100	32	租税公課*	0.0	0.0	0.0	0.0	0.0	0.0
202210	230L10100	33	業務委託費*	0.0	0.0	0.0	0.0	0.0	0.0
202210	230L10100	34	雑費*	600000.0	1620000.0	1215000.0	3.4	75.0	202.5
202210	230L10100	35	雑給*	60000.0	60000.0	45952.0	0.1	76.5	76.5
202210	230L10100	36	経費合計（販管費）	5438057.0	5087265.0	5184236.0	14.7	101.9	95.3
202210	230L10100	37	減価償却費	841488.0	841488.0	841488.0	2.3	100.0	100.0
202210	230L10100	38	車両費	484030.0	429000.0	387778.0	1.1	90.3	80.1
202210	230L10100	39	旅費交通費	60000.0	55000.0	40263.0	0.1	73.2	67.1
202210	230L10100	40	通信費	62418.0	62418.0	61504.0	0.1	98.5	98.5
202210	230L10100	41	水道光熱費	160000.0	160000.0	232580.0	0.6	145.3	145.3
202210	230L10100	42	事務用品費	35000.0	35000.0	28349.0	0.0	80.9	80.9
202210	230L10100	43	消耗品費	61000.0	78500.0	247179.0	0.7	314.8	405.2
202210	230L10100	44	廃棄物処理料	331000.0	361000.0	247864.0	0.7	68.6	74.8
202210	230L10100	45	広告宣伝費	23252.0	18000.0	12406.0	0.0	68.9	53.3
202210	230L10100	46	接待交際費	30000.0	0.0	12180.0	0.0	0.0	40.6
202210	230L10100	47	賃借料	126500.0	126500.0	126000.0	0.3	99.6	99.6
202210	230L10100	48	賃貸料収入	-101000.0	-121000.0	-121000.0	0.0	0.0	0.0
202210	230L10100	49	修繕費	0.0	0.0	0.0	0.0	0.0	0.0
202210	230L10100	50	支払リース料	4375.0	4375.0	4375.0	0.0	100.0	100.0
202210	230L10100	51	保険料	161030.0	152020.0	152020.0	0.4	100.0	94.4
202210	230L10100	52	支払報酬	0.0	0.0	0.0	0.0	0.0	0.0
202210	230L10100	53	支払手数料	263000.0	275000.0	259824.0	0.7	94.4	98.7
202210	230L10100	54	診断料	0.0	0.0	0.0	0.0	0.0	0.0
202210	230L10100	55	諸会費	0.0	0.0	0.0	0.0	0.0	0.0
202210	230L10100	56	会議費	5000.0	3000.0	4666.0	0.0	155.5	93.3
202210	230L10100	57	寄付金	0.0	0.0	0.0	0.0	0.0	0.0
202210	230L10100	58	租税公課	0.0	0.0	0.0	0.0	0.0	0.0
202210	230L10100	59	業務委託費	40000.0	40000.0	40000.0	0.1	100.0	100.0
202210	230L10100	60	業務受託収入	0.0	-240000.0	-190911.0	0.0	0.0	0.0
202210	230L10100	61	情報機器利用料	160800.0	146800.0	146480.0	0.4	99.7	91.0
202210	230L10100	62	貸倒金	0.0	0.0	0.0	0.0	0.0	0.0
202210	230L10100	63	雑費	59000.0	56000.0	48798.0	0.1	87.1	82.7
202210	230L10100	64	福利消耗品費	32000.0	5000.0	3230.0	0.0	64.6	10.0
202210	230L10100	65	教育研修費	0.0	0.0	0.0	0.0	0.0	0.0
202210	230L10100	66	廃棄損	0.0	0.0	0.0	0.0	0.0	0.0
202210	230L10100	67	雑給	0.0	0.0	0.0	0.0	0.0	0.0
202210	230L10100	68	社内金利（固定資産）	1908164.0	1908164.0	1908163.0	5.4	99.9	99.9
202210	230L10100	69	社内金利（売掛金）	0.0	0.0	0.0	0.0	0.0	0.0
202210	230L10100	70	グループ共通	691000.0	691000.0	691000.0	1.9	100.0	100.0
202210	230L10100	71	差引収益	6385943.0	4329135.0	4887754.0	13.8	112.9	76.5
202210	230L10100	72	差引比率	15.8	11.7	13.8		117.9	87.3
202210	230L10100	73	総時間	7762.0	7826.0	7554.75		96.5	97.3
202210	230L10100	74	定時間	7546.0	7601.0	7339.5		96.5	97.2
202210	230L10100	75	残業時間	187.0	220.0	230.0		104.5	122.9
202210	230L10100	76	移動時間	29.0	5.0	-14.75		0.0	0.0
202210	230L10100	77	当月時間当り	822.7	553.1	646.9		116.9	78.6
202210	230L10100	78	人員	69.0	66.0	66.0		100.0	95.6
202211	230L10100	1	総受注高	65310000.0	64703590.0	58640237.0		90.6	89.7
202211	230L10100	2	総売上高	65310000.0	64703590.0	58640237.0		90.6	89.7
202211	230L10100	3	売上高	65860000.0	65023590.0	58950928.0	100.5	90.6	89.5
202211	230L10100	4	グループ売上高	0.0	0.0	0.0	0.0	0.0	0.0
202211	230L10100	5	社内売上高	25800000.0	33459000.0	33702391.0	57.4	100.7	130.6
202211	230L10100	7	販売奨励金	-550000.0	-320000.0	-310691.0	0.0	0.0	0.0
202211	230L10100	8	売上原価	36120000.0	27574200.0	21929483.0	37.3	79.5	60.7
202211	230L10100	9	仕入高	8020004.0	5400000.0	4988972.0	8.5	92.3	62.2
202211	230L10100	10	グループ仕入高	22826750.0	17384200.0	12405301.0	21.1	71.3	54.3
202211	230L10100	11	社内仕入高	25800000.0	33459000.0	33702391.0	57.4	100.7	130.6
202211	230L10100	12	荷造運搬費	3743256.0	3400000.0	3191355.0	5.4	93.8	85.2
202211	230L10100	13	販売手数料	1529990.0	1390000.0	1343855.0	2.2	96.6	87.8
202211	230L10100	14	総収益	29190000.0	37129390.0	36710754.0	62.6	98.8	125.7
202211	230L10100	15	経費合計	18091044.0	19611739.0	18494978.0	31.5	94.3	102.2
202211	230L10100	16	経費合計（原価）	12945000.0	14490000.0	14332065.0	24.4	98.9	110.7
202211	230L10100	17	種苗費*	0.0	0.0	0.0	0.0	0.0	0.0
202211	230L10100	18	肥料費*	855000.0	1075000.0	1087136.0	1.8	101.1	127.1
202211	230L10100	19	培土費用*	0.0	0.0	0.0	0.0	0.0	0.0
202211	230L10100	20	農薬衛生費*	395000.0	395000.0	453634.0	0.7	114.8	114.8
202211	230L10100	21	農具費*	92000.0	176000.0	334524.0	0.5	190.0	363.6
202211	230L10100	22	諸材料費*	3555000.0	4546000.0	4696278.0	8.0	103.3	132.1
202211	230L10100	23	その他仕入高*	0.0	0.0	0.0	0.0	0.0	0.0
202211	230L10100	24	減価償却費*	4062000.0	3962000.0	3961097.0	6.7	99.9	97.5
202211	230L10100	25	車両費*	0.0	0.0	0.0	0.0	0.0	0.0
202211	230L10100	26	水道光熱費*	180000.0	180000.0	151616.0	0.2	84.2	84.2
202211	230L10100	27	動力費*	1030000.0	1630000.0	1265240.0	2.1	77.6	122.8
202211	230L10100	28	燃料費*	1290000.0	1080000.0	998400.0	1.7	92.4	77.3
202211	230L10100	29	賃借料*	1249000.0	1249000.0	1248230.0	2.1	99.9	99.9
202211	230L10100	30	修繕費*	20000.0	4000.0	17.0	0.0	0.4	0.0
202211	230L10100	31	診断料*	69000.0	45000.0	86122.0	0.1	191.3	124.8
202211	230L10100	32	租税公課*	0.0	0.0	0.0	0.0	0.0	0.0
202211	230L10100	33	業務委託費*	0.0	0.0	0.0	0.0	0.0	0.0
202211	230L10100	34	雑費*	100000.0	100000.0	0.0	0.0	0.0	0.0
202211	230L10100	35	雑給*	48000.0	48000.0	49771.0	0.0	103.6	103.6
202211	230L10100	36	経費合計（販管費）	5146044.0	5121739.0	4162913.0	7.0	81.2	80.8
202211	230L10100	37	減価償却費	841488.0	841488.0	841488.0	1.4	100.0	100.0
202211	230L10100	38	車両費	484030.0	421730.0	374670.0	0.6	88.8	77.4
202211	230L10100	39	旅費交通費	40000.0	40000.0	46582.0	0.0	116.4	116.4
202211	230L10100	40	通信費	62418.0	62418.0	57453.0	0.0	92.0	92.0
202211	230L10100	41	水道光熱費	100000.0	160000.0	138211.0	0.2	86.3	138.2
202211	230L10100	42	事務用品費	35000.0	35000.0	27509.0	0.0	78.5	78.5
202211	230L10100	43	消耗品費	81000.0	61000.0	-130270.0	0.0	0.0	0.0
202211	230L10100	44	廃棄物処理料	363000.0	393000.0	231005.0	0.3	58.7	63.6
202211	230L10100	45	広告宣伝費	7252.0	7252.0	450.0	0.0	6.2	6.2
202211	230L10100	46	接待交際費	0.0	0.0	0.0	0.0	0.0	0.0
202211	230L10100	47	賃借料	126500.0	126500.0	126000.0	0.2	99.6	99.6
202211	230L10100	48	賃貸料収入	-101000.0	-121000.0	-121000.0	0.0	0.0	0.0
202211	230L10100	49	修繕費	0.0	348000.0	0.0	0.0	0.0	0.0
202211	230L10100	50	支払リース料	4375.0	4400.0	0.0	0.0	0.0	0.0
202211	230L10100	51	保険料	161030.0	0.0	0.0	0.0	0.0	0.0
202211	230L10100	52	支払報酬	0.0	0.0	0.0	0.0	0.0	0.0
202211	230L10100	53	支払手数料	101000.0	115000.0	61434.0	0.1	53.4	60.8
202211	230L10100	54	診断料	0.0	0.0	0.0	0.0	0.0	0.0
202211	230L10100	55	諸会費	0.0	0.0	0.0	0.0	0.0	0.0
202211	230L10100	56	会議費	5000.0	5000.0	2300.0	0.0	46.0	46.0
202211	230L10100	57	寄付金	0.0	0.0	0.0	0.0	0.0	0.0
202211	230L10100	58	租税公課	0.0	0.0	0.0	0.0	0.0	0.0
202211	230L10100	59	業務委託費	40000.0	0.0	0.0	0.0	0.0	0.0
202211	230L10100	60	業務受託収入	0.0	-160000.0	-270912.0	0.0	0.0	0.0
202211	230L10100	61	情報機器利用料	160800.0	146800.0	146480.0	0.2	99.7	91.0
202211	230L10100	62	貸倒金	0.0	0.0	0.0	0.0	0.0	0.0
202211	230L10100	63	雑費	59000.0	60000.0	55383.0	0.0	92.3	93.8
202211	230L10100	64	福利消耗品費	0.0	0.0	979.0	0.0	0.0	0.0
202211	230L10100	65	教育研修費	0.0	0.0	0.0	0.0	0.0	0.0
202211	230L10100	66	廃棄損	0.0	0.0	0.0	0.0	0.0	0.0
202211	230L10100	67	雑給	0.0	0.0	0.0	0.0	0.0	0.0
202211	230L10100	68	社内金利（固定資産）	1884151.0	1884151.0	1884151.0	3.2	100.0	100.0
202211	230L10100	69	社内金利（売掛金）	0.0	0.0	0.0	0.0	0.0	0.0
202211	230L10100	70	グループ共通	691000.0	691000.0	691000.0	1.1	100.0	100.0
202211	230L10100	71	差引収益	11098956.0	17517651.0	18215776.0	31.0	103.9	164.1
202211	230L10100	72	差引比率	16.9	27.0	31.0		114.8	183.4
202211	230L10100	73	総時間	7796.0	8035.0	7618.0		94.8	97.7
202211	230L10100	74	定時間	7554.0	7799.0	7323.25		93.8	96.9
202211	230L10100	75	残業時間	213.0	236.0	298.0		126.2	139.9
202211	230L10100	76	移動時間	29.0	0.0	-3.25		0.0	0.0
202211	230L10100	77	当月時間当り	1423.6	2180.1	2391.1		109.6	167.9
202211	230L10100	78	人員	69.0	66.0	66.0		100.0	95.6
202212	230L10100	1	総受注高	80980000.0	69091000.0	69441824.0		100.5	85.7
202212	230L10100	2	総売上高	80980000.0	69091000.0	69441824.0		100.5	85.7
202212	230L10100	3	売上高	81580000.0	69534000.0	69869278.0	100.6	100.4	85.6
202212	230L10100	4	グループ売上高	0.0	0.0	0.0	0.0	0.0	0.0
202212	230L10100	5	社内売上高	33900000.0	31182000.0	31522988.0	45.3	101.0	92.9
202212	230L10100	7	販売奨励金	-600000.0	-443000.0	-427454.0	0.0	0.0	0.0
202212	230L10100	8	売上原価	42370000.0	33605000.0	34203109.0	49.2	101.7	80.7
202212	230L10100	9	仕入高	9469200.0	5961000.0	6466514.0	9.3	108.4	68.2
202212	230L10100	10	グループ仕入高	26627100.0	22644000.0	22361056.0	32.2	98.7	83.9
202212	230L10100	11	社内仕入高	33900000.0	31182000.0	31522988.0	45.3	101.0	92.9
202212	230L10100	12	荷造運搬費	4541010.0	3400000.0	3949671.0	5.6	116.1	86.9
202212	230L10100	13	販売手数料	1732690.0	1600000.0	1425868.0	2.0	89.1	82.2
202212	230L10100	14	総収益	38610000.0	35486000.0	35238715.0	50.7	99.3	91.2
202212	230L10100	15	経費合計	28464031.0	22754926.0	21166814.0	30.4	93.0	74.3
202212	230L10100	16	経費合計（原価）	21435000.0	17994000.0	16017694.0	23.0	89.0	74.7
202212	230L10100	17	種苗費*	0.0	0.0	0.0	0.0	0.0	0.0
202212	230L10100	18	肥料費*	855000.0	1075000.0	1207434.0	1.7	112.3	141.2
202212	230L10100	19	培土費用*	3018000.0	0.0	0.0	0.0	0.0	0.0
202212	230L10100	20	農薬衛生費*	298000.0	281000.0	302146.0	0.4	107.5	101.3
202212	230L10100	21	農具費*	890000.0	13000.0	26880.0	0.0	206.7	3.0
202212	230L10100	22	諸材料費*	4710000.0	5767000.0	4505160.0	6.4	78.1	95.6
202212	230L10100	23	その他仕入高*	0.0	0.0	0.0	0.0	0.0	0.0
202212	230L10100	24	減価償却費*	4062000.0	3962000.0	3961097.0	5.7	99.9	97.5
202212	230L10100	25	車両費*	0.0	0.0	0.0	0.0	0.0	0.0
202212	230L10100	26	水道光熱費*	150000.0	160000.0	121536.0	0.1	75.9	81.0
202212	230L10100	27	動力費*	1430000.0	1630000.0	1687305.0	2.4	103.5	117.9
202212	230L10100	28	燃料費*	4300000.0	3720000.0	2817350.0	4.0	75.7	65.5
202212	230L10100	29	賃借料*	1249000.0	1249000.0	1248230.0	1.7	99.9	99.9
202212	230L10100	30	修繕費*	300000.0	4000.0	6800.0	0.0	170.0	2.2
202212	230L10100	31	診断料*	125000.0	85000.0	22000.0	0.0	25.8	17.6
202212	230L10100	32	租税公課*	0.0	0.0	0.0	0.0	0.0	0.0
202212	230L10100	33	業務委託費*	0.0	0.0	0.0	0.0	0.0	0.0
202212	230L10100	34	雑費*	0.0	0.0	77650.0	0.1	0.0	0.0
202212	230L10100	35	雑給*	48000.0	48000.0	34106.0	0.0	71.0	71.0
202212	230L10100	36	経費合計（販管費）	7029031.0	4760926.0	5149120.0	7.4	108.1	73.2
202212	230L10100	37	減価償却費	841488.0	841488.0	841488.0	1.2	100.0	100.0
202212	230L10100	38	車両費	488030.0	446930.0	441516.0	0.6	98.7	90.4
202212	230L10100	39	旅費交通費	30000.0	40000.0	28155.0	0.0	70.3	93.8
202212	230L10100	40	通信費	62418.0	68418.0	61751.0	0.0	90.2	98.9
202212	230L10100	41	水道光熱費	160000.0	220000.0	200024.0	0.2	90.9	125.0
202212	230L10100	42	事務用品費	35000.0	35000.0	17642.0	0.0	50.4	50.4
202212	230L10100	43	消耗品費	91000.0	84000.0	45322.0	0.0	53.9	49.8
202212	230L10100	44	廃棄物処理料	2396000.0	292000.0	237687.0	0.3	81.3	9.9
202212	230L10100	45	広告宣伝費	31252.0	30252.0	910.0	0.0	3.0	2.9
202212	230L10100	46	接待交際費	30000.0	30000.0	0.0	0.0	0.0	0.0
202212	230L10100	47	賃借料	126500.0	126500.0	126000.0	0.1	99.6	99.6
202212	230L10100	48	賃貸料収入	-101000.0	-121000.0	-121000.0	0.0	0.0	0.0
202212	230L10100	49	修繕費	0.0	0.0	348000.0	0.5	0.0	0.0
202212	230L10100	50	支払リース料	4375.0	4400.0	8800.0	0.0	200.0	201.1
202212	230L10100	51	保険料	161030.0	0.0	0.0	0.0	0.0	0.0
202212	230L10100	52	支払報酬	0.0	0.0	0.0	0.0	0.0	0.0
202212	230L10100	53	支払手数料	299000.0	363000.0	175228.0	0.2	48.2	58.6
202212	230L10100	54	診断料	0.0	0.0	0.0	0.0	0.0	0.0
202212	230L10100	55	諸会費	0.0	0.0	500.0	0.0	0.0	0.0
202212	230L10100	56	会議費	5000.0	5000.0	0.0	0.0	0.0	0.0
202212	230L10100	57	寄付金	0.0	0.0	0.0	0.0	0.0	0.0
202212	230L10100	58	租税公課	0.0	0.0	4200.0	0.0	0.0	0.0
202212	230L10100	59	業務委託費	40000.0	0.0	0.0	0.0	0.0	0.0
202212	230L10100	60	業務受託収入	-500000.0	-500000.0	-72729.0	0.0	0.0	0.0
202212	230L10100	61	情報機器利用料	160800.0	146800.0	146480.0	0.2	99.7	91.0
202212	230L10100	62	貸倒金	0.0	0.0	0.0	0.0	0.0	0.0
202212	230L10100	63	雑費	77000.0	74000.0	72371.0	0.1	97.7	93.9
202212	230L10100	64	福利消耗品費	30000.0	23000.0	18519.0	0.0	80.5	61.7
202212	230L10100	65	教育研修費	10000.0	0.0	17118.0	0.0	0.0	171.1
202212	230L10100	66	廃棄損	0.0	0.0	0.0	0.0	0.0	0.0
202212	230L10100	67	雑給	0.0	0.0	0.0	0.0	0.0	0.0
202212	230L10100	68	社内金利（固定資産）	1860138.0	1860138.0	1860138.0	2.6	100.0	100.0
202212	230L10100	69	社内金利（売掛金）	0.0	0.0	0.0	0.0	0.0	0.0
202212	230L10100	70	グループ共通	691000.0	691000.0	691000.0	0.9	100.0	100.0
202212	230L10100	71	差引収益	10145969.0	12731074.0	14071901.0	20.2	110.5	138.6
202212	230L10100	72	差引比率	12.5	18.4	20.2		109.7	161.6
202212	230L10100	73	総時間	7692.0	7161.0	6653.25		92.9	86.4
202212	230L10100	74	定時間	7486.0	6958.0	6489.0		93.2	86.6
202212	230L10100	75	残業時間	192.0	210.0	178.25		84.8	92.8
202212	230L10100	76	移動時間	14.0	-7.0	-14.0		0.0	0.0
202212	230L10100	77	当月時間当り	1319.0	1777.8	2115.0		118.9	160.3
202212	230L10100	78	人員	69.0	66.0	65.0		98.4	94.2
202301	230L10100	1	総受注高	61740000.0	51290500.0	48630459.0		94.8	78.7
202301	230L10100	2	総売上高	61740000.0	51290500.0	48630459.0		94.8	78.7
202301	230L10100	3	売上高	62340000.0	51820500.0	49147832.0	101.0	94.8	78.8
202301	230L10100	4	グループ売上高	0.0	0.0	0.0	0.0	0.0	0.0
202301	230L10100	5	社内売上高	21000000.0	20317000.0	18793610.0	38.6	92.5	89.4
202301	230L10100	7	販売奨励金	-600000.0	-530000.0	-517373.0	0.0	0.0	0.0
202301	230L10100	8	売上原価	37200000.0	29146950.0	28300381.0	58.1	97.0	76.0
202301	230L10100	9	仕入高	8803440.0	4060000.0	4618301.0	9.4	113.7	52.4
202301	230L10100	10	グループ仕入高	23495700.0	20116950.0	18767540.0	38.5	93.2	79.8
202301	230L10100	11	社内仕入高	21000000.0	20317000.0	18793610.0	38.6	92.5	89.4
202301	230L10100	12	荷造運搬費	3425720.0	3000000.0	2984227.0	6.1	99.4	87.1
202301	230L10100	13	販売手数料	1475140.0	1970000.0	1930313.0	3.9	97.9	130.8
202301	230L10100	14	総収益	24540000.0	22143550.0	20330078.0	41.8	91.8	82.8
202301	230L10100	15	経費合計	27584630.0	24428161.0	20522244.0	42.2	84.0	74.3
202301	230L10100	16	経費合計（原価）	22328000.0	17596000.0	14856299.0	30.5	84.4	66.5
202301	230L10100	17	種苗費*	5661000.0	0.0	0.0	0.0	0.0	0.0
202301	230L10100	18	肥料費*	655000.0	601000.0	601295.0	1.2	100.0	91.8
202301	230L10100	19	培土費用*	0.0	0.0	0.0	0.0	0.0	0.0
202301	230L10100	20	農薬衛生費*	298000.0	395000.0	330957.0	0.6	83.7	111.0
202301	230L10100	21	農具費*	160000.0	947000.0	772267.0	1.5	81.5	482.6
202301	230L10100	22	諸材料費*	2990000.0	2791000.0	2877161.0	5.9	103.0	96.2
202301	230L10100	23	その他仕入高*	0.0	0.0	0.0	0.0	0.0	0.0
202301	230L10100	24	減価償却費*	4062000.0	3962000.0	3961097.0	8.1	99.9	97.5
202301	230L10100	25	車両費*	0.0	0.0	0.0	0.0	0.0	0.0
202301	230L10100	26	水道光熱費*	140000.0	160000.0	122304.0	0.2	76.4	87.3
202301	230L10100	27	動力費*	1830000.0	2030000.0	1769809.0	3.6	87.1	96.7
202301	230L10100	28	燃料費*	5163000.0	3153000.0	3031552.0	6.2	96.1	58.7
202301	230L10100	29	賃借料*	1249000.0	1249000.0	1248230.0	2.5	99.9	99.9
202301	230L10100	30	修繕費*	20000.0	2200000.0	42580.0	0.0	1.9	212.9
202301	230L10100	31	診断料*	52000.0	60000.0	59800.0	0.1	99.6	115.0
202301	230L10100	32	租税公課*	0.0	0.0	0.0	0.0	0.0	0.0
202301	230L10100	33	業務委託費*	0.0	0.0	0.0	0.0	0.0	0.0
202301	230L10100	34	雑費*	0.0	0.0	0.0	0.0	0.0	0.0
202301	230L10100	35	雑給*	48000.0	48000.0	39247.0	0.0	81.7	81.7
202301	230L10100	36	経費合計（販管費）	5256630.0	6832161.0	5665945.0	11.6	82.9	107.7
202301	230L10100	37	減価償却費	841488.0	841488.0	841488.0	1.7	100.0	100.0
202301	230L10100	38	車両費	484030.0	432930.0	434821.0	0.8	100.4	89.8
202301	230L10100	39	旅費交通費	30000.0	50000.0	47224.0	0.0	94.4	157.4
202301	230L10100	40	通信費	62418.0	68418.0	60270.0	0.1	88.0	96.5
202301	230L10100	41	水道光熱費	180000.0	220000.0	188140.0	0.3	85.5	104.5
202301	230L10100	42	事務用品費	35000.0	35000.0	21321.0	0.0	60.9	60.9
202301	230L10100	43	消耗品費	86612.0	200500.0	184939.0	0.3	92.2	213.5
202301	230L10100	44	廃棄物処理料	296000.0	1348000.0	1120287.0	2.3	83.1	378.4
202301	230L10100	45	広告宣伝費	3252.0	2000.0	0.0	0.0	0.0	0.0
202301	230L10100	46	接待交際費	0.0	0.0	0.0	0.0	0.0	0.0
202301	230L10100	47	賃借料	126500.0	126500.0	126000.0	0.2	99.6	99.6
202301	230L10100	48	賃貸料収入	-101000.0	-121000.0	-121000.0	0.0	0.0	0.0
202301	230L10100	49	修繕費	0.0	0.0	0.0	0.0	0.0	0.0
202301	230L10100	50	支払リース料	4375.0	4400.0	4400.0	0.0	100.0	100.5
202301	230L10100	51	保険料	161030.0	0.0	0.0	0.0	0.0	0.0
202301	230L10100	52	支払報酬	0.0	0.0	0.0	0.0	0.0	0.0
202301	230L10100	53	支払手数料	255000.0	787000.0	57333.0	0.1	7.2	22.4
202301	230L10100	54	診断料	0.0	0.0	0.0	0.0	0.0	0.0
202301	230L10100	55	諸会費	0.0	0.0	0.0	0.0	0.0	0.0
202301	230L10100	56	会議費	5000.0	5000.0	0.0	0.0	0.0	0.0
202301	230L10100	57	寄付金	0.0	0.0	0.0	0.0	0.0	0.0
202301	230L10100	58	租税公課	0.0	0.0	0.0	0.0	0.0	0.0
202301	230L10100	59	業務委託費	40000.0	0.0	0.0	0.0	0.0	0.0
202301	230L10100	60	業務受託収入	0.0	0.0	-145456.0	0.0	0.0	0.0
202301	230L10100	61	情報機器利用料	160800.0	146800.0	146480.0	0.3	99.7	91.0
202301	230L10100	62	貸倒金	0.0	0.0	0.0	0.0	0.0	0.0
202301	230L10100	63	雑費	59000.0	156000.0	164691.0	0.3	105.5	279.1
202301	230L10100	64	福利消耗品費	0.0	0.0	0.0	0.0	0.0	0.0
202301	230L10100	65	教育研修費	0.0	2000.0	7882.0	0.0	394.1	0.0
202301	230L10100	66	廃棄損	0.0	0.0	0.0	0.0	0.0	0.0
202301	230L10100	67	雑給	0.0	0.0	0.0	0.0	0.0	0.0
202301	230L10100	68	社内金利（固定資産）	1836125.0	1836125.0	1836125.0	3.7	100.0	100.0
202301	230L10100	69	社内金利（売掛金）	0.0	0.0	0.0	0.0	0.0	0.0
202301	230L10100	70	グループ共通	691000.0	691000.0	691000.0	1.4	100.0	100.0
202301	230L10100	71	差引収益	-3044630.0	-2284611.0	-192166.0	0.0	0.0	0.0
202301	230L10100	72	差引比率	-4.9	-4.4	-0.3		0.0	0.0
202301	230L10100	73	総時間	6271.0	6767.0	6612.75		97.7	105.4
202301	230L10100	74	定時間	6118.0	6594.0	6458.75		97.9	105.5
202301	230L10100	75	残業時間	139.0	176.0	154.0		87.5	110.7
202301	230L10100	76	移動時間	14.0	-3.0	0.0		0.0	0.0
202301	230L10100	77	当月時間当り	-485.5	-337.6	-29.0		0.0	0.0
202301	230L10100	78	人員	69.0	66.0	65.0		98.4	94.2
202302	230L10100	1	総受注高	60960000.0	48466000.0	46807350.0		96.5	76.7
202302	230L10100	2	総売上高	60960000.0	48466000.0	46807350.0		96.5	76.7
202302	230L10100	3	売上高	61560000.0	48866000.0	47199118.0	100.8	96.5	76.6
202302	230L10100	4	グループ売上高	0.0	0.0	0.0	0.0	0.0	0.0
202302	230L10100	5	社内売上高	21600000.0	19430000.0	19663386.0	42.0	101.2	91.0
202302	230L10100	7	販売奨励金	-600000.0	-400000.0	-391768.0	0.0	0.0	0.0
202302	230L10100	8	売上原価	36300000.0	26730600.0	25166849.0	53.7	94.1	69.3
202302	230L10100	9	仕入高	7449970.0	4510000.0	4857666.0	10.3	107.7	65.2
202302	230L10100	10	グループ仕入高	23864600.0	18050600.0	16117267.0	34.4	89.2	67.5
202302	230L10100	11	社内仕入高	21600000.0	19430000.0	19663386.0	42.0	101.2	91.0
202302	230L10100	12	荷造運搬費	3500570.0	2920000.0	2842016.0	6.0	97.3	81.1
202302	230L10100	13	販売手数料	1484860.0	1250000.0	1349900.0	2.8	107.9	90.9
202302	230L10100	14	総収益	24660000.0	21735400.0	21640501.0	46.2	99.5	87.7
202302	230L10100	15	経費合計	21924005.0	24484148.0	23986792.0	51.2	97.9	109.4
202302	230L10100	16	経費合計（原価）	16244000.0	18133000.0	17607095.0	37.6	97.0	108.3
202302	230L10100	17	種苗費*	0.0	2934000.0	2995686.0	6.4	102.1	0.0
202302	230L10100	18	肥料費*	855000.0	1075000.0	950415.0	2.0	88.4	111.1
202302	230L10100	19	培土費用*	0.0	0.0	0.0	0.0	0.0	0.0
202302	230L10100	20	農薬衛生費*	495000.0	200000.0	112785.0	0.2	56.3	22.7
202302	230L10100	21	農具費*	158000.0	265000.0	297095.0	0.6	112.1	188.0
202302	230L10100	22	諸材料費*	3072000.0	3250000.0	2857565.0	6.1	87.9	93.0
202302	230L10100	23	その他仕入高*	0.0	0.0	-10426.0	0.0	0.0	0.0
202302	230L10100	24	減価償却費*	4062000.0	3962000.0	3961097.0	8.4	99.9	97.5
202302	230L10100	25	車両費*	0.0	0.0	0.0	0.0	0.0	0.0
202302	230L10100	26	水道光熱費*	140000.0	125000.0	123648.0	0.2	98.9	88.3
202302	230L10100	27	動力費*	1830000.0	1860000.0	1722144.0	3.6	92.5	94.1
202302	230L10100	28	燃料費*	4300000.0	3150000.0	3292000.0	7.0	104.5	76.5
202302	230L10100	29	賃借料*	1249000.0	1249000.0	1248230.0	2.6	99.9	99.9
202302	230L10100	30	修繕費*	20000.0	0.0	30523.0	0.0	0.0	152.6
202302	230L10100	31	診断料*	15000.0	15000.0	12500.0	0.0	83.3	83.3
202302	230L10100	32	租税公課*	0.0	0.0	0.0	0.0	0.0	0.0
202302	230L10100	33	業務委託費*	0.0	0.0	0.0	0.0	0.0	0.0
202302	230L10100	34	雑費*	0.0	0.0	0.0	0.0	0.0	0.0
202302	230L10100	35	雑給*	48000.0	48000.0	13833.0	0.0	28.8	28.8
202302	230L10100	36	経費合計（販管費）	5680005.0	6351148.0	6379697.0	13.6	100.4	112.3
202302	230L10100	37	減価償却費	841488.0	841488.0	841488.0	1.7	100.0	100.0
202302	230L10100	38	車両費	484030.0	389930.0	393018.0	0.8	100.7	81.1
202302	230L10100	39	旅費交通費	30000.0	40000.0	19237.0	0.0	48.0	64.1
202302	230L10100	40	通信費	60418.0	65418.0	59427.0	0.1	90.8	98.3
202302	230L10100	41	水道光熱費	200000.0	240000.0	202092.0	0.4	84.2	101.0
202302	230L10100	42	事務用品費	35000.0	38000.0	22273.0	0.0	58.6	63.6
202302	230L10100	43	消耗品費	61000.0	173500.0	298428.0	0.6	172.0	489.2
202302	230L10100	44	廃棄物処理料	331000.0	287000.0	257737.0	0.5	89.8	77.8
202302	230L10100	45	広告宣伝費	25252.0	2000.0	0.0	0.0	0.0	0.0
202302	230L10100	46	接待交際費	30000.0	0.0	9624.0	0.0	0.0	32.0
202302	230L10100	47	賃借料	136500.0	126500.0	126000.0	0.2	99.6	92.3
202302	230L10100	48	賃貸料収入	-101000.0	-121000.0	-101000.0	0.0	0.0	0.0
202302	230L10100	49	修繕費	0.0	0.0	13500.0	0.0	0.0	0.0
202302	230L10100	50	支払リース料	4375.0	4400.0	4400.0	0.0	100.0	100.5
202302	230L10100	51	保険料	161030.0	0.0	0.0	0.0	0.0	0.0
202302	230L10100	52	支払報酬	0.0	0.0	0.0	0.0	0.0	0.0
202302	230L10100	53	支払手数料	55000.0	587000.0	571098.0	1.2	97.2	
202302	230L10100	54	診断料	0.0	0.0	0.0	0.0	0.0	0.0
202302	230L10100	55	諸会費	0.0	0.0	0.0	0.0	0.0	0.0
202302	230L10100	56	会議費	5000.0	5000.0	802.0	0.0	16.0	16.0
202302	230L10100	57	寄付金	0.0	0.0	0.0	0.0	0.0	0.0
202302	230L10100	58	租税公課	0.0	0.0	8.0	0.0	0.0	0.0
202302	230L10100	59	業務委託費	40000.0	0.0	0.0	0.0	0.0	0.0
202302	230L10100	60	業務受託収入	0.0	-40000.0	-29092.0	0.0	0.0	0.0
202302	230L10100	61	情報機器利用料	160800.0	146800.0	146480.0	0.3	99.7	91.0
202302	230L10100	62	貸倒金	0.0	0.0	0.0	0.0	0.0	0.0
202302	230L10100	63	雑費	617000.0	1054000.0	1032769.0	2.2	97.9	167.3
202302	230L10100	64	福利消耗品費	0.0	0.0	8296.0	0.0	0.0	0.0
202302	230L10100	65	教育研修費	0.0	8000.0	0.0	0.0	0.0	0.0
202302	230L10100	66	廃棄損	0.0	0.0	0.0	0.0	0.0	0.0
202302	230L10100	67	雑給	0.0	0.0	0.0	0.0	0.0	0.0
202302	230L10100	68	社内金利（固定資産）	1812112.0	1812112.0	1812112.0	3.8	100.0	100.0
202302	230L10100	69	社内金利（売掛金）	0.0	0.0	0.0	0.0	0.0	0.0
202302	230L10100	70	グループ共通	691000.0	691000.0	691000.0	1.4	100.0	100.0
202302	230L10100	71	差引収益	2735995.0	-2748748.0	-2346291.0	0.0	0.0	0.0
202302	230L10100	72	差引比率	4.4	-5.6	-5.0		0.0	0.0
202302	230L10100	73	総時間	6496.0	6633.0	6427.0		96.8	98.9
202302	230L10100	74	定時間	6328.0	6482.0	6281.75		96.9	99.2
202302	230L10100	75	残業時間	139.0	176.0	166.25		94.4	119.6
202302	230L10100	76	移動時間	29.0	-25.0	-21.0		0.0	0.0
202302	230L10100	77	当月時間当り	421.1	-414.4	-365.0		0.0	0.0
202302	230L10100	78	人員	69.0	66.0	65.0		98.4	94.2
202303	230L10100	1	総受注高	67770000.0	60857000.0	65175386.0		107.0	96.1
202303	230L10100	2	総売上高	67770000.0	60857000.0	65175386.0		107.0	96.1
202303	230L10100	3	売上高	68380000.0	61227000.0	65527114.0	100.5	107.0	95.8
202303	230L10100	4	グループ売上高	0.0	0.0	0.0	0.0	0.0	0.0
202303	230L10100	5	社内売上高	25500000.0	26791000.0	26808462.0	41.1	100.0	105.1
202303	230L10100	7	販売奨励金	-610000.0	-370000.0	-351728.0	0.0	0.0	0.0
202303	230L10100	8	売上原価	38890000.0	31087000.0	35322219.0	54.1	113.6	90.8
202303	230L10100	9	仕入高	7839990.0	4700000.0	5647025.0	8.6	120.1	72.0
202303	230L10100	10	グループ仕入高	25508500.0	21267000.0	24090415.0	36.9	113.2	94.4
202303	230L10100	11	社内仕入高	25500000.0	26791000.0	26808462.0	41.1	100.0	105.1
202303	230L10100	12	荷造運搬費	3979620.0	3850000.0	4339027.0	6.6	112.7	109.0
202303	230L10100	13	販売手数料	1561890.0	1270000.0	1245752.0	1.9	98.0	79.7
202303	230L10100	14	総収益	28880000.0	29770000.0	29853167.0	45.8	100.2	103.3
202303	230L10100	15	経費合計	21585378.0	24877471.0	25027153.0	38.3	100.6	115.9
202303	230L10100	16	経費合計（原価）	15302000.0	18872000.0	19692148.0	30.2	104.3	128.6
202303	230L10100	17	種苗費*	0.0	0.0	0.0	0.0	0.0	0.0
202303	230L10100	18	肥料費*	855000.0	1075000.0	1181484.0	1.8	109.9	138.1
202303	230L10100	19	培土費用*	0.0	0.0	0.0	0.0	0.0	0.0
202303	230L10100	20	農薬衛生費*	595000.0	479000.0	469745.0	0.7	98.0	78.9
202303	230L10100	21	農具費*	457000.0	475000.0	400466.0	0.6	84.3	87.6
202303	230L10100	22	諸材料費*	3864000.0	4034000.0	4173848.0	6.4	103.4	108.0
202303	230L10100	23	その他仕入高*	0.0	0.0	-3208.0	0.0	0.0	0.0
202303	230L10100	24	減価償却費*	4047000.0	3947000.0	3946755.0	6.0	99.9	97.5
202303	230L10100	25	車両費*	0.0	0.0	0.0	0.0	0.0	0.0
202303	230L10100	26	水道光熱費*	140000.0	140000.0	117504.0	0.1	83.9	83.9
202303	230L10100	27	動力費*	1330000.0	1186000.0	1186056.0	1.8	100.0	89.1
202303	230L10100	28	燃料費*	2580000.0	2700000.0	3272100.0	5.0	121.1	126.8
202303	230L10100	29	賃借料*	1249000.0	1249000.0	1248230.0	1.9	99.9	99.9
202303	230L10100	30	修繕費*	100000.0	3474000.0	3625438.0	5.5	104.3	
202303	230L10100	31	診断料*	25000.0	65000.0	25500.0	0.0	39.2	102.0
202303	230L10100	32	租税公課*	0.0	0.0	0.0	0.0	0.0	0.0
202303	230L10100	33	業務委託費*	0.0	0.0	0.0	0.0	0.0	0.0
202303	230L10100	34	雑費*	0.0	0.0	0.0	0.0	0.0	0.0
202303	230L10100	35	雑給*	60000.0	48000.0	48230.0	0.0	100.4	80.3
202303	230L10100	36	経費合計（販管費）	6283378.0	6005471.0	5335005.0	8.1	88.8	84.9
202303	230L10100	37	減価償却費	840799.0	840799.0	840799.0	1.2	100.0	100.0
202303	230L10100	38	車両費	488030.0	416930.0	372268.0	0.5	89.2	76.2
202303	230L10100	39	旅費交通費	30000.0	104000.0	113018.0	0.1	108.6	376.7
202303	230L10100	40	通信費	60418.0	65418.0	60177.0	0.0	91.9	99.6
202303	230L10100	41	水道光熱費	130000.0	125000.0	124665.0	0.1	99.7	95.8
202303	230L10100	42	事務用品費	35000.0	35000.0	20066.0	0.0	57.3	57.3
202303	230L10100	43	消耗品費	111000.0	301000.0	133649.0	0.2	44.4	120.4
202303	230L10100	44	廃棄物処理料	962000.0	287000.0	186700.0	0.2	65.0	19.4
202303	230L10100	45	広告宣伝費	38252.0	3000.0	12364.0	0.0	412.1	32.3
202303	230L10100	46	接待交際費	0.0	0.0	0.0	0.0	0.0	0.0
202303	230L10100	47	賃借料	126500.0	126500.0	126000.0	0.1	99.6	99.6
202303	230L10100	48	賃貸料収入	-101000.0	-121000.0	-101000.0	0.0	0.0	0.0
202303	230L10100	49	修繕費	100000.0	100000.0	0.0	0.0	0.0	0.0
202303	230L10100	50	支払リース料	4375.0	4400.0	4400.0	0.0	100.0	100.5
202303	230L10100	51	保険料	161030.0	681450.0	681450.0	1.0	100.0	423.1
202303	230L10100	52	支払報酬	0.0	0.0	0.0	0.0	0.0	0.0
202303	230L10100	53	支払手数料	93000.0	339000.0	92438.0	0.1	27.2	99.3
202303	230L10100	54	診断料	0.0	0.0	0.0	0.0	0.0	0.0
202303	230L10100	55	諸会費	0.0	0.0	0.0	0.0	0.0	0.0
202303	230L10100	56	会議費	5000.0	5000.0	3063.0	0.0	61.2	61.2
202303	230L10100	57	寄付金	0.0	0.0	0.0	0.0	0.0	0.0
202303	230L10100	58	租税公課	0.0	0.0	8000.0	0.0	0.0	0.0
202303	230L10100	59	業務委託費	40000.0	0.0	0.0	0.0	0.0	0.0
202303	230L10100	60	業務受託収入	0.0	0.0	-32728.0	0.0	0.0	0.0
202303	230L10100	61	情報機器利用料	160800.0	146800.0	146480.0	0.2	99.7	91.0
202303	230L10100	62	貸倒金	0.0	0.0	0.0	0.0	0.0	0.0
202303	230L10100	63	雑費	509000.0	56000.0	64022.0	0.0	114.3	12.5
202303	230L10100	64	福利消耗品費	0.0	0.0	0.0	0.0	0.0	0.0
202303	230L10100	65	教育研修費	10000.0	10000.0	0.0	0.0	0.0	0.0
202303	230L10100	66	廃棄損	0.0	0.0	0.0	0.0	0.0	0.0
202303	230L10100	67	雑給	0.0	0.0	0.0	0.0	0.0	0.0
202303	230L10100	68	社内金利（固定資産）	1788174.0	1788174.0	1788174.0	2.7	100.0	100.0
202303	230L10100	69	社内金利（売掛金）	0.0	0.0	0.0	0.0	0.0	0.0
202303	230L10100	70	グループ共通	691000.0	691000.0	691000.0	1.0	100.0	100.0
202303	230L10100	71	差引収益	7294622.0	4892529.0	4826014.0	7.4	98.6	66.1
202303	230L10100	72	差引比率	10.7	8.0	7.4		92.5	69.1
202303	230L10100	73	総時間	7269.0	7643.0	7381.25		96.5	101.5
202303	230L10100	74	定時間	7064.0	7442.0	7213.75		96.9	102.1
202303	230L10100	75	残業時間	176.0	201.0	162.5		80.8	92.3
202303	230L10100	76	移動時間	29.0	0.0	5.0		0.0	17.2
202303	230L10100	77	当月時間当り	1003.5	640.1	653.8		102.1	65.1
202303	230L10100	78	人員	69.0	65.0	65.0		100.0	94.2
202304	230L10100	1	総受注高	69211800.0	70404000.0	74854389.0		106.3	108.1
202304	230L10100	2	総売上高	69211800.0	70404000.0	74854389.0		106.3	108.1
202304	230L10100	3	売上高	69655500.0	70851000.0	75293804.0	100.5	106.2	108.0
202304	230L10100	4	グループ売上高	0.0	0.0	0.0	0.0	0.0	0.0
202304	230L10100	5	社内売上高	31000000.0	29597086.0	30815406.0	41.1	104.1	99.4
202304	230L10100	7	販売奨励金	-443700.0	-447000.0	-439415.0	0.0	0.0	0.0
202304	230L10100	8	売上原価	34649910.0	37169200.0	39109724.0	52.2	105.2	112.8
202304	230L10100	9	仕入高	4781000.0	4781000.0	5371573.0	7.1	112.3	112.3
202304	230L10100	10	グループ仕入高	23951810.0	26286200.0	28299531.0	37.8	107.6	118.1
202304	230L10100	11	社内仕入高	31000000.0	29597086.0	30815406.0	41.1	104.1	99.4
202304	230L10100	12	荷造運搬費	4468200.0	4452000.0	3972974.0	5.3	89.2	88.9
202304	230L10100	13	販売手数料	1448900.0	1650000.0	1465646.0	1.9	88.8	101.1
202304	230L10100	14	総収益	34561890.0	33234800.0	35744665.0	47.7	107.5	103.4
202304	230L10100	15	経費合計	23799635.0	23294871.0	24287497.0	32.4	104.2	102.0
202304	230L10100	16	経費合計（原価）	18318884.0	17757000.0	18819164.0	25.1	105.9	102.7
202304	230L10100	17	種苗費*	2680000.0	2683000.0	2784405.0	3.7	103.7	103.8
202304	230L10100	18	肥料費*	900000.0	900000.0	1224890.0	1.6	136.0	136.0
202304	230L10100	19	培土費用*	0.0	0.0	0.0	0.0	0.0	0.0
202304	230L10100	20	農薬衛生費*	440000.0	397000.0	273589.0	0.3	68.9	62.1
202304	230L10100	21	農具費*	630000.0	178000.0	831102.0	1.1	466.9	131.9
202304	230L10100	22	諸材料費*	6110000.0	6102000.0	5792268.0	7.7	94.9	94.7
202304	230L10100	23	その他仕入高*	0.0	0.0	0.0	0.0	0.0	0.0
202304	230L10100	24	減価償却費*	3748884.0	3749000.0	3748884.0	5.0	99.9	100.0
202304	230L10100	25	車両費*	0.0	0.0	0.0	0.0	0.0	0.0
202304	230L10100	26	水道光熱費*	160000.0	160000.0	124352.0	0.1	77.7	77.7
202304	230L10100	27	動力費*	1360000.0	1360000.0	1233276.0	1.6	90.6	90.6
202304	230L10100	28	燃料費*	860000.0	777000.0	760308.0	1.0	97.8	88.4
202304	230L10100	29	賃借料*	1240000.0	1249000.0	1248230.0	1.6	99.9	100.6
202304	230L10100	30	修繕費*	30000.0	30000.0	657908.0	0.8		
202304	230L10100	31	診断料*	70000.0	72000.0	22000.0	0.0	30.5	31.4
202304	230L10100	32	租税公課*	0.0	0.0	0.0	0.0	0.0	0.0
202304	230L10100	33	業務委託費*	0.0	0.0	0.0	0.0	0.0	0.0
202304	230L10100	34	雑費*	0.0	0.0	0.0	0.0	0.0	0.0
202304	230L10100	35	雑給*	90000.0	100000.0	117952.0	0.1	117.9	131.0
202304	230L10100	36	経費合計（販管費）	5480751.0	5537871.0	5468333.0	7.3	98.7	99.7
202304	230L10100	37	減価償却費	826212.0	826212.0	826212.0	1.1	100.0	100.0
202304	230L10100	38	車両費	397390.0	410390.0	381048.0	0.5	92.8	95.8
202304	230L10100	39	旅費交通費	60000.0	80000.0	90636.0	0.1	113.2	151.0
202304	230L10100	40	通信費	60000.0	64000.0	65414.0	0.0	102.2	109.0
202304	230L10100	41	水道光熱費	160000.0	160000.0	147594.0	0.1	92.2	92.2
202304	230L10100	42	事務用品費	33000.0	33000.0	34716.0	0.0	105.2	105.2
202304	230L10100	43	消耗品費	130000.0	130000.0	183075.0	0.2	140.8	140.8
202304	230L10100	44	廃棄物処理料	260000.0	264000.0	328237.0	0.4	124.3	126.2
202304	230L10100	45	広告宣伝費	0.0	2000.0	0.0	0.0	0.0	0.0
202304	230L10100	46	接待交際費	30000.0	5000.0	0.0	0.0	0.0	0.0
202304	230L10100	47	賃借料	117500.0	126500.0	126000.0	0.1	99.6	107.2
202304	230L10100	48	賃貸料収入	-120000.0	-121000.0	-121000.0	0.0	0.0	0.0
202304	230L10100	49	修繕費	0.0	0.0	0.0	0.0	0.0	0.0
202304	230L10100	50	支払リース料	0.0	4400.0	4400.0	0.0	100.0	0.0
202304	230L10100	51	保険料	195000.0	197020.0	48790.0	0.0	24.7	25.0
202304	230L10100	52	支払報酬	0.0	0.0	0.0	0.0	0.0	0.0
202304	230L10100	53	支払手数料	770000.0	771000.0	756504.0	1.0	98.1	98.2
202304	230L10100	54	診断料	0.0	0.0	0.0	0.0	0.0	0.0
202304	230L10100	55	諸会費	0.0	0.0	500.0	0.0	0.0	0.0
202304	230L10100	56	会議費	5000.0	5000.0	0.0	0.0	0.0	0.0
202304	230L10100	57	寄付金	0.0	0.0	0.0	0.0	0.0	0.0
202304	230L10100	58	租税公課	0.0	4000.0	4000.0	0.0	100.0	0.0
202304	230L10100	59	業務委託費	0.0	0.0	0.0	0.0	0.0	0.0
202304	230L10100	60	業務受託収入	-50000.0	-53000.0	-73001.0	0.0	0.0	0.0
202304	230L10100	61	情報機器利用料	136000.0	144000.0	145180.0	0.1	100.8	106.7
202304	230L10100	62	貸倒金	0.0	0.0	0.0	0.0	0.0	0.0
202304	230L10100	63	雑費	180000.0	186000.0	115579.0	0.1	62.1	64.2
202304	230L10100	64	福利消耗品費	0.0	1000.0	0.0	0.0	0.0	0.0
202304	230L10100	65	教育研修費	0.0	3000.0	2150.0	0.0	71.6	0.0
202304	230L10100	66	廃棄損	0.0	0.0	0.0	0.0	0.0	0.0
202304	230L10100	67	雑給	0.0	0.0	0.0	0.0	0.0	0.0
202304	230L10100	68	社内金利（固定資産）	1658349.0	1658349.0	1765299.0	2.3	106.4	106.4
202304	230L10100	69	社内金利（売掛金）	0.0	0.0	0.0	0.0	0.0	0.0
202304	230L10100	70	グループ共通	632300.0	637000.0	637000.0	0.8	100.0	100.7
202304	230L10100	71	差引収益	10762255.0	9939929.0	11457168.0	15.3	115.2	106.4
202304	230L10100	72	差引比率	15.5	14.1	15.3		108.5	98.7
202304	230L10100	73	総時間	7394.0	7158.0	7111.0		99.3	96.1
202304	230L10100	74	定時間	7171.0	6954.0	6784.25		97.5	94.6
202304	230L10100	75	残業時間	217.0	200.0	326.75		163.3	150.5
202304	230L10100	76	移動時間	6.0	4.0	0.0		0.0	0.0
202304	230L10100	77	当月時間当り	1455.5	1388.6	1611.1		116.0	110.6
202304	230L10100	78	人員	64.0	64.0	64.0		100.0	100.0
202305	230L10100	1	総受注高	71334300.0	70580000.0	70906410.0		100.4	99.4
202305	230L10100	2	総売上高	71334300.0	70580000.0	70906410.0		100.4	99.4
202305	230L10100	3	売上高	71830500.0	71098600.0	71418827.0	100.7	100.4	99.4
202305	230L10100	4	グループ売上高	0.0	0.0	0.0	0.0	0.0	0.0
202305	230L10100	5	社内売上高	30000000.0	31719253.0	31543978.0	44.4	99.4	105.1
202305	230L10100	7	販売奨励金	-496200.0	-518600.0	-512417.0	0.0	0.0	0.0
202305	230L10100	8	売上原価	37828780.0	36041800.0	36700216.0	51.7	101.8	97.0
202305	230L10100	9	仕入高	4519000.0	4519000.0	5889206.0	8.3	130.3	130.3
202305	230L10100	10	グループ仕入高	26971980.0	24744800.0	23854403.0	33.6	96.4	88.4
202305	230L10100	11	社内仕入高	30000000.0	31719253.0	31543978.0	44.4	99.4	105.1
202305	230L10100	12	荷造運搬費	4722500.0	4850000.0	4951058.0	6.9	102.0	104.8
202305	230L10100	13	販売手数料	1615300.0	1928000.0	2005549.0	2.8	104.0	124.1
202305	230L10100	14	総収益	33505520.0	34538200.0	34206194.0	48.2	99.0	102.0
202305	230L10100	15	経費合計	33461759.0	31000995.0	30842158.0	43.4	99.4	92.1
202305	230L10100	16	経費合計（原価）	19908884.0	17396000.0	18542533.0	26.1	106.5	93.1
202305	230L10100	17	種苗費*	3010000.0	3015000.0	3014310.0	4.2	99.9	100.1
202305	230L10100	18	肥料費*	1250000.0	1320000.0	1354351.0	1.9	102.6	108.3
202305	230L10100	19	培土費用*	0.0	0.0	0.0	0.0	0.0	0.0
202305	230L10100	20	農薬衛生費*	590000.0	655000.0	564183.0	0.7	86.1	95.6
202305	230L10100	21	農具費*	90000.0	105000.0	988272.0	1.3	941.2	
202305	230L10100	22	諸材料費*	4590000.0	4884000.0	5359184.0	7.5	109.7	116.7
202305	230L10100	23	その他仕入高*	0.0	0.0	0.0	0.0	0.0	0.0
202305	230L10100	24	減価償却費*	3748884.0	3749000.0	3748884.0	5.2	99.9	100.0
202305	230L10100	25	車両費*	0.0	0.0	0.0	0.0	0.0	0.0
202305	230L10100	26	水道光熱費*	160000.0	126000.0	125504.0	0.1	99.6	78.4
202305	230L10100	27	動力費*	1230000.0	1044000.0	1047968.0	1.4	100.3	85.2
202305	230L10100	28	燃料費*	690000.0	680000.0	670400.0	0.9	98.5	97.1
202305	230L10100	29	賃借料*	1240000.0	1249000.0	1248230.0	1.7	99.9	100.6
202305	230L10100	30	修繕費*	1760000.0	180000.0	0.0	0.0	0.0	0.0
202305	230L10100	31	診断料*	110000.0	172000.0	24283.0	0.0	14.1	22.0
202305	230L10100	32	租税公課*	0.0	0.0	0.0	0.0	0.0	0.0
202305	230L10100	33	業務委託費*	0.0	0.0	0.0	0.0	0.0	0.0
202305	230L10100	34	雑費*	1400000.0	0.0	76844.0	0.1	0.0	5.4
202305	230L10100	35	雑給*	40000.0	217000.0	320120.0	0.4	147.5	800.3
202305	230L10100	36	経費合計（販管費）	13552875.0	13604995.0	12299625.0	17.3	90.4	90.7
202305	230L10100	37	減価償却費	826212.0	826212.0	826212.0	1.1	100.0	100.0
202305	230L10100	38	車両費	417390.0	419390.0	379909.0	0.5	90.5	91.0
202305	230L10100	39	旅費交通費	60000.0	100000.0	81301.0	0.1	81.3	135.5
202305	230L10100	40	通信費	60000.0	64000.0	60104.0	0.0	93.9	100.1
202305	230L10100	41	水道光熱費	120000.0	113000.0	112606.0	0.1	99.6	93.8
202305	230L10100	42	事務用品費	33000.0	33000.0	38875.0	0.0	117.8	117.8
202305	230L10100	43	消耗品費	110000.0	90000.0	67304.0	0.0	74.7	61.1
202305	230L10100	44	廃棄物処理料	570000.0	296000.0	252419.0	0.3	85.2	44.2
202305	230L10100	45	広告宣伝費	20000.0	20000.0	0.0	0.0	0.0	0.0
202305	230L10100	46	接待交際費	30000.0	30000.0	0.0	0.0	0.0	0.0
202305	230L10100	47	賃借料	117500.0	206500.0	126000.0	0.1	61.0	107.2
202305	230L10100	48	賃貸料収入	-120000.0	-121000.0	-121000.0	0.0	0.0	0.0
202305	230L10100	49	修繕費	0.0	98000.0	0.0	0.0	0.0	0.0
202305	230L10100	50	支払リース料	0.0	4400.0	4400.0	0.0	100.0	0.0
202305	230L10100	51	保険料	150000.0	152020.0	0.0	0.0	0.0	0.0
202305	230L10100	52	支払報酬	0.0	0.0	0.0	0.0	0.0	0.0
202305	230L10100	53	支払手数料	60000.0	127000.0	119788.0	0.1	94.3	199.6
202305	230L10100	54	診断料	0.0	0.0	0.0	0.0	0.0	0.0
202305	230L10100	55	諸会費	0.0	9000.0	6000.0	0.0	66.6	0.0
202305	230L10100	56	会議費	5000.0	5000.0	0.0	0.0	0.0	0.0
202305	230L10100	57	寄付金	0.0	0.0	0.0	0.0	0.0	0.0
202305	230L10100	58	租税公課	8120000.0	8126000.0	7252600.0	10.2	89.2	89.3
202305	230L10100	59	業務委託費	0.0	0.0	0.0	0.0	0.0	0.0
202305	230L10100	60	業務受託収入	-50000.0	-53000.0	-71183.0	0.0	0.0	0.0
202305	230L10100	61	情報機器利用料	136000.0	144000.0	145180.0	0.2	100.8	106.7
202305	230L10100	62	貸倒金	0.0	0.0	0.0	0.0	0.0	0.0
202305	230L10100	63	雑費	560000.0	597000.0	616069.0	0.8	103.1	110.0
202305	230L10100	64	福利消耗品費	60000.0	46000.0	23618.0	0.0	51.3	39.3
202305	230L10100	65	教育研修費	0.0	0.0	0.0	0.0	0.0	0.0
202305	230L10100	66	廃棄損	0.0	0.0	0.0	0.0	0.0	0.0
202305	230L10100	67	雑給	0.0	0.0	0.0	0.0	0.0	0.0
202305	230L10100	68	社内金利（固定資産）	1635473.0	1635473.0	1742423.0	2.4	106.5	106.5
202305	230L10100	69	社内金利（売掛金）	0.0	0.0	0.0	0.0	0.0	0.0
202305	230L10100	70	グループ共通	632300.0	637000.0	637000.0	0.8	100.0	100.7
202305	230L10100	71	差引収益	43761.0	3537205.0	3364036.0	4.7	95.1	
202305	230L10100	72	差引比率	0.0	5.0	4.7		94.0	0.0
202305	230L10100	73	総時間	8706.25	8199.0	8111.0		98.9	93.1
202305	230L10100	74	定時間	8298.0	7796.0	7499.25		96.1	90.3
202305	230L10100	75	残業時間	398.25	393.0	613.75		156.1	154.1
202305	230L10100	76	移動時間	10.0	10.0	-2.0		0.0	0.0
202305	230L10100	77	当月時間当り	5.0	431.4	414.7		96.1	
202305	230L10100	78	人員	64.0	64.0	63.0		98.4	98.4
202306	230L10100	1	総受注高	73043800.0	74015800.0	68131203.0		92.0	93.2
202306	230L10100	2	総売上高	73043800.0	74015800.0	68131203.0		92.0	93.2
202306	230L10100	3	売上高	73526500.0	74595800.0	68698950.0	100.8	92.0	93.4
202306	230L10100	4	グループ売上高	0.0	0.0	0.0	0.0	0.0	0.0
202306	230L10100	5	社内売上高	33000000.0	36143184.0	33885062.0	49.7	93.7	102.6
202306	230L10100	7	販売奨励金	-482700.0	-580000.0	-567747.0	0.0	0.0	0.0
202306	230L10100	8	売上原価	36278590.0	34766320.0	32059335.0	47.0	92.2	88.3
202306	230L10100	9	仕入高	4519000.0	4674000.0	5194025.0	7.6	111.1	114.9
202306	230L10100	10	グループ仕入高	25555790.0	23312320.0	20165082.0	29.5	86.4	78.9
202306	230L10100	11	社内仕入高	33000000.0	36143184.0	33885062.0	49.7	93.7	102.6
202306	230L10100	12	荷造運搬費	4683800.0	4800000.0	4701502.0	6.9	97.9	100.3
202306	230L10100	13	販売手数料	1520000.0	1980000.0	1998726.0	2.9	100.9	131.4
202306	230L10100	14	総収益	36765210.0	39249480.0	36071868.0	52.9	91.9	98.1
202306	230L10100	15	経費合計	21408884.0	24319100.0	25992086.0	38.1	106.8	121.4
202306	230L10100	16	経費合計（原価）	16818884.0	19604000.0	21172897.0	31.0	108.0	125.8
202306	230L10100	17	種苗費*	0.0	0.0	0.0	0.0	0.0	0.0
202306	230L10100	18	肥料費*	770000.0	996000.0	1665829.0	2.4	167.2	216.3
202306	230L10100	19	培土費用*	3890000.0	3897000.0	3896640.0	5.7	99.9	100.1
202306	230L10100	20	農薬衛生費*	360000.0	310000.0	485267.0	0.7	156.5	134.7
202306	230L10100	21	農具費*	60000.0	83000.0	54027.0	0.0	65.0	90.0
202306	230L10100	22	諸材料費*	4340000.0	5364000.0	6172642.0	9.0	115.0	142.2
202306	230L10100	23	その他仕入高*	0.0	0.0	0.0	0.0	0.0	0.0
202306	230L10100	24	減価償却費*	3748884.0	3749000.0	3748884.0	5.5	99.9	100.0
202306	230L10100	25	車両費*	0.0	0.0	0.0	0.0	0.0	0.0
202306	230L10100	26	水道光熱費*	160000.0	167000.0	166656.0	0.2	99.7	104.1
202306	230L10100	27	動力費*	1830000.0	1016000.0	1016050.0	1.4	100.0	55.5
202306	230L10100	28	燃料費*	0.0	0.0	0.0	0.0	0.0	0.0
202306	230L10100	29	賃借料*	1240000.0	1249000.0	1248230.0	1.8	99.9	100.6
202306	230L10100	30	修繕費*	30000.0	48000.0	3690.0	0.0	7.6	12.3
202306	230L10100	31	診断料*	80000.0	107000.0	136400.0	0.2	127.4	170.5
202306	230L10100	32	租税公課*	0.0	0.0	0.0	0.0	0.0	0.0
202306	230L10100	33	業務委託費*	0.0	0.0	0.0	0.0	0.0	0.0
202306	230L10100	34	雑費*	240000.0	2050000.0	2006500.0	2.9	97.8	836.0
202306	230L10100	35	雑給*	70000.0	568000.0	572082.0	0.8	100.7	817.2
202306	230L10100	36	経費合計（販管費）	4590000.0	4715100.0	4819189.0	7.0	102.2	104.9
202306	230L10100	37	減価償却費	826212.0	826212.0	826212.0	1.2	100.0	100.0
202306	230L10100	38	車両費	357390.0	359390.0	338892.0	0.4	94.2	94.8
202306	230L10100	39	旅費交通費	60000.0	140000.0	70846.0	0.1	50.6	118.0
202306	230L10100	40	通信費	60000.0	64000.0	60609.0	0.0	94.7	101.0
202306	230L10100	41	水道光熱費	150000.0	130000.0	127909.0	0.1	98.3	85.2
202306	230L10100	42	事務用品費	33000.0	33000.0	19501.0	0.0	59.0	59.0
202306	230L10100	43	消耗品費	60000.0	85000.0	71996.0	0.1	84.7	119.9
202306	230L10100	44	廃棄物処理料	290000.0	515000.0	368873.0	0.5	71.6	127.1
202306	230L10100	45	広告宣伝費	0.0	0.0	0.0	0.0	0.0	0.0
202306	230L10100	46	接待交際費	30000.0	3000.0	0.0	0.0	0.0	0.0
202306	230L10100	47	賃借料	117500.0	126500.0	126000.0	0.1	99.6	107.2
202306	230L10100	48	賃貸料収入	-120000.0	-121000.0	-121000.0	0.0	0.0	0.0
202306	230L10100	49	修繕費	0.0	0.0	0.0	0.0	0.0	0.0
202306	230L10100	50	支払リース料	0.0	4400.0	4400.0	0.0	100.0	0.0
202306	230L10100	51	保険料	150000.0	0.0	341050.0	0.5	0.0	227.3
202306	230L10100	52	支払報酬	20000.0	27000.0	48000.0	0.0	177.7	240.0
202306	230L10100	53	支払手数料	120000.0	67000.0	57034.0	0.0	85.1	47.5
202306	230L10100	54	診断料	0.0	0.0	0.0	0.0	0.0	0.0
202306	230L10100	55	諸会費	0.0	5000.0	5500.0	0.0	110.0	0.0
202306	230L10100	56	会議費	5000.0	5000.0	0.0	0.0	0.0	0.0
202306	230L10100	57	寄付金	0.0	0.0	0.0	0.0	0.0	0.0
202306	230L10100	58	租税公課	0.0	0.0	10081.0	0.0	0.0	0.0
202306	230L10100	59	業務委託費	0.0	0.0	0.0	0.0	0.0	0.0
202306	230L10100	60	業務受託収入	-50000.0	-53000.0	-143914.0	0.0	0.0	0.0
202306	230L10100	61	情報機器利用料	136000.0	144000.0	145180.0	0.2	100.8	106.7
202306	230L10100	62	貸倒金	0.0	0.0	0.0	0.0	0.0	0.0
202306	230L10100	63	雑費	90000.0	99000.0	102571.0	0.1	103.6	113.9
202306	230L10100	64	福利消耗品費	0.0	6000.0	2901.0	0.0	48.3	0.0
202306	230L10100	65	教育研修費	10000.0	0.0	0.0	0.0	0.0	0.0
202306	230L10100	66	廃棄損	0.0	0.0	0.0	0.0	0.0	0.0
202306	230L10100	67	雑給	0.0	0.0	0.0	0.0	0.0	0.0
202306	230L10100	68	社内金利（固定資産）	1612598.0	1612598.0	1719548.0	2.5	106.6	106.6
202306	230L10100	69	社内金利（売掛金）	0.0	0.0	0.0	0.0	0.0	0.0
202306	230L10100	70	グループ共通	632300.0	637000.0	637000.0	0.9	100.0	100.7
202306	230L10100	71	差引収益	15356326.0	14930380.0	10079782.0	14.7	67.5	65.6
202306	230L10100	72	差引比率	21.0	20.1	14.7		73.1	70.0
202306	230L10100	73	総時間	7967.75	8291.0	8691.25		104.8	109.0
202306	230L10100	74	定時間	7770.0	7777.0	7895.25		101.5	101.6
202306	230L10100	75	残業時間	203.75	512.0	793.0		154.8	389.2
202306	230L10100	76	移動時間	-6.0	2.0	3.0		150.0	0.0
202306	230L10100	77	当月時間当り	1927.3	1800.7	1159.7		64.4	60.1
202306	230L10100	78	人員	64.0	67.0	66.0		98.5	103.1
202307	230L10100	1	総受注高	48967800.0	52804500.0	58253942.0		110.3	118.9
202307	230L10100	2	総売上高	48967800.0	52804500.0	58253942.0		110.3	118.9
202307	230L10100	3	売上高	49472500.0	53425500.0	58861245.0	101.0	110.1	118.9
202307	230L10100	4	グループ売上高	0.0	0.0	0.0	0.0	0.0	0.0
202307	230L10100	5	社内売上高	27000000.0	33279680.0	38052541.0	65.3	114.3	140.9
202307	230L10100	7	販売奨励金	-504700.0	-621000.0	-607303.0	0.0	0.0	0.0
202307	230L10100	8	売上原価	19466560.0	17809280.0	18126836.0	31.1	101.7	93.1
202307	230L10100	9	仕入高	7120000.0	3014380.0	3456811.0	5.9	114.6	48.5
202307	230L10100	10	グループ仕入高	8201060.0	9916300.0	9448979.0	16.2	95.2	115.2
202307	230L10100	11	社内仕入高	27000000.0	33279680.0	38052541.0	65.3	114.3	140.9
202307	230L10100	12	荷造運搬費	2593500.0	2830000.0	3203804.0	5.4	113.2	123.5
202307	230L10100	13	販売手数料	1552000.0	2048600.0	2017242.0	3.4	98.4	129.9
202307	230L10100	14	総収益	29501240.0	34995220.0	40127106.0	68.8	114.6	136.0
202307	230L10100	15	経費合計	17396008.0	20089906.0	20533679.0	35.2	102.2	118.0
202307	230L10100	16	経費合計（原価）	12338884.0	15065000.0	15648271.0	26.8	103.8	126.8
202307	230L10100	17	種苗費*	0.0	1454000.0	1454500.0	2.4	100.0	0.0
202307	230L10100	18	肥料費*	760000.0	1109000.0	1348361.0	2.3	121.5	177.4
202307	230L10100	19	培土費用*	0.0	14000.0	0.0	0.0	0.0	0.0
202307	230L10100	20	農薬衛生費*	320000.0	370000.0	394150.0	0.6	106.5	123.1
202307	230L10100	21	農具費*	50000.0	148000.0	149860.0	0.2	101.2	299.7
202307	230L10100	22	諸材料費*	4150000.0	4720000.0	4865560.0	8.3	103.0	117.2
202307	230L10100	23	その他仕入高*	0.0	0.0	0.0	0.0	0.0	0.0
202307	230L10100	24	減価償却費*	3748884.0	3749000.0	3757523.0	6.4	100.2	100.2
202307	230L10100	25	車両費*	0.0	0.0	0.0	0.0	0.0	0.0
202307	230L10100	26	水道光熱費*	160000.0	170000.0	161280.0	0.2	94.8	100.8
202307	230L10100	27	動力費*	1730000.0	925000.0	924662.0	1.5	99.9	53.4
202307	230L10100	28	燃料費*	0.0	6000.0	0.0	0.0	0.0	0.0
202307	230L10100	29	賃借料*	1240000.0	1249000.0	1248230.0	2.1	99.9	100.6
202307	230L10100	30	修繕費*	30000.0	186000.0	189576.0	0.3	101.9	631.9
202307	230L10100	31	診断料*	80000.0	67000.0	3964.0	0.0	5.9	4.9
202307	230L10100	32	租税公課*	0.0	0.0	0.0	0.0	0.0	0.0
202307	230L10100	33	業務委託費*	0.0	0.0	0.0	0.0	0.0	0.0
202307	230L10100	34	雑費*	0.0	200000.0	187780.0	0.3	93.8	0.0
202307	230L10100	35	雑給*	70000.0	698000.0	962825.0	1.6	137.9	
202307	230L10100	36	経費合計（販管費）	5057124.0	5024906.0	4885408.0	8.3	97.2	96.6
202307	230L10100	37	減価償却費	826212.0	826212.0	826212.0	1.4	100.0	100.0
202307	230L10100	38	車両費	347390.0	375390.0	378406.0	0.6	100.8	108.9
202307	230L10100	39	旅費交通費	60000.0	160000.0	123959.0	0.2	77.4	206.5
202307	230L10100	40	通信費	60000.0	64000.0	60219.0	0.1	94.0	100.3
202307	230L10100	41	水道光熱費	190000.0	100000.0	99432.0	0.1	99.4	52.3
202307	230L10100	42	事務用品費	33000.0	33000.0	19543.0	0.0	59.2	59.2
202307	230L10100	43	消耗品費	240000.0	170000.0	101091.0	0.1	59.4	42.1
202307	230L10100	44	廃棄物処理料	330000.0	337000.0	324919.0	0.5	96.4	98.4
202307	230L10100	45	広告宣伝費	20000.0	0.0	0.0	0.0	0.0	0.0
202307	230L10100	46	接待交際費	30000.0	0.0	2728.0	0.0	0.0	9.0
202307	230L10100	47	賃借料	117500.0	126500.0	126000.0	0.2	99.6	107.2
202307	230L10100	48	賃貸料収入	-120000.0	-121000.0	-121000.0	0.0	0.0	0.0
202307	230L10100	49	修繕費	0.0	42000.0	0.0	0.0	0.0	0.0
202307	230L10100	50	支払リース料	0.0	4400.0	4400.0	0.0	100.0	0.0
202307	230L10100	51	保険料	150000.0	113682.0	113682.0	0.1	100.0	75.7
202307	230L10100	52	支払報酬	320000.0	320000.0	312421.0	0.5	97.6	97.6
202307	230L10100	53	支払手数料	60000.0	67000.0	54334.0	0.0	81.0	90.5
202307	230L10100	54	診断料	0.0	0.0	0.0	0.0	0.0	0.0
202307	230L10100	55	諸会費	0.0	0.0	0.0	0.0	0.0	0.0
202307	230L10100	56	会議費	5000.0	0.0	1819.0	0.0	0.0	36.3
202307	230L10100	57	寄付金	0.0	0.0	0.0	0.0	0.0	0.0
202307	230L10100	58	租税公課	0.0	0.0	0.0	0.0	0.0	0.0
202307	230L10100	59	業務委託費	0.0	0.0	0.0	0.0	0.0	0.0
202307	230L10100	60	業務受託収入	-50000.0	-53000.0	-142091.0	0.0	0.0	0.0
202307	230L10100	61	情報機器利用料	136000.0	144000.0	145180.0	0.2	100.8	106.7
202307	230L10100	62	貸倒金	0.0	0.0	0.0	0.0	0.0	0.0
202307	230L10100	63	雑費	80000.0	86000.0	114297.0	0.1	132.9	142.8
202307	230L10100	64	福利消耗品費	0.0	3000.0	4416.0	0.0	147.2	0.0
202307	230L10100	65	教育研修費	0.0	0.0	0.0	0.0	0.0	0.0
202307	230L10100	66	廃棄損	0.0	0.0	0.0	0.0	0.0	0.0
202307	230L10100	67	雑給	0.0	0.0	0.0	0.0	0.0	0.0
202307	230L10100	68	社内金利（固定資産）	1589722.0	1589722.0	1698441.0	2.9	106.8	106.8
202307	230L10100	69	社内金利（売掛金）	0.0	0.0	0.0	0.0	0.0	0.0
202307	230L10100	70	グループ共通	632300.0	637000.0	637000.0	1.0	100.0	100.7
202307	230L10100	71	差引収益	12105232.0	14905314.0	19593427.0	33.6	131.4	161.8
202307	230L10100	72	差引比率	24.7	28.2	33.6		119.1	136.0
202307	230L10100	73	総時間	7753.5	8190.0	8432.25		102.9	108.7
202307	230L10100	74	定時間	7506.0	7600.0	7553.75		99.3	100.6
202307	230L10100	75	残業時間	253.5	580.0	857.5		147.8	338.2
202307	230L10100	76	移動時間	-6.0	10.0	21.0		210.0	0.0
202307	230L10100	77	当月時間当り	1561.2	1819.9	2323.6		127.6	148.8
202307	230L10100	78	人員	64.0	72.0	71.0		98.6	110.9
202308	230L10100	1	総受注高	44090600.0	44123675.0	45616726.0		103.3	103.4
202308	230L10100	2	総売上高	44090600.0	44123675.0	45616726.0		103.3	103.4
202308	230L10100	3	売上高	44596500.0	44624675.0	46101584.0	101.0	103.3	103.3
202308	230L10100	4	グループ売上高	0.0	0.0	0.0	0.0	0.0	0.0
202308	230L10100	5	社内売上高	30000000.0	28773514.0	29657014.0	65.0	103.0	98.8
202308	230L10100	7	販売奨励金	-505900.0	-501000.0	-484858.0	0.0	0.0	0.0
202308	230L10100	8	売上原価	12244200.0	13777380.0	14361404.0	31.4	104.2	117.2
202308	230L10100	9	仕入高	4945000.0	4843380.0	5469570.0	11.9	112.9	110.6
202308	230L10100	10	グループ仕入高	3694100.0	5049000.0	4745547.0	10.4	93.9	128.4
202308	230L10100	11	社内仕入高	30000000.0	28773514.0	29657014.0	65.0	103.0	98.8
202308	230L10100	12	荷造運搬費	2204100.0	2300000.0	2489154.0	5.4	108.2	112.9
202308	230L10100	13	販売手数料	1401000.0	1585000.0	1657133.0	3.6	104.5	118.2
202308	230L10100	14	総収益	31846400.0	30346295.0	31255322.0	68.5	102.9	98.1
202308	230L10100	15	経費合計	23913133.0	22638871.0	23519211.0	51.5	103.8	98.3
202308	230L10100	16	経費合計（原価）	18468884.0	16890000.0	17534089.0	38.4	103.8	94.9
202308	230L10100	17	種苗費*	1590000.0	0.0	0.0	0.0	0.0	0.0
202308	230L10100	18	肥料費*	1090000.0	1689000.0	1827199.0	4.0	108.1	167.6
202308	230L10100	19	培土費用*	1260000.0	12000.0	11310.0	0.0	94.2	0.8
202308	230L10100	20	農薬衛生費*	320000.0	370000.0	344554.0	0.7	93.1	107.6
202308	230L10100	21	農具費*	1180000.0	1125000.0	1109946.0	2.4	98.6	94.0
202308	230L10100	22	諸材料費*	4690000.0	5721000.0	5570151.0	12.2	97.3	118.7
202308	230L10100	23	その他仕入高*	0.0	0.0	0.0	0.0	0.0	0.0
202308	230L10100	24	減価償却費*	3748884.0	3749000.0	3767915.0	8.2	100.5	100.5
202308	230L10100	25	車両費*	0.0	0.0	0.0	0.0	0.0	0.0
202308	230L10100	26	水道光熱費*	160000.0	170000.0	167360.0	0.3	98.4	104.6
202308	230L10100	27	動力費*	2130000.0	1488000.0	1498744.0	3.2	100.7	70.3
202308	230L10100	28	燃料費*	0.0	20000.0	0.0	0.0	0.0	0.0
202308	230L10100	29	賃借料*	1240000.0	1249000.0	1248230.0	2.7	99.9	100.6
202308	230L10100	30	修繕費*	30000.0	30000.0	13739.0	0.0	45.7	45.7
202308	230L10100	31	診断料*	20000.0	59000.0	73800.0	0.1	125.0	369.0
202308	230L10100	32	租税公課*	0.0	0.0	0.0	0.0	0.0	0.0
202308	230L10100	33	業務委託費*	0.0	0.0	0.0	0.0	0.0	0.0
202308	230L10100	34	雑費*	900000.0	540000.0	825294.0	1.8	152.8	91.6
202308	230L10100	35	雑給*	110000.0	668000.0	1075847.0	2.3	161.0	978.0
202308	230L10100	36	経費合計（販管費）	5444249.0	5748871.0	5985122.0	13.1	104.1	109.9
202308	230L10100	37	減価償却費	826212.0	826212.0	826212.0	1.8	100.0	100.0
202308	230L10100	38	車両費	347390.0	355390.0	406896.0	0.8	114.4	117.1
202308	230L10100	39	旅費交通費	80000.0	100000.0	82454.0	0.1	82.4	103.0
202308	230L10100	40	通信費	60000.0	64000.0	63067.0	0.1	98.5	105.1
202308	230L10100	41	水道光熱費	200000.0	162000.0	180830.0	0.3	111.6	90.4
202308	230L10100	42	事務用品費	33000.0	33000.0	23933.0	0.0	72.5	72.5
202308	230L10100	43	消耗品費	60000.0	60000.0	240833.0	0.5	401.3	401.3
202308	230L10100	44	廃棄物処理料	1130000.0	1206000.0	1111328.0	2.4	92.1	98.3
202308	230L10100	45	広告宣伝費	0.0	0.0	0.0	0.0	0.0	0.0
202308	230L10100	46	接待交際費	30000.0	0.0	0.0	0.0	0.0	0.0
202308	230L10100	47	賃借料	117500.0	126500.0	126000.0	0.2	99.6	107.2
202308	230L10100	48	賃貸料収入	-120000.0	-121000.0	-121000.0	0.0	0.0	0.0
202308	230L10100	49	修繕費	0.0	260000.0	212000.0	0.4	81.5	0.0
202308	230L10100	50	支払リース料	0.0	12240.0	12240.0	0.0	100.0	0.0
202308	230L10100	51	保険料	150000.0	113682.0	113682.0	0.2	100.0	75.7
202308	230L10100	52	支払報酬	0.0	0.0	0.0	0.0	0.0	0.0
202308	230L10100	53	支払手数料	60000.0	67000.0	50770.0	0.1	75.7	84.6
202308	230L10100	54	診断料	0.0	0.0	0.0	0.0	0.0	0.0
202308	230L10100	55	諸会費	0.0	0.0	0.0	0.0	0.0	0.0
202308	230L10100	56	会議費	5000.0	0.0	0.0	0.0	0.0	0.0
202308	230L10100	57	寄付金	0.0	0.0	0.0	0.0	0.0	0.0
202308	230L10100	58	租税公課	0.0	0.0	12.0	0.0	0.0	0.0
202308	230L10100	59	業務委託費	0.0	0.0	0.0	0.0	0.0	0.0
202308	230L10100	60	業務受託収入	-50000.0	-53000.0	-73547.0	0.0	0.0	0.0
202308	230L10100	61	情報機器利用料	136000.0	144000.0	145180.0	0.3	100.8	106.7
202308	230L10100	62	貸倒金	0.0	0.0	0.0	0.0	0.0	0.0
202308	230L10100	63	雑費	180000.0	186000.0	269581.0	0.5	144.9	149.7
202308	230L10100	64	福利消耗品費	0.0	3000.0	0.0	0.0	0.0	0.0
202308	230L10100	65	教育研修費	0.0	0.0	0.0	0.0	0.0	0.0
202308	230L10100	66	廃棄損	0.0	0.0	0.0	0.0	0.0	0.0
202308	230L10100	67	雑給	0.0	0.0	0.0	0.0	0.0	0.0
202308	230L10100	68	社内金利（固定資産）	1566847.0	1566847.0	1677651.0	3.6	107.0	107.0
202308	230L10100	69	社内金利（売掛金）	0.0	0.0	0.0	0.0	0.0	0.0
202308	230L10100	70	グループ共通	632300.0	637000.0	637000.0	1.3	100.0	100.7
202308	230L10100	71	差引収益	7933267.0	7707424.0	7736111.0	16.9	100.3	97.5
202308	230L10100	72	差引比率	17.9	17.4	16.9		97.1	94.4
202308	230L10100	73	総時間	8709.0	8461.0	7988.25		94.4	91.7
202308	230L10100	74	定時間	8208.0	7808.0	7183.75		92.0	87.5
202308	230L10100	75	残業時間	515.0	630.0	777.0		123.3	150.8
202308	230L10100	76	移動時間	-14.0	23.0	27.5		119.5	0.0
202308	230L10100	77	当月時間当り	910.9	910.9	968.4		106.3	106.3
202308	230L10100	78	人員	64.0	72.0	71.0		98.6	110.9
202309	230L10100	1	総受注高	41556600.0	29425100.0	38709150.0		131.5	93.1
202309	230L10100	2	総売上高	41556600.0	29425100.0	38709150.0		131.5	93.1
202309	230L10100	3	売上高	42014000.0	29909100.0	39177726.0	101.2	130.9	93.2
202309	230L10100	4	グループ売上高	0.0	0.0	0.0	0.0	0.0	0.0
202309	230L10100	5	社内売上高	29000000.0	18374120.0	24867235.0	64.2	135.3	85.7
202309	230L10100	7	販売奨励金	-457400.0	-484000.0	-468576.0	0.0	0.0	0.0
202309	230L10100	8	売上原価	11289765.0	10873210.0	12515903.0	32.3	115.1	110.8
202309	230L10100	9	仕入高	3405000.0	3715210.0	3881759.0	10.0	104.4	114.0
202309	230L10100	10	グループ仕入高	4335000.0	3995000.0	5310134.0	13.7	132.9	122.4
202309	230L10100	11	社内仕入高	29000000.0	18374120.0	24867235.0	64.2	135.3	85.7
202309	230L10100	12	荷造運搬費	2168700.0	1760000.0	1932125.0	4.9	109.7	89.0
202309	230L10100	13	販売手数料	1381065.0	1403000.0	1391885.0	3.5	99.2	100.7
202309	230L10100	14	総収益	30266835.0	18551890.0	26193247.0	67.6	141.1	86.5
202309	230L10100	15	経費合計	21610977.0	18962075.0	20007035.0	51.6	105.5	92.5
202309	230L10100	16	経費合計（原価）	16138884.0	14371000.0	15626296.0	40.3	108.7	96.8
202309	230L10100	17	種苗費*	2490000.0	1856000.0	1855250.0	4.7	99.9	74.5
202309	230L10100	18	肥料費*	1040000.0	1450000.0	2017385.0	5.2	139.1	193.9
202309	230L10100	19	培土費用*	0.0	10000.0	9789.0	0.0	97.8	0.0
202309	230L10100	20	農薬衛生費*	680000.0	737000.0	1007908.0	2.6	136.7	148.2
202309	230L10100	21	農具費*	20000.0	94000.0	98356.0	0.2	104.6	491.7
202309	230L10100	22	諸材料費*	4090000.0	2856000.0	3182236.0	8.2	111.4	77.8
202309	230L10100	23	その他仕入高*	0.0	0.0	0.0	0.0	0.0	0.0
202309	230L10100	24	減価償却費*	3748884.0	3749000.0	3767915.0	9.7	100.5	100.5
202309	230L10100	25	車両費*	0.0	0.0	0.0	0.0	0.0	0.0
202309	230L10100	26	水道光熱費*	160000.0	170000.0	166656.0	0.4	98.0	104.1
202309	230L10100	27	動力費*	2130000.0	1597000.0	1596892.0	4.1	99.9	74.9
202309	230L10100	28	燃料費*	0.0	0.0	0.0	0.0	0.0	0.0
202309	230L10100	29	賃借料*	1240000.0	1249000.0	1248230.0	3.2	99.9	100.6
202309	230L10100	30	修繕費*	110000.0	110000.0	26059.0	0.0	23.6	23.6
202309	230L10100	31	診断料*	20000.0	27000.0	22000.0	0.0	81.4	110.0
202309	230L10100	32	租税公課*	0.0	0.0	0.0	0.0	0.0	0.0
202309	230L10100	33	業務委託費*	0.0	0.0	0.0	0.0	0.0	0.0
202309	230L10100	34	雑費*	320000.0	353000.0	353000.0	0.9	100.0	110.3
202309	230L10100	35	雑給*	90000.0	113000.0	274620.0	0.7	243.0	305.1
202309	230L10100	36	経費合計（販管費）	5472093.0	4591075.0	4380739.0	11.3	95.4	80.0
202309	230L10100	37	減価償却費	826212.0	826212.0	826212.0	2.1	100.0	100.0
202309	230L10100	38	車両費	367390.0	369390.0	363102.0	0.9	98.2	98.8
202309	230L10100	39	旅費交通費	80720.0	80720.0	31616.0	0.0	39.1	39.1
202309	230L10100	40	通信費	60000.0	64000.0	63185.0	0.1	98.7	105.3
202309	230L10100	41	水道光熱費	210000.0	175000.0	174084.0	0.4	99.4	82.8
202309	230L10100	42	事務用品費	33000.0	33000.0	29085.0	0.0	88.1	88.1
202309	230L10100	43	消耗品費	70000.0	70000.0	50890.0	0.1	72.7	72.7
202309	230L10100	44	廃棄物処理料	330000.0	270000.0	205782.0	0.5	76.2	62.3
202309	230L10100	45	広告宣伝費	320000.0	20000.0	0.0	0.0	0.0	0.0
202309	230L10100	46	接待交際費	30000.0	0.0	0.0	0.0	0.0	0.0
202309	230L10100	47	賃借料	117500.0	126500.0	106000.0	0.2	83.7	90.2
202309	230L10100	48	賃貸料収入	-120000.0	-121000.0	-121000.0	0.0	0.0	0.0
202309	230L10100	49	修繕費	500000.0	0.0	86000.0	0.2	0.0	17.2
202309	230L10100	50	支払リース料	0.0	4400.0	4400.0	0.0	100.0	0.0
202309	230L10100	51	保険料	150000.0	113682.0	113682.0	0.2	100.0	75.7
202309	230L10100	52	支払報酬	0.0	0.0	0.0	0.0	0.0	0.0
202309	230L10100	53	支払手数料	100000.0	107000.0	90680.0	0.2	84.7	90.6
202309	230L10100	54	診断料	0.0	0.0	0.0	0.0	0.0	0.0
202309	230L10100	55	諸会費	0.0	0.0	500.0	0.0	0.0	0.0
202309	230L10100	56	会議費	5000.0	0.0	0.0	0.0	0.0	0.0
202309	230L10100	57	寄付金	0.0	0.0	0.0	0.0	0.0	0.0
202309	230L10100	58	租税公課	0.0	0.0	0.0	0.0	0.0	0.0
202309	230L10100	59	業務委託費	0.0	0.0	0.0	0.0	0.0	0.0
202309	230L10100	60	業務受託収入	-50000.0	-53000.0	-160458.0	0.0	0.0	0.0
202309	230L10100	61	情報機器利用料	136000.0	142700.0	143880.0	0.3	100.8	105.7
202309	230L10100	62	貸倒金	0.0	0.0	0.0	0.0	0.0	0.0
202309	230L10100	63	雑費	80000.0	172000.0	72939.0	0.1	42.4	91.1
202309	230L10100	64	福利消耗品費	40000.0	5000.0	3870.0	0.0	77.4	9.6
202309	230L10100	65	教育研修費	10000.0	4500.0	4610.0	0.0	102.4	46.1
202309	230L10100	66	廃棄損	0.0	0.0	0.0	0.0	0.0	0.0
202309	230L10100	67	雑給	0.0	0.0	0.0	0.0	0.0	0.0
202309	230L10100	68	社内金利（固定資産）	1543971.0	1543971.0	1654680.0	4.2	107.1	107.1
202309	230L10100	69	社内金利（売掛金）	0.0	0.0	0.0	0.0	0.0	0.0
202309	230L10100	70	グループ共通	632300.0	637000.0	637000.0	1.6	100.0	100.7
202309	230L10100	71	差引収益	8655858.0	-410185.0	6186212.0	15.9	0.0	71.4
202309	230L10100	72	差引比率	20.8	-1.3	15.9		0.0	76.4
202309	230L10100	73	総時間	7720.25	8043.0	7662.25		95.2	99.2
202309	230L10100	74	定時間	7500.0	7559.0	7059.0		93.3	94.1
202309	230L10100	75	残業時間	210.25	474.0	596.25		125.7	283.5
202309	230L10100	76	移動時間	10.0	10.0	7.0		70.0	70.0
202309	230L10100	77	当月時間当り	1121.1	-50.9	807.3		0.0	72.0
202309	230L10100	78	人員	64.0	71.0	70.0		98.5	109.3
202310	230L10100	1	総受注高	39374000.0	39563800.0	39265503.0		99.2	99.7
202310	230L10100	2	総売上高	39374000.0	39563800.0	39265503.0		99.2	99.7
202310	230L10100	3	売上高	39803000.0	40007800.0	39706112.0	101.1	99.2	99.7
202310	230L10100	4	グループ売上高	0.0	0.0	0.0	0.0	0.0	0.0
202310	230L10100	5	社内売上高	27000000.0	28088515.0	26749697.0	68.1	95.2	99.0
202310	230L10100	7	販売奨励金	-429000.0	-444000.0	-440609.0	0.0	0.0	0.0
202310	230L10100	8	売上原価	11262500.0	9878100.0	11243250.0	28.6	113.8	99.8
202310	230L10100	9	仕入高	3049000.0	3510000.0	2970742.0	7.5	84.6	97.4
202310	230L10100	10	グループ仕入高	4699750.0	3320100.0	4921444.0	12.5	148.2	104.7
202310	230L10100	11	社内仕入高	27000000.0	28088515.0	26749697.0	68.1	95.2	99.0
202310	230L10100	12	荷造運搬費	2076800.0	1900000.0	2186695.0	5.5	115.0	105.2
202310	230L10100	13	販売手数料	1436950.0	1148000.0	1164369.0	2.9	101.4	81.0
202310	230L10100	14	総収益	28111500.0	29685700.0	28022253.0	71.3	94.3	99.6
202310	230L10100	15	経費合計	18822743.0	21542641.0	21963680.0	55.9	101.9	116.6
202310	230L10100	16	経費合計（原価）	14128884.0	16778000.0	17969489.0	45.7	107.1	127.1
202310	230L10100	17	種苗費*	0.0	0.0	0.0	0.0	0.0	0.0
202310	230L10100	18	肥料費*	940000.0	1430000.0	1658025.0	4.2	115.9	176.3
202310	230L10100	19	培土費用*	0.0	0.0	0.0	0.0	0.0	0.0
202310	230L10100	20	農薬衛生費*	360000.0	562000.0	672932.0	1.7	119.7	186.9
202310	230L10100	21	農具費*	80000.0	83000.0	58116.0	0.1	70.0	72.6
202310	230L10100	22	諸材料費*	4440000.0	5292000.0	6390517.0	16.2	120.7	143.9
202310	230L10100	23	その他仕入高*	0.0	0.0	0.0	0.0	0.0	0.0
202310	230L10100	24	減価償却費*	3748884.0	3749000.0	3767915.0	9.5	100.5	100.5
202310	230L10100	25	車両費*	0.0	0.0	0.0	0.0	0.0	0.0
202310	230L10100	26	水道光熱費*	160000.0	170000.0	162816.0	0.4	95.7	101.7
202310	230L10100	27	動力費*	1430000.0	1728000.0	1727598.0	4.3	99.9	120.8
202310	230L10100	28	燃料費*	340000.0	368000.0	334800.0	0.8	90.9	98.4
202310	230L10100	29	賃借料*	1240000.0	1249000.0	1248230.0	3.1	99.9	100.6
202310	230L10100	30	修繕費*	30000.0	30000.0	41000.0	0.1	136.6	136.6
202310	230L10100	31	診断料*	20000.0	27000.0	22000.0	0.0	81.4	110.0
202310	230L10100	32	租税公課*	0.0	0.0	0.0	0.0	0.0	0.0
202310	230L10100	33	業務委託費*	0.0	0.0	0.0	0.0	0.0	0.0
202310	230L10100	34	雑費*	1300000.0	1655000.0	1436804.0	3.6	86.8	110.5
202310	230L10100	35	雑給*	40000.0	435000.0	448736.0	1.1	103.1	
202310	230L10100	36	経費合計（販管費）	4693859.0	4764641.0	3994191.0	10.1	83.8	85.0
202310	230L10100	37	減価償却費	826212.0	826212.0	826212.0	2.1	100.0	100.0
202310	230L10100	38	車両費	357390.0	375390.0	374639.0	0.9	99.7	104.8
202310	230L10100	39	旅費交通費	80000.0	110000.0	86758.0	0.2	78.8	108.4
202310	230L10100	40	通信費	60000.0	64000.0	60240.0	0.1	94.1	100.4
202310	230L10100	41	水道光熱費	230000.0	209000.0	207163.0	0.5	99.1	90.0
202310	230L10100	42	事務用品費	33000.0	33000.0	19182.0	0.0	58.1	58.1
202310	230L10100	43	消耗品費	60000.0	100000.0	93395.0	0.2	93.3	155.6
202310	230L10100	44	廃棄物処理料	290000.0	305000.0	301369.0	0.7	98.8	103.9
202310	230L10100	45	広告宣伝費	0.0	0.0	17510.0	0.0	0.0	0.0
202310	230L10100	46	接待交際費	25361.0	25361.0	0.0	0.0	0.0	0.0
202310	230L10100	47	賃借料	117500.0	106500.0	106000.0	0.2	99.5	90.2
202310	230L10100	48	賃貸料収入	-120000.0	-121000.0	-121000.0	0.0	0.0	0.0
202310	230L10100	49	修繕費	0.0	0.0	0.0	0.0	0.0	0.0
202310	230L10100	50	支払リース料	0.0	4400.0	4400.0	0.0	100.0	0.0
202310	230L10100	51	保険料	150000.0	113682.0	113682.0	0.2	100.0	75.7
202310	230L10100	52	支払報酬	0.0	0.0	0.0	0.0	0.0	0.0
202310	230L10100	53	支払手数料	270000.0	275000.0	256670.0	0.6	93.3	95.0
202310	230L10100	54	診断料	0.0	0.0	0.0	0.0	0.0	0.0
202310	230L10100	55	諸会費	0.0	0.0	0.0	0.0	0.0	0.0
202310	230L10100	56	会議費	5000.0	5000.0	0.0	0.0	0.0	0.0
202310	230L10100	57	寄付金	0.0	0.0	0.0	0.0	0.0	0.0
202310	230L10100	58	租税公課	0.0	0.0	0.0	0.0	0.0	0.0
202310	230L10100	59	業務委託費	0.0	0.0	0.0	0.0	0.0	0.0
202310	230L10100	60	業務受託収入	-50000.0	-53000.0	-116638.0	0.0	0.0	0.0
202310	230L10100	61	情報機器利用料	136000.0	144000.0	143880.0	0.3	99.9	105.7
202310	230L10100	62	貸倒金	0.0	0.0	0.0	0.0	0.0	0.0
202310	230L10100	63	雑費	70000.0	76000.0	84190.0	0.2	110.7	120.2
202310	230L10100	64	福利消耗品費	0.0	0.0	0.0	0.0	0.0	0.0
202310	230L10100	65	教育研修費	0.0	8000.0	16473.0	0.0	205.9	0.0
202310	230L10100	66	廃棄損	0.0	0.0	0.0	0.0	0.0	0.0
202310	230L10100	67	雑給	0.0	0.0	0.0	0.0	0.0	0.0
202310	230L10100	68	社内金利（固定資産）	1521096.0	1521096.0	883066.0	2.2	58.0	58.0
202310	230L10100	69	社内金利（売掛金）	0.0	0.0	0.0	0.0	0.0	0.0
202310	230L10100	70	グループ共通	632300.0	637000.0	637000.0	1.6	100.0	100.7
202310	230L10100	71	差引収益	9288757.0	8143059.0	6058573.0	15.4	74.4	65.2
202310	230L10100	72	差引比率	23.5	20.5	15.4		75.1	65.5
202310	230L10100	73	総時間	7931.0	8219.0	8052.0		97.9	101.5
202310	230L10100	74	定時間	7700.0	7785.0	7550.25		96.9	98.0
202310	230L10100	75	残業時間	229.0	432.0	491.75		113.8	214.7
202310	230L10100	76	移動時間	2.0	2.0	10.0		500.0	500.0
202310	230L10100	77	当月時間当り	1171.1	990.7	752.4		75.9	64.2
202310	230L10100	78	人員	64.0	71.0	70.0		98.5	109.3
202311	230L10100	1	総受注高	88587020.0	64076590.0	61065536.0		95.3	68.9
202311	230L10100	2	総売上高	88587020.0	64076590.0	61065536.0		95.3	68.9
202311	230L10100	3	売上高	88923520.0	64634590.0	61616856.0	100.9	95.3	69.2
202311	230L10100	4	グループ売上高	0.0	0.0	0.0	0.0	0.0	0.0
202311	230L10100	5	社内売上高	51000000.0	40791908.0	37560361.0	61.5	92.0	73.6
202311	230L10100	7	販売奨励金	-336500.0	-558000.0	-551320.0	0.0	0.0	0.0
202311	230L10100	8	売上原価	32256300.0	20180100.0	20596188.0	33.7	102.0	63.8
202311	230L10100	9	仕入高	5310000.0	3610000.0	4829819.0	7.9	133.7	90.9
202311	230L10100	10	グループ仕入高	20620200.0	11798100.0	11272626.0	18.4	95.5	54.6
202311	230L10100	11	社内仕入高	51000000.0	40791908.0	37560361.0	61.5	92.0	73.6
202311	230L10100	12	荷造運搬費	5080300.0	3480000.0	3051471.0	4.9	87.6	60.0
202311	230L10100	13	販売手数料	1245800.0	1292000.0	1442272.0	2.3	111.6	115.7
202311	230L10100	14	総収益	56330720.0	43896490.0	40469348.0	66.2	92.1	71.8
202311	230L10100	15	経費合計	23094506.0	21953974.0	22210235.0	36.3	101.1	96.1
202311	230L10100	16	経費合計（原価）	17818884.0	16593000.0	17981100.0	29.4	108.3	100.9
202311	230L10100	17	種苗費*	0.0	0.0	0.0	0.0	0.0	0.0
202311	230L10100	18	肥料費*	1170000.0	1490000.0	1571485.0	2.5	105.4	134.3
202311	230L10100	19	培土費用*	0.0	0.0	0.0	0.0	0.0	0.0
202311	230L10100	20	農薬衛生費*	440000.0	494000.0	688012.0	1.1	139.2	156.3
202311	230L10100	21	農具費*	80000.0	134000.0	90255.0	0.1	67.3	112.8
202311	230L10100	22	諸材料費*	7190000.0	5245000.0	5623207.0	9.2	107.2	78.2
202311	230L10100	23	その他仕入高*	0.0	0.0	0.0	0.0	0.0	0.0
202311	230L10100	24	減価償却費*	3748884.0	3749000.0	3767915.0	6.1	100.5	100.5
202311	230L10100	25	車両費*	0.0	0.0	0.0	0.0	0.0	0.0
202311	230L10100	26	水道光熱費*	160000.0	170000.0	166656.0	0.2	98.0	104.1
202311	230L10100	27	動力費*	1850000.0	1750000.0	1178373.0	1.9	67.3	63.6
202311	230L10100	28	燃料費*	1290000.0	1472000.0	3103200.0	5.0	210.8	240.5
202311	230L10100	29	賃借料*	1240000.0	1249000.0	1248230.0	2.0	99.9	100.6
202311	230L10100	30	修繕費*	30000.0	59000.0	30000.0	0.0	50.8	100.0
202311	230L10100	31	診断料*	80000.0	27000.0	22000.0	0.0	81.4	27.5
202311	230L10100	32	租税公課*	0.0	0.0	0.0	0.0	0.0	0.0
202311	230L10100	33	業務委託費*	0.0	0.0	0.0	0.0	0.0	0.0
202311	230L10100	34	雑費*	100000.0	186000.0	99153.0	0.1	53.3	99.1
202311	230L10100	35	雑給*	440000.0	568000.0	392614.0	0.6	69.1	89.2
202311	230L10100	36	経費合計（販管費）	5275622.0	5360974.0	4229135.0	6.9	78.8	80.1
202311	230L10100	37	減価償却費	826212.0	826212.0	835802.0	1.3	101.1	101.1
202311	230L10100	38	車両費	347390.0	355390.0	363315.0	0.5	102.2	104.5
202311	230L10100	39	旅費交通費	60000.0	204000.0	96671.0	0.1	47.3	161.1
202311	230L10100	40	通信費	60000.0	64000.0	59586.0	0.0	93.1	99.3
202311	230L10100	41	水道光熱費	140000.0	140000.0	127634.0	0.2	91.1	91.1
202311	230L10100	42	事務用品費	33000.0	33000.0	9475.0	0.0	28.7	28.7
202311	230L10100	43	消耗品費	70000.0	70000.0	85552.0	0.1	122.2	122.2
202311	230L10100	44	廃棄物処理料	330000.0	293000.0	235778.0	0.3	80.4	71.4
202311	230L10100	45	広告宣伝費	20000.0	0.0	0.0	0.0	0.0	0.0
202311	230L10100	46	接待交際費	30000.0	3000.0	14429.0	0.0	480.9	48.0
202311	230L10100	47	賃借料	117500.0	106500.0	106000.0	0.1	99.5	90.2
202311	230L10100	48	賃貸料収入	-120000.0	-121000.0	-121000.0	0.0	0.0	0.0
202311	230L10100	49	修繕費	200000.0	200000.0	0.0	0.0	0.0	0.0
202311	230L10100	50	支払リース料	0.0	4400.0	4400.0	0.0	100.0	0.0
202311	230L10100	51	保険料	150000.0	113682.0	113682.0	0.1	100.0	75.7
202311	230L10100	52	支払報酬	0.0	0.0	0.0	0.0	0.0	0.0
202311	230L10100	53	支払手数料	720000.0	757000.0	63314.0	0.1	8.3	8.7
202311	230L10100	54	診断料	0.0	0.0	0.0	0.0	0.0	0.0
202311	230L10100	55	諸会費	0.0	0.0	0.0	0.0	0.0	0.0
202311	230L10100	56	会議費	5000.0	5000.0	2500.0	0.0	50.0	50.0
202311	230L10100	57	寄付金	0.0	0.0	0.0	0.0	0.0	0.0
202311	230L10100	58	租税公課	0.0	0.0	0.0	0.0	0.0	0.0
202311	230L10100	59	業務委託費	0.0	0.0	0.0	0.0	0.0	0.0
202311	230L10100	60	業務受託収入	-50000.0	-53000.0	-133911.0	0.0	0.0	0.0
202311	230L10100	61	情報機器利用料	136000.0	144000.0	143880.0	0.2	99.9	105.7
202311	230L10100	62	貸倒金	0.0	0.0	0.0	0.0	0.0	0.0
202311	230L10100	63	雑費	70000.0	76000.0	74698.0	0.1	98.2	106.7
202311	230L10100	64	福利消耗品費	0.0	1000.0	0.0	0.0	0.0	0.0
202311	230L10100	65	教育研修費	0.0	0.0	0.0	0.0	0.0	0.0
202311	230L10100	66	廃棄損	0.0	0.0	0.0	0.0	0.0	0.0
202311	230L10100	67	雑給	0.0	0.0	0.0	0.0	0.0	0.0
202311	230L10100	68	社内金利（固定資産）	1498220.0	1501790.0	1510330.0	2.4	100.5	100.8
202311	230L10100	69	社内金利（売掛金）	0.0	0.0	0.0	0.0	0.0	0.0
202311	230L10100	70	グループ共通	632300.0	637000.0	637000.0	1.0	100.0	100.7
202311	230L10100	71	差引収益	33236214.0	21942516.0	18259113.0	29.9	83.2	54.9
202311	230L10100	72	差引比率	37.5	34.2	29.9		87.4	79.7
202311	230L10100	73	総時間	8689.25	8215.0	7655.25		93.1	88.1
202311	230L10100	74	定時間	8120.0	7762.0	7533.25		97.0	92.7
202311	230L10100	75	残業時間	559.25	443.0	498.0		112.4	89.0
202311	230L10100	76	移動時間	10.0	10.0	-376.0		0.0	0.0
202311	230L10100	77	当月時間当り	3824.9	2671.0	2385.1		89.2	62.3
202311	230L10100	78	人員	64.0	72.0	71.0		98.6	110.9
202312	230L10100	1	総受注高	87647480.0	93983000.0	81656541.0		86.8	93.1
202312	230L10100	2	総売上高	87647480.0	93983000.0	81656541.0		86.8	93.1
202312	230L10100	3	売上高	88277680.0	94569000.0	82230966.0	100.7	86.9	93.1
202312	230L10100	4	グループ売上高	0.0	0.0	0.0	0.0	0.0	0.0
202312	230L10100	5	社内売上高	46000000.0	54291440.0	47469935.0	58.1	87.4	103.1
202312	230L10100	7	販売奨励金	-630200.0	-586000.0	-574425.0	0.0	0.0	0.0
202312	230L10100	8	売上原価	37284080.0	34547000.0	30075912.0	36.8	87.0	80.6
202312	230L10100	9	仕入高	5805000.0	15152000.0	11335405.0	13.8	74.8	195.2
202312	230L10100	10	グループ仕入高	24138480.0	12230000.0	12193674.0	14.9	99.7	50.5
202312	230L10100	11	社内仕入高	46000000.0	54291440.0	47469935.0	58.1	87.4	103.1
202312	230L10100	12	荷造運搬費	5068900.0	5265000.0	4596313.0	5.6	87.2	90.6
202312	230L10100	13	販売手数料	2271700.0	1900000.0	1950520.0	2.3	102.6	85.8
202312	230L10100	14	総収益	50363400.0	59436000.0	51580629.0	63.1	86.7	102.4
202312	230L10100	15	経費合計	23641631.0	26393003.0	27838160.0	34.0	105.4	117.7
202312	230L10100	16	経費合計（原価）	19678884.0	21374000.0	23193764.0	28.4	108.5	117.8
202312	230L10100	17	種苗費*	0.0	0.0	0.0	0.0	0.0	0.0
202312	230L10100	18	肥料費*	1170000.0	1527000.0	1443991.0	1.7	94.5	123.4
202312	230L10100	19	培土費用*	0.0	0.0	0.0	0.0	0.0	0.0
202312	230L10100	20	農薬衛生費*	310000.0	300000.0	271920.0	0.3	90.6	87.7
202312	230L10100	21	農具費*	190000.0	52000.0	3833.0	0.0	7.3	2.0
202312	230L10100	22	諸材料費*	7720000.0	8034000.0	8974759.0	10.9	111.7	116.2
202312	230L10100	23	その他仕入高*	0.0	0.0	0.0	0.0	0.0	0.0
202312	230L10100	24	減価償却費*	3748884.0	3749000.0	3767915.0	4.6	100.5	100.5
202312	230L10100	25	車両費*	0.0	0.0	0.0	0.0	0.0	0.0
202312	230L10100	26	水道光熱費*	160000.0	162000.0	161280.0	0.1	99.5	100.8
202312	230L10100	27	動力費*	1860000.0	1440000.0	1439808.0	1.7	99.9	77.4
202312	230L10100	28	燃料費*	3010000.0	4048000.0	4901120.0	6.0	121.0	162.8
202312	230L10100	29	賃借料*	1240000.0	1249000.0	1248230.0	1.5	99.9	100.6
202312	230L10100	30	修繕費*	210000.0	265000.0	261280.0	0.3	98.5	124.4
202312	230L10100	31	診断料*	20000.0	113000.0	110082.0	0.1	97.4	550.4
202312	230L10100	32	租税公課*	0.0	0.0	0.0	0.0	0.0	0.0
202312	230L10100	33	業務委託費*	0.0	0.0	0.0	0.0	0.0	0.0
202312	230L10100	34	雑費*	0.0	0.0	106762.0	0.1	0.0	0.0
202312	230L10100	35	雑給*	40000.0	435000.0	502784.0	0.6	115.5	
202312	230L10100	36	経費合計（販管費）	3962747.0	5019003.0	4644396.0	5.6	92.5	117.2
202312	230L10100	37	減価償却費	826212.0	826212.0	845102.0	1.0	102.2	102.2
202312	230L10100	38	車両費	357390.0	359390.0	505443.0	0.6	140.6	141.4
202312	230L10100	39	旅費交通費	60000.0	90000.0	83437.0	0.1	92.7	139.0
202312	230L10100	40	通信費	60000.0	64000.0	51416.0	0.0	80.3	85.6
202312	230L10100	41	水道光熱費	200000.0	177000.0	175293.0	0.2	99.0	87.6
202312	230L10100	42	事務用品費	33000.0	37000.0	38976.0	0.0	105.3	118.1
202312	230L10100	43	消耗品費	100000.0	60000.0	100297.0	0.1	167.1	100.2
202312	230L10100	44	廃棄物処理料	230000.0	293000.0	271378.0	0.3	92.6	117.9
202312	230L10100	45	広告宣伝費	0.0	0.0	0.0	0.0	0.0	0.0
202312	230L10100	46	接待交際費	20000.0	0.0	0.0	0.0	0.0	0.0
202312	230L10100	47	賃借料	117500.0	106500.0	106000.0	0.1	99.5	90.2
202312	230L10100	48	賃貸料収入	-120000.0	-121000.0	-121000.0	0.0	0.0	0.0
202312	230L10100	49	修繕費	0.0	0.0	0.0	0.0	0.0	0.0
202312	230L10100	50	支払リース料	0.0	4400.0	4400.0	0.0	100.0	0.0
202312	230L10100	51	保険料	150000.0	113682.0	113682.0	0.1	100.0	75.7
202312	230L10100	52	支払報酬	0.0	0.0	0.0	0.0	0.0	0.0
202312	230L10100	53	支払手数料	110000.0	676000.0	190108.0	0.2	28.1	172.8
202312	230L10100	54	診断料	0.0	0.0	0.0	0.0	0.0	0.0
202312	230L10100	55	諸会費	0.0	0.0	500.0	0.0	0.0	0.0
202312	230L10100	56	会議費	5000.0	0.0	0.0	0.0	0.0	0.0
202312	230L10100	57	寄付金	0.0	0.0	0.0	0.0	0.0	0.0
202312	230L10100	58	租税公課	0.0	0.0	0.0	0.0	0.0	0.0
202312	230L10100	59	業務委託費	0.0	0.0	0.0	0.0	0.0	0.0
202312	230L10100	60	業務受託収入	-550000.0	-53000.0	-103956.0	0.0	0.0	0.0
202312	230L10100	61	情報機器利用料	136000.0	144000.0	143880.0	0.1	99.9	105.7
202312	230L10100	62	貸倒金	0.0	0.0	0.0	0.0	0.0	0.0
202312	230L10100	63	雑費	80000.0	86000.0	86180.0	0.1	100.2	107.7
202312	230L10100	64	福利消耗品費	30000.0	30000.0	20645.0	0.0	68.8	68.8
202312	230L10100	65	教育研修費	10000.0	10000.0	6955.0	0.0	69.5	69.5
202312	230L10100	66	廃棄損	0.0	0.0	0.0	0.0	0.0	0.0
202312	230L10100	67	雑給	0.0	0.0	0.0	0.0	0.0	0.0
202312	230L10100	68	社内金利（固定資産）	1475345.0	1478819.0	1488660.0	1.8	100.6	100.9
202312	230L10100	69	社内金利（売掛金）	0.0	0.0	0.0	0.0	0.0	0.0
202312	230L10100	70	グループ共通	632300.0	637000.0	637000.0	0.7	100.0	100.7
202312	230L10100	71	差引収益	26721769.0	33042997.0	23742469.0	29.0	71.8	88.8
202312	230L10100	72	差引比率	30.4	35.1	29.0		82.6	95.3
202312	230L10100	73	総時間	6811.25	7949.75	8031.25		101.0	117.9
202312	230L10100	74	定時間	6620.0	7546.0	7520.75		99.6	113.6
202312	230L10100	75	残業時間	189.25	397.75	500.5		125.8	264.4
202312	230L10100	76	移動時間	2.0	6.0	10.0		166.6	500.0
202312	230L10100	77	当月時間当り	3923.1	4156.4	2956.2		71.1	75.3
202312	230L10100	78	人員	64.0	73.0	73.0		100.0	114.0
202401	230L10100	1	総受注高	58021730.0	59647000.0	54240004.0		90.9	93.4
202401	230L10100	2	総売上高	58021730.0	59658000.0	54240004.0		90.9	93.4
202401	230L10100	3	売上高	58640530.0	60327000.0	54893470.0	101.2	90.9	93.6
202401	230L10100	4	グループ売上高	0.0	0.0	0.0	0.0	0.0	0.0
202401	230L10100	5	社内売上高	26000000.0	28199920.0	29847571.0	55.0	105.8	114.7
202401	230L10100	7	販売奨励金	-618800.0	-669000.0	-653466.0	0.0	0.0	0.0
202401	230L10100	8	売上原価	29826444.0	30224780.0	23696669.0	43.6	78.4	79.4
202401	230L10100	9	仕入高	5262000.0	13128780.0	8179233.0	15.0	62.3	155.4
202401	230L10100	10	グループ仕入高	18918344.0	10621000.0	9197712.0	16.9	86.5	48.6
202401	230L10100	11	社内仕入高	26000000.0	28199920.0	29847571.0	55.0	105.8	114.7
202401	230L10100	12	荷造運搬費	3446900.0	4000000.0	3818465.0	7.0	95.4	110.7
202401	230L10100	13	販売手数料	2199200.0	2475000.0	2501259.0	4.6	101.0	113.7
202401	230L10100	14	総収益	28195286.0	29433220.0	30543335.0	56.3	103.7	108.3
202401	230L10100	15	経費合計	20558755.0	21511633.0	20565486.0	37.9	95.6	100.0
202401	230L10100	16	経費合計（原価）	15548884.0	16951000.0	16157852.0	29.7	95.3	103.9
202401	230L10100	17	種苗費*	0.0	0.0	0.0	0.0	0.0	0.0
202401	230L10100	18	肥料費*	590000.0	704000.0	941546.0	1.7	133.7	159.5
202401	230L10100	19	培土費用*	0.0	0.0	0.0	0.0	0.0	0.0
202401	230L10100	20	農薬衛生費*	340000.0	457000.0	476698.0	0.8	104.3	140.2
202401	230L10100	21	農具費*	990000.0	422000.0	497162.0	0.9	117.8	50.2
202401	230L10100	22	諸材料費*	2730000.0	3407000.0	2326712.0	4.2	68.2	85.2
202401	230L10100	23	その他仕入高*	0.0	0.0	0.0	0.0	0.0	0.0
202401	230L10100	24	減価償却費*	3748884.0	3749000.0	3767915.0	6.9	100.5	100.5
202401	230L10100	25	車両費*	0.0	0.0	0.0	0.0	0.0	0.0
202401	230L10100	26	水道光熱費*	160000.0	167000.0	166656.0	0.3	99.7	104.1
202401	230L10100	27	動力費*	1880000.0	1642000.0	1641781.0	3.0	99.9	87.3
202401	230L10100	28	燃料費*	3440000.0	4051000.0	3929280.0	7.2	96.9	114.2
202401	230L10100	29	賃借料*	1240000.0	1249000.0	1248230.0	2.3	99.9	100.6
202401	230L10100	30	修繕費*	330000.0	290000.0	275581.0	0.5	95.0	83.5
202401	230L10100	31	診断料*	60000.0	52000.0	47300.0	0.0	90.9	78.8
202401	230L10100	32	租税公課*	0.0	0.0	0.0	0.0	0.0	0.0
202401	230L10100	33	業務委託費*	0.0	0.0	0.0	0.0	0.0	0.0
202401	230L10100	34	雑費*	0.0	338000.0	407060.0	0.7	120.4	0.0
202401	230L10100	35	雑給*	40000.0	423000.0	431931.0	0.7	102.1	
202401	230L10100	36	経費合計（販管費）	5009871.0	4560633.0	4407634.0	8.1	96.6	87.9
202401	230L10100	37	減価償却費	826212.0	826212.0	845102.0	1.5	102.2	102.2
202401	230L10100	38	車両費	337390.0	432990.0	357368.0	0.6	82.5	105.9
202401	230L10100	39	旅費交通費	60000.0	90000.0	22936.0	0.0	25.4	38.2
202401	230L10100	40	通信費	60000.0	64000.0	53870.0	0.0	84.1	89.7
202401	230L10100	41	水道光熱費	180000.0	180000.0	179260.0	0.3	99.5	99.5
202401	230L10100	42	事務用品費	33000.0	33000.0	30281.0	0.0	91.7	91.7
202401	230L10100	43	消耗品費	190000.0	110000.0	105106.0	0.1	95.5	55.3
202401	230L10100	44	廃棄物処理料	470000.0	293000.0	319055.0	0.5	108.8	67.8
202401	230L10100	45	広告宣伝費	20000.0	0.0	0.0	0.0	0.0	0.0
202401	230L10100	46	接待交際費	30000.0	0.0	0.0	0.0	0.0	0.0
202401	230L10100	47	賃借料	117500.0	106500.0	106000.0	0.1	99.5	90.2
202401	230L10100	48	賃貸料収入	-120000.0	-121000.0	-121000.0	0.0	0.0	0.0
202401	230L10100	49	修繕費	0.0	0.0	31300.0	0.0	0.0	0.0
202401	230L10100	50	支払リース料	0.0	4400.0	4400.0	0.0	100.0	0.0
202401	230L10100	51	保険料	150000.0	113682.0	98672.0	0.1	86.7	65.7
202401	230L10100	52	支払報酬	0.0	0.0	0.0	0.0	0.0	0.0
202401	230L10100	53	支払手数料	300000.0	67000.0	56928.0	0.1	84.9	18.9
202401	230L10100	54	診断料	0.0	0.0	0.0	0.0	0.0	0.0
202401	230L10100	55	諸会費	0.0	0.0	0.0	0.0	0.0	0.0
202401	230L10100	56	会議費	5000.0	0.0	5866.0	0.0	0.0	117.3
202401	230L10100	57	寄付金	0.0	0.0	0.0	0.0	0.0	0.0
202401	230L10100	58	租税公課	0.0	0.0	4200.0	0.0	0.0	0.0
202401	230L10100	59	業務委託費	0.0	0.0	0.0	0.0	0.0	0.0
202401	230L10100	60	業務受託収入	-50000.0	-53000.0	-57000.0	0.0	0.0	0.0
202401	230L10100	61	情報機器利用料	136000.0	144000.0	143880.0	0.2	99.9	105.7
202401	230L10100	62	貸倒金	0.0	0.0	0.0	0.0	0.0	0.0
202401	230L10100	63	雑費	180000.0	176000.0	117450.0	0.2	66.7	65.2
202401	230L10100	64	福利消耗品費	0.0	1000.0	1366.0	0.0	136.6	0.0
202401	230L10100	65	教育研修費	0.0	0.0	0.0	0.0	0.0	0.0
202401	230L10100	66	廃棄損	0.0	0.0	0.0	0.0	0.0	0.0
202401	230L10100	67	雑給	0.0	0.0	0.0	0.0	0.0	0.0
202401	230L10100	68	社内金利（固定資産）	1452469.0	1455849.0	1465594.0	2.7	100.6	100.9
202401	230L10100	69	社内金利（売掛金）	0.0	0.0	0.0	0.0	0.0	0.0
202401	230L10100	70	グループ共通	632300.0	637000.0	637000.0	1.1	100.0	100.7
202401	230L10100	71	差引収益	7636531.0	7921587.0	9977849.0	18.3	125.9	130.6
202401	230L10100	72	差引比率	13.1	13.2	18.3		138.6	139.6
202401	230L10100	73	総時間	6725.5	7319.0	7216.0		98.5	107.2
202401	230L10100	74	定時間	6561.5	7049.0	6943.0		98.4	105.8
202401	230L10100	75	残業時間	154.0	260.0	287.0		110.3	186.3
202401	230L10100	76	移動時間	10.0	10.0	-14.0		0.0	0.0
202401	230L10100	77	当月時間当り	1135.4	1082.3	1382.7		127.7	121.7
202401	230L10100	78	人員	64.0	71.0	71.0		100.0	110.9
202402	230L10100	1	総受注高	59121570.0	44638000.0	41984259.0		94.0	71.0
202402	230L10100	2	総売上高	59121570.0	44638000.0	41984259.0		94.0	71.0
202402	230L10100	3	売上高	59571270.0	45138000.0	42466191.0	101.1	94.0	71.2
202402	230L10100	4	グループ売上高	0.0	0.0	0.0	0.0	0.0	0.0
202402	230L10100	5	社内売上高	25000000.0	20722840.0	21367148.0	50.8	103.1	85.4
202402	230L10100	7	販売奨励金	-449700.0	-500000.0	-481932.0	0.0	0.0	0.0
202402	230L10100	8	売上原価	31090550.0	22893500.0	19841515.0	47.2	86.6	63.8
202402	230L10100	9	仕入高	4874000.0	9888000.0	8638651.0	20.5	87.3	177.2
202402	230L10100	10	グループ仕入高	21154950.0	8117500.0	6675095.0	15.8	82.2	31.5
202402	230L10100	11	社内仕入高	25000000.0	20722840.0	21367148.0	50.8	103.1	85.4
202402	230L10100	12	荷造運搬費	3646400.0	3180000.0	2780161.0	6.6	87.4	76.2
202402	230L10100	13	販売手数料	1415200.0	1708000.0	1747608.0	4.1	102.3	123.4
202402	230L10100	14	総収益	28031020.0	21744500.0	22142744.0	52.7	101.8	78.9
202402	230L10100	15	経費合計	25925880.0	26412062.0	25835827.0	61.5	97.8	99.6
202402	230L10100	16	経費合計（原価）	20998884.0	21277000.0	20084395.0	47.8	94.3	95.6
202402	230L10100	17	種苗費*	4960000.0	4651000.0	4650732.0	11.0	99.9	93.7
202402	230L10100	18	肥料費*	1140000.0	1297000.0	1225724.0	2.9	94.5	107.5
202402	230L10100	19	培土費用*	0.0	0.0	0.0	0.0	0.0	0.0
202402	230L10100	20	農薬衛生費*	360000.0	297000.0	282538.0	0.6	95.1	78.4
202402	230L10100	21	農具費*	80000.0	415000.0	288592.0	0.6	69.5	360.7
202402	230L10100	22	諸材料費*	3470000.0	3347000.0	3573492.0	8.5	106.7	102.9
202402	230L10100	23	その他仕入高*	0.0	0.0	0.0	0.0	0.0	0.0
202402	230L10100	24	減価償却費*	3748884.0	3749000.0	3767915.0	8.9	100.5	100.5
202402	230L10100	25	車両費*	0.0	0.0	0.0	0.0	0.0	0.0
202402	230L10100	26	水道光熱費*	150000.0	150000.0	166656.0	0.3	111.1	111.1
202402	230L10100	27	動力費*	1880000.0	1591000.0	1590187.0	3.7	99.9	84.5
202402	230L10100	28	燃料費*	3870000.0	3680000.0	2400560.0	5.7	65.2	62.0
202402	230L10100	29	賃借料*	1240000.0	1249000.0	1248230.0	2.9	99.9	100.6
202402	230L10100	30	修繕費*	40000.0	676000.0	764483.0	1.8	113.0	
202402	230L10100	31	診断料*	20000.0	27000.0	47300.0	0.1	175.1	236.5
202402	230L10100	32	租税公課*	0.0	0.0	0.0	0.0	0.0	0.0
202402	230L10100	33	業務委託費*	0.0	0.0	0.0	0.0	0.0	0.0
202402	230L10100	34	雑費*	0.0	100000.0	50000.0	0.1	50.0	0.0
202402	230L10100	35	雑給*	40000.0	48000.0	27986.0	0.0	58.3	69.9
202402	230L10100	36	経費合計（販管費）	4926996.0	5135062.0	5751432.0	13.6	112.0	116.7
202402	230L10100	37	減価償却費	826212.0	826212.0	845102.0	2.0	102.2	102.2
202402	230L10100	38	車両費	337390.0	522390.0	485443.0	1.1	92.9	143.8
202402	230L10100	39	旅費交通費	60000.0	160000.0	116919.0	0.2	73.0	194.8
202402	230L10100	40	通信費	60000.0	64000.0	77600.0	0.1	121.2	129.3
202402	230L10100	41	水道光熱費	200000.0	194000.0	193070.0	0.4	99.5	96.5
202402	230L10100	42	事務用品費	33000.0	33000.0	11549.0	0.0	34.9	34.9
202402	230L10100	43	消耗品費	60000.0	60000.0	9989.0	0.0	16.6	16.6
202402	230L10100	44	廃棄物処理料	330000.0	293000.0	194557.0	0.4	66.4	58.9
202402	230L10100	45	広告宣伝費	10000.0	0.0	0.0	0.0	0.0	0.0
202402	230L10100	46	接待交際費	30000.0	20000.0	10910.0	0.0	54.5	36.3
202402	230L10100	47	賃借料	117500.0	106500.0	106000.0	0.2	99.5	90.2
202402	230L10100	48	賃貸料収入	-120000.0	-121000.0	-121000.0	0.0	0.0	0.0
202402	230L10100	49	修繕費	0.0	0.0	0.0	0.0	0.0	0.0
202402	230L10100	50	支払リース料	0.0	4400.0	4400.0	0.0	100.0	0.0
202402	230L10100	51	保険料	150000.0	113682.0	128692.0	0.3	113.2	85.7
202402	230L10100	52	支払報酬	0.0	0.0	0.0	0.0	0.0	0.0
202402	230L10100	53	支払手数料	60000.0	67000.0	486828.0	1.1	726.6	811.3
202402	230L10100	54	診断料	0.0	0.0	0.0	0.0	0.0	0.0
202402	230L10100	55	諸会費	0.0	0.0	0.0	0.0	0.0	0.0
202402	230L10100	56	会議費	5000.0	5000.0	0.0	0.0	0.0	0.0
202402	230L10100	57	寄付金	0.0	0.0	0.0	0.0	0.0	0.0
202402	230L10100	58	租税公課	0.0	0.0	8010.0	0.0	0.0	0.0
202402	230L10100	59	業務委託費	0.0	0.0	0.0	0.0	0.0	0.0
202402	230L10100	60	業務受託収入	-50000.0	-53000.0	-120457.0	0.0	0.0	0.0
202402	230L10100	61	情報機器利用料	136000.0	144000.0	143880.0	0.3	99.9	105.7
202402	230L10100	62	貸倒金	0.0	0.0	0.0	0.0	0.0	0.0
202402	230L10100	63	雑費	620000.0	626000.0	1082711.0	2.5	172.9	174.6
202402	230L10100	64	福利消耗品費	0.0	0.0	0.0	0.0	0.0	0.0
202402	230L10100	65	教育研修費	0.0	0.0	7700.0	0.0	0.0	0.0
202402	230L10100	66	廃棄損	0.0	0.0	0.0	0.0	0.0	0.0
202402	230L10100	67	雑給	0.0	0.0	0.0	0.0	0.0	0.0
202402	230L10100	68	社内金利（固定資産）	1429594.0	1432878.0	1442529.0	3.4	100.6	100.9
202402	230L10100	69	社内金利（売掛金）	0.0	0.0	0.0	0.0	0.0	0.0
202402	230L10100	70	グループ共通	632300.0	637000.0	637000.0	1.5	100.0	100.7
202402	230L10100	71	差引収益	2105140.0	-4667562.0	-3693083.0	0.0	0.0	0.0
202402	230L10100	72	差引比率	3.5	-10.4	-8.7		0.0	0.0
202402	230L10100	73	総時間	6226.5	6495.5	6437.75		99.1	103.3
202402	230L10100	74	定時間	6052.5	6363.5	6277.25		98.6	103.7
202402	230L10100	75	残業時間	150.0	130.0	158.5		121.9	105.6
202402	230L10100	76	移動時間	24.0	2.0	2.0		100.0	8.3
202402	230L10100	77	当月時間当り	338.0	-718.5	-573.6		0.0	0.0
202402	230L10100	78	人員	64.0	73.0	71.0		97.2	110.9
202403	230L10100	1	総受注高	75043300.0	52481000.0	47818327.0		91.1	63.7
202403	230L10100	2	総売上高	75043300.0	52481000.0	47818327.0		91.1	63.7
202403	230L10100	3	売上高	75478300.0	52827000.0	48155336.0	100.7	91.1	63.8
202403	230L10100	4	グループ売上高	0.0	0.0	0.0	0.0	0.0	0.0
202403	230L10100	5	社内売上高	34000000.0	25953280.0	23164837.0	48.4	89.2	68.1
202403	230L10100	7	販売奨励金	-435000.0	-346000.0	-337009.0	0.0	0.0	0.0
202403	230L10100	8	売上原価	36874600.0	24667000.0	22885309.0	47.8	92.7	62.0
202403	230L10100	9	仕入高	4922000.0	9771000.0	9316463.0	19.4	95.3	189.2
202403	230L10100	10	グループ仕入高	25882300.0	10166000.0	9125310.0	19.0	89.7	35.2
202403	230L10100	11	社内仕入高	34000000.0	25953280.0	23164837.0	48.4	89.2	68.1
202403	230L10100	12	荷造運搬費	4698200.0	3490000.0	3211314.0	6.7	92.0	68.3
202403	230L10100	13	販売手数料	1372100.0	1240000.0	1232222.0	2.5	99.3	89.8
202403	230L10100	14	総収益	38168700.0	27814000.0	24933018.0	52.1	89.6	65.3
202403	230L10100	15	経費合計	23113810.0	20624329.0	19761812.0	41.3	95.8	85.4
202403	230L10100	16	経費合計（原価）	17900961.0	15840000.0	15195455.0	31.7	95.9	84.8
202403	230L10100	17	種苗費*	0.0	0.0	0.0	0.0	0.0	0.0
202403	230L10100	18	肥料費*	930000.0	1287000.0	1224723.0	2.5	95.1	131.6
202403	230L10100	19	培土費用*	1980000.0	0.0	0.0	0.0	0.0	0.0
202403	230L10100	20	農薬衛生費*	490000.0	687000.0	801023.0	1.6	116.5	163.4
202403	230L10100	21	農具費*	30000.0	32000.0	54892.0	0.1	171.5	182.9
202403	230L10100	22	諸材料費*	4604000.0	3565000.0	3420909.0	7.1	95.9	74.3
202403	230L10100	23	その他仕入高*	0.0	0.0	0.0	0.0	0.0	0.0
202403	230L10100	24	減価償却費*	3706961.0	3707000.0	3726003.0	7.7	100.5	100.5
202403	230L10100	25	車両費*	0.0	0.0	0.0	0.0	0.0	0.0
202403	230L10100	26	水道光熱費*	160000.0	150000.0	155904.0	0.3	103.9	97.4
202403	230L10100	27	動力費*	1580000.0	1550000.0	1314266.0	2.7	84.7	83.1
202403	230L10100	28	燃料費*	3010000.0	3128000.0	3200400.0	6.6	102.3	106.3
202403	230L10100	29	賃借料*	1240000.0	1249000.0	1248241.0	2.6	99.9	100.6
202403	230L10100	30	修繕費*	110000.0	110000.0	1071.0	0.0	0.9	0.9
202403	230L10100	31	診断料*	20000.0	27000.0	22000.0	0.0	81.4	110.0
202403	230L10100	32	租税公課*	0.0	0.0	0.0	0.0	0.0	0.0
202403	230L10100	33	業務委託費*	0.0	0.0	0.0	0.0	0.0	0.0
202403	230L10100	34	雑費*	0.0	300000.0	0.0	0.0	0.0	0.0
202403	230L10100	35	雑給*	40000.0	48000.0	26023.0	0.0	54.2	65.0
202403	230L10100	36	経費合計（販管費）	5212849.0	4784329.0	4566357.0	9.5	95.4	87.5
202403	230L10100	37	減価償却費	826441.0	826441.0	845331.0	1.7	102.2	102.2
202403	230L10100	38	車両費	357390.0	336390.0	288625.0	0.6	85.8	80.7
202403	230L10100	39	旅費交通費	60000.0	130000.0	112609.0	0.2	86.6	187.6
202403	230L10100	40	通信費	60000.0	64000.0	60980.0	0.1	95.2	101.6
202403	230L10100	41	水道光熱費	150000.0	150000.0	142862.0	0.2	95.2	95.2
202403	230L10100	42	事務用品費	34542.0	33000.0	32238.0	0.0	97.6	93.3
202403	230L10100	43	消耗品費	70000.0	70000.0	454014.0	0.9	648.5	648.5
202403	230L10100	44	廃棄物処理料	360000.0	506000.0	376789.0	0.7	74.4	104.6
202403	230L10100	45	広告宣伝費	0.0	0.0	0.0	0.0	0.0	0.0
202403	230L10100	46	接待交際費	22360.0	0.0	0.0	0.0	0.0	0.0
202403	230L10100	47	賃借料	117500.0	106500.0	106000.0	0.2	99.5	90.2
202403	230L10100	48	賃貸料収入	-120000.0	-121000.0	-121000.0	0.0	0.0	0.0
202403	230L10100	49	修繕費	345000.0	358000.0	13298.0	0.0	3.7	3.8
202403	230L10100	50	支払リース料	0.0	4400.0	4400.0	0.0	100.0	0.0
202403	230L10100	51	保険料	150000.0	129482.0	129482.0	0.2	100.0	86.3
202403	230L10100	52	支払報酬	0.0	0.0	0.0	0.0	0.0	0.0
202403	230L10100	53	支払手数料	100000.0	107000.0	90278.0	0.1	84.3	90.2
202403	230L10100	54	診断料	0.0	0.0	0.0	0.0	0.0	0.0
202403	230L10100	55	諸会費	0.0	0.0	0.0	0.0	0.0	0.0
202403	230L10100	56	会議費	5000.0	0.0	0.0	0.0	0.0	0.0
202403	230L10100	57	寄付金	0.0	0.0	0.0	0.0	0.0	0.0
202403	230L10100	58	租税公課	0.0	0.0	0.0	0.0	0.0	0.0
202403	230L10100	59	業務委託費	0.0	0.0	0.0	0.0	0.0	0.0
202403	230L10100	60	業務受託収入	-50000.0	-203000.0	-251546.0	0.0	0.0	0.0
202403	230L10100	61	情報機器利用料	136000.0	144000.0	143880.0	0.3	99.9	105.7
202403	230L10100	62	貸倒金	0.0	0.0	0.0	0.0	0.0	0.0
202403	230L10100	63	雑費	530000.0	86000.0	75081.0	0.1	87.3	14.1
202403	230L10100	64	福利消耗品費	0.0	0.0	0.0	0.0	0.0	0.0
202403	230L10100	65	教育研修費	10000.0	10000.0	6363.0	0.0	63.6	63.6
202403	230L10100	66	廃棄損	0.0	0.0	0.0	0.0	0.0	0.0
202403	230L10100	67	雑給	0.0	0.0	0.0	0.0	0.0	0.0
202403	230L10100	68	社内金利（固定資産）	1416316.0	1410116.0	1419673.0	2.9	100.6	100.2
202403	230L10100	69	社内金利（売掛金）	0.0	0.0	0.0	0.0	0.0	0.0
202403	230L10100	70	グループ共通	632300.0	637000.0	637000.0	1.3	100.0	100.7
202403	230L10100	71	差引収益	15054890.0	7189671.0	5171206.0	10.8	71.9	34.3
202403	230L10100	72	差引比率	20.0	13.6	10.8		79.4	54.0
202403	230L10100	73	総時間	7765.75	7348.0	6848.5		93.2	88.1
202403	230L10100	74	定時間	7557.75	7186.0	6736.0		93.7	89.1
202403	230L10100	75	残業時間	198.0	172.0	123.5		71.8	62.3
202403	230L10100	76	移動時間	10.0	-10.0	-11.0		0.0	0.0
202403	230L10100	77	当月時間当り	1938.6	978.4	755.0		77.1	38.9
202403	230L10100	78	人員	64.0	73.0	71.0		97.2	110.9
202404	230L10100	1	総受注高	63543000.0	58938560.0	59926730.0		101.6	94.3
202404	230L10100	2	総売上高	63543000.0	58938560.0	59926730.0		101.6	94.3
202404	230L10100	3	売上高	63966000.0	59323960.0	60303396.0	100.6	101.6	94.2
202404	230L10100	4	グループ売上高	0.0	0.0	0.0	0.0	0.0	0.0
202404	230L10100	5	社内売上高	38000000.0	33658099.0	35387852.0	59.0	105.1	93.1
202404	230L10100	7	販売奨励金	-423000.0	-385400.0	-376666.0	0.0	0.0	0.0
202404	230L10100	8	売上原価	21821000.0	19735250.0	19197073.0	32.0	97.2	87.9
202404	230L10100	9	仕入高	3117000.0	3117000.0	4079621.0	6.8	130.8	130.8
202404	230L10100	10	グループ仕入高	11412000.0	11824350.0	10366514.0	17.2	87.6	90.8
202404	230L10100	11	社内仕入高	38000000.0	33658099.0	35387852.0	59.0	105.1	93.1
202404	230L10100	12	荷造運搬費	3532000.0	2980000.0	2883533.0	4.8	96.7	81.6
202404	230L10100	13	販売手数料	3760000.0	1813900.0	1867405.0	3.1	102.9	49.6
202404	230L10100	14	総収益	41722000.0	39203310.0	40729657.0	67.9	103.8	97.6
202404	230L10100	15	経費合計	23190773.0	21838973.0	23383767.0	39.0	107.0	100.8
202404	230L10100	16	経費合計（原価）	17428315.0	16152315.0	18022349.0	30.0	111.5	103.4
202404	230L10100	17	種苗費*	0.0	0.0	0.0	0.0	0.0	0.0
202404	230L10100	18	肥料費*	1464000.0	1464000.0	1695295.0	2.8	115.7	115.7
202404	230L10100	19	培土費用*	0.0	0.0	2187832.0	3.6	0.0	0.0
202404	230L10100	20	農薬衛生費*	390000.0	390000.0	140502.0	0.2	36.0	36.0
202404	230L10100	21	農具費*	164000.0	110000.0	94799.0	0.1	86.1	57.8
202404	230L10100	22	諸材料費*	7642000.0	6622000.0	6411782.0	10.6	96.8	83.9
202404	230L10100	23	その他仕入高*	0.0	0.0	0.0	0.0	0.0	0.0
202404	230L10100	24	減価償却費*	3172085.0	3172085.0	3172085.0	5.2	100.0	100.0
202404	230L10100	25	車両費*	0.0	0.0	0.0	0.0	0.0	0.0
202404	230L10100	26	水道光熱費*	165000.0	165000.0	166656.0	0.2	101.0	101.0
202404	230L10100	27	動力費*	1260000.0	1601000.0	1600509.0	2.6	99.9	127.0
202404	230L10100	28	燃料費*	1080000.0	1080000.0	1082400.0	1.8	100.2	100.2
202404	230L10100	29	賃借料*	1248230.0	1248230.0	1248241.0	2.0	100.0	100.0
202404	230L10100	30	修繕費*	660000.0	185000.0	186750.0	0.3	100.9	28.2
202404	230L10100	31	診断料*	0.0	0.0	3000.0	0.0	0.0	0.0
202404	230L10100	32	租税公課*	0.0	0.0	0.0	0.0	0.0	0.0
202404	230L10100	33	業務委託費*	0.0	0.0	0.0	0.0	0.0	0.0
202404	230L10100	34	雑費*	0.0	0.0	0.0	0.0	0.0	0.0
202404	230L10100	35	雑給*	183000.0	115000.0	32498.0	0.0	28.2	17.7
202404	230L10100	36	経費合計（販管費）	5762458.0	5686658.0	5361418.0	8.9	94.2	93.0
202404	230L10100	37	減価償却費	843862.0	843862.0	843862.0	1.4	100.0	100.0
202404	230L10100	38	車両費	327590.0	307590.0	330299.0	0.5	107.3	100.8
202404	230L10100	39	旅費交通費	100000.0	90000.0	53978.0	0.0	59.9	53.9
202404	230L10100	40	通信費	67147.0	67147.0	58682.0	0.0	87.3	87.3
202404	230L10100	41	水道光熱費	150000.0	193000.0	191114.0	0.3	99.0	127.4
202404	230L10100	42	事務用品費	35000.0	35000.0	18888.0	0.0	53.9	53.9
202404	230L10100	43	消耗品費	280000.0	276200.0	64205.0	0.1	23.2	22.9
202404	230L10100	44	廃棄物処理料	367000.0	367000.0	293736.0	0.4	80.0	80.0
202404	230L10100	45	広告宣伝費	10000.0	0.0	0.0	0.0	0.0	0.0
202404	230L10100	46	接待交際費	30000.0	5000.0	0.0	0.0	0.0	0.0
202404	230L10100	47	賃借料	99000.0	99000.0	98727.0	0.1	99.7	99.7
202404	230L10100	48	賃貸料収入	-101000.0	-101000.0	-101000.0	0.0	0.0	0.0
202404	230L10100	49	修繕費	50000.0	0.0	0.0	0.0	0.0	0.0
202404	230L10100	50	支払リース料	4400.0	4400.0	4400.0	0.0	100.0	100.0
202404	230L10100	51	保険料	160166.0	160166.0	161738.0	0.2	100.9	100.9
202404	230L10100	52	支払報酬	0.0	0.0	0.0	0.0	0.0	0.0
202404	230L10100	53	支払手数料	1171000.0	1171000.0	1179618.0	1.9	100.7	100.7
202404	230L10100	54	診断料	24000.0	24000.0	19000.0	0.0	79.1	79.1
202404	230L10100	55	諸会費	500.0	500.0	500.0	0.0	100.0	100.0
202404	230L10100	56	会議費	5000.0	5000.0	0.0	0.0	0.0	0.0
202404	230L10100	57	寄付金	0.0	0.0	0.0	0.0	0.0	0.0
202404	230L10100	58	租税公課	0.0	0.0	0.0	0.0	0.0	0.0
202404	230L10100	59	業務委託費	0.0	0.0	0.0	0.0	0.0	0.0
202404	230L10100	60	業務受託収入	-85000.0	-85000.0	-61000.0	0.0	0.0	0.0
202404	230L10100	61	情報機器利用料	135200.0	135200.0	135200.0	0.2	100.0	100.0
202404	230L10100	62	貸倒金	0.0	0.0	0.0	0.0	0.0	0.0
202404	230L10100	63	雑費	96000.0	96000.0	76878.0	0.1	80.0	80.0
202404	230L10100	64	福利消耗品費	0.0	0.0	0.0	0.0	0.0	0.0
202404	230L10100	65	教育研修費	0.0	0.0	0.0	0.0	0.0	0.0
202404	230L10100	66	廃棄損	0.0	0.0	0.0	0.0	0.0	0.0
202404	230L10100	67	雑給	0.0	0.0	0.0	0.0	0.0	0.0
202404	230L10100	68	社内金利（固定資産）	1399593.0	1399593.0	1399593.0	2.3	100.0	100.0
202404	230L10100	69	社内金利（売掛金）	0.0	0.0	0.0	0.0	0.0	0.0
202404	230L10100	70	グループ共通	593000.0	593000.0	593000.0	0.9	100.0	100.0
202404	230L10100	71	差引収益	18531227.0	17364337.0	17345890.0	28.9	99.8	93.6
202404	230L10100	72	差引比率	29.1	29.4	28.9		98.2	99.3
202404	230L10100	73	総時間	7993.75	7619.75	7622.75		100.0	95.3
202404	230L10100	74	定時間	7768.75	7420.75	7318.5		98.6	94.2
202404	230L10100	75	残業時間	225.0	199.0	304.25		152.8	135.2
202404	230L10100	76	移動時間	0.0	0.0	0.0		0.0	0.0
202404	230L10100	77	当月時間当り	2318.2	2278.8	2275.5		99.8	98.1
202404	230L10100	78	人員	73.0	70.0	68.0		97.1	93.1
202405	230L10100	1	総受注高	77436000.0	68692600.0	73823691.0		107.4	95.3
202405	230L10100	2	総売上高	77436000.0	68692600.0	73823691.0		107.4	95.3
202405	230L10100	3	売上高	77979000.0	69200600.0	74317891.0	100.6	107.3	95.3
202405	230L10100	4	グループ売上高	0.0	0.0	0.0	0.0	0.0	0.0
202405	230L10100	5	社内売上高	48500000.0	41624115.0	46866433.0	63.4	112.5	96.6
202405	230L10100	7	販売奨励金	-543000.0	-508000.0	-494200.0	0.0	0.0	0.0
202405	230L10100	8	売上原価	24090000.0	22996500.0	22165334.0	30.0	96.3	92.0
202405	230L10100	9	仕入高	3357000.0	3288500.0	4538055.0	6.1	137.9	135.1
202405	230L10100	10	グループ仕入高	12193000.0	12431000.0	10254463.0	13.8	82.4	84.1
202405	230L10100	11	社内仕入高	48500000.0	41624115.0	46773673.0	63.3	112.3	96.4
202405	230L10100	12	荷造運搬費	4552000.0	3958000.0	4132584.0	5.5	104.4	90.7
202405	230L10100	13	販売手数料	3988000.0	3319000.0	3240232.0	4.3	97.6	81.2
202405	230L10100	14	総収益	53346000.0	45696100.0	51658357.0	69.9	113.0	96.8
202405	230L10100	15	経費合計	38781193.0	34393065.0	34219227.0	46.3	99.4	88.2
202405	230L10100	16	経費合計（原価）	27597315.0	23319315.0	21610746.0	29.2	92.6	78.3
202405	230L10100	17	種苗費*	0.0	0.0	0.0	0.0	0.0	0.0
202405	230L10100	18	肥料費*	1473000.0	1473000.0	1678574.0	2.2	113.9	113.9
202405	230L10100	19	培土費用*	5830000.0	3640000.0	1009476.0	1.3	27.7	17.3
202405	230L10100	20	農薬衛生費*	650000.0	615000.0	726409.0	0.9	118.1	111.7
202405	230L10100	21	農具費*	417000.0	729000.0	400224.0	0.5	54.9	95.9
202405	230L10100	22	諸材料費*	6817000.0	5044000.0	6376144.0	8.6	126.4	93.5
202405	230L10100	23	その他仕入高*	0.0	0.0	0.0	0.0	0.0	0.0
202405	230L10100	24	減価償却費*	3172085.0	3172085.0	3172085.0	4.2	100.0	100.0
202405	230L10100	25	車両費*	0.0	0.0	0.0	0.0	0.0	0.0
202405	230L10100	26	水道光熱費*	165000.0	180000.0	161280.0	0.2	89.6	97.7
202405	230L10100	27	動力費*	1246000.0	1276000.0	1276115.0	1.7	100.0	102.4
202405	230L10100	28	燃料費*	720000.0	720000.0	357200.0	0.4	49.6	49.6
202405	230L10100	29	賃借料*	1248230.0	1248230.0	1248230.0	1.6	100.0	100.0
202405	230L10100	30	修繕費*	720000.0	1100000.0	1160939.0	1.5	105.5	161.2
202405	230L10100	31	診断料*	0.0	0.0	-3000.0	0.0	0.0	0.0
202405	230L10100	32	租税公課*	0.0	0.0	0.0	0.0	0.0	0.0
202405	230L10100	33	業務委託費*	0.0	0.0	0.0	0.0	0.0	0.0
202405	230L10100	34	雑費*	4200000.0	3010000.0	3050800.0	4.1	101.3	72.6
202405	230L10100	35	雑給*	939000.0	1112000.0	996270.0	1.3	89.5	106.0
202405	230L10100	36	経費合計（販管費）	11183878.0	11073750.0	12608481.0	17.0	113.8	112.7
202405	230L10100	37	減価償却費	843862.0	843862.0	978520.0	1.3	115.9	115.9
202405	230L10100	38	車両費	386590.0	386590.0	354061.0	0.4	91.5	91.5
202405	230L10100	39	旅費交通費	100000.0	100000.0	443142.0	0.6	443.1	443.1
202405	230L10100	40	通信費	67147.0	67147.0	55031.0	0.0	81.9	81.9
202405	230L10100	41	水道光熱費	120000.0	140000.0	138131.0	0.1	98.6	115.1
202405	230L10100	42	事務用品費	35000.0	45000.0	27114.0	0.0	60.2	77.4
202405	230L10100	43	消耗品費	60000.0	264872.0	175580.0	0.2	66.2	292.6
202405	230L10100	44	廃棄物処理料	402000.0	402000.0	921955.0	1.2	229.3	229.3
202405	230L10100	45	広告宣伝費	10000.0	12000.0	10000.0	0.0	83.3	100.0
202405	230L10100	46	接待交際費	30000.0	0.0	0.0	0.0	0.0	0.0
202405	230L10100	47	賃借料	99000.0	99000.0	98727.0	0.1	99.7	99.7
202405	230L10100	48	賃貸料収入	-101000.0	-101000.0	-101000.0	0.0	0.0	0.0
202405	230L10100	49	修繕費	350000.0	0.0	0.0	0.0	0.0	0.0
202405	230L10100	50	支払リース料	4400.0	4400.0	4400.0	0.0	100.0	100.0
202405	230L10100	51	保険料	115166.0	115166.0	115168.0	0.1	100.0	100.0
202405	230L10100	52	支払報酬	0.0	0.0	0.0	0.0	0.0	0.0
202405	230L10100	53	支払手数料	67000.0	67000.0	258078.0	0.3	385.1	385.1
202405	230L10100	54	診断料	183000.0	166000.0	144182.0	0.1	86.8	78.7
202405	230L10100	55	諸会費	9000.0	9000.0	5000.0	0.0	55.5	55.5
202405	230L10100	56	会議費	5000.0	5000.0	1964.0	0.0	39.2	39.2
202405	230L10100	57	寄付金	0.0	0.0	0.0	0.0	0.0	0.0
202405	230L10100	58	租税公課	5753000.0	5753000.0	6434500.0	8.7	111.8	111.8
202405	230L10100	59	業務委託費	0.0	0.0	0.0	0.0	0.0	0.0
202405	230L10100	60	業務受託収入	-85000.0	-125000.0	-157000.0	0.0	0.0	0.0
202405	230L10100	61	情報機器利用料	135200.0	135200.0	135200.0	0.1	100.0	100.0
202405	230L10100	62	貸倒金	0.0	0.0	0.0	0.0	0.0	0.0
202405	230L10100	63	雑費	572000.0	672000.0	563868.0	0.7	83.9	98.5
202405	230L10100	64	福利消耗品費	50000.0	40000.0	1770.0	0.0	4.4	3.5
202405	230L10100	65	教育研修費	0.0	0.0	0.0	0.0	0.0	0.0
202405	230L10100	66	廃棄損	0.0	0.0	0.0	0.0	0.0	0.0
202405	230L10100	67	雑給	0.0	0.0	0.0	0.0	0.0	0.0
202405	230L10100	68	社内金利（固定資産）	1379513.0	1379513.0	1407090.0	1.9	101.9	101.9
202405	230L10100	69	社内金利（売掛金）	0.0	0.0	0.0	0.0	0.0	0.0
202405	230L10100	70	グループ共通	593000.0	593000.0	593000.0	0.8	100.0	100.0
202405	230L10100	71	差引収益	14564807.0	11303035.0	17439130.0	23.6	154.2	119.7
202405	230L10100	72	差引比率	18.8	16.4	23.6		143.9	125.5
202405	230L10100	73	総時間	8829.25	8928.25	9040.25		101.2	102.3
202405	230L10100	74	定時間	8380.25	8527.25	8399.25		98.4	100.2
202405	230L10100	75	残業時間	449.0	401.0	641.0		159.8	142.7
202405	230L10100	76	移動時間	0.0	0.0	0.0		0.0	0.0
202405	230L10100	77	当月時間当り	1649.6	1265.9	1929.0		152.3	116.9
202405	230L10100	78	人員	73.0	75.0	70.0		93.3	95.8
202406	230L10100	1	総受注高	70067000.0	78357240.0	78498289.0		100.1	112.0
202406	230L10100	2	総売上高	70067000.0	78357240.0	78498289.0		100.1	112.0
202406	230L10100	3	売上高	70659000.0	78989240.0	79113035.0	100.7	100.1	111.9
202406	230L10100	4	グループ売上高	0.0	0.0	0.0	0.0	0.0	0.0
202406	230L10100	5	社内売上高	42700000.0	50573323.0	50126965.0	63.8	99.1	117.3
202406	230L10100	7	販売奨励金	-592000.0	-632000.0	-614746.0	0.0	0.0	0.0
202406	230L10100	8	売上原価	23883000.0	23010000.0	22714977.0	28.9	98.7	95.1
202406	230L10100	9	仕入高	3713000.0	3713000.0	5366610.0	6.8	144.5	144.5
202406	230L10100	10	グループ仕入高	11591000.0	11213000.0	9738670.0	12.4	86.8	84.0
202406	230L10100	11	社内仕入高	42700000.0	50573323.0	50126965.0	63.8	99.1	117.3
202406	230L10100	12	荷造運搬費	4141000.0	4000000.0	3516881.0	4.4	87.9	84.9
202406	230L10100	13	販売手数料	4438000.0	4084000.0	4092816.0	5.2	100.2	92.2
202406	230L10100	14	総収益	46184000.0	55347240.0	55783312.0	71.0	100.7	120.7
202406	230L10100	15	経費合計	25500003.0	24720003.0	25524567.0	32.5	103.2	100.0
202406	230L10100	16	経費合計（原価）	19444315.0	19155315.0	19955310.0	25.4	104.1	102.6
202406	230L10100	17	種苗費*	2320000.0	2311000.0	2310880.0	2.9	99.9	99.6
202406	230L10100	18	肥料費*	1536000.0	1536000.0	1405406.0	1.7	91.4	91.4
202406	230L10100	19	培土費用*	0.0	0.0	0.0	0.0	0.0	0.0
202406	230L10100	20	農薬衛生費*	230000.0	230000.0	371874.0	0.4	161.6	161.6
202406	230L10100	21	農具費*	39000.0	347000.0	397970.0	0.5	114.6	
202406	230L10100	22	諸材料費*	7996000.0	7132000.0	7912698.0	10.0	110.9	98.9
202406	230L10100	23	その他仕入高*	0.0	0.0	0.0	0.0	0.0	0.0
202406	230L10100	24	減価償却費*	3172085.0	3172085.0	3172085.0	4.0	100.0	100.0
202406	230L10100	25	車両費*	0.0	0.0	0.0	0.0	0.0	0.0
202406	230L10100	26	水道光熱費*	170000.0	180000.0	166656.0	0.2	92.5	98.0
202406	230L10100	27	動力費*	1030000.0	1036000.0	1180413.0	1.5	113.9	114.6
202406	230L10100	28	燃料費*	0.0	0.0	0.0	0.0	0.0	0.0
202406	230L10100	29	賃借料*	1248230.0	1248230.0	1248230.0	1.5	100.0	100.0
202406	230L10100	30	修繕費*	1160000.0	410000.0	24000.0	0.0	5.8	2.0
202406	230L10100	31	診断料*	0.0	0.0	0.0	0.0	0.0	0.0
202406	230L10100	32	租税公課*	0.0	0.0	0.0	0.0	0.0	0.0
202406	230L10100	33	業務委託費*	0.0	0.0	0.0	0.0	0.0	0.0
202406	230L10100	34	雑費*	240000.0	574000.0	275000.0	0.3	47.9	114.5
202406	230L10100	35	雑給*	303000.0	979000.0	1490098.0	1.8	152.2	491.7
202406	230L10100	36	経費合計（販管費）	6055688.0	5564688.0	5569257.0	7.0	100.0	91.9
202406	230L10100	37	減価償却費	909862.0	909862.0	978520.0	1.2	107.5	107.5
202406	230L10100	38	車両費	361590.0	361590.0	297357.0	0.3	82.2	82.2
202406	230L10100	39	旅費交通費	690000.0	320000.0	248919.0	0.3	77.7	36.0
202406	230L10100	40	通信費	67147.0	67147.0	55917.0	0.0	83.2	83.2
202406	230L10100	41	水道光熱費	130000.0	130000.0	146581.0	0.1	112.7	112.7
202406	230L10100	42	事務用品費	35000.0	35000.0	27620.0	0.0	78.9	78.9
202406	230L10100	43	消耗品費	53000.0	455000.0	557008.0	0.7	122.4	
202406	230L10100	44	廃棄物処理料	956000.0	332000.0	308059.0	0.3	92.7	32.2
202406	230L10100	45	広告宣伝費	10000.0	0.0	0.0	0.0	0.0	0.0
202406	230L10100	46	接待交際費	30000.0	0.0	1200.0	0.0	0.0	4.0
202406	230L10100	47	賃借料	99000.0	99000.0	98727.0	0.1	99.7	99.7
202406	230L10100	48	賃貸料収入	-101000.0	-101000.0	-101000.0	0.0	0.0	0.0
202406	230L10100	49	修繕費	300000.0	560000.0	620000.0	0.7	110.7	206.6
202406	230L10100	50	支払リース料	4400.0	4400.0	4400.0	0.0	100.0	100.0
202406	230L10100	51	保険料	115166.0	115166.0	115168.0	0.1	100.0	100.0
202406	230L10100	52	支払報酬	0.0	0.0	0.0	0.0	0.0	0.0
202406	230L10100	53	支払手数料	127000.0	67000.0	48002.0	0.0	71.6	37.7
202406	230L10100	54	診断料	14000.0	14000.0	0.0	0.0	0.0	0.0
202406	230L10100	55	諸会費	500.0	500.0	0.0	0.0	0.0	0.0
202406	230L10100	56	会議費	5000.0	5000.0	0.0	0.0	0.0	0.0
202406	230L10100	57	寄付金	0.0	0.0	0.0	0.0	0.0	0.0
202406	230L10100	58	租税公課	0.0	0.0	81.0	0.0	0.0	0.0
202406	230L10100	59	業務委託費	0.0	0.0	0.0	0.0	0.0	0.0
202406	230L10100	60	業務受託収入	-85000.0	-85000.0	-132273.0	0.0	0.0	0.0
202406	230L10100	61	情報機器利用料	135200.0	135200.0	135200.0	0.1	100.0	100.0
202406	230L10100	62	貸倒金	0.0	0.0	0.0	0.0	0.0	0.0
202406	230L10100	63	雑費	209000.0	160000.0	180434.0	0.2	112.7	86.3
202406	230L10100	64	福利消耗品費	0.0	0.0	0.0	0.0	0.0	0.0
202406	230L10100	65	教育研修費	10000.0	0.0	0.0	0.0	0.0	0.0
202406	230L10100	66	廃棄損	0.0	0.0	0.0	0.0	0.0	0.0
202406	230L10100	67	雑給	0.0	0.0	0.0	0.0	0.0	0.0
202406	230L10100	68	社内金利（固定資産）	1386823.0	1386823.0	1386337.0	1.7	99.9	99.9
202406	230L10100	69	社内金利（売掛金）	0.0	0.0	0.0	0.0	0.0	0.0
202406	230L10100	70	グループ共通	593000.0	593000.0	593000.0	0.7	100.0	100.0
202406	230L10100	71	差引収益	20683997.0	30627237.0	30258745.0	38.5	98.7	146.2
202406	230L10100	72	差引比率	29.5	39.0	38.5		98.7	130.5
202406	230L10100	73	総時間	8010.0	8500.0	8329.25		97.9	103.9
202406	230L10100	74	定時間	7732.0	7929.0	7653.25		96.5	98.9
202406	230L10100	75	残業時間	282.0	585.0	684.0		116.9	242.5
202406	230L10100	76	移動時間	-4.0	-14.0	-8.0		0.0	0.0
202406	230L10100	77	当月時間当り	2582.2	3603.2	3632.8		100.8	140.6
202406	230L10100	78	人員	73.0	75.0	75.0		100.0	102.7
202407	230L10100	1	総受注高	45692000.0	52195000.0	54757458.0		104.9	119.8
202407	230L10100	2	総売上高	45692000.0	52195000.0	54757458.0		104.9	119.8
202407	230L10100	3	売上高	46283000.0	52851000.0	55397367.0	101.1	104.8	119.6
202407	230L10100	4	グループ売上高	0.0	0.0	0.0	0.0	0.0	0.0
202407	230L10100	5	社内売上高	28400000.0	35213390.0	38181704.0	69.7	108.4	134.4
202407	230L10100	7	販売奨励金	-591000.0	-656000.0	-639909.0	0.0	0.0	0.0
202407	230L10100	8	売上原価	16907000.0	15833300.0	15596295.0	28.4	98.5	92.2
202407	230L10100	9	仕入高	4078000.0	4160000.0	4067956.0	7.4	97.7	99.7
202407	230L10100	10	グループ仕入高	6130000.0	3891300.0	3738560.0	6.8	96.0	60.9
202407	230L10100	11	社内仕入高	28400000.0	35213390.0	38181704.0	69.7	108.4	134.4
202407	230L10100	12	荷造運搬費	2557000.0	3004000.0	2983060.0	5.4	99.3	116.6
202407	230L10100	13	販売手数料	4142000.0	4778000.0	4806719.0	8.7	100.6	116.0
202407	230L10100	14	総収益	28785000.0	36361700.0	39161163.0	71.5	107.6	136.0
202407	230L10100	15	経費合計	19866094.0	21039065.0	20474929.0	37.3	97.3	103.0
202407	230L10100	16	経費合計（原価）	15145315.0	15995315.0	15912905.0	29.0	99.4	105.0
202407	230L10100	17	種苗費*	1120000.0	0.0	1053.0	0.0	0.0	0.0
202407	230L10100	18	肥料費*	1232000.0	1232000.0	1544530.0	2.8	125.3	125.3
202407	230L10100	19	培土費用*	0.0	0.0	0.0	0.0	0.0	0.0
202407	230L10100	20	農薬衛生費*	360000.0	330000.0	526327.0	0.9	159.4	146.2
202407	230L10100	21	農具費*	108000.0	2241000.0	536450.0	0.9	23.9	496.7
202407	230L10100	22	諸材料費*	5387000.0	5137000.0	5605077.0	10.2	109.1	104.0
202407	230L10100	23	その他仕入高*	0.0	0.0	0.0	0.0	0.0	0.0
202407	230L10100	24	減価償却費*	3172085.0	3172085.0	3172085.0	5.7	100.0	100.0
202407	230L10100	25	車両費*	0.0	0.0	0.0	0.0	0.0	0.0
202407	230L10100	26	水道光熱費*	170000.0	180000.0	161280.0	0.2	89.6	94.8
202407	230L10100	27	動力費*	1630000.0	1194000.0	1193651.0	2.1	99.9	73.2
202407	230L10100	28	燃料費*	0.0	0.0	0.0	0.0	0.0	0.0
202407	230L10100	29	賃借料*	1248230.0	1248230.0	1248230.0	2.2	100.0	100.0
202407	230L10100	30	修繕費*	560000.0	102000.0	578330.0	1.0	566.9	103.2
202407	230L10100	31	診断料*	0.0	0.0	0.0	0.0	0.0	0.0
202407	230L10100	32	租税公課*	0.0	0.0	0.0	0.0	0.0	0.0
202407	230L10100	33	業務委託費*	0.0	0.0	0.0	0.0	0.0	0.0
202407	230L10100	34	雑費*	0.0	579000.0	400643.0	0.7	69.1	0.0
202407	230L10100	35	雑給*	158000.0	580000.0	945249.0	1.7	162.9	598.2
202407	230L10100	36	経費合計（販管費）	4720779.0	5043750.0	4562024.0	8.3	90.4	96.6
202407	230L10100	37	減価償却費	909862.0	978520.0	978520.0	1.7	100.0	107.5
202407	230L10100	38	車両費	357590.0	357590.0	299354.0	0.5	83.7	83.7
202407	230L10100	39	旅費交通費	100000.0	100000.0	65766.0	0.1	65.7	65.7
202407	230L10100	40	通信費	67147.0	67147.0	59749.0	0.1	88.9	88.9
202407	230L10100	41	水道光熱費	100000.0	130000.0	129641.0	0.2	99.7	129.6
202407	230L10100	42	事務用品費	35000.0	35000.0	22327.0	0.0	63.7	63.7
202407	230L10100	43	消耗品費	65000.0	65000.0	99425.0	0.1	152.9	152.9
202407	230L10100	44	廃棄物処理料	293000.0	367000.0	383878.0	0.7	104.5	131.0
202407	230L10100	45	広告宣伝費	10000.0	0.0	0.0	0.0	0.0	0.0
202407	230L10100	46	接待交際費	30000.0	0.0	0.0	0.0	0.0	0.0
202407	230L10100	47	賃借料	99000.0	99000.0	98727.0	0.1	99.7	99.7
202407	230L10100	48	賃貸料収入	-101000.0	-101000.0	-101000.0	0.0	0.0	0.0
202407	230L10100	49	修繕費	50000.0	225000.0	170000.0	0.3	75.5	340.0
202407	230L10100	50	支払リース料	4400.0	4400.0	4400.0	0.0	100.0	100.0
202407	230L10100	51	保険料	115166.0	115166.0	115168.0	0.2	100.0	100.0
202407	230L10100	52	支払報酬	369000.0	374000.0	314679.0	0.5	84.1	85.2
202407	230L10100	53	支払手数料	67000.0	67000.0	47028.0	0.0	70.1	70.1
202407	230L10100	54	診断料	29000.0	29000.0	38500.0	0.0	132.7	132.7
202407	230L10100	55	諸会費	0.0	0.0	0.0	0.0	0.0	0.0
202407	230L10100	56	会議費	5000.0	5000.0	0.0	0.0	0.0	0.0
202407	230L10100	57	寄付金	0.0	0.0	0.0	0.0	0.0	0.0
202407	230L10100	58	租税公課	10000.0	10000.0	0.0	0.0	0.0	0.0
202407	230L10100	59	業務委託費	0.0	0.0	0.0	0.0	0.0	0.0
202407	230L10100	60	業務受託収入	-85000.0	-85000.0	-370639.0	0.0	0.0	0.0
202407	230L10100	61	情報機器利用料	135200.0	135200.0	123320.0	0.2	91.2	91.2
202407	230L10100	62	貸倒金	0.0	0.0	0.0	0.0	0.0	0.0
202407	230L10100	63	雑費	96000.0	96000.0	112697.0	0.2	117.3	117.3
202407	230L10100	64	福利消耗品費	0.0	11000.0	11900.0	0.0	108.1	0.0
202407	230L10100	65	教育研修費	0.0	0.0	0.0	0.0	0.0	0.0
202407	230L10100	66	廃棄損	0.0	0.0	0.0	0.0	0.0	0.0
202407	230L10100	67	雑給	0.0	0.0	0.0	0.0	0.0	0.0
202407	230L10100	68	社内金利（固定資産）	1366414.0	1365727.0	1365584.0	2.4	99.9	99.9
202407	230L10100	69	社内金利（売掛金）	0.0	0.0	0.0	0.0	0.0	0.0
202407	230L10100	70	グループ共通	593000.0	593000.0	593000.0	1.0	100.0	100.0
202407	230L10100	71	差引収益	8918906.0	15322635.0	18686234.0	34.1	121.9	209.5
202407	230L10100	72	差引比率	19.5	29.3	34.1		116.3	174.8
202407	230L10100	73	総時間	8609.5	8909.75	8840.25		99.2	102.6
202407	230L10100	74	定時間	8361.25	8226.25	8112.25		98.6	97.0
202407	230L10100	75	残業時間	248.25	676.5	721.0		106.5	290.4
202407	230L10100	76	移動時間	0.0	7.0	7.0		100.0	0.0
202407	230L10100	77	当月時間当り	1035.9	1719.7	2113.7		122.9	204.0
202407	230L10100	78	人員	73.0	77.0	75.0		97.4	102.7
202408	230L10100	1	総受注高	40955000.0	37559000.0	40513404.0		107.8	98.9
202408	230L10100	2	総売上高	40955000.0	37559000.0	40513404.0		107.8	98.9
202408	230L10100	3	売上高	41456000.0	38053000.0	40982279.0	101.1	107.6	98.8
202408	230L10100	4	グループ売上高	0.0	0.0	0.0	0.0	0.0	0.0
202408	230L10100	5	社内売上高	27800000.0	23767721.0	25250388.0	62.3	106.2	90.8
202408	230L10100	7	販売奨励金	-501000.0	-494000.0	-468875.0	0.0	0.0	0.0
202408	230L10100	8	売上原価	11116000.0	13597000.0	14414867.0	35.5	106.0	129.6
202408	230L10100	9	仕入高	2486000.0	3090000.0	3479640.0	8.5	112.6	139.9
202408	230L10100	10	グループ仕入高	4498000.0	4753000.0	5108005.0	12.6	107.4	113.5
202408	230L10100	11	社内仕入高	27800000.0	23767721.0	25250388.0	62.3	106.2	90.8
202408	230L10100	12	荷造運搬費	2124000.0	2600000.0	2710820.0	6.6	104.2	127.6
202408	230L10100	13	販売手数料	2008000.0	3154000.0	3116402.0	7.6	98.8	155.1
202408	230L10100	14	総収益	29839000.0	23962000.0	26098537.0	64.4	108.9	87.4
202408	230L10100	15	経費合計	18788132.0	20821580.0	19614748.0	48.4	94.2	104.3
202408	230L10100	16	経費合計（原価）	14284951.0	16117951.0	15318546.0	37.8	95.0	107.2
202408	230L10100	17	種苗費*	0.0	0.0	2000.0	0.0	0.0	0.0
202408	230L10100	18	肥料費*	1866000.0	1616000.0	1820928.0	4.4	112.6	97.5
202408	230L10100	19	培土費用*	0.0	0.0	0.0	0.0	0.0	0.0
202408	230L10100	20	農薬衛生費*	360000.0	360000.0	473276.0	1.1	131.4	131.4
202408	230L10100	21	農具費*	788000.0	2391000.0	2363154.0	5.8	98.8	299.8
202408	230L10100	22	諸材料費*	4894000.0	4593000.0	4097928.0	10.1	89.2	83.7
202408	230L10100	23	その他仕入高*	0.0	0.0	0.0	0.0	0.0	0.0
202408	230L10100	24	減価償却費*	1931721.0	1931721.0	1931721.0	4.7	100.0	100.0
202408	230L10100	25	車両費*	0.0	0.0	0.0	0.0	0.0	0.0
202408	230L10100	26	水道光熱費*	170000.0	180000.0	166656.0	0.4	92.5	98.0
202408	230L10100	27	動力費*	1642000.0	1900000.0	1899451.0	4.6	99.9	115.6
202408	230L10100	28	燃料費*	0.0	0.0	0.0	0.0	0.0	0.0
202408	230L10100	29	賃借料*	1248230.0	1248230.0	1248230.0	3.0	100.0	100.0
202408	230L10100	30	修繕費*	560000.0	301000.0	50510.0	0.1	16.7	9.0
202408	230L10100	31	診断料*	0.0	0.0	0.0	0.0	0.0	0.0
202408	230L10100	32	租税公課*	0.0	0.0	0.0	0.0	0.0	0.0
202408	230L10100	33	業務委託費*	0.0	0.0	0.0	0.0	0.0	0.0
202408	230L10100	34	雑費*	200000.0	763000.0	600000.0	1.4	78.6	300.0
202408	230L10100	35	雑給*	625000.0	834000.0	664692.0	1.6	79.6	106.3
202408	230L10100	36	経費合計（販管費）	4503181.0	4703629.0	4296202.0	10.6	91.3	95.4
202408	230L10100	37	減価償却費	876807.0	945465.0	945465.0	2.3	100.0	107.8
202408	230L10100	38	車両費	347590.0	309590.0	285228.0	0.7	92.1	82.0
202408	230L10100	39	旅費交通費	80000.0	80000.0	30154.0	0.0	37.6	37.6
202408	230L10100	40	通信費	67147.0	67147.0	55358.0	0.1	82.4	82.4
202408	230L10100	41	水道光熱費	190000.0	227000.0	226531.0	0.5	99.7	119.2
202408	230L10100	42	事務用品費	35000.0	35000.0	16325.0	0.0	46.6	46.6
202408	230L10100	43	消耗品費	84000.0	161200.0	116784.0	0.2	72.4	139.0
202408	230L10100	44	廃棄物処理料	258000.0	258000.0	207554.0	0.5	80.4	80.4
202408	230L10100	45	広告宣伝費	10000.0	10000.0	0.0	0.0	0.0	0.0
202408	230L10100	46	接待交際費	20000.0	20000.0	0.0	0.0	0.0	0.0
202408	230L10100	47	賃借料	99000.0	99000.0	98727.0	0.2	99.7	99.7
202408	230L10100	48	賃貸料収入	-101000.0	-101000.0	-101000.0	0.0	0.0	0.0
202408	230L10100	49	修繕費	50000.0	50000.0	0.0	0.0	0.0	0.0
202408	230L10100	50	支払リース料	12400.0	12400.0	12240.0	0.0	98.7	98.7
202408	230L10100	51	保険料	115166.0	115166.0	115168.0	0.2	100.0	100.0
202408	230L10100	52	支払報酬	0.0	68500.0	58000.0	0.1	84.6	0.0
202408	230L10100	53	支払手数料	67000.0	67000.0	51078.0	0.1	76.2	76.2
202408	230L10100	54	診断料	78000.0	78000.0	47464.0	0.1	60.8	60.8
202408	230L10100	55	諸会費	500.0	500.0	0.0	0.0	0.0	0.0
202408	230L10100	56	会議費	5000.0	5000.0	0.0	0.0	0.0	0.0
202408	230L10100	57	寄付金	0.0	0.0	0.0	0.0	0.0	0.0
202408	230L10100	58	租税公課	0.0	0.0	10264.0	0.0	0.0	0.0
202408	230L10100	59	業務委託費	0.0	0.0	0.0	0.0	0.0	0.0
202408	230L10100	60	業務受託収入	-85000.0	-85000.0	-119546.0	0.0	0.0	0.0
202408	230L10100	61	情報機器利用料	135200.0	123320.0	123320.0	0.3	100.0	91.2
202408	230L10100	62	貸倒金	0.0	0.0	0.0	0.0	0.0	0.0
202408	230L10100	63	雑費	213000.0	213000.0	172890.0	0.4	81.1	81.1
202408	230L10100	64	福利消耗品費	0.0	0.0	0.0	0.0	0.0	0.0
202408	230L10100	65	教育研修費	0.0	0.0	0.0	0.0	0.0	0.0
202408	230L10100	66	廃棄損	0.0	0.0	0.0	0.0	0.0	0.0
202408	230L10100	67	雑給	0.0	0.0	0.0	0.0	0.0	0.0
202408	230L10100	68	社内金利（固定資産）	1352371.0	1351341.0	1351198.0	3.3	99.9	99.9
202408	230L10100	69	社内金利（売掛金）	0.0	0.0	0.0	0.0	0.0	0.0
202408	230L10100	70	グループ共通	593000.0	593000.0	593000.0	1.4	100.0	100.0
202408	230L10100	71	差引収益	11050868.0	3140420.0	6483789.0	16.0	206.4	58.6
202408	230L10100	72	差引比率	26.9	8.3	16.0		192.7	59.4
202408	230L10100	73	総時間	7986.0	7951.25	7359.75		92.5	92.1
202408	230L10100	74	定時間	7495.25	7315.25	6771.5		92.5	90.3
202408	230L10100	75	残業時間	494.75	632.0	590.5		93.4	119.3
202408	230L10100	76	移動時間	-4.0	4.0	-2.25		0.0	0.0
202408	230L10100	77	当月時間当り	1383.7	394.9	880.9		223.0	63.6
202408	230L10100	78	人員	73.0	76.0	76.0		100.0	104.1
202409	230L10100	1	総受注高	35517000.0	31679000.0	32051573.0		101.1	90.2
202409	230L10100	2	総売上高	35517000.0	31679000.0	32051573.0		101.1	90.2
202409	230L10100	3	売上高	36065000.0	32353000.0	32720260.0	102.0	101.1	90.7
202409	230L10100	4	グループ売上高	0.0	0.0	0.0	0.0	0.0	0.0
202409	230L10100	5	社内売上高	24100000.0	21185400.0	21475949.0	67.0	101.3	89.1
202409	230L10100	7	販売奨励金	-548000.0	-674000.0	-668687.0	0.0	0.0	0.0
202409	230L10100	8	売上原価	9871000.0	10356400.0	10271908.0	32.0	99.1	104.0
202409	230L10100	9	仕入高	1182000.0	1594000.0	1800766.0	5.6	112.9	152.3
202409	230L10100	10	グループ仕入高	5164000.0	4712400.0	4573916.0	14.2	97.0	88.5
202409	230L10100	11	社内仕入高	24100000.0	21185400.0	21475949.0	67.0	101.3	89.1
202409	230L10100	12	荷造運搬費	1781000.0	2250000.0	2113534.0	6.5	93.9	118.6
202409	230L10100	13	販売手数料	1744000.0	1800000.0	1783692.0	5.5	99.0	102.2
202409	230L10100	14	総収益	25646000.0	21322600.0	21779665.0	67.9	102.1	84.9
202409	230L10100	15	経費合計	22459567.0	24948071.0	25644603.0	80.0	102.7	114.1
202409	230L10100	16	経費合計（原価）	17167942.0	20079942.0	21079489.0	65.7	104.9	122.7
202409	230L10100	17	種苗費*	4130000.0	5252000.0	5582746.0	17.4	106.2	135.1
202409	230L10100	18	肥料費*	1912000.0	2162000.0	2170754.0	6.7	100.4	113.5
202409	230L10100	19	培土費用*	0.0	0.0	0.0	0.0	0.0	0.0
202409	230L10100	20	農薬衛生費*	870000.0	850000.0	716149.0	2.2	84.2	82.3
202409	230L10100	21	農具費*	20000.0	1551000.0	485765.0	1.5	31.3	
202409	230L10100	22	諸材料費*	3615000.0	3608000.0	4022216.0	12.5	111.4	111.2
202409	230L10100	23	その他仕入高*	0.0	0.0	0.0	0.0	0.0	0.0
202409	230L10100	24	減価償却費*	1931712.0	1931712.0	1931712.0	6.0	100.0	100.0
202409	230L10100	25	車両費*	0.0	0.0	0.0	0.0	0.0	0.0
202409	230L10100	26	水道光熱費*	170000.0	180000.0	166656.0	0.5	92.5	98.0
202409	230L10100	27	動力費*	1630000.0	1780000.0	1779799.0	5.5	99.9	109.1
202409	230L10100	28	燃料費*	0.0	0.0	0.0	0.0	0.0	0.0
202409	230L10100	29	賃借料*	1248230.0	1248230.0	1248230.0	3.8	100.0	100.0
202409	230L10100	30	修繕費*	1390000.0	746000.0	1824605.0	5.6	244.5	131.2
202409	230L10100	31	診断料*	0.0	0.0	0.0	0.0	0.0	0.0
202409	230L10100	32	租税公課*	0.0	0.0	0.0	0.0	0.0	0.0
202409	230L10100	33	業務委託費*	0.0	0.0	0.0	0.0	0.0	0.0
202409	230L10100	34	雑費*	0.0	0.0	432716.0	1.3	0.0	0.0
202409	230L10100	35	雑給*	251000.0	771000.0	718141.0	2.2	93.1	286.1
202409	230L10100	36	経費合計（販管費）	5291625.0	4868129.0	4565114.0	14.2	93.7	86.2
202409	230L10100	37	減価償却費	876793.0	945451.0	945451.0	2.9	100.0	107.8
202409	230L10100	38	車両費	351590.0	303690.0	252393.0	0.7	83.1	71.7
202409	230L10100	39	旅費交通費	120000.0	110000.0	47127.0	0.1	42.8	39.2
202409	230L10100	40	通信費	67147.0	67147.0	52366.0	0.1	77.9	77.9
202409	230L10100	41	水道光熱費	180000.0	195000.0	194324.0	0.6	99.6	107.9
202409	230L10100	42	事務用品費	35000.0	153000.0	141789.0	0.4	92.6	405.1
202409	230L10100	43	消耗品費	63000.0	63000.0	73167.0	0.2	116.1	116.1
202409	230L10100	44	廃棄物処理料	501000.0	501000.0	416926.0	1.3	83.2	83.2
202409	230L10100	45	広告宣伝費	510000.0	0.0	6746.0	0.0	0.0	1.3
202409	230L10100	46	接待交際費	20000.0	0.0	0.0	0.0	0.0	0.0
202409	230L10100	47	賃借料	99000.0	99000.0	98727.0	0.3	99.7	99.7
202409	230L10100	48	賃貸料収入	-101000.0	-101000.0	-101000.0	0.0	0.0	0.0
202409	230L10100	49	修繕費	50000.0	50000.0	0.0	0.0	0.0	0.0
202409	230L10100	50	支払リース料	4400.0	4400.0	4400.0	0.0	100.0	100.0
202409	230L10100	51	保険料	115166.0	115166.0	115168.0	0.3	100.0	100.0
202409	230L10100	52	支払報酬	0.0	0.0	0.0	0.0	0.0	0.0
202409	230L10100	53	支払手数料	248000.0	248000.0	228928.0	0.7	92.3	92.3
202409	230L10100	54	診断料	29000.0	25000.0	36000.0	0.1	144.0	124.1
202409	230L10100	55	諸会費	0.0	0.0	0.0	0.0	0.0	0.0
202409	230L10100	56	会議費	5000.0	5000.0	0.0	0.0	0.0	0.0
202409	230L10100	57	寄付金	0.0	0.0	0.0	0.0	0.0	0.0
202409	230L10100	58	租税公課	0.0	0.0	4009.0	0.0	0.0	0.0
202409	230L10100	59	業務委託費	0.0	0.0	0.0	0.0	0.0	0.0
202409	230L10100	60	業務受託収入	-85000.0	-85000.0	-109000.0	0.0	0.0	0.0
202409	230L10100	61	情報機器利用料	135200.0	123320.0	123320.0	0.3	100.0	91.2
202409	230L10100	62	貸倒金	0.0	0.0	0.0	0.0	0.0	0.0
202409	230L10100	63	雑費	96000.0	96000.0	99961.0	0.3	104.1	104.1
202409	230L10100	64	福利消耗品費	30000.0	20000.0	0.0	0.0	0.0	0.0
202409	230L10100	65	教育研修費	10000.0	0.0	4500.0	0.0	0.0	45.0
202409	230L10100	66	廃棄損	0.0	0.0	0.0	0.0	0.0	0.0
202409	230L10100	67	雑給	0.0	0.0	0.0	0.0	0.0	0.0
202409	230L10100	68	社内金利（固定資産）	1338329.0	1336955.0	1336812.0	4.1	99.9	99.8
202409	230L10100	69	社内金利（売掛金）	0.0	0.0	0.0	0.0	0.0	0.0
202409	230L10100	70	グループ共通	593000.0	593000.0	593000.0	1.8	100.0	100.0
202409	230L10100	71	差引収益	3186433.0	-3625471.0	-3864938.0	0.0	0.0	0.0
202409	230L10100	72	差引比率	8.9	-11.4	-12.0		0.0	0.0
202409	230L10100	73	総時間	8148.0	7841.75	7786.5		99.2	95.5
202409	230L10100	74	定時間	7565.5	7228.5	7238.5		100.1	95.6
202409	230L10100	75	残業時間	582.5	612.25	563.25		91.9	96.6
202409	230L10100	76	移動時間	0.0	1.0	-15.25		0.0	0.0
202409	230L10100	77	当月時間当り	391.0	-462.3	-496.3		0.0	0.0
202409	230L10100	78	人員	73.0	76.0	75.0		98.6	102.7
202410	230L10100	1	総受注高	35292000.0	26784000.0	34987946.0		130.6	99.1
202410	230L10100	2	総売上高	35292000.0	26784000.0	34987946.0		130.6	99.1
202410	230L10100	3	売上高	35785000.0	27284000.0	35486492.0	101.4	130.0	99.1
202410	230L10100	4	グループ売上高	0.0	0.0	0.0	0.0	0.0	0.0
202410	230L10100	5	社内売上高	23900000.0	16038000.0	20811634.0	59.4	129.7	87.0
202410	230L10100	7	販売奨励金	-493000.0	-500000.0	-498546.0	0.0	0.0	0.0
202410	230L10100	8	売上原価	9700000.0	10528000.0	12373888.0	35.3	117.5	127.5
202410	230L10100	9	仕入高	1349000.0	1614000.0	2295686.0	6.5	142.2	170.1
202410	230L10100	10	グループ仕入高	4946000.0	5534000.0	6708302.0	19.1	121.2	135.6
202410	230L10100	11	社内仕入高	23900000.0	16038000.0	20811634.0	59.4	129.7	87.0
202410	230L10100	12	荷造運搬費	1836000.0	2100000.0	2117793.0	6.0	100.8	115.3
202410	230L10100	13	販売手数料	1569000.0	1280000.0	1252107.0	3.5	97.8	79.8
202410	230L10100	14	総収益	25592000.0	16256000.0	22614058.0	64.6	139.1	88.3
202410	230L10100	15	経費合計	20361024.0	15923586.0	15425607.0	44.0	96.8	75.7
202410	230L10100	16	経費合計（原価）	15705942.0	10917942.0	10861812.0	31.0	99.4	69.1
202410	230L10100	17	種苗費*	0.0	0.0	0.0	0.0	0.0	0.0
202410	230L10100	18	肥料費*	1714000.0	1714000.0	1458890.0	4.1	85.1	85.1
202410	230L10100	19	培土費用*	0.0	0.0	0.0	0.0	0.0	0.0
202410	230L10100	20	農薬衛生費*	610000.0	610000.0	662668.0	1.8	108.6	108.6
202410	230L10100	21	農具費*	50000.0	76000.0	152728.0	0.4	200.9	305.4
202410	230L10100	22	諸材料費*	4529000.0	2860000.0	2744985.0	7.8	95.9	60.6
202410	230L10100	23	その他仕入高*	0.0	0.0	0.0	0.0	0.0	0.0
202410	230L10100	24	減価償却費*	1931712.0	1931712.0	1931712.0	5.5	100.0	100.0
202410	230L10100	25	車両費*	0.0	0.0	0.0	0.0	0.0	0.0
202410	230L10100	26	水道光熱費*	165000.0	170000.0	162048.0	0.4	95.3	98.2
202410	230L10100	27	動力費*	1730000.0	1783000.0	1782410.0	5.0	99.9	103.0
202410	230L10100	28	燃料費*	720000.0	360000.0	0.0	0.0	0.0	0.0
202410	230L10100	29	賃借料*	1248230.0	1248230.0	1248230.0	3.5	100.0	100.0
202410	230L10100	30	修繕費*	560000.0	60000.0	0.0	0.0	0.0	0.0
202410	230L10100	31	診断料*	0.0	0.0	0.0	0.0	0.0	0.0
202410	230L10100	32	租税公課*	0.0	0.0	0.0	0.0	0.0	0.0
202410	230L10100	33	業務委託費*	0.0	0.0	0.0	0.0	0.0	0.0
202410	230L10100	34	雑費*	2400000.0	0.0	0.0	0.0	0.0	0.0
202410	230L10100	35	雑給*	48000.0	105000.0	718141.0	2.0	683.9	
202410	230L10100	36	経費合計（販管費）	4655082.0	5005644.0	4563795.0	13.0	91.1	98.0
202410	230L10100	37	減価償却費	876793.0	945451.0	945451.0	2.7	100.0	107.8
202410	230L10100	38	車両費	347590.0	316090.0	264714.0	0.7	83.7	76.1
202410	230L10100	39	旅費交通費	90000.0	70000.0	-23037.0	0.0	0.0	0.0
202410	230L10100	40	通信費	67147.0	67147.0	54426.0	0.1	81.0	81.0
202410	230L10100	41	水道光熱費	210000.0	215000.0	213617.0	0.6	99.3	101.7
202410	230L10100	42	事務用品費	35000.0	35000.0	14921.0	0.0	42.6	42.6
202410	230L10100	43	消耗品費	90000.0	50000.0	88893.0	0.2	177.7	98.7
202410	230L10100	44	廃棄物処理料	332000.0	332000.0	261558.0	0.7	78.7	78.7
202410	230L10100	45	広告宣伝費	30000.0	42000.0	35100.0	0.1	83.5	117.0
202410	230L10100	46	接待交際費	20000.0	0.0	0.0	0.0	0.0	0.0
202410	230L10100	47	賃借料	99000.0	99000.0	98727.0	0.2	99.7	99.7
202410	230L10100	48	賃貸料収入	-101000.0	-101000.0	-101000.0	0.0	0.0	0.0
202410	230L10100	49	修繕費	50000.0	453000.0	402600.0	1.1	88.8	805.2
202410	230L10100	50	支払リース料	4400.0	4400.0	4400.0	0.0	100.0	100.0
202410	230L10100	51	保険料	115166.0	115166.0	115168.0	0.3	100.0	100.0
202410	230L10100	52	支払報酬	0.0	0.0	0.0	0.0	0.0	0.0
202410	230L10100	53	支払手数料	275000.0	277000.0	255728.0	0.7	92.3	92.9
202410	230L10100	54	診断料	35000.0	30000.0	30000.0	0.0	100.0	85.7
202410	230L10100	55	諸会費	500.0	500.0	0.0	0.0	0.0	0.0
202410	230L10100	56	会議費	5000.0	5000.0	0.0	0.0	0.0	0.0
202410	230L10100	57	寄付金	0.0	0.0	0.0	0.0	0.0	0.0
202410	230L10100	58	租税公課	0.0	0.0	0.0	0.0	0.0	0.0
202410	230L10100	59	業務委託費	0.0	0.0	0.0	0.0	0.0	0.0
202410	230L10100	60	業務受託収入	-85000.0	-85000.0	-204093.0	0.0	0.0	0.0
202410	230L10100	61	情報機器利用料	135200.0	123320.0	123320.0	0.3	100.0	91.2
202410	230L10100	62	貸倒金	0.0	0.0	0.0	0.0	0.0	0.0
202410	230L10100	63	雑費	96000.0	96000.0	67497.0	0.1	70.3	70.3
202410	230L10100	64	福利消耗品費	0.0	0.0	379.0	0.0	0.0	0.0
202410	230L10100	65	教育研修費	10000.0	0.0	0.0	0.0	0.0	0.0
202410	230L10100	66	廃棄損	0.0	0.0	0.0	0.0	0.0	0.0
202410	230L10100	67	雑給	0.0	0.0	0.0	0.0	0.0	0.0
202410	230L10100	68	社内金利（固定資産）	1324286.0	1322570.0	1322426.0	3.7	99.9	99.8
202410	230L10100	69	社内金利（売掛金）	0.0	0.0	0.0	0.0	0.0	0.0
202410	230L10100	70	グループ共通	593000.0	593000.0	593000.0	1.6	100.0	100.0
202410	230L10100	71	差引収益	5230976.0	332414.0	7188451.0	20.5		137.4
202410	230L10100	72	差引比率	14.8	1.2	20.5			138.5
202410	230L10100	73	総時間	8010.5	7937.0	7782.5		98.0	97.1
202410	230L10100	74	定時間	7826.5	7585.5	7338.75		96.7	93.7
202410	230L10100	75	残業時間	188.0	347.5	434.75		125.1	231.2
202410	230L10100	76	移動時間	-4.0	4.0	9.0		225.0	0.0
202410	230L10100	77	当月時間当り	653.0	41.8	923.6			141.4
202410	230L10100	78	人員	73.0	76.0	74.0		97.3	101.3
202411	230L10100	1	総受注高	75692000.0	59464000.0	58022602.0		97.5	76.6
202411	230L10100	2	総売上高	75692000.0	59464000.0	58022602.0		97.5	76.6
202411	230L10100	3	売上高	76152000.0	59796000.0	58347007.0	100.5	97.5	76.6
202411	230L10100	4	グループ売上高	0.0	0.0	0.0	0.0	0.0	0.0
202411	230L10100	5	社内売上高	49400000.0	36977000.0	36000382.0	62.0	97.3	72.8
202411	230L10100	7	販売奨励金	-460000.0	-332000.0	-324405.0	0.0	0.0	0.0
202411	230L10100	8	売上原価	20343000.0	17867000.0	16960694.0	29.2	94.9	83.3
202411	230L10100	9	仕入高	2238000.0	3730000.0	3706387.0	6.3	99.3	165.6
202411	230L10100	10	グループ仕入高	12272000.0	9787000.0	9149627.0	15.7	93.4	74.5
202411	230L10100	11	社内仕入高	49400000.0	36977000.0	36000382.0	62.0	97.3	72.8
202411	230L10100	12	荷造運搬費	4143000.0	2810000.0	2496055.0	4.3	88.8	60.2
202411	230L10100	13	販売手数料	1690000.0	1540000.0	1608625.0	2.7	104.4	95.1
202411	230L10100	14	総収益	55349000.0	41597000.0	41061908.0	70.7	98.7	74.1
202411	230L10100	15	経費合計	23387481.0	20912700.0	19347118.0	33.3	92.5	82.7
202411	230L10100	16	経費合計（原価）	18050942.0	15820942.0	15073269.0	25.9	95.2	83.5
202411	230L10100	17	種苗費*	0.0	0.0	0.0	0.0	0.0	0.0
202411	230L10100	18	肥料費*	1611000.0	1682000.0	1659905.0	2.8	98.6	103.0
202411	230L10100	19	培土費用*	0.0	0.0	0.0	0.0	0.0	0.0
202411	230L10100	20	農薬衛生費*	600000.0	700000.0	645436.0	1.1	92.2	107.5
202411	230L10100	21	農具費*	86000.0	42000.0	115718.0	0.1	275.5	134.5
202411	230L10100	22	諸材料費*	6216000.0	3998000.0	5517871.0	9.5	138.0	88.7
202411	230L10100	23	その他仕入高*	0.0	0.0	0.0	0.0	0.0	0.0
202411	230L10100	24	減価償却費*	1931712.0	1931712.0	1931712.0	3.3	100.0	100.0
202411	230L10100	25	車両費*	0.0	0.0	0.0	0.0	0.0	0.0
202411	230L10100	26	水道光熱費*	165000.0	170000.0	167360.0	0.2	98.4	101.4
202411	230L10100	27	動力費*	1250000.0	1511000.0	1510548.0	2.6	99.9	120.8
202411	230L10100	28	燃料費*	3240000.0	2520000.0	1506200.0	2.5	59.7	46.4
202411	230L10100	29	賃借料*	1248230.0	1248230.0	1248230.0	2.1	100.0	100.0
202411	230L10100	30	修繕費*	1210000.0	710000.0	135236.0	0.2	19.0	11.1
202411	230L10100	31	診断料*	0.0	0.0	0.0	0.0	0.0	0.0
202411	230L10100	32	租税公課*	0.0	0.0	0.0	0.0	0.0	0.0
202411	230L10100	33	業務委託費*	0.0	0.0	0.0	0.0	0.0	0.0
202411	230L10100	34	雑費*	81000.0	1065000.0	1064400.0	1.8	99.9	
202411	230L10100	35	雑給*	412000.0	243000.0	-429347.0	0.0	0.0	0.0
202411	230L10100	36	経費合計（販管費）	5336539.0	5091758.0	4273849.0	7.3	83.9	80.0
202411	230L10100	37	減価償却費	876793.0	945451.0	1014617.0	1.7	107.3	115.7
202411	230L10100	38	車両費	357590.0	303090.0	248264.0	0.4	81.9	69.4
202411	230L10100	39	旅費交通費	100000.0	80000.0	12426.0	0.0	15.5	12.4
202411	230L10100	40	通信費	67147.0	67147.0	52920.0	0.0	78.8	78.8
202411	230L10100	41	水道光熱費	130000.0	165000.0	164611.0	0.2	99.7	126.6
202411	230L10100	42	事務用品費	35000.0	35000.0	24458.0	0.0	69.8	69.8
202411	230L10100	43	消耗品費	60000.0	60000.0	72187.0	0.1	120.3	120.3
202411	230L10100	44	廃棄物処理料	402000.0	402000.0	343836.0	0.5	85.5	85.5
202411	230L10100	45	広告宣伝費	10000.0	22000.0	28659.0	0.0	130.2	286.5
202411	230L10100	46	接待交際費	30000.0	0.0	0.0	0.0	0.0	0.0
202411	230L10100	47	賃借料	99000.0	99000.0	98727.0	0.1	99.7	99.7
202411	230L10100	48	賃貸料収入	-101000.0	-101000.0	-101000.0	0.0	0.0	0.0
202411	230L10100	49	修繕費	300000.0	0.0	0.0	0.0	0.0	0.0
202411	230L10100	50	支払リース料	4400.0	4400.0	4400.0	0.0	100.0	100.0
202411	230L10100	51	保険料	115166.0	115166.0	115168.0	0.1	100.0	100.0
202411	230L10100	52	支払報酬	0.0	0.0	0.0	0.0	0.0	0.0
202411	230L10100	53	支払手数料	757000.0	764000.0	252378.0	0.4	33.0	33.3
202411	230L10100	54	診断料	29000.0	80000.0	30855.0	0.0	38.5	106.3
202411	230L10100	55	諸会費	0.0	0.0	0.0	0.0	0.0	0.0
202411	230L10100	56	会議費	5000.0	5000.0	0.0	0.0	0.0	0.0
202411	230L10100	57	寄付金	0.0	0.0	0.0	0.0	0.0	0.0
202411	230L10100	58	租税公課	0.0	0.0	0.0	0.0	0.0	0.0
202411	230L10100	59	業務委託費	0.0	0.0	0.0	0.0	0.0	0.0
202411	230L10100	60	業務受託収入	-85000.0	-85000.0	-219911.0	0.0	0.0	0.0
202411	230L10100	61	情報機器利用料	135200.0	123320.0	123320.0	0.2	100.0	91.2
202411	230L10100	62	貸倒金	0.0	0.0	0.0	0.0	0.0	0.0
202411	230L10100	63	雑費	96000.0	96000.0	65739.0	0.1	68.4	68.4
202411	230L10100	64	福利消耗品費	0.0	0.0	0.0	0.0	0.0	0.0
202411	230L10100	65	教育研修費	10000.0	10000.0	0.0	0.0	0.0	0.0
202411	230L10100	66	廃棄損	0.0	0.0	0.0	0.0	0.0	0.0
202411	230L10100	67	雑給	0.0	0.0	0.0	0.0	0.0	0.0
202411	230L10100	68	社内金利（固定資産）	1310243.0	1308184.0	1349195.0	2.3	103.1	102.9
202411	230L10100	69	社内金利（売掛金）	0.0	0.0	0.0	0.0	0.0	0.0
202411	230L10100	70	グループ共通	593000.0	593000.0	593000.0	1.0	100.0	100.0
202411	230L10100	71	差引収益	31961519.0	20684300.0	21714790.0	37.4	104.9	67.9
202411	230L10100	72	差引比率	42.2	34.7	37.4		107.7	88.6
202411	230L10100	73	総時間	7867.0	7272.5	7219.75		99.2	91.7
202411	230L10100	74	定時間	7876.5	7337.5	7091.75		96.6	90.0
202411	230L10100	75	残業時間	546.5	475.0	482.0		101.4	88.1
202411	230L10100	76	移動時間	-556.0	-540.0	-354.0		0.0	0.0
202411	230L10100	77	当月時間当り	4062.7	2844.1	3007.6		105.7	74.0
202411	230L10100	78	人員	73.0	73.0	72.0		98.6	98.6
202412	230L10100	1	総受注高	76654000.0	68198000.0	62364284.0		91.4	81.3
202412	230L10100	2	総売上高	76654000.0	68198000.0	62364284.0		91.4	81.3
202412	230L10100	3	売上高	77267000.0	68637000.0	62784319.0	100.6	91.4	81.2
202412	230L10100	4	グループ売上高	0.0	0.0	0.0	0.0	0.0	0.0
202412	230L10100	5	社内売上高	47500000.0	41673000.0	39288098.0	62.9	94.2	82.7
202412	230L10100	7	販売奨励金	-613000.0	-439000.0	-420035.0	0.0	0.0	0.0
202412	230L10100	8	売上原価	23786000.0	21127000.0	18777648.0	30.1	88.8	78.9
202412	230L10100	9	仕入高	4034000.0	4141000.0	4858876.0	7.7	117.3	120.4
202412	230L10100	10	グループ仕入高	12672000.0	11286000.0	8796035.0	14.1	77.9	69.4
202412	230L10100	11	社内仕入高	47500000.0	41673000.0	39288098.0	62.9	94.2	82.7
202412	230L10100	12	荷造運搬費	3876000.0	3100000.0	2597288.0	4.1	83.7	67.0
202412	230L10100	13	販売手数料	3204000.0	2600000.0	2525449.0	4.0	97.1	78.8
202412	230L10100	14	総収益	52868000.0	47071000.0	43586636.0	69.8	92.5	82.4
202412	230L10100	15	経費合計	32084939.0	25612928.0	26852219.0	43.0	104.8	83.6
202412	230L10100	16	経費合計（原価）	27408942.0	20945942.0	22485420.0	36.0	107.3	82.0
202412	230L10100	17	種苗費*	0.0	0.0	0.0	0.0	0.0	0.0
202412	230L10100	18	肥料費*	1371000.0	991000.0	945399.0	1.5	95.3	68.9
202412	230L10100	19	培土費用*	7290000.0	5141000.0	5120775.0	8.2	99.6	70.2
202412	230L10100	20	農薬衛生費*	450000.0	260000.0	122880.0	0.1	47.2	27.3
202412	230L10100	21	農具費*	221000.0	110000.0	121832.0	0.1	110.7	55.1
202412	230L10100	22	諸材料費*	7930000.0	5404000.0	5789123.0	9.2	107.1	73.0
202412	230L10100	23	その他仕入高*	0.0	0.0	0.0	0.0	0.0	0.0
202412	230L10100	24	減価償却費*	1931712.0	1931712.0	1931712.0	3.0	100.0	100.0
202412	230L10100	25	車両費*	0.0	0.0	0.0	0.0	0.0	0.0
202412	230L10100	26	水道光熱費*	165000.0	170000.0	161280.0	0.2	94.8	97.7
202412	230L10100	27	動力費*	1560000.0	1414000.0	1413383.0	2.2	99.9	90.6
202412	230L10100	28	燃料費*	4320000.0	3240000.0	5009560.0	8.0	154.6	115.9
202412	230L10100	29	賃借料*	1248230.0	1248230.0	1248230.0	2.0	100.0	100.0
202412	230L10100	30	修繕費*	740000.0	867000.0	377000.0	0.6	43.4	50.9
202412	230L10100	31	診断料*	0.0	0.0	0.0	0.0	0.0	0.0
202412	230L10100	32	租税公課*	0.0	0.0	0.0	0.0	0.0	0.0
202412	230L10100	33	業務委託費*	0.0	0.0	0.0	0.0	0.0	0.0
202412	230L10100	34	雑費*	81000.0	81000.0	81000.0	0.1	100.0	100.0
202412	230L10100	35	雑給*	101000.0	88000.0	163246.0	0.2	185.5	161.6
202412	230L10100	36	経費合計（販管費）	4675997.0	4666986.0	4366799.0	7.0	93.5	93.3
202412	230L10100	37	減価償却費	876793.0	1014617.0	1014617.0	1.6	100.0	115.7
202412	230L10100	38	車両費	631590.0	478230.0	430885.0	0.6	90.0	68.2
202412	230L10100	39	旅費交通費	100000.0	60000.0	18127.0	0.0	30.2	18.1
202412	230L10100	40	通信費	67147.0	67147.0	52939.0	0.0	78.8	78.8
202412	230L10100	41	水道光熱費	180000.0	174000.0	172735.0	0.2	99.2	95.9
202412	230L10100	42	事務用品費	35000.0	35000.0	16445.0	0.0	46.9	46.9
202412	230L10100	43	消耗品費	50000.0	70000.0	46004.0	0.0	65.7	92.0
202412	230L10100	44	廃棄物処理料	258000.0	293000.0	194189.0	0.3	66.2	75.2
202412	230L10100	45	広告宣伝費	10000.0	0.0	0.0	0.0	0.0	0.0
202412	230L10100	46	接待交際費	30000.0	0.0	0.0	0.0	0.0	0.0
202412	230L10100	47	賃借料	99000.0	99000.0	98727.0	0.1	99.7	99.7
202412	230L10100	48	賃貸料収入	-101000.0	-101000.0	-101000.0	0.0	0.0	0.0
202412	230L10100	49	修繕費	50000.0	50000.0	0.0	0.0	0.0	0.0
202412	230L10100	50	支払リース料	4400.0	4400.0	4400.0	0.0	100.0	100.0
202412	230L10100	51	保険料	115166.0	115166.0	115168.0	0.1	100.0	100.0
202412	230L10100	52	支払報酬	0.0	0.0	0.0	0.0	0.0	0.0
202412	230L10100	53	支払手数料	111000.0	113000.0	250208.0	0.4	221.4	225.4
202412	230L10100	54	診断料	78000.0	87000.0	76200.0	0.1	87.5	97.6
202412	230L10100	55	諸会費	500.0	500.0	0.0	0.0	0.0	0.0
202412	230L10100	56	会議費	5000.0	5000.0	0.0	0.0	0.0	0.0
202412	230L10100	57	寄付金	0.0	0.0	0.0	0.0	0.0	0.0
202412	230L10100	58	租税公課	0.0	0.0	200.0	0.0	0.0	0.0
202412	230L10100	59	業務委託費	0.0	0.0	0.0	0.0	0.0	0.0
202412	230L10100	60	業務受託収入	-85000.0	-85000.0	-181728.0	0.0	0.0	0.0
202412	230L10100	61	情報機器利用料	135200.0	123320.0	123320.0	0.1	100.0	91.2
202412	230L10100	62	貸倒金	0.0	0.0	0.0	0.0	0.0	0.0
202412	230L10100	63	雑費	96000.0	96000.0	85798.0	0.1	89.3	89.3
202412	230L10100	64	福利消耗品費	30000.0	30000.0	22102.0	0.0	73.6	73.6
202412	230L10100	65	教育研修費	10000.0	10000.0	0.0	0.0	0.0	0.0
202412	230L10100	66	廃棄損	0.0	0.0	0.0	0.0	0.0	0.0
202412	230L10100	67	雑給	0.0	0.0	0.0	0.0	0.0	0.0
202412	230L10100	68	社内金利（固定資産）	1296201.0	1334606.0	1334463.0	2.1	99.9	102.9
202412	230L10100	69	社内金利（売掛金）	0.0	0.0	0.0	0.0	0.0	0.0
202412	230L10100	70	グループ共通	593000.0	593000.0	593000.0	0.9	100.0	100.0
202412	230L10100	71	差引収益	20783061.0	21458072.0	16734417.0	26.8	77.9	80.5
202412	230L10100	72	差引比率	27.1	31.4	26.8		85.3	98.8
202412	230L10100	73	総時間	7768.5	7623.0	7336.25		96.2	94.4
202412	230L10100	74	定時間	7572.5	7218.0	6980.5		96.7	92.1
202412	230L10100	75	残業時間	200.0	401.0	350.75		87.4	175.3
202412	230L10100	76	移動時間	-4.0	4.0	5.0		125.0	0.0
202412	230L10100	77	当月時間当り	2675.2	2814.9	2281.0		81.0	85.2
202412	230L10100	78	人員	73.0	73.0	72.0		98.6	98.6
202501	230L10100	1	総受注高	57270000.0	40483000.0	44736470.0		110.5	78.1
202501	230L10100	2	総売上高	57270000.0	40483000.0	44736470.0		110.5	78.1
202501	230L10100	3	売上高	57930000.0	40963000.0	45204810.0	101.0	110.3	78.0
202501	230L10100	4	グループ売上高	0.0	0.0	0.0	0.0	0.0	0.0
202501	230L10100	5	社内売上高	32700000.0	23564000.0	25918661.0	57.9	109.9	79.2
202501	230L10100	7	販売奨励金	-660000.0	-480000.0	-468340.0	0.0	0.0	0.0
202501	230L10100	8	売上原価	22568000.0	15740000.0	16828455.0	37.6	106.9	74.5
202501	230L10100	9	仕入高	3944000.0	4040000.0	4103253.0	9.1	101.5	104.0
202501	230L10100	10	グループ仕入高	11695000.0	6900000.0	7789628.0	17.4	112.8	66.6
202501	230L10100	11	社内仕入高	32700000.0	23564000.0	25918661.0	57.9	109.9	79.2
202501	230L10100	12	荷造運搬費	3028000.0	2500000.0	2611552.0	5.8	104.4	86.2
202501	230L10100	13	販売手数料	3901000.0	2300000.0	2324022.0	5.1	101.0	59.5
202501	230L10100	14	総収益	34702000.0	24743000.0	27908015.0	62.3	112.7	80.4
202501	230L10100	15	経費合計	21794396.0	21245697.0	21219655.0	47.4	99.8	97.3
202501	230L10100	16	経費合計（原価）	15926942.0	15324942.0	15585742.0	34.8	101.7	97.8
202501	230L10100	17	種苗費*	0.0	0.0	0.0	0.0	0.0	0.0
202501	230L10100	18	肥料費*	939000.0	1008000.0	1050182.0	2.3	104.1	111.8
202501	230L10100	19	培土費用*	0.0	0.0	0.0	0.0	0.0	0.0
202501	230L10100	20	農薬衛生費*	380000.0	463000.0	428756.0	0.9	92.6	112.8
202501	230L10100	21	農具費*	974000.0	675000.0	643214.0	1.4	95.2	66.0
202501	230L10100	22	諸材料費*	3888000.0	2904000.0	2891716.0	6.4	99.5	74.3
202501	230L10100	23	その他仕入高*	0.0	0.0	0.0	0.0	0.0	0.0
202501	230L10100	24	減価償却費*	1931712.0	1931712.0	1931712.0	4.3	100.0	100.0
202501	230L10100	25	車両費*	0.0	0.0	0.0	0.0	0.0	0.0
202501	230L10100	26	水道光熱費*	165000.0	170000.0	166656.0	0.3	98.0	101.0
202501	230L10100	27	動力費*	1592000.0	1972000.0	1965622.0	4.3	99.6	123.4
202501	230L10100	28	燃料費*	3600000.0	3600000.0	4257840.0	9.5	118.2	118.2
202501	230L10100	29	賃借料*	1248230.0	1248230.0	1248230.0	2.7	100.0	100.0
202501	230L10100	30	修繕費*	860000.0	955000.0	509710.0	1.1	53.3	59.2
202501	230L10100	31	診断料*	0.0	0.0	0.0	0.0	0.0	0.0
202501	230L10100	32	租税公課*	0.0	0.0	0.0	0.0	0.0	0.0
202501	230L10100	33	業務委託費*	0.0	0.0	0.0	0.0	0.0	0.0
202501	230L10100	34	雑費*	281000.0	191000.0	206000.0	0.4	107.8	73.3
202501	230L10100	35	雑給*	68000.0	207000.0	286104.0	0.6	138.2	420.7
202501	230L10100	36	経費合計（販管費）	5867454.0	5920755.0	5633913.0	12.5	95.1	96.0
202501	230L10100	37	減価償却費	876793.0	1014617.0	1014617.0	2.2	100.0	115.7
202501	230L10100	38	車両費	357590.0	264230.0	250756.0	0.5	94.9	70.1
202501	230L10100	39	旅費交通費	140000.0	80000.0	12359.0	0.0	15.4	8.8
202501	230L10100	40	通信費	67147.0	67147.0	54883.0	0.1	81.7	81.7
202501	230L10100	41	水道光熱費	180000.0	215000.0	214501.0	0.4	99.7	119.1
202501	230L10100	42	事務用品費	35000.0	35000.0	22064.0	0.0	63.0	63.0
202501	230L10100	43	消耗品費	260000.0	260000.0	67701.0	0.1	26.0	26.0
202501	230L10100	44	廃棄物処理料	1467000.0	1467000.0	1773672.0	3.9	120.9	120.9
202501	230L10100	45	広告宣伝費	10000.0	10000.0	0.0	0.0	0.0	0.0
202501	230L10100	46	接待交際費	30000.0	30000.0	0.0	0.0	0.0	0.0
202501	230L10100	47	賃借料	99000.0	99000.0	98727.0	0.2	99.7	99.7
202501	230L10100	48	賃貸料収入	-101000.0	-101000.0	-101000.0	0.0	0.0	0.0
202501	230L10100	49	修繕費	50000.0	50000.0	0.0	0.0	0.0	0.0
202501	230L10100	50	支払リース料	4400.0	4400.0	4400.0	0.0	100.0	100.0
202501	230L10100	51	保険料	115166.0	115166.0	115168.0	0.2	100.0	100.0
202501	230L10100	52	支払報酬	0.0	0.0	0.0	0.0	0.0	0.0
202501	230L10100	53	支払手数料	67000.0	69000.0	-19872.0	0.0	0.0	0.0
202501	230L10100	54	診断料	66000.0	72000.0	88718.0	0.1	123.2	134.4
202501	230L10100	55	諸会費	0.0	0.0	500.0	0.0	0.0	0.0
202501	230L10100	56	会議費	5000.0	5000.0	0.0	0.0	0.0	0.0
202501	230L10100	57	寄付金	0.0	0.0	0.0	0.0	0.0	0.0
202501	230L10100	58	租税公課	0.0	0.0	0.0	0.0	0.0	0.0
202501	230L10100	59	業務委託費	0.0	0.0	0.0	0.0	0.0	0.0
202501	230L10100	60	業務受託収入	-85000.0	-85000.0	-190457.0	0.0	0.0	0.0
202501	230L10100	61	情報機器利用料	135200.0	123320.0	123320.0	0.2	100.0	91.2
202501	230L10100	62	貸倒金	0.0	0.0	0.0	0.0	0.0	0.0
202501	230L10100	63	雑費	201000.0	201000.0	181401.0	0.4	90.2	90.2
202501	230L10100	64	福利消耗品費	2000.0	2000.0	9724.0	0.0	486.2	486.2
202501	230L10100	65	教育研修費	10000.0	10000.0	0.0	0.0	0.0	0.0
202501	230L10100	66	廃棄損	0.0	0.0	0.0	0.0	0.0	0.0
202501	230L10100	67	雑給	0.0	0.0	0.0	0.0	0.0	0.0
202501	230L10100	68	社内金利（固定資産）	1282158.0	1319875.0	1319731.0	2.9	99.9	102.9
202501	230L10100	69	社内金利（売掛金）	0.0	0.0	0.0	0.0	0.0	0.0
202501	230L10100	70	グループ共通	593000.0	593000.0	593000.0	1.3	100.0	100.0
202501	230L10100	71	差引収益	12907604.0	3497303.0	6688360.0	14.9	191.2	51.8
202501	230L10100	72	差引比率	22.5	8.6	14.9		173.2	66.2
202501	230L10100	73	総時間	7658.5	7161.5	6663.0		93.0	87.0
202501	230L10100	74	定時間	7500.5	6916.5	6418.5		92.7	85.5
202501	230L10100	75	残業時間	158.0	237.0	236.5		99.7	149.6
202501	230L10100	76	移動時間	0.0	8.0	8.0		100.0	0.0
202501	230L10100	77	当月時間当り	1685.3	488.3	1003.8		205.5	59.5
202501	230L10100	78	人員	73.0	73.0	72.0		98.6	98.6
202502	230L10100	1	総受注高	45446000.0	34602000.0	35719145.0		103.2	78.5
202502	230L10100	2	総売上高	45446000.0	34602000.0	35719145.0		103.2	78.5
202502	230L10100	3	売上高	45940000.0	34955000.0	36065004.0	100.9	103.1	78.5
202502	230L10100	4	グループ売上高	0.0	0.0	0.0	0.0	0.0	0.0
202502	230L10100	5	社内売上高	25200000.0	18977000.0	20097649.0	56.2	105.9	79.7
202502	230L10100	7	販売奨励金	-494000.0	-353000.0	-345859.0	0.0	0.0	0.0
202502	230L10100	8	売上原価	18142000.0	14023000.0	13629901.0	38.1	97.1	75.1
202502	230L10100	9	仕入高	3364000.0	3693000.0	3577035.0	10.0	96.8	106.3
202502	230L10100	10	グループ仕入高	9849000.0	6630000.0	6443802.0	18.0	97.1	65.4
202502	230L10100	11	社内仕入高	25200000.0	18977000.0	20097649.0	56.2	105.9	79.7
202502	230L10100	12	荷造運搬費	2431000.0	2200000.0	2076680.0	5.8	94.3	85.4
202502	230L10100	13	販売手数料	2498000.0	1500000.0	1532384.0	4.2	102.1	61.3
202502	230L10100	14	総収益	27304000.0	20579000.0	22089244.0	61.8	107.3	80.9
202502	230L10100	15	経費合計	24816854.0	22536805.0	23642543.0	66.1	104.9	95.2
202502	230L10100	16	経費合計（原価）	19547942.0	17625942.0	18743410.0	52.4	106.3	95.8
202502	230L10100	17	種苗費*	4970000.0	4914000.0	4875050.0	13.6	99.2	98.0
202502	230L10100	18	肥料費*	1351000.0	1051000.0	974598.0	2.7	92.7	72.1
202502	230L10100	19	培土費用*	0.0	0.0	-9540.0	0.0	0.0	0.0
202502	230L10100	20	農薬衛生費*	430000.0	241000.0	237259.0	0.6	98.4	55.1
202502	230L10100	21	農具費*	48000.0	48000.0	140805.0	0.3	293.3	293.3
202502	230L10100	22	諸材料費*	3795000.0	2340000.0	2055880.0	5.7	87.8	54.1
202502	230L10100	23	その他仕入高*	0.0	0.0	0.0	0.0	0.0	0.0
202502	230L10100	24	減価償却費*	1931712.0	1931712.0	1931712.0	5.4	100.0	100.0
202502	230L10100	25	車両費*	0.0	0.0	0.0	0.0	0.0	0.0
202502	230L10100	26	水道光熱費*	165000.0	170000.0	166656.0	0.4	98.0	101.0
202502	230L10100	27	動力費*	1580000.0	1867000.0	1866604.0	5.2	99.9	118.1
202502	230L10100	28	燃料費*	3240000.0	3420000.0	4770000.0	13.3	139.4	147.2
202502	230L10100	29	賃借料*	1248230.0	1248230.0	1248230.0	3.4	100.0	100.0
202502	230L10100	30	修繕費*	660000.0	222000.0	78852.0	0.2	35.5	11.9
202502	230L10100	31	診断料*	0.0	0.0	0.0	0.0	0.0	0.0
202502	230L10100	32	租税公課*	0.0	0.0	0.0	0.0	0.0	0.0
202502	230L10100	33	業務委託費*	0.0	0.0	0.0	0.0	0.0	0.0
202502	230L10100	34	雑費*	81000.0	81000.0	329053.0	0.9	406.2	406.2
202502	230L10100	35	雑給*	48000.0	92000.0	78251.0	0.2	85.0	163.0
202502	230L10100	36	経費合計（販管費）	5268912.0	4910863.0	4899133.0	13.7	99.7	92.9
202502	230L10100	37	減価償却費	876793.0	1014617.0	1020098.0	2.8	100.5	116.3
202502	230L10100	38	車両費	357590.0	275690.0	245218.0	0.6	88.9	68.5
202502	230L10100	39	旅費交通費	100000.0	40000.0	2963.0	0.0	7.4	2.9
202502	230L10100	40	通信費	67147.0	67147.0	52323.0	0.1	77.9	77.9
202502	230L10100	41	水道光熱費	170000.0	225000.0	223037.0	0.6	99.1	131.1
202502	230L10100	42	事務用品費	35000.0	35000.0	22999.0	0.0	65.7	65.7
202502	230L10100	43	消耗品費	50000.0	126000.0	40854.0	0.1	32.4	81.7
202502	230L10100	44	廃棄物処理料	184000.0	184000.0	135374.0	0.3	73.5	73.5
202502	230L10100	45	広告宣伝費	10000.0	0.0	0.0	0.0	0.0	0.0
202502	230L10100	46	接待交際費	30000.0	0.0	0.0	0.0	0.0	0.0
202502	230L10100	47	賃借料	99000.0	144000.0	150227.0	0.4	104.3	151.7
202502	230L10100	48	賃貸料収入	-101000.0	-111000.0	-112000.0	0.0	0.0	0.0
202502	230L10100	49	修繕費	600000.0	50000.0	0.0	0.0	0.0	0.0
202502	230L10100	50	支払リース料	4400.0	4400.0	4400.0	0.0	100.0	100.0
202502	230L10100	51	保険料	115166.0	115166.0	119108.0	0.3	103.4	103.4
202502	230L10100	52	支払報酬	0.0	0.0	0.0	0.0	0.0	0.0
202502	230L10100	53	支払手数料	67000.0	69000.0	47237.0	0.1	68.4	70.5
202502	230L10100	54	診断料	24000.0	20000.0	24000.0	0.0	120.0	100.0
202502	230L10100	55	諸会費	500.0	500.0	8000.0	0.0		
202502	230L10100	56	会議費	5000.0	0.0	0.0	0.0	0.0	0.0
202502	230L10100	57	寄付金	0.0	0.0	0.0	0.0	0.0	0.0
202502	230L10100	58	租税公課	0.0	0.0	5065.0	0.0	0.0	0.0
202502	230L10100	59	業務委託費	0.0	0.0	0.0	0.0	0.0	0.0
202502	230L10100	60	業務受託収入	-85000.0	-85000.0	-218456.0	0.0	0.0	0.0
202502	230L10100	61	情報機器利用料	135200.0	135200.0	135200.0	0.3	100.0	100.0
202502	230L10100	62	貸倒金	0.0	0.0	0.0	0.0	0.0	0.0
202502	230L10100	63	雑費	653000.0	653000.0	1051020.0	2.9	160.9	160.9
202502	230L10100	64	福利消耗品費	0.0	40000.0	31680.0	0.0	79.2	0.0
202502	230L10100	65	教育研修費	10000.0	10000.0	11664.0	0.0	116.6	116.6
202502	230L10100	66	廃棄損	0.0	0.0	0.0	0.0	0.0	0.0
202502	230L10100	67	雑給	0.0	0.0	0.0	0.0	0.0	0.0
202502	230L10100	68	社内金利（固定資産）	1268116.0	1305143.0	1306122.0	3.6	100.0	102.9
202502	230L10100	69	社内金利（売掛金）	0.0	0.0	0.0	0.0	0.0	0.0
202502	230L10100	70	グループ共通	593000.0	593000.0	593000.0	1.6	100.0	100.0
202502	230L10100	71	差引収益	2487146.0	-1957805.0	-1553299.0	0.0	0.0	0.0
202502	230L10100	72	差引比率	5.4	-5.6	-4.3		0.0	0.0
202502	230L10100	73	総時間	7197.0	6484.0	5855.25		90.3	81.3
202502	230L10100	74	定時間	7071.0	6319.0	5701.75		90.2	80.6
202502	230L10100	75	残業時間	134.0	165.0	155.5		94.2	116.0
202502	230L10100	76	移動時間	-8.0	0.0	-2.0		0.0	0.0
202502	230L10100	77	当月時間当り	345.5	-301.9	-265.2		0.0	0.0
202502	230L10100	78	人員	73.0	73.0	73.0		100.0	100.0
202503	230L10100	1	総受注高	56436000.0	43422000.0	47680156.0		109.8	84.4
202503	230L10100	2	総売上高	56436000.0	43422000.0	47680156.0		109.8	84.4
202503	230L10100	3	売上高	56832000.0	43722000.0	47970083.0	100.6	109.7	84.4
202503	230L10100	4	グループ売上高	0.0	0.0	0.0	0.0	0.0	0.0
202503	230L10100	5	社内売上高	31800000.0	24201000.0	27362491.0	57.3	113.0	86.0
202503	230L10100	7	販売奨励金	-396000.0	-300000.0	-289927.0	0.0	0.0	0.0
202503	230L10100	8	売上原価	20773000.0	16661500.0	16549755.0	34.7	99.3	79.6
202503	230L10100	9	仕入高	3484000.0	4044000.0	4188026.0	8.7	103.5	120.2
202503	230L10100	10	グループ仕入高	12232000.0	8627500.0	8341902.0	17.4	96.6	68.1
202503	230L10100	11	社内仕入高	31800000.0	24201000.0	27362491.0	57.3	113.0	86.0
202503	230L10100	12	荷造運搬費	2999000.0	2500000.0	2470566.0	5.1	98.8	82.3
202503	230L10100	13	販売手数料	2058000.0	1490000.0	1549261.0	3.2	103.9	75.2
202503	230L10100	14	総収益	35663000.0	26760500.0	31130401.0	65.2	116.3	87.2
202503	230L10100	15	経費合計	21769544.0	20374319.0	21469967.0	45.0	105.3	98.6
202503	230L10100	16	経費合計（原価）	16823275.0	15519074.0	16786249.0	35.2	108.1	99.7
202503	230L10100	17	種苗費*	0.0	0.0	0.0	0.0	0.0	0.0
202503	230L10100	18	肥料費*	1731000.0	1351000.0	1336443.0	2.8	98.9	77.2
202503	230L10100	19	培土費用*	0.0	0.0	0.0	0.0	0.0	0.0
202503	230L10100	20	農薬衛生費*	610000.0	688000.0	602114.0	1.2	87.5	98.7
202503	230L10100	21	農具費*	32000.0	32000.0	268449.0	0.5	838.9	838.9
202503	230L10100	22	諸材料費*	5059000.0	4539000.0	4400978.0	9.2	96.9	86.9
202503	230L10100	23	その他仕入高*	0.0	0.0	0.0	0.0	0.0	0.0
202503	230L10100	24	減価償却費*	1929844.0	1929844.0	1991810.0	4.1	103.2	103.2
202503	230L10100	25	車両費*	0.0	0.0	0.0	0.0	0.0	0.0
202503	230L10100	26	水道光熱費*	165000.0	165000.0	150528.0	0.3	91.2	91.2
202503	230L10100	27	動力費*	1580000.0	1697000.0	1696087.0	3.5	99.9	107.3
202503	230L10100	28	燃料費*	3240000.0	3600000.0	4326210.0	9.0	120.1	133.5
202503	230L10100	29	賃借料*	1248230.0	1248230.0	1248230.0	2.6	100.0	100.0
202503	230L10100	30	修繕費*	959201.0	140000.0	657582.0	1.3	469.7	68.5
202503	230L10100	31	診断料*	0.0	0.0	0.0	0.0	0.0	0.0
202503	230L10100	32	租税公課*	0.0	0.0	0.0	0.0	0.0	0.0
202503	230L10100	33	業務委託費*	0.0	0.0	0.0	0.0	0.0	0.0
202503	230L10100	34	雑費*	81000.0	81000.0	81000.0	0.1	100.0	100.0
202503	230L10100	35	雑給*	188000.0	48000.0	26818.0	0.0	55.8	14.2
202503	230L10100	36	経費合計（販管費）	4946269.0	4855245.0	4683718.0	9.8	96.4	94.6
202503	230L10100	37	減価償却費	876995.0	1014819.0	1020307.0	2.1	100.5	116.3
202503	230L10100	38	車両費	361590.0	279690.0	214356.0	0.4	76.6	59.2
202503	230L10100	39	旅費交通費	100000.0	60000.0	2363.0	0.0	3.9	2.3
202503	230L10100	40	通信費	67147.0	67147.0	56778.0	0.1	84.5	84.5
202503	230L10100	41	水道光熱費	150000.0	186000.0	185322.0	0.3	99.6	123.5
202503	230L10100	42	事務用品費	35000.0	35000.0	12885.0	0.0	36.8	36.8
202503	230L10100	43	消耗品費	41116.0	248000.0	383841.0	0.8	154.7	933.5
202503	230L10100	44	廃棄物処理料	300000.0	293000.0	221189.0	0.4	75.4	73.7
202503	230L10100	45	広告宣伝費	100950.0	0.0	0.0	0.0	0.0	0.0
202503	230L10100	46	接待交際費	30000.0	0.0	-109.0	0.0	0.0	0.0
202503	230L10100	47	賃借料	99000.0	99000.0	98727.0	0.2	99.7	99.7
202503	230L10100	48	賃貸料収入	-101000.0	-101000.0	-100150.0	0.0	0.0	0.0
202503	230L10100	49	修繕費	100000.0	100000.0	0.0	0.0	0.0	0.0
202503	230L10100	50	支払リース料	4400.0	4400.0	4400.0	0.0	100.0	100.0
202503	230L10100	51	保険料	115168.0	115168.0	115146.0	0.2	99.9	99.9
202503	230L10100	52	支払報酬	0.0	0.0	0.0	0.0	0.0	0.0
202503	230L10100	53	支払手数料	107000.0	447400.0	425528.0	0.8	95.1	397.6
202503	230L10100	54	診断料	40000.0	35000.0	20000.0	0.0	57.1	50.0
202503	230L10100	55	諸会費	0.0	0.0	10825.0	0.0	0.0	0.0
202503	230L10100	56	会議費	5000.0	5000.0	0.0	0.0	0.0	0.0
202503	230L10100	57	寄付金	0.0	0.0	0.0	0.0	0.0	0.0
202503	230L10100	58	租税公課	0.0	0.0	49.0	0.0	0.0	0.0
202503	230L10100	59	業務委託費	0.0	0.0	0.0	0.0	0.0	0.0
202503	230L10100	60	業務受託収入	-85000.0	-205000.0	-133184.0	0.0	0.0	0.0
202503	230L10100	61	情報機器利用料	140950.0	127330.0	143750.0	0.3	112.8	101.9
202503	230L10100	62	貸倒金	0.0	0.0	0.0	0.0	0.0	0.0
202503	230L10100	63	雑費	551000.0	101000.0	94071.0	0.1	93.1	17.0
202503	230L10100	64	福利消耗品費	8000.0	8000.0	9652.0	0.0	120.6	120.6
202503	230L10100	65	教育研修費	10000.0	10000.0	910.0	0.0	9.1	9.1
202503	230L10100	66	廃棄損	0.0	0.0	0.0	0.0	0.0	0.0
202503	230L10100	67	雑給	0.0	0.0	0.0	0.0	0.0	0.0
202503	230L10100	68	社内金利（固定資産）	1295953.0	1332291.0	1304062.0	2.7	97.8	100.6
202503	230L10100	69	社内金利（売掛金）	0.0	0.0	0.0	0.0	0.0	0.0
202503	230L10100	70	グループ共通	593000.0	593000.0	593000.0	1.2	100.0	100.0
202503	230L10100	71	差引収益	13893456.0	6386181.0	9660434.0	20.2	151.2	69.5
202503	230L10100	72	差引比率	24.6	14.7	20.2		137.4	82.1
202503	230L10100	73	総時間	7692.0	7316.0	6918.5		94.5	89.9
202503	230L10100	74	定時間	7453.0	7095.0	6724.25		94.7	90.2
202503	230L10100	75	残業時間	239.0	213.0	206.25		96.8	86.2
202503	230L10100	76	移動時間	0.0	8.0	-12.0		0.0	0.0
202503	230L10100	77	当月時間当り	1806.2	872.9	1396.3		159.9	77.3
202503	230L10100	78	人員	73.0	73.0	72.0		98.6	98.6
202504	230L10100	1	総受注高	57130000.0	57153700.0	56258800.0		98.4	98.4
202504	230L10100	2	総売上高	57130000.0	57153700.0	56258800.0		98.4	98.4
202504	230L10100	3	売上高	57420000.0	57489700.0	56586698.0	100.5	98.4	98.5
202504	230L10100	4	グループ売上高	0.0	0.0	0.0	0.0	0.0	0.0
202504	230L10100	5	社内売上高	34900000.0	35463605.0	35452675.0	63.0	99.9	101.5
202504	230L10100	7	販売奨励金	-290000.0	-336000.0	-327898.0	0.0	0.0	0.0
202504	230L10100	8	売上原価	17350000.0	17382400.0	16540429.0	29.4	95.1	95.3
202504	230L10100	9	仕入高	4255400.0	4255400.0	4141718.0	7.3	97.3	97.3
202504	230L10100	10	グループ仕入高	8785600.0	8147000.0	7402344.0	13.1	90.8	84.2
202504	230L10100	11	社内仕入高	34900000.0	35463605.0	35452675.0	63.0	99.9	101.5
202504	230L10100	12	荷造運搬費	2879000.0	2750000.0	2741336.0	4.8	99.6	95.2
202504	230L10100	13	販売手数料	1430000.0	2230000.0	2255031.0	4.0	101.1	157.6
202504	230L10100	14	総収益	39780000.0	39771300.0	39718371.0	70.5	99.8	99.8
202504	230L10100	15	経費合計	21438690.0	23135300.0	21157419.0	37.6	91.4	98.6
202504	230L10100	16	経費合計（原価）	15906659.0	17564659.0	15656293.0	27.8	89.1	98.4
202504	230L10100	17	種苗費*	0.0	0.0	0.0	0.0	0.0	0.0
202504	230L10100	18	肥料費*	1484000.0	1484000.0	1944346.0	3.4	131.0	131.0
202504	230L10100	19	培土費用*	0.0	0.0	0.0	0.0	0.0	0.0
202504	230L10100	20	農薬衛生費*	317000.0	377000.0	365572.0	0.6	96.9	115.3
202504	230L10100	21	農具費*	175000.0	101000.0	48172.0	0.0	47.6	27.5
202504	230L10100	22	諸材料費*	4858000.0	6911000.0	6448747.0	11.4	93.3	132.7
202504	230L10100	23	その他仕入高*	0.0	0.0	0.0	0.0	0.0	0.0
202504	230L10100	24	減価償却費*	1944429.0	1944429.0	1944429.0	3.4	100.0	100.0
202504	230L10100	25	車両費*	0.0	0.0	0.0	0.0	0.0	0.0
202504	230L10100	26	水道光熱費*	167000.0	170000.0	166656.0	0.2	98.0	99.7
202504	230L10100	27	動力費*	1680000.0	1799000.0	1798840.0	3.1	99.9	107.0
202504	230L10100	28	燃料費*	1140000.0	1140000.0	1182000.0	2.1	103.6	103.6
202504	230L10100	29	賃借料*	1248230.0	1248230.0	1248241.0	2.2	100.0	100.0
202504	230L10100	30	修繕費*	2742000.0	2162000.0	2098.0	0.0	0.0	0.0
202504	230L10100	31	診断料*	0.0	0.0	0.0	0.0	0.0	0.0
202504	230L10100	32	租税公課*	0.0	0.0	0.0	0.0	0.0	0.0
202504	230L10100	33	業務委託費*	0.0	0.0	0.0	0.0	0.0	0.0
202504	230L10100	34	雑費*	81000.0	81000.0	81000.0	0.1	100.0	100.0
202504	230L10100	35	雑給*	70000.0	147000.0	426192.0	0.7	289.9	608.8
202504	230L10100	36	経費合計（販管費）	5532031.0	5570641.0	5501126.0	9.7	98.7	99.4
202504	230L10100	37	減価償却費	1000830.0	1000830.0	999485.0	1.7	99.8	99.8
202504	230L10100	38	車両費	279000.0	249000.0	225973.0	0.4	90.7	80.9
202504	230L10100	39	旅費交通費	90000.0	40000.0	-2146.0	0.0	0.0	0.0
202504	230L10100	40	通信費	66635.0	66635.0	53689.0	0.0	80.5	80.5
202504	230L10100	41	水道光熱費	160000.0	216610.0	226380.0	0.4	104.5	141.4
202504	230L10100	42	事務用品費	35000.0	35000.0	26042.0	0.0	74.4	74.4
202504	230L10100	43	消耗品費	75000.0	75000.0	61008.0	0.1	81.3	81.3
202504	230L10100	44	廃棄物処理料	367000.0	367000.0	293104.0	0.5	79.8	79.8
202504	230L10100	45	広告宣伝費	28000.0	0.0	0.0	0.0	0.0	0.0
202504	230L10100	46	接待交際費	10000.0	0.0	0.0	0.0	0.0	0.0
202504	230L10100	47	賃借料	144000.0	144000.0	121227.0	0.2	84.1	84.1
202504	230L10100	48	賃貸料収入	-116000.0	-116000.0	-118000.0	0.0	0.0	0.0
202504	230L10100	49	修繕費	25000.0	525000.0	610000.0	1.0	116.1	
202504	230L10100	50	支払リース料	4400.0	4400.0	4400.0	0.0	100.0	100.0
202504	230L10100	51	保険料	159988.0	159988.0	163061.0	0.2	101.9	101.9
202504	230L10100	52	支払報酬	0.0	0.0	0.0	0.0	0.0	0.0
202504	230L10100	53	支払手数料	1181000.0	781000.0	833768.0	1.4	106.7	70.5
202504	230L10100	54	診断料	20000.0	20000.0	20000.0	0.0	100.0	100.0
202504	230L10100	55	諸会費	500.0	500.0	500.0	0.0	100.0	100.0
202504	230L10100	56	会議費	5000.0	5000.0	0.0	0.0	0.0	0.0
202504	230L10100	57	寄付金	0.0	0.0	0.0	0.0	0.0	0.0
202504	230L10100	58	租税公課	0.0	0.0	4000.0	0.0	0.0	0.0
202504	230L10100	59	業務委託費	0.0	0.0	0.0	0.0	0.0	0.0
202504	230L10100	60	業務受託収入	-85000.0	-85000.0	-107910.0	0.0	0.0	0.0
202504	230L10100	61	情報機器利用料	184420.0	184420.0	184420.0	0.3	100.0	100.0
202504	230L10100	62	貸倒金	0.0	0.0	0.0	0.0	0.0	0.0
202504	230L10100	63	雑費	87040.0	87040.0	91786.0	0.1	105.4	105.4
202504	230L10100	64	福利消耗品費	0.0	0.0	0.0	0.0	0.0	0.0
202504	230L10100	65	教育研修費	0.0	0.0	0.0	0.0	0.0	0.0
202504	230L10100	66	廃棄損	0.0	0.0	0.0	0.0	0.0	0.0
202504	230L10100	67	雑給	0.0	0.0	0.0	0.0	0.0	0.0
202504	230L10100	68	社内金利（固定資産）	1294218.0	1294218.0	1294339.0	2.3	100.0	100.0
202504	230L10100	69	社内金利（売掛金）	0.0	0.0	0.0	0.0	0.0	0.0
202504	230L10100	70	グループ共通	516000.0	516000.0	516000.0	0.9	100.0	100.0
202504	230L10100	71	差引収益	18341310.0	16636000.0	18560952.0	32.9	111.5	101.1
202504	230L10100	72	差引比率	32.1	29.1	32.9		113.0	102.4
202504	230L10100	73	総時間	8399.0	7929.25	8132.75		102.5	96.8
202504	230L10100	74	定時間	8155.25	7593.25	7698.75		101.3	94.4
202504	230L10100	75	残業時間	243.75	336.0	434.0		129.1	178.0
202504	230L10100	76	移動時間	0.0	0.0	0.0		0.0	0.0
202504	230L10100	77	当月時間当り	2183.7	2098.0	2282.2		108.7	104.5
202504	230L10100	78	人員	78.0	78.0	70.0		89.7	89.7
202505	230L10100	1	総受注高	77020000.0	75027700.0	75113343.0		100.1	97.5
202505	230L10100	2	総売上高	77020000.0	75027700.0	75113343.0		100.1	97.5
202505	230L10100	3	売上高	77440000.0	75411700.0	75485920.0	100.4	100.0	97.4
202505	230L10100	4	グループ売上高	0.0	0.0	0.0	0.0	0.0	0.0
202505	230L10100	5	社内売上高	49200000.0	49006510.0	48446543.0	64.4	98.8	98.4
202505	230L10100	7	販売奨励金	-420000.0	-384000.0	-372577.0	0.0	0.0	0.0
202505	230L10100	8	売上原価	22910000.0	21456000.0	21736929.0	28.9	101.3	94.8
202505	230L10100	9	仕入高	5279850.0	5316000.0	5250176.0	6.9	98.7	99.4
202505	230L10100	10	グループ仕入高	10029150.0	8840000.0	9005042.0	11.9	101.8	89.7
202505	230L10100	11	社内仕入高	49200000.0	49006510.0	48446543.0	64.4	98.8	98.4
202505	230L10100	12	荷造運搬費	4534000.0	4100000.0	4278721.0	5.6	104.3	94.3
202505	230L10100	13	販売手数料	3067000.0	3200000.0	3202990.0	4.2	100.0	104.4
202505	230L10100	14	総収益	54110000.0	53571700.0	53376414.0	71.0	99.6	98.6
202505	230L10100	15	経費合計	36137963.0	37840026.0	34168544.0	45.4	90.2	94.5
202505	230L10100	16	経費合計（原価）	24999659.0	26082659.0	23973456.0	31.9	91.9	95.8
202505	230L10100	17	種苗費*	0.0	0.0	0.0	0.0	0.0	0.0
202505	230L10100	18	肥料費*	1493000.0	1873000.0	1863679.0	2.4	99.5	124.8
202505	230L10100	19	培土費用*	0.0	0.0	0.0	0.0	0.0	0.0
202505	230L10100	20	農薬衛生費*	651000.0	808000.0	689320.0	0.9	85.3	105.8
202505	230L10100	21	農具費*	2571000.0	2571000.0	1371837.0	1.8	53.3	53.3
202505	230L10100	22	諸材料費*	6742000.0	6239000.0	7684214.0	10.2	123.1	113.9
202505	230L10100	23	その他仕入高*	0.0	0.0	0.0	0.0	0.0	0.0
202505	230L10100	24	減価償却費*	1944429.0	1944429.0	1944429.0	2.5	100.0	100.0
202505	230L10100	25	車両費*	0.0	0.0	0.0	0.0	0.0	0.0
202505	230L10100	26	水道光熱費*	167000.0	170000.0	161280.0	0.2	94.8	96.5
202505	230L10100	27	動力費*	1686000.0	1475000.0	1475950.0	1.9	100.0	87.5
202505	230L10100	28	燃料費*	760000.0	600000.0	546600.0	0.7	91.1	71.9
202505	230L10100	29	賃借料*	1248230.0	1248230.0	1248230.0	1.6	100.0	100.0
202505	230L10100	30	修繕費*	2837000.0	4090000.0	2298065.0	3.0	56.1	81.0
202505	230L10100	31	診断料*	0.0	0.0	0.0	0.0	0.0	0.0
202505	230L10100	32	租税公課*	0.0	0.0	0.0	0.0	0.0	0.0
202505	230L10100	33	業務委託費*	0.0	0.0	0.0	0.0	0.0	0.0
202505	230L10100	34	雑費*	3623000.0	3788000.0	3788000.0	5.0	100.0	104.5
202505	230L10100	35	雑給*	1277000.0	1276000.0	901852.0	1.2	70.6	70.6
202505	230L10100	36	経費合計（販管費）	11138304.0	11757367.0	10195088.0	13.5	86.7	91.5
202505	230L10100	37	減価償却費	1000830.0	1000830.0	999485.0	1.3	99.8	99.8
202505	230L10100	38	車両費	279000.0	259000.0	209258.0	0.2	80.7	75.0
202505	230L10100	39	旅費交通費	90000.0	60000.0	4418.0	0.0	7.3	4.9
202505	230L10100	40	通信費	66635.0	66635.0	51167.0	0.0	76.7	76.7
202505	230L10100	41	水道光熱費	140000.0	160063.0	160063.0	0.2	100.0	114.3
202505	230L10100	42	事務用品費	35000.0	35000.0	18118.0	0.0	51.7	51.7
202505	230L10100	43	消耗品費	75000.0	105000.0	99914.0	0.1	95.1	133.2
202505	230L10100	44	廃棄物処理料	402000.0	402000.0	371468.0	0.4	92.4	92.4
202505	230L10100	45	広告宣伝費	0.0	28000.0	0.0	0.0	0.0	0.0
202505	230L10100	46	接待交際費	0.0	0.0	0.0	0.0	0.0	0.0
202505	230L10100	47	賃借料	144000.0	144000.0	76227.0	0.1	52.9	52.9
202505	230L10100	48	賃貸料収入	-116000.0	-116000.0	-73000.0	0.0	0.0	0.0
202505	230L10100	49	修繕費	25000.0	25000.0	0.0	0.0	0.0	0.0
202505	230L10100	50	支払リース料	4400.0	4400.0	4400.0	0.0	100.0	100.0
202505	230L10100	51	保険料	114988.0	114988.0	115181.0	0.1	100.1	100.1
202505	230L10100	52	支払報酬	0.0	0.0	0.0	0.0	0.0	0.0
202505	230L10100	53	支払手数料	255000.0	875000.0	425028.0	0.5	48.5	166.6
202505	230L10100	54	診断料	179000.0	179000.0	157582.0	0.2	88.0	88.0
202505	230L10100	55	諸会費	9000.0	5000.0	5000.0	0.0	100.0	55.5
202505	230L10100	56	会議費	5000.0	5000.0	0.0	0.0	0.0	0.0
202505	230L10100	57	寄付金	0.0	0.0	0.0	0.0	0.0	0.0
202505	230L10100	58	租税公課	5901000.0	5901000.0	5188100.0	6.9	87.9	87.9
202505	230L10100	59	業務委託費	0.0	0.0	0.0	0.0	0.0	0.0
202505	230L10100	60	業務受託収入	-85000.0	-85000.0	-159000.0	0.0	0.0	0.0
202505	230L10100	61	情報機器利用料	184420.0	184420.0	184420.0	0.2	100.0	100.0
202505	230L10100	62	貸倒金	0.0	0.0	0.0	0.0	0.0	0.0
202505	230L10100	63	雑費	568540.0	568540.0	561639.0	0.7	98.7	98.7
202505	230L10100	64	福利消耗品費	65000.0	40000.0	0.0	0.0	0.0	0.0
202505	230L10100	65	教育研修費	0.0	0.0	0.0	0.0	0.0	0.0
202505	230L10100	66	廃棄損	0.0	0.0	0.0	0.0	0.0	0.0
202505	230L10100	67	雑給	0.0	0.0	0.0	0.0	0.0	0.0
202505	230L10100	68	社内金利（固定資産）	1279491.0	1279491.0	1279620.0	1.7	100.0	100.0
202505	230L10100	69	社内金利（売掛金）	0.0	0.0	0.0	0.0	0.0	0.0
202505	230L10100	70	グループ共通	516000.0	516000.0	516000.0	0.6	100.0	100.0
202505	230L10100	71	差引収益	17972037.0	15731674.0	19207870.0	25.5	122.0	106.8
202505	230L10100	72	差引比率	23.3	20.9	25.5		122.0	109.4
202505	230L10100	73	総時間	8492.0	8599.75	9307.75		108.2	109.6
202505	230L10100	74	定時間	8015.75	8109.75	8458.25		104.2	105.5
202505	230L10100	75	残業時間	476.25	490.0	849.5		173.3	178.3
202505	230L10100	76	移動時間	0.0	0.0	0.0		0.0	0.0
202505	230L10100	77	当月時間当り	2116.3	1829.3	2063.6		112.8	97.5
202505	230L10100	78	人員	78.0	75.0	75.0		100.0	96.1
202506	230L10100	1	総受注高	70860000.0	63909730.0	59448253.0		93.0	83.8
202506	230L10100	2	総売上高	70860000.0	63909730.0	59448253.0		93.0	83.8
202506	230L10100	3	売上高	71360000.0	64417730.0	59940864.0	100.8	93.0	83.9
202506	230L10100	4	グループ売上高	0.0	0.0	0.0	0.0	0.0	0.0
202506	230L10100	5	社内売上高	45000000.0	40066200.0	37526180.0	63.1	93.6	83.3
202506	230L10100	7	販売奨励金	-500000.0	-508000.0	-492611.0	0.0	0.0	0.0
202506	230L10100	8	売上原価	22180000.0	21104450.0	19561504.0	32.9	92.6	88.1
202506	230L10100	9	仕入高	5064800.0	4812450.0	4075097.0	6.8	84.6	80.4
202506	230L10100	10	グループ仕入高	9836200.0	8602000.0	7884116.0	13.2	91.6	80.1
202506	230L10100	11	社内仕入高	45000000.0	40066200.0	37526180.0	63.1	93.6	83.3
202506	230L10100	12	荷造運搬費	4084000.0	3700000.0	3621895.0	6.0	97.8	88.6
202506	230L10100	13	販売手数料	3195000.0	3990000.0	3980396.0	6.6	99.7	124.5
202506	230L10100	14	総収益	48680000.0	42805280.0	39886749.0	67.0	93.1	81.9
202506	230L10100	15	経費合計	27138237.0	24805263.0	24036526.0	40.4	96.9	88.5
202506	230L10100	16	経費合計（原価）	22504659.0	20126659.0	18238208.0	30.6	90.6	81.0
202506	230L10100	17	種苗費*	2600000.0	2600000.0	2541308.0	4.2	97.7	97.7
202506	230L10100	18	肥料費*	1556000.0	1556000.0	1190978.0	2.0	76.5	76.5
202506	230L10100	19	培土費用*	4440000.0	1822000.0	0.0	0.0	0.0	0.0
202506	230L10100	20	農薬衛生費*	350000.0	310000.0	382382.0	0.6	123.3	109.2
202506	230L10100	21	農具費*	53000.0	438000.0	989011.0	1.6	225.8	
202506	230L10100	22	諸材料費*	6434000.0	6117000.0	5595028.0	9.4	91.4	86.9
202506	230L10100	23	その他仕入高*	0.0	0.0	0.0	0.0	0.0	0.0
202506	230L10100	24	減価償却費*	1944429.0	1944429.0	1944429.0	3.2	100.0	100.0
202506	230L10100	25	車両費*	0.0	0.0	0.0	0.0	0.0	0.0
202506	230L10100	26	水道光熱費*	167000.0	170000.0	166656.0	0.2	98.0	99.7
202506	230L10100	27	動力費*	1680000.0	1262000.0	1261388.0	2.1	99.9	75.0
202506	230L10100	28	燃料費*	0.0	0.0	0.0	0.0	0.0	0.0
202506	230L10100	29	賃借料*	1248230.0	1248230.0	1248230.0	2.0	100.0	100.0
202506	230L10100	30	修繕費*	460000.0	460000.0	208659.0	0.3	45.3	45.3
202506	230L10100	31	診断料*	0.0	0.0	0.0	0.0	0.0	0.0
202506	230L10100	32	租税公課*	0.0	0.0	0.0	0.0	0.0	0.0
202506	230L10100	33	業務委託費*	0.0	0.0	0.0	0.0	0.0	0.0
202506	230L10100	34	雑費*	687000.0	1193000.0	1250595.0	2.1	104.8	182.0
202506	230L10100	35	雑給*	885000.0	1006000.0	1459544.0	2.4	145.0	164.9
202506	230L10100	36	経費合計（販管費）	4633578.0	4678604.0	5798318.0	9.7	123.9	125.1
202506	230L10100	37	減価償却費	1000830.0	1000830.0	999485.0	1.6	99.8	99.8
202506	230L10100	38	車両費	283000.0	263000.0	201589.0	0.3	76.6	71.2
202506	230L10100	39	旅費交通費	100000.0	80000.0	38620.0	0.0	48.2	38.6
202506	230L10100	40	通信費	66635.0	66635.0	52287.0	0.0	78.4	78.4
202506	230L10100	41	水道光熱費	170000.0	157026.0	155854.0	0.2	99.2	91.6
202506	230L10100	42	事務用品費	35000.0	35000.0	20585.0	0.0	58.8	58.8
202506	230L10100	43	消耗品費	58000.0	58000.0	106114.0	0.1	182.9	182.9
202506	230L10100	44	廃棄物処理料	436000.0	332000.0	467701.0	0.7	140.8	107.2
202506	230L10100	45	広告宣伝費	0.0	0.0	0.0	0.0	0.0	0.0
202506	230L10100	46	接待交際費	10000.0	10000.0	0.0	0.0	0.0	0.0
202506	230L10100	47	賃借料	144000.0	144000.0	98727.0	0.1	68.5	68.5
202506	230L10100	48	賃貸料収入	-116000.0	-116000.0	-95500.0	0.0	0.0	0.0
202506	230L10100	49	修繕費	75000.0	75000.0	570000.0	0.9	760.0	760.0
202506	230L10100	50	支払リース料	4400.0	4400.0	4400.0	0.0	100.0	100.0
202506	230L10100	51	保険料	114988.0	114988.0	115181.0	0.1	100.1	100.1
202506	230L10100	52	支払報酬	0.0	0.0	43000.0	0.0	0.0	0.0
202506	230L10100	53	支払手数料	77000.0	337000.0	233368.0	0.3	69.2	303.0
202506	230L10100	54	診断料	30000.0	30000.0	20000.0	0.0	66.6	66.6
202506	230L10100	55	諸会費	500.0	500.0	0.0	0.0	0.0	0.0
202506	230L10100	56	会議費	5000.0	5000.0	3819.0	0.0	76.3	76.3
202506	230L10100	57	寄付金	0.0	0.0	0.0	0.0	0.0	0.0
202506	230L10100	58	租税公課	0.0	0.0	726681.0	1.2	0.0	0.0
202506	230L10100	59	業務委託費	0.0	0.0	0.0	0.0	0.0	0.0
202506	230L10100	60	業務受託収入	-40000.0	-40000.0	-86000.0	0.0	0.0	0.0
202506	230L10100	61	情報機器利用料	184420.0	184420.0	184420.0	0.3	100.0	100.0
202506	230L10100	62	貸倒金	0.0	0.0	0.0	0.0	0.0	0.0
202506	230L10100	63	雑費	203040.0	155040.0	155225.0	0.2	100.1	76.4
202506	230L10100	64	福利消耗品費	1000.0	1000.0	1862.0	0.0	186.2	186.2
202506	230L10100	65	教育研修費	10000.0	0.0	0.0	0.0	0.0	0.0
202506	230L10100	66	廃棄損	0.0	0.0	0.0	0.0	0.0	0.0
202506	230L10100	67	雑給	0.0	0.0	0.0	0.0	0.0	0.0
202506	230L10100	68	社内金利（固定資産）	1264765.0	1264765.0	1264900.0	2.1	100.0	100.0
202506	230L10100	69	社内金利（売掛金）	0.0	0.0	0.0	0.0	0.0	0.0
202506	230L10100	70	グループ共通	516000.0	516000.0	516000.0	0.8	100.0	100.0
202506	230L10100	71	差引収益	21541763.0	18000017.0	15850223.0	26.6	88.0	73.5
202506	230L10100	72	差引比率	30.4	28.1	26.6		94.6	87.5
202506	230L10100	73	総時間	8570.75	9053.0	8790.5		97.1	102.5
202506	230L10100	74	定時間	8068.0	8452.0	8079.75		95.5	100.1
202506	230L10100	75	残業時間	502.75	605.0	710.75		117.4	141.3
202506	230L10100	76	移動時間	0.0	-4.0	0.0		0.0	0.0
202506	230L10100	77	当月時間当り	2513.4	1988.2	1803.1		90.6	71.7
202506	230L10100	78	人員	78.0	78.0	77.0		98.7	98.7
202507	230L10100	1	総受注高	63800000.0	57060000.0	53399686.0		93.5	83.6
202507	230L10100	2	総売上高	63800000.0	57060000.0	53399686.0		93.5	83.6
202507	230L10100	3	売上高	64300000.0	57495000.0	53821015.0	100.7	93.6	83.7
202507	230L10100	4	グループ売上高	0.0	0.0	0.0	0.0	0.0	0.0
202507	230L10100	5	社内売上高	42700000.0	39991000.0	36219933.0	67.8	90.5	84.8
202507	230L10100	7	販売奨励金	-500000.0	-435000.0	-421329.0	0.0	0.0	0.0
202507	230L10100	8	売上原価	18040000.0	14278000.0	14702541.0	27.5	102.9	81.4
202507	230L10100	9	仕入高	4559690.0	3580000.0	3493686.0	6.5	97.5	76.6
202507	230L10100	10	グループ仕入高	6943310.0	4148000.0	4914037.0	9.2	118.4	70.7
202507	230L10100	11	社内仕入高	42700000.0	39991000.0	36219933.0	67.8	90.5	84.8
202507	230L10100	12	荷造運搬費	3491000.0	3300000.0	3027990.0	5.6	91.7	86.7
202507	230L10100	13	販売手数料	3046000.0	3250000.0	3266828.0	6.1	100.5	107.2
202507	230L10100	14	総収益	45760000.0	42782000.0	38697145.0	72.4	90.4	84.5
202507	230L10100	15	経費合計	20600511.0	23475241.0	23965456.0	44.8	102.0	116.3
202507	230L10100	16	経費合計（原価）	15840659.0	18659659.0	19313938.0	36.1	103.5	121.9
202507	230L10100	17	種苗費*	0.0	98000.0	97500.0	0.1	99.4	0.0
202507	230L10100	18	肥料費*	1232000.0	1882000.0	2253370.0	4.2	119.7	182.9
202507	230L10100	19	培土費用*	0.0	1822000.0	1821600.0	3.4	99.9	0.0
202507	230L10100	20	農薬衛生費*	500000.0	480000.0	521317.0	0.9	108.6	104.2
202507	230L10100	21	農具費*	108000.0	1644000.0	1561900.0	2.9	95.0	
202507	230L10100	22	諸材料費*	7134000.0	6502000.0	7263687.0	13.6	111.7	101.8
202507	230L10100	23	その他仕入高*	0.0	0.0	0.0	0.0	0.0	0.0
202507	230L10100	24	減価償却費*	1944429.0	1944429.0	1944429.0	3.6	100.0	100.0
202507	230L10100	25	車両費*	0.0	0.0	0.0	0.0	0.0	0.0
202507	230L10100	26	水道光熱費*	180000.0	180000.0	161280.0	0.3	89.6	89.6
202507	230L10100	27	動力費*	1880000.0	1399000.0	1398829.0	2.6	99.9	74.4
202507	230L10100	28	燃料費*	0.0	0.0	0.0	0.0	0.0	0.0
202507	230L10100	29	賃借料*	1248230.0	1248230.0	1248230.0	2.3	100.0	100.0
202507	230L10100	30	修繕費*	460000.0	60000.0	64458.0	0.1	107.4	14.0
202507	230L10100	31	診断料*	0.0	0.0	0.0	0.0	0.0	0.0
202507	230L10100	32	租税公課*	0.0	0.0	0.0	0.0	0.0	0.0
202507	230L10100	33	業務委託費*	0.0	0.0	0.0	0.0	0.0	0.0
202507	230L10100	34	雑費*	81000.0	394000.0	186638.0	0.3	47.3	230.4
202507	230L10100	35	雑給*	1073000.0	1006000.0	790700.0	1.4	78.5	73.6
202507	230L10100	36	経費合計（販管費）	4759852.0	4815582.0	4651518.0	8.7	96.5	97.7
202507	230L10100	37	減価償却費	1000830.0	1000830.0	999485.0	1.8	99.8	99.8
202507	230L10100	38	車両費	300200.0	280200.0	287899.0	0.5	102.7	95.9
202507	230L10100	39	旅費交通費	90000.0	60000.0	34264.0	0.0	57.1	38.0
202507	230L10100	40	通信費	66635.0	66635.0	51917.0	0.0	77.9	77.9
202507	230L10100	41	水道光熱費	150000.0	151730.0	151729.0	0.2	99.9	101.1
202507	230L10100	42	事務用品費	35000.0	35000.0	29579.0	0.0	84.5	84.5
202507	230L10100	43	消耗品費	80000.0	60000.0	82719.0	0.1	137.8	103.3
202507	230L10100	44	廃棄物処理料	367000.0	471000.0	456287.0	0.8	96.8	124.3
202507	230L10100	45	広告宣伝費	0.0	0.0	0.0	0.0	0.0	0.0
202507	230L10100	46	接待交際費	0.0	0.0	1110.0	0.0	0.0	0.0
202507	230L10100	47	賃借料	144000.0	99000.0	98727.0	0.1	99.7	68.5
202507	230L10100	48	賃貸料収入	-116000.0	-96000.0	-95500.0	0.0	0.0	0.0
202507	230L10100	49	修繕費	25000.0	88000.0	63000.0	0.1	71.5	252.0
202507	230L10100	50	支払リース料	4400.0	12400.0	4400.0	0.0	35.4	100.0
202507	230L10100	51	保険料	114988.0	114988.0	115181.0	0.2	100.1	100.1
202507	230L10100	52	支払報酬	369000.0	343000.0	315210.0	0.5	91.8	85.4
202507	230L10100	53	支払手数料	77000.0	77000.0	59994.0	0.1	77.9	77.9
202507	230L10100	54	診断料	35000.0	35000.0	20000.0	0.0	57.1	57.1
202507	230L10100	55	諸会費	0.0	0.0	2500.0	0.0	0.0	0.0
202507	230L10100	56	会議費	5000.0	5000.0	0.0	0.0	0.0	0.0
202507	230L10100	57	寄付金	0.0	0.0	0.0	0.0	0.0	0.0
202507	230L10100	58	租税公課	5000.0	5000.0	0.0	0.0	0.0	0.0
202507	230L10100	59	業務委託費	0.0	0.0	0.0	0.0	0.0	0.0
202507	230L10100	60	業務受託収入	-40000.0	-40000.0	-88000.0	0.0	0.0	0.0
202507	230L10100	61	情報機器利用料	184420.0	184420.0	184420.0	0.3	100.0	100.0
202507	230L10100	62	貸倒金	0.0	0.0	0.0	0.0	0.0	0.0
202507	230L10100	63	雑費	96340.0	96340.0	107712.0	0.2	111.8	111.8
202507	230L10100	64	福利消耗品費	0.0	0.0	0.0	0.0	0.0	0.0
202507	230L10100	65	教育研修費	0.0	0.0	0.0	0.0	0.0	0.0
202507	230L10100	66	廃棄損	0.0	0.0	0.0	0.0	0.0	0.0
202507	230L10100	67	雑給	0.0	0.0	0.0	0.0	0.0	0.0
202507	230L10100	68	社内金利（固定資産）	1250039.0	1250039.0	1252885.0	2.3	100.2	100.2
202507	230L10100	69	社内金利（売掛金）	0.0	0.0	0.0	0.0	0.0	0.0
202507	230L10100	70	グループ共通	516000.0	516000.0	516000.0	0.9	100.0	100.0
202507	230L10100	71	差引収益	25159489.0	19306759.0	14731689.0	27.5	76.3	58.5
202507	230L10100	72	差引比率	39.4	33.8	27.5		81.3	69.7
202507	230L10100	73	総時間	8997.5	8955.0	9165.5		102.3	101.8
202507	230L10100	74	定時間	8440.0	8361.0	8419.5		100.6	99.7
202507	230L10100	75	残業時間	557.5	598.0	748.0		125.0	134.1
202507	230L10100	76	移動時間	0.0	-4.0	-2.0		0.0	0.0
202507	230L10100	77	当月時間当り	2796.2	2155.9	1607.2		74.5	57.4
202507	230L10100	78	人員	78.0	79.0	79.0		100.0	101.2
202508	230L10100	1	総受注高	42690000.0	45001270.0	49111181.0		109.1	115.0
202508	230L10100	2	総売上高	42690000.0	45001270.0	49111181.0		109.1	115.0
202508	230L10100	3	売上高	43260000.0	45401270.0	49500976.0	100.7	109.0	114.4
202508	230L10100	4	グループ売上高	0.0	0.0	0.0	0.0	0.0	0.0
202508	230L10100	5	社内売上高	30500000.0	30834000.0	32042058.0	65.2	103.9	105.0
202508	230L10100	7	販売奨励金	-570000.0	-400000.0	-389795.0	0.0	0.0	0.0
202508	230L10100	8	売上原価	10480000.0	12455020.0	14004185.0	28.5	112.4	133.6
202508	230L10100	9	仕入高	3008760.0	7325020.0	8409296.0	17.1	114.8	279.4
202508	230L10100	10	グループ仕入高	2869940.0	0.0	47004.0	0.0	0.0	1.6
202508	230L10100	11	社内仕入高	30500000.0	30834000.0	32042058.0	65.2	103.9	105.0
202508	230L10100	12	荷造運搬費	2457000.0	2300000.0	2557892.0	5.2	111.2	104.1
202508	230L10100	13	販売手数料	2144300.0	2830000.0	2989993.0	6.0	105.6	139.4
202508	230L10100	14	総収益	32210000.0	32546250.0	35106996.0	71.4	107.8	108.9
202508	230L10100	15	経費合計	20417784.0	22097591.0	20581047.0	41.9	93.1	100.7
202508	230L10100	16	経費合計（原価）	15722659.0	16532659.0	14522125.0	29.5	87.8	92.3
202508	230L10100	17	種苗費*	0.0	0.0	0.0	0.0	0.0	0.0
202508	230L10100	18	肥料費*	1886000.0	1641000.0	1622059.0	3.3	98.8	86.0
202508	230L10100	19	培土費用*	500000.0	966000.0	957866.0	1.9	99.1	191.5
202508	230L10100	20	農薬衛生費*	400000.0	368000.0	499243.0	1.0	135.6	124.8
202508	230L10100	21	農具費*	740000.0	653000.0	580406.0	1.1	88.8	78.4
202508	230L10100	22	諸材料費*	4582000.0	5934000.0	4026955.0	8.1	67.8	87.8
202508	230L10100	23	その他仕入高*	0.0	0.0	0.0	0.0	0.0	0.0
202508	230L10100	24	減価償却費*	1944429.0	1944429.0	1944429.0	3.9	100.0	100.0
202508	230L10100	25	車両費*	0.0	0.0	0.0	0.0	0.0	0.0
202508	230L10100	26	水道光熱費*	180000.0	180000.0	166656.0	0.3	92.5	92.5
202508	230L10100	27	動力費*	1898000.0	1903000.0	1881276.0	3.8	98.8	99.1
202508	230L10100	28	燃料費*	0.0	0.0	0.0	0.0	0.0	0.0
202508	230L10100	29	賃借料*	1248230.0	1248230.0	1248230.0	2.5	100.0	100.0
202508	230L10100	30	修繕費*	460000.0	210000.0	0.0	0.0	0.0	0.0
202508	230L10100	31	診断料*	0.0	0.0	0.0	0.0	0.0	0.0
202508	230L10100	32	租税公課*	0.0	0.0	0.0	0.0	0.0	0.0
202508	230L10100	33	業務委託費*	0.0	0.0	0.0	0.0	0.0	0.0
202508	230L10100	34	雑費*	991000.0	691000.0	816625.0	1.6	118.1	82.4
202508	230L10100	35	雑給*	893000.0	794000.0	778380.0	1.5	98.0	87.1
202508	230L10100	36	経費合計（販管費）	4695125.0	5564932.0	6058922.0	12.3	108.8	129.0
202508	230L10100	37	減価償却費	1000830.0	1000830.0	999485.0	2.0	99.8	99.8
202508	230L10100	38	車両費	280200.0	270200.0	266221.0	0.5	98.5	95.0
202508	230L10100	39	旅費交通費	90000.0	50000.0	65518.0	0.1	131.0	72.7
202508	230L10100	40	通信費	66635.0	120035.0	54039.0	0.1	45.0	81.0
202508	230L10100	41	水道光熱費	190000.0	211703.0	219805.0	0.4	103.8	115.6
202508	230L10100	42	事務用品費	35000.0	35000.0	8747.0	0.0	24.9	24.9
202508	230L10100	43	消耗品費	324000.0	391000.0	587354.0	1.1	150.2	181.2
202508	230L10100	44	廃棄物処理料	258000.0	991000.0	1540851.0	3.1	155.4	597.2
202508	230L10100	45	広告宣伝費	0.0	13000.0	24375.0	0.0	187.5	0.0
202508	230L10100	46	接待交際費	0.0	0.0	0.0	0.0	0.0	0.0
202508	230L10100	47	賃借料	144000.0	99000.0	98727.0	0.2	99.7	68.5
202508	230L10100	48	賃貸料収入	-116000.0	-96000.0	-95500.0	0.0	0.0	0.0
202508	230L10100	49	修繕費	25000.0	25000.0	0.0	0.0	0.0	0.0
202508	230L10100	50	支払リース料	12400.0	18400.0	18400.0	0.0	100.0	148.3
202508	230L10100	51	保険料	114988.0	114988.0	115181.0	0.2	100.1	100.1
202508	230L10100	52	支払報酬	0.0	0.0	0.0	0.0	0.0	0.0
202508	230L10100	53	支払手数料	77000.0	179000.0	159080.0	0.3	88.8	206.5
202508	230L10100	54	診断料	74000.0	20000.0	20855.0	0.0	104.2	28.1
202508	230L10100	55	諸会費	500.0	500.0	0.0	0.0	0.0	0.0
202508	230L10100	56	会議費	5000.0	5000.0	0.0	0.0	0.0	0.0
202508	230L10100	57	寄付金	0.0	0.0	0.0	0.0	0.0	0.0
202508	230L10100	58	租税公課	0.0	0.0	2396.0	0.0	0.0	0.0
202508	230L10100	59	業務委託費	0.0	0.0	0.0	0.0	0.0	0.0
202508	230L10100	60	業務受託収入	-40000.0	-40000.0	-135455.0	0.0	0.0	0.0
202508	230L10100	61	情報機器利用料	184420.0	184420.0	184420.0	0.3	100.0	100.0
202508	230L10100	62	貸倒金	0.0	0.0	0.0	0.0	0.0	0.0
202508	230L10100	63	雑費	217840.0	217840.0	170304.0	0.3	78.1	78.1
202508	230L10100	64	福利消耗品費	0.0	0.0	0.0	0.0	0.0	0.0
202508	230L10100	65	教育研修費	0.0	0.0	0.0	0.0	0.0	0.0
202508	230L10100	66	廃棄損	0.0	0.0	0.0	0.0	0.0	0.0
202508	230L10100	67	雑給	0.0	0.0	0.0	0.0	0.0	0.0
202508	230L10100	68	社内金利（固定資産）	1235312.0	1238016.0	1238119.0	2.5	100.0	100.2
202508	230L10100	69	社内金利（売掛金）	0.0	0.0	0.0	0.0	0.0	0.0
202508	230L10100	70	グループ共通	516000.0	516000.0	516000.0	1.0	100.0	100.0
202508	230L10100	71	差引収益	11792216.0	10448659.0	14525949.0	29.5	139.0	123.1
202508	230L10100	72	差引比率	27.6	23.2	29.5		127.1	106.8
202508	230L10100	73	総時間	7381.75	7369.75	7634.5		103.5	103.4
202508	230L10100	74	定時間	6863.0	6810.0	7011.5		102.9	102.1
202508	230L10100	75	残業時間	518.75	563.75	627.0		111.2	120.8
202508	230L10100	76	移動時間	0.0	-4.0	-4.0		0.0	0.0
202508	230L10100	77	当月時間当り	1597.4	1417.7	1902.6		134.2	119.1
202508	230L10100	78	人員	78.0	78.0	79.0		101.2	101.2
202509	230L10100	1	総受注高	30500000.0	41614000.0	50572267.0		121.5	165.8
202509	230L10100	2	総売上高	30500000.0	41614000.0	50572267.0		121.5	165.8
202509	230L10100	3	売上高	30900000.0	42520000.0	51472101.0	101.7	121.0	166.5
202509	230L10100	4	グループ売上高	0.0	0.0	0.0	0.0	0.0	0.0
202509	230L10100	5	社内売上高	22200000.0	29880900.0	34453715.0	68.1	115.3	155.1
202509	230L10100	7	販売奨励金	-400000.0	-906000.0	-899834.0	0.0	0.0	0.0
202509	230L10100	8	売上原価	7610000.0	11300000.0	14481957.0	28.6	128.1	190.3
202509	230L10100	9	仕入高	1392320.0	5580000.0	8392005.0	16.5	150.3	602.7
202509	230L10100	10	グループ仕入高	2518380.0	680000.0	869192.0	1.7	127.8	34.5
202509	230L10100	11	社内仕入高	22200000.0	29880900.0	34453715.0	68.1	115.3	155.1
202509	230L10100	12	荷造運搬費	2149000.0	2450000.0	2462229.0	4.8	100.4	114.5
202509	230L10100	13	販売手数料	1550300.0	2590000.0	2758531.0	5.4	106.5	177.9
202509	230L10100	14	総収益	22890000.0	30314000.0	36090310.0	71.3	119.0	157.6
202509	230L10100	15	経費合計	23469058.0	25811932.0	26137718.0	51.6	101.2	111.3
202509	230L10100	16	経費合計（原価）	17791659.0	21356659.0	21759037.0	43.0	101.8	122.2
202509	230L10100	17	種苗費*	5100000.0	5040000.0	5017644.0	9.9	99.5	98.3
202509	230L10100	18	肥料費*	1932000.0	1951000.0	1794836.0	3.5	91.9	92.9
202509	230L10100	19	培土費用*	0.0	83000.0	82952.0	0.1	99.9	0.0
202509	230L10100	20	農薬衛生費*	899000.0	837000.0	934934.0	1.8	111.7	103.9
202509	230L10100	21	農具費*	20000.0	90000.0	210298.0	0.4	233.6	
202509	230L10100	22	諸材料費*	3119000.0	7100000.0	7343511.0	14.5	103.4	235.4
202509	230L10100	23	その他仕入高*	0.0	0.0	0.0	0.0	0.0	0.0
202509	230L10100	24	減価償却費*	1944429.0	1944429.0	1944429.0	3.8	100.0	100.0
202509	230L10100	25	車両費*	0.0	0.0	0.0	0.0	0.0	0.0
202509	230L10100	26	水道光熱費*	180000.0	169000.0	168192.0	0.3	99.5	93.4
202509	230L10100	27	動力費*	1880000.0	1914000.0	1913210.0	3.7	99.9	101.7
202509	230L10100	28	燃料費*	0.0	0.0	0.0	0.0	0.0	0.0
202509	230L10100	29	賃借料*	1248230.0	1248230.0	1248230.0	2.4	100.0	100.0
202509	230L10100	30	修繕費*	1340000.0	644000.0	654110.0	1.2	101.5	48.8
202509	230L10100	31	診断料*	0.0	0.0	0.0	0.0	0.0	0.0
202509	230L10100	32	租税公課*	0.0	0.0	0.0	0.0	0.0	0.0
202509	230L10100	33	業務委託費*	0.0	0.0	0.0	0.0	0.0	0.0
202509	230L10100	34	雑費*	81000.0	81000.0	81000.0	0.1	100.0	100.0
202509	230L10100	35	雑給*	48000.0	255000.0	365691.0	0.7	143.4	761.8
202509	230L10100	36	経費合計（販管費）	5677399.0	4455273.0	4378681.0	8.6	98.2	77.1
202509	230L10100	37	減価償却費	1000830.0	1019172.0	1017827.0	2.0	99.8	101.6
202509	230L10100	38	車両費	284200.0	284200.0	271396.0	0.5	95.4	95.4
202509	230L10100	39	旅費交通費	110000.0	60000.0	86072.0	0.1	143.4	78.2
202509	230L10100	40	通信費	66635.0	120035.0	91904.0	0.1	76.5	137.9
202509	230L10100	41	水道光熱費	190000.0	205672.0	205672.0	0.4	100.0	108.2
202509	230L10100	42	事務用品費	35000.0	35000.0	20839.0	0.0	59.5	59.5
202509	230L10100	43	消耗品費	58000.0	78000.0	75216.0	0.1	96.4	129.6
202509	230L10100	44	廃棄物処理料	1541000.0	258000.0	294485.0	0.5	114.1	19.1
202509	230L10100	45	広告宣伝費	60000.0	60000.0	13190.0	0.0	21.9	21.9
202509	230L10100	46	接待交際費	0.0	0.0	0.0	0.0	0.0	0.0
202509	230L10100	47	賃借料	144000.0	99000.0	98727.0	0.1	99.7	68.5
202509	230L10100	48	賃貸料収入	-116000.0	-96000.0	-95500.0	0.0	0.0	0.0
202509	230L10100	49	修繕費	17000.0	17000.0	0.0	0.0	0.0	0.0
202509	230L10100	50	支払リース料	12400.0	11400.0	11400.0	0.0	100.0	91.9
202509	230L10100	51	保険料	114988.0	114988.0	115181.0	0.2	100.1	100.1
202509	230L10100	52	支払報酬	0.0	0.0	0.0	0.0	0.0	0.0
202509	230L10100	53	支払手数料	117000.0	119000.0	101294.0	0.2	85.1	86.5
202509	230L10100	54	診断料	25000.0	51000.0	54500.0	0.1	106.8	218.0
202509	230L10100	55	諸会費	0.0	0.0	0.0	0.0	0.0	0.0
202509	230L10100	56	会議費	5000.0	5000.0	0.0	0.0	0.0	0.0
202509	230L10100	57	寄付金	0.0	0.0	0.0	0.0	0.0	0.0
202509	230L10100	58	租税公課	0.0	0.0	67.0	0.0	0.0	0.0
202509	230L10100	59	業務委託費	0.0	0.0	0.0	0.0	0.0	0.0
202509	230L10100	60	業務受託収入	-40000.0	-40000.0	-76001.0	0.0	0.0	0.0
202509	230L10100	61	情報機器利用料	184420.0	184420.0	184420.0	0.3	100.0	100.0
202509	230L10100	62	貸倒金	0.0	0.0	0.0	0.0	0.0	0.0
202509	230L10100	63	雑費	91340.0	91340.0	80952.0	0.1	88.6	88.6
202509	230L10100	64	福利消耗品費	30000.0	25000.0	4330.0	0.0	17.3	14.4
202509	230L10100	65	教育研修費	10000.0	10000.0	79600.0	0.1	796.0	796.0
202509	230L10100	66	廃棄損	0.0	0.0	0.0	0.0	0.0	0.0
202509	230L10100	67	雑給	0.0	0.0	0.0	0.0	0.0	0.0
202509	230L10100	68	社内金利（固定資産）	1220586.0	1227046.0	1227110.0	2.4	100.0	100.5
202509	230L10100	69	社内金利（売掛金）	0.0	0.0	0.0	0.0	0.0	0.0
202509	230L10100	70	グループ共通	516000.0	516000.0	516000.0	1.0	100.0	100.0
202509	230L10100	71	差引収益	-579058.0	4502068.0	9952592.0	19.6	221.0	0.0
202509	230L10100	72	差引比率	-1.8	10.8	19.6		181.4	0.0
202509	230L10100	73	総時間	8048.25	8530.0	8474.25		99.3	105.2
202509	230L10100	74	定時間	7702.0	7982.0	7869.5		98.5	102.1
202509	230L10100	75	残業時間	346.25	548.0	608.75		111.0	175.8
202509	230L10100	76	移動時間	0.0	0.0	-4.0		0.0	0.0
202509	230L10100	77	当月時間当り	-71.9	527.7	1174.4		222.5	0.0
202509	230L10100	78	人員	78.0	78.0	79.0		101.2	101.2
202510	230L10100	1	総受注高	31650000.0	30847780.0	39218839.0		127.1	123.9
202510	230L10100	2	総売上高	31650000.0	30847780.0	39218839.0		127.1	123.9
202510	230L10100	3	売上高	31920000.0	31772780.0	40142083.0	102.3	126.3	125.7
202510	230L10100	4	グループ売上高	0.0	0.0	0.0	0.0	0.0	0.0
202510	230L10100	5	社内売上高	21000000.0	22615168.0	26688560.0	68.0	118.0	127.0
202510	230L10100	7	販売奨励金	-270000.0	-925000.0	-923244.0	0.0	0.0	0.0
202510	230L10100	8	売上原価	8830000.0	8770100.0	11636176.0	29.6	132.6	131.7
202510	230L10100	9	仕入高	2249760.0	3593100.0	5659606.0	14.4	157.5	251.5
202510	230L10100	10	グループ仕入高	3633240.0	782000.0	1455634.0	3.7	186.1	40.0
202510	230L10100	11	社内仕入高	21000000.0	22615168.0	26688560.0	68.0	118.0	127.0
202510	230L10100	12	荷造運搬費	1824000.0	2380000.0	2500637.0	6.3	105.0	137.0
202510	230L10100	13	販売手数料	1123000.0	2015000.0	2020299.0	5.1	100.2	179.9
202510	230L10100	14	総収益	22820000.0	22077680.0	27582663.0	70.3	124.9	120.8
202510	230L10100	15	経費合計	17629244.0	20269674.0	19312584.0	49.2	95.2	109.5
202510	230L10100	16	経費合計（原価）	12915659.0	15661659.0	15006469.0	38.2	95.8	116.1
202510	230L10100	17	種苗費*	0.0	0.0	0.0	0.0	0.0	0.0
202510	230L10100	18	肥料費*	1841000.0	1958000.0	1745049.0	4.4	89.1	94.7
202510	230L10100	19	培土費用*	0.0	0.0	0.0	0.0	0.0	0.0
202510	230L10100	20	農薬衛生費*	609000.0	681000.0	857619.0	2.1	125.9	140.8
202510	230L10100	21	農具費*	62000.0	301000.0	213159.0	0.5	70.8	343.8
202510	230L10100	22	諸材料費*	2008000.0	4549000.0	4834618.0	12.3	106.2	240.7
202510	230L10100	23	その他仕入高*	0.0	0.0	0.0	0.0	0.0	0.0
202510	230L10100	24	減価償却費*	1944429.0	1944429.0	1944429.0	4.9	100.0	100.0
202510	230L10100	25	車両費*	0.0	0.0	0.0	0.0	0.0	0.0
202510	230L10100	26	水道光熱費*	174000.0	170000.0	161280.0	0.4	94.8	92.6
202510	230L10100	27	動力費*	1880000.0	1865000.0	1864210.0	4.7	99.9	99.1
202510	230L10100	28	燃料費*	760000.0	380000.0	368400.0	0.9	96.9	48.4
202510	230L10100	29	賃借料*	1248230.0	1248230.0	1248230.0	3.1	100.0	100.0
202510	230L10100	30	修繕費*	460000.0	60000.0	25000.0	0.0	41.6	5.4
202510	230L10100	31	診断料*	0.0	0.0	0.0	0.0	0.0	0.0
202510	230L10100	32	租税公課*	0.0	0.0	0.0	0.0	0.0	0.0
202510	230L10100	33	業務委託費*	0.0	0.0	0.0	0.0	0.0	0.0
202510	230L10100	34	雑費*	1881000.0	2384000.0	1656600.0	4.2	69.4	88.0
202510	230L10100	35	雑給*	48000.0	121000.0	87875.0	0.2	72.6	183.0
202510	230L10100	36	経費合計（販管費）	4713585.0	4608015.0	4306115.0	10.9	93.4	91.3
202510	230L10100	37	減価償却費	1000830.0	1089035.0	1086508.0	2.7	99.7	108.5
202510	230L10100	38	車両費	280200.0	280200.0	257453.0	0.6	91.8	91.8
202510	230L10100	39	旅費交通費	100000.0	60000.0	47372.0	0.1	78.9	47.3
202510	230L10100	40	通信費	66635.0	68437.0	54602.0	0.1	79.7	81.9
202510	230L10100	41	水道光熱費	210000.0	221340.0	220352.0	0.5	99.5	104.9
202510	230L10100	42	事務用品費	35000.0	35000.0	16445.0	0.0	46.9	46.9
202510	230L10100	43	消耗品費	75000.0	55000.0	53357.0	0.1	97.0	71.1
202510	230L10100	44	廃棄物処理料	332000.0	332000.0	280560.0	0.7	84.5	84.5
202510	230L10100	45	広告宣伝費	28000.0	73000.0	12200.0	0.0	16.7	43.5
202510	230L10100	46	接待交際費	10000.0	0.0	0.0	0.0	0.0	0.0
202510	230L10100	47	賃借料	144000.0	99000.0	98727.0	0.2	99.7	68.5
202510	230L10100	48	賃貸料収入	-116000.0	-96000.0	-95500.0	0.0	0.0	0.0
202510	230L10100	49	修繕費	17000.0	17000.0	0.0	0.0	0.0	0.0
202510	230L10100	50	支払リース料	12400.0	11400.0	11400.0	0.0	100.0	91.9
202510	230L10100	51	保険料	229900.0	32000.0	32496.0	0.0	101.5	14.1
202510	230L10100	52	支払報酬	0.0	0.0	0.0	0.0	0.0	0.0
202510	230L10100	53	支払手数料	285000.0	287000.0	271494.0	0.6	94.5	95.2
202510	230L10100	54	診断料	30000.0	30000.0	30000.0	0.0	100.0	100.0
202510	230L10100	55	諸会費	500.0	0.0	0.0	0.0	0.0	0.0
202510	230L10100	56	会議費	5000.0	5000.0	0.0	0.0	0.0	0.0
202510	230L10100	57	寄付金	0.0	0.0	0.0	0.0	0.0	0.0
202510	230L10100	58	租税公課	0.0	0.0	0.0	0.0	0.0	0.0
202510	230L10100	59	業務委託費	0.0	0.0	0.0	0.0	0.0	0.0
202510	230L10100	60	業務受託収入	-40000.0	-40000.0	-119004.0	0.0	0.0	0.0
202510	230L10100	61	情報機器利用料	184420.0	184420.0	184420.0	0.4	100.0	100.0
202510	230L10100	62	貸倒金	0.0	0.0	0.0	0.0	0.0	0.0
202510	230L10100	63	雑費	90840.0	91340.0	89502.0	0.2	97.9	98.5
202510	230L10100	64	福利消耗品費	1000.0	21000.0	198.0	0.0	0.9	19.8
202510	230L10100	65	教育研修費	10000.0	10000.0	31659.0	0.0	316.5	316.5
202510	230L10100	66	廃棄損	0.0	0.0	0.0	0.0	0.0	0.0
202510	230L10100	67	雑給	0.0	0.0	0.0	0.0	0.0	0.0
202510	230L10100	68	社内金利（固定資産）	1205860.0	1225843.0	1225874.0	3.1	100.0	101.6
202510	230L10100	69	社内金利（売掛金）	0.0	0.0	0.0	0.0	0.0	0.0
202510	230L10100	70	グループ共通	516000.0	516000.0	516000.0	1.3	100.0	100.0
202510	230L10100	71	差引収益	5190756.0	1808006.0	8270079.0	21.0	457.4	159.3
202510	230L10100	72	差引比率	16.4	5.8	21.0		362.0	128.0
202510	230L10100	73	総時間	7422.75	8209.0	7760.75		94.5	104.5
202510	230L10100	74	定時間	7228.0	7828.0	7429.25		94.9	102.7
202510	230L10100	75	残業時間	194.75	385.0	336.5		87.4	172.7
202510	230L10100	76	移動時間	0.0	-4.0	-5.0		0.0	0.0
202510	230L10100	77	当月時間当り	699.3	220.2	1065.6		483.9	152.3
202510	230L10100	78	人員	78.0	78.0	78.0		100.0	100.0
202511	230L10100	1	総受注高	68000000.0	60060210.0	56977722.0		94.8	83.7
202511	230L10100	2	総売上高	68000000.0	60060210.0	56977722.0		94.8	83.7
202511	230L10100	3	売上高	68300000.0	60693210.0	57612673.0	101.1	94.9	84.3
202511	230L10100	4	グループ売上高	0.0	0.0	0.0	0.0	0.0	0.0
202511	230L10100	5	社内売上高	42900000.0	39854549.0	37612511.0	66.0	94.3	87.6
202511	230L10100	7	販売奨励金	-300000.0	-633000.0	-634951.0	0.0	0.0	0.0
202511	230L10100	8	売上原価	19290000.0	15612460.0	15090817.0	26.4	96.6	78.2
202511	230L10100	9	仕入高	3683580.0	2753360.0	3038569.0	5.3	110.3	82.4
202511	230L10100	10	グループ仕入高	11190420.0	8709100.0	8165135.0	14.3	93.7	72.9
202511	230L10100	11	社内仕入高	42900000.0	39854549.0	37612511.0	66.0	94.3	87.6
202511	230L10100	12	荷造運搬費	2893000.0	2500000.0	2216519.0	3.8	88.6	76.6
202511	230L10100	13	販売手数料	1523000.0	1650000.0	1670594.0	2.9	101.2	109.6
202511	230L10100	14	総収益	48710000.0	44447750.0	41886905.0	73.5	94.2	85.9
202511	230L10100	15	経費合計	23167498.0	21018783.0	18469389.0	32.4	87.8	79.7
202511	230L10100	16	経費合計（原価）	17292659.0	15967659.0	14422723.0	25.3	90.3	83.4
202511	230L10100	17	種苗費*	0.0	0.0	0.0	0.0	0.0	0.0
202511	230L10100	18	肥料費*	1727000.0	1797000.0	1398496.0	2.4	77.8	80.9
202511	230L10100	19	培土費用*	0.0	0.0	0.0	0.0	0.0	0.0
202511	230L10100	20	農薬衛生費*	908000.0	943000.0	885030.0	1.5	93.8	97.4
202511	230L10100	21	農具費*	86000.0	165000.0	176868.0	0.3	107.1	205.6
202511	230L10100	22	諸材料費*	5506000.0	4530000.0	4620485.0	8.1	101.9	83.9
202511	230L10100	23	その他仕入高*	0.0	0.0	0.0	0.0	0.0	0.0
202511	230L10100	24	減価償却費*	1944429.0	1944429.0	1944429.0	3.4	100.0	100.0
202511	230L10100	25	車両費*	0.0	0.0	0.0	0.0	0.0	0.0
202511	230L10100	26	水道光熱費*	167000.0	170000.0	166656.0	0.2	98.0	99.7
202511	230L10100	27	動力費*	1780000.0	1387000.0	1386521.0	2.4	99.9	77.8
202511	230L10100	28	燃料費*	3040000.0	3136000.0	2248440.0	3.9	71.6	73.9
202511	230L10100	29	賃借料*	1248230.0	1248230.0	1248230.0	2.1	100.0	100.0
202511	230L10100	30	修繕費*	610000.0	285000.0	172685.0	0.3	60.5	28.3
202511	230L10100	31	診断料*	0.0	0.0	0.0	0.0	0.0	0.0
202511	230L10100	32	租税公課*	0.0	0.0	0.0	0.0	0.0	0.0
202511	230L10100	33	業務委託費*	0.0	0.0	0.0	0.0	0.0	0.0
202511	230L10100	34	雑費*	81000.0	81000.0	81000.0	0.1	100.0	100.0
202511	230L10100	35	雑給*	195000.0	281000.0	93883.0	0.1	33.4	48.1
202511	230L10100	36	経費合計（販管費）	5874839.0	5051124.0	4046666.0	7.1	80.1	68.8
202511	230L10100	37	減価償却費	1063273.0	1089045.0	1086508.0	1.9	99.7	102.1
202511	230L10100	38	車両費	290200.0	290200.0	144861.0	0.2	49.9	49.9
202511	230L10100	39	旅費交通費	90000.0	185000.0	149220.0	0.2	80.6	165.8
202511	230L10100	40	通信費	66635.0	70637.0	56226.0	0.0	79.5	84.3
202511	230L10100	41	水道光熱費	190000.0	151406.0	151406.0	0.2	100.0	79.6
202511	230L10100	42	事務用品費	35000.0	35000.0	8311.0	0.0	23.7	23.7
202511	230L10100	43	消耗品費	55000.0	55000.0	30926.0	0.0	56.2	56.2
202511	230L10100	44	廃棄物処理料	402000.0	402000.0	196611.0	0.3	48.9	48.9
202511	230L10100	45	広告宣伝費	0.0	0.0	0.0	0.0	0.0	0.0
202511	230L10100	46	接待交際費	0.0	0.0	0.0	0.0	0.0	0.0
202511	230L10100	47	賃借料	144000.0	99000.0	98727.0	0.1	99.7	68.5
202511	230L10100	48	賃貸料収入	-116000.0	-96000.0	-95500.0	0.0	0.0	0.0
202511	230L10100	49	修繕費	267000.0	367000.0	8500.0	0.0	2.3	3.1
202511	230L10100	50	支払リース料	12400.0	11400.0	11400.0	0.0	100.0	91.9
202511	230L10100	51	保険料	229900.0	32000.0	32496.0	0.0	101.5	14.1
202511	230L10100	52	支払報酬	0.0	0.0	0.0	0.0	0.0	0.0
202511	230L10100	53	支払手数料	780000.0	304000.0	268994.0	0.4	88.4	34.4
202511	230L10100	54	診断料	35000.0	68000.0	63855.0	0.1	93.9	182.4
202511	230L10100	55	諸会費	0.0	0.0	0.0	0.0	0.0	0.0
202511	230L10100	56	会議費	5660.0	5660.0	0.0	0.0	0.0	0.0
202511	230L10100	57	寄付金	0.0	0.0	0.0	0.0	0.0	0.0
202511	230L10100	58	租税公課	0.0	0.0	0.0	0.0	0.0	0.0
202511	230L10100	59	業務委託費	0.0	0.0	0.0	0.0	0.0	0.0
202511	230L10100	60	業務受託収入	-40000.0	-40000.0	-159819.0	0.0	0.0	0.0
202511	230L10100	61	情報機器利用料	184420.0	184420.0	184420.0	0.3	100.0	100.0
202511	230L10100	62	貸倒金	0.0	0.0	0.0	0.0	0.0	0.0
202511	230L10100	63	雑費	450680.0	100680.0	82850.0	0.1	82.2	18.3
202511	230L10100	64	福利消耗品費	0.0	0.0	0.0	0.0	0.0	0.0
202511	230L10100	65	教育研修費	10000.0	10000.0	0.0	0.0	0.0	0.0
202511	230L10100	66	廃棄損	0.0	0.0	0.0	0.0	0.0	0.0
202511	230L10100	67	雑給	0.0	0.0	0.0	0.0	0.0	0.0
202511	230L10100	68	社内金利（固定資産）	1203671.0	1210676.0	1210674.0	2.1	99.9	100.5
202511	230L10100	69	社内金利（売掛金）	0.0	0.0	0.0	0.0	0.0	0.0
202511	230L10100	70	グループ共通	516000.0	516000.0	516000.0	0.9	100.0	100.0
202511	230L10100	71	差引収益	25542502.0	23428967.0	23417516.0	41.0	99.9	91.6
202511	230L10100	72	差引比率	37.5	39.0	41.0		105.1	109.3
202511	230L10100	73	総時間	7795.0	7346.0	7067.75		96.2	90.6
202511	230L10100	74	定時間	7340.0	6915.0	6737.75		97.4	91.7
202511	230L10100	75	残業時間	455.0	431.0	330.0		76.5	72.5
202511	230L10100	76	移動時間	0.0	0.0	0.0		0.0	0.0
202511	230L10100	77	当月時間当り	3276.7	3189.3	3313.2		103.8	101.1
202511	230L10100	78	人員	78.0	78.0	78.0		100.0	100.0
202204	230L10200	1	総受注高	67200000.0	65354000.0	65714918.0		100.5	97.7
202204	230L10200	2	総売上高	67200000.0	65354000.0	65714918.0		100.5	97.7
202204	230L10200	3	売上高	67640000.0	65800000.0	66097709.0	100.5	100.4	97.7
202204	230L10200	4	グループ売上高	0.0	0.0	0.0	0.0	0.0	0.0
202204	230L10200	5	社内売上高	0.0	0.0	0.0	0.0	0.0	0.0
202204	230L10200	7	販売奨励金	-440000.0	-446000.0	-382791.0	0.0	0.0	0.0
202204	230L10200	8	売上原価	63760000.0	61640030.0	61414095.0	93.4	99.6	96.3
202204	230L10200	9	仕入高	10366350.0	10167000.0	10227809.0	15.5	100.5	98.6
202204	230L10200	10	グループ仕入高	18585250.0	20165910.0	22163327.0	33.7	109.9	119.2
202204	230L10200	11	社内仕入高	29300000.0	26124000.0	24134855.0	36.7	92.3	82.3
202204	230L10200	12	荷造運搬費	4148160.0	3902120.0	3936905.0	5.9	100.8	94.9
202204	230L10200	13	販売手数料	1360240.0	1281000.0	951199.0	1.4	74.2	69.9
202204	230L10200	14	総収益	3440000.0	3713970.0	4300823.0	6.5	115.8	125.0
202204	230L10200	15	経費合計	982300.0	862300.0	405678.0	0.6	47.0	41.2
202204	230L10200	16	経費合計（原価）	0.0	0.0	0.0	0.0	0.0	0.0
202204	230L10200	17	種苗費*	0.0	0.0	0.0	0.0	0.0	0.0
202204	230L10200	18	肥料費*	0.0	0.0	0.0	0.0	0.0	0.0
202204	230L10200	19	培土費用*	0.0	0.0	0.0	0.0	0.0	0.0
202204	230L10200	20	農薬衛生費*	0.0	0.0	0.0	0.0	0.0	0.0
202204	230L10200	21	農具費*	0.0	0.0	0.0	0.0	0.0	0.0
202204	230L10200	22	諸材料費*	0.0	0.0	0.0	0.0	0.0	0.0
202204	230L10200	23	その他仕入高*	0.0	0.0	0.0	0.0	0.0	0.0
202204	230L10200	24	減価償却費*	0.0	0.0	0.0	0.0	0.0	0.0
202204	230L10200	25	車両費*	0.0	0.0	0.0	0.0	0.0	0.0
202204	230L10200	26	水道光熱費*	0.0	0.0	0.0	0.0	0.0	0.0
202204	230L10200	27	動力費*	0.0	0.0	0.0	0.0	0.0	0.0
202204	230L10200	28	燃料費*	0.0	0.0	0.0	0.0	0.0	0.0
202204	230L10200	29	賃借料*	0.0	0.0	0.0	0.0	0.0	0.0
202204	230L10200	30	修繕費*	0.0	0.0	0.0	0.0	0.0	0.0
202204	230L10200	31	診断料*	0.0	0.0	0.0	0.0	0.0	0.0
202204	230L10200	32	租税公課*	0.0	0.0	0.0	0.0	0.0	0.0
202204	230L10200	33	業務委託費*	0.0	0.0	0.0	0.0	0.0	0.0
202204	230L10200	34	雑費*	0.0	0.0	0.0	0.0	0.0	0.0
202204	230L10200	35	雑給*	0.0	0.0	0.0	0.0	0.0	0.0
202204	230L10200	36	経費合計（販管費）	982300.0	862300.0	405678.0	0.6	47.0	41.2
202204	230L10200	37	減価償却費	0.0	0.0	0.0	0.0	0.0	0.0
202204	230L10200	38	車両費	250030.0	250030.0	231193.0	0.3	92.4	92.4
202204	230L10200	39	旅費交通費	30000.0	40000.0	33955.0	0.0	84.8	113.1
202204	230L10200	40	通信費	11418.0	11418.0	25481.0	0.0	223.1	223.1
202204	230L10200	41	水道光熱費	0.0	0.0	0.0	0.0	0.0	0.0
202204	230L10200	42	事務用品費	1000.0	1000.0	4112.0	0.0	411.2	411.2
202204	230L10200	43	消耗品費	1000.0	1000.0	0.0	0.0	0.0	0.0
202204	230L10200	44	廃棄物処理料	0.0	0.0	0.0	0.0	0.0	0.0
202204	230L10200	45	広告宣伝費	23892.0	23892.0	6053.0	0.0	25.3	25.3
202204	230L10200	46	接待交際費	30000.0	0.0	0.0	0.0	0.0	0.0
202204	230L10200	47	賃借料	107500.0	107500.0	107273.0	0.1	99.7	99.7
202204	230L10200	48	賃貸料収入	0.0	0.0	0.0	0.0	0.0	0.0
202204	230L10200	49	修繕費	0.0	0.0	0.0	0.0	0.0	0.0
202204	230L10200	50	支払リース料	0.0	0.0	0.0	0.0	0.0	0.0
202204	230L10200	51	保険料	44360.0	44360.0	44360.0	0.0	100.0	100.0
202204	230L10200	52	支払報酬	0.0	0.0	0.0	0.0	0.0	0.0
202204	230L10200	53	支払手数料	30000.0	30000.0	12548.0	0.0	41.8	41.8
202204	230L10200	54	診断料	0.0	0.0	0.0	0.0	0.0	0.0
202204	230L10200	55	諸会費	0.0	0.0	500.0	0.0	0.0	0.0
202204	230L10200	56	会議費	5000.0	5000.0	3969.0	0.0	79.3	79.3
202204	230L10200	57	寄付金	0.0	0.0	0.0	0.0	0.0	0.0
202204	230L10200	58	租税公課	0.0	0.0	8200.0	0.0	0.0	0.0
202204	230L10200	59	業務委託費	0.0	0.0	0.0	0.0	0.0	0.0
202204	230L10200	60	業務受託収入	0.0	0.0	-403636.0	0.0	0.0	0.0
202204	230L10200	61	情報機器利用料	67800.0	67800.0	67800.0	0.1	100.0	100.0
202204	230L10200	62	貸倒金	0.0	0.0	0.0	0.0	0.0	0.0
202204	230L10200	63	雑費	150000.0	50000.0	33570.0	0.0	67.1	22.3
202204	230L10200	64	福利消耗品費	0.0	0.0	0.0	0.0	0.0	0.0
202204	230L10200	65	教育研修費	0.0	0.0	0.0	0.0	0.0	0.0
202204	230L10200	66	廃棄損	0.0	0.0	0.0	0.0	0.0	0.0
202204	230L10200	67	雑給	0.0	0.0	0.0	0.0	0.0	0.0
202204	230L10200	68	社内金利（固定資産）	0.0	0.0	0.0	0.0	0.0	0.0
202204	230L10200	69	社内金利（売掛金）	0.0	0.0	0.0	0.0	0.0	0.0
202204	230L10200	70	グループ共通	230300.0	230300.0	230300.0	0.3	100.0	100.0
202204	230L10200	71	差引収益	2457700.0	2851670.0	3895145.0	5.9	136.5	158.4
202204	230L10200	72	差引比率	3.6	4.3	5.9		137.2	163.8
202204	230L10200	73	総時間	1030.0	1030.0	882.5		85.6	85.6
202204	230L10200	74	定時間	920.0	920.0	834.5		90.7	90.7
202204	230L10200	75	残業時間	95.0	95.0	73.0		76.8	76.8
202204	230L10200	76	移動時間	15.0	15.0	-25.0		0.0	0.0
202204	230L10200	77	当月時間当り	2386.1	2768.6	4413.7		159.4	184.9
202204	230L10200	78	人員	6.0	6.0	6.0		100.0	100.0
202205	230L10200	1	総受注高	74570000.0	65230000.0	62026088.0		95.0	83.1
202205	230L10200	2	総売上高	74570000.0	65230000.0	62026088.0		95.0	83.1
202205	230L10200	3	売上高	75000000.0	65650000.0	62443641.0	100.6	95.1	83.2
202205	230L10200	4	グループ売上高	0.0	0.0	0.0	0.0	0.0	0.0
202205	230L10200	5	社内売上高	0.0	0.0	0.0	0.0	0.0	0.0
202205	230L10200	7	販売奨励金	-430000.0	-420000.0	-417553.0	0.0	0.0	0.0
202205	230L10200	8	売上原価	70470000.0	62102500.0	59147610.0	95.3	95.2	83.9
202205	230L10200	9	仕入高	10196250.0	10080000.0	10279406.0	16.5	101.9	100.8
202205	230L10200	10	グループ仕入高	24724800.0	20748500.0	19910471.0	32.1	95.9	80.5
202205	230L10200	11	社内仕入高	29500000.0	25659000.0	23368372.0	37.6	91.0	79.2
202205	230L10200	12	荷造運搬費	4687310.0	4205000.0	4171692.0	6.7	99.2	88.9
202205	230L10200	13	販売手数料	1361640.0	1410000.0	1417669.0	2.2	100.5	104.1
202205	230L10200	14	総収益	4100000.0	3127500.0	2878478.0	4.6	92.0	70.2
202205	230L10200	15	経費合計	832300.0	861300.0	821659.0	1.3	95.3	98.7
202205	230L10200	16	経費合計（原価）	0.0	0.0	0.0	0.0	0.0	0.0
202205	230L10200	17	種苗費*	0.0	0.0	0.0	0.0	0.0	0.0
202205	230L10200	18	肥料費*	0.0	0.0	0.0	0.0	0.0	0.0
202205	230L10200	19	培土費用*	0.0	0.0	0.0	0.0	0.0	0.0
202205	230L10200	20	農薬衛生費*	0.0	0.0	0.0	0.0	0.0	0.0
202205	230L10200	21	農具費*	0.0	0.0	0.0	0.0	0.0	0.0
202205	230L10200	22	諸材料費*	0.0	0.0	0.0	0.0	0.0	0.0
202205	230L10200	23	その他仕入高*	0.0	0.0	0.0	0.0	0.0	0.0
202205	230L10200	24	減価償却費*	0.0	0.0	0.0	0.0	0.0	0.0
202205	230L10200	25	車両費*	0.0	0.0	0.0	0.0	0.0	0.0
202205	230L10200	26	水道光熱費*	0.0	0.0	0.0	0.0	0.0	0.0
202205	230L10200	27	動力費*	0.0	0.0	0.0	0.0	0.0	0.0
202205	230L10200	28	燃料費*	0.0	0.0	0.0	0.0	0.0	0.0
202205	230L10200	29	賃借料*	0.0	0.0	0.0	0.0	0.0	0.0
202205	230L10200	30	修繕費*	0.0	0.0	0.0	0.0	0.0	0.0
202205	230L10200	31	診断料*	0.0	0.0	0.0	0.0	0.0	0.0
202205	230L10200	32	租税公課*	0.0	0.0	0.0	0.0	0.0	0.0
202205	230L10200	33	業務委託費*	0.0	0.0	0.0	0.0	0.0	0.0
202205	230L10200	34	雑費*	0.0	0.0	0.0	0.0	0.0	0.0
202205	230L10200	35	雑給*	0.0	0.0	0.0	0.0	0.0	0.0
202205	230L10200	36	経費合計（販管費）	832300.0	861300.0	821659.0	1.3	95.3	98.7
202205	230L10200	37	減価償却費	0.0	0.0	0.0	0.0	0.0	0.0
202205	230L10200	38	車両費	250030.0	250030.0	256717.0	0.4	102.6	102.6
202205	230L10200	39	旅費交通費	20000.0	40000.0	43119.0	0.0	107.7	215.5
202205	230L10200	40	通信費	11418.0	20418.0	21710.0	0.0	106.3	190.1
202205	230L10200	41	水道光熱費	0.0	0.0	0.0	0.0	0.0	0.0
202205	230L10200	42	事務用品費	1000.0	1000.0	9344.0	0.0	934.4	934.4
202205	230L10200	43	消耗品費	1000.0	1000.0	0.0	0.0	0.0	0.0
202205	230L10200	44	廃棄物処理料	0.0	0.0	0.0	0.0	0.0	0.0
202205	230L10200	45	広告宣伝費	9802.0	9802.0	728.0	0.0	7.4	7.4
202205	230L10200	46	接待交際費	0.0	0.0	0.0	0.0	0.0	0.0
202205	230L10200	47	賃借料	107500.0	107500.0	107273.0	0.1	99.7	99.7
202205	230L10200	48	賃貸料収入	0.0	0.0	0.0	0.0	0.0	0.0
202205	230L10200	49	修繕費	0.0	0.0	0.0	0.0	0.0	0.0
202205	230L10200	50	支払リース料	0.0	0.0	0.0	0.0	0.0	0.0
202205	230L10200	51	保険料	0.0	0.0	0.0	0.0	0.0	0.0
202205	230L10200	52	支払報酬	0.0	0.0	0.0	0.0	0.0	0.0
202205	230L10200	53	支払手数料	30000.0	30000.0	21697.0	0.0	72.3	72.3
202205	230L10200	54	診断料	0.0	0.0	0.0	0.0	0.0	0.0
202205	230L10200	55	諸会費	0.0	0.0	0.0	0.0	0.0	0.0
202205	230L10200	56	会議費	5000.0	5000.0	0.0	0.0	0.0	0.0
202205	230L10200	57	寄付金	0.0	0.0	0.0	0.0	0.0	0.0
202205	230L10200	58	租税公課	0.0	0.0	0.0	0.0	0.0	0.0
202205	230L10200	59	業務委託費	0.0	0.0	0.0	0.0	0.0	0.0
202205	230L10200	60	業務受託収入	0.0	0.0	0.0	0.0	0.0	0.0
202205	230L10200	61	情報機器利用料	67800.0	67800.0	67800.0	0.1	100.0	100.0
202205	230L10200	62	貸倒金	0.0	0.0	0.0	0.0	0.0	0.0
202205	230L10200	63	雑費	50000.0	50000.0	47761.0	0.0	95.5	95.5
202205	230L10200	64	福利消耗品費	48450.0	48450.0	15210.0	0.0	31.3	31.3
202205	230L10200	65	教育研修費	0.0	0.0	0.0	0.0	0.0	0.0
202205	230L10200	66	廃棄損	0.0	0.0	0.0	0.0	0.0	0.0
202205	230L10200	67	雑給	0.0	0.0	0.0	0.0	0.0	0.0
202205	230L10200	68	社内金利（固定資産）	0.0	0.0	0.0	0.0	0.0	0.0
202205	230L10200	69	社内金利（売掛金）	0.0	0.0	0.0	0.0	0.0	0.0
202205	230L10200	70	グループ共通	230300.0	230300.0	230300.0	0.3	100.0	100.0
202205	230L10200	71	差引収益	3267700.0	2266200.0	2056819.0	3.3	90.7	62.9
202205	230L10200	72	差引比率	4.3	3.4	3.3		97.0	76.7
202205	230L10200	73	総時間	1030.0	995.0	895.75		90.0	86.9
202205	230L10200	74	定時間	920.0	900.0	814.0		90.4	88.4
202205	230L10200	75	残業時間	95.0	95.0	81.75		86.0	86.0
202205	230L10200	76	移動時間	15.0	0.0	0.0		0.0	0.0
202205	230L10200	77	当月時間当り	3172.5	2277.5	2296.1		100.8	72.3
202205	230L10200	78	人員	6.0	6.0	6.0		100.0	100.0
202206	230L10200	1	総受注高	80480000.0	72016000.0	73008303.0		101.3	90.7
202206	230L10200	2	総売上高	80480000.0	72016000.0	73008303.0		101.3	90.7
202206	230L10200	3	売上高	80920000.0	72501000.0	73497344.0	100.6	101.3	90.8
202206	230L10200	4	グループ売上高	0.0	0.0	0.0	0.0	0.0	0.0
202206	230L10200	5	社内売上高	0.0	0.0	0.0	0.0	0.0	0.0
202206	230L10200	7	販売奨励金	-440000.0	-485000.0	-489041.0	0.0	0.0	0.0
202206	230L10200	8	売上原価	76050000.0	68700500.0	69090004.0	94.6	100.5	90.8
202206	230L10200	9	仕入高	10025340.0	10000000.0	10871579.0	14.8	108.7	108.4
202206	230L10200	10	グループ仕入高	24038850.0	21547500.0	19926533.0	27.2	92.4	82.8
202206	230L10200	11	社内仕入高	35600000.0	30933000.0	32417884.0	44.4	104.8	91.0
202206	230L10200	12	荷造運搬費	5011820.0	4860000.0	4616517.0	6.3	94.9	92.1
202206	230L10200	13	販売手数料	1373990.0	1360000.0	1257491.0	1.7	92.4	91.5
202206	230L10200	14	総収益	4430000.0	3315500.0	3918299.0	5.3	118.1	88.4
202206	230L10200	15	経費合計	1007300.0	850030.0	805769.0	1.1	94.7	79.9
202206	230L10200	16	経費合計（原価）	0.0	0.0	0.0	0.0	0.0	0.0
202206	230L10200	17	種苗費*	0.0	0.0	0.0	0.0	0.0	0.0
202206	230L10200	18	肥料費*	0.0	0.0	0.0	0.0	0.0	0.0
202206	230L10200	19	培土費用*	0.0	0.0	0.0	0.0	0.0	0.0
202206	230L10200	20	農薬衛生費*	0.0	0.0	0.0	0.0	0.0	0.0
202206	230L10200	21	農具費*	0.0	0.0	0.0	0.0	0.0	0.0
202206	230L10200	22	諸材料費*	0.0	0.0	0.0	0.0	0.0	0.0
202206	230L10200	23	その他仕入高*	0.0	0.0	0.0	0.0	0.0	0.0
202206	230L10200	24	減価償却費*	0.0	0.0	0.0	0.0	0.0	0.0
202206	230L10200	25	車両費*	0.0	0.0	0.0	0.0	0.0	0.0
202206	230L10200	26	水道光熱費*	0.0	0.0	0.0	0.0	0.0	0.0
202206	230L10200	27	動力費*	0.0	0.0	0.0	0.0	0.0	0.0
202206	230L10200	28	燃料費*	0.0	0.0	0.0	0.0	0.0	0.0
202206	230L10200	29	賃借料*	0.0	0.0	0.0	0.0	0.0	0.0
202206	230L10200	30	修繕費*	0.0	0.0	0.0	0.0	0.0	0.0
202206	230L10200	31	診断料*	0.0	0.0	0.0	0.0	0.0	0.0
202206	230L10200	32	租税公課*	0.0	0.0	0.0	0.0	0.0	0.0
202206	230L10200	33	業務委託費*	0.0	0.0	0.0	0.0	0.0	0.0
202206	230L10200	34	雑費*	0.0	0.0	0.0	0.0	0.0	0.0
202206	230L10200	35	雑給*	0.0	0.0	0.0	0.0	0.0	0.0
202206	230L10200	36	経費合計（販管費）	1007300.0	850030.0	805769.0	1.1	94.7	79.9
202206	230L10200	37	減価償却費	0.0	0.0	0.0	0.0	0.0	0.0
202206	230L10200	38	車両費	260030.0	250030.0	238737.0	0.3	95.4	91.8
202206	230L10200	39	旅費交通費	20000.0	40000.0	37619.0	0.0	94.0	188.0
202206	230L10200	40	通信費	11418.0	20000.0	20943.0	0.0	104.7	183.4
202206	230L10200	41	水道光熱費	0.0	0.0	0.0	0.0	0.0	0.0
202206	230L10200	42	事務用品費	1000.0	1000.0	307.0	0.0	30.7	30.7
202206	230L10200	43	消耗品費	1000.0	1000.0	3226.0	0.0	322.6	322.6
202206	230L10200	44	廃棄物処理料	0.0	0.0	0.0	0.0	0.0	0.0
202206	230L10200	45	広告宣伝費	35252.0	10000.0	1346.0	0.0	13.4	3.8
202206	230L10200	46	接待交際費	0.0	0.0	0.0	0.0	0.0	0.0
202206	230L10200	47	賃借料	107500.0	107500.0	107273.0	0.1	99.7	99.7
202206	230L10200	48	賃貸料収入	0.0	0.0	0.0	0.0	0.0	0.0
202206	230L10200	49	修繕費	0.0	0.0	0.0	0.0	0.0	0.0
202206	230L10200	50	支払リース料	0.0	0.0	0.0	0.0	0.0	0.0
202206	230L10200	51	保険料	0.0	0.0	0.0	0.0	0.0	0.0
202206	230L10200	52	支払報酬	170000.0	34400.0	26500.0	0.0	77.0	15.5
202206	230L10200	53	支払手数料	30000.0	30000.0	18508.0	0.0	61.6	61.6
202206	230L10200	54	診断料	0.0	0.0	0.0	0.0	0.0	0.0
202206	230L10200	55	諸会費	0.0	0.0	0.0	0.0	0.0	0.0
202206	230L10200	56	会議費	5000.0	5000.0	0.0	0.0	0.0	0.0
202206	230L10200	57	寄付金	0.0	0.0	0.0	0.0	0.0	0.0
202206	230L10200	58	租税公課	0.0	0.0	5000.0	0.0	0.0	0.0
202206	230L10200	59	業務委託費	0.0	0.0	0.0	0.0	0.0	0.0
202206	230L10200	60	業務受託収入	0.0	0.0	0.0	0.0	0.0	0.0
202206	230L10200	61	情報機器利用料	67800.0	67800.0	67800.0	0.0	100.0	100.0
202206	230L10200	62	貸倒金	0.0	0.0	0.0	0.0	0.0	0.0
202206	230L10200	63	雑費	68000.0	53000.0	48210.0	0.0	90.9	70.8
202206	230L10200	64	福利消耗品費	0.0	0.0	0.0	0.0	0.0	0.0
202206	230L10200	65	教育研修費	0.0	0.0	0.0	0.0	0.0	0.0
202206	230L10200	66	廃棄損	0.0	0.0	0.0	0.0	0.0	0.0
202206	230L10200	67	雑給	0.0	0.0	0.0	0.0	0.0	0.0
202206	230L10200	68	社内金利（固定資産）	0.0	0.0	0.0	0.0	0.0	0.0
202206	230L10200	69	社内金利（売掛金）	0.0	0.0	0.0	0.0	0.0	0.0
202206	230L10200	70	グループ共通	230300.0	230300.0	230300.0	0.3	100.0	100.0
202206	230L10200	71	差引収益	3422700.0	2465470.0	3112530.0	4.2	126.2	90.9
202206	230L10200	72	差引比率	4.2	3.4	4.2		123.5	100.0
202206	230L10200	73	総時間	1030.0	960.0	930.25		96.9	90.3
202206	230L10200	74	定時間	920.0	880.0	850.5		96.6	92.4
202206	230L10200	75	残業時間	95.0	80.0	79.75		99.6	83.9
202206	230L10200	76	移動時間	15.0	0.0	0.0		0.0	0.0
202206	230L10200	77	当月時間当り	3323.0	2568.1	3345.9		130.2	100.6
202206	230L10200	78	人員	6.0	6.0	6.0		100.0	100.0
202207	230L10200	1	総受注高	57720000.0	62924000.0	57202075.0		90.9	99.1
202207	230L10200	2	総売上高	57720000.0	62924000.0	57202075.0		90.9	99.1
202207	230L10200	3	売上高	58110000.0	63324000.0	57556402.0	100.6	90.8	99.0
202207	230L10200	4	グループ売上高	0.0	0.0	0.0	0.0	0.0	0.0
202207	230L10200	5	社内売上高	0.0	0.0	0.0	0.0	0.0	0.0
202207	230L10200	7	販売奨励金	-390000.0	-400000.0	-354327.0	0.0	0.0	0.0
202207	230L10200	8	売上原価	54000000.0	60217400.0	53986482.0	94.3	89.6	99.9
202207	230L10200	9	仕入高	13730430.0	10237500.0	9782164.0	17.1	95.5	71.2
202207	230L10200	10	グループ仕入高	7448550.0	7811500.0	8382038.0	14.6	107.3	112.5
202207	230L10200	11	社内仕入高	28300000.0	36596000.0	31675330.0	55.3	86.5	111.9
202207	230L10200	12	荷造運搬費	3229780.0	4012400.0	2908881.0	5.0	72.4	90.0
202207	230L10200	13	販売手数料	1291240.0	1560000.0	1238069.0	2.1	79.3	95.8
202207	230L10200	14	総収益	3720000.0	2706600.0	3215593.0	5.6	118.8	86.4
202207	230L10200	15	経費合計	822300.0	981300.0	933770.0	1.6	95.1	113.5
202207	230L10200	16	経費合計（原価）	0.0	0.0	0.0	0.0	0.0	0.0
202207	230L10200	17	種苗費*	0.0	0.0	0.0	0.0	0.0	0.0
202207	230L10200	18	肥料費*	0.0	0.0	0.0	0.0	0.0	0.0
202207	230L10200	19	培土費用*	0.0	0.0	0.0	0.0	0.0	0.0
202207	230L10200	20	農薬衛生費*	0.0	0.0	0.0	0.0	0.0	0.0
202207	230L10200	21	農具費*	0.0	0.0	0.0	0.0	0.0	0.0
202207	230L10200	22	諸材料費*	0.0	0.0	0.0	0.0	0.0	0.0
202207	230L10200	23	その他仕入高*	0.0	0.0	0.0	0.0	0.0	0.0
202207	230L10200	24	減価償却費*	0.0	0.0	0.0	0.0	0.0	0.0
202207	230L10200	25	車両費*	0.0	0.0	0.0	0.0	0.0	0.0
202207	230L10200	26	水道光熱費*	0.0	0.0	0.0	0.0	0.0	0.0
202207	230L10200	27	動力費*	0.0	0.0	0.0	0.0	0.0	0.0
202207	230L10200	28	燃料費*	0.0	0.0	0.0	0.0	0.0	0.0
202207	230L10200	29	賃借料*	0.0	0.0	0.0	0.0	0.0	0.0
202207	230L10200	30	修繕費*	0.0	0.0	0.0	0.0	0.0	0.0
202207	230L10200	31	診断料*	0.0	0.0	0.0	0.0	0.0	0.0
202207	230L10200	32	租税公課*	0.0	0.0	0.0	0.0	0.0	0.0
202207	230L10200	33	業務委託費*	0.0	0.0	0.0	0.0	0.0	0.0
202207	230L10200	34	雑費*	0.0	0.0	0.0	0.0	0.0	0.0
202207	230L10200	35	雑給*	0.0	0.0	0.0	0.0	0.0	0.0
202207	230L10200	36	経費合計（販管費）	822300.0	981300.0	933770.0	1.6	95.1	113.5
202207	230L10200	37	減価償却費	0.0	0.0	0.0	0.0	0.0	0.0
202207	230L10200	38	車両費	250030.0	250030.0	219318.0	0.3	87.7	87.7
202207	230L10200	39	旅費交通費	30000.0	60000.0	62963.0	0.1	104.9	209.8
202207	230L10200	40	通信費	11418.0	20418.0	21234.0	0.0	103.9	185.9
202207	230L10200	41	水道光熱費	0.0	0.0	0.0	0.0	0.0	0.0
202207	230L10200	42	事務用品費	1000.0	1000.0	1994.0	0.0	199.4	199.4
202207	230L10200	43	消耗品費	1000.0	1000.0	1252.0	0.0	125.2	125.2
202207	230L10200	44	廃棄物処理料	0.0	0.0	0.0	0.0	0.0	0.0
202207	230L10200	45	広告宣伝費	8252.0	8252.0	0.0	0.0	0.0	0.0
202207	230L10200	46	接待交際費	30000.0	0.0	0.0	0.0	0.0	0.0
202207	230L10200	47	賃借料	107500.0	107500.0	107273.0	0.1	99.7	99.7
202207	230L10200	48	賃貸料収入	0.0	0.0	0.0	0.0	0.0	0.0
202207	230L10200	49	修繕費	0.0	0.0	0.0	0.0	0.0	0.0
202207	230L10200	50	支払リース料	0.0	0.0	0.0	0.0	0.0	0.0
202207	230L10200	51	保険料	0.0	0.0	0.0	0.0	0.0	0.0
202207	230L10200	52	支払報酬	0.0	150000.0	159115.0	0.2	106.0	0.0
202207	230L10200	53	支払手数料	30000.0	30000.0	15448.0	0.0	51.4	51.4
202207	230L10200	54	診断料	0.0	0.0	0.0	0.0	0.0	0.0
202207	230L10200	55	諸会費	0.0	0.0	0.0	0.0	0.0	0.0
202207	230L10200	56	会議費	5000.0	5000.0	0.0	0.0	0.0	0.0
202207	230L10200	57	寄付金	0.0	0.0	0.0	0.0	0.0	0.0
202207	230L10200	58	租税公課	0.0	0.0	0.0	0.0	0.0	0.0
202207	230L10200	59	業務委託費	0.0	0.0	0.0	0.0	0.0	0.0
202207	230L10200	60	業務受託収入	0.0	0.0	0.0	0.0	0.0	0.0
202207	230L10200	61	情報機器利用料	67800.0	67800.0	67800.0	0.1	100.0	100.0
202207	230L10200	62	貸倒金	0.0	0.0	0.0	0.0	0.0	0.0
202207	230L10200	63	雑費	50000.0	50000.0	47073.0	0.0	94.1	94.1
202207	230L10200	64	福利消耗品費	0.0	0.0	0.0	0.0	0.0	0.0
202207	230L10200	65	教育研修費	0.0	0.0	0.0	0.0	0.0	0.0
202207	230L10200	66	廃棄損	0.0	0.0	0.0	0.0	0.0	0.0
202207	230L10200	67	雑給	0.0	0.0	0.0	0.0	0.0	0.0
202207	230L10200	68	社内金利（固定資産）	0.0	0.0	0.0	0.0	0.0	0.0
202207	230L10200	69	社内金利（売掛金）	0.0	0.0	0.0	0.0	0.0	0.0
202207	230L10200	70	グループ共通	230300.0	230300.0	230300.0	0.4	100.0	100.0
202207	230L10200	71	差引収益	2897700.0	1725300.0	2281823.0	3.9	132.2	78.7
202207	230L10200	72	差引比率	5.0	2.7	3.9		144.4	78.0
202207	230L10200	73	総時間	1155.0	1070.0	937.5		87.6	81.1
202207	230L10200	74	定時間	910.0	890.0	838.5		94.2	92.1
202207	230L10200	75	残業時間	95.0	80.0	93.0		116.2	97.8
202207	230L10200	76	移動時間	150.0	100.0	6.0		6.0	4.0
202207	230L10200	77	当月時間当り	2508.8	1612.4	2433.9		150.9	97.0
202207	230L10200	78	人員	6.0	6.0	6.0		100.0	100.0
202208	230L10200	1	総受注高	46950000.0	37116000.0	33073536.0		89.1	70.4
202208	230L10200	2	総売上高	46950000.0	37166000.0	33073536.0		88.9	70.4
202208	230L10200	3	売上高	47280000.0	37516000.0	33397075.0	100.9	89.0	70.6
202208	230L10200	4	グループ売上高	0.0	0.0	0.0	0.0	0.0	0.0
202208	230L10200	5	社内売上高	0.0	0.0	0.0	0.0	0.0	0.0
202208	230L10200	7	販売奨励金	-330000.0	-350000.0	-323539.0	0.0	0.0	0.0
202208	230L10200	8	売上原価	44050000.0	35931900.0	32346156.0	97.8	90.0	73.4
202208	230L10200	9	仕入高	14553510.0	10352000.0	10853644.0	32.8	104.8	74.5
202208	230L10200	10	グループ仕入高	1479000.0	1870000.0	2220271.0	6.7	118.7	150.1
202208	230L10200	11	社内仕入高	24500000.0	20131000.0	15842022.0	47.8	78.6	64.6
202208	230L10200	12	荷造運搬費	2440850.0	2208900.0	1909958.0	5.7	86.4	78.2
202208	230L10200	13	販売手数料	1076640.0	1370000.0	1520261.0	4.5	110.9	141.2
202208	230L10200	14	総収益	2900000.0	1234100.0	727380.0	2.1	58.9	25.0
202208	230L10200	15	経費合計	874700.0	886700.0	906926.0	2.7	102.2	103.6
202208	230L10200	16	経費合計（原価）	0.0	0.0	0.0	0.0	0.0	0.0
202208	230L10200	17	種苗費*	0.0	0.0	0.0	0.0	0.0	0.0
202208	230L10200	18	肥料費*	0.0	0.0	0.0	0.0	0.0	0.0
202208	230L10200	19	培土費用*	0.0	0.0	0.0	0.0	0.0	0.0
202208	230L10200	20	農薬衛生費*	0.0	0.0	0.0	0.0	0.0	0.0
202208	230L10200	21	農具費*	0.0	0.0	0.0	0.0	0.0	0.0
202208	230L10200	22	諸材料費*	0.0	0.0	0.0	0.0	0.0	0.0
202208	230L10200	23	その他仕入高*	0.0	0.0	0.0	0.0	0.0	0.0
202208	230L10200	24	減価償却費*	0.0	0.0	0.0	0.0	0.0	0.0
202208	230L10200	25	車両費*	0.0	0.0	0.0	0.0	0.0	0.0
202208	230L10200	26	水道光熱費*	0.0	0.0	0.0	0.0	0.0	0.0
202208	230L10200	27	動力費*	0.0	0.0	0.0	0.0	0.0	0.0
202208	230L10200	28	燃料費*	0.0	0.0	0.0	0.0	0.0	0.0
202208	230L10200	29	賃借料*	0.0	0.0	0.0	0.0	0.0	0.0
202208	230L10200	30	修繕費*	0.0	0.0	0.0	0.0	0.0	0.0
202208	230L10200	31	診断料*	0.0	0.0	0.0	0.0	0.0	0.0
202208	230L10200	32	租税公課*	0.0	0.0	0.0	0.0	0.0	0.0
202208	230L10200	33	業務委託費*	0.0	0.0	0.0	0.0	0.0	0.0
202208	230L10200	34	雑費*	0.0	0.0	0.0	0.0	0.0	0.0
202208	230L10200	35	雑給*	0.0	0.0	0.0	0.0	0.0	0.0
202208	230L10200	36	経費合計（販管費）	874700.0	886700.0	906926.0	2.7	102.2	103.6
202208	230L10200	37	減価償却費	0.0	0.0	0.0	0.0	0.0	0.0
202208	230L10200	38	車両費	270030.0	260030.0	300071.0	0.9	115.3	111.1
202208	230L10200	39	旅費交通費	60000.0	65000.0	62764.0	0.1	96.5	104.6
202208	230L10200	40	通信費	11418.0	20418.0	22154.0	0.0	108.5	194.0
202208	230L10200	41	水道光熱費	0.0	0.0	0.0	0.0	0.0	0.0
202208	230L10200	42	事務用品費	1000.0	1000.0	4098.0	0.0	409.8	409.8
202208	230L10200	43	消耗品費	1000.0	1000.0	870.0	0.0	87.0	87.0
202208	230L10200	44	廃棄物処理料	0.0	0.0	0.0	0.0	0.0	0.0
202208	230L10200	45	広告宣伝費	10652.0	10652.0	6098.0	0.0	57.2	57.2
202208	230L10200	46	接待交際費	30000.0	30000.0	0.0	0.0	0.0	0.0
202208	230L10200	47	賃借料	107500.0	107500.0	107273.0	0.3	99.7	99.7
202208	230L10200	48	賃貸料収入	0.0	0.0	0.0	0.0	0.0	0.0
202208	230L10200	49	修繕費	0.0	0.0	0.0	0.0	0.0	0.0
202208	230L10200	50	支払リース料	0.0	0.0	0.0	0.0	0.0	0.0
202208	230L10200	51	保険料	0.0	0.0	0.0	0.0	0.0	0.0
202208	230L10200	52	支払報酬	0.0	0.0	0.0	0.0	0.0	0.0
202208	230L10200	53	支払手数料	30000.0	30000.0	19988.0	0.0	66.6	66.6
202208	230L10200	54	診断料	0.0	0.0	0.0	0.0	0.0	0.0
202208	230L10200	55	諸会費	0.0	0.0	0.0	0.0	0.0	0.0
202208	230L10200	56	会議費	5000.0	5000.0	0.0	0.0	0.0	0.0
202208	230L10200	57	寄付金	0.0	0.0	0.0	0.0	0.0	0.0
202208	230L10200	58	租税公課	0.0	8000.0	4006.0	0.0	50.0	0.0
202208	230L10200	59	業務委託費	0.0	0.0	0.0	0.0	0.0	0.0
202208	230L10200	60	業務受託収入	0.0	0.0	0.0	0.0	0.0	0.0
202208	230L10200	61	情報機器利用料	67800.0	67800.0	67800.0	0.2	100.0	100.0
202208	230L10200	62	貸倒金	0.0	0.0	0.0	0.0	0.0	0.0
202208	230L10200	63	雑費	50000.0	50000.0	81504.0	0.2	163.0	163.0
202208	230L10200	64	福利消耗品費	0.0	0.0	0.0	0.0	0.0	0.0
202208	230L10200	65	教育研修費	0.0	0.0	0.0	0.0	0.0	0.0
202208	230L10200	66	廃棄損	0.0	0.0	0.0	0.0	0.0	0.0
202208	230L10200	67	雑給	0.0	0.0	0.0	0.0	0.0	0.0
202208	230L10200	68	社内金利（固定資産）	0.0	0.0	0.0	0.0	0.0	0.0
202208	230L10200	69	社内金利（売掛金）	0.0	0.0	0.0	0.0	0.0	0.0
202208	230L10200	70	グループ共通	230300.0	230300.0	230300.0	0.6	100.0	100.0
202208	230L10200	71	差引収益	2025300.0	347400.0	-179546.0	0.0	0.0	0.0
202208	230L10200	72	差引比率	4.3	0.9	-0.5		0.0	0.0
202208	230L10200	73	総時間	945.0	935.0	1057.25		113.0	111.8
202208	230L10200	74	定時間	800.0	840.0	926.5		110.2	115.8
202208	230L10200	75	残業時間	70.0	70.0	110.5		157.8	157.8
202208	230L10200	76	移動時間	75.0	25.0	20.25		81.0	27.0
202208	230L10200	77	当月時間当り	2143.1	371.5	-169.8		0.0	0.0
202208	230L10200	78	人員	6.0	6.0	6.0		100.0	100.0
202209	230L10200	1	総受注高	45910000.0	31364500.0	33736208.0		107.5	73.4
202209	230L10200	2	総売上高	45910000.0	31364500.0	33736208.0		107.5	73.4
202209	230L10200	3	売上高	46210000.0	31654500.0	34015439.0	100.8	107.4	73.6
202209	230L10200	4	グループ売上高	0.0	0.0	0.0	0.0	0.0	0.0
202209	230L10200	5	社内売上高	0.0	0.0	0.0	0.0	0.0	0.0
202209	230L10200	7	販売奨励金	-300000.0	-290000.0	-279231.0	0.0	0.0	0.0
202209	230L10200	8	売上原価	43810000.0	30374900.0	32266784.0	95.6	106.2	73.6
202209	230L10200	9	仕入高	11367320.0	8480000.0	8828872.0	26.1	104.1	77.6
202209	230L10200	10	グループ仕入高	1385500.0	1915900.0	2138446.0	6.3	111.6	154.3
202209	230L10200	11	社内仕入高	27300000.0	17090000.0	18430505.0	54.6	107.8	67.5
202209	230L10200	12	荷造運搬費	2517570.0	1839000.0	1766670.0	5.2	96.0	70.1
202209	230L10200	13	販売手数料	1239610.0	1050000.0	1102291.0	3.2	104.9	88.9
202209	230L10200	14	総収益	2100000.0	989600.0	1469424.0	4.3	148.4	69.9
202209	230L10200	15	経費合計	872300.0	858798.0	777211.0	2.3	90.4	89.0
202209	230L10200	16	経費合計（原価）	0.0	0.0	0.0	0.0	0.0	0.0
202209	230L10200	17	種苗費*	0.0	0.0	0.0	0.0	0.0	0.0
202209	230L10200	18	肥料費*	0.0	0.0	0.0	0.0	0.0	0.0
202209	230L10200	19	培土費用*	0.0	0.0	0.0	0.0	0.0	0.0
202209	230L10200	20	農薬衛生費*	0.0	0.0	0.0	0.0	0.0	0.0
202209	230L10200	21	農具費*	0.0	0.0	0.0	0.0	0.0	0.0
202209	230L10200	22	諸材料費*	0.0	0.0	0.0	0.0	0.0	0.0
202209	230L10200	23	その他仕入高*	0.0	0.0	0.0	0.0	0.0	0.0
202209	230L10200	24	減価償却費*	0.0	0.0	0.0	0.0	0.0	0.0
202209	230L10200	25	車両費*	0.0	0.0	0.0	0.0	0.0	0.0
202209	230L10200	26	水道光熱費*	0.0	0.0	0.0	0.0	0.0	0.0
202209	230L10200	27	動力費*	0.0	0.0	0.0	0.0	0.0	0.0
202209	230L10200	28	燃料費*	0.0	0.0	0.0	0.0	0.0	0.0
202209	230L10200	29	賃借料*	0.0	0.0	0.0	0.0	0.0	0.0
202209	230L10200	30	修繕費*	0.0	0.0	0.0	0.0	0.0	0.0
202209	230L10200	31	診断料*	0.0	0.0	0.0	0.0	0.0	0.0
202209	230L10200	32	租税公課*	0.0	0.0	0.0	0.0	0.0	0.0
202209	230L10200	33	業務委託費*	0.0	0.0	0.0	0.0	0.0	0.0
202209	230L10200	34	雑費*	0.0	0.0	0.0	0.0	0.0	0.0
202209	230L10200	35	雑給*	0.0	0.0	0.0	0.0	0.0	0.0
202209	230L10200	36	経費合計（販管費）	872300.0	858798.0	777211.0	2.3	90.4	89.0
202209	230L10200	37	減価償却費	0.0	0.0	0.0	0.0	0.0	0.0
202209	230L10200	38	車両費	270030.0	260030.0	234239.0	0.6	90.0	86.7
202209	230L10200	39	旅費交通費	60000.0	50000.0	33526.0	0.0	67.0	55.8
202209	230L10200	40	通信費	11418.0	20418.0	19803.0	0.0	96.9	173.4
202209	230L10200	41	水道光熱費	0.0	0.0	0.0	0.0	0.0	0.0
202209	230L10200	42	事務用品費	1000.0	1000.0	2654.0	0.0	265.4	265.4
202209	230L10200	43	消耗品費	1000.0	1000.0	500.0	0.0	50.0	50.0
202209	230L10200	44	廃棄物処理料	0.0	0.0	0.0	0.0	0.0	0.0
202209	230L10200	45	広告宣伝費	2502.0	0.0	6662.0	0.0	0.0	266.2
202209	230L10200	46	接待交際費	0.0	0.0	0.0	0.0	0.0	0.0
202209	230L10200	47	賃借料	107500.0	107500.0	107273.0	0.3	99.7	99.7
202209	230L10200	48	賃貸料収入	0.0	0.0	0.0	0.0	0.0	0.0
202209	230L10200	49	修繕費	0.0	0.0	0.0	0.0	0.0	0.0
202209	230L10200	50	支払リース料	0.0	0.0	0.0	0.0	0.0	0.0
202209	230L10200	51	保険料	0.0	0.0	0.0	0.0	0.0	0.0
202209	230L10200	52	支払報酬	0.0	0.0	0.0	0.0	0.0	0.0
202209	230L10200	53	支払手数料	30000.0	30000.0	17748.0	0.0	59.1	59.1
202209	230L10200	54	診断料	0.0	0.0	0.0	0.0	0.0	0.0
202209	230L10200	55	諸会費	0.0	0.0	500.0	0.0	0.0	0.0
202209	230L10200	56	会議費	5000.0	5000.0	0.0	0.0	0.0	0.0
202209	230L10200	57	寄付金	0.0	0.0	0.0	0.0	0.0	0.0
202209	230L10200	58	租税公課	0.0	0.0	0.0	0.0	0.0	0.0
202209	230L10200	59	業務委託費	0.0	0.0	0.0	0.0	0.0	0.0
202209	230L10200	60	業務受託収入	0.0	0.0	0.0	0.0	0.0	0.0
202209	230L10200	61	情報機器利用料	67800.0	67800.0	67800.0	0.2	100.0	100.0
202209	230L10200	62	貸倒金	0.0	0.0	0.0	0.0	0.0	0.0
202209	230L10200	63	雑費	68000.0	68000.0	48156.0	0.1	70.8	70.8
202209	230L10200	64	福利消耗品費	17750.0	17750.0	3550.0	0.0	20.0	20.0
202209	230L10200	65	教育研修費	0.0	0.0	4500.0	0.0	0.0	0.0
202209	230L10200	66	廃棄損	0.0	0.0	0.0	0.0	0.0	0.0
202209	230L10200	67	雑給	0.0	0.0	0.0	0.0	0.0	0.0
202209	230L10200	68	社内金利（固定資産）	0.0	0.0	0.0	0.0	0.0	0.0
202209	230L10200	69	社内金利（売掛金）	0.0	0.0	0.0	0.0	0.0	0.0
202209	230L10200	70	グループ共通	230300.0	230300.0	230300.0	0.6	100.0	100.0
202209	230L10200	71	差引収益	1227700.0	130802.0	692213.0	2.0	529.2	56.3
202209	230L10200	72	差引比率	2.6	0.4	2.0		500.0	76.9
202209	230L10200	73	総時間	885.0	960.0	896.0		93.3	101.2
202209	230L10200	74	定時間	800.0	880.0	829.5		94.2	103.6
202209	230L10200	75	残業時間	70.0	80.0	66.5		83.1	95.0
202209	230L10200	76	移動時間	15.0	0.0	0.0		0.0	0.0
202209	230L10200	77	当月時間当り	1387.2	136.2	772.5		567.1	55.6
202209	230L10200	78	人員	6.0	6.0	6.0		100.0	100.0
202210	230L10200	1	総受注高	40410000.0	36888000.0	35248652.0		95.5	87.2
202210	230L10200	2	総売上高	40410000.0	36888000.0	35248652.0		95.5	87.2
202210	230L10200	3	売上高	40820000.0	37193000.0	35541792.0	100.8	95.5	87.0
202210	230L10200	4	グループ売上高	0.0	0.0	0.0	0.0	0.0	0.0
202210	230L10200	5	社内売上高	0.0	0.0	0.0	0.0	0.0	0.0
202210	230L10200	7	販売奨励金	-410000.0	-305000.0	-293140.0	0.0	0.0	0.0
202210	230L10200	8	売上原価	38880000.0	35136600.0	33443601.0	94.8	95.1	86.0
202210	230L10200	9	仕入高	9099700.0	6786000.0	6746596.0	19.1	99.4	74.1
202210	230L10200	10	グループ仕入高	3633750.0	4471000.0	2880415.0	8.1	64.4	79.2
202210	230L10200	11	社内仕入高	22700000.0	20918000.0	21001536.0	59.5	100.3	92.5
202210	230L10200	12	荷造運搬費	2300660.0	1811600.0	1794905.0	5.0	99.0	78.0
202210	230L10200	13	販売手数料	1145890.0	1150000.0	1020149.0	2.8	88.7	89.0
202210	230L10200	14	総収益	1530000.0	1751400.0	1805051.0	5.1	103.0	117.9
202210	230L10200	15	経費合計	857300.0	769018.0	723124.0	2.0	94.0	84.3
202210	230L10200	16	経費合計（原価）	0.0	0.0	0.0	0.0	0.0	0.0
202210	230L10200	17	種苗費*	0.0	0.0	0.0	0.0	0.0	0.0
202210	230L10200	18	肥料費*	0.0	0.0	0.0	0.0	0.0	0.0
202210	230L10200	19	培土費用*	0.0	0.0	0.0	0.0	0.0	0.0
202210	230L10200	20	農薬衛生費*	0.0	0.0	0.0	0.0	0.0	0.0
202210	230L10200	21	農具費*	0.0	0.0	0.0	0.0	0.0	0.0
202210	230L10200	22	諸材料費*	0.0	0.0	0.0	0.0	0.0	0.0
202210	230L10200	23	その他仕入高*	0.0	0.0	0.0	0.0	0.0	0.0
202210	230L10200	24	減価償却費*	0.0	0.0	0.0	0.0	0.0	0.0
202210	230L10200	25	車両費*	0.0	0.0	0.0	0.0	0.0	0.0
202210	230L10200	26	水道光熱費*	0.0	0.0	0.0	0.0	0.0	0.0
202210	230L10200	27	動力費*	0.0	0.0	0.0	0.0	0.0	0.0
202210	230L10200	28	燃料費*	0.0	0.0	0.0	0.0	0.0	0.0
202210	230L10200	29	賃借料*	0.0	0.0	0.0	0.0	0.0	0.0
202210	230L10200	30	修繕費*	0.0	0.0	0.0	0.0	0.0	0.0
202210	230L10200	31	診断料*	0.0	0.0	0.0	0.0	0.0	0.0
202210	230L10200	32	租税公課*	0.0	0.0	0.0	0.0	0.0	0.0
202210	230L10200	33	業務委託費*	0.0	0.0	0.0	0.0	0.0	0.0
202210	230L10200	34	雑費*	0.0	0.0	0.0	0.0	0.0	0.0
202210	230L10200	35	雑給*	0.0	0.0	0.0	0.0	0.0	0.0
202210	230L10200	36	経費合計（販管費）	857300.0	769018.0	723124.0	2.0	94.0	84.3
202210	230L10200	37	減価償却費	0.0	0.0	0.0	0.0	0.0	0.0
202210	230L10200	38	車両費	250030.0	195000.0	157690.0	0.4	80.8	63.0
202210	230L10200	39	旅費交通費	50000.0	45000.0	40264.0	0.1	89.4	80.5
202210	230L10200	40	通信費	11418.0	20418.0	21079.0	0.0	103.2	184.6
202210	230L10200	41	水道光熱費	0.0	0.0	0.0	0.0	0.0	0.0
202210	230L10200	42	事務用品費	1000.0	1000.0	7213.0	0.0	721.3	721.3
202210	230L10200	43	消耗品費	1000.0	1000.0	0.0	0.0	0.0	0.0
202210	230L10200	44	廃棄物処理料	0.0	0.0	0.0	0.0	0.0	0.0
202210	230L10200	45	広告宣伝費	23252.0	18000.0	12406.0	0.0	68.9	53.3
202210	230L10200	46	接待交際費	30000.0	0.0	12180.0	0.0	0.0	40.6
202210	230L10200	47	賃借料	107500.0	107500.0	107273.0	0.3	99.7	99.7
202210	230L10200	48	賃貸料収入	0.0	0.0	0.0	0.0	0.0	0.0
202210	230L10200	49	修繕費	0.0	0.0	0.0	0.0	0.0	0.0
202210	230L10200	50	支払リース料	0.0	0.0	0.0	0.0	0.0	0.0
202210	230L10200	51	保険料	0.0	0.0	0.0	0.0	0.0	0.0
202210	230L10200	52	支払報酬	0.0	0.0	0.0	0.0	0.0	0.0
202210	230L10200	53	支払手数料	30000.0	30000.0	17774.0	0.0	59.2	59.2
202210	230L10200	54	診断料	0.0	0.0	0.0	0.0	0.0	0.0
202210	230L10200	55	諸会費	0.0	0.0	0.0	0.0	0.0	0.0
202210	230L10200	56	会議費	5000.0	3000.0	2260.0	0.0	75.3	45.2
202210	230L10200	57	寄付金	0.0	0.0	0.0	0.0	0.0	0.0
202210	230L10200	58	租税公課	0.0	0.0	0.0	0.0	0.0	0.0
202210	230L10200	59	業務委託費	0.0	0.0	0.0	0.0	0.0	0.0
202210	230L10200	60	業務受託収入	0.0	0.0	0.0	0.0	0.0	0.0
202210	230L10200	61	情報機器利用料	67800.0	67800.0	67800.0	0.1	100.0	100.0
202210	230L10200	62	貸倒金	0.0	0.0	0.0	0.0	0.0	0.0
202210	230L10200	63	雑費	50000.0	50000.0	43655.0	0.1	87.3	87.3
202210	230L10200	64	福利消耗品費	0.0	0.0	3230.0	0.0	0.0	0.0
202210	230L10200	65	教育研修費	0.0	0.0	0.0	0.0	0.0	0.0
202210	230L10200	66	廃棄損	0.0	0.0	0.0	0.0	0.0	0.0
202210	230L10200	67	雑給	0.0	0.0	0.0	0.0	0.0	0.0
202210	230L10200	68	社内金利（固定資産）	0.0	0.0	0.0	0.0	0.0	0.0
202210	230L10200	69	社内金利（売掛金）	0.0	0.0	0.0	0.0	0.0	0.0
202210	230L10200	70	グループ共通	230300.0	230300.0	230300.0	0.6	100.0	100.0
202210	230L10200	71	差引収益	672700.0	982382.0	1081927.0	3.0	110.1	160.8
202210	230L10200	72	差引比率	1.6	2.6	3.0		115.3	187.5
202210	230L10200	73	総時間	885.0	910.0	879.5		96.6	99.3
202210	230L10200	74	定時間	800.0	840.0	798.0		95.0	99.7
202210	230L10200	75	残業時間	70.0	70.0	81.5		116.4	116.4
202210	230L10200	76	移動時間	15.0	0.0	0.0		0.0	0.0
202210	230L10200	77	当月時間当り	760.1	1079.5	1230.1		113.9	161.8
202210	230L10200	78	人員	6.0	6.0	5.0		83.3	83.3
202211	230L10200	1	総受注高	65310000.0	64703590.0	58640237.0		90.6	89.7
202211	230L10200	2	総売上高	65310000.0	64703590.0	58640237.0		90.6	89.7
202211	230L10200	3	売上高	65860000.0	65023590.0	58950928.0	100.5	90.6	89.5
202211	230L10200	4	グループ売上高	0.0	0.0	0.0	0.0	0.0	0.0
202211	230L10200	5	社内売上高	0.0	0.0	0.0	0.0	0.0	0.0
202211	230L10200	7	販売奨励金	-550000.0	-320000.0	-310691.0	0.0	0.0	0.0
202211	230L10200	8	売上原価	61920000.0	61033200.0	55631874.0	94.8	91.1	89.8
202211	230L10200	9	仕入高	8020004.0	5400000.0	4988972.0	8.5	92.3	62.2
202211	230L10200	10	グループ仕入高	22826750.0	17384200.0	12405301.0	21.1	71.3	54.3
202211	230L10200	11	社内仕入高	25800000.0	33459000.0	33702391.0	57.4	100.7	130.6
202211	230L10200	12	荷造運搬費	3743256.0	3400000.0	3191355.0	5.4	93.8	85.2
202211	230L10200	13	販売手数料	1529990.0	1390000.0	1343855.0	2.2	96.6	87.8
202211	230L10200	14	総収益	3390000.0	3670390.0	3008363.0	5.1	81.9	88.7
202211	230L10200	15	経費合計	787300.0	738000.0	703799.0	1.2	95.3	89.3
202211	230L10200	16	経費合計（原価）	0.0	0.0	0.0	0.0	0.0	0.0
202211	230L10200	17	種苗費*	0.0	0.0	0.0	0.0	0.0	0.0
202211	230L10200	18	肥料費*	0.0	0.0	0.0	0.0	0.0	0.0
202211	230L10200	19	培土費用*	0.0	0.0	0.0	0.0	0.0	0.0
202211	230L10200	20	農薬衛生費*	0.0	0.0	0.0	0.0	0.0	0.0
202211	230L10200	21	農具費*	0.0	0.0	0.0	0.0	0.0	0.0
202211	230L10200	22	諸材料費*	0.0	0.0	0.0	0.0	0.0	0.0
202211	230L10200	23	その他仕入高*	0.0	0.0	0.0	0.0	0.0	0.0
202211	230L10200	24	減価償却費*	0.0	0.0	0.0	0.0	0.0	0.0
202211	230L10200	25	車両費*	0.0	0.0	0.0	0.0	0.0	0.0
202211	230L10200	26	水道光熱費*	0.0	0.0	0.0	0.0	0.0	0.0
202211	230L10200	27	動力費*	0.0	0.0	0.0	0.0	0.0	0.0
202211	230L10200	28	燃料費*	0.0	0.0	0.0	0.0	0.0	0.0
202211	230L10200	29	賃借料*	0.0	0.0	0.0	0.0	0.0	0.0
202211	230L10200	30	修繕費*	0.0	0.0	0.0	0.0	0.0	0.0
202211	230L10200	31	診断料*	0.0	0.0	0.0	0.0	0.0	0.0
202211	230L10200	32	租税公課*	0.0	0.0	0.0	0.0	0.0	0.0
202211	230L10200	33	業務委託費*	0.0	0.0	0.0	0.0	0.0	0.0
202211	230L10200	34	雑費*	0.0	0.0	0.0	0.0	0.0	0.0
202211	230L10200	35	雑給*	0.0	0.0	0.0	0.0	0.0	0.0
202211	230L10200	36	経費合計（販管費）	787300.0	738000.0	703799.0	1.2	95.3	89.3
202211	230L10200	37	減価償却費	0.0	0.0	0.0	0.0	0.0	0.0
202211	230L10200	38	車両費	250030.0	187730.0	155510.0	0.2	82.8	62.1
202211	230L10200	39	旅費交通費	30000.0	30000.0	46582.0	0.0	155.2	155.2
202211	230L10200	40	通信費	11418.0	20418.0	19576.0	0.0	95.8	171.4
202211	230L10200	41	水道光熱費	0.0	0.0	0.0	0.0	0.0	0.0
202211	230L10200	42	事務用品費	1000.0	1000.0	5084.0	0.0	508.4	508.4
202211	230L10200	43	消耗品費	1000.0	1000.0	0.0	0.0	0.0	0.0
202211	230L10200	44	廃棄物処理料	0.0	0.0	0.0	0.0	0.0	0.0
202211	230L10200	45	広告宣伝費	3252.0	3252.0	450.0	0.0	13.8	13.8
202211	230L10200	46	接待交際費	0.0	0.0	0.0	0.0	0.0	0.0
202211	230L10200	47	賃借料	107500.0	107500.0	107273.0	0.1	99.7	99.7
202211	230L10200	48	賃貸料収入	0.0	0.0	0.0	0.0	0.0	0.0
202211	230L10200	49	修繕費	0.0	0.0	0.0	0.0	0.0	0.0
202211	230L10200	50	支払リース料	0.0	0.0	0.0	0.0	0.0	0.0
202211	230L10200	51	保険料	0.0	0.0	0.0	0.0	0.0	0.0
202211	230L10200	52	支払報酬	0.0	0.0	0.0	0.0	0.0	0.0
202211	230L10200	53	支払手数料	30000.0	30000.0	18684.0	0.0	62.2	62.2
202211	230L10200	54	診断料	0.0	0.0	0.0	0.0	0.0	0.0
202211	230L10200	55	諸会費	0.0	0.0	0.0	0.0	0.0	0.0
202211	230L10200	56	会議費	5000.0	5000.0	2300.0	0.0	46.0	46.0
202211	230L10200	57	寄付金	0.0	0.0	0.0	0.0	0.0	0.0
202211	230L10200	58	租税公課	0.0	0.0	0.0	0.0	0.0	0.0
202211	230L10200	59	業務委託費	0.0	0.0	0.0	0.0	0.0	0.0
202211	230L10200	60	業務受託収入	0.0	0.0	0.0	0.0	0.0	0.0
202211	230L10200	61	情報機器利用料	67800.0	67800.0	67800.0	0.1	100.0	100.0
202211	230L10200	62	貸倒金	0.0	0.0	0.0	0.0	0.0	0.0
202211	230L10200	63	雑費	50000.0	54000.0	50240.0	0.0	93.0	100.4
202211	230L10200	64	福利消耗品費	0.0	0.0	0.0	0.0	0.0	0.0
202211	230L10200	65	教育研修費	0.0	0.0	0.0	0.0	0.0	0.0
202211	230L10200	66	廃棄損	0.0	0.0	0.0	0.0	0.0	0.0
202211	230L10200	67	雑給	0.0	0.0	0.0	0.0	0.0	0.0
202211	230L10200	68	社内金利（固定資産）	0.0	0.0	0.0	0.0	0.0	0.0
202211	230L10200	69	社内金利（売掛金）	0.0	0.0	0.0	0.0	0.0	0.0
202211	230L10200	70	グループ共通	230300.0	230300.0	230300.0	0.3	100.0	100.0
202211	230L10200	71	差引収益	2602700.0	2932390.0	2304564.0	3.9	78.5	88.5
202211	230L10200	72	差引比率	3.9	4.5	3.9		86.6	100.0
202211	230L10200	73	総時間	1030.0	930.0	918.5		98.7	89.1
202211	230L10200	74	定時間	920.0	840.0	812.5		96.7	88.3
202211	230L10200	75	残業時間	95.0	90.0	107.5		119.4	113.1
202211	230L10200	76	移動時間	15.0	0.0	-1.5		0.0	0.0
202211	230L10200	77	当月時間当り	2526.8	3153.1	2509.0		79.5	99.2
202211	230L10200	78	人員	6.0	6.0	5.0		83.3	83.3
202212	230L10200	1	総受注高	80980000.0	69091000.0	69441824.0		100.5	85.7
202212	230L10200	2	総売上高	80980000.0	69091000.0	69441824.0		100.5	85.7
202212	230L10200	3	売上高	81580000.0	69534000.0	69869278.0	100.6	100.4	85.6
202212	230L10200	4	グループ売上高	0.0	0.0	0.0	0.0	0.0	0.0
202212	230L10200	5	社内売上高	0.0	0.0	0.0	0.0	0.0	0.0
202212	230L10200	7	販売奨励金	-600000.0	-443000.0	-427454.0	0.0	0.0	0.0
202212	230L10200	8	売上原価	76270000.0	64787000.0	65726097.0	94.6	101.4	86.1
202212	230L10200	9	仕入高	9469200.0	5961000.0	6466514.0	9.3	108.4	68.2
202212	230L10200	10	グループ仕入高	26627100.0	22644000.0	22361056.0	32.2	98.7	83.9
202212	230L10200	11	社内仕入高	33900000.0	31182000.0	31522988.0	45.3	101.0	92.9
202212	230L10200	12	荷造運搬費	4541010.0	3400000.0	3949671.0	5.6	116.1	86.9
202212	230L10200	13	販売手数料	1732690.0	1600000.0	1425868.0	2.0	89.1	82.2
202212	230L10200	14	総収益	4710000.0	4304000.0	3715727.0	5.3	86.3	78.8
202212	230L10200	15	経費合計	852300.0	820200.0	773870.0	1.1	94.3	90.7
202212	230L10200	16	経費合計（原価）	0.0	0.0	0.0	0.0	0.0	0.0
202212	230L10200	17	種苗費*	0.0	0.0	0.0	0.0	0.0	0.0
202212	230L10200	18	肥料費*	0.0	0.0	0.0	0.0	0.0	0.0
202212	230L10200	19	培土費用*	0.0	0.0	0.0	0.0	0.0	0.0
202212	230L10200	20	農薬衛生費*	0.0	0.0	0.0	0.0	0.0	0.0
202212	230L10200	21	農具費*	0.0	0.0	0.0	0.0	0.0	0.0
202212	230L10200	22	諸材料費*	0.0	0.0	0.0	0.0	0.0	0.0
202212	230L10200	23	その他仕入高*	0.0	0.0	0.0	0.0	0.0	0.0
202212	230L10200	24	減価償却費*	0.0	0.0	0.0	0.0	0.0	0.0
202212	230L10200	25	車両費*	0.0	0.0	0.0	0.0	0.0	0.0
202212	230L10200	26	水道光熱費*	0.0	0.0	0.0	0.0	0.0	0.0
202212	230L10200	27	動力費*	0.0	0.0	0.0	0.0	0.0	0.0
202212	230L10200	28	燃料費*	0.0	0.0	0.0	0.0	0.0	0.0
202212	230L10200	29	賃借料*	0.0	0.0	0.0	0.0	0.0	0.0
202212	230L10200	30	修繕費*	0.0	0.0	0.0	0.0	0.0	0.0
202212	230L10200	31	診断料*	0.0	0.0	0.0	0.0	0.0	0.0
202212	230L10200	32	租税公課*	0.0	0.0	0.0	0.0	0.0	0.0
202212	230L10200	33	業務委託費*	0.0	0.0	0.0	0.0	0.0	0.0
202212	230L10200	34	雑費*	0.0	0.0	0.0	0.0	0.0	0.0
202212	230L10200	35	雑給*	0.0	0.0	0.0	0.0	0.0	0.0
202212	230L10200	36	経費合計（販管費）	852300.0	820200.0	773870.0	1.1	94.3	90.7
202212	230L10200	37	減価償却費	0.0	0.0	0.0	0.0	0.0	0.0
202212	230L10200	38	車両費	250030.0	208930.0	216785.0	0.3	103.7	86.7
202212	230L10200	39	旅費交通費	20000.0	20000.0	24082.0	0.0	120.4	120.4
202212	230L10200	40	通信費	11418.0	20418.0	18916.0	0.0	92.6	165.6
202212	230L10200	41	水道光熱費	0.0	0.0	0.0	0.0	0.0	0.0
202212	230L10200	42	事務用品費	1000.0	1000.0	3770.0	0.0	377.0	377.0
202212	230L10200	43	消耗品費	1000.0	1000.0	835.0	0.0	83.5	83.5
202212	230L10200	44	廃棄物処理料	0.0	0.0	0.0	0.0	0.0	0.0
202212	230L10200	45	広告宣伝費	30252.0	30252.0	910.0	0.0	3.0	3.0
202212	230L10200	46	接待交際費	30000.0	30000.0	0.0	0.0	0.0	0.0
202212	230L10200	47	賃借料	107500.0	107500.0	107273.0	0.1	99.7	99.7
202212	230L10200	48	賃貸料収入	0.0	0.0	0.0	0.0	0.0	0.0
202212	230L10200	49	修繕費	0.0	0.0	0.0	0.0	0.0	0.0
202212	230L10200	50	支払リース料	0.0	0.0	0.0	0.0	0.0	0.0
202212	230L10200	51	保険料	0.0	0.0	0.0	0.0	0.0	0.0
202212	230L10200	52	支払報酬	0.0	0.0	0.0	0.0	0.0	0.0
202212	230L10200	53	支払手数料	30000.0	30000.0	48478.0	0.0	161.5	161.5
202212	230L10200	54	診断料	0.0	0.0	0.0	0.0	0.0	0.0
202212	230L10200	55	諸会費	0.0	0.0	500.0	0.0	0.0	0.0
202212	230L10200	56	会議費	5000.0	5000.0	0.0	0.0	0.0	0.0
202212	230L10200	57	寄付金	0.0	0.0	0.0	0.0	0.0	0.0
202212	230L10200	58	租税公課	0.0	0.0	4000.0	0.0	0.0	0.0
202212	230L10200	59	業務委託費	0.0	0.0	0.0	0.0	0.0	0.0
202212	230L10200	60	業務受託収入	0.0	0.0	0.0	0.0	0.0	0.0
202212	230L10200	61	情報機器利用料	67800.0	67800.0	67800.0	0.0	100.0	100.0
202212	230L10200	62	貸倒金	0.0	0.0	0.0	0.0	0.0	0.0
202212	230L10200	63	雑費	68000.0	68000.0	50221.0	0.0	73.8	73.8
202212	230L10200	64	福利消耗品費	0.0	0.0	0.0	0.0	0.0	0.0
202212	230L10200	65	教育研修費	0.0	0.0	0.0	0.0	0.0	0.0
202212	230L10200	66	廃棄損	0.0	0.0	0.0	0.0	0.0	0.0
202212	230L10200	67	雑給	0.0	0.0	0.0	0.0	0.0	0.0
202212	230L10200	68	社内金利（固定資産）	0.0	0.0	0.0	0.0	0.0	0.0
202212	230L10200	69	社内金利（売掛金）	0.0	0.0	0.0	0.0	0.0	0.0
202212	230L10200	70	グループ共通	230300.0	230300.0	230300.0	0.3	100.0	100.0
202212	230L10200	71	差引収益	3857700.0	3483800.0	2941857.0	4.2	84.4	76.2
202212	230L10200	72	差引比率	4.7	5.0	4.2		84.0	89.3
202212	230L10200	73	総時間	1135.0	1005.0	960.25		95.5	84.6
202212	230L10200	74	定時間	920.0	840.0	822.5		97.9	89.4
202212	230L10200	75	残業時間	95.0	95.0	67.75		71.3	71.3
202212	230L10200	76	移動時間	120.0	70.0	70.0		100.0	58.3
202212	230L10200	77	当月時間当り	3398.8	3466.4	3063.6		88.3	90.1
202212	230L10200	78	人員	6.0	6.0	5.0		83.3	83.3
202301	230L10200	1	総受注高	61740000.0	51290500.0	48630459.0		94.8	78.7
202301	230L10200	2	総売上高	61740000.0	51290500.0	48630459.0		94.8	78.7
202301	230L10200	3	売上高	62340000.0	51820500.0	49147832.0	101.0	94.8	78.8
202301	230L10200	4	グループ売上高	0.0	0.0	0.0	0.0	0.0	0.0
202301	230L10200	5	社内売上高	0.0	0.0	0.0	0.0	0.0	0.0
202301	230L10200	7	販売奨励金	-600000.0	-530000.0	-517373.0	0.0	0.0	0.0
202301	230L10200	8	売上原価	58200000.0	49463950.0	47093991.0	96.8	95.2	80.9
202301	230L10200	9	仕入高	8803440.0	4060000.0	4618301.0	9.4	113.7	52.4
202301	230L10200	10	グループ仕入高	23495700.0	20116950.0	18767540.0	38.5	93.2	79.8
202301	230L10200	11	社内仕入高	21000000.0	20317000.0	18793610.0	38.6	92.5	89.4
202301	230L10200	12	荷造運搬費	3425720.0	3000000.0	2984227.0	6.1	99.4	87.1
202301	230L10200	13	販売手数料	1475140.0	1970000.0	1930313.0	3.9	97.9	130.8
202301	230L10200	14	総収益	3540000.0	1826550.0	1536468.0	3.1	84.1	43.4
202301	230L10200	15	経費合計	777300.0	753948.0	768239.0	1.5	101.8	98.8
202301	230L10200	16	経費合計（原価）	0.0	0.0	0.0	0.0	0.0	0.0
202301	230L10200	17	種苗費*	0.0	0.0	0.0	0.0	0.0	0.0
202301	230L10200	18	肥料費*	0.0	0.0	0.0	0.0	0.0	0.0
202301	230L10200	19	培土費用*	0.0	0.0	0.0	0.0	0.0	0.0
202301	230L10200	20	農薬衛生費*	0.0	0.0	0.0	0.0	0.0	0.0
202301	230L10200	21	農具費*	0.0	0.0	0.0	0.0	0.0	0.0
202301	230L10200	22	諸材料費*	0.0	0.0	0.0	0.0	0.0	0.0
202301	230L10200	23	その他仕入高*	0.0	0.0	0.0	0.0	0.0	0.0
202301	230L10200	24	減価償却費*	0.0	0.0	0.0	0.0	0.0	0.0
202301	230L10200	25	車両費*	0.0	0.0	0.0	0.0	0.0	0.0
202301	230L10200	26	水道光熱費*	0.0	0.0	0.0	0.0	0.0	0.0
202301	230L10200	27	動力費*	0.0	0.0	0.0	0.0	0.0	0.0
202301	230L10200	28	燃料費*	0.0	0.0	0.0	0.0	0.0	0.0
202301	230L10200	29	賃借料*	0.0	0.0	0.0	0.0	0.0	0.0
202301	230L10200	30	修繕費*	0.0	0.0	0.0	0.0	0.0	0.0
202301	230L10200	31	診断料*	0.0	0.0	0.0	0.0	0.0	0.0
202301	230L10200	32	租税公課*	0.0	0.0	0.0	0.0	0.0	0.0
202301	230L10200	33	業務委託費*	0.0	0.0	0.0	0.0	0.0	0.0
202301	230L10200	34	雑費*	0.0	0.0	0.0	0.0	0.0	0.0
202301	230L10200	35	雑給*	0.0	0.0	0.0	0.0	0.0	0.0
202301	230L10200	36	経費合計（販管費）	777300.0	753948.0	768239.0	1.5	101.8	98.8
202301	230L10200	37	減価償却費	0.0	0.0	0.0	0.0	0.0	0.0
202301	230L10200	38	車両費	250030.0	198930.0	204940.0	0.4	103.0	81.9
202301	230L10200	39	旅費交通費	20000.0	40000.0	47224.0	0.0	118.0	236.1
202301	230L10200	40	通信費	11418.0	20418.0	17005.0	0.0	83.2	148.9
202301	230L10200	41	水道光熱費	0.0	0.0	0.0	0.0	0.0	0.0
202301	230L10200	42	事務用品費	1000.0	1000.0	58.0	0.0	5.8	5.8
202301	230L10200	43	消耗品費	1000.0	1000.0	0.0	0.0	0.0	0.0
202301	230L10200	44	廃棄物処理料	0.0	0.0	0.0	0.0	0.0	0.0
202301	230L10200	45	広告宣伝費	3252.0	2000.0	0.0	0.0	0.0	0.0
202301	230L10200	46	接待交際費	0.0	0.0	0.0	0.0	0.0	0.0
202301	230L10200	47	賃借料	107500.0	107500.0	107273.0	0.2	99.7	99.7
202301	230L10200	48	賃貸料収入	0.0	0.0	0.0	0.0	0.0	0.0
202301	230L10200	49	修繕費	0.0	0.0	0.0	0.0	0.0	0.0
202301	230L10200	50	支払リース料	0.0	0.0	0.0	0.0	0.0	0.0
202301	230L10200	51	保険料	0.0	0.0	0.0	0.0	0.0	0.0
202301	230L10200	52	支払報酬	0.0	0.0	0.0	0.0	0.0	0.0
202301	230L10200	53	支払手数料	30000.0	30000.0	25298.0	0.0	84.3	84.3
202301	230L10200	54	診断料	0.0	0.0	0.0	0.0	0.0	0.0
202301	230L10200	55	諸会費	0.0	0.0	0.0	0.0	0.0	0.0
202301	230L10200	56	会議費	5000.0	5000.0	0.0	0.0	0.0	0.0
202301	230L10200	57	寄付金	0.0	0.0	0.0	0.0	0.0	0.0
202301	230L10200	58	租税公課	0.0	0.0	0.0	0.0	0.0	0.0
202301	230L10200	59	業務委託費	0.0	0.0	0.0	0.0	0.0	0.0
202301	230L10200	60	業務受託収入	0.0	0.0	0.0	0.0	0.0	0.0
202301	230L10200	61	情報機器利用料	67800.0	67800.0	67800.0	0.1	100.0	100.0
202301	230L10200	62	貸倒金	0.0	0.0	0.0	0.0	0.0	0.0
202301	230L10200	63	雑費	50000.0	50000.0	68341.0	0.1	136.6	136.6
202301	230L10200	64	福利消耗品費	0.0	0.0	0.0	0.0	0.0	0.0
202301	230L10200	65	教育研修費	0.0	0.0	0.0	0.0	0.0	0.0
202301	230L10200	66	廃棄損	0.0	0.0	0.0	0.0	0.0	0.0
202301	230L10200	67	雑給	0.0	0.0	0.0	0.0	0.0	0.0
202301	230L10200	68	社内金利（固定資産）	0.0	0.0	0.0	0.0	0.0	0.0
202301	230L10200	69	社内金利（売掛金）	0.0	0.0	0.0	0.0	0.0	0.0
202301	230L10200	70	グループ共通	230300.0	230300.0	230300.0	0.4	100.0	100.0
202301	230L10200	71	差引収益	2762700.0	1072602.0	768229.0	1.5	71.6	27.8
202301	230L10200	72	差引比率	4.4	2.0	1.5		75.0	34.0
202301	230L10200	73	総時間	990.0	860.0	880.0		102.3	88.8
202301	230L10200	74	定時間	820.0	740.0	764.75		103.3	93.2
202301	230L10200	75	残業時間	70.0	70.0	67.75		96.7	96.7
202301	230L10200	76	移動時間	100.0	50.0	47.5		95.0	47.5
202301	230L10200	77	当月時間当り	2790.6	1247.2	872.9		69.9	31.2
202301	230L10200	78	人員	6.0	6.0	5.0		83.3	83.3
202302	230L10200	1	総受注高	60960000.0	48466000.0	46807350.0		96.5	76.7
202302	230L10200	2	総売上高	60960000.0	48466000.0	46807350.0		96.5	76.7
202302	230L10200	3	売上高	61560000.0	48866000.0	47199118.0	100.8	96.5	76.6
202302	230L10200	4	グループ売上高	0.0	0.0	0.0	0.0	0.0	0.0
202302	230L10200	5	社内売上高	0.0	0.0	0.0	0.0	0.0	0.0
202302	230L10200	7	販売奨励金	-600000.0	-400000.0	-391768.0	0.0	0.0	0.0
202302	230L10200	8	売上原価	57900000.0	46160600.0	44830235.0	95.7	97.1	77.4
202302	230L10200	9	仕入高	7449970.0	4510000.0	4857666.0	10.3	107.7	65.2
202302	230L10200	10	グループ仕入高	23864600.0	18050600.0	16117267.0	34.4	89.2	67.5
202302	230L10200	11	社内仕入高	21600000.0	19430000.0	19663386.0	42.0	101.2	91.0
202302	230L10200	12	荷造運搬費	3500570.0	2920000.0	2842016.0	6.0	97.3	81.1
202302	230L10200	13	販売手数料	1484860.0	1250000.0	1349900.0	2.8	107.9	90.9
202302	230L10200	14	総収益	3060000.0	2305400.0	1977115.0	4.2	85.7	64.6
202302	230L10200	15	経費合計	857300.0	754948.0	715722.0	1.5	94.8	83.4
202302	230L10200	16	経費合計（原価）	0.0	0.0	0.0	0.0	0.0	0.0
202302	230L10200	17	種苗費*	0.0	0.0	0.0	0.0	0.0	0.0
202302	230L10200	18	肥料費*	0.0	0.0	0.0	0.0	0.0	0.0
202302	230L10200	19	培土費用*	0.0	0.0	0.0	0.0	0.0	0.0
202302	230L10200	20	農薬衛生費*	0.0	0.0	0.0	0.0	0.0	0.0
202302	230L10200	21	農具費*	0.0	0.0	0.0	0.0	0.0	0.0
202302	230L10200	22	諸材料費*	0.0	0.0	0.0	0.0	0.0	0.0
202302	230L10200	23	その他仕入高*	0.0	0.0	0.0	0.0	0.0	0.0
202302	230L10200	24	減価償却費*	0.0	0.0	0.0	0.0	0.0	0.0
202302	230L10200	25	車両費*	0.0	0.0	0.0	0.0	0.0	0.0
202302	230L10200	26	水道光熱費*	0.0	0.0	0.0	0.0	0.0	0.0
202302	230L10200	27	動力費*	0.0	0.0	0.0	0.0	0.0	0.0
202302	230L10200	28	燃料費*	0.0	0.0	0.0	0.0	0.0	0.0
202302	230L10200	29	賃借料*	0.0	0.0	0.0	0.0	0.0	0.0
202302	230L10200	30	修繕費*	0.0	0.0	0.0	0.0	0.0	0.0
202302	230L10200	31	診断料*	0.0	0.0	0.0	0.0	0.0	0.0
202302	230L10200	32	租税公課*	0.0	0.0	0.0	0.0	0.0	0.0
202302	230L10200	33	業務委託費*	0.0	0.0	0.0	0.0	0.0	0.0
202302	230L10200	34	雑費*	0.0	0.0	0.0	0.0	0.0	0.0
202302	230L10200	35	雑給*	0.0	0.0	0.0	0.0	0.0	0.0
202302	230L10200	36	経費合計（販管費）	857300.0	754948.0	715722.0	1.5	94.8	83.4
202302	230L10200	37	減価償却費	0.0	0.0	0.0	0.0	0.0	0.0
202302	230L10200	38	車両費	250030.0	198930.0	185782.0	0.3	93.3	74.3
202302	230L10200	39	旅費交通費	20000.0	30000.0	15482.0	0.0	51.6	77.4
202302	230L10200	40	通信費	11418.0	20418.0	16683.0	0.0	81.7	146.1
202302	230L10200	41	水道光熱費	0.0	0.0	0.0	0.0	0.0	0.0
202302	230L10200	42	事務用品費	1000.0	4000.0	0.0	0.0	0.0	0.0
202302	230L10200	43	消耗品費	1000.0	1000.0	0.0	0.0	0.0	0.0
202302	230L10200	44	廃棄物処理料	0.0	0.0	0.0	0.0	0.0	0.0
202302	230L10200	45	広告宣伝費	25252.0	2000.0	0.0	0.0	0.0	0.0
202302	230L10200	46	接待交際費	30000.0	0.0	0.0	0.0	0.0	0.0
202302	230L10200	47	賃借料	117500.0	107500.0	107273.0	0.2	99.7	91.2
202302	230L10200	48	賃貸料収入	0.0	0.0	0.0	0.0	0.0	0.0
202302	230L10200	49	修繕費	0.0	0.0	0.0	0.0	0.0	0.0
202302	230L10200	50	支払リース料	0.0	0.0	0.0	0.0	0.0	0.0
202302	230L10200	51	保険料	0.0	0.0	0.0	0.0	0.0	0.0
202302	230L10200	52	支払報酬	0.0	0.0	0.0	0.0	0.0	0.0
202302	230L10200	53	支払手数料	30000.0	30000.0	21748.0	0.0	72.4	72.4
202302	230L10200	54	診断料	0.0	0.0	0.0	0.0	0.0	0.0
202302	230L10200	55	諸会費	0.0	0.0	0.0	0.0	0.0	0.0
202302	230L10200	56	会議費	5000.0	5000.0	0.0	0.0	0.0	0.0
202302	230L10200	57	寄付金	0.0	0.0	0.0	0.0	0.0	0.0
202302	230L10200	58	租税公課	0.0	0.0	3.0	0.0	0.0	0.0
202302	230L10200	59	業務委託費	0.0	0.0	0.0	0.0	0.0	0.0
202302	230L10200	60	業務受託収入	0.0	0.0	0.0	0.0	0.0	0.0
202302	230L10200	61	情報機器利用料	67800.0	67800.0	67800.0	0.1	100.0	100.0
202302	230L10200	62	貸倒金	0.0	0.0	0.0	0.0	0.0	0.0
202302	230L10200	63	雑費	68000.0	58000.0	64191.0	0.1	110.6	94.3
202302	230L10200	64	福利消耗品費	0.0	0.0	6460.0	0.0	0.0	0.0
202302	230L10200	65	教育研修費	0.0	0.0	0.0	0.0	0.0	0.0
202302	230L10200	66	廃棄損	0.0	0.0	0.0	0.0	0.0	0.0
202302	230L10200	67	雑給	0.0	0.0	0.0	0.0	0.0	0.0
202302	230L10200	68	社内金利（固定資産）	0.0	0.0	0.0	0.0	0.0	0.0
202302	230L10200	69	社内金利（売掛金）	0.0	0.0	0.0	0.0	0.0	0.0
202302	230L10200	70	グループ共通	230300.0	230300.0	230300.0	0.4	100.0	100.0
202302	230L10200	71	差引収益	2202700.0	1550452.0	1261393.0	2.6	81.3	57.2
202302	230L10200	72	差引比率	3.6	3.1	2.6		83.8	72.2
202302	230L10200	73	総時間	905.0	840.0	818.5		97.4	90.4
202302	230L10200	74	定時間	820.0	740.0	740.0		100.0	90.2
202302	230L10200	75	残業時間	70.0	70.0	62.5		89.2	89.2
202302	230L10200	76	移動時間	15.0	30.0	16.0		53.3	106.6
202302	230L10200	77	当月時間当り	2433.9	1845.7	1541.1		83.4	63.3
202302	230L10200	78	人員	6.0	6.0	5.0		83.3	83.3
202303	230L10200	1	総受注高	67770000.0	60857000.0	65175386.0		107.0	96.1
202303	230L10200	2	総売上高	67770000.0	60857000.0	65175386.0		107.0	96.1
202303	230L10200	3	売上高	68380000.0	61227000.0	65527114.0	100.5	107.0	95.8
202303	230L10200	4	グループ売上高	0.0	0.0	0.0	0.0	0.0	0.0
202303	230L10200	5	社内売上高	0.0	0.0	0.0	0.0	0.0	0.0
202303	230L10200	7	販売奨励金	-610000.0	-370000.0	-351728.0	0.0	0.0	0.0
202303	230L10200	8	売上原価	64390000.0	57878000.0	62130681.0	95.3	107.3	96.4
202303	230L10200	9	仕入高	7839990.0	4700000.0	5647025.0	8.6	120.1	72.0
202303	230L10200	10	グループ仕入高	25508500.0	21267000.0	24090415.0	36.9	113.2	94.4
202303	230L10200	11	社内仕入高	25500000.0	26791000.0	26808462.0	41.1	100.0	105.1
202303	230L10200	12	荷造運搬費	3979620.0	3850000.0	4339027.0	6.6	112.7	109.0
202303	230L10200	13	販売手数料	1561890.0	1270000.0	1245752.0	1.9	98.0	79.7
202303	230L10200	14	総収益	3380000.0	2979000.0	3044705.0	4.6	102.2	90.0
202303	230L10200	15	経費合計	777300.0	764948.0	736862.0	1.1	96.3	94.7
202303	230L10200	16	経費合計（原価）	0.0	0.0	0.0	0.0	0.0	0.0
202303	230L10200	17	種苗費*	0.0	0.0	0.0	0.0	0.0	0.0
202303	230L10200	18	肥料費*	0.0	0.0	0.0	0.0	0.0	0.0
202303	230L10200	19	培土費用*	0.0	0.0	0.0	0.0	0.0	0.0
202303	230L10200	20	農薬衛生費*	0.0	0.0	0.0	0.0	0.0	0.0
202303	230L10200	21	農具費*	0.0	0.0	0.0	0.0	0.0	0.0
202303	230L10200	22	諸材料費*	0.0	0.0	0.0	0.0	0.0	0.0
202303	230L10200	23	その他仕入高*	0.0	0.0	0.0	0.0	0.0	0.0
202303	230L10200	24	減価償却費*	0.0	0.0	0.0	0.0	0.0	0.0
202303	230L10200	25	車両費*	0.0	0.0	0.0	0.0	0.0	0.0
202303	230L10200	26	水道光熱費*	0.0	0.0	0.0	0.0	0.0	0.0
202303	230L10200	27	動力費*	0.0	0.0	0.0	0.0	0.0	0.0
202303	230L10200	28	燃料費*	0.0	0.0	0.0	0.0	0.0	0.0
202303	230L10200	29	賃借料*	0.0	0.0	0.0	0.0	0.0	0.0
202303	230L10200	30	修繕費*	0.0	0.0	0.0	0.0	0.0	0.0
202303	230L10200	31	診断料*	0.0	0.0	0.0	0.0	0.0	0.0
202303	230L10200	32	租税公課*	0.0	0.0	0.0	0.0	0.0	0.0
202303	230L10200	33	業務委託費*	0.0	0.0	0.0	0.0	0.0	0.0
202303	230L10200	34	雑費*	0.0	0.0	0.0	0.0	0.0	0.0
202303	230L10200	35	雑給*	0.0	0.0	0.0	0.0	0.0	0.0
202303	230L10200	36	経費合計（販管費）	777300.0	764948.0	736862.0	1.1	96.3	94.7
202303	230L10200	37	減価償却費	0.0	0.0	0.0	0.0	0.0	0.0
202303	230L10200	38	車両費	250030.0	198930.0	168508.0	0.2	84.7	67.3
202303	230L10200	39	旅費交通費	20000.0	50000.0	44173.0	0.0	88.3	220.8
202303	230L10200	40	通信費	11418.0	20418.0	17052.0	0.0	83.5	149.3
202303	230L10200	41	水道光熱費	0.0	0.0	0.0	0.0	0.0	0.0
202303	230L10200	42	事務用品費	1000.0	1000.0	4740.0	0.0	474.0	474.0
202303	230L10200	43	消耗品費	1000.0	1000.0	0.0	0.0	0.0	0.0
202303	230L10200	44	廃棄物処理料	0.0	0.0	0.0	0.0	0.0	0.0
202303	230L10200	45	広告宣伝費	3252.0	3000.0	12364.0	0.0	412.1	380.1
202303	230L10200	46	接待交際費	0.0	0.0	0.0	0.0	0.0	0.0
202303	230L10200	47	賃借料	107500.0	107500.0	107273.0	0.1	99.7	99.7
202303	230L10200	48	賃貸料収入	0.0	0.0	0.0	0.0	0.0	0.0
202303	230L10200	49	修繕費	0.0	0.0	0.0	0.0	0.0	0.0
202303	230L10200	50	支払リース料	0.0	0.0	0.0	0.0	0.0	0.0
202303	230L10200	51	保険料	0.0	0.0	0.0	0.0	0.0	0.0
202303	230L10200	52	支払報酬	0.0	0.0	0.0	0.0	0.0	0.0
202303	230L10200	53	支払手数料	30000.0	30000.0	21788.0	0.0	72.6	72.6
202303	230L10200	54	診断料	0.0	0.0	0.0	0.0	0.0	0.0
202303	230L10200	55	諸会費	0.0	0.0	0.0	0.0	0.0	0.0
202303	230L10200	56	会議費	5000.0	5000.0	0.0	0.0	0.0	0.0
202303	230L10200	57	寄付金	0.0	0.0	0.0	0.0	0.0	0.0
202303	230L10200	58	租税公課	0.0	0.0	4000.0	0.0	0.0	0.0
202303	230L10200	59	業務委託費	0.0	0.0	0.0	0.0	0.0	0.0
202303	230L10200	60	業務受託収入	0.0	0.0	0.0	0.0	0.0	0.0
202303	230L10200	61	情報機器利用料	67800.0	67800.0	67800.0	0.1	100.0	100.0
202303	230L10200	62	貸倒金	0.0	0.0	0.0	0.0	0.0	0.0
202303	230L10200	63	雑費	50000.0	50000.0	58864.0	0.0	117.7	117.7
202303	230L10200	64	福利消耗品費	0.0	0.0	0.0	0.0	0.0	0.0
202303	230L10200	65	教育研修費	0.0	0.0	0.0	0.0	0.0	0.0
202303	230L10200	66	廃棄損	0.0	0.0	0.0	0.0	0.0	0.0
202303	230L10200	67	雑給	0.0	0.0	0.0	0.0	0.0	0.0
202303	230L10200	68	社内金利（固定資産）	0.0	0.0	0.0	0.0	0.0	0.0
202303	230L10200	69	社内金利（売掛金）	0.0	0.0	0.0	0.0	0.0	0.0
202303	230L10200	70	グループ共通	230300.0	230300.0	230300.0	0.3	100.0	100.0
202303	230L10200	71	差引収益	2602700.0	2214052.0	2307843.0	3.5	104.2	88.6
202303	230L10200	72	差引比率	3.8	3.6	3.5		97.2	92.1
202303	230L10200	73	総時間	980.0	945.0	948.25		100.3	96.7
202303	230L10200	74	定時間	870.0	850.0	875.0		102.9	100.5
202303	230L10200	75	残業時間	95.0	95.0	69.5		73.1	73.1
202303	230L10200	76	移動時間	15.0	0.0	3.75		0.0	25.0
202303	230L10200	77	当月時間当り	2655.8	2342.9	2433.7		103.8	91.6
202303	230L10200	78	人員	6.0	5.0	5.0		100.0	83.3
202304	230L10200	1	総受注高	69211800.0	70404000.0	74854389.0		106.3	108.1
202304	230L10200	2	総売上高	69211800.0	70404000.0	74854389.0		106.3	108.1
202304	230L10200	3	売上高	69655500.0	70851000.0	75293804.0	100.5	106.2	108.0
202304	230L10200	4	グループ売上高	0.0	0.0	0.0	0.0	0.0	0.0
202304	230L10200	5	社内売上高	0.0	0.0	0.0	0.0	0.0	0.0
202304	230L10200	7	販売奨励金	-443700.0	-447000.0	-439415.0	0.0	0.0	0.0
202304	230L10200	8	売上原価	65649910.0	66766286.0	69925130.0	93.4	104.7	106.5
202304	230L10200	9	仕入高	4781000.0	4781000.0	5371573.0	7.1	112.3	112.3
202304	230L10200	10	グループ仕入高	23951810.0	26286200.0	28299531.0	37.8	107.6	118.1
202304	230L10200	11	社内仕入高	31000000.0	29597086.0	30815406.0	41.1	104.1	99.4
202304	230L10200	12	荷造運搬費	4468200.0	4452000.0	3972974.0	5.3	89.2	88.9
202304	230L10200	13	販売手数料	1448900.0	1650000.0	1465646.0	1.9	88.8	101.1
202304	230L10200	14	総収益	3561890.0	3637714.0	4929259.0	6.5	135.5	138.3
202304	230L10200	15	経費合計	866190.0	877190.0	776791.0	1.0	88.5	89.6
202304	230L10200	16	経費合計（原価）	0.0	0.0	0.0	0.0	0.0	0.0
202304	230L10200	17	種苗費*	0.0	0.0	0.0	0.0	0.0	0.0
202304	230L10200	18	肥料費*	0.0	0.0	0.0	0.0	0.0	0.0
202304	230L10200	19	培土費用*	0.0	0.0	0.0	0.0	0.0	0.0
202304	230L10200	20	農薬衛生費*	0.0	0.0	0.0	0.0	0.0	0.0
202304	230L10200	21	農具費*	0.0	0.0	0.0	0.0	0.0	0.0
202304	230L10200	22	諸材料費*	0.0	0.0	0.0	0.0	0.0	0.0
202304	230L10200	23	その他仕入高*	0.0	0.0	0.0	0.0	0.0	0.0
202304	230L10200	24	減価償却費*	0.0	0.0	0.0	0.0	0.0	0.0
202304	230L10200	25	車両費*	0.0	0.0	0.0	0.0	0.0	0.0
202304	230L10200	26	水道光熱費*	0.0	0.0	0.0	0.0	0.0	0.0
202304	230L10200	27	動力費*	0.0	0.0	0.0	0.0	0.0	0.0
202304	230L10200	28	燃料費*	0.0	0.0	0.0	0.0	0.0	0.0
202304	230L10200	29	賃借料*	0.0	0.0	0.0	0.0	0.0	0.0
202304	230L10200	30	修繕費*	0.0	0.0	0.0	0.0	0.0	0.0
202304	230L10200	31	診断料*	0.0	0.0	0.0	0.0	0.0	0.0
202304	230L10200	32	租税公課*	0.0	0.0	0.0	0.0	0.0	0.0
202304	230L10200	33	業務委託費*	0.0	0.0	0.0	0.0	0.0	0.0
202304	230L10200	34	雑費*	0.0	0.0	0.0	0.0	0.0	0.0
202304	230L10200	35	雑給*	0.0	0.0	0.0	0.0	0.0	0.0
202304	230L10200	36	経費合計（販管費）	866190.0	877190.0	776791.0	1.0	88.5	89.6
202304	230L10200	37	減価償却費	0.0	0.0	0.0	0.0	0.0	0.0
202304	230L10200	38	車両費	217390.0	227390.0	233809.0	0.3	102.8	107.5
202304	230L10200	39	旅費交通費	50000.0	70000.0	77763.0	0.1	111.0	155.5
202304	230L10200	40	通信費	20000.0	20000.0	22882.0	0.0	114.4	114.4
202304	230L10200	41	水道光熱費	0.0	0.0	0.0	0.0	0.0	0.0
202304	230L10200	42	事務用品費	3000.0	3000.0	4357.0	0.0	145.2	145.2
202304	230L10200	43	消耗品費	0.0	0.0	0.0	0.0	0.0	0.0
202304	230L10200	44	廃棄物処理料	0.0	0.0	0.0	0.0	0.0	0.0
202304	230L10200	45	広告宣伝費	0.0	2000.0	0.0	0.0	0.0	0.0
202304	230L10200	46	接待交際費	30000.0	5000.0	0.0	0.0	0.0	0.0
202304	230L10200	47	賃借料	107500.0	107500.0	27273.0	0.0	25.3	25.3
202304	230L10200	48	賃貸料収入	0.0	0.0	0.0	0.0	0.0	0.0
202304	230L10200	49	修繕費	0.0	0.0	0.0	0.0	0.0	0.0
202304	230L10200	50	支払リース料	0.0	0.0	0.0	0.0	0.0	0.0
202304	230L10200	51	保険料	45000.0	45000.0	48790.0	0.0	108.4	108.4
202304	230L10200	52	支払報酬	0.0	0.0	0.0	0.0	0.0	0.0
202304	230L10200	53	支払手数料	30000.0	30000.0	20214.0	0.0	67.3	67.3
202304	230L10200	54	診断料	0.0	0.0	0.0	0.0	0.0	0.0
202304	230L10200	55	諸会費	0.0	0.0	500.0	0.0	0.0	0.0
202304	230L10200	56	会議費	5000.0	5000.0	0.0	0.0	0.0	0.0
202304	230L10200	57	寄付金	0.0	0.0	0.0	0.0	0.0	0.0
202304	230L10200	58	租税公課	0.0	4000.0	4000.0	0.0	100.0	0.0
202304	230L10200	59	業務委託費	0.0	0.0	0.0	0.0	0.0	0.0
202304	230L10200	60	業務受託収入	0.0	0.0	0.0	0.0	0.0	0.0
202304	230L10200	61	情報機器利用料	66000.0	66000.0	67300.0	0.0	101.9	101.9
202304	230L10200	62	貸倒金	0.0	0.0	0.0	0.0	0.0	0.0
202304	230L10200	63	雑費	80000.0	80000.0	57603.0	0.0	72.0	72.0
202304	230L10200	64	福利消耗品費	0.0	0.0	0.0	0.0	0.0	0.0
202304	230L10200	65	教育研修費	0.0	0.0	0.0	0.0	0.0	0.0
202304	230L10200	66	廃棄損	0.0	0.0	0.0	0.0	0.0	0.0
202304	230L10200	67	雑給	0.0	0.0	0.0	0.0	0.0	0.0
202304	230L10200	68	社内金利（固定資産）	0.0	0.0	0.0	0.0	0.0	0.0
202304	230L10200	69	社内金利（売掛金）	0.0	0.0	0.0	0.0	0.0	0.0
202304	230L10200	70	グループ共通	212300.0	212300.0	212300.0	0.2	100.0	100.0
202304	230L10200	71	差引収益	2695700.0	2760524.0	4152468.0	5.5	150.4	154.0
202304	230L10200	72	差引比率	3.8	3.9	5.5		141.0	144.7
202304	230L10200	73	総時間	908.0	908.0	873.75		96.2	96.2
202304	230L10200	74	定時間	835.0	835.0	784.0		93.8	93.8
202304	230L10200	75	残業時間	73.0	73.0	89.75		122.9	122.9
202304	230L10200	76	移動時間	0.0	0.0	0.0		0.0	0.0
202304	230L10200	77	当月時間当り	2968.8	3040.2	4752.4		156.3	160.0
202304	230L10200	78	人員	5.0	5.0	5.0		100.0	100.0
202305	230L10200	1	総受注高	71334300.0	70580000.0	70906410.0		100.4	99.4
202305	230L10200	2	総売上高	71334300.0	70580000.0	70906410.0		100.4	99.4
202305	230L10200	3	売上高	71830500.0	71098600.0	71418827.0	100.7	100.4	99.4
202305	230L10200	4	グループ売上高	0.0	0.0	0.0	0.0	0.0	0.0
202305	230L10200	5	社内売上高	0.0	0.0	0.0	0.0	0.0	0.0
202305	230L10200	7	販売奨励金	-496200.0	-518600.0	-512417.0	0.0	0.0	0.0
202305	230L10200	8	売上原価	67828780.0	67761053.0	68244194.0	96.2	100.7	100.6
202305	230L10200	9	仕入高	4519000.0	4519000.0	5889206.0	8.3	130.3	130.3
202305	230L10200	10	グループ仕入高	26971980.0	24744800.0	23854403.0	33.6	96.4	88.4
202305	230L10200	11	社内仕入高	30000000.0	31719253.0	31543978.0	44.4	99.4	105.1
202305	230L10200	12	荷造運搬費	4722500.0	4850000.0	4951058.0	6.9	102.0	104.8
202305	230L10200	13	販売手数料	1615300.0	1928000.0	2005549.0	2.8	104.0	124.1
202305	230L10200	14	総収益	3505520.0	2818947.0	2662216.0	3.7	94.4	75.9
202305	230L10200	15	経費合計	881190.0	1001190.0	905586.0	1.2	90.4	102.7
202305	230L10200	16	経費合計（原価）	0.0	0.0	0.0	0.0	0.0	0.0
202305	230L10200	17	種苗費*	0.0	0.0	0.0	0.0	0.0	0.0
202305	230L10200	18	肥料費*	0.0	0.0	0.0	0.0	0.0	0.0
202305	230L10200	19	培土費用*	0.0	0.0	0.0	0.0	0.0	0.0
202305	230L10200	20	農薬衛生費*	0.0	0.0	0.0	0.0	0.0	0.0
202305	230L10200	21	農具費*	0.0	0.0	0.0	0.0	0.0	0.0
202305	230L10200	22	諸材料費*	0.0	0.0	0.0	0.0	0.0	0.0
202305	230L10200	23	その他仕入高*	0.0	0.0	0.0	0.0	0.0	0.0
202305	230L10200	24	減価償却費*	0.0	0.0	0.0	0.0	0.0	0.0
202305	230L10200	25	車両費*	0.0	0.0	0.0	0.0	0.0	0.0
202305	230L10200	26	水道光熱費*	0.0	0.0	0.0	0.0	0.0	0.0
202305	230L10200	27	動力費*	0.0	0.0	0.0	0.0	0.0	0.0
202305	230L10200	28	燃料費*	0.0	0.0	0.0	0.0	0.0	0.0
202305	230L10200	29	賃借料*	0.0	0.0	0.0	0.0	0.0	0.0
202305	230L10200	30	修繕費*	0.0	0.0	0.0	0.0	0.0	0.0
202305	230L10200	31	診断料*	0.0	0.0	0.0	0.0	0.0	0.0
202305	230L10200	32	租税公課*	0.0	0.0	0.0	0.0	0.0	0.0
202305	230L10200	33	業務委託費*	0.0	0.0	0.0	0.0	0.0	0.0
202305	230L10200	34	雑費*	0.0	0.0	0.0	0.0	0.0	0.0
202305	230L10200	35	雑給*	0.0	0.0	0.0	0.0	0.0	0.0
202305	230L10200	36	経費合計（販管費）	881190.0	1001190.0	905586.0	1.2	90.4	102.7
202305	230L10200	37	減価償却費	0.0	0.0	0.0	0.0	0.0	0.0
202305	230L10200	38	車両費	217390.0	217390.0	212670.0	0.2	97.8	97.8
202305	230L10200	39	旅費交通費	50000.0	90000.0	74756.0	0.1	83.0	149.5
202305	230L10200	40	通信費	20000.0	20000.0	17553.0	0.0	87.7	87.7
202305	230L10200	41	水道光熱費	0.0	0.0	0.0	0.0	0.0	0.0
202305	230L10200	42	事務用品費	3000.0	3000.0	10739.0	0.0	357.9	357.9
202305	230L10200	43	消耗品費	0.0	0.0	0.0	0.0	0.0	0.0
202305	230L10200	44	廃棄物処理料	0.0	0.0	0.0	0.0	0.0	0.0
202305	230L10200	45	広告宣伝費	20000.0	20000.0	0.0	0.0	0.0	0.0
202305	230L10200	46	接待交際費	30000.0	30000.0	0.0	0.0	0.0	0.0
202305	230L10200	47	賃借料	107500.0	187500.0	187273.0	0.2	99.8	174.2
202305	230L10200	48	賃貸料収入	0.0	0.0	0.0	0.0	0.0	0.0
202305	230L10200	49	修繕費	0.0	0.0	0.0	0.0	0.0	0.0
202305	230L10200	50	支払リース料	0.0	0.0	0.0	0.0	0.0	0.0
202305	230L10200	51	保険料	0.0	0.0	0.0	0.0	0.0	0.0
202305	230L10200	52	支払報酬	0.0	0.0	0.0	0.0	0.0	0.0
202305	230L10200	53	支払手数料	30000.0	30000.0	26838.0	0.0	89.4	89.4
202305	230L10200	54	診断料	0.0	0.0	0.0	0.0	0.0	0.0
202305	230L10200	55	諸会費	0.0	0.0	2000.0	0.0	0.0	0.0
202305	230L10200	56	会議費	5000.0	5000.0	0.0	0.0	0.0	0.0
202305	230L10200	57	寄付金	0.0	0.0	0.0	0.0	0.0	0.0
202305	230L10200	58	租税公課	0.0	0.0	0.0	0.0	0.0	0.0
202305	230L10200	59	業務委託費	0.0	0.0	0.0	0.0	0.0	0.0
202305	230L10200	60	業務受託収入	0.0	0.0	0.0	0.0	0.0	0.0
202305	230L10200	61	情報機器利用料	66000.0	66000.0	67300.0	0.0	101.9	101.9
202305	230L10200	62	貸倒金	0.0	0.0	0.0	0.0	0.0	0.0
202305	230L10200	63	雑費	80000.0	80000.0	75937.0	0.1	94.9	94.9
202305	230L10200	64	福利消耗品費	40000.0	40000.0	18220.0	0.0	45.5	45.5
202305	230L10200	65	教育研修費	0.0	0.0	0.0	0.0	0.0	0.0
202305	230L10200	66	廃棄損	0.0	0.0	0.0	0.0	0.0	0.0
202305	230L10200	67	雑給	0.0	0.0	0.0	0.0	0.0	0.0
202305	230L10200	68	社内金利（固定資産）	0.0	0.0	0.0	0.0	0.0	0.0
202305	230L10200	69	社内金利（売掛金）	0.0	0.0	0.0	0.0	0.0	0.0
202305	230L10200	70	グループ共通	212300.0	212300.0	212300.0	0.2	100.0	100.0
202305	230L10200	71	差引収益	2624330.0	1817757.0	1756630.0	2.4	96.6	66.9
202305	230L10200	72	差引比率	3.6	2.5	2.4		96.0	66.6
202305	230L10200	73	総時間	896.0	896.0	895.5		99.9	99.9
202305	230L10200	74	定時間	814.0	814.0	794.5		97.6	97.6
202305	230L10200	75	残業時間	82.0	82.0	101.0		123.1	123.1
202305	230L10200	76	移動時間	0.0	0.0	0.0		0.0	0.0
202305	230L10200	77	当月時間当り	2928.9	2028.7	1961.6		96.6	66.9
202305	230L10200	78	人員	5.0	5.0	5.0		100.0	100.0
202306	230L10200	1	総受注高	73043800.0	74015800.0	68131203.0		92.0	93.2
202306	230L10200	2	総売上高	73043800.0	74015800.0	68131203.0		92.0	93.2
202306	230L10200	3	売上高	73526500.0	74595800.0	68698950.0	100.8	92.0	93.4
202306	230L10200	4	グループ売上高	0.0	0.0	0.0	0.0	0.0	0.0
202306	230L10200	5	社内売上高	0.0	0.0	0.0	0.0	0.0	0.0
202306	230L10200	7	販売奨励金	-482700.0	-580000.0	-567747.0	0.0	0.0	0.0
202306	230L10200	8	売上原価	69278590.0	70909504.0	65944397.0	96.7	92.9	95.1
202306	230L10200	9	仕入高	4519000.0	4674000.0	5194025.0	7.6	111.1	114.9
202306	230L10200	10	グループ仕入高	25555790.0	23312320.0	20165082.0	29.5	86.4	78.9
202306	230L10200	11	社内仕入高	33000000.0	36143184.0	33885062.0	49.7	93.7	102.6
202306	230L10200	12	荷造運搬費	4683800.0	4800000.0	4701502.0	6.9	97.9	100.3
202306	230L10200	13	販売手数料	1520000.0	1980000.0	1998726.0	2.9	100.9	131.4
202306	230L10200	14	総収益	3765210.0	3106296.0	2186806.0	3.2	70.3	58.0
202306	230L10200	15	経費合計	821190.0	874190.0	809957.0	1.1	92.6	98.6
202306	230L10200	16	経費合計（原価）	0.0	0.0	0.0	0.0	0.0	0.0
202306	230L10200	17	種苗費*	0.0	0.0	0.0	0.0	0.0	0.0
202306	230L10200	18	肥料費*	0.0	0.0	0.0	0.0	0.0	0.0
202306	230L10200	19	培土費用*	0.0	0.0	0.0	0.0	0.0	0.0
202306	230L10200	20	農薬衛生費*	0.0	0.0	0.0	0.0	0.0	0.0
202306	230L10200	21	農具費*	0.0	0.0	0.0	0.0	0.0	0.0
202306	230L10200	22	諸材料費*	0.0	0.0	0.0	0.0	0.0	0.0
202306	230L10200	23	その他仕入高*	0.0	0.0	0.0	0.0	0.0	0.0
202306	230L10200	24	減価償却費*	0.0	0.0	0.0	0.0	0.0	0.0
202306	230L10200	25	車両費*	0.0	0.0	0.0	0.0	0.0	0.0
202306	230L10200	26	水道光熱費*	0.0	0.0	0.0	0.0	0.0	0.0
202306	230L10200	27	動力費*	0.0	0.0	0.0	0.0	0.0	0.0
202306	230L10200	28	燃料費*	0.0	0.0	0.0	0.0	0.0	0.0
202306	230L10200	29	賃借料*	0.0	0.0	0.0	0.0	0.0	0.0
202306	230L10200	30	修繕費*	0.0	0.0	0.0	0.0	0.0	0.0
202306	230L10200	31	診断料*	0.0	0.0	0.0	0.0	0.0	0.0
202306	230L10200	32	租税公課*	0.0	0.0	0.0	0.0	0.0	0.0
202306	230L10200	33	業務委託費*	0.0	0.0	0.0	0.0	0.0	0.0
202306	230L10200	34	雑費*	0.0	0.0	0.0	0.0	0.0	0.0
202306	230L10200	35	雑給*	0.0	0.0	0.0	0.0	0.0	0.0
202306	230L10200	36	経費合計（販管費）	821190.0	874190.0	809957.0	1.1	92.6	98.6
202306	230L10200	37	減価償却費	0.0	0.0	0.0	0.0	0.0	0.0
202306	230L10200	38	車両費	217390.0	217390.0	195170.0	0.2	89.7	89.7
202306	230L10200	39	旅費交通費	50000.0	130000.0	70846.0	0.1	54.4	141.6
202306	230L10200	40	通信費	20000.0	20000.0	17783.0	0.0	88.9	88.9
202306	230L10200	41	水道光熱費	0.0	0.0	0.0	0.0	0.0	0.0
202306	230L10200	42	事務用品費	3000.0	3000.0	385.0	0.0	12.8	12.8
202306	230L10200	43	消耗品費	0.0	0.0	0.0	0.0	0.0	0.0
202306	230L10200	44	廃棄物処理料	0.0	0.0	0.0	0.0	0.0	0.0
202306	230L10200	45	広告宣伝費	0.0	0.0	0.0	0.0	0.0	0.0
202306	230L10200	46	接待交際費	30000.0	3000.0	0.0	0.0	0.0	0.0
202306	230L10200	47	賃借料	107500.0	107500.0	107273.0	0.1	99.7	99.7
202306	230L10200	48	賃貸料収入	0.0	0.0	0.0	0.0	0.0	0.0
202306	230L10200	49	修繕費	0.0	0.0	0.0	0.0	0.0	0.0
202306	230L10200	50	支払リース料	0.0	0.0	0.0	0.0	0.0	0.0
202306	230L10200	51	保険料	0.0	0.0	0.0	0.0	0.0	0.0
202306	230L10200	52	支払報酬	0.0	0.0	24000.0	0.0	0.0	0.0
202306	230L10200	53	支払手数料	30000.0	30000.0	24884.0	0.0	82.9	82.9
202306	230L10200	54	診断料	0.0	0.0	0.0	0.0	0.0	0.0
202306	230L10200	55	諸会費	0.0	0.0	0.0	0.0	0.0	0.0
202306	230L10200	56	会議費	5000.0	5000.0	0.0	0.0	0.0	0.0
202306	230L10200	57	寄付金	0.0	0.0	0.0	0.0	0.0	0.0
202306	230L10200	58	租税公課	0.0	0.0	5000.0	0.0	0.0	0.0
202306	230L10200	59	業務委託費	0.0	0.0	0.0	0.0	0.0	0.0
202306	230L10200	60	業務受託収入	0.0	0.0	0.0	0.0	0.0	0.0
202306	230L10200	61	情報機器利用料	66000.0	66000.0	67300.0	0.0	101.9	101.9
202306	230L10200	62	貸倒金	0.0	0.0	0.0	0.0	0.0	0.0
202306	230L10200	63	雑費	80000.0	80000.0	85016.0	0.1	106.2	106.2
202306	230L10200	64	福利消耗品費	0.0	0.0	0.0	0.0	0.0	0.0
202306	230L10200	65	教育研修費	0.0	0.0	0.0	0.0	0.0	0.0
202306	230L10200	66	廃棄損	0.0	0.0	0.0	0.0	0.0	0.0
202306	230L10200	67	雑給	0.0	0.0	0.0	0.0	0.0	0.0
202306	230L10200	68	社内金利（固定資産）	0.0	0.0	0.0	0.0	0.0	0.0
202306	230L10200	69	社内金利（売掛金）	0.0	0.0	0.0	0.0	0.0	0.0
202306	230L10200	70	グループ共通	212300.0	212300.0	212300.0	0.3	100.0	100.0
202306	230L10200	71	差引収益	2944020.0	2232106.0	1376849.0	2.0	61.6	46.7
202306	230L10200	72	差引比率	4.0	3.0	2.0		66.6	50.0
202306	230L10200	73	総時間	930.0	930.0	954.75		102.6	102.6
202306	230L10200	74	定時間	850.0	850.0	845.0		99.4	99.4
202306	230L10200	75	残業時間	80.0	80.0	109.75		137.1	137.1
202306	230L10200	76	移動時間	0.0	0.0	0.0		0.0	0.0
202306	230L10200	77	当月時間当り	3165.6	2400.1	1442.1		60.0	45.5
202306	230L10200	78	人員	5.0	5.0	5.0		100.0	100.0
202307	230L10200	1	総受注高	48967800.0	52804500.0	58253942.0		110.3	118.9
202307	230L10200	2	総売上高	48967800.0	52804500.0	58253942.0		110.3	118.9
202307	230L10200	3	売上高	49472500.0	53425500.0	58861245.0	101.0	110.1	118.9
202307	230L10200	4	グループ売上高	0.0	0.0	0.0	0.0	0.0	0.0
202307	230L10200	5	社内売上高	0.0	0.0	0.0	0.0	0.0	0.0
202307	230L10200	7	販売奨励金	-504700.0	-621000.0	-607303.0	0.0	0.0	0.0
202307	230L10200	8	売上原価	46466560.0	51088960.0	56179377.0	96.4	109.9	120.9
202307	230L10200	9	仕入高	7120000.0	3014380.0	3456811.0	5.9	114.6	48.5
202307	230L10200	10	グループ仕入高	8201060.0	9916300.0	9448979.0	16.2	95.2	115.2
202307	230L10200	11	社内仕入高	27000000.0	33279680.0	38052541.0	65.3	114.3	140.9
202307	230L10200	12	荷造運搬費	2593500.0	2830000.0	3203804.0	5.4	113.2	123.5
202307	230L10200	13	販売手数料	1552000.0	2048600.0	2017242.0	3.4	98.4	129.9
202307	230L10200	14	総収益	2501240.0	1715540.0	2074565.0	3.5	120.9	82.9
202307	230L10200	15	経費合計	1001190.0	1108190.0	1024609.0	1.7	92.4	102.3
202307	230L10200	16	経費合計（原価）	0.0	0.0	0.0	0.0	0.0	0.0
202307	230L10200	17	種苗費*	0.0	0.0	0.0	0.0	0.0	0.0
202307	230L10200	18	肥料費*	0.0	0.0	0.0	0.0	0.0	0.0
202307	230L10200	19	培土費用*	0.0	0.0	0.0	0.0	0.0	0.0
202307	230L10200	20	農薬衛生費*	0.0	0.0	0.0	0.0	0.0	0.0
202307	230L10200	21	農具費*	0.0	0.0	0.0	0.0	0.0	0.0
202307	230L10200	22	諸材料費*	0.0	0.0	0.0	0.0	0.0	0.0
202307	230L10200	23	その他仕入高*	0.0	0.0	0.0	0.0	0.0	0.0
202307	230L10200	24	減価償却費*	0.0	0.0	0.0	0.0	0.0	0.0
202307	230L10200	25	車両費*	0.0	0.0	0.0	0.0	0.0	0.0
202307	230L10200	26	水道光熱費*	0.0	0.0	0.0	0.0	0.0	0.0
202307	230L10200	27	動力費*	0.0	0.0	0.0	0.0	0.0	0.0
202307	230L10200	28	燃料費*	0.0	0.0	0.0	0.0	0.0	0.0
202307	230L10200	29	賃借料*	0.0	0.0	0.0	0.0	0.0	0.0
202307	230L10200	30	修繕費*	0.0	0.0	0.0	0.0	0.0	0.0
202307	230L10200	31	診断料*	0.0	0.0	0.0	0.0	0.0	0.0
202307	230L10200	32	租税公課*	0.0	0.0	0.0	0.0	0.0	0.0
202307	230L10200	33	業務委託費*	0.0	0.0	0.0	0.0	0.0	0.0
202307	230L10200	34	雑費*	0.0	0.0	0.0	0.0	0.0	0.0
202307	230L10200	35	雑給*	0.0	0.0	0.0	0.0	0.0	0.0
202307	230L10200	36	経費合計（販管費）	1001190.0	1108190.0	1024609.0	1.7	92.4	102.3
202307	230L10200	37	減価償却費	0.0	0.0	0.0	0.0	0.0	0.0
202307	230L10200	38	車両費	217390.0	237390.0	239996.0	0.4	101.0	110.3
202307	230L10200	39	旅費交通費	50000.0	150000.0	123959.0	0.2	82.6	247.9
202307	230L10200	40	通信費	20000.0	20000.0	17726.0	0.0	88.6	88.6
202307	230L10200	41	水道光熱費	0.0	0.0	0.0	0.0	0.0	0.0
202307	230L10200	42	事務用品費	3000.0	3000.0	3165.0	0.0	105.5	105.5
202307	230L10200	43	消耗品費	0.0	0.0	1373.0	0.0	0.0	0.0
202307	230L10200	44	廃棄物処理料	0.0	0.0	0.0	0.0	0.0	0.0
202307	230L10200	45	広告宣伝費	20000.0	0.0	0.0	0.0	0.0	0.0
202307	230L10200	46	接待交際費	30000.0	0.0	2728.0	0.0	0.0	9.0
202307	230L10200	47	賃借料	107500.0	107500.0	107273.0	0.1	99.7	99.7
202307	230L10200	48	賃貸料収入	0.0	0.0	0.0	0.0	0.0	0.0
202307	230L10200	49	修繕費	0.0	42000.0	0.0	0.0	0.0	0.0
202307	230L10200	50	支払リース料	0.0	0.0	0.0	0.0	0.0	0.0
202307	230L10200	51	保険料	0.0	0.0	0.0	0.0	0.0	0.0
202307	230L10200	52	支払報酬	160000.0	160000.0	156211.0	0.2	97.6	97.6
202307	230L10200	53	支払手数料	30000.0	30000.0	22984.0	0.0	76.6	76.6
202307	230L10200	54	診断料	0.0	0.0	0.0	0.0	0.0	0.0
202307	230L10200	55	諸会費	0.0	0.0	0.0	0.0	0.0	0.0
202307	230L10200	56	会議費	5000.0	0.0	1819.0	0.0	0.0	36.3
202307	230L10200	57	寄付金	0.0	0.0	0.0	0.0	0.0	0.0
202307	230L10200	58	租税公課	0.0	0.0	0.0	0.0	0.0	0.0
202307	230L10200	59	業務委託費	0.0	0.0	0.0	0.0	0.0	0.0
202307	230L10200	60	業務受託収入	0.0	0.0	-30000.0	0.0	0.0	0.0
202307	230L10200	61	情報機器利用料	66000.0	66000.0	67300.0	0.1	101.9	101.9
202307	230L10200	62	貸倒金	0.0	0.0	0.0	0.0	0.0	0.0
202307	230L10200	63	雑費	80000.0	80000.0	97775.0	0.1	122.2	122.2
202307	230L10200	64	福利消耗品費	0.0	0.0	0.0	0.0	0.0	0.0
202307	230L10200	65	教育研修費	0.0	0.0	0.0	0.0	0.0	0.0
202307	230L10200	66	廃棄損	0.0	0.0	0.0	0.0	0.0	0.0
202307	230L10200	67	雑給	0.0	0.0	0.0	0.0	0.0	0.0
202307	230L10200	68	社内金利（固定資産）	0.0	0.0	0.0	0.0	0.0	0.0
202307	230L10200	69	社内金利（売掛金）	0.0	0.0	0.0	0.0	0.0	0.0
202307	230L10200	70	グループ共通	212300.0	212300.0	212300.0	0.3	100.0	100.0
202307	230L10200	71	差引収益	1500050.0	607350.0	1049956.0	1.8	172.8	69.9
202307	230L10200	72	差引比率	3.0	1.1	1.8		163.6	60.0
202307	230L10200	73	総時間	1018.0	1008.0	933.25		92.5	91.6
202307	230L10200	74	定時間	838.0	838.0	808.75		96.5	96.5
202307	230L10200	75	残業時間	80.0	100.0	124.5		124.5	155.6
202307	230L10200	76	移動時間	100.0	70.0	0.0		0.0	0.0
202307	230L10200	77	当月時間当り	1473.5	602.5	1125.0		186.7	76.3
202307	230L10200	78	人員	5.0	5.0	5.0		100.0	100.0
202308	230L10200	1	総受注高	44090600.0	44123675.0	45616726.0		103.3	103.4
202308	230L10200	2	総売上高	44090600.0	44123675.0	45616726.0		103.3	103.4
202308	230L10200	3	売上高	44596500.0	44624675.0	46101584.0	101.0	103.3	103.3
202308	230L10200	4	グループ売上高	0.0	0.0	0.0	0.0	0.0	0.0
202308	230L10200	5	社内売上高	0.0	0.0	0.0	0.0	0.0	0.0
202308	230L10200	7	販売奨励金	-505900.0	-501000.0	-484858.0	0.0	0.0	0.0
202308	230L10200	8	売上原価	42244200.0	42550894.0	44018418.0	96.4	103.4	104.1
202308	230L10200	9	仕入高	4945000.0	4843380.0	5469570.0	11.9	112.9	110.6
202308	230L10200	10	グループ仕入高	3694100.0	5049000.0	4745547.0	10.4	93.9	128.4
202308	230L10200	11	社内仕入高	30000000.0	28773514.0	29657014.0	65.0	103.0	98.8
202308	230L10200	12	荷造運搬費	2204100.0	2300000.0	2489154.0	5.4	108.2	112.9
202308	230L10200	13	販売手数料	1401000.0	1585000.0	1657133.0	3.6	104.5	118.2
202308	230L10200	14	総収益	1846400.0	1572781.0	1598308.0	3.5	101.6	86.5
202308	230L10200	15	経費合計	841190.0	826190.0	931324.0	2.0	112.7	110.7
202308	230L10200	16	経費合計（原価）	0.0	0.0	0.0	0.0	0.0	0.0
202308	230L10200	17	種苗費*	0.0	0.0	0.0	0.0	0.0	0.0
202308	230L10200	18	肥料費*	0.0	0.0	0.0	0.0	0.0	0.0
202308	230L10200	19	培土費用*	0.0	0.0	0.0	0.0	0.0	0.0
202308	230L10200	20	農薬衛生費*	0.0	0.0	0.0	0.0	0.0	0.0
202308	230L10200	21	農具費*	0.0	0.0	0.0	0.0	0.0	0.0
202308	230L10200	22	諸材料費*	0.0	0.0	0.0	0.0	0.0	0.0
202308	230L10200	23	その他仕入高*	0.0	0.0	0.0	0.0	0.0	0.0
202308	230L10200	24	減価償却費*	0.0	0.0	0.0	0.0	0.0	0.0
202308	230L10200	25	車両費*	0.0	0.0	0.0	0.0	0.0	0.0
202308	230L10200	26	水道光熱費*	0.0	0.0	0.0	0.0	0.0	0.0
202308	230L10200	27	動力費*	0.0	0.0	0.0	0.0	0.0	0.0
202308	230L10200	28	燃料費*	0.0	0.0	0.0	0.0	0.0	0.0
202308	230L10200	29	賃借料*	0.0	0.0	0.0	0.0	0.0	0.0
202308	230L10200	30	修繕費*	0.0	0.0	0.0	0.0	0.0	0.0
202308	230L10200	31	診断料*	0.0	0.0	0.0	0.0	0.0	0.0
202308	230L10200	32	租税公課*	0.0	0.0	0.0	0.0	0.0	0.0
202308	230L10200	33	業務委託費*	0.0	0.0	0.0	0.0	0.0	0.0
202308	230L10200	34	雑費*	0.0	0.0	0.0	0.0	0.0	0.0
202308	230L10200	35	雑給*	0.0	0.0	0.0	0.0	0.0	0.0
202308	230L10200	36	経費合計（販管費）	841190.0	826190.0	931324.0	2.0	112.7	110.7
202308	230L10200	37	減価償却費	0.0	0.0	0.0	0.0	0.0	0.0
202308	230L10200	38	車両費	217390.0	217390.0	268546.0	0.5	123.5	123.5
202308	230L10200	39	旅費交通費	70000.0	90000.0	77891.0	0.1	86.5	111.2
202308	230L10200	40	通信費	20000.0	20000.0	19707.0	0.0	98.5	98.5
202308	230L10200	41	水道光熱費	0.0	0.0	0.0	0.0	0.0	0.0
202308	230L10200	42	事務用品費	3000.0	3000.0	2468.0	0.0	82.2	82.2
202308	230L10200	43	消耗品費	0.0	0.0	0.0	0.0	0.0	0.0
202308	230L10200	44	廃棄物処理料	0.0	0.0	0.0	0.0	0.0	0.0
202308	230L10200	45	広告宣伝費	0.0	0.0	0.0	0.0	0.0	0.0
202308	230L10200	46	接待交際費	30000.0	0.0	0.0	0.0	0.0	0.0
202308	230L10200	47	賃借料	107500.0	107500.0	107273.0	0.2	99.7	99.7
202308	230L10200	48	賃貸料収入	0.0	0.0	0.0	0.0	0.0	0.0
202308	230L10200	49	修繕費	0.0	0.0	0.0	0.0	0.0	0.0
202308	230L10200	50	支払リース料	0.0	0.0	0.0	0.0	0.0	0.0
202308	230L10200	51	保険料	0.0	0.0	0.0	0.0	0.0	0.0
202308	230L10200	52	支払報酬	0.0	0.0	0.0	0.0	0.0	0.0
202308	230L10200	53	支払手数料	30000.0	30000.0	17920.0	0.0	59.7	59.7
202308	230L10200	54	診断料	0.0	0.0	0.0	0.0	0.0	0.0
202308	230L10200	55	諸会費	0.0	0.0	0.0	0.0	0.0	0.0
202308	230L10200	56	会議費	5000.0	0.0	0.0	0.0	0.0	0.0
202308	230L10200	57	寄付金	0.0	0.0	0.0	0.0	0.0	0.0
202308	230L10200	58	租税公課	0.0	0.0	4.0	0.0	0.0	0.0
202308	230L10200	59	業務委託費	0.0	0.0	0.0	0.0	0.0	0.0
202308	230L10200	60	業務受託収入	0.0	0.0	0.0	0.0	0.0	0.0
202308	230L10200	61	情報機器利用料	66000.0	66000.0	67300.0	0.1	101.9	101.9
202308	230L10200	62	貸倒金	0.0	0.0	0.0	0.0	0.0	0.0
202308	230L10200	63	雑費	80000.0	80000.0	157915.0	0.3	197.3	197.3
202308	230L10200	64	福利消耗品費	0.0	0.0	0.0	0.0	0.0	0.0
202308	230L10200	65	教育研修費	0.0	0.0	0.0	0.0	0.0	0.0
202308	230L10200	66	廃棄損	0.0	0.0	0.0	0.0	0.0	0.0
202308	230L10200	67	雑給	0.0	0.0	0.0	0.0	0.0	0.0
202308	230L10200	68	社内金利（固定資産）	0.0	0.0	0.0	0.0	0.0	0.0
202308	230L10200	69	社内金利（売掛金）	0.0	0.0	0.0	0.0	0.0	0.0
202308	230L10200	70	グループ共通	212300.0	212300.0	212300.0	0.4	100.0	100.0
202308	230L10200	71	差引収益	1005210.0	746591.0	666984.0	1.4	89.3	66.3
202308	230L10200	72	差引比率	2.2	1.6	1.4		87.5	63.6
202308	230L10200	73	総時間	960.0	930.0	959.75		103.1	99.9
202308	230L10200	74	定時間	830.0	830.0	832.75		100.3	100.3
202308	230L10200	75	残業時間	80.0	80.0	106.5		133.1	133.1
202308	230L10200	76	移動時間	50.0	20.0	20.5		102.5	41.0
202308	230L10200	77	当月時間当り	1047.0	802.7	694.9		86.5	66.3
202308	230L10200	78	人員	5.0	5.0	5.0		100.0	100.0
202309	230L10200	1	総受注高	41556600.0	29425100.0	38709150.0		131.5	93.1
202309	230L10200	2	総売上高	41556600.0	29425100.0	38709150.0		131.5	93.1
202309	230L10200	3	売上高	42014000.0	29909100.0	39177726.0	101.2	130.9	93.2
202309	230L10200	4	グループ売上高	0.0	0.0	0.0	0.0	0.0	0.0
202309	230L10200	5	社内売上高	0.0	0.0	0.0	0.0	0.0	0.0
202309	230L10200	7	販売奨励金	-457400.0	-484000.0	-468576.0	0.0	0.0	0.0
202309	230L10200	8	売上原価	40289765.0	29247330.0	37383138.0	96.5	127.8	92.7
202309	230L10200	9	仕入高	3405000.0	3715210.0	3881759.0	10.0	104.4	114.0
202309	230L10200	10	グループ仕入高	4335000.0	3995000.0	5310134.0	13.7	132.9	122.4
202309	230L10200	11	社内仕入高	29000000.0	18374120.0	24867235.0	64.2	135.3	85.7
202309	230L10200	12	荷造運搬費	2168700.0	1760000.0	1932125.0	4.9	109.7	89.0
202309	230L10200	13	販売手数料	1381065.0	1403000.0	1391885.0	3.5	99.2	100.7
202309	230L10200	14	総収益	1266835.0	177770.0	1326012.0	3.4	745.9	104.6
202309	230L10200	15	経費合計	891910.0	840110.0	735248.0	1.8	87.5	82.4
202309	230L10200	16	経費合計（原価）	0.0	0.0	0.0	0.0	0.0	0.0
202309	230L10200	17	種苗費*	0.0	0.0	0.0	0.0	0.0	0.0
202309	230L10200	18	肥料費*	0.0	0.0	0.0	0.0	0.0	0.0
202309	230L10200	19	培土費用*	0.0	0.0	0.0	0.0	0.0	0.0
202309	230L10200	20	農薬衛生費*	0.0	0.0	0.0	0.0	0.0	0.0
202309	230L10200	21	農具費*	0.0	0.0	0.0	0.0	0.0	0.0
202309	230L10200	22	諸材料費*	0.0	0.0	0.0	0.0	0.0	0.0
202309	230L10200	23	その他仕入高*	0.0	0.0	0.0	0.0	0.0	0.0
202309	230L10200	24	減価償却費*	0.0	0.0	0.0	0.0	0.0	0.0
202309	230L10200	25	車両費*	0.0	0.0	0.0	0.0	0.0	0.0
202309	230L10200	26	水道光熱費*	0.0	0.0	0.0	0.0	0.0	0.0
202309	230L10200	27	動力費*	0.0	0.0	0.0	0.0	0.0	0.0
202309	230L10200	28	燃料費*	0.0	0.0	0.0	0.0	0.0	0.0
202309	230L10200	29	賃借料*	0.0	0.0	0.0	0.0	0.0	0.0
202309	230L10200	30	修繕費*	0.0	0.0	0.0	0.0	0.0	0.0
202309	230L10200	31	診断料*	0.0	0.0	0.0	0.0	0.0	0.0
202309	230L10200	32	租税公課*	0.0	0.0	0.0	0.0	0.0	0.0
202309	230L10200	33	業務委託費*	0.0	0.0	0.0	0.0	0.0	0.0
202309	230L10200	34	雑費*	0.0	0.0	0.0	0.0	0.0	0.0
202309	230L10200	35	雑給*	0.0	0.0	0.0	0.0	0.0	0.0
202309	230L10200	36	経費合計（販管費）	891910.0	840110.0	735248.0	1.8	87.5	82.4
202309	230L10200	37	減価償却費	0.0	0.0	0.0	0.0	0.0	0.0
202309	230L10200	38	車両費	227390.0	227390.0	224752.0	0.5	98.8	98.8
202309	230L10200	39	旅費交通費	70720.0	70720.0	31616.0	0.0	44.7	44.7
202309	230L10200	40	通信費	20000.0	20000.0	17527.0	0.0	87.6	87.6
202309	230L10200	41	水道光熱費	0.0	0.0	0.0	0.0	0.0	0.0
202309	230L10200	42	事務用品費	3000.0	3000.0	7250.0	0.0	241.6	241.6
202309	230L10200	43	消耗品費	0.0	0.0	0.0	0.0	0.0	0.0
202309	230L10200	44	廃棄物処理料	0.0	0.0	0.0	0.0	0.0	0.0
202309	230L10200	45	広告宣伝費	20000.0	20000.0	0.0	0.0	0.0	0.0
202309	230L10200	46	接待交際費	30000.0	0.0	0.0	0.0	0.0	0.0
202309	230L10200	47	賃借料	107500.0	107500.0	87273.0	0.2	81.1	81.1
202309	230L10200	48	賃貸料収入	0.0	0.0	0.0	0.0	0.0	0.0
202309	230L10200	49	修繕費	0.0	0.0	0.0	0.0	0.0	0.0
202309	230L10200	50	支払リース料	0.0	0.0	0.0	0.0	0.0	0.0
202309	230L10200	51	保険料	0.0	0.0	0.0	0.0	0.0	0.0
202309	230L10200	52	支払報酬	0.0	0.0	0.0	0.0	0.0	0.0
202309	230L10200	53	支払手数料	30000.0	30000.0	15730.0	0.0	52.4	52.4
202309	230L10200	54	診断料	0.0	0.0	0.0	0.0	0.0	0.0
202309	230L10200	55	諸会費	0.0	0.0	500.0	0.0	0.0	0.0
202309	230L10200	56	会議費	5000.0	0.0	0.0	0.0	0.0	0.0
202309	230L10200	57	寄付金	0.0	0.0	0.0	0.0	0.0	0.0
202309	230L10200	58	租税公課	0.0	0.0	0.0	0.0	0.0	0.0
202309	230L10200	59	業務委託費	0.0	0.0	0.0	0.0	0.0	0.0
202309	230L10200	60	業務受託収入	0.0	0.0	0.0	0.0	0.0	0.0
202309	230L10200	61	情報機器利用料	66000.0	64700.0	66000.0	0.1	102.0	100.0
202309	230L10200	62	貸倒金	0.0	0.0	0.0	0.0	0.0	0.0
202309	230L10200	63	雑費	80000.0	80000.0	67800.0	0.1	84.7	84.7
202309	230L10200	64	福利消耗品費	20000.0	0.0	0.0	0.0	0.0	0.0
202309	230L10200	65	教育研修費	0.0	4500.0	4500.0	0.0	100.0	0.0
202309	230L10200	66	廃棄損	0.0	0.0	0.0	0.0	0.0	0.0
202309	230L10200	67	雑給	0.0	0.0	0.0	0.0	0.0	0.0
202309	230L10200	68	社内金利（固定資産）	0.0	0.0	0.0	0.0	0.0	0.0
202309	230L10200	69	社内金利（売掛金）	0.0	0.0	0.0	0.0	0.0	0.0
202309	230L10200	70	グループ共通	212300.0	212300.0	212300.0	0.5	100.0	100.0
202309	230L10200	71	差引収益	374925.0	-662340.0	590764.0	1.5	0.0	157.5
202309	230L10200	72	差引比率	0.9	-2.2	1.5		0.0	166.6
202309	230L10200	73	総時間	896.0	896.0	913.25		101.9	101.9
202309	230L10200	74	定時間	830.0	830.0	813.5		98.0	98.0
202309	230L10200	75	残業時間	66.0	66.0	99.75		151.1	151.1
202309	230L10200	76	移動時間	0.0	0.0	0.0		0.0	0.0
202309	230L10200	77	当月時間当り	418.4	-739.2	646.8		0.0	154.5
202309	230L10200	78	人員	5.0	5.0	5.0		100.0	100.0
202310	230L10200	1	総受注高	39374000.0	39563800.0	39265503.0		99.2	99.7
202310	230L10200	2	総売上高	39374000.0	39563800.0	39265503.0		99.2	99.7
202310	230L10200	3	売上高	39803000.0	40007800.0	39706112.0	101.1	99.2	99.7
202310	230L10200	4	グループ売上高	0.0	0.0	0.0	0.0	0.0	0.0
202310	230L10200	5	社内売上高	0.0	0.0	0.0	0.0	0.0	0.0
202310	230L10200	7	販売奨励金	-429000.0	-444000.0	-440609.0	0.0	0.0	0.0
202310	230L10200	8	売上原価	38262500.0	37966615.0	37992947.0	96.7	100.0	99.2
202310	230L10200	9	仕入高	3049000.0	3510000.0	2970742.0	7.5	84.6	97.4
202310	230L10200	10	グループ仕入高	4699750.0	3320100.0	4921444.0	12.5	148.2	104.7
202310	230L10200	11	社内仕入高	27000000.0	28088515.0	26749697.0	68.1	95.2	99.0
202310	230L10200	12	荷造運搬費	2076800.0	1900000.0	2186695.0	5.5	115.0	105.2
202310	230L10200	13	販売手数料	1436950.0	1148000.0	1164369.0	2.9	101.4	81.0
202310	230L10200	14	総収益	1111500.0	1597185.0	1272556.0	3.2	79.6	114.4
202310	230L10200	15	経費合計	836551.0	856551.0	822727.0	2.0	96.0	98.3
202310	230L10200	16	経費合計（原価）	0.0	0.0	0.0	0.0	0.0	0.0
202310	230L10200	17	種苗費*	0.0	0.0	0.0	0.0	0.0	0.0
202310	230L10200	18	肥料費*	0.0	0.0	0.0	0.0	0.0	0.0
202310	230L10200	19	培土費用*	0.0	0.0	0.0	0.0	0.0	0.0
202310	230L10200	20	農薬衛生費*	0.0	0.0	0.0	0.0	0.0	0.0
202310	230L10200	21	農具費*	0.0	0.0	0.0	0.0	0.0	0.0
202310	230L10200	22	諸材料費*	0.0	0.0	0.0	0.0	0.0	0.0
202310	230L10200	23	その他仕入高*	0.0	0.0	0.0	0.0	0.0	0.0
202310	230L10200	24	減価償却費*	0.0	0.0	0.0	0.0	0.0	0.0
202310	230L10200	25	車両費*	0.0	0.0	0.0	0.0	0.0	0.0
202310	230L10200	26	水道光熱費*	0.0	0.0	0.0	0.0	0.0	0.0
202310	230L10200	27	動力費*	0.0	0.0	0.0	0.0	0.0	0.0
202310	230L10200	28	燃料費*	0.0	0.0	0.0	0.0	0.0	0.0
202310	230L10200	29	賃借料*	0.0	0.0	0.0	0.0	0.0	0.0
202310	230L10200	30	修繕費*	0.0	0.0	0.0	0.0	0.0	0.0
202310	230L10200	31	診断料*	0.0	0.0	0.0	0.0	0.0	0.0
202310	230L10200	32	租税公課*	0.0	0.0	0.0	0.0	0.0	0.0
202310	230L10200	33	業務委託費*	0.0	0.0	0.0	0.0	0.0	0.0
202310	230L10200	34	雑費*	0.0	0.0	0.0	0.0	0.0	0.0
202310	230L10200	35	雑給*	0.0	0.0	0.0	0.0	0.0	0.0
202310	230L10200	36	経費合計（販管費）	836551.0	856551.0	822727.0	2.0	96.0	98.3
202310	230L10200	37	減価償却費	0.0	0.0	0.0	0.0	0.0	0.0
202310	230L10200	38	車両費	227390.0	237390.0	236289.0	0.6	99.5	103.9
202310	230L10200	39	旅費交通費	70000.0	100000.0	81813.0	0.2	81.8	116.8
202310	230L10200	40	通信費	20000.0	20000.0	17136.0	0.0	85.6	85.6
202310	230L10200	41	水道光熱費	0.0	0.0	0.0	0.0	0.0	0.0
202310	230L10200	42	事務用品費	3000.0	3000.0	3820.0	0.0	127.3	127.3
202310	230L10200	43	消耗品費	0.0	0.0	7502.0	0.0	0.0	0.0
202310	230L10200	44	廃棄物処理料	0.0	0.0	0.0	0.0	0.0	0.0
202310	230L10200	45	広告宣伝費	0.0	0.0	17510.0	0.0	0.0	0.0
202310	230L10200	46	接待交際費	25361.0	25361.0	0.0	0.0	0.0	0.0
202310	230L10200	47	賃借料	107500.0	87500.0	87273.0	0.2	99.7	81.1
202310	230L10200	48	賃貸料収入	0.0	0.0	0.0	0.0	0.0	0.0
202310	230L10200	49	修繕費	0.0	0.0	0.0	0.0	0.0	0.0
202310	230L10200	50	支払リース料	0.0	0.0	0.0	0.0	0.0	0.0
202310	230L10200	51	保険料	0.0	0.0	0.0	0.0	0.0	0.0
202310	230L10200	52	支払報酬	0.0	0.0	0.0	0.0	0.0	0.0
202310	230L10200	53	支払手数料	30000.0	30000.0	14920.0	0.0	49.7	49.7
202310	230L10200	54	診断料	0.0	0.0	0.0	0.0	0.0	0.0
202310	230L10200	55	諸会費	0.0	0.0	0.0	0.0	0.0	0.0
202310	230L10200	56	会議費	5000.0	5000.0	0.0	0.0	0.0	0.0
202310	230L10200	57	寄付金	0.0	0.0	0.0	0.0	0.0	0.0
202310	230L10200	58	租税公課	0.0	0.0	0.0	0.0	0.0	0.0
202310	230L10200	59	業務委託費	0.0	0.0	0.0	0.0	0.0	0.0
202310	230L10200	60	業務受託収入	0.0	0.0	0.0	0.0	0.0	0.0
202310	230L10200	61	情報機器利用料	66000.0	66000.0	66000.0	0.1	100.0	100.0
202310	230L10200	62	貸倒金	0.0	0.0	0.0	0.0	0.0	0.0
202310	230L10200	63	雑費	70000.0	70000.0	78164.0	0.1	111.6	111.6
202310	230L10200	64	福利消耗品費	0.0	0.0	0.0	0.0	0.0	0.0
202310	230L10200	65	教育研修費	0.0	0.0	0.0	0.0	0.0	0.0
202310	230L10200	66	廃棄損	0.0	0.0	0.0	0.0	0.0	0.0
202310	230L10200	67	雑給	0.0	0.0	0.0	0.0	0.0	0.0
202310	230L10200	68	社内金利（固定資産）	0.0	0.0	0.0	0.0	0.0	0.0
202310	230L10200	69	社内金利（売掛金）	0.0	0.0	0.0	0.0	0.0	0.0
202310	230L10200	70	グループ共通	212300.0	212300.0	212300.0	0.5	100.0	100.0
202310	230L10200	71	差引収益	274949.0	740634.0	449829.0	1.1	60.7	163.6
202310	230L10200	72	差引比率	0.6	1.8	1.1		61.1	183.3
202310	230L10200	73	総時間	873.0	873.0	940.75		107.7	107.7
202310	230L10200	74	定時間	812.0	812.0	836.0		102.9	102.9
202310	230L10200	75	残業時間	61.0	61.0	104.75		171.7	171.7
202310	230L10200	76	移動時間	0.0	0.0	0.0		0.0	0.0
202310	230L10200	77	当月時間当り	314.9	848.3	478.1		56.3	151.8
202310	230L10200	78	人員	5.0	5.0	5.0		100.0	100.0
202311	230L10200	1	総受注高	88587020.0	64076590.0	61065536.0		95.3	68.9
202311	230L10200	2	総売上高	88587020.0	64076590.0	61065536.0		95.3	68.9
202311	230L10200	3	売上高	88923520.0	64634590.0	61616856.0	100.9	95.3	69.2
202311	230L10200	4	グループ売上高	0.0	0.0	0.0	0.0	0.0	0.0
202311	230L10200	5	社内売上高	0.0	0.0	0.0	0.0	0.0	0.0
202311	230L10200	7	販売奨励金	-336500.0	-558000.0	-551320.0	0.0	0.0	0.0
202311	230L10200	8	売上原価	83256300.0	60972008.0	58156549.0	95.2	95.3	69.8
202311	230L10200	9	仕入高	5310000.0	3610000.0	4829819.0	7.9	133.7	90.9
202311	230L10200	10	グループ仕入高	20620200.0	11798100.0	11272626.0	18.4	95.5	54.6
202311	230L10200	11	社内仕入高	51000000.0	40791908.0	37560361.0	61.5	92.0	73.6
202311	230L10200	12	荷造運搬費	5080300.0	3480000.0	3051471.0	4.9	87.6	60.0
202311	230L10200	13	販売手数料	1245800.0	1292000.0	1442272.0	2.3	111.6	115.7
202311	230L10200	14	総収益	5330720.0	3104582.0	2908987.0	4.7	93.6	54.5
202311	230L10200	15	経費合計	831190.0	794190.0	736170.0	1.2	92.6	88.5
202311	230L10200	16	経費合計（原価）	0.0	0.0	0.0	0.0	0.0	0.0
202311	230L10200	17	種苗費*	0.0	0.0	0.0	0.0	0.0	0.0
202311	230L10200	18	肥料費*	0.0	0.0	0.0	0.0	0.0	0.0
202311	230L10200	19	培土費用*	0.0	0.0	0.0	0.0	0.0	0.0
202311	230L10200	20	農薬衛生費*	0.0	0.0	0.0	0.0	0.0	0.0
202311	230L10200	21	農具費*	0.0	0.0	0.0	0.0	0.0	0.0
202311	230L10200	22	諸材料費*	0.0	0.0	0.0	0.0	0.0	0.0
202311	230L10200	23	その他仕入高*	0.0	0.0	0.0	0.0	0.0	0.0
202311	230L10200	24	減価償却費*	0.0	0.0	0.0	0.0	0.0	0.0
202311	230L10200	25	車両費*	0.0	0.0	0.0	0.0	0.0	0.0
202311	230L10200	26	水道光熱費*	0.0	0.0	0.0	0.0	0.0	0.0
202311	230L10200	27	動力費*	0.0	0.0	0.0	0.0	0.0	0.0
202311	230L10200	28	燃料費*	0.0	0.0	0.0	0.0	0.0	0.0
202311	230L10200	29	賃借料*	0.0	0.0	0.0	0.0	0.0	0.0
202311	230L10200	30	修繕費*	0.0	0.0	0.0	0.0	0.0	0.0
202311	230L10200	31	診断料*	0.0	0.0	0.0	0.0	0.0	0.0
202311	230L10200	32	租税公課*	0.0	0.0	0.0	0.0	0.0	0.0
202311	230L10200	33	業務委託費*	0.0	0.0	0.0	0.0	0.0	0.0
202311	230L10200	34	雑費*	0.0	0.0	0.0	0.0	0.0	0.0
202311	230L10200	35	雑給*	0.0	0.0	0.0	0.0	0.0	0.0
202311	230L10200	36	経費合計（販管費）	831190.0	794190.0	736170.0	1.2	92.6	88.5
202311	230L10200	37	減価償却費	0.0	0.0	0.0	0.0	0.0	0.0
202311	230L10200	38	車両費	217390.0	217390.0	224965.0	0.3	103.4	103.4
202311	230L10200	39	旅費交通費	50000.0	80000.0	36299.0	0.0	45.3	72.5
202311	230L10200	40	通信費	20000.0	20000.0	17156.0	0.0	85.7	85.7
202311	230L10200	41	水道光熱費	0.0	0.0	0.0	0.0	0.0	0.0
202311	230L10200	42	事務用品費	3000.0	3000.0	0.0	0.0	0.0	0.0
202311	230L10200	43	消耗品費	0.0	0.0	0.0	0.0	0.0	0.0
202311	230L10200	44	廃棄物処理料	0.0	0.0	0.0	0.0	0.0	0.0
202311	230L10200	45	広告宣伝費	20000.0	0.0	0.0	0.0	0.0	0.0
202311	230L10200	46	接待交際費	30000.0	3000.0	0.0	0.0	0.0	0.0
202311	230L10200	47	賃借料	107500.0	87500.0	87273.0	0.1	99.7	81.1
202311	230L10200	48	賃貸料収入	0.0	0.0	0.0	0.0	0.0	0.0
202311	230L10200	49	修繕費	0.0	0.0	0.0	0.0	0.0	0.0
202311	230L10200	50	支払リース料	0.0	0.0	0.0	0.0	0.0	0.0
202311	230L10200	51	保険料	0.0	0.0	0.0	0.0	0.0	0.0
202311	230L10200	52	支払報酬	0.0	0.0	0.0	0.0	0.0	0.0
202311	230L10200	53	支払手数料	30000.0	30000.0	21064.0	0.0	70.2	70.2
202311	230L10200	54	診断料	0.0	0.0	0.0	0.0	0.0	0.0
202311	230L10200	55	諸会費	0.0	0.0	0.0	0.0	0.0	0.0
202311	230L10200	56	会議費	5000.0	5000.0	2055.0	0.0	41.1	41.1
202311	230L10200	57	寄付金	0.0	0.0	0.0	0.0	0.0	0.0
202311	230L10200	58	租税公課	0.0	0.0	0.0	0.0	0.0	0.0
202311	230L10200	59	業務委託費	0.0	0.0	0.0	0.0	0.0	0.0
202311	230L10200	60	業務受託収入	0.0	0.0	0.0	0.0	0.0	0.0
202311	230L10200	61	情報機器利用料	66000.0	66000.0	66000.0	0.1	100.0	100.0
202311	230L10200	62	貸倒金	0.0	0.0	0.0	0.0	0.0	0.0
202311	230L10200	63	雑費	70000.0	70000.0	69058.0	0.1	98.6	98.6
202311	230L10200	64	福利消耗品費	0.0	0.0	0.0	0.0	0.0	0.0
202311	230L10200	65	教育研修費	0.0	0.0	0.0	0.0	0.0	0.0
202311	230L10200	66	廃棄損	0.0	0.0	0.0	0.0	0.0	0.0
202311	230L10200	67	雑給	0.0	0.0	0.0	0.0	0.0	0.0
202311	230L10200	68	社内金利（固定資産）	0.0	0.0	0.0	0.0	0.0	0.0
202311	230L10200	69	社内金利（売掛金）	0.0	0.0	0.0	0.0	0.0	0.0
202311	230L10200	70	グループ共通	212300.0	212300.0	212300.0	0.3	100.0	100.0
202311	230L10200	71	差引収益	4499530.0	2310392.0	2172817.0	3.5	94.0	48.2
202311	230L10200	72	差引比率	5.0	3.6	3.5		97.2	70.0
202311	230L10200	73	総時間	892.0	892.0	963.0		107.9	107.9
202311	230L10200	74	定時間	812.0	812.0	856.0		105.4	105.4
202311	230L10200	75	残業時間	80.0	80.0	107.0		133.7	133.7
202311	230L10200	76	移動時間	0.0	0.0	0.0		0.0	0.0
202311	230L10200	77	当月時間当り	5044.3	2590.1	2256.3		87.1	44.7
202311	230L10200	78	人員	5.0	5.0	5.0		100.0	100.0
202312	230L10200	1	総受注高	87647480.0	93983000.0	81656541.0		86.8	93.1
202312	230L10200	2	総売上高	87647480.0	93983000.0	81656541.0		86.8	93.1
202312	230L10200	3	売上高	88277680.0	94569000.0	82230966.0	100.7	86.9	93.1
202312	230L10200	4	グループ売上高	0.0	0.0	0.0	0.0	0.0	0.0
202312	230L10200	5	社内売上高	0.0	0.0	0.0	0.0	0.0	0.0
202312	230L10200	7	販売奨励金	-630200.0	-586000.0	-574425.0	0.0	0.0	0.0
202312	230L10200	8	売上原価	83284080.0	88838440.0	77545847.0	94.9	87.2	93.1
202312	230L10200	9	仕入高	5805000.0	15152000.0	11335405.0	13.8	74.8	195.2
202312	230L10200	10	グループ仕入高	24138480.0	12230000.0	12193674.0	14.9	99.7	50.5
202312	230L10200	11	社内仕入高	46000000.0	54291440.0	47469935.0	58.1	87.4	103.1
202312	230L10200	12	荷造運搬費	5068900.0	5265000.0	4596313.0	5.6	87.2	90.6
202312	230L10200	13	販売手数料	2271700.0	1900000.0	1950520.0	2.3	102.6	85.8
202312	230L10200	14	総収益	4363400.0	5144560.0	4110694.0	5.0	79.9	94.2
202312	230L10200	15	経費合計	811190.0	796190.0	712058.0	0.8	89.4	87.7
202312	230L10200	16	経費合計（原価）	0.0	0.0	0.0	0.0	0.0	0.0
202312	230L10200	17	種苗費*	0.0	0.0	0.0	0.0	0.0	0.0
202312	230L10200	18	肥料費*	0.0	0.0	0.0	0.0	0.0	0.0
202312	230L10200	19	培土費用*	0.0	0.0	0.0	0.0	0.0	0.0
202312	230L10200	20	農薬衛生費*	0.0	0.0	0.0	0.0	0.0	0.0
202312	230L10200	21	農具費*	0.0	0.0	0.0	0.0	0.0	0.0
202312	230L10200	22	諸材料費*	0.0	0.0	0.0	0.0	0.0	0.0
202312	230L10200	23	その他仕入高*	0.0	0.0	0.0	0.0	0.0	0.0
202312	230L10200	24	減価償却費*	0.0	0.0	0.0	0.0	0.0	0.0
202312	230L10200	25	車両費*	0.0	0.0	0.0	0.0	0.0	0.0
202312	230L10200	26	水道光熱費*	0.0	0.0	0.0	0.0	0.0	0.0
202312	230L10200	27	動力費*	0.0	0.0	0.0	0.0	0.0	0.0
202312	230L10200	28	燃料費*	0.0	0.0	0.0	0.0	0.0	0.0
202312	230L10200	29	賃借料*	0.0	0.0	0.0	0.0	0.0	0.0
202312	230L10200	30	修繕費*	0.0	0.0	0.0	0.0	0.0	0.0
202312	230L10200	31	診断料*	0.0	0.0	0.0	0.0	0.0	0.0
202312	230L10200	32	租税公課*	0.0	0.0	0.0	0.0	0.0	0.0
202312	230L10200	33	業務委託費*	0.0	0.0	0.0	0.0	0.0	0.0
202312	230L10200	34	雑費*	0.0	0.0	0.0	0.0	0.0	0.0
202312	230L10200	35	雑給*	0.0	0.0	0.0	0.0	0.0	0.0
202312	230L10200	36	経費合計（販管費）	811190.0	796190.0	712058.0	0.8	89.4	87.7
202312	230L10200	37	減価償却費	0.0	0.0	0.0	0.0	0.0	0.0
202312	230L10200	38	車両費	217390.0	217390.0	107893.0	0.1	49.6	49.6
202312	230L10200	39	旅費交通費	50000.0	80000.0	83437.0	0.1	104.2	166.8
202312	230L10200	40	通信費	20000.0	20000.0	16957.0	0.0	84.7	84.7
202312	230L10200	41	水道光熱費	0.0	0.0	0.0	0.0	0.0	0.0
202312	230L10200	42	事務用品費	3000.0	3000.0	6514.0	0.0	217.1	217.1
202312	230L10200	43	消耗品費	0.0	0.0	0.0	0.0	0.0	0.0
202312	230L10200	44	廃棄物処理料	0.0	0.0	0.0	0.0	0.0	0.0
202312	230L10200	45	広告宣伝費	0.0	0.0	0.0	0.0	0.0	0.0
202312	230L10200	46	接待交際費	20000.0	0.0	0.0	0.0	0.0	0.0
202312	230L10200	47	賃借料	107500.0	87500.0	87273.0	0.1	99.7	81.1
202312	230L10200	48	賃貸料収入	0.0	0.0	0.0	0.0	0.0	0.0
202312	230L10200	49	修繕費	0.0	0.0	0.0	0.0	0.0	0.0
202312	230L10200	50	支払リース料	0.0	0.0	0.0	0.0	0.0	0.0
202312	230L10200	51	保険料	0.0	0.0	0.0	0.0	0.0	0.0
202312	230L10200	52	支払報酬	0.0	0.0	0.0	0.0	0.0	0.0
202312	230L10200	53	支払手数料	30000.0	30000.0	47908.0	0.0	159.6	159.6
202312	230L10200	54	診断料	0.0	0.0	0.0	0.0	0.0	0.0
202312	230L10200	55	諸会費	0.0	0.0	500.0	0.0	0.0	0.0
202312	230L10200	56	会議費	5000.0	0.0	0.0	0.0	0.0	0.0
202312	230L10200	57	寄付金	0.0	0.0	0.0	0.0	0.0	0.0
202312	230L10200	58	租税公課	0.0	0.0	0.0	0.0	0.0	0.0
202312	230L10200	59	業務委託費	0.0	0.0	0.0	0.0	0.0	0.0
202312	230L10200	60	業務受託収入	0.0	0.0	0.0	0.0	0.0	0.0
202312	230L10200	61	情報機器利用料	66000.0	66000.0	66000.0	0.0	100.0	100.0
202312	230L10200	62	貸倒金	0.0	0.0	0.0	0.0	0.0	0.0
202312	230L10200	63	雑費	80000.0	80000.0	81021.0	0.0	101.2	101.2
202312	230L10200	64	福利消耗品費	0.0	0.0	0.0	0.0	0.0	0.0
202312	230L10200	65	教育研修費	0.0	0.0	2255.0	0.0	0.0	0.0
202312	230L10200	66	廃棄損	0.0	0.0	0.0	0.0	0.0	0.0
202312	230L10200	67	雑給	0.0	0.0	0.0	0.0	0.0	0.0
202312	230L10200	68	社内金利（固定資産）	0.0	0.0	0.0	0.0	0.0	0.0
202312	230L10200	69	社内金利（売掛金）	0.0	0.0	0.0	0.0	0.0	0.0
202312	230L10200	70	グループ共通	212300.0	212300.0	212300.0	0.2	100.0	100.0
202312	230L10200	71	差引収益	3552210.0	4348370.0	3398636.0	4.1	78.1	95.6
202312	230L10200	72	差引比率	4.0	4.6	4.1		89.1	102.5
202312	230L10200	73	総時間	959.0	939.0	974.75		103.8	101.6
202312	230L10200	74	定時間	822.0	822.0	854.75		103.9	103.9
202312	230L10200	75	残業時間	67.0	67.0	120.0		179.1	179.1
202312	230L10200	76	移動時間	70.0	50.0	0.0		0.0	0.0
202312	230L10200	77	当月時間当り	3704.0	4630.8	3486.6		75.2	94.1
202312	230L10200	78	人員	5.0	5.0	5.0		100.0	100.0
202401	230L10200	1	総受注高	58021730.0	59647000.0	54240004.0		90.9	93.4
202401	230L10200	2	総売上高	58021730.0	59658000.0	54240004.0		90.9	93.4
202401	230L10200	3	売上高	58640530.0	60327000.0	54893470.0	101.2	90.9	93.6
202401	230L10200	4	グループ売上高	0.0	0.0	0.0	0.0	0.0	0.0
202401	230L10200	5	社内売上高	0.0	0.0	0.0	0.0	0.0	0.0
202401	230L10200	7	販売奨励金	-618800.0	-669000.0	-653466.0	0.0	0.0	0.0
202401	230L10200	8	売上原価	55826444.0	58424700.0	53544240.0	98.7	91.6	95.9
202401	230L10200	9	仕入高	5262000.0	13128780.0	8179233.0	15.0	62.3	155.4
202401	230L10200	10	グループ仕入高	18918344.0	10621000.0	9197712.0	16.9	86.5	48.6
202401	230L10200	11	社内仕入高	26000000.0	28199920.0	29847571.0	55.0	105.8	114.7
202401	230L10200	12	荷造運搬費	3446900.0	4000000.0	3818465.0	7.0	95.4	110.7
202401	230L10200	13	販売手数料	2199200.0	2475000.0	2501259.0	4.6	101.0	113.7
202401	230L10200	14	総収益	2195286.0	1233300.0	695764.0	1.2	56.4	31.6
202401	230L10200	15	経費合計	831190.0	896790.0	868963.0	1.6	96.8	104.5
202401	230L10200	16	経費合計（原価）	0.0	0.0	0.0	0.0	0.0	0.0
202401	230L10200	17	種苗費*	0.0	0.0	0.0	0.0	0.0	0.0
202401	230L10200	18	肥料費*	0.0	0.0	0.0	0.0	0.0	0.0
202401	230L10200	19	培土費用*	0.0	0.0	0.0	0.0	0.0	0.0
202401	230L10200	20	農薬衛生費*	0.0	0.0	0.0	0.0	0.0	0.0
202401	230L10200	21	農具費*	0.0	0.0	0.0	0.0	0.0	0.0
202401	230L10200	22	諸材料費*	0.0	0.0	0.0	0.0	0.0	0.0
202401	230L10200	23	その他仕入高*	0.0	0.0	0.0	0.0	0.0	0.0
202401	230L10200	24	減価償却費*	0.0	0.0	0.0	0.0	0.0	0.0
202401	230L10200	25	車両費*	0.0	0.0	0.0	0.0	0.0	0.0
202401	230L10200	26	水道光熱費*	0.0	0.0	0.0	0.0	0.0	0.0
202401	230L10200	27	動力費*	0.0	0.0	0.0	0.0	0.0	0.0
202401	230L10200	28	燃料費*	0.0	0.0	0.0	0.0	0.0	0.0
202401	230L10200	29	賃借料*	0.0	0.0	0.0	0.0	0.0	0.0
202401	230L10200	30	修繕費*	0.0	0.0	0.0	0.0	0.0	0.0
202401	230L10200	31	診断料*	0.0	0.0	0.0	0.0	0.0	0.0
202401	230L10200	32	租税公課*	0.0	0.0	0.0	0.0	0.0	0.0
202401	230L10200	33	業務委託費*	0.0	0.0	0.0	0.0	0.0	0.0
202401	230L10200	34	雑費*	0.0	0.0	0.0	0.0	0.0	0.0
202401	230L10200	35	雑給*	0.0	0.0	0.0	0.0	0.0	0.0
202401	230L10200	36	経費合計（販管費）	831190.0	896790.0	868963.0	1.6	96.8	104.5
202401	230L10200	37	減価償却費	0.0	0.0	0.0	0.0	0.0	0.0
202401	230L10200	38	車両費	207390.0	317990.0	324068.0	0.5	101.9	156.2
202401	230L10200	39	旅費交通費	50000.0	80000.0	22936.0	0.0	28.6	45.8
202401	230L10200	40	通信費	20000.0	20000.0	19411.0	0.0	97.0	97.0
202401	230L10200	41	水道光熱費	0.0	0.0	0.0	0.0	0.0	0.0
202401	230L10200	42	事務用品費	3000.0	3000.0	5776.0	0.0	192.5	192.5
202401	230L10200	43	消耗品費	0.0	0.0	0.0	0.0	0.0	0.0
202401	230L10200	44	廃棄物処理料	0.0	0.0	0.0	0.0	0.0	0.0
202401	230L10200	45	広告宣伝費	20000.0	0.0	0.0	0.0	0.0	0.0
202401	230L10200	46	接待交際費	30000.0	0.0	0.0	0.0	0.0	0.0
202401	230L10200	47	賃借料	107500.0	87500.0	87273.0	0.1	99.7	81.1
202401	230L10200	48	賃貸料収入	0.0	0.0	0.0	0.0	0.0	0.0
202401	230L10200	49	修繕費	0.0	0.0	0.0	0.0	0.0	0.0
202401	230L10200	50	支払リース料	0.0	0.0	0.0	0.0	0.0	0.0
202401	230L10200	51	保険料	0.0	0.0	0.0	0.0	0.0	0.0
202401	230L10200	52	支払報酬	0.0	0.0	0.0	0.0	0.0	0.0
202401	230L10200	53	支払手数料	30000.0	30000.0	22678.0	0.0	75.5	75.5
202401	230L10200	54	診断料	0.0	0.0	0.0	0.0	0.0	0.0
202401	230L10200	55	諸会費	0.0	0.0	0.0	0.0	0.0	0.0
202401	230L10200	56	会議費	5000.0	0.0	5866.0	0.0	0.0	117.3
202401	230L10200	57	寄付金	0.0	0.0	0.0	0.0	0.0	0.0
202401	230L10200	58	租税公課	0.0	0.0	4000.0	0.0	0.0	0.0
202401	230L10200	59	業務委託費	0.0	0.0	0.0	0.0	0.0	0.0
202401	230L10200	60	業務受託収入	0.0	0.0	0.0	0.0	0.0	0.0
202401	230L10200	61	情報機器利用料	66000.0	66000.0	66000.0	0.1	100.0	100.0
202401	230L10200	62	貸倒金	0.0	0.0	0.0	0.0	0.0	0.0
202401	230L10200	63	雑費	80000.0	80000.0	98655.0	0.1	123.3	123.3
202401	230L10200	64	福利消耗品費	0.0	0.0	0.0	0.0	0.0	0.0
202401	230L10200	65	教育研修費	0.0	0.0	0.0	0.0	0.0	0.0
202401	230L10200	66	廃棄損	0.0	0.0	0.0	0.0	0.0	0.0
202401	230L10200	67	雑給	0.0	0.0	0.0	0.0	0.0	0.0
202401	230L10200	68	社内金利（固定資産）	0.0	0.0	0.0	0.0	0.0	0.0
202401	230L10200	69	社内金利（売掛金）	0.0	0.0	0.0	0.0	0.0	0.0
202401	230L10200	70	グループ共通	212300.0	212300.0	212300.0	0.3	100.0	100.0
202401	230L10200	71	差引収益	1364096.0	336510.0	-173199.0	0.0	0.0	0.0
202401	230L10200	72	差引比率	2.3	0.5	-0.3		0.0	0.0
202401	230L10200	73	総時間	884.0	864.0	885.25		102.4	100.1
202401	230L10200	74	定時間	764.0	764.0	772.25		101.0	101.0
202401	230L10200	75	残業時間	70.0	70.0	74.75		106.7	106.7
202401	230L10200	76	移動時間	50.0	30.0	38.25		127.5	76.5
202401	230L10200	77	当月時間当り	1543.0	389.4	-195.6		0.0	0.0
202401	230L10200	78	人員	5.0	5.0	5.0		100.0	100.0
202402	230L10200	1	総受注高	59121570.0	44638000.0	41984259.0		94.0	71.0
202402	230L10200	2	総売上高	59121570.0	44638000.0	41984259.0		94.0	71.0
202402	230L10200	3	売上高	59571270.0	45138000.0	42466191.0	101.1	94.0	71.2
202402	230L10200	4	グループ売上高	0.0	0.0	0.0	0.0	0.0	0.0
202402	230L10200	5	社内売上高	0.0	0.0	0.0	0.0	0.0	0.0
202402	230L10200	7	販売奨励金	-449700.0	-500000.0	-481932.0	0.0	0.0	0.0
202402	230L10200	8	売上原価	56090550.0	43616340.0	41208663.0	98.1	94.4	73.4
202402	230L10200	9	仕入高	4874000.0	9888000.0	8638651.0	20.5	87.3	177.2
202402	230L10200	10	グループ仕入高	21154950.0	8117500.0	6675095.0	15.8	82.2	31.5
202402	230L10200	11	社内仕入高	25000000.0	20722840.0	21367148.0	50.8	103.1	85.4
202402	230L10200	12	荷造運搬費	3646400.0	3180000.0	2780161.0	6.6	87.4	76.2
202402	230L10200	13	販売手数料	1415200.0	1708000.0	1747608.0	4.1	102.3	123.4
202402	230L10200	14	総収益	3031020.0	1021660.0	775596.0	1.8	75.9	25.5
202402	230L10200	15	経費合計	821190.0	881190.0	836753.0	1.9	94.9	101.8
202402	230L10200	16	経費合計（原価）	0.0	0.0	0.0	0.0	0.0	0.0
202402	230L10200	17	種苗費*	0.0	0.0	0.0	0.0	0.0	0.0
202402	230L10200	18	肥料費*	0.0	0.0	0.0	0.0	0.0	0.0
202402	230L10200	19	培土費用*	0.0	0.0	0.0	0.0	0.0	0.0
202402	230L10200	20	農薬衛生費*	0.0	0.0	0.0	0.0	0.0	0.0
202402	230L10200	21	農具費*	0.0	0.0	0.0	0.0	0.0	0.0
202402	230L10200	22	諸材料費*	0.0	0.0	0.0	0.0	0.0	0.0
202402	230L10200	23	その他仕入高*	0.0	0.0	0.0	0.0	0.0	0.0
202402	230L10200	24	減価償却費*	0.0	0.0	0.0	0.0	0.0	0.0
202402	230L10200	25	車両費*	0.0	0.0	0.0	0.0	0.0	0.0
202402	230L10200	26	水道光熱費*	0.0	0.0	0.0	0.0	0.0	0.0
202402	230L10200	27	動力費*	0.0	0.0	0.0	0.0	0.0	0.0
202402	230L10200	28	燃料費*	0.0	0.0	0.0	0.0	0.0	0.0
202402	230L10200	29	賃借料*	0.0	0.0	0.0	0.0	0.0	0.0
202402	230L10200	30	修繕費*	0.0	0.0	0.0	0.0	0.0	0.0
202402	230L10200	31	診断料*	0.0	0.0	0.0	0.0	0.0	0.0
202402	230L10200	32	租税公課*	0.0	0.0	0.0	0.0	0.0	0.0
202402	230L10200	33	業務委託費*	0.0	0.0	0.0	0.0	0.0	0.0
202402	230L10200	34	雑費*	0.0	0.0	0.0	0.0	0.0	0.0
202402	230L10200	35	雑給*	0.0	0.0	0.0	0.0	0.0	0.0
202402	230L10200	36	経費合計（販管費）	821190.0	881190.0	836753.0	1.9	94.9	101.8
202402	230L10200	37	減価償却費	0.0	0.0	0.0	0.0	0.0	0.0
202402	230L10200	38	車両費	207390.0	207390.0	203273.0	0.4	98.0	98.0
202402	230L10200	39	旅費交通費	50000.0	150000.0	113483.0	0.2	75.6	226.9
202402	230L10200	40	通信費	20000.0	20000.0	16733.0	0.0	83.6	83.6
202402	230L10200	41	水道光熱費	0.0	0.0	0.0	0.0	0.0	0.0
202402	230L10200	42	事務用品費	3000.0	3000.0	1365.0	0.0	45.5	45.5
202402	230L10200	43	消耗品費	0.0	0.0	0.0	0.0	0.0	0.0
202402	230L10200	44	廃棄物処理料	0.0	0.0	0.0	0.0	0.0	0.0
202402	230L10200	45	広告宣伝費	10000.0	0.0	0.0	0.0	0.0	0.0
202402	230L10200	46	接待交際費	30000.0	20000.0	10910.0	0.0	54.5	36.3
202402	230L10200	47	賃借料	107500.0	87500.0	87273.0	0.2	99.7	81.1
202402	230L10200	48	賃貸料収入	0.0	0.0	0.0	0.0	0.0	0.0
202402	230L10200	49	修繕費	0.0	0.0	0.0	0.0	0.0	0.0
202402	230L10200	50	支払リース料	0.0	0.0	0.0	0.0	0.0	0.0
202402	230L10200	51	保険料	0.0	0.0	0.0	0.0	0.0	0.0
202402	230L10200	52	支払報酬	0.0	0.0	0.0	0.0	0.0	0.0
202402	230L10200	53	支払手数料	30000.0	30000.0	19678.0	0.0	65.5	65.5
202402	230L10200	54	診断料	0.0	0.0	0.0	0.0	0.0	0.0
202402	230L10200	55	諸会費	0.0	0.0	0.0	0.0	0.0	0.0
202402	230L10200	56	会議費	5000.0	5000.0	0.0	0.0	0.0	0.0
202402	230L10200	57	寄付金	0.0	0.0	0.0	0.0	0.0	0.0
202402	230L10200	58	租税公課	0.0	0.0	8010.0	0.0	0.0	0.0
202402	230L10200	59	業務委託費	0.0	0.0	0.0	0.0	0.0	0.0
202402	230L10200	60	業務受託収入	0.0	0.0	0.0	0.0	0.0	0.0
202402	230L10200	61	情報機器利用料	66000.0	66000.0	66000.0	0.1	100.0	100.0
202402	230L10200	62	貸倒金	0.0	0.0	0.0	0.0	0.0	0.0
202402	230L10200	63	雑費	80000.0	80000.0	97728.0	0.2	122.1	122.1
202402	230L10200	64	福利消耗品費	0.0	0.0	0.0	0.0	0.0	0.0
202402	230L10200	65	教育研修費	0.0	0.0	0.0	0.0	0.0	0.0
202402	230L10200	66	廃棄損	0.0	0.0	0.0	0.0	0.0	0.0
202402	230L10200	67	雑給	0.0	0.0	0.0	0.0	0.0	0.0
202402	230L10200	68	社内金利（固定資産）	0.0	0.0	0.0	0.0	0.0	0.0
202402	230L10200	69	社内金利（売掛金）	0.0	0.0	0.0	0.0	0.0	0.0
202402	230L10200	70	グループ共通	212300.0	212300.0	212300.0	0.5	100.0	100.0
202402	230L10200	71	差引収益	2209830.0	140470.0	-61157.0	0.0	0.0	0.0
202402	230L10200	72	差引比率	3.7	0.3	-0.1		0.0	0.0
202402	230L10200	73	総時間	864.0	849.0	928.0		109.3	107.4
202402	230L10200	74	定時間	764.0	764.0	822.0		107.5	107.5
202402	230L10200	75	残業時間	70.0	70.0	96.0		137.1	137.1
202402	230L10200	76	移動時間	30.0	15.0	10.0		66.6	33.3
202402	230L10200	77	当月時間当り	2557.6	165.4	-65.9		0.0	0.0
202402	230L10200	78	人員	5.0	5.0	5.0		100.0	100.0
202403	230L10200	1	総受注高	75043300.0	52481000.0	47818327.0		91.1	63.7
202403	230L10200	2	総売上高	75043300.0	52481000.0	47818327.0		91.1	63.7
202403	230L10200	3	売上高	75478300.0	52827000.0	48155336.0	100.7	91.1	63.8
202403	230L10200	4	グループ売上高	0.0	0.0	0.0	0.0	0.0	0.0
202403	230L10200	5	社内売上高	0.0	0.0	0.0	0.0	0.0	0.0
202403	230L10200	7	販売奨励金	-435000.0	-346000.0	-337009.0	0.0	0.0	0.0
202403	230L10200	8	売上原価	70874600.0	50620280.0	46050146.0	96.3	90.9	64.9
202403	230L10200	9	仕入高	4922000.0	9771000.0	9316463.0	19.4	95.3	189.2
202403	230L10200	10	グループ仕入高	25882300.0	10166000.0	9125310.0	19.0	89.7	35.2
202403	230L10200	11	社内仕入高	34000000.0	25953280.0	23164837.0	48.4	89.2	68.1
202403	230L10200	12	荷造運搬費	4698200.0	3490000.0	3211314.0	6.7	92.0	68.3
202403	230L10200	13	販売手数料	1372100.0	1240000.0	1232222.0	2.5	99.3	89.8
202403	230L10200	14	総収益	4168700.0	1860720.0	1768181.0	3.6	95.0	42.4
202403	230L10200	15	経費合計	813550.0	836190.0	771692.0	1.6	92.2	94.8
202403	230L10200	16	経費合計（原価）	0.0	0.0	0.0	0.0	0.0	0.0
202403	230L10200	17	種苗費*	0.0	0.0	0.0	0.0	0.0	0.0
202403	230L10200	18	肥料費*	0.0	0.0	0.0	0.0	0.0	0.0
202403	230L10200	19	培土費用*	0.0	0.0	0.0	0.0	0.0	0.0
202403	230L10200	20	農薬衛生費*	0.0	0.0	0.0	0.0	0.0	0.0
202403	230L10200	21	農具費*	0.0	0.0	0.0	0.0	0.0	0.0
202403	230L10200	22	諸材料費*	0.0	0.0	0.0	0.0	0.0	0.0
202403	230L10200	23	その他仕入高*	0.0	0.0	0.0	0.0	0.0	0.0
202403	230L10200	24	減価償却費*	0.0	0.0	0.0	0.0	0.0	0.0
202403	230L10200	25	車両費*	0.0	0.0	0.0	0.0	0.0	0.0
202403	230L10200	26	水道光熱費*	0.0	0.0	0.0	0.0	0.0	0.0
202403	230L10200	27	動力費*	0.0	0.0	0.0	0.0	0.0	0.0
202403	230L10200	28	燃料費*	0.0	0.0	0.0	0.0	0.0	0.0
202403	230L10200	29	賃借料*	0.0	0.0	0.0	0.0	0.0	0.0
202403	230L10200	30	修繕費*	0.0	0.0	0.0	0.0	0.0	0.0
202403	230L10200	31	診断料*	0.0	0.0	0.0	0.0	0.0	0.0
202403	230L10200	32	租税公課*	0.0	0.0	0.0	0.0	0.0	0.0
202403	230L10200	33	業務委託費*	0.0	0.0	0.0	0.0	0.0	0.0
202403	230L10200	34	雑費*	0.0	0.0	0.0	0.0	0.0	0.0
202403	230L10200	35	雑給*	0.0	0.0	0.0	0.0	0.0	0.0
202403	230L10200	36	経費合計（販管費）	813550.0	836190.0	771692.0	1.6	92.2	94.8
202403	230L10200	37	減価償却費	0.0	0.0	0.0	0.0	0.0	0.0
202403	230L10200	38	車両費	217390.0	217390.0	183445.0	0.3	84.3	84.3
202403	230L10200	39	旅費交通費	50000.0	120000.0	112609.0	0.2	93.8	225.2
202403	230L10200	40	通信費	20000.0	20000.0	18394.0	0.0	91.9	91.9
202403	230L10200	41	水道光熱費	0.0	0.0	0.0	0.0	0.0	0.0
202403	230L10200	42	事務用品費	3000.0	3000.0	7481.0	0.0	249.3	249.3
202403	230L10200	43	消耗品費	0.0	0.0	0.0	0.0	0.0	0.0
202403	230L10200	44	廃棄物処理料	0.0	0.0	0.0	0.0	0.0	0.0
202403	230L10200	45	広告宣伝費	0.0	0.0	0.0	0.0	0.0	0.0
202403	230L10200	46	接待交際費	22360.0	0.0	0.0	0.0	0.0	0.0
202403	230L10200	47	賃借料	107500.0	87500.0	87273.0	0.1	99.7	81.1
202403	230L10200	48	賃貸料収入	0.0	0.0	0.0	0.0	0.0	0.0
202403	230L10200	49	修繕費	0.0	0.0	0.0	0.0	0.0	0.0
202403	230L10200	50	支払リース料	0.0	0.0	0.0	0.0	0.0	0.0
202403	230L10200	51	保険料	0.0	0.0	0.0	0.0	0.0	0.0
202403	230L10200	52	支払報酬	0.0	0.0	0.0	0.0	0.0	0.0
202403	230L10200	53	支払手数料	30000.0	30000.0	17328.0	0.0	57.7	57.7
202403	230L10200	54	診断料	0.0	0.0	0.0	0.0	0.0	0.0
202403	230L10200	55	諸会費	0.0	0.0	0.0	0.0	0.0	0.0
202403	230L10200	56	会議費	5000.0	0.0	0.0	0.0	0.0	0.0
202403	230L10200	57	寄付金	0.0	0.0	0.0	0.0	0.0	0.0
202403	230L10200	58	租税公課	0.0	0.0	0.0	0.0	0.0	0.0
202403	230L10200	59	業務委託費	0.0	0.0	0.0	0.0	0.0	0.0
202403	230L10200	60	業務受託収入	0.0	0.0	0.0	0.0	0.0	0.0
202403	230L10200	61	情報機器利用料	66000.0	66000.0	66000.0	0.1	100.0	100.0
202403	230L10200	62	貸倒金	0.0	0.0	0.0	0.0	0.0	0.0
202403	230L10200	63	雑費	80000.0	80000.0	66862.0	0.1	83.5	83.5
202403	230L10200	64	福利消耗品費	0.0	0.0	0.0	0.0	0.0	0.0
202403	230L10200	65	教育研修費	0.0	0.0	0.0	0.0	0.0	0.0
202403	230L10200	66	廃棄損	0.0	0.0	0.0	0.0	0.0	0.0
202403	230L10200	67	雑給	0.0	0.0	0.0	0.0	0.0	0.0
202403	230L10200	68	社内金利（固定資産）	0.0	0.0	0.0	0.0	0.0	0.0
202403	230L10200	69	社内金利（売掛金）	0.0	0.0	0.0	0.0	0.0	0.0
202403	230L10200	70	グループ共通	212300.0	212300.0	212300.0	0.4	100.0	100.0
202403	230L10200	71	差引収益	3355150.0	1024530.0	996489.0	2.0	97.2	29.7
202403	230L10200	72	差引比率	4.4	1.9	2.0		105.2	45.4
202403	230L10200	73	総時間	920.0	920.0	848.5		92.2	92.2
202403	230L10200	74	定時間	830.0	830.0	787.75		94.9	94.9
202403	230L10200	75	残業時間	90.0	90.0	60.75		67.5	67.5
202403	230L10200	76	移動時間	0.0	0.0	0.0		0.0	0.0
202403	230L10200	77	当月時間当り	3646.9	1113.6	1174.4		105.4	32.2
202403	230L10200	78	人員	5.0	5.0	5.0		100.0	100.0
202404	230L10200	1	総受注高	63543000.0	58938560.0	59926730.0		101.6	94.3
202404	230L10200	2	総売上高	63543000.0	58938560.0	59926730.0		101.6	94.3
202404	230L10200	3	売上高	63966000.0	59323960.0	60303396.0	100.6	101.6	94.2
202404	230L10200	4	グループ売上高	0.0	0.0	0.0	0.0	0.0	0.0
202404	230L10200	5	社内売上高	0.0	0.0	0.0	0.0	0.0	0.0
202404	230L10200	7	販売奨励金	-423000.0	-385400.0	-376666.0	0.0	0.0	0.0
202404	230L10200	8	売上原価	59821000.0	53393349.0	54584925.0	91.0	102.2	91.2
202404	230L10200	9	仕入高	3117000.0	3117000.0	4079621.0	6.8	130.8	130.8
202404	230L10200	10	グループ仕入高	11412000.0	11824350.0	10366514.0	17.2	87.6	90.8
202404	230L10200	11	社内仕入高	38000000.0	33658099.0	35387852.0	59.0	105.1	93.1
202404	230L10200	12	荷造運搬費	3532000.0	2980000.0	2883533.0	4.8	96.7	81.6
202404	230L10200	13	販売手数料	3760000.0	1813900.0	1867405.0	3.1	102.9	49.6
202404	230L10200	14	総収益	3722000.0	5545211.0	5341805.0	8.9	96.3	143.5
202404	230L10200	15	経費合計	905410.0	840410.0	783943.0	1.3	93.2	86.5
202404	230L10200	16	経費合計（原価）	0.0	0.0	0.0	0.0	0.0	0.0
202404	230L10200	17	種苗費*	0.0	0.0	0.0	0.0	0.0	0.0
202404	230L10200	18	肥料費*	0.0	0.0	0.0	0.0	0.0	0.0
202404	230L10200	19	培土費用*	0.0	0.0	0.0	0.0	0.0	0.0
202404	230L10200	20	農薬衛生費*	0.0	0.0	0.0	0.0	0.0	0.0
202404	230L10200	21	農具費*	0.0	0.0	0.0	0.0	0.0	0.0
202404	230L10200	22	諸材料費*	0.0	0.0	0.0	0.0	0.0	0.0
202404	230L10200	23	その他仕入高*	0.0	0.0	0.0	0.0	0.0	0.0
202404	230L10200	24	減価償却費*	0.0	0.0	0.0	0.0	0.0	0.0
202404	230L10200	25	車両費*	0.0	0.0	0.0	0.0	0.0	0.0
202404	230L10200	26	水道光熱費*	0.0	0.0	0.0	0.0	0.0	0.0
202404	230L10200	27	動力費*	0.0	0.0	0.0	0.0	0.0	0.0
202404	230L10200	28	燃料費*	0.0	0.0	0.0	0.0	0.0	0.0
202404	230L10200	29	賃借料*	0.0	0.0	0.0	0.0	0.0	0.0
202404	230L10200	30	修繕費*	0.0	0.0	0.0	0.0	0.0	0.0
202404	230L10200	31	診断料*	0.0	0.0	0.0	0.0	0.0	0.0
202404	230L10200	32	租税公課*	0.0	0.0	0.0	0.0	0.0	0.0
202404	230L10200	33	業務委託費*	0.0	0.0	0.0	0.0	0.0	0.0
202404	230L10200	34	雑費*	0.0	0.0	0.0	0.0	0.0	0.0
202404	230L10200	35	雑給*	0.0	0.0	0.0	0.0	0.0	0.0
202404	230L10200	36	経費合計（販管費）	905410.0	840410.0	783943.0	1.3	93.2	86.5
202404	230L10200	37	減価償却費	0.0	0.0	0.0	0.0	0.0	0.0
202404	230L10200	38	車両費	246590.0	226590.0	241630.0	0.4	106.6	97.9
202404	230L10200	39	旅費交通費	90000.0	80000.0	52160.0	0.0	65.2	57.9
202404	230L10200	40	通信費	20000.0	20000.0	17772.0	0.0	88.8	88.8
202404	230L10200	41	水道光熱費	0.0	0.0	0.0	0.0	0.0	0.0
202404	230L10200	42	事務用品費	5000.0	5000.0	1436.0	0.0	28.7	28.7
202404	230L10200	43	消耗品費	0.0	0.0	0.0	0.0	0.0	0.0
202404	230L10200	44	廃棄物処理料	0.0	0.0	0.0	0.0	0.0	0.0
202404	230L10200	45	広告宣伝費	10000.0	0.0	0.0	0.0	0.0	0.0
202404	230L10200	46	接待交際費	30000.0	5000.0	0.0	0.0	0.0	0.0
202404	230L10200	47	賃借料	80000.0	80000.0	80000.0	0.1	100.0	100.0
202404	230L10200	48	賃貸料収入	0.0	0.0	0.0	0.0	0.0	0.0
202404	230L10200	49	修繕費	0.0	0.0	0.0	0.0	0.0	0.0
202404	230L10200	50	支払リース料	0.0	0.0	0.0	0.0	0.0	0.0
202404	230L10200	51	保険料	45000.0	45000.0	46570.0	0.0	103.4	103.4
202404	230L10200	52	支払報酬	0.0	0.0	0.0	0.0	0.0	0.0
202404	230L10200	53	支払手数料	30000.0	30000.0	18828.0	0.0	62.7	62.7
202404	230L10200	54	診断料	0.0	0.0	0.0	0.0	0.0	0.0
202404	230L10200	55	諸会費	500.0	500.0	500.0	0.0	100.0	100.0
202404	230L10200	56	会議費	5000.0	5000.0	0.0	0.0	0.0	0.0
202404	230L10200	57	寄付金	0.0	0.0	0.0	0.0	0.0	0.0
202404	230L10200	58	租税公課	0.0	0.0	0.0	0.0	0.0	0.0
202404	230L10200	59	業務委託費	0.0	0.0	0.0	0.0	0.0	0.0
202404	230L10200	60	業務受託収入	0.0	0.0	0.0	0.0	0.0	0.0
202404	230L10200	61	情報機器利用料	55720.0	55720.0	55720.0	0.0	100.0	100.0
202404	230L10200	62	貸倒金	0.0	0.0	0.0	0.0	0.0	0.0
202404	230L10200	63	雑費	90000.0	90000.0	71727.0	0.1	79.6	79.6
202404	230L10200	64	福利消耗品費	0.0	0.0	0.0	0.0	0.0	0.0
202404	230L10200	65	教育研修費	0.0	0.0	0.0	0.0	0.0	0.0
202404	230L10200	66	廃棄損	0.0	0.0	0.0	0.0	0.0	0.0
202404	230L10200	67	雑給	0.0	0.0	0.0	0.0	0.0	0.0
202404	230L10200	68	社内金利（固定資産）	0.0	0.0	0.0	0.0	0.0	0.0
202404	230L10200	69	社内金利（売掛金）	0.0	0.0	0.0	0.0	0.0	0.0
202404	230L10200	70	グループ共通	197600.0	197600.0	197600.0	0.3	100.0	100.0
202404	230L10200	71	差引収益	2816590.0	4704801.0	4557862.0	7.6	96.8	161.8
202404	230L10200	72	差引比率	4.4	7.9	7.6		96.2	172.7
202404	230L10200	73	総時間	710.0	710.0	756.25		106.5	106.5
202404	230L10200	74	定時間	640.0	640.0	680.0		106.2	106.2
202404	230L10200	75	残業時間	70.0	70.0	76.25		108.9	108.9
202404	230L10200	76	移動時間	0.0	0.0	0.0		0.0	0.0
202404	230L10200	77	当月時間当り	3967.0	6626.4	6026.9		90.9	151.9
202404	230L10200	78	人員	4.0	4.0	4.0		100.0	100.0
202405	230L10200	1	総受注高	77436000.0	68692600.0	73823691.0		107.4	95.3
202405	230L10200	2	総売上高	77436000.0	68692600.0	73916451.0		107.6	95.4
202405	230L10200	3	売上高	77979000.0	69200600.0	74317891.0	100.5	107.3	95.3
202405	230L10200	4	グループ売上高	0.0	0.0	0.0	0.0	0.0	0.0
202405	230L10200	5	社内売上高	0.0	0.0	92760.0	0.1	0.0	0.0
202405	230L10200	7	販売奨励金	-543000.0	-508000.0	-494200.0	0.0	0.0	0.0
202405	230L10200	8	売上原価	72590000.0	64620615.0	68939007.0	93.2	106.6	94.9
202405	230L10200	9	仕入高	3357000.0	3288500.0	4538055.0	6.1	137.9	135.1
202405	230L10200	10	グループ仕入高	12193000.0	12431000.0	10254463.0	13.8	82.4	84.1
202405	230L10200	11	社内仕入高	48500000.0	41624115.0	46773673.0	63.2	112.3	96.4
202405	230L10200	12	荷造運搬費	4552000.0	3958000.0	4132584.0	5.5	104.4	90.7
202405	230L10200	13	販売手数料	3988000.0	3319000.0	3240232.0	4.3	97.6	81.2
202405	230L10200	14	総収益	4846000.0	4071985.0	4977444.0	6.7	122.2	102.7
202405	230L10200	15	経費合計	899910.0	871910.0	766242.0	1.0	87.8	85.1
202405	230L10200	16	経費合計（原価）	0.0	0.0	0.0	0.0	0.0	0.0
202405	230L10200	17	種苗費*	0.0	0.0	0.0	0.0	0.0	0.0
202405	230L10200	18	肥料費*	0.0	0.0	0.0	0.0	0.0	0.0
202405	230L10200	19	培土費用*	0.0	0.0	0.0	0.0	0.0	0.0
202405	230L10200	20	農薬衛生費*	0.0	0.0	0.0	0.0	0.0	0.0
202405	230L10200	21	農具費*	0.0	0.0	0.0	0.0	0.0	0.0
202405	230L10200	22	諸材料費*	0.0	0.0	0.0	0.0	0.0	0.0
202405	230L10200	23	その他仕入高*	0.0	0.0	0.0	0.0	0.0	0.0
202405	230L10200	24	減価償却費*	0.0	0.0	0.0	0.0	0.0	0.0
202405	230L10200	25	車両費*	0.0	0.0	0.0	0.0	0.0	0.0
202405	230L10200	26	水道光熱費*	0.0	0.0	0.0	0.0	0.0	0.0
202405	230L10200	27	動力費*	0.0	0.0	0.0	0.0	0.0	0.0
202405	230L10200	28	燃料費*	0.0	0.0	0.0	0.0	0.0	0.0
202405	230L10200	29	賃借料*	0.0	0.0	0.0	0.0	0.0	0.0
202405	230L10200	30	修繕費*	0.0	0.0	0.0	0.0	0.0	0.0
202405	230L10200	31	診断料*	0.0	0.0	0.0	0.0	0.0	0.0
202405	230L10200	32	租税公課*	0.0	0.0	0.0	0.0	0.0	0.0
202405	230L10200	33	業務委託費*	0.0	0.0	0.0	0.0	0.0	0.0
202405	230L10200	34	雑費*	0.0	0.0	0.0	0.0	0.0	0.0
202405	230L10200	35	雑給*	0.0	0.0	0.0	0.0	0.0	0.0
202405	230L10200	36	経費合計（販管費）	899910.0	871910.0	766242.0	1.0	87.8	85.1
202405	230L10200	37	減価償却費	0.0	0.0	0.0	0.0	0.0	0.0
202405	230L10200	38	車両費	246590.0	246590.0	209495.0	0.2	84.9	84.9
202405	230L10200	39	旅費交通費	90000.0	90000.0	88089.0	0.1	97.8	97.8
202405	230L10200	40	通信費	20000.0	20000.0	15411.0	0.0	77.0	77.0
202405	230L10200	41	水道光熱費	0.0	0.0	0.0	0.0	0.0	0.0
202405	230L10200	42	事務用品費	5000.0	5000.0	3257.0	0.0	65.1	65.1
202405	230L10200	43	消耗品費	0.0	0.0	0.0	0.0	0.0	0.0
202405	230L10200	44	廃棄物処理料	0.0	0.0	0.0	0.0	0.0	0.0
202405	230L10200	45	広告宣伝費	10000.0	12000.0	10000.0	0.0	83.3	100.0
202405	230L10200	46	接待交際費	30000.0	0.0	0.0	0.0	0.0	0.0
202405	230L10200	47	賃借料	80000.0	80000.0	80000.0	0.1	100.0	100.0
202405	230L10200	48	賃貸料収入	0.0	0.0	0.0	0.0	0.0	0.0
202405	230L10200	49	修繕費	0.0	0.0	0.0	0.0	0.0	0.0
202405	230L10200	50	支払リース料	0.0	0.0	0.0	0.0	0.0	0.0
202405	230L10200	51	保険料	0.0	0.0	0.0	0.0	0.0	0.0
202405	230L10200	52	支払報酬	0.0	0.0	0.0	0.0	0.0	0.0
202405	230L10200	53	支払手数料	30000.0	30000.0	16228.0	0.0	54.0	54.0
202405	230L10200	54	診断料	0.0	0.0	0.0	0.0	0.0	0.0
202405	230L10200	55	諸会費	0.0	0.0	0.0	0.0	0.0	0.0
202405	230L10200	56	会議費	5000.0	5000.0	1964.0	0.0	39.2	39.2
202405	230L10200	57	寄付金	0.0	0.0	0.0	0.0	0.0	0.0
202405	230L10200	58	租税公課	0.0	0.0	4000.0	0.0	0.0	0.0
202405	230L10200	59	業務委託費	0.0	0.0	0.0	0.0	0.0	0.0
202405	230L10200	60	業務受託収入	0.0	0.0	0.0	0.0	0.0	0.0
202405	230L10200	61	情報機器利用料	55720.0	55720.0	55720.0	0.0	100.0	100.0
202405	230L10200	62	貸倒金	0.0	0.0	0.0	0.0	0.0	0.0
202405	230L10200	63	雑費	90000.0	90000.0	82708.0	0.1	91.8	91.8
202405	230L10200	64	福利消耗品費	40000.0	40000.0	1770.0	0.0	4.4	4.4
202405	230L10200	65	教育研修費	0.0	0.0	0.0	0.0	0.0	0.0
202405	230L10200	66	廃棄損	0.0	0.0	0.0	0.0	0.0	0.0
202405	230L10200	67	雑給	0.0	0.0	0.0	0.0	0.0	0.0
202405	230L10200	68	社内金利（固定資産）	0.0	0.0	0.0	0.0	0.0	0.0
202405	230L10200	69	社内金利（売掛金）	0.0	0.0	0.0	0.0	0.0	0.0
202405	230L10200	70	グループ共通	197600.0	197600.0	197600.0	0.2	100.0	100.0
202405	230L10200	71	差引収益	3946090.0	3200075.0	4211202.0	5.6	131.5	106.7
202405	230L10200	72	差引比率	5.0	4.6	5.6		121.7	112.0
202405	230L10200	73	総時間	720.0	720.0	774.5		107.5	107.5
202405	230L10200	74	定時間	640.0	640.0	691.75		108.0	108.0
202405	230L10200	75	残業時間	80.0	80.0	82.75		103.4	103.4
202405	230L10200	76	移動時間	0.0	0.0	0.0		0.0	0.0
202405	230L10200	77	当月時間当り	5480.6	4444.5	5437.3		122.3	99.2
202405	230L10200	78	人員	4.0	4.0	4.0		100.0	100.0
202406	230L10200	1	総受注高	70067000.0	78357240.0	78498289.0		100.1	112.0
202406	230L10200	2	総売上高	70067000.0	78357240.0	78498289.0		100.1	112.0
202406	230L10200	3	売上高	70659000.0	78989240.0	79113035.0	100.7	100.1	111.9
202406	230L10200	4	グループ売上高	0.0	0.0	0.0	0.0	0.0	0.0
202406	230L10200	5	社内売上高	0.0	0.0	0.0	0.0	0.0	0.0
202406	230L10200	7	販売奨励金	-592000.0	-632000.0	-614746.0	0.0	0.0	0.0
202406	230L10200	8	売上原価	66583000.0	73583323.0	72841942.0	92.7	98.9	109.4
202406	230L10200	9	仕入高	3713000.0	3713000.0	5366610.0	6.8	144.5	144.5
202406	230L10200	10	グループ仕入高	11591000.0	11213000.0	9738670.0	12.4	86.8	84.0
202406	230L10200	11	社内仕入高	42700000.0	50573323.0	50126965.0	63.8	99.1	117.3
202406	230L10200	12	荷造運搬費	4141000.0	4000000.0	3516881.0	4.4	87.9	84.9
202406	230L10200	13	販売手数料	4438000.0	4084000.0	4092816.0	5.2	100.2	92.2
202406	230L10200	14	総収益	3484000.0	4773917.0	5656347.0	7.2	118.4	162.3
202406	230L10200	15	経費合計	860410.0	820410.0	689144.0	0.8	83.9	80.0
202406	230L10200	16	経費合計（原価）	0.0	0.0	0.0	0.0	0.0	0.0
202406	230L10200	17	種苗費*	0.0	0.0	0.0	0.0	0.0	0.0
202406	230L10200	18	肥料費*	0.0	0.0	0.0	0.0	0.0	0.0
202406	230L10200	19	培土費用*	0.0	0.0	0.0	0.0	0.0	0.0
202406	230L10200	20	農薬衛生費*	0.0	0.0	0.0	0.0	0.0	0.0
202406	230L10200	21	農具費*	0.0	0.0	0.0	0.0	0.0	0.0
202406	230L10200	22	諸材料費*	0.0	0.0	0.0	0.0	0.0	0.0
202406	230L10200	23	その他仕入高*	0.0	0.0	0.0	0.0	0.0	0.0
202406	230L10200	24	減価償却費*	0.0	0.0	0.0	0.0	0.0	0.0
202406	230L10200	25	車両費*	0.0	0.0	0.0	0.0	0.0	0.0
202406	230L10200	26	水道光熱費*	0.0	0.0	0.0	0.0	0.0	0.0
202406	230L10200	27	動力費*	0.0	0.0	0.0	0.0	0.0	0.0
202406	230L10200	28	燃料費*	0.0	0.0	0.0	0.0	0.0	0.0
202406	230L10200	29	賃借料*	0.0	0.0	0.0	0.0	0.0	0.0
202406	230L10200	30	修繕費*	0.0	0.0	0.0	0.0	0.0	0.0
202406	230L10200	31	診断料*	0.0	0.0	0.0	0.0	0.0	0.0
202406	230L10200	32	租税公課*	0.0	0.0	0.0	0.0	0.0	0.0
202406	230L10200	33	業務委託費*	0.0	0.0	0.0	0.0	0.0	0.0
202406	230L10200	34	雑費*	0.0	0.0	0.0	0.0	0.0	0.0
202406	230L10200	35	雑給*	0.0	0.0	0.0	0.0	0.0	0.0
202406	230L10200	36	経費合計（販管費）	860410.0	820410.0	689144.0	0.8	83.9	80.0
202406	230L10200	37	減価償却費	0.0	0.0	0.0	0.0	0.0	0.0
202406	230L10200	38	車両費	246590.0	246590.0	182569.0	0.2	74.0	74.0
202406	230L10200	39	旅費交通費	90000.0	90000.0	39562.0	0.0	43.9	43.9
202406	230L10200	40	通信費	20000.0	20000.0	15618.0	0.0	78.0	78.0
202406	230L10200	41	水道光熱費	0.0	0.0	0.0	0.0	0.0	0.0
202406	230L10200	42	事務用品費	5000.0	5000.0	0.0	0.0	0.0	0.0
202406	230L10200	43	消耗品費	0.0	0.0	0.0	0.0	0.0	0.0
202406	230L10200	44	廃棄物処理料	0.0	0.0	0.0	0.0	0.0	0.0
202406	230L10200	45	広告宣伝費	10000.0	0.0	0.0	0.0	0.0	0.0
202406	230L10200	46	接待交際費	30000.0	0.0	0.0	0.0	0.0	0.0
202406	230L10200	47	賃借料	80000.0	80000.0	80000.0	0.1	100.0	100.0
202406	230L10200	48	賃貸料収入	0.0	0.0	0.0	0.0	0.0	0.0
202406	230L10200	49	修繕費	0.0	0.0	0.0	0.0	0.0	0.0
202406	230L10200	50	支払リース料	0.0	0.0	0.0	0.0	0.0	0.0
202406	230L10200	51	保険料	0.0	0.0	0.0	0.0	0.0	0.0
202406	230L10200	52	支払報酬	0.0	0.0	0.0	0.0	0.0	0.0
202406	230L10200	53	支払手数料	30000.0	30000.0	17002.0	0.0	56.6	56.6
202406	230L10200	54	診断料	0.0	0.0	0.0	0.0	0.0	0.0
202406	230L10200	55	諸会費	500.0	500.0	0.0	0.0	0.0	0.0
202406	230L10200	56	会議費	5000.0	5000.0	0.0	0.0	0.0	0.0
202406	230L10200	57	寄付金	0.0	0.0	0.0	0.0	0.0	0.0
202406	230L10200	58	租税公課	0.0	0.0	0.0	0.0	0.0	0.0
202406	230L10200	59	業務委託費	0.0	0.0	0.0	0.0	0.0	0.0
202406	230L10200	60	業務受託収入	0.0	0.0	0.0	0.0	0.0	0.0
202406	230L10200	61	情報機器利用料	55720.0	55720.0	55720.0	0.0	100.0	100.0
202406	230L10200	62	貸倒金	0.0	0.0	0.0	0.0	0.0	0.0
202406	230L10200	63	雑費	90000.0	90000.0	101073.0	0.1	112.3	112.3
202406	230L10200	64	福利消耗品費	0.0	0.0	0.0	0.0	0.0	0.0
202406	230L10200	65	教育研修費	0.0	0.0	0.0	0.0	0.0	0.0
202406	230L10200	66	廃棄損	0.0	0.0	0.0	0.0	0.0	0.0
202406	230L10200	67	雑給	0.0	0.0	0.0	0.0	0.0	0.0
202406	230L10200	68	社内金利（固定資産）	0.0	0.0	0.0	0.0	0.0	0.0
202406	230L10200	69	社内金利（売掛金）	0.0	0.0	0.0	0.0	0.0	0.0
202406	230L10200	70	グループ共通	197600.0	197600.0	197600.0	0.2	100.0	100.0
202406	230L10200	71	差引収益	2623590.0	3953507.0	4967203.0	6.3	125.6	189.3
202406	230L10200	72	差引比率	3.7	5.0	6.3		126.0	170.2
202406	230L10200	73	総時間	760.0	744.0	716.75		96.3	94.3
202406	230L10200	74	定時間	680.0	664.0	635.0		95.6	93.3
202406	230L10200	75	残業時間	80.0	80.0	81.75		102.1	102.1
202406	230L10200	76	移動時間	0.0	0.0	0.0		0.0	0.0
202406	230L10200	77	当月時間当り	3452.0	5313.8	6930.1		130.4	200.7
202406	230L10200	78	人員	4.0	4.0	4.0		100.0	100.0
202407	230L10200	1	総受注高	45692000.0	52195000.0	54757458.0		104.9	119.8
202407	230L10200	2	総売上高	45692000.0	52195000.0	54757458.0		104.9	119.8
202407	230L10200	3	売上高	46283000.0	52851000.0	55397367.0	101.1	104.8	119.6
202407	230L10200	4	グループ売上高	0.0	0.0	0.0	0.0	0.0	0.0
202407	230L10200	5	社内売上高	0.0	0.0	0.0	0.0	0.0	0.0
202407	230L10200	7	販売奨励金	-591000.0	-656000.0	-639909.0	0.0	0.0	0.0
202407	230L10200	8	売上原価	45307000.0	51046690.0	53777999.0	98.2	105.3	118.6
202407	230L10200	9	仕入高	4078000.0	4160000.0	4067956.0	7.4	97.7	99.7
202407	230L10200	10	グループ仕入高	6130000.0	3891300.0	3738560.0	6.8	96.0	60.9
202407	230L10200	11	社内仕入高	28400000.0	35213390.0	38181704.0	69.7	108.4	134.4
202407	230L10200	12	荷造運搬費	2557000.0	3004000.0	2983060.0	5.4	99.3	116.6
202407	230L10200	13	販売手数料	4142000.0	4778000.0	4806719.0	8.7	100.6	116.0
202407	230L10200	14	総収益	385000.0	1148310.0	979459.0	1.7	85.2	254.4
202407	230L10200	15	経費合計	1049910.0	1009910.0	847979.0	1.5	83.9	80.7
202407	230L10200	16	経費合計（原価）	0.0	0.0	0.0	0.0	0.0	0.0
202407	230L10200	17	種苗費*	0.0	0.0	0.0	0.0	0.0	0.0
202407	230L10200	18	肥料費*	0.0	0.0	0.0	0.0	0.0	0.0
202407	230L10200	19	培土費用*	0.0	0.0	0.0	0.0	0.0	0.0
202407	230L10200	20	農薬衛生費*	0.0	0.0	0.0	0.0	0.0	0.0
202407	230L10200	21	農具費*	0.0	0.0	0.0	0.0	0.0	0.0
202407	230L10200	22	諸材料費*	0.0	0.0	0.0	0.0	0.0	0.0
202407	230L10200	23	その他仕入高*	0.0	0.0	0.0	0.0	0.0	0.0
202407	230L10200	24	減価償却費*	0.0	0.0	0.0	0.0	0.0	0.0
202407	230L10200	25	車両費*	0.0	0.0	0.0	0.0	0.0	0.0
202407	230L10200	26	水道光熱費*	0.0	0.0	0.0	0.0	0.0	0.0
202407	230L10200	27	動力費*	0.0	0.0	0.0	0.0	0.0	0.0
202407	230L10200	28	燃料費*	0.0	0.0	0.0	0.0	0.0	0.0
202407	230L10200	29	賃借料*	0.0	0.0	0.0	0.0	0.0	0.0
202407	230L10200	30	修繕費*	0.0	0.0	0.0	0.0	0.0	0.0
202407	230L10200	31	診断料*	0.0	0.0	0.0	0.0	0.0	0.0
202407	230L10200	32	租税公課*	0.0	0.0	0.0	0.0	0.0	0.0
202407	230L10200	33	業務委託費*	0.0	0.0	0.0	0.0	0.0	0.0
202407	230L10200	34	雑費*	0.0	0.0	0.0	0.0	0.0	0.0
202407	230L10200	35	雑給*	0.0	0.0	0.0	0.0	0.0	0.0
202407	230L10200	36	経費合計（販管費）	1049910.0	1009910.0	847979.0	1.5	83.9	80.7
202407	230L10200	37	減価償却費	0.0	0.0	0.0	0.0	0.0	0.0
202407	230L10200	38	車両費	246590.0	246590.0	183874.0	0.3	74.5	74.5
202407	230L10200	39	旅費交通費	90000.0	90000.0	57425.0	0.1	63.8	63.8
202407	230L10200	40	通信費	20000.0	20000.0	15001.0	0.0	75.0	75.0
202407	230L10200	41	水道光熱費	0.0	0.0	0.0	0.0	0.0	0.0
202407	230L10200	42	事務用品費	5000.0	5000.0	3749.0	0.0	74.9	74.9
202407	230L10200	43	消耗品費	0.0	0.0	0.0	0.0	0.0	0.0
202407	230L10200	44	廃棄物処理料	0.0	0.0	0.0	0.0	0.0	0.0
202407	230L10200	45	広告宣伝費	10000.0	0.0	0.0	0.0	0.0	0.0
202407	230L10200	46	接待交際費	30000.0	0.0	0.0	0.0	0.0	0.0
202407	230L10200	47	賃借料	80000.0	80000.0	80000.0	0.1	100.0	100.0
202407	230L10200	48	賃貸料収入	0.0	0.0	0.0	0.0	0.0	0.0
202407	230L10200	49	修繕費	0.0	0.0	0.0	0.0	0.0	0.0
202407	230L10200	50	支払リース料	0.0	0.0	0.0	0.0	0.0	0.0
202407	230L10200	51	保険料	0.0	0.0	0.0	0.0	0.0	0.0
202407	230L10200	52	支払報酬	185000.0	185000.0	157339.0	0.2	85.0	85.0
202407	230L10200	53	支払手数料	30000.0	30000.0	17528.0	0.0	58.4	58.4
202407	230L10200	54	診断料	0.0	0.0	0.0	0.0	0.0	0.0
202407	230L10200	55	諸会費	0.0	0.0	0.0	0.0	0.0	0.0
202407	230L10200	56	会議費	5000.0	5000.0	0.0	0.0	0.0	0.0
202407	230L10200	57	寄付金	0.0	0.0	0.0	0.0	0.0	0.0
202407	230L10200	58	租税公課	5000.0	5000.0	0.0	0.0	0.0	0.0
202407	230L10200	59	業務委託費	0.0	0.0	0.0	0.0	0.0	0.0
202407	230L10200	60	業務受託収入	0.0	0.0	-30000.0	0.0	0.0	0.0
202407	230L10200	61	情報機器利用料	55720.0	55720.0	55720.0	0.1	100.0	100.0
202407	230L10200	62	貸倒金	0.0	0.0	0.0	0.0	0.0	0.0
202407	230L10200	63	雑費	90000.0	90000.0	106343.0	0.1	118.1	118.1
202407	230L10200	64	福利消耗品費	0.0	0.0	3400.0	0.0	0.0	0.0
202407	230L10200	65	教育研修費	0.0	0.0	0.0	0.0	0.0	0.0
202407	230L10200	66	廃棄損	0.0	0.0	0.0	0.0	0.0	0.0
202407	230L10200	67	雑給	0.0	0.0	0.0	0.0	0.0	0.0
202407	230L10200	68	社内金利（固定資産）	0.0	0.0	0.0	0.0	0.0	0.0
202407	230L10200	69	社内金利（売掛金）	0.0	0.0	0.0	0.0	0.0	0.0
202407	230L10200	70	グループ共通	197600.0	197600.0	197600.0	0.3	100.0	100.0
202407	230L10200	71	差引収益	-664910.0	138400.0	131480.0	0.2	95.0	0.0
202407	230L10200	72	差引比率	-1.4	0.2	0.2		100.0	0.0
202407	230L10200	73	総時間	820.0	780.0	860.5		110.3	104.9
202407	230L10200	74	定時間	650.0	650.0	717.0		110.3	110.3
202407	230L10200	75	残業時間	70.0	70.0	125.5		179.2	179.2
202407	230L10200	76	移動時間	100.0	60.0	18.0		30.0	18.0
202407	230L10200	77	当月時間当り	-810.8	177.4	152.7		86.0	0.0
202407	230L10200	78	人員	4.0	4.0	4.0		100.0	100.0
202408	230L10200	1	総受注高	40955000.0	37559000.0	40513404.0		107.8	98.9
202408	230L10200	2	総売上高	40955000.0	37559000.0	40513404.0		107.8	98.9
202408	230L10200	3	売上高	41456000.0	38053000.0	40982279.0	101.1	107.6	98.8
202408	230L10200	4	グループ売上高	0.0	0.0	0.0	0.0	0.0	0.0
202408	230L10200	5	社内売上高	0.0	0.0	0.0	0.0	0.0	0.0
202408	230L10200	7	販売奨励金	-501000.0	-494000.0	-468875.0	0.0	0.0	0.0
202408	230L10200	8	売上原価	38916000.0	37364721.0	39665255.0	97.9	106.1	101.9
202408	230L10200	9	仕入高	2486000.0	3090000.0	3479640.0	8.5	112.6	139.9
202408	230L10200	10	グループ仕入高	4498000.0	4753000.0	5108005.0	12.6	107.4	113.5
202408	230L10200	11	社内仕入高	27800000.0	23767721.0	25250388.0	62.3	106.2	90.8
202408	230L10200	12	荷造運搬費	2124000.0	2600000.0	2710820.0	6.6	104.2	127.6
202408	230L10200	13	販売手数料	2008000.0	3154000.0	3116402.0	7.6	98.8	155.1
202408	230L10200	14	総収益	2039000.0	194279.0	848149.0	2.0	436.5	41.5
202408	230L10200	15	経費合計	820410.0	816660.0	704551.0	1.7	86.2	85.8
202408	230L10200	16	経費合計（原価）	0.0	0.0	0.0	0.0	0.0	0.0
202408	230L10200	17	種苗費*	0.0	0.0	0.0	0.0	0.0	0.0
202408	230L10200	18	肥料費*	0.0	0.0	0.0	0.0	0.0	0.0
202408	230L10200	19	培土費用*	0.0	0.0	0.0	0.0	0.0	0.0
202408	230L10200	20	農薬衛生費*	0.0	0.0	0.0	0.0	0.0	0.0
202408	230L10200	21	農具費*	0.0	0.0	0.0	0.0	0.0	0.0
202408	230L10200	22	諸材料費*	0.0	0.0	0.0	0.0	0.0	0.0
202408	230L10200	23	その他仕入高*	0.0	0.0	0.0	0.0	0.0	0.0
202408	230L10200	24	減価償却費*	0.0	0.0	0.0	0.0	0.0	0.0
202408	230L10200	25	車両費*	0.0	0.0	0.0	0.0	0.0	0.0
202408	230L10200	26	水道光熱費*	0.0	0.0	0.0	0.0	0.0	0.0
202408	230L10200	27	動力費*	0.0	0.0	0.0	0.0	0.0	0.0
202408	230L10200	28	燃料費*	0.0	0.0	0.0	0.0	0.0	0.0
202408	230L10200	29	賃借料*	0.0	0.0	0.0	0.0	0.0	0.0
202408	230L10200	30	修繕費*	0.0	0.0	0.0	0.0	0.0	0.0
202408	230L10200	31	診断料*	0.0	0.0	0.0	0.0	0.0	0.0
202408	230L10200	32	租税公課*	0.0	0.0	0.0	0.0	0.0	0.0
202408	230L10200	33	業務委託費*	0.0	0.0	0.0	0.0	0.0	0.0
202408	230L10200	34	雑費*	0.0	0.0	0.0	0.0	0.0	0.0
202408	230L10200	35	雑給*	0.0	0.0	0.0	0.0	0.0	0.0
202408	230L10200	36	経費合計（販管費）	820410.0	816660.0	704551.0	1.7	86.2	85.8
202408	230L10200	37	減価償却費	0.0	0.0	0.0	0.0	0.0	0.0
202408	230L10200	38	車両費	236590.0	198590.0	174093.0	0.4	87.6	73.5
202408	230L10200	39	旅費交通費	70000.0	70000.0	37518.0	0.0	53.5	53.5
202408	230L10200	40	通信費	20000.0	20000.0	15883.0	0.0	79.4	79.4
202408	230L10200	41	水道光熱費	0.0	0.0	0.0	0.0	0.0	0.0
202408	230L10200	42	事務用品費	5000.0	5000.0	0.0	0.0	0.0	0.0
202408	230L10200	43	消耗品費	0.0	0.0	0.0	0.0	0.0	0.0
202408	230L10200	44	廃棄物処理料	0.0	0.0	0.0	0.0	0.0	0.0
202408	230L10200	45	広告宣伝費	10000.0	10000.0	0.0	0.0	0.0	0.0
202408	230L10200	46	接待交際費	20000.0	20000.0	0.0	0.0	0.0	0.0
202408	230L10200	47	賃借料	80000.0	80000.0	80000.0	0.1	100.0	100.0
202408	230L10200	48	賃貸料収入	0.0	0.0	0.0	0.0	0.0	0.0
202408	230L10200	49	修繕費	0.0	0.0	0.0	0.0	0.0	0.0
202408	230L10200	50	支払リース料	0.0	0.0	0.0	0.0	0.0	0.0
202408	230L10200	51	保険料	0.0	0.0	0.0	0.0	0.0	0.0
202408	230L10200	52	支払報酬	0.0	34250.0	29000.0	0.0	84.6	0.0
202408	230L10200	53	支払手数料	30000.0	30000.0	18028.0	0.0	60.0	60.0
202408	230L10200	54	診断料	0.0	0.0	0.0	0.0	0.0	0.0
202408	230L10200	55	諸会費	500.0	500.0	0.0	0.0	0.0	0.0
202408	230L10200	56	会議費	5000.0	5000.0	0.0	0.0	0.0	0.0
202408	230L10200	57	寄付金	0.0	0.0	0.0	0.0	0.0	0.0
202408	230L10200	58	租税公課	0.0	0.0	5109.0	0.0	0.0	0.0
202408	230L10200	59	業務委託費	0.0	0.0	0.0	0.0	0.0	0.0
202408	230L10200	60	業務受託収入	0.0	0.0	0.0	0.0	0.0	0.0
202408	230L10200	61	情報機器利用料	55720.0	55720.0	55720.0	0.1	100.0	100.0
202408	230L10200	62	貸倒金	0.0	0.0	0.0	0.0	0.0	0.0
202408	230L10200	63	雑費	90000.0	90000.0	91600.0	0.2	101.7	101.7
202408	230L10200	64	福利消耗品費	0.0	0.0	0.0	0.0	0.0	0.0
202408	230L10200	65	教育研修費	0.0	0.0	0.0	0.0	0.0	0.0
202408	230L10200	66	廃棄損	0.0	0.0	0.0	0.0	0.0	0.0
202408	230L10200	67	雑給	0.0	0.0	0.0	0.0	0.0	0.0
202408	230L10200	68	社内金利（固定資産）	0.0	0.0	0.0	0.0	0.0	0.0
202408	230L10200	69	社内金利（売掛金）	0.0	0.0	0.0	0.0	0.0	0.0
202408	230L10200	70	グループ共通	197600.0	197600.0	197600.0	0.4	100.0	100.0
202408	230L10200	71	差引収益	1218590.0	-622381.0	143598.0	0.3	0.0	11.7
202408	230L10200	72	差引比率	2.9	-1.6	0.3		0.0	10.3
202408	230L10200	73	総時間	810.0	770.0	758.5		98.5	93.6
202408	230L10200	74	定時間	670.0	670.0	644.75		96.2	96.2
202408	230L10200	75	残業時間	70.0	70.0	79.0		112.8	112.8
202408	230L10200	76	移動時間	70.0	30.0	34.75		115.8	49.6
202408	230L10200	77	当月時間当り	1504.4	-808.2	189.3		0.0	12.5
202408	230L10200	78	人員	4.0	4.0	4.0		100.0	100.0
202409	230L10200	1	総受注高	35517000.0	31679000.0	32051573.0		101.1	90.2
202409	230L10200	2	総売上高	35517000.0	31679000.0	32051573.0		101.1	90.2
202409	230L10200	3	売上高	36065000.0	32353000.0	32720260.0	102.0	101.1	90.7
202409	230L10200	4	グループ売上高	0.0	0.0	0.0	0.0	0.0	0.0
202409	230L10200	5	社内売上高	0.0	0.0	0.0	0.0	0.0	0.0
202409	230L10200	7	販売奨励金	-548000.0	-674000.0	-668687.0	0.0	0.0	0.0
202409	230L10200	8	売上原価	33971000.0	31541800.0	31747857.0	99.0	100.6	93.4
202409	230L10200	9	仕入高	1182000.0	1594000.0	1800766.0	5.6	112.9	152.3
202409	230L10200	10	グループ仕入高	5164000.0	4712400.0	4573916.0	14.2	97.0	88.5
202409	230L10200	11	社内仕入高	24100000.0	21185400.0	21475949.0	67.0	101.3	89.1
202409	230L10200	12	荷造運搬費	1781000.0	2250000.0	2113534.0	6.5	93.9	118.6
202409	230L10200	13	販売手数料	1744000.0	1800000.0	1783692.0	5.5	99.0	102.2
202409	230L10200	14	総収益	1546000.0	137200.0	303716.0	0.9	221.3	19.6
202409	230L10200	15	経費合計	839910.0	752010.0	666800.0	2.0	88.6	79.3
202409	230L10200	16	経費合計（原価）	0.0	0.0	0.0	0.0	0.0	0.0
202409	230L10200	17	種苗費*	0.0	0.0	0.0	0.0	0.0	0.0
202409	230L10200	18	肥料費*	0.0	0.0	0.0	0.0	0.0	0.0
202409	230L10200	19	培土費用*	0.0	0.0	0.0	0.0	0.0	0.0
202409	230L10200	20	農薬衛生費*	0.0	0.0	0.0	0.0	0.0	0.0
202409	230L10200	21	農具費*	0.0	0.0	0.0	0.0	0.0	0.0
202409	230L10200	22	諸材料費*	0.0	0.0	0.0	0.0	0.0	0.0
202409	230L10200	23	その他仕入高*	0.0	0.0	0.0	0.0	0.0	0.0
202409	230L10200	24	減価償却費*	0.0	0.0	0.0	0.0	0.0	0.0
202409	230L10200	25	車両費*	0.0	0.0	0.0	0.0	0.0	0.0
202409	230L10200	26	水道光熱費*	0.0	0.0	0.0	0.0	0.0	0.0
202409	230L10200	27	動力費*	0.0	0.0	0.0	0.0	0.0	0.0
202409	230L10200	28	燃料費*	0.0	0.0	0.0	0.0	0.0	0.0
202409	230L10200	29	賃借料*	0.0	0.0	0.0	0.0	0.0	0.0
202409	230L10200	30	修繕費*	0.0	0.0	0.0	0.0	0.0	0.0
202409	230L10200	31	診断料*	0.0	0.0	0.0	0.0	0.0	0.0
202409	230L10200	32	租税公課*	0.0	0.0	0.0	0.0	0.0	0.0
202409	230L10200	33	業務委託費*	0.0	0.0	0.0	0.0	0.0	0.0
202409	230L10200	34	雑費*	0.0	0.0	0.0	0.0	0.0	0.0
202409	230L10200	35	雑給*	0.0	0.0	0.0	0.0	0.0	0.0
202409	230L10200	36	経費合計（販管費）	839910.0	752010.0	666800.0	2.0	88.6	79.3
202409	230L10200	37	減価償却費	0.0	0.0	0.0	0.0	0.0	0.0
202409	230L10200	38	車両費	236590.0	188690.0	169545.0	0.5	89.8	71.6
202409	230L10200	39	旅費交通費	70000.0	60000.0	43181.0	0.1	71.9	61.6
202409	230L10200	40	通信費	20000.0	20000.0	15111.0	0.0	75.5	75.5
202409	230L10200	41	水道光熱費	0.0	0.0	0.0	0.0	0.0	0.0
202409	230L10200	42	事務用品費	5000.0	5000.0	948.0	0.0	18.9	18.9
202409	230L10200	43	消耗品費	0.0	0.0	0.0	0.0	0.0	0.0
202409	230L10200	44	廃棄物処理料	0.0	0.0	0.0	0.0	0.0	0.0
202409	230L10200	45	広告宣伝費	10000.0	0.0	6746.0	0.0	0.0	67.4
202409	230L10200	46	接待交際費	20000.0	0.0	0.0	0.0	0.0	0.0
202409	230L10200	47	賃借料	80000.0	80000.0	80000.0	0.2	100.0	100.0
202409	230L10200	48	賃貸料収入	0.0	0.0	0.0	0.0	0.0	0.0
202409	230L10200	49	修繕費	0.0	0.0	0.0	0.0	0.0	0.0
202409	230L10200	50	支払リース料	0.0	0.0	0.0	0.0	0.0	0.0
202409	230L10200	51	保険料	0.0	0.0	0.0	0.0	0.0	0.0
202409	230L10200	52	支払報酬	0.0	0.0	0.0	0.0	0.0	0.0
202409	230L10200	53	支払手数料	30000.0	30000.0	17378.0	0.0	57.9	57.9
202409	230L10200	54	診断料	0.0	0.0	0.0	0.0	0.0	0.0
202409	230L10200	55	諸会費	0.0	0.0	0.0	0.0	0.0	0.0
202409	230L10200	56	会議費	5000.0	5000.0	0.0	0.0	0.0	0.0
202409	230L10200	57	寄付金	0.0	0.0	0.0	0.0	0.0	0.0
202409	230L10200	58	租税公課	0.0	0.0	4000.0	0.0	0.0	0.0
202409	230L10200	59	業務委託費	0.0	0.0	0.0	0.0	0.0	0.0
202409	230L10200	60	業務受託収入	0.0	0.0	0.0	0.0	0.0	0.0
202409	230L10200	61	情報機器利用料	55720.0	55720.0	55720.0	0.1	100.0	100.0
202409	230L10200	62	貸倒金	0.0	0.0	0.0	0.0	0.0	0.0
202409	230L10200	63	雑費	90000.0	90000.0	76571.0	0.2	85.0	85.0
202409	230L10200	64	福利消耗品費	20000.0	20000.0	0.0	0.0	0.0	0.0
202409	230L10200	65	教育研修費	0.0	0.0	0.0	0.0	0.0	0.0
202409	230L10200	66	廃棄損	0.0	0.0	0.0	0.0	0.0	0.0
202409	230L10200	67	雑給	0.0	0.0	0.0	0.0	0.0	0.0
202409	230L10200	68	社内金利（固定資産）	0.0	0.0	0.0	0.0	0.0	0.0
202409	230L10200	69	社内金利（売掛金）	0.0	0.0	0.0	0.0	0.0	0.0
202409	230L10200	70	グループ共通	197600.0	197600.0	197600.0	0.6	100.0	100.0
202409	230L10200	71	差引収益	706090.0	-614810.0	-363084.0	0.0	0.0	0.0
202409	230L10200	72	差引比率	1.9	-1.9	-1.1		0.0	0.0
202409	230L10200	73	総時間	720.0	720.0	716.25		99.4	99.4
202409	230L10200	74	定時間	650.0	650.0	655.0		100.7	100.7
202409	230L10200	75	残業時間	70.0	70.0	61.25		87.5	87.5
202409	230L10200	76	移動時間	0.0	0.0	0.0		0.0	0.0
202409	230L10200	77	当月時間当り	980.6	-853.9	-506.9		0.0	0.0
202409	230L10200	78	人員	4.0	4.0	4.0		100.0	100.0
202410	230L10200	1	総受注高	35292000.0	26784000.0	34987946.0		130.6	99.1
202410	230L10200	2	総売上高	35292000.0	26784000.0	34987946.0		130.6	99.1
202410	230L10200	3	売上高	35785000.0	27284000.0	35486492.0	101.4	130.0	99.1
202410	230L10200	4	グループ売上高	0.0	0.0	0.0	0.0	0.0	0.0
202410	230L10200	5	社内売上高	0.0	0.0	0.0	0.0	0.0	0.0
202410	230L10200	7	販売奨励金	-493000.0	-500000.0	-498546.0	0.0	0.0	0.0
202410	230L10200	8	売上原価	33600000.0	26566000.0	33185522.0	94.8	124.9	98.7
202410	230L10200	9	仕入高	1349000.0	1614000.0	2295686.0	6.5	142.2	170.1
202410	230L10200	10	グループ仕入高	4946000.0	5534000.0	6708302.0	19.1	121.2	135.6
202410	230L10200	11	社内仕入高	23900000.0	16038000.0	20811634.0	59.4	129.7	87.0
202410	230L10200	12	荷造運搬費	1836000.0	2100000.0	2117793.0	6.0	100.8	115.3
202410	230L10200	13	販売手数料	1569000.0	1280000.0	1252107.0	3.5	97.8	79.8
202410	230L10200	14	総収益	1692000.0	218000.0	1802424.0	5.1	826.8	106.5
202410	230L10200	15	経費合計	840410.0	727910.0	555115.0	1.5	76.2	66.0
202410	230L10200	16	経費合計（原価）	0.0	0.0	0.0	0.0	0.0	0.0
202410	230L10200	17	種苗費*	0.0	0.0	0.0	0.0	0.0	0.0
202410	230L10200	18	肥料費*	0.0	0.0	0.0	0.0	0.0	0.0
202410	230L10200	19	培土費用*	0.0	0.0	0.0	0.0	0.0	0.0
202410	230L10200	20	農薬衛生費*	0.0	0.0	0.0	0.0	0.0	0.0
202410	230L10200	21	農具費*	0.0	0.0	0.0	0.0	0.0	0.0
202410	230L10200	22	諸材料費*	0.0	0.0	0.0	0.0	0.0	0.0
202410	230L10200	23	その他仕入高*	0.0	0.0	0.0	0.0	0.0	0.0
202410	230L10200	24	減価償却費*	0.0	0.0	0.0	0.0	0.0	0.0
202410	230L10200	25	車両費*	0.0	0.0	0.0	0.0	0.0	0.0
202410	230L10200	26	水道光熱費*	0.0	0.0	0.0	0.0	0.0	0.0
202410	230L10200	27	動力費*	0.0	0.0	0.0	0.0	0.0	0.0
202410	230L10200	28	燃料費*	0.0	0.0	0.0	0.0	0.0	0.0
202410	230L10200	29	賃借料*	0.0	0.0	0.0	0.0	0.0	0.0
202410	230L10200	30	修繕費*	0.0	0.0	0.0	0.0	0.0	0.0
202410	230L10200	31	診断料*	0.0	0.0	0.0	0.0	0.0	0.0
202410	230L10200	32	租税公課*	0.0	0.0	0.0	0.0	0.0	0.0
202410	230L10200	33	業務委託費*	0.0	0.0	0.0	0.0	0.0	0.0
202410	230L10200	34	雑費*	0.0	0.0	0.0	0.0	0.0	0.0
202410	230L10200	35	雑給*	0.0	0.0	0.0	0.0	0.0	0.0
202410	230L10200	36	経費合計（販管費）	840410.0	727910.0	555115.0	1.5	76.2	66.0
202410	230L10200	37	減価償却費	0.0	0.0	0.0	0.0	0.0	0.0
202410	230L10200	38	車両費	236590.0	182090.0	135793.0	0.3	74.5	57.3
202410	230L10200	39	旅費交通費	70000.0	50000.0	-23037.0	0.0	0.0	0.0
202410	230L10200	40	通信費	20000.0	20000.0	16943.0	0.0	84.7	84.7
202410	230L10200	41	水道光熱費	0.0	0.0	0.0	0.0	0.0	0.0
202410	230L10200	42	事務用品費	5000.0	5000.0	1610.0	0.0	32.2	32.2
202410	230L10200	43	消耗品費	0.0	0.0	0.0	0.0	0.0	0.0
202410	230L10200	44	廃棄物処理料	0.0	0.0	0.0	0.0	0.0	0.0
202410	230L10200	45	広告宣伝費	30000.0	12000.0	12100.0	0.0	100.8	40.3
202410	230L10200	46	接待交際費	20000.0	0.0	0.0	0.0	0.0	0.0
202410	230L10200	47	賃借料	80000.0	80000.0	80000.0	0.2	100.0	100.0
202410	230L10200	48	賃貸料収入	0.0	0.0	0.0	0.0	0.0	0.0
202410	230L10200	49	修繕費	0.0	0.0	0.0	0.0	0.0	0.0
202410	230L10200	50	支払リース料	0.0	0.0	0.0	0.0	0.0	0.0
202410	230L10200	51	保険料	0.0	0.0	0.0	0.0	0.0	0.0
202410	230L10200	52	支払報酬	0.0	0.0	0.0	0.0	0.0	0.0
202410	230L10200	53	支払手数料	30000.0	30000.0	16278.0	0.0	54.2	54.2
202410	230L10200	54	診断料	0.0	0.0	0.0	0.0	0.0	0.0
202410	230L10200	55	諸会費	500.0	500.0	0.0	0.0	0.0	0.0
202410	230L10200	56	会議費	5000.0	5000.0	0.0	0.0	0.0	0.0
202410	230L10200	57	寄付金	0.0	0.0	0.0	0.0	0.0	0.0
202410	230L10200	58	租税公課	0.0	0.0	0.0	0.0	0.0	0.0
202410	230L10200	59	業務委託費	0.0	0.0	0.0	0.0	0.0	0.0
202410	230L10200	60	業務受託収入	0.0	0.0	0.0	0.0	0.0	0.0
202410	230L10200	61	情報機器利用料	55720.0	55720.0	55720.0	0.1	100.0	100.0
202410	230L10200	62	貸倒金	0.0	0.0	0.0	0.0	0.0	0.0
202410	230L10200	63	雑費	90000.0	90000.0	62108.0	0.1	69.0	69.0
202410	230L10200	64	福利消耗品費	0.0	0.0	0.0	0.0	0.0	0.0
202410	230L10200	65	教育研修費	0.0	0.0	0.0	0.0	0.0	0.0
202410	230L10200	66	廃棄損	0.0	0.0	0.0	0.0	0.0	0.0
202410	230L10200	67	雑給	0.0	0.0	0.0	0.0	0.0	0.0
202410	230L10200	68	社内金利（固定資産）	0.0	0.0	0.0	0.0	0.0	0.0
202410	230L10200	69	社内金利（売掛金）	0.0	0.0	0.0	0.0	0.0	0.0
202410	230L10200	70	グループ共通	197600.0	197600.0	197600.0	0.5	100.0	100.0
202410	230L10200	71	差引収益	851590.0	-509910.0	1247309.0	3.5	0.0	146.4
202410	230L10200	72	差引比率	2.4	-1.9	3.5		0.0	145.8
202410	230L10200	73	総時間	740.0	740.0	778.25		105.1	105.1
202410	230L10200	74	定時間	670.0	670.0	689.5		102.9	102.9
202410	230L10200	75	残業時間	70.0	70.0	87.75		125.3	125.3
202410	230L10200	76	移動時間	0.0	0.0	1.0		0.0	0.0
202410	230L10200	77	当月時間当り	1150.7	-689.0	1602.7		0.0	139.2
202410	230L10200	78	人員	4.0	4.0	4.0		100.0	100.0
202411	230L10200	1	総受注高	75692000.0	59464000.0	58022602.0		97.5	76.6
202411	230L10200	2	総売上高	75692000.0	59464000.0	58022602.0		97.5	76.6
202411	230L10200	3	売上高	76152000.0	59796000.0	58347007.0	100.5	97.5	76.6
202411	230L10200	4	グループ売上高	0.0	0.0	0.0	0.0	0.0	0.0
202411	230L10200	5	社内売上高	0.0	0.0	0.0	0.0	0.0	0.0
202411	230L10200	7	販売奨励金	-460000.0	-332000.0	-324405.0	0.0	0.0	0.0
202411	230L10200	8	売上原価	69743000.0	54844000.0	52961076.0	91.2	96.5	75.9
202411	230L10200	9	仕入高	2238000.0	3730000.0	3706387.0	6.3	99.3	165.6
202411	230L10200	10	グループ仕入高	12272000.0	9787000.0	9149627.0	15.7	93.4	74.5
202411	230L10200	11	社内仕入高	49400000.0	36977000.0	36000382.0	62.0	97.3	72.8
202411	230L10200	12	荷造運搬費	4143000.0	2810000.0	2496055.0	4.3	88.8	60.2
202411	230L10200	13	販売手数料	1690000.0	1540000.0	1608625.0	2.7	104.4	95.1
202411	230L10200	14	総収益	5949000.0	4620000.0	5061526.0	8.7	109.5	85.0
202411	230L10200	15	経費合計	859910.0	755410.0	604485.0	1.0	80.0	70.2
202411	230L10200	16	経費合計（原価）	0.0	0.0	0.0	0.0	0.0	0.0
202411	230L10200	17	種苗費*	0.0	0.0	0.0	0.0	0.0	0.0
202411	230L10200	18	肥料費*	0.0	0.0	0.0	0.0	0.0	0.0
202411	230L10200	19	培土費用*	0.0	0.0	0.0	0.0	0.0	0.0
202411	230L10200	20	農薬衛生費*	0.0	0.0	0.0	0.0	0.0	0.0
202411	230L10200	21	農具費*	0.0	0.0	0.0	0.0	0.0	0.0
202411	230L10200	22	諸材料費*	0.0	0.0	0.0	0.0	0.0	0.0
202411	230L10200	23	その他仕入高*	0.0	0.0	0.0	0.0	0.0	0.0
202411	230L10200	24	減価償却費*	0.0	0.0	0.0	0.0	0.0	0.0
202411	230L10200	25	車両費*	0.0	0.0	0.0	0.0	0.0	0.0
202411	230L10200	26	水道光熱費*	0.0	0.0	0.0	0.0	0.0	0.0
202411	230L10200	27	動力費*	0.0	0.0	0.0	0.0	0.0	0.0
202411	230L10200	28	燃料費*	0.0	0.0	0.0	0.0	0.0	0.0
202411	230L10200	29	賃借料*	0.0	0.0	0.0	0.0	0.0	0.0
202411	230L10200	30	修繕費*	0.0	0.0	0.0	0.0	0.0	0.0
202411	230L10200	31	診断料*	0.0	0.0	0.0	0.0	0.0	0.0
202411	230L10200	32	租税公課*	0.0	0.0	0.0	0.0	0.0	0.0
202411	230L10200	33	業務委託費*	0.0	0.0	0.0	0.0	0.0	0.0
202411	230L10200	34	雑費*	0.0	0.0	0.0	0.0	0.0	0.0
202411	230L10200	35	雑給*	0.0	0.0	0.0	0.0	0.0	0.0
202411	230L10200	36	経費合計（販管費）	859910.0	755410.0	604485.0	1.0	80.0	70.2
202411	230L10200	37	減価償却費	0.0	0.0	0.0	0.0	0.0	0.0
202411	230L10200	38	車両費	246590.0	192090.0	142379.0	0.2	74.1	57.7
202411	230L10200	39	旅費交通費	90000.0	70000.0	12426.0	0.0	17.7	13.8
202411	230L10200	40	通信費	20000.0	20000.0	15753.0	0.0	78.7	78.7
202411	230L10200	41	水道光熱費	0.0	0.0	0.0	0.0	0.0	0.0
202411	230L10200	42	事務用品費	5000.0	5000.0	6370.0	0.0	127.4	127.4
202411	230L10200	43	消耗品費	0.0	0.0	0.0	0.0	0.0	0.0
202411	230L10200	44	廃棄物処理料	0.0	0.0	0.0	0.0	0.0	0.0
202411	230L10200	45	広告宣伝費	10000.0	10000.0	16659.0	0.0	166.5	166.5
202411	230L10200	46	接待交際費	30000.0	0.0	0.0	0.0	0.0	0.0
202411	230L10200	47	賃借料	80000.0	80000.0	80000.0	0.1	100.0	100.0
202411	230L10200	48	賃貸料収入	0.0	0.0	0.0	0.0	0.0	0.0
202411	230L10200	49	修繕費	0.0	0.0	0.0	0.0	0.0	0.0
202411	230L10200	50	支払リース料	0.0	0.0	0.0	0.0	0.0	0.0
202411	230L10200	51	保険料	0.0	0.0	0.0	0.0	0.0	0.0
202411	230L10200	52	支払報酬	0.0	0.0	0.0	0.0	0.0	0.0
202411	230L10200	53	支払手数料	30000.0	30000.0	17228.0	0.0	57.4	57.4
202411	230L10200	54	診断料	0.0	0.0	0.0	0.0	0.0	0.0
202411	230L10200	55	諸会費	0.0	0.0	0.0	0.0	0.0	0.0
202411	230L10200	56	会議費	5000.0	5000.0	0.0	0.0	0.0	0.0
202411	230L10200	57	寄付金	0.0	0.0	0.0	0.0	0.0	0.0
202411	230L10200	58	租税公課	0.0	0.0	0.0	0.0	0.0	0.0
202411	230L10200	59	業務委託費	0.0	0.0	0.0	0.0	0.0	0.0
202411	230L10200	60	業務受託収入	0.0	0.0	0.0	0.0	0.0	0.0
202411	230L10200	61	情報機器利用料	55720.0	55720.0	55720.0	0.0	100.0	100.0
202411	230L10200	62	貸倒金	0.0	0.0	0.0	0.0	0.0	0.0
202411	230L10200	63	雑費	90000.0	90000.0	60350.0	0.1	67.0	67.0
202411	230L10200	64	福利消耗品費	0.0	0.0	0.0	0.0	0.0	0.0
202411	230L10200	65	教育研修費	0.0	0.0	0.0	0.0	0.0	0.0
202411	230L10200	66	廃棄損	0.0	0.0	0.0	0.0	0.0	0.0
202411	230L10200	67	雑給	0.0	0.0	0.0	0.0	0.0	0.0
202411	230L10200	68	社内金利（固定資産）	0.0	0.0	0.0	0.0	0.0	0.0
202411	230L10200	69	社内金利（売掛金）	0.0	0.0	0.0	0.0	0.0	0.0
202411	230L10200	70	グループ共通	197600.0	197600.0	197600.0	0.3	100.0	100.0
202411	230L10200	71	差引収益	5089090.0	3864590.0	4457041.0	7.6	115.3	87.5
202411	230L10200	72	差引比率	6.7	6.4	7.6		118.7	113.4
202411	230L10200	73	総時間	760.0	760.0	783.75		103.1	103.1
202411	230L10200	74	定時間	680.0	680.0	683.5		100.5	100.5
202411	230L10200	75	残業時間	80.0	80.0	98.25		122.8	122.8
202411	230L10200	76	移動時間	0.0	0.0	2.0		0.0	0.0
202411	230L10200	77	当月時間当り	6696.1	5084.9	5686.8		111.8	84.9
202411	230L10200	78	人員	4.0	4.0	4.0		100.0	100.0
202412	230L10200	1	総受注高	76654000.0	68198000.0	62364284.0		91.4	81.3
202412	230L10200	2	総売上高	76654000.0	68198000.0	62364284.0		91.4	81.3
202412	230L10200	3	売上高	77267000.0	68637000.0	62784319.0	100.6	91.4	81.2
202412	230L10200	4	グループ売上高	0.0	0.0	0.0	0.0	0.0	0.0
202412	230L10200	5	社内売上高	0.0	0.0	0.0	0.0	0.0	0.0
202412	230L10200	7	販売奨励金	-613000.0	-439000.0	-420035.0	0.0	0.0	0.0
202412	230L10200	8	売上原価	71286000.0	62800000.0	58065746.0	93.1	92.4	81.4
202412	230L10200	9	仕入高	4034000.0	4141000.0	4858876.0	7.7	117.3	120.4
202412	230L10200	10	グループ仕入高	12672000.0	11286000.0	8796035.0	14.1	77.9	69.4
202412	230L10200	11	社内仕入高	47500000.0	41673000.0	39288098.0	62.9	94.2	82.7
202412	230L10200	12	荷造運搬費	3876000.0	3100000.0	2597288.0	4.1	83.7	67.0
202412	230L10200	13	販売手数料	3204000.0	2600000.0	2525449.0	4.0	97.1	78.8
202412	230L10200	14	総収益	5368000.0	5398000.0	4298538.0	6.8	79.6	80.0
202412	230L10200	15	経費合計	860410.0	717050.0	644911.0	1.0	89.9	74.9
202412	230L10200	16	経費合計（原価）	0.0	0.0	0.0	0.0	0.0	0.0
202412	230L10200	17	種苗費*	0.0	0.0	0.0	0.0	0.0	0.0
202412	230L10200	18	肥料費*	0.0	0.0	0.0	0.0	0.0	0.0
202412	230L10200	19	培土費用*	0.0	0.0	0.0	0.0	0.0	0.0
202412	230L10200	20	農薬衛生費*	0.0	0.0	0.0	0.0	0.0	0.0
202412	230L10200	21	農具費*	0.0	0.0	0.0	0.0	0.0	0.0
202412	230L10200	22	諸材料費*	0.0	0.0	0.0	0.0	0.0	0.0
202412	230L10200	23	その他仕入高*	0.0	0.0	0.0	0.0	0.0	0.0
202412	230L10200	24	減価償却費*	0.0	0.0	0.0	0.0	0.0	0.0
202412	230L10200	25	車両費*	0.0	0.0	0.0	0.0	0.0	0.0
202412	230L10200	26	水道光熱費*	0.0	0.0	0.0	0.0	0.0	0.0
202412	230L10200	27	動力費*	0.0	0.0	0.0	0.0	0.0	0.0
202412	230L10200	28	燃料費*	0.0	0.0	0.0	0.0	0.0	0.0
202412	230L10200	29	賃借料*	0.0	0.0	0.0	0.0	0.0	0.0
202412	230L10200	30	修繕費*	0.0	0.0	0.0	0.0	0.0	0.0
202412	230L10200	31	診断料*	0.0	0.0	0.0	0.0	0.0	0.0
202412	230L10200	32	租税公課*	0.0	0.0	0.0	0.0	0.0	0.0
202412	230L10200	33	業務委託費*	0.0	0.0	0.0	0.0	0.0	0.0
202412	230L10200	34	雑費*	0.0	0.0	0.0	0.0	0.0	0.0
202412	230L10200	35	雑給*	0.0	0.0	0.0	0.0	0.0	0.0
202412	230L10200	36	経費合計（販管費）	860410.0	717050.0	644911.0	1.0	89.9	74.9
202412	230L10200	37	減価償却費	0.0	0.0	0.0	0.0	0.0	0.0
202412	230L10200	38	車両費	246590.0	183230.0	149800.0	0.2	81.7	60.7
202412	230L10200	39	旅費交通費	90000.0	50000.0	18127.0	0.0	36.2	20.1
202412	230L10200	40	通信費	20000.0	20000.0	15923.0	0.0	79.6	79.6
202412	230L10200	41	水道光熱費	0.0	0.0	0.0	0.0	0.0	0.0
202412	230L10200	42	事務用品費	5000.0	5000.0	1822.0	0.0	36.4	36.4
202412	230L10200	43	消耗品費	0.0	0.0	0.0	0.0	0.0	0.0
202412	230L10200	44	廃棄物処理料	0.0	0.0	0.0	0.0	0.0	0.0
202412	230L10200	45	広告宣伝費	10000.0	0.0	0.0	0.0	0.0	0.0
202412	230L10200	46	接待交際費	30000.0	0.0	0.0	0.0	0.0	0.0
202412	230L10200	47	賃借料	80000.0	80000.0	80000.0	0.1	100.0	100.0
202412	230L10200	48	賃貸料収入	0.0	0.0	0.0	0.0	0.0	0.0
202412	230L10200	49	修繕費	0.0	0.0	0.0	0.0	0.0	0.0
202412	230L10200	50	支払リース料	0.0	0.0	0.0	0.0	0.0	0.0
202412	230L10200	51	保険料	0.0	0.0	0.0	0.0	0.0	0.0
202412	230L10200	52	支払報酬	0.0	0.0	0.0	0.0	0.0	0.0
202412	230L10200	53	支払手数料	30000.0	30000.0	45508.0	0.0	151.6	151.6
202412	230L10200	54	診断料	0.0	0.0	0.0	0.0	0.0	0.0
202412	230L10200	55	諸会費	500.0	500.0	0.0	0.0	0.0	0.0
202412	230L10200	56	会議費	5000.0	5000.0	0.0	0.0	0.0	0.0
202412	230L10200	57	寄付金	0.0	0.0	0.0	0.0	0.0	0.0
202412	230L10200	58	租税公課	0.0	0.0	0.0	0.0	0.0	0.0
202412	230L10200	59	業務委託費	0.0	0.0	0.0	0.0	0.0	0.0
202412	230L10200	60	業務受託収入	0.0	0.0	0.0	0.0	0.0	0.0
202412	230L10200	61	情報機器利用料	55720.0	55720.0	55720.0	0.0	100.0	100.0
202412	230L10200	62	貸倒金	0.0	0.0	0.0	0.0	0.0	0.0
202412	230L10200	63	雑費	90000.0	90000.0	80411.0	0.1	89.3	89.3
202412	230L10200	64	福利消耗品費	0.0	0.0	0.0	0.0	0.0	0.0
202412	230L10200	65	教育研修費	0.0	0.0	0.0	0.0	0.0	0.0
202412	230L10200	66	廃棄損	0.0	0.0	0.0	0.0	0.0	0.0
202412	230L10200	67	雑給	0.0	0.0	0.0	0.0	0.0	0.0
202412	230L10200	68	社内金利（固定資産）	0.0	0.0	0.0	0.0	0.0	0.0
202412	230L10200	69	社内金利（売掛金）	0.0	0.0	0.0	0.0	0.0	0.0
202412	230L10200	70	グループ共通	197600.0	197600.0	197600.0	0.3	100.0	100.0
202412	230L10200	71	差引収益	4507590.0	4680950.0	3653627.0	5.8	78.0	81.0
202412	230L10200	72	差引比率	5.8	6.8	5.8		85.2	100.0
202412	230L10200	73	総時間	850.0	820.0	773.25		94.2	90.9
202412	230L10200	74	定時間	690.0	690.0	681.0		98.6	98.6
202412	230L10200	75	残業時間	90.0	100.0	76.75		76.7	85.2
202412	230L10200	76	移動時間	70.0	30.0	15.5		51.6	22.1
202412	230L10200	77	当月時間当り	5303.0	5708.4	4725.0		82.7	89.1
202412	230L10200	78	人員	4.0	4.0	4.0		100.0	100.0
202501	230L10200	1	総受注高	57270000.0	40483000.0	44736470.0		110.5	78.1
202501	230L10200	2	総売上高	57270000.0	40483000.0	44736470.0		110.5	78.1
202501	230L10200	3	売上高	57930000.0	40963000.0	45204810.0	101.0	110.3	78.0
202501	230L10200	4	グループ売上高	0.0	0.0	0.0	0.0	0.0	0.0
202501	230L10200	5	社内売上高	0.0	0.0	0.0	0.0	0.0	0.0
202501	230L10200	7	販売奨励金	-660000.0	-480000.0	-468340.0	0.0	0.0	0.0
202501	230L10200	8	売上原価	55268000.0	39304000.0	42747116.0	95.5	108.7	77.3
202501	230L10200	9	仕入高	3944000.0	4040000.0	4103253.0	9.1	101.5	104.0
202501	230L10200	10	グループ仕入高	11695000.0	6900000.0	7789628.0	17.4	112.8	66.6
202501	230L10200	11	社内仕入高	32700000.0	23564000.0	25918661.0	57.9	109.9	79.2
202501	230L10200	12	荷造運搬費	3028000.0	2500000.0	2611552.0	5.8	104.4	86.2
202501	230L10200	13	販売手数料	3901000.0	2300000.0	2324022.0	5.1	101.0	59.5
202501	230L10200	14	総収益	2002000.0	1179000.0	1989354.0	4.4	168.7	99.3
202501	230L10200	15	経費合計	859910.0	706550.0	676339.0	1.5	95.7	78.6
202501	230L10200	16	経費合計（原価）	0.0	0.0	0.0	0.0	0.0	0.0
202501	230L10200	17	種苗費*	0.0	0.0	0.0	0.0	0.0	0.0
202501	230L10200	18	肥料費*	0.0	0.0	0.0	0.0	0.0	0.0
202501	230L10200	19	培土費用*	0.0	0.0	0.0	0.0	0.0	0.0
202501	230L10200	20	農薬衛生費*	0.0	0.0	0.0	0.0	0.0	0.0
202501	230L10200	21	農具費*	0.0	0.0	0.0	0.0	0.0	0.0
202501	230L10200	22	諸材料費*	0.0	0.0	0.0	0.0	0.0	0.0
202501	230L10200	23	その他仕入高*	0.0	0.0	0.0	0.0	0.0	0.0
202501	230L10200	24	減価償却費*	0.0	0.0	0.0	0.0	0.0	0.0
202501	230L10200	25	車両費*	0.0	0.0	0.0	0.0	0.0	0.0
202501	230L10200	26	水道光熱費*	0.0	0.0	0.0	0.0	0.0	0.0
202501	230L10200	27	動力費*	0.0	0.0	0.0	0.0	0.0	0.0
202501	230L10200	28	燃料費*	0.0	0.0	0.0	0.0	0.0	0.0
202501	230L10200	29	賃借料*	0.0	0.0	0.0	0.0	0.0	0.0
202501	230L10200	30	修繕費*	0.0	0.0	0.0	0.0	0.0	0.0
202501	230L10200	31	診断料*	0.0	0.0	0.0	0.0	0.0	0.0
202501	230L10200	32	租税公課*	0.0	0.0	0.0	0.0	0.0	0.0
202501	230L10200	33	業務委託費*	0.0	0.0	0.0	0.0	0.0	0.0
202501	230L10200	34	雑費*	0.0	0.0	0.0	0.0	0.0	0.0
202501	230L10200	35	雑給*	0.0	0.0	0.0	0.0	0.0	0.0
202501	230L10200	36	経費合計（販管費）	859910.0	706550.0	676339.0	1.5	95.7	78.6
202501	230L10200	37	減価償却費	0.0	0.0	0.0	0.0	0.0	0.0
202501	230L10200	38	車両費	246590.0	153230.0	144871.0	0.3	94.5	58.7
202501	230L10200	39	旅費交通費	90000.0	30000.0	12359.0	0.0	41.1	13.7
202501	230L10200	40	通信費	20000.0	20000.0	16763.0	0.0	83.8	83.8
202501	230L10200	41	水道光熱費	0.0	0.0	0.0	0.0	0.0	0.0
202501	230L10200	42	事務用品費	5000.0	5000.0	4801.0	0.0	96.0	96.0
202501	230L10200	43	消耗品費	0.0	0.0	0.0	0.0	0.0	0.0
202501	230L10200	44	廃棄物処理料	0.0	0.0	0.0	0.0	0.0	0.0
202501	230L10200	45	広告宣伝費	10000.0	10000.0	0.0	0.0	0.0	0.0
202501	230L10200	46	接待交際費	30000.0	30000.0	0.0	0.0	0.0	0.0
202501	230L10200	47	賃借料	80000.0	80000.0	80000.0	0.1	100.0	100.0
202501	230L10200	48	賃貸料収入	0.0	0.0	0.0	0.0	0.0	0.0
202501	230L10200	49	修繕費	0.0	0.0	0.0	0.0	0.0	0.0
202501	230L10200	50	支払リース料	0.0	0.0	0.0	0.0	0.0	0.0
202501	230L10200	51	保険料	0.0	0.0	0.0	0.0	0.0	0.0
202501	230L10200	52	支払報酬	0.0	0.0	0.0	0.0	0.0	0.0
202501	230L10200	53	支払手数料	30000.0	30000.0	74678.0	0.1	248.9	248.9
202501	230L10200	54	診断料	0.0	0.0	0.0	0.0	0.0	0.0
202501	230L10200	55	諸会費	0.0	0.0	500.0	0.0	0.0	0.0
202501	230L10200	56	会議費	5000.0	5000.0	0.0	0.0	0.0	0.0
202501	230L10200	57	寄付金	0.0	0.0	0.0	0.0	0.0	0.0
202501	230L10200	58	租税公課	0.0	0.0	0.0	0.0	0.0	0.0
202501	230L10200	59	業務委託費	0.0	0.0	0.0	0.0	0.0	0.0
202501	230L10200	60	業務受託収入	0.0	0.0	0.0	0.0	0.0	0.0
202501	230L10200	61	情報機器利用料	55720.0	55720.0	55720.0	0.1	100.0	100.0
202501	230L10200	62	貸倒金	0.0	0.0	0.0	0.0	0.0	0.0
202501	230L10200	63	雑費	90000.0	90000.0	89047.0	0.1	98.9	98.9
202501	230L10200	64	福利消耗品費	0.0	0.0	0.0	0.0	0.0	0.0
202501	230L10200	65	教育研修費	0.0	0.0	0.0	0.0	0.0	0.0
202501	230L10200	66	廃棄損	0.0	0.0	0.0	0.0	0.0	0.0
202501	230L10200	67	雑給	0.0	0.0	0.0	0.0	0.0	0.0
202501	230L10200	68	社内金利（固定資産）	0.0	0.0	0.0	0.0	0.0	0.0
202501	230L10200	69	社内金利（売掛金）	0.0	0.0	0.0	0.0	0.0	0.0
202501	230L10200	70	グループ共通	197600.0	197600.0	197600.0	0.4	100.0	100.0
202501	230L10200	71	差引収益	1142090.0	472450.0	1313015.0	2.9	277.9	114.9
202501	230L10200	72	差引比率	1.9	1.1	2.9		263.6	152.6
202501	230L10200	73	総時間	750.0	750.0	825.75		110.1	110.1
202501	230L10200	74	定時間	630.0	630.0	642.25		101.9	101.9
202501	230L10200	75	残業時間	70.0	70.0	80.75		115.3	115.3
202501	230L10200	76	移動時間	50.0	50.0	102.75		205.5	205.5
202501	230L10200	77	当月時間当り	1522.7	629.9	1590.0		252.4	104.4
202501	230L10200	78	人員	4.0	4.0	4.0		100.0	100.0
202502	230L10200	1	総受注高	45446000.0	34602000.0	35719145.0		103.2	78.5
202502	230L10200	2	総売上高	45446000.0	34602000.0	35719145.0		103.2	78.5
202502	230L10200	3	売上高	45940000.0	34955000.0	36065004.0	100.9	103.1	78.5
202502	230L10200	4	グループ売上高	0.0	0.0	0.0	0.0	0.0	0.0
202502	230L10200	5	社内売上高	0.0	0.0	0.0	0.0	0.0	0.0
202502	230L10200	7	販売奨励金	-494000.0	-353000.0	-345859.0	0.0	0.0	0.0
202502	230L10200	8	売上原価	43342000.0	33000000.0	33727550.0	94.4	102.2	77.8
202502	230L10200	9	仕入高	3364000.0	3693000.0	3577035.0	10.0	96.8	106.3
202502	230L10200	10	グループ仕入高	9849000.0	6630000.0	6443802.0	18.0	97.1	65.4
202502	230L10200	11	社内仕入高	25200000.0	18977000.0	20097649.0	56.2	105.9	79.7
202502	230L10200	12	荷造運搬費	2431000.0	2200000.0	2076680.0	5.8	94.3	85.4
202502	230L10200	13	販売手数料	2498000.0	1500000.0	1532384.0	4.2	102.1	61.3
202502	230L10200	14	総収益	2104000.0	1602000.0	1991595.0	5.5	124.3	94.6
202502	230L10200	15	経費合計	860410.0	673510.0	592542.0	1.6	87.9	68.8
202502	230L10200	16	経費合計（原価）	0.0	0.0	0.0	0.0	0.0	0.0
202502	230L10200	17	種苗費*	0.0	0.0	0.0	0.0	0.0	0.0
202502	230L10200	18	肥料費*	0.0	0.0	0.0	0.0	0.0	0.0
202502	230L10200	19	培土費用*	0.0	0.0	0.0	0.0	0.0	0.0
202502	230L10200	20	農薬衛生費*	0.0	0.0	0.0	0.0	0.0	0.0
202502	230L10200	21	農具費*	0.0	0.0	0.0	0.0	0.0	0.0
202502	230L10200	22	諸材料費*	0.0	0.0	0.0	0.0	0.0	0.0
202502	230L10200	23	その他仕入高*	0.0	0.0	0.0	0.0	0.0	0.0
202502	230L10200	24	減価償却費*	0.0	0.0	0.0	0.0	0.0	0.0
202502	230L10200	25	車両費*	0.0	0.0	0.0	0.0	0.0	0.0
202502	230L10200	26	水道光熱費*	0.0	0.0	0.0	0.0	0.0	0.0
202502	230L10200	27	動力費*	0.0	0.0	0.0	0.0	0.0	0.0
202502	230L10200	28	燃料費*	0.0	0.0	0.0	0.0	0.0	0.0
202502	230L10200	29	賃借料*	0.0	0.0	0.0	0.0	0.0	0.0
202502	230L10200	30	修繕費*	0.0	0.0	0.0	0.0	0.0	0.0
202502	230L10200	31	診断料*	0.0	0.0	0.0	0.0	0.0	0.0
202502	230L10200	32	租税公課*	0.0	0.0	0.0	0.0	0.0	0.0
202502	230L10200	33	業務委託費*	0.0	0.0	0.0	0.0	0.0	0.0
202502	230L10200	34	雑費*	0.0	0.0	0.0	0.0	0.0	0.0
202502	230L10200	35	雑給*	0.0	0.0	0.0	0.0	0.0	0.0
202502	230L10200	36	経費合計（販管費）	860410.0	673510.0	592542.0	1.6	87.9	68.8
202502	230L10200	37	減価償却費	0.0	0.0	0.0	0.0	0.0	0.0
202502	230L10200	38	車両費	246590.0	164690.0	139333.0	0.3	84.6	56.5
202502	230L10200	39	旅費交通費	90000.0	30000.0	0.0	0.0	0.0	0.0
202502	230L10200	40	通信費	20000.0	20000.0	15233.0	0.0	76.1	76.1
202502	230L10200	41	水道光熱費	0.0	0.0	0.0	0.0	0.0	0.0
202502	230L10200	42	事務用品費	5000.0	5000.0	4694.0	0.0	93.8	93.8
202502	230L10200	43	消耗品費	0.0	0.0	0.0	0.0	0.0	0.0
202502	230L10200	44	廃棄物処理料	0.0	0.0	0.0	0.0	0.0	0.0
202502	230L10200	45	広告宣伝費	10000.0	0.0	0.0	0.0	0.0	0.0
202502	230L10200	46	接待交際費	30000.0	0.0	0.0	0.0	0.0	0.0
202502	230L10200	47	賃借料	80000.0	80000.0	80000.0	0.2	100.0	100.0
202502	230L10200	48	賃貸料収入	0.0	0.0	0.0	0.0	0.0	0.0
202502	230L10200	49	修繕費	0.0	0.0	0.0	0.0	0.0	0.0
202502	230L10200	50	支払リース料	0.0	0.0	0.0	0.0	0.0	0.0
202502	230L10200	51	保険料	0.0	0.0	0.0	0.0	0.0	0.0
202502	230L10200	52	支払報酬	0.0	0.0	0.0	0.0	0.0	0.0
202502	230L10200	53	支払手数料	30000.0	30000.0	16237.0	0.0	54.1	54.1
202502	230L10200	54	診断料	0.0	0.0	0.0	0.0	0.0	0.0
202502	230L10200	55	諸会費	500.0	500.0	0.0	0.0	0.0	0.0
202502	230L10200	56	会議費	5000.0	0.0	0.0	0.0	0.0	0.0
202502	230L10200	57	寄付金	0.0	0.0	0.0	0.0	0.0	0.0
202502	230L10200	58	租税公課	0.0	0.0	4414.0	0.0	0.0	0.0
202502	230L10200	59	業務委託費	0.0	0.0	0.0	0.0	0.0	0.0
202502	230L10200	60	業務受託収入	0.0	0.0	0.0	0.0	0.0	0.0
202502	230L10200	61	情報機器利用料	55720.0	55720.0	55720.0	0.1	100.0	100.0
202502	230L10200	62	貸倒金	0.0	0.0	0.0	0.0	0.0	0.0
202502	230L10200	63	雑費	90000.0	90000.0	79311.0	0.2	88.1	88.1
202502	230L10200	64	福利消耗品費	0.0	0.0	0.0	0.0	0.0	0.0
202502	230L10200	65	教育研修費	0.0	0.0	0.0	0.0	0.0	0.0
202502	230L10200	66	廃棄損	0.0	0.0	0.0	0.0	0.0	0.0
202502	230L10200	67	雑給	0.0	0.0	0.0	0.0	0.0	0.0
202502	230L10200	68	社内金利（固定資産）	0.0	0.0	0.0	0.0	0.0	0.0
202502	230L10200	69	社内金利（売掛金）	0.0	0.0	0.0	0.0	0.0	0.0
202502	230L10200	70	グループ共通	197600.0	197600.0	197600.0	0.5	100.0	100.0
202502	230L10200	71	差引収益	1243590.0	928490.0	1399053.0	3.9	150.6	112.5
202502	230L10200	72	差引比率	2.7	2.6	3.9		150.0	144.4
202502	230L10200	73	総時間	700.0	700.0	649.75		92.8	92.8
202502	230L10200	74	定時間	630.0	630.0	598.75		95.0	95.0
202502	230L10200	75	残業時間	70.0	70.0	51.0		72.8	72.8
202502	230L10200	76	移動時間	0.0	0.0	0.0		0.0	0.0
202502	230L10200	77	当月時間当り	1776.5	1326.4	2153.2		162.3	121.2
202502	230L10200	78	人員	4.0	4.0	4.0		100.0	100.0
202503	230L10200	1	総受注高	56436000.0	43422000.0	47680156.0		109.8	84.4
202503	230L10200	2	総売上高	56436000.0	43422000.0	47680156.0		109.8	84.4
202503	230L10200	3	売上高	56832000.0	43722000.0	47970083.0	100.6	109.7	84.4
202503	230L10200	4	グループ売上高	0.0	0.0	0.0	0.0	0.0	0.0
202503	230L10200	5	社内売上高	0.0	0.0	0.0	0.0	0.0	0.0
202503	230L10200	7	販売奨励金	-396000.0	-300000.0	-289927.0	0.0	0.0	0.0
202503	230L10200	8	売上原価	52573000.0	40862500.0	43912246.0	92.0	107.4	83.5
202503	230L10200	9	仕入高	3484000.0	4044000.0	4188026.0	8.7	103.5	120.2
202503	230L10200	10	グループ仕入高	12232000.0	8627500.0	8341902.0	17.4	96.6	68.1
202503	230L10200	11	社内仕入高	31800000.0	24201000.0	27362491.0	57.3	113.0	86.0
202503	230L10200	12	荷造運搬費	2999000.0	2500000.0	2470566.0	5.1	98.8	82.3
202503	230L10200	13	販売手数料	2058000.0	1490000.0	1549261.0	3.2	103.9	75.2
202503	230L10200	14	総収益	3863000.0	2559500.0	3767910.0	7.9	147.2	97.5
202503	230L10200	15	経費合計	942990.0	1028540.0	921985.0	1.9	89.6	97.7
202503	230L10200	16	経費合計（原価）	0.0	0.0	0.0	0.0	0.0	0.0
202503	230L10200	17	種苗費*	0.0	0.0	0.0	0.0	0.0	0.0
202503	230L10200	18	肥料費*	0.0	0.0	0.0	0.0	0.0	0.0
202503	230L10200	19	培土費用*	0.0	0.0	0.0	0.0	0.0	0.0
202503	230L10200	20	農薬衛生費*	0.0	0.0	0.0	0.0	0.0	0.0
202503	230L10200	21	農具費*	0.0	0.0	0.0	0.0	0.0	0.0
202503	230L10200	22	諸材料費*	0.0	0.0	0.0	0.0	0.0	0.0
202503	230L10200	23	その他仕入高*	0.0	0.0	0.0	0.0	0.0	0.0
202503	230L10200	24	減価償却費*	0.0	0.0	0.0	0.0	0.0	0.0
202503	230L10200	25	車両費*	0.0	0.0	0.0	0.0	0.0	0.0
202503	230L10200	26	水道光熱費*	0.0	0.0	0.0	0.0	0.0	0.0
202503	230L10200	27	動力費*	0.0	0.0	0.0	0.0	0.0	0.0
202503	230L10200	28	燃料費*	0.0	0.0	0.0	0.0	0.0	0.0
202503	230L10200	29	賃借料*	0.0	0.0	0.0	0.0	0.0	0.0
202503	230L10200	30	修繕費*	0.0	0.0	0.0	0.0	0.0	0.0
202503	230L10200	31	診断料*	0.0	0.0	0.0	0.0	0.0	0.0
202503	230L10200	32	租税公課*	0.0	0.0	0.0	0.0	0.0	0.0
202503	230L10200	33	業務委託費*	0.0	0.0	0.0	0.0	0.0	0.0
202503	230L10200	34	雑費*	0.0	0.0	0.0	0.0	0.0	0.0
202503	230L10200	35	雑給*	0.0	0.0	0.0	0.0	0.0	0.0
202503	230L10200	36	経費合計（販管費）	942990.0	1028540.0	921985.0	1.9	89.6	97.7
202503	230L10200	37	減価償却費	0.0	0.0	0.0	0.0	0.0	0.0
202503	230L10200	38	車両費	246590.0	164690.0	134850.0	0.2	81.8	54.6
202503	230L10200	39	旅費交通費	90000.0	50000.0	2363.0	0.0	4.7	2.6
202503	230L10200	40	通信費	20000.0	20000.0	17812.0	0.0	89.0	89.0
202503	230L10200	41	水道光熱費	0.0	0.0	0.0	0.0	0.0	0.0
202503	230L10200	42	事務用品費	5000.0	5000.0	563.0	0.0	11.2	11.2
202503	230L10200	43	消耗品費	0.0	0.0	0.0	0.0	0.0	0.0
202503	230L10200	44	廃棄物処理料	0.0	0.0	0.0	0.0	0.0	0.0
202503	230L10200	45	広告宣伝費	100950.0	0.0	0.0	0.0	0.0	0.0
202503	230L10200	46	接待交際費	30000.0	0.0	0.0	0.0	0.0	0.0
202503	230L10200	47	賃借料	80000.0	80000.0	80000.0	0.1	100.0	100.0
202503	230L10200	48	賃貸料収入	0.0	0.0	0.0	0.0	0.0	0.0
202503	230L10200	49	修繕費	0.0	0.0	0.0	0.0	0.0	0.0
202503	230L10200	50	支払リース料	0.0	0.0	0.0	0.0	0.0	0.0
202503	230L10200	51	保険料	0.0	0.0	0.0	0.0	0.0	0.0
202503	230L10200	52	支払報酬	0.0	0.0	0.0	0.0	0.0	0.0
202503	230L10200	53	支払手数料	30000.0	368400.0	352728.0	0.7	95.7	
202503	230L10200	54	診断料	0.0	0.0	0.0	0.0	0.0	0.0
202503	230L10200	55	諸会費	0.0	0.0	0.0	0.0	0.0	0.0
202503	230L10200	56	会議費	5000.0	5000.0	0.0	0.0	0.0	0.0
202503	230L10200	57	寄付金	0.0	0.0	0.0	0.0	0.0	0.0
202503	230L10200	58	租税公課	0.0	0.0	0.0	0.0	0.0	0.0
202503	230L10200	59	業務委託費	0.0	0.0	0.0	0.0	0.0	0.0
202503	230L10200	60	業務受託収入	0.0	0.0	0.0	0.0	0.0	0.0
202503	230L10200	61	情報機器利用料	47850.0	47850.0	64800.0	0.1	135.4	135.4
202503	230L10200	62	貸倒金	0.0	0.0	0.0	0.0	0.0	0.0
202503	230L10200	63	雑費	90000.0	90000.0	71269.0	0.1	79.1	79.1
202503	230L10200	64	福利消耗品費	0.0	0.0	0.0	0.0	0.0	0.0
202503	230L10200	65	教育研修費	0.0	0.0	0.0	0.0	0.0	0.0
202503	230L10200	66	廃棄損	0.0	0.0	0.0	0.0	0.0	0.0
202503	230L10200	67	雑給	0.0	0.0	0.0	0.0	0.0	0.0
202503	230L10200	68	社内金利（固定資産）	0.0	0.0	0.0	0.0	0.0	0.0
202503	230L10200	69	社内金利（売掛金）	0.0	0.0	0.0	0.0	0.0	0.0
202503	230L10200	70	グループ共通	197600.0	197600.0	197600.0	0.4	100.0	100.0
202503	230L10200	71	差引収益	2920010.0	1530960.0	2845925.0	5.9	185.8	97.4
202503	230L10200	72	差引比率	5.1	3.5	5.9		168.5	115.6
202503	230L10200	73	総時間	730.0	700.0	720.25		102.8	98.6
202503	230L10200	74	定時間	650.0	630.0	650.0		103.1	100.0
202503	230L10200	75	残業時間	80.0	70.0	70.25		100.3	87.8
202503	230L10200	76	移動時間	0.0	0.0	0.0		0.0	0.0
202503	230L10200	77	当月時間当り	4000.0	2187.0	3951.3		180.6	98.7
202503	230L10200	78	人員	4.0	4.0	4.0		100.0	100.0
202504	230L10200	1	総受注高	57130000.0	57153700.0	56258800.0		98.4	98.4
202504	230L10200	2	総売上高	57130000.0	57153700.0	56258800.0		98.4	98.4
202504	230L10200	3	売上高	57420000.0	57489700.0	56586698.0	100.5	98.4	98.5
202504	230L10200	4	グループ売上高	0.0	0.0	0.0	0.0	0.0	0.0
202504	230L10200	5	社内売上高	0.0	0.0	0.0	0.0	0.0	0.0
202504	230L10200	7	販売奨励金	-290000.0	-336000.0	-327898.0	0.0	0.0	0.0
202504	230L10200	8	売上原価	52250000.0	52846005.0	51993104.0	92.4	98.3	99.5
202504	230L10200	9	仕入高	4255400.0	4255400.0	4141718.0	7.3	97.3	97.3
202504	230L10200	10	グループ仕入高	8785600.0	8147000.0	7402344.0	13.1	90.8	84.2
202504	230L10200	11	社内仕入高	34900000.0	35463605.0	35452675.0	63.0	99.9	101.5
202504	230L10200	12	荷造運搬費	2879000.0	2750000.0	2741336.0	4.8	99.6	95.2
202504	230L10200	13	販売手数料	1430000.0	2230000.0	2255031.0	4.0	101.1	157.6
202504	230L10200	14	総収益	4880000.0	4307695.0	4265696.0	7.5	99.0	87.4
202504	230L10200	15	経費合計	790000.0	700000.0	656222.0	1.1	93.7	83.0
202504	230L10200	16	経費合計（原価）	0.0	0.0	0.0	0.0	0.0	0.0
202504	230L10200	17	種苗費*	0.0	0.0	0.0	0.0	0.0	0.0
202504	230L10200	18	肥料費*	0.0	0.0	0.0	0.0	0.0	0.0
202504	230L10200	19	培土費用*	0.0	0.0	0.0	0.0	0.0	0.0
202504	230L10200	20	農薬衛生費*	0.0	0.0	0.0	0.0	0.0	0.0
202504	230L10200	21	農具費*	0.0	0.0	0.0	0.0	0.0	0.0
202504	230L10200	22	諸材料費*	0.0	0.0	0.0	0.0	0.0	0.0
202504	230L10200	23	その他仕入高*	0.0	0.0	0.0	0.0	0.0	0.0
202504	230L10200	24	減価償却費*	0.0	0.0	0.0	0.0	0.0	0.0
202504	230L10200	25	車両費*	0.0	0.0	0.0	0.0	0.0	0.0
202504	230L10200	26	水道光熱費*	0.0	0.0	0.0	0.0	0.0	0.0
202504	230L10200	27	動力費*	0.0	0.0	0.0	0.0	0.0	0.0
202504	230L10200	28	燃料費*	0.0	0.0	0.0	0.0	0.0	0.0
202504	230L10200	29	賃借料*	0.0	0.0	0.0	0.0	0.0	0.0
202504	230L10200	30	修繕費*	0.0	0.0	0.0	0.0	0.0	0.0
202504	230L10200	31	診断料*	0.0	0.0	0.0	0.0	0.0	0.0
202504	230L10200	32	租税公課*	0.0	0.0	0.0	0.0	0.0	0.0
202504	230L10200	33	業務委託費*	0.0	0.0	0.0	0.0	0.0	0.0
202504	230L10200	34	雑費*	0.0	0.0	0.0	0.0	0.0	0.0
202504	230L10200	35	雑給*	0.0	0.0	0.0	0.0	0.0	0.0
202504	230L10200	36	経費合計（販管費）	790000.0	700000.0	656222.0	1.1	93.7	83.0
202504	230L10200	37	減価償却費	0.0	0.0	0.0	0.0	0.0	0.0
202504	230L10200	38	車両費	203000.0	173000.0	149973.0	0.2	86.6	73.8
202504	230L10200	39	旅費交通費	80000.0	30000.0	5273.0	0.0	17.5	6.5
202504	230L10200	40	通信費	25000.0	25000.0	12807.0	0.0	51.2	51.2
202504	230L10200	41	水道光熱費	0.0	0.0	0.0	0.0	0.0	0.0
202504	230L10200	42	事務用品費	5000.0	5000.0	4694.0	0.0	93.8	93.8
202504	230L10200	43	消耗品費	0.0	0.0	0.0	0.0	0.0	0.0
202504	230L10200	44	廃棄物処理料	0.0	0.0	0.0	0.0	0.0	0.0
202504	230L10200	45	広告宣伝費	0.0	0.0	0.0	0.0	0.0	0.0
202504	230L10200	46	接待交際費	10000.0	0.0	0.0	0.0	0.0	0.0
202504	230L10200	47	賃借料	80000.0	80000.0	80000.0	0.1	100.0	100.0
202504	230L10200	48	賃貸料収入	0.0	0.0	0.0	0.0	0.0	0.0
202504	230L10200	49	修繕費	0.0	0.0	0.0	0.0	0.0	0.0
202504	230L10200	50	支払リース料	0.0	0.0	0.0	0.0	0.0	0.0
202504	230L10200	51	保険料	45000.0	45000.0	47880.0	0.0	106.4	106.4
202504	230L10200	52	支払報酬	0.0	0.0	0.0	0.0	0.0	0.0
202504	230L10200	53	支払手数料	40000.0	40000.0	67378.0	0.1	168.4	168.4
202504	230L10200	54	診断料	0.0	0.0	0.0	0.0	0.0	0.0
202504	230L10200	55	諸会費	500.0	500.0	500.0	0.0	100.0	100.0
202504	230L10200	56	会議費	5000.0	5000.0	0.0	0.0	0.0	0.0
202504	230L10200	57	寄付金	0.0	0.0	0.0	0.0	0.0	0.0
202504	230L10200	58	租税公課	0.0	0.0	4000.0	0.0	0.0	0.0
202504	230L10200	59	業務委託費	0.0	0.0	0.0	0.0	0.0	0.0
202504	230L10200	60	業務受託収入	0.0	0.0	0.0	0.0	0.0	0.0
202504	230L10200	61	情報機器利用料	74760.0	74760.0	74760.0	0.1	100.0	100.0
202504	230L10200	62	貸倒金	0.0	0.0	0.0	0.0	0.0	0.0
202504	230L10200	63	雑費	81040.0	81040.0	68257.0	0.1	84.2	84.2
202504	230L10200	64	福利消耗品費	0.0	0.0	0.0	0.0	0.0	0.0
202504	230L10200	65	教育研修費	0.0	0.0	0.0	0.0	0.0	0.0
202504	230L10200	66	廃棄損	0.0	0.0	0.0	0.0	0.0	0.0
202504	230L10200	67	雑給	0.0	0.0	0.0	0.0	0.0	0.0
202504	230L10200	68	社内金利（固定資産）	0.0	0.0	0.0	0.0	0.0	0.0
202504	230L10200	69	社内金利（売掛金）	0.0	0.0	0.0	0.0	0.0	0.0
202504	230L10200	70	グループ共通	140700.0	140700.0	140700.0	0.2	100.0	100.0
202504	230L10200	71	差引収益	4090000.0	3607695.0	3609474.0	6.4	100.0	88.2
202504	230L10200	72	差引比率	7.1	6.3	6.4		101.5	90.1
202504	230L10200	73	総時間	720.0	720.0	793.5		110.2	110.2
202504	230L10200	74	定時間	640.0	640.0	697.75		109.0	109.0
202504	230L10200	75	残業時間	80.0	80.0	95.75		119.6	119.6
202504	230L10200	76	移動時間	0.0	0.0	0.0		0.0	0.0
202504	230L10200	77	当月時間当り	5680.5	5010.6	4548.8		90.7	80.0
202504	230L10200	78	人員	4.0	4.0	4.0		100.0	100.0
202505	230L10200	1	総受注高	77020000.0	75027700.0	75113343.0		100.1	97.5
202505	230L10200	2	総売上高	77020000.0	75027700.0	75113343.0		100.1	97.5
202505	230L10200	3	売上高	77440000.0	75411700.0	75485920.0	100.4	100.0	97.4
202505	230L10200	4	グループ売上高	0.0	0.0	0.0	0.0	0.0	0.0
202505	230L10200	5	社内売上高	0.0	0.0	0.0	0.0	0.0	0.0
202505	230L10200	7	販売奨励金	-420000.0	-384000.0	-372577.0	0.0	0.0	0.0
202505	230L10200	8	売上原価	72110000.0	70462510.0	70183472.0	93.4	99.6	97.3
202505	230L10200	9	仕入高	5279850.0	5316000.0	5250176.0	6.9	98.7	99.4
202505	230L10200	10	グループ仕入高	10029150.0	8840000.0	9005042.0	11.9	101.8	89.7
202505	230L10200	11	社内仕入高	49200000.0	49006510.0	48446543.0	64.4	98.8	98.4
202505	230L10200	12	荷造運搬費	4534000.0	4100000.0	4278721.0	5.6	104.3	94.3
202505	230L10200	13	販売手数料	3067000.0	3200000.0	3202990.0	4.2	100.0	104.4
202505	230L10200	14	総収益	4910000.0	4565190.0	4929871.0	6.5	107.9	100.4
202505	230L10200	15	経費合計	780000.0	730000.0	541077.0	0.7	74.1	69.3
202505	230L10200	16	経費合計（原価）	0.0	0.0	0.0	0.0	0.0	0.0
202505	230L10200	17	種苗費*	0.0	0.0	0.0	0.0	0.0	0.0
202505	230L10200	18	肥料費*	0.0	0.0	0.0	0.0	0.0	0.0
202505	230L10200	19	培土費用*	0.0	0.0	0.0	0.0	0.0	0.0
202505	230L10200	20	農薬衛生費*	0.0	0.0	0.0	0.0	0.0	0.0
202505	230L10200	21	農具費*	0.0	0.0	0.0	0.0	0.0	0.0
202505	230L10200	22	諸材料費*	0.0	0.0	0.0	0.0	0.0	0.0
202505	230L10200	23	その他仕入高*	0.0	0.0	0.0	0.0	0.0	0.0
202505	230L10200	24	減価償却費*	0.0	0.0	0.0	0.0	0.0	0.0
202505	230L10200	25	車両費*	0.0	0.0	0.0	0.0	0.0	0.0
202505	230L10200	26	水道光熱費*	0.0	0.0	0.0	0.0	0.0	0.0
202505	230L10200	27	動力費*	0.0	0.0	0.0	0.0	0.0	0.0
202505	230L10200	28	燃料費*	0.0	0.0	0.0	0.0	0.0	0.0
202505	230L10200	29	賃借料*	0.0	0.0	0.0	0.0	0.0	0.0
202505	230L10200	30	修繕費*	0.0	0.0	0.0	0.0	0.0	0.0
202505	230L10200	31	診断料*	0.0	0.0	0.0	0.0	0.0	0.0
202505	230L10200	32	租税公課*	0.0	0.0	0.0	0.0	0.0	0.0
202505	230L10200	33	業務委託費*	0.0	0.0	0.0	0.0	0.0	0.0
202505	230L10200	34	雑費*	0.0	0.0	0.0	0.0	0.0	0.0
202505	230L10200	35	雑給*	0.0	0.0	0.0	0.0	0.0	0.0
202505	230L10200	36	経費合計（販管費）	780000.0	730000.0	541077.0	0.7	74.1	69.3
202505	230L10200	37	減価償却費	0.0	0.0	0.0	0.0	0.0	0.0
202505	230L10200	38	車両費	203000.0	183000.0	133258.0	0.1	72.8	65.6
202505	230L10200	39	旅費交通費	80000.0	50000.0	4418.0	0.0	8.8	5.5
202505	230L10200	40	通信費	25000.0	25000.0	10007.0	0.0	40.0	40.0
202505	230L10200	41	水道光熱費	0.0	0.0	0.0	0.0	0.0	0.0
202505	230L10200	42	事務用品費	5000.0	5000.0	3188.0	0.0	63.7	63.7
202505	230L10200	43	消耗品費	0.0	0.0	1460.0	0.0	0.0	0.0
202505	230L10200	44	廃棄物処理料	0.0	0.0	0.0	0.0	0.0	0.0
202505	230L10200	45	広告宣伝費	0.0	0.0	0.0	0.0	0.0	0.0
202505	230L10200	46	接待交際費	0.0	0.0	0.0	0.0	0.0	0.0
202505	230L10200	47	賃借料	80000.0	80000.0	80000.0	0.1	100.0	100.0
202505	230L10200	48	賃貸料収入	0.0	0.0	0.0	0.0	0.0	0.0
202505	230L10200	49	修繕費	0.0	0.0	0.0	0.0	0.0	0.0
202505	230L10200	50	支払リース料	0.0	0.0	0.0	0.0	0.0	0.0
202505	230L10200	51	保険料	0.0	0.0	0.0	0.0	0.0	0.0
202505	230L10200	52	支払報酬	0.0	0.0	0.0	0.0	0.0	0.0
202505	230L10200	53	支払手数料	40000.0	40000.0	14928.0	0.0	37.3	37.3
202505	230L10200	54	診断料	0.0	0.0	0.0	0.0	0.0	0.0
202505	230L10200	55	諸会費	0.0	0.0	0.0	0.0	0.0	0.0
202505	230L10200	56	会議費	5000.0	5000.0	0.0	0.0	0.0	0.0
202505	230L10200	57	寄付金	0.0	0.0	0.0	0.0	0.0	0.0
202505	230L10200	58	租税公課	0.0	0.0	4000.0	0.0	0.0	0.0
202505	230L10200	59	業務委託費	0.0	0.0	0.0	0.0	0.0	0.0
202505	230L10200	60	業務受託収入	0.0	0.0	0.0	0.0	0.0	0.0
202505	230L10200	61	情報機器利用料	74760.0	74760.0	74760.0	0.0	100.0	100.0
202505	230L10200	62	貸倒金	0.0	0.0	0.0	0.0	0.0	0.0
202505	230L10200	63	雑費	86540.0	86540.0	74358.0	0.0	85.9	85.9
202505	230L10200	64	福利消耗品費	40000.0	40000.0	0.0	0.0	0.0	0.0
202505	230L10200	65	教育研修費	0.0	0.0	0.0	0.0	0.0	0.0
202505	230L10200	66	廃棄損	0.0	0.0	0.0	0.0	0.0	0.0
202505	230L10200	67	雑給	0.0	0.0	0.0	0.0	0.0	0.0
202505	230L10200	68	社内金利（固定資産）	0.0	0.0	0.0	0.0	0.0	0.0
202505	230L10200	69	社内金利（売掛金）	0.0	0.0	0.0	0.0	0.0	0.0
202505	230L10200	70	グループ共通	140700.0	140700.0	140700.0	0.1	100.0	100.0
202505	230L10200	71	差引収益	4130000.0	3835190.0	4388794.0	5.8	114.4	106.2
202505	230L10200	72	差引比率	5.3	5.1	5.8		113.7	109.4
202505	230L10200	73	総時間	730.0	730.0	774.0		106.0	106.0
202505	230L10200	74	定時間	640.0	640.0	671.75		104.9	104.9
202505	230L10200	75	残業時間	90.0	90.0	102.25		113.6	113.6
202505	230L10200	76	移動時間	0.0	0.0	0.0		0.0	0.0
202505	230L10200	77	当月時間当り	5657.5	5253.6	5670.2		107.9	100.2
202505	230L10200	78	人員	4.0	4.0	4.0		100.0	100.0
202506	230L10200	1	総受注高	70860000.0	63909730.0	59448253.0		93.0	83.8
202506	230L10200	2	総売上高	70860000.0	63909730.0	59448253.0		93.0	83.8
202506	230L10200	3	売上高	71360000.0	64417730.0	59940864.0	100.8	93.0	83.9
202506	230L10200	4	グループ売上高	0.0	0.0	0.0	0.0	0.0	0.0
202506	230L10200	5	社内売上高	0.0	0.0	0.0	0.0	0.0	0.0
202506	230L10200	7	販売奨励金	-500000.0	-508000.0	-492611.0	0.0	0.0	0.0
202506	230L10200	8	売上原価	67180000.0	61170650.0	57087684.0	96.0	93.3	84.9
202506	230L10200	9	仕入高	5064800.0	4812450.0	4075097.0	6.8	84.6	80.4
202506	230L10200	10	グループ仕入高	9836200.0	8602000.0	7884116.0	13.2	91.6	80.1
202506	230L10200	11	社内仕入高	45000000.0	40066200.0	37526180.0	63.1	93.6	83.3
202506	230L10200	12	荷造運搬費	4084000.0	3700000.0	3621895.0	6.0	97.8	88.6
202506	230L10200	13	販売手数料	3195000.0	3990000.0	3980396.0	6.6	99.7	124.5
202506	230L10200	14	総収益	3680000.0	2739080.0	2360569.0	3.9	86.1	64.1
202506	230L10200	15	経費合計	760000.0	720000.0	601522.0	1.0	83.5	79.1
202506	230L10200	16	経費合計（原価）	0.0	0.0	0.0	0.0	0.0	0.0
202506	230L10200	17	種苗費*	0.0	0.0	0.0	0.0	0.0	0.0
202506	230L10200	18	肥料費*	0.0	0.0	0.0	0.0	0.0	0.0
202506	230L10200	19	培土費用*	0.0	0.0	0.0	0.0	0.0	0.0
202506	230L10200	20	農薬衛生費*	0.0	0.0	0.0	0.0	0.0	0.0
202506	230L10200	21	農具費*	0.0	0.0	0.0	0.0	0.0	0.0
202506	230L10200	22	諸材料費*	0.0	0.0	0.0	0.0	0.0	0.0
202506	230L10200	23	その他仕入高*	0.0	0.0	0.0	0.0	0.0	0.0
202506	230L10200	24	減価償却費*	0.0	0.0	0.0	0.0	0.0	0.0
202506	230L10200	25	車両費*	0.0	0.0	0.0	0.0	0.0	0.0
202506	230L10200	26	水道光熱費*	0.0	0.0	0.0	0.0	0.0	0.0
202506	230L10200	27	動力費*	0.0	0.0	0.0	0.0	0.0	0.0
202506	230L10200	28	燃料費*	0.0	0.0	0.0	0.0	0.0	0.0
202506	230L10200	29	賃借料*	0.0	0.0	0.0	0.0	0.0	0.0
202506	230L10200	30	修繕費*	0.0	0.0	0.0	0.0	0.0	0.0
202506	230L10200	31	診断料*	0.0	0.0	0.0	0.0	0.0	0.0
202506	230L10200	32	租税公課*	0.0	0.0	0.0	0.0	0.0	0.0
202506	230L10200	33	業務委託費*	0.0	0.0	0.0	0.0	0.0	0.0
202506	230L10200	34	雑費*	0.0	0.0	0.0	0.0	0.0	0.0
202506	230L10200	35	雑給*	0.0	0.0	0.0	0.0	0.0	0.0
202506	230L10200	36	経費合計（販管費）	760000.0	720000.0	601522.0	1.0	83.5	79.1
202506	230L10200	37	減価償却費	0.0	0.0	0.0	0.0	0.0	0.0
202506	230L10200	38	車両費	203000.0	183000.0	125589.0	0.2	68.6	61.8
202506	230L10200	39	旅費交通費	90000.0	70000.0	35602.0	0.0	50.8	39.5
202506	230L10200	40	通信費	25000.0	25000.0	10007.0	0.0	40.0	40.0
202506	230L10200	41	水道光熱費	0.0	0.0	0.0	0.0	0.0	0.0
202506	230L10200	42	事務用品費	5000.0	5000.0	0.0	0.0	0.0	0.0
202506	230L10200	43	消耗品費	0.0	0.0	0.0	0.0	0.0	0.0
202506	230L10200	44	廃棄物処理料	0.0	0.0	0.0	0.0	0.0	0.0
202506	230L10200	45	広告宣伝費	0.0	0.0	0.0	0.0	0.0	0.0
202506	230L10200	46	接待交際費	10000.0	10000.0	0.0	0.0	0.0	0.0
202506	230L10200	47	賃借料	80000.0	80000.0	80000.0	0.1	100.0	100.0
202506	230L10200	48	賃貸料収入	0.0	0.0	0.0	0.0	0.0	0.0
202506	230L10200	49	修繕費	0.0	0.0	0.0	0.0	0.0	0.0
202506	230L10200	50	支払リース料	0.0	0.0	0.0	0.0	0.0	0.0
202506	230L10200	51	保険料	0.0	0.0	0.0	0.0	0.0	0.0
202506	230L10200	52	支払報酬	0.0	0.0	21500.0	0.0	0.0	0.0
202506	230L10200	53	支払手数料	40000.0	40000.0	19373.0	0.0	48.4	48.4
202506	230L10200	54	診断料	0.0	0.0	0.0	0.0	0.0	0.0
202506	230L10200	55	諸会費	500.0	500.0	0.0	0.0	0.0	0.0
202506	230L10200	56	会議費	5000.0	5000.0	3819.0	0.0	76.3	76.3
202506	230L10200	57	寄付金	0.0	0.0	0.0	0.0	0.0	0.0
202506	230L10200	58	租税公課	0.0	0.0	5000.0	0.0	0.0	0.0
202506	230L10200	59	業務委託費	0.0	0.0	0.0	0.0	0.0	0.0
202506	230L10200	60	業務受託収入	0.0	0.0	0.0	0.0	0.0	0.0
202506	230L10200	61	情報機器利用料	74760.0	74760.0	74760.0	0.1	100.0	100.0
202506	230L10200	62	貸倒金	0.0	0.0	0.0	0.0	0.0	0.0
202506	230L10200	63	雑費	86040.0	86040.0	85172.0	0.1	98.9	98.9
202506	230L10200	64	福利消耗品費	0.0	0.0	0.0	0.0	0.0	0.0
202506	230L10200	65	教育研修費	0.0	0.0	0.0	0.0	0.0	0.0
202506	230L10200	66	廃棄損	0.0	0.0	0.0	0.0	0.0	0.0
202506	230L10200	67	雑給	0.0	0.0	0.0	0.0	0.0	0.0
202506	230L10200	68	社内金利（固定資産）	0.0	0.0	0.0	0.0	0.0	0.0
202506	230L10200	69	社内金利（売掛金）	0.0	0.0	0.0	0.0	0.0	0.0
202506	230L10200	70	グループ共通	140700.0	140700.0	140700.0	0.2	100.0	100.0
202506	230L10200	71	差引収益	2920000.0	2019080.0	1759047.0	2.9	87.1	60.2
202506	230L10200	72	差引比率	4.1	3.1	2.9		93.5	70.7
202506	230L10200	73	総時間	770.0	770.0	717.75		93.2	93.2
202506	230L10200	74	定時間	680.0	680.0	637.0		93.6	93.6
202506	230L10200	75	残業時間	90.0	90.0	80.75		89.7	89.7
202506	230L10200	76	移動時間	0.0	0.0	0.0		0.0	0.0
202506	230L10200	77	当月時間当り	3792.2	2622.1	2450.7		93.4	64.6
202506	230L10200	78	人員	4.0	4.0	4.0		100.0	100.0
202507	230L10200	1	総受注高	63800000.0	57060000.0	53399686.0		93.5	83.6
202507	230L10200	2	総売上高	63800000.0	57060000.0	53399686.0		93.5	83.6
202507	230L10200	3	売上高	64300000.0	57495000.0	53821015.0	100.7	93.6	83.7
202507	230L10200	4	グループ売上高	0.0	0.0	0.0	0.0	0.0	0.0
202507	230L10200	5	社内売上高	0.0	0.0	0.0	0.0	0.0	0.0
202507	230L10200	7	販売奨励金	-500000.0	-435000.0	-421329.0	0.0	0.0	0.0
202507	230L10200	8	売上原価	60740000.0	54269000.0	50922474.0	95.3	93.8	83.8
202507	230L10200	9	仕入高	4559690.0	3580000.0	3493686.0	6.5	97.5	76.6
202507	230L10200	10	グループ仕入高	6943310.0	4148000.0	4914037.0	9.2	118.4	70.7
202507	230L10200	11	社内仕入高	42700000.0	39991000.0	36219933.0	67.8	90.5	84.8
202507	230L10200	12	荷造運搬費	3491000.0	3300000.0	3027990.0	5.6	91.7	86.7
202507	230L10200	13	販売手数料	3046000.0	3250000.0	3266828.0	6.1	100.5	107.2
202507	230L10200	14	総収益	3060000.0	2791000.0	2477212.0	4.6	88.7	80.9
202507	230L10200	15	経費合計	950000.0	900000.0	812747.0	1.5	90.3	85.5
202507	230L10200	16	経費合計（原価）	0.0	0.0	0.0	0.0	0.0	0.0
202507	230L10200	17	種苗費*	0.0	0.0	0.0	0.0	0.0	0.0
202507	230L10200	18	肥料費*	0.0	0.0	0.0	0.0	0.0	0.0
202507	230L10200	19	培土費用*	0.0	0.0	0.0	0.0	0.0	0.0
202507	230L10200	20	農薬衛生費*	0.0	0.0	0.0	0.0	0.0	0.0
202507	230L10200	21	農具費*	0.0	0.0	0.0	0.0	0.0	0.0
202507	230L10200	22	諸材料費*	0.0	0.0	0.0	0.0	0.0	0.0
202507	230L10200	23	その他仕入高*	0.0	0.0	0.0	0.0	0.0	0.0
202507	230L10200	24	減価償却費*	0.0	0.0	0.0	0.0	0.0	0.0
202507	230L10200	25	車両費*	0.0	0.0	0.0	0.0	0.0	0.0
202507	230L10200	26	水道光熱費*	0.0	0.0	0.0	0.0	0.0	0.0
202507	230L10200	27	動力費*	0.0	0.0	0.0	0.0	0.0	0.0
202507	230L10200	28	燃料費*	0.0	0.0	0.0	0.0	0.0	0.0
202507	230L10200	29	賃借料*	0.0	0.0	0.0	0.0	0.0	0.0
202507	230L10200	30	修繕費*	0.0	0.0	0.0	0.0	0.0	0.0
202507	230L10200	31	診断料*	0.0	0.0	0.0	0.0	0.0	0.0
202507	230L10200	32	租税公課*	0.0	0.0	0.0	0.0	0.0	0.0
202507	230L10200	33	業務委託費*	0.0	0.0	0.0	0.0	0.0	0.0
202507	230L10200	34	雑費*	0.0	0.0	0.0	0.0	0.0	0.0
202507	230L10200	35	雑給*	0.0	0.0	0.0	0.0	0.0	0.0
202507	230L10200	36	経費合計（販管費）	950000.0	900000.0	812747.0	1.5	90.3	85.5
202507	230L10200	37	減価償却費	0.0	0.0	0.0	0.0	0.0	0.0
202507	230L10200	38	車両費	224200.0	204200.0	211899.0	0.3	103.7	94.5
202507	230L10200	39	旅費交通費	80000.0	50000.0	31209.0	0.0	62.4	39.0
202507	230L10200	40	通信費	25000.0	25000.0	10171.0	0.0	40.6	40.6
202507	230L10200	41	水道光熱費	0.0	0.0	0.0	0.0	0.0	0.0
202507	230L10200	42	事務用品費	5000.0	5000.0	6832.0	0.0	136.6	136.6
202507	230L10200	43	消耗品費	0.0	0.0	0.0	0.0	0.0	0.0
202507	230L10200	44	廃棄物処理料	0.0	0.0	0.0	0.0	0.0	0.0
202507	230L10200	45	広告宣伝費	0.0	0.0	0.0	0.0	0.0	0.0
202507	230L10200	46	接待交際費	0.0	0.0	1110.0	0.0	0.0	0.0
202507	230L10200	47	賃借料	80000.0	80000.0	80000.0	0.1	100.0	100.0
202507	230L10200	48	賃貸料収入	0.0	0.0	0.0	0.0	0.0	0.0
202507	230L10200	49	修繕費	0.0	0.0	0.0	0.0	0.0	0.0
202507	230L10200	50	支払リース料	0.0	0.0	0.0	0.0	0.0	0.0
202507	230L10200	51	保険料	0.0	0.0	0.0	0.0	0.0	0.0
202507	230L10200	52	支払報酬	185000.0	185000.0	157605.0	0.2	85.1	85.1
202507	230L10200	53	支払手数料	40000.0	40000.0	27104.0	0.0	67.7	67.7
202507	230L10200	54	診断料	0.0	0.0	0.0	0.0	0.0	0.0
202507	230L10200	55	諸会費	0.0	0.0	2500.0	0.0	0.0	0.0
202507	230L10200	56	会議費	5000.0	5000.0	0.0	0.0	0.0	0.0
202507	230L10200	57	寄付金	0.0	0.0	0.0	0.0	0.0	0.0
202507	230L10200	58	租税公課	0.0	0.0	0.0	0.0	0.0	0.0
202507	230L10200	59	業務委託費	0.0	0.0	0.0	0.0	0.0	0.0
202507	230L10200	60	業務受託収入	0.0	0.0	-30000.0	0.0	0.0	0.0
202507	230L10200	61	情報機器利用料	74760.0	74760.0	74760.0	0.1	100.0	100.0
202507	230L10200	62	貸倒金	0.0	0.0	0.0	0.0	0.0	0.0
202507	230L10200	63	雑費	90340.0	90340.0	96153.0	0.1	106.4	106.4
202507	230L10200	64	福利消耗品費	0.0	0.0	0.0	0.0	0.0	0.0
202507	230L10200	65	教育研修費	0.0	0.0	0.0	0.0	0.0	0.0
202507	230L10200	66	廃棄損	0.0	0.0	0.0	0.0	0.0	0.0
202507	230L10200	67	雑給	0.0	0.0	0.0	0.0	0.0	0.0
202507	230L10200	68	社内金利（固定資産）	0.0	0.0	2704.0	0.0	0.0	0.0
202507	230L10200	69	社内金利（売掛金）	0.0	0.0	0.0	0.0	0.0	0.0
202507	230L10200	70	グループ共通	140700.0	140700.0	140700.0	0.2	100.0	100.0
202507	230L10200	71	差引収益	2110000.0	1891000.0	1664465.0	3.1	88.0	78.8
202507	230L10200	72	差引比率	3.3	3.3	3.1		93.9	93.9
202507	230L10200	73	総時間	840.0	760.0	848.5		111.6	101.0
202507	230L10200	74	定時間	650.0	650.0	727.25		111.8	111.8
202507	230L10200	75	残業時間	90.0	70.0	107.5		153.5	119.4
202507	230L10200	76	移動時間	100.0	40.0	13.75		34.3	13.7
202507	230L10200	77	当月時間当り	2511.9	2488.1	1961.6		78.8	78.0
202507	230L10200	78	人員	4.0	4.0	4.0		100.0	100.0
202508	230L10200	1	総受注高	42690000.0	45001270.0	49111181.0		109.1	115.0
202508	230L10200	2	総売上高	42690000.0	45001270.0	49111181.0		109.1	115.0
202508	230L10200	3	売上高	43260000.0	45401270.0	49500976.0	100.7	109.0	114.4
202508	230L10200	4	グループ売上高	0.0	0.0	0.0	0.0	0.0	0.0
202508	230L10200	5	社内売上高	0.0	0.0	0.0	0.0	0.0	0.0
202508	230L10200	7	販売奨励金	-570000.0	-400000.0	-389795.0	0.0	0.0	0.0
202508	230L10200	8	売上原価	40980000.0	43289020.0	46046243.0	93.7	106.3	112.3
202508	230L10200	9	仕入高	3008760.0	7325020.0	8409296.0	17.1	114.8	279.4
202508	230L10200	10	グループ仕入高	2869940.0	0.0	47004.0	0.0	0.0	1.6
202508	230L10200	11	社内仕入高	30500000.0	30834000.0	32042058.0	65.2	103.9	105.0
202508	230L10200	12	荷造運搬費	2457000.0	2300000.0	2557892.0	5.2	111.2	104.1
202508	230L10200	13	販売手数料	2144300.0	2830000.0	2989993.0	6.0	105.6	139.4
202508	230L10200	14	総収益	1710000.0	1712250.0	3064938.0	6.2	179.0	179.2
202508	230L10200	15	経費合計	750000.0	802704.0	788892.0	1.6	98.2	105.1
202508	230L10200	16	経費合計（原価）	0.0	0.0	0.0	0.0	0.0	0.0
202508	230L10200	17	種苗費*	0.0	0.0	0.0	0.0	0.0	0.0
202508	230L10200	18	肥料費*	0.0	0.0	0.0	0.0	0.0	0.0
202508	230L10200	19	培土費用*	0.0	0.0	0.0	0.0	0.0	0.0
202508	230L10200	20	農薬衛生費*	0.0	0.0	0.0	0.0	0.0	0.0
202508	230L10200	21	農具費*	0.0	0.0	0.0	0.0	0.0	0.0
202508	230L10200	22	諸材料費*	0.0	0.0	0.0	0.0	0.0	0.0
202508	230L10200	23	その他仕入高*	0.0	0.0	0.0	0.0	0.0	0.0
202508	230L10200	24	減価償却費*	0.0	0.0	0.0	0.0	0.0	0.0
202508	230L10200	25	車両費*	0.0	0.0	0.0	0.0	0.0	0.0
202508	230L10200	26	水道光熱費*	0.0	0.0	0.0	0.0	0.0	0.0
202508	230L10200	27	動力費*	0.0	0.0	0.0	0.0	0.0	0.0
202508	230L10200	28	燃料費*	0.0	0.0	0.0	0.0	0.0	0.0
202508	230L10200	29	賃借料*	0.0	0.0	0.0	0.0	0.0	0.0
202508	230L10200	30	修繕費*	0.0	0.0	0.0	0.0	0.0	0.0
202508	230L10200	31	診断料*	0.0	0.0	0.0	0.0	0.0	0.0
202508	230L10200	32	租税公課*	0.0	0.0	0.0	0.0	0.0	0.0
202508	230L10200	33	業務委託費*	0.0	0.0	0.0	0.0	0.0	0.0
202508	230L10200	34	雑費*	0.0	0.0	0.0	0.0	0.0	0.0
202508	230L10200	35	雑給*	0.0	0.0	0.0	0.0	0.0	0.0
202508	230L10200	36	経費合計（販管費）	750000.0	802704.0	788892.0	1.6	98.2	105.1
202508	230L10200	37	減価償却費	0.0	0.0	0.0	0.0	0.0	0.0
202508	230L10200	38	車両費	204200.0	194200.0	190221.0	0.3	97.9	93.1
202508	230L10200	39	旅費交通費	80000.0	40000.0	65518.0	0.1	163.7	81.8
202508	230L10200	40	通信費	25000.0	25000.0	12366.0	0.0	49.4	49.4
202508	230L10200	41	水道光熱費	0.0	0.0	0.0	0.0	0.0	0.0
202508	230L10200	42	事務用品費	5000.0	5000.0	1821.0	0.0	36.4	36.4
202508	230L10200	43	消耗品費	0.0	0.0	0.0	0.0	0.0	0.0
202508	230L10200	44	廃棄物処理料	0.0	0.0	0.0	0.0	0.0	0.0
202508	230L10200	45	広告宣伝費	0.0	0.0	12175.0	0.0	0.0	0.0
202508	230L10200	46	接待交際費	0.0	0.0	0.0	0.0	0.0	0.0
202508	230L10200	47	賃借料	80000.0	80000.0	80000.0	0.1	100.0	100.0
202508	230L10200	48	賃貸料収入	0.0	0.0	0.0	0.0	0.0	0.0
202508	230L10200	49	修繕費	0.0	0.0	0.0	0.0	0.0	0.0
202508	230L10200	50	支払リース料	0.0	0.0	0.0	0.0	0.0	0.0
202508	230L10200	51	保険料	0.0	0.0	0.0	0.0	0.0	0.0
202508	230L10200	52	支払報酬	0.0	0.0	0.0	0.0	0.0	0.0
202508	230L10200	53	支払手数料	40000.0	140000.0	125380.0	0.2	89.5	313.4
202508	230L10200	54	診断料	0.0	0.0	0.0	0.0	0.0	0.0
202508	230L10200	55	諸会費	500.0	500.0	0.0	0.0	0.0	0.0
202508	230L10200	56	会議費	5000.0	5000.0	0.0	0.0	0.0	0.0
202508	230L10200	57	寄付金	0.0	0.0	0.0	0.0	0.0	0.0
202508	230L10200	58	租税公課	0.0	0.0	948.0	0.0	0.0	0.0
202508	230L10200	59	業務委託費	0.0	0.0	0.0	0.0	0.0	0.0
202508	230L10200	60	業務受託収入	0.0	0.0	0.0	0.0	0.0	0.0
202508	230L10200	61	情報機器利用料	74760.0	74760.0	74760.0	0.1	100.0	100.0
202508	230L10200	62	貸倒金	0.0	0.0	0.0	0.0	0.0	0.0
202508	230L10200	63	雑費	94840.0	94840.0	82345.0	0.1	86.8	86.8
202508	230L10200	64	福利消耗品費	0.0	0.0	0.0	0.0	0.0	0.0
202508	230L10200	65	教育研修費	0.0	0.0	0.0	0.0	0.0	0.0
202508	230L10200	66	廃棄損	0.0	0.0	0.0	0.0	0.0	0.0
202508	230L10200	67	雑給	0.0	0.0	0.0	0.0	0.0	0.0
202508	230L10200	68	社内金利（固定資産）	0.0	2704.0	2658.0	0.0	98.2	0.0
202508	230L10200	69	社内金利（売掛金）	0.0	0.0	0.0	0.0	0.0	0.0
202508	230L10200	70	グループ共通	140700.0	140700.0	140700.0	0.2	100.0	100.0
202508	230L10200	71	差引収益	960000.0	909546.0	2276046.0	4.6	250.2	237.0
202508	230L10200	72	差引比率	2.2	2.0	4.6		230.0	209.0
202508	230L10200	73	総時間	825.0	770.0	775.25		100.6	93.9
202508	230L10200	74	定時間	670.0	670.0	655.0		97.7	97.7
202508	230L10200	75	残業時間	85.0	80.0	95.5		119.3	112.3
202508	230L10200	76	移動時間	70.0	20.0	24.75		123.7	35.3
202508	230L10200	77	当月時間当り	1163.6	1181.2	2935.8		248.5	252.3
202508	230L10200	78	人員	4.0	4.0	4.0		100.0	100.0
202509	230L10200	1	総受注高	30500000.0	41614000.0	50572267.0		121.5	165.8
202509	230L10200	2	総売上高	30500000.0	41614000.0	50572267.0		121.5	165.8
202509	230L10200	3	売上高	30900000.0	42520000.0	51472101.0	101.7	121.0	166.5
202509	230L10200	4	グループ売上高	0.0	0.0	0.0	0.0	0.0	0.0
202509	230L10200	5	社内売上高	0.0	0.0	0.0	0.0	0.0	0.0
202509	230L10200	7	販売奨励金	-400000.0	-906000.0	-899834.0	0.0	0.0	0.0
202509	230L10200	8	売上原価	29810000.0	41180900.0	48935672.0	96.7	118.8	164.1
202509	230L10200	9	仕入高	1392320.0	5580000.0	8392005.0	16.5	150.3	602.7
202509	230L10200	10	グループ仕入高	2518380.0	680000.0	869192.0	1.7	127.8	34.5
202509	230L10200	11	社内仕入高	22200000.0	29880900.0	34453715.0	68.1	115.3	155.1
202509	230L10200	12	荷造運搬費	2149000.0	2450000.0	2462229.0	4.8	100.4	114.5
202509	230L10200	13	販売手数料	1550300.0	2590000.0	2758531.0	5.4	106.5	177.9
202509	230L10200	14	総収益	690000.0	433100.0	1636595.0	3.2	377.8	237.1
202509	230L10200	15	経費合計	820000.0	792704.0	713668.0	1.4	90.0	87.0
202509	230L10200	16	経費合計（原価）	0.0	0.0	0.0	0.0	0.0	0.0
202509	230L10200	17	種苗費*	0.0	0.0	0.0	0.0	0.0	0.0
202509	230L10200	18	肥料費*	0.0	0.0	0.0	0.0	0.0	0.0
202509	230L10200	19	培土費用*	0.0	0.0	0.0	0.0	0.0	0.0
202509	230L10200	20	農薬衛生費*	0.0	0.0	0.0	0.0	0.0	0.0
202509	230L10200	21	農具費*	0.0	0.0	0.0	0.0	0.0	0.0
202509	230L10200	22	諸材料費*	0.0	0.0	0.0	0.0	0.0	0.0
202509	230L10200	23	その他仕入高*	0.0	0.0	0.0	0.0	0.0	0.0
202509	230L10200	24	減価償却費*	0.0	0.0	0.0	0.0	0.0	0.0
202509	230L10200	25	車両費*	0.0	0.0	0.0	0.0	0.0	0.0
202509	230L10200	26	水道光熱費*	0.0	0.0	0.0	0.0	0.0	0.0
202509	230L10200	27	動力費*	0.0	0.0	0.0	0.0	0.0	0.0
202509	230L10200	28	燃料費*	0.0	0.0	0.0	0.0	0.0	0.0
202509	230L10200	29	賃借料*	0.0	0.0	0.0	0.0	0.0	0.0
202509	230L10200	30	修繕費*	0.0	0.0	0.0	0.0	0.0	0.0
202509	230L10200	31	診断料*	0.0	0.0	0.0	0.0	0.0	0.0
202509	230L10200	32	租税公課*	0.0	0.0	0.0	0.0	0.0	0.0
202509	230L10200	33	業務委託費*	0.0	0.0	0.0	0.0	0.0	0.0
202509	230L10200	34	雑費*	0.0	0.0	0.0	0.0	0.0	0.0
202509	230L10200	35	雑給*	0.0	0.0	0.0	0.0	0.0	0.0
202509	230L10200	36	経費合計（販管費）	820000.0	792704.0	713668.0	1.4	90.0	87.0
202509	230L10200	37	減価償却費	0.0	0.0	0.0	0.0	0.0	0.0
202509	230L10200	38	車両費	204200.0	204200.0	195396.0	0.3	95.6	95.6
202509	230L10200	39	旅費交通費	80000.0	50000.0	89254.0	0.1	178.5	111.5
202509	230L10200	40	通信費	25000.0	25000.0	10211.0	0.0	40.8	40.8
202509	230L10200	41	水道光熱費	0.0	0.0	0.0	0.0	0.0	0.0
202509	230L10200	42	事務用品費	5000.0	5000.0	3587.0	0.0	71.7	71.7
202509	230L10200	43	消耗品費	0.0	0.0	0.0	0.0	0.0	0.0
202509	230L10200	44	廃棄物処理料	0.0	0.0	0.0	0.0	0.0	0.0
202509	230L10200	45	広告宣伝費	60000.0	60000.0	13190.0	0.0	21.9	21.9
202509	230L10200	46	接待交際費	0.0	0.0	0.0	0.0	0.0	0.0
202509	230L10200	47	賃借料	80000.0	80000.0	80000.0	0.1	100.0	100.0
202509	230L10200	48	賃貸料収入	0.0	0.0	0.0	0.0	0.0	0.0
202509	230L10200	49	修繕費	0.0	0.0	0.0	0.0	0.0	0.0
202509	230L10200	50	支払リース料	0.0	0.0	0.0	0.0	0.0	0.0
202509	230L10200	51	保険料	0.0	0.0	0.0	0.0	0.0	0.0
202509	230L10200	52	支払報酬	0.0	0.0	0.0	0.0	0.0	0.0
202509	230L10200	53	支払手数料	40000.0	40000.0	27244.0	0.0	68.1	68.1
202509	230L10200	54	診断料	0.0	0.0	0.0	0.0	0.0	0.0
202509	230L10200	55	諸会費	0.0	0.0	0.0	0.0	0.0	0.0
202509	230L10200	56	会議費	5000.0	5000.0	0.0	0.0	0.0	0.0
202509	230L10200	57	寄付金	0.0	0.0	0.0	0.0	0.0	0.0
202509	230L10200	58	租税公課	0.0	0.0	0.0	0.0	0.0	0.0
202509	230L10200	59	業務委託費	0.0	0.0	0.0	0.0	0.0	0.0
202509	230L10200	60	業務受託収入	0.0	0.0	0.0	0.0	0.0	0.0
202509	230L10200	61	情報機器利用料	74760.0	74760.0	74760.0	0.1	100.0	100.0
202509	230L10200	62	貸倒金	0.0	0.0	0.0	0.0	0.0	0.0
202509	230L10200	63	雑費	85340.0	85340.0	74914.0	0.1	87.7	87.7
202509	230L10200	64	福利消耗品費	20000.0	20000.0	0.0	0.0	0.0	0.0
202509	230L10200	65	教育研修費	0.0	0.0	1800.0	0.0	0.0	0.0
202509	230L10200	66	廃棄損	0.0	0.0	0.0	0.0	0.0	0.0
202509	230L10200	67	雑給	0.0	0.0	0.0	0.0	0.0	0.0
202509	230L10200	68	社内金利（固定資産）	0.0	2704.0	2612.0	0.0	96.5	0.0
202509	230L10200	69	社内金利（売掛金）	0.0	0.0	0.0	0.0	0.0	0.0
202509	230L10200	70	グループ共通	140700.0	140700.0	140700.0	0.2	100.0	100.0
202509	230L10200	71	差引収益	-130000.0	-359604.0	922927.0	1.8	0.0	0.0
202509	230L10200	72	差引比率	-0.4	-0.8	1.8		0.0	0.0
202509	230L10200	73	総時間	730.0	724.0	763.0		105.3	104.5
202509	230L10200	74	定時間	650.0	664.0	675.5		101.7	103.9
202509	230L10200	75	残業時間	80.0	60.0	87.5		145.8	109.3
202509	230L10200	76	移動時間	0.0	0.0	0.0		0.0	0.0
202509	230L10200	77	当月時間当り	-178.0	-496.6	1209.6		0.0	0.0
202509	230L10200	78	人員	4.0	4.0	4.0		100.0	100.0
202510	230L10200	1	総受注高	31650000.0	30847780.0	39218839.0		127.1	123.9
202510	230L10200	2	総売上高	31650000.0	30847780.0	39218839.0		127.1	123.9
202510	230L10200	3	売上高	31920000.0	31772780.0	40142083.0	102.3	126.3	125.7
202510	230L10200	4	グループ売上高	0.0	0.0	0.0	0.0	0.0	0.0
202510	230L10200	5	社内売上高	0.0	0.0	0.0	0.0	0.0	0.0
202510	230L10200	7	販売奨励金	-270000.0	-925000.0	-923244.0	0.0	0.0	0.0
202510	230L10200	8	売上原価	29830000.0	31385268.0	38324736.0	97.7	122.1	128.4
202510	230L10200	9	仕入高	2249760.0	3593100.0	5659606.0	14.4	157.5	251.5
202510	230L10200	10	グループ仕入高	3633240.0	782000.0	1455634.0	3.7	186.1	40.0
202510	230L10200	11	社内仕入高	21000000.0	22615168.0	26688560.0	68.0	118.0	127.0
202510	230L10200	12	荷造運搬費	1824000.0	2380000.0	2500637.0	6.3	105.0	137.0
202510	230L10200	13	販売手数料	1123000.0	2015000.0	2020299.0	5.1	100.2	179.9
202510	230L10200	14	総収益	1820000.0	-537488.0	894103.0	2.2	0.0	49.1
202510	230L10200	15	経費合計	750000.0	801201.0	656323.0	1.6	81.9	87.5
202510	230L10200	16	経費合計（原価）	0.0	0.0	0.0	0.0	0.0	0.0
202510	230L10200	17	種苗費*	0.0	0.0	0.0	0.0	0.0	0.0
202510	230L10200	18	肥料費*	0.0	0.0	0.0	0.0	0.0	0.0
202510	230L10200	19	培土費用*	0.0	0.0	0.0	0.0	0.0	0.0
202510	230L10200	20	農薬衛生費*	0.0	0.0	0.0	0.0	0.0	0.0
202510	230L10200	21	農具費*	0.0	0.0	0.0	0.0	0.0	0.0
202510	230L10200	22	諸材料費*	0.0	0.0	0.0	0.0	0.0	0.0
202510	230L10200	23	その他仕入高*	0.0	0.0	0.0	0.0	0.0	0.0
202510	230L10200	24	減価償却費*	0.0	0.0	0.0	0.0	0.0	0.0
202510	230L10200	25	車両費*	0.0	0.0	0.0	0.0	0.0	0.0
202510	230L10200	26	水道光熱費*	0.0	0.0	0.0	0.0	0.0	0.0
202510	230L10200	27	動力費*	0.0	0.0	0.0	0.0	0.0	0.0
202510	230L10200	28	燃料費*	0.0	0.0	0.0	0.0	0.0	0.0
202510	230L10200	29	賃借料*	0.0	0.0	0.0	0.0	0.0	0.0
202510	230L10200	30	修繕費*	0.0	0.0	0.0	0.0	0.0	0.0
202510	230L10200	31	診断料*	0.0	0.0	0.0	0.0	0.0	0.0
202510	230L10200	32	租税公課*	0.0	0.0	0.0	0.0	0.0	0.0
202510	230L10200	33	業務委託費*	0.0	0.0	0.0	0.0	0.0	0.0
202510	230L10200	34	雑費*	0.0	0.0	0.0	0.0	0.0	0.0
202510	230L10200	35	雑給*	0.0	0.0	0.0	0.0	0.0	0.0
202510	230L10200	36	経費合計（販管費）	750000.0	801201.0	656323.0	1.6	81.9	87.5
202510	230L10200	37	減価償却費	0.0	7420.0	7430.0	0.0	100.1	0.0
202510	230L10200	38	車両費	204200.0	204200.0	181453.0	0.4	88.8	88.8
202510	230L10200	39	旅費交通費	80000.0	50000.0	47372.0	0.1	94.7	59.2
202510	230L10200	40	通信費	25000.0	25000.0	10341.0	0.0	41.3	41.3
202510	230L10200	41	水道光熱費	0.0	0.0	0.0	0.0	0.0	0.0
202510	230L10200	42	事務用品費	5000.0	5000.0	1717.0	0.0	34.3	34.3
202510	230L10200	43	消耗品費	0.0	0.0	0.0	0.0	0.0	0.0
202510	230L10200	44	廃棄物処理料	0.0	0.0	0.0	0.0	0.0	0.0
202510	230L10200	45	広告宣伝費	0.0	60000.0	0.0	0.0	0.0	0.0
202510	230L10200	46	接待交際費	10000.0	0.0	0.0	0.0	0.0	0.0
202510	230L10200	47	賃借料	80000.0	80000.0	80000.0	0.2	100.0	100.0
202510	230L10200	48	賃貸料収入	0.0	0.0	0.0	0.0	0.0	0.0
202510	230L10200	49	修繕費	0.0	0.0	0.0	0.0	0.0	0.0
202510	230L10200	50	支払リース料	0.0	0.0	0.0	0.0	0.0	0.0
202510	230L10200	51	保険料	0.0	0.0	0.0	0.0	0.0	0.0
202510	230L10200	52	支払報酬	0.0	0.0	0.0	0.0	0.0	0.0
202510	230L10200	53	支払手数料	40000.0	40000.0	24944.0	0.0	62.3	62.3
202510	230L10200	54	診断料	0.0	0.0	0.0	0.0	0.0	0.0
202510	230L10200	55	諸会費	500.0	0.0	0.0	0.0	0.0	0.0
202510	230L10200	56	会議費	5000.0	5000.0	0.0	0.0	0.0	0.0
202510	230L10200	57	寄付金	0.0	0.0	0.0	0.0	0.0	0.0
202510	230L10200	58	租税公課	0.0	0.0	0.0	0.0	0.0	0.0
202510	230L10200	59	業務委託費	0.0	0.0	0.0	0.0	0.0	0.0
202510	230L10200	60	業務受託収入	0.0	0.0	0.0	0.0	0.0	0.0
202510	230L10200	61	情報機器利用料	74760.0	74760.0	74760.0	0.1	100.0	100.0
202510	230L10200	62	貸倒金	0.0	0.0	0.0	0.0	0.0	0.0
202510	230L10200	63	雑費	84840.0	85340.0	83962.0	0.2	98.3	98.9
202510	230L10200	64	福利消耗品費	0.0	20000.0	0.0	0.0	0.0	0.0
202510	230L10200	65	教育研修費	0.0	0.0	0.0	0.0	0.0	0.0
202510	230L10200	66	廃棄損	0.0	0.0	0.0	0.0	0.0	0.0
202510	230L10200	67	雑給	0.0	0.0	0.0	0.0	0.0	0.0
202510	230L10200	68	社内金利（固定資産）	0.0	3781.0	3644.0	0.0	96.3	0.0
202510	230L10200	69	社内金利（売掛金）	0.0	0.0	0.0	0.0	0.0	0.0
202510	230L10200	70	グループ共通	140700.0	140700.0	140700.0	0.3	100.0	100.0
202510	230L10200	71	差引収益	1070000.0	-1338689.0	237780.0	0.6	0.0	22.2
202510	230L10200	72	差引比率	3.3	-4.3	0.6		0.0	18.1
202510	230L10200	73	総時間	710.0	740.0	784.25		105.9	110.4
202510	230L10200	74	定時間	630.0	680.0	703.25		103.4	111.6
202510	230L10200	75	残業時間	80.0	60.0	78.0		130.0	97.5
202510	230L10200	76	移動時間	0.0	0.0	3.0		0.0	0.0
202510	230L10200	77	当月時間当り	1507.0	-1809.0	303.1		0.0	20.1
202510	230L10200	78	人員	4.0	4.0	4.0		100.0	100.0
202511	230L10200	1	総受注高	68000000.0	60060210.0	56977722.0		94.8	83.7
202511	230L10200	2	総売上高	68000000.0	60060210.0	56977722.0		94.8	83.7
202511	230L10200	3	売上高	68300000.0	60693210.0	57612673.0	101.1	94.9	84.3
202511	230L10200	4	グループ売上高	0.0	0.0	0.0	0.0	0.0	0.0
202511	230L10200	5	社内売上高	0.0	0.0	0.0	0.0	0.0	0.0
202511	230L10200	7	販売奨励金	-300000.0	-633000.0	-634951.0	0.0	0.0	0.0
202511	230L10200	8	売上原価	62190000.0	55467009.0	52703328.0	92.4	95.0	84.7
202511	230L10200	9	仕入高	3683580.0	2753360.0	3038569.0	5.3	110.3	82.4
202511	230L10200	10	グループ仕入高	11190420.0	8709100.0	8165135.0	14.3	93.7	72.9
202511	230L10200	11	社内仕入高	42900000.0	39854549.0	37612511.0	66.0	94.3	87.6
202511	230L10200	12	荷造運搬費	2893000.0	2500000.0	2216519.0	3.8	88.6	76.6
202511	230L10200	13	販売手数料	1523000.0	1650000.0	1670594.0	2.9	101.2	109.6
202511	230L10200	14	総収益	5810000.0	4593201.0	4274394.0	7.5	93.0	73.5
202511	230L10200	15	経費合計	1110000.0	791174.0	542435.0	0.9	68.5	48.8
202511	230L10200	16	経費合計（原価）	0.0	0.0	0.0	0.0	0.0	0.0
202511	230L10200	17	種苗費*	0.0	0.0	0.0	0.0	0.0	0.0
202511	230L10200	18	肥料費*	0.0	0.0	0.0	0.0	0.0	0.0
202511	230L10200	19	培土費用*	0.0	0.0	0.0	0.0	0.0	0.0
202511	230L10200	20	農薬衛生費*	0.0	0.0	0.0	0.0	0.0	0.0
202511	230L10200	21	農具費*	0.0	0.0	0.0	0.0	0.0	0.0
202511	230L10200	22	諸材料費*	0.0	0.0	0.0	0.0	0.0	0.0
202511	230L10200	23	その他仕入高*	0.0	0.0	0.0	0.0	0.0	0.0
202511	230L10200	24	減価償却費*	0.0	0.0	0.0	0.0	0.0	0.0
202511	230L10200	25	車両費*	0.0	0.0	0.0	0.0	0.0	0.0
202511	230L10200	26	水道光熱費*	0.0	0.0	0.0	0.0	0.0	0.0
202511	230L10200	27	動力費*	0.0	0.0	0.0	0.0	0.0	0.0
202511	230L10200	28	燃料費*	0.0	0.0	0.0	0.0	0.0	0.0
202511	230L10200	29	賃借料*	0.0	0.0	0.0	0.0	0.0	0.0
202511	230L10200	30	修繕費*	0.0	0.0	0.0	0.0	0.0	0.0
202511	230L10200	31	診断料*	0.0	0.0	0.0	0.0	0.0	0.0
202511	230L10200	32	租税公課*	0.0	0.0	0.0	0.0	0.0	0.0
202511	230L10200	33	業務委託費*	0.0	0.0	0.0	0.0	0.0	0.0
202511	230L10200	34	雑費*	0.0	0.0	0.0	0.0	0.0	0.0
202511	230L10200	35	雑給*	0.0	0.0	0.0	0.0	0.0	0.0
202511	230L10200	36	経費合計（販管費）	1110000.0	791174.0	542435.0	0.9	68.5	48.8
202511	230L10200	37	減価償却費	0.0	7430.0	7430.0	0.0	100.0	0.0
202511	230L10200	38	車両費	214200.0	214200.0	68861.0	0.1	32.1	32.1
202511	230L10200	39	旅費交通費	80000.0	100000.0	58145.0	0.1	58.1	72.6
202511	230L10200	40	通信費	25000.0	25000.0	10125.0	0.0	40.5	40.5
202511	230L10200	41	水道光熱費	0.0	0.0	0.0	0.0	0.0	0.0
202511	230L10200	42	事務用品費	5000.0	5000.0	0.0	0.0	0.0	0.0
202511	230L10200	43	消耗品費	0.0	0.0	0.0	0.0	0.0	0.0
202511	230L10200	44	廃棄物処理料	0.0	0.0	0.0	0.0	0.0	0.0
202511	230L10200	45	広告宣伝費	0.0	0.0	0.0	0.0	0.0	0.0
202511	230L10200	46	接待交際費	0.0	0.0	0.0	0.0	0.0	0.0
202511	230L10200	47	賃借料	80000.0	80000.0	80000.0	0.1	100.0	100.0
202511	230L10200	48	賃貸料収入	0.0	0.0	0.0	0.0	0.0	0.0
202511	230L10200	49	修繕費	0.0	0.0	0.0	0.0	0.0	0.0
202511	230L10200	50	支払リース料	0.0	0.0	0.0	0.0	0.0	0.0
202511	230L10200	51	保険料	0.0	0.0	0.0	0.0	0.0	0.0
202511	230L10200	52	支払報酬	0.0	0.0	0.0	0.0	0.0	0.0
202511	230L10200	53	支払手数料	40000.0	40000.0	21544.0	0.0	53.8	53.8
202511	230L10200	54	診断料	0.0	0.0	0.0	0.0	0.0	0.0
202511	230L10200	55	諸会費	0.0	0.0	0.0	0.0	0.0	0.0
202511	230L10200	56	会議費	5660.0	5660.0	0.0	0.0	0.0	0.0
202511	230L10200	57	寄付金	0.0	0.0	0.0	0.0	0.0	0.0
202511	230L10200	58	租税公課	0.0	0.0	0.0	0.0	0.0	0.0
202511	230L10200	59	業務委託費	0.0	0.0	0.0	0.0	0.0	0.0
202511	230L10200	60	業務受託収入	0.0	0.0	0.0	0.0	0.0	0.0
202511	230L10200	61	情報機器利用料	74760.0	74760.0	74760.0	0.1	100.0	100.0
202511	230L10200	62	貸倒金	0.0	0.0	0.0	0.0	0.0	0.0
202511	230L10200	63	雑費	444680.0	94680.0	77309.0	0.1	81.6	17.3
202511	230L10200	64	福利消耗品費	0.0	0.0	0.0	0.0	0.0	0.0
202511	230L10200	65	教育研修費	0.0	0.0	0.0	0.0	0.0	0.0
202511	230L10200	66	廃棄損	0.0	0.0	0.0	0.0	0.0	0.0
202511	230L10200	67	雑給	0.0	0.0	0.0	0.0	0.0	0.0
202511	230L10200	68	社内金利（固定資産）	0.0	3744.0	3561.0	0.0	95.1	0.0
202511	230L10200	69	社内金利（売掛金）	0.0	0.0	0.0	0.0	0.0	0.0
202511	230L10200	70	グループ共通	140700.0	140700.0	140700.0	0.2	100.0	100.0
202511	230L10200	71	差引収益	4700000.0	3802027.0	3731959.0	6.5	98.1	79.4
202511	230L10200	72	差引比率	6.9	6.3	6.5		103.1	94.2
202511	230L10200	73	総時間	760.0	760.0	715.5		94.1	94.1
202511	230L10200	74	定時間	680.0	680.0	635.25		93.4	93.4
202511	230L10200	75	残業時間	80.0	80.0	80.25		100.3	100.3
202511	230L10200	76	移動時間	0.0	0.0	0.0		0.0	0.0
202511	230L10200	77	当月時間当り	6184.2	5002.6	5215.8		104.2	84.3
202511	230L10200	78	人員	4.0	4.0	4.0		100.0	100.0
