対象年月度	組織コード	明細No.	採算科目名	M/P	予定	実績	構成比(%)	予定比(%)	M/P比(%)
202404	210A10200	1	総受注高	0.0	50000000.0	41868949.0		83.7	0.0
202404	210A10200	2	総売上高	0.0	50000000.0	41868949.0		83.7	0.0
202404	210A10200	3	農薬	0.0	5000000.0	8821153.0	21.0	176.4	0.0
202404	210A10200	4	資材	0.0	20000000.0	15319873.0	36.5	76.5	0.0
202404	210A10200	5	工事	0.0	25000000.0	17667320.0	42.1	70.6	0.0
202404	210A10200	6	値引き他	0.0	0.0	60603.0	0.1	0.0	0.0
202404	210A10200	7	原価	0.0	40000000.0	4680842.0	11.1	11.7	0.0
202404	210A10200	8	仕入高	0.0	25000000.0	0.0	0.0	0.0	0.0
202404	210A10200	9	仕入割戻高	0.0	0.0	0.0	0.0	0.0	0.0
202404	210A10200	10	外注加工費	0.0	15000000.0	4680842.0	11.1	31.2	0.0
202404	210A10200	11	総収益	0.0	10000000.0	37188107.0	88.8	371.8	0.0
202404	210A10200	12	経費合計	0.0	2855000.0	5346394.0	12.7	187.2	0.0
202404	210A10200	13	減価償却費	0.0	500000.0	520000.0	1.2	104.0	0.0
202404	210A10200	14	車輛費	0.0	0.0	0.0	0.0	0.0	0.0
202404	210A10200	15	旅費交通費	0.0	500000.0	743815.0	1.7	148.7	0.0
202404	210A10200	16	発送配達費	0.0	20000.0	9220.0	0.0	46.1	0.0
202404	210A10200	17	通信費	0.0	100000.0	101742.0	0.2	101.7	0.0
202404	210A10200	18	水道光熱費	0.0	20000.0	133413.0	0.3	667.0	0.0
202404	210A10200	19	事務用品費	0.0	30000.0	84518.0	0.2	281.7	0.0
202404	210A10200	20	消耗品費	0.0	20000.0	326917.0	0.7		0.0
202404	210A10200	21	広告宣伝費	0.0	1000.0	0.0	0.0	0.0	0.0
202404	210A10200	22	交際費	0.0	20000.0	112847.0	0.2	564.2	0.0
202404	210A10200	23	地代家賃	0.0	200000.0	451462.0	1.0	225.7	0.0
202404	210A10200	24	修繕費	0.0	100000.0	102616.0	0.2	102.6	0.0
202404	210A10200	25	リース料	0.0	200000.0	611868.0	1.4	305.9	0.0
202404	210A10200	26	保険料	0.0	200000.0	457220.0	1.0	228.6	0.0
202404	210A10200	27	支払報酬	0.0	0.0	0.0	0.0	0.0	0.0
202404	210A10200	28	支払手数料	0.0	500000.0	247812.0	0.5	49.5	0.0
202404	210A10200	29	諸会費	0.0	1000.0	152000.0	0.3		0.0
202404	210A10200	30	会議費	0.0	1000.0	13530.0	0.0		0.0
202404	210A10200	31	寄付金	0.0	0.0	0.0	0.0	0.0	0.0
202404	210A10200	32	租税公課	0.0	20000.0	714600.0	1.7		0.0
202404	210A10200	33	貸倒引当金繰入額	0.0	0.0	0.0	0.0	0.0	0.0
202404	210A10200	34	雑費	0.0	2000.0	12485.0	0.0	624.2	0.0
202404	210A10200	35	調査研究費	0.0	0.0	0.0	0.0	0.0	0.0
202404	210A10200	36	差引収益	0.0	7145000.0	31841713.0	76.0	445.6	0.0
202404	210A10200	37	差引比率	0.0	14.2	76.0		535.2	0.0
202404	210A10200	38	総時間	0.0	1800.0	3532.0		196.2	0.0
202404	210A10200	39	定時間	0.0	1600.0	3152.0		197.0	0.0
202404	210A10200	40	残業時間	0.0	200.0	380.0		190.0	0.0
202404	210A10200	41	移動時間	0.0	0.0	0.0		0.0	0.0
202404	210A10200	42	当月時間当り	0.0	3969.4	9015.2		227.1	0.0
202404	210A10200	43	人員	0.0	20.0	20.0		100.0	0.0
202405	210A10200	1	総受注高	0.0	1000000.0	32151699.0			0.0
202405	210A10200	2	総売上高	0.0	1000000.0	32151699.0			0.0
202405	210A10200	3	農薬	0.0	300000.0	7784208.0	24.2		0.0
202405	210A10200	4	資材	0.0	300000.0	11293591.0	35.1		0.0
202405	210A10200	5	工事	0.0	400000.0	13085634.0	40.6		0.0
202405	210A10200	6	値引き他	0.0	0.0	-11734.0	0.0	0.0	0.0
202405	210A10200	7	原価	0.0	700000.0	24850916.0	77.2		0.0
202405	210A10200	8	仕入高	0.0	500000.0	20856986.0	64.8		0.0
202405	210A10200	9	仕入割戻高	0.0	0.0	0.0	0.0	0.0	0.0
202405	210A10200	10	外注加工費	0.0	200000.0	3993930.0	12.4		0.0
202405	210A10200	11	総収益	0.0	300000.0	7300783.0	22.7		0.0
202405	210A10200	12	経費合計	0.0	24067.0	4841067.0	15.0		0.0
202405	210A10200	13	減価償却費	0.0	3.0	520000.0	1.6		0.0
202405	210A10200	14	車輛費	0.0	0.0	0.0	0.0	0.0	0.0
202405	210A10200	15	旅費交通費	0.0	20000.0	465094.0	1.4		0.0
202405	210A10200	16	発送配達費	0.0	3.0	16750.0	0.0		0.0
202405	210A10200	17	通信費	0.0	3000.0	59065.0	0.1		0.0
202405	210A10200	18	水道光熱費	0.0	3.0	14173.0	0.0		0.0
202405	210A10200	19	事務用品費	0.0	3.0	94867.0	0.2		0.0
202405	210A10200	20	消耗品費	0.0	3.0	260065.0	0.8		0.0
202405	210A10200	21	広告宣伝費	0.0	3.0	0.0	0.0	0.0	0.0
202405	210A10200	22	交際費	0.0	1000.0	61304.0	0.1		0.0
202405	210A10200	23	地代家賃	0.0	7.0	510622.0	1.5		0.0
202405	210A10200	24	修繕費	0.0	3.0	160500.0	0.4		0.0
202405	210A10200	25	リース料	0.0	3.0	657868.0	2.0		0.0
202405	210A10200	26	保険料	0.0	3.0	484920.0	1.5		0.0
202405	210A10200	27	支払報酬	0.0	0.0	0.0	0.0	0.0	0.0
202405	210A10200	28	支払手数料	0.0	3.0	449696.0	1.3		0.0
202405	210A10200	29	諸会費	0.0	3.0	56700.0	0.1		0.0
202405	210A10200	30	会議費	0.0	3.0	1455.0	0.0		0.0
202405	210A10200	31	寄付金	0.0	3.0	0.0	0.0	0.0	0.0
202405	210A10200	32	租税公課	0.0	3.0	17200.0	0.0		0.0
202405	210A10200	33	貸倒引当金繰入額	0.0	3.0	0.0	0.0	0.0	0.0
202405	210A10200	34	雑費	0.0	3.0	19731.0	0.0		0.0
202405	210A10200	35	調査研究費	0.0	3.0	36273.0	0.1		0.0
202405	210A10200	36	差引収益	0.0	275933.0	2459716.0	7.6	891.4	0.0
202405	210A10200	37	差引比率	0.0	27.5	7.6		27.6	0.0
202405	210A10200	38	総時間	0.0	12.0	3381.0			0.0
202405	210A10200	39	定時間	0.0	10.0	3001.0			0.0
202405	210A10200	40	残業時間	0.0	1.0	380.0			0.0
202405	210A10200	41	移動時間	0.0	1.0	0.0		0.0	0.0
202405	210A10200	42	当月時間当り	0.0	22994.4	727.5		3.1	0.0
202405	210A10200	43	人員	0.0	3.0	20.0		666.6	0.0
202406	210A10200	1	総受注高	0.0	200000.0	30194765.0			0.0
202406	210A10200	2	総売上高	0.0	2100.0	30194765.0			0.0
202406	210A10200	3	農薬	0.0	1000.0	3837980.0	12.7		0.0
202406	210A10200	4	資材	0.0	500.0	14349163.0	47.5		0.0
202406	210A10200	5	工事	0.0	500.0	12023037.0	39.8		0.0
202406	210A10200	6	値引き他	0.0	100.0	-15415.0	0.0	0.0	0.0
202406	210A10200	7	原価	0.0	460.0	23367458.0	77.3		0.0
202406	210A10200	8	仕入高	0.0	400.0	21043136.0	69.6		0.0
202406	210A10200	9	仕入割戻高	0.0	50.0	0.0	0.0	0.0	0.0
202406	210A10200	10	外注加工費	0.0	10.0	2324322.0	7.6		0.0
202406	210A10200	11	総収益	0.0	1640.0	6827307.0	22.6		0.0
202406	210A10200	12	経費合計	0.0	28.0	3808772.0	12.6		0.0
202406	210A10200	13	減価償却費	0.0	0.0	520000.0	1.7	0.0	0.0
202406	210A10200	14	車輛費	0.0	0.0	0.0	0.0	0.0	0.0
202406	210A10200	15	旅費交通費	0.0	0.0	15336.0	0.0	0.0	0.0
202406	210A10200	16	発送配達費	0.0	1.0	34170.0	0.1		0.0
202406	210A10200	17	通信費	0.0	0.0	50535.0	0.1	0.0	0.0
202406	210A10200	18	水道光熱費	0.0	0.0	102602.0	0.3	0.0	0.0
202406	210A10200	19	事務用品費	0.0	1.0	82760.0	0.2		0.0
202406	210A10200	20	消耗品費	0.0	1.0	277207.0	0.9		0.0
202406	210A10200	21	広告宣伝費	0.0	1.0	50000.0	0.1		0.0
202406	210A10200	22	交際費	0.0	1.0	85707.0	0.2		0.0
202406	210A10200	23	地代家賃	0.0	0.0	474600.0	1.5	0.0	0.0
202406	210A10200	24	修繕費	0.0	1.0	177473.0	0.5		0.0
202406	210A10200	25	リース料	0.0	1.0	563023.0	1.8		0.0
202406	210A10200	26	保険料	0.0	1.0	499920.0	1.6		0.0
202406	210A10200	27	支払報酬	0.0	0.0	0.0	0.0	0.0	0.0
202406	210A10200	28	支払手数料	0.0	1.0	241153.0	0.7		0.0
202406	210A10200	29	諸会費	0.0	1.0	60100.0	0.1		0.0
202406	210A10200	30	会議費	0.0	1.0	10207.0	0.0		0.0
202406	210A10200	31	寄付金	0.0	1.0	0.0	0.0	0.0	0.0
202406	210A10200	32	租税公課	0.0	1.0	27500.0	0.0		0.0
202406	210A10200	33	貸倒引当金繰入額	0.0	1.0	0.0	0.0	0.0	0.0
202406	210A10200	34	雑費	0.0	1.0	17268.0	0.0		0.0
202406	210A10200	35	調査研究費	0.0	1.0	9715.0	0.0		0.0
202406	210A10200	36	差引収益	0.0	1612.0	3018535.0	9.9		0.0
202406	210A10200	37	差引比率	0.0	76.7	9.9		12.9	0.0
202406	210A10200	38	総時間	0.0	16.0	3550.0			0.0
202406	210A10200	39	定時間	0.0	8.0	3170.0			0.0
202406	210A10200	40	残業時間	0.0	8.0	380.0			0.0
202406	210A10200	41	移動時間	0.0	0.0	0.0		0.0	0.0
202406	210A10200	42	当月時間当り	0.0	100.7	850.2		844.2	0.0
202406	210A10200	43	人員	0.0	20.0	20.0		100.0	0.0
202407	210A10200	1	総受注高	0.0	1000000.0	81128124.0			0.0
202407	210A10200	2	総売上高	0.0	1000000.0	81128124.0			0.0
202407	210A10200	3	農薬	0.0	500000.0	7416237.0	9.1		0.0
202407	210A10200	4	資材	0.0	500000.0	15285921.0	18.8		0.0
202407	210A10200	5	工事	0.0	0.0	57621088.0	71.0	0.0	0.0
202407	210A10200	6	値引き他	0.0	0.0	804878.0	0.9	0.0	0.0
202407	210A10200	7	原価	0.0	700000.0	64385031.0	79.3		0.0
202407	210A10200	8	仕入高	0.0	600000.0	59933281.0	73.8		0.0
202407	210A10200	9	仕入割戻高	0.0	100000.0	0.0	0.0	0.0	0.0
202407	210A10200	10	外注加工費	0.0	0.0	4451750.0	5.4	0.0	0.0
202407	210A10200	11	総収益	0.0	300000.0	16743093.0	20.6		0.0
202407	210A10200	12	経費合計	0.0	165500.0	7396653.0	9.1		0.0
202407	210A10200	13	減価償却費	0.0	0.0	520000.0	0.6	0.0	0.0
202407	210A10200	14	車輛費	0.0	0.0	0.0	0.0	0.0	0.0
202407	210A10200	15	旅費交通費	0.0	50000.0	804155.0	0.9		0.0
202407	210A10200	16	発送配達費	0.0	0.0	16320.0	0.0	0.0	0.0
202407	210A10200	17	通信費	0.0	0.0	86061.0	0.1	0.0	0.0
202407	210A10200	18	水道光熱費	0.0	0.0	132503.0	0.1	0.0	0.0
202407	210A10200	19	事務用品費	0.0	0.0	115222.0	0.1	0.0	0.0
202407	210A10200	20	消耗品費	0.0	10000.0	172830.0	0.2		0.0
202407	210A10200	21	広告宣伝費	0.0	0.0	25000.0	0.0	0.0	0.0
202407	210A10200	22	交際費	0.0	10000.0	64838.0	0.0	648.3	0.0
202407	210A10200	23	地代家賃	0.0	0.0	451366.0	0.5	0.0	0.0
202407	210A10200	24	修繕費	0.0	0.0	26509.0	0.0	0.0	0.0
202407	210A10200	25	リース料	0.0	0.0	712168.0	0.8	0.0	0.0
202407	210A10200	26	保険料	0.0	10000.0	683580.0	0.8		0.0
202407	210A10200	27	支払報酬	0.0	0.0	0.0	0.0	0.0	0.0
202407	210A10200	28	支払手数料	0.0	500.0	239894.0	0.2		0.0
202407	210A10200	29	諸会費	0.0	0.0	170000.0	0.2	0.0	0.0
202407	210A10200	30	会議費	0.0	0.0	5000.0	0.0	0.0	0.0
202407	210A10200	31	寄付金	0.0	0.0	0.0	0.0	0.0	0.0
202407	210A10200	32	租税公課	0.0	0.0	47780.0	0.0	0.0	0.0
202407	210A10200	33	貸倒引当金繰入額	0.0	0.0	0.0	0.0	0.0	0.0
202407	210A10200	34	雑費	0.0	5000.0	6991.0	0.0	139.8	0.0
202407	210A10200	35	調査研究費	0.0	0.0	0.0	0.0	0.0	0.0
202407	210A10200	36	差引収益	0.0	134500.0	9346440.0	11.5		0.0
202407	210A10200	37	差引比率	0.0	13.4	11.5		85.8	0.0
202407	210A10200	38	総時間	0.0	123.0	3458.75			0.0
202407	210A10200	39	定時間	0.0	100.0	2878.75			0.0
202407	210A10200	40	残業時間	0.0	20.0	580.0			0.0
202407	210A10200	41	移動時間	0.0	3.0	0.0		0.0	0.0
202407	210A10200	42	当月時間当り	0.0	1093.4	2702.2		247.1	0.0
202407	210A10200	43	人員	0.0	10.0	21.0		210.0	0.0
202408	210A10200	1	総受注高	0.0	112000000.0	104354059.0		93.1	0.0
202408	210A10200	2	総売上高	0.0	112000000.0	104354059.0		93.1	0.0
202408	210A10200	3	農薬	0.0	20000000.0	5515338.0	5.2	27.5	0.0
202408	210A10200	4	資材	0.0	70000000.0	69788277.0	66.8	99.6	0.0
202408	210A10200	5	工事	0.0	22000000.0	29099659.0	27.8	132.2	0.0
202408	210A10200	6	値引き他	0.0	0.0	-49215.0	0.0	0.0	0.0
202408	210A10200	7	原価	0.0	23080000.0	82551536.0	79.1	357.6	0.0
202408	210A10200	8	仕入高	0.0	22080000.0	78727770.0	75.4	356.5	0.0
202408	210A10200	9	仕入割戻高	0.0	0.0	0.0	0.0	0.0	0.0
202408	210A10200	10	外注加工費	0.0	1000000.0	3823766.0	3.6	382.3	0.0
202408	210A10200	11	総収益	0.0	88920000.0	21802523.0	20.8	24.5	0.0
202408	210A10200	12	経費合計	0.0	11180000.0	4514190.0	4.3	40.3	0.0
202408	210A10200	13	減価償却費	0.0	3000000.0	520000.0	0.4	17.3	0.0
202408	210A10200	14	車輛費	0.0	0.0	0.0	0.0	0.0	0.0
202408	210A10200	15	旅費交通費	0.0	250000.0	270308.0	0.2	108.1	0.0
202408	210A10200	16	発送配達費	0.0	300000.0	21140.0	0.0	7.0	0.0
202408	210A10200	17	通信費	0.0	100000.0	100958.0	0.0	100.9	0.0
202408	210A10200	18	水道光熱費	0.0	200000.0	88048.0	0.0	44.0	0.0
202408	210A10200	19	事務用品費	0.0	500000.0	83735.0	0.0	16.7	0.0
202408	210A10200	20	消耗品費	0.0	1000000.0	134694.0	0.1	13.4	0.0
202408	210A10200	21	広告宣伝費	0.0	50000.0	0.0	0.0	0.0	0.0
202408	210A10200	22	交際費	0.0	100000.0	24962.0	0.0	24.9	0.0
202408	210A10200	23	地代家賃	0.0	100000.0	450514.0	0.4	450.5	0.0
202408	210A10200	24	修繕費	0.0	1000000.0	99182.0	0.0	9.9	0.0
202408	210A10200	25	リース料	0.0	1200000.0	602768.0	0.5	50.2	0.0
202408	210A10200	26	保険料	0.0	500000.0	550510.0	0.5	110.1	0.0
202408	210A10200	27	支払報酬	0.0	0.0	0.0	0.0	0.0	0.0
202408	210A10200	28	支払手数料	0.0	100000.0	248204.0	0.2	248.2	0.0
202408	210A10200	29	諸会費	0.0	300000.0	0.0	0.0	0.0	0.0
202408	210A10200	30	会議費	0.0	300000.0	30255.0	0.0	10.0	0.0
202408	210A10200	31	寄付金	0.0	0.0	0.0	0.0	0.0	0.0
202408	210A10200	32	租税公課	0.0	100000.0	129026.0	0.1	129.0	0.0
202408	210A10200	33	貸倒引当金繰入額	0.0	0.0	0.0	0.0	0.0	0.0
202408	210A10200	34	雑費	0.0	1000000.0	37900.0	0.0	3.7	0.0
202408	210A10200	35	調査研究費	0.0	30000.0	0.0	0.0	0.0	0.0
202408	210A10200	36	差引収益	0.0	77740000.0	17288333.0	16.5	22.2	0.0
202408	210A10200	37	差引比率	0.0	69.4	16.5		23.7	0.0
202408	210A10200	38	総時間	0.0	5200.0	2856.75		54.9	0.0
202408	210A10200	39	定時間	0.0	4400.0	2312.0		52.5	0.0
202408	210A10200	40	残業時間	0.0	800.0	544.75		68.0	0.0
202408	210A10200	41	移動時間	0.0	0.0	0.0		0.0	0.0
202408	210A10200	42	当月時間当り	0.0	14950.0	6051.7		40.4	0.0
202408	210A10200	43	人員	0.0	22.0	21.0		95.4	0.0
202409	210A10200	1	総受注高	0.0	10000000.0	60476864.0		604.7	0.0
202409	210A10200	2	総売上高	0.0	11100000.0	60476864.0		544.8	0.0
202409	210A10200	3	農薬	0.0	1550000.0	4589833.0	7.5	296.1	0.0
202409	210A10200	4	資材	0.0	6000000.0	15132099.0	25.0	252.2	0.0
202409	210A10200	5	工事	0.0	3500000.0	40784363.0	67.4		0.0
202409	210A10200	6	値引き他	0.0	50000.0	-29431.0	0.0	0.0	0.0
202409	210A10200	7	原価	0.0	7000002.0	48263890.0	79.8	689.4	0.0
202409	210A10200	8	仕入高	0.0	7000000.0	41897850.0	69.2	598.5	0.0
202409	210A10200	9	仕入割戻高	0.0	1.0	0.0	0.0	0.0	0.0
202409	210A10200	10	外注加工費	0.0	1.0	5989931.0	9.9		0.0
202409	210A10200	11	総収益	0.0	4099998.0	12212974.0	20.1	297.8	0.0
202409	210A10200	12	経費合計	0.0	24.0	5521436.0	9.1		0.0
202409	210A10200	13	減価償却費	0.0	1.0	520000.0	0.8		0.0
202409	210A10200	14	車輛費	0.0	0.0	0.0	0.0	0.0	0.0
202409	210A10200	15	旅費交通費	0.0	1.0	666999.0	1.1		0.0
202409	210A10200	16	発送配達費	0.0	1.0	8900.0	0.0		0.0
202409	210A10200	17	通信費	0.0	1.0	44478.0	0.0		0.0
202409	210A10200	18	水道光熱費	0.0	1.0	89967.0	0.1		0.0
202409	210A10200	19	事務用品費	0.0	1.0	130616.0	0.2		0.0
202409	210A10200	20	消耗品費	0.0	1.0	639238.0	1.0		0.0
202409	210A10200	21	広告宣伝費	0.0	1.0	9273.0	0.0		0.0
202409	210A10200	22	交際費	0.0	1.0	35153.0	0.0		0.0
202409	210A10200	23	地代家賃	0.0	1.0	450607.0	0.7		0.0
202409	210A10200	24	修繕費	0.0	1.0	174610.0	0.2		0.0
202409	210A10200	25	リース料	0.0	1.0	602768.0	0.9		0.0
202409	210A10200	26	保険料	0.0	1.0	560050.0	0.9		0.0
202409	210A10200	27	支払報酬	0.0	0.0	0.0	0.0	0.0	0.0
202409	210A10200	28	支払手数料	0.0	1.0	238173.0	0.3		0.0
202409	210A10200	29	諸会費	0.0	0.0	0.0	0.0	0.0	0.0
202409	210A10200	30	会議費	0.0	1.0	0.0	0.0	0.0	0.0
202409	210A10200	31	寄付金	0.0	1.0	12500.0	0.0		0.0
202409	210A10200	32	租税公課	0.0	1.0	19800.0	0.0		0.0
202409	210A10200	33	貸倒引当金繰入額	0.0	1.0	0.0	0.0	0.0	0.0
202409	210A10200	34	雑費	0.0	1.0	38927.0	0.0		0.0
202409	210A10200	35	調査研究費	0.0	1.0	0.0	0.0	0.0	0.0
202409	210A10200	36	差引収益	0.0	4099974.0	6691538.0	11.0	163.2	0.0
202409	210A10200	37	差引比率	0.0	36.9	11.0		29.8	0.0
202409	210A10200	38	総時間	0.0	104.0	2967.0			0.0
202409	210A10200	39	定時間	0.0	100.0	2439.75			0.0
202409	210A10200	40	残業時間	0.0	1.0	527.25			0.0
202409	210A10200	41	移動時間	0.0	3.0	0.0		0.0	0.0
202409	210A10200	42	当月時間当り	0.0	39422.8	2255.3		5.7	0.0
202409	210A10200	43	人員	0.0	1.0	20.0			0.0
202410	210A10200	1	総受注高	0.0	10000.0	48110402.0			0.0
202410	210A10200	2	総売上高	0.0	1150.0	48110402.0			0.0
202410	210A10200	3	農薬	0.0	300.0	10610770.0	22.0		0.0
202410	210A10200	4	資材	0.0	300.0	20019961.0	41.6		0.0
202410	210A10200	5	工事	0.0	400.0	17485324.0	36.3		0.0
202410	210A10200	6	値引き他	0.0	150.0	-5653.0	0.0	0.0	0.0
202410	210A10200	7	原価	0.0	690.0	38277175.0	79.5		0.0
202410	210A10200	8	仕入高	0.0	600.0	34940157.0	72.6		0.0
202410	210A10200	9	仕入割戻高	0.0	50.0	0.0	0.0	0.0	0.0
202410	210A10200	10	外注加工費	0.0	40.0	3337018.0	6.9		0.0
202410	210A10200	11	総収益	0.0	460.0	9833227.0	20.4		0.0
202410	210A10200	12	経費合計	0.0	351.0	4845884.0	10.0		0.0
202410	210A10200	13	減価償却費	0.0	10.0	520000.0	1.0		0.0
202410	210A10200	14	車輛費	0.0	0.0	0.0	0.0	0.0	0.0
202410	210A10200	15	旅費交通費	0.0	20.0	389326.0	0.8		0.0
202410	210A10200	16	発送配達費	0.0	10.0	44430.0	0.0		0.0
202410	210A10200	17	通信費	0.0	30.0	67968.0	0.1		0.0
202410	210A10200	18	水道光熱費	0.0	30.0	73769.0	0.1		0.0
202410	210A10200	19	事務用品費	0.0	5.0	80445.0	0.1		0.0
202410	210A10200	20	消耗品費	0.0	10.0	92028.0	0.1		0.0
202410	210A10200	21	広告宣伝費	0.0	5.0	4636.0	0.0		0.0
202410	210A10200	22	交際費	0.0	20.0	39535.0	0.0		0.0
202410	210A10200	23	地代家賃	0.0	10.0	451597.0	0.9		0.0
202410	210A10200	24	修繕費	0.0	50.0	15300.0	0.0		0.0
202410	210A10200	25	リース料	0.0	5.0	564268.0	1.1		0.0
202410	210A10200	26	保険料	0.0	50.0	529990.0	1.1		0.0
202410	210A10200	27	支払報酬	0.0	0.0	0.0	0.0	0.0	0.0
202410	210A10200	28	支払手数料	0.0	1.0	228627.0	0.4		0.0
202410	210A10200	29	諸会費	0.0	0.0	52000.0	0.1	0.0	0.0
202410	210A10200	30	会議費	0.0	5.0	0.0	0.0	0.0	0.0
202410	210A10200	31	寄付金	0.0	5.0	0.0	0.0	0.0	0.0
202410	210A10200	32	租税公課	0.0	10.0	87300.0	0.1		0.0
202410	210A10200	33	貸倒引当金繰入額	0.0	10.0	0.0	0.0	0.0	0.0
202410	210A10200	34	雑費	0.0	5.0	62664.0	0.1		0.0
202410	210A10200	35	調査研究費	0.0	10.0	19024.0	0.0		0.0
202410	210A10200	36	差引収益	0.0	109.0	4987343.0	10.3		0.0
202410	210A10200	37	差引比率	0.0	9.4	10.3		109.5	0.0
202410	210A10200	38	総時間	0.0	70.0	3807.5			0.0
202410	210A10200	39	定時間	0.0	50.0	3214.25			0.0
202410	210A10200	40	残業時間	0.0	20.0	593.25			0.0
202410	210A10200	41	移動時間	0.0	0.0	0.0		0.0	0.0
202410	210A10200	42	当月時間当り	0.0	1.5	1309.8			0.0
202410	210A10200	43	人員	0.0	10.0	20.0		200.0	0.0
202411	210A10200	1	総受注高	0.0	0.0	108847169.0		0.0	0.0
202411	210A10200	2	総売上高	0.0	0.0	108847169.0		0.0	0.0
202411	210A10200	3	農薬	0.0	0.0	5364268.0	4.9	0.0	0.0
202411	210A10200	4	資材	0.0	0.0	28282499.0	25.9	0.0	0.0
202411	210A10200	5	工事	0.0	0.0	75213813.0	69.1	0.0	0.0
202411	210A10200	6	値引き他	0.0	0.0	-13411.0	0.0	0.0	0.0
202411	210A10200	7	原価	0.0	0.0	87761615.0	80.6	0.0	0.0
202411	210A10200	8	仕入高	0.0	0.0	84952900.0	78.0	0.0	0.0
202411	210A10200	9	仕入割戻高	0.0	0.0	0.0	0.0	0.0	0.0
202411	210A10200	10	外注加工費	0.0	0.0	2773442.0	2.5	0.0	0.0
202411	210A10200	11	総収益	0.0	0.0	21085554.0	19.3	0.0	0.0
202411	210A10200	12	経費合計	0.0	0.0	4549180.0	4.1	0.0	0.0
202411	210A10200	13	減価償却費	0.0	0.0	520000.0	0.4	0.0	0.0
202411	210A10200	14	車輛費	0.0	0.0	0.0	0.0	0.0	0.0
202411	210A10200	15	旅費交通費	0.0	0.0	301699.0	0.2	0.0	0.0
202411	210A10200	16	発送配達費	0.0	0.0	9180.0	0.0	0.0	0.0
202411	210A10200	17	通信費	0.0	0.0	215619.0	0.1	0.0	0.0
202411	210A10200	18	水道光熱費	0.0	0.0	62162.0	0.0	0.0	0.0
202411	210A10200	19	事務用品費	0.0	0.0	98229.0	0.0	0.0	0.0
202411	210A10200	20	消耗品費	0.0	0.0	203523.0	0.1	0.0	0.0
202411	210A10200	21	広告宣伝費	0.0	0.0	18545.0	0.0	0.0	0.0
202411	210A10200	22	交際費	0.0	0.0	33137.0	0.0	0.0	0.0
202411	210A10200	23	地代家賃	0.0	0.0	451184.0	0.4	0.0	0.0
202411	210A10200	24	修繕費	0.0	0.0	51969.0	0.0	0.0	0.0
202411	210A10200	25	リース料	0.0	0.0	734068.0	0.6	0.0	0.0
202411	210A10200	26	保険料	0.0	0.0	484930.0	0.4	0.0	0.0
202411	210A10200	27	支払報酬	0.0	0.0	0.0	0.0	0.0	0.0
202411	210A10200	28	支払手数料	0.0	0.0	108724.0	0.0	0.0	0.0
202411	210A10200	29	諸会費	0.0	0.0	0.0	0.0	0.0	0.0
202411	210A10200	30	会議費	0.0	0.0	25680.0	0.0	0.0	0.0
202411	210A10200	31	寄付金	0.0	0.0	0.0	0.0	0.0	0.0
202411	210A10200	32	租税公課	0.0	0.0	28300.0	0.0	0.0	0.0
202411	210A10200	33	貸倒引当金繰入額	0.0	0.0	0.0	0.0	0.0	0.0
202411	210A10200	34	雑費	0.0	0.0	40773.0	0.0	0.0	0.0
202411	210A10200	35	調査研究費	0.0	0.0	0.0	0.0	0.0	0.0
202411	210A10200	36	差引収益	0.0	0.0	16536374.0	15.1	0.0	0.0
202411	210A10200	37	差引比率	0.0	0.0	15.1		0.0	0.0
202411	210A10200	38	総時間	0.0	0.0	3399.0		0.0	0.0
202411	210A10200	39	定時間	0.0	0.0	2800.0		0.0	0.0
202411	210A10200	40	残業時間	0.0	0.0	599.0		0.0	0.0
202411	210A10200	41	移動時間	0.0	0.0	0.0		0.0	0.0
202411	210A10200	42	当月時間当り	0.0	0.0	4865.0		0.0	0.0
202411	210A10200	43	人員	0.0	0.0	20.0		0.0	0.0
202412	210A10200	1	総受注高	0.0	0.0	40328747.0		0.0	0.0
202412	210A10200	2	総売上高	0.0	0.0	40328747.0		0.0	0.0
202412	210A10200	3	農薬	0.0	0.0	5330120.0	13.2	0.0	0.0
202412	210A10200	4	資材	0.0	0.0	15802237.0	39.1	0.0	0.0
202412	210A10200	5	工事	0.0	0.0	19212867.0	47.6	0.0	0.0
202412	210A10200	6	値引き他	0.0	0.0	-16477.0	0.0	0.0	0.0
202412	210A10200	7	原価	0.0	0.0	32060991.0	79.4	0.0	0.0
202412	210A10200	8	仕入高	0.0	0.0	23380976.0	57.9	0.0	0.0
202412	210A10200	9	仕入割戻高	0.0	0.0	0.0	0.0	0.0	0.0
202412	210A10200	10	外注加工費	0.0	0.0	8680015.0	21.5	0.0	0.0
202412	210A10200	11	総収益	0.0	0.0	8267756.0	20.5	0.0	0.0
202412	210A10200	12	経費合計	0.0	0.0	4066884.0	10.0	0.0	0.0
202412	210A10200	13	減価償却費	0.0	0.0	520000.0	1.2	0.0	0.0
202412	210A10200	14	車輛費	0.0	0.0	0.0	0.0	0.0	0.0
202412	210A10200	15	旅費交通費	0.0	0.0	24709.0	0.0	0.0	0.0
202412	210A10200	16	発送配達費	0.0	0.0	15726.0	0.0	0.0	0.0
202412	210A10200	17	通信費	0.0	0.0	261812.0	0.6	0.0	0.0
202412	210A10200	18	水道光熱費	0.0	0.0	3962.0	0.0	0.0	0.0
202412	210A10200	19	事務用品費	0.0	0.0	103553.0	0.2	0.0	0.0
202412	210A10200	20	消耗品費	0.0	0.0	86539.0	0.2	0.0	0.0
202412	210A10200	21	広告宣伝費	0.0	0.0	149250.0	0.3	0.0	0.0
202412	210A10200	22	交際費	0.0	0.0	113853.0	0.2	0.0	0.0
202412	210A10200	23	地代家賃	0.0	0.0	450854.0	1.1	0.0	0.0
202412	210A10200	24	修繕費	0.0	0.0	175439.0	0.4	0.0	0.0
202412	210A10200	25	リース料	0.0	0.0	532768.0	1.3	0.0	0.0
202412	210A10200	26	保険料	0.0	0.0	690630.0	1.7	0.0	0.0
202412	210A10200	27	支払報酬	0.0	0.0	0.0	0.0	0.0	0.0
202412	210A10200	28	支払手数料	0.0	0.0	96632.0	0.2	0.0	0.0
202412	210A10200	29	諸会費	0.0	0.0	0.0	0.0	0.0	0.0
202412	210A10200	30	会議費	0.0	0.0	3773.0	0.0	0.0	0.0
202412	210A10200	31	寄付金	0.0	0.0	32000.0	0.0	0.0	0.0
202412	210A10200	32	租税公課	0.0	0.0	21000.0	0.0	0.0	0.0
202412	210A10200	33	貸倒引当金繰入額	0.0	0.0	0.0	0.0	0.0	0.0
202412	210A10200	34	雑費	0.0	0.0	11003.0	0.0	0.0	0.0
202412	210A10200	35	調査研究費	0.0	0.0	0.0	0.0	0.0	0.0
202412	210A10200	36	差引収益	0.0	0.0	4200872.0	10.4	0.0	0.0
202412	210A10200	37	差引比率	0.0	0.0	10.4		0.0	0.0
202412	210A10200	38	総時間	0.0	0.0	3247.5		0.0	0.0
202412	210A10200	39	定時間	0.0	0.0	2722.75		0.0	0.0
202412	210A10200	40	残業時間	0.0	0.0	524.75		0.0	0.0
202412	210A10200	41	移動時間	0.0	0.0	0.0		0.0	0.0
202412	210A10200	42	当月時間当り	0.0	0.0	1293.5		0.0	0.0
202412	210A10200	43	人員	0.0	0.0	19.0		0.0	0.0
202501	210A10200	1	総受注高	0.0	51910000.0	61353964.0		118.1	0.0
202501	210A10200	2	総売上高	0.0	51910000.0	61353964.0		118.1	0.0
202501	210A10200	3	農薬	0.0	10000000.0	11019727.0	17.9	110.1	0.0
202501	210A10200	4	資材	0.0	10000000.0	10085959.0	16.4	100.8	0.0
202501	210A10200	5	工事	0.0	31910000.0	40063241.0	65.2	125.5	0.0
202501	210A10200	6	値引き他	0.0	0.0	185037.0	0.3	0.0	0.0
202501	210A10200	7	原価	0.0	42710000.0	49006819.0	79.8	114.7	0.0
202501	210A10200	8	仕入高	0.0	38710000.0	46891293.0	76.4	121.1	0.0
202501	210A10200	9	仕入割戻高	0.0	0.0	0.0	0.0	0.0	0.0
202501	210A10200	10	外注加工費	0.0	4000000.0	2109135.0	3.4	52.7	0.0
202501	210A10200	11	総収益	0.0	9200000.0	12347145.0	20.1	134.2	0.0
202501	210A10200	12	経費合計	0.0	5190000.0	4696107.0	7.6	90.4	0.0
202501	210A10200	13	減価償却費	0.0	520000.0	520000.0	0.8	100.0	0.0
202501	210A10200	14	車輛費	0.0	0.0	0.0	0.0	0.0	0.0
202501	210A10200	15	旅費交通費	0.0	350000.0	277885.0	0.4	79.3	0.0
202501	210A10200	16	発送配達費	0.0	10000.0	4418.0	0.0	44.1	0.0
202501	210A10200	17	通信費	0.0	257000.0	598740.0	0.9	232.9	0.0
202501	210A10200	18	水道光熱費	0.0	82000.0	75346.0	0.1	91.8	0.0
202501	210A10200	19	事務用品費	0.0	100000.0	88457.0	0.1	88.4	0.0
202501	210A10200	20	消耗品費	0.0	200000.0	78888.0	0.1	39.4	0.0
202501	210A10200	21	広告宣伝費	0.0	5000.0	0.0	0.0	0.0	0.0
202501	210A10200	22	交際費	0.0	30000.0	94271.0	0.1	314.2	0.0
202501	210A10200	23	地代家賃	0.0	451000.0	452504.0	0.7	100.3	0.0
202501	210A10200	24	修繕費	0.0	100000.0	130418.0	0.2	130.4	0.0
202501	210A10200	25	リース料	0.0	680000.0	588168.0	0.9	86.4	0.0
202501	210A10200	26	保険料	0.0	493000.0	534470.0	0.8	108.4	0.0
202501	210A10200	27	支払報酬	0.0	0.0	0.0	0.0	0.0	0.0
202501	210A10200	28	支払手数料	0.0	657000.0	57836.0	0.0	8.8	0.0
202501	210A10200	29	諸会費	0.0	20000.0	0.0	0.0	0.0	0.0
202501	210A10200	30	会議費	0.0	10000.0	0.0	0.0	0.0	0.0
202501	210A10200	31	寄付金	0.0	0.0	0.0	0.0	0.0	0.0
202501	210A10200	32	租税公課	0.0	30000.0	3000.0	0.0	10.0	0.0
202501	210A10200	33	貸倒引当金繰入額	0.0	0.0	0.0	0.0	0.0	0.0
202501	210A10200	34	雑費	0.0	30000.0	63327.0	0.1	211.0	0.0
202501	210A10200	35	調査研究費	0.0	0.0	0.0	0.0	0.0	0.0
202501	210A10200	36	差引収益	0.0	4010000.0	7651038.0	12.4	190.7	0.0
202501	210A10200	37	差引比率	0.0	7.7	12.4		161.0	0.0
202501	210A10200	38	総時間	0.0	3300.0	3110.5		94.2	0.0
202501	210A10200	39	定時間	0.0	2800.0	2653.0		94.7	0.0
202501	210A10200	40	残業時間	0.0	500.0	457.5		91.5	0.0
202501	210A10200	41	移動時間	0.0	0.0	0.0		0.0	0.0
202501	210A10200	42	当月時間当り	0.0	1215.1	2459.7		202.4	0.0
202501	210A10200	43	人員	0.0	21.0	20.0		95.2	0.0
202502	210A10200	1	総受注高	0.0	57580000.0	54460656.0		94.5	0.0
202502	210A10200	2	総売上高	0.0	57580000.0	50207352.0		87.1	0.0
202502	210A10200	3	農薬	0.0	15000000.0	8497310.0	16.9	56.6	0.0
202502	210A10200	4	資材	0.0	7580000.0	5510289.0	10.9	72.6	0.0
202502	210A10200	5	工事	0.0	35000000.0	36226810.0	72.1	103.5	0.0
202502	210A10200	6	値引き他	0.0	0.0	-27057.0	0.0	0.0	0.0
202502	210A10200	7	原価	0.0	47460000.0	43299774.0	86.2	91.2	0.0
202502	210A10200	8	仕入高	0.0	43460000.0	41401923.0	82.4	95.2	0.0
202502	210A10200	9	仕入割戻高	0.0	0.0	0.0	0.0	0.0	0.0
202502	210A10200	10	外注加工費	0.0	4000000.0	1883160.0	3.7	47.0	0.0
202502	210A10200	11	総収益	0.0	10120000.0	6907578.0	13.7	68.2	0.0
202502	210A10200	12	経費合計	0.0	5119000.0	5269169.0	10.4	102.9	0.0
202502	210A10200	13	減価償却費	0.0	520000.0	520000.0	1.0	100.0	0.0
202502	210A10200	14	車輛費	0.0	0.0	0.0	0.0	0.0	0.0
202502	210A10200	15	旅費交通費	0.0	350000.0	190866.0	0.3	54.5	0.0
202502	210A10200	16	発送配達費	0.0	10000.0	6230.0	0.0	62.3	0.0
202502	210A10200	17	通信費	0.0	257000.0	250672.0	0.4	97.5	0.0
202502	210A10200	18	水道光熱費	0.0	82000.0	83010.0	0.1	101.2	0.0
202502	210A10200	19	事務用品費	0.0	100000.0	169915.0	0.3	169.9	0.0
202502	210A10200	20	消耗品費	0.0	100000.0	128620.0	0.2	128.6	0.0
202502	210A10200	21	広告宣伝費	0.0	5000.0	0.0	0.0	0.0	0.0
202502	210A10200	22	交際費	0.0	30000.0	62420.0	0.1	208.0	0.0
202502	210A10200	23	地代家賃	0.0	451000.0	451184.0	0.8	100.0	0.0
202502	210A10200	24	修繕費	0.0	50000.0	871923.0	1.7		0.0
202502	210A10200	25	リース料	0.0	680000.0	569368.0	1.1	83.7	0.0
202502	210A10200	26	保険料	0.0	572000.0	549740.0	1.0	96.1	0.0
202502	210A10200	27	支払報酬	0.0	0.0	0.0	0.0	0.0	0.0
202502	210A10200	28	支払手数料	0.0	657000.0	56910.0	0.1	8.6	0.0
202502	210A10200	29	諸会費	0.0	20000.0	8200.0	0.0	41.0	0.0
202502	210A10200	30	会議費	0.0	10000.0	4514.0	0.0	45.1	0.0
202502	210A10200	31	寄付金	0.0	0.0	0.0	0.0	0.0	0.0
202502	210A10200	32	租税公課	0.0	30000.0	30600.0	0.0	102.0	0.0
202502	210A10200	33	貸倒引当金繰入額	0.0	0.0	0.0	0.0	0.0	0.0
202502	210A10200	34	雑費	0.0	30000.0	182977.0	0.3	609.9	0.0
202502	210A10200	35	調査研究費	0.0	0.0	11481.0	0.0	0.0	0.0
202502	210A10200	36	差引収益	0.0	5001000.0	1638409.0	3.2	32.7	0.0
202502	210A10200	37	差引比率	0.0	8.6	3.2		37.2	0.0
202502	210A10200	38	総時間	0.0	3230.0	2718.25		84.1	0.0
202502	210A10200	39	定時間	0.0	2730.0	2187.0		80.1	0.0
202502	210A10200	40	残業時間	0.0	500.0	531.25		106.2	0.0
202502	210A10200	41	移動時間	0.0	0.0	0.0		0.0	0.0
202502	210A10200	42	当月時間当り	0.0	1548.2	602.7		38.9	0.0
202502	210A10200	43	人員	0.0	19.0	20.0		105.2	0.0
202503	210A10200	1	総受注高	0.0	104760000.0	105740110.0		100.9	0.0
202503	210A10200	2	総売上高	0.0	104760000.0	105740110.0		100.9	0.0
202503	210A10200	3	農薬	0.0	18000000.0	21593972.0	20.4	119.9	0.0
202503	210A10200	4	資材	0.0	22000000.0	13385882.0	12.6	60.8	0.0
202503	210A10200	5	工事	0.0	64760000.0	71004304.0	67.1	109.6	0.0
202503	210A10200	6	値引き他	0.0	0.0	-244048.0	0.0	0.0	0.0
202503	210A10200	7	原価	0.0	88510000.0	85236826.0	80.6	96.3	0.0
202503	210A10200	8	仕入高	0.0	85510000.0	82721259.0	78.2	96.7	0.0
202503	210A10200	9	仕入割戻高	0.0	0.0	0.0	0.0	0.0	0.0
202503	210A10200	10	外注加工費	0.0	3000000.0	2322840.0	2.1	77.4	0.0
202503	210A10200	11	総収益	0.0	16250000.0	20503284.0	19.3	126.1	0.0
202503	210A10200	12	経費合計	0.0	5384000.0	4647716.0	4.3	86.3	0.0
202503	210A10200	13	減価償却費	0.0	520000.0	520000.0	0.4	100.0	0.0
202503	210A10200	14	車輛費	0.0	0.0	0.0	0.0	0.0	0.0
202503	210A10200	15	旅費交通費	0.0	420000.0	40499.0	0.0	9.6	0.0
202503	210A10200	16	発送配達費	0.0	20000.0	4271.0	0.0	21.3	0.0
202503	210A10200	17	通信費	0.0	257000.0	43956.0	0.0	17.1	0.0
202503	210A10200	18	水道光熱費	0.0	60000.0	2000.0	0.0	3.3	0.0
202503	210A10200	19	事務用品費	0.0	100000.0	91322.0	0.0	91.3	0.0
202503	210A10200	20	消耗品費	0.0	220000.0	122656.0	0.1	55.7	0.0
202503	210A10200	21	広告宣伝費	0.0	5000.0	0.0	0.0	0.0	0.0
202503	210A10200	22	交際費	0.0	80000.0	17609.0	0.0	22.0	0.0
202503	210A10200	23	地代家賃	0.0	452000.0	579864.0	0.5	128.2	0.0
202503	210A10200	24	修繕費	0.0	100000.0	125339.0	0.1	125.3	0.0
202503	210A10200	25	リース料	0.0	630000.0	664268.0	0.6	105.4	0.0
202503	210A10200	26	保険料	0.0	500000.0	578240.0	0.5	115.6	0.0
202503	210A10200	27	支払報酬	0.0	0.0	0.0	0.0	0.0	0.0
202503	210A10200	28	支払手数料	0.0	60000.0	271393.0	0.2	452.3	0.0
202503	210A10200	29	諸会費	0.0	10000.0	0.0	0.0	0.0	0.0
202503	210A10200	30	会議費	0.0	20000.0	33632.0	0.0	168.1	0.0
202503	210A10200	31	寄付金	0.0	0.0	0.0	0.0	0.0	0.0
202503	210A10200	32	租税公課	0.0	30000.0	36300.0	0.0	121.0	0.0
202503	210A10200	33	貸倒引当金繰入額	0.0	0.0	0.0	0.0	0.0	0.0
202503	210A10200	34	雑費	0.0	40000.0	27356.0	0.0	68.3	0.0
202503	210A10200	35	調査研究費	0.0	0.0	0.0	0.0	0.0	0.0
202503	210A10200	36	差引収益	0.0	10866000.0	15855568.0	14.9	145.9	0.0
202503	210A10200	37	差引比率	0.0	10.3	14.9		144.6	0.0
202503	210A10200	38	総時間	0.0	3860.0	3087.5		79.9	0.0
202503	210A10200	39	定時間	0.0	3360.0	2304.25		68.5	0.0
202503	210A10200	40	残業時間	0.0	500.0	783.25		156.6	0.0
202503	210A10200	41	移動時間	0.0	0.0	0.0		0.0	0.0
202503	210A10200	42	当月時間当り	0.0	2815.0	5135.4		182.4	0.0
202503	210A10200	43	人員	0.0	20.0	19.0		95.0	0.0
202504	210A10200	1	総受注高	27000000.0	28000000.0	38766156.0		138.4	143.5
202504	210A10200	2	総売上高	27000000.0	28000000.0	38766156.0		138.4	143.5
202504	210A10200	3	農薬	10000000.0	10000000.0	7359091.0	18.9	73.5	73.5
202504	210A10200	4	資材	12000000.0	13000000.0	12249627.0	31.5	94.2	102.0
202504	210A10200	5	工事	5000000.0	5000000.0	19171944.0	49.4	383.4	383.4
202504	210A10200	6	値引き他	0.0	0.0	-14506.0	0.0	0.0	0.0
202504	210A10200	7	原価	21100000.0	21800000.0	31108577.0	80.2	142.6	147.4
202504	210A10200	8	仕入高	17100000.0	17800000.0	25479201.0	65.7	143.1	149.0
202504	210A10200	9	仕入割戻高	0.0	0.0	0.0	0.0	0.0	0.0
202504	210A10200	10	外注加工費	4000000.0	4000000.0	5629376.0	14.5	140.7	140.7
202504	210A10200	11	総収益	5900000.0	6200000.0	7657579.0	19.7	123.5	129.7
202504	210A10200	12	経費合計	4684000.0	4490000.0	4601951.0	11.8	102.4	98.2
202504	210A10200	13	減価償却費	450000.0	450000.0	450000.0	1.1	100.0	100.0
202504	210A10200	14	車輛費	1609000.0	1609000.0	1181056.0	3.0	73.4	73.4
202504	210A10200	15	旅費交通費	330000.0	260000.0	169418.0	0.4	65.1	51.3
202504	210A10200	16	発送配達費	20000.0	10000.0	14780.0	0.0	147.8	73.9
202504	210A10200	17	通信費	82000.0	82000.0	69173.0	0.1	84.3	84.3
202504	210A10200	18	水道光熱費	80000.0	80000.0	146570.0	0.3	183.2	183.2
202504	210A10200	19	事務用品費	28000.0	28000.0	97519.0	0.2	348.2	348.2
202504	210A10200	20	消耗品費	50000.0	40000.0	21736.0	0.0	54.3	43.4
202504	210A10200	21	広告宣伝費	10000.0	0.0	0.0	0.0	0.0	0.0
202504	210A10200	22	交際費	70000.0	30000.0	29615.0	0.0	98.7	42.3
202504	210A10200	23	地代家賃	473000.0	473000.0	580194.0	1.4	122.6	122.6
202504	210A10200	24	修繕費	5000.0	5000.0	0.0	0.0	0.0	0.0
202504	210A10200	25	リース料	39000.0	39000.0	138700.0	0.3	355.6	355.6
202504	210A10200	26	保険料	316000.0	316000.0	109510.0	0.2	34.6	34.6
202504	210A10200	27	支払報酬	464000.0	464000.0	582091.0	1.5	125.4	125.4
202504	210A10200	28	支払手数料	360000.0	360000.0	306391.0	0.7	85.1	85.1
202504	210A10200	29	諸会費	63000.0	9000.0	69000.0	0.1	766.6	109.5
202504	210A10200	30	会議費	5000.0	5000.0	6190.0	0.0	123.8	123.8
202504	210A10200	31	寄付金	0.0	0.0	0.0	0.0	0.0	0.0
202504	210A10200	32	租税公課	40000.0	40000.0	611800.0	1.5		
202504	210A10200	33	貸倒引当金繰入額	0.0	0.0	0.0	0.0	0.0	0.0
202504	210A10200	34	雑費	160000.0	160000.0	18208.0	0.0	11.3	11.3
202504	210A10200	35	調査研究費	30000.0	30000.0	0.0	0.0	0.0	0.0
202504	210A10200	36	差引収益	1216000.0	1710000.0	3055628.0	7.8	178.6	251.2
202504	210A10200	37	差引比率	4.5	6.1	7.8		127.8	173.3
202504	210A10200	38	総時間	2848.5	2815.5	2915.75		103.5	102.3
202504	210A10200	39	定時間	2555.0	2486.0	2177.5		87.5	85.2
202504	210A10200	40	残業時間	273.0	309.0	717.75		232.2	262.9
202504	210A10200	41	移動時間	20.5	20.5	20.5		100.0	100.0
202504	210A10200	42	当月時間当り	426.8	607.3	1047.9		172.5	245.5
202504	210A10200	43	人員	16.0	16.0	16.0		100.0	100.0
202505	210A10200	1	総受注高	30000000.0	34750000.0	54376551.0		156.4	181.2
202505	210A10200	2	総売上高	30000000.0	34750000.0	54376551.0		156.4	181.2
202505	210A10200	3	農薬	8000000.0	8000000.0	8451761.0	15.5	105.6	105.6
202505	210A10200	4	資材	11200000.0	15950000.0	17169829.0	31.5	107.6	153.3
202505	210A10200	5	工事	10800000.0	10800000.0	28765938.0	52.9	266.3	266.3
202505	210A10200	6	値引き他	0.0	0.0	-10977.0	0.0	0.0	0.0
202505	210A10200	7	原価	23620000.0	27300000.0	43399893.0	79.8	158.9	183.7
202505	210A10200	8	仕入高	19620000.0	23300000.0	37627605.0	69.1	161.4	191.7
202505	210A10200	9	仕入割戻高	0.0	0.0	0.0	0.0	0.0	0.0
202505	210A10200	10	外注加工費	4000000.0	4000000.0	5772288.0	10.6	144.3	144.3
202505	210A10200	11	総収益	6380000.0	7450000.0	10976658.0	20.1	147.3	172.0
202505	210A10200	12	経費合計	5252000.0	5176000.0	4536016.0	8.3	87.6	86.3
202505	210A10200	13	減価償却費	450000.0	450000.0	450000.0	0.8	100.0	100.0
202505	210A10200	14	車輛費	1559000.0	1559000.0	1493041.0	2.7	95.7	95.7
202505	210A10200	15	旅費交通費	330000.0	260000.0	341309.0	0.6	131.2	103.4
202505	210A10200	16	発送配達費	20000.0	10000.0	23651.0	0.0	236.5	118.2
202505	210A10200	17	通信費	82000.0	82000.0	46042.0	0.0	56.1	56.1
202505	210A10200	18	水道光熱費	80000.0	80000.0	4043.0	0.0	5.0	5.0
202505	210A10200	19	事務用品費	28000.0	28000.0	119396.0	0.2	426.4	426.4
202505	210A10200	20	消耗品費	50000.0	40000.0	37030.0	0.0	92.5	74.0
202505	210A10200	21	広告宣伝費	10000.0	0.0	0.0	0.0	0.0	0.0
202505	210A10200	22	交際費	70000.0	30000.0	27746.0	0.0	92.4	39.6
202505	210A10200	23	地代家賃	473000.0	533000.0	453464.0	0.8	85.0	95.8
202505	210A10200	24	修繕費	5000.0	5000.0	0.0	0.0	0.0	0.0
202505	210A10200	25	リース料	39000.0	39000.0	30500.0	0.0	78.2	78.2
202505	210A10200	26	保険料	237000.0	237000.0	135720.0	0.2	57.2	57.2
202505	210A10200	27	支払報酬	464000.0	519000.0	662091.0	1.2	127.5	142.6
202505	210A10200	28	支払手数料	360000.0	360000.0	435038.0	0.8	120.8	120.8
202505	210A10200	29	諸会費	60000.0	39000.0	139000.0	0.2	356.4	231.6
202505	210A10200	30	会議費	5000.0	5000.0	3718.0	0.0	74.3	74.3
202505	210A10200	31	寄付金	0.0	0.0	0.0	0.0	0.0	0.0
202505	210A10200	32	租税公課	740000.0	740000.0	15000.0	0.0	2.0	2.0
202505	210A10200	33	貸倒引当金繰入額	0.0	0.0	0.0	0.0	0.0	0.0
202505	210A10200	34	雑費	160000.0	160000.0	119227.0	0.2	74.5	74.5
202505	210A10200	35	調査研究費	30000.0	0.0	0.0	0.0	0.0	0.0
202505	210A10200	36	差引収益	1128000.0	2274000.0	6440642.0	11.8	283.2	570.9
202505	210A10200	37	差引比率	3.7	6.5	11.8		181.5	318.9
202505	210A10200	38	総時間	2847.75	2636.75	2818.75		106.9	98.9
202505	210A10200	39	定時間	2555.0	2310.0	2208.75		95.6	86.4
202505	210A10200	40	残業時間	273.0	307.0	590.25		192.2	216.2
202505	210A10200	41	移動時間	19.75	19.75	19.75		100.0	100.0
202505	210A10200	42	当月時間当り	396.1	862.4	2284.9		264.9	576.8
202505	210A10200	43	人員	16.0	16.0	16.0		100.0	100.0
202506	210A10200	1	総受注高	44500000.0	44770000.0	36385336.0		81.2	81.7
202506	210A10200	2	総売上高	44500000.0	44770000.0	36385336.0		81.2	81.7
202506	210A10200	3	農薬	4000000.0	4000000.0	6054283.0	16.6	151.3	151.3
202506	210A10200	4	資材	18000000.0	18000000.0	22049660.0	60.6	122.4	122.4
202506	210A10200	5	工事	22500000.0	22770000.0	8309962.0	22.8	36.4	36.9
202506	210A10200	6	値引き他	0.0	0.0	-28569.0	0.0	0.0	0.0
202506	210A10200	7	原価	35430000.0	35340000.0	28913407.0	79.4	81.8	81.6
202506	210A10200	8	仕入高	31430000.0	31340000.0	23778425.0	65.3	75.8	75.6
202506	210A10200	9	仕入割戻高	0.0	0.0	0.0	0.0	0.0	0.0
202506	210A10200	10	外注加工費	4000000.0	4000000.0	5134982.0	14.1	128.3	128.3
202506	210A10200	11	総収益	9070000.0	9430000.0	7471929.0	20.5	79.2	82.3
202506	210A10200	12	経費合計	4612000.0	4687000.0	4598832.0	12.6	98.1	99.7
202506	210A10200	13	減価償却費	450000.0	450000.0	450000.0	1.2	100.0	100.0
202506	210A10200	14	車輛費	1559000.0	1559000.0	1396889.0	3.8	89.6	89.6
202506	210A10200	15	旅費交通費	330000.0	330000.0	224390.0	0.6	67.9	67.9
202506	210A10200	16	発送配達費	20000.0	20000.0	15685.0	0.0	78.4	78.4
202506	210A10200	17	通信費	82000.0	82000.0	98252.0	0.2	119.8	119.8
202506	210A10200	18	水道光熱費	80000.0	80000.0	106021.0	0.2	132.5	132.5
202506	210A10200	19	事務用品費	28000.0	28000.0	30214.0	0.0	107.9	107.9
202506	210A10200	20	消耗品費	50000.0	50000.0	72439.0	0.1	144.8	144.8
202506	210A10200	21	広告宣伝費	60000.0	60000.0	9273.0	0.0	15.4	15.4
202506	210A10200	22	交際費	70000.0	70000.0	39410.0	0.1	56.3	56.3
202506	210A10200	23	地代家賃	473000.0	533000.0	452474.0	1.2	84.8	95.6
202506	210A10200	24	修繕費	5000.0	5000.0	0.0	0.0	0.0	0.0
202506	210A10200	25	リース料	39000.0	39000.0	30500.0	0.0	78.2	78.2
202506	210A10200	26	保険料	237000.0	237000.0	103010.0	0.2	43.4	43.4
202506	210A10200	27	支払報酬	464000.0	499000.0	600091.0	1.6	120.2	129.3
202506	210A10200	28	支払手数料	400000.0	400000.0	401250.0	1.1	100.3	100.3
202506	210A10200	29	諸会費	30000.0	30000.0	69100.0	0.1	230.3	230.3
202506	210A10200	30	会議費	5000.0	5000.0	1391.0	0.0	27.8	27.8
202506	210A10200	31	寄付金	0.0	0.0	0.0	0.0	0.0	0.0
202506	210A10200	32	租税公課	40000.0	40000.0	35490.0	0.0	88.7	88.7
202506	210A10200	33	貸倒引当金繰入額	0.0	0.0	0.0	0.0	0.0	0.0
202506	210A10200	34	雑費	160000.0	160000.0	451472.0	1.2	282.1	282.1
202506	210A10200	35	調査研究費	30000.0	10000.0	11481.0	0.0	114.8	38.2
202506	210A10200	36	差引収益	4458000.0	4743000.0	2873097.0	7.8	60.5	64.4
202506	210A10200	37	差引比率	10.0	10.5	7.8		74.2	78.0
202506	210A10200	38	総時間	2987.75	3030.75	3124.25		103.0	104.5
202506	210A10200	39	定時間	2682.0	2692.0	2641.0		98.1	98.4
202506	210A10200	40	残業時間	286.0	319.0	463.5		145.2	162.0
202506	210A10200	41	移動時間	19.75	19.75	19.75		100.0	100.0
202506	210A10200	42	当月時間当り	1492.0	1564.9	919.6		58.7	61.6
202506	210A10200	43	人員	16.0	17.0	16.0		94.1	100.0
202507	210A10200	1	総受注高	104500000.0	114100000.0	115591620.0		101.3	110.6
202507	210A10200	2	総売上高	104500000.0	114100000.0	115591620.0		101.3	110.6
202507	210A10200	3	農薬	8000000.0	11000000.0	7229908.0	6.2	65.7	90.3
202507	210A10200	4	資材	16000000.0	20000000.0	20983106.0	18.1	104.9	131.1
202507	210A10200	5	工事	80500000.0	83100000.0	87387742.0	75.6	105.1	108.5
202507	210A10200	6	値引き他	0.0	0.0	-9136.0	0.0	0.0	0.0
202507	210A10200	7	原価	83290000.0	89580000.0	92536948.0	80.0	103.3	111.1
202507	210A10200	8	仕入高	79290000.0	85580000.0	89152606.0	77.1	104.1	112.4
202507	210A10200	9	仕入割戻高	0.0	0.0	0.0	0.0	0.0	0.0
202507	210A10200	10	外注加工費	4000000.0	4000000.0	3384342.0	2.9	84.6	84.6
202507	210A10200	11	総収益	21210000.0	24520000.0	23054672.0	19.9	94.0	108.6
202507	210A10200	12	経費合計	5653000.0	5728000.0	5678152.0	4.9	99.1	100.4
202507	210A10200	13	減価償却費	450000.0	450000.0	450000.0	0.3	100.0	100.0
202507	210A10200	14	車輛費	1559000.0	1559000.0	1535677.0	1.3	98.5	98.5
202507	210A10200	15	旅費交通費	330000.0	330000.0	235690.0	0.2	71.4	71.4
202507	210A10200	16	発送配達費	20000.0	20000.0	23572.0	0.0	117.8	117.8
202507	210A10200	17	通信費	82000.0	82000.0	71764.0	0.0	87.5	87.5
202507	210A10200	18	水道光熱費	80000.0	80000.0	135001.0	0.1	168.7	168.7
202507	210A10200	19	事務用品費	28000.0	28000.0	25453.0	0.0	90.9	90.9
202507	210A10200	20	消耗品費	50000.0	50000.0	171266.0	0.1	342.5	342.5
202507	210A10200	21	広告宣伝費	10000.0	10000.0	27818.0	0.0	278.1	278.1
202507	210A10200	22	交際費	70000.0	70000.0	87883.0	0.0	125.5	125.5
202507	210A10200	23	地代家賃	473000.0	533000.0	513104.0	0.4	96.2	108.4
202507	210A10200	24	修繕費	5000.0	5000.0	0.0	0.0	0.0	0.0
202507	210A10200	25	リース料	39000.0	39000.0	30500.0	0.0	78.2	78.2
202507	210A10200	26	保険料	438000.0	438000.0	106620.0	0.0	24.3	24.3
202507	210A10200	27	支払報酬	1264000.0	1299000.0	1404976.0	1.2	108.1	111.1
202507	210A10200	28	支払手数料	360000.0	360000.0	626718.0	0.5	174.0	174.0
202507	210A10200	29	諸会費	160000.0	160000.0	28000.0	0.0	17.5	17.5
202507	210A10200	30	会議費	5000.0	5000.0	2091.0	0.0	41.8	41.8
202507	210A10200	31	寄付金	0.0	0.0	7500.0	0.0	0.0	0.0
202507	210A10200	32	租税公課	40000.0	40000.0	15000.0	0.0	37.5	37.5
202507	210A10200	33	貸倒引当金繰入額	0.0	0.0	0.0	0.0	0.0	0.0
202507	210A10200	34	雑費	160000.0	160000.0	179519.0	0.1	112.1	112.1
202507	210A10200	35	調査研究費	30000.0	10000.0	0.0	0.0	0.0	0.0
202507	210A10200	36	差引収益	15557000.0	18792000.0	17376520.0	15.0	92.4	111.6
202507	210A10200	37	差引比率	14.8	16.4	15.0		91.4	101.3
202507	210A10200	38	総時間	3129.75	3021.75	3102.5		102.6	99.1
202507	210A10200	39	定時間	2809.0	2714.0	2704.25		99.6	96.2
202507	210A10200	40	残業時間	299.0	286.0	376.5		131.6	125.9
202507	210A10200	41	移動時間	21.75	21.75	21.75		100.0	100.0
202507	210A10200	42	当月時間当り	4970.6	6218.9	5600.8		90.0	112.6
202507	210A10200	43	人員	16.0	17.0	18.0		105.8	112.5
202508	210A10200	1	総受注高	71000000.0	58400000.0	64357888.0		110.2	90.6
202508	210A10200	2	総売上高	71000000.0	58400000.0	64357888.0		110.2	90.6
202508	210A10200	3	農薬	6000000.0	4000000.0	6239286.0	9.6	155.9	103.9
202508	210A10200	4	資材	16000000.0	14000000.0	22400841.0	34.8	160.0	140.0
202508	210A10200	5	工事	49000000.0	40400000.0	35723004.0	55.5	88.4	72.9
202508	210A10200	6	値引き他	0.0	0.0	-5243.0	0.0	0.0	0.0
202508	210A10200	7	原価	56500000.0	45800000.0	54438571.0	84.5	118.8	96.3
202508	210A10200	8	仕入高	52500000.0	40800000.0	49174736.0	76.4	120.5	93.6
202508	210A10200	9	仕入割戻高	0.0	0.0	0.0	0.0	0.0	0.0
202508	210A10200	10	外注加工費	4000000.0	5000000.0	5263835.0	8.1	105.2	131.5
202508	210A10200	11	総収益	14500000.0	12600000.0	9919317.0	15.4	78.7	68.4
202508	210A10200	12	経費合計	4522000.0	4592000.0	4109416.0	6.3	89.4	90.8
202508	210A10200	13	減価償却費	450000.0	450000.0	450000.0	0.6	100.0	100.0
202508	210A10200	14	車輛費	1559000.0	1559000.0	1253126.0	1.9	80.3	80.3
202508	210A10200	15	旅費交通費	330000.0	330000.0	300537.0	0.4	91.0	91.0
202508	210A10200	16	発送配達費	20000.0	20000.0	16580.0	0.0	82.9	82.9
202508	210A10200	17	通信費	82000.0	82000.0	45311.0	0.0	55.2	55.2
202508	210A10200	18	水道光熱費	80000.0	80000.0	3800.0	0.0	4.7	4.7
202508	210A10200	19	事務用品費	28000.0	28000.0	66208.0	0.1	236.4	236.4
202508	210A10200	20	消耗品費	50000.0	50000.0	93909.0	0.1	187.8	187.8
202508	210A10200	21	広告宣伝費	10000.0	10000.0	0.0	0.0	0.0	0.0
202508	210A10200	22	交際費	70000.0	70000.0	43143.0	0.0	61.6	61.6
202508	210A10200	23	地代家賃	473000.0	533000.0	513104.0	0.7	96.2	108.4
202508	210A10200	24	修繕費	5000.0	0.0	50900.0	0.0	0.0	
202508	210A10200	25	リース料	39000.0	39000.0	30500.0	0.0	78.2	78.2
202508	210A10200	26	保険料	237000.0	237000.0	103010.0	0.1	43.4	43.4
202508	210A10200	27	支払報酬	464000.0	499000.0	627091.0	0.9	125.6	135.1
202508	210A10200	28	支払手数料	360000.0	360000.0	437477.0	0.6	121.5	121.5
202508	210A10200	29	諸会費	30000.0	30000.0	0.0	0.0	0.0	0.0
202508	210A10200	30	会議費	5000.0	5000.0	0.0	0.0	0.0	0.0
202508	210A10200	31	寄付金	0.0	0.0	0.0	0.0	0.0	0.0
202508	210A10200	32	租税公課	40000.0	40000.0	10000.0	0.0	25.0	25.0
202508	210A10200	33	貸倒引当金繰入額	0.0	0.0	0.0	0.0	0.0	0.0
202508	210A10200	34	雑費	160000.0	160000.0	64720.0	0.1	40.4	40.4
202508	210A10200	35	調査研究費	30000.0	10000.0	0.0	0.0	0.0	0.0
202508	210A10200	36	差引収益	9978000.0	8008000.0	5809901.0	9.0	72.5	58.2
202508	210A10200	37	差引比率	14.0	13.7	9.0		65.6	64.2
202508	210A10200	38	総時間	2144.0	2110.0	2320.75		109.9	108.2
202508	210A10200	39	定時間	1920.0	1808.0	1819.5		100.6	94.7
202508	210A10200	40	残業時間	208.0	286.0	485.25		169.6	233.2
202508	210A10200	41	移動時間	16.0	16.0	16.0		100.0	100.0
202508	210A10200	42	当月時間当り	4653.9	3795.2	2503.4		65.9	53.7
202508	210A10200	43	人員	16.0	16.0	17.0		106.2	106.2
202509	210A10200	1	総受注高	191000000.0	86000000.0	96251021.0		111.9	50.3
202509	210A10200	2	総売上高	191000000.0	86000000.0	96251021.0		111.9	50.3
202509	210A10200	3	農薬	5000000.0	5000000.0	8747184.0	9.0	174.9	174.9
202509	210A10200	4	資材	17000000.0	15000000.0	18230686.0	18.9	121.5	107.2
202509	210A10200	5	工事	169000000.0	66000000.0	69282048.0	71.9	104.9	40.9
202509	210A10200	6	値引き他	0.0	0.0	-8897.0	0.0	0.0	0.0
202509	210A10200	7	原価	156200000.0	74000000.0	77473947.0	80.4	104.6	49.5
202509	210A10200	8	仕入高	152200000.0	69000000.0	71664031.0	74.4	103.8	47.0
202509	210A10200	9	仕入割戻高	0.0	0.0	0.0	0.0	0.0	0.0
202509	210A10200	10	外注加工費	4000000.0	5000000.0	5809916.0	6.0	116.1	145.2
202509	210A10200	11	総収益	34800000.0	12000000.0	18777074.0	19.5	156.4	53.9
202509	210A10200	12	経費合計	4575000.0	4638000.0	4539191.0	4.7	97.8	99.2
202509	210A10200	13	減価償却費	450000.0	450000.0	450000.0	0.4	100.0	100.0
202509	210A10200	14	車輛費	1559000.0	1559000.0	1328544.0	1.3	85.2	85.2
202509	210A10200	15	旅費交通費	330000.0	330000.0	249249.0	0.2	75.5	75.5
202509	210A10200	16	発送配達費	20000.0	20000.0	20920.0	0.0	104.6	104.6
202509	210A10200	17	通信費	82000.0	82000.0	78017.0	0.0	95.1	95.1
202509	210A10200	18	水道光熱費	80000.0	80000.0	79621.0	0.0	99.5	99.5
202509	210A10200	19	事務用品費	28000.0	40000.0	0.0	0.0	0.0	0.0
202509	210A10200	20	消耗品費	50000.0	50000.0	128972.0	0.1	257.9	257.9
202509	210A10200	21	広告宣伝費	10000.0	0.0	0.0	0.0	0.0	0.0
202509	210A10200	22	交際費	70000.0	50000.0	87779.0	0.0	175.5	125.3
202509	210A10200	23	地代家賃	473000.0	533000.0	514531.0	0.5	96.5	108.7
202509	210A10200	24	修繕費	5000.0	0.0	39938.0	0.0	0.0	798.7
202509	210A10200	25	リース料	39000.0	39000.0	30500.0	0.0	78.2	78.2
202509	210A10200	26	保険料	237000.0	237000.0	108010.0	0.1	45.5	45.5
202509	210A10200	27	支払報酬	464000.0	530000.0	627091.0	0.6	118.3	135.1
202509	210A10200	28	支払手数料	400000.0	360000.0	422323.0	0.4	117.3	105.5
202509	210A10200	29	諸会費	30000.0	50000.0	0.0	0.0	0.0	0.0
202509	210A10200	30	会議費	5000.0	5000.0	0.0	0.0	0.0	0.0
202509	210A10200	31	寄付金	13000.0	13000.0	0.0	0.0	0.0	0.0
202509	210A10200	32	租税公課	40000.0	40000.0	22000.0	0.0	55.0	55.0
202509	210A10200	33	貸倒引当金繰入額	0.0	0.0	0.0	0.0	0.0	0.0
202509	210A10200	34	雑費	160000.0	160000.0	342696.0	0.3	214.1	214.1
202509	210A10200	35	調査研究費	30000.0	10000.0	9000.0	0.0	90.0	30.0
202509	210A10200	36	差引収益	30225000.0	7362000.0	14237883.0	14.7	193.3	47.1
202509	210A10200	37	差引比率	15.8	8.5	14.7		172.9	93.0
202509	210A10200	38	総時間	2848.5	2704.5	2699.25		99.8	94.7
202509	210A10200	39	定時間	2555.0	2398.0	2304.25		96.0	90.1
202509	210A10200	40	残業時間	273.0	286.0	375.25		131.2	137.4
202509	210A10200	41	移動時間	20.5	20.5	19.75		96.3	96.3
202509	210A10200	42	当月時間当り	10610.8	2722.1	5274.7		193.7	49.7
202509	210A10200	43	人員	16.0	16.0	14.0		87.5	87.5
202510	210A10200	1	総受注高	81000000.0	70000000.0	82076275.0		117.2	101.3
202510	210A10200	2	総売上高	81000000.0	70000000.0	82076275.0		117.2	101.3
202510	210A10200	3	農薬	11000000.0	9000000.0	9118365.0	11.1	101.3	82.8
202510	210A10200	4	資材	14000000.0	10000000.0	15565766.0	18.9	155.6	111.1
202510	210A10200	5	工事	56000000.0	51000000.0	57376024.0	69.9	112.5	102.4
202510	210A10200	6	値引き他	0.0	0.0	16120.0	0.0	0.0	0.0
202510	210A10200	7	原価	64900000.0	57000000.0	65987509.0	80.3	115.7	101.6
202510	210A10200	8	仕入高	60900000.0	53000000.0	63130313.0	76.9	119.1	103.6
202510	210A10200	9	仕入割戻高	0.0	0.0	0.0	0.0	0.0	0.0
202510	210A10200	10	外注加工費	4000000.0	4000000.0	2857196.0	3.4	71.4	71.4
202510	210A10200	11	総収益	16100000.0	13000000.0	16088766.0	19.6	123.7	99.9
202510	210A10200	12	経費合計	4724000.0	4727000.0	4342826.0	5.2	91.8	91.9
202510	210A10200	13	減価償却費	450000.0	500000.0	450000.0	0.5	90.0	100.0
202510	210A10200	14	車輛費	1559000.0	1509000.0	1190608.0	1.4	78.9	76.3
202510	210A10200	15	旅費交通費	330000.0	330000.0	179353.0	0.2	54.3	54.3
202510	210A10200	16	発送配達費	20000.0	20000.0	25820.0	0.0	129.1	129.1
202510	210A10200	17	通信費	82000.0	82000.0	60198.0	0.0	73.4	73.4
202510	210A10200	18	水道光熱費	80000.0	80000.0	73754.0	0.0	92.1	92.1
202510	210A10200	19	事務用品費	28000.0	40000.0	0.0	0.0	0.0	0.0
202510	210A10200	20	消耗品費	50000.0	50000.0	17949.0	0.0	35.8	35.8
202510	210A10200	21	広告宣伝費	10000.0	0.0	4636.0	0.0	0.0	46.3
202510	210A10200	22	交際費	70000.0	50000.0	91507.0	0.1	183.0	130.7
202510	210A10200	23	地代家賃	473000.0	473000.0	538814.0	0.6	113.9	113.9
202510	210A10200	24	修繕費	5000.0	0.0	0.0	0.0	0.0	0.0
202510	210A10200	25	リース料	39000.0	39000.0	30500.0	0.0	78.2	78.2
202510	210A10200	26	保険料	237000.0	237000.0	103010.0	0.1	43.4	43.4
202510	210A10200	27	支払報酬	629000.0	695000.0	627091.0	0.7	90.2	99.6
202510	210A10200	28	支払手数料	360000.0	320000.0	474389.0	0.5	148.2	131.7
202510	210A10200	29	諸会費	67000.0	87000.0	15000.0	0.0	17.2	22.3
202510	210A10200	30	会議費	5000.0	5000.0	0.0	0.0	0.0	0.0
202510	210A10200	31	寄付金	0.0	0.0	0.0	0.0	0.0	0.0
202510	210A10200	32	租税公課	40000.0	40000.0	0.0	0.0	0.0	0.0
202510	210A10200	33	貸倒引当金繰入額	0.0	0.0	0.0	0.0	0.0	0.0
202510	210A10200	34	雑費	160000.0	160000.0	448716.0	0.5	280.4	280.4
202510	210A10200	35	調査研究費	30000.0	10000.0	11481.0	0.0	114.8	38.2
202510	210A10200	36	差引収益	11376000.0	8273000.0	11745940.0	14.3	141.9	103.2
202510	210A10200	37	差引比率	14.0	11.8	14.3		121.1	102.1
202510	210A10200	38	総時間	3129.75	2931.75	2829.5		96.5	90.4
202510	210A10200	39	定時間	2809.0	2634.0	2425.25		92.0	86.3
202510	210A10200	40	残業時間	299.0	276.0	382.5		138.5	127.9
202510	210A10200	41	移動時間	21.75	21.75	21.75		100.0	100.0
202510	210A10200	42	当月時間当り	3634.7	2821.8	4151.2		147.1	114.2
202510	210A10200	43	人員	16.0	16.0	14.0		87.5	87.5
202511	210A10200	1	総受注高	37500000.0	53000000.0	67750718.0		127.8	180.6
202511	210A10200	2	総売上高	37500000.0	53000000.0	67750718.0		127.8	180.6
202511	210A10200	3	農薬	6000000.0	5000000.0	7603505.0	11.2	152.0	126.7
202511	210A10200	4	資材	21000000.0	14300000.0	29130075.0	42.9	203.7	138.7
202511	210A10200	5	工事	10500000.0	33700000.0	31029467.0	45.7	92.0	295.5
202511	210A10200	6	値引き他	0.0	0.0	-12329.0	0.0	0.0	0.0
202511	210A10200	7	原価	29960000.0	43400000.0	49007215.0	72.3	112.9	163.5
202511	210A10200	8	仕入高	25960000.0	39400000.0	46302745.0	68.3	117.5	178.3
202511	210A10200	9	仕入割戻高	0.0	0.0	0.0	0.0	0.0	0.0
202511	210A10200	10	外注加工費	4000000.0	4000000.0	2704470.0	3.9	67.6	67.6
202511	210A10200	11	総収益	7540000.0	9600000.0	18743503.0	27.6	195.2	248.5
202511	210A10200	12	経費合計	4972000.0	4975000.0	4200899.0	6.2	84.4	84.4
202511	210A10200	13	減価償却費	450000.0	500000.0	450000.0	0.6	90.0	100.0
202511	210A10200	14	車輛費	2009000.0	1959000.0	1214303.0	1.7	61.9	60.4
202511	210A10200	15	旅費交通費	330000.0	330000.0	259105.0	0.3	78.5	78.5
202511	210A10200	16	発送配達費	20000.0	20000.0	23400.0	0.0	117.0	117.0
202511	210A10200	17	通信費	82000.0	82000.0	45678.0	0.0	55.7	55.7
202511	210A10200	18	水道光熱費	80000.0	80000.0	63090.0	0.0	78.8	78.8
202511	210A10200	19	事務用品費	28000.0	40000.0	0.0	0.0	0.0	0.0
202511	210A10200	20	消耗品費	50000.0	50000.0	33658.0	0.0	67.3	67.3
202511	210A10200	21	広告宣伝費	10000.0	0.0	29250.0	0.0	0.0	292.5
202511	210A10200	22	交際費	70000.0	50000.0	41510.0	0.0	83.0	59.3
202511	210A10200	23	地代家賃	473000.0	473000.0	521108.0	0.7	110.1	110.1
202511	210A10200	24	修繕費	5000.0	0.0	0.0	0.0	0.0	0.0
202511	210A10200	25	リース料	39000.0	39000.0	30500.0	0.0	78.2	78.2
202511	210A10200	26	保険料	237000.0	237000.0	146390.0	0.2	61.7	61.7
202511	210A10200	27	支払報酬	464000.0	530000.0	627091.0	0.9	118.3	135.1
202511	210A10200	28	支払手数料	360000.0	320000.0	337282.0	0.4	105.4	93.6
202511	210A10200	29	諸会費	30000.0	50000.0	42400.0	0.0	84.8	141.3
202511	210A10200	30	会議費	5000.0	5000.0	0.0	0.0	0.0	0.0
202511	210A10200	31	寄付金	0.0	0.0	0.0	0.0	0.0	0.0
202511	210A10200	32	租税公課	40000.0	40000.0	63200.0	0.0	158.0	158.0
202511	210A10200	33	貸倒引当金繰入額	0.0	0.0	0.0	0.0	0.0	0.0
202511	210A10200	34	雑費	160000.0	160000.0	272934.0	0.4	170.5	170.5
202511	210A10200	35	調査研究費	30000.0	10000.0	0.0	0.0	0.0	0.0
202511	210A10200	36	差引収益	2568000.0	4625000.0	14542604.0	21.4	314.4	566.3
202511	210A10200	37	差引比率	6.8	8.7	21.4		245.9	314.7
202511	210A10200	38	総時間	2566.0	2408.0	2404.0		99.8	93.6
202511	210A10200	39	定時間	2301.0	2162.0	2082.0		96.2	90.4
202511	210A10200	40	残業時間	247.0	228.0	304.0		133.3	123.0
202511	210A10200	41	移動時間	18.0	18.0	18.0		100.0	100.0
202511	210A10200	42	当月時間当り	1000.7	1920.6	6049.3		314.9	604.5
202511	210A10200	43	人員	16.0	16.0	14.0		87.5	87.5
202304	017000000	1	総受注高	0.0	0.0	57775299.0		0.0	0.0
202304	017000000	2	総売上高	0.0	0.0	57775299.0		0.0	0.0
202304	017000000	3	農薬	0.0	0.0	16556784.0	28.6	0.0	0.0
202304	017000000	4	資材	0.0	0.0	18617013.0	32.2	0.0	0.0
202304	017000000	5	工事	0.0	0.0	22616252.0	39.1	0.0	0.0
202304	017000000	6	値引き他	0.0	0.0	-14750.0	0.0	0.0	0.0
202304	017000000	7	原価	0.0	0.0	44968582.0	77.8	0.0	0.0
202304	017000000	8	仕入高	0.0	0.0	41195418.0	71.3	0.0	0.0
202304	017000000	9	仕入割戻高	0.0	0.0	0.0	0.0	0.0	0.0
202304	017000000	10	外注加工費	0.0	0.0	3773164.0	6.5	0.0	0.0
202304	017000000	11	総収益	0.0	0.0	12806717.0	22.1	0.0	0.0
202304	017000000	12	経費合計	0.0	0.0	4084169.0	7.0	0.0	0.0
202304	017000000	13	減価償却費	0.0	0.0	650000.0	1.1	0.0	0.0
202304	017000000	14	車輛費	0.0	0.0	0.0	0.0	0.0	0.0
202304	017000000	15	旅費交通費	0.0	0.0	101505.0	0.1	0.0	0.0
202304	017000000	16	発送配達費	0.0	0.0	14660.0	0.0	0.0	0.0
202304	017000000	17	通信費	0.0	0.0	77144.0	0.1	0.0	0.0
202304	017000000	18	水道光熱費	0.0	0.0	3935.0	0.0	0.0	0.0
202304	017000000	19	事務用品費	0.0	0.0	82532.0	0.1	0.0	0.0
202304	017000000	20	消耗品費	0.0	0.0	242262.0	0.4	0.0	0.0
202304	017000000	21	広告宣伝費	0.0	0.0	0.0	0.0	0.0	0.0
202304	017000000	22	交際費	0.0	0.0	30876.0	0.0	0.0	0.0
202304	017000000	23	地代家賃	0.0	0.0	441936.0	0.7	0.0	0.0
202304	017000000	24	修繕費	0.0	0.0	8300.0	0.0	0.0	0.0
202304	017000000	25	リース料	0.0	0.0	616068.0	1.0	0.0	0.0
202304	017000000	26	保険料	0.0	0.0	501110.0	0.8	0.0	0.0
202304	017000000	27	支払報酬	0.0	0.0	0.0	0.0	0.0	0.0
202304	017000000	28	支払手数料	0.0	0.0	125199.0	0.2	0.0	0.0
202304	017000000	29	諸会費	0.0	0.0	133000.0	0.2	0.0	0.0
202304	017000000	30	会議費	0.0	0.0	9062.0	0.0	0.0	0.0
202304	017000000	31	寄付金	0.0	0.0	0.0	0.0	0.0	0.0
202304	017000000	32	租税公課	0.0	0.0	31500.0	0.0	0.0	0.0
202304	017000000	33	貸倒引当金繰入額	0.0	0.0	0.0	0.0	0.0	0.0
202304	017000000	34	雑費	0.0	0.0	21501.0	0.0	0.0	0.0
202304	017000000	35	調査研究費	0.0	0.0	0.0	0.0	0.0	0.0
202304	017000000	36	差引収益	0.0	0.0	8722548.0	15.0	0.0	0.0
202304	017000000	37	差引比率	0.0	0.0	15.0		0.0	0.0
202304	017000000	38	総時間	0.0	0.0	3551.0		0.0	0.0
202304	017000000	39	定時間	0.0	0.0	3152.0		0.0	0.0
202304	017000000	40	残業時間	0.0	0.0	380.0		0.0	0.0
202304	017000000	41	移動時間	0.0	0.0	19.0		0.0	0.0
202304	017000000	42	当月時間当り	0.0	0.0	2456.3		0.0	0.0
202304	017000000	43	人員	0.0	0.0	22.0		0.0	0.0
202305	017000000	1	総受注高	0.0	0.0	34188948.0		0.0	0.0
202305	017000000	2	総売上高	0.0	0.0	34188948.0		0.0	0.0
202305	017000000	3	農薬	0.0	0.0	7036173.0	20.5	0.0	0.0
202305	017000000	4	資材	0.0	0.0	21393890.0	62.5	0.0	0.0
202305	017000000	5	工事	0.0	0.0	5777638.0	16.8	0.0	0.0
202305	017000000	6	値引き他	0.0	0.0	-18753.0	0.0	0.0	0.0
202305	017000000	7	原価	0.0	0.0	26372444.0	77.1	0.0	0.0
202305	017000000	8	仕入高	0.0	0.0	22452281.0	65.6	0.0	0.0
202305	017000000	9	仕入割戻高	0.0	0.0	0.0	0.0	0.0	0.0
202305	017000000	10	外注加工費	0.0	0.0	3920163.0	11.4	0.0	0.0
202305	017000000	11	総収益	0.0	0.0	7816504.0	22.8	0.0	0.0
202305	017000000	12	経費合計	0.0	0.0	5855889.0	17.1	0.0	0.0
202305	017000000	13	減価償却費	0.0	0.0	650000.0	1.9	0.0	0.0
202305	017000000	14	車輛費	0.0	0.0	0.0	0.0	0.0	0.0
202305	017000000	15	旅費交通費	0.0	0.0	692560.0	2.0	0.0	0.0
202305	017000000	16	発送配達費	0.0	0.0	25270.0	0.0	0.0	0.0
202305	017000000	17	通信費	0.0	0.0	108858.0	0.3	0.0	0.0
202305	017000000	18	水道光熱費	0.0	0.0	79435.0	0.2	0.0	0.0
202305	017000000	19	事務用品費	0.0	0.0	98855.0	0.2	0.0	0.0
202305	017000000	20	消耗品費	0.0	0.0	456772.0	1.3	0.0	0.0
202305	017000000	21	広告宣伝費	0.0	0.0	0.0	0.0	0.0	0.0
202305	017000000	22	交際費	0.0	0.0	26723.0	0.0	0.0	0.0
202305	017000000	23	地代家賃	0.0	0.0	443747.0	1.2	0.0	0.0
202305	017000000	24	修繕費	0.0	0.0	67746.0	0.1	0.0	0.0
202305	017000000	25	リース料	0.0	0.0	589068.0	1.7	0.0	0.0
202305	017000000	26	保険料	0.0	0.0	533937.0	1.5	0.0	0.0
202305	017000000	27	支払報酬	0.0	0.0	0.0	0.0	0.0	0.0
202305	017000000	28	支払手数料	0.0	0.0	46277.0	0.1	0.0	0.0
202305	017000000	29	諸会費	0.0	0.0	43000.0	0.1	0.0	0.0
202305	017000000	30	会議費	0.0	0.0	10437.0	0.0	0.0	0.0
202305	017000000	31	寄付金	0.0	0.0	50000.0	0.1	0.0	0.0
202305	017000000	32	租税公課	0.0	0.0	923400.0	2.7	0.0	0.0
202305	017000000	33	貸倒引当金繰入額	0.0	0.0	0.0	0.0	0.0	0.0
202305	017000000	34	雑費	0.0	0.0	6177.0	0.0	0.0	0.0
202305	017000000	35	調査研究費	0.0	0.0	17905.0	0.0	0.0	0.0
202305	017000000	36	差引収益	0.0	0.0	1960615.0	5.7	0.0	0.0
202305	017000000	37	差引比率	0.0	0.0	5.7		0.0	0.0
202305	017000000	38	総時間	0.0	0.0	3399.0		0.0	0.0
202305	017000000	39	定時間	0.0	0.0	3001.0		0.0	0.0
202305	017000000	40	残業時間	0.0	0.0	380.0		0.0	0.0
202305	017000000	41	移動時間	0.0	0.0	18.0		0.0	0.0
202305	017000000	42	当月時間当り	0.0	0.0	576.8		0.0	0.0
202305	017000000	43	人員	0.0	0.0	21.0		0.0	0.0
202306	017000000	1	総受注高	0.0	0.0	52301747.0		0.0	0.0
202306	017000000	2	総売上高	0.0	0.0	52301747.0		0.0	0.0
202306	017000000	3	農薬	0.0	0.0	8550225.0	16.3	0.0	0.0
202306	017000000	4	資材	0.0	0.0	16474617.0	31.4	0.0	0.0
202306	017000000	5	工事	0.0	0.0	27391735.0	52.3	0.0	0.0
202306	017000000	6	値引き他	0.0	0.0	-114830.0	0.0	0.0	0.0
202306	017000000	7	原価	0.0	0.0	41078018.0	78.5	0.0	0.0
202306	017000000	8	仕入高	0.0	0.0	38578400.0	73.7	0.0	0.0
202306	017000000	9	仕入割戻高	0.0	0.0	0.0	0.0	0.0	0.0
202306	017000000	10	外注加工費	0.0	0.0	2499618.0	4.7	0.0	0.0
202306	017000000	11	総収益	0.0	0.0	11223729.0	21.4	0.0	0.0
202306	017000000	12	経費合計	0.0	0.0	4482482.0	8.5	0.0	0.0
202306	017000000	13	減価償却費	0.0	0.0	650000.0	1.2	0.0	0.0
202306	017000000	14	車輛費	0.0	0.0	0.0	0.0	0.0	0.0
202306	017000000	15	旅費交通費	0.0	0.0	428909.0	0.8	0.0	0.0
202306	017000000	16	発送配達費	0.0	0.0	18230.0	0.0	0.0	0.0
202306	017000000	17	通信費	0.0	0.0	72393.0	0.1	0.0	0.0
202306	017000000	18	水道光熱費	0.0	0.0	59353.0	0.1	0.0	0.0
202306	017000000	19	事務用品費	0.0	0.0	91277.0	0.1	0.0	0.0
202306	017000000	20	消耗品費	0.0	0.0	146360.0	0.2	0.0	0.0
202306	017000000	21	広告宣伝費	0.0	0.0	31000.0	0.0	0.0	0.0
202306	017000000	22	交際費	0.0	0.0	111461.0	0.2	0.0	0.0
202306	017000000	23	地代家賃	0.0	0.0	448553.0	0.8	0.0	0.0
202306	017000000	24	修繕費	0.0	0.0	94380.0	0.1	0.0	0.0
202306	017000000	25	リース料	0.0	0.0	549068.0	1.0	0.0	0.0
202306	017000000	26	保険料	0.0	0.0	505150.0	0.9	0.0	0.0
202306	017000000	27	支払報酬	0.0	0.0	0.0	0.0	0.0	0.0
202306	017000000	28	支払手数料	0.0	0.0	134636.0	0.2	0.0	0.0
202306	017000000	29	諸会費	0.0	0.0	21200.0	0.0	0.0	0.0
202306	017000000	30	会議費	0.0	0.0	16964.0	0.0	0.0	0.0
202306	017000000	31	寄付金	0.0	0.0	0.0	0.0	0.0	0.0
202306	017000000	32	租税公課	0.0	0.0	30800.0	0.0	0.0	0.0
202306	017000000	33	貸倒引当金繰入額	0.0	0.0	0.0	0.0	0.0	0.0
202306	017000000	34	雑費	0.0	0.0	46237.0	0.0	0.0	0.0
202306	017000000	35	調査研究費	0.0	0.0	9715.0	0.0	0.0	0.0
202306	017000000	36	差引収益	0.0	0.0	6741247.0	12.8	0.0	0.0
202306	017000000	37	差引比率	0.0	0.0	12.8		0.0	0.0
202306	017000000	38	総時間	0.0	0.0	3569.5		0.0	0.0
202306	017000000	39	定時間	0.0	0.0	3170.0		0.0	0.0
202306	017000000	40	残業時間	0.0	0.0	380.0		0.0	0.0
202306	017000000	41	移動時間	0.0	0.0	19.5		0.0	0.0
202306	017000000	42	当月時間当り	0.0	0.0	1888.5		0.0	0.0
202306	017000000	43	人員	0.0	0.0	21.0		0.0	0.0
202307	017000000	1	総受注高	0.0	0.0	47647313.0		0.0	0.0
202307	017000000	2	総売上高	0.0	0.0	47647313.0		0.0	0.0
202307	017000000	3	農薬	0.0	0.0	9184908.0	19.2	0.0	0.0
202307	017000000	4	資材	0.0	0.0	16179261.0	33.9	0.0	0.0
202307	017000000	5	工事	0.0	0.0	21899694.0	45.9	0.0	0.0
202307	017000000	6	値引き他	0.0	0.0	383450.0	0.8	0.0	0.0
202307	017000000	7	原価	0.0	0.0	36514064.0	76.6	0.0	0.0
202307	017000000	8	仕入高	0.0	0.0	32267364.0	67.7	0.0	0.0
202307	017000000	9	仕入割戻高	0.0	0.0	0.0	0.0	0.0	0.0
202307	017000000	10	外注加工費	0.0	0.0	4246700.0	8.9	0.0	0.0
202307	017000000	11	総収益	0.0	0.0	11133249.0	23.3	0.0	0.0
202307	017000000	12	経費合計	0.0	0.0	5636482.0	11.8	0.0	0.0
202307	017000000	13	減価償却費	0.0	0.0	650000.0	1.3	0.0	0.0
202307	017000000	14	車輛費	0.0	0.0	0.0	0.0	0.0	0.0
202307	017000000	15	旅費交通費	0.0	0.0	242607.0	0.5	0.0	0.0
202307	017000000	16	発送配達費	0.0	0.0	13590.0	0.0	0.0	0.0
202307	017000000	17	通信費	0.0	0.0	65794.0	0.1	0.0	0.0
202307	017000000	18	水道光熱費	0.0	0.0	67231.0	0.1	0.0	0.0
202307	017000000	19	事務用品費	0.0	0.0	90915.0	0.1	0.0	0.0
202307	017000000	20	消耗品費	0.0	0.0	288395.0	0.6	0.0	0.0
202307	017000000	21	広告宣伝費	0.0	0.0	27727.0	0.0	0.0	0.0
202307	017000000	22	交際費	0.0	0.0	126926.0	0.2	0.0	0.0
202307	017000000	23	地代家賃	0.0	0.0	444049.0	0.9	0.0	0.0
202307	017000000	24	修繕費	0.0	0.0	951400.0	1.9	0.0	0.0
202307	017000000	25	リース料	0.0	0.0	635988.0	1.3	0.0	0.0
202307	017000000	26	保険料	0.0	0.0	578460.0	1.2	0.0	0.0
202307	017000000	27	支払報酬	0.0	0.0	0.0	0.0	0.0	0.0
202307	017000000	28	支払手数料	0.0	0.0	293381.0	0.6	0.0	0.0
202307	017000000	29	諸会費	0.0	0.0	28000.0	0.0	0.0	0.0
202307	017000000	30	会議費	0.0	0.0	48048.0	0.1	0.0	0.0
202307	017000000	31	寄付金	0.0	0.0	24000.0	0.0	0.0	0.0
202307	017000000	32	租税公課	0.0	0.0	57500.0	0.1	0.0	0.0
202307	017000000	33	貸倒引当金繰入額	0.0	0.0	0.0	0.0	0.0	0.0
202307	017000000	34	雑費	0.0	0.0	27624.0	0.0	0.0	0.0
202307	017000000	35	調査研究費	0.0	0.0	0.0	0.0	0.0	0.0
202307	017000000	36	差引収益	0.0	0.0	5496767.0	11.5	0.0	0.0
202307	017000000	37	差引比率	0.0	0.0	11.5		0.0	0.0
202307	017000000	38	総時間	0.0	0.0	3536.0		0.0	0.0
202307	017000000	39	定時間	0.0	0.0	3137.5		0.0	0.0
202307	017000000	40	残業時間	0.0	0.0	380.0		0.0	0.0
202307	017000000	41	移動時間	0.0	0.0	18.5		0.0	0.0
202307	017000000	42	当月時間当り	0.0	0.0	1554.5		0.0	0.0
202307	017000000	43	人員	0.0	0.0	20.0		0.0	0.0
202308	017000000	1	総受注高	0.0	0.0	47817196.0		0.0	0.0
202308	017000000	2	総売上高	0.0	0.0	47817196.0		0.0	0.0
202308	017000000	3	農薬	0.0	0.0	5825944.0	12.1	0.0	0.0
202308	017000000	4	資材	0.0	0.0	17598252.0	36.8	0.0	0.0
202308	017000000	5	工事	0.0	0.0	24594659.0	51.4	0.0	0.0
202308	017000000	6	値引き他	0.0	0.0	-201659.0	0.0	0.0	0.0
202308	017000000	7	原価	0.0	0.0	36840625.0	77.0	0.0	0.0
202308	017000000	8	仕入高	0.0	0.0	32578406.0	68.1	0.0	0.0
202308	017000000	9	仕入割戻高	0.0	0.0	0.0	0.0	0.0	0.0
202308	017000000	10	外注加工費	0.0	0.0	4262219.0	8.9	0.0	0.0
202308	017000000	11	総収益	0.0	0.0	10976571.0	22.9	0.0	0.0
202308	017000000	12	経費合計	0.0	0.0	5283706.0	11.0	0.0	0.0
202308	017000000	13	減価償却費	0.0	0.0	650000.0	1.3	0.0	0.0
202308	017000000	14	車輛費	0.0	0.0	0.0	0.0	0.0	0.0
202308	017000000	15	旅費交通費	0.0	0.0	158296.0	0.3	0.0	0.0
202308	017000000	16	発送配達費	0.0	0.0	14153.0	0.0	0.0	0.0
202308	017000000	17	通信費	0.0	0.0	99271.0	0.2	0.0	0.0
202308	017000000	18	水道光熱費	0.0	0.0	67534.0	0.1	0.0	0.0
202308	017000000	19	事務用品費	0.0	0.0	96686.0	0.2	0.0	0.0
202308	017000000	20	消耗品費	0.0	0.0	214414.0	0.4	0.0	0.0
202308	017000000	21	広告宣伝費	0.0	0.0	0.0	0.0	0.0	0.0
202308	017000000	22	交際費	0.0	0.0	24563.0	0.0	0.0	0.0
202308	017000000	23	地代家賃	0.0	0.0	443747.0	0.9	0.0	0.0
202308	017000000	24	修繕費	0.0	0.0	154839.0	0.3	0.0	0.0
202308	017000000	25	リース料	0.0	0.0	582268.0	1.2	0.0	0.0
202308	017000000	26	保険料	0.0	0.0	701920.0	1.4	0.0	0.0
202308	017000000	27	支払報酬	0.0	0.0	0.0	0.0	0.0	0.0
202308	017000000	28	支払手数料	0.0	0.0	145322.0	0.3	0.0	0.0
202308	017000000	29	諸会費	0.0	0.0	40000.0	0.0	0.0	0.0
202308	017000000	30	会議費	0.0	0.0	19664.0	0.0	0.0	0.0
202308	017000000	31	寄付金	0.0	0.0	0.0	0.0	0.0	0.0
202308	017000000	32	租税公課	0.0	0.0	10000.0	0.0	0.0	0.0
202308	017000000	33	貸倒引当金繰入額	0.0	0.0	0.0	0.0	0.0	0.0
202308	017000000	34	雑費	0.0	0.0	43595.0	0.0	0.0	0.0
202308	017000000	35	調査研究費	0.0	0.0	8131.0	0.0	0.0	0.0
202308	017000000	36	差引収益	0.0	0.0	5692865.0	11.9	0.0	0.0
202308	017000000	37	差引比率	0.0	0.0	11.9		0.0	0.0
202308	017000000	38	総時間	0.0	0.0	3366.0		0.0	0.0
202308	017000000	39	定時間	0.0	0.0	2970.0		0.0	0.0
202308	017000000	40	残業時間	0.0	0.0	380.0		0.0	0.0
202308	017000000	41	移動時間	0.0	0.0	16.0		0.0	0.0
202308	017000000	42	当月時間当り	0.0	0.0	1691.2		0.0	0.0
202308	017000000	43	人員	0.0	0.0	19.0		0.0	0.0
202309	017000000	1	総受注高	0.0	0.0	161596519.0		0.0	0.0
202309	017000000	2	総売上高	0.0	0.0	161596519.0		0.0	0.0
202309	017000000	3	農薬	0.0	0.0	4841714.0	2.9	0.0	0.0
202309	017000000	4	資材	0.0	0.0	47344066.0	29.2	0.0	0.0
202309	017000000	5	工事	0.0	0.0	109428610.0	67.7	0.0	0.0
202309	017000000	6	値引き他	0.0	0.0	-17871.0	0.0	0.0	0.0
202309	017000000	7	原価	0.0	0.0	127336475.0	78.7	0.0	0.0
202309	017000000	8	仕入高	0.0	0.0	123467302.0	76.4	0.0	0.0
202309	017000000	9	仕入割戻高	0.0	0.0	0.0	0.0	0.0	0.0
202309	017000000	10	外注加工費	0.0	0.0	3869173.0	2.3	0.0	0.0
202309	017000000	11	総収益	0.0	0.0	34260044.0	21.2	0.0	0.0
202309	017000000	12	経費合計	0.0	0.0	4187644.0	2.5	0.0	0.0
202309	017000000	13	減価償却費	0.0	0.0	650000.0	0.4	0.0	0.0
202309	017000000	14	車輛費	0.0	0.0	0.0	0.0	0.0	0.0
202309	017000000	15	旅費交通費	0.0	0.0	167412.0	0.1	0.0	0.0
202309	017000000	16	発送配達費	0.0	0.0	16020.0	0.0	0.0	0.0
202309	017000000	17	通信費	0.0	0.0	58756.0	0.0	0.0	0.0
202309	017000000	18	水道光熱費	0.0	0.0	70227.0	0.0	0.0	0.0
202309	017000000	19	事務用品費	0.0	0.0	117465.0	0.0	0.0	0.0
202309	017000000	20	消耗品費	0.0	0.0	234207.0	0.1	0.0	0.0
202309	017000000	21	広告宣伝費	0.0	0.0	0.0	0.0	0.0	0.0
202309	017000000	22	交際費	0.0	0.0	19165.0	0.0	0.0	0.0
202309	017000000	23	地代家賃	0.0	0.0	432635.0	0.2	0.0	0.0
202309	017000000	24	修繕費	0.0	0.0	19110.0	0.0	0.0	0.0
202309	017000000	25	リース料	0.0	0.0	582268.0	0.3	0.0	0.0
202309	017000000	26	保険料	0.0	0.0	467700.0	0.2	0.0	0.0
202309	017000000	27	支払報酬	0.0	0.0	0.0	0.0	0.0	0.0
202309	017000000	28	支払手数料	0.0	0.0	169731.0	0.1	0.0	0.0
202309	017000000	29	諸会費	0.0	0.0	0.0	0.0	0.0	0.0
202309	017000000	30	会議費	0.0	0.0	13363.0	0.0	0.0	0.0
202309	017000000	31	寄付金	0.0	0.0	0.0	0.0	0.0	0.0
202309	017000000	32	租税公課	0.0	0.0	0.0	0.0	0.0	0.0
202309	017000000	33	貸倒引当金繰入額	0.0	0.0	0.0	0.0	0.0	0.0
202309	017000000	34	雑費	0.0	0.0	47209.0	0.0	0.0	0.0
202309	017000000	35	調査研究費	0.0	0.0	0.0	0.0	0.0	0.0
202309	017000000	36	差引収益	0.0	0.0	30072400.0	18.6	0.0	0.0
202309	017000000	37	差引比率	0.0	0.0	18.6		0.0	0.0
202309	017000000	38	総時間	0.0	0.0	3527.5		0.0	0.0
202309	017000000	39	定時間	0.0	0.0	3129.5		0.0	0.0
202309	017000000	40	残業時間	0.0	0.0	380.0		0.0	0.0
202309	017000000	41	移動時間	0.0	0.0	18.0		0.0	0.0
202309	017000000	42	当月時間当り	0.0	0.0	8525.1		0.0	0.0
202309	017000000	43	人員	0.0	0.0	19.0		0.0	0.0
202310	017000000	1	総受注高	0.0	0.0	72653108.0		0.0	0.0
202310	017000000	2	総売上高	0.0	0.0	72653108.0		0.0	0.0
202310	017000000	3	農薬	0.0	0.0	11878795.0	16.3	0.0	0.0
202310	017000000	4	資材	0.0	0.0	37500649.0	51.6	0.0	0.0
202310	017000000	5	工事	0.0	0.0	23408428.0	32.2	0.0	0.0
202310	017000000	6	値引き他	0.0	0.0	-134764.0	0.0	0.0	0.0
202310	017000000	7	原価	0.0	0.0	56641425.0	77.9	0.0	0.0
202310	017000000	8	仕入高	0.0	0.0	50945843.0	70.1	0.0	0.0
202310	017000000	9	仕入割戻高	0.0	0.0	0.0	0.0	0.0	0.0
202310	017000000	10	外注加工費	0.0	0.0	5695582.0	7.8	0.0	0.0
202310	017000000	11	総収益	0.0	0.0	16011683.0	22.0	0.0	0.0
202310	017000000	12	経費合計	0.0	0.0	5944403.0	8.1	0.0	0.0
202310	017000000	13	減価償却費	0.0	0.0	650000.0	0.8	0.0	0.0
202310	017000000	14	車輛費	0.0	0.0	0.0	0.0	0.0	0.0
202310	017000000	15	旅費交通費	0.0	0.0	824501.0	1.1	0.0	0.0
202310	017000000	16	発送配達費	0.0	0.0	22050.0	0.0	0.0	0.0
202310	017000000	17	通信費	0.0	0.0	90321.0	0.1	0.0	0.0
202310	017000000	18	水道光熱費	0.0	0.0	73041.0	0.1	0.0	0.0
202310	017000000	19	事務用品費	0.0	0.0	93297.0	0.1	0.0	0.0
202310	017000000	20	消耗品費	0.0	0.0	185516.0	0.2	0.0	0.0
202310	017000000	21	広告宣伝費	0.0	0.0	0.0	0.0	0.0	0.0
202310	017000000	22	交際費	0.0	0.0	14891.0	0.0	0.0	0.0
202310	017000000	23	地代家賃	0.0	0.0	462049.0	0.6	0.0	0.0
202310	017000000	24	修繕費	0.0	0.0	1087123.0	1.4	0.0	0.0
202310	017000000	25	リース料	0.0	0.0	582268.0	0.8	0.0	0.0
202310	017000000	26	保険料	0.0	0.0	467700.0	0.6	0.0	0.0
202310	017000000	27	支払報酬	0.0	0.0	0.0	0.0	0.0	0.0
202310	017000000	28	支払手数料	0.0	0.0	230858.0	0.3	0.0	0.0
202310	017000000	29	諸会費	0.0	0.0	55000.0	0.0	0.0	0.0
202310	017000000	30	会議費	0.0	0.0	5525.0	0.0	0.0	0.0
202310	017000000	31	寄付金	0.0	0.0	10000.0	0.0	0.0	0.0
202310	017000000	32	租税公課	0.0	0.0	28600.0	0.0	0.0	0.0
202310	017000000	33	貸倒引当金繰入額	0.0	0.0	0.0	0.0	0.0	0.0
202310	017000000	34	雑費	0.0	0.0	4618.0	0.0	0.0	0.0
202310	017000000	35	調査研究費	0.0	0.0	9715.0	0.0	0.0	0.0
202310	017000000	36	差引収益	0.0	0.0	10067280.0	13.8	0.0	0.0
202310	017000000	37	差引比率	0.0	0.0	13.8		0.0	0.0
202310	017000000	38	総時間	0.0	0.0	3551.0		0.0	0.0
202310	017000000	39	定時間	0.0	0.0	3152.0		0.0	0.0
202310	017000000	40	残業時間	0.0	0.0	380.0		0.0	0.0
202310	017000000	41	移動時間	0.0	0.0	19.0		0.0	0.0
202310	017000000	42	当月時間当り	0.0	0.0	2835.0		0.0	0.0
202310	017000000	43	人員	0.0	0.0	19.0		0.0	0.0
202311	017000000	1	総受注高	0.0	0.0	98992668.0		0.0	0.0
202311	017000000	2	総売上高	0.0	0.0	98992668.0		0.0	0.0
202311	017000000	3	農薬	0.0	0.0	7752496.0	7.8	0.0	0.0
202311	017000000	4	資材	0.0	0.0	24557038.0	24.8	0.0	0.0
202311	017000000	5	工事	0.0	0.0	66742462.0	67.4	0.0	0.0
202311	017000000	6	値引き他	0.0	0.0	-59328.0	0.0	0.0	0.0
202311	017000000	7	原価	0.0	0.0	78292236.0	79.0	0.0	0.0
202311	017000000	8	仕入高	0.0	0.0	73799726.0	74.5	0.0	0.0
202311	017000000	9	仕入割戻高	0.0	0.0	0.0	0.0	0.0	0.0
202311	017000000	10	外注加工費	0.0	0.0	4492510.0	4.5	0.0	0.0
202311	017000000	11	総収益	0.0	0.0	20700432.0	20.9	0.0	0.0
202311	017000000	12	経費合計	0.0	0.0	4909495.0	4.9	0.0	0.0
202311	017000000	13	減価償却費	0.0	0.0	650000.0	0.6	0.0	0.0
202311	017000000	14	車輛費	0.0	0.0	0.0	0.0	0.0	0.0
202311	017000000	15	旅費交通費	0.0	0.0	449811.0	0.4	0.0	0.0
202311	017000000	16	発送配達費	0.0	0.0	12900.0	0.0	0.0	0.0
202311	017000000	17	通信費	0.0	0.0	68341.0	0.0	0.0	0.0
202311	017000000	18	水道光熱費	0.0	0.0	57831.0	0.0	0.0	0.0
202311	017000000	19	事務用品費	0.0	0.0	101221.0	0.1	0.0	0.0
202311	017000000	20	消耗品費	0.0	0.0	369432.0	0.3	0.0	0.0
202311	017000000	21	広告宣伝費	0.0	0.0	0.0	0.0	0.0	0.0
202311	017000000	22	交際費	0.0	0.0	68658.0	0.0	0.0	0.0
202311	017000000	23	地代家賃	0.0	0.0	440427.0	0.4	0.0	0.0
202311	017000000	24	修繕費	0.0	0.0	44200.0	0.0	0.0	0.0
202311	017000000	25	リース料	0.0	0.0	558858.0	0.5	0.0	0.0
202311	017000000	26	保険料	0.0	0.0	469550.0	0.4	0.0	0.0
202311	017000000	27	支払報酬	0.0	0.0	0.0	0.0	0.0	0.0
202311	017000000	28	支払手数料	0.0	0.0	486328.0	0.4	0.0	0.0
202311	017000000	29	諸会費	0.0	0.0	25000.0	0.0	0.0	0.0
202311	017000000	30	会議費	0.0	0.0	11200.0	0.0	0.0	0.0
202311	017000000	31	寄付金	0.0	0.0	0.0	0.0	0.0	0.0
202311	017000000	32	租税公課	0.0	0.0	550.0	0.0	0.0	0.0
202311	017000000	33	貸倒引当金繰入額	0.0	0.0	0.0	0.0	0.0	0.0
202311	017000000	34	雑費	0.0	0.0	48219.0	0.0	0.0	0.0
202311	017000000	35	調査研究費	0.0	0.0	9282.0	0.0	0.0	0.0
202311	017000000	36	差引収益	0.0	0.0	15790937.0	15.9	0.0	0.0
202311	017000000	37	差引比率	0.0	0.0	15.9		0.0	0.0
202311	017000000	38	総時間	0.0	0.0	3399.5		0.0	0.0
202311	017000000	39	定時間	0.0	0.0	3001.0		0.0	0.0
202311	017000000	40	残業時間	0.0	0.0	380.0		0.0	0.0
202311	017000000	41	移動時間	0.0	0.0	18.5		0.0	0.0
202311	017000000	42	当月時間当り	0.0	0.0	4645.0		0.0	0.0
202311	017000000	43	人員	0.0	0.0	19.0		0.0	0.0
202312	017000000	1	総受注高	0.0	0.0	64254266.0		0.0	0.0
202312	017000000	2	総売上高	0.0	0.0	64254266.0		0.0	0.0
202312	017000000	3	農薬	0.0	0.0	5634673.0	8.7	0.0	0.0
202312	017000000	4	資材	0.0	0.0	43374871.0	67.5	0.0	0.0
202312	017000000	5	工事	0.0	0.0	15280191.0	23.7	0.0	0.0
202312	017000000	6	値引き他	0.0	0.0	-35469.0	0.0	0.0	0.0
202312	017000000	7	原価	0.0	0.0	49786911.0	77.4	0.0	0.0
202312	017000000	8	仕入高	0.0	0.0	46311001.0	72.0	0.0	0.0
202312	017000000	9	仕入割戻高	0.0	0.0	0.0	0.0	0.0	0.0
202312	017000000	10	外注加工費	0.0	0.0	3475910.0	5.4	0.0	0.0
202312	017000000	11	総収益	0.0	0.0	14467355.0	22.5	0.0	0.0
202312	017000000	12	経費合計	0.0	0.0	4540400.0	7.0	0.0	0.0
202312	017000000	13	減価償却費	0.0	0.0	650000.0	1.0	0.0	0.0
202312	017000000	14	車輛費	0.0	0.0	0.0	0.0	0.0	0.0
202312	017000000	15	旅費交通費	0.0	0.0	205356.0	0.3	0.0	0.0
202312	017000000	16	発送配達費	0.0	0.0	10090.0	0.0	0.0	0.0
202312	017000000	17	通信費	0.0	0.0	43190.0	0.0	0.0	0.0
202312	017000000	18	水道光熱費	0.0	0.0	57764.0	0.0	0.0	0.0
202312	017000000	19	事務用品費	0.0	0.0	83322.0	0.1	0.0	0.0
202312	017000000	20	消耗品費	0.0	0.0	150549.0	0.2	0.0	0.0
202312	017000000	21	広告宣伝費	0.0	0.0	0.0	0.0	0.0	0.0
202312	017000000	22	交際費	0.0	0.0	105236.0	0.1	0.0	0.0
202312	017000000	23	地代家賃	0.0	0.0	443446.0	0.6	0.0	0.0
202312	017000000	24	修繕費	0.0	0.0	345729.0	0.5	0.0	0.0
202312	017000000	25	リース料	0.0	0.0	582668.0	0.9	0.0	0.0
202312	017000000	26	保険料	0.0	0.0	630180.0	0.9	0.0	0.0
202312	017000000	27	支払報酬	0.0	0.0	0.0	0.0	0.0	0.0
202312	017000000	28	支払手数料	0.0	0.0	447116.0	0.6	0.0	0.0
202312	017000000	29	諸会費	0.0	0.0	71000.0	0.1	0.0	0.0
202312	017000000	30	会議費	0.0	0.0	50797.0	0.0	0.0	0.0
202312	017000000	31	寄付金	0.0	0.0	0.0	0.0	0.0	0.0
202312	017000000	32	租税公課	0.0	0.0	70000.0	0.1	0.0	0.0
202312	017000000	33	貸倒引当金繰入額	0.0	0.0	0.0	0.0	0.0	0.0
202312	017000000	34	雑費	0.0	0.0	5113.0	0.0	0.0	0.0
202312	017000000	35	調査研究費	0.0	0.0	0.0	0.0	0.0	0.0
202312	017000000	36	差引収益	0.0	0.0	9926955.0	15.4	0.0	0.0
202312	017000000	37	差引比率	0.0	0.0	15.4		0.0	0.0
202312	017000000	38	総時間	0.0	0.0	3285.75		0.0	0.0
202312	017000000	39	定時間	0.0	0.0	2892.0		0.0	0.0
202312	017000000	40	残業時間	0.0	0.0	380.0		0.0	0.0
202312	017000000	41	移動時間	0.0	0.0	13.75		0.0	0.0
202312	017000000	42	当月時間当り	0.0	0.0	3021.2		0.0	0.0
202312	017000000	43	人員	0.0	0.0	19.0		0.0	0.0
202401	017000000	1	総受注高	0.0	0.0	62166215.0		0.0	0.0
202401	017000000	2	総売上高	0.0	0.0	62166215.0		0.0	0.0
202401	017000000	3	農薬	0.0	0.0	7638870.0	12.2	0.0	0.0
202401	017000000	4	資材	0.0	0.0	19179754.0	30.8	0.0	0.0
202401	017000000	5	工事	0.0	0.0	35357810.0	56.8	0.0	0.0
202401	017000000	6	値引き他	0.0	0.0	-10219.0	0.0	0.0	0.0
202401	017000000	7	原価	0.0	0.0	53672234.0	86.3	0.0	0.0
202401	017000000	8	仕入高	0.0	0.0	50387552.0	81.0	0.0	0.0
202401	017000000	9	仕入割戻高	0.0	0.0	0.0	0.0	0.0	0.0
202401	017000000	10	外注加工費	0.0	0.0	3284682.0	5.2	0.0	0.0
202401	017000000	11	総収益	0.0	0.0	8493981.0	13.6	0.0	0.0
202401	017000000	12	経費合計	0.0	0.0	5269456.0	8.4	0.0	0.0
202401	017000000	13	減価償却費	0.0	0.0	650000.0	1.0	0.0	0.0
202401	017000000	14	車輛費	0.0	0.0	0.0	0.0	0.0	0.0
202401	017000000	15	旅費交通費	0.0	0.0	1060790.0	1.7	0.0	0.0
202401	017000000	16	発送配達費	0.0	0.0	15350.0	0.0	0.0	0.0
202401	017000000	17	通信費	0.0	0.0	72838.0	0.1	0.0	0.0
202401	017000000	18	水道光熱費	0.0	0.0	65467.0	0.1	0.0	0.0
202401	017000000	19	事務用品費	0.0	0.0	89337.0	0.1	0.0	0.0
202401	017000000	20	消耗品費	0.0	0.0	246365.0	0.3	0.0	0.0
202401	017000000	21	広告宣伝費	0.0	0.0	0.0	0.0	0.0	0.0
202401	017000000	22	交際費	0.0	0.0	249922.0	0.4	0.0	0.0
202401	017000000	23	地代家賃	0.0	0.0	442238.0	0.7	0.0	0.0
202401	017000000	24	修繕費	0.0	0.0	50200.0	0.0	0.0	0.0
202401	017000000	25	リース料	0.0	0.0	573568.0	0.9	0.0	0.0
202401	017000000	26	保険料	0.0	0.0	487020.0	0.7	0.0	0.0
202401	017000000	27	支払報酬	0.0	0.0	0.0	0.0	0.0	0.0
202401	017000000	28	支払手数料	0.0	0.0	462969.0	0.7	0.0	0.0
202401	017000000	29	諸会費	0.0	0.0	0.0	0.0	0.0	0.0
202401	017000000	30	会議費	0.0	0.0	12355.0	0.0	0.0	0.0
202401	017000000	31	寄付金	0.0	0.0	0.0	0.0	0.0	0.0
202401	017000000	32	租税公課	0.0	0.0	42000.0	0.0	0.0	0.0
202401	017000000	33	貸倒引当金繰入額	0.0	0.0	0.0	0.0	0.0	0.0
202401	017000000	34	雑費	0.0	0.0	34613.0	0.0	0.0	0.0
202401	017000000	35	調査研究費	0.0	0.0	0.0	0.0	0.0	0.0
202401	017000000	36	差引収益	0.0	0.0	3224525.0	5.1	0.0	0.0
202401	017000000	37	差引比率	0.0	0.0	5.1		0.0	0.0
202401	017000000	38	総時間	0.0	0.0	3111.25		0.0	0.0
202401	017000000	39	定時間	0.0	0.0	2715.0		0.0	0.0
202401	017000000	40	残業時間	0.0	0.0	380.0		0.0	0.0
202401	017000000	41	移動時間	0.0	0.0	16.25		0.0	0.0
202401	017000000	42	当月時間当り	0.0	0.0	1036.4		0.0	0.0
202401	017000000	43	人員	0.0	0.0	19.0		0.0	0.0
202402	017000000	1	総受注高	0.0	0.0	38422473.0		0.0	0.0
202402	017000000	2	総売上高	0.0	0.0	38422473.0		0.0	0.0
202402	017000000	3	農薬	0.0	0.0	19396977.0	50.4	0.0	0.0
202402	017000000	4	資材	0.0	0.0	9235367.0	24.0	0.0	0.0
202402	017000000	5	工事	0.0	0.0	9846200.0	25.6	0.0	0.0
202402	017000000	6	値引き他	0.0	0.0	-56071.0	0.0	0.0	0.0
202402	017000000	7	原価	0.0	0.0	29767325.0	77.4	0.0	0.0
202402	017000000	8	仕入高	0.0	0.0	27871125.0	72.5	0.0	0.0
202402	017000000	9	仕入割戻高	0.0	0.0	0.0	0.0	0.0	0.0
202402	017000000	10	外注加工費	0.0	0.0	1896200.0	4.9	0.0	0.0
202402	017000000	11	総収益	0.0	0.0	8655148.0	22.5	0.0	0.0
202402	017000000	12	経費合計	0.0	0.0	4195005.0	10.9	0.0	0.0
202402	017000000	13	減価償却費	0.0	0.0	650000.0	1.6	0.0	0.0
202402	017000000	14	車輛費	0.0	0.0	0.0	0.0	0.0	0.0
202402	017000000	15	旅費交通費	0.0	0.0	238158.0	0.6	0.0	0.0
202402	017000000	16	発送配達費	0.0	0.0	6070.0	0.0	0.0	0.0
202402	017000000	17	通信費	0.0	0.0	61318.0	0.1	0.0	0.0
202402	017000000	18	水道光熱費	0.0	0.0	89457.0	0.2	0.0	0.0
202402	017000000	19	事務用品費	0.0	0.0	140000.0	0.3	0.0	0.0
202402	017000000	20	消耗品費	0.0	0.0	184230.0	0.4	0.0	0.0
202402	017000000	21	広告宣伝費	0.0	0.0	0.0	0.0	0.0	0.0
202402	017000000	22	交際費	0.0	0.0	16439.0	0.0	0.0	0.0
202402	017000000	23	地代家賃	0.0	0.0	443747.0	1.1	0.0	0.0
202402	017000000	24	修繕費	0.0	0.0	35000.0	0.0	0.0	0.0
202402	017000000	25	リース料	0.0	0.0	550868.0	1.4	0.0	0.0
202402	017000000	26	保険料	0.0	0.0	487020.0	1.2	0.0	0.0
202402	017000000	27	支払報酬	0.0	0.0	0.0	0.0	0.0	0.0
202402	017000000	28	支払手数料	0.0	0.0	396261.0	1.0	0.0	0.0
202402	017000000	29	諸会費	0.0	0.0	12000.0	0.0	0.0	0.0
202402	017000000	30	会議費	0.0	0.0	22882.0	0.0	0.0	0.0
202402	017000000	31	寄付金	0.0	0.0	0.0	0.0	0.0	0.0
202402	017000000	32	租税公課	0.0	0.0	1200.0	0.0	0.0	0.0
202402	017000000	33	貸倒引当金繰入額	0.0	0.0	0.0	0.0	0.0	0.0
202402	017000000	34	雑費	0.0	0.0	18193.0	0.0	0.0	0.0
202402	017000000	35	調査研究費	0.0	0.0	9715.0	0.0	0.0	0.0
202402	017000000	36	差引収益	0.0	0.0	4460143.0	11.6	0.0	0.0
202402	017000000	37	差引比率	0.0	0.0	11.6		0.0	0.0
202402	017000000	38	総時間	0.0	0.0	3252.25		0.0	0.0
202402	017000000	39	定時間	0.0	0.0	2851.5		0.0	0.0
202402	017000000	40	残業時間	0.0	0.0	380.0		0.0	0.0
202402	017000000	41	移動時間	0.0	0.0	20.75		0.0	0.0
202402	017000000	42	当月時間当り	0.0	0.0	1371.4		0.0	0.0
202402	017000000	43	人員	0.0	0.0	19.0		0.0	0.0
202403	017000000	1	総受注高	0.0	0.0	116060906.0		0.0	0.0
202403	017000000	2	総売上高	0.0	0.0	116060906.0		0.0	0.0
202403	017000000	3	農薬	0.0	0.0	20071918.0	17.2	0.0	0.0
202403	017000000	4	資材	0.0	0.0	18696262.0	16.1	0.0	0.0
202403	017000000	5	工事	0.0	0.0	77063377.0	66.3	0.0	0.0
202403	017000000	6	値引き他	0.0	0.0	229349.0	0.1	0.0	0.0
202403	017000000	7	原価	0.0	0.0	86051077.0	74.1	0.0	0.0
202403	017000000	8	仕入高	0.0	0.0	81196889.0	69.9	0.0	0.0
202403	017000000	9	仕入割戻高	0.0	0.0	0.0	0.0	0.0	0.0
202403	017000000	10	外注加工費	0.0	0.0	4854188.0	4.1	0.0	0.0
202403	017000000	11	総収益	0.0	0.0	30009829.0	25.8	0.0	0.0
202403	017000000	12	経費合計	0.0	0.0	4048292.0	3.4	0.0	0.0
202403	017000000	13	減価償却費	0.0	0.0	652137.0	0.5	0.0	0.0
202403	017000000	14	車輛費	0.0	0.0	0.0	0.0	0.0	0.0
202403	017000000	15	旅費交通費	0.0	0.0	233748.0	0.2	0.0	0.0
202403	017000000	16	発送配達費	0.0	0.0	28750.0	0.0	0.0	0.0
202403	017000000	17	通信費	0.0	0.0	62008.0	0.0	0.0	0.0
202403	017000000	18	水道光熱費	0.0	0.0	77003.0	0.0	0.0	0.0
202403	017000000	19	事務用品費	0.0	0.0	112453.0	0.0	0.0	0.0
202403	017000000	20	消耗品費	0.0	0.0	124778.0	0.1	0.0	0.0
202403	017000000	21	広告宣伝費	0.0	0.0	0.0	0.0	0.0	0.0
202403	017000000	22	交際費	0.0	0.0	-91711.0	0.0	0.0	0.0
202403	017000000	23	地代家賃	0.0	0.0	450798.0	0.3	0.0	0.0
202403	017000000	24	修繕費	0.0	0.0	261454.0	0.2	0.0	0.0
202403	017000000	25	リース料	0.0	0.0	559868.0	0.4	0.0	0.0
202403	017000000	26	保険料	0.0	0.0	536080.0	0.4	0.0	0.0
202403	017000000	27	支払報酬	0.0	0.0	0.0	0.0	0.0	0.0
202403	017000000	28	支払手数料	0.0	0.0	176553.0	0.1	0.0	0.0
202403	017000000	29	諸会費	0.0	0.0	0.0	0.0	0.0	0.0
202403	017000000	30	会議費	0.0	0.0	12465.0	0.0	0.0	0.0
202403	017000000	31	寄付金	0.0	0.0	0.0	0.0	0.0	0.0
202403	017000000	32	租税公課	0.0	0.0	20500.0	0.0	0.0	0.0
202403	017000000	33	貸倒引当金繰入額	0.0	0.0	0.0	0.0	0.0	0.0
202403	017000000	34	雑費	0.0	0.0	8924.0	0.0	0.0	0.0
202403	017000000	35	調査研究費	0.0	0.0	0.0	0.0	0.0	0.0
202403	017000000	36	差引収益	0.0	0.0	25961537.0	22.3	0.0	0.0
202403	017000000	37	差引比率	0.0	0.0	22.3		0.0	0.0
202403	017000000	38	総時間	0.0	0.0	3406.75		0.0	0.0
202403	017000000	39	定時間	0.0	0.0	3009.0		0.0	0.0
202403	017000000	40	残業時間	0.0	0.0	380.0		0.0	0.0
202403	017000000	41	移動時間	0.0	0.0	17.75		0.0	0.0
202403	017000000	42	当月時間当り	0.0	0.0	7620.6		0.0	0.0
202403	017000000	43	人員	0.0	0.0	19.0		0.0	0.0
202404	017000000	1	総受注高	0.0	50000000.0	41868949.0		83.7	0.0
202404	017000000	2	総売上高	0.0	50000000.0	41868949.0		83.7	0.0
202404	017000000	3	農薬	0.0	5000000.0	8821153.0	21.0	176.4	0.0
202404	017000000	4	資材	0.0	20000000.0	15319873.0	36.5	76.5	0.0
202404	017000000	5	工事	0.0	25000000.0	17667320.0	42.1	70.6	0.0
202404	017000000	6	値引き他	0.0	0.0	60603.0	0.1	0.0	0.0
202404	017000000	7	原価	0.0	40000000.0	32483012.0	77.5	81.2	0.0
202404	017000000	8	仕入高	0.0	25000000.0	27802170.0	66.4	111.2	0.0
202404	017000000	9	仕入割戻高	0.0	0.0	0.0	0.0	0.0	0.0
202404	017000000	10	外注加工費	0.0	15000000.0	4680842.0	11.1	31.2	0.0
202404	017000000	11	総収益	0.0	10000000.0	9385937.0	22.4	93.8	0.0
202404	017000000	12	経費合計	0.0	2855000.0	5346394.0	12.7	187.2	0.0
202404	017000000	13	減価償却費	0.0	500000.0	520000.0	1.2	104.0	0.0
202404	017000000	14	車輛費	0.0	0.0	0.0	0.0	0.0	0.0
202404	017000000	15	旅費交通費	0.0	500000.0	743815.0	1.7	148.7	0.0
202404	017000000	16	発送配達費	0.0	20000.0	9220.0	0.0	46.1	0.0
202404	017000000	17	通信費	0.0	100000.0	101742.0	0.2	101.7	0.0
202404	017000000	18	水道光熱費	0.0	20000.0	133413.0	0.3	667.0	0.0
202404	017000000	19	事務用品費	0.0	30000.0	84518.0	0.2	281.7	0.0
202404	017000000	20	消耗品費	0.0	20000.0	326917.0	0.7		0.0
202404	017000000	21	広告宣伝費	0.0	1000.0	0.0	0.0	0.0	0.0
202404	017000000	22	交際費	0.0	20000.0	112847.0	0.2	564.2	0.0
202404	017000000	23	地代家賃	0.0	200000.0	451462.0	1.0	225.7	0.0
202404	017000000	24	修繕費	0.0	100000.0	102616.0	0.2	102.6	0.0
202404	017000000	25	リース料	0.0	200000.0	611868.0	1.4	305.9	0.0
202404	017000000	26	保険料	0.0	200000.0	457220.0	1.0	228.6	0.0
202404	017000000	27	支払報酬	0.0	0.0	0.0	0.0	0.0	0.0
202404	017000000	28	支払手数料	0.0	500000.0	247812.0	0.5	49.5	0.0
202404	017000000	29	諸会費	0.0	1000.0	152000.0	0.3		0.0
202404	017000000	30	会議費	0.0	1000.0	13530.0	0.0		0.0
202404	017000000	31	寄付金	0.0	0.0	0.0	0.0	0.0	0.0
202404	017000000	32	租税公課	0.0	20000.0	714600.0	1.7		0.0
202404	017000000	33	貸倒引当金繰入額	0.0	0.0	0.0	0.0	0.0	0.0
202404	017000000	34	雑費	0.0	2000.0	12485.0	0.0	624.2	0.0
202404	017000000	35	調査研究費	0.0	0.0	0.0	0.0	0.0	0.0
202404	017000000	36	差引収益	0.0	7145000.0	4039543.0	9.6	56.5	0.0
202404	017000000	37	差引比率	0.0	14.2	9.6		67.6	0.0
202404	017000000	38	総時間	0.0	1800.0	3532.0		196.2	0.0
202404	017000000	39	定時間	0.0	1600.0	3152.0		197.0	0.0
202404	017000000	40	残業時間	0.0	200.0	380.0		190.0	0.0
202404	017000000	41	移動時間	0.0	0.0	0.0		0.0	0.0
202404	017000000	42	当月時間当り	0.0	3969.4	1143.6		28.8	0.0
202404	017000000	43	人員	0.0	20.0	20.0		100.0	0.0
202405	017000000	1	総受注高	0.0	1000000.0	32151699.0			0.0
202405	017000000	2	総売上高	0.0	1000000.0	32151699.0			0.0
202405	017000000	3	農薬	0.0	300000.0	7784208.0	24.2		0.0
202405	017000000	4	資材	0.0	300000.0	11293591.0	35.1		0.0
202405	017000000	5	工事	0.0	400000.0	13085634.0	40.6		0.0
202405	017000000	6	値引き他	0.0	0.0	-11734.0	0.0	0.0	0.0
202405	017000000	7	原価	0.0	700000.0	24850916.0	77.2		0.0
202405	017000000	8	仕入高	0.0	500000.0	20856986.0	64.8		0.0
202405	017000000	9	仕入割戻高	0.0	0.0	0.0	0.0	0.0	0.0
202405	017000000	10	外注加工費	0.0	200000.0	3993930.0	12.4		0.0
202405	017000000	11	総収益	0.0	300000.0	7300783.0	22.7		0.0
202405	017000000	12	経費合計	0.0	24067.0	4841067.0	15.0		0.0
202405	017000000	13	減価償却費	0.0	3.0	520000.0	1.6		0.0
202405	017000000	14	車輛費	0.0	0.0	0.0	0.0	0.0	0.0
202405	017000000	15	旅費交通費	0.0	20000.0	465094.0	1.4		0.0
202405	017000000	16	発送配達費	0.0	3.0	16750.0	0.0		0.0
202405	017000000	17	通信費	0.0	3000.0	59065.0	0.1		0.0
202405	017000000	18	水道光熱費	0.0	3.0	14173.0	0.0		0.0
202405	017000000	19	事務用品費	0.0	3.0	94867.0	0.2		0.0
202405	017000000	20	消耗品費	0.0	3.0	260065.0	0.8		0.0
202405	017000000	21	広告宣伝費	0.0	3.0	0.0	0.0	0.0	0.0
202405	017000000	22	交際費	0.0	1000.0	61304.0	0.1		0.0
202405	017000000	23	地代家賃	0.0	7.0	510622.0	1.5		0.0
202405	017000000	24	修繕費	0.0	3.0	160500.0	0.4		0.0
202405	017000000	25	リース料	0.0	3.0	657868.0	2.0		0.0
202405	017000000	26	保険料	0.0	3.0	484920.0	1.5		0.0
202405	017000000	27	支払報酬	0.0	0.0	0.0	0.0	0.0	0.0
202405	017000000	28	支払手数料	0.0	3.0	449696.0	1.3		0.0
202405	017000000	29	諸会費	0.0	3.0	56700.0	0.1		0.0
202405	017000000	30	会議費	0.0	3.0	1455.0	0.0		0.0
202405	017000000	31	寄付金	0.0	3.0	0.0	0.0	0.0	0.0
202405	017000000	32	租税公課	0.0	3.0	17200.0	0.0		0.0
202405	017000000	33	貸倒引当金繰入額	0.0	3.0	0.0	0.0	0.0	0.0
202405	017000000	34	雑費	0.0	3.0	19731.0	0.0		0.0
202405	017000000	35	調査研究費	0.0	3.0	36273.0	0.1		0.0
202405	017000000	36	差引収益	0.0	275933.0	2459716.0	7.6	891.4	0.0
202405	017000000	37	差引比率	0.0	27.5	7.6		27.6	0.0
202405	017000000	38	総時間	0.0	12.0	3381.0			0.0
202405	017000000	39	定時間	0.0	10.0	3001.0			0.0
202405	017000000	40	残業時間	0.0	1.0	380.0			0.0
202405	017000000	41	移動時間	0.0	1.0	0.0		0.0	0.0
202405	017000000	42	当月時間当り	0.0	22994.4	727.5		3.1	0.0
202405	017000000	43	人員	0.0	3.0	20.0		666.6	0.0
202406	017000000	1	総受注高	0.0	0.0	30194765.0		0.0	0.0
202406	017000000	2	総売上高	0.0	0.0	30194765.0		0.0	0.0
202406	017000000	3	農薬	0.0	0.0	3837980.0	12.7	0.0	0.0
202406	017000000	4	資材	0.0	0.0	14349163.0	47.5	0.0	0.0
202406	017000000	5	工事	0.0	0.0	12023037.0	39.8	0.0	0.0
202406	017000000	6	値引き他	0.0	0.0	-15415.0	0.0	0.0	0.0
202406	017000000	7	原価	0.0	0.0	23367458.0	77.3	0.0	0.0
202406	017000000	8	仕入高	0.0	0.0	21043136.0	69.6	0.0	0.0
202406	017000000	9	仕入割戻高	0.0	0.0	0.0	0.0	0.0	0.0
202406	017000000	10	外注加工費	0.0	0.0	2324322.0	7.6	0.0	0.0
202406	017000000	11	総収益	0.0	0.0	6827307.0	22.6	0.0	0.0
202406	017000000	12	経費合計	0.0	0.0	3808772.0	12.6	0.0	0.0
202406	017000000	13	減価償却費	0.0	0.0	520000.0	1.7	0.0	0.0
202406	017000000	14	車輛費	0.0	0.0	0.0	0.0	0.0	0.0
202406	017000000	15	旅費交通費	0.0	0.0	15336.0	0.0	0.0	0.0
202406	017000000	16	発送配達費	0.0	0.0	34170.0	0.1	0.0	0.0
202406	017000000	17	通信費	0.0	0.0	50535.0	0.1	0.0	0.0
202406	017000000	18	水道光熱費	0.0	0.0	102602.0	0.3	0.0	0.0
202406	017000000	19	事務用品費	0.0	0.0	82760.0	0.2	0.0	0.0
202406	017000000	20	消耗品費	0.0	0.0	277207.0	0.9	0.0	0.0
202406	017000000	21	広告宣伝費	0.0	0.0	50000.0	0.1	0.0	0.0
202406	017000000	22	交際費	0.0	0.0	85707.0	0.2	0.0	0.0
202406	017000000	23	地代家賃	0.0	0.0	474600.0	1.5	0.0	0.0
202406	017000000	24	修繕費	0.0	0.0	177473.0	0.5	0.0	0.0
202406	017000000	25	リース料	0.0	0.0	563023.0	1.8	0.0	0.0
202406	017000000	26	保険料	0.0	0.0	499920.0	1.6	0.0	0.0
202406	017000000	27	支払報酬	0.0	0.0	0.0	0.0	0.0	0.0
202406	017000000	28	支払手数料	0.0	0.0	241153.0	0.7	0.0	0.0
202406	017000000	29	諸会費	0.0	0.0	60100.0	0.1	0.0	0.0
202406	017000000	30	会議費	0.0	0.0	10207.0	0.0	0.0	0.0
202406	017000000	31	寄付金	0.0	0.0	0.0	0.0	0.0	0.0
202406	017000000	32	租税公課	0.0	0.0	27500.0	0.0	0.0	0.0
202406	017000000	33	貸倒引当金繰入額	0.0	0.0	0.0	0.0	0.0	0.0
202406	017000000	34	雑費	0.0	0.0	17268.0	0.0	0.0	0.0
202406	017000000	35	調査研究費	0.0	0.0	9715.0	0.0	0.0	0.0
202406	017000000	36	差引収益	0.0	0.0	3018535.0	9.9	0.0	0.0
202406	017000000	37	差引比率	0.0	0.0	9.9		0.0	0.0
202406	017000000	38	総時間	0.0	0.0	3550.0		0.0	0.0
202406	017000000	39	定時間	0.0	0.0	3170.0		0.0	0.0
202406	017000000	40	残業時間	0.0	0.0	380.0		0.0	0.0
202406	017000000	41	移動時間	0.0	0.0	0.0		0.0	0.0
202406	017000000	42	当月時間当り	0.0	0.0	850.2		0.0	0.0
202406	017000000	43	人員	0.0	0.0	20.0		0.0	0.0
202407	017000000	1	総受注高	0.0	0.0	81128124.0		0.0	0.0
202407	017000000	2	総売上高	0.0	0.0	81128124.0		0.0	0.0
202407	017000000	3	農薬	0.0	0.0	7416237.0	9.1	0.0	0.0
202407	017000000	4	資材	0.0	0.0	15285921.0	18.8	0.0	0.0
202407	017000000	5	工事	0.0	0.0	57621088.0	71.0	0.0	0.0
202407	017000000	6	値引き他	0.0	0.0	804878.0	0.9	0.0	0.0
202407	017000000	7	原価	0.0	0.0	64385031.0	79.3	0.0	0.0
202407	017000000	8	仕入高	0.0	0.0	59933281.0	73.8	0.0	0.0
202407	017000000	9	仕入割戻高	0.0	0.0	0.0	0.0	0.0	0.0
202407	017000000	10	外注加工費	0.0	0.0	4451750.0	5.4	0.0	0.0
202407	017000000	11	総収益	0.0	0.0	16743093.0	20.6	0.0	0.0
202407	017000000	12	経費合計	0.0	0.0	7396653.0	9.1	0.0	0.0
202407	017000000	13	減価償却費	0.0	0.0	520000.0	0.6	0.0	0.0
202407	017000000	14	車輛費	0.0	0.0	0.0	0.0	0.0	0.0
202407	017000000	15	旅費交通費	0.0	0.0	804155.0	0.9	0.0	0.0
202407	017000000	16	発送配達費	0.0	0.0	16320.0	0.0	0.0	0.0
202407	017000000	17	通信費	0.0	0.0	86061.0	0.1	0.0	0.0
202407	017000000	18	水道光熱費	0.0	0.0	132503.0	0.1	0.0	0.0
202407	017000000	19	事務用品費	0.0	0.0	115222.0	0.1	0.0	0.0
202407	017000000	20	消耗品費	0.0	0.0	172830.0	0.2	0.0	0.0
202407	017000000	21	広告宣伝費	0.0	0.0	25000.0	0.0	0.0	0.0
202407	017000000	22	交際費	0.0	0.0	64838.0	0.0	0.0	0.0
202407	017000000	23	地代家賃	0.0	0.0	451366.0	0.5	0.0	0.0
202407	017000000	24	修繕費	0.0	0.0	26509.0	0.0	0.0	0.0
202407	017000000	25	リース料	0.0	0.0	712168.0	0.8	0.0	0.0
202407	017000000	26	保険料	0.0	0.0	683580.0	0.8	0.0	0.0
202407	017000000	27	支払報酬	0.0	0.0	0.0	0.0	0.0	0.0
202407	017000000	28	支払手数料	0.0	0.0	239894.0	0.2	0.0	0.0
202407	017000000	29	諸会費	0.0	0.0	170000.0	0.2	0.0	0.0
202407	017000000	30	会議費	0.0	0.0	5000.0	0.0	0.0	0.0
202407	017000000	31	寄付金	0.0	0.0	0.0	0.0	0.0	0.0
202407	017000000	32	租税公課	0.0	0.0	47780.0	0.0	0.0	0.0
202407	017000000	33	貸倒引当金繰入額	0.0	0.0	0.0	0.0	0.0	0.0
202407	017000000	34	雑費	0.0	0.0	6991.0	0.0	0.0	0.0
202407	017000000	35	調査研究費	0.0	0.0	0.0	0.0	0.0	0.0
202407	017000000	36	差引収益	0.0	0.0	9346440.0	11.5	0.0	0.0
202407	017000000	37	差引比率	0.0	0.0	11.5		0.0	0.0
202407	017000000	38	総時間	0.0	0.0	3458.75		0.0	0.0
202407	017000000	39	定時間	0.0	0.0	2878.75		0.0	0.0
202407	017000000	40	残業時間	0.0	0.0	580.0		0.0	0.0
202407	017000000	41	移動時間	0.0	0.0	0.0		0.0	0.0
202407	017000000	42	当月時間当り	0.0	0.0	2702.2		0.0	0.0
202407	017000000	43	人員	0.0	0.0	21.0		0.0	0.0
202408	017000000	1	総受注高	0.0	112000000.0	104354059.0		93.1	0.0
202408	017000000	2	総売上高	0.0	112000000.0	104354059.0		93.1	0.0
202408	017000000	3	農薬	0.0	20000000.0	5515338.0	5.2	27.5	0.0
202408	017000000	4	資材	0.0	70000000.0	69788277.0	66.8	99.6	0.0
202408	017000000	5	工事	0.0	22000000.0	29099659.0	27.8	132.2	0.0
202408	017000000	6	値引き他	0.0	0.0	-49215.0	0.0	0.0	0.0
202408	017000000	7	原価	0.0	23080000.0	82551536.0	79.1	357.6	0.0
202408	017000000	8	仕入高	0.0	22080000.0	78727770.0	75.4	356.5	0.0
202408	017000000	9	仕入割戻高	0.0	0.0	0.0	0.0	0.0	0.0
202408	017000000	10	外注加工費	0.0	1000000.0	3823766.0	3.6	382.3	0.0
202408	017000000	11	総収益	0.0	88920000.0	21802523.0	20.8	24.5	0.0
202408	017000000	12	経費合計	0.0	11180000.0	4514190.0	4.3	40.3	0.0
202408	017000000	13	減価償却費	0.0	3000000.0	520000.0	0.4	17.3	0.0
202408	017000000	14	車輛費	0.0	0.0	0.0	0.0	0.0	0.0
202408	017000000	15	旅費交通費	0.0	250000.0	270308.0	0.2	108.1	0.0
202408	017000000	16	発送配達費	0.0	300000.0	21140.0	0.0	7.0	0.0
202408	017000000	17	通信費	0.0	100000.0	100958.0	0.0	100.9	0.0
202408	017000000	18	水道光熱費	0.0	200000.0	88048.0	0.0	44.0	0.0
202408	017000000	19	事務用品費	0.0	500000.0	83735.0	0.0	16.7	0.0
202408	017000000	20	消耗品費	0.0	1000000.0	134694.0	0.1	13.4	0.0
202408	017000000	21	広告宣伝費	0.0	50000.0	0.0	0.0	0.0	0.0
202408	017000000	22	交際費	0.0	100000.0	24962.0	0.0	24.9	0.0
202408	017000000	23	地代家賃	0.0	100000.0	450514.0	0.4	450.5	0.0
202408	017000000	24	修繕費	0.0	1000000.0	99182.0	0.0	9.9	0.0
202408	017000000	25	リース料	0.0	1200000.0	602768.0	0.5	50.2	0.0
202408	017000000	26	保険料	0.0	500000.0	550510.0	0.5	110.1	0.0
202408	017000000	27	支払報酬	0.0	0.0	0.0	0.0	0.0	0.0
202408	017000000	28	支払手数料	0.0	100000.0	248204.0	0.2	248.2	0.0
202408	017000000	29	諸会費	0.0	300000.0	0.0	0.0	0.0	0.0
202408	017000000	30	会議費	0.0	300000.0	30255.0	0.0	10.0	0.0
202408	017000000	31	寄付金	0.0	0.0	0.0	0.0	0.0	0.0
202408	017000000	32	租税公課	0.0	100000.0	129026.0	0.1	129.0	0.0
202408	017000000	33	貸倒引当金繰入額	0.0	0.0	0.0	0.0	0.0	0.0
202408	017000000	34	雑費	0.0	1000000.0	37900.0	0.0	3.7	0.0
202408	017000000	35	調査研究費	0.0	30000.0	0.0	0.0	0.0	0.0
202408	017000000	36	差引収益	0.0	77740000.0	17288333.0	16.5	22.2	0.0
202408	017000000	37	差引比率	0.0	69.4	16.5		23.7	0.0
202408	017000000	38	総時間	0.0	5200.0	2856.75		54.9	0.0
202408	017000000	39	定時間	0.0	4400.0	2312.0		52.5	0.0
202408	017000000	40	残業時間	0.0	800.0	544.75		68.0	0.0
202408	017000000	41	移動時間	0.0	0.0	0.0		0.0	0.0
202408	017000000	42	当月時間当り	0.0	14950.0	6051.7		40.4	0.0
202408	017000000	43	人員	0.0	22.0	21.0		95.4	0.0
202409	017000000	1	総受注高	0.0	0.0	60476864.0		0.0	0.0
202409	017000000	2	総売上高	0.0	0.0	60476864.0		0.0	0.0
202409	017000000	3	農薬	0.0	0.0	4589833.0	7.5	0.0	0.0
202409	017000000	4	資材	0.0	0.0	15132099.0	25.0	0.0	0.0
202409	017000000	5	工事	0.0	0.0	40784363.0	67.4	0.0	0.0
202409	017000000	6	値引き他	0.0	0.0	-29431.0	0.0	0.0	0.0
202409	017000000	7	原価	0.0	0.0	48263890.0	79.8	0.0	0.0
202409	017000000	8	仕入高	0.0	0.0	41897850.0	69.2	0.0	0.0
202409	017000000	9	仕入割戻高	0.0	0.0	0.0	0.0	0.0	0.0
202409	017000000	10	外注加工費	0.0	0.0	5989931.0	9.9	0.0	0.0
202409	017000000	11	総収益	0.0	0.0	12212974.0	20.1	0.0	0.0
202409	017000000	12	経費合計	0.0	0.0	5521436.0	9.1	0.0	0.0
202409	017000000	13	減価償却費	0.0	0.0	520000.0	0.8	0.0	0.0
202409	017000000	14	車輛費	0.0	0.0	0.0	0.0	0.0	0.0
202409	017000000	15	旅費交通費	0.0	0.0	666999.0	1.1	0.0	0.0
202409	017000000	16	発送配達費	0.0	0.0	8900.0	0.0	0.0	0.0
202409	017000000	17	通信費	0.0	0.0	44478.0	0.0	0.0	0.0
202409	017000000	18	水道光熱費	0.0	0.0	89967.0	0.1	0.0	0.0
202409	017000000	19	事務用品費	0.0	0.0	130616.0	0.2	0.0	0.0
202409	017000000	20	消耗品費	0.0	0.0	639238.0	1.0	0.0	0.0
202409	017000000	21	広告宣伝費	0.0	0.0	9273.0	0.0	0.0	0.0
202409	017000000	22	交際費	0.0	0.0	35153.0	0.0	0.0	0.0
202409	017000000	23	地代家賃	0.0	0.0	450607.0	0.7	0.0	0.0
202409	017000000	24	修繕費	0.0	0.0	174610.0	0.2	0.0	0.0
202409	017000000	25	リース料	0.0	0.0	602768.0	0.9	0.0	0.0
202409	017000000	26	保険料	0.0	0.0	560050.0	0.9	0.0	0.0
202409	017000000	27	支払報酬	0.0	0.0	0.0	0.0	0.0	0.0
202409	017000000	28	支払手数料	0.0	0.0	238173.0	0.3	0.0	0.0
202409	017000000	29	諸会費	0.0	0.0	0.0	0.0	0.0	0.0
202409	017000000	30	会議費	0.0	0.0	0.0	0.0	0.0	0.0
202409	017000000	31	寄付金	0.0	0.0	12500.0	0.0	0.0	0.0
202409	017000000	32	租税公課	0.0	0.0	19800.0	0.0	0.0	0.0
202409	017000000	33	貸倒引当金繰入額	0.0	0.0	0.0	0.0	0.0	0.0
202409	017000000	34	雑費	0.0	0.0	38927.0	0.0	0.0	0.0
202409	017000000	35	調査研究費	0.0	0.0	0.0	0.0	0.0	0.0
202409	017000000	36	差引収益	0.0	0.0	6691538.0	11.0	0.0	0.0
202409	017000000	37	差引比率	0.0	0.0	11.0		0.0	0.0
202409	017000000	38	総時間	0.0	0.0	2967.0		0.0	0.0
202409	017000000	39	定時間	0.0	0.0	2439.75		0.0	0.0
202409	017000000	40	残業時間	0.0	0.0	527.25		0.0	0.0
202409	017000000	41	移動時間	0.0	0.0	0.0		0.0	0.0
202409	017000000	42	当月時間当り	0.0	0.0	2255.3		0.0	0.0
202409	017000000	43	人員	0.0	0.0	20.0		0.0	0.0
202410	017000000	1	総受注高	0.0	10000.0	48110402.0			0.0
202410	017000000	2	総売上高	0.0	1150.0	48110402.0			0.0
202410	017000000	3	農薬	0.0	300.0	10610770.0	22.0		0.0
202410	017000000	4	資材	0.0	300.0	20019961.0	41.6		0.0
202410	017000000	5	工事	0.0	400.0	17485324.0	36.3		0.0
202410	017000000	6	値引き他	0.0	150.0	-5653.0	0.0	0.0	0.0
202410	017000000	7	原価	0.0	690.0	38277175.0	79.5		0.0
202410	017000000	8	仕入高	0.0	600.0	34940157.0	72.6		0.0
202410	017000000	9	仕入割戻高	0.0	50.0	0.0	0.0	0.0	0.0
202410	017000000	10	外注加工費	0.0	40.0	3337018.0	6.9		0.0
202410	017000000	11	総収益	0.0	460.0	9833227.0	20.4		0.0
202410	017000000	12	経費合計	0.0	351.0	4845884.0	10.0		0.0
202410	017000000	13	減価償却費	0.0	10.0	520000.0	1.0		0.0
202410	017000000	14	車輛費	0.0	0.0	0.0	0.0	0.0	0.0
202410	017000000	15	旅費交通費	0.0	20.0	389326.0	0.8		0.0
202410	017000000	16	発送配達費	0.0	10.0	44430.0	0.0		0.0
202410	017000000	17	通信費	0.0	30.0	67968.0	0.1		0.0
202410	017000000	18	水道光熱費	0.0	30.0	73769.0	0.1		0.0
202410	017000000	19	事務用品費	0.0	5.0	80445.0	0.1		0.0
202410	017000000	20	消耗品費	0.0	10.0	92028.0	0.1		0.0
202410	017000000	21	広告宣伝費	0.0	5.0	4636.0	0.0		0.0
202410	017000000	22	交際費	0.0	20.0	39535.0	0.0		0.0
202410	017000000	23	地代家賃	0.0	10.0	451597.0	0.9		0.0
202410	017000000	24	修繕費	0.0	50.0	15300.0	0.0		0.0
202410	017000000	25	リース料	0.0	5.0	564268.0	1.1		0.0
202410	017000000	26	保険料	0.0	50.0	529990.0	1.1		0.0
202410	017000000	27	支払報酬	0.0	0.0	0.0	0.0	0.0	0.0
202410	017000000	28	支払手数料	0.0	1.0	228627.0	0.4		0.0
202410	017000000	29	諸会費	0.0	0.0	52000.0	0.1	0.0	0.0
202410	017000000	30	会議費	0.0	5.0	0.0	0.0	0.0	0.0
202410	017000000	31	寄付金	0.0	5.0	0.0	0.0	0.0	0.0
202410	017000000	32	租税公課	0.0	10.0	87300.0	0.1		0.0
202410	017000000	33	貸倒引当金繰入額	0.0	10.0	0.0	0.0	0.0	0.0
202410	017000000	34	雑費	0.0	5.0	62664.0	0.1		0.0
202410	017000000	35	調査研究費	0.0	10.0	19024.0	0.0		0.0
202410	017000000	36	差引収益	0.0	109.0	4987343.0	10.3		0.0
202410	017000000	37	差引比率	0.0	9.4	10.3		109.5	0.0
202410	017000000	38	総時間	0.0	70.0	3807.5			0.0
202410	017000000	39	定時間	0.0	50.0	3214.25			0.0
202410	017000000	40	残業時間	0.0	20.0	593.25			0.0
202410	017000000	41	移動時間	0.0	0.0	0.0		0.0	0.0
202410	017000000	42	当月時間当り	0.0	1.5	1309.8			0.0
202410	017000000	43	人員	0.0	10.0	20.0		200.0	0.0
202411	017000000	1	総受注高	0.0	0.0	108847169.0		0.0	0.0
202411	017000000	2	総売上高	0.0	0.0	108847169.0		0.0	0.0
202411	017000000	3	農薬	0.0	0.0	5364268.0	4.9	0.0	0.0
202411	017000000	4	資材	0.0	0.0	28282499.0	25.9	0.0	0.0
202411	017000000	5	工事	0.0	0.0	75213813.0	69.1	0.0	0.0
202411	017000000	6	値引き他	0.0	0.0	-13411.0	0.0	0.0	0.0
202411	017000000	7	原価	0.0	0.0	87761615.0	80.6	0.0	0.0
202411	017000000	8	仕入高	0.0	0.0	84952900.0	78.0	0.0	0.0
202411	017000000	9	仕入割戻高	0.0	0.0	0.0	0.0	0.0	0.0
202411	017000000	10	外注加工費	0.0	0.0	2773442.0	2.5	0.0	0.0
202411	017000000	11	総収益	0.0	0.0	21085554.0	19.3	0.0	0.0
202411	017000000	12	経費合計	0.0	0.0	4549180.0	4.1	0.0	0.0
202411	017000000	13	減価償却費	0.0	0.0	520000.0	0.4	0.0	0.0
202411	017000000	14	車輛費	0.0	0.0	0.0	0.0	0.0	0.0
202411	017000000	15	旅費交通費	0.0	0.0	301699.0	0.2	0.0	0.0
202411	017000000	16	発送配達費	0.0	0.0	9180.0	0.0	0.0	0.0
202411	017000000	17	通信費	0.0	0.0	215619.0	0.1	0.0	0.0
202411	017000000	18	水道光熱費	0.0	0.0	62162.0	0.0	0.0	0.0
202411	017000000	19	事務用品費	0.0	0.0	98229.0	0.0	0.0	0.0
202411	017000000	20	消耗品費	0.0	0.0	203523.0	0.1	0.0	0.0
202411	017000000	21	広告宣伝費	0.0	0.0	18545.0	0.0	0.0	0.0
202411	017000000	22	交際費	0.0	0.0	33137.0	0.0	0.0	0.0
202411	017000000	23	地代家賃	0.0	0.0	451184.0	0.4	0.0	0.0
202411	017000000	24	修繕費	0.0	0.0	51969.0	0.0	0.0	0.0
202411	017000000	25	リース料	0.0	0.0	734068.0	0.6	0.0	0.0
202411	017000000	26	保険料	0.0	0.0	484930.0	0.4	0.0	0.0
202411	017000000	27	支払報酬	0.0	0.0	0.0	0.0	0.0	0.0
202411	017000000	28	支払手数料	0.0	0.0	108724.0	0.0	0.0	0.0
202411	017000000	29	諸会費	0.0	0.0	0.0	0.0	0.0	0.0
202411	017000000	30	会議費	0.0	0.0	25680.0	0.0	0.0	0.0
202411	017000000	31	寄付金	0.0	0.0	0.0	0.0	0.0	0.0
202411	017000000	32	租税公課	0.0	0.0	28300.0	0.0	0.0	0.0
202411	017000000	33	貸倒引当金繰入額	0.0	0.0	0.0	0.0	0.0	0.0
202411	017000000	34	雑費	0.0	0.0	40773.0	0.0	0.0	0.0
202411	017000000	35	調査研究費	0.0	0.0	0.0	0.0	0.0	0.0
202411	017000000	36	差引収益	0.0	0.0	16536374.0	15.1	0.0	0.0
202411	017000000	37	差引比率	0.0	0.0	15.1		0.0	0.0
202411	017000000	38	総時間	0.0	0.0	3399.0		0.0	0.0
202411	017000000	39	定時間	0.0	0.0	2800.0		0.0	0.0
202411	017000000	40	残業時間	0.0	0.0	599.0		0.0	0.0
202411	017000000	41	移動時間	0.0	0.0	0.0		0.0	0.0
202411	017000000	42	当月時間当り	0.0	0.0	4865.0		0.0	0.0
202411	017000000	43	人員	0.0	0.0	20.0		0.0	0.0
202412	017000000	1	総受注高	0.0	0.0	40328747.0		0.0	0.0
202412	017000000	2	総売上高	0.0	0.0	40328747.0		0.0	0.0
202412	017000000	3	農薬	0.0	0.0	5330120.0	13.2	0.0	0.0
202412	017000000	4	資材	0.0	0.0	15802237.0	39.1	0.0	0.0
202412	017000000	5	工事	0.0	0.0	19212867.0	47.6	0.0	0.0
202412	017000000	6	値引き他	0.0	0.0	-16477.0	0.0	0.0	0.0
202412	017000000	7	原価	0.0	0.0	32060991.0	79.4	0.0	0.0
202412	017000000	8	仕入高	0.0	0.0	23380976.0	57.9	0.0	0.0
202412	017000000	9	仕入割戻高	0.0	0.0	0.0	0.0	0.0	0.0
202412	017000000	10	外注加工費	0.0	0.0	8680015.0	21.5	0.0	0.0
202412	017000000	11	総収益	0.0	0.0	8267756.0	20.5	0.0	0.0
202412	017000000	12	経費合計	0.0	0.0	4066884.0	10.0	0.0	0.0
202412	017000000	13	減価償却費	0.0	0.0	520000.0	1.2	0.0	0.0
202412	017000000	14	車輛費	0.0	0.0	0.0	0.0	0.0	0.0
202412	017000000	15	旅費交通費	0.0	0.0	24709.0	0.0	0.0	0.0
202412	017000000	16	発送配達費	0.0	0.0	15726.0	0.0	0.0	0.0
202412	017000000	17	通信費	0.0	0.0	261812.0	0.6	0.0	0.0
202412	017000000	18	水道光熱費	0.0	0.0	3962.0	0.0	0.0	0.0
202412	017000000	19	事務用品費	0.0	0.0	103553.0	0.2	0.0	0.0
202412	017000000	20	消耗品費	0.0	0.0	86539.0	0.2	0.0	0.0
202412	017000000	21	広告宣伝費	0.0	0.0	149250.0	0.3	0.0	0.0
202412	017000000	22	交際費	0.0	0.0	113853.0	0.2	0.0	0.0
202412	017000000	23	地代家賃	0.0	0.0	450854.0	1.1	0.0	0.0
202412	017000000	24	修繕費	0.0	0.0	175439.0	0.4	0.0	0.0
202412	017000000	25	リース料	0.0	0.0	532768.0	1.3	0.0	0.0
202412	017000000	26	保険料	0.0	0.0	690630.0	1.7	0.0	0.0
202412	017000000	27	支払報酬	0.0	0.0	0.0	0.0	0.0	0.0
202412	017000000	28	支払手数料	0.0	0.0	96632.0	0.2	0.0	0.0
202412	017000000	29	諸会費	0.0	0.0	0.0	0.0	0.0	0.0
202412	017000000	30	会議費	0.0	0.0	3773.0	0.0	0.0	0.0
202412	017000000	31	寄付金	0.0	0.0	32000.0	0.0	0.0	0.0
202412	017000000	32	租税公課	0.0	0.0	21000.0	0.0	0.0	0.0
202412	017000000	33	貸倒引当金繰入額	0.0	0.0	0.0	0.0	0.0	0.0
202412	017000000	34	雑費	0.0	0.0	11003.0	0.0	0.0	0.0
202412	017000000	35	調査研究費	0.0	0.0	0.0	0.0	0.0	0.0
202412	017000000	36	差引収益	0.0	0.0	4200872.0	10.4	0.0	0.0
202412	017000000	37	差引比率	0.0	0.0	10.4		0.0	0.0
202412	017000000	38	総時間	0.0	0.0	3247.5		0.0	0.0
202412	017000000	39	定時間	0.0	0.0	2722.75		0.0	0.0
202412	017000000	40	残業時間	0.0	0.0	524.75		0.0	0.0
202412	017000000	41	移動時間	0.0	0.0	0.0		0.0	0.0
202412	017000000	42	当月時間当り	0.0	0.0	1293.5		0.0	0.0
202412	017000000	43	人員	0.0	0.0	19.0		0.0	0.0
202501	017000000	1	総受注高	0.0	51910000.0	61353964.0		118.1	0.0
202501	017000000	2	総売上高	0.0	51910000.0	61353964.0		118.1	0.0
202501	017000000	3	農薬	0.0	10000000.0	11019727.0	17.9	110.1	0.0
202501	017000000	4	資材	0.0	10000000.0	10085959.0	16.4	100.8	0.0
202501	017000000	5	工事	0.0	31910000.0	40063241.0	65.2	125.5	0.0
202501	017000000	6	値引き他	0.0	0.0	185037.0	0.3	0.0	0.0
202501	017000000	7	原価	0.0	42710000.0	49006819.0	79.8	114.7	0.0
202501	017000000	8	仕入高	0.0	38710000.0	46891293.0	76.4	121.1	0.0
202501	017000000	9	仕入割戻高	0.0	0.0	0.0	0.0	0.0	0.0
202501	017000000	10	外注加工費	0.0	4000000.0	2109135.0	3.4	52.7	0.0
202501	017000000	11	総収益	0.0	9200000.0	12347145.0	20.1	134.2	0.0
202501	017000000	12	経費合計	0.0	5190000.0	4696107.0	7.6	90.4	0.0
202501	017000000	13	減価償却費	0.0	520000.0	520000.0	0.8	100.0	0.0
202501	017000000	14	車輛費	0.0	0.0	0.0	0.0	0.0	0.0
202501	017000000	15	旅費交通費	0.0	350000.0	277885.0	0.4	79.3	0.0
202501	017000000	16	発送配達費	0.0	10000.0	4418.0	0.0	44.1	0.0
202501	017000000	17	通信費	0.0	257000.0	598740.0	0.9	232.9	0.0
202501	017000000	18	水道光熱費	0.0	82000.0	75346.0	0.1	91.8	0.0
202501	017000000	19	事務用品費	0.0	100000.0	88457.0	0.1	88.4	0.0
202501	017000000	20	消耗品費	0.0	200000.0	78888.0	0.1	39.4	0.0
202501	017000000	21	広告宣伝費	0.0	5000.0	0.0	0.0	0.0	0.0
202501	017000000	22	交際費	0.0	30000.0	94271.0	0.1	314.2	0.0
202501	017000000	23	地代家賃	0.0	451000.0	452504.0	0.7	100.3	0.0
202501	017000000	24	修繕費	0.0	100000.0	130418.0	0.2	130.4	0.0
202501	017000000	25	リース料	0.0	680000.0	588168.0	0.9	86.4	0.0
202501	017000000	26	保険料	0.0	493000.0	534470.0	0.8	108.4	0.0
202501	017000000	27	支払報酬	0.0	0.0	0.0	0.0	0.0	0.0
202501	017000000	28	支払手数料	0.0	657000.0	57836.0	0.0	8.8	0.0
202501	017000000	29	諸会費	0.0	20000.0	0.0	0.0	0.0	0.0
202501	017000000	30	会議費	0.0	10000.0	0.0	0.0	0.0	0.0
202501	017000000	31	寄付金	0.0	0.0	0.0	0.0	0.0	0.0
202501	017000000	32	租税公課	0.0	30000.0	3000.0	0.0	10.0	0.0
202501	017000000	33	貸倒引当金繰入額	0.0	0.0	0.0	0.0	0.0	0.0
202501	017000000	34	雑費	0.0	30000.0	63327.0	0.1	211.0	0.0
202501	017000000	35	調査研究費	0.0	0.0	0.0	0.0	0.0	0.0
202501	017000000	36	差引収益	0.0	4010000.0	7651038.0	12.4	190.7	0.0
202501	017000000	37	差引比率	0.0	7.7	12.4		161.0	0.0
202501	017000000	38	総時間	0.0	3300.0	3110.5		94.2	0.0
202501	017000000	39	定時間	0.0	2800.0	2653.0		94.7	0.0
202501	017000000	40	残業時間	0.0	500.0	457.5		91.5	0.0
202501	017000000	41	移動時間	0.0	0.0	0.0		0.0	0.0
202501	017000000	42	当月時間当り	0.0	1215.1	2459.7		202.4	0.0
202501	017000000	43	人員	0.0	21.0	20.0		95.2	0.0
202502	017000000	1	総受注高	0.0	57580000.0	54460656.0		94.5	0.0
202502	017000000	2	総売上高	0.0	57580000.0	50207352.0		87.1	0.0
202502	017000000	3	農薬	0.0	15000000.0	8497310.0	16.9	56.6	0.0
202502	017000000	4	資材	0.0	7580000.0	5510289.0	10.9	72.6	0.0
202502	017000000	5	工事	0.0	35000000.0	36226810.0	72.1	103.5	0.0
202502	017000000	6	値引き他	0.0	0.0	-27057.0	0.0	0.0	0.0
202502	017000000	7	原価	0.0	47460000.0	43299774.0	86.2	91.2	0.0
202502	017000000	8	仕入高	0.0	43460000.0	41401923.0	82.4	95.2	0.0
202502	017000000	9	仕入割戻高	0.0	0.0	0.0	0.0	0.0	0.0
202502	017000000	10	外注加工費	0.0	4000000.0	1883160.0	3.7	47.0	0.0
202502	017000000	11	総収益	0.0	10120000.0	6907578.0	13.7	68.2	0.0
202502	017000000	12	経費合計	0.0	5119000.0	5269169.0	10.4	102.9	0.0
202502	017000000	13	減価償却費	0.0	520000.0	520000.0	1.0	100.0	0.0
202502	017000000	14	車輛費	0.0	0.0	0.0	0.0	0.0	0.0
202502	017000000	15	旅費交通費	0.0	350000.0	190866.0	0.3	54.5	0.0
202502	017000000	16	発送配達費	0.0	10000.0	6230.0	0.0	62.3	0.0
202502	017000000	17	通信費	0.0	257000.0	250672.0	0.4	97.5	0.0
202502	017000000	18	水道光熱費	0.0	82000.0	83010.0	0.1	101.2	0.0
202502	017000000	19	事務用品費	0.0	100000.0	169915.0	0.3	169.9	0.0
202502	017000000	20	消耗品費	0.0	100000.0	128620.0	0.2	128.6	0.0
202502	017000000	21	広告宣伝費	0.0	5000.0	0.0	0.0	0.0	0.0
202502	017000000	22	交際費	0.0	30000.0	62420.0	0.1	208.0	0.0
202502	017000000	23	地代家賃	0.0	451000.0	451184.0	0.8	100.0	0.0
202502	017000000	24	修繕費	0.0	50000.0	871923.0	1.7		0.0
202502	017000000	25	リース料	0.0	680000.0	569368.0	1.1	83.7	0.0
202502	017000000	26	保険料	0.0	572000.0	549740.0	1.0	96.1	0.0
202502	017000000	27	支払報酬	0.0	0.0	0.0	0.0	0.0	0.0
202502	017000000	28	支払手数料	0.0	657000.0	56910.0	0.1	8.6	0.0
202502	017000000	29	諸会費	0.0	20000.0	8200.0	0.0	41.0	0.0
202502	017000000	30	会議費	0.0	10000.0	4514.0	0.0	45.1	0.0
202502	017000000	31	寄付金	0.0	0.0	0.0	0.0	0.0	0.0
202502	017000000	32	租税公課	0.0	30000.0	30600.0	0.0	102.0	0.0
202502	017000000	33	貸倒引当金繰入額	0.0	0.0	0.0	0.0	0.0	0.0
202502	017000000	34	雑費	0.0	30000.0	182977.0	0.3	609.9	0.0
202502	017000000	35	調査研究費	0.0	0.0	11481.0	0.0	0.0	0.0
202502	017000000	36	差引収益	0.0	5001000.0	1638409.0	3.2	32.7	0.0
202502	017000000	37	差引比率	0.0	8.6	3.2		37.2	0.0
202502	017000000	38	総時間	0.0	3230.0	2718.25		84.1	0.0
202502	017000000	39	定時間	0.0	2730.0	2187.0		80.1	0.0
202502	017000000	40	残業時間	0.0	500.0	531.25		106.2	0.0
202502	017000000	41	移動時間	0.0	0.0	0.0		0.0	0.0
202502	017000000	42	当月時間当り	0.0	1548.2	602.7		38.9	0.0
202502	017000000	43	人員	0.0	19.0	20.0		105.2	0.0
202503	017000000	1	総受注高	0.0	104760000.0	105740110.0		100.9	0.0
202503	017000000	2	総売上高	0.0	104760000.0	105740110.0		100.9	0.0
202503	017000000	3	農薬	0.0	18000000.0	21593972.0	20.4	119.9	0.0
202503	017000000	4	資材	0.0	22000000.0	13385882.0	12.6	60.8	0.0
202503	017000000	5	工事	0.0	64760000.0	71004304.0	67.1	109.6	0.0
202503	017000000	6	値引き他	0.0	0.0	-244048.0	0.0	0.0	0.0
202503	017000000	7	原価	0.0	88510000.0	85236826.0	80.6	96.3	0.0
202503	017000000	8	仕入高	0.0	85510000.0	82721259.0	78.2	96.7	0.0
202503	017000000	9	仕入割戻高	0.0	0.0	0.0	0.0	0.0	0.0
202503	017000000	10	外注加工費	0.0	3000000.0	2322840.0	2.1	77.4	0.0
202503	017000000	11	総収益	0.0	16250000.0	20503284.0	19.3	126.1	0.0
202503	017000000	12	経費合計	0.0	5384000.0	4647716.0	4.3	86.3	0.0
202503	017000000	13	減価償却費	0.0	520000.0	520000.0	0.4	100.0	0.0
202503	017000000	14	車輛費	0.0	0.0	0.0	0.0	0.0	0.0
202503	017000000	15	旅費交通費	0.0	420000.0	40499.0	0.0	9.6	0.0
202503	017000000	16	発送配達費	0.0	20000.0	4271.0	0.0	21.3	0.0
202503	017000000	17	通信費	0.0	257000.0	43956.0	0.0	17.1	0.0
202503	017000000	18	水道光熱費	0.0	60000.0	2000.0	0.0	3.3	0.0
202503	017000000	19	事務用品費	0.0	100000.0	91322.0	0.0	91.3	0.0
202503	017000000	20	消耗品費	0.0	220000.0	122656.0	0.1	55.7	0.0
202503	017000000	21	広告宣伝費	0.0	5000.0	0.0	0.0	0.0	0.0
202503	017000000	22	交際費	0.0	80000.0	17609.0	0.0	22.0	0.0
202503	017000000	23	地代家賃	0.0	452000.0	579864.0	0.5	128.2	0.0
202503	017000000	24	修繕費	0.0	100000.0	125339.0	0.1	125.3	0.0
202503	017000000	25	リース料	0.0	630000.0	664268.0	0.6	105.4	0.0
202503	017000000	26	保険料	0.0	500000.0	578240.0	0.5	115.6	0.0
202503	017000000	27	支払報酬	0.0	0.0	0.0	0.0	0.0	0.0
202503	017000000	28	支払手数料	0.0	60000.0	271393.0	0.2	452.3	0.0
202503	017000000	29	諸会費	0.0	10000.0	0.0	0.0	0.0	0.0
202503	017000000	30	会議費	0.0	20000.0	33632.0	0.0	168.1	0.0
202503	017000000	31	寄付金	0.0	0.0	0.0	0.0	0.0	0.0
202503	017000000	32	租税公課	0.0	30000.0	36300.0	0.0	121.0	0.0
202503	017000000	33	貸倒引当金繰入額	0.0	0.0	0.0	0.0	0.0	0.0
202503	017000000	34	雑費	0.0	40000.0	27356.0	0.0	68.3	0.0
202503	017000000	35	調査研究費	0.0	0.0	0.0	0.0	0.0	0.0
202503	017000000	36	差引収益	0.0	10866000.0	15855568.0	14.9	145.9	0.0
202503	017000000	37	差引比率	0.0	10.3	14.9		144.6	0.0
202503	017000000	38	総時間	0.0	3860.0	3087.5		79.9	0.0
202503	017000000	39	定時間	0.0	3360.0	2304.25		68.5	0.0
202503	017000000	40	残業時間	0.0	500.0	783.25		156.6	0.0
202503	017000000	41	移動時間	0.0	0.0	0.0		0.0	0.0
202503	017000000	42	当月時間当り	0.0	2815.0	5135.4		182.4	0.0
202503	017000000	43	人員	0.0	20.0	19.0		95.0	0.0
202504	017000000	1	総受注高	27000000.0	28000000.0	38766156.0		138.4	143.5
202504	017000000	2	総売上高	27000000.0	28000000.0	38766156.0		138.4	143.5
202504	017000000	3	農薬	10000000.0	10000000.0	7359091.0	18.9	73.5	73.5
202504	017000000	4	資材	12000000.0	13000000.0	12249627.0	31.5	94.2	102.0
202504	017000000	5	工事	5000000.0	5000000.0	19171944.0	49.4	383.4	383.4
202504	017000000	6	値引き他	0.0	0.0	-14506.0	0.0	0.0	0.0
202504	017000000	7	原価	21100000.0	21800000.0	31108577.0	80.2	142.6	147.4
202504	017000000	8	仕入高	17100000.0	17800000.0	25479201.0	65.7	143.1	149.0
202504	017000000	9	仕入割戻高	0.0	0.0	0.0	0.0	0.0	0.0
202504	017000000	10	外注加工費	4000000.0	4000000.0	5629376.0	14.5	140.7	140.7
202504	017000000	11	総収益	5900000.0	6200000.0	7657579.0	19.7	123.5	129.7
202504	017000000	12	経費合計	4684000.0	4490000.0	4601951.0	11.8	102.4	98.2
202504	017000000	13	減価償却費	450000.0	450000.0	450000.0	1.1	100.0	100.0
202504	017000000	14	車輛費	1609000.0	1609000.0	1181056.0	3.0	73.4	73.4
202504	017000000	15	旅費交通費	330000.0	260000.0	169418.0	0.4	65.1	51.3
202504	017000000	16	発送配達費	20000.0	10000.0	14780.0	0.0	147.8	73.9
202504	017000000	17	通信費	82000.0	82000.0	69173.0	0.1	84.3	84.3
202504	017000000	18	水道光熱費	80000.0	80000.0	146570.0	0.3	183.2	183.2
202504	017000000	19	事務用品費	28000.0	28000.0	97519.0	0.2	348.2	348.2
202504	017000000	20	消耗品費	50000.0	40000.0	21736.0	0.0	54.3	43.4
202504	017000000	21	広告宣伝費	10000.0	0.0	0.0	0.0	0.0	0.0
202504	017000000	22	交際費	70000.0	30000.0	29615.0	0.0	98.7	42.3
202504	017000000	23	地代家賃	473000.0	473000.0	580194.0	1.4	122.6	122.6
202504	017000000	24	修繕費	5000.0	5000.0	0.0	0.0	0.0	0.0
202504	017000000	25	リース料	39000.0	39000.0	138700.0	0.3	355.6	355.6
202504	017000000	26	保険料	316000.0	316000.0	109510.0	0.2	34.6	34.6
202504	017000000	27	支払報酬	464000.0	464000.0	582091.0	1.5	125.4	125.4
202504	017000000	28	支払手数料	360000.0	360000.0	306391.0	0.7	85.1	85.1
202504	017000000	29	諸会費	63000.0	9000.0	69000.0	0.1	766.6	109.5
202504	017000000	30	会議費	5000.0	5000.0	6190.0	0.0	123.8	123.8
202504	017000000	31	寄付金	0.0	0.0	0.0	0.0	0.0	0.0
202504	017000000	32	租税公課	40000.0	40000.0	611800.0	1.5		
202504	017000000	33	貸倒引当金繰入額	0.0	0.0	0.0	0.0	0.0	0.0
202504	017000000	34	雑費	160000.0	160000.0	18208.0	0.0	11.3	11.3
202504	017000000	35	調査研究費	30000.0	30000.0	0.0	0.0	0.0	0.0
202504	017000000	36	差引収益	1216000.0	1710000.0	3055628.0	7.8	178.6	251.2
202504	017000000	37	差引比率	4.5	6.1	7.8		127.8	173.3
202504	017000000	38	総時間	2848.5	2815.5	2915.75		103.5	102.3
202504	017000000	39	定時間	2555.0	2486.0	2177.5		87.5	85.2
202504	017000000	40	残業時間	273.0	309.0	717.75		232.2	262.9
202504	017000000	41	移動時間	20.5	20.5	20.5		100.0	100.0
202504	017000000	42	当月時間当り	426.8	607.3	1047.9		172.5	245.5
202504	017000000	43	人員	16.0	16.0	16.0		100.0	100.0
202505	017000000	1	総受注高	30000000.0	34750000.0	54376551.0		156.4	181.2
202505	017000000	2	総売上高	30000000.0	34750000.0	54376551.0		156.4	181.2
202505	017000000	3	農薬	8000000.0	8000000.0	8451761.0	15.5	105.6	105.6
202505	017000000	4	資材	11200000.0	15950000.0	17169829.0	31.5	107.6	153.3
202505	017000000	5	工事	10800000.0	10800000.0	28765938.0	52.9	266.3	266.3
202505	017000000	6	値引き他	0.0	0.0	-10977.0	0.0	0.0	0.0
202505	017000000	7	原価	23620000.0	27300000.0	43399893.0	79.8	158.9	183.7
202505	017000000	8	仕入高	19620000.0	23300000.0	37627605.0	69.1	161.4	191.7
202505	017000000	9	仕入割戻高	0.0	0.0	0.0	0.0	0.0	0.0
202505	017000000	10	外注加工費	4000000.0	4000000.0	5772288.0	10.6	144.3	144.3
202505	017000000	11	総収益	6380000.0	7450000.0	10976658.0	20.1	147.3	172.0
202505	017000000	12	経費合計	5252000.0	5176000.0	4536016.0	8.3	87.6	86.3
202505	017000000	13	減価償却費	450000.0	450000.0	450000.0	0.8	100.0	100.0
202505	017000000	14	車輛費	1559000.0	1559000.0	1493041.0	2.7	95.7	95.7
202505	017000000	15	旅費交通費	330000.0	260000.0	341309.0	0.6	131.2	103.4
202505	017000000	16	発送配達費	20000.0	10000.0	23651.0	0.0	236.5	118.2
202505	017000000	17	通信費	82000.0	82000.0	46042.0	0.0	56.1	56.1
202505	017000000	18	水道光熱費	80000.0	80000.0	4043.0	0.0	5.0	5.0
202505	017000000	19	事務用品費	28000.0	28000.0	119396.0	0.2	426.4	426.4
202505	017000000	20	消耗品費	50000.0	40000.0	37030.0	0.0	92.5	74.0
202505	017000000	21	広告宣伝費	10000.0	0.0	0.0	0.0	0.0	0.0
202505	017000000	22	交際費	70000.0	30000.0	27746.0	0.0	92.4	39.6
202505	017000000	23	地代家賃	473000.0	533000.0	453464.0	0.8	85.0	95.8
202505	017000000	24	修繕費	5000.0	5000.0	0.0	0.0	0.0	0.0
202505	017000000	25	リース料	39000.0	39000.0	30500.0	0.0	78.2	78.2
202505	017000000	26	保険料	237000.0	237000.0	135720.0	0.2	57.2	57.2
202505	017000000	27	支払報酬	464000.0	519000.0	662091.0	1.2	127.5	142.6
202505	017000000	28	支払手数料	360000.0	360000.0	435038.0	0.8	120.8	120.8
202505	017000000	29	諸会費	60000.0	39000.0	139000.0	0.2	356.4	231.6
202505	017000000	30	会議費	5000.0	5000.0	3718.0	0.0	74.3	74.3
202505	017000000	31	寄付金	0.0	0.0	0.0	0.0	0.0	0.0
202505	017000000	32	租税公課	740000.0	740000.0	15000.0	0.0	2.0	2.0
202505	017000000	33	貸倒引当金繰入額	0.0	0.0	0.0	0.0	0.0	0.0
202505	017000000	34	雑費	160000.0	160000.0	119227.0	0.2	74.5	74.5
202505	017000000	35	調査研究費	30000.0	0.0	0.0	0.0	0.0	0.0
202505	017000000	36	差引収益	1128000.0	2274000.0	6440642.0	11.8	283.2	570.9
202505	017000000	37	差引比率	3.7	6.5	11.8		181.5	318.9
202505	017000000	38	総時間	2847.75	2636.75	2818.75		106.9	98.9
202505	017000000	39	定時間	2555.0	2310.0	2208.75		95.6	86.4
202505	017000000	40	残業時間	273.0	307.0	590.25		192.2	216.2
202505	017000000	41	移動時間	19.75	19.75	19.75		100.0	100.0
202505	017000000	42	当月時間当り	396.1	862.4	2284.9		264.9	576.8
202505	017000000	43	人員	16.0	16.0	16.0		100.0	100.0
202506	017000000	1	総受注高	44500000.0	44770000.0	36385336.0		81.2	81.7
202506	017000000	2	総売上高	44500000.0	44770000.0	36385336.0		81.2	81.7
202506	017000000	3	農薬	4000000.0	4000000.0	6054283.0	16.6	151.3	151.3
202506	017000000	4	資材	18000000.0	18000000.0	22049660.0	60.6	122.4	122.4
202506	017000000	5	工事	22500000.0	22770000.0	8309962.0	22.8	36.4	36.9
202506	017000000	6	値引き他	0.0	0.0	-28569.0	0.0	0.0	0.0
202506	017000000	7	原価	35430000.0	35340000.0	28913407.0	79.4	81.8	81.6
202506	017000000	8	仕入高	31430000.0	31340000.0	23778425.0	65.3	75.8	75.6
202506	017000000	9	仕入割戻高	0.0	0.0	0.0	0.0	0.0	0.0
202506	017000000	10	外注加工費	4000000.0	4000000.0	5134982.0	14.1	128.3	128.3
202506	017000000	11	総収益	9070000.0	9430000.0	7471929.0	20.5	79.2	82.3
202506	017000000	12	経費合計	4612000.0	4687000.0	4598832.0	12.6	98.1	99.7
202506	017000000	13	減価償却費	450000.0	450000.0	450000.0	1.2	100.0	100.0
202506	017000000	14	車輛費	1559000.0	1559000.0	1396889.0	3.8	89.6	89.6
202506	017000000	15	旅費交通費	330000.0	330000.0	224390.0	0.6	67.9	67.9
202506	017000000	16	発送配達費	20000.0	20000.0	15685.0	0.0	78.4	78.4
202506	017000000	17	通信費	82000.0	82000.0	98252.0	0.2	119.8	119.8
202506	017000000	18	水道光熱費	80000.0	80000.0	106021.0	0.2	132.5	132.5
202506	017000000	19	事務用品費	28000.0	28000.0	30214.0	0.0	107.9	107.9
202506	017000000	20	消耗品費	50000.0	50000.0	72439.0	0.1	144.8	144.8
202506	017000000	21	広告宣伝費	60000.0	60000.0	9273.0	0.0	15.4	15.4
202506	017000000	22	交際費	70000.0	70000.0	39410.0	0.1	56.3	56.3
202506	017000000	23	地代家賃	473000.0	533000.0	452474.0	1.2	84.8	95.6
202506	017000000	24	修繕費	5000.0	5000.0	0.0	0.0	0.0	0.0
202506	017000000	25	リース料	39000.0	39000.0	30500.0	0.0	78.2	78.2
202506	017000000	26	保険料	237000.0	237000.0	103010.0	0.2	43.4	43.4
202506	017000000	27	支払報酬	464000.0	499000.0	600091.0	1.6	120.2	129.3
202506	017000000	28	支払手数料	400000.0	400000.0	401250.0	1.1	100.3	100.3
202506	017000000	29	諸会費	30000.0	30000.0	69100.0	0.1	230.3	230.3
202506	017000000	30	会議費	5000.0	5000.0	1391.0	0.0	27.8	27.8
202506	017000000	31	寄付金	0.0	0.0	0.0	0.0	0.0	0.0
202506	017000000	32	租税公課	40000.0	40000.0	35490.0	0.0	88.7	88.7
202506	017000000	33	貸倒引当金繰入額	0.0	0.0	0.0	0.0	0.0	0.0
202506	017000000	34	雑費	160000.0	160000.0	451472.0	1.2	282.1	282.1
202506	017000000	35	調査研究費	30000.0	10000.0	11481.0	0.0	114.8	38.2
202506	017000000	36	差引収益	4458000.0	4743000.0	2873097.0	7.8	60.5	64.4
202506	017000000	37	差引比率	10.0	10.5	7.8		74.2	78.0
202506	017000000	38	総時間	2987.75	3030.75	3124.25		103.0	104.5
202506	017000000	39	定時間	2682.0	2692.0	2641.0		98.1	98.4
202506	017000000	40	残業時間	286.0	319.0	463.5		145.2	162.0
202506	017000000	41	移動時間	19.75	19.75	19.75		100.0	100.0
202506	017000000	42	当月時間当り	1492.0	1564.9	919.6		58.7	61.6
202506	017000000	43	人員	16.0	17.0	16.0		94.1	100.0
202507	017000000	1	総受注高	104500000.0	114100000.0	115591620.0		101.3	110.6
202507	017000000	2	総売上高	104500000.0	114100000.0	115591620.0		101.3	110.6
202507	017000000	3	農薬	8000000.0	11000000.0	7229908.0	6.2	65.7	90.3
202507	017000000	4	資材	16000000.0	20000000.0	20983106.0	18.1	104.9	131.1
202507	017000000	5	工事	80500000.0	83100000.0	87387742.0	75.6	105.1	108.5
202507	017000000	6	値引き他	0.0	0.0	-9136.0	0.0	0.0	0.0
202507	017000000	7	原価	83290000.0	89580000.0	92536948.0	80.0	103.3	111.1
202507	017000000	8	仕入高	79290000.0	85580000.0	89152606.0	77.1	104.1	112.4
202507	017000000	9	仕入割戻高	0.0	0.0	0.0	0.0	0.0	0.0
202507	017000000	10	外注加工費	4000000.0	4000000.0	3384342.0	2.9	84.6	84.6
202507	017000000	11	総収益	21210000.0	24520000.0	23054672.0	19.9	94.0	108.6
202507	017000000	12	経費合計	5653000.0	5728000.0	5678152.0	4.9	99.1	100.4
202507	017000000	13	減価償却費	450000.0	450000.0	450000.0	0.3	100.0	100.0
202507	017000000	14	車輛費	1559000.0	1559000.0	1535677.0	1.3	98.5	98.5
202507	017000000	15	旅費交通費	330000.0	330000.0	235690.0	0.2	71.4	71.4
202507	017000000	16	発送配達費	20000.0	20000.0	23572.0	0.0	117.8	117.8
202507	017000000	17	通信費	82000.0	82000.0	71764.0	0.0	87.5	87.5
202507	017000000	18	水道光熱費	80000.0	80000.0	135001.0	0.1	168.7	168.7
202507	017000000	19	事務用品費	28000.0	28000.0	25453.0	0.0	90.9	90.9
202507	017000000	20	消耗品費	50000.0	50000.0	171266.0	0.1	342.5	342.5
202507	017000000	21	広告宣伝費	10000.0	10000.0	27818.0	0.0	278.1	278.1
202507	017000000	22	交際費	70000.0	70000.0	87883.0	0.0	125.5	125.5
202507	017000000	23	地代家賃	473000.0	533000.0	513104.0	0.4	96.2	108.4
202507	017000000	24	修繕費	5000.0	5000.0	0.0	0.0	0.0	0.0
202507	017000000	25	リース料	39000.0	39000.0	30500.0	0.0	78.2	78.2
202507	017000000	26	保険料	438000.0	438000.0	106620.0	0.0	24.3	24.3
202507	017000000	27	支払報酬	1264000.0	1299000.0	1404976.0	1.2	108.1	111.1
202507	017000000	28	支払手数料	360000.0	360000.0	626718.0	0.5	174.0	174.0
202507	017000000	29	諸会費	160000.0	160000.0	28000.0	0.0	17.5	17.5
202507	017000000	30	会議費	5000.0	5000.0	2091.0	0.0	41.8	41.8
202507	017000000	31	寄付金	0.0	0.0	7500.0	0.0	0.0	0.0
202507	017000000	32	租税公課	40000.0	40000.0	15000.0	0.0	37.5	37.5
202507	017000000	33	貸倒引当金繰入額	0.0	0.0	0.0	0.0	0.0	0.0
202507	017000000	34	雑費	160000.0	160000.0	179519.0	0.1	112.1	112.1
202507	017000000	35	調査研究費	30000.0	10000.0	0.0	0.0	0.0	0.0
202507	017000000	36	差引収益	15557000.0	18792000.0	17376520.0	15.0	92.4	111.6
202507	017000000	37	差引比率	14.8	16.4	15.0		91.4	101.3
202507	017000000	38	総時間	3129.75	3021.75	3102.5		102.6	99.1
202507	017000000	39	定時間	2809.0	2714.0	2704.25		99.6	96.2
202507	017000000	40	残業時間	299.0	286.0	376.5		131.6	125.9
202507	017000000	41	移動時間	21.75	21.75	21.75		100.0	100.0
202507	017000000	42	当月時間当り	4970.6	6218.9	5600.8		90.0	112.6
202507	017000000	43	人員	16.0	17.0	18.0		105.8	112.5
202508	017000000	1	総受注高	71000000.0	58400000.0	64357888.0		110.2	90.6
202508	017000000	2	総売上高	71000000.0	58400000.0	64357888.0		110.2	90.6
202508	017000000	3	農薬	6000000.0	4000000.0	6239286.0	9.6	155.9	103.9
202508	017000000	4	資材	16000000.0	14000000.0	22400841.0	34.8	160.0	140.0
202508	017000000	5	工事	49000000.0	40400000.0	35723004.0	55.5	88.4	72.9
202508	017000000	6	値引き他	0.0	0.0	-5243.0	0.0	0.0	0.0
202508	017000000	7	原価	56500000.0	45800000.0	54438571.0	84.5	118.8	96.3
202508	017000000	8	仕入高	52500000.0	40800000.0	49174736.0	76.4	120.5	93.6
202508	017000000	9	仕入割戻高	0.0	0.0	0.0	0.0	0.0	0.0
202508	017000000	10	外注加工費	4000000.0	5000000.0	5263835.0	8.1	105.2	131.5
202508	017000000	11	総収益	14500000.0	12600000.0	9919317.0	15.4	78.7	68.4
202508	017000000	12	経費合計	4522000.0	4592000.0	4109416.0	6.3	89.4	90.8
202508	017000000	13	減価償却費	450000.0	450000.0	450000.0	0.6	100.0	100.0
202508	017000000	14	車輛費	1559000.0	1559000.0	1253126.0	1.9	80.3	80.3
202508	017000000	15	旅費交通費	330000.0	330000.0	300537.0	0.4	91.0	91.0
202508	017000000	16	発送配達費	20000.0	20000.0	16580.0	0.0	82.9	82.9
202508	017000000	17	通信費	82000.0	82000.0	45311.0	0.0	55.2	55.2
202508	017000000	18	水道光熱費	80000.0	80000.0	3800.0	0.0	4.7	4.7
202508	017000000	19	事務用品費	28000.0	28000.0	66208.0	0.1	236.4	236.4
202508	017000000	20	消耗品費	50000.0	50000.0	93909.0	0.1	187.8	187.8
202508	017000000	21	広告宣伝費	10000.0	10000.0	0.0	0.0	0.0	0.0
202508	017000000	22	交際費	70000.0	70000.0	43143.0	0.0	61.6	61.6
202508	017000000	23	地代家賃	473000.0	533000.0	513104.0	0.7	96.2	108.4
202508	017000000	24	修繕費	5000.0	0.0	50900.0	0.0	0.0	
202508	017000000	25	リース料	39000.0	39000.0	30500.0	0.0	78.2	78.2
202508	017000000	26	保険料	237000.0	237000.0	103010.0	0.1	43.4	43.4
202508	017000000	27	支払報酬	464000.0	499000.0	627091.0	0.9	125.6	135.1
202508	017000000	28	支払手数料	360000.0	360000.0	437477.0	0.6	121.5	121.5
202508	017000000	29	諸会費	30000.0	30000.0	0.0	0.0	0.0	0.0
202508	017000000	30	会議費	5000.0	5000.0	0.0	0.0	0.0	0.0
202508	017000000	31	寄付金	0.0	0.0	0.0	0.0	0.0	0.0
202508	017000000	32	租税公課	40000.0	40000.0	10000.0	0.0	25.0	25.0
202508	017000000	33	貸倒引当金繰入額	0.0	0.0	0.0	0.0	0.0	0.0
202508	017000000	34	雑費	160000.0	160000.0	64720.0	0.1	40.4	40.4
202508	017000000	35	調査研究費	30000.0	10000.0	0.0	0.0	0.0	0.0
202508	017000000	36	差引収益	9978000.0	8008000.0	5809901.0	9.0	72.5	58.2
202508	017000000	37	差引比率	14.0	13.7	9.0		65.6	64.2
202508	017000000	38	総時間	2144.0	2110.0	2320.75		109.9	108.2
202508	017000000	39	定時間	1920.0	1808.0	1819.5		100.6	94.7
202508	017000000	40	残業時間	208.0	286.0	485.25		169.6	233.2
202508	017000000	41	移動時間	16.0	16.0	16.0		100.0	100.0
202508	017000000	42	当月時間当り	4653.9	3795.2	2503.4		65.9	53.7
202508	017000000	43	人員	16.0	16.0	17.0		106.2	106.2
202509	017000000	1	総受注高	191000000.0	86000000.0	96251021.0		111.9	50.3
202509	017000000	2	総売上高	191000000.0	86000000.0	96251021.0		111.9	50.3
202509	017000000	3	農薬	5000000.0	5000000.0	8747184.0	9.0	174.9	174.9
202509	017000000	4	資材	17000000.0	15000000.0	18230686.0	18.9	121.5	107.2
202509	017000000	5	工事	169000000.0	66000000.0	69282048.0	71.9	104.9	40.9
202509	017000000	6	値引き他	0.0	0.0	-8897.0	0.0	0.0	0.0
202509	017000000	7	原価	156200000.0	74000000.0	77473947.0	80.4	104.6	49.5
202509	017000000	8	仕入高	152200000.0	69000000.0	71664031.0	74.4	103.8	47.0
202509	017000000	9	仕入割戻高	0.0	0.0	0.0	0.0	0.0	0.0
202509	017000000	10	外注加工費	4000000.0	5000000.0	5809916.0	6.0	116.1	145.2
202509	017000000	11	総収益	34800000.0	12000000.0	18777074.0	19.5	156.4	53.9
202509	017000000	12	経費合計	4575000.0	4638000.0	4539191.0	4.7	97.8	99.2
202509	017000000	13	減価償却費	450000.0	450000.0	450000.0	0.4	100.0	100.0
202509	017000000	14	車輛費	1559000.0	1559000.0	1328544.0	1.3	85.2	85.2
202509	017000000	15	旅費交通費	330000.0	330000.0	249249.0	0.2	75.5	75.5
202509	017000000	16	発送配達費	20000.0	20000.0	20920.0	0.0	104.6	104.6
202509	017000000	17	通信費	82000.0	82000.0	78017.0	0.0	95.1	95.1
202509	017000000	18	水道光熱費	80000.0	80000.0	79621.0	0.0	99.5	99.5
202509	017000000	19	事務用品費	28000.0	40000.0	0.0	0.0	0.0	0.0
202509	017000000	20	消耗品費	50000.0	50000.0	128972.0	0.1	257.9	257.9
202509	017000000	21	広告宣伝費	10000.0	0.0	0.0	0.0	0.0	0.0
202509	017000000	22	交際費	70000.0	50000.0	87779.0	0.0	175.5	125.3
202509	017000000	23	地代家賃	473000.0	533000.0	514531.0	0.5	96.5	108.7
202509	017000000	24	修繕費	5000.0	0.0	39938.0	0.0	0.0	798.7
202509	017000000	25	リース料	39000.0	39000.0	30500.0	0.0	78.2	78.2
202509	017000000	26	保険料	237000.0	237000.0	108010.0	0.1	45.5	45.5
202509	017000000	27	支払報酬	464000.0	530000.0	627091.0	0.6	118.3	135.1
202509	017000000	28	支払手数料	400000.0	360000.0	422323.0	0.4	117.3	105.5
202509	017000000	29	諸会費	30000.0	50000.0	0.0	0.0	0.0	0.0
202509	017000000	30	会議費	5000.0	5000.0	0.0	0.0	0.0	0.0
202509	017000000	31	寄付金	13000.0	13000.0	0.0	0.0	0.0	0.0
202509	017000000	32	租税公課	40000.0	40000.0	22000.0	0.0	55.0	55.0
202509	017000000	33	貸倒引当金繰入額	0.0	0.0	0.0	0.0	0.0	0.0
202509	017000000	34	雑費	160000.0	160000.0	342696.0	0.3	214.1	214.1
202509	017000000	35	調査研究費	30000.0	10000.0	9000.0	0.0	90.0	30.0
202509	017000000	36	差引収益	30225000.0	7362000.0	14237883.0	14.7	193.3	47.1
202509	017000000	37	差引比率	15.8	8.5	14.7		172.9	93.0
202509	017000000	38	総時間	2848.5	2704.5	2699.25		99.8	94.7
202509	017000000	39	定時間	2555.0	2398.0	2304.25		96.0	90.1
202509	017000000	40	残業時間	273.0	286.0	375.25		131.2	137.4
202509	017000000	41	移動時間	20.5	20.5	19.75		96.3	96.3
202509	017000000	42	当月時間当り	10610.8	2722.1	5274.7		193.7	49.7
202509	017000000	43	人員	16.0	16.0	14.0		87.5	87.5
202510	017000000	1	総受注高	81000000.0	70000000.0	82076275.0		117.2	101.3
202510	017000000	2	総売上高	81000000.0	70000000.0	82076275.0		117.2	101.3
202510	017000000	3	農薬	11000000.0	9000000.0	9118365.0	11.1	101.3	82.8
202510	017000000	4	資材	14000000.0	10000000.0	15565766.0	18.9	155.6	111.1
202510	017000000	5	工事	56000000.0	51000000.0	57376024.0	69.9	112.5	102.4
202510	017000000	6	値引き他	0.0	0.0	16120.0	0.0	0.0	0.0
202510	017000000	7	原価	64900000.0	57000000.0	65987509.0	80.3	115.7	101.6
202510	017000000	8	仕入高	60900000.0	53000000.0	63130313.0	76.9	119.1	103.6
202510	017000000	9	仕入割戻高	0.0	0.0	0.0	0.0	0.0	0.0
202510	017000000	10	外注加工費	4000000.0	4000000.0	2857196.0	3.4	71.4	71.4
202510	017000000	11	総収益	16100000.0	13000000.0	16088766.0	19.6	123.7	99.9
202510	017000000	12	経費合計	4724000.0	4727000.0	4342826.0	5.2	91.8	91.9
202510	017000000	13	減価償却費	450000.0	500000.0	450000.0	0.5	90.0	100.0
202510	017000000	14	車輛費	1559000.0	1509000.0	1190608.0	1.4	78.9	76.3
202510	017000000	15	旅費交通費	330000.0	330000.0	179353.0	0.2	54.3	54.3
202510	017000000	16	発送配達費	20000.0	20000.0	25820.0	0.0	129.1	129.1
202510	017000000	17	通信費	82000.0	82000.0	60198.0	0.0	73.4	73.4
202510	017000000	18	水道光熱費	80000.0	80000.0	73754.0	0.0	92.1	92.1
202510	017000000	19	事務用品費	28000.0	40000.0	0.0	0.0	0.0	0.0
202510	017000000	20	消耗品費	50000.0	50000.0	17949.0	0.0	35.8	35.8
202510	017000000	21	広告宣伝費	10000.0	0.0	4636.0	0.0	0.0	46.3
202510	017000000	22	交際費	70000.0	50000.0	91507.0	0.1	183.0	130.7
202510	017000000	23	地代家賃	473000.0	473000.0	538814.0	0.6	113.9	113.9
202510	017000000	24	修繕費	5000.0	0.0	0.0	0.0	0.0	0.0
202510	017000000	25	リース料	39000.0	39000.0	30500.0	0.0	78.2	78.2
202510	017000000	26	保険料	237000.0	237000.0	103010.0	0.1	43.4	43.4
202510	017000000	27	支払報酬	629000.0	695000.0	627091.0	0.7	90.2	99.6
202510	017000000	28	支払手数料	360000.0	320000.0	474389.0	0.5	148.2	131.7
202510	017000000	29	諸会費	67000.0	87000.0	15000.0	0.0	17.2	22.3
202510	017000000	30	会議費	5000.0	5000.0	0.0	0.0	0.0	0.0
202510	017000000	31	寄付金	0.0	0.0	0.0	0.0	0.0	0.0
202510	017000000	32	租税公課	40000.0	40000.0	0.0	0.0	0.0	0.0
202510	017000000	33	貸倒引当金繰入額	0.0	0.0	0.0	0.0	0.0	0.0
202510	017000000	34	雑費	160000.0	160000.0	448716.0	0.5	280.4	280.4
202510	017000000	35	調査研究費	30000.0	10000.0	11481.0	0.0	114.8	38.2
202510	017000000	36	差引収益	11376000.0	8273000.0	11745940.0	14.3	141.9	103.2
202510	017000000	37	差引比率	14.0	11.8	14.3		121.1	102.1
202510	017000000	38	総時間	3129.75	2931.75	2829.5		96.5	90.4
202510	017000000	39	定時間	2809.0	2634.0	2425.25		92.0	86.3
202510	017000000	40	残業時間	299.0	276.0	382.5		138.5	127.9
202510	017000000	41	移動時間	21.75	21.75	21.75		100.0	100.0
202510	017000000	42	当月時間当り	3634.7	2821.8	4151.2		147.1	114.2
202510	017000000	43	人員	16.0	16.0	14.0		87.5	87.5
202511	017000000	1	総受注高	37500000.0	53000000.0	67750718.0		127.8	180.6
202511	017000000	2	総売上高	37500000.0	53000000.0	67750718.0		127.8	180.6
202511	017000000	3	農薬	6000000.0	5000000.0	7603505.0	11.2	152.0	126.7
202511	017000000	4	資材	21000000.0	14300000.0	29130075.0	42.9	203.7	138.7
202511	017000000	5	工事	10500000.0	33700000.0	31029467.0	45.7	92.0	295.5
202511	017000000	6	値引き他	0.0	0.0	-12329.0	0.0	0.0	0.0
202511	017000000	7	原価	29960000.0	43400000.0	49007215.0	72.3	112.9	163.5
202511	017000000	8	仕入高	25960000.0	39400000.0	46302745.0	68.3	117.5	178.3
202511	017000000	9	仕入割戻高	0.0	0.0	0.0	0.0	0.0	0.0
202511	017000000	10	外注加工費	4000000.0	4000000.0	2704470.0	3.9	67.6	67.6
202511	017000000	11	総収益	7540000.0	9600000.0	18743503.0	27.6	195.2	248.5
202511	017000000	12	経費合計	4972000.0	4975000.0	4200899.0	6.2	84.4	84.4
202511	017000000	13	減価償却費	450000.0	500000.0	450000.0	0.6	90.0	100.0
202511	017000000	14	車輛費	2009000.0	1959000.0	1214303.0	1.7	61.9	60.4
202511	017000000	15	旅費交通費	330000.0	330000.0	259105.0	0.3	78.5	78.5
202511	017000000	16	発送配達費	20000.0	20000.0	23400.0	0.0	117.0	117.0
202511	017000000	17	通信費	82000.0	82000.0	45678.0	0.0	55.7	55.7
202511	017000000	18	水道光熱費	80000.0	80000.0	63090.0	0.0	78.8	78.8
202511	017000000	19	事務用品費	28000.0	40000.0	0.0	0.0	0.0	0.0
202511	017000000	20	消耗品費	50000.0	50000.0	33658.0	0.0	67.3	67.3
202511	017000000	21	広告宣伝費	10000.0	0.0	29250.0	0.0	0.0	292.5
202511	017000000	22	交際費	70000.0	50000.0	41510.0	0.0	83.0	59.3
202511	017000000	23	地代家賃	473000.0	473000.0	521108.0	0.7	110.1	110.1
202511	017000000	24	修繕費	5000.0	0.0	0.0	0.0	0.0	0.0
202511	017000000	25	リース料	39000.0	39000.0	30500.0	0.0	78.2	78.2
202511	017000000	26	保険料	237000.0	237000.0	146390.0	0.2	61.7	61.7
202511	017000000	27	支払報酬	464000.0	530000.0	627091.0	0.9	118.3	135.1
202511	017000000	28	支払手数料	360000.0	320000.0	337282.0	0.4	105.4	93.6
202511	017000000	29	諸会費	30000.0	50000.0	42400.0	0.0	84.8	141.3
202511	017000000	30	会議費	5000.0	5000.0	0.0	0.0	0.0	0.0
202511	017000000	31	寄付金	0.0	0.0	0.0	0.0	0.0	0.0
202511	017000000	32	租税公課	40000.0	40000.0	63200.0	0.0	158.0	158.0
202511	017000000	33	貸倒引当金繰入額	0.0	0.0	0.0	0.0	0.0	0.0
202511	017000000	34	雑費	160000.0	160000.0	272934.0	0.4	170.5	170.5
202511	017000000	35	調査研究費	30000.0	10000.0	0.0	0.0	0.0	0.0
202511	017000000	36	差引収益	2568000.0	4625000.0	14542604.0	21.4	314.4	566.3
202511	017000000	37	差引比率	6.8	8.7	21.4		245.9	314.7
202511	017000000	38	総時間	2566.0	2408.0	2404.0		99.8	93.6
202511	017000000	39	定時間	2301.0	2162.0	2082.0		96.2	90.4
202511	017000000	40	残業時間	247.0	228.0	304.0		133.3	123.0
202511	017000000	41	移動時間	18.0	18.0	18.0		100.0	100.0
202511	017000000	42	当月時間当り	1000.7	1920.6	6049.3		314.9	604.5
202511	017000000	43	人員	16.0	16.0	14.0		87.5	87.5
