対象年月度	組織コード	明細No.	採算科目名	M/P	予定	実績	構成比(%)	予定比(%)	M/P比(%)	組織名
202204	230W60100	1	総受注高	0.0	0.0	21925.0		0.0	0.0	管理購買部
202204	230W60100	2	総売上高	0.0	0.0	21925.0		0.0	0.0	管理購買部
202204	230W60100	3	カーネーション売上高	0.0	0.0	0.0		0.0	0.0	管理購買部
202204	230W60100	4	カスミ草売上高	0.0	0.0	0.0		0.0	0.0	管理購買部
202204	230W60100	5	その他の売上	0.0	0.0	21925.0		0.0	0.0	管理購買部
202204	230W60100	6	送料	0.0	0.0	0.0		0.0	0.0	管理購買部
202204	230W60100	7	売上原価	5032920.0	5092020.0	5946293.0		116.7	118.1	管理購買部
202204	230W60100	8	苗仕入	5032920.0	5092020.0	5700763.0		111.9	113.2	管理購買部
202204	230W60100	9	パテント仕入	0.0	0.0	245530.0		0.0	0.0	管理購買部
202204	230W60100	10	社内売	7046088.0	7128828.0	8324810.0		116.7	118.1	管理購買部
202204	230W60100	11	社内仕入	0.0	0.0	0.0		0.0	0.0	管理購買部
202204	230W60100	12	総収益	2013168.0	2036808.0	2400442.0		117.8	119.2	管理購買部
202204	230W60100	13	経費合計	2344879.0	2424879.0	1506708.0	0.0	62.1	64.2	管理購買部
202204	230W60100	14	種苗費	0.0	0.0	0.0	0.0	0.0	0.0	管理購買部
202204	230W60100	15	肥料費	0.0	0.0	0.0	0.0	0.0	0.0	管理購買部
202204	230W60100	16	培土費用	450000.0	450000.0	0.0	0.0	0.0	0.0	管理購買部
202204	230W60100	17	農薬衛生費	0.0	0.0	0.0	0.0	0.0	0.0	管理購買部
202204	230W60100	18	農具費	0.0	0.0	0.0	0.0	0.0	0.0	管理購買部
202204	230W60100	19	諸材料費	10000.0	10000.0	0.0	0.0	0.0	0.0	管理購買部
202204	230W60100	20	その他仕入高	0.0	0.0	0.0	0.0	0.0	0.0	管理購買部
202204	230W60100	21	減価償却費	200754.0	200754.0	200754.0	915.6	100.0	100.0	管理購買部
202204	230W60100	22	車両費	101690.0	101690.0	130200.0	593.8	128.0	128.0	管理購買部
202204	230W60100	23	旅費交通費	5000.0	20000.0	33013.0	150.5	165.0	660.2	管理購買部
202204	230W60100	24	荷造運搬費	750000.0	750000.0	556510.0	0.0	74.2	74.2	管理購買部
202204	230W60100	25	通信費	15806.0	15806.0	3523.0	16.0	22.2	22.2	管理購買部
202204	230W60100	26	水道光熱費	2700.0	2700.0	2731.0	12.4	101.1	101.1	管理購買部
202204	230W60100	27	動力費	0.0	0.0	0.0	0.0	0.0	0.0	管理購買部
202204	230W60100	28	燃料費	0.0	0.0	0.0	0.0	0.0	0.0	管理購買部
202204	230W60100	29	事務用品費	35000.0	100000.0	123146.0	561.6	123.1	351.8	管理購買部
202204	230W60100	30	消耗品費	20000.0	20000.0	17689.0	80.6	88.4	88.4	管理購買部
202204	230W60100	31	廃棄物処理料	16000.0	16000.0	16000.0	72.9	100.0	100.0	管理購買部
202204	230W60100	32	広告宣伝費	0.0	0.0	0.0	0.0	0.0	0.0	管理購買部
202204	230W60100	33	接待交際費	0.0	0.0	0.0	0.0	0.0	0.0	管理購買部
202204	230W60100	34	研究開発費	0.0	0.0	10930.0	49.8	0.0	0.0	管理購買部
202204	230W60100	35	クレーム費	0.0	0.0	0.0	0.0	0.0	0.0	管理購買部
202204	230W60100	36	賃借料	56500.0	56500.0	56000.0	255.4	99.1	99.1	管理購買部
202204	230W60100	37	賃貸料収入	-10000.0	-10000.0	-10000.0	0.0	0.0	0.0	管理購買部
202204	230W60100	45	修繕費	30000.0	30000.0	0.0	0.0	0.0	0.0	管理購買部
202204	230W60100	46	支払リース料	0.0	0.0	0.0	0.0	0.0	0.0	管理購買部
202204	230W60100	47	保険料	4860.0	4860.0	8670.0	39.5	178.3	178.3	管理購買部
202204	230W60100	48	支払報酬	18500.0	18500.0	18500.0	84.3	100.0	100.0	管理購買部
202204	230W60100	49	販売手数料	0.0	0.0	0.0	0.0	0.0	0.0	管理購買部
202204	230W60100	50	支払手数料	107000.0	107000.0	119685.0	545.8	111.8	111.8	管理購買部
202204	230W60100	51	診断料	0.0	0.0	0.0	0.0	0.0	0.0	管理購買部
202204	230W60100	52	諸会費	0.0	0.0	0.0	0.0	0.0	0.0	管理購買部
202204	230W60100	53	会議費	0.0	0.0	0.0	0.0	0.0	0.0	管理購買部
202204	230W60100	54	寄付金	0.0	0.0	0.0	0.0	0.0	0.0	管理購買部
202204	230W60100	55	租税公課	35400.0	35400.0	99600.0	454.2	281.3	281.3	管理購買部
202204	230W60100	56	業務委託費	0.0	0.0	0.0	0.0	0.0	0.0	管理購買部
202204	230W60100	57	業務受託収入	0.0	0.0	0.0	0.0	0.0	0.0	管理購買部
202204	230W60100	58	システム管理料	221000.0	221000.0	0.0	0.0	0.0	0.0	管理購買部
202204	230W60100	59	情報機器利用料	22320.0	22320.0	31300.0	142.7	140.2	140.2	管理購買部
202204	230W60100	60	貸倒金	0.0	0.0	0.0	0.0	0.0	0.0	管理購買部
202204	230W60100	61	雑費	41025.0	41025.0	42112.0	192.0	102.6	102.6	管理購買部
202204	230W60100	62	福利消耗品費	63724.0	63724.0	46345.0	211.3	72.7	72.7	管理購買部
202204	230W60100	63	教育研修費	5000.0	5000.0	0.0	0.0	0.0	0.0	管理購買部
202204	230W60100	64	雑給	0.0	0.0	0.0	0.0	0.0	0.0	管理購買部
202204	230W60100	65	グループ共通	142600.0	142600.0	0.0	0.0	0.0	0.0	管理購買部
202204	230W60100	66	差引収益	-331711.0	-388071.0	893734.0	0.0	0.0	0.0	管理購買部
202204	230W60100	67	差引比率	0.0	0.0	4076.3		0.0	0.0	管理購買部
202204	230W60100	68	総時間	612.0	577.5	568.5		98.4	92.8	管理購買部
202204	230W60100	69	定時間	704.0	684.0	644.0		94.1	91.4	管理購買部
202204	230W60100	70	残業時間	20.0	20.0	44.75		223.7	223.7	管理購買部
202204	230W60100	71	移動時間	-112.0	-126.5	-120.25		0.0	0.0	管理購買部
202204	230W60100	72	当月時間当り	-542.0	-671.9	1572.0		0.0	0.0	管理購買部
202204	230W60100	73	人員	4.0	4.0	4.0		100.0	100.0	管理購買部
202205	230W60100	1	総受注高	0.0	0.0	0.0		0.0	0.0	管理購買部
202205	230W60100	2	総売上高	0.0	0.0	0.0		0.0	0.0	管理購買部
202205	230W60100	3	カーネーション売上高	0.0	0.0	0.0		0.0	0.0	管理購買部
202205	230W60100	4	カスミ草売上高	0.0	0.0	0.0		0.0	0.0	管理購買部
202205	230W60100	5	その他の売上	0.0	0.0	0.0		0.0	0.0	管理購買部
202205	230W60100	6	送料	0.0	0.0	0.0		0.0	0.0	管理購買部
202205	230W60100	7	売上原価	10459680.0	12615615.0	16473269.0		130.5	157.4	管理購買部
202205	230W60100	8	苗仕入	10459680.0	12615615.0	16718799.0		132.5	159.8	管理購買部
202205	230W60100	9	パテント仕入	0.0	0.0	-245530.0		0.0	0.0	管理購買部
202205	230W60100	10	社内売	13727252.0	16525201.0	23062577.0		139.5	168.0	管理購買部
202205	230W60100	11	社内仕入	0.0	0.0	0.0		0.0	0.0	管理購買部
202205	230W60100	12	総収益	3267572.0	3909586.0	6589308.0		168.5	201.6	管理購買部
202205	230W60100	13	経費合計	2929590.0	2954680.0	2517310.0	0.0	85.1	85.9	管理購買部
202205	230W60100	14	種苗費	0.0	0.0	0.0	0.0	0.0	0.0	管理購買部
202205	230W60100	15	肥料費	0.0	0.0	0.0	0.0	0.0	0.0	管理購買部
202205	230W60100	16	培土費用	900000.0	950000.0	508250.0	0.0	53.5	56.4	管理購買部
202205	230W60100	17	農薬衛生費	0.0	0.0	0.0	0.0	0.0	0.0	管理購買部
202205	230W60100	18	農具費	0.0	0.0	0.0	0.0	0.0	0.0	管理購買部
202205	230W60100	19	諸材料費	170000.0	40000.0	0.0	0.0	0.0	0.0	管理購買部
202205	230W60100	20	その他仕入高	0.0	0.0	0.0	0.0	0.0	0.0	管理購買部
202205	230W60100	21	減価償却費	200754.0	200754.0	200754.0	0.0	100.0	100.0	管理購買部
202205	230W60100	22	車両費	101690.0	101690.0	97070.0	0.0	95.4	95.4	管理購買部
202205	230W60100	23	旅費交通費	5000.0	0.0	0.0	0.0	0.0	0.0	管理購買部
202205	230W60100	24	荷造運搬費	910000.0	960000.0	1169888.0	0.0	121.8	128.5	管理購買部
202205	230W60100	25	通信費	15806.0	15806.0	30734.0	0.0	194.4	194.4	管理購買部
202205	230W60100	26	水道光熱費	2700.0	2700.0	2859.0	0.0	105.8	105.8	管理購買部
202205	230W60100	27	動力費	0.0	0.0	0.0	0.0	0.0	0.0	管理購買部
202205	230W60100	28	燃料費	0.0	0.0	0.0	0.0	0.0	0.0	管理購買部
202205	230W60100	29	事務用品費	35000.0	105000.0	140762.0	0.0	134.0	402.1	管理購買部
202205	230W60100	30	消耗品費	20000.0	20000.0	18671.0	0.0	93.3	93.3	管理購買部
202205	230W60100	31	廃棄物処理料	16000.0	16000.0	0.0	0.0	0.0	0.0	管理購買部
202205	230W60100	32	広告宣伝費	0.0	0.0	0.0	0.0	0.0	0.0	管理購買部
202205	230W60100	33	接待交際費	0.0	0.0	0.0	0.0	0.0	0.0	管理購買部
202205	230W60100	34	研究開発費	0.0	0.0	0.0	0.0	0.0	0.0	管理購買部
202205	230W60100	35	クレーム費	0.0	0.0	0.0	0.0	0.0	0.0	管理購買部
202205	230W60100	36	賃借料	56500.0	56500.0	56000.0	0.0	99.1	99.1	管理購買部
202205	230W60100	37	賃貸料収入	-10000.0	-10000.0	-10000.0	0.0	0.0	0.0	管理購買部
202205	230W60100	45	修繕費	30000.0	30000.0	0.0	0.0	0.0	0.0	管理購買部
202205	230W60100	46	支払リース料	0.0	0.0	0.0	0.0	0.0	0.0	管理購買部
202205	230W60100	47	保険料	4860.0	4860.0	4590.0	0.0	94.4	94.4	管理購買部
202205	230W60100	48	支払報酬	18500.0	18500.0	0.0	0.0	0.0	0.0	管理購買部
202205	230W60100	49	販売手数料	0.0	0.0	0.0	0.0	0.0	0.0	管理購買部
202205	230W60100	50	支払手数料	27000.0	27000.0	19275.0	0.0	71.3	71.3	管理購買部
202205	230W60100	51	診断料	0.0	0.0	0.0	0.0	0.0	0.0	管理購買部
202205	230W60100	52	諸会費	0.0	0.0	0.0	0.0	0.0	0.0	管理購買部
202205	230W60100	53	会議費	0.0	14000.0	0.0	0.0	0.0	0.0	管理購買部
202205	230W60100	54	寄付金	0.0	0.0	0.0	0.0	0.0	0.0	管理購買部
202205	230W60100	55	租税公課	207200.0	195400.0	225000.0	0.0	115.1	108.5	管理購買部
202205	230W60100	56	業務委託費	0.0	0.0	0.0	0.0	0.0	0.0	管理購買部
202205	230W60100	57	業務受託収入	0.0	0.0	0.0	0.0	0.0	0.0	管理購買部
202205	230W60100	58	システム管理料	0.0	0.0	0.0	0.0	0.0	0.0	管理購買部
202205	230W60100	59	情報機器利用料	22320.0	22320.0	31300.0	0.0	140.2	140.2	管理購買部
202205	230W60100	60	貸倒金	0.0	0.0	0.0	0.0	0.0	0.0	管理購買部
202205	230W60100	61	雑費	8700.0	8700.0	8783.0	0.0	100.9	100.9	管理購買部
202205	230W60100	62	福利消耗品費	39960.0	32850.0	12850.0	0.0	39.1	32.1	管理購買部
202205	230W60100	63	教育研修費	5000.0	0.0	524.0	0.0	0.0	10.4	管理購買部
202205	230W60100	64	雑給	0.0	0.0	0.0	0.0	0.0	0.0	管理購買部
202205	230W60100	65	グループ共通	142600.0	142600.0	0.0	0.0	0.0	0.0	管理購買部
202205	230W60100	66	差引収益	337982.0	954906.0	4071998.0	0.0	426.4		管理購買部
202205	230W60100	67	差引比率	0.0	0.0	0.0		0.0	0.0	管理購買部
202205	230W60100	68	総時間	580.0	547.25	570.0		104.1	98.2	管理購買部
202205	230W60100	69	定時間	672.0	648.0	644.0		99.3	95.8	管理購買部
202205	230W60100	70	残業時間	20.0	20.0	42.25		211.2	211.2	管理購買部
202205	230W60100	71	移動時間	-112.0	-120.75	-116.25		0.0	0.0	管理購買部
202205	230W60100	72	当月時間当り	582.7	1744.9	7143.8		409.4		管理購買部
202205	230W60100	73	人員	4.0	4.0	4.0		100.0	100.0	管理購買部
202206	230W60100	1	総受注高	0.0	0.0	-4680.0		0.0	0.0	管理購買部
202206	230W60100	2	総売上高	0.0	0.0	-4680.0		0.0	0.0	管理購買部
202206	230W60100	3	カーネーション売上高	0.0	0.0	0.0		0.0	0.0	管理購買部
202206	230W60100	4	カスミ草売上高	0.0	0.0	0.0		0.0	0.0	管理購買部
202206	230W60100	5	その他の売上	0.0	0.0	-4680.0		0.0	0.0	管理購買部
202206	230W60100	6	送料	0.0	0.0	0.0		0.0	0.0	管理購買部
202206	230W60100	7	売上原価	134079040.0	143019996.0	121441817.0		84.9	90.5	管理購買部
202206	230W60100	8	苗仕入	133764940.0	142705896.0	121353091.0		85.0	90.7	管理購買部
202206	230W60100	9	パテント仕入	314100.0	314100.0	88726.0		28.2	28.2	管理購買部
202206	230W60100	10	社内売	162380498.0	179492315.0	170018544.0		94.7	104.7	管理購買部
202206	230W60100	11	社内仕入	0.0	0.0	0.0		0.0	0.0	管理購買部
202206	230W60100	12	総収益	28301458.0	36472319.0	48572047.0		133.1	171.6	管理購買部
202206	230W60100	13	経費合計	6424230.0	5480782.0	7820759.0	0.0	142.6	121.7	管理購買部
202206	230W60100	14	種苗費	0.0	0.0	0.0	0.0	0.0	0.0	管理購買部
202206	230W60100	15	肥料費	0.0	0.0	0.0	0.0	0.0	0.0	管理購買部
202206	230W60100	16	培土費用	450000.0	475000.0	1540150.0	0.0	324.2	342.2	管理購買部
202206	230W60100	17	農薬衛生費	0.0	0.0	0.0	0.0	0.0	0.0	管理購買部
202206	230W60100	18	農具費	0.0	0.0	0.0	0.0	0.0	0.0	管理購買部
202206	230W60100	19	諸材料費	90000.0	90000.0	550736.0	0.0	611.9	611.9	管理購買部
202206	230W60100	20	その他仕入高	0.0	0.0	0.0	0.0	0.0	0.0	管理購買部
202206	230W60100	21	減価償却費	200754.0	200754.0	200754.0	0.0	100.0	100.0	管理購買部
202206	230W60100	22	車両費	101690.0	101690.0	99164.0	0.0	97.5	97.5	管理購買部
202206	230W60100	23	旅費交通費	5000.0	0.0	5136.0	0.0	0.0	102.7	管理購買部
202206	230W60100	24	荷造運搬費	4885000.0	4000000.0	4624852.0	0.0	115.6	94.6	管理購買部
202206	230W60100	25	通信費	15806.0	18358.0	21264.0	0.0	115.8	134.5	管理購買部
202206	230W60100	26	水道光熱費	2700.0	2700.0	2667.0	0.0	98.7	98.7	管理購買部
202206	230W60100	27	動力費	0.0	0.0	0.0	0.0	0.0	0.0	管理購買部
202206	230W60100	28	燃料費	0.0	0.0	0.0	0.0	0.0	0.0	管理購買部
202206	230W60100	29	事務用品費	35000.0	35000.0	39999.0	0.0	114.2	114.2	管理購買部
202206	230W60100	30	消耗品費	20000.0	20000.0	44136.0	0.0	220.6	220.6	管理購買部
202206	230W60100	31	廃棄物処理料	16000.0	16000.0	16000.0	0.0	100.0	100.0	管理購買部
202206	230W60100	32	広告宣伝費	0.0	0.0	0.0	0.0	0.0	0.0	管理購買部
202206	230W60100	33	接待交際費	0.0	0.0	0.0	0.0	0.0	0.0	管理購買部
202206	230W60100	34	研究開発費	0.0	0.0	0.0	0.0	0.0	0.0	管理購買部
202206	230W60100	35	クレーム費	0.0	0.0	0.0	0.0	0.0	0.0	管理購買部
202206	230W60100	36	賃借料	56500.0	56500.0	56000.0	0.0	99.1	99.1	管理購買部
202206	230W60100	37	賃貸料収入	-10000.0	-10000.0	-10000.0	0.0	0.0	0.0	管理購買部
202206	230W60100	45	修繕費	30000.0	30000.0	0.0	0.0	0.0	0.0	管理購買部
202206	230W60100	46	支払リース料	0.0	0.0	0.0	0.0	0.0	0.0	管理購買部
202206	230W60100	47	保険料	4860.0	4860.0	4590.0	0.0	94.4	94.4	管理購買部
202206	230W60100	48	支払報酬	18500.0	18500.0	101500.0	0.0	548.6	548.6	管理購買部
202206	230W60100	49	販売手数料	0.0	0.0	0.0	0.0	0.0	0.0	管理購買部
202206	230W60100	50	支払手数料	27000.0	27000.0	30714.0	0.0	113.7	113.7	管理購買部
202206	230W60100	51	診断料	0.0	0.0	0.0	0.0	0.0	0.0	管理購買部
202206	230W60100	52	諸会費	37000.0	27000.0	27000.0	0.0	100.0	72.9	管理購買部
202206	230W60100	53	会議費	0.0	0.0	7285.0	0.0	0.0	0.0	管理購買部
202206	230W60100	54	寄付金	0.0	0.0	0.0	0.0	0.0	0.0	管理購買部
202206	230W60100	55	租税公課	259800.0	188800.0	99000.0	0.0	52.4	38.1	管理購買部
202206	230W60100	56	業務委託費	0.0	0.0	0.0	0.0	0.0	0.0	管理購買部
202206	230W60100	57	業務受託収入	0.0	0.0	0.0	0.0	0.0	0.0	管理購買部
202206	230W60100	58	システム管理料	0.0	0.0	314000.0	0.0	0.0	0.0	管理購買部
202206	230W60100	59	情報機器利用料	22320.0	22320.0	31300.0	0.0	140.2	140.2	管理購買部
202206	230W60100	60	貸倒金	0.0	0.0	0.0	0.0	0.0	0.0	管理購買部
202206	230W60100	61	雑費	8700.0	8700.0	9928.0	0.0	114.1	114.1	管理購買部
202206	230W60100	62	福利消耗品費	0.0	0.0	4584.0	0.0	0.0	0.0	管理購買部
202206	230W60100	63	教育研修費	5000.0	5000.0	0.0	0.0	0.0	0.0	管理購買部
202206	230W60100	64	雑給	0.0	0.0	0.0	0.0	0.0	0.0	管理購買部
202206	230W60100	65	グループ共通	142600.0	142600.0	0.0	0.0	0.0	0.0	管理購買部
202206	230W60100	66	差引収益	21877228.0	30991537.0	40751288.0	0.0	131.4	186.2	管理購買部
202206	230W60100	67	差引比率	0.0	0.0	-870754.0		0.0	0.0	管理購買部
202206	230W60100	68	総時間	723.0	683.25	720.0		105.3	99.5	管理購買部
202206	230W60100	69	定時間	800.0	792.0	763.0		96.3	95.3	管理購買部
202206	230W60100	70	残業時間	35.0	35.0	106.25		303.5	303.5	管理購買部
202206	230W60100	71	移動時間	-112.0	-143.75	-149.25		0.0	0.0	管理購買部
202206	230W60100	72	当月時間当り	30258.9	45359.0	56599.0		124.7	187.0	管理購買部
202206	230W60100	73	人員	4.0	4.0	4.0		100.0	100.0	管理購買部
202207	230W60100	1	総受注高	0.0	0.0	0.0		0.0	0.0	管理購買部
202207	230W60100	2	総売上高	0.0	0.0	0.0		0.0	0.0	管理購買部
202207	230W60100	3	カーネーション売上高	0.0	0.0	0.0		0.0	0.0	管理購買部
202207	230W60100	4	カスミ草売上高	0.0	0.0	0.0		0.0	0.0	管理購買部
202207	230W60100	5	その他の売上	0.0	0.0	0.0		0.0	0.0	管理購買部
202207	230W60100	6	送料	0.0	0.0	0.0		0.0	0.0	管理購買部
202207	230W60100	7	売上原価	6782610.0	18882122.0	31075165.0		164.5	458.1	管理購買部
202207	230W60100	8	苗仕入	6661810.0	18882122.0	30517133.0		161.6	458.0	管理購買部
202207	230W60100	9	パテント仕入	120800.0	0.0	558032.0		0.0	461.9	管理購買部
202207	230W60100	10	社内売	9495654.0	26434970.0	43505231.0		164.5	458.1	管理購買部
202207	230W60100	11	社内仕入	0.0	0.0	0.0		0.0	0.0	管理購買部
202207	230W60100	12	総収益	2713044.0	7552848.0	12430066.0		164.5	458.1	管理購買部
202207	230W60100	13	経費合計	2510955.0	3348107.0	2220697.0	0.0	66.3	88.4	管理購買部
202207	230W60100	14	種苗費	0.0	0.0	0.0	0.0	0.0	0.0	管理購買部
202207	230W60100	15	肥料費	0.0	0.0	0.0	0.0	0.0	0.0	管理購買部
202207	230W60100	16	培土費用	0.0	0.0	0.0	0.0	0.0	0.0	管理購買部
202207	230W60100	17	農薬衛生費	0.0	0.0	0.0	0.0	0.0	0.0	管理購買部
202207	230W60100	18	農具費	0.0	0.0	0.0	0.0	0.0	0.0	管理購買部
202207	230W60100	19	諸材料費	150000.0	150000.0	0.0	0.0	0.0	0.0	管理購買部
202207	230W60100	20	その他仕入高	0.0	0.0	0.0	0.0	0.0	0.0	管理購買部
202207	230W60100	21	減価償却費	200754.0	200754.0	200754.0	0.0	100.0	100.0	管理購買部
202207	230W60100	22	車両費	101690.0	101690.0	98503.0	0.0	96.8	96.8	管理購買部
202207	230W60100	23	旅費交通費	5000.0	162000.0	4908.0	0.0	3.0	98.1	管理購買部
202207	230W60100	24	荷造運搬費	950000.0	1420000.0	802661.0	0.0	56.5	84.4	管理購買部
202207	230W60100	25	通信費	15806.0	18358.0	19614.0	0.0	106.8	124.0	管理購買部
202207	230W60100	26	水道光熱費	2700.0	2700.0	2540.0	0.0	94.0	94.0	管理購買部
202207	230W60100	27	動力費	0.0	0.0	0.0	0.0	0.0	0.0	管理購買部
202207	230W60100	28	燃料費	0.0	0.0	0.0	0.0	0.0	0.0	管理購買部
202207	230W60100	29	事務用品費	35000.0	35000.0	81237.0	0.0	232.1	232.1	管理購買部
202207	230W60100	30	消耗品費	20000.0	20000.0	19232.0	0.0	96.1	96.1	管理購買部
202207	230W60100	31	廃棄物処理料	16000.0	16000.0	16000.0	0.0	100.0	100.0	管理購買部
202207	230W60100	32	広告宣伝費	0.0	0.0	0.0	0.0	0.0	0.0	管理購買部
202207	230W60100	33	接待交際費	0.0	30000.0	0.0	0.0	0.0	0.0	管理購買部
202207	230W60100	34	研究開発費	0.0	0.0	0.0	0.0	0.0	0.0	管理購買部
202207	230W60100	35	クレーム費	0.0	0.0	0.0	0.0	0.0	0.0	管理購買部
202207	230W60100	36	賃借料	56500.0	56500.0	56000.0	0.0	99.1	99.1	管理購買部
202207	230W60100	37	賃貸料収入	-10000.0	-10000.0	-10000.0	0.0	0.0	0.0	管理購買部
202207	230W60100	45	修繕費	30000.0	30000.0	0.0	0.0	0.0	0.0	管理購買部
202207	230W60100	46	支払リース料	0.0	0.0	0.0	0.0	0.0	0.0	管理購買部
202207	230W60100	47	保険料	4860.0	4860.0	4590.0	0.0	94.4	94.4	管理購買部
202207	230W60100	48	支払報酬	568500.0	568500.0	601920.0	0.0	105.8	105.8	管理購買部
202207	230W60100	49	販売手数料	0.0	0.0	0.0	0.0	0.0	0.0	管理購買部
202207	230W60100	50	支払手数料	27000.0	27000.0	149156.0	0.0	552.4	552.4	管理購買部
202207	230W60100	51	診断料	0.0	0.0	0.0	0.0	0.0	0.0	管理購買部
202207	230W60100	52	諸会費	21000.0	21000.0	31000.0	0.0	147.6	147.6	管理購買部
202207	230W60100	53	会議費	0.0	0.0	488.0	0.0	0.0	0.0	管理購買部
202207	230W60100	54	寄付金	0.0	0.0	0.0	0.0	0.0	0.0	管理購買部
202207	230W60100	55	租税公課	47200.0	224800.0	20400.0	0.0	9.0	43.2	管理購買部
202207	230W60100	56	業務委託費	0.0	0.0	0.0	0.0	0.0	0.0	管理購買部
202207	230W60100	57	業務受託収入	0.0	0.0	0.0	0.0	0.0	0.0	管理購買部
202207	230W60100	58	システム管理料	0.0	0.0	0.0	0.0	0.0	0.0	管理購買部
202207	230W60100	59	情報機器利用料	22320.0	22320.0	31300.0	0.0	140.2	140.2	管理購買部
202207	230W60100	60	貸倒金	0.0	0.0	0.0	0.0	0.0	0.0	管理購買部
202207	230W60100	61	雑費	89025.0	89025.0	89560.0	0.0	100.6	100.6	管理購買部
202207	230W60100	62	福利消耗品費	0.0	0.0	834.0	0.0	0.0	0.0	管理購買部
202207	230W60100	63	教育研修費	15000.0	15000.0	0.0	0.0	0.0	0.0	管理購買部
202207	230W60100	64	雑給	0.0	0.0	0.0	0.0	0.0	0.0	管理購買部
202207	230W60100	65	グループ共通	142600.0	142600.0	0.0	0.0	0.0	0.0	管理購買部
202207	230W60100	66	差引収益	202089.0	4204741.0	10209369.0	0.0	242.8		管理購買部
202207	230W60100	67	差引比率	0.0	0.0	0.0		0.0	0.0	管理購買部
202207	230W60100	68	総時間	545.0	556.25	506.0		90.9	92.8	管理購買部
202207	230W60100	69	定時間	632.0	652.0	578.0		88.6	91.4	管理購買部
202207	230W60100	70	残業時間	25.0	25.0	28.75		115.0	115.0	管理購買部
202207	230W60100	71	移動時間	-112.0	-120.75	-100.75		0.0	0.0	管理購買部
202207	230W60100	72	当月時間当り	370.8	7559.0	20176.6		266.9		管理購買部
202207	230W60100	73	人員	4.0	4.0	4.0		100.0	100.0	管理購買部
202208	230W60100	1	総受注高	0.0	0.0	0.0		0.0	0.0	管理購買部
202208	230W60100	2	総売上高	0.0	0.0	0.0		0.0	0.0	管理購買部
202208	230W60100	3	カーネーション売上高	0.0	0.0	0.0		0.0	0.0	管理購買部
202208	230W60100	4	カスミ草売上高	0.0	0.0	0.0		0.0	0.0	管理購買部
202208	230W60100	5	その他の売上	0.0	0.0	0.0		0.0	0.0	管理購買部
202208	230W60100	6	送料	0.0	0.0	0.0		0.0	0.0	管理購買部
202208	230W60100	7	売上原価	77520.0	679310.0	24819315.0				管理購買部
202208	230W60100	8	苗仕入	77520.0	679310.0	732226.0		107.7	944.5	管理購買部
202208	230W60100	9	パテント仕入	0.0	0.0	24087089.0		0.0	0.0	管理購買部
202208	230W60100	10	社内売	108528.0	671034.0	34747041.0				管理購買部
202208	230W60100	11	社内仕入	0.0	0.0	0.0		0.0	0.0	管理購買部
202208	230W60100	12	総収益	31008.0	-8276.0	9927726.0		0.0		管理購買部
202208	230W60100	13	経費合計	1169230.0	1188582.0	942446.0	0.0	79.2	80.6	管理購買部
202208	230W60100	14	種苗費	0.0	0.0	0.0	0.0	0.0	0.0	管理購買部
202208	230W60100	15	肥料費	0.0	0.0	0.0	0.0	0.0	0.0	管理購買部
202208	230W60100	16	培土費用	0.0	0.0	0.0	0.0	0.0	0.0	管理購買部
202208	230W60100	17	農薬衛生費	0.0	0.0	0.0	0.0	0.0	0.0	管理購買部
202208	230W60100	18	農具費	0.0	0.0	0.0	0.0	0.0	0.0	管理購買部
202208	230W60100	19	諸材料費	0.0	0.0	0.0	0.0	0.0	0.0	管理購買部
202208	230W60100	20	その他仕入高	0.0	0.0	0.0	0.0	0.0	0.0	管理購買部
202208	230W60100	21	減価償却費	200754.0	200754.0	200754.0	0.0	100.0	100.0	管理購買部
202208	230W60100	22	車両費	101690.0	101690.0	95300.0	0.0	93.7	93.7	管理購買部
202208	230W60100	23	旅費交通費	5000.0	55000.0	22462.0	0.0	40.8	449.2	管理購買部
202208	230W60100	24	荷造運搬費	250000.0	350000.0	220893.0	0.0	63.1	88.3	管理購買部
202208	230W60100	25	通信費	15806.0	18358.0	20338.0	0.0	110.7	128.6	管理購買部
202208	230W60100	26	水道光熱費	2700.0	2700.0	2418.0	0.0	89.5	89.5	管理購買部
202208	230W60100	27	動力費	0.0	0.0	0.0	0.0	0.0	0.0	管理購買部
202208	230W60100	28	燃料費	0.0	0.0	0.0	0.0	0.0	0.0	管理購買部
202208	230W60100	29	事務用品費	35000.0	35000.0	26010.0	0.0	74.3	74.3	管理購買部
202208	230W60100	30	消耗品費	20000.0	20000.0	20142.0	0.0	100.7	100.7	管理購買部
202208	230W60100	31	廃棄物処理料	16000.0	16000.0	16000.0	0.0	100.0	100.0	管理購買部
202208	230W60100	32	広告宣伝費	0.0	0.0	0.0	0.0	0.0	0.0	管理購買部
202208	230W60100	33	接待交際費	5000.0	20000.0	9570.0	0.0	47.8	191.4	管理購買部
202208	230W60100	34	研究開発費	0.0	0.0	0.0	0.0	0.0	0.0	管理購買部
202208	230W60100	35	クレーム費	0.0	0.0	0.0	0.0	0.0	0.0	管理購買部
202208	230W60100	36	賃借料	56500.0	56500.0	56000.0	0.0	99.1	99.1	管理購買部
202208	230W60100	37	賃貸料収入	-10000.0	-10000.0	-10000.0	0.0	0.0	0.0	管理購買部
202208	230W60100	45	修繕費	30000.0	30000.0	0.0	0.0	0.0	0.0	管理購買部
202208	230W60100	46	支払リース料	0.0	0.0	0.0	0.0	0.0	0.0	管理購買部
202208	230W60100	47	保険料	4860.0	4860.0	4590.0	0.0	94.4	94.4	管理購買部
202208	230W60100	48	支払報酬	18500.0	18500.0	0.0	0.0	0.0	0.0	管理購買部
202208	230W60100	49	販売手数料	0.0	0.0	0.0	0.0	0.0	0.0	管理購買部
202208	230W60100	50	支払手数料	27000.0	27000.0	19307.0	0.0	71.5	71.5	管理購買部
202208	230W60100	51	診断料	0.0	0.0	0.0	0.0	0.0	0.0	管理購買部
202208	230W60100	52	諸会費	30000.0	30000.0	10000.0	0.0	33.3	33.3	管理購買部
202208	230W60100	53	会議費	0.0	0.0	5630.0	0.0	0.0	0.0	管理購買部
202208	230W60100	54	寄付金	0.0	0.0	0.0	0.0	0.0	0.0	管理購買部
202208	230W60100	55	租税公課	171800.0	23600.0	178811.0	0.0	757.6	104.0	管理購買部
202208	230W60100	56	業務委託費	0.0	0.0	0.0	0.0	0.0	0.0	管理購買部
202208	230W60100	57	業務受託収入	0.0	0.0	0.0	0.0	0.0	0.0	管理購買部
202208	230W60100	58	システム管理料	0.0	0.0	0.0	0.0	0.0	0.0	管理購買部
202208	230W60100	59	情報機器利用料	22320.0	22320.0	31300.0	0.0	140.2	140.2	管理購買部
202208	230W60100	60	貸倒金	0.0	0.0	0.0	0.0	0.0	0.0	管理購買部
202208	230W60100	61	雑費	8700.0	8700.0	9234.0	0.0	106.1	106.1	管理購買部
202208	230W60100	62	福利消耗品費	0.0	0.0	3687.0	0.0	0.0	0.0	管理購買部
202208	230W60100	63	教育研修費	15000.0	15000.0	0.0	0.0	0.0	0.0	管理購買部
202208	230W60100	64	雑給	0.0	0.0	0.0	0.0	0.0	0.0	管理購買部
202208	230W60100	65	グループ共通	142600.0	142600.0	0.0	0.0	0.0	0.0	管理購買部
202208	230W60100	66	差引収益	-1138222.0	-1196858.0	8985280.0	0.0	0.0	0.0	管理購買部
202208	230W60100	67	差引比率	0.0	0.0	0.0		0.0	0.0	管理購買部
202208	230W60100	68	総時間	421.0	423.75	479.0		113.0	113.7	管理購買部
202208	230W60100	69	定時間	528.0	528.0	566.0		107.1	107.1	管理購買部
202208	230W60100	70	残業時間	5.0	5.0	16.25		325.0	325.0	管理購買部
202208	230W60100	71	移動時間	-112.0	-109.25	-103.25		0.0	0.0	管理購買部
202208	230W60100	72	当月時間当り	-2703.6	-2824.4	18758.4		0.0	0.0	管理購買部
202208	230W60100	73	人員	4.0	4.0	4.0		100.0	100.0	管理購買部
202209	230W60100	1	総受注高	0.0	0.0	0.0		0.0	0.0	管理購買部
202209	230W60100	2	総売上高	0.0	0.0	0.0		0.0	0.0	管理購買部
202209	230W60100	3	カーネーション売上高	0.0	0.0	0.0		0.0	0.0	管理購買部
202209	230W60100	4	カスミ草売上高	0.0	0.0	0.0		0.0	0.0	管理購買部
202209	230W60100	5	その他の売上	0.0	0.0	0.0		0.0	0.0	管理購買部
202209	230W60100	6	送料	0.0	0.0	0.0		0.0	0.0	管理購買部
202209	230W60100	7	売上原価	69860.0	2030032.0	417641.0		20.5	597.8	管理購買部
202209	230W60100	8	苗仕入	64260.0	921936.0	404206.0		43.8	629.0	管理購買部
202209	230W60100	9	パテント仕入	5600.0	1108096.0	13435.0		1.2	239.9	管理購買部
202209	230W60100	10	社内売	97804.0	2842044.0	584697.0		20.5	597.8	管理購買部
202209	230W60100	11	社内仕入	0.0	0.0	0.0		0.0	0.0	管理購買部
202209	230W60100	12	総収益	27944.0	812012.0	167056.0		20.5	597.8	管理購買部
202209	230W60100	13	経費合計	1677830.0	1371575.0	2613088.0	0.0	190.5	155.7	管理購買部
202209	230W60100	14	種苗費	0.0	0.0	0.0	0.0	0.0	0.0	管理購買部
202209	230W60100	15	肥料費	0.0	0.0	0.0	0.0	0.0	0.0	管理購買部
202209	230W60100	16	培土費用	0.0	237500.0	0.0	0.0	0.0	0.0	管理購買部
202209	230W60100	17	農薬衛生費	0.0	0.0	0.0	0.0	0.0	0.0	管理購買部
202209	230W60100	18	農具費	0.0	0.0	0.0	0.0	0.0	0.0	管理購買部
202209	230W60100	19	諸材料費	49600.0	44550.0	0.0	0.0	0.0	0.0	管理購買部
202209	230W60100	20	その他仕入高	0.0	0.0	0.0	0.0	0.0	0.0	管理購買部
202209	230W60100	21	減価償却費	200754.0	214254.0	200754.0	0.0	93.6	100.0	管理購買部
202209	230W60100	22	車両費	101690.0	101690.0	95300.0	0.0	93.7	93.7	管理購買部
202209	230W60100	23	旅費交通費	305000.0	55000.0	79368.0	0.0	144.3	26.0	管理購買部
202209	230W60100	24	荷造運搬費	500000.0	250000.0	161970.0	0.0	64.7	32.3	管理購買部
202209	230W60100	25	通信費	15806.0	18358.0	20753.0	0.0	113.0	131.2	管理購買部
202209	230W60100	26	水道光熱費	2700.0	2700.0	2121.0	0.0	78.5	78.5	管理購買部
202209	230W60100	27	動力費	0.0	0.0	0.0	0.0	0.0	0.0	管理購買部
202209	230W60100	28	燃料費	0.0	0.0	0.0	0.0	0.0	0.0	管理購買部
202209	230W60100	29	事務用品費	35000.0	35000.0	76903.0	0.0	219.7	219.7	管理購買部
202209	230W60100	30	消耗品費	20000.0	20000.0	16009.0	0.0	80.0	80.0	管理購買部
202209	230W60100	31	廃棄物処理料	16000.0	16000.0	16000.0	0.0	100.0	100.0	管理購買部
202209	230W60100	32	広告宣伝費	0.0	0.0	0.0	0.0	0.0	0.0	管理購買部
202209	230W60100	33	接待交際費	25000.0	20000.0	23319.0	0.0	116.5	93.2	管理購買部
202209	230W60100	34	研究開発費	0.0	0.0	24225.0	0.0	0.0	0.0	管理購買部
202209	230W60100	35	クレーム費	0.0	0.0	0.0	0.0	0.0	0.0	管理購買部
202209	230W60100	36	賃借料	56500.0	56500.0	56000.0	0.0	99.1	99.1	管理購買部
202209	230W60100	37	賃貸料収入	-10000.0	-10000.0	-10000.0	0.0	0.0	0.0	管理購買部
202209	230W60100	45	修繕費	30000.0	30000.0	0.0	0.0	0.0	0.0	管理購買部
202209	230W60100	46	支払リース料	0.0	0.0	0.0	0.0	0.0	0.0	管理購買部
202209	230W60100	47	保険料	24860.0	4590.0	4590.0	0.0	100.0	18.4	管理購買部
202209	230W60100	48	支払報酬	18500.0	18500.0	37000.0	0.0	200.0	200.0	管理購買部
202209	230W60100	49	販売手数料	0.0	0.0	1677519.0	0.0	0.0	0.0	管理購買部
202209	230W60100	50	支払手数料	27000.0	27000.0	33528.0	0.0	124.1	124.1	管理購買部
202209	230W60100	51	診断料	0.0	0.0	0.0	0.0	0.0	0.0	管理購買部
202209	230W60100	52	諸会費	33000.0	13000.0	39000.0	0.0	300.0	118.1	管理購買部
202209	230W60100	53	会議費	0.0	0.0	0.0	0.0	0.0	0.0	管理購買部
202209	230W60100	54	寄付金	0.0	0.0	0.0	0.0	0.0	0.0	管理購買部
202209	230W60100	55	租税公課	23600.0	11800.0	12800.0	0.0	108.4	54.2	管理購買部
202209	230W60100	56	業務委託費	0.0	0.0	0.0	0.0	0.0	0.0	管理購買部
202209	230W60100	57	業務受託収入	0.0	0.0	0.0	0.0	0.0	0.0	管理購買部
202209	230W60100	58	システム管理料	0.0	0.0	0.0	0.0	0.0	0.0	管理購買部
202209	230W60100	59	情報機器利用料	22320.0	31300.0	31300.0	0.0	100.0	140.2	管理購買部
202209	230W60100	60	貸倒金	0.0	0.0	0.0	0.0	0.0	0.0	管理購買部
202209	230W60100	61	雑費	8700.0	9233.0	14184.0	0.0	153.6	163.0	管理購買部
202209	230W60100	62	福利消耗品費	14200.0	7000.0	445.0	0.0	6.3	3.1	管理購買部
202209	230W60100	63	教育研修費	15000.0	15000.0	0.0	0.0	0.0	0.0	管理購買部
202209	230W60100	64	雑給	0.0	0.0	0.0	0.0	0.0	0.0	管理購買部
202209	230W60100	65	グループ共通	142600.0	142600.0	0.0	0.0	0.0	0.0	管理購買部
202209	230W60100	66	差引収益	-1649886.0	-559563.0	-2446032.0	0.0	0.0	0.0	管理購買部
202209	230W60100	67	差引比率	0.0	0.0	0.0		0.0	0.0	管理購買部
202209	230W60100	68	総時間	493.0	490.0	515.0		105.1	104.4	管理購買部
202209	230W60100	69	定時間	600.0	600.0	608.0		101.3	101.3	管理購買部
202209	230W60100	70	残業時間	5.0	5.0	13.0		260.0	260.0	管理購買部
202209	230W60100	71	移動時間	-112.0	-115.0	-106.0		0.0	0.0	管理購買部
202209	230W60100	72	当月時間当り	-3346.6	-1141.9	-4749.5		0.0	0.0	管理購買部
202209	230W60100	73	人員	4.0	4.0	4.0		100.0	100.0	管理購買部
202210	230W60100	1	総受注高	0.0	0.0	0.0		0.0	0.0	管理購買部
202210	230W60100	2	総売上高	0.0	0.0	0.0		0.0	0.0	管理購買部
202210	230W60100	3	カーネーション売上高	0.0	0.0	0.0		0.0	0.0	管理購買部
202210	230W60100	4	カスミ草売上高	0.0	0.0	0.0		0.0	0.0	管理購買部
202210	230W60100	5	その他の売上	0.0	0.0	0.0		0.0	0.0	管理購買部
202210	230W60100	6	送料	0.0	0.0	0.0		0.0	0.0	管理購買部
202210	230W60100	7	売上原価	26859107.0	3978054.0	4197197.0		105.5	15.6	管理購買部
202210	230W60100	8	苗仕入	2008800.0	3871944.0	4091209.0		105.6	203.6	管理購買部
202210	230W60100	9	パテント仕入	24850307.0	106110.0	105988.0		99.8	0.4	管理購買部
202210	230W60100	10	社内売	37501949.0	5569275.0	5876076.0		105.5	15.6	管理購買部
202210	230W60100	11	社内仕入	0.0	0.0	0.0		0.0	0.0	管理購買部
202210	230W60100	12	総収益	10642842.0	1591221.0	1678879.0		105.5	15.7	管理購買部
202210	230W60100	13	経費合計	9121555.0	1642842.0	658554.0	0.0	40.0	7.2	管理購買部
202210	230W60100	14	種苗費	0.0	0.0	0.0	0.0	0.0	0.0	管理購買部
202210	230W60100	15	肥料費	0.0	0.0	0.0	0.0	0.0	0.0	管理購買部
202210	230W60100	16	培土費用	7700000.0	0.0	484500.0	0.0	0.0	6.2	管理購買部
202210	230W60100	17	農薬衛生費	0.0	0.0	0.0	0.0	0.0	0.0	管理購買部
202210	230W60100	18	農具費	0.0	0.0	0.0	0.0	0.0	0.0	管理購買部
202210	230W60100	19	諸材料費	30000.0	104492.0	49051.0	0.0	46.9	163.5	管理購買部
202210	230W60100	20	その他仕入高	0.0	0.0	0.0	0.0	0.0	0.0	管理購買部
202210	230W60100	21	減価償却費	200754.0	214254.0	200754.0	0.0	93.6	100.0	管理購買部
202210	230W60100	22	車両費	101690.0	101690.0	95860.0	0.0	94.2	94.2	管理購買部
202210	230W60100	23	旅費交通費	5000.0	326000.0	138193.0	0.0	42.3		管理購買部
202210	230W60100	24	荷造運搬費	550000.0	250000.0	467732.0	0.0	187.0	85.0	管理購買部
202210	230W60100	25	通信費	15806.0	18358.0	21682.0	0.0	118.1	137.1	管理購買部
202210	230W60100	26	水道光熱費	2700.0	2700.0	2639.0	0.0	97.7	97.7	管理購買部
202210	230W60100	27	動力費	0.0	0.0	0.0	0.0	0.0	0.0	管理購買部
202210	230W60100	28	燃料費	0.0	0.0	0.0	0.0	0.0	0.0	管理購買部
202210	230W60100	29	事務用品費	35000.0	35000.0	51710.0	0.0	147.7	147.7	管理購買部
202210	230W60100	30	消耗品費	20000.0	26500.0	12580.0	0.0	47.4	62.9	管理購買部
202210	230W60100	31	廃棄物処理料	16000.0	16000.0	32000.0	0.0	200.0	200.0	管理購買部
202210	230W60100	32	広告宣伝費	0.0	0.0	0.0	0.0	0.0	0.0	管理購買部
202210	230W60100	33	接待交際費	5000.0	12000.0	39168.0	0.0	326.4	783.3	管理購買部
202210	230W60100	34	研究開発費	0.0	0.0	0.0	0.0	0.0	0.0	管理購買部
202210	230W60100	35	クレーム費	0.0	0.0	0.0	0.0	0.0	0.0	管理購買部
202210	230W60100	36	賃借料	56500.0	56500.0	56000.0	0.0	99.1	99.1	管理購買部
202210	230W60100	37	賃貸料収入	-10000.0	-10000.0	-10000.0	0.0	0.0	0.0	管理購買部
202210	230W60100	45	修繕費	30000.0	30000.0	0.0	0.0	0.0	0.0	管理購買部
202210	230W60100	46	支払リース料	0.0	0.0	0.0	0.0	0.0	0.0	管理購買部
202210	230W60100	47	保険料	4860.0	24590.0	4590.0	0.0	18.6	94.4	管理購買部
202210	230W60100	48	支払報酬	18500.0	18500.0	18500.0	0.0	100.0	100.0	管理購買部
202210	230W60100	49	販売手数料	0.0	0.0	-1230519.0	0.0	0.0	0.0	管理購買部
202210	230W60100	50	支払手数料	107000.0	107000.0	106694.0	0.0	99.7	99.7	管理購買部
202210	230W60100	51	診断料	0.0	0.0	0.0	0.0	0.0	0.0	管理購買部
202210	230W60100	52	諸会費	0.0	30000.0	10000.0	0.0	33.3	0.0	管理購買部
202210	230W60100	53	会議費	0.0	4000.0	0.0	0.0	0.0	0.0	管理購買部
202210	230W60100	54	寄付金	0.0	0.0	0.0	0.0	0.0	0.0	管理購買部
202210	230W60100	55	租税公課	11800.0	11800.0	13900.0	0.0	117.7	117.7	管理購買部
202210	230W60100	56	業務委託費	0.0	0.0	0.0	0.0	0.0	0.0	管理購買部
202210	230W60100	57	業務受託収入	0.0	0.0	0.0	0.0	0.0	0.0	管理購買部
202210	230W60100	58	システム管理料	0.0	0.0	0.0	0.0	0.0	0.0	管理購買部
202210	230W60100	59	情報機器利用料	22320.0	31300.0	31300.0	0.0	100.0	140.2	管理購買部
202210	230W60100	60	貸倒金	0.0	0.0	0.0	0.0	0.0	0.0	管理購買部
202210	230W60100	61	雑費	41025.0	89558.0	61858.0	0.0	69.0	150.7	管理購買部
202210	230W60100	62	福利消耗品費	0.0	0.0	362.0	0.0	0.0	0.0	管理購買部
202210	230W60100	63	教育研修費	15000.0	0.0	0.0	0.0	0.0	0.0	管理購買部
202210	230W60100	64	雑給	0.0	0.0	0.0	0.0	0.0	0.0	管理購買部
202210	230W60100	65	グループ共通	142600.0	142600.0	0.0	0.0	0.0	0.0	管理購買部
202210	230W60100	66	差引収益	1521287.0	-51621.0	1020325.0	0.0	0.0	67.0	管理購買部
202210	230W60100	67	差引比率	0.0	0.0	0.0		0.0	0.0	管理購買部
202210	230W60100	68	総時間	518.0	515.0	530.0		102.9	102.3	管理購買部
202210	230W60100	69	定時間	620.0	620.0	616.75		99.4	99.4	管理購買部
202210	230W60100	70	残業時間	10.0	10.0	27.75		277.5	277.5	管理購買部
202210	230W60100	71	移動時間	-112.0	-115.0	-114.5		0.0	0.0	管理購買部
202210	230W60100	72	当月時間当り	2936.8	-100.2	1925.1		0.0	65.5	管理購買部
202210	230W60100	73	人員	4.0	4.0	4.0		100.0	100.0	管理購買部
202211	230W60100	1	総受注高	0.0	0.0	0.0		0.0	0.0	管理購買部
202211	230W60100	2	総売上高	0.0	0.0	0.0		0.0	0.0	管理購買部
202211	230W60100	3	カーネーション売上高	0.0	0.0	0.0		0.0	0.0	管理購買部
202211	230W60100	4	カスミ草売上高	0.0	0.0	0.0		0.0	0.0	管理購買部
202211	230W60100	5	その他の売上	0.0	0.0	0.0		0.0	0.0	管理購買部
202211	230W60100	6	送料	0.0	0.0	0.0		0.0	0.0	管理購買部
202211	230W60100	7	売上原価	5117430.0	8441810.0	8092849.0		95.8	158.1	管理購買部
202211	230W60100	8	苗仕入	5117430.0	8441810.0	8092849.0		95.8	158.1	管理購買部
202211	230W60100	9	パテント仕入	0.0	0.0	0.0		0.0	0.0	管理購買部
202211	230W60100	10	社内売	6694002.0	11818534.0	11329989.0		95.8	169.2	管理購買部
202211	230W60100	11	社内仕入	0.0	0.0	0.0		0.0	0.0	管理購買部
202211	230W60100	12	総収益	1576572.0	3376724.0	3237140.0		95.8	205.3	管理購買部
202211	230W60100	13	経費合計	1797230.0	6476656.0	6100747.0	0.0	94.1	339.4	管理購買部
202211	230W60100	14	種苗費	0.0	0.0	0.0	0.0	0.0	0.0	管理購買部
202211	230W60100	15	肥料費	0.0	0.0	0.0	0.0	0.0	0.0	管理購買部
202211	230W60100	16	培土費用	450000.0	4681673.0	0.0	0.0	0.0	0.0	管理購買部
202211	230W60100	17	農薬衛生費	0.0	0.0	0.0	0.0	0.0	0.0	管理購買部
202211	230W60100	18	農具費	0.0	0.0	0.0	0.0	0.0	0.0	管理購買部
202211	230W60100	19	諸材料費	100000.0	100000.0	4736793.0	0.0			管理購買部
202211	230W60100	20	その他仕入高	0.0	0.0	0.0	0.0	0.0	0.0	管理購買部
202211	230W60100	21	減価償却費	200754.0	214254.0	200754.0	0.0	93.6	100.0	管理購買部
202211	230W60100	22	車両費	101690.0	101690.0	95300.0	0.0	93.7	93.7	管理購買部
202211	230W60100	23	旅費交通費	5000.0	250000.0	171327.0	0.0	68.5		管理購買部
202211	230W60100	24	荷造運搬費	500000.0	663000.0	643764.0	0.0	97.0	128.7	管理購買部
202211	230W60100	25	通信費	15806.0	15606.0	16854.0	0.0	107.9	106.6	管理購買部
202211	230W60100	26	水道光熱費	2700.0	2700.0	2491.0	0.0	92.2	92.2	管理購買部
202211	230W60100	27	動力費	0.0	0.0	0.0	0.0	0.0	0.0	管理購買部
202211	230W60100	28	燃料費	0.0	0.0	0.0	0.0	0.0	0.0	管理購買部
202211	230W60100	29	事務用品費	35000.0	35000.0	8800.0	0.0	25.1	25.1	管理購買部
202211	230W60100	30	消耗品費	20000.0	20000.0	4081.0	0.0	20.4	20.4	管理購買部
202211	230W60100	31	廃棄物処理料	16000.0	16000.0	16000.0	0.0	100.0	100.0	管理購買部
202211	230W60100	32	広告宣伝費	0.0	0.0	0.0	0.0	0.0	0.0	管理購買部
202211	230W60100	33	接待交際費	0.0	0.0	0.0	0.0	0.0	0.0	管理購買部
202211	230W60100	34	研究開発費	0.0	0.0	0.0	0.0	0.0	0.0	管理購買部
202211	230W60100	35	クレーム費	0.0	0.0	0.0	0.0	0.0	0.0	管理購買部
202211	230W60100	36	賃借料	56500.0	56500.0	56000.0	0.0	99.1	99.1	管理購買部
202211	230W60100	37	賃貸料収入	-10000.0	-10000.0	-10000.0	0.0	0.0	0.0	管理購買部
202211	230W60100	45	修繕費	30000.0	30000.0	0.0	0.0	0.0	0.0	管理購買部
202211	230W60100	46	支払リース料	0.0	0.0	0.0	0.0	0.0	0.0	管理購買部
202211	230W60100	47	保険料	4860.0	20000.0	0.0	0.0	0.0	0.0	管理購買部
202211	230W60100	48	支払報酬	18500.0	18500.0	18500.0	0.0	100.0	100.0	管理購買部
202211	230W60100	49	販売手数料	0.0	0.0	0.0	0.0	0.0	0.0	管理購買部
202211	230W60100	50	支払手数料	27000.0	27000.0	39450.0	0.0	146.1	146.1	管理購買部
202211	230W60100	51	診断料	0.0	0.0	0.0	0.0	0.0	0.0	管理購買部
202211	230W60100	52	諸会費	10000.0	0.0	24000.0	0.0	0.0	240.0	管理購買部
202211	230W60100	53	会議費	0.0	0.0	0.0	0.0	0.0	0.0	管理購買部
202211	230W60100	54	寄付金	0.0	0.0	0.0	0.0	0.0	0.0	管理購買部
202211	230W60100	55	租税公課	23600.0	35400.0	36400.0	0.0	102.8	154.2	管理購買部
202211	230W60100	56	業務委託費	0.0	0.0	0.0	0.0	0.0	0.0	管理購買部
202211	230W60100	57	業務受託収入	0.0	0.0	0.0	0.0	0.0	0.0	管理購買部
202211	230W60100	58	システム管理料	0.0	0.0	0.0	0.0	0.0	0.0	管理購買部
202211	230W60100	59	情報機器利用料	22320.0	31300.0	31300.0	0.0	100.0	140.2	管理購買部
202211	230W60100	60	貸倒金	0.0	0.0	0.0	0.0	0.0	0.0	管理購買部
202211	230W60100	61	雑費	8700.0	9233.0	8377.0	0.0	90.7	96.2	管理購買部
202211	230W60100	62	福利消耗品費	1200.0	1200.0	556.0	0.0	46.3	46.3	管理購買部
202211	230W60100	63	教育研修費	15000.0	15000.0	0.0	0.0	0.0	0.0	管理購買部
202211	230W60100	64	雑給	0.0	0.0	0.0	0.0	0.0	0.0	管理購買部
202211	230W60100	65	グループ共通	142600.0	142600.0	0.0	0.0	0.0	0.0	管理購買部
202211	230W60100	66	差引収益	-220658.0	-3099932.0	-2863607.0	0.0	0.0	0.0	管理購買部
202211	230W60100	67	差引比率	0.0	0.0	0.0		0.0	0.0	管理購買部
202211	230W60100	68	総時間	518.0	515.0	525.25		101.9	101.3	管理購買部
202211	230W60100	69	定時間	620.0	620.0	624.0		100.6	100.6	管理購買部
202211	230W60100	70	残業時間	10.0	10.0	16.75		167.5	167.5	管理購買部
202211	230W60100	71	移動時間	-112.0	-115.0	-115.5		0.0	0.0	管理購買部
202211	230W60100	72	当月時間当り	-425.9	-6019.2	-5451.8		0.0	0.0	管理購買部
202211	230W60100	73	人員	4.0	4.0	4.0		100.0	100.0	管理購買部
202212	230W60100	1	総受注高	0.0	0.0	0.0		0.0	0.0	管理購買部
202212	230W60100	2	総売上高	0.0	0.0	0.0		0.0	0.0	管理購買部
202212	230W60100	3	カーネーション売上高	0.0	0.0	0.0		0.0	0.0	管理購買部
202212	230W60100	4	カスミ草売上高	0.0	0.0	0.0		0.0	0.0	管理購買部
202212	230W60100	5	その他の売上	0.0	0.0	0.0		0.0	0.0	管理購買部
202212	230W60100	6	送料	0.0	0.0	0.0		0.0	0.0	管理購買部
202212	230W60100	7	売上原価	6832000.0	6952660.0	7567999.0		108.8	110.7	管理購買部
202212	230W60100	8	苗仕入	6787200.0	6888960.0	7567999.0		109.8	111.5	管理購買部
202212	230W60100	9	パテント仕入	44800.0	63700.0	0.0		0.0	0.0	管理購買部
202212	230W60100	10	社内売	8937600.0	9753534.0	10595199.0		108.6	118.5	管理購買部
202212	230W60100	11	社内仕入	0.0	0.0	0.0		0.0	0.0	管理購買部
202212	230W60100	12	総収益	2105600.0	2800874.0	3027200.0		108.0	143.7	管理購買部
202212	230W60100	13	経費合計	2015355.0	1677983.0	1857524.0	0.0	110.6	92.1	管理購買部
202212	230W60100	14	種苗費	0.0	0.0	0.0	0.0	0.0	0.0	管理購買部
202212	230W60100	15	肥料費	0.0	0.0	0.0	0.0	0.0	0.0	管理購買部
202212	230W60100	16	培土費用	0.0	0.0	0.0	0.0	0.0	0.0	管理購買部
202212	230W60100	17	農薬衛生費	0.0	0.0	0.0	0.0	0.0	0.0	管理購買部
202212	230W60100	18	農具費	0.0	0.0	0.0	0.0	0.0	0.0	管理購買部
202212	230W60100	19	諸材料費	0.0	32800.0	110300.0	0.0	336.2	0.0	管理購買部
202212	230W60100	20	その他仕入高	0.0	0.0	0.0	0.0	0.0	0.0	管理購買部
202212	230W60100	21	減価償却費	200754.0	214254.0	211587.0	0.0	98.7	105.3	管理購買部
202212	230W60100	22	車両費	101690.0	101690.0	101423.0	0.0	99.7	99.7	管理購買部
202212	230W60100	23	旅費交通費	305000.0	30000.0	59793.0	0.0	199.3	19.6	管理購買部
202212	230W60100	24	荷造運搬費	500000.0	500000.0	424562.0	0.0	84.9	84.9	管理購買部
202212	230W60100	25	通信費	15806.0	15606.0	19637.0	0.0	125.8	124.2	管理購買部
202212	230W60100	26	水道光熱費	2700.0	2700.0	2565.0	0.0	95.0	95.0	管理購買部
202212	230W60100	27	動力費	0.0	0.0	0.0	0.0	0.0	0.0	管理購買部
202212	230W60100	28	燃料費	0.0	0.0	0.0	0.0	0.0	0.0	管理購買部
202212	230W60100	29	事務用品費	35000.0	35000.0	65216.0	0.0	186.3	186.3	管理購買部
202212	230W60100	30	消耗品費	20000.0	20000.0	26400.0	0.0	132.0	132.0	管理購買部
202212	230W60100	31	廃棄物処理料	16000.0	16000.0	23070.0	0.0	144.1	144.1	管理購買部
202212	230W60100	32	広告宣伝費	0.0	0.0	0.0	0.0	0.0	0.0	管理購買部
202212	230W60100	33	接待交際費	25000.0	10000.0	10000.0	0.0	100.0	40.0	管理購買部
202212	230W60100	34	研究開発費	0.0	0.0	0.0	0.0	0.0	0.0	管理購買部
202212	230W60100	35	クレーム費	0.0	0.0	0.0	0.0	0.0	0.0	管理購買部
202212	230W60100	36	賃借料	56500.0	56500.0	56000.0	0.0	99.1	99.1	管理購買部
202212	230W60100	37	賃貸料収入	-10000.0	-10000.0	-10000.0	0.0	0.0	0.0	管理購買部
202212	230W60100	45	修繕費	30000.0	30000.0	0.0	0.0	0.0	0.0	管理購買部
202212	230W60100	46	支払リース料	0.0	0.0	0.0	0.0	0.0	0.0	管理購買部
202212	230W60100	47	保険料	24860.0	0.0	0.0	0.0	0.0	0.0	管理購買部
202212	230W60100	48	支払報酬	18500.0	18500.0	18500.0	0.0	100.0	100.0	管理購買部
202212	230W60100	49	販売手数料	0.0	0.0	0.0	0.0	0.0	0.0	管理購買部
202212	230W60100	50	支払手数料	27000.0	27000.0	89634.0	0.0	331.9	331.9	管理購買部
202212	230W60100	51	診断料	0.0	0.0	0.0	0.0	0.0	0.0	管理購買部
202212	230W60100	52	諸会費	2000.0	0.0	0.0	0.0	0.0	0.0	管理購買部
202212	230W60100	53	会議費	0.0	26000.0	17375.0	0.0	66.8	0.0	管理購買部
202212	230W60100	54	寄付金	0.0	0.0	0.0	0.0	0.0	0.0	管理購買部
202212	230W60100	55	租税公課	183600.0	177600.0	177600.0	0.0	100.0	96.7	管理購買部
202212	230W60100	56	業務委託費	0.0	0.0	0.0	0.0	0.0	0.0	管理購買部
202212	230W60100	57	業務受託収入	0.0	0.0	0.0	0.0	0.0	0.0	管理購買部
202212	230W60100	58	システム管理料	180000.0	180000.0	360000.0	0.0	200.0	200.0	管理購買部
202212	230W60100	59	情報機器利用料	22320.0	31300.0	31300.0	0.0	100.0	140.2	管理購買部
202212	230W60100	60	貸倒金	0.0	0.0	0.0	0.0	0.0	0.0	管理購買部
202212	230W60100	61	雑費	61025.0	9233.0	60706.0	0.0	657.4	99.4	管理購買部
202212	230W60100	62	福利消耗品費	0.0	1200.0	1856.0	0.0	154.6	0.0	管理購買部
202212	230W60100	63	教育研修費	55000.0	10000.0	0.0	0.0	0.0	0.0	管理購買部
202212	230W60100	64	雑給	0.0	0.0	0.0	0.0	0.0	0.0	管理購買部
202212	230W60100	65	グループ共通	142600.0	142600.0	0.0	0.0	0.0	0.0	管理購買部
202212	230W60100	66	差引収益	90245.0	1122891.0	1169676.0	0.0	104.1		管理購買部
202212	230W60100	67	差引比率	0.0	0.0	0.0		0.0	0.0	管理購買部
202212	230W60100	68	総時間	498.0	515.0	516.0		100.1	103.6	管理購買部
202212	230W60100	69	定時間	600.0	620.0	614.0		99.0	102.3	管理購買部
202212	230W60100	70	残業時間	10.0	10.0	16.0		160.0	160.0	管理購買部
202212	230W60100	71	移動時間	-112.0	-115.0	-114.0		0.0	0.0	管理購買部
202212	230W60100	72	当月時間当り	181.2	2180.3	2266.8		103.9		管理購買部
202212	230W60100	73	人員	4.0	4.0	4.0		100.0	100.0	管理購買部
202301	230W60100	1	総受注高	0.0	0.0	0.0		0.0	0.0	管理購買部
202301	230W60100	2	総売上高	0.0	0.0	0.0		0.0	0.0	管理購買部
202301	230W60100	3	カーネーション売上高	0.0	0.0	0.0		0.0	0.0	管理購買部
202301	230W60100	4	カスミ草売上高	0.0	0.0	0.0		0.0	0.0	管理購買部
202301	230W60100	5	その他の売上	0.0	0.0	0.0		0.0	0.0	管理購買部
202301	230W60100	6	送料	0.0	0.0	0.0		0.0	0.0	管理購買部
202301	230W60100	7	売上原価	4573220.0	4656857.0	4595358.0		98.6	100.4	管理購買部
202301	230W60100	8	苗仕入	4573220.0	4656857.0	4531658.0		97.3	99.0	管理購買部
202301	230W60100	9	パテント仕入	0.0	0.0	63700.0		0.0	0.0	管理購買部
202301	230W60100	10	社内売	5926508.0	6519600.0	6433501.0		98.6	108.5	管理購買部
202301	230W60100	11	社内仕入	0.0	0.0	0.0		0.0	0.0	管理購買部
202301	230W60100	12	総収益	1353288.0	1862743.0	1838143.0		98.6	135.8	管理購買部
202301	230W60100	13	経費合計	1236030.0	1778783.0	2006923.0	0.0	112.8	162.3	管理購買部
202301	230W60100	14	種苗費	0.0	0.0	0.0	0.0	0.0	0.0	管理購買部
202301	230W60100	15	肥料費	0.0	0.0	0.0	0.0	0.0	0.0	管理購買部
202301	230W60100	16	培土費用	0.0	237500.0	0.0	0.0	0.0	0.0	管理購買部
202301	230W60100	17	農薬衛生費	0.0	0.0	0.0	0.0	0.0	0.0	管理購買部
202301	230W60100	18	農具費	0.0	0.0	0.0	0.0	0.0	0.0	管理購買部
202301	230W60100	19	諸材料費	0.0	260000.0	47500.0	0.0	18.2	0.0	管理購買部
202301	230W60100	20	その他仕入高	0.0	0.0	0.0	0.0	0.0	0.0	管理購買部
202301	230W60100	21	減価償却費	200754.0	214254.0	211587.0	0.0	98.7	105.3	管理購買部
202301	230W60100	22	車両費	101690.0	101690.0	95300.0	0.0	93.7	93.7	管理購買部
202301	230W60100	23	旅費交通費	5000.0	280000.0	11619.0	0.0	4.1	232.3	管理購買部
202301	230W60100	24	荷造運搬費	500000.0	250000.0	195073.0	0.0	78.0	39.0	管理購買部
202301	230W60100	25	通信費	15806.0	15606.0	18834.0	0.0	120.6	119.1	管理購買部
202301	230W60100	26	水道光熱費	2700.0	2700.0	2712.0	0.0	100.4	100.4	管理購買部
202301	230W60100	27	動力費	0.0	0.0	0.0	0.0	0.0	0.0	管理購買部
202301	230W60100	28	燃料費	0.0	0.0	0.0	0.0	0.0	0.0	管理購買部
202301	230W60100	29	事務用品費	35000.0	35000.0	20505.0	0.0	58.5	58.5	管理購買部
202301	230W60100	30	消耗品費	20000.0	20000.0	9653.0	0.0	48.2	48.2	管理購買部
202301	230W60100	31	廃棄物処理料	16000.0	16000.0	0.0	0.0	0.0	0.0	管理購買部
202301	230W60100	32	広告宣伝費	0.0	0.0	0.0	0.0	0.0	0.0	管理購買部
202301	230W60100	33	接待交際費	0.0	10000.0	0.0	0.0	0.0	0.0	管理購買部
202301	230W60100	34	研究開発費	0.0	0.0	0.0	0.0	0.0	0.0	管理購買部
202301	230W60100	35	クレーム費	0.0	0.0	0.0	0.0	0.0	0.0	管理購買部
202301	230W60100	36	賃借料	56500.0	56500.0	56000.0	0.0	99.1	99.1	管理購買部
202301	230W60100	37	賃貸料収入	-10000.0	-10000.0	-10000.0	0.0	0.0	0.0	管理購買部
202301	230W60100	45	修繕費	30000.0	30000.0	0.0	0.0	0.0	0.0	管理購買部
202301	230W60100	46	支払リース料	0.0	0.0	0.0	0.0	0.0	0.0	管理購買部
202301	230W60100	47	保険料	4860.0	20000.0	0.0	0.0	0.0	0.0	管理購買部
202301	230W60100	48	支払報酬	18500.0	18500.0	18500.0	0.0	100.0	100.0	管理購買部
202301	230W60100	49	販売手数料	0.0	0.0	0.0	0.0	0.0	0.0	管理購買部
202301	230W60100	50	支払手数料	27000.0	27000.0	20450.0	0.0	75.7	75.7	管理購買部
202301	230W60100	51	診断料	0.0	0.0	0.0	0.0	0.0	0.0	管理購買部
202301	230W60100	52	諸会費	0.0	0.0	0.0	0.0	0.0	0.0	管理購買部
202301	230W60100	53	会議費	0.0	0.0	0.0	0.0	0.0	0.0	管理購買部
202301	230W60100	54	寄付金	0.0	0.0	0.0	0.0	0.0	0.0	管理購買部
202301	230W60100	55	租税公課	23600.0	11800.0	16800.0	0.0	142.3	71.1	管理購買部
202301	230W60100	56	業務委託費	0.0	0.0	0.0	0.0	0.0	0.0	管理購買部
202301	230W60100	57	業務受託収入	0.0	0.0	0.0	0.0	0.0	0.0	管理購買部
202301	230W60100	58	システム管理料	0.0	0.0	-180000.0	0.0	0.0	0.0	管理購買部
202301	230W60100	59	情報機器利用料	22320.0	31300.0	31300.0	0.0	100.0	140.2	管理購買部
202301	230W60100	60	貸倒金	0.0	0.0	0.0	0.0	0.0	0.0	管理購買部
202301	230W60100	61	雑費	8700.0	8333.0	14434.0	0.0	173.2	165.9	管理購買部
202301	230W60100	62	福利消耗品費	0.0	0.0	656.0	0.0	0.0	0.0	管理購買部
202301	230W60100	63	教育研修費	15000.0	0.0	0.0	0.0	0.0	0.0	管理購買部
202301	230W60100	64	雑給	0.0	0.0	0.0	0.0	0.0	0.0	管理購買部
202301	230W60100	65	グループ共通	142600.0	142600.0	1426000.0	0.0			管理購買部
202301	230W60100	66	差引収益	117258.0	83960.0	-168780.0	0.0	0.0	0.0	管理購買部
202301	230W60100	67	差引比率	0.0	0.0	0.0		0.0	0.0	管理購買部
202301	230W60100	68	総時間	434.0	462.5	470.25		101.6	108.3	管理購買部
202301	230W60100	69	定時間	536.0	556.0	548.0		98.5	102.2	管理購買部
202301	230W60100	70	残業時間	10.0	10.0	22.75		227.5	227.5	管理購買部
202301	230W60100	71	移動時間	-112.0	-103.5	-100.5		0.0	0.0	管理購買部
202301	230W60100	72	当月時間当り	270.1	181.5	-358.9		0.0	0.0	管理購買部
202301	230W60100	73	人員	4.0	4.0	4.0		100.0	100.0	管理購買部
202302	230W60100	1	総受注高	0.0	0.0	570806.0		0.0	0.0	管理購買部
202302	230W60100	2	総売上高	0.0	511038.0	570806.0		111.6	0.0	管理購買部
202302	230W60100	3	カーネーション売上高	0.0	0.0	0.0		0.0	0.0	管理購買部
202302	230W60100	4	カスミ草売上高	0.0	0.0	0.0		0.0	0.0	管理購買部
202302	230W60100	5	その他の売上	0.0	511038.0	570806.0		111.6	0.0	管理購買部
202302	230W60100	6	送料	0.0	0.0	0.0		0.0	0.0	管理購買部
202302	230W60100	7	売上原価	9950322.0	9566670.0	10093091.0		105.5	101.4	管理購買部
202302	230W60100	8	苗仕入	9950322.0	9566670.0	10181817.0		106.4	102.3	管理購買部
202302	230W60100	9	パテント仕入	0.0	0.0	-88726.0		0.0	0.0	管理購買部
202302	230W60100	10	社内売	12738152.0	13393338.0	14130327.0		105.5	110.9	管理購買部
202302	230W60100	11	社内仕入	0.0	0.0	0.0		0.0	0.0	管理購買部
202302	230W60100	12	総収益	2787830.0	4337706.0	4608042.0		106.2	165.2	管理購買部
202302	230W60100	13	経費合計	2290340.0	2372613.0	2168171.0	379.8	91.3	94.6	管理購買部
202302	230W60100	14	種苗費	0.0	0.0	0.0	0.0	0.0	0.0	管理購買部
202302	230W60100	15	肥料費	0.0	0.0	0.0	0.0	0.0	0.0	管理購買部
202302	230W60100	16	培土費用	450000.0	237500.0	486400.0	85.2	204.8	108.0	管理購買部
202302	230W60100	17	農薬衛生費	0.0	0.0	0.0	0.0	0.0	0.0	管理購買部
202302	230W60100	18	農具費	0.0	0.0	0.0	0.0	0.0	0.0	管理購買部
202302	230W60100	19	諸材料費	80000.0	260000.0	153450.0	26.8	59.0	191.8	管理購買部
202302	230W60100	20	その他仕入高	0.0	0.0	0.0	0.0	0.0	0.0	管理購買部
202302	230W60100	21	減価償却費	200754.0	214254.0	211587.0	37.0	98.7	105.3	管理購買部
202302	230W60100	22	車両費	96000.0	96820.0	98170.0	17.1	101.3	102.2	管理購買部
202302	230W60100	23	旅費交通費	355000.0	456000.0	0.0	0.0	0.0	0.0	管理購買部
202302	230W60100	24	荷造運搬費	500000.0	500000.0	526672.0	92.2	105.3	105.3	管理購買部
202302	230W60100	25	通信費	15806.0	42506.0	15623.0	2.7	36.7	98.8	管理購買部
202302	230W60100	26	水道光熱費	2700.0	2700.0	2860.0	0.5	105.9	105.9	管理購買部
202302	230W60100	27	動力費	0.0	0.0	0.0	0.0	0.0	0.0	管理購買部
202302	230W60100	28	燃料費	0.0	0.0	0.0	0.0	0.0	0.0	管理購買部
202302	230W60100	29	事務用品費	35000.0	35000.0	19261.0	3.3	55.0	55.0	管理購買部
202302	230W60100	30	消耗品費	20000.0	20000.0	17188.0	3.0	85.9	85.9	管理購買部
202302	230W60100	31	廃棄物処理料	16000.0	16000.0	16000.0	2.8	100.0	100.0	管理購買部
202302	230W60100	32	広告宣伝費	0.0	0.0	0.0	0.0	0.0	0.0	管理購買部
202302	230W60100	33	接待交際費	0.0	0.0	0.0	0.0	0.0	0.0	管理購買部
202302	230W60100	34	研究開発費	0.0	0.0	0.0	0.0	0.0	0.0	管理購買部
202302	230W60100	35	クレーム費	0.0	0.0	0.0	0.0	0.0	0.0	管理購買部
202302	230W60100	36	賃借料	56500.0	56500.0	56000.0	9.8	99.1	99.1	管理購買部
202302	230W60100	37	賃貸料収入	-10000.0	-10000.0	-10000.0	0.0	0.0	0.0	管理購買部
202302	230W60100	45	修繕費	30000.0	30000.0	0.0	0.0	0.0	0.0	管理購買部
202302	230W60100	46	支払リース料	0.0	0.0	0.0	0.0	0.0	0.0	管理購買部
202302	230W60100	47	保険料	24860.0	10000.0	0.0	0.0	0.0	0.0	管理購買部
202302	230W60100	48	支払報酬	18500.0	18500.0	18500.0	3.2	100.0	100.0	管理購買部
202302	230W60100	49	販売手数料	0.0	0.0	88726.0	15.5	0.0	0.0	管理購買部
202302	230W60100	50	支払手数料	27000.0	27000.0	51131.0	8.9	189.3	189.3	管理購買部
202302	230W60100	51	診断料	0.0	0.0	0.0	0.0	0.0	0.0	管理購買部
202302	230W60100	52	諸会費	10000.0	0.0	10000.0	1.7	0.0	100.0	管理購買部
202302	230W60100	53	会議費	0.0	0.0	0.0	0.0	0.0	0.0	管理購買部
202302	230W60100	54	寄付金	0.0	0.0	0.0	0.0	0.0	0.0	管理購買部
202302	230W60100	55	租税公課	183600.0	177600.0	195307.0	34.2	109.9	106.3	管理購買部
202302	230W60100	56	業務委託費	0.0	0.0	0.0	0.0	0.0	0.0	管理購買部
202302	230W60100	57	業務受託収入	0.0	0.0	0.0	0.0	0.0	0.0	管理購買部
202302	230W60100	58	システム管理料	0.0	0.0	0.0	0.0	0.0	0.0	管理購買部
202302	230W60100	59	情報機器利用料	22320.0	31300.0	27920.0	4.8	89.2	125.0	管理購買部
202302	230W60100	60	貸倒金	0.0	0.0	0.0	0.0	0.0	0.0	管理購買部
202302	230W60100	61	雑費	8700.0	8333.0	40359.0	7.0	484.3	463.8	管理購買部
202302	230W60100	62	福利消耗品費	0.0	0.0	417.0	0.0	0.0	0.0	管理購買部
202302	230W60100	63	教育研修費	5000.0	0.0	0.0	0.0	0.0	0.0	管理購買部
202302	230W60100	64	雑給	0.0	0.0	0.0	0.0	0.0	0.0	管理購買部
202302	230W60100	65	グループ共通	142600.0	142600.0	142600.0	24.9	100.0	100.0	管理購買部
202302	230W60100	66	差引収益	497490.0	1965093.0	2439871.0	427.4	124.1	490.4	管理購買部
202302	230W60100	67	差引比率	0.0	384.5	427.4		111.1	0.0	管理購買部
202302	230W60100	68	総時間	486.0	340.75	344.25		101.0	70.8	管理購買部
202302	230W60100	69	定時間	588.0	436.0	419.25		96.1	71.3	管理購買部
202302	230W60100	70	残業時間	10.0	14.0	30.25		216.0	302.5	管理購買部
202302	230W60100	71	移動時間	-112.0	-109.25	-105.25		0.0	0.0	管理購買部
202302	230W60100	72	当月時間当り	1023.6	5766.9	7087.4		122.8	692.3	管理購買部
202302	230W60100	73	人員	4.0	3.0	3.0		100.0	75.0	管理購買部
202303	230W60100	1	総受注高	0.0	0.0	85075.0		0.0	0.0	管理購買部
202303	230W60100	2	総売上高	511038.0	0.0	85075.0		0.0	16.6	管理購買部
202303	230W60100	3	カーネーション売上高	0.0	0.0	0.0		0.0	0.0	管理購買部
202303	230W60100	4	カスミ草売上高	0.0	0.0	0.0		0.0	0.0	管理購買部
202303	230W60100	5	その他の売上	511038.0	0.0	85075.0		0.0	16.6	管理購買部
202303	230W60100	6	送料	0.0	0.0	0.0		0.0	0.0	管理購買部
202303	230W60100	7	売上原価	15046255.0	17309233.0	19008430.0		109.8	126.3	管理購買部
202303	230W60100	8	苗仕入	9496280.0	11221733.0	12962834.0		115.5	136.5	管理購買部
202303	230W60100	9	パテント仕入	5549975.0	6087500.0	6045596.0		99.3	108.9	管理購買部
202303	230W60100	10	社内売	20191157.0	24232926.0	26611802.0		109.8	131.7	管理購買部
202303	230W60100	11	社内仕入	0.0	0.0	0.0		0.0	0.0	管理購買部
202303	230W60100	12	総収益	5655940.0	6923693.0	7688447.0		111.0	135.9	管理購買部
202303	230W60100	13	経費合計	1220434.0	2589286.0	2018146.0	0.0	77.9	165.3	管理購買部
202303	230W60100	14	種苗費	0.0	0.0	0.0	0.0	0.0	0.0	管理購買部
202303	230W60100	15	肥料費	0.0	0.0	0.0	0.0	0.0	0.0	管理購買部
202303	230W60100	16	培土費用	0.0	237500.0	0.0	0.0	0.0	0.0	管理購買部
202303	230W60100	17	農薬衛生費	0.0	0.0	0.0	0.0	0.0	0.0	管理購買部
202303	230W60100	18	農具費	0.0	0.0	0.0	0.0	0.0	0.0	管理購買部
202303	230W60100	19	諸材料費	0.0	54000.0	4045.0	4.7	7.4	0.0	管理購買部
202303	230W60100	20	その他仕入高	0.0	0.0	0.0	0.0	0.0	0.0	管理購買部
202303	230W60100	21	減価償却費	200848.0	214254.0	211682.0	248.8	98.7	105.3	管理購買部
202303	230W60100	22	車両費	96000.0	96820.0	60400.0	70.9	62.3	62.9	管理購買部
202303	230W60100	23	旅費交通費	5000.0	481000.0	619956.0	728.7	128.8		管理購買部
202303	230W60100	24	荷造運搬費	500000.0	1000000.0	624908.0	734.5	62.4	124.9	管理購買部
202303	230W60100	25	通信費	15806.0	38606.0	37473.0	44.0	97.0	237.0	管理購買部
202303	230W60100	26	水道光熱費	2700.0	2700.0	3156.0	3.7	116.8	116.8	管理購買部
202303	230W60100	27	動力費	0.0	0.0	0.0	0.0	0.0	0.0	管理購買部
202303	230W60100	28	燃料費	0.0	0.0	0.0	0.0	0.0	0.0	管理購買部
202303	230W60100	29	事務用品費	35000.0	35000.0	45306.0	53.2	129.4	129.4	管理購買部
202303	230W60100	30	消耗品費	20000.0	20000.0	10611.0	12.4	53.0	53.0	管理購買部
202303	230W60100	31	廃棄物処理料	16000.0	16000.0	32000.0	37.6	200.0	200.0	管理購買部
202303	230W60100	32	広告宣伝費	0.0	0.0	0.0	0.0	0.0	0.0	管理購買部
202303	230W60100	33	接待交際費	0.0	32000.0	27060.0	31.8	84.5	0.0	管理購買部
202303	230W60100	34	研究開発費	0.0	0.0	0.0	0.0	0.0	0.0	管理購買部
202303	230W60100	35	クレーム費	0.0	0.0	0.0	0.0	0.0	0.0	管理購買部
202303	230W60100	36	賃借料	56500.0	56500.0	56000.0	65.8	99.1	99.1	管理購買部
202303	230W60100	37	賃貸料収入	-10000.0	-10000.0	-10000.0	0.0	0.0	0.0	管理購買部
202303	230W60100	45	修繕費	30000.0	88000.0	76280.0	89.6	86.6	254.2	管理購買部
202303	230W60100	46	支払リース料	0.0	0.0	0.0	0.0	0.0	0.0	管理購買部
202303	230W60100	47	保険料	4860.0	34973.0	20573.0	24.1	58.8	423.3	管理購買部
202303	230W60100	48	支払報酬	18500.0	18500.0	18500.0	21.7	100.0	100.0	管理購買部
202303	230W60100	49	販売手数料	0.0	-88000.0	-88726.0	0.0	0.0	0.0	管理購買部
202303	230W60100	50	支払手数料	27000.0	27000.0	18245.0	21.4	67.5	67.5	管理購買部
202303	230W60100	51	診断料	0.0	0.0	0.0	0.0	0.0	0.0	管理購買部
202303	230W60100	52	諸会費	0.0	0.0	18000.0	21.1	0.0	0.0	管理購買部
202303	230W60100	53	会議費	0.0	0.0	2046.0	2.4	0.0	0.0	管理購買部
202303	230W60100	54	寄付金	0.0	0.0	0.0	0.0	0.0	0.0	管理購買部
202303	230W60100	55	租税公課	23600.0	47200.0	47400.0	55.7	100.4	200.8	管理購買部
202303	230W60100	56	業務委託費	0.0	0.0	0.0	0.0	0.0	0.0	管理購買部
202303	230W60100	57	業務受託収入	0.0	0.0	0.0	0.0	0.0	0.0	管理購買部
202303	230W60100	58	システム管理料	0.0	0.0	0.0	0.0	0.0	0.0	管理購買部
202303	230W60100	59	情報機器利用料	22320.0	31300.0	27920.0	32.8	89.2	125.0	管理購買部
202303	230W60100	60	貸倒金	0.0	0.0	0.0	0.0	0.0	0.0	管理購買部
202303	230W60100	61	雑費	8700.0	8333.0	12433.0	14.6	149.2	142.9	管理購買部
202303	230W60100	62	福利消耗品費	0.0	0.0	278.0	0.3	0.0	0.0	管理購買部
202303	230W60100	63	教育研修費	5000.0	5000.0	0.0	0.0	0.0	0.0	管理購買部
202303	230W60100	64	雑給	0.0	0.0	0.0	0.0	0.0	0.0	管理購買部
202303	230W60100	65	グループ共通	142600.0	142600.0	142600.0	167.6	100.0	100.0	管理購買部
202303	230W60100	66	差引収益	4435506.0	4334407.0	5670301.0	0.0	130.8	127.8	管理購買部
202303	230W60100	67	差引比率	867.9	0.0	6665.0		0.0	767.9	管理購買部
202303	230W60100	68	総時間	582.0	416.0	431.25		103.6	74.0	管理購買部
202303	230W60100	69	定時間	684.0	508.0	528.0		103.9	77.1	管理購買部
202303	230W60100	70	残業時間	10.0	20.0	34.25		171.2	342.5	管理購買部
202303	230W60100	71	移動時間	-112.0	-112.0	-131.0		0.0	0.0	管理購買部
202303	230W60100	72	当月時間当り	7621.1	10419.2	13148.5		126.1	172.5	管理購買部
202303	230W60100	73	人員	4.0	3.0	3.0		100.0	75.0	管理購買部
202304	230W60100	1	総受注高	0.0	0.0	0.0		0.0	0.0	管理購買部
202304	230W60100	2	総売上高	0.0	0.0	0.0		0.0	0.0	管理購買部
202304	230W60100	3	カーネーション売上高	0.0	0.0	0.0		0.0	0.0	管理購買部
202304	230W60100	4	カスミ草売上高	0.0	0.0	0.0		0.0	0.0	管理購買部
202304	230W60100	5	その他の売上	0.0	0.0	0.0		0.0	0.0	管理購買部
202304	230W60100	6	送料	0.0	0.0	0.0		0.0	0.0	管理購買部
202304	230W60100	7	売上原価	8945457.0	8810857.0	10316087.0		117.0	115.3	管理購買部
202304	230W60100	8	苗仕入	8810857.0	8810857.0	10316087.0		117.0	117.0	管理購買部
202304	230W60100	9	パテント仕入	134600.0	0.0	0.0		0.0	0.0	管理購買部
202304	230W60100	10	社内売	9749925.0	11142000.0	10242672.0		91.9	105.0	管理購買部
202304	230W60100	11	社内仕入	0.0	0.0	0.0		0.0	0.0	管理購買部
202304	230W60100	12	総収益	804468.0	2331143.0	-73415.0		0.0	0.0	管理購買部
202304	230W60100	13	経費合計	1773985.0	1773985.0	1674094.0	0.0	94.3	94.3	管理購買部
202304	230W60100	14	種苗費	0.0	0.0	89150.0	0.0	0.0	0.0	管理購買部
202304	230W60100	15	肥料費	0.0	0.0	0.0	0.0	0.0	0.0	管理購買部
202304	230W60100	16	培土費用	500000.0	500000.0	518760.0	0.0	103.7	103.7	管理購買部
202304	230W60100	17	農薬衛生費	0.0	0.0	0.0	0.0	0.0	0.0	管理購買部
202304	230W60100	18	農具費	0.0	0.0	0.0	0.0	0.0	0.0	管理購買部
202304	230W60100	19	諸材料費	60000.0	60000.0	55120.0	0.0	91.8	91.8	管理購買部
202304	230W60100	20	その他仕入高	0.0	0.0	0.0	0.0	0.0	0.0	管理購買部
202304	230W60100	21	減価償却費	164716.0	164716.0	164716.0	0.0	100.0	100.0	管理購買部
202304	230W60100	22	車両費	0.0	0.0	0.0	0.0	0.0	0.0	管理購買部
202304	230W60100	23	旅費交通費	0.0	0.0	0.0	0.0	0.0	0.0	管理購買部
202304	230W60100	24	荷造運搬費	500000.0	500000.0	275253.0	0.0	55.0	55.0	管理購買部
202304	230W60100	25	通信費	18051.0	18051.0	15213.0	0.0	84.2	84.2	管理購買部
202304	230W60100	26	水道光熱費	2712.0	2712.0	3230.0	0.0	119.1	119.1	管理購買部
202304	230W60100	27	動力費	0.0	0.0	0.0	0.0	0.0	0.0	管理購買部
202304	230W60100	28	燃料費	0.0	0.0	0.0	0.0	0.0	0.0	管理購買部
202304	230W60100	29	事務用品費	109000.0	109000.0	147373.0	0.0	135.2	135.2	管理購買部
202304	230W60100	30	消耗品費	15000.0	15000.0	41673.0	0.0	277.8	277.8	管理購買部
202304	230W60100	31	廃棄物処理料	16000.0	16000.0	0.0	0.0	0.0	0.0	管理購買部
202304	230W60100	32	広告宣伝費	0.0	0.0	0.0	0.0	0.0	0.0	管理購買部
202304	230W60100	33	接待交際費	0.0	0.0	0.0	0.0	0.0	0.0	管理購買部
202304	230W60100	34	研究開発費	0.0	0.0	0.0	0.0	0.0	0.0	管理購買部
202304	230W60100	35	クレーム費	0.0	0.0	0.0	0.0	0.0	0.0	管理購買部
202304	230W60100	36	賃借料	56450.0	56450.0	54550.0	0.0	96.6	96.6	管理購買部
202304	230W60100	37	賃貸料収入	-10000.0	-10000.0	-4333.0	0.0	0.0	0.0	管理購買部
202304	230W60100	45	修繕費	40000.0	40000.0	0.0	0.0	0.0	0.0	管理購買部
202304	230W60100	46	支払リース料	0.0	0.0	0.0	0.0	0.0	0.0	管理購買部
202304	230W60100	47	保険料	0.0	0.0	0.0	0.0	0.0	0.0	管理購買部
202304	230W60100	48	支払報酬	18500.0	18500.0	18500.0	0.0	100.0	100.0	管理購買部
202304	230W60100	49	販売手数料	0.0	0.0	0.0	0.0	0.0	0.0	管理購買部
202304	230W60100	50	支払手数料	103500.0	103500.0	123539.0	0.0	119.3	119.3	管理購買部
202304	230W60100	51	診断料	0.0	0.0	0.0	0.0	0.0	0.0	管理購買部
202304	230W60100	52	諸会費	0.0	0.0	0.0	0.0	0.0	0.0	管理購買部
202304	230W60100	53	会議費	0.0	0.0	0.0	0.0	0.0	0.0	管理購買部
202304	230W60100	54	寄付金	0.0	0.0	0.0	0.0	0.0	0.0	管理購買部
202304	230W60100	55	租税公課	23600.0	23600.0	48400.0	0.0	205.0	205.0	管理購買部
202304	230W60100	56	業務委託費	0.0	0.0	0.0	0.0	0.0	0.0	管理購買部
202304	230W60100	57	業務受託収入	0.0	0.0	0.0	0.0	0.0	0.0	管理購買部
202304	230W60100	58	システム管理料	0.0	0.0	0.0	0.0	0.0	0.0	管理購買部
202304	230W60100	59	情報機器利用料	13360.0	13360.0	16740.0	0.0	125.2	125.2	管理購買部
202304	230W60100	60	貸倒金	0.0	0.0	0.0	0.0	0.0	0.0	管理購買部
202304	230W60100	61	雑費	40596.0	40596.0	8710.0	0.0	21.4	21.4	管理購買部
202304	230W60100	62	福利消耗品費	0.0	0.0	0.0	0.0	0.0	0.0	管理購買部
202304	230W60100	63	教育研修費	5000.0	5000.0	0.0	0.0	0.0	0.0	管理購買部
202304	230W60100	64	雑給	0.0	0.0	0.0	0.0	0.0	0.0	管理購買部
202304	230W60100	65	グループ共通	97500.0	97500.0	97500.0	0.0	100.0	100.0	管理購買部
202304	230W60100	66	差引収益	-969517.0	557158.0	-1747509.0	0.0	0.0	0.0	管理購買部
202304	230W60100	67	差引比率	0.0	0.0	0.0		0.0	0.0	管理購買部
202304	230W60100	68	総時間	335.0	335.0	338.25		100.9	100.9	管理購買部
202304	230W60100	69	定時間	320.0	320.0	320.0		100.0	100.0	管理購買部
202304	230W60100	70	残業時間	15.0	15.0	18.25		121.6	121.6	管理購買部
202304	230W60100	71	移動時間	0.0	0.0	0.0		0.0	0.0	管理購買部
202304	230W60100	72	当月時間当り	-2894.0	1663.1	-5166.3		0.0	0.0	管理購買部
202304	230W60100	73	人員	2.0	2.0	2.0		100.0	100.0	管理購買部
202305	230W60100	1	総受注高	0.0	0.0	0.0		0.0	0.0	管理購買部
202305	230W60100	2	総売上高	0.0	0.0	0.0		0.0	0.0	管理購買部
202305	230W60100	3	カーネーション売上高	0.0	0.0	0.0		0.0	0.0	管理購買部
202305	230W60100	4	カスミ草売上高	0.0	0.0	0.0		0.0	0.0	管理購買部
202305	230W60100	5	その他の売上	0.0	0.0	0.0		0.0	0.0	管理購買部
202305	230W60100	6	送料	0.0	0.0	0.0		0.0	0.0	管理購買部
202305	230W60100	7	売上原価	12223475.0	12090703.0	60548020.0		500.7	495.3	管理購買部
202305	230W60100	8	苗仕入	12223475.0	12090703.0	60548020.0		500.7	495.3	管理購買部
202305	230W60100	9	パテント仕入	0.0	0.0	0.0		0.0	0.0	管理購買部
202305	230W60100	10	社内売	15441525.0	15165338.0	15198984.0		100.2	98.4	管理購買部
202305	230W60100	11	社内仕入	0.0	0.0	0.0		0.0	0.0	管理購買部
202305	230W60100	12	総収益	3218050.0	3074635.0	-45349036.0		0.0	0.0	管理購買部
202305	230W60100	13	経費合計	8983424.0	9053424.0	3850298.0	0.0	42.5	42.8	管理購買部
202305	230W60100	14	種苗費	5766825.0	5766825.0	0.0	0.0	0.0	0.0	管理購買部
202305	230W60100	15	肥料費	0.0	0.0	0.0	0.0	0.0	0.0	管理購買部
202305	230W60100	16	培土費用	1250000.0	1250000.0	1009800.0	0.0	80.7	80.7	管理購買部
202305	230W60100	17	農薬衛生費	0.0	0.0	0.0	0.0	0.0	0.0	管理購買部
202305	230W60100	18	農具費	0.0	0.0	0.0	0.0	0.0	0.0	管理購買部
202305	230W60100	19	諸材料費	169000.0	229000.0	394703.0	0.0	172.3	233.5	管理購買部
202305	230W60100	20	その他仕入高	0.0	0.0	0.0	0.0	0.0	0.0	管理購買部
202305	230W60100	21	減価償却費	170616.0	170616.0	164716.0	0.0	96.5	96.5	管理購買部
202305	230W60100	22	車両費	0.0	0.0	17700.0	0.0	0.0	0.0	管理購買部
202305	230W60100	23	旅費交通費	0.0	0.0	21986.0	0.0	0.0	0.0	管理購買部
202305	230W60100	24	荷造運搬費	900000.0	900000.0	1677699.0	0.0	186.4	186.4	管理購買部
202305	230W60100	25	通信費	18051.0	18051.0	15442.0	0.0	85.5	85.5	管理購買部
202305	230W60100	26	水道光熱費	2712.0	2712.0	3082.0	0.0	113.6	113.6	管理購買部
202305	230W60100	27	動力費	0.0	0.0	0.0	0.0	0.0	0.0	管理購買部
202305	230W60100	28	燃料費	0.0	0.0	0.0	0.0	0.0	0.0	管理購買部
202305	230W60100	29	事務用品費	49000.0	109000.0	82784.0	0.0	75.9	168.9	管理購買部
202305	230W60100	30	消耗品費	115000.0	15000.0	14947.0	0.0	99.6	12.9	管理購買部
202305	230W60100	31	廃棄物処理料	16000.0	16000.0	32000.0	0.0	200.0	200.0	管理購買部
202305	230W60100	32	広告宣伝費	0.0	0.0	0.0	0.0	0.0	0.0	管理購買部
202305	230W60100	33	接待交際費	0.0	50000.0	0.0	0.0	0.0	0.0	管理購買部
202305	230W60100	34	研究開発費	0.0	0.0	0.0	0.0	0.0	0.0	管理購買部
202305	230W60100	35	クレーム費	0.0	0.0	0.0	0.0	0.0	0.0	管理購買部
202305	230W60100	36	賃借料	56450.0	56450.0	-30091.0	0.0	0.0	0.0	管理購買部
202305	230W60100	37	賃貸料収入	-10000.0	-10000.0	0.0	0.0	0.0	0.0	管理購買部
202305	230W60100	45	修繕費	40000.0	40000.0	30091.0	0.0	75.2	75.2	管理購買部
202305	230W60100	46	支払リース料	0.0	0.0	0.0	0.0	0.0	0.0	管理購買部
202305	230W60100	47	保険料	0.0	0.0	0.0	0.0	0.0	0.0	管理購買部
202305	230W60100	48	支払報酬	18500.0	18500.0	18500.0	0.0	100.0	100.0	管理購買部
202305	230W60100	49	販売手数料	0.0	0.0	0.0	0.0	0.0	0.0	管理購買部
202305	230W60100	50	支払手数料	28500.0	28500.0	36050.0	0.0	126.4	126.4	管理購買部
202305	230W60100	51	診断料	0.0	0.0	0.0	0.0	0.0	0.0	管理購買部
202305	230W60100	52	諸会費	9000.0	9000.0	9000.0	0.0	100.0	100.0	管理購買部
202305	230W60100	53	会議費	0.0	0.0	0.0	0.0	0.0	0.0	管理購買部
202305	230W60100	54	寄付金	0.0	0.0	0.0	0.0	0.0	0.0	管理購買部
202305	230W60100	55	租税公課	225800.0	225800.0	187000.0	0.0	82.8	82.8	管理購買部
202305	230W60100	56	業務委託費	0.0	0.0	0.0	0.0	0.0	0.0	管理購買部
202305	230W60100	57	業務受託収入	0.0	0.0	0.0	0.0	0.0	0.0	管理購買部
202305	230W60100	58	システム管理料	0.0	0.0	0.0	0.0	0.0	0.0	管理購買部
202305	230W60100	59	情報機器利用料	13360.0	13360.0	16740.0	0.0	125.2	125.2	管理購買部
202305	230W60100	60	貸倒金	0.0	0.0	0.0	0.0	0.0	0.0	管理購買部
202305	230W60100	61	雑費	19490.0	19490.0	40552.0	0.0	208.0	208.0	管理購買部
202305	230W60100	62	福利消耗品費	22620.0	22620.0	10097.0	0.0	44.6	44.6	管理購買部
202305	230W60100	63	教育研修費	5000.0	5000.0	0.0	0.0	0.0	0.0	管理購買部
202305	230W60100	64	雑給	0.0	0.0	0.0	0.0	0.0	0.0	管理購買部
202305	230W60100	65	グループ共通	97500.0	97500.0	97500.0	0.0	100.0	100.0	管理購買部
202305	230W60100	66	差引収益	-5765374.0	-5978789.0	-49199334.0	0.0	0.0	0.0	管理購買部
202305	230W60100	67	差引比率	0.0	0.0	0.0		0.0	0.0	管理購買部
202305	230W60100	68	総時間	287.0	287.0	381.25		132.8	132.8	管理購買部
202305	230W60100	69	定時間	272.0	272.0	348.75		128.2	128.2	管理購買部
202305	230W60100	70	残業時間	15.0	15.0	32.5		216.6	216.6	管理購買部
202305	230W60100	71	移動時間	0.0	0.0	0.0		0.0	0.0	管理購買部
202305	230W60100	72	当月時間当り	-20088.4	-20832.0	-129047.4		0.0	0.0	管理購買部
202305	230W60100	73	人員	2.0	2.0	2.0		100.0	100.0	管理購買部
202306	230W60100	1	総受注高	0.0	0.0	0.0		0.0	0.0	管理購買部
202306	230W60100	2	総売上高	0.0	0.0	0.0		0.0	0.0	管理購買部
202306	230W60100	3	カーネーション売上高	0.0	0.0	0.0		0.0	0.0	管理購買部
202306	230W60100	4	カスミ草売上高	0.0	0.0	0.0		0.0	0.0	管理購買部
202306	230W60100	5	その他の売上	0.0	0.0	0.0		0.0	0.0	管理購買部
202306	230W60100	6	送料	0.0	0.0	0.0		0.0	0.0	管理購買部
202306	230W60100	7	売上原価	145080812.0	82321070.0	97106930.0		117.9	66.9	管理購買部
202306	230W60100	8	苗仕入	145080812.0	82321070.0	97106930.0		117.9	66.9	管理購買部
202306	230W60100	9	パテント仕入	0.0	0.0	0.0		0.0	0.0	管理購買部
202306	230W60100	10	社内売	191432385.0	189604388.0	187371694.0		98.8	97.8	管理購買部
202306	230W60100	11	社内仕入	0.0	0.0	0.0		0.0	0.0	管理購買部
202306	230W60100	12	総収益	46351573.0	107283318.0	90264764.0		84.1	194.7	管理購買部
202306	230W60100	13	経費合計	20217063.0	20213563.0	24705279.0	0.0	122.2	122.2	管理購買部
202306	230W60100	14	種苗費	14901554.0	14901554.0	20097345.0	0.0	134.8	134.8	管理購買部
202306	230W60100	15	肥料費	0.0	0.0	0.0	0.0	0.0	0.0	管理購買部
202306	230W60100	16	培土費用	0.0	0.0	0.0	0.0	0.0	0.0	管理購買部
202306	230W60100	17	農薬衛生費	0.0	0.0	0.0	0.0	0.0	0.0	管理購買部
202306	230W60100	18	農具費	0.0	0.0	0.0	0.0	0.0	0.0	管理購買部
202306	230W60100	19	諸材料費	87000.0	87000.0	234590.0	0.0	269.6	269.6	管理購買部
202306	230W60100	20	その他仕入高	0.0	0.0	0.0	0.0	0.0	0.0	管理購買部
202306	230W60100	21	減価償却費	170616.0	170616.0	164716.0	0.0	96.5	96.5	管理購買部
202306	230W60100	22	車両費	0.0	0.0	0.0	0.0	0.0	0.0	管理購買部
202306	230W60100	23	旅費交通費	0.0	0.0	0.0	0.0	0.0	0.0	管理購買部
202306	230W60100	24	荷造運搬費	3570000.0	3570000.0	3329749.0	0.0	93.2	93.2	管理購買部
202306	230W60100	25	通信費	18051.0	18051.0	15628.0	0.0	86.5	86.5	管理購買部
202306	230W60100	26	水道光熱費	2712.0	2712.0	3082.0	0.0	113.6	113.6	管理購買部
202306	230W60100	27	動力費	0.0	0.0	0.0	0.0	0.0	0.0	管理購買部
202306	230W60100	28	燃料費	0.0	0.0	0.0	0.0	0.0	0.0	管理購買部
202306	230W60100	29	事務用品費	58000.0	58000.0	55245.0	0.0	95.2	95.2	管理購買部
202306	230W60100	30	消耗品費	15000.0	15000.0	41295.0	0.0	275.3	275.3	管理購買部
202306	230W60100	31	廃棄物処理料	16000.0	16000.0	16000.0	0.0	100.0	100.0	管理購買部
202306	230W60100	32	広告宣伝費	0.0	0.0	26127.0	0.0	0.0	0.0	管理購買部
202306	230W60100	33	接待交際費	0.0	0.0	0.0	0.0	0.0	0.0	管理購買部
202306	230W60100	34	研究開発費	0.0	0.0	0.0	0.0	0.0	0.0	管理購買部
202306	230W60100	35	クレーム費	0.0	0.0	0.0	0.0	0.0	0.0	管理購買部
202306	230W60100	36	賃借料	0.0	0.0	0.0	0.0	0.0	0.0	管理購買部
202306	230W60100	37	賃貸料収入	0.0	0.0	0.0	0.0	0.0	0.0	管理購買部
202306	230W60100	45	修繕費	40000.0	40000.0	0.0	0.0	0.0	0.0	管理購買部
202306	230W60100	46	支払リース料	0.0	0.0	0.0	0.0	0.0	0.0	管理購買部
202306	230W60100	47	保険料	0.0	0.0	0.0	0.0	0.0	0.0	管理購買部
202306	230W60100	48	支払報酬	621500.0	621500.0	66500.0	0.0	10.6	10.6	管理購買部
202306	230W60100	49	販売手数料	0.0	0.0	0.0	0.0	0.0	0.0	管理購買部
202306	230W60100	50	支払手数料	52500.0	49000.0	31950.0	0.0	65.2	60.8	管理購買部
202306	230W60100	51	診断料	0.0	0.0	0.0	0.0	0.0	0.0	管理購買部
202306	230W60100	52	諸会費	18000.0	18000.0	18000.0	0.0	100.0	100.0	管理購買部
202306	230W60100	53	会議費	10000.0	10000.0	0.0	0.0	0.0	0.0	管理購買部
202306	230W60100	54	寄付金	0.0	0.0	0.0	0.0	0.0	0.0	管理購買部
202306	230W60100	55	租税公課	187000.0	187000.0	122600.0	0.0	65.5	65.5	管理購買部
202306	230W60100	56	業務委託費	0.0	0.0	45455.0	0.0	0.0	0.0	管理購買部
202306	230W60100	57	業務受託収入	0.0	0.0	0.0	0.0	0.0	0.0	管理購買部
202306	230W60100	58	システム管理料	320000.0	320000.0	314000.0	0.0	98.1	98.1	管理購買部
202306	230W60100	59	情報機器利用料	13360.0	13360.0	16740.0	0.0	125.2	125.2	管理購買部
202306	230W60100	60	貸倒金	0.0	0.0	0.0	0.0	0.0	0.0	管理購買部
202306	230W60100	61	雑費	8270.0	8270.0	8229.0	0.0	99.5	99.5	管理購買部
202306	230W60100	62	福利消耗品費	5000.0	5000.0	528.0	0.0	10.5	10.5	管理購買部
202306	230W60100	63	教育研修費	5000.0	5000.0	0.0	0.0	0.0	0.0	管理購買部
202306	230W60100	64	雑給	0.0	0.0	0.0	0.0	0.0	0.0	管理購買部
202306	230W60100	65	グループ共通	97500.0	97500.0	97500.0	0.0	100.0	100.0	管理購買部
202306	230W60100	66	差引収益	26134510.0	87069755.0	65559485.0	0.0	75.2	250.8	管理購買部
202306	230W60100	67	差引比率	0.0	0.0	0.0		0.0	0.0	管理購買部
202306	230W60100	68	総時間	455.0	455.0	402.5		88.4	88.4	管理購買部
202306	230W60100	69	定時間	400.0	400.0	380.25		95.0	95.0	管理購買部
202306	230W60100	70	残業時間	55.0	55.0	22.25		40.4	40.4	管理購買部
202306	230W60100	71	移動時間	0.0	0.0	0.0		0.0	0.0	管理購買部
202306	230W60100	72	当月時間当り	57438.4	191362.0	162880.7		85.1	283.5	管理購買部
202306	230W60100	73	人員	2.0	2.0	2.0		100.0	100.0	管理購買部
202307	230W60100	1	総受注高	0.0	0.0	0.0		0.0	0.0	管理購買部
202307	230W60100	2	総売上高	0.0	0.0	0.0		0.0	0.0	管理購買部
202307	230W60100	3	カーネーション売上高	0.0	0.0	0.0		0.0	0.0	管理購買部
202307	230W60100	4	カスミ草売上高	0.0	0.0	0.0		0.0	0.0	管理購買部
202307	230W60100	5	その他の売上	0.0	0.0	0.0		0.0	0.0	管理購買部
202307	230W60100	6	送料	0.0	0.0	0.0		0.0	0.0	管理購買部
202307	230W60100	7	売上原価	6445745.0	10049282.0	8421595.0		83.8	130.6	管理購買部
202307	230W60100	8	苗仕入	5660625.0	9267042.0	7302995.0		78.8	129.0	管理購買部
202307	230W60100	9	パテント仕入	785120.0	782240.0	1118600.0		142.9	142.4	管理購買部
202307	230W60100	10	社内売	38780370.0	41830838.0	42896992.0		102.5	110.6	管理購買部
202307	230W60100	11	社内仕入	0.0	0.0	0.0		0.0	0.0	管理購買部
202307	230W60100	12	総収益	32334625.0	31781556.0	34475397.0		108.4	106.6	管理購買部
202307	230W60100	13	経費合計	1861135.0	1154990.0	3080296.0	0.0	266.6	165.5	管理購買部
202307	230W60100	14	種苗費	0.0	0.0	1664990.0	0.0	0.0	0.0	管理購買部
202307	230W60100	15	肥料費	0.0	0.0	0.0	0.0	0.0	0.0	管理購買部
202307	230W60100	16	培土費用	0.0	0.0	0.0	0.0	0.0	0.0	管理購買部
202307	230W60100	17	農薬衛生費	0.0	0.0	0.0	0.0	0.0	0.0	管理購買部
202307	230W60100	18	農具費	0.0	0.0	0.0	0.0	0.0	0.0	管理購買部
202307	230W60100	19	諸材料費	0.0	0.0	0.0	0.0	0.0	0.0	管理購買部
202307	230W60100	20	その他仕入高	0.0	0.0	0.0	0.0	0.0	0.0	管理購買部
202307	230W60100	21	減価償却費	170616.0	170616.0	164716.0	0.0	96.5	96.5	管理購買部
202307	230W60100	22	車両費	0.0	0.0	0.0	0.0	0.0	0.0	管理購買部
202307	230W60100	23	旅費交通費	0.0	7000.0	7846.0	0.0	112.0	0.0	管理購買部
202307	230W60100	24	荷造運搬費	1185000.0	440000.0	-2232.0	0.0	0.0	0.0	管理購買部
202307	230W60100	25	通信費	18051.0	18051.0	15214.0	0.0	84.2	84.2	管理購買部
202307	230W60100	26	水道光熱費	2712.0	2712.0	2712.0	0.0	100.0	100.0	管理購買部
202307	230W60100	27	動力費	0.0	0.0	0.0	0.0	0.0	0.0	管理購買部
202307	230W60100	28	燃料費	0.0	0.0	0.0	0.0	0.0	0.0	管理購買部
202307	230W60100	29	事務用品費	53500.0	53500.0	14791.0	0.0	27.6	27.6	管理購買部
202307	230W60100	30	消耗品費	15000.0	15000.0	9131.0	0.0	60.8	60.8	管理購買部
202307	230W60100	31	廃棄物処理料	16000.0	16000.0	16000.0	0.0	100.0	100.0	管理購買部
202307	230W60100	32	広告宣伝費	0.0	0.0	0.0	0.0	0.0	0.0	管理購買部
202307	230W60100	33	接待交際費	0.0	10000.0	10000.0	0.0	100.0	0.0	管理購買部
202307	230W60100	34	研究開発費	0.0	0.0	0.0	0.0	0.0	0.0	管理購買部
202307	230W60100	35	クレーム費	0.0	0.0	0.0	0.0	0.0	0.0	管理購買部
202307	230W60100	36	賃借料	0.0	0.0	0.0	0.0	0.0	0.0	管理購買部
202307	230W60100	37	賃貸料収入	0.0	0.0	0.0	0.0	0.0	0.0	管理購買部
202307	230W60100	45	修繕費	40000.0	40000.0	0.0	0.0	0.0	0.0	管理購買部
202307	230W60100	46	支払リース料	0.0	0.0	0.0	0.0	0.0	0.0	管理購買部
202307	230W60100	47	保険料	0.0	0.0	0.0	0.0	0.0	0.0	管理購買部
202307	230W60100	48	支払報酬	18500.0	18500.0	591272.0	0.0			管理購買部
202307	230W60100	49	販売手数料	0.0	0.0	68186.0	0.0	0.0	0.0	管理購買部
202307	230W60100	50	支払手数料	28500.0	28500.0	21000.0	0.0	73.6	73.6	管理購買部
202307	230W60100	51	診断料	0.0	0.0	0.0	0.0	0.0	0.0	管理購買部
202307	230W60100	52	諸会費	31000.0	31000.0	61000.0	0.0	196.7	196.7	管理購買部
202307	230W60100	53	会議費	0.0	0.0	0.0	0.0	0.0	0.0	管理購買部
202307	230W60100	54	寄付金	0.0	0.0	0.0	0.0	0.0	0.0	管理購買部
202307	230W60100	55	租税公課	70800.0	47200.0	190800.0	0.0	404.2	269.4	管理購買部
202307	230W60100	56	業務委託費	0.0	45455.0	45455.0	0.0	100.0	0.0	管理購買部
202307	230W60100	57	業務受託収入	0.0	0.0	0.0	0.0	0.0	0.0	管理購買部
202307	230W60100	58	システム管理料	0.0	0.0	0.0	0.0	0.0	0.0	管理購買部
202307	230W60100	59	情報機器利用料	13360.0	13360.0	13360.0	0.0	100.0	100.0	管理購買部
202307	230W60100	60	貸倒金	0.0	0.0	0.0	0.0	0.0	0.0	管理購買部
202307	230W60100	61	雑費	90596.0	90596.0	88555.0	0.0	97.7	97.7	管理購買部
202307	230W60100	62	福利消耗品費	5000.0	5000.0	0.0	0.0	0.0	0.0	管理購買部
202307	230W60100	63	教育研修費	5000.0	5000.0	0.0	0.0	0.0	0.0	管理購買部
202307	230W60100	64	雑給	0.0	0.0	0.0	0.0	0.0	0.0	管理購買部
202307	230W60100	65	グループ共通	97500.0	97500.0	97500.0	0.0	100.0	100.0	管理購買部
202307	230W60100	66	差引収益	30473490.0	30626566.0	31395101.0	0.0	102.5	103.0	管理購買部
202307	230W60100	67	差引比率	0.0	0.0	0.0		0.0	0.0	管理購買部
202307	230W60100	68	総時間	416.0	416.0	310.5		74.6	74.6	管理購買部
202307	230W60100	69	定時間	336.0	336.0	304.0		90.4	90.4	管理購買部
202307	230W60100	70	残業時間	80.0	80.0	6.5		8.1	8.1	管理購買部
202307	230W60100	71	移動時間	0.0	0.0	0.0		0.0	0.0	管理購買部
202307	230W60100	72	当月時間当り	73253.5	73621.5	101111.4		137.3	138.0	管理購買部
202307	230W60100	73	人員	2.0	2.0	2.0		100.0	100.0	管理購買部
202308	230W60100	1	総受注高	0.0	0.0	0.0		0.0	0.0	管理購買部
202308	230W60100	2	総売上高	0.0	0.0	0.0		0.0	0.0	管理購買部
202308	230W60100	3	カーネーション売上高	0.0	0.0	0.0		0.0	0.0	管理購買部
202308	230W60100	4	カスミ草売上高	0.0	0.0	0.0		0.0	0.0	管理購買部
202308	230W60100	5	その他の売上	0.0	0.0	0.0		0.0	0.0	管理購買部
202308	230W60100	6	送料	0.0	0.0	0.0		0.0	0.0	管理購買部
202308	230W60100	7	売上原価	24176863.0	24184791.0	174928.0		0.7	0.7	管理購買部
202308	230W60100	8	苗仕入	275795.0	200000.0	174928.0		87.4	63.4	管理購買部
202308	230W60100	9	パテント仕入	23901068.0	23984791.0	0.0		0.0	0.0	管理購買部
202308	230W60100	10	社内売	133875.0	401925.0	695325.0		172.9	519.3	管理購買部
202308	230W60100	11	社内仕入	0.0	0.0	0.0		0.0	0.0	管理購買部
202308	230W60100	12	総収益	-24042988.0	-23782866.0	520397.0		0.0	0.0	管理購買部
202308	230W60100	13	経費合計	1595809.0	1891264.0	917064.0	0.0	48.4	57.4	管理購買部
202308	230W60100	14	種苗費	0.0	0.0	-370.0	0.0	0.0	0.0	管理購買部
202308	230W60100	15	肥料費	0.0	0.0	0.0	0.0	0.0	0.0	管理購買部
202308	230W60100	16	培土費用	0.0	250000.0	242550.0	0.0	97.0	0.0	管理購買部
202308	230W60100	17	農薬衛生費	0.0	0.0	0.0	0.0	0.0	0.0	管理購買部
202308	230W60100	18	農具費	0.0	0.0	0.0	0.0	0.0	0.0	管理購買部
202308	230W60100	19	諸材料費	0.0	0.0	0.0	0.0	0.0	0.0	管理購買部
202308	230W60100	20	その他仕入高	0.0	0.0	0.0	0.0	0.0	0.0	管理購買部
202308	230W60100	21	減価償却費	170616.0	170616.0	164716.0	0.0	96.5	96.5	管理購買部
202308	230W60100	22	車両費	0.0	0.0	0.0	0.0	0.0	0.0	管理購買部
202308	230W60100	23	旅費交通費	0.0	0.0	0.0	0.0	0.0	0.0	管理購買部
202308	230W60100	24	荷造運搬費	250000.0	250000.0	176600.0	0.0	70.6	70.6	管理購買部
202308	230W60100	25	通信費	18051.0	18051.0	15214.0	0.0	84.2	84.2	管理購買部
202308	230W60100	26	水道光熱費	2712.0	2712.0	2195.0	0.0	80.9	80.9	管理購買部
202308	230W60100	27	動力費	0.0	0.0	0.0	0.0	0.0	0.0	管理購買部
202308	230W60100	28	燃料費	0.0	0.0	0.0	0.0	0.0	0.0	管理購買部
202308	230W60100	29	事務用品費	53500.0	53500.0	58102.0	0.0	108.6	108.6	管理購買部
202308	230W60100	30	消耗品費	15000.0	15000.0	21290.0	0.0	141.9	141.9	管理購買部
202308	230W60100	31	廃棄物処理料	16000.0	16000.0	16000.0	0.0	100.0	100.0	管理購買部
202308	230W60100	32	広告宣伝費	0.0	0.0	0.0	0.0	0.0	0.0	管理購買部
202308	230W60100	33	接待交際費	0.0	0.0	0.0	0.0	0.0	0.0	管理購買部
202308	230W60100	34	研究開発費	0.0	0.0	0.0	0.0	0.0	0.0	管理購買部
202308	230W60100	35	クレーム費	0.0	0.0	0.0	0.0	0.0	0.0	管理購買部
202308	230W60100	36	賃借料	0.0	0.0	0.0	0.0	0.0	0.0	管理購買部
202308	230W60100	37	賃貸料収入	0.0	0.0	0.0	0.0	0.0	0.0	管理購買部
202308	230W60100	45	修繕費	260000.0	260000.0	0.0	0.0	0.0	0.0	管理購買部
202308	230W60100	46	支払リース料	0.0	0.0	0.0	0.0	0.0	0.0	管理購買部
202308	230W60100	47	保険料	0.0	0.0	0.0	0.0	0.0	0.0	管理購買部
202308	230W60100	48	支払報酬	18500.0	18500.0	18500.0	0.0	100.0	100.0	管理購買部
202308	230W60100	49	販売手数料	447000.0	447000.0	0.0	0.0	0.0	0.0	管理購買部
202308	230W60100	50	支払手数料	28500.0	28500.0	33659.0	0.0	118.1	118.1	管理購買部
202308	230W60100	51	診断料	0.0	0.0	0.0	0.0	0.0	0.0	管理購買部
202308	230W60100	52	諸会費	10000.0	10000.0	0.0	0.0	0.0	0.0	管理購買部
202308	230W60100	53	会議費	5000.0	5000.0	0.0	0.0	0.0	0.0	管理購買部
202308	230W60100	54	寄付金	0.0	0.0	0.0	0.0	0.0	0.0	管理購買部
202308	230W60100	55	租税公課	166800.0	166800.0	14.0	0.0	0.0	0.0	管理購買部
202308	230W60100	56	業務委託費	0.0	45455.0	45455.0	0.0	100.0	0.0	管理購買部
202308	230W60100	57	業務受託収入	0.0	0.0	0.0	0.0	0.0	0.0	管理購買部
202308	230W60100	58	システム管理料	0.0	0.0	0.0	0.0	0.0	0.0	管理購買部
202308	230W60100	59	情報機器利用料	13360.0	13360.0	13360.0	0.0	100.0	100.0	管理購買部
202308	230W60100	60	貸倒金	0.0	0.0	0.0	0.0	0.0	0.0	管理購買部
202308	230W60100	61	雑費	8270.0	8270.0	12279.0	0.0	148.4	148.4	管理購買部
202308	230W60100	62	福利消耗品費	5000.0	5000.0	0.0	0.0	0.0	0.0	管理購買部
202308	230W60100	63	教育研修費	10000.0	10000.0	0.0	0.0	0.0	0.0	管理購買部
202308	230W60100	64	雑給	0.0	0.0	0.0	0.0	0.0	0.0	管理購買部
202308	230W60100	65	グループ共通	97500.0	97500.0	97500.0	0.0	100.0	100.0	管理購買部
202308	230W60100	66	差引収益	-25638797.0	-25674130.0	-396667.0	0.0	0.0	0.0	管理購買部
202308	230W60100	67	差引比率	0.0	0.0	0.0		0.0	0.0	管理購買部
202308	230W60100	68	総時間	295.0	295.0	281.0		95.2	95.2	管理購買部
202308	230W60100	69	定時間	280.0	280.0	278.0		99.2	99.2	管理購買部
202308	230W60100	70	残業時間	15.0	15.0	3.0		20.0	20.0	管理購買部
202308	230W60100	71	移動時間	0.0	0.0	0.0		0.0	0.0	管理購買部
202308	230W60100	72	当月時間当り	-86911.1	-87030.9	-1411.6		0.0	0.0	管理購買部
202308	230W60100	73	人員	2.0	2.0	2.0		100.0	100.0	管理購買部
202309	230W60100	1	総受注高	0.0	0.0	0.0		0.0	0.0	管理購買部
202309	230W60100	2	総売上高	0.0	0.0	0.0		0.0	0.0	管理購買部
202309	230W60100	3	カーネーション売上高	0.0	0.0	0.0		0.0	0.0	管理購買部
202309	230W60100	4	カスミ草売上高	0.0	0.0	0.0		0.0	0.0	管理購買部
202309	230W60100	5	その他の売上	0.0	0.0	0.0		0.0	0.0	管理購買部
202309	230W60100	6	送料	0.0	0.0	0.0		0.0	0.0	管理購買部
202309	230W60100	7	売上原価	1143990.0	24666118.0	24814416.0		100.6		管理購買部
202309	230W60100	8	苗仕入	1143990.0	1647490.0	1816118.0		110.2	158.7	管理購買部
202309	230W60100	9	パテント仕入	0.0	23018628.0	22998298.0		99.9	0.0	管理購買部
202309	230W60100	10	社内売	1705950.0	2708288.0	2209616.0		81.5	129.5	管理購買部
202309	230W60100	11	社内仕入	0.0	0.0	0.0		0.0	0.0	管理購買部
202309	230W60100	12	総収益	561960.0	-21957830.0	-22604800.0		0.0	0.0	管理購買部
202309	230W60100	13	経費合計	5673964.0	8991118.0	1404993.0	0.0	15.6	24.7	管理購買部
202309	230W60100	14	種苗費	0.0	0.0	25500.0	0.0	0.0	0.0	管理購買部
202309	230W60100	15	肥料費	0.0	0.0	0.0	0.0	0.0	0.0	管理購買部
202309	230W60100	16	培土費用	4863915.0	7361664.0	0.0	0.0	0.0	0.0	管理購買部
202309	230W60100	17	農薬衛生費	0.0	0.0	0.0	0.0	0.0	0.0	管理購買部
202309	230W60100	18	農具費	0.0	0.0	0.0	0.0	0.0	0.0	管理購買部
202309	230W60100	19	諸材料費	0.0	0.0	0.0	0.0	0.0	0.0	管理購買部
202309	230W60100	20	その他仕入高	0.0	0.0	0.0	0.0	0.0	0.0	管理購買部
202309	230W60100	21	減価償却費	170616.0	170616.0	164716.0	0.0	96.5	96.5	管理購買部
202309	230W60100	22	車両費	0.0	0.0	277625.0	0.0	0.0	0.0	管理購買部
202309	230W60100	23	旅費交通費	0.0	0.0	0.0	0.0	0.0	0.0	管理購買部
202309	230W60100	24	荷造運搬費	250000.0	520000.0	126440.0	0.0	24.3	50.5	管理購買部
202309	230W60100	25	通信費	18051.0	18051.0	15551.0	0.0	86.1	86.1	管理購買部
202309	230W60100	26	水道光熱費	2712.0	2712.0	200.0	0.0	7.3	7.3	管理購買部
202309	230W60100	27	動力費	0.0	0.0	0.0	0.0	0.0	0.0	管理購買部
202309	230W60100	28	燃料費	0.0	0.0	0.0	0.0	0.0	0.0	管理購買部
202309	230W60100	29	事務用品費	58000.0	153150.0	128298.0	0.0	83.7	221.2	管理購買部
202309	230W60100	30	消耗品費	15000.0	15000.0	14575.0	0.0	97.1	97.1	管理購買部
202309	230W60100	31	廃棄物処理料	16000.0	16000.0	16000.0	0.0	100.0	100.0	管理購買部
202309	230W60100	32	広告宣伝費	0.0	0.0	0.0	0.0	0.0	0.0	管理購買部
202309	230W60100	33	接待交際費	0.0	0.0	0.0	0.0	0.0	0.0	管理購買部
202309	230W60100	34	研究開発費	0.0	0.0	0.0	0.0	0.0	0.0	管理購買部
202309	230W60100	35	クレーム費	0.0	0.0	0.0	0.0	0.0	0.0	管理購買部
202309	230W60100	36	賃借料	0.0	0.0	0.0	0.0	0.0	0.0	管理購買部
202309	230W60100	37	賃貸料収入	0.0	0.0	0.0	0.0	0.0	0.0	管理購買部
202309	230W60100	45	修繕費	40000.0	40000.0	0.0	0.0	0.0	0.0	管理購買部
202309	230W60100	46	支払リース料	0.0	0.0	0.0	0.0	0.0	0.0	管理購買部
202309	230W60100	47	保険料	0.0	0.0	0.0	0.0	0.0	0.0	管理購買部
202309	230W60100	48	支払報酬	18500.0	18500.0	18500.0	0.0	100.0	100.0	管理購買部
202309	230W60100	49	販売手数料	0.0	397000.0	397000.0	0.0	100.0	0.0	管理購買部
202309	230W60100	50	支払手数料	28500.0	28500.0	23446.0	0.0	82.2	82.2	管理購買部
202309	230W60100	51	診断料	0.0	0.0	0.0	0.0	0.0	0.0	管理購買部
202309	230W60100	52	諸会費	39000.0	39000.0	9000.0	0.0	23.0	23.0	管理購買部
202309	230W60100	53	会議費	0.0	0.0	0.0	0.0	0.0	0.0	管理購買部
202309	230W60100	54	寄付金	0.0	0.0	0.0	0.0	0.0	0.0	管理購買部
202309	230W60100	55	租税公課	11800.0	23600.0	23600.0	0.0	100.0	200.0	管理購買部
202309	230W60100	56	業務委託費	0.0	45455.0	45455.0	0.0	100.0	0.0	管理購買部
202309	230W60100	57	業務受託収入	0.0	0.0	0.0	0.0	0.0	0.0	管理購買部
202309	230W60100	58	システム管理料	0.0	0.0	0.0	0.0	0.0	0.0	管理購買部
202309	230W60100	59	情報機器利用料	13360.0	13360.0	13360.0	0.0	100.0	100.0	管理購買部
202309	230W60100	60	貸倒金	0.0	0.0	0.0	0.0	0.0	0.0	管理購買部
202309	230W60100	61	雑費	8270.0	8270.0	8227.0	0.0	99.4	99.4	管理購買部
202309	230W60100	62	福利消耗品費	12740.0	12740.0	0.0	0.0	0.0	0.0	管理購買部
202309	230W60100	63	教育研修費	10000.0	10000.0	0.0	0.0	0.0	0.0	管理購買部
202309	230W60100	64	雑給	0.0	0.0	0.0	0.0	0.0	0.0	管理購買部
202309	230W60100	65	グループ共通	97500.0	97500.0	97500.0	0.0	100.0	100.0	管理購買部
202309	230W60100	66	差引収益	-5112004.0	-30948948.0	-24009793.0	0.0	0.0	0.0	管理購買部
202309	230W60100	67	差引比率	0.0	0.0	0.0		0.0	0.0	管理購買部
202309	230W60100	68	総時間	303.0	303.0	298.5		98.5	98.5	管理購買部
202309	230W60100	69	定時間	288.0	288.0	292.0		101.3	101.3	管理購買部
202309	230W60100	70	残業時間	15.0	15.0	6.5		43.3	43.3	管理購買部
202309	230W60100	71	移動時間	0.0	0.0	0.0		0.0	0.0	管理購買部
202309	230W60100	72	当月時間当り	-16871.3	-102141.7	-80434.8		0.0	0.0	管理購買部
202309	230W60100	73	人員	2.0	2.0	2.0		100.0	100.0	管理購買部
202310	230W60100	1	総受注高	0.0	0.0	0.0		0.0	0.0	管理購買部
202310	230W60100	2	総売上高	0.0	0.0	0.0		0.0	0.0	管理購買部
202310	230W60100	3	カーネーション売上高	0.0	0.0	0.0		0.0	0.0	管理購買部
202310	230W60100	4	カスミ草売上高	0.0	0.0	0.0		0.0	0.0	管理購買部
202310	230W60100	5	その他の売上	0.0	0.0	0.0		0.0	0.0	管理購買部
202310	230W60100	6	送料	0.0	0.0	0.0		0.0	0.0	管理購買部
202310	230W60100	7	売上原価	1645585.0	1965780.0	1557107.0		79.2	94.6	管理購買部
202310	230W60100	8	苗仕入	1460415.0	1378800.0	1214003.0		88.0	83.1	管理購買部
202310	230W60100	9	パテント仕入	185170.0	586980.0	343104.0		58.4	185.2	管理購買部
202310	230W60100	10	社内売	2027250.0	1410000.0	2312025.0		163.9	114.0	管理購買部
202310	230W60100	11	社内仕入	0.0	0.0	0.0		0.0	0.0	管理購買部
202310	230W60100	12	総収益	381665.0	-555780.0	754918.0		0.0	197.7	管理購買部
202310	230W60100	13	経費合計	955635.0	8440222.0	1223166.0	0.0	14.4	127.9	管理購買部
202310	230W60100	14	種苗費	0.0	0.0	36032.0	0.0	0.0	0.0	管理購買部
202310	230W60100	15	肥料費	0.0	0.0	0.0	0.0	0.0	0.0	管理購買部
202310	230W60100	16	培土費用	0.0	7238032.0	236610.0	0.0	3.2	0.0	管理購買部
202310	230W60100	17	農薬衛生費	0.0	0.0	0.0	0.0	0.0	0.0	管理購買部
202310	230W60100	18	農具費	0.0	0.0	0.0	0.0	0.0	0.0	管理購買部
202310	230W60100	19	諸材料費	46000.0	77100.0	45044.0	0.0	58.4	97.9	管理購買部
202310	230W60100	20	その他仕入高	0.0	0.0	0.0	0.0	0.0	0.0	管理購買部
202310	230W60100	21	減価償却費	170616.0	170616.0	164716.0	0.0	96.5	96.5	管理購買部
202310	230W60100	22	車両費	0.0	0.0	0.0	0.0	0.0	0.0	管理購買部
202310	230W60100	23	旅費交通費	0.0	0.0	0.0	0.0	0.0	0.0	管理購買部
202310	230W60100	24	荷造運搬費	250000.0	420000.0	314253.0	0.0	74.8	125.7	管理購買部
202310	230W60100	25	通信費	18051.0	18051.0	15214.0	0.0	84.2	84.2	管理購買部
202310	230W60100	26	水道光熱費	2712.0	2712.0	2565.0	0.0	94.5	94.5	管理購買部
202310	230W60100	27	動力費	0.0	0.0	0.0	0.0	0.0	0.0	管理購買部
202310	230W60100	28	燃料費	0.0	0.0	0.0	0.0	0.0	0.0	管理購買部
202310	230W60100	29	事務用品費	58000.0	58000.0	45553.0	0.0	78.5	78.5	管理購買部
202310	230W60100	30	消耗品費	15000.0	15000.0	17204.0	0.0	114.6	114.6	管理購買部
202310	230W60100	31	廃棄物処理料	16000.0	16000.0	0.0	0.0	0.0	0.0	管理購買部
202310	230W60100	32	広告宣伝費	0.0	0.0	0.0	0.0	0.0	0.0	管理購買部
202310	230W60100	33	接待交際費	0.0	0.0	0.0	0.0	0.0	0.0	管理購買部
202310	230W60100	34	研究開発費	0.0	0.0	0.0	0.0	0.0	0.0	管理購買部
202310	230W60100	35	クレーム費	0.0	0.0	0.0	0.0	0.0	0.0	管理購買部
202310	230W60100	36	賃借料	0.0	0.0	0.0	0.0	0.0	0.0	管理購買部
202310	230W60100	37	賃貸料収入	0.0	0.0	0.0	0.0	0.0	0.0	管理購買部
202310	230W60100	45	修繕費	40000.0	40000.0	0.0	0.0	0.0	0.0	管理購買部
202310	230W60100	46	支払リース料	0.0	0.0	0.0	0.0	0.0	0.0	管理購買部
202310	230W60100	47	保険料	0.0	0.0	0.0	0.0	0.0	0.0	管理購買部
202310	230W60100	48	支払報酬	18500.0	18500.0	18500.0	0.0	100.0	100.0	管理購買部
202310	230W60100	49	販売手数料	0.0	0.0	0.0	0.0	0.0	0.0	管理購買部
202310	230W60100	50	支払手数料	103500.0	103500.0	118104.0	0.0	114.1	114.1	管理購買部
202310	230W60100	51	診断料	0.0	0.0	0.0	0.0	0.0	0.0	管理購買部
202310	230W60100	52	諸会費	34000.0	34000.0	0.0	0.0	0.0	0.0	管理購買部
202310	230W60100	53	会議費	0.0	0.0	0.0	0.0	0.0	0.0	管理購買部
202310	230W60100	54	寄付金	0.0	0.0	0.0	0.0	0.0	0.0	管理購買部
202310	230W60100	55	租税公課	11800.0	11800.0	12500.0	0.0	105.9	105.9	管理購買部
202310	230W60100	56	業務委託費	0.0	45455.0	45455.0	0.0	100.0	0.0	管理購買部
202310	230W60100	57	業務受託収入	0.0	0.0	0.0	0.0	0.0	0.0	管理購買部
202310	230W60100	58	システム管理料	0.0	0.0	0.0	0.0	0.0	0.0	管理購買部
202310	230W60100	59	情報機器利用料	13360.0	13360.0	13360.0	0.0	100.0	100.0	管理購買部
202310	230W60100	60	貸倒金	0.0	0.0	0.0	0.0	0.0	0.0	管理購買部
202310	230W60100	61	雑費	40596.0	40596.0	40556.0	0.0	99.9	99.9	管理購買部
202310	230W60100	62	福利消耗品費	5000.0	5000.0	0.0	0.0	0.0	0.0	管理購買部
202310	230W60100	63	教育研修費	15000.0	15000.0	0.0	0.0	0.0	0.0	管理購買部
202310	230W60100	64	雑給	0.0	0.0	0.0	0.0	0.0	0.0	管理購買部
202310	230W60100	65	グループ共通	97500.0	97500.0	97500.0	0.0	100.0	100.0	管理購買部
202310	230W60100	66	差引収益	-573970.0	-8996002.0	-468248.0	0.0	0.0	0.0	管理購買部
202310	230W60100	67	差引比率	0.0	0.0	0.0		0.0	0.0	管理購買部
202310	230W60100	68	総時間	314.0	314.0	315.0		100.3	100.3	管理購買部
202310	230W60100	69	定時間	304.0	304.0	310.25		102.0	102.0	管理購買部
202310	230W60100	70	残業時間	10.0	10.0	4.75		47.5	47.5	管理購買部
202310	230W60100	71	移動時間	0.0	0.0	0.0		0.0	0.0	管理購買部
202310	230W60100	72	当月時間当り	-1827.9	-28649.6	-1486.5		0.0	0.0	管理購買部
202310	230W60100	73	人員	2.0	2.0	2.0		100.0	100.0	管理購買部
202311	230W60100	1	総受注高	0.0	0.0	0.0		0.0	0.0	管理購買部
202311	230W60100	2	総売上高	0.0	0.0	0.0		0.0	0.0	管理購買部
202311	230W60100	3	カーネーション売上高	0.0	0.0	0.0		0.0	0.0	管理購買部
202311	230W60100	4	カスミ草売上高	0.0	0.0	0.0		0.0	0.0	管理購買部
202311	230W60100	5	その他の売上	0.0	0.0	0.0		0.0	0.0	管理購買部
202311	230W60100	6	送料	0.0	0.0	0.0		0.0	0.0	管理購買部
202311	230W60100	7	売上原価	7260742.0	6163687.0	2413962.0		39.1	33.2	管理購買部
202311	230W60100	8	苗仕入	7260742.0	6163687.0	2413962.0		39.1	33.2	管理購買部
202311	230W60100	9	パテント仕入	0.0	0.0	0.0		0.0	0.0	管理購買部
202311	230W60100	10	社内売	10078875.0	8490075.0	1852583.0		21.8	18.3	管理購買部
202311	230W60100	11	社内仕入	0.0	0.0	0.0		0.0	0.0	管理購買部
202311	230W60100	12	総収益	2818133.0	2326388.0	-561379.0		0.0	0.0	管理購買部
202311	230W60100	13	経費合計	1385509.0	7918196.0	7578696.0	0.0	95.7	546.9	管理購買部
202311	230W60100	14	種苗費	0.0	0.0	27200.0	0.0	0.0	0.0	管理購買部
202311	230W60100	15	肥料費	0.0	0.0	0.0	0.0	0.0	0.0	管理購買部
202311	230W60100	16	培土費用	0.0	6988032.0	0.0	0.0	0.0	0.0	管理購買部
202311	230W60100	17	農薬衛生費	0.0	0.0	0.0	0.0	0.0	0.0	管理購買部
202311	230W60100	18	農具費	0.0	0.0	0.0	0.0	0.0	0.0	管理購買部
202311	230W60100	19	諸材料費	0.0	0.0	6998223.0	0.0	0.0	0.0	管理購買部
202311	230W60100	20	その他仕入高	0.0	0.0	0.0	0.0	0.0	0.0	管理購買部
202311	230W60100	21	減価償却費	170616.0	170616.0	164716.0	0.0	96.5	96.5	管理購買部
202311	230W60100	22	車両費	53000.0	53000.0	0.0	0.0	0.0	0.0	管理購買部
202311	230W60100	23	旅費交通費	0.0	0.0	0.0	0.0	0.0	0.0	管理購買部
202311	230W60100	24	荷造運搬費	770000.0	241000.0	92000.0	0.0	38.1	11.9	管理購買部
202311	230W60100	25	通信費	18051.0	18051.0	15679.0	0.0	86.8	86.8	管理購買部
202311	230W60100	26	水道光熱費	2712.0	2712.0	2860.0	0.0	105.4	105.4	管理購買部
202311	230W60100	27	動力費	0.0	0.0	0.0	0.0	0.0	0.0	管理購買部
202311	230W60100	28	燃料費	0.0	0.0	0.0	0.0	0.0	0.0	管理購買部
202311	230W60100	29	事務用品費	58000.0	58000.0	24117.0	0.0	41.5	41.5	管理購買部
202311	230W60100	30	消耗品費	15000.0	15000.0	4348.0	0.0	28.9	28.9	管理購買部
202311	230W60100	31	廃棄物処理料	16000.0	16000.0	33800.0	0.0	211.2	211.2	管理購買部
202311	230W60100	32	広告宣伝費	0.0	0.0	0.0	0.0	0.0	0.0	管理購買部
202311	230W60100	33	接待交際費	0.0	0.0	0.0	0.0	0.0	0.0	管理購買部
202311	230W60100	34	研究開発費	0.0	0.0	0.0	0.0	0.0	0.0	管理購買部
202311	230W60100	35	クレーム費	0.0	0.0	0.0	0.0	0.0	0.0	管理購買部
202311	230W60100	36	賃借料	0.0	0.0	0.0	0.0	0.0	0.0	管理購買部
202311	230W60100	37	賃貸料収入	0.0	0.0	0.0	0.0	0.0	0.0	管理購買部
202311	230W60100	45	修繕費	40000.0	40000.0	0.0	0.0	0.0	0.0	管理購買部
202311	230W60100	46	支払リース料	0.0	0.0	0.0	0.0	0.0	0.0	管理購買部
202311	230W60100	47	保険料	20000.0	20000.0	0.0	0.0	0.0	0.0	管理購買部
202311	230W60100	48	支払報酬	18500.0	18500.0	18500.0	0.0	100.0	100.0	管理購買部
202311	230W60100	49	販売手数料	0.0	0.0	0.0	0.0	0.0	0.0	管理購買部
202311	230W60100	50	支払手数料	28500.0	28500.0	19250.0	0.0	67.5	67.5	管理購買部
202311	230W60100	51	診断料	0.0	0.0	0.0	0.0	0.0	0.0	管理購買部
202311	230W60100	52	諸会費	0.0	40000.0	10000.0	0.0	25.0	0.0	管理購買部
202311	230W60100	53	会議費	0.0	0.0	0.0	0.0	0.0	0.0	管理購買部
202311	230W60100	54	寄付金	0.0	0.0	0.0	0.0	0.0	0.0	管理購買部
202311	230W60100	55	租税公課	35400.0	23600.0	0.0	0.0	0.0	0.0	管理購買部
202311	230W60100	56	業務委託費	0.0	45455.0	45455.0	0.0	100.0	0.0	管理購買部
202311	230W60100	57	業務受託収入	0.0	0.0	0.0	0.0	0.0	0.0	管理購買部
202311	230W60100	58	システム管理料	0.0	0.0	0.0	0.0	0.0	0.0	管理購買部
202311	230W60100	59	情報機器利用料	13360.0	13360.0	13360.0	0.0	100.0	100.0	管理購買部
202311	230W60100	60	貸倒金	0.0	0.0	0.0	0.0	0.0	0.0	管理購買部
202311	230W60100	61	雑費	8270.0	8270.0	8230.0	0.0	99.5	99.5	管理購買部
202311	230W60100	62	福利消耗品費	5600.0	5600.0	3458.0	0.0	61.7	61.7	管理購買部
202311	230W60100	63	教育研修費	15000.0	15000.0	0.0	0.0	0.0	0.0	管理購買部
202311	230W60100	64	雑給	0.0	0.0	0.0	0.0	0.0	0.0	管理購買部
202311	230W60100	65	グループ共通	97500.0	97500.0	97500.0	0.0	100.0	100.0	管理購買部
202311	230W60100	66	差引収益	1432624.0	-5591808.0	-8140075.0	0.0	0.0	0.0	管理購買部
202311	230W60100	67	差引比率	0.0	0.0	0.0		0.0	0.0	管理購買部
202311	230W60100	68	総時間	298.0	298.0	315.0		105.7	105.7	管理購買部
202311	230W60100	69	定時間	288.0	288.0	310.0		107.6	107.6	管理購買部
202311	230W60100	70	残業時間	10.0	10.0	5.0		50.0	50.0	管理購買部
202311	230W60100	71	移動時間	0.0	0.0	0.0		0.0	0.0	管理購買部
202311	230W60100	72	当月時間当り	4807.4	-18764.4	-25841.5		0.0	0.0	管理購買部
202311	230W60100	73	人員	2.0	2.0	2.0		100.0	100.0	管理購買部
202312	230W60100	1	総受注高	0.0	0.0	0.0		0.0	0.0	管理購買部
202312	230W60100	2	総売上高	0.0	0.0	0.0		0.0	0.0	管理購買部
202312	230W60100	3	カーネーション売上高	0.0	0.0	0.0		0.0	0.0	管理購買部
202312	230W60100	4	カスミ草売上高	0.0	0.0	0.0		0.0	0.0	管理購買部
202312	230W60100	5	その他の売上	0.0	0.0	0.0		0.0	0.0	管理購買部
202312	230W60100	6	送料	0.0	0.0	0.0		0.0	0.0	管理購買部
202312	230W60100	7	売上原価	7522515.0	16765545.0	13934194.0		83.1	185.2	管理購買部
202312	230W60100	8	苗仕入	7522515.0	16765545.0	13940694.0		83.1	185.3	管理購買部
202312	230W60100	9	パテント仕入	0.0	0.0	-6500.0		0.0	0.0	管理購買部
202312	230W60100	10	社内売	10442250.0	15730613.0	14452350.0		91.8	138.4	管理購買部
202312	230W60100	11	社内仕入	0.0	0.0	0.0		0.0	0.0	管理購買部
202312	230W60100	12	総収益	2919735.0	-1034932.0	518156.0		0.0	17.7	管理購買部
202312	230W60100	13	経費合計	2756635.0	2280060.0	2150208.0	0.0	94.3	78.0	管理購買部
202312	230W60100	14	種苗費	0.0	0.0	39000.0	0.0	0.0	0.0	管理購買部
202312	230W60100	15	肥料費	0.0	0.0	0.0	0.0	0.0	0.0	管理購買部
202312	230W60100	16	培土費用	0.0	413570.0	7420703.0	0.0		0.0	管理購買部
202312	230W60100	17	農薬衛生費	0.0	0.0	0.0	0.0	0.0	0.0	管理購買部
202312	230W60100	18	農具費	0.0	0.0	0.0	0.0	0.0	0.0	管理購買部
202312	230W60100	19	諸材料費	536400.0	205400.0	-6738823.0	0.0	0.0	0.0	管理購買部
202312	230W60100	20	その他仕入高	0.0	0.0	0.0	0.0	0.0	0.0	管理購買部
202312	230W60100	21	減価償却費	170616.0	170616.0	164716.0	0.0	96.5	96.5	管理購買部
202312	230W60100	22	車両費	0.0	0.0	0.0	0.0	0.0	0.0	管理購買部
202312	230W60100	23	旅費交通費	500000.0	0.0	0.0	0.0	0.0	0.0	管理購買部
202312	230W60100	24	荷造運搬費	750000.0	600000.0	513301.0	0.0	85.5	68.4	管理購買部
202312	230W60100	25	通信費	18051.0	18051.0	15551.0	0.0	86.1	86.1	管理購買部
202312	230W60100	26	水道光熱費	2712.0	2712.0	3008.0	0.0	110.9	110.9	管理購買部
202312	230W60100	27	動力費	0.0	0.0	0.0	0.0	0.0	0.0	管理購買部
202312	230W60100	28	燃料費	0.0	0.0	0.0	0.0	0.0	0.0	管理購買部
202312	230W60100	29	事務用品費	58000.0	58000.0	60977.0	0.0	105.1	105.1	管理購買部
202312	230W60100	30	消耗品費	15000.0	15000.0	7287.0	0.0	48.5	48.5	管理購買部
202312	230W60100	31	廃棄物処理料	16000.0	16000.0	16900.0	0.0	105.6	105.6	管理購買部
202312	230W60100	32	広告宣伝費	0.0	0.0	0.0	0.0	0.0	0.0	管理購買部
202312	230W60100	33	接待交際費	20000.0	0.0	0.0	0.0	0.0	0.0	管理購買部
202312	230W60100	34	研究開発費	0.0	0.0	0.0	0.0	0.0	0.0	管理購買部
202312	230W60100	35	クレーム費	0.0	0.0	0.0	0.0	0.0	0.0	管理購買部
202312	230W60100	36	賃借料	0.0	0.0	0.0	0.0	0.0	0.0	管理購買部
202312	230W60100	37	賃貸料収入	0.0	0.0	0.0	0.0	0.0	0.0	管理購買部
202312	230W60100	45	修繕費	40000.0	40000.0	0.0	0.0	0.0	0.0	管理購買部
202312	230W60100	46	支払リース料	0.0	0.0	0.0	0.0	0.0	0.0	管理購買部
202312	230W60100	47	保険料	0.0	0.0	0.0	0.0	0.0	0.0	管理購買部
202312	230W60100	48	支払報酬	18500.0	18500.0	18500.0	0.0	100.0	100.0	管理購買部
202312	230W60100	49	販売手数料	0.0	0.0	0.0	0.0	0.0	0.0	管理購買部
202312	230W60100	50	支払手数料	28500.0	28500.0	29966.0	0.0	105.1	105.1	管理購買部
202312	230W60100	51	診断料	0.0	0.0	0.0	0.0	0.0	0.0	管理購買部
202312	230W60100	52	諸会費	0.0	30000.0	0.0	0.0	0.0	0.0	管理購買部
202312	230W60100	53	会議費	20000.0	20000.0	0.0	0.0	0.0	0.0	管理購買部
202312	230W60100	54	寄付金	0.0	0.0	1000.0	0.0	0.0	0.0	管理購買部
202312	230W60100	55	租税公課	190400.0	225800.0	197200.0	0.0	87.3	103.5	管理購買部
202312	230W60100	56	業務委託費	0.0	45455.0	45455.0	0.0	100.0	0.0	管理購買部
202312	230W60100	57	業務受託収入	0.0	0.0	0.0	0.0	0.0	0.0	管理購買部
202312	230W60100	58	システム管理料	180000.0	180000.0	180000.0	0.0	100.0	100.0	管理購買部
202312	230W60100	59	情報機器利用料	13360.0	13360.0	13360.0	0.0	100.0	100.0	管理購買部
202312	230W60100	60	貸倒金	0.0	0.0	0.0	0.0	0.0	0.0	管理購買部
202312	230W60100	61	雑費	66596.0	66596.0	64607.0	0.0	97.0	97.0	管理購買部
202312	230W60100	62	福利消耗品費	5000.0	5000.0	0.0	0.0	0.0	0.0	管理購買部
202312	230W60100	63	教育研修費	10000.0	10000.0	0.0	0.0	0.0	0.0	管理購買部
202312	230W60100	64	雑給	0.0	0.0	0.0	0.0	0.0	0.0	管理購買部
202312	230W60100	65	グループ共通	97500.0	97500.0	97500.0	0.0	100.0	100.0	管理購買部
202312	230W60100	66	差引収益	163100.0	-3314992.0	-1632052.0	0.0	0.0	0.0	管理購買部
202312	230W60100	67	差引比率	0.0	0.0	0.0		0.0	0.0	管理購買部
202312	230W60100	68	総時間	298.0	298.0	301.25		101.0	101.0	管理購買部
202312	230W60100	69	定時間	288.0	288.0	294.0		102.0	102.0	管理購買部
202312	230W60100	70	残業時間	10.0	10.0	7.25		72.5	72.5	管理購買部
202312	230W60100	71	移動時間	0.0	0.0	0.0		0.0	0.0	管理購買部
202312	230W60100	72	当月時間当り	547.3	-11124.1	-5417.6		0.0	0.0	管理購買部
202312	230W60100	73	人員	2.0	2.0	2.0		100.0	100.0	管理購買部
202401	230W60100	1	総受注高	0.0	0.0	0.0		0.0	0.0	管理購買部
202401	230W60100	2	総売上高	0.0	0.0	0.0		0.0	0.0	管理購買部
202401	230W60100	3	カーネーション売上高	0.0	0.0	0.0		0.0	0.0	管理購買部
202401	230W60100	4	カスミ草売上高	0.0	0.0	0.0		0.0	0.0	管理購買部
202401	230W60100	5	その他の売上	0.0	0.0	0.0		0.0	0.0	管理購買部
202401	230W60100	6	送料	0.0	0.0	0.0		0.0	0.0	管理購買部
202401	230W60100	7	売上原価	6584953.0	7432475.0	7734756.0		104.0	117.4	管理購買部
202401	230W60100	8	苗仕入	6521890.0	7373475.0	7669256.0		104.0	117.5	管理購買部
202401	230W60100	9	パテント仕入	63063.0	59000.0	65500.0		111.0	103.8	管理購買部
202401	230W60100	10	社内売	8835750.0	10460925.0	8250938.0		78.8	93.3	管理購買部
202401	230W60100	11	社内仕入	0.0	0.0	0.0		0.0	0.0	管理購買部
202401	230W60100	12	総収益	2250797.0	3028450.0	516182.0		17.0	22.9	管理購買部
202401	230W60100	13	経費合計	1335209.0	842464.0	1205919.0	0.0	143.1	90.3	管理購買部
202401	230W60100	14	種苗費	0.0	0.0	0.0	0.0	0.0	0.0	管理購買部
202401	230W60100	15	肥料費	0.0	0.0	0.0	0.0	0.0	0.0	管理購買部
202401	230W60100	16	培土費用	500000.0	0.0	0.0	0.0	0.0	0.0	管理購買部
202401	230W60100	17	農薬衛生費	0.0	0.0	0.0	0.0	0.0	0.0	管理購買部
202401	230W60100	18	農具費	0.0	0.0	0.0	0.0	0.0	0.0	管理購買部
202401	230W60100	19	諸材料費	0.0	0.0	0.0	0.0	0.0	0.0	管理購買部
202401	230W60100	20	その他仕入高	0.0	0.0	0.0	0.0	0.0	0.0	管理購買部
202401	230W60100	21	減価償却費	170616.0	170616.0	164716.0	0.0	96.5	96.5	管理購買部
202401	230W60100	22	車両費	0.0	0.0	0.0	0.0	0.0	0.0	管理購買部
202401	230W60100	23	旅費交通費	0.0	0.0	277377.0	0.0	0.0	0.0	管理購買部
202401	230W60100	24	荷造運搬費	250000.0	200000.0	218934.0	0.0	109.4	87.5	管理購買部
202401	230W60100	25	通信費	44951.0	44951.0	15551.0	0.0	34.5	34.5	管理購買部
202401	230W60100	26	水道光熱費	2712.0	2712.0	3156.0	0.0	116.3	116.3	管理購買部
202401	230W60100	27	動力費	0.0	0.0	0.0	0.0	0.0	0.0	管理購買部
202401	230W60100	28	燃料費	0.0	0.0	0.0	0.0	0.0	0.0	管理購買部
202401	230W60100	29	事務用品費	58000.0	58000.0	86752.0	0.0	149.5	149.5	管理購買部
202401	230W60100	30	消耗品費	15000.0	15000.0	103597.0	0.0	690.6	690.6	管理購買部
202401	230W60100	31	廃棄物処理料	16000.0	16000.0	16900.0	0.0	105.6	105.6	管理購買部
202401	230W60100	32	広告宣伝費	0.0	0.0	0.0	0.0	0.0	0.0	管理購買部
202401	230W60100	33	接待交際費	40000.0	40000.0	0.0	0.0	0.0	0.0	管理購買部
202401	230W60100	34	研究開発費	0.0	0.0	0.0	0.0	0.0	0.0	管理購買部
202401	230W60100	35	クレーム費	0.0	0.0	0.0	0.0	0.0	0.0	管理購買部
202401	230W60100	36	賃借料	0.0	0.0	0.0	0.0	0.0	0.0	管理購買部
202401	230W60100	37	賃貸料収入	0.0	0.0	0.0	0.0	0.0	0.0	管理購買部
202401	230W60100	45	修繕費	40000.0	40000.0	70100.0	0.0	175.2	175.2	管理購買部
202401	230W60100	46	支払リース料	0.0	0.0	0.0	0.0	0.0	0.0	管理購買部
202401	230W60100	47	保険料	0.0	0.0	0.0	0.0	0.0	0.0	管理購買部
202401	230W60100	48	支払報酬	18500.0	18500.0	18500.0	0.0	100.0	100.0	管理購買部
202401	230W60100	49	販売手数料	0.0	0.0	0.0	0.0	0.0	0.0	管理購買部
202401	230W60100	50	支払手数料	28500.0	28500.0	25535.0	0.0	89.5	89.5	管理購買部
202401	230W60100	51	診断料	0.0	0.0	0.0	0.0	0.0	0.0	管理購買部
202401	230W60100	52	諸会費	0.0	0.0	0.0	0.0	0.0	0.0	管理購買部
202401	230W60100	53	会議費	0.0	0.0	0.0	0.0	0.0	0.0	管理購買部
202401	230W60100	54	寄付金	0.0	0.0	0.0	0.0	0.0	0.0	管理購買部
202401	230W60100	55	租税公課	11800.0	23600.0	0.0	0.0	0.0	0.0	管理購買部
202401	230W60100	56	業務委託費	0.0	45455.0	45455.0	0.0	100.0	0.0	管理購買部
202401	230W60100	57	業務受託収入	0.0	0.0	0.0	0.0	0.0	0.0	管理購買部
202401	230W60100	58	システム管理料	0.0	0.0	0.0	0.0	0.0	0.0	管理購買部
202401	230W60100	59	情報機器利用料	13360.0	13360.0	13360.0	0.0	100.0	100.0	管理購買部
202401	230W60100	60	貸倒金	0.0	0.0	0.0	0.0	0.0	0.0	管理購買部
202401	230W60100	61	雑費	8270.0	8270.0	48486.0	0.0	586.2	586.2	管理購買部
202401	230W60100	62	福利消耗品費	5000.0	5000.0	0.0	0.0	0.0	0.0	管理購買部
202401	230W60100	63	教育研修費	15000.0	15000.0	0.0	0.0	0.0	0.0	管理購買部
202401	230W60100	64	雑給	0.0	0.0	0.0	0.0	0.0	0.0	管理購買部
202401	230W60100	65	グループ共通	97500.0	97500.0	97500.0	0.0	100.0	100.0	管理購買部
202401	230W60100	66	差引収益	915588.0	2185986.0	-689737.0	0.0	0.0	0.0	管理購買部
202401	230W60100	67	差引比率	0.0	0.0	0.0		0.0	0.0	管理購買部
202401	230W60100	68	総時間	266.0	266.0	281.75		105.9	105.9	管理購買部
202401	230W60100	69	定時間	256.0	256.0	274.75		107.3	107.3	管理購買部
202401	230W60100	70	残業時間	10.0	10.0	7.0		70.0	70.0	管理購買部
202401	230W60100	71	移動時間	0.0	0.0	0.0		0.0	0.0	管理購買部
202401	230W60100	72	当月時間当り	3442.0	8217.9	-2448.0		0.0	0.0	管理購買部
202401	230W60100	73	人員	2.0	2.0	2.0		100.0	100.0	管理購買部
202402	230W60100	1	総受注高	0.0	0.0	1181058.0		0.0	0.0	管理購買部
202402	230W60100	2	総売上高	600000.0	600000.0	1181058.0		196.8	196.8	管理購買部
202402	230W60100	3	カーネーション売上高	0.0	0.0	0.0		0.0	0.0	管理購買部
202402	230W60100	4	カスミ草売上高	0.0	0.0	0.0		0.0	0.0	管理購買部
202402	230W60100	5	その他の売上	600000.0	600000.0	1181058.0		196.8	196.8	管理購買部
202402	230W60100	6	送料	0.0	0.0	0.0		0.0	0.0	管理購買部
202402	230W60100	7	売上原価	10127880.0	15037269.0	15794286.0		105.0	155.9	管理購買部
202402	230W60100	8	苗仕入	10127880.0	15037269.0	15794286.0		105.0	155.9	管理購買部
202402	230W60100	9	パテント仕入	0.0	0.0	0.0		0.0	0.0	管理購買部
202402	230W60100	10	社内売	13464000.0	16175475.0	16246611.0		100.4	120.6	管理購買部
202402	230W60100	11	社内仕入	0.0	0.0	0.0		0.0	0.0	管理購買部
202402	230W60100	12	総収益	3936120.0	1738206.0	1633383.0		93.9	41.4	管理購買部
202402	230W60100	13	経費合計	1521209.0	1435809.0	1335823.0	113.1	93.0	87.8	管理購買部
202402	230W60100	14	種苗費	0.0	0.0	3000.0	0.2	0.0	0.0	管理購買部
202402	230W60100	15	肥料費	0.0	0.0	0.0	0.0	0.0	0.0	管理購買部
202402	230W60100	16	培土費用	0.0	20000.0	0.0	0.0	0.0	0.0	管理購買部
202402	230W60100	17	農薬衛生費	0.0	0.0	0.0	0.0	0.0	0.0	管理購買部
202402	230W60100	18	農具費	0.0	0.0	0.0	0.0	0.0	0.0	管理購買部
202402	230W60100	19	諸材料費	0.0	0.0	0.0	0.0	0.0	0.0	管理購買部
202402	230W60100	20	その他仕入高	0.0	0.0	0.0	0.0	0.0	0.0	管理購買部
202402	230W60100	21	減価償却費	170616.0	170616.0	164716.0	13.9	96.5	96.5	管理購買部
202402	230W60100	22	車両費	0.0	0.0	0.0	0.0	0.0	0.0	管理購買部
202402	230W60100	23	旅費交通費	0.0	226345.0	261093.0	22.1	115.3	0.0	管理購買部
202402	230W60100	24	荷造運搬費	800000.0	450000.0	463818.0	39.2	103.0	57.9	管理購買部
202402	230W60100	25	通信費	18051.0	18051.0	15172.0	1.2	84.0	84.0	管理購買部
202402	230W60100	26	水道光熱費	2712.0	2712.0	3230.0	0.2	119.1	119.1	管理購買部
202402	230W60100	27	動力費	0.0	0.0	0.0	0.0	0.0	0.0	管理購買部
202402	230W60100	28	燃料費	0.0	0.0	0.0	0.0	0.0	0.0	管理購買部
202402	230W60100	29	事務用品費	53500.0	53500.0	27444.0	2.3	51.2	51.2	管理購買部
202402	230W60100	30	消耗品費	15000.0	15000.0	15377.0	1.3	102.5	102.5	管理購買部
202402	230W60100	31	廃棄物処理料	16000.0	16000.0	16900.0	1.4	105.6	105.6	管理購買部
202402	230W60100	32	広告宣伝費	0.0	0.0	0.0	0.0	0.0	0.0	管理購買部
202402	230W60100	33	接待交際費	0.0	0.0	0.0	0.0	0.0	0.0	管理購買部
202402	230W60100	34	研究開発費	0.0	0.0	0.0	0.0	0.0	0.0	管理購買部
202402	230W60100	35	クレーム費	0.0	0.0	0.0	0.0	0.0	0.0	管理購買部
202402	230W60100	36	賃借料	0.0	0.0	0.0	0.0	0.0	0.0	管理購買部
202402	230W60100	37	賃貸料収入	0.0	0.0	0.0	0.0	0.0	0.0	管理購買部
202402	230W60100	45	修繕費	40000.0	40000.0	0.0	0.0	0.0	0.0	管理購買部
202402	230W60100	46	支払リース料	0.0	0.0	0.0	0.0	0.0	0.0	管理購買部
202402	230W60100	47	保険料	15000.0	35000.0	0.0	0.0	0.0	0.0	管理購買部
202402	230W60100	48	支払報酬	18500.0	18500.0	18500.0	1.5	100.0	100.0	管理購買部
202402	230W60100	49	販売手数料	0.0	0.0	0.0	0.0	0.0	0.0	管理購買部
202402	230W60100	50	支払手数料	28500.0	28500.0	26214.0	2.2	91.9	91.9	管理購買部
202402	230W60100	51	診断料	0.0	0.0	0.0	0.0	0.0	0.0	管理購買部
202402	230W60100	52	諸会費	0.0	0.0	3000.0	0.2	0.0	0.0	管理購買部
202402	230W60100	53	会議費	0.0	0.0	0.0	0.0	0.0	0.0	管理購買部
202402	230W60100	54	寄付金	0.0	0.0	0.0	0.0	0.0	0.0	管理購買部
202402	230W60100	55	租税公課	202200.0	155000.0	150012.0	12.7	96.7	74.1	管理購買部
202402	230W60100	56	業務委託費	0.0	45455.0	45455.0	3.8	100.0	0.0	管理購買部
202402	230W60100	57	業務受託収入	0.0	0.0	0.0	0.0	0.0	0.0	管理購買部
202402	230W60100	58	システム管理料	0.0	0.0	0.0	0.0	0.0	0.0	管理購買部
202402	230W60100	59	情報機器利用料	13360.0	13360.0	13360.0	1.1	100.0	100.0	管理購買部
202402	230W60100	60	貸倒金	0.0	0.0	0.0	0.0	0.0	0.0	管理購買部
202402	230W60100	61	雑費	10270.0	10270.0	11032.0	0.9	107.4	107.4	管理購買部
202402	230W60100	62	福利消耗品費	5000.0	5000.0	0.0	0.0	0.0	0.0	管理購買部
202402	230W60100	63	教育研修費	15000.0	15000.0	0.0	0.0	0.0	0.0	管理購買部
202402	230W60100	64	雑給	0.0	0.0	0.0	0.0	0.0	0.0	管理購買部
202402	230W60100	65	グループ共通	97500.0	97500.0	97500.0	8.2	100.0	100.0	管理購買部
202402	230W60100	66	差引収益	2414911.0	302397.0	297560.0	25.1	98.4	12.3	管理購買部
202402	230W60100	67	差引比率	402.4	50.3	25.1		49.9	6.2	管理購買部
202402	230W60100	68	総時間	282.0	282.0	301.5		106.9	106.9	管理購買部
202402	230W60100	69	定時間	272.0	272.0	284.25		104.5	104.5	管理購買部
202402	230W60100	70	残業時間	10.0	10.0	17.25		172.5	172.5	管理購買部
202402	230W60100	71	移動時間	0.0	0.0	0.0		0.0	0.0	管理購買部
202402	230W60100	72	当月時間当り	8563.5	1072.3	986.9		92.0	11.5	管理購買部
202402	230W60100	73	人員	2.0	2.0	2.0		100.0	100.0	管理購買部
202403	230W60100	1	総受注高	0.0	0.0	500735.0		0.0	0.0	管理購買部
202403	230W60100	2	総売上高	0.0	0.0	500735.0		0.0	0.0	管理購買部
202403	230W60100	3	カーネーション売上高	0.0	0.0	0.0		0.0	0.0	管理購買部
202403	230W60100	4	カスミ草売上高	0.0	0.0	0.0		0.0	0.0	管理購買部
202403	230W60100	5	その他の売上	0.0	0.0	500735.0		0.0	0.0	管理購買部
202403	230W60100	6	送料	0.0	0.0	0.0		0.0	0.0	管理購買部
202403	230W60100	7	売上原価	19253636.0	12808498.0	8971719.0		70.0	46.5	管理購買部
202403	230W60100	8	苗仕入	12982110.0	7677198.0	3798251.0		49.4	29.2	管理購買部
202403	230W60100	9	パテント仕入	6271526.0	5131300.0	5173468.0		100.8	82.4	管理購買部
202403	230W60100	10	社内売	16026750.0	11867213.0	11863856.0		99.9	74.0	管理購買部
202403	230W60100	11	社内仕入	0.0	0.0	0.0		0.0	0.0	管理購買部
202403	230W60100	12	総収益	-3226886.0	-941285.0	3392872.0		0.0	0.0	管理購買部
202403	230W60100	13	経費合計	1541284.0	1877939.0	1723161.0	344.1	91.7	111.8	管理購買部
202403	230W60100	14	種苗費	0.0	0.0	0.0	0.0	0.0	0.0	管理購買部
202403	230W60100	15	肥料費	0.0	0.0	0.0	0.0	0.0	0.0	管理購買部
202403	230W60100	16	培土費用	0.0	495000.0	464700.0	92.8	93.8	0.0	管理購買部
202403	230W60100	17	農薬衛生費	0.0	0.0	0.0	0.0	0.0	0.0	管理購買部
202403	230W60100	18	農具費	0.0	0.0	0.0	0.0	0.0	0.0	管理購買部
202403	230W60100	19	諸材料費	0.0	209000.0	214514.0	42.8	102.6	0.0	管理購買部
202403	230W60100	20	その他仕入高	0.0	0.0	0.0	0.0	0.0	0.0	管理購買部
202403	230W60100	21	減価償却費	170707.0	170707.0	164807.0	32.9	96.5	96.5	管理購買部
202403	230W60100	22	車両費	0.0	0.0	0.0	0.0	0.0	0.0	管理購買部
202403	230W60100	23	旅費交通費	450000.0	260800.0	219715.0	43.8	84.2	48.8	管理購買部
202403	230W60100	24	荷造運搬費	500000.0	300000.0	208026.0	41.5	69.3	41.6	管理購買部
202403	230W60100	25	通信費	18051.0	18051.0	31040.0	6.1	171.9	171.9	管理購買部
202403	230W60100	26	水道光熱費	2712.0	2712.0	3230.0	0.6	119.1	119.1	管理購買部
202403	230W60100	27	動力費	0.0	0.0	0.0	0.0	0.0	0.0	管理購買部
202403	230W60100	28	燃料費	0.0	0.0	0.0	0.0	0.0	0.0	管理購買部
202403	230W60100	29	事務用品費	53500.0	53500.0	126355.0	25.2	236.1	236.1	管理購買部
202403	230W60100	30	消耗品費	15000.0	15000.0	7754.0	1.5	51.6	51.6	管理購買部
202403	230W60100	31	廃棄物処理料	16000.0	16000.0	16900.0	3.3	105.6	105.6	管理購買部
202403	230W60100	32	広告宣伝費	0.0	0.0	0.0	0.0	0.0	0.0	管理購買部
202403	230W60100	33	接待交際費	20000.0	20000.0	0.0	0.0	0.0	0.0	管理購買部
202403	230W60100	34	研究開発費	0.0	0.0	0.0	0.0	0.0	0.0	管理購買部
202403	230W60100	35	クレーム費	0.0	0.0	0.0	0.0	0.0	0.0	管理購買部
202403	230W60100	36	賃借料	0.0	0.0	0.0	0.0	0.0	0.0	管理購買部
202403	230W60100	37	賃貸料収入	0.0	0.0	0.0	0.0	0.0	0.0	管理購買部
202403	230W60100	45	修繕費	40000.0	40000.0	0.0	0.0	0.0	0.0	管理購買部
202403	230W60100	46	支払リース料	0.0	0.0	0.0	0.0	0.0	0.0	管理購買部
202403	230W60100	47	保険料	41184.0	41184.0	41184.0	8.2	100.0	100.0	管理購買部
202403	230W60100	48	支払報酬	18500.0	18500.0	18500.0	3.6	100.0	100.0	管理購買部
202403	230W60100	49	販売手数料	0.0	0.0	0.0	0.0	0.0	0.0	管理購買部
202403	230W60100	50	支払手数料	28500.0	28500.0	23889.0	4.7	83.8	83.8	管理購買部
202403	230W60100	51	診断料	0.0	0.0	0.0	0.0	0.0	0.0	管理購買部
202403	230W60100	52	諸会費	14400.0	14400.0	18000.0	3.5	125.0	125.0	管理購買部
202403	230W60100	53	会議費	0.0	0.0	0.0	0.0	0.0	0.0	管理購買部
202403	230W60100	54	寄付金	0.0	0.0	0.0	0.0	0.0	0.0	管理購買部
202403	230W60100	55	租税公課	23600.0	0.0	0.0	0.0	0.0	0.0	管理購買部
202403	230W60100	56	業務委託費	0.0	45455.0	45455.0	9.0	100.0	0.0	管理購買部
202403	230W60100	57	業務受託収入	0.0	0.0	0.0	0.0	0.0	0.0	管理購買部
202403	230W60100	58	システム管理料	0.0	0.0	0.0	0.0	0.0	0.0	管理購買部
202403	230W60100	59	情報機器利用料	13360.0	13360.0	13360.0	2.6	100.0	100.0	管理購買部
202403	230W60100	60	貸倒金	0.0	0.0	0.0	0.0	0.0	0.0	管理購買部
202403	230W60100	61	雑費	8270.0	8270.0	8232.0	1.6	99.5	99.5	管理購買部
202403	230W60100	62	福利消耗品費	0.0	0.0	0.0	0.0	0.0	0.0	管理購買部
202403	230W60100	63	教育研修費	10000.0	10000.0	0.0	0.0	0.0	0.0	管理購買部
202403	230W60100	64	雑給	0.0	0.0	0.0	0.0	0.0	0.0	管理購買部
202403	230W60100	65	グループ共通	97500.0	97500.0	97500.0	19.4	100.0	100.0	管理購買部
202403	230W60100	66	差引収益	-4768170.0	-2819224.0	1669711.0	333.4	0.0	0.0	管理購買部
202403	230W60100	67	差引比率	0.0	0.0	333.4		0.0	0.0	管理購買部
202403	230W60100	68	総時間	327.0	327.0	348.25		106.4	106.4	管理購買部
202403	230W60100	69	定時間	312.0	312.0	324.0		103.8	103.8	管理購買部
202403	230W60100	70	残業時間	15.0	15.0	24.25		161.6	161.6	管理購買部
202403	230W60100	71	移動時間	0.0	0.0	0.0		0.0	0.0	管理購買部
202403	230W60100	72	当月時間当り	-14581.5	-8621.4	4794.5		0.0	0.0	管理購買部
202403	230W60100	73	人員	2.0	2.0	2.0		100.0	100.0	管理購買部
202604	230W10200	1	総受注高	285000.0	285000.0	-953400.0		0.0	0.0	開発営業課
202604	230W10200	2	総売上高	14457650.0	15162150.0	15197490.0		100.2	105.1	開発営業課
202604	230W10200	3	カーネーション売上高	14000000.0	14555000.0	14511850.0		99.7	103.6	開発営業課
202604	230W10200	4	カスミ草売上高	0.0	0.0	0.0		0.0	0.0	開発営業課
202604	230W10200	5	その他の売上	17650.0	17650.0	97600.0		552.9	552.9	開発営業課
202604	230W10200	6	送料	440000.0	589500.0	588040.0		99.7	133.6	開発営業課
202604	230W10200	7	売上原価	7762718.0	12636773.0	7876778.0		62.3	101.4	開発営業課
202604	230W10200	8	苗仕入	7587048.0	12239373.0	12633665.0		103.2	166.5	開発営業課
202604	230W10200	9	パテント仕入	0.0	180400.0	194000.0		107.5	0.0	開発営業課
202604	230W10200	10	社内売	0.0	0.0	0.0		0.0	0.0	開発営業課
202604	230W10200	11	社内仕入	0.0	0.0	0.0		0.0	0.0	開発営業課
202604	230W10200	12	総収益	6694932.0	2525377.0	7320712.0		289.8	109.3	開発営業課
202604	230W10200	13	経費合計	4397961.0	4549961.0	5273990.0	34.7	115.9	119.9	開発営業課
202604	230W10200	14	種苗費	0.0	0.0	0.0	0.0	0.0	0.0	開発営業課
202604	230W10200	15	肥料費	0.0	0.0	0.0	0.0	0.0	0.0	開発営業課
202604	230W10200	16	培土費用	0.0	0.0	1159400.0	7.6	0.0	0.0	開発営業課
202604	230W10200	17	農薬衛生費	0.0	0.0	0.0	0.0	0.0	0.0	開発営業課
202604	230W10200	18	農具費	0.0	0.0	0.0	0.0	0.0	0.0	開発営業課
202604	230W10200	19	諸材料費	227400.0	227400.0	184000.0	1.2	80.9	80.9	開発営業課
202604	230W10200	20	その他仕入高	0.0	0.0	0.0	0.0	0.0	0.0	開発営業課
202604	230W10200	21	減価償却費	422791.0	422791.0	423108.0	2.7	100.0	100.0	開発営業課
202604	230W10200	22	車両費	118233.0	118233.0	113233.0	0.7	95.7	95.7	開発営業課
202604	230W10200	23	旅費交通費	306000.0	306000.0	363359.0	2.3	118.7	118.7	開発営業課
202604	230W10200	24	荷造運搬費	722301.0	874301.0	1180529.0	7.7	135.0	163.4	開発営業課
202604	230W10200	25	通信費	79987.0	79987.0	81488.0	0.5	101.8	101.8	開発営業課
202604	230W10200	26	水道光熱費	150000.0	150000.0	117537.0	0.7	78.3	78.3	開発営業課
202604	230W10200	27	動力費	0.0	0.0	0.0	0.0	0.0	0.0	開発営業課
202604	230W10200	28	燃料費	0.0	0.0	0.0	0.0	0.0	0.0	開発営業課
202604	230W10200	29	事務用品費	40000.0	40000.0	47683.0	0.3	119.2	119.2	開発営業課
202604	230W10200	30	消耗品費	115000.0	115000.0	17500.0	0.1	15.2	15.2	開発営業課
202604	230W10200	31	廃棄物処理料	61950.0	61950.0	16900.0	0.1	27.2	27.2	開発営業課
202604	230W10200	32	広告宣伝費	20300.0	20300.0	1003.0	0.0	4.9	4.9	開発営業課
202604	230W10200	33	接待交際費	30000.0	30000.0	18010.0	0.1	60.0	60.0	開発営業課
202604	230W10200	34	研究開発費	393000.0	393000.0	32020.0	0.2	8.1	8.1	開発営業課
202604	230W10200	35	クレーム費	0.0	0.0	0.0	0.0	0.0	0.0	開発営業課
202604	230W10200	36	賃借料	0.0	0.0	0.0	0.0	0.0	0.0	開発営業課
202604	230W10200	37	賃貸料収入	0.0	0.0	0.0	0.0	0.0	0.0	開発営業課
202604	230W10200	45	修繕費	270000.0	270000.0	0.0	0.0	0.0	0.0	開発営業課
202604	230W10200	46	支払リース料	0.0	0.0	0.0	0.0	0.0	0.0	開発営業課
202604	230W10200	47	保険料	4108.0	4108.0	4108.0	0.0	100.0	100.0	開発営業課
202604	230W10200	48	支払報酬	21500.0	21500.0	22200.0	0.1	103.2	103.2	開発営業課
202604	230W10200	49	販売手数料	0.0	0.0	0.0	0.0	0.0	0.0	開発営業課
202604	230W10200	50	支払手数料	198486.0	198486.0	286697.0	1.8	144.4	144.4	開発営業課
202604	230W10200	51	診断料	0.0	0.0	0.0	0.0	0.0	0.0	開発営業課
202604	230W10200	52	諸会費	0.0	0.0	0.0	0.0	0.0	0.0	開発営業課
202604	230W10200	53	会議費	15000.0	15000.0	0.0	0.0	0.0	0.0	開発営業課
202604	230W10200	54	寄付金	0.0	0.0	0.0	0.0	0.0	0.0	開発営業課
202604	230W10200	55	租税公課	134100.0	134100.0	133700.0	0.8	99.7	99.7	開発営業課
202604	230W10200	56	業務委託費	397800.0	397800.0	397800.0	2.6	100.0	100.0	開発営業課
202604	230W10200	57	業務受託収入	0.0	0.0	0.0	0.0	0.0	0.0	開発営業課
202604	230W10200	58	システム管理料	138000.0	138000.0	138000.0	0.9	100.0	100.0	開発営業課
202604	230W10200	59	情報機器利用料	156610.0	156610.0	174580.0	1.1	111.4	111.4	開発営業課
202604	230W10200	60	貸倒金	0.0	0.0	0.0	0.0	0.0	0.0	開発営業課
202604	230W10200	61	雑費	46357.0	46357.0	44464.0	0.2	95.9	95.9	開発営業課
202604	230W10200	62	福利消耗品費	22038.0	22038.0	6800.0	0.0	30.8	30.8	開発営業課
202604	230W10200	63	教育研修費	0.0	0.0	2871.0	0.0	0.0	0.0	開発営業課
202604	230W10200	64	雑給	0.0	0.0	0.0	0.0	0.0	0.0	開発営業課
202604	230W10200	65	グループ共通	307000.0	307000.0	307000.0	2.0	100.0	100.0	開発営業課
202604	230W10200	66	差引収益	2296971.0	-2024584.0	2046722.0	13.4	0.0	89.1	開発営業課
202604	230W10200	67	差引比率	15.8	-13.3	13.4		0.0	84.8	開発営業課
202604	230W10200	68	総時間	1894.5	1894.5	1929.5		101.8	101.8	開発営業課
202604	230W10200	69	定時間	1776.5	1776.5	1852.25		104.2	104.2	開発営業課
202604	230W10200	70	残業時間	95.0	95.0	63.0		66.3	66.3	開発営業課
202604	230W10200	71	移動時間	23.0	23.0	14.25		61.9	61.9	開発営業課
202604	230W10200	72	当月時間当り	1212.4	-1068.6	1060.7		0.0	87.4	開発営業課
202604	230W10200	73	人員	12.0	12.0	13.0		108.3	108.3	開発営業課
