組織コード	組織名	科目	年度_見通し	MP	MP比	前年比
003000000	イノチオアグリ㈱	総受注高	9948521433.0	14000000000.0	71.0	86.2
003000000	イノチオアグリ㈱	【新築】受注高	2353053310.0	5136000000.0	45.8	64.2
003000000	イノチオアグリ㈱	【リフォ】受注高	2403006920.0	3864000000.0	62.1	74.0
003000000	イノチオアグリ㈱	【資材】受注高	5192461203.0	5000000000.0	103.8	112.3
003000000	イノチオアグリ㈱	総売上高	10472497275.0	14000000000.0	74.8	79.5
003000000	イノチオアグリ㈱	【新築】売上高	2776439310.0	5150000000.0	53.9	53.4
003000000	イノチオアグリ㈱	【リフォ】売上高	2652123270.0	3850000000.0	68.8	79.0
003000000	イノチオアグリ㈱	【資材】売上高	5045686924.0	5001752000.0	100.8	109.4
003000000	イノチオアグリ㈱	【新築】インセンティブ	0.0	0.0		
003000000	イノチオアグリ㈱	【リフォ】インセンティブ	0.0	0.0		
003000000	イノチオアグリ㈱	【資材】インセンティブ	-1752229.0	-1752000.0		
003000000	イノチオアグリ㈱	収益①（営業口銭）	536738418.0	835000000.0	64.2	68.6
003000000	イノチオアグリ㈱	【新築】収益①(営業口銭)	138919964.0	257500000.0	53.9	49.8
003000000	イノチオアグリ㈱	【リフォ】収益①(営業口銭)	397818454.0	577500000.0	68.8	79.1
003000000	イノチオアグリ㈱	【資材】売上原価	3999727962.0	3970100000.0	100.7	107.2
003000000	イノチオアグリ㈱	収益②（資材）	1044206733.0	1029900000.0	101.3	118.8
003000000	イノチオアグリ㈱	総収益	1580945151.0	1864900000.0	84.7	95.3
003000000	イノチオアグリ㈱	総出荷	7605742618.0	11766000000.0	64.6	69.4
003000000	イノチオアグリ㈱	社外売	5428562580.0	9000000000.0	60.3	63.4
003000000	イノチオアグリ㈱	社内売	2177180038.0	2766000000.0	78.7	91.0
003000000	イノチオアグリ㈱	社内仕入	1636002048.0	2372004749.0	68.9	86.4
003000000	イノチオアグリ㈱	仕掛1	-5009030.0	11607697.0		
003000000	イノチオアグリ㈱	総生産	5974749600.0	9382387554.0	63.6	68.1
003000000	イノチオアグリ㈱	経費合計	6294839177.0	9197306145.0	68.4	72.3
003000000	イノチオアグリ㈱	経費合計(原価)	4782206728.0	7392657554.0	64.6	68.3
003000000	イノチオアグリ㈱	仕掛2	129677042.0	124720931.0	103.9	53.7
003000000	イノチオアグリ㈱	商品仕入高	2253432839.0	3629332598.0	62.0	78.7
003000000	イノチオアグリ㈱	原材料費	749920021.0	934809800.0	80.2	88.3
003000000	イノチオアグリ㈱	外注加工費	1561105584.0	2613553732.0	59.7	51.1
003000000	イノチオアグリ㈱	その他 直接経費	99028045.0	101870493.0	97.2	
003000000	イノチオアグリ㈱	他勘定振替高	-10956803.0	-11630000.0		
003000000	イノチオアグリ㈱	経費合計（販管費）	1512632449.0	1804648591.0	83.8	88.3
003000000	イノチオアグリ㈱	減価償却費	104732802.0	103420443.0	101.2	109.9
003000000	イノチオアグリ㈱	車両費	143359157.0	142452509.0	100.6	107.7
003000000	イノチオアグリ㈱	旅費交通費	61537434.0	61061127.0	100.7	88.5
003000000	イノチオアグリ㈱	荷造運搬費	36065656.0	36976495.0	97.5	94.9
003000000	イノチオアグリ㈱	通信費	17685250.0	17877679.0	98.9	107.8
003000000	イノチオアグリ㈱	水道光熱費	15984128.0	16506052.0	96.8	109.9
003000000	イノチオアグリ㈱	動力費	7478241.0	7950528.0	94.0	113.4
003000000	イノチオアグリ㈱	事務用品費	6620303.0	6739246.0	98.2	115.9
003000000	イノチオアグリ㈱	消耗品費	19450255.0	18065121.0	107.6	112.5
003000000	イノチオアグリ㈱	廃棄物処理料	10386702.0	9588076.0	108.3	92.7
003000000	イノチオアグリ㈱	広告宣伝費	30919611.0	30552098.0	101.2	127.2
003000000	イノチオアグリ㈱	接待交際費	8061527.0	8251215.0	97.7	110.6
003000000	イノチオアグリ㈱	研究開発費	13230000.0	13500000.0	98.0	455.8
003000000	イノチオアグリ㈱	アフターサービス費	0.0	0.0		
003000000	イノチオアグリ㈱	クレーム費	31751011.0	30360000.0	104.5	87.3
003000000	イノチオアグリ㈱	賃借料	167953238.0	167081596.0	100.5	102.0
003000000	イノチオアグリ㈱	賃貸料収入	-8600366.0	-7841992.0		
003000000	イノチオアグリ㈱	修繕費	6679262.0	8173210.0	81.7	126.6
003000000	イノチオアグリ㈱	支払リース料	1829333.0	1875986.0	97.5	140.2
003000000	イノチオアグリ㈱	保険料	10272587.0	9272558.0	110.7	100.0
003000000	イノチオアグリ㈱	支払報酬	8911846.0	8910598.0	100.0	111.1
003000000	イノチオアグリ㈱	販売手数料	0.0	0.0		0.0
003000000	イノチオアグリ㈱	支払手数料	18811898.0	18745997.0	100.3	103.1
003000000	イノチオアグリ㈱	診断料	2661650.0	2089000.0	127.4	135.5
003000000	イノチオアグリ㈱	諸会費	2659311.0	2625434.0	101.2	98.0
003000000	イノチオアグリ㈱	会議費	23649.0	26000.0	90.9	71.7
003000000	イノチオアグリ㈱	寄付金	115910.0	117000.0	99.0	79.6
003000000	イノチオアグリ㈱	租税公課	7558484.0	7600102.0	99.4	109.0
003000000	イノチオアグリ㈱	業務委託費	7935600.0	7855600.0	101.0	73.3
003000000	イノチオアグリ㈱	業務受託収入	-180000.0	-180000.0		
003000000	イノチオアグリ㈱	システム管理料	27116000.0	23616000.0	114.8	125.4
003000000	イノチオアグリ㈱	情報機器利用料	97517615.0	96230744.0	101.3	120.1
003000000	イノチオアグリ㈱	貸倒金	315743.0	315743.0	100.0	8.2
003000000	イノチオアグリ㈱	雑費	5428261.0	5499830.0	98.6	92.7
003000000	イノチオアグリ㈱	福利消耗品費	2940172.0	3664066.0	80.2	75.8
003000000	イノチオアグリ㈱	教育研修費	10508710.0	11274282.0	93.2	91.8
003000000	イノチオアグリ㈱	廃棄損・減耗損	12329351.0	12792248.0	96.3	79.9
003000000	イノチオアグリ㈱	雑給	0.0	0.0		
003000000	イノチオアグリ㈱	社内金利（固定資産）	0.0	0.0		
003000000	イノチオアグリ㈱	社内金利（売掛金）	0.0	0.0		
003000000	イノチオアグリ㈱	社内金利（在庫）	0.0	0.0		
003000000	イノチオアグリ㈱	営業口銭①（新築）	138919964.0	257500000.0	53.9	49.8
003000000	イノチオアグリ㈱	営業口銭②（リフォ）	397818454.0	577500000.0	68.8	79.1
003000000	イノチオアグリ㈱	開発口銭	0.0	0.0		
003000000	イノチオアグリ㈱	部門共通（経費）	0.0	0.0		
003000000	イノチオアグリ㈱	グループ共通	85843700.0	86604000.0	99.1	101.4
003000000	イノチオアグリ㈱	差引収益	1260855574.0	2049981409.0	61.5	73.4
003000000	イノチオアグリ㈱	差引比率	7.6	8.7	87.3	97.4
003000000	イノチオアグリ㈱	総時間	626115.0	630663.75	99.2	107.6
003000000	イノチオアグリ㈱	定時間	553340.0	554045.5	99.8	107.3
003000000	イノチオアグリ㈱	残業時間	73342.75	71588.5	102.4	115.9
003000000	イノチオアグリ㈱	移動時間	-567.75	5029.75		
003000000	イノチオアグリ㈱	部門共通（時間）	0.0	0.0		
003000000	イノチオアグリ㈱	当月時間当り	2013.7	3250.5	61.9	68.1
003000000	イノチオアグリ㈱	人員	297.0	296.0	100.3	103.1
003090100	イノチオアグリ本社	総受注高	0.0	0.0		
003090100	イノチオアグリ本社	【新築】受注高	0.0	0.0		
003090100	イノチオアグリ本社	【リフォ】受注高	0.0	0.0		
003090100	イノチオアグリ本社	【資材】受注高	0.0	0.0		
003090100	イノチオアグリ本社	総売上高	0.0	0.0		
003090100	イノチオアグリ本社	【新築】売上高	0.0	0.0		
003090100	イノチオアグリ本社	【リフォ】売上高	0.0	0.0		
003090100	イノチオアグリ本社	【資材】売上高	0.0	0.0		
003090100	イノチオアグリ本社	【新築】インセンティブ	0.0	0.0		
003090100	イノチオアグリ本社	【リフォ】インセンティブ	0.0	0.0		
003090100	イノチオアグリ本社	【資材】インセンティブ	0.0	0.0		
003090100	イノチオアグリ本社	収益①（営業口銭）	0.0	0.0		
003090100	イノチオアグリ本社	【新築】収益①(営業口銭)	0.0	0.0		
003090100	イノチオアグリ本社	【リフォ】収益①(営業口銭)	0.0	0.0		
003090100	イノチオアグリ本社	【資材】売上原価	0.0	0.0		
003090100	イノチオアグリ本社	収益②（資材）	0.0	0.0		
003090100	イノチオアグリ本社	総収益	0.0	0.0		
003090100	イノチオアグリ本社	経費合計	31057524.0	28226925.0	110.0	92.6
003090100	イノチオアグリ本社	減価償却費	71634561.0	71679560.0	99.9	98.5
003090100	イノチオアグリ本社	車両費	246921.0	253725.0	97.3	42.4
003090100	イノチオアグリ本社	旅費交通費	4635712.0	4300000.0	107.8	216.4
003090100	イノチオアグリ本社	荷造運搬費	547191.0	1550000.0	35.3	30.7
003090100	イノチオアグリ本社	通信費	711645.0	676448.0	105.2	77.5
003090100	イノチオアグリ本社	水道光熱費	7166.0	7200.0	99.5	103.9
003090100	イノチオアグリ本社	動力費	0.0	0.0		
003090100	イノチオアグリ本社	事務用品費	4082.0	2400.0	170.0	20.6
003090100	イノチオアグリ本社	消耗品費	350000.0	350000.0	100.0	201.3
003090100	イノチオアグリ本社	廃棄物処理料	623.0	0.0		10.7
003090100	イノチオアグリ本社	広告宣伝費	150000.0	150000.0	100.0	30.3
003090100	イノチオアグリ本社	接待交際費	894335.0	740546.0	120.7	137.3
003090100	イノチオアグリ本社	研究開発費	0.0	0.0		
003090100	イノチオアグリ本社	アフターサービス費	0.0	0.0		
003090100	イノチオアグリ本社	クレーム費	0.0	0.0		
003090100	イノチオアグリ本社	賃借料	63442.0	60000.0	105.7	42.8
003090100	イノチオアグリ本社	賃貸料収入	0.0	0.0		
003090100	イノチオアグリ本社	修繕費	0.0	200000.0	0.0	0.0
003090100	イノチオアグリ本社	支払リース料	0.0	0.0		
003090100	イノチオアグリ本社	保険料	1413836.0	1397640.0	101.1	69.9
003090100	イノチオアグリ本社	支払報酬	1937300.0	2133780.0	90.7	65.2
003090100	イノチオアグリ本社	販売手数料	0.0	0.0		
003090100	イノチオアグリ本社	支払手数料	3229720.0	3230490.0	99.9	90.6
003090100	イノチオアグリ本社	診断料	0.0	0.0		
003090100	イノチオアグリ本社	諸会費	922300.0	920356.0	100.2	74.3
003090100	イノチオアグリ本社	会議費	0.0	0.0		0.0
003090100	イノチオアグリ本社	寄付金	0.0	0.0		
003090100	イノチオアグリ本社	租税公課	3342532.0	3272916.0	102.1	91.9
003090100	イノチオアグリ本社	業務委託費	0.0	0.0		
003090100	イノチオアグリ本社	業務受託収入	0.0	0.0		
003090100	イノチオアグリ本社	システム管理料	27116000.0	23616000.0	114.8	125.4
003090100	イノチオアグリ本社	情報機器利用料	-91387896.0	-91538880.0		
003090100	イノチオアグリ本社	貸倒金	0.0	0.0		
003090100	イノチオアグリ本社	雑費	429216.0	402890.0	106.5	30.5
003090100	イノチオアグリ本社	福利消耗品費	405000.0	405000.0	100.0	141.7
003090100	イノチオアグリ本社	教育研修費	1580000.0	1580000.0	100.0	66.6
003090100	イノチオアグリ本社	廃棄損・減耗損	0.0	0.0		
003090100	イノチオアグリ本社	雑給	0.0	0.0		
003090100	イノチオアグリ本社	社内金利（固定資産）	2823838.0	2836854.0	99.5	40.9
003090100	イノチオアグリ本社	社内金利（売掛金）	0.0	0.0		
003090100	イノチオアグリ本社	社内金利（在庫）	0.0	0.0		
003090100	イノチオアグリ本社	開発口銭	0.0	0.0		
003090100	イノチオアグリ本社	部門共通（経費）	0.0	0.0		
003090100	イノチオアグリ本社	グループ共通	0.0	0.0		
003090100	イノチオアグリ本社	差引収益	-31057524.0	-28226925.0		
003090100	イノチオアグリ本社	差引比率	0.0	0.0		
003090100	イノチオアグリ本社	総時間	4875.5	4783.5	101.9	97.8
003090100	イノチオアグリ本社	定時間	3968.0	3968.0	100.0	100.0
003090100	イノチオアグリ本社	残業時間	496.0	496.0	100.0	100.0
003090100	イノチオアグリ本社	移動時間	411.5	319.5	128.7	79.0
003090100	イノチオアグリ本社	部門共通（時間）	0.0	0.0		
003090100	イノチオアグリ本社	当月時間当り	-6370.1	-5900.8		
003090100	イノチオアグリ本社	人員	2.0	2.0	100.0	100.0
230B30300	システム設計課	総出荷	0.0	0.0		
230B30300	システム設計課	社外売	0.0	0.0		
230B30300	システム設計課	社内売	0.0	0.0		
230B30300	システム設計課	社内仕入	0.0	0.0		
230B30300	システム設計課	仕掛1	0.0	0.0		
230B30300	システム設計課	総生産	0.0	0.0		
230B30300	システム設計課	経費合計	0.0	0.0		
230B30300	システム設計課	経費合計(原価)	0.0	0.0		0.0
230B30300	システム設計課	仕掛2	0.0	0.0		
230B30300	システム設計課	商品仕入高	0.0	0.0		0.0
230B30300	システム設計課	原材料費	0.0	0.0		
230B30300	システム設計課	外注加工費	0.0	0.0		
230B30300	システム設計課	その他 直接経費	0.0	0.0		
230B30300	システム設計課	他勘定振替高	0.0	0.0		
230B30300	システム設計課	経費合計（販管費）	0.0	0.0		
230B30300	システム設計課	減価償却費	0.0	0.0		
230B30300	システム設計課	車両費	4712216.0	4742000.0	99.3	97.7
230B30300	システム設計課	旅費交通費	2762711.0	2799000.0	98.7	109.0
230B30300	システム設計課	荷造運搬費	25000.0	30000.0	83.3	209.2
230B30300	システム設計課	通信費	397731.0	383500.0	103.7	104.3
230B30300	システム設計課	水道光熱費	519948.0	531000.0	97.9	102.1
230B30300	システム設計課	動力費	0.0	0.0		
230B30300	システム設計課	事務用品費	40107.0	43000.0	93.2	66.4
230B30300	システム設計課	消耗品費	419931.0	444000.0	94.5	83.5
230B30300	システム設計課	廃棄物処理料	35568.0	58000.0	61.3	50.6
230B30300	システム設計課	広告宣伝費	5000.0	5000.0	100.0	104.7
230B30300	システム設計課	接待交際費	200000.0	240000.0	83.3	480.3
230B30300	システム設計課	研究開発費	0.0	0.0		
230B30300	システム設計課	アフターサービス費	0.0	0.0		
230B30300	システム設計課	クレーム費	0.0	0.0		0.0
230B30300	システム設計課	賃借料	3588200.0	3593000.0	99.8	98.8
230B30300	システム設計課	賃貸料収入	-612000.0	-612000.0		
230B30300	システム設計課	修繕費	0.0	0.0		
230B30300	システム設計課	支払リース料	36276.0	39000.0	93.0	93.1
230B30300	システム設計課	保険料	5000.0	5000.0	100.0	
230B30300	システム設計課	支払報酬	0.0	0.0		
230B30300	システム設計課	販売手数料	0.0	0.0		
230B30300	システム設計課	支払手数料	528068.0	505000.0	104.5	98.1
230B30300	システム設計課	診断料	0.0	0.0		
230B30300	システム設計課	諸会費	24000.0	24000.0	100.0	99.3
230B30300	システム設計課	会議費	0.0	0.0		0.0
230B30300	システム設計課	寄付金	0.0	0.0		
230B30300	システム設計課	租税公課	4000.0	4000.0	100.0	197.2
230B30300	システム設計課	業務委託費	3088000.0	3088000.0	100.0	99.8
230B30300	システム設計課	業務受託収入	0.0	0.0		
230B30300	システム設計課	システム管理料	0.0	0.0		
230B30300	システム設計課	情報機器利用料	8335860.0	8380500.0	99.4	113.8
230B30300	システム設計課	貸倒金	0.0	0.0		
230B30300	システム設計課	雑費	18622.0	18000.0	103.4	85.8
230B30300	システム設計課	福利消耗品費	25183.0	101500.0	24.8	11.1
230B30300	システム設計課	教育研修費	97844.0	99500.0	98.3	110.7
230B30300	システム設計課	廃棄損・減耗損	0.0	0.0		
230B30300	システム設計課	雑給	0.0	0.0		
230B30300	システム設計課	社内金利（固定資産）	0.0	0.0		
230B30300	システム設計課	社内金利（売掛金）	0.0	0.0		
230B30300	システム設計課	社内金利（在庫）	0.0	0.0		
230B30300	システム設計課	営業口銭①（新築）	0.0	0.0		
230B30300	システム設計課	営業口銭②（リフォ）	0.0	0.0		
230B30300	システム設計課	開発口銭	0.0	0.0		
230B30300	システム設計課	部門共通（経費）	-27877665.0	-28141400.0		
230B30300	システム設計課	グループ共通	3620400.0	3620400.0	100.0	94.8
230B30300	システム設計課	差引収益	0.0	0.0		
230B30300	システム設計課	差引比率	0.0	0.0		
230B30300	システム設計課	総時間	0.0	0.0		
230B30300	システム設計課	定時間	21911.75	21938.0	99.8	104.0
230B30300	システム設計課	残業時間	3438.75	3421.0	100.5	108.5
230B30300	システム設計課	移動時間	225.0	225.0	100.0	109.0
230B30300	システム設計課	部門共通（時間）	-25575.5	-25584.0		
230B30300	システム設計課	当月時間当り	0.0	0.0		
230B30300	システム設計課	人員	12.0	12.0	100.0	92.3
230J30120	フィルム加工課 出荷部門	総出荷	450201963.0	450000000.0	100.0	95.4
230J30120	フィルム加工課 出荷部門	社外売	0.0	0.0		
230J30120	フィルム加工課 出荷部門	社内売	450201963.0	450000000.0	100.0	95.4
230J30120	フィルム加工課 出荷部門	社内仕入	450201963.0	450000000.0	100.0	95.4
230J30120	フィルム加工課 出荷部門	仕掛1	0.0	0.0		
230J30120	フィルム加工課 出荷部門	総生産	0.0	0.0		
230J30120	フィルム加工課 出荷部門	経費合計	0.0	0.0		0.0
230J30120	フィルム加工課 出荷部門	経費合計(原価)	0.0	0.0		
230J30120	フィルム加工課 出荷部門	仕掛2	0.0	0.0		
230J30120	フィルム加工課 出荷部門	商品仕入高	0.0	0.0		
230J30120	フィルム加工課 出荷部門	原材料費	0.0	0.0		
230J30120	フィルム加工課 出荷部門	外注加工費	0.0	0.0		
230J30120	フィルム加工課 出荷部門	その他 直接経費	0.0	0.0		
230J30120	フィルム加工課 出荷部門	他勘定振替高	0.0	0.0		
230J30120	フィルム加工課 出荷部門	経費合計（販管費）	0.0	0.0		0.0
230J30120	フィルム加工課 出荷部門	減価償却費	0.0	0.0		
230J30120	フィルム加工課 出荷部門	車両費	0.0	0.0		
230J30120	フィルム加工課 出荷部門	旅費交通費	0.0	0.0		
230J30120	フィルム加工課 出荷部門	荷造運搬費	0.0	0.0		
230J30120	フィルム加工課 出荷部門	通信費	0.0	0.0		
230J30120	フィルム加工課 出荷部門	水道光熱費	0.0	0.0		
230J30120	フィルム加工課 出荷部門	動力費	0.0	0.0		
230J30120	フィルム加工課 出荷部門	事務用品費	0.0	0.0		
230J30120	フィルム加工課 出荷部門	消耗品費	0.0	0.0		
230J30120	フィルム加工課 出荷部門	廃棄物処理料	0.0	0.0		0.0
230J30120	フィルム加工課 出荷部門	広告宣伝費	0.0	0.0		
230J30120	フィルム加工課 出荷部門	接待交際費	0.0	0.0		
230J30120	フィルム加工課 出荷部門	研究開発費	0.0	0.0		
230J30120	フィルム加工課 出荷部門	アフターサービス費	0.0	0.0		
230J30120	フィルム加工課 出荷部門	クレーム費	0.0	0.0		
230J30120	フィルム加工課 出荷部門	賃借料	0.0	0.0		
230J30120	フィルム加工課 出荷部門	賃貸料収入	0.0	0.0		
230J30120	フィルム加工課 出荷部門	修繕費	0.0	0.0		
230J30120	フィルム加工課 出荷部門	支払リース料	0.0	0.0		
230J30120	フィルム加工課 出荷部門	保険料	0.0	0.0		
230J30120	フィルム加工課 出荷部門	支払報酬	0.0	0.0		
230J30120	フィルム加工課 出荷部門	販売手数料	0.0	0.0		
230J30120	フィルム加工課 出荷部門	支払手数料	0.0	0.0		
230J30120	フィルム加工課 出荷部門	診断料	0.0	0.0		
230J30120	フィルム加工課 出荷部門	諸会費	0.0	0.0		
230J30120	フィルム加工課 出荷部門	会議費	0.0	0.0		
230J30120	フィルム加工課 出荷部門	寄付金	0.0	0.0		
230J30120	フィルム加工課 出荷部門	租税公課	0.0	0.0		
230J30120	フィルム加工課 出荷部門	業務委託費	0.0	0.0		
230J30120	フィルム加工課 出荷部門	業務受託収入	0.0	0.0		
230J30120	フィルム加工課 出荷部門	システム管理料	0.0	0.0		
230J30120	フィルム加工課 出荷部門	情報機器利用料	0.0	0.0		
230J30120	フィルム加工課 出荷部門	貸倒金	0.0	0.0		
230J30120	フィルム加工課 出荷部門	雑費	0.0	0.0		
230J30120	フィルム加工課 出荷部門	福利消耗品費	0.0	0.0		
230J30120	フィルム加工課 出荷部門	教育研修費	0.0	0.0		
230J30120	フィルム加工課 出荷部門	廃棄損・減耗損	0.0	0.0		
230J30120	フィルム加工課 出荷部門	雑給	0.0	0.0		
230J30120	フィルム加工課 出荷部門	社内金利（固定資産）	0.0	0.0		
230J30120	フィルム加工課 出荷部門	社内金利（売掛金）	0.0	0.0		
230J30120	フィルム加工課 出荷部門	社内金利（在庫）	0.0	0.0		
230J30120	フィルム加工課 出荷部門	営業口銭①（新築）	0.0	0.0		
230J30120	フィルム加工課 出荷部門	営業口銭②（リフォ）	0.0	0.0		
230J30120	フィルム加工課 出荷部門	開発口銭	0.0	0.0		
230J30120	フィルム加工課 出荷部門	部門共通（経費）	0.0	0.0		
230J30120	フィルム加工課 出荷部門	グループ共通	0.0	0.0		
230J30120	フィルム加工課 出荷部門	差引収益	0.0	0.0		
230J30120	フィルム加工課 出荷部門	差引比率	0.0	0.0		
230J30120	フィルム加工課 出荷部門	総時間	0.0	0.0		
230J30120	フィルム加工課 出荷部門	定時間	0.0	0.0		
230J30120	フィルム加工課 出荷部門	残業時間	0.0	0.0		
230J30120	フィルム加工課 出荷部門	移動時間	0.0	0.0		
230J30120	フィルム加工課 出荷部門	部門共通（時間）	0.0	0.0		
230J30120	フィルム加工課 出荷部門	当月時間当り	0.0	0.0		
230J30120	フィルム加工課 出荷部門	人員	0.0	0.0		
230J30110	フィルム加工課 生産部門	総出荷	450201963.0	450000000.0	100.0	95.4
230J30110	フィルム加工課 生産部門	社外売	0.0	0.0		
230J30110	フィルム加工課 生産部門	社内売	450201963.0	450000000.0	100.0	95.4
230J30110	フィルム加工課 生産部門	社内仕入	0.0	0.0		
230J30110	フィルム加工課 生産部門	仕掛1	0.0	0.0		
230J30110	フィルム加工課 生産部門	総生産	450201963.0	450000000.0	100.0	95.4
230J30110	フィルム加工課 生産部門	経費合計	390272201.0	390178982.0	100.0	93.5
230J30110	フィルム加工課 生産部門	経費合計(原価)	350651509.0	349570000.0	100.3	93.4
230J30110	フィルム加工課 生産部門	仕掛2	-430778.0	0.0		
230J30110	フィルム加工課 生産部門	商品仕入高	0.0	0.0		
230J30110	フィルム加工課 生産部門	原材料費	360856490.0	360000000.0	100.2	94.0
230J30110	フィルム加工課 生産部門	外注加工費	0.0	0.0		
230J30110	フィルム加工課 生産部門	その他 直接経費	0.0	0.0		
230J30110	フィルム加工課 生産部門	他勘定振替高	-9774203.0	-10430000.0		
230J30110	フィルム加工課 生産部門	経費合計（販管費）	39620692.0	40608982.0	97.5	93.9
230J30110	フィルム加工課 生産部門	減価償却費	1593228.0	1593228.0	100.0	107.0
230J30110	フィルム加工課 生産部門	車両費	584317.0	660000.0	88.5	48.4
230J30110	フィルム加工課 生産部門	旅費交通費	117091.0	140000.0	83.6	298.2
230J30110	フィルム加工課 生産部門	荷造運搬費	10000.0	12000.0	83.3	180.8
230J30110	フィルム加工課 生産部門	通信費	226803.0	239910.0	94.5	88.9
230J30110	フィルム加工課 生産部門	水道光熱費	47282.0	48000.0	98.5	102.7
230J30110	フィルム加工課 生産部門	動力費	3197288.0	3360000.0	95.1	106.0
230J30110	フィルム加工課 生産部門	事務用品費	530651.0	530464.0	100.0	180.1
230J30110	フィルム加工課 生産部門	消耗品費	1759219.0	1624000.0	108.3	101.4
230J30110	フィルム加工課 生産部門	廃棄物処理料	483550.0	440000.0	109.8	121.4
230J30110	フィルム加工課 生産部門	広告宣伝費	0.0	0.0		
230J30110	フィルム加工課 生産部門	接待交際費	137473.0	120000.0	114.5	
230J30110	フィルム加工課 生産部門	研究開発費	0.0	0.0		
230J30110	フィルム加工課 生産部門	アフターサービス費	0.0	0.0		
230J30110	フィルム加工課 生産部門	クレーム費	17800.0	0.0		
230J30110	フィルム加工課 生産部門	賃借料	7341600.0	7341600.0	100.0	85.8
230J30110	フィルム加工課 生産部門	賃貸料収入	0.0	0.0		
230J30110	フィルム加工課 生産部門	修繕費	1360000.0	1480000.0	91.8	
230J30110	フィルム加工課 生産部門	支払リース料	153484.0	161103.0	95.2	141.3
230J30110	フィルム加工課 生産部門	保険料	144696.0	144696.0	100.0	119.9
230J30110	フィルム加工課 生産部門	支払報酬	0.0	0.0		
230J30110	フィルム加工課 生産部門	販売手数料	0.0	0.0		
230J30110	フィルム加工課 生産部門	支払手数料	277458.0	362486.0	76.5	118.5
230J30110	フィルム加工課 生産部門	診断料	0.0	0.0		
230J30110	フィルム加工課 生産部門	諸会費	0.0	0.0		0.0
230J30110	フィルム加工課 生産部門	会議費	0.0	0.0		
230J30110	フィルム加工課 生産部門	寄付金	0.0	0.0		
230J30110	フィルム加工課 生産部門	租税公課	149754.0	149754.0	100.0	100.0
230J30110	フィルム加工課 生産部門	業務委託費	0.0	0.0		
230J30110	フィルム加工課 生産部門	業務受託収入	0.0	0.0		
230J30110	フィルム加工課 生産部門	システム管理料	0.0	0.0		
230J30110	フィルム加工課 生産部門	情報機器利用料	4588080.0	4592280.0	99.9	77.7
230J30110	フィルム加工課 生産部門	貸倒金	0.0	0.0		
230J30110	フィルム加工課 生産部門	雑費	137394.0	137400.0	99.9	87.1
230J30110	フィルム加工課 生産部門	福利消耗品費	115229.0	119000.0	96.8	116.0
230J30110	フィルム加工課 生産部門	教育研修費	100000.0	100000.0	100.0	
230J30110	フィルム加工課 生産部門	廃棄損・減耗損	9774203.0	10430000.0	93.7	91.5
230J30110	フィルム加工課 生産部門	雑給	0.0	0.0		
230J30110	フィルム加工課 生産部門	社内金利（固定資産）	862215.0	862214.0	100.0	120.2
230J30110	フィルム加工課 生産部門	社内金利（売掛金）	0.0	0.0		
230J30110	フィルム加工課 生産部門	社内金利（在庫）	1302366.0	1363376.0	95.5	99.0
230J30110	フィルム加工課 生産部門	営業口銭①（新築）	0.0	0.0		
230J30110	フィルム加工課 生産部門	営業口銭②（リフォ）	0.0	0.0		
230J30110	フィルム加工課 生産部門	開発口銭	0.0	0.0		
230J30110	フィルム加工課 生産部門	部門共通（経費）	1890311.0	1878271.0	100.6	94.7
230J30110	フィルム加工課 生産部門	グループ共通	2719200.0	2719200.0	100.0	77.0
230J30110	フィルム加工課 生産部門	差引収益	59929762.0	59821018.0	100.1	110.0
230J30110	フィルム加工課 生産部門	差引比率	13.3	13.2	100.7	115.6
230J30110	フィルム加工課 生産部門	総時間	24028.25	24716.75	97.2	110.8
230J30110	フィルム加工課 生産部門	定時間	19327.25	19978.0	96.7	96.0
230J30110	フィルム加工課 生産部門	残業時間	1669.25	1706.0	97.8	250.0
230J30110	フィルム加工課 生産部門	移動時間	1665.5	1665.5	100.0	
230J30110	フィルム加工課 生産部門	部門共通（時間）	1366.25	1367.25	99.9	92.7
230J30110	フィルム加工課 生産部門	当月時間当り	2494.1	2420.2	103.0	99.2
230J30110	フィルム加工課 生産部門	人員	10.0	10.0	100.0	83.3
230J30100	フィルム加工課	総出荷	900403926.0	900000000.0	100.0	95.4
230J30100	フィルム加工課	社外売	0.0	0.0		
230J30100	フィルム加工課	社内売	900403926.0	900000000.0	100.0	95.4
230J30100	フィルム加工課	社内仕入	450201963.0	450000000.0	100.0	95.4
230J30100	フィルム加工課	仕掛1	0.0	0.0		
230J30100	フィルム加工課	総生産	450201963.0	450000000.0	100.0	95.4
230J30100	フィルム加工課	経費合計	390272201.0	390178982.0	100.0	93.5
230J30100	フィルム加工課	経費合計(原価)	350651509.0	349570000.0	100.3	93.4
230J30100	フィルム加工課	仕掛2	-430778.0	0.0		
230J30100	フィルム加工課	商品仕入高	0.0	0.0		
230J30100	フィルム加工課	原材料費	360856490.0	360000000.0	100.2	94.0
230J30100	フィルム加工課	外注加工費	0.0	0.0		
230J30100	フィルム加工課	その他 直接経費	0.0	0.0		
230J30100	フィルム加工課	他勘定振替高	-9774203.0	-10430000.0		
230J30100	フィルム加工課	経費合計（販管費）	39620692.0	40608982.0	97.5	93.9
230J30100	フィルム加工課	減価償却費	1593228.0	1593228.0	100.0	107.0
230J30100	フィルム加工課	車両費	584317.0	660000.0	88.5	48.4
230J30100	フィルム加工課	旅費交通費	117091.0	140000.0	83.6	298.2
230J30100	フィルム加工課	荷造運搬費	10000.0	12000.0	83.3	180.8
230J30100	フィルム加工課	通信費	226803.0	239910.0	94.5	88.9
230J30100	フィルム加工課	水道光熱費	47282.0	48000.0	98.5	102.7
230J30100	フィルム加工課	動力費	3197288.0	3360000.0	95.1	106.0
230J30100	フィルム加工課	事務用品費	530651.0	530464.0	100.0	180.1
230J30100	フィルム加工課	消耗品費	1759219.0	1624000.0	108.3	101.4
230J30100	フィルム加工課	廃棄物処理料	483550.0	440000.0	109.8	111.6
230J30100	フィルム加工課	広告宣伝費	0.0	0.0		
230J30100	フィルム加工課	接待交際費	137473.0	120000.0	114.5	
230J30100	フィルム加工課	研究開発費	0.0	0.0		
230J30100	フィルム加工課	アフターサービス費	0.0	0.0		
230J30100	フィルム加工課	クレーム費	17800.0	0.0		
230J30100	フィルム加工課	賃借料	7341600.0	7341600.0	100.0	85.8
230J30100	フィルム加工課	賃貸料収入	0.0	0.0		
230J30100	フィルム加工課	修繕費	1360000.0	1480000.0	91.8	
230J30100	フィルム加工課	支払リース料	153484.0	161103.0	95.2	141.3
230J30100	フィルム加工課	保険料	144696.0	144696.0	100.0	119.9
230J30100	フィルム加工課	支払報酬	0.0	0.0		
230J30100	フィルム加工課	販売手数料	0.0	0.0		
230J30100	フィルム加工課	支払手数料	277458.0	362486.0	76.5	118.5
230J30100	フィルム加工課	診断料	0.0	0.0		
230J30100	フィルム加工課	諸会費	0.0	0.0		0.0
230J30100	フィルム加工課	会議費	0.0	0.0		
230J30100	フィルム加工課	寄付金	0.0	0.0		
230J30100	フィルム加工課	租税公課	149754.0	149754.0	100.0	100.0
230J30100	フィルム加工課	業務委託費	0.0	0.0		
230J30100	フィルム加工課	業務受託収入	0.0	0.0		
230J30100	フィルム加工課	システム管理料	0.0	0.0		
230J30100	フィルム加工課	情報機器利用料	4588080.0	4592280.0	99.9	77.7
230J30100	フィルム加工課	貸倒金	0.0	0.0		
230J30100	フィルム加工課	雑費	137394.0	137400.0	99.9	87.1
230J30100	フィルム加工課	福利消耗品費	115229.0	119000.0	96.8	116.0
230J30100	フィルム加工課	教育研修費	100000.0	100000.0	100.0	
230J30100	フィルム加工課	廃棄損・減耗損	9774203.0	10430000.0	93.7	91.5
230J30100	フィルム加工課	雑給	0.0	0.0		
230J30100	フィルム加工課	社内金利（固定資産）	862215.0	862214.0	100.0	120.2
230J30100	フィルム加工課	社内金利（売掛金）	0.0	0.0		
230J30100	フィルム加工課	社内金利（在庫）	1302366.0	1363376.0	95.5	99.0
230J30100	フィルム加工課	営業口銭①（新築）	0.0	0.0		
230J30100	フィルム加工課	営業口銭②（リフォ）	0.0	0.0		
230J30100	フィルム加工課	開発口銭	0.0	0.0		
230J30100	フィルム加工課	部門共通（経費）	1890311.0	1878271.0	100.6	94.7
230J30100	フィルム加工課	グループ共通	2719200.0	2719200.0	100.0	77.0
230J30100	フィルム加工課	差引収益	59929762.0	59821018.0	100.1	110.0
230J30100	フィルム加工課	差引比率	13.3	13.2	100.7	115.6
230J30100	フィルム加工課	総時間	24028.25	24716.75	97.2	110.8
230J30100	フィルム加工課	定時間	19327.25	19978.0	96.7	96.0
230J30100	フィルム加工課	残業時間	1669.25	1706.0	97.8	250.0
230J30100	フィルム加工課	移動時間	1665.5	1665.5	100.0	
230J30100	フィルム加工課	部門共通（時間）	1366.25	1367.25	99.9	92.7
230J30100	フィルム加工課	当月時間当り	2494.1	2420.2	103.0	99.2
230J30100	フィルム加工課	人員	10.0	10.0	100.0	83.3
230H10200	マーケティング課	総受注高	0.0	0.0		
230H10200	マーケティング課	【新築】受注高	0.0	0.0		
230H10200	マーケティング課	【リフォ】受注高	0.0	0.0		
230H10200	マーケティング課	【資材】受注高	0.0	0.0		
230H10200	マーケティング課	総売上高	0.0	0.0		
230H10200	マーケティング課	【新築】売上高	0.0	0.0		
230H10200	マーケティング課	【リフォ】売上高	0.0	0.0		
230H10200	マーケティング課	【資材】売上高	0.0	0.0		
230H10200	マーケティング課	【新築】インセンティブ	0.0	0.0		
230H10200	マーケティング課	【リフォ】インセンティブ	0.0	0.0		
230H10200	マーケティング課	【資材】インセンティブ	0.0	0.0		
230H10200	マーケティング課	収益①（営業口銭）	0.0	0.0		
230H10200	マーケティング課	【新築】収益①(営業口銭)	0.0	0.0		
230H10200	マーケティング課	【リフォ】収益①(営業口銭)	0.0	0.0		
230H10200	マーケティング課	【資材】売上原価	0.0	0.0		
230H10200	マーケティング課	収益②（資材）	0.0	0.0		
230H10200	マーケティング課	総収益	0.0	0.0		
230H10200	マーケティング課	経費合計	0.0	0.0		
230H10200	マーケティング課	減価償却費	0.0	0.0		
230H10200	マーケティング課	車両費	1534.0	0.0		24.2
230H10200	マーケティング課	旅費交通費	2701376.0	2702000.0	99.9	152.4
230H10200	マーケティング課	荷造運搬費	1865.0	0.0		454.8
230H10200	マーケティング課	通信費	126188.0	126031.0	100.1	108.3
230H10200	マーケティング課	水道光熱費	240630.0	245121.0	98.1	131.1
230H10200	マーケティング課	動力費	0.0	0.0		
230H10200	マーケティング課	事務用品費	21378.0	32876.0	65.0	44.4
230H10200	マーケティング課	消耗品費	62574.0	53016.0	118.0	164.2
230H10200	マーケティング課	廃棄物処理料	19218.0	21480.0	89.4	114.4
230H10200	マーケティング課	広告宣伝費	20004087.0	19488000.0	102.6	142.3
230H10200	マーケティング課	接待交際費	42775.0	9000.0	475.2	63.0
230H10200	マーケティング課	研究開発費	0.0	0.0		
230H10200	マーケティング課	アフターサービス費	0.0	0.0		
230H10200	マーケティング課	クレーム費	0.0	0.0		
230H10200	マーケティング課	賃借料	4273320.0	4273320.0	100.0	134.2
230H10200	マーケティング課	賃貸料収入	0.0	0.0		
230H10200	マーケティング課	修繕費	4305.0	4305.0	100.0	
230H10200	マーケティング課	支払リース料	7742.0	7584.0	102.0	122.4
230H10200	マーケティング課	保険料	0.0	0.0		
230H10200	マーケティング課	支払報酬	1800000.0	1800000.0	100.0	79.1
230H10200	マーケティング課	販売手数料	0.0	0.0		
230H10200	マーケティング課	支払手数料	1625185.0	2216517.0	73.3	73.9
230H10200	マーケティング課	診断料	0.0	0.0		
230H10200	マーケティング課	諸会費	0.0	0.0		0.0
230H10200	マーケティング課	会議費	0.0	0.0		
230H10200	マーケティング課	寄付金	0.0	0.0		
230H10200	マーケティング課	租税公課	0.0	0.0		
230H10200	マーケティング課	業務委託費	0.0	0.0		
230H10200	マーケティング課	業務受託収入	0.0	0.0		
230H10200	マーケティング課	システム管理料	0.0	0.0		
230H10200	マーケティング課	情報機器利用料	6414948.0	6403648.0	100.1	235.7
230H10200	マーケティング課	貸倒金	0.0	0.0		
230H10200	マーケティング課	雑費	9708.0	9708.0	100.0	12.0
230H10200	マーケティング課	福利消耗品費	3989.0	24888.0	16.0	31.6
230H10200	マーケティング課	教育研修費	171394.0	170620.0	100.4	373.8
230H10200	マーケティング課	廃棄損・減耗損	0.0	0.0		
230H10200	マーケティング課	雑給	0.0	0.0		
230H10200	マーケティング課	社内金利（固定資産）	0.0	0.0		
230H10200	マーケティング課	社内金利（売掛金）	0.0	0.0		
230H10200	マーケティング課	社内金利（在庫）	0.0	0.0		
230H10200	マーケティング課	開発口銭	0.0	0.0		
230H10200	マーケティング課	部門共通（経費）	-39039416.0	-39095314.0		
230H10200	マーケティング課	グループ共通	1507200.0	1507200.0	100.0	128.1
230H10200	マーケティング課	差引収益	0.0	0.0		
230H10200	マーケティング課	差引比率	0.0	0.0		
230H10200	マーケティング課	総時間	0.0	0.0		
230H10200	マーケティング課	定時間	9505.0	9586.0	99.1	99.6
230H10200	マーケティング課	残業時間	869.25	843.0	103.1	129.3
230H10200	マーケティング課	移動時間	1278.0	1284.0	99.5	152.7
230H10200	マーケティング課	部門共通（時間）	-11652.25	-11713.0		
230H10200	マーケティング課	当月時間当り	0.0	0.0		
230H10200	マーケティング課	人員	5.0	5.0	100.0	100.0
230C30600	メンテナンス課	総出荷	18522188.0	18000000.0	102.9	186.0
230C30600	メンテナンス課	社外売	0.0	0.0		
230C30600	メンテナンス課	社内売	18522188.0	18000000.0	102.9	186.0
230C30600	メンテナンス課	社内仕入	0.0	0.0		
230C30600	メンテナンス課	仕掛1	0.0	0.0		
230C30600	メンテナンス課	総生産	18522188.0	18000000.0	102.9	186.0
230C30600	メンテナンス課	経費合計	14049221.0	14200515.0	98.9	185.0
230C30600	メンテナンス課	経費合計(原価)	0.0	0.0		
230C30600	メンテナンス課	仕掛2	0.0	0.0		
230C30600	メンテナンス課	商品仕入高	0.0	0.0		
230C30600	メンテナンス課	原材料費	0.0	0.0		
230C30600	メンテナンス課	外注加工費	0.0	0.0		
230C30600	メンテナンス課	その他 直接経費	0.0	0.0		
230C30600	メンテナンス課	他勘定振替高	0.0	0.0		
230C30600	メンテナンス課	経費合計（販管費）	14049221.0	14200515.0	98.9	185.0
230C30600	メンテナンス課	減価償却費	187560.0	187560.0	100.0	
230C30600	メンテナンス課	車両費	2822940.0	2866977.0	98.4	173.2
230C30600	メンテナンス課	旅費交通費	254235.0	240000.0	105.9	
230C30600	メンテナンス課	荷造運搬費	0.0	0.0		
230C30600	メンテナンス課	通信費	156657.0	159780.0	98.0	127.1
230C30600	メンテナンス課	水道光熱費	311991.0	324676.0	96.0	123.5
230C30600	メンテナンス課	動力費	0.0	0.0		
230C30600	メンテナンス課	事務用品費	96430.0	92268.0	104.5	655.0
230C30600	メンテナンス課	消耗品費	945431.0	956708.0	98.8	
230C30600	メンテナンス課	廃棄物処理料	7085.0	6684.0	105.9	31.3
230C30600	メンテナンス課	広告宣伝費	2349.0	2349.0	100.0	97.9
230C30600	メンテナンス課	接待交際費	4190.0	0.0		
230C30600	メンテナンス課	研究開発費	0.0	0.0		
230C30600	メンテナンス課	アフターサービス費	0.0	0.0		
230C30600	メンテナンス課	クレーム費	0.0	0.0		0.0
230C30600	メンテナンス課	賃借料	3755845.0	3852752.0	97.4	202.1
230C30600	メンテナンス課	賃貸料収入	-733920.0	-733920.0		
230C30600	メンテナンス課	修繕費	0.0	0.0		
230C30600	メンテナンス課	支払リース料	83146.0	87948.0	94.5	424.5
230C30600	メンテナンス課	保険料	11948.0	0.0		
230C30600	メンテナンス課	支払報酬	0.0	0.0		
230C30600	メンテナンス課	販売手数料	0.0	0.0		
230C30600	メンテナンス課	支払手数料	27180.0	27270.0	99.6	436.4
230C30600	メンテナンス課	診断料	0.0	0.0		
230C30600	メンテナンス課	諸会費	13142.0	13642.0	96.3	174.9
230C30600	メンテナンス課	会議費	0.0	0.0		
230C30600	メンテナンス課	寄付金	0.0	0.0		
230C30600	メンテナンス課	租税公課	57072.0	65216.0	87.5	
230C30600	メンテナンス課	業務委託費	0.0	0.0		
230C30600	メンテナンス課	業務受託収入	0.0	0.0		
230C30600	メンテナンス課	システム管理料	0.0	0.0		
230C30600	メンテナンス課	情報機器利用料	1905840.0	1905840.0	100.0	105.7
230C30600	メンテナンス課	貸倒金	0.0	0.0		
230C30600	メンテナンス課	雑費	57738.0	57732.0	100.0	
230C30600	メンテナンス課	福利消耗品費	174859.0	177030.0	98.7	957.9
230C30600	メンテナンス課	教育研修費	669224.0	670036.0	99.8	
230C30600	メンテナンス課	廃棄損・減耗損	0.0	0.0		
230C30600	メンテナンス課	雑給	0.0	0.0		
230C30600	メンテナンス課	社内金利（固定資産）	0.0	0.0		
230C30600	メンテナンス課	社内金利（売掛金）	0.0	0.0		
230C30600	メンテナンス課	社内金利（在庫）	0.0	0.0		
230C30600	メンテナンス課	営業口銭①（新築）	0.0	0.0		
230C30600	メンテナンス課	営業口銭②（リフォ）	0.0	0.0		
230C30600	メンテナンス課	開発口銭	0.0	0.0		
230C30600	メンテナンス課	部門共通（経費）	821479.0	823167.0	99.7	117.3
230C30600	メンテナンス課	グループ共通	2416800.0	2416800.0	100.0	164.1
230C30600	メンテナンス課	差引収益	4472967.0	3799485.0	117.7	189.1
230C30600	メンテナンス課	差引比率	24.1	21.1	114.2	101.6
230C30600	メンテナンス課	総時間	21106.75	21000.0	100.5	232.4
230C30600	メンテナンス課	定時間	17285.0	17280.0	100.0	182.2
230C30600	メンテナンス課	残業時間	2404.0	2305.0	104.2	168.8
230C30600	メンテナンス課	移動時間	658.0	661.0	99.5	
230C30600	メンテナンス課	部門共通（時間）	759.75	754.0	100.7	129.7
230C30600	メンテナンス課	当月時間当り	211.9	180.9	117.1	81.3
230C30600	メンテナンス課	人員	9.0	9.0	100.0	180.0
220C10300	中日本営業部	総受注高	3158967367.0	3720000000.0	84.9	
220C10300	中日本営業部	【新築】受注高	663067855.0	1010000000.0	65.6	
220C10300	中日本営業部	【リフォ】受注高	814283148.0	1130000000.0	72.0	
220C10300	中日本営業部	【資材】受注高	1681616364.0	1580000000.0	106.4	
220C10300	中日本営業部	総売上高	3259631742.0	3720000000.0	87.6	
220C10300	中日本営業部	【新築】売上高	805802855.0	1010000000.0	79.7	
220C10300	中日本営業部	【リフォ】売上高	868231807.0	1130000000.0	76.8	
220C10300	中日本営業部	【資材】売上高	1585997080.0	1580400000.0	100.3	
220C10300	中日本営業部	【新築】インセンティブ	0.0	0.0		
220C10300	中日本営業部	【リフォ】インセンティブ	0.0	0.0		
220C10300	中日本営業部	【資材】インセンティブ	-400000.0	-400000.0		
220C10300	中日本営業部	収益①（営業口銭）	170524899.0	220000000.0	77.5	
220C10300	中日本営業部	【新築】収益①(営業口銭)	40290142.0	50500000.0	79.7	
220C10300	中日本営業部	【リフォ】収益①(営業口銭)	130234757.0	169500000.0	76.8	
220C10300	中日本営業部	【資材】売上原価	1247339120.0	1240000000.0	100.5	
220C10300	中日本営業部	収益②（資材）	338257960.0	340000000.0	99.4	
220C10300	中日本営業部	総収益	508782859.0	560000000.0	90.8	
220C10300	中日本営業部	総出荷	1674034662.0	2140000000.0	78.2	
220C10300	中日本営業部	社外売	1674034662.0	2140000000.0	78.2	
220C10300	中日本営業部	社内売	0.0	0.0		
220C10300	中日本営業部	社内仕入	255372144.0	331418309.0	77.0	
220C10300	中日本営業部	仕掛1	0.0	15864041.0	0.0	
220C10300	中日本営業部	総生産	1418662518.0	1792717650.0	79.1	
220C10300	中日本営業部	経費合計	1596032700.0	1875723487.0	85.0	
220C10300	中日本営業部	経費合計(原価)	1143513448.0	1376717650.0	83.0	
220C10300	中日本営業部	仕掛2	127535050.0	124221764.0	102.6	
220C10300	中日本営業部	商品仕入高	481256775.0	606829839.0	79.3	
220C10300	中日本営業部	原材料費	0.0	0.0		
220C10300	中日本営業部	外注加工費	509583830.0	619612554.0	82.2	
220C10300	中日本営業部	その他 直接経費	25137793.0	26053493.0	96.4	
220C10300	中日本営業部	他勘定振替高	0.0	0.0		
220C10300	中日本営業部	経費合計（販管費）	452519252.0	499005837.0	90.6	
220C10300	中日本営業部	減価償却費	6634520.0	6756811.0	98.1	
220C10300	中日本営業部	車両費	46419356.0	45925341.0	101.0	
220C10300	中日本営業部	旅費交通費	12730078.0	12139327.0	104.8	
220C10300	中日本営業部	荷造運搬費	851940.0	675100.0	126.1	
220C10300	中日本営業部	通信費	4061662.0	4036513.0	100.6	
220C10300	中日本営業部	水道光熱費	3179978.0	3315410.0	95.9	
220C10300	中日本営業部	動力費	0.0	0.0		
220C10300	中日本営業部	事務用品費	1649219.0	1577629.0	104.5	
220C10300	中日本営業部	消耗品費	2897538.0	2656446.0	109.0	
220C10300	中日本営業部	廃棄物処理料	3971237.0	3715300.0	106.8	
220C10300	中日本営業部	広告宣伝費	634268.0	632449.0	100.2	
220C10300	中日本営業部	接待交際費	1301148.0	1177669.0	110.4	
220C10300	中日本営業部	研究開発費	0.0	0.0		
220C10300	中日本営業部	アフターサービス費	0.0	0.0		
220C10300	中日本営業部	クレーム費	9636751.0	8000000.0	120.4	
220C10300	中日本営業部	賃借料	25637001.0	25937772.0	98.8	
220C10300	中日本営業部	賃貸料収入	-1192280.0	-1125560.0		
220C10300	中日本営業部	修繕費	3060000.0	4023000.0	76.0	
220C10300	中日本営業部	支払リース料	529748.0	528664.0	100.2	
220C10300	中日本営業部	保険料	1107648.0	938518.0	118.0	
220C10300	中日本営業部	支払報酬	493182.0	331818.0	148.6	
220C10300	中日本営業部	販売手数料	0.0	0.0		
220C10300	中日本営業部	支払手数料	2138100.0	2105873.0	101.5	
220C10300	中日本営業部	診断料	0.0	0.0		
220C10300	中日本営業部	諸会費	452550.0	422040.0	107.2	
220C10300	中日本営業部	会議費	0.0	0.0		
220C10300	中日本営業部	寄付金	28000.0	28000.0	100.0	
220C10300	中日本営業部	租税公課	1315304.0	1380495.0	95.2	
220C10300	中日本営業部	業務委託費	0.0	0.0		
220C10300	中日本営業部	業務受託収入	0.0	0.0		
220C10300	中日本営業部	システム管理料	0.0	0.0		
220C10300	中日本営業部	情報機器利用料	37659080.0	37644240.0	100.0	
220C10300	中日本営業部	貸倒金	0.0	0.0		
220C10300	中日本営業部	雑費	1012230.0	1012853.0	99.9	
220C10300	中日本営業部	福利消耗品費	454636.0	618550.0	73.5	
220C10300	中日本営業部	教育研修費	1536852.0	1345507.0	114.2	
220C10300	中日本営業部	廃棄損・減耗損	266854.0	180000.0	148.2	
220C10300	中日本営業部	雑給	0.0	0.0		
220C10300	中日本営業部	社内金利（固定資産）	1504347.0	1470711.0	102.2	
220C10300	中日本営業部	社内金利（売掛金）	1583264.0	1578058.0	100.3	
220C10300	中日本営業部	社内金利（在庫）	1964815.0	1760687.0	111.5	
220C10300	中日本営業部	営業口銭①（新築）	40290142.0	50500000.0	79.7	
220C10300	中日本営業部	営業口銭②（リフォ）	130234757.0	169500000.0	76.8	
220C10300	中日本営業部	開発口銭	0.0	0.0		
220C10300	中日本営業部	部門共通（経費）	91528827.0	91320616.0	100.2	
220C10300	中日本営業部	グループ共通	16946500.0	16896000.0	100.2	
220C10300	中日本営業部	差引収益	331412677.0	476994163.0	69.4	
220C10300	中日本営業部	差引比率	7.0	8.6	81.3	
220C10300	中日本営業部	総時間	178196.75	175300.75	101.6	
220C10300	中日本営業部	定時間	107214.0	104000.0	103.0	
220C10300	中日本営業部	残業時間	16729.0	14855.0	112.6	
220C10300	中日本営業部	移動時間	2155.75	4128.0	52.2	
220C10300	中日本営業部	部門共通（時間）	52098.0	52317.75	99.5	
220C10300	中日本営業部	当月時間当り	1859.8	2721.0	68.3	
220C10300	中日本営業部	人員	58.0	56.0	103.5	
230H62000	人財品質課	総受注高	0.0	0.0		
230H62000	人財品質課	【新築】受注高	0.0	0.0		
230H62000	人財品質課	【リフォ】受注高	0.0	0.0		
230H62000	人財品質課	【資材】受注高	0.0	0.0		
230H62000	人財品質課	総売上高	0.0	0.0		
230H62000	人財品質課	【新築】売上高	0.0	0.0		
230H62000	人財品質課	【リフォ】売上高	0.0	0.0		
230H62000	人財品質課	【資材】売上高	0.0	0.0		
230H62000	人財品質課	【新築】インセンティブ	0.0	0.0		
230H62000	人財品質課	【リフォ】インセンティブ	0.0	0.0		
230H62000	人財品質課	【資材】インセンティブ	0.0	0.0		
230H62000	人財品質課	収益①（営業口銭）	0.0	0.0		
230H62000	人財品質課	【新築】収益①(営業口銭)	0.0	0.0		
230H62000	人財品質課	【リフォ】収益①(営業口銭)	0.0	0.0		
230H62000	人財品質課	【資材】売上原価	0.0	0.0		
230H62000	人財品質課	収益②（資材）	0.0	0.0		
230H62000	人財品質課	総収益	0.0	0.0		
230H62000	人財品質課	経費合計	0.0	0.0		
230H62000	人財品質課	減価償却費	0.0	0.0		
230H62000	人財品質課	車両費	3000.0	3030.0	99.0	199.7
230H62000	人財品質課	旅費交通費	216173.0	217000.0	99.6	571.9
230H62000	人財品質課	荷造運搬費	0.0	0.0		
230H62000	人財品質課	通信費	117446.0	117554.0	99.9	163.5
230H62000	人財品質課	水道光熱費	192541.0	196126.0	98.1	139.9
230H62000	人財品質課	動力費	0.0	0.0		
230H62000	人財品質課	事務用品費	24257.0	45816.0	52.9	36.4
230H62000	人財品質課	消耗品費	23168.0	26417.0	87.7	98.8
230H62000	人財品質課	廃棄物処理料	15279.0	17187.0	88.8	127.3
230H62000	人財品質課	広告宣伝費	0.0	0.0		
230H62000	人財品質課	接待交際費	0.0	0.0		
230H62000	人財品質課	研究開発費	0.0	0.0		
230H62000	人財品質課	アフターサービス費	0.0	0.0		
230H62000	人財品質課	クレーム費	0.0	0.0		
230H62000	人財品質課	賃借料	3419280.0	3419280.0	100.0	143.2
230H62000	人財品質課	賃貸料収入	0.0	0.0		
230H62000	人財品質課	修繕費	3444.0	3444.0	100.0	
230H62000	人財品質課	支払リース料	6198.0	6068.0	102.1	130.6
230H62000	人財品質課	保険料	186790.0	186790.0	100.0	
230H62000	人財品質課	支払報酬	0.0	0.0		
230H62000	人財品質課	販売手数料	0.0	0.0		
230H62000	人財品質課	支払手数料	0.0	0.0		0.0
230H62000	人財品質課	診断料	0.0	0.0		
230H62000	人財品質課	諸会費	0.0	0.0		
230H62000	人財品質課	会議費	0.0	0.0		
230H62000	人財品質課	寄付金	0.0	0.0		
230H62000	人財品質課	租税公課	0.0	0.0		
230H62000	人財品質課	業務委託費	0.0	0.0		
230H62000	人財品質課	業務受託収入	0.0	0.0		
230H62000	人財品質課	システム管理料	0.0	0.0		
230H62000	人財品質課	情報機器利用料	1627296.0	1627296.0	100.0	259.0
230H62000	人財品質課	貸倒金	0.0	0.0		
230H62000	人財品質課	雑費	7772.0	7764.0	100.1	129.0
230H62000	人財品質課	福利消耗品費	3194.0	9760.0	32.7	35.6
230H62000	人財品質課	教育研修費	1569438.0	1778176.0	88.2	76.8
230H62000	人財品質課	廃棄損・減耗損	0.0	0.0		
230H62000	人財品質課	雑給	0.0	0.0		
230H62000	人財品質課	社内金利（固定資産）	0.0	0.0		
230H62000	人財品質課	社内金利（売掛金）	0.0	0.0		
230H62000	人財品質課	社内金利（在庫）	0.0	0.0		
230H62000	人財品質課	開発口銭	0.0	0.0		
230H62000	人財品質課	部門共通（経費）	-8618876.0	-8865308.0		
230H62000	人財品質課	グループ共通	1203600.0	1203600.0	100.0	136.8
230H62000	人財品質課	差引収益	0.0	0.0		
230H62000	人財品質課	差引比率	0.0	0.0		
230H62000	人財品質課	総時間	0.0	0.0		
230H62000	人財品質課	定時間	7084.25	7056.0	100.4	179.4
230H62000	人財品質課	残業時間	484.25	473.0	102.3	161.1
230H62000	人財品質課	移動時間	855.5	955.0	89.5	282.8
230H62000	人財品質課	部門共通（時間）	-8424.0	-8484.0		
230H62000	人財品質課	当月時間当り	0.0	0.0		
230H62000	人財品質課	人員	4.0	4.0	100.0	200.0
230H61600	企画部	総受注高	0.0	0.0		
230H61600	企画部	【新築】受注高	0.0	0.0		
230H61600	企画部	【リフォ】受注高	0.0	0.0		
230H61600	企画部	【資材】受注高	0.0	0.0		
230H61600	企画部	総売上高	0.0	0.0		
230H61600	企画部	【新築】売上高	0.0	0.0		
230H61600	企画部	【リフォ】売上高	0.0	0.0		
230H61600	企画部	【資材】売上高	0.0	0.0		
230H61600	企画部	【新築】インセンティブ	0.0	0.0		
230H61600	企画部	【リフォ】インセンティブ	0.0	0.0		
230H61600	企画部	【資材】インセンティブ	0.0	0.0		
230H61600	企画部	収益①（営業口銭）	0.0	0.0		
230H61600	企画部	【新築】収益①(営業口銭)	0.0	0.0		
230H61600	企画部	【リフォ】収益①(営業口銭)	0.0	0.0		
230H61600	企画部	【資材】売上原価	0.0	0.0		
230H61600	企画部	収益②（資材）	0.0	0.0		
230H61600	企画部	総収益	0.0	0.0		
230H61600	企画部	経費合計	0.0	0.0		
230H61600	企画部	減価償却費	25452.0	0.0		
230H61600	企画部	車両費	588247.0	600000.0	98.0	16.8
230H61600	企画部	旅費交通費	8625528.0	8571000.0	100.6	197.9
230H61600	企画部	荷造運搬費	91865.0	108000.0	85.0	0.2
230H61600	企画部	通信費	373778.0	368031.0	101.5	78.5
230H61600	企画部	水道光熱費	581243.0	593121.0	97.9	94.7
230H61600	企画部	動力費	0.0	0.0		
230H61600	企画部	事務用品費	135711.0	139876.0	97.0	85.8
230H61600	企画部	消耗品費	123069.0	117016.0	105.1	10.0
230H61600	企画部	廃棄物処理料	71978.0	78480.0	91.7	11.5
230H61600	企画部	広告宣伝費	20004087.0	19488000.0	102.6	142.3
230H61600	企画部	接待交際費	549551.0	597000.0	92.0	79.9
230H61600	企画部	研究開発費	0.0	0.0		
230H61600	企画部	アフターサービス費	0.0	0.0		
230H61600	企画部	クレーム費	300000.0	360000.0	83.3	75.4
230H61600	企画部	賃借料	10254720.0	10254720.0	100.0	112.5
230H61600	企画部	賃貸料収入	0.0	0.0		
230H61600	企画部	修繕費	10330.0	10330.0	100.0	
230H61600	企画部	支払リース料	21580.0	21584.0	99.9	20.3
230H61600	企画部	保険料	30000.0	30000.0	100.0	117.4
230H61600	企画部	支払報酬	1936364.0	1800000.0	107.5	85.1
230H61600	企画部	販売手数料	0.0	0.0		
230H61600	企画部	支払手数料	1625185.0	2225517.0	73.0	73.0
230H61600	企画部	診断料	2617650.0	2040000.0	128.3	134.9
230H61600	企画部	諸会費	0.0	0.0		0.0
230H61600	企画部	会議費	0.0	0.0		
230H61600	企画部	寄付金	0.0	0.0		
230H61600	企画部	租税公課	4000.0	8000.0	50.0	31.4
230H61600	企画部	業務委託費	1200000.0	1200000.0	100.0	100.0
230H61600	企画部	業務受託収入	0.0	0.0		
230H61600	企画部	システム管理料	0.0	0.0		
230H61600	企画部	情報機器利用料	11574156.0	11489648.0	100.7	122.3
230H61600	企画部	貸倒金	0.0	0.0		
230H61600	企画部	雑費	1843852.0	2016708.0	91.4	142.3
230H61600	企画部	福利消耗品費	35152.0	77888.0	45.1	16.6
230H61600	企画部	教育研修費	193834.0	194620.0	99.5	169.7
230H61600	企画部	廃棄損・減耗損	0.0	0.0		0.0
230H61600	企画部	雑給	0.0	0.0		
230H61600	企画部	社内金利（固定資産）	1878.0	0.0		
230H61600	企画部	社内金利（売掛金）	0.0	0.0		
230H61600	企画部	社内金利（在庫）	0.0	0.0		
230H61600	企画部	開発口銭	0.0	0.0		
230H61600	企画部	部門共通（経費）	-66439610.0	-66009939.0		
230H61600	企画部	グループ共通	3620400.0	3620400.0	100.0	94.6
230H61600	企画部	差引収益	0.0	0.0		
230H61600	企画部	差引比率	0.0	0.0		
230H61600	企画部	総時間	0.0	0.0		
230H61600	企画部	定時間	22847.5	23018.0	99.2	78.8
230H61600	企画部	残業時間	2661.5	2601.0	102.3	85.0
230H61600	企画部	移動時間	654.0	666.0	98.1	167.7
230H61600	企画部	部門共通（時間）	-26163.0	-26285.0		
230H61600	企画部	当月時間当り	0.0	0.0		
230H61600	企画部	人員	12.0	12.0	100.0	75.0
230H10700	営業推進室	総受注高	0.0	0.0		
230H10700	営業推進室	【新築】受注高	0.0	0.0		
230H10700	営業推進室	【リフォ】受注高	0.0	0.0		
230H10700	営業推進室	【資材】受注高	0.0	0.0		
230H10700	営業推進室	総売上高	0.0	0.0		
230H10700	営業推進室	【新築】売上高	0.0	0.0		
230H10700	営業推進室	【リフォ】売上高	0.0	0.0		
230H10700	営業推進室	【資材】売上高	0.0	0.0		
230H10700	営業推進室	【新築】インセンティブ	0.0	0.0		
230H10700	営業推進室	【リフォ】インセンティブ	0.0	0.0		
230H10700	営業推進室	【資材】インセンティブ	0.0	0.0		
230H10700	営業推進室	収益①（営業口銭）	0.0	0.0		
230H10700	営業推進室	【新築】収益①(営業口銭)	0.0	0.0		
230H10700	営業推進室	【リフォ】収益①(営業口銭)	0.0	0.0		
230H10700	営業推進室	【資材】売上原価	0.0	0.0		
230H10700	営業推進室	収益②（資材）	0.0	0.0		
230H10700	営業推進室	総収益	0.0	0.0		
230H10700	営業推進室	経費合計	0.0	0.0		
230H10700	営業推進室	減価償却費	138000.0	0.0		
230H10700	営業推進室	車両費	3518628.0	3507357.0	100.3	
230H10700	営業推進室	旅費交通費	195426.0	286000.0	68.3	
230H10700	営業推進室	荷造運搬費	32287771.0	32160000.0	100.3	
230H10700	営業推進室	通信費	757366.0	840126.0	90.1	
230H10700	営業推進室	水道光熱費	582141.0	589021.0	98.8	
230H10700	営業推進室	動力費	0.0	0.0		
230H10700	営業推進室	事務用品費	111890.0	91676.0	122.0	
230H10700	営業推進室	消耗品費	1439786.0	967616.0	148.7	
230H10700	営業推進室	廃棄物処理料	795090.0	807480.0	98.4	
230H10700	営業推進室	広告宣伝費	24527.0	157600.0	15.5	
230H10700	営業推進室	接待交際費	6300.0	6000.0	105.0	
230H10700	営業推進室	研究開発費	0.0	0.0		
230H10700	営業推進室	アフターサービス費	0.0	0.0		
230H10700	営業推進室	クレーム費	6210.0	0.0		
230H10700	営業推進室	賃借料	7002840.0	7368408.0	95.0	
230H10700	営業推進室	賃貸料収入	0.0	0.0		
230H10700	営業推進室	修繕費	4035.0	4305.0	93.7	
230H10700	営業推進室	支払リース料	105066.0	105984.0	99.1	
230H10700	営業推進室	保険料	24943.0	78962.0	31.5	
230H10700	営業推進室	支払報酬	1200000.0	1300000.0	92.3	
230H10700	営業推進室	販売手数料	0.0	0.0		
230H10700	営業推進室	支払手数料	393603.0	510056.0	77.1	
230H10700	営業推進室	診断料	0.0	0.0		
230H10700	営業推進室	諸会費	8154.0	9200.0	88.6	
230H10700	営業推進室	会議費	1649.0	0.0		
230H10700	営業推進室	寄付金	0.0	0.0		
230H10700	営業推進室	租税公課	0.0	0.0		
230H10700	営業推進室	業務委託費	0.0	0.0		
230H10700	営業推進室	業務受託収入	0.0	0.0		
230H10700	営業推進室	システム管理料	0.0	0.0		
230H10700	営業推進室	情報機器利用料	8518080.0	8518080.0	100.0	
230H10700	営業推進室	貸倒金	0.0	0.0		
230H10700	営業推進室	雑費	53690.0	59508.0	90.2	
230H10700	営業推進室	福利消耗品費	99517.0	140788.0	70.6	
230H10700	営業推進室	教育研修費	72069.0	72564.0	99.3	
230H10700	営業推進室	廃棄損・減耗損	600000.0	600000.0	100.0	
230H10700	営業推進室	雑給	0.0	0.0		
230H10700	営業推進室	社内金利（固定資産）	6727.0	0.0		
230H10700	営業推進室	社内金利（売掛金）	0.0	0.0		
230H10700	営業推進室	社内金利（在庫）	11570945.0	10740000.0	107.7	
230H10700	営業推進室	開発口銭	0.0	0.0		
230H10700	営業推進室	部門共通（経費）	-72788453.0	-72237531.0		
230H10700	営業推進室	グループ共通	3264000.0	3316800.0	98.4	
230H10700	営業推進室	差引収益	0.0	0.0		
230H10700	営業推進室	差引比率	0.0	0.0		
230H10700	営業推進室	総時間	0.0	0.0		
230H10700	営業推進室	定時間	22110.75	22072.0	100.1	
230H10700	営業推進室	残業時間	2450.25	2355.0	104.0	
230H10700	営業推進室	移動時間	-1109.0	-1040.0		
230H10700	営業推進室	部門共通（時間）	-23452.0	-23387.0		
230H10700	営業推進室	当月時間当り	0.0	0.0		
230H10700	営業推進室	人員	12.0	12.0	100.0	
003010100	営業本部	総受注高	9948521433.0	14000000000.0	71.0	86.2
003010100	営業本部	【新築】受注高	2353053310.0	5136000000.0	45.8	64.2
003010100	営業本部	【リフォ】受注高	2403006920.0	3864000000.0	62.1	74.0
003010100	営業本部	【資材】受注高	5192461203.0	5000000000.0	103.8	112.3
003010100	営業本部	総売上高	10472497275.0	14000000000.0	74.8	79.5
003010100	営業本部	【新築】売上高	2776439310.0	5150000000.0	53.9	53.4
003010100	営業本部	【リフォ】売上高	2652123270.0	3850000000.0	68.8	79.0
003010100	営業本部	【資材】売上高	5045686924.0	5001752000.0	100.8	109.4
003010100	営業本部	【新築】インセンティブ	0.0	0.0		
003010100	営業本部	【リフォ】インセンティブ	0.0	0.0		
003010100	営業本部	【資材】インセンティブ	-1752229.0	-1752000.0		
003010100	営業本部	収益①（営業口銭）	536738418.0	835000000.0	64.2	68.6
003010100	営業本部	【新築】収益①(営業口銭)	138919964.0	257500000.0	53.9	49.8
003010100	営業本部	【リフォ】収益①(営業口銭)	397818454.0	577500000.0	68.8	79.1
003010100	営業本部	【資材】売上原価	3999727962.0	3970100000.0	100.7	107.2
003010100	営業本部	収益②（資材）	1044206733.0	1029900000.0	101.3	118.8
003010100	営業本部	総収益	1580945151.0	1864900000.0	84.7	95.3
003010100	営業本部	総出荷	5447084768.0	9018000000.0	60.4	63.6
003010100	営業本部	社外売	5428562580.0	9000000000.0	60.3	63.4
003010100	営業本部	社内売	18522188.0	18000000.0	102.9	186.0
003010100	営業本部	社内仕入	1048279267.0	1724004749.0	60.8	79.0
003010100	営業本部	仕掛1	-5009030.0	11607697.0		
003010100	営業本部	総生産	4403814531.0	7282387554.0	60.4	63.3
003010100	営業本部	経費合計	4928613285.0	7428879513.0	66.3	68.8
003010100	営業本部	経費合計(原価)	3536707657.0	5744287554.0	61.5	63.5
003010100	営業本部	仕掛2	130107820.0	124720931.0	104.3	51.6
003010100	営業本部	商品仕入高	1760065768.0	2923942398.0	60.1	77.5
003010100	営業本部	原材料費	0.0	0.0		0.0
003010100	営業本部	外注加工費	1547506024.0	2593753732.0	59.6	50.8
003010100	営業本部	その他 直接経費	99028045.0	101870493.0	97.2	
003010100	営業本部	他勘定振替高	0.0	0.0		
003010100	営業本部	経費合計（販管費）	1391905628.0	1684591959.0	82.6	87.4
003010100	営業本部	減価償却費	8731676.0	8702202.0	100.3	302.7
003010100	営業本部	車両費	121686350.0	120452127.0	101.0	113.5
003010100	営業本部	旅費交通費	36171455.0	35704327.0	101.3	68.1
003010100	営業本部	荷造運搬費	34451102.0	34213100.0	100.6	
003010100	営業本部	通信費	13823767.0	14068650.0	98.2	113.4
003010100	営業本部	水道光熱費	12650295.0	13124041.0	96.3	112.6
003010100	営業本部	動力費	0.0	0.0		
003010100	営業本部	事務用品費	5350428.0	5387413.0	99.3	117.0
003010100	営業本部	消耗品費	8090844.0	7213904.0	112.1	162.5
003010100	営業本部	廃棄物処理料	10281332.0	9683549.0	106.1	96.3
003010100	営業本部	広告宣伝費	10751958.0	10900398.0	98.6	110.5
003010100	営業本部	接待交際費	5367111.0	5594669.0	95.9	98.0
003010100	営業本部	研究開発費	0.0	0.0		
003010100	営業本部	アフターサービス費	0.0	0.0		
003010100	営業本部	クレーム費	31433211.0	30000000.0	104.7	89.0
003010100	営業本部	賃借料	104026234.0	103589948.0	100.4	109.1
003010100	営業本部	賃貸料収入	-4754366.0	-4457992.0		
003010100	営業本部	修繕費	4414463.0	5518411.0	79.9	113.3
003010100	営業本部	支払リース料	1313232.0	1349353.0	97.3	183.8
003010100	営業本部	保険料	8291207.0	7305684.0	113.4	108.4
003010100	営業本部	支払報酬	2593182.0	2531818.0	102.4	206.7
003010100	営業本部	販売手数料	0.0	0.0		0.0
003010100	営業本部	支払手数料	11631305.0	10900102.0	106.7	112.7
003010100	営業本部	診断料	44000.0	49000.0	89.7	181.8
003010100	営業本部	諸会費	1261082.0	1259308.0	100.1	125.5
003010100	営業本部	会議費	3649.0	2000.0	182.4	60.6
003010100	営業本部	寄付金	110910.0	112000.0	99.0	76.2
003010100	営業本部	租税公課	3066477.0	3173711.0	96.6	127.5
003010100	営業本部	業務委託費	80000.0	0.0		2.1
003010100	営業本部	業務受託収入	0.0	0.0		
003010100	営業本部	システム管理料	0.0	0.0		
003010100	営業本部	情報機器利用料	124060343.0	123414920.0	100.5	110.3
003010100	営業本部	貸倒金	315743.0	315743.0	100.0	8.2
003010100	営業本部	雑費	2704209.0	2682815.0	100.7	101.4
003010100	営業本部	福利消耗品費	1714555.0	2032048.0	84.3	65.5
003010100	営業本部	教育研修費	6075722.0	6555446.0	92.6	148.1
003010100	営業本部	廃棄損・減耗損	1372548.0	1162248.0	118.0	41.1
003010100	営業本部	雑給	0.0	0.0		
003010100	営業本部	社内金利（固定資産）	2072726.0	2036982.0	101.7	178.1
003010100	営業本部	社内金利（売掛金）	5154192.0	5081930.0	101.4	99.3
003010100	営業本部	社内金利（在庫）	18074178.0	16869837.0	107.1	130.9
003010100	営業本部	営業口銭①（新築）	138919964.0	257500000.0	53.9	49.8
003010100	営業本部	営業口銭②（リフォ）	397818454.0	577500000.0	68.8	79.1
003010100	営業本部	開発口銭	0.0	0.0		
003010100	営業本部	部門共通（経費）	207641590.0	207191467.0	100.2	92.8
003010100	営業本部	グループ共通	55110500.0	55870800.0	98.6	106.0
003010100	営業本部	差引収益	1056146397.0	1718408041.0	61.4	72.7
003010100	営業本部	差引比率	7.0	8.0	87.5	97.2
003010100	営業本部	総時間	541212.0	541545.75	99.9	107.6
003010100	営業本部	定時間	350263.5	349521.5	100.2	111.9
003010100	営業本部	残業時間	51410.0	49662.5	103.5	115.0
003010100	営業本部	移動時間	-664.25	1424.0		
003010100	営業本部	部門共通（時間）	140202.75	140937.75	99.4	96.3
003010100	営業本部	当月時間当り	1951.4	3173.1	61.4	67.6
003010100	営業本部	人員	188.0	186.0	101.0	108.0
230B10100	営農支援部	総出荷	0.0	0.0		
230B10100	営農支援部	社外売	0.0	0.0		
230B10100	営農支援部	社内売	0.0	0.0		
230B10100	営農支援部	社内仕入	0.0	0.0		
230B10100	営農支援部	仕掛1	0.0	0.0		
230B10100	営農支援部	総生産	0.0	0.0		
230B10100	営農支援部	経費合計	0.0	0.0		
230B10100	営農支援部	経費合計(原価)	0.0	0.0		
230B10100	営農支援部	仕掛2	0.0	0.0		
230B10100	営農支援部	商品仕入高	0.0	0.0		
230B10100	営農支援部	原材料費	0.0	0.0		
230B10100	営農支援部	外注加工費	0.0	0.0		
230B10100	営農支援部	その他 直接経費	0.0	0.0		
230B10100	営農支援部	他勘定振替高	0.0	0.0		
230B10100	営農支援部	経費合計（販管費）	0.0	0.0		
230B10100	営農支援部	減価償却費	0.0	0.0		
230B10100	営農支援部	車両費	7271545.0	7326442.0	99.2	101.5
230B10100	営農支援部	旅費交通費	5828354.0	6066200.0	96.0	133.0
230B10100	営農支援部	荷造運搬費	0.0	0.0		0.0
230B10100	営農支援部	通信費	452801.0	460686.0	98.2	106.3
230B10100	営農支援部	水道光熱費	221033.0	233773.0	94.5	85.0
230B10100	営農支援部	動力費	0.0	0.0		
230B10100	営農支援部	事務用品費	98146.0	108633.0	90.3	105.3
230B10100	営農支援部	消耗品費	231242.0	248049.0	93.2	68.7
230B10100	営農支援部	廃棄物処理料	0.0	0.0		
230B10100	営農支援部	広告宣伝費	0.0	0.0		0.0
230B10100	営農支援部	接待交際費	226000.0	239000.0	94.5	104.2
230B10100	営農支援部	研究開発費	0.0	0.0		
230B10100	営農支援部	アフターサービス費	0.0	0.0		
230B10100	営農支援部	クレーム費	0.0	0.0		
230B10100	営農支援部	賃借料	2774398.0	2798400.0	99.1	74.6
230B10100	営農支援部	賃貸料収入	0.0	0.0		
230B10100	営農支援部	修繕費	0.0	0.0		
230B10100	営農支援部	支払リース料	0.0	0.0		
230B10100	営農支援部	保険料	8450.0	10140.0	83.3	129.2
230B10100	営農支援部	支払報酬	0.0	0.0		
230B10100	営農支援部	販売手数料	0.0	0.0		
230B10100	営農支援部	支払手数料	38696.0	48248.0	80.2	61.6
230B10100	営農支援部	診断料	0.0	0.0		
230B10100	営農支援部	諸会費	292500.0	261500.0	111.8	99.6
230B10100	営農支援部	会議費	0.0	0.0		
230B10100	営農支援部	寄付金	0.0	0.0		
230B10100	営農支援部	租税公課	0.0	0.0		
230B10100	営農支援部	業務委託費	0.0	0.0		
230B10100	営農支援部	業務受託収入	-180000.0	-180000.0		
230B10100	営農支援部	システム管理料	0.0	0.0		
230B10100	営農支援部	情報機器利用料	8711254.0	8698576.0	100.1	111.5
230B10100	営農支援部	貸倒金	0.0	0.0		
230B10100	営農支援部	雑費	67460.0	36072.0	187.0	120.4
230B10100	営農支援部	福利消耗品費	26250.0	100070.0	26.2	30.4
230B10100	営農支援部	教育研修費	375950.0	397800.0	94.5	15.6
230B10100	営農支援部	廃棄損・減耗損	0.0	0.0		
230B10100	営農支援部	雑給	0.0	0.0		
230B10100	営農支援部	社内金利（固定資産）	0.0	0.0		
230B10100	営農支援部	社内金利（売掛金）	0.0	0.0		
230B10100	営農支援部	社内金利（在庫）	0.0	0.0		
230B10100	営農支援部	営業口銭①（新築）	0.0	0.0		
230B10100	営農支援部	営業口銭②（リフォ）	0.0	0.0		
230B10100	営農支援部	開発口銭	0.0	0.0		
230B10100	営農支援部	部門共通（経費）	-31875279.0	-32284789.0		
230B10100	営農支援部	グループ共通	5431200.0	5431200.0	100.0	108.8
230B10100	営農支援部	差引収益	0.0	0.0		
230B10100	営農支援部	差引比率	0.0	0.0		
230B10100	営農支援部	総時間	0.0	0.0		
230B10100	営農支援部	定時間	33661.75	34119.0	98.6	101.9
230B10100	営農支援部	残業時間	4784.5	4817.0	99.3	105.5
230B10100	営農支援部	移動時間	113.0	138.0	81.8	179.3
230B10100	営農支援部	部門共通（時間）	-38559.25	-39074.0		
230B10100	営農支援部	当月時間当り	0.0	0.0		
230B10100	営農支援部	人員	18.0	18.0	100.0	100.0
040A10100	宮城営業チーム	総受注高	262364530.0	300000000.0	87.4	225.4
040A10100	宮城営業チーム	【新築】受注高	151315000.0	170000000.0	89.0	
040A10100	宮城営業チーム	【リフォ】受注高	52212735.0	80000000.0	65.2	92.1
040A10100	宮城営業チーム	【資材】受注高	58836795.0	50000000.0	117.6	126.6
040A10100	宮城営業チーム	総売上高	219014354.0	300000000.0	73.0	182.4
040A10100	宮城営業チーム	【新築】売上高	101315000.0	170000000.0	59.5	765.9
040A10100	宮城営業チーム	【リフォ】売上高	60871955.0	80000000.0	76.0	102.0
040A10100	宮城営業チーム	【資材】売上高	57127628.0	50300000.0	113.5	120.9
040A10100	宮城営業チーム	【新築】インセンティブ	0.0	0.0		
040A10100	宮城営業チーム	【リフォ】インセンティブ	0.0	0.0		
040A10100	宮城営業チーム	【資材】インセンティブ	-300229.0	-300000.0		
040A10100	宮城営業チーム	収益①（営業口銭）	14196543.0	20500000.0	69.2	147.7
040A10100	宮城営業チーム	【新築】収益①(営業口銭)	5065750.0	8500000.0	59.5	765.9
040A10100	宮城営業チーム	【リフォ】収益①(営業口銭)	9130793.0	12000000.0	76.0	102.0
040A10100	宮城営業チーム	【資材】売上原価	46172815.0	40000000.0	115.4	118.4
040A10100	宮城営業チーム	収益②（資材）	10654584.0	10000000.0	106.5	130.7
040A10100	宮城営業チーム	総収益	24851127.0	30500000.0	81.4	139.9
040A10100	宮城営業チーム	経費合計	18871899.0	18148430.0	103.9	99.8
040A10100	宮城営業チーム	減価償却費	0.0	0.0		
040A10100	宮城営業チーム	車両費	1961910.0	1958745.0	100.1	95.2
040A10100	宮城営業チーム	旅費交通費	1385028.0	1440000.0	96.1	112.8
040A10100	宮城営業チーム	荷造運搬費	10000.0	12000.0	83.3	142.5
040A10100	宮城営業チーム	通信費	512175.0	512048.0	100.0	96.0
040A10100	宮城営業チーム	水道光熱費	297776.0	278120.0	107.0	101.5
040A10100	宮城営業チーム	動力費	0.0	0.0		
040A10100	宮城営業チーム	事務用品費	101723.0	62000.0	164.0	206.8
040A10100	宮城営業チーム	消耗品費	41625.0	43000.0	96.8	63.6
040A10100	宮城営業チーム	廃棄物処理料	0.0	0.0		
040A10100	宮城営業チーム	広告宣伝費	17000.0	17000.0	100.0	101.9
040A10100	宮城営業チーム	接待交際費	95000.0	105000.0	90.4	154.6
040A10100	宮城営業チーム	研究開発費	0.0	0.0		
040A10100	宮城営業チーム	アフターサービス費	0.0	0.0		
040A10100	宮城営業チーム	クレーム費	0.0	0.0		
040A10100	宮城営業チーム	賃借料	3770796.0	2814696.0	133.9	133.9
040A10100	宮城営業チーム	賃貸料収入	-362100.0	-120000.0		
040A10100	宮城営業チーム	修繕費	0.0	0.0		
040A10100	宮城営業チーム	支払リース料	0.0	0.0		
040A10100	宮城営業チーム	保険料	2448.0	2448.0	100.0	33.7
040A10100	宮城営業チーム	支払報酬	100000.0	100000.0	100.0	183.3
040A10100	宮城営業チーム	販売手数料	0.0	0.0		
040A10100	宮城営業チーム	支払手数料	202760.0	218000.0	93.0	102.7
040A10100	宮城営業チーム	診断料	0.0	0.0		
040A10100	宮城営業チーム	諸会費	93000.0	93400.0	99.5	64.8
040A10100	宮城営業チーム	会議費	0.0	0.0		
040A10100	宮城営業チーム	寄付金	0.0	0.0		
040A10100	宮城営業チーム	租税公課	85100.0	85000.0	100.1	39.4
040A10100	宮城営業チーム	業務委託費	0.0	0.0		
040A10100	宮城営業チーム	業務受託収入	0.0	0.0		
040A10100	宮城営業チーム	システム管理料	0.0	0.0		
040A10100	宮城営業チーム	情報機器利用料	2366580.0	2349780.0	100.7	101.6
040A10100	宮城営業チーム	貸倒金	0.0	0.0		
040A10100	宮城営業チーム	雑費	26660.0	24000.0	111.0	113.1
040A10100	宮城営業チーム	福利消耗品費	3870.0	33870.0	11.4	19.3
040A10100	宮城営業チーム	教育研修費	34451.0	34452.0	99.9	43.1
040A10100	宮城営業チーム	廃棄損・減耗損	0.0	0.0		
040A10100	宮城営業チーム	雑給	0.0	0.0		
040A10100	宮城営業チーム	社内金利（固定資産）	0.0	0.0		
040A10100	宮城営業チーム	社内金利（売掛金）	0.0	0.0		
040A10100	宮城営業チーム	社内金利（在庫）	4584.0	0.0		
040A10100	宮城営業チーム	開発口銭	0.0	0.0		
040A10100	宮城営業チーム	部門共通（経費）	7211913.0	7175271.0	100.5	90.6
040A10100	宮城営業チーム	グループ共通	909600.0	909600.0	100.0	103.4
040A10100	宮城営業チーム	差引収益	5979228.0	12351570.0	48.4	
040A10100	宮城営業チーム	差引比率	2.7	4.1	65.8	
040A10100	宮城営業チーム	総時間	7082.75	7105.5	99.6	80.2
040A10100	宮城営業チーム	定時間	5899.0	5952.0	99.1	102.1
040A10100	宮城営業チーム	残業時間	770.5	744.0	103.5	80.0
040A10100	宮城営業チーム	移動時間	-3226.0	-3240.0		
040A10100	宮城営業チーム	部門共通（時間）	3639.25	3649.5	99.7	75.5
040A10100	宮城営業チーム	当月時間当り	844.1	1738.3	48.5	
040A10100	宮城営業チーム	人員	3.0	3.0	100.0	100.0
040A10300	宮城営業課	総受注高	262364530.0	300000000.0	87.4	225.4
040A10300	宮城営業課	【新築】受注高	151315000.0	170000000.0	89.0	
040A10300	宮城営業課	【リフォ】受注高	52212735.0	80000000.0	65.2	92.1
040A10300	宮城営業課	【資材】受注高	58836795.0	50000000.0	117.6	126.6
040A10300	宮城営業課	総売上高	219014354.0	300000000.0	73.0	182.4
040A10300	宮城営業課	【新築】売上高	101315000.0	170000000.0	59.5	765.9
040A10300	宮城営業課	【リフォ】売上高	60871955.0	80000000.0	76.0	102.0
040A10300	宮城営業課	【資材】売上高	57127628.0	50300000.0	113.5	120.9
040A10300	宮城営業課	【新築】インセンティブ	0.0	0.0		
040A10300	宮城営業課	【リフォ】インセンティブ	0.0	0.0		
040A10300	宮城営業課	【資材】インセンティブ	-300229.0	-300000.0		
040A10300	宮城営業課	収益①（営業口銭）	14196543.0	20500000.0	69.2	147.7
040A10300	宮城営業課	【新築】収益①(営業口銭)	5065750.0	8500000.0	59.5	765.9
040A10300	宮城営業課	【リフォ】収益①(営業口銭)	9130793.0	12000000.0	76.0	102.0
040A10300	宮城営業課	【資材】売上原価	46172815.0	40000000.0	115.4	118.4
040A10300	宮城営業課	収益②（資材）	10654584.0	10000000.0	106.5	130.7
040A10300	宮城営業課	総収益	24851127.0	30500000.0	81.4	139.9
040A10300	宮城営業課	総出荷	162186955.0	250000000.0	64.8	222.5
040A10300	宮城営業課	社外売	162186955.0	250000000.0	64.8	222.5
040A10300	宮城営業課	社内売	0.0	0.0		
040A10300	宮城営業課	社内仕入	26215415.0	36975000.0	70.9	516.7
040A10300	宮城営業課	仕掛1	1279254.0	1279254.0	100.0	
040A10300	宮城営業課	総生産	134692286.0	211745746.0	63.6	195.1
040A10300	宮城営業課	経費合計	151434494.0	212626114.0	71.2	182.4
040A10300	宮城営業課	経費合計(原価)	116460079.0	172045746.0	67.6	227.3
040A10300	宮城営業課	仕掛2	1205674.0	397688.0	303.1	30.6
040A10300	宮城営業課	商品仕入高	51355510.0	75048058.0	68.4	491.4
040A10300	宮城営業課	原材料費	0.0	0.0		
040A10300	宮城営業課	外注加工費	63626433.0	96600000.0	65.8	172.7
040A10300	宮城営業課	その他 直接経費	272462.0	0.0		
040A10300	宮城営業課	他勘定振替高	0.0	0.0		
040A10300	宮城営業課	経費合計（販管費）	34974415.0	40580368.0	86.1	110.0
040A10300	宮城営業課	減価償却費	0.0	0.0		
040A10300	宮城営業課	車両費	1961910.0	1958745.0	100.1	85.7
040A10300	宮城営業課	旅費交通費	1485028.0	1560000.0	95.1	101.4
040A10300	宮城営業課	荷造運搬費	10000.0	12000.0	83.3	142.5
040A10300	宮城営業課	通信費	512175.0	512048.0	100.0	94.0
040A10300	宮城営業課	水道光熱費	376686.0	370880.0	101.5	125.0
040A10300	宮城営業課	動力費	0.0	0.0		
040A10300	宮城営業課	事務用品費	101723.0	62000.0	164.0	204.6
040A10300	宮城営業課	消耗品費	41625.0	43000.0	96.8	61.7
040A10300	宮城営業課	廃棄物処理料	0.0	0.0		
040A10300	宮城営業課	広告宣伝費	17000.0	17000.0	100.0	101.9
040A10300	宮城営業課	接待交際費	95000.0	105000.0	90.4	154.6
040A10300	宮城営業課	研究開発費	0.0	0.0		
040A10300	宮城営業課	アフターサービス費	0.0	0.0		
040A10300	宮城営業課	クレーム費	0.0	0.0		
040A10300	宮城営業課	賃借料	3770796.0	2814696.0	133.9	131.5
040A10300	宮城営業課	賃貸料収入	-362100.0	-120000.0		
040A10300	宮城営業課	修繕費	0.0	0.0		
040A10300	宮城営業課	支払リース料	0.0	0.0		
040A10300	宮城営業課	保険料	2448.0	2448.0	100.0	33.7
040A10300	宮城営業課	支払報酬	100000.0	100000.0	100.0	183.3
040A10300	宮城営業課	販売手数料	0.0	0.0		
040A10300	宮城営業課	支払手数料	202760.0	218000.0	93.0	102.7
040A10300	宮城営業課	診断料	0.0	0.0		
040A10300	宮城営業課	諸会費	93000.0	93400.0	99.5	64.8
040A10300	宮城営業課	会議費	0.0	0.0		
040A10300	宮城営業課	寄付金	0.0	0.0		
040A10300	宮城営業課	租税公課	85100.0	85000.0	100.1	39.4
040A10300	宮城営業課	業務委託費	0.0	0.0		
040A10300	宮城営業課	業務受託収入	0.0	0.0		
040A10300	宮城営業課	システム管理料	0.0	0.0		
040A10300	宮城営業課	情報機器利用料	2366580.0	2349780.0	100.7	101.6
040A10300	宮城営業課	貸倒金	0.0	0.0		
040A10300	宮城営業課	雑費	26660.0	24000.0	111.0	113.1
040A10300	宮城営業課	福利消耗品費	3870.0	33870.0	11.4	19.3
040A10300	宮城営業課	教育研修費	34451.0	34452.0	99.9	43.1
040A10300	宮城営業課	廃棄損・減耗損	0.0	0.0		
040A10300	宮城営業課	雑給	0.0	0.0		
040A10300	宮城営業課	社内金利（固定資産）	0.0	0.0		
040A10300	宮城営業課	社内金利（売掛金）	0.0	0.0		
040A10300	宮城営業課	社内金利（在庫）	4584.0	0.0		
040A10300	宮城営業課	営業口銭①（新築）	5065750.0	8500000.0	59.5	765.9
040A10300	宮城営業課	営業口銭②（リフォ）	9130793.0	12000000.0	76.0	102.0
040A10300	宮城営業課	開発口銭	0.0	0.0		
040A10300	宮城営業課	部門共通（経費）	8938976.0	8894449.0	100.5	86.1
040A10300	宮城営業課	グループ共通	909600.0	909600.0	100.0	77.3
040A10300	宮城営業課	差引収益	8108919.0	29619632.0	27.3	213.7
040A10300	宮城営業課	差引比率	2.2	5.7	38.5	110.0
040A10300	宮城営業課	総時間	8932.0	8956.0	99.7	80.3
040A10300	宮城営業課	定時間	5899.0	5952.0	99.1	102.1
040A10300	宮城営業課	残業時間	770.5	744.0	103.5	80.0
040A10300	宮城営業課	移動時間	-2146.0	-2160.0		
040A10300	宮城営業課	部門共通（時間）	4408.5	4420.0	99.7	73.0
040A10300	宮城営業課	当月時間当り	907.8	3307.2	27.4	266.1
040A10300	宮城営業課	人員	3.0	3.0	100.0	100.0
040A30101	宮城工務チーム	総出荷	162186955.0	250000000.0	64.8	222.5
040A30101	宮城工務チーム	社外売	162186955.0	250000000.0	64.8	222.5
040A30101	宮城工務チーム	社内売	0.0	0.0		
040A30101	宮城工務チーム	社内仕入	26215415.0	36975000.0	70.9	516.7
040A30101	宮城工務チーム	仕掛1	1279254.0	1279254.0	100.0	
040A30101	宮城工務チーム	総生産	134692286.0	211745746.0	63.6	195.1
040A30101	宮城工務チーム	経費合計	132562595.0	194477684.0	68.1	206.8
040A30101	宮城工務チーム	経費合計(原価)	116460079.0	172045746.0	67.6	227.3
040A30101	宮城工務チーム	仕掛2	1205674.0	397688.0	303.1	30.6
040A30101	宮城工務チーム	商品仕入高	51355510.0	75048058.0	68.4	491.4
040A30101	宮城工務チーム	原材料費	0.0	0.0		
040A30101	宮城工務チーム	外注加工費	63626433.0	96600000.0	65.8	172.7
040A30101	宮城工務チーム	その他 直接経費	272462.0	0.0		
040A30101	宮城工務チーム	他勘定振替高	0.0	0.0		
040A30101	宮城工務チーム	経費合計（販管費）	16102516.0	22431938.0	71.7	125.1
040A30101	宮城工務チーム	減価償却費	0.0	0.0		
040A30101	宮城工務チーム	車両費	0.0	0.0		0.0
040A30101	宮城工務チーム	旅費交通費	100000.0	120000.0	83.3	42.3
040A30101	宮城工務チーム	荷造運搬費	0.0	0.0		
040A30101	宮城工務チーム	通信費	0.0	0.0		0.0
040A30101	宮城工務チーム	水道光熱費	78910.0	92760.0	85.0	994.0
040A30101	宮城工務チーム	動力費	0.0	0.0		
040A30101	宮城工務チーム	事務用品費	0.0	0.0		0.0
040A30101	宮城工務チーム	消耗品費	0.0	0.0		0.0
040A30101	宮城工務チーム	廃棄物処理料	0.0	0.0		
040A30101	宮城工務チーム	広告宣伝費	0.0	0.0		
040A30101	宮城工務チーム	接待交際費	0.0	0.0		
040A30101	宮城工務チーム	研究開発費	0.0	0.0		
040A30101	宮城工務チーム	アフターサービス費	0.0	0.0		
040A30101	宮城工務チーム	クレーム費	0.0	0.0		
040A30101	宮城工務チーム	賃借料	0.0	0.0		0.0
040A30101	宮城工務チーム	賃貸料収入	0.0	0.0		
040A30101	宮城工務チーム	修繕費	0.0	0.0		
040A30101	宮城工務チーム	支払リース料	0.0	0.0		
040A30101	宮城工務チーム	保険料	0.0	0.0		
040A30101	宮城工務チーム	支払報酬	0.0	0.0		
040A30101	宮城工務チーム	販売手数料	0.0	0.0		
040A30101	宮城工務チーム	支払手数料	0.0	0.0		
040A30101	宮城工務チーム	診断料	0.0	0.0		
040A30101	宮城工務チーム	諸会費	0.0	0.0		
040A30101	宮城工務チーム	会議費	0.0	0.0		
040A30101	宮城工務チーム	寄付金	0.0	0.0		
040A30101	宮城工務チーム	租税公課	0.0	0.0		
040A30101	宮城工務チーム	業務委託費	0.0	0.0		
040A30101	宮城工務チーム	業務受託収入	0.0	0.0		
040A30101	宮城工務チーム	システム管理料	0.0	0.0		
040A30101	宮城工務チーム	情報機器利用料	0.0	0.0		
040A30101	宮城工務チーム	貸倒金	0.0	0.0		
040A30101	宮城工務チーム	雑費	0.0	0.0		
040A30101	宮城工務チーム	福利消耗品費	0.0	0.0		
040A30101	宮城工務チーム	教育研修費	0.0	0.0		
040A30101	宮城工務チーム	廃棄損・減耗損	0.0	0.0		
040A30101	宮城工務チーム	雑給	0.0	0.0		
040A30101	宮城工務チーム	社内金利（固定資産）	0.0	0.0		
040A30101	宮城工務チーム	社内金利（売掛金）	0.0	0.0		
040A30101	宮城工務チーム	社内金利（在庫）	0.0	0.0		
040A30101	宮城工務チーム	営業口銭①（新築）	5065750.0	8500000.0	59.5	765.9
040A30101	宮城工務チーム	営業口銭②（リフォ）	9130793.0	12000000.0	76.0	102.0
040A30101	宮城工務チーム	開発口銭	0.0	0.0		
040A30101	宮城工務チーム	部門共通（経費）	1727063.0	1719178.0	100.4	71.3
040A30101	宮城工務チーム	グループ共通	0.0	0.0		0.0
040A30101	宮城工務チーム	差引収益	2129691.0	17268062.0	12.3	43.1
040A30101	宮城工務チーム	差引比率	1.5	8.1	18.5	21.1
040A30101	宮城工務チーム	総時間	1849.25	1850.5	99.9	80.5
040A30101	宮城工務チーム	定時間	0.0	0.0		
040A30101	宮城工務チーム	残業時間	0.0	0.0		
040A30101	宮城工務チーム	移動時間	1080.0	1080.0	100.0	100.0
040A30101	宮城工務チーム	部門共通（時間）	769.25	770.5	99.8	63.2
040A30101	宮城工務チーム	当月時間当り	1151.6	9331.5	12.3	53.5
040A30101	宮城工務チーム	人員	0.0	0.0		
230S10200	尾張営業チーム	総受注高	753820830.0	830000000.0	90.8	85.0
230S10200	尾張営業チーム	【新築】受注高	162278182.0	200000000.0	81.1	76.6
230S10200	尾張営業チーム	【リフォ】受注高	131315887.0	200000000.0	65.6	61.5
230S10200	尾張営業チーム	【資材】受注高	460226761.0	430000000.0	107.0	99.7
230S10200	尾張営業チーム	総売上高	793367135.0	830000000.0	95.5	94.7
230S10200	尾張営業チーム	【新築】売上高	209878182.0	200000000.0	104.9	106.4
230S10200	尾張営業チーム	【リフォ】売上高	147692457.0	200000000.0	73.8	77.0
230S10200	尾張営業チーム	【資材】売上高	436196496.0	430400000.0	101.3	96.9
230S10200	尾張営業チーム	【新築】インセンティブ	0.0	0.0		
230S10200	尾張営業チーム	【リフォ】インセンティブ	0.0	0.0		
230S10200	尾張営業チーム	【資材】インセンティブ	-400000.0	-400000.0		
230S10200	尾張営業チーム	収益①（営業口銭）	32647773.0	40000000.0	81.6	80.7
230S10200	尾張営業チーム	【新築】収益①(営業口銭)	10493909.0	10000000.0	104.9	88.0
230S10200	尾張営業チーム	【リフォ】収益①(営業口銭)	22153864.0	30000000.0	73.8	77.6
230S10200	尾張営業チーム	【資材】売上原価	352857999.0	344000000.0	102.5	94.8
230S10200	尾張営業チーム	収益②（資材）	82938497.0	86000000.0	96.4	107.1
230S10200	尾張営業チーム	総収益	115586270.0	126000000.0	91.7	99.2
230S10200	尾張営業チーム	経費合計	49876178.0	47236844.0	105.5	103.0
230S10200	尾張営業チーム	減価償却費	0.0	0.0		
230S10200	尾張営業チーム	車両費	7843899.0	7665127.0	102.3	98.5
230S10200	尾張営業チーム	旅費交通費	2568878.0	2448627.0	104.9	99.0
230S10200	尾張営業チーム	荷造運搬費	216730.0	97000.0	223.4	327.3
230S10200	尾張営業チーム	通信費	797575.0	779839.0	102.2	89.4
230S10200	尾張営業チーム	水道光熱費	439265.0	454268.0	96.6	117.9
230S10200	尾張営業チーム	動力費	0.0	0.0		
230S10200	尾張営業チーム	事務用品費	242853.0	238747.0	101.7	100.9
230S10200	尾張営業チーム	消耗品費	93443.0	95000.0	98.3	113.6
230S10200	尾張営業チーム	廃棄物処理料	836840.0	826000.0	101.3	98.3
230S10200	尾張営業チーム	広告宣伝費	193000.0	198000.0	97.4	89.4
230S10200	尾張営業チーム	接待交際費	160597.0	160000.0	100.3	71.2
230S10200	尾張営業チーム	研究開発費	0.0	0.0		
230S10200	尾張営業チーム	アフターサービス費	0.0	0.0		
230S10200	尾張営業チーム	クレーム費	3821171.0	2000000.0	191.0	71.7
230S10200	尾張営業チーム	賃借料	4477752.0	4521778.0	99.0	102.8
230S10200	尾張営業チーム	賃貸料収入	-271560.0	-271560.0		
230S10200	尾張営業チーム	修繕費	0.0	0.0		
230S10200	尾張営業チーム	支払リース料	6970.0	8200.0	85.0	101.9
230S10200	尾張営業チーム	保険料	18396.0	18396.0	100.0	108.3
230S10200	尾張営業チーム	支払報酬	136364.0	0.0		
230S10200	尾張営業チーム	販売手数料	0.0	0.0		
230S10200	尾張営業チーム	支払手数料	141244.0	131813.0	107.1	103.9
230S10200	尾張営業チーム	診断料	0.0	0.0		
230S10200	尾張営業チーム	諸会費	37500.0	38000.0	98.6	84.6
230S10200	尾張営業チーム	会議費	0.0	0.0		0.0
230S10200	尾張営業チーム	寄付金	0.0	0.0		
230S10200	尾張営業チーム	租税公課	112700.0	141500.0	79.6	55.9
230S10200	尾張営業チーム	業務委託費	0.0	0.0		
230S10200	尾張営業チーム	業務受託収入	0.0	0.0		
230S10200	尾張営業チーム	システム管理料	0.0	0.0		
230S10200	尾張営業チーム	情報機器利用料	7556312.0	7390560.0	102.2	99.8
230S10200	尾張営業チーム	貸倒金	0.0	0.0		
230S10200	尾張営業チーム	雑費	80674.0	78080.0	103.3	121.5
230S10200	尾張営業チーム	福利消耗品費	122850.0	143000.0	85.9	60.4
230S10200	尾張営業チーム	教育研修費	160372.0	165455.0	96.9	76.3
230S10200	尾張営業チーム	廃棄損・減耗損	129893.0	120000.0	108.2	457.5
230S10200	尾張営業チーム	雑給	0.0	0.0		
230S10200	尾張営業チーム	社内金利（固定資産）	0.0	0.0		
230S10200	尾張営業チーム	社内金利（売掛金）	325653.0	324000.0	100.5	108.2
230S10200	尾張営業チーム	社内金利（在庫）	426513.0	359800.0	118.5	113.3
230S10200	尾張営業チーム	開発口銭	0.0	0.0		
230S10200	尾張営業チーム	部門共通（経費）	16135394.0	16090814.0	100.2	128.8
230S10200	尾張営業チーム	グループ共通	3064900.0	3014400.0	101.6	80.3
230S10200	尾張営業チーム	差引収益	65710092.0	78763156.0	83.4	96.5
230S10200	尾張営業チーム	差引比率	8.2	9.4	87.2	101.2
230S10200	尾張営業チーム	総時間	31961.75	31895.75	100.2	100.1
230S10200	尾張営業チーム	定時間	18899.0	18644.0	101.3	90.0
230S10200	尾張営業チーム	残業時間	3188.5	3185.0	100.1	87.4
230S10200	尾張営業チーム	移動時間	591.75	742.0	79.7	
230S10200	尾張営業チーム	部門共通（時間）	9282.5	9324.75	99.5	115.3
230S10200	尾張営業チーム	当月時間当り	2055.8	2469.3	83.2	96.4
230S10200	尾張営業チーム	人員	10.0	10.0	100.0	90.9
230S10300	尾張営業課	総受注高	753820830.0	830000000.0	90.8	85.0
230S10300	尾張営業課	【新築】受注高	162278182.0	200000000.0	81.1	76.6
230S10300	尾張営業課	【リフォ】受注高	131315887.0	200000000.0	65.6	61.5
230S10300	尾張営業課	【資材】受注高	460226761.0	430000000.0	107.0	99.7
230S10300	尾張営業課	総売上高	793367135.0	830000000.0	95.5	94.7
230S10300	尾張営業課	【新築】売上高	209878182.0	200000000.0	104.9	106.4
230S10300	尾張営業課	【リフォ】売上高	147692457.0	200000000.0	73.8	77.0
230S10300	尾張営業課	【資材】売上高	436196496.0	430400000.0	101.3	96.9
230S10300	尾張営業課	【新築】インセンティブ	0.0	0.0		
230S10300	尾張営業課	【リフォ】インセンティブ	0.0	0.0		
230S10300	尾張営業課	【資材】インセンティブ	-400000.0	-400000.0		
230S10300	尾張営業課	収益①（営業口銭）	32647773.0	40000000.0	81.6	80.7
230S10300	尾張営業課	【新築】収益①(営業口銭)	10493909.0	10000000.0	104.9	88.0
230S10300	尾張営業課	【リフォ】収益①(営業口銭)	22153864.0	30000000.0	73.8	77.6
230S10300	尾張営業課	【資材】売上原価	352857999.0	344000000.0	102.5	94.8
230S10300	尾張営業課	収益②（資材）	82938497.0	86000000.0	96.4	107.1
230S10300	尾張営業課	総収益	115586270.0	126000000.0	91.7	99.2
230S10300	尾張営業課	総出荷	357570639.0	400000000.0	89.3	91.9
230S10300	尾張営業課	社外売	357570639.0	400000000.0	89.3	91.9
230S10300	尾張営業課	社内売	0.0	0.0		
230S10300	尾張営業課	社内仕入	58621717.0	60672350.0	96.6	83.9
230S10300	尾張営業課	仕掛1	0.0	0.0		0.0
230S10300	尾張営業課	総生産	298948922.0	339327650.0	88.1	95.1
230S10300	尾張営業課	経費合計	344232456.0	373317508.0	92.2	99.2
230S10300	尾張営業課	経費合計(原価)	249265127.0	273327650.0	91.1	100.8
230S10300	尾張営業課	仕掛2	0.0	0.0		0.0
230S10300	尾張営業課	商品仕入高	123264142.0	141711320.0	86.9	117.4
230S10300	尾張営業課	原材料費	0.0	0.0		0.0
230S10300	尾張営業課	外注加工費	119487415.0	124157837.0	96.2	84.5
230S10300	尾張営業課	その他 直接経費	6513570.0	7458493.0	87.3	
230S10300	尾張営業課	他勘定振替高	0.0	0.0		
230S10300	尾張営業課	経費合計（販管費）	94967329.0	99989858.0	94.9	95.3
230S10300	尾張営業課	減価償却費	290610.0	387480.0	75.0	
230S10300	尾張営業課	車両費	9804632.0	9680479.0	101.2	103.2
230S10300	尾張営業課	旅費交通費	3077987.0	3003627.0	102.4	98.2
230S10300	尾張営業課	荷造運搬費	216730.0	97000.0	223.4	324.8
230S10300	尾張営業課	通信費	916813.0	900839.0	101.7	92.4
230S10300	尾張営業課	水道光熱費	516386.0	532268.0	97.0	115.6
230S10300	尾張営業課	動力費	0.0	0.0		
230S10300	尾張営業課	事務用品費	283598.0	278747.0	101.7	103.1
230S10300	尾張営業課	消耗品費	104821.0	98628.0	106.2	93.9
230S10300	尾張営業課	廃棄物処理料	1063640.0	1066000.0	99.7	116.0
230S10300	尾張営業課	広告宣伝費	193000.0	198000.0	97.4	89.4
230S10300	尾張営業課	接待交際費	170597.0	180000.0	94.7	70.4
230S10300	尾張営業課	研究開発費	0.0	0.0		
230S10300	尾張営業課	アフターサービス費	0.0	0.0		
230S10300	尾張営業課	クレーム費	3821171.0	2000000.0	191.0	71.7
230S10300	尾張営業課	賃借料	4992648.0	5052382.0	98.8	102.2
230S10300	尾張営業課	賃貸料収入	-271560.0	-271560.0		
230S10300	尾張営業課	修繕費	0.0	0.0		
230S10300	尾張営業課	支払リース料	8200.0	8200.0	100.0	100.0
230S10300	尾張営業課	保険料	18396.0	18396.0	100.0	108.3
230S10300	尾張営業課	支払報酬	136364.0	0.0		
230S10300	尾張営業課	販売手数料	0.0	0.0		
230S10300	尾張営業課	支払手数料	141244.0	131813.0	107.1	103.9
230S10300	尾張営業課	診断料	0.0	0.0		
230S10300	尾張営業課	諸会費	38000.0	38500.0	98.7	83.8
230S10300	尾張営業課	会議費	0.0	0.0		0.0
230S10300	尾張営業課	寄付金	0.0	0.0		
230S10300	尾張営業課	租税公課	112700.0	141500.0	79.6	55.9
230S10300	尾張営業課	業務委託費	0.0	0.0		
230S10300	尾張営業課	業務受託収入	0.0	0.0		
230S10300	尾張営業課	システム管理料	0.0	0.0		
230S10300	尾張営業課	情報機器利用料	8762792.0	8697840.0	100.7	99.4
230S10300	尾張営業課	貸倒金	0.0	0.0		
230S10300	尾張営業課	雑費	87430.0	84680.0	103.2	100.3
230S10300	尾張営業課	福利消耗品費	138880.0	159030.0	87.3	49.9
230S10300	尾張営業課	教育研修費	175372.0	180455.0	97.1	83.4
230S10300	尾張営業課	廃棄損・減耗損	129893.0	120000.0	108.2	457.5
230S10300	尾張営業課	雑給	0.0	0.0		
230S10300	尾張営業課	社内金利（固定資産）	0.0	0.0		
230S10300	尾張営業課	社内金利（売掛金）	325653.0	324000.0	100.5	108.2
230S10300	尾張営業課	社内金利（在庫）	426513.0	359800.0	118.5	113.3
230S10300	尾張営業課	営業口銭①（新築）	10493909.0	10000000.0	104.9	88.0
230S10300	尾張営業課	営業口銭②（リフォ）	22153864.0	30000000.0	73.8	77.6
230S10300	尾張営業課	開発口銭	0.0	0.0		
230S10300	尾張営業課	部門共通（経費）	22966146.0	22901354.0	100.2	124.3
230S10300	尾張営業課	グループ共通	3670900.0	3620400.0	101.3	83.4
230S10300	尾張営業課	差引収益	70302736.0	92010142.0	76.4	83.8
230S10300	尾張営業課	差引比率	6.4	7.8	82.0	88.8
230S10300	尾張営業課	総時間	39619.5	39561.75	100.1	103.4
230S10300	尾張営業課	定時間	22699.0	22452.0	101.1	90.4
230S10300	尾張営業課	残業時間	4010.0	4000.0	100.2	90.9
230S10300	尾張営業課	移動時間	591.75	742.0	79.7	
230S10300	尾張営業課	部門共通（時間）	12318.75	12367.75	99.6	115.5
230S10300	尾張営業課	当月時間当り	1774.4	2325.7	76.2	80.9
230S10300	尾張営業課	人員	12.0	12.0	100.0	85.7
230S30101	尾張工務チーム	総出荷	357570639.0	400000000.0	89.3	91.9
230S30101	尾張工務チーム	社外売	357570639.0	400000000.0	89.3	91.9
230S30101	尾張工務チーム	社内売	0.0	0.0		
230S30101	尾張工務チーム	社内仕入	58621717.0	60672350.0	96.6	83.9
230S30101	尾張工務チーム	仕掛1	0.0	0.0		0.0
230S30101	尾張工務チーム	総生産	298948922.0	339327650.0	88.1	95.1
230S30101	尾張工務チーム	経費合計	294356278.0	326080664.0	90.2	98.6
230S30101	尾張工務チーム	経費合計(原価)	249265127.0	273327650.0	91.1	100.8
230S30101	尾張工務チーム	仕掛2	0.0	0.0		0.0
230S30101	尾張工務チーム	商品仕入高	123264142.0	141711320.0	86.9	117.4
230S30101	尾張工務チーム	原材料費	0.0	0.0		0.0
230S30101	尾張工務チーム	外注加工費	119487415.0	124157837.0	96.2	84.5
230S30101	尾張工務チーム	その他 直接経費	6513570.0	7458493.0	87.3	
230S30101	尾張工務チーム	他勘定振替高	0.0	0.0		
230S30101	尾張工務チーム	経費合計（販管費）	45091151.0	52753014.0	85.4	87.9
230S30101	尾張工務チーム	減価償却費	290610.0	387480.0	75.0	
230S30101	尾張工務チーム	車両費	1960733.0	2015352.0	97.2	127.6
230S30101	尾張工務チーム	旅費交通費	509109.0	555000.0	91.7	94.2
230S30101	尾張工務チーム	荷造運搬費	0.0	0.0		0.0
230S30101	尾張工務チーム	通信費	119238.0	121000.0	98.5	118.8
230S30101	尾張工務チーム	水道光熱費	77121.0	78000.0	98.8	103.9
230S30101	尾張工務チーム	動力費	0.0	0.0		
230S30101	尾張工務チーム	事務用品費	40745.0	40000.0	101.8	118.9
230S30101	尾張工務チーム	消耗品費	11378.0	3628.0	313.6	38.8
230S30101	尾張工務チーム	廃棄物処理料	226800.0	240000.0	94.5	342.3
230S30101	尾張工務チーム	広告宣伝費	0.0	0.0		
230S30101	尾張工務チーム	接待交際費	10000.0	20000.0	50.0	59.4
230S30101	尾張工務チーム	研究開発費	0.0	0.0		
230S30101	尾張工務チーム	アフターサービス費	0.0	0.0		
230S30101	尾張工務チーム	クレーム費	0.0	0.0		
230S30101	尾張工務チーム	賃借料	514896.0	530604.0	97.0	97.0
230S30101	尾張工務チーム	賃貸料収入	0.0	0.0		
230S30101	尾張工務チーム	修繕費	0.0	0.0		
230S30101	尾張工務チーム	支払リース料	1230.0	0.0		90.3
230S30101	尾張工務チーム	保険料	0.0	0.0		
230S30101	尾張工務チーム	支払報酬	0.0	0.0		
230S30101	尾張工務チーム	販売手数料	0.0	0.0		
230S30101	尾張工務チーム	支払手数料	0.0	0.0		
230S30101	尾張工務チーム	診断料	0.0	0.0		
230S30101	尾張工務チーム	諸会費	500.0	500.0	100.0	50.0
230S30101	尾張工務チーム	会議費	0.0	0.0		
230S30101	尾張工務チーム	寄付金	0.0	0.0		
230S30101	尾張工務チーム	租税公課	0.0	0.0		
230S30101	尾張工務チーム	業務委託費	0.0	0.0		
230S30101	尾張工務チーム	業務受託収入	0.0	0.0		
230S30101	尾張工務チーム	システム管理料	0.0	0.0		
230S30101	尾張工務チーム	情報機器利用料	1206480.0	1307280.0	92.2	97.1
230S30101	尾張工務チーム	貸倒金	0.0	0.0		
230S30101	尾張工務チーム	雑費	6756.0	6600.0	102.3	32.5
230S30101	尾張工務チーム	福利消耗品費	16030.0	16030.0	100.0	21.4
230S30101	尾張工務チーム	教育研修費	15000.0	15000.0	100.0	
230S30101	尾張工務チーム	廃棄損・減耗損	0.0	0.0		
230S30101	尾張工務チーム	雑給	0.0	0.0		
230S30101	尾張工務チーム	社内金利（固定資産）	0.0	0.0		
230S30101	尾張工務チーム	社内金利（売掛金）	0.0	0.0		
230S30101	尾張工務チーム	社内金利（在庫）	0.0	0.0		
230S30101	尾張工務チーム	営業口銭①（新築）	10493909.0	10000000.0	104.9	88.0
230S30101	尾張工務チーム	営業口銭②（リフォ）	22153864.0	30000000.0	73.8	77.6
230S30101	尾張工務チーム	開発口銭	0.0	0.0		
230S30101	尾張工務チーム	部門共通（経費）	6830752.0	6810540.0	100.2	114.8
230S30101	尾張工務チーム	グループ共通	606000.0	606000.0	100.0	103.9
230S30101	尾張工務チーム	差引収益	4592644.0	13246986.0	34.6	28.9
230S30101	尾張工務チーム	差引比率	1.5	3.9	38.4	30.0
230S30101	尾張工務チーム	総時間	7657.75	7666.0	99.8	120.2
230S30101	尾張工務チーム	定時間	3800.0	3808.0	99.7	92.0
230S30101	尾張工務チーム	残業時間	821.5	815.0	100.7	107.9
230S30101	尾張工務チーム	移動時間	0.0	0.0		
230S30101	尾張工務チーム	部門共通（時間）	3036.25	3043.0	99.7	116.2
230S30101	尾張工務チーム	当月時間当り	599.7	1728.0	34.7	24.0
230S30101	尾張工務チーム	人員	2.0	2.0	100.0	100.0
210A10300	岐阜営業チーム	総受注高	719326780.0	960000000.0	74.9	
210A10300	岐阜営業チーム	【新築】受注高	145031673.0	310000000.0	46.7	
210A10300	岐阜営業チーム	【リフォ】受注高	244761387.0	350000000.0	69.9	
210A10300	岐阜営業チーム	【資材】受注高	329533720.0	300000000.0	109.8	
210A10300	岐阜営業チーム	総売上高	699134689.0	960000000.0	72.8	
210A10300	岐阜営業チーム	【新築】売上高	154631673.0	310000000.0	49.8	
210A10300	岐阜営業チーム	【リフォ】売上高	240972385.0	350000000.0	68.8	
210A10300	岐阜営業チーム	【資材】売上高	303530631.0	300000000.0	101.1	
210A10300	岐阜営業チーム	【新築】インセンティブ	0.0	0.0		
210A10300	岐阜営業チーム	【リフォ】インセンティブ	0.0	0.0		
210A10300	岐阜営業チーム	【資材】インセンティブ	0.0	0.0		
210A10300	岐阜営業チーム	収益①（営業口銭）	43877436.0	68000000.0	64.5	
210A10300	岐阜営業チーム	【新築】収益①(営業口銭)	7731583.0	15500000.0	49.8	
210A10300	岐阜営業チーム	【リフォ】収益①(営業口銭)	36145853.0	52500000.0	68.8	
210A10300	岐阜営業チーム	【資材】売上原価	240441464.0	240000000.0	100.1	
210A10300	岐阜営業チーム	収益②（資材）	63089167.0	60000000.0	105.1	
210A10300	岐阜営業チーム	総収益	106966603.0	128000000.0	83.5	
210A10300	岐阜営業チーム	経費合計	60852636.0	59145051.0	102.8	
210A10300	岐阜営業チーム	減価償却費	5196620.0	5196620.0	100.0	
210A10300	岐阜営業チーム	車両費	10323561.0	9839000.0	104.9	
210A10300	岐阜営業チーム	旅費交通費	2736275.0	2320000.0	117.9	
210A10300	岐阜営業チーム	荷造運搬費	229070.0	220000.0	104.1	
210A10300	岐阜営業チーム	通信費	759878.0	756000.0	100.5	
210A10300	岐阜営業チーム	水道光熱費	661800.0	745000.0	88.8	
210A10300	岐阜営業チーム	動力費	0.0	0.0		
210A10300	岐阜営業チーム	事務用品費	448874.0	360000.0	124.6	
210A10300	岐阜営業チーム	消耗品費	280040.0	206000.0	135.9	
210A10300	岐阜営業チーム	廃棄物処理料	279258.0	120000.0	232.7	
210A10300	岐阜営業チーム	広告宣伝費	246819.0	240000.0	102.8	
210A10300	岐阜営業チーム	接待交際費	544184.0	450000.0	120.9	
210A10300	岐阜営業チーム	研究開発費	0.0	0.0		
210A10300	岐阜営業チーム	アフターサービス費	0.0	0.0		
210A10300	岐阜営業チーム	クレーム費	2015580.0	2000000.0	100.7	
210A10300	岐阜営業チーム	賃借料	6029358.0	6296000.0	95.7	
210A10300	岐阜営業チーム	賃貸料収入	-467120.0	-467120.0		
210A10300	岐阜営業チーム	修繕費	410000.0	0.0		
210A10300	岐阜営業チーム	支払リース料	284678.0	284676.0	100.0	
210A10300	岐阜営業チーム	保険料	868794.0	862630.0	100.7	
210A10300	岐阜営業チーム	支払報酬	157000.0	132000.0	118.9	
210A10300	岐阜営業チーム	販売手数料	0.0	0.0		
210A10300	岐阜営業チーム	支払手数料	765275.0	742400.0	103.0	
210A10300	岐阜営業チーム	診断料	0.0	0.0		
210A10300	岐阜営業チーム	諸会費	215160.0	220000.0	97.8	
210A10300	岐阜営業チーム	会議費	0.0	0.0		
210A10300	岐阜営業チーム	寄付金	0.0	0.0		
210A10300	岐阜営業チーム	租税公課	670178.0	700000.0	95.7	
210A10300	岐阜営業チーム	業務委託費	0.0	0.0		
210A10300	岐阜営業チーム	業務受託収入	0.0	0.0		
210A10300	岐阜営業チーム	システム管理料	0.0	0.0		
210A10300	岐阜営業チーム	情報機器利用料	9016020.0	8988780.0	100.3	
210A10300	岐阜営業チーム	貸倒金	0.0	0.0		
210A10300	岐阜営業チーム	雑費	200959.0	210000.0	95.6	
210A10300	岐阜営業チーム	福利消耗品費	93791.0	100000.0	93.7	
210A10300	岐阜営業チーム	教育研修費	981500.0	759000.0	129.3	
210A10300	岐阜営業チーム	廃棄損・減耗損	0.0	0.0		
210A10300	岐阜営業チーム	雑給	0.0	0.0		
210A10300	岐阜営業チーム	社内金利（固定資産）	932555.0	932555.0	100.0	
210A10300	岐阜営業チーム	社内金利（売掛金）	240000.0	240000.0	100.0	
210A10300	岐阜営業チーム	社内金利（在庫）	460057.0	450000.0	102.2	
210A10300	岐阜営業チーム	開発口銭	0.0	0.0		
210A10300	岐阜営業チーム	部門共通（経費）	12349672.0	12318710.0	100.2	
210A10300	岐阜営業チーム	グループ共通	3922800.0	3922800.0	100.0	
210A10300	岐阜営業チーム	差引収益	46113967.0	68854949.0	66.9	
210A10300	岐阜営業チーム	差引比率	6.5	7.1	91.5	
210A10300	岐阜営業チーム	総時間	36851.5	35918.5	102.5	
210A10300	岐阜営業チーム	定時間	25530.75	23758.0	107.4	
210A10300	岐阜営業チーム	残業時間	3910.0	2770.0	141.1	
210A10300	岐阜営業チーム	移動時間	-314.0	1622.0		
210A10300	岐阜営業チーム	部門共通（時間）	7724.75	7768.5	99.4	
210A10300	岐阜営業チーム	当月時間当り	1251.3	1916.9	65.2	
210A10300	岐阜営業チーム	人員	14.0	13.0	107.6	
210A10200	岐阜営業課	総受注高	719326780.0	960000000.0	74.9	
210A10200	岐阜営業課	【新築】受注高	145031673.0	310000000.0	46.7	
210A10200	岐阜営業課	【リフォ】受注高	244761387.0	350000000.0	69.9	
210A10200	岐阜営業課	【資材】受注高	329533720.0	300000000.0	109.8	
210A10200	岐阜営業課	総売上高	699134689.0	960000000.0	72.8	
210A10200	岐阜営業課	【新築】売上高	154631673.0	310000000.0	49.8	
210A10200	岐阜営業課	【リフォ】売上高	240972385.0	350000000.0	68.8	
210A10200	岐阜営業課	【資材】売上高	303530631.0	300000000.0	101.1	
210A10200	岐阜営業課	【新築】インセンティブ	0.0	0.0		
210A10200	岐阜営業課	【リフォ】インセンティブ	0.0	0.0		
210A10200	岐阜営業課	【資材】インセンティブ	0.0	0.0		
210A10200	岐阜営業課	収益①（営業口銭）	43877436.0	68000000.0	64.5	
210A10200	岐阜営業課	【新築】収益①(営業口銭)	7731583.0	15500000.0	49.8	
210A10200	岐阜営業課	【リフォ】収益①(営業口銭)	36145853.0	52500000.0	68.8	
210A10200	岐阜営業課	【資材】売上原価	240441464.0	240000000.0	100.1	
210A10200	岐阜営業課	収益②（資材）	63089167.0	60000000.0	105.1	
210A10200	岐阜営業課	総収益	106966603.0	128000000.0	83.5	
210A10200	岐阜営業課	総出荷	395604058.0	660000000.0	59.9	
210A10200	岐阜営業課	社外売	395604058.0	660000000.0	59.9	
210A10200	岐阜営業課	社内売	0.0	0.0		
210A10200	岐阜営業課	社内仕入	72990539.0	106600000.0	68.4	
210A10200	岐阜営業課	仕掛1	0.0	0.0		
210A10200	岐阜営業課	総生産	322613519.0	553400000.0	58.2	
210A10200	岐阜営業課	経費合計	372605523.0	561608380.0	66.3	
210A10200	岐阜営業課	経費合計(原価)	256704071.0	423400000.0	60.6	
210A10200	岐阜営業課	仕掛2	0.0	0.0		
210A10200	岐阜営業課	商品仕入高	137945492.0	231243000.0	59.6	
210A10200	岐阜営業課	原材料費	0.0	0.0		
210A10200	岐阜営業課	外注加工費	110668354.0	185197000.0	59.7	
210A10200	岐阜営業課	その他 直接経費	8090225.0	6960000.0	116.2	
210A10200	岐阜営業課	他勘定振替高	0.0	0.0		
210A10200	岐阜営業課	経費合計（販管費）	115901452.0	138208380.0	83.8	
210A10200	岐阜営業課	減価償却費	5196620.0	5196620.0	100.0	
210A10200	岐阜営業課	車両費	12476412.0	11827000.0	105.4	
210A10200	岐阜営業課	旅費交通費	3848773.0	3470000.0	110.9	
210A10200	岐阜営業課	荷造運搬費	229070.0	220000.0	104.1	
210A10200	岐阜営業課	通信費	854148.0	852000.0	100.2	
210A10200	岐阜営業課	水道光熱費	844199.0	940000.0	89.8	
210A10200	岐阜営業課	動力費	0.0	0.0		
210A10200	岐阜営業課	事務用品費	508625.0	420000.0	121.1	
210A10200	岐阜営業課	消耗品費	303411.0	238000.0	127.4	
210A10200	岐阜営業課	廃棄物処理料	879662.0	820000.0	107.2	
210A10200	岐阜営業課	広告宣伝費	246819.0	240000.0	102.8	
210A10200	岐阜営業課	接待交際費	564184.0	470000.0	120.0	
210A10200	岐阜営業課	研究開発費	0.0	0.0		
210A10200	岐阜営業課	アフターサービス費	0.0	0.0		
210A10200	岐阜営業課	クレーム費	2015580.0	2000000.0	100.7	
210A10200	岐阜営業課	賃借料	6468243.0	6776000.0	95.4	
210A10200	岐阜営業課	賃貸料収入	-467120.0	-467120.0		
210A10200	岐阜営業課	修繕費	410000.0	0.0		
210A10200	岐阜営業課	支払リース料	325346.0	325344.0	100.0	
210A10200	岐阜営業課	保険料	1031940.0	862630.0	119.6	
210A10200	岐阜営業課	支払報酬	175000.0	150000.0	116.6	
210A10200	岐阜営業課	販売手数料	0.0	0.0		
210A10200	岐阜営業課	支払手数料	792329.0	787400.0	100.6	
210A10200	岐阜営業課	診断料	0.0	0.0		
210A10200	岐阜営業課	諸会費	215160.0	220000.0	97.8	
210A10200	岐阜営業課	会議費	0.0	0.0		
210A10200	岐阜営業課	寄付金	0.0	0.0		
210A10200	岐阜営業課	租税公課	727250.0	765216.0	95.0	
210A10200	岐阜営業課	業務委託費	0.0	0.0		
210A10200	岐阜営業課	業務受託収入	0.0	0.0		
210A10200	岐阜営業課	システム管理料	0.0	0.0		
210A10200	岐阜営業課	情報機器利用料	10323300.0	10296060.0	100.2	
210A10200	岐阜営業課	貸倒金	0.0	0.0		
210A10200	岐阜営業課	雑費	225615.0	236000.0	95.5	
210A10200	岐阜営業課	福利消耗品費	104791.0	124000.0	84.5	
210A10200	岐阜営業課	教育研修費	1029500.0	808000.0	127.4	
210A10200	岐阜営業課	廃棄損・減耗損	0.0	0.0		
210A10200	岐阜営業課	雑給	0.0	0.0		
210A10200	岐阜営業課	社内金利（固定資産）	932555.0	932555.0	100.0	
210A10200	岐阜営業課	社内金利（売掛金）	240000.0	240000.0	100.0	
210A10200	岐阜営業課	社内金利（在庫）	460057.0	450000.0	102.2	
210A10200	岐阜営業課	営業口銭①（新築）	7731583.0	15500000.0	49.8	
210A10200	岐阜営業課	営業口銭②（リフォ）	36145853.0	52500000.0	68.8	
210A10200	岐阜営業課	開発口銭	0.0	0.0		
210A10200	岐阜営業課	部門共通（経費）	16533747.0	16479875.0	100.3	
210A10200	岐阜営業課	グループ共通	4528800.0	4528800.0	100.0	
210A10200	岐阜営業課	差引収益	56974599.0	119791620.0	47.5	
210A10200	岐阜営業課	差引比率	5.5	7.9	69.6	
210A10200	岐阜営業課	総時間	43461.5	42521.75	102.2	
210A10200	岐阜営業課	定時間	29352.0	27646.0	106.1	
210A10200	岐阜営業課	残業時間	4697.5	3530.0	133.0	
210A10200	岐阜営業課	移動時間	-62.0	1822.0		
210A10200	岐阜営業課	部門共通（時間）	9474.0	9523.75	99.4	
210A10200	岐阜営業課	当月時間当り	1310.9	2817.1	46.5	
210A10200	岐阜営業課	人員	16.0	15.0	106.6	
210A30200	岐阜工務チーム	総出荷	395604058.0	660000000.0	59.9	
210A30200	岐阜工務チーム	社外売	395604058.0	660000000.0	59.9	
210A30200	岐阜工務チーム	社内売	0.0	0.0		
210A30200	岐阜工務チーム	社内仕入	72990539.0	106600000.0	68.4	
210A30200	岐阜工務チーム	仕掛1	0.0	0.0		
210A30200	岐阜工務チーム	総生産	322613519.0	553400000.0	58.2	
210A30200	岐阜工務チーム	経費合計	311752887.0	502463329.0	62.0	
210A30200	岐阜工務チーム	経費合計(原価)	256704071.0	423400000.0	60.6	
210A30200	岐阜工務チーム	仕掛2	0.0	0.0		
210A30200	岐阜工務チーム	商品仕入高	137945492.0	231243000.0	59.6	
210A30200	岐阜工務チーム	原材料費	0.0	0.0		
210A30200	岐阜工務チーム	外注加工費	110668354.0	185197000.0	59.7	
210A30200	岐阜工務チーム	その他 直接経費	8090225.0	6960000.0	116.2	
210A30200	岐阜工務チーム	他勘定振替高	0.0	0.0		
210A30200	岐阜工務チーム	経費合計（販管費）	55048816.0	79063329.0	69.6	
210A30200	岐阜工務チーム	減価償却費	0.0	0.0		
210A30200	岐阜工務チーム	車両費	2152851.0	1988000.0	108.2	
210A30200	岐阜工務チーム	旅費交通費	1112498.0	1150000.0	96.7	
210A30200	岐阜工務チーム	荷造運搬費	0.0	0.0		
210A30200	岐阜工務チーム	通信費	94270.0	96000.0	98.1	
210A30200	岐阜工務チーム	水道光熱費	182399.0	195000.0	93.5	
210A30200	岐阜工務チーム	動力費	0.0	0.0		
210A30200	岐阜工務チーム	事務用品費	59751.0	60000.0	99.5	
210A30200	岐阜工務チーム	消耗品費	23371.0	32000.0	73.0	
210A30200	岐阜工務チーム	廃棄物処理料	600404.0	700000.0	85.7	
210A30200	岐阜工務チーム	広告宣伝費	0.0	0.0		
210A30200	岐阜工務チーム	接待交際費	20000.0	20000.0	100.0	
210A30200	岐阜工務チーム	研究開発費	0.0	0.0		
210A30200	岐阜工務チーム	アフターサービス費	0.0	0.0		
210A30200	岐阜工務チーム	クレーム費	0.0	0.0		
210A30200	岐阜工務チーム	賃借料	438885.0	480000.0	91.4	
210A30200	岐阜工務チーム	賃貸料収入	0.0	0.0		
210A30200	岐阜工務チーム	修繕費	0.0	0.0		
210A30200	岐阜工務チーム	支払リース料	40668.0	40668.0	100.0	
210A30200	岐阜工務チーム	保険料	163146.0	0.0		
210A30200	岐阜工務チーム	支払報酬	18000.0	18000.0	100.0	
210A30200	岐阜工務チーム	販売手数料	0.0	0.0		
210A30200	岐阜工務チーム	支払手数料	27054.0	45000.0	60.1	
210A30200	岐阜工務チーム	診断料	0.0	0.0		
210A30200	岐阜工務チーム	諸会費	0.0	0.0		
210A30200	岐阜工務チーム	会議費	0.0	0.0		
210A30200	岐阜工務チーム	寄付金	0.0	0.0		
210A30200	岐阜工務チーム	租税公課	57072.0	65216.0	87.5	
210A30200	岐阜工務チーム	業務委託費	0.0	0.0		
210A30200	岐阜工務チーム	業務受託収入	0.0	0.0		
210A30200	岐阜工務チーム	システム管理料	0.0	0.0		
210A30200	岐阜工務チーム	情報機器利用料	1307280.0	1307280.0	100.0	
210A30200	岐阜工務チーム	貸倒金	0.0	0.0		
210A30200	岐阜工務チーム	雑費	24656.0	26000.0	94.8	
210A30200	岐阜工務チーム	福利消耗品費	11000.0	24000.0	45.8	
210A30200	岐阜工務チーム	教育研修費	48000.0	49000.0	97.9	
210A30200	岐阜工務チーム	廃棄損・減耗損	0.0	0.0		
210A30200	岐阜工務チーム	雑給	0.0	0.0		
210A30200	岐阜工務チーム	社内金利（固定資産）	0.0	0.0		
210A30200	岐阜工務チーム	社内金利（売掛金）	0.0	0.0		
210A30200	岐阜工務チーム	社内金利（在庫）	0.0	0.0		
210A30200	岐阜工務チーム	営業口銭①（新築）	7731583.0	15500000.0	49.8	
210A30200	岐阜工務チーム	営業口銭②（リフォ）	36145853.0	52500000.0	68.8	
210A30200	岐阜工務チーム	開発口銭	0.0	0.0		
210A30200	岐阜工務チーム	部門共通（経費）	4184075.0	4161165.0	100.5	
210A30200	岐阜工務チーム	グループ共通	606000.0	606000.0	100.0	
210A30200	岐阜工務チーム	差引収益	10860632.0	50936671.0	21.3	
210A30200	岐阜工務チーム	差引比率	3.3	9.2	35.8	
210A30200	岐阜工務チーム	総時間	6610.0	6603.25	100.1	
210A30200	岐阜工務チーム	定時間	3821.25	3888.0	98.2	
210A30200	岐阜工務チーム	残業時間	787.5	760.0	103.6	
210A30200	岐阜工務チーム	移動時間	252.0	200.0	126.0	
210A30200	岐阜工務チーム	部門共通（時間）	1749.25	1755.25	99.6	
210A30200	岐阜工務チーム	当月時間当り	1643.0	7713.8	21.2	
210A30200	岐阜工務チーム	人員	2.0	2.0	100.0	
230C30500	工務管理課	総出荷	0.0	0.0		
230C30500	工務管理課	社外売	0.0	0.0		
230C30500	工務管理課	社内売	0.0	0.0		
230C30500	工務管理課	社内仕入	0.0	0.0		
230C30500	工務管理課	仕掛1	0.0	0.0		
230C30500	工務管理課	総生産	0.0	0.0		
230C30500	工務管理課	経費合計	0.0	0.0		
230C30500	工務管理課	経費合計(原価)	0.0	0.0		
230C30500	工務管理課	仕掛2	0.0	0.0		
230C30500	工務管理課	商品仕入高	0.0	0.0		
230C30500	工務管理課	原材料費	0.0	0.0		
230C30500	工務管理課	外注加工費	0.0	0.0		
230C30500	工務管理課	その他 直接経費	0.0	0.0		
230C30500	工務管理課	他勘定振替高	0.0	0.0		
230C30500	工務管理課	経費合計（販管費）	0.0	0.0		
230C30500	工務管理課	減価償却費	53057.0	53057.0	100.0	77.0
230C30500	工務管理課	車両費	3509311.0	3580353.0	98.0	97.0
230C30500	工務管理課	旅費交通費	162217.0	160000.0	101.3	330.6
230C30500	工務管理課	荷造運搬費	0.0	0.0		0.0
230C30500	工務管理課	通信費	224506.0	239620.0	93.6	151.7
230C30500	工務管理課	水道光熱費	144502.0	144000.0	100.3	71.9
230C30500	工務管理課	動力費	0.0	0.0		
230C30500	工務管理課	事務用品費	54727.0	69000.0	79.3	150.8
230C30500	工務管理課	消耗品費	30943.0	5412.0	571.7	16.0
230C30500	工務管理課	廃棄物処理料	45136.0	57144.0	78.9	828.3
230C30500	工務管理課	広告宣伝費	0.0	0.0		0.0
230C30500	工務管理課	接待交際費	135000.0	180000.0	75.0	107.6
230C30500	工務管理課	研究開発費	0.0	0.0		
230C30500	工務管理課	アフターサービス費	0.0	0.0		
230C30500	工務管理課	クレーム費	0.0	0.0		
230C30500	工務管理課	賃借料	3541824.0	3541824.0	100.0	347.0
230C30500	工務管理課	賃貸料収入	-679636.0	-738500.0		
230C30500	工務管理課	修繕費	908320.0	1055500.0	86.0	111.6
230C30500	工務管理課	支払リース料	13659.0	13662.0	99.9	87.6
230C30500	工務管理課	保険料	5980560.0	5980560.0	100.0	86.6
230C30500	工務管理課	支払報酬	0.0	0.0		
230C30500	工務管理課	販売手数料	0.0	0.0		
230C30500	工務管理課	支払手数料	1449964.0	1448000.0	100.1	100.1
230C30500	工務管理課	診断料	0.0	0.0		
230C30500	工務管理課	諸会費	125286.0	125286.0	100.0	100.8
230C30500	工務管理課	会議費	0.0	0.0		
230C30500	工務管理課	寄付金	0.0	0.0		
230C30500	工務管理課	租税公課	0.0	0.0		0.0
230C30500	工務管理課	業務委託費	0.0	0.0		
230C30500	工務管理課	業務受託収入	0.0	0.0		
230C30500	工務管理課	システム管理料	0.0	0.0		
230C30500	工務管理課	情報機器利用料	2869044.0	2869044.0	100.0	111.9
230C30500	工務管理課	貸倒金	0.0	0.0		
230C30500	工務管理課	雑費	28804.0	25006.0	115.1	
230C30500	工務管理課	福利消耗品費	49780.0	27630.0	180.1	282.2
230C30500	工務管理課	教育研修費	49904.0	32000.0	155.9	244.8
230C30500	工務管理課	廃棄損・減耗損	0.0	0.0		
230C30500	工務管理課	雑給	0.0	0.0		
230C30500	工務管理課	社内金利（固定資産）	7377.0	11899.0	61.9	67.0
230C30500	工務管理課	社内金利（売掛金）	0.0	0.0		
230C30500	工務管理課	社内金利（在庫）	0.0	0.0		
230C30500	工務管理課	営業口銭①（新築）	0.0	0.0		
230C30500	工務管理課	営業口銭②（リフォ）	0.0	0.0		
230C30500	工務管理課	開発口銭	0.0	0.0		
230C30500	工務管理課	部門共通（経費）	-19613885.0	-19790097.0		
230C30500	工務管理課	グループ共通	909600.0	909600.0	100.0	77.3
230C30500	工務管理課	差引収益	0.0	0.0		
230C30500	工務管理課	差引比率	0.0	0.0		
230C30500	工務管理課	総時間	0.0	0.0		
230C30500	工務管理課	定時間	7270.25	7328.0	99.2	106.9
230C30500	工務管理課	残業時間	798.25	828.0	96.4	145.5
230C30500	工務管理課	移動時間	-604.5	-632.0		
230C30500	工務管理課	部門共通（時間）	-7464.0	-7524.0		
230C30500	工務管理課	当月時間当り	0.0	0.0		
230C30500	工務管理課	人員	4.0	4.0	100.0	100.0
230C30400	工務統括部	総出荷	18522188.0	18000000.0	102.9	186.0
230C30400	工務統括部	社外売	0.0	0.0		
230C30400	工務統括部	社内売	18522188.0	18000000.0	102.9	186.0
230C30400	工務統括部	社内仕入	0.0	0.0		
230C30400	工務統括部	仕掛1	0.0	0.0		
230C30400	工務統括部	総生産	18522188.0	18000000.0	102.9	186.0
230C30400	工務統括部	経費合計	14049221.0	14200515.0	98.9	185.0
230C30400	工務統括部	経費合計(原価)	0.0	0.0		
230C30400	工務統括部	仕掛2	0.0	0.0		
230C30400	工務統括部	商品仕入高	0.0	0.0		
230C30400	工務統括部	原材料費	0.0	0.0		
230C30400	工務統括部	外注加工費	0.0	0.0		
230C30400	工務統括部	その他 直接経費	0.0	0.0		
230C30400	工務統括部	他勘定振替高	0.0	0.0		
230C30400	工務統括部	経費合計（販管費）	14049221.0	14200515.0	98.9	185.0
230C30400	工務統括部	減価償却費	240617.0	240617.0	100.0	349.2
230C30400	工務統括部	車両費	6332251.0	6447330.0	98.2	120.6
230C30400	工務統括部	旅費交通費	416452.0	400000.0	104.1	577.2
230C30400	工務統括部	荷造運搬費	0.0	0.0		0.0
230C30400	工務統括部	通信費	381163.0	399400.0	95.4	140.5
230C30400	工務統括部	水道光熱費	456493.0	468676.0	97.4	100.6
230C30400	工務統括部	動力費	0.0	0.0		
230C30400	工務統括部	事務用品費	151157.0	161268.0	93.7	296.3
230C30400	工務統括部	消耗品費	976374.0	962120.0	101.4	364.6
230C30400	工務統括部	廃棄物処理料	52221.0	63828.0	81.8	186.1
230C30400	工務統括部	広告宣伝費	2349.0	2349.0	100.0	54.5
230C30400	工務統括部	接待交際費	139190.0	180000.0	77.3	110.9
230C30400	工務統括部	研究開発費	0.0	0.0		
230C30400	工務統括部	アフターサービス費	0.0	0.0		
230C30400	工務統括部	クレーム費	0.0	0.0		0.0
230C30400	工務統括部	賃借料	7297669.0	7394576.0	98.6	253.5
230C30400	工務統括部	賃貸料収入	-1413556.0	-1472420.0		
230C30400	工務統括部	修繕費	908320.0	1055500.0	86.0	111.6
230C30400	工務統括部	支払リース料	96805.0	101610.0	95.2	275.3
230C30400	工務統括部	保険料	5992508.0	5980560.0	100.1	86.7
230C30400	工務統括部	支払報酬	0.0	0.0		
230C30400	工務統括部	販売手数料	0.0	0.0		
230C30400	工務統括部	支払手数料	1477144.0	1475270.0	100.1	101.6
230C30400	工務統括部	診断料	0.0	0.0		
230C30400	工務統括部	諸会費	138428.0	138928.0	99.6	105.1
230C30400	工務統括部	会議費	0.0	0.0		
230C30400	工務統括部	寄付金	0.0	0.0		
230C30400	工務統括部	租税公課	57072.0	65216.0	87.5	603.6
230C30400	工務統括部	業務委託費	0.0	0.0		
230C30400	工務統括部	業務受託収入	0.0	0.0		
230C30400	工務統括部	システム管理料	0.0	0.0		
230C30400	工務統括部	情報機器利用料	4774884.0	4774884.0	100.0	109.4
230C30400	工務統括部	貸倒金	0.0	0.0		
230C30400	工務統括部	雑費	86542.0	82738.0	104.5	
230C30400	工務統括部	福利消耗品費	224639.0	204660.0	109.7	625.9
230C30400	工務統括部	教育研修費	719128.0	702036.0	102.4	
230C30400	工務統括部	廃棄損・減耗損	0.0	0.0		
230C30400	工務統括部	雑給	0.0	0.0		
230C30400	工務統括部	社内金利（固定資産）	7377.0	11899.0	61.9	67.0
230C30400	工務統括部	社内金利（売掛金）	0.0	0.0		
230C30400	工務統括部	社内金利（在庫）	0.0	0.0		
230C30400	工務統括部	営業口銭①（新築）	0.0	0.0		
230C30400	工務統括部	営業口銭②（リフォ）	0.0	0.0		
230C30400	工務統括部	開発口銭	0.0	0.0		
230C30400	工務統括部	部門共通（経費）	-18792406.0	-18966930.0		
230C30400	工務統括部	グループ共通	3326400.0	3326400.0	100.0	125.6
230C30400	工務統括部	差引収益	4472967.0	3799485.0	117.7	189.1
230C30400	工務統括部	差引比率	24.1	21.1	114.2	101.6
230C30400	工務統括部	総時間	21106.75	21000.0	100.5	232.4
230C30400	工務統括部	定時間	24555.25	24608.0	99.7	150.7
230C30400	工務統括部	残業時間	3202.25	3133.0	102.2	162.3
230C30400	工務統括部	移動時間	53.5	29.0	184.4	
230C30400	工務統括部	部門共通（時間）	-6704.25	-6770.0		
230C30400	工務統括部	当月時間当り	211.9	180.9	117.1	81.3
230C30400	工務統括部	人員	13.0	13.0	100.0	144.4
400A10100	広域支援課	総出荷	0.0	0.0		
400A10100	広域支援課	社外売	0.0	0.0		
400A10100	広域支援課	社内売	0.0	0.0		
400A10100	広域支援課	社内仕入	0.0	0.0		
400A10100	広域支援課	仕掛1	0.0	0.0		
400A10100	広域支援課	総生産	0.0	0.0		
400A10100	広域支援課	経費合計	0.0	0.0		
400A10100	広域支援課	経費合計(原価)	0.0	0.0		
400A10100	広域支援課	仕掛2	0.0	0.0		
400A10100	広域支援課	商品仕入高	0.0	0.0		
400A10100	広域支援課	原材料費	0.0	0.0		
400A10100	広域支援課	外注加工費	0.0	0.0		
400A10100	広域支援課	その他 直接経費	0.0	0.0		
400A10100	広域支援課	他勘定振替高	0.0	0.0		
400A10100	広域支援課	経費合計（販管費）	0.0	0.0		
400A10100	広域支援課	減価償却費	0.0	0.0		
400A10100	広域支援課	車両費	2543005.0	2542482.0	100.0	83.4
400A10100	広域支援課	旅費交通費	3285374.0	3310000.0	99.2	101.3
400A10100	広域支援課	荷造運搬費	0.0	0.0		0.0
400A10100	広域支援課	通信費	108135.0	108120.0	100.0	77.5
400A10100	広域支援課	水道光熱費	0.0	0.0		0.0
400A10100	広域支援課	動力費	0.0	0.0		
400A10100	広域支援課	事務用品費	11320.0	13300.0	85.1	37.7
400A10100	広域支援課	消耗品費	120049.0	147000.0	81.6	44.3
400A10100	広域支援課	廃棄物処理料	0.0	0.0		
400A10100	広域支援課	広告宣伝費	0.0	0.0		0.0
400A10100	広域支援課	接待交際費	130000.0	140000.0	92.8	93.1
400A10100	広域支援課	研究開発費	0.0	0.0		
400A10100	広域支援課	アフターサービス費	0.0	0.0		
400A10100	広域支援課	クレーム費	0.0	0.0		
400A10100	広域支援課	賃借料	311998.0	336000.0	92.8	19.8
400A10100	広域支援課	賃貸料収入	0.0	0.0		
400A10100	広域支援課	修繕費	0.0	0.0		
400A10100	広域支援課	支払リース料	0.0	0.0		
400A10100	広域支援課	保険料	0.0	0.0		0.0
400A10100	広域支援課	支払報酬	0.0	0.0		
400A10100	広域支援課	販売手数料	0.0	0.0		
400A10100	広域支援課	支払手数料	220.0	0.0		1.0
400A10100	広域支援課	診断料	0.0	0.0		
400A10100	広域支援課	諸会費	26500.0	14000.0	189.2	114.4
400A10100	広域支援課	会議費	0.0	0.0		
400A10100	広域支援課	寄付金	0.0	0.0		
400A10100	広域支援課	租税公課	0.0	0.0		
400A10100	広域支援課	業務委託費	0.0	0.0		
400A10100	広域支援課	業務受託収入	0.0	0.0		
400A10100	広域支援課	システム管理料	0.0	0.0		
400A10100	広域支援課	情報機器利用料	2058096.0	2053464.0	100.2	106.0
400A10100	広域支援課	貸倒金	0.0	0.0		
400A10100	広域支援課	雑費	31085.0	0.0		136.7
400A10100	広域支援課	福利消耗品費	12990.0	36390.0	35.6	56.8
400A10100	広域支援課	教育研修費	242000.0	242000.0	100.0	11.6
400A10100	広域支援課	廃棄損・減耗損	0.0	0.0		
400A10100	広域支援課	雑給	0.0	0.0		
400A10100	広域支援課	社内金利（固定資産）	0.0	0.0		
400A10100	広域支援課	社内金利（売掛金）	0.0	0.0		
400A10100	広域支援課	社内金利（在庫）	0.0	0.0		
400A10100	広域支援課	営業口銭①（新築）	0.0	0.0		
400A10100	広域支援課	営業口銭②（リフォ）	0.0	0.0		
400A10100	広域支援課	開発口銭	0.0	0.0		
400A10100	広域支援課	部門共通（経費）	-10387972.0	-10449956.0		
400A10100	広域支援課	グループ共通	1507200.0	1507200.0	100.0	85.6
400A10100	広域支援課	差引収益	0.0	0.0		
400A10100	広域支援課	差引比率	0.0	0.0		
400A10100	広域支援課	総時間	0.0	0.0		
400A10100	広域支援課	定時間	9556.75	9588.0	99.6	88.1
400A10100	広域支援課	残業時間	1665.5	1690.0	98.5	96.9
400A10100	広域支援課	移動時間	137.0	150.0	91.3	116.1
400A10100	広域支援課	部門共通（時間）	-11359.25	-11428.0		
400A10100	広域支援課	当月時間当り	0.0	0.0		
400A10100	広域支援課	人員	5.0	5.0	100.0	83.3
003030100	技術本部	総出荷	2158657850.0	2748000000.0	78.5	90.6
003030100	技術本部	社外売	0.0	0.0		
003030100	技術本部	社内売	2158657850.0	2748000000.0	78.5	90.6
003030100	技術本部	社内仕入	587722781.0	648000000.0	90.6	103.8
003030100	技術本部	仕掛1	0.0	0.0		
003030100	技術本部	総生産	1570935069.0	2100000000.0	74.8	86.5
003030100	技術本部	経費合計	1373371200.0	1776939404.0	77.2	88.3
003030100	技術本部	経費合計(原価)	1245499071.0	1648370000.0	75.5	87.1
003030100	技術本部	仕掛2	-430778.0	0.0		
003030100	技術本部	商品仕入高	493367071.0	705390200.0	69.9	83.4
003030100	技術本部	原材料費	749920021.0	934809800.0	80.2	88.3
003030100	技術本部	外注加工費	13599560.0	19800000.0	68.6	111.5
003030100	技術本部	その他 直接経費	0.0	0.0		
003030100	技術本部	他勘定振替高	-10956803.0	-11630000.0		
003030100	技術本部	経費合計（販管費）	127872129.0	128569404.0	99.4	102.5
003030100	技術本部	減価償却費	24341113.0	23038681.0	105.6	123.7
003030100	技術本部	車両費	20514995.0	20838767.0	98.4	95.3
003030100	技術本部	旅費交通費	11839296.0	12218200.0	96.8	122.9
003030100	技術本部	荷造運搬費	152163.0	207000.0	73.5	111.8
003030100	技術本部	通信費	2122958.0	2111240.0	100.5	99.1
003030100	技術本部	水道光熱費	2216076.0	2242473.0	98.8	106.0
003030100	技術本部	動力費	7478241.0	7950528.0	94.0	113.4
003030100	技術本部	事務用品費	1066914.0	1128557.0	94.5	132.5
003030100	技術本部	消耗品費	10821539.0	10311573.0	104.9	101.6
003030100	技術本部	廃棄物処理料	-29233.0	-241204.0		
003030100	技術本部	広告宣伝費	13566.0	13700.0	99.0	63.9
003030100	技術本部	接待交際費	1250530.0	1319000.0	94.8	262.8
003030100	技術本部	研究開発費	13230000.0	13500000.0	98.0	455.8
003030100	技術本部	アフターサービス費	0.0	0.0		
003030100	技術本部	クレーム費	17800.0	0.0		2.6
003030100	技術本部	賃借料	44208282.0	43776368.0	100.9	88.9
003030100	技術本部	賃貸料収入	-3846000.0	-3384000.0		
003030100	技術本部	修繕費	2245000.0	2435000.0	92.1	168.7
003030100	技術本部	支払リース料	477485.0	488363.0	97.7	102.9
003030100	技術本部	保険料	350754.0	352444.0	99.5	86.8
003030100	技術本部	支払報酬	1845000.0	1845000.0	100.0	199.7
003030100	技術本部	販売手数料	0.0	0.0		
003030100	技術本部	支払手数料	2283524.0	2345084.0	97.3	108.9
003030100	技術本部	診断料	0.0	0.0		
003030100	技術本部	諸会費	475429.0	445270.0	106.7	106.5
003030100	技術本部	会議費	20000.0	24000.0	83.3	91.8
003030100	技術本部	寄付金	5000.0	5000.0	100.0	
003030100	技術本部	租税公課	1113475.0	1113475.0	100.0	138.9
003030100	技術本部	業務委託費	6655600.0	6655600.0	100.0	112.8
003030100	技術本部	業務受託収入	-180000.0	-180000.0		
003030100	技術本部	システム管理料	0.0	0.0		
003030100	技術本部	情報機器利用料	46539376.0	46384020.0	100.3	106.3
003030100	技術本部	貸倒金	0.0	0.0		
003030100	技術本部	雑費	428418.0	376057.0	113.9	97.0
003030100	技術本部	福利消耗品費	768028.0	1110780.0	69.1	105.7
003030100	技術本部	教育研修費	1075076.0	1151400.0	93.3	40.2
003030100	技術本部	廃棄損・減耗損	10956803.0	11630000.0	94.2	90.9
003030100	技術本部	雑給	0.0	0.0		
003030100	技術本部	社内金利（固定資産）	4989841.0	5060218.0	98.6	98.2
003030100	技術本部	社内金利（売掛金）	0.0	0.0		
003030100	技術本部	社内金利（在庫）	5086179.0	4853876.0	104.7	102.5
003030100	技術本部	営業口銭①（新築）	0.0	0.0		
003030100	技術本部	営業口銭②（リフォ）	0.0	0.0		
003030100	技術本部	開発口銭	0.0	0.0		
003030100	技術本部	部門共通（経費）	-116503899.0	-116399866.0		
003030100	技術本部	グループ共通	23842800.0	23842800.0	100.0	95.4
003030100	技術本部	差引収益	197563869.0	323060596.0	61.1	75.3
003030100	技術本部	差引比率	12.5	15.3	81.6	86.8
003030100	技術本部	総時間	79372.5	80371.25	98.7	113.4
003030100	技術本部	定時間	155639.25	156901.0	99.1	105.2
003030100	技術本部	残業時間	16704.25	17033.0	98.0	125.6
003030100	技術本部	移動時間	-659.0	-612.0		
003030100	技術本部	部門共通（時間）	-92312.0	-92950.75		
003030100	技術本部	当月時間当り	2489.0	4019.6	61.9	66.4
003030100	技術本部	人員	84.0	84.0	100.0	100.0
230H10100	推進チーム	総受注高	0.0	0.0		
230H10100	推進チーム	【新築】受注高	0.0	0.0		
230H10100	推進チーム	【リフォ】受注高	0.0	0.0		
230H10100	推進チーム	【資材】受注高	0.0	0.0		
230H10100	推進チーム	総売上高	0.0	0.0		
230H10100	推進チーム	【新築】売上高	0.0	0.0		
230H10100	推進チーム	【リフォ】売上高	0.0	0.0		
230H10100	推進チーム	【資材】売上高	0.0	0.0		
230H10100	推進チーム	【新築】インセンティブ	0.0	0.0		
230H10100	推進チーム	【リフォ】インセンティブ	0.0	0.0		
230H10100	推進チーム	【資材】インセンティブ	0.0	0.0		
230H10100	推進チーム	収益①（営業口銭）	0.0	0.0		
230H10100	推進チーム	【新築】収益①(営業口銭)	0.0	0.0		
230H10100	推進チーム	【リフォ】収益①(営業口銭)	0.0	0.0		
230H10100	推進チーム	【資材】売上原価	0.0	0.0		
230H10100	推進チーム	収益②（資材）	0.0	0.0		
230H10100	推進チーム	総収益	0.0	0.0		
230H10100	推進チーム	経費合計	0.0	0.0		
230H10100	推進チーム	減価償却費	138000.0	0.0		
230H10100	推進チーム	車両費	476462.0	504657.0	94.4	
230H10100	推進チーム	旅費交通費	106999.0	123000.0	86.9	86.9
230H10100	推進チーム	荷造運搬費	0.0	0.0		
230H10100	推進チーム	通信費	622592.0	710706.0	87.6	219.8
230H10100	推進チーム	水道光熱費	239664.0	245121.0	97.7	87.1
230H10100	推進チーム	動力費	0.0	0.0		
230H10100	推進チーム	事務用品費	45912.0	36676.0	125.1	27.8
230H10100	推進チーム	消耗品費	78048.0	37016.0	210.8	8.7
230H10100	推進チーム	廃棄物処理料	159400.0	161480.0	98.7	47.6
230H10100	推進チーム	広告宣伝費	20927.0	154000.0	13.5	115.1
230H10100	推進チーム	接待交際費	6300.0	6000.0	105.0	157.7
230H10100	推進チーム	研究開発費	0.0	0.0		
230H10100	推進チーム	アフターサービス費	0.0	0.0		
230H10100	推進チーム	クレーム費	0.0	0.0		
230H10100	推進チーム	賃借料	4273320.0	4638888.0	92.1	89.5
230H10100	推進チーム	賃貸料収入	0.0	0.0		
230H10100	推進チーム	修繕費	4035.0	4305.0	93.7	
230H10100	推進チーム	支払リース料	7742.0	7584.0	102.0	81.6
230H10100	推進チーム	保険料	0.0	0.0		
230H10100	推進チーム	支払報酬	1200000.0	1300000.0	92.3	
230H10100	推進チーム	販売手数料	0.0	0.0		
230H10100	推進チーム	支払手数料	383928.0	501456.0	76.5	150.4
230H10100	推進チーム	診断料	0.0	0.0		
230H10100	推進チーム	諸会費	0.0	0.0		
230H10100	推進チーム	会議費	1649.0	0.0		
230H10100	推進チーム	寄付金	0.0	0.0		
230H10100	推進チーム	租税公課	0.0	0.0		0.0
230H10100	推進チーム	業務委託費	0.0	0.0		
230H10100	推進チーム	業務受託収入	0.0	0.0		
230H10100	推進チーム	システム管理料	0.0	0.0		
230H10100	推進チーム	情報機器利用料	5064408.0	5064408.0	100.0	129.0
230H10100	推進チーム	貸倒金	0.0	0.0		
230H10100	推進チーム	雑費	9890.0	9708.0	101.8	40.0
230H10100	推進チーム	福利消耗品費	4142.0	15888.0	26.0	19.1
230H10100	推進チーム	教育研修費	38101.0	33464.0	113.8	81.8
230H10100	推進チーム	廃棄損・減耗損	600000.0	600000.0	100.0	23.6
230H10100	推進チーム	雑給	0.0	0.0		
230H10100	推進チーム	社内金利（固定資産）	6727.0	0.0		
230H10100	推進チーム	社内金利（売掛金）	0.0	0.0		
230H10100	推進チーム	社内金利（在庫）	11570945.0	10740000.0	107.7	137.9
230H10100	推進チーム	開発口銭	0.0	0.0		
230H10100	推進チーム	部門共通（経費）	-26566391.0	-26401557.0		
230H10100	推進チーム	グループ共通	1507200.0	1507200.0	100.0	85.6
230H10100	推進チーム	差引収益	0.0	0.0		
230H10100	推進チーム	差引比率	0.0	0.0		
230H10100	推進チーム	総時間	0.0	0.0		
230H10100	推進チーム	定時間	11282.75	11272.0	100.0	100.7
230H10100	推進チーム	残業時間	1442.5	1445.0	99.8	119.8
230H10100	推進チーム	移動時間	-1413.0	-1379.0		
230H10100	推進チーム	部門共通（時間）	-11312.25	-11338.0		
230H10100	推進チーム	当月時間当り	0.0	0.0		
230H10100	推進チーム	人員	6.0	6.0	100.0	100.0
230C30310	施設加工課	総出荷	137520818.0	198000000.0	69.4	146.0
230C30310	施設加工課	社外売	0.0	0.0		
230C30310	施設加工課	社内売	137520818.0	198000000.0	69.4	146.0
230C30310	施設加工課	社内仕入	0.0	0.0		
230C30310	施設加工課	仕掛1	0.0	0.0		
230C30310	施設加工課	総生産	137520818.0	198000000.0	69.4	146.0
230C30310	施設加工課	経費合計	68601447.0	74961078.0	91.5	115.3
230C30310	施設加工課	経費合計(原価)	12416960.0	18600000.0	66.7	114.6
230C30310	施設加工課	仕掛2	0.0	0.0		
230C30310	施設加工課	商品仕入高	0.0	0.0		
230C30310	施設加工課	原材料費	0.0	0.0		
230C30310	施設加工課	外注加工費	13599560.0	19800000.0	68.6	111.5
230C30310	施設加工課	その他 直接経費	0.0	0.0		
230C30310	施設加工課	他勘定振替高	-1182600.0	-1200000.0		
230C30310	施設加工課	経費合計（販管費）	56184487.0	56361078.0	99.6	115.5
230C30310	施設加工課	減価償却費	8245453.0	8245453.0	100.0	166.8
230C30310	施設加工課	車両費	2778226.0	2902492.0	95.7	93.1
230C30310	施設加工課	旅費交通費	305109.0	300000.0	101.7	246.3
230C30310	施設加工課	荷造運搬費	3163.0	0.0		
230C30310	施設加工課	通信費	283471.0	271861.0	104.2	106.0
230C30310	施設加工課	水道光熱費	59383.0	60000.0	98.9	97.1
230C30310	施設加工課	動力費	3361133.0	3606528.0	93.1	124.3
230C30310	施設加工課	事務用品費	174744.0	188000.0	92.9	127.1
230C30310	施設加工課	消耗品費	6001950.0	5980000.0	100.3	100.3
230C30310	施設加工課	廃棄物処理料	-742035.0	-1000004.0		
230C30310	施設加工課	広告宣伝費	0.0	0.0		
230C30310	施設加工課	接待交際費	101204.0	120000.0	84.3	
230C30310	施設加工課	研究開発費	0.0	0.0		
230C30310	施設加工課	アフターサービス費	0.0	0.0		
230C30310	施設加工課	クレーム費	0.0	0.0		
230C30310	施設加工課	賃借料	13473000.0	13596000.0	99.0	100.1
230C30310	施設加工課	賃貸料収入	-585000.0	-708000.0		
230C30310	施設加工課	修繕費	885000.0	955000.0	92.6	73.2
230C30310	施設加工課	支払リース料	122648.0	122646.0	100.0	99.0
230C30310	施設加工課	保険料	0.0	0.0		0.0
230C30310	施設加工課	支払報酬	0.0	0.0		
230C30310	施設加工課	販売手数料	0.0	0.0		
230C30310	施設加工課	支払手数料	137972.0	139000.0	99.2	61.2
230C30310	施設加工課	診断料	0.0	0.0		
230C30310	施設加工課	諸会費	61817.0	62498.0	98.9	121.0
230C30310	施設加工課	会議費	0.0	0.0		
230C30310	施設加工課	寄付金	5000.0	5000.0	100.0	
230C30310	施設加工課	租税公課	488221.0	488221.0	100.0	164.2
230C30310	施設加工課	業務委託費	0.0	0.0		
230C30310	施設加工課	業務受託収入	0.0	0.0		
230C30310	施設加工課	システム管理料	0.0	0.0		
230C30310	施設加工課	情報機器利用料	7022124.0	7018284.0	100.0	130.9
230C30310	施設加工課	貸倒金	0.0	0.0		
230C30310	施設加工課	雑費	98833.0	87474.0	112.9	119.0
230C30310	施設加工課	福利消耗品費	453470.0	484000.0	93.6	525.2
230C30310	施設加工課	教育研修費	271116.0	312000.0	86.8	564.6
230C30310	施設加工課	廃棄損・減耗損	1182600.0	1200000.0	98.5	86.9
230C30310	施設加工課	雑給	0.0	0.0		
230C30310	施設加工課	社内金利（固定資産）	1519404.0	1519404.0	100.0	94.4
230C30310	施設加工課	社内金利（売掛金）	0.0	0.0		
230C30310	施設加工課	社内金利（在庫）	29485.0	11500.0	256.3	248.0
230C30310	施設加工課	営業口銭①（新築）	0.0	0.0		
230C30310	施設加工課	営業口銭②（リフォ）	0.0	0.0		
230C30310	施設加工課	開発口銭	0.0	0.0		
230C30310	施設加工課	部門共通（経費）	6524196.0	6470921.0	100.8	127.2
230C30310	施設加工課	グループ共通	3922800.0	3922800.0	100.0	111.1
230C30310	施設加工課	差引収益	68919371.0	123038922.0	56.0	198.5
230C30310	施設加工課	差引比率	50.1	62.1	80.6	136.1
230C30310	施設加工課	総時間	32769.25	32795.25	99.9	122.2
230C30310	施設加工課	定時間	27749.25	27736.0	100.0	126.3
230C30310	施設加工課	残業時間	1936.0	1962.0	98.6	582.6
230C30310	施設加工課	移動時間	-1172.0	-1168.0		
230C30310	施設加工課	部門共通（時間）	4256.0	4265.25	99.7	119.3
230C30310	施設加工課	当月時間当り	2103.1	3751.7	56.0	162.4
230C30310	施設加工課	人員	15.0	15.0	100.0	125.0
003090200	本社収支	総受注高	0.0	0.0		
003090200	本社収支	【新築】受注高	0.0	0.0		
003090200	本社収支	【リフォ】受注高	0.0	0.0		
003090200	本社収支	【資材】受注高	0.0	0.0		
003090200	本社収支	総売上高	0.0	0.0		
003090200	本社収支	【新築】売上高	0.0	0.0		
003090200	本社収支	【リフォ】売上高	0.0	0.0		
003090200	本社収支	【資材】売上高	0.0	0.0		
003090200	本社収支	【新築】インセンティブ	0.0	0.0		
003090200	本社収支	【リフォ】インセンティブ	0.0	0.0		
003090200	本社収支	【資材】インセンティブ	0.0	0.0		
003090200	本社収支	収益①（営業口銭）	0.0	0.0		
003090200	本社収支	【新築】収益①(営業口銭)	0.0	0.0		
003090200	本社収支	【リフォ】収益①(営業口銭)	0.0	0.0		
003090200	本社収支	【資材】売上原価	0.0	0.0		
003090200	本社収支	収益②（資材）	0.0	0.0		
003090200	本社収支	総収益	0.0	0.0		
003090200	本社収支	経費合計	-38202832.0	-36739697.0		
003090200	本社収支	減価償却費	0.0	0.0		
003090200	本社収支	車両費	0.0	0.0		
003090200	本社収支	旅費交通費	0.0	0.0		
003090200	本社収支	荷造運搬費	0.0	0.0		
003090200	本社収支	通信費	0.0	0.0		
003090200	本社収支	水道光熱費	0.0	0.0		
003090200	本社収支	動力費	0.0	0.0		
003090200	本社収支	事務用品費	0.0	0.0		
003090200	本社収支	消耗品費	0.0	0.0		
003090200	本社収支	廃棄物処理料	0.0	0.0		
003090200	本社収支	広告宣伝費	0.0	0.0		
003090200	本社収支	接待交際費	0.0	0.0		
003090200	本社収支	研究開発費	0.0	0.0		
003090200	本社収支	アフターサービス費	0.0	0.0		
003090200	本社収支	クレーム費	0.0	0.0		
003090200	本社収支	賃借料	0.0	0.0		
003090200	本社収支	賃貸料収入	0.0	0.0		
003090200	本社収支	修繕費	0.0	0.0		
003090200	本社収支	支払リース料	0.0	0.0		
003090200	本社収支	保険料	0.0	0.0		
003090200	本社収支	支払報酬	0.0	0.0		
003090200	本社収支	販売手数料	0.0	0.0		
003090200	本社収支	支払手数料	0.0	0.0		
003090200	本社収支	診断料	0.0	0.0		
003090200	本社収支	諸会費	0.0	0.0		
003090200	本社収支	会議費	0.0	0.0		
003090200	本社収支	寄付金	0.0	0.0		
003090200	本社収支	租税公課	0.0	0.0		
003090200	本社収支	業務委託費	0.0	0.0		
003090200	本社収支	業務受託収入	0.0	0.0		
003090200	本社収支	システム管理料	0.0	0.0		
003090200	本社収支	情報機器利用料	0.0	0.0		
003090200	本社収支	貸倒金	0.0	0.0		
003090200	本社収支	雑費	0.0	0.0		
003090200	本社収支	福利消耗品費	0.0	0.0		
003090200	本社収支	教育研修費	0.0	0.0		
003090200	本社収支	廃棄損・減耗損	0.0	0.0		
003090200	本社収支	雑給	0.0	0.0		
003090200	本社収支	社内金利（固定資産）	-9888283.0	-9934054.0		
003090200	本社収支	社内金利（売掛金）	-5154192.0	-5081930.0		
003090200	本社収支	社内金利（在庫）	-23160357.0	-21723713.0		
003090200	本社収支	開発口銭	0.0	0.0		
003090200	本社収支	部門共通（経費）	0.0	0.0		
003090200	本社収支	グループ共通	0.0	0.0		
003090200	本社収支	差引収益	38202832.0	36739697.0	103.9	102.9
003090200	本社収支	差引比率	0.0	0.0		
003090200	本社収支	総時間	655.0	3963.25	16.5	17.4
003090200	本社収支	定時間	0.0	0.0		
003090200	本社収支	残業時間	0.0	0.0		
003090200	本社収支	移動時間	655.0	3963.25	16.5	17.4
003090200	本社収支	部門共通（時間）	0.0	0.0		
003090200	本社収支	当月時間当り	58324.9	9270.0	629.1	590.2
003090200	本社収支	人員	0.0	0.0		
230H10500	本社営業チーム	総受注高	1212472220.0	2190000000.0	55.3	88.9
230H10500	本社営業チーム	【新築】受注高	613910000.0	1500000000.0	40.9	124.2
230H10500	本社営業チーム	【リフォ】受注高	99914200.0	200000000.0	49.9	34.2
230H10500	本社営業チーム	【資材】受注高	498648020.0	490000000.0	101.7	86.3
230H10500	本社営業チーム	総売上高	1259386162.0	2190000000.0	57.5	52.7
230H10500	本社営業チーム	【新築】売上高	638995000.0	1500000000.0	42.5	43.2
230H10500	本社営業チーム	【リフォ】売上高	120453200.0	200000000.0	60.2	37.0
230H10500	本社営業チーム	【資材】売上高	500067962.0	490130000.0	102.0	85.9
230H10500	本社営業チーム	【新築】インセンティブ	0.0	0.0		
230H10500	本社営業チーム	【リフォ】インセンティブ	0.0	0.0		
230H10500	本社営業チーム	【資材】インセンティブ	-130000.0	-130000.0		
230H10500	本社営業チーム	収益①（営業口銭）	50017730.0	105000000.0	47.6	40.5
230H10500	本社営業チーム	【新築】収益①(営業口銭)	31949750.0	75000000.0	42.5	42.8
230H10500	本社営業チーム	【リフォ】収益①(営業口銭)	18067980.0	30000000.0	60.2	37.0
230H10500	本社営業チーム	【資材】売上原価	438506299.0	431000000.0	101.7	84.2
230H10500	本社営業チーム	収益②（資材）	61431663.0	59000000.0	104.1	99.8
230H10500	本社営業チーム	総収益	111449393.0	164000000.0	67.9	60.2
230H10500	本社営業チーム	経費合計	55977194.0	56309302.0	99.4	76.6
230H10500	本社営業チーム	減価償却費	0.0	0.0		
230H10500	本社営業チーム	車両費	3898083.0	4025076.0	96.8	85.5
230H10500	本社営業チーム	旅費交通費	7182220.0	6900000.0	104.0	68.0
230H10500	本社営業チーム	荷造運搬費	22000.0	24000.0	91.6	161.9
230H10500	本社営業チーム	通信費	530665.0	548267.0	96.7	86.5
230H10500	本社営業チーム	水道光熱費	336807.0	343091.0	98.1	73.4
230H10500	本社営業チーム	動力費	0.0	0.0		
230H10500	本社営業チーム	事務用品費	192477.0	197184.0	97.6	89.5
230H10500	本社営業チーム	消耗品費	42944.0	46211.0	92.9	57.2
230H10500	本社営業チーム	廃棄物処理料	27969.0	30064.0	93.0	69.4
230H10500	本社営業チーム	広告宣伝費	150000.0	180000.0	83.3	438.3
230H10500	本社営業チーム	接待交際費	995223.0	1200000.0	82.9	65.3
230H10500	本社営業チーム	研究開発費	0.0	0.0		
230H10500	本社営業チーム	アフターサービス費	0.0	0.0		
230H10500	本社営業チーム	クレーム費	5200000.0	5000000.0	104.0	107.1
230H10500	本社営業チーム	賃借料	5981400.0	5981400.0	100.0	75.2
230H10500	本社営業チーム	賃貸料収入	0.0	0.0		
230H10500	本社営業チーム	修繕費	6025.0	6025.0	100.0	
230H10500	本社営業チーム	支払リース料	10838.0	10618.0	102.0	68.4
230H10500	本社営業チーム	保険料	122.0	0.0		13.7
230H10500	本社営業チーム	支払報酬	0.0	0.0		0.0
230H10500	本社営業チーム	販売手数料	0.0	0.0		
230H10500	本社営業チーム	支払手数料	123120.0	144000.0	85.5	181.4
230H10500	本社営業チーム	診断料	44000.0	49000.0	89.7	181.8
230H10500	本社営業チーム	諸会費	4200.0	7140.0	58.8	140.0
230H10500	本社営業チーム	会議費	0.0	0.0		
230H10500	本社営業チーム	寄付金	0.0	0.0		
230H10500	本社営業チーム	租税公課	195200.0	260000.0	75.0	92.9
230H10500	本社営業チーム	業務委託費	80000.0	0.0		
230H10500	本社営業チーム	業務受託収入	0.0	0.0		
230H10500	本社営業チーム	システム管理料	0.0	0.0		
230H10500	本社営業チーム	情報機器利用料	7519848.0	7517412.0	100.0	80.6
230H10500	本社営業チーム	貸倒金	315743.0	315743.0	100.0	23.6
230H10500	本社営業チーム	雑費	79335.0	85596.0	92.6	115.6
230H10500	本社営業チーム	福利消耗品費	73255.0	61840.0	118.4	73.9
230H10500	本社営業チーム	教育研修費	145325.0	718640.0	20.2	23.1
230H10500	本社営業チーム	廃棄損・減耗損	25000.0	25000.0	100.0	
230H10500	本社営業チーム	雑給	0.0	0.0		
230H10500	本社営業チーム	社内金利（固定資産）	0.0	0.0		
230H10500	本社営業チーム	社内金利（売掛金）	440873.0	360000.0	122.4	85.1
230H10500	本社営業チーム	社内金利（在庫）	1824.0	0.0		62.4
230H10500	本社営業チーム	開発口銭	0.0	0.0		
230H10500	本社営業チーム	部門共通（経費）	19935898.0	19856195.0	100.4	74.4
230H10500	本社営業チーム	グループ共通	2416800.0	2416800.0	100.0	82.3
230H10500	本社営業チーム	差引収益	55472199.0	107690698.0	51.5	49.5
230H10500	本社営業チーム	差引比率	4.4	4.9	89.7	95.6
230H10500	本社営業チーム	総時間	27374.5	27794.5	98.4	70.0
230H10500	本社営業チーム	定時間	17709.5	18056.0	98.0	81.5
230H10500	本社営業チーム	残業時間	2646.5	2671.0	99.0	90.8
230H10500	本社営業チーム	移動時間	-4448.75	-4425.0		
230H10500	本社営業チーム	部門共通（時間）	11467.25	11492.5	99.7	62.5
230H10500	本社営業チーム	当月時間当り	2026.4	3874.5	52.3	70.7
230H10500	本社営業チーム	人員	9.0	9.0	100.0	75.0
230H10600	本社営業課	総受注高	1212472220.0	2190000000.0	55.3	88.9
230H10600	本社営業課	【新築】受注高	613910000.0	1500000000.0	40.9	124.2
230H10600	本社営業課	【リフォ】受注高	99914200.0	200000000.0	49.9	34.2
230H10600	本社営業課	【資材】受注高	498648020.0	490000000.0	101.7	86.3
230H10600	本社営業課	総売上高	1259386162.0	2190000000.0	57.5	52.7
230H10600	本社営業課	【新築】売上高	638995000.0	1500000000.0	42.5	43.2
230H10600	本社営業課	【リフォ】売上高	120453200.0	200000000.0	60.2	37.0
230H10600	本社営業課	【資材】売上高	500067962.0	490130000.0	102.0	85.9
230H10600	本社営業課	【新築】インセンティブ	0.0	0.0		
230H10600	本社営業課	【リフォ】インセンティブ	0.0	0.0		
230H10600	本社営業課	【資材】インセンティブ	-130000.0	-130000.0		
230H10600	本社営業課	収益①（営業口銭）	50017730.0	105000000.0	47.6	40.5
230H10600	本社営業課	【新築】収益①(営業口銭)	31949750.0	75000000.0	42.5	42.8
230H10600	本社営業課	【リフォ】収益①(営業口銭)	18067980.0	30000000.0	60.2	37.0
230H10600	本社営業課	【資材】売上原価	438506299.0	431000000.0	101.7	84.2
230H10600	本社営業課	収益②（資材）	61431663.0	59000000.0	104.1	99.8
230H10600	本社営業課	総収益	111449393.0	164000000.0	67.9	60.2
230H10600	本社営業課	総出荷	759448200.0	1700000000.0	44.6	42.1
230H10600	本社営業課	社外売	759448200.0	1700000000.0	44.6	42.1
230H10600	本社営業課	社内売	0.0	0.0		
230H10600	本社営業課	社内仕入	257760326.0	467965000.0	55.0	136.2
230H10600	本社営業課	仕掛1	317677.0	0.0		4.8
230H10600	本社営業課	総生産	501370197.0	1232035000.0	40.6	31.1
230H10600	本社営業課	経費合計	584131385.0	1213222404.0	48.1	34.7
230H10600	本社営業課	経費合計(原価)	458170197.0	1032035000.0	44.3	31.6
230H10600	本社営業課	仕掛2	152065.0	0.0		0.2
230H10600	本社営業課	商品仕入高	187806644.0	448671001.0	41.8	63.6
230H10600	本社営業課	原材料費	0.0	0.0		
230H10600	本社営業課	外注加工費	228774534.0	540216999.0	42.3	20.9
230H10600	本社営業課	その他 直接経費	41436954.0	43147000.0	96.0	
230H10600	本社営業課	他勘定振替高	0.0	0.0		
230H10600	本社営業課	経費合計（販管費）	125961188.0	181187404.0	69.5	54.0
230H10600	本社営業課	減価償却費	0.0	0.0		
230H10600	本社営業課	車両費	8305765.0	8503476.0	97.6	91.3
230H10600	本社営業課	旅費交通費	7892074.0	7560000.0	104.3	38.1
230H10600	本社営業課	荷造運搬費	22000.0	24000.0	91.6	142.5
230H10600	本社営業課	通信費	642993.0	664023.0	96.8	90.6
230H10600	本社営業課	水道光熱費	481078.0	490054.0	98.1	80.7
230H10600	本社営業課	動力費	0.0	0.0		
230H10600	本社営業課	事務用品費	251176.0	252540.0	99.4	104.2
230H10600	本社営業課	消耗品費	60774.0	66002.0	92.0	56.3
230H10600	本社営業課	廃棄物処理料	39415.0	42941.0	91.7	68.9
230H10600	本社営業課	広告宣伝費	150000.0	180000.0	83.3	438.3
230H10600	本社営業課	接待交際費	1015223.0	1220000.0	83.2	65.9
230H10600	本社営業課	研究開発費	0.0	0.0		
230H10600	本社営業課	アフターサービス費	0.0	0.0		
230H10600	本社営業課	クレーム費	5200000.0	5000000.0	104.0	107.1
230H10600	本社営業課	賃借料	8543400.0	8543400.0	100.0	67.2
230H10600	本社営業課	賃貸料収入	0.0	0.0		
230H10600	本社営業課	修繕費	8606.0	8606.0	100.0	20.9
230H10600	本社営業課	支払リース料	15482.0	15168.0	102.0	75.2
230H10600	本社営業課	保険料	831128.0	0.0		
230H10600	本社営業課	支払報酬	0.0	0.0		0.0
230H10600	本社営業課	販売手数料	0.0	0.0		0.0
230H10600	本社営業課	支払手数料	156120.0	177000.0	88.2	154.2
230H10600	本社営業課	診断料	44000.0	49000.0	89.7	181.8
230H10600	本社営業課	諸会費	7450.0	10890.0	68.4	165.5
230H10600	本社営業課	会議費	0.0	0.0		
230H10600	本社営業課	寄付金	0.0	0.0		
230H10600	本社営業課	租税公課	195200.0	260000.0	75.0	92.9
230H10600	本社営業課	業務委託費	80000.0	0.0		
230H10600	本社営業課	業務受託収入	0.0	0.0		
230H10600	本社営業課	システム管理料	0.0	0.0		
230H10600	本社営業課	情報機器利用料	9480833.0	9478398.0	100.0	85.3
230H10600	本社営業課	貸倒金	315743.0	315743.0	100.0	23.6
230H10600	本社営業課	雑費	85155.0	91416.0	93.1	114.1
230H10600	本社営業課	福利消耗品費	110961.0	94770.0	117.0	91.9
230H10600	本社営業課	教育研修費	184249.0	774916.0	23.7	28.8
230H10600	本社営業課	廃棄損・減耗損	25000.0	25000.0	100.0	
230H10600	本社営業課	雑給	0.0	0.0		
230H10600	本社営業課	社内金利（固定資産）	0.0	0.0		
230H10600	本社営業課	社内金利（売掛金）	440873.0	360000.0	122.4	85.1
230H10600	本社営業課	社内金利（在庫）	1824.0	0.0		62.4
230H10600	本社営業課	営業口銭①（新築）	31949750.0	75000000.0	42.5	42.8
230H10600	本社営業課	営業口銭②（リフォ）	18067980.0	30000000.0	60.2	37.0
230H10600	本社営業課	開発口銭	0.0	0.0		
230H10600	本社営業課	部門共通（経費）	28788536.0	28653661.0	100.4	73.5
230H10600	本社営業課	グループ共通	2568400.0	3326400.0	77.2	67.3
230H10600	本社営業課	差引収益	28688205.0	182812596.0	15.6	25.1
230H10600	本社営業課	差引比率	1.6	5.3	30.1	57.1
230H10600	本社営業課	総時間	38306.0	38854.5	98.5	68.6
230H10600	本社営業課	定時間	23485.5	23912.0	98.2	85.7
230H10600	本社営業課	残業時間	3619.25	3671.0	98.5	98.7
230H10600	本社営業課	移動時間	-4457.5	-4425.0		
230H10600	本社営業課	部門共通（時間）	15658.75	15696.5	99.7	58.9
230H10600	本社営業課	当月時間当り	748.9	4705.0	15.9	36.7
230H10600	本社営業課	人員	12.0	12.0	100.0	80.0
230H30200	本社工務チーム	総出荷	759448200.0	1700000000.0	44.6	42.1
230H30200	本社工務チーム	社外売	759448200.0	1700000000.0	44.6	42.1
230H30200	本社工務チーム	社内売	0.0	0.0		
230H30200	本社工務チーム	社内仕入	257760326.0	467965000.0	55.0	136.2
230H30200	本社工務チーム	仕掛1	317677.0	0.0		4.8
230H30200	本社工務チーム	総生産	501370197.0	1232035000.0	40.6	31.1
230H30200	本社工務チーム	経費合計	528154191.0	1156913102.0	45.6	32.8
230H30200	本社工務チーム	経費合計(原価)	458170197.0	1032035000.0	44.3	31.6
230H30200	本社工務チーム	仕掛2	152065.0	0.0		0.2
230H30200	本社工務チーム	商品仕入高	187806644.0	448671001.0	41.8	63.6
230H30200	本社工務チーム	原材料費	0.0	0.0		
230H30200	本社工務チーム	外注加工費	228774534.0	540216999.0	42.3	20.9
230H30200	本社工務チーム	その他 直接経費	41436954.0	43147000.0	96.0	
230H30200	本社工務チーム	他勘定振替高	0.0	0.0		
230H30200	本社工務チーム	経費合計（販管費）	69983994.0	124878102.0	56.0	43.6
230H30200	本社工務チーム	減価償却費	0.0	0.0		
230H30200	本社工務チーム	車両費	4407682.0	4478400.0	98.4	97.1
230H30200	本社工務チーム	旅費交通費	709854.0	660000.0	107.5	7.0
230H30200	本社工務チーム	荷造運搬費	0.0	0.0		0.0
230H30200	本社工務チーム	通信費	112328.0	115756.0	97.0	116.5
230H30200	本社工務チーム	水道光熱費	144271.0	146963.0	98.1	104.8
230H30200	本社工務チーム	動力費	0.0	0.0		
230H30200	本社工務チーム	事務用品費	58699.0	55356.0	106.0	226.7
230H30200	本社工務チーム	消耗品費	17830.0	19791.0	90.0	54.3
230H30200	本社工務チーム	廃棄物処理料	11446.0	12877.0	88.8	67.8
230H30200	本社工務チーム	広告宣伝費	0.0	0.0		
230H30200	本社工務チーム	接待交際費	20000.0	20000.0	100.0	118.9
230H30200	本社工務チーム	研究開発費	0.0	0.0		
230H30200	本社工務チーム	アフターサービス費	0.0	0.0		
230H30200	本社工務チーム	クレーム費	0.0	0.0		
230H30200	本社工務チーム	賃借料	2562000.0	2562000.0	100.0	53.7
230H30200	本社工務チーム	賃貸料収入	0.0	0.0		
230H30200	本社工務チーム	修繕費	2581.0	2581.0	100.0	6.2
230H30200	本社工務チーム	支払リース料	4644.0	4550.0	102.0	97.8
230H30200	本社工務チーム	保険料	831006.0	0.0		
230H30200	本社工務チーム	支払報酬	0.0	0.0		0.0
230H30200	本社工務チーム	販売手数料	0.0	0.0		0.0
230H30200	本社工務チーム	支払手数料	33000.0	33000.0	100.0	98.9
230H30200	本社工務チーム	診断料	0.0	0.0		
230H30200	本社工務チーム	諸会費	3250.0	3750.0	86.6	216.6
230H30200	本社工務チーム	会議費	0.0	0.0		
230H30200	本社工務チーム	寄付金	0.0	0.0		
230H30200	本社工務チーム	租税公課	0.0	0.0		
230H30200	本社工務チーム	業務委託費	0.0	0.0		
230H30200	本社工務チーム	業務受託収入	0.0	0.0		
230H30200	本社工務チーム	システム管理料	0.0	0.0		
230H30200	本社工務チーム	情報機器利用料	1960985.0	1960986.0	99.9	109.7
230H30200	本社工務チーム	貸倒金	0.0	0.0		
230H30200	本社工務チーム	雑費	5820.0	5820.0	100.0	96.6
230H30200	本社工務チーム	福利消耗品費	37706.0	32930.0	114.5	174.3
230H30200	本社工務チーム	教育研修費	38924.0	56276.0	69.1	402.2
230H30200	本社工務チーム	廃棄損・減耗損	0.0	0.0		
230H30200	本社工務チーム	雑給	0.0	0.0		
230H30200	本社工務チーム	社内金利（固定資産）	0.0	0.0		
230H30200	本社工務チーム	社内金利（売掛金）	0.0	0.0		
230H30200	本社工務チーム	社内金利（在庫）	0.0	0.0		
230H30200	本社工務チーム	営業口銭①（新築）	31949750.0	75000000.0	42.5	42.8
230H30200	本社工務チーム	営業口銭②（リフォ）	18067980.0	30000000.0	60.2	37.0
230H30200	本社工務チーム	開発口銭	0.0	0.0		
230H30200	本社工務チーム	部門共通（経費）	8852638.0	8797466.0	100.6	71.4
230H30200	本社工務チーム	グループ共通	151600.0	909600.0	16.6	17.2
230H30200	本社工務チーム	差引収益	-26783994.0	75121898.0		
230H30200	本社工務チーム	差引比率	-5.3	6.0		
230H30200	本社工務チーム	総時間	10931.5	11060.0	98.8	65.2
230H30200	本社工務チーム	定時間	5776.0	5856.0	98.6	101.7
230H30200	本社工務チーム	残業時間	972.75	1000.0	97.2	129.2
230H30200	本社工務チーム	移動時間	-8.75	0.0		
230H30200	本社工務チーム	部門共通（時間）	4191.5	4204.0	99.7	51.0
230H30200	本社工務チーム	当月時間当り	-2450.1	6792.2		
230H30200	本社工務チーム	人員	3.0	3.0	100.0	100.0
230A10400	東三河営業部	総受注高	3245044927.0	3860000000.0	84.0	
230A10400	東三河営業部	【新築】受注高	206265000.0	240000000.0	85.9	
230A10400	東三河営業部	【リフォ】受注高	941998928.0	1530000000.0	61.5	
230A10400	東三河営業部	【資材】受注高	2096780999.0	2090000000.0	100.3	
230A10400	東三河営業部	総売上高	3349474798.0	3860000000.0	86.7	
230A10400	東三河営業部	【新築】売上高	175531000.0	240000000.0	73.1	
230A10400	東三河営業部	【リフォ】売上高	1080882231.0	1530000000.0	70.6	
230A10400	東三河営業部	【資材】売上高	2093061567.0	2090000000.0	100.1	
230A10400	東三河営業部	【新築】インセンティブ	0.0	0.0		
230A10400	東三河営業部	【リフォ】インセンティブ	0.0	0.0		
230A10400	東三河営業部	【資材】インセンティブ	0.0	0.0		
230A10400	東三河営業部	収益①（営業口銭）	171006867.0	241500000.0	70.8	
230A10400	東三河営業部	【新築】収益①(営業口銭)	8874550.0	12000000.0	73.9	
230A10400	東三河営業部	【リフォ】収益①(営業口銭)	162132317.0	229500000.0	70.6	
230A10400	東三河営業部	【資材】売上原価	1630132269.0	1636000000.0	99.6	
230A10400	東三河営業部	収益②（資材）	462929298.0	454000000.0	101.9	
230A10400	東三河営業部	総収益	633936165.0	695500000.0	91.1	
230A10400	東三河営業部	総出荷	1256413231.0	1770000000.0	70.9	
230A10400	東三河営業部	社外売	1256413231.0	1770000000.0	70.9	
230A10400	東三河営業部	社内売	0.0	0.0		
230A10400	東三河営業部	社内仕入	141416646.0	190698000.0	74.1	
230A10400	東三河営業部	仕掛1	0.0	0.0		
230A10400	東三河営業部	総生産	1114996585.0	1579302000.0	70.6	
230A10400	東三河営業部	経費合計	1267238340.0	1668454716.0	75.9	
230A10400	東三河営業部	経費合計(原価)	802711076.0	1134302000.0	70.7	
230A10400	東三河営業部	仕掛2	0.0	0.0		
230A10400	東三河営業部	商品仕入高	405276008.0	579511000.0	69.9	
230A10400	東三河営業部	原材料費	0.0	0.0		
230A10400	東三河営業部	外注加工費	385766924.0	542391000.0	71.1	
230A10400	東三河営業部	その他 直接経費	11668144.0	12400000.0	94.0	
230A10400	東三河営業部	他勘定振替高	0.0	0.0		
230A10400	東三河営業部	経費合計（販管費）	464527264.0	534152716.0	86.9	
230A10400	東三河営業部	減価償却費	748252.0	747971.0	100.0	
230A10400	東三河営業部	車両費	35630060.0	35743519.0	99.6	
230A10400	東三河営業部	旅費交通費	217386.0	216000.0	100.6	
230A10400	東三河営業部	荷造運搬費	750205.0	762000.0	98.4	
230A10400	東三河営業部	通信費	4708386.0	4783500.0	98.4	
230A10400	東三河営業部	水道光熱費	5037865.0	5127000.0	98.2	
230A10400	東三河営業部	動力費	0.0	0.0		
230A10400	東三河営業部	事務用品費	2150804.0	2205000.0	97.5	
230A10400	東三河営業部	消耗品費	1869997.0	1686820.0	110.8	
230A10400	東三河営業部	廃棄物処理料	3275539.0	2967000.0	110.3	
230A10400	東三河営業部	広告宣伝費	9529814.0	9493000.0	100.3	
230A10400	東三河営業部	接待交際費	1218946.0	1266000.0	96.2	
230A10400	東三河営業部	研究開発費	0.0	0.0		
230A10400	東三河営業部	アフターサービス費	0.0	0.0		
230A10400	東三河営業部	クレーム費	8000000.0	8000000.0	100.0	
230A10400	東三河営業部	賃借料	33823760.0	33825360.0	99.9	
230A10400	東三河営業部	賃貸料収入	0.0	0.0		
230A10400	東三河営業部	修繕費	27000.0	27000.0	100.0	
230A10400	東三河営業部	支払リース料	533906.0	559200.0	95.4	
230A10400	東三河営業部	保険料	288210.0	245172.0	117.5	
230A10400	東三河営業部	支払報酬	0.0	0.0		
230A10400	東三河営業部	販売手数料	0.0	0.0		
230A10400	東三河営業部	支払手数料	5717355.0	5490400.0	104.1	
230A10400	東三河営業部	診断料	0.0	0.0		
230A10400	東三河営業部	諸会費	267600.0	264600.0	101.1	
230A10400	東三河営業部	会議費	2000.0	2000.0	100.0	
230A10400	東三河営業部	寄付金	82910.0	84000.0	98.7	
230A10400	東三河営業部	租税公課	740801.0	740000.0	100.1	
230A10400	東三河営業部	業務委託費	0.0	0.0		
230A10400	東三河営業部	業務受託収入	0.0	0.0		
230A10400	東三河営業部	システム管理料	0.0	0.0		
230A10400	東三河営業部	情報機器利用料	43605308.0	43509278.0	100.2	
230A10400	東三河営業部	貸倒金	0.0	0.0		
230A10400	東三河営業部	雑費	1117498.0	1114300.0	100.2	
230A10400	東三河営業部	福利消耗品費	625618.0	598980.0	104.4	
230A10400	東三河営業部	教育研修費	2681665.0	2804400.0	95.6	
230A10400	東三河営業部	廃棄損・減耗損	480694.0	320000.0	150.2	
230A10400	東三河営業部	雑給	0.0	0.0		
230A10400	東三河営業部	社内金利（固定資産）	221011.0	219567.0	100.6	
230A10400	東三河営業部	社内金利（売掛金）	1755060.0	1814872.0	96.7	
230A10400	東三河営業部	社内金利（在庫）	3864183.0	3704550.0	104.3	
230A10400	東三河営業部	営業口銭①（新築）	8874550.0	12000000.0	73.9	
230A10400	東三河営業部	営業口銭②（リフォ）	162132317.0	229500000.0	70.6	
230A10400	東三河営業部	開発口銭	0.0	0.0		
230A10400	東三河営業部	部門共通（経費）	104308164.0	104090827.0	100.2	
230A10400	東三河営業部	グループ共通	20240400.0	20240400.0	100.0	
230A10400	東三河営業部	差引収益	481694410.0	606347284.0	79.4	
230A10400	東三河営業部	差引比率	10.7	11.1	96.3	
230A10400	東三河営業部	総時間	198018.75	200943.25	98.5	
230A10400	東三河営業部	定時間	120349.0	122321.5	98.3	
230A10400	東三河営業部	残業時間	16498.0	16957.5	97.2	
230A10400	東三河営業部	移動時間	2407.5	2548.0	94.4	
230A10400	東三河営業部	部門共通（時間）	58764.25	59116.25	99.4	
230A10400	東三河営業部	当月時間当り	2432.5	3017.5	80.6	
230A10400	東三河営業部	人員	65.0	65.0	100.0	
100A10100	東日本営業部	総受注高	1447641021.0	2400000000.0	60.3	73.6
100A10100	東日本営業部	【新築】受注高	609080455.0	1386000000.0	43.9	56.1
100A10100	東日本営業部	【リフォ】受注高	361362649.0	574000000.0	62.9	81.6
100A10100	東日本営業部	【資材】受注高	477197917.0	440000000.0	108.4	108.9
100A10100	東日本営業部	総売上高	1727752460.0	2400000000.0	71.9	102.3
100A10100	東日本営業部	【新築】売上高	895380455.0	1400000000.0	63.9	115.5
100A10100	東日本営業部	【リフォ】売上高	379587228.0	560000000.0	67.7	79.2
100A10100	東日本営業部	【資材】売上高	453877006.0	441092000.0	102.8	104.2
100A10100	東日本営業部	【新築】インセンティブ	0.0	0.0		
100A10100	東日本営業部	【リフォ】インセンティブ	0.0	0.0		
100A10100	東日本営業部	【資材】インセンティブ	-1092229.0	-1092000.0		
100A10100	東日本営業部	収益①（営業口銭）	101707105.0	154000000.0	66.0	90.8
100A10100	東日本営業部	【新築】収益①(営業口銭)	44769022.0	70000000.0	63.9	111.8
100A10100	東日本営業部	【リフォ】収益①(営業口銭)	56938083.0	84000000.0	67.7	79.2
100A10100	東日本営業部	【資材】売上原価	372163678.0	363100000.0	102.4	102.8
100A10100	東日本営業部	収益②（資材）	80621099.0	76900000.0	104.8	112.8
100A10100	東日本営業部	総収益	182328204.0	230900000.0	78.9	99.5
100A10100	東日本営業部	総出荷	1274967683.0	1960000000.0	65.0	101.6
100A10100	東日本営業部	社外売	1274967683.0	1960000000.0	65.0	101.6
100A10100	東日本営業部	社内売	0.0	0.0		
100A10100	東日本営業部	社内仕入	316335600.0	426463440.0	74.1	160.0
100A10100	東日本営業部	仕掛1	-4807907.0	-4256344.0		
100A10100	東日本営業部	総生産	963439990.0	1537792904.0	62.6	91.2
100A10100	東日本営業部	経費合計	1007649252.0	1542631351.0	65.3	95.3
100A10100	東日本営業部	経費合計(原価)	797476582.0	1281692904.0	62.2	96.7
100A10100	東日本営業部	仕掛2	699325.0	499167.0	140.0	43.6
100A10100	東日本営業部	商品仕入高	481315211.0	733230558.0	65.6	104.2
100A10100	東日本営業部	原材料費	0.0	0.0		
100A10100	東日本営業部	外注加工費	312590236.0	546053179.0	57.2	86.6
100A10100	東日本営業部	その他 直接経費	2871810.0	1910000.0	150.3	
100A10100	東日本営業部	他勘定振替高	0.0	0.0		
100A10100	東日本営業部	経費合計（販管費）	210172670.0	260938447.0	80.5	90.2
100A10100	東日本営業部	減価償却費	419422.0	419422.0	100.0	93.6
100A10100	東日本営業部	車両費	11298622.0	11404641.0	99.0	91.1
100A10100	東日本営業部	旅費交通費	9933804.0	10160000.0	97.7	101.6
100A10100	東日本営業部	荷造運搬費	276581.0	312000.0	88.6	95.5
100A10100	東日本営業部	通信費	1764417.0	1784048.0	98.8	104.9
100A10100	東日本営業部	水道光熱費	1607588.0	1636880.0	98.2	105.9
100A10100	東日本営業部	動力費	0.0	0.0		
100A10100	東日本営業部	事務用品費	458220.0	446000.0	102.7	126.3
100A10100	東日本営業部	消耗品費	411265.0	403000.0	102.0	74.7
100A10100	東日本営業部	廃棄物処理料	0.0	0.0		
100A10100	東日本営業部	広告宣伝費	167000.0	197000.0	84.7	135.4
100A10100	東日本営業部	接待交際費	929381.0	915000.0	101.5	125.5
100A10100	東日本営業部	研究開発費	0.0	0.0		
100A10100	東日本営業部	アフターサービス費	0.0	0.0		
100A10100	東日本営業部	クレーム費	5090250.0	5000000.0	101.8	32.2
100A10100	東日本営業部	賃借料	12621729.0	11613696.0	108.6	100.6
100A10100	東日本営業部	賃貸料収入	-1368520.0	-1080000.0		
100A10100	東日本営業部	修繕費	406502.0	400000.0	101.6	46.5
100A10100	東日本営業部	支払リース料	32225.0	38727.0	83.2	100.0
100A10100	東日本営業部	保険料	18144.0	18144.0	100.0	95.4
100A10100	東日本営業部	支払報酬	900000.0	900000.0	100.0	377.2
100A10100	東日本営業部	販売手数料	0.0	0.0		0.0
100A10100	東日本営業部	支払手数料	1379120.0	767103.0	179.7	184.5
100A10100	東日本営業部	診断料	0.0	0.0		
100A10100	東日本営業部	諸会費	307250.0	334900.0	91.7	101.5
100A10100	東日本営業部	会議費	0.0	0.0		
100A10100	東日本営業部	寄付金	0.0	0.0		
100A10100	東日本営業部	租税公課	270000.0	278000.0	97.1	74.8
100A10100	東日本営業部	業務委託費	0.0	0.0		0.0
100A10100	東日本営業部	業務受託収入	0.0	0.0		
100A10100	東日本営業部	システム管理料	0.0	0.0		
100A10100	東日本営業部	情報機器利用料	11331770.0	10865760.0	104.2	115.6
100A10100	東日本営業部	貸倒金	0.0	0.0		
100A10100	東日本営業部	雑費	230492.0	204000.0	112.9	121.7
100A10100	東日本営業部	福利消耗品費	109893.0	224300.0	48.9	44.8
100A10100	東日本営業部	教育研修費	289386.0	278940.0	103.7	95.2
100A10100	東日本営業部	廃棄損・減耗損	0.0	0.0		0.0
100A10100	東日本営業部	雑給	0.0	0.0		
100A10100	東日本営業部	社内金利（固定資産）	152139.0	156000.0	97.5	114.5
100A10100	東日本営業部	社内金利（売掛金）	787422.0	765000.0	102.9	107.8
100A10100	東日本営業部	社内金利（在庫）	130272.0	120000.0	108.5	92.7
100A10100	東日本営業部	営業口銭①（新築）	44769022.0	70000000.0	63.9	111.8
100A10100	東日本営業部	営業口銭②（リフォ）	56938083.0	84000000.0	67.7	79.2
100A10100	東日本営業部	開発口銭	0.0	0.0		
100A10100	東日本営業部	部門共通（経費）	43972791.0	43837486.0	100.3	94.0
100A10100	東日本営業部	グループ共通	4538400.0	4538400.0	100.0	102.9
100A10100	東日本営業部	差引収益	138118942.0	226061553.0	61.0	75.7
100A10100	東日本営業部	差引比率	5.1	5.7	89.4	77.2
100A10100	東日本営業部	総時間	59892.75	59748.75	100.2	98.6
100A10100	東日本営業部	定時間	29007.25	29128.0	99.5	111.4
100A10100	東日本営業部	残業時間	5078.75	4841.0	104.9	101.2
100A10100	東日本営業部	移動時間	318.25	224.0	142.0	16.7
100A10100	東日本営業部	部門共通（時間）	25488.5	25555.75	99.7	91.7
100A10100	東日本営業部	当月時間当り	2306.1	3783.5	60.9	76.8
100A10100	東日本営業部	人員	15.0	15.0	100.0	100.0
230P10100	東海支援課	総出荷	0.0	0.0		
230P10100	東海支援課	社外売	0.0	0.0		
230P10100	東海支援課	社内売	0.0	0.0		
230P10100	東海支援課	社内仕入	0.0	0.0		
230P10100	東海支援課	仕掛1	0.0	0.0		
230P10100	東海支援課	総生産	0.0	0.0		
230P10100	東海支援課	経費合計	0.0	0.0		
230P10100	東海支援課	経費合計(原価)	0.0	0.0		
230P10100	東海支援課	仕掛2	0.0	0.0		
230P10100	東海支援課	商品仕入高	0.0	0.0		
230P10100	東海支援課	原材料費	0.0	0.0		
230P10100	東海支援課	外注加工費	0.0	0.0		
230P10100	東海支援課	その他 直接経費	0.0	0.0		
230P10100	東海支援課	他勘定振替高	0.0	0.0		
230P10100	東海支援課	経費合計（販管費）	0.0	0.0		
230P10100	東海支援課	減価償却費	0.0	0.0		
230P10100	東海支援課	車両費	3185464.0	3214000.0	99.1	105.9
230P10100	東海支援課	旅費交通費	2410580.0	2612200.0	92.2	213.3
230P10100	東海支援課	荷造運搬費	0.0	0.0		0.0
230P10100	東海支援課	通信費	231918.0	237144.0	97.7	120.3
230P10100	東海支援課	水道光熱費	148219.0	157000.0	94.4	114.0
230P10100	東海支援課	動力費	0.0	0.0		
230P10100	東海支援課	事務用品費	52282.0	56000.0	93.3	125.7
230P10100	東海支援課	消耗品費	77372.0	71500.0	108.2	207.1
230P10100	東海支援課	廃棄物処理料	0.0	0.0		
230P10100	東海支援課	広告宣伝費	0.0	0.0		0.0
230P10100	東海支援課	接待交際費	66000.0	69000.0	95.6	139.7
230P10100	東海支援課	研究開発費	0.0	0.0		
230P10100	東海支援課	アフターサービス費	0.0	0.0		
230P10100	東海支援課	クレーム費	0.0	0.0		
230P10100	東海支援課	賃借料	1641600.0	1641600.0	100.0	114.2
230P10100	東海支援課	賃貸料収入	0.0	0.0		
230P10100	東海支援課	修繕費	0.0	0.0		
230P10100	東海支援課	支払リース料	0.0	0.0		
230P10100	東海支援課	保険料	5630.0	6756.0	83.3	
230P10100	東海支援課	支払報酬	0.0	0.0		
230P10100	東海支援課	販売手数料	0.0	0.0		
230P10100	東海支援課	支払手数料	25724.0	31812.0	80.8	91.0
230P10100	東海支援課	診断料	0.0	0.0		
230P10100	東海支援課	諸会費	101000.0	83500.0	120.9	103.5
230P10100	東海支援課	会議費	0.0	0.0		
230P10100	東海支援課	寄付金	0.0	0.0		
230P10100	東海支援課	租税公課	0.0	0.0		
230P10100	東海支援課	業務委託費	0.0	0.0		
230P10100	東海支援課	業務受託収入	-180000.0	-180000.0		
230P10100	東海支援課	システム管理料	0.0	0.0		
230P10100	東海支援課	情報機器利用料	3834252.0	3824988.0	100.2	115.8
230P10100	東海支援課	貸倒金	0.0	0.0		
230P10100	東海支援課	雑費	24246.0	24398.0	99.3	109.2
230P10100	東海支援課	福利消耗品費	4300.0	33000.0	13.0	9.2
230P10100	東海支援課	教育研修費	100950.0	100800.0	100.1	114.8
230P10100	東海支援課	廃棄損・減耗損	0.0	0.0		
230P10100	東海支援課	雑給	0.0	0.0		
230P10100	東海支援課	社内金利（固定資産）	0.0	0.0		
230P10100	東海支援課	社内金利（売掛金）	0.0	0.0		
230P10100	東海支援課	社内金利（在庫）	0.0	0.0		
230P10100	東海支援課	営業口銭①（新築）	0.0	0.0		
230P10100	東海支援課	営業口銭②（リフォ）	0.0	0.0		
230P10100	東海支援課	開発口銭	0.0	0.0		
230P10100	東海支援課	部門共通（経費）	-14146337.0	-14400498.0		
230P10100	東海支援課	グループ共通	2416800.0	2416800.0	100.0	117.5
230P10100	東海支援課	差引収益	0.0	0.0		
230P10100	東海支援課	差引比率	0.0	0.0		
230P10100	東海支援課	総時間	0.0	0.0		
230P10100	東海支援課	定時間	16194.0	16427.0	98.5	107.8
230P10100	東海支援課	残業時間	2217.0	2212.0	100.2	107.4
230P10100	東海支援課	移動時間	-134.0	-126.0		
230P10100	東海支援課	部門共通（時間）	-18277.0	-18513.0		
230P10100	東海支援課	当月時間当り	0.0	0.0		
230P10100	東海支援課	人員	9.0	9.0	100.0	100.0
220C10100	浜松営業チーム	総受注高	886278336.0	1090000000.0	81.3	73.5
220C10100	浜松営業チーム	【新築】受注高	195540000.0	370000000.0	52.8	35.6
220C10100	浜松営業チーム	【リフォ】受注高	252248689.0	300000000.0	84.0	103.3
220C10100	浜松営業チーム	【資材】受注高	438489647.0	420000000.0	104.4	106.1
220C10100	浜松営業チーム	総売上高	1030647862.0	1090000000.0	94.5	93.5
220C10100	浜松営業チーム	【新築】売上高	335440000.0	370000000.0	90.6	78.8
220C10100	浜松営業チーム	【リフォ】売上高	272377557.0	300000000.0	90.7	106.5
220C10100	浜松営業チーム	【資材】売上高	422830305.0	420000000.0	100.6	100.6
220C10100	浜松営業チーム	【新築】インセンティブ	0.0	0.0		
220C10100	浜松営業チーム	【リフォ】インセンティブ	0.0	0.0		
220C10100	浜松営業チーム	【資材】インセンティブ	0.0	0.0		
220C10100	浜松営業チーム	収益①（営業口銭）	57628631.0	63500000.0	90.7	96.7
220C10100	浜松営業チーム	【新築】収益①(営業口銭)	16772000.0	18500000.0	90.6	78.8
220C10100	浜松営業チーム	【リフォ】収益①(営業口銭)	40856631.0	45000000.0	90.7	106.6
220C10100	浜松営業チーム	【資材】売上原価	338509656.0	336000000.0	100.7	98.5
220C10100	浜松営業チーム	収益②（資材）	84320649.0	84000000.0	100.3	109.6
220C10100	浜松営業チーム	総収益	141949280.0	147500000.0	96.2	104.0
220C10100	浜松営業チーム	経費合計	60380198.0	61212343.0	98.6	99.7
220C10100	浜松営業チーム	減価償却費	287355.0	252390.0	113.8	80.3
220C10100	浜松営業チーム	車両費	9576361.0	9646144.0	99.2	94.1
220C10100	浜松営業チーム	旅費交通費	3426551.0	3545700.0	96.6	88.1
220C10100	浜松営業チーム	荷造運搬費	33965.0	36000.0	94.3	4.7
220C10100	浜松営業チーム	通信費	1111657.0	1114702.0	99.7	96.6
220C10100	浜松営業チーム	水道光熱費	611883.0	628722.0	97.3	97.9
220C10100	浜松営業チーム	動力費	0.0	0.0		
220C10100	浜松営業チーム	事務用品費	379466.0	383182.0	99.0	94.4
220C10100	浜松営業チーム	消耗品費	1533862.0	1340834.0	114.3	366.4
220C10100	浜松営業チーム	廃棄物処理料	555344.0	563600.0	98.5	25.4
220C10100	浜松営業チーム	広告宣伝費	127449.0	127449.0	100.0	100.7
220C10100	浜松営業チーム	接待交際費	323167.0	327669.0	98.6	82.1
220C10100	浜松営業チーム	研究開発費	0.0	0.0		
220C10100	浜松営業チーム	アフターサービス費	0.0	0.0		
220C10100	浜松営業チーム	クレーム費	2000000.0	2000000.0	100.0	171.5
220C10100	浜松営業チーム	賃借料	7656000.0	7656000.0	100.0	100.0
220C10100	浜松営業チーム	賃貸料収入	-386880.0	-386880.0		
220C10100	浜松営業チーム	修繕費	0.0	1129000.0	0.0	0.0
220C10100	浜松営業チーム	支払リース料	80640.0	80640.0	100.0	100.0
220C10100	浜松営業チーム	保険料	32784.0	32964.0	99.4	117.5
220C10100	浜松営業チーム	支払報酬	109091.0	109091.0	100.0	66.6
220C10100	浜松営業チーム	販売手数料	0.0	0.0		
220C10100	浜松営業チーム	支払手数料	609517.0	596580.0	102.1	94.6
220C10100	浜松営業チーム	診断料	0.0	0.0		
220C10100	浜松営業チーム	諸会費	106700.0	81700.0	130.5	129.8
220C10100	浜松営業チーム	会議費	0.0	0.0		
220C10100	浜松営業チーム	寄付金	15000.0	15000.0	100.0	100.0
220C10100	浜松営業チーム	租税公課	216279.0	218379.0	99.0	76.2
220C10100	浜松営業チーム	業務委託費	0.0	0.0		
220C10100	浜松営業チーム	業務受託収入	0.0	0.0		
220C10100	浜松営業チーム	システム管理料	0.0	0.0		
220C10100	浜松営業チーム	情報機器利用料	7504500.0	7502580.0	100.0	93.6
220C10100	浜松営業チーム	貸倒金	0.0	0.0		0.0
220C10100	浜松営業チーム	雑費	542452.0	518953.0	104.5	298.7
220C10100	浜松営業チーム	福利消耗品費	152419.0	134645.0	113.2	70.6
220C10100	浜松営業チーム	教育研修費	71952.0	34452.0	208.8	83.2
220C10100	浜松営業チーム	廃棄損・減耗損	136961.0	60000.0	228.2	773.8
220C10100	浜松営業チーム	雑給	0.0	0.0		
220C10100	浜松営業チーム	社内金利（固定資産）	82785.0	76660.0	107.9	87.4
220C10100	浜松営業チーム	社内金利（売掛金）	790358.0	803058.0	98.4	110.0
220C10100	浜松営業チーム	社内金利（在庫）	670682.0	589346.0	113.8	110.5
220C10100	浜松営業チーム	開発口銭	0.0	0.0		
220C10100	浜松営業チーム	部門共通（経費）	18705098.0	18676983.0	100.1	116.5
220C10100	浜松営業チーム	グループ共通	3316800.0	3316800.0	100.0	80.6
220C10100	浜松営業チーム	差引収益	81569082.0	86287657.0	94.5	107.4
220C10100	浜松営業チーム	差引比率	7.9	7.9	100.0	116.1
220C10100	浜松営業チーム	総時間	35071.75	33265.75	105.4	96.7
220C10100	浜松営業チーム	定時間	21270.75	19666.0	108.1	97.4
220C10100	浜松営業チーム	残業時間	3134.5	2909.0	107.7	88.7
220C10100	浜松営業チーム	移動時間	-964.0	-994.0		
220C10100	浜松営業チーム	部門共通（時間）	11630.5	11684.75	99.5	105.1
220C10100	浜松営業チーム	当月時間当り	2325.7	2593.8	89.6	111.0
220C10100	浜松営業チーム	人員	11.0	11.0	100.0	91.6
220C10200	浜松営業課	総受注高	886278336.0	1090000000.0	81.3	73.5
220C10200	浜松営業課	【新築】受注高	195540000.0	370000000.0	52.8	35.6
220C10200	浜松営業課	【リフォ】受注高	252248689.0	300000000.0	84.0	103.3
220C10200	浜松営業課	【資材】受注高	438489647.0	420000000.0	104.4	106.1
220C10200	浜松営業課	総売上高	1030647862.0	1090000000.0	94.5	93.5
220C10200	浜松営業課	【新築】売上高	335440000.0	370000000.0	90.6	78.8
220C10200	浜松営業課	【リフォ】売上高	272377557.0	300000000.0	90.7	106.5
220C10200	浜松営業課	【資材】売上高	422830305.0	420000000.0	100.6	100.6
220C10200	浜松営業課	【新築】インセンティブ	0.0	0.0		
220C10200	浜松営業課	【リフォ】インセンティブ	0.0	0.0		
220C10200	浜松営業課	【資材】インセンティブ	0.0	0.0		
220C10200	浜松営業課	収益①（営業口銭）	57628631.0	63500000.0	90.7	96.7
220C10200	浜松営業課	【新築】収益①(営業口銭)	16772000.0	18500000.0	90.6	78.8
220C10200	浜松営業課	【リフォ】収益①(営業口銭)	40856631.0	45000000.0	90.7	106.6
220C10200	浜松営業課	【資材】売上原価	338509656.0	336000000.0	100.7	98.5
220C10200	浜松営業課	収益②（資材）	84320649.0	84000000.0	100.3	109.6
220C10200	浜松営業課	総収益	141949280.0	147500000.0	96.2	104.0
220C10200	浜松営業課	総出荷	607817557.0	670000000.0	90.7	89.2
220C10200	浜松営業課	社外売	607817557.0	670000000.0	90.7	89.2
220C10200	浜松営業課	社内売	0.0	0.0		
220C10200	浜松営業課	社内仕入	80439727.0	123035959.0	65.3	34.4
220C10200	浜松営業課	仕掛1	0.0	15864041.0	0.0	
220C10200	浜松営業課	総生産	527377830.0	531100000.0	99.2	114.3
220C10200	浜松営業課	経費合計	579547579.0	555333306.0	104.3	121.2
220C10200	浜松営業課	経費合計(原価)	441660490.0	411100000.0	107.4	130.2
220C10200	浜松営業課	仕掛2	127535050.0	124221764.0	102.6	
220C10200	浜松営業課	商品仕入高	114391397.0	130475519.0	87.6	67.4
220C10200	浜松営業課	原材料費	0.0	0.0		
220C10200	浜松営業課	外注加工費	192261471.0	151067717.0	127.2	65.6
220C10200	浜松営業課	その他 直接経費	7472572.0	5335000.0	140.0	
220C10200	浜松営業課	他勘定振替高	0.0	0.0		
220C10200	浜松営業課	経費合計（販管費）	137887089.0	144233306.0	95.6	99.0
220C10200	浜松営業課	減価償却費	610255.0	639870.0	95.3	170.6
220C10200	浜松営業課	車両費	13478456.0	13594368.0	99.1	90.5
220C10200	浜松営業課	旅費交通費	5040661.0	4965700.0	101.5	89.1
220C10200	浜松営業課	荷造運搬費	180525.0	156000.0	115.7	21.5
220C10200	浜松営業課	通信費	1230778.0	1233950.0	99.7	95.9
220C10200	浜松営業課	水道光熱費	736294.0	753042.0	97.7	96.3
220C10200	浜松営業課	動力費	0.0	0.0		
220C10200	浜松営業課	事務用品費	444335.0	452782.0	98.1	95.7
220C10200	浜松営業課	消耗品費	2161175.0	1935628.0	111.6	260.5
220C10200	浜松営業課	廃棄物処理料	768064.0	563600.0	136.2	28.7
220C10200	浜松営業課	広告宣伝費	127449.0	127449.0	100.0	100.7
220C10200	浜松営業課	接待交際費	343167.0	347669.0	98.7	83.6
220C10200	浜松営業課	研究開発費	0.0	0.0		
220C10200	浜松営業課	アフターサービス費	0.0	0.0		
220C10200	浜松営業課	クレーム費	2000000.0	2000000.0	100.0	171.5
220C10200	浜松営業課	賃借料	8882400.0	8815680.0	100.7	99.8
220C10200	浜松営業課	賃貸料収入	-453600.0	-386880.0		
220C10200	浜松営業課	修繕費	50000.0	1179000.0	4.2	26.2
220C10200	浜松営業課	支払リース料	100800.0	100800.0	100.0	100.0
220C10200	浜松営業課	保険料	32784.0	32964.0	99.4	117.5
220C10200	浜松営業課	支払報酬	109091.0	109091.0	100.0	66.6
220C10200	浜松営業課	販売手数料	0.0	0.0		
220C10200	浜松営業課	支払手数料	648397.0	635460.0	102.0	94.3
220C10200	浜松営業課	診断料	0.0	0.0		
220C10200	浜松営業課	諸会費	108200.0	83200.0	130.0	129.2
220C10200	浜松営業課	会議費	0.0	0.0		
220C10200	浜松営業課	寄付金	15000.0	15000.0	100.0	100.0
220C10200	浜松営業課	租税公課	216279.0	218379.0	99.0	76.2
220C10200	浜松営業課	業務委託費	0.0	0.0		
220C10200	浜松営業課	業務受託収入	0.0	0.0		
220C10200	浜松営業課	システム管理料	0.0	0.0		
220C10200	浜松営業課	情報機器利用料	9465420.0	9471780.0	99.9	95.1
220C10200	浜松営業課	貸倒金	0.0	0.0		0.0
220C10200	浜松営業課	雑費	549332.0	525673.0	104.5	239.4
220C10200	浜松営業課	福利消耗品費	188124.0	176065.0	106.8	70.7
220C10200	浜松営業課	教育研修費	180752.0	143252.0	126.1	42.8
220C10200	浜松営業課	廃棄損・減耗損	136961.0	60000.0	228.2	773.8
220C10200	浜松営業課	雑給	0.0	0.0		
220C10200	浜松営業課	社内金利（固定資産）	82785.0	76660.0	107.9	87.4
220C10200	浜松営業課	社内金利（売掛金）	790358.0	803058.0	98.4	110.0
220C10200	浜松営業課	社内金利（在庫）	670682.0	589346.0	113.8	110.5
220C10200	浜松営業課	営業口銭①（新築）	16772000.0	18500000.0	90.6	78.8
220C10200	浜松営業課	営業口銭②（リフォ）	40856631.0	45000000.0	90.7	106.6
220C10200	浜松営業課	開発口銭	0.0	0.0		
220C10200	浜松営業課	部門共通（経費）	27137134.0	27088320.0	100.1	120.3
220C10200	浜松営業課	グループ共通	4226400.0	4226400.0	100.0	84.6
220C10200	浜松営業課	差引収益	89779531.0	123266694.0	72.8	75.0
220C10200	浜松営業課	差引比率	5.7	7.6	75.0	75.0
220C10200	浜松営業課	総時間	47675.0	45894.75	103.8	99.0
220C10200	浜松営業課	定時間	26642.75	25134.0	106.0	92.7
220C10200	浜松営業課	残業時間	4286.75	4016.0	106.7	86.6
220C10200	浜松営業課	移動時間	884.0	822.0	107.5	206.9
220C10200	浜松営業課	部門共通（時間）	15861.5	15922.75	99.6	113.2
220C10200	浜松営業課	当月時間当り	1883.1	2685.8	70.1	75.7
220C10200	浜松営業課	人員	14.0	14.0	100.0	87.5
220C30101	浜松工務チーム	総出荷	607817557.0	670000000.0	90.7	89.2
220C30101	浜松工務チーム	社外売	607817557.0	670000000.0	90.7	89.2
220C30101	浜松工務チーム	社内売	0.0	0.0		
220C30101	浜松工務チーム	社内仕入	80439727.0	123035959.0	65.3	34.4
220C30101	浜松工務チーム	仕掛1	0.0	15864041.0	0.0	
220C30101	浜松工務チーム	総生産	527377830.0	531100000.0	99.2	114.3
220C30101	浜松工務チーム	経費合計	519167381.0	494120963.0	105.0	124.3
220C30101	浜松工務チーム	経費合計(原価)	441660490.0	411100000.0	107.4	130.2
220C30101	浜松工務チーム	仕掛2	127535050.0	124221764.0	102.6	
220C30101	浜松工務チーム	商品仕入高	114391397.0	130475519.0	87.6	67.4
220C30101	浜松工務チーム	原材料費	0.0	0.0		
220C30101	浜松工務チーム	外注加工費	192261471.0	151067717.0	127.2	65.6
220C30101	浜松工務チーム	その他 直接経費	7472572.0	5335000.0	140.0	
220C30101	浜松工務チーム	他勘定振替高	0.0	0.0		
220C30101	浜松工務チーム	経費合計（販管費）	77506891.0	83020963.0	93.3	98.5
220C30101	浜松工務チーム	減価償却費	322900.0	387480.0	83.3	
220C30101	浜松工務チーム	車両費	3902095.0	3948224.0	98.8	82.6
220C30101	浜松工務チーム	旅費交通費	1614110.0	1420000.0	113.6	91.2
220C30101	浜松工務チーム	荷造運搬費	146560.0	120000.0	122.1	111.8
220C30101	浜松工務チーム	通信費	119121.0	119248.0	99.8	89.9
220C30101	浜松工務チーム	水道光熱費	124411.0	124320.0	100.0	89.1
220C30101	浜松工務チーム	動力費	0.0	0.0		
220C30101	浜松工務チーム	事務用品費	64869.0	69600.0	93.2	104.5
220C30101	浜松工務チーム	消耗品費	627313.0	594794.0	105.4	152.7
220C30101	浜松工務チーム	廃棄物処理料	212720.0	0.0		42.8
220C30101	浜松工務チーム	広告宣伝費	0.0	0.0		
220C30101	浜松工務チーム	接待交際費	20000.0	20000.0	100.0	118.9
220C30101	浜松工務チーム	研究開発費	0.0	0.0		
220C30101	浜松工務チーム	アフターサービス費	0.0	0.0		
220C30101	浜松工務チーム	クレーム費	0.0	0.0		
220C30101	浜松工務チーム	賃借料	1226400.0	1159680.0	105.7	98.9
220C30101	浜松工務チーム	賃貸料収入	-66720.0	0.0		
220C30101	浜松工務チーム	修繕費	50000.0	50000.0	100.0	26.6
220C30101	浜松工務チーム	支払リース料	20160.0	20160.0	100.0	100.0
220C30101	浜松工務チーム	保険料	0.0	0.0		
220C30101	浜松工務チーム	支払報酬	0.0	0.0		
220C30101	浜松工務チーム	販売手数料	0.0	0.0		
220C30101	浜松工務チーム	支払手数料	38880.0	38880.0	100.0	90.3
220C30101	浜松工務チーム	診断料	0.0	0.0		
220C30101	浜松工務チーム	諸会費	1500.0	1500.0	100.0	100.0
220C30101	浜松工務チーム	会議費	0.0	0.0		
220C30101	浜松工務チーム	寄付金	0.0	0.0		
220C30101	浜松工務チーム	租税公課	0.0	0.0		
220C30101	浜松工務チーム	業務委託費	0.0	0.0		
220C30101	浜松工務チーム	業務受託収入	0.0	0.0		
220C30101	浜松工務チーム	システム管理料	0.0	0.0		
220C30101	浜松工務チーム	情報機器利用料	1960920.0	1969200.0	99.5	101.0
220C30101	浜松工務チーム	貸倒金	0.0	0.0		
220C30101	浜松工務チーム	雑費	6880.0	6720.0	102.3	14.3
220C30101	浜松工務チーム	福利消耗品費	35705.0	41420.0	86.2	71.3
220C30101	浜松工務チーム	教育研修費	108800.0	108800.0	100.0	32.4
220C30101	浜松工務チーム	廃棄損・減耗損	0.0	0.0		
220C30101	浜松工務チーム	雑給	0.0	0.0		
220C30101	浜松工務チーム	社内金利（固定資産）	0.0	0.0		
220C30101	浜松工務チーム	社内金利（売掛金）	0.0	0.0		
220C30101	浜松工務チーム	社内金利（在庫）	0.0	0.0		
220C30101	浜松工務チーム	営業口銭①（新築）	16772000.0	18500000.0	90.6	78.8
220C30101	浜松工務チーム	営業口銭②（リフォ）	40856631.0	45000000.0	90.7	106.6
220C30101	浜松工務チーム	開発口銭	0.0	0.0		
220C30101	浜松工務チーム	部門共通（経費）	8432036.0	8411337.0	100.2	129.6
220C30101	浜松工務チーム	グループ共通	909600.0	909600.0	100.0	103.4
220C30101	浜松工務チーム	差引収益	8210449.0	36979037.0	22.2	18.7
220C30101	浜松工務チーム	差引比率	1.5	6.9	21.7	15.9
220C30101	浜松工務チーム	総時間	12603.25	12629.0	99.7	106.3
220C30101	浜松工務チーム	定時間	5372.0	5468.0	98.2	77.9
220C30101	浜松工務チーム	残業時間	1152.25	1107.0	104.0	81.5
220C30101	浜松工務チーム	移動時間	1848.0	1816.0	101.7	308.0
220C30101	浜松工務チーム	部門共通（時間）	4231.0	4238.0	99.8	143.5
220C30101	浜松工務チーム	当月時間当り	651.4	2928.1	22.2	17.6
220C30101	浜松工務チーム	人員	3.0	3.0	100.0	75.0
230A10200	渥美営業チーム	総受注高	884453892.0	1070000000.0	82.6	82.1
230A10200	渥美営業チーム	【新築】受注高	22740000.0	20000000.0	113.7	20.1
230A10200	渥美営業チーム	【リフォ】受注高	324616043.0	510000000.0	63.6	68.1
230A10200	渥美営業チーム	【資材】受注高	537097849.0	540000000.0	99.4	110.2
230A10200	渥美営業チーム	総売上高	842079828.0	1070000000.0	78.6	75.9
230A10200	渥美営業チーム	【新築】売上高	14040000.0	20000000.0	70.2	12.2
230A10200	渥美営業チーム	【リフォ】売上高	296131940.0	510000000.0	58.0	57.5
230A10200	渥美営業チーム	【資材】売上高	531907888.0	540000000.0	98.5	111.0
230A10200	渥美営業チーム	【新築】インセンティブ	0.0	0.0		
230A10200	渥美営業チーム	【リフォ】インセンティブ	0.0	0.0		
230A10200	渥美営業チーム	【資材】インセンティブ	0.0	0.0		
230A10200	渥美営業チーム	収益①（営業口銭）	45121789.0	77500000.0	58.2	53.8
230A10200	渥美営業チーム	【新築】収益①(営業口銭)	702000.0	1000000.0	70.2	10.8
230A10200	渥美営業チーム	【リフォ】収益①(営業口銭)	44419789.0	76500000.0	58.0	57.5
230A10200	渥美営業チーム	【資材】売上原価	412087300.0	421000000.0	97.8	108.5
230A10200	渥美営業チーム	収益②（資材）	119820588.0	119000000.0	100.6	120.4
230A10200	渥美営業チーム	総収益	164942377.0	196500000.0	83.9	90.0
230A10200	渥美営業チーム	経費合計	60599486.0	60643462.0	99.9	109.1
230A10200	渥美営業チーム	減価償却費	8278.0	8278.0	100.0	92.6
230A10200	渥美営業チーム	車両費	7213169.0	7327500.0	98.4	91.6
230A10200	渥美営業チーム	旅費交通費	145000.0	180000.0	80.5	95.8
230A10200	渥美営業チーム	荷造運搬費	239014.0	240000.0	99.5	117.9
230A10200	渥美営業チーム	通信費	1179175.0	1202000.0	98.1	101.5
230A10200	渥美営業チーム	水道光熱費	1280458.0	1266000.0	101.1	106.6
230A10200	渥美営業チーム	動力費	0.0	0.0		
230A10200	渥美営業チーム	事務用品費	569099.0	590000.0	96.4	111.5
230A10200	渥美営業チーム	消耗品費	321721.0	290000.0	110.9	110.1
230A10200	渥美営業チーム	廃棄物処理料	896327.0	855000.0	104.8	106.4
230A10200	渥美営業チーム	広告宣伝費	2811654.0	2820000.0	99.7	104.4
230A10200	渥美営業チーム	接待交際費	439850.0	460000.0	95.6	101.1
230A10200	渥美営業チーム	研究開発費	0.0	0.0		
230A10200	渥美営業チーム	アフターサービス費	0.0	0.0		
230A10200	渥美営業チーム	クレーム費	3300000.0	3300000.0	100.0	664.2
230A10200	渥美営業チーム	賃借料	5990400.0	5990400.0	100.0	91.7
230A10200	渥美営業チーム	賃貸料収入	0.0	0.0		
230A10200	渥美営業チーム	修繕費	0.0	0.0		
230A10200	渥美営業チーム	支払リース料	82820.0	83640.0	99.0	99.0
230A10200	渥美営業チーム	保険料	60084.0	60084.0	100.0	105.1
230A10200	渥美営業チーム	支払報酬	0.0	0.0		
230A10200	渥美営業チーム	販売手数料	0.0	0.0		0.0
230A10200	渥美営業チーム	支払手数料	460608.0	456000.0	101.0	107.6
230A10200	渥美営業チーム	診断料	0.0	0.0		
230A10200	渥美営業チーム	諸会費	80000.0	77500.0	103.2	103.2
230A10200	渥美営業チーム	会議費	0.0	0.0		
230A10200	渥美営業チーム	寄付金	10000.0	10000.0	100.0	100.0
230A10200	渥美営業チーム	租税公課	110000.0	120000.0	91.6	117.2
230A10200	渥美営業チーム	業務委託費	0.0	0.0		
230A10200	渥美営業チーム	業務受託収入	0.0	0.0		
230A10200	渥美営業チーム	システム管理料	0.0	0.0		
230A10200	渥美営業チーム	情報機器利用料	9447552.0	9447552.0	100.0	98.6
230A10200	渥美営業チーム	貸倒金	0.0	0.0		
230A10200	渥美営業チーム	雑費	214928.0	208000.0	103.3	111.5
230A10200	渥美営業チーム	福利消耗品費	151564.0	105500.0	143.6	67.8
230A10200	渥美営業チーム	教育研修費	373821.0	387000.0	96.5	104.3
230A10200	渥美営業チーム	廃棄損・減耗損	5600.0	0.0		2.5
230A10200	渥美営業チーム	雑給	0.0	0.0		
230A10200	渥美営業チーム	社内金利（固定資産）	6620.0	6623.0	99.9	95.2
230A10200	渥美営業チーム	社内金利（売掛金）	239914.0	238372.0	100.6	61.5
230A10200	渥美営業チーム	社内金利（在庫）	1344485.0	1333550.0	100.8	112.6
230A10200	渥美営業チーム	開発口銭	0.0	0.0		
230A10200	渥美営業チーム	部門共通（経費）	19390945.0	19354063.0	100.1	125.0
230A10200	渥美営業チーム	グループ共通	4226400.0	4226400.0	100.0	89.8
230A10200	渥美営業チーム	差引収益	104342891.0	135856538.0	76.8	81.7
230A10200	渥美営業チーム	差引比率	12.3	12.6	97.6	106.9
230A10200	渥美営業チーム	総時間	39310.25	41620.0	94.4	104.6
230A10200	渥美営業チーム	定時間	25547.5	27568.0	92.6	102.7
230A10200	渥美営業チーム	残業時間	3525.75	3725.0	94.6	105.2
230A10200	渥美営業チーム	移動時間	-1367.5	-1354.0		
230A10200	渥美営業チーム	部門共通（時間）	11604.5	11681.0	99.3	114.8
230A10200	渥美営業チーム	当月時間当り	2654.3	3264.2	81.3	78.0
230A10200	渥美営業チーム	人員	14.0	14.0	100.0	100.0
230A10300	渥美営業課	総受注高	884453892.0	1070000000.0	82.6	82.1
230A10300	渥美営業課	【新築】受注高	22740000.0	20000000.0	113.7	20.1
230A10300	渥美営業課	【リフォ】受注高	324616043.0	510000000.0	63.6	68.1
230A10300	渥美営業課	【資材】受注高	537097849.0	540000000.0	99.4	110.2
230A10300	渥美営業課	総売上高	842079828.0	1070000000.0	78.6	75.9
230A10300	渥美営業課	【新築】売上高	14040000.0	20000000.0	70.2	12.2
230A10300	渥美営業課	【リフォ】売上高	296131940.0	510000000.0	58.0	57.5
230A10300	渥美営業課	【資材】売上高	531907888.0	540000000.0	98.5	111.0
230A10300	渥美営業課	【新築】インセンティブ	0.0	0.0		
230A10300	渥美営業課	【リフォ】インセンティブ	0.0	0.0		
230A10300	渥美営業課	【資材】インセンティブ	0.0	0.0		
230A10300	渥美営業課	収益①（営業口銭）	45121789.0	77500000.0	58.2	53.8
230A10300	渥美営業課	【新築】収益①(営業口銭)	702000.0	1000000.0	70.2	10.8
230A10300	渥美営業課	【リフォ】収益①(営業口銭)	44419789.0	76500000.0	58.0	57.5
230A10300	渥美営業課	【資材】売上原価	412087300.0	421000000.0	97.8	108.5
230A10300	渥美営業課	収益②（資材）	119820588.0	119000000.0	100.6	120.4
230A10300	渥美営業課	総収益	164942377.0	196500000.0	83.9	90.0
230A10300	渥美営業課	総出荷	310171940.0	530000000.0	58.5	49.2
230A10300	渥美営業課	社外売	310171940.0	530000000.0	58.5	49.2
230A10300	渥美営業課	社内売	0.0	0.0		
230A10300	渥美営業課	社内仕入	31109865.0	52598000.0	59.1	29.1
230A10300	渥美営業課	仕掛1	0.0	0.0		0.0
230A10300	渥美営業課	総生産	279062075.0	477402000.0	58.4	53.6
230A10300	渥美営業課	経費合計	315285201.0	494706568.0	63.7	60.3
230A10300	渥美営業課	経費合計(原価)	194458548.0	341402000.0	56.9	52.6
230A10300	渥美営業課	仕掛2	0.0	0.0		0.0
230A10300	渥美営業課	商品仕入高	91237759.0	161310000.0	56.5	52.3
230A10300	渥美営業課	原材料費	0.0	0.0		
230A10300	渥美営業課	外注加工費	98852790.0	175492000.0	56.3	51.1
230A10300	渥美営業課	その他 直接経費	4367999.0	4600000.0	94.9	
230A10300	渥美営業課	他勘定振替高	0.0	0.0		
230A10300	渥美営業課	経費合計（販管費）	120826653.0	153304568.0	78.8	79.2
230A10300	渥美営業課	減価償却費	8278.0	8278.0	100.0	92.6
230A10300	渥美営業課	車両費	9547858.0	9675900.0	98.6	103.3
230A10300	渥美営業課	旅費交通費	145000.0	180000.0	80.5	91.9
230A10300	渥美営業課	荷造運搬費	295690.0	300000.0	98.5	118.0
230A10300	渥美営業課	通信費	1309566.0	1334000.0	98.1	102.4
230A10300	渥美営業課	水道光熱費	1558313.0	1549000.0	100.6	105.5
230A10300	渥美営業課	動力費	0.0	0.0		
230A10300	渥美営業課	事務用品費	650650.0	672000.0	96.8	111.9
230A10300	渥美営業課	消耗品費	554740.0	530000.0	104.6	107.3
230A10300	渥美営業課	廃棄物処理料	808951.0	795000.0	101.7	52.7
230A10300	渥美営業課	広告宣伝費	2811654.0	2820000.0	99.7	104.4
230A10300	渥美営業課	接待交際費	470405.0	480000.0	98.0	104.1
230A10300	渥美営業課	研究開発費	0.0	0.0		
230A10300	渥美営業課	アフターサービス費	0.0	0.0		
230A10300	渥美営業課	クレーム費	3300000.0	3300000.0	100.0	664.2
230A10300	渥美営業課	賃借料	7488000.0	7488000.0	100.0	97.5
230A10300	渥美営業課	賃貸料収入	0.0	0.0		
230A10300	渥美営業課	修繕費	0.0	0.0		
230A10300	渥美営業課	支払リース料	98482.0	98400.0	100.0	100.0
230A10300	渥美営業課	保険料	60084.0	60084.0	100.0	105.1
230A10300	渥美営業課	支払報酬	0.0	0.0		
230A10300	渥美営業課	販売手数料	0.0	0.0		0.0
230A10300	渥美営業課	支払手数料	458308.0	452400.0	101.3	105.3
230A10300	渥美営業課	診断料	0.0	0.0		
230A10300	渥美営業課	諸会費	80000.0	77500.0	103.2	103.2
230A10300	渥美営業課	会議費	0.0	0.0		
230A10300	渥美営業課	寄付金	10000.0	10000.0	100.0	100.0
230A10300	渥美営業課	租税公課	110000.0	120000.0	91.6	117.2
230A10300	渥美営業課	業務委託費	0.0	0.0		
230A10300	渥美営業課	業務受託収入	0.0	0.0		
230A10300	渥美営業課	システム管理料	0.0	0.0		
230A10300	渥美営業課	情報機器利用料	11408472.0	11408472.0	100.0	100.3
230A10300	渥美営業課	貸倒金	0.0	0.0		
230A10300	渥美営業課	雑費	237579.0	230800.0	102.9	111.4
230A10300	渥美営業課	福利消耗品費	184964.0	146100.0	126.6	61.3
230A10300	渥美営業課	教育研修費	900272.0	951000.0	94.6	195.9
230A10300	渥美営業課	廃棄損・減耗損	5600.0	0.0		2.5
230A10300	渥美営業課	雑給	0.0	0.0		
230A10300	渥美営業課	社内金利（固定資産）	6620.0	6623.0	99.9	95.2
230A10300	渥美営業課	社内金利（売掛金）	239914.0	238372.0	100.6	61.5
230A10300	渥美営業課	社内金利（在庫）	1344485.0	1333550.0	100.8	112.6
230A10300	渥美営業課	営業口銭①（新築）	702000.0	1000000.0	70.2	10.8
230A10300	渥美営業課	営業口銭②（リフォ）	44419789.0	76500000.0	58.0	57.5
230A10300	渥美営業課	開発口銭	0.0	0.0		
230A10300	渥美営業課	部門共通（経費）	26474979.0	26403089.0	100.2	120.9
230A10300	渥美営業課	グループ共通	5136000.0	5136000.0	100.0	91.9
230A10300	渥美営業課	差引収益	128719251.0	179195432.0	71.8	71.1
230A10300	渥美営業課	差引比率	11.4	11.5	99.1	102.7
230A10300	渥美営業課	総時間	51242.5	53666.5	95.4	104.3
230A10300	渥美営業課	定時間	31422.0	33520.0	93.7	103.3
230A10300	渥美営業課	残業時間	4636.0	4865.0	95.2	105.2
230A10300	渥美営業課	移動時間	616.5	630.0	97.8	44.8
230A10300	渥美営業課	部門共通（時間）	14568.0	14651.5	99.4	112.5
230A10300	渥美営業課	当月時間当り	2511.9	3339.0	75.2	68.2
230A10300	渥美営業課	人員	17.0	17.0	100.0	100.0
230A30101	渥美工務チーム	総出荷	310171940.0	530000000.0	58.5	49.2
230A30101	渥美工務チーム	社外売	310171940.0	530000000.0	58.5	49.2
230A30101	渥美工務チーム	社内売	0.0	0.0		
230A30101	渥美工務チーム	社内仕入	31109865.0	52598000.0	59.1	29.1
230A30101	渥美工務チーム	仕掛1	0.0	0.0		0.0
230A30101	渥美工務チーム	総生産	279062075.0	477402000.0	58.4	53.6
230A30101	渥美工務チーム	経費合計	254685715.0	434063106.0	58.6	54.5
230A30101	渥美工務チーム	経費合計(原価)	194458548.0	341402000.0	56.9	52.6
230A30101	渥美工務チーム	仕掛2	0.0	0.0		0.0
230A30101	渥美工務チーム	商品仕入高	91237759.0	161310000.0	56.5	52.3
230A30101	渥美工務チーム	原材料費	0.0	0.0		
230A30101	渥美工務チーム	外注加工費	98852790.0	175492000.0	56.3	51.1
230A30101	渥美工務チーム	その他 直接経費	4367999.0	4600000.0	94.9	
230A30101	渥美工務チーム	他勘定振替高	0.0	0.0		
230A30101	渥美工務チーム	経費合計（販管費）	60227167.0	92661106.0	64.9	62.1
230A30101	渥美工務チーム	減価償却費	0.0	0.0		
230A30101	渥美工務チーム	車両費	2334689.0	2348400.0	99.4	170.8
230A30101	渥美工務チーム	旅費交通費	0.0	0.0		0.0
230A30101	渥美工務チーム	荷造運搬費	56676.0	60000.0	94.4	118.2
230A30101	渥美工務チーム	通信費	130391.0	132000.0	98.7	111.1
230A30101	渥美工務チーム	水道光熱費	277855.0	283000.0	98.1	100.3
230A30101	渥美工務チーム	動力費	0.0	0.0		
230A30101	渥美工務チーム	事務用品費	81551.0	82000.0	99.4	115.5
230A30101	渥美工務チーム	消耗品費	233019.0	240000.0	97.0	103.6
230A30101	渥美工務チーム	廃棄物処理料	-87376.0	-60000.0		
230A30101	渥美工務チーム	広告宣伝費	0.0	0.0		
230A30101	渥美工務チーム	接待交際費	30555.0	20000.0	152.7	181.6
230A30101	渥美工務チーム	研究開発費	0.0	0.0		
230A30101	渥美工務チーム	アフターサービス費	0.0	0.0		
230A30101	渥美工務チーム	クレーム費	0.0	0.0		
230A30101	渥美工務チーム	賃借料	1497600.0	1497600.0	100.0	130.0
230A30101	渥美工務チーム	賃貸料収入	0.0	0.0		
230A30101	渥美工務チーム	修繕費	0.0	0.0		
230A30101	渥美工務チーム	支払リース料	15662.0	14760.0	106.1	106.1
230A30101	渥美工務チーム	保険料	0.0	0.0		
230A30101	渥美工務チーム	支払報酬	0.0	0.0		
230A30101	渥美工務チーム	販売手数料	0.0	0.0		
230A30101	渥美工務チーム	支払手数料	-2300.0	-3600.0		
230A30101	渥美工務チーム	診断料	0.0	0.0		
230A30101	渥美工務チーム	諸会費	0.0	0.0		
230A30101	渥美工務チーム	会議費	0.0	0.0		
230A30101	渥美工務チーム	寄付金	0.0	0.0		
230A30101	渥美工務チーム	租税公課	0.0	0.0		
230A30101	渥美工務チーム	業務委託費	0.0	0.0		
230A30101	渥美工務チーム	業務受託収入	0.0	0.0		
230A30101	渥美工務チーム	システム管理料	0.0	0.0		
230A30101	渥美工務チーム	情報機器利用料	1960920.0	1960920.0	100.0	109.7
230A30101	渥美工務チーム	貸倒金	0.0	0.0		
230A30101	渥美工務チーム	雑費	22651.0	22800.0	99.3	110.5
230A30101	渥美工務チーム	福利消耗品費	33400.0	40600.0	82.2	42.5
230A30101	渥美工務チーム	教育研修費	526451.0	564000.0	93.3	520.4
230A30101	渥美工務チーム	廃棄損・減耗損	0.0	0.0		
230A30101	渥美工務チーム	雑給	0.0	0.0		
230A30101	渥美工務チーム	社内金利（固定資産）	0.0	0.0		
230A30101	渥美工務チーム	社内金利（売掛金）	0.0	0.0		
230A30101	渥美工務チーム	社内金利（在庫）	0.0	0.0		
230A30101	渥美工務チーム	営業口銭①（新築）	702000.0	1000000.0	70.2	10.8
230A30101	渥美工務チーム	営業口銭②（リフォ）	44419789.0	76500000.0	58.0	57.5
230A30101	渥美工務チーム	開発口銭	0.0	0.0		
230A30101	渥美工務チーム	部門共通（経費）	7084034.0	7049026.0	100.4	110.9
230A30101	渥美工務チーム	グループ共通	909600.0	909600.0	100.0	103.4
230A30101	渥美工務チーム	差引収益	24376360.0	43338894.0	56.2	45.8
230A30101	渥美工務チーム	差引比率	8.7	9.0	96.6	85.2
230A30101	渥美工務チーム	総時間	11932.25	12046.5	99.0	103.2
230A30101	渥美工務チーム	定時間	5874.5	5952.0	98.6	106.3
230A30101	渥美工務チーム	残業時間	1110.25	1140.0	97.3	105.4
230A30101	渥美工務チーム	移動時間	1984.0	1984.0	100.0	92.7
230A30101	渥美工務チーム	部門共通（時間）	2963.5	2970.5	99.7	104.4
230A30101	渥美工務チーム	当月時間当り	2042.8	3597.6	56.7	44.3
230A30101	渥美工務チーム	人員	3.0	3.0	100.0	100.0
230B60100	物流チーム	総受注高	0.0	0.0		
230B60100	物流チーム	【新築】受注高	0.0	0.0		
230B60100	物流チーム	【リフォ】受注高	0.0	0.0		
230B60100	物流チーム	【資材】受注高	0.0	0.0		
230B60100	物流チーム	総売上高	0.0	0.0		
230B60100	物流チーム	【新築】売上高	0.0	0.0		
230B60100	物流チーム	【リフォ】売上高	0.0	0.0		
230B60100	物流チーム	【資材】売上高	0.0	0.0		
230B60100	物流チーム	【新築】インセンティブ	0.0	0.0		
230B60100	物流チーム	【リフォ】インセンティブ	0.0	0.0		
230B60100	物流チーム	【資材】インセンティブ	0.0	0.0		
230B60100	物流チーム	収益①（営業口銭）	0.0	0.0		
230B60100	物流チーム	【新築】収益①(営業口銭)	0.0	0.0		
230B60100	物流チーム	【リフォ】収益①(営業口銭)	0.0	0.0		
230B60100	物流チーム	【資材】売上原価	0.0	0.0		
230B60100	物流チーム	収益②（資材）	0.0	0.0		
230B60100	物流チーム	総収益	0.0	0.0		
230B60100	物流チーム	経費合計	0.0	0.0		
230B60100	物流チーム	減価償却費	0.0	0.0		
230B60100	物流チーム	車両費	3042166.0	3002700.0	101.3	106.0
230B60100	物流チーム	旅費交通費	88427.0	163000.0	54.2	207.9
230B60100	物流チーム	荷造運搬費	32287771.0	32160000.0	100.3	99.8
230B60100	物流チーム	通信費	134774.0	129420.0	104.1	134.8
230B60100	物流チーム	水道光熱費	342477.0	343900.0	99.5	170.5
230B60100	物流チーム	動力費	0.0	0.0		
230B60100	物流チーム	事務用品費	65978.0	55000.0	119.9	157.1
230B60100	物流チーム	消耗品費	1361738.0	930600.0	146.3	135.3
230B60100	物流チーム	廃棄物処理料	635690.0	646000.0	98.4	108.7
230B60100	物流チーム	広告宣伝費	3600.0	3600.0	100.0	188.3
230B60100	物流チーム	接待交際費	0.0	0.0		
230B60100	物流チーム	研究開発費	0.0	0.0		
230B60100	物流チーム	アフターサービス費	0.0	0.0		
230B60100	物流チーム	クレーム費	6210.0	0.0		461.3
230B60100	物流チーム	賃借料	2729520.0	2729520.0	100.0	140.0
230B60100	物流チーム	賃貸料収入	0.0	0.0		
230B60100	物流チーム	修繕費	0.0	0.0		
230B60100	物流チーム	支払リース料	97324.0	98400.0	98.9	112.6
230B60100	物流チーム	保険料	24943.0	78962.0	31.5	335.5
230B60100	物流チーム	支払報酬	0.0	0.0		
230B60100	物流チーム	販売手数料	0.0	0.0		
230B60100	物流チーム	支払手数料	9675.0	8600.0	112.5	190.5
230B60100	物流チーム	診断料	0.0	0.0		
230B60100	物流チーム	諸会費	8154.0	9200.0	88.6	91.2
230B60100	物流チーム	会議費	0.0	0.0		
230B60100	物流チーム	寄付金	0.0	0.0		
230B60100	物流チーム	租税公課	0.0	0.0		0.0
230B60100	物流チーム	業務委託費	0.0	0.0		
230B60100	物流チーム	業務受託収入	0.0	0.0		
230B60100	物流チーム	システム管理料	0.0	0.0		
230B60100	物流チーム	情報機器利用料	3453672.0	3453672.0	100.0	192.7
230B60100	物流チーム	貸倒金	0.0	0.0		
230B60100	物流チーム	雑費	43800.0	49800.0	87.9	150.3
230B60100	物流チーム	福利消耗品費	95375.0	124900.0	76.3	64.2
230B60100	物流チーム	教育研修費	33968.0	39100.0	86.8	77.0
230B60100	物流チーム	廃棄損・減耗損	0.0	0.0		0.0
230B60100	物流チーム	雑給	0.0	0.0		
230B60100	物流チーム	社内金利（固定資産）	0.0	0.0		
230B60100	物流チーム	社内金利（売掛金）	0.0	0.0		
230B60100	物流チーム	社内金利（在庫）	0.0	0.0		
230B60100	物流チーム	開発口銭	0.0	0.0		
230B60100	物流チーム	部門共通（経費）	-46222062.0	-45835974.0		
230B60100	物流チーム	グループ共通	1756800.0	1809600.0	97.0	149.3
230B60100	物流チーム	差引収益	0.0	0.0		
230B60100	物流チーム	差引比率	0.0	0.0		
230B60100	物流チーム	総時間	0.0	0.0		
230B60100	物流チーム	定時間	10828.0	10800.0	100.2	149.1
230B60100	物流チーム	残業時間	1007.75	910.0	110.7	173.2
230B60100	物流チーム	移動時間	304.0	339.0	89.6	16.7
230B60100	物流チーム	部門共通（時間）	-12139.75	-12049.0		
230B60100	物流チーム	当月時間当り	0.0	0.0		
230B60100	物流チーム	人員	6.0	6.0	100.0	150.0
230B10200	田原営業チーム	総受注高	668070386.0	870000000.0	76.7	77.0
230B10200	田原営業チーム	【新築】受注高	4620000.0	20000000.0	23.1	9.1
230B10200	田原営業チーム	【リフォ】受注高	166718122.0	360000000.0	46.3	45.0
230B10200	田原営業チーム	【資材】受注高	496732264.0	490000000.0	101.3	111.4
230B10200	田原営業チーム	総売上高	716653298.0	870000000.0	82.3	85.2
230B10200	田原営業チーム	【新築】売上高	5390000.0	20000000.0	26.9	10.3
230B10200	田原営業チーム	【リフォ】売上高	218909793.0	360000000.0	60.8	62.3
230B10200	田原営業チーム	【資材】売上高	492353505.0	490000000.0	100.4	112.5
230B10200	田原営業チーム	【新築】インセンティブ	0.0	0.0		
230B10200	田原営業チーム	【リフォ】インセンティブ	0.0	0.0		
230B10200	田原営業チーム	【資材】インセンティブ	0.0	0.0		
230B10200	田原営業チーム	収益①（営業口銭）	33105966.0	55000000.0	60.1	59.8
230B10200	田原営業チーム	【新築】収益①(営業口銭)	269500.0	1000000.0	26.9	10.3
230B10200	田原営業チーム	【リフォ】収益①(営業口銭)	32836466.0	54000000.0	60.8	62.3
230B10200	田原営業チーム	【資材】売上原価	398984983.0	399000000.0	99.9	110.7
230B10200	田原営業チーム	収益②（資材）	93368522.0	91000000.0	102.6	120.8
230B10200	田原営業チーム	総収益	126474488.0	146000000.0	86.6	95.4
230B10200	田原営業チーム	経費合計	54367430.0	54019434.0	100.6	103.9
230B10200	田原営業チーム	減価償却費	53188.0	53188.0	100.0	93.6
230B10200	田原営業チーム	車両費	5910228.0	5958128.0	99.1	90.8
230B10200	田原営業チーム	旅費交通費	43750.0	36000.0	121.5	158.8
230B10200	田原営業チーム	荷造運搬費	11930.0	10000.0	119.3	157.5
230B10200	田原営業チーム	通信費	919596.0	932000.0	98.6	97.3
230B10200	田原営業チーム	水道光熱費	843453.0	857000.0	98.4	102.3
230B10200	田原営業チーム	動力費	0.0	0.0		
230B10200	田原営業チーム	事務用品費	474907.0	484000.0	98.1	108.0
230B10200	田原営業チーム	消耗品費	394570.0	362084.0	108.9	120.3
230B10200	田原営業チーム	廃棄物処理料	1413540.0	1320000.0	107.0	102.8
230B10200	田原営業チーム	広告宣伝費	2366375.0	2310000.0	102.4	121.2
230B10200	田原営業チーム	接待交際費	297200.0	311000.0	95.5	87.4
230B10200	田原営業チーム	研究開発費	0.0	0.0		
230B10200	田原営業チーム	アフターサービス費	0.0	0.0		
230B10200	田原営業チーム	クレーム費	2100000.0	2100000.0	100.0	421.7
230B10200	田原営業チーム	賃借料	3911400.0	3911400.0	100.0	95.4
230B10200	田原営業チーム	賃貸料収入	0.0	0.0		
230B10200	田原営業チーム	修繕費	0.0	0.0		0.0
230B10200	田原営業チーム	支払リース料	69840.0	72000.0	97.0	111.5
230B10200	田原営業チーム	保険料	68676.0	68676.0	100.0	142.0
230B10200	田原営業チーム	支払報酬	0.0	0.0		
230B10200	田原営業チーム	販売手数料	0.0	0.0		0.0
230B10200	田原営業チーム	支払手数料	361425.0	264000.0	136.9	164.3
230B10200	田原営業チーム	診断料	0.0	0.0		
230B10200	田原営業チーム	諸会費	90000.0	90000.0	100.0	58.0
230B10200	田原営業チーム	会議費	2000.0	2000.0	100.0	141.2
230B10200	田原営業チーム	寄付金	7000.0	7000.0	100.0	100.0
230B10200	田原営業チーム	租税公課	198400.0	204000.0	97.2	101.0
230B10200	田原営業チーム	業務委託費	0.0	0.0		
230B10200	田原営業チーム	業務受託収入	0.0	0.0		
230B10200	田原営業チーム	システム管理料	0.0	0.0		
230B10200	田原営業チーム	情報機器利用料	9070776.0	9075576.0	99.9	88.8
230B10200	田原営業チーム	貸倒金	0.0	0.0		0.0
230B10200	田原営業チーム	雑費	260890.0	265000.0	98.4	110.7
230B10200	田原営業チーム	福利消耗品費	196660.0	200340.0	98.1	93.1
230B10200	田原営業チーム	教育研修費	762976.0	514200.0	148.3	152.1
230B10200	田原営業チーム	廃棄損・減耗損	188800.0	280000.0	67.4	168.6
230B10200	田原営業チーム	雑給	0.0	0.0		
230B10200	田原営業チーム	社内金利（固定資産）	8941.0	8941.0	100.0	73.1
230B10200	田原営業チーム	社内金利（売掛金）	784541.0	818000.0	95.9	99.4
230B10200	田原営業チーム	社内金利（在庫）	604455.0	574000.0	105.3	107.6
230B10200	田原営業チーム	開発口銭	0.0	0.0		
230B10200	田原営業チーム	部門共通（経費）	19029113.0	19008101.0	100.1	127.1
230B10200	田原営業チーム	グループ共通	3922800.0	3922800.0	100.0	89.0
230B10200	田原営業チーム	差引収益	72107058.0	91980566.0	78.3	89.8
230B10200	田原営業チーム	差引比率	10.0	10.5	95.2	105.2
230B10200	田原営業チーム	総時間	40868.0	41027.5	99.6	99.8
230B10200	田原営業チーム	定時間	25002.25	25030.0	99.8	87.3
230B10200	田原営業チーム	残業時間	3574.25	3600.0	99.2	125.7
230B10200	田原営業チーム	移動時間	607.5	630.0	96.4	
230B10200	田原営業チーム	部門共通（時間）	11684.0	11767.5	99.2	120.0
230B10200	田原営業チーム	当月時間当り	1764.3	2241.9	78.6	89.9
230B10200	田原営業チーム	人員	13.0	13.0	100.0	81.2
230B10300	田原営業課	総受注高	668070386.0	870000000.0	76.7	77.0
230B10300	田原営業課	【新築】受注高	4620000.0	20000000.0	23.1	9.1
230B10300	田原営業課	【リフォ】受注高	166718122.0	360000000.0	46.3	45.0
230B10300	田原営業課	【資材】受注高	496732264.0	490000000.0	101.3	111.4
230B10300	田原営業課	総売上高	716653298.0	870000000.0	82.3	85.2
230B10300	田原営業課	【新築】売上高	5390000.0	20000000.0	26.9	10.3
230B10300	田原営業課	【リフォ】売上高	218909793.0	360000000.0	60.8	62.3
230B10300	田原営業課	【資材】売上高	492353505.0	490000000.0	100.4	112.5
230B10300	田原営業課	【新築】インセンティブ	0.0	0.0		
230B10300	田原営業課	【リフォ】インセンティブ	0.0	0.0		
230B10300	田原営業課	【資材】インセンティブ	0.0	0.0		
230B10300	田原営業課	収益①（営業口銭）	33105966.0	55000000.0	60.1	59.8
230B10300	田原営業課	【新築】収益①(営業口銭)	269500.0	1000000.0	26.9	10.3
230B10300	田原営業課	【リフォ】収益①(営業口銭)	32836466.0	54000000.0	60.8	62.3
230B10300	田原営業課	【資材】売上原価	398984983.0	399000000.0	99.9	110.7
230B10300	田原営業課	収益②（資材）	93368522.0	91000000.0	102.6	120.8
230B10300	田原営業課	総収益	126474488.0	146000000.0	86.6	95.4
230B10300	田原営業課	総出荷	224299793.0	380000000.0	59.0	55.5
230B10300	田原営業課	社外売	224299793.0	380000000.0	59.0	55.5
230B10300	田原営業課	社内売	0.0	0.0		
230B10300	田原営業課	社内仕入	25586075.0	37900000.0	67.5	35.5
230B10300	田原営業課	仕掛1	0.0	0.0		0.0
230B10300	田原営業課	総生産	198713718.0	342100000.0	58.0	60.0
230B10300	田原営業課	経費合計	240088939.0	363117581.0	66.1	70.7
230B10300	田原営業課	経費合計(原価)	137943692.0	239100000.0	57.6	63.1
230B10300	田原営業課	仕掛2	0.0	0.0		
230B10300	田原営業課	商品仕入高	60982461.0	112200000.0	54.3	57.2
230B10300	田原営業課	原材料費	0.0	0.0		
230B10300	田原営業課	外注加工費	72900401.0	122700000.0	59.4	60.2
230B10300	田原営業課	その他 直接経費	4060830.0	4200000.0	96.6	
230B10300	田原営業課	他勘定振替高	0.0	0.0		
230B10300	田原営業課	経費合計（販管費）	102145247.0	124017581.0	82.3	84.7
230B10300	田原営業課	減価償却費	53188.0	53188.0	100.0	93.6
230B10300	田原営業課	車両費	8399649.0	8491619.0	98.9	93.1
230B10300	田原営業課	旅費交通費	43750.0	36000.0	121.5	158.8
230B10300	田原営業課	荷造運搬費	263930.0	262000.0	100.7	150.3
230B10300	田原営業課	通信費	1034569.0	1048500.0	98.6	98.6
230B10300	田原営業課	水道光熱費	1014870.0	1028000.0	98.7	103.5
230B10300	田原営業課	動力費	0.0	0.0		
230B10300	田原営業課	事務用品費	542246.0	556000.0	97.5	110.3
230B10300	田原営業課	消耗品費	531019.0	523820.0	101.3	140.4
230B10300	田原営業課	廃棄物処理料	1785135.0	1680000.0	106.2	108.7
230B10300	田原営業課	広告宣伝費	2370375.0	2314000.0	102.4	121.3
230B10300	田原営業課	接待交際費	317200.0	331000.0	95.8	88.9
230B10300	田原営業課	研究開発費	0.0	0.0		
230B10300	田原営業課	アフターサービス費	0.0	0.0		
230B10300	田原営業課	クレーム費	2100000.0	2100000.0	100.0	421.7
230B10300	田原営業課	賃借料	4811760.0	4811760.0	100.0	98.8
230B10300	田原営業課	賃貸料収入	0.0	0.0		
230B10300	田原営業課	修繕費	0.0	0.0		0.0
230B10300	田原営業課	支払リース料	82102.0	84000.0	97.7	110.3
230B10300	田原営業課	保険料	68676.0	68676.0	100.0	142.0
230B10300	田原営業課	支払報酬	0.0	0.0		
230B10300	田原営業課	販売手数料	0.0	0.0		0.0
230B10300	田原営業課	支払手数料	367157.0	270000.0	135.9	163.6
230B10300	田原営業課	診断料	0.0	0.0		
230B10300	田原営業課	諸会費	96000.0	96000.0	100.0	60.3
230B10300	田原営業課	会議費	2000.0	2000.0	100.0	141.2
230B10300	田原営業課	寄付金	7000.0	7000.0	100.0	100.0
230B10300	田原営業課	租税公課	198400.0	204000.0	97.2	101.0
230B10300	田原営業課	業務委託費	0.0	0.0		
230B10300	田原営業課	業務受託収入	0.0	0.0		
230B10300	田原営業課	システム管理料	0.0	0.0		
230B10300	田原営業課	情報機器利用料	11037696.0	11043696.0	99.9	92.0
230B10300	田原営業課	貸倒金	0.0	0.0		0.0
230B10300	田原営業課	雑費	305954.0	313000.0	97.7	116.0
230B10300	田原営業課	福利消耗品費	233529.0	238880.0	97.7	80.1
230B10300	田原営業課	教育研修費	974932.0	1005400.0	96.9	180.0
230B10300	田原営業課	廃棄損・減耗損	188800.0	280000.0	67.4	168.6
230B10300	田原営業課	雑給	0.0	0.0		
230B10300	田原営業課	社内金利（固定資産）	8941.0	8941.0	100.0	73.1
230B10300	田原営業課	社内金利（売掛金）	784541.0	818000.0	95.9	99.4
230B10300	田原営業課	社内金利（在庫）	604455.0	574000.0	105.3	107.6
230B10300	田原営業課	営業口銭①（新築）	269500.0	1000000.0	26.9	10.3
230B10300	田原営業課	営業口銭②（リフォ）	32836466.0	54000000.0	60.8	62.3
230B10300	田原営業課	開発口銭	0.0	0.0		
230B10300	田原営業課	部門共通（経費）	25979007.0	25935701.0	100.1	123.4
230B10300	田原営業課	グループ共通	4832400.0	4832400.0	100.0	91.3
230B10300	田原営業課	差引収益	85099267.0	124982419.0	68.0	68.3
230B10300	田原営業課	差引比率	9.2	10.3	89.3	86.7
230B10300	田原営業課	総時間	50547.75	50724.25	99.6	101.2
230B10300	田原営業課	定時間	30789.75	30850.0	99.8	89.8
230B10300	田原営業課	残業時間	4346.25	4350.0	99.9	123.2
230B10300	田原営業課	移動時間	607.5	630.0	96.4	
230B10300	田原営業課	部門共通（時間）	14804.25	14894.25	99.3	119.5
230B10300	田原営業課	当月時間当り	1683.5	2463.9	68.3	67.4
230B10300	田原営業課	人員	16.0	16.0	100.0	84.2
230B30601	田原工務チーム	総出荷	224299793.0	380000000.0	59.0	55.5
230B30601	田原工務チーム	社外売	224299793.0	380000000.0	59.0	55.5
230B30601	田原工務チーム	社内売	0.0	0.0		
230B30601	田原工務チーム	社内仕入	25586075.0	37900000.0	67.5	35.5
230B30601	田原工務チーム	仕掛1	0.0	0.0		0.0
230B30601	田原工務チーム	総生産	198713718.0	342100000.0	58.0	60.0
230B30601	田原工務チーム	経費合計	185721509.0	309098147.0	60.0	64.7
230B30601	田原工務チーム	経費合計(原価)	137943692.0	239100000.0	57.6	63.1
230B30601	田原工務チーム	仕掛2	0.0	0.0		
230B30601	田原工務チーム	商品仕入高	60982461.0	112200000.0	54.3	57.2
230B30601	田原工務チーム	原材料費	0.0	0.0		
230B30601	田原工務チーム	外注加工費	72900401.0	122700000.0	59.4	60.2
230B30601	田原工務チーム	その他 直接経費	4060830.0	4200000.0	96.6	
230B30601	田原工務チーム	他勘定振替高	0.0	0.0		
230B30601	田原工務チーム	経費合計（販管費）	47777817.0	69998147.0	68.2	69.9
230B30601	田原工務チーム	減価償却費	0.0	0.0		
230B30601	田原工務チーム	車両費	2489421.0	2533491.0	98.2	98.8
230B30601	田原工務チーム	旅費交通費	0.0	0.0		
230B30601	田原工務チーム	荷造運搬費	252000.0	252000.0	100.0	150.0
230B30601	田原工務チーム	通信費	114973.0	116500.0	98.6	109.7
230B30601	田原工務チーム	水道光熱費	171417.0	171000.0	100.2	110.0
230B30601	田原工務チーム	動力費	0.0	0.0		
230B30601	田原工務チーム	事務用品費	67339.0	72000.0	93.5	129.3
230B30601	田原工務チーム	消耗品費	136449.0	161736.0	84.3	270.2
230B30601	田原工務チーム	廃棄物処理料	371595.0	360000.0	103.2	139.4
230B30601	田原工務チーム	広告宣伝費	4000.0	4000.0	100.0	277.2
230B30601	田原工務チーム	接待交際費	20000.0	20000.0	100.0	118.9
230B30601	田原工務チーム	研究開発費	0.0	0.0		
230B30601	田原工務チーム	アフターサービス費	0.0	0.0		
230B30601	田原工務チーム	クレーム費	0.0	0.0		
230B30601	田原工務チーム	賃借料	900360.0	900360.0	100.0	116.5
230B30601	田原工務チーム	賃貸料収入	0.0	0.0		
230B30601	田原工務チーム	修繕費	0.0	0.0		
230B30601	田原工務チーム	支払リース料	12262.0	12000.0	102.1	103.9
230B30601	田原工務チーム	保険料	0.0	0.0		
230B30601	田原工務チーム	支払報酬	0.0	0.0		
230B30601	田原工務チーム	販売手数料	0.0	0.0		
230B30601	田原工務チーム	支払手数料	5732.0	6000.0	95.5	131.9
230B30601	田原工務チーム	診断料	0.0	0.0		
230B30601	田原工務チーム	諸会費	6000.0	6000.0	100.0	152.9
230B30601	田原工務チーム	会議費	0.0	0.0		
230B30601	田原工務チーム	寄付金	0.0	0.0		
230B30601	田原工務チーム	租税公課	0.0	0.0		
230B30601	田原工務チーム	業務委託費	0.0	0.0		
230B30601	田原工務チーム	業務受託収入	0.0	0.0		
230B30601	田原工務チーム	システム管理料	0.0	0.0		
230B30601	田原工務チーム	情報機器利用料	1966920.0	1968120.0	99.9	110.0
230B30601	田原工務チーム	貸倒金	0.0	0.0		
230B30601	田原工務チーム	雑費	45064.0	48000.0	93.8	160.0
230B30601	田原工務チーム	福利消耗品費	36869.0	38540.0	95.6	45.8
230B30601	田原工務チーム	教育研修費	211956.0	491200.0	43.1	527.7
230B30601	田原工務チーム	廃棄損・減耗損	0.0	0.0		
230B30601	田原工務チーム	雑給	0.0	0.0		
230B30601	田原工務チーム	社内金利（固定資産）	0.0	0.0		
230B30601	田原工務チーム	社内金利（売掛金）	0.0	0.0		
230B30601	田原工務チーム	社内金利（在庫）	0.0	0.0		
230B30601	田原工務チーム	営業口銭①（新築）	269500.0	1000000.0	26.9	10.3
230B30601	田原工務チーム	営業口銭②（リフォ）	32836466.0	54000000.0	60.8	62.3
230B30601	田原工務チーム	開発口銭	0.0	0.0		
230B30601	田原工務チーム	部門共通（経費）	6949894.0	6927600.0	100.3	114.3
230B30601	田原工務チーム	グループ共通	909600.0	909600.0	100.0	103.4
230B30601	田原工務チーム	差引収益	12992209.0	33001853.0	39.3	29.3
230B30601	田原工務チーム	差引比率	6.5	9.6	67.7	48.8
230B30601	田原工務チーム	総時間	9679.75	9696.75	99.8	107.9
230B30601	田原工務チーム	定時間	5787.5	5820.0	99.4	102.6
230B30601	田原工務チーム	残業時間	772.0	750.0	102.9	112.6
230B30601	田原工務チーム	移動時間	0.0	0.0		
230B30601	田原工務チーム	部門共通（時間）	3120.25	3126.75	99.7	117.6
230B30601	田原工務チーム	当月時間当り	1342.2	3403.3	39.4	27.1
230B30601	田原工務チーム	人員	3.0	3.0	100.0	100.0
400A10200	福岡営業チーム	総受注高	884395898.0	1830000000.0	48.3	56.2
400A10200	福岡営業チーム	【新築】受注高	260730000.0	1000000000.0	26.0	30.3
400A10200	福岡営業チーム	【リフォ】受注高	185447995.0	430000000.0	43.1	58.2
400A10200	福岡営業チーム	【資材】受注高	438217903.0	400000000.0	109.5	111.0
400A10200	福岡営業チーム	総売上高	876252113.0	1830000000.0	47.8	34.0
400A10200	福岡営業チーム	【新築】売上高	260730000.0	1000000000.0	26.0	14.2
400A10200	福岡営業チーム	【リフォ】売上高	202968804.0	430000000.0	47.2	58.4
400A10200	福岡営業チーム	【資材】売上高	412683309.0	400130000.0	103.1	104.0
400A10200	福岡営業チーム	【新築】インセンティブ	0.0	0.0		
400A10200	福岡営業チーム	【リフォ】インセンティブ	0.0	0.0		
400A10200	福岡営業チーム	【資材】インセンティブ	-130000.0	-130000.0		
400A10200	福岡営業チーム	収益①（営業口銭）	43481817.0	114500000.0	37.9	27.5
400A10200	福岡営業チーム	【新築】収益①(営業口銭)	13036500.0	50000000.0	26.0	12.3
400A10200	福岡営業チーム	【リフォ】収益①(営業口銭)	30445317.0	64500000.0	47.2	58.4
400A10200	福岡営業チーム	【資材】売上原価	311586596.0	300000000.0	103.8	101.3
400A10200	福岡営業チーム	収益②（資材）	100966713.0	100000000.0	100.9	114.2
400A10200	福岡営業チーム	総収益	144448530.0	214500000.0	67.3	58.6
400A10200	福岡営業チーム	経費合計	61300763.0	61313461.0	99.9	98.2
400A10200	福岡営業チーム	減価償却費	434393.0	413797.0	104.9	73.5
400A10200	福岡営業チーム	車両費	6588910.0	5683053.0	115.9	87.4
400A10200	福岡営業チーム	旅費交通費	3798080.0	3950000.0	96.1	88.2
400A10200	福岡営業チーム	荷造運搬費	262605.0	280000.0	93.7	117.0
400A10200	福岡営業チーム	通信費	1299682.0	1339024.0	97.0	111.1
400A10200	福岡営業チーム	水道光熱費	744268.0	892000.0	83.4	127.0
400A10200	福岡営業チーム	動力費	0.0	0.0		
400A10200	福岡営業チーム	事務用品費	445081.0	502700.0	88.5	85.9
400A10200	福岡営業チーム	消耗品費	312711.0	340800.0	91.7	102.8
400A10200	福岡営業チーム	廃棄物処理料	1415433.0	1606990.0	88.0	272.0
400A10200	福岡営業チーム	広告宣伝費	244000.0	238000.0	102.5	83.6
400A10200	福岡営業チーム	接待交際費	756189.0	830000.0	91.1	67.2
400A10200	福岡営業チーム	研究開発費	0.0	0.0		
400A10200	福岡営業チーム	アフターサービス費	0.0	0.0		
400A10200	福岡営業チーム	クレーム費	3500000.0	4000000.0	87.5	279.3
400A10200	福岡営業チーム	賃借料	6410109.0	6216012.0	103.1	88.4
400A10200	福岡営業チーム	賃貸料収入	-636840.0	-638568.0		
400A10200	福岡営業チーム	修繕費	0.0	0.0		
400A10200	福岡営業チーム	支払リース料	0.0	0.0		
400A10200	福岡営業チーム	保険料	24528.0	24528.0	100.0	144.8
400A10200	福岡営業チーム	支払報酬	0.0	0.0		0.0
400A10200	福岡営業チーム	販売手数料	0.0	0.0		
400A10200	福岡営業チーム	支払手数料	324538.0	329688.0	98.4	106.0
400A10200	福岡営業チーム	診断料	0.0	0.0		
400A10200	福岡営業チーム	諸会費	79150.0	78250.0	101.1	104.8
400A10200	福岡営業チーム	会議費	0.0	0.0		
400A10200	福岡営業チーム	寄付金	0.0	0.0		
400A10200	福岡営業チーム	租税公課	488100.0	450000.0	108.4	108.7
400A10200	福岡営業チーム	業務委託費	0.0	0.0		
400A10200	福岡営業チーム	業務受託収入	0.0	0.0		
400A10200	福岡営業チーム	システム管理料	0.0	0.0		
400A10200	福岡営業チーム	情報機器利用料	7468668.0	7469760.0	99.9	78.4
400A10200	福岡営業チーム	貸倒金	0.0	0.0		
400A10200	福岡営業チーム	雑費	112602.0	112000.0	100.5	101.9
400A10200	福岡営業チーム	福利消耗品費	59291.0	117000.0	50.6	31.0
400A10200	福岡営業チーム	教育研修費	408437.0	373161.0	109.4	79.6
400A10200	福岡営業チーム	廃棄損・減耗損	0.0	37248.0	0.0	0.0
400A10200	福岡営業チーム	雑給	0.0	0.0		
400A10200	福岡営業チーム	社内金利（固定資産）	145050.0	137681.0	105.3	70.1
400A10200	福岡営業チーム	社内金利（売掛金）	587573.0	564000.0	104.1	101.2
400A10200	福岡営業チーム	社内金利（在庫）	542139.0	544600.0	99.5	103.8
400A10200	福岡営業チーム	開発口銭	0.0	0.0		
400A10200	福岡営業チーム	部門共通（経費）	21865666.0	21801337.0	100.2	103.9
400A10200	福岡営業チーム	グループ共通	3620400.0	3620400.0	100.0	102.6
400A10200	福岡営業チーム	差引収益	83147767.0	153186539.0	54.2	45.2
400A10200	福岡営業チーム	差引比率	9.4	8.3	113.2	132.3
400A10200	福岡営業チーム	総時間	33115.25	32704.5	101.2	95.5
400A10200	福岡営業チーム	定時間	18016.5	17888.0	100.7	79.1
400A10200	福岡営業チーム	残業時間	2935.75	2943.0	99.7	75.3
400A10200	福岡営業チーム	移動時間	-1784.5	-2123.0		
400A10200	福岡営業チーム	部門共通（時間）	13947.5	13996.5	99.6	106.2
400A10200	福岡営業チーム	当月時間当り	2510.8	4683.9	53.6	47.3
400A10200	福岡営業チーム	人員	10.0	10.0	100.0	76.9
400A10300	福岡営業課	総受注高	884395898.0	1830000000.0	48.3	56.2
400A10300	福岡営業課	【新築】受注高	260730000.0	1000000000.0	26.0	30.3
400A10300	福岡営業課	【リフォ】受注高	185447995.0	430000000.0	43.1	58.2
400A10300	福岡営業課	【資材】受注高	438217903.0	400000000.0	109.5	111.0
400A10300	福岡営業課	総売上高	876252113.0	1830000000.0	47.8	34.0
400A10300	福岡営業課	【新築】売上高	260730000.0	1000000000.0	26.0	14.2
400A10300	福岡営業課	【リフォ】売上高	202968804.0	430000000.0	47.2	58.4
400A10300	福岡営業課	【資材】売上高	412683309.0	400130000.0	103.1	104.0
400A10300	福岡営業課	【新築】インセンティブ	0.0	0.0		
400A10300	福岡営業課	【リフォ】インセンティブ	0.0	0.0		
400A10300	福岡営業課	【資材】インセンティブ	-130000.0	-130000.0		
400A10300	福岡営業課	収益①（営業口銭）	43481817.0	114500000.0	37.9	27.5
400A10300	福岡営業課	【新築】収益①(営業口銭)	13036500.0	50000000.0	26.0	12.3
400A10300	福岡営業課	【リフォ】収益①(営業口銭)	30445317.0	64500000.0	47.2	58.4
400A10300	福岡営業課	【資材】売上原価	311586596.0	300000000.0	103.8	101.3
400A10300	福岡営業課	収益②（資材）	100966713.0	100000000.0	100.9	114.2
400A10300	福岡営業課	総収益	144448530.0	214500000.0	67.3	58.6
400A10300	福岡営業課	総出荷	463698804.0	1430000000.0	32.4	21.2
400A10300	福岡営業課	社外売	463698804.0	1430000000.0	32.4	21.2
400A10300	福岡営業課	社内売	0.0	0.0		
400A10300	福岡営業課	社内仕入	77394551.0	307460000.0	25.1	27.5
400A10300	福岡営業課	仕掛1	-518800.0	0.0		
400A10300	福岡営業課	総生産	386823053.0	1122540000.0	34.4	23.8
400A10300	福岡営業課	経費合計	459512387.0	1114647040.0	41.2	28.0
400A10300	福岡営業課	経費合計(原価)	334836354.0	919540000.0	36.4	24.2
400A10300	福岡営業課	仕掛2	1721380.0	0.0		0.5
400A10300	福岡営業課	商品仕入高	204411130.0	555700000.0	36.7	31.2
400A10300	福岡営業課	原材料費	0.0	0.0		
400A10300	福岡営業課	外注加工費	110790500.0	345480000.0	32.0	27.8
400A10300	福岡営業課	その他 直接経費	17913344.0	18360000.0	97.5	
400A10300	福岡営業課	他勘定振替高	0.0	0.0		
400A10300	福岡営業課	経費合計（販管費）	124676033.0	195107040.0	63.9	48.6
400A10300	福岡営業課	減価償却費	550865.0	537381.0	102.5	80.1
400A10300	福岡営業課	車両費	10181668.0	8920463.0	114.1	86.8
400A10300	福岡営業課	旅費交通費	4786235.0	4943000.0	96.8	38.1
400A10300	福岡営業課	荷造運搬費	262605.0	280000.0	93.7	43.9
400A10300	福岡営業課	通信費	1507780.0	1561040.0	96.5	114.1
400A10300	福岡営業課	水道光熱費	1305152.0	1497000.0	87.1	93.3
400A10300	福岡営業課	動力費	0.0	0.0		
400A10300	福岡営業課	事務用品費	577962.0	653300.0	88.4	90.2
400A10300	福岡営業課	消耗品費	435110.0	471900.0	92.2	86.0
400A10300	福岡営業課	廃棄物処理料	2147830.0	2087000.0	102.9	99.0
400A10300	福岡営業課	広告宣伝費	244000.0	238000.0	102.5	83.6
400A10300	福岡営業課	接待交際費	756923.0	830000.0	91.1	64.8
400A10300	福岡営業課	研究開発費	0.0	0.0		
400A10300	福岡営業課	アフターサービス費	0.0	0.0		
400A10300	福岡営業課	クレーム費	3500000.0	4000000.0	87.5	279.3
400A10300	福岡営業課	賃借料	9099835.0	8906736.0	102.1	83.0
400A10300	福岡営業課	賃貸料収入	-780010.0	-780012.0		
400A10300	福岡営業課	修繕費	0.0	0.0		
400A10300	福岡営業課	支払リース料	0.0	0.0		
400A10300	福岡営業課	保険料	28626.0	44328.0	64.5	6.4
400A10300	福岡営業課	支払報酬	0.0	0.0		0.0
400A10300	福岡営業課	販売手数料	0.0	0.0		
400A10300	福岡営業課	支払手数料	369863.0	374400.0	98.7	29.8
400A10300	福岡営業課	診断料	0.0	0.0		
400A10300	福岡営業課	諸会費	79650.0	78750.0	101.1	99.0
400A10300	福岡営業課	会議費	0.0	0.0		
400A10300	福岡営業課	寄付金	0.0	0.0		
400A10300	福岡営業課	租税公課	488100.0	450000.0	108.4	108.4
400A10300	福岡営業課	業務委託費	0.0	0.0		0.0
400A10300	福岡営業課	業務受託収入	0.0	0.0		
400A10300	福岡営業課	システム管理料	0.0	0.0		
400A10300	福岡営業課	情報機器利用料	8690388.0	8624280.0	100.7	77.5
400A10300	福岡営業課	貸倒金	0.0	0.0		
400A10300	福岡営業課	雑費	118602.0	118000.0	100.5	14.3
400A10300	福岡営業課	福利消耗品費	89291.0	150000.0	59.5	43.1
400A10300	福岡営業課	教育研修費	592373.0	577083.0	102.6	103.0
400A10300	福岡営業課	廃棄損・減耗損	0.0	37248.0	0.0	0.0
400A10300	福岡営業課	雑給	0.0	0.0		
400A10300	福岡営業課	社内金利（固定資産）	181125.0	178805.0	101.2	80.8
400A10300	福岡営業課	社内金利（売掛金）	587573.0	564000.0	104.1	101.2
400A10300	福岡営業課	社内金利（在庫）	542139.0	544600.0	99.5	103.8
400A10300	福岡営業課	営業口銭①（新築）	13036500.0	50000000.0	26.0	12.3
400A10300	福岡営業課	営業口銭②（リフォ）	30445317.0	64500000.0	47.2	58.4
400A10300	福岡営業課	開発口銭	0.0	0.0		
400A10300	福岡営業課	部門共通（経費）	30624131.0	30493338.0	100.4	105.2
400A10300	福岡営業課	グループ共通	4226400.0	4226400.0	100.0	95.8
400A10300	福岡営業課	差引収益	71759196.0	222392960.0	32.2	30.6
400A10300	福岡営業課	差引比率	5.6	7.5	74.6	101.8
400A10300	福岡営業課	総時間	45691.0	45698.5	99.9	89.1
400A10300	福岡営業課	定時間	23541.75	23480.0	100.2	86.2
400A10300	福岡営業課	残業時間	3832.5	3850.0	99.5	81.9
400A10300	福岡営業課	移動時間	-32.75	-40.0		
400A10300	福岡営業課	部門共通（時間）	18349.5	18408.5	99.6	103.0
400A10300	福岡営業課	当月時間当り	1570.5	4866.5	32.2	34.4
400A10300	福岡営業課	人員	13.0	13.0	100.0	86.6
400A30100	福岡工務チーム	総出荷	463698804.0	1430000000.0	32.4	21.2
400A30100	福岡工務チーム	社外売	463698804.0	1430000000.0	32.4	21.2
400A30100	福岡工務チーム	社内売	0.0	0.0		
400A30100	福岡工務チーム	社内仕入	77394551.0	307460000.0	25.1	27.5
400A30100	福岡工務チーム	仕掛1	-518800.0	0.0		
400A30100	福岡工務チーム	総生産	386823053.0	1122540000.0	34.4	23.8
400A30100	福岡工務チーム	経費合計	398211624.0	1053333579.0	37.8	25.3
400A30100	福岡工務チーム	経費合計(原価)	334836354.0	919540000.0	36.4	24.2
400A30100	福岡工務チーム	仕掛2	1721380.0	0.0		0.5
400A30100	福岡工務チーム	商品仕入高	204411130.0	555700000.0	36.7	31.2
400A30100	福岡工務チーム	原材料費	0.0	0.0		
400A30100	福岡工務チーム	外注加工費	110790500.0	345480000.0	32.0	27.8
400A30100	福岡工務チーム	その他 直接経費	17913344.0	18360000.0	97.5	
400A30100	福岡工務チーム	他勘定振替高	0.0	0.0		
400A30100	福岡工務チーム	経費合計（販管費）	63375270.0	133793579.0	47.3	32.6
400A30100	福岡工務チーム	減価償却費	116472.0	123584.0	94.2	120.0
400A30100	福岡工務チーム	車両費	3592758.0	3237410.0	110.9	85.8
400A30100	福岡工務チーム	旅費交通費	988155.0	993000.0	99.5	12.0
400A30100	福岡工務チーム	荷造運搬費	0.0	0.0		0.0
400A30100	福岡工務チーム	通信費	208098.0	222016.0	93.7	137.4
400A30100	福岡工務チーム	水道光熱費	560884.0	605000.0	92.7	69.0
400A30100	福岡工務チーム	動力費	0.0	0.0		
400A30100	福岡工務チーム	事務用品費	132881.0	150600.0	88.2	108.3
400A30100	福岡工務チーム	消耗品費	122399.0	131100.0	93.3	60.7
400A30100	福岡工務チーム	廃棄物処理料	732397.0	480010.0	152.5	44.4
400A30100	福岡工務チーム	広告宣伝費	0.0	0.0		
400A30100	福岡工務チーム	接待交際費	734.0	0.0		1.7
400A30100	福岡工務チーム	研究開発費	0.0	0.0		
400A30100	福岡工務チーム	アフターサービス費	0.0	0.0		
400A30100	福岡工務チーム	クレーム費	0.0	0.0		
400A30100	福岡工務チーム	賃借料	2689726.0	2690724.0	99.9	72.4
400A30100	福岡工務チーム	賃貸料収入	-143170.0	-141444.0		
400A30100	福岡工務チーム	修繕費	0.0	0.0		
400A30100	福岡工務チーム	支払リース料	0.0	0.0		
400A30100	福岡工務チーム	保険料	4098.0	19800.0	20.6	0.9
400A30100	福岡工務チーム	支払報酬	0.0	0.0		0.0
400A30100	福岡工務チーム	販売手数料	0.0	0.0		
400A30100	福岡工務チーム	支払手数料	45325.0	44712.0	101.3	4.8
400A30100	福岡工務チーム	診断料	0.0	0.0		
400A30100	福岡工務チーム	諸会費	500.0	500.0	100.0	10.1
400A30100	福岡工務チーム	会議費	0.0	0.0		
400A30100	福岡工務チーム	寄付金	0.0	0.0		
400A30100	福岡工務チーム	租税公課	0.0	0.0		0.0
400A30100	福岡工務チーム	業務委託費	0.0	0.0		0.0
400A30100	福岡工務チーム	業務受託収入	0.0	0.0		
400A30100	福岡工務チーム	システム管理料	0.0	0.0		
400A30100	福岡工務チーム	情報機器利用料	1221720.0	1154520.0	105.8	72.4
400A30100	福岡工務チーム	貸倒金	0.0	0.0		
400A30100	福岡工務チーム	雑費	6000.0	6000.0	100.0	0.8
400A30100	福岡工務チーム	福利消耗品費	30000.0	33000.0	90.9	191.6
400A30100	福岡工務チーム	教育研修費	183936.0	203922.0	90.1	297.0
400A30100	福岡工務チーム	廃棄損・減耗損	0.0	0.0		
400A30100	福岡工務チーム	雑給	0.0	0.0		
400A30100	福岡工務チーム	社内金利（固定資産）	36075.0	41124.0	87.7	209.7
400A30100	福岡工務チーム	社内金利（売掛金）	0.0	0.0		
400A30100	福岡工務チーム	社内金利（在庫）	0.0	0.0		
400A30100	福岡工務チーム	営業口銭①（新築）	13036500.0	50000000.0	26.0	12.3
400A30100	福岡工務チーム	営業口銭②（リフォ）	30445317.0	64500000.0	47.2	58.4
400A30100	福岡工務チーム	開発口銭	0.0	0.0		
400A30100	福岡工務チーム	部門共通（経費）	8758465.0	8692001.0	100.7	108.4
400A30100	福岡工務チーム	グループ共通	606000.0	606000.0	100.0	68.8
400A30100	福岡工務チーム	差引収益	-11388571.0	69206421.0		
400A30100	福岡工務チーム	差引比率	-2.9	6.1		
400A30100	福岡工務チーム	総時間	12575.75	12994.0	96.7	75.8
400A30100	福岡工務チーム	定時間	5525.25	5592.0	98.8	122.5
400A30100	福岡工務チーム	残業時間	896.75	907.0	98.8	115.1
400A30100	福岡工務チーム	移動時間	1751.75	2083.0	84.0	26.4
400A30100	福岡工務チーム	部門共通（時間）	4402.0	4412.0	99.7	94.1
400A30100	福岡工務チーム	当月時間当り	-905.5	5326.0		
400A30100	福岡工務チーム	人員	3.0	3.0	100.0	100.0
040A10200	福島営業チーム	総受注高	51889703.0	100000000.0	51.8	20.5
040A10200	福島営業チーム	【新築】受注高	0.0	50000000.0	0.0	0.0
040A10200	福島営業チーム	【リフォ】受注高	25187000.0	30000000.0	83.9	281.4
040A10200	福島営業チーム	【資材】受注高	26702703.0	20000000.0	133.5	136.3
040A10200	福島営業チーム	総売上高	55258831.0	100000000.0	55.2	22.0
040A10200	福島営業チーム	【新築】売上高	0.0	50000000.0	0.0	0.0
040A10200	福島営業チーム	【リフォ】売上高	34187000.0	30000000.0	113.9	455.2
040A10200	福島営業チーム	【資材】売上高	21071831.0	20000000.0	105.3	109.7
040A10200	福島営業チーム	【新築】インセンティブ	0.0	0.0		
040A10200	福島営業チーム	【リフォ】インセンティブ	0.0	0.0		
040A10200	福島営業チーム	【資材】インセンティブ	0.0	0.0		
040A10200	福島営業チーム	収益①（営業口銭）	5128050.0	7000000.0	73.2	41.6
040A10200	福島営業チーム	【新築】収益①(営業口銭)	0.0	2500000.0	0.0	0.0
040A10200	福島営業チーム	【リフォ】収益①(営業口銭)	5128050.0	4500000.0	113.9	455.2
040A10200	福島営業チーム	【資材】売上原価	17025228.0	16000000.0	106.4	91.0
040A10200	福島営業チーム	収益②（資材）	4046603.0	4000000.0	101.1	786.2
040A10200	福島営業チーム	総収益	9174653.0	11000000.0	83.4	71.4
040A10200	福島営業チーム	経費合計	8493533.0	8460541.0	100.3	100.7
040A10200	福島営業チーム	減価償却費	0.0	0.0		
040A10200	福島営業チーム	車両費	0.0	0.0		
040A10200	福島営業チーム	旅費交通費	816882.0	840000.0	97.2	114.6
040A10200	福島営業チーム	荷造運搬費	0.0	0.0		0.0
040A10200	福島営業チーム	通信費	0.0	0.0		
040A10200	福島営業チーム	水道光熱費	0.0	0.0		
040A10200	福島営業チーム	動力費	0.0	0.0		
040A10200	福島営業チーム	事務用品費	0.0	0.0		
040A10200	福島営業チーム	消耗品費	0.0	0.0		
040A10200	福島営業チーム	廃棄物処理料	0.0	0.0		
040A10200	福島営業チーム	広告宣伝費	0.0	0.0		
040A10200	福島営業チーム	接待交際費	50000.0	50000.0	100.0	61.5
040A10200	福島営業チーム	研究開発費	0.0	0.0		
040A10200	福島営業チーム	アフターサービス費	0.0	0.0		
040A10200	福島営業チーム	クレーム費	1000000.0	1000000.0	100.0	67.4
040A10200	福島営業チーム	賃借料	178800.0	178800.0	100.0	100.0
040A10200	福島営業チーム	賃貸料収入	0.0	0.0		
040A10200	福島営業チーム	修繕費	0.0	0.0		
040A10200	福島営業チーム	支払リース料	0.0	0.0		
040A10200	福島営業チーム	保険料	0.0	0.0		
040A10200	福島営業チーム	支払報酬	0.0	0.0		
040A10200	福島営業チーム	販売手数料	0.0	0.0		
040A10200	福島営業チーム	支払手数料	600.0	0.0		100.0
040A10200	福島営業チーム	診断料	0.0	0.0		
040A10200	福島営業チーム	諸会費	0.0	0.0		
040A10200	福島営業チーム	会議費	0.0	0.0		
040A10200	福島営業チーム	寄付金	0.0	0.0		
040A10200	福島営業チーム	租税公課	37000.0	37000.0	100.0	
040A10200	福島営業チーム	業務委託費	0.0	0.0		
040A10200	福島営業チーム	業務受託収入	0.0	0.0		
040A10200	福島営業チーム	システム管理料	0.0	0.0		
040A10200	福島営業チーム	情報機器利用料	0.0	0.0		
040A10200	福島営業チーム	貸倒金	0.0	0.0		
040A10200	福島営業チーム	雑費	0.0	0.0		
040A10200	福島営業チーム	福利消耗品費	0.0	0.0		
040A10200	福島営業チーム	教育研修費	0.0	0.0		
040A10200	福島営業チーム	廃棄損・減耗損	0.0	0.0		
040A10200	福島営業チーム	雑給	0.0	0.0		
040A10200	福島営業チーム	社内金利（固定資産）	0.0	0.0		
040A10200	福島営業チーム	社内金利（売掛金）	547116.0	525000.0	104.2	148.0
040A10200	福島営業チーム	社内金利（在庫）	358.0	0.0		31.9
040A10200	福島営業チーム	開発口銭	0.0	0.0		
040A10200	福島営業チーム	部門共通（経費）	5862777.0	5829741.0	100.5	104.5
040A10200	福島営業チーム	グループ共通	0.0	0.0		
040A10200	福島営業チーム	差引収益	681120.0	2539459.0	26.8	15.4
040A10200	福島営業チーム	差引比率	1.2	2.5	48.0	70.5
040A10200	福島営業チーム	総時間	3961.75	3971.5	99.7	93.1
040A10200	福島営業チーム	定時間	0.0	0.0		
040A10200	福島営業チーム	残業時間	0.0	0.0		
040A10200	福島営業チーム	移動時間	1080.0	1080.0	100.0	100.0
040A10200	福島営業チーム	部門共通（時間）	2881.75	2891.5	99.6	90.8
040A10200	福島営業チーム	当月時間当り	171.9	639.4	26.8	16.5
040A10200	福島営業チーム	人員	0.0	0.0		
040A10400	福島営業課	総受注高	51889703.0	100000000.0	51.8	20.5
040A10400	福島営業課	【新築】受注高	0.0	50000000.0	0.0	0.0
040A10400	福島営業課	【リフォ】受注高	25187000.0	30000000.0	83.9	281.4
040A10400	福島営業課	【資材】受注高	26702703.0	20000000.0	133.5	136.3
040A10400	福島営業課	総売上高	55258831.0	100000000.0	55.2	22.0
040A10400	福島営業課	【新築】売上高	0.0	50000000.0	0.0	0.0
040A10400	福島営業課	【リフォ】売上高	34187000.0	30000000.0	113.9	455.2
040A10400	福島営業課	【資材】売上高	21071831.0	20000000.0	105.3	109.7
040A10400	福島営業課	【新築】インセンティブ	0.0	0.0		
040A10400	福島営業課	【リフォ】インセンティブ	0.0	0.0		
040A10400	福島営業課	【資材】インセンティブ	0.0	0.0		
040A10400	福島営業課	収益①（営業口銭）	5128050.0	7000000.0	73.2	41.6
040A10400	福島営業課	【新築】収益①(営業口銭)	0.0	2500000.0	0.0	0.0
040A10400	福島営業課	【リフォ】収益①(営業口銭)	5128050.0	4500000.0	113.9	455.2
040A10400	福島営業課	【資材】売上原価	17025228.0	16000000.0	106.4	91.0
040A10400	福島営業課	収益②（資材）	4046603.0	4000000.0	101.1	786.2
040A10400	福島営業課	総収益	9174653.0	11000000.0	83.4	71.4
040A10400	福島営業課	総出荷	34187000.0	80000000.0	42.7	14.7
040A10400	福島営業課	社外売	34187000.0	80000000.0	42.7	14.7
040A10400	福島営業課	社内売	0.0	0.0		
040A10400	福島営業課	社内仕入	71120.0	4350000.0	1.6	0.8
040A10400	福島営業課	仕掛1	0.0	0.0		
040A10400	福島営業課	総生産	34115880.0	75650000.0	45.0	15.2
040A10400	福島営業課	経費合計	43236980.0	80100598.0	53.9	21.6
040A10400	福島営業課	経費合計(原価)	27513413.0	62550000.0	43.9	15.5
040A10400	福島営業課	仕掛2	0.0	0.0		0.0
040A10400	福島営業課	商品仕入高	12846651.0	31110000.0	41.2	11.7
040A10400	福島営業課	原材料費	0.0	0.0		
040A10400	福島営業課	外注加工費	13934644.0	31440000.0	44.3	20.8
040A10400	福島営業課	その他 直接経費	732118.0	0.0		
040A10400	福島営業課	他勘定振替高	0.0	0.0		
040A10400	福島営業課	経費合計（販管費）	15723567.0	17550598.0	89.5	68.5
040A10400	福島営業課	減価償却費	0.0	0.0		
040A10400	福島営業課	車両費	0.0	0.0		
040A10400	福島営業課	旅費交通費	816882.0	840000.0	97.2	78.8
040A10400	福島営業課	荷造運搬費	0.0	0.0		0.0
040A10400	福島営業課	通信費	0.0	0.0		
040A10400	福島営業課	水道光熱費	0.0	0.0		
040A10400	福島営業課	動力費	0.0	0.0		
040A10400	福島営業課	事務用品費	0.0	0.0		
040A10400	福島営業課	消耗品費	0.0	0.0		
040A10400	福島営業課	廃棄物処理料	0.0	0.0		
040A10400	福島営業課	広告宣伝費	0.0	0.0		
040A10400	福島営業課	接待交際費	50000.0	50000.0	100.0	61.5
040A10400	福島営業課	研究開発費	0.0	0.0		
040A10400	福島営業課	アフターサービス費	0.0	0.0		
040A10400	福島営業課	クレーム費	1000000.0	1000000.0	100.0	67.4
040A10400	福島営業課	賃借料	178800.0	178800.0	100.0	100.0
040A10400	福島営業課	賃貸料収入	0.0	0.0		
040A10400	福島営業課	修繕費	0.0	0.0		
040A10400	福島営業課	支払リース料	0.0	0.0		
040A10400	福島営業課	保険料	0.0	0.0		
040A10400	福島営業課	支払報酬	0.0	0.0		0.0
040A10400	福島営業課	販売手数料	0.0	0.0		
040A10400	福島営業課	支払手数料	600.0	0.0		100.0
040A10400	福島営業課	診断料	0.0	0.0		
040A10400	福島営業課	諸会費	0.0	0.0		
040A10400	福島営業課	会議費	0.0	0.0		
040A10400	福島営業課	寄付金	0.0	0.0		
040A10400	福島営業課	租税公課	37000.0	37000.0	100.0	
040A10400	福島営業課	業務委託費	0.0	0.0		
040A10400	福島営業課	業務受託収入	0.0	0.0		
040A10400	福島営業課	システム管理料	0.0	0.0		
040A10400	福島営業課	情報機器利用料	0.0	0.0		
040A10400	福島営業課	貸倒金	0.0	0.0		
040A10400	福島営業課	雑費	0.0	0.0		
040A10400	福島営業課	福利消耗品費	0.0	0.0		
040A10400	福島営業課	教育研修費	0.0	0.0		
040A10400	福島営業課	廃棄損・減耗損	0.0	0.0		
040A10400	福島営業課	雑給	0.0	0.0		
040A10400	福島営業課	社内金利（固定資産）	0.0	0.0		
040A10400	福島営業課	社内金利（売掛金）	547116.0	525000.0	104.2	148.0
040A10400	福島営業課	社内金利（在庫）	358.0	0.0		31.9
040A10400	福島営業課	営業口銭①（新築）	0.0	2500000.0	0.0	0.0
040A10400	福島営業課	営業口銭②（リフォ）	5128050.0	4500000.0	113.9	455.2
040A10400	福島営業課	開発口銭	0.0	0.0		
040A10400	福島営業課	部門共通（経費）	7964761.0	7919798.0	100.5	108.4
040A10400	福島営業課	グループ共通	0.0	0.0		
040A10400	福島営業課	差引収益	53553.0	6549402.0	0.8	0.1
040A10400	福島営業課	差引比率	0.0	3.7	0.0	0.0
040A10400	福島営業課	総時間	6092.5	6103.5	99.8	99.7
040A10400	福島営業課	定時間	0.0	0.0		
040A10400	福島営業課	残業時間	0.0	0.0		
040A10400	福島営業課	移動時間	2160.0	2160.0	100.0	100.0
040A10400	福島営業課	部門共通（時間）	3932.5	3943.5	99.7	99.6
040A10400	福島営業課	当月時間当り	8.7	1073.0	0.8	0.1
040A10400	福島営業課	人員	0.0	0.0		
040A30201	福島工務チーム	総出荷	34187000.0	80000000.0	42.7	14.7
040A30201	福島工務チーム	社外売	34187000.0	80000000.0	42.7	14.7
040A30201	福島工務チーム	社内売	0.0	0.0		
040A30201	福島工務チーム	社内仕入	71120.0	4350000.0	1.6	0.8
040A30201	福島工務チーム	仕掛1	0.0	0.0		
040A30201	福島工務チーム	総生産	34115880.0	75650000.0	45.0	15.2
040A30201	福島工務チーム	経費合計	34743447.0	71640057.0	48.4	18.1
040A30201	福島工務チーム	経費合計(原価)	27513413.0	62550000.0	43.9	15.5
040A30201	福島工務チーム	仕掛2	0.0	0.0		0.0
040A30201	福島工務チーム	商品仕入高	12846651.0	31110000.0	41.2	11.7
040A30201	福島工務チーム	原材料費	0.0	0.0		
040A30201	福島工務チーム	外注加工費	13934644.0	31440000.0	44.3	20.8
040A30201	福島工務チーム	その他 直接経費	732118.0	0.0		
040A30201	福島工務チーム	他勘定振替高	0.0	0.0		
040A30201	福島工務チーム	経費合計（販管費）	7230034.0	9090057.0	79.5	49.8
040A30201	福島工務チーム	減価償却費	0.0	0.0		
040A30201	福島工務チーム	車両費	0.0	0.0		
040A30201	福島工務チーム	旅費交通費	0.0	0.0		0.0
040A30201	福島工務チーム	荷造運搬費	0.0	0.0		
040A30201	福島工務チーム	通信費	0.0	0.0		
040A30201	福島工務チーム	水道光熱費	0.0	0.0		
040A30201	福島工務チーム	動力費	0.0	0.0		
040A30201	福島工務チーム	事務用品費	0.0	0.0		
040A30201	福島工務チーム	消耗品費	0.0	0.0		
040A30201	福島工務チーム	廃棄物処理料	0.0	0.0		
040A30201	福島工務チーム	広告宣伝費	0.0	0.0		
040A30201	福島工務チーム	接待交際費	0.0	0.0		
040A30201	福島工務チーム	研究開発費	0.0	0.0		
040A30201	福島工務チーム	アフターサービス費	0.0	0.0		
040A30201	福島工務チーム	クレーム費	0.0	0.0		
040A30201	福島工務チーム	賃借料	0.0	0.0		
040A30201	福島工務チーム	賃貸料収入	0.0	0.0		
040A30201	福島工務チーム	修繕費	0.0	0.0		
040A30201	福島工務チーム	支払リース料	0.0	0.0		
040A30201	福島工務チーム	保険料	0.0	0.0		
040A30201	福島工務チーム	支払報酬	0.0	0.0		0.0
040A30201	福島工務チーム	販売手数料	0.0	0.0		
040A30201	福島工務チーム	支払手数料	0.0	0.0		
040A30201	福島工務チーム	診断料	0.0	0.0		
040A30201	福島工務チーム	諸会費	0.0	0.0		
040A30201	福島工務チーム	会議費	0.0	0.0		
040A30201	福島工務チーム	寄付金	0.0	0.0		
040A30201	福島工務チーム	租税公課	0.0	0.0		
040A30201	福島工務チーム	業務委託費	0.0	0.0		
040A30201	福島工務チーム	業務受託収入	0.0	0.0		
040A30201	福島工務チーム	システム管理料	0.0	0.0		
040A30201	福島工務チーム	情報機器利用料	0.0	0.0		
040A30201	福島工務チーム	貸倒金	0.0	0.0		
040A30201	福島工務チーム	雑費	0.0	0.0		
040A30201	福島工務チーム	福利消耗品費	0.0	0.0		
040A30201	福島工務チーム	教育研修費	0.0	0.0		
040A30201	福島工務チーム	廃棄損・減耗損	0.0	0.0		
040A30201	福島工務チーム	雑給	0.0	0.0		
040A30201	福島工務チーム	社内金利（固定資産）	0.0	0.0		
040A30201	福島工務チーム	社内金利（売掛金）	0.0	0.0		
040A30201	福島工務チーム	社内金利（在庫）	0.0	0.0		
040A30201	福島工務チーム	営業口銭①（新築）	0.0	2500000.0	0.0	0.0
040A30201	福島工務チーム	営業口銭②（リフォ）	5128050.0	4500000.0	113.9	455.2
040A30201	福島工務チーム	開発口銭	0.0	0.0		
040A30201	福島工務チーム	部門共通（経費）	2101984.0	2090057.0	100.5	120.9
040A30201	福島工務チーム	グループ共通	0.0	0.0		
040A30201	福島工務チーム	差引収益	-627567.0	4009943.0		
040A30201	福島工務チーム	差引比率	-1.8	5.3		
040A30201	福島工務チーム	総時間	2130.75	2132.0	99.9	114.9
040A30201	福島工務チーム	定時間	0.0	0.0		
040A30201	福島工務チーム	残業時間	0.0	0.0		
040A30201	福島工務チーム	移動時間	1080.0	1080.0	100.0	100.0
040A30201	福島工務チーム	部門共通（時間）	1050.75	1052.0	99.8	135.7
040A30201	福島工務チーム	当月時間当り	-294.5	1880.8		
040A30201	福島工務チーム	人員	0.0	0.0		
230H61210	管理課	総受注高	0.0	0.0		
230H61210	管理課	【新築】受注高	0.0	0.0		
230H61210	管理課	【リフォ】受注高	0.0	0.0		
230H61210	管理課	【資材】受注高	0.0	0.0		
230H61210	管理課	総売上高	0.0	0.0		
230H61210	管理課	【新築】売上高	0.0	0.0		
230H61210	管理課	【リフォ】売上高	0.0	0.0		
230H61210	管理課	【資材】売上高	0.0	0.0		
230H61210	管理課	【新築】インセンティブ	0.0	0.0		
230H61210	管理課	【リフォ】インセンティブ	0.0	0.0		
230H61210	管理課	【資材】インセンティブ	0.0	0.0		
230H61210	管理課	収益①（営業口銭）	0.0	0.0		
230H61210	管理課	【新築】収益①(営業口銭)	0.0	0.0		
230H61210	管理課	【リフォ】収益①(営業口銭)	0.0	0.0		
230H61210	管理課	【資材】売上原価	0.0	0.0		
230H61210	管理課	収益②（資材）	0.0	0.0		
230H61210	管理課	総収益	0.0	0.0		
230H61210	管理課	経費合計	0.0	0.0		
230H61210	管理課	減価償却費	0.0	0.0		
230H61210	管理課	車両費	319644.0	304860.0	104.8	102.1
230H61210	管理課	旅費交通費	49270.0	50600.0	97.3	23.8
230H61210	管理課	荷造運搬費	823335.0	898395.0	91.6	93.6
230H61210	管理課	通信費	535656.0	535756.0	99.9	103.8
230H61210	管理課	水道光熱費	336807.0	343091.0	98.1	104.9
230H61210	管理課	動力費	0.0	0.0		
230H61210	管理課	事務用品費	38911.0	35184.0	110.5	65.3
230H61210	管理課	消耗品費	41635.0	46211.0	90.0	19.0
230H61210	管理課	廃棄物処理料	46723.0	50064.0	93.3	75.9
230H61210	管理課	広告宣伝費	0.0	0.0		
230H61210	管理課	接待交際費	0.0	0.0		
230H61210	管理課	研究開発費	0.0	0.0		
230H61210	管理課	アフターサービス費	0.0	0.0		
230H61210	管理課	クレーム費	0.0	0.0		
230H61210	管理課	賃借料	5981280.0	5981280.0	100.0	107.4
230H61210	管理課	賃貸料収入	0.0	0.0		
230H61210	管理課	修繕費	6025.0	6025.0	100.0	
230H61210	管理課	支払リース料	10838.0	10618.0	102.0	97.9
230H61210	管理課	保険料	0.0	0.0		
230H61210	管理課	支払報酬	600000.0	600000.0	100.0	100.0
230H61210	管理課	販売手数料	0.0	0.0		
230H61210	管理課	支払手数料	42164.0	44804.0	94.1	115.8
230H61210	管理課	診断料	0.0	0.0		
230H61210	管理課	諸会費	500.0	500.0	100.0	100.0
230H61210	管理課	会議費	0.0	0.0		
230H61210	管理課	寄付金	0.0	0.0		
230H61210	管理課	租税公課	32000.0	32000.0	100.0	42.1
230H61210	管理課	業務委託費	0.0	0.0		
230H61210	管理課	業務受託収入	0.0	0.0		
230H61210	管理課	システム管理料	0.0	0.0		
230H61210	管理課	情報機器利用料	5104340.0	4853740.0	105.1	91.1
230H61210	管理課	貸倒金	0.0	0.0		
230H61210	管理課	雑費	14794.0	13596.0	108.8	42.2
230H61210	管理課	福利消耗品費	14243.0	28590.0	49.8	62.8
230H61210	管理課	教育研修費	14640.0	14640.0	100.0	90.2
230H61210	管理課	廃棄損・減耗損	0.0	0.0		
230H61210	管理課	雑給	0.0	0.0		
230H61210	管理課	社内金利（固定資産）	0.0	0.0		
230H61210	管理課	社内金利（売掛金）	0.0	0.0		
230H61210	管理課	社内金利（在庫）	0.0	0.0		
230H61210	管理課	開発口銭	0.0	0.0		
230H61210	管理課	部門共通（経費）	-16079205.0	-15916354.0		
230H61210	管理課	グループ共通	2066400.0	2066400.0	100.0	100.5
230H61210	管理課	差引収益	0.0	0.0		
230H61210	管理課	差引比率	0.0	0.0		
230H61210	管理課	総時間	0.0	0.0		
230H61210	管理課	定時間	13537.5	13581.0	99.6	97.9
230H61210	管理課	残業時間	1586.75	1323.0	119.9	139.6
230H61210	管理課	移動時間	-1820.5	-1686.0		
230H61210	管理課	部門共通（時間）	-13303.75	-13218.0		
230H61210	管理課	当月時間当り	0.0	0.0		
230H61210	管理課	人員	8.0	8.0	100.0	100.0
230H61100	管理部	総受注高	0.0	0.0		
230H61100	管理部	【新築】受注高	0.0	0.0		
230H61100	管理部	【リフォ】受注高	0.0	0.0		
230H61100	管理部	【資材】受注高	0.0	0.0		
230H61100	管理部	総売上高	0.0	0.0		
230H61100	管理部	【新築】売上高	0.0	0.0		
230H61100	管理部	【リフォ】売上高	0.0	0.0		
230H61100	管理部	【資材】売上高	0.0	0.0		
230H61100	管理部	【新築】インセンティブ	0.0	0.0		
230H61100	管理部	【リフォ】インセンティブ	0.0	0.0		
230H61100	管理部	【資材】インセンティブ	0.0	0.0		
230H61100	管理部	収益①（営業口銭）	0.0	0.0		
230H61100	管理部	【新築】収益①(営業口銭)	0.0	0.0		
230H61100	管理部	【リフォ】収益①(営業口銭)	0.0	0.0		
230H61100	管理部	【資材】売上原価	0.0	0.0		
230H61100	管理部	収益②（資材）	0.0	0.0		
230H61100	管理部	総収益	0.0	0.0		
230H61100	管理部	経費合計	0.0	0.0		
230H61100	管理部	減価償却費	0.0	0.0		
230H61100	管理部	車両費	322644.0	307890.0	104.7	102.5
230H61100	管理部	旅費交通費	265443.0	267600.0	99.1	108.4
230H61100	管理部	荷造運搬費	823335.0	898395.0	91.6	93.6
230H61100	管理部	通信費	653102.0	653310.0	99.9	96.4
230H61100	管理部	水道光熱費	529348.0	539217.0	98.1	88.8
230H61100	管理部	動力費	0.0	0.0		
230H61100	管理部	事務用品費	63168.0	81000.0	77.9	39.6
230H61100	管理部	消耗品費	64803.0	72628.0	89.2	25.4
230H61100	管理部	廃棄物処理料	62002.0	67251.0	92.1	72.6
230H61100	管理部	広告宣伝費	0.0	0.0		
230H61100	管理部	接待交際費	0.0	0.0		
230H61100	管理部	研究開発費	0.0	0.0		
230H61100	管理部	アフターサービス費	0.0	0.0		
230H61100	管理部	クレーム費	0.0	0.0		
230H61100	管理部	賃借料	9400560.0	9400560.0	100.0	90.9
230H61100	管理部	賃貸料収入	0.0	0.0		
230H61100	管理部	修繕費	9469.0	9469.0	100.0	
230H61100	管理部	支払リース料	17036.0	16686.0	102.0	82.8
230H61100	管理部	保険料	186790.0	186790.0	100.0	110.5
230H61100	管理部	支払報酬	600000.0	600000.0	100.0	100.0
230H61100	管理部	販売手数料	0.0	0.0		
230H61100	管理部	支払手数料	42164.0	44804.0	94.1	114.9
230H61100	管理部	診断料	0.0	0.0		
230H61100	管理部	諸会費	500.0	500.0	100.0	100.0
230H61100	管理部	会議費	0.0	0.0		
230H61100	管理部	寄付金	0.0	0.0		
230H61100	管理部	租税公課	32000.0	32000.0	100.0	42.1
230H61100	管理部	業務委託費	0.0	0.0		
230H61100	管理部	業務受託収入	0.0	0.0		
230H61100	管理部	システム管理料	0.0	0.0		
230H61100	管理部	情報機器利用料	6731636.0	6481036.0	103.8	88.0
230H61100	管理部	貸倒金	0.0	0.0		
230H61100	管理部	雑費	22566.0	21360.0	105.6	47.9
230H61100	管理部	福利消耗品費	17437.0	38350.0	45.4	45.1
230H61100	管理部	教育研修費	1584078.0	1792816.0	88.3	72.4
230H61100	管理部	廃棄損・減耗損	0.0	0.0		
230H61100	管理部	雑給	0.0	0.0		
230H61100	管理部	社内金利（固定資産）	0.0	0.0		
230H61100	管理部	社内金利（売掛金）	0.0	0.0		
230H61100	管理部	社内金利（在庫）	0.0	0.0		
230H61100	管理部	開発口銭	0.0	0.0		
230H61100	管理部	部門共通（経費）	-24698081.0	-24781662.0		
230H61100	管理部	グループ共通	3270000.0	3270000.0	100.0	85.7
230H61100	管理部	差引収益	0.0	0.0		
230H61100	管理部	差引比率	0.0	0.0		
230H61100	管理部	総時間	0.0	0.0		
230H61100	管理部	定時間	20621.75	20637.0	99.9	94.1
230H61100	管理部	残業時間	2071.0	1796.0	115.3	128.5
230H61100	管理部	移動時間	-965.0	-731.0		
230H61100	管理部	部門共通（時間）	-21727.75	-21702.0		
230H61100	管理部	当月時間当り	0.0	0.0		
230H61100	管理部	人員	12.0	12.0	100.0	92.3
003060100	経営本部	総受注高	0.0	0.0		
003060100	経営本部	【新築】受注高	0.0	0.0		
003060100	経営本部	【リフォ】受注高	0.0	0.0		
003060100	経営本部	【資材】受注高	0.0	0.0		
003060100	経営本部	総売上高	0.0	0.0		
003060100	経営本部	【新築】売上高	0.0	0.0		
003060100	経営本部	【リフォ】売上高	0.0	0.0		
003060100	経営本部	【資材】売上高	0.0	0.0		
003060100	経営本部	【新築】インセンティブ	0.0	0.0		
003060100	経営本部	【リフォ】インセンティブ	0.0	0.0		
003060100	経営本部	【資材】インセンティブ	0.0	0.0		
003060100	経営本部	収益①（営業口銭）	0.0	0.0		
003060100	経営本部	【新築】収益①(営業口銭)	0.0	0.0		
003060100	経営本部	【リフォ】収益①(営業口銭)	0.0	0.0		
003060100	経営本部	【資材】売上原価	0.0	0.0		
003060100	経営本部	収益②（資材）	0.0	0.0		
003060100	経営本部	総収益	0.0	0.0		
003060100	経営本部	経費合計	0.0	0.0		
003060100	経営本部	減価償却費	25452.0	0.0		
003060100	経営本部	車両費	910891.0	907890.0	100.3	23.9
003060100	経営本部	旅費交通費	8890971.0	8838600.0	100.5	193.1
003060100	経営本部	荷造運搬費	915200.0	1006395.0	90.9	2.7
003060100	経営本部	通信費	1026880.0	1021341.0	100.5	89.0
003060100	経営本部	水道光熱費	1110591.0	1132338.0	98.0	91.8
003060100	経営本部	動力費	0.0	0.0		
003060100	経営本部	事務用品費	198879.0	220876.0	90.0	62.6
003060100	経営本部	消耗品費	187872.0	189644.0	99.0	12.7
003060100	経営本部	廃棄物処理料	133980.0	145731.0	91.9	18.9
003060100	経営本部	広告宣伝費	20004087.0	19488000.0	102.6	142.3
003060100	経営本部	接待交際費	549551.0	597000.0	92.0	79.9
003060100	経営本部	研究開発費	0.0	0.0		
003060100	経営本部	アフターサービス費	0.0	0.0		
003060100	経営本部	クレーム費	300000.0	360000.0	83.3	75.4
003060100	経営本部	賃借料	19655280.0	19655280.0	100.0	101.0
003060100	経営本部	賃貸料収入	0.0	0.0		
003060100	経営本部	修繕費	19799.0	19799.0	100.0	
003060100	経営本部	支払リース料	38616.0	38270.0	100.9	30.5
003060100	経営本部	保険料	216790.0	216790.0	100.0	111.4
003060100	経営本部	支払報酬	2536364.0	2400000.0	105.6	88.2
003060100	経営本部	販売手数料	0.0	0.0		
003060100	経営本部	支払手数料	1667349.0	2270321.0	73.4	73.7
003060100	経営本部	診断料	2617650.0	2040000.0	128.3	134.9
003060100	経営本部	諸会費	500.0	500.0	100.0	2.3
003060100	経営本部	会議費	0.0	0.0		
003060100	経営本部	寄付金	0.0	0.0		
003060100	経営本部	租税公課	36000.0	40000.0	90.0	40.5
003060100	経営本部	業務委託費	1200000.0	1200000.0	100.0	100.0
003060100	経営本部	業務受託収入	0.0	0.0		
003060100	経営本部	システム管理料	0.0	0.0		
003060100	経営本部	情報機器利用料	18305792.0	17970684.0	101.8	106.9
003060100	経営本部	貸倒金	0.0	0.0		
003060100	経営本部	雑費	1866418.0	2038068.0	91.5	139.0
003060100	経営本部	福利消耗品費	52589.0	116238.0	45.2	21.0
003060100	経営本部	教育研修費	1777912.0	1987436.0	89.4	77.2
003060100	経営本部	廃棄損・減耗損	0.0	0.0		0.0
003060100	経営本部	雑給	0.0	0.0		
003060100	経営本部	社内金利（固定資産）	1878.0	0.0		
003060100	経営本部	社内金利（売掛金）	0.0	0.0		
003060100	経営本部	社内金利（在庫）	0.0	0.0		
003060100	経営本部	開発口銭	0.0	0.0		
003060100	経営本部	部門共通（経費）	-91137691.0	-90791601.0		
003060100	経営本部	グループ共通	6890400.0	6890400.0	100.0	90.1
003060100	経営本部	差引収益	0.0	0.0		
003060100	経営本部	差引比率	0.0	0.0		
003060100	経営本部	総時間	0.0	0.0		
003060100	経営本部	定時間	43469.25	43655.0	99.5	85.4
003060100	経営本部	残業時間	4732.5	4397.0	107.6	99.8
003060100	経営本部	移動時間	-311.0	-65.0		
003060100	経営本部	部門共通（時間）	-47890.75	-47987.0		
003060100	経営本部	当月時間当り	0.0	0.0		
003060100	経営本部	人員	24.0	24.0	100.0	82.7
230C30200	製造部	総出荷	2158657850.0	2748000000.0	78.5	90.6
230C30200	製造部	社外売	0.0	0.0		
230C30200	製造部	社内売	2158657850.0	2748000000.0	78.5	90.6
230C30200	製造部	社内仕入	587722781.0	648000000.0	90.6	103.8
230C30200	製造部	仕掛1	0.0	0.0		
230C30200	製造部	総生産	1570935069.0	2100000000.0	74.8	86.5
230C30200	製造部	経費合計	1373371200.0	1776939404.0	77.2	88.3
230C30200	製造部	経費合計(原価)	1245499071.0	1648370000.0	75.5	87.1
230C30200	製造部	仕掛2	-430778.0	0.0		
230C30200	製造部	商品仕入高	493367071.0	705390200.0	69.9	83.4
230C30200	製造部	原材料費	749920021.0	934809800.0	80.2	88.3
230C30200	製造部	外注加工費	13599560.0	19800000.0	68.6	111.5
230C30200	製造部	その他 直接経費	0.0	0.0		
230C30200	製造部	他勘定振替高	-10956803.0	-11630000.0		
230C30200	製造部	経費合計（販管費）	127872129.0	128569404.0	99.4	102.5
230C30200	製造部	減価償却費	9838681.0	9838681.0	100.0	152.9
230C30200	製造部	車両費	4708234.0	4919025.0	95.7	81.5
230C30200	製造部	旅費交通費	522200.0	560000.0	93.2	162.0
230C30200	製造部	荷造運搬費	107163.0	153000.0	70.0	90.7
230C30200	製造部	通信費	750431.0	744754.0	100.7	93.2
230C30200	製造部	水道光熱費	425131.0	405600.0	104.8	95.8
230C30200	製造部	動力費	7478241.0	7950528.0	94.0	113.4
230C30200	製造部	事務用品費	807126.0	842224.0	95.8	147.3
230C30200	製造部	消耗品費	9473399.0	9240824.0	102.5	107.2
230C30200	製造部	廃棄物処理料	-163930.0	-440004.0		
230C30200	製造部	広告宣伝費	0.0	0.0		
230C30200	製造部	接待交際費	375595.0	360000.0	104.3	
230C30200	製造部	研究開発費	0.0	0.0		
230C30200	製造部	アフターサービス費	0.0	0.0		
230C30200	製造部	クレーム費	17800.0	0.0		
230C30200	製造部	賃借料	28432348.0	28554168.0	99.5	88.5
230C30200	製造部	賃貸料収入	-585000.0	-708000.0		
230C30200	製造部	修繕費	2245000.0	2435000.0	92.1	168.7
230C30200	製造部	支払リース料	346277.0	353863.0	97.8	105.8
230C30200	製造部	保険料	332304.0	332304.0	100.0	86.1
230C30200	製造部	支払報酬	0.0	0.0		
230C30200	製造部	販売手数料	0.0	0.0		
230C30200	製造部	支払手数料	476719.0	561736.0	84.8	88.9
230C30200	製造部	診断料	0.0	0.0		
230C30200	製造部	諸会費	85089.0	85770.0	99.2	117.7
230C30200	製造部	会議費	0.0	0.0		
230C30200	製造部	寄付金	5000.0	5000.0	100.0	
230C30200	製造部	租税公課	637975.0	637975.0	100.0	142.7
230C30200	製造部	業務委託費	0.0	0.0		
230C30200	製造部	業務受託収入	0.0	0.0		
230C30200	製造部	システム管理料	0.0	0.0		
230C30200	製造部	情報機器利用料	17126134.0	16898844.0	101.3	102.6
230C30200	製造部	貸倒金	0.0	0.0		
230C30200	製造部	雑費	293197.0	274885.0	106.6	94.4
230C30200	製造部	福利消耗品費	626773.0	668910.0	93.7	260.3
230C30200	製造部	教育研修費	446723.0	498500.0	89.6	680.9
230C30200	製造部	廃棄損・減耗損	10956803.0	11630000.0	94.2	90.9
230C30200	製造部	雑給	0.0	0.0		
230C30200	製造部	社内金利（固定資産）	2381619.0	2381618.0	100.0	102.4
230C30200	製造部	社内金利（売掛金）	0.0	0.0		
230C30200	製造部	社内金利（在庫）	5086179.0	4853876.0	104.7	102.5
230C30200	製造部	営業口銭①（新築）	0.0	0.0		
230C30200	製造部	営業口銭②（リフォ）	0.0	0.0		
230C30200	製造部	開発口銭	0.0	0.0		
230C30200	製造部	部門共通（経費）	15580118.0	15471523.0	100.7	117.1
230C30200	製造部	グループ共通	9058800.0	9058800.0	100.0	88.0
230C30200	製造部	差引収益	197563869.0	323060596.0	61.1	75.3
230C30200	製造部	差引比率	12.5	15.3	81.6	86.8
230C30200	製造部	総時間	79372.5	80371.25	98.7	113.4
230C30200	製造部	定時間	63526.5	64346.0	98.7	109.3
230C30200	製造部	残業時間	4701.0	4853.0	96.8	237.4
230C30200	製造部	移動時間	1407.0	1419.0	99.1	108.8
230C30200	製造部	部門共通（時間）	9738.0	9753.25	99.8	113.9
230C30200	製造部	当月時間当り	2489.0	4019.6	61.9	66.4
230C30200	製造部	人員	33.0	34.0	97.0	100.0
230Q10200	西三河営業チーム	総受注高	799541421.0	840000000.0	95.1	99.9
230Q10200	西三河営業チーム	【新築】受注高	160218000.0	130000000.0	123.2	133.9
230Q10200	西三河営業チーム	【リフォ】受注高	185957185.0	280000000.0	66.4	69.2
230Q10200	西三河営業チーム	【資材】受注高	453366236.0	430000000.0	105.4	109.9
230Q10200	西三河営業チーム	総売上高	736482056.0	840000000.0	87.6	90.7
230Q10200	西三河営業チーム	【新築】売上高	105853000.0	130000000.0	81.4	87.0
230Q10200	西三河営業チーム	【リフォ】売上高	207189408.0	280000000.0	73.9	78.7
230Q10200	西三河営業チーム	【資材】売上高	423439648.0	430000000.0	98.4	99.3
230Q10200	西三河営業チーム	【新築】インセンティブ	0.0	0.0		
230Q10200	西三河営業チーム	【リフォ】インセンティブ	0.0	0.0		
230Q10200	西三河営業チーム	【資材】インセンティブ	0.0	0.0		
230Q10200	西三河営業チーム	収益①（営業口銭）	36371059.0	48500000.0	74.9	79.8
230Q10200	西三河営業チーム	【新築】収益①(営業口銭)	5292650.0	6500000.0	81.4	87.0
230Q10200	西三河営業チーム	【リフォ】収益①(営業口銭)	31078409.0	42000000.0	73.9	78.7
230Q10200	西三河営業チーム	【資材】売上原価	315530001.0	320000000.0	98.6	97.8
230Q10200	西三河営業チーム	収益②（資材）	107909647.0	110000000.0	98.0	103.7
230Q10200	西三河営業チーム	総収益	144280706.0	158500000.0	91.0	96.4
230Q10200	西三河営業チーム	経費合計	49976448.0	50494932.0	98.9	103.6
230Q10200	西三河営業チーム	減価償却費	504621.0	500441.0	100.8	99.2
230Q10200	西三河営業チーム	車両費	7966050.0	8155894.0	97.6	100.5
230Q10200	西三河営業チーム	旅費交通費	643233.0	566000.0	113.6	90.0
230Q10200	西三河営業チーム	荷造運搬費	192515.0	174000.0	110.6	92.5
230Q10200	西三河営業チーム	通信費	882001.0	875324.0	100.7	96.4
230Q10200	西三河営業チーム	水道光熱費	657578.0	672000.0	97.8	108.1
230Q10200	西三河営業チーム	動力費	0.0	0.0		
230Q10200	西三河営業チーム	事務用品費	331464.0	348000.0	95.2	95.0
230Q10200	西三河営業チーム	消耗品費	268082.0	304390.0	88.0	133.4
230Q10200	西三河営業チーム	廃棄物処理料	978324.0	998000.0	98.0	118.0
230Q10200	西三河営業チーム	広告宣伝費	67000.0	67000.0	100.0	90.6
230Q10200	西三河営業チーム	接待交際費	203200.0	160000.0	127.0	225.4
230Q10200	西三河営業チーム	研究開発費	0.0	0.0		
230Q10200	西三河営業チーム	アフターサービス費	0.0	0.0		
230Q10200	西三河営業チーム	クレーム費	1800000.0	2000000.0	90.0	49.9
230Q10200	西三河営業チーム	賃借料	3704210.0	3735710.0	99.1	99.1
230Q10200	西三河営業チーム	賃貸料収入	0.0	0.0		
230Q10200	西三河営業チーム	修繕費	1898000.0	2076120.0	91.4	466.3
230Q10200	西三河営業チーム	支払リース料	73864.0	73920.0	99.9	91.5
230Q10200	西三河営業チーム	保険料	24528.0	24528.0	100.0	97.1
230Q10200	西三河営業チーム	支払報酬	72727.0	72727.0	100.0	
230Q10200	西三河営業チーム	販売手数料	0.0	0.0		
230Q10200	西三河営業チーム	支払手数料	462638.0	459000.0	100.7	96.9
230Q10200	西三河営業チーム	診断料	0.0	0.0		
230Q10200	西三河営業チーム	諸会費	91190.0	80340.0	113.5	157.9
230Q10200	西三河営業チーム	会議費	0.0	0.0		
230Q10200	西三河営業チーム	寄付金	13000.0	13000.0	100.0	100.0
230Q10200	西三河営業チーム	租税公課	257780.0	255400.0	100.9	108.2
230Q10200	西三河営業チーム	業務委託費	0.0	0.0		
230Q10200	西三河営業チーム	業務受託収入	0.0	0.0		
230Q10200	西三河営業チーム	システム管理料	0.0	0.0		
230Q10200	西三河営業チーム	情報機器利用料	6552208.0	6554400.0	99.9	88.7
230Q10200	西三河営業チーム	貸倒金	0.0	0.0		
230Q10200	西三河営業チーム	雑費	126449.0	121800.0	103.8	61.3
230Q10200	西三河営業チーム	福利消耗品費	1050.0	137510.0	0.7	0.4
230Q10200	西三河営業チーム	教育研修費	90228.0	66600.0	135.4	98.6
230Q10200	西三河営業チーム	廃棄損・減耗損	0.0	0.0		0.0
230Q10200	西三河営業チーム	雑給	0.0	0.0		
230Q10200	西三河営業チーム	社内金利（固定資産）	488399.0	461496.0	105.8	106.9
230Q10200	西三河営業チーム	社内金利（売掛金）	227253.0	211000.0	107.7	111.4
230Q10200	西三河営業チーム	社内金利（在庫）	407563.0	361541.0	112.7	148.9
230Q10200	西三河営業チーム	開発口銭	0.0	0.0		
230Q10200	西三河営業チーム	部門共通（経費）	17674493.0	17651991.0	100.1	122.1
230Q10200	西三河営業チーム	グループ共通	3316800.0	3316800.0	100.0	86.9
230Q10200	西三河営業チーム	差引収益	94304258.0	108005068.0	87.3	93.0
230Q10200	西三河営業チーム	差引比率	12.8	12.8	100.0	103.2
230Q10200	西三河営業チーム	総時間	35500.75	35172.0	100.9	98.1
230Q10200	西三河営業チーム	定時間	20849.25	20944.0	99.5	90.3
230Q10200	西三河営業チーム	残業時間	2886.25	2409.0	119.8	118.3
230Q10200	西三河営業チーム	移動時間	742.0	742.0	100.0	256.5
230Q10200	西三河営業チーム	部門共通（時間）	11023.25	11077.0	99.5	106.4
230Q10200	西三河営業チーム	当月時間当り	2656.4	3070.7	86.5	94.7
230Q10200	西三河営業チーム	人員	11.0	11.0	100.0	84.6
230Q10300	西三河営業課	総受注高	799541421.0	840000000.0	95.1	99.9
230Q10300	西三河営業課	【新築】受注高	160218000.0	130000000.0	123.2	133.9
230Q10300	西三河営業課	【リフォ】受注高	185957185.0	280000000.0	66.4	69.2
230Q10300	西三河営業課	【資材】受注高	453366236.0	430000000.0	105.4	109.9
230Q10300	西三河営業課	総売上高	736482056.0	840000000.0	87.6	90.7
230Q10300	西三河営業課	【新築】売上高	105853000.0	130000000.0	81.4	87.0
230Q10300	西三河営業課	【リフォ】売上高	207189408.0	280000000.0	73.9	78.7
230Q10300	西三河営業課	【資材】売上高	423439648.0	430000000.0	98.4	99.3
230Q10300	西三河営業課	【新築】インセンティブ	0.0	0.0		
230Q10300	西三河営業課	【リフォ】インセンティブ	0.0	0.0		
230Q10300	西三河営業課	【資材】インセンティブ	0.0	0.0		
230Q10300	西三河営業課	収益①（営業口銭）	36371059.0	48500000.0	74.9	79.8
230Q10300	西三河営業課	【新築】収益①(営業口銭)	5292650.0	6500000.0	81.4	87.0
230Q10300	西三河営業課	【リフォ】収益①(営業口銭)	31078409.0	42000000.0	73.9	78.7
230Q10300	西三河営業課	【資材】売上原価	315530001.0	320000000.0	98.6	97.8
230Q10300	西三河営業課	収益②（資材）	107909647.0	110000000.0	98.0	103.7
230Q10300	西三河営業課	総収益	144280706.0	158500000.0	91.0	96.4
230Q10300	西三河営業課	総出荷	313042408.0	410000000.0	76.3	81.3
230Q10300	西三河営業課	社外売	313042408.0	410000000.0	76.3	81.3
230Q10300	西三河営業課	社内売	0.0	0.0		
230Q10300	西三河営業課	社内仕入	43320161.0	41110000.0	105.3	86.7
230Q10300	西三河営業課	仕掛1	0.0	0.0		
230Q10300	西三河営業課	総生産	269722247.0	368890000.0	73.1	80.4
230Q10300	西三河営業課	経費合計	299647142.0	385464293.0	77.7	85.2
230Q10300	西三河営業課	経費合計(原価)	195883760.0	268890000.0	72.8	80.4
230Q10300	西三河営業課	仕掛2	0.0	0.0		0.0
230Q10300	西三河営業課	商品仕入高	105655744.0	103400000.0	102.1	115.3
230Q10300	西三河営業課	原材料費	0.0	0.0		
230Q10300	西三河営業課	外注加工費	87166590.0	159190000.0	54.7	57.5
230Q10300	西三河営業課	その他 直接経費	3061426.0	6300000.0	48.5	
230Q10300	西三河営業課	他勘定振替高	0.0	0.0		
230Q10300	西三河営業課	経費合計（販管費）	103763382.0	116574293.0	89.0	95.7
230Q10300	西三河営業課	減価償却費	537035.0	532841.0	100.7	97.3
230Q10300	西三河営業課	車両費	10659856.0	10823494.0	98.4	102.3
230Q10300	西三河営業課	旅費交通費	762657.0	700000.0	108.9	90.9
230Q10300	西三河営業課	荷造運搬費	225615.0	202100.0	111.6	84.6
230Q10300	西三河営業課	通信費	1059923.0	1049724.0	100.9	101.1
230Q10300	西三河営業課	水道光熱費	1083099.0	1090100.0	99.3	108.2
230Q10300	西三河営業課	動力費	0.0	0.0		
230Q10300	西三河営業課	事務用品費	412661.0	426100.0	96.8	99.9
230Q10300	西三河営業課	消耗品費	328131.0	384190.0	85.4	123.3
230Q10300	西三河営業課	廃棄物処理料	1259871.0	1265700.0	99.5	116.5
230Q10300	西三河営業課	広告宣伝費	67000.0	67000.0	100.0	90.6
230Q10300	西三河営業課	接待交際費	223200.0	180000.0	124.0	204.1
230Q10300	西三河営業課	研究開発費	0.0	0.0		
230Q10300	西三河営業課	アフターサービス費	0.0	0.0		
230Q10300	西三河営業課	クレーム費	1800000.0	2000000.0	90.0	49.9
230Q10300	西三河営業課	賃借料	5293710.0	5293710.0	100.0	100.0
230Q10300	西三河営業課	賃貸料収入	0.0	0.0		
230Q10300	西三河営業課	修繕費	2600000.0	2844000.0	91.4	520.0
230Q10300	西三河営業課	支払リース料	95402.0	94320.0	101.1	94.6
230Q10300	西三河営業課	保険料	24528.0	24528.0	100.0	97.1
230Q10300	西三河営業課	支払報酬	72727.0	72727.0	100.0	98.0
230Q10300	西三河営業課	販売手数料	0.0	0.0		
230Q10300	西三河営業課	支払手数料	556130.0	551200.0	100.8	97.9
230Q10300	西三河営業課	診断料	0.0	0.0		
230Q10300	西三河営業課	諸会費	91190.0	80340.0	113.5	152.6
230Q10300	西三河営業課	会議費	0.0	0.0		
230Q10300	西三河営業課	寄付金	13000.0	13000.0	100.0	100.0
230Q10300	西三河営業課	租税公課	259075.0	255400.0	101.4	107.8
230Q10300	西三河営業課	業務委託費	0.0	0.0		
230Q10300	西三河営業課	業務受託収入	0.0	0.0		
230Q10300	西三河営業課	システム管理料	0.0	0.0		
230Q10300	西三河営業課	情報機器利用料	9107568.0	9178560.0	99.2	100.0
230Q10300	西三河営業課	貸倒金	0.0	0.0		
230Q10300	西三河営業課	雑費	149853.0	166500.0	90.0	60.1
230Q10300	西三河営業課	福利消耗品費	22841.0	159455.0	14.3	8.2
230Q10300	西三河営業課	教育研修費	151228.0	213800.0	70.7	66.2
230Q10300	西三河営業課	廃棄損・減耗損	0.0	0.0		0.0
230Q10300	西三河営業課	雑給	0.0	0.0		
230Q10300	西三河営業課	社内金利（固定資産）	489007.0	461496.0	105.9	105.9
230Q10300	西三河営業課	社内金利（売掛金）	227253.0	211000.0	107.7	111.4
230Q10300	西三河営業課	社内金利（在庫）	407563.0	361541.0	112.7	148.9
230Q10300	西三河営業課	営業口銭①（新築）	5292650.0	6500000.0	81.4	87.0
230Q10300	西三河営業課	営業口銭②（リフォ）	31078409.0	42000000.0	73.9	78.7
230Q10300	西三河営業課	開発口銭	0.0	0.0		
230Q10300	西三河営業課	部門共通（経費）	24891800.0	24851067.0	100.1	120.2
230Q10300	西三河営業課	グループ共通	4520400.0	4520400.0	100.0	96.2
230Q10300	西三河営業課	差引収益	114355811.0	141925707.0	80.5	85.7
230Q10300	西三河営業課	差引比率	11.3	11.7	96.5	97.4
230Q10300	西三河営業課	総時間	47440.75	47322.5	100.2	106.6
230Q10300	西三河営業課	定時間	28520.25	28768.0	99.1	101.9
230Q10300	西三河営業課	残業時間	3734.75	3309.0	112.8	124.0
230Q10300	西三河営業課	移動時間	742.0	742.0	100.0	260.1
230Q10300	西三河営業課	部門共通（時間）	14443.75	14503.5	99.5	109.4
230Q10300	西三河営業課	当月時間当り	2410.4	2999.1	80.3	80.3
230Q10300	西三河営業課	人員	15.0	15.0	100.0	93.7
230Q30101	西三河工務チーム	総出荷	313042408.0	410000000.0	76.3	81.3
230Q30101	西三河工務チーム	社外売	313042408.0	410000000.0	76.3	81.3
230Q30101	西三河工務チーム	社内売	0.0	0.0		
230Q30101	西三河工務チーム	社内仕入	43320161.0	41110000.0	105.3	86.7
230Q30101	西三河工務チーム	仕掛1	0.0	0.0		
230Q30101	西三河工務チーム	総生産	269722247.0	368890000.0	73.1	80.4
230Q30101	西三河工務チーム	経費合計	249670694.0	334969361.0	74.5	82.2
230Q30101	西三河工務チーム	経費合計(原価)	195883760.0	268890000.0	72.8	80.4
230Q30101	西三河工務チーム	仕掛2	0.0	0.0		0.0
230Q30101	西三河工務チーム	商品仕入高	105655744.0	103400000.0	102.1	115.3
230Q30101	西三河工務チーム	原材料費	0.0	0.0		
230Q30101	西三河工務チーム	外注加工費	87166590.0	159190000.0	54.7	57.5
230Q30101	西三河工務チーム	その他 直接経費	3061426.0	6300000.0	48.5	
230Q30101	西三河工務チーム	他勘定振替高	0.0	0.0		
230Q30101	西三河工務チーム	経費合計（販管費）	53786934.0	66079361.0	81.3	89.5
230Q30101	西三河工務チーム	減価償却費	32414.0	32400.0	100.0	74.8
230Q30101	西三河工務チーム	車両費	2693806.0	2667600.0	100.9	107.9
230Q30101	西三河工務チーム	旅費交通費	119424.0	134000.0	89.1	96.2
230Q30101	西三河工務チーム	荷造運搬費	33100.0	28100.0	117.7	56.5
230Q30101	西三河工務チーム	通信費	177922.0	174400.0	102.0	133.6
230Q30101	西三河工務チーム	水道光熱費	425521.0	418100.0	101.7	108.5
230Q30101	西三河工務チーム	動力費	0.0	0.0		
230Q30101	西三河工務チーム	事務用品費	81197.0	78100.0	103.9	126.2
230Q30101	西三河工務チーム	消耗品費	60049.0	79800.0	75.2	92.1
230Q30101	西三河工務チーム	廃棄物処理料	281547.0	267700.0	105.1	111.7
230Q30101	西三河工務チーム	広告宣伝費	0.0	0.0		
230Q30101	西三河工務チーム	接待交際費	20000.0	20000.0	100.0	104.0
230Q30101	西三河工務チーム	研究開発費	0.0	0.0		
230Q30101	西三河工務チーム	アフターサービス費	0.0	0.0		
230Q30101	西三河工務チーム	クレーム費	0.0	0.0		
230Q30101	西三河工務チーム	賃借料	1589500.0	1558000.0	102.0	102.0
230Q30101	西三河工務チーム	賃貸料収入	0.0	0.0		
230Q30101	西三河工務チーム	修繕費	702000.0	767880.0	91.4	754.8
230Q30101	西三河工務チーム	支払リース料	21538.0	20400.0	105.5	106.8
230Q30101	西三河工務チーム	保険料	0.0	0.0		
230Q30101	西三河工務チーム	支払報酬	0.0	0.0		0.0
230Q30101	西三河工務チーム	販売手数料	0.0	0.0		
230Q30101	西三河工務チーム	支払手数料	93492.0	92200.0	101.4	103.1
230Q30101	西三河工務チーム	診断料	0.0	0.0		
230Q30101	西三河工務チーム	諸会費	0.0	0.0		0.0
230Q30101	西三河工務チーム	会議費	0.0	0.0		
230Q30101	西三河工務チーム	寄付金	0.0	0.0		
230Q30101	西三河工務チーム	租税公課	1295.0	0.0		63.1
230Q30101	西三河工務チーム	業務委託費	0.0	0.0		
230Q30101	西三河工務チーム	業務受託収入	0.0	0.0		
230Q30101	西三河工務チーム	システム管理料	0.0	0.0		
230Q30101	西三河工務チーム	情報機器利用料	2555360.0	2624160.0	97.3	148.0
230Q30101	西三河工務チーム	貸倒金	0.0	0.0		
230Q30101	西三河工務チーム	雑費	23404.0	44700.0	52.3	54.6
230Q30101	西三河工務チーム	福利消耗品費	21791.0	21945.0	99.2	147.0
230Q30101	西三河工務チーム	教育研修費	61000.0	147200.0	41.4	44.6
230Q30101	西三河工務チーム	廃棄損・減耗損	0.0	0.0		
230Q30101	西三河工務チーム	雑給	0.0	0.0		
230Q30101	西三河工務チーム	社内金利（固定資産）	608.0	0.0		11.9
230Q30101	西三河工務チーム	社内金利（売掛金）	0.0	0.0		
230Q30101	西三河工務チーム	社内金利（在庫）	0.0	0.0		
230Q30101	西三河工務チーム	営業口銭①（新築）	5292650.0	6500000.0	81.4	87.0
230Q30101	西三河工務チーム	営業口銭②（リフォ）	31078409.0	42000000.0	73.9	78.7
230Q30101	西三河工務チーム	開発口銭	0.0	0.0		
230Q30101	西三河工務チーム	部門共通（経費）	7217307.0	7199076.0	100.2	115.8
230Q30101	西三河工務チーム	グループ共通	1203600.0	1203600.0	100.0	136.8
230Q30101	西三河工務チーム	差引収益	20051553.0	33920639.0	59.1	62.6
230Q30101	西三河工務チーム	差引比率	7.4	9.1	81.3	77.8
230Q30101	西三河工務チーム	総時間	11940.0	12150.5	98.2	143.5
230Q30101	西三河工務チーム	定時間	7671.0	7824.0	98.0	156.4
230Q30101	西三河工務チーム	残業時間	848.5	900.0	94.2	148.0
230Q30101	西三河工務チーム	移動時間	0.0	0.0		
230Q30101	西三河工務チーム	部門共通（時間）	3420.5	3426.5	99.8	120.2
230Q30101	西三河工務チーム	当月時間当り	1679.3	2791.7	60.1	43.6
230Q30101	西三河工務チーム	人員	4.0	4.0	100.0	133.3
230H10400	西日本営業部	総受注高	2096868118.0	4020000000.0	52.1	71.4
230H10400	西日本営業部	【新築】受注高	874640000.0	2500000000.0	34.9	64.6
230H10400	西日本営業部	【リフォ】受注高	285362195.0	630000000.0	45.2	46.7
230H10400	西日本営業部	【資材】受注高	936865923.0	890000000.0	105.2	96.3
230H10400	西日本営業部	総売上高	2135638275.0	4020000000.0	53.1	43.0
230H10400	西日本営業部	【新築】売上高	899725000.0	2500000000.0	35.9	27.1
230H10400	西日本営業部	【リフォ】売上高	323422004.0	630000000.0	51.3	48.0
230H10400	西日本営業部	【資材】売上高	912751271.0	890260000.0	102.5	93.2
230H10400	西日本営業部	【新築】インセンティブ	0.0	0.0		
230H10400	西日本営業部	【リフォ】インセンティブ	0.0	0.0		
230H10400	西日本営業部	【資材】インセンティブ	-260000.0	-260000.0		
230H10400	西日本営業部	収益①（営業口銭）	93499547.0	219500000.0	42.5	33.2
230H10400	西日本営業部	【新築】収益①(営業口銭)	44986250.0	125000000.0	35.9	24.9
230H10400	西日本営業部	【リフォ】収益①(営業口銭)	48513297.0	94500000.0	51.3	48.0
230H10400	西日本営業部	【資材】売上原価	750092895.0	731000000.0	102.6	90.5
230H10400	西日本営業部	収益②（資材）	162398376.0	159000000.0	102.1	108.3
230H10400	西日本営業部	総収益	255897923.0	378500000.0	67.6	59.3
230H10400	西日本営業部	総出荷	1223147004.0	3130000000.0	39.0	30.7
230H10400	西日本営業部	社外売	1223147004.0	3130000000.0	39.0	30.7
230H10400	西日本営業部	社内売	0.0	0.0		
230H10400	西日本営業部	社内仕入	335154877.0	775425000.0	43.2	71.3
230H10400	西日本営業部	仕掛1	-201123.0	0.0		
230H10400	西日本営業部	総生産	888193250.0	2354575000.0	37.7	27.4
230H10400	西日本営業部	経費合計	1043643772.0	2327869444.0	44.8	31.4
230H10400	西日本営業部	経費合計(原価)	793006551.0	1951575000.0	40.6	28.0
230H10400	西日本営業部	仕掛2	1873445.0	0.0		0.4
230H10400	西日本営業部	商品仕入高	392217774.0	1004371001.0	39.0	41.3
230H10400	西日本営業部	原材料費	0.0	0.0		
230H10400	西日本営業部	外注加工費	339565034.0	885696999.0	38.3	22.7
230H10400	西日本営業部	その他 直接経費	59350298.0	61507000.0	96.4	
230H10400	西日本営業部	他勘定振替高	0.0	0.0		
230H10400	西日本営業部	経費合計（販管費）	250637221.0	376294444.0	66.6	51.1
230H10400	西日本営業部	減価償却費	550865.0	537381.0	102.5	80.1
230H10400	西日本営業部	車両費	18487433.0	17423939.0	106.1	88.8
230H10400	西日本営業部	旅費交通費	12678309.0	12503000.0	101.4	38.1
230H10400	西日本営業部	荷造運搬費	284605.0	304000.0	93.6	46.4
230H10400	西日本営業部	通信費	2150773.0	2225063.0	96.6	105.9
230H10400	西日本営業部	水道光熱費	1786230.0	1987054.0	89.8	89.5
230H10400	西日本営業部	動力費	0.0	0.0		
230H10400	西日本営業部	事務用品費	829138.0	905840.0	91.5	94.0
230H10400	西日本営業部	消耗品費	495884.0	537902.0	92.1	80.8
230H10400	西日本営業部	廃棄物処理料	2187245.0	2129941.0	102.6	98.2
230H10400	西日本営業部	広告宣伝費	394000.0	418000.0	94.2	120.9
230H10400	西日本営業部	接待交際費	1772146.0	2050000.0	86.4	65.4
230H10400	西日本営業部	研究開発費	0.0	0.0		
230H10400	西日本営業部	アフターサービス費	0.0	0.0		
230H10400	西日本営業部	クレーム費	8700000.0	9000000.0	96.6	142.4
230H10400	西日本営業部	賃借料	17643235.0	17450136.0	101.1	74.5
230H10400	西日本営業部	賃貸料収入	-780010.0	-780012.0		
230H10400	西日本営業部	修繕費	8606.0	8606.0	100.0	20.9
230H10400	西日本営業部	支払リース料	15482.0	15168.0	102.0	75.2
230H10400	西日本営業部	保険料	859754.0	44328.0		192.1
230H10400	西日本営業部	支払報酬	0.0	0.0		0.0
230H10400	西日本営業部	販売手数料	0.0	0.0		0.0
230H10400	西日本営業部	支払手数料	525983.0	551400.0	95.3	39.2
230H10400	西日本営業部	診断料	44000.0	49000.0	89.7	181.8
230H10400	西日本営業部	諸会費	87100.0	89640.0	97.1	102.5
230H10400	西日本営業部	会議費	0.0	0.0		
230H10400	西日本営業部	寄付金	0.0	0.0		
230H10400	西日本営業部	租税公課	683300.0	710000.0	96.2	103.5
230H10400	西日本営業部	業務委託費	80000.0	0.0		2.2
230H10400	西日本営業部	業務受託収入	0.0	0.0		
230H10400	西日本営業部	システム管理料	0.0	0.0		
230H10400	西日本営業部	情報機器利用料	18171221.0	18102678.0	100.3	81.4
230H10400	西日本営業部	貸倒金	315743.0	315743.0	100.0	23.6
230H10400	西日本営業部	雑費	203757.0	209416.0	97.2	22.6
230H10400	西日本営業部	福利消耗品費	200252.0	244770.0	81.8	61.1
230H10400	西日本営業部	教育研修費	776622.0	1351999.0	57.4	63.9
230H10400	西日本営業部	廃棄損・減耗損	25000.0	62248.0	40.1	16.3
230H10400	西日本営業部	雑給	0.0	0.0		
230H10400	西日本営業部	社内金利（固定資産）	181125.0	178805.0	101.2	80.8
230H10400	西日本営業部	社内金利（売掛金）	1028446.0	924000.0	111.3	93.6
230H10400	西日本営業部	社内金利（在庫）	543963.0	544600.0	99.8	103.6
230H10400	西日本営業部	営業口銭①（新築）	44986250.0	125000000.0	35.9	24.9
230H10400	西日本営業部	営業口銭②（リフォ）	48513297.0	94500000.0	51.3	48.0
230H10400	西日本営業部	開発口銭	0.0	0.0		
230H10400	西日本営業部	部門共通（経費）	59412667.0	59146999.0	100.4	87.0
230H10400	西日本営業部	グループ共通	6794800.0	7552800.0	89.9	82.6
230H10400	西日本営業部	差引収益	100447401.0	405205556.0	24.7	28.8
230H10400	西日本営業部	差引比率	3.3	6.3	52.3	78.5
230H10400	西日本営業部	総時間	83997.0	84553.0	99.3	78.4
230H10400	西日本営業部	定時間	47027.25	47392.0	99.2	86.0
230H10400	西日本営業部	残業時間	7451.75	7521.0	99.0	89.3
230H10400	西日本営業部	移動時間	-4490.25	-4465.0		
230H10400	西日本営業部	部門共通（時間）	34008.25	34105.0	99.7	76.6
230H10400	西日本営業部	当月時間当り	1195.8	4792.3	24.9	36.8
230H10400	西日本営業部	人員	25.0	25.0	100.0	83.3
230B30200	設計課	総出荷	0.0	0.0		
230B30200	設計課	社外売	0.0	0.0		
230B30200	設計課	社内売	0.0	0.0		
230B30200	設計課	社内仕入	0.0	0.0		
230B30200	設計課	仕掛1	0.0	0.0		
230B30200	設計課	総生産	0.0	0.0		
230B30200	設計課	経費合計	0.0	0.0		
230B30200	設計課	経費合計(原価)	0.0	0.0		
230B30200	設計課	仕掛2	0.0	0.0		
230B30200	設計課	商品仕入高	0.0	0.0		
230B30200	設計課	原材料費	0.0	0.0		
230B30200	設計課	外注加工費	0.0	0.0		
230B30200	設計課	その他 直接経費	0.0	0.0		
230B30200	設計課	他勘定振替高	0.0	0.0		
230B30200	設計課	経費合計（販管費）	0.0	0.0		
230B30200	設計課	減価償却費	0.0	0.0		
230B30200	設計課	車両費	2124072.0	2132800.0	99.5	99.0
230B30200	設計課	旅費交通費	970063.0	1030000.0	94.1	174.0
230B30200	設計課	荷造運搬費	10000.0	12000.0	83.3	
230B30200	設計課	通信費	315004.0	315300.0	99.9	95.0
230B30200	設計課	水道光熱費	721290.0	735600.0	98.0	126.2
230B30200	設計課	動力費	0.0	0.0		
230B30200	設計課	事務用品費	86511.0	100700.0	85.9	127.3
230B30200	設計課	消耗品費	303822.0	279700.0	108.6	72.3
230B30200	設計課	廃棄物処理料	76952.0	105600.0	72.8	75.6
230B30200	設計課	広告宣伝費	5566.0	5700.0	97.6	129.1
230B30200	設計課	接待交際費	100000.0	120000.0	83.3	
230B30200	設計課	研究開発費	0.0	0.0		
230B30200	設計課	アフターサービス費	0.0	0.0		
230B30200	設計課	クレーム費	0.0	0.0		
230B30200	設計課	賃借料	6347416.0	5764800.0	110.1	98.9
230B30200	設計課	賃貸料収入	-1569000.0	-984000.0		
230B30200	設計課	修繕費	0.0	0.0		
230B30200	設計課	支払リース料	71148.0	71500.0	99.5	95.7
230B30200	設計課	保険料	5000.0	5000.0	100.0	42.7
230B30200	設計課	支払報酬	500000.0	500000.0	100.0	139.2
230B30200	設計課	販売手数料	0.0	0.0		
230B30200	設計課	支払手数料	1043697.0	1034600.0	100.8	126.5
230B30200	設計課	診断料	0.0	0.0		
230B30200	設計課	諸会費	19240.0	19400.0	99.1	113.9
230B30200	設計課	会議費	0.0	0.0		
230B30200	設計課	寄付金	0.0	0.0		
230B30200	設計課	租税公課	0.0	0.0		
230B30200	設計課	業務委託費	3087600.0	3087600.0	100.0	137.9
230B30200	設計課	業務受託収入	0.0	0.0		
230B30200	設計課	システム管理料	0.0	0.0		
230B30200	設計課	情報機器利用料	8171120.0	8187600.0	99.7	105.9
230B30200	設計課	貸倒金	0.0	0.0		
230B30200	設計課	雑費	36856.0	35100.0	105.0	91.5
230B30200	設計課	福利消耗品費	68144.0	168800.0	40.3	68.1
230B30200	設計課	教育研修費	34291.0	34600.0	99.1	42.7
230B30200	設計課	廃棄損・減耗損	0.0	0.0		
230B30200	設計課	雑給	0.0	0.0		
230B30200	設計課	社内金利（固定資産）	0.0	0.0		
230B30200	設計課	社内金利（売掛金）	0.0	0.0		
230B30200	設計課	社内金利（在庫）	0.0	0.0		
230B30200	設計課	営業口銭①（新築）	0.0	0.0		
230B30200	設計課	営業口銭②（リフォ）	0.0	0.0		
230B30200	設計課	開発口銭	0.0	0.0		
230B30200	設計課	部門共通（経費）	-26451592.0	-26685200.0		
230B30200	設計課	グループ共通	3922800.0	3922800.0	100.0	111.1
230B30200	設計課	差引収益	0.0	0.0		
230B30200	設計課	差引比率	0.0	0.0		
230B30200	設計課	総時間	0.0	0.0		
230B30200	設計課	定時間	24462.0	24416.0	100.1	112.4
230B30200	設計課	残業時間	2276.75	2365.0	96.2	94.3
230B30200	設計課	移動時間	215.0	225.0	95.5	95.5
230B30200	設計課	部門共通（時間）	-26953.75	-27006.0		
230B30200	設計課	当月時間当り	0.0	0.0		
230B30200	設計課	人員	13.0	13.0	100.0	108.3
230B30100	設計開発部	総出荷	0.0	0.0		
230B30100	設計開発部	社外売	0.0	0.0		
230B30100	設計開発部	社内売	0.0	0.0		
230B30100	設計開発部	社内仕入	0.0	0.0		
230B30100	設計開発部	仕掛1	0.0	0.0		
230B30100	設計開発部	総生産	0.0	0.0		
230B30100	設計開発部	経費合計	0.0	0.0		
230B30100	設計開発部	経費合計(原価)	0.0	0.0		0.0
230B30100	設計開発部	仕掛2	0.0	0.0		
230B30100	設計開発部	商品仕入高	0.0	0.0		0.0
230B30100	設計開発部	原材料費	0.0	0.0		
230B30100	設計開発部	外注加工費	0.0	0.0		
230B30100	設計開発部	その他 直接経費	0.0	0.0		
230B30100	設計開発部	他勘定振替高	0.0	0.0		
230B30100	設計開発部	経費合計（販管費）	0.0	0.0		
230B30100	設計開発部	減価償却費	14502432.0	13200000.0	109.8	109.6
230B30100	設計開発部	車両費	8535216.0	8593300.0	99.3	99.3
230B30100	設計開発部	旅費交通費	5488742.0	5592000.0	98.1	111.4
230B30100	設計開発部	荷造運搬費	45000.0	54000.0	83.3	324.4
230B30100	設計開発部	通信費	919726.0	905800.0	101.5	100.8
230B30100	設計開発部	水道光熱費	1569912.0	1603100.0	97.9	113.2
230B30100	設計開発部	動力費	0.0	0.0		
230B30100	設計開発部	事務用品費	161642.0	177700.0	90.9	98.6
230B30100	設計開発部	消耗品費	1116898.0	822700.0	135.7	75.7
230B30100	設計開発部	廃棄物処理料	134697.0	198800.0	67.7	62.9
230B30100	設計開発部	広告宣伝費	13566.0	13700.0	99.0	113.5
230B30100	設計開発部	接待交際費	648935.0	720000.0	90.1	269.2
230B30100	設計開発部	研究開発費	13230000.0	13500000.0	98.0	455.8
230B30100	設計開発部	アフターサービス費	0.0	0.0		
230B30100	設計開発部	クレーム費	0.0	0.0		0.0
230B30100	設計開発部	賃借料	13001536.0	12423800.0	104.6	93.4
230B30100	設計開発部	賃貸料収入	-3261000.0	-2676000.0		
230B30100	設計開発部	修繕費	0.0	0.0		
230B30100	設計開発部	支払リース料	131208.0	134500.0	97.5	96.0
230B30100	設計開発部	保険料	10000.0	10000.0	100.0	85.5
230B30100	設計開発部	支払報酬	1845000.0	1845000.0	100.0	199.7
230B30100	設計開発部	販売手数料	0.0	0.0		
230B30100	設計開発部	支払手数料	1768109.0	1735100.0	101.9	118.0
230B30100	設計開発部	診断料	0.0	0.0		
230B30100	設計開発部	諸会費	97840.0	98000.0	99.8	121.8
230B30100	設計開発部	会議費	20000.0	24000.0	83.3	91.8
230B30100	設計開発部	寄付金	0.0	0.0		
230B30100	設計開発部	租税公課	475500.0	475500.0	100.0	134.1
230B30100	設計開発部	業務委託費	6655600.0	6655600.0	100.0	112.8
230B30100	設計開発部	業務受託収入	0.0	0.0		
230B30100	設計開発部	システム管理料	0.0	0.0		
230B30100	設計開発部	情報機器利用料	20701988.0	20786600.0	99.5	107.4
230B30100	設計開発部	貸倒金	0.0	0.0		
230B30100	設計開発部	雑費	67761.0	65100.0	104.0	90.4
230B30100	設計開発部	福利消耗品費	115005.0	341800.0	33.6	28.7
230B30100	設計開発部	教育研修費	252403.0	255100.0	98.9	123.6
230B30100	設計開発部	廃棄損・減耗損	0.0	0.0		
230B30100	設計開発部	雑給	0.0	0.0		
230B30100	設計開発部	社内金利（固定資産）	2608222.0	2678600.0	97.3	94.6
230B30100	設計開発部	社内金利（売掛金）	0.0	0.0		
230B30100	設計開発部	社内金利（在庫）	0.0	0.0		
230B30100	設計開発部	営業口銭①（新築）	0.0	0.0		
230B30100	設計開発部	営業口銭②（リフォ）	0.0	0.0		
230B30100	設計開発部	開発口銭	0.0	0.0		
230B30100	設計開発部	部門共通（経費）	-100208738.0	-99586600.0		
230B30100	設計開発部	グループ共通	9352800.0	9352800.0	100.0	96.4
230B30100	設計開発部	差引収益	0.0	0.0		
230B30100	設計開発部	差引比率	0.0	0.0		
230B30100	設計開発部	総時間	0.0	0.0		
230B30100	設計開発部	定時間	58451.0	58436.0	100.0	103.1
230B30100	設計開発部	残業時間	7218.75	7363.0	98.0	106.5
230B30100	設計開発部	移動時間	-2179.0	-2169.0		
230B30100	設計開発部	部門共通（時間）	-63490.75	-63630.0		
230B30100	設計開発部	当月時間当り	0.0	0.0		
230B30100	設計開発部	人員	32.0	32.0	100.0	96.9
230P10300	豊川営業チーム	総受注高	866011965.0	960000000.0	90.2	100.2
230P10300	豊川営業チーム	【新築】受注高	98448000.0	150000000.0	65.6	74.6
230P10300	豊川営業チーム	【リフォ】受注高	249739988.0	300000000.0	83.2	97.8
230P10300	豊川営業チーム	【資材】受注高	517823977.0	510000000.0	101.5	108.6
230P10300	豊川営業チーム	総売上高	864948134.0	960000000.0	90.0	97.4
230P10300	豊川営業チーム	【新築】売上高	73728000.0	150000000.0	49.1	49.9
230P10300	豊川営業チーム	【リフォ】売上高	276181585.0	300000000.0	92.0	103.5
230P10300	豊川営業チーム	【資材】売上高	515038549.0	510000000.0	100.9	108.7
230P10300	豊川営業チーム	【新築】インセンティブ	0.0	0.0		
230P10300	豊川営業チーム	【リフォ】インセンティブ	0.0	0.0		
230P10300	豊川営業チーム	【資材】インセンティブ	0.0	0.0		
230P10300	豊川営業チーム	収益①（営業口銭）	45211633.0	52500000.0	86.1	95.4
230P10300	豊川営業チーム	【新築】収益①(営業口銭)	3784400.0	7500000.0	50.4	51.2
230P10300	豊川営業チーム	【リフォ】収益①(営業口銭)	41427233.0	45000000.0	92.0	103.6
230P10300	豊川営業チーム	【資材】売上原価	389079173.0	387000000.0	100.5	107.5
230P10300	豊川営業チーム	収益②（資材）	125959376.0	123000000.0	102.4	112.7
230P10300	豊川営業チーム	総収益	171171009.0	175500000.0	97.5	107.5
230P10300	豊川営業チーム	経費合計	56898033.0	56884184.0	100.0	106.9
230P10300	豊川営業チーム	減価償却費	29505.0	29505.0	100.0	100.0
230P10300	豊川営業チーム	車両費	5249293.0	5289000.0	99.2	105.0
230P10300	豊川営業チーム	旅費交通費	10000.0	0.0		12.4
230P10300	豊川営業チーム	荷造運搬費	54335.0	60000.0	90.5	64.3
230P10300	豊川営業チーム	通信費	1097118.0	1117000.0	98.2	108.1
230P10300	豊川営業チーム	水道光熱費	1066101.0	1080000.0	98.7	102.4
230P10300	豊川営業チーム	動力費	0.0	0.0		
230P10300	豊川営業チーム	事務用品費	407818.0	420000.0	97.0	101.3
230P10300	豊川営業チーム	消耗品費	258074.0	240000.0	107.5	108.9
230P10300	豊川営業チーム	廃棄物処理料	52004.0	120000.0	43.3	
230P10300	豊川営業チーム	広告宣伝費	1521194.0	1520000.0	100.0	98.8
230P10300	豊川営業チーム	接待交際費	137250.0	140000.0	98.0	90.5
230P10300	豊川営業チーム	研究開発費	0.0	0.0		
230P10300	豊川営業チーム	アフターサービス費	0.0	0.0		
230P10300	豊川営業チーム	クレーム費	1300000.0	1300000.0	100.0	383.7
230P10300	豊川営業チーム	賃借料	7099716.0	7099716.0	100.0	101.2
230P10300	豊川営業チーム	賃貸料収入	0.0	0.0		
230P10300	豊川営業チーム	修繕費	0.0	0.0		
230P10300	豊川営業チーム	支払リース料	84000.0	84000.0	100.0	100.0
230P10300	豊川営業チーム	保険料	98822.0	56412.0	175.1	201.8
230P10300	豊川営業チーム	支払報酬	0.0	0.0		
230P10300	豊川営業チーム	販売手数料	0.0	0.0		
230P10300	豊川営業チーム	支払手数料	3734770.0	3700000.0	100.9	105.2
230P10300	豊川営業チーム	診断料	0.0	0.0		
230P10300	豊川営業チーム	諸会費	64600.0	64100.0	100.7	198.1
230P10300	豊川営業チーム	会議費	0.0	0.0		0.0
230P10300	豊川営業チーム	寄付金	12910.0	14000.0	92.2	41.6
230P10300	豊川営業チーム	租税公課	227901.0	240000.0	94.9	105.8
230P10300	豊川営業チーム	業務委託費	0.0	0.0		
230P10300	豊川営業チーム	業務受託収入	0.0	0.0		
230P10300	豊川営業チーム	システム管理料	0.0	0.0		
230P10300	豊川営業チーム	情報機器利用料	8966330.0	8969990.0	99.9	98.5
230P10300	豊川営業チーム	貸倒金	0.0	0.0		
230P10300	豊川営業チーム	雑費	145866.0	155000.0	94.1	131.5
230P10300	豊川営業チーム	福利消耗品費	68301.0	70000.0	97.5	28.3
230P10300	豊川営業チーム	教育研修費	310413.0	279000.0	111.2	77.0
230P10300	豊川営業チーム	廃棄損・減耗損	46330.0	40000.0	115.8	28.0
230P10300	豊川営業チーム	雑給	0.0	0.0		
230P10300	豊川営業チーム	社内金利（固定資産）	806.0	806.0	100.0	31.2
230P10300	豊川営業チーム	社内金利（売掛金）	438632.0	442000.0	99.2	95.7
230P10300	豊川営業チーム	社内金利（在庫）	992568.0	953000.0	104.1	106.1
230P10300	豊川営業チーム	開発口銭	0.0	0.0		
230P10300	豊川営業チーム	部門共通（経費）	19196976.0	19174255.0	100.1	115.1
230P10300	豊川営業チーム	グループ共通	4226400.0	4226400.0	100.0	95.8
230P10300	豊川営業チーム	差引収益	114272976.0	118615816.0	96.3	107.8
230P10300	豊川営業チーム	差引比率	13.2	12.3	107.3	110.9
230P10300	豊川営業チーム	総時間	39468.5	40000.25	98.6	96.0
230P10300	豊川営業チーム	定時間	23717.5	24146.0	98.2	95.3
230P10300	豊川営業チーム	残業時間	3202.0	3200.0	100.0	95.9
230P10300	豊川営業チーム	移動時間	704.5	726.0	97.0	66.6
230P10300	豊川営業チーム	部門共通（時間）	11844.5	11928.25	99.2	99.9
230P10300	豊川営業チーム	当月時間当り	2895.2	2965.3	97.6	112.3
230P10300	豊川営業チーム	人員	13.0	13.0	100.0	92.8
230P10400	豊川営業課	総受注高	866011965.0	960000000.0	90.2	100.2
230P10400	豊川営業課	【新築】受注高	98448000.0	150000000.0	65.6	74.6
230P10400	豊川営業課	【リフォ】受注高	249739988.0	300000000.0	83.2	97.8
230P10400	豊川営業課	【資材】受注高	517823977.0	510000000.0	101.5	108.6
230P10400	豊川営業課	総売上高	864948134.0	960000000.0	90.0	97.4
230P10400	豊川営業課	【新築】売上高	73728000.0	150000000.0	49.1	49.9
230P10400	豊川営業課	【リフォ】売上高	276181585.0	300000000.0	92.0	103.5
230P10400	豊川営業課	【資材】売上高	515038549.0	510000000.0	100.9	108.7
230P10400	豊川営業課	【新築】インセンティブ	0.0	0.0		
230P10400	豊川営業課	【リフォ】インセンティブ	0.0	0.0		
230P10400	豊川営業課	【資材】インセンティブ	0.0	0.0		
230P10400	豊川営業課	収益①（営業口銭）	45211633.0	52500000.0	86.1	95.4
230P10400	豊川営業課	【新築】収益①(営業口銭)	3784400.0	7500000.0	50.4	51.2
230P10400	豊川営業課	【リフォ】収益①(営業口銭)	41427233.0	45000000.0	92.0	103.6
230P10400	豊川営業課	【資材】売上原価	389079173.0	387000000.0	100.5	107.5
230P10400	豊川営業課	収益②（資材）	125959376.0	123000000.0	102.4	112.7
230P10400	豊川営業課	総収益	171171009.0	175500000.0	97.5	107.5
230P10400	豊川営業課	総出荷	349909585.0	450000000.0	77.7	84.4
230P10400	豊川営業課	社外売	349909585.0	450000000.0	77.7	84.4
230P10400	豊川営業課	社内売	0.0	0.0		
230P10400	豊川営業課	社内仕入	34841806.0	60900000.0	57.2	50.7
230P10400	豊川営業課	仕掛1	0.0	0.0		0.0
230P10400	豊川営業課	総生産	315067779.0	389100000.0	80.9	94.3
230P10400	豊川営業課	経費合計	342358172.0	411083499.0	83.2	94.9
230P10400	豊川営業課	経費合計(原価)	226330235.0	288100000.0	78.5	91.6
230P10400	豊川営業課	仕掛2	0.0	0.0		0.0
230P10400	豊川営業課	商品仕入高	117935222.0	159950000.0	73.7	129.3
230P10400	豊川営業課	原材料費	0.0	0.0		
230P10400	豊川営業課	外注加工費	107061898.0	126600000.0	84.5	70.4
230P10400	豊川営業課	その他 直接経費	1333115.0	1550000.0	86.0	
230P10400	豊川営業課	他勘定振替高	0.0	0.0		
230P10400	豊川営業課	経費合計（販管費）	116027937.0	122983499.0	94.3	102.0
230P10400	豊川営業課	減価償却費	29505.0	29505.0	100.0	100.0
230P10400	豊川営業課	車両費	7900871.0	7882000.0	100.2	106.9
230P10400	豊川営業課	旅費交通費	10000.0	0.0		10.9
230P10400	豊川営業課	荷造運搬費	190585.0	200000.0	95.2	117.1
230P10400	豊川営業課	通信費	1217073.0	1237000.0	98.3	106.9
230P10400	豊川営業課	水道光熱費	1299554.0	1320000.0	98.4	101.6
230P10400	豊川営業課	動力費	0.0	0.0		
230P10400	豊川営業課	事務用品費	463935.0	475000.0	97.6	101.8
230P10400	豊川営業課	消耗品費	333173.0	310000.0	107.4	114.7
230P10400	豊川営業課	廃棄物処理料	273104.0	120000.0	227.5	
230P10400	豊川営業課	広告宣伝費	1521194.0	1520000.0	100.0	98.7
230P10400	豊川営業課	接待交際費	147250.0	160000.0	92.0	85.8
230P10400	豊川営業課	研究開発費	0.0	0.0		
230P10400	豊川営業課	アフターサービス費	0.0	0.0		
230P10400	豊川営業課	クレーム費	1300000.0	1300000.0	100.0	383.7
230P10400	豊川営業課	賃借料	8520000.0	8520000.0	100.0	101.2
230P10400	豊川営業課	賃貸料収入	0.0	0.0		
230P10400	豊川営業課	修繕費	27000.0	27000.0	100.0	100.0
230P10400	豊川営業課	支払リース料	100800.0	100800.0	100.0	100.0
230P10400	豊川営業課	保険料	98822.0	56412.0	175.1	201.8
230P10400	豊川営業課	支払報酬	0.0	0.0		
230P10400	豊川営業課	販売手数料	0.0	0.0		
230P10400	豊川営業課	支払手数料	3734770.0	3700000.0	100.9	105.1
230P10400	豊川営業課	診断料	0.0	0.0		
230P10400	豊川営業課	諸会費	64600.0	64100.0	100.7	189.4
230P10400	豊川営業課	会議費	0.0	0.0		0.0
230P10400	豊川営業課	寄付金	12910.0	14000.0	92.2	41.6
230P10400	豊川営業課	租税公課	227901.0	240000.0	94.9	105.8
230P10400	豊川営業課	業務委託費	0.0	0.0		
230P10400	豊川営業課	業務受託収入	0.0	0.0		
230P10400	豊川営業課	システム管理料	0.0	0.0		
230P10400	豊川営業課	情報機器利用料	10308350.0	10300310.0	100.0	99.5
230P10400	豊川営業課	貸倒金	0.0	0.0		
230P10400	豊川営業課	雑費	160249.0	168500.0	95.1	130.2
230P10400	豊川営業課	福利消耗品費	84581.0	87000.0	97.2	27.0
230P10400	豊川営業課	教育研修費	338263.0	292000.0	115.8	78.7
230P10400	豊川営業課	廃棄損・減耗損	46330.0	40000.0	115.8	28.0
230P10400	豊川営業課	雑給	0.0	0.0		
230P10400	豊川営業課	社内金利（固定資産）	806.0	806.0	100.0	31.2
230P10400	豊川営業課	社内金利（売掛金）	438632.0	442000.0	99.2	95.7
230P10400	豊川営業課	社内金利（在庫）	992568.0	953000.0	104.1	106.1
230P10400	豊川営業課	営業口銭①（新築）	3784400.0	7500000.0	50.4	51.2
230P10400	豊川営業課	営業口銭②（リフォ）	41427233.0	45000000.0	92.0	103.6
230P10400	豊川営業課	開発口銭	0.0	0.0		
230P10400	豊川営業課	部門共通（経費）	25837478.0	25788066.0	100.1	112.1
230P10400	豊川営業課	グループ共通	5136000.0	5136000.0	100.0	97.1
230P10400	豊川営業課	差引収益	143880616.0	153516501.0	93.7	108.7
230P10400	豊川営業課	差引比率	12.1	11.3	107.0	112.0
230P10400	豊川営業課	総時間	48735.75	49258.5	98.9	96.9
230P10400	豊川営業課	定時間	29477.5	29906.0	98.5	96.8
230P10400	豊川営業課	残業時間	3917.5	3900.0	100.4	97.2
230P10400	豊川営業課	移動時間	704.5	726.0	97.0	66.6
230P10400	豊川営業課	部門共通（時間）	14636.25	14726.5	99.3	99.2
230P10400	豊川営業課	当月時間当り	2952.2	3116.5	94.7	112.1
230P10400	豊川営業課	人員	16.0	16.0	100.0	94.1
230P30101	豊川工務チーム	総出荷	349909585.0	450000000.0	77.7	84.4
230P30101	豊川工務チーム	社外売	349909585.0	450000000.0	77.7	84.4
230P30101	豊川工務チーム	社内売	0.0	0.0		
230P30101	豊川工務チーム	社内仕入	34841806.0	60900000.0	57.2	50.7
230P30101	豊川工務チーム	仕掛1	0.0	0.0		0.0
230P30101	豊川工務チーム	総生産	315067779.0	389100000.0	80.9	94.3
230P30101	豊川工務チーム	経費合計	285460139.0	354199315.0	80.5	92.8
230P30101	豊川工務チーム	経費合計(原価)	226330235.0	288100000.0	78.5	91.6
230P30101	豊川工務チーム	仕掛2	0.0	0.0		0.0
230P30101	豊川工務チーム	商品仕入高	117935222.0	159950000.0	73.7	129.3
230P30101	豊川工務チーム	原材料費	0.0	0.0		
230P30101	豊川工務チーム	外注加工費	107061898.0	126600000.0	84.5	70.4
230P30101	豊川工務チーム	その他 直接経費	1333115.0	1550000.0	86.0	
230P30101	豊川工務チーム	他勘定振替高	0.0	0.0		
230P30101	豊川工務チーム	経費合計（販管費）	59129904.0	66099315.0	89.4	97.6
230P30101	豊川工務チーム	減価償却費	0.0	0.0		
230P30101	豊川工務チーム	車両費	2651578.0	2593000.0	102.2	110.9
230P30101	豊川工務チーム	旅費交通費	0.0	0.0		0.0
230P30101	豊川工務チーム	荷造運搬費	136250.0	140000.0	97.3	174.3
230P30101	豊川工務チーム	通信費	119955.0	120000.0	99.9	96.9
230P30101	豊川工務チーム	水道光熱費	233453.0	240000.0	97.2	98.2
230P30101	豊川工務チーム	動力費	0.0	0.0		
230P30101	豊川工務チーム	事務用品費	56117.0	55000.0	102.0	105.7
230P30101	豊川工務チーム	消耗品費	75099.0	70000.0	107.2	140.3
230P30101	豊川工務チーム	廃棄物処理料	221100.0	0.0		142.0
230P30101	豊川工務チーム	広告宣伝費	0.0	0.0		0.0
230P30101	豊川工務チーム	接待交際費	10000.0	20000.0	50.0	50.0
230P30101	豊川工務チーム	研究開発費	0.0	0.0		
230P30101	豊川工務チーム	アフターサービス費	0.0	0.0		
230P30101	豊川工務チーム	クレーム費	0.0	0.0		
230P30101	豊川工務チーム	賃借料	1420284.0	1420284.0	100.0	101.2
230P30101	豊川工務チーム	賃貸料収入	0.0	0.0		
230P30101	豊川工務チーム	修繕費	27000.0	27000.0	100.0	100.0
230P30101	豊川工務チーム	支払リース料	16800.0	16800.0	100.0	100.0
230P30101	豊川工務チーム	保険料	0.0	0.0		
230P30101	豊川工務チーム	支払報酬	0.0	0.0		
230P30101	豊川工務チーム	販売手数料	0.0	0.0		
230P30101	豊川工務チーム	支払手数料	0.0	0.0		0.0
230P30101	豊川工務チーム	診断料	0.0	0.0		
230P30101	豊川工務チーム	諸会費	0.0	0.0		0.0
230P30101	豊川工務チーム	会議費	0.0	0.0		
230P30101	豊川工務チーム	寄付金	0.0	0.0		
230P30101	豊川工務チーム	租税公課	0.0	0.0		
230P30101	豊川工務チーム	業務委託費	0.0	0.0		
230P30101	豊川工務チーム	業務受託収入	0.0	0.0		
230P30101	豊川工務チーム	システム管理料	0.0	0.0		
230P30101	豊川工務チーム	情報機器利用料	1342020.0	1330320.0	100.8	106.3
230P30101	豊川工務チーム	貸倒金	0.0	0.0		
230P30101	豊川工務チーム	雑費	14383.0	13500.0	106.5	118.2
230P30101	豊川工務チーム	福利消耗品費	16280.0	17000.0	95.7	22.7
230P30101	豊川工務チーム	教育研修費	27850.0	13000.0	214.2	103.1
230P30101	豊川工務チーム	廃棄損・減耗損	0.0	0.0		
230P30101	豊川工務チーム	雑給	0.0	0.0		
230P30101	豊川工務チーム	社内金利（固定資産）	0.0	0.0		
230P30101	豊川工務チーム	社内金利（売掛金）	0.0	0.0		
230P30101	豊川工務チーム	社内金利（在庫）	0.0	0.0		
230P30101	豊川工務チーム	営業口銭①（新築）	3784400.0	7500000.0	50.4	51.2
230P30101	豊川工務チーム	営業口銭②（リフォ）	41427233.0	45000000.0	92.0	103.6
230P30101	豊川工務チーム	開発口銭	0.0	0.0		
230P30101	豊川工務チーム	部門共通（経費）	6640502.0	6613811.0	100.4	104.3
230P30101	豊川工務チーム	グループ共通	909600.0	909600.0	100.0	103.4
230P30101	豊川工務チーム	差引収益	29607640.0	34900685.0	84.8	112.2
230P30101	豊川工務チーム	差引比率	9.3	8.9	104.4	119.2
230P30101	豊川工務チーム	総時間	9267.25	9258.25	100.0	101.2
230P30101	豊川工務チーム	定時間	5760.0	5760.0	100.0	103.5
230P30101	豊川工務チーム	残業時間	715.5	700.0	102.2	103.5
230P30101	豊川工務チーム	移動時間	0.0	0.0		
230P30101	豊川工務チーム	部門共通（時間）	2791.75	2798.25	99.7	96.3
230P30101	豊川工務チーム	当月時間当り	3194.8	3769.6	84.7	110.8
230P30101	豊川工務チーム	人員	3.0	3.0	100.0	100.0
230K10100	豊橋営業チーム	総受注高	826508684.0	960000000.0	86.0	88.9
230K10100	豊橋営業チーム	【新築】受注高	80457000.0	50000000.0	160.9	166.2
230K10100	豊橋営業チーム	【リフォ】受注高	200924775.0	360000000.0	55.8	55.2
230K10100	豊橋営業チーム	【資材】受注高	545126909.0	550000000.0	99.1	105.4
230K10100	豊橋営業チーム	総売上高	925793538.0	960000000.0	96.4	99.9
230K10100	豊橋営業チーム	【新築】売上高	82373000.0	50000000.0	164.7	149.6
230K10100	豊橋営業チーム	【リフォ】売上高	289658913.0	360000000.0	80.4	80.5
230K10100	豊橋営業チーム	【資材】売上高	553761625.0	550000000.0	100.6	108.2
230K10100	豊橋営業チーム	【新築】インセンティブ	0.0	0.0		
230K10100	豊橋営業チーム	【リフォ】インセンティブ	0.0	0.0		
230K10100	豊橋営業チーム	【資材】インセンティブ	0.0	0.0		
230K10100	豊橋営業チーム	収益①（営業口銭）	47567479.0	56500000.0	84.1	83.8
230K10100	豊橋営業チーム	【新築】収益①(営業口銭)	4118650.0	2500000.0	164.7	149.6
230K10100	豊橋営業チーム	【リフォ】収益①(営業口銭)	43448829.0	54000000.0	80.4	80.5
230K10100	豊橋営業チーム	【資材】売上原価	429980813.0	429000000.0	100.2	107.2
230K10100	豊橋営業チーム	収益②（資材）	123780812.0	121000000.0	102.2	112.1
230K10100	豊橋営業チーム	総収益	171348291.0	177500000.0	96.5	102.5
230K10100	豊橋営業チーム	経費合計	61620699.0	60954048.0	101.0	113.8
230K10100	豊橋営業チーム	減価償却費	657281.0	657000.0	100.0	97.4
230K10100	豊橋営業チーム	車両費	6715713.0	6598000.0	101.7	131.5
230K10100	豊橋営業チーム	旅費交通費	18636.0	0.0		83.2
230K10100	豊橋営業チーム	荷造運搬費	0.0	0.0		0.0
230K10100	豊橋営業チーム	通信費	1015406.0	1032000.0	98.3	104.4
230K10100	豊橋営業チーム	水道光熱費	943024.0	995000.0	94.7	120.9
230K10100	豊橋営業チーム	動力費	0.0	0.0		
230K10100	豊橋営業チーム	事務用品費	426650.0	429000.0	99.4	111.3
230K10100	豊橋営業チーム	消耗品費	376033.0	243000.0	154.7	172.6
230K10100	豊橋営業チーム	廃棄物処理料	132459.0	132000.0	100.3	101.6
230K10100	豊橋営業チーム	広告宣伝費	2826591.0	2839000.0	99.5	106.5
230K10100	豊橋営業チーム	接待交際費	264091.0	275000.0	96.0	190.4
230K10100	豊橋営業チーム	研究開発費	0.0	0.0		
230K10100	豊橋営業チーム	アフターサービス費	0.0	0.0		
230K10100	豊橋営業チーム	クレーム費	1300000.0	1300000.0	100.0	70.0
230K10100	豊橋営業チーム	賃借料	10533600.0	10533600.0	100.0	123.2
230K10100	豊橋営業チーム	賃貸料収入	0.0	0.0		
230K10100	豊橋営業チーム	修繕費	0.0	0.0		0.0
230K10100	豊橋営業チーム	支払リース料	198018.0	216000.0	91.6	197.8
230K10100	豊橋営業チーム	保険料	50628.0	48000.0	105.4	97.1
230K10100	豊橋営業チーム	支払報酬	0.0	0.0		
230K10100	豊橋営業チーム	販売手数料	0.0	0.0		
230K10100	豊橋営業チーム	支払手数料	1087797.0	986000.0	110.3	126.5
230K10100	豊橋営業チーム	診断料	0.0	0.0		
230K10100	豊橋営業チーム	諸会費	27000.0	27000.0	100.0	105.8
230K10100	豊橋営業チーム	会議費	0.0	0.0		0.0
230K10100	豊橋営業チーム	寄付金	53000.0	53000.0	100.0	76.2
230K10100	豊橋営業チーム	租税公課	203500.0	175000.0	116.2	142.3
230K10100	豊橋営業チーム	業務委託費	0.0	0.0		
230K10100	豊橋営業チーム	業務受託収入	0.0	0.0		
230K10100	豊橋営業チーム	システム管理料	0.0	0.0		
230K10100	豊橋営業チーム	情報機器利用料	8873970.0	8776800.0	101.1	108.0
230K10100	豊橋営業チーム	貸倒金	0.0	0.0		
230K10100	豊橋営業チーム	雑費	374224.0	363000.0	103.0	108.8
230K10100	豊橋営業チーム	福利消耗品費	89644.0	103000.0	87.0	46.8
230K10100	豊橋営業チーム	教育研修費	258198.0	298000.0	86.6	124.8
230K10100	豊橋営業チーム	廃棄損・減耗損	239964.0	0.0		321.2
230K10100	豊橋営業チーム	雑給	0.0	0.0		
230K10100	豊橋営業チーム	社内金利（固定資産）	204644.0	203197.0	100.7	94.0
230K10100	豊橋営業チーム	社内金利（売掛金）	291973.0	316500.0	92.2	58.4
230K10100	豊橋営業チーム	社内金利（在庫）	922675.0	844000.0	109.3	114.2
230K10100	豊橋営業チーム	開発口銭	0.0	0.0		
230K10100	豊橋営業チーム	部門共通（経費）	19309580.0	19284551.0	100.1	122.2
230K10100	豊橋営業チーム	グループ共通	4226400.0	4226400.0	100.0	119.7
230K10100	豊橋営業チーム	差引収益	109727592.0	116545952.0	94.1	97.1
230K10100	豊橋営業チーム	差引比率	11.8	12.1	97.5	97.5
230K10100	豊橋営業チーム	総時間	38650.0	35919.25	107.6	111.5
230K10100	豊橋営業チーム	定時間	24558.0	22141.0	110.9	112.2
230K10100	豊橋営業チーム	残業時間	3172.5	3141.25	100.9	98.8
230K10100	豊橋営業チーム	移動時間	-1001.0	-1366.0		
230K10100	豊橋営業チーム	部門共通（時間）	11920.5	12003.0	99.3	106.9
230K10100	豊橋営業チーム	当月時間当り	2839.0	3244.6	87.4	87.0
230K10100	豊橋営業チーム	人員	13.0	13.0	100.0	108.3
230K10200	豊橋営業課	総受注高	826508684.0	960000000.0	86.0	88.9
230K10200	豊橋営業課	【新築】受注高	80457000.0	50000000.0	160.9	166.2
230K10200	豊橋営業課	【リフォ】受注高	200924775.0	360000000.0	55.8	55.2
230K10200	豊橋営業課	【資材】受注高	545126909.0	550000000.0	99.1	105.4
230K10200	豊橋営業課	総売上高	925793538.0	960000000.0	96.4	99.9
230K10200	豊橋営業課	【新築】売上高	82373000.0	50000000.0	164.7	149.6
230K10200	豊橋営業課	【リフォ】売上高	289658913.0	360000000.0	80.4	80.5
230K10200	豊橋営業課	【資材】売上高	553761625.0	550000000.0	100.6	108.2
230K10200	豊橋営業課	【新築】インセンティブ	0.0	0.0		
230K10200	豊橋営業課	【リフォ】インセンティブ	0.0	0.0		
230K10200	豊橋営業課	【資材】インセンティブ	0.0	0.0		
230K10200	豊橋営業課	収益①（営業口銭）	47567479.0	56500000.0	84.1	83.8
230K10200	豊橋営業課	【新築】収益①(営業口銭)	4118650.0	2500000.0	164.7	149.6
230K10200	豊橋営業課	【リフォ】収益①(営業口銭)	43448829.0	54000000.0	80.4	80.5
230K10200	豊橋営業課	【資材】売上原価	429980813.0	429000000.0	100.2	107.2
230K10200	豊橋営業課	収益②（資材）	123780812.0	121000000.0	102.2	112.1
230K10200	豊橋営業課	総収益	171348291.0	177500000.0	96.5	102.5
230K10200	豊橋営業課	総出荷	372031913.0	410000000.0	90.7	89.7
230K10200	豊橋営業課	社外売	372031913.0	410000000.0	90.7	89.7
230K10200	豊橋営業課	社内売	0.0	0.0		
230K10200	豊橋営業課	社内仕入	49878900.0	39300000.0	126.9	84.9
230K10200	豊橋営業課	仕掛1	0.0	0.0		0.0
230K10200	豊橋営業課	総生産	322153013.0	370700000.0	86.9	90.5
230K10200	豊橋営業課	経費合計	369506028.0	399547068.0	92.4	97.6
230K10200	豊橋営業課	経費合計(原価)	243978601.0	265700000.0	91.8	97.2
230K10200	豊橋営業課	仕掛2	0.0	0.0		
230K10200	豊橋営業課	商品仕入高	135120566.0	146051000.0	92.5	111.4
230K10200	豊橋営業課	原材料費	0.0	0.0		
230K10200	豊橋営業課	外注加工費	106951835.0	117599000.0	90.9	76.6
230K10200	豊橋営業課	その他 直接経費	1906200.0	2050000.0	92.9	
230K10200	豊橋営業課	他勘定振替高	0.0	0.0		
230K10200	豊橋営業課	経費合計（販管費）	125527427.0	133847068.0	93.7	98.3
230K10200	豊橋営業課	減価償却費	657281.0	657000.0	100.0	97.4
230K10200	豊橋営業課	車両費	9781682.0	9694000.0	100.9	119.1
230K10200	豊橋営業課	旅費交通費	18636.0	0.0		83.2
230K10200	豊橋営業課	荷造運搬費	0.0	0.0		0.0
230K10200	豊橋営業課	通信費	1147178.0	1164000.0	98.5	101.0
230K10200	豊橋営業課	水道光熱費	1165128.0	1230000.0	94.7	112.0
230K10200	豊橋営業課	動力費	0.0	0.0		
230K10200	豊橋営業課	事務用品費	493973.0	502000.0	98.4	114.7
230K10200	豊橋営業課	消耗品費	451065.0	323000.0	139.6	174.7
230K10200	豊橋営業課	廃棄物処理料	408349.0	372000.0	109.7	142.4
230K10200	豊橋営業課	広告宣伝費	2826591.0	2839000.0	99.5	106.5
230K10200	豊橋営業課	接待交際費	284091.0	295000.0	96.3	182.7
230K10200	豊橋営業課	研究開発費	0.0	0.0		
230K10200	豊橋営業課	アフターサービス費	0.0	0.0		
230K10200	豊橋営業課	クレーム費	1300000.0	1300000.0	100.0	70.0
230K10200	豊橋営業課	賃借料	13004000.0	13005600.0	99.9	114.0
230K10200	豊橋営業課	賃貸料収入	0.0	0.0		
230K10200	豊橋営業課	修繕費	0.0	0.0		0.0
230K10200	豊橋営業課	支払リース料	252522.0	276000.0	91.4	189.2
230K10200	豊橋営業課	保険料	60628.0	60000.0	101.0	116.3
230K10200	豊橋営業課	支払報酬	0.0	0.0		
230K10200	豊橋営業課	販売手数料	0.0	0.0		0.0
230K10200	豊橋営業課	支払手数料	1157120.0	1068000.0	108.3	125.7
230K10200	豊橋営業課	診断料	0.0	0.0		
230K10200	豊橋営業課	諸会費	27000.0	27000.0	100.0	103.8
230K10200	豊橋営業課	会議費	0.0	0.0		0.0
230K10200	豊橋営業課	寄付金	53000.0	53000.0	100.0	76.2
230K10200	豊橋営業課	租税公課	204500.0	176000.0	116.1	142.9
230K10200	豊橋営業課	業務委託費	0.0	0.0		
230K10200	豊橋営業課	業務受託収入	0.0	0.0		
230K10200	豊橋営業課	システム管理料	0.0	0.0		
230K10200	豊橋営業課	情報機器利用料	10850790.0	10756800.0	100.8	103.8
230K10200	豊橋営業課	貸倒金	0.0	0.0		
230K10200	豊橋営業課	雑費	413716.0	402000.0	102.9	106.5
230K10200	豊橋営業課	福利消耗品費	122544.0	127000.0	96.4	47.1
230K10200	豊橋営業課	教育研修費	468198.0	556000.0	84.2	226.3
230K10200	豊橋営業課	廃棄損・減耗損	239964.0	0.0		321.2
230K10200	豊橋営業課	雑給	0.0	0.0		
230K10200	豊橋営業課	社内金利（固定資産）	204644.0	203197.0	100.7	94.0
230K10200	豊橋営業課	社内金利（売掛金）	291973.0	316500.0	92.2	58.4
230K10200	豊橋営業課	社内金利（在庫）	922675.0	844000.0	109.3	114.2
230K10200	豊橋営業課	営業口銭①（新築）	4118650.0	2500000.0	164.7	149.6
230K10200	豊橋営業課	営業口銭②（リフォ）	43448829.0	54000000.0	80.4	80.5
230K10200	豊橋営業課	開発口銭	0.0	0.0		
230K10200	豊橋営業課	部門共通（経費）	26016700.0	25963971.0	100.2	118.5
230K10200	豊橋営業課	グループ共通	5136000.0	5136000.0	100.0	109.1
230K10200	豊橋営業課	差引収益	123995276.0	148652932.0	83.4	85.9
230K10200	豊橋営業課	差引比率	9.9	11.1	89.1	88.3
230K10200	豊橋営業課	総時間	47492.75	47294.0	100.4	103.8
230K10200	豊橋営業課	定時間	28659.75	28045.5	102.1	103.4
230K10200	豊橋営業課	残業時間	3598.25	3842.5	93.6	93.5
230K10200	豊橋営業課	移動時間	479.0	562.0	85.2	142.3
230K10200	豊橋営業課	部門共通（時間）	14755.75	14844.0	99.4	106.4
230K10200	豊橋営業課	当月時間当り	2610.8	3143.1	83.0	82.7
230K10200	豊橋営業課	人員	15.0	16.0	93.7	100.0
230K30101	豊橋工務チーム	総出荷	372031913.0	410000000.0	90.7	89.7
230K30101	豊橋工務チーム	社外売	372031913.0	410000000.0	90.7	89.7
230K30101	豊橋工務チーム	社内売	0.0	0.0		
230K30101	豊橋工務チーム	社内仕入	49878900.0	39300000.0	126.9	84.9
230K30101	豊橋工務チーム	仕掛1	0.0	0.0		0.0
230K30101	豊橋工務チーム	総生産	322153013.0	370700000.0	86.9	90.5
230K30101	豊橋工務チーム	経費合計	307885329.0	338593020.0	90.9	94.9
230K30101	豊橋工務チーム	経費合計(原価)	243978601.0	265700000.0	91.8	97.2
230K30101	豊橋工務チーム	仕掛2	0.0	0.0		
230K30101	豊橋工務チーム	商品仕入高	135120566.0	146051000.0	92.5	111.4
230K30101	豊橋工務チーム	原材料費	0.0	0.0		
230K30101	豊橋工務チーム	外注加工費	106951835.0	117599000.0	90.9	76.6
230K30101	豊橋工務チーム	その他 直接経費	1906200.0	2050000.0	92.9	
230K30101	豊橋工務チーム	他勘定振替高	0.0	0.0		
230K30101	豊橋工務チーム	経費合計（販管費）	63906728.0	72893020.0	87.6	86.8
230K30101	豊橋工務チーム	減価償却費	0.0	0.0		
230K30101	豊橋工務チーム	車両費	3065969.0	3096000.0	99.0	98.6
230K30101	豊橋工務チーム	旅費交通費	0.0	0.0		
230K30101	豊橋工務チーム	荷造運搬費	0.0	0.0		
230K30101	豊橋工務チーム	通信費	131772.0	132000.0	99.8	80.9
230K30101	豊橋工務チーム	水道光熱費	222104.0	235000.0	94.5	85.4
230K30101	豊橋工務チーム	動力費	0.0	0.0		
230K30101	豊橋工務チーム	事務用品費	67323.0	73000.0	92.2	142.5
230K30101	豊橋工務チーム	消耗品費	75032.0	80000.0	93.7	185.9
230K30101	豊橋工務チーム	廃棄物処理料	275890.0	240000.0	114.9	176.3
230K30101	豊橋工務チーム	広告宣伝費	0.0	0.0		
230K30101	豊橋工務チーム	接待交際費	20000.0	20000.0	100.0	118.9
230K30101	豊橋工務チーム	研究開発費	0.0	0.0		
230K30101	豊橋工務チーム	アフターサービス費	0.0	0.0		
230K30101	豊橋工務チーム	クレーム費	0.0	0.0		
230K30101	豊橋工務チーム	賃借料	2470400.0	2472000.0	99.9	86.6
230K30101	豊橋工務チーム	賃貸料収入	0.0	0.0		
230K30101	豊橋工務チーム	修繕費	0.0	0.0		
230K30101	豊橋工務チーム	支払リース料	54504.0	60000.0	90.8	163.3
230K30101	豊橋工務チーム	保険料	10000.0	12000.0	83.3	
230K30101	豊橋工務チーム	支払報酬	0.0	0.0		
230K30101	豊橋工務チーム	販売手数料	0.0	0.0		0.0
230K30101	豊橋工務チーム	支払手数料	69323.0	82000.0	84.5	114.4
230K30101	豊橋工務チーム	診断料	0.0	0.0		
230K30101	豊橋工務チーム	諸会費	0.0	0.0		0.0
230K30101	豊橋工務チーム	会議費	0.0	0.0		
230K30101	豊橋工務チーム	寄付金	0.0	0.0		
230K30101	豊橋工務チーム	租税公課	1000.0	1000.0	100.0	549.4
230K30101	豊橋工務チーム	業務委託費	0.0	0.0		
230K30101	豊橋工務チーム	業務受託収入	0.0	0.0		
230K30101	豊橋工務チーム	システム管理料	0.0	0.0		
230K30101	豊橋工務チーム	情報機器利用料	1976820.0	1980000.0	99.8	88.3
230K30101	豊橋工務チーム	貸倒金	0.0	0.0		
230K30101	豊橋工務チーム	雑費	39492.0	39000.0	101.2	88.9
230K30101	豊橋工務チーム	福利消耗品費	32900.0	24000.0	137.0	48.0
230K30101	豊橋工務チーム	教育研修費	210000.0	258000.0	81.3	
230K30101	豊橋工務チーム	廃棄損・減耗損	0.0	0.0		
230K30101	豊橋工務チーム	雑給	0.0	0.0		
230K30101	豊橋工務チーム	社内金利（固定資産）	0.0	0.0		
230K30101	豊橋工務チーム	社内金利（売掛金）	0.0	0.0		
230K30101	豊橋工務チーム	社内金利（在庫）	0.0	0.0		
230K30101	豊橋工務チーム	営業口銭①（新築）	4118650.0	2500000.0	164.7	149.6
230K30101	豊橋工務チーム	営業口銭②（リフォ）	43448829.0	54000000.0	80.4	80.5
230K30101	豊橋工務チーム	開発口銭	0.0	0.0		
230K30101	豊橋工務チーム	部門共通（経費）	6707120.0	6679420.0	100.4	108.9
230K30101	豊橋工務チーム	グループ共通	909600.0	909600.0	100.0	77.3
230K30101	豊橋工務チーム	差引収益	14267684.0	32106980.0	44.4	45.5
230K30101	豊橋工務チーム	差引比率	4.4	8.6	51.1	50.0
230K30101	豊橋工務チーム	総時間	8842.75	11374.75	77.7	79.6
230K30101	豊橋工務チーム	定時間	4101.75	5904.5	69.4	70.5
230K30101	豊橋工務チーム	残業時間	425.75	701.25	60.7	66.8
230K30101	豊橋工務チーム	移動時間	1480.0	1928.0	76.7	76.4
230K30101	豊橋工務チーム	部門共通（時間）	2835.25	2841.0	99.7	104.3
230K30101	豊橋工務チーム	当月時間当り	1613.4	2822.6	57.1	57.2
230K30101	豊橋工務チーム	人員	2.0	3.0	66.6	66.6
230C30330	資材物流課	総出荷	1120733106.0	1650000000.0	67.9	83.3
230C30330	資材物流課	社外売	0.0	0.0		
230C30330	資材物流課	社内売	1120733106.0	1650000000.0	67.9	83.3
230C30330	資材物流課	社内仕入	137520818.0	198000000.0	69.4	146.0
230C30330	資材物流課	仕掛1	0.0	0.0		
230C30330	資材物流課	総生産	983212288.0	1452000000.0	67.7	78.6
230C30330	資材物流課	経費合計	914497552.0	1311799344.0	69.7	84.9
230C30330	資材物流課	経費合計(原価)	882430602.0	1280200000.0	68.9	84.5
230C30330	資材物流課	仕掛2	0.0	0.0		
230C30330	資材物流課	商品仕入高	493367071.0	705390200.0	69.9	83.4
230C30330	資材物流課	原材料費	389063531.0	574809800.0	67.6	83.6
230C30330	資材物流課	外注加工費	0.0	0.0		
230C30330	資材物流課	その他 直接経費	0.0	0.0		
230C30330	資材物流課	他勘定振替高	0.0	0.0		
230C30330	資材物流課	経費合計（販管費）	32066950.0	31599344.0	101.4	94.7
230C30330	資材物流課	減価償却費	0.0	0.0		
230C30330	資材物流課	車両費	1345691.0	1356533.0	99.2	84.9
230C30330	資材物流課	旅費交通費	100000.0	120000.0	83.3	62.8
230C30330	資材物流課	荷造運搬費	94000.0	141000.0	66.6	83.4
230C30330	資材物流課	通信費	240157.0	232983.0	103.0	85.0
230C30330	資材物流課	水道光熱費	318466.0	297600.0	107.0	94.7
230C30330	資材物流課	動力費	919820.0	984000.0	93.4	105.4
230C30330	資材物流課	事務用品費	101731.0	123760.0	82.2	87.8
230C30330	資材物流課	消耗品費	1712230.0	1636824.0	104.6	153.0
230C30330	資材物流課	廃棄物処理料	94555.0	120000.0	78.7	83.4
230C30330	資材物流課	広告宣伝費	0.0	0.0		
230C30330	資材物流課	接待交際費	136918.0	120000.0	114.0	764.8
230C30330	資材物流課	研究開発費	0.0	0.0		
230C30330	資材物流課	アフターサービス費	0.0	0.0		
230C30330	資材物流課	クレーム費	0.0	0.0		
230C30330	資材物流課	賃借料	7617748.0	7616568.0	100.0	75.4
230C30330	資材物流課	賃貸料収入	0.0	0.0		
230C30330	資材物流課	修繕費	0.0	0.0		
230C30330	資材物流課	支払リース料	70145.0	70114.0	100.0	74.0
230C30330	資材物流課	保険料	187608.0	187608.0	100.0	75.0
230C30330	資材物流課	支払報酬	0.0	0.0		
230C30330	資材物流課	販売手数料	0.0	0.0		
230C30330	資材物流課	支払手数料	61289.0	60250.0	101.7	79.9
230C30330	資材物流課	診断料	0.0	0.0		
230C30330	資材物流課	諸会費	23272.0	23272.0	100.0	112.5
230C30330	資材物流課	会議費	0.0	0.0		
230C30330	資材物流課	寄付金	0.0	0.0		
230C30330	資材物流課	租税公課	0.0	0.0		
230C30330	資材物流課	業務委託費	0.0	0.0		
230C30330	資材物流課	業務受託収入	0.0	0.0		
230C30330	資材物流課	システム管理料	0.0	0.0		
230C30330	資材物流課	情報機器利用料	5515930.0	5288280.0	104.3	101.7
230C30330	資材物流課	貸倒金	0.0	0.0		
230C30330	資材物流課	雑費	56970.0	50011.0	113.9	81.7
230C30330	資材物流課	福利消耗品費	58074.0	65910.0	88.1	105.4
230C30330	資材物流課	教育研修費	75607.0	86500.0	87.4	429.7
230C30330	資材物流課	廃棄損・減耗損	0.0	0.0		0.0
230C30330	資材物流課	雑給	0.0	0.0		
230C30330	資材物流課	社内金利（固定資産）	0.0	0.0		
230C30330	資材物流課	社内金利（売掛金）	0.0	0.0		
230C30330	資材物流課	社内金利（在庫）	3754328.0	3479000.0	107.9	103.4
230C30330	資材物流課	営業口銭①（新築）	0.0	0.0		
230C30330	資材物流課	営業口銭②（リフォ）	0.0	0.0		
230C30330	資材物流課	開発口銭	0.0	0.0		
230C30330	資材物流課	部門共通（経費）	7165611.0	7122331.0	100.6	116.0
230C30330	資材物流課	グループ共通	2416800.0	2416800.0	100.0	74.7
230C30330	資材物流課	差引収益	68714736.0	140200656.0	49.0	39.7
230C30330	資材物流課	差引比率	6.9	9.6	71.8	50.0
230C30330	資材物流課	総時間	22575.0	22859.25	98.7	105.1
230C30330	資材物流課	定時間	16450.0	16632.0	98.9	102.5
230C30330	資材物流課	残業時間	1095.75	1185.0	92.4	111.7
230C30330	資材物流課	移動時間	913.5	921.5	99.1	96.6
230C30330	資材物流課	部門共通（時間）	4115.75	4120.75	99.8	117.4
230C30330	資材物流課	当月時間当り	3043.8	6133.2	49.6	37.7
230C30330	資材物流課	人員	9.0	9.0	100.0	100.0
230H61500	購買課	総受注高	0.0	0.0		
230H61500	購買課	【新築】受注高	0.0	0.0		
230H61500	購買課	【リフォ】受注高	0.0	0.0		
230H61500	購買課	【資材】受注高	0.0	0.0		
230H61500	購買課	総売上高	0.0	0.0		
230H61500	購買課	【新築】売上高	0.0	0.0		
230H61500	購買課	【リフォ】売上高	0.0	0.0		
230H61500	購買課	【資材】売上高	0.0	0.0		
230H61500	購買課	【新築】インセンティブ	0.0	0.0		
230H61500	購買課	【リフォ】インセンティブ	0.0	0.0		
230H61500	購買課	【資材】インセンティブ	0.0	0.0		
230H61500	購買課	収益①（営業口銭）	0.0	0.0		
230H61500	購買課	【新築】収益①(営業口銭)	0.0	0.0		
230H61500	購買課	【リフォ】収益①(営業口銭)	0.0	0.0		
230H61500	購買課	【資材】売上原価	0.0	0.0		
230H61500	購買課	収益②（資材）	0.0	0.0		
230H61500	購買課	総収益	0.0	0.0		
230H61500	購買課	経費合計	0.0	0.0		
230H61500	購買課	減価償却費	25452.0	0.0		
230H61500	購買課	車両費	586713.0	600000.0	97.7	95.9
230H61500	購買課	旅費交通費	5924152.0	5869000.0	100.9	232.9
230H61500	購買課	荷造運搬費	90000.0	108000.0	83.3	113.5
230H61500	購買課	通信費	247590.0	242000.0	102.3	95.3
230H61500	購買課	水道光熱費	340613.0	348000.0	97.8	148.5
230H61500	購買課	動力費	0.0	0.0		
230H61500	購買課	事務用品費	114333.0	107000.0	106.8	168.4
230H61500	購買課	消耗品費	60495.0	64000.0	94.5	33.7
230H61500	購買課	廃棄物処理料	52760.0	57000.0	92.5	255.8
230H61500	購買課	広告宣伝費	0.0	0.0		
230H61500	購買課	接待交際費	506776.0	588000.0	86.1	81.8
230H61500	購買課	研究開発費	0.0	0.0		
230H61500	購買課	アフターサービス費	0.0	0.0		
230H61500	購買課	クレーム費	300000.0	360000.0	83.3	75.7
230H61500	購買課	賃借料	5981400.0	5981400.0	100.0	150.3
230H61500	購買課	賃貸料収入	0.0	0.0		
230H61500	購買課	修繕費	6025.0	6025.0	100.0	
230H61500	購買課	支払リース料	13838.0	14000.0	98.8	104.9
230H61500	購買課	保険料	30000.0	30000.0	100.0	165.6
230H61500	購買課	支払報酬	136364.0	0.0		
230H61500	購買課	販売手数料	0.0	0.0		
230H61500	購買課	支払手数料	0.0	9000.0	0.0	0.0
230H61500	購買課	診断料	2617650.0	2040000.0	128.3	134.9
230H61500	購買課	諸会費	0.0	0.0		0.0
230H61500	購買課	会議費	0.0	0.0		
230H61500	購買課	寄付金	0.0	0.0		
230H61500	購買課	租税公課	4000.0	8000.0	50.0	100.0
230H61500	購買課	業務委託費	1200000.0	1200000.0	100.0	100.0
230H61500	購買課	業務受託収入	0.0	0.0		
230H61500	購買課	システム管理料	0.0	0.0		
230H61500	購買課	情報機器利用料	5159208.0	5086000.0	101.4	104.2
230H61500	購買課	貸倒金	0.0	0.0		
230H61500	購買課	雑費	1834144.0	2007000.0	91.3	154.7
230H61500	購買課	福利消耗品費	31163.0	53000.0	58.7	61.7
230H61500	購買課	教育研修費	22440.0	24000.0	93.5	92.5
230H61500	購買課	廃棄損・減耗損	0.0	0.0		0.0
230H61500	購買課	雑給	0.0	0.0		
230H61500	購買課	社内金利（固定資産）	1878.0	0.0		
230H61500	購買課	社内金利（売掛金）	0.0	0.0		
230H61500	購買課	社内金利（在庫）	0.0	0.0		
230H61500	購買課	開発口銭	0.0	0.0		
230H61500	購買課	部門共通（経費）	-27400194.0	-26914625.0		
230H61500	購買課	グループ共通	2113200.0	2113200.0	100.0	143.5
230H61500	購買課	差引収益	0.0	0.0		
230H61500	購買課	差引比率	0.0	0.0		
230H61500	購買課	総時間	0.0	0.0		
230H61500	購買課	定時間	13342.5	13432.0	99.3	109.4
230H61500	購買課	残業時間	1792.25	1758.0	101.9	95.5
230H61500	購買課	移動時間	-624.0	-618.0		
230H61500	購買課	部門共通（時間）	-14510.75	-14572.0		
230H61500	購買課	当月時間当り	0.0	0.0		
230H61500	購買課	人員	7.0	7.0	100.0	100.0
230K10300	農薬推進課	総出荷	0.0	0.0		
230K10300	農薬推進課	社外売	0.0	0.0		
230K10300	農薬推進課	社内売	0.0	0.0		
230K10300	農薬推進課	社内仕入	0.0	0.0		
230K10300	農薬推進課	仕掛1	0.0	0.0		
230K10300	農薬推進課	総生産	0.0	0.0		
230K10300	農薬推進課	経費合計	0.0	0.0		
230K10300	農薬推進課	経費合計(原価)	0.0	0.0		
230K10300	農薬推進課	仕掛2	0.0	0.0		
230K10300	農薬推進課	商品仕入高	0.0	0.0		
230K10300	農薬推進課	原材料費	0.0	0.0		
230K10300	農薬推進課	外注加工費	0.0	0.0		
230K10300	農薬推進課	その他 直接経費	0.0	0.0		
230K10300	農薬推進課	他勘定振替高	0.0	0.0		
230K10300	農薬推進課	経費合計（販管費）	0.0	0.0		
230K10300	農薬推進課	減価償却費	0.0	0.0		
230K10300	農薬推進課	車両費	1543076.0	1569960.0	98.2	139.4
230K10300	農薬推進課	旅費交通費	132400.0	144000.0	91.9	
230K10300	農薬推進課	荷造運搬費	0.0	0.0		
230K10300	農薬推進課	通信費	112748.0	115422.0	97.6	120.5
230K10300	農薬推進課	水道光熱費	72814.0	76773.0	94.8	112.1
230K10300	農薬推進課	動力費	0.0	0.0		
230K10300	農薬推進課	事務用品費	34544.0	39333.0	87.8	160.1
230K10300	農薬推進課	消耗品費	33821.0	29549.0	114.4	120.2
230K10300	農薬推進課	廃棄物処理料	0.0	0.0		
230K10300	農薬推進課	広告宣伝費	0.0	0.0		
230K10300	農薬推進課	接待交際費	30000.0	30000.0	100.0	100.0
230K10300	農薬推進課	研究開発費	0.0	0.0		
230K10300	農薬推進課	アフターサービス費	0.0	0.0		
230K10300	農薬推進課	クレーム費	0.0	0.0		
230K10300	農薬推進課	賃借料	820800.0	820800.0	100.0	116.1
230K10300	農薬推進課	賃貸料収入	0.0	0.0		
230K10300	農薬推進課	修繕費	0.0	0.0		
230K10300	農薬推進課	支払リース料	0.0	0.0		
230K10300	農薬推進課	保険料	2820.0	3384.0	83.3	
230K10300	農薬推進課	支払報酬	0.0	0.0		
230K10300	農薬推進課	販売手数料	0.0	0.0		
230K10300	農薬推進課	支払手数料	12752.0	16436.0	77.5	91.2
230K10300	農薬推進課	診断料	0.0	0.0		
230K10300	農薬推進課	諸会費	165000.0	164000.0	100.6	95.3
230K10300	農薬推進課	会議費	0.0	0.0		
230K10300	農薬推進課	寄付金	0.0	0.0		
230K10300	農薬推進課	租税公課	0.0	0.0		
230K10300	農薬推進課	業務委託費	0.0	0.0		
230K10300	農薬推進課	業務受託収入	0.0	0.0		
230K10300	農薬推進課	システム管理料	0.0	0.0		
230K10300	農薬推進課	情報機器利用料	2818906.0	2820124.0	99.9	110.2
230K10300	農薬推進課	貸倒金	0.0	0.0		
230K10300	農薬推進課	雑費	12129.0	11674.0	103.8	109.3
230K10300	農薬推進課	福利消耗品費	8960.0	30680.0	29.2	52.8
230K10300	農薬推進課	教育研修費	33000.0	55000.0	60.0	14.5
230K10300	農薬推進課	廃棄損・減耗損	0.0	0.0		
230K10300	農薬推進課	雑給	0.0	0.0		
230K10300	農薬推進課	社内金利（固定資産）	0.0	0.0		
230K10300	農薬推進課	社内金利（売掛金）	0.0	0.0		
230K10300	農薬推進課	社内金利（在庫）	0.0	0.0		
230K10300	農薬推進課	営業口銭①（新築）	0.0	0.0		
230K10300	農薬推進課	営業口銭②（リフォ）	0.0	0.0		
230K10300	農薬推進課	開発口銭	0.0	0.0		
230K10300	農薬推進課	部門共通（経費）	-7340970.0	-7434335.0		
230K10300	農薬推進課	グループ共通	1507200.0	1507200.0	100.0	128.1
230K10300	農薬推進課	差引収益	0.0	0.0		
230K10300	農薬推進課	差引比率	0.0	0.0		
230K10300	農薬推進課	総時間	0.0	0.0		
230K10300	農薬推進課	定時間	7911.0	8104.0	97.6	110.4
230K10300	農薬推進課	残業時間	902.0	915.0	98.5	119.9
230K10300	農薬推進課	移動時間	110.0	114.0	96.4	98.2
230K10300	農薬推進課	部門共通（時間）	-8923.0	-9133.0		
230K10300	農薬推進課	当月時間当り	0.0	0.0		
230K10300	農薬推進課	人員	4.0	4.0	100.0	100.0
230B50100	開発課	総出荷	0.0	0.0		
230B50100	開発課	社外売	0.0	0.0		
230B50100	開発課	社内売	0.0	0.0		
230B50100	開発課	社内仕入	0.0	0.0		
230B50100	開発課	仕掛1	0.0	0.0		
230B50100	開発課	総生産	0.0	0.0		
230B50100	開発課	経費合計	0.0	0.0		
230B50100	開発課	経費合計(原価)	0.0	0.0		
230B50100	開発課	仕掛2	0.0	0.0		
230B50100	開発課	商品仕入高	0.0	0.0		
230B50100	開発課	原材料費	0.0	0.0		
230B50100	開発課	外注加工費	0.0	0.0		
230B50100	開発課	その他 直接経費	0.0	0.0		
230B50100	開発課	他勘定振替高	0.0	0.0		
230B50100	開発課	経費合計（販管費）	0.0	0.0		
230B50100	開発課	減価償却費	14502432.0	13200000.0	109.8	109.6
230B50100	開発課	車両費	1698928.0	1718500.0	98.8	104.3
230B50100	開発課	旅費交通費	1755968.0	1763000.0	99.6	95.6
230B50100	開発課	荷造運搬費	10000.0	12000.0	83.3	
230B50100	開発課	通信費	206991.0	207000.0	99.9	103.9
230B50100	開発課	水道光熱費	328674.0	336500.0	97.6	107.5
230B50100	開発課	動力費	0.0	0.0		
230B50100	開発課	事務用品費	35024.0	34000.0	103.0	98.4
230B50100	開発課	消耗品費	393145.0	99000.0	397.1	71.2
230B50100	開発課	廃棄物処理料	22177.0	35200.0	63.0	52.6
230B50100	開発課	広告宣伝費	3000.0	3000.0	100.0	104.6
230B50100	開発課	接待交際費	348935.0	360000.0	96.9	183.9
230B50100	開発課	研究開発費	13230000.0	13500000.0	98.0	455.8
230B50100	開発課	アフターサービス費	0.0	0.0		
230B50100	開発課	クレーム費	0.0	0.0		0.0
230B50100	開発課	賃借料	3065920.0	3066000.0	99.9	79.3
230B50100	開発課	賃貸料収入	-1080000.0	-1080000.0		
230B50100	開発課	修繕費	0.0	0.0		
230B50100	開発課	支払リース料	23784.0	24000.0	99.1	101.7
230B50100	開発課	保険料	0.0	0.0		
230B50100	開発課	支払報酬	1345000.0	1345000.0	100.0	238.2
230B50100	開発課	販売手数料	0.0	0.0		
230B50100	開発課	支払手数料	196344.0	195500.0	100.4	145.3
230B50100	開発課	診断料	0.0	0.0		
230B50100	開発課	諸会費	54600.0	54600.0	100.0	139.0
230B50100	開発課	会議費	20000.0	24000.0	83.3	227.5
230B50100	開発課	寄付金	0.0	0.0		
230B50100	開発課	租税公課	471500.0	471500.0	100.0	133.7
230B50100	開発課	業務委託費	480000.0	480000.0	100.0	84.2
230B50100	開発課	業務受託収入	0.0	0.0		
230B50100	開発課	システム管理料	0.0	0.0		
230B50100	開発課	情報機器利用料	4195008.0	4218500.0	99.4	99.0
230B50100	開発課	貸倒金	0.0	0.0		
230B50100	開発課	雑費	12283.0	12000.0	102.3	94.4
230B50100	開発課	福利消耗品費	21678.0	71500.0	30.3	29.3
230B50100	開発課	教育研修費	120268.0	121000.0	99.3	337.9
230B50100	開発課	廃棄損・減耗損	0.0	0.0		
230B50100	開発課	雑給	0.0	0.0		
230B50100	開発課	社内金利（固定資産）	2608222.0	2678600.0	97.3	94.6
230B50100	開発課	社内金利（売掛金）	0.0	0.0		
230B50100	開発課	社内金利（在庫）	0.0	0.0		
230B50100	開発課	営業口銭①（新築）	0.0	0.0		
230B50100	開発課	営業口銭②（リフォ）	0.0	0.0		
230B50100	開発課	開発口銭	0.0	0.0		
230B50100	開発課	部門共通（経費）	-45879481.0	-44760000.0		
230B50100	開発課	グループ共通	1809600.0	1809600.0	100.0	76.9
230B50100	開発課	差引収益	0.0	0.0		
230B50100	開発課	差引比率	0.0	0.0		
230B50100	開発課	総時間	0.0	0.0		
230B50100	開発課	定時間	12077.25	12082.0	99.9	87.0
230B50100	開発課	残業時間	1503.25	1577.0	95.3	125.8
230B50100	開発課	移動時間	-2619.0	-2619.0		
230B50100	開発課	部門共通（時間）	-10961.5	-11040.0		
230B50100	開発課	当月時間当り	0.0	0.0		
230B50100	開発課	人員	7.0	7.0	100.0	87.5
100A10200	関東営業チーム	総受注高	1133386788.0	2000000000.0	56.6	70.9
100A10200	関東営業チーム	【新築】受注高	457765455.0	1166000000.0	39.2	54.0
100A10200	関東営業チーム	【リフォ】受注高	283962914.0	464000000.0	61.1	75.3
100A10200	関東営業チーム	【資材】受注高	391658419.0	370000000.0	105.8	105.2
100A10200	関東営業チーム	総売上高	1453479275.0	2000000000.0	72.6	110.3
100A10200	関東営業チーム	【新築】売上高	794065455.0	1180000000.0	67.2	147.6
100A10200	関東営業チーム	【リフォ】売上高	284528273.0	450000000.0	63.2	69.0
100A10200	関東営業チーム	【資材】売上高	375677547.0	370792000.0	101.3	101.8
100A10200	関東営業チーム	【新築】インセンティブ	0.0	0.0		
100A10200	関東営業チーム	【リフォ】インセンティブ	0.0	0.0		
100A10200	関東営業チーム	【資材】インセンティブ	-792000.0	-792000.0		
100A10200	関東営業チーム	収益①（営業口銭）	82382512.0	126500000.0	65.1	91.5
100A10200	関東営業チーム	【新築】収益①(営業口銭)	39703272.0	59000000.0	67.2	140.9
100A10200	関東営業チーム	【リフォ】収益①(営業口銭)	42679240.0	67500000.0	63.2	69.0
100A10200	関東営業チーム	【資材】売上原価	308965635.0	307100000.0	100.6	101.5
100A10200	関東営業チーム	収益②（資材）	65919912.0	62900000.0	104.8	104.9
100A10200	関東営業チーム	総収益	148302424.0	189400000.0	78.3	97.2
100A10200	関東営業チーム	経費合計	60242090.0	60791073.0	99.0	85.2
100A10200	関東営業チーム	減価償却費	419422.0	419422.0	100.0	93.6
100A10200	関東営業チーム	車両費	5501547.0	6910000.0	79.6	82.0
100A10200	関東営業チーム	旅費交通費	5839690.0	6100000.0	95.7	117.2
100A10200	関東営業チーム	荷造運搬費	266581.0	300000.0	88.8	235.1
100A10200	関東営業チーム	通信費	1120367.0	1140000.0	98.2	112.2
100A10200	関東営業チーム	水道光熱費	1095579.0	1140000.0	96.1	101.6
100A10200	関東営業チーム	動力費	0.0	0.0		
100A10200	関東営業チーム	事務用品費	317090.0	342000.0	92.7	112.1
100A10200	関東営業チーム	消耗品費	306114.0	288000.0	106.2	124.7
100A10200	関東営業チーム	廃棄物処理料	0.0	0.0		
100A10200	関東営業チーム	広告宣伝費	150000.0	180000.0	83.3	140.6
100A10200	関東営業チーム	接待交際費	784381.0	760000.0	103.2	131.8
100A10200	関東営業チーム	研究開発費	0.0	0.0		
100A10200	関東営業チーム	アフターサービス費	0.0	0.0		
100A10200	関東営業チーム	クレーム費	4090250.0	4000000.0	102.2	28.5
100A10200	関東営業チーム	賃借料	8140133.0	7924200.0	102.7	93.2
100A10200	関東営業チーム	賃貸料収入	-954740.0	-856620.0		
100A10200	関東営業チーム	修繕費	400000.0	400000.0	100.0	45.7
100A10200	関東営業チーム	支払リース料	32225.0	32225.0	100.0	121.9
100A10200	関東営業チーム	保険料	15696.0	15696.0	100.0	133.6
100A10200	関東営業チーム	支払報酬	800000.0	800000.0	100.0	
100A10200	関東営業チーム	販売手数料	0.0	0.0		
100A10200	関東営業チーム	支払手数料	1135332.0	480000.0	236.5	221.5
100A10200	関東営業チーム	診断料	0.0	0.0		
100A10200	関東営業チーム	諸会費	212150.0	240000.0	88.3	135.1
100A10200	関東営業チーム	会議費	0.0	0.0		
100A10200	関東営業チーム	寄付金	0.0	0.0		
100A10200	関東営業チーム	租税公課	147900.0	156000.0	94.8	101.9
100A10200	関東営業チーム	業務委託費	0.0	0.0		0.0
100A10200	関東営業チーム	業務受託収入	0.0	0.0		
100A10200	関東営業チーム	システム管理料	0.0	0.0		
100A10200	関東営業チーム	情報機器利用料	7233590.0	6805500.0	106.2	115.8
100A10200	関東営業チーム	貸倒金	0.0	0.0		
100A10200	関東営業チーム	雑費	203832.0	180000.0	113.2	144.5
100A10200	関東営業チーム	福利消耗品費	89950.0	175000.0	51.4	54.2
100A10200	関東営業チーム	教育研修費	250239.0	240000.0	104.2	153.2
100A10200	関東営業チーム	廃棄損・減耗損	0.0	0.0		0.0
100A10200	関東営業チーム	雑給	0.0	0.0		
100A10200	関東営業チーム	社内金利（固定資産）	152139.0	156000.0	97.5	114.5
100A10200	関東営業チーム	社内金利（売掛金）	240306.0	240000.0	100.1	66.6
100A10200	関東営業チーム	社内金利（在庫）	125330.0	120000.0	104.4	90.0
100A10200	関東営業チーム	開発口銭	0.0	0.0		
100A10200	関東営業チーム	部門共通（経費）	19407787.0	19384450.0	100.1	91.9
100A10200	関東営業チーム	グループ共通	2719200.0	2719200.0	100.0	102.6
100A10200	関東営業チーム	差引収益	88060334.0	128608927.0	68.4	107.5
100A10200	関東営業チーム	差引比率	6.0	6.4	93.7	96.7
100A10200	関東営業チーム	総時間	32138.25	31989.75	100.4	104.1
100A10200	関東営業チーム	定時間	19140.25	19224.0	99.5	118.5
100A10200	関東営業チーム	残業時間	3545.5	3356.0	105.6	113.2
100A10200	関東営業チーム	移動時間	-3153.75	-3234.0		
100A10200	関東営業チーム	部門共通（時間）	12606.25	12643.75	99.7	94.9
100A10200	関東営業チーム	当月時間当り	2740.0	4020.3	68.1	103.2
100A10200	関東営業チーム	人員	10.0	10.0	100.0	111.1
100A10300	関東営業課	総受注高	1133386788.0	2000000000.0	56.6	70.9
100A10300	関東営業課	【新築】受注高	457765455.0	1166000000.0	39.2	54.0
100A10300	関東営業課	【リフォ】受注高	283962914.0	464000000.0	61.1	75.3
100A10300	関東営業課	【資材】受注高	391658419.0	370000000.0	105.8	105.2
100A10300	関東営業課	総売上高	1453479275.0	2000000000.0	72.6	110.3
100A10300	関東営業課	【新築】売上高	794065455.0	1180000000.0	67.2	147.6
100A10300	関東営業課	【リフォ】売上高	284528273.0	450000000.0	63.2	69.0
100A10300	関東営業課	【資材】売上高	375677547.0	370792000.0	101.3	101.8
100A10300	関東営業課	【新築】インセンティブ	0.0	0.0		
100A10300	関東営業課	【リフォ】インセンティブ	0.0	0.0		
100A10300	関東営業課	【資材】インセンティブ	-792000.0	-792000.0		
100A10300	関東営業課	収益①（営業口銭）	82382512.0	126500000.0	65.1	91.5
100A10300	関東営業課	【新築】収益①(営業口銭)	39703272.0	59000000.0	67.2	140.9
100A10300	関東営業課	【リフォ】収益①(営業口銭)	42679240.0	67500000.0	63.2	69.0
100A10300	関東営業課	【資材】売上原価	308965635.0	307100000.0	100.6	101.5
100A10300	関東営業課	収益②（資材）	65919912.0	62900000.0	104.8	104.9
100A10300	関東営業課	総収益	148302424.0	189400000.0	78.3	97.2
100A10300	関東営業課	総出荷	1078593728.0	1630000000.0	66.1	113.5
100A10300	関東営業課	社外売	1078593728.0	1630000000.0	66.1	113.5
100A10300	関東営業課	社内売	0.0	0.0		
100A10300	関東営業課	社内仕入	290049065.0	385138440.0	75.3	157.2
100A10300	関東営業課	仕掛1	-6087161.0	-5535598.0		
100A10300	関東営業課	総生産	794631824.0	1250397158.0	63.5	104.0
100A10300	関東営業課	経費合計	812977778.0	1249904639.0	65.0	105.0
100A10300	関東営業課	経費合計(原価)	653503090.0	1047097158.0	62.4	109.7
100A10300	関東営業課	仕掛2	-506349.0	101479.0		
100A10300	関東営業課	商品仕入高	417113050.0	627072500.0	66.5	122.1
100A10300	関東営業課	原材料費	0.0	0.0		
100A10300	関東営業課	外注加工費	235029159.0	418013179.0	56.2	91.3
100A10300	関東営業課	その他 直接経費	1867230.0	1910000.0	97.7	
100A10300	関東営業課	他勘定振替高	0.0	0.0		
100A10300	関東営業課	経費合計（販管費）	159474688.0	202807481.0	78.6	89.5
100A10300	関東営業課	減価償却費	419422.0	419422.0	100.0	93.6
100A10300	関東営業課	車両費	9336712.0	9445896.0	98.8	92.3
100A10300	関東営業課	旅費交通費	7631894.0	7760000.0	98.3	104.8
100A10300	関東営業課	荷造運搬費	266581.0	300000.0	88.8	94.5
100A10300	関東営業課	通信費	1252242.0	1272000.0	98.4	110.2
100A10300	関東営業課	水道光熱費	1230902.0	1266000.0	97.2	101.2
100A10300	関東営業課	動力費	0.0	0.0		
100A10300	関東営業課	事務用品費	356497.0	384000.0	92.8	113.9
100A10300	関東営業課	消耗品費	369640.0	360000.0	102.6	76.5
100A10300	関東営業課	廃棄物処理料	0.0	0.0		
100A10300	関東営業課	広告宣伝費	150000.0	180000.0	83.3	140.6
100A10300	関東営業課	接待交際費	784381.0	760000.0	103.2	131.2
100A10300	関東営業課	研究開発費	0.0	0.0		
100A10300	関東営業課	アフターサービス費	0.0	0.0		
100A10300	関東営業課	クレーム費	4090250.0	4000000.0	102.2	28.5
100A10300	関東営業課	賃借料	8672133.0	8620200.0	100.6	91.3
100A10300	関東営業課	賃貸料収入	-1006420.0	-960000.0		
100A10300	関東営業課	修繕費	406502.0	400000.0	101.6	46.5
100A10300	関東営業課	支払リース料	32225.0	38727.0	83.2	100.0
100A10300	関東営業課	保険料	15696.0	15696.0	100.0	133.6
100A10300	関東営業課	支払報酬	800000.0	800000.0	100.0	
100A10300	関東営業課	販売手数料	0.0	0.0		0.0
100A10300	関東営業課	支払手数料	1175760.0	549103.0	214.1	214.0
100A10300	関東営業課	診断料	0.0	0.0		
100A10300	関東営業課	諸会費	214250.0	241500.0	88.7	134.6
100A10300	関東営業課	会議費	0.0	0.0		
100A10300	関東営業課	寄付金	0.0	0.0		
100A10300	関東営業課	租税公課	147900.0	156000.0	94.8	101.9
100A10300	関東営業課	業務委託費	0.0	0.0		0.0
100A10300	関東営業課	業務受託収入	0.0	0.0		
100A10300	関東営業課	システム管理料	0.0	0.0		
100A10300	関東営業課	情報機器利用料	8965190.0	8515980.0	105.2	119.9
100A10300	関東営業課	貸倒金	0.0	0.0		
100A10300	関東営業課	雑費	203832.0	180000.0	113.2	123.0
100A10300	関東営業課	福利消耗品費	106023.0	190430.0	55.6	47.1
100A10300	関東営業課	教育研修費	254935.0	244488.0	104.2	113.8
100A10300	関東営業課	廃棄損・減耗損	0.0	0.0		0.0
100A10300	関東営業課	雑給	0.0	0.0		
100A10300	関東営業課	社内金利（固定資産）	152139.0	156000.0	97.5	114.5
100A10300	関東営業課	社内金利（売掛金）	240306.0	240000.0	100.1	66.6
100A10300	関東営業課	社内金利（在庫）	125330.0	120000.0	104.4	90.0
100A10300	関東営業課	営業口銭①（新築）	39703272.0	59000000.0	67.2	140.9
100A10300	関東営業課	営業口銭②（リフォ）	42679240.0	67500000.0	63.2	69.0
100A10300	関東営業課	開発口銭	0.0	0.0		
100A10300	関東営業課	部門共通（経費）	27069054.0	27023239.0	100.1	93.1
100A10300	関東営業課	グループ共通	3628800.0	3628800.0	100.0	112.2
100A10300	関東営業課	差引収益	129956470.0	189892519.0	68.4	91.3
100A10300	関東営業課	差引比率	5.7	5.8	98.2	83.8
100A10300	関東営業課	総時間	44868.25	44689.25	100.4	103.1
100A10300	関東営業課	定時間	23108.25	23176.0	99.7	114.0
100A10300	関東営業課	残業時間	4308.25	4097.0	105.1	106.3
100A10300	関東営業課	移動時間	304.25	224.0	135.8	21.7
100A10300	関東営業課	部門共通（時間）	17147.5	17192.25	99.7	96.4
100A10300	関東営業課	当月時間当り	2896.4	4249.1	68.1	88.5
100A10300	関東営業課	人員	12.0	12.0	100.0	100.0
100A30101	関東工務チーム	総出荷	1078593728.0	1630000000.0	66.1	113.5
100A30101	関東工務チーム	社外売	1078593728.0	1630000000.0	66.1	113.5
100A30101	関東工務チーム	社内売	0.0	0.0		
100A30101	関東工務チーム	社内仕入	290049065.0	385138440.0	75.3	157.2
100A30101	関東工務チーム	仕掛1	-6087161.0	-5535598.0		
100A30101	関東工務チーム	総生産	794631824.0	1250397158.0	63.5	104.0
100A30101	関東工務チーム	経費合計	752735688.0	1189113566.0	63.3	107.0
100A30101	関東工務チーム	経費合計(原価)	653503090.0	1047097158.0	62.4	109.7
100A30101	関東工務チーム	仕掛2	-506349.0	101479.0		
100A30101	関東工務チーム	商品仕入高	417113050.0	627072500.0	66.5	122.1
100A30101	関東工務チーム	原材料費	0.0	0.0		
100A30101	関東工務チーム	外注加工費	235029159.0	418013179.0	56.2	91.3
100A30101	関東工務チーム	その他 直接経費	1867230.0	1910000.0	97.7	
100A30101	関東工務チーム	他勘定振替高	0.0	0.0		
100A30101	関東工務チーム	経費合計（販管費）	99232598.0	142016408.0	69.8	92.3
100A30101	関東工務チーム	減価償却費	0.0	0.0		
100A30101	関東工務チーム	車両費	3835165.0	2535896.0	151.2	112.6
100A30101	関東工務チーム	旅費交通費	1792204.0	1660000.0	107.9	77.9
100A30101	関東工務チーム	荷造運搬費	0.0	0.0		0.0
100A30101	関東工務チーム	通信費	131875.0	132000.0	99.9	95.3
100A30101	関東工務チーム	水道光熱費	135323.0	126000.0	107.3	97.8
100A30101	関東工務チーム	動力費	0.0	0.0		
100A30101	関東工務チーム	事務用品費	39407.0	42000.0	93.8	130.8
100A30101	関東工務チーム	消耗品費	63526.0	72000.0	88.2	26.7
100A30101	関東工務チーム	廃棄物処理料	0.0	0.0		
100A30101	関東工務チーム	広告宣伝費	0.0	0.0		
100A30101	関東工務チーム	接待交際費	0.0	0.0		0.0
100A30101	関東工務チーム	研究開発費	0.0	0.0		
100A30101	関東工務チーム	アフターサービス費	0.0	0.0		
100A30101	関東工務チーム	クレーム費	0.0	0.0		
100A30101	関東工務チーム	賃借料	532000.0	696000.0	76.4	70.3
100A30101	関東工務チーム	賃貸料収入	-51680.0	-103380.0		
100A30101	関東工務チーム	修繕費	6502.0	0.0		
100A30101	関東工務チーム	支払リース料	0.0	6502.0	0.0	0.0
100A30101	関東工務チーム	保険料	0.0	0.0		
100A30101	関東工務チーム	支払報酬	0.0	0.0		
100A30101	関東工務チーム	販売手数料	0.0	0.0		0.0
100A30101	関東工務チーム	支払手数料	40428.0	69103.0	58.5	110.0
100A30101	関東工務チーム	診断料	0.0	0.0		
100A30101	関東工務チーム	諸会費	2100.0	1500.0	140.0	100.0
100A30101	関東工務チーム	会議費	0.0	0.0		
100A30101	関東工務チーム	寄付金	0.0	0.0		
100A30101	関東工務チーム	租税公課	0.0	0.0		
100A30101	関東工務チーム	業務委託費	0.0	0.0		
100A30101	関東工務チーム	業務受託収入	0.0	0.0		
100A30101	関東工務チーム	システム管理料	0.0	0.0		
100A30101	関東工務チーム	情報機器利用料	1731600.0	1710480.0	101.2	141.2
100A30101	関東工務チーム	貸倒金	0.0	0.0		
100A30101	関東工務チーム	雑費	0.0	0.0		0.0
100A30101	関東工務チーム	福利消耗品費	16073.0	15430.0	104.1	27.1
100A30101	関東工務チーム	教育研修費	4696.0	4488.0	104.6	7.7
100A30101	関東工務チーム	廃棄損・減耗損	0.0	0.0		
100A30101	関東工務チーム	雑給	0.0	0.0		
100A30101	関東工務チーム	社内金利（固定資産）	0.0	0.0		
100A30101	関東工務チーム	社内金利（売掛金）	0.0	0.0		
100A30101	関東工務チーム	社内金利（在庫）	0.0	0.0		
100A30101	関東工務チーム	営業口銭①（新築）	39703272.0	59000000.0	67.2	140.9
100A30101	関東工務チーム	営業口銭②（リフォ）	42679240.0	67500000.0	63.2	69.0
100A30101	関東工務チーム	開発口銭	0.0	0.0		
100A30101	関東工務チーム	部門共通（経費）	7661267.0	7638789.0	100.2	96.4
100A30101	関東工務チーム	グループ共通	909600.0	909600.0	100.0	155.9
100A30101	関東工務チーム	差引収益	41896136.0	61283592.0	68.3	69.2
100A30101	関東工務チーム	差引比率	5.2	4.9	106.1	65.8
100A30101	関東工務チーム	総時間	12730.0	12699.5	100.2	100.6
100A30101	関東工務チーム	定時間	3968.0	3952.0	100.4	96.4
100A30101	関東工務チーム	残業時間	762.75	741.0	102.9	82.9
100A30101	関東工務チーム	移動時間	3458.0	3458.0	100.0	111.2
100A30101	関東工務チーム	部門共通（時間）	4541.25	4548.5	99.8	100.8
100A30101	関東工務チーム	当月時間当り	3291.1	4825.6	68.2	68.8
100A30101	関東工務チーム	人員	2.0	2.0	100.0	100.0
