組織コード	組織名	科目	年度_見通し	MP	MP比	前年比
060B10300	EC営業課	総受注高	1149983741.0	1105000000.0	104.0	
060B10300	EC営業課	受注高	1149983741.0	1105000000.0	104.0	
060B10300	EC営業課	受注割戻高	0.0	0.0		
060B10300	EC営業課	総売上高	1099386176.0	1105000000.0	99.4	
060B10300	EC営業課	売上高	1099386176.0	1105000000.0	99.4	
060B10300	EC営業課	売上割戻高	0.0	0.0		
060B10300	EC営業課	売上原価	976399703.0	981000000.0	99.5	
060B10300	EC営業課	売上原価（割戻前）	976399703.0	981000000.0	99.5	
060B10300	EC営業課	仕入割戻高	0.0	0.0		
060B10300	EC営業課	総収益	122986473.0	124000000.0	99.1	
060B10300	EC営業課	経費合計	161238564.0	150669755.0	107.0	
060B10300	EC営業課	減価償却費	5098.0	5100.0	99.9	
060B10300	EC営業課	車両費	0.0	0.0		
060B10300	EC営業課	旅費交通費	235837.0	240000.0	98.2	
060B10300	EC営業課	荷造運搬費	8825378.0	10000000.0	88.2	
060B10300	EC営業課	通信費	151964.0	114466.0	132.7	
060B10300	EC営業課	水道光熱費	132015.0	134503.0	98.1	
060B10300	EC営業課	事務用品費	72929.0	78673.0	92.6	
060B10300	EC営業課	消耗品費	11672.0	11819.0	98.7	
060B10300	EC営業課	廃棄物処理料	31025.0	30841.0	100.5	
060B10300	EC営業課	広告宣伝費	0.0	0.0		
060B10300	EC営業課	接待交際費	107091.0	100000.0	107.0	
060B10300	EC営業課	研究開発費	0.0	0.0		
060B10300	EC営業課	賃借料	1541904.0	1541904.0	100.0	
060B10300	EC営業課	賃貸料収入	0.0	0.0		
060B10300	EC営業課	修繕費	0.0	0.0		
060B10300	EC営業課	支払リース料	21179.0	21181.0	99.9	
060B10300	EC営業課	保険料	111440.0	111620.0	99.8	
060B10300	EC営業課	支払報酬	0.0	0.0		
060B10300	EC営業課	販売手数料	128030816.0	118000000.0	108.5	
060B10300	EC営業課	支払手数料	0.0	0.0		
060B10300	EC営業課	診断料	0.0	0.0		
060B10300	EC営業課	諸会費	14858.0	18358.0	80.9	
060B10300	EC営業課	会議費	0.0	0.0		
060B10300	EC営業課	寄付金	0.0	0.0		
060B10300	EC営業課	租税公課	0.0	0.0		
060B10300	EC営業課	業務委託費	0.0	0.0		
060B10300	EC営業課	業務受託収入	0.0	0.0		
060B10300	EC営業課	システム管理料	0.0	0.0		
060B10300	EC営業課	情報機器利用料	2235384.0	2357280.0	94.8	
060B10300	EC営業課	貸倒金	0.0	0.0		
060B10300	EC営業課	雑費	14120.0	14120.0	100.0	
060B10300	EC営業課	福利消耗品費	20000.0	20000.0	100.0	
060B10300	EC営業課	教育研修費	22450.0	23136.0	97.0	
060B10300	EC営業課	廃棄損・減耗損	0.0	0.0		
060B10300	EC営業課	雑給	0.0	0.0		
060B10300	EC営業課	社内金利（固定資産）	2491.0	2491.0	100.0	
060B10300	EC営業課	社内金利（売掛金）	7990505.0	6160000.0	129.7	
060B10300	EC営業課	社内金利（在庫）	1475237.0	1390000.0	106.1	
060B10300	EC営業課	部門共通（経費）	681255.0	690906.0	98.6	
060B10300	EC営業課	全社共通（経費）	8770716.0	8870157.0	98.8	
060B10300	EC営業課	グループ共通	733200.0	733200.0	100.0	
060B10300	EC営業課	差引収益	-38252091.0	-26669755.0		
060B10300	EC営業課	差引比率	-3.4	-2.4		
060B10300	EC営業課	総時間	13867.25	14032.75	98.8	
060B10300	EC営業課	定時間	5738.25	5736.0	100.0	
060B10300	EC営業課	残業時間	644.75	540.0	119.3	
060B10300	EC営業課	移動時間	-2211.0	-2118.0		
060B10300	EC営業課	部門共通（時間）	300.25	316.25	94.9	
060B10300	EC営業課	全社共通（時間）	9395.0	9558.5	98.2	
060B10300	EC営業課	当月時間当り	-2758.4	-1900.5		
060B10300	EC営業課	人員	3.0	3.0	100.0	
060B10200	EC営業部	総受注高	1149983741.0	1105000000.0	104.0	
060B10200	EC営業部	受注高	1149983741.0	1105000000.0	104.0	
060B10200	EC営業部	受注割戻高	0.0	0.0		
060B10200	EC営業部	総売上高	1099386176.0	1105000000.0	99.4	
060B10200	EC営業部	売上高	1099386176.0	1105000000.0	99.4	
060B10200	EC営業部	売上割戻高	0.0	0.0		
060B10200	EC営業部	売上原価	976399703.0	981000000.0	99.5	
060B10200	EC営業部	売上原価（割戻前）	976399703.0	981000000.0	99.5	
060B10200	EC営業部	仕入割戻高	0.0	0.0		
060B10200	EC営業部	総収益	122986473.0	124000000.0	99.1	
060B10200	EC営業部	経費合計	161238564.0	150669755.0	107.0	
060B10200	EC営業部	減価償却費	5098.0	5100.0	99.9	
060B10200	EC営業部	車両費	0.0	0.0		
060B10200	EC営業部	旅費交通費	235837.0	240000.0	98.2	
060B10200	EC営業部	荷造運搬費	8825378.0	10000000.0	88.2	
060B10200	EC営業部	通信費	151964.0	114466.0	132.7	
060B10200	EC営業部	水道光熱費	132015.0	134503.0	98.1	
060B10200	EC営業部	事務用品費	72929.0	78673.0	92.6	
060B10200	EC営業部	消耗品費	11672.0	11819.0	98.7	
060B10200	EC営業部	廃棄物処理料	31025.0	30841.0	100.5	
060B10200	EC営業部	広告宣伝費	0.0	0.0		
060B10200	EC営業部	接待交際費	107091.0	100000.0	107.0	
060B10200	EC営業部	研究開発費	0.0	0.0		
060B10200	EC営業部	賃借料	1541904.0	1541904.0	100.0	
060B10200	EC営業部	賃貸料収入	0.0	0.0		
060B10200	EC営業部	修繕費	0.0	0.0		
060B10200	EC営業部	支払リース料	21179.0	21181.0	99.9	
060B10200	EC営業部	保険料	111440.0	111620.0	99.8	
060B10200	EC営業部	支払報酬	0.0	0.0		
060B10200	EC営業部	販売手数料	128030816.0	118000000.0	108.5	
060B10200	EC営業部	支払手数料	0.0	0.0		
060B10200	EC営業部	診断料	0.0	0.0		
060B10200	EC営業部	諸会費	14858.0	18358.0	80.9	
060B10200	EC営業部	会議費	0.0	0.0		
060B10200	EC営業部	寄付金	0.0	0.0		
060B10200	EC営業部	租税公課	0.0	0.0		
060B10200	EC営業部	業務委託費	0.0	0.0		
060B10200	EC営業部	業務受託収入	0.0	0.0		
060B10200	EC営業部	システム管理料	0.0	0.0		
060B10200	EC営業部	情報機器利用料	2235384.0	2357280.0	94.8	
060B10200	EC営業部	貸倒金	0.0	0.0		
060B10200	EC営業部	雑費	14120.0	14120.0	100.0	
060B10200	EC営業部	福利消耗品費	20000.0	20000.0	100.0	
060B10200	EC営業部	教育研修費	22450.0	23136.0	97.0	
060B10200	EC営業部	廃棄損・減耗損	0.0	0.0		
060B10200	EC営業部	雑給	0.0	0.0		
060B10200	EC営業部	社内金利（固定資産）	2491.0	2491.0	100.0	
060B10200	EC営業部	社内金利（売掛金）	7990505.0	6160000.0	129.7	
060B10200	EC営業部	社内金利（在庫）	1475237.0	1390000.0	106.1	
060B10200	EC営業部	部門共通（経費）	681255.0	690906.0	98.6	
060B10200	EC営業部	全社共通（経費）	8770716.0	8870157.0	98.8	
060B10200	EC営業部	グループ共通	733200.0	733200.0	100.0	
060B10200	EC営業部	差引収益	-38252091.0	-26669755.0		
060B10200	EC営業部	差引比率	-3.4	-2.4		
060B10200	EC営業部	総時間	13867.25	14032.75	98.8	
060B10200	EC営業部	定時間	5738.25	5736.0	100.0	
060B10200	EC営業部	残業時間	644.75	540.0	119.3	
060B10200	EC営業部	移動時間	-2211.0	-2118.0		
060B10200	EC営業部	部門共通（時間）	300.25	316.25	94.9	
060B10200	EC営業部	全社共通（時間）	9395.0	9558.5	98.2	
060B10200	EC営業部	当月時間当り	-2758.4	-1900.5		
060B10200	EC営業部	人員	3.0	3.0	100.0	
002000000	イノチオプラントケア㈱	総受注高	13718368423.0	13500000000.0	101.6	103.8
002000000	イノチオプラントケア㈱	受注高	13928995466.0	13717049000.0	101.5	103.4
002000000	イノチオプラントケア㈱	受注割戻高	-210627043.0	-217049000.0		
002000000	イノチオプラントケア㈱	総売上高	13730661376.0	13500000000.0	101.7	104.5
002000000	イノチオプラントケア㈱	売上高	13943610772.0	13717049000.0	101.6	104.1
002000000	イノチオプラントケア㈱	売上割戻高	-212949396.0	-217049000.0		
002000000	イノチオプラントケア㈱	売上原価	11494593561.0	11270000000.0	101.9	103.4
002000000	イノチオプラントケア㈱	売上原価（割戻前）	11494593561.0	11270000000.0	101.9	103.4
002000000	イノチオプラントケア㈱	仕入割戻高	0.0	0.0		
002000000	イノチオプラントケア㈱	総収益	2236067815.0	2230000000.0	100.2	110.5
002000000	イノチオプラントケア㈱	経費合計	966481744.0	950462861.0	101.6	105.2
002000000	イノチオプラントケア㈱	減価償却費	72593964.0	73956844.0	98.1	101.2
002000000	イノチオプラントケア㈱	車両費	100194287.0	100976117.0	99.2	103.2
002000000	イノチオプラントケア㈱	旅費交通費	40116581.0	40576066.0	98.8	105.6
002000000	イノチオプラントケア㈱	荷造運搬費	165241280.0	162721211.0	101.5	96.4
002000000	イノチオプラントケア㈱	通信費	16108915.0	16283488.0	98.9	98.4
002000000	イノチオプラントケア㈱	水道光熱費	11312482.0	11463813.0	98.6	97.9
002000000	イノチオプラントケア㈱	事務用品費	5617063.0	5682424.0	98.8	89.4
002000000	イノチオプラントケア㈱	消耗品費	15421658.0	13868537.0	111.1	103.7
002000000	イノチオプラントケア㈱	廃棄物処理料	3870915.0	3482893.0	111.1	117.5
002000000	イノチオプラントケア㈱	広告宣伝費	13560891.0	13315749.0	101.8	106.7
002000000	イノチオプラントケア㈱	接待交際費	7436397.0	7356124.0	101.0	110.7
002000000	イノチオプラントケア㈱	研究開発費	1526241.0	1584000.0	96.3	111.0
002000000	イノチオプラントケア㈱	賃借料	83691208.0	84075904.0	99.5	99.5
002000000	イノチオプラントケア㈱	賃貸料収入	-1857281.0	-1845281.0		
002000000	イノチオプラントケア㈱	修繕費	8325570.0	8828167.0	94.3	241.6
002000000	イノチオプラントケア㈱	支払リース料	1661520.0	1656026.0	100.3	88.2
002000000	イノチオプラントケア㈱	保険料	4641801.0	4588098.0	101.1	107.0
002000000	イノチオプラントケア㈱	支払報酬	3037570.0	3114098.0	97.5	103.9
002000000	イノチオプラントケア㈱	販売手数料	186834860.0	174618327.0	106.9	132.8
002000000	イノチオプラントケア㈱	支払手数料	11911720.0	11968158.0	99.5	103.2
002000000	イノチオプラントケア㈱	診断料	8025010.0	8449300.0	94.9	93.8
002000000	イノチオプラントケア㈱	諸会費	4977185.0	4870235.0	102.1	96.2
002000000	イノチオプラントケア㈱	会議費	1794792.0	1793542.0	100.0	
002000000	イノチオプラントケア㈱	寄付金	51900.0	51900.0	100.0	85.4
002000000	イノチオプラントケア㈱	租税公課	11765117.0	11805168.0	99.6	99.9
002000000	イノチオプラントケア㈱	業務委託費	77505772.0	72464502.0	106.9	102.5
002000000	イノチオプラントケア㈱	業務受託収入	-2866875.0	-2845057.0		
002000000	イノチオプラントケア㈱	システム管理料	24169739.0	24483083.0	98.7	105.0
002000000	イノチオプラントケア㈱	情報機器利用料	37584094.0	38475736.0	97.6	108.9
002000000	イノチオプラントケア㈱	貸倒金	0.0	0.0		0.0
002000000	イノチオプラントケア㈱	雑費	5028157.0	4882213.0	102.9	60.3
002000000	イノチオプラントケア㈱	福利消耗品費	2350409.0	3102869.0	75.7	159.9
002000000	イノチオプラントケア㈱	教育研修費	3742561.0	3541607.0	105.6	125.2
002000000	イノチオプラントケア㈱	廃棄損・減耗損	2094241.0	2105000.0	99.4	14.4
002000000	イノチオプラントケア㈱	雑給	0.0	0.0		
002000000	イノチオプラントケア㈱	社内金利（固定資産）	0.0	0.0		
002000000	イノチオプラントケア㈱	社内金利（売掛金）	0.0	0.0		
002000000	イノチオプラントケア㈱	社内金利（在庫）	0.0	0.0		
002000000	イノチオプラントケア㈱	部門共通（経費）	0.0	0.0		
002000000	イノチオプラントケア㈱	全社共通（経費）	0.0	0.0		
002000000	イノチオプラントケア㈱	グループ共通	39012000.0	39012000.0	100.0	95.7
002000000	イノチオプラントケア㈱	差引収益	1269586071.0	1279537139.0	99.2	114.9
002000000	イノチオプラントケア㈱	差引比率	9.2	9.4	97.8	109.5
002000000	イノチオプラントケア㈱	総時間	356850.5	357211.75	99.8	103.0
002000000	イノチオプラントケア㈱	定時間	327979.75	328212.25	99.9	103.2
002000000	イノチオプラントケア㈱	残業時間	23303.5	23236.75	100.2	95.7
002000000	イノチオプラントケア㈱	移動時間	5567.25	5762.75	96.6	126.1
002000000	イノチオプラントケア㈱	部門共通（時間）	0.0	0.0		
002000000	イノチオプラントケア㈱	全社共通（時間）	0.0	0.0		
002000000	イノチオプラントケア㈱	当月時間当り	3557.7	3582.0	99.3	111.5
002000000	イノチオプラントケア㈱	人員	176.0	176.0	100.0	98.8
002090100	イノチオプラントケア本社	総受注高	0.0	0.0		
002090100	イノチオプラントケア本社	受注高	0.0	0.0		
002090100	イノチオプラントケア本社	受注割戻高	0.0	0.0		
002090100	イノチオプラントケア本社	総売上高	0.0	0.0		
002090100	イノチオプラントケア本社	売上高	0.0	0.0		
002090100	イノチオプラントケア本社	売上割戻高	0.0	0.0		
002090100	イノチオプラントケア本社	売上原価	0.0	0.0		
002090100	イノチオプラントケア本社	売上原価（割戻前）	0.0	0.0		
002090100	イノチオプラントケア本社	仕入割戻高	0.0	0.0		
002090100	イノチオプラントケア本社	総収益	0.0	0.0		
002090100	イノチオプラントケア本社	経費合計	35481074.0	35669234.0	99.4	106.8
002090100	イノチオプラントケア本社	減価償却費	54314705.0	54314705.0	100.0	102.3
002090100	イノチオプラントケア本社	車両費	146343.0	150000.0	97.5	85.5
002090100	イノチオプラントケア本社	旅費交通費	2420436.0	2620000.0	92.3	99.7
002090100	イノチオプラントケア本社	荷造運搬費	632724.0	632500.0	100.0	481.3
002090100	イノチオプラントケア本社	通信費	858761.0	852824.0	100.6	99.9
002090100	イノチオプラントケア本社	水道光熱費	0.0	0.0		
002090100	イノチオプラントケア本社	事務用品費	14900.0	15600.0	95.5	11.0
002090100	イノチオプラントケア本社	消耗品費	0.0	0.0		0.0
002090100	イノチオプラントケア本社	廃棄物処理料	0.0	0.0		
002090100	イノチオプラントケア本社	広告宣伝費	4500.0	4500.0	100.0	99.0
002090100	イノチオプラントケア本社	接待交際費	1844737.0	1590000.0	116.0	154.8
002090100	イノチオプラントケア本社	研究開発費	0.0	0.0		
002090100	イノチオプラントケア本社	賃借料	50000.0	50000.0	100.0	385.8
002090100	イノチオプラントケア本社	賃貸料収入	-25000.0	-25000.0		
002090100	イノチオプラントケア本社	修繕費	4470000.0	4411000.0	101.3	
002090100	イノチオプラントケア本社	支払リース料	0.0	0.0		0.0
002090100	イノチオプラントケア本社	保険料	88460.0	72000.0	122.8	123.0
002090100	イノチオプラントケア本社	支払報酬	3021370.0	3114098.0	97.0	103.7
002090100	イノチオプラントケア本社	販売手数料	0.0	0.0		
002090100	イノチオプラントケア本社	支払手数料	3303770.0	3380490.0	97.7	103.6
002090100	イノチオプラントケア本社	診断料	0.0	0.0		
002090100	イノチオプラントケア本社	諸会費	3105000.0	3101000.0	100.1	100.1
002090100	イノチオプラントケア本社	会議費	1200000.0	1200000.0	100.0	
002090100	イノチオプラントケア本社	寄付金	0.0	0.0		
002090100	イノチオプラントケア本社	租税公課	4710250.0	4710250.0	100.0	102.3
002090100	イノチオプラントケア本社	業務委託費	0.0	0.0		
002090100	イノチオプラントケア本社	業務受託収入	-1200000.0	-1200000.0		
002090100	イノチオプラントケア本社	システム管理料	22437883.0	22578083.0	99.3	100.0
002090100	イノチオプラントケア本社	情報機器利用料	-76591380.0	-76593816.0		
002090100	イノチオプラントケア本社	貸倒金	0.0	0.0		
002090100	イノチオプラントケア本社	雑費	665194.0	683000.0	97.3	124.3
002090100	イノチオプラントケア本社	福利消耗品費	1252000.0	1252000.0	100.0	
002090100	イノチオプラントケア本社	教育研修費	0.0	0.0		0.0
002090100	イノチオプラントケア本社	廃棄損・減耗損	0.0	0.0		
002090100	イノチオプラントケア本社	雑給	0.0	0.0		
002090100	イノチオプラントケア本社	社内金利（固定資産）	8756421.0	8756000.0	100.0	75.3
002090100	イノチオプラントケア本社	社内金利（売掛金）	0.0	0.0		
002090100	イノチオプラントケア本社	社内金利（在庫）	0.0	0.0		
002090100	イノチオプラントケア本社	部門共通（経費）	0.0	0.0		
002090100	イノチオプラントケア本社	全社共通（経費）	0.0	0.0		
002090100	イノチオプラントケア本社	グループ共通	0.0	0.0		
002090100	イノチオプラントケア本社	差引収益	-35481074.0	-35669234.0		
002090100	イノチオプラントケア本社	差引比率	0.0	0.0		
002090100	イノチオプラントケア本社	総時間	2232.0	2232.0	100.0	100.0
002090100	イノチオプラントケア本社	定時間	1984.0	1984.0	100.0	100.0
002090100	イノチオプラントケア本社	残業時間	248.0	248.0	100.0	100.0
002090100	イノチオプラントケア本社	移動時間	0.0	0.0		
002090100	イノチオプラントケア本社	部門共通（時間）	0.0	0.0		
002090100	イノチオプラントケア本社	全社共通（時間）	0.0	0.0		
002090100	イノチオプラントケア本社	当月時間当り	-15896.5	-15980.8		
002090100	イノチオプラントケア本社	人員	1.0	1.0	100.0	100.0
230I60100	オペレーション部	総受注高	0.0	0.0		
230I60100	オペレーション部	受注高	0.0	0.0		
230I60100	オペレーション部	受注割戻高	0.0	0.0		
230I60100	オペレーション部	総売上高	0.0	0.0		
230I60100	オペレーション部	売上高	0.0	0.0		
230I60100	オペレーション部	売上割戻高	0.0	0.0		
230I60100	オペレーション部	売上原価	0.0	0.0		
230I60100	オペレーション部	売上原価（割戻前）	0.0	0.0		
230I60100	オペレーション部	仕入割戻高	0.0	0.0		
230I60100	オペレーション部	総収益	0.0	0.0		
230I60100	オペレーション部	経費合計	0.0	0.0		
230I60100	オペレーション部	減価償却費	259822.0	259822.0	100.0	29.8
230I60100	オペレーション部	車両費	340154.0	337704.0	100.7	2.7
230I60100	オペレーション部	旅費交通費	1416612.0	1153020.0	122.8	92.0
230I60100	オペレーション部	荷造運搬費	502.0	555.0	90.4	4.9
230I60100	オペレーション部	通信費	1018504.0	1007484.0	101.0	86.0
230I60100	オペレーション部	水道光熱費	717479.0	720900.0	99.5	37.2
230I60100	オペレーション部	事務用品費	393536.0	387900.0	101.4	42.1
230I60100	オペレーション部	消耗品費	63713.0	63000.0	101.1	5.4
230I60100	オペレーション部	廃棄物処理料	263419.0	277650.0	94.8	45.9
230I60100	オペレーション部	広告宣伝費	0.0	0.0		
230I60100	オペレーション部	接待交際費	40000.0	48000.0	83.3	90.8
230I60100	オペレーション部	研究開発費	0.0	0.0		
230I60100	オペレーション部	賃借料	480268.0	480180.0	100.0	7.2
230I60100	オペレーション部	賃貸料収入	-1001.0	-1001.0		
230I60100	オペレーション部	修繕費	330662.0	339870.0	97.2	59.1
230I60100	オペレーション部	支払リース料	87221.0	87225.0	99.9	31.5
230I60100	オペレーション部	保険料	37530.0	37533.0	99.9	26.9
230I60100	オペレーション部	支払報酬	0.0	0.0		
230I60100	オペレーション部	販売手数料	0.0	0.0		
230I60100	オペレーション部	支払手数料	181131.0	186290.0	97.2	54.2
230I60100	オペレーション部	診断料	0.0	0.0		
230I60100	オペレーション部	諸会費	42718.0	36718.0	116.3	20.6
230I60100	オペレーション部	会議費	0.0	0.0		
230I60100	オペレーション部	寄付金	1900.0	1900.0	100.0	29.9
230I60100	オペレーション部	租税公課	177025.0	176626.0	100.2	30.4
230I60100	オペレーション部	業務委託費	0.0	0.0		0.0
230I60100	オペレーション部	業務受託収入	0.0	0.0		
230I60100	オペレーション部	システム管理料	0.0	0.0		
230I60100	オペレーション部	情報機器利用料	9734448.0	9734448.0	100.0	35.8
230I60100	オペレーション部	貸倒金	0.0	0.0		
230I60100	オペレーション部	雑費	150460.0	155694.0	96.6	39.0
230I60100	オペレーション部	福利消耗品費	21124.0	149915.0	14.0	6.8
230I60100	オペレーション部	教育研修費	721830.0	735976.0	98.0	237.3
230I60100	オペレーション部	廃棄損・減耗損	0.0	0.0		
230I60100	オペレーション部	雑給	0.0	0.0		
230I60100	オペレーション部	社内金利（固定資産）	143261.0	143266.0	99.9	29.1
230I60100	オペレーション部	社内金利（売掛金）	0.0	0.0		
230I60100	オペレーション部	社内金利（在庫）	0.0	0.0		
230I60100	オペレーション部	部門共通（経費）	0.0	0.0		
230I60100	オペレーション部	全社共通（経費）	-19795118.0	-19693475.0		
230I60100	オペレーション部	グループ共通	3172800.0	3172800.0	100.0	26.0
230I60100	オペレーション部	差引収益	0.0	0.0		
230I60100	オペレーション部	差引比率	0.0	0.0		
230I60100	オペレーション部	総時間	0.0	0.0		
230I60100	オペレーション部	定時間	23799.5	23699.5	100.4	26.3
230I60100	オペレーション部	残業時間	1388.5	1252.75	110.8	27.7
230I60100	オペレーション部	移動時間	-1153.0	-1147.0		
230I60100	オペレーション部	部門共通（時間）	0.0	0.0		
230I60100	オペレーション部	全社共通（時間）	-24035.0	-23805.25		
230I60100	オペレーション部	当月時間当り	0.0	0.0		
230I60100	オペレーション部	人員	13.0	13.0	100.0	25.0
002010200	カスタマーソリューション本部	総受注高	9817851125.0	9740000000.0	100.7	100.9
002010200	カスタマーソリューション本部	受注高	10028478168.0	9957049000.0	100.7	100.5
002010200	カスタマーソリューション本部	受注割戻高	-210627043.0	-217049000.0		
002010200	カスタマーソリューション本部	総売上高	9827159869.0	9740000000.0	100.8	101.4
002010200	カスタマーソリューション本部	売上高	10040109265.0	9957049000.0	100.8	101.0
002010200	カスタマーソリューション本部	売上割戻高	-212949396.0	-217049000.0		
002010200	カスタマーソリューション本部	売上原価	8108401244.0	8023000000.0	101.0	100.2
002010200	カスタマーソリューション本部	売上原価（割戻前）	8108401244.0	8023000000.0	101.0	100.2
002010200	カスタマーソリューション本部	仕入割戻高	0.0	0.0		
002010200	カスタマーソリューション本部	総収益	1718758625.0	1717000000.0	100.1	107.8
002010200	カスタマーソリューション本部	経費合計	638804973.0	636930064.0	100.2	97.7
002010200	カスタマーソリューション本部	減価償却費	7354259.0	7354151.0	100.0	45.0
002010200	カスタマーソリューション本部	車両費	71409389.0	72027242.0	99.1	96.2
002010200	カスタマーソリューション本部	旅費交通費	17984825.0	18005646.0	99.8	75.4
002010200	カスタマーソリューション本部	荷造運搬費	24682047.0	25466784.0	96.9	92.6
002010200	カスタマーソリューション本部	通信費	9031942.0	9361179.0	96.4	87.1
002010200	カスタマーソリューション本部	水道光熱費	6596752.0	6721240.0	98.1	87.2
002010200	カスタマーソリューション本部	事務用品費	3621246.0	3673802.0	98.5	86.3
002010200	カスタマーソリューション本部	消耗品費	1681469.0	1273422.0	132.0	81.0
002010200	カスタマーソリューション本部	廃棄物処理料	1818079.0	1795292.0	101.2	92.9
002010200	カスタマーソリューション本部	広告宣伝費	2854275.0	2911718.0	98.0	22.0
002010200	カスタマーソリューション本部	接待交際費	4221876.0	4348764.0	97.0	95.5
002010200	カスタマーソリューション本部	研究開発費	0.0	0.0		0.0
002010200	カスタマーソリューション本部	賃借料	46112638.0	46405246.0	99.3	94.3
002010200	カスタマーソリューション本部	賃貸料収入	-1167280.0	-1155280.0		
002010200	カスタマーソリューション本部	修繕費	1596019.0	1981050.0	80.5	89.4
002010200	カスタマーソリューション本部	支払リース料	1058550.0	1052808.0	100.5	88.5
002010200	カスタマーソリューション本部	保険料	1375763.0	1373655.0	100.1	50.9
002010200	カスタマーソリューション本部	支払報酬	16200.0	0.0		162.0
002010200	カスタマーソリューション本部	販売手数料	0.0	0.0		
002010200	カスタマーソリューション本部	支払手数料	4403209.0	4422641.0	99.5	85.1
002010200	カスタマーソリューション本部	診断料	6325610.0	6526300.0	96.9	91.8
002010200	カスタマーソリューション本部	諸会費	994830.0	957880.0	103.8	77.0
002010200	カスタマーソリューション本部	会議費	61977.0	57727.0	107.3	58.3
002010200	カスタマーソリューション本部	寄付金	38000.0	38000.0	100.0	91.1
002010200	カスタマーソリューション本部	租税公課	5712333.0	5754154.0	99.2	97.6
002010200	カスタマーソリューション本部	業務委託費	38251785.0	32170132.0	118.9	99.0
002010200	カスタマーソリューション本部	業務受託収入	-1666875.0	-1645057.0		
002010200	カスタマーソリューション本部	システム管理料	420000.0	465000.0	90.3	78.3
002010200	カスタマーソリューション本部	情報機器利用料	66092128.0	66069310.0	100.0	107.0
002010200	カスタマーソリューション本部	貸倒金	0.0	0.0		0.0
002010200	カスタマーソリューション本部	雑費	2749024.0	2730640.0	100.6	81.5
002010200	カスタマーソリューション本部	福利消耗品費	557295.0	964834.0	57.7	61.9
002010200	カスタマーソリューション本部	教育研修費	1497228.0	1497525.0	99.9	61.4
002010200	カスタマーソリューション本部	廃棄損・減耗損	6411533.0	6393000.0	100.2	71.5
002010200	カスタマーソリューション本部	雑給	0.0	0.0		
002010200	カスタマーソリューション本部	社内金利（固定資産）	3218071.0	3221495.0	99.8	62.6
002010200	カスタマーソリューション本部	社内金利（売掛金）	35826235.0	35871757.0	99.8	98.0
002010200	カスタマーソリューション本部	社内金利（在庫）	32084744.0	32825186.0	97.7	92.8
002010200	カスタマーソリューション本部	部門共通（経費）	56529373.0	57914118.0	97.6	
002010200	カスタマーソリューション本部	全社共通（経費）	157612424.0	156660703.0	100.6	83.6
002010200	カスタマーソリューション本部	グループ共通	21438000.0	21438000.0	100.0	96.8
002010200	カスタマーソリューション本部	差引収益	1079953652.0	1080069936.0	99.9	114.9
002010200	カスタマーソリューション本部	差引比率	10.9	11.0	99.0	112.3
002010200	カスタマーソリューション本部	総時間	275275.0	275238.25	100.0	97.7
002010200	カスタマーソリューション本部	定時間	176990.25	174771.0	101.2	101.2
002010200	カスタマーソリューション本部	残業時間	13086.25	13427.0	97.4	90.8
002010200	カスタマーソリューション本部	移動時間	13209.0	13445.5	98.2	116.7
002010200	カスタマーソリューション本部	部門共通（時間）	20457.25	21328.5	95.9	
002010200	カスタマーソリューション本部	全社共通（時間）	51532.25	52266.25	98.5	63.0
002010200	カスタマーソリューション本部	当月時間当り	3923.1	3924.1	99.9	117.5
002010200	カスタマーソリューション本部	人員	94.0	93.0	101.0	97.9
230I60400	サプライチェーン部	総受注高	0.0	0.0		
230I60400	サプライチェーン部	受注高	0.0	0.0		
230I60400	サプライチェーン部	受注割戻高	0.0	0.0		
230I60400	サプライチェーン部	総売上高	0.0	0.0		
230I60400	サプライチェーン部	売上高	0.0	0.0		
230I60400	サプライチェーン部	売上割戻高	0.0	0.0		
230I60400	サプライチェーン部	売上原価	0.0	0.0		
230I60400	サプライチェーン部	売上原価（割戻前）	0.0	0.0		
230I60400	サプライチェーン部	仕入割戻高	0.0	0.0		
230I60400	サプライチェーン部	総収益	0.0	0.0		
230I60400	サプライチェーン部	経費合計	0.0	0.0		
230I60400	サプライチェーン部	減価償却費	1173457.0	1174235.0	99.9	144.6
230I60400	サプライチェーン部	車両費	17229270.0	17358117.0	99.2	443.5
230I60400	サプライチェーン部	旅費交通費	2025645.0	2250900.0	89.9	163.0
230I60400	サプライチェーン部	荷造運搬費	64586418.0	64197028.0	100.6	101.3
230I60400	サプライチェーン部	通信費	1363044.0	1304473.0	104.4	183.1
230I60400	サプライチェーン部	水道光熱費	2013634.0	2027237.0	99.3	149.6
230I60400	サプライチェーン部	事務用品費	685257.0	690888.0	99.1	174.6
230I60400	サプライチェーン部	消耗品費	11561050.0	10437132.0	110.7	118.4
230I60400	サプライチェーン部	廃棄物処理料	952522.0	688874.0	138.2	181.9
230I60400	サプライチェーン部	広告宣伝費	-307569.0	-327369.0		
230I60400	サプライチェーン部	接待交際費	613642.0	606360.0	101.2	130.8
230I60400	サプライチェーン部	研究開発費	0.0	0.0		
230I60400	サプライチェーン部	賃借料	27218329.0	27217628.0	100.0	109.2
230I60400	サプライチェーン部	賃貸料収入	-123000.0	-123000.0		
230I60400	サプライチェーン部	修繕費	1041529.0	1073947.0	96.9	203.2
230I60400	サプライチェーン部	支払リース料	227826.0	227834.0	99.9	209.9
230I60400	サプライチェーン部	保険料	1040359.0	1045202.0	99.5	103.9
230I60400	サプライチェーン部	支払報酬	0.0	0.0		
230I60400	サプライチェーン部	販売手数料	0.0	0.0		
230I60400	サプライチェーン部	支払手数料	1162476.0	1163289.0	99.9	154.6
230I60400	サプライチェーン部	診断料	1368400.0	1575000.0	86.8	
230I60400	サプライチェーン部	諸会費	426213.0	452213.0	94.2	108.6
230I60400	サプライチェーン部	会議費	12815.0	12815.0	100.0	160.8
230I60400	サプライチェーン部	寄付金	12000.0	12000.0	100.0	151.8
230I60400	サプライチェーン部	租税公課	859004.0	863005.0	99.5	171.2
230I60400	サプライチェーン部	業務委託費	2408170.0	2625560.0	91.7	
230I60400	サプライチェーン部	業務受託収入	0.0	0.0		
230I60400	サプライチェーン部	システム管理料	0.0	0.0		
230I60400	サプライチェーン部	情報機器利用料	15989174.0	16034810.0	99.7	165.3
230I60400	サプライチェーン部	貸倒金	0.0	0.0		
230I60400	サプライチェーン部	雑費	615282.0	640305.0	96.0	128.4
230I60400	サプライチェーン部	福利消耗品費	250858.0	386040.0	64.9	241.1
230I60400	サプライチェーン部	教育研修費	186212.0	230170.0	80.9	261.1
230I60400	サプライチェーン部	廃棄損・減耗損	1507503.0	1612000.0	93.5	12.2
230I60400	サプライチェーン部	雑給	0.0	0.0		
230I60400	サプライチェーン部	社内金利（固定資産）	657594.0	657671.0	99.9	143.5
230I60400	サプライチェーン部	社内金利（売掛金）	0.0	0.0		
230I60400	サプライチェーン部	社内金利（在庫）	0.0	0.0		
230I60400	サプライチェーン部	部門共通（経費）	0.0	0.0		
230I60400	サプライチェーン部	全社共通（経費）	-165052714.0	-164409964.0		
230I60400	サプライチェーン部	グループ共通	8295600.0	8295600.0	100.0	208.5
230I60400	サプライチェーン部	差引収益	0.0	0.0		
230I60400	サプライチェーン部	差引比率	0.0	0.0		
230I60400	サプライチェーン部	総時間	0.0	0.0		
230I60400	サプライチェーン部	定時間	66843.0	67362.75	99.2	254.3
230I60400	サプライチェーン部	残業時間	3304.0	3532.0	93.5	143.2
230I60400	サプライチェーン部	移動時間	-17054.0	-17034.0		
230I60400	サプライチェーン部	部門共通（時間）	0.0	0.0		
230I60400	サプライチェーン部	全社共通（時間）	-53093.0	-53860.75		
230I60400	サプライチェーン部	当月時間当り	0.0	0.0		
230I60400	サプライチェーン部	人員	36.0	38.0	94.7	225.0
002060100	サプライ＆オペレーション本部	総受注高	0.0	0.0		
002060100	サプライ＆オペレーション本部	受注高	0.0	0.0		
002060100	サプライ＆オペレーション本部	受注割戻高	0.0	0.0		
002060100	サプライ＆オペレーション本部	総売上高	0.0	0.0		
002060100	サプライ＆オペレーション本部	売上高	0.0	0.0		
002060100	サプライ＆オペレーション本部	売上割戻高	0.0	0.0		
002060100	サプライ＆オペレーション本部	売上原価	0.0	0.0		
002060100	サプライ＆オペレーション本部	売上原価（割戻前）	0.0	0.0		
002060100	サプライ＆オペレーション本部	仕入割戻高	0.0	0.0		
002060100	サプライ＆オペレーション本部	総収益	0.0	0.0		
002060100	サプライ＆オペレーション本部	経費合計	0.0	0.0		
002060100	サプライ＆オペレーション本部	減価償却費	1433279.0	1434057.0	99.9	65.6
002060100	サプライ＆オペレーション本部	車両費	17569424.0	17695821.0	99.2	101.3
002060100	サプライ＆オペレーション本部	旅費交通費	3442257.0	3403920.0	101.1	78.4
002060100	サプライ＆オペレーション本部	荷造運搬費	64586920.0	64197583.0	100.6	101.3
002060100	サプライ＆オペレーション本部	通信費	2381548.0	2311957.0	103.0	113.9
002060100	サプライ＆オペレーション本部	水道光熱費	2731113.0	2748137.0	99.3	79.1
002060100	サプライ＆オペレーション本部	事務用品費	1078793.0	1078788.0	100.0	77.9
002060100	サプライ＆オペレーション本部	消耗品費	11624763.0	10500132.0	110.7	105.6
002060100	サプライ＆オペレーション本部	廃棄物処理料	1215941.0	966524.0	125.8	105.1
002060100	サプライ＆オペレーション本部	広告宣伝費	-307569.0	-327369.0		
002060100	サプライ＆オペレーション本部	接待交際費	653642.0	654360.0	99.8	99.9
002060100	サプライ＆オペレーション本部	研究開発費	0.0	0.0		0.0
002060100	サプライ＆オペレーション本部	賃借料	27698597.0	27697808.0	100.0	87.5
002060100	サプライ＆オペレーション本部	賃貸料収入	-124001.0	-124001.0		
002060100	サプライ＆オペレーション本部	修繕費	1372191.0	1413817.0	97.0	107.5
002060100	サプライ＆オペレーション本部	支払リース料	315047.0	315059.0	99.9	81.7
002060100	サプライ＆オペレーション本部	保険料	1077889.0	1082735.0	99.5	93.3
002060100	サプライ＆オペレーション本部	支払報酬	0.0	0.0		
002060100	サプライ＆オペレーション本部	販売手数料	0.0	0.0		
002060100	サプライ＆オペレーション本部	支払手数料	1343607.0	1349579.0	99.5	90.5
002060100	サプライ＆オペレーション本部	診断料	1368400.0	1575000.0	86.8	82.2
002060100	サプライ＆オペレーション本部	諸会費	468931.0	488931.0	95.9	75.1
002060100	サプライ＆オペレーション本部	会議費	12815.0	12815.0	100.0	160.8
002060100	サプライ＆オペレーション本部	寄付金	13900.0	13900.0	100.0	73.1
002060100	サプライ＆オペレーション本部	租税公課	1036029.0	1039631.0	99.6	78.9
002060100	サプライ＆オペレーション本部	業務委託費	2408170.0	2625560.0	91.7	91.2
002060100	サプライ＆オペレーション本部	業務受託収入	0.0	0.0		
002060100	サプライ＆オペレーション本部	システム管理料	0.0	0.0		
002060100	サプライ＆オペレーション本部	情報機器利用料	25723622.0	25769258.0	99.8	66.3
002060100	サプライ＆オペレーション本部	貸倒金	0.0	0.0		
002060100	サプライ＆オペレーション本部	雑費	765742.0	795999.0	96.1	86.4
002060100	サプライ＆オペレーション本部	福利消耗品費	271982.0	535955.0	50.7	61.3
002060100	サプライ＆オペレーション本部	教育研修費	908042.0	966146.0	93.9	228.4
002060100	サプライ＆オペレーション本部	廃棄損・減耗損	1507503.0	1612000.0	93.5	12.2
002060100	サプライ＆オペレーション本部	雑給	0.0	0.0		
002060100	サプライ＆オペレーション本部	社内金利（固定資産）	800855.0	800937.0	99.9	68.4
002060100	サプライ＆オペレーション本部	社内金利（売掛金）	0.0	0.0		
002060100	サプライ＆オペレーション本部	社内金利（在庫）	0.0	0.0		
002060100	サプライ＆オペレーション本部	部門共通（経費）	0.0	0.0		
002060100	サプライ＆オペレーション本部	全社共通（経費）	-184847832.0	-184103439.0		
002060100	サプライ＆オペレーション本部	グループ共通	11468400.0	11468400.0	100.0	68.9
002060100	サプライ＆オペレーション本部	差引収益	0.0	0.0		
002060100	サプライ＆オペレーション本部	差引比率	0.0	0.0		
002060100	サプライ＆オペレーション本部	総時間	0.0	0.0		
002060100	サプライ＆オペレーション本部	定時間	90642.5	91062.25	99.5	74.2
002060100	サプライ＆オペレーション本部	残業時間	4692.5	4784.75	98.0	59.2
002060100	サプライ＆オペレーション本部	移動時間	-18207.0	-18181.0		
002060100	サプライ＆オペレーション本部	部門共通（時間）	0.0	0.0		
002060100	サプライ＆オペレーション本部	全社共通（時間）	-77128.0	-77666.0		
002060100	サプライ＆オペレーション本部	当月時間当り	0.0	0.0		
002060100	サプライ＆オペレーション本部	人員	49.0	51.0	96.0	69.0
230I10300	ドローン課	総受注高	0.0	0.0		
230I10300	ドローン課	受注高	0.0	0.0		
230I10300	ドローン課	受注割戻高	0.0	0.0		
230I10300	ドローン課	総売上高	0.0	0.0		
230I10300	ドローン課	売上高	0.0	0.0		
230I10300	ドローン課	売上割戻高	0.0	0.0		
230I10300	ドローン課	売上原価	0.0	0.0		
230I10300	ドローン課	売上原価（割戻前）	0.0	0.0		
230I10300	ドローン課	仕入割戻高	0.0	0.0		
230I10300	ドローン課	総収益	0.0	0.0		
230I10300	ドローン課	経費合計	0.0	0.0		
230I10300	ドローン課	減価償却費	9234078.0	10594000.0	87.1	103.4
230I10300	ドローン課	車両費	2751959.0	2756200.0	99.8	103.5
230I10300	ドローン課	旅費交通費	2096746.0	2082500.0	100.6	110.4
230I10300	ドローン課	荷造運搬費	12573.0	15200.0	82.7	81.2
230I10300	ドローン課	通信費	363561.0	365200.0	99.5	110.8
230I10300	ドローン課	水道光熱費	581406.0	579200.0	100.3	97.3
230I10300	ドローン課	事務用品費	69919.0	75900.0	92.1	111.4
230I10300	ドローン課	消耗品費	327700.0	313700.0	104.4	79.9
230I10300	ドローン課	廃棄物処理料	58365.0	60400.0	96.6	86.6
230I10300	ドローン課	広告宣伝費	21500.0	21500.0	100.0	
230I10300	ドローン課	接待交際費	45000.0	60000.0	75.0	113.5
230I10300	ドローン課	研究開発費	0.0	0.0		
230I10300	ドローン課	賃借料	1375822.0	1376200.0	99.9	99.7
230I10300	ドローン課	賃貸料収入	0.0	0.0		
230I10300	ドローン課	修繕費	78718.0	95500.0	82.4	15.5
230I10300	ドローン課	支払リース料	37110.0	37200.0	99.7	91.2
230I10300	ドローン課	保険料	1615146.0	1615300.0	99.9	112.1
230I10300	ドローン課	支払報酬	0.0	0.0		
230I10300	ドローン課	販売手数料	0.0	0.0		
230I10300	ドローン課	支払手数料	1069426.0	1060500.0	100.8	380.6
230I10300	ドローン課	診断料	0.0	0.0		
230I10300	ドローン課	諸会費	25800.0	27800.0	92.8	82.6
230I10300	ドローン課	会議費	0.0	0.0		
230I10300	ドローン課	寄付金	0.0	0.0		
230I10300	ドローン課	租税公課	171378.0	171400.0	99.9	96.2
230I10300	ドローン課	業務委託費	1261300.0	1160000.0	108.7	52.3
230I10300	ドローン課	業務受託収入	0.0	0.0		
230I10300	ドローン課	システム管理料	0.0	0.0		
230I10300	ドローン課	情報機器利用料	2433500.0	2433600.0	99.9	111.1
230I10300	ドローン課	貸倒金	0.0	0.0		
230I10300	ドローン課	雑費	63842.0	55700.0	114.6	92.0
230I10300	ドローン課	福利消耗品費	38533.0	38600.0	99.8	207.3
230I10300	ドローン課	教育研修費	820612.0	515600.0	159.1	
230I10300	ドローン課	廃棄損・減耗損	0.0	0.0		
230I10300	ドローン課	雑給	0.0	0.0		
230I10300	ドローン課	社内金利（固定資産）	1594843.0	1614500.0	98.7	91.8
230I10300	ドローン課	社内金利（売掛金）	0.0	0.0		
230I10300	ドローン課	社内金利（在庫）	0.0	0.0		
230I10300	ドローン課	部門共通（経費）	-26882037.0	-27858900.0		
230I10300	ドローン課	全社共通（経費）	0.0	0.0		
230I10300	ドローン課	グループ共通	733200.0	733200.0	100.0	98.2
230I10300	ドローン課	差引収益	0.0	0.0		
230I10300	ドローン課	差引比率	0.0	0.0		
230I10300	ドローン課	総時間	0.0	0.0		
230I10300	ドローン課	定時間	5815.5	5832.0	99.7	101.8
230I10300	ドローン課	残業時間	499.5	528.0	94.6	102.3
230I10300	ドローン課	移動時間	672.0	767.0	87.6	
230I10300	ドローン課	部門共通（時間）	-6987.0	-7127.0		
230I10300	ドローン課	全社共通（時間）	0.0	0.0		
230I10300	ドローン課	当月時間当り	0.0	0.0		
230I10300	ドローン課	人員	3.0	3.0	100.0	100.0
002010100	マーケティング事業企画本部	総受注高	199820166.0	260000000.0	76.8	
002010100	マーケティング事業企画本部	受注高	199820166.0	260000000.0	76.8	
002010100	マーケティング事業企画本部	受注割戻高	0.0	0.0		
002010100	マーケティング事業企画本部	総売上高	269044072.0	260000000.0	103.4	
002010100	マーケティング事業企画本部	売上高	269044072.0	260000000.0	103.4	
002010100	マーケティング事業企画本部	売上割戻高	0.0	0.0		
002010100	マーケティング事業企画本部	売上原価	245483060.0	237000000.0	103.5	
002010100	マーケティング事業企画本部	売上原価（割戻前）	245483060.0	237000000.0	103.5	
002010100	マーケティング事業企画本部	仕入割戻高	0.0	0.0		
002010100	マーケティング事業企画本部	総収益	23561012.0	23000000.0	102.4	
002010100	マーケティング事業企画本部	経費合計	11912389.0	11890565.0	100.1	
002010100	マーケティング事業企画本部	減価償却費	9354159.0	10716343.0	87.2	
002010100	マーケティング事業企画本部	車両費	4973251.0	5000500.0	99.4	
002010100	マーケティング事業企画本部	旅費交通費	7558043.0	7863500.0	96.1	
002010100	マーケティング事業企画本部	荷造運搬費	3071163.0	2805200.0	109.4	
002010100	マーケティング事業企画本部	通信費	866457.0	892008.0	97.1	
002010100	マーケティング事業企画本部	水道光熱費	1156272.0	1155480.0	100.0	
002010100	マーケティング事業企画本部	事務用品費	257759.0	264200.0	97.5	
002010100	マーケティング事業企画本部	消耗品費	436742.0	406700.0	107.3	
002010100	マーケティング事業企画本部	廃棄物処理料	277108.0	308600.0	89.7	
002010100	マーケティング事業企画本部	広告宣伝費	10631900.0	10646900.0	99.8	
002010100	マーケティング事業企画本部	接待交際費	255917.0	273000.0	93.7	
002010100	マーケティング事業企画本部	研究開発費	1526241.0	1584000.0	96.3	
002010100	マーケティング事業企画本部	賃借料	2615621.0	2615800.0	99.9	
002010100	マーケティング事業企画本部	賃貸料収入	-541000.0	-541000.0		
002010100	マーケティング事業企画本部	修繕費	612360.0	723500.0	84.6	
002010100	マーケティング事業企画本部	支払リース料	152166.0	152400.0	99.8	
002010100	マーケティング事業企画本部	保険料	1646113.0	1646400.0	99.9	
002010100	マーケティング事業企画本部	支払報酬	0.0	0.0		
002010100	マーケティング事業企画本部	販売手数料	0.0	0.0		
002010100	マーケティング事業企画本部	支払手数料	1250546.0	1247200.0	100.2	
002010100	マーケティング事業企画本部	診断料	331000.0	348000.0	95.1	
002010100	マーケティング事業企画本部	諸会費	156800.0	136300.0	115.0	
002010100	マーケティング事業企画本部	会議費	515000.0	518000.0	99.4	
002010100	マーケティング事業企画本部	寄付金	0.0	0.0		
002010100	マーケティング事業企画本部	租税公課	295072.0	297700.0	99.1	
002010100	マーケティング事業企画本部	業務委託費	4113214.0	4069000.0	101.0	
002010100	マーケティング事業企画本部	業務受託収入	0.0	0.0		
002010100	マーケティング事業企画本部	システム管理料	1311856.0	1440000.0	91.1	
002010100	マーケティング事業企画本部	情報機器利用料	9656116.0	9797224.0	98.5	
002010100	マーケティング事業企画本部	貸倒金	0.0	0.0		
002010100	マーケティング事業企画本部	雑費	498841.0	295900.0	168.5	
002010100	マーケティング事業企画本部	福利消耗品費	147957.0	178900.0	82.7	
002010100	マーケティング事業企画本部	教育研修費	1172009.0	925800.0	126.5	
002010100	マーケティング事業企画本部	廃棄損・減耗損	0.0	0.0		
002010100	マーケティング事業企画本部	雑給	0.0	0.0		
002010100	マーケティング事業企画本部	社内金利（固定資産）	1687797.0	1714000.0	98.4	
002010100	マーケティング事業企画本部	社内金利（売掛金）	574743.0	465000.0	123.6	
002010100	マーケティング事業企画本部	社内金利（在庫）	464215.0	498000.0	93.2	
002010100	マーケティング事業企画本部	部門共通（経費）	-59379596.0	-60822603.0		
002010100	マーケティング事業企画本部	全社共通（経費）	1578547.0	1580613.0	99.8	
002010100	マーケティング事業企画本部	グループ共通	2688000.0	2688000.0	100.0	
002010100	マーケティング事業企画本部	差引収益	11648623.0	11109435.0	104.8	
002010100	マーケティング事業企画本部	差引比率	4.3	4.2	102.3	
002010100	マーケティング事業企画本部	総時間	6511.0	7377.5	88.2	
002010100	マーケティング事業企画本部	定時間	24270.75	26219.0	92.5	
002010100	マーケティング事業企画本部	残業時間	1778.25	1772.0	100.3	
002010100	マーケティング事業企画本部	移動時間	881.0	837.0	105.2	
002010100	マーケティング事業企画本部	部門共通（時間）	-21564.0	-22488.5		
002010100	マーケティング事業企画本部	全社共通（時間）	1145.0	1038.0	110.3	
002010100	マーケティング事業企画本部	当月時間当り	1789.0	1505.8	118.8	
002010100	マーケティング事業企画本部	人員	14.0	14.0	100.0	
230I10400	マーケティング企画部	総受注高	199820166.0	260000000.0	76.8	13.9
230I10400	マーケティング企画部	受注高	199820166.0	260000000.0	76.8	13.8
230I10400	マーケティング企画部	受注割戻高	0.0	0.0		
230I10400	マーケティング企画部	総売上高	269044072.0	260000000.0	103.4	18.9
230I10400	マーケティング企画部	売上高	269044072.0	260000000.0	103.4	18.8
230I10400	マーケティング企画部	売上割戻高	0.0	0.0		
230I10400	マーケティング企画部	売上原価	245483060.0	237000000.0	103.5	22.4
230I10400	マーケティング企画部	売上原価（割戻前）	245483060.0	237000000.0	103.5	22.4
230I10400	マーケティング企画部	仕入割戻高	0.0	0.0		
230I10400	マーケティング企画部	総収益	23561012.0	23000000.0	102.4	7.0
230I10400	マーケティング企画部	経費合計	11912389.0	11890565.0	100.1	6.5
230I10400	マーケティング企画部	減価償却費	9354159.0	10716343.0	87.2	226.7
230I10400	マーケティング企画部	車両費	4973251.0	5000500.0	99.4	70.0
230I10400	マーケティング企画部	旅費交通費	6413457.0	6663500.0	96.2	92.5
230I10400	マーケティング企画部	荷造運搬費	3071163.0	2805200.0	109.4	20.7
230I10400	マーケティング企画部	通信費	844829.0	870384.0	97.0	63.6
230I10400	マーケティング企画部	水道光熱費	1156272.0	1155480.0	100.0	139.6
230I10400	マーケティング企画部	事務用品費	255959.0	262400.0	97.5	51.2
230I10400	マーケティング企画部	消耗品費	436742.0	406700.0	107.3	296.7
230I10400	マーケティング企画部	廃棄物処理料	277108.0	308600.0	89.7	95.3
230I10400	マーケティング企画部	広告宣伝費	10631900.0	10646900.0	99.8	707.8
230I10400	マーケティング企画部	接待交際費	255917.0	273000.0	93.7	92.6
230I10400	マーケティング企画部	研究開発費	1526241.0	1584000.0	96.3	
230I10400	マーケティング企画部	賃借料	2615621.0	2615800.0	99.9	186.2
230I10400	マーケティング企画部	賃貸料収入	-541000.0	-541000.0		
230I10400	マーケティング企画部	修繕費	612360.0	723500.0	84.6	656.6
230I10400	マーケティング企画部	支払リース料	152166.0	152400.0	99.8	217.8
230I10400	マーケティング企画部	保険料	1646113.0	1646400.0	99.9	
230I10400	マーケティング企画部	支払報酬	0.0	0.0		
230I10400	マーケティング企画部	販売手数料	0.0	0.0		
230I10400	マーケティング企画部	支払手数料	1250546.0	1247200.0	100.2	85.7
230I10400	マーケティング企画部	診断料	331000.0	348000.0	95.1	33.3
230I10400	マーケティング企画部	諸会費	156800.0	136300.0	115.0	59.6
230I10400	マーケティング企画部	会議費	515000.0	518000.0	99.4	
230I10400	マーケティング企画部	寄付金	0.0	0.0		0.0
230I10400	マーケティング企画部	租税公課	295072.0	297700.0	99.1	46.9
230I10400	マーケティング企画部	業務委託費	4113214.0	4069000.0	101.0	
230I10400	マーケティング企画部	業務受託収入	0.0	0.0		
230I10400	マーケティング企画部	システム管理料	1311856.0	1440000.0	91.1	728.8
230I10400	マーケティング企画部	情報機器利用料	8873932.0	9015040.0	98.4	96.4
230I10400	マーケティング企画部	貸倒金	0.0	0.0		0.0
230I10400	マーケティング企画部	雑費	498841.0	295900.0	168.5	91.4
230I10400	マーケティング企画部	福利消耗品費	147957.0	178900.0	82.7	66.8
230I10400	マーケティング企画部	教育研修費	1172009.0	925800.0	126.5	481.3
230I10400	マーケティング企画部	廃棄損・減耗損	0.0	0.0		0.0
230I10400	マーケティング企画部	雑給	0.0	0.0		
230I10400	マーケティング企画部	社内金利（固定資産）	1687797.0	1714000.0	98.4	148.8
230I10400	マーケティング企画部	社内金利（売掛金）	574743.0	465000.0	123.6	9.2
230I10400	マーケティング企画部	社内金利（在庫）	464215.0	498000.0	93.2	5.7
230I10400	マーケティング企画部	部門共通（経費）	-57183398.0	-58570995.0		
230I10400	マーケティング企画部	全社共通（経費）	1578547.0	1580613.0	99.8	1.5
230I10400	マーケティング企画部	グループ共通	2442000.0	2442000.0	100.0	75.5
230I10400	マーケティング企画部	差引収益	11648623.0	11109435.0	104.8	7.7
230I10400	マーケティング企画部	差引比率	4.3	4.2	102.3	40.9
230I10400	マーケティング企画部	総時間	6511.0	7377.5	88.2	12.5
230I10400	マーケティング企画部	定時間	22286.75	24235.0	91.9	86.4
230I10400	マーケティング企画部	残業時間	1530.25	1524.0	100.4	71.8
230I10400	マーケティング企画部	移動時間	881.0	837.0	105.2	47.0
230I10400	マーケティング企画部	部門共通（時間）	-19332.0	-20256.5		
230I10400	マーケティング企画部	全社共通（時間）	1145.0	1038.0	110.3	5.7
230I10400	マーケティング企画部	当月時間当り	1789.0	1505.8	118.8	61.8
230I10400	マーケティング企画部	人員	13.0	13.0	100.0	92.8
230I10500	マーケティング課	総受注高	199820166.0	260000000.0	76.8	20.4
230I10500	マーケティング課	受注高	199820166.0	260000000.0	76.8	20.4
230I10500	マーケティング課	受注割戻高	0.0	0.0		
230I10500	マーケティング課	総売上高	269044072.0	260000000.0	103.4	27.3
230I10500	マーケティング課	売上高	269044072.0	260000000.0	103.4	27.3
230I10500	マーケティング課	売上割戻高	0.0	0.0		
230I10500	マーケティング課	売上原価	245483060.0	237000000.0	103.5	32.8
230I10500	マーケティング課	売上原価（割戻前）	245483060.0	237000000.0	103.5	32.8
230I10500	マーケティング課	仕入割戻高	0.0	0.0		
230I10500	マーケティング課	総収益	23561012.0	23000000.0	102.4	9.8
230I10500	マーケティング課	経費合計	11912389.0	11890565.0	100.1	9.2
230I10500	マーケティング課	減価償却費	29940.0	30000.0	99.8	5.5
230I10500	マーケティング課	車両費	360225.0	356496.0	101.0	15.6
230I10500	マーケティング課	旅費交通費	295599.0	350000.0	84.4	4.4
230I10500	マーケティング課	荷造運搬費	3011262.0	2750000.0	109.5	20.5
230I10500	マーケティング課	通信費	133362.0	157248.0	84.8	23.3
230I10500	マーケティング課	水道光熱費	238021.0	239000.0	99.5	66.5
230I10500	マーケティング課	事務用品費	59573.0	51800.0	115.0	25.3
230I10500	マーケティング課	消耗品費	23492.0	23000.0	102.1	30.2
230I10500	マーケティング課	廃棄物処理料	93453.0	98000.0	95.3	70.7
230I10500	マーケティング課	広告宣伝費	1100.0	1100.0	100.0	0.1
230I10500	マーケティング課	接待交際費	5000.0	10000.0	50.0	2.1
230I10500	マーケティング課	研究開発費	0.0	0.0		
230I10500	マーケティング課	賃借料	262200.0	262200.0	100.0	81.5
230I10500	マーケティング課	賃貸料収入	0.0	0.0		
230I10500	マーケティング課	修繕費	100000.0	120000.0	83.3	131.0
230I10500	マーケティング課	支払リース料	40826.0	40800.0	100.0	175.5
230I10500	マーケティング課	保険料	2392.0	2400.0	99.6	11.5
230I10500	マーケティング課	支払報酬	0.0	0.0		
230I10500	マーケティング課	販売手数料	0.0	0.0		
230I10500	マーケティング課	支払手数料	76150.0	77900.0	97.7	6.6
230I10500	マーケティング課	診断料	0.0	0.0		0.0
230I10500	マーケティング課	諸会費	2000.0	2000.0	100.0	1.3
230I10500	マーケティング課	会議費	0.0	0.0		
230I10500	マーケティング課	寄付金	0.0	0.0		0.0
230I10500	マーケティング課	租税公課	9000.0	11600.0	77.5	4.0
230I10500	マーケティング課	業務委託費	0.0	0.0		
230I10500	マーケティング課	業務受託収入	0.0	0.0		
230I10500	マーケティング課	システム管理料	0.0	0.0		0.0
230I10500	マーケティング課	情報機器利用料	2355740.0	2499840.0	94.2	57.5
230I10500	マーケティング課	貸倒金	0.0	0.0		
230I10500	マーケティング課	雑費	44737.0	44000.0	101.6	19.2
230I10500	マーケティング課	福利消耗品費	31366.0	62600.0	50.1	37.5
230I10500	マーケティング課	教育研修費	50245.0	71200.0	70.5	54.1
230I10500	マーケティング課	廃棄損・減耗損	0.0	0.0		
230I10500	マーケティング課	雑給	0.0	0.0		
230I10500	マーケティング課	社内金利（固定資産）	15754.0	15800.0	99.7	5.0
230I10500	マーケティング課	社内金利（売掛金）	574743.0	465000.0	123.6	16.2
230I10500	マーケティング課	社内金利（在庫）	464215.0	498000.0	93.2	11.8
230I10500	マーケティング課	部門共通（経費）	1566247.0	1582768.0	98.9	53.8
230I10500	マーケティング課	全社共通（経費）	1578547.0	1580613.0	99.8	1.9
230I10500	マーケティング課	グループ共通	487200.0	487200.0	100.0	39.1
230I10500	マーケティング課	差引収益	11648623.0	11109435.0	104.8	10.6
230I10500	マーケティング課	差引比率	4.3	4.2	102.3	38.7
230I10500	マーケティング課	総時間	6511.0	7377.5	88.2	20.6
230I10500	マーケティング課	定時間	5357.5	7227.0	74.1	42.4
230I10500	マーケティング課	残業時間	135.0	135.0	100.0	13.3
230I10500	マーケティング課	移動時間	-803.0	-1736.0		
230I10500	マーケティング課	部門共通（時間）	676.5	713.5	94.8	64.0
230I10500	マーケティング課	全社共通（時間）	1145.0	1038.0	110.3	7.3
230I10500	マーケティング課	当月時間当り	1789.0	1505.8	118.8	51.3
230I10500	マーケティング課	人員	4.0	4.0	100.0	57.1
230I10800	リテール営業部	総受注高	2550713391.0	2395000000.0	106.5	73.1
230I10800	リテール営業部	受注高	2550713391.0	2395000000.0	106.5	73.1
230I10800	リテール営業部	受注割戻高	0.0	0.0		
230I10800	リテール営業部	総売上高	2535071259.0	2395000000.0	105.8	73.4
230I10800	リテール営業部	売上高	2535071259.0	2395000000.0	105.8	73.4
230I10800	リテール営業部	売上割戻高	0.0	0.0		
230I10800	リテール営業部	売上原価	2164309554.0	2029000000.0	106.6	71.6
230I10800	リテール営業部	売上原価（割戻前）	2164309554.0	2029000000.0	106.6	71.6
230I10800	リテール営業部	仕入割戻高	0.0	0.0		
230I10800	リテール営業部	総収益	370761705.0	366000000.0	101.3	86.3
230I10800	リテール営業部	経費合計	229621876.0	224972114.0	102.0	65.4
230I10800	リテール営業部	減価償却費	132464.0	132488.0	99.9	78.4
230I10800	リテール営業部	車両費	6095880.0	6102554.0	99.8	113.9
230I10800	リテール営業部	旅費交通費	8475183.0	8443000.0	100.3	115.6
230I10800	リテール営業部	荷造運搬費	63443048.0	59619144.0	106.4	78.5
230I10800	リテール営業部	通信費	2818243.0	2751054.0	102.4	92.1
230I10800	リテール営業部	水道光熱費	696330.0	704453.0	98.8	129.0
230I10800	リテール営業部	事務用品費	571436.0	571361.0	100.0	101.4
230I10800	リテール営業部	消耗品費	1667012.0	1676464.0	99.4	101.0
230I10800	リテール営業部	廃棄物処理料	528762.0	381636.0	138.5	294.3
230I10800	リテール営業部	広告宣伝費	377785.0	80000.0	472.2	428.6
230I10800	リテール営業部	接待交際費	353134.0	390000.0	90.5	78.2
230I10800	リテール営業部	研究開発費	0.0	0.0		
230I10800	リテール営業部	賃借料	5672448.0	5765146.0	98.3	159.5
230I10800	リテール営業部	賃貸料収入	0.0	0.0		
230I10800	リテール営業部	修繕費	275000.0	298800.0	92.0	154.1
230I10800	リテール営業部	支払リース料	114578.0	114578.0	100.0	125.2
230I10800	リテール営業部	保険料	342136.0	301688.0	113.4	83.2
230I10800	リテール営業部	支払報酬	0.0	0.0		
230I10800	リテール営業部	販売手数料	58804044.0	56618327.0	103.8	41.8
230I10800	リテール営業部	支払手数料	1610588.0	1568248.0	102.6	95.4
230I10800	リテール営業部	診断料	0.0	0.0		
230I10800	リテール営業部	諸会費	236766.0	167766.0	141.1	154.1
230I10800	リテール営業部	会議費	5000.0	5000.0	100.0	37.1
230I10800	リテール営業部	寄付金	0.0	0.0		
230I10800	リテール営業部	租税公課	11433.0	3433.0	333.0	126.5
230I10800	リテール営業部	業務委託費	32732603.0	33599810.0	97.4	95.3
230I10800	リテール営業部	業務受託収入	0.0	0.0		
230I10800	リテール営業部	システム管理料	0.0	0.0		0.0
230I10800	リテール営業部	情報機器利用料	10468224.0	11076480.0	94.5	159.1
230I10800	リテール営業部	貸倒金	0.0	0.0		
230I10800	リテール営業部	雑費	335236.0	362554.0	92.4	9.4
230I10800	リテール営業部	福利消耗品費	101175.0	151180.0	66.9	136.4
230I10800	リテール営業部	教育研修費	142832.0	129000.0	110.7	92.9
230I10800	リテール営業部	廃棄損・減耗損	5675205.0	5600000.0	101.3	70.7
230I10800	リテール営業部	雑給	0.0	0.0		
230I10800	リテール営業部	社内金利（固定資産）	28605.0	28571.0	100.1	81.6
230I10800	リテール営業部	社内金利（売掛金）	329525.0	298500.0	110.3	5.3
230I10800	リテール営業部	社内金利（在庫）	5837688.0	6136934.0	95.1	62.2
230I10800	リテール営業部	部門共通（経費）	2168968.0	2217579.0	97.8	116.4
230I10800	リテール営業部	全社共通（経費）	16886145.0	16991966.0	99.3	53.2
230I10800	リテール営業部	グループ共通	2684400.0	2684400.0	100.0	134.9
230I10800	リテール営業部	差引収益	141139829.0	141027886.0	100.0	179.0
230I10800	リテール営業部	差引比率	5.5	5.8	94.8	250.0
230I10800	リテール営業部	総時間	55095.0	54461.0	101.1	93.7
230I10800	リテール営業部	定時間	28354.0	28440.0	99.6	152.1
230I10800	リテール営業部	残業時間	2853.75	2465.0	115.7	161.5
230I10800	リテール営業部	移動時間	8025.0	7909.0	101.4	191.5
230I10800	リテール営業部	部門共通（時間）	806.5	843.75	95.5	118.8
230I10800	リテール営業部	全社共通（時間）	15055.75	14803.25	101.7	44.9
230I10800	リテール営業部	当月時間当り	2561.7	2589.5	98.9	190.9
230I10800	リテール営業部	人員	15.0	15.0	100.0	150.0
002010300	リテール＆EC本部	総受注高	3700697132.0	3500000000.0	105.7	106.1
002010300	リテール＆EC本部	受注高	3700697132.0	3500000000.0	105.7	106.1
002010300	リテール＆EC本部	受注割戻高	0.0	0.0		
002010300	リテール＆EC本部	総売上高	3634457435.0	3500000000.0	103.8	105.3
002010300	リテール＆EC本部	売上高	3634457435.0	3500000000.0	103.8	105.3
002010300	リテール＆EC本部	売上割戻高	0.0	0.0		
002010300	リテール＆EC本部	売上原価	3140709257.0	3010000000.0	104.3	103.9
002010300	リテール＆EC本部	売上原価（割戻前）	3140709257.0	3010000000.0	104.3	103.9
002010300	リテール＆EC本部	仕入割戻高	0.0	0.0		
002010300	リテール＆EC本部	総収益	493748178.0	490000000.0	100.7	114.9
002010300	リテール＆EC本部	経費合計	390860440.0	375641869.0	104.0	111.4
002010300	リテール＆EC本部	減価償却費	137562.0	137588.0	99.9	81.4
002010300	リテール＆EC本部	車両費	6095880.0	6102554.0	99.8	113.9
002010300	リテール＆EC本部	旅費交通費	8711020.0	8683000.0	100.3	118.8
002010300	リテール＆EC本部	荷造運搬費	72268426.0	69619144.0	103.8	89.4
002010300	リテール＆EC本部	通信費	2970207.0	2865520.0	103.6	97.1
002010300	リテール＆EC本部	水道光熱費	828345.0	838956.0	98.7	153.5
002010300	リテール＆EC本部	事務用品費	644365.0	650034.0	99.1	114.4
002010300	リテール＆EC本部	消耗品費	1678684.0	1688283.0	99.4	101.7
002010300	リテール＆EC本部	廃棄物処理料	559787.0	412477.0	135.7	311.5
002010300	リテール＆EC本部	広告宣伝費	377785.0	80000.0	472.2	428.6
002010300	リテール＆EC本部	接待交際費	460225.0	490000.0	93.9	101.9
002010300	リテール＆EC本部	研究開発費	0.0	0.0		
002010300	リテール＆EC本部	賃借料	7214352.0	7307050.0	98.7	202.8
002010300	リテール＆EC本部	賃貸料収入	0.0	0.0		
002010300	リテール＆EC本部	修繕費	275000.0	298800.0	92.0	154.1
002010300	リテール＆EC本部	支払リース料	135757.0	135759.0	99.9	148.4
002010300	リテール＆EC本部	保険料	453576.0	413308.0	109.7	110.3
002010300	リテール＆EC本部	支払報酬	0.0	0.0		
002010300	リテール＆EC本部	販売手数料	186834860.0	174618327.0	106.9	132.8
002010300	リテール＆EC本部	支払手数料	1610588.0	1568248.0	102.6	95.4
002010300	リテール＆EC本部	診断料	0.0	0.0		
002010300	リテール＆EC本部	諸会費	251624.0	186124.0	135.1	163.7
002010300	リテール＆EC本部	会議費	5000.0	5000.0	100.0	37.1
002010300	リテール＆EC本部	寄付金	0.0	0.0		
002010300	リテール＆EC本部	租税公課	11433.0	3433.0	333.0	126.5
002010300	リテール＆EC本部	業務委託費	32732603.0	33599810.0	97.4	95.3
002010300	リテール＆EC本部	業務受託収入	0.0	0.0		
002010300	リテール＆EC本部	システム管理料	0.0	0.0		0.0
002010300	リテール＆EC本部	情報機器利用料	12703608.0	13433760.0	94.5	193.1
002010300	リテール＆EC本部	貸倒金	0.0	0.0		
002010300	リテール＆EC本部	雑費	349356.0	376674.0	92.7	9.8
002010300	リテール＆EC本部	福利消耗品費	121175.0	171180.0	70.7	163.4
002010300	リテール＆EC本部	教育研修費	165282.0	152136.0	108.6	107.5
002010300	リテール＆EC本部	廃棄損・減耗損	5675205.0	5600000.0	101.3	70.7
002010300	リテール＆EC本部	雑給	0.0	0.0		
002010300	リテール＆EC本部	社内金利（固定資産）	31096.0	31062.0	100.1	88.7
002010300	リテール＆EC本部	社内金利（売掛金）	8320030.0	6458500.0	128.8	135.1
002010300	リテール＆EC本部	社内金利（在庫）	7312925.0	7526934.0	97.1	78.0
002010300	リテール＆EC本部	部門共通（経費）	2850223.0	2908485.0	97.9	153.0
002010300	リテール＆EC本部	全社共通（経費）	25656861.0	25862123.0	99.2	80.8
002010300	リテール＆EC本部	グループ共通	3417600.0	3417600.0	100.0	171.7
002010300	リテール＆EC本部	差引収益	102887738.0	114358131.0	89.9	130.5
002010300	リテール＆EC本部	差引比率	2.8	3.2	87.5	127.2
002010300	リテール＆EC本部	総時間	68962.25	68493.75	100.6	117.3
002010300	リテール＆EC本部	定時間	34092.25	34176.0	99.7	182.9
002010300	リテール＆EC本部	残業時間	3498.5	3005.0	116.4	198.0
002010300	リテール＆EC本部	移動時間	5814.0	5791.0	100.3	138.7
002010300	リテール＆EC本部	部門共通（時間）	1106.75	1160.0	95.4	163.0
002010300	リテール＆EC本部	全社共通（時間）	24450.75	24361.75	100.3	72.9
002010300	リテール＆EC本部	当月時間当り	1491.9	1669.6	89.3	111.2
002010300	リテール＆EC本部	人員	18.0	18.0	100.0	180.0
300A10100	和歌山営業課	総受注高	519033392.0	525000000.0	98.8	98.5
300A10100	和歌山営業課	受注高	519033392.0	525000000.0	98.8	97.3
300A10100	和歌山営業課	受注割戻高	0.0	0.0		
300A10100	和歌山営業課	総売上高	525329078.0	525000000.0	100.0	100.5
300A10100	和歌山営業課	売上高	525329078.0	525000000.0	100.0	99.3
300A10100	和歌山営業課	売上割戻高	0.0	0.0		
300A10100	和歌山営業課	売上原価	473533327.0	473000000.0	100.1	100.4
300A10100	和歌山営業課	売上原価（割戻前）	473533327.0	473000000.0	100.1	100.4
300A10100	和歌山営業課	仕入割戻高	0.0	0.0		
300A10100	和歌山営業課	総収益	51795751.0	52000000.0	99.6	102.1
300A10100	和歌山営業課	経費合計	26393401.0	26864947.0	98.2	92.3
300A10100	和歌山営業課	減価償却費	47801.0	47801.0	100.0	40.1
300A10100	和歌山営業課	車両費	2964714.0	2960316.0	100.1	96.2
300A10100	和歌山営業課	旅費交通費	1406594.0	1390000.0	101.1	100.4
300A10100	和歌山営業課	荷造運搬費	2268490.0	2380000.0	95.3	93.8
300A10100	和歌山営業課	通信費	424157.0	433692.0	97.8	97.7
300A10100	和歌山営業課	水道光熱費	437056.0	437000.0	100.0	104.8
300A10100	和歌山営業課	事務用品費	199391.0	216000.0	92.3	104.4
300A10100	和歌山営業課	消耗品費	76533.0	72000.0	106.2	119.8
300A10100	和歌山営業課	廃棄物処理料	96000.0	96000.0	100.0	100.0
300A10100	和歌山営業課	広告宣伝費	164000.0	156000.0	105.1	107.3
300A10100	和歌山営業課	接待交際費	223204.0	240000.0	93.0	94.5
300A10100	和歌山営業課	研究開発費	0.0	0.0		
300A10100	和歌山営業課	賃借料	6930540.0	6930540.0	100.0	100.0
300A10100	和歌山営業課	賃貸料収入	-120000.0	-120000.0		
300A10100	和歌山営業課	修繕費	0.0	0.0		
300A10100	和歌山営業課	支払リース料	113352.0	107052.0	105.8	101.4
300A10100	和歌山営業課	保険料	104694.0	104684.0	100.0	129.6
300A10100	和歌山営業課	支払報酬	0.0	0.0		
300A10100	和歌山営業課	販売手数料	0.0	0.0		
300A10100	和歌山営業課	支払手数料	247020.0	192000.0	128.6	131.1
300A10100	和歌山営業課	診断料	90000.0	90000.0	100.0	665.1
300A10100	和歌山営業課	諸会費	66000.0	78000.0	84.6	82.5
300A10100	和歌山営業課	会議費	0.0	0.0		
300A10100	和歌山営業課	寄付金	0.0	0.0		0.0
300A10100	和歌山営業課	租税公課	17800.0	16800.0	105.9	198.3
300A10100	和歌山営業課	業務委託費	0.0	0.0		
300A10100	和歌山営業課	業務受託収入	0.0	0.0		
300A10100	和歌山営業課	システム管理料	0.0	0.0		
300A10100	和歌山営業課	情報機器利用料	3021144.0	2965560.0	101.8	118.8
300A10100	和歌山営業課	貸倒金	0.0	0.0		
300A10100	和歌山営業課	雑費	63044.0	46000.0	137.0	172.0
300A10100	和歌山営業課	福利消耗品費	20080.0	64360.0	31.1	54.0
300A10100	和歌山営業課	教育研修費	50144.0	50144.0	100.0	63.1
300A10100	和歌山営業課	廃棄損・減耗損	0.0	0.0		0.0
300A10100	和歌山営業課	雑給	0.0	0.0		
300A10100	和歌山営業課	社内金利（固定資産）	27682.0	27682.0	100.0	85.1
300A10100	和歌山営業課	社内金利（売掛金）	691179.0	840000.0	82.2	59.1
300A10100	和歌山営業課	社内金利（在庫）	1446387.0	1670000.0	86.6	72.2
300A10100	和歌山営業課	部門共通（経費）	2687168.0	2745302.0	97.8	102.8
300A10100	和歌山営業課	全社共通（経費）	1896027.0	1894814.0	100.0	62.1
300A10100	和歌山営業課	グループ共通	733200.0	733200.0	100.0	98.2
300A10100	和歌山営業課	差引収益	25402350.0	25135053.0	101.0	114.6
300A10100	和歌山営業課	差引比率	4.8	4.7	102.1	114.2
300A10100	和歌山営業課	総時間	9414.5	9532.75	98.7	91.5
300A10100	和歌山営業課	定時間	7556.0	7616.0	99.2	114.8
300A10100	和歌山営業課	残業時間	665.25	720.0	92.3	93.2
300A10100	和歌山営業課	移動時間	-1271.75	-1313.25		
300A10100	和歌山営業課	部門共通（時間）	981.75	1027.25	95.5	105.3
300A10100	和歌山営業課	全社共通（時間）	1483.25	1482.75	100.0	48.4
300A10100	和歌山営業課	当月時間当り	2698.2	2636.7	102.3	125.2
300A10100	和歌山営業課	人員	4.0	4.0	100.0	100.0
230I10200	営業企画課	総受注高	0.0	0.0		
230I10200	営業企画課	受注高	0.0	0.0		
230I10200	営業企画課	受注割戻高	0.0	0.0		
230I10200	営業企画課	総売上高	0.0	0.0		
230I10200	営業企画課	売上高	0.0	0.0		
230I10200	営業企画課	売上割戻高	0.0	0.0		
230I10200	営業企画課	売上原価	0.0	0.0		
230I10200	営業企画課	売上原価（割戻前）	0.0	0.0		
230I10200	営業企画課	仕入割戻高	0.0	0.0		
230I10200	営業企画課	総収益	0.0	0.0		
230I10200	営業企画課	経費合計	0.0	0.0		
230I10200	営業企画課	減価償却費	66006.0	66000.0	100.0	99.9
230I10200	営業企画課	車両費	995876.0	1014192.0	98.1	61.4
230I10200	営業企画課	旅費交通費	2753471.0	2873000.0	95.8	54.3
230I10200	営業企画課	荷造運搬費	14187.0	16000.0	88.6	100.9
230I10200	営業企画課	通信費	313400.0	313300.0	100.0	92.9
230I10200	営業企画課	水道光熱費	278159.0	280280.0	99.2	77.3
230I10200	営業企画課	事務用品費	114745.0	122700.0	93.5	100.0
230I10200	営業企画課	消耗品費	74066.0	68000.0	108.9	45.7
230I10200	営業企画課	廃棄物処理料	102068.0	126200.0	80.8	70.0
230I10200	営業企画課	広告宣伝費	10606000.0	10621000.0	99.8	104.5
230I10200	営業企画課	接待交際費	150917.0	143000.0	105.5	61.9
230I10200	営業企画課	研究開発費	866999.0	784000.0	110.5	127.2
230I10200	営業企画課	賃借料	936199.0	936000.0	100.0	93.0
230I10200	営業企画課	賃貸料収入	-541000.0	-541000.0		
230I10200	営業企画課	修繕費	73642.0	136000.0	54.1	36.7
230I10200	営業企画課	支払リース料	63528.0	63600.0	99.8	97.4
230I10200	営業企画課	保険料	27481.0	27500.0	99.9	175.9
230I10200	営業企画課	支払報酬	0.0	0.0		0.0
230I10200	営業企画課	販売手数料	0.0	0.0		
230I10200	営業企画課	支払手数料	84968.0	87800.0	96.7	91.7
230I10200	営業企画課	診断料	265000.0	265000.0	100.0	99.5
230I10200	営業企画課	諸会費	113000.0	96500.0	117.0	114.0
230I10200	営業企画課	会議費	515000.0	518000.0	99.4	748.7
230I10200	営業企画課	寄付金	0.0	0.0		
230I10200	営業企画課	租税公課	114094.0	114100.0	99.9	154.0
230I10200	営業企画課	業務委託費	2851914.0	2909000.0	98.0	93.2
230I10200	営業企画課	業務受託収入	0.0	0.0		
230I10200	営業企画課	システム管理料	1311856.0	1440000.0	91.1	
230I10200	営業企画課	情報機器利用料	3358092.0	3355000.0	100.0	79.5
230I10200	営業企画課	貸倒金	0.0	0.0		
230I10200	営業企画課	雑費	376925.0	182200.0	206.8	58.8
230I10200	営業企画課	福利消耗品費	77846.0	77500.0	100.4	165.3
230I10200	営業企画課	教育研修費	296298.0	334200.0	88.6	207.5
230I10200	営業企画課	廃棄損・減耗損	0.0	0.0		
230I10200	営業企画課	雑給	0.0	0.0		
230I10200	営業企画課	社内金利（固定資産）	67186.0	72400.0	92.7	163.8
230I10200	営業企画課	社内金利（売掛金）	0.0	0.0		
230I10200	営業企画課	社内金利（在庫）	0.0	0.0		
230I10200	営業企画課	部門共通（経費）	-27303523.0	-27477072.0		
230I10200	営業企画課	全社共通（経費）	0.0	0.0		
230I10200	営業企画課	グループ共通	975600.0	975600.0	100.0	98.0
230I10200	営業企画課	差引収益	0.0	0.0		
230I10200	営業企画課	差引比率	0.0	0.0		
230I10200	営業企画課	総時間	0.0	0.0		
230I10200	営業企画課	定時間	9253.0	9312.0	99.3	82.8
230I10200	営業企画課	残業時間	673.5	628.0	107.2	89.5
230I10200	営業企画課	移動時間	340.0	1039.0	32.7	59.2
230I10200	営業企画課	部門共通（時間）	-10266.5	-10979.0		
230I10200	営業企画課	全社共通（時間）	0.0	0.0		
230I10200	営業企画課	当月時間当り	0.0	0.0		
230I10200	営業企画課	人員	5.0	5.0	100.0	71.4
060C10100	天童営業課	総受注高	386243998.0	388000000.0	99.5	103.7
060C10100	天童営業課	受注高	396941359.0	398000000.0	99.7	103.0
060C10100	天童営業課	受注割戻高	-10697361.0	-10000000.0		
060C10100	天童営業課	総売上高	388320287.0	388000000.0	100.0	104.3
060C10100	天童営業課	売上高	399045208.0	398000000.0	100.2	103.6
060C10100	天童営業課	売上割戻高	-10724921.0	-10000000.0		
060C10100	天童営業課	売上原価	270467021.0	268500000.0	100.7	100.5
060C10100	天童営業課	売上原価（割戻前）	270467021.0	268500000.0	100.7	100.5
060C10100	天童営業課	仕入割戻高	0.0	0.0		
060C10100	天童営業課	総収益	117853266.0	119500000.0	98.6	114.2
060C10100	天童営業課	経費合計	40512905.0	39719601.0	101.9	100.3
060C10100	天童営業課	減価償却費	289814.0	289814.0	100.0	107.7
060C10100	天童営業課	車両費	6444941.0	6469806.0	99.6	106.4
060C10100	天童営業課	旅費交通費	42182.0	43946.0	95.9	33.7
060C10100	天童営業課	荷造運搬費	28376.0	41500.0	68.3	49.0
060C10100	天童営業課	通信費	850210.0	906363.0	93.8	89.9
060C10100	天童営業課	水道光熱費	537988.0	566000.0	95.0	92.0
060C10100	天童営業課	事務用品費	282265.0	264332.0	106.7	95.8
060C10100	天童営業課	消耗品費	135276.0	122000.0	110.8	52.0
060C10100	天童営業課	廃棄物処理料	121600.0	121900.0	99.7	103.1
060C10100	天童営業課	広告宣伝費	158688.0	165228.0	96.0	151.9
060C10100	天童営業課	接待交際費	149280.0	149736.0	99.6	140.1
060C10100	天童営業課	研究開発費	0.0	0.0		
060C10100	天童営業課	賃借料	6270000.0	6270000.0	100.0	100.0
060C10100	天童営業課	賃貸料収入	0.0	0.0		
060C10100	天童営業課	修繕費	0.0	0.0		
060C10100	天童営業課	支払リース料	0.0	0.0		
060C10100	天童営業課	保険料	63768.0	63768.0	100.0	118.7
060C10100	天童営業課	支払報酬	0.0	0.0		
060C10100	天童営業課	販売手数料	0.0	0.0		
060C10100	天童営業課	支払手数料	267802.0	289370.0	92.5	88.5
060C10100	天童営業課	診断料	0.0	0.0		0.0
060C10100	天童営業課	諸会費	36000.0	30000.0	120.0	112.5
060C10100	天童営業課	会議費	6500.0	6500.0	100.0	108.3
060C10100	天童営業課	寄付金	0.0	0.0		
060C10100	天童営業課	租税公課	289400.0	305400.0	94.7	93.5
060C10100	天童営業課	業務委託費	4371914.0	3302332.0	132.3	121.7
060C10100	天童営業課	業務受託収入	0.0	0.0		
060C10100	天童営業課	システム管理料	60000.0	60000.0	100.0	100.0
060C10100	天童営業課	情報機器利用料	4487982.0	4513510.0	99.4	118.3
060C10100	天童営業課	貸倒金	0.0	0.0		
060C10100	天童営業課	雑費	410976.0	413097.0	99.4	99.4
060C10100	天童営業課	福利消耗品費	104400.0	150314.0	69.4	84.1
060C10100	天童営業課	教育研修費	150320.0	154320.0	97.4	40.4
060C10100	天童営業課	廃棄損・減耗損	39542.0	30000.0	131.8	58.1
060C10100	天童営業課	雑給	0.0	0.0		
060C10100	天童営業課	社内金利（固定資産）	107585.0	107585.0	100.0	97.3
060C10100	天童営業課	社内金利（売掛金）	4799123.0	4770000.0	100.6	99.8
060C10100	天童営業課	社内金利（在庫）	1631182.0	1632000.0	99.9	90.3
060C10100	天童営業課	部門共通（経費）	4352441.0	4454229.0	97.7	112.0
060C10100	天童営業課	全社共通（経費）	2314550.0	2317751.0	99.8	60.5
060C10100	天童営業課	グループ共通	1708800.0	1708800.0	100.0	98.1
060C10100	天童営業課	差引収益	77340361.0	79780399.0	96.9	123.2
060C10100	天童営業課	差引比率	19.9	20.5	97.0	118.4
060C10100	天童営業課	総時間	19007.0	19355.75	98.1	99.0
060C10100	天童営業課	定時間	14110.25	14352.0	98.3	112.4
060C10100	天童営業課	残業時間	741.25	759.0	97.6	96.4
060C10100	天童営業課	移動時間	700.75	692.5	101.1	113.8
060C10100	天童営業課	部門共通（時間）	1511.0	1575.25	95.9	110.5
060C10100	天童営業課	全社共通（時間）	1943.75	1977.0	98.3	49.8
060C10100	天童営業課	当月時間当り	4069.0	4121.7	98.7	124.4
060C10100	天童営業課	人員	8.0	8.0	100.0	114.2
230R10100	安城営業課	総受注高	781643337.0	754000000.0	103.6	104.8
230R10100	安城営業課	受注高	781643337.0	754000000.0	103.6	104.8
230R10100	安城営業課	受注割戻高	0.0	0.0		
230R10100	安城営業課	総売上高	781846928.0	754000000.0	103.6	105.0
230R10100	安城営業課	売上高	781846928.0	754000000.0	103.6	104.9
230R10100	安城営業課	売上割戻高	0.0	0.0		
230R10100	安城営業課	売上原価	673788940.0	648000000.0	103.9	105.0
230R10100	安城営業課	売上原価（割戻前）	673788940.0	648000000.0	103.9	105.0
230R10100	安城営業課	仕入割戻高	0.0	0.0		
230R10100	安城営業課	総収益	108057988.0	106000000.0	101.9	104.7
230R10100	安城営業課	経費合計	36647307.0	36537670.0	100.3	117.5
230R10100	安城営業課	減価償却費	478044.0	478044.0	100.0	98.1
230R10100	安城営業課	車両費	4554101.0	4636800.0	98.2	118.3
230R10100	安城営業課	旅費交通費	289718.0	324000.0	89.4	152.6
230R10100	安城営業課	荷造運搬費	806687.0	711000.0	113.4	106.8
230R10100	安城営業課	通信費	462783.0	465713.0	99.3	92.0
230R10100	安城営業課	水道光熱費	739050.0	756569.0	97.6	97.2
230R10100	安城営業課	事務用品費	303870.0	326500.0	93.0	85.2
230R10100	安城営業課	消耗品費	326054.0	53000.0	615.1	619.7
230R10100	安城営業課	廃棄物処理料	239257.0	230000.0	104.0	115.3
230R10100	安城営業課	広告宣伝費	4400.0	4400.0	100.0	100.0
230R10100	安城営業課	接待交際費	441530.0	415000.0	106.3	100.2
230R10100	安城営業課	研究開発費	0.0	0.0		
230R10100	安城営業課	賃借料	1490400.0	1550400.0	96.1	98.2
230R10100	安城営業課	賃貸料収入	-243360.0	-243360.0		
230R10100	安城営業課	修繕費	400000.0	700000.0	57.1	268.4
230R10100	安城営業課	支払リース料	91600.0	91600.0	100.0	100.0
230R10100	安城営業課	保険料	192804.0	192804.0	100.0	110.8
230R10100	安城営業課	支払報酬	0.0	0.0		
230R10100	安城営業課	販売手数料	0.0	0.0		
230R10100	安城営業課	支払手数料	252100.0	252700.0	99.7	99.3
230R10100	安城営業課	診断料	580000.0	600000.0	96.6	99.2
230R10100	安城営業課	諸会費	76475.0	63975.0	119.5	115.0
230R10100	安城営業課	会議費	0.0	0.0		
230R10100	安城営業課	寄付金	0.0	0.0		
230R10100	安城営業課	租税公課	1348100.0	1351400.0	99.7	99.0
230R10100	安城営業課	業務委託費	0.0	0.0		
230R10100	安城営業課	業務受託収入	-135453.0	-135453.0		
230R10100	安城営業課	システム管理料	0.0	0.0		
230R10100	安城営業課	情報機器利用料	5107460.0	4917960.0	103.8	155.5
230R10100	安城営業課	貸倒金	0.0	0.0		
230R10100	安城営業課	雑費	256883.0	256000.0	100.3	103.0
230R10100	安城営業課	福利消耗品費	67468.0	60000.0	112.4	102.5
230R10100	安城営業課	教育研修費	311681.0	261581.0	119.1	346.3
230R10100	安城営業課	廃棄損・減耗損	600000.0	600000.0	100.0	82.6
230R10100	安城営業課	雑給	0.0	0.0		
230R10100	安城営業課	社内金利（固定資産）	168801.0	168801.0	100.0	85.3
230R10100	安城営業課	社内金利（売掛金）	225650.0	207500.0	108.7	97.7
230R10100	安城営業課	社内金利（在庫）	1645227.0	1650000.0	99.7	94.7
230R10100	安城営業課	部門共通（経費）	3762449.0	3859658.0	97.4	104.7
230R10100	安城営業課	全社共通（経費）	10094728.0	10022278.0	100.7	121.5
230R10100	安城営業課	グループ共通	1708800.0	1708800.0	100.0	114.5
230R10100	安城営業課	差引収益	71410681.0	69462330.0	102.8	99.1
230R10100	安城営業課	差引比率	9.1	9.2	98.9	94.7
230R10100	安城営業課	総時間	20309.25	20394.75	99.5	108.0
230R10100	安城営業課	定時間	15222.75	15134.0	100.5	132.0
230R10100	安城営業課	残業時間	1112.5	1110.0	100.2	113.1
230R10100	安城営業課	移動時間	-262.0	-244.5		
230R10100	安城営業課	部門共通（時間）	1261.5	1312.0	96.1	101.5
230R10100	安城営業課	全社共通（時間）	2974.5	3083.25	96.4	63.6
230R10100	安城営業課	当月時間当り	3516.1	3405.8	103.2	91.7
230R10100	安城営業課	人員	8.0	8.0	100.0	114.2
230S10100	尾張営業課	総受注高	544390109.0	533000000.0	102.1	106.4
230S10100	尾張営業課	受注高	544390109.0	533000000.0	102.1	106.4
230S10100	尾張営業課	受注割戻高	0.0	0.0		
230S10100	尾張営業課	総売上高	545572462.0	533000000.0	102.3	106.9
230S10100	尾張営業課	売上高	545572462.0	533000000.0	102.3	106.9
230S10100	尾張営業課	売上割戻高	0.0	0.0		
230S10100	尾張営業課	売上原価	473782024.0	462000000.0	102.5	106.5
230S10100	尾張営業課	売上原価（割戻前）	473782024.0	462000000.0	102.5	106.5
230S10100	尾張営業課	仕入割戻高	0.0	0.0		
230S10100	尾張営業課	総収益	71790438.0	71000000.0	101.1	109.7
230S10100	尾張営業課	経費合計	27684657.0	27830191.0	99.4	96.2
230S10100	尾張営業課	減価償却費	0.0	0.0		
230S10100	尾張営業課	車両費	3555962.0	3660000.0	97.1	102.0
230S10100	尾張営業課	旅費交通費	1199975.0	1075000.0	111.6	112.0
230S10100	尾張営業課	荷造運搬費	284023.0	272000.0	104.4	91.7
230S10100	尾張営業課	通信費	258557.0	261000.0	99.0	98.5
230S10100	尾張営業課	水道光熱費	364687.0	384000.0	94.9	81.6
230S10100	尾張営業課	事務用品費	150190.0	158000.0	95.0	69.1
230S10100	尾張営業課	消耗品費	64631.0	50000.0	129.2	125.6
230S10100	尾張営業課	廃棄物処理料	36410.0	0.0		
230S10100	尾張営業課	広告宣伝費	14100.0	14100.0	100.0	99.8
230S10100	尾張営業課	接待交際費	543120.0	561000.0	96.8	101.0
230S10100	尾張営業課	研究開発費	0.0	0.0		
230S10100	尾張営業課	賃借料	3701092.0	3710400.0	99.7	98.6
230S10100	尾張営業課	賃貸料収入	-120000.0	-120000.0		
230S10100	尾張営業課	修繕費	0.0	0.0		
230S10100	尾張営業課	支払リース料	85000.0	85200.0	99.7	121.4
230S10100	尾張営業課	保険料	67240.0	67200.0	100.0	122.2
230S10100	尾張営業課	支払報酬	0.0	0.0		
230S10100	尾張営業課	販売手数料	0.0	0.0		
230S10100	尾張営業課	支払手数料	41790.0	43000.0	97.1	71.6
230S10100	尾張営業課	診断料	650000.0	662000.0	98.1	103.1
230S10100	尾張営業課	諸会費	38600.0	34100.0	113.1	103.8
230S10100	尾張営業課	会議費	0.0	0.0		
230S10100	尾張営業課	寄付金	0.0	0.0		
230S10100	尾張営業課	租税公課	41400.0	36000.0	115.0	113.8
230S10100	尾張営業課	業務委託費	745200.0	766000.0	97.2	97.1
230S10100	尾張営業課	業務受託収入	-240700.0	-240700.0		
230S10100	尾張営業課	システム管理料	0.0	0.0		
230S10100	尾張営業課	情報機器利用料	3633000.0	3633000.0	100.0	111.2
230S10100	尾張営業課	貸倒金	0.0	0.0		
230S10100	尾張営業課	雑費	154436.0	177000.0	87.2	92.1
230S10100	尾張営業課	福利消耗品費	28500.0	28500.0	100.0	101.6
230S10100	尾張営業課	教育研修費	21472.0	27500.0	78.0	76.7
230S10100	尾張営業課	廃棄損・減耗損	700000.0	700000.0	100.0	74.2
230S10100	尾張営業課	雑給	0.0	0.0		
230S10100	尾張営業課	社内金利（固定資産）	0.0	0.0		
230S10100	尾張営業課	社内金利（売掛金）	753946.0	757000.0	99.5	110.2
230S10100	尾張営業課	社内金利（在庫）	1178752.0	1227000.0	96.0	89.6
230S10100	尾張営業課	部門共通（経費）	3762449.0	3859658.0	97.4	104.7
230S10100	尾張営業課	全社共通（経費）	4749225.0	4720633.0	100.6	78.5
230S10100	尾張営業課	グループ共通	1221600.0	1221600.0	100.0	98.2
230S10100	尾張営業課	差引収益	44105781.0	43169809.0	102.1	120.2
230S10100	尾張営業課	差引比率	8.0	8.0	100.0	112.6
230S10100	尾張営業課	総時間	13468.25	13716.0	98.1	88.4
230S10100	尾張営業課	定時間	9804.75	9920.0	98.8	104.3
230S10100	尾張営業課	残業時間	936.25	966.0	96.9	97.6
230S10100	尾張営業課	移動時間	-347.75	-336.5		
230S10100	尾張営業課	部門共通（時間）	1261.5	1312.0	96.1	101.5
230S10100	尾張営業課	全社共通（時間）	1813.5	1854.5	97.7	55.2
230S10100	尾張営業課	当月時間当り	3274.7	3147.4	104.0	135.9
230S10100	尾張営業課	人員	5.0	5.0	100.0	100.0
060A10200	山形営業課	総受注高	955416951.0	983000000.0	97.1	98.4
060A10200	山形営業課	受注高	1011783927.0	1045200000.0	96.8	96.9
060A10200	山形営業課	受注割戻高	-56366976.0	-62200000.0		
060A10200	山形営業課	総売上高	981423929.0	983000000.0	99.8	102.2
060A10200	山形営業課	売上高	1039249145.0	1045200000.0	99.4	100.6
060A10200	山形営業課	売上割戻高	-57825216.0	-62200000.0		
060A10200	山形営業課	売上原価	790175693.0	789500000.0	100.0	101.1
060A10200	山形営業課	売上原価（割戻前）	790175693.0	789500000.0	100.0	101.1
060A10200	山形営業課	仕入割戻高	0.0	0.0		
060A10200	山形営業課	総収益	191248236.0	193500000.0	98.8	106.8
060A10200	山形営業課	経費合計	77957070.0	73593300.0	105.9	101.5
060A10200	山形営業課	減価償却費	285487.0	285485.0	100.0	94.6
060A10200	山形営業課	車両費	12113436.0	11977000.0	101.1	99.2
060A10200	山形営業課	旅費交通費	1781483.0	1755000.0	101.5	117.7
060A10200	山形営業課	荷造運搬費	1098275.0	1357384.0	80.9	84.4
060A10200	山形営業課	通信費	1186986.0	1270529.0	93.4	98.0
060A10200	山形営業課	水道光熱費	665303.0	678271.0	98.0	99.7
060A10200	山形営業課	事務用品費	547163.0	530844.0	103.0	101.3
060A10200	山形営業課	消耗品費	263095.0	238022.0	110.5	183.2
060A10200	山形営業課	廃棄物処理料	244009.0	226192.0	107.8	97.4
060A10200	山形営業課	広告宣伝費	379165.0	373965.0	101.3	122.0
060A10200	山形営業課	接待交際費	1140598.0	1148728.0	99.2	100.1
060A10200	山形営業課	研究開発費	0.0	0.0		
060A10200	山形営業課	賃借料	949933.0	949352.0	100.0	98.7
060A10200	山形営業課	賃貸料収入	-7000.0	-7000.0		
060A10200	山形営業課	修繕費	370084.0	337050.0	109.8	118.3
060A10200	山形営業課	支払リース料	211488.0	211488.0	100.0	101.2
060A10200	山形営業課	保険料	338671.0	336607.0	100.6	100.3
060A10200	山形営業課	支払報酬	0.0	0.0		
060A10200	山形営業課	販売手数料	0.0	0.0		
060A10200	山形営業課	支払手数料	493330.0	470271.0	104.9	95.5
060A10200	山形営業課	診断料	0.0	0.0		
060A10200	山形営業課	諸会費	322780.0	332780.0	96.9	94.2
060A10200	山形営業課	会議費	31000.0	31000.0	100.0	516.5
060A10200	山形営業課	寄付金	0.0	0.0		0.0
060A10200	山形営業課	租税公課	803857.0	810054.0	99.2	95.2
060A10200	山形営業課	業務委託費	13584411.0	8516800.0	159.5	131.5
060A10200	山形営業課	業務受託収入	0.0	0.0		
060A10200	山形営業課	システム管理料	90000.0	90000.0	100.0	100.0
060A10200	山形営業課	情報機器利用料	9524582.0	9504960.0	100.2	121.7
060A10200	山形営業課	貸倒金	0.0	0.0		
060A10200	山形営業課	雑費	378674.0	376834.0	100.4	118.2
060A10200	山形営業課	福利消耗品費	42136.0	134100.0	31.4	39.8
060A10200	山形営業課	教育研修費	352097.0	363163.0	96.9	110.5
060A10200	山形営業課	廃棄損・減耗損	1596509.0	1583000.0	100.8	74.5
060A10200	山形営業課	雑給	0.0	0.0		
060A10200	山形営業課	社内金利（固定資産）	222294.0	225006.0	98.7	100.3
060A10200	山形営業課	社内金利（売掛金）	6727866.0	6905000.0	97.4	95.0
060A10200	山形営業課	社内金利（在庫）	6080031.0	6284000.0	96.7	96.8
060A10200	山形営業課	部門共通（経費）	4371908.0	4483711.0	97.5	104.5
060A10200	山形営業課	全社共通（経費）	8876619.0	8922904.0	99.4	72.5
060A10200	山形営業課	グループ共通	2890800.0	2890800.0	100.0	105.7
060A10200	山形営業課	差引収益	113291166.0	119906700.0	94.4	110.8
060A10200	山形営業課	差引比率	11.5	12.1	95.0	108.4
060A10200	山形営業課	総時間	37196.25	35323.75	105.3	103.7
060A10200	山形営業課	定時間	26889.75	24612.0	109.2	120.3
060A10200	山形営業課	残業時間	1947.5	1973.0	98.7	125.9
060A10200	山形営業課	移動時間	-587.5	-420.5		
060A10200	山形営業課	部門共通（時間）	1483.0	1543.0	96.1	97.7
060A10200	山形営業課	全社共通（時間）	7463.5	7616.25	97.9	64.0
060A10200	山形営業課	当月時間当り	3045.7	3394.5	89.7	106.7
060A10200	山形営業課	人員	14.0	13.0	107.6	116.6
270A10100	岸和田営業課	総受注高	142166408.0	139000000.0	102.2	104.1
270A10100	岸和田営業課	受注高	142166408.0	139000000.0	102.2	104.1
270A10100	岸和田営業課	受注割戻高	0.0	0.0		
270A10100	岸和田営業課	総売上高	141654408.0	139000000.0	101.9	103.6
270A10100	岸和田営業課	売上高	141654408.0	139000000.0	101.9	103.6
270A10100	岸和田営業課	売上割戻高	0.0	0.0		
270A10100	岸和田営業課	売上原価	125943904.0	123700000.0	101.8	103.2
270A10100	岸和田営業課	売上原価（割戻前）	125943904.0	123700000.0	101.8	103.2
270A10100	岸和田営業課	仕入割戻高	0.0	0.0		
270A10100	岸和田営業課	総収益	15710504.0	15300000.0	102.6	107.5
270A10100	岸和田営業課	経費合計	9389631.0	9439234.0	99.4	110.7
270A10100	岸和田営業課	減価償却費	0.0	0.0		
270A10100	岸和田営業課	車両費	453250.0	460000.0	98.5	102.6
270A10100	岸和田営業課	旅費交通費	44545.0	43000.0	103.5	88.8
270A10100	岸和田営業課	荷造運搬費	393392.0	427000.0	92.1	99.4
270A10100	岸和田営業課	通信費	318188.0	323000.0	98.5	88.2
270A10100	岸和田営業課	水道光熱費	124232.0	128000.0	97.0	99.6
270A10100	岸和田営業課	事務用品費	57446.0	53000.0	108.3	103.7
270A10100	岸和田営業課	消耗品費	28902.0	29000.0	99.6	90.8
270A10100	岸和田営業課	廃棄物処理料	4045.0	4000.0	101.1	148.3
270A10100	岸和田営業課	広告宣伝費	3000.0	4000.0	75.0	77.5
270A10100	岸和田営業課	接待交際費	0.0	0.0		0.0
270A10100	岸和田営業課	研究開発費	0.0	0.0		
270A10100	岸和田営業課	賃借料	2544000.0	2544000.0	100.0	100.0
270A10100	岸和田営業課	賃貸料収入	0.0	0.0		
270A10100	岸和田営業課	修繕費	2085.0	0.0		204.6
270A10100	岸和田営業課	支払リース料	166968.0	166968.0	100.0	109.1
270A10100	岸和田営業課	保険料	19620.0	19620.0	100.0	99.7
270A10100	岸和田営業課	支払報酬	0.0	0.0		
270A10100	岸和田営業課	販売手数料	0.0	0.0		
270A10100	岸和田営業課	支払手数料	206900.0	206700.0	100.0	100.8
270A10100	岸和田営業課	診断料	0.0	0.0		
270A10100	岸和田営業課	諸会費	0.0	0.0		0.0
270A10100	岸和田営業課	会議費	0.0	0.0		
270A10100	岸和田営業課	寄付金	0.0	0.0		
270A10100	岸和田営業課	租税公課	24600.0	24000.0	102.5	103.8
270A10100	岸和田営業課	業務委託費	0.0	0.0		
270A10100	岸和田営業課	業務受託収入	0.0	0.0		
270A10100	岸和田営業課	システム管理料	0.0	0.0		
270A10100	岸和田営業課	情報機器利用料	1512360.0	1512360.0	100.0	231.4
270A10100	岸和田営業課	貸倒金	0.0	0.0		
270A10100	岸和田営業課	雑費	23100.0	23625.0	97.7	96.9
270A10100	岸和田営業課	福利消耗品費	0.0	0.0		0.0
270A10100	岸和田営業課	教育研修費	34452.0	34452.0	100.0	100.0
270A10100	岸和田営業課	廃棄損・減耗損	50000.0	50000.0	100.0	48.2
270A10100	岸和田営業課	雑給	0.0	0.0		
270A10100	岸和田営業課	社内金利（固定資産）	0.0	0.0		
270A10100	岸和田営業課	社内金利（売掛金）	31775.0	23500.0	135.2	164.5
270A10100	岸和田営業課	社内金利（在庫）	276545.0	271000.0	102.0	105.6
270A10100	岸和田営業課	部門共通（経費）	1585710.0	1612247.0	98.3	112.6
270A10100	岸和田営業課	全社共通（経費）	997316.0	992562.0	100.4	79.3
270A10100	岸和田営業課	グループ共通	487200.0	487200.0	100.0	196.1
270A10100	岸和田営業課	差引収益	6320873.0	5860766.0	107.8	103.0
270A10100	岸和田営業課	差引比率	4.4	4.2	104.7	100.0
270A10100	岸和田営業課	総時間	5560.25	5673.25	98.0	140.3
270A10100	岸和田営業課	定時間	3669.0	3720.0	98.6	188.3
270A10100	岸和田営業課	残業時間	124.25	130.0	95.5	152.9
270A10100	岸和田営業課	移動時間	666.25	681.5	97.7	127.2
270A10100	岸和田営業課	部門共通（時間）	646.0	680.5	94.9	115.6
270A10100	岸和田営業課	全社共通（時間）	454.75	461.25	98.5	53.5
270A10100	岸和田営業課	当月時間当り	1136.7	1033.0	110.0	73.4
270A10100	岸和田営業課	人員	2.0	2.0	100.0	200.0
220D10200	広域課	総受注高	709906525.0	703000000.0	100.9	
220D10200	広域課	受注高	709906525.0	703000000.0	100.9	
220D10200	広域課	受注割戻高	0.0	0.0		
220D10200	広域課	総売上高	694473926.0	703000000.0	98.7	
220D10200	広域課	売上高	694473926.0	703000000.0	98.7	
220D10200	広域課	売上割戻高	0.0	0.0		
220D10200	広域課	売上原価	452402435.0	456500000.0	99.1	
220D10200	広域課	売上原価（割戻前）	452402435.0	456500000.0	99.1	
220D10200	広域課	仕入割戻高	0.0	0.0		
220D10200	広域課	総収益	242071491.0	246500000.0	98.2	
220D10200	広域課	経費合計	119462668.0	119435852.0	100.0	
220D10200	広域課	減価償却費	893228.0	894000.0	99.9	
220D10200	広域課	車両費	2091593.0	2127000.0	98.3	
220D10200	広域課	旅費交通費	6397952.0	6470000.0	98.8	
220D10200	広域課	荷造運搬費	12578077.0	12700000.0	99.0	
220D10200	広域課	通信費	481626.0	504000.0	95.5	
220D10200	広域課	水道光熱費	427425.0	426300.0	100.2	
220D10200	広域課	事務用品費	118853.0	122500.0	97.0	
220D10200	広域課	消耗品費	64988.0	53800.0	120.7	
220D10200	広域課	廃棄物処理料	152184.0	151200.0	100.6	
220D10200	広域課	広告宣伝費	910000.0	910000.0	100.0	
220D10200	広域課	接待交際費	313846.0	311000.0	100.9	
220D10200	広域課	研究開発費	0.0	0.0		
220D10200	広域課	賃借料	255004.0	254903.0	100.0	
220D10200	広域課	賃貸料収入	0.0	0.0		
220D10200	広域課	修繕費	164700.0	180000.0	91.5	
220D10200	広域課	支払リース料	0.0	0.0		
220D10200	広域課	保険料	36376.0	36000.0	101.0	
220D10200	広域課	支払報酬	0.0	0.0		
220D10200	広域課	販売手数料	0.0	0.0		
220D10200	広域課	支払手数料	773433.0	796000.0	97.1	
220D10200	広域課	診断料	514800.0	514800.0	100.0	
220D10200	広域課	諸会費	98500.0	81000.0	121.6	
220D10200	広域課	会議費	0.0	0.0		
220D10200	広域課	寄付金	12000.0	12000.0	100.0	
220D10200	広域課	租税公課	359000.0	359000.0	100.0	
220D10200	広域課	業務委託費	0.0	0.0		
220D10200	広域課	業務受託収入	0.0	0.0		
220D10200	広域課	システム管理料	135000.0	180000.0	75.0	
220D10200	広域課	情報機器利用料	4359600.0	4359600.0	100.0	
220D10200	広域課	貸倒金	0.0	0.0		
220D10200	広域課	雑費	66026.0	70500.0	93.6	
220D10200	広域課	福利消耗品費	50550.0	116200.0	43.5	
220D10200	広域課	教育研修費	23340.0	24000.0	97.2	
220D10200	広域課	廃棄損・減耗損	0.0	0.0		
220D10200	広域課	雑給	0.0	0.0		
220D10200	広域課	社内金利（固定資産）	464155.0	464000.0	100.0	
220D10200	広域課	社内金利（売掛金）	3119155.0	3325000.0	93.8	
220D10200	広域課	社内金利（在庫）	3593171.0	3611000.0	99.5	
220D10200	広域課	部門共通（経費）	4353268.0	4466877.0	97.4	
220D10200	広域課	全社共通（経費）	75192018.0	74452372.0	100.9	
220D10200	広域課	グループ共通	1462800.0	1462800.0	100.0	
220D10200	広域課	差引収益	122608823.0	127064148.0	96.4	
220D10200	広域課	差引比率	17.6	18.0	97.7	
220D10200	広域課	総時間	23745.75	25134.75	94.4	
220D10200	広域課	定時間	11228.75	11408.0	98.4	
220D10200	広域課	残業時間	919.0	886.0	103.7	
220D10200	広域課	移動時間	621.25	667.25	93.1	
220D10200	広域課	部門共通（時間）	1941.75	2034.0	95.4	
220D10200	広域課	全社共通（時間）	9035.0	10139.5	89.1	
220D10200	広域課	当月時間当り	5163.4	5055.3	102.1	
220D10200	広域課	人員	6.0	6.0	100.0	
220B10200	掛川営業課	総受注高	830125407.0	802000000.0	103.5	104.2
220B10200	掛川営業課	受注高	872042081.0	841030000.0	103.6	104.1
220B10200	掛川営業課	受注割戻高	-41916674.0	-39030000.0		
220B10200	掛川営業課	総売上高	814142436.0	802000000.0	101.5	102.8
220B10200	掛川営業課	売上高	855595101.0	841030000.0	101.7	102.7
220B10200	掛川営業課	売上割戻高	-41452665.0	-39030000.0		
220B10200	掛川営業課	売上原価	715589574.0	706600000.0	101.2	102.6
220B10200	掛川営業課	売上原価（割戻前）	715589574.0	706600000.0	101.2	102.6
220B10200	掛川営業課	仕入割戻高	0.0	0.0		
220B10200	掛川営業課	総収益	98552862.0	95400000.0	103.3	104.0
220B10200	掛川営業課	経費合計	34166175.0	34312771.0	99.5	100.6
220B10200	掛川営業課	減価償却費	339447.0	339447.0	100.0	97.5
220B10200	掛川営業課	車両費	3250674.0	3197600.0	101.6	96.3
220B10200	掛川営業課	旅費交通費	165363.0	167000.0	99.0	89.7
220B10200	掛川営業課	荷造運搬費	2189854.0	2127000.0	102.9	103.0
220B10200	掛川営業課	通信費	495702.0	503600.0	98.4	88.5
220B10200	掛川営業課	水道光熱費	215239.0	222000.0	96.9	94.5
220B10200	掛川営業課	事務用品費	268545.0	281000.0	95.5	92.4
220B10200	掛川営業課	消耗品費	44713.0	41500.0	107.7	94.1
220B10200	掛川営業課	廃棄物処理料	0.0	0.0		0.0
220B10200	掛川営業課	広告宣伝費	22500.0	22500.0	100.0	104.2
220B10200	掛川営業課	接待交際費	159878.0	130000.0	122.9	64.0
220B10200	掛川営業課	研究開発費	0.0	0.0		
220B10200	掛川営業課	賃借料	1638000.0	1638000.0	100.0	93.0
220B10200	掛川営業課	賃貸料収入	-122160.0	-122160.0		
220B10200	掛川営業課	修繕費	0.0	0.0		
220B10200	掛川営業課	支払リース料	82800.0	82800.0	100.0	100.0
220B10200	掛川営業課	保険料	114048.0	114048.0	100.0	93.5
220B10200	掛川営業課	支払報酬	0.0	0.0		
220B10200	掛川営業課	販売手数料	0.0	0.0		
220B10200	掛川営業課	支払手数料	253000.0	253500.0	99.8	99.0
220B10200	掛川営業課	診断料	144600.0	135000.0	107.1	66.4
220B10200	掛川営業課	諸会費	90900.0	67700.0	134.2	103.2
220B10200	掛川営業課	会議費	0.0	0.0		0.0
220B10200	掛川営業課	寄付金	2000.0	2000.0	100.0	117.5
220B10200	掛川営業課	租税公課	333000.0	333200.0	99.9	100.4
220B10200	掛川営業課	業務委託費	6106850.0	6215000.0	98.2	98.9
220B10200	掛川営業課	業務受託収入	-346362.0	-346362.0		
220B10200	掛川営業課	システム管理料	0.0	0.0		
220B10200	掛川営業課	情報機器利用料	4418760.0	4418760.0	100.0	112.2
220B10200	掛川営業課	貸倒金	0.0	0.0		
220B10200	掛川営業課	雑費	1600.0	0.0		6.0
220B10200	掛川営業課	福利消耗品費	15401.0	54000.0	28.5	36.0
220B10200	掛川営業課	教育研修費	83178.0	108178.0	76.8	50.0
220B10200	掛川営業課	廃棄損・減耗損	1200000.0	1200000.0	100.0	79.2
220B10200	掛川営業課	雑給	0.0	0.0		
220B10200	掛川営業課	社内金利（固定資産）	441974.0	441974.0	100.0	95.5
220B10200	掛川営業課	社内金利（売掛金）	941409.0	914000.0	102.9	108.1
220B10200	掛川営業課	社内金利（在庫）	1803685.0	1860000.0	96.9	92.0
220B10200	掛川営業課	部門共通（経費）	4031270.0	4138247.0	97.4	112.2
220B10200	掛川営業課	全社共通（経費）	4317507.0	4310439.0	100.1	110.0
220B10200	掛川営業課	グループ共通	1462800.0	1462800.0	100.0	98.0
220B10200	掛川営業課	差引収益	64386687.0	61087229.0	105.4	105.9
220B10200	掛川営業課	差引比率	7.9	7.6	103.9	103.9
220B10200	掛川営業課	総時間	16822.25	16878.25	99.6	96.5
220B10200	掛川営業課	定時間	10997.0	11046.0	99.5	104.3
220B10200	掛川営業課	残業時間	527.25	560.0	94.1	90.3
220B10200	掛川営業課	移動時間	1366.0	1372.0	99.5	147.1
220B10200	掛川営業課	部門共通（時間）	1332.0	1383.25	96.2	107.2
220B10200	掛川営業課	全社共通（時間）	2600.0	2517.0	103.2	62.8
220B10200	掛川営業課	当月時間当り	3827.4	3619.2	105.7	109.7
220B10200	掛川営業課	人員	6.0	6.0	100.0	100.0
060E10100	最上営業課	総受注高	649187293.0	690000000.0	94.0	95.3
060E10100	最上営業課	受注高	661446512.0	704500000.0	93.8	94.9
060E10100	最上営業課	受注割戻高	-12259219.0	-14500000.0		
060E10100	最上営業課	総売上高	681509394.0	690000000.0	98.7	100.7
060E10100	最上営業課	売上高	694420802.0	704500000.0	98.5	100.4
060E10100	最上営業課	売上割戻高	-12911408.0	-14500000.0		
060E10100	最上営業課	売上原価	575833621.0	582000000.0	98.9	99.7
060E10100	最上営業課	売上原価（割戻前）	575833621.0	582000000.0	98.9	99.7
060E10100	最上営業課	仕入割戻高	0.0	0.0		
060E10100	最上営業課	総収益	105675773.0	108000000.0	97.8	106.5
060E10100	最上営業課	経費合計	43767156.0	44451079.0	98.4	93.9
060E10100	最上営業課	減価償却費	172904.0	172904.0	100.0	110.2
060E10100	最上営業課	車両費	8343249.0	8595444.0	97.0	95.2
060E10100	最上営業課	旅費交通費	361909.0	400000.0	90.4	96.4
060E10100	最上営業課	荷造運搬費	1188257.0	1555000.0	76.4	70.6
060E10100	最上営業課	通信費	848806.0	893386.0	95.0	94.8
060E10100	最上営業課	水道光熱費	302699.0	308200.0	98.2	97.9
060E10100	最上営業課	事務用品費	305385.0	308200.0	99.0	79.5
060E10100	最上営業課	消耗品費	92735.0	81000.0	114.4	92.7
060E10100	最上営業課	廃棄物処理料	98637.0	100000.0	98.6	83.9
060E10100	最上営業課	広告宣伝費	163645.0	160985.0	101.6	103.7
060E10100	最上営業課	接待交際費	115000.0	125000.0	92.0	81.2
060E10100	最上営業課	研究開発費	0.0	0.0		
060E10100	最上営業課	賃借料	4909092.0	4909092.0	100.0	100.0
060E10100	最上営業課	賃貸料収入	0.0	0.0		
060E10100	最上営業課	修繕費	0.0	0.0		0.0
060E10100	最上営業課	支払リース料	0.0	0.0		
060E10100	最上営業課	保険料	62412.0	62412.0	100.0	117.7
060E10100	最上営業課	支払報酬	0.0	0.0		
060E10100	最上営業課	販売手数料	0.0	0.0		
060E10100	最上営業課	支払手数料	247030.0	262800.0	93.9	92.0
060E10100	最上営業課	診断料	0.0	0.0		
060E10100	最上営業課	諸会費	7000.0	7000.0	100.0	82.3
060E10100	最上営業課	会議費	5500.0	5500.0	100.0	59.8
060E10100	最上営業課	寄付金	0.0	0.0		
060E10100	最上営業課	租税公課	78900.0	96000.0	82.1	93.6
060E10100	最上営業課	業務委託費	4224010.0	4146000.0	101.8	118.4
060E10100	最上営業課	業務受託収入	0.0	0.0		
060E10100	最上営業課	システム管理料	45000.0	45000.0	100.0	100.0
060E10100	最上営業課	情報機器利用料	4418760.0	4418760.0	100.0	96.6
060E10100	最上営業課	貸倒金	0.0	0.0		
060E10100	最上営業課	雑費	176023.0	123384.0	142.6	139.1
060E10100	最上営業課	福利消耗品費	0.0	55000.0	0.0	0.0
060E10100	最上営業課	教育研修費	9940.0	7070.0	140.5	5.9
060E10100	最上営業課	廃棄損・減耗損	120000.0	120000.0	100.0	52.2
060E10100	最上営業課	雑給	0.0	0.0		
060E10100	最上営業課	社内金利（固定資産）	58457.0	58457.0	100.0	107.2
060E10100	最上営業課	社内金利（売掛金）	3634803.0	3611417.0	100.6	101.0
060E10100	最上営業課	社内金利（在庫）	1969657.0	1925386.0	102.2	96.5
060E10100	最上営業課	部門共通（経費）	4666903.0	4780996.0	97.6	120.1
060E10100	最上営業課	全社共通（経費）	5677643.0	5653886.0	100.4	70.3
060E10100	最上営業課	グループ共通	1462800.0	1462800.0	100.0	84.0
060E10100	最上営業課	差引収益	61908617.0	63548921.0	97.4	117.7
060E10100	最上営業課	差引比率	9.0	9.2	97.8	116.8
060E10100	最上営業課	総時間	17343.25	17698.75	97.9	84.7
060E10100	最上営業課	定時間	11332.0	11424.0	99.1	88.4
060E10100	最上営業課	残業時間	806.5	823.0	97.9	85.9
060E10100	最上営業課	移動時間	312.75	412.25	75.8	
060E10100	最上営業課	部門共通（時間）	1608.5	1675.0	96.0	117.6
060E10100	最上営業課	全社共通（時間）	3283.5	3364.5	97.5	57.8
060E10100	最上営業課	当月時間当り	3569.6	3590.5	99.4	139.0
060E10100	最上営業課	人員	6.0	6.0	100.0	85.7
060D10100	朝日営業課	総受注高	346856953.0	352000000.0	98.5	99.8
060D10100	朝日営業課	受注高	365695295.0	372000000.0	98.3	100.0
060D10100	朝日営業課	受注割戻高	-18838342.0	-20000000.0		
060D10100	朝日営業課	総売上高	344786105.0	352000000.0	97.9	99.1
060D10100	朝日営業課	売上高	363292604.0	372000000.0	97.6	99.3
060D10100	朝日営業課	売上割戻高	-18506499.0	-20000000.0		
060D10100	朝日営業課	売上原価	263353343.0	268700000.0	98.0	96.3
060D10100	朝日営業課	売上原価（割戻前）	263353343.0	268700000.0	98.0	96.3
060D10100	朝日営業課	仕入割戻高	0.0	0.0		
060D10100	朝日営業課	総収益	81432762.0	83300000.0	97.7	109.5
060D10100	朝日営業課	経費合計	29920484.0	30051244.0	99.5	97.7
060D10100	朝日営業課	減価償却費	649401.0	649401.0	100.0	110.5
060D10100	朝日営業課	車両費	5407735.0	5336700.0	101.3	101.4
060D10100	朝日営業課	旅費交通費	62500.0	71500.0	87.4	78.9
060D10100	朝日営業課	荷造運搬費	40058.0	37400.0	107.1	37.6
060D10100	朝日営業課	通信費	664083.0	725000.0	91.5	85.6
060D10100	朝日営業課	水道光熱費	502372.0	517000.0	97.1	99.1
060D10100	朝日営業課	事務用品費	239719.0	244500.0	98.0	91.0
060D10100	朝日営業課	消耗品費	239296.0	198000.0	120.8	115.4
060D10100	朝日営業課	廃棄物処理料	82880.0	81000.0	102.3	100.4
060D10100	朝日営業課	広告宣伝費	83640.0	85040.0	98.3	153.0
060D10100	朝日営業課	接待交際費	175550.0	185300.0	94.7	97.3
060D10100	朝日営業課	研究開発費	0.0	0.0		
060D10100	朝日営業課	賃借料	743037.0	744240.0	99.8	109.7
060D10100	朝日営業課	賃貸料収入	0.0	0.0		
060D10100	朝日営業課	修繕費	89000.0	100000.0	89.0	139.8
060D10100	朝日営業課	支払リース料	122400.0	122400.0	100.0	100.0
060D10100	朝日営業課	保険料	65484.0	65484.0	100.0	102.5
060D10100	朝日営業課	支払報酬	0.0	0.0		
060D10100	朝日営業課	販売手数料	0.0	0.0		
060D10100	朝日営業課	支払手数料	218868.0	221500.0	98.8	98.1
060D10100	朝日営業課	診断料	0.0	11500.0	0.0	0.0
060D10100	朝日営業課	諸会費	20000.0	20000.0	100.0	95.2
060D10100	朝日営業課	会議費	6000.0	6000.0	100.0	100.0
060D10100	朝日営業課	寄付金	0.0	0.0		
060D10100	朝日営業課	租税公課	163000.0	165000.0	98.7	82.3
060D10100	朝日営業課	業務委託費	2953080.0	2923000.0	101.0	92.8
060D10100	朝日営業課	業務受託収入	0.0	0.0		
060D10100	朝日営業課	システム管理料	45000.0	45000.0	100.0	100.0
060D10100	朝日営業課	情報機器利用料	3122760.0	3122760.0	100.0	120.3
060D10100	朝日営業課	貸倒金	0.0	0.0		
060D10100	朝日営業課	雑費	375819.0	383000.0	98.1	154.6
060D10100	朝日営業課	福利消耗品費	10000.0	46000.0	21.7	21.9
060D10100	朝日営業課	教育研修費	97034.0	99045.0	97.9	119.5
060D10100	朝日営業課	廃棄損・減耗損	202367.0	200000.0	101.1	74.4
060D10100	朝日営業課	雑給	0.0	0.0		
060D10100	朝日営業課	社内金利（固定資産）	444907.0	444907.0	100.0	95.0
060D10100	朝日営業課	社内金利（売掛金）	4939239.0	4949440.0	99.7	101.8
060D10100	朝日営業課	社内金利（在庫）	1559584.0	1569800.0	99.3	78.2
060D10100	朝日営業課	部門共通（経費）	3519806.0	3599766.0	97.7	102.6
060D10100	朝日営業課	全社共通（経費）	2100265.0	2105961.0	99.7	71.2
060D10100	朝日営業課	グループ共通	975600.0	975600.0	100.0	98.0
060D10100	朝日営業課	差引収益	51512278.0	53248756.0	96.7	117.8
060D10100	朝日営業課	差引比率	14.9	15.1	98.6	119.2
060D10100	朝日営業課	総時間	13020.25	13212.0	98.5	118.5
060D10100	朝日営業課	定時間	7745.25	7776.0	99.6	122.6
060D10100	朝日営業課	残業時間	575.75	645.0	89.2	81.4
060D10100	朝日営業課	移動時間	1527.25	1531.0	99.7	
060D10100	朝日営業課	部門共通（時間）	1246.0	1301.25	95.7	100.2
060D10100	朝日営業課	全社共通（時間）	1926.0	1958.75	98.3	68.6
060D10100	朝日営業課	当月時間当り	3956.3	4030.3	98.1	99.3
060D10100	朝日営業課	人員	4.0	4.0	100.0	133.3
002090200	本社収支	総受注高	0.0	0.0		
002090200	本社収支	受注高	0.0	0.0		
002090200	本社収支	受注割戻高	0.0	0.0		
002090200	本社収支	総売上高	0.0	0.0		
002090200	本社収支	売上高	0.0	0.0		
002090200	本社収支	売上割戻高	0.0	0.0		
002090200	本社収支	売上原価	0.0	0.0		
002090200	本社収支	売上原価（割戻前）	0.0	0.0		
002090200	本社収支	仕入割戻高	0.0	0.0		
002090200	本社収支	総収益	0.0	0.0		
002090200	本社収支	経費合計	-110577132.0	-109668871.0		
002090200	本社収支	減価償却費	0.0	0.0		
002090200	本社収支	車両費	0.0	0.0		
002090200	本社収支	旅費交通費	0.0	0.0		
002090200	本社収支	荷造運搬費	0.0	0.0		
002090200	本社収支	通信費	0.0	0.0		
002090200	本社収支	水道光熱費	0.0	0.0		
002090200	本社収支	事務用品費	0.0	0.0		
002090200	本社収支	消耗品費	0.0	0.0		
002090200	本社収支	廃棄物処理料	0.0	0.0		
002090200	本社収支	広告宣伝費	0.0	0.0		
002090200	本社収支	接待交際費	0.0	0.0		
002090200	本社収支	研究開発費	0.0	0.0		
002090200	本社収支	賃借料	0.0	0.0		
002090200	本社収支	賃貸料収入	0.0	0.0		
002090200	本社収支	修繕費	0.0	0.0		
002090200	本社収支	支払リース料	0.0	0.0		
002090200	本社収支	保険料	0.0	0.0		
002090200	本社収支	支払報酬	0.0	0.0		
002090200	本社収支	販売手数料	0.0	0.0		
002090200	本社収支	支払手数料	0.0	0.0		
002090200	本社収支	診断料	0.0	0.0		
002090200	本社収支	諸会費	0.0	0.0		
002090200	本社収支	会議費	0.0	0.0		
002090200	本社収支	寄付金	0.0	0.0		
002090200	本社収支	租税公課	0.0	0.0		
002090200	本社収支	業務委託費	0.0	0.0		
002090200	本社収支	業務受託収入	0.0	0.0		
002090200	本社収支	システム管理料	0.0	0.0		
002090200	本社収支	情報機器利用料	0.0	0.0		
002090200	本社収支	貸倒金	0.0	0.0		
002090200	本社収支	雑費	0.0	0.0		
002090200	本社収支	福利消耗品費	0.0	0.0		
002090200	本社収支	教育研修費	0.0	0.0		
002090200	本社収支	廃棄損・減耗損	-11500000.0	-11500000.0		
002090200	本社収支	雑給	0.0	0.0		
002090200	本社収支	社内金利（固定資産）	-14494240.0	-14523494.0		
002090200	本社収支	社内金利（売掛金）	-44721008.0	-42795257.0		
002090200	本社収支	社内金利（在庫）	-39861884.0	-40850120.0		
002090200	本社収支	部門共通（経費）	0.0	0.0		
002090200	本社収支	全社共通（経費）	0.0	0.0		
002090200	本社収支	グループ共通	0.0	0.0		
002090200	本社収支	差引収益	110577132.0	109668871.0	100.8	92.5
002090200	本社収支	差引比率	0.0	0.0		
002090200	本社収支	総時間	3870.25	3870.25	100.0	104.1
002090200	本社収支	定時間	0.0	0.0		
002090200	本社収支	残業時間	0.0	0.0		
002090200	本社収支	移動時間	3870.25	3870.25	100.0	104.1
002090200	本社収支	部門共通（時間）	0.0	0.0		
002090200	本社収支	全社共通（時間）	0.0	0.0		
002090200	本社収支	当月時間当り	28571.0	28336.3	100.8	88.8
002090200	本社収支	人員	0.0	0.0		
230I60600	本社業務課	総受注高	0.0	0.0		
230I60600	本社業務課	受注高	0.0	0.0		
230I60600	本社業務課	受注割戻高	0.0	0.0		
230I60600	本社業務課	総売上高	0.0	0.0		
230I60600	本社業務課	売上高	0.0	0.0		
230I60600	本社業務課	売上割戻高	0.0	0.0		
230I60600	本社業務課	売上原価	0.0	0.0		
230I60600	本社業務課	売上原価（割戻前）	0.0	0.0		
230I60600	本社業務課	仕入割戻高	0.0	0.0		
230I60600	本社業務課	総収益	0.0	0.0		
230I60600	本社業務課	経費合計	0.0	0.0		
230I60600	本社業務課	減価償却費	52007.0	52007.0	100.0	
230I60600	本社業務課	車両費	142354.0	142704.0	99.7	
230I60600	本社業務課	旅費交通費	50000.0	60000.0	83.3	
230I60600	本社業務課	荷造運搬費	0.0	0.0		
230I60600	本社業務課	通信費	259256.0	261884.0	98.9	
230I60600	本社業務課	水道光熱費	421835.0	423100.0	99.7	
230I60600	本社業務課	事務用品費	227188.0	208000.0	109.2	
230I60600	本社業務課	消耗品費	30257.0	32000.0	94.5	
230I60600	本社業務課	廃棄物処理料	167660.0	178000.0	94.1	
230I60600	本社業務課	広告宣伝費	0.0	0.0		
230I60600	本社業務課	接待交際費	0.0	0.0		
230I60600	本社業務課	研究開発費	0.0	0.0		
230I60600	本社業務課	賃借料	300600.0	300600.0	100.0	
230I60600	本社業務課	賃貸料収入	0.0	0.0		
230I60600	本社業務課	修繕費	167000.0	200400.0	83.3	
230I60600	本社業務課	支払リース料	42509.0	42511.0	99.9	
230I60600	本社業務課	保険料	4092.0	4092.0	100.0	
230I60600	本社業務課	支払報酬	0.0	0.0		
230I60600	本社業務課	販売手数料	0.0	0.0		
230I60600	本社業務課	支払手数料	90100.0	95250.0	94.5	
230I60600	本社業務課	診断料	0.0	0.0		
230I60600	本社業務課	諸会費	12000.0	6000.0	200.0	
230I60600	本社業務課	会議費	0.0	0.0		
230I60600	本社業務課	寄付金	0.0	0.0		
230I60600	本社業務課	租税公課	7422.0	7222.0	102.7	
230I60600	本社業務課	業務委託費	0.0	0.0		
230I60600	本社業務課	業務受託収入	0.0	0.0		
230I60600	本社業務課	システム管理料	0.0	0.0		
230I60600	本社業務課	情報機器利用料	5200944.0	5200944.0	100.0	
230I60600	本社業務課	貸倒金	0.0	0.0		
230I60600	本社業務課	雑費	71764.0	71454.0	100.4	
230I60600	本社業務課	福利消耗品費	13667.0	121915.0	11.2	
230I60600	本社業務課	教育研修費	37246.0	37248.0	99.9	
230I60600	本社業務課	廃棄損・減耗損	0.0	0.0		
230I60600	本社業務課	雑給	0.0	0.0		
230I60600	本社業務課	社内金利（固定資産）	27617.0	27618.0	99.9	
230I60600	本社業務課	社内金利（売掛金）	0.0	0.0		
230I60600	本社業務課	社内金利（在庫）	0.0	0.0		
230I60600	本社業務課	部門共通（経費）	0.0	0.0		
230I60600	本社業務課	全社共通（経費）	-9276718.0	-9424149.0		
230I60600	本社業務課	グループ共通	1951200.0	1951200.0	100.0	
230I60600	本社業務課	差引収益	0.0	0.0		
230I60600	本社業務課	差引比率	0.0	0.0		
230I60600	本社業務課	総時間	0.0	0.0		
230I60600	本社業務課	定時間	12373.5	12267.5	100.8	
230I60600	本社業務課	残業時間	494.5	413.0	119.7	
230I60600	本社業務課	移動時間	835.0	838.0	99.6	
230I60600	本社業務課	部門共通（時間）	0.0	0.0		
230I60600	本社業務課	全社共通（時間）	-13703.0	-13518.5		
230I60600	本社業務課	当月時間当り	0.0	0.0		
230I60600	本社業務課	人員	7.0	7.0	100.0	
230I60300	本社物流課	総受注高	0.0	0.0		
230I60300	本社物流課	受注高	0.0	0.0		
230I60300	本社物流課	受注割戻高	0.0	0.0		
230I60300	本社物流課	総売上高	0.0	0.0		
230I60300	本社物流課	売上高	0.0	0.0		
230I60300	本社物流課	売上割戻高	0.0	0.0		
230I60300	本社物流課	売上原価	0.0	0.0		
230I60300	本社物流課	売上原価（割戻前）	0.0	0.0		
230I60300	本社物流課	仕入割戻高	0.0	0.0		
230I60300	本社物流課	総収益	0.0	0.0		
230I60300	本社物流課	経費合計	0.0	0.0		
230I60300	本社物流課	減価償却費	37066.0	37068.0	99.9	59.9
230I60300	本社物流課	車両費	8527010.0	8550545.0	99.7	102.3
230I60300	本社物流課	旅費交通費	52000.0	52000.0	100.0	
230I60300	本社物流課	荷造運搬費	5469.0	1862.0	293.7	124.8
230I60300	本社物流課	通信費	145195.0	141746.0	102.4	75.7
230I60300	本社物流課	水道光熱費	60575.0	60710.0	99.7	49.6
230I60300	本社物流課	事務用品費	28399.0	27898.0	101.7	48.9
230I60300	本社物流課	消耗品費	543701.0	483814.0	112.3	145.0
230I60300	本社物流課	廃棄物処理料	22885.0	24000.0	95.3	43.4
230I60300	本社物流課	広告宣伝費	0.0	0.0		
230I60300	本社物流課	接待交際費	0.0	0.0		0.0
230I60300	本社物流課	研究開発費	0.0	0.0		
230I60300	本社物流課	賃借料	43200.0	43200.0	100.0	48.9
230I60300	本社物流課	賃貸料収入	0.0	0.0		
230I60300	本社物流課	修繕費	24000.0	28800.0	83.3	33.4
230I60300	本社物流課	支払リース料	15790.0	15792.0	99.9	139.2
230I60300	本社物流課	保険料	53570.0	53571.0	99.9	149.5
230I60300	本社物流課	支払報酬	0.0	0.0		
230I60300	本社物流課	販売手数料	0.0	0.0		
230I60300	本社物流課	支払手数料	29511.0	30452.0	96.9	78.7
230I60300	本社物流課	診断料	0.0	0.0		
230I60300	本社物流課	諸会費	0.0	0.0		
230I60300	本社物流課	会議費	0.0	0.0		
230I60300	本社物流課	寄付金	0.0	0.0		
230I60300	本社物流課	租税公課	4092.0	4092.0	100.0	289.8
230I60300	本社物流課	業務委託費	0.0	0.0		0.0
230I60300	本社物流課	業務受託収入	0.0	0.0		
230I60300	本社物流課	システム管理料	0.0	0.0		
230I60300	本社物流課	情報機器利用料	1610400.0	1610400.0	100.0	111.8
230I60300	本社物流課	貸倒金	0.0	0.0		
230I60300	本社物流課	雑費	59688.0	52199.0	114.3	74.4
230I60300	本社物流課	福利消耗品費	64696.0	89920.0	71.9	53.6
230I60300	本社物流課	教育研修費	5352.0	44952.0	11.9	10.6
230I60300	本社物流課	廃棄損・減耗損	0.0	0.0		
230I60300	本社物流課	雑給	0.0	0.0		
230I60300	本社物流課	社内金利（固定資産）	33391.0	33561.0	99.4	85.4
230I60300	本社物流課	社内金利（売掛金）	0.0	0.0		
230I60300	本社物流課	社内金利（在庫）	0.0	0.0		
230I60300	本社物流課	部門共通（経費）	0.0	0.0		
230I60300	本社物流課	全社共通（経費）	-13804390.0	-13824982.0		
230I60300	本社物流課	グループ共通	2438400.0	2438400.0	100.0	98.0
230I60300	本社物流課	差引収益	0.0	0.0		
230I60300	本社物流課	差引比率	0.0	0.0		
230I60300	本社物流課	総時間	0.0	0.0		
230I60300	本社物流課	定時間	21644.5	20086.75	107.7	132.7
230I60300	本社物流課	残業時間	223.5	235.0	95.1	92.9
230I60300	本社物流課	移動時間	-17448.0	-17442.0		
230I60300	本社物流課	部門共通（時間）	0.0	0.0		
230I60300	本社物流課	全社共通（時間）	-4420.0	-2879.75		
230I60300	本社物流課	当月時間当り	0.0	0.0		
230I60300	本社物流課	人員	13.0	12.0	108.3	118.1
230I60210	本社管理課	総受注高	0.0	0.0		
230I60210	本社管理課	受注高	0.0	0.0		
230I60210	本社管理課	受注割戻高	0.0	0.0		
230I60210	本社管理課	総売上高	0.0	0.0		
230I60210	本社管理課	売上高	0.0	0.0		
230I60210	本社管理課	売上割戻高	0.0	0.0		
230I60210	本社管理課	売上原価	0.0	0.0		
230I60210	本社管理課	売上原価（割戻前）	0.0	0.0		
230I60210	本社管理課	仕入割戻高	0.0	0.0		
230I60210	本社管理課	総収益	0.0	0.0		
230I60210	本社管理課	経費合計	0.0	0.0		
230I60210	本社管理課	減価償却費	207815.0	207815.0	100.0	108.0
230I60210	本社管理課	車両費	197800.0	195000.0	101.4	45.8
230I60210	本社管理課	旅費交通費	1366612.0	1093020.0	125.0	97.0
230I60210	本社管理課	荷造運搬費	502.0	555.0	90.4	53.9
230I60210	本社管理課	通信費	759248.0	745600.0	101.8	263.4
230I60210	本社管理課	水道光熱費	295644.0	297800.0	99.2	72.7
230I60210	本社管理課	事務用品費	166348.0	179900.0	92.4	75.7
230I60210	本社管理課	消耗品費	33456.0	31000.0	107.9	68.2
230I60210	本社管理課	廃棄物処理料	95759.0	99650.0	96.0	63.9
230I60210	本社管理課	広告宣伝費	0.0	0.0		
230I60210	本社管理課	接待交際費	40000.0	48000.0	83.3	104.7
230I60210	本社管理課	研究開発費	0.0	0.0		
230I60210	本社管理課	賃借料	179668.0	179580.0	100.0	24.7
230I60210	本社管理課	賃貸料収入	-1001.0	-1001.0		
230I60210	本社管理課	修繕費	163662.0	139470.0	117.3	97.1
230I60210	本社管理課	支払リース料	44712.0	44714.0	99.9	95.6
230I60210	本社管理課	保険料	33438.0	33441.0	99.9	165.9
230I60210	本社管理課	支払報酬	0.0	0.0		
230I60210	本社管理課	販売手数料	0.0	0.0		
230I60210	本社管理課	支払手数料	91031.0	91040.0	99.9	106.4
230I60210	本社管理課	診断料	0.0	0.0		
230I60210	本社管理課	諸会費	30718.0	30718.0	100.0	82.9
230I60210	本社管理課	会議費	0.0	0.0		
230I60210	本社管理課	寄付金	1900.0	1900.0	100.0	119.0
230I60210	本社管理課	租税公課	169603.0	169404.0	100.1	150.0
230I60210	本社管理課	業務委託費	0.0	0.0		
230I60210	本社管理課	業務受託収入	0.0	0.0		
230I60210	本社管理課	システム管理料	0.0	0.0		
230I60210	本社管理課	情報機器利用料	4533504.0	4533504.0	100.0	84.2
230I60210	本社管理課	貸倒金	0.0	0.0		
230I60210	本社管理課	雑費	78696.0	84240.0	93.4	103.3
230I60210	本社管理課	福利消耗品費	7457.0	28000.0	26.6	19.2
230I60210	本社管理課	教育研修費	684584.0	698728.0	97.9	
230I60210	本社管理課	廃棄損・減耗損	0.0	0.0		
230I60210	本社管理課	雑給	0.0	0.0		
230I60210	本社管理課	社内金利（固定資産）	115644.0	115648.0	99.9	104.9
230I60210	本社管理課	社内金利（売掛金）	0.0	0.0		
230I60210	本社管理課	社内金利（在庫）	0.0	0.0		
230I60210	本社管理課	部門共通（経費）	0.0	0.0		
230I60210	本社管理課	全社共通（経費）	-10518400.0	-10269326.0		
230I60210	本社管理課	グループ共通	1221600.0	1221600.0	100.0	81.8
230I60210	本社管理課	差引収益	0.0	0.0		
230I60210	本社管理課	差引比率	0.0	0.0		
230I60210	本社管理課	総時間	0.0	0.0		
230I60210	本社管理課	定時間	11426.0	11432.0	99.9	76.1
230I60210	本社管理課	残業時間	894.0	839.75	106.4	59.5
230I60210	本社管理課	移動時間	-1988.0	-1985.0		
230I60210	本社管理課	部門共通（時間）	0.0	0.0		
230I60210	本社管理課	全社共通（時間）	-10332.0	-10286.75		
230I60210	本社管理課	当月時間当り	0.0	0.0		
230I60210	本社管理課	人員	6.0	6.0	100.0	75.0
230I60500	本社購買課	総受注高	0.0	0.0		
230I60500	本社購買課	受注高	0.0	0.0		
230I60500	本社購買課	受注割戻高	0.0	0.0		
230I60500	本社購買課	総売上高	0.0	0.0		
230I60500	本社購買課	売上高	0.0	0.0		
230I60500	本社購買課	売上割戻高	0.0	0.0		
230I60500	本社購買課	売上原価	0.0	0.0		
230I60500	本社購買課	売上原価（割戻前）	0.0	0.0		
230I60500	本社購買課	仕入割戻高	0.0	0.0		
230I60500	本社購買課	総収益	0.0	0.0		
230I60500	本社購買課	経費合計	0.0	0.0		
230I60500	本社購買課	減価償却費	37061.0	37063.0	99.9	90.5
230I60500	本社購買課	車両費	152805.0	154704.0	98.7	88.3
230I60500	本社購買課	旅費交通費	1306230.0	1424720.0	91.6	189.1
230I60500	本社購買課	荷造運搬費	661737.0	612000.0	108.1	130.8
230I60500	本社購買課	通信費	313157.0	317210.0	98.7	111.8
230I60500	本社購買課	水道光熱費	300358.0	301020.0	99.7	98.8
230I60500	本社購買課	事務用品費	218435.0	210480.0	103.7	117.3
230I60500	本社購買課	消耗品費	568702.0	569020.0	99.9	98.8
230I60500	本社購買課	廃棄物処理料	205477.0	211000.0	97.3	120.7
230I60500	本社購買課	広告宣伝費	381800.0	362000.0	105.4	108.9
230I60500	本社購買課	接待交際費	267742.0	270000.0	99.1	80.5
230I60500	本社購買課	研究開発費	0.0	0.0		
230I60500	本社購買課	賃借料	3874200.0	3874200.0	100.0	99.8
230I60500	本社購買課	賃貸料収入	0.0	0.0		
230I60500	本社購買課	修繕費	114835.0	142800.0	80.4	65.9
230I60500	本社購買課	支払リース料	30351.0	30353.0	99.9	93.9
230I60500	本社購買課	保険料	324752.0	324752.0	100.0	72.5
230I60500	本社購買課	支払報酬	0.0	0.0		
230I60500	本社購買課	販売手数料	0.0	0.0		
230I60500	本社購買課	支払手数料	91378.0	91378.0	100.0	146.0
230I60500	本社購買課	診断料	30000.0	30000.0	100.0	100.3
230I60500	本社購買課	諸会費	8200.0	44200.0	18.5	18.5
230I60500	本社購買課	会議費	0.0	0.0		
230I60500	本社購買課	寄付金	0.0	0.0		
230I60500	本社購買課	租税公課	11430.0	15430.0	74.0	99.2
230I60500	本社購買課	業務委託費	0.0	0.0		
230I60500	本社購買課	業務受託収入	0.0	0.0		
230I60500	本社購買課	システム管理料	0.0	0.0		
230I60500	本社購買課	情報機器利用料	4418760.0	4418760.0	100.0	135.2
230I60500	本社購買課	貸倒金	0.0	0.0		
230I60500	本社購買課	雑費	55835.0	56590.0	98.6	40.7
230I60500	本社購買課	福利消耗品費	11840.0	36860.0	32.1	54.7
230I60500	本社購買課	教育研修費	32832.0	32830.0	100.0	120.6
230I60500	本社購買課	廃棄損・減耗損	543856.0	532000.0	102.2	195.7
230I60500	本社購買課	雑給	0.0	0.0		
230I60500	本社購買課	社内金利（固定資産）	19680.0	19682.0	99.9	87.3
230I60500	本社購買課	社内金利（売掛金）	0.0	0.0		
230I60500	本社購買課	社内金利（在庫）	0.0	0.0		
230I60500	本社購買課	部門共通（経費）	0.0	0.0		
230I60500	本社購買課	全社共通（経費）	-15203053.0	-15340652.0		
230I60500	本社購買課	グループ共通	1221600.0	1221600.0	100.0	98.2
230I60500	本社購買課	差引収益	0.0	0.0		
230I60500	本社購買課	差引比率	0.0	0.0		
230I60500	本社購買課	総時間	0.0	0.0		
230I60500	本社購買課	定時間	11499.25	11528.0	99.7	126.9
230I60500	本社購買課	残業時間	1138.75	1145.0	99.4	144.6
230I60500	本社購買課	移動時間	-1251.0	-1269.0		
230I60500	本社購買課	部門共通（時間）	0.0	0.0		
230I60500	本社購買課	全社共通（時間）	-11387.0	-11404.0		
230I60500	本社購買課	当月時間当り	0.0	0.0		
230I60500	本社購買課	人員	6.0	6.0	100.0	120.0
060A10100	東北営業部	総受注高	2611905292.0	2700000000.0	96.7	98.6
060A10100	東北営業部	受注高	2713820243.0	2810430000.0	96.5	97.8
060A10100	東北営業部	受注割戻高	-101914951.0	-110430000.0		
060A10100	東北営業部	総売上高	2676961476.0	2700000000.0	99.1	101.6
060A10100	東北営業部	売上高	2780721978.0	2810430000.0	98.9	100.8
060A10100	東北営業部	売上割戻高	-103760502.0	-110430000.0		
060A10100	東北営業部	売上原価	2117070137.0	2130000000.0	99.3	99.9
060A10100	東北営業部	売上原価（割戻前）	2117070137.0	2130000000.0	99.3	99.9
060A10100	東北営業部	仕入割戻高	0.0	0.0		
060A10100	東北営業部	総収益	559891339.0	570000000.0	98.2	108.5
060A10100	東北営業部	経費合計	220448744.0	216629113.0	101.7	98.9
060A10100	東北営業部	減価償却費	1397606.0	1397604.0	100.0	103.0
060A10100	東北営業部	車両費	36605668.0	36711450.0	99.7	101.0
060A10100	東北営業部	旅費交通費	2791210.0	2836146.0	98.4	104.1
060A10100	東北営業部	荷造運搬費	2929914.0	3561784.0	82.2	84.1
060A10100	東北営業部	通信費	4271778.0	4563478.0	93.6	92.9
060A10100	東北営業部	水道光熱費	2454461.0	2522471.0	97.3	98.0
060A10100	東北営業部	事務用品費	1735675.0	1716276.0	101.1	94.4
060A10100	東北営業部	消耗品費	836887.0	738122.0	113.3	105.1
060A10100	東北営業部	廃棄物処理料	552126.0	534092.0	103.3	97.1
060A10100	東北営業部	広告宣伝費	872729.0	873718.0	99.8	121.5
060A10100	東北営業部	接待交際費	1580428.0	1608764.0	98.2	100.5
060A10100	東北営業部	研究開発費	0.0	0.0		
060A10100	東北営業部	賃借料	16024462.0	16280684.0	98.4	98.7
060A10100	東北営業部	賃貸料収入	-185800.0	-185800.0		
060A10100	東北営業部	修繕費	459084.0	437050.0	105.0	116.6
060A10100	東北営業部	支払リース料	362688.0	362688.0	100.0	100.7
060A10100	東北営業部	保険料	599753.0	597679.0	100.3	105.8
060A10100	東北営業部	支払報酬	0.0	0.0		
060A10100	東北営業部	販売手数料	0.0	0.0		
060A10100	東北営業部	支払手数料	1516961.0	1535841.0	98.7	94.7
060A10100	東北営業部	診断料	0.0	11500.0	0.0	0.0
060A10100	東北営業部	諸会費	400580.0	404580.0	99.0	95.7
060A10100	東北営業部	会議費	57727.0	57727.0	100.0	161.0
060A10100	東北営業部	寄付金	0.0	0.0		0.0
060A10100	東北営業部	租税公課	1393357.0	1434554.0	97.1	93.2
060A10100	東北営業部	業務委託費	26431415.0	20238132.0	130.6	120.6
060A10100	東北営業部	業務受託収入	0.0	0.0		
060A10100	東北営業部	システム管理料	285000.0	285000.0	100.0	100.0
060A10100	東北営業部	情報機器利用料	25246244.0	25252150.0	99.9	118.0
060A10100	東北営業部	貸倒金	0.0	0.0		
060A10100	東北営業部	雑費	1418957.0	1373515.0	103.3	116.2
060A10100	東北営業部	福利消耗品費	192696.0	421574.0	45.7	55.8
060A10100	東北営業部	教育研修費	621391.0	635598.0	97.7	60.4
060A10100	東北営業部	廃棄損・減耗損	2141533.0	2103000.0	101.8	70.2
060A10100	東北営業部	雑給	0.0	0.0		
060A10100	東北営業部	社内金利（固定資産）	833243.0	835955.0	99.6	97.3
060A10100	東北営業部	社内金利（売掛金）	23996545.0	24157857.0	99.3	98.9
060A10100	東北営業部	社内金利（在庫）	12868730.0	13070186.0	98.4	93.7
060A10100	東北営業部	部門共通（経費）	19572050.0	20045305.0	97.6	108.3
060A10100	東北営業部	全社共通（経費）	21924046.0	21950833.0	99.8	68.5
060A10100	東北営業部	グループ共通	8259600.0	8259600.0	100.0	103.7
060A10100	東北営業部	差引収益	339442595.0	353370887.0	96.0	115.8
060A10100	東北営業部	差引比率	12.6	13.0	96.9	113.5
060A10100	東北営業部	総時間	99893.0	99095.75	100.8	100.7
060A10100	東北営業部	定時間	69738.25	67879.0	102.7	112.9
060A10100	東北営業部	残業時間	4429.0	4595.0	96.3	102.3
060A10100	東北営業部	移動時間	2577.25	2842.5	90.6	
060A10100	東北営業部	部門共通（時間）	6774.75	7060.25	95.9	103.8
060A10100	東北営業部	全社共通（時間）	16373.75	16719.0	97.9	60.2
060A10100	東北営業部	当月時間当り	3398.0	3565.9	95.2	114.9
060A10100	東北営業部	人員	36.0	36.0	100.0	109.0
060B60100	東北物流課	総受注高	0.0	0.0		
060B60100	東北物流課	受注高	0.0	0.0		
060B60100	東北物流課	受注割戻高	0.0	0.0		
060B60100	東北物流課	総売上高	0.0	0.0		
060B60100	東北物流課	売上高	0.0	0.0		
060B60100	東北物流課	売上割戻高	0.0	0.0		
060B60100	東北物流課	売上原価	0.0	0.0		
060B60100	東北物流課	売上原価（割戻前）	0.0	0.0		
060B60100	東北物流課	仕入割戻高	0.0	0.0		
060B60100	東北物流課	総収益	0.0	0.0		
060B60100	東北物流課	経費合計	0.0	0.0		
060B60100	東北物流課	減価償却費	74363.0	74365.0	99.9	61.6
060B60100	東北物流課	車両費	3727365.0	3779300.0	98.6	104.4
060B60100	東北物流課	旅費交通費	25000.0	30000.0	83.3	323.3
060B60100	東北物流課	荷造運搬費	2371.0	1600.0	148.1	72.6
060B60100	東北物流課	通信費	276079.0	278758.0	99.0	107.2
060B60100	東北物流課	水道光熱費	435657.0	444500.0	98.0	82.7
060B60100	東北物流課	事務用品費	198573.0	209400.0	94.8	92.4
060B60100	東北物流課	消耗品費	466957.0	461700.0	101.1	72.3
060B60100	東北物流課	廃棄物処理料	106594.0	114100.0	93.4	115.2
060B60100	東北物流課	広告宣伝費	0.0	0.0		
060B60100	東北物流課	接待交際費	2160.0	0.0		
060B60100	東北物流課	研究開発費	0.0	0.0		
060B60100	東北物流課	賃借料	2645386.0	2645456.0	99.9	105.2
060B60100	東北物流課	賃貸料収入	0.0	0.0		
060B60100	東北物流課	修繕費	171531.0	166807.0	102.8	208.3
060B60100	東北物流課	支払リース料	84091.0	84093.0	99.9	98.3
060B60100	東北物流課	保険料	40323.0	40263.0	100.1	102.6
060B60100	東北物流課	支払報酬	0.0	0.0		
060B60100	東北物流課	販売手数料	0.0	0.0		
060B60100	東北物流課	支払手数料	40749.0	40749.0	100.0	87.6
060B60100	東北物流課	診断料	0.0	0.0		
060B60100	東北物流課	諸会費	63010.0	63010.0	100.0	96.7
060B60100	東北物流課	会議費	0.0	0.0		
060B60100	東北物流課	寄付金	0.0	0.0		
060B60100	東北物流課	租税公課	167226.0	167227.0	99.9	87.3
060B60100	東北物流課	業務委託費	2408170.0	2625560.0	91.7	112.3
060B60100	東北物流課	業務受託収入	0.0	0.0		
060B60100	東北物流課	システム管理料	0.0	0.0		
060B60100	東北物流課	情報機器利用料	2309172.0	2320200.0	99.5	86.0
060B60100	東北物流課	貸倒金	0.0	0.0		
060B60100	東北物流課	雑費	141278.0	141368.0	99.9	165.9
060B60100	東北物流課	福利消耗品費	117660.0	141660.0	83.0	260.6
060B60100	東北物流課	教育研修費	52360.0	53508.0	97.8	98.3
060B60100	東北物流課	廃棄損・減耗損	0.0	0.0		
060B60100	東北物流課	雑給	0.0	0.0		
060B60100	東北物流課	社内金利（固定資産）	49404.0	49464.0	99.8	81.2
060B60100	東北物流課	社内金利（売掛金）	0.0	0.0		
060B60100	東北物流課	社内金利（在庫）	0.0	0.0		
060B60100	東北物流課	部門共通（経費）	0.0	0.0		
060B60100	東北物流課	全社共通（経費）	-15556679.0	-15884288.0		
060B60100	東北物流課	グループ共通	1951200.0	1951200.0	100.0	98.0
060B60100	東北物流課	差引収益	0.0	0.0		
060B60100	東北物流課	差引比率	0.0	0.0		
060B60100	東北物流課	総時間	0.0	0.0		
060B60100	東北物流課	定時間	14931.75	15106.0	98.8	101.2
060B60100	東北物流課	残業時間	584.25	753.0	77.5	70.2
060B60100	東北物流課	移動時間	1040.0	1066.0	97.5	183.6
060B60100	東北物流課	部門共通（時間）	0.0	0.0		
060B60100	東北物流課	全社共通（時間）	-16556.0	-16925.0		
060B60100	東北物流課	当月時間当り	0.0	0.0		
060B60100	東北物流課	人員	6.0	8.0	75.0	75.0
060A60200	東北購買課	総受注高	0.0	0.0		
060A60200	東北購買課	受注高	0.0	0.0		
060A60200	東北購買課	受注割戻高	0.0	0.0		
060A60200	東北購買課	総売上高	0.0	0.0		
060A60200	東北購買課	売上高	0.0	0.0		
060A60200	東北購買課	売上割戻高	0.0	0.0		
060A60200	東北購買課	売上原価	0.0	0.0		
060A60200	東北購買課	売上原価（割戻前）	0.0	0.0		
060A60200	東北購買課	仕入割戻高	0.0	0.0		
060A60200	東北購買課	総収益	0.0	0.0		
060A60200	東北購買課	経費合計	0.0	0.0		
060A60200	東北購買課	減価償却費	131739.0	131739.0	100.0	129.0
060A60200	東北購買課	車両費	499375.0	497676.0	100.3	206.8
060A60200	東北購買課	旅費交通費	212298.0	199180.0	106.5	53.6
060A60200	東北購買課	荷造運搬費	1864.0	1566.0	119.0	81.1
060A60200	東北購買課	通信費	180055.0	180415.0	99.8	119.0
060A60200	東北購買課	水道光熱費	307018.0	313007.0	98.0	113.9
060A60200	東北購買課	事務用品費	122197.0	120110.0	101.7	106.9
060A60200	東北購買課	消耗品費	48346.0	44598.0	108.4	177.7
060A60200	東北購買課	廃棄物処理料	72382.0	69774.0	103.7	105.9
060A60200	東北購買課	広告宣伝費	-689369.0	-689369.0		
060A60200	東北購買課	接待交際費	134254.0	136360.0	98.4	137.5
060A60200	東北購買課	研究開発費	0.0	0.0		
060A60200	東北購買課	賃借料	152247.0	151980.0	100.1	25.3
060A60200	東北購買課	賃貸料収入	-3000.0	-3000.0		
060A60200	東北購買課	修繕費	166463.0	155540.0	107.0	158.4
060A60200	東北購買課	支払リース料	97594.0	97596.0	99.9	128.0
060A60200	東北購買課	保険料	77620.0	77496.0	100.1	150.6
060A60200	東北購買課	支払報酬	0.0	0.0		
060A60200	東北購買課	販売手数料	0.0	0.0		
060A60200	東北購買課	支払手数料	81508.0	81510.0	99.9	133.4
060A60200	東北購買課	診断料	0.0	0.0		
060A60200	東北購買課	諸会費	336003.0	326003.0	103.0	113.4
060A60200	東北購買課	会議費	12815.0	12815.0	100.0	160.8
060A60200	東北購買課	寄付金	0.0	0.0		
060A60200	東北購買課	租税公課	334256.0	334256.0	100.0	133.7
060A60200	東北購買課	業務委託費	0.0	0.0		
060A60200	東北購買課	業務受託収入	0.0	0.0		
060A60200	東北購買課	システム管理料	0.0	0.0		
060A60200	東北購買課	情報機器利用料	4119100.0	4132200.0	99.6	108.7
060A60200	東北購買課	貸倒金	0.0	0.0		
060A60200	東北購買課	雑費	165275.0	165148.0	100.0	163.7
060A60200	東北購買課	福利消耗品費	0.0	7600.0	0.0	0.0
060A60200	東北購買課	教育研修費	74878.0	74880.0	99.9	252.3
060A60200	東北購買課	廃棄損・減耗損	0.0	0.0		
060A60200	東北購買課	雑給	0.0	0.0		
060A60200	東北購買課	社内金利（固定資産）	90964.0	90964.0	100.0	121.8
060A60200	東北購買課	社内金利（売掛金）	0.0	0.0		
060A60200	東北購買課	社内金利（在庫）	0.0	0.0		
060A60200	東北購買課	部門共通（経費）	0.0	0.0		
060A60200	東北購買課	全社共通（経費）	-7947482.0	-7931644.0		
060A60200	東北購買課	グループ共通	1221600.0	1221600.0	100.0	81.8
060A60200	東北購買課	差引収益	0.0	0.0		
060A60200	東北購買課	差引比率	0.0	0.0		
060A60200	東北購買課	総時間	0.0	0.0		
060A60200	東北購買課	定時間	8115.25	8287.0	97.9	94.6
060A60200	東北購買課	残業時間	610.0	669.0	91.1	73.2
060A60200	東北購買課	移動時間	-131.0	-128.0		
060A60200	東北購買課	部門共通（時間）	0.0	0.0		
060A60200	東北購買課	全社共通（時間）	-8594.25	-8828.0		
060A60200	東北購買課	当月時間当り	0.0	0.0		
060A60200	東北購買課	人員	5.0	5.0	100.0	83.3
060B10100	東日本営業課	総受注高	1500628950.0	1420000000.0	105.6	58.3
060B10100	東日本営業課	受注高	1500628950.0	1420000000.0	105.6	58.3
060B10100	東日本営業課	受注割戻高	0.0	0.0		
060B10100	東日本営業課	総売上高	1484533674.0	1420000000.0	104.5	58.5
060B10100	東日本営業課	売上高	1484533674.0	1420000000.0	104.5	58.5
060B10100	東日本営業課	売上割戻高	0.0	0.0		
060B10100	東日本営業課	売上原価	1267666246.0	1203000000.0	105.3	56.7
060B10100	東日本営業課	売上原価（割戻前）	1267666246.0	1203000000.0	105.3	56.7
060B10100	東日本営業課	仕入割戻高	0.0	0.0		
060B10100	東日本営業課	総収益	216867428.0	217000000.0	99.9	72.1
060B10100	東日本営業課	経費合計	149145528.0	149113307.0	100.0	54.8
060B10100	東日本営業課	減価償却費	95290.0	95288.0	100.0	74.4
060B10100	東日本営業課	車両費	3163535.0	3100250.0	102.0	113.0
060B10100	東日本営業課	旅費交通費	3695132.0	3573000.0	103.4	132.2
060B10100	東日本営業課	荷造運搬費	35280600.0	34519144.0	102.2	65.7
060B10100	東日本営業課	通信費	2477588.0	2515380.0	98.4	94.3
060B10100	東日本営業課	水道光熱費	395976.0	403436.0	98.1	168.0
060B10100	東日本営業課	事務用品費	485747.0	485981.0	99.9	111.4
060B10100	東日本営業課	消耗品費	1628258.0	1635451.0	99.5	102.4
060B10100	東日本営業課	廃棄物処理料	415285.0	262636.0	158.1	855.6
060B10100	東日本営業課	広告宣伝費	367785.0	60000.0	612.9	470.7
060B10100	東日本営業課	接待交際費	243134.0	260000.0	93.5	70.2
060B10100	東日本営業課	研究開発費	0.0	0.0		
060B10100	東日本営業課	賃借料	5458248.0	5550946.0	98.3	163.6
060B10100	東日本営業課	賃貸料収入	0.0	0.0		
060B10100	東日本営業課	修繕費	156000.0	156000.0	100.0	
060B10100	東日本営業課	支払リース料	63532.0	63530.0	100.0	190.5
060B10100	東日本営業課	保険料	233798.0	193340.0	120.9	75.0
060B10100	東日本営業課	支払報酬	0.0	0.0		
060B10100	東日本営業課	販売手数料	38119504.0	37617727.0	101.3	31.2
060B10100	東日本営業課	支払手数料	72940.0	82000.0	88.9	90.6
060B10100	東日本営業課	診断料	0.0	0.0		
060B10100	東日本営業課	諸会費	205066.0	128066.0	160.1	190.8
060B10100	東日本営業課	会議費	0.0	0.0		0.0
060B10100	東日本営業課	寄付金	0.0	0.0		
060B10100	東日本営業課	租税公課	0.0	0.0		0.0
060B10100	東日本営業課	業務委託費	30475399.0	31409810.0	97.0	95.6
060B10100	東日本営業課	業務受託収入	0.0	0.0		
060B10100	東日本営業課	システム管理料	0.0	0.0		0.0
060B10100	東日本営業課	情報機器利用料	6825960.0	7443480.0	91.7	206.9
060B10100	東日本営業課	貸倒金	0.0	0.0		
060B10100	東日本営業課	雑費	228656.0	252000.0	90.7	6.6
060B10100	東日本営業課	福利消耗品費	50000.0	100000.0	50.0	138.1
060B10100	東日本営業課	教育研修費	71252.0	69420.0	102.6	76.2
060B10100	東日本営業課	廃棄損・減耗損	4175205.0	4100000.0	101.8	67.6
060B10100	東日本営業課	雑給	0.0	0.0		
060B10100	東日本営業課	社内金利（固定資産）	8872.0	8871.0	100.0	70.9
060B10100	東日本営業課	社内金利（売掛金）	329457.0	298500.0	110.3	5.3
060B10100	東日本営業課	社内金利（在庫）	2935806.0	3140000.0	93.4	46.2
060B10100	東日本営業課	部門共通（経費）	1218894.0	1248084.0	97.6	116.6
060B10100	東日本営業課	全社共通（経費）	8559809.0	8632167.0	99.1	38.7
060B10100	東日本営業課	グループ共通	1708800.0	1708800.0	100.0	171.7
060B10100	東日本営業課	差引収益	67721900.0	67886693.0	99.7	239.1
060B10100	東日本営業課	差引比率	4.5	4.7	95.7	409.0
060B10100	東日本営業課	総時間	33448.0	33126.0	100.9	90.2
060B10100	東日本営業課	定時間	19054.25	19040.0	100.0	198.9
060B10100	東日本営業課	残業時間	2577.0	2225.0	115.8	191.4
060B10100	東日本営業課	移動時間	2234.0	2118.0	105.4	
060B10100	東日本営業課	部門共通（時間）	438.25	457.5	95.7	118.3
060B10100	東日本営業課	全社共通（時間）	9144.5	9285.5	98.4	35.3
060B10100	東日本営業課	当月時間当り	2024.6	2049.3	98.7	264.9
060B10100	東日本営業課	人員	10.0	10.0	100.0	200.0
230I11000	東海関西営業部	総受注高	4802238308.0	4705000000.0	102.0	85.1
230I11000	東海関西営業部	受注高	4842809716.0	4745000000.0	102.0	84.0
230I11000	東海関西営業部	受注割戻高	-40571408.0	-40000000.0		
230I11000	東海関西営業部	総売上高	4804940290.0	4705000000.0	102.1	85.3
230I11000	東海関西営業部	売上高	4845190909.0	4745000000.0	102.1	84.2
230I11000	東海関西営業部	売上割戻高	-40250619.0	-40000000.0		
230I11000	東海関西営業部	売上原価	4137504080.0	4050000000.0	102.1	84.7
230I11000	東海関西営業部	売上原価（割戻前）	4137504080.0	4050000000.0	102.1	84.7
230I11000	東海関西営業部	仕入割戻高	0.0	0.0		
230I11000	東海関西営業部	総収益	667436210.0	655000000.0	101.8	89.4
230I11000	東海関西営業部	経費合計	199411030.0	200895977.0	99.2	80.0
230I11000	東海関西営業部	減価償却費	614685.0	614645.0	100.0	33.3
230I11000	東海関西営業部	車両費	21628069.0	21980116.0	98.3	81.3
230I11000	東海関西営業部	旅費交通費	7704848.0	7674000.0	100.4	106.1
230I11000	東海関西営業部	荷造運搬費	5679738.0	5768000.0	98.4	68.1
230I11000	東海関西営業部	通信費	2673548.0	2732405.0	97.8	70.8
230I11000	東海関西営業部	水道光熱費	2563009.0	2607569.0	98.2	78.2
230I11000	東海関西営業部	事務用品費	1131319.0	1156500.0	97.8	67.2
230I11000	東海関西営業部	消耗品費	598633.0	301000.0	198.8	107.1
230I11000	東海関西営業部	廃棄物処理料	938219.0	906000.0	103.5	106.1
230I11000	東海関西営業部	広告宣伝費	486500.0	534500.0	91.0	83.9
230I11000	東海関西営業部	接待交際費	2055724.0	2157000.0	95.3	89.8
230I11000	東海関西営業部	研究開発費	0.0	0.0		
230I11000	東海関西営業部	賃借料	26249185.0	26297259.0	99.8	90.9
230I11000	東海関西営業部	賃貸料収入	-603360.0	-603360.0		
230I11000	東海関西営業部	修繕費	675085.0	1048000.0	64.4	114.1
230I11000	東海関西営業部	支払リース料	613062.0	607320.0	100.9	92.9
230I11000	東海関西営業部	保険料	428542.0	428324.0	100.0	69.7
230I11000	東海関西営業部	支払報酬	0.0	0.0		
230I11000	東海関西営業部	販売手数料	0.0	0.0		
230I11000	東海関西営業部	支払手数料	1178658.0	1133400.0	103.9	67.6
230I11000	東海関西営業部	診断料	5079210.0	5263000.0	96.5	90.5
230I11000	東海関西営業部	諸会費	301075.0	302575.0	99.5	62.7
230I11000	東海関西営業部	会議費	4250.0	0.0		269.8
230I11000	東海関西営業部	寄付金	10000.0	10000.0	100.0	78.7
230I11000	東海関西営業部	租税公課	1492500.0	1490200.0	100.1	42.9
230I11000	東海関西営業部	業務委託費	5713520.0	5717000.0	99.9	50.7
230I11000	東海関西営業部	業務受託収入	-1167787.0	-1145969.0		
230I11000	東海関西営業部	システム管理料	0.0	0.0		0.0
230I11000	東海関西営業部	情報機器利用料	24055974.0	24046200.0	100.0	97.2
230I11000	東海関西営業部	貸倒金	0.0	0.0		
230I11000	東海関西営業部	雑費	698733.0	720625.0	96.9	78.0
230I11000	東海関西営業部	福利消耗品費	181867.0	211060.0	86.1	67.8
230I11000	東海関西営業部	教育研修費	546062.0	529977.0	103.0	54.7
230I11000	東海関西営業部	廃棄損・減耗損	2370000.0	2390000.0	99.1	40.1
230I11000	東海関西営業部	雑給	0.0	0.0		
230I11000	東海関西営業部	社内金利（固定資産）	245785.0	246233.0	99.8	17.9
230I11000	東海関西営業部	社内金利（売掛金）	4773716.0	4481000.0	106.5	78.0
230I11000	東海関西営業部	社内金利（在庫）	9083199.0	9498000.0	95.6	71.1
230I11000	東海関西営業部	部門共通（経費）	20999692.0	21504784.0	97.6	79.2
230I11000	東海関西営業部	全社共通（経費）	42839370.0	42720214.0	100.2	79.9
230I11000	東海関西営業部	グループ共通	7568400.0	7568400.0	100.0	82.2
230I11000	東海関西営業部	差引収益	468025180.0	454104023.0	103.0	94.2
230I11000	東海関西営業部	差引比率	9.7	9.6	101.0	110.2
230I11000	東海関西営業部	総時間	105528.25	105599.75	99.9	80.8
230I11000	東海関西営業部	定時間	63341.75	63758.0	99.3	89.8
230I11000	東海関西営業部	残業時間	5566.0	5706.0	97.5	83.0
230I11000	東海関西営業部	移動時間	8876.75	8833.0	100.4	94.0
230I11000	東海関西営業部	部門共通（時間）	7400.75	7716.0	95.9	78.9
230I11000	東海関西営業部	全社共通（時間）	20343.0	19586.75	103.8	58.9
230I11000	東海関西営業部	当月時間当り	4435.0	4300.2	103.1	116.5
230I11000	東海関西営業部	人員	34.0	34.0	100.0	87.1
230I10600	田原営業課	総受注高	1273654859.0	1260000000.0	101.0	104.8
230I10600	田原営業課	受注高	1291007521.0	1277000000.0	101.0	104.6
230I10600	田原営業課	受注割戻高	-17352662.0	-17000000.0		
230I10600	田原営業課	総売上高	1272748620.0	1260000000.0	101.0	104.8
230I10600	田原営業課	売上高	1289802102.0	1277000000.0	101.0	104.6
230I10600	田原営業課	売上割戻高	-17053482.0	-17000000.0		
230I10600	田原営業課	売上原価	1109560174.0	1099000000.0	100.9	104.9
230I10600	田原営業課	売上原価（割戻前）	1109560174.0	1099000000.0	100.9	104.9
230I10600	田原営業課	仕入割戻高	0.0	0.0		
230I10600	田原営業課	総収益	163188446.0	161000000.0	101.3	103.9
230I10600	田原営業課	経費合計	36598663.0	37090952.0	98.6	94.7
230I10600	田原営業課	減価償却費	37174.0	37200.0	99.9	90.8
230I10600	田原営業課	車両費	3741309.0	3745000.0	99.9	88.0
230I10600	田原営業課	旅費交通費	491127.0	460000.0	106.7	64.7
230I10600	田原営業課	荷造運搬費	568221.0	593000.0	95.8	82.7
230I10600	田原営業課	通信費	287381.0	294000.0	97.7	88.3
230I10600	田原営業課	水道光熱費	299118.0	300000.0	99.7	98.4
230I10600	田原営業課	事務用品費	161047.0	152000.0	105.9	103.1
230I10600	田原営業課	消耗品費	17458.0	32000.0	54.5	49.4
230I10600	田原営業課	廃棄物処理料	403847.0	410000.0	98.4	98.0
230I10600	田原営業課	広告宣伝費	161000.0	161000.0	100.0	98.7
230I10600	田原営業課	接待交際費	137434.0	118000.0	116.4	99.5
230I10600	田原営業課	研究開発費	0.0	0.0		
230I10600	田原営業課	賃借料	4872700.0	4812000.0	101.2	87.9
230I10600	田原営業課	賃貸料収入	-120000.0	-120000.0		
230I10600	田原営業課	修繕費	120000.0	144000.0	83.3	68.8
230I10600	田原営業課	支払リース料	31346.0	31800.0	98.5	110.7
230I10600	田原営業課	保険料	2486.0	2400.0	103.5	89.7
230I10600	田原営業課	支払報酬	0.0	0.0		
230I10600	田原営業課	販売手数料	0.0	0.0		
230I10600	田原営業課	支払手数料	97328.0	101600.0	95.7	118.3
230I10600	田原営業課	診断料	2213100.0	2346000.0	94.3	92.7
230I10600	田原営業課	諸会費	90000.0	100500.0	89.5	112.5
230I10600	田原営業課	会議費	4250.0	0.0		
230I10600	田原営業課	寄付金	0.0	0.0		
230I10600	田原営業課	租税公課	8300.0	8900.0	93.2	82.0
230I10600	田原営業課	業務委託費	317500.0	351000.0	90.4	76.6
230I10600	田原営業課	業務受託収入	-428000.0	-428000.0		
230I10600	田原営業課	システム管理料	0.0	0.0		0.0
230I10600	田原営業課	情報機器利用料	3633000.0	3692160.0	98.3	111.2
230I10600	田原営業課	貸倒金	0.0	0.0		
230I10600	田原営業課	雑費	55656.0	60000.0	92.7	86.6
230I10600	田原営業課	福利消耗品費	29180.0	28600.0	102.0	97.5
230I10600	田原営業課	教育研修費	42522.0	42500.0	100.0	16.6
230I10600	田原営業課	廃棄損・減耗損	300000.0	300000.0	100.0	78.7
230I10600	田原営業課	雑給	0.0	0.0		
230I10600	田原営業課	社内金利（固定資産）	21683.0	22150.0	97.8	96.2
230I10600	田原営業課	社内金利（売掛金）	646600.0	788000.0	82.0	78.7
230I10600	田原営業課	社内金利（在庫）	1739125.0	1800000.0	96.6	93.7
230I10600	田原営業課	部門共通（経費）	3539296.0	3629247.0	97.5	98.5
230I10600	田原営業課	全社共通（経費）	11855875.0	11854295.0	100.0	97.2
230I10600	田原営業課	グループ共通	1221600.0	1221600.0	100.0	122.7
230I10600	田原営業課	差引収益	126589783.0	123909048.0	102.1	106.9
230I10600	田原営業課	差引比率	9.9	9.8	101.0	102.0
230I10600	田原営業課	総時間	24181.0	23971.5	100.8	108.9
230I10600	田原営業課	定時間	9773.0	9920.0	98.5	102.6
230I10600	田原営業課	残業時間	850.75	935.0	90.9	79.5
230I10600	田原営業課	移動時間	5778.25	5754.75	100.4	208.4
230I10600	田原営業課	部門共通（時間）	1245.5	1292.0	96.4	100.2
230I10600	田原営業課	全社共通（時間）	6533.5	6069.75	107.6	86.0
230I10600	田原営業課	当月時間当り	5235.0	5169.0	101.2	98.1
230I10600	田原営業課	人員	5.0	5.0	100.0	100.0
300B10100	田辺営業課	総受注高	256437653.0	251000000.0	102.1	129.7
300B10100	田辺営業課	受注高	272770091.0	267000000.0	102.1	119.8
300B10100	田辺営業課	受注割戻高	-16332438.0	-16000000.0		
300B10100	田辺営業課	総売上高	256421703.0	251000000.0	102.1	129.6
300B10100	田辺営業課	売上高	272754141.0	267000000.0	102.1	119.8
300B10100	田辺営業課	売上割戻高	-16332438.0	-16000000.0		
300B10100	田辺営業課	売上原価	219163507.0	213300000.0	102.7	120.5
300B10100	田辺営業課	売上原価（割戻前）	219163507.0	213300000.0	102.7	120.5
300B10100	田辺営業課	仕入割戻高	0.0	0.0		
300B10100	田辺営業課	総収益	37258196.0	37700000.0	98.8	232.9
300B10100	田辺営業課	経費合計	14726831.0	14405526.0	102.2	116.1
300B10100	田辺営業課	減価償却費	0.0	0.0		
300B10100	田辺営業課	車両費	1011424.0	1018000.0	99.3	102.4
300B10100	田辺営業課	旅費交通費	98822.0	72000.0	137.2	100.5
300B10100	田辺営業課	荷造運搬費	436286.0	500000.0	87.2	80.2
300B10100	田辺営業課	通信費	431144.0	450000.0	95.8	86.7
300B10100	田辺営業課	水道光熱費	178531.0	180000.0	99.1	93.9
300B10100	田辺営業課	事務用品費	79486.0	95000.0	83.6	84.6
300B10100	田辺営業課	消耗品費	59798.0	40000.0	149.4	39.1
300B10100	田辺営業課	廃棄物処理料	0.0	0.0		
300B10100	田辺営業課	広告宣伝費	100000.0	100000.0	100.0	106.4
300B10100	田辺営業課	接待交際費	101182.0	93000.0	108.7	77.3
300B10100	田辺営業課	研究開発費	0.0	0.0		
300B10100	田辺営業課	賃借料	2750353.0	2789919.0	98.5	132.8
300B10100	田辺営業課	賃貸料収入	0.0	0.0		
300B10100	田辺営業課	修繕費	0.0	0.0		
300B10100	田辺営業課	支払リース料	82828.0	82800.0	100.0	97.8
300B10100	田辺営業課	保険料	38016.0	38016.0	100.0	103.7
300B10100	田辺営業課	支払報酬	0.0	0.0		
300B10100	田辺営業課	販売手数料	0.0	0.0		
300B10100	田辺営業課	支払手数料	207020.0	206400.0	100.3	99.3
300B10100	田辺営業課	診断料	0.0	0.0		
300B10100	田辺営業課	諸会費	0.0	0.0		0.0
300B10100	田辺営業課	会議費	0.0	0.0		
300B10100	田辺営業課	寄付金	0.0	0.0		
300B10100	田辺営業課	租税公課	41000.0	41000.0	100.0	95.9
300B10100	田辺営業課	業務委託費	0.0	0.0		
300B10100	田辺営業課	業務受託収入	-21818.0	0.0		
300B10100	田辺営業課	システム管理料	0.0	0.0		
300B10100	田辺営業課	情報機器利用料	2220010.0	2238960.0	99.1	169.8
300B10100	田辺営業課	貸倒金	0.0	0.0		
300B10100	田辺営業課	雑費	26700.0	30000.0	89.0	78.5
300B10100	田辺営業課	福利消耗品費	7136.0	10000.0	71.3	59.7
300B10100	田辺営業課	教育研修費	28890.0	60000.0	48.1	45.4
300B10100	田辺営業課	廃棄損・減耗損	320000.0	340000.0	94.1	71.6
300B10100	田辺営業課	雑給	0.0	0.0		
300B10100	田辺営業課	社内金利（固定資産）	0.0	0.0		
300B10100	田辺営業課	社内金利（売掛金）	1778745.0	1250000.0	142.2	151.1
300B10100	田辺営業課	社内金利（在庫）	1033815.0	1020000.0	101.3	117.0
300B10100	田辺営業課	部門共通（経費）	1854530.0	1890836.0	98.0	131.7
300B10100	田辺営業課	全社共通（経費）	1129733.0	1126395.0	100.2	69.7
300B10100	田辺営業課	グループ共通	733200.0	733200.0	100.0	147.5
300B10100	田辺営業課	差引収益	22531365.0	23294474.0	96.7	678.8
300B10100	田辺営業課	差引比率	8.7	9.2	94.5	543.7
300B10100	田辺営業課	総時間	6602.75	6378.75	103.5	100.2
300B10100	田辺営業課	定時間	4080.0	3800.0	107.3	111.9
300B10100	田辺営業課	残業時間	463.75	465.0	99.7	81.7
300B10100	田辺営業課	移動時間	671.75	686.0	97.9	128.2
300B10100	田辺営業課	部門共通（時間）	716.0	751.75	95.2	128.2
300B10100	田辺営業課	全社共通（時間）	671.25	676.0	99.2	51.9
300B10100	田辺営業課	当月時間当り	3412.4	3651.8	93.4	677.4
300B10100	田辺営業課	人員	3.0	3.0	100.0	150.0
220D10300	磐田営業課	総受注高	582870546.0	548300000.0	106.3	127.5
220D10300	磐田営業課	受注高	588531973.0	555100000.0	106.0	126.3
220D10300	磐田営業課	受注割戻高	-5661427.0	-6800000.0		
220D10300	磐田営業課	総売上高	561306020.0	548300000.0	102.3	128.1
220D10300	磐田営業課	売上高	568613893.0	555100000.0	102.4	127.9
220D10300	磐田営業課	売上割戻高	-7307873.0	-6800000.0		
220D10300	磐田営業課	売上原価	447291181.0	436500000.0	102.4	129.8
220D10300	磐田営業課	売上原価（割戻前）	447291181.0	436500000.0	102.4	129.8
220D10300	磐田営業課	仕入割戻高	0.0	0.0		
220D10300	磐田営業課	総収益	114014839.0	111800000.0	101.9	121.9
220D10300	磐田営業課	経費合計	44549149.0	44684357.0	99.6	84.0
220D10300	磐田営業課	減価償却費	3317838.0	3317000.0	100.0	92.6
220D10300	磐田営業課	車両費	4737880.0	4790000.0	98.9	98.7
220D10300	磐田営業課	旅費交通費	256418.0	277000.0	92.5	97.7
220D10300	磐田営業課	荷造運搬費	969493.0	1000000.0	96.9	807.2
220D10300	磐田営業課	通信費	697133.0	640000.0	108.9	92.4
220D10300	磐田営業課	水道光熱費	500082.0	499000.0	100.2	106.3
220D10300	磐田営業課	事務用品費	253512.0	253000.0	100.2	95.8
220D10300	磐田営業課	消耗品費	71696.0	64000.0	112.0	102.9
220D10300	磐田営業課	廃棄物処理料	175550.0	174000.0	100.8	110.7
220D10300	磐田営業課	広告宣伝費	556546.0	565000.0	98.5	108.5
220D10300	磐田営業課	接待交際費	12000.0	22000.0	54.5	27.5
220D10300	磐田営業課	研究開発費	0.0	0.0		
220D10300	磐田営業課	賃借料	1103587.0	1104000.0	99.9	101.8
220D10300	磐田営業課	賃貸料収入	-120000.0	-120000.0		
220D10300	磐田営業課	修繕費	197150.0	216000.0	91.2	
220D10300	磐田営業課	支払リース料	0.0	0.0		0.0
220D10300	磐田営業課	保険料	47440.0	48000.0	98.8	120.8
220D10300	磐田営業課	支払報酬	0.0	0.0		
220D10300	磐田営業課	販売手数料	0.0	0.0		
220D10300	磐田営業課	支払手数料	360567.0	364000.0	99.0	116.4
220D10300	磐田営業課	診断料	110000.0	110000.0	100.0	99.5
220D10300	磐田営業課	諸会費	45750.0	42000.0	108.9	39.9
220D10300	磐田営業課	会議費	0.0	0.0		
220D10300	磐田営業課	寄付金	14000.0	14000.0	100.0	110.6
220D10300	磐田営業課	租税公課	504276.0	506000.0	99.6	124.0
220D10300	磐田営業課	業務委託費	0.0	0.0		
220D10300	磐田営業課	業務受託収入	0.0	0.0		
220D10300	磐田営業課	システム管理料	0.0	0.0		
220D10300	磐田営業課	情報機器利用料	5105150.0	5086200.0	100.3	99.9
220D10300	磐田営業課	貸倒金	0.0	0.0		0.0
220D10300	磐田営業課	雑費	277029.0	316000.0	87.6	88.5
220D10300	磐田営業課	福利消耗品費	94281.0	135000.0	69.8	68.4
220D10300	磐田営業課	教育研修費	37903.0	56000.0	67.6	25.1
220D10300	磐田営業課	廃棄損・減耗損	0.0	0.0		0.0
220D10300	磐田営業課	雑給	0.0	0.0		
220D10300	磐田営業課	社内金利（固定資産）	651181.0	651600.0	99.9	79.1
220D10300	磐田営業課	社内金利（売掛金）	2536935.0	2450000.0	103.5	95.4
220D10300	磐田営業課	社内金利（在庫）	3739171.0	3800000.0	98.3	90.4
220D10300	磐田営業課	部門共通（経費）	4617104.0	4735014.0	97.5	158.7
220D10300	磐田営業課	全社共通（経費）	11970677.0	11860743.0	100.9	58.7
220D10300	磐田営業課	グループ共通	1708800.0	1708800.0	100.0	85.8
220D10300	磐田営業課	差引収益	69465690.0	67115643.0	103.5	171.3
220D10300	磐田営業課	差引比率	12.3	12.2	100.8	133.6
220D10300	磐田営業課	総時間	19470.0	18620.5	104.5	95.1
220D10300	磐田営業課	定時間	13940.75	12896.0	108.1	106.0
220D10300	磐田営業課	残業時間	1098.25	1130.0	97.1	98.4
220D10300	磐田営業課	移動時間	182.25	145.25	125.4	26.8
220D10300	磐田営業課	部門共通（時間）	1955.5	2036.5	96.0	185.0
220D10300	磐田営業課	全社共通（時間）	2293.25	2412.75	95.0	51.2
220D10300	磐田営業課	当月時間当り	3567.8	3604.3	98.9	180.1
220D10300	磐田営業課	人員	8.0	7.0	114.2	114.2
070A10100	福島営業課	総受注高	274200097.0	287000000.0	95.5	98.9
070A10100	福島営業課	受注高	277953150.0	290730000.0	95.6	98.9
070A10100	福島営業課	受注割戻高	-3753053.0	-3730000.0		
070A10100	福島営業課	総売上高	280921761.0	287000000.0	97.8	101.0
070A10100	福島営業課	売上高	284714219.0	290730000.0	97.9	100.9
070A10100	福島営業課	売上割戻高	-3792458.0	-3730000.0		
070A10100	福島営業課	売上原価	217240459.0	221300000.0	98.1	99.7
070A10100	福島営業課	売上原価（割戻前）	217240459.0	221300000.0	98.1	99.7
070A10100	福島営業課	仕入割戻高	0.0	0.0		
070A10100	福島営業課	総収益	63681302.0	65700000.0	96.9	105.5
070A10100	福島営業課	経費合計	28291129.0	28813889.0	98.1	99.2
070A10100	福島営業課	減価償却費	0.0	0.0		0.0
070A10100	福島営業課	車両費	4296307.0	4332500.0	99.1	110.3
070A10100	福島営業課	旅費交通費	543136.0	565700.0	96.0	92.3
070A10100	福島営業課	荷造運搬費	574948.0	570500.0	100.7	172.0
070A10100	福島営業課	通信費	721693.0	768200.0	93.9	93.7
070A10100	福島営業課	水道光熱費	446099.0	453000.0	98.4	102.5
070A10100	福島営業課	事務用品費	361143.0	368400.0	98.0	101.6
070A10100	福島営業課	消耗品費	106485.0	99100.0	107.4	125.0
070A10100	福島営業課	廃棄物処理料	5000.0	5000.0	100.0	
070A10100	福島営業課	広告宣伝費	87591.0	88500.0	98.9	97.0
070A10100	福島営業課	接待交際費	0.0	0.0		0.0
070A10100	福島営業課	研究開発費	0.0	0.0		
070A10100	福島営業課	賃借料	3152400.0	3408000.0	92.5	92.5
070A10100	福島営業課	賃貸料収入	-178800.0	-178800.0		
070A10100	福島営業課	修繕費	0.0	0.0		
070A10100	福島営業課	支払リース料	28800.0	28800.0	100.0	100.0
070A10100	福島営業課	保険料	69418.0	69408.0	100.0	117.8
070A10100	福島営業課	支払報酬	0.0	0.0		
070A10100	福島営業課	販売手数料	0.0	0.0		
070A10100	福島営業課	支払手数料	289931.0	291900.0	99.3	100.0
070A10100	福島営業課	診断料	0.0	0.0		
070A10100	福島営業課	諸会費	14800.0	14800.0	100.0	102.0
070A10100	福島営業課	会議費	8727.0	8727.0	100.0	100.8
070A10100	福島営業課	寄付金	0.0	0.0		
070A10100	福島営業課	租税公課	58200.0	58100.0	100.1	98.4
070A10100	福島営業課	業務委託費	1298000.0	1350000.0	96.1	104.7
070A10100	福島営業課	業務受託収入	0.0	0.0		
070A10100	福島営業課	システム管理料	45000.0	45000.0	100.0	100.0
070A10100	福島営業課	情報機器利用料	3692160.0	3692160.0	100.0	141.2
070A10100	福島営業課	貸倒金	0.0	0.0		
070A10100	福島営業課	雑費	77465.0	77200.0	100.3	65.7
070A10100	福島営業課	福利消耗品費	36160.0	36160.0	100.0	408.5
070A10100	福島営業課	教育研修費	12000.0	12000.0	100.0	13.4
070A10100	福島営業課	廃棄損・減耗損	183115.0	170000.0	107.7	54.6
070A10100	福島営業課	雑給	0.0	0.0		
070A10100	福島営業課	社内金利（固定資産）	0.0	0.0		0.0
070A10100	福島営業課	社内金利（売掛金）	3895514.0	3922000.0	99.3	99.3
070A10100	福島営業課	社内金利（在庫）	1628276.0	1659000.0	98.1	100.9
070A10100	福島営業課	部門共通（経費）	2660992.0	2726603.0	97.5	99.2
070A10100	福島営業課	全社共通（経費）	2954969.0	2950331.0	100.1	60.3
070A10100	福島営業課	グループ共通	1221600.0	1221600.0	100.0	163.6
070A10100	福島営業課	差引収益	35390173.0	36886111.0	95.9	111.2
070A10100	福島営業課	差引比率	12.5	12.8	97.6	109.6
070A10100	福島営業課	総時間	13326.25	13505.5	98.6	105.1
070A10100	福島営業課	定時間	9661.0	9715.0	99.4	125.2
070A10100	福島営業課	残業時間	358.0	395.0	90.6	97.4
070A10100	福島営業課	移動時間	624.0	627.25	99.4	144.1
070A10100	福島営業課	部門共通（時間）	926.25	965.75	95.9	89.9
070A10100	福島営業課	全社共通（時間）	1757.0	1802.5	97.4	56.1
070A10100	福島営業課	当月時間当り	2655.6	2731.1	97.2	105.8
070A10100	福島営業課	人員	5.0	5.0	100.0	125.0
230I11100	経営戦略室	総受注高	0.0	0.0		
230I11100	経営戦略室	受注高	0.0	0.0		
230I11100	経営戦略室	受注割戻高	0.0	0.0		
230I11100	経営戦略室	総売上高	0.0	0.0		
230I11100	経営戦略室	売上高	0.0	0.0		
230I11100	経営戦略室	売上割戻高	0.0	0.0		
230I11100	経営戦略室	売上原価	0.0	0.0		
230I11100	経営戦略室	売上原価（割戻前）	0.0	0.0		
230I11100	経営戦略室	仕入割戻高	0.0	0.0		
230I11100	経営戦略室	総収益	0.0	0.0		
230I11100	経営戦略室	経費合計	0.0	0.0		
230I11100	経営戦略室	減価償却費	0.0	0.0		
230I11100	経営戦略室	車両費	0.0	0.0		
230I11100	経営戦略室	旅費交通費	1144586.0	1200000.0	95.3	
230I11100	経営戦略室	荷造運搬費	0.0	0.0		
230I11100	経営戦略室	通信費	21628.0	21624.0	100.0	
230I11100	経営戦略室	水道光熱費	0.0	0.0		
230I11100	経営戦略室	事務用品費	1800.0	1800.0	100.0	
230I11100	経営戦略室	消耗品費	0.0	0.0		
230I11100	経営戦略室	廃棄物処理料	0.0	0.0		
230I11100	経営戦略室	広告宣伝費	0.0	0.0		
230I11100	経営戦略室	接待交際費	0.0	0.0		
230I11100	経営戦略室	研究開発費	0.0	0.0		
230I11100	経営戦略室	賃借料	0.0	0.0		
230I11100	経営戦略室	賃貸料収入	0.0	0.0		
230I11100	経営戦略室	修繕費	0.0	0.0		
230I11100	経営戦略室	支払リース料	0.0	0.0		
230I11100	経営戦略室	保険料	0.0	0.0		
230I11100	経営戦略室	支払報酬	0.0	0.0		
230I11100	経営戦略室	販売手数料	0.0	0.0		
230I11100	経営戦略室	支払手数料	0.0	0.0		
230I11100	経営戦略室	診断料	0.0	0.0		
230I11100	経営戦略室	諸会費	0.0	0.0		
230I11100	経営戦略室	会議費	0.0	0.0		
230I11100	経営戦略室	寄付金	0.0	0.0		
230I11100	経営戦略室	租税公課	0.0	0.0		
230I11100	経営戦略室	業務委託費	0.0	0.0		
230I11100	経営戦略室	業務受託収入	0.0	0.0		
230I11100	経営戦略室	システム管理料	0.0	0.0		
230I11100	経営戦略室	情報機器利用料	782184.0	782184.0	100.0	
230I11100	経営戦略室	貸倒金	0.0	0.0		
230I11100	経営戦略室	雑費	0.0	0.0		
230I11100	経営戦略室	福利消耗品費	0.0	0.0		
230I11100	経営戦略室	教育研修費	0.0	0.0		
230I11100	経営戦略室	廃棄損・減耗損	0.0	0.0		
230I11100	経営戦略室	雑給	0.0	0.0		
230I11100	経営戦略室	社内金利（固定資産）	0.0	0.0		
230I11100	経営戦略室	社内金利（売掛金）	0.0	0.0		
230I11100	経営戦略室	社内金利（在庫）	0.0	0.0		
230I11100	経営戦略室	部門共通（経費）	-2196198.0	-2251608.0		
230I11100	経営戦略室	全社共通（経費）	0.0	0.0		
230I11100	経営戦略室	グループ共通	246000.0	246000.0	100.0	
230I11100	経営戦略室	差引収益	0.0	0.0		
230I11100	経営戦略室	差引比率	0.0	0.0		
230I11100	経営戦略室	総時間	0.0	0.0		
230I11100	経営戦略室	定時間	1984.0	1984.0	100.0	
230I11100	経営戦略室	残業時間	248.0	248.0	100.0	
230I11100	経営戦略室	移動時間	0.0	0.0		
230I11100	経営戦略室	部門共通（時間）	-2232.0	-2232.0		
230I11100	経営戦略室	全社共通（時間）	0.0	0.0		
230I11100	経営戦略室	当月時間当り	0.0	0.0		
230I11100	経営戦略室	人員	1.0	1.0	100.0	
220D60400	肥料購買課	総受注高	0.0	0.0		
220D60400	肥料購買課	受注高	0.0	0.0		
220D60400	肥料購買課	受注割戻高	0.0	0.0		
220D60400	肥料購買課	総売上高	0.0	0.0		
220D60400	肥料購買課	売上高	0.0	0.0		
220D60400	肥料購買課	売上割戻高	0.0	0.0		
220D60400	肥料購買課	売上原価	0.0	0.0		
220D60400	肥料購買課	売上原価（割戻前）	0.0	0.0		
220D60400	肥料購買課	仕入割戻高	0.0	0.0		
220D60400	肥料購買課	総収益	0.0	0.0		
220D60400	肥料購買課	経費合計	0.0	0.0		
220D60400	肥料購買課	減価償却費	893228.0	894000.0	99.9	133.6
220D60400	肥料購買課	車両費	4322715.0	4375892.0	98.7	124.5
220D60400	肥料購買課	旅費交通費	430117.0	545000.0	78.9	275.3
220D60400	肥料購買課	荷造運搬費	63914977.0	63580000.0	100.5	101.1
220D60400	肥料購買課	通信費	448558.0	386344.0	116.1	143.3
220D60400	肥料購買課	水道光熱費	910026.0	908000.0	100.2	117.8
220D60400	肥料購買課	事務用品費	117653.0	123000.0	95.6	128.2
220D60400	肥料購買課	消耗品費	9933344.0	8878000.0	111.8	108.4
220D60400	肥料購買課	廃棄物処理料	545184.0	270000.0	201.9	191.2
220D60400	肥料購買課	広告宣伝費	0.0	0.0		0.0
220D60400	肥料購買課	接待交際費	209486.0	200000.0	104.7	539.6
220D60400	肥料購買課	研究開発費	0.0	0.0		
220D60400	肥料購買課	賃借料	20503296.0	20502792.0	100.0	100.3
220D60400	肥料購買課	賃貸料収入	-120000.0	-120000.0		
220D60400	肥料購買課	修繕費	564700.0	580000.0	97.3	242.0
220D60400	肥料購買課	支払リース料	0.0	0.0		
220D60400	肥料購買課	保険料	544094.0	549120.0	99.0	108.5
220D60400	肥料購買課	支払報酬	0.0	0.0		
220D60400	肥料購買課	販売手数料	0.0	0.0		
220D60400	肥料購買課	支払手数料	919330.0	919200.0	100.0	146.3
220D60400	肥料購買課	診断料	1338400.0	1545000.0	86.6	
220D60400	肥料購買課	諸会費	19000.0	19000.0	100.0	36.5
220D60400	肥料購買課	会議費	0.0	0.0		
220D60400	肥料購買課	寄付金	12000.0	12000.0	100.0	151.8
220D60400	肥料購買課	租税公課	342000.0	342000.0	100.0	142.3
220D60400	肥料購買課	業務委託費	0.0	0.0		
220D60400	肥料購買課	業務受託収入	0.0	0.0		
220D60400	肥料購買課	システム管理料	0.0	0.0		
220D60400	肥料購買課	情報機器利用料	3531742.0	3553250.0	99.3	134.9
220D60400	肥料購買課	貸倒金	0.0	0.0		
220D60400	肥料購買課	雑費	193206.0	225000.0	85.8	80.0
220D60400	肥料購買課	福利消耗品費	56662.0	110000.0	51.5	73.4
220D60400	肥料購買課	教育研修費	20790.0	24000.0	86.6	144.0
220D60400	肥料購買課	廃棄損・減耗損	963647.0	1080000.0	89.2	7.9
220D60400	肥料購買課	雑給	0.0	0.0		
220D60400	肥料購買課	社内金利（固定資産）	464155.0	464000.0	100.0	128.6
220D60400	肥料購買課	社内金利（売掛金）	0.0	0.0		
220D60400	肥料購買課	社内金利（在庫）	0.0	0.0		
220D60400	肥料購買課	部門共通（経費）	0.0	0.0		
220D60400	肥料購買課	全社共通（経費）	-112541110.0	-111428398.0		
220D60400	肥料購買課	グループ共通	1462800.0	1462800.0	100.0	117.6
220D60400	肥料購買課	差引収益	0.0	0.0		
220D60400	肥料購買課	差引比率	0.0	0.0		
220D60400	肥料購買課	総時間	0.0	0.0		
220D60400	肥料購買課	定時間	10652.25	12355.0	86.2	123.0
220D60400	肥料購買課	残業時間	747.5	730.0	102.3	108.7
220D60400	肥料購買課	移動時間	736.0	739.0	99.5	70.3
220D60400	肥料購買課	部門共通（時間）	0.0	0.0		
220D60400	肥料購買課	全社共通（時間）	-12135.75	-13824.0		
220D60400	肥料購買課	当月時間当り	0.0	0.0		
220D60400	肥料購買課	人員	6.0	7.0	85.7	120.0
220D30200	肥料開発課	総受注高	0.0	0.0		
220D30200	肥料開発課	受注高	0.0	0.0		
220D30200	肥料開発課	受注割戻高	0.0	0.0		
220D30200	肥料開発課	総売上高	0.0	0.0		
220D30200	肥料開発課	売上高	0.0	0.0		
220D30200	肥料開発課	売上割戻高	0.0	0.0		
220D30200	肥料開発課	売上原価	0.0	0.0		
220D30200	肥料開発課	売上原価（割戻前）	0.0	0.0		
220D30200	肥料開発課	仕入割戻高	0.0	0.0		
220D30200	肥料開発課	総収益	0.0	0.0		
220D30200	肥料開発課	経費合計	0.0	0.0		
220D30200	肥料開発課	減価償却費	24135.0	26343.0	91.6	4.7
220D30200	肥料開発課	車両費	865191.0	873612.0	99.0	99.1
220D30200	肥料開発課	旅費交通費	1267641.0	1358000.0	93.3	78.9
220D30200	肥料開発課	荷造運搬費	33141.0	24000.0	138.0	123.3
220D30200	肥料開発課	通信費	34506.0	34636.0	99.6	21.2
220D30200	肥料開発課	水道光熱費	58686.0	57000.0	102.9	33.2
220D30200	肥料開発課	事務用品費	11722.0	12000.0	97.6	20.3
220D30200	肥料開発課	消耗品費	11484.0	2000.0	574.2	16.1
220D30200	肥料開発課	廃棄物処理料	23222.0	24000.0	96.7	39.0
220D30200	肥料開発課	広告宣伝費	3300.0	3300.0	100.0	150.0
220D30200	肥料開発課	接待交際費	55000.0	60000.0	91.6	39.0
220D30200	肥料開発課	研究開発費	659242.0	800000.0	82.4	95.0
220D30200	肥料開発課	賃借料	41400.0	41400.0	100.0	38.9
220D30200	肥料開発課	賃貸料収入	0.0	0.0		
220D30200	肥料開発課	修繕費	360000.0	372000.0	96.7	175.8
220D30200	肥料開発課	支払リース料	10702.0	10800.0	99.0	
220D30200	肥料開発課	保険料	1094.0	1200.0	91.1	7.4
220D30200	肥料開発課	支払報酬	0.0	0.0		
220D30200	肥料開発課	販売手数料	0.0	0.0		
220D30200	肥料開発課	支払手数料	20002.0	21000.0	95.2	5.0
220D30200	肥料開発課	診断料	66000.0	83000.0	79.5	4.0
220D30200	肥料開発課	諸会費	16000.0	10000.0	160.0	64.9
220D30200	肥料開発課	会議費	0.0	0.0		
220D30200	肥料開発課	寄付金	0.0	0.0		0.0
220D30200	肥料開発課	租税公課	600.0	600.0	100.0	0.2
220D30200	肥料開発課	業務委託費	0.0	0.0		0.0
220D30200	肥料開発課	業務受託収入	0.0	0.0		
220D30200	肥料開発課	システム管理料	0.0	0.0		
220D30200	肥料開発課	情報機器利用料	726600.0	726600.0	100.0	37.0
220D30200	肥料開発課	貸倒金	0.0	0.0		
220D30200	肥料開発課	雑費	13337.0	14000.0	95.2	61.6
220D30200	肥料開発課	福利消耗品費	212.0	200.0	106.0	0.6
220D30200	肥料開発課	教育研修費	4854.0	4800.0	101.1	22.0
220D30200	肥料開発課	廃棄損・減耗損	0.0	0.0		
220D30200	肥料開発課	雑給	0.0	0.0		
220D30200	肥料開発課	社内金利（固定資産）	10014.0	11300.0	88.6	4.5
220D30200	肥料開発課	社内金利（売掛金）	0.0	0.0		
220D30200	肥料開発課	社内金利（在庫）	0.0	0.0		
220D30200	肥料開発課	部門共通（経費）	-4564085.0	-4817791.0		
220D30200	肥料開発課	全社共通（経費）	0.0	0.0		
220D30200	肥料開発課	グループ共通	246000.0	246000.0	100.0	49.5
220D30200	肥料開発課	差引収益	0.0	0.0		
220D30200	肥料開発課	差引比率	0.0	0.0		
220D30200	肥料開発課	総時間	0.0	0.0		
220D30200	肥料開発課	定時間	1860.75	1864.0	99.8	33.2
220D30200	肥料開発課	残業時間	222.25	233.0	95.3	35.8
220D30200	肥料開発課	移動時間	672.0	767.0	87.6	115.1
220D30200	肥料開発課	部門共通（時間）	-2755.0	-2864.0		
220D30200	肥料開発課	全社共通（時間）	0.0	0.0		
220D30200	肥料開発課	当月時間当り	0.0	0.0		
220D30200	肥料開発課	人員	1.0	1.0	100.0	33.3
230I10900	西日本営業課	総受注高	1050084441.0	975000000.0	107.7	114.4
230I10900	西日本営業課	受注高	1050084441.0	975000000.0	107.7	114.4
230I10900	西日本営業課	受注割戻高	0.0	0.0		
230I10900	西日本営業課	総売上高	1050537585.0	975000000.0	107.7	114.7
230I10900	西日本営業課	売上高	1050537585.0	975000000.0	107.7	114.7
230I10900	西日本営業課	売上割戻高	0.0	0.0		
230I10900	西日本営業課	売上原価	896643308.0	826000000.0	108.5	114.0
230I10900	西日本営業課	売上原価（割戻前）	896643308.0	826000000.0	108.5	114.0
230I10900	西日本営業課	仕入割戻高	0.0	0.0		
230I10900	西日本営業課	総収益	153894277.0	149000000.0	103.2	119.1
230I10900	西日本営業課	経費合計	80476348.0	75858807.0	106.0	102.2
230I10900	西日本営業課	減価償却費	37174.0	37200.0	99.9	90.8
230I10900	西日本営業課	車両費	2932345.0	3002304.0	97.6	114.9
230I10900	西日本営業課	旅費交通費	4780051.0	4870000.0	98.1	105.4
230I10900	西日本営業課	荷造運搬費	28162448.0	25100000.0	112.2	103.9
230I10900	西日本営業課	通信費	340655.0	235674.0	144.5	79.1
230I10900	西日本営業課	水道光熱費	300354.0	301017.0	99.7	98.8
230I10900	西日本営業課	事務用品費	85689.0	85380.0	100.3	67.4
230I10900	西日本営業課	消耗品費	38754.0	41013.0	94.4	65.1
230I10900	西日本営業課	廃棄物処理料	113477.0	119000.0	95.3	86.5
230I10900	西日本営業課	広告宣伝費	10000.0	20000.0	50.0	100.0
230I10900	西日本営業課	接待交際費	110000.0	130000.0	84.6	104.5
230I10900	西日本営業課	研究開発費	0.0	0.0		
230I10900	西日本営業課	賃借料	214200.0	214200.0	100.0	97.5
230I10900	西日本営業課	賃貸料収入	0.0	0.0		
230I10900	西日本営業課	修繕費	119000.0	142800.0	83.3	68.3
230I10900	西日本営業課	支払リース料	51046.0	51048.0	99.9	87.8
230I10900	西日本営業課	保険料	108338.0	108348.0	99.9	108.8
230I10900	西日本営業課	支払報酬	0.0	0.0		
230I10900	西日本営業課	販売手数料	20684540.0	19000600.0	108.8	109.9
230I10900	西日本営業課	支払手数料	1537648.0	1486248.0	103.4	95.6
230I10900	西日本営業課	診断料	0.0	0.0		
230I10900	西日本営業課	諸会費	31700.0	39700.0	79.8	68.6
230I10900	西日本営業課	会議費	5000.0	5000.0	100.0	158.1
230I10900	西日本営業課	寄付金	0.0	0.0		
230I10900	西日本営業課	租税公課	11433.0	3433.0	333.0	324.8
230I10900	西日本営業課	業務委託費	2257204.0	2190000.0	103.0	91.1
230I10900	西日本営業課	業務受託収入	0.0	0.0		
230I10900	西日本営業課	システム管理料	0.0	0.0		
230I10900	西日本営業課	情報機器利用料	3642264.0	3633000.0	100.2	111.0
230I10900	西日本営業課	貸倒金	0.0	0.0		
230I10900	西日本営業課	雑費	106580.0	110554.0	96.4	121.2
230I10900	西日本営業課	福利消耗品費	51175.0	51180.0	99.9	134.8
230I10900	西日本営業課	教育研修費	71580.0	59580.0	120.1	118.8
230I10900	西日本営業課	廃棄損・減耗損	1500000.0	1500000.0	100.0	81.0
230I10900	西日本営業課	雑給	0.0	0.0		
230I10900	西日本営業課	社内金利（固定資産）	19733.0	19700.0	100.1	87.5
230I10900	西日本営業課	社内金利（売掛金）	68.0	0.0		7.4
230I10900	西日本営業課	社内金利（在庫）	2901882.0	2996934.0	96.8	96.0
230I10900	西日本営業課	部門共通（経費）	950074.0	969495.0	97.9	116.2
230I10900	西日本営業課	全社共通（経費）	8326336.0	8359799.0	99.5	86.4
230I10900	西日本営業課	グループ共通	975600.0	975600.0	100.0	98.0
230I10900	西日本営業課	差引収益	73417929.0	73141193.0	100.3	145.3
230I10900	西日本営業課	差引比率	6.9	7.5	92.0	125.4
230I10900	西日本営業課	総時間	21647.0	21335.0	101.4	99.7
230I10900	西日本営業課	定時間	9299.75	9400.0	98.9	102.6
230I10900	西日本営業課	残業時間	276.75	240.0	115.3	65.8
230I10900	西日本営業課	移動時間	5791.0	5791.0	100.0	135.8
230I10900	西日本営業課	部門共通（時間）	368.25	386.25	95.3	119.3
230I10900	西日本営業課	全社共通（時間）	5911.25	5517.75	107.1	77.1
230I10900	西日本営業課	当月時間当り	3391.5	3428.2	98.9	145.7
230I10900	西日本営業課	人員	5.0	5.0	100.0	100.0
230I10700	豊橋営業課	総受注高	1284912550.0	1243000000.0	103.3	106.1
230I10700	豊橋営業課	受注高	1291798858.0	1250000000.0	103.3	106.2
230I10700	豊橋営業課	受注割戻高	-6886308.0	-7000000.0		
230I10700	豊橋営業課	総売上高	1281367091.0	1243000000.0	103.0	105.9
230I10700	豊橋営業課	売上高	1288231790.0	1250000000.0	103.0	106.0
230I10700	豊橋営業課	売上割戻高	-6864699.0	-7000000.0		
230I10700	豊橋営業課	売上原価	1061732204.0	1031000000.0	102.9	105.9
230I10700	豊橋営業課	売上原価（割戻前）	1061732204.0	1031000000.0	102.9	105.9
230I10700	豊橋営業課	仕入割戻高	0.0	0.0		
230I10700	豊橋営業課	総収益	219634887.0	212000000.0	103.6	105.7
230I10700	豊橋営業課	経費合計	47970540.0	48727457.0	98.4	103.4
230I10700	豊橋営業課	減価償却費	51666.0	51600.0	100.1	106.0
230I10700	豊橋営業課	車両費	5347309.0	5500000.0	97.2	135.2
230I10700	豊橋営業課	旅費交通費	4174067.0	4310000.0	96.8	137.3
230I10700	豊橋営業課	荷造運搬費	922639.0	885000.0	104.2	114.9
230I10700	豊橋営業課	通信費	491338.0	505000.0	97.2	118.7
230I10700	豊橋営業課	水道光熱費	420335.0	422000.0	99.6	116.3
230I10700	豊橋営業課	事務用品費	179889.0	156000.0	115.3	101.0
230I10700	豊橋営業課	消耗品費	25257.0	25000.0	101.0	57.2
230I10700	豊橋営業課	廃棄物処理料	158660.0	166000.0	95.5	101.7
230I10700	豊橋営業課	広告宣伝費	40000.0	95000.0	42.1	34.4
230I10700	豊橋営業課	接待交際費	609254.0	730000.0	83.4	111.9
230I10700	豊橋営業課	研究開発費	0.0	0.0		
230I10700	豊橋営業課	賃借料	3960100.0	3960000.0	100.0	100.9
230I10700	豊橋営業課	賃貸料収入	0.0	0.0		
230I10700	豊橋営業課	修繕費	153000.0	204000.0	75.0	73.8
230I10700	豊橋営業課	支払リース料	41968.0	41900.0	100.1	110.5
230I10700	豊橋営業課	保険料	3682.0	3600.0	102.2	110.6
230I10700	豊橋営業課	支払報酬	0.0	0.0		
230I10700	豊橋営業課	販売手数料	0.0	0.0		
230I10700	豊橋営業課	支払手数料	126500.0	131000.0	96.5	129.9
230I10700	豊橋営業課	診断料	1546110.0	1565000.0	98.7	108.7
230I10700	豊橋営業課	諸会費	30000.0	26000.0	115.3	105.3
230I10700	豊橋営業課	会議費	0.0	0.0		
230I10700	豊橋営業課	寄付金	10000.0	10000.0	100.0	100.0
230I10700	豊橋営業課	租税公課	11300.0	12100.0	93.3	56.1
230I10700	豊橋営業課	業務委託費	4650820.0	4600000.0	101.1	118.7
230I10700	豊橋営業課	業務受託収入	-341816.0	-341816.0		
230I10700	豊橋営業課	システム管理料	0.0	0.0		
230I10700	豊橋営業課	情報機器利用料	4929000.0	5086200.0	96.9	126.0
230I10700	豊橋営業課	貸倒金	0.0	0.0		
230I10700	豊橋営業課	雑費	118914.0	128000.0	92.9	111.3
230I10700	豊橋営業課	福利消耗品費	29503.0	19600.0	150.5	145.7
230I10700	豊橋営業課	教育研修費	56901.0	53800.0	105.7	28.1
230I10700	豊橋営業課	廃棄損・減耗損	400000.0	400000.0	100.0	75.4
230I10700	豊橋営業課	雑給	0.0	0.0		
230I10700	豊橋営業課	社内金利（固定資産）	27619.0	27600.0	100.0	102.8
230I10700	豊橋営業課	社内金利（売掛金）	645821.0	615000.0	105.0	104.2
230I10700	豊橋営業課	社内金利（在庫）	1763348.0	1860000.0	94.8	98.2
230I10700	豊橋営業課	部門共通（経費）	3808090.0	3907836.0	97.4	106.0
230I10700	豊橋営業課	全社共通（経費）	12116466.0	12109237.0	100.0	79.9
230I10700	豊橋営業課	グループ共通	1462800.0	1462800.0	100.0	98.0
230I10700	豊橋営業課	差引収益	171664347.0	163272543.0	105.1	106.4
230I10700	豊橋営業課	差引比率	13.3	13.1	101.5	100.0
230I10700	豊橋営業課	総時間	25992.25	25932.75	100.2	101.5
230I10700	豊橋営業課	定時間	13236.25	13648.0	96.9	128.4
230I10700	豊橋営業課	残業時間	1413.25	1380.0	102.4	105.4
230I10700	豊橋営業課	移動時間	3642.0	3605.0	101.0	74.7
230I10700	豊橋営業課	部門共通（時間）	1288.5	1340.5	96.1	103.7
230I10700	豊橋営業課	全社共通（時間）	6412.25	5959.25	107.6	81.7
230I10700	豊橋営業課	当月時間当り	6604.4	6295.9	104.9	104.8
230I10700	豊橋営業課	人員	7.0	7.0	100.0	116.6
220A10100	静岡営業課	総受注高	280805047.0	281700000.0	99.6	93.4
220A10100	静岡営業課	受注高	301367630.0	302489000.0	99.6	93.4
220A10100	静岡営業課	受注割戻高	-20562583.0	-20789000.0		
220A10100	静岡営業課	総売上高	275335721.0	281700000.0	97.7	91.8
220A10100	静岡営業課	売上高	295513458.0	302489000.0	97.6	91.9
220A10100	静岡営業課	売上割戻高	-20177737.0	-20789000.0		
220A10100	静岡営業課	売上原価	238543837.0	243400000.0	98.0	90.6
220A10100	静岡営業課	売上原価（割戻前）	238543837.0	243400000.0	98.0	90.6
220A10100	静岡営業課	仕入割戻高	0.0	0.0		
220A10100	静岡営業課	総収益	36791884.0	38300000.0	96.0	100.9
220A10100	静岡営業課	経費合計	20767207.0	20971994.0	99.0	100.6
220A10100	静岡営業課	減価償却費	791455.0	791455.0	100.0	99.2
220A10100	静岡営業課	車両費	3095505.0	3221076.0	96.1	97.3
220A10100	静岡営業課	旅費交通費	669034.0	581500.0	115.0	142.6
220A10100	静岡営業課	荷造運搬費	334971.0	310000.0	108.0	111.7
220A10100	静岡営業課	通信費	412155.0	417696.0	98.6	98.7
220A10100	静岡営業課	水道光熱費	436536.0	443900.0	98.3	97.8
220A10100	静岡営業課	事務用品費	113342.0	144526.0	78.4	79.1
220A10100	静岡営業課	消耗品費	64552.0	75000.0	86.0	81.2
220A10100	静岡営業課	廃棄物処理料	0.0	30000.0	0.0	0.0
220A10100	静岡営業課	広告宣伝費	6000.0	6000.0	100.0	59.7
220A10100	静岡営業課	接待交際費	100000.0	120000.0	83.3	
220A10100	静岡営業課	研究開発費	0.0	0.0		
220A10100	静岡営業課	賃借料	842400.0	830400.0	101.4	101.4
220A10100	静岡営業課	賃貸料収入	-135960.0	-123960.0		
220A10100	静岡営業課	修繕費	100000.0	100000.0	100.0	166.6
220A10100	静岡営業課	支払リース料	0.0	0.0		
220A10100	静岡営業課	保険料	149604.0	149604.0	100.0	124.1
220A10100	静岡営業課	支払報酬	16200.0	0.0		
220A10100	静岡営業課	販売手数料	0.0	0.0		
220A10100	静岡営業課	支払手数料	320590.0	339900.0	94.3	81.7
220A10100	静岡営業課	診断料	477000.0	492000.0	96.9	133.9
220A10100	静岡営業課	諸会費	58025.0	60025.0	96.6	93.5
220A10100	静岡営業課	会議費	0.0	0.0		
220A10100	静岡営業課	寄付金	0.0	0.0		
220A10100	静岡営業課	租税公課	1630200.0	1631200.0	99.9	99.3
220A10100	静岡営業課	業務委託費	0.0	0.0		
220A10100	静岡営業課	業務受託収入	-152726.0	-152726.0		
220A10100	静岡営業課	システム管理料	0.0	0.0		
220A10100	静岡営業課	情報機器利用料	2906400.0	2906400.0	100.0	112.6
220A10100	静岡営業課	貸倒金	0.0	0.0		
220A10100	静岡営業課	雑費	286679.0	250000.0	114.6	153.6
220A10100	静岡営業課	福利消耗品費	22500.0	27000.0	83.3	104.7
220A10100	静岡営業課	教育研修費	185354.0	143772.0	128.9	235.4
220A10100	静岡営業課	廃棄損・減耗損	700000.0	700000.0	100.0	77.7
220A10100	静岡営業課	雑給	0.0	0.0		
220A10100	静岡営業課	社内金利（固定資産）	581733.0	581733.0	100.0	92.4
220A10100	静岡営業課	社内金利（売掛金）	458475.0	543900.0	84.2	87.1
220A10100	静岡営業課	社内金利（在庫）	996788.0	986000.0	101.0	103.4
220A10100	静岡営業課	部門共通（経費）	2955989.0	3023891.0	97.7	94.2
220A10100	静岡営業課	全社共通（経費）	1368806.0	1366102.0	100.1	67.6
220A10100	静岡営業課	グループ共通	975600.0	975600.0	100.0	98.0
220A10100	静岡営業課	差引収益	16024677.0	17328006.0	92.4	101.4
220A10100	静岡営業課	差引比率	5.8	6.1	95.0	111.5
220A10100	静岡営業課	総時間	9815.75	9909.25	99.0	93.7
220A10100	静岡営業課	定時間	7743.75	7784.0	99.4	110.1
220A10100	静岡営業課	残業時間	546.75	550.0	99.4	134.0
220A10100	静岡営業課	移動時間	-414.5	-414.5		
220A10100	静岡営業課	部門共通（時間）	1052.5	1098.5	95.8	94.1
220A10100	静岡営業課	全社共通（時間）	887.25	891.25	99.5	49.4
220A10100	静岡営業課	当月時間当り	1632.5	1748.6	93.3	108.1
220A10100	静岡営業課	人員	4.0	4.0	100.0	100.0
220A10200	静岡営業部	総受注高	2403707525.0	2335000000.0	102.9	
220A10200	静岡営業部	受注高	2471848209.0	2401619000.0	102.9	
220A10200	静岡営業部	受注割戻高	-68140684.0	-66619000.0		
220A10200	静岡営業部	総売上高	2345258103.0	2335000000.0	100.4	
220A10200	静岡営業部	売上高	2414196378.0	2401619000.0	100.5	
220A10200	静岡営業部	売上割戻高	-68938275.0	-66619000.0		
220A10200	静岡営業部	売上原価	1853827027.0	1843000000.0	100.5	
220A10200	静岡営業部	売上原価（割戻前）	1853827027.0	1843000000.0	100.5	
220A10200	静岡営業部	仕入割戻高	0.0	0.0		
220A10200	静岡営業部	総収益	491431076.0	492000000.0	99.8	
220A10200	静岡営業部	経費合計	218945199.0	219404974.0	99.7	
220A10200	静岡営業部	減価償却費	5341968.0	5341902.0	100.0	
220A10200	静岡営業部	車両費	13175652.0	13335676.0	98.8	
220A10200	静岡営業部	旅費交通費	7488767.0	7495500.0	99.9	
220A10200	静岡営業部	荷造運搬費	16072395.0	16137000.0	99.5	
220A10200	静岡営業部	通信費	2086616.0	2065296.0	101.0	
220A10200	静岡営業部	水道光熱費	1579282.0	1591200.0	99.2	
220A10200	静岡営業部	事務用品費	754252.0	801026.0	94.1	
220A10200	静岡営業部	消耗品費	245949.0	234300.0	104.9	
220A10200	静岡営業部	廃棄物処理料	327734.0	355200.0	92.2	
220A10200	静岡営業部	広告宣伝費	1495046.0	1503500.0	99.4	
220A10200	静岡営業部	接待交際費	585724.0	583000.0	100.4	
220A10200	静岡営業部	研究開発費	0.0	0.0		
220A10200	静岡営業部	賃借料	3838991.0	3827303.0	100.3	
220A10200	静岡営業部	賃貸料収入	-378120.0	-366120.0		
220A10200	静岡営業部	修繕費	461850.0	496000.0	93.1	
220A10200	静岡営業部	支払リース料	82800.0	82800.0	100.0	
220A10200	静岡営業部	保険料	347468.0	347652.0	99.9	
220A10200	静岡営業部	支払報酬	16200.0	0.0		
220A10200	静岡営業部	販売手数料	0.0	0.0		
220A10200	静岡営業部	支払手数料	1707590.0	1753400.0	97.3	
220A10200	静岡営業部	診断料	1246400.0	1251800.0	99.5	
220A10200	静岡営業部	諸会費	293175.0	250725.0	116.9	
220A10200	静岡営業部	会議費	0.0	0.0		
220A10200	静岡営業部	寄付金	28000.0	28000.0	100.0	
220A10200	静岡営業部	租税公課	2826476.0	2829400.0	99.8	
220A10200	静岡営業部	業務委託費	6106850.0	6215000.0	98.2	
220A10200	静岡営業部	業務受託収入	-499088.0	-499088.0		
220A10200	静岡営業部	システム管理料	135000.0	180000.0	75.0	
220A10200	静岡営業部	情報機器利用料	16789910.0	16770960.0	100.1	
220A10200	静岡営業部	貸倒金	0.0	0.0		
220A10200	静岡営業部	雑費	631334.0	636500.0	99.1	
220A10200	静岡営業部	福利消耗品費	182732.0	332200.0	55.0	
220A10200	静岡営業部	教育研修費	329775.0	331950.0	99.3	
220A10200	静岡営業部	廃棄損・減耗損	1900000.0	1900000.0	100.0	
220A10200	静岡営業部	雑給	0.0	0.0		
220A10200	静岡営業部	社内金利（固定資産）	2139043.0	2139307.0	99.9	
220A10200	静岡営業部	社内金利（売掛金）	7055974.0	7232900.0	97.5	
220A10200	静岡営業部	社内金利（在庫）	10132815.0	10257000.0	98.7	
220A10200	静岡営業部	部門共通（経費）	15957631.0	16364029.0	97.5	
220A10200	静岡営業部	全社共通（経費）	92849008.0	91989656.0	100.9	
220A10200	静岡営業部	グループ共通	5610000.0	5610000.0	100.0	
220A10200	静岡営業部	差引収益	272485877.0	272595026.0	99.9	
220A10200	静岡営業部	差引比率	11.6	11.6	100.0	
220A10200	静岡営業部	総時間	69853.75	70542.75	99.0	
220A10200	静岡営業部	定時間	43910.25	43134.0	101.7	
220A10200	静岡営業部	残業時間	3091.25	3126.0	98.8	
220A10200	静岡営業部	移動時間	1755.0	1770.0	99.1	
220A10200	静岡営業部	部門共通（時間）	6281.75	6552.25	95.8	
220A10200	静岡営業部	全社共通（時間）	14815.5	15960.5	92.8	
220A10200	静岡営業部	当月時間当り	3900.8	3864.2	100.9	
220A10200	静岡営業部	人員	24.0	23.0	104.3	
