対象年月度	組織コード	明細No.	採算科目名	M/P	予定	実績	構成比(%)	予定比(%)	M/P比(%)
202605	003000000	1	総受注高	1259420000.0	1030301627.0	994144324.0		96.4	78.9
202605	003000000	2	【新築】受注高	558500000.0	373220000.0	283950728.0	28.5	76.0	50.8
202605	003000000	3	【リフォ】受注高	331730000.0	287891627.0	293930914.0	29.5	102.0	88.6
202605	003000000	4	【資材】受注高	369190000.0	369190000.0	416262682.0	41.8	112.7	112.7
202605	003000000	5	総売上高	836950000.0	726863340.0	689089167.0		94.8	82.3
202605	003000000	6	【新築】売上高	294200000.0	211496500.0	209600900.0	30.4	99.1	71.2
202605	003000000	7	【リフォ】売上高	224330000.0	196946840.0	167077202.0	24.2	84.8	74.4
202605	003000000	8	【資材】売上高	318420000.0	318420000.0	312411294.0	45.3	98.1	98.1
202605	003000000	9	【新築】インセンティブ	0.0	0.0	0.0	0.0	0.0	0.0
202605	003000000	10	【リフォ】インセンティブ	0.0	0.0	0.0	0.0	0.0	0.0
202605	003000000	11	【資材】インセンティブ	0.0	0.0	-229.0	0.0	0.0	0.0
202605	003000000	12	収益①（営業口銭）	48359500.0	40116849.0	35541611.0		88.5	73.4
202605	003000000	13	【新築】収益①(営業口銭)	14710000.0	10574825.0	10480045.0		99.1	71.2
202605	003000000	14	【リフォ】収益①(営業口銭)	33649500.0	29542024.0	25061566.0		84.8	74.4
202605	003000000	15	【資材】売上原価	250649000.0	250649000.0	240250121.0		95.8	95.8
202605	003000000	16	収益②（資材）	67771000.0	67771000.0	72160944.0		106.4	106.4
202605	003000000	17	総収益	116130500.0	107887849.0	107702555.0		99.8	92.7
202605	003000000	18	総出荷	671030000.0	539369917.0	476304936.0		88.3	70.9
202605	003000000	19	社外売	518530000.0	408443340.0	376678102.0	79.0	92.2	72.6
202605	003000000	20	社内売	152500000.0	130926577.0	99626834.0	20.9	76.0	65.3
202605	003000000	21	社内仕入	114309290.0	97005320.0	74056900.0		76.3	64.7
202605	003000000	22	仕掛1	0.0	0.0	0.0		0.0	0.0
202605	003000000	23	総生産	556720710.0	442364597.0	402248036.0		90.9	72.2
202605	003000000	24	経費合計	481353278.0	449574985.0	464628874.0		103.3	96.5
202605	003000000	25	経費合計(原価)	352704434.0	333457013.0	350727787.0	75.4	105.1	99.4
202605	003000000	26	仕掛2	0.0	0.0	0.0	0.0	0.0	0.0
202605	003000000	27	商品仕入高	183193974.0	142465045.0	169943190.0	48.4	119.2	92.7
202605	003000000	28	原材料費	61070000.0	82156022.0	80235839.0	22.8	97.6	131.3
202605	003000000	29	外注加工費	103948667.0	102131064.0	94808458.0	27.0	92.8	91.2
202605	003000000	30	その他 直接経費	5371793.0	7584882.0	5922560.0	1.6	78.0	110.2
202605	003000000	31	他勘定振替高	-880000.0	-880000.0	-182260.0	0.0	0.0	0.0
202605	003000000	32	経費合計（販管費）	128648844.0	116117972.0	113901087.0	24.5	98.0	88.5
202605	003000000	33	減価償却費	8292607.0	8329148.0	8390788.0	7.3	100.7	101.1
202605	003000000	34	車両費	11995787.0	11896127.0	11303005.0	9.9	95.0	94.2
202605	003000000	35	旅費交通費	5232620.0	4326980.0	4814070.0	4.2	111.2	92.0
202605	003000000	36	荷造運搬費	3207870.0	3207870.0	5688549.0	4.9	177.3	177.3
202605	003000000	37	通信費	1494191.0	1458229.0	1421695.0	1.2	97.4	95.1
202605	003000000	38	水道光熱費	1284689.0	1303289.0	1057949.0	0.9	81.1	82.3
202605	003000000	39	動力費	662544.0	650144.0	414725.0	0.3	63.7	62.5
202605	003000000	40	事務用品費	480169.0	702343.0	602348.0	0.5	85.7	125.4
202605	003000000	41	消耗品費	1410124.0	2277412.0	1839464.0	1.6	80.7	130.4
202605	003000000	42	廃棄物処理料	464232.0	577201.0	1087834.0	0.9	188.4	234.3
202605	003000000	43	広告宣伝費	510046.0	368046.0	249058.0	0.2	67.6	48.8
202605	003000000	44	接待交際費	615000.0	734000.0	567747.0	0.4	77.3	92.3
202605	003000000	45	研究開発費	0.0	0.0	0.0	0.0	0.0	0.0
202605	003000000	46	アフターサービス費	0.0	0.0	0.0	0.0	0.0	0.0
202605	003000000	47	クレーム費	1380000.0	230000.0	108419.0	0.0	47.1	7.8
202605	003000000	48	賃借料	13486387.0	13484549.0	13702131.0	12.0	101.6	101.5
202605	003000000	49	賃貸料収入	-574631.0	-540782.0	-641945.0	0.0	0.0	0.0
202605	003000000	50	修繕費	1790500.0	908190.0	44190.0	0.0	4.8	2.4
202605	003000000	51	支払リース料	150758.0	150736.0	142664.0	0.1	94.6	94.6
202605	003000000	52	保険料	833825.0	833825.0	1001838.0	0.8	120.1	120.1
202605	003000000	53	支払報酬	574545.0	574545.0	1177273.0	1.0	204.9	204.9
202605	003000000	54	販売手数料	0.0	0.0	-94000.0	0.0	0.0	0.0
202605	003000000	55	支払手数料	2605722.0	1170096.0	3523326.0	3.0	301.1	135.2
202605	003000000	56	診断料	1025000.0	25000.0	0.0	0.0	0.0	0.0
202605	003000000	57	諸会費	332150.0	316150.0	383574.0	0.3	121.3	115.4
202605	003000000	58	会議費	2000.0	2000.0	0.0	0.0	0.0	0.0
202605	003000000	59	寄付金	3000.0	3000.0	0.0	0.0	0.0	0.0
202605	003000000	60	租税公課	1429000.0	1404100.0	1448004.0	1.2	103.1	101.3
202605	003000000	61	業務委託費	654600.0	654600.0	734600.0	0.6	112.2	112.2
202605	003000000	62	業務受託収入	-15000.0	-15000.0	-15000.0	0.0	0.0	0.0
202605	003000000	63	システム管理料	1968000.0	1968000.0	3068000.0	2.6	155.8	155.8
202605	003000000	64	情報機器利用料	7883689.0	7951829.0	8076266.0	7.0	101.5	102.4
202605	003000000	65	貸倒金	0.0	0.0	0.0	0.0	0.0	0.0
202605	003000000	66	雑費	368034.0	340992.0	-62952.0	0.0	0.0	0.0
202605	003000000	67	福利消耗品費	1545518.0	1715924.0	254596.0	0.2	14.8	16.4
202605	003000000	68	教育研修費	1089368.0	824719.0	321782.0	0.2	39.0	29.5
202605	003000000	69	廃棄損・減耗損	890000.0	950861.0	532478.0	0.4	55.9	59.8
202605	003000000	70	雑給	0.0	0.0	0.0	0.0	0.0	0.0
202605	003000000	71	社内金利（固定資産）	0.0	0.0	0.0	0.0	0.0	0.0
202605	003000000	72	社内金利（売掛金）	0.0	0.0	0.0	0.0	0.0	0.0
202605	003000000	73	社内金利（在庫）	0.0	0.0	0.0	0.0	0.0	0.0
202605	003000000	74	営業口銭①（新築）	14710000.0	10574825.0	10480045.0	9.2	99.1	71.2
202605	003000000	75	営業口銭②（リフォ）	33649500.0	29542024.0	25061566.0	22.0	84.8	74.4
202605	003000000	76	開発口銭	0.0	0.0	0.0	0.0	0.0	0.0
202605	003000000	77	部門共通（経費）	0.0	0.0	0.0	0.0	0.0	0.0
202605	003000000	78	グループ共通	7217000.0	7217000.0	7217000.0	6.3	100.0	100.0
202605	003000000	79	差引収益	191497932.0	100677461.0	45321717.0		45.0	23.6
202605	003000000	80	差引比率	13.7	8.6	4.1		47.6	29.9
202605	003000000	81	総時間	48145.0	48098.5	47218.75		98.1	98.0
202605	003000000	82	定時間	42245.75	42202.25	41243.5	87.3	97.7	97.6
202605	003000000	83	残業時間	5504.75	5799.25	5840.75	12.3	100.7	106.1
202605	003000000	84	移動時間	394.5	97.0	134.5	0.2	138.6	34.0
202605	003000000	85	部門共通（時間）	0.0	0.0	0.0	0.0	0.0	0.0
202605	003000000	86	当月時間当り	3977.5	2093.1	959.8		45.8	24.1
202605	003000000	87	人員	292.0	295.0	295.0		100.0	101.0
202605	003090100	1	総受注高	0.0	0.0	0.0		0.0	0.0
202605	003090100	2	【新築】受注高	0.0	0.0	0.0	0.0	0.0	0.0
202605	003090100	3	【リフォ】受注高	0.0	0.0	0.0	0.0	0.0	0.0
202605	003090100	4	【資材】受注高	0.0	0.0	0.0	0.0	0.0	0.0
202605	003090100	5	総売上高	0.0	0.0	0.0		0.0	0.0
202605	003090100	6	【新築】売上高	0.0	0.0	0.0	0.0	0.0	0.0
202605	003090100	7	【リフォ】売上高	0.0	0.0	0.0	0.0	0.0	0.0
202605	003090100	8	【資材】売上高	0.0	0.0	0.0	0.0	0.0	0.0
202605	003090100	9	【新築】インセンティブ	0.0	0.0	0.0	0.0	0.0	0.0
202605	003090100	10	【リフォ】インセンティブ	0.0	0.0	0.0	0.0	0.0	0.0
202605	003090100	11	【資材】インセンティブ	0.0	0.0	0.0	0.0	0.0	0.0
202605	003090100	12	収益①（営業口銭）	0.0	0.0	0.0		0.0	0.0
202605	003090100	13	【新築】収益①(営業口銭)	0.0	0.0	0.0		0.0	0.0
202605	003090100	14	【リフォ】収益①(営業口銭)	0.0	0.0	0.0		0.0	0.0
202605	003090100	15	【資材】売上原価	0.0	0.0	0.0		0.0	0.0
202605	003090100	16	収益②（資材）	0.0	0.0	0.0		0.0	0.0
202605	003090100	17	総収益	0.0	0.0	0.0		0.0	0.0
202605	003090100	18	経費合計	2912052.0	2912052.0	4713161.0		161.8	161.8
202605	003090100	19	減価償却費	5970268.0	5970268.0	5976935.0	126.8	100.1	100.1
202605	003090100	20	車両費	49064.0	49064.0	43109.0	0.9	87.8	87.8
202605	003090100	21	旅費交通費	180000.0	180000.0	694728.0	14.7	385.9	385.9
202605	003090100	22	荷造運搬費	100000.0	100000.0	70000.0	1.4	70.0	70.0
202605	003090100	23	通信費	56804.0	56804.0	73985.0	1.5	130.2	130.2
202605	003090100	24	水道光熱費	0.0	0.0	0.0	0.0	0.0	0.0
202605	003090100	25	動力費	0.0	0.0	0.0	0.0	0.0	0.0
202605	003090100	26	事務用品費	200.0	200.0	145.0	0.0	72.5	72.5
202605	003090100	27	消耗品費	0.0	0.0	0.0	0.0	0.0	0.0
202605	003090100	28	廃棄物処理料	0.0	0.0	623.0	0.0	0.0	0.0
202605	003090100	29	広告宣伝費	0.0	0.0	0.0	0.0	0.0	0.0
202605	003090100	30	接待交際費	60000.0	60000.0	60000.0	1.2	100.0	100.0
202605	003090100	31	研究開発費	0.0	0.0	0.0	0.0	0.0	0.0
202605	003090100	32	アフターサービス費	0.0	0.0	0.0	0.0	0.0	0.0
202605	003090100	33	クレーム費	0.0	0.0	0.0	0.0	0.0	0.0
202605	003090100	34	賃借料	0.0	0.0	32616.0	0.6	0.0	0.0
202605	003090100	35	賃貸料収入	0.0	0.0	0.0	0.0	0.0	0.0
202605	003090100	36	修繕費	200000.0	200000.0	0.0	0.0	0.0	0.0
202605	003090100	37	支払リース料	0.0	0.0	0.0	0.0	0.0	0.0
202605	003090100	38	保険料	0.0	0.0	0.0	0.0	0.0	0.0
202605	003090100	39	支払報酬	0.0	0.0	305000.0	6.4	0.0	0.0
202605	003090100	40	販売手数料	0.0	0.0	0.0	0.0	0.0	0.0
202605	003090100	41	支払手数料	230000.0	230000.0	227400.0	4.8	98.8	98.8
202605	003090100	42	診断料	0.0	0.0	0.0	0.0	0.0	0.0
202605	003090100	43	諸会費	44500.0	44500.0	44500.0	0.9	100.0	100.0
202605	003090100	44	会議費	0.0	0.0	0.0	0.0	0.0	0.0
202605	003090100	45	寄付金	0.0	0.0	0.0	0.0	0.0	0.0
202605	003090100	46	租税公課	1250000.0	1250000.0	1314982.0	27.9	105.1	105.1
202605	003090100	47	業務委託費	0.0	0.0	0.0	0.0	0.0	0.0
202605	003090100	48	業務受託収入	0.0	0.0	0.0	0.0	0.0	0.0
202605	003090100	49	システム管理料	1968000.0	1968000.0	3068000.0	65.0	155.8	155.8
202605	003090100	50	情報機器利用料	-7628240.0	-7628240.0	-7605158.0	0.0	0.0	0.0
202605	003090100	51	貸倒金	0.0	0.0	0.0	0.0	0.0	0.0
202605	003090100	52	雑費	60800.0	60800.0	33415.0	0.7	54.9	54.9
202605	003090100	53	福利消耗品費	0.0	0.0	0.0	0.0	0.0	0.0
202605	003090100	54	教育研修費	0.0	0.0	0.0	0.0	0.0	0.0
202605	003090100	55	廃棄損・減耗損	0.0	0.0	0.0	0.0	0.0	0.0
202605	003090100	56	雑給	0.0	0.0	0.0	0.0	0.0	0.0
202605	003090100	57	社内金利（固定資産）	370656.0	370656.0	372881.0	7.9	100.6	100.6
202605	003090100	58	社内金利（売掛金）	0.0	0.0	0.0	0.0	0.0	0.0
202605	003090100	59	社内金利（在庫）	0.0	0.0	0.0	0.0	0.0	0.0
202605	003090100	60	開発口銭	0.0	0.0	0.0	0.0	0.0	0.0
202605	003090100	61	部門共通（経費）	0.0	0.0	0.0	0.0	0.0	0.0
202605	003090100	62	グループ共通	0.0	0.0	0.0	0.0	0.0	0.0
202605	003090100	63	差引収益	-2912052.0	-2912052.0	-4713161.0		0.0	0.0
202605	003090100	64	差引比率	0.0	0.0	0.0		0.0	0.0
202605	003090100	65	総時間	373.75	373.75	419.75		112.3	112.3
202605	003090100	66	定時間	304.0	304.0	304.0	72.4	100.0	100.0
202605	003090100	67	残業時間	38.0	38.0	38.0	9.0	100.0	100.0
202605	003090100	68	移動時間	31.75	31.75	77.75	18.5	244.8	244.8
202605	003090100	69	部門共通（時間）	0.0	0.0	0.0	0.0	0.0	0.0
202605	003090100	70	当月時間当り	-7791.4	-7791.4	-11228.4		0.0	0.0
202605	003090100	71	人員	2.0	2.0	2.0		100.0	100.0
202605	230B30300	1	総出荷	0.0	0.0	0.0		0.0	0.0
202605	230B30300	2	社外売	0.0	0.0	0.0	0.0	0.0	0.0
202605	230B30300	3	社内売	0.0	0.0	0.0	0.0	0.0	0.0
202605	230B30300	4	社内仕入	0.0	0.0	0.0		0.0	0.0
202605	230B30300	5	仕掛1	0.0	0.0	0.0		0.0	0.0
202605	230B30300	6	総生産	0.0	0.0	0.0		0.0	0.0
202605	230B30300	7	経費合計	0.0	0.0	0.0		0.0	0.0
202605	230B30300	8	経費合計(原価)	0.0	0.0	0.0	0.0	0.0	0.0
202605	230B30300	9	仕掛2	0.0	0.0	0.0	0.0	0.0	0.0
202605	230B30300	10	商品仕入高	0.0	0.0	0.0	0.0	0.0	0.0
202605	230B30300	11	原材料費	0.0	0.0	0.0	0.0	0.0	0.0
202605	230B30300	12	外注加工費	0.0	0.0	0.0	0.0	0.0	0.0
202605	230B30300	13	その他 直接経費	0.0	0.0	0.0	0.0	0.0	0.0
202605	230B30300	14	他勘定振替高	0.0	0.0	0.0	0.0	0.0	0.0
202605	230B30300	15	経費合計（販管費）	0.0	0.0	0.0	0.0	0.0	0.0
202605	230B30300	16	減価償却費	0.0	0.0	0.0	0.0	0.0	0.0
202605	230B30300	17	車両費	423782.0	379782.0	390046.0	0.0	102.7	92.0
202605	230B30300	18	旅費交通費	279000.0	230000.0	226901.0	0.0	98.6	81.3
202605	230B30300	19	荷造運搬費	2500.0	2500.0	0.0	0.0	0.0	0.0
202605	230B30300	20	通信費	31427.0	31427.0	28594.0	0.0	90.9	90.9
202605	230B30300	21	水道光熱費	36070.0	36070.0	32342.0	0.0	89.6	89.6
202605	230B30300	22	動力費	0.0	0.0	0.0	0.0	0.0	0.0
202605	230B30300	23	事務用品費	4300.0	4300.0	1438.0	0.0	33.4	33.4
202605	230B30300	24	消耗品費	51000.0	60000.0	25835.0	0.0	43.0	50.6
202605	230B30300	25	廃棄物処理料	1150.0	1150.0	1785.0	0.0	155.2	155.2
202605	230B30300	26	広告宣伝費	0.0	0.0	0.0	0.0	0.0	0.0
202605	230B30300	27	接待交際費	20000.0	20000.0	0.0	0.0	0.0	0.0
202605	230B30300	28	研究開発費	0.0	0.0	0.0	0.0	0.0	0.0
202605	230B30300	29	アフターサービス費	0.0	0.0	0.0	0.0	0.0	0.0
202605	230B30300	30	クレーム費	0.0	0.0	0.0	0.0	0.0	0.0
202605	230B30300	31	賃借料	299390.0	299390.0	257690.0	0.0	86.0	86.0
202605	230B30300	32	賃貸料収入	-51000.0	-51000.0	-87988.0	0.0	0.0	0.0
202605	230B30300	33	修繕費	0.0	0.0	0.0	0.0	0.0	0.0
202605	230B30300	34	支払リース料	3250.0	3250.0	3023.0	0.0	93.0	93.0
202605	230B30300	35	保険料	0.0	0.0	0.0	0.0	0.0	0.0
202605	230B30300	36	支払報酬	0.0	0.0	0.0	0.0	0.0	0.0
202605	230B30300	37	販売手数料	0.0	0.0	0.0	0.0	0.0	0.0
202605	230B30300	38	支払手数料	900.0	900.0	-933.0	0.0	0.0	0.0
202605	230B30300	39	診断料	0.0	0.0	0.0	0.0	0.0	0.0
202605	230B30300	40	諸会費	600.0	600.0	1100.0	0.0	183.3	183.3
202605	230B30300	41	会議費	0.0	0.0	0.0	0.0	0.0	0.0
202605	230B30300	42	寄付金	0.0	0.0	0.0	0.0	0.0	0.0
202605	230B30300	43	租税公課	0.0	0.0	0.0	0.0	0.0	0.0
202605	230B30300	44	業務委託費	257300.0	257300.0	257300.0	0.0	100.0	100.0
202605	230B30300	45	業務受託収入	0.0	0.0	0.0	0.0	0.0	0.0
202605	230B30300	46	システム管理料	0.0	0.0	0.0	0.0	0.0	0.0
202605	230B30300	47	情報機器利用料	690654.0	690654.0	694654.0	0.0	100.5	100.5
202605	230B30300	48	貸倒金	0.0	0.0	0.0	0.0	0.0	0.0
202605	230B30300	49	雑費	1470.0	1470.0	2191.0	0.0	149.0	149.0
202605	230B30300	50	福利消耗品費	61500.0	61500.0	2683.0	0.0	4.3	4.3
202605	230B30300	51	教育研修費	1950.0	1950.0	1812.0	0.0	92.9	92.9
202605	230B30300	52	廃棄損・減耗損	0.0	0.0	0.0	0.0	0.0	0.0
202605	230B30300	53	雑給	0.0	0.0	0.0	0.0	0.0	0.0
202605	230B30300	54	社内金利（固定資産）	0.0	0.0	0.0	0.0	0.0	0.0
202605	230B30300	55	社内金利（売掛金）	0.0	0.0	0.0	0.0	0.0	0.0
202605	230B30300	56	社内金利（在庫）	0.0	0.0	0.0	0.0	0.0	0.0
202605	230B30300	57	営業口銭①（新築）	0.0	0.0	0.0	0.0	0.0	0.0
202605	230B30300	58	営業口銭②（リフォ）	0.0	0.0	0.0	0.0	0.0	0.0
202605	230B30300	59	開発口銭	0.0	0.0	0.0	0.0	0.0	0.0
202605	230B30300	60	部門共通（経費）	-2416943.0	-2332943.0	-2140173.0	0.0	0.0	0.0
202605	230B30300	61	グループ共通	301700.0	301700.0	301700.0	0.0	100.0	100.0
202605	230B30300	62	差引収益	0.0	0.0	0.0		0.0	0.0
202605	230B30300	63	差引比率	0.0	0.0	0.0		0.0	0.0
202605	230B30300	64	総時間	0.0	0.0	0.0		0.0	0.0
202605	230B30300	65	定時間	1594.0	1578.0	1576.75	0.0	99.9	98.9
202605	230B30300	66	残業時間	261.25	259.25	264.75	0.0	102.1	101.3
202605	230B30300	67	移動時間	18.75	18.75	18.75	0.0	100.0	100.0
202605	230B30300	68	部門共通（時間）	-1874.0	-1856.0	-1860.25	0.0	0.0	0.0
202605	230B30300	69	当月時間当り	0.0	0.0	0.0		0.0	0.0
202605	230B30300	70	人員	12.0	12.0	12.0		100.0	100.0
202605	230J30100	1	総出荷	67000000.0	95100000.0	61825808.0		65.0	92.2
202605	230J30100	2	社外売	0.0	0.0	0.0	0.0	0.0	0.0
202605	230J30100	3	社内売	67000000.0	95100000.0	61825808.0	100.0	65.0	92.2
202605	230J30100	4	社内仕入	34150000.0	44550000.0	30115442.0		67.5	88.1
202605	230J30100	5	仕掛1	0.0	0.0	0.0		0.0	0.0
202605	230J30100	6	総生産	32850000.0	50550000.0	31710366.0		62.7	96.5
202605	230J30100	7	経費合計	31998773.0	48483680.0	52825905.0		108.9	165.0
202605	230J30100	8	経費合計(原価)	28790000.0	45120000.0	50314570.0	95.2	111.5	174.7
202605	230J30100	9	仕掛2	0.0	0.0	0.0	0.0	0.0	0.0
202605	230J30100	10	商品仕入高	0.0	0.0	0.0	0.0	0.0	0.0
202605	230J30100	11	原材料費	29570000.0	45900000.0	50388800.0	100.1	109.7	170.4
202605	230J30100	12	外注加工費	0.0	0.0	0.0	0.0	0.0	0.0
202605	230J30100	13	その他 直接経費	0.0	0.0	0.0	0.0	0.0	0.0
202605	230J30100	14	他勘定振替高	-780000.0	-780000.0	-74230.0	0.0	0.0	0.0
202605	230J30100	15	経費合計（販管費）	3208773.0	3363680.0	2511335.0	4.7	74.6	78.2
202605	230J30100	16	減価償却費	132769.0	132769.0	132769.0	5.2	100.0	100.0
202605	230J30100	17	車両費	0.0	0.0	0.0	0.0	0.0	0.0
202605	230J30100	18	旅費交通費	10000.0	10000.0	0.0	0.0	0.0	0.0
202605	230J30100	19	荷造運搬費	1000.0	1000.0	0.0	0.0	0.0	0.0
202605	230J30100	20	通信費	19295.0	19295.0	14494.0	0.5	75.1	75.1
202605	230J30100	21	水道光熱費	6000.0	6000.0	5123.0	0.2	85.3	85.3
202605	230J30100	22	動力費	280000.0	280000.0	148200.0	5.9	52.9	52.9
202605	230J30100	23	事務用品費	6800.0	231000.0	218120.0	8.6	94.4	
202605	230J30100	24	消耗品費	197000.0	171784.0	219471.0	8.7	127.7	111.4
202605	230J30100	25	廃棄物処理料	-10000.0	-10000.0	29590.0	1.1	0.0	0.0
202605	230J30100	26	広告宣伝費	0.0	0.0	0.0	0.0	0.0	0.0
202605	230J30100	27	接待交際費	0.0	50000.0	64473.0	2.5	128.9	0.0
202605	230J30100	28	研究開発費	0.0	0.0	0.0	0.0	0.0	0.0
202605	230J30100	29	アフターサービス費	0.0	0.0	0.0	0.0	0.0	0.0
202605	230J30100	30	クレーム費	0.0	0.0	0.0	0.0	0.0	0.0
202605	230J30100	31	賃借料	611800.0	611800.0	611800.0	24.3	100.0	100.0
202605	230J30100	32	賃貸料収入	0.0	0.0	0.0	0.0	0.0	0.0
202605	230J30100	33	修繕費	40000.0	0.0	0.0	0.0	0.0	0.0
202605	230J30100	34	支払リース料	13000.0	13000.0	7507.0	0.2	57.7	57.7
202605	230J30100	35	保険料	12058.0	12058.0	12058.0	0.4	100.0	100.0
202605	230J30100	36	支払報酬	0.0	0.0	0.0	0.0	0.0	0.0
202605	230J30100	37	販売手数料	0.0	0.0	0.0	0.0	0.0	0.0
202605	230J30100	38	支払手数料	7075.0	7075.0	48716.0	1.9	688.5	688.5
202605	230J30100	39	診断料	0.0	0.0	0.0	0.0	0.0	0.0
202605	230J30100	40	諸会費	0.0	0.0	0.0	0.0	0.0	0.0
202605	230J30100	41	会議費	0.0	0.0	0.0	0.0	0.0	0.0
202605	230J30100	42	寄付金	0.0	0.0	0.0	0.0	0.0	0.0
202605	230J30100	43	租税公課	0.0	0.0	0.0	0.0	0.0	0.0
202605	230J30100	44	業務委託費	0.0	0.0	0.0	0.0	0.0	0.0
202605	230J30100	45	業務受託収入	0.0	0.0	0.0	0.0	0.0	0.0
202605	230J30100	46	システム管理料	0.0	0.0	0.0	0.0	0.0	0.0
202605	230J30100	47	情報機器利用料	382690.0	382690.0	381290.0	15.1	99.6	99.6
202605	230J30100	48	貸倒金	0.0	0.0	0.0	0.0	0.0	0.0
202605	230J30100	49	雑費	15600.0	15600.0	15597.0	0.6	99.9	99.9
202605	230J30100	50	福利消耗品費	74000.0	83540.0	8729.0	0.3	10.4	11.7
202605	230J30100	51	教育研修費	0.0	0.0	0.0	0.0	0.0	0.0
202605	230J30100	52	廃棄損・減耗損	780000.0	780000.0	74230.0	2.9	9.5	9.5
202605	230J30100	53	雑給	0.0	0.0	0.0	0.0	0.0	0.0
202605	230J30100	54	社内金利（固定資産）	74838.0	74838.0	74839.0	2.9	100.0	100.0
202605	230J30100	55	社内金利（売掛金）	0.0	0.0	0.0	0.0	0.0	0.0
202605	230J30100	56	社内金利（在庫）	118800.0	118800.0	91599.0	3.6	77.1	77.1
202605	230J30100	57	営業口銭①（新築）	0.0	0.0	0.0	0.0	0.0	0.0
202605	230J30100	58	営業口銭②（リフォ）	0.0	0.0	0.0	0.0	0.0	0.0
202605	230J30100	59	開発口銭	0.0	0.0	0.0	0.0	0.0	0.0
202605	230J30100	60	部門共通（経費）	209448.0	145831.0	126130.0	5.0	86.4	60.2
202605	230J30100	61	グループ共通	226600.0	226600.0	226600.0	9.0	100.0	100.0
202605	230J30100	62	差引収益	851227.0	2066320.0	-21115539.0		0.0	0.0
202605	230J30100	63	差引比率	2.5	4.0	-66.5		0.0	0.0
202605	230J30100	64	総時間	1828.0	1646.0	1542.75		93.7	84.3
202605	230J30100	65	定時間	1520.0	1336.75	1252.0	81.1	93.6	82.3
202605	230J30100	66	残業時間	76.0	76.0	56.5	3.6	74.3	74.3
202605	230J30100	67	移動時間	127.75	127.75	127.75	8.2	100.0	100.0
202605	230J30100	68	部門共通（時間）	104.25	105.5	106.5	6.9	100.9	102.1
202605	230J30100	69	当月時間当り	465.6	1255.3	-13686.9		0.0	0.0
202605	230J30100	70	人員	10.0	10.0	9.0		90.0	90.0
202605	230H10200	1	総受注高	0.0	0.0	0.0		0.0	0.0
202605	230H10200	2	【新築】受注高	0.0	0.0	0.0	0.0	0.0	0.0
202605	230H10200	3	【リフォ】受注高	0.0	0.0	0.0	0.0	0.0	0.0
202605	230H10200	4	【資材】受注高	0.0	0.0	0.0	0.0	0.0	0.0
202605	230H10200	5	総売上高	0.0	0.0	0.0		0.0	0.0
202605	230H10200	6	【新築】売上高	0.0	0.0	0.0	0.0	0.0	0.0
202605	230H10200	7	【リフォ】売上高	0.0	0.0	0.0	0.0	0.0	0.0
202605	230H10200	8	【資材】売上高	0.0	0.0	0.0	0.0	0.0	0.0
202605	230H10200	9	【新築】インセンティブ	0.0	0.0	0.0	0.0	0.0	0.0
202605	230H10200	10	【リフォ】インセンティブ	0.0	0.0	0.0	0.0	0.0	0.0
202605	230H10200	11	【資材】インセンティブ	0.0	0.0	0.0	0.0	0.0	0.0
202605	230H10200	12	収益①（営業口銭）	0.0	0.0	0.0		0.0	0.0
202605	230H10200	13	【新築】収益①(営業口銭)	0.0	0.0	0.0		0.0	0.0
202605	230H10200	14	【リフォ】収益①(営業口銭)	0.0	0.0	0.0		0.0	0.0
202605	230H10200	15	【資材】売上原価	0.0	0.0	0.0		0.0	0.0
202605	230H10200	16	収益②（資材）	0.0	0.0	0.0		0.0	0.0
202605	230H10200	17	総収益	0.0	0.0	0.0		0.0	0.0
202605	230H10200	18	経費合計	0.0	0.0	0.0		0.0	0.0
202605	230H10200	19	減価償却費	0.0	0.0	0.0	0.0	0.0	0.0
202605	230H10200	20	車両費	0.0	0.0	0.0	0.0	0.0	0.0
202605	230H10200	21	旅費交通費	140000.0	140000.0	143403.0	0.0	102.4	102.4
202605	230H10200	22	荷造運搬費	0.0	0.0	1865.0	0.0	0.0	0.0
202605	230H10200	23	通信費	10042.0	10042.0	9976.0	0.0	99.3	99.3
202605	230H10200	24	水道光熱費	14554.0	14554.0	13401.0	0.0	92.0	92.0
202605	230H10200	25	動力費	0.0	0.0	0.0	0.0	0.0	0.0
202605	230H10200	26	事務用品費	1023.0	83.0	978.0	0.0		95.6
202605	230H10200	27	消耗品費	4262.0	2916.0	2383.0	0.0	81.7	55.9
202605	230H10200	28	廃棄物処理料	1875.0	1875.0	125.0	0.0	6.6	6.6
202605	230H10200	29	広告宣伝費	389000.0	239000.0	186178.0	0.0	77.8	47.8
202605	230H10200	30	接待交際費	0.0	6000.0	3600.0	0.0	60.0	0.0
202605	230H10200	31	研究開発費	0.0	0.0	0.0	0.0	0.0	0.0
202605	230H10200	32	アフターサービス費	0.0	0.0	0.0	0.0	0.0	0.0
202605	230H10200	33	クレーム費	0.0	0.0	0.0	0.0	0.0	0.0
202605	230H10200	34	賃借料	356110.0	356110.0	356110.0	0.0	100.0	100.0
202605	230H10200	35	賃貸料収入	0.0	0.0	0.0	0.0	0.0	0.0
202605	230H10200	36	修繕費	0.0	0.0	0.0	0.0	0.0	0.0
202605	230H10200	37	支払リース料	500.0	500.0	2163.0	0.0	432.6	432.6
202605	230H10200	38	保険料	0.0	0.0	0.0	0.0	0.0	0.0
202605	230H10200	39	支払報酬	150000.0	150000.0	150000.0	0.0	100.0	100.0
202605	230H10200	40	販売手数料	0.0	0.0	0.0	0.0	0.0	0.0
202605	230H10200	41	支払手数料	20962.0	20962.0	17796.0	0.0	84.8	84.8
202605	230H10200	42	診断料	0.0	0.0	0.0	0.0	0.0	0.0
202605	230H10200	43	諸会費	0.0	0.0	0.0	0.0	0.0	0.0
202605	230H10200	44	会議費	0.0	0.0	0.0	0.0	0.0	0.0
202605	230H10200	45	寄付金	0.0	0.0	0.0	0.0	0.0	0.0
202605	230H10200	46	租税公課	0.0	0.0	0.0	0.0	0.0	0.0
202605	230H10200	47	業務委託費	0.0	0.0	0.0	0.0	0.0	0.0
202605	230H10200	48	業務受託収入	0.0	0.0	0.0	0.0	0.0	0.0
202605	230H10200	49	システム管理料	0.0	0.0	0.0	0.0	0.0	0.0
202605	230H10200	50	情報機器利用料	281814.0	281814.0	287664.0	0.0	102.0	102.0
202605	230H10200	51	貸倒金	0.0	0.0	0.0	0.0	0.0	0.0
202605	230H10200	52	雑費	809.0	809.0	809.0	0.0	100.0	100.0
202605	230H10200	53	福利消耗品費	22444.0	20153.0	1545.0	0.0	7.6	6.8
202605	230H10200	54	教育研修費	885.0	885.0	872.0	0.0	98.5	98.5
202605	230H10200	55	廃棄損・減耗損	0.0	0.0	0.0	0.0	0.0	0.0
202605	230H10200	56	雑給	0.0	0.0	0.0	0.0	0.0	0.0
202605	230H10200	57	社内金利（固定資産）	0.0	0.0	0.0	0.0	0.0	0.0
202605	230H10200	58	社内金利（売掛金）	0.0	0.0	0.0	0.0	0.0	0.0
202605	230H10200	59	社内金利（在庫）	0.0	0.0	0.0	0.0	0.0	0.0
202605	230H10200	60	開発口銭	0.0	0.0	0.0	0.0	0.0	0.0
202605	230H10200	61	部門共通（経費）	-1519880.0	-1371303.0	-1304468.0	0.0	0.0	0.0
202605	230H10200	62	グループ共通	125600.0	125600.0	125600.0	0.0	100.0	100.0
202605	230H10200	63	差引収益	0.0	0.0	0.0		0.0	0.0
202605	230H10200	64	差引比率	0.0	0.0	0.0		0.0	0.0
202605	230H10200	65	総時間	0.0	0.0	0.0		0.0	0.0
202605	230H10200	66	定時間	752.0	734.0	702.25	0.0	95.6	93.3
202605	230H10200	67	残業時間	65.0	70.0	76.25	0.0	108.9	117.3
202605	230H10200	68	移動時間	98.0	98.0	92.0	0.0	93.8	93.8
202605	230H10200	69	部門共通（時間）	-915.0	-902.0	-870.5	0.0	0.0	0.0
202605	230H10200	70	当月時間当り	0.0	0.0	0.0		0.0	0.0
202605	230H10200	71	人員	5.0	5.0	5.0		100.0	100.0
202605	230C30600	1	総出荷	1500000.0	1200000.0	1415898.0		117.9	94.3
202605	230C30600	2	社外売	0.0	0.0	0.0	0.0	0.0	0.0
202605	230C30600	3	社内売	1500000.0	1200000.0	1415898.0	100.0	117.9	94.3
202605	230C30600	4	社内仕入	0.0	0.0	0.0		0.0	0.0
202605	230C30600	5	仕掛1	0.0	0.0	0.0		0.0	0.0
202605	230C30600	6	総生産	1500000.0	1200000.0	1415898.0		117.9	94.3
202605	230C30600	7	経費合計	1003179.0	989125.0	852365.0		86.1	84.9
202605	230C30600	8	経費合計(原価)	0.0	0.0	0.0	0.0	0.0	0.0
202605	230C30600	9	仕掛2	0.0	0.0	0.0	0.0	0.0	0.0
202605	230C30600	10	商品仕入高	0.0	0.0	0.0	0.0	0.0	0.0
202605	230C30600	11	原材料費	0.0	0.0	0.0	0.0	0.0	0.0
202605	230C30600	12	外注加工費	0.0	0.0	0.0	0.0	0.0	0.0
202605	230C30600	13	その他 直接経費	0.0	0.0	0.0	0.0	0.0	0.0
202605	230C30600	14	他勘定振替高	0.0	0.0	0.0	0.0	0.0	0.0
202605	230C30600	15	経費合計（販管費）	1003179.0	989125.0	852365.0	100.0	86.1	84.9
202605	230C30600	16	減価償却費	0.0	0.0	0.0	0.0	0.0	0.0
202605	230C30600	17	車両費	256520.0	253520.0	176210.0	20.6	69.5	68.6
202605	230C30600	18	旅費交通費	20000.0	20000.0	34299.0	4.0	171.4	171.4
202605	230C30600	19	荷造運搬費	0.0	0.0	0.0	0.0	0.0	0.0
202605	230C30600	20	通信費	13122.0	11320.0	11323.0	1.3	100.0	86.2
202605	230C30600	21	水道光熱費	24946.0	24946.0	19969.0	2.3	80.0	80.0
202605	230C30600	22	動力費	0.0	0.0	0.0	0.0	0.0	0.0
202605	230C30600	23	事務用品費	7689.0	7689.0	11094.0	1.3	144.2	144.2
202605	230C30600	24	消耗品費	29667.0	27735.0	23680.0	2.7	85.3	79.8
202605	230C30600	25	廃棄物処理料	557.0	557.0	979.0	0.1	175.7	175.7
202605	230C30600	26	広告宣伝費	0.0	0.0	0.0	0.0	0.0	0.0
202605	230C30600	27	接待交際費	0.0	0.0	4190.0	0.4	0.0	0.0
202605	230C30600	28	研究開発費	0.0	0.0	0.0	0.0	0.0	0.0
202605	230C30600	29	アフターサービス費	0.0	0.0	0.0	0.0	0.0	0.0
202605	230C30600	30	クレーム費	0.0	0.0	0.0	0.0	0.0	0.0
202605	230C30600	31	賃借料	198886.0	198886.0	140975.0	16.5	70.8	70.8
202605	230C30600	32	賃貸料収入	-10000.0	-10000.0	-10000.0	0.0	0.0	0.0
202605	230C30600	33	修繕費	0.0	0.0	0.0	0.0	0.0	0.0
202605	230C30600	34	支払リース料	7329.0	7329.0	4928.0	0.5	67.2	67.2
202605	230C30600	35	保険料	0.0	0.0	0.0	0.0	0.0	0.0
202605	230C30600	36	支払報酬	0.0	0.0	0.0	0.0	0.0	0.0
202605	230C30600	37	販売手数料	0.0	0.0	0.0	0.0	0.0	0.0
202605	230C30600	38	支払手数料	2220.0	2220.0	720.0	0.0	32.4	32.4
202605	230C30600	39	診断料	0.0	0.0	0.0	0.0	0.0	0.0
202605	230C30600	40	諸会費	500.0	500.0	0.0	0.0	0.0	0.0
202605	230C30600	41	会議費	0.0	0.0	0.0	0.0	0.0	0.0
202605	230C30600	42	寄付金	0.0	0.0	0.0	0.0	0.0	0.0
202605	230C30600	43	租税公課	0.0	0.0	0.0	0.0	0.0	0.0
202605	230C30600	44	業務委託費	0.0	0.0	0.0	0.0	0.0	0.0
202605	230C30600	45	業務受託収入	0.0	0.0	0.0	0.0	0.0	0.0
202605	230C30600	46	システム管理料	0.0	0.0	0.0	0.0	0.0	0.0
202605	230C30600	47	情報機器利用料	158820.0	158820.0	158820.0	18.6	100.0	100.0
202605	230C30600	48	貸倒金	0.0	0.0	0.0	0.0	0.0	0.0
202605	230C30600	49	雑費	3700.0	3700.0	4387.0	0.5	118.5	118.5
202605	230C30600	50	福利消耗品費	3000.0	2500.0	829.0	0.0	33.1	27.6
202605	230C30600	51	教育研修費	1329.0	1329.0	923.0	0.1	69.4	69.4
202605	230C30600	52	廃棄損・減耗損	0.0	0.0	0.0	0.0	0.0	0.0
202605	230C30600	53	雑給	0.0	0.0	0.0	0.0	0.0	0.0
202605	230C30600	54	社内金利（固定資産）	0.0	0.0	0.0	0.0	0.0	0.0
202605	230C30600	55	社内金利（売掛金）	0.0	0.0	0.0	0.0	0.0	0.0
202605	230C30600	56	社内金利（在庫）	0.0	0.0	0.0	0.0	0.0	0.0
202605	230C30600	57	営業口銭①（新築）	0.0	0.0	0.0	0.0	0.0	0.0
202605	230C30600	58	営業口銭②（リフォ）	0.0	0.0	0.0	0.0	0.0	0.0
202605	230C30600	59	開発口銭	0.0	0.0	0.0	0.0	0.0	0.0
202605	230C30600	60	部門共通（経費）	83494.0	76674.0	67639.0	7.9	88.2	81.0
202605	230C30600	61	グループ共通	201400.0	201400.0	201400.0	23.6	100.0	100.0
202605	230C30600	62	差引収益	496821.0	210875.0	563533.0		267.2	113.4
202605	230C30600	63	差引比率	33.1	17.5	39.8		227.4	120.2
202605	230C30600	64	総時間	1095.75	1132.25	1109.0		97.9	101.2
202605	230C30600	65	定時間	904.0	912.0	897.0	80.8	98.3	99.2
202605	230C30600	66	残業時間	81.0	111.0	97.25	8.7	87.6	120.0
202605	230C30600	67	移動時間	51.0	51.0	50.5	4.5	99.0	99.0
202605	230C30600	68	部門共通（時間）	59.75	58.25	64.25	5.7	110.3	107.5
202605	230C30600	69	当月時間当り	453.4	186.2	508.1		272.8	112.0
202605	230C30600	70	人員	6.0	6.0	6.0		100.0	100.0
202605	220C10300	1	総受注高	310700000.0	384537430.0	381740466.0		99.2	122.8
202605	220C10300	2	【新築】受注高	55500000.0	144270000.0	131087273.0	34.3	90.8	236.1
202605	220C10300	3	【リフォ】受注高	116400000.0	101467430.0	63748373.0	16.6	62.8	54.7
202605	220C10300	4	【資材】受注高	138800000.0	138800000.0	186904820.0	48.9	134.6	134.6
202605	220C10300	5	総売上高	374000000.0	344095228.0	323700194.0		94.0	86.5
202605	220C10300	6	【新築】売上高	176700000.0	175816500.0	178000900.0	54.9	101.2	100.7
202605	220C10300	7	【リフォ】売上高	88400000.0	59378728.0	41366777.0	12.7	69.6	46.7
202605	220C10300	8	【資材】売上高	108900000.0	108900000.0	104332517.0	32.2	95.8	95.8
202605	220C10300	9	【新築】インセンティブ	0.0	0.0	0.0	0.0	0.0	0.0
202605	220C10300	10	【リフォ】インセンティブ	0.0	0.0	0.0	0.0	0.0	0.0
202605	220C10300	11	【資材】インセンティブ	0.0	0.0	0.0	0.0	0.0	0.0
202605	220C10300	12	収益①（営業口銭）	22095000.0	17697633.0	15105056.0		85.3	68.3
202605	220C10300	13	【新築】収益①(営業口銭)	8835000.0	8790825.0	8900045.0		101.2	100.7
202605	220C10300	14	【リフォ】収益①(営業口銭)	13260000.0	8906808.0	6205011.0		69.6	46.7
202605	220C10300	15	【資材】売上原価	84000000.0	84000000.0	80232648.0		95.5	95.5
202605	220C10300	16	収益②（資材）	24900000.0	24900000.0	24099869.0		96.7	96.7
202605	220C10300	17	総収益	46995000.0	42597633.0	39204925.0		92.0	83.4
202605	220C10300	18	総出荷	265100000.0	235195228.0	219367677.0		93.2	82.7
202605	220C10300	19	社外売	265100000.0	235195228.0	219367677.0	100.0	93.2	82.7
202605	220C10300	20	社内売	0.0	0.0	0.0	0.0	0.0	0.0
202605	220C10300	21	社内仕入	47933275.0	10144844.0	11116458.0		109.5	23.1
202605	220C10300	22	仕掛1	0.0	0.0	0.0		0.0	0.0
202605	220C10300	23	総生産	217166725.0	225050384.0	208251219.0		92.5	95.8
202605	220C10300	24	経費合計	141076740.0	98897696.0	105016203.0		106.1	74.4
202605	220C10300	25	経費合計(原価)	94023416.0	58769689.0	67222685.0	64.0	114.3	71.4
202605	220C10300	26	仕掛2	0.0	0.0	0.0	0.0	0.0	0.0
202605	220C10300	27	商品仕入高	53241143.0	32382850.0	38261284.0	56.9	118.1	71.8
202605	220C10300	28	原材料費	0.0	0.0	0.0	0.0	0.0	0.0
202605	220C10300	29	外注加工費	38563180.0	21561007.0	26068541.0	38.7	120.9	67.5
202605	220C10300	30	その他 直接経費	2219093.0	4825832.0	2892860.0	4.3	59.9	130.3
202605	220C10300	31	他勘定振替高	0.0	0.0	0.0	0.0	0.0	0.0
202605	220C10300	32	経費合計（販管費）	47053324.0	40128007.0	37793518.0	35.9	94.1	80.3
202605	220C10300	33	減価償却費	583174.0	518594.0	555656.0	1.4	107.1	95.2
202605	220C10300	34	車両費	4022920.0	4012220.0	3503055.0	9.2	87.3	87.0
202605	220C10300	35	旅費交通費	1031200.0	1183500.0	1225291.0	3.2	103.5	118.8
202605	220C10300	36	荷造運搬費	36000.0	36000.0	171421.0	0.4	476.1	476.1
202605	220C10300	37	通信費	328734.0	328734.0	346280.0	0.9	105.3	105.3
202605	220C10300	38	水道光熱費	264597.0	264597.0	219715.0	0.5	83.0	83.0
202605	220C10300	39	動力費	0.0	0.0	0.0	0.0	0.0	0.0
202605	220C10300	40	事務用品費	113791.0	113791.0	135541.0	0.3	119.1	119.1
202605	220C10300	41	消耗品費	214600.0	239600.0	148106.0	0.3	61.8	69.0
202605	220C10300	42	廃棄物処理料	244000.0	244000.0	372898.0	0.9	152.8	152.8
202605	220C10300	43	広告宣伝費	9546.0	9546.0	4546.0	0.0	47.6	47.6
202605	220C10300	44	接待交際費	72000.0	145000.0	186639.0	0.4	128.7	259.2
202605	220C10300	45	研究開発費	0.0	0.0	0.0	0.0	0.0	0.0
202605	220C10300	46	アフターサービス費	0.0	0.0	0.0	0.0	0.0	0.0
202605	220C10300	47	クレーム費	850000.0	200000.0	102209.0	0.2	51.1	12.0
202605	220C10300	48	賃借料	1851605.0	1857165.0	1839745.0	4.8	99.0	99.3
202605	220C10300	49	賃貸料収入	-107130.0	-112690.0	-112690.0	0.0	0.0	0.0
202605	220C10300	50	修繕費	1423000.0	294000.0	0.0	0.0	0.0	0.0
202605	220C10300	51	支払リース料	43372.0	43372.0	43914.0	0.1	101.2	101.2
202605	220C10300	52	保険料	45274.0	45274.0	217432.0	0.5	480.2	480.2
202605	220C10300	53	支払報酬	54545.0	54545.0	215909.0	0.5	395.8	395.8
202605	220C10300	54	販売手数料	0.0	0.0	0.0	0.0	0.0	0.0
202605	220C10300	55	支払手数料	227760.0	227760.0	250382.0	0.6	109.9	109.9
202605	220C10300	56	診断料	0.0	0.0	0.0	0.0	0.0	0.0
202605	220C10300	57	諸会費	157850.0	157850.0	194030.0	0.5	122.9	122.9
202605	220C10300	58	会議費	0.0	0.0	0.0	0.0	0.0	0.0
202605	220C10300	59	寄付金	0.0	0.0	0.0	0.0	0.0	0.0
202605	220C10300	60	租税公課	62000.0	62000.0	53022.0	0.1	85.5	85.5
202605	220C10300	61	業務委託費	0.0	0.0	0.0	0.0	0.0	0.0
202605	220C10300	62	業務受託収入	0.0	0.0	0.0	0.0	0.0	0.0
202605	220C10300	63	システム管理料	0.0	0.0	0.0	0.0	0.0	0.0
202605	220C10300	64	情報機器利用料	3113210.0	3112520.0	3086746.0	8.1	99.1	99.1
202605	220C10300	65	貸倒金	0.0	0.0	0.0	0.0	0.0	0.0
202605	220C10300	66	雑費	106723.0	106723.0	92691.0	0.2	86.8	86.8
202605	220C10300	67	福利消耗品費	346760.0	358510.0	4422.0	0.0	1.2	1.2
202605	220C10300	68	教育研修費	79326.0	33871.0	11580.0	0.0	34.1	14.5
202605	220C10300	69	廃棄損・減耗損	0.0	60861.0	86854.0	0.2	142.7	0.0
202605	220C10300	70	雑給	0.0	0.0	0.0	0.0	0.0	0.0
202605	220C10300	71	社内金利（固定資産）	133565.0	133565.0	139059.0	0.3	104.1	104.1
202605	220C10300	72	社内金利（売掛金）	42395.0	42395.0	48116.0	0.1	113.4	113.4
202605	220C10300	73	社内金利（在庫）	90843.0	90843.0	174510.0	0.4	192.1	192.1
202605	220C10300	74	営業口銭①（新築）	8835000.0	8790825.0	8900045.0	23.5	101.2	100.7
202605	220C10300	75	営業口銭②（リフォ）	13260000.0	8906808.0	6205011.0	16.4	69.6	46.7
202605	220C10300	76	開発口銭	0.0	0.0	0.0	0.0	0.0	0.0
202605	220C10300	77	部門共通（経費）	8108664.0	7158228.0	7963383.0	21.0	111.2	98.2
202605	220C10300	78	グループ共通	1408000.0	1408000.0	1408000.0	3.7	100.0	100.0
202605	220C10300	79	差引収益	123084985.0	168750321.0	142439941.0		84.4	115.7
202605	220C10300	80	差引比率	20.8	29.6	26.7		90.2	128.3
202605	220C10300	81	総時間	13456.0	14011.0	13662.75		97.5	101.5
202605	220C10300	82	定時間	7906.0	8176.0	7823.75	57.2	95.6	98.9
202605	220C10300	83	残業時間	1223.0	1459.0	1673.0	12.2	114.6	136.7
202605	220C10300	84	移動時間	367.0	414.0	207.25	1.5	50.0	56.4
202605	220C10300	85	部門共通（時間）	3960.0	3962.0	3958.75	28.9	99.9	99.9
202605	220C10300	86	当月時間当り	9147.2	12044.1	10425.4		86.5	113.9
202605	220C10300	87	人員	55.0	58.0	58.0		100.0	105.4
202605	230H62000	1	総受注高	0.0	0.0	0.0		0.0	0.0
202605	230H62000	2	【新築】受注高	0.0	0.0	0.0	0.0	0.0	0.0
202605	230H62000	3	【リフォ】受注高	0.0	0.0	0.0	0.0	0.0	0.0
202605	230H62000	4	【資材】受注高	0.0	0.0	0.0	0.0	0.0	0.0
202605	230H62000	5	総売上高	0.0	0.0	0.0		0.0	0.0
202605	230H62000	6	【新築】売上高	0.0	0.0	0.0	0.0	0.0	0.0
202605	230H62000	7	【リフォ】売上高	0.0	0.0	0.0	0.0	0.0	0.0
202605	230H62000	8	【資材】売上高	0.0	0.0	0.0	0.0	0.0	0.0
202605	230H62000	9	【新築】インセンティブ	0.0	0.0	0.0	0.0	0.0	0.0
202605	230H62000	10	【リフォ】インセンティブ	0.0	0.0	0.0	0.0	0.0	0.0
202605	230H62000	11	【資材】インセンティブ	0.0	0.0	0.0	0.0	0.0	0.0
202605	230H62000	12	収益①（営業口銭）	0.0	0.0	0.0		0.0	0.0
202605	230H62000	13	【新築】収益①(営業口銭)	0.0	0.0	0.0		0.0	0.0
202605	230H62000	14	【リフォ】収益①(営業口銭)	0.0	0.0	0.0		0.0	0.0
202605	230H62000	15	【資材】売上原価	0.0	0.0	0.0		0.0	0.0
202605	230H62000	16	収益②（資材）	0.0	0.0	0.0		0.0	0.0
202605	230H62000	17	総収益	0.0	0.0	0.0		0.0	0.0
202605	230H62000	18	経費合計	0.0	0.0	0.0		0.0	0.0
202605	230H62000	19	減価償却費	0.0	0.0	0.0	0.0	0.0	0.0
202605	230H62000	20	車両費	0.0	0.0	0.0	0.0	0.0	0.0
202605	230H62000	21	旅費交通費	7000.0	7000.0	11559.0	0.0	165.1	165.1
202605	230H62000	22	荷造運搬費	0.0	0.0	0.0	0.0	0.0	0.0
202605	230H62000	23	通信費	9548.0	9548.0	9419.0	0.0	98.6	98.6
202605	230H62000	24	水道光熱費	11645.0	11645.0	10727.0	0.0	92.1	92.1
202605	230H62000	25	動力費	0.0	0.0	0.0	0.0	0.0	0.0
202605	230H62000	26	事務用品費	1618.0	10067.0	3424.0	0.0	34.0	211.6
202605	230H62000	27	消耗品費	3410.0	2333.0	1910.0	0.0	81.8	56.0
202605	230H62000	28	廃棄物処理料	1501.0	1501.0	0.0	0.0	0.0	0.0
202605	230H62000	29	広告宣伝費	0.0	0.0	0.0	0.0	0.0	0.0
202605	230H62000	30	接待交際費	0.0	0.0	0.0	0.0	0.0	0.0
202605	230H62000	31	研究開発費	0.0	0.0	0.0	0.0	0.0	0.0
202605	230H62000	32	アフターサービス費	0.0	0.0	0.0	0.0	0.0	0.0
202605	230H62000	33	クレーム費	0.0	0.0	0.0	0.0	0.0	0.0
202605	230H62000	34	賃借料	284940.0	284940.0	284940.0	0.0	100.0	100.0
202605	230H62000	35	賃貸料収入	0.0	0.0	0.0	0.0	0.0	0.0
202605	230H62000	36	修繕費	0.0	0.0	0.0	0.0	0.0	0.0
202605	230H62000	37	支払リース料	400.0	400.0	1733.0	0.0	433.2	433.2
202605	230H62000	38	保険料	186790.0	186790.0	186790.0	0.0	100.0	100.0
202605	230H62000	39	支払報酬	0.0	0.0	0.0	0.0	0.0	0.0
202605	230H62000	40	販売手数料	0.0	0.0	0.0	0.0	0.0	0.0
202605	230H62000	41	支払手数料	0.0	0.0	0.0	0.0	0.0	0.0
202605	230H62000	42	診断料	0.0	0.0	0.0	0.0	0.0	0.0
202605	230H62000	43	諸会費	0.0	0.0	0.0	0.0	0.0	0.0
202605	230H62000	44	会議費	0.0	0.0	0.0	0.0	0.0	0.0
202605	230H62000	45	寄付金	0.0	0.0	0.0	0.0	0.0	0.0
202605	230H62000	46	租税公課	0.0	0.0	0.0	0.0	0.0	0.0
202605	230H62000	47	業務委託費	0.0	0.0	0.0	0.0	0.0	0.0
202605	230H62000	48	業務受託収入	0.0	0.0	0.0	0.0	0.0	0.0
202605	230H62000	49	システム管理料	0.0	0.0	0.0	0.0	0.0	0.0
202605	230H62000	50	情報機器利用料	135608.0	135608.0	135608.0	0.0	100.0	100.0
202605	230H62000	51	貸倒金	0.0	0.0	0.0	0.0	0.0	0.0
202605	230H62000	52	雑費	647.0	647.0	651.0	0.0	100.6	100.6
202605	230H62000	53	福利消耗品費	7805.0	5973.0	1239.0	0.0	20.7	15.8
202605	230H62000	54	教育研修費	449198.0	262471.0	46611.0	0.0	17.7	10.3
202605	230H62000	55	廃棄損・減耗損	0.0	0.0	0.0	0.0	0.0	0.0
202605	230H62000	56	雑給	0.0	0.0	0.0	0.0	0.0	0.0
202605	230H62000	57	社内金利（固定資産）	0.0	0.0	0.0	0.0	0.0	0.0
202605	230H62000	58	社内金利（売掛金）	0.0	0.0	0.0	0.0	0.0	0.0
202605	230H62000	59	社内金利（在庫）	0.0	0.0	0.0	0.0	0.0	0.0
202605	230H62000	60	開発口銭	0.0	0.0	0.0	0.0	0.0	0.0
202605	230H62000	61	部門共通（経費）	-1200410.0	-1019223.0	-794911.0	0.0	0.0	0.0
202605	230H62000	62	グループ共通	100300.0	100300.0	100300.0	0.0	100.0	100.0
202605	230H62000	63	差引収益	0.0	0.0	0.0		0.0	0.0
202605	230H62000	64	差引比率	0.0	0.0	0.0		0.0	0.0
202605	230H62000	65	総時間	0.0	0.0	0.0		0.0	0.0
202605	230H62000	66	定時間	536.0	548.0	538.75	0.0	98.3	100.5
202605	230H62000	67	残業時間	45.0	51.0	37.5	0.0	73.5	83.3
202605	230H62000	68	移動時間	92.0	92.0	73.5	0.0	79.8	79.8
202605	230H62000	69	部門共通（時間）	-673.0	-691.0	-649.75	0.0	0.0	0.0
202605	230H62000	70	当月時間当り	0.0	0.0	0.0		0.0	0.0
202605	230H62000	71	人員	4.0	4.0	4.0		100.0	100.0
202605	230H61600	1	総受注高	0.0	0.0	0.0		0.0	0.0
202605	230H61600	2	【新築】受注高	0.0	0.0	0.0	0.0	0.0	0.0
202605	230H61600	3	【リフォ】受注高	0.0	0.0	0.0	0.0	0.0	0.0
202605	230H61600	4	【資材】受注高	0.0	0.0	0.0	0.0	0.0	0.0
202605	230H61600	5	総売上高	0.0	0.0	0.0		0.0	0.0
202605	230H61600	6	【新築】売上高	0.0	0.0	0.0	0.0	0.0	0.0
202605	230H61600	7	【リフォ】売上高	0.0	0.0	0.0	0.0	0.0	0.0
202605	230H61600	8	【資材】売上高	0.0	0.0	0.0	0.0	0.0	0.0
202605	230H61600	9	【新築】インセンティブ	0.0	0.0	0.0	0.0	0.0	0.0
202605	230H61600	10	【リフォ】インセンティブ	0.0	0.0	0.0	0.0	0.0	0.0
202605	230H61600	11	【資材】インセンティブ	0.0	0.0	0.0	0.0	0.0	0.0
202605	230H61600	12	収益①（営業口銭）	0.0	0.0	0.0		0.0	0.0
202605	230H61600	13	【新築】収益①(営業口銭)	0.0	0.0	0.0		0.0	0.0
202605	230H61600	14	【リフォ】収益①(営業口銭)	0.0	0.0	0.0		0.0	0.0
202605	230H61600	15	【資材】売上原価	0.0	0.0	0.0		0.0	0.0
202605	230H61600	16	収益②（資材）	0.0	0.0	0.0		0.0	0.0
202605	230H61600	17	総収益	0.0	0.0	0.0		0.0	0.0
202605	230H61600	18	経費合計	0.0	0.0	0.0		0.0	0.0
202605	230H61600	19	減価償却費	0.0	2121.0	4242.0	0.0	200.0	0.0
202605	230H61600	20	車両費	50000.0	50000.0	41712.0	0.0	83.4	83.4
202605	230H61600	21	旅費交通費	952000.0	152000.0	246760.0	0.0	162.3	25.9
202605	230H61600	22	荷造運搬費	9000.0	9000.0	1865.0	0.0	20.7	20.7
202605	230H61600	23	通信費	30042.0	30042.0	29278.0	0.0	97.4	97.4
202605	230H61600	24	水道光熱費	35554.0	35554.0	32159.0	0.0	90.4	90.4
202605	230H61600	25	動力費	0.0	0.0	0.0	0.0	0.0	0.0
202605	230H61600	26	事務用品費	10023.0	13767.0	21110.0	0.0	153.3	210.6
202605	230H61600	27	消耗品費	10262.0	7032.0	6846.0	0.0	97.3	66.7
202605	230H61600	28	廃棄物処理料	4875.0	4875.0	499.0	0.0	10.2	10.2
202605	230H61600	29	広告宣伝費	389000.0	239000.0	186178.0	0.0	77.8	47.8
202605	230H61600	30	接待交際費	49000.0	55000.0	14294.0	0.0	25.9	29.1
202605	230H61600	31	研究開発費	0.0	0.0	0.0	0.0	0.0	0.0
202605	230H61600	32	アフターサービス費	0.0	0.0	0.0	0.0	0.0	0.0
202605	230H61600	33	クレーム費	30000.0	30000.0	0.0	0.0	0.0	0.0
202605	230H61600	34	賃借料	854560.0	854560.0	854560.0	0.0	100.0	100.0
202605	230H61600	35	賃貸料収入	0.0	0.0	0.0	0.0	0.0	0.0
202605	230H61600	36	修繕費	0.0	0.0	0.0	0.0	0.0	0.0
202605	230H61600	37	支払リース料	1500.0	1500.0	5191.0	0.0	346.0	346.0
202605	230H61600	38	保険料	0.0	0.0	0.0	0.0	0.0	0.0
202605	230H61600	39	支払報酬	150000.0	150000.0	286364.0	0.0	190.9	190.9
202605	230H61600	40	販売手数料	0.0	0.0	0.0	0.0	0.0	0.0
202605	230H61600	41	支払手数料	29962.0	29962.0	17796.0	0.0	59.3	59.3
202605	230H61600	42	診断料	1020000.0	20000.0	0.0	0.0	0.0	0.0
202605	230H61600	43	諸会費	0.0	0.0	0.0	0.0	0.0	0.0
202605	230H61600	44	会議費	0.0	0.0	0.0	0.0	0.0	0.0
202605	230H61600	45	寄付金	0.0	0.0	0.0	0.0	0.0	0.0
202605	230H61600	46	租税公課	0.0	0.0	-8000.0	0.0	0.0	0.0
202605	230H61600	47	業務委託費	100000.0	100000.0	100000.0	0.0	100.0	100.0
202605	230H61600	48	業務受託収入	0.0	0.0	0.0	0.0	0.0	0.0
202605	230H61600	49	システム管理料	0.0	0.0	0.0	0.0	0.0	0.0
202605	230H61600	50	情報機器利用料	712814.0	718664.0	763568.0	0.0	106.2	107.1
202605	230H61600	51	貸倒金	0.0	0.0	0.0	0.0	0.0	0.0
202605	230H61600	52	雑費	76809.0	46809.0	-341179.0	0.0	0.0	0.0
202605	230H61600	53	福利消耗品費	46444.0	43788.0	3708.0	0.0	8.4	7.9
202605	230H61600	54	教育研修費	2885.0	2885.0	2092.0	0.0	72.5	72.5
202605	230H61600	55	廃棄損・減耗損	0.0	0.0	0.0	0.0	0.0	0.0
202605	230H61600	56	雑給	0.0	0.0	0.0	0.0	0.0	0.0
202605	230H61600	57	社内金利（固定資産）	0.0	0.0	1878.0	0.0	0.0	0.0
202605	230H61600	58	社内金利（売掛金）	0.0	0.0	0.0	0.0	0.0	0.0
202605	230H61600	59	社内金利（在庫）	0.0	0.0	0.0	0.0	0.0	0.0
202605	230H61600	60	開発口銭	0.0	0.0	0.0	0.0	0.0	0.0
202605	230H61600	61	部門共通（経費）	-4866430.0	-2898259.0	-2572621.0	0.0	0.0	0.0
202605	230H61600	62	グループ共通	301700.0	301700.0	301700.0	0.0	100.0	100.0
202605	230H61600	63	差引収益	0.0	0.0	0.0		0.0	0.0
202605	230H61600	64	差引比率	0.0	0.0	0.0		0.0	0.0
202605	230H61600	65	総時間	0.0	0.0	0.0		0.0	0.0
202605	230H61600	66	定時間	1736.0	1718.0	1645.25	0.0	95.7	94.7
202605	230H61600	67	残業時間	211.0	245.0	230.5	0.0	94.0	109.2
202605	230H61600	68	移動時間	52.0	52.0	40.0	0.0	76.9	76.9
202605	230H61600	69	部門共通（時間）	-1999.0	-2015.0	-1915.75	0.0	0.0	0.0
202605	230H61600	70	当月時間当り	0.0	0.0	0.0		0.0	0.0
202605	230H61600	71	人員	12.0	12.0	12.0		100.0	100.0
202605	003095410	1	総受注高	0.0	0.0	0.0		0.0	0.0
202605	003095410	2	【新築】受注高	0.0	0.0	0.0	0.0	0.0	0.0
202605	003095410	3	【リフォ】受注高	0.0	0.0	0.0	0.0	0.0	0.0
202605	003095410	4	【資材】受注高	0.0	0.0	0.0	0.0	0.0	0.0
202605	003095410	5	総売上高	0.0	0.0	0.0		0.0	0.0
202605	003095410	6	【新築】売上高	0.0	0.0	0.0	0.0	0.0	0.0
202605	003095410	7	【リフォ】売上高	0.0	0.0	0.0	0.0	0.0	0.0
202605	003095410	8	【資材】売上高	0.0	0.0	0.0	0.0	0.0	0.0
202605	003095410	9	【新築】インセンティブ	0.0	0.0	0.0	0.0	0.0	0.0
202605	003095410	10	【リフォ】インセンティブ	0.0	0.0	0.0	0.0	0.0	0.0
202605	003095410	11	【資材】インセンティブ	0.0	0.0	0.0	0.0	0.0	0.0
202605	003095410	12	収益①（営業口銭）	0.0	0.0	0.0		0.0	0.0
202605	003095410	13	【新築】収益①(営業口銭)	0.0	0.0	0.0		0.0	0.0
202605	003095410	14	【リフォ】収益①(営業口銭)	0.0	0.0	0.0		0.0	0.0
202605	003095410	15	【資材】売上原価	0.0	0.0	0.0		0.0	0.0
202605	003095410	16	収益②（資材）	0.0	0.0	0.0		0.0	0.0
202605	003095410	17	総収益	0.0	0.0	0.0		0.0	0.0
202605	003095410	18	経費合計	0.0	0.0	0.0		0.0	0.0
202605	003095410	19	減価償却費	0.0	0.0	0.0	0.0	0.0	0.0
202605	003095410	20	車両費	0.0	0.0	0.0	0.0	0.0	0.0
202605	003095410	21	旅費交通費	0.0	0.0	0.0	0.0	0.0	0.0
202605	003095410	22	荷造運搬費	0.0	0.0	0.0	0.0	0.0	0.0
202605	003095410	23	通信費	0.0	0.0	0.0	0.0	0.0	0.0
202605	003095410	24	水道光熱費	0.0	0.0	0.0	0.0	0.0	0.0
202605	003095410	25	動力費	0.0	0.0	0.0	0.0	0.0	0.0
202605	003095410	26	事務用品費	0.0	0.0	0.0	0.0	0.0	0.0
202605	003095410	27	消耗品費	0.0	0.0	0.0	0.0	0.0	0.0
202605	003095410	28	廃棄物処理料	0.0	0.0	0.0	0.0	0.0	0.0
202605	003095410	29	広告宣伝費	0.0	0.0	0.0	0.0	0.0	0.0
202605	003095410	30	接待交際費	0.0	0.0	0.0	0.0	0.0	0.0
202605	003095410	31	研究開発費	0.0	0.0	0.0	0.0	0.0	0.0
202605	003095410	32	アフターサービス費	0.0	0.0	0.0	0.0	0.0	0.0
202605	003095410	33	クレーム費	0.0	0.0	0.0	0.0	0.0	0.0
202605	003095410	34	賃借料	0.0	0.0	0.0	0.0	0.0	0.0
202605	003095410	35	賃貸料収入	0.0	0.0	0.0	0.0	0.0	0.0
202605	003095410	36	修繕費	0.0	0.0	0.0	0.0	0.0	0.0
202605	003095410	37	支払リース料	0.0	0.0	0.0	0.0	0.0	0.0
202605	003095410	38	保険料	0.0	0.0	0.0	0.0	0.0	0.0
202605	003095410	39	支払報酬	0.0	0.0	0.0	0.0	0.0	0.0
202605	003095410	40	販売手数料	0.0	0.0	0.0	0.0	0.0	0.0
202605	003095410	41	支払手数料	0.0	0.0	0.0	0.0	0.0	0.0
202605	003095410	42	診断料	0.0	0.0	0.0	0.0	0.0	0.0
202605	003095410	43	諸会費	0.0	0.0	0.0	0.0	0.0	0.0
202605	003095410	44	会議費	0.0	0.0	0.0	0.0	0.0	0.0
202605	003095410	45	寄付金	0.0	0.0	0.0	0.0	0.0	0.0
202605	003095410	46	租税公課	0.0	0.0	0.0	0.0	0.0	0.0
202605	003095410	47	業務委託費	0.0	0.0	0.0	0.0	0.0	0.0
202605	003095410	48	業務受託収入	0.0	0.0	0.0	0.0	0.0	0.0
202605	003095410	49	システム管理料	0.0	0.0	0.0	0.0	0.0	0.0
202605	003095410	50	情報機器利用料	0.0	0.0	0.0	0.0	0.0	0.0
202605	003095410	51	貸倒金	0.0	0.0	0.0	0.0	0.0	0.0
202605	003095410	52	雑費	0.0	0.0	0.0	0.0	0.0	0.0
202605	003095410	53	福利消耗品費	0.0	0.0	0.0	0.0	0.0	0.0
202605	003095410	54	教育研修費	0.0	0.0	0.0	0.0	0.0	0.0
202605	003095410	55	廃棄損・減耗損	0.0	0.0	0.0	0.0	0.0	0.0
202605	003095410	56	雑給	0.0	0.0	0.0	0.0	0.0	0.0
202605	003095410	57	社内金利（固定資産）	0.0	0.0	0.0	0.0	0.0	0.0
202605	003095410	58	社内金利（売掛金）	0.0	0.0	0.0	0.0	0.0	0.0
202605	003095410	59	社内金利（在庫）	0.0	0.0	0.0	0.0	0.0	0.0
202605	003095410	60	開発口銭	0.0	0.0	0.0	0.0	0.0	0.0
202605	003095410	61	部門共通（経費）	0.0	0.0	0.0	0.0	0.0	0.0
202605	003095410	62	グループ共通	0.0	0.0	0.0	0.0	0.0	0.0
202605	003095410	63	差引収益	0.0	0.0	0.0		0.0	0.0
202605	003095410	64	差引比率	0.0	0.0	0.0		0.0	0.0
202605	003095410	65	総時間	0.0	0.0	0.0		0.0	0.0
202605	003095410	66	定時間	0.0	0.0	0.0	0.0	0.0	0.0
202605	003095410	67	残業時間	0.0	0.0	0.0	0.0	0.0	0.0
202605	003095410	68	移動時間	0.0	0.0	0.0	0.0	0.0	0.0
202605	003095410	69	部門共通（時間）	0.0	0.0	0.0	0.0	0.0	0.0
202605	003095410	70	当月時間当り	0.0	0.0	0.0		0.0	0.0
202605	003095410	71	人員	0.0	0.0	0.0		0.0	0.0
202605	003095420	1	総出荷	0.0	0.0	0.0		0.0	0.0
202605	003095420	2	社外売	0.0	0.0	0.0	0.0	0.0	0.0
202605	003095420	3	社内売	0.0	0.0	0.0	0.0	0.0	0.0
202605	003095420	4	社内仕入	0.0	0.0	0.0		0.0	0.0
202605	003095420	5	仕掛1	0.0	0.0	0.0		0.0	0.0
202605	003095420	6	総生産	0.0	0.0	0.0		0.0	0.0
202605	003095420	7	経費合計	0.0	0.0	0.0		0.0	0.0
202605	003095420	8	経費合計(原価)	0.0	0.0	0.0	0.0	0.0	0.0
202605	003095420	9	仕掛2	0.0	0.0	0.0	0.0	0.0	0.0
202605	003095420	10	商品仕入高	0.0	0.0	0.0	0.0	0.0	0.0
202605	003095420	11	原材料費	0.0	0.0	0.0	0.0	0.0	0.0
202605	003095420	12	外注加工費	0.0	0.0	0.0	0.0	0.0	0.0
202605	003095420	13	その他 直接経費	0.0	0.0	0.0	0.0	0.0	0.0
202605	003095420	14	他勘定振替高	0.0	0.0	0.0	0.0	0.0	0.0
202605	003095420	15	経費合計（販管費）	0.0	0.0	0.0	0.0	0.0	0.0
202605	003095420	16	減価償却費	0.0	0.0	0.0	0.0	0.0	0.0
202605	003095420	17	車両費	0.0	0.0	0.0	0.0	0.0	0.0
202605	003095420	18	旅費交通費	0.0	0.0	0.0	0.0	0.0	0.0
202605	003095420	19	荷造運搬費	0.0	0.0	0.0	0.0	0.0	0.0
202605	003095420	20	通信費	0.0	0.0	0.0	0.0	0.0	0.0
202605	003095420	21	水道光熱費	0.0	0.0	0.0	0.0	0.0	0.0
202605	003095420	22	動力費	0.0	0.0	0.0	0.0	0.0	0.0
202605	003095420	23	事務用品費	0.0	0.0	0.0	0.0	0.0	0.0
202605	003095420	24	消耗品費	0.0	0.0	0.0	0.0	0.0	0.0
202605	003095420	25	廃棄物処理料	0.0	0.0	0.0	0.0	0.0	0.0
202605	003095420	26	広告宣伝費	0.0	0.0	0.0	0.0	0.0	0.0
202605	003095420	27	接待交際費	0.0	0.0	0.0	0.0	0.0	0.0
202605	003095420	28	研究開発費	0.0	0.0	0.0	0.0	0.0	0.0
202605	003095420	29	アフターサービス費	0.0	0.0	0.0	0.0	0.0	0.0
202605	003095420	30	クレーム費	0.0	0.0	0.0	0.0	0.0	0.0
202605	003095420	31	賃借料	0.0	0.0	0.0	0.0	0.0	0.0
202605	003095420	32	賃貸料収入	0.0	0.0	0.0	0.0	0.0	0.0
202605	003095420	33	修繕費	0.0	0.0	0.0	0.0	0.0	0.0
202605	003095420	34	支払リース料	0.0	0.0	0.0	0.0	0.0	0.0
202605	003095420	35	保険料	0.0	0.0	0.0	0.0	0.0	0.0
202605	003095420	36	支払報酬	0.0	0.0	0.0	0.0	0.0	0.0
202605	003095420	37	販売手数料	0.0	0.0	0.0	0.0	0.0	0.0
202605	003095420	38	支払手数料	0.0	0.0	0.0	0.0	0.0	0.0
202605	003095420	39	診断料	0.0	0.0	0.0	0.0	0.0	0.0
202605	003095420	40	諸会費	0.0	0.0	0.0	0.0	0.0	0.0
202605	003095420	41	会議費	0.0	0.0	0.0	0.0	0.0	0.0
202605	003095420	42	寄付金	0.0	0.0	0.0	0.0	0.0	0.0
202605	003095420	43	租税公課	0.0	0.0	0.0	0.0	0.0	0.0
202605	003095420	44	業務委託費	0.0	0.0	0.0	0.0	0.0	0.0
202605	003095420	45	業務受託収入	0.0	0.0	0.0	0.0	0.0	0.0
202605	003095420	46	システム管理料	0.0	0.0	0.0	0.0	0.0	0.0
202605	003095420	47	情報機器利用料	0.0	0.0	0.0	0.0	0.0	0.0
202605	003095420	48	貸倒金	0.0	0.0	0.0	0.0	0.0	0.0
202605	003095420	49	雑費	0.0	0.0	0.0	0.0	0.0	0.0
202605	003095420	50	福利消耗品費	0.0	0.0	0.0	0.0	0.0	0.0
202605	003095420	51	教育研修費	0.0	0.0	0.0	0.0	0.0	0.0
202605	003095420	52	廃棄損・減耗損	0.0	0.0	0.0	0.0	0.0	0.0
202605	003095420	53	雑給	0.0	0.0	0.0	0.0	0.0	0.0
202605	003095420	54	社内金利（固定資産）	0.0	0.0	0.0	0.0	0.0	0.0
202605	003095420	55	社内金利（売掛金）	0.0	0.0	0.0	0.0	0.0	0.0
202605	003095420	56	社内金利（在庫）	0.0	0.0	0.0	0.0	0.0	0.0
202605	003095420	57	営業口銭①（新築）	0.0	0.0	0.0	0.0	0.0	0.0
202605	003095420	58	営業口銭②（リフォ）	0.0	0.0	0.0	0.0	0.0	0.0
202605	003095420	59	開発口銭	0.0	0.0	0.0	0.0	0.0	0.0
202605	003095420	60	部門共通（経費）	0.0	0.0	0.0	0.0	0.0	0.0
202605	003095420	61	グループ共通	0.0	0.0	0.0	0.0	0.0	0.0
202605	003095420	62	差引収益	0.0	0.0	0.0		0.0	0.0
202605	003095420	63	差引比率	0.0	0.0	0.0		0.0	0.0
202605	003095420	64	総時間	0.0	0.0	0.0		0.0	0.0
202605	003095420	65	定時間	0.0	0.0	0.0	0.0	0.0	0.0
202605	003095420	66	残業時間	0.0	0.0	0.0	0.0	0.0	0.0
202605	003095420	67	移動時間	0.0	0.0	0.0	0.0	0.0	0.0
202605	003095420	68	部門共通（時間）	0.0	0.0	0.0	0.0	0.0	0.0
202605	003095420	69	当月時間当り	0.0	0.0	0.0		0.0	0.0
202605	003095420	70	人員	0.0	0.0	0.0		0.0	0.0
202605	003095310	1	総受注高	0.0	0.0	0.0		0.0	0.0
202605	003095310	2	【新築】受注高	0.0	0.0	0.0	0.0	0.0	0.0
202605	003095310	3	【リフォ】受注高	0.0	0.0	0.0	0.0	0.0	0.0
202605	003095310	4	【資材】受注高	0.0	0.0	0.0	0.0	0.0	0.0
202605	003095310	5	総売上高	0.0	0.0	0.0		0.0	0.0
202605	003095310	6	【新築】売上高	0.0	0.0	0.0	0.0	0.0	0.0
202605	003095310	7	【リフォ】売上高	0.0	0.0	0.0	0.0	0.0	0.0
202605	003095310	8	【資材】売上高	0.0	0.0	0.0	0.0	0.0	0.0
202605	003095310	9	【新築】インセンティブ	0.0	0.0	0.0	0.0	0.0	0.0
202605	003095310	10	【リフォ】インセンティブ	0.0	0.0	0.0	0.0	0.0	0.0
202605	003095310	11	【資材】インセンティブ	0.0	0.0	0.0	0.0	0.0	0.0
202605	003095310	12	収益①（営業口銭）	0.0	0.0	0.0		0.0	0.0
202605	003095310	13	【新築】収益①(営業口銭)	0.0	0.0	0.0		0.0	0.0
202605	003095310	14	【リフォ】収益①(営業口銭)	0.0	0.0	0.0		0.0	0.0
202605	003095310	15	【資材】売上原価	0.0	0.0	0.0		0.0	0.0
202605	003095310	16	収益②（資材）	0.0	0.0	0.0		0.0	0.0
202605	003095310	17	総収益	0.0	0.0	0.0		0.0	0.0
202605	003095310	18	経費合計	0.0	0.0	0.0		0.0	0.0
202605	003095310	19	減価償却費	0.0	0.0	0.0	0.0	0.0	0.0
202605	003095310	20	車両費	0.0	0.0	0.0	0.0	0.0	0.0
202605	003095310	21	旅費交通費	0.0	0.0	0.0	0.0	0.0	0.0
202605	003095310	22	荷造運搬費	0.0	0.0	0.0	0.0	0.0	0.0
202605	003095310	23	通信費	0.0	0.0	0.0	0.0	0.0	0.0
202605	003095310	24	水道光熱費	0.0	0.0	0.0	0.0	0.0	0.0
202605	003095310	25	動力費	0.0	0.0	0.0	0.0	0.0	0.0
202605	003095310	26	事務用品費	0.0	0.0	0.0	0.0	0.0	0.0
202605	003095310	27	消耗品費	0.0	0.0	0.0	0.0	0.0	0.0
202605	003095310	28	廃棄物処理料	0.0	0.0	0.0	0.0	0.0	0.0
202605	003095310	29	広告宣伝費	0.0	0.0	0.0	0.0	0.0	0.0
202605	003095310	30	接待交際費	0.0	0.0	0.0	0.0	0.0	0.0
202605	003095310	31	研究開発費	0.0	0.0	0.0	0.0	0.0	0.0
202605	003095310	32	アフターサービス費	0.0	0.0	0.0	0.0	0.0	0.0
202605	003095310	33	クレーム費	0.0	0.0	0.0	0.0	0.0	0.0
202605	003095310	34	賃借料	0.0	0.0	0.0	0.0	0.0	0.0
202605	003095310	35	賃貸料収入	0.0	0.0	0.0	0.0	0.0	0.0
202605	003095310	36	修繕費	0.0	0.0	0.0	0.0	0.0	0.0
202605	003095310	37	支払リース料	0.0	0.0	0.0	0.0	0.0	0.0
202605	003095310	38	保険料	0.0	0.0	0.0	0.0	0.0	0.0
202605	003095310	39	支払報酬	0.0	0.0	0.0	0.0	0.0	0.0
202605	003095310	40	販売手数料	0.0	0.0	0.0	0.0	0.0	0.0
202605	003095310	41	支払手数料	0.0	0.0	0.0	0.0	0.0	0.0
202605	003095310	42	診断料	0.0	0.0	0.0	0.0	0.0	0.0
202605	003095310	43	諸会費	0.0	0.0	0.0	0.0	0.0	0.0
202605	003095310	44	会議費	0.0	0.0	0.0	0.0	0.0	0.0
202605	003095310	45	寄付金	0.0	0.0	0.0	0.0	0.0	0.0
202605	003095310	46	租税公課	0.0	0.0	0.0	0.0	0.0	0.0
202605	003095310	47	業務委託費	0.0	0.0	0.0	0.0	0.0	0.0
202605	003095310	48	業務受託収入	0.0	0.0	0.0	0.0	0.0	0.0
202605	003095310	49	システム管理料	0.0	0.0	0.0	0.0	0.0	0.0
202605	003095310	50	情報機器利用料	0.0	0.0	0.0	0.0	0.0	0.0
202605	003095310	51	貸倒金	0.0	0.0	0.0	0.0	0.0	0.0
202605	003095310	52	雑費	0.0	0.0	0.0	0.0	0.0	0.0
202605	003095310	53	福利消耗品費	0.0	0.0	0.0	0.0	0.0	0.0
202605	003095310	54	教育研修費	0.0	0.0	0.0	0.0	0.0	0.0
202605	003095310	55	廃棄損・減耗損	0.0	0.0	0.0	0.0	0.0	0.0
202605	003095310	56	雑給	0.0	0.0	0.0	0.0	0.0	0.0
202605	003095310	57	社内金利（固定資産）	0.0	0.0	0.0	0.0	0.0	0.0
202605	003095310	58	社内金利（売掛金）	0.0	0.0	0.0	0.0	0.0	0.0
202605	003095310	59	社内金利（在庫）	0.0	0.0	0.0	0.0	0.0	0.0
202605	003095310	60	開発口銭	0.0	0.0	0.0	0.0	0.0	0.0
202605	003095310	61	部門共通（経費）	0.0	0.0	0.0	0.0	0.0	0.0
202605	003095310	62	グループ共通	0.0	0.0	0.0	0.0	0.0	0.0
202605	003095310	63	差引収益	0.0	0.0	0.0		0.0	0.0
202605	003095310	64	差引比率	0.0	0.0	0.0		0.0	0.0
202605	003095310	65	総時間	0.0	0.0	0.0		0.0	0.0
202605	003095310	66	定時間	0.0	0.0	0.0	0.0	0.0	0.0
202605	003095310	67	残業時間	0.0	0.0	0.0	0.0	0.0	0.0
202605	003095310	68	移動時間	0.0	0.0	0.0	0.0	0.0	0.0
202605	003095310	69	部門共通（時間）	0.0	0.0	0.0	0.0	0.0	0.0
202605	003095310	70	当月時間当り	0.0	0.0	0.0		0.0	0.0
202605	003095310	71	人員	0.0	0.0	0.0		0.0	0.0
202605	003095320	1	総出荷	0.0	0.0	0.0		0.0	0.0
202605	003095320	2	社外売	0.0	0.0	0.0	0.0	0.0	0.0
202605	003095320	3	社内売	0.0	0.0	0.0	0.0	0.0	0.0
202605	003095320	4	社内仕入	0.0	0.0	16970.0		0.0	0.0
202605	003095320	5	仕掛1	0.0	0.0	0.0		0.0	0.0
202605	003095320	6	総生産	0.0	0.0	-16970.0		0.0	0.0
202605	003095320	7	経費合計	0.0	0.0	67101.0		0.0	0.0
202605	003095320	8	経費合計(原価)	0.0	0.0	67101.0	100.0	0.0	0.0
202605	003095320	9	仕掛2	0.0	0.0	0.0	0.0	0.0	0.0
202605	003095320	10	商品仕入高	0.0	0.0	67101.0	100.0	0.0	0.0
202605	003095320	11	原材料費	0.0	0.0	0.0	0.0	0.0	0.0
202605	003095320	12	外注加工費	0.0	0.0	0.0	0.0	0.0	0.0
202605	003095320	13	その他 直接経費	0.0	0.0	0.0	0.0	0.0	0.0
202605	003095320	14	他勘定振替高	0.0	0.0	0.0	0.0	0.0	0.0
202605	003095320	15	経費合計（販管費）	0.0	0.0	0.0	0.0	0.0	0.0
202605	003095320	16	減価償却費	0.0	0.0	0.0	0.0	0.0	0.0
202605	003095320	17	車両費	0.0	0.0	0.0	0.0	0.0	0.0
202605	003095320	18	旅費交通費	0.0	0.0	0.0	0.0	0.0	0.0
202605	003095320	19	荷造運搬費	0.0	0.0	0.0	0.0	0.0	0.0
202605	003095320	20	通信費	0.0	0.0	0.0	0.0	0.0	0.0
202605	003095320	21	水道光熱費	0.0	0.0	0.0	0.0	0.0	0.0
202605	003095320	22	動力費	0.0	0.0	0.0	0.0	0.0	0.0
202605	003095320	23	事務用品費	0.0	0.0	0.0	0.0	0.0	0.0
202605	003095320	24	消耗品費	0.0	0.0	0.0	0.0	0.0	0.0
202605	003095320	25	廃棄物処理料	0.0	0.0	0.0	0.0	0.0	0.0
202605	003095320	26	広告宣伝費	0.0	0.0	0.0	0.0	0.0	0.0
202605	003095320	27	接待交際費	0.0	0.0	0.0	0.0	0.0	0.0
202605	003095320	28	研究開発費	0.0	0.0	0.0	0.0	0.0	0.0
202605	003095320	29	アフターサービス費	0.0	0.0	0.0	0.0	0.0	0.0
202605	003095320	30	クレーム費	0.0	0.0	0.0	0.0	0.0	0.0
202605	003095320	31	賃借料	0.0	0.0	0.0	0.0	0.0	0.0
202605	003095320	32	賃貸料収入	0.0	0.0	0.0	0.0	0.0	0.0
202605	003095320	33	修繕費	0.0	0.0	0.0	0.0	0.0	0.0
202605	003095320	34	支払リース料	0.0	0.0	0.0	0.0	0.0	0.0
202605	003095320	35	保険料	0.0	0.0	0.0	0.0	0.0	0.0
202605	003095320	36	支払報酬	0.0	0.0	0.0	0.0	0.0	0.0
202605	003095320	37	販売手数料	0.0	0.0	0.0	0.0	0.0	0.0
202605	003095320	38	支払手数料	0.0	0.0	0.0	0.0	0.0	0.0
202605	003095320	39	診断料	0.0	0.0	0.0	0.0	0.0	0.0
202605	003095320	40	諸会費	0.0	0.0	0.0	0.0	0.0	0.0
202605	003095320	41	会議費	0.0	0.0	0.0	0.0	0.0	0.0
202605	003095320	42	寄付金	0.0	0.0	0.0	0.0	0.0	0.0
202605	003095320	43	租税公課	0.0	0.0	0.0	0.0	0.0	0.0
202605	003095320	44	業務委託費	0.0	0.0	0.0	0.0	0.0	0.0
202605	003095320	45	業務受託収入	0.0	0.0	0.0	0.0	0.0	0.0
202605	003095320	46	システム管理料	0.0	0.0	0.0	0.0	0.0	0.0
202605	003095320	47	情報機器利用料	0.0	0.0	0.0	0.0	0.0	0.0
202605	003095320	48	貸倒金	0.0	0.0	0.0	0.0	0.0	0.0
202605	003095320	49	雑費	0.0	0.0	0.0	0.0	0.0	0.0
202605	003095320	50	福利消耗品費	0.0	0.0	0.0	0.0	0.0	0.0
202605	003095320	51	教育研修費	0.0	0.0	0.0	0.0	0.0	0.0
202605	003095320	52	廃棄損・減耗損	0.0	0.0	0.0	0.0	0.0	0.0
202605	003095320	53	雑給	0.0	0.0	0.0	0.0	0.0	0.0
202605	003095320	54	社内金利（固定資産）	0.0	0.0	0.0	0.0	0.0	0.0
202605	003095320	55	社内金利（売掛金）	0.0	0.0	0.0	0.0	0.0	0.0
202605	003095320	56	社内金利（在庫）	0.0	0.0	0.0	0.0	0.0	0.0
202605	003095320	57	営業口銭①（新築）	0.0	0.0	0.0	0.0	0.0	0.0
202605	003095320	58	営業口銭②（リフォ）	0.0	0.0	0.0	0.0	0.0	0.0
202605	003095320	59	開発口銭	0.0	0.0	0.0	0.0	0.0	0.0
202605	003095320	60	部門共通（経費）	0.0	0.0	0.0	0.0	0.0	0.0
202605	003095320	61	グループ共通	0.0	0.0	0.0	0.0	0.0	0.0
202605	003095320	62	差引収益	0.0	0.0	-84071.0		0.0	0.0
202605	003095320	63	差引比率	0.0	0.0	495.4		0.0	0.0
202605	003095320	64	総時間	0.0	0.0	0.0		0.0	0.0
202605	003095320	65	定時間	0.0	0.0	0.0	0.0	0.0	0.0
202605	003095320	66	残業時間	0.0	0.0	0.0	0.0	0.0	0.0
202605	003095320	67	移動時間	0.0	0.0	0.0	0.0	0.0	0.0
202605	003095320	68	部門共通（時間）	0.0	0.0	0.0	0.0	0.0	0.0
202605	003095320	69	当月時間当り	0.0	0.0	0.0		0.0	0.0
202605	003095320	70	人員	0.0	0.0	0.0		0.0	0.0
202605	230H10700	1	総受注高	0.0	0.0	0.0		0.0	0.0
202605	230H10700	2	【新築】受注高	0.0	0.0	0.0	0.0	0.0	0.0
202605	230H10700	3	【リフォ】受注高	0.0	0.0	0.0	0.0	0.0	0.0
202605	230H10700	4	【資材】受注高	0.0	0.0	0.0	0.0	0.0	0.0
202605	230H10700	5	総売上高	0.0	0.0	0.0		0.0	0.0
202605	230H10700	6	【新築】売上高	0.0	0.0	0.0	0.0	0.0	0.0
202605	230H10700	7	【リフォ】売上高	0.0	0.0	0.0	0.0	0.0	0.0
202605	230H10700	8	【資材】売上高	0.0	0.0	0.0	0.0	0.0	0.0
202605	230H10700	9	【新築】インセンティブ	0.0	0.0	0.0	0.0	0.0	0.0
202605	230H10700	10	【リフォ】インセンティブ	0.0	0.0	0.0	0.0	0.0	0.0
202605	230H10700	11	【資材】インセンティブ	0.0	0.0	0.0	0.0	0.0	0.0
202605	230H10700	12	収益①（営業口銭）	0.0	0.0	0.0		0.0	0.0
202605	230H10700	13	【新築】収益①(営業口銭)	0.0	0.0	0.0		0.0	0.0
202605	230H10700	14	【リフォ】収益①(営業口銭)	0.0	0.0	0.0		0.0	0.0
202605	230H10700	15	【資材】売上原価	0.0	0.0	0.0		0.0	0.0
202605	230H10700	16	収益②（資材）	0.0	0.0	0.0		0.0	0.0
202605	230H10700	17	総収益	0.0	0.0	0.0		0.0	0.0
202605	230H10700	18	経費合計	0.0	0.0	0.0		0.0	0.0
202605	230H10700	19	減価償却費	0.0	0.0	11500.0	0.0	0.0	0.0
202605	230H10700	20	車両費	262850.0	262775.0	290016.0	0.0	110.3	110.3
202605	230H10700	21	旅費交通費	60000.0	60000.0	-1.0	0.0	0.0	0.0
202605	230H10700	22	荷造運搬費	2930000.0	2930000.0	5393947.0	0.0	184.0	184.0
202605	230H10700	23	通信費	69534.0	69534.0	42172.0	0.0	60.6	60.6
202605	230H10700	24	水道光熱費	38554.0	38554.0	37184.0	0.0	96.4	96.4
202605	230H10700	25	動力費	0.0	0.0	0.0	0.0	0.0	0.0
202605	230H10700	26	事務用品費	7523.0	6583.0	10164.0	0.0	154.3	135.1
202605	230H10700	27	消耗品費	70262.0	733916.0	161546.0	0.0	22.0	229.9
202605	230H10700	28	廃棄物処理料	112375.0	112375.0	100194.0	0.0	89.1	89.1
202605	230H10700	29	広告宣伝費	11500.0	11500.0	0.0	0.0	0.0	0.0
202605	230H10700	30	接待交際費	0.0	0.0	0.0	0.0	0.0	0.0
202605	230H10700	31	研究開発費	0.0	0.0	0.0	0.0	0.0	0.0
202605	230H10700	32	アフターサービス費	0.0	0.0	0.0	0.0	0.0	0.0
202605	230H10700	33	クレーム費	0.0	0.0	6210.0	0.0	0.0	0.0
202605	230H10700	34	賃借料	614034.0	614034.0	583570.0	0.0	95.0	95.0
202605	230H10700	35	賃貸料収入	0.0	0.0	0.0	0.0	0.0	0.0
202605	230H10700	36	修繕費	0.0	0.0	0.0	0.0	0.0	0.0
202605	230H10700	37	支払リース料	8700.0	8700.0	10326.0	0.0	118.6	118.6
202605	230H10700	38	保険料	50857.0	50857.0	674.0	0.0	1.3	1.3
202605	230H10700	39	支払報酬	300000.0	300000.0	300000.0	0.0	100.0	100.0
202605	230H10700	40	販売手数料	0.0	0.0	0.0	0.0	0.0	0.0
202605	230H10700	41	支払手数料	40700.0	40700.0	804.0	0.0	1.9	1.9
202605	230H10700	42	診断料	0.0	0.0	0.0	0.0	0.0	0.0
202605	230H10700	43	諸会費	1500.0	1500.0	500.0	0.0	33.3	33.3
202605	230H10700	44	会議費	0.0	0.0	0.0	0.0	0.0	0.0
202605	230H10700	45	寄付金	0.0	0.0	0.0	0.0	0.0	0.0
202605	230H10700	46	租税公課	0.0	0.0	0.0	0.0	0.0	0.0
202605	230H10700	47	業務委託費	0.0	0.0	0.0	0.0	0.0	0.0
202605	230H10700	48	業務受託収入	0.0	0.0	0.0	0.0	0.0	0.0
202605	230H10700	49	システム管理料	0.0	0.0	0.0	0.0	0.0	0.0
202605	230H10700	50	情報機器利用料	730090.0	730090.0	730090.0	0.0	100.0	100.0
202605	230H10700	51	貸倒金	0.0	0.0	0.0	0.0	0.0	0.0
202605	230H10700	52	雑費	4809.0	4809.0	4591.0	0.0	95.4	95.4
202605	230H10700	53	福利消耗品費	45344.0	43053.0	3920.0	0.0	9.1	8.6
202605	230H10700	54	教育研修費	7272.0	7272.0	6865.0	0.0	94.4	94.4
202605	230H10700	55	廃棄損・減耗損	0.0	0.0	0.0	0.0	0.0	0.0
202605	230H10700	56	雑給	0.0	0.0	0.0	0.0	0.0	0.0
202605	230H10700	57	社内金利（固定資産）	0.0	0.0	3335.0	0.0	0.0	0.0
202605	230H10700	58	社内金利（売掛金）	0.0	0.0	0.0	0.0	0.0	0.0
202605	230H10700	59	社内金利（在庫）	900000.0	904000.0	1029061.0	0.0	113.8	114.3
202605	230H10700	60	開発口銭	0.0	0.0	0.0	0.0	0.0	0.0
202605	230H10700	61	部門共通（経費）	-6542304.0	-7206652.0	-9003068.0	0.0	0.0	0.0
202605	230H10700	62	グループ共通	276400.0	276400.0	276400.0	0.0	100.0	100.0
202605	230H10700	63	差引収益	0.0	0.0	0.0		0.0	0.0
202605	230H10700	64	差引比率	0.0	0.0	0.0		0.0	0.0
202605	230H10700	65	総時間	0.0	0.0	0.0		0.0	0.0
202605	230H10700	66	定時間	1684.0	1688.0	1705.25	0.0	101.0	101.2
202605	230H10700	67	残業時間	193.0	218.0	180.25	0.0	82.6	93.3
202605	230H10700	68	移動時間	-79.0	-79.0	-95.25	0.0	0.0	0.0
202605	230H10700	69	部門共通（時間）	-1798.0	-1827.0	-1790.25	0.0	0.0	0.0
202605	230H10700	70	当月時間当り	0.0	0.0	0.0		0.0	0.0
202605	230H10700	71	人員	12.0	12.0	12.0		100.0	100.0
202605	003010100	1	総受注高	1259420000.0	1030301627.0	994144324.0		96.4	78.9
202605	003010100	2	【新築】受注高	558500000.0	373220000.0	283950728.0	28.5	76.0	50.8
202605	003010100	3	【リフォ】受注高	331730000.0	287891627.0	293930914.0	29.5	102.0	88.6
202605	003010100	4	【資材】受注高	369190000.0	369190000.0	416262682.0	41.8	112.7	112.7
202605	003010100	5	総売上高	836950000.0	726863340.0	689089167.0		94.8	82.3
202605	003010100	6	【新築】売上高	294200000.0	211496500.0	209600900.0	30.4	99.1	71.2
202605	003010100	7	【リフォ】売上高	224330000.0	196946840.0	167077202.0	24.2	84.8	74.4
202605	003010100	8	【資材】売上高	318420000.0	318420000.0	312411294.0	45.3	98.1	98.1
202605	003010100	9	【新築】インセンティブ	0.0	0.0	0.0	0.0	0.0	0.0
202605	003010100	10	【リフォ】インセンティブ	0.0	0.0	0.0	0.0	0.0	0.0
202605	003010100	11	【資材】インセンティブ	0.0	0.0	-229.0	0.0	0.0	0.0
202605	003010100	12	収益①（営業口銭）	48359500.0	40116849.0	35541611.0		88.5	73.4
202605	003010100	13	【新築】収益①(営業口銭)	14710000.0	10574825.0	10480045.0		99.1	71.2
202605	003010100	14	【リフォ】収益①(営業口銭)	33649500.0	29542024.0	25061566.0		84.8	74.4
202605	003010100	15	【資材】売上原価	250649000.0	250649000.0	240250121.0		95.8	95.8
202605	003010100	16	収益②（資材）	67771000.0	67771000.0	72160944.0		106.4	106.4
202605	003010100	17	総収益	116130500.0	107887849.0	107702555.0		99.8	92.7
202605	003010100	18	総出荷	520030000.0	409643340.0	378094000.0		92.2	72.7
202605	003010100	19	社外売	518530000.0	408443340.0	376678102.0	99.6	92.2	72.6
202605	003010100	20	社内売	1500000.0	1200000.0	1415898.0	0.3	117.9	94.3
202605	003010100	21	社内仕入	71159290.0	44978618.0	36014481.0		80.0	50.6
202605	003010100	22	仕掛1	0.0	0.0	0.0		0.0	0.0
202605	003010100	23	総生産	448870710.0	364664722.0	342079519.0		93.8	76.2
202605	003010100	24	経費合計	360004312.0	325512204.0	332007108.0		101.9	92.2
202605	003010100	25	経費合計(原価)	241184434.0	219824367.0	228859291.0	68.9	104.1	94.8
202605	003010100	26	仕掛2	0.0	0.0	0.0	0.0	0.0	0.0
202605	003010100	27	商品仕入高	132943974.0	111827781.0	129893633.0	56.7	116.1	97.7
202605	003010100	28	原材料費	0.0	0.0	0.0	0.0	0.0	0.0
202605	003010100	29	外注加工費	102868667.0	100411704.0	93043098.0	40.6	92.6	90.4
202605	003010100	30	その他 直接経費	5371793.0	7584882.0	5922560.0	2.5	78.0	110.2
202605	003010100	31	他勘定振替高	0.0	0.0	0.0	0.0	0.0	0.0
202605	003010100	32	経費合計（販管費）	118819878.0	105687837.0	103147817.0	31.0	97.5	86.8
202605	003010100	33	減価償却費	729901.0	665321.0	718207.0	0.6	107.9	98.3
202605	003010100	34	車両費	10262308.0	10213058.0	9680543.0	9.3	94.7	94.3
202605	003010100	35	旅費交通費	3074200.0	3048500.0	3187130.0	3.0	104.5	103.6
202605	003010100	36	荷造運搬費	3019000.0	3019000.0	5613521.0	5.4	185.9	185.9
202605	003010100	37	通信費	1150743.0	1138498.0	1095547.0	1.0	96.2	95.2
202605	003010100	38	水道光熱費	1054214.0	1063254.0	849793.0	0.8	79.9	80.6
202605	003010100	39	動力費	0.0	0.0	0.0	0.0	0.0	0.0
202605	003010100	40	事務用品費	422948.0	409208.0	338233.0	0.3	82.6	79.9
202605	003010100	41	消耗品費	604400.0	1361122.0	787784.0	0.7	57.8	130.3
202605	003010100	42	廃棄物処理料	561681.0	674681.0	1038325.0	1.0	153.8	184.8
202605	003010100	43	広告宣伝費	121046.0	129046.0	62880.0	0.0	48.7	51.9
202605	003010100	44	接待交際費	413000.0	473000.0	333127.0	0.3	70.4	80.6
202605	003010100	45	研究開発費	0.0	0.0	0.0	0.0	0.0	0.0
202605	003010100	46	アフターサービス費	0.0	0.0	0.0	0.0	0.0	0.0
202605	003010100	47	クレーム費	1350000.0	200000.0	108419.0	0.1	54.2	8.0
202605	003010100	48	賃借料	8200443.0	8243656.0	8442958.0	8.1	102.4	102.9
202605	003010100	49	賃貸料収入	-292631.0	-299782.0	-321009.0	0.0	0.0	0.0
202605	003010100	50	修繕費	1500500.0	338190.0	44190.0	0.0	13.0	2.9
202605	003010100	51	支払リース料	108202.0	108203.0	98605.0	0.0	91.1	91.1
202605	003010100	52	保険料	618498.0	618498.0	787356.0	0.7	127.3	127.3
202605	003010100	53	支払報酬	354545.0	354545.0	515909.0	0.5	145.5	145.5
202605	003010100	54	販売手数料	0.0	0.0	0.0	0.0	0.0	0.0
202605	003010100	55	支払手数料	2330306.0	894756.0	3134506.0	3.0	350.3	134.5
202605	003010100	56	診断料	5000.0	5000.0	0.0	0.0	0.0	0.0
202605	003010100	57	諸会費	233050.0	232050.0	262655.0	0.2	113.1	112.7
202605	003010100	58	会議費	0.0	0.0	0.0	0.0	0.0	0.0
202605	003010100	59	寄付金	3000.0	3000.0	0.0	0.0	0.0	0.0
202605	003010100	60	租税公課	179000.0	154100.0	141022.0	0.1	91.5	78.7
202605	003010100	61	業務委託費	0.0	0.0	80000.0	0.0	0.0	0.0
202605	003010100	62	業務受託収入	0.0	0.0	0.0	0.0	0.0	0.0
202605	003010100	63	システム管理料	0.0	0.0	0.0	0.0	0.0	0.0
202605	003010100	64	情報機器利用料	10360633.0	10422963.0	10448190.0	10.1	100.2	100.8
202605	003010100	65	貸倒金	0.0	0.0	0.0	0.0	0.0	0.0
202605	003010100	66	雑費	197479.0	200486.0	187979.0	0.1	93.7	95.1
202605	003010100	67	福利消耗品費	1021989.0	979948.0	36797.0	0.0	3.7	3.6
202605	003010100	68	教育研修費	485215.0	511325.0	266022.0	0.2	52.0	54.8
202605	003010100	69	廃棄損・減耗損	10000.0	70861.0	350218.0	0.3	494.2	
202605	003010100	70	雑給	0.0	0.0	0.0	0.0	0.0	0.0
202605	003010100	71	社内金利（固定資産）	183484.0	183484.0	190589.0	0.1	103.8	103.8
202605	003010100	72	社内金利（売掛金）	341593.0	362473.0	360780.0	0.3	99.5	105.6
202605	003010100	73	社内金利（在庫）	1358173.0	1363413.0	1665242.0	1.6	122.1	122.6
202605	003010100	74	営業口銭①（新築）	14710000.0	10574825.0	10480045.0	10.1	99.1	71.2
202605	003010100	75	営業口銭②（リフォ）	33649500.0	29542024.0	25061566.0	24.2	84.8	74.4
202605	003010100	76	開発口銭	0.0	0.0	0.0	0.0	0.0	0.0
202605	003010100	77	部門共通（経費）	15842558.0	13773231.0	12444788.0	12.0	90.3	78.5
202605	003010100	78	グループ共通	4655900.0	4655900.0	4655900.0	4.5	100.0	100.0
202605	003010100	79	差引収益	204996898.0	147040367.0	117774966.0		80.0	57.4
202605	003010100	80	差引比率	15.9	13.4	11.4		85.0	71.6
202605	003010100	81	総時間	41591.0	41933.75	41001.25		97.7	98.5
202605	003010100	82	定時間	26869.25	26996.5	26213.0	63.9	97.0	97.5
202605	003010100	83	残業時間	3901.5	4130.0	4289.25	10.4	103.8	109.9
202605	003010100	84	移動時間	98.25	120.5	-120.75	0.0	0.0	0.0
202605	003010100	85	部門共通（時間）	10722.0	10686.75	10619.75	25.9	99.3	99.0
202605	003010100	86	当月時間当り	4928.8	3506.4	2872.4		81.9	58.2
202605	003010100	87	人員	183.0	186.0	187.0		100.5	102.1
202605	230B10100	1	総出荷	0.0	0.0	0.0		0.0	0.0
202605	230B10100	2	社外売	0.0	0.0	0.0	0.0	0.0	0.0
202605	230B10100	3	社内売	0.0	0.0	0.0	0.0	0.0	0.0
202605	230B10100	4	社内仕入	0.0	0.0	0.0		0.0	0.0
202605	230B10100	5	仕掛1	0.0	0.0	0.0		0.0	0.0
202605	230B10100	6	総生産	0.0	0.0	0.0		0.0	0.0
202605	230B10100	7	経費合計	0.0	0.0	0.0		0.0	0.0
202605	230B10100	8	経費合計(原価)	0.0	0.0	0.0	0.0	0.0	0.0
202605	230B10100	9	仕掛2	0.0	0.0	0.0	0.0	0.0	0.0
202605	230B10100	10	商品仕入高	0.0	0.0	0.0	0.0	0.0	0.0
202605	230B10100	11	原材料費	0.0	0.0	0.0	0.0	0.0	0.0
202605	230B10100	12	外注加工費	0.0	0.0	0.0	0.0	0.0	0.0
202605	230B10100	13	その他 直接経費	0.0	0.0	0.0	0.0	0.0	0.0
202605	230B10100	14	他勘定振替高	0.0	0.0	0.0	0.0	0.0	0.0
202605	230B10100	15	経費合計（販管費）	0.0	0.0	0.0	0.0	0.0	0.0
202605	230B10100	16	減価償却費	0.0	0.0	0.0	0.0	0.0	0.0
202605	230B10100	17	車両費	590789.0	577978.0	598509.0	0.0	103.5	101.3
202605	230B10100	18	旅費交通費	450600.0	446980.0	274171.0	0.0	61.3	60.8
202605	230B10100	19	荷造運搬費	0.0	0.0	0.0	0.0	0.0	0.0
202605	230B10100	20	通信費	40306.0	40306.0	35692.0	0.0	88.5	88.5
202605	230B10100	21	水道光熱費	23985.0	23985.0	19125.0	0.0	79.7	79.7
202605	230B10100	22	動力費	0.0	0.0	0.0	0.0	0.0	0.0
202605	230B10100	23	事務用品費	15148.0	13348.0	2163.0	0.0	16.2	14.2
202605	230B10100	24	消耗品費	15460.0	8960.0	15589.0	0.0	173.9	100.8
202605	230B10100	25	廃棄物処理料	0.0	0.0	0.0	0.0	0.0	0.0
202605	230B10100	26	広告宣伝費	0.0	0.0	0.0	0.0	0.0	0.0
202605	230B10100	27	接待交際費	13000.0	23000.0	0.0	0.0	0.0	0.0
202605	230B10100	28	研究開発費	0.0	0.0	0.0	0.0	0.0	0.0
202605	230B10100	29	アフターサービス費	0.0	0.0	0.0	0.0	0.0	0.0
202605	230B10100	30	クレーム費	0.0	0.0	0.0	0.0	0.0	0.0
202605	230B10100	31	賃借料	233200.0	229200.0	208200.0	0.0	90.8	89.2
202605	230B10100	32	賃貸料収入	0.0	0.0	2040.0	0.0	0.0	0.0
202605	230B10100	33	修繕費	0.0	0.0	0.0	0.0	0.0	0.0
202605	230B10100	34	支払リース料	0.0	0.0	0.0	0.0	0.0	0.0
202605	230B10100	35	保険料	845.0	845.0	0.0	0.0	0.0	0.0
202605	230B10100	36	支払報酬	0.0	0.0	0.0	0.0	0.0	0.0
202605	230B10100	37	販売手数料	0.0	0.0	0.0	0.0	0.0	0.0
202605	230B10100	38	支払手数料	2279.0	2279.0	777.0	0.0	34.0	34.0
202605	230B10100	39	診断料	0.0	0.0	0.0	0.0	0.0	0.0
202605	230B10100	40	諸会費	10500.0	10500.0	47000.0	0.0	447.6	447.6
202605	230B10100	41	会議費	0.0	0.0	0.0	0.0	0.0	0.0
202605	230B10100	42	寄付金	0.0	0.0	0.0	0.0	0.0	0.0
202605	230B10100	43	租税公課	0.0	0.0	0.0	0.0	0.0	0.0
202605	230B10100	44	業務委託費	0.0	0.0	0.0	0.0	0.0	0.0
202605	230B10100	45	業務受託収入	-15000.0	-15000.0	-15000.0	0.0	0.0	0.0
202605	230B10100	46	システム管理料	0.0	0.0	0.0	0.0	0.0	0.0
202605	230B10100	47	情報機器利用料	766238.0	766238.0	760388.0	0.0	99.2	99.2
202605	230B10100	48	貸倒金	0.0	0.0	0.0	0.0	0.0	0.0
202605	230B10100	49	雑費	2640.0	2640.0	3085.0	0.0	116.8	116.8
202605	230B10100	50	福利消耗品費	74420.0	69420.0	600.0	0.0	0.8	0.8
202605	230B10100	51	教育研修費	34000.0	30000.0	0.0	0.0	0.0	0.0
202605	230B10100	52	廃棄損・減耗損	0.0	0.0	0.0	0.0	0.0	0.0
202605	230B10100	53	雑給	0.0	0.0	0.0	0.0	0.0	0.0
202605	230B10100	54	社内金利（固定資産）	0.0	0.0	0.0	0.0	0.0	0.0
202605	230B10100	55	社内金利（売掛金）	0.0	0.0	0.0	0.0	0.0	0.0
202605	230B10100	56	社内金利（在庫）	0.0	0.0	0.0	0.0	0.0	0.0
202605	230B10100	57	営業口銭①（新築）	0.0	0.0	0.0	0.0	0.0	0.0
202605	230B10100	58	営業口銭②（リフォ）	0.0	0.0	0.0	0.0	0.0	0.0
202605	230B10100	59	開発口銭	0.0	0.0	0.0	0.0	0.0	0.0
202605	230B10100	60	部門共通（経費）	-2711010.0	-2683279.0	-2404939.0	0.0	0.0	0.0
202605	230B10100	61	グループ共通	452600.0	452600.0	452600.0	0.0	100.0	100.0
202605	230B10100	62	差引収益	0.0	0.0	0.0		0.0	0.0
202605	230B10100	63	差引比率	0.0	0.0	0.0		0.0	0.0
202605	230B10100	64	総時間	0.0	0.0	0.0		0.0	0.0
202605	230B10100	65	定時間	2613.5	2605.0	2598.25	0.0	99.7	99.4
202605	230B10100	66	残業時間	392.0	392.0	391.0	0.0	99.7	99.7
202605	230B10100	67	移動時間	8.5	8.5	0.5	0.0	5.8	5.8
202605	230B10100	68	部門共通（時間）	-3014.0	-3005.5	-2989.75	0.0	0.0	0.0
202605	230B10100	69	当月時間当り	0.0	0.0	0.0		0.0	0.0
202605	230B10100	70	人員	18.0	18.0	18.0		100.0	100.0
202605	040A10100	1	総受注高	8500000.0	7966267.0	13127205.0		164.7	154.4
202605	040A10100	2	【新築】受注高	0.0	0.0	0.0	0.0	0.0	0.0
202605	040A10100	3	【リフォ】受注高	4500000.0	3966267.0	8047735.0	61.3	202.9	178.8
202605	040A10100	4	【資材】受注高	4000000.0	4000000.0	5079470.0	38.6	126.9	126.9
202605	040A10100	5	総売上高	6000000.0	10600000.0	17227050.0		162.5	287.1
202605	040A10100	6	【新築】売上高	0.0	0.0	0.0	0.0	0.0	0.0
202605	040A10100	7	【リフォ】売上高	2000000.0	6600000.0	11451000.0	66.4	173.5	572.5
202605	040A10100	8	【資材】売上高	4000000.0	4000000.0	5776279.0	33.5	144.4	144.4
202605	040A10100	9	【新築】インセンティブ	0.0	0.0	0.0	0.0	0.0	0.0
202605	040A10100	10	【リフォ】インセンティブ	0.0	0.0	0.0	0.0	0.0	0.0
202605	040A10100	11	【資材】インセンティブ	0.0	0.0	-229.0	0.0	0.0	0.0
202605	040A10100	12	収益①（営業口銭）	300000.0	990000.0	1717650.0		173.5	572.5
202605	040A10100	13	【新築】収益①(営業口銭)	0.0	0.0	0.0		0.0	0.0
202605	040A10100	14	【リフォ】収益①(営業口銭)	300000.0	990000.0	1717650.0		173.5	572.5
202605	040A10100	15	【資材】売上原価	3200000.0	3200000.0	4972848.0		155.4	155.4
202605	040A10100	16	収益②（資材）	800000.0	800000.0	803202.0		100.4	100.4
202605	040A10100	17	総収益	1100000.0	1790000.0	2520852.0		140.8	229.1
202605	040A10100	18	経費合計	1586622.0	1542703.0	1397167.0		90.5	88.0
202605	040A10100	19	減価償却費	0.0	0.0	0.0	0.0	0.0	0.0
202605	040A10100	20	車両費	162820.0	162820.0	160736.0	11.5	98.7	98.7
202605	040A10100	21	旅費交通費	120000.0	140000.0	23309.0	1.6	16.6	19.4
202605	040A10100	22	荷造運搬費	1000.0	1000.0	0.0	0.0	0.0	0.0
202605	040A10100	23	通信費	47054.0	47054.0	45395.0	3.2	96.4	96.4
202605	040A10100	24	水道光熱費	20260.0	20700.0	27356.0	1.9	132.1	135.0
202605	040A10100	25	動力費	0.0	0.0	0.0	0.0	0.0	0.0
202605	040A10100	26	事務用品費	5000.0	5000.0	2731.0	0.1	54.6	54.6
202605	040A10100	27	消耗品費	1500.0	1500.0	1200.0	0.0	80.0	80.0
202605	040A10100	28	廃棄物処理料	0.0	0.0	0.0	0.0	0.0	0.0
202605	040A10100	29	広告宣伝費	0.0	0.0	0.0	0.0	0.0	0.0
202605	040A10100	30	接待交際費	5000.0	5000.0	0.0	0.0	0.0	0.0
202605	040A10100	31	研究開発費	0.0	0.0	0.0	0.0	0.0	0.0
202605	040A10100	32	アフターサービス費	0.0	0.0	0.0	0.0	0.0	0.0
202605	040A10100	33	クレーム費	0.0	0.0	0.0	0.0	0.0	0.0
202605	040A10100	34	賃借料	234558.0	314458.0	313558.0	22.4	99.7	133.6
202605	040A10100	35	賃貸料収入	-10000.0	-29900.0	-31000.0	0.0	0.0	0.0
202605	040A10100	36	修繕費	0.0	0.0	0.0	0.0	0.0	0.0
202605	040A10100	37	支払リース料	0.0	0.0	0.0	0.0	0.0	0.0
202605	040A10100	38	保険料	204.0	204.0	204.0	0.0	100.0	100.0
202605	040A10100	39	支払報酬	0.0	0.0	0.0	0.0	0.0	0.0
202605	040A10100	40	販売手数料	0.0	0.0	0.0	0.0	0.0	0.0
202605	040A10100	41	支払手数料	36500.0	36500.0	20785.0	1.4	56.9	56.9
202605	040A10100	42	診断料	0.0	0.0	0.0	0.0	0.0	0.0
202605	040A10100	43	諸会費	51200.0	51200.0	50500.0	3.6	98.6	98.6
202605	040A10100	44	会議費	0.0	0.0	0.0	0.0	0.0	0.0
202605	040A10100	45	寄付金	0.0	0.0	0.0	0.0	0.0	0.0
202605	040A10100	46	租税公課	2000.0	2000.0	2700.0	0.1	135.0	135.0
202605	040A10100	47	業務委託費	0.0	0.0	0.0	0.0	0.0	0.0
202605	040A10100	48	業務受託収入	0.0	0.0	0.0	0.0	0.0	0.0
202605	040A10100	49	システム管理料	0.0	0.0	0.0	0.0	0.0	0.0
202605	040A10100	50	情報機器利用料	216040.0	216040.0	221740.0	15.8	102.6	102.6
202605	040A10100	51	貸倒金	0.0	0.0	0.0	0.0	0.0	0.0
202605	040A10100	52	雑費	2000.0	2000.0	2400.0	0.1	120.0	120.0
202605	040A10100	53	福利消耗品費	30000.0	13500.0	0.0	0.0	0.0	0.0
202605	040A10100	54	教育研修費	2871.0	2871.0	2870.0	0.2	99.9	99.9
202605	040A10100	55	廃棄損・減耗損	0.0	0.0	0.0	0.0	0.0	0.0
202605	040A10100	56	雑給	0.0	0.0	0.0	0.0	0.0	0.0
202605	040A10100	57	社内金利（固定資産）	0.0	0.0	0.0	0.0	0.0	0.0
202605	040A10100	58	社内金利（売掛金）	0.0	0.0	0.0	0.0	0.0	0.0
202605	040A10100	59	社内金利（在庫）	0.0	0.0	4584.0	0.3	0.0	0.0
202605	040A10100	60	開発口銭	0.0	0.0	0.0	0.0	0.0	0.0
202605	040A10100	61	部門共通（経費）	582815.0	474956.0	472299.0	33.8	99.4	81.0
202605	040A10100	62	グループ共通	75800.0	75800.0	75800.0	5.4	100.0	100.0
202605	040A10100	63	差引収益	-486622.0	247297.0	1123685.0		454.3	0.0
202605	040A10100	64	差引比率	-8.1	2.3	6.5		282.6	0.0
202605	040A10100	65	総時間	523.25	514.75	513.5		99.7	98.1
202605	040A10100	66	定時間	456.0	448.0	437.0	85.1	97.5	95.8
202605	040A10100	67	残業時間	57.0	57.0	66.0	12.8	115.7	115.7
202605	040A10100	68	移動時間	-270.0	-270.0	-264.0	0.0	0.0	0.0
202605	040A10100	69	部門共通（時間）	280.25	279.75	274.5	53.4	98.1	97.9
202605	040A10100	70	当月時間当り	-929.9	480.4	2188.2		455.4	0.0
202605	040A10100	71	人員	3.0	3.0	3.0		100.0	100.0
202605	040A10300	1	総受注高	8500000.0	7966267.0	13127205.0		164.7	154.4
202605	040A10300	2	【新築】受注高	0.0	0.0	0.0	0.0	0.0	0.0
202605	040A10300	3	【リフォ】受注高	4500000.0	3966267.0	8047735.0	61.3	202.9	178.8
202605	040A10300	4	【資材】受注高	4000000.0	4000000.0	5079470.0	38.6	126.9	126.9
202605	040A10300	5	総売上高	6000000.0	10600000.0	17227050.0		162.5	287.1
202605	040A10300	6	【新築】売上高	0.0	0.0	0.0	0.0	0.0	0.0
202605	040A10300	7	【リフォ】売上高	2000000.0	6600000.0	11451000.0	66.4	173.5	572.5
202605	040A10300	8	【資材】売上高	4000000.0	4000000.0	5776279.0	33.5	144.4	144.4
202605	040A10300	9	【新築】インセンティブ	0.0	0.0	0.0	0.0	0.0	0.0
202605	040A10300	10	【リフォ】インセンティブ	0.0	0.0	0.0	0.0	0.0	0.0
202605	040A10300	11	【資材】インセンティブ	0.0	0.0	-229.0	0.0	0.0	0.0
202605	040A10300	12	収益①（営業口銭）	300000.0	990000.0	1717650.0		173.5	572.5
202605	040A10300	13	【新築】収益①(営業口銭)	0.0	0.0	0.0		0.0	0.0
202605	040A10300	14	【リフォ】収益①(営業口銭)	300000.0	990000.0	1717650.0		173.5	572.5
202605	040A10300	15	【資材】売上原価	3200000.0	3200000.0	4972848.0		155.4	155.4
202605	040A10300	16	収益②（資材）	800000.0	800000.0	803202.0		100.4	100.4
202605	040A10300	17	総収益	1100000.0	1790000.0	2520852.0		140.8	229.1
202605	040A10300	18	総出荷	2000000.0	6600000.0	11451000.0		173.5	572.5
202605	040A10300	19	社外売	2000000.0	6600000.0	11451000.0	100.0	173.5	572.5
202605	040A10300	20	社内売	0.0	0.0	0.0	0.0	0.0	0.0
202605	040A10300	21	社内仕入	0.0	0.0	2083747.0		0.0	0.0
202605	040A10300	22	仕掛1	0.0	0.0	0.0		0.0	0.0
202605	040A10300	23	総生産	2000000.0	6600000.0	9367253.0		141.9	468.3
202605	040A10300	24	経費合計	3645065.0	6476493.0	8119627.0		125.3	222.7
202605	040A10300	25	経費合計(原価)	1560000.0	3785080.0	4816014.0	59.3	127.2	308.7
202605	040A10300	26	仕掛2	0.0	0.0	0.0	0.0	0.0	0.0
202605	040A10300	27	商品仕入高	624000.0	875842.0	1007483.0	20.9	115.0	161.4
202605	040A10300	28	原材料費	0.0	0.0	0.0	0.0	0.0	0.0
202605	040A10300	29	外注加工費	936000.0	2909238.0	3658163.0	75.9	125.7	390.8
202605	040A10300	30	その他 直接経費	0.0	0.0	150368.0	3.1	0.0	0.0
202605	040A10300	31	他勘定振替高	0.0	0.0	0.0	0.0	0.0	0.0
202605	040A10300	32	経費合計（販管費）	2085065.0	2691413.0	3303613.0	40.6	122.7	158.4
202605	040A10300	33	減価償却費	0.0	0.0	0.0	0.0	0.0	0.0
202605	040A10300	34	車両費	162820.0	162820.0	160736.0	4.8	98.7	98.7
202605	040A10300	35	旅費交通費	130000.0	150000.0	23309.0	0.7	15.5	17.9
202605	040A10300	36	荷造運搬費	1000.0	1000.0	0.0	0.0	0.0	0.0
202605	040A10300	37	通信費	47054.0	47054.0	45395.0	1.3	96.4	96.4
202605	040A10300	38	水道光熱費	27020.0	27460.0	27356.0	0.8	99.6	101.2
202605	040A10300	39	動力費	0.0	0.0	0.0	0.0	0.0	0.0
202605	040A10300	40	事務用品費	5000.0	5000.0	2731.0	0.0	54.6	54.6
202605	040A10300	41	消耗品費	1500.0	1500.0	1200.0	0.0	80.0	80.0
202605	040A10300	42	廃棄物処理料	0.0	0.0	0.0	0.0	0.0	0.0
202605	040A10300	43	広告宣伝費	0.0	0.0	0.0	0.0	0.0	0.0
202605	040A10300	44	接待交際費	5000.0	5000.0	0.0	0.0	0.0	0.0
202605	040A10300	45	研究開発費	0.0	0.0	0.0	0.0	0.0	0.0
202605	040A10300	46	アフターサービス費	0.0	0.0	0.0	0.0	0.0	0.0
202605	040A10300	47	クレーム費	0.0	0.0	0.0	0.0	0.0	0.0
202605	040A10300	48	賃借料	234558.0	314458.0	313558.0	9.4	99.7	133.6
202605	040A10300	49	賃貸料収入	-10000.0	-29900.0	-31000.0	0.0	0.0	0.0
202605	040A10300	50	修繕費	0.0	0.0	0.0	0.0	0.0	0.0
202605	040A10300	51	支払リース料	0.0	0.0	0.0	0.0	0.0	0.0
202605	040A10300	52	保険料	204.0	204.0	204.0	0.0	100.0	100.0
202605	040A10300	53	支払報酬	0.0	0.0	0.0	0.0	0.0	0.0
202605	040A10300	54	販売手数料	0.0	0.0	0.0	0.0	0.0	0.0
202605	040A10300	55	支払手数料	36500.0	36500.0	20785.0	0.6	56.9	56.9
202605	040A10300	56	診断料	0.0	0.0	0.0	0.0	0.0	0.0
202605	040A10300	57	諸会費	51200.0	51200.0	50500.0	1.5	98.6	98.6
202605	040A10300	58	会議費	0.0	0.0	0.0	0.0	0.0	0.0
202605	040A10300	59	寄付金	0.0	0.0	0.0	0.0	0.0	0.0
202605	040A10300	60	租税公課	2000.0	2000.0	2700.0	0.0	135.0	135.0
202605	040A10300	61	業務委託費	0.0	0.0	0.0	0.0	0.0	0.0
202605	040A10300	62	業務受託収入	0.0	0.0	0.0	0.0	0.0	0.0
202605	040A10300	63	システム管理料	0.0	0.0	0.0	0.0	0.0	0.0
202605	040A10300	64	情報機器利用料	216040.0	216040.0	221740.0	6.7	102.6	102.6
202605	040A10300	65	貸倒金	0.0	0.0	0.0	0.0	0.0	0.0
202605	040A10300	66	雑費	2000.0	2000.0	2400.0	0.0	120.0	120.0
202605	040A10300	67	福利消耗品費	30000.0	13500.0	0.0	0.0	0.0	0.0
202605	040A10300	68	教育研修費	2871.0	2871.0	2870.0	0.0	99.9	99.9
202605	040A10300	69	廃棄損・減耗損	0.0	0.0	0.0	0.0	0.0	0.0
202605	040A10300	70	雑給	0.0	0.0	0.0	0.0	0.0	0.0
202605	040A10300	71	社内金利（固定資産）	0.0	0.0	0.0	0.0	0.0	0.0
202605	040A10300	72	社内金利（売掛金）	0.0	0.0	0.0	0.0	0.0	0.0
202605	040A10300	73	社内金利（在庫）	0.0	0.0	4584.0	0.1	0.0	0.0
202605	040A10300	74	営業口銭①（新築）	0.0	0.0	0.0	0.0	0.0	0.0
202605	040A10300	75	営業口銭②（リフォ）	300000.0	990000.0	1717650.0	51.9	173.5	572.5
202605	040A10300	76	開発口銭	0.0	0.0	0.0	0.0	0.0	0.0
202605	040A10300	77	部門共通（経費）	764498.0	616906.0	661095.0	20.0	107.1	86.4
202605	040A10300	78	グループ共通	75800.0	75800.0	75800.0	2.2	100.0	100.0
202605	040A10300	79	差引収益	-545065.0	1913507.0	3768478.0		196.9	0.0
202605	040A10300	80	差引比率	-6.8	11.1	14.1		127.0	0.0
202605	040A10300	81	総時間	669.75	661.25	661.0		99.9	98.6
202605	040A10300	82	定時間	456.0	448.0	437.0	66.1	97.5	95.8
202605	040A10300	83	残業時間	57.0	57.0	66.0	9.9	115.7	115.7
202605	040A10300	84	移動時間	-180.0	-180.0	-174.0	0.0	0.0	0.0
202605	040A10300	85	部門共通（時間）	336.75	336.25	332.0	50.2	98.7	98.5
202605	040A10300	86	当月時間当り	-813.8	2893.7	5701.1		197.0	0.0
202605	040A10300	87	人員	3.0	3.0	3.0		100.0	100.0
202605	040A30101	1	総出荷	2000000.0	6600000.0	11451000.0		173.5	572.5
202605	040A30101	2	社外売	2000000.0	6600000.0	11451000.0	100.0	173.5	572.5
202605	040A30101	3	社内売	0.0	0.0	0.0	0.0	0.0	0.0
202605	040A30101	4	社内仕入	0.0	0.0	2083747.0		0.0	0.0
202605	040A30101	5	仕掛1	0.0	0.0	0.0		0.0	0.0
202605	040A30101	6	総生産	2000000.0	6600000.0	9367253.0		141.9	468.3
202605	040A30101	7	経費合計	2058443.0	4933790.0	6722460.0		136.2	326.5
202605	040A30101	8	経費合計(原価)	1560000.0	3785080.0	4816014.0	71.6	127.2	308.7
202605	040A30101	9	仕掛2	0.0	0.0	0.0	0.0	0.0	0.0
202605	040A30101	10	商品仕入高	624000.0	875842.0	1007483.0	20.9	115.0	161.4
202605	040A30101	11	原材料費	0.0	0.0	0.0	0.0	0.0	0.0
202605	040A30101	12	外注加工費	936000.0	2909238.0	3658163.0	75.9	125.7	390.8
202605	040A30101	13	その他 直接経費	0.0	0.0	150368.0	3.1	0.0	0.0
202605	040A30101	14	他勘定振替高	0.0	0.0	0.0	0.0	0.0	0.0
202605	040A30101	15	経費合計（販管費）	498443.0	1148710.0	1906446.0	28.3	165.9	382.4
202605	040A30101	16	減価償却費	0.0	0.0	0.0	0.0	0.0	0.0
202605	040A30101	17	車両費	0.0	0.0	0.0	0.0	0.0	0.0
202605	040A30101	18	旅費交通費	10000.0	10000.0	0.0	0.0	0.0	0.0
202605	040A30101	19	荷造運搬費	0.0	0.0	0.0	0.0	0.0	0.0
202605	040A30101	20	通信費	0.0	0.0	0.0	0.0	0.0	0.0
202605	040A30101	21	水道光熱費	6760.0	6760.0	0.0	0.0	0.0	0.0
202605	040A30101	22	動力費	0.0	0.0	0.0	0.0	0.0	0.0
202605	040A30101	23	事務用品費	0.0	0.0	0.0	0.0	0.0	0.0
202605	040A30101	24	消耗品費	0.0	0.0	0.0	0.0	0.0	0.0
202605	040A30101	25	廃棄物処理料	0.0	0.0	0.0	0.0	0.0	0.0
202605	040A30101	26	広告宣伝費	0.0	0.0	0.0	0.0	0.0	0.0
202605	040A30101	27	接待交際費	0.0	0.0	0.0	0.0	0.0	0.0
202605	040A30101	28	研究開発費	0.0	0.0	0.0	0.0	0.0	0.0
202605	040A30101	29	アフターサービス費	0.0	0.0	0.0	0.0	0.0	0.0
202605	040A30101	30	クレーム費	0.0	0.0	0.0	0.0	0.0	0.0
202605	040A30101	31	賃借料	0.0	0.0	0.0	0.0	0.0	0.0
202605	040A30101	32	賃貸料収入	0.0	0.0	0.0	0.0	0.0	0.0
202605	040A30101	33	修繕費	0.0	0.0	0.0	0.0	0.0	0.0
202605	040A30101	34	支払リース料	0.0	0.0	0.0	0.0	0.0	0.0
202605	040A30101	35	保険料	0.0	0.0	0.0	0.0	0.0	0.0
202605	040A30101	36	支払報酬	0.0	0.0	0.0	0.0	0.0	0.0
202605	040A30101	37	販売手数料	0.0	0.0	0.0	0.0	0.0	0.0
202605	040A30101	38	支払手数料	0.0	0.0	0.0	0.0	0.0	0.0
202605	040A30101	39	診断料	0.0	0.0	0.0	0.0	0.0	0.0
202605	040A30101	40	諸会費	0.0	0.0	0.0	0.0	0.0	0.0
202605	040A30101	41	会議費	0.0	0.0	0.0	0.0	0.0	0.0
202605	040A30101	42	寄付金	0.0	0.0	0.0	0.0	0.0	0.0
202605	040A30101	43	租税公課	0.0	0.0	0.0	0.0	0.0	0.0
202605	040A30101	44	業務委託費	0.0	0.0	0.0	0.0	0.0	0.0
202605	040A30101	45	業務受託収入	0.0	0.0	0.0	0.0	0.0	0.0
202605	040A30101	46	システム管理料	0.0	0.0	0.0	0.0	0.0	0.0
202605	040A30101	47	情報機器利用料	0.0	0.0	0.0	0.0	0.0	0.0
202605	040A30101	48	貸倒金	0.0	0.0	0.0	0.0	0.0	0.0
202605	040A30101	49	雑費	0.0	0.0	0.0	0.0	0.0	0.0
202605	040A30101	50	福利消耗品費	0.0	0.0	0.0	0.0	0.0	0.0
202605	040A30101	51	教育研修費	0.0	0.0	0.0	0.0	0.0	0.0
202605	040A30101	52	廃棄損・減耗損	0.0	0.0	0.0	0.0	0.0	0.0
202605	040A30101	53	雑給	0.0	0.0	0.0	0.0	0.0	0.0
202605	040A30101	54	社内金利（固定資産）	0.0	0.0	0.0	0.0	0.0	0.0
202605	040A30101	55	社内金利（売掛金）	0.0	0.0	0.0	0.0	0.0	0.0
202605	040A30101	56	社内金利（在庫）	0.0	0.0	0.0	0.0	0.0	0.0
202605	040A30101	57	営業口銭①（新築）	0.0	0.0	0.0	0.0	0.0	0.0
202605	040A30101	58	営業口銭②（リフォ）	300000.0	990000.0	1717650.0	90.0	173.5	572.5
202605	040A30101	59	開発口銭	0.0	0.0	0.0	0.0	0.0	0.0
202605	040A30101	60	部門共通（経費）	181683.0	141950.0	188796.0	9.9	133.0	103.9
202605	040A30101	61	グループ共通	0.0	0.0	0.0	0.0	0.0	0.0
202605	040A30101	62	差引収益	-58443.0	1666210.0	2644793.0		158.7	0.0
202605	040A30101	63	差引比率	-2.9	25.2	28.2		111.9	0.0
202605	040A30101	64	総時間	146.5	146.5	147.5		100.6	100.6
202605	040A30101	65	定時間	0.0	0.0	0.0	0.0	0.0	0.0
202605	040A30101	66	残業時間	0.0	0.0	0.0	0.0	0.0	0.0
202605	040A30101	67	移動時間	90.0	90.0	90.0	61.0	100.0	100.0
202605	040A30101	68	部門共通（時間）	56.5	56.5	57.5	38.9	101.7	101.7
202605	040A30101	69	当月時間当り	-398.9	11373.4	17930.8		157.6	0.0
202605	040A30101	70	人員	0.0	0.0	0.0		0.0	0.0
202605	230S10200	1	総受注高	77500000.0	134694430.0	142224454.0		105.5	183.5
202605	230S10200	2	【新築】受注高	20000000.0	75950000.0	76960000.0	54.1	101.3	384.8
202605	230S10200	3	【リフォ】受注高	15500000.0	16744430.0	9155257.0	6.4	54.6	59.0
202605	230S10200	4	【資材】受注高	42000000.0	42000000.0	56109197.0	39.4	133.5	133.5
202605	230S10200	5	総売上高	30500000.0	35612273.0	27795976.0		78.0	91.1
202605	230S10200	6	【新築】売上高	0.0	0.0	0.0	0.0	0.0	0.0
202605	230S10200	7	【リフォ】売上高	5500000.0	10612273.0	4180995.0	15.0	39.3	76.0
202605	230S10200	8	【資材】売上高	25000000.0	25000000.0	23614981.0	84.9	94.4	94.4
202605	230S10200	9	【新築】インセンティブ	0.0	0.0	0.0	0.0	0.0	0.0
202605	230S10200	10	【リフォ】インセンティブ	0.0	0.0	0.0	0.0	0.0	0.0
202605	230S10200	11	【資材】インセンティブ	0.0	0.0	0.0	0.0	0.0	0.0
202605	230S10200	12	収益①（営業口銭）	825000.0	1591840.0	627147.0		39.3	76.0
202605	230S10200	13	【新築】収益①(営業口銭)	0.0	0.0	0.0		0.0	0.0
202605	230S10200	14	【リフォ】収益①(営業口銭)	825000.0	1591840.0	627147.0		39.3	76.0
202605	230S10200	15	【資材】売上原価	19000000.0	19000000.0	20031414.0		105.4	105.4
202605	230S10200	16	収益②（資材）	6000000.0	6000000.0	3583567.0		59.7	59.7
202605	230S10200	17	総収益	6825000.0	7591840.0	4210714.0		55.4	61.6
202605	230S10200	18	経費合計	3842620.0	3632182.0	3838214.0		105.6	99.8
202605	230S10200	19	減価償却費	0.0	0.0	0.0	0.0	0.0	0.0
202605	230S10200	20	車両費	622227.0	622227.0	635181.0	16.5	102.0	102.0
202605	230S10200	21	旅費交通費	190000.0	190000.0	190891.0	4.9	100.4	100.4
202605	230S10200	22	荷造運搬費	3000.0	3000.0	71045.0	1.8		
202605	230S10200	23	通信費	68042.0	68042.0	69495.0	1.8	102.1	102.1
202605	230S10200	24	水道光熱費	45300.0	45300.0	41915.0	1.0	92.5	92.5
202605	230S10200	25	動力費	0.0	0.0	0.0	0.0	0.0	0.0
202605	230S10200	26	事務用品費	16291.0	16291.0	14272.0	0.3	87.6	87.6
202605	230S10200	27	消耗品費	5000.0	30000.0	402.0	0.0	1.3	8.0
202605	230S10200	28	廃棄物処理料	0.0	0.0	0.0	0.0	0.0	0.0
202605	230S10200	29	広告宣伝費	5000.0	5000.0	0.0	0.0	0.0	0.0
202605	230S10200	30	接待交際費	15000.0	15000.0	0.0	0.0	0.0	0.0
202605	230S10200	31	研究開発費	0.0	0.0	0.0	0.0	0.0	0.0
202605	230S10200	32	アフターサービス費	0.0	0.0	0.0	0.0	0.0	0.0
202605	230S10200	33	クレーム費	150000.0	0.0	21171.0	0.5	0.0	14.1
202605	230S10200	34	賃借料	392748.0	392748.0	349985.0	9.1	89.1	89.1
202605	230S10200	35	賃貸料収入	-22630.0	-22630.0	-22630.0	0.0	0.0	0.0
202605	230S10200	36	修繕費	0.0	0.0	0.0	0.0	0.0	0.0
202605	230S10200	37	支払リース料	0.0	0.0	0.0	0.0	0.0	0.0
202605	230S10200	38	保険料	1533.0	1533.0	1533.0	0.0	100.0	100.0
202605	230S10200	39	支払報酬	0.0	0.0	136364.0	3.5	0.0	0.0
202605	230S10200	40	販売手数料	0.0	0.0	0.0	0.0	0.0	0.0
202605	230S10200	41	支払手数料	11200.0	11200.0	17835.0	0.4	159.2	159.2
202605	230S10200	42	診断料	0.0	0.0	0.0	0.0	0.0	0.0
202605	230S10200	43	諸会費	500.0	500.0	1000.0	0.0	200.0	200.0
202605	230S10200	44	会議費	0.0	0.0	0.0	0.0	0.0	0.0
202605	230S10200	45	寄付金	0.0	0.0	0.0	0.0	0.0	0.0
202605	230S10200	46	租税公課	17000.0	17000.0	11000.0	0.2	64.7	64.7
202605	230S10200	47	業務委託費	0.0	0.0	0.0	0.0	0.0	0.0
202605	230S10200	48	業務受託収入	0.0	0.0	0.0	0.0	0.0	0.0
202605	230S10200	49	システム管理料	0.0	0.0	0.0	0.0	0.0	0.0
202605	230S10200	50	情報機器利用料	615880.0	615880.0	644286.0	16.7	104.6	104.6
202605	230S10200	51	貸倒金	0.0	0.0	0.0	0.0	0.0	0.0
202605	230S10200	52	雑費	9900.0	9900.0	6584.0	0.1	66.5	66.5
202605	230S10200	53	福利消耗品費	0.0	51750.0	0.0	0.0	0.0	0.0
202605	230S10200	54	教育研修費	45455.0	0.0	1436.0	0.0	0.0	3.1
202605	230S10200	55	廃棄損・減耗損	0.0	0.0	9893.0	0.2	0.0	0.0
202605	230S10200	56	雑給	0.0	0.0	0.0	0.0	0.0	0.0
202605	230S10200	57	社内金利（固定資産）	0.0	0.0	0.0	0.0	0.0	0.0
202605	230S10200	58	社内金利（売掛金）	20000.0	20000.0	22641.0	0.5	113.2	113.2
202605	230S10200	59	社内金利（在庫）	35000.0	35000.0	61014.0	1.5	174.3	174.3
202605	230S10200	60	開発口銭	0.0	0.0	0.0	0.0	0.0	0.0
202605	230S10200	61	部門共通（経費）	1344974.0	1253241.0	1301701.0	33.9	103.8	96.7
202605	230S10200	62	グループ共通	251200.0	251200.0	251200.0	6.5	100.0	100.0
202605	230S10200	63	差引収益	2982380.0	3959658.0	372500.0		9.4	12.4
202605	230S10200	64	差引比率	9.7	11.1	1.3		11.7	13.4
202605	230S10200	65	総時間	2471.0	2473.5	2464.25		99.6	99.7
202605	230S10200	66	定時間	1422.0	1422.0	1476.75	59.9	103.8	103.8
202605	230S10200	67	残業時間	280.0	280.0	283.75	11.5	101.3	101.3
202605	230S10200	68	移動時間	57.0	57.0	-3.0	0.0	0.0	0.0
202605	230S10200	69	部門共通（時間）	712.0	714.5	706.75	28.6	98.9	99.2
202605	230S10200	70	当月時間当り	1206.9	1600.8	151.1		9.4	12.5
202605	230S10200	71	人員	10.0	11.0	11.0		100.0	110.0
202605	230S10300	1	総受注高	77500000.0	134694430.0	142224454.0		105.5	183.5
202605	230S10300	2	【新築】受注高	20000000.0	75950000.0	76960000.0	54.1	101.3	384.8
202605	230S10300	3	【リフォ】受注高	15500000.0	16744430.0	9155257.0	6.4	54.6	59.0
202605	230S10300	4	【資材】受注高	42000000.0	42000000.0	56109197.0	39.4	133.5	133.5
202605	230S10300	5	総売上高	30500000.0	35612273.0	27795976.0		78.0	91.1
202605	230S10300	6	【新築】売上高	0.0	0.0	0.0	0.0	0.0	0.0
202605	230S10300	7	【リフォ】売上高	5500000.0	10612273.0	4180995.0	15.0	39.3	76.0
202605	230S10300	8	【資材】売上高	25000000.0	25000000.0	23614981.0	84.9	94.4	94.4
202605	230S10300	9	【新築】インセンティブ	0.0	0.0	0.0	0.0	0.0	0.0
202605	230S10300	10	【リフォ】インセンティブ	0.0	0.0	0.0	0.0	0.0	0.0
202605	230S10300	11	【資材】インセンティブ	0.0	0.0	0.0	0.0	0.0	0.0
202605	230S10300	12	収益①（営業口銭）	825000.0	1591840.0	627147.0		39.3	76.0
202605	230S10300	13	【新築】収益①(営業口銭)	0.0	0.0	0.0		0.0	0.0
202605	230S10300	14	【リフォ】収益①(営業口銭)	825000.0	1591840.0	627147.0		39.3	76.0
202605	230S10300	15	【資材】売上原価	19000000.0	19000000.0	20031414.0		105.4	105.4
202605	230S10300	16	収益②（資材）	6000000.0	6000000.0	3583567.0		59.7	59.7
202605	230S10300	17	総収益	6825000.0	7591840.0	4210714.0		55.4	61.6
202605	230S10300	18	総出荷	5500000.0	10612273.0	4180995.0		39.3	76.0
202605	230S10300	19	社外売	5500000.0	10612273.0	4180995.0	100.0	39.3	76.0
202605	230S10300	20	社内売	0.0	0.0	0.0	0.0	0.0	0.0
202605	230S10300	21	社内仕入	11715876.0	755000.0	458232.0		60.6	3.9
202605	230S10300	22	仕掛1	0.0	0.0	0.0		0.0	0.0
202605	230S10300	23	総生産	-6215876.0	9857273.0	3722763.0		37.7	0.0
202605	230S10300	24	経費合計	18522953.0	27665570.0	25139692.0		90.8	135.7
202605	230S10300	25	経費合計(原価)	12697842.0	21460664.0	19567103.0	77.8	91.1	154.0
202605	230S10300	26	仕掛2	0.0	0.0	0.0	0.0	0.0	0.0
202605	230S10300	27	商品仕入高	7744249.0	13681580.0	12208638.0	62.3	89.2	157.6
202605	230S10300	28	原材料費	0.0	0.0	0.0	0.0	0.0	0.0
202605	230S10300	29	外注加工費	4546000.0	7059000.0	6512134.0	33.2	92.2	143.2
202605	230S10300	30	その他 直接経費	407593.0	720084.0	846331.0	4.3	117.5	207.6
202605	230S10300	31	他勘定振替高	0.0	0.0	0.0	0.0	0.0	0.0
202605	230S10300	32	経費合計（販管費）	5825111.0	6204906.0	5572589.0	22.1	89.8	95.6
202605	230S10300	33	減価償却費	32290.0	0.0	0.0	0.0	0.0	0.0
202605	230S10300	34	車両費	774673.0	774673.0	767630.0	13.7	99.0	99.0
202605	230S10300	35	旅費交通費	220000.0	220000.0	217527.0	3.9	98.8	98.8
202605	230S10300	36	荷造運搬費	3000.0	3000.0	71045.0	1.2		
202605	230S10300	37	通信費	77042.0	77042.0	77558.0	1.3	100.6	100.6
202605	230S10300	38	水道光熱費	52300.0	52300.0	49312.0	0.8	94.2	94.2
202605	230S10300	39	動力費	0.0	0.0	0.0	0.0	0.0	0.0
202605	230S10300	40	事務用品費	19291.0	19291.0	16344.0	0.2	84.7	84.7
202605	230S10300	41	消耗品費	5000.0	30000.0	474.0	0.0	1.5	9.4
202605	230S10300	42	廃棄物処理料	0.0	0.0	0.0	0.0	0.0	0.0
202605	230S10300	43	広告宣伝費	5000.0	5000.0	0.0	0.0	0.0	0.0
202605	230S10300	44	接待交際費	15000.0	15000.0	0.0	0.0	0.0	0.0
202605	230S10300	45	研究開発費	0.0	0.0	0.0	0.0	0.0	0.0
202605	230S10300	46	アフターサービス費	0.0	0.0	0.0	0.0	0.0	0.0
202605	230S10300	47	クレーム費	150000.0	0.0	21171.0	0.3	0.0	14.1
202605	230S10300	48	賃借料	436965.0	436965.0	388966.0	6.9	89.0	89.0
202605	230S10300	49	賃貸料収入	-22630.0	-22630.0	-22630.0	0.0	0.0	0.0
202605	230S10300	50	修繕費	0.0	0.0	0.0	0.0	0.0	0.0
202605	230S10300	51	支払リース料	0.0	0.0	0.0	0.0	0.0	0.0
202605	230S10300	52	保険料	1533.0	1533.0	1533.0	0.0	100.0	100.0
202605	230S10300	53	支払報酬	0.0	0.0	136364.0	2.4	0.0	0.0
202605	230S10300	54	販売手数料	0.0	0.0	0.0	0.0	0.0	0.0
202605	230S10300	55	支払手数料	11200.0	11200.0	17835.0	0.3	159.2	159.2
202605	230S10300	56	診断料	0.0	0.0	0.0	0.0	0.0	0.0
202605	230S10300	57	諸会費	500.0	500.0	1000.0	0.0	200.0	200.0
202605	230S10300	58	会議費	0.0	0.0	0.0	0.0	0.0	0.0
202605	230S10300	59	寄付金	0.0	0.0	0.0	0.0	0.0	0.0
202605	230S10300	60	租税公課	17000.0	17000.0	11000.0	0.1	64.7	64.7
202605	230S10300	61	業務委託費	0.0	0.0	0.0	0.0	0.0	0.0
202605	230S10300	62	業務受託収入	0.0	0.0	0.0	0.0	0.0	0.0
202605	230S10300	63	システム管理料	0.0	0.0	0.0	0.0	0.0	0.0
202605	230S10300	64	情報機器利用料	724820.0	724820.0	719626.0	12.9	99.2	99.2
202605	230S10300	65	貸倒金	0.0	0.0	0.0	0.0	0.0	0.0
202605	230S10300	66	雑費	10450.0	10450.0	7186.0	0.1	68.7	68.7
202605	230S10300	67	福利消耗品費	11700.0	63450.0	0.0	0.0	0.0	0.0
202605	230S10300	68	教育研修費	45455.0	0.0	1436.0	0.0	0.0	3.1
202605	230S10300	69	廃棄損・減耗損	0.0	0.0	9893.0	0.1	0.0	0.0
202605	230S10300	70	雑給	0.0	0.0	0.0	0.0	0.0	0.0
202605	230S10300	71	社内金利（固定資産）	0.0	0.0	0.0	0.0	0.0	0.0
202605	230S10300	72	社内金利（売掛金）	20000.0	20000.0	22641.0	0.4	113.2	113.2
202605	230S10300	73	社内金利（在庫）	35000.0	35000.0	61014.0	1.0	174.3	174.3
202605	230S10300	74	営業口銭①（新築）	0.0	0.0	0.0	0.0	0.0	0.0
202605	230S10300	75	営業口銭②（リフォ）	825000.0	1591840.0	627147.0	11.2	39.3	76.0
202605	230S10300	76	開発口銭	0.0	0.0	0.0	0.0	0.0	0.0
202605	230S10300	77	部門共通（経費）	2052822.0	1816772.0	2066817.0	37.0	113.7	100.6
202605	230S10300	78	グループ共通	301700.0	301700.0	301700.0	5.4	100.0	100.0
202605	230S10300	79	差引収益	-17913829.0	-10216457.0	-17206215.0		0.0	0.0
202605	230S10300	80	差引比率	-73.7	-22.4	-54.5		0.0	0.0
202605	230S10300	81	総時間	3060.25	3061.0	3045.75		99.5	99.5
202605	230S10300	82	定時間	1718.0	1718.0	1756.75	57.6	102.2	102.2
202605	230S10300	83	残業時間	350.0	350.0	357.25	11.7	102.0	102.0
202605	230S10300	84	移動時間	57.0	57.0	-3.0	0.0	0.0	0.0
202605	230S10300	85	部門共通（時間）	935.25	936.0	934.75	30.6	99.8	99.9
202605	230S10300	86	当月時間当り	-5853.7	-3337.6	-5649.2		0.0	0.0
202605	230S10300	87	人員	12.0	13.0	13.0		100.0	108.3
202605	230S30101	1	総出荷	5500000.0	10612273.0	4180995.0		39.3	76.0
202605	230S30101	2	社外売	5500000.0	10612273.0	4180995.0	100.0	39.3	76.0
202605	230S30101	3	社内売	0.0	0.0	0.0	0.0	0.0	0.0
202605	230S30101	4	社内仕入	11715876.0	755000.0	458232.0		60.6	3.9
202605	230S30101	5	仕掛1	0.0	0.0	0.0		0.0	0.0
202605	230S30101	6	総生産	-6215876.0	9857273.0	3722763.0		37.7	0.0
202605	230S30101	7	経費合計	14680333.0	24033388.0	21301478.0		88.6	145.1
202605	230S30101	8	経費合計(原価)	12697842.0	21460664.0	19567103.0	91.8	91.1	154.0
202605	230S30101	9	仕掛2	0.0	0.0	0.0	0.0	0.0	0.0
202605	230S30101	10	商品仕入高	7744249.0	13681580.0	12208638.0	62.3	89.2	157.6
202605	230S30101	11	原材料費	0.0	0.0	0.0	0.0	0.0	0.0
202605	230S30101	12	外注加工費	4546000.0	7059000.0	6512134.0	33.2	92.2	143.2
202605	230S30101	13	その他 直接経費	407593.0	720084.0	846331.0	4.3	117.5	207.6
202605	230S30101	14	他勘定振替高	0.0	0.0	0.0	0.0	0.0	0.0
202605	230S30101	15	経費合計（販管費）	1982491.0	2572724.0	1734375.0	8.1	67.4	87.4
202605	230S30101	16	減価償却費	32290.0	0.0	0.0	0.0	0.0	0.0
202605	230S30101	17	車両費	152446.0	152446.0	132449.0	7.6	86.8	86.8
202605	230S30101	18	旅費交通費	30000.0	30000.0	26636.0	1.5	88.7	88.7
202605	230S30101	19	荷造運搬費	0.0	0.0	0.0	0.0	0.0	0.0
202605	230S30101	20	通信費	9000.0	9000.0	8063.0	0.4	89.5	89.5
202605	230S30101	21	水道光熱費	7000.0	7000.0	7397.0	0.4	105.6	105.6
202605	230S30101	22	動力費	0.0	0.0	0.0	0.0	0.0	0.0
202605	230S30101	23	事務用品費	3000.0	3000.0	2072.0	0.1	69.0	69.0
202605	230S30101	24	消耗品費	0.0	0.0	72.0	0.0	0.0	0.0
202605	230S30101	25	廃棄物処理料	0.0	0.0	0.0	0.0	0.0	0.0
202605	230S30101	26	広告宣伝費	0.0	0.0	0.0	0.0	0.0	0.0
202605	230S30101	27	接待交際費	0.0	0.0	0.0	0.0	0.0	0.0
202605	230S30101	28	研究開発費	0.0	0.0	0.0	0.0	0.0	0.0
202605	230S30101	29	アフターサービス費	0.0	0.0	0.0	0.0	0.0	0.0
202605	230S30101	30	クレーム費	0.0	0.0	0.0	0.0	0.0	0.0
202605	230S30101	31	賃借料	44217.0	44217.0	38981.0	2.2	88.1	88.1
202605	230S30101	32	賃貸料収入	0.0	0.0	0.0	0.0	0.0	0.0
202605	230S30101	33	修繕費	0.0	0.0	0.0	0.0	0.0	0.0
202605	230S30101	34	支払リース料	0.0	0.0	0.0	0.0	0.0	0.0
202605	230S30101	35	保険料	0.0	0.0	0.0	0.0	0.0	0.0
202605	230S30101	36	支払報酬	0.0	0.0	0.0	0.0	0.0	0.0
202605	230S30101	37	販売手数料	0.0	0.0	0.0	0.0	0.0	0.0
202605	230S30101	38	支払手数料	0.0	0.0	0.0	0.0	0.0	0.0
202605	230S30101	39	診断料	0.0	0.0	0.0	0.0	0.0	0.0
202605	230S30101	40	諸会費	0.0	0.0	0.0	0.0	0.0	0.0
202605	230S30101	41	会議費	0.0	0.0	0.0	0.0	0.0	0.0
202605	230S30101	42	寄付金	0.0	0.0	0.0	0.0	0.0	0.0
202605	230S30101	43	租税公課	0.0	0.0	0.0	0.0	0.0	0.0
202605	230S30101	44	業務委託費	0.0	0.0	0.0	0.0	0.0	0.0
202605	230S30101	45	業務受託収入	0.0	0.0	0.0	0.0	0.0	0.0
202605	230S30101	46	システム管理料	0.0	0.0	0.0	0.0	0.0	0.0
202605	230S30101	47	情報機器利用料	108940.0	108940.0	75340.0	4.3	69.1	69.1
202605	230S30101	48	貸倒金	0.0	0.0	0.0	0.0	0.0	0.0
202605	230S30101	49	雑費	550.0	550.0	602.0	0.0	109.4	109.4
202605	230S30101	50	福利消耗品費	11700.0	11700.0	0.0	0.0	0.0	0.0
202605	230S30101	51	教育研修費	0.0	0.0	0.0	0.0	0.0	0.0
202605	230S30101	52	廃棄損・減耗損	0.0	0.0	0.0	0.0	0.0	0.0
202605	230S30101	53	雑給	0.0	0.0	0.0	0.0	0.0	0.0
202605	230S30101	54	社内金利（固定資産）	0.0	0.0	0.0	0.0	0.0	0.0
202605	230S30101	55	社内金利（売掛金）	0.0	0.0	0.0	0.0	0.0	0.0
202605	230S30101	56	社内金利（在庫）	0.0	0.0	0.0	0.0	0.0	0.0
202605	230S30101	57	営業口銭①（新築）	0.0	0.0	0.0	0.0	0.0	0.0
202605	230S30101	58	営業口銭②（リフォ）	825000.0	1591840.0	627147.0	36.1	39.3	76.0
202605	230S30101	59	開発口銭	0.0	0.0	0.0	0.0	0.0	0.0
202605	230S30101	60	部門共通（経費）	707848.0	563531.0	765116.0	44.1	135.7	108.0
202605	230S30101	61	グループ共通	50500.0	50500.0	50500.0	2.9	100.0	100.0
202605	230S30101	62	差引収益	-20896209.0	-14176115.0	-17578715.0		0.0	0.0
202605	230S30101	63	差引比率	336.1	-143.8	-472.1		0.0	0.0
202605	230S30101	64	総時間	589.25	587.5	581.5		98.9	98.6
202605	230S30101	65	定時間	296.0	296.0	280.0	48.1	94.5	94.5
202605	230S30101	66	残業時間	70.0	70.0	73.5	12.6	105.0	105.0
202605	230S30101	67	移動時間	0.0	0.0	0.0	0.0	0.0	0.0
202605	230S30101	68	部門共通（時間）	223.25	221.5	228.0	39.2	102.9	102.1
202605	230S30101	69	当月時間当り	-35462.3	-24129.5	-30229.9		0.0	0.0
202605	230S30101	70	人員	2.0	2.0	2.0		100.0	100.0
202605	210A10300	1	総受注高	61000000.0	57862500.0	55967006.0		96.7	91.7
202605	210A10300	2	【新築】受注高	0.0	0.0	7727273.0	13.8	0.0	0.0
202605	210A10300	3	【リフォ】受注高	35000000.0	31862500.0	19569172.0	34.9	61.4	55.9
202605	210A10300	4	【資材】受注高	26000000.0	26000000.0	28670561.0	51.2	110.2	110.2
202605	210A10300	5	総売上高	80000000.0	46991455.0	36332147.0		77.3	45.4
202605	210A10300	6	【新築】売上高	0.0	0.0	2184400.0	6.0	0.0	0.0
202605	210A10300	7	【リフォ】売上高	55000000.0	21991455.0	7270441.0	20.0	33.0	13.2
202605	210A10300	8	【資材】売上高	25000000.0	25000000.0	26877306.0	73.9	107.5	107.5
202605	210A10300	9	【新築】インセンティブ	0.0	0.0	0.0	0.0	0.0	0.0
202605	210A10300	10	【リフォ】インセンティブ	0.0	0.0	0.0	0.0	0.0	0.0
202605	210A10300	11	【資材】インセンティブ	0.0	0.0	0.0	0.0	0.0	0.0
202605	210A10300	12	収益①（営業口銭）	8250000.0	3298718.0	1199784.0		36.3	14.5
202605	210A10300	13	【新築】収益①(営業口銭)	0.0	0.0	109220.0		0.0	0.0
202605	210A10300	14	【リフォ】収益①(営業口銭)	8250000.0	3298718.0	1090564.0		33.0	13.2
202605	210A10300	15	【資材】売上原価	20000000.0	20000000.0	18853366.0		94.2	94.2
202605	210A10300	16	収益②（資材）	5000000.0	5000000.0	8023940.0		160.4	160.4
202605	210A10300	17	総収益	13250000.0	8298718.0	9223724.0		111.1	69.6
202605	210A10300	18	経費合計	4984768.0	4953844.0	5006382.0		101.0	100.4
202605	210A10300	19	減価償却費	453147.0	453147.0	453147.0	9.0	100.0	100.0
202605	210A10300	20	車両費	931000.0	931000.0	630068.0	12.5	67.6	67.6
202605	210A10300	21	旅費交通費	230000.0	300000.0	345235.0	6.8	115.0	150.1
202605	210A10300	22	荷造運搬費	20000.0	20000.0	34541.0	0.6	172.7	172.7
202605	210A10300	23	通信費	63000.0	63000.0	75302.0	1.5	119.5	119.5
202605	210A10300	24	水道光熱費	60000.0	60000.0	23672.0	0.4	39.4	39.4
202605	210A10300	25	動力費	0.0	0.0	0.0	0.0	0.0	0.0
202605	210A10300	26	事務用品費	30000.0	30000.0	59773.0	1.1	199.2	199.2
202605	210A10300	27	消耗品費	20000.0	20000.0	13188.0	0.2	65.9	65.9
202605	210A10300	28	廃棄物処理料	10000.0	10000.0	178530.0	3.5		
202605	210A10300	29	広告宣伝費	0.0	0.0	0.0	0.0	0.0	0.0
202605	210A10300	30	接待交際費	30000.0	80000.0	142214.0	2.8	177.7	474.0
202605	210A10300	31	研究開発費	0.0	0.0	0.0	0.0	0.0	0.0
202605	210A10300	32	アフターサービス費	0.0	0.0	0.0	0.0	0.0	0.0
202605	210A10300	33	クレーム費	0.0	0.0	15580.0	0.3	0.0	0.0
202605	210A10300	34	賃借料	613000.0	613000.0	644694.0	12.8	105.1	105.1
202605	210A10300	35	賃貸料収入	-52260.0	-52260.0	-52260.0	0.0	0.0	0.0
202605	210A10300	36	修繕費	0.0	0.0	0.0	0.0	0.0	0.0
202605	210A10300	37	支払リース料	23723.0	23723.0	23724.0	0.4	100.0	100.0
202605	210A10300	38	保険料	38950.0	38950.0	60000.0	1.1	154.0	154.0
202605	210A10300	39	支払報酬	0.0	0.0	25000.0	0.4	0.0	0.0
202605	210A10300	40	販売手数料	0.0	0.0	0.0	0.0	0.0	0.0
202605	210A10300	41	支払手数料	107700.0	107700.0	127396.0	2.5	118.2	118.2
202605	210A10300	42	診断料	0.0	0.0	0.0	0.0	0.0	0.0
202605	210A10300	43	諸会費	115000.0	115000.0	117580.0	2.3	102.2	102.2
202605	210A10300	44	会議費	0.0	0.0	0.0	0.0	0.0	0.0
202605	210A10300	45	寄付金	0.0	0.0	0.0	0.0	0.0	0.0
202605	210A10300	46	租税公課	20000.0	20000.0	18922.0	0.3	94.6	94.6
202605	210A10300	47	業務委託費	0.0	0.0	0.0	0.0	0.0	0.0
202605	210A10300	48	業務受託収入	0.0	0.0	0.0	0.0	0.0	0.0
202605	210A10300	49	システム管理料	0.0	0.0	0.0	0.0	0.0	0.0
202605	210A10300	50	情報機器利用料	759190.0	759190.0	772810.0	15.4	101.7	101.7
202605	210A10300	51	貸倒金	0.0	0.0	0.0	0.0	0.0	0.0
202605	210A10300	52	雑費	10000.0	10000.0	5417.0	0.1	54.1	54.1
202605	210A10300	53	福利消耗品費	80000.0	45000.0	0.0	0.0	0.0	0.0
202605	210A10300	54	教育研修費	2500.0	2500.0	0.0	0.0	0.0	0.0
202605	210A10300	55	廃棄損・減耗損	0.0	0.0	0.0	0.0	0.0	0.0
202605	210A10300	56	雑給	0.0	0.0	0.0	0.0	0.0	0.0
202605	210A10300	57	社内金利（固定資産）	87712.0	87712.0	87712.0	1.7	100.0	100.0
202605	210A10300	58	社内金利（売掛金）	0.0	0.0	0.0	0.0	0.0	0.0
202605	210A10300	59	社内金利（在庫）	0.0	0.0	7206.0	0.1	0.0	0.0
202605	210A10300	60	開発口銭	0.0	0.0	0.0	0.0	0.0	0.0
202605	210A10300	61	部門共通（経費）	1005206.0	889282.0	870031.0	17.3	97.8	86.5
202605	210A10300	62	グループ共通	326900.0	326900.0	326900.0	6.5	100.0	100.0
202605	210A10300	63	差引収益	8265232.0	3344874.0	4217342.0		126.0	51.0
202605	210A10300	64	差引比率	10.3	7.1	11.6		163.3	112.6
202605	210A10300	65	総時間	2794.75	3104.25	3146.75		101.3	112.5
202605	210A10300	66	定時間	1845.0	1942.0	1932.75	61.4	99.5	104.7
202605	210A10300	67	残業時間	230.0	415.0	557.25	17.7	134.2	242.2
202605	210A10300	68	移動時間	124.0	150.0	64.25	2.0	42.8	51.8
202605	210A10300	69	部門共通（時間）	595.75	597.25	592.5	18.8	99.2	99.4
202605	210A10300	70	当月時間当り	2957.4	1077.5	1340.2		124.3	45.3
202605	210A10300	71	人員	13.0	14.0	14.0		100.0	107.6
202605	210A30200	1	総出荷	55000000.0	21991455.0	9454841.0		42.9	17.1
202605	210A30200	2	社外売	55000000.0	21991455.0	9454841.0	100.0	42.9	17.1
202605	210A30200	3	社内売	0.0	0.0	0.0	0.0	0.0	0.0
202605	210A30200	4	社内仕入	4131000.0	5724775.0	7456027.0		130.2	180.4
202605	210A30200	5	仕掛1	0.0	0.0	0.0		0.0	0.0
202605	210A30200	6	総生産	50869000.0	16266680.0	1998814.0		12.2	3.9
202605	210A30200	7	経費合計	46525232.0	16030658.0	22199681.0		138.4	47.7
202605	210A30200	8	経費合計(原価)	37179000.0	11743329.0	19820377.0	89.2	168.7	53.3
202605	210A30200	9	仕掛2	0.0	0.0	0.0	0.0	0.0	0.0
202605	210A30200	10	商品仕入高	19484000.0	4543979.0	12108089.0	61.0	266.4	62.1
202605	210A30200	11	原材料費	0.0	0.0	0.0	0.0	0.0	0.0
202605	210A30200	12	外注加工費	16523500.0	4726950.0	6405510.0	32.3	135.5	38.7
202605	210A30200	13	その他 直接経費	1171500.0	2472400.0	1306778.0	6.5	52.8	111.5
202605	210A30200	14	他勘定振替高	0.0	0.0	0.0	0.0	0.0	0.0
202605	210A30200	15	経費合計（販管費）	9346232.0	4287329.0	2379304.0	10.7	55.4	25.4
202605	210A30200	16	減価償却費	0.0	0.0	0.0	0.0	0.0	0.0
202605	210A30200	17	車両費	191000.0	191000.0	241833.0	10.1	126.6	126.6
202605	210A30200	18	旅費交通費	120000.0	120000.0	124345.0	5.2	103.6	103.6
202605	210A30200	19	荷造運搬費	0.0	0.0	0.0	0.0	0.0	0.0
202605	210A30200	20	通信費	8000.0	8000.0	6851.0	0.2	85.6	85.6
202605	210A30200	21	水道光熱費	9000.0	9000.0	3382.0	0.1	37.5	37.5
202605	210A30200	22	動力費	0.0	0.0	0.0	0.0	0.0	0.0
202605	210A30200	23	事務用品費	5000.0	5000.0	8046.0	0.3	160.9	160.9
202605	210A30200	24	消耗品費	3000.0	3000.0	1200.0	0.0	40.0	40.0
202605	210A30200	25	廃棄物処理料	100000.0	100000.0	404.0	0.0	0.4	0.4
202605	210A30200	26	広告宣伝費	0.0	0.0	0.0	0.0	0.0	0.0
202605	210A30200	27	接待交際費	0.0	10000.0	0.0	0.0	0.0	0.0
202605	210A30200	28	研究開発費	0.0	0.0	0.0	0.0	0.0	0.0
202605	210A30200	29	アフターサービス費	0.0	0.0	0.0	0.0	0.0	0.0
202605	210A30200	30	クレーム費	0.0	0.0	0.0	0.0	0.0	0.0
202605	210A30200	31	賃借料	40000.0	40000.0	38885.0	1.6	97.2	97.2
202605	210A30200	32	賃貸料収入	0.0	0.0	0.0	0.0	0.0	0.0
202605	210A30200	33	修繕費	0.0	0.0	0.0	0.0	0.0	0.0
202605	210A30200	34	支払リース料	3389.0	3389.0	3389.0	0.1	100.0	100.0
202605	210A30200	35	保険料	0.0	0.0	151198.0	6.3	0.0	0.0
202605	210A30200	36	支払報酬	0.0	0.0	0.0	0.0	0.0	0.0
202605	210A30200	37	販売手数料	0.0	0.0	0.0	0.0	0.0	0.0
202605	210A30200	38	支払手数料	10500.0	10500.0	222.0	0.0	2.1	2.1
202605	210A30200	39	診断料	0.0	0.0	0.0	0.0	0.0	0.0
202605	210A30200	40	諸会費	0.0	0.0	0.0	0.0	0.0	0.0
202605	210A30200	41	会議費	0.0	0.0	0.0	0.0	0.0	0.0
202605	210A30200	42	寄付金	0.0	0.0	0.0	0.0	0.0	0.0
202605	210A30200	43	租税公課	0.0	0.0	0.0	0.0	0.0	0.0
202605	210A30200	44	業務委託費	0.0	0.0	0.0	0.0	0.0	0.0
202605	210A30200	45	業務受託収入	0.0	0.0	0.0	0.0	0.0	0.0
202605	210A30200	46	システム管理料	0.0	0.0	0.0	0.0	0.0	0.0
202605	210A30200	47	情報機器利用料	108940.0	108940.0	108940.0	4.5	100.0	100.0
202605	210A30200	48	貸倒金	0.0	0.0	0.0	0.0	0.0	0.0
202605	210A30200	49	雑費	1000.0	1000.0	337.0	0.0	33.7	33.7
202605	210A30200	50	福利消耗品費	13000.0	8000.0	0.0	0.0	0.0	0.0
202605	210A30200	51	教育研修費	500.0	500.0	0.0	0.0	0.0	0.0
202605	210A30200	52	廃棄損・減耗損	0.0	0.0	0.0	0.0	0.0	0.0
202605	210A30200	53	雑給	0.0	0.0	0.0	0.0	0.0	0.0
202605	210A30200	54	社内金利（固定資産）	0.0	0.0	0.0	0.0	0.0	0.0
202605	210A30200	55	社内金利（売掛金）	0.0	0.0	0.0	0.0	0.0	0.0
202605	210A30200	56	社内金利（在庫）	0.0	0.0	0.0	0.0	0.0	0.0
202605	210A30200	57	営業口銭①（新築）	0.0	0.0	109220.0	4.5	0.0	0.0
202605	210A30200	58	営業口銭②（リフォ）	8250000.0	3298718.0	1090564.0	45.8	33.0	13.2
202605	210A30200	59	開発口銭	0.0	0.0	0.0	0.0	0.0	0.0
202605	210A30200	60	部門共通（経費）	432403.0	319782.0	439988.0	18.4	137.5	101.7
202605	210A30200	61	グループ共通	50500.0	50500.0	50500.0	2.1	100.0	100.0
202605	210A30200	62	差引収益	4343768.0	236022.0	-20200867.0		0.0	0.0
202605	210A30200	63	差引比率	8.5	1.4	-1010.6		0.0	0.0
202605	210A30200	64	総時間	584.25	546.75	488.75		89.3	83.6
202605	210A30200	65	定時間	304.0	288.0	273.25	55.9	94.8	89.8
202605	210A30200	66	残業時間	80.0	60.0	84.0	17.1	140.0	105.0
202605	210A30200	67	移動時間	72.0	70.0	0.0	0.0	0.0	0.0
202605	210A30200	68	部門共通（時間）	128.25	128.75	131.5	26.9	102.1	102.5
202605	210A30200	69	当月時間当り	7434.7	431.6	-41331.6		0.0	0.0
202605	210A30200	70	人員	2.0	2.0	2.0		100.0	100.0
202605	230C30500	1	総出荷	0.0	0.0	0.0		0.0	0.0
202605	230C30500	2	社外売	0.0	0.0	0.0	0.0	0.0	0.0
202605	230C30500	3	社内売	0.0	0.0	0.0	0.0	0.0	0.0
202605	230C30500	4	社内仕入	0.0	0.0	0.0		0.0	0.0
202605	230C30500	5	仕掛1	0.0	0.0	0.0		0.0	0.0
202605	230C30500	6	総生産	0.0	0.0	0.0		0.0	0.0
202605	230C30500	7	経費合計	0.0	0.0	0.0		0.0	0.0
202605	230C30500	8	経費合計(原価)	0.0	0.0	0.0	0.0	0.0	0.0
202605	230C30500	9	仕掛2	0.0	0.0	0.0	0.0	0.0	0.0
202605	230C30500	10	商品仕入高	0.0	0.0	0.0	0.0	0.0	0.0
202605	230C30500	11	原材料費	0.0	0.0	0.0	0.0	0.0	0.0
202605	230C30500	12	外注加工費	0.0	0.0	0.0	0.0	0.0	0.0
202605	230C30500	13	その他 直接経費	0.0	0.0	0.0	0.0	0.0	0.0
202605	230C30500	14	他勘定振替高	0.0	0.0	0.0	0.0	0.0	0.0
202605	230C30500	15	経費合計（販管費）	0.0	0.0	0.0	0.0	0.0	0.0
202605	230C30500	16	減価償却費	4421.0	4421.0	4421.0	0.0	100.0	100.0
202605	230C30500	17	車両費	315771.0	294771.0	290846.0	0.0	98.6	92.1
202605	230C30500	18	旅費交通費	20000.0	20000.0	1817.0	0.0	9.0	9.0
202605	230C30500	19	荷造運搬費	0.0	0.0	0.0	0.0	0.0	0.0
202605	230C30500	20	通信費	10910.0	10910.0	59457.0	0.0	544.9	544.9
202605	230C30500	21	水道光熱費	12000.0	12000.0	11371.0	0.0	94.7	94.7
202605	230C30500	22	動力費	0.0	0.0	0.0	0.0	0.0	0.0
202605	230C30500	23	事務用品費	20000.0	1000.0	0.0	0.0	0.0	0.0
202605	230C30500	24	消耗品費	0.0	5000.0	20168.0	0.0	403.3	0.0
202605	230C30500	25	廃棄物処理料	0.0	0.0	2278.0	0.0	0.0	0.0
202605	230C30500	26	広告宣伝費	0.0	0.0	0.0	0.0	0.0	0.0
202605	230C30500	27	接待交際費	0.0	0.0	0.0	0.0	0.0	0.0
202605	230C30500	28	研究開発費	0.0	0.0	0.0	0.0	0.0	0.0
202605	230C30500	29	アフターサービス費	0.0	0.0	0.0	0.0	0.0	0.0
202605	230C30500	30	クレーム費	0.0	0.0	0.0	0.0	0.0	0.0
202605	230C30500	31	賃借料	295152.0	295152.0	295152.0	0.0	100.0	100.0
202605	230C30500	32	賃貸料収入	-20500.0	0.0	0.0	0.0	0.0	0.0
202605	230C30500	33	修繕費	77500.0	44190.0	44190.0	0.0	100.0	57.0
202605	230C30500	34	支払リース料	1201.0	1201.0	1200.0	0.0	99.9	99.9
202605	230C30500	35	保険料	498380.0	498380.0	498380.0	0.0	100.0	100.0
202605	230C30500	36	支払報酬	0.0	0.0	0.0	0.0	0.0	0.0
202605	230C30500	37	販売手数料	0.0	0.0	0.0	0.0	0.0	0.0
202605	230C30500	38	支払手数料	1440000.0	0.0	1440424.0	0.0	0.0	100.0
202605	230C30500	39	診断料	0.0	0.0	0.0	0.0	0.0	0.0
202605	230C30500	40	諸会費	0.0	0.0	0.0	0.0	0.0	0.0
202605	230C30500	41	会議費	0.0	0.0	0.0	0.0	0.0	0.0
202605	230C30500	42	寄付金	0.0	0.0	0.0	0.0	0.0	0.0
202605	230C30500	43	租税公課	0.0	1100.0	0.0	0.0	0.0	0.0
202605	230C30500	44	業務委託費	0.0	0.0	0.0	0.0	0.0	0.0
202605	230C30500	45	業務受託収入	0.0	0.0	0.0	0.0	0.0	0.0
202605	230C30500	46	システム管理料	0.0	0.0	0.0	0.0	0.0	0.0
202605	230C30500	47	情報機器利用料	249212.0	249212.0	249212.0	0.0	100.0	100.0
202605	230C30500	48	貸倒金	0.0	0.0	0.0	0.0	0.0	0.0
202605	230C30500	49	雑費	1429.0	1429.0	5328.0	0.0	372.8	372.8
202605	230C30500	50	福利消耗品費	21300.0	25450.0	0.0	0.0	0.0	0.0
202605	230C30500	51	教育研修費	0.0	0.0	17904.0	0.0	0.0	0.0
202605	230C30500	52	廃棄損・減耗損	0.0	0.0	0.0	0.0	0.0	0.0
202605	230C30500	53	雑給	0.0	0.0	0.0	0.0	0.0	0.0
202605	230C30500	54	社内金利（固定資産）	1143.0	1143.0	714.0	0.0	62.4	62.4
202605	230C30500	55	社内金利（売掛金）	0.0	0.0	0.0	0.0	0.0	0.0
202605	230C30500	56	社内金利（在庫）	0.0	0.0	0.0	0.0	0.0	0.0
202605	230C30500	57	営業口銭①（新築）	0.0	0.0	0.0	0.0	0.0	0.0
202605	230C30500	58	営業口銭②（リフォ）	0.0	0.0	0.0	0.0	0.0	0.0
202605	230C30500	59	開発口銭	0.0	0.0	0.0	0.0	0.0	0.0
202605	230C30500	60	部門共通（経費）	-3023719.0	-1541159.0	-3018662.0	0.0	0.0	0.0
202605	230C30500	61	グループ共通	75800.0	75800.0	75800.0	0.0	100.0	100.0
202605	230C30500	62	差引収益	0.0	0.0	0.0		0.0	0.0
202605	230C30500	63	差引比率	0.0	0.0	0.0		0.0	0.0
202605	230C30500	64	総時間	0.0	0.0	0.0		0.0	0.0
202605	230C30500	65	定時間	552.0	544.0	540.75	0.0	99.4	97.9
202605	230C30500	66	残業時間	62.0	53.0	65.0	0.0	122.6	104.8
202605	230C30500	67	移動時間	-104.0	-110.0	-35.75	0.0	0.0	0.0
202605	230C30500	68	部門共通（時間）	-510.0	-487.0	-570.0	0.0	0.0	0.0
202605	230C30500	69	当月時間当り	0.0	0.0	0.0		0.0	0.0
202605	230C30500	70	人員	4.0	4.0	4.0		100.0	100.0
202605	230C30400	1	総出荷	1500000.0	1200000.0	1415898.0		117.9	94.3
202605	230C30400	2	社外売	0.0	0.0	0.0	0.0	0.0	0.0
202605	230C30400	3	社内売	1500000.0	1200000.0	1415898.0	100.0	117.9	94.3
202605	230C30400	4	社内仕入	0.0	0.0	0.0		0.0	0.0
202605	230C30400	5	仕掛1	0.0	0.0	0.0		0.0	0.0
202605	230C30400	6	総生産	1500000.0	1200000.0	1415898.0		117.9	94.3
202605	230C30400	7	経費合計	1003179.0	989125.0	852365.0		86.1	84.9
202605	230C30400	8	経費合計(原価)	0.0	0.0	0.0	0.0	0.0	0.0
202605	230C30400	9	仕掛2	0.0	0.0	0.0	0.0	0.0	0.0
202605	230C30400	10	商品仕入高	0.0	0.0	0.0	0.0	0.0	0.0
202605	230C30400	11	原材料費	0.0	0.0	0.0	0.0	0.0	0.0
202605	230C30400	12	外注加工費	0.0	0.0	0.0	0.0	0.0	0.0
202605	230C30400	13	その他 直接経費	0.0	0.0	0.0	0.0	0.0	0.0
202605	230C30400	14	他勘定振替高	0.0	0.0	0.0	0.0	0.0	0.0
202605	230C30400	15	経費合計（販管費）	1003179.0	989125.0	852365.0	100.0	86.1	84.9
202605	230C30400	16	減価償却費	4421.0	4421.0	4421.0	0.5	100.0	100.0
202605	230C30400	17	車両費	572291.0	548291.0	467056.0	54.7	85.1	81.6
202605	230C30400	18	旅費交通費	40000.0	40000.0	36116.0	4.2	90.2	90.2
202605	230C30400	19	荷造運搬費	0.0	0.0	0.0	0.0	0.0	0.0
202605	230C30400	20	通信費	24032.0	22230.0	70780.0	8.3	318.3	294.5
202605	230C30400	21	水道光熱費	36946.0	36946.0	31340.0	3.6	84.8	84.8
202605	230C30400	22	動力費	0.0	0.0	0.0	0.0	0.0	0.0
202605	230C30400	23	事務用品費	27689.0	8689.0	11094.0	1.3	127.6	40.0
202605	230C30400	24	消耗品費	29667.0	32735.0	43848.0	5.1	133.9	147.8
202605	230C30400	25	廃棄物処理料	557.0	557.0	3257.0	0.3	584.7	584.7
202605	230C30400	26	広告宣伝費	0.0	0.0	0.0	0.0	0.0	0.0
202605	230C30400	27	接待交際費	0.0	0.0	4190.0	0.4	0.0	0.0
202605	230C30400	28	研究開発費	0.0	0.0	0.0	0.0	0.0	0.0
202605	230C30400	29	アフターサービス費	0.0	0.0	0.0	0.0	0.0	0.0
202605	230C30400	30	クレーム費	0.0	0.0	0.0	0.0	0.0	0.0
202605	230C30400	31	賃借料	494038.0	494038.0	436127.0	51.1	88.2	88.2
202605	230C30400	32	賃貸料収入	-30500.0	-10000.0	-10000.0	0.0	0.0	0.0
202605	230C30400	33	修繕費	77500.0	44190.0	44190.0	5.1	100.0	57.0
202605	230C30400	34	支払リース料	8530.0	8530.0	6128.0	0.7	71.8	71.8
202605	230C30400	35	保険料	498380.0	498380.0	498380.0	58.4	100.0	100.0
202605	230C30400	36	支払報酬	0.0	0.0	0.0	0.0	0.0	0.0
202605	230C30400	37	販売手数料	0.0	0.0	0.0	0.0	0.0	0.0
202605	230C30400	38	支払手数料	1442220.0	2220.0	1441144.0	169.0		99.9
202605	230C30400	39	診断料	0.0	0.0	0.0	0.0	0.0	0.0
202605	230C30400	40	諸会費	500.0	500.0	0.0	0.0	0.0	0.0
202605	230C30400	41	会議費	0.0	0.0	0.0	0.0	0.0	0.0
202605	230C30400	42	寄付金	0.0	0.0	0.0	0.0	0.0	0.0
202605	230C30400	43	租税公課	0.0	1100.0	0.0	0.0	0.0	0.0
202605	230C30400	44	業務委託費	0.0	0.0	0.0	0.0	0.0	0.0
202605	230C30400	45	業務受託収入	0.0	0.0	0.0	0.0	0.0	0.0
202605	230C30400	46	システム管理料	0.0	0.0	0.0	0.0	0.0	0.0
202605	230C30400	47	情報機器利用料	408032.0	408032.0	408032.0	47.8	100.0	100.0
202605	230C30400	48	貸倒金	0.0	0.0	0.0	0.0	0.0	0.0
202605	230C30400	49	雑費	5129.0	5129.0	9715.0	1.1	189.4	189.4
202605	230C30400	50	福利消耗品費	24300.0	27950.0	829.0	0.0	2.9	3.4
202605	230C30400	51	教育研修費	1329.0	1329.0	18827.0	2.2		
202605	230C30400	52	廃棄損・減耗損	0.0	0.0	0.0	0.0	0.0	0.0
202605	230C30400	53	雑給	0.0	0.0	0.0	0.0	0.0	0.0
202605	230C30400	54	社内金利（固定資産）	1143.0	1143.0	714.0	0.0	62.4	62.4
202605	230C30400	55	社内金利（売掛金）	0.0	0.0	0.0	0.0	0.0	0.0
202605	230C30400	56	社内金利（在庫）	0.0	0.0	0.0	0.0	0.0	0.0
202605	230C30400	57	営業口銭①（新築）	0.0	0.0	0.0	0.0	0.0	0.0
202605	230C30400	58	営業口銭②（リフォ）	0.0	0.0	0.0	0.0	0.0	0.0
202605	230C30400	59	開発口銭	0.0	0.0	0.0	0.0	0.0	0.0
202605	230C30400	60	部門共通（経費）	-2940225.0	-1464485.0	-2951023.0	0.0	0.0	0.0
202605	230C30400	61	グループ共通	277200.0	277200.0	277200.0	32.5	100.0	100.0
202605	230C30400	62	差引収益	496821.0	210875.0	563533.0		267.2	113.4
202605	230C30400	63	差引比率	33.1	17.5	39.8		227.4	120.2
202605	230C30400	64	総時間	1095.75	1132.25	1109.0		97.9	101.2
202605	230C30400	65	定時間	1456.0	1456.0	1437.75	129.6	98.7	98.7
202605	230C30400	66	残業時間	143.0	164.0	162.25	14.6	98.9	113.4
202605	230C30400	67	移動時間	-53.0	-59.0	14.75	1.3	0.0	0.0
202605	230C30400	68	部門共通（時間）	-450.25	-428.75	-505.75	0.0	0.0	0.0
202605	230C30400	69	当月時間当り	453.4	186.2	508.1		272.8	112.0
202605	230C30400	70	人員	10.0	10.0	10.0		100.0	100.0
202605	400A10100	1	総出荷	0.0	0.0	0.0		0.0	0.0
202605	400A10100	2	社外売	0.0	0.0	0.0	0.0	0.0	0.0
202605	400A10100	3	社内売	0.0	0.0	0.0	0.0	0.0	0.0
202605	400A10100	4	社内仕入	0.0	0.0	0.0		0.0	0.0
202605	400A10100	5	仕掛1	0.0	0.0	0.0		0.0	0.0
202605	400A10100	6	総生産	0.0	0.0	0.0		0.0	0.0
202605	400A10100	7	経費合計	0.0	0.0	0.0		0.0	0.0
202605	400A10100	8	経費合計(原価)	0.0	0.0	0.0	0.0	0.0	0.0
202605	400A10100	9	仕掛2	0.0	0.0	0.0	0.0	0.0	0.0
202605	400A10100	10	商品仕入高	0.0	0.0	0.0	0.0	0.0	0.0
202605	400A10100	11	原材料費	0.0	0.0	0.0	0.0	0.0	0.0
202605	400A10100	12	外注加工費	0.0	0.0	0.0	0.0	0.0	0.0
202605	400A10100	13	その他 直接経費	0.0	0.0	0.0	0.0	0.0	0.0
202605	400A10100	14	他勘定振替高	0.0	0.0	0.0	0.0	0.0	0.0
202605	400A10100	15	経費合計（販管費）	0.0	0.0	0.0	0.0	0.0	0.0
202605	400A10100	16	減価償却費	0.0	0.0	0.0	0.0	0.0	0.0
202605	400A10100	17	車両費	203778.0	206458.0	210452.0	0.0	101.9	103.2
202605	400A10100	18	旅費交通費	135000.0	175000.0	138717.0	0.0	79.2	102.7
202605	400A10100	19	荷造運搬費	0.0	0.0	0.0	0.0	0.0	0.0
202605	400A10100	20	通信費	9010.0	9010.0	8299.0	0.0	92.1	92.1
202605	400A10100	21	水道光熱費	0.0	0.0	0.0	0.0	0.0	0.0
202605	400A10100	22	動力費	0.0	0.0	0.0	0.0	0.0	0.0
202605	400A10100	23	事務用品費	5700.0	5700.0	0.0	0.0	0.0	0.0
202605	400A10100	24	消耗品費	11500.0	5000.0	4549.0	0.0	90.9	39.5
202605	400A10100	25	廃棄物処理料	0.0	0.0	0.0	0.0	0.0	0.0
202605	400A10100	26	広告宣伝費	0.0	0.0	0.0	0.0	0.0	0.0
202605	400A10100	27	接待交際費	10000.0	10000.0	0.0	0.0	0.0	0.0
202605	400A10100	28	研究開発費	0.0	0.0	0.0	0.0	0.0	0.0
202605	400A10100	29	アフターサービス費	0.0	0.0	0.0	0.0	0.0	0.0
202605	400A10100	30	クレーム費	0.0	0.0	0.0	0.0	0.0	0.0
202605	400A10100	31	賃借料	28000.0	24000.0	3000.0	0.0	12.5	10.7
202605	400A10100	32	賃貸料収入	0.0	0.0	2040.0	0.0	0.0	0.0
202605	400A10100	33	修繕費	0.0	0.0	0.0	0.0	0.0	0.0
202605	400A10100	34	支払リース料	0.0	0.0	0.0	0.0	0.0	0.0
202605	400A10100	35	保険料	0.0	0.0	0.0	0.0	0.0	0.0
202605	400A10100	36	支払報酬	0.0	0.0	0.0	0.0	0.0	0.0
202605	400A10100	37	販売手数料	0.0	0.0	0.0	0.0	0.0	0.0
202605	400A10100	38	支払手数料	0.0	0.0	-972.0	0.0	0.0	0.0
202605	400A10100	39	診断料	0.0	0.0	0.0	0.0	0.0	0.0
202605	400A10100	40	諸会費	0.0	0.0	12500.0	0.0	0.0	0.0
202605	400A10100	41	会議費	0.0	0.0	0.0	0.0	0.0	0.0
202605	400A10100	42	寄付金	0.0	0.0	0.0	0.0	0.0	0.0
202605	400A10100	43	租税公課	0.0	0.0	0.0	0.0	0.0	0.0
202605	400A10100	44	業務委託費	0.0	0.0	0.0	0.0	0.0	0.0
202605	400A10100	45	業務受託収入	0.0	0.0	0.0	0.0	0.0	0.0
202605	400A10100	46	システム管理料	0.0	0.0	0.0	0.0	0.0	0.0
202605	400A10100	47	情報機器利用料	174982.0	174982.0	174982.0	0.0	100.0	100.0
202605	400A10100	48	貸倒金	0.0	0.0	0.0	0.0	0.0	0.0
202605	400A10100	49	雑費	0.0	0.0	0.0	0.0	0.0	0.0
202605	400A10100	50	福利消耗品費	23400.0	23400.0	0.0	0.0	0.0	0.0
202605	400A10100	51	教育研修費	4000.0	0.0	0.0	0.0	0.0	0.0
202605	400A10100	52	廃棄損・減耗損	0.0	0.0	0.0	0.0	0.0	0.0
202605	400A10100	53	雑給	0.0	0.0	0.0	0.0	0.0	0.0
202605	400A10100	54	社内金利（固定資産）	0.0	0.0	0.0	0.0	0.0	0.0
202605	400A10100	55	社内金利（売掛金）	0.0	0.0	0.0	0.0	0.0	0.0
202605	400A10100	56	社内金利（在庫）	0.0	0.0	0.0	0.0	0.0	0.0
202605	400A10100	57	営業口銭①（新築）	0.0	0.0	0.0	0.0	0.0	0.0
202605	400A10100	58	営業口銭②（リフォ）	0.0	0.0	0.0	0.0	0.0	0.0
202605	400A10100	59	開発口銭	0.0	0.0	0.0	0.0	0.0	0.0
202605	400A10100	60	部門共通（経費）	-730970.0	-759150.0	-679167.0	0.0	0.0	0.0
202605	400A10100	61	グループ共通	125600.0	125600.0	125600.0	0.0	100.0	100.0
202605	400A10100	62	差引収益	0.0	0.0	0.0		0.0	0.0
202605	400A10100	63	差引比率	0.0	0.0	0.0		0.0	0.0
202605	400A10100	64	総時間	0.0	0.0	0.0		0.0	0.0
202605	400A10100	65	定時間	752.0	728.0	740.75	0.0	101.7	98.5
202605	400A10100	66	残業時間	145.0	145.0	136.0	0.0	93.7	93.7
202605	400A10100	67	移動時間	9.5	9.5	9.5	0.0	100.0	100.0
202605	400A10100	68	部門共通（時間）	-906.5	-882.5	-886.25	0.0	0.0	0.0
202605	400A10100	69	当月時間当り	0.0	0.0	0.0		0.0	0.0
202605	400A10100	70	人員	5.0	5.0	5.0		100.0	100.0
202605	003030100	1	総出荷	151000000.0	129726577.0	98210936.0		75.7	65.0
202605	003030100	2	社外売	0.0	0.0	0.0	0.0	0.0	0.0
202605	003030100	3	社内売	151000000.0	129726577.0	98210936.0	100.0	75.7	65.0
202605	003030100	4	社内仕入	43150000.0	52026702.0	38042419.0		73.1	88.1
202605	003030100	5	仕掛1	0.0	0.0	0.0		0.0	0.0
202605	003030100	6	総生産	107850000.0	77699875.0	60168517.0		77.4	55.7
202605	003030100	7	経費合計	121543821.0	124359605.0	131423774.0		105.6	108.1
202605	003030100	8	経費合計(原価)	111520000.0	113632646.0	121868496.0	92.7	107.2	109.2
202605	003030100	9	仕掛2	0.0	0.0	0.0	0.0	0.0	0.0
202605	003030100	10	商品仕入高	50250000.0	30637264.0	40049557.0	32.8	130.7	79.7
202605	003030100	11	原材料費	61070000.0	82156022.0	80235839.0	65.8	97.6	131.3
202605	003030100	12	外注加工費	1080000.0	1719360.0	1765360.0	1.4	102.6	163.4
202605	003030100	13	その他 直接経費	0.0	0.0	0.0	0.0	0.0	0.0
202605	003030100	14	他勘定振替高	-880000.0	-880000.0	-182260.0	0.0	0.0	0.0
202605	003030100	15	経費合計（販管費）	10023821.0	10726959.0	9555278.0	7.2	89.0	95.3
202605	003030100	16	減価償却費	1592438.0	1691438.0	1691404.0	17.7	99.9	106.2
202605	003030100	17	車両費	1611510.0	1561500.0	1515409.0	15.8	97.0	94.0
202605	003030100	18	旅費交通費	1012100.0	939480.0	667238.0	6.9	71.0	65.9
202605	003030100	19	荷造運搬費	5500.0	5500.0	3163.0	0.0	57.5	57.5
202605	003030100	20	通信費	172405.0	179730.0	174686.0	1.8	97.1	101.3
202605	003030100	21	水道光熱費	162905.0	172465.0	146512.0	1.5	84.9	89.9
202605	003030100	22	動力費	662544.0	650144.0	414725.0	4.3	63.7	62.5
202605	003030100	23	事務用品費	42448.0	262848.0	232568.0	2.4	88.4	547.8
202605	003030100	24	消耗品費	786086.0	902844.0	1039589.0	10.8	115.1	132.2
202605	003030100	25	廃棄物処理料	-106450.0	-106481.0	48387.0	0.5	0.0	0.0
202605	003030100	26	広告宣伝費	0.0	0.0	0.0	0.0	0.0	0.0
202605	003030100	27	接待交際費	93000.0	146000.0	160326.0	1.6	109.8	172.3
202605	003030100	28	研究開発費	0.0	0.0	0.0	0.0	0.0	0.0
202605	003030100	29	アフターサービス費	0.0	0.0	0.0	0.0	0.0	0.0
202605	003030100	30	クレーム費	0.0	0.0	0.0	0.0	0.0	0.0
202605	003030100	31	賃借料	3648004.0	3602953.0	3588617.0	37.5	99.6	98.3
202605	003030100	32	賃貸料収入	-282000.0	-241000.0	-320936.0	0.0	0.0	0.0
202605	003030100	33	修繕費	90000.0	370000.0	0.0	0.0	0.0	0.0
202605	003030100	34	支払リース料	39956.0	39933.0	34107.0	0.3	85.4	85.3
202605	003030100	35	保険料	28537.0	28537.0	27692.0	0.2	97.0	97.0
202605	003030100	36	支払報酬	20000.0	20000.0	20000.0	0.2	100.0	100.0
202605	003030100	37	販売手数料	0.0	0.0	-94000.0	0.0	0.0	0.0
202605	003030100	38	支払手数料	13254.0	13178.0	143404.0	1.5		
202605	003030100	39	診断料	0.0	0.0	0.0	0.0	0.0	0.0
202605	003030100	40	諸会費	54600.0	39600.0	76419.0	0.7	192.9	139.9
202605	003030100	41	会議費	2000.0	2000.0	0.0	0.0	0.0	0.0
202605	003030100	42	寄付金	0.0	0.0	0.0	0.0	0.0	0.0
202605	003030100	43	租税公課	0.0	0.0	0.0	0.0	0.0	0.0
202605	003030100	44	業務委託費	554600.0	554600.0	554600.0	5.8	100.0	100.0
202605	003030100	45	業務受託収入	-15000.0	-15000.0	-15000.0	0.0	0.0	0.0
202605	003030100	46	システム管理料	0.0	0.0	0.0	0.0	0.0	0.0
202605	003030100	47	情報機器利用料	3900054.0	3900014.0	3909388.0	40.9	100.2	100.2
202605	003030100	48	貸倒金	0.0	0.0	0.0	0.0	0.0	0.0
202605	003030100	49	雑費	31166.0	32250.0	53850.0	0.5	166.9	172.7
202605	003030100	50	福利消耗品費	452770.0	670810.0	210689.0	2.2	31.4	46.5
202605	003030100	51	教育研修費	150850.0	46818.0	5837.0	0.0	12.4	3.8
202605	003030100	52	廃棄損・減耗損	880000.0	880000.0	182260.0	1.9	20.7	20.7
202605	003030100	53	雑給	0.0	0.0	0.0	0.0	0.0	0.0
202605	003030100	54	社内金利（固定資産）	445201.0	441601.0	441602.0	4.6	100.0	99.1
202605	003030100	55	社内金利（売掛金）	0.0	0.0	0.0	0.0	0.0	0.0
202605	003030100	56	社内金利（在庫）	407800.0	487249.0	482197.0	5.0	98.9	118.2
202605	003030100	57	営業口銭①（新築）	0.0	0.0	0.0	0.0	0.0	0.0
202605	003030100	58	営業口銭②（リフォ）	0.0	0.0	0.0	0.0	0.0	0.0
202605	003030100	59	開発口銭	0.0	0.0	0.0	0.0	0.0	0.0
202605	003030100	60	部門共通（経費）	-8419357.0	-8538952.0	-7826355.0	0.0	0.0	0.0
202605	003030100	61	グループ共通	1986900.0	1986900.0	1986900.0	20.7	100.0	100.0
202605	003030100	62	差引収益	-13693821.0	-46659730.0	-71255257.0		0.0	0.0
202605	003030100	63	差引比率	-12.6	-60.0	-118.4		0.0	0.0
202605	003030100	64	総時間	5875.75	5791.0	5493.25		94.8	93.4
202605	003030100	65	定時間	11792.5	11627.75	11499.5	209.3	98.8	97.5
202605	003030100	66	残業時間	1191.25	1205.25	1036.75	18.8	86.0	87.0
202605	003030100	67	移動時間	-59.0	-59.25	-89.0	0.0	0.0	0.0
202605	003030100	68	部門共通（時間）	-7049.0	-6982.75	-6954.0	0.0	0.0	0.0
202605	003030100	69	当月時間当り	-2330.5	-8057.2	-12971.4		0.0	0.0
202605	003030100	70	人員	83.0	83.0	82.0		98.7	98.7
202605	230H10100	1	総受注高	0.0	0.0	0.0		0.0	0.0
202605	230H10100	2	【新築】受注高	0.0	0.0	0.0	0.0	0.0	0.0
202605	230H10100	3	【リフォ】受注高	0.0	0.0	0.0	0.0	0.0	0.0
202605	230H10100	4	【資材】受注高	0.0	0.0	0.0	0.0	0.0	0.0
202605	230H10100	5	総売上高	0.0	0.0	0.0		0.0	0.0
202605	230H10100	6	【新築】売上高	0.0	0.0	0.0	0.0	0.0	0.0
202605	230H10100	7	【リフォ】売上高	0.0	0.0	0.0	0.0	0.0	0.0
202605	230H10100	8	【資材】売上高	0.0	0.0	0.0	0.0	0.0	0.0
202605	230H10100	9	【新築】インセンティブ	0.0	0.0	0.0	0.0	0.0	0.0
202605	230H10100	10	【リフォ】インセンティブ	0.0	0.0	0.0	0.0	0.0	0.0
202605	230H10100	11	【資材】インセンティブ	0.0	0.0	0.0	0.0	0.0	0.0
202605	230H10100	12	収益①（営業口銭）	0.0	0.0	0.0		0.0	0.0
202605	230H10100	13	【新築】収益①(営業口銭)	0.0	0.0	0.0		0.0	0.0
202605	230H10100	14	【リフォ】収益①(営業口銭)	0.0	0.0	0.0		0.0	0.0
202605	230H10100	15	【資材】売上原価	0.0	0.0	0.0		0.0	0.0
202605	230H10100	16	収益②（資材）	0.0	0.0	0.0		0.0	0.0
202605	230H10100	17	総収益	0.0	0.0	0.0		0.0	0.0
202605	230H10100	18	経費合計	0.0	0.0	0.0		0.0	0.0
202605	230H10100	19	減価償却費	0.0	0.0	11500.0	0.0	0.0	0.0
202605	230H10100	20	車両費	41950.0	41950.0	39813.0	0.0	94.9	94.9
202605	230H10100	21	旅費交通費	0.0	0.0	-1.0	0.0	0.0	0.0
202605	230H10100	22	荷造運搬費	0.0	0.0	0.0	0.0	0.0	0.0
202605	230H10100	23	通信費	59024.0	59024.0	29356.0	0.0	49.7	49.7
202605	230H10100	24	水道光熱費	14554.0	14554.0	13401.0	0.0	92.0	92.0
202605	230H10100	25	動力費	0.0	0.0	0.0	0.0	0.0	0.0
202605	230H10100	26	事務用品費	2523.0	1583.0	2436.0	0.0	153.8	96.5
202605	230H10100	27	消耗品費	5262.0	3916.0	2383.0	0.0	60.8	45.2
202605	230H10100	28	廃棄物処理料	1875.0	1875.0	250.0	0.0	13.3	13.3
202605	230H10100	29	広告宣伝費	11500.0	11500.0	0.0	0.0	0.0	0.0
202605	230H10100	30	接待交際費	0.0	0.0	0.0	0.0	0.0	0.0
202605	230H10100	31	研究開発費	0.0	0.0	0.0	0.0	0.0	0.0
202605	230H10100	32	アフターサービス費	0.0	0.0	0.0	0.0	0.0	0.0
202605	230H10100	33	クレーム費	0.0	0.0	0.0	0.0	0.0	0.0
202605	230H10100	34	賃借料	386574.0	386574.0	356110.0	0.0	92.1	92.1
202605	230H10100	35	賃貸料収入	0.0	0.0	0.0	0.0	0.0	0.0
202605	230H10100	36	修繕費	0.0	0.0	0.0	0.0	0.0	0.0
202605	230H10100	37	支払リース料	500.0	500.0	2163.0	0.0	432.6	432.6
202605	230H10100	38	保険料	0.0	0.0	0.0	0.0	0.0	0.0
202605	230H10100	39	支払報酬	300000.0	300000.0	300000.0	0.0	100.0	100.0
202605	230H10100	40	販売手数料	0.0	0.0	0.0	0.0	0.0	0.0
202605	230H10100	41	支払手数料	40000.0	40000.0	72.0	0.0	0.1	0.1
202605	230H10100	42	診断料	0.0	0.0	0.0	0.0	0.0	0.0
202605	230H10100	43	諸会費	0.0	0.0	0.0	0.0	0.0	0.0
202605	230H10100	44	会議費	0.0	0.0	0.0	0.0	0.0	0.0
202605	230H10100	45	寄付金	0.0	0.0	0.0	0.0	0.0	0.0
202605	230H10100	46	租税公課	0.0	0.0	0.0	0.0	0.0	0.0
202605	230H10100	47	業務委託費	0.0	0.0	0.0	0.0	0.0	0.0
202605	230H10100	48	業務受託収入	0.0	0.0	0.0	0.0	0.0	0.0
202605	230H10100	49	システム管理料	0.0	0.0	0.0	0.0	0.0	0.0
202605	230H10100	50	情報機器利用料	442284.0	442284.0	442284.0	0.0	100.0	100.0
202605	230H10100	51	貸倒金	0.0	0.0	0.0	0.0	0.0	0.0
202605	230H10100	52	雑費	809.0	809.0	991.0	0.0	122.4	122.4
202605	230H10100	53	福利消耗品費	13444.0	11153.0	1545.0	0.0	13.8	11.4
202605	230H10100	54	教育研修費	872.0	872.0	5509.0	0.0	631.7	631.7
202605	230H10100	55	廃棄損・減耗損	0.0	0.0	0.0	0.0	0.0	0.0
202605	230H10100	56	雑給	0.0	0.0	0.0	0.0	0.0	0.0
202605	230H10100	57	社内金利（固定資産）	0.0	0.0	3335.0	0.0	0.0	0.0
202605	230H10100	58	社内金利（売掛金）	0.0	0.0	0.0	0.0	0.0	0.0
202605	230H10100	59	社内金利（在庫）	900000.0	904000.0	1029061.0	0.0	113.8	114.3
202605	230H10100	60	開発口銭	0.0	0.0	0.0	0.0	0.0	0.0
202605	230H10100	61	部門共通（経費）	-2346771.0	-2346194.0	-2365808.0	0.0	0.0	0.0
202605	230H10100	62	グループ共通	125600.0	125600.0	125600.0	0.0	100.0	100.0
202605	230H10100	63	差引収益	0.0	0.0	0.0		0.0	0.0
202605	230H10100	64	差引比率	0.0	0.0	0.0		0.0	0.0
202605	230H10100	65	総時間	0.0	0.0	0.0		0.0	0.0
202605	230H10100	66	定時間	860.0	864.0	859.0	0.0	99.4	99.8
202605	230H10100	67	残業時間	128.0	113.0	101.0	0.0	89.3	78.9
202605	230H10100	68	移動時間	-105.0	-105.0	-110.25	0.0	0.0	0.0
202605	230H10100	69	部門共通（時間）	-883.0	-872.0	-849.75	0.0	0.0	0.0
202605	230H10100	70	当月時間当り	0.0	0.0	0.0		0.0	0.0
202605	230H10100	71	人員	6.0	6.0	6.0		100.0	100.0
202605	230C30310	1	総出荷	9000000.0	7476702.0	7926977.0		106.0	88.0
202605	230C30310	2	社外売	0.0	0.0	0.0	0.0	0.0	0.0
202605	230C30310	3	社内売	9000000.0	7476702.0	7926977.0	100.0	106.0	88.0
202605	230C30310	4	社内仕入	0.0	0.0	0.0		0.0	0.0
202605	230C30310	5	仕掛1	0.0	0.0	0.0		0.0	0.0
202605	230C30310	6	総生産	9000000.0	7476702.0	7926977.0		106.0	88.0
202605	230C30310	7	経費合計	5188138.0	6247287.0	5969581.0		95.5	115.0
202605	230C30310	8	経費合計(原価)	980000.0	1619360.0	1657330.0	27.7	102.3	169.1
202605	230C30310	9	仕掛2	0.0	0.0	0.0	0.0	0.0	0.0
202605	230C30310	10	商品仕入高	0.0	0.0	0.0	0.0	0.0	0.0
202605	230C30310	11	原材料費	0.0	0.0	0.0	0.0	0.0	0.0
202605	230C30310	12	外注加工費	1080000.0	1719360.0	1765360.0	106.5	102.6	163.4
202605	230C30310	13	その他 直接経費	0.0	0.0	0.0	0.0	0.0	0.0
202605	230C30310	14	他勘定振替高	-100000.0	-100000.0	-108030.0	0.0	0.0	0.0
202605	230C30310	15	経費合計（販管費）	4208138.0	4627927.0	4312251.0	72.2	93.1	102.4
202605	230C30310	16	減価償却費	394169.0	394169.0	394169.0	9.1	100.0	100.0
202605	230C30310	17	車両費	207866.0	207866.0	166269.0	3.8	79.9	79.9
202605	230C30310	18	旅費交通費	0.0	0.0	0.0	0.0	0.0	0.0
202605	230C30310	19	荷造運搬費	0.0	0.0	3163.0	0.0	0.0	0.0
202605	230C30310	20	通信費	22138.0	22138.0	33016.0	0.7	149.1	149.1
202605	230C30310	21	水道光熱費	1500.0	1500.0	1614.0	0.0	107.6	107.6
202605	230C30310	22	動力費	300544.0	300544.0	207158.0	4.8	68.9	68.9
202605	230C30310	23	事務用品費	3500.0	3500.0	3500.0	0.0	100.0	100.0
202605	230C30310	24	消耗品費	350000.0	430000.0	570931.0	13.2	132.7	163.1
202605	230C30310	25	廃棄物処理料	-100000.0	-100000.0	7968.0	0.1	0.0	0.0
202605	230C30310	26	広告宣伝費	0.0	0.0	0.0	0.0	0.0	0.0
202605	230C30310	27	接待交際費	10000.0	10000.0	0.0	0.0	0.0	0.0
202605	230C30310	28	研究開発費	0.0	0.0	0.0	0.0	0.0	0.0
202605	230C30310	29	アフターサービス費	0.0	0.0	0.0	0.0	0.0	0.0
202605	230C30310	30	クレーム費	0.0	0.0	0.0	0.0	0.0	0.0
202605	230C30310	31	賃借料	1133000.0	1092000.0	1092000.0	25.3	100.0	96.3
202605	230C30310	32	賃貸料収入	-59000.0	-18000.0	-18000.0	0.0	0.0	0.0
202605	230C30310	33	修繕費	50000.0	370000.0	0.0	0.0	0.0	0.0
202605	230C30310	34	支払リース料	10438.0	10438.0	10439.0	0.2	100.0	100.0
202605	230C30310	35	保険料	0.0	0.0	0.0	0.0	0.0	0.0
202605	230C30310	36	支払報酬	0.0	0.0	0.0	0.0	0.0	0.0
202605	230C30310	37	販売手数料	0.0	0.0	0.0	0.0	0.0	0.0
202605	230C30310	38	支払手数料	1000.0	1000.0	372.0	0.0	37.2	37.2
202605	230C30310	39	診断料	0.0	0.0	0.0	0.0	0.0	0.0
202605	230C30310	40	諸会費	28500.0	28500.0	27819.0	0.6	97.6	97.6
202605	230C30310	41	会議費	0.0	0.0	0.0	0.0	0.0	0.0
202605	230C30310	42	寄付金	0.0	0.0	0.0	0.0	0.0	0.0
202605	230C30310	43	租税公課	0.0	0.0	0.0	0.0	0.0	0.0
202605	230C30310	44	業務委託費	0.0	0.0	0.0	0.0	0.0	0.0
202605	230C30310	45	業務受託収入	0.0	0.0	0.0	0.0	0.0	0.0
202605	230C30310	46	システム管理料	0.0	0.0	0.0	0.0	0.0	0.0
202605	230C30310	47	情報機器利用料	594982.0	594982.0	596902.0	13.8	100.3	100.3
202605	230C30310	48	貸倒金	0.0	0.0	0.0	0.0	0.0	0.0
202605	230C30310	49	雑費	4998.0	4998.0	16711.0	0.3	334.3	334.3
202605	230C30310	50	福利消耗品費	60000.0	242370.0	181170.0	4.2	74.7	301.9
202605	230C30310	51	教育研修費	100000.0	0.0	366.0	0.0	0.0	0.3
202605	230C30310	52	廃棄損・減耗損	100000.0	100000.0	108030.0	2.5	108.0	108.0
202605	230C30310	53	雑給	0.0	0.0	0.0	0.0	0.0	0.0
202605	230C30310	54	社内金利（固定資産）	135063.0	135063.0	135063.0	3.1	100.0	100.0
202605	230C30310	55	社内金利（売掛金）	0.0	0.0	0.0	0.0	0.0	0.0
202605	230C30310	56	社内金利（在庫）	1000.0	1000.0	17345.0	0.4		
202605	230C30310	57	営業口銭①（新築）	0.0	0.0	0.0	0.0	0.0	0.0
202605	230C30310	58	営業口銭②（リフォ）	0.0	0.0	0.0	0.0	0.0	0.0
202605	230C30310	59	開発口銭	0.0	0.0	0.0	0.0	0.0	0.0
202605	230C30310	60	部門共通（経費）	531540.0	468959.0	429346.0	9.9	91.5	80.7
202605	230C30310	61	グループ共通	326900.0	326900.0	326900.0	7.5	100.0	100.0
202605	230C30310	62	差引収益	3811862.0	1229415.0	1957396.0		159.2	51.3
202605	230C30310	63	差引比率	42.3	16.4	24.6		150.0	58.1
202605	230C30310	64	総時間	2307.5	2405.5	2281.5		94.8	98.8
202605	230C30310	65	定時間	2008.0	2034.0	1997.0	87.5	98.1	99.4
202605	230C30310	66	残業時間	58.0	133.0	45.5	1.9	34.2	78.4
202605	230C30310	67	移動時間	-85.25	-85.25	-89.25	0.0	0.0	0.0
202605	230C30310	68	部門共通（時間）	326.75	323.75	328.25	14.3	101.3	100.4
202605	230C30310	69	当月時間当り	1651.9	511.0	857.9		167.8	51.9
202605	230C30310	70	人員	14.0	14.0	14.0		100.0	100.0
202605	003090200	1	総受注高	0.0	0.0	0.0		0.0	0.0
202605	003090200	2	【新築】受注高	0.0	0.0	0.0	0.0	0.0	0.0
202605	003090200	3	【リフォ】受注高	0.0	0.0	0.0	0.0	0.0	0.0
202605	003090200	4	【資材】受注高	0.0	0.0	0.0	0.0	0.0	0.0
202605	003090200	5	総売上高	0.0	0.0	0.0		0.0	0.0
202605	003090200	6	【新築】売上高	0.0	0.0	0.0	0.0	0.0	0.0
202605	003090200	7	【リフォ】売上高	0.0	0.0	0.0	0.0	0.0	0.0
202605	003090200	8	【資材】売上高	0.0	0.0	0.0	0.0	0.0	0.0
202605	003090200	9	【新築】インセンティブ	0.0	0.0	0.0	0.0	0.0	0.0
202605	003090200	10	【リフォ】インセンティブ	0.0	0.0	0.0	0.0	0.0	0.0
202605	003090200	11	【資材】インセンティブ	0.0	0.0	0.0	0.0	0.0	0.0
202605	003090200	12	収益①（営業口銭）	0.0	0.0	0.0		0.0	0.0
202605	003090200	13	【新築】収益①(営業口銭)	0.0	0.0	0.0		0.0	0.0
202605	003090200	14	【リフォ】収益①(営業口銭)	0.0	0.0	0.0		0.0	0.0
202605	003090200	15	【資材】売上原価	0.0	0.0	0.0		0.0	0.0
202605	003090200	16	収益②（資材）	0.0	0.0	0.0		0.0	0.0
202605	003090200	17	総収益	0.0	0.0	0.0		0.0	0.0
202605	003090200	18	経費合計	-3106907.0	-3208876.0	-3515169.0		0.0	0.0
202605	003090200	19	減価償却費	0.0	0.0	0.0	0.0	0.0	0.0
202605	003090200	20	車両費	0.0	0.0	0.0	0.0	0.0	0.0
202605	003090200	21	旅費交通費	0.0	0.0	0.0	0.0	0.0	0.0
202605	003090200	22	荷造運搬費	0.0	0.0	0.0	0.0	0.0	0.0
202605	003090200	23	通信費	0.0	0.0	0.0	0.0	0.0	0.0
202605	003090200	24	水道光熱費	0.0	0.0	0.0	0.0	0.0	0.0
202605	003090200	25	動力費	0.0	0.0	0.0	0.0	0.0	0.0
202605	003090200	26	事務用品費	0.0	0.0	0.0	0.0	0.0	0.0
202605	003090200	27	消耗品費	0.0	0.0	0.0	0.0	0.0	0.0
202605	003090200	28	廃棄物処理料	0.0	0.0	0.0	0.0	0.0	0.0
202605	003090200	29	広告宣伝費	0.0	0.0	0.0	0.0	0.0	0.0
202605	003090200	30	接待交際費	0.0	0.0	0.0	0.0	0.0	0.0
202605	003090200	31	研究開発費	0.0	0.0	0.0	0.0	0.0	0.0
202605	003090200	32	アフターサービス費	0.0	0.0	0.0	0.0	0.0	0.0
202605	003090200	33	クレーム費	0.0	0.0	0.0	0.0	0.0	0.0
202605	003090200	34	賃借料	0.0	0.0	0.0	0.0	0.0	0.0
202605	003090200	35	賃貸料収入	0.0	0.0	0.0	0.0	0.0	0.0
202605	003090200	36	修繕費	0.0	0.0	0.0	0.0	0.0	0.0
202605	003090200	37	支払リース料	0.0	0.0	0.0	0.0	0.0	0.0
202605	003090200	38	保険料	0.0	0.0	0.0	0.0	0.0	0.0
202605	003090200	39	支払報酬	0.0	0.0	0.0	0.0	0.0	0.0
202605	003090200	40	販売手数料	0.0	0.0	0.0	0.0	0.0	0.0
202605	003090200	41	支払手数料	0.0	0.0	0.0	0.0	0.0	0.0
202605	003090200	42	診断料	0.0	0.0	0.0	0.0	0.0	0.0
202605	003090200	43	諸会費	0.0	0.0	0.0	0.0	0.0	0.0
202605	003090200	44	会議費	0.0	0.0	0.0	0.0	0.0	0.0
202605	003090200	45	寄付金	0.0	0.0	0.0	0.0	0.0	0.0
202605	003090200	46	租税公課	0.0	0.0	0.0	0.0	0.0	0.0
202605	003090200	47	業務委託費	0.0	0.0	0.0	0.0	0.0	0.0
202605	003090200	48	業務受託収入	0.0	0.0	0.0	0.0	0.0	0.0
202605	003090200	49	システム管理料	0.0	0.0	0.0	0.0	0.0	0.0
202605	003090200	50	情報機器利用料	0.0	0.0	0.0	0.0	0.0	0.0
202605	003090200	51	貸倒金	0.0	0.0	0.0	0.0	0.0	0.0
202605	003090200	52	雑費	0.0	0.0	0.0	0.0	0.0	0.0
202605	003090200	53	福利消耗品費	0.0	0.0	0.0	0.0	0.0	0.0
202605	003090200	54	教育研修費	0.0	0.0	0.0	0.0	0.0	0.0
202605	003090200	55	廃棄損・減耗損	0.0	0.0	0.0	0.0	0.0	0.0
202605	003090200	56	雑給	0.0	0.0	0.0	0.0	0.0	0.0
202605	003090200	57	社内金利（固定資産）	-999341.0	-995741.0	-1006950.0	0.0	0.0	0.0
202605	003090200	58	社内金利（売掛金）	-341593.0	-362473.0	-360780.0	0.0	0.0	0.0
202605	003090200	59	社内金利（在庫）	-1765973.0	-1850662.0	-2147439.0	0.0	0.0	0.0
202605	003090200	60	開発口銭	0.0	0.0	0.0	0.0	0.0	0.0
202605	003090200	61	部門共通（経費）	0.0	0.0	0.0	0.0	0.0	0.0
202605	003090200	62	グループ共通	0.0	0.0	0.0	0.0	0.0	0.0
202605	003090200	63	差引収益	3106907.0	3208876.0	3515169.0		109.5	113.1
202605	003090200	64	差引比率	0.0	0.0	0.0		0.0	0.0
202605	003090200	65	総時間	304.5	0.0	304.5		0.0	100.0
202605	003090200	66	定時間	0.0	0.0	0.0	0.0	0.0	0.0
202605	003090200	67	残業時間	0.0	0.0	0.0	0.0	0.0	0.0
202605	003090200	68	移動時間	304.5	0.0	304.5	100.0	0.0	100.0
202605	003090200	69	部門共通（時間）	0.0	0.0	0.0	0.0	0.0	0.0
202605	003090200	70	当月時間当り	10203.3	0.0	11544.0		0.0	113.1
202605	003090200	71	人員	0.0	0.0	0.0		0.0	0.0
202605	230H10500	1	総受注高	97000000.0	46160000.0	45258811.0		98.0	46.6
202605	230H10500	2	【新築】受注高	40000000.0	1900000.0	3550000.0	7.8	186.8	8.8
202605	230H10500	3	【リフォ】受注高	21000000.0	8260000.0	9093000.0	20.0	110.0	43.3
202605	230H10500	4	【資材】受注高	36000000.0	36000000.0	32615811.0	72.0	90.5	90.5
202605	230H10500	5	総売上高	41000000.0	45341000.0	38292344.0		84.4	93.3
202605	230H10500	6	【新築】売上高	0.0	1900000.0	0.0	0.0	0.0	0.0
202605	230H10500	7	【リフォ】売上高	5000000.0	7441000.0	5344000.0	13.9	71.8	106.8
202605	230H10500	8	【資材】売上高	36000000.0	36000000.0	32948344.0	86.0	91.5	91.5
202605	230H10500	9	【新築】インセンティブ	0.0	0.0	0.0	0.0	0.0	0.0
202605	230H10500	10	【リフォ】インセンティブ	0.0	0.0	0.0	0.0	0.0	0.0
202605	230H10500	11	【資材】インセンティブ	0.0	0.0	0.0	0.0	0.0	0.0
202605	230H10500	12	収益①（営業口銭）	750000.0	1211150.0	801600.0		66.1	106.8
202605	230H10500	13	【新築】収益①(営業口銭)	0.0	95000.0	0.0		0.0	0.0
202605	230H10500	14	【リフォ】収益①(営業口銭)	750000.0	1116150.0	801600.0		71.8	106.8
202605	230H10500	15	【資材】売上原価	31700000.0	31700000.0	28441994.0		89.7	89.7
202605	230H10500	16	収益②（資材）	4300000.0	4300000.0	4506350.0		104.7	104.7
202605	230H10500	17	総収益	5050000.0	5511150.0	5307950.0		96.3	105.1
202605	230H10500	18	経費合計	4215565.0	4074189.0	4166119.0		102.2	98.8
202605	230H10500	19	減価償却費	0.0	0.0	0.0	0.0	0.0	0.0
202605	230H10500	20	車両費	329550.0	329550.0	185870.0	4.4	56.4	56.4
202605	230H10500	21	旅費交通費	700000.0	700000.0	1029508.0	24.7	147.0	147.0
202605	230H10500	22	荷造運搬費	2000.0	2000.0	2000.0	0.0	100.0	100.0
202605	230H10500	23	通信費	46609.0	46609.0	35667.0	0.8	76.5	76.5
202605	230H10500	24	水道光熱費	20371.0	20371.0	18758.0	0.4	92.0	92.0
202605	230H10500	25	動力費	0.0	0.0	0.0	0.0	0.0	0.0
202605	230H10500	26	事務用品費	16432.0	16432.0	12766.0	0.3	77.6	77.6
202605	230H10500	27	消耗品費	5966.0	5966.0	4644.0	0.1	77.8	77.8
202605	230H10500	28	廃棄物処理料	2625.0	2625.0	1246.0	0.0	47.4	47.4
202605	230H10500	29	広告宣伝費	15000.0	15000.0	0.0	0.0	0.0	0.0
202605	230H10500	30	接待交際費	100000.0	50000.0	7200.0	0.1	14.4	7.2
202605	230H10500	31	研究開発費	0.0	0.0	0.0	0.0	0.0	0.0
202605	230H10500	32	アフターサービス費	0.0	0.0	0.0	0.0	0.0	0.0
202605	230H10500	33	クレーム費	0.0	0.0	0.0	0.0	0.0	0.0
202605	230H10500	34	賃借料	498450.0	498450.0	498450.0	11.9	100.0	100.0
202605	230H10500	35	賃貸料収入	0.0	0.0	0.0	0.0	0.0	0.0
202605	230H10500	36	修繕費	0.0	0.0	0.0	0.0	0.0	0.0
202605	230H10500	37	支払リース料	700.0	700.0	3028.0	0.0	432.5	432.5
202605	230H10500	38	保険料	0.0	0.0	61.0	0.0	0.0	0.0
202605	230H10500	39	支払報酬	0.0	0.0	0.0	0.0	0.0	0.0
202605	230H10500	40	販売手数料	0.0	0.0	0.0	0.0	0.0	0.0
202605	230H10500	41	支払手数料	12000.0	5000.0	5671.0	0.1	113.4	47.2
202605	230H10500	42	診断料	5000.0	5000.0	0.0	0.0	0.0	0.0
202605	230H10500	43	諸会費	0.0	0.0	0.0	0.0	0.0	0.0
202605	230H10500	44	会議費	0.0	0.0	0.0	0.0	0.0	0.0
202605	230H10500	45	寄付金	0.0	0.0	0.0	0.0	0.0	0.0
202605	230H10500	46	租税公課	30000.0	4000.0	200.0	0.0	5.0	0.6
202605	230H10500	47	業務委託費	0.0	0.0	80000.0	1.9	0.0	0.0
202605	230H10500	48	業務受託収入	0.0	0.0	0.0	0.0	0.0	0.0
202605	230H10500	49	システム管理料	0.0	0.0	0.0	0.0	0.0	0.0
202605	230H10500	50	情報機器利用料	656826.0	656826.0	658044.0	15.7	100.1	100.1
202605	230H10500	51	貸倒金	0.0	0.0	0.0	0.0	0.0	0.0
202605	230H10500	52	雑費	7133.0	7133.0	4191.0	0.1	58.7	58.7
202605	230H10500	53	福利消耗品費	33420.0	35120.0	2163.0	0.0	6.1	6.4
202605	230H10500	54	教育研修費	23220.0	53220.0	26450.0	0.6	49.6	113.9
202605	230H10500	55	廃棄損・減耗損	0.0	0.0	0.0	0.0	0.0	0.0
202605	230H10500	56	雑給	0.0	0.0	0.0	0.0	0.0	0.0
202605	230H10500	57	社内金利（固定資産）	0.0	0.0	0.0	0.0	0.0	0.0
202605	230H10500	58	社内金利（売掛金）	30000.0	52989.0	58942.0	1.4	111.2	196.4
202605	230H10500	59	社内金利（在庫）	0.0	0.0	1554.0	0.0	0.0	0.0
202605	230H10500	60	開発口銭	0.0	0.0	0.0	0.0	0.0	0.0
202605	230H10500	61	部門共通（経費）	1478863.0	1365798.0	1328306.0	31.8	97.2	89.8
202605	230H10500	62	グループ共通	201400.0	201400.0	201400.0	4.8	100.0	100.0
202605	230H10500	63	差引収益	834435.0	1436961.0	1141831.0		79.4	136.8
202605	230H10500	64	差引比率	2.0	3.1	2.9		93.5	145.0
202605	230H10500	65	総時間	2264.75	2199.75	2165.5		98.4	95.6
202605	230H10500	66	定時間	1488.0	1436.0	1427.5	65.9	99.4	95.9
202605	230H10500	67	残業時間	238.0	228.0	231.5	10.6	101.5	97.2
202605	230H10500	68	移動時間	-341.0	-341.0	-364.75	0.0	0.0	0.0
202605	230H10500	69	部門共通（時間）	879.75	876.75	871.25	40.2	99.3	99.0
202605	230H10500	70	当月時間当り	368.4	653.2	527.2		80.7	143.1
202605	230H10500	71	人員	10.0	10.0	10.0		100.0	100.0
202605	230H10600	1	総受注高	97000000.0	46160000.0	45258811.0		98.0	46.6
202605	230H10600	2	【新築】受注高	40000000.0	1900000.0	3550000.0	7.8	186.8	8.8
202605	230H10600	3	【リフォ】受注高	21000000.0	8260000.0	9093000.0	20.0	110.0	43.3
202605	230H10600	4	【資材】受注高	36000000.0	36000000.0	32615811.0	72.0	90.5	90.5
202605	230H10600	5	総売上高	41000000.0	45341000.0	38292344.0		84.4	93.3
202605	230H10600	6	【新築】売上高	0.0	1900000.0	0.0	0.0	0.0	0.0
202605	230H10600	7	【リフォ】売上高	5000000.0	7441000.0	5344000.0	13.9	71.8	106.8
202605	230H10600	8	【資材】売上高	36000000.0	36000000.0	32948344.0	86.0	91.5	91.5
202605	230H10600	9	【新築】インセンティブ	0.0	0.0	0.0	0.0	0.0	0.0
202605	230H10600	10	【リフォ】インセンティブ	0.0	0.0	0.0	0.0	0.0	0.0
202605	230H10600	11	【資材】インセンティブ	0.0	0.0	0.0	0.0	0.0	0.0
202605	230H10600	12	収益①（営業口銭）	750000.0	1211150.0	801600.0		66.1	106.8
202605	230H10600	13	【新築】収益①(営業口銭)	0.0	95000.0	0.0		0.0	0.0
202605	230H10600	14	【リフォ】収益①(営業口銭)	750000.0	1116150.0	801600.0		71.8	106.8
202605	230H10600	15	【資材】売上原価	31700000.0	31700000.0	28441994.0		89.7	89.7
202605	230H10600	16	収益②（資材）	4300000.0	4300000.0	4506350.0		104.7	104.7
202605	230H10600	17	総収益	5050000.0	5511150.0	5307950.0		96.3	105.1
202605	230H10600	18	総出荷	5000000.0	9341000.0	5344000.0		57.2	106.8
202605	230H10600	19	社外売	5000000.0	9341000.0	5344000.0	100.0	57.2	106.8
202605	230H10600	20	社内売	0.0	0.0	0.0	0.0	0.0	0.0
202605	230H10600	21	社内仕入	417651.0	206450.0	957582.0		463.8	229.2
202605	230H10600	22	仕掛1	0.0	0.0	0.0		0.0	0.0
202605	230H10600	23	総生産	4582349.0	9134550.0	4386418.0		48.0	95.7
202605	230H10600	24	経費合計	19515447.0	13517851.0	14497296.0		107.2	74.2
202605	230H10600	25	経費合計(原価)	12771382.0	6657600.0	7712141.0	53.1	115.8	60.3
202605	230H10600	26	仕掛2	0.0	0.0	0.0	0.0	0.0	0.0
202605	230H10600	27	商品仕入高	5398271.0	1707600.0	3259290.0	42.2	190.8	60.3
202605	230H10600	28	原材料費	0.0	0.0	0.0	0.0	0.0	0.0
202605	230H10600	29	外注加工費	5613111.0	3717000.0	3233000.0	41.9	86.9	57.5
202605	230H10600	30	その他 直接経費	1760000.0	1233000.0	1219851.0	15.8	98.9	69.3
202605	230H10600	31	他勘定振替高	0.0	0.0	0.0	0.0	0.0	0.0
202605	230H10600	32	経費合計（販管費）	6744065.0	6860251.0	6785155.0	46.8	98.9	100.6
202605	230H10600	33	減価償却費	0.0	0.0	0.0	0.0	0.0	0.0
202605	230H10600	34	車両費	702750.0	702750.0	601695.0	8.8	85.6	85.6
202605	230H10600	35	旅費交通費	780000.0	720000.0	1160235.0	17.0	161.1	148.7
202605	230H10600	36	荷造運搬費	2000.0	2000.0	2000.0	0.0	100.0	100.0
202605	230H10600	37	通信費	56069.0	56069.0	43308.0	0.6	77.2	77.2
202605	230H10600	38	水道光熱費	29097.0	29097.0	26793.0	0.3	92.0	92.0
202605	230H10600	39	動力費	0.0	0.0	0.0	0.0	0.0	0.0
202605	230H10600	40	事務用品費	21045.0	21045.0	14690.0	0.2	69.8	69.8
202605	230H10600	41	消耗品費	8521.0	8521.0	6072.0	0.0	71.2	71.2
202605	230H10600	42	廃棄物処理料	3749.0	3749.0	1246.0	0.0	33.2	33.2
202605	230H10600	43	広告宣伝費	15000.0	15000.0	0.0	0.0	0.0	0.0
202605	230H10600	44	接待交際費	100000.0	50000.0	7200.0	0.1	14.4	7.2
202605	230H10600	45	研究開発費	0.0	0.0	0.0	0.0	0.0	0.0
202605	230H10600	46	アフターサービス費	0.0	0.0	0.0	0.0	0.0	0.0
202605	230H10600	47	クレーム費	0.0	0.0	0.0	0.0	0.0	0.0
202605	230H10600	48	賃借料	711950.0	711950.0	711950.0	10.4	100.0	100.0
202605	230H10600	49	賃貸料収入	0.0	0.0	0.0	0.0	0.0	0.0
202605	230H10600	50	修繕費	0.0	0.0	0.0	0.0	0.0	0.0
202605	230H10600	51	支払リース料	1000.0	1000.0	4325.0	0.0	432.5	432.5
202605	230H10600	52	保険料	0.0	0.0	61.0	0.0	0.0	0.0
202605	230H10600	53	支払報酬	0.0	0.0	0.0	0.0	0.0	0.0
202605	230H10600	54	販売手数料	0.0	0.0	0.0	0.0	0.0	0.0
202605	230H10600	55	支払手数料	12000.0	5000.0	5671.0	0.0	113.4	47.2
202605	230H10600	56	診断料	5000.0	5000.0	0.0	0.0	0.0	0.0
202605	230H10600	57	諸会費	0.0	0.0	0.0	0.0	0.0	0.0
202605	230H10600	58	会議費	0.0	0.0	0.0	0.0	0.0	0.0
202605	230H10600	59	寄付金	0.0	0.0	0.0	0.0	0.0	0.0
202605	230H10600	60	租税公課	30000.0	4000.0	200.0	0.0	5.0	0.6
202605	230H10600	61	業務委託費	0.0	0.0	80000.0	1.1	0.0	0.0
202605	230H10600	62	業務受託収入	0.0	0.0	0.0	0.0	0.0	0.0
202605	230H10600	63	システム管理料	0.0	0.0	0.0	0.0	0.0	0.0
202605	230H10600	64	情報機器利用料	820237.0	820237.0	821454.0	12.1	100.1	100.1
202605	230H10600	65	貸倒金	0.0	0.0	0.0	0.0	0.0	0.0
202605	230H10600	66	雑費	7618.0	7618.0	4676.0	0.0	61.3	61.3
202605	230H10600	67	福利消耗品費	54885.0	60435.0	3089.0	0.0	5.1	5.6
202605	230H10600	68	教育研修費	38743.0	81243.0	26972.0	0.3	33.1	69.6
202605	230H10600	69	廃棄損・減耗損	0.0	0.0	0.0	0.0	0.0	0.0
202605	230H10600	70	雑給	0.0	0.0	0.0	0.0	0.0	0.0
202605	230H10600	71	社内金利（固定資産）	0.0	0.0	0.0	0.0	0.0	0.0
202605	230H10600	72	社内金利（売掛金）	30000.0	52989.0	58942.0	0.8	111.2	196.4
202605	230H10600	73	社内金利（在庫）	0.0	0.0	1554.0	0.0	0.0	0.0
202605	230H10600	74	営業口銭①（新築）	0.0	95000.0	0.0	0.0	0.0	0.0
202605	230H10600	75	営業口銭②（リフォ）	750000.0	1116150.0	801600.0	11.8	71.8	106.8
202605	230H10600	76	開発口銭	0.0	0.0	0.0	0.0	0.0	0.0
202605	230H10600	77	部門共通（経費）	2287201.0	2014198.0	2124222.0	31.3	105.4	92.8
202605	230H10600	78	グループ共通	277200.0	277200.0	277200.0	4.0	100.0	100.0
202605	230H10600	79	差引収益	-9883098.0	1127849.0	-4802928.0		0.0	0.0
202605	230H10600	80	差引比率	-21.6	2.0	-11.2		0.0	0.0
202605	230H10600	81	総時間	3071.5	2981.0	2939.5		98.6	95.7
202605	230H10600	82	定時間	1936.0	1852.0	1835.5	62.4	99.1	94.8
202605	230H10600	83	残業時間	288.0	288.0	286.75	9.7	99.5	99.5
202605	230H10600	84	移動時間	-341.0	-341.0	-364.75	0.0	0.0	0.0
202605	230H10600	85	部門共通（時間）	1188.5	1182.0	1182.0	40.2	100.0	99.4
202605	230H10600	86	当月時間当り	-3217.6	378.3	-1633.9		0.0	0.0
202605	230H10600	87	人員	13.0	13.0	13.0		100.0	100.0
202605	230H30200	1	総出荷	5000000.0	9341000.0	5344000.0		57.2	106.8
202605	230H30200	2	社外売	5000000.0	9341000.0	5344000.0	100.0	57.2	106.8
202605	230H30200	3	社内売	0.0	0.0	0.0	0.0	0.0	0.0
202605	230H30200	4	社内仕入	417651.0	206450.0	957582.0		463.8	229.2
202605	230H30200	5	仕掛1	0.0	0.0	0.0		0.0	0.0
202605	230H30200	6	総生産	4582349.0	9134550.0	4386418.0		48.0	95.7
202605	230H30200	7	経費合計	15299882.0	9443662.0	10331177.0		109.3	67.5
202605	230H30200	8	経費合計(原価)	12771382.0	6657600.0	7712141.0	74.6	115.8	60.3
202605	230H30200	9	仕掛2	0.0	0.0	0.0	0.0	0.0	0.0
202605	230H30200	10	商品仕入高	5398271.0	1707600.0	3259290.0	42.2	190.8	60.3
202605	230H30200	11	原材料費	0.0	0.0	0.0	0.0	0.0	0.0
202605	230H30200	12	外注加工費	5613111.0	3717000.0	3233000.0	41.9	86.9	57.5
202605	230H30200	13	その他 直接経費	1760000.0	1233000.0	1219851.0	15.8	98.9	69.3
202605	230H30200	14	他勘定振替高	0.0	0.0	0.0	0.0	0.0	0.0
202605	230H30200	15	経費合計（販管費）	2528500.0	2786062.0	2619036.0	25.3	94.0	103.5
202605	230H30200	16	減価償却費	0.0	0.0	0.0	0.0	0.0	0.0
202605	230H30200	17	車両費	373200.0	373200.0	415825.0	15.8	111.4	111.4
202605	230H30200	18	旅費交通費	80000.0	20000.0	130727.0	4.9	653.6	163.4
202605	230H30200	19	荷造運搬費	0.0	0.0	0.0	0.0	0.0	0.0
202605	230H30200	20	通信費	9460.0	9460.0	7641.0	0.2	80.7	80.7
202605	230H30200	21	水道光熱費	8726.0	8726.0	8035.0	0.3	92.0	92.0
202605	230H30200	22	動力費	0.0	0.0	0.0	0.0	0.0	0.0
202605	230H30200	23	事務用品費	4613.0	4613.0	1924.0	0.0	41.7	41.7
202605	230H30200	24	消耗品費	2555.0	2555.0	1428.0	0.0	55.8	55.8
202605	230H30200	25	廃棄物処理料	1124.0	1124.0	0.0	0.0	0.0	0.0
202605	230H30200	26	広告宣伝費	0.0	0.0	0.0	0.0	0.0	0.0
202605	230H30200	27	接待交際費	0.0	0.0	0.0	0.0	0.0	0.0
202605	230H30200	28	研究開発費	0.0	0.0	0.0	0.0	0.0	0.0
202605	230H30200	29	アフターサービス費	0.0	0.0	0.0	0.0	0.0	0.0
202605	230H30200	30	クレーム費	0.0	0.0	0.0	0.0	0.0	0.0
202605	230H30200	31	賃借料	213500.0	213500.0	213500.0	8.1	100.0	100.0
202605	230H30200	32	賃貸料収入	0.0	0.0	0.0	0.0	0.0	0.0
202605	230H30200	33	修繕費	0.0	0.0	0.0	0.0	0.0	0.0
202605	230H30200	34	支払リース料	300.0	300.0	1297.0	0.0	432.3	432.3
202605	230H30200	35	保険料	0.0	0.0	0.0	0.0	0.0	0.0
202605	230H30200	36	支払報酬	0.0	0.0	0.0	0.0	0.0	0.0
202605	230H30200	37	販売手数料	0.0	0.0	0.0	0.0	0.0	0.0
202605	230H30200	38	支払手数料	0.0	0.0	0.0	0.0	0.0	0.0
202605	230H30200	39	診断料	0.0	0.0	0.0	0.0	0.0	0.0
202605	230H30200	40	諸会費	0.0	0.0	0.0	0.0	0.0	0.0
202605	230H30200	41	会議費	0.0	0.0	0.0	0.0	0.0	0.0
202605	230H30200	42	寄付金	0.0	0.0	0.0	0.0	0.0	0.0
202605	230H30200	43	租税公課	0.0	0.0	0.0	0.0	0.0	0.0
202605	230H30200	44	業務委託費	0.0	0.0	0.0	0.0	0.0	0.0
202605	230H30200	45	業務受託収入	0.0	0.0	0.0	0.0	0.0	0.0
202605	230H30200	46	システム管理料	0.0	0.0	0.0	0.0	0.0	0.0
202605	230H30200	47	情報機器利用料	163411.0	163411.0	163410.0	6.2	99.9	99.9
202605	230H30200	48	貸倒金	0.0	0.0	0.0	0.0	0.0	0.0
202605	230H30200	49	雑費	485.0	485.0	485.0	0.0	100.0	100.0
202605	230H30200	50	福利消耗品費	21465.0	25315.0	926.0	0.0	3.6	4.3
202605	230H30200	51	教育研修費	15523.0	28023.0	522.0	0.0	1.8	3.3
202605	230H30200	52	廃棄損・減耗損	0.0	0.0	0.0	0.0	0.0	0.0
202605	230H30200	53	雑給	0.0	0.0	0.0	0.0	0.0	0.0
202605	230H30200	54	社内金利（固定資産）	0.0	0.0	0.0	0.0	0.0	0.0
202605	230H30200	55	社内金利（売掛金）	0.0	0.0	0.0	0.0	0.0	0.0
202605	230H30200	56	社内金利（在庫）	0.0	0.0	0.0	0.0	0.0	0.0
202605	230H30200	57	営業口銭①（新築）	0.0	95000.0	0.0	0.0	0.0	0.0
202605	230H30200	58	営業口銭②（リフォ）	750000.0	1116150.0	801600.0	30.6	71.8	106.8
202605	230H30200	59	開発口銭	0.0	0.0	0.0	0.0	0.0	0.0
202605	230H30200	60	部門共通（経費）	808338.0	648400.0	795916.0	30.3	122.7	98.4
202605	230H30200	61	グループ共通	75800.0	75800.0	75800.0	2.8	100.0	100.0
202605	230H30200	62	差引収益	-10717533.0	-309112.0	-5944759.0		0.0	0.0
202605	230H30200	63	差引比率	-233.8	-3.3	-135.5		0.0	0.0
202605	230H30200	64	総時間	806.75	781.25	774.0		99.0	95.9
202605	230H30200	65	定時間	448.0	416.0	408.0	52.7	98.0	91.0
202605	230H30200	66	残業時間	50.0	60.0	55.25	7.1	92.0	110.5
202605	230H30200	67	移動時間	0.0	0.0	0.0	0.0	0.0	0.0
202605	230H30200	68	部門共通（時間）	308.75	305.25	310.75	40.1	101.8	100.6
202605	230H30200	69	当月時間当り	-13284.8	-395.6	-7680.5		0.0	0.0
202605	230H30200	70	人員	3.0	3.0	3.0		100.0	100.0
202605	230A10400	1	総受注高	293920000.0	271014380.0	357189140.0		131.7	121.5
202605	230A10400	2	【新築】受注高	37000000.0	52900000.0	84968000.0	23.7	160.6	229.6
202605	230A10400	3	【リフォ】受注高	122830000.0	84024380.0	156232346.0	43.7	185.9	127.1
202605	230A10400	4	【資材】受注高	134090000.0	134090000.0	115988794.0	32.4	86.5	86.5
202605	230A10400	5	総売上高	212850000.0	200583203.0	186522706.0		92.9	87.6
202605	230A10400	6	【新築】売上高	6000000.0	6780000.0	3800000.0	2.0	56.0	63.3
202605	230A10400	7	【リフォ】売上高	93630000.0	80583203.0	73314036.0	39.3	90.9	78.3
202605	230A10400	8	【資材】売上高	113220000.0	113220000.0	109408670.0	58.6	96.6	96.6
202605	230A10400	9	【新築】インセンティブ	0.0	0.0	0.0	0.0	0.0	0.0
202605	230A10400	10	【リフォ】インセンティブ	0.0	0.0	0.0	0.0	0.0	0.0
202605	230A10400	11	【資材】インセンティブ	0.0	0.0	0.0	0.0	0.0	0.0
202605	230A10400	12	収益①（営業口銭）	14344500.0	12426480.0	11187100.0		90.0	77.9
202605	230A10400	13	【新築】収益①(営業口銭)	300000.0	339000.0	190000.0		56.0	63.3
202605	230A10400	14	【リフォ】収益①(営業口銭)	14044500.0	12087480.0	10997100.0		90.9	78.3
202605	230A10400	15	【資材】売上原価	87364000.0	87364000.0	79733829.0		91.2	91.2
202605	230A10400	16	収益②（資材）	25856000.0	25856000.0	29674841.0		114.7	114.7
202605	230A10400	17	総収益	40200500.0	38282480.0	40861941.0		106.7	101.6
202605	230A10400	18	総出荷	99630000.0	87363203.0	77114036.0		88.2	77.4
202605	230A10400	19	社外売	99630000.0	87363203.0	77114036.0	100.0	88.2	77.4
202605	230A10400	20	社内売	0.0	0.0	0.0	0.0	0.0	0.0
202605	230A10400	21	社内仕入	9999000.0	12601778.0	16686149.0		132.4	166.8
202605	230A10400	22	仕掛1	0.0	0.0	0.0		0.0	0.0
202605	230A10400	23	総生産	89631000.0	74761425.0	60427887.0		80.8	67.4
202605	230A10400	24	経費合計	104225407.0	100171613.0	112663314.0		112.4	108.0
202605	230A10400	25	経費合計(原価)	66271000.0	64932646.0	77383171.0	68.6	119.1	116.7
202605	230A10400	26	仕掛2	0.0	0.0	0.0	0.0	0.0	0.0
202605	230A10400	27	商品仕入高	32853000.0	27639207.0	41183357.0	53.2	149.0	125.3
202605	230A10400	28	原材料費	0.0	0.0	0.0	0.0	0.0	0.0
202605	230A10400	29	外注加工費	32622300.0	36292389.0	35432304.0	45.7	97.6	108.6
202605	230A10400	30	その他 直接経費	795700.0	1001050.0	767510.0	0.9	76.6	96.4
202605	230A10400	31	他勘定振替高	0.0	0.0	0.0	0.0	0.0	0.0
202605	230A10400	32	経費合計（販管費）	37954407.0	35238967.0	35280143.0	31.3	100.1	92.9
202605	230A10400	33	減価償却費	62577.0	62577.0	60159.0	0.1	96.1	96.1
202605	230A10400	34	車両費	3107691.0	3106433.0	3069847.0	8.7	98.8	98.7
202605	230A10400	35	旅費交通費	18000.0	3000.0	3209.0	0.0	106.9	17.8
202605	230A10400	36	荷造運搬費	5000.0	5000.0	35278.0	0.0	705.5	705.5
202605	230A10400	37	通信費	396500.0	385557.0	373676.0	1.0	96.9	94.2
202605	230A10400	38	水道光熱費	392000.0	400600.0	345990.0	0.9	86.3	88.2
202605	230A10400	39	動力費	0.0	0.0	0.0	0.0	0.0	0.0
202605	230A10400	40	事務用品費	152000.0	158200.0	113810.0	0.3	71.9	74.8
202605	230A10400	41	消耗品費	203350.0	268350.0	392052.0	1.1	146.0	192.7
202605	230A10400	42	廃棄物処理料	76000.0	189000.0	423980.0	1.2	224.3	557.8
202605	230A10400	43	広告宣伝費	70000.0	78000.0	55334.0	0.1	70.9	79.0
202605	230A10400	44	接待交際費	136000.0	136000.0	77392.0	0.2	56.9	56.9
202605	230A10400	45	研究開発費	0.0	0.0	0.0	0.0	0.0	0.0
202605	230A10400	46	アフターサービス費	0.0	0.0	0.0	0.0	0.0	0.0
202605	230A10400	47	クレーム費	0.0	0.0	0.0	0.0	0.0	0.0
202605	230A10400	48	賃借料	2818780.0	2789980.0	2817980.0	7.9	101.0	99.9
202605	230A10400	49	賃貸料収入	0.0	0.0	0.0	0.0	0.0	0.0
202605	230A10400	50	修繕費	0.0	0.0	0.0	0.0	0.0	0.0
202605	230A10400	51	支払リース料	46600.0	46601.0	33912.0	0.0	72.7	72.7
202605	230A10400	52	保険料	20431.0	20431.0	63155.0	0.1	309.1	309.1
202605	230A10400	53	支払報酬	0.0	0.0	0.0	0.0	0.0	0.0
202605	230A10400	54	販売手数料	0.0	0.0	0.0	0.0	0.0	0.0
202605	230A10400	55	支払手数料	478200.0	489650.0	776036.0	2.1	158.4	162.2
202605	230A10400	56	診断料	0.0	0.0	0.0	0.0	0.0	0.0
202605	230A10400	57	諸会費	1500.0	500.0	8500.0	0.0		566.6
202605	230A10400	58	会議費	0.0	0.0	0.0	0.0	0.0	0.0
202605	230A10400	59	寄付金	3000.0	3000.0	0.0	0.0	0.0	0.0
202605	230A10400	60	租税公課	52000.0	52000.0	59700.0	0.1	114.8	114.8
202605	230A10400	61	業務委託費	0.0	0.0	0.0	0.0	0.0	0.0
202605	230A10400	62	業務受託収入	0.0	0.0	0.0	0.0	0.0	0.0
202605	230A10400	63	システム管理料	0.0	0.0	0.0	0.0	0.0	0.0
202605	230A10400	64	情報機器利用料	3614294.0	3651584.0	3643664.0	10.3	99.7	100.8
202605	230A10400	65	貸倒金	0.0	0.0	0.0	0.0	0.0	0.0
202605	230A10400	66	雑費	49700.0	52707.0	65527.0	0.1	124.3	131.8
202605	230A10400	67	福利消耗品費	366600.0	322400.0	16388.0	0.0	5.0	4.4
202605	230A10400	68	教育研修費	302300.0	331261.0	150583.0	0.4	45.4	49.8
202605	230A10400	69	廃棄損・減耗損	10000.0	10000.0	263364.0	0.7		
202605	230A10400	70	雑給	0.0	0.0	0.0	0.0	0.0	0.0
202605	230A10400	71	社内金利（固定資産）	19868.0	19868.0	19448.0	0.0	97.8	97.8
202605	230A10400	72	社内金利（売掛金）	139198.0	137089.0	109472.0	0.3	79.8	78.6
202605	230A10400	73	社内金利（在庫）	312530.0	313770.0	395882.0	1.1	126.1	126.6
202605	230A10400	74	営業口銭①（新築）	300000.0	339000.0	190000.0	0.5	56.0	63.3
202605	230A10400	75	営業口銭②（リフォ）	14044500.0	12087480.0	10997100.0	31.1	90.9	78.3
202605	230A10400	76	開発口銭	0.0	0.0	0.0	0.0	0.0	0.0
202605	230A10400	77	部門共通（経費）	9069088.0	8092229.0	9032005.0	25.6	111.6	99.5
202605	230A10400	78	グループ共通	1686700.0	1686700.0	1686700.0	4.7	100.0	100.0
202605	230A10400	79	差引収益	25606093.0	12872292.0	-11373486.0		0.0	0.0
202605	230A10400	80	差引比率	8.4	4.6	-4.6		0.0	0.0
202605	230A10400	81	総時間	15869.25	15816.75	15086.25		95.3	95.0
202605	230A10400	82	定時間	9807.25	9810.5	9300.25	61.6	94.7	94.8
202605	230A10400	83	残業時間	1391.5	1350.0	1207.0	8.0	89.4	86.7
202605	230A10400	84	移動時間	189.25	170.5	97.0	0.6	56.8	51.2
202605	230A10400	85	部門共通（時間）	4481.25	4485.75	4482.0	29.7	99.9	100.0
202605	230A10400	86	当月時間当り	1613.5	813.8	-753.8		0.0	0.0
202605	230A10400	87	人員	65.0	65.0	66.0		101.5	101.5
202605	100A10100	1	総受注高	459800000.0	155299017.0	113088776.0		72.8	24.5
202605	100A10100	2	【新築】受注高	390000000.0	49150000.0	15345455.0	13.5	31.2	3.9
202605	100A10100	3	【リフォ】受注高	38500000.0	74849017.0	55279815.0	48.8	73.8	143.5
202605	100A10100	4	【資材】受注高	31300000.0	31300000.0	42463506.0	37.5	135.6	135.6
202605	100A10100	5	総売上高	157100000.0	88830000.0	87321356.0		98.3	55.5
202605	100A10100	6	【新築】売上高	111500000.0	27000000.0	27800000.0	31.8	102.9	24.9
202605	100A10100	7	【リフォ】売上高	14300000.0	30530000.0	28040000.0	32.1	91.8	196.0
202605	100A10100	8	【資材】売上高	31300000.0	31300000.0	31481585.0	36.0	100.5	100.5
202605	100A10100	9	【新築】インセンティブ	0.0	0.0	0.0	0.0	0.0	0.0
202605	100A10100	10	【リフォ】インセンティブ	0.0	0.0	0.0	0.0	0.0	0.0
202605	100A10100	11	【資材】インセンティブ	0.0	0.0	-229.0	0.0	0.0	0.0
202605	100A10100	12	収益①（営業口銭）	7720000.0	5929500.0	5596000.0		94.3	72.4
202605	100A10100	13	【新築】収益①(営業口銭)	5575000.0	1350000.0	1390000.0		102.9	24.9
202605	100A10100	14	【リフォ】収益①(営業口銭)	2145000.0	4579500.0	4206000.0		91.8	196.0
202605	100A10100	15	【資材】売上原価	25835000.0	25835000.0	24871941.0		96.2	96.2
202605	100A10100	16	収益②（資材）	5465000.0	5465000.0	6609415.0		120.9	120.9
202605	100A10100	17	総収益	13185000.0	11394500.0	12205415.0		107.1	92.5
202605	100A10100	18	総出荷	125800000.0	57530000.0	55840000.0		97.0	44.3
202605	100A10100	19	社外売	125800000.0	57530000.0	55840000.0	100.0	97.0	44.3
202605	100A10100	20	社内売	0.0	0.0	0.0	0.0	0.0	0.0
202605	100A10100	21	社内仕入	8109364.0	3225546.0	7119741.0		220.7	87.7
202605	100A10100	22	仕掛1	0.0	0.0	0.0		0.0	0.0
202605	100A10100	23	総生産	117690636.0	54304454.0	48720259.0		89.7	41.3
202605	100A10100	24	経費合計	63748000.0	92070574.0	70019075.0		76.0	109.8
202605	100A10100	25	経費合計(原価)	47701636.0	78189432.0	56244690.0	80.3	71.9	117.9
202605	100A10100	26	仕掛2	0.0	0.0	0.0	0.0	0.0	0.0
202605	100A10100	27	商品仕入高	29651560.0	44198124.0	29944742.0	53.2	67.7	100.9
202605	100A10100	28	原材料費	0.0	0.0	0.0	0.0	0.0	0.0
202605	100A10100	29	外注加工費	17950076.0	33891308.0	25307253.0	44.9	74.6	140.9
202605	100A10100	30	その他 直接経費	100000.0	100000.0	992695.0	1.7	992.6	992.6
202605	100A10100	31	他勘定振替高	0.0	0.0	0.0	0.0	0.0	0.0
202605	100A10100	32	経費合計（販管費）	16046364.0	13881142.0	13774385.0	19.6	99.2	85.8
202605	100A10100	33	減価償却費	34950.0	34950.0	34950.0	0.2	100.0	100.0
202605	100A10100	34	車両費	907478.0	894261.0	908292.0	6.5	101.5	100.0
202605	100A10100	35	旅費交通費	770000.0	840000.0	438019.0	3.1	52.1	56.8
202605	100A10100	36	荷造運搬費	26000.0	26000.0	1330.0	0.0	5.1	5.1
202605	100A10100	37	通信費	153054.0	153054.0	137146.0	0.9	89.6	89.6
202605	100A10100	38	水道光熱費	130020.0	130460.0	119961.0	0.8	91.9	92.2
202605	100A10100	39	動力費	0.0	0.0	0.0	0.0	0.0	0.0
202605	100A10100	40	事務用品費	37000.0	37000.0	17992.0	0.1	48.6	48.6
202605	100A10100	41	消耗品費	31500.0	31500.0	18069.0	0.1	57.3	57.3
202605	100A10100	42	廃棄物処理料	0.0	0.0	0.0	0.0	0.0	0.0
202605	100A10100	43	広告宣伝費	15000.0	15000.0	0.0	0.0	0.0	0.0
202605	100A10100	44	接待交際費	45000.0	45000.0	2200.0	0.0	4.8	4.8
202605	100A10100	45	研究開発費	0.0	0.0	0.0	0.0	0.0	0.0
202605	100A10100	46	アフターサービス費	0.0	0.0	0.0	0.0	0.0	0.0
202605	100A10100	47	クレーム費	0.0	0.0	0.0	0.0	0.0	0.0
202605	100A10100	48	賃借料	967808.0	1034261.0	1246658.0	9.0	120.5	128.8
202605	100A10100	49	賃貸料収入	-90000.0	-112091.0	-133319.0	0.0	0.0	0.0
202605	100A10100	50	修繕費	0.0	0.0	0.0	0.0	0.0	0.0
202605	100A10100	51	支払リース料	0.0	0.0	0.0	0.0	0.0	0.0
202605	100A10100	52	保険料	1512.0	1512.0	1512.0	0.0	100.0	100.0
202605	100A10100	53	支払報酬	0.0	0.0	0.0	0.0	0.0	0.0
202605	100A10100	54	販売手数料	0.0	0.0	0.0	0.0	0.0	0.0
202605	100A10100	55	支払手数料	98226.0	98226.0	633329.0	4.5	644.7	644.7
202605	100A10100	56	診断料	0.0	0.0	0.0	0.0	0.0	0.0
202605	100A10100	57	諸会費	71200.0	71200.0	58675.0	0.4	82.4	82.4
202605	100A10100	58	会議費	0.0	0.0	0.0	0.0	0.0	0.0
202605	100A10100	59	寄付金	0.0	0.0	0.0	0.0	0.0	0.0
202605	100A10100	60	租税公課	15000.0	15000.0	12900.0	0.0	86.0	86.0
202605	100A10100	61	業務委託費	0.0	0.0	0.0	0.0	0.0	0.0
202605	100A10100	62	業務受託収入	0.0	0.0	0.0	0.0	0.0	0.0
202605	100A10100	63	システム管理料	0.0	0.0	0.0	0.0	0.0	0.0
202605	100A10100	64	情報機器利用料	935830.0	961560.0	986210.0	7.1	102.5	105.3
202605	100A10100	65	貸倒金	0.0	0.0	0.0	0.0	0.0	0.0
202605	100A10100	66	雑費	17000.0	17000.0	4917.0	0.0	28.9	28.9
202605	100A10100	67	福利消耗品費	121100.0	104600.0	3858.0	0.0	3.6	3.1
202605	100A10100	68	教育研修費	23245.0	23349.0	51195.0	0.3	219.2	220.2
202605	100A10100	69	廃棄損・減耗損	0.0	0.0	0.0	0.0	0.0	0.0
202605	100A10100	70	雑給	0.0	0.0	0.0	0.0	0.0	0.0
202605	100A10100	71	社内金利（固定資産）	13000.0	13000.0	10982.0	0.0	84.4	84.4
202605	100A10100	72	社内金利（売掛金）	70000.0	70000.0	78842.0	0.5	112.6	112.6
202605	100A10100	73	社内金利（在庫）	10000.0	10000.0	18674.0	0.1	186.7	186.7
202605	100A10100	74	営業口銭①（新築）	5575000.0	1350000.0	1390000.0	10.0	102.9	24.9
202605	100A10100	75	営業口銭②（リフォ）	2145000.0	4579500.0	4206000.0	30.5	91.8	196.0
202605	100A10100	76	開発口銭	0.0	0.0	0.0	0.0	0.0	0.0
202605	100A10100	77	部門共通（経費）	3544241.0	3058600.0	3147793.0	22.8	102.9	88.8
202605	100A10100	78	グループ共通	378200.0	378200.0	378200.0	2.7	100.0	100.0
202605	100A10100	79	差引収益	67127636.0	-26371620.0	-9093401.0		0.0	0.0
202605	100A10100	80	差引比率	24.4	-18.4	-6.6		0.0	0.0
202605	100A10100	81	総時間	4593.0	4570.0	4653.25		101.8	101.3
202605	100A10100	82	定時間	2264.0	2256.0	2240.25	48.1	99.3	98.9
202605	100A10100	83	残業時間	371.0	371.0	476.0	10.2	128.3	128.3
202605	100A10100	84	移動時間	18.0	18.0	24.0	0.5	133.3	133.3
202605	100A10100	85	部門共通（時間）	1940.0	1925.0	1913.0	41.1	99.3	98.6
202605	100A10100	86	当月時間当り	14615.2	-5770.5	-1954.2		0.0	0.0
202605	100A10100	87	人員	15.0	15.0	15.0		100.0	100.0
202605	230P10100	1	総出荷	0.0	0.0	0.0		0.0	0.0
202605	230P10100	2	社外売	0.0	0.0	0.0	0.0	0.0	0.0
202605	230P10100	3	社内売	0.0	0.0	0.0	0.0	0.0	0.0
202605	230P10100	4	社内仕入	0.0	0.0	0.0		0.0	0.0
202605	230P10100	5	仕掛1	0.0	0.0	0.0		0.0	0.0
202605	230P10100	6	総生産	0.0	0.0	0.0		0.0	0.0
202605	230P10100	7	経費合計	0.0	0.0	0.0		0.0	0.0
202605	230P10100	8	経費合計(原価)	0.0	0.0	0.0	0.0	0.0	0.0
202605	230P10100	9	仕掛2	0.0	0.0	0.0	0.0	0.0	0.0
202605	230P10100	10	商品仕入高	0.0	0.0	0.0	0.0	0.0	0.0
202605	230P10100	11	原材料費	0.0	0.0	0.0	0.0	0.0	0.0
202605	230P10100	12	外注加工費	0.0	0.0	0.0	0.0	0.0	0.0
202605	230P10100	13	その他 直接経費	0.0	0.0	0.0	0.0	0.0	0.0
202605	230P10100	14	他勘定振替高	0.0	0.0	0.0	0.0	0.0	0.0
202605	230P10100	15	経費合計（販管費）	0.0	0.0	0.0	0.0	0.0	0.0
202605	230P10100	16	減価償却費	0.0	0.0	0.0	0.0	0.0	0.0
202605	230P10100	17	車両費	275000.0	265209.0	262699.0	0.0	99.0	95.5
202605	230P10100	18	旅費交通費	303600.0	259980.0	123054.0	0.0	47.3	40.5
202605	230P10100	19	荷造運搬費	0.0	0.0	0.0	0.0	0.0	0.0
202605	230P10100	20	通信費	19762.0	19762.0	17201.0	0.0	87.0	87.0
202605	230P10100	21	水道光熱費	16000.0	16000.0	12750.0	0.0	79.6	79.6
202605	230P10100	22	動力費	0.0	0.0	0.0	0.0	0.0	0.0
202605	230P10100	23	事務用品費	6000.0	4200.0	1442.0	0.0	34.3	24.0
202605	230P10100	24	消耗品費	1500.0	1500.0	2040.0	0.0	136.0	136.0
202605	230P10100	25	廃棄物処理料	0.0	0.0	0.0	0.0	0.0	0.0
202605	230P10100	26	広告宣伝費	0.0	0.0	0.0	0.0	0.0	0.0
202605	230P10100	27	接待交際費	3000.0	13000.0	0.0	0.0	0.0	0.0
202605	230P10100	28	研究開発費	0.0	0.0	0.0	0.0	0.0	0.0
202605	230P10100	29	アフターサービス費	0.0	0.0	0.0	0.0	0.0	0.0
202605	230P10100	30	クレーム費	0.0	0.0	0.0	0.0	0.0	0.0
202605	230P10100	31	賃借料	136800.0	136800.0	136800.0	0.0	100.0	100.0
202605	230P10100	32	賃貸料収入	0.0	0.0	0.0	0.0	0.0	0.0
202605	230P10100	33	修繕費	0.0	0.0	0.0	0.0	0.0	0.0
202605	230P10100	34	支払リース料	0.0	0.0	0.0	0.0	0.0	0.0
202605	230P10100	35	保険料	563.0	563.0	0.0	0.0	0.0	0.0
202605	230P10100	36	支払報酬	0.0	0.0	0.0	0.0	0.0	0.0
202605	230P10100	37	販売手数料	0.0	0.0	0.0	0.0	0.0	0.0
202605	230P10100	38	支払手数料	1166.0	1166.0	1166.0	0.0	100.0	100.0
202605	230P10100	39	診断料	0.0	0.0	0.0	0.0	0.0	0.0
202605	230P10100	40	諸会費	500.0	500.0	24000.0	0.0		
202605	230P10100	41	会議費	0.0	0.0	0.0	0.0	0.0	0.0
202605	230P10100	42	寄付金	0.0	0.0	0.0	0.0	0.0	0.0
202605	230P10100	43	租税公課	0.0	0.0	0.0	0.0	0.0	0.0
202605	230P10100	44	業務委託費	0.0	0.0	0.0	0.0	0.0	0.0
202605	230P10100	45	業務受託収入	-15000.0	-15000.0	-15000.0	0.0	0.0	0.0
202605	230P10100	46	システム管理料	0.0	0.0	0.0	0.0	0.0	0.0
202605	230P10100	47	情報機器利用料	336594.0	336594.0	336594.0	0.0	100.0	100.0
202605	230P10100	48	貸倒金	0.0	0.0	0.0	0.0	0.0	0.0
202605	230P10100	49	雑費	2113.0	2113.0	2056.0	0.0	97.3	97.3
202605	230P10100	50	福利消耗品費	29000.0	24000.0	300.0	0.0	1.2	1.0
202605	230P10100	51	教育研修費	0.0	0.0	0.0	0.0	0.0	0.0
202605	230P10100	52	廃棄損・減耗損	0.0	0.0	0.0	0.0	0.0	0.0
202605	230P10100	53	雑給	0.0	0.0	0.0	0.0	0.0	0.0
202605	230P10100	54	社内金利（固定資産）	0.0	0.0	0.0	0.0	0.0	0.0
202605	230P10100	55	社内金利（売掛金）	0.0	0.0	0.0	0.0	0.0	0.0
202605	230P10100	56	社内金利（在庫）	0.0	0.0	0.0	0.0	0.0	0.0
202605	230P10100	57	営業口銭①（新築）	0.0	0.0	0.0	0.0	0.0	0.0
202605	230P10100	58	営業口銭②（リフォ）	0.0	0.0	0.0	0.0	0.0	0.0
202605	230P10100	59	開発口銭	0.0	0.0	0.0	0.0	0.0	0.0
202605	230P10100	60	部門共通（経費）	-1317998.0	-1267787.0	-1106502.0	0.0	0.0	0.0
202605	230P10100	61	グループ共通	201400.0	201400.0	201400.0	0.0	100.0	100.0
202605	230P10100	62	差引収益	0.0	0.0	0.0		0.0	0.0
202605	230P10100	63	差引比率	0.0	0.0	0.0		0.0	0.0
202605	230P10100	64	総時間	0.0	0.0	0.0		0.0	0.0
202605	230P10100	65	定時間	1253.5	1269.0	1258.5	0.0	99.1	100.3
202605	230P10100	66	残業時間	182.0	182.0	185.25	0.0	101.7	101.7
202605	230P10100	67	移動時間	-10.5	-10.5	-18.5	0.0	0.0	0.0
202605	230P10100	68	部門共通（時間）	-1425.0	-1440.5	-1425.25	0.0	0.0	0.0
202605	230P10100	69	当月時間当り	0.0	0.0	0.0		0.0	0.0
202605	230P10100	70	人員	9.0	9.0	9.0		100.0	100.0
202605	220C10100	1	総受注高	49200000.0	38295000.0	38512023.0		100.5	78.2
202605	220C10100	2	【新築】受注高	0.0	3900000.0	0.0	0.0	0.0	0.0
202605	220C10100	3	【リフォ】受注高	25200000.0	10395000.0	9758400.0	25.3	93.8	38.7
202605	220C10100	4	【資材】受注高	24000000.0	24000000.0	28753623.0	74.6	119.8	119.8
202605	220C10100	5	総売上高	219600000.0	223380000.0	221361695.0		99.0	100.8
202605	220C10100	6	【新築】売上高	175000000.0	175000000.0	175000000.0	79.0	100.0	100.0
202605	220C10100	7	【リフォ】売上高	14600000.0	18380000.0	17924880.0	8.0	97.5	122.7
202605	220C10100	8	【資材】売上高	30000000.0	30000000.0	28436815.0	12.8	94.7	94.7
202605	220C10100	9	【新築】インセンティブ	0.0	0.0	0.0	0.0	0.0	0.0
202605	220C10100	10	【リフォ】インセンティブ	0.0	0.0	0.0	0.0	0.0	0.0
202605	220C10100	11	【資材】インセンティブ	0.0	0.0	0.0	0.0	0.0	0.0
202605	220C10100	12	収益①（営業口銭）	10940000.0	11507000.0	11438732.0		99.4	104.5
202605	220C10100	13	【新築】収益①(営業口銭)	8750000.0	8750000.0	8750000.0		100.0	100.0
202605	220C10100	14	【リフォ】収益①(営業口銭)	2190000.0	2757000.0	2688732.0		97.5	122.7
202605	220C10100	15	【資材】売上原価	23600000.0	23600000.0	22159196.0		93.8	93.8
202605	220C10100	16	収益②（資材）	6400000.0	6400000.0	6277619.0		98.0	98.0
202605	220C10100	17	総収益	17340000.0	17907000.0	17716351.0		98.9	102.1
202605	220C10100	18	経費合計	6554585.0	4865241.0	4926287.0		101.2	75.1
202605	220C10100	19	減価償却費	21049.0	21049.0	56014.0	1.1	266.1	266.1
202605	220C10100	20	車両費	844158.0	833458.0	771165.0	15.6	92.5	91.3
202605	220C10100	21	旅費交通費	331950.0	306250.0	322824.0	6.5	105.4	97.2
202605	220C10100	22	荷造運搬費	3000.0	3000.0	1235.0	0.0	41.1	41.1
202605	220C10100	23	通信費	83736.0	83736.0	84466.0	1.7	100.8	100.8
202605	220C10100	24	水道光熱費	45437.0	45437.0	42141.0	0.8	92.7	92.7
202605	220C10100	25	動力費	0.0	0.0	0.0	0.0	0.0	0.0
202605	220C10100	26	事務用品費	27000.0	27000.0	23459.0	0.4	86.8	86.8
202605	220C10100	27	消耗品費	115000.0	115000.0	64376.0	1.3	55.9	55.9
202605	220C10100	28	廃棄物処理料	43600.0	43600.0	44484.0	0.9	102.0	102.0
202605	220C10100	29	広告宣伝費	4546.0	4546.0	4546.0	0.0	100.0	100.0
202605	220C10100	30	接待交際費	27000.0	40000.0	41225.0	0.8	103.0	152.6
202605	220C10100	31	研究開発費	0.0	0.0	0.0	0.0	0.0	0.0
202605	220C10100	32	アフターサービス費	0.0	0.0	0.0	0.0	0.0	0.0
202605	220C10100	33	クレーム費	500000.0	0.0	65458.0	1.3	0.0	13.0
202605	220C10100	34	賃借料	618000.0	618000.0	618000.0	12.5	100.0	100.0
202605	220C10100	35	賃貸料収入	-32240.0	-32240.0	-32240.0	0.0	0.0	0.0
202605	220C10100	36	修繕費	1129000.0	0.0	0.0	0.0	0.0	0.0
202605	220C10100	37	支払リース料	6720.0	6720.0	6720.0	0.1	100.0	100.0
202605	220C10100	38	保険料	2747.0	2747.0	2657.0	0.0	96.7	96.7
202605	220C10100	39	支払報酬	54545.0	54545.0	54545.0	1.1	100.0	100.0
202605	220C10100	40	販売手数料	0.0	0.0	0.0	0.0	0.0	0.0
202605	220C10100	41	支払手数料	61520.0	61520.0	66699.0	1.3	108.4	108.4
202605	220C10100	42	診断料	0.0	0.0	0.0	0.0	0.0	0.0
202605	220C10100	43	諸会費	40850.0	40850.0	65850.0	1.3	161.1	161.1
202605	220C10100	44	会議費	0.0	0.0	0.0	0.0	0.0	0.0
202605	220C10100	45	寄付金	0.0	0.0	0.0	0.0	0.0	0.0
202605	220C10100	46	租税公課	18000.0	18000.0	8200.0	0.1	45.5	45.5
202605	220C10100	47	業務委託費	0.0	0.0	0.0	0.0	0.0	0.0
202605	220C10100	48	業務受託収入	0.0	0.0	0.0	0.0	0.0	0.0
202605	220C10100	49	システム管理料	0.0	0.0	0.0	0.0	0.0	0.0
202605	220C10100	50	情報機器利用料	591280.0	591280.0	592408.0	12.0	100.1	100.1
202605	220C10100	51	貸倒金	0.0	0.0	0.0	0.0	0.0	0.0
202605	220C10100	52	雑費	49613.0	49613.0	68688.0	1.3	138.4	138.4
202605	220C10100	53	福利消耗品費	68000.0	68000.0	3537.0	0.0	5.2	5.2
202605	220C10100	54	教育研修費	2871.0	2871.0	2871.0	0.0	100.0	100.0
202605	220C10100	55	廃棄損・減耗損	0.0	60861.0	76961.0	1.5	126.4	0.0
202605	220C10100	56	雑給	0.0	0.0	0.0	0.0	0.0	0.0
202605	220C10100	57	社内金利（固定資産）	6862.0	6862.0	12987.0	0.2	189.2	189.2
202605	220C10100	58	社内金利（売掛金）	19395.0	19395.0	15801.0	0.3	81.4	81.4
202605	220C10100	59	社内金利（在庫）	34590.0	34590.0	73905.0	1.5	213.6	213.6
202605	220C10100	60	開発口銭	0.0	0.0	0.0	0.0	0.0	0.0
202605	220C10100	61	部門共通（経費）	1559956.0	1462151.0	1490905.0	30.2	101.9	95.5
202605	220C10100	62	グループ共通	276400.0	276400.0	276400.0	5.6	100.0	100.0
202605	220C10100	63	差引収益	10785415.0	13041759.0	12790064.0		98.0	118.5
202605	220C10100	64	差引比率	4.9	5.8	5.7		98.2	116.3
202605	220C10100	65	総時間	2468.5	2600.0	2503.0		96.2	101.3
202605	220C10100	66	定時間	1427.0	1540.0	1425.75	56.9	92.5	99.9
202605	220C10100	67	残業時間	223.0	233.0	265.0	10.5	113.7	118.8
202605	220C10100	68	移動時間	-72.0	-65.0	-72.0	0.0	0.0	0.0
202605	220C10100	69	部門共通（時間）	890.5	892.0	884.25	35.3	99.1	99.2
202605	220C10100	70	当月時間当り	4369.2	5016.0	5109.8		101.8	116.9
202605	220C10100	71	人員	10.0	11.0	11.0		100.0	110.0
202605	220C10200	1	総受注高	49200000.0	38295000.0	38512023.0		100.5	78.2
202605	220C10200	2	【新築】受注高	0.0	3900000.0	0.0	0.0	0.0	0.0
202605	220C10200	3	【リフォ】受注高	25200000.0	10395000.0	9758400.0	25.3	93.8	38.7
202605	220C10200	4	【資材】受注高	24000000.0	24000000.0	28753623.0	74.6	119.8	119.8
202605	220C10200	5	総売上高	219600000.0	223380000.0	221361695.0		99.0	100.8
202605	220C10200	6	【新築】売上高	175000000.0	175000000.0	175000000.0	79.0	100.0	100.0
202605	220C10200	7	【リフォ】売上高	14600000.0	18380000.0	17924880.0	8.0	97.5	122.7
202605	220C10200	8	【資材】売上高	30000000.0	30000000.0	28436815.0	12.8	94.7	94.7
202605	220C10200	9	【新築】インセンティブ	0.0	0.0	0.0	0.0	0.0	0.0
202605	220C10200	10	【リフォ】インセンティブ	0.0	0.0	0.0	0.0	0.0	0.0
202605	220C10200	11	【資材】インセンティブ	0.0	0.0	0.0	0.0	0.0	0.0
202605	220C10200	12	収益①（営業口銭）	10940000.0	11507000.0	11438732.0		99.4	104.5
202605	220C10200	13	【新築】収益①(営業口銭)	8750000.0	8750000.0	8750000.0		100.0	100.0
202605	220C10200	14	【リフォ】収益①(営業口銭)	2190000.0	2757000.0	2688732.0		97.5	122.7
202605	220C10200	15	【資材】売上原価	23600000.0	23600000.0	22159196.0		93.8	93.8
202605	220C10200	16	収益②（資材）	6400000.0	6400000.0	6277619.0		98.0	98.0
202605	220C10200	17	総収益	17340000.0	17907000.0	17716351.0		98.9	102.1
202605	220C10200	18	総出荷	189600000.0	193380000.0	192924880.0		99.7	101.7
202605	220C10200	19	社外売	189600000.0	193380000.0	192924880.0	100.0	99.7	101.7
202605	220C10200	20	社内売	0.0	0.0	0.0	0.0	0.0	0.0
202605	220C10200	21	社内仕入	31096399.0	2891914.0	2149139.0		74.3	6.9
202605	220C10200	22	仕掛1	0.0	0.0	0.0		0.0	0.0
202605	220C10200	23	総生産	158503601.0	190488086.0	190775741.0		100.1	120.3
202605	220C10200	24	経費合計	53928088.0	37680247.0	34435113.0		91.3	63.8
202605	220C10200	25	経費合計(原価)	34736574.0	19682817.0	16198211.0	47.0	82.2	46.6
202605	220C10200	26	仕掛2	0.0	0.0	0.0	0.0	0.0	0.0
202605	220C10200	27	商品仕入高	22442894.0	10988187.0	8134674.0	50.2	74.0	36.2
202605	220C10200	28	原材料費	0.0	0.0	0.0	0.0	0.0	0.0
202605	220C10200	29	外注加工費	12053680.0	7166830.0	7420867.0	45.8	103.5	61.5
202605	220C10200	30	その他 直接経費	240000.0	1527800.0	642670.0	3.9	42.0	267.7
202605	220C10200	31	他勘定振替高	0.0	0.0	0.0	0.0	0.0	0.0
202605	220C10200	32	経費合計（販管費）	19191514.0	17997430.0	18236902.0	52.9	101.3	95.0
202605	220C10200	33	減価償却費	53339.0	21049.0	56014.0	0.3	266.1	105.0
202605	220C10200	34	車両費	1118335.0	1107635.0	1005091.0	5.5	90.7	89.8
202605	220C10200	35	旅費交通費	431950.0	514250.0	494115.0	2.7	96.0	114.3
202605	220C10200	36	荷造運搬費	13000.0	13000.0	46235.0	0.2	355.6	355.6
202605	220C10200	37	通信費	93472.0	93472.0	94123.0	0.5	100.6	100.6
202605	220C10200	38	水道光熱費	55797.0	55797.0	53493.0	0.2	95.8	95.8
202605	220C10200	39	動力費	0.0	0.0	0.0	0.0	0.0	0.0
202605	220C10200	40	事務用品費	32800.0	32800.0	25442.0	0.1	77.5	77.5
202605	220C10200	41	消耗品費	132000.0	132000.0	102028.0	0.5	77.2	77.2
202605	220C10200	42	廃棄物処理料	43600.0	43600.0	188964.0	1.0	433.4	433.4
202605	220C10200	43	広告宣伝費	4546.0	4546.0	4546.0	0.0	100.0	100.0
202605	220C10200	44	接待交際費	27000.0	40000.0	41225.0	0.2	103.0	152.6
202605	220C10200	45	研究開発費	0.0	0.0	0.0	0.0	0.0	0.0
202605	220C10200	46	アフターサービス費	0.0	0.0	0.0	0.0	0.0	0.0
202605	220C10200	47	クレーム費	500000.0	0.0	65458.0	0.3	0.0	13.0
202605	220C10200	48	賃借料	709640.0	715200.0	715200.0	3.9	100.0	100.7
202605	220C10200	49	賃貸料収入	-32240.0	-37800.0	-37800.0	0.0	0.0	0.0
202605	220C10200	50	修繕費	1179000.0	50000.0	0.0	0.0	0.0	0.0
202605	220C10200	51	支払リース料	8400.0	8400.0	8400.0	0.0	100.0	100.0
202605	220C10200	52	保険料	2747.0	2747.0	2657.0	0.0	96.7	96.7
202605	220C10200	53	支払報酬	54545.0	54545.0	54545.0	0.2	100.0	100.0
202605	220C10200	54	販売手数料	0.0	0.0	0.0	0.0	0.0	0.0
202605	220C10200	55	支払手数料	64760.0	64760.0	69939.0	0.3	107.9	107.9
202605	220C10200	56	診断料	0.0	0.0	0.0	0.0	0.0	0.0
202605	220C10200	57	諸会費	41350.0	41350.0	66350.0	0.3	160.4	160.4
202605	220C10200	58	会議費	0.0	0.0	0.0	0.0	0.0	0.0
202605	220C10200	59	寄付金	0.0	0.0	0.0	0.0	0.0	0.0
202605	220C10200	60	租税公課	18000.0	18000.0	8200.0	0.0	45.5	45.5
202605	220C10200	61	業務委託費	0.0	0.0	0.0	0.0	0.0	0.0
202605	220C10200	62	業務受託収入	0.0	0.0	0.0	0.0	0.0	0.0
202605	220C10200	63	システム管理料	0.0	0.0	0.0	0.0	0.0	0.0
202605	220C10200	64	情報機器利用料	755380.0	754690.0	755818.0	4.1	100.1	100.0
202605	220C10200	65	貸倒金	0.0	0.0	0.0	0.0	0.0	0.0
202605	220C10200	66	雑費	50173.0	50173.0	69248.0	0.3	138.0	138.0
202605	220C10200	67	福利消耗品費	85500.0	85500.0	4422.0	0.0	5.1	5.1
202605	220C10200	68	教育研修費	2871.0	2871.0	2871.0	0.0	100.0	100.0
202605	220C10200	69	廃棄損・減耗損	0.0	60861.0	76961.0	0.4	126.4	0.0
202605	220C10200	70	雑給	0.0	0.0	0.0	0.0	0.0	0.0
202605	220C10200	71	社内金利（固定資産）	6862.0	6862.0	12987.0	0.0	189.2	189.2
202605	220C10200	72	社内金利（売掛金）	19395.0	19395.0	15801.0	0.0	81.4	81.4
202605	220C10200	73	社内金利（在庫）	34590.0	34590.0	73905.0	0.4	213.6	213.6
202605	220C10200	74	営業口銭①（新築）	8750000.0	8750000.0	8750000.0	47.9	100.0	100.0
202605	220C10200	75	営業口銭②（リフォ）	2190000.0	2757000.0	2688732.0	14.7	97.5	122.7
202605	220C10200	76	開発口銭	0.0	0.0	0.0	0.0	0.0	0.0
202605	220C10200	77	部門共通（経費）	2392502.0	2147937.0	2369732.0	12.9	110.3	99.0
202605	220C10200	78	グループ共通	352200.0	352200.0	352200.0	1.9	100.0	100.0
202605	220C10200	79	差引収益	121915513.0	170714839.0	174056979.0		101.9	142.7
202605	220C10200	80	差引比率	32.2	41.2	42.2		102.4	131.0
202605	220C10200	81	総時間	3417.0	3553.0	3450.75		97.1	100.9
202605	220C10200	82	定時間	1847.0	1948.0	1787.5	51.8	91.7	96.7
202605	220C10200	83	残業時間	311.0	324.0	373.75	10.8	115.3	120.1
202605	220C10200	84	移動時間	57.0	80.0	89.0	2.5	111.2	156.1
202605	220C10200	85	部門共通（時間）	1202.0	1201.0	1200.5	34.7	99.9	99.8
202605	220C10200	86	当月時間当り	35679.1	48048.0	50440.3		104.9	141.3
202605	220C10200	87	人員	13.0	14.0	14.0		100.0	107.6
202605	220C30101	1	総出荷	189600000.0	193380000.0	192924880.0		99.7	101.7
202605	220C30101	2	社外売	189600000.0	193380000.0	192924880.0	100.0	99.7	101.7
202605	220C30101	3	社内売	0.0	0.0	0.0	0.0	0.0	0.0
202605	220C30101	4	社内仕入	31096399.0	2891914.0	2149139.0		74.3	6.9
202605	220C30101	5	仕掛1	0.0	0.0	0.0		0.0	0.0
202605	220C30101	6	総生産	158503601.0	190488086.0	190775741.0		100.1	120.3
202605	220C30101	7	経費合計	47373503.0	32815006.0	29508826.0		89.9	62.2
202605	220C30101	8	経費合計(原価)	34736574.0	19682817.0	16198211.0	54.8	82.2	46.6
202605	220C30101	9	仕掛2	0.0	0.0	0.0	0.0	0.0	0.0
202605	220C30101	10	商品仕入高	22442894.0	10988187.0	8134674.0	50.2	74.0	36.2
202605	220C30101	11	原材料費	0.0	0.0	0.0	0.0	0.0	0.0
202605	220C30101	12	外注加工費	12053680.0	7166830.0	7420867.0	45.8	103.5	61.5
202605	220C30101	13	その他 直接経費	240000.0	1527800.0	642670.0	3.9	42.0	267.7
202605	220C30101	14	他勘定振替高	0.0	0.0	0.0	0.0	0.0	0.0
202605	220C30101	15	経費合計（販管費）	12636929.0	13132189.0	13310615.0	45.1	101.3	105.3
202605	220C30101	16	減価償却費	32290.0	0.0	0.0	0.0	0.0	0.0
202605	220C30101	17	車両費	274177.0	274177.0	233926.0	1.7	85.3	85.3
202605	220C30101	18	旅費交通費	100000.0	208000.0	171291.0	1.2	82.3	171.2
202605	220C30101	19	荷造運搬費	10000.0	10000.0	45000.0	0.3	450.0	450.0
202605	220C30101	20	通信費	9736.0	9736.0	9657.0	0.0	99.1	99.1
202605	220C30101	21	水道光熱費	10360.0	10360.0	11352.0	0.0	109.5	109.5
202605	220C30101	22	動力費	0.0	0.0	0.0	0.0	0.0	0.0
202605	220C30101	23	事務用品費	5800.0	5800.0	1983.0	0.0	34.1	34.1
202605	220C30101	24	消耗品費	17000.0	17000.0	37652.0	0.2	221.4	221.4
202605	220C30101	25	廃棄物処理料	0.0	0.0	144480.0	1.0	0.0	0.0
202605	220C30101	26	広告宣伝費	0.0	0.0	0.0	0.0	0.0	0.0
202605	220C30101	27	接待交際費	0.0	0.0	0.0	0.0	0.0	0.0
202605	220C30101	28	研究開発費	0.0	0.0	0.0	0.0	0.0	0.0
202605	220C30101	29	アフターサービス費	0.0	0.0	0.0	0.0	0.0	0.0
202605	220C30101	30	クレーム費	0.0	0.0	0.0	0.0	0.0	0.0
202605	220C30101	31	賃借料	91640.0	97200.0	97200.0	0.7	100.0	106.0
202605	220C30101	32	賃貸料収入	0.0	-5560.0	-5560.0	0.0	0.0	0.0
202605	220C30101	33	修繕費	50000.0	50000.0	0.0	0.0	0.0	0.0
202605	220C30101	34	支払リース料	1680.0	1680.0	1680.0	0.0	100.0	100.0
202605	220C30101	35	保険料	0.0	0.0	0.0	0.0	0.0	0.0
202605	220C30101	36	支払報酬	0.0	0.0	0.0	0.0	0.0	0.0
202605	220C30101	37	販売手数料	0.0	0.0	0.0	0.0	0.0	0.0
202605	220C30101	38	支払手数料	3240.0	3240.0	3240.0	0.0	100.0	100.0
202605	220C30101	39	診断料	0.0	0.0	0.0	0.0	0.0	0.0
202605	220C30101	40	諸会費	500.0	500.0	500.0	0.0	100.0	100.0
202605	220C30101	41	会議費	0.0	0.0	0.0	0.0	0.0	0.0
202605	220C30101	42	寄付金	0.0	0.0	0.0	0.0	0.0	0.0
202605	220C30101	43	租税公課	0.0	0.0	0.0	0.0	0.0	0.0
202605	220C30101	44	業務委託費	0.0	0.0	0.0	0.0	0.0	0.0
202605	220C30101	45	業務受託収入	0.0	0.0	0.0	0.0	0.0	0.0
202605	220C30101	46	システム管理料	0.0	0.0	0.0	0.0	0.0	0.0
202605	220C30101	47	情報機器利用料	164100.0	163410.0	163410.0	1.2	100.0	99.5
202605	220C30101	48	貸倒金	0.0	0.0	0.0	0.0	0.0	0.0
202605	220C30101	49	雑費	560.0	560.0	560.0	0.0	100.0	100.0
202605	220C30101	50	福利消耗品費	17500.0	17500.0	885.0	0.0	5.0	5.0
202605	220C30101	51	教育研修費	0.0	0.0	0.0	0.0	0.0	0.0
202605	220C30101	52	廃棄損・減耗損	0.0	0.0	0.0	0.0	0.0	0.0
202605	220C30101	53	雑給	0.0	0.0	0.0	0.0	0.0	0.0
202605	220C30101	54	社内金利（固定資産）	0.0	0.0	0.0	0.0	0.0	0.0
202605	220C30101	55	社内金利（売掛金）	0.0	0.0	0.0	0.0	0.0	0.0
202605	220C30101	56	社内金利（在庫）	0.0	0.0	0.0	0.0	0.0	0.0
202605	220C30101	57	営業口銭①（新築）	8750000.0	8750000.0	8750000.0	65.7	100.0	100.0
202605	220C30101	58	営業口銭②（リフォ）	2190000.0	2757000.0	2688732.0	20.1	97.5	122.7
202605	220C30101	59	開発口銭	0.0	0.0	0.0	0.0	0.0	0.0
202605	220C30101	60	部門共通（経費）	832546.0	685786.0	878827.0	6.6	128.1	105.5
202605	220C30101	61	グループ共通	75800.0	75800.0	75800.0	0.5	100.0	100.0
202605	220C30101	62	差引収益	111130098.0	157673080.0	161266915.0		102.2	145.1
202605	220C30101	63	差引比率	70.1	82.7	84.5		102.1	120.5
202605	220C30101	64	総時間	948.5	953.0	947.75		99.4	99.9
202605	220C30101	65	定時間	420.0	408.0	361.75	38.1	88.6	86.1
202605	220C30101	66	残業時間	88.0	91.0	108.75	11.4	119.5	123.5
202605	220C30101	67	移動時間	129.0	145.0	161.0	16.9	111.0	124.8
202605	220C30101	68	部門共通（時間）	311.5	309.0	316.25	33.3	102.3	101.5
202605	220C30101	69	当月時間当り	117164.0	165449.1	170157.6		102.8	145.2
202605	220C30101	70	人員	3.0	3.0	3.0		100.0	100.0
202605	230A10200	1	総受注高	71100000.0	52750000.0	90593682.0		171.7	127.4
202605	230A10200	2	【新築】受注高	0.0	0.0	8700000.0	9.6	0.0	0.0
202605	230A10200	3	【リフォ】受注高	41500000.0	23150000.0	56425788.0	62.2	243.7	135.9
202605	230A10200	4	【資材】受注高	29600000.0	29600000.0	25467894.0	28.1	86.0	86.0
202605	230A10200	5	総売上高	58000000.0	52330000.0	39922592.0		76.2	68.8
202605	230A10200	6	【新築】売上高	0.0	0.0	0.0	0.0	0.0	0.0
202605	230A10200	7	【リフォ】売上高	31000000.0	25330000.0	19693937.0	49.3	77.7	63.5
202605	230A10200	8	【資材】売上高	27000000.0	27000000.0	20228655.0	50.6	74.9	74.9
202605	230A10200	9	【新築】インセンティブ	0.0	0.0	0.0	0.0	0.0	0.0
202605	230A10200	10	【リフォ】インセンティブ	0.0	0.0	0.0	0.0	0.0	0.0
202605	230A10200	11	【資材】インセンティブ	0.0	0.0	0.0	0.0	0.0	0.0
202605	230A10200	12	収益①（営業口銭）	4650000.0	3799500.0	2954090.0		77.7	63.5
202605	230A10200	13	【新築】収益①(営業口銭)	0.0	0.0	0.0		0.0	0.0
202605	230A10200	14	【リフォ】収益①(営業口銭)	4650000.0	3799500.0	2954090.0		77.7	63.5
202605	230A10200	15	【資材】売上原価	21060000.0	21060000.0	14718918.0		69.8	69.8
202605	230A10200	16	収益②（資材）	5940000.0	5940000.0	5509737.0		92.7	92.7
202605	230A10200	17	総収益	10590000.0	9739500.0	8463827.0		86.9	79.9
202605	230A10200	18	経費合計	4567891.0	4491965.0	4223793.0		94.0	92.4
202605	230A10200	19	減価償却費	689.0	689.0	689.0	0.0	100.0	100.0
202605	230A10200	20	車両費	608600.0	608600.0	507503.0	12.0	83.3	83.3
202605	230A10200	21	旅費交通費	15000.0	0.0	0.0	0.0	0.0	0.0
202605	230A10200	22	荷造運搬費	0.0	0.0	0.0	0.0	0.0	0.0
202605	230A10200	23	通信費	102000.0	92000.0	94532.0	2.2	102.7	92.6
202605	230A10200	24	水道光熱費	76000.0	102000.0	78568.0	1.8	77.0	103.3
202605	230A10200	25	動力費	0.0	0.0	0.0	0.0	0.0	0.0
202605	230A10200	26	事務用品費	40000.0	40000.0	36464.0	0.8	91.1	91.1
202605	230A10200	27	消耗品費	20000.0	65000.0	30990.0	0.7	47.6	154.9
202605	230A10200	28	廃棄物処理料	100000.0	75000.0	41180.0	0.9	54.9	41.1
202605	230A10200	29	広告宣伝費	15000.0	20000.0	11654.0	0.2	58.2	77.6
202605	230A10200	30	接待交際費	80000.0	80000.0	38000.0	0.8	47.5	47.5
202605	230A10200	31	研究開発費	0.0	0.0	0.0	0.0	0.0	0.0
202605	230A10200	32	アフターサービス費	0.0	0.0	0.0	0.0	0.0	0.0
202605	230A10200	33	クレーム費	0.0	0.0	0.0	0.0	0.0	0.0
202605	230A10200	34	賃借料	499200.0	499200.0	499200.0	11.8	100.0	100.0
202605	230A10200	35	賃貸料収入	0.0	0.0	0.0	0.0	0.0	0.0
202605	230A10200	36	修繕費	0.0	0.0	0.0	0.0	0.0	0.0
202605	230A10200	37	支払リース料	6970.0	6889.0	6560.0	0.1	95.2	94.1
202605	230A10200	38	保険料	5007.0	5007.0	5007.0	0.1	100.0	100.0
202605	230A10200	39	支払報酬	0.0	0.0	0.0	0.0	0.0	0.0
202605	230A10200	40	販売手数料	0.0	0.0	0.0	0.0	0.0	0.0
202605	230A10200	41	支払手数料	38000.0	46900.0	38553.0	0.9	82.2	101.4
202605	230A10200	42	診断料	0.0	0.0	0.0	0.0	0.0	0.0
202605	230A10200	43	諸会費	500.0	500.0	2500.0	0.0	500.0	500.0
202605	230A10200	44	会議費	0.0	0.0	0.0	0.0	0.0	0.0
202605	230A10200	45	寄付金	0.0	0.0	0.0	0.0	0.0	0.0
202605	230A10200	46	租税公課	10000.0	10000.0	7400.0	0.1	74.0	74.0
202605	230A10200	47	業務委託費	0.0	0.0	0.0	0.0	0.0	0.0
202605	230A10200	48	業務受託収入	0.0	0.0	0.0	0.0	0.0	0.0
202605	230A10200	49	システム管理料	0.0	0.0	0.0	0.0	0.0	0.0
202605	230A10200	50	情報機器利用料	787296.0	787296.0	787296.0	18.6	100.0	100.0
202605	230A10200	51	貸倒金	0.0	0.0	0.0	0.0	0.0	0.0
202605	230A10200	52	雑費	9000.0	11412.0	16444.0	0.3	144.0	182.7
202605	230A10200	53	福利消耗品費	60000.0	66950.0	3914.0	0.0	5.8	6.5
202605	230A10200	54	教育研修費	30000.0	10000.0	0.0	0.0	0.0	0.0
202605	230A10200	55	廃棄損・減耗損	0.0	0.0	5600.0	0.1	0.0	0.0
202605	230A10200	56	雑給	0.0	0.0	0.0	0.0	0.0	0.0
202605	230A10200	57	社内金利（固定資産）	555.0	555.0	552.0	0.0	99.4	99.4
202605	230A10200	58	社内金利（売掛金）	23198.0	21089.0	26816.0	0.6	127.1	115.5
202605	230A10200	59	社内金利（在庫）	122530.0	123770.0	131276.0	3.1	106.0	107.1
202605	230A10200	60	開発口銭	0.0	0.0	0.0	0.0	0.0	0.0
202605	230A10200	61	部門共通（経費）	1566146.0	1466908.0	1500895.0	35.5	102.3	95.8
202605	230A10200	62	グループ共通	352200.0	352200.0	352200.0	8.3	100.0	100.0
202605	230A10200	63	差引収益	6022109.0	5247535.0	4240034.0		80.8	70.4
202605	230A10200	64	差引比率	10.3	10.0	10.6		106.0	102.9
202605	230A10200	65	総時間	3221.5	3223.0	2922.75		90.6	90.7
202605	230A10200	66	定時間	2136.0	2136.0	1947.25	66.6	91.1	91.1
202605	230A10200	67	残業時間	305.0	305.0	218.5	7.4	71.6	71.6
202605	230A10200	68	移動時間	-112.0	-112.0	-129.0	0.0	0.0	0.0
202605	230A10200	69	部門共通（時間）	892.5	894.0	886.0	30.3	99.1	99.2
202605	230A10200	70	当月時間当り	1869.3	1628.1	1450.7		89.1	77.6
202605	230A10200	71	人員	14.0	14.0	14.0		100.0	100.0
202605	230A10300	1	総受注高	71100000.0	52750000.0	90593682.0		171.7	127.4
202605	230A10300	2	【新築】受注高	0.0	0.0	8700000.0	9.6	0.0	0.0
202605	230A10300	3	【リフォ】受注高	41500000.0	23150000.0	56425788.0	62.2	243.7	135.9
202605	230A10300	4	【資材】受注高	29600000.0	29600000.0	25467894.0	28.1	86.0	86.0
202605	230A10300	5	総売上高	58000000.0	52330000.0	39922592.0		76.2	68.8
202605	230A10300	6	【新築】売上高	0.0	0.0	0.0	0.0	0.0	0.0
202605	230A10300	7	【リフォ】売上高	31000000.0	25330000.0	19693937.0	49.3	77.7	63.5
202605	230A10300	8	【資材】売上高	27000000.0	27000000.0	20228655.0	50.6	74.9	74.9
202605	230A10300	9	【新築】インセンティブ	0.0	0.0	0.0	0.0	0.0	0.0
202605	230A10300	10	【リフォ】インセンティブ	0.0	0.0	0.0	0.0	0.0	0.0
202605	230A10300	11	【資材】インセンティブ	0.0	0.0	0.0	0.0	0.0	0.0
202605	230A10300	12	収益①（営業口銭）	4650000.0	3799500.0	2954090.0		77.7	63.5
202605	230A10300	13	【新築】収益①(営業口銭)	0.0	0.0	0.0		0.0	0.0
202605	230A10300	14	【リフォ】収益①(営業口銭)	4650000.0	3799500.0	2954090.0		77.7	63.5
202605	230A10300	15	【資材】売上原価	21060000.0	21060000.0	14718918.0		69.8	69.8
202605	230A10300	16	収益②（資材）	5940000.0	5940000.0	5509737.0		92.7	92.7
202605	230A10300	17	総収益	10590000.0	9739500.0	8463827.0		86.9	79.9
202605	230A10300	18	総出荷	31000000.0	25330000.0	19693937.0		77.7	63.5
202605	230A10300	19	社外売	31000000.0	25330000.0	19693937.0	100.0	77.7	63.5
202605	230A10300	20	社内売	0.0	0.0	0.0	0.0	0.0	0.0
202605	230A10300	21	社内仕入	3048000.0	2608253.0	2859410.0		109.6	93.8
202605	230A10300	22	仕掛1	0.0	0.0	0.0		0.0	0.0
202605	230A10300	23	総生産	27952000.0	22721747.0	16834527.0		74.0	60.2
202605	230A10300	24	経費合計	30314635.0	31327209.0	34798646.0		111.0	114.7
202605	230A10300	25	経費合計(原価)	19732000.0	21826850.0	26181828.0	75.2	119.9	132.6
202605	230A10300	26	仕掛2	0.0	0.0	0.0	0.0	0.0	0.0
202605	230A10300	27	商品仕入高	8880000.0	9451170.0	15431194.0	58.9	163.2	173.7
202605	230A10300	28	原材料費	0.0	0.0	0.0	0.0	0.0	0.0
202605	230A10300	29	外注加工費	10652000.0	12175680.0	10566634.0	40.3	86.7	99.1
202605	230A10300	30	その他 直接経費	200000.0	200000.0	184000.0	0.7	92.0	92.0
202605	230A10300	31	他勘定振替高	0.0	0.0	0.0	0.0	0.0	0.0
202605	230A10300	32	経費合計（販管費）	10582635.0	9500359.0	8616818.0	24.7	90.6	81.4
202605	230A10300	33	減価償却費	689.0	689.0	689.0	0.0	100.0	100.0
202605	230A10300	34	車両費	804300.0	802382.0	715909.0	8.3	89.2	89.0
202605	230A10300	35	旅費交通費	15000.0	0.0	0.0	0.0	0.0	0.0
202605	230A10300	36	荷造運搬費	0.0	0.0	0.0	0.0	0.0	0.0
202605	230A10300	37	通信費	113000.0	102298.0	105453.0	1.2	103.0	93.3
202605	230A10300	38	水道光熱費	96000.0	122400.0	95405.0	1.1	77.9	99.3
202605	230A10300	39	動力費	0.0	0.0	0.0	0.0	0.0	0.0
202605	230A10300	40	事務用品費	46000.0	47700.0	42854.0	0.4	89.8	93.1
202605	230A10300	41	消耗品費	40000.0	90000.0	56818.0	0.6	63.1	142.0
202605	230A10300	42	廃棄物処理料	95000.0	58000.0	22555.0	0.2	38.8	23.7
202605	230A10300	43	広告宣伝費	15000.0	20000.0	11654.0	0.1	58.2	77.6
202605	230A10300	44	接待交際費	80000.0	80000.0	38555.0	0.4	48.1	48.1
202605	230A10300	45	研究開発費	0.0	0.0	0.0	0.0	0.0	0.0
202605	230A10300	46	アフターサービス費	0.0	0.0	0.0	0.0	0.0	0.0
202605	230A10300	47	クレーム費	0.0	0.0	0.0	0.0	0.0	0.0
202605	230A10300	48	賃借料	624000.0	595200.0	624000.0	7.2	104.8	100.0
202605	230A10300	49	賃貸料収入	0.0	0.0	0.0	0.0	0.0	0.0
202605	230A10300	50	修繕費	0.0	0.0	0.0	0.0	0.0	0.0
202605	230A10300	51	支払リース料	8200.0	8201.0	8200.0	0.0	99.9	100.0
202605	230A10300	52	保険料	5007.0	5007.0	5007.0	0.0	100.0	100.0
202605	230A10300	53	支払報酬	0.0	0.0	0.0	0.0	0.0	0.0
202605	230A10300	54	販売手数料	0.0	0.0	0.0	0.0	0.0	0.0
202605	230A10300	55	支払手数料	37700.0	46900.0	38253.0	0.4	81.5	101.4
202605	230A10300	56	診断料	0.0	0.0	0.0	0.0	0.0	0.0
202605	230A10300	57	諸会費	500.0	500.0	2500.0	0.0	500.0	500.0
202605	230A10300	58	会議費	0.0	0.0	0.0	0.0	0.0	0.0
202605	230A10300	59	寄付金	0.0	0.0	0.0	0.0	0.0	0.0
202605	230A10300	60	租税公課	10000.0	10000.0	7400.0	0.0	74.0	74.0
202605	230A10300	61	業務委託費	0.0	0.0	0.0	0.0	0.0	0.0
202605	230A10300	62	業務受託収入	0.0	0.0	0.0	0.0	0.0	0.0
202605	230A10300	63	システム管理料	0.0	0.0	0.0	0.0	0.0	0.0
202605	230A10300	64	情報機器利用料	950706.0	950706.0	950706.0	11.0	100.0	100.0
202605	230A10300	65	貸倒金	0.0	0.0	0.0	0.0	0.0	0.0
202605	230A10300	66	雑費	10900.0	12993.0	18826.0	0.2	144.8	172.7
202605	230A10300	67	福利消耗品費	80000.0	80750.0	5614.0	0.0	6.9	7.0
202605	230A10300	68	教育研修費	46000.0	55090.0	44851.0	0.5	81.4	97.5
202605	230A10300	69	廃棄損・減耗損	0.0	0.0	5600.0	0.0	0.0	0.0
202605	230A10300	70	雑給	0.0	0.0	0.0	0.0	0.0	0.0
202605	230A10300	71	社内金利（固定資産）	555.0	555.0	552.0	0.0	99.4	99.4
202605	230A10300	72	社内金利（売掛金）	23198.0	21089.0	26816.0	0.3	127.1	115.5
202605	230A10300	73	社内金利（在庫）	122530.0	123770.0	131276.0	1.5	106.0	107.1
202605	230A10300	74	営業口銭①（新築）	0.0	0.0	0.0	0.0	0.0	0.0
202605	230A10300	75	営業口銭②（リフォ）	4650000.0	3799500.0	2954090.0	34.2	77.7	63.5
202605	230A10300	76	開発口銭	0.0	0.0	0.0	0.0	0.0	0.0
202605	230A10300	77	部門共通（経費）	2280350.0	2038629.0	2275235.0	26.4	111.6	99.7
202605	230A10300	78	グループ共通	428000.0	428000.0	428000.0	4.9	100.0	100.0
202605	230A10300	79	差引収益	8227365.0	1134038.0	-9500292.0		0.0	0.0
202605	230A10300	80	差引比率	9.5	1.5	-16.7		0.0	0.0
202605	230A10300	81	総時間	4159.25	4159.0	3806.75		91.5	91.5
202605	230A10300	82	定時間	2600.0	2600.0	2363.25	62.0	90.8	90.8
202605	230A10300	83	残業時間	400.0	400.0	302.5	7.9	75.6	75.6
202605	230A10300	84	移動時間	48.0	48.0	31.0	0.8	64.5	64.5
202605	230A10300	85	部門共通（時間）	1111.25	1111.0	1110.0	29.1	99.9	99.8
202605	230A10300	86	当月時間当り	1978.0	272.6	-2495.6		0.0	0.0
202605	230A10300	87	人員	17.0	17.0	17.0		100.0	100.0
202605	230A30101	1	総出荷	31000000.0	25330000.0	19693937.0		77.7	63.5
202605	230A30101	2	社外売	31000000.0	25330000.0	19693937.0	100.0	77.7	63.5
202605	230A30101	3	社内売	0.0	0.0	0.0	0.0	0.0	0.0
202605	230A30101	4	社内仕入	3048000.0	2608253.0	2859410.0		109.6	93.8
202605	230A30101	5	仕掛1	0.0	0.0	0.0		0.0	0.0
202605	230A30101	6	総生産	27952000.0	22721747.0	16834527.0		74.0	60.2
202605	230A30101	7	経費合計	25746744.0	26835244.0	30574853.0		113.9	118.7
202605	230A30101	8	経費合計(原価)	19732000.0	21826850.0	26181828.0	85.6	119.9	132.6
202605	230A30101	9	仕掛2	0.0	0.0	0.0	0.0	0.0	0.0
202605	230A30101	10	商品仕入高	8880000.0	9451170.0	15431194.0	58.9	163.2	173.7
202605	230A30101	11	原材料費	0.0	0.0	0.0	0.0	0.0	0.0
202605	230A30101	12	外注加工費	10652000.0	12175680.0	10566634.0	40.3	86.7	99.1
202605	230A30101	13	その他 直接経費	200000.0	200000.0	184000.0	0.7	92.0	92.0
202605	230A30101	14	他勘定振替高	0.0	0.0	0.0	0.0	0.0	0.0
202605	230A30101	15	経費合計（販管費）	6014744.0	5008394.0	4393025.0	14.3	87.7	73.0
202605	230A30101	16	減価償却費	0.0	0.0	0.0	0.0	0.0	0.0
202605	230A30101	17	車両費	195700.0	193782.0	208406.0	4.7	107.5	106.4
202605	230A30101	18	旅費交通費	0.0	0.0	0.0	0.0	0.0	0.0
202605	230A30101	19	荷造運搬費	0.0	0.0	0.0	0.0	0.0	0.0
202605	230A30101	20	通信費	11000.0	10298.0	10921.0	0.2	106.0	99.2
202605	230A30101	21	水道光熱費	20000.0	20400.0	16837.0	0.3	82.5	84.1
202605	230A30101	22	動力費	0.0	0.0	0.0	0.0	0.0	0.0
202605	230A30101	23	事務用品費	6000.0	7700.0	6390.0	0.1	82.9	106.5
202605	230A30101	24	消耗品費	20000.0	25000.0	25828.0	0.5	103.3	129.1
202605	230A30101	25	廃棄物処理料	-5000.0	-17000.0	-18625.0	0.0	0.0	0.0
202605	230A30101	26	広告宣伝費	0.0	0.0	0.0	0.0	0.0	0.0
202605	230A30101	27	接待交際費	0.0	0.0	555.0	0.0	0.0	0.0
202605	230A30101	28	研究開発費	0.0	0.0	0.0	0.0	0.0	0.0
202605	230A30101	29	アフターサービス費	0.0	0.0	0.0	0.0	0.0	0.0
202605	230A30101	30	クレーム費	0.0	0.0	0.0	0.0	0.0	0.0
202605	230A30101	31	賃借料	124800.0	96000.0	124800.0	2.8	130.0	100.0
202605	230A30101	32	賃貸料収入	0.0	0.0	0.0	0.0	0.0	0.0
202605	230A30101	33	修繕費	0.0	0.0	0.0	0.0	0.0	0.0
202605	230A30101	34	支払リース料	1230.0	1312.0	1640.0	0.0	125.0	133.3
202605	230A30101	35	保険料	0.0	0.0	0.0	0.0	0.0	0.0
202605	230A30101	36	支払報酬	0.0	0.0	0.0	0.0	0.0	0.0
202605	230A30101	37	販売手数料	0.0	0.0	0.0	0.0	0.0	0.0
202605	230A30101	38	支払手数料	-300.0	0.0	-300.0	0.0	0.0	0.0
202605	230A30101	39	診断料	0.0	0.0	0.0	0.0	0.0	0.0
202605	230A30101	40	諸会費	0.0	0.0	0.0	0.0	0.0	0.0
202605	230A30101	41	会議費	0.0	0.0	0.0	0.0	0.0	0.0
202605	230A30101	42	寄付金	0.0	0.0	0.0	0.0	0.0	0.0
202605	230A30101	43	租税公課	0.0	0.0	0.0	0.0	0.0	0.0
202605	230A30101	44	業務委託費	0.0	0.0	0.0	0.0	0.0	0.0
202605	230A30101	45	業務受託収入	0.0	0.0	0.0	0.0	0.0	0.0
202605	230A30101	46	システム管理料	0.0	0.0	0.0	0.0	0.0	0.0
202605	230A30101	47	情報機器利用料	163410.0	163410.0	163410.0	3.7	100.0	100.0
202605	230A30101	48	貸倒金	0.0	0.0	0.0	0.0	0.0	0.0
202605	230A30101	49	雑費	1900.0	1581.0	2382.0	0.0	150.6	125.3
202605	230A30101	50	福利消耗品費	20000.0	13800.0	1700.0	0.0	12.3	8.5
202605	230A30101	51	教育研修費	16000.0	45090.0	44851.0	1.0	99.4	280.3
202605	230A30101	52	廃棄損・減耗損	0.0	0.0	0.0	0.0	0.0	0.0
202605	230A30101	53	雑給	0.0	0.0	0.0	0.0	0.0	0.0
202605	230A30101	54	社内金利（固定資産）	0.0	0.0	0.0	0.0	0.0	0.0
202605	230A30101	55	社内金利（売掛金）	0.0	0.0	0.0	0.0	0.0	0.0
202605	230A30101	56	社内金利（在庫）	0.0	0.0	0.0	0.0	0.0	0.0
202605	230A30101	57	営業口銭①（新築）	0.0	0.0	0.0	0.0	0.0	0.0
202605	230A30101	58	営業口銭②（リフォ）	4650000.0	3799500.0	2954090.0	67.2	77.7	63.5
202605	230A30101	59	開発口銭	0.0	0.0	0.0	0.0	0.0	0.0
202605	230A30101	60	部門共通（経費）	714204.0	571721.0	774340.0	17.6	135.4	108.4
202605	230A30101	61	グループ共通	75800.0	75800.0	75800.0	1.7	100.0	100.0
202605	230A30101	62	差引収益	2205256.0	-4113497.0	-13740326.0		0.0	0.0
202605	230A30101	63	差引比率	7.8	-18.1	-81.6		0.0	0.0
202605	230A30101	64	総時間	937.75	936.0	884.0		94.4	94.2
202605	230A30101	65	定時間	464.0	464.0	416.0	47.0	89.6	89.6
202605	230A30101	66	残業時間	95.0	95.0	84.0	9.5	88.4	88.4
202605	230A30101	67	移動時間	160.0	160.0	160.0	18.0	100.0	100.0
202605	230A30101	68	部門共通（時間）	218.75	217.0	224.0	25.3	103.2	102.4
202605	230A30101	69	当月時間当り	2351.6	-4394.7	-15543.3		0.0	0.0
202605	230A30101	70	人員	3.0	3.0	3.0		100.0	100.0
202605	230B60100	1	総受注高	0.0	0.0	0.0		0.0	0.0
202605	230B60100	2	【新築】受注高	0.0	0.0	0.0	0.0	0.0	0.0
202605	230B60100	3	【リフォ】受注高	0.0	0.0	0.0	0.0	0.0	0.0
202605	230B60100	4	【資材】受注高	0.0	0.0	0.0	0.0	0.0	0.0
202605	230B60100	5	総売上高	0.0	0.0	0.0		0.0	0.0
202605	230B60100	6	【新築】売上高	0.0	0.0	0.0	0.0	0.0	0.0
202605	230B60100	7	【リフォ】売上高	0.0	0.0	0.0	0.0	0.0	0.0
202605	230B60100	8	【資材】売上高	0.0	0.0	0.0	0.0	0.0	0.0
202605	230B60100	9	【新築】インセンティブ	0.0	0.0	0.0	0.0	0.0	0.0
202605	230B60100	10	【リフォ】インセンティブ	0.0	0.0	0.0	0.0	0.0	0.0
202605	230B60100	11	【資材】インセンティブ	0.0	0.0	0.0	0.0	0.0	0.0
202605	230B60100	12	収益①（営業口銭）	0.0	0.0	0.0		0.0	0.0
202605	230B60100	13	【新築】収益①(営業口銭)	0.0	0.0	0.0		0.0	0.0
202605	230B60100	14	【リフォ】収益①(営業口銭)	0.0	0.0	0.0		0.0	0.0
202605	230B60100	15	【資材】売上原価	0.0	0.0	0.0		0.0	0.0
202605	230B60100	16	収益②（資材）	0.0	0.0	0.0		0.0	0.0
202605	230B60100	17	総収益	0.0	0.0	0.0		0.0	0.0
202605	230B60100	18	経費合計	0.0	0.0	0.0		0.0	0.0
202605	230B60100	19	減価償却費	0.0	0.0	0.0	0.0	0.0	0.0
202605	230B60100	20	車両費	220900.0	220825.0	250203.0	0.0	113.3	113.2
202605	230B60100	21	旅費交通費	60000.0	60000.0	0.0	0.0	0.0	0.0
202605	230B60100	22	荷造運搬費	2930000.0	2930000.0	5393947.0	0.0	184.0	184.0
202605	230B60100	23	通信費	10510.0	10510.0	12816.0	0.0	121.9	121.9
202605	230B60100	24	水道光熱費	24000.0	24000.0	23783.0	0.0	99.0	99.0
202605	230B60100	25	動力費	0.0	0.0	0.0	0.0	0.0	0.0
202605	230B60100	26	事務用品費	5000.0	5000.0	7728.0	0.0	154.5	154.5
202605	230B60100	27	消耗品費	65000.0	730000.0	159163.0	0.0	21.8	244.8
202605	230B60100	28	廃棄物処理料	110500.0	110500.0	99944.0	0.0	90.4	90.4
202605	230B60100	29	広告宣伝費	0.0	0.0	0.0	0.0	0.0	0.0
202605	230B60100	30	接待交際費	0.0	0.0	0.0	0.0	0.0	0.0
202605	230B60100	31	研究開発費	0.0	0.0	0.0	0.0	0.0	0.0
202605	230B60100	32	アフターサービス費	0.0	0.0	0.0	0.0	0.0	0.0
202605	230B60100	33	クレーム費	0.0	0.0	6210.0	0.0	0.0	0.0
202605	230B60100	34	賃借料	227460.0	227460.0	227460.0	0.0	100.0	100.0
202605	230B60100	35	賃貸料収入	0.0	0.0	0.0	0.0	0.0	0.0
202605	230B60100	36	修繕費	0.0	0.0	0.0	0.0	0.0	0.0
202605	230B60100	37	支払リース料	8200.0	8200.0	8163.0	0.0	99.5	99.5
202605	230B60100	38	保険料	50857.0	50857.0	674.0	0.0	1.3	1.3
202605	230B60100	39	支払報酬	0.0	0.0	0.0	0.0	0.0	0.0
202605	230B60100	40	販売手数料	0.0	0.0	0.0	0.0	0.0	0.0
202605	230B60100	41	支払手数料	700.0	700.0	732.0	0.0	104.5	104.5
202605	230B60100	42	診断料	0.0	0.0	0.0	0.0	0.0	0.0
202605	230B60100	43	諸会費	1500.0	1500.0	500.0	0.0	33.3	33.3
202605	230B60100	44	会議費	0.0	0.0	0.0	0.0	0.0	0.0
202605	230B60100	45	寄付金	0.0	0.0	0.0	0.0	0.0	0.0
202605	230B60100	46	租税公課	0.0	0.0	0.0	0.0	0.0	0.0
202605	230B60100	47	業務委託費	0.0	0.0	0.0	0.0	0.0	0.0
202605	230B60100	48	業務受託収入	0.0	0.0	0.0	0.0	0.0	0.0
202605	230B60100	49	システム管理料	0.0	0.0	0.0	0.0	0.0	0.0
202605	230B60100	50	情報機器利用料	287806.0	287806.0	287806.0	0.0	100.0	100.0
202605	230B60100	51	貸倒金	0.0	0.0	0.0	0.0	0.0	0.0
202605	230B60100	52	雑費	4000.0	4000.0	3600.0	0.0	90.0	90.0
202605	230B60100	53	福利消耗品費	31900.0	31900.0	2375.0	0.0	7.4	7.4
202605	230B60100	54	教育研修費	6400.0	6400.0	1356.0	0.0	21.1	21.1
202605	230B60100	55	廃棄損・減耗損	0.0	0.0	0.0	0.0	0.0	0.0
202605	230B60100	56	雑給	0.0	0.0	0.0	0.0	0.0	0.0
202605	230B60100	57	社内金利（固定資産）	0.0	0.0	0.0	0.0	0.0	0.0
202605	230B60100	58	社内金利（売掛金）	0.0	0.0	0.0	0.0	0.0	0.0
202605	230B60100	59	社内金利（在庫）	0.0	0.0	0.0	0.0	0.0	0.0
202605	230B60100	60	開発口銭	0.0	0.0	0.0	0.0	0.0	0.0
202605	230B60100	61	部門共通（経費）	-4195533.0	-4860458.0	-6637260.0	0.0	0.0	0.0
202605	230B60100	62	グループ共通	150800.0	150800.0	150800.0	0.0	100.0	100.0
202605	230B60100	63	差引収益	0.0	0.0	0.0		0.0	0.0
202605	230B60100	64	差引比率	0.0	0.0	0.0		0.0	0.0
202605	230B60100	65	総時間	0.0	0.0	0.0		0.0	0.0
202605	230B60100	66	定時間	824.0	824.0	846.25	0.0	102.7	102.7
202605	230B60100	67	残業時間	65.0	105.0	79.25	0.0	75.4	121.9
202605	230B60100	68	移動時間	26.0	26.0	15.0	0.0	57.6	57.6
202605	230B60100	69	部門共通（時間）	-915.0	-955.0	-940.5	0.0	0.0	0.0
202605	230B60100	70	当月時間当り	0.0	0.0	0.0		0.0	0.0
202605	230B60100	71	人員	6.0	6.0	6.0		100.0	100.0
202605	003091300	1	総受注高	0.0	0.0	0.0		0.0	0.0
202605	003091300	2	【新築】受注高	0.0	0.0	0.0	0.0	0.0	0.0
202605	003091300	3	【リフォ】受注高	0.0	0.0	0.0	0.0	0.0	0.0
202605	003091300	4	【資材】受注高	0.0	0.0	0.0	0.0	0.0	0.0
202605	003091300	5	総売上高	0.0	0.0	0.0		0.0	0.0
202605	003091300	6	【新築】売上高	0.0	0.0	0.0	0.0	0.0	0.0
202605	003091300	7	【リフォ】売上高	0.0	0.0	0.0	0.0	0.0	0.0
202605	003091300	8	【資材】売上高	0.0	0.0	0.0	0.0	0.0	0.0
202605	003091300	9	【新築】インセンティブ	0.0	0.0	0.0	0.0	0.0	0.0
202605	003091300	10	【リフォ】インセンティブ	0.0	0.0	0.0	0.0	0.0	0.0
202605	003091300	11	【資材】インセンティブ	0.0	0.0	0.0	0.0	0.0	0.0
202605	003091300	12	収益①（営業口銭）	0.0	0.0	0.0		0.0	0.0
202605	003091300	13	【新築】収益①(営業口銭)	0.0	0.0	0.0		0.0	0.0
202605	003091300	14	【リフォ】収益①(営業口銭)	0.0	0.0	0.0		0.0	0.0
202605	003091300	15	【資材】売上原価	0.0	0.0	0.0		0.0	0.0
202605	003091300	16	収益②（資材）	0.0	0.0	0.0		0.0	0.0
202605	003091300	17	総収益	0.0	0.0	0.0		0.0	0.0
202605	003091300	18	経費合計	0.0	0.0	0.0		0.0	0.0
202605	003091300	19	減価償却費	0.0	0.0	0.0	0.0	0.0	0.0
202605	003091300	20	車両費	0.0	0.0	0.0	0.0	0.0	0.0
202605	003091300	21	旅費交通費	0.0	0.0	0.0	0.0	0.0	0.0
202605	003091300	22	荷造運搬費	0.0	0.0	0.0	0.0	0.0	0.0
202605	003091300	23	通信費	0.0	0.0	0.0	0.0	0.0	0.0
202605	003091300	24	水道光熱費	0.0	0.0	0.0	0.0	0.0	0.0
202605	003091300	25	動力費	0.0	0.0	0.0	0.0	0.0	0.0
202605	003091300	26	事務用品費	0.0	0.0	0.0	0.0	0.0	0.0
202605	003091300	27	消耗品費	0.0	0.0	0.0	0.0	0.0	0.0
202605	003091300	28	廃棄物処理料	0.0	0.0	0.0	0.0	0.0	0.0
202605	003091300	29	広告宣伝費	0.0	0.0	0.0	0.0	0.0	0.0
202605	003091300	30	接待交際費	0.0	0.0	0.0	0.0	0.0	0.0
202605	003091300	31	研究開発費	0.0	0.0	0.0	0.0	0.0	0.0
202605	003091300	32	アフターサービス費	0.0	0.0	0.0	0.0	0.0	0.0
202605	003091300	33	クレーム費	0.0	0.0	0.0	0.0	0.0	0.0
202605	003091300	34	賃借料	0.0	0.0	0.0	0.0	0.0	0.0
202605	003091300	35	賃貸料収入	0.0	0.0	0.0	0.0	0.0	0.0
202605	003091300	36	修繕費	0.0	0.0	0.0	0.0	0.0	0.0
202605	003091300	37	支払リース料	0.0	0.0	0.0	0.0	0.0	0.0
202605	003091300	38	保険料	0.0	0.0	0.0	0.0	0.0	0.0
202605	003091300	39	支払報酬	0.0	0.0	0.0	0.0	0.0	0.0
202605	003091300	40	販売手数料	0.0	0.0	0.0	0.0	0.0	0.0
202605	003091300	41	支払手数料	0.0	0.0	0.0	0.0	0.0	0.0
202605	003091300	42	診断料	0.0	0.0	0.0	0.0	0.0	0.0
202605	003091300	43	諸会費	0.0	0.0	0.0	0.0	0.0	0.0
202605	003091300	44	会議費	0.0	0.0	0.0	0.0	0.0	0.0
202605	003091300	45	寄付金	0.0	0.0	0.0	0.0	0.0	0.0
202605	003091300	46	租税公課	0.0	0.0	0.0	0.0	0.0	0.0
202605	003091300	47	業務委託費	0.0	0.0	0.0	0.0	0.0	0.0
202605	003091300	48	業務受託収入	0.0	0.0	0.0	0.0	0.0	0.0
202605	003091300	49	システム管理料	0.0	0.0	0.0	0.0	0.0	0.0
202605	003091300	50	情報機器利用料	0.0	0.0	0.0	0.0	0.0	0.0
202605	003091300	51	貸倒金	0.0	0.0	0.0	0.0	0.0	0.0
202605	003091300	52	雑費	0.0	0.0	0.0	0.0	0.0	0.0
202605	003091300	53	福利消耗品費	0.0	0.0	0.0	0.0	0.0	0.0
202605	003091300	54	教育研修費	0.0	0.0	0.0	0.0	0.0	0.0
202605	003091300	55	廃棄損・減耗損	0.0	0.0	0.0	0.0	0.0	0.0
202605	003091300	56	雑給	0.0	0.0	0.0	0.0	0.0	0.0
202605	003091300	57	社内金利（固定資産）	0.0	0.0	0.0	0.0	0.0	0.0
202605	003091300	58	社内金利（売掛金）	0.0	0.0	0.0	0.0	0.0	0.0
202605	003091300	59	社内金利（在庫）	0.0	0.0	0.0	0.0	0.0	0.0
202605	003091300	60	開発口銭	0.0	0.0	0.0	0.0	0.0	0.0
202605	003091300	61	部門共通（経費）	0.0	0.0	0.0	0.0	0.0	0.0
202605	003091300	62	グループ共通	0.0	0.0	0.0	0.0	0.0	0.0
202605	003091300	63	差引収益	0.0	0.0	0.0		0.0	0.0
202605	003091300	64	差引比率	0.0	0.0	0.0		0.0	0.0
202605	003091300	65	総時間	0.0	0.0	0.0		0.0	0.0
202605	003091300	66	定時間	0.0	0.0	0.0	0.0	0.0	0.0
202605	003091300	67	残業時間	0.0	0.0	0.0	0.0	0.0	0.0
202605	003091300	68	移動時間	0.0	0.0	0.0	0.0	0.0	0.0
202605	003091300	69	部門共通（時間）	0.0	0.0	0.0	0.0	0.0	0.0
202605	003091300	70	当月時間当り	0.0	0.0	0.0		0.0	0.0
202605	003091300	71	人員	0.0	0.0	0.0		0.0	0.0
202605	230B10200	1	総受注高	52200000.0	43730000.0	38064294.0		87.0	72.9
202605	230B10200	2	【新築】受注高	0.0	0.0	0.0	0.0	0.0	0.0
202605	230B10200	3	【リフォ】受注高	30200000.0	21730000.0	13615889.0	35.7	62.6	45.0
202605	230B10200	4	【資材】受注高	22000000.0	22000000.0	24448405.0	64.2	111.1	111.1
202605	230B10200	5	総売上高	37200000.0	38575000.0	40101512.0		103.9	107.7
202605	230B10200	6	【新築】売上高	0.0	0.0	0.0	0.0	0.0	0.0
202605	230B10200	7	【リフォ】売上高	17000000.0	18375000.0	18816474.0	46.9	102.4	110.6
202605	230B10200	8	【資材】売上高	20200000.0	20200000.0	21285038.0	53.0	105.3	105.3
202605	230B10200	9	【新築】インセンティブ	0.0	0.0	0.0	0.0	0.0	0.0
202605	230B10200	10	【リフォ】インセンティブ	0.0	0.0	0.0	0.0	0.0	0.0
202605	230B10200	11	【資材】インセンティブ	0.0	0.0	0.0	0.0	0.0	0.0
202605	230B10200	12	収益①（営業口銭）	2550000.0	2756250.0	2822470.0		102.4	110.6
202605	230B10200	13	【新築】収益①(営業口銭)	0.0	0.0	0.0		0.0	0.0
202605	230B10200	14	【リフォ】収益①(営業口銭)	2550000.0	2756250.0	2822470.0		102.4	110.6
202605	230B10200	15	【資材】売上原価	15600000.0	15600000.0	15658789.0		100.3	100.3
202605	230B10200	16	収益②（資材）	4600000.0	4600000.0	5626249.0		122.3	122.3
202605	230B10200	17	総収益	7150000.0	7356250.0	8448719.0		114.8	118.1
202605	230B10200	18	経費合計	4223236.0	4120467.0	4198185.0		101.8	99.4
202605	230B10200	19	減価償却費	4430.0	4430.0	4430.0	0.1	100.0	100.0
202605	230B10200	20	車両費	495881.0	495881.0	522194.0	12.4	105.3	105.3
202605	230B10200	21	旅費交通費	3000.0	3000.0	3209.0	0.0	106.9	106.9
202605	230B10200	22	荷造運搬費	0.0	0.0	1930.0	0.0	0.0	0.0
202605	230B10200	23	通信費	77000.0	77000.0	73399.0	1.7	95.3	95.3
202605	230B10200	24	水道光熱費	57000.0	57000.0	52983.0	1.2	92.9	92.9
202605	230B10200	25	動力費	0.0	0.0	0.0	0.0	0.0	0.0
202605	230B10200	26	事務用品費	37000.0	37000.0	19448.0	0.4	52.5	52.5
202605	230B10200	27	消耗品費	61350.0	61350.0	84265.0	2.0	137.3	137.3
202605	230B10200	28	廃棄物処理料	110000.0	110000.0	167729.0	3.9	152.4	152.4
202605	230B10200	29	広告宣伝費	20000.0	20000.0	8375.0	0.1	41.8	41.8
202605	230B10200	30	接待交際費	26000.0	26000.0	15200.0	0.3	58.4	58.4
202605	230B10200	31	研究開発費	0.0	0.0	0.0	0.0	0.0	0.0
202605	230B10200	32	アフターサービス費	0.0	0.0	0.0	0.0	0.0	0.0
202605	230B10200	33	クレーム費	0.0	0.0	0.0	0.0	0.0	0.0
202605	230B10200	34	賃借料	325950.0	325950.0	325950.0	7.7	100.0	100.0
202605	230B10200	35	賃貸料収入	0.0	0.0	0.0	0.0	0.0	0.0
202605	230B10200	36	修繕費	0.0	0.0	0.0	0.0	0.0	0.0
202605	230B10200	37	支払リース料	6000.0	6000.0	4920.0	0.1	82.0	82.0
202605	230B10200	38	保険料	5723.0	5723.0	5723.0	0.1	100.0	100.0
202605	230B10200	39	支払報酬	0.0	0.0	0.0	0.0	0.0	0.0
202605	230B10200	40	販売手数料	0.0	0.0	0.0	0.0	0.0	0.0
202605	230B10200	41	支払手数料	22000.0	22000.0	122635.0	2.9	557.4	557.4
202605	230B10200	42	診断料	0.0	0.0	0.0	0.0	0.0	0.0
202605	230B10200	43	諸会費	0.0	0.0	6000.0	0.1	0.0	0.0
202605	230B10200	44	会議費	0.0	0.0	0.0	0.0	0.0	0.0
202605	230B10200	45	寄付金	0.0	0.0	0.0	0.0	0.0	0.0
202605	230B10200	46	租税公課	17000.0	17000.0	17400.0	0.4	102.3	102.3
202605	230B10200	47	業務委託費	0.0	0.0	0.0	0.0	0.0	0.0
202605	230B10200	48	業務受託収入	0.0	0.0	0.0	0.0	0.0	0.0
202605	230B10200	49	システム管理料	0.0	0.0	0.0	0.0	0.0	0.0
202605	230B10200	50	情報機器利用料	756298.0	756298.0	753898.0	17.9	99.6	99.6
202605	230B10200	51	貸倒金	0.0	0.0	0.0	0.0	0.0	0.0
202605	230B10200	52	雑費	15000.0	15000.0	15466.0	0.3	103.1	103.1
202605	230B10200	53	福利消耗品費	82550.0	82550.0	3570.0	0.0	4.3	4.3
202605	230B10200	54	教育研修費	101500.0	101500.0	53857.0	1.2	53.0	53.0
202605	230B10200	55	廃棄損・減耗損	10000.0	10000.0	17800.0	0.4	178.0	178.0
202605	230B10200	56	雑給	0.0	0.0	0.0	0.0	0.0	0.0
202605	230B10200	57	社内金利（固定資産）	845.0	845.0	845.0	0.0	100.0	100.0
202605	230B10200	58	社内金利（売掛金）	55000.0	55000.0	39489.0	0.9	71.7	71.7
202605	230B10200	59	社内金利（在庫）	51000.0	51000.0	65793.0	1.5	129.0	129.0
202605	230B10200	60	開発口銭	0.0	0.0	0.0	0.0	0.0	0.0
202605	230B10200	61	部門共通（経費）	1555809.0	1453040.0	1484777.0	35.3	102.1	95.4
202605	230B10200	62	グループ共通	326900.0	326900.0	326900.0	7.7	100.0	100.0
202605	230B10200	63	差引収益	2926764.0	3235783.0	4250534.0		131.3	145.2
202605	230B10200	64	差引比率	7.8	8.3	10.5		126.5	134.6
202605	230B10200	65	総時間	3146.25	3149.25	3074.5		97.6	97.7
202605	230B10200	66	定時間	1940.0	1940.0	1908.25	62.0	98.3	98.3
202605	230B10200	67	残業時間	260.0	260.0	244.0	7.9	93.8	93.8
202605	230B10200	68	移動時間	48.0	48.0	30.0	0.9	62.5	62.5
202605	230B10200	69	部門共通（時間）	898.25	901.25	892.25	29.0	99.0	99.3
202605	230B10200	70	当月時間当り	930.2	1027.4	1382.5		134.5	148.6
202605	230B10200	71	人員	13.0	13.0	13.0		100.0	100.0
202605	230B10300	1	総受注高	52200000.0	43730000.0	38064294.0		87.0	72.9
202605	230B10300	2	【新築】受注高	0.0	0.0	0.0	0.0	0.0	0.0
202605	230B10300	3	【リフォ】受注高	30200000.0	21730000.0	13615889.0	35.7	62.6	45.0
202605	230B10300	4	【資材】受注高	22000000.0	22000000.0	24448405.0	64.2	111.1	111.1
202605	230B10300	5	総売上高	37200000.0	38575000.0	40101512.0		103.9	107.7
202605	230B10300	6	【新築】売上高	0.0	0.0	0.0	0.0	0.0	0.0
202605	230B10300	7	【リフォ】売上高	17000000.0	18375000.0	18816474.0	46.9	102.4	110.6
202605	230B10300	8	【資材】売上高	20200000.0	20200000.0	21285038.0	53.0	105.3	105.3
202605	230B10300	9	【新築】インセンティブ	0.0	0.0	0.0	0.0	0.0	0.0
202605	230B10300	10	【リフォ】インセンティブ	0.0	0.0	0.0	0.0	0.0	0.0
202605	230B10300	11	【資材】インセンティブ	0.0	0.0	0.0	0.0	0.0	0.0
202605	230B10300	12	収益①（営業口銭）	2550000.0	2756250.0	2822470.0		102.4	110.6
202605	230B10300	13	【新築】収益①(営業口銭)	0.0	0.0	0.0		0.0	0.0
202605	230B10300	14	【リフォ】収益①(営業口銭)	2550000.0	2756250.0	2822470.0		102.4	110.6
202605	230B10300	15	【資材】売上原価	15600000.0	15600000.0	15658789.0		100.3	100.3
202605	230B10300	16	収益②（資材）	4600000.0	4600000.0	5626249.0		122.3	122.3
202605	230B10300	17	総収益	7150000.0	7356250.0	8448719.0		114.8	118.1
202605	230B10300	18	総出荷	17000000.0	18375000.0	18816474.0		102.4	110.6
202605	230B10300	19	社外売	17000000.0	18375000.0	18816474.0	100.0	102.4	110.6
202605	230B10300	20	社内売	0.0	0.0	0.0	0.0	0.0	0.0
202605	230B10300	21	社内仕入	2060000.0	3200000.0	5207204.0		162.7	252.7
202605	230B10300	22	仕掛1	0.0	0.0	0.0		0.0	0.0
202605	230B10300	23	総生産	14940000.0	15175000.0	13609270.0		89.6	91.0
202605	230B10300	24	経費合計	21143266.0	24062727.0	23946560.0		99.5	113.2
202605	230B10300	25	経費合計(原価)	13040000.0	16000000.0	15582818.0	65.0	97.3	119.5
202605	230B10300	26	仕掛2	0.0	0.0	0.0	0.0	0.0	0.0
202605	230B10300	27	商品仕入高	5550000.0	7600000.0	7226753.0	46.3	95.0	130.2
202605	230B10300	28	原材料費	0.0	0.0	0.0	0.0	0.0	0.0
202605	230B10300	29	外注加工費	7140000.0	8050000.0	8046655.0	51.6	99.9	112.6
202605	230B10300	30	その他 直接経費	350000.0	350000.0	309410.0	1.9	88.4	88.4
202605	230B10300	31	他勘定振替高	0.0	0.0	0.0	0.0	0.0	0.0
202605	230B10300	32	経費合計（販管費）	8103266.0	8062727.0	8363742.0	34.9	103.7	103.2
202605	230B10300	33	減価償却費	4430.0	4430.0	4430.0	0.0	100.0	100.0
202605	230B10300	34	車両費	706391.0	706391.0	709092.0	8.4	100.3	100.3
202605	230B10300	35	旅費交通費	3000.0	3000.0	3209.0	0.0	106.9	106.9
202605	230B10300	36	荷造運搬費	0.0	0.0	1930.0	0.0	0.0	0.0
202605	230B10300	37	通信費	86500.0	86500.0	82389.0	0.9	95.2	95.2
202605	230B10300	38	水道光熱費	69000.0	69000.0	65179.0	0.7	94.4	94.4
202605	230B10300	39	動力費	0.0	0.0	0.0	0.0	0.0	0.0
202605	230B10300	40	事務用品費	43000.0	43000.0	21731.0	0.2	50.5	50.5
202605	230B10300	41	消耗品費	67350.0	67350.0	85463.0	1.0	126.8	126.8
202605	230B10300	42	廃棄物処理料	140000.0	140000.0	205931.0	2.4	147.0	147.0
202605	230B10300	43	広告宣伝費	20000.0	20000.0	8375.0	0.1	41.8	41.8
202605	230B10300	44	接待交際費	26000.0	26000.0	15200.0	0.1	58.4	58.4
202605	230B10300	45	研究開発費	0.0	0.0	0.0	0.0	0.0	0.0
202605	230B10300	46	アフターサービス費	0.0	0.0	0.0	0.0	0.0	0.0
202605	230B10300	47	クレーム費	0.0	0.0	0.0	0.0	0.0	0.0
202605	230B10300	48	賃借料	400980.0	400980.0	400980.0	4.7	100.0	100.0
202605	230B10300	49	賃貸料収入	0.0	0.0	0.0	0.0	0.0	0.0
202605	230B10300	50	修繕費	0.0	0.0	0.0	0.0	0.0	0.0
202605	230B10300	51	支払リース料	7000.0	7000.0	6051.0	0.0	86.4	86.4
202605	230B10300	52	保険料	5723.0	5723.0	5723.0	0.0	100.0	100.0
202605	230B10300	53	支払報酬	0.0	0.0	0.0	0.0	0.0	0.0
202605	230B10300	54	販売手数料	0.0	0.0	0.0	0.0	0.0	0.0
202605	230B10300	55	支払手数料	22500.0	22500.0	123001.0	1.4	546.6	546.6
202605	230B10300	56	診断料	0.0	0.0	0.0	0.0	0.0	0.0
202605	230B10300	57	諸会費	0.0	0.0	6000.0	0.0	0.0	0.0
202605	230B10300	58	会議費	0.0	0.0	0.0	0.0	0.0	0.0
202605	230B10300	59	寄付金	0.0	0.0	0.0	0.0	0.0	0.0
202605	230B10300	60	租税公課	17000.0	17000.0	17400.0	0.2	102.3	102.3
202605	230B10300	61	業務委託費	0.0	0.0	0.0	0.0	0.0	0.0
202605	230B10300	62	業務受託収入	0.0	0.0	0.0	0.0	0.0	0.0
202605	230B10300	63	システム管理料	0.0	0.0	0.0	0.0	0.0	0.0
202605	230B10300	64	情報機器利用料	920308.0	920308.0	917308.0	10.9	99.6	99.6
202605	230B10300	65	貸倒金	0.0	0.0	0.0	0.0	0.0	0.0
202605	230B10300	66	雑費	19000.0	19000.0	18504.0	0.2	97.3	97.3
202605	230B10300	67	福利消耗品費	101600.0	101600.0	4399.0	0.0	4.3	4.3
202605	230B10300	68	教育研修費	102300.0	102300.0	54535.0	0.6	53.3	53.3
202605	230B10300	69	廃棄損・減耗損	10000.0	10000.0	17800.0	0.2	178.0	178.0
202605	230B10300	70	雑給	0.0	0.0	0.0	0.0	0.0	0.0
202605	230B10300	71	社内金利（固定資産）	845.0	845.0	845.0	0.0	100.0	100.0
202605	230B10300	72	社内金利（売掛金）	55000.0	55000.0	39489.0	0.4	71.7	71.7
202605	230B10300	73	社内金利（在庫）	51000.0	51000.0	65793.0	0.7	129.0	129.0
202605	230B10300	74	営業口銭①（新築）	0.0	0.0	0.0	0.0	0.0	0.0
202605	230B10300	75	営業口銭②（リフォ）	2550000.0	2756250.0	2822470.0	33.7	102.4	110.6
202605	230B10300	76	開発口銭	0.0	0.0	0.0	0.0	0.0	0.0
202605	230B10300	77	部門共通（経費）	2271639.0	2024850.0	2257815.0	26.9	111.5	99.3
202605	230B10300	78	グループ共通	402700.0	402700.0	402700.0	4.8	100.0	100.0
202605	230B10300	79	差引収益	946734.0	-1531477.0	-1888571.0		0.0	0.0
202605	230B10300	80	差引比率	1.8	-2.8	-3.5		0.0	0.0
202605	230B10300	81	総時間	3896.25	3897.5	3820.25		98.0	98.0
202605	230B10300	82	定時間	2390.0	2390.0	2340.25	61.2	97.9	97.9
202605	230B10300	83	残業時間	330.0	330.0	322.0	8.4	97.5	97.5
202605	230B10300	84	移動時間	48.0	48.0	30.0	0.7	62.5	62.5
202605	230B10300	85	部門共通（時間）	1128.25	1129.5	1128.0	29.5	99.8	99.9
202605	230B10300	86	当月時間当り	242.9	-392.9	-494.3		0.0	0.0
202605	230B10300	87	人員	16.0	16.0	16.0		100.0	100.0
202605	230B30601	1	総出荷	17000000.0	18375000.0	18816474.0		102.4	110.6
202605	230B30601	2	社外売	17000000.0	18375000.0	18816474.0	100.0	102.4	110.6
202605	230B30601	3	社内売	0.0	0.0	0.0	0.0	0.0	0.0
202605	230B30601	4	社内仕入	2060000.0	3200000.0	5207204.0		162.7	252.7
202605	230B30601	5	仕掛1	0.0	0.0	0.0		0.0	0.0
202605	230B30601	6	総生産	14940000.0	15175000.0	13609270.0		89.6	91.0
202605	230B30601	7	経費合計	16920030.0	19942260.0	19748375.0		99.0	116.7
202605	230B30601	8	経費合計(原価)	13040000.0	16000000.0	15582818.0	78.9	97.3	119.5
202605	230B30601	9	仕掛2	0.0	0.0	0.0	0.0	0.0	0.0
202605	230B30601	10	商品仕入高	5550000.0	7600000.0	7226753.0	46.3	95.0	130.2
202605	230B30601	11	原材料費	0.0	0.0	0.0	0.0	0.0	0.0
202605	230B30601	12	外注加工費	7140000.0	8050000.0	8046655.0	51.6	99.9	112.6
202605	230B30601	13	その他 直接経費	350000.0	350000.0	309410.0	1.9	88.4	88.4
202605	230B30601	14	他勘定振替高	0.0	0.0	0.0	0.0	0.0	0.0
202605	230B30601	15	経費合計（販管費）	3880030.0	3942260.0	4165557.0	21.0	105.6	107.3
202605	230B30601	16	減価償却費	0.0	0.0	0.0	0.0	0.0	0.0
202605	230B30601	17	車両費	210510.0	210510.0	186898.0	4.4	88.7	88.7
202605	230B30601	18	旅費交通費	0.0	0.0	0.0	0.0	0.0	0.0
202605	230B30601	19	荷造運搬費	0.0	0.0	0.0	0.0	0.0	0.0
202605	230B30601	20	通信費	9500.0	9500.0	8990.0	0.2	94.6	94.6
202605	230B30601	21	水道光熱費	12000.0	12000.0	12196.0	0.2	101.6	101.6
202605	230B30601	22	動力費	0.0	0.0	0.0	0.0	0.0	0.0
202605	230B30601	23	事務用品費	6000.0	6000.0	2283.0	0.0	38.0	38.0
202605	230B30601	24	消耗品費	6000.0	6000.0	1198.0	0.0	19.9	19.9
202605	230B30601	25	廃棄物処理料	30000.0	30000.0	38202.0	0.9	127.3	127.3
202605	230B30601	26	広告宣伝費	0.0	0.0	0.0	0.0	0.0	0.0
202605	230B30601	27	接待交際費	0.0	0.0	0.0	0.0	0.0	0.0
202605	230B30601	28	研究開発費	0.0	0.0	0.0	0.0	0.0	0.0
202605	230B30601	29	アフターサービス費	0.0	0.0	0.0	0.0	0.0	0.0
202605	230B30601	30	クレーム費	0.0	0.0	0.0	0.0	0.0	0.0
202605	230B30601	31	賃借料	75030.0	75030.0	75030.0	1.8	100.0	100.0
202605	230B30601	32	賃貸料収入	0.0	0.0	0.0	0.0	0.0	0.0
202605	230B30601	33	修繕費	0.0	0.0	0.0	0.0	0.0	0.0
202605	230B30601	34	支払リース料	1000.0	1000.0	1131.0	0.0	113.1	113.1
202605	230B30601	35	保険料	0.0	0.0	0.0	0.0	0.0	0.0
202605	230B30601	36	支払報酬	0.0	0.0	0.0	0.0	0.0	0.0
202605	230B30601	37	販売手数料	0.0	0.0	0.0	0.0	0.0	0.0
202605	230B30601	38	支払手数料	500.0	500.0	366.0	0.0	73.2	73.2
202605	230B30601	39	診断料	0.0	0.0	0.0	0.0	0.0	0.0
202605	230B30601	40	諸会費	0.0	0.0	0.0	0.0	0.0	0.0
202605	230B30601	41	会議費	0.0	0.0	0.0	0.0	0.0	0.0
202605	230B30601	42	寄付金	0.0	0.0	0.0	0.0	0.0	0.0
202605	230B30601	43	租税公課	0.0	0.0	0.0	0.0	0.0	0.0
202605	230B30601	44	業務委託費	0.0	0.0	0.0	0.0	0.0	0.0
202605	230B30601	45	業務受託収入	0.0	0.0	0.0	0.0	0.0	0.0
202605	230B30601	46	システム管理料	0.0	0.0	0.0	0.0	0.0	0.0
202605	230B30601	47	情報機器利用料	164010.0	164010.0	163410.0	3.9	99.6	99.6
202605	230B30601	48	貸倒金	0.0	0.0	0.0	0.0	0.0	0.0
202605	230B30601	49	雑費	4000.0	4000.0	3038.0	0.0	75.9	75.9
202605	230B30601	50	福利消耗品費	19050.0	19050.0	829.0	0.0	4.3	4.3
202605	230B30601	51	教育研修費	800.0	800.0	678.0	0.0	84.7	84.7
202605	230B30601	52	廃棄損・減耗損	0.0	0.0	0.0	0.0	0.0	0.0
202605	230B30601	53	雑給	0.0	0.0	0.0	0.0	0.0	0.0
202605	230B30601	54	社内金利（固定資産）	0.0	0.0	0.0	0.0	0.0	0.0
202605	230B30601	55	社内金利（売掛金）	0.0	0.0	0.0	0.0	0.0	0.0
202605	230B30601	56	社内金利（在庫）	0.0	0.0	0.0	0.0	0.0	0.0
202605	230B30601	57	営業口銭①（新築）	0.0	0.0	0.0	0.0	0.0	0.0
202605	230B30601	58	営業口銭②（リフォ）	2550000.0	2756250.0	2822470.0	67.7	102.4	110.6
202605	230B30601	59	開発口銭	0.0	0.0	0.0	0.0	0.0	0.0
202605	230B30601	60	部門共通（経費）	715830.0	571810.0	773038.0	18.5	135.1	107.9
202605	230B30601	61	グループ共通	75800.0	75800.0	75800.0	1.8	100.0	100.0
202605	230B30601	62	差引収益	-1980030.0	-4767260.0	-6139105.0		0.0	0.0
202605	230B30601	63	差引比率	-13.2	-31.4	-45.1		0.0	0.0
202605	230B30601	64	総時間	750.0	748.25	745.75		99.6	99.4
202605	230B30601	65	定時間	450.0	450.0	432.0	57.9	96.0	96.0
202605	230B30601	66	残業時間	70.0	70.0	78.0	10.4	111.4	111.4
202605	230B30601	67	移動時間	0.0	0.0	0.0	0.0	0.0	0.0
202605	230B30601	68	部門共通（時間）	230.0	228.25	235.75	31.6	103.2	102.5
202605	230B30601	69	当月時間当り	-2640.0	-6371.2	-8232.1		0.0	0.0
202605	230B30601	70	人員	3.0	3.0	3.0		100.0	100.0
202605	003092100	1	総受注高	0.0	0.0	0.0		0.0	0.0
202605	003092100	2	【新築】受注高	0.0	0.0	0.0	0.0	0.0	0.0
202605	003092100	3	【リフォ】受注高	0.0	0.0	0.0	0.0	0.0	0.0
202605	003092100	4	【資材】受注高	0.0	0.0	0.0	0.0	0.0	0.0
202605	003092100	5	総売上高	0.0	0.0	0.0		0.0	0.0
202605	003092100	6	【新築】売上高	0.0	0.0	0.0	0.0	0.0	0.0
202605	003092100	7	【リフォ】売上高	0.0	0.0	0.0	0.0	0.0	0.0
202605	003092100	8	【資材】売上高	0.0	0.0	0.0	0.0	0.0	0.0
202605	003092100	9	【新築】インセンティブ	0.0	0.0	0.0	0.0	0.0	0.0
202605	003092100	10	【リフォ】インセンティブ	0.0	0.0	0.0	0.0	0.0	0.0
202605	003092100	11	【資材】インセンティブ	0.0	0.0	0.0	0.0	0.0	0.0
202605	003092100	12	収益①（営業口銭）	0.0	0.0	0.0		0.0	0.0
202605	003092100	13	【新築】収益①(営業口銭)	0.0	0.0	0.0		0.0	0.0
202605	003092100	14	【リフォ】収益①(営業口銭)	0.0	0.0	0.0		0.0	0.0
202605	003092100	15	【資材】売上原価	0.0	0.0	0.0		0.0	0.0
202605	003092100	16	収益②（資材）	0.0	0.0	0.0		0.0	0.0
202605	003092100	17	総収益	0.0	0.0	0.0		0.0	0.0
202605	003092100	18	経費合計	0.0	0.0	0.0		0.0	0.0
202605	003092100	19	減価償却費	0.0	0.0	0.0	0.0	0.0	0.0
202605	003092100	20	車両費	0.0	0.0	0.0	0.0	0.0	0.0
202605	003092100	21	旅費交通費	0.0	0.0	0.0	0.0	0.0	0.0
202605	003092100	22	荷造運搬費	0.0	0.0	0.0	0.0	0.0	0.0
202605	003092100	23	通信費	0.0	0.0	0.0	0.0	0.0	0.0
202605	003092100	24	水道光熱費	0.0	0.0	0.0	0.0	0.0	0.0
202605	003092100	25	動力費	0.0	0.0	0.0	0.0	0.0	0.0
202605	003092100	26	事務用品費	0.0	0.0	0.0	0.0	0.0	0.0
202605	003092100	27	消耗品費	0.0	0.0	0.0	0.0	0.0	0.0
202605	003092100	28	廃棄物処理料	0.0	0.0	0.0	0.0	0.0	0.0
202605	003092100	29	広告宣伝費	0.0	0.0	0.0	0.0	0.0	0.0
202605	003092100	30	接待交際費	0.0	0.0	0.0	0.0	0.0	0.0
202605	003092100	31	研究開発費	0.0	0.0	0.0	0.0	0.0	0.0
202605	003092100	32	アフターサービス費	0.0	0.0	0.0	0.0	0.0	0.0
202605	003092100	33	クレーム費	0.0	0.0	0.0	0.0	0.0	0.0
202605	003092100	34	賃借料	0.0	0.0	0.0	0.0	0.0	0.0
202605	003092100	35	賃貸料収入	0.0	0.0	0.0	0.0	0.0	0.0
202605	003092100	36	修繕費	0.0	0.0	0.0	0.0	0.0	0.0
202605	003092100	37	支払リース料	0.0	0.0	0.0	0.0	0.0	0.0
202605	003092100	38	保険料	0.0	0.0	0.0	0.0	0.0	0.0
202605	003092100	39	支払報酬	0.0	0.0	0.0	0.0	0.0	0.0
202605	003092100	40	販売手数料	0.0	0.0	0.0	0.0	0.0	0.0
202605	003092100	41	支払手数料	0.0	0.0	0.0	0.0	0.0	0.0
202605	003092100	42	診断料	0.0	0.0	0.0	0.0	0.0	0.0
202605	003092100	43	諸会費	0.0	0.0	0.0	0.0	0.0	0.0
202605	003092100	44	会議費	0.0	0.0	0.0	0.0	0.0	0.0
202605	003092100	45	寄付金	0.0	0.0	0.0	0.0	0.0	0.0
202605	003092100	46	租税公課	0.0	0.0	0.0	0.0	0.0	0.0
202605	003092100	47	業務委託費	0.0	0.0	0.0	0.0	0.0	0.0
202605	003092100	48	業務受託収入	0.0	0.0	0.0	0.0	0.0	0.0
202605	003092100	49	システム管理料	0.0	0.0	0.0	0.0	0.0	0.0
202605	003092100	50	情報機器利用料	0.0	0.0	0.0	0.0	0.0	0.0
202605	003092100	51	貸倒金	0.0	0.0	0.0	0.0	0.0	0.0
202605	003092100	52	雑費	0.0	0.0	0.0	0.0	0.0	0.0
202605	003092100	53	福利消耗品費	0.0	0.0	0.0	0.0	0.0	0.0
202605	003092100	54	教育研修費	0.0	0.0	0.0	0.0	0.0	0.0
202605	003092100	55	廃棄損・減耗損	0.0	0.0	0.0	0.0	0.0	0.0
202605	003092100	56	雑給	0.0	0.0	0.0	0.0	0.0	0.0
202605	003092100	57	社内金利（固定資産）	0.0	0.0	0.0	0.0	0.0	0.0
202605	003092100	58	社内金利（売掛金）	0.0	0.0	0.0	0.0	0.0	0.0
202605	003092100	59	社内金利（在庫）	0.0	0.0	0.0	0.0	0.0	0.0
202605	003092100	60	開発口銭	0.0	0.0	0.0	0.0	0.0	0.0
202605	003092100	61	部門共通（経費）	0.0	0.0	0.0	0.0	0.0	0.0
202605	003092100	62	グループ共通	0.0	0.0	0.0	0.0	0.0	0.0
202605	003092100	63	差引収益	0.0	0.0	0.0		0.0	0.0
202605	003092100	64	差引比率	0.0	0.0	0.0		0.0	0.0
202605	003092100	65	総時間	0.0	0.0	0.0		0.0	0.0
202605	003092100	66	定時間	0.0	0.0	0.0	0.0	0.0	0.0
202605	003092100	67	残業時間	0.0	0.0	0.0	0.0	0.0	0.0
202605	003092100	68	移動時間	0.0	0.0	0.0	0.0	0.0	0.0
202605	003092100	69	部門共通（時間）	0.0	0.0	0.0	0.0	0.0	0.0
202605	003092100	70	当月時間当り	0.0	0.0	0.0		0.0	0.0
202605	003092100	71	人員	0.0	0.0	0.0		0.0	0.0
202605	400A10200	1	総受注高	98000000.0	173290800.0	96867131.0		55.8	98.8
202605	400A10200	2	【新築】受注高	36000000.0	125000000.0	49000000.0	50.5	39.2	136.1
202605	400A10200	3	【リフォ】受注高	33000000.0	19290800.0	9577380.0	9.8	49.6	29.0
202605	400A10200	4	【資材】受注高	29000000.0	29000000.0	38289751.0	39.5	132.0	132.0
202605	400A10200	5	総売上高	52000000.0	48013909.0	53252567.0		110.9	102.4
202605	400A10200	6	【新築】売上高	0.0	0.0	0.0	0.0	0.0	0.0
202605	400A10200	7	【リフォ】売上高	23000000.0	19013909.0	19012389.0	35.7	99.9	82.6
202605	400A10200	8	【資材】売上高	29000000.0	29000000.0	34240178.0	64.2	118.0	118.0
202605	400A10200	9	【新築】インセンティブ	0.0	0.0	0.0	0.0	0.0	0.0
202605	400A10200	10	【リフォ】インセンティブ	0.0	0.0	0.0	0.0	0.0	0.0
202605	400A10200	11	【資材】インセンティブ	0.0	0.0	0.0	0.0	0.0	0.0
202605	400A10200	12	収益①（営業口銭）	3450000.0	2852086.0	2851855.0		99.9	82.6
202605	400A10200	13	【新築】収益①(営業口銭)	0.0	0.0	0.0		0.0	0.0
202605	400A10200	14	【リフォ】収益①(営業口銭)	3450000.0	2852086.0	2851855.0		99.9	82.6
202605	400A10200	15	【資材】売上原価	21750000.0	21750000.0	26969709.0		123.9	123.9
202605	400A10200	16	収益②（資材）	7250000.0	7250000.0	7270469.0		100.2	100.2
202605	400A10200	17	総収益	10700000.0	10102086.0	10122324.0		100.2	94.6
202605	400A10200	18	経費合計	5018601.0	4273681.0	4175407.0		97.7	83.1
202605	400A10200	19	減価償却費	34481.0	34481.0	44779.0	1.0	129.8	129.8
202605	400A10200	20	車両費	417060.0	417060.0	543958.0	13.0	130.4	130.4
202605	400A10200	21	旅費交通費	340000.0	167000.0	290979.0	6.9	174.2	85.5
202605	400A10200	22	荷造運搬費	20000.0	20000.0	9545.0	0.2	47.7	47.7
202605	400A10200	23	通信費	104477.0	104477.0	70619.0	1.6	67.5	67.5
202605	400A10200	24	水道光熱費	110000.0	110000.0	37545.0	0.8	34.1	34.1
202605	400A10200	25	動力費	0.0	0.0	0.0	0.0	0.0	0.0
202605	400A10200	26	事務用品費	49200.0	49200.0	26353.0	0.6	53.5	53.5
202605	400A10200	27	消耗品費	36000.0	36000.0	14375.0	0.3	39.9	39.9
202605	400A10200	28	廃棄物処理料	96250.0	96250.0	0.0	0.0	0.0	0.0
202605	400A10200	29	広告宣伝費	0.0	0.0	3000.0	0.0	0.0	0.0
202605	400A10200	30	接待交際費	60000.0	97000.0	55506.0	1.3	57.2	92.5
202605	400A10200	31	研究開発費	0.0	0.0	0.0	0.0	0.0	0.0
202605	400A10200	32	アフターサービス費	0.0	0.0	0.0	0.0	0.0	0.0
202605	400A10200	33	クレーム費	500000.0	0.0	0.0	0.0	0.0	0.0
202605	400A10200	34	賃借料	518001.0	518001.0	582700.0	13.9	112.4	112.4
202605	400A10200	35	賃貸料収入	-53214.0	-53214.0	-52350.0	0.0	0.0	0.0
202605	400A10200	36	修繕費	0.0	0.0	0.0	0.0	0.0	0.0
202605	400A10200	37	支払リース料	0.0	0.0	0.0	0.0	0.0	0.0
202605	400A10200	38	保険料	2044.0	2044.0	2044.0	0.0	100.0	100.0
202605	400A10200	39	支払報酬	0.0	0.0	0.0	0.0	0.0	0.0
202605	400A10200	40	販売手数料	0.0	0.0	0.0	0.0	0.0	0.0
202605	400A10200	41	支払手数料	27474.0	27474.0	23252.0	0.5	84.6	84.6
202605	400A10200	42	診断料	0.0	0.0	0.0	0.0	0.0	0.0
202605	400A10200	43	諸会費	500.0	500.0	950.0	0.0	190.0	190.0
202605	400A10200	44	会議費	0.0	0.0	0.0	0.0	0.0	0.0
202605	400A10200	45	寄付金	0.0	0.0	0.0	0.0	0.0	0.0
202605	400A10200	46	租税公課	20000.0	20000.0	15200.0	0.3	76.0	76.0
202605	400A10200	47	業務委託費	0.0	0.0	0.0	0.0	0.0	0.0
202605	400A10200	48	業務受託収入	0.0	0.0	0.0	0.0	0.0	0.0
202605	400A10200	49	システム管理料	0.0	0.0	0.0	0.0	0.0	0.0
202605	400A10200	50	情報機器利用料	642730.0	642730.0	642184.0	15.3	99.9	99.9
202605	400A10200	51	貸倒金	0.0	0.0	0.0	0.0	0.0	0.0
202605	400A10200	52	雑費	6000.0	6000.0	5362.0	0.1	89.3	89.3
202605	400A10200	53	福利消耗品費	60000.0	60000.0	4291.0	0.1	7.1	7.1
202605	400A10200	54	教育研修費	13000.0	13000.0	0.0	0.0	0.0	0.0
202605	400A10200	55	廃棄損・減耗損	0.0	0.0	0.0	0.0	0.0	0.0
202605	400A10200	56	雑給	0.0	0.0	0.0	0.0	0.0	0.0
202605	400A10200	57	社内金利（固定資産）	12249.0	12249.0	15908.0	0.3	129.8	129.8
202605	400A10200	58	社内金利（売掛金）	60000.0	60000.0	65408.0	1.5	109.0	109.0
202605	400A10200	59	社内金利（在庫）	44800.0	44800.0	45561.0	1.0	101.6	101.6
202605	400A10200	60	開発口銭	0.0	0.0	0.0	0.0	0.0	0.0
202605	400A10200	61	部門共通（経費）	1595849.0	1486929.0	1426538.0	34.1	95.9	89.3
202605	400A10200	62	グループ共通	301700.0	301700.0	301700.0	7.2	100.0	100.0
202605	400A10200	63	差引収益	5681399.0	5828405.0	5946917.0		102.0	104.6
202605	400A10200	64	差引比率	10.9	12.1	11.1		91.7	101.8
202605	400A10200	65	総時間	2522.0	2465.75	2767.0		112.2	109.7
202605	400A10200	66	定時間	1384.0	1344.0	1463.25	52.8	108.8	105.7
202605	400A10200	67	残業時間	227.0	220.0	250.25	9.0	113.7	110.2
202605	400A10200	68	移動時間	-164.0	-164.0	-3.75	0.0	0.0	0.0
202605	400A10200	69	部門共通（時間）	1075.0	1065.75	1057.25	38.2	99.2	98.3
202605	400A10200	70	当月時間当り	2252.7	2363.7	2149.2		90.9	95.4
202605	400A10200	71	人員	10.0	10.0	10.0		100.0	100.0
202605	400A10300	1	総受注高	98000000.0	173290800.0	96867131.0		55.8	98.8
202605	400A10300	2	【新築】受注高	36000000.0	125000000.0	49000000.0	50.5	39.2	136.1
202605	400A10300	3	【リフォ】受注高	33000000.0	19290800.0	9577380.0	9.8	49.6	29.0
202605	400A10300	4	【資材】受注高	29000000.0	29000000.0	38289751.0	39.5	132.0	132.0
202605	400A10300	5	総売上高	52000000.0	48013909.0	53252567.0		110.9	102.4
202605	400A10300	6	【新築】売上高	0.0	0.0	0.0	0.0	0.0	0.0
202605	400A10300	7	【リフォ】売上高	23000000.0	19013909.0	19012389.0	35.7	99.9	82.6
202605	400A10300	8	【資材】売上高	29000000.0	29000000.0	34240178.0	64.2	118.0	118.0
202605	400A10300	9	【新築】インセンティブ	0.0	0.0	0.0	0.0	0.0	0.0
202605	400A10300	10	【リフォ】インセンティブ	0.0	0.0	0.0	0.0	0.0	0.0
202605	400A10300	11	【資材】インセンティブ	0.0	0.0	0.0	0.0	0.0	0.0
202605	400A10300	12	収益①（営業口銭）	3450000.0	2852086.0	2851855.0		99.9	82.6
202605	400A10300	13	【新築】収益①(営業口銭)	0.0	0.0	0.0		0.0	0.0
202605	400A10300	14	【リフォ】収益①(営業口銭)	3450000.0	2852086.0	2851855.0		99.9	82.6
202605	400A10300	15	【資材】売上原価	21750000.0	21750000.0	26969709.0		123.9	123.9
202605	400A10300	16	収益②（資材）	7250000.0	7250000.0	7270469.0		100.2	100.2
202605	400A10300	17	総収益	10700000.0	10102086.0	10122324.0		100.2	94.6
202605	400A10300	18	総出荷	23000000.0	19013909.0	19012389.0		99.9	82.6
202605	400A10300	19	社外売	23000000.0	19013909.0	19012389.0	100.0	99.9	82.6
202605	400A10300	20	社内売	0.0	0.0	0.0	0.0	0.0	0.0
202605	400A10300	21	社内仕入	4700000.0	18800000.0	134551.0		0.7	2.8
202605	400A10300	22	仕掛1	0.0	0.0	0.0		0.0	0.0
202605	400A10300	23	総生産	18300000.0	213909.0	18877838.0			103.1
202605	400A10300	24	経費合計	30435539.0	19865345.0	28958855.0		145.7	95.1
202605	400A10300	25	経費合計(原価)	20417000.0	11275000.0	20296604.0	70.0	180.0	99.4
202605	400A10300	26	仕掛2	0.0	0.0	0.0	0.0	0.0	0.0
202605	400A10300	27	商品仕入高	11800000.0	5900000.0	17244960.0	84.9	292.2	146.1
202605	400A10300	28	原材料費	0.0	0.0	0.0	0.0	0.0	0.0
202605	400A10300	29	外注加工費	8120000.0	4950000.0	3002000.0	14.7	60.6	36.9
202605	400A10300	30	その他 直接経費	497000.0	425000.0	49644.0	0.2	11.6	9.9
202605	400A10300	31	他勘定振替高	0.0	0.0	0.0	0.0	0.0	0.0
202605	400A10300	32	経費合計（販管費）	10018539.0	8590345.0	8662251.0	29.9	100.8	86.4
202605	400A10300	33	減価償却費	44779.0	44779.0	51521.0	0.5	115.0	115.0
202605	400A10300	34	車両費	686328.0	686328.0	840582.0	9.7	122.4	122.4
202605	400A10300	35	旅費交通費	375000.0	202000.0	324261.0	3.7	160.5	86.4
202605	400A10300	36	荷造運搬費	20000.0	20000.0	9545.0	0.1	47.7	47.7
202605	400A10300	37	通信費	122820.0	123320.0	82185.0	0.9	66.6	66.9
202605	400A10300	38	水道光熱費	163000.0	163000.0	68810.0	0.7	42.2	42.2
202605	400A10300	39	動力費	0.0	0.0	0.0	0.0	0.0	0.0
202605	400A10300	40	事務用品費	63900.0	63900.0	34942.0	0.4	54.6	54.6
202605	400A10300	41	消耗品費	46500.0	46500.0	18091.0	0.2	38.9	38.9
202605	400A10300	42	廃棄物処理料	125000.0	125000.0	136750.0	1.5	109.4	109.4
202605	400A10300	43	広告宣伝費	0.0	0.0	3000.0	0.0	0.0	0.0
202605	400A10300	44	接待交際費	60000.0	97000.0	55506.0	0.6	57.2	92.5
202605	400A10300	45	研究開発費	0.0	0.0	0.0	0.0	0.0	0.0
202605	400A10300	46	アフターサービス費	0.0	0.0	0.0	0.0	0.0	0.0
202605	400A10300	47	クレーム費	500000.0	0.0	0.0	0.0	0.0	0.0
202605	400A10300	48	賃借料	742228.0	742228.0	806928.0	9.3	108.7	108.7
202605	400A10300	49	賃貸料収入	-65001.0	-65001.0	-65000.0	0.0	0.0	0.0
202605	400A10300	50	修繕費	0.0	0.0	0.0	0.0	0.0	0.0
202605	400A10300	51	支払リース料	0.0	0.0	0.0	0.0	0.0	0.0
202605	400A10300	52	保険料	2044.0	2044.0	6142.0	0.0	300.4	300.4
202605	400A10300	53	支払報酬	0.0	0.0	0.0	0.0	0.0	0.0
202605	400A10300	54	販売手数料	0.0	0.0	0.0	0.0	0.0	0.0
202605	400A10300	55	支払手数料	31200.0	31200.0	27140.0	0.3	86.9	86.9
202605	400A10300	56	診断料	0.0	0.0	0.0	0.0	0.0	0.0
202605	400A10300	57	諸会費	500.0	500.0	950.0	0.0	190.0	190.0
202605	400A10300	58	会議費	0.0	0.0	0.0	0.0	0.0	0.0
202605	400A10300	59	寄付金	0.0	0.0	0.0	0.0	0.0	0.0
202605	400A10300	60	租税公課	20000.0	20000.0	15200.0	0.1	76.0	76.0
202605	400A10300	61	業務委託費	0.0	0.0	0.0	0.0	0.0	0.0
202605	400A10300	62	業務受託収入	0.0	0.0	0.0	0.0	0.0	0.0
202605	400A10300	63	システム管理料	0.0	0.0	0.0	0.0	0.0	0.0
202605	400A10300	64	情報機器利用料	738940.0	738940.0	771994.0	8.9	104.4	104.4
202605	400A10300	65	貸倒金	0.0	0.0	0.0	0.0	0.0	0.0
202605	400A10300	66	雑費	6500.0	6500.0	5862.0	0.0	90.1	90.1
202605	400A10300	67	福利消耗品費	63000.0	63000.0	4291.0	0.0	6.8	6.8
202605	400A10300	68	教育研修費	33000.0	33000.0	0.0	0.0	0.0	0.0
202605	400A10300	69	廃棄損・減耗損	0.0	0.0	0.0	0.0	0.0	0.0
202605	400A10300	70	雑給	0.0	0.0	0.0	0.0	0.0	0.0
202605	400A10300	71	社内金利（固定資産）	15908.0	15908.0	17051.0	0.1	107.1	107.1
202605	400A10300	72	社内金利（売掛金）	60000.0	60000.0	65408.0	0.7	109.0	109.0
202605	400A10300	73	社内金利（在庫）	44800.0	44800.0	45561.0	0.5	101.6	101.6
202605	400A10300	74	営業口銭①（新築）	0.0	0.0	0.0	0.0	0.0	0.0
202605	400A10300	75	営業口銭②（リフォ）	3450000.0	2852086.0	2851855.0	32.9	99.9	82.6
202605	400A10300	76	開発口銭	0.0	0.0	0.0	0.0	0.0	0.0
202605	400A10300	77	部門共通（経費）	2315893.0	2121113.0	2131476.0	24.6	100.4	92.0
202605	400A10300	78	グループ共通	352200.0	352200.0	352200.0	4.0	100.0	100.0
202605	400A10300	79	差引収益	-1435539.0	-9549350.0	41307.0		0.0	0.0
202605	400A10300	80	差引比率	-2.0	-19.8	0.0		0.0	0.0
202605	400A10300	81	総時間	3505.5	3422.75	3550.5		103.7	101.2
202605	400A10300	82	定時間	1816.0	1758.0	1870.25	52.6	106.3	102.9
202605	400A10300	83	残業時間	292.0	280.0	304.0	8.5	108.5	104.1
202605	400A10300	84	移動時間	-3.0	-3.0	-3.75	0.0	0.0	0.0
202605	400A10300	85	部門共通（時間）	1400.5	1387.75	1380.0	38.8	99.4	98.5
202605	400A10300	86	当月時間当り	-409.5	-2789.9	11.6		0.0	0.0
202605	400A10300	87	人員	13.0	13.0	13.0		100.0	100.0
202605	400A30100	1	総出荷	23000000.0	19013909.0	19012389.0		99.9	82.6
202605	400A30100	2	社外売	23000000.0	19013909.0	19012389.0	100.0	99.9	82.6
202605	400A30100	3	社内売	0.0	0.0	0.0	0.0	0.0	0.0
202605	400A30100	4	社内仕入	4700000.0	18800000.0	134551.0		0.7	2.8
202605	400A30100	5	仕掛1	0.0	0.0	0.0		0.0	0.0
202605	400A30100	6	総生産	18300000.0	213909.0	18877838.0			103.1
202605	400A30100	7	経費合計	25416938.0	15591664.0	24783448.0		158.9	97.5
202605	400A30100	8	経費合計(原価)	20417000.0	11275000.0	20296604.0	81.8	180.0	99.4
202605	400A30100	9	仕掛2	0.0	0.0	0.0	0.0	0.0	0.0
202605	400A30100	10	商品仕入高	11800000.0	5900000.0	17244960.0	84.9	292.2	146.1
202605	400A30100	11	原材料費	0.0	0.0	0.0	0.0	0.0	0.0
202605	400A30100	12	外注加工費	8120000.0	4950000.0	3002000.0	14.7	60.6	36.9
202605	400A30100	13	その他 直接経費	497000.0	425000.0	49644.0	0.2	11.6	9.9
202605	400A30100	14	他勘定振替高	0.0	0.0	0.0	0.0	0.0	0.0
202605	400A30100	15	経費合計（販管費）	4999938.0	4316664.0	4486844.0	18.1	103.9	89.7
202605	400A30100	16	減価償却費	10298.0	10298.0	6742.0	0.1	65.4	65.4
202605	400A30100	17	車両費	269268.0	269268.0	296624.0	6.6	110.1	110.1
202605	400A30100	18	旅費交通費	35000.0	35000.0	33282.0	0.7	95.0	95.0
202605	400A30100	19	荷造運搬費	0.0	0.0	0.0	0.0	0.0	0.0
202605	400A30100	20	通信費	18343.0	18843.0	11566.0	0.2	61.3	63.0
202605	400A30100	21	水道光熱費	53000.0	53000.0	31265.0	0.6	58.9	58.9
202605	400A30100	22	動力費	0.0	0.0	0.0	0.0	0.0	0.0
202605	400A30100	23	事務用品費	14700.0	14700.0	8589.0	0.1	58.4	58.4
202605	400A30100	24	消耗品費	10500.0	10500.0	3716.0	0.0	35.3	35.3
202605	400A30100	25	廃棄物処理料	28750.0	28750.0	136750.0	3.0	475.6	475.6
202605	400A30100	26	広告宣伝費	0.0	0.0	0.0	0.0	0.0	0.0
202605	400A30100	27	接待交際費	0.0	0.0	0.0	0.0	0.0	0.0
202605	400A30100	28	研究開発費	0.0	0.0	0.0	0.0	0.0	0.0
202605	400A30100	29	アフターサービス費	0.0	0.0	0.0	0.0	0.0	0.0
202605	400A30100	30	クレーム費	0.0	0.0	0.0	0.0	0.0	0.0
202605	400A30100	31	賃借料	224227.0	224227.0	224228.0	4.9	100.0	100.0
202605	400A30100	32	賃貸料収入	-11787.0	-11787.0	-12650.0	0.0	0.0	0.0
202605	400A30100	33	修繕費	0.0	0.0	0.0	0.0	0.0	0.0
202605	400A30100	34	支払リース料	0.0	0.0	0.0	0.0	0.0	0.0
202605	400A30100	35	保険料	0.0	0.0	4098.0	0.0	0.0	0.0
202605	400A30100	36	支払報酬	0.0	0.0	0.0	0.0	0.0	0.0
202605	400A30100	37	販売手数料	0.0	0.0	0.0	0.0	0.0	0.0
202605	400A30100	38	支払手数料	3726.0	3726.0	3888.0	0.0	104.3	104.3
202605	400A30100	39	診断料	0.0	0.0	0.0	0.0	0.0	0.0
202605	400A30100	40	諸会費	0.0	0.0	0.0	0.0	0.0	0.0
202605	400A30100	41	会議費	0.0	0.0	0.0	0.0	0.0	0.0
202605	400A30100	42	寄付金	0.0	0.0	0.0	0.0	0.0	0.0
202605	400A30100	43	租税公課	0.0	0.0	0.0	0.0	0.0	0.0
202605	400A30100	44	業務委託費	0.0	0.0	0.0	0.0	0.0	0.0
202605	400A30100	45	業務受託収入	0.0	0.0	0.0	0.0	0.0	0.0
202605	400A30100	46	システム管理料	0.0	0.0	0.0	0.0	0.0	0.0
202605	400A30100	47	情報機器利用料	96210.0	96210.0	129810.0	2.8	134.9	134.9
202605	400A30100	48	貸倒金	0.0	0.0	0.0	0.0	0.0	0.0
202605	400A30100	49	雑費	500.0	500.0	500.0	0.0	100.0	100.0
202605	400A30100	50	福利消耗品費	3000.0	3000.0	0.0	0.0	0.0	0.0
202605	400A30100	51	教育研修費	20000.0	20000.0	0.0	0.0	0.0	0.0
202605	400A30100	52	廃棄損・減耗損	0.0	0.0	0.0	0.0	0.0	0.0
202605	400A30100	53	雑給	0.0	0.0	0.0	0.0	0.0	0.0
202605	400A30100	54	社内金利（固定資産）	3659.0	3659.0	1143.0	0.0	31.2	31.2
202605	400A30100	55	社内金利（売掛金）	0.0	0.0	0.0	0.0	0.0	0.0
202605	400A30100	56	社内金利（在庫）	0.0	0.0	0.0	0.0	0.0	0.0
202605	400A30100	57	営業口銭①（新築）	0.0	0.0	0.0	0.0	0.0	0.0
202605	400A30100	58	営業口銭②（リフォ）	3450000.0	2852086.0	2851855.0	63.5	99.9	82.6
202605	400A30100	59	開発口銭	0.0	0.0	0.0	0.0	0.0	0.0
202605	400A30100	60	部門共通（経費）	720044.0	634184.0	704938.0	15.7	111.1	97.9
202605	400A30100	61	グループ共通	50500.0	50500.0	50500.0	1.1	100.0	100.0
202605	400A30100	62	差引収益	-7116938.0	-15377755.0	-5905610.0		0.0	0.0
202605	400A30100	63	差引比率	-38.8	-7188.9	-31.2		0.0	0.0
202605	400A30100	64	総時間	983.5	957.0	783.5		81.8	79.6
202605	400A30100	65	定時間	432.0	414.0	407.0	51.9	98.3	94.2
202605	400A30100	66	残業時間	65.0	60.0	53.75	6.8	89.5	82.6
202605	400A30100	67	移動時間	161.0	161.0	0.0	0.0	0.0	0.0
202605	400A30100	68	部門共通（時間）	325.5	322.0	322.75	41.1	100.2	99.1
202605	400A30100	69	当月時間当り	-7236.3	-16068.7	-7537.4		0.0	0.0
202605	400A30100	70	人員	3.0	3.0	3.0		100.0	100.0
202605	040A10200	1	総受注高	800000.0	800000.0	3812878.0		476.6	476.6
202605	040A10200	2	【新築】受注高	0.0	0.0	0.0	0.0	0.0	0.0
202605	040A10200	3	【リフォ】受注高	0.0	0.0	3000000.0	78.6	0.0	0.0
202605	040A10200	4	【資材】受注高	800000.0	800000.0	812878.0	21.3	101.6	101.6
202605	040A10200	5	総売上高	800000.0	800000.0	1386018.0		173.2	173.2
202605	040A10200	6	【新築】売上高	0.0	0.0	0.0	0.0	0.0	0.0
202605	040A10200	7	【リフォ】売上高	0.0	0.0	0.0	0.0	0.0	0.0
202605	040A10200	8	【資材】売上高	800000.0	800000.0	1386018.0	100.0	173.2	173.2
202605	040A10200	9	【新築】インセンティブ	0.0	0.0	0.0	0.0	0.0	0.0
202605	040A10200	10	【リフォ】インセンティブ	0.0	0.0	0.0	0.0	0.0	0.0
202605	040A10200	11	【資材】インセンティブ	0.0	0.0	0.0	0.0	0.0	0.0
202605	040A10200	12	収益①（営業口銭）	0.0	0.0	0.0		0.0	0.0
202605	040A10200	13	【新築】収益①(営業口銭)	0.0	0.0	0.0		0.0	0.0
202605	040A10200	14	【リフォ】収益①(営業口銭)	0.0	0.0	0.0		0.0	0.0
202605	040A10200	15	【資材】売上原価	640000.0	640000.0	1189804.0		185.9	185.9
202605	040A10200	16	収益②（資材）	160000.0	160000.0	196214.0		122.6	122.6
202605	040A10200	17	総収益	160000.0	160000.0	196214.0		122.6	122.6
202605	040A10200	18	経費合計	589299.0	482841.0	466306.0		96.5	79.1
202605	040A10200	19	減価償却費	0.0	0.0	0.0	0.0	0.0	0.0
202605	040A10200	20	車両費	0.0	0.0	0.0	0.0	0.0	0.0
202605	040A10200	21	旅費交通費	70000.0	70000.0	44900.0	9.6	64.1	64.1
202605	040A10200	22	荷造運搬費	0.0	0.0	0.0	0.0	0.0	0.0
202605	040A10200	23	通信費	0.0	0.0	0.0	0.0	0.0	0.0
202605	040A10200	24	水道光熱費	0.0	0.0	0.0	0.0	0.0	0.0
202605	040A10200	25	動力費	0.0	0.0	0.0	0.0	0.0	0.0
202605	040A10200	26	事務用品費	0.0	0.0	0.0	0.0	0.0	0.0
202605	040A10200	27	消耗品費	0.0	0.0	0.0	0.0	0.0	0.0
202605	040A10200	28	廃棄物処理料	0.0	0.0	0.0	0.0	0.0	0.0
202605	040A10200	29	広告宣伝費	0.0	0.0	0.0	0.0	0.0	0.0
202605	040A10200	30	接待交際費	0.0	0.0	0.0	0.0	0.0	0.0
202605	040A10200	31	研究開発費	0.0	0.0	0.0	0.0	0.0	0.0
202605	040A10200	32	アフターサービス費	0.0	0.0	0.0	0.0	0.0	0.0
202605	040A10200	33	クレーム費	0.0	0.0	0.0	0.0	0.0	0.0
202605	040A10200	34	賃借料	14900.0	14900.0	14900.0	3.1	100.0	100.0
202605	040A10200	35	賃貸料収入	0.0	0.0	0.0	0.0	0.0	0.0
202605	040A10200	36	修繕費	0.0	0.0	0.0	0.0	0.0	0.0
202605	040A10200	37	支払リース料	0.0	0.0	0.0	0.0	0.0	0.0
202605	040A10200	38	保険料	0.0	0.0	0.0	0.0	0.0	0.0
202605	040A10200	39	支払報酬	0.0	0.0	0.0	0.0	0.0	0.0
202605	040A10200	40	販売手数料	0.0	0.0	0.0	0.0	0.0	0.0
202605	040A10200	41	支払手数料	0.0	0.0	0.0	0.0	0.0	0.0
202605	040A10200	42	診断料	0.0	0.0	0.0	0.0	0.0	0.0
202605	040A10200	43	諸会費	0.0	0.0	0.0	0.0	0.0	0.0
202605	040A10200	44	会議費	0.0	0.0	0.0	0.0	0.0	0.0
202605	040A10200	45	寄付金	0.0	0.0	0.0	0.0	0.0	0.0
202605	040A10200	46	租税公課	0.0	0.0	0.0	0.0	0.0	0.0
202605	040A10200	47	業務委託費	0.0	0.0	0.0	0.0	0.0	0.0
202605	040A10200	48	業務受託収入	0.0	0.0	0.0	0.0	0.0	0.0
202605	040A10200	49	システム管理料	0.0	0.0	0.0	0.0	0.0	0.0
202605	040A10200	50	情報機器利用料	0.0	0.0	0.0	0.0	0.0	0.0
202605	040A10200	51	貸倒金	0.0	0.0	0.0	0.0	0.0	0.0
202605	040A10200	52	雑費	0.0	0.0	0.0	0.0	0.0	0.0
202605	040A10200	53	福利消耗品費	0.0	0.0	0.0	0.0	0.0	0.0
202605	040A10200	54	教育研修費	0.0	0.0	0.0	0.0	0.0	0.0
202605	040A10200	55	廃棄損・減耗損	0.0	0.0	0.0	0.0	0.0	0.0
202605	040A10200	56	雑給	0.0	0.0	0.0	0.0	0.0	0.0
202605	040A10200	57	社内金利（固定資産）	0.0	0.0	0.0	0.0	0.0	0.0
202605	040A10200	58	社内金利（売掛金）	50000.0	50000.0	59751.0	12.8	119.5	119.5
202605	040A10200	59	社内金利（在庫）	0.0	0.0	0.0	0.0	0.0	0.0
202605	040A10200	60	開発口銭	0.0	0.0	0.0	0.0	0.0	0.0
202605	040A10200	61	部門共通（経費）	454399.0	347941.0	346755.0	74.3	99.6	76.3
202605	040A10200	62	グループ共通	0.0	0.0	0.0	0.0	0.0	0.0
202605	040A10200	63	差引収益	-429299.0	-322841.0	-270092.0		0.0	0.0
202605	040A10200	64	差引比率	-53.6	-40.3	-19.4		0.0	0.0
202605	040A10200	65	総時間	309.75	309.75	303.75		98.0	98.0
202605	040A10200	66	定時間	0.0	0.0	0.0	0.0	0.0	0.0
202605	040A10200	67	残業時間	0.0	0.0	0.0	0.0	0.0	0.0
202605	040A10200	68	移動時間	90.0	90.0	90.0	29.6	100.0	100.0
202605	040A10200	69	部門共通（時間）	219.75	219.75	213.75	70.3	97.2	97.2
202605	040A10200	70	当月時間当り	-1385.9	-1042.2	-889.1		0.0	0.0
202605	040A10200	71	人員	0.0	0.0	0.0		0.0	0.0
202605	040A10400	1	総受注高	800000.0	800000.0	3812878.0		476.6	476.6
202605	040A10400	2	【新築】受注高	0.0	0.0	0.0	0.0	0.0	0.0
202605	040A10400	3	【リフォ】受注高	0.0	0.0	3000000.0	78.6	0.0	0.0
202605	040A10400	4	【資材】受注高	800000.0	800000.0	812878.0	21.3	101.6	101.6
202605	040A10400	5	総売上高	800000.0	800000.0	1386018.0		173.2	173.2
202605	040A10400	6	【新築】売上高	0.0	0.0	0.0	0.0	0.0	0.0
202605	040A10400	7	【リフォ】売上高	0.0	0.0	0.0	0.0	0.0	0.0
202605	040A10400	8	【資材】売上高	800000.0	800000.0	1386018.0	100.0	173.2	173.2
202605	040A10400	9	【新築】インセンティブ	0.0	0.0	0.0	0.0	0.0	0.0
202605	040A10400	10	【リフォ】インセンティブ	0.0	0.0	0.0	0.0	0.0	0.0
202605	040A10400	11	【資材】インセンティブ	0.0	0.0	0.0	0.0	0.0	0.0
202605	040A10400	12	収益①（営業口銭）	0.0	0.0	0.0		0.0	0.0
202605	040A10400	13	【新築】収益①(営業口銭)	0.0	0.0	0.0		0.0	0.0
202605	040A10400	14	【リフォ】収益①(営業口銭)	0.0	0.0	0.0		0.0	0.0
202605	040A10400	15	【資材】売上原価	640000.0	640000.0	1189804.0		185.9	185.9
202605	040A10400	16	収益②（資材）	160000.0	160000.0	196214.0		122.6	122.6
202605	040A10400	17	総収益	160000.0	160000.0	196214.0		122.6	122.6
202605	040A10400	18	総出荷	0.0	0.0	0.0		0.0	0.0
202605	040A10400	19	社外売	0.0	0.0	0.0	0.0	0.0	0.0
202605	040A10400	20	社内売	0.0	0.0	0.0	0.0	0.0	0.0
202605	040A10400	21	社内仕入	0.0	0.0	61120.0		0.0	0.0
202605	040A10400	22	仕掛1	0.0	0.0	0.0		0.0	0.0
202605	040A10400	23	総生産	0.0	0.0	-61120.0		0.0	0.0
202605	040A10400	24	経費合計	783577.0	6693522.0	8421399.0		125.8	
202605	040A10400	25	経費合計(原価)	0.0	6042350.0	7757334.0	92.1	128.3	0.0
202605	040A10400	26	仕掛2	0.0	0.0	0.0	0.0	0.0	0.0
202605	040A10400	27	商品仕入高	0.0	3560000.0	4925216.0	63.4	138.3	0.0
202605	040A10400	28	原材料費	0.0	0.0	0.0	0.0	0.0	0.0
202605	040A10400	29	外注加工費	0.0	2482350.0	2100000.0	27.0	84.5	0.0
202605	040A10400	30	その他 直接経費	0.0	0.0	732118.0	9.4	0.0	0.0
202605	040A10400	31	他勘定振替高	0.0	0.0	0.0	0.0	0.0	0.0
202605	040A10400	32	経費合計（販管費）	783577.0	651172.0	664065.0	7.8	101.9	84.7
202605	040A10400	33	減価償却費	0.0	0.0	0.0	0.0	0.0	0.0
202605	040A10400	34	車両費	0.0	0.0	0.0	0.0	0.0	0.0
202605	040A10400	35	旅費交通費	70000.0	70000.0	44900.0	6.7	64.1	64.1
202605	040A10400	36	荷造運搬費	0.0	0.0	0.0	0.0	0.0	0.0
202605	040A10400	37	通信費	0.0	0.0	0.0	0.0	0.0	0.0
202605	040A10400	38	水道光熱費	0.0	0.0	0.0	0.0	0.0	0.0
202605	040A10400	39	動力費	0.0	0.0	0.0	0.0	0.0	0.0
202605	040A10400	40	事務用品費	0.0	0.0	0.0	0.0	0.0	0.0
202605	040A10400	41	消耗品費	0.0	0.0	0.0	0.0	0.0	0.0
202605	040A10400	42	廃棄物処理料	0.0	0.0	0.0	0.0	0.0	0.0
202605	040A10400	43	広告宣伝費	0.0	0.0	0.0	0.0	0.0	0.0
202605	040A10400	44	接待交際費	0.0	0.0	0.0	0.0	0.0	0.0
202605	040A10400	45	研究開発費	0.0	0.0	0.0	0.0	0.0	0.0
202605	040A10400	46	アフターサービス費	0.0	0.0	0.0	0.0	0.0	0.0
202605	040A10400	47	クレーム費	0.0	0.0	0.0	0.0	0.0	0.0
202605	040A10400	48	賃借料	14900.0	14900.0	14900.0	2.2	100.0	100.0
202605	040A10400	49	賃貸料収入	0.0	0.0	0.0	0.0	0.0	0.0
202605	040A10400	50	修繕費	0.0	0.0	0.0	0.0	0.0	0.0
202605	040A10400	51	支払リース料	0.0	0.0	0.0	0.0	0.0	0.0
202605	040A10400	52	保険料	0.0	0.0	0.0	0.0	0.0	0.0
202605	040A10400	53	支払報酬	0.0	0.0	0.0	0.0	0.0	0.0
202605	040A10400	54	販売手数料	0.0	0.0	0.0	0.0	0.0	0.0
202605	040A10400	55	支払手数料	0.0	0.0	0.0	0.0	0.0	0.0
202605	040A10400	56	診断料	0.0	0.0	0.0	0.0	0.0	0.0
202605	040A10400	57	諸会費	0.0	0.0	0.0	0.0	0.0	0.0
202605	040A10400	58	会議費	0.0	0.0	0.0	0.0	0.0	0.0
202605	040A10400	59	寄付金	0.0	0.0	0.0	0.0	0.0	0.0
202605	040A10400	60	租税公課	0.0	0.0	0.0	0.0	0.0	0.0
202605	040A10400	61	業務委託費	0.0	0.0	0.0	0.0	0.0	0.0
202605	040A10400	62	業務受託収入	0.0	0.0	0.0	0.0	0.0	0.0
202605	040A10400	63	システム管理料	0.0	0.0	0.0	0.0	0.0	0.0
202605	040A10400	64	情報機器利用料	0.0	0.0	0.0	0.0	0.0	0.0
202605	040A10400	65	貸倒金	0.0	0.0	0.0	0.0	0.0	0.0
202605	040A10400	66	雑費	0.0	0.0	0.0	0.0	0.0	0.0
202605	040A10400	67	福利消耗品費	0.0	0.0	0.0	0.0	0.0	0.0
202605	040A10400	68	教育研修費	0.0	0.0	0.0	0.0	0.0	0.0
202605	040A10400	69	廃棄損・減耗損	0.0	0.0	0.0	0.0	0.0	0.0
202605	040A10400	70	雑給	0.0	0.0	0.0	0.0	0.0	0.0
202605	040A10400	71	社内金利（固定資産）	0.0	0.0	0.0	0.0	0.0	0.0
202605	040A10400	72	社内金利（売掛金）	50000.0	50000.0	59751.0	8.9	119.5	119.5
202605	040A10400	73	社内金利（在庫）	0.0	0.0	0.0	0.0	0.0	0.0
202605	040A10400	74	営業口銭①（新築）	0.0	0.0	0.0	0.0	0.0	0.0
202605	040A10400	75	営業口銭②（リフォ）	0.0	0.0	0.0	0.0	0.0	0.0
202605	040A10400	76	開発口銭	0.0	0.0	0.0	0.0	0.0	0.0
202605	040A10400	77	部門共通（経費）	648677.0	516272.0	544514.0	81.9	105.4	83.9
202605	040A10400	78	グループ共通	0.0	0.0	0.0	0.0	0.0	0.0
202605	040A10400	79	差引収益	-623577.0	-6533522.0	-8286305.0		0.0	0.0
202605	040A10400	80	差引比率	-77.9	-816.6	-625.4		0.0	0.0
202605	040A10400	81	総時間	477.0	477.0	470.75		98.6	98.6
202605	040A10400	82	定時間	0.0	0.0	0.0	0.0	0.0	0.0
202605	040A10400	83	残業時間	0.0	0.0	0.0	0.0	0.0	0.0
202605	040A10400	84	移動時間	180.0	180.0	180.0	38.2	100.0	100.0
202605	040A10400	85	部門共通（時間）	297.0	297.0	290.75	61.7	97.8	97.8
202605	040A10400	86	当月時間当り	-1307.2	-13697.1	-17602.3		0.0	0.0
202605	040A10400	87	人員	0.0	0.0	0.0		0.0	0.0
202605	040A30201	1	総出荷	0.0	0.0	0.0		0.0	0.0
202605	040A30201	2	社外売	0.0	0.0	0.0	0.0	0.0	0.0
202605	040A30201	3	社内売	0.0	0.0	0.0	0.0	0.0	0.0
202605	040A30201	4	社内仕入	0.0	0.0	61120.0		0.0	0.0
202605	040A30201	5	仕掛1	0.0	0.0	0.0		0.0	0.0
202605	040A30201	6	総生産	0.0	0.0	-61120.0		0.0	0.0
202605	040A30201	7	経費合計	194278.0	6210681.0	7955093.0		128.0	
202605	040A30201	8	経費合計(原価)	0.0	6042350.0	7757334.0	97.5	128.3	0.0
202605	040A30201	9	仕掛2	0.0	0.0	0.0	0.0	0.0	0.0
202605	040A30201	10	商品仕入高	0.0	3560000.0	4925216.0	63.4	138.3	0.0
202605	040A30201	11	原材料費	0.0	0.0	0.0	0.0	0.0	0.0
202605	040A30201	12	外注加工費	0.0	2482350.0	2100000.0	27.0	84.5	0.0
202605	040A30201	13	その他 直接経費	0.0	0.0	732118.0	9.4	0.0	0.0
202605	040A30201	14	他勘定振替高	0.0	0.0	0.0	0.0	0.0	0.0
202605	040A30201	15	経費合計（販管費）	194278.0	168331.0	197759.0	2.4	117.4	101.7
202605	040A30201	16	減価償却費	0.0	0.0	0.0	0.0	0.0	0.0
202605	040A30201	17	車両費	0.0	0.0	0.0	0.0	0.0	0.0
202605	040A30201	18	旅費交通費	0.0	0.0	0.0	0.0	0.0	0.0
202605	040A30201	19	荷造運搬費	0.0	0.0	0.0	0.0	0.0	0.0
202605	040A30201	20	通信費	0.0	0.0	0.0	0.0	0.0	0.0
202605	040A30201	21	水道光熱費	0.0	0.0	0.0	0.0	0.0	0.0
202605	040A30201	22	動力費	0.0	0.0	0.0	0.0	0.0	0.0
202605	040A30201	23	事務用品費	0.0	0.0	0.0	0.0	0.0	0.0
202605	040A30201	24	消耗品費	0.0	0.0	0.0	0.0	0.0	0.0
202605	040A30201	25	廃棄物処理料	0.0	0.0	0.0	0.0	0.0	0.0
202605	040A30201	26	広告宣伝費	0.0	0.0	0.0	0.0	0.0	0.0
202605	040A30201	27	接待交際費	0.0	0.0	0.0	0.0	0.0	0.0
202605	040A30201	28	研究開発費	0.0	0.0	0.0	0.0	0.0	0.0
202605	040A30201	29	アフターサービス費	0.0	0.0	0.0	0.0	0.0	0.0
202605	040A30201	30	クレーム費	0.0	0.0	0.0	0.0	0.0	0.0
202605	040A30201	31	賃借料	0.0	0.0	0.0	0.0	0.0	0.0
202605	040A30201	32	賃貸料収入	0.0	0.0	0.0	0.0	0.0	0.0
202605	040A30201	33	修繕費	0.0	0.0	0.0	0.0	0.0	0.0
202605	040A30201	34	支払リース料	0.0	0.0	0.0	0.0	0.0	0.0
202605	040A30201	35	保険料	0.0	0.0	0.0	0.0	0.0	0.0
202605	040A30201	36	支払報酬	0.0	0.0	0.0	0.0	0.0	0.0
202605	040A30201	37	販売手数料	0.0	0.0	0.0	0.0	0.0	0.0
202605	040A30201	38	支払手数料	0.0	0.0	0.0	0.0	0.0	0.0
202605	040A30201	39	診断料	0.0	0.0	0.0	0.0	0.0	0.0
202605	040A30201	40	諸会費	0.0	0.0	0.0	0.0	0.0	0.0
202605	040A30201	41	会議費	0.0	0.0	0.0	0.0	0.0	0.0
202605	040A30201	42	寄付金	0.0	0.0	0.0	0.0	0.0	0.0
202605	040A30201	43	租税公課	0.0	0.0	0.0	0.0	0.0	0.0
202605	040A30201	44	業務委託費	0.0	0.0	0.0	0.0	0.0	0.0
202605	040A30201	45	業務受託収入	0.0	0.0	0.0	0.0	0.0	0.0
202605	040A30201	46	システム管理料	0.0	0.0	0.0	0.0	0.0	0.0
202605	040A30201	47	情報機器利用料	0.0	0.0	0.0	0.0	0.0	0.0
202605	040A30201	48	貸倒金	0.0	0.0	0.0	0.0	0.0	0.0
202605	040A30201	49	雑費	0.0	0.0	0.0	0.0	0.0	0.0
202605	040A30201	50	福利消耗品費	0.0	0.0	0.0	0.0	0.0	0.0
202605	040A30201	51	教育研修費	0.0	0.0	0.0	0.0	0.0	0.0
202605	040A30201	52	廃棄損・減耗損	0.0	0.0	0.0	0.0	0.0	0.0
202605	040A30201	53	雑給	0.0	0.0	0.0	0.0	0.0	0.0
202605	040A30201	54	社内金利（固定資産）	0.0	0.0	0.0	0.0	0.0	0.0
202605	040A30201	55	社内金利（売掛金）	0.0	0.0	0.0	0.0	0.0	0.0
202605	040A30201	56	社内金利（在庫）	0.0	0.0	0.0	0.0	0.0	0.0
202605	040A30201	57	営業口銭①（新築）	0.0	0.0	0.0	0.0	0.0	0.0
202605	040A30201	58	営業口銭②（リフォ）	0.0	0.0	0.0	0.0	0.0	0.0
202605	040A30201	59	開発口銭	0.0	0.0	0.0	0.0	0.0	0.0
202605	040A30201	60	部門共通（経費）	194278.0	168331.0	197759.0	100.0	117.4	101.7
202605	040A30201	61	グループ共通	0.0	0.0	0.0	0.0	0.0	0.0
202605	040A30201	62	差引収益	-194278.0	-6210681.0	-8016213.0		0.0	0.0
202605	040A30201	63	差引比率	0.0	0.0	13115.5		0.0	0.0
202605	040A30201	64	総時間	167.25	167.25	167.0		99.8	99.8
202605	040A30201	65	定時間	0.0	0.0	0.0	0.0	0.0	0.0
202605	040A30201	66	残業時間	0.0	0.0	0.0	0.0	0.0	0.0
202605	040A30201	67	移動時間	90.0	90.0	90.0	53.8	100.0	100.0
202605	040A30201	68	部門共通（時間）	77.25	77.25	77.0	46.1	99.6	99.6
202605	040A30201	69	当月時間当り	-1161.6	-37134.1	-48001.2		0.0	0.0
202605	040A30201	70	人員	0.0	0.0	0.0		0.0	0.0
202605	230H61210	1	総受注高	0.0	0.0	0.0		0.0	0.0
202605	230H61210	2	【新築】受注高	0.0	0.0	0.0	0.0	0.0	0.0
202605	230H61210	3	【リフォ】受注高	0.0	0.0	0.0	0.0	0.0	0.0
202605	230H61210	4	【資材】受注高	0.0	0.0	0.0	0.0	0.0	0.0
202605	230H61210	5	総売上高	0.0	0.0	0.0		0.0	0.0
202605	230H61210	6	【新築】売上高	0.0	0.0	0.0	0.0	0.0	0.0
202605	230H61210	7	【リフォ】売上高	0.0	0.0	0.0	0.0	0.0	0.0
202605	230H61210	8	【資材】売上高	0.0	0.0	0.0	0.0	0.0	0.0
202605	230H61210	9	【新築】インセンティブ	0.0	0.0	0.0	0.0	0.0	0.0
202605	230H61210	10	【リフォ】インセンティブ	0.0	0.0	0.0	0.0	0.0	0.0
202605	230H61210	11	【資材】インセンティブ	0.0	0.0	0.0	0.0	0.0	0.0
202605	230H61210	12	収益①（営業口銭）	0.0	0.0	0.0		0.0	0.0
202605	230H61210	13	【新築】収益①(営業口銭)	0.0	0.0	0.0		0.0	0.0
202605	230H61210	14	【リフォ】収益①(営業口銭)	0.0	0.0	0.0		0.0	0.0
202605	230H61210	15	【資材】売上原価	0.0	0.0	0.0		0.0	0.0
202605	230H61210	16	収益②（資材）	0.0	0.0	0.0		0.0	0.0
202605	230H61210	17	総収益	0.0	0.0	0.0		0.0	0.0
202605	230H61210	18	経費合計	0.0	0.0	0.0		0.0	0.0
202605	230H61210	19	減価償却費	0.0	0.0	0.0	0.0	0.0	0.0
202605	230H61210	20	車両費	22905.0	22505.0	22232.0	0.0	98.7	97.0
202605	230H61210	21	旅費交通費	7320.0	0.0	6655.0	0.0	0.0	90.9
202605	230H61210	22	荷造運搬費	74370.0	74370.0	0.0	0.0	0.0	0.0
202605	230H61210	23	通信費	74649.0	43607.0	38780.0	0.0	88.9	51.9
202605	230H61210	24	水道光熱費	20371.0	20371.0	18758.0	0.0	92.0	92.0
202605	230H61210	25	動力費	0.0	0.0	0.0	0.0	0.0	0.0
202605	230H61210	26	事務用品費	2932.0	6253.0	6868.0	0.0	109.8	234.2
202605	230H61210	27	消耗品費	5966.0	4081.0	3335.0	0.0	81.7	55.9
202605	230H61210	28	廃棄物処理料	2625.0	2625.0	0.0	0.0	0.0	0.0
202605	230H61210	29	広告宣伝費	0.0	0.0	0.0	0.0	0.0	0.0
202605	230H61210	30	接待交際費	0.0	0.0	0.0	0.0	0.0	0.0
202605	230H61210	31	研究開発費	0.0	0.0	0.0	0.0	0.0	0.0
202605	230H61210	32	アフターサービス費	0.0	0.0	0.0	0.0	0.0	0.0
202605	230H61210	33	クレーム費	0.0	0.0	0.0	0.0	0.0	0.0
202605	230H61210	34	賃借料	498440.0	498440.0	498440.0	0.0	100.0	100.0
202605	230H61210	35	賃貸料収入	0.0	0.0	0.0	0.0	0.0	0.0
202605	230H61210	36	修繕費	0.0	0.0	0.0	0.0	0.0	0.0
202605	230H61210	37	支払リース料	700.0	700.0	3028.0	0.0	432.5	432.5
202605	230H61210	38	保険料	0.0	0.0	0.0	0.0	0.0	0.0
202605	230H61210	39	支払報酬	50000.0	50000.0	50000.0	0.0	100.0	100.0
202605	230H61210	40	販売手数料	0.0	0.0	0.0	0.0	0.0	0.0
202605	230H61210	41	支払手数料	2200.0	2200.0	220.0	0.0	10.0	10.0
202605	230H61210	42	診断料	0.0	0.0	0.0	0.0	0.0	0.0
202605	230H61210	43	諸会費	0.0	0.0	0.0	0.0	0.0	0.0
202605	230H61210	44	会議費	0.0	0.0	0.0	0.0	0.0	0.0
202605	230H61210	45	寄付金	0.0	0.0	0.0	0.0	0.0	0.0
202605	230H61210	46	租税公課	0.0	0.0	0.0	0.0	0.0	0.0
202605	230H61210	47	業務委託費	0.0	0.0	0.0	0.0	0.0	0.0
202605	230H61210	48	業務受託収入	0.0	0.0	0.0	0.0	0.0	0.0
202605	230H61210	49	システム管理料	0.0	0.0	0.0	0.0	0.0	0.0
202605	230H61210	50	情報機器利用料	402820.0	402820.0	424670.0	0.0	105.4	105.4
202605	230H61210	51	貸倒金	0.0	0.0	0.0	0.0	0.0	0.0
202605	230H61210	52	雑費	1133.0	0.0	2332.0	0.0	0.0	205.8
202605	230H61210	53	福利消耗品費	16510.0	15405.0	2163.0	0.0	14.0	13.1
202605	230H61210	54	教育研修費	1220.0	1220.0	1220.0	0.0	100.0	100.0
202605	230H61210	55	廃棄損・減耗損	0.0	0.0	0.0	0.0	0.0	0.0
202605	230H61210	56	雑給	0.0	0.0	0.0	0.0	0.0	0.0
202605	230H61210	57	社内金利（固定資産）	0.0	0.0	0.0	0.0	0.0	0.0
202605	230H61210	58	社内金利（売掛金）	0.0	0.0	0.0	0.0	0.0	0.0
202605	230H61210	59	社内金利（在庫）	0.0	0.0	0.0	0.0	0.0	0.0
202605	230H61210	60	開発口銭	0.0	0.0	0.0	0.0	0.0	0.0
202605	230H61210	61	部門共通（経費）	-1356361.0	-1316797.0	-1250901.0	0.0	0.0	0.0
202605	230H61210	62	グループ共通	172200.0	172200.0	172200.0	0.0	100.0	100.0
202605	230H61210	63	差引収益	0.0	0.0	0.0		0.0	0.0
202605	230H61210	64	差引比率	0.0	0.0	0.0		0.0	0.0
202605	230H61210	65	総時間	0.0	0.0	0.0		0.0	0.0
202605	230H61210	66	定時間	1008.0	1008.0	1043.0	0.0	103.4	103.4
202605	230H61210	67	残業時間	118.0	130.0	208.75	0.0	160.5	176.9
202605	230H61210	68	移動時間	-125.0	-140.0	-151.5	0.0	0.0	0.0
202605	230H61210	69	部門共通（時間）	-1001.0	-998.0	-1100.25	0.0	0.0	0.0
202605	230H61210	70	当月時間当り	0.0	0.0	0.0		0.0	0.0
202605	230H61210	71	人員	8.0	8.0	8.0		100.0	100.0
202605	230H61100	1	総受注高	0.0	0.0	0.0		0.0	0.0
202605	230H61100	2	【新築】受注高	0.0	0.0	0.0	0.0	0.0	0.0
202605	230H61100	3	【リフォ】受注高	0.0	0.0	0.0	0.0	0.0	0.0
202605	230H61100	4	【資材】受注高	0.0	0.0	0.0	0.0	0.0	0.0
202605	230H61100	5	総売上高	0.0	0.0	0.0		0.0	0.0
202605	230H61100	6	【新築】売上高	0.0	0.0	0.0	0.0	0.0	0.0
202605	230H61100	7	【リフォ】売上高	0.0	0.0	0.0	0.0	0.0	0.0
202605	230H61100	8	【資材】売上高	0.0	0.0	0.0	0.0	0.0	0.0
202605	230H61100	9	【新築】インセンティブ	0.0	0.0	0.0	0.0	0.0	0.0
202605	230H61100	10	【リフォ】インセンティブ	0.0	0.0	0.0	0.0	0.0	0.0
202605	230H61100	11	【資材】インセンティブ	0.0	0.0	0.0	0.0	0.0	0.0
202605	230H61100	12	収益①（営業口銭）	0.0	0.0	0.0		0.0	0.0
202605	230H61100	13	【新築】収益①(営業口銭)	0.0	0.0	0.0		0.0	0.0
202605	230H61100	14	【リフォ】収益①(営業口銭)	0.0	0.0	0.0		0.0	0.0
202605	230H61100	15	【資材】売上原価	0.0	0.0	0.0		0.0	0.0
202605	230H61100	16	収益②（資材）	0.0	0.0	0.0		0.0	0.0
202605	230H61100	17	総収益	0.0	0.0	0.0		0.0	0.0
202605	230H61100	18	経費合計	0.0	0.0	0.0		0.0	0.0
202605	230H61100	19	減価償却費	0.0	0.0	0.0	0.0	0.0	0.0
202605	230H61100	20	車両費	22905.0	22505.0	22232.0	0.0	98.7	97.0
202605	230H61100	21	旅費交通費	14320.0	7000.0	18214.0	0.0	260.2	127.1
202605	230H61100	22	荷造運搬費	74370.0	74370.0	0.0	0.0	0.0	0.0
202605	230H61100	23	通信費	84197.0	53155.0	48199.0	0.0	90.6	57.2
202605	230H61100	24	水道光熱費	32016.0	32016.0	29485.0	0.0	92.0	92.0
202605	230H61100	25	動力費	0.0	0.0	0.0	0.0	0.0	0.0
202605	230H61100	26	事務用品費	4550.0	16320.0	10292.0	0.0	63.0	226.1
202605	230H61100	27	消耗品費	9376.0	6414.0	5245.0	0.0	81.7	55.9
202605	230H61100	28	廃棄物処理料	4126.0	4126.0	0.0	0.0	0.0	0.0
202605	230H61100	29	広告宣伝費	0.0	0.0	0.0	0.0	0.0	0.0
202605	230H61100	30	接待交際費	0.0	0.0	0.0	0.0	0.0	0.0
202605	230H61100	31	研究開発費	0.0	0.0	0.0	0.0	0.0	0.0
202605	230H61100	32	アフターサービス費	0.0	0.0	0.0	0.0	0.0	0.0
202605	230H61100	33	クレーム費	0.0	0.0	0.0	0.0	0.0	0.0
202605	230H61100	34	賃借料	783380.0	783380.0	783380.0	0.0	100.0	100.0
202605	230H61100	35	賃貸料収入	0.0	0.0	0.0	0.0	0.0	0.0
202605	230H61100	36	修繕費	0.0	0.0	0.0	0.0	0.0	0.0
202605	230H61100	37	支払リース料	1100.0	1100.0	4761.0	0.0	432.8	432.8
202605	230H61100	38	保険料	186790.0	186790.0	186790.0	0.0	100.0	100.0
202605	230H61100	39	支払報酬	50000.0	50000.0	50000.0	0.0	100.0	100.0
202605	230H61100	40	販売手数料	0.0	0.0	0.0	0.0	0.0	0.0
202605	230H61100	41	支払手数料	2200.0	2200.0	220.0	0.0	10.0	10.0
202605	230H61100	42	診断料	0.0	0.0	0.0	0.0	0.0	0.0
202605	230H61100	43	諸会費	0.0	0.0	0.0	0.0	0.0	0.0
202605	230H61100	44	会議費	0.0	0.0	0.0	0.0	0.0	0.0
202605	230H61100	45	寄付金	0.0	0.0	0.0	0.0	0.0	0.0
202605	230H61100	46	租税公課	0.0	0.0	0.0	0.0	0.0	0.0
202605	230H61100	47	業務委託費	0.0	0.0	0.0	0.0	0.0	0.0
202605	230H61100	48	業務受託収入	0.0	0.0	0.0	0.0	0.0	0.0
202605	230H61100	49	システム管理料	0.0	0.0	0.0	0.0	0.0	0.0
202605	230H61100	50	情報機器利用料	538428.0	538428.0	560278.0	0.0	104.0	104.0
202605	230H61100	51	貸倒金	0.0	0.0	0.0	0.0	0.0	0.0
202605	230H61100	52	雑費	1780.0	647.0	2983.0	0.0	461.0	167.5
202605	230H61100	53	福利消耗品費	24315.0	21378.0	3402.0	0.0	15.9	13.9
202605	230H61100	54	教育研修費	450418.0	263691.0	47831.0	0.0	18.1	10.6
202605	230H61100	55	廃棄損・減耗損	0.0	0.0	0.0	0.0	0.0	0.0
202605	230H61100	56	雑給	0.0	0.0	0.0	0.0	0.0	0.0
202605	230H61100	57	社内金利（固定資産）	0.0	0.0	0.0	0.0	0.0	0.0
202605	230H61100	58	社内金利（売掛金）	0.0	0.0	0.0	0.0	0.0	0.0
202605	230H61100	59	社内金利（在庫）	0.0	0.0	0.0	0.0	0.0	0.0
202605	230H61100	60	開発口銭	0.0	0.0	0.0	0.0	0.0	0.0
202605	230H61100	61	部門共通（経費）	-2556771.0	-2336020.0	-2045812.0	0.0	0.0	0.0
202605	230H61100	62	グループ共通	272500.0	272500.0	272500.0	0.0	100.0	100.0
202605	230H61100	63	差引収益	0.0	0.0	0.0		0.0	0.0
202605	230H61100	64	差引比率	0.0	0.0	0.0		0.0	0.0
202605	230H61100	65	総時間	0.0	0.0	0.0		0.0	0.0
202605	230H61100	66	定時間	1544.0	1556.0	1581.75	0.0	101.6	102.4
202605	230H61100	67	残業時間	163.0	181.0	246.25	0.0	136.0	151.0
202605	230H61100	68	移動時間	-33.0	-48.0	-78.0	0.0	0.0	0.0
202605	230H61100	69	部門共通（時間）	-1674.0	-1689.0	-1750.0	0.0	0.0	0.0
202605	230H61100	70	当月時間当り	0.0	0.0	0.0		0.0	0.0
202605	230H61100	71	人員	12.0	12.0	12.0		100.0	100.0
202605	003060100	1	総受注高	0.0	0.0	0.0		0.0	0.0
202605	003060100	2	【新築】受注高	0.0	0.0	0.0	0.0	0.0	0.0
202605	003060100	3	【リフォ】受注高	0.0	0.0	0.0	0.0	0.0	0.0
202605	003060100	4	【資材】受注高	0.0	0.0	0.0	0.0	0.0	0.0
202605	003060100	5	総売上高	0.0	0.0	0.0		0.0	0.0
202605	003060100	6	【新築】売上高	0.0	0.0	0.0	0.0	0.0	0.0
202605	003060100	7	【リフォ】売上高	0.0	0.0	0.0	0.0	0.0	0.0
202605	003060100	8	【資材】売上高	0.0	0.0	0.0	0.0	0.0	0.0
202605	003060100	9	【新築】インセンティブ	0.0	0.0	0.0	0.0	0.0	0.0
202605	003060100	10	【リフォ】インセンティブ	0.0	0.0	0.0	0.0	0.0	0.0
202605	003060100	11	【資材】インセンティブ	0.0	0.0	0.0	0.0	0.0	0.0
202605	003060100	12	収益①（営業口銭）	0.0	0.0	0.0		0.0	0.0
202605	003060100	13	【新築】収益①(営業口銭)	0.0	0.0	0.0		0.0	0.0
202605	003060100	14	【リフォ】収益①(営業口銭)	0.0	0.0	0.0		0.0	0.0
202605	003060100	15	【資材】売上原価	0.0	0.0	0.0		0.0	0.0
202605	003060100	16	収益②（資材）	0.0	0.0	0.0		0.0	0.0
202605	003060100	17	総収益	0.0	0.0	0.0		0.0	0.0
202605	003060100	18	経費合計	0.0	0.0	0.0		0.0	0.0
202605	003060100	19	減価償却費	0.0	2121.0	4242.0	0.0	200.0	0.0
202605	003060100	20	車両費	72905.0	72505.0	63944.0	0.0	88.1	87.7
202605	003060100	21	旅費交通費	966320.0	159000.0	264974.0	0.0	166.6	27.4
202605	003060100	22	荷造運搬費	83370.0	83370.0	1865.0	0.0	2.2	2.2
202605	003060100	23	通信費	114239.0	83197.0	77477.0	0.0	93.1	67.8
202605	003060100	24	水道光熱費	67570.0	67570.0	61644.0	0.0	91.2	91.2
202605	003060100	25	動力費	0.0	0.0	0.0	0.0	0.0	0.0
202605	003060100	26	事務用品費	14573.0	30087.0	31402.0	0.0	104.3	215.4
202605	003060100	27	消耗品費	19638.0	13446.0	12091.0	0.0	89.9	61.5
202605	003060100	28	廃棄物処理料	9001.0	9001.0	499.0	0.0	5.5	5.5
202605	003060100	29	広告宣伝費	389000.0	239000.0	186178.0	0.0	77.8	47.8
202605	003060100	30	接待交際費	49000.0	55000.0	14294.0	0.0	25.9	29.1
202605	003060100	31	研究開発費	0.0	0.0	0.0	0.0	0.0	0.0
202605	003060100	32	アフターサービス費	0.0	0.0	0.0	0.0	0.0	0.0
202605	003060100	33	クレーム費	30000.0	30000.0	0.0	0.0	0.0	0.0
202605	003060100	34	賃借料	1637940.0	1637940.0	1637940.0	0.0	100.0	100.0
202605	003060100	35	賃貸料収入	0.0	0.0	0.0	0.0	0.0	0.0
202605	003060100	36	修繕費	0.0	0.0	0.0	0.0	0.0	0.0
202605	003060100	37	支払リース料	2600.0	2600.0	9952.0	0.0	382.7	382.7
202605	003060100	38	保険料	186790.0	186790.0	186790.0	0.0	100.0	100.0
202605	003060100	39	支払報酬	200000.0	200000.0	336364.0	0.0	168.1	168.1
202605	003060100	40	販売手数料	0.0	0.0	0.0	0.0	0.0	0.0
202605	003060100	41	支払手数料	32162.0	32162.0	18016.0	0.0	56.0	56.0
202605	003060100	42	診断料	1020000.0	20000.0	0.0	0.0	0.0	0.0
202605	003060100	43	諸会費	0.0	0.0	0.0	0.0	0.0	0.0
202605	003060100	44	会議費	0.0	0.0	0.0	0.0	0.0	0.0
202605	003060100	45	寄付金	0.0	0.0	0.0	0.0	0.0	0.0
202605	003060100	46	租税公課	0.0	0.0	-8000.0	0.0	0.0	0.0
202605	003060100	47	業務委託費	100000.0	100000.0	100000.0	0.0	100.0	100.0
202605	003060100	48	業務受託収入	0.0	0.0	0.0	0.0	0.0	0.0
202605	003060100	49	システム管理料	0.0	0.0	0.0	0.0	0.0	0.0
202605	003060100	50	情報機器利用料	1251242.0	1257092.0	1323846.0	0.0	105.3	105.8
202605	003060100	51	貸倒金	0.0	0.0	0.0	0.0	0.0	0.0
202605	003060100	52	雑費	78589.0	47456.0	-338196.0	0.0	0.0	0.0
202605	003060100	53	福利消耗品費	70759.0	65166.0	7110.0	0.0	10.9	10.0
202605	003060100	54	教育研修費	453303.0	266576.0	49923.0	0.0	18.7	11.0
202605	003060100	55	廃棄損・減耗損	0.0	0.0	0.0	0.0	0.0	0.0
202605	003060100	56	雑給	0.0	0.0	0.0	0.0	0.0	0.0
202605	003060100	57	社内金利（固定資産）	0.0	0.0	1878.0	0.0	0.0	0.0
202605	003060100	58	社内金利（売掛金）	0.0	0.0	0.0	0.0	0.0	0.0
202605	003060100	59	社内金利（在庫）	0.0	0.0	0.0	0.0	0.0	0.0
202605	003060100	60	開発口銭	0.0	0.0	0.0	0.0	0.0	0.0
202605	003060100	61	部門共通（経費）	-7423201.0	-5234279.0	-4618433.0	0.0	0.0	0.0
202605	003060100	62	グループ共通	574200.0	574200.0	574200.0	0.0	100.0	100.0
202605	003060100	63	差引収益	0.0	0.0	0.0		0.0	0.0
202605	003060100	64	差引比率	0.0	0.0	0.0		0.0	0.0
202605	003060100	65	総時間	0.0	0.0	0.0		0.0	0.0
202605	003060100	66	定時間	3280.0	3274.0	3227.0	0.0	98.5	98.3
202605	003060100	67	残業時間	374.0	426.0	476.75	0.0	111.9	127.4
202605	003060100	68	移動時間	19.0	4.0	-38.0	0.0	0.0	0.0
202605	003060100	69	部門共通（時間）	-3673.0	-3704.0	-3665.75	0.0	0.0	0.0
202605	003060100	70	当月時間当り	0.0	0.0	0.0		0.0	0.0
202605	003060100	71	人員	24.0	24.0	24.0		100.0	100.0
202605	230C30200	1	総出荷	151000000.0	129726577.0	98210936.0		75.7	65.0
202605	230C30200	2	社外売	0.0	0.0	0.0	0.0	0.0	0.0
202605	230C30200	3	社内売	151000000.0	129726577.0	98210936.0	100.0	75.7	65.0
202605	230C30200	4	社内仕入	43150000.0	52026702.0	38042419.0		73.1	88.1
202605	230C30200	5	仕掛1	0.0	0.0	0.0		0.0	0.0
202605	230C30200	6	総生産	107850000.0	77699875.0	60168517.0		77.4	55.7
202605	230C30200	7	経費合計	121543821.0	124359605.0	131423774.0		105.6	108.1
202605	230C30200	8	経費合計(原価)	111520000.0	113632646.0	121868496.0	92.7	107.2	109.2
202605	230C30200	9	仕掛2	0.0	0.0	0.0	0.0	0.0	0.0
202605	230C30200	10	商品仕入高	50250000.0	30637264.0	40049557.0	32.8	130.7	79.7
202605	230C30200	11	原材料費	61070000.0	82156022.0	80235839.0	65.8	97.6	131.3
202605	230C30200	12	外注加工費	1080000.0	1719360.0	1765360.0	1.4	102.6	163.4
202605	230C30200	13	その他 直接経費	0.0	0.0	0.0	0.0	0.0	0.0
202605	230C30200	14	他勘定振替高	-880000.0	-880000.0	-182260.0	0.0	0.0	0.0
202605	230C30200	15	経費合計（販管費）	10023821.0	10726959.0	9555278.0	7.2	89.0	95.3
202605	230C30200	16	減価償却費	526938.0	526938.0	526938.0	5.5	100.0	100.0
202605	230C30200	17	車両費	277539.0	285366.0	219769.0	2.2	77.0	79.1
202605	230C30200	18	旅費交通費	30000.0	10000.0	0.0	0.0	0.0	0.0
202605	230C30200	19	荷造運搬費	1000.0	1000.0	3163.0	0.0	316.3	316.3
202605	230C30200	20	通信費	60572.0	67933.0	71285.0	0.7	104.9	117.6
202605	230C30200	21	水道光熱費	28850.0	38500.0	28647.0	0.2	74.4	99.2
202605	230C30200	22	動力費	662544.0	650144.0	414725.0	4.3	63.7	62.5
202605	230C30200	23	事務用品費	12300.0	236500.0	223620.0	2.3	94.5	
202605	230C30200	24	消耗品費	672526.0	786784.0	940579.0	9.8	119.5	139.8
202605	230C30200	25	廃棄物処理料	-110000.0	-110000.0	42113.0	0.4	0.0	0.0
202605	230C30200	26	広告宣伝費	0.0	0.0	0.0	0.0	0.0	0.0
202605	230C30200	27	接待交際費	20000.0	63000.0	111391.0	1.1	176.8	556.9
202605	230C30200	28	研究開発費	0.0	0.0	0.0	0.0	0.0	0.0
202605	230C30200	29	アフターサービス費	0.0	0.0	0.0	0.0	0.0	0.0
202605	230C30200	30	クレーム費	0.0	0.0	0.0	0.0	0.0	0.0
202605	230C30200	31	賃借料	2379514.0	2338514.0	2339104.0	24.4	100.0	98.3
202605	230C30200	32	賃貸料収入	-59000.0	-18000.0	-18000.0	0.0	0.0	0.0
202605	230C30200	33	修繕費	90000.0	370000.0	0.0	0.0	0.0	0.0
202605	230C30200	34	支払リース料	29406.0	29406.0	23914.0	0.2	81.3	81.3
202605	230C30200	35	保険料	27692.0	27692.0	27692.0	0.2	100.0	100.0
202605	230C30200	36	支払報酬	0.0	0.0	0.0	0.0	0.0	0.0
202605	230C30200	37	販売手数料	0.0	0.0	0.0	0.0	0.0	0.0
202605	230C30200	38	支払手数料	8075.0	8075.0	49627.0	0.5	614.5	614.5
202605	230C30200	39	診断料	0.0	0.0	0.0	0.0	0.0	0.0
202605	230C30200	40	諸会費	28500.0	28500.0	27819.0	0.2	97.6	97.6
202605	230C30200	41	会議費	0.0	0.0	0.0	0.0	0.0	0.0
202605	230C30200	42	寄付金	0.0	0.0	0.0	0.0	0.0	0.0
202605	230C30200	43	租税公課	0.0	0.0	0.0	0.0	0.0	0.0
202605	230C30200	44	業務委託費	0.0	0.0	0.0	0.0	0.0	0.0
202605	230C30200	45	業務受託収入	0.0	0.0	0.0	0.0	0.0	0.0
202605	230C30200	46	システム管理料	0.0	0.0	0.0	0.0	0.0	0.0
202605	230C30200	47	情報機器利用料	1418362.0	1418362.0	1437832.0	15.0	101.3	101.3
202605	230C30200	48	貸倒金	0.0	0.0	0.0	0.0	0.0	0.0
202605	230C30200	49	雑費	23456.0	24598.0	42187.0	0.4	171.5	179.8
202605	230C30200	50	福利消耗品費	162350.0	385390.0	202374.0	2.1	52.5	124.6
202605	230C30200	51	教育研修費	111100.0	11100.0	573.0	0.0	5.1	0.5
202605	230C30200	52	廃棄損・減耗損	880000.0	880000.0	182260.0	1.9	20.7	20.7
202605	230C30200	53	雑給	0.0	0.0	0.0	0.0	0.0	0.0
202605	230C30200	54	社内金利（固定資産）	209901.0	209901.0	209902.0	2.1	100.0	100.0
202605	230C30200	55	社内金利（売掛金）	0.0	0.0	0.0	0.0	0.0	0.0
202605	230C30200	56	社内金利（在庫）	407800.0	487249.0	482197.0	5.0	98.9	118.2
202605	230C30200	57	営業口銭①（新築）	0.0	0.0	0.0	0.0	0.0	0.0
202605	230C30200	58	営業口銭②（リフォ）	0.0	0.0	0.0	0.0	0.0	0.0
202605	230C30200	59	開発口銭	0.0	0.0	0.0	0.0	0.0	0.0
202605	230C30200	60	部門共通（経費）	1369496.0	1215107.0	1210667.0	12.6	99.6	88.4
202605	230C30200	61	グループ共通	754900.0	754900.0	754900.0	7.9	100.0	100.0
202605	230C30200	62	差引収益	-13693821.0	-46659730.0	-71255257.0		0.0	0.0
202605	230C30200	63	差引比率	-12.6	-60.0	-118.4		0.0	0.0
202605	230C30200	64	総時間	5875.75	5791.0	5493.25		94.8	93.4
202605	230C30200	65	定時間	4784.0	4644.75	4485.25	81.6	96.5	93.7
202605	230C30200	66	残業時間	231.0	288.0	155.75	2.8	54.0	67.4
202605	230C30200	67	移動時間	113.25	113.0	101.25	1.8	89.6	89.4
202605	230C30200	68	部門共通（時間）	747.5	745.25	751.0	13.6	100.7	100.4
202605	230C30200	69	当月時間当り	-2330.5	-8057.2	-12971.4		0.0	0.0
202605	230C30200	70	人員	33.0	33.0	32.0		96.9	96.9
202605	230Q10200	1	総受注高	123000000.0	153685500.0	145036983.0		94.3	117.9
202605	230Q10200	2	【新築】受注高	35500000.0	64420000.0	46400000.0	31.9	72.0	130.7
202605	230Q10200	3	【リフォ】受注高	40700000.0	42465500.0	25265544.0	17.4	59.4	62.0
202605	230Q10200	4	【資材】受注高	46800000.0	46800000.0	73371439.0	50.5	156.7	156.7
202605	230Q10200	5	総売上高	43900000.0	38111500.0	38210376.0		100.2	87.0
202605	230Q10200	6	【新築】売上高	1700000.0	816500.0	816500.0	2.1	100.0	48.0
202605	230Q10200	7	【リフォ】売上高	13300000.0	8395000.0	11990461.0	31.3	142.8	90.1
202605	230Q10200	8	【資材】売上高	28900000.0	28900000.0	25403415.0	66.4	87.9	87.9
202605	230Q10200	9	【新築】インセンティブ	0.0	0.0	0.0	0.0	0.0	0.0
202605	230Q10200	10	【リフォ】インセンティブ	0.0	0.0	0.0	0.0	0.0	0.0
202605	230Q10200	11	【資材】インセンティブ	0.0	0.0	0.0	0.0	0.0	0.0
202605	230Q10200	12	収益①（営業口銭）	2080000.0	1300075.0	1839393.0		141.4	88.4
202605	230Q10200	13	【新築】収益①(営業口銭)	85000.0	40825.0	40825.0		100.0	48.0
202605	230Q10200	14	【リフォ】収益①(営業口銭)	1995000.0	1259250.0	1798568.0		142.8	90.1
202605	230Q10200	15	【資材】売上原価	21400000.0	21400000.0	19188672.0		89.6	89.6
202605	230Q10200	16	収益②（資材）	7500000.0	7500000.0	6214743.0		82.8	82.8
202605	230Q10200	17	総収益	9580000.0	8800075.0	8054136.0		91.5	84.0
202605	230Q10200	18	経費合計	4059618.0	3963554.0	3300269.0		83.2	81.2
202605	230Q10200	19	減価償却費	41698.0	41698.0	43788.0	1.3	105.0	105.0
202605	230Q10200	20	車両費	781012.0	781012.0	613892.0	18.6	78.6	78.6
202605	230Q10200	21	旅費交通費	28250.0	28250.0	41996.0	1.2	148.6	148.6
202605	230Q10200	22	荷造運搬費	0.0	0.0	14600.0	0.4	0.0	0.0
202605	230Q10200	23	通信費	76020.0	76020.0	79394.0	2.4	104.4	104.4
202605	230Q10200	24	水道光熱費	54000.0	54000.0	51227.0	1.5	94.8	94.8
202605	230Q10200	25	動力費	0.0	0.0	0.0	0.0	0.0	0.0
202605	230Q10200	26	事務用品費	23000.0	23000.0	19911.0	0.6	86.5	86.5
202605	230Q10200	27	消耗品費	38000.0	38000.0	26892.0	0.8	70.7	70.7
202605	230Q10200	28	廃棄物処理料	75000.0	75000.0	3666.0	0.1	4.8	4.8
202605	230Q10200	29	広告宣伝費	0.0	0.0	0.0	0.0	0.0	0.0
202605	230Q10200	30	接待交際費	0.0	0.0	3200.0	0.0	0.0	0.0
202605	230Q10200	31	研究開発費	0.0	0.0	0.0	0.0	0.0	0.0
202605	230Q10200	32	アフターサービス費	0.0	0.0	0.0	0.0	0.0	0.0
202605	230Q10200	33	クレーム費	200000.0	200000.0	0.0	0.0	0.0	0.0
202605	230Q10200	34	賃借料	0.0	0.0	0.0	0.0	0.0	0.0
202605	230Q10200	35	賃貸料収入	0.0	0.0	0.0	0.0	0.0	0.0
202605	230Q10200	36	修繕費	178120.0	178120.0	0.0	0.0	0.0	0.0
202605	230Q10200	37	支払リース料	6160.0	6160.0	6132.0	0.1	99.5	99.5
202605	230Q10200	38	保険料	2044.0	2044.0	2044.0	0.0	100.0	100.0
202605	230Q10200	39	支払報酬	0.0	0.0	0.0	0.0	0.0	0.0
202605	230Q10200	40	販売手数料	0.0	0.0	0.0	0.0	0.0	0.0
202605	230Q10200	41	支払手数料	30000.0	30000.0	31044.0	0.9	103.4	103.4
202605	230Q10200	42	診断料	0.0	0.0	0.0	0.0	0.0	0.0
202605	230Q10200	43	諸会費	1000.0	1000.0	9100.0	0.2	910.0	910.0
202605	230Q10200	44	会議費	0.0	0.0	0.0	0.0	0.0	0.0
202605	230Q10200	45	寄付金	0.0	0.0	0.0	0.0	0.0	0.0
202605	230Q10200	46	租税公課	7000.0	7000.0	14900.0	0.4	212.8	212.8
202605	230Q10200	47	業務委託費	0.0	0.0	0.0	0.0	0.0	0.0
202605	230Q10200	48	業務受託収入	0.0	0.0	0.0	0.0	0.0	0.0
202605	230Q10200	49	システム管理料	0.0	0.0	0.0	0.0	0.0	0.0
202605	230Q10200	50	情報機器利用料	546200.0	546200.0	545272.0	16.5	99.8	99.8
202605	230Q10200	51	貸倒金	0.0	0.0	0.0	0.0	0.0	0.0
202605	230Q10200	52	雑費	11000.0	11000.0	8251.0	0.2	75.0	75.0
202605	230Q10200	53	福利消耗品費	137510.0	137510.0	0.0	0.0	0.0	0.0
202605	230Q10200	54	教育研修費	0.0	0.0	7273.0	0.2	0.0	0.0
202605	230Q10200	55	廃棄損・減耗損	0.0	0.0	0.0	0.0	0.0	0.0
202605	230Q10200	56	雑給	0.0	0.0	0.0	0.0	0.0	0.0
202605	230Q10200	57	社内金利（固定資産）	38991.0	38991.0	38063.0	1.1	97.6	97.6
202605	230Q10200	58	社内金利（売掛金）	3000.0	3000.0	9674.0	0.2	322.4	322.4
202605	230Q10200	59	社内金利（在庫）	21253.0	21253.0	32385.0	0.9	152.3	152.3
202605	230Q10200	60	開発口銭	0.0	0.0	0.0	0.0	0.0	0.0
202605	230Q10200	61	部門共通（経費）	1483960.0	1387896.0	1421165.0	43.0	102.3	95.7
202605	230Q10200	62	グループ共通	276400.0	276400.0	276400.0	8.3	100.0	100.0
202605	230Q10200	63	差引収益	5520382.0	4836521.0	4753867.0		98.2	86.1
202605	230Q10200	64	差引比率	12.5	12.6	12.4		98.4	99.2
202605	230Q10200	65	総時間	2669.75	2817.75	2651.75		94.1	99.3
202605	230Q10200	66	定時間	1584.0	1672.0	1490.5	56.2	89.1	94.0
202605	230Q10200	67	残業時間	182.0	240.0	262.75	9.9	109.4	144.3
202605	230Q10200	68	移動時間	57.0	57.0	57.0	2.1	100.0	100.0
202605	230Q10200	69	部門共通（時間）	846.75	848.75	841.5	31.7	99.1	99.3
202605	230Q10200	70	当月時間当り	2067.7	1716.4	1792.7		104.4	86.7
202605	230Q10200	71	人員	11.0	11.0	11.0		100.0	100.0
202605	230Q10300	1	総受注高	123000000.0	153685500.0	145036983.0		94.3	117.9
202605	230Q10300	2	【新築】受注高	35500000.0	64420000.0	46400000.0	31.9	72.0	130.7
202605	230Q10300	3	【リフォ】受注高	40700000.0	42465500.0	25265544.0	17.4	59.4	62.0
202605	230Q10300	4	【資材】受注高	46800000.0	46800000.0	73371439.0	50.5	156.7	156.7
202605	230Q10300	5	総売上高	43900000.0	38111500.0	38210376.0		100.2	87.0
202605	230Q10300	6	【新築】売上高	1700000.0	816500.0	816500.0	2.1	100.0	48.0
202605	230Q10300	7	【リフォ】売上高	13300000.0	8395000.0	11990461.0	31.3	142.8	90.1
202605	230Q10300	8	【資材】売上高	28900000.0	28900000.0	25403415.0	66.4	87.9	87.9
202605	230Q10300	9	【新築】インセンティブ	0.0	0.0	0.0	0.0	0.0	0.0
202605	230Q10300	10	【リフォ】インセンティブ	0.0	0.0	0.0	0.0	0.0	0.0
202605	230Q10300	11	【資材】インセンティブ	0.0	0.0	0.0	0.0	0.0	0.0
202605	230Q10300	12	収益①（営業口銭）	2080000.0	1300075.0	1839393.0		141.4	88.4
202605	230Q10300	13	【新築】収益①(営業口銭)	85000.0	40825.0	40825.0		100.0	48.0
202605	230Q10300	14	【リフォ】収益①(営業口銭)	1995000.0	1259250.0	1798568.0		142.8	90.1
202605	230Q10300	15	【資材】売上原価	21400000.0	21400000.0	19188672.0		89.6	89.6
202605	230Q10300	16	収益②（資材）	7500000.0	7500000.0	6214743.0		82.8	82.8
202605	230Q10300	17	総収益	9580000.0	8800075.0	8054136.0		91.5	84.0
202605	230Q10300	18	総出荷	15000000.0	9211500.0	12806961.0		139.0	85.3
202605	230Q10300	19	社外売	15000000.0	9211500.0	12806961.0	100.0	139.0	85.3
202605	230Q10300	20	社内売	0.0	0.0	0.0	0.0	0.0	0.0
202605	230Q10300	21	社内仕入	990000.0	773155.0	1053060.0		136.2	106.3
202605	230Q10300	22	仕掛1	0.0	0.0	0.0		0.0	0.0
202605	230Q10300	23	総生産	14010000.0	8438345.0	11753901.0		139.2	83.8
202605	230Q10300	24	経費合計	17115699.0	12567377.0	18235335.0		145.1	106.5
202605	230Q10300	25	経費合計(原価)	9410000.0	5882879.0	11636994.0	63.8	197.8	123.6
202605	230Q10300	26	仕掛2	0.0	0.0	0.0	0.0	0.0	0.0
202605	230Q10300	27	商品仕入高	3570000.0	3169104.0	5809883.0	49.9	183.3	162.7
202605	230Q10300	28	原材料費	0.0	0.0	0.0	0.0	0.0	0.0
202605	230Q10300	29	外注加工費	5440000.0	2608227.0	5730030.0	49.2	219.6	105.3
202605	230Q10300	30	その他 直接経費	400000.0	105548.0	97081.0	0.8	91.9	24.2
202605	230Q10300	31	他勘定振替高	0.0	0.0	0.0	0.0	0.0	0.0
202605	230Q10300	32	経費合計（販管費）	7705699.0	6684498.0	6598341.0	36.1	98.7	85.6
202605	230Q10300	33	減価償却費	44398.0	44398.0	46495.0	0.7	104.7	104.7
202605	230Q10300	34	車両費	1007912.0	1007912.0	858433.0	13.0	85.1	85.1
202605	230Q10300	35	旅費交通費	29250.0	29250.0	44069.0	0.6	150.6	150.6
202605	230Q10300	36	荷造運搬費	0.0	0.0	19600.0	0.2	0.0	0.0
202605	230Q10300	37	通信費	87220.0	87220.0	92446.0	1.4	105.9	105.9
202605	230Q10300	38	水道光熱費	87500.0	87500.0	89856.0	1.3	102.6	102.6
202605	230Q10300	39	動力費	0.0	0.0	0.0	0.0	0.0	0.0
202605	230Q10300	40	事務用品費	26700.0	26700.0	25936.0	0.3	97.1	97.1
202605	230Q10300	41	消耗品費	54600.0	54600.0	31216.0	0.4	57.1	57.1
202605	230Q10300	42	廃棄物処理料	90400.0	90400.0	5000.0	0.0	5.5	5.5
202605	230Q10300	43	広告宣伝費	0.0	0.0	0.0	0.0	0.0	0.0
202605	230Q10300	44	接待交際費	0.0	0.0	3200.0	0.0	0.0	0.0
202605	230Q10300	45	研究開発費	0.0	0.0	0.0	0.0	0.0	0.0
202605	230Q10300	46	アフターサービス費	0.0	0.0	0.0	0.0	0.0	0.0
202605	230Q10300	47	クレーム費	200000.0	200000.0	0.0	0.0	0.0	0.0
202605	230Q10300	48	賃借料	52000.0	52000.0	52000.0	0.7	100.0	100.0
202605	230Q10300	49	賃貸料収入	0.0	0.0	0.0	0.0	0.0	0.0
202605	230Q10300	50	修繕費	244000.0	244000.0	0.0	0.0	0.0	0.0
202605	230Q10300	51	支払リース料	7860.0	7860.0	8401.0	0.1	106.8	106.8
202605	230Q10300	52	保険料	2044.0	2044.0	2044.0	0.0	100.0	100.0
202605	230Q10300	53	支払報酬	0.0	0.0	0.0	0.0	0.0	0.0
202605	230Q10300	54	販売手数料	0.0	0.0	0.0	0.0	0.0	0.0
202605	230Q10300	55	支払手数料	33600.0	33600.0	34990.0	0.5	104.1	104.1
202605	230Q10300	56	診断料	0.0	0.0	0.0	0.0	0.0	0.0
202605	230Q10300	57	諸会費	1000.0	1000.0	9100.0	0.1	910.0	910.0
202605	230Q10300	58	会議費	0.0	0.0	0.0	0.0	0.0	0.0
202605	230Q10300	59	寄付金	0.0	0.0	0.0	0.0	0.0	0.0
202605	230Q10300	60	租税公課	7000.0	7000.0	14900.0	0.2	212.8	212.8
202605	230Q10300	61	業務委託費	0.0	0.0	0.0	0.0	0.0	0.0
202605	230Q10300	62	業務受託収入	0.0	0.0	0.0	0.0	0.0	0.0
202605	230Q10300	63	システム管理料	0.0	0.0	0.0	0.0	0.0	0.0
202605	230Q10300	64	情報機器利用料	764880.0	764880.0	729552.0	11.0	95.3	95.3
202605	230Q10300	65	貸倒金	0.0	0.0	0.0	0.0	0.0	0.0
202605	230Q10300	66	雑費	35100.0	35100.0	10503.0	0.1	29.9	29.9
202605	230Q10300	67	福利消耗品費	156560.0	156560.0	0.0	0.0	0.0	0.0
202605	230Q10300	68	教育研修費	28000.0	28000.0	7273.0	0.1	25.9	25.9
202605	230Q10300	69	廃棄損・減耗損	0.0	0.0	0.0	0.0	0.0	0.0
202605	230Q10300	70	雑給	0.0	0.0	0.0	0.0	0.0	0.0
202605	230Q10300	71	社内金利（固定資産）	38991.0	38991.0	38360.0	0.5	98.3	98.3
202605	230Q10300	72	社内金利（売掛金）	3000.0	3000.0	9674.0	0.1	322.4	322.4
202605	230Q10300	73	社内金利（在庫）	21253.0	21253.0	32385.0	0.4	152.3	152.3
202605	230Q10300	74	営業口銭①（新築）	85000.0	40825.0	40825.0	0.6	100.0	48.0
202605	230Q10300	75	営業口銭②（リフォ）	1995000.0	1259250.0	1798568.0	27.2	142.8	90.1
202605	230Q10300	76	開発口銭	0.0	0.0	0.0	0.0	0.0	0.0
202605	230Q10300	77	部門共通（経費）	2225731.0	1984455.0	2216815.0	33.5	111.7	99.5
202605	230Q10300	78	グループ共通	376700.0	376700.0	376700.0	5.7	100.0	100.0
202605	230Q10300	79	差引収益	6474301.0	4671043.0	1572702.0		33.6	24.2
202605	230Q10300	80	差引比率	11.1	10.0	3.1		31.0	27.9
202605	230Q10300	81	総時間	3599.75	3746.0	3530.75		94.2	98.0
202605	230Q10300	82	定時間	2192.0	2280.0	2073.5	58.7	90.9	94.5
202605	230Q10300	83	残業時間	252.0	310.0	300.75	8.5	97.0	119.3
202605	230Q10300	84	移動時間	57.0	57.0	57.0	1.6	100.0	100.0
202605	230Q10300	85	部門共通（時間）	1098.75	1099.0	1099.5	31.1	100.0	100.0
202605	230Q10300	86	当月時間当り	1798.5	1246.9	445.4		35.7	24.7
202605	230Q10300	87	人員	15.0	15.0	15.0		100.0	100.0
202605	230Q30101	1	総出荷	15000000.0	9211500.0	12806961.0		139.0	85.3
202605	230Q30101	2	社外売	15000000.0	9211500.0	12806961.0	100.0	139.0	85.3
202605	230Q30101	3	社内売	0.0	0.0	0.0	0.0	0.0	0.0
202605	230Q30101	4	社内仕入	990000.0	773155.0	1053060.0		136.2	106.3
202605	230Q30101	5	仕掛1	0.0	0.0	0.0		0.0	0.0
202605	230Q30101	6	総生産	14010000.0	8438345.0	11753901.0		139.2	83.8
202605	230Q30101	7	経費合計	13056081.0	8603823.0	14935066.0		173.5	114.3
202605	230Q30101	8	経費合計(原価)	9410000.0	5882879.0	11636994.0	77.9	197.8	123.6
202605	230Q30101	9	仕掛2	0.0	0.0	0.0	0.0	0.0	0.0
202605	230Q30101	10	商品仕入高	3570000.0	3169104.0	5809883.0	49.9	183.3	162.7
202605	230Q30101	11	原材料費	0.0	0.0	0.0	0.0	0.0	0.0
202605	230Q30101	12	外注加工費	5440000.0	2608227.0	5730030.0	49.2	219.6	105.3
202605	230Q30101	13	その他 直接経費	400000.0	105548.0	97081.0	0.8	91.9	24.2
202605	230Q30101	14	他勘定振替高	0.0	0.0	0.0	0.0	0.0	0.0
202605	230Q30101	15	経費合計（販管費）	3646081.0	2720944.0	3298072.0	22.0	121.2	90.4
202605	230Q30101	16	減価償却費	2700.0	2700.0	2707.0	0.0	100.2	100.2
202605	230Q30101	17	車両費	226900.0	226900.0	244541.0	7.4	107.7	107.7
202605	230Q30101	18	旅費交通費	1000.0	1000.0	2073.0	0.0	207.3	207.3
202605	230Q30101	19	荷造運搬費	0.0	0.0	5000.0	0.1	0.0	0.0
202605	230Q30101	20	通信費	11200.0	11200.0	13052.0	0.3	116.5	116.5
202605	230Q30101	21	水道光熱費	33500.0	33500.0	38629.0	1.1	115.3	115.3
202605	230Q30101	22	動力費	0.0	0.0	0.0	0.0	0.0	0.0
202605	230Q30101	23	事務用品費	3700.0	3700.0	6025.0	0.1	162.8	162.8
202605	230Q30101	24	消耗品費	16600.0	16600.0	4324.0	0.1	26.0	26.0
202605	230Q30101	25	廃棄物処理料	15400.0	15400.0	1334.0	0.0	8.6	8.6
202605	230Q30101	26	広告宣伝費	0.0	0.0	0.0	0.0	0.0	0.0
202605	230Q30101	27	接待交際費	0.0	0.0	0.0	0.0	0.0	0.0
202605	230Q30101	28	研究開発費	0.0	0.0	0.0	0.0	0.0	0.0
202605	230Q30101	29	アフターサービス費	0.0	0.0	0.0	0.0	0.0	0.0
202605	230Q30101	30	クレーム費	0.0	0.0	0.0	0.0	0.0	0.0
202605	230Q30101	31	賃借料	52000.0	52000.0	52000.0	1.5	100.0	100.0
202605	230Q30101	32	賃貸料収入	0.0	0.0	0.0	0.0	0.0	0.0
202605	230Q30101	33	修繕費	65880.0	65880.0	0.0	0.0	0.0	0.0
202605	230Q30101	34	支払リース料	1700.0	1700.0	2269.0	0.0	133.4	133.4
202605	230Q30101	35	保険料	0.0	0.0	0.0	0.0	0.0	0.0
202605	230Q30101	36	支払報酬	0.0	0.0	0.0	0.0	0.0	0.0
202605	230Q30101	37	販売手数料	0.0	0.0	0.0	0.0	0.0	0.0
202605	230Q30101	38	支払手数料	3600.0	3600.0	3946.0	0.1	109.6	109.6
202605	230Q30101	39	診断料	0.0	0.0	0.0	0.0	0.0	0.0
202605	230Q30101	40	諸会費	0.0	0.0	0.0	0.0	0.0	0.0
202605	230Q30101	41	会議費	0.0	0.0	0.0	0.0	0.0	0.0
202605	230Q30101	42	寄付金	0.0	0.0	0.0	0.0	0.0	0.0
202605	230Q30101	43	租税公課	0.0	0.0	0.0	0.0	0.0	0.0
202605	230Q30101	44	業務委託費	0.0	0.0	0.0	0.0	0.0	0.0
202605	230Q30101	45	業務受託収入	0.0	0.0	0.0	0.0	0.0	0.0
202605	230Q30101	46	システム管理料	0.0	0.0	0.0	0.0	0.0	0.0
202605	230Q30101	47	情報機器利用料	218680.0	218680.0	184280.0	5.5	84.2	84.2
202605	230Q30101	48	貸倒金	0.0	0.0	0.0	0.0	0.0	0.0
202605	230Q30101	49	雑費	24100.0	24100.0	2252.0	0.0	9.3	9.3
202605	230Q30101	50	福利消耗品費	19050.0	19050.0	0.0	0.0	0.0	0.0
202605	230Q30101	51	教育研修費	28000.0	28000.0	0.0	0.0	0.0	0.0
202605	230Q30101	52	廃棄損・減耗損	0.0	0.0	0.0	0.0	0.0	0.0
202605	230Q30101	53	雑給	0.0	0.0	0.0	0.0	0.0	0.0
202605	230Q30101	54	社内金利（固定資産）	0.0	0.0	297.0	0.0	0.0	0.0
202605	230Q30101	55	社内金利（売掛金）	0.0	0.0	0.0	0.0	0.0	0.0
202605	230Q30101	56	社内金利（在庫）	0.0	0.0	0.0	0.0	0.0	0.0
202605	230Q30101	57	営業口銭①（新築）	85000.0	40825.0	40825.0	1.2	100.0	48.0
202605	230Q30101	58	営業口銭②（リフォ）	1995000.0	1259250.0	1798568.0	54.5	142.8	90.1
202605	230Q30101	59	開発口銭	0.0	0.0	0.0	0.0	0.0	0.0
202605	230Q30101	60	部門共通（経費）	741771.0	596559.0	795650.0	24.1	133.3	107.2
202605	230Q30101	61	グループ共通	100300.0	100300.0	100300.0	3.0	100.0	100.0
202605	230Q30101	62	差引収益	953919.0	-165478.0	-3181165.0		0.0	0.0
202605	230Q30101	63	差引比率	6.8	-1.9	-27.0		0.0	0.0
202605	230Q30101	64	総時間	930.0	928.25	879.0		94.6	94.5
202605	230Q30101	65	定時間	608.0	608.0	583.0	66.3	95.8	95.8
202605	230Q30101	66	残業時間	70.0	70.0	38.0	4.3	54.2	54.2
202605	230Q30101	67	移動時間	0.0	0.0	0.0	0.0	0.0	0.0
202605	230Q30101	68	部門共通（時間）	252.0	250.25	258.0	29.3	103.0	102.3
202605	230Q30101	69	当月時間当り	1025.7	-178.2	-3619.0		0.0	0.0
202605	230Q30101	70	人員	4.0	4.0	4.0		100.0	100.0
202605	230H10400	1	総受注高	195000000.0	219450800.0	142125942.0		64.7	72.8
202605	230H10400	2	【新築】受注高	76000000.0	126900000.0	52550000.0	36.9	41.4	69.1
202605	230H10400	3	【リフォ】受注高	54000000.0	27550800.0	18670380.0	13.1	67.7	34.5
202605	230H10400	4	【資材】受注高	65000000.0	65000000.0	70905562.0	49.8	109.0	109.0
202605	230H10400	5	総売上高	93000000.0	93354909.0	91544911.0		98.0	98.4
202605	230H10400	6	【新築】売上高	0.0	1900000.0	0.0	0.0	0.0	0.0
202605	230H10400	7	【リフォ】売上高	28000000.0	26454909.0	24356389.0	26.6	92.0	86.9
202605	230H10400	8	【資材】売上高	65000000.0	65000000.0	67188522.0	73.3	103.3	103.3
202605	230H10400	9	【新築】インセンティブ	0.0	0.0	0.0	0.0	0.0	0.0
202605	230H10400	10	【リフォ】インセンティブ	0.0	0.0	0.0	0.0	0.0	0.0
202605	230H10400	11	【資材】インセンティブ	0.0	0.0	0.0	0.0	0.0	0.0
202605	230H10400	12	収益①（営業口銭）	4200000.0	4063236.0	3653455.0		89.9	86.9
202605	230H10400	13	【新築】収益①(営業口銭)	0.0	95000.0	0.0		0.0	0.0
202605	230H10400	14	【リフォ】収益①(営業口銭)	4200000.0	3968236.0	3653455.0		92.0	86.9
202605	230H10400	15	【資材】売上原価	53450000.0	53450000.0	55411703.0		103.6	103.6
202605	230H10400	16	収益②（資材）	11550000.0	11550000.0	11776819.0		101.9	101.9
202605	230H10400	17	総収益	15750000.0	15613236.0	15430274.0		98.8	97.9
202605	230H10400	18	総出荷	28000000.0	28354909.0	24356389.0		85.8	86.9
202605	230H10400	19	社外売	28000000.0	28354909.0	24356389.0	100.0	85.8	86.9
202605	230H10400	20	社内売	0.0	0.0	0.0	0.0	0.0	0.0
202605	230H10400	21	社内仕入	5117651.0	19006450.0	1092133.0		5.7	21.3
202605	230H10400	22	仕掛1	0.0	0.0	0.0		0.0	0.0
202605	230H10400	23	総生産	22882349.0	9348459.0	23264256.0		248.8	101.6
202605	230H10400	24	経費合計	49950986.0	33383196.0	43456151.0		130.1	86.9
202605	230H10400	25	経費合計(原価)	33188382.0	17932600.0	28008745.0	64.4	156.1	84.3
202605	230H10400	26	仕掛2	0.0	0.0	0.0	0.0	0.0	0.0
202605	230H10400	27	商品仕入高	17198271.0	7607600.0	20504250.0	73.2	269.5	119.2
202605	230H10400	28	原材料費	0.0	0.0	0.0	0.0	0.0	0.0
202605	230H10400	29	外注加工費	13733111.0	8667000.0	6235000.0	22.2	71.9	45.4
202605	230H10400	30	その他 直接経費	2257000.0	1658000.0	1269495.0	4.5	76.5	56.2
202605	230H10400	31	他勘定振替高	0.0	0.0	0.0	0.0	0.0	0.0
202605	230H10400	32	経費合計（販管費）	16762604.0	15450596.0	15447406.0	35.5	99.9	92.1
202605	230H10400	33	減価償却費	44779.0	44779.0	51521.0	0.3	115.0	115.0
202605	230H10400	34	車両費	1389078.0	1389078.0	1442277.0	9.3	103.8	103.8
202605	230H10400	35	旅費交通費	1155000.0	922000.0	1484496.0	9.6	161.0	128.5
202605	230H10400	36	荷造運搬費	22000.0	22000.0	11545.0	0.0	52.4	52.4
202605	230H10400	37	通信費	178889.0	179389.0	125493.0	0.8	69.9	70.1
202605	230H10400	38	水道光熱費	192097.0	192097.0	95603.0	0.6	49.7	49.7
202605	230H10400	39	動力費	0.0	0.0	0.0	0.0	0.0	0.0
202605	230H10400	40	事務用品費	84945.0	84945.0	49632.0	0.3	58.4	58.4
202605	230H10400	41	消耗品費	55021.0	55021.0	24163.0	0.1	43.9	43.9
202605	230H10400	42	廃棄物処理料	128749.0	128749.0	137996.0	0.8	107.1	107.1
202605	230H10400	43	広告宣伝費	15000.0	15000.0	3000.0	0.0	20.0	20.0
202605	230H10400	44	接待交際費	160000.0	147000.0	62706.0	0.4	42.6	39.1
202605	230H10400	45	研究開発費	0.0	0.0	0.0	0.0	0.0	0.0
202605	230H10400	46	アフターサービス費	0.0	0.0	0.0	0.0	0.0	0.0
202605	230H10400	47	クレーム費	500000.0	0.0	0.0	0.0	0.0	0.0
202605	230H10400	48	賃借料	1454178.0	1454178.0	1518878.0	9.8	104.4	104.4
202605	230H10400	49	賃貸料収入	-65001.0	-65001.0	-65000.0	0.0	0.0	0.0
202605	230H10400	50	修繕費	0.0	0.0	0.0	0.0	0.0	0.0
202605	230H10400	51	支払リース料	1000.0	1000.0	4325.0	0.0	432.5	432.5
202605	230H10400	52	保険料	2044.0	2044.0	6203.0	0.0	303.4	303.4
202605	230H10400	53	支払報酬	0.0	0.0	0.0	0.0	0.0	0.0
202605	230H10400	54	販売手数料	0.0	0.0	0.0	0.0	0.0	0.0
202605	230H10400	55	支払手数料	43200.0	36200.0	32811.0	0.2	90.6	75.9
202605	230H10400	56	診断料	5000.0	5000.0	0.0	0.0	0.0	0.0
202605	230H10400	57	諸会費	500.0	500.0	950.0	0.0	190.0	190.0
202605	230H10400	58	会議費	0.0	0.0	0.0	0.0	0.0	0.0
202605	230H10400	59	寄付金	0.0	0.0	0.0	0.0	0.0	0.0
202605	230H10400	60	租税公課	50000.0	24000.0	15400.0	0.0	64.1	30.8
202605	230H10400	61	業務委託費	0.0	0.0	80000.0	0.5	0.0	0.0
202605	230H10400	62	業務受託収入	0.0	0.0	0.0	0.0	0.0	0.0
202605	230H10400	63	システム管理料	0.0	0.0	0.0	0.0	0.0	0.0
202605	230H10400	64	情報機器利用料	1559177.0	1559177.0	1593448.0	10.3	102.1	102.1
202605	230H10400	65	貸倒金	0.0	0.0	0.0	0.0	0.0	0.0
202605	230H10400	66	雑費	14118.0	14118.0	10538.0	0.0	74.6	74.6
202605	230H10400	67	福利消耗品費	117885.0	123435.0	7380.0	0.0	5.9	6.2
202605	230H10400	68	教育研修費	71743.0	114243.0	26972.0	0.1	23.6	37.5
202605	230H10400	69	廃棄損・減耗損	0.0	0.0	0.0	0.0	0.0	0.0
202605	230H10400	70	雑給	0.0	0.0	0.0	0.0	0.0	0.0
202605	230H10400	71	社内金利（固定資産）	15908.0	15908.0	17051.0	0.1	107.1	107.1
202605	230H10400	72	社内金利（売掛金）	90000.0	112989.0	124350.0	0.8	110.0	138.1
202605	230H10400	73	社内金利（在庫）	44800.0	44800.0	47115.0	0.3	105.1	105.1
202605	230H10400	74	営業口銭①（新築）	0.0	95000.0	0.0	0.0	0.0	0.0
202605	230H10400	75	営業口銭②（リフォ）	4200000.0	3968236.0	3653455.0	23.6	92.0	86.9
202605	230H10400	76	開発口銭	0.0	0.0	0.0	0.0	0.0	0.0
202605	230H10400	77	部門共通（経費）	4603094.0	4135311.0	4255698.0	27.5	102.9	92.4
202605	230H10400	78	グループ共通	629400.0	629400.0	629400.0	4.0	100.0	100.0
202605	230H10400	79	差引収益	-11318637.0	-8421501.0	-4761621.0		0.0	0.0
202605	230H10400	80	差引比率	-9.7	-8.1	-4.1		0.0	0.0
202605	230H10400	81	総時間	6577.0	6403.75	6490.0		101.3	98.6
202605	230H10400	82	定時間	3752.0	3610.0	3705.75	57.0	102.6	98.7
202605	230H10400	83	残業時間	580.0	568.0	590.75	9.1	104.0	101.8
202605	230H10400	84	移動時間	-344.0	-344.0	-368.5	0.0	0.0	0.0
202605	230H10400	85	部門共通（時間）	2589.0	2569.75	2562.0	39.4	99.6	98.9
202605	230H10400	86	当月時間当り	-1720.9	-1315.0	-733.6		0.0	0.0
202605	230H10400	87	人員	26.0	26.0	26.0		100.0	100.0
202605	230B30200	1	総出荷	0.0	0.0	0.0		0.0	0.0
202605	230B30200	2	社外売	0.0	0.0	0.0	0.0	0.0	0.0
202605	230B30200	3	社内売	0.0	0.0	0.0	0.0	0.0	0.0
202605	230B30200	4	社内仕入	0.0	0.0	0.0		0.0	0.0
202605	230B30200	5	仕掛1	0.0	0.0	0.0		0.0	0.0
202605	230B30200	6	総生産	0.0	0.0	0.0		0.0	0.0
202605	230B30200	7	経費合計	0.0	0.0	0.0		0.0	0.0
202605	230B30200	8	経費合計(原価)	0.0	0.0	0.0	0.0	0.0	0.0
202605	230B30200	9	仕掛2	0.0	0.0	0.0	0.0	0.0	0.0
202605	230B30200	10	商品仕入高	0.0	0.0	0.0	0.0	0.0	0.0
202605	230B30200	11	原材料費	0.0	0.0	0.0	0.0	0.0	0.0
202605	230B30200	12	外注加工費	0.0	0.0	0.0	0.0	0.0	0.0
202605	230B30200	13	その他 直接経費	0.0	0.0	0.0	0.0	0.0	0.0
202605	230B30200	14	他勘定振替高	0.0	0.0	0.0	0.0	0.0	0.0
202605	230B30200	15	経費合計（販管費）	0.0	0.0	0.0	0.0	0.0	0.0
202605	230B30200	16	減価償却費	0.0	0.0	0.0	0.0	0.0	0.0
202605	230B30200	17	車両費	176900.0	176874.0	173853.0	0.0	98.2	98.2
202605	230B30200	18	旅費交通費	70000.0	70000.0	46727.0	0.0	66.7	66.7
202605	230B30200	19	荷造運搬費	1000.0	1000.0	0.0	0.0	0.0	0.0
202605	230B30200	20	通信費	23100.0	23064.0	22304.0	0.0	96.7	96.5
202605	230B30200	21	水道光熱費	51000.0	50910.0	46160.0	0.0	90.6	90.5
202605	230B30200	22	動力費	0.0	0.0	0.0	0.0	0.0	0.0
202605	230B30200	23	事務用品費	7200.0	7200.0	2298.0	0.0	31.9	31.9
202605	230B30200	24	消耗品費	36100.0	36100.0	40067.0	0.0	110.9	110.9
202605	230B30200	25	廃棄物処理料	1400.0	1369.0	3372.0	0.0	246.3	240.8
202605	230B30200	26	広告宣伝費	0.0	0.0	0.0	0.0	0.0	0.0
202605	230B30200	27	接待交際費	10000.0	10000.0	0.0	0.0	0.0	0.0
202605	230B30200	28	研究開発費	0.0	0.0	0.0	0.0	0.0	0.0
202605	230B30200	29	アフターサービス費	0.0	0.0	0.0	0.0	0.0	0.0
202605	230B30200	30	クレーム費	0.0	0.0	0.0	0.0	0.0	0.0
202605	230B30200	31	賃借料	480400.0	480349.0	528163.0	0.0	109.9	109.9
202605	230B30200	32	賃貸料収入	-82000.0	-82000.0	-167988.0	0.0	0.0	0.0
202605	230B30200	33	修繕費	0.0	0.0	0.0	0.0	0.0	0.0
202605	230B30200	34	支払リース料	5300.0	5277.0	5278.0	0.0	100.0	99.5
202605	230B30200	35	保険料	0.0	0.0	0.0	0.0	0.0	0.0
202605	230B30200	36	支払報酬	0.0	0.0	0.0	0.0	0.0	0.0
202605	230B30200	37	販売手数料	0.0	0.0	0.0	0.0	0.0	0.0
202605	230B30200	38	支払手数料	1300.0	1224.0	-679.0	0.0	0.0	0.0
202605	230B30200	39	診断料	0.0	0.0	0.0	0.0	0.0	0.0
202605	230B30200	40	諸会費	0.0	0.0	500.0	0.0	0.0	0.0
202605	230B30200	41	会議費	0.0	0.0	0.0	0.0	0.0	0.0
202605	230B30200	42	寄付金	0.0	0.0	0.0	0.0	0.0	0.0
202605	230B30200	43	租税公課	0.0	0.0	0.0	0.0	0.0	0.0
202605	230B30200	44	業務委託費	257300.0	257300.0	257300.0	0.0	100.0	100.0
202605	230B30200	45	業務受託収入	0.0	0.0	0.0	0.0	0.0	0.0
202605	230B30200	46	システム管理料	0.0	0.0	0.0	0.0	0.0	0.0
202605	230B30200	47	情報機器利用料	682300.0	682260.0	674260.0	0.0	98.8	98.8
202605	230B30200	48	貸倒金	0.0	0.0	0.0	0.0	0.0	0.0
202605	230B30200	49	雑費	2600.0	2542.0	5017.0	0.0	197.3	192.9
202605	230B30200	50	福利消耗品費	103000.0	103000.0	3354.0	0.0	3.2	3.2
202605	230B30200	51	教育研修費	2300.0	2268.0	2318.0	0.0	102.2	100.7
202605	230B30200	52	廃棄損・減耗損	0.0	0.0	0.0	0.0	0.0	0.0
202605	230B30200	53	雑給	0.0	0.0	0.0	0.0	0.0	0.0
202605	230B30200	54	社内金利（固定資産）	0.0	0.0	0.0	0.0	0.0	0.0
202605	230B30200	55	社内金利（売掛金）	0.0	0.0	0.0	0.0	0.0	0.0
202605	230B30200	56	社内金利（在庫）	0.0	0.0	0.0	0.0	0.0	0.0
202605	230B30200	57	営業口銭①（新築）	0.0	0.0	0.0	0.0	0.0	0.0
202605	230B30200	58	営業口銭②（リフォ）	0.0	0.0	0.0	0.0	0.0	0.0
202605	230B30200	59	開発口銭	0.0	0.0	0.0	0.0	0.0	0.0
202605	230B30200	60	部門共通（経費）	-2156100.0	-2155637.0	-1969204.0	0.0	0.0	0.0
202605	230B30200	61	グループ共通	326900.0	326900.0	326900.0	0.0	100.0	100.0
202605	230B30200	62	差引収益	0.0	0.0	0.0		0.0	0.0
202605	230B30200	63	差引比率	0.0	0.0	0.0		0.0	0.0
202605	230B30200	64	総時間	0.0	0.0	0.0		0.0	0.0
202605	230B30200	65	定時間	1880.0	1880.0	1929.0	0.0	102.6	102.6
202605	230B30200	66	残業時間	180.0	150.0	140.75	0.0	93.8	78.1
202605	230B30200	67	移動時間	18.75	18.75	17.75	0.0	94.6	94.6
202605	230B30200	68	部門共通（時間）	-2078.75	-2048.75	-2087.5	0.0	0.0	0.0
202605	230B30200	69	当月時間当り	0.0	0.0	0.0		0.0	0.0
202605	230B30200	70	人員	13.0	13.0	13.0		100.0	100.0
202605	230B30100	1	総出荷	0.0	0.0	0.0		0.0	0.0
202605	230B30100	2	社外売	0.0	0.0	0.0	0.0	0.0	0.0
202605	230B30100	3	社内売	0.0	0.0	0.0	0.0	0.0	0.0
202605	230B30100	4	社内仕入	0.0	0.0	0.0		0.0	0.0
202605	230B30100	5	仕掛1	0.0	0.0	0.0		0.0	0.0
202605	230B30100	6	総生産	0.0	0.0	0.0		0.0	0.0
202605	230B30100	7	経費合計	0.0	0.0	0.0		0.0	0.0
202605	230B30100	8	経費合計(原価)	0.0	0.0	0.0	0.0	0.0	0.0
202605	230B30100	9	仕掛2	0.0	0.0	0.0	0.0	0.0	0.0
202605	230B30100	10	商品仕入高	0.0	0.0	0.0	0.0	0.0	0.0
202605	230B30100	11	原材料費	0.0	0.0	0.0	0.0	0.0	0.0
202605	230B30100	12	外注加工費	0.0	0.0	0.0	0.0	0.0	0.0
202605	230B30100	13	その他 直接経費	0.0	0.0	0.0	0.0	0.0	0.0
202605	230B30100	14	他勘定振替高	0.0	0.0	0.0	0.0	0.0	0.0
202605	230B30100	15	経費合計（販管費）	0.0	0.0	0.0	0.0	0.0	0.0
202605	230B30100	16	減価償却費	1065500.0	1164500.0	1164466.0	0.0	99.9	109.2
202605	230B30100	17	車両費	743182.0	698156.0	697131.0	0.0	99.8	93.8
202605	230B30100	18	旅費交通費	531500.0	482500.0	393067.0	0.0	81.4	73.9
202605	230B30100	19	荷造運搬費	4500.0	4500.0	0.0	0.0	0.0	0.0
202605	230B30100	20	通信費	71527.0	71491.0	67709.0	0.0	94.7	94.6
202605	230B30100	21	水道光熱費	110070.0	109980.0	98740.0	0.0	89.7	89.7
202605	230B30100	22	動力費	0.0	0.0	0.0	0.0	0.0	0.0
202605	230B30100	23	事務用品費	15000.0	13000.0	6785.0	0.0	52.1	45.2
202605	230B30100	24	消耗品費	98100.0	107100.0	83421.0	0.0	77.8	85.0
202605	230B30100	25	廃棄物処理料	3550.0	3519.0	6274.0	0.0	178.2	176.7
202605	230B30100	26	広告宣伝費	0.0	0.0	0.0	0.0	0.0	0.0
202605	230B30100	27	接待交際費	60000.0	60000.0	48935.0	0.0	81.5	81.5
202605	230B30100	28	研究開発費	0.0	0.0	0.0	0.0	0.0	0.0
202605	230B30100	29	アフターサービス費	0.0	0.0	0.0	0.0	0.0	0.0
202605	230B30100	30	クレーム費	0.0	0.0	0.0	0.0	0.0	0.0
202605	230B30100	31	賃借料	1035290.0	1035239.0	1041313.0	0.0	100.5	100.5
202605	230B30100	32	賃貸料収入	-223000.0	-223000.0	-304976.0	0.0	0.0	0.0
202605	230B30100	33	修繕費	0.0	0.0	0.0	0.0	0.0	0.0
202605	230B30100	34	支払リース料	10550.0	10527.0	10193.0	0.0	96.8	96.6
202605	230B30100	35	保険料	0.0	0.0	0.0	0.0	0.0	0.0
202605	230B30100	36	支払報酬	20000.0	20000.0	20000.0	0.0	100.0	100.0
202605	230B30100	37	販売手数料	0.0	0.0	-94000.0	0.0	0.0	0.0
202605	230B30100	38	支払手数料	2900.0	2824.0	93000.0	0.0		
202605	230B30100	39	診断料	0.0	0.0	0.0	0.0	0.0	0.0
202605	230B30100	40	諸会費	15600.0	600.0	1600.0	0.0	266.6	10.2
202605	230B30100	41	会議費	2000.0	2000.0	0.0	0.0	0.0	0.0
202605	230B30100	42	寄付金	0.0	0.0	0.0	0.0	0.0	0.0
202605	230B30100	43	租税公課	0.0	0.0	0.0	0.0	0.0	0.0
202605	230B30100	44	業務委託費	554600.0	554600.0	554600.0	0.0	100.0	100.0
202605	230B30100	45	業務受託収入	0.0	0.0	0.0	0.0	0.0	0.0
202605	230B30100	46	システム管理料	0.0	0.0	0.0	0.0	0.0	0.0
202605	230B30100	47	情報機器利用料	1715454.0	1715414.0	1711168.0	0.0	99.7	99.7
202605	230B30100	48	貸倒金	0.0	0.0	0.0	0.0	0.0	0.0
202605	230B30100	49	雑費	5070.0	5012.0	8578.0	0.0	171.1	169.1
202605	230B30100	50	福利消耗品費	216000.0	216000.0	7715.0	0.0	3.5	3.5
202605	230B30100	51	教育研修費	5750.0	5718.0	5264.0	0.0	92.0	91.5
202605	230B30100	52	廃棄損・減耗損	0.0	0.0	0.0	0.0	0.0	0.0
202605	230B30100	53	雑給	0.0	0.0	0.0	0.0	0.0	0.0
202605	230B30100	54	社内金利（固定資産）	235300.0	231700.0	231700.0	0.0	100.0	98.4
202605	230B30100	55	社内金利（売掛金）	0.0	0.0	0.0	0.0	0.0	0.0
202605	230B30100	56	社内金利（在庫）	0.0	0.0	0.0	0.0	0.0	0.0
202605	230B30100	57	営業口銭①（新築）	0.0	0.0	0.0	0.0	0.0	0.0
202605	230B30100	58	営業口銭②（リフォ）	0.0	0.0	0.0	0.0	0.0	0.0
202605	230B30100	59	開発口銭	0.0	0.0	0.0	0.0	0.0	0.0
202605	230B30100	60	部門共通（経費）	-7077843.0	-7070780.0	-6632083.0	0.0	0.0	0.0
202605	230B30100	61	グループ共通	779400.0	779400.0	779400.0	0.0	100.0	100.0
202605	230B30100	62	差引収益	0.0	0.0	0.0		0.0	0.0
202605	230B30100	63	差引比率	0.0	0.0	0.0		0.0	0.0
202605	230B30100	64	総時間	0.0	0.0	0.0		0.0	0.0
202605	230B30100	65	定時間	4395.0	4378.0	4416.0	0.0	100.8	100.4
202605	230B30100	66	残業時間	568.25	525.25	490.0	0.0	93.2	86.2
202605	230B30100	67	移動時間	-180.75	-180.75	-190.75	0.0	0.0	0.0
202605	230B30100	68	部門共通（時間）	-4782.5	-4722.5	-4715.25	0.0	0.0	0.0
202605	230B30100	69	当月時間当り	0.0	0.0	0.0		0.0	0.0
202605	230B30100	70	人員	32.0	32.0	32.0		100.0	100.0
202605	230P10300	1	総受注高	96500000.0	76040000.0	136953219.0		180.1	141.9
202605	230P10300	2	【新築】受注高	35000000.0	22900000.0	46268000.0	33.7	202.0	132.1
202605	230P10300	3	【リフォ】受注高	23500000.0	15140000.0	56543800.0	41.2	373.4	240.6
202605	230P10300	4	【資材】受注高	38000000.0	38000000.0	34141419.0	24.9	89.8	89.8
202605	230P10300	5	総売上高	58000000.0	64994203.0	63685760.0		97.9	109.8
202605	230P10300	6	【新築】売上高	4000000.0	6780000.0	3800000.0	5.9	56.0	95.0
202605	230P10300	7	【リフォ】売上高	18000000.0	22214203.0	20711157.0	32.5	93.2	115.0
202605	230P10300	8	【資材】売上高	36000000.0	36000000.0	39174603.0	61.5	108.8	108.8
202605	230P10300	9	【新築】インセンティブ	0.0	0.0	0.0	0.0	0.0	0.0
202605	230P10300	10	【リフォ】インセンティブ	0.0	0.0	0.0	0.0	0.0	0.0
202605	230P10300	11	【資材】インセンティブ	0.0	0.0	0.0	0.0	0.0	0.0
202605	230P10300	12	収益①（営業口銭）	2900000.0	3671130.0	3296671.0		89.7	113.6
202605	230P10300	13	【新築】収益①(営業口銭)	200000.0	339000.0	190000.0		56.0	95.0
202605	230P10300	14	【リフォ】収益①(営業口銭)	2700000.0	3332130.0	3106671.0		93.2	115.0
202605	230P10300	15	【資材】売上原価	27300000.0	27300000.0	28510041.0		104.4	104.4
202605	230P10300	16	収益②（資材）	8700000.0	8700000.0	10664562.0		122.5	122.5
202605	230P10300	17	総収益	11600000.0	12371130.0	13961233.0		112.8	120.3
202605	230P10300	18	経費合計	4647373.0	4563148.0	4545293.0		99.6	97.8
202605	230P10300	19	減価償却費	2458.0	2458.0	2458.0	0.0	100.0	100.0
202605	230P10300	20	車両費	588000.0	588000.0	568468.0	12.5	96.6	96.6
202605	230P10300	21	旅費交通費	0.0	0.0	0.0	0.0	0.0	0.0
202605	230P10300	22	荷造運搬費	5000.0	5000.0	2098.0	0.0	41.9	41.9
202605	230P10300	23	通信費	90000.0	90000.0	82751.0	1.8	91.9	91.9
202605	230P10300	24	水道光熱費	80000.0	80000.0	69387.0	1.5	86.7	86.7
202605	230P10300	25	動力費	0.0	0.0	0.0	0.0	0.0	0.0
202605	230P10300	26	事務用品費	30000.0	30000.0	23517.0	0.5	78.3	78.3
202605	230P10300	27	消耗品費	20000.0	35000.0	37173.0	0.8	106.2	185.8
202605	230P10300	28	廃棄物処理料	10000.0	10000.0	9335.0	0.2	93.3	93.3
202605	230P10300	29	広告宣伝費	10000.0	13000.0	12194.0	0.2	93.8	121.9
202605	230P10300	30	接待交際費	10000.0	10000.0	14546.0	0.3	145.4	145.4
202605	230P10300	31	研究開発費	0.0	0.0	0.0	0.0	0.0	0.0
202605	230P10300	32	アフターサービス費	0.0	0.0	0.0	0.0	0.0	0.0
202605	230P10300	33	クレーム費	0.0	0.0	0.0	0.0	0.0	0.0
202605	230P10300	34	賃借料	591643.0	591643.0	591643.0	13.0	100.0	100.0
202605	230P10300	35	賃貸料収入	0.0	0.0	0.0	0.0	0.0	0.0
202605	230P10300	36	修繕費	0.0	0.0	0.0	0.0	0.0	0.0
202605	230P10300	37	支払リース料	7000.0	7000.0	7000.0	0.1	100.0	100.0
202605	230P10300	38	保険料	4701.0	4701.0	47111.0	1.0		
202605	230P10300	39	支払報酬	0.0	0.0	0.0	0.0	0.0	0.0
202605	230P10300	40	販売手数料	0.0	0.0	0.0	0.0	0.0	0.0
202605	230P10300	41	支払手数料	330000.0	330000.0	341578.0	7.5	103.5	103.5
202605	230P10300	42	診断料	0.0	0.0	0.0	0.0	0.0	0.0
202605	230P10300	43	諸会費	0.0	0.0	0.0	0.0	0.0	0.0
202605	230P10300	44	会議費	0.0	0.0	0.0	0.0	0.0	0.0
202605	230P10300	45	寄付金	0.0	0.0	0.0	0.0	0.0	0.0
202605	230P10300	46	租税公課	20000.0	20000.0	11900.0	0.2	59.5	59.5
202605	230P10300	47	業務委託費	0.0	0.0	0.0	0.0	0.0	0.0
202605	230P10300	48	業務受託収入	0.0	0.0	0.0	0.0	0.0	0.0
202605	230P10300	49	システム管理料	0.0	0.0	0.0	0.0	0.0	0.0
202605	230P10300	50	情報機器利用料	745920.0	745920.0	744090.0	16.3	99.7	99.7
202605	230P10300	51	貸倒金	0.0	0.0	0.0	0.0	0.0	0.0
202605	230P10300	52	雑費	10000.0	10000.0	5452.0	0.1	54.5	54.5
202605	230P10300	53	福利消耗品費	50000.0	50000.0	1301.0	0.0	2.6	2.6
202605	230P10300	54	教育研修費	3000.0	3000.0	2871.0	0.0	95.7	95.7
202605	230P10300	55	廃棄損・減耗損	0.0	0.0	0.0	0.0	0.0	0.0
202605	230P10300	56	雑給	0.0	0.0	0.0	0.0	0.0	0.0
202605	230P10300	57	社内金利（固定資産）	122.0	122.0	122.0	0.0	100.0	100.0
202605	230P10300	58	社内金利（売掛金）	35000.0	35000.0	30208.0	0.6	86.3	86.3
202605	230P10300	59	社内金利（在庫）	85000.0	85000.0	91760.0	2.0	107.9	107.9
202605	230P10300	60	開発口銭	0.0	0.0	0.0	0.0	0.0	0.0
202605	230P10300	61	部門共通（経費）	1567329.0	1465104.0	1496130.0	32.9	102.1	95.4
202605	230P10300	62	グループ共通	352200.0	352200.0	352200.0	7.7	100.0	100.0
202605	230P10300	63	差引収益	6952627.0	7807982.0	9415940.0		120.5	135.4
202605	230P10300	64	差引比率	11.9	12.0	14.7		122.5	123.5
202605	230P10300	65	総時間	3171.25	3042.25	2996.25		98.4	94.4
202605	230P10300	66	定時間	1930.0	1856.0	1821.5	60.7	98.1	94.3
202605	230P10300	67	残業時間	275.0	216.0	232.0	7.7	107.4	84.3
202605	230P10300	68	移動時間	56.0	56.0	37.0	1.2	66.0	66.0
202605	230P10300	69	部門共通（時間）	910.25	914.25	905.75	30.2	99.0	99.5
202605	230P10300	70	当月時間当り	2192.3	2566.5	3142.5		122.4	143.3
202605	230P10300	71	人員	13.0	13.0	14.0		107.6	107.6
202605	230P10400	1	総受注高	96500000.0	76040000.0	136953219.0		180.1	141.9
202605	230P10400	2	【新築】受注高	35000000.0	22900000.0	46268000.0	33.7	202.0	132.1
202605	230P10400	3	【リフォ】受注高	23500000.0	15140000.0	56543800.0	41.2	373.4	240.6
202605	230P10400	4	【資材】受注高	38000000.0	38000000.0	34141419.0	24.9	89.8	89.8
202605	230P10400	5	総売上高	58000000.0	64994203.0	63685760.0		97.9	109.8
202605	230P10400	6	【新築】売上高	4000000.0	6780000.0	3800000.0	5.9	56.0	95.0
202605	230P10400	7	【リフォ】売上高	18000000.0	22214203.0	20711157.0	32.5	93.2	115.0
202605	230P10400	8	【資材】売上高	36000000.0	36000000.0	39174603.0	61.5	108.8	108.8
202605	230P10400	9	【新築】インセンティブ	0.0	0.0	0.0	0.0	0.0	0.0
202605	230P10400	10	【リフォ】インセンティブ	0.0	0.0	0.0	0.0	0.0	0.0
202605	230P10400	11	【資材】インセンティブ	0.0	0.0	0.0	0.0	0.0	0.0
202605	230P10400	12	収益①（営業口銭）	2900000.0	3671130.0	3296671.0		89.7	113.6
202605	230P10400	13	【新築】収益①(営業口銭)	200000.0	339000.0	190000.0		56.0	95.0
202605	230P10400	14	【リフォ】収益①(営業口銭)	2700000.0	3332130.0	3106671.0		93.2	115.0
202605	230P10400	15	【資材】売上原価	27300000.0	27300000.0	28510041.0		104.4	104.4
202605	230P10400	16	収益②（資材）	8700000.0	8700000.0	10664562.0		122.5	122.5
202605	230P10400	17	総収益	11600000.0	12371130.0	13961233.0		112.8	120.3
202605	230P10400	18	総出荷	22000000.0	28994203.0	24511157.0		84.5	111.4
202605	230P10400	19	社外売	22000000.0	28994203.0	24511157.0	100.0	84.5	111.4
202605	230P10400	20	社内売	0.0	0.0	0.0	0.0	0.0	0.0
202605	230P10400	21	社内仕入	2357000.0	1977399.0	1525731.0		77.1	64.7
202605	230P10400	22	仕掛1	0.0	0.0	0.0		0.0	0.0
202605	230P10400	23	総生産	19643000.0	27016804.0	22985426.0		85.0	117.0
202605	230P10400	24	経費合計	22823809.0	21253147.0	25176479.0		118.4	110.3
202605	230P10400	25	経費合計(原価)	14213000.0	11948701.0	15872853.0	63.0	132.8	111.6
202605	230P10400	26	仕掛2	0.0	0.0	0.0	0.0	0.0	0.0
202605	230P10400	27	商品仕入高	7854000.0	6207091.0	6407617.0	40.3	103.2	81.5
202605	230P10400	28	原材料費	0.0	0.0	0.0	0.0	0.0	0.0
202605	230P10400	29	外注加工費	6278000.0	5290560.0	9380536.0	59.0	177.3	149.4
202605	230P10400	30	その他 直接経費	81000.0	451050.0	84700.0	0.5	18.7	104.5
202605	230P10400	31	他勘定振替高	0.0	0.0	0.0	0.0	0.0	0.0
202605	230P10400	32	経費合計（販管費）	8610809.0	9304446.0	9303626.0	36.9	99.9	108.0
202605	230P10400	33	減価償却費	2458.0	2458.0	2458.0	0.0	100.0	100.0
202605	230P10400	34	車両費	805000.0	805000.0	778844.0	8.3	96.7	96.7
202605	230P10400	35	旅費交通費	0.0	0.0	0.0	0.0	0.0	0.0
202605	230P10400	36	荷造運搬費	5000.0	5000.0	33348.0	0.3	666.9	666.9
202605	230P10400	37	通信費	100000.0	100000.0	92866.0	0.9	92.8	92.8
202605	230P10400	38	水道光熱費	100000.0	100000.0	84257.0	0.9	84.2	84.2
202605	230P10400	39	動力費	0.0	0.0	0.0	0.0	0.0	0.0
202605	230P10400	40	事務用品費	34000.0	34000.0	28001.0	0.3	82.3	82.3
202605	230P10400	41	消耗品費	21000.0	36000.0	45142.0	0.4	125.3	214.9
202605	230P10400	42	廃棄物処理料	-190000.0	-40000.0	129835.0	1.3	0.0	0.0
202605	230P10400	43	広告宣伝費	10000.0	13000.0	12194.0	0.1	93.8	121.9
202605	230P10400	44	接待交際費	10000.0	10000.0	14546.0	0.1	145.4	145.4
202605	230P10400	45	研究開発費	0.0	0.0	0.0	0.0	0.0	0.0
202605	230P10400	46	アフターサービス費	0.0	0.0	0.0	0.0	0.0	0.0
202605	230P10400	47	クレーム費	0.0	0.0	0.0	0.0	0.0	0.0
202605	230P10400	48	賃借料	710000.0	710000.0	710000.0	7.6	100.0	100.0
202605	230P10400	49	賃貸料収入	0.0	0.0	0.0	0.0	0.0	0.0
202605	230P10400	50	修繕費	0.0	0.0	0.0	0.0	0.0	0.0
202605	230P10400	51	支払リース料	8400.0	8400.0	8400.0	0.0	100.0	100.0
202605	230P10400	52	保険料	4701.0	4701.0	47111.0	0.5		
202605	230P10400	53	支払報酬	0.0	0.0	0.0	0.0	0.0	0.0
202605	230P10400	54	販売手数料	0.0	0.0	0.0	0.0	0.0	0.0
202605	230P10400	55	支払手数料	330000.0	330000.0	341578.0	3.6	103.5	103.5
202605	230P10400	56	診断料	0.0	0.0	0.0	0.0	0.0	0.0
202605	230P10400	57	諸会費	0.0	0.0	0.0	0.0	0.0	0.0
202605	230P10400	58	会議費	0.0	0.0	0.0	0.0	0.0	0.0
202605	230P10400	59	寄付金	0.0	0.0	0.0	0.0	0.0	0.0
202605	230P10400	60	租税公課	20000.0	20000.0	11900.0	0.1	59.5	59.5
202605	230P10400	61	業務委託費	0.0	0.0	0.0	0.0	0.0	0.0
202605	230P10400	62	業務受託収入	0.0	0.0	0.0	0.0	0.0	0.0
202605	230P10400	63	システム管理料	0.0	0.0	0.0	0.0	0.0	0.0
202605	230P10400	64	情報機器利用料	856780.0	856780.0	860800.0	9.2	100.4	100.4
202605	230P10400	65	貸倒金	0.0	0.0	0.0	0.0	0.0	0.0
202605	230P10400	66	雑費	10800.0	10800.0	6409.0	0.0	59.3	59.3
202605	230P10400	67	福利消耗品費	66000.0	66000.0	1581.0	0.0	2.3	2.3
202605	230P10400	68	教育研修費	3000.0	3000.0	2871.0	0.0	95.7	95.7
202605	230P10400	69	廃棄損・減耗損	0.0	0.0	0.0	0.0	0.0	0.0
202605	230P10400	70	雑給	0.0	0.0	0.0	0.0	0.0	0.0
202605	230P10400	71	社内金利（固定資産）	122.0	122.0	122.0	0.0	100.0	100.0
202605	230P10400	72	社内金利（売掛金）	35000.0	35000.0	30208.0	0.3	86.3	86.3
202605	230P10400	73	社内金利（在庫）	85000.0	85000.0	91760.0	0.9	107.9	107.9
202605	230P10400	74	営業口銭①（新築）	200000.0	339000.0	190000.0	2.0	56.0	95.0
202605	230P10400	75	営業口銭②（リフォ）	2700000.0	3332130.0	3106671.0	33.3	93.2	115.0
202605	230P10400	76	開発口銭	0.0	0.0	0.0	0.0	0.0	0.0
202605	230P10400	77	部門共通（経費）	2255548.0	2010055.0	2244724.0	24.1	111.6	99.5
202605	230P10400	78	グループ共通	428000.0	428000.0	428000.0	4.6	100.0	100.0
202605	230P10400	79	差引収益	8419191.0	18134787.0	11770180.0		64.9	139.8
202605	230P10400	80	差引比率	10.8	19.7	13.5		68.5	125.0
202605	230P10400	81	総時間	3884.75	3746.25	3732.5		99.6	96.0
202605	230P10400	82	定時間	2378.0	2296.0	2285.5	61.2	99.5	96.1
202605	230P10400	83	残業時間	335.0	276.0	293.25	7.8	106.2	87.5
202605	230P10400	84	移動時間	56.0	56.0	37.0	0.9	66.0	66.0
202605	230P10400	85	部門共通（時間）	1115.75	1118.25	1116.75	29.9	99.8	100.0
202605	230P10400	86	当月時間当り	2167.2	4840.7	3153.4		65.1	145.5
202605	230P10400	87	人員	16.0	16.0	17.0		106.2	106.2
202605	230P30101	1	総出荷	22000000.0	28994203.0	24511157.0		84.5	111.4
202605	230P30101	2	社外売	22000000.0	28994203.0	24511157.0	100.0	84.5	111.4
202605	230P30101	3	社内売	0.0	0.0	0.0	0.0	0.0	0.0
202605	230P30101	4	社内仕入	2357000.0	1977399.0	1525731.0		77.1	64.7
202605	230P30101	5	仕掛1	0.0	0.0	0.0		0.0	0.0
202605	230P30101	6	総生産	19643000.0	27016804.0	22985426.0		85.0	117.0
202605	230P30101	7	経費合計	18176436.0	16689999.0	20631186.0		123.6	113.5
202605	230P30101	8	経費合計(原価)	14213000.0	11948701.0	15872853.0	76.9	132.8	111.6
202605	230P30101	9	仕掛2	0.0	0.0	0.0	0.0	0.0	0.0
202605	230P30101	10	商品仕入高	7854000.0	6207091.0	6407617.0	40.3	103.2	81.5
202605	230P30101	11	原材料費	0.0	0.0	0.0	0.0	0.0	0.0
202605	230P30101	12	外注加工費	6278000.0	5290560.0	9380536.0	59.0	177.3	149.4
202605	230P30101	13	その他 直接経費	81000.0	451050.0	84700.0	0.5	18.7	104.5
202605	230P30101	14	他勘定振替高	0.0	0.0	0.0	0.0	0.0	0.0
202605	230P30101	15	経費合計（販管費）	3963436.0	4741298.0	4758333.0	23.0	100.3	120.0
202605	230P30101	16	減価償却費	0.0	0.0	0.0	0.0	0.0	0.0
202605	230P30101	17	車両費	217000.0	217000.0	210376.0	4.4	96.9	96.9
202605	230P30101	18	旅費交通費	0.0	0.0	0.0	0.0	0.0	0.0
202605	230P30101	19	荷造運搬費	0.0	0.0	31250.0	0.6	0.0	0.0
202605	230P30101	20	通信費	10000.0	10000.0	10115.0	0.2	101.1	101.1
202605	230P30101	21	水道光熱費	20000.0	20000.0	14870.0	0.3	74.3	74.3
202605	230P30101	22	動力費	0.0	0.0	0.0	0.0	0.0	0.0
202605	230P30101	23	事務用品費	4000.0	4000.0	4484.0	0.0	112.1	112.1
202605	230P30101	24	消耗品費	1000.0	1000.0	7969.0	0.1	796.9	796.9
202605	230P30101	25	廃棄物処理料	-200000.0	-50000.0	120500.0	2.5	0.0	0.0
202605	230P30101	26	広告宣伝費	0.0	0.0	0.0	0.0	0.0	0.0
202605	230P30101	27	接待交際費	0.0	0.0	0.0	0.0	0.0	0.0
202605	230P30101	28	研究開発費	0.0	0.0	0.0	0.0	0.0	0.0
202605	230P30101	29	アフターサービス費	0.0	0.0	0.0	0.0	0.0	0.0
202605	230P30101	30	クレーム費	0.0	0.0	0.0	0.0	0.0	0.0
202605	230P30101	31	賃借料	118357.0	118357.0	118357.0	2.4	100.0	100.0
202605	230P30101	32	賃貸料収入	0.0	0.0	0.0	0.0	0.0	0.0
202605	230P30101	33	修繕費	0.0	0.0	0.0	0.0	0.0	0.0
202605	230P30101	34	支払リース料	1400.0	1400.0	1400.0	0.0	100.0	100.0
202605	230P30101	35	保険料	0.0	0.0	0.0	0.0	0.0	0.0
202605	230P30101	36	支払報酬	0.0	0.0	0.0	0.0	0.0	0.0
202605	230P30101	37	販売手数料	0.0	0.0	0.0	0.0	0.0	0.0
202605	230P30101	38	支払手数料	0.0	0.0	0.0	0.0	0.0	0.0
202605	230P30101	39	診断料	0.0	0.0	0.0	0.0	0.0	0.0
202605	230P30101	40	諸会費	0.0	0.0	0.0	0.0	0.0	0.0
202605	230P30101	41	会議費	0.0	0.0	0.0	0.0	0.0	0.0
202605	230P30101	42	寄付金	0.0	0.0	0.0	0.0	0.0	0.0
202605	230P30101	43	租税公課	0.0	0.0	0.0	0.0	0.0	0.0
202605	230P30101	44	業務委託費	0.0	0.0	0.0	0.0	0.0	0.0
202605	230P30101	45	業務受託収入	0.0	0.0	0.0	0.0	0.0	0.0
202605	230P30101	46	システム管理料	0.0	0.0	0.0	0.0	0.0	0.0
202605	230P30101	47	情報機器利用料	110860.0	110860.0	116710.0	2.4	105.2	105.2
202605	230P30101	48	貸倒金	0.0	0.0	0.0	0.0	0.0	0.0
202605	230P30101	49	雑費	800.0	800.0	957.0	0.0	119.6	119.6
202605	230P30101	50	福利消耗品費	16000.0	16000.0	280.0	0.0	1.7	1.7
202605	230P30101	51	教育研修費	0.0	0.0	0.0	0.0	0.0	0.0
202605	230P30101	52	廃棄損・減耗損	0.0	0.0	0.0	0.0	0.0	0.0
202605	230P30101	53	雑給	0.0	0.0	0.0	0.0	0.0	0.0
202605	230P30101	54	社内金利（固定資産）	0.0	0.0	0.0	0.0	0.0	0.0
202605	230P30101	55	社内金利（売掛金）	0.0	0.0	0.0	0.0	0.0	0.0
202605	230P30101	56	社内金利（在庫）	0.0	0.0	0.0	0.0	0.0	0.0
202605	230P30101	57	営業口銭①（新築）	200000.0	339000.0	190000.0	3.9	56.0	95.0
202605	230P30101	58	営業口銭②（リフォ）	2700000.0	3332130.0	3106671.0	65.2	93.2	115.0
202605	230P30101	59	開発口銭	0.0	0.0	0.0	0.0	0.0	0.0
202605	230P30101	60	部門共通（経費）	688219.0	544951.0	748594.0	15.7	137.3	108.7
202605	230P30101	61	グループ共通	75800.0	75800.0	75800.0	1.5	100.0	100.0
202605	230P30101	62	差引収益	1466564.0	10326805.0	2354240.0		22.7	160.5
202605	230P30101	63	差引比率	7.4	38.2	10.2		26.7	137.8
202605	230P30101	64	総時間	713.5	704.0	736.25		104.5	103.1
202605	230P30101	65	定時間	448.0	440.0	464.0	63.0	105.4	103.5
202605	230P30101	66	残業時間	60.0	60.0	61.25	8.3	102.0	102.0
202605	230P30101	67	移動時間	0.0	0.0	0.0	0.0	0.0	0.0
202605	230P30101	68	部門共通（時間）	205.5	204.0	211.0	28.6	103.4	102.6
202605	230P30101	69	当月時間当り	2055.4	14668.7	3197.6		21.7	155.5
202605	230P30101	70	人員	3.0	3.0	3.0		100.0	100.0
202605	230K10100	1	総受注高	74120000.0	98494380.0	91577945.0		92.9	123.5
202605	230K10100	2	【新築】受注高	2000000.0	30000000.0	30000000.0	32.7	100.0	
202605	230K10100	3	【リフォ】受注高	27630000.0	24004380.0	29646869.0	32.3	123.5	107.2
202605	230K10100	4	【資材】受注高	44490000.0	44490000.0	31931076.0	34.8	71.7	71.7
202605	230K10100	5	総売上高	59650000.0	44684000.0	42812842.0		95.8	71.7
202605	230K10100	6	【新築】売上高	2000000.0	0.0	0.0	0.0	0.0	0.0
202605	230K10100	7	【リフォ】売上高	27630000.0	14664000.0	14092468.0	32.9	96.1	51.0
202605	230K10100	8	【資材】売上高	30020000.0	30020000.0	28720374.0	67.0	95.6	95.6
202605	230K10100	9	【新築】インセンティブ	0.0	0.0	0.0	0.0	0.0	0.0
202605	230K10100	10	【リフォ】インセンティブ	0.0	0.0	0.0	0.0	0.0	0.0
202605	230K10100	11	【資材】インセンティブ	0.0	0.0	0.0	0.0	0.0	0.0
202605	230K10100	12	収益①（営業口銭）	4244500.0	2199600.0	2113869.0		96.1	49.8
202605	230K10100	13	【新築】収益①(営業口銭)	100000.0	0.0	0.0		0.0	0.0
202605	230K10100	14	【リフォ】収益①(営業口銭)	4144500.0	2199600.0	2113869.0		96.1	51.0
202605	230K10100	15	【資材】売上原価	23404000.0	23404000.0	20846081.0		89.0	89.0
202605	230K10100	16	収益②（資材）	6616000.0	6616000.0	7874293.0		119.0	119.0
202605	230K10100	17	総収益	10860500.0	8815600.0	9988162.0		113.3	91.9
202605	230K10100	18	経費合計	4857561.0	4767055.0	5341786.0		112.0	109.9
202605	230K10100	19	減価償却費	55000.0	55000.0	52582.0	0.9	95.6	95.6
202605	230K10100	20	車両費	534000.0	534660.0	620394.0	11.6	116.0	116.1
202605	230K10100	21	旅費交通費	0.0	0.0	0.0	0.0	0.0	0.0
202605	230K10100	22	荷造運搬費	0.0	0.0	0.0	0.0	0.0	0.0
202605	230K10100	23	通信費	86000.0	85759.0	82655.0	1.5	96.3	96.1
202605	230K10100	24	水道光熱費	103000.0	85200.0	82137.0	1.5	96.4	79.7
202605	230K10100	25	動力費	0.0	0.0	0.0	0.0	0.0	0.0
202605	230K10100	26	事務用品費	23000.0	27500.0	18488.0	0.3	67.2	80.3
202605	230K10100	27	消耗品費	60000.0	60000.0	199973.0	3.7	333.2	333.2
202605	230K10100	28	廃棄物処理料	11000.0	11000.0	12459.0	0.2	113.2	113.2
202605	230K10100	29	広告宣伝費	25000.0	25000.0	23111.0	0.4	92.4	92.4
202605	230K10100	30	接待交際費	20000.0	20000.0	9091.0	0.1	45.4	45.4
202605	230K10100	31	研究開発費	0.0	0.0	0.0	0.0	0.0	0.0
202605	230K10100	32	アフターサービス費	0.0	0.0	0.0	0.0	0.0	0.0
202605	230K10100	33	クレーム費	0.0	0.0	0.0	0.0	0.0	0.0
202605	230K10100	34	賃借料	877800.0	877800.0	877800.0	16.4	100.0	100.0
202605	230K10100	35	賃貸料収入	0.0	0.0	0.0	0.0	0.0	0.0
202605	230K10100	36	修繕費	0.0	0.0	0.0	0.0	0.0	0.0
202605	230K10100	37	支払リース料	18000.0	18000.0	9009.0	0.1	50.0	50.0
202605	230K10100	38	保険料	4000.0	4000.0	5314.0	0.0	132.8	132.8
202605	230K10100	39	支払報酬	0.0	0.0	0.0	0.0	0.0	0.0
202605	230K10100	40	販売手数料	0.0	0.0	0.0	0.0	0.0	0.0
202605	230K10100	41	支払手数料	85000.0	87250.0	271454.0	5.0	311.1	319.3
202605	230K10100	42	診断料	0.0	0.0	0.0	0.0	0.0	0.0
202605	230K10100	43	諸会費	1000.0	0.0	0.0	0.0	0.0	0.0
202605	230K10100	44	会議費	0.0	0.0	0.0	0.0	0.0	0.0
202605	230K10100	45	寄付金	3000.0	3000.0	0.0	0.0	0.0	0.0
202605	230K10100	46	租税公課	5000.0	5000.0	23000.0	0.4	460.0	460.0
202605	230K10100	47	業務委託費	0.0	0.0	0.0	0.0	0.0	0.0
202605	230K10100	48	業務受託収入	0.0	0.0	0.0	0.0	0.0	0.0
202605	230K10100	49	システム管理料	0.0	0.0	0.0	0.0	0.0	0.0
202605	230K10100	50	情報機器利用料	721500.0	758790.0	751440.0	14.0	99.0	104.1
202605	230K10100	51	貸倒金	0.0	0.0	0.0	0.0	0.0	0.0
202605	230K10100	52	雑費	7000.0	7914.0	18724.0	0.3	236.5	267.4
202605	230K10100	53	福利消耗品費	95000.0	58050.0	3894.0	0.0	6.7	4.0
202605	230K10100	54	教育研修費	103000.0	122871.0	48326.0	0.9	39.3	46.9
202605	230K10100	55	廃棄損・減耗損	0.0	0.0	239964.0	4.4	0.0	0.0
202605	230K10100	56	雑給	0.0	0.0	0.0	0.0	0.0	0.0
202605	230K10100	57	社内金利（固定資産）	18346.0	18346.0	17929.0	0.3	97.7	97.7
202605	230K10100	58	社内金利（売掛金）	26000.0	26000.0	12959.0	0.2	49.8	49.8
202605	230K10100	59	社内金利（在庫）	54000.0	54000.0	107053.0	2.0	198.2	198.2
202605	230K10100	60	開発口銭	0.0	0.0	0.0	0.0	0.0	0.0
202605	230K10100	61	部門共通（経費）	1569715.0	1469715.0	1501830.0	28.1	102.1	95.6
202605	230K10100	62	グループ共通	352200.0	352200.0	352200.0	6.5	100.0	100.0
202605	230K10100	63	差引収益	6002939.0	4048545.0	4646376.0		114.7	77.4
202605	230K10100	64	差引比率	10.0	9.0	10.8		120.0	108.0
202605	230K10100	65	総時間	2873.5	2978.0	3087.5		103.6	107.4
202605	230K10100	66	定時間	1836.75	1922.0	1905.0	61.7	99.1	103.7
202605	230K10100	67	残業時間	250.5	268.0	231.25	7.4	86.2	92.3
202605	230K10100	68	移動時間	-130.75	-131.5	39.0	1.2	0.0	0.0
202605	230K10100	69	部門共通（時間）	917.0	919.5	912.25	29.5	99.2	99.4
202605	230K10100	70	当月時間当り	2089.0	1359.4	1504.8		110.6	72.0
202605	230K10100	71	人員	13.0	13.0	13.0		100.0	100.0
202605	230K10200	1	総受注高	74120000.0	98494380.0	91577945.0		92.9	123.5
202605	230K10200	2	【新築】受注高	2000000.0	30000000.0	30000000.0	32.7	100.0	
202605	230K10200	3	【リフォ】受注高	27630000.0	24004380.0	29646869.0	32.3	123.5	107.2
202605	230K10200	4	【資材】受注高	44490000.0	44490000.0	31931076.0	34.8	71.7	71.7
202605	230K10200	5	総売上高	59650000.0	44684000.0	42812842.0		95.8	71.7
202605	230K10200	6	【新築】売上高	2000000.0	0.0	0.0	0.0	0.0	0.0
202605	230K10200	7	【リフォ】売上高	27630000.0	14664000.0	14092468.0	32.9	96.1	51.0
202605	230K10200	8	【資材】売上高	30020000.0	30020000.0	28720374.0	67.0	95.6	95.6
202605	230K10200	9	【新築】インセンティブ	0.0	0.0	0.0	0.0	0.0	0.0
202605	230K10200	10	【リフォ】インセンティブ	0.0	0.0	0.0	0.0	0.0	0.0
202605	230K10200	11	【資材】インセンティブ	0.0	0.0	0.0	0.0	0.0	0.0
202605	230K10200	12	収益①（営業口銭）	4244500.0	2199600.0	2113869.0		96.1	49.8
202605	230K10200	13	【新築】収益①(営業口銭)	100000.0	0.0	0.0		0.0	0.0
202605	230K10200	14	【リフォ】収益①(営業口銭)	4144500.0	2199600.0	2113869.0		96.1	51.0
202605	230K10200	15	【資材】売上原価	23404000.0	23404000.0	20846081.0		89.0	89.0
202605	230K10200	16	収益②（資材）	6616000.0	6616000.0	7874293.0		119.0	119.0
202605	230K10200	17	総収益	10860500.0	8815600.0	9988162.0		113.3	91.9
202605	230K10200	18	総出荷	29630000.0	14664000.0	14092468.0		96.1	47.5
202605	230K10200	19	社外売	29630000.0	14664000.0	14092468.0	100.0	96.1	47.5
202605	230K10200	20	社内売	0.0	0.0	0.0	0.0	0.0	0.0
202605	230K10200	21	社内仕入	2534000.0	4816126.0	7093804.0		147.2	279.9
202605	230K10200	22	仕掛1	0.0	0.0	0.0		0.0	0.0
202605	230K10200	23	総生産	27096000.0	9847874.0	6998664.0		71.0	25.8
202605	230K10200	24	経費合計	29943697.0	23528530.0	28741629.0		122.1	95.9
202605	230K10200	25	経費合計(原価)	19286000.0	15157095.0	19745672.0	68.7	130.2	102.3
202605	230K10200	26	仕掛2	0.0	0.0	0.0	0.0	0.0	0.0
202605	230K10200	27	商品仕入高	10569000.0	4380946.0	12117793.0	61.3	276.6	114.6
202605	230K10200	28	原材料費	0.0	0.0	0.0	0.0	0.0	0.0
202605	230K10200	29	外注加工費	8552300.0	10776149.0	7438479.0	37.6	69.0	86.9
202605	230K10200	30	その他 直接経費	164700.0	0.0	189400.0	0.9	0.0	114.9
202605	230K10200	31	他勘定振替高	0.0	0.0	0.0	0.0	0.0	0.0
202605	230K10200	32	経費合計（販管費）	10657697.0	8371435.0	8995957.0	31.2	107.4	84.4
202605	230K10200	33	減価償却費	55000.0	55000.0	52582.0	0.5	95.6	95.6
202605	230K10200	34	車両費	792000.0	792660.0	866002.0	9.6	109.2	109.3
202605	230K10200	35	旅費交通費	0.0	0.0	0.0	0.0	0.0	0.0
202605	230K10200	36	荷造運搬費	0.0	0.0	0.0	0.0	0.0	0.0
202605	230K10200	37	通信費	97000.0	96759.0	92968.0	1.0	96.0	95.8
202605	230K10200	38	水道光熱費	127000.0	109200.0	101149.0	1.1	92.6	79.6
202605	230K10200	39	動力費	0.0	0.0	0.0	0.0	0.0	0.0
202605	230K10200	40	事務用品費	29000.0	33500.0	21224.0	0.2	63.3	73.1
202605	230K10200	41	消耗品費	75000.0	75000.0	204629.0	2.2	272.8	272.8
202605	230K10200	42	廃棄物処理料	31000.0	31000.0	65659.0	0.7	211.8	211.8
202605	230K10200	43	広告宣伝費	25000.0	25000.0	23111.0	0.2	92.4	92.4
202605	230K10200	44	接待交際費	20000.0	20000.0	9091.0	0.1	45.4	45.4
202605	230K10200	45	研究開発費	0.0	0.0	0.0	0.0	0.0	0.0
202605	230K10200	46	アフターサービス費	0.0	0.0	0.0	0.0	0.0	0.0
202605	230K10200	47	クレーム費	0.0	0.0	0.0	0.0	0.0	0.0
202605	230K10200	48	賃借料	1083800.0	1083800.0	1083000.0	12.0	99.9	99.9
202605	230K10200	49	賃貸料収入	0.0	0.0	0.0	0.0	0.0	0.0
202605	230K10200	50	修繕費	0.0	0.0	0.0	0.0	0.0	0.0
202605	230K10200	51	支払リース料	23000.0	23000.0	11261.0	0.1	48.9	48.9
202605	230K10200	52	保険料	5000.0	5000.0	5314.0	0.0	106.2	106.2
202605	230K10200	53	支払報酬	0.0	0.0	0.0	0.0	0.0	0.0
202605	230K10200	54	販売手数料	0.0	0.0	0.0	0.0	0.0	0.0
202605	230K10200	55	支払手数料	88000.0	90250.0	273204.0	3.0	302.7	310.4
202605	230K10200	56	診断料	0.0	0.0	0.0	0.0	0.0	0.0
202605	230K10200	57	諸会費	1000.0	0.0	0.0	0.0	0.0	0.0
202605	230K10200	58	会議費	0.0	0.0	0.0	0.0	0.0	0.0
202605	230K10200	59	寄付金	3000.0	3000.0	0.0	0.0	0.0	0.0
202605	230K10200	60	租税公課	5000.0	5000.0	23000.0	0.2	460.0	460.0
202605	230K10200	61	業務委託費	0.0	0.0	0.0	0.0	0.0	0.0
202605	230K10200	62	業務受託収入	0.0	0.0	0.0	0.0	0.0	0.0
202605	230K10200	63	システム管理料	0.0	0.0	0.0	0.0	0.0	0.0
202605	230K10200	64	情報機器利用料	886500.0	923790.0	914850.0	10.1	99.0	103.1
202605	230K10200	65	貸倒金	0.0	0.0	0.0	0.0	0.0	0.0
202605	230K10200	66	雑費	9000.0	9914.0	21788.0	0.2	219.7	242.0
202605	230K10200	67	福利消耗品費	119000.0	74050.0	4794.0	0.0	6.4	4.0
202605	230K10200	68	教育研修費	151000.0	170871.0	48326.0	0.5	28.2	32.0
202605	230K10200	69	廃棄損・減耗損	0.0	0.0	239964.0	2.6	0.0	0.0
202605	230K10200	70	雑給	0.0	0.0	0.0	0.0	0.0	0.0
202605	230K10200	71	社内金利（固定資産）	18346.0	18346.0	17929.0	0.1	97.7	97.7
202605	230K10200	72	社内金利（売掛金）	26000.0	26000.0	12959.0	0.1	49.8	49.8
202605	230K10200	73	社内金利（在庫）	54000.0	54000.0	107053.0	1.1	198.2	198.2
202605	230K10200	74	営業口銭①（新築）	100000.0	0.0	0.0	0.0	0.0	0.0
202605	230K10200	75	営業口銭②（リフォ）	4144500.0	2199600.0	2113869.0	23.4	96.1	51.0
202605	230K10200	76	開発口銭	0.0	0.0	0.0	0.0	0.0	0.0
202605	230K10200	77	部門共通（経費）	2261551.0	2018695.0	2254231.0	25.0	111.6	99.6
202605	230K10200	78	グループ共通	428000.0	428000.0	428000.0	4.7	100.0	100.0
202605	230K10200	79	差引収益	8012803.0	-4865056.0	-11754803.0		0.0	0.0
202605	230K10200	80	差引比率	9.2	-8.9	-23.5		0.0	0.0
202605	230K10200	81	総時間	3929.0	4014.0	3726.75		92.8	94.8
202605	230K10200	82	定時間	2439.25	2524.5	2311.25	62.0	91.5	94.7
202605	230K10200	83	残業時間	326.5	344.0	289.25	7.7	84.0	88.5
202605	230K10200	84	移動時間	37.25	18.5	-1.0	0.0	0.0	0.0
202605	230K10200	85	部門共通（時間）	1126.0	1127.0	1127.25	30.2	100.0	100.1
202605	230K10200	86	当月時間当り	2039.4	-1212.0	-3154.1		0.0	0.0
202605	230K10200	87	人員	16.0	16.0	16.0		100.0	100.0
202605	230K30101	1	総出荷	29630000.0	14664000.0	14092468.0		96.1	47.5
202605	230K30101	2	社外売	29630000.0	14664000.0	14092468.0	100.0	96.1	47.5
202605	230K30101	3	社内売	0.0	0.0	0.0	0.0	0.0	0.0
202605	230K30101	4	社内仕入	2534000.0	4816126.0	7093804.0		147.2	279.9
202605	230K30101	5	仕掛1	0.0	0.0	0.0		0.0	0.0
202605	230K30101	6	総生産	27096000.0	9847874.0	6998664.0		71.0	25.8
202605	230K30101	7	経費合計	25086136.0	18761475.0	23399843.0		124.7	93.2
202605	230K30101	8	経費合計(原価)	19286000.0	15157095.0	19745672.0	84.3	130.2	102.3
202605	230K30101	9	仕掛2	0.0	0.0	0.0	0.0	0.0	0.0
202605	230K30101	10	商品仕入高	10569000.0	4380946.0	12117793.0	61.3	276.6	114.6
202605	230K30101	11	原材料費	0.0	0.0	0.0	0.0	0.0	0.0
202605	230K30101	12	外注加工費	8552300.0	10776149.0	7438479.0	37.6	69.0	86.9
202605	230K30101	13	その他 直接経費	164700.0	0.0	189400.0	0.9	0.0	114.9
202605	230K30101	14	他勘定振替高	0.0	0.0	0.0	0.0	0.0	0.0
202605	230K30101	15	経費合計（販管費）	5800136.0	3604380.0	3654171.0	15.6	101.3	63.0
202605	230K30101	16	減価償却費	0.0	0.0	0.0	0.0	0.0	0.0
202605	230K30101	17	車両費	258000.0	258000.0	245608.0	6.7	95.1	95.1
202605	230K30101	18	旅費交通費	0.0	0.0	0.0	0.0	0.0	0.0
202605	230K30101	19	荷造運搬費	0.0	0.0	0.0	0.0	0.0	0.0
202605	230K30101	20	通信費	11000.0	11000.0	10313.0	0.2	93.7	93.7
202605	230K30101	21	水道光熱費	24000.0	24000.0	19012.0	0.5	79.2	79.2
202605	230K30101	22	動力費	0.0	0.0	0.0	0.0	0.0	0.0
202605	230K30101	23	事務用品費	6000.0	6000.0	2736.0	0.0	45.6	45.6
202605	230K30101	24	消耗品費	15000.0	15000.0	4656.0	0.1	31.0	31.0
202605	230K30101	25	廃棄物処理料	20000.0	20000.0	53200.0	1.4	266.0	266.0
202605	230K30101	26	広告宣伝費	0.0	0.0	0.0	0.0	0.0	0.0
202605	230K30101	27	接待交際費	0.0	0.0	0.0	0.0	0.0	0.0
202605	230K30101	28	研究開発費	0.0	0.0	0.0	0.0	0.0	0.0
202605	230K30101	29	アフターサービス費	0.0	0.0	0.0	0.0	0.0	0.0
202605	230K30101	30	クレーム費	0.0	0.0	0.0	0.0	0.0	0.0
202605	230K30101	31	賃借料	206000.0	206000.0	205200.0	5.6	99.6	99.6
202605	230K30101	32	賃貸料収入	0.0	0.0	0.0	0.0	0.0	0.0
202605	230K30101	33	修繕費	0.0	0.0	0.0	0.0	0.0	0.0
202605	230K30101	34	支払リース料	5000.0	5000.0	2252.0	0.0	45.0	45.0
202605	230K30101	35	保険料	1000.0	1000.0	0.0	0.0	0.0	0.0
202605	230K30101	36	支払報酬	0.0	0.0	0.0	0.0	0.0	0.0
202605	230K30101	37	販売手数料	0.0	0.0	0.0	0.0	0.0	0.0
202605	230K30101	38	支払手数料	3000.0	3000.0	1750.0	0.0	58.3	58.3
202605	230K30101	39	診断料	0.0	0.0	0.0	0.0	0.0	0.0
202605	230K30101	40	諸会費	0.0	0.0	0.0	0.0	0.0	0.0
202605	230K30101	41	会議費	0.0	0.0	0.0	0.0	0.0	0.0
202605	230K30101	42	寄付金	0.0	0.0	0.0	0.0	0.0	0.0
202605	230K30101	43	租税公課	0.0	0.0	0.0	0.0	0.0	0.0
202605	230K30101	44	業務委託費	0.0	0.0	0.0	0.0	0.0	0.0
202605	230K30101	45	業務受託収入	0.0	0.0	0.0	0.0	0.0	0.0
202605	230K30101	46	システム管理料	0.0	0.0	0.0	0.0	0.0	0.0
202605	230K30101	47	情報機器利用料	165000.0	165000.0	163410.0	4.4	99.0	99.0
202605	230K30101	48	貸倒金	0.0	0.0	0.0	0.0	0.0	0.0
202605	230K30101	49	雑費	2000.0	2000.0	3064.0	0.0	153.2	153.2
202605	230K30101	50	福利消耗品費	24000.0	16000.0	900.0	0.0	5.6	3.7
202605	230K30101	51	教育研修費	48000.0	48000.0	0.0	0.0	0.0	0.0
202605	230K30101	52	廃棄損・減耗損	0.0	0.0	0.0	0.0	0.0	0.0
202605	230K30101	53	雑給	0.0	0.0	0.0	0.0	0.0	0.0
202605	230K30101	54	社内金利（固定資産）	0.0	0.0	0.0	0.0	0.0	0.0
202605	230K30101	55	社内金利（売掛金）	0.0	0.0	0.0	0.0	0.0	0.0
202605	230K30101	56	社内金利（在庫）	0.0	0.0	0.0	0.0	0.0	0.0
202605	230K30101	57	営業口銭①（新築）	100000.0	0.0	0.0	0.0	0.0	0.0
202605	230K30101	58	営業口銭②（リフォ）	4144500.0	2199600.0	2113869.0	57.8	96.1	51.0
202605	230K30101	59	開発口銭	0.0	0.0	0.0	0.0	0.0	0.0
202605	230K30101	60	部門共通（経費）	691836.0	548980.0	752401.0	20.5	137.0	108.7
202605	230K30101	61	グループ共通	75800.0	75800.0	75800.0	2.0	100.0	100.0
202605	230K30101	62	差引収益	2009864.0	-8913601.0	-16401179.0		0.0	0.0
202605	230K30101	63	差引比率	7.4	-90.5	-234.3		0.0	0.0
202605	230K30101	64	総時間	1055.5	1036.0	639.25		61.7	60.5
202605	230K30101	65	定時間	602.5	602.5	406.25	63.5	67.4	67.4
202605	230K30101	66	残業時間	76.0	76.0	58.0	9.0	76.3	76.3
202605	230K30101	67	移動時間	168.0	150.0	-40.0	0.0	0.0	0.0
202605	230K30101	68	部門共通（時間）	209.0	207.5	215.0	33.6	103.6	102.8
202605	230K30101	69	当月時間当り	1904.1	-8603.8	-25656.9		0.0	0.0
202605	230K30101	70	人員	3.0	3.0	3.0		100.0	100.0
202605	230C30330	1	総出荷	75000000.0	27149875.0	28458151.0		104.8	37.9
202605	230C30330	2	社外売	0.0	0.0	0.0	0.0	0.0	0.0
202605	230C30330	3	社内売	75000000.0	27149875.0	28458151.0	100.0	104.8	37.9
202605	230C30330	4	社内仕入	9000000.0	7476702.0	7926977.0		106.0	88.0
202605	230C30330	5	仕掛1	0.0	0.0	0.0		0.0	0.0
202605	230C30330	6	総生産	66000000.0	19673173.0	20531174.0		104.3	31.1
202605	230C30330	7	経費合計	84356910.0	69628638.0	72628288.0		104.3	86.0
202605	230C30330	8	経費合計(原価)	81750000.0	66893286.0	69896596.0	96.2	104.4	85.5
202605	230C30330	9	仕掛2	0.0	0.0	0.0	0.0	0.0	0.0
202605	230C30330	10	商品仕入高	50250000.0	30637264.0	40049557.0	57.2	130.7	79.7
202605	230C30330	11	原材料費	31500000.0	36256022.0	29847039.0	42.7	82.3	94.7
202605	230C30330	12	外注加工費	0.0	0.0	0.0	0.0	0.0	0.0
202605	230C30330	13	その他 直接経費	0.0	0.0	0.0	0.0	0.0	0.0
202605	230C30330	14	他勘定振替高	0.0	0.0	0.0	0.0	0.0	0.0
202605	230C30330	15	経費合計（販管費）	2606910.0	2735352.0	2731692.0	3.7	99.8	104.7
202605	230C30330	16	減価償却費	0.0	0.0	0.0	0.0	0.0	0.0
202605	230C30330	17	車両費	69673.0	77500.0	53500.0	1.9	69.0	76.7
202605	230C30330	18	旅費交通費	20000.0	0.0	0.0	0.0	0.0	0.0
202605	230C30330	19	荷造運搬費	0.0	0.0	0.0	0.0	0.0	0.0
202605	230C30330	20	通信費	19139.0	26500.0	23775.0	0.8	89.7	124.2
202605	230C30330	21	水道光熱費	21350.0	31000.0	21910.0	0.8	70.6	102.6
202605	230C30330	22	動力費	82000.0	69600.0	59367.0	2.1	85.2	72.3
202605	230C30330	23	事務用品費	2000.0	2000.0	2000.0	0.0	100.0	100.0
202605	230C30330	24	消耗品費	125526.0	185000.0	150177.0	5.4	81.1	119.6
202605	230C30330	25	廃棄物処理料	0.0	0.0	4555.0	0.1	0.0	0.0
202605	230C30330	26	広告宣伝費	0.0	0.0	0.0	0.0	0.0	0.0
202605	230C30330	27	接待交際費	10000.0	3000.0	46918.0	1.7		469.1
202605	230C30330	28	研究開発費	0.0	0.0	0.0	0.0	0.0	0.0
202605	230C30330	29	アフターサービス費	0.0	0.0	0.0	0.0	0.0	0.0
202605	230C30330	30	クレーム費	0.0	0.0	0.0	0.0	0.0	0.0
202605	230C30330	31	賃借料	634714.0	634714.0	635304.0	23.2	100.0	100.0
202605	230C30330	32	賃貸料収入	0.0	0.0	0.0	0.0	0.0	0.0
202605	230C30330	33	修繕費	0.0	0.0	0.0	0.0	0.0	0.0
202605	230C30330	34	支払リース料	5968.0	5968.0	5968.0	0.2	100.0	100.0
202605	230C30330	35	保険料	15634.0	15634.0	15634.0	0.5	100.0	100.0
202605	230C30330	36	支払報酬	0.0	0.0	0.0	0.0	0.0	0.0
202605	230C30330	37	販売手数料	0.0	0.0	0.0	0.0	0.0	0.0
202605	230C30330	38	支払手数料	0.0	0.0	539.0	0.0	0.0	0.0
202605	230C30330	39	診断料	0.0	0.0	0.0	0.0	0.0	0.0
202605	230C30330	40	諸会費	0.0	0.0	0.0	0.0	0.0	0.0
202605	230C30330	41	会議費	0.0	0.0	0.0	0.0	0.0	0.0
202605	230C30330	42	寄付金	0.0	0.0	0.0	0.0	0.0	0.0
202605	230C30330	43	租税公課	0.0	0.0	0.0	0.0	0.0	0.0
202605	230C30330	44	業務委託費	0.0	0.0	0.0	0.0	0.0	0.0
202605	230C30330	45	業務受託収入	0.0	0.0	0.0	0.0	0.0	0.0
202605	230C30330	46	システム管理料	0.0	0.0	0.0	0.0	0.0	0.0
202605	230C30330	47	情報機器利用料	440690.0	440690.0	459640.0	16.8	104.3	104.3
202605	230C30330	48	貸倒金	0.0	0.0	0.0	0.0	0.0	0.0
202605	230C30330	49	雑費	2858.0	4000.0	9879.0	0.3	246.9	345.6
202605	230C30330	50	福利消耗品費	28350.0	59480.0	12475.0	0.4	20.9	44.0
202605	230C30330	51	教育研修費	11100.0	11100.0	207.0	0.0	1.8	1.8
202605	230C30330	52	廃棄損・減耗損	0.0	0.0	0.0	0.0	0.0	0.0
202605	230C30330	53	雑給	0.0	0.0	0.0	0.0	0.0	0.0
202605	230C30330	54	社内金利（固定資産）	0.0	0.0	0.0	0.0	0.0	0.0
202605	230C30330	55	社内金利（売掛金）	0.0	0.0	0.0	0.0	0.0	0.0
202605	230C30330	56	社内金利（在庫）	288000.0	367449.0	373253.0	13.6	101.5	129.6
202605	230C30330	57	営業口銭①（新築）	0.0	0.0	0.0	0.0	0.0	0.0
202605	230C30330	58	営業口銭②（リフォ）	0.0	0.0	0.0	0.0	0.0	0.0
202605	230C30330	59	開発口銭	0.0	0.0	0.0	0.0	0.0	0.0
202605	230C30330	60	部門共通（経費）	628508.0	600317.0	655191.0	23.9	109.1	104.2
202605	230C30330	61	グループ共通	201400.0	201400.0	201400.0	7.3	100.0	100.0
202605	230C30330	62	差引収益	-18356910.0	-49955465.0	-52097114.0		0.0	0.0
202605	230C30330	63	差引比率	-27.8	-253.9	-253.7		0.0	0.0
202605	230C30330	64	総時間	1740.25	1739.5	1669.0		95.9	95.9
202605	230C30330	65	定時間	1256.0	1274.0	1236.25	74.0	97.0	98.4
202605	230C30330	66	残業時間	97.0	79.0	53.75	3.2	68.0	55.4
202605	230C30330	67	移動時間	70.75	70.5	62.75	3.7	89.0	88.6
202605	230C30330	68	部門共通（時間）	316.5	316.0	316.25	18.9	100.0	99.9
202605	230C30330	69	当月時間当り	-10548.4	-28718.2	-31214.5		0.0	0.0
202605	230C30330	70	人員	9.0	9.0	9.0		100.0	100.0
202605	230K10300	1	総出荷	0.0	0.0	0.0		0.0	0.0
202605	230K10300	2	社外売	0.0	0.0	0.0	0.0	0.0	0.0
202605	230K10300	3	社内売	0.0	0.0	0.0	0.0	0.0	0.0
202605	230K10300	4	社内仕入	0.0	0.0	0.0		0.0	0.0
202605	230K10300	5	仕掛1	0.0	0.0	0.0		0.0	0.0
202605	230K10300	6	総生産	0.0	0.0	0.0		0.0	0.0
202605	230K10300	7	経費合計	0.0	0.0	0.0		0.0	0.0
202605	230K10300	8	経費合計(原価)	0.0	0.0	0.0	0.0	0.0	0.0
202605	230K10300	9	仕掛2	0.0	0.0	0.0	0.0	0.0	0.0
202605	230K10300	10	商品仕入高	0.0	0.0	0.0	0.0	0.0	0.0
202605	230K10300	11	原材料費	0.0	0.0	0.0	0.0	0.0	0.0
202605	230K10300	12	外注加工費	0.0	0.0	0.0	0.0	0.0	0.0
202605	230K10300	13	その他 直接経費	0.0	0.0	0.0	0.0	0.0	0.0
202605	230K10300	14	他勘定振替高	0.0	0.0	0.0	0.0	0.0	0.0
202605	230K10300	15	経費合計（販管費）	0.0	0.0	0.0	0.0	0.0	0.0
202605	230K10300	16	減価償却費	0.0	0.0	0.0	0.0	0.0	0.0
202605	230K10300	17	車両費	112011.0	106311.0	125358.0	0.0	117.9	111.9
202605	230K10300	18	旅費交通費	12000.0	12000.0	12400.0	0.0	103.3	103.3
202605	230K10300	19	荷造運搬費	0.0	0.0	0.0	0.0	0.0	0.0
202605	230K10300	20	通信費	11534.0	11534.0	10192.0	0.0	88.3	88.3
202605	230K10300	21	水道光熱費	7985.0	7985.0	6375.0	0.0	79.8	79.8
202605	230K10300	22	動力費	0.0	0.0	0.0	0.0	0.0	0.0
202605	230K10300	23	事務用品費	3448.0	3448.0	721.0	0.0	20.9	20.9
202605	230K10300	24	消耗品費	2460.0	2460.0	9000.0	0.0	365.8	365.8
202605	230K10300	25	廃棄物処理料	0.0	0.0	0.0	0.0	0.0	0.0
202605	230K10300	26	広告宣伝費	0.0	0.0	0.0	0.0	0.0	0.0
202605	230K10300	27	接待交際費	0.0	0.0	0.0	0.0	0.0	0.0
202605	230K10300	28	研究開発費	0.0	0.0	0.0	0.0	0.0	0.0
202605	230K10300	29	アフターサービス費	0.0	0.0	0.0	0.0	0.0	0.0
202605	230K10300	30	クレーム費	0.0	0.0	0.0	0.0	0.0	0.0
202605	230K10300	31	賃借料	68400.0	68400.0	68400.0	0.0	100.0	100.0
202605	230K10300	32	賃貸料収入	0.0	0.0	0.0	0.0	0.0	0.0
202605	230K10300	33	修繕費	0.0	0.0	0.0	0.0	0.0	0.0
202605	230K10300	34	支払リース料	0.0	0.0	0.0	0.0	0.0	0.0
202605	230K10300	35	保険料	282.0	282.0	0.0	0.0	0.0	0.0
202605	230K10300	36	支払報酬	0.0	0.0	0.0	0.0	0.0	0.0
202605	230K10300	37	販売手数料	0.0	0.0	0.0	0.0	0.0	0.0
202605	230K10300	38	支払手数料	1113.0	1113.0	583.0	0.0	52.3	52.3
202605	230K10300	39	診断料	0.0	0.0	0.0	0.0	0.0	0.0
202605	230K10300	40	諸会費	10000.0	10000.0	10500.0	0.0	105.0	105.0
202605	230K10300	41	会議費	0.0	0.0	0.0	0.0	0.0	0.0
202605	230K10300	42	寄付金	0.0	0.0	0.0	0.0	0.0	0.0
202605	230K10300	43	租税公課	0.0	0.0	0.0	0.0	0.0	0.0
202605	230K10300	44	業務委託費	0.0	0.0	0.0	0.0	0.0	0.0
202605	230K10300	45	業務受託収入	0.0	0.0	0.0	0.0	0.0	0.0
202605	230K10300	46	システム管理料	0.0	0.0	0.0	0.0	0.0	0.0
202605	230K10300	47	情報機器利用料	254662.0	254662.0	248812.0	0.0	97.7	97.7
202605	230K10300	48	貸倒金	0.0	0.0	0.0	0.0	0.0	0.0
202605	230K10300	49	雑費	527.0	527.0	1029.0	0.0	195.2	195.2
202605	230K10300	50	福利消耗品費	22020.0	22020.0	300.0	0.0	1.3	1.3
202605	230K10300	51	教育研修費	30000.0	30000.0	0.0	0.0	0.0	0.0
202605	230K10300	52	廃棄損・減耗損	0.0	0.0	0.0	0.0	0.0	0.0
202605	230K10300	53	雑給	0.0	0.0	0.0	0.0	0.0	0.0
202605	230K10300	54	社内金利（固定資産）	0.0	0.0	0.0	0.0	0.0	0.0
202605	230K10300	55	社内金利（売掛金）	0.0	0.0	0.0	0.0	0.0	0.0
202605	230K10300	56	社内金利（在庫）	0.0	0.0	0.0	0.0	0.0	0.0
202605	230K10300	57	営業口銭①（新築）	0.0	0.0	0.0	0.0	0.0	0.0
202605	230K10300	58	営業口銭②（リフォ）	0.0	0.0	0.0	0.0	0.0	0.0
202605	230K10300	59	開発口銭	0.0	0.0	0.0	0.0	0.0	0.0
202605	230K10300	60	部門共通（経費）	-662042.0	-656342.0	-619270.0	0.0	0.0	0.0
202605	230K10300	61	グループ共通	125600.0	125600.0	125600.0	0.0	100.0	100.0
202605	230K10300	62	差引収益	0.0	0.0	0.0		0.0	0.0
202605	230K10300	63	差引比率	0.0	0.0	0.0		0.0	0.0
202605	230K10300	64	総時間	0.0	0.0	0.0		0.0	0.0
202605	230K10300	65	定時間	608.0	608.0	599.0	0.0	98.5	98.5
202605	230K10300	66	残業時間	65.0	65.0	69.75	0.0	107.3	107.3
202605	230K10300	67	移動時間	9.5	9.5	9.5	0.0	100.0	100.0
202605	230K10300	68	部門共通（時間）	-682.5	-682.5	-678.25	0.0	0.0	0.0
202605	230K10300	69	当月時間当り	0.0	0.0	0.0		0.0	0.0
202605	230K10300	70	人員	4.0	4.0	4.0		100.0	100.0
202605	230B50100	1	総出荷	0.0	0.0	0.0		0.0	0.0
202605	230B50100	2	社外売	0.0	0.0	0.0	0.0	0.0	0.0
202605	230B50100	3	社内売	0.0	0.0	0.0	0.0	0.0	0.0
202605	230B50100	4	社内仕入	0.0	0.0	0.0		0.0	0.0
202605	230B50100	5	仕掛1	0.0	0.0	0.0		0.0	0.0
202605	230B50100	6	総生産	0.0	0.0	0.0		0.0	0.0
202605	230B50100	7	経費合計	0.0	0.0	0.0		0.0	0.0
202605	230B50100	8	経費合計(原価)	0.0	0.0	0.0	0.0	0.0	0.0
202605	230B50100	9	仕掛2	0.0	0.0	0.0	0.0	0.0	0.0
202605	230B50100	10	商品仕入高	0.0	0.0	0.0	0.0	0.0	0.0
202605	230B50100	11	原材料費	0.0	0.0	0.0	0.0	0.0	0.0
202605	230B50100	12	外注加工費	0.0	0.0	0.0	0.0	0.0	0.0
202605	230B50100	13	その他 直接経費	0.0	0.0	0.0	0.0	0.0	0.0
202605	230B50100	14	他勘定振替高	0.0	0.0	0.0	0.0	0.0	0.0
202605	230B50100	15	経費合計（販管費）	0.0	0.0	0.0	0.0	0.0	0.0
202605	230B50100	16	減価償却費	1065500.0	1164500.0	1164466.0	0.0	99.9	109.2
202605	230B50100	17	車両費	142500.0	141500.0	133232.0	0.0	94.1	93.4
202605	230B50100	18	旅費交通費	182500.0	182500.0	119439.0	0.0	65.4	65.4
202605	230B50100	19	荷造運搬費	1000.0	1000.0	0.0	0.0	0.0	0.0
202605	230B50100	20	通信費	17000.0	17000.0	16811.0	0.0	98.8	98.8
202605	230B50100	21	水道光熱費	23000.0	23000.0	20238.0	0.0	87.9	87.9
202605	230B50100	22	動力費	0.0	0.0	0.0	0.0	0.0	0.0
202605	230B50100	23	事務用品費	3500.0	1500.0	3049.0	0.0	203.2	87.1
202605	230B50100	24	消耗品費	11000.0	11000.0	17519.0	0.0	159.2	159.2
202605	230B50100	25	廃棄物処理料	1000.0	1000.0	1117.0	0.0	111.7	111.7
202605	230B50100	26	広告宣伝費	0.0	0.0	0.0	0.0	0.0	0.0
202605	230B50100	27	接待交際費	30000.0	30000.0	48935.0	0.0	163.1	163.1
202605	230B50100	28	研究開発費	0.0	0.0	0.0	0.0	0.0	0.0
202605	230B50100	29	アフターサービス費	0.0	0.0	0.0	0.0	0.0	0.0
202605	230B50100	30	クレーム費	0.0	0.0	0.0	0.0	0.0	0.0
202605	230B50100	31	賃借料	255500.0	255500.0	255460.0	0.0	99.9	99.9
202605	230B50100	32	賃貸料収入	-90000.0	-90000.0	-49000.0	0.0	0.0	0.0
202605	230B50100	33	修繕費	0.0	0.0	0.0	0.0	0.0	0.0
202605	230B50100	34	支払リース料	2000.0	2000.0	1892.0	0.0	94.6	94.6
202605	230B50100	35	保険料	0.0	0.0	0.0	0.0	0.0	0.0
202605	230B50100	36	支払報酬	20000.0	20000.0	20000.0	0.0	100.0	100.0
202605	230B50100	37	販売手数料	0.0	0.0	-94000.0	0.0	0.0	0.0
202605	230B50100	38	支払手数料	700.0	700.0	94612.0	0.0		
202605	230B50100	39	診断料	0.0	0.0	0.0	0.0	0.0	0.0
202605	230B50100	40	諸会費	15000.0	0.0	0.0	0.0	0.0	0.0
202605	230B50100	41	会議費	2000.0	2000.0	0.0	0.0	0.0	0.0
202605	230B50100	42	寄付金	0.0	0.0	0.0	0.0	0.0	0.0
202605	230B50100	43	租税公課	0.0	0.0	0.0	0.0	0.0	0.0
202605	230B50100	44	業務委託費	40000.0	40000.0	40000.0	0.0	100.0	100.0
202605	230B50100	45	業務受託収入	0.0	0.0	0.0	0.0	0.0	0.0
202605	230B50100	46	システム管理料	0.0	0.0	0.0	0.0	0.0	0.0
202605	230B50100	47	情報機器利用料	342500.0	342500.0	342254.0	0.0	99.9	99.9
202605	230B50100	48	貸倒金	0.0	0.0	0.0	0.0	0.0	0.0
202605	230B50100	49	雑費	1000.0	1000.0	1370.0	0.0	137.0	137.0
202605	230B50100	50	福利消耗品費	51500.0	51500.0	1678.0	0.0	3.2	3.2
202605	230B50100	51	教育研修費	1500.0	1500.0	1134.0	0.0	75.6	75.6
202605	230B50100	52	廃棄損・減耗損	0.0	0.0	0.0	0.0	0.0	0.0
202605	230B50100	53	雑給	0.0	0.0	0.0	0.0	0.0	0.0
202605	230B50100	54	社内金利（固定資産）	235300.0	231700.0	231700.0	0.0	100.0	98.4
202605	230B50100	55	社内金利（売掛金）	0.0	0.0	0.0	0.0	0.0	0.0
202605	230B50100	56	社内金利（在庫）	0.0	0.0	0.0	0.0	0.0	0.0
202605	230B50100	57	営業口銭①（新築）	0.0	0.0	0.0	0.0	0.0	0.0
202605	230B50100	58	営業口銭②（リフォ）	0.0	0.0	0.0	0.0	0.0	0.0
202605	230B50100	59	開発口銭	0.0	0.0	0.0	0.0	0.0	0.0
202605	230B50100	60	部門共通（経費）	-2504800.0	-2582200.0	-2522706.0	0.0	0.0	0.0
202605	230B50100	61	グループ共通	150800.0	150800.0	150800.0	0.0	100.0	100.0
202605	230B50100	62	差引収益	0.0	0.0	0.0		0.0	0.0
202605	230B50100	63	差引比率	0.0	0.0	0.0		0.0	0.0
202605	230B50100	64	総時間	0.0	0.0	0.0		0.0	0.0
202605	230B50100	65	定時間	921.0	920.0	910.25	0.0	98.9	98.8
202605	230B50100	66	残業時間	127.0	116.0	84.5	0.0	72.8	66.5
202605	230B50100	67	移動時間	-218.25	-218.25	-227.25	0.0	0.0	0.0
202605	230B50100	68	部門共通（時間）	-829.75	-817.75	-767.5	0.0	0.0	0.0
202605	230B50100	69	当月時間当り	0.0	0.0	0.0		0.0	0.0
202605	230B50100	70	人員	7.0	7.0	7.0		100.0	100.0
202605	100A10200	1	総受注高	450500000.0	146532750.0	96148693.0		65.6	21.3
202605	100A10200	2	【新築】受注高	390000000.0	49150000.0	15345455.0	15.9	31.2	3.9
202605	100A10200	3	【リフォ】受注高	34000000.0	70882750.0	44232080.0	46.0	62.4	130.0
202605	100A10200	4	【資材】受注高	26500000.0	26500000.0	36571158.0	38.0	138.0	138.0
202605	100A10200	5	総売上高	150300000.0	77430000.0	68708288.0		88.7	45.7
202605	100A10200	6	【新築】売上高	111500000.0	27000000.0	27800000.0	40.4	102.9	24.9
202605	100A10200	7	【リフォ】売上高	12300000.0	23930000.0	16589000.0	24.1	69.3	134.8
202605	100A10200	8	【資材】売上高	26500000.0	26500000.0	24319288.0	35.3	91.7	91.7
202605	100A10200	9	【新築】インセンティブ	0.0	0.0	0.0	0.0	0.0	0.0
202605	100A10200	10	【リフォ】インセンティブ	0.0	0.0	0.0	0.0	0.0	0.0
202605	100A10200	11	【資材】インセンティブ	0.0	0.0	0.0	0.0	0.0	0.0
202605	100A10200	12	収益①（営業口銭）	7420000.0	4939500.0	3878350.0		78.5	52.2
202605	100A10200	13	【新築】収益①(営業口銭)	5575000.0	1350000.0	1390000.0		102.9	24.9
202605	100A10200	14	【リフォ】収益①(営業口銭)	1845000.0	3589500.0	2488350.0		69.3	134.8
202605	100A10200	15	【資材】売上原価	21995000.0	21995000.0	18709289.0		85.0	85.0
202605	100A10200	16	収益②（資材）	4505000.0	4505000.0	5609999.0		124.5	124.5
202605	100A10200	17	総収益	11925000.0	9444500.0	9488349.0		100.4	79.5
202605	100A10200	18	経費合計	4505883.0	4302221.0	4532921.0		105.3	100.6
202605	100A10200	19	減価償却費	34950.0	34950.0	34950.0	0.7	100.0	100.0
202605	100A10200	20	車両費	570000.0	461441.0	425696.0	9.3	92.2	74.6
202605	100A10200	21	旅費交通費	500000.0	500000.0	275270.0	6.0	55.0	55.0
202605	100A10200	22	荷造運搬費	25000.0	25000.0	1330.0	0.0	5.3	5.3
202605	100A10200	23	通信費	95000.0	95000.0	80689.0	1.7	84.9	84.9
202605	100A10200	24	水道光熱費	95000.0	95000.0	78881.0	1.7	83.0	83.0
202605	100A10200	25	動力費	0.0	0.0	0.0	0.0	0.0	0.0
202605	100A10200	26	事務用品費	28500.0	28500.0	13871.0	0.3	48.6	48.6
202605	100A10200	27	消耗品費	24000.0	24000.0	14589.0	0.3	60.7	60.7
202605	100A10200	28	廃棄物処理料	0.0	0.0	0.0	0.0	0.0	0.0
202605	100A10200	29	広告宣伝費	15000.0	15000.0	0.0	0.0	0.0	0.0
202605	100A10200	30	接待交際費	40000.0	40000.0	2200.0	0.0	5.5	5.5
202605	100A10200	31	研究開発費	0.0	0.0	0.0	0.0	0.0	0.0
202605	100A10200	32	アフターサービス費	0.0	0.0	0.0	0.0	0.0	0.0
202605	100A10200	33	クレーム費	0.0	0.0	0.0	0.0	0.0	0.0
202605	100A10200	34	賃借料	660350.0	663603.0	840500.0	18.5	126.6	127.2
202605	100A10200	35	賃貸料収入	-71385.0	-78179.0	-94771.0	0.0	0.0	0.0
202605	100A10200	36	修繕費	0.0	0.0	0.0	0.0	0.0	0.0
202605	100A10200	37	支払リース料	0.0	0.0	0.0	0.0	0.0	0.0
202605	100A10200	38	保険料	1308.0	1308.0	1308.0	0.0	100.0	100.0
202605	100A10200	39	支払報酬	0.0	0.0	0.0	0.0	0.0	0.0
202605	100A10200	40	販売手数料	0.0	0.0	0.0	0.0	0.0	0.0
202605	100A10200	41	支払手数料	40000.0	40000.0	608948.0	13.4		
202605	100A10200	42	診断料	0.0	0.0	0.0	0.0	0.0	0.0
202605	100A10200	43	諸会費	20000.0	20000.0	7575.0	0.1	37.8	37.8
202605	100A10200	44	会議費	0.0	0.0	0.0	0.0	0.0	0.0
202605	100A10200	45	寄付金	0.0	0.0	0.0	0.0	0.0	0.0
202605	100A10200	46	租税公課	13000.0	13000.0	10200.0	0.2	78.4	78.4
202605	100A10200	47	業務委託費	0.0	0.0	0.0	0.0	0.0	0.0
202605	100A10200	48	業務受託収入	0.0	0.0	0.0	0.0	0.0	0.0
202605	100A10200	49	システム管理料	0.0	0.0	0.0	0.0	0.0	0.0
202605	100A10200	50	情報機器利用料	577250.0	601060.0	621930.0	13.7	103.4	107.7
202605	100A10200	51	貸倒金	0.0	0.0	0.0	0.0	0.0	0.0
202605	100A10200	52	雑費	15000.0	15000.0	2517.0	0.0	16.7	16.7
202605	100A10200	53	福利消耗品費	80000.0	80000.0	3215.0	0.0	4.0	4.0
202605	100A10200	54	教育研修費	20000.0	20000.0	47847.0	1.0	239.2	239.2
202605	100A10200	55	廃棄損・減耗損	0.0	0.0	0.0	0.0	0.0	0.0
202605	100A10200	56	雑給	0.0	0.0	0.0	0.0	0.0	0.0
202605	100A10200	57	社内金利（固定資産）	13000.0	13000.0	10982.0	0.2	84.4	84.4
202605	100A10200	58	社内金利（売掛金）	20000.0	20000.0	19091.0	0.4	95.4	95.4
202605	100A10200	59	社内金利（在庫）	10000.0	10000.0	14090.0	0.3	140.9	140.9
202605	100A10200	60	開発口銭	0.0	0.0	0.0	0.0	0.0	0.0
202605	100A10200	61	部門共通（経費）	1453310.0	1337938.0	1285413.0	28.3	96.0	88.4
202605	100A10200	62	グループ共通	226600.0	226600.0	226600.0	4.9	100.0	100.0
202605	100A10200	63	差引収益	7419117.0	5142279.0	4955428.0		96.3	66.7
202605	100A10200	64	差引比率	4.9	6.6	7.2		109.0	146.9
202605	100A10200	65	総時間	2501.5	2491.25	2548.25		102.2	101.8
202605	100A10200	66	定時間	1520.0	1520.0	1499.25	58.8	98.6	98.6
202605	100A10200	67	残業時間	260.0	260.0	341.75	13.4	131.4	131.4
202605	100A10200	68	移動時間	-248.0	-248.0	-248.0	0.0	0.0	0.0
202605	100A10200	69	部門共通（時間）	969.5	959.25	955.25	37.4	99.5	98.5
202605	100A10200	70	当月時間当り	2965.8	2064.1	1944.6		94.2	65.5
202605	100A10200	71	人員	10.0	10.0	10.0		100.0	100.0
202605	100A10300	1	総受注高	450500000.0	146532750.0	96148693.0		65.6	21.3
202605	100A10300	2	【新築】受注高	390000000.0	49150000.0	15345455.0	15.9	31.2	3.9
202605	100A10300	3	【リフォ】受注高	34000000.0	70882750.0	44232080.0	46.0	62.4	130.0
202605	100A10300	4	【資材】受注高	26500000.0	26500000.0	36571158.0	38.0	138.0	138.0
202605	100A10300	5	総売上高	150300000.0	77430000.0	68708288.0		88.7	45.7
202605	100A10300	6	【新築】売上高	111500000.0	27000000.0	27800000.0	40.4	102.9	24.9
202605	100A10300	7	【リフォ】売上高	12300000.0	23930000.0	16589000.0	24.1	69.3	134.8
202605	100A10300	8	【資材】売上高	26500000.0	26500000.0	24319288.0	35.3	91.7	91.7
202605	100A10300	9	【新築】インセンティブ	0.0	0.0	0.0	0.0	0.0	0.0
202605	100A10300	10	【リフォ】インセンティブ	0.0	0.0	0.0	0.0	0.0	0.0
202605	100A10300	11	【資材】インセンティブ	0.0	0.0	0.0	0.0	0.0	0.0
202605	100A10300	12	収益①（営業口銭）	7420000.0	4939500.0	3878350.0		78.5	52.2
202605	100A10300	13	【新築】収益①(営業口銭)	5575000.0	1350000.0	1390000.0		102.9	24.9
202605	100A10300	14	【リフォ】収益①(営業口銭)	1845000.0	3589500.0	2488350.0		69.3	134.8
202605	100A10300	15	【資材】売上原価	21995000.0	21995000.0	18709289.0		85.0	85.0
202605	100A10300	16	収益②（資材）	4505000.0	4505000.0	5609999.0		124.5	124.5
202605	100A10300	17	総収益	11925000.0	9444500.0	9488349.0		100.4	79.5
202605	100A10300	18	総出荷	123800000.0	50930000.0	44389000.0		87.1	35.8
202605	100A10300	19	社外売	123800000.0	50930000.0	44389000.0	100.0	87.1	35.8
202605	100A10300	20	社内売	0.0	0.0	0.0	0.0	0.0	0.0
202605	100A10300	21	社内仕入	8109364.0	3225546.0	4974874.0		154.2	61.3
202605	100A10300	22	仕掛1	0.0	0.0	0.0		0.0	0.0
202605	100A10300	23	総生産	115690636.0	47704454.0	39414126.0		82.6	34.0
202605	100A10300	24	経費合計	59319358.0	78900559.0	53478049.0		67.7	90.1
202605	100A10300	25	経費合計(原価)	46141636.0	68362002.0	43671342.0	81.6	63.8	94.6
202605	100A10300	26	仕掛2	0.0	0.0	0.0	0.0	0.0	0.0
202605	100A10300	27	商品仕入高	29027560.0	39762282.0	24012043.0	54.9	60.3	82.7
202605	100A10300	28	原材料費	0.0	0.0	0.0	0.0	0.0	0.0
202605	100A10300	29	外注加工費	17014076.0	28499720.0	19549090.0	44.7	68.5	114.8
202605	100A10300	30	その他 直接経費	100000.0	100000.0	110209.0	0.2	110.2	110.2
202605	100A10300	31	他勘定振替高	0.0	0.0	0.0	0.0	0.0	0.0
202605	100A10300	32	経費合計（販管費）	13177722.0	10538557.0	9806707.0	18.3	93.0	74.4
202605	100A10300	33	減価償却費	34950.0	34950.0	34950.0	0.3	100.0	100.0
202605	100A10300	34	車両費	744658.0	731441.0	747556.0	7.6	102.2	100.3
202605	100A10300	35	旅費交通費	570000.0	620000.0	369810.0	3.7	59.6	64.8
202605	100A10300	36	荷造運搬費	25000.0	25000.0	1330.0	0.0	5.3	5.3
202605	100A10300	37	通信費	106000.0	106000.0	91751.0	0.9	86.5	86.5
202605	100A10300	38	水道光熱費	103000.0	103000.0	92605.0	0.9	89.9	89.9
202605	100A10300	39	動力費	0.0	0.0	0.0	0.0	0.0	0.0
202605	100A10300	40	事務用品費	32000.0	32000.0	15261.0	0.1	47.6	47.6
202605	100A10300	41	消耗品費	30000.0	30000.0	16869.0	0.1	56.2	56.2
202605	100A10300	42	廃棄物処理料	0.0	0.0	0.0	0.0	0.0	0.0
202605	100A10300	43	広告宣伝費	15000.0	15000.0	0.0	0.0	0.0	0.0
202605	100A10300	44	接待交際費	40000.0	40000.0	2200.0	0.0	5.5	5.5
202605	100A10300	45	研究開発費	0.0	0.0	0.0	0.0	0.0	0.0
202605	100A10300	46	アフターサービス費	0.0	0.0	0.0	0.0	0.0	0.0
202605	100A10300	47	クレーム費	0.0	0.0	0.0	0.0	0.0	0.0
202605	100A10300	48	賃借料	718350.0	704903.0	918200.0	9.3	130.2	127.8
202605	100A10300	49	賃貸料収入	-80000.0	-82191.0	-102319.0	0.0	0.0	0.0
202605	100A10300	50	修繕費	0.0	0.0	0.0	0.0	0.0	0.0
202605	100A10300	51	支払リース料	0.0	0.0	0.0	0.0	0.0	0.0
202605	100A10300	52	保険料	1308.0	1308.0	1308.0	0.0	100.0	100.0
202605	100A10300	53	支払報酬	0.0	0.0	0.0	0.0	0.0	0.0
202605	100A10300	54	販売手数料	0.0	0.0	0.0	0.0	0.0	0.0
202605	100A10300	55	支払手数料	61726.0	61726.0	612544.0	6.2	992.3	992.3
202605	100A10300	56	診断料	0.0	0.0	0.0	0.0	0.0	0.0
202605	100A10300	57	諸会費	20000.0	20000.0	8175.0	0.0	40.8	40.8
202605	100A10300	58	会議費	0.0	0.0	0.0	0.0	0.0	0.0
202605	100A10300	59	寄付金	0.0	0.0	0.0	0.0	0.0	0.0
202605	100A10300	60	租税公課	13000.0	13000.0	10200.0	0.1	78.4	78.4
202605	100A10300	61	業務委託費	0.0	0.0	0.0	0.0	0.0	0.0
202605	100A10300	62	業務受託収入	0.0	0.0	0.0	0.0	0.0	0.0
202605	100A10300	63	システム管理料	0.0	0.0	0.0	0.0	0.0	0.0
202605	100A10300	64	情報機器利用料	719790.0	745520.0	764470.0	7.7	102.5	106.2
202605	100A10300	65	貸倒金	0.0	0.0	0.0	0.0	0.0	0.0
202605	100A10300	66	雑費	15000.0	15000.0	2517.0	0.0	16.7	16.7
202605	100A10300	67	福利消耗品費	91100.0	91100.0	3858.0	0.0	4.2	4.2
202605	100A10300	68	教育研修費	20374.0	20478.0	48325.0	0.4	235.9	237.1
202605	100A10300	69	廃棄損・減耗損	0.0	0.0	0.0	0.0	0.0	0.0
202605	100A10300	70	雑給	0.0	0.0	0.0	0.0	0.0	0.0
202605	100A10300	71	社内金利（固定資産）	13000.0	13000.0	10982.0	0.1	84.4	84.4
202605	100A10300	72	社内金利（売掛金）	20000.0	20000.0	19091.0	0.1	95.4	95.4
202605	100A10300	73	社内金利（在庫）	10000.0	10000.0	14090.0	0.1	140.9	140.9
202605	100A10300	74	営業口銭①（新築）	5575000.0	1350000.0	1390000.0	14.1	102.9	24.9
202605	100A10300	75	営業口銭②（リフォ）	1845000.0	3589500.0	2488350.0	25.3	69.3	134.8
202605	100A10300	76	開発口銭	0.0	0.0	0.0	0.0	0.0	0.0
202605	100A10300	77	部門共通（経費）	2131066.0	1925422.0	1942184.0	19.8	100.8	91.1
202605	100A10300	78	グループ共通	302400.0	302400.0	302400.0	3.0	100.0	100.0
202605	100A10300	79	差引収益	68296278.0	-21751605.0	-4575574.0		0.0	0.0
202605	100A10300	80	差引比率	25.6	-17.3	-4.2		0.0	0.0
202605	100A10300	81	総時間	3446.25	3431.75	3521.5		102.6	102.1
202605	100A10300	82	定時間	1808.0	1808.0	1803.25	51.2	99.7	99.7
202605	100A10300	83	残業時間	314.0	314.0	410.0	11.6	130.5	130.5
202605	100A10300	84	移動時間	18.0	18.0	18.0	0.5	100.0	100.0
202605	100A10300	85	部門共通（時間）	1306.25	1291.75	1290.25	36.6	99.8	98.7
202605	100A10300	86	当月時間当り	19817.5	-6338.3	-1299.3		0.0	0.0
202605	100A10300	87	人員	12.0	12.0	12.0		100.0	100.0
202605	100A30101	1	総出荷	123800000.0	50930000.0	44389000.0		87.1	35.8
202605	100A30101	2	社外売	123800000.0	50930000.0	44389000.0	100.0	87.1	35.8
202605	100A30101	3	社内売	0.0	0.0	0.0	0.0	0.0	0.0
202605	100A30101	4	社内仕入	8109364.0	3225546.0	4974874.0		154.2	61.3
202605	100A30101	5	仕掛1	0.0	0.0	0.0		0.0	0.0
202605	100A30101	6	総生産	115690636.0	47704454.0	39414126.0		82.6	34.0
202605	100A30101	7	経費合計	54813475.0	74598338.0	48945128.0		65.6	89.2
202605	100A30101	8	経費合計(原価)	46141636.0	68362002.0	43671342.0	89.2	63.8	94.6
202605	100A30101	9	仕掛2	0.0	0.0	0.0	0.0	0.0	0.0
202605	100A30101	10	商品仕入高	29027560.0	39762282.0	24012043.0	54.9	60.3	82.7
202605	100A30101	11	原材料費	0.0	0.0	0.0	0.0	0.0	0.0
202605	100A30101	12	外注加工費	17014076.0	28499720.0	19549090.0	44.7	68.5	114.8
202605	100A30101	13	その他 直接経費	100000.0	100000.0	110209.0	0.2	110.2	110.2
202605	100A30101	14	他勘定振替高	0.0	0.0	0.0	0.0	0.0	0.0
202605	100A30101	15	経費合計（販管費）	8671839.0	6236336.0	5273786.0	10.7	84.5	60.8
202605	100A30101	16	減価償却費	0.0	0.0	0.0	0.0	0.0	0.0
202605	100A30101	17	車両費	174658.0	270000.0	321860.0	6.1	119.2	184.2
202605	100A30101	18	旅費交通費	70000.0	120000.0	94540.0	1.7	78.7	135.0
202605	100A30101	19	荷造運搬費	0.0	0.0	0.0	0.0	0.0	0.0
202605	100A30101	20	通信費	11000.0	11000.0	11062.0	0.2	100.5	100.5
202605	100A30101	21	水道光熱費	8000.0	8000.0	13724.0	0.2	171.5	171.5
202605	100A30101	22	動力費	0.0	0.0	0.0	0.0	0.0	0.0
202605	100A30101	23	事務用品費	3500.0	3500.0	1390.0	0.0	39.7	39.7
202605	100A30101	24	消耗品費	6000.0	6000.0	2280.0	0.0	38.0	38.0
202605	100A30101	25	廃棄物処理料	0.0	0.0	0.0	0.0	0.0	0.0
202605	100A30101	26	広告宣伝費	0.0	0.0	0.0	0.0	0.0	0.0
202605	100A30101	27	接待交際費	0.0	0.0	0.0	0.0	0.0	0.0
202605	100A30101	28	研究開発費	0.0	0.0	0.0	0.0	0.0	0.0
202605	100A30101	29	アフターサービス費	0.0	0.0	0.0	0.0	0.0	0.0
202605	100A30101	30	クレーム費	0.0	0.0	0.0	0.0	0.0	0.0
202605	100A30101	31	賃借料	58000.0	41300.0	77700.0	1.4	188.1	133.9
202605	100A30101	32	賃貸料収入	-8615.0	-4012.0	-7548.0	0.0	0.0	0.0
202605	100A30101	33	修繕費	0.0	0.0	0.0	0.0	0.0	0.0
202605	100A30101	34	支払リース料	0.0	0.0	0.0	0.0	0.0	0.0
202605	100A30101	35	保険料	0.0	0.0	0.0	0.0	0.0	0.0
202605	100A30101	36	支払報酬	0.0	0.0	0.0	0.0	0.0	0.0
202605	100A30101	37	販売手数料	0.0	0.0	0.0	0.0	0.0	0.0
202605	100A30101	38	支払手数料	21726.0	21726.0	3596.0	0.0	16.5	16.5
202605	100A30101	39	診断料	0.0	0.0	0.0	0.0	0.0	0.0
202605	100A30101	40	諸会費	0.0	0.0	600.0	0.0	0.0	0.0
202605	100A30101	41	会議費	0.0	0.0	0.0	0.0	0.0	0.0
202605	100A30101	42	寄付金	0.0	0.0	0.0	0.0	0.0	0.0
202605	100A30101	43	租税公課	0.0	0.0	0.0	0.0	0.0	0.0
202605	100A30101	44	業務委託費	0.0	0.0	0.0	0.0	0.0	0.0
202605	100A30101	45	業務受託収入	0.0	0.0	0.0	0.0	0.0	0.0
202605	100A30101	46	システム管理料	0.0	0.0	0.0	0.0	0.0	0.0
202605	100A30101	47	情報機器利用料	142540.0	144460.0	142540.0	2.7	98.6	100.0
202605	100A30101	48	貸倒金	0.0	0.0	0.0	0.0	0.0	0.0
202605	100A30101	49	雑費	0.0	0.0	0.0	0.0	0.0	0.0
202605	100A30101	50	福利消耗品費	11100.0	11100.0	643.0	0.0	5.7	5.7
202605	100A30101	51	教育研修費	374.0	478.0	478.0	0.0	100.0	127.8
202605	100A30101	52	廃棄損・減耗損	0.0	0.0	0.0	0.0	0.0	0.0
202605	100A30101	53	雑給	0.0	0.0	0.0	0.0	0.0	0.0
202605	100A30101	54	社内金利（固定資産）	0.0	0.0	0.0	0.0	0.0	0.0
202605	100A30101	55	社内金利（売掛金）	0.0	0.0	0.0	0.0	0.0	0.0
202605	100A30101	56	社内金利（在庫）	0.0	0.0	0.0	0.0	0.0	0.0
202605	100A30101	57	営業口銭①（新築）	5575000.0	1350000.0	1390000.0	26.3	102.9	24.9
202605	100A30101	58	営業口銭②（リフォ）	1845000.0	3589500.0	2488350.0	47.1	69.3	134.8
202605	100A30101	59	開発口銭	0.0	0.0	0.0	0.0	0.0	0.0
202605	100A30101	60	部門共通（経費）	677756.0	587484.0	656771.0	12.4	111.7	96.9
202605	100A30101	61	グループ共通	75800.0	75800.0	75800.0	1.4	100.0	100.0
202605	100A30101	62	差引収益	60877161.0	-26893884.0	-9531002.0		0.0	0.0
202605	100A30101	63	差引比率	52.6	-56.3	-24.1		0.0	0.0
202605	100A30101	64	総時間	944.75	940.5	973.25		103.4	103.0
202605	100A30101	65	定時間	288.0	288.0	304.0	31.2	105.5	105.5
202605	100A30101	66	残業時間	54.0	54.0	68.25	7.0	126.3	126.3
202605	100A30101	67	移動時間	266.0	266.0	266.0	27.3	100.0	100.0
202605	100A30101	68	部門共通（時間）	336.75	332.5	335.0	34.4	100.7	99.4
202605	100A30101	69	当月時間当り	64437.3	-28595.3	-9792.9		0.0	0.0
202605	100A30101	70	人員	2.0	2.0	2.0		100.0	100.0
202605	003091500	1	総受注高	0.0	0.0	0.0		0.0	0.0
202605	003091500	2	【新築】受注高	0.0	0.0	0.0	0.0	0.0	0.0
202605	003091500	3	【リフォ】受注高	0.0	0.0	0.0	0.0	0.0	0.0
202605	003091500	4	【資材】受注高	0.0	0.0	0.0	0.0	0.0	0.0
202605	003091500	5	総売上高	0.0	0.0	0.0		0.0	0.0
202605	003091500	6	【新築】売上高	0.0	0.0	0.0	0.0	0.0	0.0
202605	003091500	7	【リフォ】売上高	0.0	0.0	0.0	0.0	0.0	0.0
202605	003091500	8	【資材】売上高	0.0	0.0	0.0	0.0	0.0	0.0
202605	003091500	9	【新築】インセンティブ	0.0	0.0	0.0	0.0	0.0	0.0
202605	003091500	10	【リフォ】インセンティブ	0.0	0.0	0.0	0.0	0.0	0.0
202605	003091500	11	【資材】インセンティブ	0.0	0.0	0.0	0.0	0.0	0.0
202605	003091500	12	収益①（営業口銭）	0.0	0.0	0.0		0.0	0.0
202605	003091500	13	【新築】収益①(営業口銭)	0.0	0.0	0.0		0.0	0.0
202605	003091500	14	【リフォ】収益①(営業口銭)	0.0	0.0	0.0		0.0	0.0
202605	003091500	15	【資材】売上原価	0.0	0.0	0.0		0.0	0.0
202605	003091500	16	収益②（資材）	0.0	0.0	0.0		0.0	0.0
202605	003091500	17	総収益	0.0	0.0	0.0		0.0	0.0
202605	003091500	18	経費合計	0.0	0.0	0.0		0.0	0.0
202605	003091500	19	減価償却費	0.0	0.0	0.0	0.0	0.0	0.0
202605	003091500	20	車両費	0.0	0.0	0.0	0.0	0.0	0.0
202605	003091500	21	旅費交通費	0.0	0.0	0.0	0.0	0.0	0.0
202605	003091500	22	荷造運搬費	0.0	0.0	0.0	0.0	0.0	0.0
202605	003091500	23	通信費	0.0	0.0	0.0	0.0	0.0	0.0
202605	003091500	24	水道光熱費	0.0	0.0	0.0	0.0	0.0	0.0
202605	003091500	25	動力費	0.0	0.0	0.0	0.0	0.0	0.0
202605	003091500	26	事務用品費	0.0	0.0	0.0	0.0	0.0	0.0
202605	003091500	27	消耗品費	0.0	0.0	0.0	0.0	0.0	0.0
202605	003091500	28	廃棄物処理料	0.0	0.0	0.0	0.0	0.0	0.0
202605	003091500	29	広告宣伝費	0.0	0.0	0.0	0.0	0.0	0.0
202605	003091500	30	接待交際費	0.0	0.0	0.0	0.0	0.0	0.0
202605	003091500	31	研究開発費	0.0	0.0	0.0	0.0	0.0	0.0
202605	003091500	32	アフターサービス費	0.0	0.0	0.0	0.0	0.0	0.0
202605	003091500	33	クレーム費	0.0	0.0	0.0	0.0	0.0	0.0
202605	003091500	34	賃借料	0.0	0.0	0.0	0.0	0.0	0.0
202605	003091500	35	賃貸料収入	0.0	0.0	0.0	0.0	0.0	0.0
202605	003091500	36	修繕費	0.0	0.0	0.0	0.0	0.0	0.0
202605	003091500	37	支払リース料	0.0	0.0	0.0	0.0	0.0	0.0
202605	003091500	38	保険料	0.0	0.0	0.0	0.0	0.0	0.0
202605	003091500	39	支払報酬	0.0	0.0	0.0	0.0	0.0	0.0
202605	003091500	40	販売手数料	0.0	0.0	0.0	0.0	0.0	0.0
202605	003091500	41	支払手数料	0.0	0.0	0.0	0.0	0.0	0.0
202605	003091500	42	診断料	0.0	0.0	0.0	0.0	0.0	0.0
202605	003091500	43	諸会費	0.0	0.0	0.0	0.0	0.0	0.0
202605	003091500	44	会議費	0.0	0.0	0.0	0.0	0.0	0.0
202605	003091500	45	寄付金	0.0	0.0	0.0	0.0	0.0	0.0
202605	003091500	46	租税公課	0.0	0.0	0.0	0.0	0.0	0.0
202605	003091500	47	業務委託費	0.0	0.0	0.0	0.0	0.0	0.0
202605	003091500	48	業務受託収入	0.0	0.0	0.0	0.0	0.0	0.0
202605	003091500	49	システム管理料	0.0	0.0	0.0	0.0	0.0	0.0
202605	003091500	50	情報機器利用料	0.0	0.0	0.0	0.0	0.0	0.0
202605	003091500	51	貸倒金	0.0	0.0	0.0	0.0	0.0	0.0
202605	003091500	52	雑費	0.0	0.0	0.0	0.0	0.0	0.0
202605	003091500	53	福利消耗品費	0.0	0.0	0.0	0.0	0.0	0.0
202605	003091500	54	教育研修費	0.0	0.0	0.0	0.0	0.0	0.0
202605	003091500	55	廃棄損・減耗損	0.0	0.0	0.0	0.0	0.0	0.0
202605	003091500	56	雑給	0.0	0.0	0.0	0.0	0.0	0.0
202605	003091500	57	社内金利（固定資産）	0.0	0.0	0.0	0.0	0.0	0.0
202605	003091500	58	社内金利（売掛金）	0.0	0.0	0.0	0.0	0.0	0.0
202605	003091500	59	社内金利（在庫）	0.0	0.0	0.0	0.0	0.0	0.0
202605	003091500	60	開発口銭	0.0	0.0	0.0	0.0	0.0	0.0
202605	003091500	61	部門共通（経費）	0.0	0.0	0.0	0.0	0.0	0.0
202605	003091500	62	グループ共通	0.0	0.0	0.0	0.0	0.0	0.0
202605	003091500	63	差引収益	0.0	0.0	0.0		0.0	0.0
202605	003091500	64	差引比率	0.0	0.0	0.0		0.0	0.0
202605	003091500	65	総時間	0.0	0.0	0.0		0.0	0.0
202605	003091500	66	定時間	0.0	0.0	0.0	0.0	0.0	0.0
202605	003091500	67	残業時間	0.0	0.0	0.0	0.0	0.0	0.0
202605	003091500	68	移動時間	0.0	0.0	0.0	0.0	0.0	0.0
202605	003091500	69	部門共通（時間）	0.0	0.0	0.0	0.0	0.0	0.0
202605	003091500	70	当月時間当り	0.0	0.0	0.0		0.0	0.0
202605	003091500	71	人員	0.0	0.0	0.0		0.0	0.0
