対象年月度	組織コード	明細No.	採算科目名	M/P	予定	実績	構成比(%)	予定比(%)	M/P比(%)
202604	003000000	1	総受注高	822210000.0	976340982.0	1174151821.0		120.2	142.8
202604	003000000	2	【新築】受注高	219000000.0	299898182.0	168339082.0	14.3	56.1	76.8
202604	003000000	3	【リフォ】受注高	264590000.0	337822800.0	521804218.0	44.4	154.4	197.2
202604	003000000	4	【資材】受注高	338620000.0	338620000.0	484008521.0	41.2	142.9	142.9
202604	003000000	5	総売上高	433030000.0	414697172.0	463412745.0		111.7	107.0
202604	003000000	6	【新築】売上高	0.0	6350000.0	6540000.0	1.4	102.9	-
202604	003000000	7	【リフォ】売上高	134230000.0	109547172.0	109129115.0	23.5	99.6	81.3
202604	003000000	8	【資材】売上高	298800000.0	298800000.0	347743630.0	75.0	116.3	116.3
202604	003000000	9	【新築】インセンティブ	0.0	0.0	0.0	0.0	-	-
202604	003000000	10	【リフォ】インセンティブ	0.0	0.0	0.0	0.0	-	-
202604	003000000	11	【資材】インセンティブ	0.0	0.0	0.0	0.0	-	-
202604	003000000	12	収益①（営業口銭）	20134500.0	16749574.0	16794355.0		100.2	83.4
202604	003000000	13	【新築】収益①(営業口銭)	0.0	317500.0	425000.0		133.8	-
202604	003000000	14	【リフォ】収益①(営業口銭)	20134500.0	16432074.0	16369355.0		99.6	81.3
202604	003000000	15	【資材】売上原価	235483000.0	235483000.0	274579841.0		116.6	116.6
202604	003000000	16	収益②（資材）	63317000.0	63317000.0	73163789.0		115.5	115.5
202604	003000000	17	総収益	83451500.0	80066574.0	89958144.0		112.3	107.7
202604	003000000	18	総出荷	246930000.0	243949383.0	264548206.0		108.4	107.1
202604	003000000	19	社外売	134230000.0	115897172.0	115669115.0	43.7	99.8	86.1
202604	003000000	20	社内売	112700000.0	128052211.0	148879091.0	56.2	116.2	132.1
202604	003000000	21	社内仕入	55665484.0	88848301.0	114278163.0		128.6	205.2
202604	003000000	22	仕掛1	29868132.0	27748828.0	27748828.0		100.0	92.9
202604	003000000	23	総生産	161396384.0	127352254.0	122521215.0		96.2	75.9
202604	003000000	24	経費合計	707505100.0	742029841.0	807717705.0		108.8	114.1
202604	003000000	25	経費合計(原価)	605271950.0	644092507.0	710118328.0	87.9	110.2	117.3
202604	003000000	26	仕掛2	363249991.0	414632634.0	414201856.0	58.3	99.8	114.0
202604	003000000	27	商品仕入高	118253858.0	85835018.0	150288449.0	21.1	175.0	127.0
202604	003000000	28	原材料費	44370000.0	74246527.0	57660425.0	8.1	77.6	129.9
202604	003000000	29	外注加工費	75409051.0	66349863.0	85759402.0	12.0	129.2	113.7
202604	003000000	30	その他 直接経費	4089050.0	3128465.0	2332739.0	0.3	74.5	57.0
202604	003000000	31	他勘定振替高	-100000.0	-100000.0	-124543.0	-	-	-
202604	003000000	32	経費合計（販管費）	102233150.0	97937334.0	97599377.0	12.0	99.6	95.4
202604	003000000	33	減価償却費	8453215.0	8386256.0	8458973.0	8.6	100.8	100.0
202604	003000000	34	車両費	11528462.0	11652389.0	12062544.0	12.3	103.5	104.6
202604	003000000	35	旅費交通費	4714047.0	4981447.0	5711901.0	5.8	114.6	121.1
202604	003000000	36	荷造運搬費	4197940.0	4197940.0	896536.0	0.9	21.3	21.3
202604	003000000	37	通信費	1515280.0	1524943.0	1394448.0	1.4	91.4	92.0
202604	003000000	38	水道光熱費	1546143.0	1533903.0	1200888.0	1.2	78.2	77.6
202604	003000000	39	動力費	662544.0	670444.0	505076.0	0.5	75.3	76.2
202604	003000000	40	事務用品費	597635.0	591994.0	411931.0	0.4	69.5	68.9
202604	003000000	41	消耗品費	1325992.0	1233808.0	1508364.0	1.5	122.2	113.7
202604	003000000	42	廃棄物処理料	733445.0	833414.0	909048.0	0.9	109.0	123.9
202604	003000000	43	広告宣伝費	330500.0	293500.0	793135.0	0.8	270.2	239.9
202604	003000000	44	接待交際費	612546.0	575546.0	239071.0	0.2	41.5	39.0
202604	003000000	45	研究開発費	0.0	0.0	0.0	0.0	-	-
202604	003000000	46	アフターサービス費	0.0	0.0	0.0	0.0	-	-
202604	003000000	47	クレーム費	1680000.0	90000.0	108050.0	0.1	120.0	6.4
202604	003000000	48	賃借料	14289224.0	14355633.0	14030362.0	14.3	97.7	98.1
202604	003000000	49	賃貸料収入	-649051.0	-600391.0	-669865.0	-	-	-
202604	003000000	50	修繕費	467500.0	523350.0	445630.0	0.4	85.1	95.3
202604	003000000	51	支払リース料	170780.0	168874.0	139803.0	0.1	82.7	81.8
202604	003000000	52	保険料	2075763.0	2075763.0	2909734.0	2.9	140.1	140.1
202604	003000000	53	支払報酬	1158780.0	1158780.0	557300.0	0.5	48.0	48.0
202604	003000000	54	販売手数料	0.0	0.0	94000.0	0.0	-	-
202604	003000000	55	支払手数料	2686347.0	2678271.0	1858092.0	1.9	69.3	69.1
202604	003000000	56	診断料	20000.0	220000.0	617650.0	0.6	280.7	3,088.2
202604	003000000	57	諸会費	335116.0	335116.0	318215.0	0.3	94.9	94.9
202604	003000000	58	会議費	2000.0	2000.0	1649.0	0.0	82.4	82.4
202604	003000000	59	寄付金	20000.0	18000.0	21910.0	0.0	121.7	109.5
202604	003000000	60	租税公課	960194.0	945194.0	925572.0	0.9	97.9	96.3
202604	003000000	61	業務委託費	654600.0	654600.0	654600.0	0.6	100.0	100.0
202604	003000000	62	業務受託収入	-15000.0	-15000.0	-15000.0	-	-	-
202604	003000000	63	システム管理料	1968000.0	1968000.0	4368000.0	4.4	221.9	221.9
202604	003000000	64	情報機器利用料	10945468.0	10941498.0	11065024.0	11.3	101.1	101.0
202604	003000000	65	貸倒金	0.0	0.0	0.0	0.0	-	-
202604	003000000	66	雑費	283401.0	284185.0	707072.0	0.7	248.8	249.4
202604	003000000	67	福利消耗品費	88495.0	119690.0	65015.0	0.0	54.3	73.4
202604	003000000	68	教育研修費	1285036.0	1273504.0	1161421.0	1.1	91.1	90.3
202604	003000000	69	廃棄損・減耗損	237248.0	298109.0	131873.0	0.1	44.2	55.5
202604	003000000	70	雑給	0.0	0.0	0.0	0.0	-	-
202604	003000000	71	社内金利（固定資産）	0.0	0.0	0.0	0.0	-	-
202604	003000000	72	社内金利（売掛金）	0.0	0.0	0.0	0.0	-	-
202604	003000000	73	社内金利（在庫）	0.0	0.0	0.0	0.0	-	-
202604	003000000	74	営業口銭①（新築）	0.0	317500.0	425000.0	0.4	133.8	-
202604	003000000	75	営業口銭②（リフォ）	20134500.0	16432074.0	16369355.0	16.7	99.6	81.3
202604	003000000	76	開発口銭	0.0	0.0	0.0	0.0	-	-
202604	003000000	77	部門共通（経費）	0.0	0.0	0.0	0.0	-	-
202604	003000000	78	グループ共通	7217000.0	7217000.0	7217000.0	7.3	100.0	100.0
202604	003000000	79	差引収益	-462657216.0	-534611013.0	-595238346.0		-	-
202604	003000000	80	差引比率	-77.8	-98.6	-101.5		-	-
202604	003000000	81	総時間	55466.75	54259.0	55402.5		102.1	99.8
202604	003000000	82	定時間	49119.5	48522.5	48390.25	87.3	99.7	98.5
202604	003000000	83	残業時間	5800.75	5701.5	6747.25	12.1	118.3	116.3
202604	003000000	84	移動時間	546.5	35.0	265.0	0.4	757.1	48.4
202604	003000000	85	部門共通（時間）	0.0	0.0	0.0	0.0	-	-
202604	003000000	86	当月時間当り	-8341.1	-9852.9	-10743.8		-	-
202604	003000000	87	人員	294.0	293.0	294.0		100.3	100.0
202604	003090100	1	総受注高	0.0	0.0	0.0		-	-
202604	003090100	2	【新築】受注高	0.0	0.0	0.0	-	-	-
202604	003090100	3	【リフォ】受注高	0.0	0.0	0.0	-	-	-
202604	003090100	4	【資材】受注高	0.0	0.0	0.0	-	-	-
202604	003090100	5	総売上高	0.0	0.0	0.0		-	-
202604	003090100	6	【新築】売上高	0.0	0.0	0.0	-	-	-
202604	003090100	7	【リフォ】売上高	0.0	0.0	0.0	-	-	-
202604	003090100	8	【資材】売上高	0.0	0.0	0.0	-	-	-
202604	003090100	9	【新築】インセンティブ	0.0	0.0	0.0	-	-	-
202604	003090100	10	【リフォ】インセンティブ	0.0	0.0	0.0	-	-	-
202604	003090100	11	【資材】インセンティブ	0.0	0.0	0.0	-	-	-
202604	003090100	12	収益①（営業口銭）	0.0	0.0	0.0		-	-
202604	003090100	13	【新築】収益①(営業口銭)	0.0	0.0	0.0		-	-
202604	003090100	14	【リフォ】収益①(営業口銭)	0.0	0.0	0.0		-	-
202604	003090100	15	【資材】売上原価	0.0	0.0	0.0		-	-
202604	003090100	16	収益②（資材）	0.0	0.0	0.0		-	-
202604	003090100	17	総収益	0.0	0.0	0.0		-	-
202604	003090100	18	経費合計	5185393.0	5315393.0	6310063.0		118.7	121.6
202604	003090100	19	減価償却費	6133874.0	6133874.0	6082208.0	96.3	99.1	99.1
202604	003090100	20	車両費	49064.0	49064.0	48215.0	0.7	98.2	98.2
202604	003090100	21	旅費交通費	260000.0	340000.0	470984.0	7.4	138.5	181.1
202604	003090100	22	荷造運搬費	1200000.0	1200000.0	227191.0	3.6	18.9	18.9
202604	003090100	23	通信費	51604.0	51604.0	69620.0	1.1	134.9	134.9
202604	003090100	24	水道光熱費	600.0	600.0	566.0	0.0	94.3	94.3
202604	003090100	25	動力費	0.0	0.0	0.0	0.0	-	-
202604	003090100	26	事務用品費	200.0	200.0	1937.0	0.0	968.5	968.5
202604	003090100	27	消耗品費	0.0	0.0	0.0	0.0	-	-
202604	003090100	28	廃棄物処理料	0.0	0.0	0.0	0.0	-	-
202604	003090100	29	広告宣伝費	0.0	0.0	0.0	0.0	-	-
202604	003090100	30	接待交際費	130546.0	180546.0	94335.0	1.4	52.2	72.2
202604	003090100	31	研究開発費	0.0	0.0	0.0	0.0	-	-
202604	003090100	32	アフターサービス費	0.0	0.0	0.0	0.0	-	-
202604	003090100	33	クレーム費	0.0	0.0	0.0	0.0	-	-
202604	003090100	34	賃借料	60000.0	60000.0	30826.0	0.4	51.3	51.3
202604	003090100	35	賃貸料収入	0.0	0.0	0.0	0.0	-	-
202604	003090100	36	修繕費	0.0	0.0	0.0	0.0	-	-
202604	003090100	37	支払リース料	0.0	0.0	0.0	0.0	-	-
202604	003090100	38	保険料	1397640.0	1397640.0	1413836.0	22.4	101.1	101.1
202604	003090100	39	支払報酬	538780.0	538780.0	37300.0	0.5	6.9	6.9
202604	003090100	40	販売手数料	0.0	0.0	0.0	0.0	-	-
202604	003090100	41	支払手数料	350000.0	350000.0	351830.0	5.5	100.5	100.5
202604	003090100	42	診断料	0.0	0.0	0.0	0.0	-	-
202604	003090100	43	諸会費	240856.0	240856.0	242800.0	3.8	100.8	100.8
202604	003090100	44	会議費	0.0	0.0	0.0	0.0	-	-
202604	003090100	45	寄付金	0.0	0.0	0.0	0.0	-	-
202604	003090100	46	租税公課	1962.0	1962.0	6596.0	0.1	336.1	336.1
202604	003090100	47	業務委託費	0.0	0.0	0.0	0.0	-	-
202604	003090100	48	業務受託収入	0.0	0.0	0.0	0.0	-	-
202604	003090100	49	システム管理料	1968000.0	1968000.0	4368000.0	69.2	221.9	221.9
202604	003090100	50	情報機器利用料	-7628240.0	-7628240.0	-7605158.0	-	-	-
202604	003090100	51	貸倒金	0.0	0.0	0.0	0.0	-	-
202604	003090100	52	雑費	30000.0	30000.0	83711.0	1.3	279.0	279.0
202604	003090100	53	福利消耗品費	0.0	0.0	0.0	0.0	-	-
202604	003090100	54	教育研修費	0.0	0.0	0.0	0.0	-	-
202604	003090100	55	廃棄損・減耗損	0.0	0.0	0.0	0.0	-	-
202604	003090100	56	雑給	0.0	0.0	0.0	0.0	-	-
202604	003090100	57	社内金利（固定資産）	400507.0	400507.0	385266.0	6.1	96.1	96.1
202604	003090100	58	社内金利（売掛金）	0.0	0.0	0.0	0.0	-	-
202604	003090100	59	社内金利（在庫）	0.0	0.0	0.0	0.0	-	-
202604	003090100	60	開発口銭	0.0	0.0	0.0	0.0	-	-
202604	003090100	61	部門共通（経費）	0.0	0.0	0.0	0.0	-	-
202604	003090100	62	グループ共通	0.0	0.0	0.0	0.0	-	-
202604	003090100	63	差引収益	-5185393.0	-5315393.0	-6310063.0		-	-
202604	003090100	64	差引比率	0.0	0.0	0.0		-	-
202604	003090100	65	総時間	418.5	418.5	464.5		110.9	110.9
202604	003090100	66	定時間	352.0	352.0	352.0	75.7	100.0	100.0
202604	003090100	67	残業時間	44.0	44.0	44.0	9.4	100.0	100.0
202604	003090100	68	移動時間	22.5	22.5	68.5	14.7	304.4	304.4
202604	003090100	69	部門共通（時間）	0.0	0.0	0.0	0.0	-	-
202604	003090100	70	当月時間当り	-12390.4	-12701.0	-13584.6		-	-
202604	003090100	71	人員	2.0	2.0	2.0		100.0	100.0
202604	230B30300	1	総出荷	0.0	0.0	0.0		-	-
202604	230B30300	2	社外売	0.0	0.0	0.0	-	-	-
202604	230B30300	3	社内売	0.0	0.0	0.0	-	-	-
202604	230B30300	4	社内仕入	0.0	0.0	0.0		-	-
202604	230B30300	5	仕掛1	0.0	0.0	0.0		-	-
202604	230B30300	6	総生産	0.0	0.0	0.0		-	-
202604	230B30300	7	経費合計	0.0	0.0	0.0		-	-
202604	230B30300	8	経費合計(原価)	0.0	0.0	0.0	-	-	-
202604	230B30300	9	仕掛2	0.0	0.0	0.0	-	-	-
202604	230B30300	10	商品仕入高	0.0	0.0	0.0	-	-	-
202604	230B30300	11	原材料費	0.0	0.0	0.0	-	-	-
202604	230B30300	12	外注加工費	0.0	0.0	0.0	-	-	-
202604	230B30300	13	その他 直接経費	0.0	0.0	0.0	-	-	-
202604	230B30300	14	他勘定振替高	0.0	0.0	0.0	-	-	-
202604	230B30300	15	経費合計（販管費）	0.0	0.0	0.0	-	-	-
202604	230B30300	16	減価償却費	0.0	0.0	0.0	-	-	-
202604	230B30300	17	車両費	463146.0	458146.0	455098.0	-	99.3	98.2
202604	230B30300	18	旅費交通費	296000.0	302000.0	244810.0	-	81.0	82.7
202604	230B30300	19	荷造運搬費	2500.0	2500.0	0.0	-	0.0	0.0
202604	230B30300	20	通信費	31427.0	31427.0	31421.0	-	99.9	99.9
202604	230B30300	21	水道光熱費	50370.0	50370.0	43046.0	-	85.4	85.4
202604	230B30300	22	動力費	0.0	0.0	0.0	-	-	-
202604	230B30300	23	事務用品費	4300.0	4300.0	4269.0	-	99.2	99.2
202604	230B30300	24	消耗品費	34000.0	34000.0	13096.0	-	38.5	38.5
202604	230B30300	25	廃棄物処理料	1150.0	1150.0	1053.0	-	91.5	91.5
202604	230B30300	26	広告宣伝費	0.0	0.0	0.0	-	-	-
202604	230B30300	27	接待交際費	20000.0	20000.0	0.0	-	0.0	0.0
202604	230B30300	28	研究開発費	0.0	0.0	0.0	-	-	-
202604	230B30300	29	アフターサービス費	0.0	0.0	0.0	-	-	-
202604	230B30300	30	クレーム費	0.0	0.0	0.0	-	-	-
202604	230B30300	31	賃借料	299390.0	299390.0	340290.0	-	113.6	113.6
202604	230B30300	32	賃貸料収入	-51000.0	-51000.0	-14012.0	-	-	-
202604	230B30300	33	修繕費	0.0	0.0	0.0	-	-	-
202604	230B30300	34	支払リース料	3250.0	3250.0	3023.0	-	93.0	93.0
202604	230B30300	35	保険料	0.0	0.0	0.0	-	-	-
202604	230B30300	36	支払報酬	0.0	0.0	0.0	-	-	-
202604	230B30300	37	販売手数料	0.0	0.0	0.0	-	-	-
202604	230B30300	38	支払手数料	216900.0	216900.0	221891.0	-	102.3	102.3
202604	230B30300	39	診断料	0.0	0.0	0.0	-	-	-
202604	230B30300	40	諸会費	1100.0	1100.0	600.0	-	54.5	54.5
202604	230B30300	41	会議費	0.0	0.0	0.0	-	-	-
202604	230B30300	42	寄付金	0.0	0.0	0.0	-	-	-
202604	230B30300	43	租税公課	0.0	0.0	0.0	-	-	-
202604	230B30300	44	業務委託費	257300.0	257300.0	257300.0	-	100.0	100.0
202604	230B30300	45	業務受託収入	0.0	0.0	0.0	-	-	-
202604	230B30300	46	システム管理料	0.0	0.0	0.0	-	-	-
202604	230B30300	47	情報機器利用料	690654.0	690654.0	694654.0	-	100.5	100.5
202604	230B30300	48	貸倒金	0.0	0.0	0.0	-	-	-
202604	230B30300	49	雑費	1470.0	1470.0	1461.0	-	99.3	99.3
202604	230B30300	50	福利消耗品費	17500.0	17500.0	0.0	-	0.0	0.0
202604	230B30300	51	教育研修費	1950.0	1950.0	1812.0	-	92.9	92.9
202604	230B30300	52	廃棄損・減耗損	0.0	0.0	0.0	-	-	-
202604	230B30300	53	雑給	0.0	0.0	0.0	-	-	-
202604	230B30300	54	社内金利（固定資産）	0.0	0.0	0.0	-	-	-
202604	230B30300	55	社内金利（売掛金）	0.0	0.0	0.0	-	-	-
202604	230B30300	56	社内金利（在庫）	0.0	0.0	0.0	-	-	-
202604	230B30300	57	営業口銭①（新築）	0.0	0.0	0.0	-	-	-
202604	230B30300	58	営業口銭②（リフォ）	0.0	0.0	0.0	-	-	-
202604	230B30300	59	開発口銭	0.0	0.0	0.0	-	-	-
202604	230B30300	60	部門共通（経費）	-2643107.0	-2644107.0	-2601512.0	-	-	-
202604	230B30300	61	グループ共通	301700.0	301700.0	301700.0	-	100.0	100.0
202604	230B30300	62	差引収益	0.0	0.0	0.0		-	-
202604	230B30300	63	差引比率	0.0	0.0	0.0		-	-
202604	230B30300	64	総時間	0.0	0.0	0.0		-	-
202604	230B30300	65	定時間	1847.0	1839.0	1890.0	-	102.7	102.3
202604	230B30300	66	残業時間	294.75	291.0	331.25	-	113.8	112.3
202604	230B30300	67	移動時間	18.75	18.75	18.75	-	100.0	100.0
202604	230B30300	68	部門共通（時間）	-2160.5	-2148.75	-2240.0	-	-	-
202604	230B30300	69	当月時間当り	0.0	0.0	0.0		-	-
202604	230B30300	70	人員	12.0	12.0	12.0		100.0	100.0
202604	230J30100	1	総出荷	61300000.0	66324730.0	82932693.0		125.0	135.2
202604	230J30100	2	社外売	0.0	0.0	0.0	0.0	-	-
202604	230J30100	3	社内売	61300000.0	66324730.0	82932693.0	100.0	125.0	135.2
202604	230J30100	4	社内仕入	31150000.0	36124730.0	46636521.0		129.0	149.7
202604	230J30100	5	仕掛1	0.0	0.0	0.0		-	-
202604	230J30100	6	総生産	30150000.0	30200000.0	36296172.0		120.1	120.3
202604	230J30100	7	経費合計	94146708.0	115997873.0	97278621.0		83.8	103.3
202604	230J30100	8	経費合計(原価)	91713159.0	113690394.0	94847333.0	97.5	83.4	103.4
202604	230J30100	9	仕掛2	67593159.0	58690394.0	58259616.0	61.4	99.2	86.1
202604	230J30100	10	商品仕入高	0.0	0.0	0.0	0.0	-	-
202604	230J30100	11	原材料費	24120000.0	55000000.0	36637690.0	38.6	66.6	151.8
202604	230J30100	12	外注加工費	0.0	0.0	0.0	0.0	-	-
202604	230J30100	13	その他 直接経費	0.0	0.0	0.0	0.0	-	-
202604	230J30100	14	他勘定振替高	0.0	0.0	-49973.0	-	-	-
202604	230J30100	15	経費合計（販管費）	2433549.0	2307479.0	2431288.0	2.4	105.3	99.9
202604	230J30100	16	減価償却費	132769.0	132769.0	132769.0	5.4	100.0	100.0
202604	230J30100	17	車両費	0.0	0.0	4317.0	0.1	-	-
202604	230J30100	18	旅費交通費	10000.0	10000.0	7091.0	0.2	70.9	70.9
202604	230J30100	19	荷造運搬費	1000.0	1000.0	0.0	0.0	0.0	0.0
202604	230J30100	20	通信費	19295.0	19295.0	19359.0	0.7	100.3	100.3
202604	230J30100	21	水道光熱費	2000.0	2000.0	2159.0	0.0	107.9	107.9
202604	230J30100	22	動力費	280000.0	280000.0	249088.0	10.2	88.9	88.9
202604	230J30100	23	事務用品費	12300.0	12300.0	5103.0	0.2	41.4	41.4
202604	230J30100	24	消耗品費	127000.0	35000.0	239908.0	9.8	685.4	188.9
202604	230J30100	25	廃棄物処理料	53600.0	53600.0	57560.0	2.3	107.3	107.3
202604	230J30100	26	広告宣伝費	0.0	0.0	0.0	0.0	-	-
202604	230J30100	27	接待交際費	0.0	0.0	0.0	0.0	-	-
202604	230J30100	28	研究開発費	0.0	0.0	0.0	0.0	-	-
202604	230J30100	29	アフターサービス費	0.0	0.0	0.0	0.0	-	-
202604	230J30100	30	クレーム費	0.0	0.0	17800.0	0.7	-	-
202604	230J30100	31	賃借料	611800.0	611800.0	611800.0	25.1	100.0	100.0
202604	230J30100	32	賃貸料収入	0.0	0.0	0.0	0.0	-	-
202604	230J30100	33	修繕費	40000.0	0.0	0.0	0.0	-	0.0
202604	230J30100	34	支払リース料	13000.0	13000.0	8487.0	0.3	65.2	65.2
202604	230J30100	35	保険料	12058.0	12058.0	12058.0	0.4	100.0	100.0
202604	230J30100	36	支払報酬	0.0	0.0	0.0	0.0	-	-
202604	230J30100	37	販売手数料	0.0	0.0	0.0	0.0	-	-
202604	230J30100	38	支払手数料	156544.0	156544.0	30734.0	1.2	19.6	19.6
202604	230J30100	39	診断料	0.0	0.0	0.0	0.0	-	-
202604	230J30100	40	諸会費	0.0	0.0	0.0	0.0	-	-
202604	230J30100	41	会議費	0.0	0.0	0.0	0.0	-	-
202604	230J30100	42	寄付金	0.0	0.0	0.0	0.0	-	-
202604	230J30100	43	租税公課	0.0	0.0	0.0	0.0	-	-
202604	230J30100	44	業務委託費	0.0	0.0	0.0	0.0	-	-
202604	230J30100	45	業務受託収入	0.0	0.0	0.0	0.0	-	-
202604	230J30100	46	システム管理料	0.0	0.0	0.0	0.0	-	-
202604	230J30100	47	情報機器利用料	382690.0	382690.0	381290.0	15.6	99.6	99.6
202604	230J30100	48	貸倒金	0.0	0.0	0.0	0.0	-	-
202604	230J30100	49	雑費	9600.0	9600.0	9597.0	0.3	99.9	99.9
202604	230J30100	50	福利消耗品費	1000.0	1000.0	0.0	0.0	0.0	0.0
202604	230J30100	51	教育研修費	0.0	0.0	0.0	0.0	-	-
202604	230J30100	52	廃棄損・減耗損	0.0	0.0	49973.0	2.0	-	-
202604	230J30100	53	雑給	0.0	0.0	0.0	0.0	-	-
202604	230J30100	54	社内金利（固定資産）	75502.0	75502.0	75502.0	3.1	100.0	100.0
202604	230J30100	55	社内金利（売掛金）	0.0	0.0	0.0	0.0	-	-
202604	230J30100	56	社内金利（在庫）	120000.0	120000.0	86191.0	3.5	71.8	71.8
202604	230J30100	57	営業口銭①（新築）	0.0	0.0	0.0	0.0	-	-
202604	230J30100	58	営業口銭②（リフォ）	0.0	0.0	0.0	0.0	-	-
202604	230J30100	59	開発口銭	0.0	0.0	0.0	0.0	-	-
202604	230J30100	60	部門共通（経費）	146791.0	152721.0	203902.0	8.3	133.5	138.9
202604	230J30100	61	グループ共通	226600.0	226600.0	226600.0	9.3	100.0	100.0
202604	230J30100	62	差引収益	-63996708.0	-85797873.0	-60982449.0		-	-
202604	230J30100	63	差引比率	-212.2	-284.0	-168.0		-	-
202604	230J30100	64	総時間	2047.0	1785.75	1780.75		99.7	86.9
202604	230J30100	65	定時間	1688.0	1430.0	1435.5	80.6	100.3	85.0
202604	230J30100	66	残業時間	88.0	83.0	73.75	4.1	88.8	83.8
202604	230J30100	67	移動時間	147.75	147.75	147.75	8.2	100.0	100.0
202604	230J30100	68	部門共通（時間）	123.25	125.0	123.75	6.9	99.0	100.4
202604	230J30100	69	当月時間当り	-31263.6	-48045.8	-34245.3		-	-
202604	230J30100	70	人員	10.0	9.0	9.0		100.0	90.0
202604	230H10200	1	総受注高	0.0	0.0	0.0		-	-
202604	230H10200	2	【新築】受注高	0.0	0.0	0.0	-	-	-
202604	230H10200	3	【リフォ】受注高	0.0	0.0	0.0	-	-	-
202604	230H10200	4	【資材】受注高	0.0	0.0	0.0	-	-	-
202604	230H10200	5	総売上高	0.0	0.0	0.0		-	-
202604	230H10200	6	【新築】売上高	0.0	0.0	0.0	-	-	-
202604	230H10200	7	【リフォ】売上高	0.0	0.0	0.0	-	-	-
202604	230H10200	8	【資材】売上高	0.0	0.0	0.0	-	-	-
202604	230H10200	9	【新築】インセンティブ	0.0	0.0	0.0	-	-	-
202604	230H10200	10	【リフォ】インセンティブ	0.0	0.0	0.0	-	-	-
202604	230H10200	11	【資材】インセンティブ	0.0	0.0	0.0	-	-	-
202604	230H10200	12	収益①（営業口銭）	0.0	0.0	0.0		-	-
202604	230H10200	13	【新築】収益①(営業口銭)	0.0	0.0	0.0		-	-
202604	230H10200	14	【リフォ】収益①(営業口銭)	0.0	0.0	0.0		-	-
202604	230H10200	15	【資材】売上原価	0.0	0.0	0.0		-	-
202604	230H10200	16	収益②（資材）	0.0	0.0	0.0		-	-
202604	230H10200	17	総収益	0.0	0.0	0.0		-	-
202604	230H10200	18	経費合計	0.0	0.0	0.0		-	-
202604	230H10200	19	減価償却費	0.0	0.0	0.0	-	-	-
202604	230H10200	20	車両費	0.0	0.0	1534.0	-	-	-
202604	230H10200	21	旅費交通費	80000.0	80000.0	75973.0	-	94.9	94.9
202604	230H10200	22	荷造運搬費	0.0	0.0	0.0	-	-	-
202604	230H10200	23	通信費	10445.0	10445.0	10668.0	-	102.1	102.1
202604	230H10200	24	水道光熱費	22524.0	22524.0	19186.0	-	85.1	85.1
202604	230H10200	25	動力費	0.0	0.0	0.0	-	-	-
202604	230H10200	26	事務用品費	13823.0	13600.0	2844.0	-	20.9	20.5
202604	230H10200	27	消耗品費	22841.0	21353.0	20077.0	-	94.0	87.8
202604	230H10200	28	廃棄物処理料	2216.0	2216.0	1704.0	-	76.8	76.8
202604	230H10200	29	広告宣伝費	219000.0	169000.0	737909.0	-	436.6	336.9
202604	230H10200	30	接待交際費	0.0	0.0	20175.0	-	-	-
202604	230H10200	31	研究開発費	0.0	0.0	0.0	-	-	-
202604	230H10200	32	アフターサービス費	0.0	0.0	0.0	-	-	-
202604	230H10200	33	クレーム費	0.0	0.0	0.0	-	-	-
202604	230H10200	34	賃借料	356110.0	356110.0	356110.0	-	100.0	100.0
202604	230H10200	35	賃貸料収入	0.0	0.0	0.0	-	-	-
202604	230H10200	36	修繕費	0.0	0.0	0.0	-	-	-
202604	230H10200	37	支払リース料	2084.0	2084.0	579.0	-	27.7	27.7
202604	230H10200	38	保険料	0.0	0.0	0.0	-	-	-
202604	230H10200	39	支払報酬	150000.0	150000.0	150000.0	-	100.0	100.0
202604	230H10200	40	販売手数料	0.0	0.0	0.0	-	-	-
202604	230H10200	41	支払手数料	605962.0	605962.0	17796.0	-	2.9	2.9
202604	230H10200	42	診断料	0.0	0.0	0.0	-	-	-
202604	230H10200	43	諸会費	0.0	0.0	0.0	-	-	-
202604	230H10200	44	会議費	0.0	0.0	0.0	-	-	-
202604	230H10200	45	寄付金	0.0	0.0	0.0	-	-	-
202604	230H10200	46	租税公課	0.0	0.0	0.0	-	-	-
202604	230H10200	47	業務委託費	0.0	0.0	0.0	-	-	-
202604	230H10200	48	業務受託収入	0.0	0.0	0.0	-	-	-
202604	230H10200	49	システム管理料	0.0	0.0	0.0	-	-	-
202604	230H10200	50	情報機器利用料	3303294.0	3303294.0	3309144.0	-	100.1	100.1
202604	230H10200	51	貸倒金	0.0	0.0	0.0	-	-	-
202604	230H10200	52	雑費	809.0	809.0	809.0	-	100.0	100.0
202604	230H10200	53	福利消耗品費	0.0	0.0	0.0	-	-	-
202604	230H10200	54	教育研修費	160885.0	160885.0	161672.0	-	100.4	100.4
202604	230H10200	55	廃棄損・減耗損	0.0	0.0	0.0	-	-	-
202604	230H10200	56	雑給	0.0	0.0	0.0	-	-	-
202604	230H10200	57	社内金利（固定資産）	0.0	0.0	0.0	-	-	-
202604	230H10200	58	社内金利（売掛金）	0.0	0.0	0.0	-	-	-
202604	230H10200	59	社内金利（在庫）	0.0	0.0	0.0	-	-	-
202604	230H10200	60	開発口銭	0.0	0.0	0.0	-	-	-
202604	230H10200	61	部門共通（経費）	-5075593.0	-5023882.0	-5011780.0	-	-	-
202604	230H10200	62	グループ共通	125600.0	125600.0	125600.0	-	100.0	100.0
202604	230H10200	63	差引収益	0.0	0.0	0.0		-	-
202604	230H10200	64	差引比率	0.0	0.0	0.0		-	-
202604	230H10200	65	総時間	0.0	0.0	0.0		-	-
202604	230H10200	66	定時間	864.0	856.0	852.75	-	99.6	98.6
202604	230H10200	67	残業時間	80.0	80.0	90.0	-	112.5	112.5
202604	230H10200	68	移動時間	116.0	116.0	116.0	-	100.0	100.0
202604	230H10200	69	部門共通（時間）	-1060.0	-1052.0	-1058.75	-	-	-
202604	230H10200	70	当月時間当り	0.0	0.0	0.0		-	-
202604	230H10200	71	人員	5.0	5.0	5.0		100.0	100.0
202604	230C30600	1	総出荷	1000000.0	1000000.0	2006290.0		200.6	200.6
202604	230C30600	2	社外売	0.0	0.0	0.0	0.0	-	-
202604	230C30600	3	社内売	1000000.0	1000000.0	2006290.0	100.0	200.6	200.6
202604	230C30600	4	社内仕入	0.0	0.0	0.0		-	-
202604	230C30600	5	仕掛1	0.0	0.0	0.0		-	-
202604	230C30600	6	総生産	1000000.0	1000000.0	2006290.0		200.6	200.6
202604	230C30600	7	経費合計	984637.0	971494.0	971013.0		99.9	98.6
202604	230C30600	8	経費合計(原価)	0.0	0.0	0.0	0.0	-	-
202604	230C30600	9	仕掛2	0.0	0.0	0.0	-	-	-
202604	230C30600	10	商品仕入高	0.0	0.0	0.0	-	-	-
202604	230C30600	11	原材料費	0.0	0.0	0.0	-	-	-
202604	230C30600	12	外注加工費	0.0	0.0	0.0	-	-	-
202604	230C30600	13	その他 直接経費	0.0	0.0	0.0	-	-	-
202604	230C30600	14	他勘定振替高	0.0	0.0	0.0	-	-	-
202604	230C30600	15	経費合計（販管費）	984637.0	971494.0	971013.0	100.0	99.9	98.6
202604	230C30600	16	減価償却費	0.0	0.0	0.0	0.0	-	-
202604	230C30600	17	車両費	235429.0	235429.0	265202.0	27.3	112.6	112.6
202604	230C30600	18	旅費交通費	20000.0	10000.0	19936.0	2.0	199.3	99.6
202604	230C30600	19	荷造運搬費	0.0	0.0	0.0	0.0	-	-
202604	230C30600	20	通信費	13122.0	11320.0	13600.0	1.4	120.1	103.6
202604	230C30600	21	水道光熱費	33789.0	33789.0	26081.0	2.6	77.1	77.1
202604	230C30600	22	動力費	0.0	0.0	0.0	0.0	-	-
202604	230C30600	23	事務用品費	7689.0	7689.0	8446.0	0.8	109.8	109.8
202604	230C30600	24	消耗品費	24667.0	23367.0	18177.0	1.8	77.7	73.6
202604	230C30600	25	廃棄物処理料	557.0	557.0	536.0	0.0	96.2	96.2
202604	230C30600	26	広告宣伝費	0.0	0.0	0.0	0.0	-	-
202604	230C30600	27	接待交際費	0.0	0.0	0.0	0.0	-	-
202604	230C30600	28	研究開発費	0.0	0.0	0.0	0.0	-	-
202604	230C30600	29	アフターサービス費	0.0	0.0	0.0	0.0	-	-
202604	230C30600	30	クレーム費	0.0	0.0	0.0	0.0	-	-
202604	230C30600	31	賃借料	189006.0	189006.0	150010.0	15.4	79.3	79.3
202604	230C30600	32	賃貸料収入	-47920.0	-47920.0	-47920.0	-	-	-
202604	230C30600	33	修繕費	0.0	0.0	0.0	0.0	-	-
202604	230C30600	34	支払リース料	7329.0	7329.0	4928.0	0.5	67.2	67.2
202604	230C30600	35	保険料	0.0	0.0	11948.0	1.2	-	-
202604	230C30600	36	支払報酬	0.0	0.0	0.0	0.0	-	-
202604	230C30600	37	販売手数料	0.0	0.0	0.0	0.0	-	-
202604	230C30600	38	支払手数料	1920.0	1920.0	3330.0	0.3	173.4	173.4
202604	230C30600	39	診断料	0.0	0.0	0.0	0.0	-	-
202604	230C30600	40	諸会費	0.0	0.0	0.0	0.0	-	-
202604	230C30600	41	会議費	0.0	0.0	0.0	0.0	-	-
202604	230C30600	42	寄付金	0.0	0.0	0.0	0.0	-	-
202604	230C30600	43	租税公課	65216.0	65216.0	57072.0	5.8	87.5	87.5
202604	230C30600	44	業務委託費	0.0	0.0	0.0	0.0	-	-
202604	230C30600	45	業務受託収入	0.0	0.0	0.0	0.0	-	-
202604	230C30600	46	システム管理料	0.0	0.0	0.0	0.0	-	-
202604	230C30600	47	情報機器利用料	158820.0	158820.0	158820.0	16.3	100.0	100.0
202604	230C30600	48	貸倒金	0.0	0.0	0.0	0.0	-	-
202604	230C30600	49	雑費	3700.0	3700.0	3019.0	0.3	81.5	81.5
202604	230C30600	50	福利消耗品費	0.0	0.0	0.0	0.0	-	-
202604	230C30600	51	教育研修費	1329.0	1329.0	923.0	0.0	69.4	69.4
202604	230C30600	52	廃棄損・減耗損	0.0	0.0	0.0	0.0	-	-
202604	230C30600	53	雑給	0.0	0.0	0.0	0.0	-	-
202604	230C30600	54	社内金利（固定資産）	0.0	0.0	0.0	0.0	-	-
202604	230C30600	55	社内金利（売掛金）	0.0	0.0	0.0	0.0	-	-
202604	230C30600	56	社内金利（在庫）	0.0	0.0	0.0	0.0	-	-
202604	230C30600	57	営業口銭①（新築）	0.0	0.0	0.0	0.0	-	-
202604	230C30600	58	営業口銭②（リフォ）	0.0	0.0	0.0	0.0	-	-
202604	230C30600	59	開発口銭	0.0	0.0	0.0	0.0	-	-
202604	230C30600	60	部門共通（経費）	68584.0	68543.0	75505.0	7.7	110.1	110.0
202604	230C30600	61	グループ共通	201400.0	201400.0	201400.0	20.7	100.0	100.0
202604	230C30600	62	差引収益	15363.0	28506.0	1035277.0		3,631.7	6,738.7
202604	230C30600	63	差引比率	1.5	2.8	51.6		1,842.8	3,440.0
202604	230C30600	64	総時間	1238.5	1244.25	1255.25		100.8	101.3
202604	230C30600	65	定時間	1032.0	1032.0	1012.0	80.6	98.0	98.0
202604	230C30600	66	残業時間	81.0	81.0	118.75	9.4	146.6	146.6
202604	230C30600	67	移動時間	59.0	59.0	56.5	4.5	95.7	95.7
202604	230C30600	68	部門共通（時間）	66.5	72.25	68.0	5.4	94.1	102.2
202604	230C30600	69	当月時間当り	12.4	22.9	824.7		3,601.3	6,650.8
202604	230C30600	70	人員	6.0	6.0	6.0		100.0	100.0
202604	220C10300	1	総受注高	425600000.0	510849182.0	532107351.0		104.1	125.0
202604	220C10300	2	【新築】受注高	157000000.0	223498182.0	128719082.0	24.1	57.5	81.9
202604	220C10300	3	【リフォ】受注高	114400000.0	133151000.0	195676725.0	36.7	146.9	171.0
202604	220C10300	4	【資材】受注高	154200000.0	154200000.0	207711544.0	39.0	134.7	134.7
202604	220C10300	5	総売上高	157240000.0	148199091.0	157261945.0		106.1	100.0
202604	220C10300	6	【新築】売上高	0.0	0.0	0.0	0.0	-	-
202604	220C10300	7	【リフォ】売上高	41040000.0	31999091.0	31897382.0	20.2	99.6	77.7
202604	220C10300	8	【資材】売上高	116200000.0	116200000.0	125364563.0	79.7	107.8	107.8
202604	220C10300	9	【新築】インセンティブ	0.0	0.0	0.0	0.0	-	-
202604	220C10300	10	【リフォ】インセンティブ	0.0	0.0	0.0	0.0	-	-
202604	220C10300	11	【資材】インセンティブ	0.0	0.0	0.0	0.0	-	-
202604	220C10300	12	収益①（営業口銭）	6156000.0	4799863.0	4784603.0		99.6	77.7
202604	220C10300	13	【新築】収益①(営業口銭)	0.0	0.0	0.0		-	-
202604	220C10300	14	【リフォ】収益①(営業口銭)	6156000.0	4799863.0	4784603.0		99.6	77.7
202604	220C10300	15	【資材】売上原価	90200000.0	90200000.0	100506472.0		111.4	111.4
202604	220C10300	16	収益②（資材）	26000000.0	26000000.0	24858091.0		95.6	95.6
202604	220C10300	17	総収益	32156000.0	30799863.0	29642694.0		96.2	92.1
202604	220C10300	18	総出荷	41040000.0	31999091.0	31897382.0		99.6	77.7
202604	220C10300	19	社外売	41040000.0	31999091.0	31897382.0	100.0	99.6	77.7
202604	220C10300	20	社内売	0.0	0.0	0.0	0.0	-	-
202604	220C10300	21	社内仕入	2490560.0	3610892.0	17495014.0		484.5	702.4
202604	220C10300	22	仕掛1	19614426.0	19882401.0	19882401.0		100.0	101.3
202604	220C10300	23	総生産	18935014.0	8505798.0	-5480033.0		-	-
202604	220C10300	24	経費合計	189772059.0	213539020.0	230871024.0		108.1	121.6
202604	220C10300	25	経費合計(原価)	160467125.0	185381856.0	203323663.0	88.0	109.6	126.7
202604	220C10300	26	仕掛2	133230045.0	149302920.0	149302920.0	73.4	100.0	112.0
202604	220C10300	27	商品仕入高	11991330.0	12935386.0	21942804.0	10.7	169.6	182.9
202604	220C10300	28	原材料費	0.0	0.0	0.0	0.0	-	-
202604	220C10300	29	外注加工費	14288000.0	22377185.0	31362487.0	15.4	140.1	219.5
202604	220C10300	30	その他 直接経費	957750.0	766365.0	715452.0	0.3	93.3	74.7
202604	220C10300	31	他勘定振替高	0.0	0.0	0.0	0.0	-	-
202604	220C10300	32	経費合計（販管費）	29304934.0	28157164.0	27547361.0	11.9	97.8	94.0
202604	220C10300	33	減価償却費	583176.0	518596.0	520693.0	1.8	100.4	89.2
202604	220C10300	34	車両費	3525992.0	3674722.0	3682171.0	13.3	100.2	104.4
202604	220C10300	35	旅費交通費	1068127.0	1142127.0	1180384.0	4.2	103.3	110.5
202604	220C10300	36	荷造運搬費	32000.0	32000.0	78419.0	0.2	245.0	245.0
202604	220C10300	37	通信費	329301.0	331103.0	323695.0	1.1	97.7	98.2
202604	220C10300	38	水道光熱費	297575.0	297575.0	210725.0	0.7	70.8	70.8
202604	220C10300	39	動力費	0.0	0.0	0.0	0.0	-	-
202604	220C10300	40	事務用品費	148475.0	148475.0	111706.0	0.4	75.2	75.2
202604	220C10300	41	消耗品費	148990.0	168990.0	148576.0	0.5	87.9	99.7
202604	220C10300	42	廃棄物処理料	282800.0	282800.0	379839.0	1.3	134.3	134.3
202604	220C10300	43	広告宣伝費	0.0	0.0	6819.0	0.0	-	-
202604	220C10300	44	接待交際費	80000.0	70000.0	48840.0	0.1	69.7	61.0
202604	220C10300	45	研究開発費	0.0	0.0	0.0	0.0	-	-
202604	220C10300	46	アフターサービス費	0.0	0.0	0.0	0.0	-	-
202604	220C10300	47	クレーム費	150000.0	60000.0	0.0	0.0	0.0	0.0
202604	220C10300	48	賃借料	2604322.0	2631882.0	2220830.0	8.0	84.3	85.2
202604	220C10300	49	賃貸料収入	-107130.0	-101570.0	-112690.0	-	-	-
202604	220C10300	50	修繕費	0.0	0.0	410000.0	1.4	-	-
202604	220C10300	51	支払リース料	51572.0	51572.0	52114.0	0.1	101.0	101.0
202604	220C10300	52	保険料	104864.0	104864.0	101836.0	0.3	97.1	97.1
202604	220C10300	53	支払報酬	0.0	0.0	0.0	0.0	-	-
202604	220C10300	54	販売手数料	0.0	0.0	0.0	0.0	-	-
202604	220C10300	55	支払手数料	208880.0	208880.0	215685.0	0.7	103.2	103.2
202604	220C10300	56	診断料	0.0	0.0	0.0	0.0	-	-
202604	220C10300	57	諸会費	12960.0	12960.0	7790.0	0.0	60.1	60.1
202604	220C10300	58	会議費	0.0	0.0	0.0	0.0	-	-
202604	220C10300	59	寄付金	5000.0	5000.0	5000.0	0.0	100.0	100.0
202604	220C10300	60	租税公課	718016.0	718016.0	672803.0	2.4	93.7	93.7
202604	220C10300	61	業務委託費	0.0	0.0	0.0	0.0	-	-
202604	220C10300	62	業務受託収入	0.0	0.0	0.0	0.0	-	-
202604	220C10300	63	システム管理料	0.0	0.0	0.0	0.0	-	-
202604	220C10300	64	情報機器利用料	3113210.0	3109280.0	3086074.0	11.2	99.2	99.1
202604	220C10300	65	貸倒金	0.0	0.0	0.0	0.0	-	-
202604	220C10300	66	雑費	56950.0	56950.0	69207.0	0.2	121.5	121.5
202604	220C10300	67	福利消耗品費	37995.0	69190.0	30019.0	0.1	43.3	79.0
202604	220C10300	68	教育研修費	145671.0	145671.0	49762.0	0.1	34.1	34.1
202604	220C10300	69	廃棄損・減耗損	0.0	60861.0	0.0	0.0	0.0	-
202604	220C10300	70	雑給	0.0	0.0	0.0	0.0	-	-
202604	220C10300	71	社内金利（固定資産）	136147.0	136147.0	135537.0	0.4	99.5	99.5
202604	220C10300	72	社内金利（売掛金）	58033.0	58033.0	53518.0	0.1	92.2	92.2
202604	220C10300	73	社内金利（在庫）	76678.0	76678.0	170795.0	0.6	222.7	222.7
202604	220C10300	74	営業口銭①（新築）	0.0	0.0	0.0	0.0	-	-
202604	220C10300	75	営業口銭②（リフォ）	6156000.0	4799863.0	4784603.0	17.3	99.6	77.7
202604	220C10300	76	開発口銭	0.0	0.0	0.0	0.0	-	-
202604	220C10300	77	部門共通（経費）	7871330.0	7878499.0	7494611.0	27.2	95.1	95.2
202604	220C10300	78	グループ共通	1408000.0	1408000.0	1408000.0	5.1	100.0	100.0
202604	220C10300	79	差引収益	-138681045.0	-174233359.0	-206708363.0		-	-
202604	220C10300	80	差引比率	-78.7	-111.1	-136.1		-	-
202604	220C10300	81	総時間	15759.0	15979.0	16384.75		102.5	103.9
202604	220C10300	82	定時間	9283.0	9520.5	9496.25	57.9	99.7	102.2
202604	220C10300	83	残業時間	1314.0	1411.0	1889.5	11.5	133.9	143.7
202604	220C10300	84	移動時間	504.0	420.0	357.5	2.1	85.1	70.9
202604	220C10300	85	部門共通（時間）	4658.0	4627.5	4641.5	28.3	100.3	99.6
202604	220C10300	86	当月時間当り	-8800.1	-10903.8	-12615.8		-	-
202604	220C10300	87	人員	55.0	57.0	58.0		101.7	105.4
202604	230H62000	1	総受注高	0.0	0.0	0.0		-	-
202604	230H62000	2	【新築】受注高	0.0	0.0	0.0	-	-	-
202604	230H62000	3	【リフォ】受注高	0.0	0.0	0.0	-	-	-
202604	230H62000	4	【資材】受注高	0.0	0.0	0.0	-	-	-
202604	230H62000	5	総売上高	0.0	0.0	0.0		-	-
202604	230H62000	6	【新築】売上高	0.0	0.0	0.0	-	-	-
202604	230H62000	7	【リフォ】売上高	0.0	0.0	0.0	-	-	-
202604	230H62000	8	【資材】売上高	0.0	0.0	0.0	-	-	-
202604	230H62000	9	【新築】インセンティブ	0.0	0.0	0.0	-	-	-
202604	230H62000	10	【リフォ】インセンティブ	0.0	0.0	0.0	-	-	-
202604	230H62000	11	【資材】インセンティブ	0.0	0.0	0.0	-	-	-
202604	230H62000	12	収益①（営業口銭）	0.0	0.0	0.0		-	-
202604	230H62000	13	【新築】収益①(営業口銭)	0.0	0.0	0.0		-	-
202604	230H62000	14	【リフォ】収益①(営業口銭)	0.0	0.0	0.0		-	-
202604	230H62000	15	【資材】売上原価	0.0	0.0	0.0		-	-
202604	230H62000	16	収益②（資材）	0.0	0.0	0.0		-	-
202604	230H62000	17	総収益	0.0	0.0	0.0		-	-
202604	230H62000	18	経費合計	0.0	0.0	0.0		-	-
202604	230H62000	19	減価償却費	0.0	0.0	0.0	-	-	-
202604	230H62000	20	車両費	30.0	30.0	0.0	-	0.0	0.0
202604	230H62000	21	旅費交通費	7000.0	7000.0	1614.0	-	23.0	23.0
202604	230H62000	22	荷造運搬費	0.0	0.0	0.0	-	-	-
202604	230H62000	23	通信費	9870.0	9870.0	9891.0	-	100.2	100.2
202604	230H62000	24	水道光熱費	18022.0	18022.0	15355.0	-	85.2	85.2
202604	230H62000	25	動力費	0.0	0.0	0.0	-	-	-
202604	230H62000	26	事務用品費	24818.0	24640.0	1832.0	-	7.4	7.3
202604	230H62000	27	消耗品費	2274.0	1083.0	1164.0	-	107.4	51.1
202604	230H62000	28	廃棄物処理料	1773.0	1773.0	1366.0	-	77.0	77.0
202604	230H62000	29	広告宣伝費	0.0	0.0	0.0	-	-	-
202604	230H62000	30	接待交際費	0.0	0.0	0.0	-	-	-
202604	230H62000	31	研究開発費	0.0	0.0	0.0	-	-	-
202604	230H62000	32	アフターサービス費	0.0	0.0	0.0	-	-	-
202604	230H62000	33	クレーム費	0.0	0.0	0.0	-	-	-
202604	230H62000	34	賃借料	284940.0	284940.0	284940.0	-	100.0	100.0
202604	230H62000	35	賃貸料収入	0.0	0.0	0.0	-	-	-
202604	230H62000	36	修繕費	0.0	0.0	0.0	-	-	-
202604	230H62000	37	支払リース料	1668.0	1668.0	465.0	-	27.8	27.8
202604	230H62000	38	保険料	0.0	0.0	0.0	-	-	-
202604	230H62000	39	支払報酬	0.0	0.0	0.0	-	-	-
202604	230H62000	40	販売手数料	0.0	0.0	0.0	-	-	-
202604	230H62000	41	支払手数料	0.0	0.0	0.0	-	-	-
202604	230H62000	42	診断料	0.0	0.0	0.0	-	-	-
202604	230H62000	43	諸会費	0.0	0.0	0.0	-	-	-
202604	230H62000	44	会議費	0.0	0.0	0.0	-	-	-
202604	230H62000	45	寄付金	0.0	0.0	0.0	-	-	-
202604	230H62000	46	租税公課	0.0	0.0	0.0	-	-	-
202604	230H62000	47	業務委託費	0.0	0.0	0.0	-	-	-
202604	230H62000	48	業務受託収入	0.0	0.0	0.0	-	-	-
202604	230H62000	49	システム管理料	0.0	0.0	0.0	-	-	-
202604	230H62000	50	情報機器利用料	135608.0	135608.0	135608.0	-	100.0	100.0
202604	230H62000	51	貸倒金	0.0	0.0	0.0	-	-	-
202604	230H62000	52	雑費	647.0	647.0	651.0	-	100.6	100.6
202604	230H62000	53	福利消耗品費	0.0	0.0	0.0	-	-	-
202604	230H62000	54	教育研修費	188998.0	188998.0	382847.0	-	202.5	202.5
202604	230H62000	55	廃棄損・減耗損	0.0	0.0	0.0	-	-	-
202604	230H62000	56	雑給	0.0	0.0	0.0	-	-	-
202604	230H62000	57	社内金利（固定資産）	0.0	0.0	0.0	-	-	-
202604	230H62000	58	社内金利（売掛金）	0.0	0.0	0.0	-	-	-
202604	230H62000	59	社内金利（在庫）	0.0	0.0	0.0	-	-	-
202604	230H62000	60	開発口銭	0.0	0.0	0.0	-	-	-
202604	230H62000	61	部門共通（経費）	-775948.0	-774579.0	-936033.0	-	-	-
202604	230H62000	62	グループ共通	100300.0	100300.0	100300.0	-	100.0	100.0
202604	230H62000	63	差引収益	0.0	0.0	0.0		-	-
202604	230H62000	64	差引比率	0.0	0.0	0.0		-	-
202604	230H62000	65	総時間	0.0	0.0	0.0		-	-
202604	230H62000	66	定時間	624.0	656.0	649.5	-	99.0	104.0
202604	230H62000	67	残業時間	56.0	58.0	70.75	-	121.9	126.3
202604	230H62000	68	移動時間	110.0	110.0	37.0	-	33.6	33.6
202604	230H62000	69	部門共通（時間）	-790.0	-824.0	-757.25	-	-	-
202604	230H62000	70	当月時間当り	0.0	0.0	0.0		-	-
202604	230H62000	71	人員	4.0	4.0	4.0		100.0	100.0
202604	230H61600	1	総受注高	0.0	0.0	0.0		-	-
202604	230H61600	2	【新築】受注高	0.0	0.0	0.0	-	-	-
202604	230H61600	3	【リフォ】受注高	0.0	0.0	0.0	-	-	-
202604	230H61600	4	【資材】受注高	0.0	0.0	0.0	-	-	-
202604	230H61600	5	総売上高	0.0	0.0	0.0		-	-
202604	230H61600	6	【新築】売上高	0.0	0.0	0.0	-	-	-
202604	230H61600	7	【リフォ】売上高	0.0	0.0	0.0	-	-	-
202604	230H61600	8	【資材】売上高	0.0	0.0	0.0	-	-	-
202604	230H61600	9	【新築】インセンティブ	0.0	0.0	0.0	-	-	-
202604	230H61600	10	【リフォ】インセンティブ	0.0	0.0	0.0	-	-	-
202604	230H61600	11	【資材】インセンティブ	0.0	0.0	0.0	-	-	-
202604	230H61600	12	収益①（営業口銭）	0.0	0.0	0.0		-	-
202604	230H61600	13	【新築】収益①(営業口銭)	0.0	0.0	0.0		-	-
202604	230H61600	14	【リフォ】収益①(営業口銭)	0.0	0.0	0.0		-	-
202604	230H61600	15	【資材】売上原価	0.0	0.0	0.0		-	-
202604	230H61600	16	収益②（資材）	0.0	0.0	0.0		-	-
202604	230H61600	17	総収益	0.0	0.0	0.0		-	-
202604	230H61600	18	経費合計	0.0	0.0	0.0		-	-
202604	230H61600	19	減価償却費	0.0	2121.0	0.0	-	0.0	-
202604	230H61600	20	車両費	50000.0	50000.0	46535.0	-	93.0	93.0
202604	230H61600	21	旅費交通費	442000.0	442000.0	1221768.0	-	276.4	276.4
202604	230H61600	22	荷造運搬費	9000.0	9000.0	0.0	-	0.0	0.0
202604	230H61600	23	通信費	30445.0	30445.0	36956.0	-	121.3	121.3
202604	230H61600	24	水道光熱費	54524.0	54524.0	46041.0	-	84.4	84.4
202604	230H61600	25	動力費	0.0	0.0	0.0	-	-	-
202604	230H61600	26	事務用品費	20823.0	20760.0	6045.0	-	29.1	29.0
202604	230H61600	27	消耗品費	26841.0	22522.0	22109.0	-	98.1	82.3
202604	230H61600	28	廃棄物処理料	6216.0	6216.0	4090.0	-	65.7	65.7
202604	230H61600	29	広告宣伝費	219000.0	169000.0	737909.0	-	436.6	336.9
202604	230H61600	30	接待交際費	49000.0	49000.0	26257.0	-	53.5	53.5
202604	230H61600	31	研究開発費	0.0	0.0	0.0	-	-	-
202604	230H61600	32	アフターサービス費	0.0	0.0	0.0	-	-	-
202604	230H61600	33	クレーム費	30000.0	30000.0	0.0	-	0.0	0.0
202604	230H61600	34	賃借料	854560.0	854560.0	854560.0	-	100.0	100.0
202604	230H61600	35	賃貸料収入	0.0	0.0	0.0	-	-	-
202604	230H61600	36	修繕費	0.0	0.0	0.0	-	-	-
202604	230H61600	37	支払リース料	5084.0	5084.0	1389.0	-	27.3	27.3
202604	230H61600	38	保険料	0.0	0.0	0.0	-	-	-
202604	230H61600	39	支払報酬	150000.0	150000.0	150000.0	-	100.0	100.0
202604	230H61600	40	販売手数料	0.0	0.0	0.0	-	-	-
202604	230H61600	41	支払手数料	605962.0	605962.0	17796.0	-	2.9	2.9
202604	230H61600	42	診断料	20000.0	220000.0	617650.0	-	280.7	3,088.2
202604	230H61600	43	諸会費	0.0	0.0	0.0	-	-	-
202604	230H61600	44	会議費	0.0	0.0	0.0	-	-	-
202604	230H61600	45	寄付金	0.0	0.0	0.0	-	-	-
202604	230H61600	46	租税公課	4000.0	4000.0	8000.0	-	200.0	200.0
202604	230H61600	47	業務委託費	100000.0	100000.0	100000.0	-	100.0	100.0
202604	230H61600	48	業務受託収入	0.0	0.0	0.0	-	-	-
202604	230H61600	49	システム管理料	0.0	0.0	0.0	-	-	-
202604	230H61600	50	情報機器利用料	3774294.0	3774294.0	3785048.0	-	100.2	100.2
202604	230H61600	51	貸倒金	0.0	0.0	0.0	-	-	-
202604	230H61600	52	雑費	76809.0	76809.0	381941.0	-	497.2	497.2
202604	230H61600	53	福利消耗品費	0.0	0.0	0.0	-	-	-
202604	230H61600	54	教育研修費	162885.0	162885.0	162892.0	-	100.0	100.0
202604	230H61600	55	廃棄損・減耗損	0.0	0.0	0.0	-	-	-
202604	230H61600	56	雑給	0.0	0.0	0.0	-	-	-
202604	230H61600	57	社内金利（固定資産）	0.0	0.0	0.0	-	-	-
202604	230H61600	58	社内金利（売掛金）	0.0	0.0	0.0	-	-	-
202604	230H61600	59	社内金利（在庫）	0.0	0.0	0.0	-	-	-
202604	230H61600	60	開発口銭	0.0	0.0	0.0	-	-	-
202604	230H61600	61	部門共通（経費）	-6993143.0	-7140882.0	-8528686.0	-	-	-
202604	230H61600	62	グループ共通	301700.0	301700.0	301700.0	-	100.0	100.0
202604	230H61600	63	差引収益	0.0	0.0	0.0		-	-
202604	230H61600	64	差引比率	0.0	0.0	0.0		-	-
202604	230H61600	65	総時間	0.0	0.0	0.0		-	-
202604	230H61600	66	定時間	2064.0	2036.0	2020.25	-	99.2	97.8
202604	230H61600	67	残業時間	239.0	238.0	276.0	-	115.9	115.4
202604	230H61600	68	移動時間	60.0	60.0	60.0	-	100.0	100.0
202604	230H61600	69	部門共通（時間）	-2363.0	-2334.0	-2356.25	-	-	-
202604	230H61600	70	当月時間当り	0.0	0.0	0.0		-	-
202604	230H61600	71	人員	12.0	12.0	12.0		100.0	100.0
202604	003095410	1	総受注高	0.0	0.0	0.0		-	-
202604	003095410	2	【新築】受注高	0.0	0.0	0.0	-	-	-
202604	003095410	3	【リフォ】受注高	0.0	0.0	0.0	-	-	-
202604	003095410	4	【資材】受注高	0.0	0.0	0.0	-	-	-
202604	003095410	5	総売上高	0.0	0.0	0.0		-	-
202604	003095410	6	【新築】売上高	0.0	0.0	0.0	-	-	-
202604	003095410	7	【リフォ】売上高	0.0	0.0	0.0	-	-	-
202604	003095410	8	【資材】売上高	0.0	0.0	0.0	-	-	-
202604	003095410	9	【新築】インセンティブ	0.0	0.0	0.0	-	-	-
202604	003095410	10	【リフォ】インセンティブ	0.0	0.0	0.0	-	-	-
202604	003095410	11	【資材】インセンティブ	0.0	0.0	0.0	-	-	-
202604	003095410	12	収益①（営業口銭）	0.0	0.0	0.0		-	-
202604	003095410	13	【新築】収益①(営業口銭)	0.0	0.0	0.0		-	-
202604	003095410	14	【リフォ】収益①(営業口銭)	0.0	0.0	0.0		-	-
202604	003095410	15	【資材】売上原価	0.0	0.0	0.0		-	-
202604	003095410	16	収益②（資材）	0.0	0.0	0.0		-	-
202604	003095410	17	総収益	0.0	0.0	0.0		-	-
202604	003095410	18	経費合計	0.0	0.0	0.0		-	-
202604	003095410	19	減価償却費	0.0	0.0	0.0	-	-	-
202604	003095410	20	車両費	0.0	0.0	0.0	-	-	-
202604	003095410	21	旅費交通費	0.0	0.0	0.0	-	-	-
202604	003095410	22	荷造運搬費	0.0	0.0	0.0	-	-	-
202604	003095410	23	通信費	0.0	0.0	0.0	-	-	-
202604	003095410	24	水道光熱費	0.0	0.0	0.0	-	-	-
202604	003095410	25	動力費	0.0	0.0	0.0	-	-	-
202604	003095410	26	事務用品費	0.0	0.0	0.0	-	-	-
202604	003095410	27	消耗品費	0.0	0.0	0.0	-	-	-
202604	003095410	28	廃棄物処理料	0.0	0.0	0.0	-	-	-
202604	003095410	29	広告宣伝費	0.0	0.0	0.0	-	-	-
202604	003095410	30	接待交際費	0.0	0.0	0.0	-	-	-
202604	003095410	31	研究開発費	0.0	0.0	0.0	-	-	-
202604	003095410	32	アフターサービス費	0.0	0.0	0.0	-	-	-
202604	003095410	33	クレーム費	0.0	0.0	0.0	-	-	-
202604	003095410	34	賃借料	0.0	0.0	0.0	-	-	-
202604	003095410	35	賃貸料収入	0.0	0.0	0.0	-	-	-
202604	003095410	36	修繕費	0.0	0.0	0.0	-	-	-
202604	003095410	37	支払リース料	0.0	0.0	0.0	-	-	-
202604	003095410	38	保険料	0.0	0.0	0.0	-	-	-
202604	003095410	39	支払報酬	0.0	0.0	0.0	-	-	-
202604	003095410	40	販売手数料	0.0	0.0	0.0	-	-	-
202604	003095410	41	支払手数料	0.0	0.0	0.0	-	-	-
202604	003095410	42	診断料	0.0	0.0	0.0	-	-	-
202604	003095410	43	諸会費	0.0	0.0	0.0	-	-	-
202604	003095410	44	会議費	0.0	0.0	0.0	-	-	-
202604	003095410	45	寄付金	0.0	0.0	0.0	-	-	-
202604	003095410	46	租税公課	0.0	0.0	0.0	-	-	-
202604	003095410	47	業務委託費	0.0	0.0	0.0	-	-	-
202604	003095410	48	業務受託収入	0.0	0.0	0.0	-	-	-
202604	003095410	49	システム管理料	0.0	0.0	0.0	-	-	-
202604	003095410	50	情報機器利用料	0.0	0.0	0.0	-	-	-
202604	003095410	51	貸倒金	0.0	0.0	0.0	-	-	-
202604	003095410	52	雑費	0.0	0.0	0.0	-	-	-
202604	003095410	53	福利消耗品費	0.0	0.0	0.0	-	-	-
202604	003095410	54	教育研修費	0.0	0.0	0.0	-	-	-
202604	003095410	55	廃棄損・減耗損	0.0	0.0	0.0	-	-	-
202604	003095410	56	雑給	0.0	0.0	0.0	-	-	-
202604	003095410	57	社内金利（固定資産）	0.0	0.0	0.0	-	-	-
202604	003095410	58	社内金利（売掛金）	0.0	0.0	0.0	-	-	-
202604	003095410	59	社内金利（在庫）	0.0	0.0	0.0	-	-	-
202604	003095410	60	開発口銭	0.0	0.0	0.0	-	-	-
202604	003095410	61	部門共通（経費）	0.0	0.0	0.0	-	-	-
202604	003095410	62	グループ共通	0.0	0.0	0.0	-	-	-
202604	003095410	63	差引収益	0.0	0.0	0.0		-	-
202604	003095410	64	差引比率	0.0	0.0	0.0		-	-
202604	003095410	65	総時間	0.0	0.0	0.0		-	-
202604	003095410	66	定時間	0.0	0.0	0.0	-	-	-
202604	003095410	67	残業時間	0.0	0.0	0.0	-	-	-
202604	003095410	68	移動時間	0.0	0.0	0.0	-	-	-
202604	003095410	69	部門共通（時間）	0.0	0.0	0.0	-	-	-
202604	003095410	70	当月時間当り	0.0	0.0	0.0		-	-
202604	003095410	71	人員	0.0	0.0	0.0		-	-
202604	003095420	1	総出荷	0.0	0.0	0.0		-	-
202604	003095420	2	社外売	0.0	0.0	0.0	-	-	-
202604	003095420	3	社内売	0.0	0.0	0.0	-	-	-
202604	003095420	4	社内仕入	0.0	0.0	0.0		-	-
202604	003095420	5	仕掛1	0.0	0.0	0.0		-	-
202604	003095420	6	総生産	0.0	0.0	0.0		-	-
202604	003095420	7	経費合計	0.0	0.0	0.0		-	-
202604	003095420	8	経費合計(原価)	0.0	0.0	0.0	-	-	-
202604	003095420	9	仕掛2	0.0	0.0	0.0	-	-	-
202604	003095420	10	商品仕入高	0.0	0.0	0.0	-	-	-
202604	003095420	11	原材料費	0.0	0.0	0.0	-	-	-
202604	003095420	12	外注加工費	0.0	0.0	0.0	-	-	-
202604	003095420	13	その他 直接経費	0.0	0.0	0.0	-	-	-
202604	003095420	14	他勘定振替高	0.0	0.0	0.0	-	-	-
202604	003095420	15	経費合計（販管費）	0.0	0.0	0.0	-	-	-
202604	003095420	16	減価償却費	0.0	0.0	0.0	-	-	-
202604	003095420	17	車両費	0.0	0.0	0.0	-	-	-
202604	003095420	18	旅費交通費	0.0	0.0	0.0	-	-	-
202604	003095420	19	荷造運搬費	0.0	0.0	0.0	-	-	-
202604	003095420	20	通信費	0.0	0.0	0.0	-	-	-
202604	003095420	21	水道光熱費	0.0	0.0	0.0	-	-	-
202604	003095420	22	動力費	0.0	0.0	0.0	-	-	-
202604	003095420	23	事務用品費	0.0	0.0	0.0	-	-	-
202604	003095420	24	消耗品費	0.0	0.0	0.0	-	-	-
202604	003095420	25	廃棄物処理料	0.0	0.0	0.0	-	-	-
202604	003095420	26	広告宣伝費	0.0	0.0	0.0	-	-	-
202604	003095420	27	接待交際費	0.0	0.0	0.0	-	-	-
202604	003095420	28	研究開発費	0.0	0.0	0.0	-	-	-
202604	003095420	29	アフターサービス費	0.0	0.0	0.0	-	-	-
202604	003095420	30	クレーム費	0.0	0.0	0.0	-	-	-
202604	003095420	31	賃借料	0.0	0.0	0.0	-	-	-
202604	003095420	32	賃貸料収入	0.0	0.0	0.0	-	-	-
202604	003095420	33	修繕費	0.0	0.0	0.0	-	-	-
202604	003095420	34	支払リース料	0.0	0.0	0.0	-	-	-
202604	003095420	35	保険料	0.0	0.0	0.0	-	-	-
202604	003095420	36	支払報酬	0.0	0.0	0.0	-	-	-
202604	003095420	37	販売手数料	0.0	0.0	0.0	-	-	-
202604	003095420	38	支払手数料	0.0	0.0	0.0	-	-	-
202604	003095420	39	診断料	0.0	0.0	0.0	-	-	-
202604	003095420	40	諸会費	0.0	0.0	0.0	-	-	-
202604	003095420	41	会議費	0.0	0.0	0.0	-	-	-
202604	003095420	42	寄付金	0.0	0.0	0.0	-	-	-
202604	003095420	43	租税公課	0.0	0.0	0.0	-	-	-
202604	003095420	44	業務委託費	0.0	0.0	0.0	-	-	-
202604	003095420	45	業務受託収入	0.0	0.0	0.0	-	-	-
202604	003095420	46	システム管理料	0.0	0.0	0.0	-	-	-
202604	003095420	47	情報機器利用料	0.0	0.0	0.0	-	-	-
202604	003095420	48	貸倒金	0.0	0.0	0.0	-	-	-
202604	003095420	49	雑費	0.0	0.0	0.0	-	-	-
202604	003095420	50	福利消耗品費	0.0	0.0	0.0	-	-	-
202604	003095420	51	教育研修費	0.0	0.0	0.0	-	-	-
202604	003095420	52	廃棄損・減耗損	0.0	0.0	0.0	-	-	-
202604	003095420	53	雑給	0.0	0.0	0.0	-	-	-
202604	003095420	54	社内金利（固定資産）	0.0	0.0	0.0	-	-	-
202604	003095420	55	社内金利（売掛金）	0.0	0.0	0.0	-	-	-
202604	003095420	56	社内金利（在庫）	0.0	0.0	0.0	-	-	-
202604	003095420	57	営業口銭①（新築）	0.0	0.0	0.0	-	-	-
202604	003095420	58	営業口銭②（リフォ）	0.0	0.0	0.0	-	-	-
202604	003095420	59	開発口銭	0.0	0.0	0.0	-	-	-
202604	003095420	60	部門共通（経費）	0.0	0.0	0.0	-	-	-
202604	003095420	61	グループ共通	0.0	0.0	0.0	-	-	-
202604	003095420	62	差引収益	0.0	0.0	0.0		-	-
202604	003095420	63	差引比率	0.0	0.0	0.0		-	-
202604	003095420	64	総時間	0.0	0.0	0.0		-	-
202604	003095420	65	定時間	0.0	0.0	0.0	-	-	-
202604	003095420	66	残業時間	0.0	0.0	0.0	-	-	-
202604	003095420	67	移動時間	0.0	0.0	0.0	-	-	-
202604	003095420	68	部門共通（時間）	0.0	0.0	0.0	-	-	-
202604	003095420	69	当月時間当り	0.0	0.0	0.0		-	-
202604	003095420	70	人員	0.0	0.0	0.0		-	-
202604	003095310	1	総受注高	0.0	0.0	0.0		-	-
202604	003095310	2	【新築】受注高	0.0	0.0	0.0	-	-	-
202604	003095310	3	【リフォ】受注高	0.0	0.0	0.0	-	-	-
202604	003095310	4	【資材】受注高	0.0	0.0	0.0	-	-	-
202604	003095310	5	総売上高	0.0	0.0	0.0		-	-
202604	003095310	6	【新築】売上高	0.0	0.0	0.0	-	-	-
202604	003095310	7	【リフォ】売上高	0.0	0.0	0.0	-	-	-
202604	003095310	8	【資材】売上高	0.0	0.0	0.0	-	-	-
202604	003095310	9	【新築】インセンティブ	0.0	0.0	0.0	-	-	-
202604	003095310	10	【リフォ】インセンティブ	0.0	0.0	0.0	-	-	-
202604	003095310	11	【資材】インセンティブ	0.0	0.0	0.0	-	-	-
202604	003095310	12	収益①（営業口銭）	0.0	0.0	0.0		-	-
202604	003095310	13	【新築】収益①(営業口銭)	0.0	0.0	0.0		-	-
202604	003095310	14	【リフォ】収益①(営業口銭)	0.0	0.0	0.0		-	-
202604	003095310	15	【資材】売上原価	0.0	0.0	0.0		-	-
202604	003095310	16	収益②（資材）	0.0	0.0	0.0		-	-
202604	003095310	17	総収益	0.0	0.0	0.0		-	-
202604	003095310	18	経費合計	0.0	0.0	0.0		-	-
202604	003095310	19	減価償却費	0.0	0.0	0.0	-	-	-
202604	003095310	20	車両費	0.0	0.0	0.0	-	-	-
202604	003095310	21	旅費交通費	0.0	0.0	0.0	-	-	-
202604	003095310	22	荷造運搬費	0.0	0.0	0.0	-	-	-
202604	003095310	23	通信費	0.0	0.0	0.0	-	-	-
202604	003095310	24	水道光熱費	0.0	0.0	0.0	-	-	-
202604	003095310	25	動力費	0.0	0.0	0.0	-	-	-
202604	003095310	26	事務用品費	0.0	0.0	0.0	-	-	-
202604	003095310	27	消耗品費	0.0	0.0	0.0	-	-	-
202604	003095310	28	廃棄物処理料	0.0	0.0	0.0	-	-	-
202604	003095310	29	広告宣伝費	0.0	0.0	0.0	-	-	-
202604	003095310	30	接待交際費	0.0	0.0	0.0	-	-	-
202604	003095310	31	研究開発費	0.0	0.0	0.0	-	-	-
202604	003095310	32	アフターサービス費	0.0	0.0	0.0	-	-	-
202604	003095310	33	クレーム費	0.0	0.0	0.0	-	-	-
202604	003095310	34	賃借料	0.0	0.0	0.0	-	-	-
202604	003095310	35	賃貸料収入	0.0	0.0	0.0	-	-	-
202604	003095310	36	修繕費	0.0	0.0	0.0	-	-	-
202604	003095310	37	支払リース料	0.0	0.0	0.0	-	-	-
202604	003095310	38	保険料	0.0	0.0	0.0	-	-	-
202604	003095310	39	支払報酬	0.0	0.0	0.0	-	-	-
202604	003095310	40	販売手数料	0.0	0.0	0.0	-	-	-
202604	003095310	41	支払手数料	0.0	0.0	0.0	-	-	-
202604	003095310	42	診断料	0.0	0.0	0.0	-	-	-
202604	003095310	43	諸会費	0.0	0.0	0.0	-	-	-
202604	003095310	44	会議費	0.0	0.0	0.0	-	-	-
202604	003095310	45	寄付金	0.0	0.0	0.0	-	-	-
202604	003095310	46	租税公課	0.0	0.0	0.0	-	-	-
202604	003095310	47	業務委託費	0.0	0.0	0.0	-	-	-
202604	003095310	48	業務受託収入	0.0	0.0	0.0	-	-	-
202604	003095310	49	システム管理料	0.0	0.0	0.0	-	-	-
202604	003095310	50	情報機器利用料	0.0	0.0	0.0	-	-	-
202604	003095310	51	貸倒金	0.0	0.0	0.0	-	-	-
202604	003095310	52	雑費	0.0	0.0	0.0	-	-	-
202604	003095310	53	福利消耗品費	0.0	0.0	0.0	-	-	-
202604	003095310	54	教育研修費	0.0	0.0	0.0	-	-	-
202604	003095310	55	廃棄損・減耗損	0.0	0.0	0.0	-	-	-
202604	003095310	56	雑給	0.0	0.0	0.0	-	-	-
202604	003095310	57	社内金利（固定資産）	0.0	0.0	0.0	-	-	-
202604	003095310	58	社内金利（売掛金）	0.0	0.0	0.0	-	-	-
202604	003095310	59	社内金利（在庫）	0.0	0.0	0.0	-	-	-
202604	003095310	60	開発口銭	0.0	0.0	0.0	-	-	-
202604	003095310	61	部門共通（経費）	0.0	0.0	0.0	-	-	-
202604	003095310	62	グループ共通	0.0	0.0	0.0	-	-	-
202604	003095310	63	差引収益	0.0	0.0	0.0		-	-
202604	003095310	64	差引比率	0.0	0.0	0.0		-	-
202604	003095310	65	総時間	0.0	0.0	0.0		-	-
202604	003095310	66	定時間	0.0	0.0	0.0	-	-	-
202604	003095310	67	残業時間	0.0	0.0	0.0	-	-	-
202604	003095310	68	移動時間	0.0	0.0	0.0	-	-	-
202604	003095310	69	部門共通（時間）	0.0	0.0	0.0	-	-	-
202604	003095310	70	当月時間当り	0.0	0.0	0.0		-	-
202604	003095310	71	人員	0.0	0.0	0.0		-	-
202604	003095320	1	総出荷	0.0	0.0	0.0		-	-
202604	003095320	2	社外売	0.0	0.0	0.0	-	-	-
202604	003095320	3	社内売	0.0	0.0	0.0	-	-	-
202604	003095320	4	社内仕入	0.0	0.0	0.0		-	-
202604	003095320	5	仕掛1	0.0	0.0	0.0		-	-
202604	003095320	6	総生産	0.0	0.0	0.0		-	-
202604	003095320	7	経費合計	0.0	0.0	0.0		-	-
202604	003095320	8	経費合計(原価)	0.0	0.0	0.0	-	-	-
202604	003095320	9	仕掛2	0.0	0.0	0.0	-	-	-
202604	003095320	10	商品仕入高	0.0	0.0	0.0	-	-	-
202604	003095320	11	原材料費	0.0	0.0	0.0	-	-	-
202604	003095320	12	外注加工費	0.0	0.0	0.0	-	-	-
202604	003095320	13	その他 直接経費	0.0	0.0	0.0	-	-	-
202604	003095320	14	他勘定振替高	0.0	0.0	0.0	-	-	-
202604	003095320	15	経費合計（販管費）	0.0	0.0	0.0	-	-	-
202604	003095320	16	減価償却費	0.0	0.0	0.0	-	-	-
202604	003095320	17	車両費	0.0	0.0	0.0	-	-	-
202604	003095320	18	旅費交通費	0.0	0.0	0.0	-	-	-
202604	003095320	19	荷造運搬費	0.0	0.0	0.0	-	-	-
202604	003095320	20	通信費	0.0	0.0	0.0	-	-	-
202604	003095320	21	水道光熱費	0.0	0.0	0.0	-	-	-
202604	003095320	22	動力費	0.0	0.0	0.0	-	-	-
202604	003095320	23	事務用品費	0.0	0.0	0.0	-	-	-
202604	003095320	24	消耗品費	0.0	0.0	0.0	-	-	-
202604	003095320	25	廃棄物処理料	0.0	0.0	0.0	-	-	-
202604	003095320	26	広告宣伝費	0.0	0.0	0.0	-	-	-
202604	003095320	27	接待交際費	0.0	0.0	0.0	-	-	-
202604	003095320	28	研究開発費	0.0	0.0	0.0	-	-	-
202604	003095320	29	アフターサービス費	0.0	0.0	0.0	-	-	-
202604	003095320	30	クレーム費	0.0	0.0	0.0	-	-	-
202604	003095320	31	賃借料	0.0	0.0	0.0	-	-	-
202604	003095320	32	賃貸料収入	0.0	0.0	0.0	-	-	-
202604	003095320	33	修繕費	0.0	0.0	0.0	-	-	-
202604	003095320	34	支払リース料	0.0	0.0	0.0	-	-	-
202604	003095320	35	保険料	0.0	0.0	0.0	-	-	-
202604	003095320	36	支払報酬	0.0	0.0	0.0	-	-	-
202604	003095320	37	販売手数料	0.0	0.0	0.0	-	-	-
202604	003095320	38	支払手数料	0.0	0.0	0.0	-	-	-
202604	003095320	39	診断料	0.0	0.0	0.0	-	-	-
202604	003095320	40	諸会費	0.0	0.0	0.0	-	-	-
202604	003095320	41	会議費	0.0	0.0	0.0	-	-	-
202604	003095320	42	寄付金	0.0	0.0	0.0	-	-	-
202604	003095320	43	租税公課	0.0	0.0	0.0	-	-	-
202604	003095320	44	業務委託費	0.0	0.0	0.0	-	-	-
202604	003095320	45	業務受託収入	0.0	0.0	0.0	-	-	-
202604	003095320	46	システム管理料	0.0	0.0	0.0	-	-	-
202604	003095320	47	情報機器利用料	0.0	0.0	0.0	-	-	-
202604	003095320	48	貸倒金	0.0	0.0	0.0	-	-	-
202604	003095320	49	雑費	0.0	0.0	0.0	-	-	-
202604	003095320	50	福利消耗品費	0.0	0.0	0.0	-	-	-
202604	003095320	51	教育研修費	0.0	0.0	0.0	-	-	-
202604	003095320	52	廃棄損・減耗損	0.0	0.0	0.0	-	-	-
202604	003095320	53	雑給	0.0	0.0	0.0	-	-	-
202604	003095320	54	社内金利（固定資産）	0.0	0.0	0.0	-	-	-
202604	003095320	55	社内金利（売掛金）	0.0	0.0	0.0	-	-	-
202604	003095320	56	社内金利（在庫）	0.0	0.0	0.0	-	-	-
202604	003095320	57	営業口銭①（新築）	0.0	0.0	0.0	-	-	-
202604	003095320	58	営業口銭②（リフォ）	0.0	0.0	0.0	-	-	-
202604	003095320	59	開発口銭	0.0	0.0	0.0	-	-	-
202604	003095320	60	部門共通（経費）	0.0	0.0	0.0	-	-	-
202604	003095320	61	グループ共通	0.0	0.0	0.0	-	-	-
202604	003095320	62	差引収益	0.0	0.0	0.0		-	-
202604	003095320	63	差引比率	0.0	0.0	0.0		-	-
202604	003095320	64	総時間	0.0	0.0	0.0		-	-
202604	003095320	65	定時間	0.0	0.0	0.0	-	-	-
202604	003095320	66	残業時間	0.0	0.0	0.0	-	-	-
202604	003095320	67	移動時間	0.0	0.0	0.0	-	-	-
202604	003095320	68	部門共通（時間）	0.0	0.0	0.0	-	-	-
202604	003095320	69	当月時間当り	0.0	0.0	0.0		-	-
202604	003095320	70	人員	0.0	0.0	0.0		-	-
202604	230H10700	1	総受注高	0.0	0.0	0.0		-	-
202604	230H10700	2	【新築】受注高	0.0	0.0	0.0	-	-	-
202604	230H10700	3	【リフォ】受注高	0.0	0.0	0.0	-	-	-
202604	230H10700	4	【資材】受注高	0.0	0.0	0.0	-	-	-
202604	230H10700	5	総売上高	0.0	0.0	0.0		-	-
202604	230H10700	6	【新築】売上高	0.0	0.0	0.0	-	-	-
202604	230H10700	7	【リフォ】売上高	0.0	0.0	0.0	-	-	-
202604	230H10700	8	【資材】売上高	0.0	0.0	0.0	-	-	-
202604	230H10700	9	【新築】インセンティブ	0.0	0.0	0.0	-	-	-
202604	230H10700	10	【リフォ】インセンティブ	0.0	0.0	0.0	-	-	-
202604	230H10700	11	【資材】インセンティブ	0.0	0.0	0.0	-	-	-
202604	230H10700	12	収益①（営業口銭）	0.0	0.0	0.0		-	-
202604	230H10700	13	【新築】収益①(営業口銭)	0.0	0.0	0.0		-	-
202604	230H10700	14	【リフォ】収益①(営業口銭)	0.0	0.0	0.0		-	-
202604	230H10700	15	【資材】売上原価	0.0	0.0	0.0		-	-
202604	230H10700	16	収益②（資材）	0.0	0.0	0.0		-	-
202604	230H10700	17	総収益	0.0	0.0	0.0		-	-
202604	230H10700	18	経費合計	0.0	0.0	0.0		-	-
202604	230H10700	19	減価償却費	0.0	0.0	11500.0	-	-	-
202604	230H10700	20	車両費	262650.0	262650.0	269979.0	-	102.7	102.7
202604	230H10700	21	旅費交通費	18000.0	18000.0	118.0	-	0.6	0.6
202604	230H10700	22	荷造運搬費	2730000.0	2730000.0	396438.0	-	14.5	14.5
202604	230H10700	23	通信費	69937.0	69937.0	27529.0	-	39.3	39.3
202604	230H10700	24	水道光熱費	55524.0	55524.0	50980.0	-	91.8	91.8
202604	230H10700	25	動力費	0.0	0.0	0.0	-	-	-
202604	230H10700	26	事務用品費	8523.0	8523.0	21120.0	-	247.8	247.8
202604	230H10700	27	消耗品費	159241.0	159241.0	497463.0	-	312.3	312.3
202604	230H10700	28	廃棄物処理料	2716.0	2716.0	2493.0	-	91.7	91.7
202604	230H10700	29	広告宣伝費	11500.0	11500.0	12927.0	-	112.4	112.4
202604	230H10700	30	接待交際費	2000.0	2000.0	0.0	-	0.0	0.0
202604	230H10700	31	研究開発費	0.0	0.0	0.0	-	-	-
202604	230H10700	32	アフターサービス費	0.0	0.0	0.0	-	-	-
202604	230H10700	33	クレーム費	0.0	0.0	0.0	-	-	-
202604	230H10700	34	賃借料	614034.0	614034.0	583570.0	-	95.0	95.0
202604	230H10700	35	賃貸料収入	0.0	0.0	0.0	-	-	-
202604	230H10700	36	修繕費	0.0	0.0	0.0	-	-	-
202604	230H10700	37	支払リース料	10284.0	10284.0	8742.0	-	85.0	85.0
202604	230H10700	38	保険料	2555.0	2555.0	674.0	-	26.3	26.3
202604	230H10700	39	支払報酬	400000.0	400000.0	300000.0	-	75.0	75.0
202604	230H10700	40	販売手数料	0.0	0.0	0.0	-	-	-
202604	230H10700	41	支払手数料	40700.0	40700.0	1332.0	-	3.2	3.2
202604	230H10700	42	診断料	0.0	0.0	0.0	-	-	-
202604	230H10700	43	諸会費	0.0	0.0	0.0	-	-	-
202604	230H10700	44	会議費	0.0	0.0	1649.0	-	-	-
202604	230H10700	45	寄付金	0.0	0.0	0.0	-	-	-
202604	230H10700	46	租税公課	0.0	0.0	0.0	-	-	-
202604	230H10700	47	業務委託費	0.0	0.0	0.0	-	-	-
202604	230H10700	48	業務受託収入	0.0	0.0	0.0	-	-	-
202604	230H10700	49	システム管理料	0.0	0.0	0.0	-	-	-
202604	230H10700	50	情報機器利用料	730090.0	730090.0	730090.0	-	100.0	100.0
202604	230H10700	51	貸倒金	0.0	0.0	0.0	-	-	-
202604	230H10700	52	雑費	6809.0	6809.0	3209.0	-	47.1	47.1
202604	230H10700	53	福利消耗品費	0.0	0.0	0.0	-	-	-
202604	230H10700	54	教育研修費	2272.0	5772.0	2228.0	-	38.6	98.0
202604	230H10700	55	廃棄損・減耗損	0.0	0.0	0.0	-	-	-
202604	230H10700	56	雑給	0.0	0.0	0.0	-	-	-
202604	230H10700	57	社内金利（固定資産）	0.0	0.0	3392.0	-	-	-
202604	230H10700	58	社内金利（売掛金）	0.0	0.0	0.0	-	-	-
202604	230H10700	59	社内金利（在庫）	880000.0	830000.0	851884.0	-	102.6	96.8
202604	230H10700	60	開発口銭	0.0	0.0	0.0	-	-	-
202604	230H10700	61	部門共通（経費）	-6283235.0	-6236735.0	-4053717.0	-	-	-
202604	230H10700	62	グループ共通	276400.0	276400.0	276400.0	-	100.0	100.0
202604	230H10700	63	差引収益	0.0	0.0	0.0		-	-
202604	230H10700	64	差引比率	0.0	0.0	0.0		-	-
202604	230H10700	65	総時間	0.0	0.0	0.0		-	-
202604	230H10700	66	定時間	1996.0	1996.0	2021.5	-	101.2	101.2
202604	230H10700	67	残業時間	204.0	204.0	286.0	-	140.1	140.1
202604	230H10700	68	移動時間	-94.0	-94.0	-165.75	-	-	-
202604	230H10700	69	部門共通（時間）	-2106.0	-2106.0	-2141.75	-	-	-
202604	230H10700	70	当月時間当り	0.0	0.0	0.0		-	-
202604	230H10700	71	人員	12.0	12.0	12.0		100.0	100.0
202604	003010100	1	総受注高	822210000.0	976340982.0	1174151821.0		120.2	142.8
202604	003010100	2	【新築】受注高	219000000.0	299898182.0	168339082.0	14.3	56.1	76.8
202604	003010100	3	【リフォ】受注高	264590000.0	337822800.0	521804218.0	44.4	154.4	197.2
202604	003010100	4	【資材】受注高	338620000.0	338620000.0	484008521.0	41.2	142.9	142.9
202604	003010100	5	総売上高	433030000.0	414697172.0	463412745.0		111.7	107.0
202604	003010100	6	【新築】売上高	0.0	6350000.0	6540000.0	1.4	102.9	-
202604	003010100	7	【リフォ】売上高	134230000.0	109547172.0	109129115.0	23.5	99.6	81.3
202604	003010100	8	【資材】売上高	298800000.0	298800000.0	347743630.0	75.0	116.3	116.3
202604	003010100	9	【新築】インセンティブ	0.0	0.0	0.0	0.0	-	-
202604	003010100	10	【リフォ】インセンティブ	0.0	0.0	0.0	0.0	-	-
202604	003010100	11	【資材】インセンティブ	0.0	0.0	0.0	0.0	-	-
202604	003010100	12	収益①（営業口銭）	20134500.0	16749574.0	16794355.0		100.2	83.4
202604	003010100	13	【新築】収益①(営業口銭)	0.0	317500.0	425000.0		133.8	-
202604	003010100	14	【リフォ】収益①(営業口銭)	20134500.0	16432074.0	16369355.0		99.6	81.3
202604	003010100	15	【資材】売上原価	235483000.0	235483000.0	274579841.0		116.6	116.6
202604	003010100	16	収益②（資材）	63317000.0	63317000.0	73163789.0		115.5	115.5
202604	003010100	17	総収益	83451500.0	80066574.0	89958144.0		112.3	107.7
202604	003010100	18	総出荷	135230000.0	116897172.0	117675405.0		100.6	87.0
202604	003010100	19	社外売	134230000.0	115897172.0	115669115.0	98.2	99.8	86.1
202604	003010100	20	社内売	1000000.0	1000000.0	2006290.0	1.7	200.6	200.6
202604	003010100	21	社内仕入	19115484.0	49514870.0	64043163.0		129.3	335.0
202604	003010100	22	仕掛1	29868132.0	27748828.0	27748828.0		100.0	92.9
202604	003010100	23	総生産	86246384.0	39633474.0	25883414.0		65.3	30.0
202604	003010100	24	経費合計	448556061.0	446021417.0	521560281.0		116.9	116.2
202604	003010100	25	経費合計(原価)	357758791.0	359653292.0	435856292.0	83.5	121.1	121.8
202604	003010100	26	仕掛2	185656832.0	228260847.0	228260847.0	52.3	100.0	122.9
202604	003010100	27	商品仕入高	93503858.0	61954117.0	119559304.0	27.4	192.9	127.8
202604	003010100	28	原材料費	0.0	0.0	0.0	0.0	-	-
202604	003010100	29	外注加工費	74509051.0	66309863.0	85703402.0	19.6	129.2	115.0
202604	003010100	30	その他 直接経費	4089050.0	3128465.0	2332739.0	0.5	74.5	57.0
202604	003010100	31	他勘定振替高	0.0	0.0	0.0	0.0	-	-
202604	003010100	32	経費合計（販管費）	90797270.0	86368125.0	85703989.0	16.4	99.2	94.3
202604	003010100	33	減価償却費	726903.0	662323.0	685361.0	0.7	103.4	94.2
202604	003010100	34	車両費	9707589.0	9856319.0	10368788.0	12.0	105.1	106.8
202604	003010100	35	旅費交通費	3079127.0	3273127.0	3151522.0	3.6	96.2	102.3
202604	003010100	36	荷造運搬費	2907000.0	2907000.0	593595.0	0.6	20.4	20.4
202604	003010100	37	通信費	1240519.0	1242119.0	1060348.0	1.2	85.3	85.4
202604	003010100	38	水道光熱費	1226268.0	1226268.0	923722.0	1.0	75.3	75.3
202604	003010100	39	動力費	0.0	0.0	0.0	0.0	-	-
202604	003010100	40	事務用品費	462632.0	462632.0	352749.0	0.4	76.2	76.2
202604	003010100	41	消耗品費	539579.0	563279.0	814351.0	0.9	144.5	150.9
202604	003010100	42	廃棄物処理料	765504.0	765504.0	840615.0	0.9	109.8	109.8
202604	003010100	43	広告宣伝費	111500.0	124500.0	55226.0	0.0	44.3	49.5
202604	003010100	44	接待交際費	343000.0	276000.0	117275.0	0.1	42.4	34.1
202604	003010100	45	研究開発費	0.0	0.0	0.0	0.0	-	-
202604	003010100	46	アフターサービス費	0.0	0.0	0.0	0.0	-	-
202604	003010100	47	クレーム費	1650000.0	60000.0	90250.0	0.1	150.4	5.4
202604	003010100	48	賃借料	8943280.0	9050740.0	8618781.0	10.0	95.2	96.3
202604	003010100	49	賃貸料収入	-367051.0	-359391.0	-373801.0	-	-	-
202604	003010100	50	修繕費	77500.0	173350.0	445630.0	0.5	257.0	575.0
202604	003010100	51	支払リース料	121154.0	119271.0	102053.0	0.1	85.5	84.2
202604	003010100	52	保険料	649586.0	649586.0	1468206.0	1.7	226.0	226.0
202604	003010100	53	支払報酬	400000.0	400000.0	300000.0	0.3	75.0	75.0
202604	003010100	54	販売手数料	0.0	0.0	0.0	0.0	-	-
202604	003010100	55	支払手数料	879707.0	871707.0	848949.0	0.9	97.3	96.5
202604	003010100	56	診断料	0.0	0.0	0.0	0.0	-	-
202604	003010100	57	諸会費	42160.0	42160.0	23815.0	0.0	56.4	56.4
202604	003010100	58	会議費	0.0	0.0	1649.0	0.0	-	-
202604	003010100	59	寄付金	20000.0	18000.0	21910.0	0.0	121.7	109.5
202604	003010100	60	租税公課	954232.0	939232.0	910976.0	1.0	96.9	95.4
202604	003010100	61	業務委託費	0.0	0.0	0.0	0.0	-	-
202604	003010100	62	業務受託収入	0.0	0.0	0.0	0.0	-	-
202604	003010100	63	システム管理料	0.0	0.0	0.0	0.0	-	-
202604	003010100	64	情報機器利用料	10360932.0	10357002.0	10428568.0	12.1	100.6	100.6
202604	003010100	65	貸倒金	0.0	0.0	0.0	0.0	-	-
202604	003010100	66	雑費	150706.0	150706.0	185355.0	0.2	122.9	122.9
202604	003010100	67	福利消耗品費	68995.0	100190.0	56976.0	0.0	56.8	82.5
202604	003010100	68	教育研修費	922783.0	911283.0	538949.0	0.6	59.1	58.4
202604	003010100	69	廃棄損・減耗損	137248.0	198109.0	7330.0	0.0	3.6	5.3
202604	003010100	70	雑給	0.0	0.0	0.0	0.0	-	-
202604	003010100	71	社内金利（固定資産）	184341.0	184341.0	187880.0	0.2	101.9	101.9
202604	003010100	72	社内金利（売掛金）	366122.0	353358.0	396974.0	0.4	112.3	108.4
202604	003010100	73	社内金利（在庫）	1292448.0	1242448.0	1430916.0	1.6	115.1	110.7
202604	003010100	74	営業口銭①（新築）	0.0	317500.0	425000.0	0.4	133.8	-
202604	003010100	75	営業口銭②（リフォ）	20134500.0	16432074.0	16369355.0	19.0	99.6	81.3
202604	003010100	76	開発口銭	0.0	0.0	0.0	0.0	-	-
202604	003010100	77	部門共通（経費）	18043106.0	18141488.0	19598816.0	22.8	108.0	108.6
202604	003010100	78	グループ共通	4655900.0	4655900.0	4655900.0	5.4	100.0	100.0
202604	003010100	79	差引収益	-278858177.0	-326321369.0	-405718723.0		-	-
202604	003010100	80	差引比率	-53.7	-71.8	-82.9		-	-
202604	003010100	81	総時間	47944.75	47673.75	48272.25		101.2	100.6
202604	003010100	82	定時間	31019.0	31101.5	30821.5	63.8	99.0	99.3
202604	003010100	83	残業時間	4060.0	4021.5	4900.25	10.1	121.8	120.6
202604	003010100	84	移動時間	181.5	32.5	-16.0	-	-	-
202604	003010100	85	部門共通（時間）	12684.25	12518.25	12566.5	26.0	100.3	99.0
202604	003010100	86	当月時間当り	-5816.2	-6844.8	-8404.8		-	-
202604	003010100	87	人員	184.0	185.0	186.0		100.5	101.0
202604	230B10100	1	総出荷	0.0	0.0	0.0		-	-
202604	230B10100	2	社外売	0.0	0.0	0.0	-	-	-
202604	230B10100	3	社内売	0.0	0.0	0.0	-	-	-
202604	230B10100	4	社内仕入	0.0	0.0	0.0		-	-
202604	230B10100	5	仕掛1	0.0	0.0	0.0		-	-
202604	230B10100	6	総生産	0.0	0.0	0.0		-	-
202604	230B10100	7	経費合計	0.0	0.0	0.0		-	-
202604	230B10100	8	経費合計(原価)	0.0	0.0	0.0	-	-	-
202604	230B10100	9	仕掛2	0.0	0.0	0.0	-	-	-
202604	230B10100	10	商品仕入高	0.0	0.0	0.0	-	-	-
202604	230B10100	11	原材料費	0.0	0.0	0.0	-	-	-
202604	230B10100	12	外注加工費	0.0	0.0	0.0	-	-	-
202604	230B10100	13	その他 直接経費	0.0	0.0	0.0	-	-	-
202604	230B10100	14	他勘定振替高	0.0	0.0	0.0	-	-	-
202604	230B10100	15	経費合計（販管費）	0.0	0.0	0.0	-	-	-
202604	230B10100	16	減価償却費	0.0	0.0	0.0	-	-	-
202604	230B10100	17	車両費	533789.0	520685.0	483680.0	-	92.8	90.6
202604	230B10100	18	旅費交通費	403600.0	391000.0	343983.0	-	87.9	85.2
202604	230B10100	19	荷造運搬費	0.0	0.0	0.0	-	-	-
202604	230B10100	20	通信費	40306.0	40544.0	37034.0	-	91.3	91.8
202604	230B10100	21	水道光熱費	25083.0	25083.0	17203.0	-	68.5	68.5
202604	230B10100	22	動力費	0.0	0.0	0.0	-	-	-
202604	230B10100	23	事務用品費	7930.0	9830.0	8628.0	-	87.7	108.8
202604	230B10100	24	消耗品費	67395.0	67395.0	55959.0	-	83.0	83.0
202604	230B10100	25	廃棄物処理料	0.0	0.0	0.0	-	-	-
202604	230B10100	26	広告宣伝費	0.0	0.0	0.0	-	-	-
202604	230B10100	27	接待交際費	10000.0	10000.0	0.0	-	0.0	0.0
202604	230B10100	28	研究開発費	0.0	0.0	0.0	-	-	-
202604	230B10100	29	アフターサービス費	0.0	0.0	0.0	-	-	-
202604	230B10100	30	クレーム費	0.0	0.0	0.0	-	-	-
202604	230B10100	31	賃借料	233200.0	233200.0	242198.0	-	103.8	103.8
202604	230B10100	32	賃貸料収入	0.0	0.0	-2040.0	-	-	-
202604	230B10100	33	修繕費	0.0	0.0	0.0	-	-	-
202604	230B10100	34	支払リース料	0.0	0.0	0.0	-	-	-
202604	230B10100	35	保険料	845.0	845.0	0.0	-	0.0	0.0
202604	230B10100	36	支払報酬	0.0	0.0	0.0	-	-	-
202604	230B10100	37	販売手数料	0.0	0.0	0.0	-	-	-
202604	230B10100	38	支払手数料	19434.0	19434.0	11384.0	-	58.5	58.5
202604	230B10100	39	診断料	0.0	0.0	0.0	-	-	-
202604	230B10100	40	諸会費	50000.0	50000.0	50500.0	-	101.0	101.0
202604	230B10100	41	会議費	0.0	0.0	0.0	-	-	-
202604	230B10100	42	寄付金	0.0	0.0	0.0	-	-	-
202604	230B10100	43	租税公課	0.0	0.0	0.0	-	-	-
202604	230B10100	44	業務委託費	0.0	0.0	0.0	-	-	-
202604	230B10100	45	業務受託収入	-15000.0	-15000.0	-15000.0	-	-	-
202604	230B10100	46	システム管理料	0.0	0.0	0.0	-	-	-
202604	230B10100	47	情報機器利用料	766238.0	766238.0	766238.0	-	100.0	100.0
202604	230B10100	48	貸倒金	0.0	0.0	0.0	-	-	-
202604	230B10100	49	雑費	1580.0	1580.0	32523.0	-	2,058.4	2,058.4
202604	230B10100	50	福利消耗品費	0.0	0.0	0.0	-	-	-
202604	230B10100	51	教育研修費	3400.0	3400.0	11550.0	-	339.7	339.7
202604	230B10100	52	廃棄損・減耗損	0.0	0.0	0.0	-	-	-
202604	230B10100	53	雑給	0.0	0.0	0.0	-	-	-
202604	230B10100	54	社内金利（固定資産）	0.0	0.0	0.0	-	-	-
202604	230B10100	55	社内金利（売掛金）	0.0	0.0	0.0	-	-	-
202604	230B10100	56	社内金利（在庫）	0.0	0.0	0.0	-	-	-
202604	230B10100	57	営業口銭①（新築）	0.0	0.0	0.0	-	-	-
202604	230B10100	58	営業口銭②（リフォ）	0.0	0.0	0.0	-	-	-
202604	230B10100	59	開発口銭	0.0	0.0	0.0	-	-	-
202604	230B10100	60	部門共通（経費）	-2600400.0	-2576834.0	-2496440.0	-	-	-
202604	230B10100	61	グループ共通	452600.0	452600.0	452600.0	-	100.0	100.0
202604	230B10100	62	差引収益	0.0	0.0	0.0		-	-
202604	230B10100	63	差引比率	0.0	0.0	0.0		-	-
202604	230B10100	64	総時間	0.0	0.0	0.0		-	-
202604	230B10100	65	定時間	3230.0	3098.0	3069.5	-	99.0	95.0
202604	230B10100	66	残業時間	427.0	404.0	407.5	-	100.8	95.4
202604	230B10100	67	移動時間	20.5	8.5	3.5	-	41.1	17.0
202604	230B10100	68	部門共通（時間）	-3677.5	-3510.5	-3480.5	-	-	-
202604	230B10100	69	当月時間当り	0.0	0.0	0.0		-	-
202604	230B10100	70	人員	19.0	19.0	19.0		100.0	100.0
202604	040A10100	1	総受注高	4000000.0	2000000.0	14257325.0		712.8	356.4
202604	040A10100	2	【新築】受注高	0.0	0.0	0.0	0.0	-	-
202604	040A10100	3	【リフォ】受注高	2000000.0	0.0	4500000.0	31.5	-	225.0
202604	040A10100	4	【資材】受注高	2000000.0	2000000.0	9757325.0	68.4	487.8	487.8
202604	040A10100	5	総売上高	3000000.0	2000000.0	8181349.0		409.0	272.7
202604	040A10100	6	【新築】売上高	0.0	0.0	0.0	0.0	-	-
202604	040A10100	7	【リフォ】売上高	1000000.0	0.0	1130000.0	13.8	-	113.0
202604	040A10100	8	【資材】売上高	2000000.0	2000000.0	7051349.0	86.1	352.5	352.5
202604	040A10100	9	【新築】インセンティブ	0.0	0.0	0.0	0.0	-	-
202604	040A10100	10	【リフォ】インセンティブ	0.0	0.0	0.0	0.0	-	-
202604	040A10100	11	【資材】インセンティブ	0.0	0.0	0.0	0.0	-	-
202604	040A10100	12	収益①（営業口銭）	150000.0	0.0	169500.0		-	113.0
202604	040A10100	13	【新築】収益①(営業口銭)	0.0	0.0	0.0		-	-
202604	040A10100	14	【リフォ】収益①(営業口銭)	150000.0	0.0	169500.0		-	113.0
202604	040A10100	15	【資材】売上原価	1600000.0	1600000.0	5999967.0		374.9	374.9
202604	040A10100	16	収益②（資材）	400000.0	400000.0	1051382.0		262.8	262.8
202604	040A10100	17	総収益	550000.0	400000.0	1220882.0		305.2	221.9
202604	040A10100	18	経費合計	1569262.0	1636537.0	1658929.0		101.3	105.7
202604	040A10100	19	減価償却費	0.0	0.0	0.0	0.0	-	-
202604	040A10100	20	車両費	162820.0	162820.0	148069.0	8.9	90.9	90.9
202604	040A10100	21	旅費交通費	120000.0	120000.0	101719.0	6.1	84.7	84.7
202604	040A10100	22	荷造運搬費	1000.0	1000.0	0.0	0.0	0.0	0.0
202604	040A10100	23	通信費	37454.0	37454.0	39240.0	2.3	104.7	104.7
202604	040A10100	24	水道光熱費	21260.0	21260.0	26526.0	1.5	124.7	124.7
202604	040A10100	25	動力費	0.0	0.0	0.0	0.0	-	-
202604	040A10100	26	事務用品費	5000.0	5000.0	8292.0	0.4	165.8	165.8
202604	040A10100	27	消耗品費	1500.0	1500.0	425.0	0.0	28.3	28.3
202604	040A10100	28	廃棄物処理料	0.0	0.0	0.0	0.0	-	-
202604	040A10100	29	広告宣伝費	0.0	0.0	0.0	0.0	-	-
202604	040A10100	30	接待交際費	5000.0	5000.0	0.0	0.0	0.0	0.0
202604	040A10100	31	研究開発費	0.0	0.0	0.0	0.0	-	-
202604	040A10100	32	アフターサービス費	0.0	0.0	0.0	0.0	-	-
202604	040A10100	33	クレーム費	0.0	0.0	0.0	0.0	-	-
202604	040A10100	34	賃借料	234558.0	314458.0	313558.0	18.9	99.7	133.6
202604	040A10100	35	賃貸料収入	-10000.0	-29900.0	-31000.0	-	-	-
202604	040A10100	36	修繕費	0.0	0.0	0.0	0.0	-	-
202604	040A10100	37	支払リース料	0.0	0.0	0.0	0.0	-	-
202604	040A10100	38	保険料	204.0	204.0	204.0	0.0	100.0	100.0
202604	040A10100	39	支払報酬	0.0	0.0	0.0	0.0	-	-
202604	040A10100	40	販売手数料	0.0	0.0	0.0	0.0	-	-
202604	040A10100	41	支払手数料	16500.0	16500.0	16975.0	1.0	102.8	102.8
202604	040A10100	42	診断料	0.0	0.0	0.0	0.0	-	-
202604	040A10100	43	諸会費	200.0	200.0	500.0	0.0	250.0	250.0
202604	040A10100	44	会議費	0.0	0.0	0.0	0.0	-	-
202604	040A10100	45	寄付金	0.0	0.0	0.0	0.0	-	-
202604	040A10100	46	租税公課	1000.0	1000.0	400.0	0.0	40.0	40.0
202604	040A10100	47	業務委託費	0.0	0.0	0.0	0.0	-	-
202604	040A10100	48	業務受託収入	0.0	0.0	0.0	0.0	-	-
202604	040A10100	49	システム管理料	0.0	0.0	0.0	0.0	-	-
202604	040A10100	50	情報機器利用料	216340.0	216340.0	221740.0	13.3	102.4	102.4
202604	040A10100	51	貸倒金	0.0	0.0	0.0	0.0	-	-
202604	040A10100	52	雑費	2000.0	2000.0	4260.0	0.2	213.0	213.0
202604	040A10100	53	福利消耗品費	0.0	0.0	0.0	0.0	-	-
202604	040A10100	54	教育研修費	2871.0	2871.0	2871.0	0.1	100.0	100.0
202604	040A10100	55	廃棄損・減耗損	0.0	0.0	0.0	0.0	-	-
202604	040A10100	56	雑給	0.0	0.0	0.0	0.0	-	-
202604	040A10100	57	社内金利（固定資産）	0.0	0.0	0.0	0.0	-	-
202604	040A10100	58	社内金利（売掛金）	0.0	0.0	0.0	0.0	-	-
202604	040A10100	59	社内金利（在庫）	0.0	0.0	0.0	0.0	-	-
202604	040A10100	60	開発口銭	0.0	0.0	0.0	0.0	-	-
202604	040A10100	61	部門共通（経費）	675755.0	683030.0	729350.0	43.9	106.7	107.9
202604	040A10100	62	グループ共通	75800.0	75800.0	75800.0	4.5	100.0	100.0
202604	040A10100	63	差引収益	-1019262.0	-1236537.0	-438047.0		-	-
202604	040A10100	64	差引比率	-33.9	-61.8	-5.3		-	-
202604	040A10100	65	総時間	652.0	649.75	646.5		99.4	99.1
202604	040A10100	66	定時間	528.0	528.0	498.0	77.0	94.3	94.3
202604	040A10100	67	残業時間	66.0	66.0	83.5	12.9	126.5	126.5
202604	040A10100	68	移動時間	-270.0	-270.0	-262.0	-	-	-
202604	040A10100	69	部門共通（時間）	328.0	325.75	327.0	50.5	100.3	99.6
202604	040A10100	70	当月時間当り	-1563.2	-1903.0	-677.5		-	-
202604	040A10100	71	人員	3.0	3.0	3.0		100.0	100.0
202604	040A10300	1	総受注高	4000000.0	2000000.0	14257325.0		712.8	356.4
202604	040A10300	2	【新築】受注高	0.0	0.0	0.0	0.0	-	-
202604	040A10300	3	【リフォ】受注高	2000000.0	0.0	4500000.0	31.5	-	225.0
202604	040A10300	4	【資材】受注高	2000000.0	2000000.0	9757325.0	68.4	487.8	487.8
202604	040A10300	5	総売上高	3000000.0	2000000.0	8181349.0		409.0	272.7
202604	040A10300	6	【新築】売上高	0.0	0.0	0.0	0.0	-	-
202604	040A10300	7	【リフォ】売上高	1000000.0	0.0	1130000.0	13.8	-	113.0
202604	040A10300	8	【資材】売上高	2000000.0	2000000.0	7051349.0	86.1	352.5	352.5
202604	040A10300	9	【新築】インセンティブ	0.0	0.0	0.0	0.0	-	-
202604	040A10300	10	【リフォ】インセンティブ	0.0	0.0	0.0	0.0	-	-
202604	040A10300	11	【資材】インセンティブ	0.0	0.0	0.0	0.0	-	-
202604	040A10300	12	収益①（営業口銭）	150000.0	0.0	169500.0		-	113.0
202604	040A10300	13	【新築】収益①(営業口銭)	0.0	0.0	0.0		-	-
202604	040A10300	14	【リフォ】収益①(営業口銭)	150000.0	0.0	169500.0		-	113.0
202604	040A10300	15	【資材】売上原価	1600000.0	1600000.0	5999967.0		374.9	374.9
202604	040A10300	16	収益②（資材）	400000.0	400000.0	1051382.0		262.8	262.8
202604	040A10300	17	総収益	550000.0	400000.0	1220882.0		305.2	221.9
202604	040A10300	18	総出荷	1000000.0	0.0	1130000.0		-	113.0
202604	040A10300	19	社外売	1000000.0	0.0	1130000.0	100.0	-	113.0
202604	040A10300	20	社内売	0.0	0.0	0.0	0.0	-	-
202604	040A10300	21	社内仕入	0.0	0.0	24108.0		-	-
202604	040A10300	22	仕掛1	1279254.0	1279254.0	1279254.0		100.0	100.0
202604	040A10300	23	総生産	-279254.0	-1279254.0	-173362.0		-	-
202604	040A10300	24	経費合計	3050681.0	5985293.0	5793651.0		96.7	189.9
202604	040A10300	25	経費合計(原価)	1177688.0	4193356.0	3839365.0	66.2	91.5	326.0
202604	040A10300	26	仕掛2	397688.0	1205674.0	1205674.0	31.4	100.0	303.1
202604	040A10300	27	商品仕入高	312000.0	1322429.0	1686097.0	43.9	127.5	540.4
202604	040A10300	28	原材料費	0.0	0.0	0.0	0.0	-	-
202604	040A10300	29	外注加工費	468000.0	1665253.0	825500.0	21.5	49.5	176.3
202604	040A10300	30	その他 直接経費	0.0	0.0	122094.0	3.1	-	-
202604	040A10300	31	他勘定振替高	0.0	0.0	0.0	0.0	-	-
202604	040A10300	32	経費合計（販管費）	1872993.0	1791937.0	1954286.0	33.7	109.0	104.3
202604	040A10300	33	減価償却費	0.0	0.0	0.0	0.0	-	-
202604	040A10300	34	車両費	162820.0	162820.0	148069.0	7.5	90.9	90.9
202604	040A10300	35	旅費交通費	130000.0	130000.0	101719.0	5.2	78.2	78.2
202604	040A10300	36	荷造運搬費	1000.0	1000.0	0.0	0.0	0.0	0.0
202604	040A10300	37	通信費	37454.0	37454.0	39240.0	2.0	104.7	104.7
202604	040A10300	38	水道光熱費	28350.0	28350.0	26526.0	1.3	93.5	93.5
202604	040A10300	39	動力費	0.0	0.0	0.0	0.0	-	-
202604	040A10300	40	事務用品費	5000.0	5000.0	8292.0	0.4	165.8	165.8
202604	040A10300	41	消耗品費	1500.0	1500.0	425.0	0.0	28.3	28.3
202604	040A10300	42	廃棄物処理料	0.0	0.0	0.0	0.0	-	-
202604	040A10300	43	広告宣伝費	0.0	0.0	0.0	0.0	-	-
202604	040A10300	44	接待交際費	5000.0	5000.0	0.0	0.0	0.0	0.0
202604	040A10300	45	研究開発費	0.0	0.0	0.0	0.0	-	-
202604	040A10300	46	アフターサービス費	0.0	0.0	0.0	0.0	-	-
202604	040A10300	47	クレーム費	0.0	0.0	0.0	0.0	-	-
202604	040A10300	48	賃借料	234558.0	314458.0	313558.0	16.0	99.7	133.6
202604	040A10300	49	賃貸料収入	-10000.0	-29900.0	-31000.0	-	-	-
202604	040A10300	50	修繕費	0.0	0.0	0.0	0.0	-	-
202604	040A10300	51	支払リース料	0.0	0.0	0.0	0.0	-	-
202604	040A10300	52	保険料	204.0	204.0	204.0	0.0	100.0	100.0
202604	040A10300	53	支払報酬	0.0	0.0	0.0	0.0	-	-
202604	040A10300	54	販売手数料	0.0	0.0	0.0	0.0	-	-
202604	040A10300	55	支払手数料	16500.0	16500.0	16975.0	0.8	102.8	102.8
202604	040A10300	56	診断料	0.0	0.0	0.0	0.0	-	-
202604	040A10300	57	諸会費	200.0	200.0	500.0	0.0	250.0	250.0
202604	040A10300	58	会議費	0.0	0.0	0.0	0.0	-	-
202604	040A10300	59	寄付金	0.0	0.0	0.0	0.0	-	-
202604	040A10300	60	租税公課	1000.0	1000.0	400.0	0.0	40.0	40.0
202604	040A10300	61	業務委託費	0.0	0.0	0.0	0.0	-	-
202604	040A10300	62	業務受託収入	0.0	0.0	0.0	0.0	-	-
202604	040A10300	63	システム管理料	0.0	0.0	0.0	0.0	-	-
202604	040A10300	64	情報機器利用料	216340.0	216340.0	221740.0	11.3	102.4	102.4
202604	040A10300	65	貸倒金	0.0	0.0	0.0	0.0	-	-
202604	040A10300	66	雑費	2000.0	2000.0	4260.0	0.2	213.0	213.0
202604	040A10300	67	福利消耗品費	0.0	0.0	0.0	0.0	-	-
202604	040A10300	68	教育研修費	2871.0	2871.0	2871.0	0.1	100.0	100.0
202604	040A10300	69	廃棄損・減耗損	0.0	0.0	0.0	0.0	-	-
202604	040A10300	70	雑給	0.0	0.0	0.0	0.0	-	-
202604	040A10300	71	社内金利（固定資産）	0.0	0.0	0.0	0.0	-	-
202604	040A10300	72	社内金利（売掛金）	0.0	0.0	0.0	0.0	-	-
202604	040A10300	73	社内金利（在庫）	0.0	0.0	0.0	0.0	-	-
202604	040A10300	74	営業口銭①（新築）	0.0	0.0	0.0	0.0	-	-
202604	040A10300	75	営業口銭②（リフォ）	150000.0	0.0	169500.0	8.6	-	113.0
202604	040A10300	76	開発口銭	0.0	0.0	0.0	0.0	-	-
202604	040A10300	77	部門共通（経費）	812396.0	821340.0	855207.0	43.7	104.1	105.2
202604	040A10300	78	グループ共通	75800.0	75800.0	75800.0	3.8	100.0	100.0
202604	040A10300	79	差引収益	-2779935.0	-6864547.0	-4746131.0		-	-
202604	040A10300	80	差引比率	-102.1	-952.4	-59.2		-	-
202604	040A10300	81	総時間	809.0	806.25	803.25		99.6	99.2
202604	040A10300	82	定時間	528.0	528.0	498.0	61.9	94.3	94.3
202604	040A10300	83	残業時間	66.0	66.0	83.5	10.3	126.5	126.5
202604	040A10300	84	移動時間	-180.0	-180.0	-172.0	-	-	-
202604	040A10300	85	部門共通（時間）	395.0	392.25	393.75	49.0	100.3	99.6
202604	040A10300	86	当月時間当り	-3436.2	-8514.1	-5908.6		-	-
202604	040A10300	87	人員	3.0	3.0	3.0		100.0	100.0
202604	040A30101	1	総出荷	1000000.0	0.0	1130000.0		-	113.0
202604	040A30101	2	社外売	1000000.0	0.0	1130000.0	100.0	-	113.0
202604	040A30101	3	社内売	0.0	0.0	0.0	0.0	-	-
202604	040A30101	4	社内仕入	0.0	0.0	24108.0		-	-
202604	040A30101	5	仕掛1	1279254.0	1279254.0	1279254.0		100.0	100.0
202604	040A30101	6	総生産	-279254.0	-1279254.0	-173362.0		-	-
202604	040A30101	7	経費合計	1481419.0	4348756.0	4134722.0		95.0	279.1
202604	040A30101	8	経費合計(原価)	1177688.0	4193356.0	3839365.0	92.8	91.5	326.0
202604	040A30101	9	仕掛2	397688.0	1205674.0	1205674.0	31.4	100.0	303.1
202604	040A30101	10	商品仕入高	312000.0	1322429.0	1686097.0	43.9	127.5	540.4
202604	040A30101	11	原材料費	0.0	0.0	0.0	0.0	-	-
202604	040A30101	12	外注加工費	468000.0	1665253.0	825500.0	21.5	49.5	176.3
202604	040A30101	13	その他 直接経費	0.0	0.0	122094.0	3.1	-	-
202604	040A30101	14	他勘定振替高	0.0	0.0	0.0	0.0	-	-
202604	040A30101	15	経費合計（販管費）	303731.0	155400.0	295357.0	7.1	190.0	97.2
202604	040A30101	16	減価償却費	0.0	0.0	0.0	0.0	-	-
202604	040A30101	17	車両費	0.0	0.0	0.0	0.0	-	-
202604	040A30101	18	旅費交通費	10000.0	10000.0	0.0	0.0	0.0	0.0
202604	040A30101	19	荷造運搬費	0.0	0.0	0.0	0.0	-	-
202604	040A30101	20	通信費	0.0	0.0	0.0	0.0	-	-
202604	040A30101	21	水道光熱費	7090.0	7090.0	0.0	0.0	0.0	0.0
202604	040A30101	22	動力費	0.0	0.0	0.0	0.0	-	-
202604	040A30101	23	事務用品費	0.0	0.0	0.0	0.0	-	-
202604	040A30101	24	消耗品費	0.0	0.0	0.0	0.0	-	-
202604	040A30101	25	廃棄物処理料	0.0	0.0	0.0	0.0	-	-
202604	040A30101	26	広告宣伝費	0.0	0.0	0.0	0.0	-	-
202604	040A30101	27	接待交際費	0.0	0.0	0.0	0.0	-	-
202604	040A30101	28	研究開発費	0.0	0.0	0.0	0.0	-	-
202604	040A30101	29	アフターサービス費	0.0	0.0	0.0	0.0	-	-
202604	040A30101	30	クレーム費	0.0	0.0	0.0	0.0	-	-
202604	040A30101	31	賃借料	0.0	0.0	0.0	0.0	-	-
202604	040A30101	32	賃貸料収入	0.0	0.0	0.0	0.0	-	-
202604	040A30101	33	修繕費	0.0	0.0	0.0	0.0	-	-
202604	040A30101	34	支払リース料	0.0	0.0	0.0	0.0	-	-
202604	040A30101	35	保険料	0.0	0.0	0.0	0.0	-	-
202604	040A30101	36	支払報酬	0.0	0.0	0.0	0.0	-	-
202604	040A30101	37	販売手数料	0.0	0.0	0.0	0.0	-	-
202604	040A30101	38	支払手数料	0.0	0.0	0.0	0.0	-	-
202604	040A30101	39	診断料	0.0	0.0	0.0	0.0	-	-
202604	040A30101	40	諸会費	0.0	0.0	0.0	0.0	-	-
202604	040A30101	41	会議費	0.0	0.0	0.0	0.0	-	-
202604	040A30101	42	寄付金	0.0	0.0	0.0	0.0	-	-
202604	040A30101	43	租税公課	0.0	0.0	0.0	0.0	-	-
202604	040A30101	44	業務委託費	0.0	0.0	0.0	0.0	-	-
202604	040A30101	45	業務受託収入	0.0	0.0	0.0	0.0	-	-
202604	040A30101	46	システム管理料	0.0	0.0	0.0	0.0	-	-
202604	040A30101	47	情報機器利用料	0.0	0.0	0.0	0.0	-	-
202604	040A30101	48	貸倒金	0.0	0.0	0.0	0.0	-	-
202604	040A30101	49	雑費	0.0	0.0	0.0	0.0	-	-
202604	040A30101	50	福利消耗品費	0.0	0.0	0.0	0.0	-	-
202604	040A30101	51	教育研修費	0.0	0.0	0.0	0.0	-	-
202604	040A30101	52	廃棄損・減耗損	0.0	0.0	0.0	0.0	-	-
202604	040A30101	53	雑給	0.0	0.0	0.0	0.0	-	-
202604	040A30101	54	社内金利（固定資産）	0.0	0.0	0.0	0.0	-	-
202604	040A30101	55	社内金利（売掛金）	0.0	0.0	0.0	0.0	-	-
202604	040A30101	56	社内金利（在庫）	0.0	0.0	0.0	0.0	-	-
202604	040A30101	57	営業口銭①（新築）	0.0	0.0	0.0	0.0	-	-
202604	040A30101	58	営業口銭②（リフォ）	150000.0	0.0	169500.0	57.3	-	113.0
202604	040A30101	59	開発口銭	0.0	0.0	0.0	0.0	-	-
202604	040A30101	60	部門共通（経費）	136641.0	138310.0	125857.0	42.6	90.9	92.1
202604	040A30101	61	グループ共通	0.0	0.0	0.0	0.0	-	-
202604	040A30101	62	差引収益	-1760673.0	-5628010.0	-4308084.0		-	-
202604	040A30101	63	差引比率	630.4	439.9	2485.0		564.9	394.1
202604	040A30101	64	総時間	157.0	156.5	156.75		100.1	99.8
202604	040A30101	65	定時間	0.0	0.0	0.0	0.0	-	-
202604	040A30101	66	残業時間	0.0	0.0	0.0	0.0	-	-
202604	040A30101	67	移動時間	90.0	90.0	90.0	57.4	100.0	100.0
202604	040A30101	68	部門共通（時間）	67.0	66.5	66.75	42.5	100.3	99.6
202604	040A30101	69	当月時間当り	-11214.4	-35961.7	-27483.7		-	-
202604	040A30101	70	人員	0.0	0.0	0.0		-	-
202604	230S10200	1	総受注高	100000000.0	106448182.0	97084057.0		91.2	97.0
202604	230S10200	2	【新築】受注高	45000000.0	54818182.0	30168182.0	31.0	55.0	67.0
202604	230S10200	3	【リフォ】受注高	10000000.0	6630000.0	5798311.0	5.9	87.4	57.9
202604	230S10200	4	【資材】受注高	45000000.0	45000000.0	61117564.0	62.9	135.8	135.8
202604	230S10200	5	総売上高	34740000.0	37100000.0	44498213.0		119.9	128.0
202604	230S10200	6	【新築】売上高	0.0	0.0	0.0	0.0	-	-
202604	230S10200	7	【リフォ】売上高	3240000.0	5600000.0	5816698.0	13.0	103.8	179.5
202604	230S10200	8	【資材】売上高	31500000.0	31500000.0	38681515.0	86.9	122.7	122.7
202604	230S10200	9	【新築】インセンティブ	0.0	0.0	0.0	0.0	-	-
202604	230S10200	10	【リフォ】インセンティブ	0.0	0.0	0.0	0.0	-	-
202604	230S10200	11	【資材】インセンティブ	0.0	0.0	0.0	0.0	-	-
202604	230S10200	12	収益①（営業口銭）	486000.0	840000.0	872503.0		103.8	179.5
202604	230S10200	13	【新築】収益①(営業口銭)	0.0	0.0	0.0		-	-
202604	230S10200	14	【リフォ】収益①(営業口銭)	486000.0	840000.0	872503.0		103.8	179.5
202604	230S10200	15	【資材】売上原価	24500000.0	24500000.0	32326585.0		131.9	131.9
202604	230S10200	16	収益②（資材）	7000000.0	7000000.0	6354930.0		90.7	90.7
202604	230S10200	17	総収益	7486000.0	7840000.0	7227433.0		92.1	96.5
202604	230S10200	18	経費合計	4026763.0	3878034.0	3931052.0		101.3	97.6
202604	230S10200	19	減価償却費	0.0	0.0	0.0	0.0	-	-
202604	230S10200	20	車両費	599977.0	599977.0	638594.0	16.2	106.4	106.4
202604	230S10200	21	旅費交通費	194627.0	194627.0	235064.0	5.9	120.7	120.7
202604	230S10200	22	荷造運搬費	2000.0	2000.0	58685.0	1.4	2,934.2	2,934.2
202604	230S10200	23	通信費	68529.0	68529.0	71603.0	1.8	104.4	104.4
202604	230S10200	24	水道光熱費	46015.0	46015.0	38097.0	0.9	82.7	82.7
202604	230S10200	25	動力費	0.0	0.0	0.0	0.0	-	-
202604	230S10200	26	事務用品費	19475.0	19475.0	21659.0	0.5	111.2	111.2
202604	230S10200	27	消耗品費	5000.0	5000.0	3041.0	0.0	60.8	60.8
202604	230S10200	28	廃棄物処理料	118000.0	118000.0	98840.0	2.5	83.7	83.7
202604	230S10200	29	広告宣伝費	0.0	0.0	0.0	0.0	-	-
202604	230S10200	30	接待交際費	15000.0	15000.0	20597.0	0.5	137.3	137.3
202604	230S10200	31	研究開発費	0.0	0.0	0.0	0.0	-	-
202604	230S10200	32	アフターサービス費	0.0	0.0	0.0	0.0	-	-
202604	230S10200	33	クレーム費	150000.0	0.0	0.0	0.0	-	0.0
202604	230S10200	34	賃借料	395465.0	395465.0	349985.0	8.9	88.4	88.4
202604	230S10200	35	賃貸料収入	-22630.0	-22630.0	-22630.0	-	-	-
202604	230S10200	36	修繕費	0.0	0.0	0.0	0.0	-	-
202604	230S10200	37	支払リース料	8200.0	8200.0	6970.0	0.1	85.0	85.0
202604	230S10200	38	保険料	1533.0	1533.0	1533.0	0.0	100.0	100.0
202604	230S10200	39	支払報酬	0.0	0.0	0.0	0.0	-	-
202604	230S10200	40	販売手数料	0.0	0.0	0.0	0.0	-	-
202604	230S10200	41	支払手数料	12980.0	12980.0	15776.0	0.4	121.5	121.5
202604	230S10200	42	診断料	0.0	0.0	0.0	0.0	-	-
202604	230S10200	43	諸会費	1000.0	1000.0	500.0	0.0	50.0	50.0
202604	230S10200	44	会議費	0.0	0.0	0.0	0.0	-	-
202604	230S10200	45	寄付金	0.0	0.0	0.0	0.0	-	-
202604	230S10200	46	租税公課	14800.0	14800.0	3000.0	0.0	20.2	20.2
202604	230S10200	47	業務委託費	0.0	0.0	0.0	0.0	-	-
202604	230S10200	48	業務受託収入	0.0	0.0	0.0	0.0	-	-
202604	230S10200	49	システム管理料	0.0	0.0	0.0	0.0	-	-
202604	230S10200	50	情報機器利用料	615880.0	615880.0	644286.0	16.3	104.6	104.6
202604	230S10200	51	貸倒金	0.0	0.0	0.0	0.0	-	-
202604	230S10200	52	雑費	5900.0	5900.0	10710.0	0.2	181.5	181.5
202604	230S10200	53	福利消耗品費	28000.0	28000.0	7850.0	0.1	28.0	28.0
202604	230S10200	54	教育研修費	0.0	0.0	1436.0	0.0	-	-
202604	230S10200	55	廃棄損・減耗損	0.0	0.0	0.0	0.0	-	-
202604	230S10200	56	雑給	0.0	0.0	0.0	0.0	-	-
202604	230S10200	57	社内金利（固定資産）	0.0	0.0	0.0	0.0	-	-
202604	230S10200	58	社内金利（売掛金）	28000.0	28000.0	27012.0	0.6	96.4	96.4
202604	230S10200	59	社内金利（在庫）	25000.0	25000.0	65699.0	1.6	262.7	262.7
202604	230S10200	60	開発口銭	0.0	0.0	0.0	0.0	-	-
202604	230S10200	61	部門共通（経費）	1442812.0	1444083.0	1381545.0	35.1	95.6	95.7
202604	230S10200	62	グループ共通	251200.0	251200.0	251200.0	6.3	100.0	100.0
202604	230S10200	63	差引収益	3459237.0	3961966.0	3296381.0		83.2	95.2
202604	230S10200	64	差引比率	9.9	10.6	7.4		69.8	74.7
202604	230S10200	65	総時間	2849.0	2895.75	2973.25		102.6	104.3
202604	230S10200	66	定時間	1659.0	1659.0	1837.25	61.7	110.7	110.7
202604	230S10200	67	残業時間	285.0	339.0	324.75	10.9	95.7	113.9
202604	230S10200	68	移動時間	66.0	66.0	-24.25	-	-	-
202604	230S10200	69	部門共通（時間）	839.0	831.75	835.5	28.1	100.4	99.5
202604	230S10200	70	当月時間当り	1214.1	1368.2	1108.6		81.0	91.3
202604	230S10200	71	人員	10.0	11.0	11.0		100.0	110.0
202604	230S10300	1	総受注高	100000000.0	106448182.0	97084057.0		91.2	97.0
202604	230S10300	2	【新築】受注高	45000000.0	54818182.0	30168182.0	31.0	55.0	67.0
202604	230S10300	3	【リフォ】受注高	10000000.0	6630000.0	5798311.0	5.9	87.4	57.9
202604	230S10300	4	【資材】受注高	45000000.0	45000000.0	61117564.0	62.9	135.8	135.8
202604	230S10300	5	総売上高	34740000.0	37100000.0	44498213.0		119.9	128.0
202604	230S10300	6	【新築】売上高	0.0	0.0	0.0	0.0	-	-
202604	230S10300	7	【リフォ】売上高	3240000.0	5600000.0	5816698.0	13.0	103.8	179.5
202604	230S10300	8	【資材】売上高	31500000.0	31500000.0	38681515.0	86.9	122.7	122.7
202604	230S10300	9	【新築】インセンティブ	0.0	0.0	0.0	0.0	-	-
202604	230S10300	10	【リフォ】インセンティブ	0.0	0.0	0.0	0.0	-	-
202604	230S10300	11	【資材】インセンティブ	0.0	0.0	0.0	0.0	-	-
202604	230S10300	12	収益①（営業口銭）	486000.0	840000.0	872503.0		103.8	179.5
202604	230S10300	13	【新築】収益①(営業口銭)	0.0	0.0	0.0		-	-
202604	230S10300	14	【リフォ】収益①(営業口銭)	486000.0	840000.0	872503.0		103.8	179.5
202604	230S10300	15	【資材】売上原価	24500000.0	24500000.0	32326585.0		131.9	131.9
202604	230S10300	16	収益②（資材）	7000000.0	7000000.0	6354930.0		90.7	90.7
202604	230S10300	17	総収益	7486000.0	7840000.0	7227433.0		92.1	96.5
202604	230S10300	18	総出荷	3240000.0	5600000.0	5816698.0		103.8	179.5
202604	230S10300	19	社外売	3240000.0	5600000.0	5816698.0	100.0	103.8	179.5
202604	230S10300	20	社内売	0.0	0.0	0.0	0.0	-	-
202604	230S10300	21	社内仕入	415000.0	950000.0	11257478.0		1,184.9	2,712.6
202604	230S10300	22	仕掛1	0.0	398500.0	398500.0		100.0	-
202604	230S10300	23	総生産	2825000.0	4251500.0	-5839280.0		-	-
202604	230S10300	24	経費合計	10597718.0	16862089.0	17864615.0		105.9	168.5
202604	230S10300	25	経費合計(原価)	5009668.0	11080770.0	12206938.0	68.3	110.1	243.6
202604	230S10300	26	仕掛2	574668.0	2993221.0	2993221.0	24.5	100.0	520.8
202604	230S10300	27	商品仕入高	2047250.0	4631079.0	4876000.0	39.9	105.2	238.1
202604	230S10300	28	原材料費	0.0	0.0	0.0	0.0	-	-
202604	230S10300	29	外注加工費	2280000.0	3212728.0	4258878.0	34.8	132.5	186.7
202604	230S10300	30	その他 直接経費	107750.0	243742.0	78839.0	0.6	32.3	73.1
202604	230S10300	31	他勘定振替高	0.0	0.0	0.0	0.0	-	-
202604	230S10300	32	経費合計（販管費）	5588050.0	5781319.0	5657677.0	31.6	97.8	101.2
202604	230S10300	33	減価償却費	32290.0	0.0	0.0	0.0	-	0.0
202604	230S10300	34	車両費	782423.0	782423.0	786418.0	13.9	100.5	100.5
202604	230S10300	35	旅費交通費	266627.0	266627.0	264537.0	4.6	99.2	99.2
202604	230S10300	36	荷造運搬費	2000.0	2000.0	58685.0	1.0	2,934.2	2,934.2
202604	230S10300	37	通信費	77529.0	77529.0	79778.0	1.4	102.9	102.9
202604	230S10300	38	水道光熱費	54015.0	54015.0	44821.0	0.7	82.9	82.9
202604	230S10300	39	動力費	0.0	0.0	0.0	0.0	-	-
202604	230S10300	40	事務用品費	22475.0	22475.0	26332.0	0.4	117.1	117.1
202604	230S10300	41	消耗品費	5000.0	25000.0	10719.0	0.1	42.8	214.3
202604	230S10300	42	廃棄物処理料	148000.0	148000.0	115640.0	2.0	78.1	78.1
202604	230S10300	43	広告宣伝費	0.0	0.0	0.0	0.0	-	-
202604	230S10300	44	接待交際費	15000.0	15000.0	20597.0	0.3	137.3	137.3
202604	230S10300	45	研究開発費	0.0	0.0	0.0	0.0	-	-
202604	230S10300	46	アフターサービス費	0.0	0.0	0.0	0.0	-	-
202604	230S10300	47	クレーム費	150000.0	0.0	0.0	0.0	-	0.0
202604	230S10300	48	賃借料	439682.0	439682.0	388966.0	6.8	88.4	88.4
202604	230S10300	49	賃貸料収入	-22630.0	-22630.0	-22630.0	-	-	-
202604	230S10300	50	修繕費	0.0	0.0	0.0	0.0	-	-
202604	230S10300	51	支払リース料	8200.0	8200.0	8200.0	0.1	100.0	100.0
202604	230S10300	52	保険料	1533.0	1533.0	1533.0	0.0	100.0	100.0
202604	230S10300	53	支払報酬	0.0	0.0	0.0	0.0	-	-
202604	230S10300	54	販売手数料	0.0	0.0	0.0	0.0	-	-
202604	230S10300	55	支払手数料	12980.0	12980.0	15776.0	0.2	121.5	121.5
202604	230S10300	56	診断料	0.0	0.0	0.0	0.0	-	-
202604	230S10300	57	諸会費	1000.0	1000.0	500.0	0.0	50.0	50.0
202604	230S10300	58	会議費	0.0	0.0	0.0	0.0	-	-
202604	230S10300	59	寄付金	0.0	0.0	0.0	0.0	-	-
202604	230S10300	60	租税公課	14800.0	14800.0	3000.0	0.0	20.2	20.2
202604	230S10300	61	業務委託費	0.0	0.0	0.0	0.0	-	-
202604	230S10300	62	業務受託収入	0.0	0.0	0.0	0.0	-	-
202604	230S10300	63	システム管理料	0.0	0.0	0.0	0.0	-	-
202604	230S10300	64	情報機器利用料	724820.0	724820.0	719626.0	12.7	99.2	99.2
202604	230S10300	65	貸倒金	0.0	0.0	0.0	0.0	-	-
202604	230S10300	66	雑費	6450.0	6450.0	11312.0	0.1	175.3	175.3
202604	230S10300	67	福利消耗品費	28000.0	28000.0	7850.0	0.1	28.0	28.0
202604	230S10300	68	教育研修費	0.0	0.0	1436.0	0.0	-	-
202604	230S10300	69	廃棄損・減耗損	0.0	0.0	0.0	0.0	-	-
202604	230S10300	70	雑給	0.0	0.0	0.0	0.0	-	-
202604	230S10300	71	社内金利（固定資産）	0.0	0.0	0.0	0.0	-	-
202604	230S10300	72	社内金利（売掛金）	28000.0	28000.0	27012.0	0.4	96.4	96.4
202604	230S10300	73	社内金利（在庫）	25000.0	25000.0	65699.0	1.1	262.7	262.7
202604	230S10300	74	営業口銭①（新築）	0.0	0.0	0.0	0.0	-	-
202604	230S10300	75	営業口銭②（リフォ）	486000.0	840000.0	872503.0	15.4	103.8	179.5
202604	230S10300	76	開発口銭	0.0	0.0	0.0	0.0	-	-
202604	230S10300	77	部門共通（経費）	1977156.0	1978715.0	1847667.0	32.6	93.3	93.4
202604	230S10300	78	グループ共通	301700.0	301700.0	301700.0	5.3	100.0	100.0
202604	230S10300	79	差引収益	-286718.0	-4770589.0	-16476462.0		-	-
202604	230S10300	80	差引比率	-0.7	-11.5	-42.6		-	-
202604	230S10300	81	総時間	3516.0	3562.75	3650.25		102.4	103.8
202604	230S10300	82	定時間	2003.0	2003.0	2189.25	59.9	109.2	109.2
202604	230S10300	83	残業時間	345.0	399.0	387.75	10.6	97.1	112.3
202604	230S10300	84	移動時間	66.0	66.0	-24.25	-	-	-
202604	230S10300	85	部門共通（時間）	1102.0	1094.75	1097.5	30.0	100.2	99.5
202604	230S10300	86	当月時間当り	-81.5	-1339.0	-4513.7		-	-
202604	230S10300	87	人員	12.0	13.0	13.0		100.0	108.3
202604	230S30101	1	総出荷	3240000.0	5600000.0	5816698.0		103.8	179.5
202604	230S30101	2	社外売	3240000.0	5600000.0	5816698.0	100.0	103.8	179.5
202604	230S30101	3	社内売	0.0	0.0	0.0	0.0	-	-
202604	230S30101	4	社内仕入	415000.0	950000.0	11257478.0		1,184.9	2,712.6
202604	230S30101	5	仕掛1	0.0	398500.0	398500.0		100.0	-
202604	230S30101	6	総生産	2825000.0	4251500.0	-5839280.0		-	-
202604	230S30101	7	経費合計	6570955.0	12984055.0	13933563.0		107.3	212.0
202604	230S30101	8	経費合計(原価)	5009668.0	11080770.0	12206938.0	87.6	110.1	243.6
202604	230S30101	9	仕掛2	574668.0	2993221.0	2993221.0	24.5	100.0	520.8
202604	230S30101	10	商品仕入高	2047250.0	4631079.0	4876000.0	39.9	105.2	238.1
202604	230S30101	11	原材料費	0.0	0.0	0.0	0.0	-	-
202604	230S30101	12	外注加工費	2280000.0	3212728.0	4258878.0	34.8	132.5	186.7
202604	230S30101	13	その他 直接経費	107750.0	243742.0	78839.0	0.6	32.3	73.1
202604	230S30101	14	他勘定振替高	0.0	0.0	0.0	0.0	-	-
202604	230S30101	15	経費合計（販管費）	1561287.0	1903285.0	1726625.0	12.3	90.7	110.5
202604	230S30101	16	減価償却費	32290.0	0.0	0.0	0.0	-	0.0
202604	230S30101	17	車両費	182446.0	182446.0	147824.0	8.5	81.0	81.0
202604	230S30101	18	旅費交通費	72000.0	72000.0	29473.0	1.7	40.9	40.9
202604	230S30101	19	荷造運搬費	0.0	0.0	0.0	0.0	-	-
202604	230S30101	20	通信費	9000.0	9000.0	8175.0	0.4	90.8	90.8
202604	230S30101	21	水道光熱費	8000.0	8000.0	6724.0	0.3	84.0	84.0
202604	230S30101	22	動力費	0.0	0.0	0.0	0.0	-	-
202604	230S30101	23	事務用品費	3000.0	3000.0	4673.0	0.2	155.7	155.7
202604	230S30101	24	消耗品費	0.0	20000.0	7678.0	0.4	38.3	-
202604	230S30101	25	廃棄物処理料	30000.0	30000.0	16800.0	0.9	56.0	56.0
202604	230S30101	26	広告宣伝費	0.0	0.0	0.0	0.0	-	-
202604	230S30101	27	接待交際費	0.0	0.0	0.0	0.0	-	-
202604	230S30101	28	研究開発費	0.0	0.0	0.0	0.0	-	-
202604	230S30101	29	アフターサービス費	0.0	0.0	0.0	0.0	-	-
202604	230S30101	30	クレーム費	0.0	0.0	0.0	0.0	-	-
202604	230S30101	31	賃借料	44217.0	44217.0	38981.0	2.2	88.1	88.1
202604	230S30101	32	賃貸料収入	0.0	0.0	0.0	0.0	-	-
202604	230S30101	33	修繕費	0.0	0.0	0.0	0.0	-	-
202604	230S30101	34	支払リース料	0.0	0.0	1230.0	0.0	-	-
202604	230S30101	35	保険料	0.0	0.0	0.0	0.0	-	-
202604	230S30101	36	支払報酬	0.0	0.0	0.0	0.0	-	-
202604	230S30101	37	販売手数料	0.0	0.0	0.0	0.0	-	-
202604	230S30101	38	支払手数料	0.0	0.0	0.0	0.0	-	-
202604	230S30101	39	診断料	0.0	0.0	0.0	0.0	-	-
202604	230S30101	40	諸会費	0.0	0.0	0.0	0.0	-	-
202604	230S30101	41	会議費	0.0	0.0	0.0	0.0	-	-
202604	230S30101	42	寄付金	0.0	0.0	0.0	0.0	-	-
202604	230S30101	43	租税公課	0.0	0.0	0.0	0.0	-	-
202604	230S30101	44	業務委託費	0.0	0.0	0.0	0.0	-	-
202604	230S30101	45	業務受託収入	0.0	0.0	0.0	0.0	-	-
202604	230S30101	46	システム管理料	0.0	0.0	0.0	0.0	-	-
202604	230S30101	47	情報機器利用料	108940.0	108940.0	75340.0	4.3	69.1	69.1
202604	230S30101	48	貸倒金	0.0	0.0	0.0	0.0	-	-
202604	230S30101	49	雑費	550.0	550.0	602.0	0.0	109.4	109.4
202604	230S30101	50	福利消耗品費	0.0	0.0	0.0	0.0	-	-
202604	230S30101	51	教育研修費	0.0	0.0	0.0	0.0	-	-
202604	230S30101	52	廃棄損・減耗損	0.0	0.0	0.0	0.0	-	-
202604	230S30101	53	雑給	0.0	0.0	0.0	0.0	-	-
202604	230S30101	54	社内金利（固定資産）	0.0	0.0	0.0	0.0	-	-
202604	230S30101	55	社内金利（売掛金）	0.0	0.0	0.0	0.0	-	-
202604	230S30101	56	社内金利（在庫）	0.0	0.0	0.0	0.0	-	-
202604	230S30101	57	営業口銭①（新築）	0.0	0.0	0.0	0.0	-	-
202604	230S30101	58	営業口銭②（リフォ）	486000.0	840000.0	872503.0	50.5	103.8	179.5
202604	230S30101	59	開発口銭	0.0	0.0	0.0	0.0	-	-
202604	230S30101	60	部門共通（経費）	534344.0	534632.0	466122.0	26.9	87.1	87.2
202604	230S30101	61	グループ共通	50500.0	50500.0	50500.0	2.9	100.0	100.0
202604	230S30101	62	差引収益	-3745955.0	-8732555.0	-19772843.0		-	-
202604	230S30101	63	差引比率	-132.6	-205.3	338.6		-	-
202604	230S30101	64	総時間	667.0	667.0	677.0		101.4	101.4
202604	230S30101	65	定時間	344.0	344.0	352.0	51.9	102.3	102.3
202604	230S30101	66	残業時間	60.0	60.0	63.0	9.3	105.0	105.0
202604	230S30101	67	移動時間	0.0	0.0	0.0	0.0	-	-
202604	230S30101	68	部門共通（時間）	263.0	263.0	262.0	38.7	99.6	99.6
202604	230S30101	69	当月時間当り	-5616.1	-13092.2	-29206.5		-	-
202604	230S30101	70	人員	2.0	2.0	2.0		100.0	100.0
202604	210A10300	1	総受注高	184000000.0	150035000.0	215983719.0		143.9	117.3
202604	210A10300	2	【新築】受注高	90000000.0	94640000.0	91184400.0	42.2	96.3	101.3
202604	210A10300	3	【リフォ】受注高	56000000.0	17395000.0	59936160.0	27.7	344.5	107.0
202604	210A10300	4	【資材】受注高	38000000.0	38000000.0	64863159.0	30.0	170.6	170.6
202604	210A10300	5	総売上高	44000000.0	30525000.0	35674690.0		116.8	81.0
202604	210A10300	6	【新築】売上高	0.0	0.0	0.0	0.0	-	-
202604	210A10300	7	【リフォ】売上高	18000000.0	4525000.0	8021365.0	22.4	177.2	44.5
202604	210A10300	8	【資材】売上高	26000000.0	26000000.0	27653325.0	77.5	106.3	106.3
202604	210A10300	9	【新築】インセンティブ	0.0	0.0	0.0	0.0	-	-
202604	210A10300	10	【リフォ】インセンティブ	0.0	0.0	0.0	0.0	-	-
202604	210A10300	11	【資材】インセンティブ	0.0	0.0	0.0	0.0	-	-
202604	210A10300	12	収益①（営業口銭）	2700000.0	678750.0	1203204.0		177.2	44.5
202604	210A10300	13	【新築】収益①(営業口銭)	0.0	0.0	0.0		-	-
202604	210A10300	14	【リフォ】収益①(営業口銭)	2700000.0	678750.0	1203204.0		177.2	44.5
202604	210A10300	15	【資材】売上原価	20800000.0	20800000.0	22388098.0		107.6	107.6
202604	210A10300	16	収益②（資材）	5200000.0	5200000.0	5265227.0		101.2	101.2
202604	210A10300	17	総収益	7900000.0	5878750.0	6468431.0		110.0	81.8
202604	210A10300	18	経費合計	5215348.0	5319155.0	5764890.0		108.3	110.5
202604	210A10300	19	減価償却費	453147.0	453147.0	453147.0	7.8	100.0	100.0
202604	210A10300	20	車両費	694000.0	694000.0	979493.0	16.9	141.1	141.1
202604	210A10300	21	旅費交通費	200000.0	280000.0	411040.0	7.1	146.8	205.5
202604	210A10300	22	荷造運搬費	15000.0	15000.0	9529.0	0.1	63.5	63.5
202604	210A10300	23	通信費	63000.0	63000.0	54576.0	0.9	86.6	86.6
202604	210A10300	24	水道光熱費	75000.0	75000.0	28128.0	0.4	37.5	37.5
202604	210A10300	25	動力費	0.0	0.0	0.0	0.0	-	-
202604	210A10300	26	事務用品費	30000.0	30000.0	23101.0	0.4	77.0	77.0
202604	210A10300	27	消耗品費	58000.0	58000.0	108852.0	1.8	187.6	187.6
202604	210A10300	28	廃棄物処理料	10000.0	10000.0	728.0	0.0	7.2	7.2
202604	210A10300	29	広告宣伝費	0.0	0.0	6819.0	0.1	-	-
202604	210A10300	30	接待交際費	30000.0	50000.0	11970.0	0.2	23.9	39.9
202604	210A10300	31	研究開発費	0.0	0.0	0.0	0.0	-	-
202604	210A10300	32	アフターサービス費	0.0	0.0	0.0	0.0	-	-
202604	210A10300	33	クレーム費	0.0	0.0	0.0	0.0	-	-
202604	210A10300	34	賃借料	613000.0	613000.0	314664.0	5.4	51.3	51.3
202604	210A10300	35	賃貸料収入	-52260.0	-52260.0	-52260.0	-	-	-
202604	210A10300	36	修繕費	0.0	0.0	410000.0	7.1	-	-
202604	210A10300	37	支払リース料	23723.0	23723.0	23724.0	0.4	100.0	100.0
202604	210A10300	38	保険料	98540.0	98540.0	83654.0	1.4	84.8	84.8
202604	210A10300	39	支払報酬	0.0	0.0	0.0	0.0	-	-
202604	210A10300	40	販売手数料	0.0	0.0	0.0	0.0	-	-
202604	210A10300	41	支払手数料	106700.0	106700.0	109879.0	1.9	102.9	102.9
202604	210A10300	42	診断料	0.0	0.0	0.0	0.0	-	-
202604	210A10300	43	諸会費	9000.0	9000.0	1580.0	0.0	17.5	17.5
202604	210A10300	44	会議費	0.0	0.0	0.0	0.0	-	-
202604	210A10300	45	寄付金	0.0	0.0	0.0	0.0	-	-
202604	210A10300	46	租税公課	480000.0	480000.0	451256.0	7.8	94.0	94.0
202604	210A10300	47	業務委託費	0.0	0.0	0.0	0.0	-	-
202604	210A10300	48	業務受託収入	0.0	0.0	0.0	0.0	-	-
202604	210A10300	49	システム管理料	0.0	0.0	0.0	0.0	-	-
202604	210A10300	50	情報機器利用料	759190.0	759190.0	772810.0	13.4	101.7	101.7
202604	210A10300	51	貸倒金	0.0	0.0	0.0	0.0	-	-
202604	210A10300	52	雑費	10000.0	10000.0	5542.0	0.0	55.4	55.4
202604	210A10300	53	福利消耗品費	4000.0	4000.0	1791.0	0.0	44.7	44.7
202604	210A10300	54	教育研修費	17500.0	17500.0	0.0	0.0	0.0	0.0
202604	210A10300	55	廃棄損・減耗損	0.0	0.0	0.0	0.0	-	-
202604	210A10300	56	雑給	0.0	0.0	0.0	0.0	-	-
202604	210A10300	57	社内金利（固定資産）	89977.0	89977.0	89977.0	1.5	100.0	100.0
202604	210A10300	58	社内金利（売掛金）	0.0	0.0	0.0	0.0	-	-
202604	210A10300	59	社内金利（在庫）	0.0	0.0	2851.0	0.0	-	-
202604	210A10300	60	開発口銭	0.0	0.0	0.0	0.0	-	-
202604	210A10300	61	部門共通（経費）	1100931.0	1104738.0	1135139.0	19.6	102.7	103.1
202604	210A10300	62	グループ共通	326900.0	326900.0	326900.0	5.6	100.0	100.0
202604	210A10300	63	差引収益	2684652.0	559595.0	703541.0		125.7	26.2
202604	210A10300	64	差引比率	6.1	1.8	1.9		105.5	31.1
202604	210A10300	65	総時間	3250.75	3344.75	3668.75		109.6	112.8
202604	210A10300	66	定時間	2144.5	2296.0	2328.5	63.4	101.4	108.5
202604	210A10300	67	残業時間	260.0	308.0	581.75	15.8	188.8	223.7
202604	210A10300	68	移動時間	142.0	44.0	61.75	1.6	140.3	43.4
202604	210A10300	69	部門共通（時間）	704.25	696.75	696.75	18.9	100.0	98.9
202604	210A10300	70	当月時間当り	825.8	167.3	191.7		114.5	23.2
202604	210A10300	71	人員	13.0	14.0	14.0		100.0	107.6
202604	210A30200	1	総出荷	18000000.0	4525000.0	8021365.0		177.2	44.5
202604	210A30200	2	社外売	18000000.0	4525000.0	8021365.0	100.0	177.2	44.5
202604	210A30200	3	社内売	0.0	0.0	0.0	0.0	-	-
202604	210A30200	4	社内仕入	1355000.0	343000.0	1517335.0		442.3	111.9
202604	210A30200	5	仕掛1	1000000.0	0.0	0.0		-	0.0
202604	210A30200	6	総生産	15645000.0	4182000.0	6504030.0		155.5	41.5
202604	210A30200	7	経費合計	16767702.0	10618722.0	20107997.0		189.3	119.9
202604	210A30200	8	経費合計(原価)	13195000.0	9066534.0	18239278.0	90.7	201.1	138.2
202604	210A30200	9	仕掛2	1000000.0	5979534.0	5979534.0	32.7	100.0	597.9
202604	210A30200	10	商品仕入高	6436000.0	1680000.0	8557517.0	46.9	509.3	132.9
202604	210A30200	11	原材料費	0.0	0.0	0.0	0.0	-	-
202604	210A30200	12	外注加工費	5420000.0	1371600.0	3459800.0	18.9	252.2	63.8
202604	210A30200	13	その他 直接経費	339000.0	35400.0	242427.0	1.3	684.8	71.5
202604	210A30200	14	他勘定振替高	0.0	0.0	0.0	0.0	-	-
202604	210A30200	15	経費合計（販管費）	3572702.0	1552188.0	1868719.0	9.2	120.3	52.3
202604	210A30200	16	減価償却費	0.0	0.0	0.0	0.0	-	-
202604	210A30200	17	車両費	151000.0	151000.0	65018.0	3.4	43.0	43.0
202604	210A30200	18	旅費交通費	100000.0	100000.0	58153.0	3.1	58.1	58.1
202604	210A30200	19	荷造運搬費	0.0	0.0	0.0	0.0	-	-
202604	210A30200	20	通信費	8000.0	8000.0	7419.0	0.3	92.7	92.7
202604	210A30200	21	水道光熱費	11000.0	11000.0	4017.0	0.2	36.5	36.5
202604	210A30200	22	動力費	0.0	0.0	0.0	0.0	-	-
202604	210A30200	23	事務用品費	5000.0	5000.0	1705.0	0.0	34.1	34.1
202604	210A30200	24	消耗品費	8000.0	8000.0	1171.0	0.0	14.6	14.6
202604	210A30200	25	廃棄物処理料	0.0	0.0	0.0	0.0	-	-
202604	210A30200	26	広告宣伝費	0.0	0.0	0.0	0.0	-	-
202604	210A30200	27	接待交際費	0.0	0.0	0.0	0.0	-	-
202604	210A30200	28	研究開発費	0.0	0.0	0.0	0.0	-	-
202604	210A30200	29	アフターサービス費	0.0	0.0	0.0	0.0	-	-
202604	210A30200	30	クレーム費	0.0	0.0	0.0	0.0	-	-
202604	210A30200	31	賃借料	40000.0	40000.0	0.0	0.0	0.0	0.0
202604	210A30200	32	賃貸料収入	0.0	0.0	0.0	0.0	-	-
202604	210A30200	33	修繕費	0.0	0.0	0.0	0.0	-	-
202604	210A30200	34	支払リース料	3389.0	3389.0	3389.0	0.1	100.0	100.0
202604	210A30200	35	保険料	0.0	0.0	11948.0	0.6	-	-
202604	210A30200	36	支払報酬	0.0	0.0	0.0	0.0	-	-
202604	210A30200	37	販売手数料	0.0	0.0	0.0	0.0	-	-
202604	210A30200	38	支払手数料	10500.0	10500.0	2832.0	0.1	26.9	26.9
202604	210A30200	39	診断料	0.0	0.0	0.0	0.0	-	-
202604	210A30200	40	諸会費	0.0	0.0	0.0	0.0	-	-
202604	210A30200	41	会議費	0.0	0.0	0.0	0.0	-	-
202604	210A30200	42	寄付金	0.0	0.0	0.0	0.0	-	-
202604	210A30200	43	租税公課	65216.0	65216.0	57072.0	3.0	87.5	87.5
202604	210A30200	44	業務委託費	0.0	0.0	0.0	0.0	-	-
202604	210A30200	45	業務受託収入	0.0	0.0	0.0	0.0	-	-
202604	210A30200	46	システム管理料	0.0	0.0	0.0	0.0	-	-
202604	210A30200	47	情報機器利用料	108940.0	108940.0	108940.0	5.8	100.0	100.0
202604	210A30200	48	貸倒金	0.0	0.0	0.0	0.0	-	-
202604	210A30200	49	雑費	1000.0	1000.0	319.0	0.0	31.9	31.9
202604	210A30200	50	福利消耗品費	0.0	0.0	0.0	0.0	-	-
202604	210A30200	51	教育研修費	500.0	500.0	0.0	0.0	0.0	0.0
202604	210A30200	52	廃棄損・減耗損	0.0	0.0	0.0	0.0	-	-
202604	210A30200	53	雑給	0.0	0.0	0.0	0.0	-	-
202604	210A30200	54	社内金利（固定資産）	0.0	0.0	0.0	0.0	-	-
202604	210A30200	55	社内金利（売掛金）	0.0	0.0	0.0	0.0	-	-
202604	210A30200	56	社内金利（在庫）	0.0	0.0	0.0	0.0	-	-
202604	210A30200	57	営業口銭①（新築）	0.0	0.0	0.0	0.0	-	-
202604	210A30200	58	営業口銭②（リフォ）	2700000.0	678750.0	1203204.0	64.3	177.2	44.5
202604	210A30200	59	開発口銭	0.0	0.0	0.0	0.0	-	-
202604	210A30200	60	部門共通（経費）	309657.0	310393.0	293032.0	15.6	94.4	94.6
202604	210A30200	61	グループ共通	50500.0	50500.0	50500.0	2.7	100.0	100.0
202604	210A30200	62	差引収益	-1122702.0	-6436722.0	-13603967.0		-	-
202604	210A30200	63	差引比率	-7.1	-153.9	-209.1		-	-
202604	210A30200	64	総時間	668.0	629.75	676.75		107.4	101.3
202604	210A30200	65	定時間	352.0	344.0	332.0	49.0	96.5	94.3
202604	210A30200	66	残業時間	80.0	50.0	103.5	15.2	207.0	129.3
202604	210A30200	67	移動時間	84.0	84.0	92.0	13.5	109.5	109.5
202604	210A30200	68	部門共通（時間）	152.0	151.75	149.25	22.0	98.3	98.1
202604	210A30200	69	当月時間当り	-1680.6	-10221.0	-20101.9		-	-
202604	210A30200	70	人員	2.0	2.0	2.0		100.0	100.0
202604	230C30500	1	総出荷	0.0	0.0	0.0		-	-
202604	230C30500	2	社外売	0.0	0.0	0.0	-	-	-
202604	230C30500	3	社内売	0.0	0.0	0.0	-	-	-
202604	230C30500	4	社内仕入	0.0	0.0	0.0		-	-
202604	230C30500	5	仕掛1	0.0	0.0	0.0		-	-
202604	230C30500	6	総生産	0.0	0.0	0.0		-	-
202604	230C30500	7	経費合計	0.0	0.0	0.0		-	-
202604	230C30500	8	経費合計(原価)	0.0	0.0	0.0	-	-	-
202604	230C30500	9	仕掛2	0.0	0.0	0.0	-	-	-
202604	230C30500	10	商品仕入高	0.0	0.0	0.0	-	-	-
202604	230C30500	11	原材料費	0.0	0.0	0.0	-	-	-
202604	230C30500	12	外注加工費	0.0	0.0	0.0	-	-	-
202604	230C30500	13	その他 直接経費	0.0	0.0	0.0	-	-	-
202604	230C30500	14	他勘定振替高	0.0	0.0	0.0	-	-	-
202604	230C30500	15	経費合計（販管費）	0.0	0.0	0.0	-	-	-
202604	230C30500	16	減価償却費	4421.0	4421.0	4421.0	-	100.0	100.0
202604	230C30500	17	車両費	274771.0	274771.0	258154.0	-	93.9	93.9
202604	230C30500	18	旅費交通費	10000.0	10000.0	15400.0	-	154.0	154.0
202604	230C30500	19	荷造運搬費	0.0	0.0	0.0	-	-	-
202604	230C30500	20	通信費	119610.0	119610.0	55939.0	-	46.7	46.7
202604	230C30500	21	水道光熱費	12000.0	12000.0	13131.0	-	109.4	109.4
202604	230C30500	22	動力費	0.0	0.0	0.0	-	-	-
202604	230C30500	23	事務用品費	1000.0	1000.0	1927.0	-	192.7	192.7
202604	230C30500	24	消耗品費	0.0	5000.0	5363.0	-	107.2	-
202604	230C30500	25	廃棄物処理料	0.0	0.0	0.0	-	-	-
202604	230C30500	26	広告宣伝費	0.0	0.0	0.0	-	-	-
202604	230C30500	27	接待交際費	0.0	0.0	0.0	-	-	-
202604	230C30500	28	研究開発費	0.0	0.0	0.0	-	-	-
202604	230C30500	29	アフターサービス費	0.0	0.0	0.0	-	-	-
202604	230C30500	30	クレーム費	0.0	0.0	0.0	-	-	-
202604	230C30500	31	賃借料	295152.0	295152.0	295152.0	-	100.0	100.0
202604	230C30500	32	賃貸料収入	-57000.0	-35000.0	-35000.0	-	-	-
202604	230C30500	33	修繕費	77500.0	35630.0	35630.0	-	100.0	45.9
202604	230C30500	34	支払リース料	1201.0	1201.0	1200.0	-	99.9	99.9
202604	230C30500	35	保険料	498380.0	498380.0	498380.0	-	100.0	100.0
202604	230C30500	36	支払報酬	0.0	0.0	0.0	-	-	-
202604	230C30500	37	販売手数料	0.0	0.0	0.0	-	-	-
202604	230C30500	38	支払手数料	0.0	0.0	1540.0	-	-	-
202604	230C30500	39	診断料	0.0	0.0	0.0	-	-	-
202604	230C30500	40	諸会費	0.0	0.0	0.0	-	-	-
202604	230C30500	41	会議費	0.0	0.0	0.0	-	-	-
202604	230C30500	42	寄付金	0.0	0.0	0.0	-	-	-
202604	230C30500	43	租税公課	0.0	0.0	0.0	-	-	-
202604	230C30500	44	業務委託費	0.0	0.0	0.0	-	-	-
202604	230C30500	45	業務受託収入	0.0	0.0	0.0	-	-	-
202604	230C30500	46	システム管理料	0.0	0.0	0.0	-	-	-
202604	230C30500	47	情報機器利用料	249212.0	249212.0	249212.0	-	100.0	100.0
202604	230C30500	48	貸倒金	0.0	0.0	0.0	-	-	-
202604	230C30500	49	雑費	1429.0	1429.0	1328.0	-	92.9	92.9
202604	230C30500	50	福利消耗品費	0.0	0.0	0.0	-	-	-
202604	230C30500	51	教育研修費	0.0	0.0	0.0	-	-	-
202604	230C30500	52	廃棄損・減耗損	0.0	0.0	0.0	-	-	-
202604	230C30500	53	雑給	0.0	0.0	0.0	-	-	-
202604	230C30500	54	社内金利（固定資産）	1177.0	1177.0	736.0	-	62.5	62.5
202604	230C30500	55	社内金利（売掛金）	0.0	0.0	0.0	-	-	-
202604	230C30500	56	社内金利（在庫）	0.0	0.0	0.0	-	-	-
202604	230C30500	57	営業口銭①（新築）	0.0	0.0	0.0	-	-	-
202604	230C30500	58	営業口銭②（リフォ）	0.0	0.0	0.0	-	-	-
202604	230C30500	59	開発口銭	0.0	0.0	0.0	-	-	-
202604	230C30500	60	部門共通（経費）	-1564653.0	-1549783.0	-1478313.0	-	-	-
202604	230C30500	61	グループ共通	75800.0	75800.0	75800.0	-	100.0	100.0
202604	230C30500	62	差引収益	0.0	0.0	0.0		-	-
202604	230C30500	63	差引比率	0.0	0.0	0.0		-	-
202604	230C30500	64	総時間	0.0	0.0	0.0		-	-
202604	230C30500	65	定時間	656.0	656.0	633.5	-	96.5	96.5
202604	230C30500	66	残業時間	76.0	76.0	58.25	-	76.6	76.6
202604	230C30500	67	移動時間	-122.0	-122.0	-126.75	-	-	-
202604	230C30500	68	部門共通（時間）	-610.0	-610.0	-565.0	-	-	-
202604	230C30500	69	当月時間当り	0.0	0.0	0.0		-	-
202604	230C30500	70	人員	4.0	4.0	4.0		100.0	100.0
202604	230C30400	1	総出荷	1000000.0	1000000.0	2006290.0		200.6	200.6
202604	230C30400	2	社外売	0.0	0.0	0.0	0.0	-	-
202604	230C30400	3	社内売	1000000.0	1000000.0	2006290.0	100.0	200.6	200.6
202604	230C30400	4	社内仕入	0.0	0.0	0.0		-	-
202604	230C30400	5	仕掛1	0.0	0.0	0.0		-	-
202604	230C30400	6	総生産	1000000.0	1000000.0	2006290.0		200.6	200.6
202604	230C30400	7	経費合計	984637.0	971494.0	971013.0		99.9	98.6
202604	230C30400	8	経費合計(原価)	0.0	0.0	0.0	0.0	-	-
202604	230C30400	9	仕掛2	0.0	0.0	0.0	-	-	-
202604	230C30400	10	商品仕入高	0.0	0.0	0.0	-	-	-
202604	230C30400	11	原材料費	0.0	0.0	0.0	-	-	-
202604	230C30400	12	外注加工費	0.0	0.0	0.0	-	-	-
202604	230C30400	13	その他 直接経費	0.0	0.0	0.0	-	-	-
202604	230C30400	14	他勘定振替高	0.0	0.0	0.0	-	-	-
202604	230C30400	15	経費合計（販管費）	984637.0	971494.0	971013.0	100.0	99.9	98.6
202604	230C30400	16	減価償却費	4421.0	4421.0	4421.0	0.4	100.0	100.0
202604	230C30400	17	車両費	510200.0	510200.0	523356.0	53.8	102.5	102.5
202604	230C30400	18	旅費交通費	30000.0	20000.0	35336.0	3.6	176.6	117.7
202604	230C30400	19	荷造運搬費	0.0	0.0	0.0	0.0	-	-
202604	230C30400	20	通信費	132732.0	130930.0	69539.0	7.1	53.1	52.3
202604	230C30400	21	水道光熱費	45789.0	45789.0	39212.0	4.0	85.6	85.6
202604	230C30400	22	動力費	0.0	0.0	0.0	0.0	-	-
202604	230C30400	23	事務用品費	8689.0	8689.0	10373.0	1.0	119.3	119.3
202604	230C30400	24	消耗品費	24667.0	28367.0	23540.0	2.4	82.9	95.4
202604	230C30400	25	廃棄物処理料	557.0	557.0	536.0	0.0	96.2	96.2
202604	230C30400	26	広告宣伝費	0.0	0.0	0.0	0.0	-	-
202604	230C30400	27	接待交際費	0.0	0.0	0.0	0.0	-	-
202604	230C30400	28	研究開発費	0.0	0.0	0.0	0.0	-	-
202604	230C30400	29	アフターサービス費	0.0	0.0	0.0	0.0	-	-
202604	230C30400	30	クレーム費	0.0	0.0	0.0	0.0	-	-
202604	230C30400	31	賃借料	484158.0	484158.0	445162.0	45.8	91.9	91.9
202604	230C30400	32	賃貸料収入	-104920.0	-82920.0	-82920.0	-	-	-
202604	230C30400	33	修繕費	77500.0	35630.0	35630.0	3.6	100.0	45.9
202604	230C30400	34	支払リース料	8530.0	8530.0	6128.0	0.6	71.8	71.8
202604	230C30400	35	保険料	498380.0	498380.0	510328.0	52.5	102.3	102.3
202604	230C30400	36	支払報酬	0.0	0.0	0.0	0.0	-	-
202604	230C30400	37	販売手数料	0.0	0.0	0.0	0.0	-	-
202604	230C30400	38	支払手数料	1920.0	1920.0	4870.0	0.5	253.6	253.6
202604	230C30400	39	診断料	0.0	0.0	0.0	0.0	-	-
202604	230C30400	40	諸会費	0.0	0.0	0.0	0.0	-	-
202604	230C30400	41	会議費	0.0	0.0	0.0	0.0	-	-
202604	230C30400	42	寄付金	0.0	0.0	0.0	0.0	-	-
202604	230C30400	43	租税公課	65216.0	65216.0	57072.0	5.8	87.5	87.5
202604	230C30400	44	業務委託費	0.0	0.0	0.0	0.0	-	-
202604	230C30400	45	業務受託収入	0.0	0.0	0.0	0.0	-	-
202604	230C30400	46	システム管理料	0.0	0.0	0.0	0.0	-	-
202604	230C30400	47	情報機器利用料	408032.0	408032.0	408032.0	42.0	100.0	100.0
202604	230C30400	48	貸倒金	0.0	0.0	0.0	0.0	-	-
202604	230C30400	49	雑費	5129.0	5129.0	4347.0	0.4	84.7	84.7
202604	230C30400	50	福利消耗品費	0.0	0.0	0.0	0.0	-	-
202604	230C30400	51	教育研修費	1329.0	1329.0	923.0	0.0	69.4	69.4
202604	230C30400	52	廃棄損・減耗損	0.0	0.0	0.0	0.0	-	-
202604	230C30400	53	雑給	0.0	0.0	0.0	0.0	-	-
202604	230C30400	54	社内金利（固定資産）	1177.0	1177.0	736.0	0.0	62.5	62.5
202604	230C30400	55	社内金利（売掛金）	0.0	0.0	0.0	0.0	-	-
202604	230C30400	56	社内金利（在庫）	0.0	0.0	0.0	0.0	-	-
202604	230C30400	57	営業口銭①（新築）	0.0	0.0	0.0	0.0	-	-
202604	230C30400	58	営業口銭②（リフォ）	0.0	0.0	0.0	0.0	-	-
202604	230C30400	59	開発口銭	0.0	0.0	0.0	0.0	-	-
202604	230C30400	60	部門共通（経費）	-1496069.0	-1481240.0	-1402808.0	-	-	-
202604	230C30400	61	グループ共通	277200.0	277200.0	277200.0	28.5	100.0	100.0
202604	230C30400	62	差引収益	15363.0	28506.0	1035277.0		3,631.7	6,738.7
202604	230C30400	63	差引比率	1.5	2.8	51.6		1,842.8	3,440.0
202604	230C30400	64	総時間	1238.5	1244.25	1255.25		100.8	101.3
202604	230C30400	65	定時間	1688.0	1688.0	1645.5	131.0	97.4	97.4
202604	230C30400	66	残業時間	157.0	157.0	177.0	14.1	112.7	112.7
202604	230C30400	67	移動時間	-63.0	-63.0	-70.25	-	-	-
202604	230C30400	68	部門共通（時間）	-543.5	-537.75	-497.0	-	-	-
202604	230C30400	69	当月時間当り	12.4	22.9	824.7		3,601.3	6,650.8
202604	230C30400	70	人員	10.0	10.0	10.0		100.0	100.0
202604	400A10100	1	総出荷	0.0	0.0	0.0		-	-
202604	400A10100	2	社外売	0.0	0.0	0.0	-	-	-
202604	400A10100	3	社内売	0.0	0.0	0.0	-	-	-
202604	400A10100	4	社内仕入	0.0	0.0	0.0		-	-
202604	400A10100	5	仕掛1	0.0	0.0	0.0		-	-
202604	400A10100	6	総生産	0.0	0.0	0.0		-	-
202604	400A10100	7	経費合計	0.0	0.0	0.0		-	-
202604	400A10100	8	経費合計(原価)	0.0	0.0	0.0	-	-	-
202604	400A10100	9	仕掛2	0.0	0.0	0.0	-	-	-
202604	400A10100	10	商品仕入高	0.0	0.0	0.0	-	-	-
202604	400A10100	11	原材料費	0.0	0.0	0.0	-	-	-
202604	400A10100	12	外注加工費	0.0	0.0	0.0	-	-	-
202604	400A10100	13	その他 直接経費	0.0	0.0	0.0	-	-	-
202604	400A10100	14	他勘定振替高	0.0	0.0	0.0	-	-	-
202604	400A10100	15	経費合計（販管費）	0.0	0.0	0.0	-	-	-
202604	400A10100	16	減価償却費	0.0	0.0	0.0	-	-	-
202604	400A10100	17	車両費	201778.0	205174.0	205627.0	-	100.2	101.9
202604	400A10100	18	旅費交通費	200000.0	200000.0	191657.0	-	95.8	95.8
202604	400A10100	19	荷造運搬費	0.0	0.0	0.0	-	-	-
202604	400A10100	20	通信費	9010.0	9010.0	9736.0	-	108.0	108.0
202604	400A10100	21	水道光熱費	0.0	0.0	0.0	-	-	-
202604	400A10100	22	動力費	0.0	0.0	0.0	-	-	-
202604	400A10100	23	事務用品費	0.0	1900.0	3720.0	-	195.7	-
202604	400A10100	24	消耗品費	10000.0	10000.0	0.0	-	0.0	0.0
202604	400A10100	25	廃棄物処理料	0.0	0.0	0.0	-	-	-
202604	400A10100	26	広告宣伝費	0.0	0.0	0.0	-	-	-
202604	400A10100	27	接待交際費	10000.0	10000.0	0.0	-	0.0	0.0
202604	400A10100	28	研究開発費	0.0	0.0	0.0	-	-	-
202604	400A10100	29	アフターサービス費	0.0	0.0	0.0	-	-	-
202604	400A10100	30	クレーム費	0.0	0.0	0.0	-	-	-
202604	400A10100	31	賃借料	28000.0	28000.0	36998.0	-	132.1	132.1
202604	400A10100	32	賃貸料収入	0.0	0.0	-2040.0	-	-	-
202604	400A10100	33	修繕費	0.0	0.0	0.0	-	-	-
202604	400A10100	34	支払リース料	0.0	0.0	0.0	-	-	-
202604	400A10100	35	保険料	0.0	0.0	0.0	-	-	-
202604	400A10100	36	支払報酬	0.0	0.0	0.0	-	-	-
202604	400A10100	37	販売手数料	0.0	0.0	0.0	-	-	-
202604	400A10100	38	支払手数料	0.0	0.0	1192.0	-	-	-
202604	400A10100	39	診断料	0.0	0.0	0.0	-	-	-
202604	400A10100	40	諸会費	0.0	0.0	0.0	-	-	-
202604	400A10100	41	会議費	0.0	0.0	0.0	-	-	-
202604	400A10100	42	寄付金	0.0	0.0	0.0	-	-	-
202604	400A10100	43	租税公課	0.0	0.0	0.0	-	-	-
202604	400A10100	44	業務委託費	0.0	0.0	0.0	-	-	-
202604	400A10100	45	業務受託収入	0.0	0.0	0.0	-	-	-
202604	400A10100	46	システム管理料	0.0	0.0	0.0	-	-	-
202604	400A10100	47	情報機器利用料	174982.0	174982.0	174982.0	-	100.0	100.0
202604	400A10100	48	貸倒金	0.0	0.0	0.0	-	-	-
202604	400A10100	49	雑費	0.0	0.0	31085.0	-	-	-
202604	400A10100	50	福利消耗品費	0.0	0.0	0.0	-	-	-
202604	400A10100	51	教育研修費	0.0	0.0	0.0	-	-	-
202604	400A10100	52	廃棄損・減耗損	0.0	0.0	0.0	-	-	-
202604	400A10100	53	雑給	0.0	0.0	0.0	-	-	-
202604	400A10100	54	社内金利（固定資産）	0.0	0.0	0.0	-	-	-
202604	400A10100	55	社内金利（売掛金）	0.0	0.0	0.0	-	-	-
202604	400A10100	56	社内金利（在庫）	0.0	0.0	0.0	-	-	-
202604	400A10100	57	営業口銭①（新築）	0.0	0.0	0.0	-	-	-
202604	400A10100	58	営業口銭②（リフォ）	0.0	0.0	0.0	-	-	-
202604	400A10100	59	開発口銭	0.0	0.0	0.0	-	-	-
202604	400A10100	60	部門共通（経費）	-759370.0	-764666.0	-778557.0	-	-	-
202604	400A10100	61	グループ共通	125600.0	125600.0	125600.0	-	100.0	100.0
202604	400A10100	62	差引収益	0.0	0.0	0.0		-	-
202604	400A10100	63	差引比率	0.0	0.0	0.0		-	-
202604	400A10100	64	総時間	0.0	0.0	0.0		-	-
202604	400A10100	65	定時間	872.0	868.0	852.0	-	98.1	97.7
202604	400A10100	66	残業時間	153.0	150.0	154.5	-	103.0	100.9
202604	400A10100	67	移動時間	21.5	9.5	8.5	-	89.4	39.5
202604	400A10100	68	部門共通（時間）	-1046.5	-1027.5	-1015.0	-	-	-
202604	400A10100	69	当月時間当り	0.0	0.0	0.0		-	-
202604	400A10100	70	人員	5.0	5.0	5.0		100.0	100.0
202604	003030100	1	総出荷	111700000.0	127052211.0	146872801.0		115.6	131.4
202604	003030100	2	社外売	0.0	0.0	0.0	0.0	-	-
202604	003030100	3	社内売	111700000.0	127052211.0	146872801.0	100.0	115.6	131.4
202604	003030100	4	社内仕入	36550000.0	39333431.0	50235000.0		127.7	137.4
202604	003030100	5	仕掛1	0.0	0.0	0.0		-	-
202604	003030100	6	総生産	75150000.0	87718780.0	96637801.0		110.1	128.5
202604	003030100	7	経費合計	256875800.0	293815179.0	283170823.0		96.3	110.2
202604	003030100	8	経費合計(原価)	247513159.0	284439215.0	274262036.0	96.8	96.4	110.8
202604	003030100	9	仕掛2	177593159.0	186371787.0	185941009.0	67.7	99.7	104.7
202604	003030100	10	商品仕入高	24750000.0	23880901.0	30729145.0	11.2	128.6	124.1
202604	003030100	11	原材料費	44370000.0	74246527.0	57660425.0	21.0	77.6	129.9
202604	003030100	12	外注加工費	900000.0	40000.0	56000.0	0.0	140.0	6.2
202604	003030100	13	その他 直接経費	0.0	0.0	0.0	0.0	-	-
202604	003030100	14	他勘定振替高	-100000.0	-100000.0	-124543.0	-	-	-
202604	003030100	15	経費合計（販管費）	9362641.0	9375964.0	8908787.0	3.1	95.0	95.1
202604	003030100	16	減価償却費	1592438.0	1587938.0	1691404.0	18.9	106.5	106.2
202604	003030100	17	車両費	1693874.0	1669071.0	1555644.0	17.4	93.2	91.8
202604	003030100	18	旅費交通費	918600.0	912000.0	859358.0	9.6	94.2	93.5
202604	003030100	19	荷造運搬費	5500.0	5500.0	0.0	0.0	0.0	0.0
202604	003030100	20	通信費	172405.0	180468.0	171427.0	1.9	94.9	99.4
202604	003030100	21	水道光熱費	215203.0	202963.0	188349.0	2.1	92.7	87.5
202604	003030100	22	動力費	662544.0	670444.0	505076.0	5.6	75.3	76.2
202604	003030100	23	事務用品費	86230.0	80830.0	47483.0	0.5	58.7	55.0
202604	003030100	24	消耗品費	753321.0	642947.0	668708.0	7.5	104.0	88.7
202604	003030100	25	廃棄物処理料	-43150.0	56819.0	60591.0	0.6	106.6	-
202604	003030100	26	広告宣伝費	0.0	0.0	0.0	0.0	-	-
202604	003030100	27	接待交際費	90000.0	70000.0	1204.0	0.0	1.7	1.3
202604	003030100	28	研究開発費	0.0	0.0	0.0	0.0	-	-
202604	003030100	29	アフターサービス費	0.0	0.0	0.0	0.0	-	-
202604	003030100	30	クレーム費	0.0	0.0	17800.0	0.1	-	-
202604	003030100	31	賃借料	3648004.0	3606953.0	3742815.0	42.0	103.7	102.5
202604	003030100	32	賃貸料収入	-282000.0	-241000.0	-296064.0	-	-	-
202604	003030100	33	修繕費	390000.0	350000.0	0.0	0.0	0.0	0.0
202604	003030100	34	支払リース料	39956.0	39933.0	35086.0	0.3	87.8	87.8
202604	003030100	35	保険料	28537.0	28537.0	27692.0	0.3	97.0	97.0
202604	003030100	36	支払報酬	20000.0	20000.0	20000.0	0.2	100.0	100.0
202604	003030100	37	販売手数料	0.0	0.0	94000.0	1.0	-	-
202604	003030100	38	支払手数料	849578.0	849502.0	639077.0	7.1	75.2	75.2
202604	003030100	39	診断料	0.0	0.0	0.0	0.0	-	-
202604	003030100	40	諸会費	51600.0	51600.0	51100.0	0.5	99.0	99.0
202604	003030100	41	会議費	2000.0	2000.0	0.0	0.0	0.0	0.0
202604	003030100	42	寄付金	0.0	0.0	0.0	0.0	-	-
202604	003030100	43	租税公課	0.0	0.0	0.0	0.0	-	-
202604	003030100	44	業務委託費	554600.0	554600.0	554600.0	6.2	100.0	100.0
202604	003030100	45	業務受託収入	-15000.0	-15000.0	-15000.0	-	-	-
202604	003030100	46	システム管理料	0.0	0.0	0.0	0.0	-	-
202604	003030100	47	情報機器利用料	3900054.0	3900014.0	3896288.0	43.7	99.9	99.9
202604	003030100	48	貸倒金	0.0	0.0	0.0	0.0	-	-
202604	003030100	49	雑費	24106.0	24890.0	54282.0	0.6	218.0	225.1
202604	003030100	50	福利消耗品費	19500.0	19500.0	8039.0	0.0	41.2	41.2
202604	003030100	51	教育研修費	9150.0	9118.0	75513.0	0.8	828.1	825.2
202604	003030100	52	廃棄損・減耗損	100000.0	100000.0	124543.0	1.3	124.5	124.5
202604	003030100	53	雑給	0.0	0.0	0.0	0.0	-	-
202604	003030100	54	社内金利（固定資産）	453236.0	449936.0	450058.0	5.0	100.0	99.2
202604	003030100	55	社内金利（売掛金）	0.0	0.0	0.0	0.0	-	-
202604	003030100	56	社内金利（在庫）	415500.0	491558.0	472368.0	5.3	96.0	113.6
202604	003030100	57	営業口銭①（新築）	0.0	0.0	0.0	0.0	-	-
202604	003030100	58	営業口銭②（リフォ）	0.0	0.0	0.0	0.0	-	-
202604	003030100	59	開発口銭	0.0	0.0	0.0	0.0	-	-
202604	003030100	60	部門共通（経費）	-8980045.0	-8932057.0	-8779554.0	-	-	-
202604	003030100	61	グループ共通	1986900.0	1986900.0	1986900.0	22.3	100.0	100.0
202604	003030100	62	差引収益	-181725800.0	-206096399.0	-186533022.0		-	-
202604	003030100	63	差引比率	-241.8	-234.9	-193.0		-	-
202604	003030100	64	総時間	6753.0	6166.75	6315.25		102.4	93.5
202604	003030100	65	定時間	13878.0	13194.0	13401.0	212.2	101.5	96.5
202604	003030100	66	残業時間	1267.75	1183.0	1201.25	19.0	101.5	94.7
202604	003030100	67	移動時間	-38.0	-50.0	-55.0	-	-	-
202604	003030100	68	部門共通（時間）	-8354.75	-8160.25	-8232.0	-	-	-
202604	003030100	69	当月時間当り	-26910.3	-33420.5	-29536.9		-	-
202604	003030100	70	人員	84.0	82.0	82.0		100.0	97.6
202604	230H10100	1	総受注高	0.0	0.0	0.0		-	-
202604	230H10100	2	【新築】受注高	0.0	0.0	0.0	-	-	-
202604	230H10100	3	【リフォ】受注高	0.0	0.0	0.0	-	-	-
202604	230H10100	4	【資材】受注高	0.0	0.0	0.0	-	-	-
202604	230H10100	5	総売上高	0.0	0.0	0.0		-	-
202604	230H10100	6	【新築】売上高	0.0	0.0	0.0	-	-	-
202604	230H10100	7	【リフォ】売上高	0.0	0.0	0.0	-	-	-
202604	230H10100	8	【資材】売上高	0.0	0.0	0.0	-	-	-
202604	230H10100	9	【新築】インセンティブ	0.0	0.0	0.0	-	-	-
202604	230H10100	10	【リフォ】インセンティブ	0.0	0.0	0.0	-	-	-
202604	230H10100	11	【資材】インセンティブ	0.0	0.0	0.0	-	-	-
202604	230H10100	12	収益①（営業口銭）	0.0	0.0	0.0		-	-
202604	230H10100	13	【新築】収益①(営業口銭)	0.0	0.0	0.0		-	-
202604	230H10100	14	【リフォ】収益①(営業口銭)	0.0	0.0	0.0		-	-
202604	230H10100	15	【資材】売上原価	0.0	0.0	0.0		-	-
202604	230H10100	16	収益②（資材）	0.0	0.0	0.0		-	-
202604	230H10100	17	総収益	0.0	0.0	0.0		-	-
202604	230H10100	18	経費合計	0.0	0.0	0.0		-	-
202604	230H10100	19	減価償却費	0.0	0.0	11500.0	-	-	-
202604	230H10100	20	車両費	41750.0	41750.0	35272.0	-	84.4	84.4
202604	230H10100	21	旅費交通費	8000.0	8000.0	0.0	-	0.0	0.0
202604	230H10100	22	荷造運搬費	0.0	0.0	0.0	-	-	-
202604	230H10100	23	通信費	59427.0	59427.0	13384.0	-	22.5	22.5
202604	230H10100	24	水道光熱費	22524.0	22524.0	19186.0	-	85.1	85.1
202604	230H10100	25	動力費	0.0	0.0	0.0	-	-	-
202604	230H10100	26	事務用品費	3523.0	3523.0	7870.0	-	223.3	223.3
202604	230H10100	27	消耗品費	2841.0	2841.0	3688.0	-	129.8	129.8
202604	230H10100	28	廃棄物処理料	2216.0	2216.0	1704.0	-	76.8	76.8
202604	230H10100	29	広告宣伝費	11500.0	11500.0	12927.0	-	112.4	112.4
202604	230H10100	30	接待交際費	2000.0	2000.0	0.0	-	0.0	0.0
202604	230H10100	31	研究開発費	0.0	0.0	0.0	-	-	-
202604	230H10100	32	アフターサービス費	0.0	0.0	0.0	-	-	-
202604	230H10100	33	クレーム費	0.0	0.0	0.0	-	-	-
202604	230H10100	34	賃借料	386574.0	386574.0	356110.0	-	92.1	92.1
202604	230H10100	35	賃貸料収入	0.0	0.0	0.0	-	-	-
202604	230H10100	36	修繕費	0.0	0.0	0.0	-	-	-
202604	230H10100	37	支払リース料	2084.0	2084.0	579.0	-	27.7	27.7
202604	230H10100	38	保険料	0.0	0.0	0.0	-	-	-
202604	230H10100	39	支払報酬	400000.0	400000.0	300000.0	-	75.0	75.0
202604	230H10100	40	販売手数料	0.0	0.0	0.0	-	-	-
202604	230H10100	41	支払手数料	40000.0	40000.0	0.0	-	0.0	0.0
202604	230H10100	42	診断料	0.0	0.0	0.0	-	-	-
202604	230H10100	43	諸会費	0.0	0.0	0.0	-	-	-
202604	230H10100	44	会議費	0.0	0.0	1649.0	-	-	-
202604	230H10100	45	寄付金	0.0	0.0	0.0	-	-	-
202604	230H10100	46	租税公課	0.0	0.0	0.0	-	-	-
202604	230H10100	47	業務委託費	0.0	0.0	0.0	-	-	-
202604	230H10100	48	業務受託収入	0.0	0.0	0.0	-	-	-
202604	230H10100	49	システム管理料	0.0	0.0	0.0	-	-	-
202604	230H10100	50	情報機器利用料	442284.0	442284.0	442284.0	-	100.0	100.0
202604	230H10100	51	貸倒金	0.0	0.0	0.0	-	-	-
202604	230H10100	52	雑費	809.0	809.0	809.0	-	100.0	100.0
202604	230H10100	53	福利消耗品費	0.0	0.0	0.0	-	-	-
202604	230H10100	54	教育研修費	872.0	4372.0	872.0	-	19.9	100.0
202604	230H10100	55	廃棄損・減耗損	0.0	0.0	0.0	-	-	-
202604	230H10100	56	雑給	0.0	0.0	0.0	-	-	-
202604	230H10100	57	社内金利（固定資産）	0.0	0.0	3392.0	-	-	-
202604	230H10100	58	社内金利（売掛金）	0.0	0.0	0.0	-	-	-
202604	230H10100	59	社内金利（在庫）	880000.0	830000.0	851884.0	-	102.6	96.8
202604	230H10100	60	開発口銭	0.0	0.0	0.0	-	-	-
202604	230H10100	61	部門共通（経費）	-2432004.0	-2385504.0	-2188710.0	-	-	-
202604	230H10100	62	グループ共通	125600.0	125600.0	125600.0	-	100.0	100.0
202604	230H10100	63	差引収益	0.0	0.0	0.0		-	-
202604	230H10100	64	差引比率	0.0	0.0	0.0		-	-
202604	230H10100	65	総時間	0.0	0.0	0.0		-	-
202604	230H10100	66	定時間	1012.0	1012.0	1023.75	-	101.1	101.1
202604	230H10100	67	残業時間	139.0	139.0	160.5	-	115.4	115.4
202604	230H10100	68	移動時間	-125.0	-125.0	-172.75	-	-	-
202604	230H10100	69	部門共通（時間）	-1026.0	-1026.0	-1011.5	-	-	-
202604	230H10100	70	当月時間当り	0.0	0.0	0.0		-	-
202604	230H10100	71	人員	6.0	6.0	6.0		100.0	100.0
202604	230C30310	1	総出荷	5400000.0	3208701.0	3598479.0		112.1	66.6
202604	230C30310	2	社外売	0.0	0.0	0.0	0.0	-	-
202604	230C30310	3	社内売	5400000.0	3208701.0	3598479.0	100.0	112.1	66.6
202604	230C30310	4	社内仕入	0.0	0.0	0.0		-	-
202604	230C30310	5	仕掛1	0.0	0.0	0.0		-	-
202604	230C30310	6	総生産	5400000.0	3208701.0	3598479.0		112.1	66.6
202604	230C30310	7	経費合計	5198962.0	4434452.0	3896133.0		87.8	74.9
202604	230C30310	8	経費合計(原価)	800000.0	-60000.0	-18570.0	-	-	-
202604	230C30310	9	仕掛2	0.0	0.0	0.0	-	-	-
202604	230C30310	10	商品仕入高	0.0	0.0	0.0	-	-	-
202604	230C30310	11	原材料費	0.0	0.0	0.0	-	-	-
202604	230C30310	12	外注加工費	900000.0	40000.0	56000.0	-	140.0	6.2
202604	230C30310	13	その他 直接経費	0.0	0.0	0.0	-	-	-
202604	230C30310	14	他勘定振替高	-100000.0	-100000.0	-74570.0	-	-	-
202604	230C30310	15	経費合計（販管費）	4398962.0	4494452.0	3914703.0	100.4	87.1	88.9
202604	230C30310	16	減価償却費	394169.0	394169.0	394169.0	10.0	100.0	100.0
202604	230C30310	17	車両費	307866.0	307866.0	225197.0	5.7	73.1	73.1
202604	230C30310	18	旅費交通費	0.0	0.0	35109.0	0.8	-	-
202604	230C30310	19	荷造運搬費	0.0	0.0	0.0	0.0	-	-
202604	230C30310	20	通信費	22138.0	22138.0	22870.0	0.5	103.3	103.3
202604	230C30310	21	水道光熱費	8500.0	8500.0	7769.0	0.1	91.4	91.4
202604	230C30310	22	動力費	300544.0	300544.0	198535.0	5.0	66.0	66.0
202604	230C30310	23	事務用品費	23500.0	23500.0	10244.0	0.2	43.5	43.5
202604	230C30310	24	消耗品費	350000.0	350000.0	191019.0	4.8	54.5	54.5
202604	230C30310	25	廃棄物処理料	-100000.0	0.0	0.0	0.0	-	-
202604	230C30310	26	広告宣伝費	0.0	0.0	0.0	0.0	-	-
202604	230C30310	27	接待交際費	10000.0	0.0	1204.0	0.0	-	12.0
202604	230C30310	28	研究開発費	0.0	0.0	0.0	0.0	-	-
202604	230C30310	29	アフターサービス費	0.0	0.0	0.0	0.0	-	-
202604	230C30310	30	クレーム費	0.0	0.0	0.0	0.0	-	-
202604	230C30310	31	賃借料	1133000.0	1092000.0	1092000.0	27.8	100.0	96.3
202604	230C30310	32	賃貸料収入	-59000.0	-18000.0	-18000.0	-	-	-
202604	230C30310	33	修繕費	350000.0	350000.0	0.0	0.0	0.0	0.0
202604	230C30310	34	支払リース料	10438.0	10438.0	10439.0	0.2	100.0	100.0
202604	230C30310	35	保険料	0.0	0.0	0.0	0.0	-	-
202604	230C30310	36	支払報酬	0.0	0.0	0.0	0.0	-	-
202604	230C30310	37	販売手数料	0.0	0.0	0.0	0.0	-	-
202604	230C30310	38	支払手数料	1000.0	1000.0	600.0	0.0	60.0	60.0
202604	230C30310	39	診断料	0.0	0.0	0.0	0.0	-	-
202604	230C30310	40	諸会費	0.0	0.0	0.0	0.0	-	-
202604	230C30310	41	会議費	0.0	0.0	0.0	0.0	-	-
202604	230C30310	42	寄付金	0.0	0.0	0.0	0.0	-	-
202604	230C30310	43	租税公課	0.0	0.0	0.0	0.0	-	-
202604	230C30310	44	業務委託費	0.0	0.0	0.0	0.0	-	-
202604	230C30310	45	業務受託収入	0.0	0.0	0.0	0.0	-	-
202604	230C30310	46	システム管理料	0.0	0.0	0.0	0.0	-	-
202604	230C30310	47	情報機器利用料	594982.0	594982.0	596902.0	15.2	100.3	100.3
202604	230C30310	48	貸倒金	0.0	0.0	0.0	0.0	-	-
202604	230C30310	49	雑費	4998.0	4998.0	4644.0	0.1	92.9	92.9
202604	230C30310	50	福利消耗品費	0.0	0.0	0.0	0.0	-	-
202604	230C30310	51	教育研修費	0.0	0.0	58750.0	1.5	-	-
202604	230C30310	52	廃棄損・減耗損	100000.0	100000.0	74570.0	1.9	74.5	74.5
202604	230C30310	53	雑給	0.0	0.0	0.0	0.0	-	-
202604	230C30310	54	社内金利（固定資産）	137034.0	137034.0	137034.0	3.5	100.0	100.0
202604	230C30310	55	社内金利（売掛金）	0.0	0.0	0.0	0.0	-	-
202604	230C30310	56	社内金利（在庫）	500.0	500.0	2140.0	0.0	428.0	428.0
202604	230C30310	57	営業口銭①（新築）	0.0	0.0	0.0	0.0	-	-
202604	230C30310	58	営業口銭②（リフォ）	0.0	0.0	0.0	0.0	-	-
202604	230C30310	59	開発口銭	0.0	0.0	0.0	0.0	-	-
202604	230C30310	60	部門共通（経費）	482393.0	487883.0	542608.0	13.8	111.2	112.4
202604	230C30310	61	グループ共通	326900.0	326900.0	326900.0	8.3	100.0	100.0
202604	230C30310	62	差引収益	201038.0	-1225751.0	-297654.0		-	-
202604	230C30310	63	差引比率	3.7	-38.2	-8.2		-	-
202604	230C30310	64	総時間	2673.0	2541.75	2698.75		106.1	100.9
202604	230C30310	65	定時間	2344.0	2220.0	2354.25	87.2	106.0	100.4
202604	230C30310	66	残業時間	55.0	45.0	68.5	2.5	152.2	124.5
202604	230C30310	67	移動時間	-107.25	-107.25	-107.25	-	-	-
202604	230C30310	68	部門共通（時間）	381.25	384.0	383.25	14.2	99.8	100.5
202604	230C30310	69	当月時間当り	75.2	-482.2	-110.2		-	-
202604	230C30310	70	人員	14.0	14.0	14.0		100.0	100.0
202604	003090200	1	総受注高	0.0	0.0	0.0		-	-
202604	003090200	2	【新築】受注高	0.0	0.0	0.0	-	-	-
202604	003090200	3	【リフォ】受注高	0.0	0.0	0.0	-	-	-
202604	003090200	4	【資材】受注高	0.0	0.0	0.0	-	-	-
202604	003090200	5	総売上高	0.0	0.0	0.0		-	-
202604	003090200	6	【新築】売上高	0.0	0.0	0.0	-	-	-
202604	003090200	7	【リフォ】売上高	0.0	0.0	0.0	-	-	-
202604	003090200	8	【資材】売上高	0.0	0.0	0.0	-	-	-
202604	003090200	9	【新築】インセンティブ	0.0	0.0	0.0	-	-	-
202604	003090200	10	【リフォ】インセンティブ	0.0	0.0	0.0	-	-	-
202604	003090200	11	【資材】インセンティブ	0.0	0.0	0.0	-	-	-
202604	003090200	12	収益①（営業口銭）	0.0	0.0	0.0		-	-
202604	003090200	13	【新築】収益①(営業口銭)	0.0	0.0	0.0		-	-
202604	003090200	14	【リフォ】収益①(営業口銭)	0.0	0.0	0.0		-	-
202604	003090200	15	【資材】売上原価	0.0	0.0	0.0		-	-
202604	003090200	16	収益②（資材）	0.0	0.0	0.0		-	-
202604	003090200	17	総収益	0.0	0.0	0.0		-	-
202604	003090200	18	経費合計	-3112154.0	-3122148.0	-3323462.0		-	-
202604	003090200	19	減価償却費	0.0	0.0	0.0	-	-	-
202604	003090200	20	車両費	0.0	0.0	0.0	-	-	-
202604	003090200	21	旅費交通費	0.0	0.0	0.0	-	-	-
202604	003090200	22	荷造運搬費	0.0	0.0	0.0	-	-	-
202604	003090200	23	通信費	0.0	0.0	0.0	-	-	-
202604	003090200	24	水道光熱費	0.0	0.0	0.0	-	-	-
202604	003090200	25	動力費	0.0	0.0	0.0	-	-	-
202604	003090200	26	事務用品費	0.0	0.0	0.0	-	-	-
202604	003090200	27	消耗品費	0.0	0.0	0.0	-	-	-
202604	003090200	28	廃棄物処理料	0.0	0.0	0.0	-	-	-
202604	003090200	29	広告宣伝費	0.0	0.0	0.0	-	-	-
202604	003090200	30	接待交際費	0.0	0.0	0.0	-	-	-
202604	003090200	31	研究開発費	0.0	0.0	0.0	-	-	-
202604	003090200	32	アフターサービス費	0.0	0.0	0.0	-	-	-
202604	003090200	33	クレーム費	0.0	0.0	0.0	-	-	-
202604	003090200	34	賃借料	0.0	0.0	0.0	-	-	-
202604	003090200	35	賃貸料収入	0.0	0.0	0.0	-	-	-
202604	003090200	36	修繕費	0.0	0.0	0.0	-	-	-
202604	003090200	37	支払リース料	0.0	0.0	0.0	-	-	-
202604	003090200	38	保険料	0.0	0.0	0.0	-	-	-
202604	003090200	39	支払報酬	0.0	0.0	0.0	-	-	-
202604	003090200	40	販売手数料	0.0	0.0	0.0	-	-	-
202604	003090200	41	支払手数料	0.0	0.0	0.0	-	-	-
202604	003090200	42	診断料	0.0	0.0	0.0	-	-	-
202604	003090200	43	諸会費	0.0	0.0	0.0	-	-	-
202604	003090200	44	会議費	0.0	0.0	0.0	-	-	-
202604	003090200	45	寄付金	0.0	0.0	0.0	-	-	-
202604	003090200	46	租税公課	0.0	0.0	0.0	-	-	-
202604	003090200	47	業務委託費	0.0	0.0	0.0	-	-	-
202604	003090200	48	業務受託収入	0.0	0.0	0.0	-	-	-
202604	003090200	49	システム管理料	0.0	0.0	0.0	-	-	-
202604	003090200	50	情報機器利用料	0.0	0.0	0.0	-	-	-
202604	003090200	51	貸倒金	0.0	0.0	0.0	-	-	-
202604	003090200	52	雑費	0.0	0.0	0.0	-	-	-
202604	003090200	53	福利消耗品費	0.0	0.0	0.0	-	-	-
202604	003090200	54	教育研修費	0.0	0.0	0.0	-	-	-
202604	003090200	55	廃棄損・減耗損	0.0	0.0	0.0	-	-	-
202604	003090200	56	雑給	0.0	0.0	0.0	-	-	-
202604	003090200	57	社内金利（固定資産）	-1038084.0	-1034784.0	-1023204.0	-	-	-
202604	003090200	58	社内金利（売掛金）	-366122.0	-353358.0	-396974.0	-	-	-
202604	003090200	59	社内金利（在庫）	-1707948.0	-1734006.0	-1903284.0	-	-	-
202604	003090200	60	開発口銭	0.0	0.0	0.0	-	-	-
202604	003090200	61	部門共通（経費）	0.0	0.0	0.0	-	-	-
202604	003090200	62	グループ共通	0.0	0.0	0.0	-	-	-
202604	003090200	63	差引収益	3112154.0	3122148.0	3323462.0		106.4	106.7
202604	003090200	64	差引比率	0.0	0.0	0.0		-	-
202604	003090200	65	総時間	350.5	0.0	350.5		-	100.0
202604	003090200	66	定時間	0.0	0.0	0.0	0.0	-	-
202604	003090200	67	残業時間	0.0	0.0	0.0	0.0	-	-
202604	003090200	68	移動時間	350.5	0.0	350.5	100.0	-	100.0
202604	003090200	69	部門共通（時間）	0.0	0.0	0.0	0.0	-	-
202604	003090200	70	当月時間当り	8879.1	0.0	9482.0		-	106.7
202604	003090200	71	人員	0.0	0.0	0.0		-	-
202604	230H10500	1	総受注高	54000000.0	35661000.0	43196409.0		121.1	79.9
202604	230H10500	2	【新築】受注高	18000000.0	0.0	-9600000.0	-	-	-
202604	230H10500	3	【リフォ】受注高	6000000.0	5661000.0	10764200.0	24.9	190.1	179.4
202604	230H10500	4	【資材】受注高	30000000.0	30000000.0	42032209.0	97.3	140.1	140.1
202604	230H10500	5	総売上高	34000000.0	30750000.0	48801818.0		158.7	143.5
202604	230H10500	6	【新築】売上高	0.0	750000.0	760000.0	1.5	101.3	-
202604	230H10500	7	【リフォ】売上高	4000000.0	0.0	5052200.0	10.3	-	126.3
202604	230H10500	8	【資材】売上高	30000000.0	30000000.0	42989618.0	88.0	143.2	143.2
202604	230H10500	9	【新築】インセンティブ	0.0	0.0	0.0	0.0	-	-
202604	230H10500	10	【リフォ】インセンティブ	0.0	0.0	0.0	0.0	-	-
202604	230H10500	11	【資材】インセンティブ	0.0	0.0	0.0	0.0	-	-
202604	230H10500	12	収益①（営業口銭）	600000.0	37500.0	795830.0		2,122.2	132.6
202604	230H10500	13	【新築】収益①(営業口銭)	0.0	37500.0	38000.0		101.3	-
202604	230H10500	14	【リフォ】収益①(営業口銭)	600000.0	0.0	757830.0		-	126.3
202604	230H10500	15	【資材】売上原価	26400000.0	26400000.0	37164305.0		140.7	140.7
202604	230H10500	16	収益②（資材）	3600000.0	3600000.0	5825313.0		161.8	161.8
202604	230H10500	17	総収益	4200000.0	3637500.0	6621143.0		182.0	157.6
202604	230H10500	18	経費合計	4450957.0	4445126.0	4394357.0		98.8	98.7
202604	230H10500	19	減価償却費	0.0	0.0	0.0	0.0	-	-
202604	230H10500	20	車両費	329550.0	329550.0	370237.0	8.4	112.3	112.3
202604	230H10500	21	旅費交通費	700000.0	780000.0	652712.0	14.8	83.6	93.2
202604	230H10500	22	荷造運搬費	2000.0	2000.0	0.0	0.0	0.0	0.0
202604	230H10500	23	通信費	47173.0	48773.0	40513.0	0.9	83.0	85.8
202604	230H10500	24	水道光熱費	31526.0	31526.0	26855.0	0.6	85.1	85.1
202604	230H10500	25	動力費	0.0	0.0	0.0	0.0	-	-
202604	230H10500	26	事務用品費	16432.0	16432.0	15391.0	0.3	93.6	93.6
202604	230H10500	27	消耗品費	3977.0	3977.0	2032.0	0.0	51.0	51.0
202604	230H10500	28	廃棄物処理料	3102.0	3102.0	2386.0	0.0	76.9	76.9
202604	230H10500	29	広告宣伝費	15000.0	15000.0	0.0	0.0	0.0	0.0
202604	230H10500	30	接待交際費	100000.0	40000.0	7283.0	0.1	18.2	7.2
202604	230H10500	31	研究開発費	0.0	0.0	0.0	0.0	-	-
202604	230H10500	32	アフターサービス費	0.0	0.0	0.0	0.0	-	-
202604	230H10500	33	クレーム費	0.0	0.0	0.0	0.0	-	-
202604	230H10500	34	賃借料	498450.0	498450.0	498450.0	11.3	100.0	100.0
202604	230H10500	35	賃貸料収入	0.0	0.0	0.0	0.0	-	-
202604	230H10500	36	修繕費	0.0	0.0	0.0	0.0	-	-
202604	230H10500	37	支払リース料	2918.0	1035.0	810.0	0.0	78.2	27.7
202604	230H10500	38	保険料	0.0	0.0	61.0	0.0	-	-
202604	230H10500	39	支払報酬	0.0	0.0	0.0	0.0	-	-
202604	230H10500	40	販売手数料	0.0	0.0	0.0	0.0	-	-
202604	230H10500	41	支払手数料	12000.0	4000.0	4449.0	0.1	111.2	37.0
202604	230H10500	42	診断料	0.0	0.0	0.0	0.0	-	-
202604	230H10500	43	諸会費	0.0	0.0	0.0	0.0	-	-
202604	230H10500	44	会議費	0.0	0.0	0.0	0.0	-	-
202604	230H10500	45	寄付金	0.0	0.0	0.0	0.0	-	-
202604	230H10500	46	租税公課	20000.0	5000.0	0.0	0.0	0.0	0.0
202604	230H10500	47	業務委託費	0.0	0.0	0.0	0.0	-	-
202604	230H10500	48	業務受託収入	0.0	0.0	0.0	0.0	-	-
202604	230H10500	49	システム管理料	0.0	0.0	0.0	0.0	-	-
202604	230H10500	50	情報機器利用料	656826.0	656826.0	658044.0	14.9	100.1	100.1
202604	230H10500	51	貸倒金	0.0	0.0	0.0	0.0	-	-
202604	230H10500	52	雑費	7133.0	7133.0	3814.0	0.0	53.4	53.4
202604	230H10500	53	福利消耗品費	0.0	0.0	10972.0	0.2	-	-
202604	230H10500	54	教育研修費	3220.0	3220.0	46675.0	1.0	1,449.5	1,449.5
202604	230H10500	55	廃棄損・減耗損	0.0	0.0	0.0	0.0	-	-
202604	230H10500	56	雑給	0.0	0.0	0.0	0.0	-	-
202604	230H10500	57	社内金利（固定資産）	0.0	0.0	0.0	0.0	-	-
202604	230H10500	58	社内金利（売掛金）	30000.0	25100.0	54639.0	1.2	217.6	182.1
202604	230H10500	59	社内金利（在庫）	0.0	0.0	270.0	0.0	-	-
202604	230H10500	60	開発口銭	0.0	0.0	0.0	0.0	-	-
202604	230H10500	61	部門共通（経費）	1770250.0	1772602.0	1797364.0	40.9	101.3	101.5
202604	230H10500	62	グループ共通	201400.0	201400.0	201400.0	4.5	100.0	100.0
202604	230H10500	63	差引収益	-250957.0	-807626.0	2226786.0		-	-
202604	230H10500	64	差引比率	-0.7	-2.6	4.5		-	-
202604	230H10500	65	総時間	2599.0	2424.75	2589.25		106.7	99.6
202604	230H10500	66	定時間	1728.0	1591.0	1689.0	65.2	106.1	97.7
202604	230H10500	67	残業時間	244.0	209.0	271.0	10.4	129.6	111.0
202604	230H10500	68	移動時間	-398.0	-398.0	-398.0	-	-	-
202604	230H10500	69	部門共通（時間）	1025.0	1022.75	1027.25	39.6	100.4	100.2
202604	230H10500	70	当月時間当り	-96.5	-333.0	860.0		-	-
202604	230H10500	71	人員	10.0	10.0	10.0		100.0	100.0
202604	230H10600	1	総受注高	54000000.0	35661000.0	43196409.0		121.1	79.9
202604	230H10600	2	【新築】受注高	18000000.0	0.0	-9600000.0	-	-	-
202604	230H10600	3	【リフォ】受注高	6000000.0	5661000.0	10764200.0	24.9	190.1	179.4
202604	230H10600	4	【資材】受注高	30000000.0	30000000.0	42032209.0	97.3	140.1	140.1
202604	230H10600	5	総売上高	34000000.0	30750000.0	48801818.0		158.7	143.5
202604	230H10600	6	【新築】売上高	0.0	750000.0	760000.0	1.5	101.3	-
202604	230H10600	7	【リフォ】売上高	4000000.0	0.0	5052200.0	10.3	-	126.3
202604	230H10600	8	【資材】売上高	30000000.0	30000000.0	42989618.0	88.0	143.2	143.2
202604	230H10600	9	【新築】インセンティブ	0.0	0.0	0.0	0.0	-	-
202604	230H10600	10	【リフォ】インセンティブ	0.0	0.0	0.0	0.0	-	-
202604	230H10600	11	【資材】インセンティブ	0.0	0.0	0.0	0.0	-	-
202604	230H10600	12	収益①（営業口銭）	600000.0	37500.0	795830.0		2,122.2	132.6
202604	230H10600	13	【新築】収益①(営業口銭)	0.0	37500.0	38000.0		101.3	-
202604	230H10600	14	【リフォ】収益①(営業口銭)	600000.0	0.0	757830.0		-	126.3
202604	230H10600	15	【資材】売上原価	26400000.0	26400000.0	37164305.0		140.7	140.7
202604	230H10600	16	収益②（資材）	3600000.0	3600000.0	5825313.0		161.8	161.8
202604	230H10600	17	総収益	4200000.0	3637500.0	6621143.0		182.0	157.6
202604	230H10600	18	総出荷	4000000.0	750000.0	5812200.0		774.9	145.3
202604	230H10600	19	社外売	4000000.0	750000.0	5812200.0	100.0	774.9	145.3
202604	230H10600	20	社内売	0.0	0.0	0.0	0.0	-	-
202604	230H10600	21	社内仕入	268500.0	1480877.0	905908.0		61.1	337.3
202604	230H10600	22	仕掛1	0.0	317677.0	317677.0		100.0	-
202604	230H10600	23	総生産	3731500.0	-1048554.0	4588615.0		-	122.9
202604	230H10600	24	経費合計	12841290.0	9730675.0	11614450.0		119.3	90.4
202604	230H10600	25	経費合計(原価)	6185143.0	3520191.0	4084063.0	35.1	116.0	66.0
202604	230H10600	26	仕掛2	0.0	152065.0	152065.0	3.7	100.0	-
202604	230H10600	27	商品仕入高	2425708.0	1246726.0	2345885.0	57.4	188.1	96.7
202604	230H10600	28	原材料費	0.0	0.0	0.0	0.0	-	-
202604	230H10600	29	外注加工費	2202435.0	1321400.0	1215110.0	29.7	91.9	55.1
202604	230H10600	30	その他 直接経費	1557000.0	800000.0	371003.0	9.0	46.3	23.8
202604	230H10600	31	他勘定振替高	0.0	0.0	0.0	0.0	-	-
202604	230H10600	32	経費合計（販管費）	6656147.0	6210484.0	7530387.0	64.8	121.2	113.1
202604	230H10600	33	減価償却費	0.0	0.0	0.0	0.0	-	-
202604	230H10600	34	車両費	702750.0	702750.0	630094.0	8.3	89.6	89.6
202604	230H10600	35	旅費交通費	780000.0	860000.0	781839.0	10.3	90.9	100.2
202604	230H10600	36	荷造運搬費	2000.0	2000.0	0.0	0.0	0.0	0.0
202604	230H10600	37	通信費	56875.0	58475.0	48606.0	0.6	83.1	85.4
202604	230H10600	38	水道光熱費	45030.0	45030.0	38358.0	0.5	85.1	85.1
202604	230H10600	39	動力費	0.0	0.0	0.0	0.0	-	-
202604	230H10600	40	事務用品費	21045.0	21045.0	26036.0	0.3	123.7	123.7
202604	230H10600	41	消耗品費	5681.0	5681.0	2902.0	0.0	51.0	51.0
202604	230H10600	42	廃棄物処理料	4431.0	4431.0	3408.0	0.0	76.9	76.9
202604	230H10600	43	広告宣伝費	15000.0	15000.0	0.0	0.0	0.0	0.0
202604	230H10600	44	接待交際費	100000.0	40000.0	7283.0	0.0	18.2	7.2
202604	230H10600	45	研究開発費	0.0	0.0	0.0	0.0	-	-
202604	230H10600	46	アフターサービス費	0.0	0.0	0.0	0.0	-	-
202604	230H10600	47	クレーム費	0.0	0.0	0.0	0.0	-	-
202604	230H10600	48	賃借料	711950.0	711950.0	711950.0	9.4	100.0	100.0
202604	230H10600	49	賃貸料収入	0.0	0.0	0.0	0.0	-	-
202604	230H10600	50	修繕費	0.0	137720.0	0.0	0.0	0.0	-
202604	230H10600	51	支払リース料	4168.0	2285.0	1157.0	0.0	50.6	27.7
202604	230H10600	52	保険料	0.0	0.0	831067.0	11.0	-	-
202604	230H10600	53	支払報酬	0.0	0.0	0.0	0.0	-	-
202604	230H10600	54	販売手数料	0.0	0.0	0.0	0.0	-	-
202604	230H10600	55	支払手数料	12000.0	4000.0	4449.0	0.0	111.2	37.0
202604	230H10600	56	診断料	0.0	0.0	0.0	0.0	-	-
202604	230H10600	57	諸会費	500.0	500.0	0.0	0.0	0.0	0.0
202604	230H10600	58	会議費	0.0	0.0	0.0	0.0	-	-
202604	230H10600	59	寄付金	0.0	0.0	0.0	0.0	-	-
202604	230H10600	60	租税公課	20000.0	5000.0	0.0	0.0	0.0	0.0
202604	230H10600	61	業務委託費	0.0	0.0	0.0	0.0	-	-
202604	230H10600	62	業務受託収入	0.0	0.0	0.0	0.0	-	-
202604	230H10600	63	システム管理料	0.0	0.0	0.0	0.0	-	-
202604	230H10600	64	情報機器利用料	820236.0	820236.0	821454.0	10.9	100.1	100.1
202604	230H10600	65	貸倒金	0.0	0.0	0.0	0.0	-	-
202604	230H10600	66	雑費	7618.0	7618.0	4299.0	0.0	56.4	56.4
202604	230H10600	67	福利消耗品費	0.0	0.0	10972.0	0.1	-	-
202604	230H10600	68	教育研修費	18743.0	3743.0	47197.0	0.6	1,260.9	251.8
202604	230H10600	69	廃棄損・減耗損	0.0	0.0	0.0	0.0	-	-
202604	230H10600	70	雑給	0.0	0.0	0.0	0.0	-	-
202604	230H10600	71	社内金利（固定資産）	0.0	0.0	0.0	0.0	-	-
202604	230H10600	72	社内金利（売掛金）	30000.0	25100.0	54639.0	0.7	217.6	182.1
202604	230H10600	73	社内金利（在庫）	0.0	0.0	270.0	0.0	-	-
202604	230H10600	74	営業口銭①（新築）	0.0	37500.0	38000.0	0.5	101.3	-
202604	230H10600	75	営業口銭②（リフォ）	600000.0	0.0	757830.0	10.0	-	126.3
202604	230H10600	76	開発口銭	0.0	0.0	0.0	0.0	-	-
202604	230H10600	77	部門共通（経費）	2420920.0	2423220.0	2431377.0	32.2	100.3	100.4
202604	230H10600	78	グループ共通	277200.0	277200.0	277200.0	3.6	100.0	100.0
202604	230H10600	79	差引収益	-4909790.0	-7141729.0	-404692.0		-	-
202604	230H10600	80	差引比率	-13.0	-24.0	-0.7		-	-
202604	230H10600	81	総時間	3532.75	3317.75	3491.0		105.2	98.8
202604	230H10600	82	定時間	2248.0	2071.0	2193.0	62.8	105.8	97.5
202604	230H10600	83	残業時間	294.0	259.0	313.5	8.9	121.0	106.6
202604	230H10600	84	移動時間	-398.0	-398.0	-406.75	-	-	-
202604	230H10600	85	部門共通（時間）	1388.75	1385.75	1391.25	39.8	100.3	100.1
202604	230H10600	86	当月時間当り	-1389.7	-2152.5	-115.9		-	-
202604	230H10600	87	人員	13.0	13.0	13.0		100.0	100.0
202604	230H30200	1	総出荷	4000000.0	750000.0	5812200.0		774.9	145.3
202604	230H30200	2	社外売	4000000.0	750000.0	5812200.0	100.0	774.9	145.3
202604	230H30200	3	社内売	0.0	0.0	0.0	0.0	-	-
202604	230H30200	4	社内仕入	268500.0	1480877.0	905908.0		61.1	337.3
202604	230H30200	5	仕掛1	0.0	317677.0	317677.0		100.0	-
202604	230H30200	6	総生産	3731500.0	-1048554.0	4588615.0		-	122.9
202604	230H30200	7	経費合計	8390333.0	5285549.0	7220093.0		136.6	86.0
202604	230H30200	8	経費合計(原価)	6185143.0	3520191.0	4084063.0	56.5	116.0	66.0
202604	230H30200	9	仕掛2	0.0	152065.0	152065.0	3.7	100.0	-
202604	230H30200	10	商品仕入高	2425708.0	1246726.0	2345885.0	57.4	188.1	96.7
202604	230H30200	11	原材料費	0.0	0.0	0.0	0.0	-	-
202604	230H30200	12	外注加工費	2202435.0	1321400.0	1215110.0	29.7	91.9	55.1
202604	230H30200	13	その他 直接経費	1557000.0	800000.0	371003.0	9.0	46.3	23.8
202604	230H30200	14	他勘定振替高	0.0	0.0	0.0	0.0	-	-
202604	230H30200	15	経費合計（販管費）	2205190.0	1765358.0	3136030.0	43.4	177.6	142.2
202604	230H30200	16	減価償却費	0.0	0.0	0.0	0.0	-	-
202604	230H30200	17	車両費	373200.0	373200.0	259857.0	8.2	69.6	69.6
202604	230H30200	18	旅費交通費	80000.0	80000.0	129127.0	4.1	161.4	161.4
202604	230H30200	19	荷造運搬費	0.0	0.0	0.0	0.0	-	-
202604	230H30200	20	通信費	9702.0	9702.0	8093.0	0.2	83.4	83.4
202604	230H30200	21	水道光熱費	13504.0	13504.0	11503.0	0.3	85.1	85.1
202604	230H30200	22	動力費	0.0	0.0	0.0	0.0	-	-
202604	230H30200	23	事務用品費	4613.0	4613.0	10645.0	0.3	230.7	230.7
202604	230H30200	24	消耗品費	1704.0	1704.0	870.0	0.0	51.0	51.0
202604	230H30200	25	廃棄物処理料	1329.0	1329.0	1022.0	0.0	76.8	76.8
202604	230H30200	26	広告宣伝費	0.0	0.0	0.0	0.0	-	-
202604	230H30200	27	接待交際費	0.0	0.0	0.0	0.0	-	-
202604	230H30200	28	研究開発費	0.0	0.0	0.0	0.0	-	-
202604	230H30200	29	アフターサービス費	0.0	0.0	0.0	0.0	-	-
202604	230H30200	30	クレーム費	0.0	0.0	0.0	0.0	-	-
202604	230H30200	31	賃借料	213500.0	213500.0	213500.0	6.8	100.0	100.0
202604	230H30200	32	賃貸料収入	0.0	0.0	0.0	0.0	-	-
202604	230H30200	33	修繕費	0.0	137720.0	0.0	0.0	0.0	-
202604	230H30200	34	支払リース料	1250.0	1250.0	347.0	0.0	27.7	27.7
202604	230H30200	35	保険料	0.0	0.0	831006.0	26.4	-	-
202604	230H30200	36	支払報酬	0.0	0.0	0.0	0.0	-	-
202604	230H30200	37	販売手数料	0.0	0.0	0.0	0.0	-	-
202604	230H30200	38	支払手数料	0.0	0.0	0.0	0.0	-	-
202604	230H30200	39	診断料	0.0	0.0	0.0	0.0	-	-
202604	230H30200	40	諸会費	500.0	500.0	0.0	0.0	0.0	0.0
202604	230H30200	41	会議費	0.0	0.0	0.0	0.0	-	-
202604	230H30200	42	寄付金	0.0	0.0	0.0	0.0	-	-
202604	230H30200	43	租税公課	0.0	0.0	0.0	0.0	-	-
202604	230H30200	44	業務委託費	0.0	0.0	0.0	0.0	-	-
202604	230H30200	45	業務受託収入	0.0	0.0	0.0	0.0	-	-
202604	230H30200	46	システム管理料	0.0	0.0	0.0	0.0	-	-
202604	230H30200	47	情報機器利用料	163410.0	163410.0	163410.0	5.2	100.0	100.0
202604	230H30200	48	貸倒金	0.0	0.0	0.0	0.0	-	-
202604	230H30200	49	雑費	485.0	485.0	485.0	0.0	100.0	100.0
202604	230H30200	50	福利消耗品費	0.0	0.0	0.0	0.0	-	-
202604	230H30200	51	教育研修費	15523.0	523.0	522.0	0.0	99.8	3.3
202604	230H30200	52	廃棄損・減耗損	0.0	0.0	0.0	0.0	-	-
202604	230H30200	53	雑給	0.0	0.0	0.0	0.0	-	-
202604	230H30200	54	社内金利（固定資産）	0.0	0.0	0.0	0.0	-	-
202604	230H30200	55	社内金利（売掛金）	0.0	0.0	0.0	0.0	-	-
202604	230H30200	56	社内金利（在庫）	0.0	0.0	0.0	0.0	-	-
202604	230H30200	57	営業口銭①（新築）	0.0	37500.0	38000.0	1.2	101.3	-
202604	230H30200	58	営業口銭②（リフォ）	600000.0	0.0	757830.0	24.1	-	126.3
202604	230H30200	59	開発口銭	0.0	0.0	0.0	0.0	-	-
202604	230H30200	60	部門共通（経費）	650670.0	650618.0	634013.0	20.2	97.4	97.4
202604	230H30200	61	グループ共通	75800.0	75800.0	75800.0	2.4	100.0	100.0
202604	230H30200	62	差引収益	-4658833.0	-6334103.0	-2631478.0		-	-
202604	230H30200	63	差引比率	-124.8	604.0	-57.3		-	-
202604	230H30200	64	総時間	933.75	893.0	901.75		100.9	96.5
202604	230H30200	65	定時間	520.0	480.0	504.0	55.8	105.0	96.9
202604	230H30200	66	残業時間	50.0	50.0	42.5	4.7	85.0	85.0
202604	230H30200	67	移動時間	0.0	0.0	-8.75	-	-	-
202604	230H30200	68	部門共通（時間）	363.75	363.0	364.0	40.3	100.2	100.0
202604	230H30200	69	当月時間当り	-4989.3	-7093.0	-2918.1		-	-
202604	230H30200	70	人員	3.0	3.0	3.0		100.0	100.0
202604	230A10400	1	総受注高	200310000.0	213024000.0	328946252.0		154.4	164.2
202604	230A10400	2	【新築】受注高	0.0	8100000.0	13020000.0	3.9	160.7	-
202604	230A10400	3	【リフォ】受注高	99890000.0	104504000.0	190624047.0	57.9	182.4	190.8
202604	230A10400	4	【資材】受注高	100420000.0	100420000.0	125302205.0	38.0	124.7	124.7
202604	230A10400	5	総売上高	179990000.0	171388081.0	176028245.0		102.7	97.7
202604	230A10400	6	【新築】売上高	0.0	3800000.0	3980000.0	2.2	104.7	-
202604	230A10400	7	【リフォ】売上高	81390000.0	68988081.0	66575348.0	37.8	96.5	81.7
202604	230A10400	8	【資材】売上高	98600000.0	98600000.0	105472897.0	59.9	106.9	106.9
202604	230A10400	9	【新築】インセンティブ	0.0	0.0	0.0	0.0	-	-
202604	230A10400	10	【リフォ】インセンティブ	0.0	0.0	0.0	0.0	-	-
202604	230A10400	11	【資材】インセンティブ	0.0	0.0	0.0	0.0	-	-
202604	230A10400	12	収益①（営業口銭）	12208500.0	10538211.0	10283295.0		97.5	84.2
202604	230A10400	13	【新築】収益①(営業口銭)	0.0	190000.0	297000.0		156.3	-
202604	230A10400	14	【リフォ】収益①(営業口銭)	12208500.0	10348211.0	9986295.0		96.5	81.7
202604	230A10400	15	【資材】売上原価	76541000.0	76541000.0	78303440.0		102.3	102.3
202604	230A10400	16	収益②（資材）	22059000.0	22059000.0	27169457.0		123.1	123.1
202604	230A10400	17	総収益	34267500.0	32597211.0	37452752.0		114.8	109.2
202604	230A10400	18	総出荷	81390000.0	72788081.0	70555348.0		96.9	86.6
202604	230A10400	19	社外売	81390000.0	72788081.0	70555348.0	100.0	96.9	86.6
202604	230A10400	20	社内売	0.0	0.0	0.0	0.0	-	-
202604	230A10400	21	社内仕入	7962000.0	8395106.0	8764889.0		104.4	110.0
202604	230A10400	22	仕掛1	7600570.0	5965977.0	5965977.0		100.0	78.4
202604	230A10400	23	総生産	65827430.0	58426998.0	55824482.0		95.5	84.8
202604	230A10400	24	経費合計	125930510.0	136961130.0	155550943.0		113.5	123.5
202604	230A10400	25	経費合計(原価)	89544000.0	102239965.0	122476567.0	78.7	119.7	136.7
202604	230A10400	26	仕掛2	31286000.0	55743537.0	55743537.0	45.5	100.0	178.1
202604	230A10400	27	商品仕入高	28113000.0	21672078.0	33422784.0	27.2	154.2	118.8
202604	230A10400	28	原材料費	0.0	0.0	0.0	0.0	-	-
202604	230A10400	29	外注加工費	29167700.0	23757250.0	32780777.0	26.7	137.9	112.3
202604	230A10400	30	その他 直接経費	977300.0	1067100.0	529469.0	0.4	49.6	54.1
202604	230A10400	31	他勘定振替高	0.0	0.0	0.0	0.0	-	-
202604	230A10400	32	経費合計（販管費）	36386510.0	34721165.0	33074376.0	21.2	95.2	90.8
202604	230A10400	33	減価償却費	59577.0	59577.0	62276.0	0.1	104.5	104.5
202604	230A10400	34	車両費	3160591.0	3160591.0	3145494.0	9.5	99.5	99.5
202604	230A10400	35	旅費交通費	18000.0	18000.0	86.0	0.0	0.4	0.4
202604	230A10400	36	荷造運搬費	97000.0	97000.0	90427.0	0.2	93.2	93.2
202604	230A10400	37	通信費	389500.0	389500.0	345153.0	1.0	88.6	88.6
202604	230A10400	38	水道光熱費	483000.0	483000.0	409282.0	1.2	84.7	84.7
202604	230A10400	39	動力費	0.0	0.0	0.0	0.0	-	-
202604	230A10400	40	事務用品費	165000.0	165000.0	126466.0	0.3	76.6	76.6
202604	230A10400	41	消耗品費	152000.0	152000.0	105555.0	0.3	69.4	69.4
202604	230A10400	42	廃棄物処理料	306000.0	306000.0	258559.0	0.7	84.4	84.4
202604	230A10400	43	広告宣伝費	70000.0	83000.0	32480.0	0.0	39.1	46.4
202604	230A10400	44	接待交際費	56000.0	56000.0	7554.0	0.0	13.4	13.4
202604	230A10400	45	研究開発費	0.0	0.0	0.0	0.0	-	-
202604	230A10400	46	アフターサービス費	0.0	0.0	0.0	0.0	-	-
202604	230A10400	47	クレーム費	0.0	0.0	0.0	0.0	-	-
202604	230A10400	48	賃借料	2818780.0	2818780.0	2817980.0	8.5	99.9	99.9
202604	230A10400	49	賃貸料収入	0.0	0.0	0.0	0.0	-	-
202604	230A10400	50	修繕費	0.0	0.0	0.0	0.0	-	-
202604	230A10400	51	支払リース料	46600.0	46600.0	33912.0	0.1	72.7	72.7
202604	230A10400	52	保険料	20431.0	20431.0	20745.0	0.0	101.5	101.5
202604	230A10400	53	支払報酬	0.0	0.0	0.0	0.0	-	-
202604	230A10400	54	販売手数料	0.0	0.0	0.0	0.0	-	-
202604	230A10400	55	支払手数料	524200.0	524200.0	445619.0	1.3	85.0	85.0
202604	230A10400	56	診断料	0.0	0.0	0.0	0.0	-	-
202604	230A10400	57	諸会費	7500.0	7500.0	9500.0	0.0	126.6	126.6
202604	230A10400	58	会議費	0.0	0.0	0.0	0.0	-	-
202604	230A10400	59	寄付金	15000.0	13000.0	16910.0	0.0	130.0	112.7
202604	230A10400	60	租税公課	57000.0	57000.0	50101.0	0.1	87.8	87.8
202604	230A10400	61	業務委託費	0.0	0.0	0.0	0.0	-	-
202604	230A10400	62	業務受託収入	0.0	0.0	0.0	0.0	-	-
202604	230A10400	63	システム管理料	0.0	0.0	0.0	0.0	-	-
202604	230A10400	64	情報機器利用料	3614294.0	3614294.0	3643664.0	11.0	100.8	100.8
202604	230A10400	65	貸倒金	0.0	0.0	0.0	0.0	-	-
202604	230A10400	66	雑費	51700.0	51700.0	41978.0	0.1	81.1	81.1
202604	230A10400	67	福利消耗品費	9000.0	9000.0	4250.0	0.0	47.2	47.2
202604	230A10400	68	教育研修費	714300.0	714300.0	367585.0	1.1	51.4	51.4
202604	230A10400	69	廃棄損・減耗損	100000.0	100000.0	7330.0	0.0	7.3	7.3
202604	230A10400	70	雑給	0.0	0.0	0.0	0.0	-	-
202604	230A10400	71	社内金利（固定資産）	17885.0	17885.0	19749.0	0.0	110.4	110.4
202604	230A10400	72	社内金利（売掛金）	143089.0	143089.0	122072.0	0.3	85.3	85.3
202604	230A10400	73	社内金利（在庫）	280770.0	280770.0	354591.0	1.0	126.2	126.2
202604	230A10400	74	営業口銭①（新築）	0.0	190000.0	297000.0	0.8	156.3	-
202604	230A10400	75	営業口銭②（リフォ）	12208500.0	10348211.0	9986295.0	30.1	96.5	81.7
202604	230A10400	76	開発口銭	0.0	0.0	0.0	0.0	-	-
202604	230A10400	77	部門共通（経費）	9114093.0	9108037.0	8565063.0	25.8	94.0	93.9
202604	230A10400	78	グループ共通	1686700.0	1686700.0	1686700.0	5.0	100.0	100.0
202604	230A10400	79	差引収益	-25835580.0	-45936921.0	-62273709.0		-	-
202604	230A10400	80	差引比率	-10.5	-19.9	-26.8		-	-
202604	230A10400	81	総時間	18191.0	18009.25	17721.25		98.4	97.4
202604	230A10400	82	定時間	11220.0	11298.0	10938.75	61.7	96.8	97.4
202604	230A10400	83	残業時間	1364.0	1293.5	1357.0	7.6	104.9	99.4
202604	230A10400	84	移動時間	215.5	135.5	156.0	0.8	115.1	72.3
202604	230A10400	85	部門共通（時間）	5391.5	5282.25	5269.5	29.7	99.7	97.7
202604	230A10400	86	当月時間当り	-1420.2	-2550.7	-3514.0		-	-
202604	230A10400	87	人員	66.0	65.0	66.0		101.5	100.0
202604	100A10100	1	総受注高	86300000.0	102296000.0	131307542.0		128.3	152.1
202604	100A10100	2	【新築】受注高	42000000.0	59300000.0	27200000.0	20.7	45.8	64.7
202604	100A10100	3	【リフォ】受注高	20300000.0	18996000.0	54073131.0	41.1	284.6	266.3
202604	100A10100	4	【資材】受注高	24000000.0	24000000.0	50034411.0	38.1	208.4	208.4
202604	100A10100	5	総売上高	27300000.0	29910000.0	42421491.0		141.8	155.3
202604	100A10100	6	【新築】売上高	0.0	1800000.0	1800000.0	4.2	100.0	-
202604	100A10100	7	【リフォ】売上高	3300000.0	4110000.0	4018070.0	9.4	97.7	121.7
202604	100A10100	8	【資材】売上高	24000000.0	24000000.0	36603421.0	86.2	152.5	152.5
202604	100A10100	9	【新築】インセンティブ	0.0	0.0	0.0	0.0	-	-
202604	100A10100	10	【リフォ】インセンティブ	0.0	0.0	0.0	0.0	-	-
202604	100A10100	11	【資材】インセンティブ	0.0	0.0	0.0	0.0	-	-
202604	100A10100	12	収益①（営業口銭）	495000.0	706500.0	692710.0		98.0	139.9
202604	100A10100	13	【新築】収益①(営業口銭)	0.0	90000.0	90000.0		100.0	-
202604	100A10100	14	【リフォ】収益①(営業口銭)	495000.0	616500.0	602710.0		97.7	121.7
202604	100A10100	15	【資材】売上原価	19842000.0	19842000.0	29868737.0		150.5	150.5
202604	100A10100	16	収益②（資材）	4158000.0	4158000.0	6734684.0		161.9	161.9
202604	100A10100	17	総収益	4653000.0	4864500.0	7427394.0		152.6	159.6
202604	100A10100	18	総出荷	3300000.0	5910000.0	5818070.0		98.4	176.3
202604	100A10100	19	社外売	3300000.0	5910000.0	5818070.0	100.0	98.4	176.3
202604	100A10100	20	社内売	0.0	0.0	0.0	0.0	-	-
202604	100A10100	21	社内仕入	8344424.0	36027995.0	36877352.0		102.3	441.9
202604	100A10100	22	仕掛1	2073136.0	1521573.0	1521573.0		100.0	73.3
202604	100A10100	23	総生産	-7117560.0	-31639568.0	-32580855.0		-	-
202604	100A10100	24	経費合計	97086555.0	58854920.0	93610002.0		159.0	96.4
202604	100A10100	25	経費合計(原価)	86665523.0	49585364.0	84128444.0	89.8	169.6	97.0
202604	100A10100	26	仕掛2	20000787.0	20200945.0	20200945.0	24.0	100.0	101.0
202604	100A10100	27	商品仕入高	42473820.0	13090391.0	49621856.0	58.9	379.0	116.8
202604	100A10100	28	原材料費	0.0	0.0	0.0	0.0	-	-
202604	100A10100	29	外注加工費	24090916.0	16194028.0	14086528.0	16.7	86.9	58.4
202604	100A10100	30	その他 直接経費	100000.0	100000.0	219115.0	0.2	219.1	219.1
202604	100A10100	31	他勘定振替高	0.0	0.0	0.0	0.0	-	-
202604	100A10100	32	経費合計（販管費）	10421032.0	9269556.0	9481558.0	10.1	102.2	90.9
202604	100A10100	33	減価償却費	34950.0	34950.0	34950.0	0.3	100.0	100.0
202604	100A10100	34	車両費	887478.0	887478.0	932815.0	9.8	105.1	105.1
202604	100A10100	35	旅費交通費	750000.0	800000.0	765785.0	8.0	95.7	102.1
202604	100A10100	36	荷造運搬費	26000.0	26000.0	15251.0	0.1	58.6	58.6
202604	100A10100	37	通信費	143454.0	143454.0	139731.0	1.4	97.4	97.4
202604	100A10100	38	水道光熱費	131350.0	131350.0	104823.0	1.1	79.8	79.8
202604	100A10100	39	動力費	0.0	0.0	0.0	0.0	-	-
202604	100A10100	40	事務用品費	37000.0	37000.0	29528.0	0.3	79.8	79.8
202604	100A10100	41	消耗品費	31500.0	31500.0	27196.0	0.2	86.3	86.3
202604	100A10100	42	廃棄物処理料	0.0	0.0	0.0	0.0	-	-
202604	100A10100	43	広告宣伝費	15000.0	15000.0	0.0	0.0	0.0	0.0
202604	100A10100	44	接待交際費	45000.0	45000.0	42181.0	0.4	93.7	93.7
202604	100A10100	45	研究開発費	0.0	0.0	0.0	0.0	-	-
202604	100A10100	46	アフターサービス費	0.0	0.0	0.0	0.0	-	-
202604	100A10100	47	クレーム費	1500000.0	0.0	90250.0	0.9	-	6.0
202604	100A10100	48	賃借料	967808.0	1047708.0	1033361.0	10.8	98.6	106.7
202604	100A10100	49	賃貸料収入	-90000.0	-109900.0	-113191.0	-	-	-
202604	100A10100	50	修繕費	0.0	0.0	0.0	0.0	-	-
202604	100A10100	51	支払リース料	0.0	0.0	0.0	0.0	-	-
202604	100A10100	52	保険料	1512.0	1512.0	1512.0	0.0	100.0	100.0
202604	100A10100	53	支払報酬	0.0	0.0	0.0	0.0	-	-
202604	100A10100	54	販売手数料	0.0	0.0	0.0	0.0	-	-
202604	100A10100	55	支払手数料	60807.0	60807.0	146271.0	1.5	240.5	240.5
202604	100A10100	56	診断料	0.0	0.0	0.0	0.0	-	-
202604	100A10100	57	諸会費	20700.0	20700.0	5575.0	0.0	26.9	26.9
202604	100A10100	58	会議費	0.0	0.0	0.0	0.0	-	-
202604	100A10100	59	寄付金	0.0	0.0	0.0	0.0	-	-
202604	100A10100	60	租税公課	14000.0	14000.0	8100.0	0.0	57.8	57.8
202604	100A10100	61	業務委託費	0.0	0.0	0.0	0.0	-	-
202604	100A10100	62	業務受託収入	0.0	0.0	0.0	0.0	-	-
202604	100A10100	63	システム管理料	0.0	0.0	0.0	0.0	-	-
202604	100A10100	64	情報機器利用料	936130.0	936130.0	967260.0	10.2	103.3	103.3
202604	100A10100	65	貸倒金	0.0	0.0	0.0	0.0	-	-
202604	100A10100	66	雑費	17000.0	17000.0	55575.0	0.5	326.9	326.9
202604	100A10100	67	福利消耗品費	20000.0	20000.0	11735.0	0.1	58.6	58.6
202604	100A10100	68	教育研修費	23245.0	23245.0	5741.0	0.0	24.6	24.6
202604	100A10100	69	廃棄損・減耗損	0.0	0.0	0.0	0.0	-	-
202604	100A10100	70	雑給	0.0	0.0	0.0	0.0	-	-
202604	100A10100	71	社内金利（固定資産）	13000.0	13000.0	11157.0	0.1	85.8	85.8
202604	100A10100	72	社内金利（売掛金）	70000.0	70000.0	83580.0	0.8	119.4	119.4
202604	100A10100	73	社内金利（在庫）	10000.0	10000.0	11598.0	0.1	115.9	115.9
202604	100A10100	74	営業口銭①（新築）	0.0	90000.0	90000.0	0.9	100.0	-
202604	100A10100	75	営業口銭②（リフォ）	495000.0	616500.0	602710.0	6.3	97.7	121.7
202604	100A10100	76	開発口銭	0.0	0.0	0.0	0.0	-	-
202604	100A10100	77	部門共通（経費）	3881898.0	3908922.0	3999864.0	42.1	102.3	103.0
202604	100A10100	78	グループ共通	378200.0	378200.0	378200.0	3.9	100.0	100.0
202604	100A10100	79	差引収益	-99551115.0	-85629988.0	-118763463.0		-	-
202604	100A10100	80	差引比率	-493.2	4950.9	-1206.8		-	-
202604	100A10100	81	総時間	5260.5	5260.5	5395.75		102.5	102.5
202604	100A10100	82	定時間	2560.0	2560.0	2467.0	45.7	96.3	96.3
202604	100A10100	83	残業時間	419.0	419.0	551.75	10.2	131.6	131.6
202604	100A10100	84	移動時間	20.0	35.0	108.25	2.0	309.2	541.2
202604	100A10100	85	部門共通（時間）	2261.5	2246.5	2268.75	42.0	100.9	100.3
202604	100A10100	86	当月時間当り	-18924.2	-16277.9	-22010.5		-	-
202604	100A10100	87	人員	15.0	15.0	14.0		93.3	93.3
202604	230P10100	1	総出荷	0.0	0.0	0.0		-	-
202604	230P10100	2	社外売	0.0	0.0	0.0	-	-	-
202604	230P10100	3	社内売	0.0	0.0	0.0	-	-	-
202604	230P10100	4	社内仕入	0.0	0.0	0.0		-	-
202604	230P10100	5	仕掛1	0.0	0.0	0.0		-	-
202604	230P10100	6	総生産	0.0	0.0	0.0		-	-
202604	230P10100	7	経費合計	0.0	0.0	0.0		-	-
202604	230P10100	8	経費合計(原価)	0.0	0.0	0.0	-	-	-
202604	230P10100	9	仕掛2	0.0	0.0	0.0	-	-	-
202604	230P10100	10	商品仕入高	0.0	0.0	0.0	-	-	-
202604	230P10100	11	原材料費	0.0	0.0	0.0	-	-	-
202604	230P10100	12	外注加工費	0.0	0.0	0.0	-	-	-
202604	230P10100	13	その他 直接経費	0.0	0.0	0.0	-	-	-
202604	230P10100	14	他勘定振替高	0.0	0.0	0.0	-	-	-
202604	230P10100	15	経費合計（販管費）	0.0	0.0	0.0	-	-	-
202604	230P10100	16	減価償却費	0.0	0.0	0.0	-	-	-
202604	230P10100	17	車両費	202000.0	190000.0	195365.0	-	102.8	96.7
202604	230P10100	18	旅費交通費	191600.0	179000.0	152326.0	-	85.0	79.5
202604	230P10100	19	荷造運搬費	0.0	0.0	0.0	-	-	-
202604	230P10100	20	通信費	19762.0	20000.0	17097.0	-	85.4	86.5
202604	230P10100	21	水道光熱費	17000.0	17000.0	11469.0	-	67.4	67.4
202604	230P10100	22	動力費	0.0	0.0	0.0	-	-	-
202604	230P10100	23	事務用品費	5000.0	5000.0	4040.0	-	80.8	80.8
202604	230P10100	24	消耗品費	55000.0	55000.0	55832.0	-	101.5	101.5
202604	230P10100	25	廃棄物処理料	0.0	0.0	0.0	-	-	-
202604	230P10100	26	広告宣伝費	0.0	0.0	0.0	-	-	-
202604	230P10100	27	接待交際費	0.0	0.0	0.0	-	-	-
202604	230P10100	28	研究開発費	0.0	0.0	0.0	-	-	-
202604	230P10100	29	アフターサービス費	0.0	0.0	0.0	-	-	-
202604	230P10100	30	クレーム費	0.0	0.0	0.0	-	-	-
202604	230P10100	31	賃借料	136800.0	136800.0	136800.0	-	100.0	100.0
202604	230P10100	32	賃貸料収入	0.0	0.0	0.0	-	-	-
202604	230P10100	33	修繕費	0.0	0.0	0.0	-	-	-
202604	230P10100	34	支払リース料	0.0	0.0	0.0	-	-	-
202604	230P10100	35	保険料	563.0	563.0	0.0	-	0.0	0.0
202604	230P10100	36	支払報酬	0.0	0.0	0.0	-	-	-
202604	230P10100	37	販売手数料	0.0	0.0	0.0	-	-	-
202604	230P10100	38	支払手数料	12956.0	12956.0	6868.0	-	53.0	53.0
202604	230P10100	39	診断料	0.0	0.0	0.0	-	-	-
202604	230P10100	40	諸会費	40000.0	40000.0	40000.0	-	100.0	100.0
202604	230P10100	41	会議費	0.0	0.0	0.0	-	-	-
202604	230P10100	42	寄付金	0.0	0.0	0.0	-	-	-
202604	230P10100	43	租税公課	0.0	0.0	0.0	-	-	-
202604	230P10100	44	業務委託費	0.0	0.0	0.0	-	-	-
202604	230P10100	45	業務受託収入	-15000.0	-15000.0	-15000.0	-	-	-
202604	230P10100	46	システム管理料	0.0	0.0	0.0	-	-	-
202604	230P10100	47	情報機器利用料	336594.0	336594.0	336594.0	-	100.0	100.0
202604	230P10100	48	貸倒金	0.0	0.0	0.0	-	-	-
202604	230P10100	49	雑費	1053.0	1053.0	958.0	-	90.9	90.9
202604	230P10100	50	福利消耗品費	0.0	0.0	0.0	-	-	-
202604	230P10100	51	教育研修費	3400.0	3400.0	3550.0	-	104.4	104.4
202604	230P10100	52	廃棄損・減耗損	0.0	0.0	0.0	-	-	-
202604	230P10100	53	雑給	0.0	0.0	0.0	-	-	-
202604	230P10100	54	社内金利（固定資産）	0.0	0.0	0.0	-	-	-
202604	230P10100	55	社内金利（売掛金）	0.0	0.0	0.0	-	-	-
202604	230P10100	56	社内金利（在庫）	0.0	0.0	0.0	-	-	-
202604	230P10100	57	営業口銭①（新築）	0.0	0.0	0.0	-	-	-
202604	230P10100	58	営業口銭②（リフォ）	0.0	0.0	0.0	-	-	-
202604	230P10100	59	開発口銭	0.0	0.0	0.0	-	-	-
202604	230P10100	60	部門共通（経費）	-1208128.0	-1183766.0	-1147299.0	-	-	-
202604	230P10100	61	グループ共通	201400.0	201400.0	201400.0	-	100.0	100.0
202604	230P10100	62	差引収益	0.0	0.0	0.0		-	-
202604	230P10100	63	差引比率	0.0	0.0	0.0		-	-
202604	230P10100	64	総時間	0.0	0.0	0.0		-	-
202604	230P10100	65	定時間	1454.0	1454.0	1457.5	-	100.2	100.2
202604	230P10100	66	残業時間	189.0	179.0	185.75	-	103.7	98.2
202604	230P10100	67	移動時間	-10.5	-10.5	-10.5	-	-	-
202604	230P10100	68	部門共通（時間）	-1632.5	-1622.5	-1632.75	-	-	-
202604	230P10100	69	当月時間当り	0.0	0.0	0.0		-	-
202604	230P10100	70	人員	9.0	9.0	9.0		100.0	100.0
202604	220C10100	1	総受注高	55100000.0	115555000.0	161584813.0		139.8	293.2
202604	220C10100	2	【新築】受注高	0.0	10250000.0	6550000.0	4.0	63.9	-
202604	220C10100	3	【リフォ】受注高	24600000.0	74805000.0	110798789.0	68.5	148.1	450.4
202604	220C10100	4	【資材】受注高	30500000.0	30500000.0	44236024.0	27.3	145.0	145.0
202604	220C10100	5	総売上高	46400000.0	42569091.0	40699309.0		95.6	87.7
202604	220C10100	6	【新築】売上高	0.0	0.0	0.0	0.0	-	-
202604	220C10100	7	【リフォ】売上高	12400000.0	8569091.0	3305819.0	8.1	38.5	26.6
202604	220C10100	8	【資材】売上高	34000000.0	34000000.0	37393490.0	91.8	109.9	109.9
202604	220C10100	9	【新築】インセンティブ	0.0	0.0	0.0	0.0	-	-
202604	220C10100	10	【リフォ】インセンティブ	0.0	0.0	0.0	0.0	-	-
202604	220C10100	11	【資材】インセンティブ	0.0	0.0	0.0	0.0	-	-
202604	220C10100	12	収益①（営業口銭）	1860000.0	1285363.0	495871.0		38.5	26.6
202604	220C10100	13	【新築】収益①(営業口銭)	0.0	0.0	0.0		-	-
202604	220C10100	14	【リフォ】収益①(営業口銭)	1860000.0	1285363.0	495871.0		38.5	26.6
202604	220C10100	15	【資材】売上原価	26600000.0	26600000.0	29750460.0		111.8	111.8
202604	220C10100	16	収益②（資材）	7400000.0	7400000.0	7643030.0		103.2	103.2
202604	220C10100	17	総収益	9260000.0	8685363.0	8138901.0		93.7	87.8
202604	220C10100	18	経費合計	4925044.0	5171110.0	4774469.0		92.3	96.9
202604	220C10100	19	減価償却費	21051.0	21051.0	21051.0	0.4	100.0	100.0
202604	220C10100	20	車両費	782730.0	900680.0	785940.0	16.4	87.2	100.4
202604	220C10100	21	旅費交通費	316250.0	291250.0	232227.0	4.8	79.7	73.4
202604	220C10100	22	荷造運搬費	3000.0	3000.0	2730.0	0.0	91.0	91.0
202604	220C10100	23	通信費	88265.0	90067.0	84490.0	1.7	93.8	95.7
202604	220C10100	24	水道光熱費	56000.0	56000.0	42457.0	0.8	75.8	75.8
202604	220C10100	25	動力費	0.0	0.0	0.0	0.0	-	-
202604	220C10100	26	事務用品費	42500.0	42500.0	25657.0	0.5	60.3	60.3
202604	220C10100	27	消耗品費	25000.0	25000.0	8702.0	0.1	34.8	34.8
202604	220C10100	28	廃棄物処理料	26200.0	26200.0	17060.0	0.3	65.1	65.1
202604	220C10100	29	広告宣伝費	0.0	0.0	0.0	0.0	-	-
202604	220C10100	30	接待交際費	35000.0	5000.0	16273.0	0.3	325.4	46.4
202604	220C10100	31	研究開発費	0.0	0.0	0.0	0.0	-	-
202604	220C10100	32	アフターサービス費	0.0	0.0	0.0	0.0	-	-
202604	220C10100	33	クレーム費	0.0	60000.0	0.0	0.0	0.0	-
202604	220C10100	34	賃借料	858000.0	880000.0	858000.0	17.9	97.5	100.0
202604	220C10100	35	賃貸料収入	-32240.0	-32240.0	-32240.0	-	-	-
202604	220C10100	36	修繕費	0.0	0.0	0.0	0.0	-	-
202604	220C10100	37	支払リース料	6720.0	6720.0	6720.0	0.1	100.0	100.0
202604	220C10100	38	保険料	2747.0	2747.0	2657.0	0.0	96.7	96.7
202604	220C10100	39	支払報酬	0.0	0.0	0.0	0.0	-	-
202604	220C10100	40	販売手数料	0.0	0.0	0.0	0.0	-	-
202604	220C10100	41	支払手数料	43460.0	43460.0	51218.0	1.0	117.8	117.8
202604	220C10100	42	診断料	0.0	0.0	0.0	0.0	-	-
202604	220C10100	43	諸会費	2350.0	2350.0	2350.0	0.0	100.0	100.0
202604	220C10100	44	会議費	0.0	0.0	0.0	0.0	-	-
202604	220C10100	45	寄付金	5000.0	5000.0	5000.0	0.1	100.0	100.0
202604	220C10100	46	租税公課	18000.0	18000.0	25700.0	0.5	142.7	142.7
202604	220C10100	47	業務委託費	0.0	0.0	0.0	0.0	-	-
202604	220C10100	48	業務受託収入	0.0	0.0	0.0	0.0	-	-
202604	220C10100	49	システム管理料	0.0	0.0	0.0	0.0	-	-
202604	220C10100	50	情報機器利用料	591280.0	593200.0	592072.0	12.4	99.8	100.1
202604	220C10100	51	貸倒金	0.0	0.0	0.0	0.0	-	-
202604	220C10100	52	雑費	31240.0	31240.0	35664.0	0.7	114.1	114.1
202604	220C10100	53	福利消耗品費	0.0	36295.0	19237.0	0.4	53.0	-
202604	220C10100	54	教育研修費	2871.0	2871.0	2871.0	0.0	100.0	100.0
202604	220C10100	55	廃棄損・減耗損	0.0	60861.0	0.0	0.0	0.0	-
202604	220C10100	56	雑給	0.0	0.0	0.0	0.0	-	-
202604	220C10100	57	社内金利（固定資産）	6967.0	6967.0	6967.0	0.1	100.0	100.0
202604	220C10100	58	社内金利（売掛金）	25033.0	25033.0	15927.0	0.3	63.6	63.6
202604	220C10100	59	社内金利（在庫）	28582.0	28582.0	70603.0	1.4	247.0	247.0
202604	220C10100	60	開発口銭	0.0	0.0	0.0	0.0	-	-
202604	220C10100	61	部門共通（経費）	1662638.0	1662876.0	1598736.0	33.4	96.1	96.1
202604	220C10100	62	グループ共通	276400.0	276400.0	276400.0	5.7	100.0	100.0
202604	220C10100	63	差引収益	4334956.0	3514253.0	3364432.0		95.7	77.6
202604	220C10100	64	差引比率	9.3	8.2	8.2		100.0	88.1
202604	220C10100	65	総時間	2846.0	2980.25	3067.0		102.9	107.7
202604	220C10100	66	定時間	1659.5	1762.5	1741.5	56.7	98.8	104.9
202604	220C10100	67	残業時間	234.0	259.0	358.0	11.6	138.2	152.9
202604	220C10100	68	移動時間	-92.0	-78.0	-76.0	-	-	-
202604	220C10100	69	部門共通（時間）	1044.5	1036.75	1043.5	34.0	100.6	99.9
202604	220C10100	70	当月時間当り	1523.1	1179.1	1096.9		93.0	72.0
202604	220C10100	71	人員	10.0	10.0	10.0		100.0	100.0
202604	220C10200	1	総受注高	55100000.0	115555000.0	161584813.0		139.8	293.2
202604	220C10200	2	【新築】受注高	0.0	10250000.0	6550000.0	4.0	63.9	-
202604	220C10200	3	【リフォ】受注高	24600000.0	74805000.0	110798789.0	68.5	148.1	450.4
202604	220C10200	4	【資材】受注高	30500000.0	30500000.0	44236024.0	27.3	145.0	145.0
202604	220C10200	5	総売上高	46400000.0	42569091.0	40699309.0		95.6	87.7
202604	220C10200	6	【新築】売上高	0.0	0.0	0.0	0.0	-	-
202604	220C10200	7	【リフォ】売上高	12400000.0	8569091.0	3305819.0	8.1	38.5	26.6
202604	220C10200	8	【資材】売上高	34000000.0	34000000.0	37393490.0	91.8	109.9	109.9
202604	220C10200	9	【新築】インセンティブ	0.0	0.0	0.0	0.0	-	-
202604	220C10200	10	【リフォ】インセンティブ	0.0	0.0	0.0	0.0	-	-
202604	220C10200	11	【資材】インセンティブ	0.0	0.0	0.0	0.0	-	-
202604	220C10200	12	収益①（営業口銭）	1860000.0	1285363.0	495871.0		38.5	26.6
202604	220C10200	13	【新築】収益①(営業口銭)	0.0	0.0	0.0		-	-
202604	220C10200	14	【リフォ】収益①(営業口銭)	1860000.0	1285363.0	495871.0		38.5	26.6
202604	220C10200	15	【資材】売上原価	26600000.0	26600000.0	29750460.0		111.8	111.8
202604	220C10200	16	収益②（資材）	7400000.0	7400000.0	7643030.0		103.2	103.2
202604	220C10200	17	総収益	9260000.0	8685363.0	8138901.0		93.7	87.8
202604	220C10200	18	総出荷	12400000.0	8569091.0	3305819.0		38.5	26.6
202604	220C10200	19	社外売	12400000.0	8569091.0	3305819.0	100.0	38.5	26.6
202604	220C10200	20	社内売	0.0	0.0	0.0	0.0	-	-
202604	220C10200	21	社内仕入	430560.0	1426482.0	3101190.0		217.4	720.2
202604	220C10200	22	仕掛1	18507041.0	18835669.0	18835669.0		100.0	101.7
202604	220C10200	23	総生産	-6537601.0	-11693060.0	-18631040.0		-	-
202604	220C10200	24	経費合計	144517056.0	161742452.0	166648946.0		103.0	115.3
202604	220C10200	25	経費合計(原価)	136185844.0	153721901.0	159800688.0	95.8	103.9	117.3
202604	220C10200	26	仕掛2	130388764.0	136840204.0	136840204.0	85.6	100.0	104.9
202604	220C10200	27	商品仕入高	2118080.0	2338307.0	4484217.0	2.8	191.7	211.7
202604	220C10200	28	原材料費	0.0	0.0	0.0	0.0	-	-
202604	220C10200	29	外注加工費	3568000.0	14227590.0	18197365.0	11.3	127.9	510.0
202604	220C10200	30	その他 直接経費	111000.0	315800.0	278902.0	0.1	88.3	251.2
202604	220C10200	31	他勘定振替高	0.0	0.0	0.0	0.0	-	-
202604	220C10200	32	経費合計（販管費）	8331212.0	8020551.0	6848258.0	4.1	85.3	82.2
202604	220C10200	33	減価償却費	53341.0	21051.0	21051.0	0.3	100.0	39.4
202604	220C10200	34	車両費	1076907.0	1225637.0	1104239.0	16.1	90.0	102.5
202604	220C10200	35	旅費交通費	416250.0	410250.0	390046.0	5.6	95.0	93.7
202604	220C10200	36	荷造運搬費	13000.0	13000.0	4290.0	0.0	33.0	33.0
202604	220C10200	37	通信費	99209.0	101011.0	95386.0	1.3	94.4	96.1
202604	220C10200	38	水道光熱費	66360.0	66360.0	51916.0	0.7	78.2	78.2
202604	220C10200	39	動力費	0.0	0.0	0.0	0.0	-	-
202604	220C10200	40	事務用品費	48300.0	48300.0	30543.0	0.4	63.2	63.2
202604	220C10200	41	消耗品費	37000.0	37000.0	19519.0	0.2	52.7	52.7
202604	220C10200	42	廃棄物処理料	26200.0	26200.0	85300.0	1.2	325.5	325.5
202604	220C10200	43	広告宣伝費	0.0	0.0	0.0	0.0	-	-
202604	220C10200	44	接待交際費	35000.0	5000.0	16273.0	0.2	325.4	46.4
202604	220C10200	45	研究開発費	0.0	0.0	0.0	0.0	-	-
202604	220C10200	46	アフターサービス費	0.0	0.0	0.0	0.0	-	-
202604	220C10200	47	クレーム費	0.0	60000.0	0.0	0.0	0.0	-
202604	220C10200	48	賃借料	1009640.0	1037200.0	1015200.0	14.8	97.8	100.5
202604	220C10200	49	賃貸料収入	-32240.0	-26680.0	-37800.0	-	-	-
202604	220C10200	50	修繕費	0.0	0.0	0.0	0.0	-	-
202604	220C10200	51	支払リース料	8400.0	8400.0	8400.0	0.1	100.0	100.0
202604	220C10200	52	保険料	2747.0	2747.0	2657.0	0.0	96.7	96.7
202604	220C10200	53	支払報酬	0.0	0.0	0.0	0.0	-	-
202604	220C10200	54	販売手数料	0.0	0.0	0.0	0.0	-	-
202604	220C10200	55	支払手数料	46700.0	46700.0	54458.0	0.7	116.6	116.6
202604	220C10200	56	診断料	0.0	0.0	0.0	0.0	-	-
202604	220C10200	57	諸会費	2850.0	2850.0	2850.0	0.0	100.0	100.0
202604	220C10200	58	会議費	0.0	0.0	0.0	0.0	-	-
202604	220C10200	59	寄付金	5000.0	5000.0	5000.0	0.0	100.0	100.0
202604	220C10200	60	租税公課	18000.0	18000.0	25700.0	0.3	142.7	142.7
202604	220C10200	61	業務委託費	0.0	0.0	0.0	0.0	-	-
202604	220C10200	62	業務受託収入	0.0	0.0	0.0	0.0	-	-
202604	220C10200	63	システム管理料	0.0	0.0	0.0	0.0	-	-
202604	220C10200	64	情報機器利用料	755380.0	751450.0	755482.0	11.0	100.5	100.0
202604	220C10200	65	貸倒金	0.0	0.0	0.0	0.0	-	-
202604	220C10200	66	雑費	31800.0	31800.0	36384.0	0.5	114.4	114.4
202604	220C10200	67	福利消耗品費	5100.0	36295.0	19237.0	0.2	53.0	377.1
202604	220C10200	68	教育研修費	2871.0	2871.0	2871.0	0.0	100.0	100.0
202604	220C10200	69	廃棄損・減耗損	0.0	60861.0	0.0	0.0	0.0	-
202604	220C10200	70	雑給	0.0	0.0	0.0	0.0	-	-
202604	220C10200	71	社内金利（固定資産）	6967.0	6967.0	6967.0	0.1	100.0	100.0
202604	220C10200	72	社内金利（売掛金）	25033.0	25033.0	15927.0	0.2	63.6	63.6
202604	220C10200	73	社内金利（在庫）	28582.0	28582.0	70603.0	1.0	247.0	247.0
202604	220C10200	74	営業口銭①（新築）	0.0	0.0	0.0	0.0	-	-
202604	220C10200	75	営業口銭②（リフォ）	1860000.0	1285363.0	495871.0	7.2	38.5	26.6
202604	220C10200	76	開発口銭	0.0	0.0	0.0	0.0	-	-
202604	220C10200	77	部門共通（経費）	2330615.0	2331103.0	2197688.0	32.0	94.2	94.2
202604	220C10200	78	グループ共通	352200.0	352200.0	352200.0	5.1	100.0	100.0
202604	220C10200	79	差引収益	-141794657.0	-164750149.0	-177141085.0		-	-
202604	220C10200	80	差引比率	-355.7	-533.5	-802.6		-	-
202604	220C10200	81	総時間	4024.25	4149.25	4273.5		102.9	106.1
202604	220C10200	82	定時間	2143.5	2237.5	2223.75	52.0	99.3	103.7
202604	220C10200	83	残業時間	325.0	350.0	476.5	11.1	136.1	146.6
202604	220C10200	84	移動時間	146.0	160.0	162.0	3.7	101.2	110.9
202604	220C10200	85	部門共通（時間）	1409.75	1401.75	1411.25	33.0	100.6	100.1
202604	220C10200	86	当月時間当り	-35235.0	-39706.0	-41451.0		-	-
202604	220C10200	87	人員	13.0	13.0	13.0		100.0	100.0
202604	220C30101	1	総出荷	12400000.0	8569091.0	3305819.0		38.5	26.6
202604	220C30101	2	社外売	12400000.0	8569091.0	3305819.0	100.0	38.5	26.6
202604	220C30101	3	社内売	0.0	0.0	0.0	0.0	-	-
202604	220C30101	4	社内仕入	430560.0	1426482.0	3101190.0		217.4	720.2
202604	220C30101	5	仕掛1	18507041.0	18835669.0	18835669.0		100.0	101.7
202604	220C30101	6	総生産	-6537601.0	-11693060.0	-18631040.0		-	-
202604	220C30101	7	経費合計	139592012.0	156571342.0	161874477.0		103.3	115.9
202604	220C30101	8	経費合計(原価)	136185844.0	153721901.0	159800688.0	98.7	103.9	117.3
202604	220C30101	9	仕掛2	130388764.0	136840204.0	136840204.0	85.6	100.0	104.9
202604	220C30101	10	商品仕入高	2118080.0	2338307.0	4484217.0	2.8	191.7	211.7
202604	220C30101	11	原材料費	0.0	0.0	0.0	0.0	-	-
202604	220C30101	12	外注加工費	3568000.0	14227590.0	18197365.0	11.3	127.9	510.0
202604	220C30101	13	その他 直接経費	111000.0	315800.0	278902.0	0.1	88.3	251.2
202604	220C30101	14	他勘定振替高	0.0	0.0	0.0	0.0	-	-
202604	220C30101	15	経費合計（販管費）	3406168.0	2849441.0	2073789.0	1.2	72.7	60.8
202604	220C30101	16	減価償却費	32290.0	0.0	0.0	0.0	-	0.0
202604	220C30101	17	車両費	294177.0	324957.0	318299.0	15.3	97.9	108.1
202604	220C30101	18	旅費交通費	100000.0	119000.0	157819.0	7.6	132.6	157.8
202604	220C30101	19	荷造運搬費	10000.0	10000.0	1560.0	0.0	15.6	15.6
202604	220C30101	20	通信費	10944.0	10944.0	10896.0	0.5	99.5	99.5
202604	220C30101	21	水道光熱費	10360.0	10360.0	9459.0	0.4	91.3	91.3
202604	220C30101	22	動力費	0.0	0.0	0.0	0.0	-	-
202604	220C30101	23	事務用品費	5800.0	5800.0	4886.0	0.2	84.2	84.2
202604	220C30101	24	消耗品費	12000.0	12000.0	10817.0	0.5	90.1	90.1
202604	220C30101	25	廃棄物処理料	0.0	0.0	68240.0	3.2	-	-
202604	220C30101	26	広告宣伝費	0.0	0.0	0.0	0.0	-	-
202604	220C30101	27	接待交際費	0.0	0.0	0.0	0.0	-	-
202604	220C30101	28	研究開発費	0.0	0.0	0.0	0.0	-	-
202604	220C30101	29	アフターサービス費	0.0	0.0	0.0	0.0	-	-
202604	220C30101	30	クレーム費	0.0	0.0	0.0	0.0	-	-
202604	220C30101	31	賃借料	151640.0	157200.0	157200.0	7.5	100.0	103.6
202604	220C30101	32	賃貸料収入	0.0	5560.0	-5560.0	-	-	-
202604	220C30101	33	修繕費	0.0	0.0	0.0	0.0	-	-
202604	220C30101	34	支払リース料	1680.0	1680.0	1680.0	0.0	100.0	100.0
202604	220C30101	35	保険料	0.0	0.0	0.0	0.0	-	-
202604	220C30101	36	支払報酬	0.0	0.0	0.0	0.0	-	-
202604	220C30101	37	販売手数料	0.0	0.0	0.0	0.0	-	-
202604	220C30101	38	支払手数料	3240.0	3240.0	3240.0	0.1	100.0	100.0
202604	220C30101	39	診断料	0.0	0.0	0.0	0.0	-	-
202604	220C30101	40	諸会費	500.0	500.0	500.0	0.0	100.0	100.0
202604	220C30101	41	会議費	0.0	0.0	0.0	0.0	-	-
202604	220C30101	42	寄付金	0.0	0.0	0.0	0.0	-	-
202604	220C30101	43	租税公課	0.0	0.0	0.0	0.0	-	-
202604	220C30101	44	業務委託費	0.0	0.0	0.0	0.0	-	-
202604	220C30101	45	業務受託収入	0.0	0.0	0.0	0.0	-	-
202604	220C30101	46	システム管理料	0.0	0.0	0.0	0.0	-	-
202604	220C30101	47	情報機器利用料	164100.0	158250.0	163410.0	7.8	103.2	99.5
202604	220C30101	48	貸倒金	0.0	0.0	0.0	0.0	-	-
202604	220C30101	49	雑費	560.0	560.0	720.0	0.0	128.5	128.5
202604	220C30101	50	福利消耗品費	5100.0	0.0	0.0	0.0	-	0.0
202604	220C30101	51	教育研修費	0.0	0.0	0.0	0.0	-	-
202604	220C30101	52	廃棄損・減耗損	0.0	0.0	0.0	0.0	-	-
202604	220C30101	53	雑給	0.0	0.0	0.0	0.0	-	-
202604	220C30101	54	社内金利（固定資産）	0.0	0.0	0.0	0.0	-	-
202604	220C30101	55	社内金利（売掛金）	0.0	0.0	0.0	0.0	-	-
202604	220C30101	56	社内金利（在庫）	0.0	0.0	0.0	0.0	-	-
202604	220C30101	57	営業口銭①（新築）	0.0	0.0	0.0	0.0	-	-
202604	220C30101	58	営業口銭②（リフォ）	1860000.0	1285363.0	495871.0	23.9	38.5	26.6
202604	220C30101	59	開発口銭	0.0	0.0	0.0	0.0	-	-
202604	220C30101	60	部門共通（経費）	667977.0	668227.0	598952.0	28.8	89.6	89.6
202604	220C30101	61	グループ共通	75800.0	75800.0	75800.0	3.6	100.0	100.0
202604	220C30101	62	差引収益	-146129613.0	-168264402.0	-180505517.0		-	-
202604	220C30101	63	差引比率	2235.2	1439.0	968.8		67.3	43.3
202604	220C30101	64	総時間	1178.25	1169.0	1206.5		103.2	102.3
202604	220C30101	65	定時間	484.0	475.0	482.25	39.9	101.5	99.6
202604	220C30101	66	残業時間	91.0	91.0	118.5	9.8	130.2	130.2
202604	220C30101	67	移動時間	238.0	238.0	238.0	19.7	100.0	100.0
202604	220C30101	68	部門共通（時間）	365.25	365.0	367.75	30.4	100.7	100.6
202604	220C30101	69	当月時間当り	-124022.5	-143938.7	-149610.8		-	-
202604	220C30101	70	人員	3.0	3.0	3.0		100.0	100.0
202604	230A10200	1	総受注高	57400000.0	39540000.0	91396210.0		231.1	159.2
202604	230A10200	2	【新築】受注高	0.0	0.0	5340000.0	5.8	-	-
202604	230A10200	3	【リフォ】受注高	31400000.0	13540000.0	58826255.0	64.3	434.4	187.3
202604	230A10200	4	【資材】受注高	26000000.0	26000000.0	27229955.0	29.7	104.7	104.7
202604	230A10200	5	総売上高	45000000.0	44165000.0	41388736.0		93.7	91.9
202604	230A10200	6	【新築】売上高	0.0	0.0	0.0	0.0	-	-
202604	230A10200	7	【リフォ】売上高	23000000.0	22165000.0	20709503.0	50.0	93.4	90.0
202604	230A10200	8	【資材】売上高	22000000.0	22000000.0	20679233.0	49.9	93.9	93.9
202604	230A10200	9	【新築】インセンティブ	0.0	0.0	0.0	0.0	-	-
202604	230A10200	10	【リフォ】インセンティブ	0.0	0.0	0.0	0.0	-	-
202604	230A10200	11	【資材】インセンティブ	0.0	0.0	0.0	0.0	-	-
202604	230A10200	12	収益①（営業口銭）	3450000.0	3324750.0	3106424.0		93.4	90.0
202604	230A10200	13	【新築】収益①(営業口銭)	0.0	0.0	0.0		-	-
202604	230A10200	14	【リフォ】収益①(営業口銭)	3450000.0	3324750.0	3106424.0		93.4	90.0
202604	230A10200	15	【資材】売上原価	17160000.0	17160000.0	14588382.0		85.0	85.0
202604	230A10200	16	収益②（資材）	4840000.0	4840000.0	6090851.0		125.8	125.8
202604	230A10200	17	総収益	8290000.0	8164750.0	9197275.0		112.6	110.9
202604	230A10200	18	経費合計	4735401.0	4734316.0	4618109.0		97.5	97.5
202604	230A10200	19	減価償却費	689.0	689.0	689.0	0.0	100.0	100.0
202604	230A10200	20	車両費	608600.0	608600.0	653966.0	14.1	107.4	107.4
202604	230A10200	21	旅費交通費	15000.0	15000.0	0.0	0.0	0.0	0.0
202604	230A10200	22	荷造運搬費	40000.0	40000.0	38249.0	0.8	95.6	95.6
202604	230A10200	23	通信費	95000.0	95000.0	86643.0	1.8	91.2	91.2
202604	230A10200	24	水道光熱費	120000.0	120000.0	104025.0	2.2	86.6	86.6
202604	230A10200	25	動力費	0.0	0.0	0.0	0.0	-	-
202604	230A10200	26	事務用品費	50000.0	50000.0	15907.0	0.3	31.8	31.8
202604	230A10200	27	消耗品費	50000.0	50000.0	44811.0	0.9	89.6	89.6
202604	230A10200	28	廃棄物処理料	30000.0	30000.0	110147.0	2.3	367.1	367.1
202604	230A10200	29	広告宣伝費	15000.0	15000.0	5000.0	0.1	33.3	33.3
202604	230A10200	30	接待交際費	30000.0	30000.0	1850.0	0.0	6.1	6.1
202604	230A10200	31	研究開発費	0.0	0.0	0.0	0.0	-	-
202604	230A10200	32	アフターサービス費	0.0	0.0	0.0	0.0	-	-
202604	230A10200	33	クレーム費	0.0	0.0	0.0	0.0	-	-
202604	230A10200	34	賃借料	499200.0	499200.0	499200.0	10.8	100.0	100.0
202604	230A10200	35	賃貸料収入	0.0	0.0	0.0	0.0	-	-
202604	230A10200	36	修繕費	0.0	0.0	0.0	0.0	-	-
202604	230A10200	37	支払リース料	6970.0	6970.0	6560.0	0.1	94.1	94.1
202604	230A10200	38	保険料	5007.0	5007.0	5007.0	0.1	100.0	100.0
202604	230A10200	39	支払報酬	0.0	0.0	0.0	0.0	-	-
202604	230A10200	40	販売手数料	0.0	0.0	0.0	0.0	-	-
202604	230A10200	41	支払手数料	38000.0	38000.0	34655.0	0.7	91.1	91.1
202604	230A10200	42	診断料	0.0	0.0	0.0	0.0	-	-
202604	230A10200	43	諸会費	0.0	0.0	500.0	0.0	-	-
202604	230A10200	44	会議費	0.0	0.0	0.0	0.0	-	-
202604	230A10200	45	寄付金	10000.0	10000.0	10000.0	0.2	100.0	100.0
202604	230A10200	46	租税公課	10000.0	10000.0	2600.0	0.0	26.0	26.0
202604	230A10200	47	業務委託費	0.0	0.0	0.0	0.0	-	-
202604	230A10200	48	業務受託収入	0.0	0.0	0.0	0.0	-	-
202604	230A10200	49	システム管理料	0.0	0.0	0.0	0.0	-	-
202604	230A10200	50	情報機器利用料	787296.0	787296.0	787296.0	17.0	100.0	100.0
202604	230A10200	51	貸倒金	0.0	0.0	0.0	0.0	-	-
202604	230A10200	52	雑費	11000.0	11000.0	8072.0	0.1	73.3	73.3
202604	230A10200	53	福利消耗品費	0.0	0.0	0.0	0.0	-	-
202604	230A10200	54	教育研修費	57000.0	57000.0	7646.0	0.1	13.4	13.4
202604	230A10200	55	廃棄損・減耗損	0.0	0.0	0.0	0.0	-	-
202604	230A10200	56	雑給	0.0	0.0	0.0	0.0	-	-
202604	230A10200	57	社内金利（固定資産）	555.0	555.0	555.0	0.0	100.0	100.0
202604	230A10200	58	社内金利（売掛金）	21089.0	21089.0	28082.0	0.6	133.1	133.1
202604	230A10200	59	社内金利（在庫）	123770.0	123770.0	123499.0	2.6	99.7	99.7
202604	230A10200	60	開発口銭	0.0	0.0	0.0	0.0	-	-
202604	230A10200	61	部門共通（経費）	1759025.0	1757940.0	1690950.0	36.6	96.1	96.1
202604	230A10200	62	グループ共通	352200.0	352200.0	352200.0	7.6	100.0	100.0
202604	230A10200	63	差引収益	3554599.0	3430434.0	4579166.0		133.4	128.8
202604	230A10200	64	差引比率	7.8	7.7	11.0		142.8	141.0
202604	230A10200	65	総時間	3801.5	3774.25	3489.0		92.4	91.7
202604	230A10200	66	定時間	2536.0	2536.0	2352.25	67.4	92.7	92.7
202604	230A10200	67	残業時間	305.0	305.0	202.25	5.7	66.3	66.3
202604	230A10200	68	移動時間	-119.0	-119.0	-115.5	-	-	-
202604	230A10200	69	部門共通（時間）	1079.5	1052.25	1050.0	30.0	99.7	97.2
202604	230A10200	70	当月時間当り	935.0	908.9	1312.4		144.3	140.3
202604	230A10200	71	人員	14.0	14.0	14.0		100.0	100.0
202604	230A10300	1	総受注高	57400000.0	39540000.0	91396210.0		231.1	159.2
202604	230A10300	2	【新築】受注高	0.0	0.0	5340000.0	5.8	-	-
202604	230A10300	3	【リフォ】受注高	31400000.0	13540000.0	58826255.0	64.3	434.4	187.3
202604	230A10300	4	【資材】受注高	26000000.0	26000000.0	27229955.0	29.7	104.7	104.7
202604	230A10300	5	総売上高	45000000.0	44165000.0	41388736.0		93.7	91.9
202604	230A10300	6	【新築】売上高	0.0	0.0	0.0	0.0	-	-
202604	230A10300	7	【リフォ】売上高	23000000.0	22165000.0	20709503.0	50.0	93.4	90.0
202604	230A10300	8	【資材】売上高	22000000.0	22000000.0	20679233.0	49.9	93.9	93.9
202604	230A10300	9	【新築】インセンティブ	0.0	0.0	0.0	0.0	-	-
202604	230A10300	10	【リフォ】インセンティブ	0.0	0.0	0.0	0.0	-	-
202604	230A10300	11	【資材】インセンティブ	0.0	0.0	0.0	0.0	-	-
202604	230A10300	12	収益①（営業口銭）	3450000.0	3324750.0	3106424.0		93.4	90.0
202604	230A10300	13	【新築】収益①(営業口銭)	0.0	0.0	0.0		-	-
202604	230A10300	14	【リフォ】収益①(営業口銭)	3450000.0	3324750.0	3106424.0		93.4	90.0
202604	230A10300	15	【資材】売上原価	17160000.0	17160000.0	14588382.0		85.0	85.0
202604	230A10300	16	収益②（資材）	4840000.0	4840000.0	6090851.0		125.8	125.8
202604	230A10300	17	総収益	8290000.0	8164750.0	9197275.0		112.6	110.9
202604	230A10300	18	総出荷	23000000.0	22165000.0	20709503.0		93.4	90.0
202604	230A10300	19	社外売	23000000.0	22165000.0	20709503.0	100.0	93.4	90.0
202604	230A10300	20	社内売	0.0	0.0	0.0	0.0	-	-
202604	230A10300	21	社内仕入	3048000.0	4018628.0	3163592.0		78.7	103.7
202604	230A10300	22	仕掛1	3800000.0	2234461.0	2234461.0		100.0	58.8
202604	230A10300	23	総生産	16152000.0	15911911.0	15311450.0		96.2	94.7
202604	230A10300	24	経費合計	34558257.0	33316689.0	34752592.0		104.3	100.5
202604	230A10300	25	経費合計(原価)	25032000.0	23916574.0	25875678.0	74.4	108.1	103.3
202604	230A10300	26	仕掛2	5300000.0	14120248.0	14120248.0	54.5	100.0	266.4
202604	230A10300	27	商品仕入高	8680000.0	2987578.0	5240845.0	20.2	175.4	60.3
202604	230A10300	28	原材料費	0.0	0.0	0.0	0.0	-	-
202604	230A10300	29	外注加工費	10652000.0	6408748.0	6330586.0	24.4	98.7	59.4
202604	230A10300	30	その他 直接経費	400000.0	400000.0	183999.0	0.7	45.9	45.9
202604	230A10300	31	他勘定振替高	0.0	0.0	0.0	0.0	-	-
202604	230A10300	32	経費合計（販管費）	9526257.0	9400115.0	8876914.0	25.5	94.4	93.1
202604	230A10300	33	減価償却費	689.0	689.0	689.0	0.0	100.0	100.0
202604	230A10300	34	車両費	804300.0	804300.0	825167.0	9.2	102.5	102.5
202604	230A10300	35	旅費交通費	15000.0	15000.0	0.0	0.0	0.0	0.0
202604	230A10300	36	荷造運搬費	50000.0	50000.0	46190.0	0.5	92.3	92.3
202604	230A10300	37	通信費	106000.0	106000.0	96815.0	1.0	91.3	91.3
202604	230A10300	38	水道光熱費	147000.0	147000.0	126315.0	1.4	85.9	85.9
202604	230A10300	39	動力費	0.0	0.0	0.0	0.0	-	-
202604	230A10300	40	事務用品費	59000.0	59000.0	18268.0	0.2	30.9	30.9
202604	230A10300	41	消耗品費	70000.0	70000.0	57002.0	0.6	81.4	81.4
202604	230A10300	42	廃棄物処理料	25000.0	25000.0	103396.0	1.1	413.5	413.5
202604	230A10300	43	広告宣伝費	15000.0	15000.0	5000.0	0.0	33.3	33.3
202604	230A10300	44	接待交際費	30000.0	30000.0	1850.0	0.0	6.1	6.1
202604	230A10300	45	研究開発費	0.0	0.0	0.0	0.0	-	-
202604	230A10300	46	アフターサービス費	0.0	0.0	0.0	0.0	-	-
202604	230A10300	47	クレーム費	0.0	0.0	0.0	0.0	-	-
202604	230A10300	48	賃借料	624000.0	624000.0	624000.0	7.0	100.0	100.0
202604	230A10300	49	賃貸料収入	0.0	0.0	0.0	0.0	-	-
202604	230A10300	50	修繕費	0.0	0.0	0.0	0.0	-	-
202604	230A10300	51	支払リース料	8200.0	8200.0	8200.0	0.0	100.0	100.0
202604	230A10300	52	保険料	5007.0	5007.0	5007.0	0.0	100.0	100.0
202604	230A10300	53	支払報酬	0.0	0.0	0.0	0.0	-	-
202604	230A10300	54	販売手数料	0.0	0.0	0.0	0.0	-	-
202604	230A10300	55	支払手数料	37700.0	37700.0	35355.0	0.3	93.7	93.7
202604	230A10300	56	診断料	0.0	0.0	0.0	0.0	-	-
202604	230A10300	57	諸会費	0.0	0.0	500.0	0.0	-	-
202604	230A10300	58	会議費	0.0	0.0	0.0	0.0	-	-
202604	230A10300	59	寄付金	10000.0	10000.0	10000.0	0.1	100.0	100.0
202604	230A10300	60	租税公課	10000.0	10000.0	2600.0	0.0	26.0	26.0
202604	230A10300	61	業務委託費	0.0	0.0	0.0	0.0	-	-
202604	230A10300	62	業務受託収入	0.0	0.0	0.0	0.0	-	-
202604	230A10300	63	システム管理料	0.0	0.0	0.0	0.0	-	-
202604	230A10300	64	情報機器利用料	950706.0	950706.0	950706.0	10.7	100.0	100.0
202604	230A10300	65	貸倒金	0.0	0.0	0.0	0.0	-	-
202604	230A10300	66	雑費	12900.0	12900.0	9660.0	0.1	74.8	74.8
202604	230A10300	67	福利消耗品費	0.0	0.0	0.0	0.0	-	-
202604	230A10300	68	教育研修費	225000.0	225000.0	101246.0	1.1	44.9	44.9
202604	230A10300	69	廃棄損・減耗損	0.0	0.0	0.0	0.0	-	-
202604	230A10300	70	雑給	0.0	0.0	0.0	0.0	-	-
202604	230A10300	71	社内金利（固定資産）	555.0	555.0	555.0	0.0	100.0	100.0
202604	230A10300	72	社内金利（売掛金）	21089.0	21089.0	28082.0	0.3	133.1	133.1
202604	230A10300	73	社内金利（在庫）	123770.0	123770.0	123499.0	1.3	99.7	99.7
202604	230A10300	74	営業口銭①（新築）	0.0	0.0	0.0	0.0	-	-
202604	230A10300	75	営業口銭②（リフォ）	3450000.0	3324750.0	3106424.0	34.9	93.4	90.0
202604	230A10300	76	開発口銭	0.0	0.0	0.0	0.0	-	-
202604	230A10300	77	部門共通（経費）	2297341.0	2296449.0	2162388.0	24.3	94.1	94.1
202604	230A10300	78	グループ共通	428000.0	428000.0	428000.0	4.8	100.0	100.0
202604	230A10300	79	差引収益	-10116257.0	-9240028.0	-10243867.0		-	-
202604	230A10300	80	差引比率	-16.5	-15.3	-18.0		-	-
202604	230A10300	81	総時間	4875.0	4847.75	4512.5		93.0	92.5
202604	230A10300	82	定時間	3080.0	3080.0	2866.75	63.5	93.0	93.0
202604	230A10300	83	残業時間	400.0	400.0	278.5	6.1	69.6	69.6
202604	230A10300	84	移動時間	57.0	57.0	60.5	1.3	106.1	106.1
202604	230A10300	85	部門共通（時間）	1338.0	1310.75	1306.75	28.9	99.6	97.6
202604	230A10300	86	当月時間当り	-2075.1	-1906.0	-2270.1		-	-
202604	230A10300	87	人員	17.0	17.0	17.0		100.0	100.0
202604	230A30101	1	総出荷	23000000.0	22165000.0	20709503.0		93.4	90.0
202604	230A30101	2	社外売	23000000.0	22165000.0	20709503.0	100.0	93.4	90.0
202604	230A30101	3	社内売	0.0	0.0	0.0	0.0	-	-
202604	230A30101	4	社内仕入	3048000.0	4018628.0	3163592.0		78.7	103.7
202604	230A30101	5	仕掛1	3800000.0	2234461.0	2234461.0		100.0	58.8
202604	230A30101	6	総生産	16152000.0	15911911.0	15311450.0		96.2	94.7
202604	230A30101	7	経費合計	29822856.0	28582373.0	30134483.0		105.4	101.0
202604	230A30101	8	経費合計(原価)	25032000.0	23916574.0	25875678.0	85.8	108.1	103.3
202604	230A30101	9	仕掛2	5300000.0	14120248.0	14120248.0	54.5	100.0	266.4
202604	230A30101	10	商品仕入高	8680000.0	2987578.0	5240845.0	20.2	175.4	60.3
202604	230A30101	11	原材料費	0.0	0.0	0.0	0.0	-	-
202604	230A30101	12	外注加工費	10652000.0	6408748.0	6330586.0	24.4	98.7	59.4
202604	230A30101	13	その他 直接経費	400000.0	400000.0	183999.0	0.7	45.9	45.9
202604	230A30101	14	他勘定振替高	0.0	0.0	0.0	0.0	-	-
202604	230A30101	15	経費合計（販管費）	4790856.0	4665799.0	4258805.0	14.1	91.2	88.8
202604	230A30101	16	減価償却費	0.0	0.0	0.0	0.0	-	-
202604	230A30101	17	車両費	195700.0	195700.0	171201.0	4.0	87.4	87.4
202604	230A30101	18	旅費交通費	0.0	0.0	0.0	0.0	-	-
202604	230A30101	19	荷造運搬費	10000.0	10000.0	7941.0	0.1	79.4	79.4
202604	230A30101	20	通信費	11000.0	11000.0	10172.0	0.2	92.4	92.4
202604	230A30101	21	水道光熱費	27000.0	27000.0	22290.0	0.5	82.5	82.5
202604	230A30101	22	動力費	0.0	0.0	0.0	0.0	-	-
202604	230A30101	23	事務用品費	9000.0	9000.0	2361.0	0.0	26.2	26.2
202604	230A30101	24	消耗品費	20000.0	20000.0	12191.0	0.2	60.9	60.9
202604	230A30101	25	廃棄物処理料	-5000.0	-5000.0	-6751.0	-	-	-
202604	230A30101	26	広告宣伝費	0.0	0.0	0.0	0.0	-	-
202604	230A30101	27	接待交際費	0.0	0.0	0.0	0.0	-	-
202604	230A30101	28	研究開発費	0.0	0.0	0.0	0.0	-	-
202604	230A30101	29	アフターサービス費	0.0	0.0	0.0	0.0	-	-
202604	230A30101	30	クレーム費	0.0	0.0	0.0	0.0	-	-
202604	230A30101	31	賃借料	124800.0	124800.0	124800.0	2.9	100.0	100.0
202604	230A30101	32	賃貸料収入	0.0	0.0	0.0	0.0	-	-
202604	230A30101	33	修繕費	0.0	0.0	0.0	0.0	-	-
202604	230A30101	34	支払リース料	1230.0	1230.0	1640.0	0.0	133.3	133.3
202604	230A30101	35	保険料	0.0	0.0	0.0	0.0	-	-
202604	230A30101	36	支払報酬	0.0	0.0	0.0	0.0	-	-
202604	230A30101	37	販売手数料	0.0	0.0	0.0	0.0	-	-
202604	230A30101	38	支払手数料	-300.0	-300.0	700.0	0.0	-	-
202604	230A30101	39	診断料	0.0	0.0	0.0	0.0	-	-
202604	230A30101	40	諸会費	0.0	0.0	0.0	0.0	-	-
202604	230A30101	41	会議費	0.0	0.0	0.0	0.0	-	-
202604	230A30101	42	寄付金	0.0	0.0	0.0	0.0	-	-
202604	230A30101	43	租税公課	0.0	0.0	0.0	0.0	-	-
202604	230A30101	44	業務委託費	0.0	0.0	0.0	0.0	-	-
202604	230A30101	45	業務受託収入	0.0	0.0	0.0	0.0	-	-
202604	230A30101	46	システム管理料	0.0	0.0	0.0	0.0	-	-
202604	230A30101	47	情報機器利用料	163410.0	163410.0	163410.0	3.8	100.0	100.0
202604	230A30101	48	貸倒金	0.0	0.0	0.0	0.0	-	-
202604	230A30101	49	雑費	1900.0	1900.0	1588.0	0.0	83.5	83.5
202604	230A30101	50	福利消耗品費	0.0	0.0	0.0	0.0	-	-
202604	230A30101	51	教育研修費	168000.0	168000.0	93600.0	2.1	55.7	55.7
202604	230A30101	52	廃棄損・減耗損	0.0	0.0	0.0	0.0	-	-
202604	230A30101	53	雑給	0.0	0.0	0.0	0.0	-	-
202604	230A30101	54	社内金利（固定資産）	0.0	0.0	0.0	0.0	-	-
202604	230A30101	55	社内金利（売掛金）	0.0	0.0	0.0	0.0	-	-
202604	230A30101	56	社内金利（在庫）	0.0	0.0	0.0	0.0	-	-
202604	230A30101	57	営業口銭①（新築）	0.0	0.0	0.0	0.0	-	-
202604	230A30101	58	営業口銭②（リフォ）	3450000.0	3324750.0	3106424.0	72.9	93.4	90.0
202604	230A30101	59	開発口銭	0.0	0.0	0.0	0.0	-	-
202604	230A30101	60	部門共通（経費）	538316.0	538509.0	471438.0	11.0	87.5	87.5
202604	230A30101	61	グループ共通	75800.0	75800.0	75800.0	1.7	100.0	100.0
202604	230A30101	62	差引収益	-13670856.0	-12670462.0	-14823033.0		-	-
202604	230A30101	63	差引比率	-84.6	-79.6	-96.8		-	-
202604	230A30101	64	総時間	1073.5	1073.5	1023.5		95.3	95.3
202604	230A30101	65	定時間	544.0	544.0	514.5	50.2	94.5	94.5
202604	230A30101	66	残業時間	95.0	95.0	76.25	7.4	80.2	80.2
202604	230A30101	67	移動時間	176.0	176.0	176.0	17.1	100.0	100.0
202604	230A30101	68	部門共通（時間）	258.5	258.5	256.75	25.0	99.3	99.3
202604	230A30101	69	当月時間当り	-12734.8	-11802.9	-14482.6		-	-
202604	230A30101	70	人員	3.0	3.0	3.0		100.0	100.0
202604	230B60100	1	総受注高	0.0	0.0	0.0		-	-
202604	230B60100	2	【新築】受注高	0.0	0.0	0.0	-	-	-
202604	230B60100	3	【リフォ】受注高	0.0	0.0	0.0	-	-	-
202604	230B60100	4	【資材】受注高	0.0	0.0	0.0	-	-	-
202604	230B60100	5	総売上高	0.0	0.0	0.0		-	-
202604	230B60100	6	【新築】売上高	0.0	0.0	0.0	-	-	-
202604	230B60100	7	【リフォ】売上高	0.0	0.0	0.0	-	-	-
202604	230B60100	8	【資材】売上高	0.0	0.0	0.0	-	-	-
202604	230B60100	9	【新築】インセンティブ	0.0	0.0	0.0	-	-	-
202604	230B60100	10	【リフォ】インセンティブ	0.0	0.0	0.0	-	-	-
202604	230B60100	11	【資材】インセンティブ	0.0	0.0	0.0	-	-	-
202604	230B60100	12	収益①（営業口銭）	0.0	0.0	0.0		-	-
202604	230B60100	13	【新築】収益①(営業口銭)	0.0	0.0	0.0		-	-
202604	230B60100	14	【リフォ】収益①(営業口銭)	0.0	0.0	0.0		-	-
202604	230B60100	15	【資材】売上原価	0.0	0.0	0.0		-	-
202604	230B60100	16	収益②（資材）	0.0	0.0	0.0		-	-
202604	230B60100	17	総収益	0.0	0.0	0.0		-	-
202604	230B60100	18	経費合計	0.0	0.0	0.0		-	-
202604	230B60100	19	減価償却費	0.0	0.0	0.0	-	-	-
202604	230B60100	20	車両費	220900.0	220900.0	234707.0	-	106.2	106.2
202604	230B60100	21	旅費交通費	10000.0	10000.0	118.0	-	1.1	1.1
202604	230B60100	22	荷造運搬費	2730000.0	2730000.0	396438.0	-	14.5	14.5
202604	230B60100	23	通信費	10510.0	10510.0	14145.0	-	134.5	134.5
202604	230B60100	24	水道光熱費	33000.0	33000.0	31794.0	-	96.3	96.3
202604	230B60100	25	動力費	0.0	0.0	0.0	-	-	-
202604	230B60100	26	事務用品費	5000.0	5000.0	13250.0	-	265.0	265.0
202604	230B60100	27	消耗品費	156400.0	156400.0	493775.0	-	315.7	315.7
202604	230B60100	28	廃棄物処理料	500.0	500.0	789.0	-	157.8	157.8
202604	230B60100	29	広告宣伝費	0.0	0.0	0.0	-	-	-
202604	230B60100	30	接待交際費	0.0	0.0	0.0	-	-	-
202604	230B60100	31	研究開発費	0.0	0.0	0.0	-	-	-
202604	230B60100	32	アフターサービス費	0.0	0.0	0.0	-	-	-
202604	230B60100	33	クレーム費	0.0	0.0	0.0	-	-	-
202604	230B60100	34	賃借料	227460.0	227460.0	227460.0	-	100.0	100.0
202604	230B60100	35	賃貸料収入	0.0	0.0	0.0	-	-	-
202604	230B60100	36	修繕費	0.0	0.0	0.0	-	-	-
202604	230B60100	37	支払リース料	8200.0	8200.0	8163.0	-	99.5	99.5
202604	230B60100	38	保険料	2555.0	2555.0	674.0	-	26.3	26.3
202604	230B60100	39	支払報酬	0.0	0.0	0.0	-	-	-
202604	230B60100	40	販売手数料	0.0	0.0	0.0	-	-	-
202604	230B60100	41	支払手数料	700.0	700.0	1332.0	-	190.2	190.2
202604	230B60100	42	診断料	0.0	0.0	0.0	-	-	-
202604	230B60100	43	諸会費	0.0	0.0	0.0	-	-	-
202604	230B60100	44	会議費	0.0	0.0	0.0	-	-	-
202604	230B60100	45	寄付金	0.0	0.0	0.0	-	-	-
202604	230B60100	46	租税公課	0.0	0.0	0.0	-	-	-
202604	230B60100	47	業務委託費	0.0	0.0	0.0	-	-	-
202604	230B60100	48	業務受託収入	0.0	0.0	0.0	-	-	-
202604	230B60100	49	システム管理料	0.0	0.0	0.0	-	-	-
202604	230B60100	50	情報機器利用料	287806.0	287806.0	287806.0	-	100.0	100.0
202604	230B60100	51	貸倒金	0.0	0.0	0.0	-	-	-
202604	230B60100	52	雑費	6000.0	6000.0	2400.0	-	40.0	40.0
202604	230B60100	53	福利消耗品費	0.0	0.0	0.0	-	-	-
202604	230B60100	54	教育研修費	1400.0	1400.0	1356.0	-	96.8	96.8
202604	230B60100	55	廃棄損・減耗損	0.0	0.0	0.0	-	-	-
202604	230B60100	56	雑給	0.0	0.0	0.0	-	-	-
202604	230B60100	57	社内金利（固定資産）	0.0	0.0	0.0	-	-	-
202604	230B60100	58	社内金利（売掛金）	0.0	0.0	0.0	-	-	-
202604	230B60100	59	社内金利（在庫）	0.0	0.0	0.0	-	-	-
202604	230B60100	60	開発口銭	0.0	0.0	0.0	-	-	-
202604	230B60100	61	部門共通（経費）	-3851231.0	-3851231.0	-1865007.0	-	-	-
202604	230B60100	62	グループ共通	150800.0	150800.0	150800.0	-	100.0	100.0
202604	230B60100	63	差引収益	0.0	0.0	0.0		-	-
202604	230B60100	64	差引比率	0.0	0.0	0.0		-	-
202604	230B60100	65	総時間	0.0	0.0	0.0		-	-
202604	230B60100	66	定時間	984.0	984.0	997.75	-	101.3	101.3
202604	230B60100	67	残業時間	65.0	65.0	125.5	-	193.0	193.0
202604	230B60100	68	移動時間	31.0	31.0	7.0	-	22.5	22.5
202604	230B60100	69	部門共通（時間）	-1080.0	-1080.0	-1130.25	-	-	-
202604	230B60100	70	当月時間当り	0.0	0.0	0.0		-	-
202604	230B60100	71	人員	6.0	6.0	6.0		100.0	100.0
202604	003091300	1	総受注高	0.0	0.0	0.0		-	-
202604	003091300	2	【新築】受注高	0.0	0.0	0.0	-	-	-
202604	003091300	3	【リフォ】受注高	0.0	0.0	0.0	-	-	-
202604	003091300	4	【資材】受注高	0.0	0.0	0.0	-	-	-
202604	003091300	5	総売上高	0.0	0.0	0.0		-	-
202604	003091300	6	【新築】売上高	0.0	0.0	0.0	-	-	-
202604	003091300	7	【リフォ】売上高	0.0	0.0	0.0	-	-	-
202604	003091300	8	【資材】売上高	0.0	0.0	0.0	-	-	-
202604	003091300	9	【新築】インセンティブ	0.0	0.0	0.0	-	-	-
202604	003091300	10	【リフォ】インセンティブ	0.0	0.0	0.0	-	-	-
202604	003091300	11	【資材】インセンティブ	0.0	0.0	0.0	-	-	-
202604	003091300	12	収益①（営業口銭）	0.0	0.0	0.0		-	-
202604	003091300	13	【新築】収益①(営業口銭)	0.0	0.0	0.0		-	-
202604	003091300	14	【リフォ】収益①(営業口銭)	0.0	0.0	0.0		-	-
202604	003091300	15	【資材】売上原価	0.0	0.0	0.0		-	-
202604	003091300	16	収益②（資材）	0.0	0.0	0.0		-	-
202604	003091300	17	総収益	0.0	0.0	0.0		-	-
202604	003091300	18	経費合計	0.0	0.0	0.0		-	-
202604	003091300	19	減価償却費	0.0	0.0	0.0	-	-	-
202604	003091300	20	車両費	0.0	0.0	0.0	-	-	-
202604	003091300	21	旅費交通費	0.0	0.0	0.0	-	-	-
202604	003091300	22	荷造運搬費	0.0	0.0	0.0	-	-	-
202604	003091300	23	通信費	0.0	0.0	0.0	-	-	-
202604	003091300	24	水道光熱費	0.0	0.0	0.0	-	-	-
202604	003091300	25	動力費	0.0	0.0	0.0	-	-	-
202604	003091300	26	事務用品費	0.0	0.0	0.0	-	-	-
202604	003091300	27	消耗品費	0.0	0.0	0.0	-	-	-
202604	003091300	28	廃棄物処理料	0.0	0.0	0.0	-	-	-
202604	003091300	29	広告宣伝費	0.0	0.0	0.0	-	-	-
202604	003091300	30	接待交際費	0.0	0.0	0.0	-	-	-
202604	003091300	31	研究開発費	0.0	0.0	0.0	-	-	-
202604	003091300	32	アフターサービス費	0.0	0.0	0.0	-	-	-
202604	003091300	33	クレーム費	0.0	0.0	0.0	-	-	-
202604	003091300	34	賃借料	0.0	0.0	0.0	-	-	-
202604	003091300	35	賃貸料収入	0.0	0.0	0.0	-	-	-
202604	003091300	36	修繕費	0.0	0.0	0.0	-	-	-
202604	003091300	37	支払リース料	0.0	0.0	0.0	-	-	-
202604	003091300	38	保険料	0.0	0.0	0.0	-	-	-
202604	003091300	39	支払報酬	0.0	0.0	0.0	-	-	-
202604	003091300	40	販売手数料	0.0	0.0	0.0	-	-	-
202604	003091300	41	支払手数料	0.0	0.0	0.0	-	-	-
202604	003091300	42	診断料	0.0	0.0	0.0	-	-	-
202604	003091300	43	諸会費	0.0	0.0	0.0	-	-	-
202604	003091300	44	会議費	0.0	0.0	0.0	-	-	-
202604	003091300	45	寄付金	0.0	0.0	0.0	-	-	-
202604	003091300	46	租税公課	0.0	0.0	0.0	-	-	-
202604	003091300	47	業務委託費	0.0	0.0	0.0	-	-	-
202604	003091300	48	業務受託収入	0.0	0.0	0.0	-	-	-
202604	003091300	49	システム管理料	0.0	0.0	0.0	-	-	-
202604	003091300	50	情報機器利用料	0.0	0.0	0.0	-	-	-
202604	003091300	51	貸倒金	0.0	0.0	0.0	-	-	-
202604	003091300	52	雑費	0.0	0.0	0.0	-	-	-
202604	003091300	53	福利消耗品費	0.0	0.0	0.0	-	-	-
202604	003091300	54	教育研修費	0.0	0.0	0.0	-	-	-
202604	003091300	55	廃棄損・減耗損	0.0	0.0	0.0	-	-	-
202604	003091300	56	雑給	0.0	0.0	0.0	-	-	-
202604	003091300	57	社内金利（固定資産）	0.0	0.0	0.0	-	-	-
202604	003091300	58	社内金利（売掛金）	0.0	0.0	0.0	-	-	-
202604	003091300	59	社内金利（在庫）	0.0	0.0	0.0	-	-	-
202604	003091300	60	開発口銭	0.0	0.0	0.0	-	-	-
202604	003091300	61	部門共通（経費）	0.0	0.0	0.0	-	-	-
202604	003091300	62	グループ共通	0.0	0.0	0.0	-	-	-
202604	003091300	63	差引収益	0.0	0.0	0.0		-	-
202604	003091300	64	差引比率	0.0	0.0	0.0		-	-
202604	003091300	65	総時間	0.0	0.0	0.0		-	-
202604	003091300	66	定時間	0.0	0.0	0.0	-	-	-
202604	003091300	67	残業時間	0.0	0.0	0.0	-	-	-
202604	003091300	68	移動時間	0.0	0.0	0.0	-	-	-
202604	003091300	69	部門共通（時間）	0.0	0.0	0.0	-	-	-
202604	003091300	70	当月時間当り	0.0	0.0	0.0		-	-
202604	003091300	71	人員	0.0	0.0	0.0		-	-
202604	230B10200	1	総受注高	46100000.0	55420000.0	59367342.0		107.1	128.7
202604	230B10200	2	【新築】受注高	0.0	4500000.0	4500000.0	7.5	100.0	-
202604	230B10200	3	【リフォ】受注高	25100000.0	29920000.0	29583483.0	49.8	98.8	117.8
202604	230B10200	4	【資材】受注高	21000000.0	21000000.0	25283859.0	42.5	120.3	120.3
202604	230B10200	5	総売上高	37200000.0	42431000.0	43669581.0		102.9	117.3
202604	230B10200	6	【新築】売上高	0.0	770000.0	770000.0	1.7	100.0	-
202604	230B10200	7	【リフォ】売上高	15500000.0	19961000.0	19931114.0	45.6	99.8	128.5
202604	230B10200	8	【資材】売上高	21700000.0	21700000.0	22968467.0	52.5	105.8	105.8
202604	230B10200	9	【新築】インセンティブ	0.0	0.0	0.0	0.0	-	-
202604	230B10200	10	【リフォ】インセンティブ	0.0	0.0	0.0	0.0	-	-
202604	230B10200	11	【資材】インセンティブ	0.0	0.0	0.0	0.0	-	-
202604	230B10200	12	収益①（営業口銭）	2325000.0	3032650.0	3028166.0		99.8	130.2
202604	230B10200	13	【新築】収益①(営業口銭)	0.0	38500.0	38500.0		100.0	-
202604	230B10200	14	【リフォ】収益①(営業口銭)	2325000.0	2994150.0	2989666.0		99.8	128.5
202604	230B10200	15	【資材】売上原価	17300000.0	17300000.0	17226194.0		99.5	99.5
202604	230B10200	16	収益②（資材）	4400000.0	4400000.0	5742273.0		130.5	130.5
202604	230B10200	17	総収益	6725000.0	7432650.0	8770439.0		117.9	130.4
202604	230B10200	18	経費合計	4416362.0	4414398.0	4427200.0		100.2	100.2
202604	230B10200	19	減価償却費	4430.0	4430.0	4430.0	0.1	100.0	100.0
202604	230B10200	20	車両費	644781.0	644781.0	570568.0	12.8	88.4	88.4
202604	230B10200	21	旅費交通費	3000.0	3000.0	541.0	0.0	18.0	18.0
202604	230B10200	22	荷造運搬費	0.0	0.0	0.0	0.0	-	-
202604	230B10200	23	通信費	77000.0	77000.0	68197.0	1.5	88.5	88.5
202604	230B10200	24	水道光熱費	80000.0	80000.0	70470.0	1.5	88.0	88.0
202604	230B10200	25	動力費	0.0	0.0	0.0	0.0	-	-
202604	230B10200	26	事務用品費	37000.0	37000.0	45459.0	1.0	122.8	122.8
202604	230B10200	27	消耗品費	9750.0	9750.0	19321.0	0.4	198.1	198.1
202604	230B10200	28	廃棄物処理料	110000.0	110000.0	145811.0	3.2	132.5	132.5
202604	230B10200	29	広告宣伝費	20000.0	20000.0	8000.0	0.1	40.0	40.0
202604	230B10200	30	接待交際費	6000.0	6000.0	3000.0	0.0	50.0	50.0
202604	230B10200	31	研究開発費	0.0	0.0	0.0	0.0	-	-
202604	230B10200	32	アフターサービス費	0.0	0.0	0.0	0.0	-	-
202604	230B10200	33	クレーム費	0.0	0.0	0.0	0.0	-	-
202604	230B10200	34	賃借料	325950.0	325950.0	325950.0	7.3	100.0	100.0
202604	230B10200	35	賃貸料収入	0.0	0.0	0.0	0.0	-	-
202604	230B10200	36	修繕費	0.0	0.0	0.0	0.0	-	-
202604	230B10200	37	支払リース料	6000.0	6000.0	4920.0	0.1	82.0	82.0
202604	230B10200	38	保険料	5723.0	5723.0	5723.0	0.1	100.0	100.0
202604	230B10200	39	支払報酬	0.0	0.0	0.0	0.0	-	-
202604	230B10200	40	販売手数料	0.0	0.0	0.0	0.0	-	-
202604	230B10200	41	支払手数料	22000.0	22000.0	18790.0	0.4	85.4	85.4
202604	230B10200	42	診断料	0.0	0.0	0.0	0.0	-	-
202604	230B10200	43	諸会費	0.0	0.0	0.0	0.0	-	-
202604	230B10200	44	会議費	0.0	0.0	0.0	0.0	-	-
202604	230B10200	45	寄付金	0.0	0.0	0.0	0.0	-	-
202604	230B10200	46	租税公課	17000.0	17000.0	11000.0	0.2	64.7	64.7
202604	230B10200	47	業務委託費	0.0	0.0	0.0	0.0	-	-
202604	230B10200	48	業務受託収入	0.0	0.0	0.0	0.0	-	-
202604	230B10200	49	システム管理料	0.0	0.0	0.0	0.0	-	-
202604	230B10200	50	情報機器利用料	756298.0	756298.0	753898.0	17.0	99.6	99.6
202604	230B10200	51	貸倒金	0.0	0.0	0.0	0.0	-	-
202604	230B10200	52	雑費	15000.0	15000.0	10424.0	0.2	69.4	69.4
202604	230B10200	53	福利消耗品費	5000.0	5000.0	4250.0	0.0	85.0	85.0
202604	230B10200	54	教育研修費	3500.0	3500.0	259919.0	5.8	7,426.2	7,426.2
202604	230B10200	55	廃棄損・減耗損	100000.0	100000.0	1000.0	0.0	1.0	1.0
202604	230B10200	56	雑給	0.0	0.0	0.0	0.0	-	-
202604	230B10200	57	社内金利（固定資産）	867.0	867.0	867.0	0.0	100.0	100.0
202604	230B10200	58	社内金利（売掛金）	58000.0	58000.0	40052.0	0.9	69.0	69.0
202604	230B10200	59	社内金利（在庫）	44000.0	44000.0	59662.0	1.3	135.5	135.5
202604	230B10200	60	開発口銭	0.0	0.0	0.0	0.0	-	-
202604	230B10200	61	部門共通（経費）	1738163.0	1736199.0	1668048.0	37.6	96.0	95.9
202604	230B10200	62	グループ共通	326900.0	326900.0	326900.0	7.3	100.0	100.0
202604	230B10200	63	差引収益	2308638.0	3018252.0	4343239.0		143.8	188.1
202604	230B10200	64	差引比率	6.2	7.1	9.9		139.4	159.6
202604	230B10200	65	総時間	3632.5	3605.0	3593.5		99.6	98.9
202604	230B10200	66	定時間	2210.0	2210.0	2214.0	61.6	100.1	100.1
202604	230B10200	67	残業時間	280.0	280.0	270.25	7.5	96.5	96.5
202604	230B10200	68	移動時間	57.0	57.0	52.5	1.4	92.1	92.1
202604	230B10200	69	部門共通（時間）	1085.5	1058.0	1056.75	29.4	99.8	97.3
202604	230B10200	70	当月時間当り	635.5	837.2	1208.6		144.3	190.1
202604	230B10200	71	人員	13.0	13.0	13.0		100.0	100.0
202604	230B10300	1	総受注高	46100000.0	55420000.0	59367342.0		107.1	128.7
202604	230B10300	2	【新築】受注高	0.0	4500000.0	4500000.0	7.5	100.0	-
202604	230B10300	3	【リフォ】受注高	25100000.0	29920000.0	29583483.0	49.8	98.8	117.8
202604	230B10300	4	【資材】受注高	21000000.0	21000000.0	25283859.0	42.5	120.3	120.3
202604	230B10300	5	総売上高	37200000.0	42431000.0	43669581.0		102.9	117.3
202604	230B10300	6	【新築】売上高	0.0	770000.0	770000.0	1.7	100.0	-
202604	230B10300	7	【リフォ】売上高	15500000.0	19961000.0	19931114.0	45.6	99.8	128.5
202604	230B10300	8	【資材】売上高	21700000.0	21700000.0	22968467.0	52.5	105.8	105.8
202604	230B10300	9	【新築】インセンティブ	0.0	0.0	0.0	0.0	-	-
202604	230B10300	10	【リフォ】インセンティブ	0.0	0.0	0.0	0.0	-	-
202604	230B10300	11	【資材】インセンティブ	0.0	0.0	0.0	0.0	-	-
202604	230B10300	12	収益①（営業口銭）	2325000.0	3032650.0	3028166.0		99.8	130.2
202604	230B10300	13	【新築】収益①(営業口銭)	0.0	38500.0	38500.0		100.0	-
202604	230B10300	14	【リフォ】収益①(営業口銭)	2325000.0	2994150.0	2989666.0		99.8	128.5
202604	230B10300	15	【資材】売上原価	17300000.0	17300000.0	17226194.0		99.5	99.5
202604	230B10300	16	収益②（資材）	4400000.0	4400000.0	5742273.0		130.5	130.5
202604	230B10300	17	総収益	6725000.0	7432650.0	8770439.0		117.9	130.4
202604	230B10300	18	総出荷	15500000.0	20731000.0	20701114.0		99.8	133.5
202604	230B10300	19	社外売	15500000.0	20731000.0	20701114.0	100.0	99.8	133.5
202604	230B10300	20	社内売	0.0	0.0	0.0	0.0	-	-
202604	230B10300	21	社内仕入	1800000.0	2040000.0	2772957.0		135.9	154.0
202604	230B10300	22	仕掛1	1800000.0	781827.0	781827.0		100.0	43.4
202604	230B10300	23	総生産	11900000.0	17909173.0	17146330.0		95.7	144.0
202604	230B10300	24	経費合計	31721049.0	39150607.0	44429659.0		113.4	140.0
202604	230B10300	25	経費合計(原価)	23500000.0	30223599.0	35884473.0	80.7	118.7	152.6
202604	230B10300	26	仕掛2	13000000.0	17763599.0	17763599.0	49.5	100.0	136.6
202604	230B10300	27	商品仕入高	4090000.0	5540000.0	9495708.0	26.4	171.4	232.1
202604	230B10300	28	原材料費	0.0	0.0	0.0	0.0	-	-
202604	230B10300	29	外注加工費	6060000.0	6570000.0	8373746.0	23.3	127.4	138.1
202604	230B10300	30	その他 直接経費	350000.0	350000.0	251420.0	0.7	71.8	71.8
202604	230B10300	31	他勘定振替高	0.0	0.0	0.0	0.0	-	-
202604	230B10300	32	経費合計（販管費）	8221049.0	8927008.0	8545186.0	19.2	95.7	103.9
202604	230B10300	33	減価償却費	4430.0	4430.0	4430.0	0.0	100.0	100.0
202604	230B10300	34	車両費	855291.0	855291.0	760620.0	8.9	88.9	88.9
202604	230B10300	35	旅費交通費	3000.0	3000.0	541.0	0.0	18.0	18.0
202604	230B10300	36	荷造運搬費	42000.0	42000.0	42000.0	0.4	100.0	100.0
202604	230B10300	37	通信費	86500.0	86500.0	76680.0	0.8	88.6	88.6
202604	230B10300	38	水道光熱費	96000.0	96000.0	86691.0	1.0	90.3	90.3
202604	230B10300	39	動力費	0.0	0.0	0.0	0.0	-	-
202604	230B10300	40	事務用品費	43000.0	43000.0	50515.0	0.5	117.4	117.4
202604	230B10300	41	消耗品費	32000.0	32000.0	21086.0	0.2	65.8	65.8
202604	230B10300	42	廃棄物処理料	140000.0	140000.0	179204.0	2.0	128.0	128.0
202604	230B10300	43	広告宣伝費	20000.0	20000.0	8000.0	0.0	40.0	40.0
202604	230B10300	44	接待交際費	6000.0	6000.0	3000.0	0.0	50.0	50.0
202604	230B10300	45	研究開発費	0.0	0.0	0.0	0.0	-	-
202604	230B10300	46	アフターサービス費	0.0	0.0	0.0	0.0	-	-
202604	230B10300	47	クレーム費	0.0	0.0	0.0	0.0	-	-
202604	230B10300	48	賃借料	400980.0	400980.0	400980.0	4.6	100.0	100.0
202604	230B10300	49	賃貸料収入	0.0	0.0	0.0	0.0	-	-
202604	230B10300	50	修繕費	0.0	0.0	0.0	0.0	-	-
202604	230B10300	51	支払リース料	7000.0	7000.0	6051.0	0.0	86.4	86.4
202604	230B10300	52	保険料	5723.0	5723.0	5723.0	0.0	100.0	100.0
202604	230B10300	53	支払報酬	0.0	0.0	0.0	0.0	-	-
202604	230B10300	54	販売手数料	0.0	0.0	0.0	0.0	-	-
202604	230B10300	55	支払手数料	22500.0	22500.0	19156.0	0.2	85.1	85.1
202604	230B10300	56	診断料	0.0	0.0	0.0	0.0	-	-
202604	230B10300	57	諸会費	0.0	0.0	0.0	0.0	-	-
202604	230B10300	58	会議費	0.0	0.0	0.0	0.0	-	-
202604	230B10300	59	寄付金	0.0	0.0	0.0	0.0	-	-
202604	230B10300	60	租税公課	17000.0	17000.0	11000.0	0.1	64.7	64.7
202604	230B10300	61	業務委託費	0.0	0.0	0.0	0.0	-	-
202604	230B10300	62	業務受託収入	0.0	0.0	0.0	0.0	-	-
202604	230B10300	63	システム管理料	0.0	0.0	0.0	0.0	-	-
202604	230B10300	64	情報機器利用料	920308.0	920308.0	917308.0	10.7	99.6	99.6
202604	230B10300	65	貸倒金	0.0	0.0	0.0	0.0	-	-
202604	230B10300	66	雑費	19000.0	19000.0	12450.0	0.1	65.5	65.5
202604	230B10300	67	福利消耗品費	6000.0	6000.0	4250.0	0.0	70.8	70.8
202604	230B10300	68	教育研修費	283300.0	283300.0	260597.0	3.0	91.9	91.9
202604	230B10300	69	廃棄損・減耗損	100000.0	100000.0	1000.0	0.0	1.0	1.0
202604	230B10300	70	雑給	0.0	0.0	0.0	0.0	-	-
202604	230B10300	71	社内金利（固定資産）	867.0	867.0	867.0	0.0	100.0	100.0
202604	230B10300	72	社内金利（売掛金）	58000.0	58000.0	40052.0	0.4	69.0	69.0
202604	230B10300	73	社内金利（在庫）	44000.0	44000.0	59662.0	0.6	135.5	135.5
202604	230B10300	74	営業口銭①（新築）	0.0	38500.0	38500.0	0.4	100.0	-
202604	230B10300	75	営業口銭②（リフォ）	2325000.0	2994150.0	2989666.0	34.9	99.8	128.5
202604	230B10300	76	開発口銭	0.0	0.0	0.0	0.0	-	-
202604	230B10300	77	部門共通（経費）	2280450.0	2278759.0	2142457.0	25.0	94.0	93.9
202604	230B10300	78	グループ共通	402700.0	402700.0	402700.0	4.7	100.0	100.0
202604	230B10300	79	差引収益	-13096049.0	-13808784.0	-18512890.0		-	-
202604	230B10300	80	差引比率	-26.6	-22.8	-30.4		-	-
202604	230B10300	81	総時間	4463.25	4436.0	4423.0		99.7	99.0
202604	230B10300	82	定時間	2720.0	2720.0	2709.5	61.2	99.6	99.6
202604	230B10300	83	残業時間	330.0	330.0	334.25	7.5	101.2	101.2
202604	230B10300	84	移動時間	57.0	57.0	52.5	1.1	92.1	92.1
202604	230B10300	85	部門共通（時間）	1356.25	1329.0	1326.75	29.9	99.8	97.8
202604	230B10300	86	当月時間当り	-2934.1	-3112.8	-4185.5		-	-
202604	230B10300	87	人員	16.0	16.0	16.0		100.0	100.0
202604	230B30601	1	総出荷	15500000.0	20731000.0	20701114.0		99.8	133.5
202604	230B30601	2	社外売	15500000.0	20731000.0	20701114.0	100.0	99.8	133.5
202604	230B30601	3	社内売	0.0	0.0	0.0	0.0	-	-
202604	230B30601	4	社内仕入	1800000.0	2040000.0	2772957.0		135.9	154.0
202604	230B30601	5	仕掛1	1800000.0	781827.0	781827.0		100.0	43.4
202604	230B30601	6	総生産	11900000.0	17909173.0	17146330.0		95.7	144.0
202604	230B30601	7	経費合計	27304687.0	34736209.0	40002459.0		115.1	146.5
202604	230B30601	8	経費合計(原価)	23500000.0	30223599.0	35884473.0	89.7	118.7	152.6
202604	230B30601	9	仕掛2	13000000.0	17763599.0	17763599.0	49.5	100.0	136.6
202604	230B30601	10	商品仕入高	4090000.0	5540000.0	9495708.0	26.4	171.4	232.1
202604	230B30601	11	原材料費	0.0	0.0	0.0	0.0	-	-
202604	230B30601	12	外注加工費	6060000.0	6570000.0	8373746.0	23.3	127.4	138.1
202604	230B30601	13	その他 直接経費	350000.0	350000.0	251420.0	0.7	71.8	71.8
202604	230B30601	14	他勘定振替高	0.0	0.0	0.0	0.0	-	-
202604	230B30601	15	経費合計（販管費）	3804687.0	4512610.0	4117986.0	10.2	91.2	108.2
202604	230B30601	16	減価償却費	0.0	0.0	0.0	0.0	-	-
202604	230B30601	17	車両費	210510.0	210510.0	190052.0	4.6	90.2	90.2
202604	230B30601	18	旅費交通費	0.0	0.0	0.0	0.0	-	-
202604	230B30601	19	荷造運搬費	42000.0	42000.0	42000.0	1.0	100.0	100.0
202604	230B30601	20	通信費	9500.0	9500.0	8483.0	0.2	89.2	89.2
202604	230B30601	21	水道光熱費	16000.0	16000.0	16221.0	0.3	101.3	101.3
202604	230B30601	22	動力費	0.0	0.0	0.0	0.0	-	-
202604	230B30601	23	事務用品費	6000.0	6000.0	5056.0	0.1	84.2	84.2
202604	230B30601	24	消耗品費	22250.0	22250.0	1765.0	0.0	7.9	7.9
202604	230B30601	25	廃棄物処理料	30000.0	30000.0	33393.0	0.8	111.3	111.3
202604	230B30601	26	広告宣伝費	0.0	0.0	0.0	0.0	-	-
202604	230B30601	27	接待交際費	0.0	0.0	0.0	0.0	-	-
202604	230B30601	28	研究開発費	0.0	0.0	0.0	0.0	-	-
202604	230B30601	29	アフターサービス費	0.0	0.0	0.0	0.0	-	-
202604	230B30601	30	クレーム費	0.0	0.0	0.0	0.0	-	-
202604	230B30601	31	賃借料	75030.0	75030.0	75030.0	1.8	100.0	100.0
202604	230B30601	32	賃貸料収入	0.0	0.0	0.0	0.0	-	-
202604	230B30601	33	修繕費	0.0	0.0	0.0	0.0	-	-
202604	230B30601	34	支払リース料	1000.0	1000.0	1131.0	0.0	113.1	113.1
202604	230B30601	35	保険料	0.0	0.0	0.0	0.0	-	-
202604	230B30601	36	支払報酬	0.0	0.0	0.0	0.0	-	-
202604	230B30601	37	販売手数料	0.0	0.0	0.0	0.0	-	-
202604	230B30601	38	支払手数料	500.0	500.0	366.0	0.0	73.2	73.2
202604	230B30601	39	診断料	0.0	0.0	0.0	0.0	-	-
202604	230B30601	40	諸会費	0.0	0.0	0.0	0.0	-	-
202604	230B30601	41	会議費	0.0	0.0	0.0	0.0	-	-
202604	230B30601	42	寄付金	0.0	0.0	0.0	0.0	-	-
202604	230B30601	43	租税公課	0.0	0.0	0.0	0.0	-	-
202604	230B30601	44	業務委託費	0.0	0.0	0.0	0.0	-	-
202604	230B30601	45	業務受託収入	0.0	0.0	0.0	0.0	-	-
202604	230B30601	46	システム管理料	0.0	0.0	0.0	0.0	-	-
202604	230B30601	47	情報機器利用料	164010.0	164010.0	163410.0	3.9	99.6	99.6
202604	230B30601	48	貸倒金	0.0	0.0	0.0	0.0	-	-
202604	230B30601	49	雑費	4000.0	4000.0	2026.0	0.0	50.6	50.6
202604	230B30601	50	福利消耗品費	1000.0	1000.0	0.0	0.0	0.0	0.0
202604	230B30601	51	教育研修費	279800.0	279800.0	678.0	0.0	0.2	0.2
202604	230B30601	52	廃棄損・減耗損	0.0	0.0	0.0	0.0	-	-
202604	230B30601	53	雑給	0.0	0.0	0.0	0.0	-	-
202604	230B30601	54	社内金利（固定資産）	0.0	0.0	0.0	0.0	-	-
202604	230B30601	55	社内金利（売掛金）	0.0	0.0	0.0	0.0	-	-
202604	230B30601	56	社内金利（在庫）	0.0	0.0	0.0	0.0	-	-
202604	230B30601	57	営業口銭①（新築）	0.0	38500.0	38500.0	0.9	100.0	-
202604	230B30601	58	営業口銭②（リフォ）	2325000.0	2994150.0	2989666.0	72.6	99.8	128.5
202604	230B30601	59	開発口銭	0.0	0.0	0.0	0.0	-	-
202604	230B30601	60	部門共通（経費）	542287.0	542560.0	474409.0	11.5	87.4	87.4
202604	230B30601	61	グループ共通	75800.0	75800.0	75800.0	1.8	100.0	100.0
202604	230B30601	62	差引収益	-15404687.0	-16827036.0	-22856129.0		-	-
202604	230B30601	63	差引比率	-129.4	-93.9	-133.3		-	-
202604	230B30601	64	総時間	830.75	831.0	829.5		99.8	99.8
202604	230B30601	65	定時間	510.0	510.0	495.5	59.7	97.1	97.1
202604	230B30601	66	残業時間	50.0	50.0	64.0	7.7	128.0	128.0
202604	230B30601	67	移動時間	0.0	0.0	0.0	0.0	-	-
202604	230B30601	68	部門共通（時間）	270.75	271.0	270.0	32.5	99.6	99.7
202604	230B30601	69	当月時間当り	-18543.1	-20249.1	-27554.1		-	-
202604	230B30601	70	人員	3.0	3.0	3.0		100.0	100.0
202604	003092100	1	総受注高	0.0	0.0	0.0		-	-
202604	003092100	2	【新築】受注高	0.0	0.0	0.0	-	-	-
202604	003092100	3	【リフォ】受注高	0.0	0.0	0.0	-	-	-
202604	003092100	4	【資材】受注高	0.0	0.0	0.0	-	-	-
202604	003092100	5	総売上高	0.0	0.0	0.0		-	-
202604	003092100	6	【新築】売上高	0.0	0.0	0.0	-	-	-
202604	003092100	7	【リフォ】売上高	0.0	0.0	0.0	-	-	-
202604	003092100	8	【資材】売上高	0.0	0.0	0.0	-	-	-
202604	003092100	9	【新築】インセンティブ	0.0	0.0	0.0	-	-	-
202604	003092100	10	【リフォ】インセンティブ	0.0	0.0	0.0	-	-	-
202604	003092100	11	【資材】インセンティブ	0.0	0.0	0.0	-	-	-
202604	003092100	12	収益①（営業口銭）	0.0	0.0	0.0		-	-
202604	003092100	13	【新築】収益①(営業口銭)	0.0	0.0	0.0		-	-
202604	003092100	14	【リフォ】収益①(営業口銭)	0.0	0.0	0.0		-	-
202604	003092100	15	【資材】売上原価	0.0	0.0	0.0		-	-
202604	003092100	16	収益②（資材）	0.0	0.0	0.0		-	-
202604	003092100	17	総収益	0.0	0.0	0.0		-	-
202604	003092100	18	経費合計	0.0	0.0	0.0		-	-
202604	003092100	19	減価償却費	0.0	0.0	0.0	-	-	-
202604	003092100	20	車両費	0.0	0.0	0.0	-	-	-
202604	003092100	21	旅費交通費	0.0	0.0	0.0	-	-	-
202604	003092100	22	荷造運搬費	0.0	0.0	0.0	-	-	-
202604	003092100	23	通信費	0.0	0.0	0.0	-	-	-
202604	003092100	24	水道光熱費	0.0	0.0	0.0	-	-	-
202604	003092100	25	動力費	0.0	0.0	0.0	-	-	-
202604	003092100	26	事務用品費	0.0	0.0	0.0	-	-	-
202604	003092100	27	消耗品費	0.0	0.0	0.0	-	-	-
202604	003092100	28	廃棄物処理料	0.0	0.0	0.0	-	-	-
202604	003092100	29	広告宣伝費	0.0	0.0	0.0	-	-	-
202604	003092100	30	接待交際費	0.0	0.0	0.0	-	-	-
202604	003092100	31	研究開発費	0.0	0.0	0.0	-	-	-
202604	003092100	32	アフターサービス費	0.0	0.0	0.0	-	-	-
202604	003092100	33	クレーム費	0.0	0.0	0.0	-	-	-
202604	003092100	34	賃借料	0.0	0.0	0.0	-	-	-
202604	003092100	35	賃貸料収入	0.0	0.0	0.0	-	-	-
202604	003092100	36	修繕費	0.0	0.0	0.0	-	-	-
202604	003092100	37	支払リース料	0.0	0.0	0.0	-	-	-
202604	003092100	38	保険料	0.0	0.0	0.0	-	-	-
202604	003092100	39	支払報酬	0.0	0.0	0.0	-	-	-
202604	003092100	40	販売手数料	0.0	0.0	0.0	-	-	-
202604	003092100	41	支払手数料	0.0	0.0	0.0	-	-	-
202604	003092100	42	診断料	0.0	0.0	0.0	-	-	-
202604	003092100	43	諸会費	0.0	0.0	0.0	-	-	-
202604	003092100	44	会議費	0.0	0.0	0.0	-	-	-
202604	003092100	45	寄付金	0.0	0.0	0.0	-	-	-
202604	003092100	46	租税公課	0.0	0.0	0.0	-	-	-
202604	003092100	47	業務委託費	0.0	0.0	0.0	-	-	-
202604	003092100	48	業務受託収入	0.0	0.0	0.0	-	-	-
202604	003092100	49	システム管理料	0.0	0.0	0.0	-	-	-
202604	003092100	50	情報機器利用料	0.0	0.0	0.0	-	-	-
202604	003092100	51	貸倒金	0.0	0.0	0.0	-	-	-
202604	003092100	52	雑費	0.0	0.0	0.0	-	-	-
202604	003092100	53	福利消耗品費	0.0	0.0	0.0	-	-	-
202604	003092100	54	教育研修費	0.0	0.0	0.0	-	-	-
202604	003092100	55	廃棄損・減耗損	0.0	0.0	0.0	-	-	-
202604	003092100	56	雑給	0.0	0.0	0.0	-	-	-
202604	003092100	57	社内金利（固定資産）	0.0	0.0	0.0	-	-	-
202604	003092100	58	社内金利（売掛金）	0.0	0.0	0.0	-	-	-
202604	003092100	59	社内金利（在庫）	0.0	0.0	0.0	-	-	-
202604	003092100	60	開発口銭	0.0	0.0	0.0	-	-	-
202604	003092100	61	部門共通（経費）	0.0	0.0	0.0	-	-	-
202604	003092100	62	グループ共通	0.0	0.0	0.0	-	-	-
202604	003092100	63	差引収益	0.0	0.0	0.0		-	-
202604	003092100	64	差引比率	0.0	0.0	0.0		-	-
202604	003092100	65	総時間	0.0	0.0	0.0		-	-
202604	003092100	66	定時間	0.0	0.0	0.0	-	-	-
202604	003092100	67	残業時間	0.0	0.0	0.0	-	-	-
202604	003092100	68	移動時間	0.0	0.0	0.0	-	-	-
202604	003092100	69	部門共通（時間）	0.0	0.0	0.0	-	-	-
202604	003092100	70	当月時間当り	0.0	0.0	0.0		-	-
202604	003092100	71	人員	0.0	0.0	0.0		-	-
202604	400A10200	1	総受注高	56000000.0	114510800.0	138594267.0		121.0	247.4
202604	400A10200	2	【新築】受注高	2000000.0	9000000.0	9000000.0	6.4	100.0	450.0
202604	400A10200	3	【リフォ】受注高	24000000.0	75510800.0	70666115.0	50.9	93.5	294.4
202604	400A10200	4	【資材】受注高	30000000.0	30000000.0	58928152.0	42.5	196.4	196.4
202604	400A10200	5	総売上高	34500000.0	34450000.0	38899246.0		112.9	112.7
202604	400A10200	6	【新築】売上高	0.0	0.0	0.0	0.0	-	-
202604	400A10200	7	【リフォ】売上高	4500000.0	4450000.0	1586115.0	4.0	35.6	35.2
202604	400A10200	8	【資材】売上高	30000000.0	30000000.0	37313131.0	95.9	124.3	124.3
202604	400A10200	9	【新築】インセンティブ	0.0	0.0	0.0	0.0	-	-
202604	400A10200	10	【リフォ】インセンティブ	0.0	0.0	0.0	0.0	-	-
202604	400A10200	11	【資材】インセンティブ	0.0	0.0	0.0	0.0	-	-
202604	400A10200	12	収益①（営業口銭）	675000.0	667500.0	237917.0		35.6	35.2
202604	400A10200	13	【新築】収益①(営業口銭)	0.0	0.0	0.0		-	-
202604	400A10200	14	【リフォ】収益①(営業口銭)	675000.0	667500.0	237917.0		35.6	35.2
202604	400A10200	15	【資材】売上原価	22500000.0	22500000.0	28736887.0		127.7	127.7
202604	400A10200	16	収益②（資材）	7500000.0	7500000.0	8576244.0		114.3	114.3
202604	400A10200	17	総収益	8175000.0	8167500.0	8814161.0		107.9	107.8
202604	400A10200	18	経費合計	4845916.0	4846985.0	4919878.0		101.5	101.5
202604	400A10200	19	減価償却費	34481.0	34481.0	44779.0	0.9	129.8	129.8
202604	400A10200	20	車両費	399112.0	399112.0	598071.0	12.1	149.8	149.8
202604	400A10200	21	旅費交通費	330000.0	330000.0	306101.0	6.2	92.7	92.7
202604	400A10200	22	荷造運搬費	20000.0	20000.0	13060.0	0.2	65.3	65.3
202604	400A10200	23	通信費	99877.0	99877.0	94393.0	1.9	94.5	94.5
202604	400A10200	24	水道光熱費	114000.0	114000.0	38723.0	0.7	33.9	33.9
202604	400A10200	25	動力費	0.0	0.0	0.0	0.0	-	-
202604	400A10200	26	事務用品費	56900.0	56900.0	22128.0	0.4	38.8	38.8
202604	400A10200	27	消耗品費	13500.0	13500.0	7036.0	0.1	52.1	52.1
202604	400A10200	28	廃棄物処理料	130130.0	130130.0	12523.0	0.2	9.6	9.6
202604	400A10200	29	広告宣伝費	0.0	0.0	3000.0	0.0	-	-
202604	400A10200	30	接待交際費	60000.0	63000.0	10683.0	0.2	16.9	17.8
202604	400A10200	31	研究開発費	0.0	0.0	0.0	0.0	-	-
202604	400A10200	32	アフターサービス費	0.0	0.0	0.0	0.0	-	-
202604	400A10200	33	クレーム費	0.0	0.0	0.0	0.0	-	-
202604	400A10200	34	賃借料	518001.0	518001.0	582700.0	11.8	112.4	112.4
202604	400A10200	35	賃貸料収入	-53214.0	-53214.0	-52350.0	-	-	-
202604	400A10200	36	修繕費	0.0	0.0	0.0	0.0	-	-
202604	400A10200	37	支払リース料	0.0	0.0	0.0	0.0	-	-
202604	400A10200	38	保険料	2044.0	2044.0	2044.0	0.0	100.0	100.0
202604	400A10200	39	支払報酬	0.0	0.0	0.0	0.0	-	-
202604	400A10200	40	販売手数料	0.0	0.0	0.0	0.0	-	-
202604	400A10200	41	支払手数料	27474.0	27474.0	26546.0	0.5	96.6	96.6
202604	400A10200	42	診断料	0.0	0.0	0.0	0.0	-	-
202604	400A10200	43	諸会費	500.0	500.0	950.0	0.0	190.0	190.0
202604	400A10200	44	会議費	0.0	0.0	0.0	0.0	-	-
202604	400A10200	45	寄付金	0.0	0.0	0.0	0.0	-	-
202604	400A10200	46	租税公課	80000.0	80000.0	122900.0	2.4	153.6	153.6
202604	400A10200	47	業務委託費	0.0	0.0	0.0	0.0	-	-
202604	400A10200	48	業務受託収入	0.0	0.0	0.0	0.0	-	-
202604	400A10200	49	システム管理料	0.0	0.0	0.0	0.0	-	-
202604	400A10200	50	情報機器利用料	642730.0	642730.0	642184.0	13.0	99.9	99.9
202604	400A10200	51	貸倒金	0.0	0.0	0.0	0.0	-	-
202604	400A10200	52	雑費	5000.0	5000.0	6240.0	0.1	124.8	124.8
202604	400A10200	53	福利消耗品費	2000.0	2000.0	0.0	0.0	0.0	0.0
202604	400A10200	54	教育研修費	13262.0	13262.0	61538.0	1.2	464.0	464.0
202604	400A10200	55	廃棄損・減耗損	37248.0	37248.0	0.0	0.0	0.0	0.0
202604	400A10200	56	雑給	0.0	0.0	0.0	0.0	-	-
202604	400A10200	57	社内金利（固定資産）	12422.0	12422.0	16132.0	0.3	129.8	129.8
202604	400A10200	58	社内金利（売掛金）	65000.0	57136.0	83165.0	1.6	145.5	127.9
202604	400A10200	59	社内金利（在庫）	45000.0	45000.0	41778.0	0.8	92.8	92.8
202604	400A10200	60	開発口銭	0.0	0.0	0.0	0.0	-	-
202604	400A10200	61	部門共通（経費）	1888749.0	1894682.0	1933854.0	39.3	102.0	102.3
202604	400A10200	62	グループ共通	301700.0	301700.0	301700.0	6.1	100.0	100.0
202604	400A10200	63	差引収益	3329084.0	3320515.0	3894283.0		117.2	116.9
202604	400A10200	64	差引比率	9.6	9.6	10.0		104.1	104.1
202604	400A10200	65	総時間	2862.25	2774.0	3109.75		112.1	108.6
202604	400A10200	66	定時間	1544.0	1496.0	1589.25	51.1	106.2	102.9
202604	400A10200	67	残業時間	248.0	220.0	276.5	8.8	125.6	111.4
202604	400A10200	68	移動時間	-182.0	-182.0	-3.75	-	-	-
202604	400A10200	69	部門共通（時間）	1252.25	1240.0	1247.75	40.1	100.6	99.6
202604	400A10200	70	当月時間当り	1163.1	1197.0	1252.2		104.6	107.6
202604	400A10200	71	人員	10.0	10.0	10.0		100.0	100.0
202604	400A10300	1	総受注高	56000000.0	114510800.0	138594267.0		121.0	247.4
202604	400A10300	2	【新築】受注高	2000000.0	9000000.0	9000000.0	6.4	100.0	450.0
202604	400A10300	3	【リフォ】受注高	24000000.0	75510800.0	70666115.0	50.9	93.5	294.4
202604	400A10300	4	【資材】受注高	30000000.0	30000000.0	58928152.0	42.5	196.4	196.4
202604	400A10300	5	総売上高	34500000.0	34450000.0	38899246.0		112.9	112.7
202604	400A10300	6	【新築】売上高	0.0	0.0	0.0	0.0	-	-
202604	400A10300	7	【リフォ】売上高	4500000.0	4450000.0	1586115.0	4.0	35.6	35.2
202604	400A10300	8	【資材】売上高	30000000.0	30000000.0	37313131.0	95.9	124.3	124.3
202604	400A10300	9	【新築】インセンティブ	0.0	0.0	0.0	0.0	-	-
202604	400A10300	10	【リフォ】インセンティブ	0.0	0.0	0.0	0.0	-	-
202604	400A10300	11	【資材】インセンティブ	0.0	0.0	0.0	0.0	-	-
202604	400A10300	12	収益①（営業口銭）	675000.0	667500.0	237917.0		35.6	35.2
202604	400A10300	13	【新築】収益①(営業口銭)	0.0	0.0	0.0		-	-
202604	400A10300	14	【リフォ】収益①(営業口銭)	675000.0	667500.0	237917.0		35.6	35.2
202604	400A10300	15	【資材】売上原価	22500000.0	22500000.0	28736887.0		127.7	127.7
202604	400A10300	16	収益②（資材）	7500000.0	7500000.0	8576244.0		114.3	114.3
202604	400A10300	17	総収益	8175000.0	8167500.0	8814161.0		107.9	107.8
202604	400A10300	18	総出荷	4500000.0	4450000.0	1586115.0		35.6	35.2
202604	400A10300	19	社外売	4500000.0	4450000.0	1586115.0	100.0	35.6	35.2
202604	400A10300	20	社内売	0.0	0.0	0.0	0.0	-	-
202604	400A10300	21	社内仕入	50000.0	0.0	0.0		-	0.0
202604	400A10300	22	仕掛1	580000.0	61200.0	61200.0		100.0	10.5
202604	400A10300	23	総生産	3870000.0	4388800.0	1524915.0		34.7	39.4
202604	400A10300	24	経費合計	21941010.0	25964178.0	28942849.0		111.4	131.9
202604	400A10300	25	経費合計(原価)	14897000.0	18925916.0	21843555.0	75.4	115.4	146.6
202604	400A10300	26	仕掛2	1140000.0	2861380.0	2861380.0	13.0	100.0	250.9
202604	400A10300	27	商品仕入高	8500000.0	13009536.0	12225975.0	55.9	93.9	143.8
202604	400A10300	28	原材料費	0.0	0.0	0.0	0.0	-	-
202604	400A10300	29	外注加工費	4760000.0	2660000.0	6258500.0	28.6	235.2	131.4
202604	400A10300	30	その他 直接経費	497000.0	395000.0	497700.0	2.2	126.0	100.1
202604	400A10300	31	他勘定振替高	0.0	0.0	0.0	0.0	-	-
202604	400A10300	32	経費合計（販管費）	7044010.0	7038262.0	7099294.0	24.5	100.8	100.7
202604	400A10300	33	減価償却費	44779.0	44779.0	51521.0	0.7	115.0	115.0
202604	400A10300	34	車両費	657928.0	657928.0	1184879.0	16.6	180.0	180.0
202604	400A10300	35	旅費交通費	415000.0	415000.0	387974.0	5.4	93.4	93.4
202604	400A10300	36	荷造運搬費	20000.0	20000.0	13060.0	0.1	65.3	65.3
202604	400A10300	37	通信費	118720.0	118720.0	106095.0	1.4	89.3	89.3
202604	400A10300	38	水道光熱費	168000.0	168000.0	70342.0	0.9	41.8	41.8
202604	400A10300	39	動力費	0.0	0.0	0.0	0.0	-	-
202604	400A10300	40	事務用品費	73900.0	73900.0	27520.0	0.3	37.2	37.2
202604	400A10300	41	消耗品費	17500.0	17500.0	9119.0	0.1	52.1	52.1
202604	400A10300	42	廃棄物処理料	169000.0	169000.0	195780.0	2.7	115.8	115.8
202604	400A10300	43	広告宣伝費	0.0	0.0	3000.0	0.0	-	-
202604	400A10300	44	接待交際費	60000.0	63000.0	11417.0	0.1	18.1	19.0
202604	400A10300	45	研究開発費	0.0	0.0	0.0	0.0	-	-
202604	400A10300	46	アフターサービス費	0.0	0.0	0.0	0.0	-	-
202604	400A10300	47	クレーム費	0.0	0.0	0.0	0.0	-	-
202604	400A10300	48	賃借料	742228.0	742228.0	805928.0	11.3	108.5	108.5
202604	400A10300	49	賃貸料収入	-65001.0	-65001.0	-65000.0	-	-	-
202604	400A10300	50	修繕費	0.0	0.0	0.0	0.0	-	-
202604	400A10300	51	支払リース料	0.0	0.0	0.0	0.0	-	-
202604	400A10300	52	保険料	21844.0	21844.0	2044.0	0.0	9.3	9.3
202604	400A10300	53	支払報酬	0.0	0.0	0.0	0.0	-	-
202604	400A10300	54	販売手数料	0.0	0.0	0.0	0.0	-	-
202604	400A10300	55	支払手数料	31200.0	31200.0	30723.0	0.4	98.4	98.4
202604	400A10300	56	診断料	0.0	0.0	0.0	0.0	-	-
202604	400A10300	57	諸会費	500.0	500.0	950.0	0.0	190.0	190.0
202604	400A10300	58	会議費	0.0	0.0	0.0	0.0	-	-
202604	400A10300	59	寄付金	0.0	0.0	0.0	0.0	-	-
202604	400A10300	60	租税公課	80000.0	80000.0	122900.0	1.7	153.6	153.6
202604	400A10300	61	業務委託費	0.0	0.0	0.0	0.0	-	-
202604	400A10300	62	業務受託収入	0.0	0.0	0.0	0.0	-	-
202604	400A10300	63	システム管理料	0.0	0.0	0.0	0.0	-	-
202604	400A10300	64	情報機器利用料	738940.0	738940.0	771994.0	10.8	104.4	104.4
202604	400A10300	65	貸倒金	0.0	0.0	0.0	0.0	-	-
202604	400A10300	66	雑費	5500.0	5500.0	6740.0	0.0	122.5	122.5
202604	400A10300	67	福利消耗品費	2000.0	2000.0	0.0	0.0	0.0	0.0
202604	400A10300	68	教育研修費	17223.0	17223.0	65513.0	0.9	380.3	380.3
202604	400A10300	69	廃棄損・減耗損	37248.0	37248.0	0.0	0.0	0.0	0.0
202604	400A10300	70	雑給	0.0	0.0	0.0	0.0	-	-
202604	400A10300	71	社内金利（固定資産）	16132.0	16132.0	17309.0	0.2	107.2	107.2
202604	400A10300	72	社内金利（売掛金）	65000.0	57136.0	83165.0	1.1	145.5	127.9
202604	400A10300	73	社内金利（在庫）	45000.0	45000.0	41778.0	0.5	92.8	92.8
202604	400A10300	74	営業口銭①（新築）	0.0	0.0	0.0	0.0	-	-
202604	400A10300	75	営業口銭②（リフォ）	675000.0	667500.0	237917.0	3.3	35.6	35.2
202604	400A10300	76	開発口銭	0.0	0.0	0.0	0.0	-	-
202604	400A10300	77	部門共通（経費）	2534169.0	2540785.0	2564426.0	36.1	100.9	101.1
202604	400A10300	78	グループ共通	352200.0	352200.0	352200.0	4.9	100.0	100.0
202604	400A10300	79	差引収益	-9896010.0	-13407878.0	-18603773.0		-	-
202604	400A10300	80	差引比率	-25.7	-34.5	-46.0		-	-
202604	400A10300	81	総時間	3963.0	3863.0	4024.25		104.1	101.5
202604	400A10300	82	定時間	2024.0	1968.0	2059.5	51.1	104.6	101.7
202604	400A10300	83	残業時間	308.0	278.0	325.5	8.0	117.0	105.6
202604	400A10300	84	移動時間	-3.0	-3.0	5.0	0.1	-	-
202604	400A10300	85	部門共通（時間）	1634.0	1620.0	1634.25	40.6	100.8	100.0
202604	400A10300	86	当月時間当り	-2497.1	-3470.8	-4622.9		-	-
202604	400A10300	87	人員	13.0	13.0	13.0		100.0	100.0
202604	400A30100	1	総出荷	4500000.0	4450000.0	1586115.0		35.6	35.2
202604	400A30100	2	社外売	4500000.0	4450000.0	1586115.0	100.0	35.6	35.2
202604	400A30100	3	社内売	0.0	0.0	0.0	0.0	-	-
202604	400A30100	4	社内仕入	50000.0	0.0	0.0		-	0.0
202604	400A30100	5	仕掛1	580000.0	61200.0	61200.0		100.0	10.5
202604	400A30100	6	総生産	3870000.0	4388800.0	1524915.0		34.7	39.4
202604	400A30100	7	経費合計	17095094.0	21117193.0	24022971.0		113.7	140.5
202604	400A30100	8	経費合計(原価)	14897000.0	18925916.0	21843555.0	90.9	115.4	146.6
202604	400A30100	9	仕掛2	1140000.0	2861380.0	2861380.0	13.0	100.0	250.9
202604	400A30100	10	商品仕入高	8500000.0	13009536.0	12225975.0	55.9	93.9	143.8
202604	400A30100	11	原材料費	0.0	0.0	0.0	0.0	-	-
202604	400A30100	12	外注加工費	4760000.0	2660000.0	6258500.0	28.6	235.2	131.4
202604	400A30100	13	その他 直接経費	497000.0	395000.0	497700.0	2.2	126.0	100.1
202604	400A30100	14	他勘定振替高	0.0	0.0	0.0	0.0	-	-
202604	400A30100	15	経費合計（販管費）	2198094.0	2191277.0	2179416.0	9.0	99.4	99.1
202604	400A30100	16	減価償却費	10298.0	10298.0	6742.0	0.3	65.4	65.4
202604	400A30100	17	車両費	258816.0	258816.0	586808.0	26.9	226.7	226.7
202604	400A30100	18	旅費交通費	85000.0	85000.0	81873.0	3.7	96.3	96.3
202604	400A30100	19	荷造運搬費	0.0	0.0	0.0	0.0	-	-
202604	400A30100	20	通信費	18843.0	18843.0	11702.0	0.5	62.1	62.1
202604	400A30100	21	水道光熱費	54000.0	54000.0	31619.0	1.4	58.5	58.5
202604	400A30100	22	動力費	0.0	0.0	0.0	0.0	-	-
202604	400A30100	23	事務用品費	17000.0	17000.0	5392.0	0.2	31.7	31.7
202604	400A30100	24	消耗品費	4000.0	4000.0	2083.0	0.0	52.0	52.0
202604	400A30100	25	廃棄物処理料	38870.0	38870.0	183257.0	8.4	471.4	471.4
202604	400A30100	26	広告宣伝費	0.0	0.0	0.0	0.0	-	-
202604	400A30100	27	接待交際費	0.0	0.0	734.0	0.0	-	-
202604	400A30100	28	研究開発費	0.0	0.0	0.0	0.0	-	-
202604	400A30100	29	アフターサービス費	0.0	0.0	0.0	0.0	-	-
202604	400A30100	30	クレーム費	0.0	0.0	0.0	0.0	-	-
202604	400A30100	31	賃借料	224227.0	224227.0	223228.0	10.2	99.5	99.5
202604	400A30100	32	賃貸料収入	-11787.0	-11787.0	-12650.0	-	-	-
202604	400A30100	33	修繕費	0.0	0.0	0.0	0.0	-	-
202604	400A30100	34	支払リース料	0.0	0.0	0.0	0.0	-	-
202604	400A30100	35	保険料	19800.0	19800.0	0.0	0.0	0.0	0.0
202604	400A30100	36	支払報酬	0.0	0.0	0.0	0.0	-	-
202604	400A30100	37	販売手数料	0.0	0.0	0.0	0.0	-	-
202604	400A30100	38	支払手数料	3726.0	3726.0	4177.0	0.1	112.1	112.1
202604	400A30100	39	診断料	0.0	0.0	0.0	0.0	-	-
202604	400A30100	40	諸会費	0.0	0.0	0.0	0.0	-	-
202604	400A30100	41	会議費	0.0	0.0	0.0	0.0	-	-
202604	400A30100	42	寄付金	0.0	0.0	0.0	0.0	-	-
202604	400A30100	43	租税公課	0.0	0.0	0.0	0.0	-	-
202604	400A30100	44	業務委託費	0.0	0.0	0.0	0.0	-	-
202604	400A30100	45	業務受託収入	0.0	0.0	0.0	0.0	-	-
202604	400A30100	46	システム管理料	0.0	0.0	0.0	0.0	-	-
202604	400A30100	47	情報機器利用料	96210.0	96210.0	129810.0	5.9	134.9	134.9
202604	400A30100	48	貸倒金	0.0	0.0	0.0	0.0	-	-
202604	400A30100	49	雑費	500.0	500.0	500.0	0.0	100.0	100.0
202604	400A30100	50	福利消耗品費	0.0	0.0	0.0	0.0	-	-
202604	400A30100	51	教育研修費	3961.0	3961.0	3975.0	0.1	100.3	100.3
202604	400A30100	52	廃棄損・減耗損	0.0	0.0	0.0	0.0	-	-
202604	400A30100	53	雑給	0.0	0.0	0.0	0.0	-	-
202604	400A30100	54	社内金利（固定資産）	3710.0	3710.0	1177.0	0.0	31.7	31.7
202604	400A30100	55	社内金利（売掛金）	0.0	0.0	0.0	0.0	-	-
202604	400A30100	56	社内金利（在庫）	0.0	0.0	0.0	0.0	-	-
202604	400A30100	57	営業口銭①（新築）	0.0	0.0	0.0	0.0	-	-
202604	400A30100	58	営業口銭②（リフォ）	675000.0	667500.0	237917.0	10.9	35.6	35.2
202604	400A30100	59	開発口銭	0.0	0.0	0.0	0.0	-	-
202604	400A30100	60	部門共通（経費）	645420.0	646103.0	630572.0	28.9	97.5	97.6
202604	400A30100	61	グループ共通	50500.0	50500.0	50500.0	2.3	100.0	100.0
202604	400A30100	62	差引収益	-13225094.0	-16728393.0	-22498056.0		-	-
202604	400A30100	63	差引比率	-341.7	-381.1	-1475.3		-	-
202604	400A30100	64	総時間	1100.75	1089.0	914.5		83.9	83.0
202604	400A30100	65	定時間	480.0	472.0	470.25	51.4	99.6	97.9
202604	400A30100	66	残業時間	60.0	58.0	49.0	5.3	84.4	81.6
202604	400A30100	67	移動時間	179.0	179.0	8.75	0.9	4.8	4.8
202604	400A30100	68	部門共通（時間）	381.75	380.0	386.5	42.2	101.7	101.2
202604	400A30100	69	当月時間当り	-12014.6	-15361.2	-24601.4		-	-
202604	400A30100	70	人員	3.0	3.0	3.0		100.0	100.0
202604	040A10200	1	総受注高	600000.0	600000.0	21049825.0		3,508.3	3,508.3
202604	040A10200	2	【新築】受注高	0.0	0.0	0.0	0.0	-	-
202604	040A10200	3	【リフォ】受注高	0.0	0.0	13760000.0	65.3	-	-
202604	040A10200	4	【資材】受注高	600000.0	600000.0	7289825.0	34.6	1,214.9	1,214.9
202604	040A10200	5	総売上高	600000.0	600000.0	1085813.0		180.9	180.9
202604	040A10200	6	【新築】売上高	0.0	0.0	0.0	0.0	-	-
202604	040A10200	7	【リフォ】売上高	0.0	0.0	0.0	0.0	-	-
202604	040A10200	8	【資材】売上高	600000.0	600000.0	1085813.0	100.0	180.9	180.9
202604	040A10200	9	【新築】インセンティブ	0.0	0.0	0.0	0.0	-	-
202604	040A10200	10	【リフォ】インセンティブ	0.0	0.0	0.0	0.0	-	-
202604	040A10200	11	【資材】インセンティブ	0.0	0.0	0.0	0.0	-	-
202604	040A10200	12	収益①（営業口銭）	0.0	0.0	0.0		-	-
202604	040A10200	13	【新築】収益①(営業口銭)	0.0	0.0	0.0		-	-
202604	040A10200	14	【リフォ】収益①(営業口銭)	0.0	0.0	0.0		-	-
202604	040A10200	15	【資材】売上原価	480000.0	480000.0	955424.0		199.0	199.0
202604	040A10200	16	収益②（資材）	120000.0	120000.0	130389.0		108.6	108.6
202604	040A10200	17	総収益	120000.0	120000.0	130389.0		108.6	108.6
202604	040A10200	18	経費合計	682719.0	692319.0	761587.0		110.0	111.5
202604	040A10200	19	減価償却費	0.0	0.0	0.0	0.0	-	-
202604	040A10200	20	車両費	0.0	0.0	0.0	0.0	-	-
202604	040A10200	21	旅費交通費	70000.0	70000.0	71982.0	9.4	102.8	102.8
202604	040A10200	22	荷造運搬費	0.0	0.0	0.0	0.0	-	-
202604	040A10200	23	通信費	0.0	0.0	0.0	0.0	-	-
202604	040A10200	24	水道光熱費	0.0	0.0	0.0	0.0	-	-
202604	040A10200	25	動力費	0.0	0.0	0.0	0.0	-	-
202604	040A10200	26	事務用品費	0.0	0.0	0.0	0.0	-	-
202604	040A10200	27	消耗品費	0.0	0.0	0.0	0.0	-	-
202604	040A10200	28	廃棄物処理料	0.0	0.0	0.0	0.0	-	-
202604	040A10200	29	広告宣伝費	0.0	0.0	0.0	0.0	-	-
202604	040A10200	30	接待交際費	0.0	0.0	0.0	0.0	-	-
202604	040A10200	31	研究開発費	0.0	0.0	0.0	0.0	-	-
202604	040A10200	32	アフターサービス費	0.0	0.0	0.0	0.0	-	-
202604	040A10200	33	クレーム費	0.0	0.0	0.0	0.0	-	-
202604	040A10200	34	賃借料	14900.0	14900.0	14900.0	1.9	100.0	100.0
202604	040A10200	35	賃貸料収入	0.0	0.0	0.0	0.0	-	-
202604	040A10200	36	修繕費	0.0	0.0	0.0	0.0	-	-
202604	040A10200	37	支払リース料	0.0	0.0	0.0	0.0	-	-
202604	040A10200	38	保険料	0.0	0.0	0.0	0.0	-	-
202604	040A10200	39	支払報酬	0.0	0.0	0.0	0.0	-	-
202604	040A10200	40	販売手数料	0.0	0.0	0.0	0.0	-	-
202604	040A10200	41	支払手数料	0.0	0.0	600.0	0.0	-	-
202604	040A10200	42	診断料	0.0	0.0	0.0	0.0	-	-
202604	040A10200	43	諸会費	0.0	0.0	0.0	0.0	-	-
202604	040A10200	44	会議費	0.0	0.0	0.0	0.0	-	-
202604	040A10200	45	寄付金	0.0	0.0	0.0	0.0	-	-
202604	040A10200	46	租税公課	0.0	0.0	0.0	0.0	-	-
202604	040A10200	47	業務委託費	0.0	0.0	0.0	0.0	-	-
202604	040A10200	48	業務受託収入	0.0	0.0	0.0	0.0	-	-
202604	040A10200	49	システム管理料	0.0	0.0	0.0	0.0	-	-
202604	040A10200	50	情報機器利用料	0.0	0.0	0.0	0.0	-	-
202604	040A10200	51	貸倒金	0.0	0.0	0.0	0.0	-	-
202604	040A10200	52	雑費	0.0	0.0	0.0	0.0	-	-
202604	040A10200	53	福利消耗品費	0.0	0.0	0.0	0.0	-	-
202604	040A10200	54	教育研修費	0.0	0.0	0.0	0.0	-	-
202604	040A10200	55	廃棄損・減耗損	0.0	0.0	0.0	0.0	-	-
202604	040A10200	56	雑給	0.0	0.0	0.0	0.0	-	-
202604	040A10200	57	社内金利（固定資産）	0.0	0.0	0.0	0.0	-	-
202604	040A10200	58	社内金利（売掛金）	50000.0	50000.0	62365.0	8.1	124.7	124.7
202604	040A10200	59	社内金利（在庫）	0.0	0.0	358.0	0.0	-	-
202604	040A10200	60	開発口銭	0.0	0.0	0.0	0.0	-	-
202604	040A10200	61	部門共通（経費）	547819.0	557419.0	611382.0	80.2	109.6	111.6
202604	040A10200	62	グループ共通	0.0	0.0	0.0	0.0	-	-
202604	040A10200	63	差引収益	-562719.0	-572319.0	-631198.0		-	-
202604	040A10200	64	差引比率	-93.7	-95.3	-58.1		-	-
202604	040A10200	65	総時間	347.75	344.5	348.25		101.0	100.1
202604	040A10200	66	定時間	0.0	0.0	0.0	0.0	-	-
202604	040A10200	67	残業時間	0.0	0.0	0.0	0.0	-	-
202604	040A10200	68	移動時間	90.0	90.0	90.0	25.8	100.0	100.0
202604	040A10200	69	部門共通（時間）	257.75	254.5	258.25	74.1	101.4	100.1
202604	040A10200	70	当月時間当り	-1618.1	-1661.3	-1812.4		-	-
202604	040A10200	71	人員	0.0	0.0	0.0		-	-
202604	040A10400	1	総受注高	600000.0	600000.0	21049825.0		3,508.3	3,508.3
202604	040A10400	2	【新築】受注高	0.0	0.0	0.0	0.0	-	-
202604	040A10400	3	【リフォ】受注高	0.0	0.0	13760000.0	65.3	-	-
202604	040A10400	4	【資材】受注高	600000.0	600000.0	7289825.0	34.6	1,214.9	1,214.9
202604	040A10400	5	総売上高	600000.0	600000.0	1085813.0		180.9	180.9
202604	040A10400	6	【新築】売上高	0.0	0.0	0.0	0.0	-	-
202604	040A10400	7	【リフォ】売上高	0.0	0.0	0.0	0.0	-	-
202604	040A10400	8	【資材】売上高	600000.0	600000.0	1085813.0	100.0	180.9	180.9
202604	040A10400	9	【新築】インセンティブ	0.0	0.0	0.0	0.0	-	-
202604	040A10400	10	【リフォ】インセンティブ	0.0	0.0	0.0	0.0	-	-
202604	040A10400	11	【資材】インセンティブ	0.0	0.0	0.0	0.0	-	-
202604	040A10400	12	収益①（営業口銭）	0.0	0.0	0.0		-	-
202604	040A10400	13	【新築】収益①(営業口銭)	0.0	0.0	0.0		-	-
202604	040A10400	14	【リフォ】収益①(営業口銭)	0.0	0.0	0.0		-	-
202604	040A10400	15	【資材】売上原価	480000.0	480000.0	955424.0		199.0	199.0
202604	040A10400	16	収益②（資材）	120000.0	120000.0	130389.0		108.6	108.6
202604	040A10400	17	総収益	120000.0	120000.0	130389.0		108.6	108.6
202604	040A10400	18	総出荷	0.0	0.0	0.0		-	-
202604	040A10400	19	社外売	0.0	0.0	0.0	-	-	-
202604	040A10400	20	社内売	0.0	0.0	0.0	-	-	-
202604	040A10400	21	社内仕入	0.0	0.0	10000.0		-	-
202604	040A10400	22	仕掛1	0.0	0.0	0.0		-	-
202604	040A10400	23	総生産	0.0	0.0	-10000.0		-	-
202604	040A10400	24	経費合計	848931.0	1410330.0	3969450.0		281.4	467.5
202604	040A10400	25	経費合計(原価)	0.0	550000.0	3051722.0	76.8	554.8	-
202604	040A10400	26	仕掛2	0.0	0.0	0.0	0.0	-	-
202604	040A10400	27	商品仕入高	0.0	0.0	2887622.0	94.6	-	-
202604	040A10400	28	原材料費	0.0	0.0	0.0	0.0	-	-
202604	040A10400	29	外注加工費	0.0	550000.0	164100.0	5.3	29.8	-
202604	040A10400	30	その他 直接経費	0.0	0.0	0.0	0.0	-	-
202604	040A10400	31	他勘定振替高	0.0	0.0	0.0	0.0	-	-
202604	040A10400	32	経費合計（販管費）	848931.0	860330.0	917728.0	23.1	106.6	108.1
202604	040A10400	33	減価償却費	0.0	0.0	0.0	0.0	-	-
202604	040A10400	34	車両費	0.0	0.0	0.0	0.0	-	-
202604	040A10400	35	旅費交通費	70000.0	70000.0	71982.0	7.8	102.8	102.8
202604	040A10400	36	荷造運搬費	0.0	0.0	0.0	0.0	-	-
202604	040A10400	37	通信費	0.0	0.0	0.0	0.0	-	-
202604	040A10400	38	水道光熱費	0.0	0.0	0.0	0.0	-	-
202604	040A10400	39	動力費	0.0	0.0	0.0	0.0	-	-
202604	040A10400	40	事務用品費	0.0	0.0	0.0	0.0	-	-
202604	040A10400	41	消耗品費	0.0	0.0	0.0	0.0	-	-
202604	040A10400	42	廃棄物処理料	0.0	0.0	0.0	0.0	-	-
202604	040A10400	43	広告宣伝費	0.0	0.0	0.0	0.0	-	-
202604	040A10400	44	接待交際費	0.0	0.0	0.0	0.0	-	-
202604	040A10400	45	研究開発費	0.0	0.0	0.0	0.0	-	-
202604	040A10400	46	アフターサービス費	0.0	0.0	0.0	0.0	-	-
202604	040A10400	47	クレーム費	0.0	0.0	0.0	0.0	-	-
202604	040A10400	48	賃借料	14900.0	14900.0	14900.0	1.6	100.0	100.0
202604	040A10400	49	賃貸料収入	0.0	0.0	0.0	0.0	-	-
202604	040A10400	50	修繕費	0.0	0.0	0.0	0.0	-	-
202604	040A10400	51	支払リース料	0.0	0.0	0.0	0.0	-	-
202604	040A10400	52	保険料	0.0	0.0	0.0	0.0	-	-
202604	040A10400	53	支払報酬	0.0	0.0	0.0	0.0	-	-
202604	040A10400	54	販売手数料	0.0	0.0	0.0	0.0	-	-
202604	040A10400	55	支払手数料	0.0	0.0	600.0	0.0	-	-
202604	040A10400	56	診断料	0.0	0.0	0.0	0.0	-	-
202604	040A10400	57	諸会費	0.0	0.0	0.0	0.0	-	-
202604	040A10400	58	会議費	0.0	0.0	0.0	0.0	-	-
202604	040A10400	59	寄付金	0.0	0.0	0.0	0.0	-	-
202604	040A10400	60	租税公課	0.0	0.0	0.0	0.0	-	-
202604	040A10400	61	業務委託費	0.0	0.0	0.0	0.0	-	-
202604	040A10400	62	業務受託収入	0.0	0.0	0.0	0.0	-	-
202604	040A10400	63	システム管理料	0.0	0.0	0.0	0.0	-	-
202604	040A10400	64	情報機器利用料	0.0	0.0	0.0	0.0	-	-
202604	040A10400	65	貸倒金	0.0	0.0	0.0	0.0	-	-
202604	040A10400	66	雑費	0.0	0.0	0.0	0.0	-	-
202604	040A10400	67	福利消耗品費	0.0	0.0	0.0	0.0	-	-
202604	040A10400	68	教育研修費	0.0	0.0	0.0	0.0	-	-
202604	040A10400	69	廃棄損・減耗損	0.0	0.0	0.0	0.0	-	-
202604	040A10400	70	雑給	0.0	0.0	0.0	0.0	-	-
202604	040A10400	71	社内金利（固定資産）	0.0	0.0	0.0	0.0	-	-
202604	040A10400	72	社内金利（売掛金）	50000.0	50000.0	62365.0	6.7	124.7	124.7
202604	040A10400	73	社内金利（在庫）	0.0	0.0	358.0	0.0	-	-
202604	040A10400	74	営業口銭①（新築）	0.0	0.0	0.0	0.0	-	-
202604	040A10400	75	営業口銭②（リフォ）	0.0	0.0	0.0	0.0	-	-
202604	040A10400	76	開発口銭	0.0	0.0	0.0	0.0	-	-
202604	040A10400	77	部門共通（経費）	714031.0	725430.0	767523.0	83.6	105.8	107.4
202604	040A10400	78	グループ共通	0.0	0.0	0.0	0.0	-	-
202604	040A10400	79	差引収益	-728931.0	-1290330.0	-3849061.0		-	-
202604	040A10400	80	差引比率	-121.4	-215.0	-357.7		-	-
202604	040A10400	81	総時間	528.75	524.75	530.75		101.1	100.3
202604	040A10400	82	定時間	0.0	0.0	0.0	0.0	-	-
202604	040A10400	83	残業時間	0.0	0.0	0.0	0.0	-	-
202604	040A10400	84	移動時間	180.0	180.0	180.0	33.9	100.0	100.0
202604	040A10400	85	部門共通（時間）	348.75	344.75	350.75	66.0	101.7	100.5
202604	040A10400	86	当月時間当り	-1378.5	-2458.9	-7252.1		-	-
202604	040A10400	87	人員	0.0	0.0	0.0		-	-
202604	040A30201	1	総出荷	0.0	0.0	0.0		-	-
202604	040A30201	2	社外売	0.0	0.0	0.0	-	-	-
202604	040A30201	3	社内売	0.0	0.0	0.0	-	-	-
202604	040A30201	4	社内仕入	0.0	0.0	10000.0		-	-
202604	040A30201	5	仕掛1	0.0	0.0	0.0		-	-
202604	040A30201	6	総生産	0.0	0.0	-10000.0		-	-
202604	040A30201	7	経費合計	166212.0	718011.0	3207863.0		446.7	1,929.9
202604	040A30201	8	経費合計(原価)	0.0	550000.0	3051722.0	95.1	554.8	-
202604	040A30201	9	仕掛2	0.0	0.0	0.0	0.0	-	-
202604	040A30201	10	商品仕入高	0.0	0.0	2887622.0	94.6	-	-
202604	040A30201	11	原材料費	0.0	0.0	0.0	0.0	-	-
202604	040A30201	12	外注加工費	0.0	550000.0	164100.0	5.3	29.8	-
202604	040A30201	13	その他 直接経費	0.0	0.0	0.0	0.0	-	-
202604	040A30201	14	他勘定振替高	0.0	0.0	0.0	0.0	-	-
202604	040A30201	15	経費合計（販管費）	166212.0	168011.0	156141.0	4.8	92.9	93.9
202604	040A30201	16	減価償却費	0.0	0.0	0.0	0.0	-	-
202604	040A30201	17	車両費	0.0	0.0	0.0	0.0	-	-
202604	040A30201	18	旅費交通費	0.0	0.0	0.0	0.0	-	-
202604	040A30201	19	荷造運搬費	0.0	0.0	0.0	0.0	-	-
202604	040A30201	20	通信費	0.0	0.0	0.0	0.0	-	-
202604	040A30201	21	水道光熱費	0.0	0.0	0.0	0.0	-	-
202604	040A30201	22	動力費	0.0	0.0	0.0	0.0	-	-
202604	040A30201	23	事務用品費	0.0	0.0	0.0	0.0	-	-
202604	040A30201	24	消耗品費	0.0	0.0	0.0	0.0	-	-
202604	040A30201	25	廃棄物処理料	0.0	0.0	0.0	0.0	-	-
202604	040A30201	26	広告宣伝費	0.0	0.0	0.0	0.0	-	-
202604	040A30201	27	接待交際費	0.0	0.0	0.0	0.0	-	-
202604	040A30201	28	研究開発費	0.0	0.0	0.0	0.0	-	-
202604	040A30201	29	アフターサービス費	0.0	0.0	0.0	0.0	-	-
202604	040A30201	30	クレーム費	0.0	0.0	0.0	0.0	-	-
202604	040A30201	31	賃借料	0.0	0.0	0.0	0.0	-	-
202604	040A30201	32	賃貸料収入	0.0	0.0	0.0	0.0	-	-
202604	040A30201	33	修繕費	0.0	0.0	0.0	0.0	-	-
202604	040A30201	34	支払リース料	0.0	0.0	0.0	0.0	-	-
202604	040A30201	35	保険料	0.0	0.0	0.0	0.0	-	-
202604	040A30201	36	支払報酬	0.0	0.0	0.0	0.0	-	-
202604	040A30201	37	販売手数料	0.0	0.0	0.0	0.0	-	-
202604	040A30201	38	支払手数料	0.0	0.0	0.0	0.0	-	-
202604	040A30201	39	診断料	0.0	0.0	0.0	0.0	-	-
202604	040A30201	40	諸会費	0.0	0.0	0.0	0.0	-	-
202604	040A30201	41	会議費	0.0	0.0	0.0	0.0	-	-
202604	040A30201	42	寄付金	0.0	0.0	0.0	0.0	-	-
202604	040A30201	43	租税公課	0.0	0.0	0.0	0.0	-	-
202604	040A30201	44	業務委託費	0.0	0.0	0.0	0.0	-	-
202604	040A30201	45	業務受託収入	0.0	0.0	0.0	0.0	-	-
202604	040A30201	46	システム管理料	0.0	0.0	0.0	0.0	-	-
202604	040A30201	47	情報機器利用料	0.0	0.0	0.0	0.0	-	-
202604	040A30201	48	貸倒金	0.0	0.0	0.0	0.0	-	-
202604	040A30201	49	雑費	0.0	0.0	0.0	0.0	-	-
202604	040A30201	50	福利消耗品費	0.0	0.0	0.0	0.0	-	-
202604	040A30201	51	教育研修費	0.0	0.0	0.0	0.0	-	-
202604	040A30201	52	廃棄損・減耗損	0.0	0.0	0.0	0.0	-	-
202604	040A30201	53	雑給	0.0	0.0	0.0	0.0	-	-
202604	040A30201	54	社内金利（固定資産）	0.0	0.0	0.0	0.0	-	-
202604	040A30201	55	社内金利（売掛金）	0.0	0.0	0.0	0.0	-	-
202604	040A30201	56	社内金利（在庫）	0.0	0.0	0.0	0.0	-	-
202604	040A30201	57	営業口銭①（新築）	0.0	0.0	0.0	0.0	-	-
202604	040A30201	58	営業口銭②（リフォ）	0.0	0.0	0.0	0.0	-	-
202604	040A30201	59	開発口銭	0.0	0.0	0.0	0.0	-	-
202604	040A30201	60	部門共通（経費）	166212.0	168011.0	156141.0	100.0	92.9	93.9
202604	040A30201	61	グループ共通	0.0	0.0	0.0	0.0	-	-
202604	040A30201	62	差引収益	-166212.0	-718011.0	-3217863.0		-	-
202604	040A30201	63	差引比率	0.0	0.0	32178.6		-	-
202604	040A30201	64	総時間	181.0	180.25	182.5		101.2	100.8
202604	040A30201	65	定時間	0.0	0.0	0.0	0.0	-	-
202604	040A30201	66	残業時間	0.0	0.0	0.0	0.0	-	-
202604	040A30201	67	移動時間	90.0	90.0	90.0	49.3	100.0	100.0
202604	040A30201	68	部門共通（時間）	91.0	90.25	92.5	50.6	102.4	101.6
202604	040A30201	69	当月時間当り	-918.2	-3983.4	-17632.1		-	-
202604	040A30201	70	人員	0.0	0.0	0.0		-	-
202604	230H61210	1	総受注高	0.0	0.0	0.0		-	-
202604	230H61210	2	【新築】受注高	0.0	0.0	0.0	-	-	-
202604	230H61210	3	【リフォ】受注高	0.0	0.0	0.0	-	-	-
202604	230H61210	4	【資材】受注高	0.0	0.0	0.0	-	-	-
202604	230H61210	5	総売上高	0.0	0.0	0.0		-	-
202604	230H61210	6	【新築】売上高	0.0	0.0	0.0	-	-	-
202604	230H61210	7	【リフォ】売上高	0.0	0.0	0.0	-	-	-
202604	230H61210	8	【資材】売上高	0.0	0.0	0.0	-	-	-
202604	230H61210	9	【新築】インセンティブ	0.0	0.0	0.0	-	-	-
202604	230H61210	10	【リフォ】インセンティブ	0.0	0.0	0.0	-	-	-
202604	230H61210	11	【資材】インセンティブ	0.0	0.0	0.0	-	-	-
202604	230H61210	12	収益①（営業口銭）	0.0	0.0	0.0		-	-
202604	230H61210	13	【新築】収益①(営業口銭)	0.0	0.0	0.0		-	-
202604	230H61210	14	【リフォ】収益①(営業口銭)	0.0	0.0	0.0		-	-
202604	230H61210	15	【資材】売上原価	0.0	0.0	0.0		-	-
202604	230H61210	16	収益②（資材）	0.0	0.0	0.0		-	-
202604	230H61210	17	総収益	0.0	0.0	0.0		-	-
202604	230H61210	18	経費合計	0.0	0.0	0.0		-	-
202604	230H61210	19	減価償却費	0.0	0.0	0.0	-	-	-
202604	230H61210	20	車両費	27905.0	27905.0	43362.0	-	155.3	155.3
202604	230H61210	21	旅費交通費	7320.0	7320.0	6655.0	-	90.9	90.9
202604	230H61210	22	荷造運搬費	76440.0	76440.0	75750.0	-	99.0	99.0
202604	230H61210	23	通信費	10437.0	10437.0	46206.0	-	442.7	442.7
202604	230H61210	24	水道光熱費	31526.0	31526.0	26855.0	-	85.1	85.1
202604	230H61210	25	動力費	0.0	0.0	0.0	-	-	-
202604	230H61210	26	事務用品費	2932.0	2932.0	1885.0	-	64.2	64.2
202604	230H61210	27	消耗品費	3977.0	3977.0	2032.0	-	51.0	51.0
202604	230H61210	28	廃棄物処理料	3102.0	3102.0	2386.0	-	76.9	76.9
202604	230H61210	29	広告宣伝費	0.0	0.0	0.0	-	-	-
202604	230H61210	30	接待交際費	0.0	0.0	0.0	-	-	-
202604	230H61210	31	研究開発費	0.0	0.0	0.0	-	-	-
202604	230H61210	32	アフターサービス費	0.0	0.0	0.0	-	-	-
202604	230H61210	33	クレーム費	0.0	0.0	0.0	-	-	-
202604	230H61210	34	賃借料	498440.0	498440.0	498440.0	-	100.0	100.0
202604	230H61210	35	賃貸料収入	0.0	0.0	0.0	-	-	-
202604	230H61210	36	修繕費	0.0	0.0	0.0	-	-	-
202604	230H61210	37	支払リース料	2918.0	2918.0	810.0	-	27.7	27.7
202604	230H61210	38	保険料	0.0	0.0	0.0	-	-	-
202604	230H61210	39	支払報酬	50000.0	50000.0	50000.0	-	100.0	100.0
202604	230H61210	40	販売手数料	0.0	0.0	0.0	-	-	-
202604	230H61210	41	支払手数料	1100.0	1100.0	440.0	-	40.0	40.0
202604	230H61210	42	診断料	0.0	0.0	0.0	-	-	-
202604	230H61210	43	諸会費	500.0	500.0	500.0	-	100.0	100.0
202604	230H61210	44	会議費	0.0	0.0	0.0	-	-	-
202604	230H61210	45	寄付金	0.0	0.0	0.0	-	-	-
202604	230H61210	46	租税公課	0.0	0.0	0.0	-	-	-
202604	230H61210	47	業務委託費	0.0	0.0	0.0	-	-	-
202604	230H61210	48	業務受託収入	0.0	0.0	0.0	-	-	-
202604	230H61210	49	システム管理料	0.0	0.0	0.0	-	-	-
202604	230H61210	50	情報機器利用料	402820.0	402820.0	424670.0	-	105.4	105.4
202604	230H61210	51	貸倒金	0.0	0.0	0.0	-	-	-
202604	230H61210	52	雑費	1133.0	1133.0	1132.0	-	99.9	99.9
202604	230H61210	53	福利消耗品費	0.0	0.0	0.0	-	-	-
202604	230H61210	54	教育研修費	1220.0	1220.0	1220.0	-	100.0	100.0
202604	230H61210	55	廃棄損・減耗損	0.0	0.0	0.0	-	-	-
202604	230H61210	56	雑給	0.0	0.0	0.0	-	-	-
202604	230H61210	57	社内金利（固定資産）	0.0	0.0	0.0	-	-	-
202604	230H61210	58	社内金利（売掛金）	0.0	0.0	0.0	-	-	-
202604	230H61210	59	社内金利（在庫）	0.0	0.0	0.0	-	-	-
202604	230H61210	60	開発口銭	0.0	0.0	0.0	-	-	-
202604	230H61210	61	部門共通（経費）	-1293970.0	-1293970.0	-1354543.0	-	-	-
202604	230H61210	62	グループ共通	172200.0	172200.0	172200.0	-	100.0	100.0
202604	230H61210	63	差引収益	0.0	0.0	0.0		-	-
202604	230H61210	64	差引比率	0.0	0.0	0.0		-	-
202604	230H61210	65	総時間	0.0	0.0	0.0		-	-
202604	230H61210	66	定時間	1182.5	1183.0	1146.0	-	96.8	96.9
202604	230H61210	67	残業時間	134.0	157.0	255.0	-	162.4	190.2
202604	230H61210	68	移動時間	-140.0	-140.0	-180.0	-	-	-
202604	230H61210	69	部門共通（時間）	-1176.5	-1200.0	-1221.0	-	-	-
202604	230H61210	70	当月時間当り	0.0	0.0	0.0		-	-
202604	230H61210	71	人員	8.0	8.0	8.0		100.0	100.0
202604	230H61100	1	総受注高	0.0	0.0	0.0		-	-
202604	230H61100	2	【新築】受注高	0.0	0.0	0.0	-	-	-
202604	230H61100	3	【リフォ】受注高	0.0	0.0	0.0	-	-	-
202604	230H61100	4	【資材】受注高	0.0	0.0	0.0	-	-	-
202604	230H61100	5	総売上高	0.0	0.0	0.0		-	-
202604	230H61100	6	【新築】売上高	0.0	0.0	0.0	-	-	-
202604	230H61100	7	【リフォ】売上高	0.0	0.0	0.0	-	-	-
202604	230H61100	8	【資材】売上高	0.0	0.0	0.0	-	-	-
202604	230H61100	9	【新築】インセンティブ	0.0	0.0	0.0	-	-	-
202604	230H61100	10	【リフォ】インセンティブ	0.0	0.0	0.0	-	-	-
202604	230H61100	11	【資材】インセンティブ	0.0	0.0	0.0	-	-	-
202604	230H61100	12	収益①（営業口銭）	0.0	0.0	0.0		-	-
202604	230H61100	13	【新築】収益①(営業口銭)	0.0	0.0	0.0		-	-
202604	230H61100	14	【リフォ】収益①(営業口銭)	0.0	0.0	0.0		-	-
202604	230H61100	15	【資材】売上原価	0.0	0.0	0.0		-	-
202604	230H61100	16	収益②（資材）	0.0	0.0	0.0		-	-
202604	230H61100	17	総収益	0.0	0.0	0.0		-	-
202604	230H61100	18	経費合計	0.0	0.0	0.0		-	-
202604	230H61100	19	減価償却費	0.0	0.0	0.0	-	-	-
202604	230H61100	20	車両費	27935.0	27935.0	43362.0	-	155.2	155.2
202604	230H61100	21	旅費交通費	14320.0	14320.0	8269.0	-	57.7	57.7
202604	230H61100	22	荷造運搬費	76440.0	76440.0	75750.0	-	99.0	99.0
202604	230H61100	23	通信費	20307.0	20307.0	56097.0	-	276.2	276.2
202604	230H61100	24	水道光熱費	49548.0	49548.0	42210.0	-	85.1	85.1
202604	230H61100	25	動力費	0.0	0.0	0.0	-	-	-
202604	230H61100	26	事務用品費	27750.0	27572.0	3717.0	-	13.4	13.3
202604	230H61100	27	消耗品費	6251.0	5060.0	3196.0	-	63.1	51.1
202604	230H61100	28	廃棄物処理料	4875.0	4875.0	3752.0	-	76.9	76.9
202604	230H61100	29	広告宣伝費	0.0	0.0	0.0	-	-	-
202604	230H61100	30	接待交際費	0.0	0.0	0.0	-	-	-
202604	230H61100	31	研究開発費	0.0	0.0	0.0	-	-	-
202604	230H61100	32	アフターサービス費	0.0	0.0	0.0	-	-	-
202604	230H61100	33	クレーム費	0.0	0.0	0.0	-	-	-
202604	230H61100	34	賃借料	783380.0	783380.0	783380.0	-	100.0	100.0
202604	230H61100	35	賃貸料収入	0.0	0.0	0.0	-	-	-
202604	230H61100	36	修繕費	0.0	0.0	0.0	-	-	-
202604	230H61100	37	支払リース料	4586.0	4586.0	1275.0	-	27.8	27.8
202604	230H61100	38	保険料	0.0	0.0	0.0	-	-	-
202604	230H61100	39	支払報酬	50000.0	50000.0	50000.0	-	100.0	100.0
202604	230H61100	40	販売手数料	0.0	0.0	0.0	-	-	-
202604	230H61100	41	支払手数料	1100.0	1100.0	440.0	-	40.0	40.0
202604	230H61100	42	診断料	0.0	0.0	0.0	-	-	-
202604	230H61100	43	諸会費	500.0	500.0	500.0	-	100.0	100.0
202604	230H61100	44	会議費	0.0	0.0	0.0	-	-	-
202604	230H61100	45	寄付金	0.0	0.0	0.0	-	-	-
202604	230H61100	46	租税公課	0.0	0.0	0.0	-	-	-
202604	230H61100	47	業務委託費	0.0	0.0	0.0	-	-	-
202604	230H61100	48	業務受託収入	0.0	0.0	0.0	-	-	-
202604	230H61100	49	システム管理料	0.0	0.0	0.0	-	-	-
202604	230H61100	50	情報機器利用料	538428.0	538428.0	560278.0	-	104.0	104.0
202604	230H61100	51	貸倒金	0.0	0.0	0.0	-	-	-
202604	230H61100	52	雑費	1780.0	1780.0	1783.0	-	100.1	100.1
202604	230H61100	53	福利消耗品費	0.0	0.0	0.0	-	-	-
202604	230H61100	54	教育研修費	190218.0	190218.0	384067.0	-	201.9	201.9
202604	230H61100	55	廃棄損・減耗損	0.0	0.0	0.0	-	-	-
202604	230H61100	56	雑給	0.0	0.0	0.0	-	-	-
202604	230H61100	57	社内金利（固定資産）	0.0	0.0	0.0	-	-	-
202604	230H61100	58	社内金利（売掛金）	0.0	0.0	0.0	-	-	-
202604	230H61100	59	社内金利（在庫）	0.0	0.0	0.0	-	-	-
202604	230H61100	60	開発口銭	0.0	0.0	0.0	-	-	-
202604	230H61100	61	部門共通（経費）	-2069918.0	-2068549.0	-2290576.0	-	-	-
202604	230H61100	62	グループ共通	272500.0	272500.0	272500.0	-	100.0	100.0
202604	230H61100	63	差引収益	0.0	0.0	0.0		-	-
202604	230H61100	64	差引比率	0.0	0.0	0.0		-	-
202604	230H61100	65	総時間	0.0	0.0	0.0		-	-
202604	230H61100	66	定時間	1806.5	1839.0	1795.5	-	97.6	99.3
202604	230H61100	67	残業時間	190.0	215.0	325.75	-	151.5	171.4
202604	230H61100	68	移動時間	-30.0	-30.0	-143.0	-	-	-
202604	230H61100	69	部門共通（時間）	-1966.5	-2024.0	-1978.25	-	-	-
202604	230H61100	70	当月時間当り	0.0	0.0	0.0		-	-
202604	230H61100	71	人員	12.0	12.0	12.0		100.0	100.0
202604	003060100	1	総受注高	0.0	0.0	0.0		-	-
202604	003060100	2	【新築】受注高	0.0	0.0	0.0	-	-	-
202604	003060100	3	【リフォ】受注高	0.0	0.0	0.0	-	-	-
202604	003060100	4	【資材】受注高	0.0	0.0	0.0	-	-	-
202604	003060100	5	総売上高	0.0	0.0	0.0		-	-
202604	003060100	6	【新築】売上高	0.0	0.0	0.0	-	-	-
202604	003060100	7	【リフォ】売上高	0.0	0.0	0.0	-	-	-
202604	003060100	8	【資材】売上高	0.0	0.0	0.0	-	-	-
202604	003060100	9	【新築】インセンティブ	0.0	0.0	0.0	-	-	-
202604	003060100	10	【リフォ】インセンティブ	0.0	0.0	0.0	-	-	-
202604	003060100	11	【資材】インセンティブ	0.0	0.0	0.0	-	-	-
202604	003060100	12	収益①（営業口銭）	0.0	0.0	0.0		-	-
202604	003060100	13	【新築】収益①(営業口銭)	0.0	0.0	0.0		-	-
202604	003060100	14	【リフォ】収益①(営業口銭)	0.0	0.0	0.0		-	-
202604	003060100	15	【資材】売上原価	0.0	0.0	0.0		-	-
202604	003060100	16	収益②（資材）	0.0	0.0	0.0		-	-
202604	003060100	17	総収益	0.0	0.0	0.0		-	-
202604	003060100	18	経費合計	0.0	0.0	0.0		-	-
202604	003060100	19	減価償却費	0.0	2121.0	0.0	-	0.0	-
202604	003060100	20	車両費	77935.0	77935.0	89897.0	-	115.3	115.3
202604	003060100	21	旅費交通費	456320.0	456320.0	1230037.0	-	269.5	269.5
202604	003060100	22	荷造運搬費	85440.0	85440.0	75750.0	-	88.6	88.6
202604	003060100	23	通信費	50752.0	50752.0	93053.0	-	183.3	183.3
202604	003060100	24	水道光熱費	104072.0	104072.0	88251.0	-	84.7	84.7
202604	003060100	25	動力費	0.0	0.0	0.0	-	-	-
202604	003060100	26	事務用品費	48573.0	48332.0	9762.0	-	20.1	20.0
202604	003060100	27	消耗品費	33092.0	27582.0	25305.0	-	91.7	76.4
202604	003060100	28	廃棄物処理料	11091.0	11091.0	7842.0	-	70.7	70.7
202604	003060100	29	広告宣伝費	219000.0	169000.0	737909.0	-	436.6	336.9
202604	003060100	30	接待交際費	49000.0	49000.0	26257.0	-	53.5	53.5
202604	003060100	31	研究開発費	0.0	0.0	0.0	-	-	-
202604	003060100	32	アフターサービス費	0.0	0.0	0.0	-	-	-
202604	003060100	33	クレーム費	30000.0	30000.0	0.0	-	0.0	0.0
202604	003060100	34	賃借料	1637940.0	1637940.0	1637940.0	-	100.0	100.0
202604	003060100	35	賃貸料収入	0.0	0.0	0.0	-	-	-
202604	003060100	36	修繕費	0.0	0.0	0.0	-	-	-
202604	003060100	37	支払リース料	9670.0	9670.0	2664.0	-	27.5	27.5
202604	003060100	38	保険料	0.0	0.0	0.0	-	-	-
202604	003060100	39	支払報酬	200000.0	200000.0	200000.0	-	100.0	100.0
202604	003060100	40	販売手数料	0.0	0.0	0.0	-	-	-
202604	003060100	41	支払手数料	607062.0	607062.0	18236.0	-	3.0	3.0
202604	003060100	42	診断料	20000.0	220000.0	617650.0	-	280.7	3,088.2
202604	003060100	43	諸会費	500.0	500.0	500.0	-	100.0	100.0
202604	003060100	44	会議費	0.0	0.0	0.0	-	-	-
202604	003060100	45	寄付金	0.0	0.0	0.0	-	-	-
202604	003060100	46	租税公課	4000.0	4000.0	8000.0	-	200.0	200.0
202604	003060100	47	業務委託費	100000.0	100000.0	100000.0	-	100.0	100.0
202604	003060100	48	業務受託収入	0.0	0.0	0.0	-	-	-
202604	003060100	49	システム管理料	0.0	0.0	0.0	-	-	-
202604	003060100	50	情報機器利用料	4312722.0	4312722.0	4345326.0	-	100.7	100.7
202604	003060100	51	貸倒金	0.0	0.0	0.0	-	-	-
202604	003060100	52	雑費	78589.0	78589.0	383724.0	-	488.2	488.2
202604	003060100	53	福利消耗品費	0.0	0.0	0.0	-	-	-
202604	003060100	54	教育研修費	353103.0	353103.0	546959.0	-	154.9	154.9
202604	003060100	55	廃棄損・減耗損	0.0	0.0	0.0	-	-	-
202604	003060100	56	雑給	0.0	0.0	0.0	-	-	-
202604	003060100	57	社内金利（固定資産）	0.0	0.0	0.0	-	-	-
202604	003060100	58	社内金利（売掛金）	0.0	0.0	0.0	-	-	-
202604	003060100	59	社内金利（在庫）	0.0	0.0	0.0	-	-	-
202604	003060100	60	開発口銭	0.0	0.0	0.0	-	-	-
202604	003060100	61	部門共通（経費）	-9063061.0	-9209431.0	-10819262.0	-	-	-
202604	003060100	62	グループ共通	574200.0	574200.0	574200.0	-	100.0	100.0
202604	003060100	63	差引収益	0.0	0.0	0.0		-	-
202604	003060100	64	差引比率	0.0	0.0	0.0		-	-
202604	003060100	65	総時間	0.0	0.0	0.0		-	-
202604	003060100	66	定時間	3870.5	3875.0	3815.75	-	98.4	98.5
202604	003060100	67	残業時間	429.0	453.0	601.75	-	132.8	140.2
202604	003060100	68	移動時間	30.0	30.0	-83.0	-	-	-
202604	003060100	69	部門共通（時間）	-4329.5	-4358.0	-4334.5	-	-	-
202604	003060100	70	当月時間当り	0.0	0.0	0.0		-	-
202604	003060100	71	人員	24.0	24.0	24.0		100.0	100.0
202604	230C30200	1	総出荷	111700000.0	127052211.0	146872801.0		115.6	131.4
202604	230C30200	2	社外売	0.0	0.0	0.0	0.0	-	-
202604	230C30200	3	社内売	111700000.0	127052211.0	146872801.0	100.0	115.6	131.4
202604	230C30200	4	社内仕入	36550000.0	39333431.0	50235000.0		127.7	137.4
202604	230C30200	5	仕掛1	0.0	0.0	0.0		-	-
202604	230C30200	6	総生産	75150000.0	87718780.0	96637801.0		110.1	128.5
202604	230C30200	7	経費合計	256875800.0	293815179.0	283170823.0		96.3	110.2
202604	230C30200	8	経費合計(原価)	247513159.0	284439215.0	274262036.0	96.8	96.4	110.8
202604	230C30200	9	仕掛2	177593159.0	186371787.0	185941009.0	67.7	99.7	104.7
202604	230C30200	10	商品仕入高	24750000.0	23880901.0	30729145.0	11.2	128.6	124.1
202604	230C30200	11	原材料費	44370000.0	74246527.0	57660425.0	21.0	77.6	129.9
202604	230C30200	12	外注加工費	900000.0	40000.0	56000.0	0.0	140.0	6.2
202604	230C30200	13	その他 直接経費	0.0	0.0	0.0	0.0	-	-
202604	230C30200	14	他勘定振替高	-100000.0	-100000.0	-124543.0	-	-	-
202604	230C30200	15	経費合計（販管費）	9362641.0	9375964.0	8908787.0	3.1	95.0	95.1
202604	230C30200	16	減価償却費	526938.0	526938.0	526938.0	5.9	100.0	100.0
202604	230C30200	17	車両費	377539.0	370866.0	312191.0	3.5	84.1	82.6
202604	230C30200	18	旅費交通費	10000.0	10000.0	42200.0	0.4	422.0	422.0
202604	230C30200	19	荷造運搬費	1000.0	1000.0	0.0	0.0	0.0	0.0
202604	230C30200	20	通信費	60572.0	68433.0	61860.0	0.6	90.3	102.1
202604	230C30200	21	水道光熱費	38750.0	26600.0	40734.0	0.4	153.1	105.1
202604	230C30200	22	動力費	662544.0	670444.0	505076.0	5.6	75.3	76.2
202604	230C30200	23	事務用品費	52800.0	45500.0	21198.0	0.2	46.5	40.1
202604	230C30200	24	消耗品費	616326.0	506000.0	579174.0	6.5	114.4	93.9
202604	230C30200	25	廃棄物処理料	-46400.0	53600.0	57560.0	0.6	107.3	-
202604	230C30200	26	広告宣伝費	0.0	0.0	0.0	0.0	-	-
202604	230C30200	27	接待交際費	20000.0	0.0	1204.0	0.0	-	6.0
202604	230C30200	28	研究開発費	0.0	0.0	0.0	0.0	-	-
202604	230C30200	29	アフターサービス費	0.0	0.0	0.0	0.0	-	-
202604	230C30200	30	クレーム費	0.0	0.0	17800.0	0.1	-	-
202604	230C30200	31	賃借料	2379514.0	2338514.0	2339104.0	26.2	100.0	98.3
202604	230C30200	32	賃貸料収入	-59000.0	-18000.0	-18000.0	-	-	-
202604	230C30200	33	修繕費	390000.0	350000.0	0.0	0.0	0.0	0.0
202604	230C30200	34	支払リース料	29406.0	29406.0	24893.0	0.2	84.6	84.6
202604	230C30200	35	保険料	27692.0	27692.0	27692.0	0.3	100.0	100.0
202604	230C30200	36	支払報酬	0.0	0.0	0.0	0.0	-	-
202604	230C30200	37	販売手数料	0.0	0.0	0.0	0.0	-	-
202604	230C30200	38	支払手数料	157544.0	157544.0	31334.0	0.3	19.8	19.8
202604	230C30200	39	診断料	0.0	0.0	0.0	0.0	-	-
202604	230C30200	40	諸会費	0.0	0.0	0.0	0.0	-	-
202604	230C30200	41	会議費	0.0	0.0	0.0	0.0	-	-
202604	230C30200	42	寄付金	0.0	0.0	0.0	0.0	-	-
202604	230C30200	43	租税公課	0.0	0.0	0.0	0.0	-	-
202604	230C30200	44	業務委託費	0.0	0.0	0.0	0.0	-	-
202604	230C30200	45	業務受託収入	0.0	0.0	0.0	0.0	-	-
202604	230C30200	46	システム管理料	0.0	0.0	0.0	0.0	-	-
202604	230C30200	47	情報機器利用料	1418362.0	1418362.0	1418882.0	15.9	100.0	100.0
202604	230C30200	48	貸倒金	0.0	0.0	0.0	0.0	-	-
202604	230C30200	49	雑費	17456.0	18298.0	16895.0	0.1	92.3	96.7
202604	230C30200	50	福利消耗品費	1000.0	1000.0	8039.0	0.0	803.9	803.9
202604	230C30200	51	教育研修費	0.0	0.0	58750.0	0.6	-	-
202604	230C30200	52	廃棄損・減耗損	100000.0	100000.0	124543.0	1.3	124.5	124.5
202604	230C30200	53	雑給	0.0	0.0	0.0	0.0	-	-
202604	230C30200	54	社内金利（固定資産）	212536.0	212536.0	212536.0	2.3	100.0	100.0
202604	230C30200	55	社内金利（売掛金）	0.0	0.0	0.0	0.0	-	-
202604	230C30200	56	社内金利（在庫）	415500.0	491558.0	472368.0	5.3	96.0	113.6
202604	230C30200	57	営業口銭①（新築）	0.0	0.0	0.0	0.0	-	-
202604	230C30200	58	営業口銭②（リフォ）	0.0	0.0	0.0	0.0	-	-
202604	230C30200	59	開発口銭	0.0	0.0	0.0	0.0	-	-
202604	230C30200	60	部門共通（経費）	1197662.0	1214773.0	1270916.0	14.2	104.6	106.1
202604	230C30200	61	グループ共通	754900.0	754900.0	754900.0	8.4	100.0	100.0
202604	230C30200	62	差引収益	-181725800.0	-206096399.0	-186533022.0		-	-
202604	230C30200	63	差引比率	-241.8	-234.9	-193.0		-	-
202604	230C30200	64	総時間	6753.0	6166.75	6315.25		102.4	93.5
202604	230C30200	65	定時間	5528.0	4981.0	5109.5	80.9	102.5	92.4
202604	230C30200	66	残業時間	230.0	185.0	204.75	3.2	110.6	89.0
202604	230C30200	67	移動時間	122.25	122.25	122.25	1.9	100.0	100.0
202604	230C30200	68	部門共通（時間）	872.75	878.5	878.75	13.9	100.0	100.6
202604	230C30200	69	当月時間当り	-26910.3	-33420.5	-29536.9		-	-
202604	230C30200	70	人員	33.0	31.0	31.0		100.0	93.9
202604	230Q10200	1	総受注高	86500000.0	138811000.0	57454762.0		41.3	66.4
202604	230Q10200	2	【新築】受注高	22000000.0	63790000.0	816500.0	1.4	1.2	3.7
202604	230Q10200	3	【リフォ】受注高	23800000.0	34321000.0	19143465.0	33.3	55.7	80.4
202604	230Q10200	4	【資材】受注高	40700000.0	40700000.0	37494797.0	65.2	92.1	92.1
202604	230Q10200	5	総売上高	32100000.0	38005000.0	36389733.0		95.7	113.3
202604	230Q10200	6	【新築】売上高	0.0	0.0	0.0	0.0	-	-
202604	230Q10200	7	【リフォ】売上高	7400000.0	13305000.0	14753500.0	40.5	110.8	199.3
202604	230Q10200	8	【資材】売上高	24700000.0	24700000.0	21636233.0	59.4	87.5	87.5
202604	230Q10200	9	【新築】インセンティブ	0.0	0.0	0.0	0.0	-	-
202604	230Q10200	10	【リフォ】インセンティブ	0.0	0.0	0.0	0.0	-	-
202604	230Q10200	11	【資材】インセンティブ	0.0	0.0	0.0	0.0	-	-
202604	230Q10200	12	収益①（営業口銭）	1110000.0	1995750.0	2213025.0		110.8	199.3
202604	230Q10200	13	【新築】収益①(営業口銭)	0.0	0.0	0.0		-	-
202604	230Q10200	14	【リフォ】収益①(営業口銭)	1110000.0	1995750.0	2213025.0		110.8	199.3
202604	230Q10200	15	【資材】売上原価	18300000.0	18300000.0	16041329.0		87.6	87.6
202604	230Q10200	16	収益②（資材）	6400000.0	6400000.0	5594904.0		87.4	87.4
202604	230Q10200	17	総収益	7510000.0	8395750.0	7807929.0		92.9	103.9
202604	230Q10200	18	経費合計	4057650.0	4057931.0	3873077.0		95.4	95.4
202604	230Q10200	19	減価償却費	41698.0	41698.0	43788.0	1.1	105.0	105.0
202604	230Q10200	20	車両費	594762.0	594762.0	511538.0	13.2	86.0	86.0
202604	230Q10200	21	旅費交通費	63250.0	63250.0	50257.0	1.2	79.4	79.4
202604	230Q10200	22	荷造運搬費	2000.0	2000.0	5915.0	0.1	295.7	295.7
202604	230Q10200	23	通信費	71363.0	71363.0	74666.0	1.9	104.6	104.6
202604	230Q10200	24	水道光熱費	57000.0	57000.0	45351.0	1.1	79.5	79.5
202604	230Q10200	25	動力費	0.0	0.0	0.0	0.0	-	-
202604	230Q10200	26	事務用品費	36000.0	36000.0	22553.0	0.5	62.6	62.6
202604	230Q10200	27	消耗品費	29990.0	29990.0	4790.0	0.1	15.9	15.9
202604	230Q10200	28	廃棄物処理料	79000.0	79000.0	130658.0	3.3	165.3	165.3
202604	230Q10200	29	広告宣伝費	0.0	0.0	0.0	0.0	-	-
202604	230Q10200	30	接待交際費	0.0	0.0	0.0	0.0	-	-
202604	230Q10200	31	研究開発費	0.0	0.0	0.0	0.0	-	-
202604	230Q10200	32	アフターサービス費	0.0	0.0	0.0	0.0	-	-
202604	230Q10200	33	クレーム費	0.0	0.0	0.0	0.0	-	-
202604	230Q10200	34	賃借料	360000.0	360000.0	328500.0	8.4	91.2	91.2
202604	230Q10200	35	賃貸料収入	0.0	0.0	0.0	0.0	-	-
202604	230Q10200	36	修繕費	0.0	0.0	0.0	0.0	-	-
202604	230Q10200	37	支払リース料	6160.0	6160.0	6132.0	0.1	99.5	99.5
202604	230Q10200	38	保険料	2044.0	2044.0	2044.0	0.0	100.0	100.0
202604	230Q10200	39	支払報酬	0.0	0.0	0.0	0.0	-	-
202604	230Q10200	40	販売手数料	0.0	0.0	0.0	0.0	-	-
202604	230Q10200	41	支払手数料	29000.0	29000.0	28794.0	0.7	99.2	99.2
202604	230Q10200	42	診断料	0.0	0.0	0.0	0.0	-	-
202604	230Q10200	43	諸会費	110.0	110.0	2860.0	0.0	2,600.0	2,600.0
202604	230Q10200	44	会議費	0.0	0.0	0.0	0.0	-	-
202604	230Q10200	45	寄付金	0.0	0.0	0.0	0.0	-	-
202604	230Q10200	46	租税公課	140000.0	140000.0	134480.0	3.4	96.0	96.0
202604	230Q10200	47	業務委託費	0.0	0.0	0.0	0.0	-	-
202604	230Q10200	48	業務受託収入	0.0	0.0	0.0	0.0	-	-
202604	230Q10200	49	システム管理料	0.0	0.0	0.0	0.0	-	-
202604	230Q10200	50	情報機器利用料	546200.0	546200.0	544936.0	14.0	99.7	99.7
202604	230Q10200	51	貸倒金	0.0	0.0	0.0	0.0	-	-
202604	230Q10200	52	雑費	6000.0	6000.0	13398.0	0.3	223.3	223.3
202604	230Q10200	53	福利消耗品費	0.0	0.0	1050.0	0.0	-	-
202604	230Q10200	54	教育研修費	66600.0	66600.0	45455.0	1.1	68.2	68.2
202604	230Q10200	55	廃棄損・減耗損	0.0	0.0	0.0	0.0	-	-
202604	230Q10200	56	雑給	0.0	0.0	0.0	0.0	-	-
202604	230Q10200	57	社内金利（固定資産）	39203.0	39203.0	38282.0	0.9	97.6	97.6
202604	230Q10200	58	社内金利（売掛金）	5000.0	5000.0	10579.0	0.2	211.5	211.5
202604	230Q10200	59	社内金利（在庫）	23096.0	23096.0	31642.0	0.8	137.0	137.0
202604	230Q10200	60	開発口銭	0.0	0.0	0.0	0.0	-	-
202604	230Q10200	61	部門共通（経費）	1582774.0	1583055.0	1519009.0	39.2	95.9	95.9
202604	230Q10200	62	グループ共通	276400.0	276400.0	276400.0	7.1	100.0	100.0
202604	230Q10200	63	差引収益	3452350.0	4337819.0	3934852.0		90.7	113.9
202604	230Q10200	64	差引比率	10.7	11.4	10.8		94.7	100.9
202604	230Q10200	65	総時間	3218.5	3211.0	3101.5		96.5	96.3
202604	230Q10200	66	定時間	1936.0	1936.0	1766.75	56.9	91.2	91.2
202604	230Q10200	67	残業時間	223.0	223.0	278.5	8.9	124.8	124.8
202604	230Q10200	68	移動時間	66.0	66.0	66.0	2.1	100.0	100.0
202604	230Q10200	69	部門共通（時間）	993.5	986.0	990.25	31.9	100.4	99.6
202604	230Q10200	70	当月時間当り	1072.6	1350.9	1268.6		93.9	118.2
202604	230Q10200	71	人員	11.0	11.0	12.0		109.0	109.0
202604	230Q10300	1	総受注高	86500000.0	138811000.0	57454762.0		41.3	66.4
202604	230Q10300	2	【新築】受注高	22000000.0	63790000.0	816500.0	1.4	1.2	3.7
202604	230Q10300	3	【リフォ】受注高	23800000.0	34321000.0	19143465.0	33.3	55.7	80.4
202604	230Q10300	4	【資材】受注高	40700000.0	40700000.0	37494797.0	65.2	92.1	92.1
202604	230Q10300	5	総売上高	32100000.0	38005000.0	36389733.0		95.7	113.3
202604	230Q10300	6	【新築】売上高	0.0	0.0	0.0	0.0	-	-
202604	230Q10300	7	【リフォ】売上高	7400000.0	13305000.0	14753500.0	40.5	110.8	199.3
202604	230Q10300	8	【資材】売上高	24700000.0	24700000.0	21636233.0	59.4	87.5	87.5
202604	230Q10300	9	【新築】インセンティブ	0.0	0.0	0.0	0.0	-	-
202604	230Q10300	10	【リフォ】インセンティブ	0.0	0.0	0.0	0.0	-	-
202604	230Q10300	11	【資材】インセンティブ	0.0	0.0	0.0	0.0	-	-
202604	230Q10300	12	収益①（営業口銭）	1110000.0	1995750.0	2213025.0		110.8	199.3
202604	230Q10300	13	【新築】収益①(営業口銭)	0.0	0.0	0.0		-	-
202604	230Q10300	14	【リフォ】収益①(営業口銭)	1110000.0	1995750.0	2213025.0		110.8	199.3
202604	230Q10300	15	【資材】売上原価	18300000.0	18300000.0	16041329.0		87.6	87.6
202604	230Q10300	16	収益②（資材）	6400000.0	6400000.0	5594904.0		87.4	87.4
202604	230Q10300	17	総収益	7510000.0	8395750.0	7807929.0		92.9	103.9
202604	230Q10300	18	総出荷	7400000.0	13305000.0	14753500.0		110.8	199.3
202604	230Q10300	19	社外売	7400000.0	13305000.0	14753500.0	100.0	110.8	199.3
202604	230Q10300	20	社内売	0.0	0.0	0.0	0.0	-	-
202604	230Q10300	21	社内仕入	290000.0	891410.0	1619011.0		181.6	558.2
202604	230Q10300	22	仕掛1	107385.0	648232.0	648232.0		100.0	603.6
202604	230Q10300	23	総生産	7002615.0	11765358.0	12486257.0		106.1	178.3
202604	230Q10300	24	経費合計	12674235.0	18996602.0	20484576.0		107.8	161.6
202604	230Q10300	25	経費合計(原価)	6076613.0	11512651.0	13076759.0	63.8	113.5	215.1
202604	230Q10300	26	仕掛2	1266613.0	3489961.0	3489961.0	26.6	100.0	275.5
202604	230Q10300	27	商品仕入高	1390000.0	4286000.0	4025070.0	30.7	93.9	289.5
202604	230Q10300	28	原材料費	0.0	0.0	0.0	0.0	-	-
202604	230Q10300	29	外注加工費	3020000.0	3565267.0	5446444.0	41.6	152.7	180.3
202604	230Q10300	30	その他 直接経費	400000.0	171423.0	115284.0	0.8	67.2	28.8
202604	230Q10300	31	他勘定振替高	0.0	0.0	0.0	0.0	-	-
202604	230Q10300	32	経費合計（販管費）	6597622.0	7483951.0	7407817.0	36.1	98.9	112.2
202604	230Q10300	33	減価償却費	44398.0	44398.0	46495.0	0.6	104.7	104.7
202604	230Q10300	34	車両費	821662.0	821662.0	747003.0	10.0	90.9	90.9
202604	230Q10300	35	旅費交通費	85250.0	85250.0	56608.0	0.7	66.4	66.4
202604	230Q10300	36	荷造運搬費	2000.0	2000.0	5915.0	0.0	295.7	295.7
202604	230Q10300	37	通信費	81563.0	81563.0	86536.0	1.1	106.0	106.0
202604	230Q10300	38	水道光熱費	91200.0	91200.0	81843.0	1.1	89.7	89.7
202604	230Q10300	39	動力費	0.0	0.0	0.0	0.0	-	-
202604	230Q10300	40	事務用品費	42700.0	42700.0	30025.0	0.4	70.3	70.3
202604	230Q10300	41	消耗品費	40990.0	40990.0	8315.0	0.1	20.2	20.2
202604	230Q10300	42	廃棄物処理料	98600.0	98600.0	178171.0	2.4	180.7	180.7
202604	230Q10300	43	広告宣伝費	0.0	0.0	0.0	0.0	-	-
202604	230Q10300	44	接待交際費	0.0	0.0	0.0	0.0	-	-
202604	230Q10300	45	研究開発費	0.0	0.0	0.0	0.0	-	-
202604	230Q10300	46	アフターサービス費	0.0	0.0	0.0	0.0	-	-
202604	230Q10300	47	クレーム費	0.0	0.0	0.0	0.0	-	-
202604	230Q10300	48	賃借料	502000.0	502000.0	502000.0	6.7	100.0	100.0
202604	230Q10300	49	賃貸料収入	0.0	0.0	0.0	0.0	-	-
202604	230Q10300	50	修繕費	0.0	0.0	0.0	0.0	-	-
202604	230Q10300	51	支払リース料	7860.0	7860.0	8401.0	0.1	106.8	106.8
202604	230Q10300	52	保険料	2044.0	2044.0	2044.0	0.0	100.0	100.0
202604	230Q10300	53	支払報酬	0.0	0.0	0.0	0.0	-	-
202604	230Q10300	54	販売手数料	0.0	0.0	0.0	0.0	-	-
202604	230Q10300	55	支払手数料	32000.0	32000.0	32740.0	0.4	102.3	102.3
202604	230Q10300	56	診断料	0.0	0.0	0.0	0.0	-	-
202604	230Q10300	57	諸会費	110.0	110.0	2860.0	0.0	2,600.0	2,600.0
202604	230Q10300	58	会議費	0.0	0.0	0.0	0.0	-	-
202604	230Q10300	59	寄付金	0.0	0.0	0.0	0.0	-	-
202604	230Q10300	60	租税公課	140000.0	140000.0	135775.0	1.8	96.9	96.9
202604	230Q10300	61	業務委託費	0.0	0.0	0.0	0.0	-	-
202604	230Q10300	62	業務受託収入	0.0	0.0	0.0	0.0	-	-
202604	230Q10300	63	システム管理料	0.0	0.0	0.0	0.0	-	-
202604	230Q10300	64	情報機器利用料	764880.0	764880.0	729216.0	9.8	95.3	95.3
202604	230Q10300	65	貸倒金	0.0	0.0	0.0	0.0	-	-
202604	230Q10300	66	雑費	7700.0	7700.0	15650.0	0.2	203.2	203.2
202604	230Q10300	67	福利消耗品費	895.0	895.0	1141.0	0.0	127.4	127.4
202604	230Q10300	68	教育研修費	124800.0	124800.0	45455.0	0.6	36.4	36.4
202604	230Q10300	69	廃棄損・減耗損	0.0	0.0	0.0	0.0	-	-
202604	230Q10300	70	雑給	0.0	0.0	0.0	0.0	-	-
202604	230Q10300	71	社内金利（固定資産）	39203.0	39203.0	38593.0	0.5	98.4	98.4
202604	230Q10300	72	社内金利（売掛金）	5000.0	5000.0	10579.0	0.1	211.5	211.5
202604	230Q10300	73	社内金利（在庫）	23096.0	23096.0	31642.0	0.4	137.0	137.0
202604	230Q10300	74	営業口銭①（新築）	0.0	0.0	0.0	0.0	-	-
202604	230Q10300	75	営業口銭②（リフォ）	1110000.0	1995750.0	2213025.0	29.8	110.8	199.3
202604	230Q10300	76	開発口銭	0.0	0.0	0.0	0.0	-	-
202604	230Q10300	77	部門共通（経費）	2152971.0	2153550.0	2021085.0	27.2	93.8	93.8
202604	230Q10300	78	グループ共通	376700.0	376700.0	376700.0	5.0	100.0	100.0
202604	230Q10300	79	差引収益	1838380.0	1164506.0	-190390.0		-	-
202604	230Q10300	80	差引比率	4.7	2.3	-0.3		-	-
202604	230Q10300	81	総時間	4300.0	4292.5	4115.5		95.8	95.7
202604	230Q10300	82	定時間	2640.0	2640.0	2422.75	58.8	91.7	91.7
202604	230Q10300	83	残業時間	304.0	304.0	340.0	8.2	111.8	111.8
202604	230Q10300	84	移動時間	66.0	66.0	66.0	1.6	100.0	100.0
202604	230Q10300	85	部門共通（時間）	1290.0	1282.5	1286.75	31.2	100.3	99.7
202604	230Q10300	86	当月時間当り	427.5	271.2	-46.2		-	-
202604	230Q10300	87	人員	15.0	15.0	16.0		106.6	106.6
202604	230Q30101	1	総出荷	7400000.0	13305000.0	14753500.0		110.8	199.3
202604	230Q30101	2	社外売	7400000.0	13305000.0	14753500.0	100.0	110.8	199.3
202604	230Q30101	3	社内売	0.0	0.0	0.0	0.0	-	-
202604	230Q30101	4	社内仕入	290000.0	891410.0	1619011.0		181.6	558.2
202604	230Q30101	5	仕掛1	107385.0	648232.0	648232.0		100.0	603.6
202604	230Q30101	6	総生産	7002615.0	11765358.0	12486257.0		106.1	178.3
202604	230Q30101	7	経費合計	8616585.0	14938671.0	16611499.0		111.1	192.7
202604	230Q30101	8	経費合計(原価)	6076613.0	11512651.0	13076759.0	78.7	113.5	215.1
202604	230Q30101	9	仕掛2	1266613.0	3489961.0	3489961.0	26.6	100.0	275.5
202604	230Q30101	10	商品仕入高	1390000.0	4286000.0	4025070.0	30.7	93.9	289.5
202604	230Q30101	11	原材料費	0.0	0.0	0.0	0.0	-	-
202604	230Q30101	12	外注加工費	3020000.0	3565267.0	5446444.0	41.6	152.7	180.3
202604	230Q30101	13	その他 直接経費	400000.0	171423.0	115284.0	0.8	67.2	28.8
202604	230Q30101	14	他勘定振替高	0.0	0.0	0.0	0.0	-	-
202604	230Q30101	15	経費合計（販管費）	2539972.0	3426020.0	3534740.0	21.2	103.1	139.1
202604	230Q30101	16	減価償却費	2700.0	2700.0	2707.0	0.0	100.2	100.2
202604	230Q30101	17	車両費	226900.0	226900.0	235465.0	6.6	103.7	103.7
202604	230Q30101	18	旅費交通費	22000.0	22000.0	6351.0	0.1	28.8	28.8
202604	230Q30101	19	荷造運搬費	0.0	0.0	0.0	0.0	-	-
202604	230Q30101	20	通信費	10200.0	10200.0	11870.0	0.3	116.3	116.3
202604	230Q30101	21	水道光熱費	34200.0	34200.0	36492.0	1.0	106.7	106.7
202604	230Q30101	22	動力費	0.0	0.0	0.0	0.0	-	-
202604	230Q30101	23	事務用品費	6700.0	6700.0	7472.0	0.2	111.5	111.5
202604	230Q30101	24	消耗品費	11000.0	11000.0	3525.0	0.0	32.0	32.0
202604	230Q30101	25	廃棄物処理料	19600.0	19600.0	47513.0	1.3	242.4	242.4
202604	230Q30101	26	広告宣伝費	0.0	0.0	0.0	0.0	-	-
202604	230Q30101	27	接待交際費	0.0	0.0	0.0	0.0	-	-
202604	230Q30101	28	研究開発費	0.0	0.0	0.0	0.0	-	-
202604	230Q30101	29	アフターサービス費	0.0	0.0	0.0	0.0	-	-
202604	230Q30101	30	クレーム費	0.0	0.0	0.0	0.0	-	-
202604	230Q30101	31	賃借料	142000.0	142000.0	173500.0	4.9	122.1	122.1
202604	230Q30101	32	賃貸料収入	0.0	0.0	0.0	0.0	-	-
202604	230Q30101	33	修繕費	0.0	0.0	0.0	0.0	-	-
202604	230Q30101	34	支払リース料	1700.0	1700.0	2269.0	0.0	133.4	133.4
202604	230Q30101	35	保険料	0.0	0.0	0.0	0.0	-	-
202604	230Q30101	36	支払報酬	0.0	0.0	0.0	0.0	-	-
202604	230Q30101	37	販売手数料	0.0	0.0	0.0	0.0	-	-
202604	230Q30101	38	支払手数料	3000.0	3000.0	3946.0	0.1	131.5	131.5
202604	230Q30101	39	診断料	0.0	0.0	0.0	0.0	-	-
202604	230Q30101	40	諸会費	0.0	0.0	0.0	0.0	-	-
202604	230Q30101	41	会議費	0.0	0.0	0.0	0.0	-	-
202604	230Q30101	42	寄付金	0.0	0.0	0.0	0.0	-	-
202604	230Q30101	43	租税公課	0.0	0.0	1295.0	0.0	-	-
202604	230Q30101	44	業務委託費	0.0	0.0	0.0	0.0	-	-
202604	230Q30101	45	業務受託収入	0.0	0.0	0.0	0.0	-	-
202604	230Q30101	46	システム管理料	0.0	0.0	0.0	0.0	-	-
202604	230Q30101	47	情報機器利用料	218680.0	218680.0	184280.0	5.2	84.2	84.2
202604	230Q30101	48	貸倒金	0.0	0.0	0.0	0.0	-	-
202604	230Q30101	49	雑費	1700.0	1700.0	2252.0	0.0	132.4	132.4
202604	230Q30101	50	福利消耗品費	895.0	895.0	91.0	0.0	10.1	10.1
202604	230Q30101	51	教育研修費	58200.0	58200.0	0.0	0.0	0.0	0.0
202604	230Q30101	52	廃棄損・減耗損	0.0	0.0	0.0	0.0	-	-
202604	230Q30101	53	雑給	0.0	0.0	0.0	0.0	-	-
202604	230Q30101	54	社内金利（固定資産）	0.0	0.0	311.0	0.0	-	-
202604	230Q30101	55	社内金利（売掛金）	0.0	0.0	0.0	0.0	-	-
202604	230Q30101	56	社内金利（在庫）	0.0	0.0	0.0	0.0	-	-
202604	230Q30101	57	営業口銭①（新築）	0.0	0.0	0.0	0.0	-	-
202604	230Q30101	58	営業口銭②（リフォ）	1110000.0	1995750.0	2213025.0	62.6	110.8	199.3
202604	230Q30101	59	開発口銭	0.0	0.0	0.0	0.0	-	-
202604	230Q30101	60	部門共通（経費）	570197.0	570495.0	502076.0	14.2	88.0	88.0
202604	230Q30101	61	グループ共通	100300.0	100300.0	100300.0	2.8	100.0	100.0
202604	230Q30101	62	差引収益	-1613970.0	-3173313.0	-4125242.0		-	-
202604	230Q30101	63	差引比率	-23.0	-26.9	-33.0		-	-
202604	230Q30101	64	総時間	1081.5	1081.5	1014.0		93.7	93.7
202604	230Q30101	65	定時間	704.0	704.0	656.0	64.6	93.1	93.1
202604	230Q30101	66	残業時間	81.0	81.0	61.5	6.0	75.9	75.9
202604	230Q30101	67	移動時間	0.0	0.0	0.0	0.0	-	-
202604	230Q30101	68	部門共通（時間）	296.5	296.5	296.5	29.2	100.0	100.0
202604	230Q30101	69	当月時間当り	-1492.3	-2934.1	-4068.2		-	-
202604	230Q30101	70	人員	4.0	4.0	4.0		100.0	100.0
202604	230H10400	1	総受注高	110000000.0	150171800.0	181790676.0		121.0	165.2
202604	230H10400	2	【新築】受注高	20000000.0	9000000.0	-600000.0	-	-	-
202604	230H10400	3	【リフォ】受注高	30000000.0	81171800.0	81430315.0	44.7	100.3	271.4
202604	230H10400	4	【資材】受注高	60000000.0	60000000.0	100960361.0	55.5	168.2	168.2
202604	230H10400	5	総売上高	68500000.0	65200000.0	87701064.0		134.5	128.0
202604	230H10400	6	【新築】売上高	0.0	750000.0	760000.0	0.8	101.3	-
202604	230H10400	7	【リフォ】売上高	8500000.0	4450000.0	6638315.0	7.5	149.1	78.0
202604	230H10400	8	【資材】売上高	60000000.0	60000000.0	80302749.0	91.5	133.8	133.8
202604	230H10400	9	【新築】インセンティブ	0.0	0.0	0.0	0.0	-	-
202604	230H10400	10	【リフォ】インセンティブ	0.0	0.0	0.0	0.0	-	-
202604	230H10400	11	【資材】インセンティブ	0.0	0.0	0.0	0.0	-	-
202604	230H10400	12	収益①（営業口銭）	1275000.0	705000.0	1033747.0		146.6	81.0
202604	230H10400	13	【新築】収益①(営業口銭)	0.0	37500.0	38000.0		101.3	-
202604	230H10400	14	【リフォ】収益①(営業口銭)	1275000.0	667500.0	995747.0		149.1	78.0
202604	230H10400	15	【資材】売上原価	48900000.0	48900000.0	65901192.0		134.7	134.7
202604	230H10400	16	収益②（資材）	11100000.0	11100000.0	14401557.0		129.7	129.7
202604	230H10400	17	総収益	12375000.0	11805000.0	15435304.0		130.7	124.7
202604	230H10400	18	総出荷	8500000.0	5200000.0	7398315.0		142.2	87.0
202604	230H10400	19	社外売	8500000.0	5200000.0	7398315.0	100.0	142.2	87.0
202604	230H10400	20	社内売	0.0	0.0	0.0	0.0	-	-
202604	230H10400	21	社内仕入	318500.0	1480877.0	905908.0		61.1	284.4
202604	230H10400	22	仕掛1	580000.0	378877.0	378877.0		100.0	65.3
202604	230H10400	23	総生産	7601500.0	3340246.0	6113530.0		183.0	80.4
202604	230H10400	24	経費合計	34782300.0	35694853.0	40557299.0		113.6	116.6
202604	230H10400	25	経費合計(原価)	21082143.0	22446107.0	25927618.0	63.9	115.5	122.9
202604	230H10400	26	仕掛2	1140000.0	3013445.0	3013445.0	11.6	100.0	264.3
202604	230H10400	27	商品仕入高	10925708.0	14256262.0	14571860.0	56.2	102.2	133.3
202604	230H10400	28	原材料費	0.0	0.0	0.0	0.0	-	-
202604	230H10400	29	外注加工費	6962435.0	3981400.0	7473610.0	28.8	187.7	107.3
202604	230H10400	30	その他 直接経費	2054000.0	1195000.0	868703.0	3.3	72.6	42.2
202604	230H10400	31	他勘定振替高	0.0	0.0	0.0	0.0	-	-
202604	230H10400	32	経費合計（販管費）	13700157.0	13248746.0	14629681.0	36.0	110.4	106.7
202604	230H10400	33	減価償却費	44779.0	44779.0	51521.0	0.3	115.0	115.0
202604	230H10400	34	車両費	1360678.0	1360678.0	1814973.0	12.4	133.3	133.3
202604	230H10400	35	旅費交通費	1195000.0	1275000.0	1169813.0	7.9	91.7	97.8
202604	230H10400	36	荷造運搬費	22000.0	22000.0	13060.0	0.0	59.3	59.3
202604	230H10400	37	通信費	175595.0	177195.0	154701.0	1.0	87.3	88.1
202604	230H10400	38	水道光熱費	213030.0	213030.0	108700.0	0.7	51.0	51.0
202604	230H10400	39	動力費	0.0	0.0	0.0	0.0	-	-
202604	230H10400	40	事務用品費	94945.0	94945.0	53556.0	0.3	56.4	56.4
202604	230H10400	41	消耗品費	23181.0	23181.0	12021.0	0.0	51.8	51.8
202604	230H10400	42	廃棄物処理料	173431.0	173431.0	199188.0	1.3	114.8	114.8
202604	230H10400	43	広告宣伝費	15000.0	15000.0	3000.0	0.0	20.0	20.0
202604	230H10400	44	接待交際費	160000.0	103000.0	18700.0	0.1	18.1	11.6
202604	230H10400	45	研究開発費	0.0	0.0	0.0	0.0	-	-
202604	230H10400	46	アフターサービス費	0.0	0.0	0.0	0.0	-	-
202604	230H10400	47	クレーム費	0.0	0.0	0.0	0.0	-	-
202604	230H10400	48	賃借料	1454178.0	1454178.0	1517878.0	10.3	104.3	104.3
202604	230H10400	49	賃貸料収入	-65001.0	-65001.0	-65000.0	-	-	-
202604	230H10400	50	修繕費	0.0	137720.0	0.0	0.0	0.0	-
202604	230H10400	51	支払リース料	4168.0	2285.0	1157.0	0.0	50.6	27.7
202604	230H10400	52	保険料	21844.0	21844.0	833111.0	5.6	3,813.9	3,813.9
202604	230H10400	53	支払報酬	0.0	0.0	0.0	0.0	-	-
202604	230H10400	54	販売手数料	0.0	0.0	0.0	0.0	-	-
202604	230H10400	55	支払手数料	43200.0	35200.0	35172.0	0.2	99.9	81.4
202604	230H10400	56	診断料	0.0	0.0	0.0	0.0	-	-
202604	230H10400	57	諸会費	1000.0	1000.0	950.0	0.0	95.0	95.0
202604	230H10400	58	会議費	0.0	0.0	0.0	0.0	-	-
202604	230H10400	59	寄付金	0.0	0.0	0.0	0.0	-	-
202604	230H10400	60	租税公課	100000.0	85000.0	122900.0	0.8	144.5	122.9
202604	230H10400	61	業務委託費	0.0	0.0	0.0	0.0	-	-
202604	230H10400	62	業務受託収入	0.0	0.0	0.0	0.0	-	-
202604	230H10400	63	システム管理料	0.0	0.0	0.0	0.0	-	-
202604	230H10400	64	情報機器利用料	1559176.0	1559176.0	1593448.0	10.8	102.1	102.1
202604	230H10400	65	貸倒金	0.0	0.0	0.0	0.0	-	-
202604	230H10400	66	雑費	13118.0	13118.0	11039.0	0.0	84.1	84.1
202604	230H10400	67	福利消耗品費	2000.0	2000.0	10972.0	0.0	548.6	548.6
202604	230H10400	68	教育研修費	35966.0	20966.0	112710.0	0.7	537.5	313.3
202604	230H10400	69	廃棄損・減耗損	37248.0	37248.0	0.0	0.0	0.0	0.0
202604	230H10400	70	雑給	0.0	0.0	0.0	0.0	-	-
202604	230H10400	71	社内金利（固定資産）	16132.0	16132.0	17309.0	0.1	107.2	107.2
202604	230H10400	72	社内金利（売掛金）	95000.0	82236.0	137804.0	0.9	167.5	145.0
202604	230H10400	73	社内金利（在庫）	45000.0	45000.0	42048.0	0.2	93.4	93.4
202604	230H10400	74	営業口銭①（新築）	0.0	37500.0	38000.0	0.2	101.3	-
202604	230H10400	75	営業口銭②（リフォ）	1275000.0	667500.0	995747.0	6.8	149.1	78.0
202604	230H10400	76	開発口銭	0.0	0.0	0.0	0.0	-	-
202604	230H10400	77	部門共通（経費）	4955089.0	4964005.0	4995803.0	34.1	100.6	100.8
202604	230H10400	78	グループ共通	629400.0	629400.0	629400.0	4.3	100.0	100.0
202604	230H10400	79	差引収益	-14805800.0	-20549607.0	-19008465.0		-	-
202604	230H10400	80	差引比率	-19.4	-29.9	-20.2		-	-
202604	230H10400	81	総時間	7495.75	7180.75	7515.25		104.6	100.2
202604	230H10400	82	定時間	4272.0	4039.0	4252.5	56.5	105.2	99.5
202604	230H10400	83	残業時間	602.0	537.0	639.0	8.5	118.9	106.1
202604	230H10400	84	移動時間	-401.0	-401.0	-401.75	-	-	-
202604	230H10400	85	部門共通（時間）	3022.75	3005.75	3025.5	40.2	100.6	100.0
202604	230H10400	86	当月時間当り	-1975.2	-2861.7	-2529.3		-	-
202604	230H10400	87	人員	26.0	26.0	26.0		100.0	100.0
202604	230B30200	1	総出荷	0.0	0.0	0.0		-	-
202604	230B30200	2	社外売	0.0	0.0	0.0	-	-	-
202604	230B30200	3	社内売	0.0	0.0	0.0	-	-	-
202604	230B30200	4	社内仕入	0.0	0.0	0.0		-	-
202604	230B30200	5	仕掛1	0.0	0.0	0.0		-	-
202604	230B30200	6	総生産	0.0	0.0	0.0		-	-
202604	230B30200	7	経費合計	0.0	0.0	0.0		-	-
202604	230B30200	8	経費合計(原価)	0.0	0.0	0.0	-	-	-
202604	230B30200	9	仕掛2	0.0	0.0	0.0	-	-	-
202604	230B30200	10	商品仕入高	0.0	0.0	0.0	-	-	-
202604	230B30200	11	原材料費	0.0	0.0	0.0	-	-	-
202604	230B30200	12	外注加工費	0.0	0.0	0.0	-	-	-
202604	230B30200	13	その他 直接経費	0.0	0.0	0.0	-	-	-
202604	230B30200	14	他勘定振替高	0.0	0.0	0.0	-	-	-
202604	230B30200	15	経費合計（販管費）	0.0	0.0	0.0	-	-	-
202604	230B30200	16	減価償却費	0.0	0.0	0.0	-	-	-
202604	230B30200	17	車両費	176900.0	176874.0	171479.0	-	96.9	96.9
202604	230B30200	18	旅費交通費	70000.0	70000.0	33336.0	-	47.6	47.6
202604	230B30200	19	荷造運搬費	1000.0	1000.0	0.0	-	0.0	0.0
202604	230B30200	20	通信費	23100.0	23064.0	23932.0	-	103.7	103.6
202604	230B30200	21	水道光熱費	69000.0	68910.0	60430.0	-	87.6	87.5
202604	230B30200	22	動力費	0.0	0.0	0.0	-	-	-
202604	230B30200	23	事務用品費	19700.0	19700.0	10413.0	-	52.8	52.8
202604	230B30200	24	消耗品費	29600.0	29552.0	14853.0	-	50.2	50.1
202604	230B30200	25	廃棄物処理料	1400.0	1369.0	1318.0	-	96.2	94.1
202604	230B30200	26	広告宣伝費	0.0	0.0	0.0	-	-	-
202604	230B30200	27	接待交際費	10000.0	10000.0	0.0	-	0.0	0.0
202604	230B30200	28	研究開発費	0.0	0.0	0.0	-	-	-
202604	230B30200	29	アフターサービス費	0.0	0.0	0.0	-	-	-
202604	230B30200	30	クレーム費	0.0	0.0	0.0	-	-	-
202604	230B30200	31	賃借料	480400.0	480349.0	565763.0	-	117.7	117.7
202604	230B30200	32	賃貸料収入	-82000.0	-82000.0	-131012.0	-	-	-
202604	230B30200	33	修繕費	0.0	0.0	0.0	-	-	-
202604	230B30200	34	支払リース料	5300.0	5277.0	5278.0	-	100.0	99.5
202604	230B30200	35	保険料	0.0	0.0	0.0	-	-	-
202604	230B30200	36	支払報酬	0.0	0.0	0.0	-	-	-
202604	230B30200	37	販売手数料	0.0	0.0	0.0	-	-	-
202604	230B30200	38	支払手数料	361300.0	361224.0	373136.0	-	103.2	103.2
202604	230B30200	39	診断料	0.0	0.0	0.0	-	-	-
202604	230B30200	40	諸会費	500.0	500.0	0.0	-	0.0	0.0
202604	230B30200	41	会議費	0.0	0.0	0.0	-	-	-
202604	230B30200	42	寄付金	0.0	0.0	0.0	-	-	-
202604	230B30200	43	租税公課	0.0	0.0	0.0	-	-	-
202604	230B30200	44	業務委託費	257300.0	257300.0	257300.0	-	100.0	100.0
202604	230B30200	45	業務受託収入	0.0	0.0	0.0	-	-	-
202604	230B30200	46	システム管理料	0.0	0.0	0.0	-	-	-
202604	230B30200	47	情報機器利用料	682300.0	682260.0	674260.0	-	98.8	98.8
202604	230B30200	48	貸倒金	0.0	0.0	0.0	-	-	-
202604	230B30200	49	雑費	2600.0	2542.0	2490.0	-	97.9	95.7
202604	230B30200	50	福利消耗品費	1000.0	1000.0	0.0	-	0.0	0.0
202604	230B30200	51	教育研修費	2300.0	2268.0	2267.0	-	99.9	98.5
202604	230B30200	52	廃棄損・減耗損	0.0	0.0	0.0	-	-	-
202604	230B30200	53	雑給	0.0	0.0	0.0	-	-	-
202604	230B30200	54	社内金利（固定資産）	0.0	0.0	0.0	-	-	-
202604	230B30200	55	社内金利（売掛金）	0.0	0.0	0.0	-	-	-
202604	230B30200	56	社内金利（在庫）	0.0	0.0	0.0	-	-	-
202604	230B30200	57	営業口銭①（新築）	0.0	0.0	0.0	-	-	-
202604	230B30200	58	営業口銭②（リフォ）	0.0	0.0	0.0	-	-	-
202604	230B30200	59	開発口銭	0.0	0.0	0.0	-	-	-
202604	230B30200	60	部門共通（経費）	-2438600.0	-2438089.0	-2392143.0	-	-	-
202604	230B30200	61	グループ共通	326900.0	326900.0	326900.0	-	100.0	100.0
202604	230B30200	62	差引収益	0.0	0.0	0.0		-	-
202604	230B30200	63	差引比率	0.0	0.0	0.0		-	-
202604	230B30200	64	総時間	0.0	0.0	0.0		-	-
202604	230B30200	65	定時間	2184.0	2184.0	2229.0	-	102.0	102.0
202604	230B30200	66	残業時間	180.0	180.0	154.0	-	85.5	85.5
202604	230B30200	67	移動時間	18.75	18.75	9.75	-	52.0	52.0
202604	230B30200	68	部門共通（時間）	-2382.75	-2382.75	-2392.75	-	-	-
202604	230B30200	69	当月時間当り	0.0	0.0	0.0		-	-
202604	230B30200	70	人員	13.0	13.0	13.0		100.0	100.0
202604	230B30100	1	総出荷	0.0	0.0	0.0		-	-
202604	230B30100	2	社外売	0.0	0.0	0.0	-	-	-
202604	230B30100	3	社内売	0.0	0.0	0.0	-	-	-
202604	230B30100	4	社内仕入	0.0	0.0	0.0		-	-
202604	230B30100	5	仕掛1	0.0	0.0	0.0		-	-
202604	230B30100	6	総生産	0.0	0.0	0.0		-	-
202604	230B30100	7	経費合計	0.0	0.0	0.0		-	-
202604	230B30100	8	経費合計(原価)	0.0	0.0	0.0	-	-	-
202604	230B30100	9	仕掛2	0.0	0.0	0.0	-	-	-
202604	230B30100	10	商品仕入高	0.0	0.0	0.0	-	-	-
202604	230B30100	11	原材料費	0.0	0.0	0.0	-	-	-
202604	230B30100	12	外注加工費	0.0	0.0	0.0	-	-	-
202604	230B30100	13	その他 直接経費	0.0	0.0	0.0	-	-	-
202604	230B30100	14	他勘定振替高	0.0	0.0	0.0	-	-	-
202604	230B30100	15	経費合計（販管費）	0.0	0.0	0.0	-	-	-
202604	230B30100	16	減価償却費	1065500.0	1061000.0	1164466.0	-	109.7	109.2
202604	230B30100	17	車両費	782546.0	777520.0	759773.0	-	97.7	97.0
202604	230B30100	18	旅費交通費	505000.0	511000.0	473175.0	-	92.5	93.6
202604	230B30100	19	荷造運搬費	4500.0	4500.0	0.0	-	0.0	0.0
202604	230B30100	20	通信費	71527.0	71491.0	72533.0	-	101.4	101.4
202604	230B30100	21	水道光熱費	151370.0	151280.0	130412.0	-	86.2	86.1
202604	230B30100	22	動力費	0.0	0.0	0.0	-	-	-
202604	230B30100	23	事務用品費	25500.0	25500.0	17657.0	-	69.2	69.2
202604	230B30100	24	消耗品費	69600.0	69552.0	33575.0	-	48.2	48.2
202604	230B30100	25	廃棄物処理料	3250.0	3219.0	3031.0	-	94.1	93.2
202604	230B30100	26	広告宣伝費	0.0	0.0	0.0	-	-	-
202604	230B30100	27	接待交際費	60000.0	60000.0	0.0	-	0.0	0.0
202604	230B30100	28	研究開発費	0.0	0.0	0.0	-	-	-
202604	230B30100	29	アフターサービス費	0.0	0.0	0.0	-	-	-
202604	230B30100	30	クレーム費	0.0	0.0	0.0	-	-	-
202604	230B30100	31	賃借料	1035290.0	1035239.0	1161513.0	-	112.1	112.1
202604	230B30100	32	賃貸料収入	-223000.0	-223000.0	-276024.0	-	-	-
202604	230B30100	33	修繕費	0.0	0.0	0.0	-	-	-
202604	230B30100	34	支払リース料	10550.0	10527.0	10193.0	-	96.8	96.6
202604	230B30100	35	保険料	0.0	0.0	0.0	-	-	-
202604	230B30100	36	支払報酬	20000.0	20000.0	20000.0	-	100.0	100.0
202604	230B30100	37	販売手数料	0.0	0.0	94000.0	-	-	-
202604	230B30100	38	支払手数料	672600.0	672524.0	596359.0	-	88.6	88.6
202604	230B30100	39	診断料	0.0	0.0	0.0	-	-	-
202604	230B30100	40	諸会費	1600.0	1600.0	600.0	-	37.5	37.5
202604	230B30100	41	会議費	2000.0	2000.0	0.0	-	0.0	0.0
202604	230B30100	42	寄付金	0.0	0.0	0.0	-	-	-
202604	230B30100	43	租税公課	0.0	0.0	0.0	-	-	-
202604	230B30100	44	業務委託費	554600.0	554600.0	554600.0	-	100.0	100.0
202604	230B30100	45	業務受託収入	0.0	0.0	0.0	-	-	-
202604	230B30100	46	システム管理料	0.0	0.0	0.0	-	-	-
202604	230B30100	47	情報機器利用料	1715454.0	1715414.0	1711168.0	-	99.7	99.7
202604	230B30100	48	貸倒金	0.0	0.0	0.0	-	-	-
202604	230B30100	49	雑費	5070.0	5012.0	4864.0	-	97.0	95.9
202604	230B30100	50	福利消耗品費	18500.0	18500.0	0.0	-	0.0	0.0
202604	230B30100	51	教育研修費	5750.0	5718.0	5213.0	-	91.1	90.6
202604	230B30100	52	廃棄損・減耗損	0.0	0.0	0.0	-	-	-
202604	230B30100	53	雑給	0.0	0.0	0.0	-	-	-
202604	230B30100	54	社内金利（固定資産）	240700.0	237400.0	237522.0	-	100.0	98.6
202604	230B30100	55	社内金利（売掛金）	0.0	0.0	0.0	-	-	-
202604	230B30100	56	社内金利（在庫）	0.0	0.0	0.0	-	-	-
202604	230B30100	57	営業口銭①（新築）	0.0	0.0	0.0	-	-	-
202604	230B30100	58	営業口銭②（リフォ）	0.0	0.0	0.0	-	-	-
202604	230B30100	59	開発口銭	0.0	0.0	0.0	-	-	-
202604	230B30100	60	部門共通（経費）	-7577307.0	-7569996.0	-7554030.0	-	-	-
202604	230B30100	61	グループ共通	779400.0	779400.0	779400.0	-	100.0	100.0
202604	230B30100	62	差引収益	0.0	0.0	0.0		-	-
202604	230B30100	63	差引比率	0.0	0.0	0.0		-	-
202604	230B30100	64	総時間	0.0	0.0	0.0		-	-
202604	230B30100	65	定時間	5120.0	5115.0	5222.0	-	102.0	101.9
202604	230B30100	66	残業時間	610.75	594.0	589.0	-	99.1	96.4
202604	230B30100	67	移動時間	-180.75	-180.75	-180.75	-	-	-
202604	230B30100	68	部門共通（時間）	-5550.0	-5528.25	-5630.25	-	-	-
202604	230B30100	69	当月時間当り	0.0	0.0	0.0		-	-
202604	230B30100	70	人員	32.0	32.0	32.0		100.0	100.0
202604	230P10300	1	総受注高	45500000.0	52055000.0	72095507.0		138.4	158.4
202604	230P10300	2	【新築】受注高	0.0	800000.0	980000.0	1.3	122.5	-
202604	230P10300	3	【リフォ】受注高	16500000.0	22255000.0	30432949.0	42.2	136.7	184.4
202604	230P10300	4	【資材】受注高	29000000.0	29000000.0	40682558.0	56.4	140.2	140.2
202604	230P10300	5	総売上高	49000000.0	47661818.0	51142300.0		107.3	104.3
202604	230P10300	6	【新築】売上高	0.0	800000.0	980000.0	1.9	122.5	-
202604	230P10300	7	【リフォ】売上高	16000000.0	13861818.0	15298354.0	29.9	110.3	95.6
202604	230P10300	8	【資材】売上高	33000000.0	33000000.0	34863946.0	68.1	105.6	105.6
202604	230P10300	9	【新築】インセンティブ	0.0	0.0	0.0	0.0	-	-
202604	230P10300	10	【リフォ】インセンティブ	0.0	0.0	0.0	0.0	-	-
202604	230P10300	11	【資材】インセンティブ	0.0	0.0	0.0	0.0	-	-
202604	230P10300	12	収益①（営業口銭）	2400000.0	2119272.0	2441753.0		115.2	101.7
202604	230P10300	13	【新築】収益①(営業口銭)	0.0	40000.0	147000.0		367.5	-
202604	230P10300	14	【リフォ】収益①(営業口銭)	2400000.0	2079272.0	2294753.0		110.3	95.6
202604	230P10300	15	【資材】売上原価	25000000.0	25000000.0	25869132.0		103.4	103.4
202604	230P10300	16	収益②（資材）	8000000.0	8000000.0	8994814.0		112.4	112.4
202604	230P10300	17	総収益	10400000.0	10119272.0	11436567.0		113.0	109.9
202604	230P10300	18	経費合計	4582935.0	4591946.0	4434398.0		96.5	96.7
202604	230P10300	19	減価償却費	2458.0	2458.0	2458.0	0.0	100.0	100.0
202604	230P10300	20	車両費	454000.0	454000.0	433825.0	9.7	95.5	95.5
202604	230P10300	21	旅費交通費	0.0	0.0	0.0	0.0	-	-
202604	230P10300	22	荷造運搬費	5000.0	5000.0	2237.0	0.0	44.7	44.7
202604	230P10300	23	通信費	90000.0	90000.0	77367.0	1.7	85.9	85.9
202604	230P10300	24	水道光熱費	90000.0	90000.0	86714.0	1.9	96.3	96.3
202604	230P10300	25	動力費	0.0	0.0	0.0	0.0	-	-
202604	230P10300	26	事務用品費	30000.0	30000.0	24301.0	0.5	81.0	81.0
202604	230P10300	27	消耗品費	20000.0	20000.0	10901.0	0.2	54.5	54.5
202604	230P10300	28	廃棄物処理料	10000.0	10000.0	-57331.0	-	-	-
202604	230P10300	29	広告宣伝費	10000.0	23000.0	5000.0	0.1	21.7	50.0
202604	230P10300	30	接待交際費	10000.0	10000.0	2704.0	0.0	27.0	27.0
202604	230P10300	31	研究開発費	0.0	0.0	0.0	0.0	-	-
202604	230P10300	32	アフターサービス費	0.0	0.0	0.0	0.0	-	-
202604	230P10300	33	クレーム費	0.0	0.0	0.0	0.0	-	-
202604	230P10300	34	賃借料	591643.0	591643.0	591643.0	13.3	100.0	100.0
202604	230P10300	35	賃貸料収入	0.0	0.0	0.0	0.0	-	-
202604	230P10300	36	修繕費	0.0	0.0	0.0	0.0	-	-
202604	230P10300	37	支払リース料	7000.0	7000.0	7000.0	0.1	100.0	100.0
202604	230P10300	38	保険料	4701.0	4701.0	4701.0	0.1	100.0	100.0
202604	230P10300	39	支払報酬	0.0	0.0	0.0	0.0	-	-
202604	230P10300	40	販売手数料	0.0	0.0	0.0	0.0	-	-
202604	230P10300	41	支払手数料	270000.0	270000.0	293192.0	6.6	108.5	108.5
202604	230P10300	42	診断料	0.0	0.0	0.0	0.0	-	-
202604	230P10300	43	諸会費	7500.0	7500.0	8000.0	0.1	106.6	106.6
202604	230P10300	44	会議費	0.0	0.0	0.0	0.0	-	-
202604	230P10300	45	寄付金	5000.0	3000.0	3910.0	0.0	130.3	78.2
202604	230P10300	46	租税公課	20000.0	20000.0	16001.0	0.3	80.0	80.0
202604	230P10300	47	業務委託費	0.0	0.0	0.0	0.0	-	-
202604	230P10300	48	業務受託収入	0.0	0.0	0.0	0.0	-	-
202604	230P10300	49	システム管理料	0.0	0.0	0.0	0.0	-	-
202604	230P10300	50	情報機器利用料	745920.0	745920.0	744090.0	16.7	99.7	99.7
202604	230P10300	51	貸倒金	0.0	0.0	0.0	0.0	-	-
202604	230P10300	52	雑費	10000.0	10000.0	10414.0	0.2	104.1	104.1
202604	230P10300	53	福利消耗品費	3000.0	3000.0	0.0	0.0	0.0	0.0
202604	230P10300	54	教育研修費	3000.0	3000.0	2871.0	0.0	95.7	95.7
202604	230P10300	55	廃棄損・減耗損	0.0	0.0	6330.0	0.1	-	-
202604	230P10300	56	雑給	0.0	0.0	0.0	0.0	-	-
202604	230P10300	57	社内金利（固定資産）	135.0	135.0	135.0	0.0	100.0	100.0
202604	230P10300	58	社内金利（売掛金）	33000.0	33000.0	34424.0	0.7	104.3	104.3
202604	230P10300	59	社内金利（在庫）	58000.0	58000.0	90808.0	2.0	156.5	156.5
202604	230P10300	60	開発口銭	0.0	0.0	0.0	0.0	-	-
202604	230P10300	61	部門共通（経費）	1750378.0	1748389.0	1680503.0	37.8	96.1	96.0
202604	230P10300	62	グループ共通	352200.0	352200.0	352200.0	7.9	100.0	100.0
202604	230P10300	63	差引収益	5817065.0	5527326.0	7002169.0		126.6	120.3
202604	230P10300	64	差引比率	11.8	11.5	13.6		118.2	115.2
202604	230P10300	65	総時間	3889.75	3511.75	3590.75		102.2	92.3
202604	230P10300	66	定時間	2434.0	2166.0	2130.0	59.3	98.3	87.5
202604	230P10300	67	残業時間	290.0	208.0	327.0	9.1	157.2	112.7
202604	230P10300	68	移動時間	65.0	65.0	62.5	1.7	96.1	96.1
202604	230P10300	69	部門共通（時間）	1100.75	1072.75	1071.25	29.8	99.8	97.3
202604	230P10300	70	当月時間当り	1495.4	1573.9	1950.0		123.8	130.3
202604	230P10300	71	人員	14.0	13.0	14.0		107.6	100.0
202604	230P10400	1	総受注高	45500000.0	52055000.0	72095507.0		138.4	158.4
202604	230P10400	2	【新築】受注高	0.0	800000.0	980000.0	1.3	122.5	-
202604	230P10400	3	【リフォ】受注高	16500000.0	22255000.0	30432949.0	42.2	136.7	184.4
202604	230P10400	4	【資材】受注高	29000000.0	29000000.0	40682558.0	56.4	140.2	140.2
202604	230P10400	5	総売上高	49000000.0	47661818.0	51142300.0		107.3	104.3
202604	230P10400	6	【新築】売上高	0.0	800000.0	980000.0	1.9	122.5	-
202604	230P10400	7	【リフォ】売上高	16000000.0	13861818.0	15298354.0	29.9	110.3	95.6
202604	230P10400	8	【資材】売上高	33000000.0	33000000.0	34863946.0	68.1	105.6	105.6
202604	230P10400	9	【新築】インセンティブ	0.0	0.0	0.0	0.0	-	-
202604	230P10400	10	【リフォ】インセンティブ	0.0	0.0	0.0	0.0	-	-
202604	230P10400	11	【資材】インセンティブ	0.0	0.0	0.0	0.0	-	-
202604	230P10400	12	収益①（営業口銭）	2400000.0	2119272.0	2441753.0		115.2	101.7
202604	230P10400	13	【新築】収益①(営業口銭)	0.0	40000.0	147000.0		367.5	-
202604	230P10400	14	【リフォ】収益①(営業口銭)	2400000.0	2079272.0	2294753.0		110.3	95.6
202604	230P10400	15	【資材】売上原価	25000000.0	25000000.0	25869132.0		103.4	103.4
202604	230P10400	16	収益②（資材）	8000000.0	8000000.0	8994814.0		112.4	112.4
202604	230P10400	17	総収益	10400000.0	10119272.0	11436567.0		113.0	109.9
202604	230P10400	18	総出荷	16000000.0	14661818.0	16278354.0		111.0	101.7
202604	230P10400	19	社外売	16000000.0	14661818.0	16278354.0	100.0	111.0	101.7
202604	230P10400	20	社内売	0.0	0.0	0.0	0.0	-	-
202604	230P10400	21	社内仕入	1156000.0	845801.0	814729.0		96.3	70.4
202604	230P10400	22	仕掛1	1000570.0	1587601.0	1587601.0		100.0	158.6
202604	230P10400	23	総生産	13843430.0	12228416.0	13876024.0		113.4	100.2
202604	230P10400	24	経費合計	25556597.0	34208249.0	35750281.0		104.5	139.8
202604	230P10400	25	経費合計(原価)	17390000.0	26313110.0	27788152.0	77.7	105.6	159.7
202604	230P10400	26	仕掛2	6986000.0	12070949.0	12070949.0	43.4	100.0	172.7
202604	230P10400	27	商品仕入高	5721000.0	7571374.0	6143358.0	22.1	81.1	107.3
202604	230P10400	28	原材料費	0.0	0.0	0.0	0.0	-	-
202604	230P10400	29	外注加工費	4624200.0	6353687.0	9479795.0	34.1	149.2	205.0
202604	230P10400	30	その他 直接経費	58800.0	317100.0	94050.0	0.3	29.6	159.9
202604	230P10400	31	他勘定振替高	0.0	0.0	0.0	0.0	-	-
202604	230P10400	32	経費合計（販管費）	8166597.0	7895139.0	7962129.0	22.2	100.8	97.4
202604	230P10400	33	減価償却費	2458.0	2458.0	2458.0	0.0	100.0	100.0
202604	230P10400	34	車両費	670000.0	670000.0	715027.0	8.9	106.7	106.7
202604	230P10400	35	旅費交通費	0.0	0.0	0.0	0.0	-	-
202604	230P10400	36	荷造運搬費	5000.0	5000.0	2237.0	0.0	44.7	44.7
202604	230P10400	37	通信費	100000.0	100000.0	87207.0	1.0	87.2	87.2
202604	230P10400	38	水道光熱費	110000.0	110000.0	105297.0	1.3	95.7	95.7
202604	230P10400	39	動力費	0.0	0.0	0.0	0.0	-	-
202604	230P10400	40	事務用品費	34000.0	34000.0	28934.0	0.3	85.1	85.1
202604	230P10400	41	消耗品費	35000.0	35000.0	24031.0	0.3	68.6	68.6
202604	230P10400	42	廃棄物処理料	110000.0	110000.0	-56731.0	-	-	-
202604	230P10400	43	広告宣伝費	10000.0	23000.0	5000.0	0.0	21.7	50.0
202604	230P10400	44	接待交際費	10000.0	10000.0	2704.0	0.0	27.0	27.0
202604	230P10400	45	研究開発費	0.0	0.0	0.0	0.0	-	-
202604	230P10400	46	アフターサービス費	0.0	0.0	0.0	0.0	-	-
202604	230P10400	47	クレーム費	0.0	0.0	0.0	0.0	-	-
202604	230P10400	48	賃借料	710000.0	710000.0	710000.0	8.9	100.0	100.0
202604	230P10400	49	賃貸料収入	0.0	0.0	0.0	0.0	-	-
202604	230P10400	50	修繕費	0.0	0.0	0.0	0.0	-	-
202604	230P10400	51	支払リース料	8400.0	8400.0	8400.0	0.1	100.0	100.0
202604	230P10400	52	保険料	4701.0	4701.0	4701.0	0.0	100.0	100.0
202604	230P10400	53	支払報酬	0.0	0.0	0.0	0.0	-	-
202604	230P10400	54	販売手数料	0.0	0.0	0.0	0.0	-	-
202604	230P10400	55	支払手数料	270000.0	270000.0	293192.0	3.6	108.5	108.5
202604	230P10400	56	診断料	0.0	0.0	0.0	0.0	-	-
202604	230P10400	57	諸会費	7500.0	7500.0	8000.0	0.1	106.6	106.6
202604	230P10400	58	会議費	0.0	0.0	0.0	0.0	-	-
202604	230P10400	59	寄付金	5000.0	3000.0	3910.0	0.0	130.3	78.2
202604	230P10400	60	租税公課	20000.0	20000.0	16001.0	0.2	80.0	80.0
202604	230P10400	61	業務委託費	0.0	0.0	0.0	0.0	-	-
202604	230P10400	62	業務受託収入	0.0	0.0	0.0	0.0	-	-
202604	230P10400	63	システム管理料	0.0	0.0	0.0	0.0	-	-
202604	230P10400	64	情報機器利用料	856780.0	856780.0	860800.0	10.8	100.4	100.4
202604	230P10400	65	貸倒金	0.0	0.0	0.0	0.0	-	-
202604	230P10400	66	雑費	10800.0	10800.0	11940.0	0.1	110.5	110.5
202604	230P10400	67	福利消耗品費	3000.0	3000.0	0.0	0.0	0.0	0.0
202604	230P10400	68	教育研修費	3000.0	3000.0	2871.0	0.0	95.7	95.7
202604	230P10400	69	廃棄損・減耗損	0.0	0.0	6330.0	0.0	-	-
202604	230P10400	70	雑給	0.0	0.0	0.0	0.0	-	-
202604	230P10400	71	社内金利（固定資産）	135.0	135.0	135.0	0.0	100.0	100.0
202604	230P10400	72	社内金利（売掛金）	33000.0	33000.0	34424.0	0.4	104.3	104.3
202604	230P10400	73	社内金利（在庫）	58000.0	58000.0	90808.0	1.1	156.5	156.5
202604	230P10400	74	営業口銭①（新築）	0.0	40000.0	147000.0	1.8	367.5	-
202604	230P10400	75	営業口銭②（リフォ）	2400000.0	2079272.0	2294753.0	28.8	110.3	95.6
202604	230P10400	76	開発口銭	0.0	0.0	0.0	0.0	-	-
202604	230P10400	77	部門共通（経費）	2261823.0	2260093.0	2124700.0	26.6	94.0	93.9
202604	230P10400	78	グループ共通	428000.0	428000.0	428000.0	5.3	100.0	100.0
202604	230P10400	79	差引収益	-1313167.0	-11860561.0	-10437690.0		-	-
202604	230P10400	80	差引比率	-2.0	-19.8	-16.0		-	-
202604	230P10400	81	総時間	4728.5	4317.75	4432.25		102.6	93.7
202604	230P10400	82	定時間	2970.0	2682.0	2658.0	59.9	99.1	89.4
202604	230P10400	83	残業時間	350.0	255.0	399.25	9.0	156.5	114.0
202604	230P10400	84	移動時間	65.0	65.0	62.5	1.4	96.1	96.1
202604	230P10400	85	部門共通（時間）	1343.5	1315.75	1312.5	29.6	99.7	97.6
202604	230P10400	86	当月時間当り	-277.7	-2746.9	-2354.9		-	-
202604	230P10400	87	人員	17.0	16.0	17.0		106.2	100.0
202604	230P30101	1	総出荷	16000000.0	14661818.0	16278354.0		111.0	101.7
202604	230P30101	2	社外売	16000000.0	14661818.0	16278354.0	100.0	111.0	101.7
202604	230P30101	3	社内売	0.0	0.0	0.0	0.0	-	-
202604	230P30101	4	社内仕入	1156000.0	845801.0	814729.0		96.3	70.4
202604	230P30101	5	仕掛1	1000570.0	1587601.0	1587601.0		100.0	158.6
202604	230P30101	6	総生産	13843430.0	12228416.0	13876024.0		113.4	100.2
202604	230P30101	7	経費合計	20973662.0	29616303.0	31315883.0		105.7	149.3
202604	230P30101	8	経費合計(原価)	17390000.0	26313110.0	27788152.0	88.7	105.6	159.7
202604	230P30101	9	仕掛2	6986000.0	12070949.0	12070949.0	43.4	100.0	172.7
202604	230P30101	10	商品仕入高	5721000.0	7571374.0	6143358.0	22.1	81.1	107.3
202604	230P30101	11	原材料費	0.0	0.0	0.0	0.0	-	-
202604	230P30101	12	外注加工費	4624200.0	6353687.0	9479795.0	34.1	149.2	205.0
202604	230P30101	13	その他 直接経費	58800.0	317100.0	94050.0	0.3	29.6	159.9
202604	230P30101	14	他勘定振替高	0.0	0.0	0.0	0.0	-	-
202604	230P30101	15	経費合計（販管費）	3583662.0	3303193.0	3527731.0	11.2	106.7	98.4
202604	230P30101	16	減価償却費	0.0	0.0	0.0	0.0	-	-
202604	230P30101	17	車両費	216000.0	216000.0	281202.0	7.9	130.1	130.1
202604	230P30101	18	旅費交通費	0.0	0.0	0.0	0.0	-	-
202604	230P30101	19	荷造運搬費	0.0	0.0	0.0	0.0	-	-
202604	230P30101	20	通信費	10000.0	10000.0	9840.0	0.2	98.4	98.4
202604	230P30101	21	水道光熱費	20000.0	20000.0	18583.0	0.5	92.9	92.9
202604	230P30101	22	動力費	0.0	0.0	0.0	0.0	-	-
202604	230P30101	23	事務用品費	4000.0	4000.0	4633.0	0.1	115.8	115.8
202604	230P30101	24	消耗品費	15000.0	15000.0	13130.0	0.3	87.5	87.5
202604	230P30101	25	廃棄物処理料	100000.0	100000.0	600.0	0.0	0.6	0.6
202604	230P30101	26	広告宣伝費	0.0	0.0	0.0	0.0	-	-
202604	230P30101	27	接待交際費	0.0	0.0	0.0	0.0	-	-
202604	230P30101	28	研究開発費	0.0	0.0	0.0	0.0	-	-
202604	230P30101	29	アフターサービス費	0.0	0.0	0.0	0.0	-	-
202604	230P30101	30	クレーム費	0.0	0.0	0.0	0.0	-	-
202604	230P30101	31	賃借料	118357.0	118357.0	118357.0	3.3	100.0	100.0
202604	230P30101	32	賃貸料収入	0.0	0.0	0.0	0.0	-	-
202604	230P30101	33	修繕費	0.0	0.0	0.0	0.0	-	-
202604	230P30101	34	支払リース料	1400.0	1400.0	1400.0	0.0	100.0	100.0
202604	230P30101	35	保険料	0.0	0.0	0.0	0.0	-	-
202604	230P30101	36	支払報酬	0.0	0.0	0.0	0.0	-	-
202604	230P30101	37	販売手数料	0.0	0.0	0.0	0.0	-	-
202604	230P30101	38	支払手数料	0.0	0.0	0.0	0.0	-	-
202604	230P30101	39	診断料	0.0	0.0	0.0	0.0	-	-
202604	230P30101	40	諸会費	0.0	0.0	0.0	0.0	-	-
202604	230P30101	41	会議費	0.0	0.0	0.0	0.0	-	-
202604	230P30101	42	寄付金	0.0	0.0	0.0	0.0	-	-
202604	230P30101	43	租税公課	0.0	0.0	0.0	0.0	-	-
202604	230P30101	44	業務委託費	0.0	0.0	0.0	0.0	-	-
202604	230P30101	45	業務受託収入	0.0	0.0	0.0	0.0	-	-
202604	230P30101	46	システム管理料	0.0	0.0	0.0	0.0	-	-
202604	230P30101	47	情報機器利用料	110860.0	110860.0	116710.0	3.3	105.2	105.2
202604	230P30101	48	貸倒金	0.0	0.0	0.0	0.0	-	-
202604	230P30101	49	雑費	800.0	800.0	1526.0	0.0	190.7	190.7
202604	230P30101	50	福利消耗品費	0.0	0.0	0.0	0.0	-	-
202604	230P30101	51	教育研修費	0.0	0.0	0.0	0.0	-	-
202604	230P30101	52	廃棄損・減耗損	0.0	0.0	0.0	0.0	-	-
202604	230P30101	53	雑給	0.0	0.0	0.0	0.0	-	-
202604	230P30101	54	社内金利（固定資産）	0.0	0.0	0.0	0.0	-	-
202604	230P30101	55	社内金利（売掛金）	0.0	0.0	0.0	0.0	-	-
202604	230P30101	56	社内金利（在庫）	0.0	0.0	0.0	0.0	-	-
202604	230P30101	57	営業口銭①（新築）	0.0	40000.0	147000.0	4.1	367.5	-
202604	230P30101	58	営業口銭②（リフォ）	2400000.0	2079272.0	2294753.0	65.0	110.3	95.6
202604	230P30101	59	開発口銭	0.0	0.0	0.0	0.0	-	-
202604	230P30101	60	部門共通（経費）	511445.0	511704.0	444197.0	12.5	86.8	86.8
202604	230P30101	61	グループ共通	75800.0	75800.0	75800.0	2.1	100.0	100.0
202604	230P30101	62	差引収益	-7130232.0	-17387887.0	-17439859.0		-	-
202604	230P30101	63	差引比率	-51.5	-142.1	-125.6		-	-
202604	230P30101	64	総時間	838.75	806.0	841.5		104.4	100.3
202604	230P30101	65	定時間	536.0	516.0	528.0	62.7	102.3	98.5
202604	230P30101	66	残業時間	60.0	47.0	72.25	8.5	153.7	120.4
202604	230P30101	67	移動時間	0.0	0.0	0.0	0.0	-	-
202604	230P30101	68	部門共通（時間）	242.75	243.0	241.25	28.6	99.2	99.3
202604	230P30101	69	当月時間当り	-8501.0	-21573.0	-20724.7		-	-
202604	230P30101	70	人員	3.0	3.0	3.0		100.0	100.0
202604	230K10100	1	総受注高	51310000.0	66009000.0	106087193.0		160.7	206.7
202604	230K10100	2	【新築】受注高	0.0	2800000.0	2200000.0	2.0	78.5	-
202604	230K10100	3	【リフォ】受注高	26890000.0	38789000.0	71781360.0	67.6	185.0	266.9
202604	230K10100	4	【資材】受注高	24420000.0	24420000.0	32105833.0	30.2	131.4	131.4
202604	230K10100	5	総売上高	48790000.0	37130263.0	39827628.0		107.2	81.6
202604	230K10100	6	【新築】売上高	0.0	2230000.0	2230000.0	5.5	100.0	-
202604	230K10100	7	【リフォ】売上高	26890000.0	13000263.0	10636377.0	26.7	81.8	39.5
202604	230K10100	8	【資材】売上高	21900000.0	21900000.0	26961251.0	67.6	123.1	123.1
202604	230K10100	9	【新築】インセンティブ	0.0	0.0	0.0	0.0	-	-
202604	230K10100	10	【リフォ】インセンティブ	0.0	0.0	0.0	0.0	-	-
202604	230K10100	11	【資材】インセンティブ	0.0	0.0	0.0	0.0	-	-
202604	230K10100	12	収益①（営業口銭）	4033500.0	2061539.0	1706952.0		82.7	42.3
202604	230K10100	13	【新築】収益①(営業口銭)	0.0	111500.0	111500.0		100.0	-
202604	230K10100	14	【リフォ】収益①(営業口銭)	4033500.0	1950039.0	1595452.0		81.8	39.5
202604	230K10100	15	【資材】売上原価	17081000.0	17081000.0	20619732.0		120.7	120.7
202604	230K10100	16	収益②（資材）	4819000.0	4819000.0	6341519.0		131.5	131.5
202604	230K10100	17	総収益	8852500.0	6880539.0	8048471.0		116.9	90.9
202604	230K10100	18	経費合計	4922746.0	4920758.0	4781655.0		97.1	97.1
202604	230K10100	19	減価償却費	52000.0	52000.0	54699.0	1.1	105.1	105.1
202604	230K10100	20	車両費	573000.0	573000.0	604319.0	12.6	105.4	105.4
202604	230K10100	21	旅費交通費	0.0	0.0	-455.0	-	-	-
202604	230K10100	22	荷造運搬費	0.0	0.0	0.0	0.0	-	-
202604	230K10100	23	通信費	86000.0	86000.0	72992.0	1.5	84.8	84.8
202604	230K10100	24	水道光熱費	105000.0	105000.0	73887.0	1.5	70.3	70.3
202604	230K10100	25	動力費	0.0	0.0	0.0	0.0	-	-
202604	230K10100	26	事務用品費	24000.0	24000.0	26162.0	0.5	109.0	109.0
202604	230K10100	27	消耗品費	10000.0	10000.0	3060.0	0.0	30.6	30.6
202604	230K10100	28	廃棄物処理料	11000.0	11000.0	10000.0	0.2	90.9	90.9
202604	230K10100	29	広告宣伝費	25000.0	25000.0	14480.0	0.3	57.9	57.9
202604	230K10100	30	接待交際費	10000.0	10000.0	0.0	0.0	0.0	0.0
202604	230K10100	31	研究開発費	0.0	0.0	0.0	0.0	-	-
202604	230K10100	32	アフターサービス費	0.0	0.0	0.0	0.0	-	-
202604	230K10100	33	クレーム費	0.0	0.0	0.0	0.0	-	-
202604	230K10100	34	賃借料	877800.0	877800.0	877800.0	18.3	100.0	100.0
202604	230K10100	35	賃貸料収入	0.0	0.0	0.0	0.0	-	-
202604	230K10100	36	修繕費	0.0	0.0	0.0	0.0	-	-
202604	230K10100	37	支払リース料	18000.0	18000.0	9009.0	0.1	50.0	50.0
202604	230K10100	38	保険料	4000.0	4000.0	5314.0	0.1	132.8	132.8
202604	230K10100	39	支払報酬	0.0	0.0	0.0	0.0	-	-
202604	230K10100	40	販売手数料	0.0	0.0	0.0	0.0	-	-
202604	230K10100	41	支払手数料	172000.0	172000.0	87343.0	1.8	50.7	50.7
202604	230K10100	42	診断料	0.0	0.0	0.0	0.0	-	-
202604	230K10100	43	諸会費	0.0	0.0	1000.0	0.0	-	-
202604	230K10100	44	会議費	0.0	0.0	0.0	0.0	-	-
202604	230K10100	45	寄付金	0.0	0.0	3000.0	0.0	-	-
202604	230K10100	46	租税公課	10000.0	10000.0	20500.0	0.4	205.0	205.0
202604	230K10100	47	業務委託費	0.0	0.0	0.0	0.0	-	-
202604	230K10100	48	業務受託収入	0.0	0.0	0.0	0.0	-	-
202604	230K10100	49	システム管理料	0.0	0.0	0.0	0.0	-	-
202604	230K10100	50	情報機器利用料	721500.0	721500.0	751440.0	15.7	104.1	104.1
202604	230K10100	51	貸倒金	0.0	0.0	0.0	0.0	-	-
202604	230K10100	52	雑費	7000.0	7000.0	6500.0	0.1	92.8	92.8
202604	230K10100	53	福利消耗品費	0.0	0.0	0.0	0.0	-	-
202604	230K10100	54	教育研修費	3000.0	3000.0	2871.0	0.0	95.7	95.7
202604	230K10100	55	廃棄損・減耗損	0.0	0.0	0.0	0.0	-	-
202604	230K10100	56	雑給	0.0	0.0	0.0	0.0	-	-
202604	230K10100	57	社内金利（固定資産）	16328.0	16328.0	18192.0	0.3	111.4	111.4
202604	230K10100	58	社内金利（売掛金）	31000.0	31000.0	19514.0	0.4	62.9	62.9
202604	230K10100	59	社内金利（在庫）	55000.0	55000.0	80622.0	1.6	146.5	146.5
202604	230K10100	60	開発口銭	0.0	0.0	0.0	0.0	-	-
202604	230K10100	61	部門共通（経費）	1758918.0	1756930.0	1687206.0	35.2	96.0	95.9
202604	230K10100	62	グループ共通	352200.0	352200.0	352200.0	7.3	100.0	100.0
202604	230K10100	63	差引収益	3929754.0	1959781.0	3266816.0		166.6	83.1
202604	230K10100	64	差引比率	8.0	5.2	8.2		157.6	102.5
202604	230K10100	65	総時間	3038.5	3401.5	3608.0		106.0	118.7
202604	230K10100	66	定時間	1847.5	2213.5	2201.0	61.0	99.4	119.1
202604	230K10100	67	残業時間	215.5	240.0	268.25	7.4	111.7	124.4
202604	230K10100	68	移動時間	-131.5	-131.5	60.5	1.6	-	-
202604	230K10100	69	部門共通（時間）	1107.0	1079.5	1078.25	29.8	99.8	97.4
202604	230K10100	70	当月時間当り	1293.3	576.1	905.4		157.1	70.0
202604	230K10100	71	人員	13.0	13.0	13.0		100.0	100.0
202604	230K10200	1	総受注高	51310000.0	66009000.0	106087193.0		160.7	206.7
202604	230K10200	2	【新築】受注高	0.0	2800000.0	2200000.0	2.0	78.5	-
202604	230K10200	3	【リフォ】受注高	26890000.0	38789000.0	71781360.0	67.6	185.0	266.9
202604	230K10200	4	【資材】受注高	24420000.0	24420000.0	32105833.0	30.2	131.4	131.4
202604	230K10200	5	総売上高	48790000.0	37130263.0	39827628.0		107.2	81.6
202604	230K10200	6	【新築】売上高	0.0	2230000.0	2230000.0	5.5	100.0	-
202604	230K10200	7	【リフォ】売上高	26890000.0	13000263.0	10636377.0	26.7	81.8	39.5
202604	230K10200	8	【資材】売上高	21900000.0	21900000.0	26961251.0	67.6	123.1	123.1
202604	230K10200	9	【新築】インセンティブ	0.0	0.0	0.0	0.0	-	-
202604	230K10200	10	【リフォ】インセンティブ	0.0	0.0	0.0	0.0	-	-
202604	230K10200	11	【資材】インセンティブ	0.0	0.0	0.0	0.0	-	-
202604	230K10200	12	収益①（営業口銭）	4033500.0	2061539.0	1706952.0		82.7	42.3
202604	230K10200	13	【新築】収益①(営業口銭)	0.0	111500.0	111500.0		100.0	-
202604	230K10200	14	【リフォ】収益①(営業口銭)	4033500.0	1950039.0	1595452.0		81.8	39.5
202604	230K10200	15	【資材】売上原価	17081000.0	17081000.0	20619732.0		120.7	120.7
202604	230K10200	16	収益②（資材）	4819000.0	4819000.0	6341519.0		131.5	131.5
202604	230K10200	17	総収益	8852500.0	6880539.0	8048471.0		116.9	90.9
202604	230K10200	18	総出荷	26890000.0	15230263.0	12866377.0		84.4	47.8
202604	230K10200	19	社外売	26890000.0	15230263.0	12866377.0	100.0	84.4	47.8
202604	230K10200	20	社内売	0.0	0.0	0.0	0.0	-	-
202604	230K10200	21	社内仕入	1958000.0	1490677.0	2013611.0		135.0	102.8
202604	230K10200	22	仕掛1	1000000.0	1362088.0	1362088.0		100.0	136.2
202604	230K10200	23	総生産	23932000.0	12377498.0	9490678.0		76.6	39.6
202604	230K10200	24	経費合計	34094607.0	30285585.0	40618411.0		134.1	119.1
202604	230K10200	25	経費合計(原価)	23622000.0	21786682.0	32928264.0	81.0	151.1	139.3
202604	230K10200	26	仕掛2	6000000.0	11788741.0	11788741.0	35.8	100.0	196.4
202604	230K10200	27	商品仕入高	9622000.0	5573126.0	12542873.0	38.0	225.0	130.3
202604	230K10200	28	原材料費	0.0	0.0	0.0	0.0	-	-
202604	230K10200	29	外注加工費	7831500.0	4424815.0	8596650.0	26.1	194.2	109.7
202604	230K10200	30	その他 直接経費	168500.0	0.0	0.0	0.0	-	0.0
202604	230K10200	31	他勘定振替高	0.0	0.0	0.0	0.0	-	-
202604	230K10200	32	経費合計（販管費）	10472607.0	8498903.0	7690147.0	18.9	90.4	73.4
202604	230K10200	33	減価償却費	52000.0	52000.0	54699.0	0.7	105.1	105.1
202604	230K10200	34	車両費	831000.0	831000.0	844680.0	10.9	101.6	101.6
202604	230K10200	35	旅費交通費	0.0	0.0	-455.0	-	-	-
202604	230K10200	36	荷造運搬費	0.0	0.0	0.0	0.0	-	-
202604	230K10200	37	通信費	97000.0	97000.0	84451.0	1.0	87.0	87.0
202604	230K10200	38	水道光熱費	130000.0	130000.0	90979.0	1.1	69.9	69.9
202604	230K10200	39	動力費	0.0	0.0	0.0	0.0	-	-
202604	230K10200	40	事務用品費	29000.0	29000.0	28749.0	0.3	99.1	99.1
202604	230K10200	41	消耗品費	15000.0	15000.0	3436.0	0.0	22.9	22.9
202604	230K10200	42	廃棄物処理料	31000.0	31000.0	32690.0	0.4	105.4	105.4
202604	230K10200	43	広告宣伝費	25000.0	25000.0	14480.0	0.1	57.9	57.9
202604	230K10200	44	接待交際費	10000.0	10000.0	0.0	0.0	0.0	0.0
202604	230K10200	45	研究開発費	0.0	0.0	0.0	0.0	-	-
202604	230K10200	46	アフターサービス費	0.0	0.0	0.0	0.0	-	-
202604	230K10200	47	クレーム費	0.0	0.0	0.0	0.0	-	-
202604	230K10200	48	賃借料	1083800.0	1083800.0	1083000.0	14.0	99.9	99.9
202604	230K10200	49	賃貸料収入	0.0	0.0	0.0	0.0	-	-
202604	230K10200	50	修繕費	0.0	0.0	0.0	0.0	-	-
202604	230K10200	51	支払リース料	23000.0	23000.0	11261.0	0.1	48.9	48.9
202604	230K10200	52	保険料	5000.0	5000.0	5314.0	0.0	106.2	106.2
202604	230K10200	53	支払報酬	0.0	0.0	0.0	0.0	-	-
202604	230K10200	54	販売手数料	0.0	0.0	0.0	0.0	-	-
202604	230K10200	55	支払手数料	194000.0	194000.0	97916.0	1.2	50.4	50.4
202604	230K10200	56	診断料	0.0	0.0	0.0	0.0	-	-
202604	230K10200	57	諸会費	0.0	0.0	1000.0	0.0	-	-
202604	230K10200	58	会議費	0.0	0.0	0.0	0.0	-	-
202604	230K10200	59	寄付金	0.0	0.0	3000.0	0.0	-	-
202604	230K10200	60	租税公課	10000.0	10000.0	20500.0	0.2	205.0	205.0
202604	230K10200	61	業務委託費	0.0	0.0	0.0	0.0	-	-
202604	230K10200	62	業務受託収入	0.0	0.0	0.0	0.0	-	-
202604	230K10200	63	システム管理料	0.0	0.0	0.0	0.0	-	-
202604	230K10200	64	情報機器利用料	886500.0	886500.0	914850.0	11.8	103.1	103.1
202604	230K10200	65	貸倒金	0.0	0.0	0.0	0.0	-	-
202604	230K10200	66	雑費	9000.0	9000.0	7928.0	0.1	88.0	88.0
202604	230K10200	67	福利消耗品費	0.0	0.0	0.0	0.0	-	-
202604	230K10200	68	教育研修費	203000.0	203000.0	2871.0	0.0	1.4	1.4
202604	230K10200	69	廃棄損・減耗損	0.0	0.0	0.0	0.0	-	-
202604	230K10200	70	雑給	0.0	0.0	0.0	0.0	-	-
202604	230K10200	71	社内金利（固定資産）	16328.0	16328.0	18192.0	0.2	111.4	111.4
202604	230K10200	72	社内金利（売掛金）	31000.0	31000.0	19514.0	0.2	62.9	62.9
202604	230K10200	73	社内金利（在庫）	55000.0	55000.0	80622.0	1.0	146.5	146.5
202604	230K10200	74	営業口銭①（新築）	0.0	111500.0	111500.0	1.4	100.0	-
202604	230K10200	75	営業口銭②（リフォ）	4033500.0	1950039.0	1595452.0	20.7	81.8	39.5
202604	230K10200	76	開発口銭	0.0	0.0	0.0	0.0	-	-
202604	230K10200	77	部門共通（経費）	2274479.0	2272736.0	2135518.0	27.7	93.9	93.8
202604	230K10200	78	グループ共通	428000.0	428000.0	428000.0	5.5	100.0	100.0
202604	230K10200	79	差引収益	-1310107.0	-11027548.0	-23079262.0		-	-
202604	230K10200	80	差引比率	-1.8	-22.2	-46.7		-	-
202604	230K10200	81	総時間	4124.25	4407.75	4353.5		98.7	105.5
202604	230K10200	82	定時間	2450.0	2816.0	2704.5	62.1	96.0	110.3
202604	230K10200	83	残業時間	284.0	308.5	345.0	7.9	111.8	121.4
202604	230K10200	84	移動時間	36.5	-43.5	-19.5	-	-	-
202604	230K10200	85	部門共通（時間）	1353.75	1326.75	1323.5	30.4	99.7	97.7
202604	230K10200	86	当月時間当り	-317.6	-2501.8	-5301.3		-	-
202604	230K10200	87	人員	16.0	16.0	16.0		100.0	100.0
202604	230K30101	1	総出荷	26890000.0	15230263.0	12866377.0		84.4	47.8
202604	230K30101	2	社外売	26890000.0	15230263.0	12866377.0	100.0	84.4	47.8
202604	230K30101	3	社内売	0.0	0.0	0.0	0.0	-	-
202604	230K30101	4	社内仕入	1958000.0	1490677.0	2013611.0		135.0	102.8
202604	230K30101	5	仕掛1	1000000.0	1362088.0	1362088.0		100.0	136.2
202604	230K30101	6	総生産	23932000.0	12377498.0	9490678.0		76.6	39.6
202604	230K30101	7	経費合計	29171861.0	25364827.0	35836756.0		141.2	122.8
202604	230K30101	8	経費合計(原価)	23622000.0	21786682.0	32928264.0	91.8	151.1	139.3
202604	230K30101	9	仕掛2	6000000.0	11788741.0	11788741.0	35.8	100.0	196.4
202604	230K30101	10	商品仕入高	9622000.0	5573126.0	12542873.0	38.0	225.0	130.3
202604	230K30101	11	原材料費	0.0	0.0	0.0	0.0	-	-
202604	230K30101	12	外注加工費	7831500.0	4424815.0	8596650.0	26.1	194.2	109.7
202604	230K30101	13	その他 直接経費	168500.0	0.0	0.0	0.0	-	0.0
202604	230K30101	14	他勘定振替高	0.0	0.0	0.0	0.0	-	-
202604	230K30101	15	経費合計（販管費）	5549861.0	3578145.0	2908492.0	8.1	81.2	52.4
202604	230K30101	16	減価償却費	0.0	0.0	0.0	0.0	-	-
202604	230K30101	17	車両費	258000.0	258000.0	240361.0	8.2	93.1	93.1
202604	230K30101	18	旅費交通費	0.0	0.0	0.0	0.0	-	-
202604	230K30101	19	荷造運搬費	0.0	0.0	0.0	0.0	-	-
202604	230K30101	20	通信費	11000.0	11000.0	11459.0	0.3	104.1	104.1
202604	230K30101	21	水道光熱費	25000.0	25000.0	17092.0	0.5	68.3	68.3
202604	230K30101	22	動力費	0.0	0.0	0.0	0.0	-	-
202604	230K30101	23	事務用品費	5000.0	5000.0	2587.0	0.0	51.7	51.7
202604	230K30101	24	消耗品費	5000.0	5000.0	376.0	0.0	7.5	7.5
202604	230K30101	25	廃棄物処理料	20000.0	20000.0	22690.0	0.7	113.4	113.4
202604	230K30101	26	広告宣伝費	0.0	0.0	0.0	0.0	-	-
202604	230K30101	27	接待交際費	0.0	0.0	0.0	0.0	-	-
202604	230K30101	28	研究開発費	0.0	0.0	0.0	0.0	-	-
202604	230K30101	29	アフターサービス費	0.0	0.0	0.0	0.0	-	-
202604	230K30101	30	クレーム費	0.0	0.0	0.0	0.0	-	-
202604	230K30101	31	賃借料	206000.0	206000.0	205200.0	7.0	99.6	99.6
202604	230K30101	32	賃貸料収入	0.0	0.0	0.0	0.0	-	-
202604	230K30101	33	修繕費	0.0	0.0	0.0	0.0	-	-
202604	230K30101	34	支払リース料	5000.0	5000.0	2252.0	0.0	45.0	45.0
202604	230K30101	35	保険料	1000.0	1000.0	0.0	0.0	0.0	0.0
202604	230K30101	36	支払報酬	0.0	0.0	0.0	0.0	-	-
202604	230K30101	37	販売手数料	0.0	0.0	0.0	0.0	-	-
202604	230K30101	38	支払手数料	22000.0	22000.0	10573.0	0.3	48.0	48.0
202604	230K30101	39	診断料	0.0	0.0	0.0	0.0	-	-
202604	230K30101	40	諸会費	0.0	0.0	0.0	0.0	-	-
202604	230K30101	41	会議費	0.0	0.0	0.0	0.0	-	-
202604	230K30101	42	寄付金	0.0	0.0	0.0	0.0	-	-
202604	230K30101	43	租税公課	0.0	0.0	0.0	0.0	-	-
202604	230K30101	44	業務委託費	0.0	0.0	0.0	0.0	-	-
202604	230K30101	45	業務受託収入	0.0	0.0	0.0	0.0	-	-
202604	230K30101	46	システム管理料	0.0	0.0	0.0	0.0	-	-
202604	230K30101	47	情報機器利用料	165000.0	165000.0	163410.0	5.6	99.0	99.0
202604	230K30101	48	貸倒金	0.0	0.0	0.0	0.0	-	-
202604	230K30101	49	雑費	2000.0	2000.0	1428.0	0.0	71.4	71.4
202604	230K30101	50	福利消耗品費	0.0	0.0	0.0	0.0	-	-
202604	230K30101	51	教育研修費	200000.0	200000.0	0.0	0.0	0.0	0.0
202604	230K30101	52	廃棄損・減耗損	0.0	0.0	0.0	0.0	-	-
202604	230K30101	53	雑給	0.0	0.0	0.0	0.0	-	-
202604	230K30101	54	社内金利（固定資産）	0.0	0.0	0.0	0.0	-	-
202604	230K30101	55	社内金利（売掛金）	0.0	0.0	0.0	0.0	-	-
202604	230K30101	56	社内金利（在庫）	0.0	0.0	0.0	0.0	-	-
202604	230K30101	57	営業口銭①（新築）	0.0	111500.0	111500.0	3.8	100.0	-
202604	230K30101	58	営業口銭②（リフォ）	4033500.0	1950039.0	1595452.0	54.8	81.8	39.5
202604	230K30101	59	開発口銭	0.0	0.0	0.0	0.0	-	-
202604	230K30101	60	部門共通（経費）	515561.0	515806.0	448312.0	15.4	86.9	86.9
202604	230K30101	61	グループ共通	75800.0	75800.0	75800.0	2.6	100.0	100.0
202604	230K30101	62	差引収益	-5239861.0	-12987329.0	-26346078.0		-	-
202604	230K30101	63	差引比率	-21.8	-104.9	-277.5		-	-
202604	230K30101	64	総時間	1085.75	1006.25	745.5		74.0	68.6
202604	230K30101	65	定時間	602.5	602.5	503.5	67.5	83.5	83.5
202604	230K30101	66	残業時間	68.5	68.5	76.75	10.2	112.0	112.0
202604	230K30101	67	移動時間	168.0	88.0	-80.0	-	-	-
202604	230K30101	68	部門共通（時間）	246.75	247.25	245.25	32.8	99.1	99.3
202604	230K30101	69	当月時間当り	-4826.0	-12906.6	-35340.1		-	-
202604	230K30101	70	人員	3.0	3.0	3.0		100.0	100.0
202604	230C30330	1	総出荷	45000000.0	57518780.0	60341629.0		104.9	134.0
202604	230C30330	2	社外売	0.0	0.0	0.0	0.0	-	-
202604	230C30330	3	社内売	45000000.0	57518780.0	60341629.0	100.0	104.9	134.0
202604	230C30330	4	社内仕入	5400000.0	3208701.0	3598479.0		112.1	66.6
202604	230C30330	5	仕掛1	0.0	0.0	0.0		-	-
202604	230C30330	6	総生産	39600000.0	54310079.0	56743150.0		104.4	143.2
202604	230C30330	7	経費合計	157530130.0	173382854.0	181996069.0		104.9	115.5
202604	230C30330	8	経費合計(原価)	155000000.0	170808821.0	179433273.0	98.5	105.0	115.7
202604	230C30330	9	仕掛2	110000000.0	127681393.0	127681393.0	71.1	100.0	116.0
202604	230C30330	10	商品仕入高	24750000.0	23880901.0	30729145.0	17.1	128.6	124.1
202604	230C30330	11	原材料費	20250000.0	19246527.0	21022735.0	11.7	109.2	103.8
202604	230C30330	12	外注加工費	0.0	0.0	0.0	0.0	-	-
202604	230C30330	13	その他 直接経費	0.0	0.0	0.0	0.0	-	-
202604	230C30330	14	他勘定振替高	0.0	0.0	0.0	0.0	-	-
202604	230C30330	15	経費合計（販管費）	2530130.0	2574033.0	2562796.0	1.4	99.5	101.2
202604	230C30330	16	減価償却費	0.0	0.0	0.0	0.0	-	-
202604	230C30330	17	車両費	69673.0	63000.0	82677.0	3.2	131.2	118.6
202604	230C30330	18	旅費交通費	0.0	0.0	0.0	0.0	-	-
202604	230C30330	19	荷造運搬費	0.0	0.0	0.0	0.0	-	-
202604	230C30330	20	通信費	19139.0	27000.0	19631.0	0.7	72.7	102.5
202604	230C30330	21	水道光熱費	28250.0	16100.0	30806.0	1.2	191.3	109.0
202604	230C30330	22	動力費	82000.0	89900.0	57453.0	2.2	63.9	70.0
202604	230C30330	23	事務用品費	17000.0	9700.0	5851.0	0.2	60.3	34.4
202604	230C30330	24	消耗品費	139326.0	121000.0	148247.0	5.7	122.5	106.4
202604	230C30330	25	廃棄物処理料	0.0	0.0	0.0	0.0	-	-
202604	230C30330	26	広告宣伝費	0.0	0.0	0.0	0.0	-	-
202604	230C30330	27	接待交際費	10000.0	0.0	0.0	0.0	-	0.0
202604	230C30330	28	研究開発費	0.0	0.0	0.0	0.0	-	-
202604	230C30330	29	アフターサービス費	0.0	0.0	0.0	0.0	-	-
202604	230C30330	30	クレーム費	0.0	0.0	0.0	0.0	-	-
202604	230C30330	31	賃借料	634714.0	634714.0	635304.0	24.7	100.0	100.0
202604	230C30330	32	賃貸料収入	0.0	0.0	0.0	0.0	-	-
202604	230C30330	33	修繕費	0.0	0.0	0.0	0.0	-	-
202604	230C30330	34	支払リース料	5968.0	5968.0	5967.0	0.2	99.9	99.9
202604	230C30330	35	保険料	15634.0	15634.0	15634.0	0.6	100.0	100.0
202604	230C30330	36	支払報酬	0.0	0.0	0.0	0.0	-	-
202604	230C30330	37	販売手数料	0.0	0.0	0.0	0.0	-	-
202604	230C30330	38	支払手数料	0.0	0.0	0.0	0.0	-	-
202604	230C30330	39	診断料	0.0	0.0	0.0	0.0	-	-
202604	230C30330	40	諸会費	0.0	0.0	0.0	0.0	-	-
202604	230C30330	41	会議費	0.0	0.0	0.0	0.0	-	-
202604	230C30330	42	寄付金	0.0	0.0	0.0	0.0	-	-
202604	230C30330	43	租税公課	0.0	0.0	0.0	0.0	-	-
202604	230C30330	44	業務委託費	0.0	0.0	0.0	0.0	-	-
202604	230C30330	45	業務受託収入	0.0	0.0	0.0	0.0	-	-
202604	230C30330	46	システム管理料	0.0	0.0	0.0	0.0	-	-
202604	230C30330	47	情報機器利用料	440690.0	440690.0	440690.0	17.1	100.0	100.0
202604	230C30330	48	貸倒金	0.0	0.0	0.0	0.0	-	-
202604	230C30330	49	雑費	2858.0	3700.0	2654.0	0.1	71.7	92.8
202604	230C30330	50	福利消耗品費	0.0	0.0	8039.0	0.3	-	-
202604	230C30330	51	教育研修費	0.0	0.0	0.0	0.0	-	-
202604	230C30330	52	廃棄損・減耗損	0.0	0.0	0.0	0.0	-	-
202604	230C30330	53	雑給	0.0	0.0	0.0	0.0	-	-
202604	230C30330	54	社内金利（固定資産）	0.0	0.0	0.0	0.0	-	-
202604	230C30330	55	社内金利（売掛金）	0.0	0.0	0.0	0.0	-	-
202604	230C30330	56	社内金利（在庫）	295000.0	371058.0	384037.0	14.9	103.4	130.1
202604	230C30330	57	営業口銭①（新築）	0.0	0.0	0.0	0.0	-	-
202604	230C30330	58	営業口銭②（リフォ）	0.0	0.0	0.0	0.0	-	-
202604	230C30330	59	開発口銭	0.0	0.0	0.0	0.0	-	-
202604	230C30330	60	部門共通（経費）	568478.0	574169.0	524406.0	20.4	91.3	92.2
202604	230C30330	61	グループ共通	201400.0	201400.0	201400.0	7.8	100.0	100.0
202604	230C30330	62	差引収益	-117930130.0	-119072775.0	-125252919.0		-	-
202604	230C30330	63	差引比率	-297.8	-219.2	-220.7		-	-
202604	230C30330	64	総時間	2033.0	1839.25	1835.75		99.8	90.2
202604	230C30330	65	定時間	1496.0	1331.0	1319.75	71.8	99.1	88.2
202604	230C30330	66	残業時間	87.0	57.0	62.5	3.4	109.6	71.8
202604	230C30330	67	移動時間	81.75	81.75	81.75	4.4	100.0	100.0
202604	230C30330	68	部門共通（時間）	368.25	369.5	371.75	20.2	100.6	100.9
202604	230C30330	69	当月時間当り	-58007.9	-64739.8	-68229.8		-	-
202604	230C30330	70	人員	9.0	8.0	8.0		100.0	88.8
202604	230K10300	1	総出荷	0.0	0.0	0.0		-	-
202604	230K10300	2	社外売	0.0	0.0	0.0	-	-	-
202604	230K10300	3	社内売	0.0	0.0	0.0	-	-	-
202604	230K10300	4	社内仕入	0.0	0.0	0.0		-	-
202604	230K10300	5	仕掛1	0.0	0.0	0.0		-	-
202604	230K10300	6	総生産	0.0	0.0	0.0		-	-
202604	230K10300	7	経費合計	0.0	0.0	0.0		-	-
202604	230K10300	8	経費合計(原価)	0.0	0.0	0.0	-	-	-
202604	230K10300	9	仕掛2	0.0	0.0	0.0	-	-	-
202604	230K10300	10	商品仕入高	0.0	0.0	0.0	-	-	-
202604	230K10300	11	原材料費	0.0	0.0	0.0	-	-	-
202604	230K10300	12	外注加工費	0.0	0.0	0.0	-	-	-
202604	230K10300	13	その他 直接経費	0.0	0.0	0.0	-	-	-
202604	230K10300	14	他勘定振替高	0.0	0.0	0.0	-	-	-
202604	230K10300	15	経費合計（販管費）	0.0	0.0	0.0	-	-	-
202604	230K10300	16	減価償却費	0.0	0.0	0.0	-	-	-
202604	230K10300	17	車両費	130011.0	125511.0	82688.0	-	65.8	63.6
202604	230K10300	18	旅費交通費	12000.0	12000.0	0.0	-	0.0	0.0
202604	230K10300	19	荷造運搬費	0.0	0.0	0.0	-	-	-
202604	230K10300	20	通信費	11534.0	11534.0	10201.0	-	88.4	88.4
202604	230K10300	21	水道光熱費	8083.0	8083.0	5734.0	-	70.9	70.9
202604	230K10300	22	動力費	0.0	0.0	0.0	-	-	-
202604	230K10300	23	事務用品費	2930.0	2930.0	868.0	-	29.6	29.6
202604	230K10300	24	消耗品費	2395.0	2395.0	127.0	-	5.3	5.3
202604	230K10300	25	廃棄物処理料	0.0	0.0	0.0	-	-	-
202604	230K10300	26	広告宣伝費	0.0	0.0	0.0	-	-	-
202604	230K10300	27	接待交際費	0.0	0.0	0.0	-	-	-
202604	230K10300	28	研究開発費	0.0	0.0	0.0	-	-	-
202604	230K10300	29	アフターサービス費	0.0	0.0	0.0	-	-	-
202604	230K10300	30	クレーム費	0.0	0.0	0.0	-	-	-
202604	230K10300	31	賃借料	68400.0	68400.0	68400.0	-	100.0	100.0
202604	230K10300	32	賃貸料収入	0.0	0.0	0.0	-	-	-
202604	230K10300	33	修繕費	0.0	0.0	0.0	-	-	-
202604	230K10300	34	支払リース料	0.0	0.0	0.0	-	-	-
202604	230K10300	35	保険料	282.0	282.0	0.0	-	0.0	0.0
202604	230K10300	36	支払報酬	0.0	0.0	0.0	-	-	-
202604	230K10300	37	販売手数料	0.0	0.0	0.0	-	-	-
202604	230K10300	38	支払手数料	6478.0	6478.0	3324.0	-	51.3	51.3
202604	230K10300	39	診断料	0.0	0.0	0.0	-	-	-
202604	230K10300	40	諸会費	10000.0	10000.0	10500.0	-	105.0	105.0
202604	230K10300	41	会議費	0.0	0.0	0.0	-	-	-
202604	230K10300	42	寄付金	0.0	0.0	0.0	-	-	-
202604	230K10300	43	租税公課	0.0	0.0	0.0	-	-	-
202604	230K10300	44	業務委託費	0.0	0.0	0.0	-	-	-
202604	230K10300	45	業務受託収入	0.0	0.0	0.0	-	-	-
202604	230K10300	46	システム管理料	0.0	0.0	0.0	-	-	-
202604	230K10300	47	情報機器利用料	254662.0	254662.0	254662.0	-	100.0	100.0
202604	230K10300	48	貸倒金	0.0	0.0	0.0	-	-	-
202604	230K10300	49	雑費	527.0	527.0	480.0	-	91.0	91.0
202604	230K10300	50	福利消耗品費	0.0	0.0	0.0	-	-	-
202604	230K10300	51	教育研修費	0.0	0.0	8000.0	-	-	-
202604	230K10300	52	廃棄損・減耗損	0.0	0.0	0.0	-	-	-
202604	230K10300	53	雑給	0.0	0.0	0.0	-	-	-
202604	230K10300	54	社内金利（固定資産）	0.0	0.0	0.0	-	-	-
202604	230K10300	55	社内金利（売掛金）	0.0	0.0	0.0	-	-	-
202604	230K10300	56	社内金利（在庫）	0.0	0.0	0.0	-	-	-
202604	230K10300	57	営業口銭①（新築）	0.0	0.0	0.0	-	-	-
202604	230K10300	58	営業口銭②（リフォ）	0.0	0.0	0.0	-	-	-
202604	230K10300	59	開発口銭	0.0	0.0	0.0	-	-	-
202604	230K10300	60	部門共通（経費）	-632902.0	-628402.0	-570584.0	-	-	-
202604	230K10300	61	グループ共通	125600.0	125600.0	125600.0	-	100.0	100.0
202604	230K10300	62	差引収益	0.0	0.0	0.0		-	-
202604	230K10300	63	差引比率	0.0	0.0	0.0		-	-
202604	230K10300	64	総時間	0.0	0.0	0.0		-	-
202604	230K10300	65	定時間	904.0	776.0	760.0	-	97.9	84.0
202604	230K10300	66	残業時間	85.0	75.0	67.25	-	89.6	79.1
202604	230K10300	67	移動時間	9.5	9.5	5.5	-	57.8	57.8
202604	230K10300	68	部門共通（時間）	-998.5	-860.5	-832.75	-	-	-
202604	230K10300	69	当月時間当り	0.0	0.0	0.0		-	-
202604	230K10300	70	人員	5.0	5.0	5.0		100.0	100.0
202604	230B50100	1	総出荷	0.0	0.0	0.0		-	-
202604	230B50100	2	社外売	0.0	0.0	0.0	-	-	-
202604	230B50100	3	社内売	0.0	0.0	0.0	-	-	-
202604	230B50100	4	社内仕入	0.0	0.0	0.0		-	-
202604	230B50100	5	仕掛1	0.0	0.0	0.0		-	-
202604	230B50100	6	総生産	0.0	0.0	0.0		-	-
202604	230B50100	7	経費合計	0.0	0.0	0.0		-	-
202604	230B50100	8	経費合計(原価)	0.0	0.0	0.0	-	-	-
202604	230B50100	9	仕掛2	0.0	0.0	0.0	-	-	-
202604	230B50100	10	商品仕入高	0.0	0.0	0.0	-	-	-
202604	230B50100	11	原材料費	0.0	0.0	0.0	-	-	-
202604	230B50100	12	外注加工費	0.0	0.0	0.0	-	-	-
202604	230B50100	13	その他 直接経費	0.0	0.0	0.0	-	-	-
202604	230B50100	14	他勘定振替高	0.0	0.0	0.0	-	-	-
202604	230B50100	15	経費合計（販管費）	0.0	0.0	0.0	-	-	-
202604	230B50100	16	減価償却費	1065500.0	1061000.0	1164466.0	-	109.7	109.2
202604	230B50100	17	車両費	142500.0	142500.0	133196.0	-	93.4	93.4
202604	230B50100	18	旅費交通費	139000.0	139000.0	195029.0	-	140.3	140.3
202604	230B50100	19	荷造運搬費	1000.0	1000.0	0.0	-	0.0	0.0
202604	230B50100	20	通信費	17000.0	17000.0	17180.0	-	101.0	101.0
202604	230B50100	21	水道光熱費	32000.0	32000.0	26936.0	-	84.1	84.1
202604	230B50100	22	動力費	0.0	0.0	0.0	-	-	-
202604	230B50100	23	事務用品費	1500.0	1500.0	2975.0	-	198.3	198.3
202604	230B50100	24	消耗品費	6000.0	6000.0	5626.0	-	93.7	93.7
202604	230B50100	25	廃棄物処理料	700.0	700.0	660.0	-	94.2	94.2
202604	230B50100	26	広告宣伝費	0.0	0.0	0.0	-	-	-
202604	230B50100	27	接待交際費	30000.0	30000.0	0.0	-	0.0	0.0
202604	230B50100	28	研究開発費	0.0	0.0	0.0	-	-	-
202604	230B50100	29	アフターサービス費	0.0	0.0	0.0	-	-	-
202604	230B50100	30	クレーム費	0.0	0.0	0.0	-	-	-
202604	230B50100	31	賃借料	255500.0	255500.0	255460.0	-	99.9	99.9
202604	230B50100	32	賃貸料収入	-90000.0	-90000.0	-131000.0	-	-	-
202604	230B50100	33	修繕費	0.0	0.0	0.0	-	-	-
202604	230B50100	34	支払リース料	2000.0	2000.0	1892.0	-	94.6	94.6
202604	230B50100	35	保険料	0.0	0.0	0.0	-	-	-
202604	230B50100	36	支払報酬	20000.0	20000.0	20000.0	-	100.0	100.0
202604	230B50100	37	販売手数料	0.0	0.0	94000.0	-	-	-
202604	230B50100	38	支払手数料	94400.0	94400.0	1332.0	-	1.4	1.4
202604	230B50100	39	診断料	0.0	0.0	0.0	-	-	-
202604	230B50100	40	諸会費	0.0	0.0	0.0	-	-	-
202604	230B50100	41	会議費	2000.0	2000.0	0.0	-	0.0	0.0
202604	230B50100	42	寄付金	0.0	0.0	0.0	-	-	-
202604	230B50100	43	租税公課	0.0	0.0	0.0	-	-	-
202604	230B50100	44	業務委託費	40000.0	40000.0	40000.0	-	100.0	100.0
202604	230B50100	45	業務受託収入	0.0	0.0	0.0	-	-	-
202604	230B50100	46	システム管理料	0.0	0.0	0.0	-	-	-
202604	230B50100	47	情報機器利用料	342500.0	342500.0	342254.0	-	99.9	99.9
202604	230B50100	48	貸倒金	0.0	0.0	0.0	-	-	-
202604	230B50100	49	雑費	1000.0	1000.0	913.0	-	91.3	91.3
202604	230B50100	50	福利消耗品費	0.0	0.0	0.0	-	-	-
202604	230B50100	51	教育研修費	1500.0	1500.0	1134.0	-	75.6	75.6
202604	230B50100	52	廃棄損・減耗損	0.0	0.0	0.0	-	-	-
202604	230B50100	53	雑給	0.0	0.0	0.0	-	-	-
202604	230B50100	54	社内金利（固定資産）	240700.0	237400.0	237522.0	-	100.0	98.6
202604	230B50100	55	社内金利（売掛金）	0.0	0.0	0.0	-	-	-
202604	230B50100	56	社内金利（在庫）	0.0	0.0	0.0	-	-	-
202604	230B50100	57	営業口銭①（新築）	0.0	0.0	0.0	-	-	-
202604	230B50100	58	営業口銭②（リフォ）	0.0	0.0	0.0	-	-	-
202604	230B50100	59	開発口銭	0.0	0.0	0.0	-	-	-
202604	230B50100	60	部門共通（経費）	-2495600.0	-2487800.0	-2560375.0	-	-	-
202604	230B50100	61	グループ共通	150800.0	150800.0	150800.0	-	100.0	100.0
202604	230B50100	62	差引収益	0.0	0.0	0.0		-	-
202604	230B50100	63	差引比率	0.0	0.0	0.0		-	-
202604	230B50100	64	総時間	0.0	0.0	0.0		-	-
202604	230B50100	65	定時間	1089.0	1092.0	1103.0	-	101.0	101.2
202604	230B50100	66	残業時間	136.0	123.0	103.75	-	84.3	76.2
202604	230B50100	67	移動時間	-218.25	-218.25	-209.25	-	-	-
202604	230B50100	68	部門共通（時間）	-1006.75	-996.75	-997.5	-	-	-
202604	230B50100	69	当月時間当り	0.0	0.0	0.0		-	-
202604	230B50100	70	人員	7.0	7.0	7.0		100.0	100.0
202604	100A10200	1	総受注高	81700000.0	99696000.0	96000392.0		96.2	117.5
202604	100A10200	2	【新築】受注高	42000000.0	59300000.0	27200000.0	28.3	45.8	64.7
202604	100A10200	3	【リフォ】受注高	18300000.0	18996000.0	35813131.0	37.3	188.5	195.7
202604	100A10200	4	【資材】受注高	21400000.0	21400000.0	32987261.0	34.3	154.1	154.1
202604	100A10200	5	総売上高	23700000.0	27310000.0	33154329.0		121.3	139.8
202604	100A10200	6	【新築】売上高	0.0	1800000.0	1800000.0	5.4	100.0	-
202604	100A10200	7	【リフォ】売上高	2300000.0	4110000.0	2888070.0	8.7	70.2	125.5
202604	100A10200	8	【資材】売上高	21400000.0	21400000.0	28466259.0	85.8	133.0	133.0
202604	100A10200	9	【新築】インセンティブ	0.0	0.0	0.0	0.0	-	-
202604	100A10200	10	【リフォ】インセンティブ	0.0	0.0	0.0	0.0	-	-
202604	100A10200	11	【資材】インセンティブ	0.0	0.0	0.0	0.0	-	-
202604	100A10200	12	収益①（営業口銭）	345000.0	706500.0	523210.0		74.0	151.6
202604	100A10200	13	【新築】収益①(営業口銭)	0.0	90000.0	90000.0		100.0	-
202604	100A10200	14	【リフォ】収益①(営業口銭)	345000.0	616500.0	433210.0		70.2	125.5
202604	100A10200	15	【資材】売上原価	17762000.0	17762000.0	22913346.0		129.0	129.0
202604	100A10200	16	収益②（資材）	3638000.0	3638000.0	5552913.0		152.6	152.6
202604	100A10200	17	総収益	3983000.0	4344500.0	6076123.0		139.8	152.5
202604	100A10200	18	経費合計	6241048.0	4746748.0	4758442.0		100.2	76.2
202604	100A10200	19	減価償却費	34950.0	34950.0	34950.0	0.7	100.0	100.0
202604	100A10200	20	車両費	570000.0	570000.0	461441.0	9.6	80.9	80.9
202604	100A10200	21	旅費交通費	500000.0	500000.0	464420.0	9.7	92.8	92.8
202604	100A10200	22	荷造運搬費	25000.0	25000.0	15251.0	0.3	61.0	61.0
202604	100A10200	23	通信費	95000.0	95000.0	89678.0	1.8	94.3	94.3
202604	100A10200	24	水道光熱費	95000.0	95000.0	66698.0	1.4	70.2	70.2
202604	100A10200	25	動力費	0.0	0.0	0.0	0.0	-	-
202604	100A10200	26	事務用品費	28500.0	28500.0	18219.0	0.3	63.9	63.9
202604	100A10200	27	消耗品費	24000.0	24000.0	25525.0	0.5	106.3	106.3
202604	100A10200	28	廃棄物処理料	0.0	0.0	0.0	0.0	-	-
202604	100A10200	29	広告宣伝費	15000.0	15000.0	0.0	0.0	0.0	0.0
202604	100A10200	30	接待交際費	40000.0	40000.0	42181.0	0.8	105.4	105.4
202604	100A10200	31	研究開発費	0.0	0.0	0.0	0.0	-	-
202604	100A10200	32	アフターサービス費	0.0	0.0	0.0	0.0	-	-
202604	100A10200	33	クレーム費	1500000.0	0.0	90250.0	1.8	-	6.0
202604	100A10200	34	賃借料	660350.0	660350.0	663603.0	13.9	100.4	100.4
202604	100A10200	35	賃貸料収入	-71385.0	-71385.0	-78179.0	-	-	-
202604	100A10200	36	修繕費	0.0	0.0	0.0	0.0	-	-
202604	100A10200	37	支払リース料	0.0	0.0	0.0	0.0	-	-
202604	100A10200	38	保険料	1308.0	1308.0	1308.0	0.0	100.0	100.0
202604	100A10200	39	支払報酬	0.0	0.0	0.0	0.0	-	-
202604	100A10200	40	販売手数料	0.0	0.0	0.0	0.0	-	-
202604	100A10200	41	支払手数料	40000.0	40000.0	126384.0	2.6	315.9	315.9
202604	100A10200	42	診断料	0.0	0.0	0.0	0.0	-	-
202604	100A10200	43	諸会費	20000.0	20000.0	4575.0	0.0	22.8	22.8
202604	100A10200	44	会議費	0.0	0.0	0.0	0.0	-	-
202604	100A10200	45	寄付金	0.0	0.0	0.0	0.0	-	-
202604	100A10200	46	租税公課	13000.0	13000.0	7700.0	0.1	59.2	59.2
202604	100A10200	47	業務委託費	0.0	0.0	0.0	0.0	-	-
202604	100A10200	48	業務受託収入	0.0	0.0	0.0	0.0	-	-
202604	100A10200	49	システム管理料	0.0	0.0	0.0	0.0	-	-
202604	100A10200	50	情報機器利用料	577250.0	577250.0	601060.0	12.6	104.1	104.1
202604	100A10200	51	貸倒金	0.0	0.0	0.0	0.0	-	-
202604	100A10200	52	雑費	15000.0	15000.0	51315.0	1.0	342.1	342.1
202604	100A10200	53	福利消耗品費	20000.0	20000.0	11735.0	0.2	58.6	58.6
202604	100A10200	54	教育研修費	20000.0	20000.0	2392.0	0.0	11.9	11.9
202604	100A10200	55	廃棄損・減耗損	0.0	0.0	0.0	0.0	-	-
202604	100A10200	56	雑給	0.0	0.0	0.0	0.0	-	-
202604	100A10200	57	社内金利（固定資産）	13000.0	13000.0	11157.0	0.2	85.8	85.8
202604	100A10200	58	社内金利（売掛金）	20000.0	20000.0	21215.0	0.4	106.0	106.0
202604	100A10200	59	社内金利（在庫）	10000.0	10000.0	11240.0	0.2	112.4	112.4
202604	100A10200	60	開発口銭	0.0	0.0	0.0	0.0	-	-
202604	100A10200	61	部門共通（経費）	1748475.0	1754175.0	1787724.0	37.5	101.9	102.2
202604	100A10200	62	グループ共通	226600.0	226600.0	226600.0	4.7	100.0	100.0
202604	100A10200	63	差引収益	-2258048.0	-402248.0	1317681.0		-	-
202604	100A10200	64	差引比率	-9.5	-1.4	3.9		-	-
202604	100A10200	65	総時間	2805.25	2813.5	2930.0		104.1	104.4
202604	100A10200	66	定時間	1680.0	1680.0	1617.0	55.1	96.2	96.2
202604	100A10200	67	残業時間	287.0	287.0	394.75	13.4	137.5	137.5
202604	100A10200	68	移動時間	-288.0	-273.0	-207.75	-	-	-
202604	100A10200	69	部門共通（時間）	1126.25	1119.5	1126.0	38.4	100.5	99.9
202604	100A10200	70	当月時間当り	-804.9	-142.9	449.7		-	-
202604	100A10200	71	人員	10.0	10.0	9.0		90.0	90.0
202604	100A10300	1	総受注高	81700000.0	99696000.0	96000392.0		96.2	117.5
202604	100A10300	2	【新築】受注高	42000000.0	59300000.0	27200000.0	28.3	45.8	64.7
202604	100A10300	3	【リフォ】受注高	18300000.0	18996000.0	35813131.0	37.3	188.5	195.7
202604	100A10300	4	【資材】受注高	21400000.0	21400000.0	32987261.0	34.3	154.1	154.1
202604	100A10300	5	総売上高	23700000.0	27310000.0	33154329.0		121.3	139.8
202604	100A10300	6	【新築】売上高	0.0	1800000.0	1800000.0	5.4	100.0	-
202604	100A10300	7	【リフォ】売上高	2300000.0	4110000.0	2888070.0	8.7	70.2	125.5
202604	100A10300	8	【資材】売上高	21400000.0	21400000.0	28466259.0	85.8	133.0	133.0
202604	100A10300	9	【新築】インセンティブ	0.0	0.0	0.0	0.0	-	-
202604	100A10300	10	【リフォ】インセンティブ	0.0	0.0	0.0	0.0	-	-
202604	100A10300	11	【資材】インセンティブ	0.0	0.0	0.0	0.0	-	-
202604	100A10300	12	収益①（営業口銭）	345000.0	706500.0	523210.0		74.0	151.6
202604	100A10300	13	【新築】収益①(営業口銭)	0.0	90000.0	90000.0		100.0	-
202604	100A10300	14	【リフォ】収益①(営業口銭)	345000.0	616500.0	433210.0		70.2	125.5
202604	100A10300	15	【資材】売上原価	17762000.0	17762000.0	22913346.0		129.0	129.0
202604	100A10300	16	収益②（資材）	3638000.0	3638000.0	5552913.0		152.6	152.6
202604	100A10300	17	総収益	3983000.0	4344500.0	6076123.0		139.8	152.5
202604	100A10300	18	総出荷	2300000.0	5910000.0	4688070.0		79.3	203.8
202604	100A10300	19	社外売	2300000.0	5910000.0	4688070.0	100.0	79.3	203.8
202604	100A10300	20	社内売	0.0	0.0	0.0	0.0	-	-
202604	100A10300	21	社内仕入	8344424.0	36027995.0	36843244.0		102.2	441.5
202604	100A10300	22	仕掛1	793882.0	242319.0	242319.0		100.0	30.5
202604	100A10300	23	総生産	-6838306.0	-30360314.0	-32397493.0		-	-
202604	100A10300	24	経費合計	93186943.0	51459297.0	83846901.0		162.9	89.9
202604	100A10300	25	経費合計(原価)	85487835.0	44842008.0	77237357.0	92.1	172.2	90.3
202604	100A10300	26	仕掛2	19603099.0	18995271.0	18995271.0	24.5	100.0	96.8
202604	100A10300	27	商品仕入高	42161820.0	11767962.0	45048137.0	58.3	382.8	106.8
202604	100A10300	28	原材料費	0.0	0.0	0.0	0.0	-	-
202604	100A10300	29	外注加工費	23622916.0	13978775.0	13096928.0	16.9	93.6	55.4
202604	100A10300	30	その他 直接経費	100000.0	100000.0	97021.0	0.1	97.0	97.0
202604	100A10300	31	他勘定振替高	0.0	0.0	0.0	0.0	-	-
202604	100A10300	32	経費合計（販管費）	7699108.0	6617289.0	6609544.0	7.8	99.8	85.8
202604	100A10300	33	減価償却費	34950.0	34950.0	34950.0	0.5	100.0	100.0
202604	100A10300	34	車両費	724658.0	724658.0	784746.0	11.8	108.2	108.2
202604	100A10300	35	旅費交通費	550000.0	600000.0	592084.0	8.9	98.6	107.6
202604	100A10300	36	荷造運搬費	25000.0	25000.0	15251.0	0.2	61.0	61.0
202604	100A10300	37	通信費	106000.0	106000.0	100491.0	1.5	94.8	94.8
202604	100A10300	38	水道光熱費	103000.0	103000.0	78297.0	1.1	76.0	76.0
202604	100A10300	39	動力費	0.0	0.0	0.0	0.0	-	-
202604	100A10300	40	事務用品費	32000.0	32000.0	21236.0	0.3	66.3	66.3
202604	100A10300	41	消耗品費	30000.0	30000.0	26771.0	0.4	89.2	89.2
202604	100A10300	42	廃棄物処理料	0.0	0.0	0.0	0.0	-	-
202604	100A10300	43	広告宣伝費	15000.0	15000.0	0.0	0.0	0.0	0.0
202604	100A10300	44	接待交際費	40000.0	40000.0	42181.0	0.6	105.4	105.4
202604	100A10300	45	研究開発費	0.0	0.0	0.0	0.0	-	-
202604	100A10300	46	アフターサービス費	0.0	0.0	0.0	0.0	-	-
202604	100A10300	47	クレーム費	1500000.0	0.0	90250.0	1.3	-	6.0
202604	100A10300	48	賃借料	718350.0	718350.0	704903.0	10.6	98.1	98.1
202604	100A10300	49	賃貸料収入	-80000.0	-80000.0	-82191.0	-	-	-
202604	100A10300	50	修繕費	0.0	0.0	0.0	0.0	-	-
202604	100A10300	51	支払リース料	0.0	0.0	0.0	0.0	-	-
202604	100A10300	52	保険料	1308.0	1308.0	1308.0	0.0	100.0	100.0
202604	100A10300	53	支払報酬	0.0	0.0	0.0	0.0	-	-
202604	100A10300	54	販売手数料	0.0	0.0	0.0	0.0	-	-
202604	100A10300	55	支払手数料	44307.0	44307.0	128696.0	1.9	290.4	290.4
202604	100A10300	56	診断料	0.0	0.0	0.0	0.0	-	-
202604	100A10300	57	諸会費	20500.0	20500.0	5075.0	0.0	24.7	24.7
202604	100A10300	58	会議費	0.0	0.0	0.0	0.0	-	-
202604	100A10300	59	寄付金	0.0	0.0	0.0	0.0	-	-
202604	100A10300	60	租税公課	13000.0	13000.0	7700.0	0.1	59.2	59.2
202604	100A10300	61	業務委託費	0.0	0.0	0.0	0.0	-	-
202604	100A10300	62	業務受託収入	0.0	0.0	0.0	0.0	-	-
202604	100A10300	63	システム管理料	0.0	0.0	0.0	0.0	-	-
202604	100A10300	64	情報機器利用料	719790.0	719790.0	745520.0	11.2	103.5	103.5
202604	100A10300	65	貸倒金	0.0	0.0	0.0	0.0	-	-
202604	100A10300	66	雑費	15000.0	15000.0	51315.0	0.7	342.1	342.1
202604	100A10300	67	福利消耗品費	20000.0	20000.0	11735.0	0.1	58.6	58.6
202604	100A10300	68	教育研修費	20374.0	20374.0	2870.0	0.0	14.0	14.0
202604	100A10300	69	廃棄損・減耗損	0.0	0.0	0.0	0.0	-	-
202604	100A10300	70	雑給	0.0	0.0	0.0	0.0	-	-
202604	100A10300	71	社内金利（固定資産）	13000.0	13000.0	11157.0	0.1	85.8	85.8
202604	100A10300	72	社内金利（売掛金）	20000.0	20000.0	21215.0	0.3	106.0	106.0
202604	100A10300	73	社内金利（在庫）	10000.0	10000.0	11240.0	0.1	112.4	112.4
202604	100A10300	74	営業口銭①（新築）	0.0	90000.0	90000.0	1.3	100.0	-
202604	100A10300	75	営業口銭②（リフォ）	345000.0	616500.0	433210.0	6.5	70.2	125.5
202604	100A10300	76	開発口銭	0.0	0.0	0.0	0.0	-	-
202604	100A10300	77	部門共通（経費）	2355471.0	2362152.0	2377134.0	35.9	100.6	100.9
202604	100A10300	78	グループ共通	302400.0	302400.0	302400.0	4.5	100.0	100.0
202604	100A10300	79	差引収益	-96042249.0	-77475111.0	-110168271.0		-	-
202604	100A10300	80	差引比率	-569.5	2539.9	-14556.4		-	-
202604	100A10300	81	総時間	3922.75	3929.5	4061.75		103.3	103.5
202604	100A10300	82	定時間	2032.0	2032.0	1969.0	48.4	96.8	96.8
202604	100A10300	83	残業時間	353.0	353.0	468.25	11.5	132.6	132.6
202604	100A10300	84	移動時間	20.0	35.0	100.25	2.4	286.4	501.2
202604	100A10300	85	部門共通（時間）	1517.75	1509.5	1524.25	37.5	100.9	100.4
202604	100A10300	86	当月時間当り	-24483.3	-19716.2	-27123.3		-	-
202604	100A10300	87	人員	12.0	12.0	11.0		91.6	91.6
202604	100A30101	1	総出荷	2300000.0	5910000.0	4688070.0		79.3	203.8
202604	100A30101	2	社外売	2300000.0	5910000.0	4688070.0	100.0	79.3	203.8
202604	100A30101	3	社内売	0.0	0.0	0.0	0.0	-	-
202604	100A30101	4	社内仕入	8344424.0	36027995.0	36843244.0		102.2	441.5
202604	100A30101	5	仕掛1	793882.0	242319.0	242319.0		100.0	30.5
202604	100A30101	6	総生産	-6838306.0	-30360314.0	-32397493.0		-	-
202604	100A30101	7	経費合計	86945895.0	46712549.0	79088459.0		169.3	90.9
202604	100A30101	8	経費合計(原価)	85487835.0	44842008.0	77237357.0	97.6	172.2	90.3
202604	100A30101	9	仕掛2	19603099.0	18995271.0	18995271.0	24.5	100.0	96.8
202604	100A30101	10	商品仕入高	42161820.0	11767962.0	45048137.0	58.3	382.8	106.8
202604	100A30101	11	原材料費	0.0	0.0	0.0	0.0	-	-
202604	100A30101	12	外注加工費	23622916.0	13978775.0	13096928.0	16.9	93.6	55.4
202604	100A30101	13	その他 直接経費	100000.0	100000.0	97021.0	0.1	97.0	97.0
202604	100A30101	14	他勘定振替高	0.0	0.0	0.0	0.0	-	-
202604	100A30101	15	経費合計（販管費）	1458060.0	1870541.0	1851102.0	2.3	98.9	126.9
202604	100A30101	16	減価償却費	0.0	0.0	0.0	0.0	-	-
202604	100A30101	17	車両費	154658.0	154658.0	323305.0	17.4	209.0	209.0
202604	100A30101	18	旅費交通費	50000.0	100000.0	127664.0	6.8	127.6	255.3
202604	100A30101	19	荷造運搬費	0.0	0.0	0.0	0.0	-	-
202604	100A30101	20	通信費	11000.0	11000.0	10813.0	0.5	98.3	98.3
202604	100A30101	21	水道光熱費	8000.0	8000.0	11599.0	0.6	144.9	144.9
202604	100A30101	22	動力費	0.0	0.0	0.0	0.0	-	-
202604	100A30101	23	事務用品費	3500.0	3500.0	3017.0	0.1	86.2	86.2
202604	100A30101	24	消耗品費	6000.0	6000.0	1246.0	0.0	20.7	20.7
202604	100A30101	25	廃棄物処理料	0.0	0.0	0.0	0.0	-	-
202604	100A30101	26	広告宣伝費	0.0	0.0	0.0	0.0	-	-
202604	100A30101	27	接待交際費	0.0	0.0	0.0	0.0	-	-
202604	100A30101	28	研究開発費	0.0	0.0	0.0	0.0	-	-
202604	100A30101	29	アフターサービス費	0.0	0.0	0.0	0.0	-	-
202604	100A30101	30	クレーム費	0.0	0.0	0.0	0.0	-	-
202604	100A30101	31	賃借料	58000.0	58000.0	41300.0	2.2	71.2	71.2
202604	100A30101	32	賃貸料収入	-8615.0	-8615.0	-4012.0	-	-	-
202604	100A30101	33	修繕費	0.0	0.0	0.0	0.0	-	-
202604	100A30101	34	支払リース料	0.0	0.0	0.0	0.0	-	-
202604	100A30101	35	保険料	0.0	0.0	0.0	0.0	-	-
202604	100A30101	36	支払報酬	0.0	0.0	0.0	0.0	-	-
202604	100A30101	37	販売手数料	0.0	0.0	0.0	0.0	-	-
202604	100A30101	38	支払手数料	4307.0	4307.0	2312.0	0.1	53.6	53.6
202604	100A30101	39	診断料	0.0	0.0	0.0	0.0	-	-
202604	100A30101	40	諸会費	500.0	500.0	500.0	0.0	100.0	100.0
202604	100A30101	41	会議費	0.0	0.0	0.0	0.0	-	-
202604	100A30101	42	寄付金	0.0	0.0	0.0	0.0	-	-
202604	100A30101	43	租税公課	0.0	0.0	0.0	0.0	-	-
202604	100A30101	44	業務委託費	0.0	0.0	0.0	0.0	-	-
202604	100A30101	45	業務受託収入	0.0	0.0	0.0	0.0	-	-
202604	100A30101	46	システム管理料	0.0	0.0	0.0	0.0	-	-
202604	100A30101	47	情報機器利用料	142540.0	142540.0	144460.0	7.8	101.3	101.3
202604	100A30101	48	貸倒金	0.0	0.0	0.0	0.0	-	-
202604	100A30101	49	雑費	0.0	0.0	0.0	0.0	-	-
202604	100A30101	50	福利消耗品費	0.0	0.0	0.0	0.0	-	-
202604	100A30101	51	教育研修費	374.0	374.0	478.0	0.0	127.8	127.8
202604	100A30101	52	廃棄損・減耗損	0.0	0.0	0.0	0.0	-	-
202604	100A30101	53	雑給	0.0	0.0	0.0	0.0	-	-
202604	100A30101	54	社内金利（固定資産）	0.0	0.0	0.0	0.0	-	-
202604	100A30101	55	社内金利（売掛金）	0.0	0.0	0.0	0.0	-	-
202604	100A30101	56	社内金利（在庫）	0.0	0.0	0.0	0.0	-	-
202604	100A30101	57	営業口銭①（新築）	0.0	90000.0	90000.0	4.8	100.0	-
202604	100A30101	58	営業口銭②（リフォ）	345000.0	616500.0	433210.0	23.4	70.2	125.5
202604	100A30101	59	開発口銭	0.0	0.0	0.0	0.0	-	-
202604	100A30101	60	部門共通（経費）	606996.0	607977.0	589410.0	31.8	96.9	97.1
202604	100A30101	61	グループ共通	75800.0	75800.0	75800.0	4.0	100.0	100.0
202604	100A30101	62	差引収益	-93784201.0	-77072863.0	-111485952.0		-	-
202604	100A30101	63	差引比率	1371.4	253.8	344.1		135.5	25.0
202604	100A30101	64	総時間	1117.5	1116.0	1131.75		101.4	101.2
202604	100A30101	65	定時間	352.0	352.0	352.0	31.1	100.0	100.0
202604	100A30101	66	残業時間	66.0	66.0	73.5	6.4	111.3	111.3
202604	100A30101	67	移動時間	308.0	308.0	308.0	27.2	100.0	100.0
202604	100A30101	68	部門共通（時間）	391.5	390.0	398.25	35.1	102.1	101.7
202604	100A30101	69	当月時間当り	-83923.2	-69061.7	-98507.5		-	-
202604	100A30101	70	人員	2.0	2.0	2.0		100.0	100.0
202604	003091500	1	総受注高	0.0	0.0	0.0		-	-
202604	003091500	2	【新築】受注高	0.0	0.0	0.0	-	-	-
202604	003091500	3	【リフォ】受注高	0.0	0.0	0.0	-	-	-
202604	003091500	4	【資材】受注高	0.0	0.0	0.0	-	-	-
202604	003091500	5	総売上高	0.0	0.0	0.0		-	-
202604	003091500	6	【新築】売上高	0.0	0.0	0.0	-	-	-
202604	003091500	7	【リフォ】売上高	0.0	0.0	0.0	-	-	-
202604	003091500	8	【資材】売上高	0.0	0.0	0.0	-	-	-
202604	003091500	9	【新築】インセンティブ	0.0	0.0	0.0	-	-	-
202604	003091500	10	【リフォ】インセンティブ	0.0	0.0	0.0	-	-	-
202604	003091500	11	【資材】インセンティブ	0.0	0.0	0.0	-	-	-
202604	003091500	12	収益①（営業口銭）	0.0	0.0	0.0		-	-
202604	003091500	13	【新築】収益①(営業口銭)	0.0	0.0	0.0		-	-
202604	003091500	14	【リフォ】収益①(営業口銭)	0.0	0.0	0.0		-	-
202604	003091500	15	【資材】売上原価	0.0	0.0	0.0		-	-
202604	003091500	16	収益②（資材）	0.0	0.0	0.0		-	-
202604	003091500	17	総収益	0.0	0.0	0.0		-	-
202604	003091500	18	経費合計	0.0	0.0	0.0		-	-
202604	003091500	19	減価償却費	0.0	0.0	0.0	-	-	-
202604	003091500	20	車両費	0.0	0.0	0.0	-	-	-
202604	003091500	21	旅費交通費	0.0	0.0	0.0	-	-	-
202604	003091500	22	荷造運搬費	0.0	0.0	0.0	-	-	-
202604	003091500	23	通信費	0.0	0.0	0.0	-	-	-
202604	003091500	24	水道光熱費	0.0	0.0	0.0	-	-	-
202604	003091500	25	動力費	0.0	0.0	0.0	-	-	-
202604	003091500	26	事務用品費	0.0	0.0	0.0	-	-	-
202604	003091500	27	消耗品費	0.0	0.0	0.0	-	-	-
202604	003091500	28	廃棄物処理料	0.0	0.0	0.0	-	-	-
202604	003091500	29	広告宣伝費	0.0	0.0	0.0	-	-	-
202604	003091500	30	接待交際費	0.0	0.0	0.0	-	-	-
202604	003091500	31	研究開発費	0.0	0.0	0.0	-	-	-
202604	003091500	32	アフターサービス費	0.0	0.0	0.0	-	-	-
202604	003091500	33	クレーム費	0.0	0.0	0.0	-	-	-
202604	003091500	34	賃借料	0.0	0.0	0.0	-	-	-
202604	003091500	35	賃貸料収入	0.0	0.0	0.0	-	-	-
202604	003091500	36	修繕費	0.0	0.0	0.0	-	-	-
202604	003091500	37	支払リース料	0.0	0.0	0.0	-	-	-
202604	003091500	38	保険料	0.0	0.0	0.0	-	-	-
202604	003091500	39	支払報酬	0.0	0.0	0.0	-	-	-
202604	003091500	40	販売手数料	0.0	0.0	0.0	-	-	-
202604	003091500	41	支払手数料	0.0	0.0	0.0	-	-	-
202604	003091500	42	診断料	0.0	0.0	0.0	-	-	-
202604	003091500	43	諸会費	0.0	0.0	0.0	-	-	-
202604	003091500	44	会議費	0.0	0.0	0.0	-	-	-
202604	003091500	45	寄付金	0.0	0.0	0.0	-	-	-
202604	003091500	46	租税公課	0.0	0.0	0.0	-	-	-
202604	003091500	47	業務委託費	0.0	0.0	0.0	-	-	-
202604	003091500	48	業務受託収入	0.0	0.0	0.0	-	-	-
202604	003091500	49	システム管理料	0.0	0.0	0.0	-	-	-
202604	003091500	50	情報機器利用料	0.0	0.0	0.0	-	-	-
202604	003091500	51	貸倒金	0.0	0.0	0.0	-	-	-
202604	003091500	52	雑費	0.0	0.0	0.0	-	-	-
202604	003091500	53	福利消耗品費	0.0	0.0	0.0	-	-	-
202604	003091500	54	教育研修費	0.0	0.0	0.0	-	-	-
202604	003091500	55	廃棄損・減耗損	0.0	0.0	0.0	-	-	-
202604	003091500	56	雑給	0.0	0.0	0.0	-	-	-
202604	003091500	57	社内金利（固定資産）	0.0	0.0	0.0	-	-	-
202604	003091500	58	社内金利（売掛金）	0.0	0.0	0.0	-	-	-
202604	003091500	59	社内金利（在庫）	0.0	0.0	0.0	-	-	-
202604	003091500	60	開発口銭	0.0	0.0	0.0	-	-	-
202604	003091500	61	部門共通（経費）	0.0	0.0	0.0	-	-	-
202604	003091500	62	グループ共通	0.0	0.0	0.0	-	-	-
202604	003091500	63	差引収益	0.0	0.0	0.0		-	-
202604	003091500	64	差引比率	0.0	0.0	0.0		-	-
202604	003091500	65	総時間	0.0	0.0	0.0		-	-
202604	003091500	66	定時間	0.0	0.0	0.0	-	-	-
202604	003091500	67	残業時間	0.0	0.0	0.0	-	-	-
202604	003091500	68	移動時間	0.0	0.0	0.0	-	-	-
202604	003091500	69	部門共通（時間）	0.0	0.0	0.0	-	-	-
202604	003091500	70	当月時間当り	0.0	0.0	0.0		-	-
202604	003091500	71	人員	0.0	0.0	0.0		-	-
