対象年月度	組織コード	明細No.	採算科目名	M/P	予定	実績	構成比(%)	予定比(%)	M/P比(%)
202607	003000000	1	総受注高	1864780000.0	1155611120.0	1071220416.0		92.6	57.4
202607	003000000	2	【新築】受注高	984300000.0	372110000.0	384243800.0	35.8	103.2	39.0
202607	003000000	3	【リフォ】受注高	460790000.0	363811120.0	334404531.0	31.2	91.9	72.5
202607	003000000	4	【資材】受注高	419690000.0	419690000.0	352572085.0	32.9	84.0	84.0
202607	003000000	5	総売上高	877170000.0	797296504.0	773956833.0		97.0	88.2
202607	003000000	6	【新築】売上高	63900000.0	95490000.0	94903800.0	12.2	99.3	148.5
202607	003000000	7	【リフォ】売上高	342790000.0	226926504.0	245254860.0	31.6	108.0	71.5
202607	003000000	8	【資材】売上高	470480000.0	474880000.0	434003510.0	56.0	91.3	92.2
202607	003000000	9	【新築】インセンティブ	0.0	0.0	0.0	0.0	0.0	0.0
202607	003000000	10	【リフォ】インセンティブ	0.0	0.0	0.0	0.0	0.0	0.0
202607	003000000	11	【資材】インセンティブ	0.0	0.0	-205337.0	0.0	0.0	0.0
202607	003000000	12	収益①（営業口銭）	54613500.0	38813474.0	42911088.0		110.5	78.5
202607	003000000	13	【新築】収益①(営業口銭)	3195000.0	4774500.0	6122880.0		128.2	191.6
202607	003000000	14	【リフォ】収益①(営業口銭)	51418500.0	34038974.0	36788208.0		108.0	71.5
202607	003000000	15	【資材】売上原価	371945000.0	375417640.0	338712117.0		90.2	91.0
202607	003000000	16	収益②（資材）	98535000.0	99462360.0	95086056.0		95.6	96.4
202607	003000000	17	総収益	153148500.0	138275834.0	137997144.0		99.7	90.1
202607	003000000	18	総出荷	637690000.0	508976086.0	537549920.0		105.6	84.2
202607	003000000	19	社外売	406690000.0	322416504.0	340158660.0	63.2	105.5	83.6
202607	003000000	20	社内売	231000000.0	186559582.0	197391260.0	36.7	105.8	85.4
202607	003000000	21	社内仕入	135181608.0	177090835.0	160633496.0		90.7	118.8
202607	003000000	22	仕掛1	0.0	0.0	0.0		0.0	0.0
202607	003000000	23	総生産	502508392.0	331885251.0	376916424.0		113.5	75.0
202607	003000000	24	経費合計	770680260.0	601873608.0	632763683.0		105.1	82.1
202607	003000000	25	経費合計(原価)	622170519.0	466129963.0	496463561.0	78.4	106.5	79.7
202607	003000000	26	仕掛2	0.0	0.0	0.0	0.0	0.0	0.0
202607	003000000	27	商品仕入高	336127473.0	205756096.0	244008519.0	49.1	118.5	72.5
202607	003000000	28	原材料費	86660000.0	59480381.0	57559969.0	11.5	96.7	66.4
202607	003000000	29	外注加工費	189586546.0	193160720.0	189173906.0	38.1	97.9	99.7
202607	003000000	30	その他 直接経費	10546500.0	8482766.0	5988738.0	1.2	70.5	56.7
202607	003000000	31	他勘定振替高	-750000.0	-750000.0	-267571.0	0.0	0.0	0.0
202607	003000000	32	経費合計（販管費）	148509741.0	135743645.0	136300122.0	21.5	100.4	91.7
202607	003000000	33	減価償却費	8292606.0	8370519.0	8459477.0	6.2	101.0	102.0
202607	003000000	34	車両費	11767150.0	12174799.0	12176982.0	8.9	100.0	103.4
202607	003000000	35	旅費交通費	6050200.0	5850540.0	5603520.0	4.1	95.7	92.6
202607	003000000	36	荷造運搬費	2947395.0	3191895.0	3712337.0	2.7	116.3	125.9
202607	003000000	37	通信費	1464702.0	1468255.0	1387951.0	1.0	94.5	94.7
202607	003000000	38	水道光熱費	1312497.0	1355699.0	1050490.0	0.7	77.4	80.0
202607	003000000	39	動力費	662544.0	589544.0	529144.0	0.3	89.7	79.8
202607	003000000	40	事務用品費	705753.0	554239.0	430026.0	0.3	77.5	60.9
202607	003000000	41	消耗品費	2201515.0	4042893.0	3542422.0	2.5	87.6	160.9
202607	003000000	42	廃棄物処理料	1080975.0	927247.0	763584.0	0.5	82.3	70.6
202607	003000000	43	広告宣伝費	10856029.0	11210429.0	10938468.0	8.0	97.5	100.7
202607	003000000	44	接待交際費	832000.0	927800.0	603658.0	0.4	65.0	72.5
202607	003000000	45	研究開発費	0.0	0.0	0.0	0.0	0.0	0.0
202607	003000000	46	アフターサービス費	0.0	0.0	0.0	0.0	0.0	0.0
202607	003000000	47	クレーム費	880000.0	1170000.0	1304632.0	0.9	111.5	148.2
202607	003000000	48	賃借料	16902597.0	16987349.0	17084987.0	12.5	100.5	101.0
202607	003000000	49	賃貸料収入	-645131.0	-655484.0	-693835.0	0.0	0.0	0.0
202607	003000000	50	修繕費	2670000.0	1854607.0	356800.0	0.2	19.2	13.3
202607	003000000	51	支払リース料	150758.0	141656.0	134486.0	0.0	94.9	89.2
202607	003000000	52	保険料	781873.0	780306.0	786402.0	0.5	100.7	100.5
202607	003000000	53	支払報酬	1830000.0	1830000.0	2634813.0	1.9	143.9	143.9
202607	003000000	54	販売手数料	0.0	0.0	0.0	0.0	0.0	0.0
202607	003000000	55	支払手数料	1600153.0	2315288.0	2752657.0	2.0	118.8	172.0
202607	003000000	56	診断料	426000.0	1025000.0	649473.0	0.4	63.3	152.4
202607	003000000	57	諸会費	601242.0	621658.0	152575.0	0.1	24.5	25.3
202607	003000000	58	会議費	4000.0	4000.0	4470.0	0.0	111.7	111.7
202607	003000000	59	寄付金	0.0	3000.0	3000.0	0.0	100.0	0.0
202607	003000000	60	租税公課	261000.0	256000.0	441604.0	0.3	172.5	169.1
202607	003000000	61	業務委託費	654600.0	654600.0	654600.0	0.4	100.0	100.0
202607	003000000	62	業務受託収入	-15000.0	-15000.0	-15000.0	0.0	0.0	0.0
202607	003000000	63	システム管理料	1968000.0	1968000.0	1968000.0	1.4	100.0	100.0
202607	003000000	64	情報機器利用料	7666309.0	7836023.0	7712450.0	5.6	98.4	100.6
202607	003000000	65	貸倒金	315743.0	0.0	22000.0	0.0	0.0	6.9
202607	003000000	66	雑費	295281.0	265944.0	275194.0	0.2	103.4	93.1
202607	003000000	67	福利消耗品費	295700.0	287830.0	369783.0	0.2	128.4	125.0
202607	003000000	68	教育研修費	1102750.0	997511.0	223737.0	0.1	22.4	20.2
202607	003000000	69	廃棄損・減耗損	760000.0	796824.0	151147.0	0.1	18.9	19.8
202607	003000000	70	雑給	0.0	0.0	0.0	0.0	0.0	0.0
202607	003000000	71	社内金利（固定資産）	0.0	0.0	0.0	0.0	0.0	0.0
202607	003000000	72	社内金利（売掛金）	0.0	0.0	0.0	0.0	0.0	0.0
202607	003000000	73	社内金利（在庫）	0.0	0.0	0.0	0.0	0.0	0.0
202607	003000000	74	営業口銭①（新築）	3195000.0	4774500.0	6122880.0	4.4	128.2	191.6
202607	003000000	75	営業口銭②（リフォ）	51418500.0	34038974.0	36788208.0	26.9	108.0	71.5
202607	003000000	76	開発口銭	0.0	0.0	0.0	0.0	0.0	0.0
202607	003000000	77	部門共通（経費）	0.0	0.0	0.0	0.0	0.0	0.0
202607	003000000	78	グループ共通	7217000.0	7141200.0	7217000.0	5.2	101.0	100.0
202607	003000000	79	差引収益	-115023368.0	-131712523.0	-117850115.0		0.0	0.0
202607	003000000	80	差引比率	-8.3	-11.6	-10.2		0.0	0.0
202607	003000000	81	総時間	58671.75	56893.25	55790.5		98.0	95.0
202607	003000000	82	定時間	51631.75	50767.75	49081.25	87.9	96.6	95.0
202607	003000000	83	残業時間	6581.0	6194.0	6481.75	11.6	104.6	98.4
202607	003000000	84	移動時間	459.0	-68.5	227.5	0.4	0.0	49.5
202607	003000000	85	部門共通（時間）	0.0	0.0	0.0	0.0	0.0	0.0
202607	003000000	86	当月時間当り	-1960.4	-2315.0	-2112.3		0.0	0.0
202607	003000000	87	人員	296.0	297.0	294.0		98.9	99.3
202607	003090100	1	総受注高	0.0	0.0	0.0		0.0	0.0
202607	003090100	2	【新築】受注高	0.0	0.0	0.0	0.0	0.0	0.0
202607	003090100	3	【リフォ】受注高	0.0	0.0	0.0	0.0	0.0	0.0
202607	003090100	4	【資材】受注高	0.0	0.0	0.0	0.0	0.0	0.0
202607	003090100	5	総売上高	0.0	0.0	0.0		0.0	0.0
202607	003090100	6	【新築】売上高	0.0	0.0	0.0	0.0	0.0	0.0
202607	003090100	7	【リフォ】売上高	0.0	0.0	0.0	0.0	0.0	0.0
202607	003090100	8	【資材】売上高	0.0	0.0	0.0	0.0	0.0	0.0
202607	003090100	9	【新築】インセンティブ	0.0	0.0	0.0	0.0	0.0	0.0
202607	003090100	10	【リフォ】インセンティブ	0.0	0.0	0.0	0.0	0.0	0.0
202607	003090100	11	【資材】インセンティブ	0.0	0.0	0.0	0.0	0.0	0.0
202607	003090100	12	収益①（営業口銭）	0.0	0.0	0.0		0.0	0.0
202607	003090100	13	【新築】収益①(営業口銭)	0.0	0.0	0.0		0.0	0.0
202607	003090100	14	【リフォ】収益①(営業口銭)	0.0	0.0	0.0		0.0	0.0
202607	003090100	15	【資材】売上原価	0.0	0.0	0.0		0.0	0.0
202607	003090100	16	収益②（資材）	0.0	0.0	0.0		0.0	0.0
202607	003090100	17	総収益	0.0	0.0	0.0		0.0	0.0
202607	003090100	18	経費合計	3688421.0	3368903.0	3526852.0		104.6	95.6
202607	003090100	19	減価償却費	5970267.0	5970267.0	5976934.0	169.4	100.1	100.1
202607	003090100	20	車両費	11837.0	11837.0	70473.0	1.9	595.3	595.3
202607	003090100	21	旅費交通費	670000.0	280000.0	308178.0	8.7	110.0	45.9
202607	003090100	22	荷造運搬費	0.0	0.0	0.0	0.0	0.0	0.0
202607	003090100	23	通信費	56804.0	56804.0	63988.0	1.8	112.6	112.6
202607	003090100	24	水道光熱費	600.0	600.0	608.0	0.0	101.3	101.3
202607	003090100	25	動力費	0.0	0.0	0.0	0.0	0.0	0.0
202607	003090100	26	事務用品費	200.0	200.0	2063.0	0.0		
202607	003090100	27	消耗品費	350000.0	350000.0	6.0	0.0	0.0	0.0
202607	003090100	28	廃棄物処理料	0.0	0.0	0.0	0.0	0.0	0.0
202607	003090100	29	広告宣伝費	0.0	0.0	-180000.0	0.0	0.0	0.0
202607	003090100	30	接待交際費	70000.0	130000.0	21833.0	0.6	16.7	31.1
202607	003090100	31	研究開発費	0.0	0.0	0.0	0.0	0.0	0.0
202607	003090100	32	アフターサービス費	0.0	0.0	0.0	0.0	0.0	0.0
202607	003090100	33	クレーム費	0.0	0.0	0.0	0.0	0.0	0.0
202607	003090100	34	賃借料	0.0	0.0	0.0	0.0	0.0	0.0
202607	003090100	35	賃貸料収入	0.0	0.0	0.0	0.0	0.0	0.0
202607	003090100	36	修繕費	0.0	0.0	0.0	0.0	0.0	0.0
202607	003090100	37	支払リース料	0.0	0.0	0.0	0.0	0.0	0.0
202607	003090100	38	保険料	0.0	0.0	0.0	0.0	0.0	0.0
202607	003090100	39	支払報酬	1260000.0	1260000.0	2114813.0	59.9	167.8	167.8
202607	003090100	40	販売手数料	0.0	0.0	0.0	0.0	0.0	0.0
202607	003090100	41	支払手数料	230000.0	230000.0	252880.0	7.1	109.9	109.9
202607	003090100	42	診断料	0.0	0.0	0.0	0.0	0.0	0.0
202607	003090100	43	諸会費	388000.0	388000.0	38000.0	1.0	9.7	9.7
202607	003090100	44	会議費	0.0	0.0	0.0	0.0	0.0	0.0
202607	003090100	45	寄付金	0.0	0.0	0.0	0.0	0.0	0.0
202607	003090100	46	租税公課	0.0	0.0	168600.0	4.7	0.0	0.0
202607	003090100	47	業務委託費	0.0	0.0	0.0	0.0	0.0	0.0
202607	003090100	48	業務受託収入	0.0	0.0	0.0	0.0	0.0	0.0
202607	003090100	49	システム管理料	1968000.0	1968000.0	1968000.0	55.8	100.0	100.0
202607	003090100	50	情報機器利用料	-7628240.0	-7617758.0	-7605158.0	0.0	0.0	0.0
202607	003090100	51	貸倒金	0.0	0.0	0.0	0.0	0.0	0.0
202607	003090100	52	雑費	30000.0	30000.0	12522.0	0.3	41.7	41.7
202607	003090100	53	福利消耗品費	0.0	0.0	0.0	0.0	0.0	0.0
202607	003090100	54	教育研修費	0.0	0.0	0.0	0.0	0.0	0.0
202607	003090100	55	廃棄損・減耗損	0.0	0.0	0.0	0.0	0.0	0.0
202607	003090100	56	雑給	0.0	0.0	0.0	0.0	0.0	0.0
202607	003090100	57	社内金利（固定資産）	310953.0	310953.0	313112.0	8.8	100.6	100.6
202607	003090100	58	社内金利（売掛金）	0.0	0.0	0.0	0.0	0.0	0.0
202607	003090100	59	社内金利（在庫）	0.0	0.0	0.0	0.0	0.0	0.0
202607	003090100	60	開発口銭	0.0	0.0	0.0	0.0	0.0	0.0
202607	003090100	61	部門共通（経費）	0.0	0.0	0.0	0.0	0.0	0.0
202607	003090100	62	グループ共通	0.0	0.0	0.0	0.0	0.0	0.0
202607	003090100	63	差引収益	-3688421.0	-3368903.0	-3526852.0		0.0	0.0
202607	003090100	64	差引比率	0.0	0.0	0.0		0.0	0.0
202607	003090100	65	総時間	433.5	433.5	479.5		110.6	110.6
202607	003090100	66	定時間	368.0	368.0	368.0	76.7	100.0	100.0
202607	003090100	67	残業時間	46.0	46.0	46.0	9.5	100.0	100.0
202607	003090100	68	移動時間	19.5	19.5	65.5	13.6	335.8	335.8
202607	003090100	69	部門共通（時間）	0.0	0.0	0.0	0.0	0.0	0.0
202607	003090100	70	当月時間当り	-8508.4	-7771.4	-7355.2		0.0	0.0
202607	003090100	71	人員	2.0	2.0	2.0		100.0	100.0
202607	230B30300	1	総出荷	0.0	0.0	0.0		0.0	0.0
202607	230B30300	2	社外売	0.0	0.0	0.0	0.0	0.0	0.0
202607	230B30300	3	社内売	0.0	0.0	0.0	0.0	0.0	0.0
202607	230B30300	4	社内仕入	0.0	0.0	0.0		0.0	0.0
202607	230B30300	5	仕掛1	0.0	0.0	0.0		0.0	0.0
202607	230B30300	6	総生産	0.0	0.0	0.0		0.0	0.0
202607	230B30300	7	経費合計	0.0	0.0	0.0		0.0	0.0
202607	230B30300	8	経費合計(原価)	0.0	0.0	0.0	0.0	0.0	0.0
202607	230B30300	9	仕掛2	0.0	0.0	0.0	0.0	0.0	0.0
202607	230B30300	10	商品仕入高	0.0	0.0	0.0	0.0	0.0	0.0
202607	230B30300	11	原材料費	0.0	0.0	0.0	0.0	0.0	0.0
202607	230B30300	12	外注加工費	0.0	0.0	0.0	0.0	0.0	0.0
202607	230B30300	13	その他 直接経費	0.0	0.0	0.0	0.0	0.0	0.0
202607	230B30300	14	他勘定振替高	0.0	0.0	0.0	0.0	0.0	0.0
202607	230B30300	15	経費合計（販管費）	0.0	0.0	0.0	0.0	0.0	0.0
202607	230B30300	16	減価償却費	0.0	0.0	0.0	0.0	0.0	0.0
202607	230B30300	17	車両費	403782.0	405871.0	399171.0	0.0	98.3	98.8
202607	230B30300	18	旅費交通費	237000.0	217000.0	228999.0	0.0	105.5	96.6
202607	230B30300	19	荷造運搬費	2500.0	2500.0	0.0	0.0	0.0	0.0
202607	230B30300	20	通信費	31427.0	31729.0	31683.0	0.0	99.8	100.8
202607	230B30300	21	水道光熱費	38270.0	38270.0	32192.0	0.0	84.1	84.1
202607	230B30300	22	動力費	0.0	0.0	0.0	0.0	0.0	0.0
202607	230B30300	23	事務用品費	4300.0	5800.0	4156.0	0.0	71.6	96.6
202607	230B30300	24	消耗品費	34000.0	34000.0	12617.0	0.0	37.1	37.1
202607	230B30300	25	廃棄物処理料	1150.0	1053.0	1071.0	0.0	101.7	93.1
202607	230B30300	26	広告宣伝費	0.0	0.0	0.0	0.0	0.0	0.0
202607	230B30300	27	接待交際費	20000.0	20000.0	1800.0	0.0	9.0	9.0
202607	230B30300	28	研究開発費	0.0	0.0	0.0	0.0	0.0	0.0
202607	230B30300	29	アフターサービス費	0.0	0.0	0.0	0.0	0.0	0.0
202607	230B30300	30	クレーム費	0.0	0.0	0.0	0.0	0.0	0.0
202607	230B30300	31	賃借料	299390.0	298990.0	298990.0	0.0	100.0	99.8
202607	230B30300	32	賃貸料収入	-51000.0	-51000.0	-51000.0	0.0	0.0	0.0
202607	230B30300	33	修繕費	0.0	0.0	0.0	0.0	0.0	0.0
202607	230B30300	34	支払リース料	3250.0	3023.0	3023.0	0.0	100.0	93.0
202607	230B30300	35	保険料	0.0	0.0	0.0	0.0	0.0	0.0
202607	230B30300	36	支払報酬	0.0	0.0	0.0	0.0	0.0	0.0
202607	230B30300	37	販売手数料	0.0	0.0	0.0	0.0	0.0	0.0
202607	230B30300	38	支払手数料	96900.0	98891.0	1095.0	0.0	1.1	1.1
202607	230B30300	39	診断料	0.0	0.0	0.0	0.0	0.0	0.0
202607	230B30300	40	諸会費	10560.0	10560.0	8761.0	0.0	82.9	82.9
202607	230B30300	41	会議費	0.0	0.0	0.0	0.0	0.0	0.0
202607	230B30300	42	寄付金	0.0	0.0	0.0	0.0	0.0	0.0
202607	230B30300	43	租税公課	0.0	0.0	0.0	0.0	0.0	0.0
202607	230B30300	44	業務委託費	257300.0	257300.0	257300.0	0.0	100.0	100.0
202607	230B30300	45	業務受託収入	0.0	0.0	0.0	0.0	0.0	0.0
202607	230B30300	46	システム管理料	0.0	0.0	0.0	0.0	0.0	0.0
202607	230B30300	47	情報機器利用料	699918.0	694654.0	694654.0	0.0	100.0	99.2
202607	230B30300	48	貸倒金	0.0	0.0	0.0	0.0	0.0	0.0
202607	230B30300	49	雑費	1470.0	1461.0	1461.0	0.0	100.0	99.3
202607	230B30300	50	福利消耗品費	1000.0	1000.0	1060.0	0.0	106.0	106.0
202607	230B30300	51	教育研修費	1950.0	1812.0	16360.0	0.0	902.8	838.9
202607	230B30300	52	廃棄損・減耗損	0.0	0.0	0.0	0.0	0.0	0.0
202607	230B30300	53	雑給	0.0	0.0	0.0	0.0	0.0	0.0
202607	230B30300	54	社内金利（固定資産）	0.0	0.0	0.0	0.0	0.0	0.0
202607	230B30300	55	社内金利（売掛金）	0.0	0.0	0.0	0.0	0.0	0.0
202607	230B30300	56	社内金利（在庫）	0.0	0.0	0.0	0.0	0.0	0.0
202607	230B30300	57	営業口銭①（新築）	0.0	0.0	0.0	0.0	0.0	0.0
202607	230B30300	58	営業口銭②（リフォ）	0.0	0.0	0.0	0.0	0.0	0.0
202607	230B30300	59	開発口銭	0.0	0.0	0.0	0.0	0.0	0.0
202607	230B30300	60	部門共通（経費）	-2394867.0	-2374614.0	-2245093.0	0.0	0.0	0.0
202607	230B30300	61	グループ共通	301700.0	301700.0	301700.0	0.0	100.0	100.0
202607	230B30300	62	差引収益	0.0	0.0	0.0		0.0	0.0
202607	230B30300	63	差引比率	0.0	0.0	0.0		0.0	0.0
202607	230B30300	64	総時間	0.0	0.0	0.0		0.0	0.0
202607	230B30300	65	定時間	2046.0	2022.0	1984.25	0.0	98.1	96.9
202607	230B30300	66	残業時間	315.0	320.0	362.5	0.0	113.2	115.0
202607	230B30300	67	移動時間	18.75	18.75	16.75	0.0	89.3	89.3
202607	230B30300	68	部門共通（時間）	-2379.75	-2360.75	-2363.5	0.0	0.0	0.0
202607	230B30300	69	当月時間当り	0.0	0.0	0.0		0.0	0.0
202607	230B30300	70	人員	12.0	12.0	12.0		100.0	100.0
202607	230J30100	1	総出荷	83900000.0	84324108.0	69843199.0		82.8	83.2
202607	230J30100	2	社外売	0.0	0.0	0.0	0.0	0.0	0.0
202607	230J30100	3	社内売	83900000.0	84324108.0	69843199.0	100.0	82.8	83.2
202607	230J30100	4	社内仕入	42950000.0	41000000.0	38487908.0		93.8	89.6
202607	230J30100	5	仕掛1	0.0	0.0	0.0		0.0	0.0
202607	230J30100	6	総生産	40950000.0	43324108.0	31355291.0		72.3	76.5
202607	230J30100	7	経費合計	40698205.0	38274150.0	34225817.0		89.4	84.0
202607	230J30100	8	経費合計(原価)	36610000.0	35504500.0	32018100.0	93.5	90.1	87.4
202607	230J30100	9	仕掛2	0.0	0.0	0.0	0.0	0.0	0.0
202607	230J30100	10	商品仕入高	0.0	0.0	0.0	0.0	0.0	0.0
202607	230J30100	11	原材料費	37260000.0	36154500.0	32018100.0	100.0	88.5	85.9
202607	230J30100	12	外注加工費	0.0	0.0	0.0	0.0	0.0	0.0
202607	230J30100	13	その他 直接経費	0.0	0.0	0.0	0.0	0.0	0.0
202607	230J30100	14	他勘定振替高	-650000.0	-650000.0	0.0	0.0	0.0	0.0
202607	230J30100	15	経費合計（販管費）	4088205.0	2769650.0	2207717.0	6.4	79.7	54.0
202607	230J30100	16	減価償却費	132769.0	132769.0	132769.0	6.0	100.0	100.0
202607	230J30100	17	車両費	0.0	5000.0	4625.0	0.2	92.5	0.0
202607	230J30100	18	旅費交通費	10000.0	32660.0	37851.0	1.7	115.8	378.5
202607	230J30100	19	荷造運搬費	1000.0	1000.0	0.0	0.0	0.0	0.0
202607	230J30100	20	通信費	19295.0	15000.0	15299.0	0.6	101.9	79.2
202607	230J30100	21	水道光熱費	6000.0	6000.0	3356.0	0.1	55.9	55.9
202607	230J30100	22	動力費	280000.0	280000.0	217227.0	9.8	77.5	77.5
202607	230J30100	23	事務用品費	212900.0	12864.0	6111.0	0.2	47.5	2.8
202607	230J30100	24	消耗品費	117000.0	20000.0	95811.0	4.3	479.0	81.8
202607	230J30100	25	廃棄物処理料	21600.0	-10000.0	87700.0	3.9	0.0	406.0
202607	230J30100	26	広告宣伝費	0.0	0.0	0.0	0.0	0.0	0.0
202607	230J30100	27	接待交際費	0.0	3000.0	1250.0	0.0	41.6	0.0
202607	230J30100	28	研究開発費	0.0	0.0	0.0	0.0	0.0	0.0
202607	230J30100	29	アフターサービス費	0.0	0.0	0.0	0.0	0.0	0.0
202607	230J30100	30	クレーム費	0.0	0.0	0.0	0.0	0.0	0.0
202607	230J30100	31	賃借料	611800.0	611800.0	611800.0	27.7	100.0	100.0
202607	230J30100	32	賃貸料収入	0.0	0.0	0.0	0.0	0.0	0.0
202607	230J30100	33	修繕費	1040000.0	7507.0	0.0	0.0	0.0	0.0
202607	230J30100	34	支払リース料	13000.0	15387.0	8487.0	0.3	55.1	65.2
202607	230J30100	35	保険料	12058.0	12058.0	12058.0	0.5	100.0	100.0
202607	230J30100	36	支払報酬	0.0	0.0	0.0	0.0	0.0	0.0
202607	230J30100	37	販売手数料	0.0	0.0	0.0	0.0	0.0	0.0
202607	230J30100	38	支払手数料	7075.0	7075.0	6216.0	0.2	87.8	87.8
202607	230J30100	39	診断料	0.0	0.0	0.0	0.0	0.0	0.0
202607	230J30100	40	諸会費	0.0	0.0	0.0	0.0	0.0	0.0
202607	230J30100	41	会議費	0.0	0.0	0.0	0.0	0.0	0.0
202607	230J30100	42	寄付金	0.0	0.0	0.0	0.0	0.0	0.0
202607	230J30100	43	租税公課	0.0	0.0	0.0	0.0	0.0	0.0
202607	230J30100	44	業務委託費	0.0	0.0	0.0	0.0	0.0	0.0
202607	230J30100	45	業務受託収入	0.0	0.0	0.0	0.0	0.0	0.0
202607	230J30100	46	システム管理料	0.0	0.0	0.0	0.0	0.0	0.0
202607	230J30100	47	情報機器利用料	382690.0	381290.0	383210.0	17.3	100.5	100.1
202607	230J30100	48	貸倒金	0.0	0.0	0.0	0.0	0.0	0.0
202607	230J30100	49	雑費	9600.0	9597.0	9597.0	0.4	100.0	99.9
202607	230J30100	50	福利消耗品費	1000.0	1000.0	25245.0	1.1		
202607	230J30100	51	教育研修費	0.0	0.0	0.0	0.0	0.0	0.0
202607	230J30100	52	廃棄損・減耗損	650000.0	650000.0	0.0	0.0	0.0	0.0
202607	230J30100	53	雑給	0.0	0.0	0.0	0.0	0.0	0.0
202607	230J30100	54	社内金利（固定資産）	73511.0	73511.0	73511.0	3.3	100.0	100.0
202607	230J30100	55	社内金利（売掛金）	0.0	0.0	0.0	0.0	0.0	0.0
202607	230J30100	56	社内金利（在庫）	116435.0	116435.0	108669.0	4.9	93.3	93.3
202607	230J30100	57	営業口銭①（新築）	0.0	0.0	0.0	0.0	0.0	0.0
202607	230J30100	58	営業口銭②（リフォ）	0.0	0.0	0.0	0.0	0.0	0.0
202607	230J30100	59	開発口銭	0.0	0.0	0.0	0.0	0.0	0.0
202607	230J30100	60	部門共通（経費）	143872.0	159097.0	140325.0	6.3	88.2	97.5
202607	230J30100	61	グループ共通	226600.0	226600.0	226600.0	10.2	100.0	100.0
202607	230J30100	62	差引収益	251795.0	5049958.0	-2870526.0		0.0	0.0
202607	230J30100	63	差引比率	0.6	11.6	-9.1		0.0	0.0
202607	230J30100	64	総時間	2457.25	2306.75	2143.0		92.9	87.2
202607	230J30100	65	定時間	1929.0	1880.75	1797.5	83.8	95.5	93.1
202607	230J30100	66	残業時間	253.0	150.0	72.75	3.3	48.5	28.7
202607	230J30100	67	移動時間	151.25	151.25	151.25	7.0	100.0	100.0
202607	230J30100	68	部門共通（時間）	124.0	124.75	121.5	5.6	97.3	97.9
202607	230J30100	69	当月時間当り	102.4	2189.2	-1339.4		0.0	0.0
202607	230J30100	70	人員	10.0	10.0	10.0		100.0	100.0
202607	230H10200	1	総受注高	0.0	0.0	0.0		0.0	0.0
202607	230H10200	2	【新築】受注高	0.0	0.0	0.0	0.0	0.0	0.0
202607	230H10200	3	【リフォ】受注高	0.0	0.0	0.0	0.0	0.0	0.0
202607	230H10200	4	【資材】受注高	0.0	0.0	0.0	0.0	0.0	0.0
202607	230H10200	5	総売上高	0.0	0.0	0.0		0.0	0.0
202607	230H10200	6	【新築】売上高	0.0	0.0	0.0	0.0	0.0	0.0
202607	230H10200	7	【リフォ】売上高	0.0	0.0	0.0	0.0	0.0	0.0
202607	230H10200	8	【資材】売上高	0.0	0.0	0.0	0.0	0.0	0.0
202607	230H10200	9	【新築】インセンティブ	0.0	0.0	0.0	0.0	0.0	0.0
202607	230H10200	10	【リフォ】インセンティブ	0.0	0.0	0.0	0.0	0.0	0.0
202607	230H10200	11	【資材】インセンティブ	0.0	0.0	0.0	0.0	0.0	0.0
202607	230H10200	12	収益①（営業口銭）	0.0	0.0	0.0		0.0	0.0
202607	230H10200	13	【新築】収益①(営業口銭)	0.0	0.0	0.0		0.0	0.0
202607	230H10200	14	【リフォ】収益①(営業口銭)	0.0	0.0	0.0		0.0	0.0
202607	230H10200	15	【資材】売上原価	0.0	0.0	0.0		0.0	0.0
202607	230H10200	16	収益②（資材）	0.0	0.0	0.0		0.0	0.0
202607	230H10200	17	総収益	0.0	0.0	0.0		0.0	0.0
202607	230H10200	18	経費合計	0.0	0.0	0.0		0.0	0.0
202607	230H10200	19	減価償却費	0.0	0.0	0.0	0.0	0.0	0.0
202607	230H10200	20	車両費	0.0	0.0	2004.0	0.0	0.0	0.0
202607	230H10200	21	旅費交通費	920000.0	1170000.0	1191479.0	0.0	101.8	129.5
202607	230H10200	22	荷造運搬費	0.0	0.0	0.0	0.0	0.0	0.0
202607	230H10200	23	通信費	10042.0	10042.0	9971.0	0.0	99.2	99.2
202607	230H10200	24	水道光熱費	19384.0	19384.0	14811.0	0.0	76.4	76.4
202607	230H10200	25	動力費	0.0	0.0	0.0	0.0	0.0	0.0
202607	230H10200	26	事務用品費	1023.0	587.0	5721.0	0.0	974.6	559.2
202607	230H10200	27	消耗品費	2182.0	156.0	1609.0	0.0		73.7
202607	230H10200	28	廃棄物処理料	1705.0	1705.0	1363.0	0.0	79.9	79.9
202607	230H10200	29	広告宣伝費	9819000.0	10158600.0	10021606.0	0.0	98.6	102.0
202607	230H10200	30	接待交際費	0.0	0.0	2823.0	0.0	0.0	0.0
202607	230H10200	31	研究開発費	0.0	0.0	0.0	0.0	0.0	0.0
202607	230H10200	32	アフターサービス費	0.0	0.0	0.0	0.0	0.0	0.0
202607	230H10200	33	クレーム費	0.0	0.0	0.0	0.0	0.0	0.0
202607	230H10200	34	賃借料	356110.0	356110.0	356110.0	0.0	100.0	100.0
202607	230H10200	35	賃貸料収入	0.0	0.0	0.0	0.0	0.0	0.0
202607	230H10200	36	修繕費	0.0	0.0	0.0	0.0	0.0	0.0
202607	230H10200	37	支払リース料	500.0	500.0	579.0	0.0	115.8	115.8
202607	230H10200	38	保険料	0.0	0.0	0.0	0.0	0.0	0.0
202607	230H10200	39	支払報酬	150000.0	150000.0	150000.0	0.0	100.0	100.0
202607	230H10200	40	販売手数料	0.0	0.0	0.0	0.0	0.0	0.0
202607	230H10200	41	支払手数料	20962.0	20962.0	4160.0	0.0	19.8	19.8
202607	230H10200	42	診断料	0.0	0.0	0.0	0.0	0.0	0.0
202607	230H10200	43	諸会費	0.0	0.0	0.0	0.0	0.0	0.0
202607	230H10200	44	会議費	0.0	0.0	0.0	0.0	0.0	0.0
202607	230H10200	45	寄付金	0.0	0.0	0.0	0.0	0.0	0.0
202607	230H10200	46	租税公課	0.0	0.0	0.0	0.0	0.0	0.0
202607	230H10200	47	業務委託費	0.0	0.0	0.0	0.0	0.0	0.0
202607	230H10200	48	業務受託収入	0.0	0.0	0.0	0.0	0.0	0.0
202607	230H10200	49	システム管理料	0.0	0.0	0.0	0.0	0.0	0.0
202607	230H10200	50	情報機器利用料	281814.0	281814.0	287664.0	0.0	102.0	102.0
202607	230H10200	51	貸倒金	0.0	0.0	0.0	0.0	0.0	0.0
202607	230H10200	52	雑費	809.0	809.0	809.0	0.0	100.0	100.0
202607	230H10200	53	福利消耗品費	0.0	0.0	0.0	0.0	0.0	0.0
202607	230H10200	54	教育研修費	885.0	885.0	872.0	0.0	98.5	98.5
202607	230H10200	55	廃棄損・減耗損	0.0	0.0	0.0	0.0	0.0	0.0
202607	230H10200	56	雑給	0.0	0.0	0.0	0.0	0.0	0.0
202607	230H10200	57	社内金利（固定資産）	0.0	0.0	0.0	0.0	0.0	0.0
202607	230H10200	58	社内金利（売掛金）	0.0	0.0	0.0	0.0	0.0	0.0
202607	230H10200	59	社内金利（在庫）	0.0	0.0	0.0	0.0	0.0	0.0
202607	230H10200	60	開発口銭	0.0	0.0	0.0	0.0	0.0	0.0
202607	230H10200	61	部門共通（経費）	-11710016.0	-12297154.0	-12177181.0	0.0	0.0	0.0
202607	230H10200	62	グループ共通	125600.0	125600.0	125600.0	0.0	100.0	100.0
202607	230H10200	63	差引収益	0.0	0.0	0.0		0.0	0.0
202607	230H10200	64	差引比率	0.0	0.0	0.0		0.0	0.0
202607	230H10200	65	総時間	0.0	0.0	0.0		0.0	0.0
202607	230H10200	66	定時間	880.0	856.0	854.75	0.0	99.8	97.1
202607	230H10200	67	残業時間	80.0	85.0	95.5	0.0	112.3	119.3
202607	230H10200	68	移動時間	116.0	116.0	91.0	0.0	78.4	78.4
202607	230H10200	69	部門共通（時間）	-1076.0	-1057.0	-1041.25	0.0	0.0	0.0
202607	230H10200	70	当月時間当り	0.0	0.0	0.0		0.0	0.0
202607	230H10200	71	人員	5.0	5.0	5.0		100.0	100.0
202607	230C30600	1	総出荷	1500000.0	1600000.0	1482808.0		92.6	98.8
202607	230C30600	2	社外売	0.0	0.0	0.0	0.0	0.0	0.0
202607	230C30600	3	社内売	1500000.0	1600000.0	1482808.0	100.0	92.6	98.8
202607	230C30600	4	社内仕入	0.0	0.0	0.0		0.0	0.0
202607	230C30600	5	仕掛1	0.0	0.0	0.0		0.0	0.0
202607	230C30600	6	総生産	1500000.0	1600000.0	1482808.0		92.6	98.8
202607	230C30600	7	経費合計	2324548.0	2077684.0	1518585.0		73.0	65.3
202607	230C30600	8	経費合計(原価)	0.0	0.0	0.0	0.0	0.0	0.0
202607	230C30600	9	仕掛2	0.0	0.0	0.0	0.0	0.0	0.0
202607	230C30600	10	商品仕入高	0.0	0.0	0.0	0.0	0.0	0.0
202607	230C30600	11	原材料費	0.0	0.0	0.0	0.0	0.0	0.0
202607	230C30600	12	外注加工費	0.0	0.0	0.0	0.0	0.0	0.0
202607	230C30600	13	その他 直接経費	0.0	0.0	0.0	0.0	0.0	0.0
202607	230C30600	14	他勘定振替高	0.0	0.0	0.0	0.0	0.0	0.0
202607	230C30600	15	経費合計（販管費）	2324548.0	2077684.0	1518585.0	100.0	73.0	65.3
202607	230C30600	16	減価償却費	0.0	0.0	0.0	0.0	0.0	0.0
202607	230C30600	17	車両費	237612.0	243612.0	234513.0	15.4	96.2	98.6
202607	230C30600	18	旅費交通費	20000.0	20000.0	6654.0	0.4	33.2	33.2
202607	230C30600	19	荷造運搬費	0.0	0.0	0.0	0.0	0.0	0.0
202607	230C30600	20	通信費	13122.0	13122.0	13125.0	0.8	100.0	100.0
202607	230C30600	21	水道光熱費	25958.0	25736.0	22370.0	1.4	86.9	86.1
202607	230C30600	22	動力費	0.0	0.0	0.0	0.0	0.0	0.0
202607	230C30600	23	事務用品費	7689.0	10089.0	6852.0	0.4	67.9	89.1
202607	230C30600	24	消耗品費	671803.0	520019.0	518955.0	34.1	99.7	77.2
202607	230C30600	25	廃棄物処理料	557.0	557.0	2257.0	0.1	405.2	405.2
202607	230C30600	26	広告宣伝費	0.0	0.0	0.0	0.0	0.0	0.0
202607	230C30600	27	接待交際費	0.0	0.0	0.0	0.0	0.0	0.0
202607	230C30600	28	研究開発費	0.0	0.0	0.0	0.0	0.0	0.0
202607	230C30600	29	アフターサービス費	0.0	0.0	0.0	0.0	0.0	0.0
202607	230C30600	30	クレーム費	0.0	0.0	0.0	0.0	0.0	0.0
202607	230C30600	31	賃借料	362886.0	329986.0	239674.0	15.7	72.6	66.0
202607	230C30600	32	賃貸料収入	-74000.0	-58000.0	-42799.0	0.0	0.0	0.0
202607	230C30600	33	修繕費	0.0	0.0	0.0	0.0	0.0	0.0
202607	230C30600	34	支払リース料	7329.0	4929.0	4714.0	0.3	95.6	64.3
202607	230C30600	35	保険料	0.0	0.0	0.0	0.0	0.0	0.0
202607	230C30600	36	支払報酬	0.0	0.0	0.0	0.0	0.0	0.0
202607	230C30600	37	販売手数料	0.0	0.0	0.0	0.0	0.0	0.0
202607	230C30600	38	支払手数料	3108.0	3330.0	3687.0	0.2	110.7	118.6
202607	230C30600	39	診断料	0.0	0.0	0.0	0.0	0.0	0.0
202607	230C30600	40	諸会費	5482.0	5482.0	4901.0	0.3	89.4	89.4
202607	230C30600	41	会議費	0.0	0.0	0.0	0.0	0.0	0.0
202607	230C30600	42	寄付金	0.0	0.0	0.0	0.0	0.0	0.0
202607	230C30600	43	租税公課	0.0	0.0	0.0	0.0	0.0	0.0
202607	230C30600	44	業務委託費	0.0	0.0	0.0	0.0	0.0	0.0
202607	230C30600	45	業務受託収入	0.0	0.0	0.0	0.0	0.0	0.0
202607	230C30600	46	システム管理料	0.0	0.0	0.0	0.0	0.0	0.0
202607	230C30600	47	情報機器利用料	158820.0	158820.0	158820.0	10.4	100.0	100.0
202607	230C30600	48	貸倒金	0.0	0.0	0.0	0.0	0.0	0.0
202607	230C30600	49	雑費	3700.0	3700.0	3388.0	0.2	91.5	91.5
202607	230C30600	50	福利消耗品費	164700.0	79330.0	75450.0	4.9	95.1	45.8
202607	230C30600	51	教育研修費	451329.0	451329.0	923.0	0.0	0.2	0.2
202607	230C30600	52	廃棄損・減耗損	0.0	0.0	0.0	0.0	0.0	0.0
202607	230C30600	53	雑給	0.0	0.0	0.0	0.0	0.0	0.0
202607	230C30600	54	社内金利（固定資産）	0.0	0.0	0.0	0.0	0.0	0.0
202607	230C30600	55	社内金利（売掛金）	0.0	0.0	0.0	0.0	0.0	0.0
202607	230C30600	56	社内金利（在庫）	0.0	0.0	0.0	0.0	0.0	0.0
202607	230C30600	57	営業口銭①（新築）	0.0	0.0	0.0	0.0	0.0	0.0
202607	230C30600	58	営業口銭②（リフォ）	0.0	0.0	0.0	0.0	0.0	0.0
202607	230C30600	59	開発口銭	0.0	0.0	0.0	0.0	0.0	0.0
202607	230C30600	60	部門共通（経費）	63053.0	64243.0	63701.0	4.1	99.1	101.0
202607	230C30600	61	グループ共通	201400.0	201400.0	201400.0	13.2	100.0	100.0
202607	230C30600	62	差引収益	-824548.0	-477684.0	-35777.0		0.0	0.0
202607	230C30600	63	差引比率	-54.9	-29.8	-2.4		0.0	0.0
202607	230C30600	64	総時間	2184.0	1827.25	1797.75		98.3	82.3
202607	230C30600	65	定時間	1808.0	1496.0	1488.0	82.7	99.4	82.3
202607	230C30600	66	残業時間	247.0	202.0	187.5	10.4	92.8	75.9
202607	230C30600	67	移動時間	61.0	61.0	55.25	3.0	90.5	90.5
202607	230C30600	68	部門共通（時間）	68.0	68.25	67.0	3.7	98.1	98.5
202607	230C30600	69	当月時間当り	-377.5	-261.4	-19.9		0.0	0.0
202607	230C30600	70	人員	10.0	9.0	6.0		66.6	60.0
202607	220C10300	1	総受注高	323000000.0	499531955.0	477032618.0		95.4	147.6
202607	220C10300	2	【新築】受注高	62300000.0	231200000.0	227245000.0	47.6	98.2	364.7
202607	220C10300	3	【リフォ】受注高	113700000.0	121331955.0	130069041.0	27.2	107.2	114.3
202607	220C10300	4	【資材】受注高	147000000.0	147000000.0	119718577.0	25.0	81.4	81.4
202607	220C10300	5	総売上高	298000000.0	221899000.0	218925039.0		98.6	73.4
202607	220C10300	6	【新築】売上高	17900000.0	3150000.0	3150000.0	1.4	100.0	17.5
202607	220C10300	7	【リフォ】売上高	115600000.0	54249000.0	68675847.0	31.3	126.5	59.4
202607	220C10300	8	【資材】売上高	164500000.0	164500000.0	147099192.0	67.1	89.4	89.4
202607	220C10300	9	【新築】インセンティブ	0.0	0.0	0.0	0.0	0.0	0.0
202607	220C10300	10	【リフォ】インセンティブ	0.0	0.0	0.0	0.0	0.0	0.0
202607	220C10300	11	【資材】インセンティブ	0.0	0.0	0.0	0.0	0.0	0.0
202607	220C10300	12	収益①（営業口銭）	18235000.0	8294850.0	10458872.0		126.0	57.3
202607	220C10300	13	【新築】収益①(営業口銭)	895000.0	157500.0	157500.0		100.0	17.5
202607	220C10300	14	【リフォ】収益①(営業口銭)	17340000.0	8137350.0	10301372.0		126.5	59.4
202607	220C10300	15	【資材】売上原価	128700000.0	128700000.0	113340325.0		88.0	88.0
202607	220C10300	16	収益②（資材）	35800000.0	35800000.0	33758867.0		94.2	94.2
202607	220C10300	17	総収益	54035000.0	44094850.0	44217739.0		100.2	81.8
202607	220C10300	18	総出荷	133500000.0	57399000.0	71825847.0		125.1	53.8
202607	220C10300	19	社外売	133500000.0	57399000.0	71825847.0	100.0	125.1	53.8
202607	220C10300	20	社内売	0.0	0.0	0.0	0.0	0.0	0.0
202607	220C10300	21	社内仕入	21840734.0	19540626.0	20975415.0		107.3	96.0
202607	220C10300	22	仕掛1	0.0	0.0	0.0		0.0	0.0
202607	220C10300	23	総生産	111659266.0	37858374.0	50850432.0		134.3	45.5
202607	220C10300	24	経費合計	135254895.0	160485332.0	209330665.0		130.4	154.7
202607	220C10300	25	経費合計(原価)	87693000.0	120996026.0	168710030.0	80.5	139.4	192.3
202607	220C10300	26	仕掛2	0.0	0.0	0.0	0.0	0.0	0.0
202607	220C10300	27	商品仕入高	46968600.0	39788535.0	73811497.0	43.7	185.5	157.1
202607	220C10300	28	原材料費	0.0	0.0	0.0	0.0	0.0	0.0
202607	220C10300	29	外注加工費	38099500.0	77082725.0	91343851.0	54.1	118.5	239.7
202607	220C10300	30	その他 直接経費	2624900.0	4124766.0	3554682.0	2.1	86.1	135.4
202607	220C10300	31	他勘定振替高	0.0	0.0	0.0	0.0	0.0	0.0
202607	220C10300	32	経費合計（販管費）	47561895.0	39489306.0	40620635.0	19.4	102.8	85.4
202607	220C10300	33	減価償却費	583174.0	550884.0	563908.0	1.3	102.3	96.6
202607	220C10300	34	車両費	3826726.0	3886734.0	3970390.0	9.7	102.1	103.7
202607	220C10300	35	旅費交通費	1194600.0	1323100.0	1297022.0	3.1	98.0	108.5
202607	220C10300	36	荷造運搬費	73000.0	73000.0	214505.0	0.5	293.8	293.8
202607	220C10300	37	通信費	318306.0	318306.0	325423.0	0.8	102.2	102.2
202607	220C10300	38	水道光熱費	314887.0	314887.0	227035.0	0.5	72.1	72.1
202607	220C10300	39	動力費	0.0	0.0	0.0	0.0	0.0	0.0
202607	220C10300	40	事務用品費	135569.0	135569.0	114693.0	0.2	84.6	84.6
202607	220C10300	41	消耗品費	182800.0	1251800.0	1209226.0	2.9	96.5	661.5
202607	220C10300	42	廃棄物処理料	403500.0	403500.0	721675.0	1.7	178.8	178.8
202607	220C10300	43	広告宣伝費	183529.0	113529.0	175917.0	0.4	154.9	95.8
202607	220C10300	44	接待交際費	142000.0	370000.0	249270.0	0.6	67.3	175.5
202607	220C10300	45	研究開発費	0.0	0.0	0.0	0.0	0.0	0.0
202607	220C10300	46	アフターサービス費	0.0	0.0	0.0	0.0	0.0	0.0
202607	220C10300	47	クレーム費	350000.0	400000.0	299920.0	0.7	74.9	85.6
202607	220C10300	48	賃借料	5103815.0	5104139.0	5156518.0	12.6	101.0	101.0
202607	220C10300	49	賃貸料収入	-97130.0	-91570.0	-92690.0	0.0	0.0	0.0
202607	220C10300	50	修繕費	1500000.0	1500000.0	0.0	0.0	0.0	0.0
202607	220C10300	51	支払リース料	43372.0	43372.0	47010.0	0.1	108.3	108.3
202607	220C10300	52	保険料	228414.0	228414.0	235294.0	0.5	103.0	103.0
202607	220C10300	53	支払報酬	0.0	0.0	0.0	0.0	0.0	0.0
202607	220C10300	54	販売手数料	0.0	0.0	0.0	0.0	0.0	0.0
202607	220C10300	55	支払手数料	162796.0	162796.0	532605.0	1.3	327.1	327.1
202607	220C10300	56	診断料	0.0	0.0	0.0	0.0	0.0	0.0
202607	220C10300	57	諸会費	71850.0	71850.0	39450.0	0.0	54.9	54.9
202607	220C10300	58	会議費	0.0	0.0	0.0	0.0	0.0	0.0
202607	220C10300	59	寄付金	0.0	0.0	0.0	0.0	0.0	0.0
202607	220C10300	60	租税公課	57000.0	57000.0	162204.0	0.3	284.5	284.5
202607	220C10300	61	業務委託費	0.0	0.0	0.0	0.0	0.0	0.0
202607	220C10300	62	業務受託収入	0.0	0.0	0.0	0.0	0.0	0.0
202607	220C10300	63	システム管理料	0.0	0.0	0.0	0.0	0.0	0.0
202607	220C10300	64	情報機器利用料	3099710.0	3067340.0	2986592.0	7.3	97.3	96.3
202607	220C10300	65	貸倒金	0.0	0.0	0.0	0.0	0.0	0.0
202607	220C10300	66	雑費	67830.0	67830.0	90818.0	0.2	133.8	133.8
202607	220C10300	67	福利消耗品費	82000.0	99500.0	75966.0	0.1	76.3	92.6
202607	220C10300	68	教育研修費	117371.0	165371.0	83260.0	0.2	50.3	70.9
202607	220C10300	69	廃棄損・減耗損	0.0	0.0	104323.0	0.2	0.0	0.0
202607	220C10300	70	雑給	0.0	0.0	0.0	0.0	0.0	0.0
202607	220C10300	71	社内金利（固定資産）	128398.0	128398.0	135879.0	0.3	105.8	105.8
202607	220C10300	72	社内金利（売掛金）	124463.0	124463.0	118981.0	0.2	95.5	95.5
202607	220C10300	73	社内金利（在庫）	136328.0	136328.0	264958.0	0.6	194.3	194.3
202607	220C10300	74	営業口銭①（新築）	895000.0	157500.0	157500.0	0.3	100.0	17.5
202607	220C10300	75	営業口銭②（リフォ）	17340000.0	8137350.0	10301372.0	25.3	126.5	59.4
202607	220C10300	76	開発口銭	0.0	0.0	0.0	0.0	0.0	0.0
202607	220C10300	77	部門共通（経費）	9384587.0	9779916.0	9443611.0	23.2	96.5	100.6
202607	220C10300	78	グループ共通	1408000.0	1408000.0	1408000.0	3.4	100.0	100.0
202607	220C10300	79	差引収益	30439371.0	-78532108.0	-114262494.0		0.0	0.0
202607	220C10300	80	差引比率	7.4	-30.2	-42.3		0.0	0.0
202607	220C10300	81	総時間	16054.75	15979.25	15500.75		97.0	96.5
202607	220C10300	82	定時間	9566.0	9644.0	9032.5	58.2	93.6	94.4
202607	220C10300	83	残業時間	1327.0	1363.5	1562.5	10.0	114.5	117.7
202607	220C10300	84	移動時間	350.0	252.0	225.0	1.4	89.2	64.2
202607	220C10300	85	部門共通（時間）	4811.75	4719.75	4680.75	30.1	99.1	97.2
202607	220C10300	86	当月時間当り	1895.9	-4914.6	-7371.4		0.0	0.0
202607	220C10300	87	人員	55.0	56.0	56.0		100.0	101.8
202607	230H62000	1	総受注高	0.0	0.0	0.0		0.0	0.0
202607	230H62000	2	【新築】受注高	0.0	0.0	0.0	0.0	0.0	0.0
202607	230H62000	3	【リフォ】受注高	0.0	0.0	0.0	0.0	0.0	0.0
202607	230H62000	4	【資材】受注高	0.0	0.0	0.0	0.0	0.0	0.0
202607	230H62000	5	総売上高	0.0	0.0	0.0		0.0	0.0
202607	230H62000	6	【新築】売上高	0.0	0.0	0.0	0.0	0.0	0.0
202607	230H62000	7	【リフォ】売上高	0.0	0.0	0.0	0.0	0.0	0.0
202607	230H62000	8	【資材】売上高	0.0	0.0	0.0	0.0	0.0	0.0
202607	230H62000	9	【新築】インセンティブ	0.0	0.0	0.0	0.0	0.0	0.0
202607	230H62000	10	【リフォ】インセンティブ	0.0	0.0	0.0	0.0	0.0	0.0
202607	230H62000	11	【資材】インセンティブ	0.0	0.0	0.0	0.0	0.0	0.0
202607	230H62000	12	収益①（営業口銭）	0.0	0.0	0.0		0.0	0.0
202607	230H62000	13	【新築】収益①(営業口銭)	0.0	0.0	0.0		0.0	0.0
202607	230H62000	14	【リフォ】収益①(営業口銭)	0.0	0.0	0.0		0.0	0.0
202607	230H62000	15	【資材】売上原価	0.0	0.0	0.0		0.0	0.0
202607	230H62000	16	収益②（資材）	0.0	0.0	0.0		0.0	0.0
202607	230H62000	17	総収益	0.0	0.0	0.0		0.0	0.0
202607	230H62000	18	経費合計	0.0	0.0	0.0		0.0	0.0
202607	230H62000	19	減価償却費	0.0	0.0	0.0	0.0	0.0	0.0
202607	230H62000	20	車両費	0.0	0.0	1154.0	0.0	0.0	0.0
202607	230H62000	21	旅費交通費	7000.0	7000.0	9000.0	0.0	128.5	128.5
202607	230H62000	22	荷造運搬費	0.0	0.0	0.0	0.0	0.0	0.0
202607	230H62000	23	通信費	9548.0	9548.0	9419.0	0.0	98.6	98.6
202607	230H62000	24	水道光熱費	15510.0	15510.0	11856.0	0.0	76.4	76.4
202607	230H62000	25	動力費	0.0	0.0	0.0	0.0	0.0	0.0
202607	230H62000	26	事務用品費	2118.0	1270.0	3010.0	0.0	237.0	142.1
202607	230H62000	27	消耗品費	1746.0	125.0	1289.0	0.0		73.8
202607	230H62000	28	廃棄物処理料	1364.0	1364.0	1094.0	0.0	80.2	80.2
202607	230H62000	29	広告宣伝費	0.0	0.0	0.0	0.0	0.0	0.0
202607	230H62000	30	接待交際費	0.0	0.0	0.0	0.0	0.0	0.0
202607	230H62000	31	研究開発費	0.0	0.0	0.0	0.0	0.0	0.0
202607	230H62000	32	アフターサービス費	0.0	0.0	0.0	0.0	0.0	0.0
202607	230H62000	33	クレーム費	0.0	0.0	0.0	0.0	0.0	0.0
202607	230H62000	34	賃借料	284940.0	284940.0	284940.0	0.0	100.0	100.0
202607	230H62000	35	賃貸料収入	0.0	0.0	0.0	0.0	0.0	0.0
202607	230H62000	36	修繕費	0.0	0.0	0.0	0.0	0.0	0.0
202607	230H62000	37	支払リース料	400.0	400.0	465.0	0.0	116.2	116.2
202607	230H62000	38	保険料	0.0	0.0	0.0	0.0	0.0	0.0
202607	230H62000	39	支払報酬	0.0	0.0	0.0	0.0	0.0	0.0
202607	230H62000	40	販売手数料	0.0	0.0	0.0	0.0	0.0	0.0
202607	230H62000	41	支払手数料	0.0	0.0	0.0	0.0	0.0	0.0
202607	230H62000	42	診断料	0.0	0.0	0.0	0.0	0.0	0.0
202607	230H62000	43	諸会費	0.0	0.0	0.0	0.0	0.0	0.0
202607	230H62000	44	会議費	0.0	0.0	0.0	0.0	0.0	0.0
202607	230H62000	45	寄付金	0.0	0.0	0.0	0.0	0.0	0.0
202607	230H62000	46	租税公課	0.0	0.0	0.0	0.0	0.0	0.0
202607	230H62000	47	業務委託費	0.0	0.0	0.0	0.0	0.0	0.0
202607	230H62000	48	業務受託収入	0.0	0.0	0.0	0.0	0.0	0.0
202607	230H62000	49	システム管理料	0.0	0.0	0.0	0.0	0.0	0.0
202607	230H62000	50	情報機器利用料	135608.0	130976.0	130976.0	0.0	100.0	96.5
202607	230H62000	51	貸倒金	0.0	0.0	0.0	0.0	0.0	0.0
202607	230H62000	52	雑費	647.0	647.0	651.0	0.0	100.6	100.6
202607	230H62000	53	福利消耗品費	0.0	0.0	5850.0	0.0	0.0	0.0
202607	230H62000	54	教育研修費	22198.0	22198.0	20701.0	0.0	93.2	93.2
202607	230H62000	55	廃棄損・減耗損	0.0	0.0	0.0	0.0	0.0	0.0
202607	230H62000	56	雑給	0.0	0.0	0.0	0.0	0.0	0.0
202607	230H62000	57	社内金利（固定資産）	0.0	0.0	0.0	0.0	0.0	0.0
202607	230H62000	58	社内金利（売掛金）	0.0	0.0	0.0	0.0	0.0	0.0
202607	230H62000	59	社内金利（在庫）	0.0	0.0	0.0	0.0	0.0	0.0
202607	230H62000	60	開発口銭	0.0	0.0	0.0	0.0	0.0	0.0
202607	230H62000	61	部門共通（経費）	-581379.0	-574278.0	-580705.0	0.0	0.0	0.0
202607	230H62000	62	グループ共通	100300.0	100300.0	100300.0	0.0	100.0	100.0
202607	230H62000	63	差引収益	0.0	0.0	0.0		0.0	0.0
202607	230H62000	64	差引比率	0.0	0.0	0.0		0.0	0.0
202607	230H62000	65	総時間	0.0	0.0	0.0		0.0	0.0
202607	230H62000	66	定時間	656.0	664.0	686.25	0.0	103.3	104.6
202607	230H62000	67	残業時間	40.0	39.0	47.5	0.0	121.7	118.7
202607	230H62000	68	移動時間	90.0	90.0	88.0	0.0	97.7	97.7
202607	230H62000	69	部門共通（時間）	-786.0	-793.0	-821.75	0.0	0.0	0.0
202607	230H62000	70	当月時間当り	0.0	0.0	0.0		0.0	0.0
202607	230H62000	71	人員	4.0	4.0	4.0		100.0	100.0
202607	230H61600	1	総受注高	0.0	0.0	0.0		0.0	0.0
202607	230H61600	2	【新築】受注高	0.0	0.0	0.0	0.0	0.0	0.0
202607	230H61600	3	【リフォ】受注高	0.0	0.0	0.0	0.0	0.0	0.0
202607	230H61600	4	【資材】受注高	0.0	0.0	0.0	0.0	0.0	0.0
202607	230H61600	5	総売上高	0.0	0.0	0.0		0.0	0.0
202607	230H61600	6	【新築】売上高	0.0	0.0	0.0	0.0	0.0	0.0
202607	230H61600	7	【リフォ】売上高	0.0	0.0	0.0	0.0	0.0	0.0
202607	230H61600	8	【資材】売上高	0.0	0.0	0.0	0.0	0.0	0.0
202607	230H61600	9	【新築】インセンティブ	0.0	0.0	0.0	0.0	0.0	0.0
202607	230H61600	10	【リフォ】インセンティブ	0.0	0.0	0.0	0.0	0.0	0.0
202607	230H61600	11	【資材】インセンティブ	0.0	0.0	0.0	0.0	0.0	0.0
202607	230H61600	12	収益①（営業口銭）	0.0	0.0	0.0		0.0	0.0
202607	230H61600	13	【新築】収益①(営業口銭)	0.0	0.0	0.0		0.0	0.0
202607	230H61600	14	【リフォ】収益①(営業口銭)	0.0	0.0	0.0		0.0	0.0
202607	230H61600	15	【資材】売上原価	0.0	0.0	0.0		0.0	0.0
202607	230H61600	16	収益②（資材）	0.0	0.0	0.0		0.0	0.0
202607	230H61600	17	総収益	0.0	0.0	0.0		0.0	0.0
202607	230H61600	18	経費合計	0.0	0.0	0.0		0.0	0.0
202607	230H61600	19	減価償却費	0.0	2121.0	2121.0	0.0	100.0	0.0
202607	230H61600	20	車両費	50000.0	50000.0	48031.0	0.0	96.0	96.0
202607	230H61600	21	旅費交通費	1092000.0	1222000.0	1047886.0	0.0	85.7	95.9
202607	230H61600	22	荷造運搬費	9000.0	9000.0	0.0	0.0	0.0	0.0
202607	230H61600	23	通信費	30042.0	30042.0	42271.0	0.0	140.7	140.7
202607	230H61600	24	水道光熱費	47384.0	47384.0	35542.0	0.0	75.0	75.0
202607	230H61600	25	動力費	0.0	0.0	0.0	0.0	0.0	0.0
202607	230H61600	26	事務用品費	12023.0	13237.0	26682.0	0.0	201.5	221.9
202607	230H61600	27	消耗品費	6182.0	1321.0	5309.0	0.0	401.8	85.8
202607	230H61600	28	廃棄物処理料	4705.0	4705.0	3272.0	0.0	69.5	69.5
202607	230H61600	29	広告宣伝費	9819000.0	10158600.0	10021606.0	0.0	98.6	102.0
202607	230H61600	30	接待交際費	49000.0	49000.0	55503.0	0.0	113.2	113.2
202607	230H61600	31	研究開発費	0.0	0.0	0.0	0.0	0.0	0.0
202607	230H61600	32	アフターサービス費	0.0	0.0	0.0	0.0	0.0	0.0
202607	230H61600	33	クレーム費	30000.0	30000.0	0.0	0.0	0.0	0.0
202607	230H61600	34	賃借料	854560.0	854560.0	854560.0	0.0	100.0	100.0
202607	230H61600	35	賃貸料収入	0.0	0.0	0.0	0.0	0.0	0.0
202607	230H61600	36	修繕費	0.0	0.0	0.0	0.0	0.0	0.0
202607	230H61600	37	支払リース料	1500.0	1500.0	1389.0	0.0	92.6	92.6
202607	230H61600	38	保険料	0.0	0.0	0.0	0.0	0.0	0.0
202607	230H61600	39	支払報酬	150000.0	150000.0	150000.0	0.0	100.0	100.0
202607	230H61600	40	販売手数料	0.0	0.0	0.0	0.0	0.0	0.0
202607	230H61600	41	支払手数料	20962.0	20962.0	4160.0	0.0	19.8	19.8
202607	230H61600	42	診断料	420000.0	1020000.0	643073.0	0.0	63.0	153.1
202607	230H61600	43	諸会費	0.0	0.0	0.0	0.0	0.0	0.0
202607	230H61600	44	会議費	0.0	0.0	0.0	0.0	0.0	0.0
202607	230H61600	45	寄付金	0.0	0.0	0.0	0.0	0.0	0.0
202607	230H61600	46	租税公課	0.0	0.0	0.0	0.0	0.0	0.0
202607	230H61600	47	業務委託費	100000.0	100000.0	100000.0	0.0	100.0	100.0
202607	230H61600	48	業務受託収入	0.0	0.0	0.0	0.0	0.0	0.0
202607	230H61600	49	システム管理料	0.0	0.0	0.0	0.0	0.0	0.0
202607	230H61600	50	情報機器利用料	698814.0	704664.0	745436.0	0.0	105.7	106.6
202607	230H61600	51	貸倒金	0.0	0.0	0.0	0.0	0.0	0.0
202607	230H61600	52	雑費	76809.0	46809.0	4741.0	0.0	10.1	6.1
202607	230H61600	53	福利消耗品費	0.0	0.0	0.0	0.0	0.0	0.0
202607	230H61600	54	教育研修費	2885.0	2885.0	2092.0	0.0	72.5	72.5
202607	230H61600	55	廃棄損・減耗損	0.0	0.0	0.0	0.0	0.0	0.0
202607	230H61600	56	雑給	0.0	0.0	0.0	0.0	0.0	0.0
202607	230H61600	57	社内金利（固定資産）	0.0	0.0	1857.0	0.0	0.0	0.0
202607	230H61600	58	社内金利（売掛金）	0.0	0.0	0.0	0.0	0.0	0.0
202607	230H61600	59	社内金利（在庫）	0.0	0.0	0.0	0.0	0.0	0.0
202607	230H61600	60	開発口銭	0.0	0.0	0.0	0.0	0.0	0.0
202607	230H61600	61	部門共通（経費）	-13776566.0	-14820490.0	-14097231.0	0.0	0.0	0.0
202607	230H61600	62	グループ共通	301700.0	301700.0	301700.0	0.0	100.0	100.0
202607	230H61600	63	差引収益	0.0	0.0	0.0		0.0	0.0
202607	230H61600	64	差引比率	0.0	0.0	0.0		0.0	0.0
202607	230H61600	65	総時間	0.0	0.0	0.0		0.0	0.0
202607	230H61600	66	定時間	2112.0	2096.0	1990.75	0.0	94.9	94.2
202607	230H61600	67	残業時間	239.0	238.0	301.75	0.0	126.7	126.2
202607	230H61600	68	移動時間	60.0	60.0	35.0	0.0	58.3	58.3
202607	230H61600	69	部門共通（時間）	-2411.0	-2394.0	-2327.5	0.0	0.0	0.0
202607	230H61600	70	当月時間当り	0.0	0.0	0.0		0.0	0.0
202607	230H61600	71	人員	12.0	12.0	12.0		100.0	100.0
202607	003095410	1	総受注高	0.0	0.0	0.0		0.0	0.0
202607	003095410	2	【新築】受注高	0.0	0.0	0.0	0.0	0.0	0.0
202607	003095410	3	【リフォ】受注高	0.0	0.0	0.0	0.0	0.0	0.0
202607	003095410	4	【資材】受注高	0.0	0.0	0.0	0.0	0.0	0.0
202607	003095410	5	総売上高	0.0	0.0	0.0		0.0	0.0
202607	003095410	6	【新築】売上高	0.0	0.0	0.0	0.0	0.0	0.0
202607	003095410	7	【リフォ】売上高	0.0	0.0	0.0	0.0	0.0	0.0
202607	003095410	8	【資材】売上高	0.0	0.0	0.0	0.0	0.0	0.0
202607	003095410	9	【新築】インセンティブ	0.0	0.0	0.0	0.0	0.0	0.0
202607	003095410	10	【リフォ】インセンティブ	0.0	0.0	0.0	0.0	0.0	0.0
202607	003095410	11	【資材】インセンティブ	0.0	0.0	0.0	0.0	0.0	0.0
202607	003095410	12	収益①（営業口銭）	0.0	0.0	0.0		0.0	0.0
202607	003095410	13	【新築】収益①(営業口銭)	0.0	0.0	0.0		0.0	0.0
202607	003095410	14	【リフォ】収益①(営業口銭)	0.0	0.0	0.0		0.0	0.0
202607	003095410	15	【資材】売上原価	0.0	0.0	0.0		0.0	0.0
202607	003095410	16	収益②（資材）	0.0	0.0	0.0		0.0	0.0
202607	003095410	17	総収益	0.0	0.0	0.0		0.0	0.0
202607	003095410	18	経費合計	0.0	0.0	0.0		0.0	0.0
202607	003095410	19	減価償却費	0.0	0.0	0.0	0.0	0.0	0.0
202607	003095410	20	車両費	0.0	0.0	0.0	0.0	0.0	0.0
202607	003095410	21	旅費交通費	0.0	0.0	0.0	0.0	0.0	0.0
202607	003095410	22	荷造運搬費	0.0	0.0	0.0	0.0	0.0	0.0
202607	003095410	23	通信費	0.0	0.0	0.0	0.0	0.0	0.0
202607	003095410	24	水道光熱費	0.0	0.0	0.0	0.0	0.0	0.0
202607	003095410	25	動力費	0.0	0.0	0.0	0.0	0.0	0.0
202607	003095410	26	事務用品費	0.0	0.0	0.0	0.0	0.0	0.0
202607	003095410	27	消耗品費	0.0	0.0	0.0	0.0	0.0	0.0
202607	003095410	28	廃棄物処理料	0.0	0.0	0.0	0.0	0.0	0.0
202607	003095410	29	広告宣伝費	0.0	0.0	0.0	0.0	0.0	0.0
202607	003095410	30	接待交際費	0.0	0.0	0.0	0.0	0.0	0.0
202607	003095410	31	研究開発費	0.0	0.0	0.0	0.0	0.0	0.0
202607	003095410	32	アフターサービス費	0.0	0.0	0.0	0.0	0.0	0.0
202607	003095410	33	クレーム費	0.0	0.0	0.0	0.0	0.0	0.0
202607	003095410	34	賃借料	0.0	0.0	0.0	0.0	0.0	0.0
202607	003095410	35	賃貸料収入	0.0	0.0	0.0	0.0	0.0	0.0
202607	003095410	36	修繕費	0.0	0.0	0.0	0.0	0.0	0.0
202607	003095410	37	支払リース料	0.0	0.0	0.0	0.0	0.0	0.0
202607	003095410	38	保険料	0.0	0.0	0.0	0.0	0.0	0.0
202607	003095410	39	支払報酬	0.0	0.0	0.0	0.0	0.0	0.0
202607	003095410	40	販売手数料	0.0	0.0	0.0	0.0	0.0	0.0
202607	003095410	41	支払手数料	0.0	0.0	0.0	0.0	0.0	0.0
202607	003095410	42	診断料	0.0	0.0	0.0	0.0	0.0	0.0
202607	003095410	43	諸会費	0.0	0.0	0.0	0.0	0.0	0.0
202607	003095410	44	会議費	0.0	0.0	0.0	0.0	0.0	0.0
202607	003095410	45	寄付金	0.0	0.0	0.0	0.0	0.0	0.0
202607	003095410	46	租税公課	0.0	0.0	0.0	0.0	0.0	0.0
202607	003095410	47	業務委託費	0.0	0.0	0.0	0.0	0.0	0.0
202607	003095410	48	業務受託収入	0.0	0.0	0.0	0.0	0.0	0.0
202607	003095410	49	システム管理料	0.0	0.0	0.0	0.0	0.0	0.0
202607	003095410	50	情報機器利用料	0.0	0.0	0.0	0.0	0.0	0.0
202607	003095410	51	貸倒金	0.0	0.0	0.0	0.0	0.0	0.0
202607	003095410	52	雑費	0.0	0.0	0.0	0.0	0.0	0.0
202607	003095410	53	福利消耗品費	0.0	0.0	0.0	0.0	0.0	0.0
202607	003095410	54	教育研修費	0.0	0.0	0.0	0.0	0.0	0.0
202607	003095410	55	廃棄損・減耗損	0.0	0.0	0.0	0.0	0.0	0.0
202607	003095410	56	雑給	0.0	0.0	0.0	0.0	0.0	0.0
202607	003095410	57	社内金利（固定資産）	0.0	0.0	0.0	0.0	0.0	0.0
202607	003095410	58	社内金利（売掛金）	0.0	0.0	0.0	0.0	0.0	0.0
202607	003095410	59	社内金利（在庫）	0.0	0.0	0.0	0.0	0.0	0.0
202607	003095410	60	開発口銭	0.0	0.0	0.0	0.0	0.0	0.0
202607	003095410	61	部門共通（経費）	0.0	0.0	0.0	0.0	0.0	0.0
202607	003095410	62	グループ共通	0.0	0.0	0.0	0.0	0.0	0.0
202607	003095410	63	差引収益	0.0	0.0	0.0		0.0	0.0
202607	003095410	64	差引比率	0.0	0.0	0.0		0.0	0.0
202607	003095410	65	総時間	0.0	0.0	0.0		0.0	0.0
202607	003095410	66	定時間	0.0	0.0	0.0	0.0	0.0	0.0
202607	003095410	67	残業時間	0.0	0.0	0.0	0.0	0.0	0.0
202607	003095410	68	移動時間	0.0	0.0	0.0	0.0	0.0	0.0
202607	003095410	69	部門共通（時間）	0.0	0.0	0.0	0.0	0.0	0.0
202607	003095410	70	当月時間当り	0.0	0.0	0.0		0.0	0.0
202607	003095410	71	人員	0.0	0.0	0.0		0.0	0.0
202607	003095420	1	総出荷	0.0	0.0	0.0		0.0	0.0
202607	003095420	2	社外売	0.0	0.0	0.0	0.0	0.0	0.0
202607	003095420	3	社内売	0.0	0.0	0.0	0.0	0.0	0.0
202607	003095420	4	社内仕入	0.0	0.0	0.0		0.0	0.0
202607	003095420	5	仕掛1	0.0	0.0	0.0		0.0	0.0
202607	003095420	6	総生産	0.0	0.0	0.0		0.0	0.0
202607	003095420	7	経費合計	0.0	0.0	0.0		0.0	0.0
202607	003095420	8	経費合計(原価)	0.0	0.0	0.0	0.0	0.0	0.0
202607	003095420	9	仕掛2	0.0	0.0	0.0	0.0	0.0	0.0
202607	003095420	10	商品仕入高	0.0	0.0	0.0	0.0	0.0	0.0
202607	003095420	11	原材料費	0.0	0.0	0.0	0.0	0.0	0.0
202607	003095420	12	外注加工費	0.0	0.0	0.0	0.0	0.0	0.0
202607	003095420	13	その他 直接経費	0.0	0.0	0.0	0.0	0.0	0.0
202607	003095420	14	他勘定振替高	0.0	0.0	0.0	0.0	0.0	0.0
202607	003095420	15	経費合計（販管費）	0.0	0.0	0.0	0.0	0.0	0.0
202607	003095420	16	減価償却費	0.0	0.0	0.0	0.0	0.0	0.0
202607	003095420	17	車両費	0.0	0.0	0.0	0.0	0.0	0.0
202607	003095420	18	旅費交通費	0.0	0.0	0.0	0.0	0.0	0.0
202607	003095420	19	荷造運搬費	0.0	0.0	0.0	0.0	0.0	0.0
202607	003095420	20	通信費	0.0	0.0	0.0	0.0	0.0	0.0
202607	003095420	21	水道光熱費	0.0	0.0	0.0	0.0	0.0	0.0
202607	003095420	22	動力費	0.0	0.0	0.0	0.0	0.0	0.0
202607	003095420	23	事務用品費	0.0	0.0	0.0	0.0	0.0	0.0
202607	003095420	24	消耗品費	0.0	0.0	0.0	0.0	0.0	0.0
202607	003095420	25	廃棄物処理料	0.0	0.0	0.0	0.0	0.0	0.0
202607	003095420	26	広告宣伝費	0.0	0.0	0.0	0.0	0.0	0.0
202607	003095420	27	接待交際費	0.0	0.0	0.0	0.0	0.0	0.0
202607	003095420	28	研究開発費	0.0	0.0	0.0	0.0	0.0	0.0
202607	003095420	29	アフターサービス費	0.0	0.0	0.0	0.0	0.0	0.0
202607	003095420	30	クレーム費	0.0	0.0	0.0	0.0	0.0	0.0
202607	003095420	31	賃借料	0.0	0.0	0.0	0.0	0.0	0.0
202607	003095420	32	賃貸料収入	0.0	0.0	0.0	0.0	0.0	0.0
202607	003095420	33	修繕費	0.0	0.0	0.0	0.0	0.0	0.0
202607	003095420	34	支払リース料	0.0	0.0	0.0	0.0	0.0	0.0
202607	003095420	35	保険料	0.0	0.0	0.0	0.0	0.0	0.0
202607	003095420	36	支払報酬	0.0	0.0	0.0	0.0	0.0	0.0
202607	003095420	37	販売手数料	0.0	0.0	0.0	0.0	0.0	0.0
202607	003095420	38	支払手数料	0.0	0.0	0.0	0.0	0.0	0.0
202607	003095420	39	診断料	0.0	0.0	0.0	0.0	0.0	0.0
202607	003095420	40	諸会費	0.0	0.0	0.0	0.0	0.0	0.0
202607	003095420	41	会議費	0.0	0.0	0.0	0.0	0.0	0.0
202607	003095420	42	寄付金	0.0	0.0	0.0	0.0	0.0	0.0
202607	003095420	43	租税公課	0.0	0.0	0.0	0.0	0.0	0.0
202607	003095420	44	業務委託費	0.0	0.0	0.0	0.0	0.0	0.0
202607	003095420	45	業務受託収入	0.0	0.0	0.0	0.0	0.0	0.0
202607	003095420	46	システム管理料	0.0	0.0	0.0	0.0	0.0	0.0
202607	003095420	47	情報機器利用料	0.0	0.0	0.0	0.0	0.0	0.0
202607	003095420	48	貸倒金	0.0	0.0	0.0	0.0	0.0	0.0
202607	003095420	49	雑費	0.0	0.0	0.0	0.0	0.0	0.0
202607	003095420	50	福利消耗品費	0.0	0.0	0.0	0.0	0.0	0.0
202607	003095420	51	教育研修費	0.0	0.0	0.0	0.0	0.0	0.0
202607	003095420	52	廃棄損・減耗損	0.0	0.0	0.0	0.0	0.0	0.0
202607	003095420	53	雑給	0.0	0.0	0.0	0.0	0.0	0.0
202607	003095420	54	社内金利（固定資産）	0.0	0.0	0.0	0.0	0.0	0.0
202607	003095420	55	社内金利（売掛金）	0.0	0.0	0.0	0.0	0.0	0.0
202607	003095420	56	社内金利（在庫）	0.0	0.0	0.0	0.0	0.0	0.0
202607	003095420	57	営業口銭①（新築）	0.0	0.0	0.0	0.0	0.0	0.0
202607	003095420	58	営業口銭②（リフォ）	0.0	0.0	0.0	0.0	0.0	0.0
202607	003095420	59	開発口銭	0.0	0.0	0.0	0.0	0.0	0.0
202607	003095420	60	部門共通（経費）	0.0	0.0	0.0	0.0	0.0	0.0
202607	003095420	61	グループ共通	0.0	0.0	0.0	0.0	0.0	0.0
202607	003095420	62	差引収益	0.0	0.0	0.0		0.0	0.0
202607	003095420	63	差引比率	0.0	0.0	0.0		0.0	0.0
202607	003095420	64	総時間	0.0	0.0	0.0		0.0	0.0
202607	003095420	65	定時間	0.0	0.0	0.0	0.0	0.0	0.0
202607	003095420	66	残業時間	0.0	0.0	0.0	0.0	0.0	0.0
202607	003095420	67	移動時間	0.0	0.0	0.0	0.0	0.0	0.0
202607	003095420	68	部門共通（時間）	0.0	0.0	0.0	0.0	0.0	0.0
202607	003095420	69	当月時間当り	0.0	0.0	0.0		0.0	0.0
202607	003095420	70	人員	0.0	0.0	0.0		0.0	0.0
202607	003095310	1	総受注高	0.0	0.0	0.0		0.0	0.0
202607	003095310	2	【新築】受注高	0.0	0.0	0.0	0.0	0.0	0.0
202607	003095310	3	【リフォ】受注高	0.0	0.0	0.0	0.0	0.0	0.0
202607	003095310	4	【資材】受注高	0.0	0.0	0.0	0.0	0.0	0.0
202607	003095310	5	総売上高	0.0	0.0	0.0		0.0	0.0
202607	003095310	6	【新築】売上高	0.0	0.0	0.0	0.0	0.0	0.0
202607	003095310	7	【リフォ】売上高	0.0	0.0	0.0	0.0	0.0	0.0
202607	003095310	8	【資材】売上高	0.0	0.0	0.0	0.0	0.0	0.0
202607	003095310	9	【新築】インセンティブ	0.0	0.0	0.0	0.0	0.0	0.0
202607	003095310	10	【リフォ】インセンティブ	0.0	0.0	0.0	0.0	0.0	0.0
202607	003095310	11	【資材】インセンティブ	0.0	0.0	0.0	0.0	0.0	0.0
202607	003095310	12	収益①（営業口銭）	0.0	0.0	0.0		0.0	0.0
202607	003095310	13	【新築】収益①(営業口銭)	0.0	0.0	0.0		0.0	0.0
202607	003095310	14	【リフォ】収益①(営業口銭)	0.0	0.0	0.0		0.0	0.0
202607	003095310	15	【資材】売上原価	0.0	0.0	0.0		0.0	0.0
202607	003095310	16	収益②（資材）	0.0	0.0	0.0		0.0	0.0
202607	003095310	17	総収益	0.0	0.0	0.0		0.0	0.0
202607	003095310	18	経費合計	0.0	0.0	0.0		0.0	0.0
202607	003095310	19	減価償却費	0.0	0.0	0.0	0.0	0.0	0.0
202607	003095310	20	車両費	0.0	0.0	0.0	0.0	0.0	0.0
202607	003095310	21	旅費交通費	0.0	0.0	0.0	0.0	0.0	0.0
202607	003095310	22	荷造運搬費	0.0	0.0	0.0	0.0	0.0	0.0
202607	003095310	23	通信費	0.0	0.0	0.0	0.0	0.0	0.0
202607	003095310	24	水道光熱費	0.0	0.0	0.0	0.0	0.0	0.0
202607	003095310	25	動力費	0.0	0.0	0.0	0.0	0.0	0.0
202607	003095310	26	事務用品費	0.0	0.0	0.0	0.0	0.0	0.0
202607	003095310	27	消耗品費	0.0	0.0	0.0	0.0	0.0	0.0
202607	003095310	28	廃棄物処理料	0.0	0.0	0.0	0.0	0.0	0.0
202607	003095310	29	広告宣伝費	0.0	0.0	0.0	0.0	0.0	0.0
202607	003095310	30	接待交際費	0.0	0.0	0.0	0.0	0.0	0.0
202607	003095310	31	研究開発費	0.0	0.0	0.0	0.0	0.0	0.0
202607	003095310	32	アフターサービス費	0.0	0.0	0.0	0.0	0.0	0.0
202607	003095310	33	クレーム費	0.0	0.0	0.0	0.0	0.0	0.0
202607	003095310	34	賃借料	0.0	0.0	0.0	0.0	0.0	0.0
202607	003095310	35	賃貸料収入	0.0	0.0	0.0	0.0	0.0	0.0
202607	003095310	36	修繕費	0.0	0.0	0.0	0.0	0.0	0.0
202607	003095310	37	支払リース料	0.0	0.0	0.0	0.0	0.0	0.0
202607	003095310	38	保険料	0.0	0.0	0.0	0.0	0.0	0.0
202607	003095310	39	支払報酬	0.0	0.0	0.0	0.0	0.0	0.0
202607	003095310	40	販売手数料	0.0	0.0	0.0	0.0	0.0	0.0
202607	003095310	41	支払手数料	0.0	0.0	0.0	0.0	0.0	0.0
202607	003095310	42	診断料	0.0	0.0	0.0	0.0	0.0	0.0
202607	003095310	43	諸会費	0.0	0.0	0.0	0.0	0.0	0.0
202607	003095310	44	会議費	0.0	0.0	0.0	0.0	0.0	0.0
202607	003095310	45	寄付金	0.0	0.0	0.0	0.0	0.0	0.0
202607	003095310	46	租税公課	0.0	0.0	0.0	0.0	0.0	0.0
202607	003095310	47	業務委託費	0.0	0.0	0.0	0.0	0.0	0.0
202607	003095310	48	業務受託収入	0.0	0.0	0.0	0.0	0.0	0.0
202607	003095310	49	システム管理料	0.0	0.0	0.0	0.0	0.0	0.0
202607	003095310	50	情報機器利用料	0.0	0.0	0.0	0.0	0.0	0.0
202607	003095310	51	貸倒金	0.0	0.0	0.0	0.0	0.0	0.0
202607	003095310	52	雑費	0.0	0.0	0.0	0.0	0.0	0.0
202607	003095310	53	福利消耗品費	0.0	0.0	0.0	0.0	0.0	0.0
202607	003095310	54	教育研修費	0.0	0.0	0.0	0.0	0.0	0.0
202607	003095310	55	廃棄損・減耗損	0.0	0.0	0.0	0.0	0.0	0.0
202607	003095310	56	雑給	0.0	0.0	0.0	0.0	0.0	0.0
202607	003095310	57	社内金利（固定資産）	0.0	0.0	0.0	0.0	0.0	0.0
202607	003095310	58	社内金利（売掛金）	0.0	0.0	0.0	0.0	0.0	0.0
202607	003095310	59	社内金利（在庫）	0.0	0.0	0.0	0.0	0.0	0.0
202607	003095310	60	開発口銭	0.0	0.0	0.0	0.0	0.0	0.0
202607	003095310	61	部門共通（経費）	0.0	0.0	0.0	0.0	0.0	0.0
202607	003095310	62	グループ共通	0.0	0.0	0.0	0.0	0.0	0.0
202607	003095310	63	差引収益	0.0	0.0	0.0		0.0	0.0
202607	003095310	64	差引比率	0.0	0.0	0.0		0.0	0.0
202607	003095310	65	総時間	0.0	0.0	0.0		0.0	0.0
202607	003095310	66	定時間	0.0	0.0	0.0	0.0	0.0	0.0
202607	003095310	67	残業時間	0.0	0.0	0.0	0.0	0.0	0.0
202607	003095310	68	移動時間	0.0	0.0	0.0	0.0	0.0	0.0
202607	003095310	69	部門共通（時間）	0.0	0.0	0.0	0.0	0.0	0.0
202607	003095310	70	当月時間当り	0.0	0.0	0.0		0.0	0.0
202607	003095310	71	人員	0.0	0.0	0.0		0.0	0.0
202607	003095320	1	総出荷	0.0	0.0	0.0		0.0	0.0
202607	003095320	2	社外売	0.0	0.0	0.0	0.0	0.0	0.0
202607	003095320	3	社内売	0.0	0.0	0.0	0.0	0.0	0.0
202607	003095320	4	社内仕入	0.0	0.0	63070.0		0.0	0.0
202607	003095320	5	仕掛1	0.0	0.0	0.0		0.0	0.0
202607	003095320	6	総生産	0.0	0.0	-63070.0		0.0	0.0
202607	003095320	7	経費合計	0.0	0.0	771222.0		0.0	0.0
202607	003095320	8	経費合計(原価)	0.0	0.0	771222.0	100.0	0.0	0.0
202607	003095320	9	仕掛2	0.0	0.0	0.0	0.0	0.0	0.0
202607	003095320	10	商品仕入高	0.0	0.0	771222.0	100.0	0.0	0.0
202607	003095320	11	原材料費	0.0	0.0	0.0	0.0	0.0	0.0
202607	003095320	12	外注加工費	0.0	0.0	0.0	0.0	0.0	0.0
202607	003095320	13	その他 直接経費	0.0	0.0	0.0	0.0	0.0	0.0
202607	003095320	14	他勘定振替高	0.0	0.0	0.0	0.0	0.0	0.0
202607	003095320	15	経費合計（販管費）	0.0	0.0	0.0	0.0	0.0	0.0
202607	003095320	16	減価償却費	0.0	0.0	0.0	0.0	0.0	0.0
202607	003095320	17	車両費	0.0	0.0	0.0	0.0	0.0	0.0
202607	003095320	18	旅費交通費	0.0	0.0	0.0	0.0	0.0	0.0
202607	003095320	19	荷造運搬費	0.0	0.0	0.0	0.0	0.0	0.0
202607	003095320	20	通信費	0.0	0.0	0.0	0.0	0.0	0.0
202607	003095320	21	水道光熱費	0.0	0.0	0.0	0.0	0.0	0.0
202607	003095320	22	動力費	0.0	0.0	0.0	0.0	0.0	0.0
202607	003095320	23	事務用品費	0.0	0.0	0.0	0.0	0.0	0.0
202607	003095320	24	消耗品費	0.0	0.0	0.0	0.0	0.0	0.0
202607	003095320	25	廃棄物処理料	0.0	0.0	0.0	0.0	0.0	0.0
202607	003095320	26	広告宣伝費	0.0	0.0	0.0	0.0	0.0	0.0
202607	003095320	27	接待交際費	0.0	0.0	0.0	0.0	0.0	0.0
202607	003095320	28	研究開発費	0.0	0.0	0.0	0.0	0.0	0.0
202607	003095320	29	アフターサービス費	0.0	0.0	0.0	0.0	0.0	0.0
202607	003095320	30	クレーム費	0.0	0.0	0.0	0.0	0.0	0.0
202607	003095320	31	賃借料	0.0	0.0	0.0	0.0	0.0	0.0
202607	003095320	32	賃貸料収入	0.0	0.0	0.0	0.0	0.0	0.0
202607	003095320	33	修繕費	0.0	0.0	0.0	0.0	0.0	0.0
202607	003095320	34	支払リース料	0.0	0.0	0.0	0.0	0.0	0.0
202607	003095320	35	保険料	0.0	0.0	0.0	0.0	0.0	0.0
202607	003095320	36	支払報酬	0.0	0.0	0.0	0.0	0.0	0.0
202607	003095320	37	販売手数料	0.0	0.0	0.0	0.0	0.0	0.0
202607	003095320	38	支払手数料	0.0	0.0	0.0	0.0	0.0	0.0
202607	003095320	39	診断料	0.0	0.0	0.0	0.0	0.0	0.0
202607	003095320	40	諸会費	0.0	0.0	0.0	0.0	0.0	0.0
202607	003095320	41	会議費	0.0	0.0	0.0	0.0	0.0	0.0
202607	003095320	42	寄付金	0.0	0.0	0.0	0.0	0.0	0.0
202607	003095320	43	租税公課	0.0	0.0	0.0	0.0	0.0	0.0
202607	003095320	44	業務委託費	0.0	0.0	0.0	0.0	0.0	0.0
202607	003095320	45	業務受託収入	0.0	0.0	0.0	0.0	0.0	0.0
202607	003095320	46	システム管理料	0.0	0.0	0.0	0.0	0.0	0.0
202607	003095320	47	情報機器利用料	0.0	0.0	0.0	0.0	0.0	0.0
202607	003095320	48	貸倒金	0.0	0.0	0.0	0.0	0.0	0.0
202607	003095320	49	雑費	0.0	0.0	0.0	0.0	0.0	0.0
202607	003095320	50	福利消耗品費	0.0	0.0	0.0	0.0	0.0	0.0
202607	003095320	51	教育研修費	0.0	0.0	0.0	0.0	0.0	0.0
202607	003095320	52	廃棄損・減耗損	0.0	0.0	0.0	0.0	0.0	0.0
202607	003095320	53	雑給	0.0	0.0	0.0	0.0	0.0	0.0
202607	003095320	54	社内金利（固定資産）	0.0	0.0	0.0	0.0	0.0	0.0
202607	003095320	55	社内金利（売掛金）	0.0	0.0	0.0	0.0	0.0	0.0
202607	003095320	56	社内金利（在庫）	0.0	0.0	0.0	0.0	0.0	0.0
202607	003095320	57	営業口銭①（新築）	0.0	0.0	0.0	0.0	0.0	0.0
202607	003095320	58	営業口銭②（リフォ）	0.0	0.0	0.0	0.0	0.0	0.0
202607	003095320	59	開発口銭	0.0	0.0	0.0	0.0	0.0	0.0
202607	003095320	60	部門共通（経費）	0.0	0.0	0.0	0.0	0.0	0.0
202607	003095320	61	グループ共通	0.0	0.0	0.0	0.0	0.0	0.0
202607	003095320	62	差引収益	0.0	0.0	-834292.0		0.0	0.0
202607	003095320	63	差引比率	0.0	0.0	1322.8		0.0	0.0
202607	003095320	64	総時間	0.0	0.0	0.0		0.0	0.0
202607	003095320	65	定時間	0.0	0.0	0.0	0.0	0.0	0.0
202607	003095320	66	残業時間	0.0	0.0	0.0	0.0	0.0	0.0
202607	003095320	67	移動時間	0.0	0.0	0.0	0.0	0.0	0.0
202607	003095320	68	部門共通（時間）	0.0	0.0	0.0	0.0	0.0	0.0
202607	003095320	69	当月時間当り	0.0	0.0	0.0		0.0	0.0
202607	003095320	70	人員	0.0	0.0	0.0		0.0	0.0
202607	230H10700	1	総受注高	0.0	0.0	0.0		0.0	0.0
202607	230H10700	2	【新築】受注高	0.0	0.0	0.0	0.0	0.0	0.0
202607	230H10700	3	【リフォ】受注高	0.0	0.0	0.0	0.0	0.0	0.0
202607	230H10700	4	【資材】受注高	0.0	0.0	0.0	0.0	0.0	0.0
202607	230H10700	5	総売上高	0.0	0.0	0.0		0.0	0.0
202607	230H10700	6	【新築】売上高	0.0	0.0	0.0	0.0	0.0	0.0
202607	230H10700	7	【リフォ】売上高	0.0	0.0	0.0	0.0	0.0	0.0
202607	230H10700	8	【資材】売上高	0.0	0.0	0.0	0.0	0.0	0.0
202607	230H10700	9	【新築】インセンティブ	0.0	0.0	0.0	0.0	0.0	0.0
202607	230H10700	10	【リフォ】インセンティブ	0.0	0.0	0.0	0.0	0.0	0.0
202607	230H10700	11	【資材】インセンティブ	0.0	0.0	0.0	0.0	0.0	0.0
202607	230H10700	12	収益①（営業口銭）	0.0	0.0	0.0		0.0	0.0
202607	230H10700	13	【新築】収益①(営業口銭)	0.0	0.0	0.0		0.0	0.0
202607	230H10700	14	【リフォ】収益①(営業口銭)	0.0	0.0	0.0		0.0	0.0
202607	230H10700	15	【資材】売上原価	0.0	0.0	0.0		0.0	0.0
202607	230H10700	16	収益②（資材）	0.0	0.0	0.0		0.0	0.0
202607	230H10700	17	総収益	0.0	0.0	0.0		0.0	0.0
202607	230H10700	18	経費合計	0.0	0.0	0.0		0.0	0.0
202607	230H10700	19	減価償却費	0.0	11500.0	11500.0	0.0	100.0	0.0
202607	230H10700	20	車両費	278023.0	280472.0	244012.0	0.0	87.0	87.7
202607	230H10700	21	旅費交通費	20000.0	0.0	20632.0	0.0	0.0	103.1
202607	230H10700	22	荷造運搬費	2730000.0	2930000.0	3289362.0	0.0	112.2	120.4
202607	230H10700	23	通信費	69534.0	71884.0	72629.0	0.0	101.0	104.4
202607	230H10700	24	水道光熱費	44384.0	44384.0	38906.0	0.0	87.6	87.6
202607	230H10700	25	動力費	0.0	0.0	0.0	0.0	0.0	0.0
202607	230H10700	26	事務用品費	6523.0	5087.0	9179.0	0.0	180.4	140.7
202607	230H10700	27	消耗品費	80182.0	174156.0	121478.0	0.0	69.7	151.5
202607	230H10700	28	廃棄物処理料	112205.0	112205.0	101264.0	0.0	90.2	90.2
202607	230H10700	29	広告宣伝費	11500.0	0.0	184364.0	0.0	0.0	
202607	230H10700	30	接待交際費	0.0	2000.0	4320.0	0.0	216.0	0.0
202607	230H10700	31	研究開発費	0.0	0.0	0.0	0.0	0.0	0.0
202607	230H10700	32	アフターサービス費	0.0	0.0	0.0	0.0	0.0	0.0
202607	230H10700	33	クレーム費	0.0	0.0	0.0	0.0	0.0	0.0
202607	230H10700	34	賃借料	614034.0	583570.0	583570.0	0.0	100.0	95.0
202607	230H10700	35	賃貸料収入	0.0	0.0	0.0	0.0	0.0	0.0
202607	230H10700	36	修繕費	0.0	0.0	0.0	0.0	0.0	0.0
202607	230H10700	37	支払リース料	8700.0	8700.0	8742.0	0.0	100.4	100.4
202607	230H10700	38	保険料	2555.0	674.0	674.0	0.0	100.0	26.3
202607	230H10700	39	支払報酬	300000.0	300000.0	300000.0	0.0	100.0	100.0
202607	230H10700	40	販売手数料	0.0	0.0	0.0	0.0	0.0	0.0
202607	230H10700	41	支払手数料	62156.0	46156.0	15908.0	0.0	34.4	25.5
202607	230H10700	42	診断料	0.0	0.0	0.0	0.0	0.0	0.0
202607	230H10700	43	諸会費	4000.0	4000.0	6234.0	0.0	155.8	155.8
202607	230H10700	44	会議費	0.0	0.0	0.0	0.0	0.0	0.0
202607	230H10700	45	寄付金	0.0	0.0	0.0	0.0	0.0	0.0
202607	230H10700	46	租税公課	0.0	0.0	0.0	0.0	0.0	0.0
202607	230H10700	47	業務委託費	0.0	0.0	0.0	0.0	0.0	0.0
202607	230H10700	48	業務受託収入	0.0	0.0	0.0	0.0	0.0	0.0
202607	230H10700	49	システム管理料	0.0	0.0	0.0	0.0	0.0	0.0
202607	230H10700	50	情報機器利用料	703090.0	730090.0	703090.0	0.0	96.3	100.0
202607	230H10700	51	貸倒金	0.0	0.0	0.0	0.0	0.0	0.0
202607	230H10700	52	雑費	4809.0	4409.0	3209.0	0.0	72.7	66.7
202607	230H10700	53	福利消耗品費	0.0	0.0	103700.0	0.0	0.0	0.0
202607	230H10700	54	教育研修費	2272.0	2228.0	2228.0	0.0	100.0	98.0
202607	230H10700	55	廃棄損・減耗損	0.0	0.0	0.0	0.0	0.0	0.0
202607	230H10700	56	雑給	0.0	0.0	0.0	0.0	0.0	0.0
202607	230H10700	57	社内金利（固定資産）	0.0	0.0	3220.0	0.0	0.0	0.0
202607	230H10700	58	社内金利（売掛金）	0.0	0.0	0.0	0.0	0.0	0.0
202607	230H10700	59	社内金利（在庫）	850000.0	950000.0	877813.0	0.0	92.4	103.2
202607	230H10700	60	開発口銭	0.0	0.0	0.0	0.0	0.0	0.0
202607	230H10700	61	部門共通（経費）	-6180367.0	-6537915.0	-6982434.0	0.0	0.0	0.0
202607	230H10700	62	グループ共通	276400.0	276400.0	276400.0	0.0	100.0	100.0
202607	230H10700	63	差引収益	0.0	0.0	0.0		0.0	0.0
202607	230H10700	64	差引比率	0.0	0.0	0.0		0.0	0.0
202607	230H10700	65	総時間	0.0	0.0	0.0		0.0	0.0
202607	230H10700	66	定時間	2040.0	2048.0	2030.5	0.0	99.1	99.5
202607	230H10700	67	残業時間	225.0	217.0	263.25	0.0	121.3	117.0
202607	230H10700	68	移動時間	-93.0	-103.0	-103.0	0.0	0.0	0.0
202607	230H10700	69	部門共通（時間）	-2172.0	-2162.0	-2190.75	0.0	0.0	0.0
202607	230H10700	70	当月時間当り	0.0	0.0	0.0		0.0	0.0
202607	230H10700	71	人員	12.0	12.0	12.0		100.0	100.0
202607	003010100	1	総受注高	1864780000.0	1155611120.0	1071220416.0		92.6	57.4
202607	003010100	2	【新築】受注高	984300000.0	372110000.0	384243800.0	35.8	103.2	39.0
202607	003010100	3	【リフォ】受注高	460790000.0	363811120.0	334404531.0	31.2	91.9	72.5
202607	003010100	4	【資材】受注高	419690000.0	419690000.0	352572085.0	32.9	84.0	84.0
202607	003010100	5	総売上高	877170000.0	797296504.0	773956833.0		97.0	88.2
202607	003010100	6	【新築】売上高	63900000.0	95490000.0	94903800.0	12.2	99.3	148.5
202607	003010100	7	【リフォ】売上高	342790000.0	226926504.0	245254860.0	31.6	108.0	71.5
202607	003010100	8	【資材】売上高	470480000.0	474880000.0	434003510.0	56.0	91.3	92.2
202607	003010100	9	【新築】インセンティブ	0.0	0.0	0.0	0.0	0.0	0.0
202607	003010100	10	【リフォ】インセンティブ	0.0	0.0	0.0	0.0	0.0	0.0
202607	003010100	11	【資材】インセンティブ	0.0	0.0	-205337.0	0.0	0.0	0.0
202607	003010100	12	収益①（営業口銭）	54613500.0	38813474.0	42911088.0		110.5	78.5
202607	003010100	13	【新築】収益①(営業口銭)	3195000.0	4774500.0	6122880.0		128.2	191.6
202607	003010100	14	【リフォ】収益①(営業口銭)	51418500.0	34038974.0	36788208.0		108.0	71.5
202607	003010100	15	【資材】売上原価	371945000.0	375417640.0	338712117.0		90.2	91.0
202607	003010100	16	収益②（資材）	98535000.0	99462360.0	95086056.0		95.6	96.4
202607	003010100	17	総収益	153148500.0	138275834.0	137997144.0		99.7	90.1
202607	003010100	18	総出荷	408190000.0	324016504.0	341641468.0		105.4	83.6
202607	003010100	19	社外売	406690000.0	322416504.0	340158660.0	99.5	105.5	83.6
202607	003010100	20	社内売	1500000.0	1600000.0	1482808.0	0.4	92.6	98.8
202607	003010100	21	社内仕入	76631608.0	128359771.0	115205886.0		89.7	150.3
202607	003010100	22	仕掛1	0.0	0.0	0.0		0.0	0.0
202607	003010100	23	総生産	331558392.0	195656733.0	226435582.0		115.7	68.2
202607	003010100	24	経費合計	615853669.0	500551767.0	518060269.0		103.4	84.1
202607	003010100	25	経費合計(原価)	478680519.0	375294237.0	391872349.0	75.6	104.4	81.8
202607	003010100	26	仕掛2	0.0	0.0	0.0	0.0	0.0	0.0
202607	003010100	27	商品仕入高	280227473.0	173899751.0	196973605.0	50.2	113.2	70.2
202607	003010100	28	原材料費	0.0	0.0	0.0	0.0	0.0	0.0
202607	003010100	29	外注加工費	187906546.0	192911720.0	188919906.0	48.2	97.9	100.5
202607	003010100	30	その他 直接経費	10546500.0	8482766.0	5978838.0	1.5	70.4	56.6
202607	003010100	31	他勘定振替高	0.0	0.0	0.0	0.0	0.0	0.0
202607	003010100	32	経費合計（販管費）	137173150.0	125257530.0	126187920.0	24.3	100.7	91.9
202607	003010100	33	減価償却費	729901.0	706693.0	726459.0	0.5	102.7	99.5
202607	003010100	34	車両費	9923541.0	10195365.0	10212306.0	8.0	100.1	102.9
202607	003010100	35	旅費交通費	3232600.0	3296100.0	3198017.0	2.5	97.0	98.9
202607	003010100	36	荷造運搬費	2861000.0	3105500.0	3640402.0	2.8	117.2	127.2
202607	003010100	37	通信費	1146809.0	1152874.0	1061132.0	0.8	92.0	92.5
202607	003010100	38	水道光熱費	1060663.0	1100305.0	851445.0	0.6	77.3	80.2
202607	003010100	39	動力費	0.0	0.0	0.0	0.0	0.0	0.0
202607	003010100	40	事務用品費	443526.0	479290.0	365946.0	0.2	76.3	82.5
202607	003010100	41	消耗品費	1161047.0	2234657.0	2049036.0	1.6	91.6	176.4
202607	003010100	42	廃棄物処理料	1147670.0	1075670.0	856333.0	0.6	79.6	74.6
202607	003010100	43	広告宣伝費	1037029.0	1051829.0	1096862.0	0.8	104.2	105.7
202607	003010100	44	接待交際費	593000.0	638000.0	454337.0	0.3	71.2	76.6
202607	003010100	45	研究開発費	0.0	0.0	0.0	0.0	0.0	0.0
202607	003010100	46	アフターサービス費	0.0	0.0	0.0	0.0	0.0	0.0
202607	003010100	47	クレーム費	850000.0	1140000.0	1304632.0	1.0	114.4	153.4
202607	003010100	48	賃借料	11616653.0	11701266.0	11754830.0	9.3	100.4	101.1
202607	003010100	49	賃貸料収入	-363131.0	-369484.0	-362835.0	0.0	0.0	0.0
202607	003010100	50	修繕費	1580000.0	1752000.0	202000.0	0.1	11.5	12.7
202607	003010100	51	支払リース料	108202.0	96963.0	96735.0	0.0	99.7	89.4
202607	003010100	52	保険料	753336.0	751769.0	758710.0	0.6	100.9	100.7
202607	003010100	53	支払報酬	300000.0	300000.0	300000.0	0.2	100.0	100.0
202607	003010100	54	販売手数料	0.0	0.0	0.0	0.0	0.0	0.0
202607	003010100	55	支払手数料	812267.0	1525487.0	2044049.0	1.6	133.9	251.6
202607	003010100	56	診断料	6000.0	5000.0	6400.0	0.0	128.0	106.6
202607	003010100	57	諸会費	172982.0	193482.0	77932.0	0.0	40.2	45.0
202607	003010100	58	会議費	2000.0	2000.0	4470.0	0.0	223.5	223.5
202607	003010100	59	寄付金	0.0	3000.0	3000.0	0.0	100.0	0.0
202607	003010100	60	租税公課	182000.0	177000.0	273004.0	0.2	154.2	150.0
202607	003010100	61	業務委託費	0.0	0.0	0.0	0.0	0.0	0.0
202607	003010100	62	業務受託収入	0.0	0.0	0.0	0.0	0.0	0.0
202607	003010100	63	システム管理料	0.0	0.0	0.0	0.0	0.0	0.0
202607	003010100	64	情報機器利用料	10211835.0	10340225.0	10193886.0	8.0	98.5	99.8
202607	003010100	65	貸倒金	315743.0	0.0	22000.0	0.0	0.0	6.9
202607	003010100	66	雑費	162586.0	162677.0	230964.0	0.1	141.9	142.0
202607	003010100	67	福利消耗品費	292700.0	224830.0	288516.0	0.2	128.3	98.5
202607	003010100	68	教育研修費	1009897.0	904828.0	164325.0	0.1	18.1	16.2
202607	003010100	69	廃棄損・減耗損	10000.0	46824.0	151147.0	0.1	322.7	
202607	003010100	70	雑給	0.0	0.0	0.0	0.0	0.0	0.0
202607	003010100	71	社内金利（固定資産）	177190.0	176784.0	185784.0	0.1	105.0	104.8
202607	003010100	72	社内金利（売掛金）	479652.0	485383.0	489700.0	0.3	100.8	102.0
202607	003010100	73	社内金利（在庫）	1341028.0	1444698.0	1615647.0	1.2	111.8	120.4
202607	003010100	74	営業口銭①（新築）	3195000.0	4774500.0	6122880.0	4.8	128.2	191.6
202607	003010100	75	営業口銭②（リフォ）	51418500.0	34038974.0	36788208.0	29.1	108.0	71.5
202607	003010100	76	開発口銭	0.0	0.0	0.0	0.0	0.0	0.0
202607	003010100	77	部門共通（経費）	24546024.0	25762941.0	24303761.0	19.2	94.3	99.0
202607	003010100	78	グループ共通	4655900.0	4580100.0	4655900.0	3.6	101.6	100.0
202607	003010100	79	差引収益	-131146777.0	-166619200.0	-153627543.0		0.0	0.0
202607	003010100	80	差引比率	-10.8	-16.7	-15.3		0.0	0.0
202607	003010100	81	総時間	50186.0	49217.5	48058.5		97.6	95.7
202607	003010100	82	定時間	32611.75	32098.0	30841.25	64.1	96.0	94.5
202607	003010100	83	残業時間	4520.0	4379.5	4665.0	9.7	106.5	103.2
202607	003010100	84	移動時間	125.0	-31.0	-93.5	0.0	0.0	0.0
202607	003010100	85	部門共通（時間）	12929.25	12771.0	12645.75	26.3	99.0	97.8
202607	003010100	86	当月時間当り	-2613.2	-3385.3	-3196.6		0.0	0.0
202607	003010100	87	人員	186.0	188.0	185.0		98.4	99.4
202607	230B10100	1	総出荷	0.0	0.0	0.0		0.0	0.0
202607	230B10100	2	社外売	0.0	0.0	0.0	0.0	0.0	0.0
202607	230B10100	3	社内売	0.0	0.0	0.0	0.0	0.0	0.0
202607	230B10100	4	社内仕入	0.0	0.0	0.0		0.0	0.0
202607	230B10100	5	仕掛1	0.0	0.0	0.0		0.0	0.0
202607	230B10100	6	総生産	0.0	0.0	0.0		0.0	0.0
202607	230B10100	7	経費合計	0.0	0.0	0.0		0.0	0.0
202607	230B10100	8	経費合計(原価)	0.0	0.0	0.0	0.0	0.0	0.0
202607	230B10100	9	仕掛2	0.0	0.0	0.0	0.0	0.0	0.0
202607	230B10100	10	商品仕入高	0.0	0.0	0.0	0.0	0.0	0.0
202607	230B10100	11	原材料費	0.0	0.0	0.0	0.0	0.0	0.0
202607	230B10100	12	外注加工費	0.0	0.0	0.0	0.0	0.0	0.0
202607	230B10100	13	その他 直接経費	0.0	0.0	0.0	0.0	0.0	0.0
202607	230B10100	14	他勘定振替高	0.0	0.0	0.0	0.0	0.0	0.0
202607	230B10100	15	経費合計（販管費）	0.0	0.0	0.0	0.0	0.0	0.0
202607	230B10100	16	減価償却費	0.0	0.0	0.0	0.0	0.0	0.0
202607	230B10100	17	車両費	680973.0	660681.0	629396.0	0.0	95.2	92.4
202607	230B10100	18	旅費交通費	440600.0	432780.0	410925.0	0.0	94.9	93.2
202607	230B10100	19	荷造運搬費	0.0	0.0	0.0	0.0	0.0	0.0
202607	230B10100	20	通信費	37752.0	36408.0	36285.0	0.0	99.6	96.1
202607	230B10100	21	水道光熱費	16288.0	16288.0	13226.0	0.0	81.2	81.2
202607	230B10100	22	動力費	0.0	0.0	0.0	0.0	0.0	0.0
202607	230B10100	23	事務用品費	9554.0	9554.0	5286.0	0.0	55.3	55.3
202607	230B10100	24	消耗品費	13960.0	5960.0	2470.0	0.0	41.4	17.6
202607	230B10100	25	廃棄物処理料	0.0	0.0	0.0	0.0	0.0	0.0
202607	230B10100	26	広告宣伝費	0.0	0.0	0.0	0.0	0.0	0.0
202607	230B10100	27	接待交際費	40000.0	30000.0	23470.0	0.0	78.2	58.6
202607	230B10100	28	研究開発費	0.0	0.0	0.0	0.0	0.0	0.0
202607	230B10100	29	アフターサービス費	0.0	0.0	0.0	0.0	0.0	0.0
202607	230B10100	30	クレーム費	0.0	0.0	0.0	0.0	0.0	0.0
202607	230B10100	31	賃借料	233200.0	229200.0	229200.0	0.0	100.0	98.2
202607	230B10100	32	賃貸料収入	0.0	0.0	0.0	0.0	0.0	0.0
202607	230B10100	33	修繕費	0.0	0.0	0.0	0.0	0.0	0.0
202607	230B10100	34	支払リース料	0.0	0.0	0.0	0.0	0.0	0.0
202607	230B10100	35	保険料	845.0	845.0	0.0	0.0	0.0	0.0
202607	230B10100	36	支払報酬	0.0	0.0	0.0	0.0	0.0	0.0
202607	230B10100	37	販売手数料	0.0	0.0	0.0	0.0	0.0	0.0
202607	230B10100	38	支払手数料	1749.0	1749.0	1749.0	0.0	100.0	100.0
202607	230B10100	39	診断料	0.0	0.0	0.0	0.0	0.0	0.0
202607	230B10100	40	諸会費	10500.0	10500.0	11000.0	0.0	104.7	104.7
202607	230B10100	41	会議費	0.0	0.0	0.0	0.0	0.0	0.0
202607	230B10100	42	寄付金	0.0	0.0	0.0	0.0	0.0	0.0
202607	230B10100	43	租税公課	0.0	0.0	0.0	0.0	0.0	0.0
202607	230B10100	44	業務委託費	0.0	0.0	0.0	0.0	0.0	0.0
202607	230B10100	45	業務受託収入	-15000.0	-15000.0	-15000.0	0.0	0.0	0.0
202607	230B10100	46	システム管理料	0.0	0.0	0.0	0.0	0.0	0.0
202607	230B10100	47	情報機器利用料	715260.0	733788.0	707588.0	0.0	96.4	98.9
202607	230B10100	48	貸倒金	0.0	0.0	0.0	0.0	0.0	0.0
202607	230B10100	49	雑費	1580.0	1580.0	1495.0	0.0	94.6	94.6
202607	230B10100	50	福利消耗品費	0.0	0.0	792.0	0.0	0.0	0.0
202607	230B10100	51	教育研修費	50800.0	60800.0	0.0	0.0	0.0	0.0
202607	230B10100	52	廃棄損・減耗損	0.0	0.0	0.0	0.0	0.0	0.0
202607	230B10100	53	雑給	0.0	0.0	0.0	0.0	0.0	0.0
202607	230B10100	54	社内金利（固定資産）	0.0	0.0	0.0	0.0	0.0	0.0
202607	230B10100	55	社内金利（売掛金）	0.0	0.0	0.0	0.0	0.0	0.0
202607	230B10100	56	社内金利（在庫）	0.0	0.0	0.0	0.0	0.0	0.0
202607	230B10100	57	営業口銭①（新築）	0.0	0.0	0.0	0.0	0.0	0.0
202607	230B10100	58	営業口銭②（リフォ）	0.0	0.0	0.0	0.0	0.0	0.0
202607	230B10100	59	開発口銭	0.0	0.0	0.0	0.0	0.0	0.0
202607	230B10100	60	部門共通（経費）	-2690661.0	-2667733.0	-2510482.0	0.0	0.0	0.0
202607	230B10100	61	グループ共通	452600.0	452600.0	452600.0	0.0	100.0	100.0
202607	230B10100	62	差引収益	0.0	0.0	0.0		0.0	0.0
202607	230B10100	63	差引比率	0.0	0.0	0.0		0.0	0.0
202607	230B10100	64	総時間	0.0	0.0	0.0		0.0	0.0
202607	230B10100	65	定時間	3118.5	3092.5	3040.75	0.0	98.3	97.5
202607	230B10100	66	残業時間	432.0	417.0	477.5	0.0	114.5	110.5
202607	230B10100	67	移動時間	8.5	8.5	-1.5	0.0	0.0	0.0
202607	230B10100	68	部門共通（時間）	-3559.0	-3518.0	-3516.75	0.0	0.0	0.0
202607	230B10100	69	当月時間当り	0.0	0.0	0.0		0.0	0.0
202607	230B10100	70	人員	18.0	18.0	18.0		100.0	100.0
202607	040A10100	1	総受注高	55500000.0	6350000.0	9102172.0		143.3	16.4
202607	040A10100	2	【新築】受注高	30000000.0	0.0	0.0	0.0	0.0	0.0
202607	040A10100	3	【リフォ】受注高	20500000.0	1350000.0	5931444.0	65.1	439.3	28.9
202607	040A10100	4	【資材】受注高	5000000.0	5000000.0	3170728.0	34.8	63.4	63.4
202607	040A10100	5	総売上高	8000000.0	5800000.0	5955578.0		102.6	74.4
202607	040A10100	6	【新築】売上高	0.0	0.0	0.0	0.0	0.0	0.0
202607	040A10100	7	【リフォ】売上高	3000000.0	800000.0	2070930.0	34.7	258.8	69.0
202607	040A10100	8	【資材】売上高	5000000.0	5000000.0	3884648.0	65.2	77.6	77.6
202607	040A10100	9	【新築】インセンティブ	0.0	0.0	0.0	0.0	0.0	0.0
202607	040A10100	10	【リフォ】インセンティブ	0.0	0.0	0.0	0.0	0.0	0.0
202607	040A10100	11	【資材】インセンティブ	0.0	0.0	0.0	0.0	0.0	0.0
202607	040A10100	12	収益①（営業口銭）	450000.0	120000.0	310637.0		258.8	69.0
202607	040A10100	13	【新築】収益①(営業口銭)	0.0	0.0	0.0		0.0	0.0
202607	040A10100	14	【リフォ】収益①(営業口銭)	450000.0	120000.0	310637.0		258.8	69.0
202607	040A10100	15	【資材】売上原価	4000000.0	4000000.0	4056866.0		101.4	101.4
202607	040A10100	16	収益②（資材）	1000000.0	1000000.0	-172218.0		0.0	0.0
202607	040A10100	17	総収益	1450000.0	1120000.0	138419.0		12.3	9.5
202607	040A10100	18	経費合計	1896961.0	2120590.0	2093045.0		98.7	110.3
202607	040A10100	19	減価償却費	0.0	0.0	0.0	0.0	0.0	0.0
202607	040A10100	20	車両費	163365.0	182820.0	184230.0	8.8	100.7	112.7
202607	040A10100	21	旅費交通費	120000.0	120000.0	88572.0	4.2	73.8	73.8
202607	040A10100	22	荷造運搬費	1000.0	1000.0	1025.0	0.0	102.5	102.5
202607	040A10100	23	通信費	47054.0	47054.0	44522.0	2.1	94.6	94.6
202607	040A10100	24	水道光熱費	19260.0	25554.0	20151.0	0.9	78.8	104.6
202607	040A10100	25	動力費	0.0	0.0	0.0	0.0	0.0	0.0
202607	040A10100	26	事務用品費	5000.0	5500.0	3796.0	0.1	69.0	75.9
202607	040A10100	27	消耗品費	14000.0	1500.0	952.0	0.0	63.4	6.8
202607	040A10100	28	廃棄物処理料	0.0	0.0	0.0	0.0	0.0	0.0
202607	040A10100	29	広告宣伝費	0.0	0.0	0.0	0.0	0.0	0.0
202607	040A10100	30	接待交際費	5000.0	5000.0	0.0	0.0	0.0	0.0
202607	040A10100	31	研究開発費	0.0	0.0	0.0	0.0	0.0	0.0
202607	040A10100	32	アフターサービス費	0.0	0.0	0.0	0.0	0.0	0.0
202607	040A10100	33	クレーム費	0.0	0.0	0.0	0.0	0.0	0.0
202607	040A10100	34	賃借料	234558.0	313558.0	313558.0	14.9	100.0	133.6
202607	040A10100	35	賃貸料収入	-10000.0	-31000.0	-31000.0	0.0	0.0	0.0
202607	040A10100	36	修繕費	0.0	0.0	0.0	0.0	0.0	0.0
202607	040A10100	37	支払リース料	0.0	0.0	0.0	0.0	0.0	0.0
202607	040A10100	38	保険料	204.0	204.0	204.0	0.0	100.0	100.0
202607	040A10100	39	支払報酬	0.0	0.0	0.0	0.0	0.0	0.0
202607	040A10100	40	販売手数料	0.0	0.0	0.0	0.0	0.0	0.0
202607	040A10100	41	支払手数料	16500.0	16500.0	18834.0	0.8	114.1	114.1
202607	040A10100	42	診断料	0.0	0.0	0.0	0.0	0.0	0.0
202607	040A10100	43	諸会費	200.0	50200.0	1000.0	0.0	1.9	500.0
202607	040A10100	44	会議費	0.0	0.0	0.0	0.0	0.0	0.0
202607	040A10100	45	寄付金	0.0	0.0	0.0	0.0	0.0	0.0
202607	040A10100	46	租税公課	5000.0	5000.0	14300.0	0.6	286.0	286.0
202607	040A10100	47	業務委託費	0.0	0.0	0.0	0.0	0.0	0.0
202607	040A10100	48	業務受託収入	0.0	0.0	0.0	0.0	0.0	0.0
202607	040A10100	49	システム管理料	0.0	0.0	0.0	0.0	0.0	0.0
202607	040A10100	50	情報機器利用料	189040.0	221740.0	194740.0	9.3	87.8	103.0
202607	040A10100	51	貸倒金	0.0	0.0	0.0	0.0	0.0	0.0
202607	040A10100	52	雑費	2000.0	2000.0	4820.0	0.2	241.0	241.0
202607	040A10100	53	福利消耗品費	0.0	0.0	0.0	0.0	0.0	0.0
202607	040A10100	54	教育研修費	2871.0	2871.0	2870.0	0.1	99.9	99.9
202607	040A10100	55	廃棄損・減耗損	0.0	0.0	0.0	0.0	0.0	0.0
202607	040A10100	56	雑給	0.0	0.0	0.0	0.0	0.0	0.0
202607	040A10100	57	社内金利（固定資産）	0.0	0.0	0.0	0.0	0.0	0.0
202607	040A10100	58	社内金利（売掛金）	0.0	0.0	0.0	0.0	0.0	0.0
202607	040A10100	59	社内金利（在庫）	0.0	0.0	0.0	0.0	0.0	0.0
202607	040A10100	60	開発口銭	0.0	0.0	0.0	0.0	0.0	0.0
202607	040A10100	61	部門共通（経費）	1006109.0	1075289.0	1154671.0	55.1	107.3	114.7
202607	040A10100	62	グループ共通	75800.0	75800.0	75800.0	3.6	100.0	100.0
202607	040A10100	63	差引収益	-446961.0	-1000590.0	-1954626.0		0.0	0.0
202607	040A10100	64	差引比率	-5.5	-17.2	-32.8		0.0	0.0
202607	040A10100	65	総時間	686.5	679.5	676.5		99.5	98.5
202607	040A10100	66	定時間	552.0	548.0	544.75	80.5	99.4	98.6
202607	040A10100	67	残業時間	69.0	69.0	66.0	9.7	95.6	95.6
202607	040A10100	68	移動時間	-270.0	-270.0	-262.0	0.0	0.0	0.0
202607	040A10100	69	部門共通（時間）	335.5	332.5	327.75	48.4	98.5	97.6
202607	040A10100	70	当月時間当り	-651.0	-1472.5	-2889.3		0.0	0.0
202607	040A10100	71	人員	3.0	3.0	3.0		100.0	100.0
202607	040A10300	1	総受注高	55500000.0	6350000.0	9102172.0		143.3	16.4
202607	040A10300	2	【新築】受注高	30000000.0	0.0	0.0	0.0	0.0	0.0
202607	040A10300	3	【リフォ】受注高	20500000.0	1350000.0	5931444.0	65.1	439.3	28.9
202607	040A10300	4	【資材】受注高	5000000.0	5000000.0	3170728.0	34.8	63.4	63.4
202607	040A10300	5	総売上高	8000000.0	5800000.0	5955578.0		102.6	74.4
202607	040A10300	6	【新築】売上高	0.0	0.0	0.0	0.0	0.0	0.0
202607	040A10300	7	【リフォ】売上高	3000000.0	800000.0	2070930.0	34.7	258.8	69.0
202607	040A10300	8	【資材】売上高	5000000.0	5000000.0	3884648.0	65.2	77.6	77.6
202607	040A10300	9	【新築】インセンティブ	0.0	0.0	0.0	0.0	0.0	0.0
202607	040A10300	10	【リフォ】インセンティブ	0.0	0.0	0.0	0.0	0.0	0.0
202607	040A10300	11	【資材】インセンティブ	0.0	0.0	0.0	0.0	0.0	0.0
202607	040A10300	12	収益①（営業口銭）	450000.0	120000.0	310637.0		258.8	69.0
202607	040A10300	13	【新築】収益①(営業口銭)	0.0	0.0	0.0		0.0	0.0
202607	040A10300	14	【リフォ】収益①(営業口銭)	450000.0	120000.0	310637.0		258.8	69.0
202607	040A10300	15	【資材】売上原価	4000000.0	4000000.0	4056866.0		101.4	101.4
202607	040A10300	16	収益②（資材）	1000000.0	1000000.0	-172218.0		0.0	0.0
202607	040A10300	17	総収益	1450000.0	1120000.0	138419.0		12.3	9.5
202607	040A10300	18	総出荷	3000000.0	800000.0	2070930.0		258.8	69.0
202607	040A10300	19	社外売	3000000.0	800000.0	2070930.0	100.0	258.8	69.0
202607	040A10300	20	社内売	0.0	0.0	0.0	0.0	0.0	0.0
202607	040A10300	21	社内仕入	0.0	3256171.0	53115.0		1.6	0.0
202607	040A10300	22	仕掛1	0.0	0.0	0.0		0.0	0.0
202607	040A10300	23	総生産	3000000.0	-2456171.0	2017815.0		0.0	67.2
202607	040A10300	24	経費合計	8754146.0	6103422.0	4682256.0		76.7	53.4
202607	040A10300	25	経費合計(原価)	6255000.0	3704118.0	2183137.0	46.6	58.9	34.9
202607	040A10300	26	仕掛2	0.0	0.0	0.0	0.0	0.0	0.0
202607	040A10300	27	商品仕入高	2763000.0	145400.0	441039.0	20.2	303.3	15.9
202607	040A10300	28	原材料費	0.0	0.0	0.0	0.0	0.0	0.0
202607	040A10300	29	外注加工費	3492000.0	3558718.0	1733718.0	79.4	48.7	49.6
202607	040A10300	30	その他 直接経費	0.0	0.0	8380.0	0.3	0.0	0.0
202607	040A10300	31	他勘定振替高	0.0	0.0	0.0	0.0	0.0	0.0
202607	040A10300	32	経費合計（販管費）	2499146.0	2399304.0	2499119.0	53.3	104.1	99.9
202607	040A10300	33	減価償却費	0.0	0.0	0.0	0.0	0.0	0.0
202607	040A10300	34	車両費	163365.0	182820.0	184230.0	7.3	100.7	112.7
202607	040A10300	35	旅費交通費	130000.0	130000.0	88572.0	3.5	68.1	68.1
202607	040A10300	36	荷造運搬費	1000.0	1000.0	1025.0	0.0	102.5	102.5
202607	040A10300	37	通信費	47054.0	47054.0	44522.0	1.7	94.6	94.6
202607	040A10300	38	水道光熱費	25680.0	30644.0	20151.0	0.8	65.7	78.4
202607	040A10300	39	動力費	0.0	0.0	0.0	0.0	0.0	0.0
202607	040A10300	40	事務用品費	5000.0	5500.0	3796.0	0.1	69.0	75.9
202607	040A10300	41	消耗品費	14000.0	1500.0	952.0	0.0	63.4	6.8
202607	040A10300	42	廃棄物処理料	0.0	0.0	0.0	0.0	0.0	0.0
202607	040A10300	43	広告宣伝費	0.0	0.0	0.0	0.0	0.0	0.0
202607	040A10300	44	接待交際費	5000.0	5000.0	0.0	0.0	0.0	0.0
202607	040A10300	45	研究開発費	0.0	0.0	0.0	0.0	0.0	0.0
202607	040A10300	46	アフターサービス費	0.0	0.0	0.0	0.0	0.0	0.0
202607	040A10300	47	クレーム費	0.0	0.0	0.0	0.0	0.0	0.0
202607	040A10300	48	賃借料	234558.0	313558.0	313558.0	12.5	100.0	133.6
202607	040A10300	49	賃貸料収入	-10000.0	-31000.0	-31000.0	0.0	0.0	0.0
202607	040A10300	50	修繕費	0.0	0.0	0.0	0.0	0.0	0.0
202607	040A10300	51	支払リース料	0.0	0.0	0.0	0.0	0.0	0.0
202607	040A10300	52	保険料	204.0	204.0	204.0	0.0	100.0	100.0
202607	040A10300	53	支払報酬	0.0	0.0	0.0	0.0	0.0	0.0
202607	040A10300	54	販売手数料	0.0	0.0	0.0	0.0	0.0	0.0
202607	040A10300	55	支払手数料	16500.0	16500.0	18834.0	0.7	114.1	114.1
202607	040A10300	56	診断料	0.0	0.0	0.0	0.0	0.0	0.0
202607	040A10300	57	諸会費	200.0	50200.0	1000.0	0.0	1.9	500.0
202607	040A10300	58	会議費	0.0	0.0	0.0	0.0	0.0	0.0
202607	040A10300	59	寄付金	0.0	0.0	0.0	0.0	0.0	0.0
202607	040A10300	60	租税公課	5000.0	5000.0	14300.0	0.5	286.0	286.0
202607	040A10300	61	業務委託費	0.0	0.0	0.0	0.0	0.0	0.0
202607	040A10300	62	業務受託収入	0.0	0.0	0.0	0.0	0.0	0.0
202607	040A10300	63	システム管理料	0.0	0.0	0.0	0.0	0.0	0.0
202607	040A10300	64	情報機器利用料	189040.0	221740.0	194740.0	7.7	87.8	103.0
202607	040A10300	65	貸倒金	0.0	0.0	0.0	0.0	0.0	0.0
202607	040A10300	66	雑費	2000.0	2000.0	4820.0	0.1	241.0	241.0
202607	040A10300	67	福利消耗品費	0.0	0.0	0.0	0.0	0.0	0.0
202607	040A10300	68	教育研修費	2871.0	2871.0	2870.0	0.1	99.9	99.9
202607	040A10300	69	廃棄損・減耗損	0.0	0.0	0.0	0.0	0.0	0.0
202607	040A10300	70	雑給	0.0	0.0	0.0	0.0	0.0	0.0
202607	040A10300	71	社内金利（固定資産）	0.0	0.0	0.0	0.0	0.0	0.0
202607	040A10300	72	社内金利（売掛金）	0.0	0.0	0.0	0.0	0.0	0.0
202607	040A10300	73	社内金利（在庫）	0.0	0.0	0.0	0.0	0.0	0.0
202607	040A10300	74	営業口銭①（新築）	0.0	0.0	0.0	0.0	0.0	0.0
202607	040A10300	75	営業口銭②（リフォ）	450000.0	120000.0	310637.0	12.4	258.8	69.0
202607	040A10300	76	開発口銭	0.0	0.0	0.0	0.0	0.0	0.0
202607	040A10300	77	部門共通（経費）	1141874.0	1218913.0	1250108.0	50.0	102.5	109.4
202607	040A10300	78	グループ共通	75800.0	75800.0	75800.0	3.0	100.0	100.0
202607	040A10300	79	差引収益	-4304146.0	-7439593.0	-2526022.0		0.0	0.0
202607	040A10300	80	差引比率	-39.1	-222.4	-31.6		0.0	0.0
202607	040A10300	81	総時間	848.5	838.75	834.5		99.4	98.3
202607	040A10300	82	定時間	552.0	548.0	544.75	65.2	99.4	98.6
202607	040A10300	83	残業時間	69.0	69.0	66.0	7.9	95.6	95.6
202607	040A10300	84	移動時間	-180.0	-180.0	-172.0	0.0	0.0	0.0
202607	040A10300	85	部門共通（時間）	407.5	401.75	395.75	47.4	98.5	97.1
202607	040A10300	86	当月時間当り	-5072.6	-8869.8	-3026.9		0.0	0.0
202607	040A10300	87	人員	3.0	3.0	3.0		100.0	100.0
202607	040A30101	1	総出荷	3000000.0	800000.0	2070930.0		258.8	69.0
202607	040A30101	2	社外売	3000000.0	800000.0	2070930.0	100.0	258.8	69.0
202607	040A30101	3	社内売	0.0	0.0	0.0	0.0	0.0	0.0
202607	040A30101	4	社内仕入	0.0	3256171.0	53115.0		1.6	0.0
202607	040A30101	5	仕掛1	0.0	0.0	0.0		0.0	0.0
202607	040A30101	6	総生産	3000000.0	-2456171.0	2017815.0		0.0	67.2
202607	040A30101	7	経費合計	6857185.0	3982832.0	2589211.0		65.0	37.7
202607	040A30101	8	経費合計(原価)	6255000.0	3704118.0	2183137.0	84.3	58.9	34.9
202607	040A30101	9	仕掛2	0.0	0.0	0.0	0.0	0.0	0.0
202607	040A30101	10	商品仕入高	2763000.0	145400.0	441039.0	20.2	303.3	15.9
202607	040A30101	11	原材料費	0.0	0.0	0.0	0.0	0.0	0.0
202607	040A30101	12	外注加工費	3492000.0	3558718.0	1733718.0	79.4	48.7	49.6
202607	040A30101	13	その他 直接経費	0.0	0.0	8380.0	0.3	0.0	0.0
202607	040A30101	14	他勘定振替高	0.0	0.0	0.0	0.0	0.0	0.0
202607	040A30101	15	経費合計（販管費）	602185.0	278714.0	406074.0	15.6	145.6	67.4
202607	040A30101	16	減価償却費	0.0	0.0	0.0	0.0	0.0	0.0
202607	040A30101	17	車両費	0.0	0.0	0.0	0.0	0.0	0.0
202607	040A30101	18	旅費交通費	10000.0	10000.0	0.0	0.0	0.0	0.0
202607	040A30101	19	荷造運搬費	0.0	0.0	0.0	0.0	0.0	0.0
202607	040A30101	20	通信費	0.0	0.0	0.0	0.0	0.0	0.0
202607	040A30101	21	水道光熱費	6420.0	5090.0	0.0	0.0	0.0	0.0
202607	040A30101	22	動力費	0.0	0.0	0.0	0.0	0.0	0.0
202607	040A30101	23	事務用品費	0.0	0.0	0.0	0.0	0.0	0.0
202607	040A30101	24	消耗品費	0.0	0.0	0.0	0.0	0.0	0.0
202607	040A30101	25	廃棄物処理料	0.0	0.0	0.0	0.0	0.0	0.0
202607	040A30101	26	広告宣伝費	0.0	0.0	0.0	0.0	0.0	0.0
202607	040A30101	27	接待交際費	0.0	0.0	0.0	0.0	0.0	0.0
202607	040A30101	28	研究開発費	0.0	0.0	0.0	0.0	0.0	0.0
202607	040A30101	29	アフターサービス費	0.0	0.0	0.0	0.0	0.0	0.0
202607	040A30101	30	クレーム費	0.0	0.0	0.0	0.0	0.0	0.0
202607	040A30101	31	賃借料	0.0	0.0	0.0	0.0	0.0	0.0
202607	040A30101	32	賃貸料収入	0.0	0.0	0.0	0.0	0.0	0.0
202607	040A30101	33	修繕費	0.0	0.0	0.0	0.0	0.0	0.0
202607	040A30101	34	支払リース料	0.0	0.0	0.0	0.0	0.0	0.0
202607	040A30101	35	保険料	0.0	0.0	0.0	0.0	0.0	0.0
202607	040A30101	36	支払報酬	0.0	0.0	0.0	0.0	0.0	0.0
202607	040A30101	37	販売手数料	0.0	0.0	0.0	0.0	0.0	0.0
202607	040A30101	38	支払手数料	0.0	0.0	0.0	0.0	0.0	0.0
202607	040A30101	39	診断料	0.0	0.0	0.0	0.0	0.0	0.0
202607	040A30101	40	諸会費	0.0	0.0	0.0	0.0	0.0	0.0
202607	040A30101	41	会議費	0.0	0.0	0.0	0.0	0.0	0.0
202607	040A30101	42	寄付金	0.0	0.0	0.0	0.0	0.0	0.0
202607	040A30101	43	租税公課	0.0	0.0	0.0	0.0	0.0	0.0
202607	040A30101	44	業務委託費	0.0	0.0	0.0	0.0	0.0	0.0
202607	040A30101	45	業務受託収入	0.0	0.0	0.0	0.0	0.0	0.0
202607	040A30101	46	システム管理料	0.0	0.0	0.0	0.0	0.0	0.0
202607	040A30101	47	情報機器利用料	0.0	0.0	0.0	0.0	0.0	0.0
202607	040A30101	48	貸倒金	0.0	0.0	0.0	0.0	0.0	0.0
202607	040A30101	49	雑費	0.0	0.0	0.0	0.0	0.0	0.0
202607	040A30101	50	福利消耗品費	0.0	0.0	0.0	0.0	0.0	0.0
202607	040A30101	51	教育研修費	0.0	0.0	0.0	0.0	0.0	0.0
202607	040A30101	52	廃棄損・減耗損	0.0	0.0	0.0	0.0	0.0	0.0
202607	040A30101	53	雑給	0.0	0.0	0.0	0.0	0.0	0.0
202607	040A30101	54	社内金利（固定資産）	0.0	0.0	0.0	0.0	0.0	0.0
202607	040A30101	55	社内金利（売掛金）	0.0	0.0	0.0	0.0	0.0	0.0
202607	040A30101	56	社内金利（在庫）	0.0	0.0	0.0	0.0	0.0	0.0
202607	040A30101	57	営業口銭①（新築）	0.0	0.0	0.0	0.0	0.0	0.0
202607	040A30101	58	営業口銭②（リフォ）	450000.0	120000.0	310637.0	76.4	258.8	69.0
202607	040A30101	59	開発口銭	0.0	0.0	0.0	0.0	0.0	0.0
202607	040A30101	60	部門共通（経費）	135765.0	143624.0	95437.0	23.5	66.4	70.2
202607	040A30101	61	グループ共通	0.0	0.0	0.0	0.0	0.0	0.0
202607	040A30101	62	差引収益	-3857185.0	-6439003.0	-571396.0		0.0	0.0
202607	040A30101	63	差引比率	-128.5	262.1	-28.3		0.0	0.0
202607	040A30101	64	総時間	162.0	159.25	158.0		99.2	97.5
202607	040A30101	65	定時間	0.0	0.0	0.0	0.0	0.0	0.0
202607	040A30101	66	残業時間	0.0	0.0	0.0	0.0	0.0	0.0
202607	040A30101	67	移動時間	90.0	90.0	90.0	56.9	100.0	100.0
202607	040A30101	68	部門共通（時間）	72.0	69.25	68.0	43.0	98.1	94.4
202607	040A30101	69	当月時間当り	-23809.7	-40433.2	-3616.4		0.0	0.0
202607	040A30101	70	人員	0.0	0.0	0.0		0.0	0.0
202607	230S10200	1	総受注高	58500000.0	48290455.0	48336713.0		100.0	82.6
202607	230S10200	2	【新築】受注高	0.0	0.0	-1100000.0	0.0	0.0	0.0
202607	230S10200	3	【リフォ】受注高	25500000.0	15290455.0	18124224.0	37.4	118.5	71.0
202607	230S10200	4	【資材】受注高	33000000.0	33000000.0	31312489.0	64.7	94.8	94.8
202607	230S10200	5	総売上高	60000000.0	48165000.0	51751684.0		107.4	86.2
202607	230S10200	6	【新築】売上高	0.0	0.0	0.0	0.0	0.0	0.0
202607	230S10200	7	【リフォ】売上高	22500000.0	10665000.0	9801753.0	18.9	91.9	43.5
202607	230S10200	8	【資材】売上高	37500000.0	37500000.0	41949931.0	81.0	111.8	111.8
202607	230S10200	9	【新築】インセンティブ	0.0	0.0	0.0	0.0	0.0	0.0
202607	230S10200	10	【リフォ】インセンティブ	0.0	0.0	0.0	0.0	0.0	0.0
202607	230S10200	11	【資材】インセンティブ	0.0	0.0	0.0	0.0	0.0	0.0
202607	230S10200	12	収益①（営業口銭）	3375000.0	1599750.0	1470261.0		91.9	43.5
202607	230S10200	13	【新築】収益①(営業口銭)	0.0	0.0	0.0		0.0	0.0
202607	230S10200	14	【リフォ】収益①(営業口銭)	3375000.0	1599750.0	1470261.0		91.9	43.5
202607	230S10200	15	【資材】売上原価	30000000.0	30000000.0	33591014.0		111.9	111.9
202607	230S10200	16	収益②（資材）	7500000.0	7500000.0	8358917.0		111.4	111.4
202607	230S10200	17	総収益	10875000.0	9099750.0	9829178.0		108.0	90.3
202607	230S10200	18	経費合計	4804673.0	5042022.0	5089832.0		100.9	105.9
202607	230S10200	19	減価償却費	0.0	0.0	0.0	0.0	0.0	0.0
202607	230S10200	20	車両費	672727.0	672727.0	664489.0	13.0	98.7	98.7
202607	230S10200	21	旅費交通費	235000.0	235000.0	235111.0	4.6	100.0	100.0
202607	230S10200	22	荷造運搬費	2000.0	2000.0	128340.0	2.5		
202607	230S10200	23	通信費	61995.0	61995.0	69992.0	1.3	112.8	112.8
202607	230S10200	24	水道光熱費	32550.0	32550.0	34347.0	0.6	105.5	105.5
202607	230S10200	25	動力費	0.0	0.0	0.0	0.0	0.0	0.0
202607	230S10200	26	事務用品費	23869.0	23869.0	24150.0	0.4	101.1	101.1
202607	230S10200	27	消耗品費	7000.0	7000.0	627.0	0.0	8.9	8.9
202607	230S10200	28	廃棄物処理料	118000.0	118000.0	138593.0	2.7	117.4	117.4
202607	230S10200	29	広告宣伝費	50000.0	50000.0	49289.0	0.9	98.5	98.5
202607	230S10200	30	接待交際費	10000.0	120000.0	118780.0	2.3	98.9	
202607	230S10200	31	研究開発費	0.0	0.0	0.0	0.0	0.0	0.0
202607	230S10200	32	アフターサービス費	0.0	0.0	0.0	0.0	0.0	0.0
202607	230S10200	33	クレーム費	350000.0	400000.0	299920.0	5.8	74.9	85.6
202607	230S10200	34	賃借料	351248.0	351248.0	349985.0	6.8	99.6	99.6
202607	230S10200	35	賃貸料収入	-22630.0	-22630.0	-22630.0	0.0	0.0	0.0
202607	230S10200	36	修繕費	0.0	0.0	0.0	0.0	0.0	0.0
202607	230S10200	37	支払リース料	0.0	0.0	0.0	0.0	0.0	0.0
202607	230S10200	38	保険料	1533.0	1533.0	1533.0	0.0	100.0	100.0
202607	230S10200	39	支払報酬	0.0	0.0	0.0	0.0	0.0	0.0
202607	230S10200	40	販売手数料	0.0	0.0	0.0	0.0	0.0	0.0
202607	230S10200	41	支払手数料	10396.0	10396.0	15861.0	0.3	152.5	152.5
202607	230S10200	42	診断料	0.0	0.0	0.0	0.0	0.0	0.0
202607	230S10200	43	諸会費	3000.0	3000.0	500.0	0.0	16.6	16.6
202607	230S10200	44	会議費	0.0	0.0	0.0	0.0	0.0	0.0
202607	230S10200	45	寄付金	0.0	0.0	0.0	0.0	0.0	0.0
202607	230S10200	46	租税公課	7000.0	7000.0	27400.0	0.5	391.4	391.4
202607	230S10200	47	業務委託費	0.0	0.0	0.0	0.0	0.0	0.0
202607	230S10200	48	業務受託収入	0.0	0.0	0.0	0.0	0.0	0.0
202607	230S10200	49	システム管理料	0.0	0.0	0.0	0.0	0.0	0.0
202607	230S10200	50	情報機器利用料	615880.0	615880.0	623416.0	12.2	101.2	101.2
202607	230S10200	51	貸倒金	0.0	0.0	0.0	0.0	0.0	0.0
202607	230S10200	52	雑費	5780.0	5780.0	10333.0	0.2	178.7	178.7
202607	230S10200	53	福利消耗品費	80000.0	80000.0	0.0	0.0	0.0	0.0
202607	230S10200	54	教育研修費	60000.0	50000.0	1436.0	0.0	2.8	2.3
202607	230S10200	55	廃棄損・減耗損	0.0	0.0	0.0	0.0	0.0	0.0
202607	230S10200	56	雑給	0.0	0.0	0.0	0.0	0.0	0.0
202607	230S10200	57	社内金利（固定資産）	0.0	0.0	0.0	0.0	0.0	0.0
202607	230S10200	58	社内金利（売掛金）	13000.0	13000.0	17291.0	0.3	133.0	133.0
202607	230S10200	59	社内金利（在庫）	32000.0	32000.0	60967.0	1.1	190.5	190.5
202607	230S10200	60	開発口銭	0.0	0.0	0.0	0.0	0.0	0.0
202607	230S10200	61	部門共通（経費）	1833125.0	1920474.0	1988902.0	39.0	103.5	108.4
202607	230S10200	62	グループ共通	251200.0	251200.0	251200.0	4.9	100.0	100.0
202607	230S10200	63	差引収益	6070327.0	4057728.0	4739346.0		116.7	78.0
202607	230S10200	64	差引比率	10.1	8.4	9.1		108.3	90.0
202607	230S10200	65	総時間	2960.0	2909.25	2855.0		98.1	96.4
202607	230S10200	66	定時間	1738.0	1738.0	1684.25	58.9	96.9	96.9
202607	230S10200	67	残業時間	300.0	260.0	265.5	9.2	102.1	88.5
202607	230S10200	68	移動時間	67.0	67.0	67.0	2.3	100.0	100.0
202607	230S10200	69	部門共通（時間）	855.0	844.25	838.25	29.3	99.2	98.0
202607	230S10200	70	当月時間当り	2050.7	1394.7	1660.0		119.0	80.9
202607	230S10200	71	人員	10.0	10.0	10.0		100.0	100.0
202607	230S10300	1	総受注高	58500000.0	48290455.0	48336713.0		100.0	82.6
202607	230S10300	2	【新築】受注高	0.0	0.0	-1100000.0	0.0	0.0	0.0
202607	230S10300	3	【リフォ】受注高	25500000.0	15290455.0	18124224.0	37.4	118.5	71.0
202607	230S10300	4	【資材】受注高	33000000.0	33000000.0	31312489.0	64.7	94.8	94.8
202607	230S10300	5	総売上高	60000000.0	48165000.0	51751684.0		107.4	86.2
202607	230S10300	6	【新築】売上高	0.0	0.0	0.0	0.0	0.0	0.0
202607	230S10300	7	【リフォ】売上高	22500000.0	10665000.0	9801753.0	18.9	91.9	43.5
202607	230S10300	8	【資材】売上高	37500000.0	37500000.0	41949931.0	81.0	111.8	111.8
202607	230S10300	9	【新築】インセンティブ	0.0	0.0	0.0	0.0	0.0	0.0
202607	230S10300	10	【リフォ】インセンティブ	0.0	0.0	0.0	0.0	0.0	0.0
202607	230S10300	11	【資材】インセンティブ	0.0	0.0	0.0	0.0	0.0	0.0
202607	230S10300	12	収益①（営業口銭）	3375000.0	1599750.0	1470261.0		91.9	43.5
202607	230S10300	13	【新築】収益①(営業口銭)	0.0	0.0	0.0		0.0	0.0
202607	230S10300	14	【リフォ】収益①(営業口銭)	3375000.0	1599750.0	1470261.0		91.9	43.5
202607	230S10300	15	【資材】売上原価	30000000.0	30000000.0	33591014.0		111.9	111.9
202607	230S10300	16	収益②（資材）	7500000.0	7500000.0	8358917.0		111.4	111.4
202607	230S10300	17	総収益	10875000.0	9099750.0	9829178.0		108.0	90.3
202607	230S10300	18	総出荷	22500000.0	10665000.0	9801753.0		91.9	43.5
202607	230S10300	19	社外売	22500000.0	10665000.0	9801753.0	100.0	91.9	43.5
202607	230S10300	20	社内売	0.0	0.0	0.0	0.0	0.0	0.0
202607	230S10300	21	社内仕入	9033734.0	1243637.0	9556606.0		768.4	105.7
202607	230S10300	22	仕掛1	0.0	0.0	0.0		0.0	0.0
202607	230S10300	23	総生産	13466266.0	9421363.0	245147.0		2.6	1.8
202607	230S10300	24	経費合計	34921331.0	42246610.0	58939838.0		139.5	168.7
202607	230S10300	25	経費合計(原価)	25720000.0	34637734.0	51586335.0	87.5	148.9	200.5
202607	230S10300	26	仕掛2	0.0	0.0	0.0	0.0	0.0	0.0
202607	230S10300	27	商品仕入高	15321600.0	19652953.0	30100808.0	58.3	153.1	196.4
202607	230S10300	28	原材料費	0.0	0.0	0.0	0.0	0.0	0.0
202607	230S10300	29	外注加工費	9592000.0	13950415.0	20431662.0	39.6	146.4	213.0
202607	230S10300	30	その他 直接経費	806400.0	1034366.0	1053865.0	2.0	101.8	130.6
202607	230S10300	31	他勘定振替高	0.0	0.0	0.0	0.0	0.0	0.0
202607	230S10300	32	経費合計（販管費）	9201331.0	7608876.0	7353503.0	12.4	96.6	79.9
202607	230S10300	33	減価償却費	32290.0	0.0	0.0	0.0	0.0	0.0
202607	230S10300	34	車両費	831173.0	831173.0	818701.0	11.1	98.4	98.4
202607	230S10300	35	旅費交通費	295000.0	295000.0	282761.0	3.8	95.8	95.8
202607	230S10300	36	荷造運搬費	2000.0	2000.0	128340.0	1.7		
202607	230S10300	37	通信費	69995.0	69995.0	77698.0	1.0	111.0	111.0
202607	230S10300	38	水道光熱費	37550.0	37550.0	40408.0	0.5	107.6	107.6
202607	230S10300	39	動力費	0.0	0.0	0.0	0.0	0.0	0.0
202607	230S10300	40	事務用品費	26869.0	26869.0	27355.0	0.3	101.8	101.8
202607	230S10300	41	消耗品費	7000.0	7000.0	627.0	0.0	8.9	8.9
202607	230S10300	42	廃棄物処理料	148000.0	148000.0	163050.0	2.2	110.1	110.1
202607	230S10300	43	広告宣伝費	50000.0	50000.0	49289.0	0.6	98.5	98.5
202607	230S10300	44	接待交際費	10000.0	120000.0	118780.0	1.6	98.9	
202607	230S10300	45	研究開発費	0.0	0.0	0.0	0.0	0.0	0.0
202607	230S10300	46	アフターサービス費	0.0	0.0	0.0	0.0	0.0	0.0
202607	230S10300	47	クレーム費	350000.0	400000.0	299920.0	4.0	74.9	85.6
202607	230S10300	48	賃借料	395465.0	390229.0	388966.0	5.2	99.6	98.3
202607	230S10300	49	賃貸料収入	-22630.0	-22630.0	-22630.0	0.0	0.0	0.0
202607	230S10300	50	修繕費	0.0	0.0	0.0	0.0	0.0	0.0
202607	230S10300	51	支払リース料	0.0	0.0	0.0	0.0	0.0	0.0
202607	230S10300	52	保険料	1533.0	1533.0	1533.0	0.0	100.0	100.0
202607	230S10300	53	支払報酬	0.0	0.0	0.0	0.0	0.0	0.0
202607	230S10300	54	販売手数料	0.0	0.0	0.0	0.0	0.0	0.0
202607	230S10300	55	支払手数料	10396.0	10396.0	15861.0	0.2	152.5	152.5
202607	230S10300	56	診断料	0.0	0.0	0.0	0.0	0.0	0.0
202607	230S10300	57	諸会費	3000.0	3000.0	500.0	0.0	16.6	16.6
202607	230S10300	58	会議費	0.0	0.0	0.0	0.0	0.0	0.0
202607	230S10300	59	寄付金	0.0	0.0	0.0	0.0	0.0	0.0
202607	230S10300	60	租税公課	7000.0	7000.0	27400.0	0.3	391.4	391.4
202607	230S10300	61	業務委託費	0.0	0.0	0.0	0.0	0.0	0.0
202607	230S10300	62	業務受託収入	0.0	0.0	0.0	0.0	0.0	0.0
202607	230S10300	63	システム管理料	0.0	0.0	0.0	0.0	0.0	0.0
202607	230S10300	64	情報機器利用料	724820.0	691220.0	698756.0	9.5	101.0	96.4
202607	230S10300	65	貸倒金	0.0	0.0	0.0	0.0	0.0	0.0
202607	230S10300	66	雑費	6330.0	6330.0	10935.0	0.1	172.7	172.7
202607	230S10300	67	福利消耗品費	80000.0	80000.0	0.0	0.0	0.0	0.0
202607	230S10300	68	教育研修費	60000.0	50000.0	1436.0	0.0	2.8	2.3
202607	230S10300	69	廃棄損・減耗損	0.0	0.0	0.0	0.0	0.0	0.0
202607	230S10300	70	雑給	0.0	0.0	0.0	0.0	0.0	0.0
202607	230S10300	71	社内金利（固定資産）	0.0	0.0	0.0	0.0	0.0	0.0
202607	230S10300	72	社内金利（売掛金）	13000.0	13000.0	17291.0	0.2	133.0	133.0
202607	230S10300	73	社内金利（在庫）	32000.0	32000.0	60967.0	0.8	190.5	190.5
202607	230S10300	74	営業口銭①（新築）	0.0	0.0	0.0	0.0	0.0	0.0
202607	230S10300	75	営業口銭②（リフォ）	3375000.0	1599750.0	1470261.0	19.9	91.9	43.5
202607	230S10300	76	開発口銭	0.0	0.0	0.0	0.0	0.0	0.0
202607	230S10300	77	部門共通（経費）	2353840.0	2457761.0	2373598.0	32.2	96.5	100.8
202607	230S10300	78	グループ共通	301700.0	301700.0	301700.0	4.1	100.0	100.0
202607	230S10300	79	差引収益	-10580065.0	-23725497.0	-48865513.0		0.0	0.0
202607	230S10300	80	差引比率	-14.4	-41.1	-93.9		0.0	0.0
202607	230S10300	81	総時間	3684.25	3621.25	3574.25		98.7	97.0
202607	230S10300	82	定時間	2098.0	2098.0	2052.25	57.4	97.8	97.8
202607	230S10300	83	残業時間	380.0	340.0	347.25	9.7	102.1	91.3
202607	230S10300	84	移動時間	67.0	67.0	67.0	1.8	100.0	100.0
202607	230S10300	85	部門共通（時間）	1139.25	1116.25	1107.75	30.9	99.2	97.2
202607	230S10300	86	当月時間当り	-2871.7	-6551.7	-13671.5		0.0	0.0
202607	230S10300	87	人員	12.0	12.0	12.0		100.0	100.0
202607	230S30101	1	総出荷	22500000.0	10665000.0	9801753.0		91.9	43.5
202607	230S30101	2	社外売	22500000.0	10665000.0	9801753.0	100.0	91.9	43.5
202607	230S30101	3	社内売	0.0	0.0	0.0	0.0	0.0	0.0
202607	230S30101	4	社内仕入	9033734.0	1243637.0	9556606.0		768.4	105.7
202607	230S30101	5	仕掛1	0.0	0.0	0.0		0.0	0.0
202607	230S30101	6	総生産	13466266.0	9421363.0	245147.0		2.6	1.8
202607	230S30101	7	経費合計	30116658.0	37204588.0	53850006.0		144.7	178.8
202607	230S30101	8	経費合計(原価)	25720000.0	34637734.0	51586335.0	95.7	148.9	200.5
202607	230S30101	9	仕掛2	0.0	0.0	0.0	0.0	0.0	0.0
202607	230S30101	10	商品仕入高	15321600.0	19652953.0	30100808.0	58.3	153.1	196.4
202607	230S30101	11	原材料費	0.0	0.0	0.0	0.0	0.0	0.0
202607	230S30101	12	外注加工費	9592000.0	13950415.0	20431662.0	39.6	146.4	213.0
202607	230S30101	13	その他 直接経費	806400.0	1034366.0	1053865.0	2.0	101.8	130.6
202607	230S30101	14	他勘定振替高	0.0	0.0	0.0	0.0	0.0	0.0
202607	230S30101	15	経費合計（販管費）	4396658.0	2566854.0	2263671.0	4.2	88.1	51.4
202607	230S30101	16	減価償却費	32290.0	0.0	0.0	0.0	0.0	0.0
202607	230S30101	17	車両費	158446.0	158446.0	154212.0	6.8	97.3	97.3
202607	230S30101	18	旅費交通費	60000.0	60000.0	47650.0	2.1	79.4	79.4
202607	230S30101	19	荷造運搬費	0.0	0.0	0.0	0.0	0.0	0.0
202607	230S30101	20	通信費	8000.0	8000.0	7706.0	0.3	96.3	96.3
202607	230S30101	21	水道光熱費	5000.0	5000.0	6061.0	0.2	121.2	121.2
202607	230S30101	22	動力費	0.0	0.0	0.0	0.0	0.0	0.0
202607	230S30101	23	事務用品費	3000.0	3000.0	3205.0	0.1	106.8	106.8
202607	230S30101	24	消耗品費	0.0	0.0	0.0	0.0	0.0	0.0
202607	230S30101	25	廃棄物処理料	30000.0	30000.0	24457.0	1.0	81.5	81.5
202607	230S30101	26	広告宣伝費	0.0	0.0	0.0	0.0	0.0	0.0
202607	230S30101	27	接待交際費	0.0	0.0	0.0	0.0	0.0	0.0
202607	230S30101	28	研究開発費	0.0	0.0	0.0	0.0	0.0	0.0
202607	230S30101	29	アフターサービス費	0.0	0.0	0.0	0.0	0.0	0.0
202607	230S30101	30	クレーム費	0.0	0.0	0.0	0.0	0.0	0.0
202607	230S30101	31	賃借料	44217.0	38981.0	38981.0	1.7	100.0	88.1
202607	230S30101	32	賃貸料収入	0.0	0.0	0.0	0.0	0.0	0.0
202607	230S30101	33	修繕費	0.0	0.0	0.0	0.0	0.0	0.0
202607	230S30101	34	支払リース料	0.0	0.0	0.0	0.0	0.0	0.0
202607	230S30101	35	保険料	0.0	0.0	0.0	0.0	0.0	0.0
202607	230S30101	36	支払報酬	0.0	0.0	0.0	0.0	0.0	0.0
202607	230S30101	37	販売手数料	0.0	0.0	0.0	0.0	0.0	0.0
202607	230S30101	38	支払手数料	0.0	0.0	0.0	0.0	0.0	0.0
202607	230S30101	39	診断料	0.0	0.0	0.0	0.0	0.0	0.0
202607	230S30101	40	諸会費	0.0	0.0	0.0	0.0	0.0	0.0
202607	230S30101	41	会議費	0.0	0.0	0.0	0.0	0.0	0.0
202607	230S30101	42	寄付金	0.0	0.0	0.0	0.0	0.0	0.0
202607	230S30101	43	租税公課	0.0	0.0	0.0	0.0	0.0	0.0
202607	230S30101	44	業務委託費	0.0	0.0	0.0	0.0	0.0	0.0
202607	230S30101	45	業務受託収入	0.0	0.0	0.0	0.0	0.0	0.0
202607	230S30101	46	システム管理料	0.0	0.0	0.0	0.0	0.0	0.0
202607	230S30101	47	情報機器利用料	108940.0	75340.0	75340.0	3.3	100.0	69.1
202607	230S30101	48	貸倒金	0.0	0.0	0.0	0.0	0.0	0.0
202607	230S30101	49	雑費	550.0	550.0	602.0	0.0	109.4	109.4
202607	230S30101	50	福利消耗品費	0.0	0.0	0.0	0.0	0.0	0.0
202607	230S30101	51	教育研修費	0.0	0.0	0.0	0.0	0.0	0.0
202607	230S30101	52	廃棄損・減耗損	0.0	0.0	0.0	0.0	0.0	0.0
202607	230S30101	53	雑給	0.0	0.0	0.0	0.0	0.0	0.0
202607	230S30101	54	社内金利（固定資産）	0.0	0.0	0.0	0.0	0.0	0.0
202607	230S30101	55	社内金利（売掛金）	0.0	0.0	0.0	0.0	0.0	0.0
202607	230S30101	56	社内金利（在庫）	0.0	0.0	0.0	0.0	0.0	0.0
202607	230S30101	57	営業口銭①（新築）	0.0	0.0	0.0	0.0	0.0	0.0
202607	230S30101	58	営業口銭②（リフォ）	3375000.0	1599750.0	1470261.0	64.9	91.9	43.5
202607	230S30101	59	開発口銭	0.0	0.0	0.0	0.0	0.0	0.0
202607	230S30101	60	部門共通（経費）	520715.0	537287.0	384696.0	16.9	71.5	73.8
202607	230S30101	61	グループ共通	50500.0	50500.0	50500.0	2.2	100.0	100.0
202607	230S30101	62	差引収益	-16650392.0	-27783225.0	-53604859.0		0.0	0.0
202607	230S30101	63	差引比率	-123.6	-294.8	-21866.4		0.0	0.0
202607	230S30101	64	総時間	724.25	712.0	719.25		101.0	99.3
202607	230S30101	65	定時間	360.0	360.0	368.0	51.1	102.2	102.2
202607	230S30101	66	残業時間	80.0	80.0	81.75	11.3	102.1	102.1
202607	230S30101	67	移動時間	0.0	0.0	0.0	0.0	0.0	0.0
202607	230S30101	68	部門共通（時間）	284.25	272.0	269.5	37.4	99.0	94.8
202607	230S30101	69	当月時間当り	-22989.8	-39021.3	-74528.8		0.0	0.0
202607	230S30101	70	人員	2.0	2.0	2.0		100.0	100.0
202607	210A10300	1	総受注高	59000000.0	81761000.0	72682163.0		88.8	123.1
202607	210A10300	2	【新築】受注高	0.0	5500000.0	6150000.0	8.4	111.8	0.0
202607	210A10300	3	【リフォ】受注高	30000000.0	47261000.0	33588597.0	46.2	71.0	111.9
202607	210A10300	4	【資材】受注高	29000000.0	29000000.0	32943566.0	45.3	113.5	113.5
202607	210A10300	5	総売上高	62000000.0	42280000.0	52838927.0		124.9	85.2
202607	210A10300	6	【新築】売上高	0.0	0.0	0.0	0.0	0.0	0.0
202607	210A10300	7	【リフォ】売上高	35000000.0	15280000.0	22799864.0	43.1	149.2	65.1
202607	210A10300	8	【資材】売上高	27000000.0	27000000.0	30039063.0	56.8	111.2	111.2
202607	210A10300	9	【新築】インセンティブ	0.0	0.0	0.0	0.0	0.0	0.0
202607	210A10300	10	【リフォ】インセンティブ	0.0	0.0	0.0	0.0	0.0	0.0
202607	210A10300	11	【資材】インセンティブ	0.0	0.0	0.0	0.0	0.0	0.0
202607	210A10300	12	収益①（営業口銭）	5250000.0	2292000.0	3419977.0		149.2	65.1
202607	210A10300	13	【新築】収益①(営業口銭)	0.0	0.0	0.0		0.0	0.0
202607	210A10300	14	【リフォ】収益①(営業口銭)	5250000.0	2292000.0	3419977.0		149.2	65.1
202607	210A10300	15	【資材】売上原価	21600000.0	21600000.0	21997069.0		101.8	101.8
202607	210A10300	16	収益②（資材）	5400000.0	5400000.0	8041994.0		148.9	148.9
202607	210A10300	17	総収益	10650000.0	7692000.0	11461971.0		149.0	107.6
202607	210A10300	18	経費合計	5303607.0	5590676.0	6137350.0		109.7	115.7
202607	210A10300	19	減価償却費	453147.0	453147.0	453147.0	7.3	100.0	100.0
202607	210A10300	20	車両費	691000.0	691000.0	976852.0	15.9	141.3	141.3
202607	210A10300	21	旅費交通費	170000.0	310000.0	339262.0	5.5	109.4	199.5
202607	210A10300	22	荷造運搬費	25000.0	25000.0	405.0	0.0	1.6	1.6
202607	210A10300	23	通信費	63000.0	63000.0	67440.0	1.0	107.0	107.0
202607	210A10300	24	水道光熱費	58000.0	58000.0	56712.0	0.9	97.7	97.7
202607	210A10300	25	動力費	0.0	0.0	0.0	0.0	0.0	0.0
202607	210A10300	26	事務用品費	30000.0	30000.0	7336.0	0.1	24.4	24.4
202607	210A10300	27	消耗品費	12000.0	20000.0	17638.0	0.2	88.1	146.9
202607	210A10300	28	廃棄物処理料	10000.0	10000.0	-58384.0	0.0	0.0	0.0
202607	210A10300	29	広告宣伝費	130000.0	60000.0	57637.0	0.9	96.0	44.3
202607	210A10300	30	接待交際費	45000.0	120000.0	44740.0	0.7	37.2	99.4
202607	210A10300	31	研究開発費	0.0	0.0	0.0	0.0	0.0	0.0
202607	210A10300	32	アフターサービス費	0.0	0.0	0.0	0.0	0.0	0.0
202607	210A10300	33	クレーム費	0.0	0.0	0.0	0.0	0.0	0.0
202607	210A10300	34	賃借料	543000.0	543000.0	597830.0	9.7	110.0	110.0
202607	210A10300	35	賃貸料収入	-42260.0	-42260.0	-32260.0	0.0	0.0	0.0
202607	210A10300	36	修繕費	0.0	0.0	0.0	0.0	0.0	0.0
202607	210A10300	37	支払リース料	23723.0	23723.0	27035.0	0.4	113.9	113.9
202607	210A10300	38	保険料	222090.0	222090.0	180890.0	2.9	81.4	81.4
202607	210A10300	39	支払報酬	0.0	0.0	0.0	0.0	0.0	0.0
202607	210A10300	40	販売手数料	0.0	0.0	0.0	0.0	0.0	0.0
202607	210A10300	41	支払手数料	46700.0	46700.0	261836.0	4.2	560.6	560.6
202607	210A10300	42	診断料	0.0	0.0	0.0	0.0	0.0	0.0
202607	210A10300	43	諸会費	28000.0	28000.0	37100.0	0.6	132.5	132.5
202607	210A10300	44	会議費	0.0	0.0	0.0	0.0	0.0	0.0
202607	210A10300	45	寄付金	0.0	0.0	0.0	0.0	0.0	0.0
202607	210A10300	46	租税公課	20000.0	20000.0	11104.0	0.1	55.5	55.5
202607	210A10300	47	業務委託費	0.0	0.0	0.0	0.0	0.0	0.0
202607	210A10300	48	業務受託収入	0.0	0.0	0.0	0.0	0.0	0.0
202607	210A10300	49	システム管理料	0.0	0.0	0.0	0.0	0.0	0.0
202607	210A10300	50	情報機器利用料	745690.0	745690.0	740696.0	12.0	99.3	99.3
202607	210A10300	51	貸倒金	0.0	0.0	0.0	0.0	0.0	0.0
202607	210A10300	52	雑費	10000.0	10000.0	7075.0	0.1	70.7	70.7
202607	210A10300	53	福利消耗品費	2000.0	2000.0	49318.0	0.8		
202607	210A10300	54	教育研修費	54000.0	112000.0	78953.0	1.2	70.4	146.2
202607	210A10300	55	廃棄損・減耗損	0.0	0.0	104323.0	1.6	0.0	0.0
202607	210A10300	56	雑給	0.0	0.0	0.0	0.0	0.0	0.0
202607	210A10300	57	社内金利（固定資産）	83180.0	83180.0	83180.0	1.3	100.0	100.0
202607	210A10300	58	社内金利（売掛金）	0.0	0.0	0.0	0.0	0.0	0.0
202607	210A10300	59	社内金利（在庫）	50000.0	50000.0	99711.0	1.6	199.4	199.4
202607	210A10300	60	開発口銭	0.0	0.0	0.0	0.0	0.0	0.0
202607	210A10300	61	部門共通（経費）	1503437.0	1579506.0	1600874.0	26.0	101.3	106.4
202607	210A10300	62	グループ共通	326900.0	326900.0	326900.0	5.3	100.0	100.0
202607	210A10300	63	差引収益	5346393.0	2101324.0	5324621.0		253.3	99.5
202607	210A10300	64	差引比率	8.6	4.9	10.0		204.0	116.2
202607	210A10300	65	総時間	3318.75	3397.0	3284.0		96.6	98.9
202607	210A10300	66	定時間	2215.0	2356.0	2265.0	68.9	96.1	102.2
202607	210A10300	67	残業時間	245.0	366.0	369.75	11.2	101.0	150.9
202607	210A10300	68	移動時間	149.0	-27.0	-45.0	0.0	0.0	0.0
202607	210A10300	69	部門共通（時間）	709.75	702.0	694.25	21.1	98.8	97.8
202607	210A10300	70	当月時間当り	1610.9	618.5	1621.3		262.1	100.6
202607	210A10300	71	人員	13.0	14.0	14.0		100.0	107.6
202607	210A30200	1	総出荷	35000000.0	15280000.0	22799864.0		149.2	65.1
202607	210A30200	2	社外売	35000000.0	15280000.0	22799864.0	100.0	149.2	65.1
202607	210A30200	3	社内売	0.0	0.0	0.0	0.0	0.0	0.0
202607	210A30200	4	社内仕入	2617000.0	3590095.0	2770600.0		77.1	105.8
202607	210A30200	5	仕掛1	0.0	0.0	0.0		0.0	0.0
202607	210A30200	6	総生産	32383000.0	11689905.0	20029264.0		171.3	61.8
202607	210A30200	7	経費合計	29750469.0	50041323.0	58392873.0		116.6	196.2
202607	210A30200	8	経費合計(原価)	23553000.0	46790608.0	54145053.0	92.7	115.7	229.8
202607	210A30200	9	仕掛2	0.0	0.0	0.0	0.0	0.0	0.0
202607	210A30200	10	商品仕入高	12367000.0	4425548.0	15487943.0	28.6	349.9	125.2
202607	210A30200	11	原材料費	0.0	0.0	0.0	0.0	0.0	0.0
202607	210A30200	12	外注加工費	10467500.0	40501060.0	37043150.0	68.4	91.4	353.8
202607	210A30200	13	その他 直接経費	718500.0	1864000.0	1613960.0	2.9	86.5	224.6
202607	210A30200	14	他勘定振替高	0.0	0.0	0.0	0.0	0.0	0.0
202607	210A30200	15	経費合計（販管費）	6197469.0	3250715.0	4247820.0	7.2	130.6	68.5
202607	210A30200	16	減価償却費	0.0	0.0	0.0	0.0	0.0	0.0
202607	210A30200	17	車両費	151000.0	151000.0	78344.0	1.8	51.8	51.8
202607	210A30200	18	旅費交通費	80000.0	80000.0	100946.0	2.3	126.1	126.1
202607	210A30200	19	荷造運搬費	0.0	0.0	0.0	0.0	0.0	0.0
202607	210A30200	20	通信費	8000.0	8000.0	7400.0	0.1	92.5	92.5
202607	210A30200	21	水道光熱費	90000.0	90000.0	5978.0	0.1	6.6	6.6
202607	210A30200	22	動力費	0.0	0.0	0.0	0.0	0.0	0.0
202607	210A30200	23	事務用品費	5000.0	5000.0	0.0	0.0	0.0	0.0
202607	210A30200	24	消耗品費	2000.0	2000.0	1352.0	0.0	67.6	67.6
202607	210A30200	25	廃棄物処理料	100000.0	100000.0	126711.0	2.9	126.7	126.7
202607	210A30200	26	広告宣伝費	0.0	0.0	0.0	0.0	0.0	0.0
202607	210A30200	27	接待交際費	0.0	0.0	0.0	0.0	0.0	0.0
202607	210A30200	28	研究開発費	0.0	0.0	0.0	0.0	0.0	0.0
202607	210A30200	29	アフターサービス費	0.0	0.0	0.0	0.0	0.0	0.0
202607	210A30200	30	クレーム費	0.0	0.0	0.0	0.0	0.0	0.0
202607	210A30200	31	賃借料	40000.0	40000.0	38885.0	0.9	97.2	97.2
202607	210A30200	32	賃貸料収入	0.0	0.0	0.0	0.0	0.0	0.0
202607	210A30200	33	修繕費	0.0	0.0	0.0	0.0	0.0	0.0
202607	210A30200	34	支払リース料	3389.0	3389.0	3175.0	0.0	93.6	93.6
202607	210A30200	35	保険料	0.0	0.0	48170.0	1.1	0.0	0.0
202607	210A30200	36	支払報酬	0.0	0.0	0.0	0.0	0.0	0.0
202607	210A30200	37	販売手数料	0.0	0.0	0.0	0.0	0.0	0.0
202607	210A30200	38	支払手数料	1500.0	1500.0	2832.0	0.0	188.8	188.8
202607	210A30200	39	診断料	0.0	0.0	0.0	0.0	0.0	0.0
202607	210A30200	40	諸会費	0.0	0.0	0.0	0.0	0.0	0.0
202607	210A30200	41	会議費	0.0	0.0	0.0	0.0	0.0	0.0
202607	210A30200	42	寄付金	0.0	0.0	0.0	0.0	0.0	0.0
202607	210A30200	43	租税公課	0.0	0.0	0.0	0.0	0.0	0.0
202607	210A30200	44	業務委託費	0.0	0.0	0.0	0.0	0.0	0.0
202607	210A30200	45	業務受託収入	0.0	0.0	0.0	0.0	0.0	0.0
202607	210A30200	46	システム管理料	0.0	0.0	0.0	0.0	0.0	0.0
202607	210A30200	47	情報機器利用料	108940.0	108940.0	108940.0	2.5	100.0	100.0
202607	210A30200	48	貸倒金	0.0	0.0	0.0	0.0	0.0	0.0
202607	210A30200	49	雑費	1000.0	1000.0	688.0	0.0	68.8	68.8
202607	210A30200	50	福利消耗品費	0.0	0.0	8600.0	0.2	0.0	0.0
202607	210A30200	51	教育研修費	500.0	500.0	0.0	0.0	0.0	0.0
202607	210A30200	52	廃棄損・減耗損	0.0	0.0	0.0	0.0	0.0	0.0
202607	210A30200	53	雑給	0.0	0.0	0.0	0.0	0.0	0.0
202607	210A30200	54	社内金利（固定資産）	0.0	0.0	0.0	0.0	0.0	0.0
202607	210A30200	55	社内金利（売掛金）	0.0	0.0	0.0	0.0	0.0	0.0
202607	210A30200	56	社内金利（在庫）	0.0	0.0	0.0	0.0	0.0	0.0
202607	210A30200	57	営業口銭①（新築）	0.0	0.0	0.0	0.0	0.0	0.0
202607	210A30200	58	営業口銭②（リフォ）	5250000.0	2292000.0	3419977.0	80.5	149.2	65.1
202607	210A30200	59	開発口銭	0.0	0.0	0.0	0.0	0.0	0.0
202607	210A30200	60	部門共通（経費）	305640.0	316886.0	245322.0	5.7	77.4	80.2
202607	210A30200	61	グループ共通	50500.0	50500.0	50500.0	1.1	100.0	100.0
202607	210A30200	62	差引収益	2632531.0	-38351418.0	-38363609.0		0.0	0.0
202607	210A30200	63	差引比率	8.1	-328.0	-191.5		0.0	0.0
202607	210A30200	64	総時間	590.75	637.5	607.75		95.3	102.8
202607	210A30200	65	定時間	368.0	352.0	323.0	53.1	91.7	87.7
202607	210A30200	66	残業時間	60.0	70.0	62.25	10.2	88.9	103.7
202607	210A30200	67	移動時間	0.0	60.0	69.0	11.3	115.0	0.0
202607	210A30200	68	部門共通（時間）	162.75	155.5	153.5	25.2	98.7	94.3
202607	210A30200	69	当月時間当り	4456.2	-60159.0	-63123.9		0.0	0.0
202607	210A30200	70	人員	2.0	2.0	2.0		100.0	100.0
202607	230C30500	1	総出荷	0.0	0.0	0.0		0.0	0.0
202607	230C30500	2	社外売	0.0	0.0	0.0	0.0	0.0	0.0
202607	230C30500	3	社内売	0.0	0.0	0.0	0.0	0.0	0.0
202607	230C30500	4	社内仕入	0.0	0.0	0.0		0.0	0.0
202607	230C30500	5	仕掛1	0.0	0.0	0.0		0.0	0.0
202607	230C30500	6	総生産	0.0	0.0	0.0		0.0	0.0
202607	230C30500	7	経費合計	0.0	0.0	0.0		0.0	0.0
202607	230C30500	8	経費合計(原価)	0.0	0.0	0.0	0.0	0.0	0.0
202607	230C30500	9	仕掛2	0.0	0.0	0.0	0.0	0.0	0.0
202607	230C30500	10	商品仕入高	0.0	0.0	0.0	0.0	0.0	0.0
202607	230C30500	11	原材料費	0.0	0.0	0.0	0.0	0.0	0.0
202607	230C30500	12	外注加工費	0.0	0.0	0.0	0.0	0.0	0.0
202607	230C30500	13	その他 直接経費	0.0	0.0	0.0	0.0	0.0	0.0
202607	230C30500	14	他勘定振替高	0.0	0.0	0.0	0.0	0.0	0.0
202607	230C30500	15	経費合計（販管費）	0.0	0.0	0.0	0.0	0.0	0.0
202607	230C30500	16	減価償却費	4421.0	4421.0	4421.0	0.0	100.0	100.0
202607	230C30500	17	車両費	303382.0	262863.0	269319.0	0.0	102.4	88.7
202607	230C30500	18	旅費交通費	10000.0	10000.0	7369.0	0.0	73.6	73.6
202607	230C30500	19	荷造運搬費	0.0	0.0	0.0	0.0	0.0	0.0
202607	230C30500	20	通信費	10910.0	10920.0	10827.0	0.0	99.1	99.2
202607	230C30500	21	水道光熱費	12000.0	12000.0	11002.0	0.0	91.6	91.6
202607	230C30500	22	動力費	0.0	0.0	0.0	0.0	0.0	0.0
202607	230C30500	23	事務用品費	1000.0	1000.0	0.0	0.0	0.0	0.0
202607	230C30500	24	消耗品費	0.0	0.0	874.0	0.0	0.0	0.0
202607	230C30500	25	廃棄物処理料	0.0	0.0	0.0	0.0	0.0	0.0
202607	230C30500	26	広告宣伝費	0.0	0.0	0.0	0.0	0.0	0.0
202607	230C30500	27	接待交際費	0.0	0.0	0.0	0.0	0.0	0.0
202607	230C30500	28	研究開発費	0.0	0.0	0.0	0.0	0.0	0.0
202607	230C30500	29	アフターサービス費	0.0	0.0	0.0	0.0	0.0	0.0
202607	230C30500	30	クレーム費	0.0	0.0	0.0	0.0	0.0	0.0
202607	230C30500	31	賃借料	295152.0	295152.0	295152.0	0.0	100.0	100.0
202607	230C30500	32	賃貸料収入	-37000.0	-39091.0	-39091.0	0.0	0.0	0.0
202607	230C30500	33	修繕費	80000.0	50000.0	0.0	0.0	0.0	0.0
202607	230C30500	34	支払リース料	1201.0	4100.0	1200.0	0.0	29.2	99.9
202607	230C30500	35	保険料	498380.0	498380.0	498380.0	0.0	100.0	100.0
202607	230C30500	36	支払報酬	0.0	0.0	0.0	0.0	0.0	0.0
202607	230C30500	37	販売手数料	0.0	0.0	0.0	0.0	0.0	0.0
202607	230C30500	38	支払手数料	0.0	0.0	440.0	0.0	0.0	0.0
202607	230C30500	39	診断料	0.0	0.0	0.0	0.0	0.0	0.0
202607	230C30500	40	諸会費	500.0	500.0	500.0	0.0	100.0	100.0
202607	230C30500	41	会議費	0.0	0.0	0.0	0.0	0.0	0.0
202607	230C30500	42	寄付金	0.0	0.0	0.0	0.0	0.0	0.0
202607	230C30500	43	租税公課	0.0	0.0	0.0	0.0	0.0	0.0
202607	230C30500	44	業務委託費	0.0	0.0	0.0	0.0	0.0	0.0
202607	230C30500	45	業務受託収入	0.0	0.0	0.0	0.0	0.0	0.0
202607	230C30500	46	システム管理料	0.0	0.0	0.0	0.0	0.0	0.0
202607	230C30500	47	情報機器利用料	235712.0	235712.0	235712.0	0.0	100.0	100.0
202607	230C30500	48	貸倒金	0.0	0.0	0.0	0.0	0.0	0.0
202607	230C30500	49	雑費	1429.0	1429.0	1328.0	0.0	92.9	92.9
202607	230C30500	50	福利消耗品費	0.0	0.0	0.0	0.0	0.0	0.0
202607	230C30500	51	教育研修費	0.0	0.0	8182.0	0.0	0.0	0.0
202607	230C30500	52	廃棄損・減耗損	0.0	0.0	0.0	0.0	0.0	0.0
202607	230C30500	53	雑給	0.0	0.0	0.0	0.0	0.0	0.0
202607	230C30500	54	社内金利（固定資産）	1076.0	670.0	670.0	0.0	100.0	62.2
202607	230C30500	55	社内金利（売掛金）	0.0	0.0	0.0	0.0	0.0	0.0
202607	230C30500	56	社内金利（在庫）	0.0	0.0	0.0	0.0	0.0	0.0
202607	230C30500	57	営業口銭①（新築）	0.0	0.0	0.0	0.0	0.0	0.0
202607	230C30500	58	営業口銭②（リフォ）	0.0	0.0	0.0	0.0	0.0	0.0
202607	230C30500	59	開発口銭	0.0	0.0	0.0	0.0	0.0	0.0
202607	230C30500	60	部門共通（経費）	-1493963.0	-1423856.0	-1382085.0	0.0	0.0	0.0
202607	230C30500	61	グループ共通	75800.0	75800.0	75800.0	0.0	100.0	100.0
202607	230C30500	62	差引収益	0.0	0.0	0.0		0.0	0.0
202607	230C30500	63	差引比率	0.0	0.0	0.0		0.0	0.0
202607	230C30500	64	総時間	0.0	0.0	0.0		0.0	0.0
202607	230C30500	65	定時間	680.0	656.0	646.75	0.0	98.5	95.1
202607	230C30500	66	残業時間	76.0	61.0	43.0	0.0	70.4	56.5
202607	230C30500	67	移動時間	-41.0	-101.0	-105.75	0.0	0.0	0.0
202607	230C30500	68	部門共通（時間）	-715.0	-616.0	-584.0	0.0	0.0	0.0
202607	230C30500	69	当月時間当り	0.0	0.0	0.0		0.0	0.0
202607	230C30500	70	人員	4.0	4.0	4.0		100.0	100.0
202607	230C30400	1	総出荷	1500000.0	1600000.0	1482808.0		92.6	98.8
202607	230C30400	2	社外売	0.0	0.0	0.0	0.0	0.0	0.0
202607	230C30400	3	社内売	1500000.0	1600000.0	1482808.0	100.0	92.6	98.8
202607	230C30400	4	社内仕入	0.0	0.0	0.0		0.0	0.0
202607	230C30400	5	仕掛1	0.0	0.0	0.0		0.0	0.0
202607	230C30400	6	総生産	1500000.0	1600000.0	1482808.0		92.6	98.8
202607	230C30400	7	経費合計	2324548.0	2077684.0	1518585.0		73.0	65.3
202607	230C30400	8	経費合計(原価)	0.0	0.0	0.0	0.0	0.0	0.0
202607	230C30400	9	仕掛2	0.0	0.0	0.0	0.0	0.0	0.0
202607	230C30400	10	商品仕入高	0.0	0.0	0.0	0.0	0.0	0.0
202607	230C30400	11	原材料費	0.0	0.0	0.0	0.0	0.0	0.0
202607	230C30400	12	外注加工費	0.0	0.0	0.0	0.0	0.0	0.0
202607	230C30400	13	その他 直接経費	0.0	0.0	0.0	0.0	0.0	0.0
202607	230C30400	14	他勘定振替高	0.0	0.0	0.0	0.0	0.0	0.0
202607	230C30400	15	経費合計（販管費）	2324548.0	2077684.0	1518585.0	100.0	73.0	65.3
202607	230C30400	16	減価償却費	4421.0	4421.0	4421.0	0.2	100.0	100.0
202607	230C30400	17	車両費	540994.0	506475.0	503832.0	33.1	99.4	93.1
202607	230C30400	18	旅費交通費	30000.0	30000.0	14023.0	0.9	46.7	46.7
202607	230C30400	19	荷造運搬費	0.0	0.0	0.0	0.0	0.0	0.0
202607	230C30400	20	通信費	24032.0	24042.0	23952.0	1.5	99.6	99.6
202607	230C30400	21	水道光熱費	37958.0	37736.0	33372.0	2.1	88.4	87.9
202607	230C30400	22	動力費	0.0	0.0	0.0	0.0	0.0	0.0
202607	230C30400	23	事務用品費	8689.0	11089.0	6852.0	0.4	61.7	78.8
202607	230C30400	24	消耗品費	671803.0	520019.0	519829.0	34.2	99.9	77.3
202607	230C30400	25	廃棄物処理料	557.0	557.0	2257.0	0.1	405.2	405.2
202607	230C30400	26	広告宣伝費	0.0	0.0	0.0	0.0	0.0	0.0
202607	230C30400	27	接待交際費	0.0	0.0	0.0	0.0	0.0	0.0
202607	230C30400	28	研究開発費	0.0	0.0	0.0	0.0	0.0	0.0
202607	230C30400	29	アフターサービス費	0.0	0.0	0.0	0.0	0.0	0.0
202607	230C30400	30	クレーム費	0.0	0.0	0.0	0.0	0.0	0.0
202607	230C30400	31	賃借料	658038.0	625138.0	534826.0	35.2	85.5	81.2
202607	230C30400	32	賃貸料収入	-111000.0	-97091.0	-81890.0	0.0	0.0	0.0
202607	230C30400	33	修繕費	80000.0	50000.0	0.0	0.0	0.0	0.0
202607	230C30400	34	支払リース料	8530.0	9029.0	5914.0	0.3	65.5	69.3
202607	230C30400	35	保険料	498380.0	498380.0	498380.0	32.8	100.0	100.0
202607	230C30400	36	支払報酬	0.0	0.0	0.0	0.0	0.0	0.0
202607	230C30400	37	販売手数料	0.0	0.0	0.0	0.0	0.0	0.0
202607	230C30400	38	支払手数料	3108.0	3330.0	4127.0	0.2	123.9	132.7
202607	230C30400	39	診断料	0.0	0.0	0.0	0.0	0.0	0.0
202607	230C30400	40	諸会費	5982.0	5982.0	5401.0	0.3	90.2	90.2
202607	230C30400	41	会議費	0.0	0.0	0.0	0.0	0.0	0.0
202607	230C30400	42	寄付金	0.0	0.0	0.0	0.0	0.0	0.0
202607	230C30400	43	租税公課	0.0	0.0	0.0	0.0	0.0	0.0
202607	230C30400	44	業務委託費	0.0	0.0	0.0	0.0	0.0	0.0
202607	230C30400	45	業務受託収入	0.0	0.0	0.0	0.0	0.0	0.0
202607	230C30400	46	システム管理料	0.0	0.0	0.0	0.0	0.0	0.0
202607	230C30400	47	情報機器利用料	394532.0	394532.0	394532.0	25.9	100.0	100.0
202607	230C30400	48	貸倒金	0.0	0.0	0.0	0.0	0.0	0.0
202607	230C30400	49	雑費	5129.0	5129.0	4716.0	0.3	91.9	91.9
202607	230C30400	50	福利消耗品費	164700.0	79330.0	75450.0	4.9	95.1	45.8
202607	230C30400	51	教育研修費	451329.0	451329.0	9105.0	0.5	2.0	2.0
202607	230C30400	52	廃棄損・減耗損	0.0	0.0	0.0	0.0	0.0	0.0
202607	230C30400	53	雑給	0.0	0.0	0.0	0.0	0.0	0.0
202607	230C30400	54	社内金利（固定資産）	1076.0	670.0	670.0	0.0	100.0	62.2
202607	230C30400	55	社内金利（売掛金）	0.0	0.0	0.0	0.0	0.0	0.0
202607	230C30400	56	社内金利（在庫）	0.0	0.0	0.0	0.0	0.0	0.0
202607	230C30400	57	営業口銭①（新築）	0.0	0.0	0.0	0.0	0.0	0.0
202607	230C30400	58	営業口銭②（リフォ）	0.0	0.0	0.0	0.0	0.0	0.0
202607	230C30400	59	開発口銭	0.0	0.0	0.0	0.0	0.0	0.0
202607	230C30400	60	部門共通（経費）	-1430910.0	-1359613.0	-1318384.0	0.0	0.0	0.0
202607	230C30400	61	グループ共通	277200.0	277200.0	277200.0	18.2	100.0	100.0
202607	230C30400	62	差引収益	-824548.0	-477684.0	-35777.0		0.0	0.0
202607	230C30400	63	差引比率	-54.9	-29.8	-2.4		0.0	0.0
202607	230C30400	64	総時間	2184.0	1827.25	1797.75		98.3	82.3
202607	230C30400	65	定時間	2488.0	2152.0	2134.75	118.7	99.1	85.8
202607	230C30400	66	残業時間	323.0	263.0	230.5	12.8	87.6	71.3
202607	230C30400	67	移動時間	20.0	-40.0	-50.5	0.0	0.0	0.0
202607	230C30400	68	部門共通（時間）	-647.0	-547.75	-517.0	0.0	0.0	0.0
202607	230C30400	69	当月時間当り	-377.5	-261.4	-19.9		0.0	0.0
202607	230C30400	70	人員	14.0	13.0	10.0		76.9	71.4
202607	400A10100	1	総出荷	0.0	0.0	0.0		0.0	0.0
202607	400A10100	2	社外売	0.0	0.0	0.0	0.0	0.0	0.0
202607	400A10100	3	社内売	0.0	0.0	0.0	0.0	0.0	0.0
202607	400A10100	4	社内仕入	0.0	0.0	0.0		0.0	0.0
202607	400A10100	5	仕掛1	0.0	0.0	0.0		0.0	0.0
202607	400A10100	6	総生産	0.0	0.0	0.0		0.0	0.0
202607	400A10100	7	経費合計	0.0	0.0	0.0		0.0	0.0
202607	400A10100	8	経費合計(原価)	0.0	0.0	0.0	0.0	0.0	0.0
202607	400A10100	9	仕掛2	0.0	0.0	0.0	0.0	0.0	0.0
202607	400A10100	10	商品仕入高	0.0	0.0	0.0	0.0	0.0	0.0
202607	400A10100	11	原材料費	0.0	0.0	0.0	0.0	0.0	0.0
202607	400A10100	12	外注加工費	0.0	0.0	0.0	0.0	0.0	0.0
202607	400A10100	13	その他 直接経費	0.0	0.0	0.0	0.0	0.0	0.0
202607	400A10100	14	他勘定振替高	0.0	0.0	0.0	0.0	0.0	0.0
202607	400A10100	15	経費合計（販管費）	0.0	0.0	0.0	0.0	0.0	0.0
202607	400A10100	16	減価償却費	0.0	0.0	0.0	0.0	0.0	0.0
202607	400A10100	17	車両費	218870.0	216278.0	205001.0	0.0	94.7	93.6
202607	400A10100	18	旅費交通費	145000.0	226000.0	244401.0	0.0	108.1	168.5
202607	400A10100	19	荷造運搬費	0.0	0.0	0.0	0.0	0.0	0.0
202607	400A10100	20	通信費	9010.0	9010.0	9013.0	0.0	100.0	100.0
202607	400A10100	21	水道光熱費	0.0	0.0	0.0	0.0	0.0	0.0
202607	400A10100	22	動力費	0.0	0.0	0.0	0.0	0.0	0.0
202607	400A10100	23	事務用品費	0.0	0.0	-587.0	0.0	0.0	0.0
202607	400A10100	24	消耗品費	10000.0	2000.0	0.0	0.0	0.0	0.0
202607	400A10100	25	廃棄物処理料	0.0	0.0	0.0	0.0	0.0	0.0
202607	400A10100	26	広告宣伝費	0.0	0.0	0.0	0.0	0.0	0.0
202607	400A10100	27	接待交際費	20000.0	20000.0	13470.0	0.0	67.3	67.3
202607	400A10100	28	研究開発費	0.0	0.0	0.0	0.0	0.0	0.0
202607	400A10100	29	アフターサービス費	0.0	0.0	0.0	0.0	0.0	0.0
202607	400A10100	30	クレーム費	0.0	0.0	0.0	0.0	0.0	0.0
202607	400A10100	31	賃借料	28000.0	24000.0	24000.0	0.0	100.0	85.7
202607	400A10100	32	賃貸料収入	0.0	0.0	0.0	0.0	0.0	0.0
202607	400A10100	33	修繕費	0.0	0.0	0.0	0.0	0.0	0.0
202607	400A10100	34	支払リース料	0.0	0.0	0.0	0.0	0.0	0.0
202607	400A10100	35	保険料	0.0	0.0	0.0	0.0	0.0	0.0
202607	400A10100	36	支払報酬	0.0	0.0	0.0	0.0	0.0	0.0
202607	400A10100	37	販売手数料	0.0	0.0	0.0	0.0	0.0	0.0
202607	400A10100	38	支払手数料	0.0	0.0	0.0	0.0	0.0	0.0
202607	400A10100	39	診断料	0.0	0.0	0.0	0.0	0.0	0.0
202607	400A10100	40	諸会費	0.0	0.0	0.0	0.0	0.0	0.0
202607	400A10100	41	会議費	0.0	0.0	0.0	0.0	0.0	0.0
202607	400A10100	42	寄付金	0.0	0.0	0.0	0.0	0.0	0.0
202607	400A10100	43	租税公課	0.0	0.0	0.0	0.0	0.0	0.0
202607	400A10100	44	業務委託費	0.0	0.0	0.0	0.0	0.0	0.0
202607	400A10100	45	業務受託収入	0.0	0.0	0.0	0.0	0.0	0.0
202607	400A10100	46	システム管理料	0.0	0.0	0.0	0.0	0.0	0.0
202607	400A10100	47	情報機器利用料	170350.0	174982.0	174982.0	0.0	100.0	102.7
202607	400A10100	48	貸倒金	0.0	0.0	0.0	0.0	0.0	0.0
202607	400A10100	49	雑費	0.0	0.0	0.0	0.0	0.0	0.0
202607	400A10100	50	福利消耗品費	0.0	0.0	0.0	0.0	0.0	0.0
202607	400A10100	51	教育研修費	20000.0	20000.0	0.0	0.0	0.0	0.0
202607	400A10100	52	廃棄損・減耗損	0.0	0.0	0.0	0.0	0.0	0.0
202607	400A10100	53	雑給	0.0	0.0	0.0	0.0	0.0	0.0
202607	400A10100	54	社内金利（固定資産）	0.0	0.0	0.0	0.0	0.0	0.0
202607	400A10100	55	社内金利（売掛金）	0.0	0.0	0.0	0.0	0.0	0.0
202607	400A10100	56	社内金利（在庫）	0.0	0.0	0.0	0.0	0.0	0.0
202607	400A10100	57	営業口銭①（新築）	0.0	0.0	0.0	0.0	0.0	0.0
202607	400A10100	58	営業口銭②（リフォ）	0.0	0.0	0.0	0.0	0.0	0.0
202607	400A10100	59	開発口銭	0.0	0.0	0.0	0.0	0.0	0.0
202607	400A10100	60	部門共通（経費）	-746830.0	-817870.0	-795880.0	0.0	0.0	0.0
202607	400A10100	61	グループ共通	125600.0	125600.0	125600.0	0.0	100.0	100.0
202607	400A10100	62	差引収益	0.0	0.0	0.0		0.0	0.0
202607	400A10100	63	差引比率	0.0	0.0	0.0		0.0	0.0
202607	400A10100	64	総時間	0.0	0.0	0.0		0.0	0.0
202607	400A10100	65	定時間	888.0	896.0	891.0	0.0	99.4	100.3
202607	400A10100	66	残業時間	155.0	140.0	153.5	0.0	109.6	99.0
202607	400A10100	67	移動時間	9.5	9.5	4.5	0.0	47.3	47.3
202607	400A10100	68	部門共通（時間）	-1052.5	-1045.5	-1049.0	0.0	0.0	0.0
202607	400A10100	69	当月時間当り	0.0	0.0	0.0		0.0	0.0
202607	400A10100	70	人員	5.0	5.0	5.0		100.0	100.0
202607	003030100	1	総出荷	229500000.0	184959582.0	195908452.0		105.9	85.3
202607	003030100	2	社外売	0.0	0.0	0.0	0.0	0.0	0.0
202607	003030100	3	社内売	229500000.0	184959582.0	195908452.0	100.0	105.9	85.3
202607	003030100	4	社内仕入	58550000.0	48731064.0	45427610.0		93.2	77.5
202607	003030100	5	仕掛1	0.0	0.0	0.0		0.0	0.0
202607	003030100	6	総生産	170950000.0	136228518.0	150480842.0		110.4	88.0
202607	003030100	7	経費合計	154238061.0	101286578.0	114713566.0		113.2	74.3
202607	003030100	8	経費合計(原価)	143490000.0	90835726.0	104591212.0	91.1	115.1	72.8
202607	003030100	9	仕掛2	0.0	0.0	0.0	0.0	0.0	0.0
202607	003030100	10	商品仕入高	55900000.0	31856345.0	47034914.0	44.9	147.6	84.1
202607	003030100	11	原材料費	86660000.0	59480381.0	57559969.0	55.0	96.7	66.4
202607	003030100	12	外注加工費	1680000.0	249000.0	254000.0	0.2	102.0	15.1
202607	003030100	13	その他 直接経費	0.0	0.0	9900.0	0.0	0.0	0.0
202607	003030100	14	他勘定振替高	-750000.0	-750000.0	-267571.0	0.0	0.0	0.0
202607	003030100	15	経費合計（販管費）	10748061.0	10450852.0	10122354.0	8.8	96.8	94.1
202607	003030100	16	減価償却費	1592438.0	1691438.0	1753963.0	17.3	103.6	110.1
202607	003030100	17	車両費	1758867.0	1889692.0	1822513.0	18.0	96.4	103.6
202607	003030100	18	旅費交通費	1046600.0	1036440.0	1023766.0	10.1	98.7	97.8
202607	003030100	19	荷造運搬費	5500.0	5500.0	940.0	0.0	17.0	17.0
202607	003030100	20	通信費	169851.0	167339.0	169231.0	1.6	101.1	99.6
202607	003030100	21	水道光熱費	161208.0	164768.0	130308.0	1.2	79.0	80.8
202607	003030100	22	動力費	662544.0	589544.0	529144.0	5.2	89.7	79.8
202607	003030100	23	事務用品費	244954.0	48218.0	29346.0	0.2	60.8	11.9
202607	003030100	24	消耗品費	679486.0	1456570.0	1484530.0	14.6	101.9	218.4
202607	003030100	25	廃棄物処理料	-75150.0	-156878.0	-99024.0	0.0	0.0	0.0
202607	003030100	26	広告宣伝費	0.0	0.0	0.0	0.0	0.0	0.0
202607	003030100	27	接待交際費	120000.0	110800.0	71985.0	0.7	64.9	59.9
202607	003030100	28	研究開発費	0.0	0.0	0.0	0.0	0.0	0.0
202607	003030100	29	アフターサービス費	0.0	0.0	0.0	0.0	0.0	0.0
202607	003030100	30	クレーム費	0.0	0.0	0.0	0.0	0.0	0.0
202607	003030100	31	賃借料	3648004.0	3648143.0	3692217.0	36.4	101.2	101.2
202607	003030100	32	賃貸料収入	-282000.0	-286000.0	-331000.0	0.0	0.0	0.0
202607	003030100	33	修繕費	1090000.0	102607.0	154800.0	1.5	150.8	14.2
202607	003030100	34	支払リース料	39956.0	42093.0	35087.0	0.3	83.3	87.8
202607	003030100	35	保険料	28537.0	28537.0	27692.0	0.2	97.0	97.0
202607	003030100	36	支払報酬	70000.0	70000.0	20000.0	0.1	28.5	28.5
202607	003030100	37	販売手数料	0.0	0.0	0.0	0.0	0.0	0.0
202607	003030100	38	支払手数料	535824.0	537739.0	450908.0	4.4	83.8	84.1
202607	003030100	39	診断料	0.0	0.0	0.0	0.0	0.0	0.0
202607	003030100	40	諸会費	40260.0	40176.0	36643.0	0.3	91.2	91.0
202607	003030100	41	会議費	2000.0	2000.0	0.0	0.0	0.0	0.0
202607	003030100	42	寄付金	0.0	0.0	0.0	0.0	0.0	0.0
202607	003030100	43	租税公課	79000.0	79000.0	0.0	0.0	0.0	0.0
202607	003030100	44	業務委託費	554600.0	554600.0	554600.0	5.4	100.0	100.0
202607	003030100	45	業務受託収入	-15000.0	-15000.0	-15000.0	0.0	0.0	0.0
202607	003030100	46	システム管理料	0.0	0.0	0.0	0.0	0.0	0.0
202607	003030100	47	情報機器利用料	3854340.0	3862114.0	3831508.0	37.8	99.2	99.4
202607	003030100	48	貸倒金	0.0	0.0	0.0	0.0	0.0	0.0
202607	003030100	49	雑費	24106.0	24678.0	23254.0	0.2	94.2	96.4
202607	003030100	50	福利消耗品費	3000.0	63000.0	75417.0	0.7	119.7	
202607	003030100	51	教育研修費	66550.0	66380.0	35399.0	0.3	53.3	53.1
202607	003030100	52	廃棄損・減耗損	750000.0	750000.0	0.0	0.0	0.0	0.0
202607	003030100	53	雑給	0.0	0.0	0.0	0.0	0.0	0.0
202607	003030100	54	社内金利（固定資産）	429633.0	425133.0	450115.0	4.4	105.8	104.7
202607	003030100	55	社内金利（売掛金）	0.0	0.0	0.0	0.0	0.0	0.0
202607	003030100	56	社内金利（在庫）	361435.0	490689.0	480789.0	4.7	97.9	133.0
202607	003030100	57	営業口銭①（新築）	0.0	0.0	0.0	0.0	0.0	0.0
202607	003030100	58	営業口銭②（リフォ）	0.0	0.0	0.0	0.0	0.0	0.0
202607	003030100	59	開発口銭	0.0	0.0	0.0	0.0	0.0	0.0
202607	003030100	60	部門共通（経費）	-8885382.0	-9025368.0	-8303677.0	0.0	0.0	0.0
202607	003030100	61	グループ共通	1986900.0	1986900.0	1986900.0	19.6	100.0	100.0
202607	003030100	62	差引収益	16711939.0	34941940.0	35767276.0		102.3	214.0
202607	003030100	63	差引比率	9.7	25.6	23.7		92.5	244.3
202607	003030100	64	総時間	7684.75	7242.25	6885.0		95.0	89.5
202607	003030100	65	定時間	14654.5	14347.75	14005.75	203.4	97.6	95.5
202607	003030100	66	残業時間	1637.0	1341.5	1313.75	19.0	97.9	80.2
202607	003030100	67	移動時間	-47.0	-47.0	-59.0	0.0	0.0	0.0
202607	003030100	68	部門共通（時間）	-8559.75	-8400.0	-8375.5	0.0	0.0	0.0
202607	003030100	69	当月時間当り	2174.6	4824.7	5194.9		107.6	238.8
202607	003030100	70	人員	84.0	83.0	83.0		100.0	98.8
202607	230H10100	1	総受注高	0.0	0.0	0.0		0.0	0.0
202607	230H10100	2	【新築】受注高	0.0	0.0	0.0	0.0	0.0	0.0
202607	230H10100	3	【リフォ】受注高	0.0	0.0	0.0	0.0	0.0	0.0
202607	230H10100	4	【資材】受注高	0.0	0.0	0.0	0.0	0.0	0.0
202607	230H10100	5	総売上高	0.0	0.0	0.0		0.0	0.0
202607	230H10100	6	【新築】売上高	0.0	0.0	0.0	0.0	0.0	0.0
202607	230H10100	7	【リフォ】売上高	0.0	0.0	0.0	0.0	0.0	0.0
202607	230H10100	8	【資材】売上高	0.0	0.0	0.0	0.0	0.0	0.0
202607	230H10100	9	【新築】インセンティブ	0.0	0.0	0.0	0.0	0.0	0.0
202607	230H10100	10	【リフォ】インセンティブ	0.0	0.0	0.0	0.0	0.0	0.0
202607	230H10100	11	【資材】インセンティブ	0.0	0.0	0.0	0.0	0.0	0.0
202607	230H10100	12	収益①（営業口銭）	0.0	0.0	0.0		0.0	0.0
202607	230H10100	13	【新築】収益①(営業口銭)	0.0	0.0	0.0		0.0	0.0
202607	230H10100	14	【リフォ】収益①(営業口銭)	0.0	0.0	0.0		0.0	0.0
202607	230H10100	15	【資材】売上原価	0.0	0.0	0.0		0.0	0.0
202607	230H10100	16	収益②（資材）	0.0	0.0	0.0		0.0	0.0
202607	230H10100	17	総収益	0.0	0.0	0.0		0.0	0.0
202607	230H10100	18	経費合計	0.0	0.0	0.0		0.0	0.0
202607	230H10100	19	減価償却費	0.0	11500.0	11500.0	0.0	100.0	0.0
202607	230H10100	20	車両費	42223.0	40472.0	35545.0	0.0	87.8	84.1
202607	230H10100	21	旅費交通費	20000.0	0.0	20632.0	0.0	0.0	103.1
202607	230H10100	22	荷造運搬費	0.0	0.0	3278217.0	0.0	0.0	0.0
202607	230H10100	23	通信費	59024.0	59024.0	59503.0	0.0	100.8	100.8
202607	230H10100	24	水道光熱費	19384.0	19384.0	14811.0	0.0	76.4	76.4
202607	230H10100	25	動力費	0.0	0.0	0.0	0.0	0.0	0.0
202607	230H10100	26	事務用品費	3523.0	2087.0	4624.0	0.0	221.5	131.2
202607	230H10100	27	消耗品費	2182.0	156.0	3320.0	0.0		152.1
202607	230H10100	28	廃棄物処理料	1705.0	1705.0	100463.0	0.0		
202607	230H10100	29	広告宣伝費	11500.0	0.0	184364.0	0.0	0.0	
202607	230H10100	30	接待交際費	0.0	2000.0	4320.0	0.0	216.0	0.0
202607	230H10100	31	研究開発費	0.0	0.0	0.0	0.0	0.0	0.0
202607	230H10100	32	アフターサービス費	0.0	0.0	0.0	0.0	0.0	0.0
202607	230H10100	33	クレーム費	0.0	0.0	0.0	0.0	0.0	0.0
202607	230H10100	34	賃借料	386574.0	356110.0	356110.0	0.0	100.0	92.1
202607	230H10100	35	賃貸料収入	0.0	0.0	0.0	0.0	0.0	0.0
202607	230H10100	36	修繕費	0.0	0.0	0.0	0.0	0.0	0.0
202607	230H10100	37	支払リース料	500.0	500.0	579.0	0.0	115.8	115.8
202607	230H10100	38	保険料	0.0	0.0	0.0	0.0	0.0	0.0
202607	230H10100	39	支払報酬	300000.0	300000.0	300000.0	0.0	100.0	100.0
202607	230H10100	40	販売手数料	0.0	0.0	0.0	0.0	0.0	0.0
202607	230H10100	41	支払手数料	61456.0	45456.0	15090.0	0.0	33.1	24.5
202607	230H10100	42	診断料	0.0	0.0	0.0	0.0	0.0	0.0
202607	230H10100	43	諸会費	0.0	0.0	500.0	0.0	0.0	0.0
202607	230H10100	44	会議費	0.0	0.0	0.0	0.0	0.0	0.0
202607	230H10100	45	寄付金	0.0	0.0	0.0	0.0	0.0	0.0
202607	230H10100	46	租税公課	0.0	0.0	0.0	0.0	0.0	0.0
202607	230H10100	47	業務委託費	0.0	0.0	0.0	0.0	0.0	0.0
202607	230H10100	48	業務受託収入	0.0	0.0	0.0	0.0	0.0	0.0
202607	230H10100	49	システム管理料	0.0	0.0	0.0	0.0	0.0	0.0
202607	230H10100	50	情報機器利用料	415284.0	442284.0	415284.0	0.0	93.8	100.0
202607	230H10100	51	貸倒金	0.0	0.0	0.0	0.0	0.0	0.0
202607	230H10100	52	雑費	809.0	809.0	809.0	0.0	100.0	100.0
202607	230H10100	53	福利消耗品費	0.0	0.0	0.0	0.0	0.0	0.0
202607	230H10100	54	教育研修費	872.0	872.0	872.0	0.0	100.0	100.0
202607	230H10100	55	廃棄損・減耗損	0.0	0.0	0.0	0.0	0.0	0.0
202607	230H10100	56	雑給	0.0	0.0	0.0	0.0	0.0	0.0
202607	230H10100	57	社内金利（固定資産）	0.0	0.0	3220.0	0.0	0.0	0.0
202607	230H10100	58	社内金利（売掛金）	0.0	0.0	0.0	0.0	0.0	0.0
202607	230H10100	59	社内金利（在庫）	850000.0	950000.0	877813.0	0.0	92.4	103.2
202607	230H10100	60	開発口銭	0.0	0.0	0.0	0.0	0.0	0.0
202607	230H10100	61	部門共通（経費）	-2300636.0	-2357959.0	-5813176.0	0.0	0.0	0.0
202607	230H10100	62	グループ共通	125600.0	125600.0	125600.0	0.0	100.0	100.0
202607	230H10100	63	差引収益	0.0	0.0	0.0		0.0	0.0
202607	230H10100	64	差引比率	0.0	0.0	0.0		0.0	0.0
202607	230H10100	65	総時間	0.0	0.0	0.0		0.0	0.0
202607	230H10100	66	定時間	1040.0	1040.0	1023.25	0.0	98.3	98.3
202607	230H10100	67	残業時間	125.0	122.0	135.75	0.0	111.2	108.6
202607	230H10100	68	移動時間	-124.0	-124.0	-123.0	0.0	0.0	0.0
202607	230H10100	69	部門共通（時間）	-1041.0	-1038.0	-1036.0	0.0	0.0	0.0
202607	230H10100	70	当月時間当り	0.0	0.0	0.0		0.0	0.0
202607	230H10100	71	人員	6.0	6.0	6.0		100.0	100.0
202607	230C30310	1	総出荷	15600000.0	7731064.0	6939702.0		89.7	44.4
202607	230C30310	2	社外売	0.0	0.0	0.0	0.0	0.0	0.0
202607	230C30310	3	社内売	15600000.0	7731064.0	6939702.0	100.0	89.7	44.4
202607	230C30310	4	社内仕入	0.0	0.0	0.0		0.0	0.0
202607	230C30310	5	仕掛1	0.0	0.0	0.0		0.0	0.0
202607	230C30310	6	総生産	15600000.0	7731064.0	6939702.0		89.7	44.4
202607	230C30310	7	経費合計	5730761.0	4964310.0	5214666.0		105.0	90.9
202607	230C30310	8	経費合計(原価)	1580000.0	149000.0	263900.0	5.0	177.1	16.7
202607	230C30310	9	仕掛2	0.0	0.0	0.0	0.0	0.0	0.0
202607	230C30310	10	商品仕入高	0.0	0.0	0.0	0.0	0.0	0.0
202607	230C30310	11	原材料費	0.0	0.0	0.0	0.0	0.0	0.0
202607	230C30310	12	外注加工費	1680000.0	249000.0	254000.0	96.2	102.0	15.1
202607	230C30310	13	その他 直接経費	0.0	0.0	9900.0	3.7	0.0	0.0
202607	230C30310	14	他勘定振替高	-100000.0	-100000.0	0.0	0.0	0.0	0.0
202607	230C30310	15	経費合計（販管費）	4150761.0	4815310.0	4950766.0	94.9	102.8	119.2
202607	230C30310	16	減価償却費	394169.0	394169.0	452269.0	9.1	114.7	114.7
202607	230C30310	17	車両費	308766.0	308766.0	248066.0	5.0	80.3	80.3
202607	230C30310	18	旅費交通費	0.0	80000.0	54099.0	1.0	67.6	0.0
202607	230C30310	19	荷造運搬費	0.0	0.0	0.0	0.0	0.0	0.0
202607	230C30310	20	通信費	22138.0	22138.0	26412.0	0.5	119.3	119.3
202607	230C30310	21	水道光熱費	1500.0	1500.0	325.0	0.0	21.6	21.6
202607	230C30310	22	動力費	300544.0	250544.0	244295.0	4.9	97.5	81.2
202607	230C30310	23	事務用品費	3500.0	3500.0	3500.0	0.0	100.0	100.0
202607	230C30310	24	消耗品費	350000.0	900000.0	1165225.0	23.5	129.4	332.9
202607	230C30310	25	廃棄物処理料	-100000.0	-150000.0	-189805.0	0.0	0.0	0.0
202607	230C30310	26	広告宣伝費	0.0	0.0	0.0	0.0	0.0	0.0
202607	230C30310	27	接待交際費	10000.0	10000.0	23510.0	0.4	235.1	235.1
202607	230C30310	28	研究開発費	0.0	0.0	0.0	0.0	0.0	0.0
202607	230C30310	29	アフターサービス費	0.0	0.0	0.0	0.0	0.0	0.0
202607	230C30310	30	クレーム費	0.0	0.0	0.0	0.0	0.0	0.0
202607	230C30310	31	賃借料	1133000.0	1092000.0	1092000.0	22.0	100.0	96.3
202607	230C30310	32	賃貸料収入	-59000.0	-18000.0	-18000.0	0.0	0.0	0.0
202607	230C30310	33	修繕費	50000.0	95100.0	154800.0	3.1	162.7	309.6
202607	230C30310	34	支払リース料	10438.0	10438.0	10439.0	0.2	100.0	100.0
202607	230C30310	35	保険料	0.0	0.0	0.0	0.0	0.0	0.0
202607	230C30310	36	支払報酬	0.0	0.0	0.0	0.0	0.0	0.0
202607	230C30310	37	販売手数料	0.0	0.0	0.0	0.0	0.0	0.0
202607	230C30310	38	支払手数料	100000.0	100000.0	99300.0	2.0	99.3	99.3
202607	230C30310	39	診断料	0.0	0.0	0.0	0.0	0.0	0.0
202607	230C30310	40	諸会費	500.0	500.0	500.0	0.0	100.0	100.0
202607	230C30310	41	会議費	0.0	0.0	0.0	0.0	0.0	0.0
202607	230C30310	42	寄付金	0.0	0.0	0.0	0.0	0.0	0.0
202607	230C30310	43	租税公課	0.0	0.0	0.0	0.0	0.0	0.0
202607	230C30310	44	業務委託費	0.0	0.0	0.0	0.0	0.0	0.0
202607	230C30310	45	業務受託収入	0.0	0.0	0.0	0.0	0.0	0.0
202607	230C30310	46	システム管理料	0.0	0.0	0.0	0.0	0.0	0.0
202607	230C30310	47	情報機器利用料	581482.0	581482.0	583402.0	11.7	100.3	100.3
202607	230C30310	48	貸倒金	0.0	0.0	0.0	0.0	0.0	0.0
202607	230C30310	49	雑費	4998.0	4998.0	4647.0	0.0	92.9	92.9
202607	230C30310	50	福利消耗品費	0.0	60000.0	40450.0	0.8	67.4	0.0
202607	230C30310	51	教育研修費	0.0	0.0	3009.0	0.0	0.0	0.0
202607	230C30310	52	廃棄損・減耗損	100000.0	100000.0	0.0	0.0	0.0	0.0
202607	230C30310	53	雑給	0.0	0.0	0.0	0.0	0.0	0.0
202607	230C30310	54	社内金利（固定資産）	131122.0	131122.0	155233.0	3.1	118.3	118.3
202607	230C30310	55	社内金利（売掛金）	0.0	0.0	0.0	0.0	0.0	0.0
202607	230C30310	56	社内金利（在庫）	1000.0	1000.0	17341.0	0.3		
202607	230C30310	57	営業口銭①（新築）	0.0	0.0	0.0	0.0	0.0	0.0
202607	230C30310	58	営業口銭②（リフォ）	0.0	0.0	0.0	0.0	0.0	0.0
202607	230C30310	59	開発口銭	0.0	0.0	0.0	0.0	0.0	0.0
202607	230C30310	60	部門共通（経費）	479704.0	509153.0	452849.0	9.1	88.9	94.4
202607	230C30310	61	グループ共通	326900.0	326900.0	326900.0	6.6	100.0	100.0
202607	230C30310	62	差引収益	9869239.0	2766754.0	1725036.0		62.3	17.4
202607	230C30310	63	差引比率	63.2	35.7	24.8		69.4	39.2
202607	230C30310	64	総時間	3104.75	2832.75	2698.0		95.2	86.8
202607	230C30310	65	定時間	2632.0	2508.0	2373.0	87.9	94.6	90.1
202607	230C30310	66	残業時間	191.0	49.0	58.5	2.1	119.3	30.6
202607	230C30310	67	移動時間	-108.25	-108.25	-108.25	0.0	0.0	0.0
202607	230C30310	68	部門共通（時間）	390.0	384.0	374.75	13.8	97.5	96.0
202607	230C30310	69	当月時間当り	3178.7	976.7	639.3		65.4	20.1
202607	230C30310	70	人員	15.0	14.0	14.0		100.0	93.3
202607	003090200	1	総受注高	0.0	0.0	0.0		0.0	0.0
202607	003090200	2	【新築】受注高	0.0	0.0	0.0	0.0	0.0	0.0
202607	003090200	3	【リフォ】受注高	0.0	0.0	0.0	0.0	0.0	0.0
202607	003090200	4	【資材】受注高	0.0	0.0	0.0	0.0	0.0	0.0
202607	003090200	5	総売上高	0.0	0.0	0.0		0.0	0.0
202607	003090200	6	【新築】売上高	0.0	0.0	0.0	0.0	0.0	0.0
202607	003090200	7	【リフォ】売上高	0.0	0.0	0.0	0.0	0.0	0.0
202607	003090200	8	【資材】売上高	0.0	0.0	0.0	0.0	0.0	0.0
202607	003090200	9	【新築】インセンティブ	0.0	0.0	0.0	0.0	0.0	0.0
202607	003090200	10	【リフォ】インセンティブ	0.0	0.0	0.0	0.0	0.0	0.0
202607	003090200	11	【資材】インセンティブ	0.0	0.0	0.0	0.0	0.0	0.0
202607	003090200	12	収益①（営業口銭）	0.0	0.0	0.0		0.0	0.0
202607	003090200	13	【新築】収益①(営業口銭)	0.0	0.0	0.0		0.0	0.0
202607	003090200	14	【リフォ】収益①(営業口銭)	0.0	0.0	0.0		0.0	0.0
202607	003090200	15	【資材】売上原価	0.0	0.0	0.0		0.0	0.0
202607	003090200	16	収益②（資材）	0.0	0.0	0.0		0.0	0.0
202607	003090200	17	総収益	0.0	0.0	0.0		0.0	0.0
202607	003090200	18	経費合計	-3099891.0	-3333640.0	-3537004.0		0.0	0.0
202607	003090200	19	減価償却費	0.0	0.0	0.0	0.0	0.0	0.0
202607	003090200	20	車両費	0.0	0.0	0.0	0.0	0.0	0.0
202607	003090200	21	旅費交通費	0.0	0.0	0.0	0.0	0.0	0.0
202607	003090200	22	荷造運搬費	0.0	0.0	0.0	0.0	0.0	0.0
202607	003090200	23	通信費	0.0	0.0	0.0	0.0	0.0	0.0
202607	003090200	24	水道光熱費	0.0	0.0	0.0	0.0	0.0	0.0
202607	003090200	25	動力費	0.0	0.0	0.0	0.0	0.0	0.0
202607	003090200	26	事務用品費	0.0	0.0	0.0	0.0	0.0	0.0
202607	003090200	27	消耗品費	0.0	0.0	0.0	0.0	0.0	0.0
202607	003090200	28	廃棄物処理料	0.0	0.0	0.0	0.0	0.0	0.0
202607	003090200	29	広告宣伝費	0.0	0.0	0.0	0.0	0.0	0.0
202607	003090200	30	接待交際費	0.0	0.0	0.0	0.0	0.0	0.0
202607	003090200	31	研究開発費	0.0	0.0	0.0	0.0	0.0	0.0
202607	003090200	32	アフターサービス費	0.0	0.0	0.0	0.0	0.0	0.0
202607	003090200	33	クレーム費	0.0	0.0	0.0	0.0	0.0	0.0
202607	003090200	34	賃借料	0.0	0.0	0.0	0.0	0.0	0.0
202607	003090200	35	賃貸料収入	0.0	0.0	0.0	0.0	0.0	0.0
202607	003090200	36	修繕費	0.0	0.0	0.0	0.0	0.0	0.0
202607	003090200	37	支払リース料	0.0	0.0	0.0	0.0	0.0	0.0
202607	003090200	38	保険料	0.0	0.0	0.0	0.0	0.0	0.0
202607	003090200	39	支払報酬	0.0	0.0	0.0	0.0	0.0	0.0
202607	003090200	40	販売手数料	0.0	0.0	0.0	0.0	0.0	0.0
202607	003090200	41	支払手数料	0.0	0.0	0.0	0.0	0.0	0.0
202607	003090200	42	診断料	0.0	0.0	0.0	0.0	0.0	0.0
202607	003090200	43	諸会費	0.0	0.0	0.0	0.0	0.0	0.0
202607	003090200	44	会議費	0.0	0.0	0.0	0.0	0.0	0.0
202607	003090200	45	寄付金	0.0	0.0	0.0	0.0	0.0	0.0
202607	003090200	46	租税公課	0.0	0.0	0.0	0.0	0.0	0.0
202607	003090200	47	業務委託費	0.0	0.0	0.0	0.0	0.0	0.0
202607	003090200	48	業務受託収入	0.0	0.0	0.0	0.0	0.0	0.0
202607	003090200	49	システム管理料	0.0	0.0	0.0	0.0	0.0	0.0
202607	003090200	50	情報機器利用料	0.0	0.0	0.0	0.0	0.0	0.0
202607	003090200	51	貸倒金	0.0	0.0	0.0	0.0	0.0	0.0
202607	003090200	52	雑費	0.0	0.0	0.0	0.0	0.0	0.0
202607	003090200	53	福利消耗品費	0.0	0.0	0.0	0.0	0.0	0.0
202607	003090200	54	教育研修費	0.0	0.0	0.0	0.0	0.0	0.0
202607	003090200	55	廃棄損・減耗損	0.0	0.0	0.0	0.0	0.0	0.0
202607	003090200	56	雑給	0.0	0.0	0.0	0.0	0.0	0.0
202607	003090200	57	社内金利（固定資産）	-917776.0	-912870.0	-950868.0	0.0	0.0	0.0
202607	003090200	58	社内金利（売掛金）	-479652.0	-485383.0	-489700.0	0.0	0.0	0.0
202607	003090200	59	社内金利（在庫）	-1702463.0	-1935387.0	-2096436.0	0.0	0.0	0.0
202607	003090200	60	開発口銭	0.0	0.0	0.0	0.0	0.0	0.0
202607	003090200	61	部門共通（経費）	0.0	0.0	0.0	0.0	0.0	0.0
202607	003090200	62	グループ共通	0.0	0.0	0.0	0.0	0.0	0.0
202607	003090200	63	差引収益	3099891.0	3333640.0	3537004.0		106.1	114.1
202607	003090200	64	差引比率	0.0	0.0	0.0		0.0	0.0
202607	003090200	65	総時間	367.5	0.0	367.5		0.0	100.0
202607	003090200	66	定時間	0.0	0.0	0.0	0.0	0.0	0.0
202607	003090200	67	残業時間	0.0	0.0	0.0	0.0	0.0	0.0
202607	003090200	68	移動時間	367.5	0.0	367.5	100.0	0.0	100.0
202607	003090200	69	部門共通（時間）	0.0	0.0	0.0	0.0	0.0	0.0
202607	003090200	70	当月時間当り	8435.0	0.0	9624.5		0.0	114.1
202607	003090200	71	人員	0.0	0.0	0.0		0.0	0.0
202607	230H10500	1	総受注高	74000000.0	103715000.0	95263915.0		91.8	128.7
202607	230H10500	2	【新築】受注高	0.0	39500000.0	52053800.0	54.6	131.7	0.0
202607	230H10500	3	【リフォ】受注高	31000000.0	21215000.0	10382000.0	10.8	48.9	33.4
202607	230H10500	4	【資材】受注高	43000000.0	43000000.0	32828115.0	34.4	76.3	76.3
202607	230H10500	5	総売上高	85000000.0	71405000.0	74255218.0		103.9	87.3
202607	230H10500	6	【新築】売上高	18000000.0	18900000.0	18553800.0	24.9	98.1	103.0
202607	230H10500	7	【リフォ】売上高	24000000.0	9505000.0	12723000.0	17.1	133.8	53.0
202607	230H10500	8	【資材】売上高	43000000.0	43000000.0	42978418.0	57.8	99.9	99.9
202607	230H10500	9	【新築】インセンティブ	0.0	0.0	0.0	0.0	0.0	0.0
202607	230H10500	10	【リフォ】インセンティブ	0.0	0.0	0.0	0.0	0.0	0.0
202607	230H10500	11	【資材】インセンティブ	0.0	0.0	0.0	0.0	0.0	0.0
202607	230H10500	12	収益①（営業口銭）	4500000.0	2370750.0	3763830.0		158.7	83.6
202607	230H10500	13	【新築】収益①(営業口銭)	900000.0	945000.0	1855380.0		196.3	206.1
202607	230H10500	14	【リフォ】収益①(営業口銭)	3600000.0	1425750.0	1908450.0		133.8	53.0
202607	230H10500	15	【資材】売上原価	37600000.0	37600000.0	37955291.0		100.9	100.9
202607	230H10500	16	収益②（資材）	5400000.0	5400000.0	5023127.0		93.0	93.0
202607	230H10500	17	総収益	9900000.0	7770750.0	8786957.0		113.0	88.7
202607	230H10500	18	経費合計	5710859.0	5806902.0	5792306.0		99.7	101.4
202607	230H10500	19	減価償却費	0.0	0.0	0.0	0.0	0.0	0.0
202607	230H10500	20	車両費	329950.0	327550.0	231477.0	3.9	70.6	70.1
202607	230H10500	21	旅費交通費	550000.0	600000.0	445836.0	7.6	74.3	81.0
202607	230H10500	22	荷造運搬費	2000.0	2000.0	22340.0	0.3		
202607	230H10500	23	通信費	44803.0	44803.0	39299.0	0.6	87.7	87.7
202607	230H10500	24	水道光熱費	27132.0	27132.0	20731.0	0.3	76.4	76.4
202607	230H10500	25	動力費	0.0	0.0	0.0	0.0	0.0	0.0
202607	230H10500	26	事務用品費	16432.0	16432.0	4321.0	0.0	26.2	26.2
202607	230H10500	27	消耗品費	3054.0	3054.0	2252.0	0.0	73.7	73.7
202607	230H10500	28	廃棄物処理料	2386.0	2386.0	1909.0	0.0	80.0	80.0
202607	230H10500	29	広告宣伝費	15000.0	15000.0	8132.0	0.1	54.2	54.2
202607	230H10500	30	接待交際費	100000.0	80000.0	126599.0	2.1	158.2	126.5
202607	230H10500	31	研究開発費	0.0	0.0	0.0	0.0	0.0	0.0
202607	230H10500	32	アフターサービス費	0.0	0.0	0.0	0.0	0.0	0.0
202607	230H10500	33	クレーム費	500000.0	740000.0	740000.0	12.7	100.0	148.0
202607	230H10500	34	賃借料	498450.0	498450.0	498450.0	8.6	100.0	100.0
202607	230H10500	35	賃貸料収入	0.0	0.0	0.0	0.0	0.0	0.0
202607	230H10500	36	修繕費	0.0	0.0	0.0	0.0	0.0	0.0
202607	230H10500	37	支払リース料	700.0	700.0	810.0	0.0	115.7	115.7
202607	230H10500	38	保険料	0.0	0.0	61.0	0.0	0.0	0.0
202607	230H10500	39	支払報酬	0.0	0.0	0.0	0.0	0.0	0.0
202607	230H10500	40	販売手数料	0.0	0.0	0.0	0.0	0.0	0.0
202607	230H10500	41	支払手数料	12000.0	6000.0	19610.0	0.3	326.8	163.4
202607	230H10500	42	診断料	6000.0	5000.0	6400.0	0.1	128.0	106.6
202607	230H10500	43	諸会費	2000.0	0.0	1500.0	0.0	0.0	75.0
202607	230H10500	44	会議費	0.0	0.0	0.0	0.0	0.0	0.0
202607	230H10500	45	寄付金	0.0	0.0	0.0	0.0	0.0	0.0
202607	230H10500	46	租税公課	20000.0	15000.0	10200.0	0.1	68.0	51.0
202607	230H10500	47	業務委託費	0.0	0.0	0.0	0.0	0.0	0.0
202607	230H10500	48	業務受託収入	0.0	0.0	0.0	0.0	0.0	0.0
202607	230H10500	49	システム管理料	0.0	0.0	0.0	0.0	0.0	0.0
202607	230H10500	50	情報機器利用料	616326.0	616326.0	609874.0	10.5	98.9	98.9
202607	230H10500	51	貸倒金	315743.0	0.0	0.0	0.0	0.0	0.0
202607	230H10500	52	雑費	7133.0	7133.0	6262.0	0.1	87.7	87.7
202607	230H10500	53	福利消耗品費	0.0	0.0	0.0	0.0	0.0	0.0
202607	230H10500	54	教育研修費	3220.0	3220.0	1220.0	0.0	37.8	37.8
202607	230H10500	55	廃棄損・減耗損	0.0	0.0	0.0	0.0	0.0	0.0
202607	230H10500	56	雑給	0.0	0.0	0.0	0.0	0.0	0.0
202607	230H10500	57	社内金利（固定資産）	0.0	0.0	0.0	0.0	0.0	0.0
202607	230H10500	58	社内金利（売掛金）	30000.0	57292.0	100116.0	1.7	174.7	333.7
202607	230H10500	59	社内金利（在庫）	0.0	0.0	448.0	0.0	0.0	0.0
202607	230H10500	60	開発口銭	0.0	0.0	0.0	0.0	0.0	0.0
202607	230H10500	61	部門共通（経費）	2407130.0	2538024.0	2693059.0	46.4	106.1	111.8
202607	230H10500	62	グループ共通	201400.0	201400.0	201400.0	3.4	100.0	100.0
202607	230H10500	63	差引収益	4189141.0	1963848.0	2994651.0		152.4	71.4
202607	230H10500	64	差引比率	4.9	2.7	4.0		148.1	81.6
202607	230H10500	65	総時間	2506.5	2399.5	2320.5		96.7	92.5
202607	230H10500	66	定時間	1632.0	1569.0	1465.0	63.1	93.3	89.7
202607	230H10500	67	残業時間	221.0	186.0	238.5	10.2	128.2	107.9
202607	230H10500	68	移動時間	-401.0	-401.0	-417.0	0.0	0.0	0.0
202607	230H10500	69	部門共通（時間）	1054.5	1045.5	1034.0	44.5	98.9	98.0
202607	230H10500	70	当月時間当り	1671.3	818.4	1290.5		157.6	77.2
202607	230H10500	71	人員	9.0	9.0	9.0		100.0	100.0
202607	230H10600	1	総受注高	74000000.0	103715000.0	95263915.0		91.8	128.7
202607	230H10600	2	【新築】受注高	0.0	39500000.0	52053800.0	54.6	131.7	0.0
202607	230H10600	3	【リフォ】受注高	31000000.0	21215000.0	10382000.0	10.8	48.9	33.4
202607	230H10600	4	【資材】受注高	43000000.0	43000000.0	32828115.0	34.4	76.3	76.3
202607	230H10600	5	総売上高	85000000.0	71405000.0	74255218.0		103.9	87.3
202607	230H10600	6	【新築】売上高	18000000.0	18900000.0	18553800.0	24.9	98.1	103.0
202607	230H10600	7	【リフォ】売上高	24000000.0	9505000.0	12723000.0	17.1	133.8	53.0
202607	230H10600	8	【資材】売上高	43000000.0	43000000.0	42978418.0	57.8	99.9	99.9
202607	230H10600	9	【新築】インセンティブ	0.0	0.0	0.0	0.0	0.0	0.0
202607	230H10600	10	【リフォ】インセンティブ	0.0	0.0	0.0	0.0	0.0	0.0
202607	230H10600	11	【資材】インセンティブ	0.0	0.0	0.0	0.0	0.0	0.0
202607	230H10600	12	収益①（営業口銭）	4500000.0	2370750.0	3763830.0		158.7	83.6
202607	230H10600	13	【新築】収益①(営業口銭)	900000.0	945000.0	1855380.0		196.3	206.1
202607	230H10600	14	【リフォ】収益①(営業口銭)	3600000.0	1425750.0	1908450.0		133.8	53.0
202607	230H10600	15	【資材】売上原価	37600000.0	37600000.0	37955291.0		100.9	100.9
202607	230H10600	16	収益②（資材）	5400000.0	5400000.0	5023127.0		93.0	93.0
202607	230H10600	17	総収益	9900000.0	7770750.0	8786957.0		113.0	88.7
202607	230H10600	18	総出荷	42000000.0	28405000.0	31276800.0		110.1	74.4
202607	230H10600	19	社外売	42000000.0	28405000.0	31276800.0	100.0	110.1	74.4
202607	230H10600	20	社内売	0.0	0.0	0.0	0.0	0.0	0.0
202607	230H10600	21	社内仕入	7352820.0	1173882.0	862759.0		73.4	11.7
202607	230H10600	22	仕掛1	0.0	0.0	0.0		0.0	0.0
202607	230H10600	23	総生産	34647180.0	27231118.0	30414041.0		111.6	87.7
202607	230H10600	24	経費合計	43989676.0	30624630.0	24305602.0		79.3	55.2
202607	230H10600	25	経費合計(原価)	32207033.0	20979966.0	13117188.0	53.9	62.5	40.7
202607	230H10600	26	仕掛2	0.0	0.0	0.0	0.0	0.0	0.0
202607	230H10600	27	商品仕入高	12674443.0	8290213.0	7188925.0	54.8	86.7	56.7
202607	230H10600	28	原材料費	0.0	0.0	0.0	0.0	0.0	0.0
202607	230H10600	29	外注加工費	13402590.0	9686353.0	6926500.0	52.8	71.5	51.6
202607	230H10600	30	その他 直接経費	6130000.0	3003400.0	-998237.0	0.0	0.0	0.0
202607	230H10600	31	他勘定振替高	0.0	0.0	0.0	0.0	0.0	0.0
202607	230H10600	32	経費合計（販管費）	11782643.0	9644664.0	11188414.0	46.0	116.0	94.9
202607	230H10600	33	減価償却費	0.0	0.0	0.0	0.0	0.0	0.0
202607	230H10600	34	車両費	703150.0	700750.0	585405.0	5.2	83.5	83.2
202607	230H10600	35	旅費交通費	600000.0	600000.0	670825.0	5.9	111.8	111.8
202607	230H10600	36	荷造運搬費	2000.0	2000.0	22340.0	0.1		
202607	230H10600	37	通信費	54263.0	54263.0	46891.0	0.4	86.4	86.4
202607	230H10600	38	水道光熱費	38754.0	38754.0	29611.0	0.2	76.4	76.4
202607	230H10600	39	動力費	0.0	0.0	0.0	0.0	0.0	0.0
202607	230H10600	40	事務用品費	21045.0	21045.0	7785.0	0.0	36.9	36.9
202607	230H10600	41	消耗品費	4362.0	4362.0	3216.0	0.0	73.7	73.7
202607	230H10600	42	廃棄物処理料	3408.0	3408.0	2726.0	0.0	79.9	79.9
202607	230H10600	43	広告宣伝費	15000.0	15000.0	8132.0	0.0	54.2	54.2
202607	230H10600	44	接待交際費	100000.0	80000.0	126599.0	1.1	158.2	126.5
202607	230H10600	45	研究開発費	0.0	0.0	0.0	0.0	0.0	0.0
202607	230H10600	46	アフターサービス費	0.0	0.0	0.0	0.0	0.0	0.0
202607	230H10600	47	クレーム費	500000.0	740000.0	740000.0	6.6	100.0	148.0
202607	230H10600	48	賃借料	711950.0	711950.0	711950.0	6.3	100.0	100.0
202607	230H10600	49	賃貸料収入	0.0	0.0	0.0	0.0	0.0	0.0
202607	230H10600	50	修繕費	0.0	0.0	0.0	0.0	0.0	0.0
202607	230H10600	51	支払リース料	1000.0	1000.0	1157.0	0.0	115.7	115.7
202607	230H10600	52	保険料	0.0	0.0	61.0	0.0	0.0	0.0
202607	230H10600	53	支払報酬	0.0	0.0	0.0	0.0	0.0	0.0
202607	230H10600	54	販売手数料	0.0	0.0	0.0	0.0	0.0	0.0
202607	230H10600	55	支払手数料	45000.0	39000.0	52610.0	0.4	134.8	116.9
202607	230H10600	56	診断料	6000.0	5000.0	6400.0	0.0	128.0	106.6
202607	230H10600	57	諸会費	2000.0	0.0	1500.0	0.0	0.0	75.0
202607	230H10600	58	会議費	0.0	0.0	0.0	0.0	0.0	0.0
202607	230H10600	59	寄付金	0.0	0.0	0.0	0.0	0.0	0.0
202607	230H10600	60	租税公課	20000.0	15000.0	10200.0	0.0	68.0	51.0
202607	230H10600	61	業務委託費	0.0	0.0	0.0	0.0	0.0	0.0
202607	230H10600	62	業務受託収入	0.0	0.0	0.0	0.0	0.0	0.0
202607	230H10600	63	システム管理料	0.0	0.0	0.0	0.0	0.0	0.0
202607	230H10600	64	情報機器利用料	779739.0	779739.0	773284.0	6.9	99.1	99.1
202607	230H10600	65	貸倒金	315743.0	0.0	0.0	0.0	0.0	0.0
202607	230H10600	66	雑費	7618.0	7618.0	6747.0	0.0	88.5	88.5
202607	230H10600	67	福利消耗品費	0.0	0.0	0.0	0.0	0.0	0.0
202607	230H10600	68	教育研修費	3743.0	3743.0	1742.0	0.0	46.5	46.5
202607	230H10600	69	廃棄損・減耗損	0.0	0.0	0.0	0.0	0.0	0.0
202607	230H10600	70	雑給	0.0	0.0	0.0	0.0	0.0	0.0
202607	230H10600	71	社内金利（固定資産）	0.0	0.0	0.0	0.0	0.0	0.0
202607	230H10600	72	社内金利（売掛金）	30000.0	57292.0	100116.0	0.8	174.7	333.7
202607	230H10600	73	社内金利（在庫）	0.0	0.0	448.0	0.0	0.0	0.0
202607	230H10600	74	営業口銭①（新築）	900000.0	945000.0	1855380.0	16.5	196.3	206.1
202607	230H10600	75	営業口銭②（リフォ）	3600000.0	1425750.0	1908450.0	17.0	133.8	53.0
202607	230H10600	76	開発口銭	0.0	0.0	0.0	0.0	0.0	0.0
202607	230H10600	77	部門共通（経費）	3040668.0	3192590.0	3237639.0	28.9	101.4	106.4
202607	230H10600	78	グループ共通	277200.0	201400.0	277200.0	2.4	137.6	100.0
202607	230H10600	79	差引収益	557504.0	4377238.0	14895396.0		340.2	
202607	230H10600	80	差引比率	0.4	4.4	14.2		322.7	
202607	230H10600	81	総時間	3533.0	3357.25	3276.75		97.6	92.7
202607	230H10600	82	定時間	2176.0	2081.0	1969.0	60.0	94.6	90.4
202607	230H10600	83	残業時間	311.0	253.0	316.0	9.6	124.9	101.6
202607	230H10600	84	移動時間	-401.0	-401.0	-417.0	0.0	0.0	0.0
202607	230H10600	85	部門共通（時間）	1447.0	1424.25	1408.75	42.9	98.9	97.3
202607	230H10600	86	当月時間当り	157.7	1303.8	4545.7		348.6	
202607	230H10600	87	人員	12.0	12.0	12.0		100.0	100.0
202607	230H30200	1	総出荷	42000000.0	28405000.0	31276800.0		110.1	74.4
202607	230H30200	2	社外売	42000000.0	28405000.0	31276800.0	100.0	110.1	74.4
202607	230H30200	3	社内売	0.0	0.0	0.0	0.0	0.0	0.0
202607	230H30200	4	社内仕入	7352820.0	1173882.0	862759.0		73.4	11.7
202607	230H30200	5	仕掛1	0.0	0.0	0.0		0.0	0.0
202607	230H30200	6	総生産	34647180.0	27231118.0	30414041.0		111.6	87.7
202607	230H30200	7	経費合計	38278817.0	24817728.0	18513296.0		74.5	48.3
202607	230H30200	8	経費合計(原価)	32207033.0	20979966.0	13117188.0	70.8	62.5	40.7
202607	230H30200	9	仕掛2	0.0	0.0	0.0	0.0	0.0	0.0
202607	230H30200	10	商品仕入高	12674443.0	8290213.0	7188925.0	54.8	86.7	56.7
202607	230H30200	11	原材料費	0.0	0.0	0.0	0.0	0.0	0.0
202607	230H30200	12	外注加工費	13402590.0	9686353.0	6926500.0	52.8	71.5	51.6
202607	230H30200	13	その他 直接経費	6130000.0	3003400.0	-998237.0	0.0	0.0	0.0
202607	230H30200	14	他勘定振替高	0.0	0.0	0.0	0.0	0.0	0.0
202607	230H30200	15	経費合計（販管費）	6071784.0	3837762.0	5396108.0	29.1	140.6	88.8
202607	230H30200	16	減価償却費	0.0	0.0	0.0	0.0	0.0	0.0
202607	230H30200	17	車両費	373200.0	373200.0	353928.0	6.5	94.8	94.8
202607	230H30200	18	旅費交通費	50000.0	0.0	224989.0	4.1	0.0	449.9
202607	230H30200	19	荷造運搬費	0.0	0.0	0.0	0.0	0.0	0.0
202607	230H30200	20	通信費	9460.0	9460.0	7592.0	0.1	80.2	80.2
202607	230H30200	21	水道光熱費	11622.0	11622.0	8880.0	0.1	76.4	76.4
202607	230H30200	22	動力費	0.0	0.0	0.0	0.0	0.0	0.0
202607	230H30200	23	事務用品費	4613.0	4613.0	3464.0	0.0	75.0	75.0
202607	230H30200	24	消耗品費	1308.0	1308.0	964.0	0.0	73.7	73.7
202607	230H30200	25	廃棄物処理料	1022.0	1022.0	817.0	0.0	79.9	79.9
202607	230H30200	26	広告宣伝費	0.0	0.0	0.0	0.0	0.0	0.0
202607	230H30200	27	接待交際費	0.0	0.0	0.0	0.0	0.0	0.0
202607	230H30200	28	研究開発費	0.0	0.0	0.0	0.0	0.0	0.0
202607	230H30200	29	アフターサービス費	0.0	0.0	0.0	0.0	0.0	0.0
202607	230H30200	30	クレーム費	0.0	0.0	0.0	0.0	0.0	0.0
202607	230H30200	31	賃借料	213500.0	213500.0	213500.0	3.9	100.0	100.0
202607	230H30200	32	賃貸料収入	0.0	0.0	0.0	0.0	0.0	0.0
202607	230H30200	33	修繕費	0.0	0.0	0.0	0.0	0.0	0.0
202607	230H30200	34	支払リース料	300.0	300.0	347.0	0.0	115.6	115.6
202607	230H30200	35	保険料	0.0	0.0	0.0	0.0	0.0	0.0
202607	230H30200	36	支払報酬	0.0	0.0	0.0	0.0	0.0	0.0
202607	230H30200	37	販売手数料	0.0	0.0	0.0	0.0	0.0	0.0
202607	230H30200	38	支払手数料	33000.0	33000.0	33000.0	0.6	100.0	100.0
202607	230H30200	39	診断料	0.0	0.0	0.0	0.0	0.0	0.0
202607	230H30200	40	諸会費	0.0	0.0	0.0	0.0	0.0	0.0
202607	230H30200	41	会議費	0.0	0.0	0.0	0.0	0.0	0.0
202607	230H30200	42	寄付金	0.0	0.0	0.0	0.0	0.0	0.0
202607	230H30200	43	租税公課	0.0	0.0	0.0	0.0	0.0	0.0
202607	230H30200	44	業務委託費	0.0	0.0	0.0	0.0	0.0	0.0
202607	230H30200	45	業務受託収入	0.0	0.0	0.0	0.0	0.0	0.0
202607	230H30200	46	システム管理料	0.0	0.0	0.0	0.0	0.0	0.0
202607	230H30200	47	情報機器利用料	163413.0	163413.0	163410.0	3.0	99.9	99.9
202607	230H30200	48	貸倒金	0.0	0.0	0.0	0.0	0.0	0.0
202607	230H30200	49	雑費	485.0	485.0	485.0	0.0	100.0	100.0
202607	230H30200	50	福利消耗品費	0.0	0.0	0.0	0.0	0.0	0.0
202607	230H30200	51	教育研修費	523.0	523.0	522.0	0.0	99.8	99.8
202607	230H30200	52	廃棄損・減耗損	0.0	0.0	0.0	0.0	0.0	0.0
202607	230H30200	53	雑給	0.0	0.0	0.0	0.0	0.0	0.0
202607	230H30200	54	社内金利（固定資産）	0.0	0.0	0.0	0.0	0.0	0.0
202607	230H30200	55	社内金利（売掛金）	0.0	0.0	0.0	0.0	0.0	0.0
202607	230H30200	56	社内金利（在庫）	0.0	0.0	0.0	0.0	0.0	0.0
202607	230H30200	57	営業口銭①（新築）	900000.0	945000.0	1855380.0	34.3	196.3	206.1
202607	230H30200	58	営業口銭②（リフォ）	3600000.0	1425750.0	1908450.0	35.3	133.8	53.0
202607	230H30200	59	開発口銭	0.0	0.0	0.0	0.0	0.0	0.0
202607	230H30200	60	部門共通（経費）	633538.0	654566.0	544580.0	10.0	83.1	85.9
202607	230H30200	61	グループ共通	75800.0	0.0	75800.0	1.4	0.0	100.0
202607	230H30200	62	差引収益	-3631637.0	2413390.0	11900745.0		493.1	0.0
202607	230H30200	63	差引比率	-10.4	8.8	39.1		444.3	0.0
202607	230H30200	64	総時間	1026.5	957.75	956.25		99.8	93.1
202607	230H30200	65	定時間	544.0	512.0	504.0	52.7	98.4	92.6
202607	230H30200	66	残業時間	90.0	67.0	77.5	8.1	115.6	86.1
202607	230H30200	67	移動時間	0.0	0.0	0.0	0.0	0.0	0.0
202607	230H30200	68	部門共通（時間）	392.5	378.75	374.75	39.1	98.9	95.4
202607	230H30200	69	当月時間当り	-3537.8	2519.8	12445.2		493.8	0.0
202607	230H30200	70	人員	3.0	3.0	3.0		100.0	100.0
202607	230A10400	1	総受注高	336780000.0	295446000.0	289975958.0		98.1	86.1
202607	230A10400	2	【新築】受注高	38000000.0	29990000.0	29990000.0	10.3	100.0	78.9
202607	230A10400	3	【リフォ】受注高	162590000.0	129266000.0	144722786.0	49.9	111.9	89.0
202607	230A10400	4	【資材】受注高	136190000.0	136190000.0	115263172.0	39.7	84.6	84.6
202607	230A10400	5	総売上高	301670000.0	301783276.0	272479581.0		90.2	90.3
202607	230A10400	6	【新築】売上高	0.0	13040000.0	13040000.0	4.7	100.0	0.0
202607	230A10400	7	【リフォ】売上高	132190000.0	114863276.0	110963720.0	40.7	96.6	83.9
202607	230A10400	8	【資材】売上高	169480000.0	173880000.0	148475861.0	54.4	85.3	87.6
202607	230A10400	9	【新築】インセンティブ	0.0	0.0	0.0	0.0	0.0	0.0
202607	230A10400	10	【リフォ】インセンティブ	0.0	0.0	0.0	0.0	0.0	0.0
202607	230A10400	11	【資材】インセンティブ	0.0	0.0	0.0	0.0	0.0	0.0
202607	230A10400	12	収益①（営業口銭）	19828500.0	17881490.0	17746547.0		99.2	89.5
202607	230A10400	13	【新築】収益①(営業口銭)	0.0	652000.0	1102000.0		169.0	0.0
202607	230A10400	14	【リフォ】収益①(営業口銭)	19828500.0	17229490.0	16644547.0		96.6	83.9
202607	230A10400	15	【資材】売上原価	132280000.0	135752640.0	111285471.0		81.9	84.1
202607	230A10400	16	収益②（資材）	37200000.0	38127360.0	37190390.0		97.5	99.9
202607	230A10400	17	総収益	57028500.0	56008850.0	54936937.0		98.0	96.3
202607	230A10400	18	総出荷	132190000.0	127903276.0	124003720.0		96.9	93.8
202607	230A10400	19	社外売	132190000.0	127903276.0	124003720.0	100.0	96.9	93.8
202607	230A10400	20	社内売	0.0	0.0	0.0	0.0	0.0	0.0
202607	230A10400	21	社内仕入	11149200.0	27286424.0	23715461.0		86.9	212.7
202607	230A10400	22	仕掛1	0.0	0.0	0.0		0.0	0.0
202607	230A10400	23	総生産	121040800.0	100616852.0	100288259.0		99.6	82.8
202607	230A10400	24	経費合計	132964115.0	134567524.0	153756532.0		114.2	115.6
202607	230A10400	25	経費合計(原価)	86742800.0	88864320.0	109031235.0	70.9	122.6	125.6
202607	230A10400	26	仕掛2	0.0	0.0	0.0	0.0	0.0	0.0
202607	230A10400	27	商品仕入高	43811000.0	39662867.0	48742943.0	44.7	122.8	111.2
202607	230A10400	28	原材料費	0.0	0.0	0.0	0.0	0.0	0.0
202607	230A10400	29	外注加工費	41877200.0	48126853.0	58506596.0	53.6	121.5	139.7
202607	230A10400	30	その他 直接経費	1054600.0	1074600.0	1781696.0	1.6	165.8	168.9
202607	230A10400	31	他勘定振替高	0.0	0.0	0.0	0.0	0.0	0.0
202607	230A10400	32	経費合計（販管費）	46221315.0	45703204.0	44725297.0	29.0	97.8	96.7
202607	230A10400	33	減価償却費	62577.0	60159.0	60159.0	0.1	100.0	96.1
202607	230A10400	34	車両費	2930294.0	2996042.0	2898579.0	6.4	96.7	98.9
202607	230A10400	35	旅費交通費	18000.0	18000.0	162835.0	0.3	904.6	904.6
202607	230A10400	36	荷造運搬費	5000.0	54500.0	49850.0	0.1	91.4	997.0
202607	230A10400	37	通信費	392500.0	386205.0	352808.0	0.7	91.3	89.8
202607	230A10400	38	水道光熱費	372000.0	406900.0	339014.0	0.7	83.3	91.1
202607	230A10400	39	動力費	0.0	0.0	0.0	0.0	0.0	0.0
202607	230A10400	40	事務用品費	185000.0	219300.0	159821.0	0.3	72.8	86.3
202607	230A10400	41	消耗品費	124000.0	198920.0	162646.0	0.3	81.7	131.1
202607	230A10400	42	廃棄物処理料	311000.0	239000.0	-92106.0	0.0	0.0	0.0
202607	230A10400	43	広告宣伝費	664000.0	760300.0	683149.0	1.5	89.8	102.8
202607	230A10400	44	接待交際費	186000.0	66000.0	33546.0	0.0	50.8	18.0
202607	230A10400	45	研究開発費	0.0	0.0	0.0	0.0	0.0	0.0
202607	230A10400	46	アフターサービス費	0.0	0.0	0.0	0.0	0.0	0.0
202607	230A10400	47	クレーム費	0.0	0.0	141444.0	0.3	0.0	0.0
202607	230A10400	48	賃借料	2818780.0	2817980.0	2817980.0	6.3	100.0	99.9
202607	230A10400	49	賃貸料収入	0.0	0.0	0.0	0.0	0.0	0.0
202607	230A10400	50	修繕費	0.0	202000.0	202000.0	0.4	100.0	0.0
202607	230A10400	51	支払リース料	46600.0	34862.0	33912.0	0.0	97.2	72.7
202607	230A10400	52	保険料	20431.0	20745.0	20745.0	0.0	100.0	101.5
202607	230A10400	53	支払報酬	0.0	0.0	0.0	0.0	0.0	0.0
202607	230A10400	54	販売手数料	0.0	0.0	0.0	0.0	0.0	0.0
202607	230A10400	55	支払手数料	447200.0	1183053.0	1312578.0	2.9	110.9	293.5
202607	230A10400	56	診断料	0.0	0.0	0.0	0.0	0.0	0.0
202607	230A10400	57	諸会費	67500.0	40000.0	16322.0	0.0	40.8	24.1
202607	230A10400	58	会議費	2000.0	2000.0	4470.0	0.0	223.5	223.5
202607	230A10400	59	寄付金	0.0	3000.0	3000.0	0.0	100.0	0.0
202607	230A10400	60	租税公課	52000.0	52000.0	39700.0	0.0	76.3	76.3
202607	230A10400	61	業務委託費	0.0	0.0	0.0	0.0	0.0	0.0
202607	230A10400	62	業務受託収入	0.0	0.0	0.0	0.0	0.0	0.0
202607	230A10400	63	システム管理料	0.0	0.0	0.0	0.0	0.0	0.0
202607	230A10400	64	情報機器利用料	3627494.0	3642644.0	3611614.0	8.0	99.1	99.5
202607	230A10400	65	貸倒金	0.0	0.0	22000.0	0.0	0.0	0.0
202607	230A10400	66	雑費	51700.0	52191.0	41119.0	0.0	78.7	79.5
202607	230A10400	67	福利消耗品費	23000.0	23000.0	20550.0	0.0	89.3	89.3
202607	230A10400	68	教育研修費	327300.0	174171.0	15865.0	0.0	9.1	4.8
202607	230A10400	69	廃棄損・減耗損	10000.0	46824.0	46824.0	0.1	100.0	468.2
202607	230A10400	70	雑給	0.0	0.0	0.0	0.0	0.0	0.0
202607	230A10400	71	社内金利（固定資産）	19256.0	19256.0	18846.0	0.0	97.8	97.8
202607	230A10400	72	社内金利（売掛金）	202689.0	187589.0	180443.0	0.4	96.1	89.0
202607	230A10400	73	社内金利（在庫）	303100.0	306770.0	409308.0	0.9	133.4	135.0
202607	230A10400	74	営業口銭①（新築）	0.0	652000.0	1102000.0	2.4	169.0	0.0
202607	230A10400	75	営業口銭②（リフォ）	19828500.0	17229490.0	16644547.0	37.2	96.6	83.9
202607	230A10400	76	開発口銭	0.0	0.0	0.0	0.0	0.0	0.0
202607	230A10400	77	部門共通（経費）	11436694.0	11921603.0	11523029.0	25.7	96.6	100.7
202607	230A10400	78	グループ共通	1686700.0	1686700.0	1686700.0	3.7	100.0	100.0
202607	230A10400	79	差引収益	45105185.0	22058178.0	1468664.0		6.6	3.2
202607	230A10400	80	差引比率	10.6	5.4	0.3		5.5	2.8
202607	230A10400	81	総時間	18568.0	18212.5	17669.75		97.0	95.1
202607	230A10400	82	定時間	11365.75	11169.0	10730.75	60.7	96.0	94.4
202607	230A10400	83	残業時間	1540.0	1476.0	1421.75	8.0	96.3	92.3
202607	230A10400	84	移動時間	234.0	236.0	231.5	1.3	98.0	98.9
202607	230A10400	85	部門共通（時間）	5428.25	5331.5	5285.75	29.9	99.1	97.3
202607	230A10400	86	当月時間当り	2429.1	1211.1	83.1		6.8	3.4
202607	230A10400	87	人員	65.0	66.0	66.0		100.0	101.5
202607	100A10100	1	総受注高	217000000.0	133312165.0	111296217.0		83.4	51.2
202607	100A10100	2	【新築】受注高	84000000.0	27300000.0	27970000.0	25.1	102.4	33.2
202607	100A10100	3	【リフォ】受注高	89500000.0	62512165.0	39013244.0	35.0	62.4	43.5
202607	100A10100	4	【資材】受注高	43500000.0	43500000.0	44312973.0	39.8	101.8	101.8
202607	100A10100	5	総売上高	98500000.0	126509228.0	134178408.0		106.0	136.2
202607	100A10100	6	【新築】売上高	18000000.0	51400000.0	51160000.0	38.1	99.5	284.2
202607	100A10100	7	【リフォ】売上高	37000000.0	31609228.0	32561683.0	24.2	103.0	88.0
202607	100A10100	8	【資材】売上高	43500000.0	43500000.0	50662062.0	37.7	116.4	116.4
202607	100A10100	9	【新築】インセンティブ	0.0	0.0	0.0	0.0	0.0	0.0
202607	100A10100	10	【リフォ】インセンティブ	0.0	0.0	0.0	0.0	0.0	0.0
202607	100A10100	11	【資材】インセンティブ	0.0	0.0	-205337.0	0.0	0.0	0.0
202607	100A10100	12	収益①（営業口銭）	6450000.0	7311384.0	7442249.0		101.7	115.3
202607	100A10100	13	【新築】収益①(営業口銭)	900000.0	2570000.0	2558000.0		99.5	284.2
202607	100A10100	14	【リフォ】収益①(営業口銭)	5550000.0	4741384.0	4884249.0		103.0	88.0
202607	100A10100	15	【資材】売上原価	35865000.0	35865000.0	41862846.0		116.7	116.7
202607	100A10100	16	収益②（資材）	7635000.0	7635000.0	8593879.0		112.5	112.5
202607	100A10100	17	総収益	14085000.0	14946384.0	16036128.0		107.2	113.8
202607	100A10100	18	総出荷	55000000.0	83009228.0	83721683.0		100.8	152.2
202607	100A10100	19	社外売	55000000.0	83009228.0	83721683.0	100.0	100.8	152.2
202607	100A10100	20	社内売	0.0	0.0	0.0	0.0	0.0	0.0
202607	100A10100	21	社内仕入	30598854.0	74478839.0	69422731.0		93.2	226.8
202607	100A10100	22	仕掛1	0.0	0.0	0.0		0.0	0.0
202607	100A10100	23	総生産	24401146.0	8530389.0	14298952.0		167.6	58.5
202607	100A10100	24	経費合計	237156601.0	138057078.0	89969456.0		65.1	37.9
202607	100A10100	25	経費合計(原価)	220760686.0	120323925.0	72416388.0	80.4	60.1	32.8
202607	100A10100	26	仕掛2	0.0	0.0	0.0	0.0	0.0	0.0
202607	100A10100	27	商品仕入高	145673430.0	72758136.0	45441192.0	62.7	62.4	31.1
202607	100A10100	28	原材料費	0.0	0.0	0.0	0.0	0.0	0.0
202607	100A10100	29	外注加工費	74907256.0	47385789.0	25515709.0	35.2	53.8	34.0
202607	100A10100	30	その他 直接経費	180000.0	180000.0	1459487.0	2.0	810.8	810.8
202607	100A10100	31	他勘定振替高	0.0	0.0	0.0	0.0	0.0	0.0
202607	100A10100	32	経費合計（販管費）	16395915.0	17733153.0	17553068.0	19.5	98.9	107.0
202607	100A10100	33	減価償却費	34950.0	34950.0	34950.0	0.1	100.0	100.0
202607	100A10100	34	車両費	948023.0	954261.0	1155639.0	6.5	121.1	121.8
202607	100A10100	35	旅費交通費	950000.0	950000.0	654672.0	3.7	68.9	68.9
202607	100A10100	36	荷造運搬費	26000.0	26000.0	52187.0	0.2	200.7	200.7
202607	100A10100	37	通信費	153054.0	153054.0	134634.0	0.7	87.9	87.9
202607	100A10100	38	水道光熱費	132680.0	137644.0	107732.0	0.6	78.2	81.1
202607	100A10100	39	動力費	0.0	0.0	0.0	0.0	0.0	0.0
202607	100A10100	40	事務用品費	37000.0	37500.0	22899.0	0.1	61.0	61.8
202607	100A10100	41	消耗品費	44000.0	31500.0	15593.0	0.0	49.5	35.4
202607	100A10100	42	廃棄物処理料	0.0	0.0	-23983.0	0.0	0.0	0.0
202607	100A10100	43	広告宣伝費	15000.0	15000.0	0.0	0.0	0.0	0.0
202607	100A10100	44	接待交際費	65000.0	65000.0	28179.0	0.1	43.3	43.3
202607	100A10100	45	研究開発費	0.0	0.0	0.0	0.0	0.0	0.0
202607	100A10100	46	アフターサービス費	0.0	0.0	0.0	0.0	0.0	0.0
202607	100A10100	47	クレーム費	0.0	0.0	123268.0	0.7	0.0	0.0
202607	100A10100	48	賃借料	967808.0	1051561.0	1143058.0	6.5	108.7	118.1
202607	100A10100	49	賃貸料収入	-90000.0	-114959.0	-123255.0	0.0	0.0	0.0
202607	100A10100	50	修繕費	0.0	0.0	0.0	0.0	0.0	0.0
202607	100A10100	51	支払リース料	0.0	0.0	0.0	0.0	0.0	0.0
202607	100A10100	52	保険料	1512.0	1512.0	1512.0	0.0	100.0	100.0
202607	100A10100	53	支払報酬	0.0	0.0	0.0	0.0	0.0	0.0
202607	100A10100	54	販売手数料	0.0	0.0	0.0	0.0	0.0	0.0
202607	100A10100	55	支払手数料	60807.0	59952.0	94415.0	0.5	157.4	155.2
202607	100A10100	56	診断料	0.0	0.0	0.0	0.0	0.0	0.0
202607	100A10100	57	諸会費	20200.0	70200.0	7575.0	0.0	10.7	37.5
202607	100A10100	58	会議費	0.0	0.0	0.0	0.0	0.0	0.0
202607	100A10100	59	寄付金	0.0	0.0	0.0	0.0	0.0	0.0
202607	100A10100	60	租税公課	23000.0	23000.0	30700.0	0.1	133.4	133.4
202607	100A10100	61	業務委託費	0.0	0.0	0.0	0.0	0.0	0.0
202607	100A10100	62	業務受託収入	0.0	0.0	0.0	0.0	0.0	0.0
202607	100A10100	63	システム管理料	0.0	0.0	0.0	0.0	0.0	0.0
202607	100A10100	64	情報機器利用料	895330.0	965340.0	945710.0	5.3	97.9	105.6
202607	100A10100	65	貸倒金	0.0	0.0	0.0	0.0	0.0	0.0
202607	100A10100	66	雑費	17000.0	17000.0	10182.0	0.0	59.8	59.8
202607	100A10100	67	福利消耗品費	5000.0	5000.0	0.0	0.0	0.0	0.0
202607	100A10100	68	教育研修費	23245.0	23349.0	22559.0	0.1	96.6	97.0
202607	100A10100	69	廃棄損・減耗損	0.0	0.0	0.0	0.0	0.0	0.0
202607	100A10100	70	雑給	0.0	0.0	0.0	0.0	0.0	0.0
202607	100A10100	71	社内金利（固定資産）	13000.0	13000.0	10633.0	0.0	81.7	81.7
202607	100A10100	72	社内金利（売掛金）	70000.0	70000.0	47197.0	0.2	67.4	67.4
202607	100A10100	73	社内金利（在庫）	10000.0	10000.0	14281.0	0.0	142.8	142.8
202607	100A10100	74	営業口銭①（新築）	900000.0	2570000.0	2558000.0	14.5	99.5	284.2
202607	100A10100	75	営業口銭②（リフォ）	5550000.0	4741384.0	4884249.0	27.8	103.0	88.0
202607	100A10100	76	開発口銭	0.0	0.0	0.0	0.0	0.0	0.0
202607	100A10100	77	部門共通（経費）	5145106.0	5443705.0	5222282.0	29.7	95.9	101.4
202607	100A10100	78	グループ共通	378200.0	378200.0	378200.0	2.1	100.0	100.0
202607	100A10100	79	差引収益	-198670455.0	-114580305.0	-59634376.0		0.0	0.0
202607	100A10100	80	差引比率	-161.6	-84.8	-40.1		0.0	0.0
202607	100A10100	81	総時間	5592.5	5557.25	5426.75		97.6	97.0
202607	100A10100	82	定時間	2760.0	2756.0	2599.25	47.8	94.3	94.1
202607	100A10100	83	残業時間	452.0	452.0	489.25	9.0	108.2	108.2
202607	100A10100	84	移動時間	20.0	20.0	28.0	0.5	140.0	140.0
202607	100A10100	85	部門共通（時間）	2360.5	2329.25	2310.25	42.5	99.1	97.8
202607	100A10100	86	当月時間当り	-35524.4	-20618.1	-10988.9		0.0	0.0
202607	100A10100	87	人員	15.0	15.0	15.0		100.0	100.0
202607	230P10100	1	総出荷	0.0	0.0	0.0		0.0	0.0
202607	230P10100	2	社外売	0.0	0.0	0.0	0.0	0.0	0.0
202607	230P10100	3	社内売	0.0	0.0	0.0	0.0	0.0	0.0
202607	230P10100	4	社内仕入	0.0	0.0	0.0		0.0	0.0
202607	230P10100	5	仕掛1	0.0	0.0	0.0		0.0	0.0
202607	230P10100	6	総生産	0.0	0.0	0.0		0.0	0.0
202607	230P10100	7	経費合計	0.0	0.0	0.0		0.0	0.0
202607	230P10100	8	経費合計(原価)	0.0	0.0	0.0	0.0	0.0	0.0
202607	230P10100	9	仕掛2	0.0	0.0	0.0	0.0	0.0	0.0
202607	230P10100	10	商品仕入高	0.0	0.0	0.0	0.0	0.0	0.0
202607	230P10100	11	原材料費	0.0	0.0	0.0	0.0	0.0	0.0
202607	230P10100	12	外注加工費	0.0	0.0	0.0	0.0	0.0	0.0
202607	230P10100	13	その他 直接経費	0.0	0.0	0.0	0.0	0.0	0.0
202607	230P10100	14	他勘定振替高	0.0	0.0	0.0	0.0	0.0	0.0
202607	230P10100	15	経費合計（販管費）	0.0	0.0	0.0	0.0	0.0	0.0
202607	230P10100	16	減価償却費	0.0	0.0	0.0	0.0	0.0	0.0
202607	230P10100	17	車両費	331000.0	324000.0	309153.0	0.0	95.4	93.3
202607	230P10100	18	旅費交通費	283600.0	194780.0	151508.0	0.0	77.7	53.4
202607	230P10100	19	荷造運搬費	0.0	0.0	0.0	0.0	0.0	0.0
202607	230P10100	20	通信費	19762.0	19762.0	17081.0	0.0	86.4	86.4
202607	230P10100	21	水道光熱費	11000.0	11000.0	8817.0	0.0	80.1	80.1
202607	230P10100	22	動力費	0.0	0.0	0.0	0.0	0.0	0.0
202607	230P10100	23	事務用品費	6000.0	6000.0	4747.0	0.0	79.1	79.1
202607	230P10100	24	消耗品費	1500.0	1500.0	2470.0	0.0	164.6	164.6
202607	230P10100	25	廃棄物処理料	0.0	0.0	0.0	0.0	0.0	0.0
202607	230P10100	26	広告宣伝費	0.0	0.0	0.0	0.0	0.0	0.0
202607	230P10100	27	接待交際費	10000.0	0.0	0.0	0.0	0.0	0.0
202607	230P10100	28	研究開発費	0.0	0.0	0.0	0.0	0.0	0.0
202607	230P10100	29	アフターサービス費	0.0	0.0	0.0	0.0	0.0	0.0
202607	230P10100	30	クレーム費	0.0	0.0	0.0	0.0	0.0	0.0
202607	230P10100	31	賃借料	136800.0	136800.0	136800.0	0.0	100.0	100.0
202607	230P10100	32	賃貸料収入	0.0	0.0	0.0	0.0	0.0	0.0
202607	230P10100	33	修繕費	0.0	0.0	0.0	0.0	0.0	0.0
202607	230P10100	34	支払リース料	0.0	0.0	0.0	0.0	0.0	0.0
202607	230P10100	35	保険料	563.0	563.0	0.0	0.0	0.0	0.0
202607	230P10100	36	支払報酬	0.0	0.0	0.0	0.0	0.0	0.0
202607	230P10100	37	販売手数料	0.0	0.0	0.0	0.0	0.0	0.0
202607	230P10100	38	支払手数料	1166.0	1166.0	1166.0	0.0	100.0	100.0
202607	230P10100	39	診断料	0.0	0.0	0.0	0.0	0.0	0.0
202607	230P10100	40	諸会費	500.0	500.0	1000.0	0.0	200.0	200.0
202607	230P10100	41	会議費	0.0	0.0	0.0	0.0	0.0	0.0
202607	230P10100	42	寄付金	0.0	0.0	0.0	0.0	0.0	0.0
202607	230P10100	43	租税公課	0.0	0.0	0.0	0.0	0.0	0.0
202607	230P10100	44	業務委託費	0.0	0.0	0.0	0.0	0.0	0.0
202607	230P10100	45	業務受託収入	-15000.0	-15000.0	-15000.0	0.0	0.0	0.0
202607	230P10100	46	システム管理料	0.0	0.0	0.0	0.0	0.0	0.0
202607	230P10100	47	情報機器利用料	313830.0	323094.0	323094.0	0.0	100.0	102.9
202607	230P10100	48	貸倒金	0.0	0.0	0.0	0.0	0.0	0.0
202607	230P10100	49	雑費	1053.0	1053.0	996.0	0.0	94.5	94.5
202607	230P10100	50	福利消耗品費	0.0	0.0	792.0	0.0	0.0	0.0
202607	230P10100	51	教育研修費	20800.0	30800.0	0.0	0.0	0.0	0.0
202607	230P10100	52	廃棄損・減耗損	0.0	0.0	0.0	0.0	0.0	0.0
202607	230P10100	53	雑給	0.0	0.0	0.0	0.0	0.0	0.0
202607	230P10100	54	社内金利（固定資産）	0.0	0.0	0.0	0.0	0.0	0.0
202607	230P10100	55	社内金利（売掛金）	0.0	0.0	0.0	0.0	0.0	0.0
202607	230P10100	56	社内金利（在庫）	0.0	0.0	0.0	0.0	0.0	0.0
202607	230P10100	57	営業口銭①（新築）	0.0	0.0	0.0	0.0	0.0	0.0
202607	230P10100	58	営業口銭②（リフォ）	0.0	0.0	0.0	0.0	0.0	0.0
202607	230P10100	59	開発口銭	0.0	0.0	0.0	0.0	0.0	0.0
202607	230P10100	60	部門共通（経費）	-1323974.0	-1237418.0	-1144024.0	0.0	0.0	0.0
202607	230P10100	61	グループ共通	201400.0	201400.0	201400.0	0.0	100.0	100.0
202607	230P10100	62	差引収益	0.0	0.0	0.0		0.0	0.0
202607	230P10100	63	差引比率	0.0	0.0	0.0		0.0	0.0
202607	230P10100	64	総時間	0.0	0.0	0.0		0.0	0.0
202607	230P10100	65	定時間	1494.5	1464.5	1427.25	0.0	97.4	95.5
202607	230P10100	66	残業時間	192.0	192.0	227.0	0.0	118.2	118.2
202607	230P10100	67	移動時間	-10.5	-10.5	-10.5	0.0	0.0	0.0
202607	230P10100	68	部門共通（時間）	-1676.0	-1646.0	-1643.75	0.0	0.0	0.0
202607	230P10100	69	当月時間当り	0.0	0.0	0.0		0.0	0.0
202607	230P10100	70	人員	9.0	9.0	9.0		100.0	100.0
202607	220C10100	1	総受注高	134200000.0	277580000.0	273746517.0		98.6	203.9
202607	220C10100	2	【新築】受注高	62000000.0	224000000.0	220495000.0	80.5	98.4	355.6
202607	220C10100	3	【リフォ】受注高	38000000.0	19380000.0	24100433.0	8.8	124.3	63.4
202607	220C10100	4	【資材】受注高	34200000.0	34200000.0	29151084.0	10.6	85.2	85.2
202607	220C10100	5	総売上高	82600000.0	54060000.0	49869702.0		92.2	60.3
202607	220C10100	6	【新築】売上高	14000000.0	3150000.0	3150000.0	6.3	100.0	22.5
202607	220C10100	7	【リフォ】売上高	29600000.0	11910000.0	11094530.0	22.2	93.1	37.4
202607	220C10100	8	【資材】売上高	39000000.0	39000000.0	35625172.0	71.4	91.3	91.3
202607	220C10100	9	【新築】インセンティブ	0.0	0.0	0.0	0.0	0.0	0.0
202607	220C10100	10	【リフォ】インセンティブ	0.0	0.0	0.0	0.0	0.0	0.0
202607	220C10100	11	【資材】インセンティブ	0.0	0.0	0.0	0.0	0.0	0.0
202607	220C10100	12	収益①（営業口銭）	5140000.0	1944000.0	1821679.0		93.7	35.4
202607	220C10100	13	【新築】収益①(営業口銭)	700000.0	157500.0	157500.0		100.0	22.5
202607	220C10100	14	【リフォ】収益①(営業口銭)	4440000.0	1786500.0	1664179.0		93.1	37.4
202607	220C10100	15	【資材】売上原価	31000000.0	31000000.0	27467893.0		88.6	88.6
202607	220C10100	16	収益②（資材）	8000000.0	8000000.0	8157279.0		101.9	101.9
202607	220C10100	17	総収益	13140000.0	9944000.0	9978958.0		100.3	75.9
202607	220C10100	18	経費合計	5459846.0	6503397.0	6583900.0		101.2	120.5
202607	220C10100	19	減価償却費	21049.0	21049.0	56014.0	0.8	266.1	266.1
202607	220C10100	20	車両費	890564.0	980980.0	858734.0	13.0	87.5	96.4
202607	220C10100	21	旅費交通費	441250.0	376250.0	335082.0	5.0	89.0	75.9
202607	220C10100	22	荷造運搬費	3000.0	3000.0	1140.0	0.0	38.0	38.0
202607	220C10100	23	通信費	83736.0	83736.0	84943.0	1.2	101.4	101.4
202607	220C10100	24	水道光熱費	50277.0	50277.0	46693.0	0.7	92.8	92.8
202607	220C10100	25	動力費	0.0	0.0	0.0	0.0	0.0	0.0
202607	220C10100	26	事務用品費	35500.0	35500.0	31539.0	0.4	88.8	88.8
202607	220C10100	27	消耗品費	43000.0	933200.0	940667.0	14.2	100.8	
202607	220C10100	28	廃棄物処理料	51900.0	51900.0	59859.0	0.9	115.3	115.3
202607	220C10100	29	広告宣伝費	3529.0	3529.0	11991.0	0.1	339.7	339.7
202607	220C10100	30	接待交際費	57000.0	80000.0	41638.0	0.6	52.0	73.0
202607	220C10100	31	研究開発費	0.0	0.0	0.0	0.0	0.0	0.0
202607	220C10100	32	アフターサービス費	0.0	0.0	0.0	0.0	0.0	0.0
202607	220C10100	33	クレーム費	0.0	0.0	0.0	0.0	0.0	0.0
202607	220C10100	34	賃借料	618000.0	618000.0	618000.0	9.3	100.0	100.0
202607	220C10100	35	賃貸料収入	-32240.0	-32240.0	-32240.0	0.0	0.0	0.0
202607	220C10100	36	修繕費	0.0	0.0	0.0	0.0	0.0	0.0
202607	220C10100	37	支払リース料	6720.0	6720.0	6720.0	0.1	100.0	100.0
202607	220C10100	38	保険料	2747.0	2747.0	2657.0	0.0	96.7	96.7
202607	220C10100	39	支払報酬	0.0	0.0	0.0	0.0	0.0	0.0
202607	220C10100	40	販売手数料	0.0	0.0	0.0	0.0	0.0	0.0
202607	220C10100	41	支払手数料	44960.0	44960.0	90781.0	1.3	201.9	201.9
202607	220C10100	42	診断料	0.0	0.0	0.0	0.0	0.0	0.0
202607	220C10100	43	諸会費	26350.0	26350.0	1350.0	0.0	5.1	5.1
202607	220C10100	44	会議費	0.0	0.0	0.0	0.0	0.0	0.0
202607	220C10100	45	寄付金	0.0	0.0	0.0	0.0	0.0	0.0
202607	220C10100	46	租税公課	18000.0	18000.0	111100.0	1.6	617.2	617.2
202607	220C10100	47	業務委託費	0.0	0.0	0.0	0.0	0.0	0.0
202607	220C10100	48	業務受託収入	0.0	0.0	0.0	0.0	0.0	0.0
202607	220C10100	49	システム管理料	0.0	0.0	0.0	0.0	0.0	0.0
202607	220C10100	50	情報機器利用料	591280.0	593200.0	592408.0	8.9	99.8	100.1
202607	220C10100	51	貸倒金	0.0	0.0	0.0	0.0	0.0	0.0
202607	220C10100	52	雑費	31240.0	31240.0	62515.0	0.9	200.1	200.1
202607	220C10100	53	福利消耗品費	0.0	17500.0	16078.0	0.2	91.8	0.0
202607	220C10100	54	教育研修費	2871.0	2871.0	2871.0	0.0	100.0	100.0
202607	220C10100	55	廃棄損・減耗損	0.0	0.0	0.0	0.0	0.0	0.0
202607	220C10100	56	雑給	0.0	0.0	0.0	0.0	0.0	0.0
202607	220C10100	57	社内金利（固定資産）	6651.0	6651.0	12427.0	0.1	186.8	186.8
202607	220C10100	58	社内金利（売掛金）	102463.0	102463.0	99683.0	1.5	97.2	97.2
202607	220C10100	59	社内金利（在庫）	36602.0	36602.0	69525.0	1.0	189.9	189.9
202607	220C10100	60	開発口銭	0.0	0.0	0.0	0.0	0.0	0.0
202607	220C10100	61	部門共通（経費）	2046997.0	2132512.0	2185325.0	33.1	102.4	106.7
202607	220C10100	62	グループ共通	276400.0	276400.0	276400.0	4.1	100.0	100.0
202607	220C10100	63	差引収益	7680154.0	3440603.0	3395058.0		98.6	44.2
202607	220C10100	64	差引比率	9.2	6.3	6.8		107.9	73.9
202607	220C10100	65	総時間	2956.5	3078.0	2909.25		94.5	98.4
202607	220C10100	66	定時間	1737.0	1838.0	1678.5	57.6	91.3	96.6
202607	220C10100	67	残業時間	239.0	255.5	271.0	9.3	106.0	113.3
202607	220C10100	68	移動時間	-91.0	-73.0	-91.0	0.0	0.0	0.0
202607	220C10100	69	部門共通（時間）	1071.5	1057.5	1050.75	36.1	99.3	98.0
202607	220C10100	70	当月時間当り	2597.7	1117.8	1166.9		104.3	44.9
202607	220C10100	71	人員	10.0	11.0	11.0		100.0	110.0
202607	220C10200	1	総受注高	134200000.0	277580000.0	273746517.0		98.6	203.9
202607	220C10200	2	【新築】受注高	62000000.0	224000000.0	220495000.0	80.5	98.4	355.6
202607	220C10200	3	【リフォ】受注高	38000000.0	19380000.0	24100433.0	8.8	124.3	63.4
202607	220C10200	4	【資材】受注高	34200000.0	34200000.0	29151084.0	10.6	85.2	85.2
202607	220C10200	5	総売上高	82600000.0	54060000.0	49869702.0		92.2	60.3
202607	220C10200	6	【新築】売上高	14000000.0	3150000.0	3150000.0	6.3	100.0	22.5
202607	220C10200	7	【リフォ】売上高	29600000.0	11910000.0	11094530.0	22.2	93.1	37.4
202607	220C10200	8	【資材】売上高	39000000.0	39000000.0	35625172.0	71.4	91.3	91.3
202607	220C10200	9	【新築】インセンティブ	0.0	0.0	0.0	0.0	0.0	0.0
202607	220C10200	10	【リフォ】インセンティブ	0.0	0.0	0.0	0.0	0.0	0.0
202607	220C10200	11	【資材】インセンティブ	0.0	0.0	0.0	0.0	0.0	0.0
202607	220C10200	12	収益①（営業口銭）	5140000.0	1944000.0	1821679.0		93.7	35.4
202607	220C10200	13	【新築】収益①(営業口銭)	700000.0	157500.0	157500.0		100.0	22.5
202607	220C10200	14	【リフォ】収益①(営業口銭)	4440000.0	1786500.0	1664179.0		93.1	37.4
202607	220C10200	15	【資材】売上原価	31000000.0	31000000.0	27467893.0		88.6	88.6
202607	220C10200	16	収益②（資材）	8000000.0	8000000.0	8157279.0		101.9	101.9
202607	220C10200	17	総収益	13140000.0	9944000.0	9978958.0		100.3	75.9
202607	220C10200	18	総出荷	43600000.0	15060000.0	14244530.0		94.5	32.6
202607	220C10200	19	社外売	43600000.0	15060000.0	14244530.0	100.0	94.5	32.6
202607	220C10200	20	社内売	0.0	0.0	0.0	0.0	0.0	0.0
202607	220C10200	21	社内仕入	7760000.0	5181956.0	4939355.0		95.3	63.6
202607	220C10200	22	仕掛1	0.0	0.0	0.0		0.0	0.0
202607	220C10200	23	総生産	35840000.0	9878044.0	9305175.0		94.2	25.9
202607	220C10200	24	経費合計	29583500.0	34312254.0	40214048.0		117.2	135.9
202607	220C10200	25	経費合計(原価)	17340000.0	24008445.0	29831823.0	74.1	124.2	172.0
202607	220C10200	26	仕掛2	0.0	0.0	0.0	0.0	0.0	0.0
202607	220C10200	27	商品仕入高	10320000.0	7170995.0	12928856.0	43.3	180.2	125.2
202607	220C10200	28	原材料費	0.0	0.0	0.0	0.0	0.0	0.0
202607	220C10200	29	外注加工費	6320000.0	15751050.0	16281316.0	54.5	103.3	257.6
202607	220C10200	30	その他 直接経費	700000.0	1086400.0	621651.0	2.0	57.2	88.8
202607	220C10200	31	他勘定振替高	0.0	0.0	0.0	0.0	0.0	0.0
202607	220C10200	32	経費合計（販管費）	12243500.0	10303809.0	10382225.0	25.8	100.7	84.7
202607	220C10200	33	減価償却費	53339.0	53339.0	61725.0	0.5	115.7	115.7
202607	220C10200	34	車両費	1235641.0	1295649.0	1294854.0	12.4	99.9	104.7
202607	220C10200	35	旅費交通費	591250.0	579750.0	477806.0	4.6	82.4	80.8
202607	220C10200	36	荷造運搬費	13000.0	13000.0	46140.0	0.4	354.9	354.9
202607	220C10200	37	通信費	93472.0	93472.0	94630.0	0.9	101.2	101.2
202607	220C10200	38	水道光熱費	60637.0	60637.0	56265.0	0.5	92.7	92.7
202607	220C10200	39	動力費	0.0	0.0	0.0	0.0	0.0	0.0
202607	220C10200	40	事務用品費	41300.0	41300.0	37373.0	0.3	90.4	90.4
202607	220C10200	41	消耗品費	130000.0	1191000.0	1182093.0	11.3	99.2	909.3
202607	220C10200	42	廃棄物処理料	51900.0	51900.0	299298.0	2.8	576.6	576.6
202607	220C10200	43	広告宣伝費	3529.0	3529.0	11991.0	0.1	339.7	339.7
202607	220C10200	44	接待交際費	67000.0	80000.0	41638.0	0.4	52.0	62.1
202607	220C10200	45	研究開発費	0.0	0.0	0.0	0.0	0.0	0.0
202607	220C10200	46	アフターサービス費	0.0	0.0	0.0	0.0	0.0	0.0
202607	220C10200	47	クレーム費	0.0	0.0	0.0	0.0	0.0	0.0
202607	220C10200	48	賃借料	709640.0	715200.0	715200.0	6.8	100.0	100.7
202607	220C10200	49	賃貸料収入	-32240.0	-26680.0	-37800.0	0.0	0.0	0.0
202607	220C10200	50	修繕費	0.0	0.0	0.0	0.0	0.0	0.0
202607	220C10200	51	支払リース料	8400.0	8400.0	8400.0	0.0	100.0	100.0
202607	220C10200	52	保険料	2747.0	2747.0	2657.0	0.0	96.7	96.7
202607	220C10200	53	支払報酬	0.0	0.0	0.0	0.0	0.0	0.0
202607	220C10200	54	販売手数料	0.0	0.0	0.0	0.0	0.0	0.0
202607	220C10200	55	支払手数料	48200.0	48200.0	94021.0	0.9	195.0	195.0
202607	220C10200	56	診断料	0.0	0.0	0.0	0.0	0.0	0.0
202607	220C10200	57	諸会費	26350.0	26350.0	1350.0	0.0	5.1	5.1
202607	220C10200	58	会議費	0.0	0.0	0.0	0.0	0.0	0.0
202607	220C10200	59	寄付金	0.0	0.0	0.0	0.0	0.0	0.0
202607	220C10200	60	租税公課	18000.0	18000.0	111100.0	1.0	617.2	617.2
202607	220C10200	61	業務委託費	0.0	0.0	0.0	0.0	0.0	0.0
202607	220C10200	62	業務受託収入	0.0	0.0	0.0	0.0	0.0	0.0
202607	220C10200	63	システム管理料	0.0	0.0	0.0	0.0	0.0	0.0
202607	220C10200	64	情報機器利用料	755380.0	756610.0	755818.0	7.2	99.8	100.0
202607	220C10200	65	貸倒金	0.0	0.0	0.0	0.0	0.0	0.0
202607	220C10200	66	雑費	31800.0	31800.0	63075.0	0.6	198.3	198.3
202607	220C10200	67	福利消耗品費	0.0	17500.0	18048.0	0.1	103.1	0.0
202607	220C10200	68	教育研修費	2871.0	2871.0	2871.0	0.0	100.0	100.0
202607	220C10200	69	廃棄損・減耗損	0.0	0.0	0.0	0.0	0.0	0.0
202607	220C10200	70	雑給	0.0	0.0	0.0	0.0	0.0	0.0
202607	220C10200	71	社内金利（固定資産）	6651.0	6651.0	13596.0	0.1	204.4	204.4
202607	220C10200	72	社内金利（売掛金）	102463.0	102463.0	99683.0	0.9	97.2	97.2
202607	220C10200	73	社内金利（在庫）	36602.0	36602.0	69525.0	0.6	189.9	189.9
202607	220C10200	74	営業口銭①（新築）	700000.0	157500.0	157500.0	1.5	100.0	22.5
202607	220C10200	75	営業口銭②（リフォ）	4440000.0	1786500.0	1664179.0	16.0	93.1	37.4
202607	220C10200	76	開発口銭	0.0	0.0	0.0	0.0	0.0	0.0
202607	220C10200	77	部門共通（経費）	2693368.0	2797319.0	2686989.0	25.8	96.0	99.7
202607	220C10200	78	グループ共通	352200.0	352200.0	352200.0	3.3	100.0	100.0
202607	220C10200	79	差引収益	19396500.0	-14490210.0	-20929915.0		0.0	0.0
202607	220C10200	80	差引比率	16.3	-22.6	-35.3		0.0	0.0
202607	220C10200	81	総時間	4116.75	4131.0	3962.5		95.9	96.2
202607	220C10200	82	定時間	2245.0	2262.0	2104.0	53.0	93.0	93.7
202607	220C10200	83	残業時間	338.0	344.5	362.25	9.1	105.1	107.1
202607	220C10200	84	移動時間	67.0	85.0	67.0	1.6	78.8	100.0
202607	220C10200	85	部門共通（時間）	1466.75	1439.5	1429.25	36.0	99.2	97.4
202607	220C10200	86	当月時間当り	4711.6	-3507.6	-5281.9		0.0	0.0
202607	220C10200	87	人員	13.0	14.0	14.0		100.0	107.6
202607	220C30101	1	総出荷	43600000.0	15060000.0	14244530.0		94.5	32.6
202607	220C30101	2	社外売	43600000.0	15060000.0	14244530.0	100.0	94.5	32.6
202607	220C30101	3	社内売	0.0	0.0	0.0	0.0	0.0	0.0
202607	220C30101	4	社内仕入	7760000.0	5181956.0	4939355.0		95.3	63.6
202607	220C30101	5	仕掛1	0.0	0.0	0.0		0.0	0.0
202607	220C30101	6	総生産	35840000.0	9878044.0	9305175.0		94.2	25.9
202607	220C30101	7	経費合計	24123654.0	27808857.0	33630148.0		120.9	139.4
202607	220C30101	8	経費合計(原価)	17340000.0	24008445.0	29831823.0	88.7	124.2	172.0
202607	220C30101	9	仕掛2	0.0	0.0	0.0	0.0	0.0	0.0
202607	220C30101	10	商品仕入高	10320000.0	7170995.0	12928856.0	43.3	180.2	125.2
202607	220C30101	11	原材料費	0.0	0.0	0.0	0.0	0.0	0.0
202607	220C30101	12	外注加工費	6320000.0	15751050.0	16281316.0	54.5	103.3	257.6
202607	220C30101	13	その他 直接経費	700000.0	1086400.0	621651.0	2.0	57.2	88.8
202607	220C30101	14	他勘定振替高	0.0	0.0	0.0	0.0	0.0	0.0
202607	220C30101	15	経費合計（販管費）	6783654.0	3800412.0	3798325.0	11.2	99.9	55.9
202607	220C30101	16	減価償却費	32290.0	32290.0	5711.0	0.1	17.6	17.6
202607	220C30101	17	車両費	345077.0	314669.0	436120.0	11.4	138.5	126.3
202607	220C30101	18	旅費交通費	150000.0	203500.0	142724.0	3.7	70.1	95.1
202607	220C30101	19	荷造運搬費	10000.0	10000.0	45000.0	1.1	450.0	450.0
202607	220C30101	20	通信費	9736.0	9736.0	9687.0	0.2	99.4	99.4
202607	220C30101	21	水道光熱費	10360.0	10360.0	9572.0	0.2	92.3	92.3
202607	220C30101	22	動力費	0.0	0.0	0.0	0.0	0.0	0.0
202607	220C30101	23	事務用品費	5800.0	5800.0	5834.0	0.1	100.5	100.5
202607	220C30101	24	消耗品費	87000.0	257800.0	241426.0	6.3	93.6	277.5
202607	220C30101	25	廃棄物処理料	0.0	0.0	239439.0	6.3	0.0	0.0
202607	220C30101	26	広告宣伝費	0.0	0.0	0.0	0.0	0.0	0.0
202607	220C30101	27	接待交際費	10000.0	0.0	0.0	0.0	0.0	0.0
202607	220C30101	28	研究開発費	0.0	0.0	0.0	0.0	0.0	0.0
202607	220C30101	29	アフターサービス費	0.0	0.0	0.0	0.0	0.0	0.0
202607	220C30101	30	クレーム費	0.0	0.0	0.0	0.0	0.0	0.0
202607	220C30101	31	賃借料	91640.0	97200.0	97200.0	2.5	100.0	106.0
202607	220C30101	32	賃貸料収入	0.0	5560.0	-5560.0	0.0	0.0	0.0
202607	220C30101	33	修繕費	0.0	0.0	0.0	0.0	0.0	0.0
202607	220C30101	34	支払リース料	1680.0	1680.0	1680.0	0.0	100.0	100.0
202607	220C30101	35	保険料	0.0	0.0	0.0	0.0	0.0	0.0
202607	220C30101	36	支払報酬	0.0	0.0	0.0	0.0	0.0	0.0
202607	220C30101	37	販売手数料	0.0	0.0	0.0	0.0	0.0	0.0
202607	220C30101	38	支払手数料	3240.0	3240.0	3240.0	0.0	100.0	100.0
202607	220C30101	39	診断料	0.0	0.0	0.0	0.0	0.0	0.0
202607	220C30101	40	諸会費	0.0	0.0	0.0	0.0	0.0	0.0
202607	220C30101	41	会議費	0.0	0.0	0.0	0.0	0.0	0.0
202607	220C30101	42	寄付金	0.0	0.0	0.0	0.0	0.0	0.0
202607	220C30101	43	租税公課	0.0	0.0	0.0	0.0	0.0	0.0
202607	220C30101	44	業務委託費	0.0	0.0	0.0	0.0	0.0	0.0
202607	220C30101	45	業務受託収入	0.0	0.0	0.0	0.0	0.0	0.0
202607	220C30101	46	システム管理料	0.0	0.0	0.0	0.0	0.0	0.0
202607	220C30101	47	情報機器利用料	164100.0	163410.0	163410.0	4.3	100.0	99.5
202607	220C30101	48	貸倒金	0.0	0.0	0.0	0.0	0.0	0.0
202607	220C30101	49	雑費	560.0	560.0	560.0	0.0	100.0	100.0
202607	220C30101	50	福利消耗品費	0.0	0.0	1970.0	0.0	0.0	0.0
202607	220C30101	51	教育研修費	0.0	0.0	0.0	0.0	0.0	0.0
202607	220C30101	52	廃棄損・減耗損	0.0	0.0	0.0	0.0	0.0	0.0
202607	220C30101	53	雑給	0.0	0.0	0.0	0.0	0.0	0.0
202607	220C30101	54	社内金利（固定資産）	0.0	0.0	1169.0	0.0	0.0	0.0
202607	220C30101	55	社内金利（売掛金）	0.0	0.0	0.0	0.0	0.0	0.0
202607	220C30101	56	社内金利（在庫）	0.0	0.0	0.0	0.0	0.0	0.0
202607	220C30101	57	営業口銭①（新築）	700000.0	157500.0	157500.0	4.1	100.0	22.5
202607	220C30101	58	営業口銭②（リフォ）	4440000.0	1786500.0	1664179.0	43.8	93.1	37.4
202607	220C30101	59	開発口銭	0.0	0.0	0.0	0.0	0.0	0.0
202607	220C30101	60	部門共通（経費）	646371.0	664807.0	501664.0	13.2	75.4	77.6
202607	220C30101	61	グループ共通	75800.0	75800.0	75800.0	1.9	100.0	100.0
202607	220C30101	62	差引収益	11716346.0	-17930813.0	-24324973.0		0.0	0.0
202607	220C30101	63	差引比率	32.6	-181.5	-261.4		0.0	0.0
202607	220C30101	64	総時間	1160.25	1053.0	1053.25		100.0	90.7
202607	220C30101	65	定時間	508.0	424.0	425.5	40.3	100.3	83.7
202607	220C30101	66	残業時間	99.0	89.0	91.25	8.6	102.5	92.1
202607	220C30101	67	移動時間	158.0	158.0	158.0	15.0	100.0	100.0
202607	220C30101	68	部門共通（時間）	395.25	382.0	378.5	35.9	99.0	95.7
202607	220C30101	69	当月時間当り	10098.1	-17028.3	-23095.1		0.0	0.0
202607	220C30101	70	人員	3.0	3.0	3.0		100.0	100.0
202607	230A10200	1	総受注高	85700000.0	65090000.0	50747732.0		77.9	59.2
202607	230A10200	2	【新築】受注高	0.0	0.0	0.0	0.0	0.0	0.0
202607	230A10200	3	【リフォ】受注高	52100000.0	31490000.0	27118372.0	53.4	86.1	52.0
202607	230A10200	4	【資材】受注高	33600000.0	33600000.0	23629360.0	46.5	70.3	70.3
202607	230A10200	5	総売上高	83000000.0	67830000.0	59138750.0		87.1	71.2
202607	230A10200	6	【新築】売上高	0.0	6340000.0	6340000.0	10.7	100.0	0.0
202607	230A10200	7	【リフォ】売上高	45000000.0	22390000.0	23325640.0	39.4	104.1	51.8
202607	230A10200	8	【資材】売上高	38000000.0	39100000.0	29473110.0	49.8	75.3	77.5
202607	230A10200	9	【新築】インセンティブ	0.0	0.0	0.0	0.0	0.0	0.0
202607	230A10200	10	【リフォ】インセンティブ	0.0	0.0	0.0	0.0	0.0	0.0
202607	230A10200	11	【資材】インセンティブ	0.0	0.0	0.0	0.0	0.0	0.0
202607	230A10200	12	収益①（営業口銭）	6750000.0	3675500.0	3815843.0		103.8	56.5
202607	230A10200	13	【新築】収益①(営業口銭)	0.0	317000.0	317000.0		100.0	0.0
202607	230A10200	14	【リフォ】収益①(営業口銭)	6750000.0	3358500.0	3498843.0		104.1	51.8
202607	230A10200	15	【資材】売上原価	29640000.0	30504640.0	20775346.0		68.1	70.0
202607	230A10200	16	収益②（資材）	8360000.0	8595360.0	8697764.0		101.1	104.0
202607	230A10200	17	総収益	15110000.0	12270860.0	12513607.0		101.9	82.8
202607	230A10200	18	経費合計	5340528.0	5836702.0	5778418.0		99.0	108.1
202607	230A10200	19	減価償却費	689.0	689.0	689.0	0.0	100.0	100.0
202607	230A10200	20	車両費	611300.0	550000.0	541908.0	9.3	98.5	88.6
202607	230A10200	21	旅費交通費	15000.0	10000.0	61901.0	1.0	619.0	412.6
202607	230A10200	22	荷造運搬費	0.0	40765.0	37059.0	0.6	90.9	0.0
202607	230A10200	23	通信費	95000.0	94000.0	88824.0	1.5	94.4	93.4
202607	230A10200	24	水道光熱費	85000.0	102000.0	85723.0	1.4	84.0	100.8
202607	230A10200	25	動力費	0.0	0.0	0.0	0.0	0.0	0.0
202607	230A10200	26	事務用品費	45000.0	86000.0	50346.0	0.8	58.5	111.8
202607	230A10200	27	消耗品費	20000.0	45920.0	29429.0	0.5	64.0	147.1
202607	230A10200	28	廃棄物処理料	35000.0	75000.0	89434.0	1.5	119.2	255.5
202607	230A10200	29	広告宣伝費	145000.0	204500.0	198467.0	3.4	97.0	136.8
202607	230A10200	30	接待交際費	30000.0	20000.0	5000.0	0.0	25.0	16.6
202607	230A10200	31	研究開発費	0.0	0.0	0.0	0.0	0.0	0.0
202607	230A10200	32	アフターサービス費	0.0	0.0	0.0	0.0	0.0	0.0
202607	230A10200	33	クレーム費	0.0	0.0	0.0	0.0	0.0	0.0
202607	230A10200	34	賃借料	499200.0	499200.0	499200.0	8.6	100.0	100.0
202607	230A10200	35	賃貸料収入	0.0	0.0	0.0	0.0	0.0	0.0
202607	230A10200	36	修繕費	0.0	0.0	0.0	0.0	0.0	0.0
202607	230A10200	37	支払リース料	6970.0	6889.0	6560.0	0.1	95.2	94.1
202607	230A10200	38	保険料	5007.0	5007.0	5007.0	0.0	100.0	100.0
202607	230A10200	39	支払報酬	0.0	0.0	0.0	0.0	0.0	0.0
202607	230A10200	40	販売手数料	0.0	0.0	0.0	0.0	0.0	0.0
202607	230A10200	41	支払手数料	38000.0	273604.0	237636.0	4.1	86.8	625.3
202607	230A10200	42	診断料	0.0	0.0	0.0	0.0	0.0	0.0
202607	230A10200	43	諸会費	15500.0	0.0	500.0	0.0	0.0	3.2
202607	230A10200	44	会議費	0.0	0.0	0.0	0.0	0.0	0.0
202607	230A10200	45	寄付金	0.0	0.0	0.0	0.0	0.0	0.0
202607	230A10200	46	租税公課	10000.0	10000.0	14000.0	0.2	140.0	140.0
202607	230A10200	47	業務委託費	0.0	0.0	0.0	0.0	0.0	0.0
202607	230A10200	48	業務受託収入	0.0	0.0	0.0	0.0	0.0	0.0
202607	230A10200	49	システム管理料	0.0	0.0	0.0	0.0	0.0	0.0
202607	230A10200	50	情報機器利用料	787296.0	787296.0	774196.0	13.3	98.3	98.3
202607	230A10200	51	貸倒金	0.0	0.0	0.0	0.0	0.0	0.0
202607	230A10200	52	雑費	11000.0	11412.0	10374.0	0.1	90.9	94.3
202607	230A10200	53	福利消耗品費	0.0	0.0	0.0	0.0	0.0	0.0
202607	230A10200	54	教育研修費	30000.0	63000.0	0.0	0.0	0.0	0.0
202607	230A10200	55	廃棄損・減耗損	0.0	0.0	0.0	0.0	0.0	0.0
202607	230A10200	56	雑給	0.0	0.0	0.0	0.0	0.0	0.0
202607	230A10200	57	社内金利（固定資産）	555.0	555.0	545.0	0.0	98.1	98.1
202607	230A10200	58	社内金利（売掛金）	36189.0	21089.0	51503.0	0.8	244.2	142.3
202607	230A10200	59	社内金利（在庫）	120100.0	123770.0	131813.0	2.2	106.4	109.7
202607	230A10200	60	開発口銭	0.0	0.0	0.0	0.0	0.0	0.0
202607	230A10200	61	部門共通（経費）	2346522.0	2453806.0	2506104.0	43.3	102.1	106.8
202607	230A10200	62	グループ共通	352200.0	352200.0	352200.0	6.0	100.0	100.0
202607	230A10200	63	差引収益	9769472.0	6434158.0	6735189.0		104.6	68.9
202607	230A10200	64	差引比率	11.7	9.4	11.3		120.2	96.5
202607	230A10200	65	総時間	3806.75	3605.25	3356.5		93.1	88.1
202607	230A10200	66	定時間	2560.0	2376.0	2176.5	64.8	91.6	85.0
202607	230A10200	67	残業時間	305.0	300.0	259.75	7.7	86.5	85.1
202607	230A10200	68	移動時間	-127.0	-127.0	-127.75	0.0	0.0	0.0
202607	230A10200	69	部門共通（時間）	1068.75	1056.25	1048.0	31.2	99.2	98.0
202607	230A10200	70	当月時間当り	2566.3	1784.6	2006.6		112.4	78.1
202607	230A10200	71	人員	14.0	14.0	14.0		100.0	100.0
202607	230A10300	1	総受注高	85700000.0	65090000.0	50747732.0		77.9	59.2
202607	230A10300	2	【新築】受注高	0.0	0.0	0.0	0.0	0.0	0.0
202607	230A10300	3	【リフォ】受注高	52100000.0	31490000.0	27118372.0	53.4	86.1	52.0
202607	230A10300	4	【資材】受注高	33600000.0	33600000.0	23629360.0	46.5	70.3	70.3
202607	230A10300	5	総売上高	83000000.0	67830000.0	59138750.0		87.1	71.2
202607	230A10300	6	【新築】売上高	0.0	6340000.0	6340000.0	10.7	100.0	0.0
202607	230A10300	7	【リフォ】売上高	45000000.0	22390000.0	23325640.0	39.4	104.1	51.8
202607	230A10300	8	【資材】売上高	38000000.0	39100000.0	29473110.0	49.8	75.3	77.5
202607	230A10300	9	【新築】インセンティブ	0.0	0.0	0.0	0.0	0.0	0.0
202607	230A10300	10	【リフォ】インセンティブ	0.0	0.0	0.0	0.0	0.0	0.0
202607	230A10300	11	【資材】インセンティブ	0.0	0.0	0.0	0.0	0.0	0.0
202607	230A10300	12	収益①（営業口銭）	6750000.0	3675500.0	3815843.0		103.8	56.5
202607	230A10300	13	【新築】収益①(営業口銭)	0.0	317000.0	317000.0		100.0	0.0
202607	230A10300	14	【リフォ】収益①(営業口銭)	6750000.0	3358500.0	3498843.0		104.1	51.8
202607	230A10300	15	【資材】売上原価	29640000.0	30504640.0	20775346.0		68.1	70.0
202607	230A10300	16	収益②（資材）	8360000.0	8595360.0	8697764.0		101.1	104.0
202607	230A10300	17	総収益	15110000.0	12270860.0	12513607.0		101.9	82.8
202607	230A10300	18	総出荷	45000000.0	28730000.0	29665640.0		103.2	65.9
202607	230A10300	19	社外売	45000000.0	28730000.0	29665640.0	100.0	103.2	65.9
202607	230A10300	20	社内売	0.0	0.0	0.0	0.0	0.0	0.0
202607	230A10300	21	社内仕入	4028200.0	2380632.0	1166559.0		49.0	28.9
202607	230A10300	22	仕掛1	0.0	0.0	0.0		0.0	0.0
202607	230A10300	23	総生産	40971800.0	26349368.0	28499081.0		108.1	69.5
202607	230A10300	24	経費合計	41801088.0	35055716.0	35634980.0		101.6	85.2
202607	230A10300	25	経費合計(原価)	28553800.0	24239446.0	24858974.0	69.7	102.5	87.0
202607	230A10300	26	仕掛2	0.0	0.0	0.0	0.0	0.0	0.0
202607	230A10300	27	商品仕入高	13581000.0	4947361.0	11693561.0	47.0	236.3	86.1
202607	230A10300	28	原材料費	0.0	0.0	0.0	0.0	0.0	0.0
202607	230A10300	29	外注加工費	14572800.0	18892085.0	12797417.0	51.4	67.7	87.8
202607	230A10300	30	その他 直接経費	400000.0	400000.0	367996.0	1.4	91.9	91.9
202607	230A10300	31	他勘定振替高	0.0	0.0	0.0	0.0	0.0	0.0
202607	230A10300	32	経費合計（販管費）	13247288.0	10816270.0	10776006.0	30.2	99.6	81.3
202607	230A10300	33	減価償却費	689.0	689.0	689.0	0.0	100.0	100.0
202607	230A10300	34	車両費	807000.0	870000.0	892078.0	8.2	102.5	110.5
202607	230A10300	35	旅費交通費	15000.0	15000.0	61901.0	0.5	412.6	412.6
202607	230A10300	36	荷造運搬費	0.0	49500.0	45000.0	0.4	90.9	0.0
202607	230A10300	37	通信費	106000.0	104298.0	99730.0	0.9	95.6	94.0
202607	230A10300	38	水道光熱費	105000.0	122400.0	104093.0	0.9	85.0	99.1
202607	230A10300	39	動力費	0.0	0.0	0.0	0.0	0.0	0.0
202607	230A10300	40	事務用品費	54000.0	98800.0	57289.0	0.5	57.9	106.0
202607	230A10300	41	消耗品費	40000.0	60920.0	70508.0	0.6	115.7	176.2
202607	230A10300	42	廃棄物処理料	30000.0	58000.0	76670.0	0.7	132.1	255.5
202607	230A10300	43	広告宣伝費	145000.0	204500.0	198467.0	1.8	97.0	136.8
202607	230A10300	44	接待交際費	40000.0	30000.0	5000.0	0.0	16.6	12.5
202607	230A10300	45	研究開発費	0.0	0.0	0.0	0.0	0.0	0.0
202607	230A10300	46	アフターサービス費	0.0	0.0	0.0	0.0	0.0	0.0
202607	230A10300	47	クレーム費	0.0	0.0	0.0	0.0	0.0	0.0
202607	230A10300	48	賃借料	624000.0	624000.0	624000.0	5.7	100.0	100.0
202607	230A10300	49	賃貸料収入	0.0	0.0	0.0	0.0	0.0	0.0
202607	230A10300	50	修繕費	0.0	0.0	0.0	0.0	0.0	0.0
202607	230A10300	51	支払リース料	8200.0	8201.0	8200.0	0.0	99.9	100.0
202607	230A10300	52	保険料	5007.0	5007.0	5007.0	0.0	100.0	100.0
202607	230A10300	53	支払報酬	0.0	0.0	0.0	0.0	0.0	0.0
202607	230A10300	54	販売手数料	0.0	0.0	0.0	0.0	0.0	0.0
202607	230A10300	55	支払手数料	37700.0	273604.0	237336.0	2.2	86.7	629.5
202607	230A10300	56	診断料	0.0	0.0	0.0	0.0	0.0	0.0
202607	230A10300	57	諸会費	15500.0	0.0	1000.0	0.0	0.0	6.4
202607	230A10300	58	会議費	0.0	0.0	0.0	0.0	0.0	0.0
202607	230A10300	59	寄付金	0.0	0.0	0.0	0.0	0.0	0.0
202607	230A10300	60	租税公課	10000.0	10000.0	14000.0	0.1	140.0	140.0
202607	230A10300	61	業務委託費	0.0	0.0	0.0	0.0	0.0	0.0
202607	230A10300	62	業務受託収入	0.0	0.0	0.0	0.0	0.0	0.0
202607	230A10300	63	システム管理料	0.0	0.0	0.0	0.0	0.0	0.0
202607	230A10300	64	情報機器利用料	950706.0	950706.0	937606.0	8.7	98.6	98.6
202607	230A10300	65	貸倒金	0.0	0.0	0.0	0.0	0.0	0.0
202607	230A10300	66	雑費	12900.0	12993.0	11962.0	0.1	92.0	92.7
202607	230A10300	67	福利消耗品費	0.0	0.0	0.0	0.0	0.0	0.0
202607	230A10300	68	教育研修費	30000.0	66000.0	0.0	0.0	0.0	0.0
202607	230A10300	69	廃棄損・減耗損	0.0	0.0	0.0	0.0	0.0	0.0
202607	230A10300	70	雑給	0.0	0.0	0.0	0.0	0.0	0.0
202607	230A10300	71	社内金利（固定資産）	555.0	555.0	545.0	0.0	98.1	98.1
202607	230A10300	72	社内金利（売掛金）	36189.0	21089.0	51503.0	0.4	244.2	142.3
202607	230A10300	73	社内金利（在庫）	120100.0	123770.0	131813.0	1.2	106.4	109.7
202607	230A10300	74	営業口銭①（新築）	0.0	317000.0	317000.0	2.9	100.0	0.0
202607	230A10300	75	営業口銭②（リフォ）	6750000.0	3358500.0	3498843.0	32.4	104.1	51.8
202607	230A10300	76	開発口銭	0.0	0.0	0.0	0.0	0.0	0.0
202607	230A10300	77	部門共通（経費）	2875742.0	3002738.0	2897766.0	26.8	96.5	100.7
202607	230A10300	78	グループ共通	428000.0	428000.0	428000.0	3.9	100.0	100.0
202607	230A10300	79	差引収益	14280712.0	3564512.0	5377708.0		150.8	37.6
202607	230A10300	80	差引比率	11.5	3.7	6.1		164.8	53.0
202607	230A10300	81	総時間	4915.0	4706.25	4430.25		94.1	90.1
202607	230A10300	82	定時間	3112.0	2928.0	2704.25	61.0	92.3	86.8
202607	230A10300	83	残業時間	400.0	400.0	360.25	8.1	90.0	90.0
202607	230A10300	84	移動時間	57.0	57.0	56.25	1.2	98.6	98.6
202607	230A10300	85	部門共通（時間）	1346.0	1321.25	1309.5	29.5	99.1	97.2
202607	230A10300	86	当月時間当り	2905.5	757.3	1213.8		160.2	41.7
202607	230A10300	87	人員	17.0	17.0	17.0		100.0	100.0
202607	230A30101	1	総出荷	45000000.0	28730000.0	29665640.0		103.2	65.9
202607	230A30101	2	社外売	45000000.0	28730000.0	29665640.0	100.0	103.2	65.9
202607	230A30101	3	社内売	0.0	0.0	0.0	0.0	0.0	0.0
202607	230A30101	4	社内仕入	4028200.0	2380632.0	1166559.0		49.0	28.9
202607	230A30101	5	仕掛1	0.0	0.0	0.0		0.0	0.0
202607	230A30101	6	総生産	40971800.0	26349368.0	28499081.0		108.1	69.5
202607	230A30101	7	経費合計	36460560.0	29219014.0	29856562.0		102.1	81.8
202607	230A30101	8	経費合計(原価)	28553800.0	24239446.0	24858974.0	83.2	102.5	87.0
202607	230A30101	9	仕掛2	0.0	0.0	0.0	0.0	0.0	0.0
202607	230A30101	10	商品仕入高	13581000.0	4947361.0	11693561.0	47.0	236.3	86.1
202607	230A30101	11	原材料費	0.0	0.0	0.0	0.0	0.0	0.0
202607	230A30101	12	外注加工費	14572800.0	18892085.0	12797417.0	51.4	67.7	87.8
202607	230A30101	13	その他 直接経費	400000.0	400000.0	367996.0	1.4	91.9	91.9
202607	230A30101	14	他勘定振替高	0.0	0.0	0.0	0.0	0.0	0.0
202607	230A30101	15	経費合計（販管費）	7906760.0	4979568.0	4997588.0	16.7	100.3	63.2
202607	230A30101	16	減価償却費	0.0	0.0	0.0	0.0	0.0	0.0
202607	230A30101	17	車両費	195700.0	320000.0	350170.0	7.0	109.4	178.9
202607	230A30101	18	旅費交通費	0.0	5000.0	0.0	0.0	0.0	0.0
202607	230A30101	19	荷造運搬費	0.0	8735.0	7941.0	0.1	90.9	0.0
202607	230A30101	20	通信費	11000.0	10298.0	10906.0	0.2	105.9	99.1
202607	230A30101	21	水道光熱費	20000.0	20400.0	18370.0	0.3	90.0	91.8
202607	230A30101	22	動力費	0.0	0.0	0.0	0.0	0.0	0.0
202607	230A30101	23	事務用品費	9000.0	12800.0	6943.0	0.1	54.2	77.1
202607	230A30101	24	消耗品費	20000.0	15000.0	41079.0	0.8	273.8	205.3
202607	230A30101	25	廃棄物処理料	-5000.0	-17000.0	-12764.0	0.0	0.0	0.0
202607	230A30101	26	広告宣伝費	0.0	0.0	0.0	0.0	0.0	0.0
202607	230A30101	27	接待交際費	10000.0	10000.0	0.0	0.0	0.0	0.0
202607	230A30101	28	研究開発費	0.0	0.0	0.0	0.0	0.0	0.0
202607	230A30101	29	アフターサービス費	0.0	0.0	0.0	0.0	0.0	0.0
202607	230A30101	30	クレーム費	0.0	0.0	0.0	0.0	0.0	0.0
202607	230A30101	31	賃借料	124800.0	124800.0	124800.0	2.4	100.0	100.0
202607	230A30101	32	賃貸料収入	0.0	0.0	0.0	0.0	0.0	0.0
202607	230A30101	33	修繕費	0.0	0.0	0.0	0.0	0.0	0.0
202607	230A30101	34	支払リース料	1230.0	1312.0	1640.0	0.0	125.0	133.3
202607	230A30101	35	保険料	0.0	0.0	0.0	0.0	0.0	0.0
202607	230A30101	36	支払報酬	0.0	0.0	0.0	0.0	0.0	0.0
202607	230A30101	37	販売手数料	0.0	0.0	0.0	0.0	0.0	0.0
202607	230A30101	38	支払手数料	-300.0	0.0	-300.0	0.0	0.0	0.0
202607	230A30101	39	診断料	0.0	0.0	0.0	0.0	0.0	0.0
202607	230A30101	40	諸会費	0.0	0.0	500.0	0.0	0.0	0.0
202607	230A30101	41	会議費	0.0	0.0	0.0	0.0	0.0	0.0
202607	230A30101	42	寄付金	0.0	0.0	0.0	0.0	0.0	0.0
202607	230A30101	43	租税公課	0.0	0.0	0.0	0.0	0.0	0.0
202607	230A30101	44	業務委託費	0.0	0.0	0.0	0.0	0.0	0.0
202607	230A30101	45	業務受託収入	0.0	0.0	0.0	0.0	0.0	0.0
202607	230A30101	46	システム管理料	0.0	0.0	0.0	0.0	0.0	0.0
202607	230A30101	47	情報機器利用料	163410.0	163410.0	163410.0	3.2	100.0	100.0
202607	230A30101	48	貸倒金	0.0	0.0	0.0	0.0	0.0	0.0
202607	230A30101	49	雑費	1900.0	1581.0	1588.0	0.0	100.4	83.5
202607	230A30101	50	福利消耗品費	0.0	0.0	0.0	0.0	0.0	0.0
202607	230A30101	51	教育研修費	0.0	3000.0	0.0	0.0	0.0	0.0
202607	230A30101	52	廃棄損・減耗損	0.0	0.0	0.0	0.0	0.0	0.0
202607	230A30101	53	雑給	0.0	0.0	0.0	0.0	0.0	0.0
202607	230A30101	54	社内金利（固定資産）	0.0	0.0	0.0	0.0	0.0	0.0
202607	230A30101	55	社内金利（売掛金）	0.0	0.0	0.0	0.0	0.0	0.0
202607	230A30101	56	社内金利（在庫）	0.0	0.0	0.0	0.0	0.0	0.0
202607	230A30101	57	営業口銭①（新築）	0.0	317000.0	317000.0	6.3	100.0	0.0
202607	230A30101	58	営業口銭②（リフォ）	6750000.0	3358500.0	3498843.0	70.0	104.1	51.8
202607	230A30101	59	開発口銭	0.0	0.0	0.0	0.0	0.0	0.0
202607	230A30101	60	部門共通（経費）	529220.0	548932.0	391662.0	7.8	71.3	74.0
202607	230A30101	61	グループ共通	75800.0	75800.0	75800.0	1.5	100.0	100.0
202607	230A30101	62	差引収益	4511240.0	-2869646.0	-1357481.0		0.0	0.0
202607	230A30101	63	差引比率	11.0	-10.8	-4.7		0.0	0.0
202607	230A30101	64	総時間	1108.25	1101.0	1073.75		97.5	96.8
202607	230A30101	65	定時間	552.0	552.0	527.75	49.1	95.6	95.6
202607	230A30101	66	残業時間	95.0	100.0	100.5	9.3	100.5	105.7
202607	230A30101	67	移動時間	184.0	184.0	184.0	17.1	100.0	100.0
202607	230A30101	68	部門共通（時間）	277.25	265.0	261.5	24.3	98.6	94.3
202607	230A30101	69	当月時間当り	4070.5	-2606.3	-1264.2		0.0	0.0
202607	230A30101	70	人員	3.0	3.0	3.0		100.0	100.0
202607	230B60100	1	総受注高	0.0	0.0	0.0		0.0	0.0
202607	230B60100	2	【新築】受注高	0.0	0.0	0.0	0.0	0.0	0.0
202607	230B60100	3	【リフォ】受注高	0.0	0.0	0.0	0.0	0.0	0.0
202607	230B60100	4	【資材】受注高	0.0	0.0	0.0	0.0	0.0	0.0
202607	230B60100	5	総売上高	0.0	0.0	0.0		0.0	0.0
202607	230B60100	6	【新築】売上高	0.0	0.0	0.0	0.0	0.0	0.0
202607	230B60100	7	【リフォ】売上高	0.0	0.0	0.0	0.0	0.0	0.0
202607	230B60100	8	【資材】売上高	0.0	0.0	0.0	0.0	0.0	0.0
202607	230B60100	9	【新築】インセンティブ	0.0	0.0	0.0	0.0	0.0	0.0
202607	230B60100	10	【リフォ】インセンティブ	0.0	0.0	0.0	0.0	0.0	0.0
202607	230B60100	11	【資材】インセンティブ	0.0	0.0	0.0	0.0	0.0	0.0
202607	230B60100	12	収益①（営業口銭）	0.0	0.0	0.0		0.0	0.0
202607	230B60100	13	【新築】収益①(営業口銭)	0.0	0.0	0.0		0.0	0.0
202607	230B60100	14	【リフォ】収益①(営業口銭)	0.0	0.0	0.0		0.0	0.0
202607	230B60100	15	【資材】売上原価	0.0	0.0	0.0		0.0	0.0
202607	230B60100	16	収益②（資材）	0.0	0.0	0.0		0.0	0.0
202607	230B60100	17	総収益	0.0	0.0	0.0		0.0	0.0
202607	230B60100	18	経費合計	0.0	0.0	0.0		0.0	0.0
202607	230B60100	19	減価償却費	0.0	0.0	0.0	0.0	0.0	0.0
202607	230B60100	20	車両費	235800.0	240000.0	208467.0	0.0	86.8	88.4
202607	230B60100	21	旅費交通費	0.0	0.0	0.0	0.0	0.0	0.0
202607	230B60100	22	荷造運搬費	2730000.0	2930000.0	11145.0	0.0	0.3	0.4
202607	230B60100	23	通信費	10510.0	12860.0	13126.0	0.0	102.0	124.8
202607	230B60100	24	水道光熱費	25000.0	25000.0	24095.0	0.0	96.3	96.3
202607	230B60100	25	動力費	0.0	0.0	0.0	0.0	0.0	0.0
202607	230B60100	26	事務用品費	3000.0	3000.0	4555.0	0.0	151.8	151.8
202607	230B60100	27	消耗品費	78000.0	174000.0	118158.0	0.0	67.9	151.4
202607	230B60100	28	廃棄物処理料	110500.0	110500.0	801.0	0.0	0.7	0.7
202607	230B60100	29	広告宣伝費	0.0	0.0	0.0	0.0	0.0	0.0
202607	230B60100	30	接待交際費	0.0	0.0	0.0	0.0	0.0	0.0
202607	230B60100	31	研究開発費	0.0	0.0	0.0	0.0	0.0	0.0
202607	230B60100	32	アフターサービス費	0.0	0.0	0.0	0.0	0.0	0.0
202607	230B60100	33	クレーム費	0.0	0.0	0.0	0.0	0.0	0.0
202607	230B60100	34	賃借料	227460.0	227460.0	227460.0	0.0	100.0	100.0
202607	230B60100	35	賃貸料収入	0.0	0.0	0.0	0.0	0.0	0.0
202607	230B60100	36	修繕費	0.0	0.0	0.0	0.0	0.0	0.0
202607	230B60100	37	支払リース料	8200.0	8200.0	8163.0	0.0	99.5	99.5
202607	230B60100	38	保険料	2555.0	674.0	674.0	0.0	100.0	26.3
202607	230B60100	39	支払報酬	0.0	0.0	0.0	0.0	0.0	0.0
202607	230B60100	40	販売手数料	0.0	0.0	0.0	0.0	0.0	0.0
202607	230B60100	41	支払手数料	700.0	700.0	818.0	0.0	116.8	116.8
202607	230B60100	42	診断料	0.0	0.0	0.0	0.0	0.0	0.0
202607	230B60100	43	諸会費	4000.0	4000.0	5734.0	0.0	143.3	143.3
202607	230B60100	44	会議費	0.0	0.0	0.0	0.0	0.0	0.0
202607	230B60100	45	寄付金	0.0	0.0	0.0	0.0	0.0	0.0
202607	230B60100	46	租税公課	0.0	0.0	0.0	0.0	0.0	0.0
202607	230B60100	47	業務委託費	0.0	0.0	0.0	0.0	0.0	0.0
202607	230B60100	48	業務受託収入	0.0	0.0	0.0	0.0	0.0	0.0
202607	230B60100	49	システム管理料	0.0	0.0	0.0	0.0	0.0	0.0
202607	230B60100	50	情報機器利用料	287806.0	287806.0	287806.0	0.0	100.0	100.0
202607	230B60100	51	貸倒金	0.0	0.0	0.0	0.0	0.0	0.0
202607	230B60100	52	雑費	4000.0	3600.0	2400.0	0.0	66.6	60.0
202607	230B60100	53	福利消耗品費	0.0	0.0	103700.0	0.0	0.0	0.0
202607	230B60100	54	教育研修費	1400.0	1356.0	1356.0	0.0	100.0	96.8
202607	230B60100	55	廃棄損・減耗損	0.0	0.0	0.0	0.0	0.0	0.0
202607	230B60100	56	雑給	0.0	0.0	0.0	0.0	0.0	0.0
202607	230B60100	57	社内金利（固定資産）	0.0	0.0	0.0	0.0	0.0	0.0
202607	230B60100	58	社内金利（売掛金）	0.0	0.0	0.0	0.0	0.0	0.0
202607	230B60100	59	社内金利（在庫）	0.0	0.0	0.0	0.0	0.0	0.0
202607	230B60100	60	開発口銭	0.0	0.0	0.0	0.0	0.0	0.0
202607	230B60100	61	部門共通（経費）	-3879731.0	-4179956.0	-1169258.0	0.0	0.0	0.0
202607	230B60100	62	グループ共通	150800.0	150800.0	150800.0	0.0	100.0	100.0
202607	230B60100	63	差引収益	0.0	0.0	0.0		0.0	0.0
202607	230B60100	64	差引比率	0.0	0.0	0.0		0.0	0.0
202607	230B60100	65	総時間	0.0	0.0	0.0		0.0	0.0
202607	230B60100	66	定時間	1000.0	1008.0	1007.25	0.0	99.9	100.7
202607	230B60100	67	残業時間	100.0	95.0	127.5	0.0	134.2	127.5
202607	230B60100	68	移動時間	31.0	21.0	20.0	0.0	95.2	64.5
202607	230B60100	69	部門共通（時間）	-1131.0	-1124.0	-1154.75	0.0	0.0	0.0
202607	230B60100	70	当月時間当り	0.0	0.0	0.0		0.0	0.0
202607	230B60100	71	人員	6.0	6.0	6.0		100.0	100.0
202607	003091300	1	総受注高	0.0	0.0	0.0		0.0	0.0
202607	003091300	2	【新築】受注高	0.0	0.0	0.0	0.0	0.0	0.0
202607	003091300	3	【リフォ】受注高	0.0	0.0	0.0	0.0	0.0	0.0
202607	003091300	4	【資材】受注高	0.0	0.0	0.0	0.0	0.0	0.0
202607	003091300	5	総売上高	0.0	0.0	0.0		0.0	0.0
202607	003091300	6	【新築】売上高	0.0	0.0	0.0	0.0	0.0	0.0
202607	003091300	7	【リフォ】売上高	0.0	0.0	0.0	0.0	0.0	0.0
202607	003091300	8	【資材】売上高	0.0	0.0	0.0	0.0	0.0	0.0
202607	003091300	9	【新築】インセンティブ	0.0	0.0	0.0	0.0	0.0	0.0
202607	003091300	10	【リフォ】インセンティブ	0.0	0.0	0.0	0.0	0.0	0.0
202607	003091300	11	【資材】インセンティブ	0.0	0.0	0.0	0.0	0.0	0.0
202607	003091300	12	収益①（営業口銭）	0.0	0.0	0.0		0.0	0.0
202607	003091300	13	【新築】収益①(営業口銭)	0.0	0.0	0.0		0.0	0.0
202607	003091300	14	【リフォ】収益①(営業口銭)	0.0	0.0	0.0		0.0	0.0
202607	003091300	15	【資材】売上原価	0.0	0.0	0.0		0.0	0.0
202607	003091300	16	収益②（資材）	0.0	0.0	0.0		0.0	0.0
202607	003091300	17	総収益	0.0	0.0	0.0		0.0	0.0
202607	003091300	18	経費合計	0.0	0.0	0.0		0.0	0.0
202607	003091300	19	減価償却費	0.0	0.0	0.0	0.0	0.0	0.0
202607	003091300	20	車両費	0.0	0.0	0.0	0.0	0.0	0.0
202607	003091300	21	旅費交通費	0.0	0.0	0.0	0.0	0.0	0.0
202607	003091300	22	荷造運搬費	0.0	0.0	0.0	0.0	0.0	0.0
202607	003091300	23	通信費	0.0	0.0	0.0	0.0	0.0	0.0
202607	003091300	24	水道光熱費	0.0	0.0	0.0	0.0	0.0	0.0
202607	003091300	25	動力費	0.0	0.0	0.0	0.0	0.0	0.0
202607	003091300	26	事務用品費	0.0	0.0	0.0	0.0	0.0	0.0
202607	003091300	27	消耗品費	0.0	0.0	0.0	0.0	0.0	0.0
202607	003091300	28	廃棄物処理料	0.0	0.0	0.0	0.0	0.0	0.0
202607	003091300	29	広告宣伝費	0.0	0.0	0.0	0.0	0.0	0.0
202607	003091300	30	接待交際費	0.0	0.0	0.0	0.0	0.0	0.0
202607	003091300	31	研究開発費	0.0	0.0	0.0	0.0	0.0	0.0
202607	003091300	32	アフターサービス費	0.0	0.0	0.0	0.0	0.0	0.0
202607	003091300	33	クレーム費	0.0	0.0	0.0	0.0	0.0	0.0
202607	003091300	34	賃借料	0.0	0.0	0.0	0.0	0.0	0.0
202607	003091300	35	賃貸料収入	0.0	0.0	0.0	0.0	0.0	0.0
202607	003091300	36	修繕費	0.0	0.0	0.0	0.0	0.0	0.0
202607	003091300	37	支払リース料	0.0	0.0	0.0	0.0	0.0	0.0
202607	003091300	38	保険料	0.0	0.0	0.0	0.0	0.0	0.0
202607	003091300	39	支払報酬	0.0	0.0	0.0	0.0	0.0	0.0
202607	003091300	40	販売手数料	0.0	0.0	0.0	0.0	0.0	0.0
202607	003091300	41	支払手数料	0.0	0.0	0.0	0.0	0.0	0.0
202607	003091300	42	診断料	0.0	0.0	0.0	0.0	0.0	0.0
202607	003091300	43	諸会費	0.0	0.0	0.0	0.0	0.0	0.0
202607	003091300	44	会議費	0.0	0.0	0.0	0.0	0.0	0.0
202607	003091300	45	寄付金	0.0	0.0	0.0	0.0	0.0	0.0
202607	003091300	46	租税公課	0.0	0.0	0.0	0.0	0.0	0.0
202607	003091300	47	業務委託費	0.0	0.0	0.0	0.0	0.0	0.0
202607	003091300	48	業務受託収入	0.0	0.0	0.0	0.0	0.0	0.0
202607	003091300	49	システム管理料	0.0	0.0	0.0	0.0	0.0	0.0
202607	003091300	50	情報機器利用料	0.0	0.0	0.0	0.0	0.0	0.0
202607	003091300	51	貸倒金	0.0	0.0	0.0	0.0	0.0	0.0
202607	003091300	52	雑費	0.0	0.0	0.0	0.0	0.0	0.0
202607	003091300	53	福利消耗品費	0.0	0.0	0.0	0.0	0.0	0.0
202607	003091300	54	教育研修費	0.0	0.0	0.0	0.0	0.0	0.0
202607	003091300	55	廃棄損・減耗損	0.0	0.0	0.0	0.0	0.0	0.0
202607	003091300	56	雑給	0.0	0.0	0.0	0.0	0.0	0.0
202607	003091300	57	社内金利（固定資産）	0.0	0.0	0.0	0.0	0.0	0.0
202607	003091300	58	社内金利（売掛金）	0.0	0.0	0.0	0.0	0.0	0.0
202607	003091300	59	社内金利（在庫）	0.0	0.0	0.0	0.0	0.0	0.0
202607	003091300	60	開発口銭	0.0	0.0	0.0	0.0	0.0	0.0
202607	003091300	61	部門共通（経費）	0.0	0.0	0.0	0.0	0.0	0.0
202607	003091300	62	グループ共通	0.0	0.0	0.0	0.0	0.0	0.0
202607	003091300	63	差引収益	0.0	0.0	0.0		0.0	0.0
202607	003091300	64	差引比率	0.0	0.0	0.0		0.0	0.0
202607	003091300	65	総時間	0.0	0.0	0.0		0.0	0.0
202607	003091300	66	定時間	0.0	0.0	0.0	0.0	0.0	0.0
202607	003091300	67	残業時間	0.0	0.0	0.0	0.0	0.0	0.0
202607	003091300	68	移動時間	0.0	0.0	0.0	0.0	0.0	0.0
202607	003091300	69	部門共通（時間）	0.0	0.0	0.0	0.0	0.0	0.0
202607	003091300	70	当月時間当り	0.0	0.0	0.0		0.0	0.0
202607	003091300	71	人員	0.0	0.0	0.0		0.0	0.0
202607	230B10200	1	総受注高	68000000.0	99150000.0	81799795.0		82.5	120.2
202607	230B10200	2	【新築】受注高	0.0	0.0	0.0	0.0	0.0	0.0
202607	230B10200	3	【リフォ】受注高	27500000.0	58650000.0	59113111.0	72.2	100.7	214.9
202607	230B10200	4	【資材】受注高	40500000.0	40500000.0	22686684.0	27.7	56.0	56.0
202607	230B10200	5	総売上高	65000000.0	68170000.0	63909232.0		93.7	98.3
202607	230B10200	6	【新築】売上高	0.0	4500000.0	4500000.0	7.0	100.0	0.0
202607	230B10200	7	【リフォ】売上高	27700000.0	25270000.0	26018176.0	40.7	102.9	93.9
202607	230B10200	8	【資材】売上高	37300000.0	38400000.0	33391056.0	52.2	86.9	89.5
202607	230B10200	9	【新築】インセンティブ	0.0	0.0	0.0	0.0	0.0	0.0
202607	230B10200	10	【リフォ】インセンティブ	0.0	0.0	0.0	0.0	0.0	0.0
202607	230B10200	11	【資材】インセンティブ	0.0	0.0	0.0	0.0	0.0	0.0
202607	230B10200	12	収益①（営業口銭）	4155000.0	4015500.0	4577725.0		114.0	110.1
202607	230B10200	13	【新築】収益①(営業口銭)	0.0	225000.0	675000.0		300.0	0.0
202607	230B10200	14	【リフォ】収益①(営業口銭)	4155000.0	3790500.0	3902725.0		102.9	93.9
202607	230B10200	15	【資材】売上原価	29900000.0	30800000.0	26247921.0		85.2	87.7
202607	230B10200	16	収益②（資材）	7400000.0	7600000.0	7143135.0		93.9	96.5
202607	230B10200	17	総収益	11555000.0	11615500.0	11720860.0		100.9	101.4
202607	230B10200	18	経費合計	5057497.0	5435506.0	5525711.0		101.6	109.2
202607	230B10200	19	減価償却費	4430.0	4430.0	4430.0	0.0	100.0	100.0
202607	230B10200	20	車両費	481965.0	481965.0	503002.0	9.1	104.3	104.3
202607	230B10200	21	旅費交通費	3000.0	3000.0	42688.0	0.7		
202607	230B10200	22	荷造運搬費	0.0	0.0	800.0	0.0	0.0	0.0
202607	230B10200	23	通信費	77000.0	77000.0	65983.0	1.1	85.6	85.6
202607	230B10200	24	水道光熱費	60000.0	60000.0	52340.0	0.9	87.2	87.2
202607	230B10200	25	動力費	0.0	0.0	0.0	0.0	0.0	0.0
202607	230B10200	26	事務用品費	37000.0	37000.0	31641.0	0.5	85.5	85.5
202607	230B10200	27	消耗品費	9750.0	9750.0	12585.0	0.2	129.0	129.0
202607	230B10200	28	廃棄物処理料	110000.0	110000.0	-1829.0	0.0	0.0	0.0
202607	230B10200	29	広告宣伝費	180000.0	300000.0	237704.0	4.3	79.2	132.0
202607	230B10200	30	接待交際費	16000.0	16000.0	18546.0	0.3	115.9	115.9
202607	230B10200	31	研究開発費	0.0	0.0	0.0	0.0	0.0	0.0
202607	230B10200	32	アフターサービス費	0.0	0.0	0.0	0.0	0.0	0.0
202607	230B10200	33	クレーム費	0.0	0.0	16500.0	0.2	0.0	0.0
202607	230B10200	34	賃借料	325950.0	325950.0	325950.0	5.8	100.0	100.0
202607	230B10200	35	賃貸料収入	0.0	0.0	0.0	0.0	0.0	0.0
202607	230B10200	36	修繕費	0.0	0.0	0.0	0.0	0.0	0.0
202607	230B10200	37	支払リース料	6000.0	6000.0	4920.0	0.0	82.0	82.0
202607	230B10200	38	保険料	5723.0	5723.0	5723.0	0.1	100.0	100.0
202607	230B10200	39	支払報酬	0.0	0.0	0.0	0.0	0.0	0.0
202607	230B10200	40	販売手数料	0.0	0.0	0.0	0.0	0.0	0.0
202607	230B10200	41	支払手数料	22000.0	172000.0	376766.0	6.8	219.0	
202607	230B10200	42	診断料	0.0	0.0	0.0	0.0	0.0	0.0
202607	230B10200	43	諸会費	35000.0	35000.0	12455.0	0.2	35.5	35.5
202607	230B10200	44	会議費	2000.0	2000.0	4470.0	0.0	223.5	223.5
202607	230B10200	45	寄付金	0.0	0.0	0.0	0.0	0.0	0.0
202607	230B10200	46	租税公課	17000.0	17000.0	3300.0	0.0	19.4	19.4
202607	230B10200	47	業務委託費	0.0	0.0	0.0	0.0	0.0	0.0
202607	230B10200	48	業務受託収入	0.0	0.0	0.0	0.0	0.0	0.0
202607	230B10200	49	システム管理料	0.0	0.0	0.0	0.0	0.0	0.0
202607	230B10200	50	情報機器利用料	756298.0	756298.0	753898.0	13.6	99.6	99.6
202607	230B10200	51	貸倒金	0.0	0.0	22000.0	0.3	0.0	0.0
202607	230B10200	52	雑費	15000.0	15000.0	9433.0	0.1	62.8	62.8
202607	230B10200	53	福利消耗品費	20000.0	20000.0	19700.0	0.3	98.5	98.5
202607	230B10200	54	教育研修費	63500.0	33500.0	2945.0	0.0	8.7	4.6
202607	230B10200	55	廃棄損・減耗損	10000.0	46824.0	46824.0	0.8	100.0	468.2
202607	230B10200	56	雑給	0.0	0.0	0.0	0.0	0.0	0.0
202607	230B10200	57	社内金利（固定資産）	800.0	800.0	800.0	0.0	100.0	100.0
202607	230B10200	58	社内金利（売掛金）	92000.0	92000.0	65647.0	1.1	71.3	71.3
202607	230B10200	59	社内金利（在庫）	52000.0	52000.0	74549.0	1.3	143.3	143.3
202607	230B10200	60	開発口銭	0.0	0.0	0.0	0.0	0.0	0.0
202607	230B10200	61	部門共通（経費）	2328181.0	2429366.0	2485041.0	44.9	102.2	106.7
202607	230B10200	62	グループ共通	326900.0	326900.0	326900.0	5.9	100.0	100.0
202607	230B10200	63	差引収益	6497503.0	6179994.0	6195149.0		100.2	95.3
202607	230B10200	64	差引比率	9.9	9.0	9.6		106.6	96.9
202607	230B10200	65	総時間	3753.25	3742.0	3526.5		94.2	93.9
202607	230B10200	66	定時間	2340.0	2340.0	2193.75	62.2	93.7	93.7
202607	230B10200	67	残業時間	280.0	280.0	218.5	6.1	78.0	78.0
202607	230B10200	68	移動時間	57.0	57.0	56.25	1.5	98.6	98.6
202607	230B10200	69	部門共通（時間）	1076.25	1065.0	1058.0	30.0	99.3	98.3
202607	230B10200	70	当月時間当り	1731.1	1651.5	1756.7		106.3	101.4
202607	230B10200	71	人員	13.0	13.0	13.0		100.0	100.0
202607	230B10300	1	総受注高	68000000.0	99150000.0	81799795.0		82.5	120.2
202607	230B10300	2	【新築】受注高	0.0	0.0	0.0	0.0	0.0	0.0
202607	230B10300	3	【リフォ】受注高	27500000.0	58650000.0	59113111.0	72.2	100.7	214.9
202607	230B10300	4	【資材】受注高	40500000.0	40500000.0	22686684.0	27.7	56.0	56.0
202607	230B10300	5	総売上高	65000000.0	68170000.0	63909232.0		93.7	98.3
202607	230B10300	6	【新築】売上高	0.0	4500000.0	4500000.0	7.0	100.0	0.0
202607	230B10300	7	【リフォ】売上高	27700000.0	25270000.0	26018176.0	40.7	102.9	93.9
202607	230B10300	8	【資材】売上高	37300000.0	38400000.0	33391056.0	52.2	86.9	89.5
202607	230B10300	9	【新築】インセンティブ	0.0	0.0	0.0	0.0	0.0	0.0
202607	230B10300	10	【リフォ】インセンティブ	0.0	0.0	0.0	0.0	0.0	0.0
202607	230B10300	11	【資材】インセンティブ	0.0	0.0	0.0	0.0	0.0	0.0
202607	230B10300	12	収益①（営業口銭）	4155000.0	4015500.0	4577725.0		114.0	110.1
202607	230B10300	13	【新築】収益①(営業口銭)	0.0	225000.0	675000.0		300.0	0.0
202607	230B10300	14	【リフォ】収益①(営業口銭)	4155000.0	3790500.0	3902725.0		102.9	93.9
202607	230B10300	15	【資材】売上原価	29900000.0	30800000.0	26247921.0		85.2	87.7
202607	230B10300	16	収益②（資材）	7400000.0	7600000.0	7143135.0		93.9	96.5
202607	230B10300	17	総収益	11555000.0	11615500.0	11720860.0		100.9	101.4
202607	230B10300	18	総出荷	27700000.0	29770000.0	30518176.0		102.5	110.1
202607	230B10300	19	社外売	27700000.0	29770000.0	30518176.0	100.0	102.5	110.1
202607	230B10300	20	社内売	0.0	0.0	0.0	0.0	0.0	0.0
202607	230B10300	21	社内仕入	2800000.0	2180000.0	1487399.0		68.2	53.1
202607	230B10300	22	仕掛1	0.0	0.0	0.0		0.0	0.0
202607	230B10300	23	総生産	24900000.0	27590000.0	29030777.0		105.2	116.5
202607	230B10300	24	経費合計	29673549.0	24049204.0	26172528.0		108.8	88.2
202607	230B10300	25	経費合計(原価)	19300000.0	13420000.0	15113974.0	57.7	112.6	78.3
202607	230B10300	26	仕掛2	0.0	0.0	0.0	0.0	0.0	0.0
202607	230B10300	27	商品仕入高	8930000.0	5980000.0	8690707.0	57.5	145.3	97.3
202607	230B10300	28	原材料費	0.0	0.0	0.0	0.0	0.0	0.0
202607	230B10300	29	外注加工費	10020000.0	7090000.0	6314817.0	41.7	89.0	63.0
202607	230B10300	30	その他 直接経費	350000.0	350000.0	108450.0	0.7	30.9	30.9
202607	230B10300	31	他勘定振替高	0.0	0.0	0.0	0.0	0.0	0.0
202607	230B10300	32	経費合計（販管費）	10373549.0	10629204.0	11058554.0	42.2	104.0	106.6
202607	230B10300	33	減価償却費	4430.0	4430.0	4430.0	0.0	100.0	100.0
202607	230B10300	34	車両費	693294.0	693294.0	696920.0	6.3	100.5	100.5
202607	230B10300	35	旅費交通費	3000.0	3000.0	42688.0	0.3		
202607	230B10300	36	荷造運搬費	0.0	0.0	800.0	0.0	0.0	0.0
202607	230B10300	37	通信費	86500.0	86500.0	74663.0	0.6	86.3	86.3
202607	230B10300	38	水道光熱費	72000.0	72000.0	64387.0	0.5	89.4	89.4
202607	230B10300	39	動力費	0.0	0.0	0.0	0.0	0.0	0.0
202607	230B10300	40	事務用品費	43000.0	43000.0	36780.0	0.3	85.5	85.5
202607	230B10300	41	消耗品費	47000.0	47000.0	33294.0	0.3	70.8	70.8
202607	230B10300	42	廃棄物処理料	140000.0	140000.0	-2390.0	0.0	0.0	0.0
202607	230B10300	43	広告宣伝費	180000.0	300000.0	237704.0	2.1	79.2	132.0
202607	230B10300	44	接待交際費	16000.0	16000.0	18546.0	0.1	115.9	115.9
202607	230B10300	45	研究開発費	0.0	0.0	0.0	0.0	0.0	0.0
202607	230B10300	46	アフターサービス費	0.0	0.0	0.0	0.0	0.0	0.0
202607	230B10300	47	クレーム費	0.0	0.0	16500.0	0.1	0.0	0.0
202607	230B10300	48	賃借料	400980.0	400980.0	400980.0	3.6	100.0	100.0
202607	230B10300	49	賃貸料収入	0.0	0.0	0.0	0.0	0.0	0.0
202607	230B10300	50	修繕費	0.0	0.0	0.0	0.0	0.0	0.0
202607	230B10300	51	支払リース料	7000.0	7000.0	6051.0	0.0	86.4	86.4
202607	230B10300	52	保険料	5723.0	5723.0	5723.0	0.0	100.0	100.0
202607	230B10300	53	支払報酬	0.0	0.0	0.0	0.0	0.0	0.0
202607	230B10300	54	販売手数料	0.0	0.0	0.0	0.0	0.0	0.0
202607	230B10300	55	支払手数料	22500.0	172500.0	377175.0	3.4	218.6	
202607	230B10300	56	診断料	0.0	0.0	0.0	0.0	0.0	0.0
202607	230B10300	57	諸会費	39000.0	39000.0	15322.0	0.1	39.2	39.2
202607	230B10300	58	会議費	2000.0	2000.0	4470.0	0.0	223.5	223.5
202607	230B10300	59	寄付金	0.0	0.0	0.0	0.0	0.0	0.0
202607	230B10300	60	租税公課	17000.0	17000.0	3300.0	0.0	19.4	19.4
202607	230B10300	61	業務委託費	0.0	0.0	0.0	0.0	0.0	0.0
202607	230B10300	62	業務受託収入	0.0	0.0	0.0	0.0	0.0	0.0
202607	230B10300	63	システム管理料	0.0	0.0	0.0	0.0	0.0	0.0
202607	230B10300	64	情報機器利用料	920308.0	920308.0	917308.0	8.2	99.6	99.6
202607	230B10300	65	貸倒金	0.0	0.0	22000.0	0.1	0.0	0.0
202607	230B10300	66	雑費	19000.0	19000.0	11459.0	0.1	60.3	60.3
202607	230B10300	67	福利消耗品費	20000.0	20000.0	19700.0	0.1	98.5	98.5
202607	230B10300	68	教育研修費	64300.0	34300.0	3623.0	0.0	10.5	5.6
202607	230B10300	69	廃棄損・減耗損	10000.0	46824.0	46824.0	0.4	100.0	468.2
202607	230B10300	70	雑給	0.0	0.0	0.0	0.0	0.0	0.0
202607	230B10300	71	社内金利（固定資産）	800.0	800.0	800.0	0.0	100.0	100.0
202607	230B10300	72	社内金利（売掛金）	92000.0	92000.0	65647.0	0.5	71.3	71.3
202607	230B10300	73	社内金利（在庫）	52000.0	52000.0	74549.0	0.6	143.3	143.3
202607	230B10300	74	営業口銭①（新築）	0.0	225000.0	675000.0	6.1	300.0	0.0
202607	230B10300	75	営業口銭②（リフォ）	4155000.0	3790500.0	3902725.0	35.2	102.9	93.9
202607	230B10300	76	開発口銭	0.0	0.0	0.0	0.0	0.0	0.0
202607	230B10300	77	部門共通（経費）	2858014.0	2976345.0	2878876.0	26.0	96.7	100.7
202607	230B10300	78	グループ共通	402700.0	402700.0	402700.0	3.6	100.0	100.0
202607	230B10300	79	差引収益	6781451.0	15156296.0	14579109.0		96.1	214.9
202607	230B10300	80	差引比率	7.5	15.8	15.6		98.7	208.0
202607	230B10300	81	総時間	4655.0	4631.25	4403.5		95.0	94.5
202607	230B10300	82	定時間	2880.0	2880.0	2737.75	62.1	95.0	95.0
202607	230B10300	83	残業時間	350.0	350.0	275.75	6.2	78.7	78.7
202607	230B10300	84	移動時間	57.0	57.0	56.25	1.2	98.6	98.6
202607	230B10300	85	部門共通（時間）	1368.0	1344.25	1333.75	30.2	99.2	97.4
202607	230B10300	86	当月時間当り	1456.8	3272.6	3310.8		101.1	227.2
202607	230B10300	87	人員	16.0	16.0	16.0		100.0	100.0
202607	230B30601	1	総出荷	27700000.0	29770000.0	30518176.0		102.5	110.1
202607	230B30601	2	社外売	27700000.0	29770000.0	30518176.0	100.0	102.5	110.1
202607	230B30601	3	社内売	0.0	0.0	0.0	0.0	0.0	0.0
202607	230B30601	4	社内仕入	2800000.0	2180000.0	1487399.0		68.2	53.1
202607	230B30601	5	仕掛1	0.0	0.0	0.0		0.0	0.0
202607	230B30601	6	総生産	24900000.0	27590000.0	29030777.0		105.2	116.5
202607	230B30601	7	経費合計	24616052.0	18613698.0	20646817.0		110.9	83.8
202607	230B30601	8	経費合計(原価)	19300000.0	13420000.0	15113974.0	73.2	112.6	78.3
202607	230B30601	9	仕掛2	0.0	0.0	0.0	0.0	0.0	0.0
202607	230B30601	10	商品仕入高	8930000.0	5980000.0	8690707.0	57.5	145.3	97.3
202607	230B30601	11	原材料費	0.0	0.0	0.0	0.0	0.0	0.0
202607	230B30601	12	外注加工費	10020000.0	7090000.0	6314817.0	41.7	89.0	63.0
202607	230B30601	13	その他 直接経費	350000.0	350000.0	108450.0	0.7	30.9	30.9
202607	230B30601	14	他勘定振替高	0.0	0.0	0.0	0.0	0.0	0.0
202607	230B30601	15	経費合計（販管費）	5316052.0	5193698.0	5532843.0	26.7	106.5	104.0
202607	230B30601	16	減価償却費	0.0	0.0	0.0	0.0	0.0	0.0
202607	230B30601	17	車両費	211329.0	211329.0	193918.0	3.5	91.7	91.7
202607	230B30601	18	旅費交通費	0.0	0.0	0.0	0.0	0.0	0.0
202607	230B30601	19	荷造運搬費	0.0	0.0	0.0	0.0	0.0	0.0
202607	230B30601	20	通信費	9500.0	9500.0	8680.0	0.1	91.3	91.3
202607	230B30601	21	水道光熱費	12000.0	12000.0	12047.0	0.2	100.3	100.3
202607	230B30601	22	動力費	0.0	0.0	0.0	0.0	0.0	0.0
202607	230B30601	23	事務用品費	6000.0	6000.0	5139.0	0.0	85.6	85.6
202607	230B30601	24	消耗品費	37250.0	37250.0	20709.0	0.3	55.5	55.5
202607	230B30601	25	廃棄物処理料	30000.0	30000.0	-561.0	0.0	0.0	0.0
202607	230B30601	26	広告宣伝費	0.0	0.0	0.0	0.0	0.0	0.0
202607	230B30601	27	接待交際費	0.0	0.0	0.0	0.0	0.0	0.0
202607	230B30601	28	研究開発費	0.0	0.0	0.0	0.0	0.0	0.0
202607	230B30601	29	アフターサービス費	0.0	0.0	0.0	0.0	0.0	0.0
202607	230B30601	30	クレーム費	0.0	0.0	0.0	0.0	0.0	0.0
202607	230B30601	31	賃借料	75030.0	75030.0	75030.0	1.3	100.0	100.0
202607	230B30601	32	賃貸料収入	0.0	0.0	0.0	0.0	0.0	0.0
202607	230B30601	33	修繕費	0.0	0.0	0.0	0.0	0.0	0.0
202607	230B30601	34	支払リース料	1000.0	1000.0	1131.0	0.0	113.1	113.1
202607	230B30601	35	保険料	0.0	0.0	0.0	0.0	0.0	0.0
202607	230B30601	36	支払報酬	0.0	0.0	0.0	0.0	0.0	0.0
202607	230B30601	37	販売手数料	0.0	0.0	0.0	0.0	0.0	0.0
202607	230B30601	38	支払手数料	500.0	500.0	409.0	0.0	81.8	81.8
202607	230B30601	39	診断料	0.0	0.0	0.0	0.0	0.0	0.0
202607	230B30601	40	諸会費	4000.0	4000.0	2867.0	0.0	71.6	71.6
202607	230B30601	41	会議費	0.0	0.0	0.0	0.0	0.0	0.0
202607	230B30601	42	寄付金	0.0	0.0	0.0	0.0	0.0	0.0
202607	230B30601	43	租税公課	0.0	0.0	0.0	0.0	0.0	0.0
202607	230B30601	44	業務委託費	0.0	0.0	0.0	0.0	0.0	0.0
202607	230B30601	45	業務受託収入	0.0	0.0	0.0	0.0	0.0	0.0
202607	230B30601	46	システム管理料	0.0	0.0	0.0	0.0	0.0	0.0
202607	230B30601	47	情報機器利用料	164010.0	164010.0	163410.0	2.9	99.6	99.6
202607	230B30601	48	貸倒金	0.0	0.0	0.0	0.0	0.0	0.0
202607	230B30601	49	雑費	4000.0	4000.0	2026.0	0.0	50.6	50.6
202607	230B30601	50	福利消耗品費	0.0	0.0	0.0	0.0	0.0	0.0
202607	230B30601	51	教育研修費	800.0	800.0	678.0	0.0	84.7	84.7
202607	230B30601	52	廃棄損・減耗損	0.0	0.0	0.0	0.0	0.0	0.0
202607	230B30601	53	雑給	0.0	0.0	0.0	0.0	0.0	0.0
202607	230B30601	54	社内金利（固定資産）	0.0	0.0	0.0	0.0	0.0	0.0
202607	230B30601	55	社内金利（売掛金）	0.0	0.0	0.0	0.0	0.0	0.0
202607	230B30601	56	社内金利（在庫）	0.0	0.0	0.0	0.0	0.0	0.0
202607	230B30601	57	営業口銭①（新築）	0.0	225000.0	675000.0	12.1	300.0	0.0
202607	230B30601	58	営業口銭②（リフォ）	4155000.0	3790500.0	3902725.0	70.5	102.9	93.9
202607	230B30601	59	開発口銭	0.0	0.0	0.0	0.0	0.0	0.0
202607	230B30601	60	部門共通（経費）	529833.0	546979.0	393835.0	7.1	72.0	74.3
202607	230B30601	61	グループ共通	75800.0	75800.0	75800.0	1.3	100.0	100.0
202607	230B30601	62	差引収益	283948.0	8976302.0	8383960.0		93.4	
202607	230B30601	63	差引比率	1.1	32.5	28.8		88.6	
202607	230B30601	64	総時間	901.75	889.25	877.0		98.6	97.2
202607	230B30601	65	定時間	540.0	540.0	544.0	62.0	100.7	100.7
202607	230B30601	66	残業時間	70.0	70.0	57.25	6.5	81.7	81.7
202607	230B30601	67	移動時間	0.0	0.0	0.0	0.0	0.0	0.0
202607	230B30601	68	部門共通（時間）	291.75	279.25	275.75	31.4	98.7	94.5
202607	230B30601	69	当月時間当り	314.8	10094.2	9559.8		94.7	
202607	230B30601	70	人員	3.0	3.0	3.0		100.0	100.0
202607	003092100	1	総受注高	0.0	0.0	0.0		0.0	0.0
202607	003092100	2	【新築】受注高	0.0	0.0	0.0	0.0	0.0	0.0
202607	003092100	3	【リフォ】受注高	0.0	0.0	0.0	0.0	0.0	0.0
202607	003092100	4	【資材】受注高	0.0	0.0	0.0	0.0	0.0	0.0
202607	003092100	5	総売上高	0.0	0.0	0.0		0.0	0.0
202607	003092100	6	【新築】売上高	0.0	0.0	0.0	0.0	0.0	0.0
202607	003092100	7	【リフォ】売上高	0.0	0.0	0.0	0.0	0.0	0.0
202607	003092100	8	【資材】売上高	0.0	0.0	0.0	0.0	0.0	0.0
202607	003092100	9	【新築】インセンティブ	0.0	0.0	0.0	0.0	0.0	0.0
202607	003092100	10	【リフォ】インセンティブ	0.0	0.0	0.0	0.0	0.0	0.0
202607	003092100	11	【資材】インセンティブ	0.0	0.0	0.0	0.0	0.0	0.0
202607	003092100	12	収益①（営業口銭）	0.0	0.0	0.0		0.0	0.0
202607	003092100	13	【新築】収益①(営業口銭)	0.0	0.0	0.0		0.0	0.0
202607	003092100	14	【リフォ】収益①(営業口銭)	0.0	0.0	0.0		0.0	0.0
202607	003092100	15	【資材】売上原価	0.0	0.0	0.0		0.0	0.0
202607	003092100	16	収益②（資材）	0.0	0.0	0.0		0.0	0.0
202607	003092100	17	総収益	0.0	0.0	0.0		0.0	0.0
202607	003092100	18	経費合計	0.0	0.0	0.0		0.0	0.0
202607	003092100	19	減価償却費	0.0	0.0	0.0	0.0	0.0	0.0
202607	003092100	20	車両費	0.0	0.0	0.0	0.0	0.0	0.0
202607	003092100	21	旅費交通費	0.0	0.0	0.0	0.0	0.0	0.0
202607	003092100	22	荷造運搬費	0.0	0.0	0.0	0.0	0.0	0.0
202607	003092100	23	通信費	0.0	0.0	0.0	0.0	0.0	0.0
202607	003092100	24	水道光熱費	0.0	0.0	0.0	0.0	0.0	0.0
202607	003092100	25	動力費	0.0	0.0	0.0	0.0	0.0	0.0
202607	003092100	26	事務用品費	0.0	0.0	0.0	0.0	0.0	0.0
202607	003092100	27	消耗品費	0.0	0.0	0.0	0.0	0.0	0.0
202607	003092100	28	廃棄物処理料	0.0	0.0	0.0	0.0	0.0	0.0
202607	003092100	29	広告宣伝費	0.0	0.0	0.0	0.0	0.0	0.0
202607	003092100	30	接待交際費	0.0	0.0	0.0	0.0	0.0	0.0
202607	003092100	31	研究開発費	0.0	0.0	0.0	0.0	0.0	0.0
202607	003092100	32	アフターサービス費	0.0	0.0	0.0	0.0	0.0	0.0
202607	003092100	33	クレーム費	0.0	0.0	0.0	0.0	0.0	0.0
202607	003092100	34	賃借料	0.0	0.0	0.0	0.0	0.0	0.0
202607	003092100	35	賃貸料収入	0.0	0.0	0.0	0.0	0.0	0.0
202607	003092100	36	修繕費	0.0	0.0	0.0	0.0	0.0	0.0
202607	003092100	37	支払リース料	0.0	0.0	0.0	0.0	0.0	0.0
202607	003092100	38	保険料	0.0	0.0	0.0	0.0	0.0	0.0
202607	003092100	39	支払報酬	0.0	0.0	0.0	0.0	0.0	0.0
202607	003092100	40	販売手数料	0.0	0.0	0.0	0.0	0.0	0.0
202607	003092100	41	支払手数料	0.0	0.0	0.0	0.0	0.0	0.0
202607	003092100	42	診断料	0.0	0.0	0.0	0.0	0.0	0.0
202607	003092100	43	諸会費	0.0	0.0	0.0	0.0	0.0	0.0
202607	003092100	44	会議費	0.0	0.0	0.0	0.0	0.0	0.0
202607	003092100	45	寄付金	0.0	0.0	0.0	0.0	0.0	0.0
202607	003092100	46	租税公課	0.0	0.0	0.0	0.0	0.0	0.0
202607	003092100	47	業務委託費	0.0	0.0	0.0	0.0	0.0	0.0
202607	003092100	48	業務受託収入	0.0	0.0	0.0	0.0	0.0	0.0
202607	003092100	49	システム管理料	0.0	0.0	0.0	0.0	0.0	0.0
202607	003092100	50	情報機器利用料	0.0	0.0	0.0	0.0	0.0	0.0
202607	003092100	51	貸倒金	0.0	0.0	0.0	0.0	0.0	0.0
202607	003092100	52	雑費	0.0	0.0	0.0	0.0	0.0	0.0
202607	003092100	53	福利消耗品費	0.0	0.0	0.0	0.0	0.0	0.0
202607	003092100	54	教育研修費	0.0	0.0	0.0	0.0	0.0	0.0
202607	003092100	55	廃棄損・減耗損	0.0	0.0	0.0	0.0	0.0	0.0
202607	003092100	56	雑給	0.0	0.0	0.0	0.0	0.0	0.0
202607	003092100	57	社内金利（固定資産）	0.0	0.0	0.0	0.0	0.0	0.0
202607	003092100	58	社内金利（売掛金）	0.0	0.0	0.0	0.0	0.0	0.0
202607	003092100	59	社内金利（在庫）	0.0	0.0	0.0	0.0	0.0	0.0
202607	003092100	60	開発口銭	0.0	0.0	0.0	0.0	0.0	0.0
202607	003092100	61	部門共通（経費）	0.0	0.0	0.0	0.0	0.0	0.0
202607	003092100	62	グループ共通	0.0	0.0	0.0	0.0	0.0	0.0
202607	003092100	63	差引収益	0.0	0.0	0.0		0.0	0.0
202607	003092100	64	差引比率	0.0	0.0	0.0		0.0	0.0
202607	003092100	65	総時間	0.0	0.0	0.0		0.0	0.0
202607	003092100	66	定時間	0.0	0.0	0.0	0.0	0.0	0.0
202607	003092100	67	残業時間	0.0	0.0	0.0	0.0	0.0	0.0
202607	003092100	68	移動時間	0.0	0.0	0.0	0.0	0.0	0.0
202607	003092100	69	部門共通（時間）	0.0	0.0	0.0	0.0	0.0	0.0
202607	003092100	70	当月時間当り	0.0	0.0	0.0		0.0	0.0
202607	003092100	71	人員	0.0	0.0	0.0		0.0	0.0
202607	400A10200	1	総受注高	914000000.0	123606000.0	97651708.0		79.0	10.6
202607	400A10200	2	【新築】受注高	800000000.0	44120000.0	46985000.0	48.1	106.4	5.8
202607	400A10200	3	【リフォ】受注高	64000000.0	29486000.0	10217460.0	10.4	34.6	15.9
202607	400A10200	4	【資材】受注高	50000000.0	50000000.0	40449248.0	41.4	80.8	80.8
202607	400A10200	5	総売上高	94000000.0	75700000.0	74118587.0		97.9	78.8
202607	400A10200	6	【新築】売上高	10000000.0	9000000.0	9000000.0	12.1	100.0	90.0
202607	400A10200	7	【リフォ】売上高	34000000.0	16700000.0	20330610.0	27.4	121.7	59.7
202607	400A10200	8	【資材】売上高	50000000.0	50000000.0	44787977.0	60.4	89.5	89.5
202607	400A10200	9	【新築】インセンティブ	0.0	0.0	0.0	0.0	0.0	0.0
202607	400A10200	10	【リフォ】インセンティブ	0.0	0.0	0.0	0.0	0.0	0.0
202607	400A10200	11	【資材】インセンティブ	0.0	0.0	0.0	0.0	0.0	0.0
202607	400A10200	12	収益①（営業口銭）	5600000.0	2955000.0	3499590.0		118.4	62.4
202607	400A10200	13	【新築】収益①(営業口銭)	500000.0	450000.0	450000.0		100.0	90.0
202607	400A10200	14	【リフォ】収益①(営業口銭)	5100000.0	2505000.0	3049590.0		121.7	59.7
202607	400A10200	15	【資材】売上原価	37500000.0	37500000.0	34268184.0		91.3	91.3
202607	400A10200	16	収益②（資材）	12500000.0	12500000.0	10519793.0		84.1	84.1
202607	400A10200	17	総収益	18100000.0	15455000.0	14019383.0		90.7	77.4
202607	400A10200	18	経費合計	5699219.0	6008564.0	5668466.0		94.3	99.4
202607	400A10200	19	減価償却費	34481.0	34481.0	44779.0	0.7	129.8	129.8
202607	400A10200	20	車両費	396616.0	570916.0	579898.0	10.2	101.5	146.2
202607	400A10200	21	旅費交通費	330000.0	285000.0	257971.0	4.5	90.5	78.1
202607	400A10200	22	荷造運搬費	25000.0	20000.0	12158.0	0.2	60.7	48.6
202607	400A10200	23	通信費	116677.0	126677.0	93224.0	1.6	73.5	79.8
202607	400A10200	24	水道光熱費	77000.0	77000.0	42903.0	0.7	55.7	55.7
202607	400A10200	25	動力費	0.0	0.0	0.0	0.0	0.0	0.0
202607	400A10200	26	事務用品費	38200.0	38200.0	35639.0	0.6	93.2	93.2
202607	400A10200	27	消耗品費	41500.0	41500.0	13448.0	0.2	32.4	32.4
202607	400A10200	28	廃棄物処理料	244090.0	244090.0	141269.0	2.4	57.8	57.8
202607	400A10200	29	広告宣伝費	148000.0	148000.0	45300.0	0.7	30.6	30.6
202607	400A10200	30	接待交際費	100000.0	55000.0	11572.0	0.2	21.0	11.5
202607	400A10200	31	研究開発費	0.0	0.0	0.0	0.0	0.0	0.0
202607	400A10200	32	アフターサービス費	0.0	0.0	0.0	0.0	0.0	0.0
202607	400A10200	33	クレーム費	0.0	0.0	0.0	0.0	0.0	0.0
202607	400A10200	34	賃借料	518001.0	582700.0	582700.0	10.2	100.0	112.4
202607	400A10200	35	賃貸料収入	-53214.0	-53214.0	-52350.0	0.0	0.0	0.0
202607	400A10200	36	修繕費	0.0	0.0	0.0	0.0	0.0	0.0
202607	400A10200	37	支払リース料	0.0	0.0	0.0	0.0	0.0	0.0
202607	400A10200	38	保険料	2044.0	2044.0	2044.0	0.0	100.0	100.0
202607	400A10200	39	支払報酬	0.0	0.0	0.0	0.0	0.0	0.0
202607	400A10200	40	販売手数料	0.0	0.0	0.0	0.0	0.0	0.0
202607	400A10200	41	支払手数料	27474.0	27474.0	27630.0	0.4	100.5	100.5
202607	400A10200	42	診断料	0.0	0.0	0.0	0.0	0.0	0.0
202607	400A10200	43	諸会費	950.0	950.0	950.0	0.0	100.0	100.0
202607	400A10200	44	会議費	0.0	0.0	0.0	0.0	0.0	0.0
202607	400A10200	45	寄付金	0.0	0.0	0.0	0.0	0.0	0.0
202607	400A10200	46	租税公課	30000.0	30000.0	30200.0	0.5	100.6	100.6
202607	400A10200	47	業務委託費	0.0	0.0	0.0	0.0	0.0	0.0
202607	400A10200	48	業務受託収入	0.0	0.0	0.0	0.0	0.0	0.0
202607	400A10200	49	システム管理料	0.0	0.0	0.0	0.0	0.0	0.0
202607	400A10200	50	情報機器利用料	615730.0	630730.0	649254.0	11.4	102.9	105.4
202607	400A10200	51	貸倒金	0.0	0.0	0.0	0.0	0.0	0.0
202607	400A10200	52	雑費	8000.0	8000.0	57409.0	1.0	717.6	717.6
202607	400A10200	53	福利消耗品費	3000.0	3000.0	12850.0	0.2	428.3	428.3
202607	400A10200	54	教育研修費	64637.0	64637.0	29566.0	0.5	45.7	45.7
202607	400A10200	55	廃棄損・減耗損	0.0	0.0	0.0	0.0	0.0	0.0
202607	400A10200	56	雑給	0.0	0.0	0.0	0.0	0.0	0.0
202607	400A10200	57	社内金利（固定資産）	11904.0	11904.0	15460.0	0.2	129.8	129.8
202607	400A10200	58	社内金利（売掛金）	52500.0	46039.0	42963.0	0.7	93.3	81.8
202607	400A10200	59	社内金利（在庫）	41600.0	41600.0	48839.0	0.8	117.4	117.4
202607	400A10200	60	開発口銭	0.0	0.0	0.0	0.0	0.0	0.0
202607	400A10200	61	部門共通（経費）	2523329.0	2670136.0	2641090.0	46.5	98.9	104.6
202607	400A10200	62	グループ共通	301700.0	301700.0	301700.0	5.3	100.0	100.0
202607	400A10200	63	差引収益	12400781.0	9446436.0	8350917.0		88.4	67.3
202607	400A10200	64	差引比率	13.1	12.4	11.2		90.3	85.4
202607	400A10200	65	総時間	3052.0	3138.5	3408.25		108.5	111.6
202607	400A10200	66	定時間	1688.0	1776.0	1843.25	54.0	103.7	109.1
202607	400A10200	67	残業時間	276.0	280.0	305.0	8.9	108.9	110.5
202607	400A10200	68	移動時間	-201.0	-191.0	-7.5	0.0	0.0	0.0
202607	400A10200	69	部門共通（時間）	1289.0	1273.5	1267.5	37.1	99.5	98.3
202607	400A10200	70	当月時間当り	4063.1	3009.8	2450.2		81.4	60.3
202607	400A10200	71	人員	10.0	11.0	11.0		100.0	110.0
202607	400A10300	1	総受注高	914000000.0	123606000.0	97651708.0		79.0	10.6
202607	400A10300	2	【新築】受注高	800000000.0	44120000.0	46985000.0	48.1	106.4	5.8
202607	400A10300	3	【リフォ】受注高	64000000.0	29486000.0	10217460.0	10.4	34.6	15.9
202607	400A10300	4	【資材】受注高	50000000.0	50000000.0	40449248.0	41.4	80.8	80.8
202607	400A10300	5	総売上高	94000000.0	75700000.0	74118587.0		97.9	78.8
202607	400A10300	6	【新築】売上高	10000000.0	9000000.0	9000000.0	12.1	100.0	90.0
202607	400A10300	7	【リフォ】売上高	34000000.0	16700000.0	20330610.0	27.4	121.7	59.7
202607	400A10300	8	【資材】売上高	50000000.0	50000000.0	44787977.0	60.4	89.5	89.5
202607	400A10300	9	【新築】インセンティブ	0.0	0.0	0.0	0.0	0.0	0.0
202607	400A10300	10	【リフォ】インセンティブ	0.0	0.0	0.0	0.0	0.0	0.0
202607	400A10300	11	【資材】インセンティブ	0.0	0.0	0.0	0.0	0.0	0.0
202607	400A10300	12	収益①（営業口銭）	5600000.0	2955000.0	3499590.0		118.4	62.4
202607	400A10300	13	【新築】収益①(営業口銭)	500000.0	450000.0	450000.0		100.0	90.0
202607	400A10300	14	【リフォ】収益①(営業口銭)	5100000.0	2505000.0	3049590.0		121.7	59.7
202607	400A10300	15	【資材】売上原価	37500000.0	37500000.0	34268184.0		91.3	91.3
202607	400A10300	16	収益②（資材）	12500000.0	12500000.0	10519793.0		84.1	84.1
202607	400A10300	17	総収益	18100000.0	15455000.0	14019383.0		90.7	77.4
202607	400A10300	18	総出荷	44000000.0	25700000.0	29330610.0		114.1	66.6
202607	400A10300	19	社外売	44000000.0	25700000.0	29330610.0	100.0	114.1	66.6
202607	400A10300	20	社内売	0.0	0.0	0.0	0.0	0.0	0.0
202607	400A10300	21	社内仕入	5690000.0	5880000.0	229520.0		3.9	4.0
202607	400A10300	22	仕掛1	0.0	0.0	0.0		0.0	0.0
202607	400A10300	23	総生産	38310000.0	19820000.0	29101090.0		146.8	75.9
202607	400A10300	24	経費合計	64163834.0	34739519.0	39179429.0		112.7	61.0
202607	400A10300	25	経費合計(原価)	51277000.0	24130000.0	28597508.0	72.9	118.5	55.7
202607	400A10300	26	仕掛2	0.0	0.0	0.0	0.0	0.0	0.0
202607	400A10300	27	商品仕入高	31100000.0	13400000.0	21789048.0	76.1	162.6	70.0
202607	400A10300	28	原材料費	0.0	0.0	0.0	0.0	0.0	0.0
202607	400A10300	29	外注加工費	19620000.0	10630000.0	6627250.0	23.1	62.3	33.7
202607	400A10300	30	その他 直接経費	557000.0	100000.0	181210.0	0.6	181.2	32.5
202607	400A10300	31	他勘定振替高	0.0	0.0	0.0	0.0	0.0	0.0
202607	400A10300	32	経費合計（販管費）	12886834.0	10609519.0	10581921.0	27.0	99.7	82.1
202607	400A10300	33	減価償却費	44779.0	44779.0	51521.0	0.4	115.0	115.0
202607	400A10300	34	車両費	696331.0	870631.0	854449.0	8.0	98.1	122.7
202607	400A10300	35	旅費交通費	420000.0	375000.0	378008.0	3.5	100.8	90.0
202607	400A10300	36	荷造運搬費	25000.0	20000.0	12158.0	0.1	60.7	48.6
202607	400A10300	37	通信費	135120.0	145120.0	104795.0	0.9	72.2	77.5
202607	400A10300	38	水道光熱費	120000.0	120000.0	75775.0	0.7	63.1	63.1
202607	400A10300	39	動力費	0.0	0.0	0.0	0.0	0.0	0.0
202607	400A10300	40	事務用品費	49700.0	49700.0	44717.0	0.4	89.9	89.9
202607	400A10300	41	消耗品費	53900.0	53900.0	17048.0	0.1	31.6	31.6
202607	400A10300	42	廃棄物処理料	317000.0	317000.0	144500.0	1.3	45.5	45.5
202607	400A10300	43	広告宣伝費	148000.0	148000.0	45300.0	0.4	30.6	30.6
202607	400A10300	44	接待交際費	100000.0	55000.0	12423.0	0.1	22.5	12.4
202607	400A10300	45	研究開発費	0.0	0.0	0.0	0.0	0.0	0.0
202607	400A10300	46	アフターサービス費	0.0	0.0	0.0	0.0	0.0	0.0
202607	400A10300	47	クレーム費	0.0	0.0	0.0	0.0	0.0	0.0
202607	400A10300	48	賃借料	742228.0	806928.0	806928.0	7.6	100.0	108.7
202607	400A10300	49	賃貸料収入	-65001.0	-65864.0	-65000.0	0.0	0.0	0.0
202607	400A10300	50	修繕費	0.0	0.0	0.0	0.0	0.0	0.0
202607	400A10300	51	支払リース料	0.0	0.0	0.0	0.0	0.0	0.0
202607	400A10300	52	保険料	2044.0	2044.0	2044.0	0.0	100.0	100.0
202607	400A10300	53	支払報酬	0.0	0.0	0.0	0.0	0.0	0.0
202607	400A10300	54	販売手数料	0.0	0.0	0.0	0.0	0.0	0.0
202607	400A10300	55	支払手数料	31200.0	31200.0	31806.0	0.3	101.9	101.9
202607	400A10300	56	診断料	0.0	0.0	0.0	0.0	0.0	0.0
202607	400A10300	57	諸会費	1450.0	1450.0	1450.0	0.0	100.0	100.0
202607	400A10300	58	会議費	0.0	0.0	0.0	0.0	0.0	0.0
202607	400A10300	59	寄付金	0.0	0.0	0.0	0.0	0.0	0.0
202607	400A10300	60	租税公課	30000.0	30000.0	30200.0	0.2	100.6	100.6
202607	400A10300	61	業務委託費	0.0	0.0	0.0	0.0	0.0	0.0
202607	400A10300	62	業務受託収入	0.0	0.0	0.0	0.0	0.0	0.0
202607	400A10300	63	システム管理料	0.0	0.0	0.0	0.0	0.0	0.0
202607	400A10300	64	情報機器利用料	711940.0	760540.0	779064.0	7.3	102.4	109.4
202607	400A10300	65	貸倒金	0.0	0.0	0.0	0.0	0.0	0.0
202607	400A10300	66	雑費	8500.0	8500.0	74173.0	0.7	872.6	872.6
202607	400A10300	67	福利消耗品費	18000.0	18000.0	12850.0	0.1	71.3	71.3
202607	400A10300	68	教育研修費	84637.0	84637.0	29566.0	0.2	34.9	34.9
202607	400A10300	69	廃棄損・減耗損	0.0	0.0	0.0	0.0	0.0	0.0
202607	400A10300	70	雑給	0.0	0.0	0.0	0.0	0.0	0.0
202607	400A10300	71	社内金利（固定資産）	15460.0	15460.0	16536.0	0.1	106.9	106.9
202607	400A10300	72	社内金利（売掛金）	52500.0	46039.0	42963.0	0.4	93.3	81.8
202607	400A10300	73	社内金利（在庫）	41600.0	41600.0	48839.0	0.4	117.4	117.4
202607	400A10300	74	営業口銭①（新築）	500000.0	450000.0	450000.0	4.2	100.0	90.0
202607	400A10300	75	営業口銭②（リフォ）	5100000.0	2505000.0	3049590.0	28.8	121.7	59.7
202607	400A10300	76	開発口銭	0.0	0.0	0.0	0.0	0.0	0.0
202607	400A10300	77	部門共通（経費）	3150246.0	3322655.0	3178018.0	30.0	95.6	100.8
202607	400A10300	78	グループ共通	352200.0	352200.0	352200.0	3.3	100.0	100.0
202607	400A10300	79	差引収益	-7753834.0	535481.0	3941044.0		735.9	0.0
202607	400A10300	80	差引比率	-5.8	0.5	3.8		760.0	0.0
202607	400A10300	81	総時間	4253.75	4284.0	4386.75		102.3	103.1
202607	400A10300	82	定時間	2216.0	2248.0	2344.5	53.4	104.2	105.7
202607	400A10300	83	残業時間	342.0	355.0	381.75	8.7	107.5	111.6
202607	400A10300	84	移動時間	-5.0	5.0	-7.5	0.0	0.0	0.0
202607	400A10300	85	部門共通（時間）	1700.75	1676.0	1668.0	38.0	99.5	98.0
202607	400A10300	86	当月時間当り	-1822.8	124.9	898.3		719.2	0.0
202607	400A10300	87	人員	13.0	14.0	14.0		100.0	107.6
202607	400A30100	1	総出荷	44000000.0	25700000.0	29330610.0		114.1	66.6
202607	400A30100	2	社外売	44000000.0	25700000.0	29330610.0	100.0	114.1	66.6
202607	400A30100	3	社内売	0.0	0.0	0.0	0.0	0.0	0.0
202607	400A30100	4	社内仕入	5690000.0	5880000.0	229520.0		3.9	4.0
202607	400A30100	5	仕掛1	0.0	0.0	0.0		0.0	0.0
202607	400A30100	6	総生産	38310000.0	19820000.0	29101090.0		146.8	75.9
202607	400A30100	7	経費合計	58464615.0	28730955.0	33510963.0		116.6	57.3
202607	400A30100	8	経費合計(原価)	51277000.0	24130000.0	28597508.0	85.3	118.5	55.7
202607	400A30100	9	仕掛2	0.0	0.0	0.0	0.0	0.0	0.0
202607	400A30100	10	商品仕入高	31100000.0	13400000.0	21789048.0	76.1	162.6	70.0
202607	400A30100	11	原材料費	0.0	0.0	0.0	0.0	0.0	0.0
202607	400A30100	12	外注加工費	19620000.0	10630000.0	6627250.0	23.1	62.3	33.7
202607	400A30100	13	その他 直接経費	557000.0	100000.0	181210.0	0.6	181.2	32.5
202607	400A30100	14	他勘定振替高	0.0	0.0	0.0	0.0	0.0	0.0
202607	400A30100	15	経費合計（販管費）	7187615.0	4600955.0	4913455.0	14.6	106.7	68.3
202607	400A30100	16	減価償却費	10298.0	10298.0	6742.0	0.1	65.4	65.4
202607	400A30100	17	車両費	299715.0	299715.0	274551.0	5.5	91.6	91.6
202607	400A30100	18	旅費交通費	90000.0	90000.0	120037.0	2.4	133.3	133.3
202607	400A30100	19	荷造運搬費	0.0	0.0	0.0	0.0	0.0	0.0
202607	400A30100	20	通信費	18443.0	18443.0	11571.0	0.2	62.7	62.7
202607	400A30100	21	水道光熱費	43000.0	43000.0	32872.0	0.6	76.4	76.4
202607	400A30100	22	動力費	0.0	0.0	0.0	0.0	0.0	0.0
202607	400A30100	23	事務用品費	11500.0	11500.0	9078.0	0.1	78.9	78.9
202607	400A30100	24	消耗品費	12400.0	12400.0	3600.0	0.0	29.0	29.0
202607	400A30100	25	廃棄物処理料	72910.0	72910.0	3231.0	0.0	4.4	4.4
202607	400A30100	26	広告宣伝費	0.0	0.0	0.0	0.0	0.0	0.0
202607	400A30100	27	接待交際費	0.0	0.0	851.0	0.0	0.0	0.0
202607	400A30100	28	研究開発費	0.0	0.0	0.0	0.0	0.0	0.0
202607	400A30100	29	アフターサービス費	0.0	0.0	0.0	0.0	0.0	0.0
202607	400A30100	30	クレーム費	0.0	0.0	0.0	0.0	0.0	0.0
202607	400A30100	31	賃借料	224227.0	224228.0	224228.0	4.5	100.0	100.0
202607	400A30100	32	賃貸料収入	-11787.0	-12650.0	-12650.0	0.0	0.0	0.0
202607	400A30100	33	修繕費	0.0	0.0	0.0	0.0	0.0	0.0
202607	400A30100	34	支払リース料	0.0	0.0	0.0	0.0	0.0	0.0
202607	400A30100	35	保険料	0.0	0.0	0.0	0.0	0.0	0.0
202607	400A30100	36	支払報酬	0.0	0.0	0.0	0.0	0.0	0.0
202607	400A30100	37	販売手数料	0.0	0.0	0.0	0.0	0.0	0.0
202607	400A30100	38	支払手数料	3726.0	3726.0	4176.0	0.0	112.0	112.0
202607	400A30100	39	診断料	0.0	0.0	0.0	0.0	0.0	0.0
202607	400A30100	40	諸会費	500.0	500.0	500.0	0.0	100.0	100.0
202607	400A30100	41	会議費	0.0	0.0	0.0	0.0	0.0	0.0
202607	400A30100	42	寄付金	0.0	0.0	0.0	0.0	0.0	0.0
202607	400A30100	43	租税公課	0.0	0.0	0.0	0.0	0.0	0.0
202607	400A30100	44	業務委託費	0.0	0.0	0.0	0.0	0.0	0.0
202607	400A30100	45	業務受託収入	0.0	0.0	0.0	0.0	0.0	0.0
202607	400A30100	46	システム管理料	0.0	0.0	0.0	0.0	0.0	0.0
202607	400A30100	47	情報機器利用料	96210.0	129810.0	129810.0	2.6	100.0	134.9
202607	400A30100	48	貸倒金	0.0	0.0	0.0	0.0	0.0	0.0
202607	400A30100	49	雑費	500.0	500.0	16764.0	0.3		
202607	400A30100	50	福利消耗品費	15000.0	15000.0	0.0	0.0	0.0	0.0
202607	400A30100	51	教育研修費	20000.0	20000.0	0.0	0.0	0.0	0.0
202607	400A30100	52	廃棄損・減耗損	0.0	0.0	0.0	0.0	0.0	0.0
202607	400A30100	53	雑給	0.0	0.0	0.0	0.0	0.0	0.0
202607	400A30100	54	社内金利（固定資産）	3556.0	3556.0	1076.0	0.0	30.2	30.2
202607	400A30100	55	社内金利（売掛金）	0.0	0.0	0.0	0.0	0.0	0.0
202607	400A30100	56	社内金利（在庫）	0.0	0.0	0.0	0.0	0.0	0.0
202607	400A30100	57	営業口銭①（新築）	500000.0	450000.0	450000.0	9.1	100.0	90.0
202607	400A30100	58	営業口銭②（リフォ）	5100000.0	2505000.0	3049590.0	62.0	121.7	59.7
202607	400A30100	59	開発口銭	0.0	0.0	0.0	0.0	0.0	0.0
202607	400A30100	60	部門共通（経費）	626917.0	652519.0	536928.0	10.9	82.2	85.6
202607	400A30100	61	グループ共通	50500.0	50500.0	50500.0	1.0	100.0	100.0
202607	400A30100	62	差引収益	-20154615.0	-8910955.0	-4409873.0		0.0	0.0
202607	400A30100	63	差引比率	-52.6	-44.9	-15.1		0.0	0.0
202607	400A30100	64	総時間	1201.75	1145.5	978.5		85.4	81.4
202607	400A30100	65	定時間	528.0	472.0	501.25	51.2	106.1	94.9
202607	400A30100	66	残業時間	66.0	75.0	76.75	7.8	102.3	116.2
202607	400A30100	67	移動時間	196.0	196.0	0.0	0.0	0.0	0.0
202607	400A30100	68	部門共通（時間）	411.75	402.5	400.5	40.9	99.5	97.2
202607	400A30100	69	当月時間当り	-16771.0	-7779.0	-4506.7		0.0	0.0
202607	400A30100	70	人員	3.0	3.0	3.0		100.0	100.0
202607	040A10200	1	総受注高	13000000.0	3000000.0	1402534.0		46.7	10.7
202607	040A10200	2	【新築】受注高	0.0	0.0	0.0	0.0	0.0	0.0
202607	040A10200	3	【リフォ】受注高	10000000.0	0.0	960000.0	68.4	0.0	9.6
202607	040A10200	4	【資材】受注高	3000000.0	3000000.0	442534.0	31.5	14.7	14.7
202607	040A10200	5	総売上高	3000000.0	13710000.0	14230682.0		103.7	474.3
202607	040A10200	6	【新築】売上高	0.0	0.0	0.0	0.0	0.0	0.0
202607	040A10200	7	【リフォ】売上高	0.0	10710000.0	10170000.0	71.4	94.9	0.0
202607	040A10200	8	【資材】売上高	3000000.0	3000000.0	4060682.0	28.5	135.3	135.3
202607	040A10200	9	【新築】インセンティブ	0.0	0.0	0.0	0.0	0.0	0.0
202607	040A10200	10	【リフォ】インセンティブ	0.0	0.0	0.0	0.0	0.0	0.0
202607	040A10200	11	【資材】インセンティブ	0.0	0.0	0.0	0.0	0.0	0.0
202607	040A10200	12	収益①（営業口銭）	0.0	1606500.0	1525500.0		94.9	0.0
202607	040A10200	13	【新築】収益①(営業口銭)	0.0	0.0	0.0		0.0	0.0
202607	040A10200	14	【リフォ】収益①(営業口銭)	0.0	1606500.0	1525500.0		94.9	0.0
202607	040A10200	15	【資材】売上原価	2400000.0	2400000.0	3785282.0		157.7	157.7
202607	040A10200	16	収益②（資材）	600000.0	600000.0	275400.0		45.9	45.9
202607	040A10200	17	総収益	600000.0	2206500.0	1800900.0		81.6	300.1
202607	040A10200	18	経費合計	1023346.0	1090063.0	980698.0		89.9	95.8
202607	040A10200	19	減価償却費	0.0	0.0	0.0	0.0	0.0	0.0
202607	040A10200	20	車両費	0.0	0.0	0.0	0.0	0.0	0.0
202607	040A10200	21	旅費交通費	70000.0	70000.0	73255.0	7.4	104.6	104.6
202607	040A10200	22	荷造運搬費	0.0	0.0	0.0	0.0	0.0	0.0
202607	040A10200	23	通信費	0.0	0.0	0.0	0.0	0.0	0.0
202607	040A10200	24	水道光熱費	0.0	0.0	0.0	0.0	0.0	0.0
202607	040A10200	25	動力費	0.0	0.0	0.0	0.0	0.0	0.0
202607	040A10200	26	事務用品費	0.0	0.0	0.0	0.0	0.0	0.0
202607	040A10200	27	消耗品費	0.0	0.0	0.0	0.0	0.0	0.0
202607	040A10200	28	廃棄物処理料	0.0	0.0	0.0	0.0	0.0	0.0
202607	040A10200	29	広告宣伝費	0.0	0.0	0.0	0.0	0.0	0.0
202607	040A10200	30	接待交際費	0.0	0.0	2140.0	0.2	0.0	0.0
202607	040A10200	31	研究開発費	0.0	0.0	0.0	0.0	0.0	0.0
202607	040A10200	32	アフターサービス費	0.0	0.0	0.0	0.0	0.0	0.0
202607	040A10200	33	クレーム費	0.0	0.0	0.0	0.0	0.0	0.0
202607	040A10200	34	賃借料	14900.0	14900.0	14900.0	1.5	100.0	100.0
202607	040A10200	35	賃貸料収入	0.0	0.0	0.0	0.0	0.0	0.0
202607	040A10200	36	修繕費	0.0	0.0	0.0	0.0	0.0	0.0
202607	040A10200	37	支払リース料	0.0	0.0	0.0	0.0	0.0	0.0
202607	040A10200	38	保険料	0.0	0.0	0.0	0.0	0.0	0.0
202607	040A10200	39	支払報酬	0.0	0.0	0.0	0.0	0.0	0.0
202607	040A10200	40	販売手数料	0.0	0.0	0.0	0.0	0.0	0.0
202607	040A10200	41	支払手数料	0.0	0.0	0.0	0.0	0.0	0.0
202607	040A10200	42	診断料	0.0	0.0	0.0	0.0	0.0	0.0
202607	040A10200	43	諸会費	0.0	0.0	0.0	0.0	0.0	0.0
202607	040A10200	44	会議費	0.0	0.0	0.0	0.0	0.0	0.0
202607	040A10200	45	寄付金	0.0	0.0	0.0	0.0	0.0	0.0
202607	040A10200	46	租税公課	5000.0	5000.0	0.0	0.0	0.0	0.0
202607	040A10200	47	業務委託費	0.0	0.0	0.0	0.0	0.0	0.0
202607	040A10200	48	業務受託収入	0.0	0.0	0.0	0.0	0.0	0.0
202607	040A10200	49	システム管理料	0.0	0.0	0.0	0.0	0.0	0.0
202607	040A10200	50	情報機器利用料	0.0	0.0	0.0	0.0	0.0	0.0
202607	040A10200	51	貸倒金	0.0	0.0	0.0	0.0	0.0	0.0
202607	040A10200	52	雑費	0.0	0.0	0.0	0.0	0.0	0.0
202607	040A10200	53	福利消耗品費	0.0	0.0	0.0	0.0	0.0	0.0
202607	040A10200	54	教育研修費	0.0	0.0	0.0	0.0	0.0	0.0
202607	040A10200	55	廃棄損・減耗損	0.0	0.0	0.0	0.0	0.0	0.0
202607	040A10200	56	雑給	0.0	0.0	0.0	0.0	0.0	0.0
202607	040A10200	57	社内金利（固定資産）	0.0	0.0	0.0	0.0	0.0	0.0
202607	040A10200	58	社内金利（売掛金）	50000.0	50000.0	37094.0	3.7	74.1	74.1
202607	040A10200	59	社内金利（在庫）	0.0	0.0	0.0	0.0	0.0	0.0
202607	040A10200	60	開発口銭	0.0	0.0	0.0	0.0	0.0	0.0
202607	040A10200	61	部門共通（経費）	883446.0	950163.0	853309.0	87.0	89.8	96.5
202607	040A10200	62	グループ共通	0.0	0.0	0.0	0.0	0.0	0.0
202607	040A10200	63	差引収益	-423346.0	1116437.0	820202.0		73.4	0.0
202607	040A10200	64	差引比率	-14.1	8.1	5.7		70.3	0.0
202607	040A10200	65	総時間	356.75	355.0	352.0		99.1	98.6
202607	040A10200	66	定時間	0.0	0.0	0.0	0.0	0.0	0.0
202607	040A10200	67	残業時間	0.0	0.0	0.0	0.0	0.0	0.0
202607	040A10200	68	移動時間	90.0	90.0	90.0	25.5	100.0	100.0
202607	040A10200	69	部門共通（時間）	266.75	265.0	262.0	74.4	98.8	98.2
202607	040A10200	70	当月時間当り	-1186.6	3144.8	2330.1		74.0	0.0
202607	040A10200	71	人員	0.0	0.0	0.0		0.0	0.0
202607	040A10400	1	総受注高	13000000.0	3000000.0	1402534.0		46.7	10.7
202607	040A10400	2	【新築】受注高	0.0	0.0	0.0	0.0	0.0	0.0
202607	040A10400	3	【リフォ】受注高	10000000.0	0.0	960000.0	68.4	0.0	9.6
202607	040A10400	4	【資材】受注高	3000000.0	3000000.0	442534.0	31.5	14.7	14.7
202607	040A10400	5	総売上高	3000000.0	13710000.0	14230682.0		103.7	474.3
202607	040A10400	6	【新築】売上高	0.0	0.0	0.0	0.0	0.0	0.0
202607	040A10400	7	【リフォ】売上高	0.0	10710000.0	10170000.0	71.4	94.9	0.0
202607	040A10400	8	【資材】売上高	3000000.0	3000000.0	4060682.0	28.5	135.3	135.3
202607	040A10400	9	【新築】インセンティブ	0.0	0.0	0.0	0.0	0.0	0.0
202607	040A10400	10	【リフォ】インセンティブ	0.0	0.0	0.0	0.0	0.0	0.0
202607	040A10400	11	【資材】インセンティブ	0.0	0.0	0.0	0.0	0.0	0.0
202607	040A10400	12	収益①（営業口銭）	0.0	1606500.0	1525500.0		94.9	0.0
202607	040A10400	13	【新築】収益①(営業口銭)	0.0	0.0	0.0		0.0	0.0
202607	040A10400	14	【リフォ】収益①(営業口銭)	0.0	1606500.0	1525500.0		94.9	0.0
202607	040A10400	15	【資材】売上原価	2400000.0	2400000.0	3785282.0		157.7	157.7
202607	040A10400	16	収益②（資材）	600000.0	600000.0	275400.0		45.9	45.9
202607	040A10400	17	総収益	600000.0	2206500.0	1800900.0		81.6	300.1
202607	040A10400	18	総出荷	0.0	10710000.0	10170000.0		94.9	0.0
202607	040A10400	19	社外売	0.0	10710000.0	10170000.0	100.0	94.9	0.0
202607	040A10400	20	社内売	0.0	0.0	0.0	0.0	0.0	0.0
202607	040A10400	21	社内仕入	0.0	0.0	0.0		0.0	0.0
202607	040A10400	22	仕掛1	0.0	0.0	0.0		0.0	0.0
202607	040A10400	23	総生産	0.0	10710000.0	10170000.0		94.9	0.0
202607	040A10400	24	経費合計	1185863.0	4828474.0	5621861.0		116.4	474.0
202607	040A10400	25	経費合計(原価)	0.0	1959877.0	2996113.0	53.2	152.8	0.0
202607	040A10400	26	仕掛2	0.0	0.0	0.0	0.0	0.0	0.0
202607	040A10400	27	商品仕入高	0.0	1610453.0	1676050.0	55.9	104.0	0.0
202607	040A10400	28	原材料費	0.0	0.0	0.0	0.0	0.0	0.0
202607	040A10400	29	外注加工費	0.0	349424.0	1260000.0	42.0	360.5	0.0
202607	040A10400	30	その他 直接経費	0.0	0.0	60063.0	2.0	0.0	0.0
202607	040A10400	31	他勘定振替高	0.0	0.0	0.0	0.0	0.0	0.0
202607	040A10400	32	経費合計（販管費）	1185863.0	2868597.0	2625748.0	46.7	91.5	221.4
202607	040A10400	33	減価償却費	0.0	0.0	0.0	0.0	0.0	0.0
202607	040A10400	34	車両費	0.0	0.0	0.0	0.0	0.0	0.0
202607	040A10400	35	旅費交通費	70000.0	70000.0	73255.0	2.7	104.6	104.6
202607	040A10400	36	荷造運搬費	0.0	0.0	0.0	0.0	0.0	0.0
202607	040A10400	37	通信費	0.0	0.0	0.0	0.0	0.0	0.0
202607	040A10400	38	水道光熱費	0.0	0.0	0.0	0.0	0.0	0.0
202607	040A10400	39	動力費	0.0	0.0	0.0	0.0	0.0	0.0
202607	040A10400	40	事務用品費	0.0	0.0	0.0	0.0	0.0	0.0
202607	040A10400	41	消耗品費	0.0	0.0	0.0	0.0	0.0	0.0
202607	040A10400	42	廃棄物処理料	0.0	0.0	0.0	0.0	0.0	0.0
202607	040A10400	43	広告宣伝費	0.0	0.0	0.0	0.0	0.0	0.0
202607	040A10400	44	接待交際費	0.0	0.0	2140.0	0.0	0.0	0.0
202607	040A10400	45	研究開発費	0.0	0.0	0.0	0.0	0.0	0.0
202607	040A10400	46	アフターサービス費	0.0	0.0	0.0	0.0	0.0	0.0
202607	040A10400	47	クレーム費	0.0	0.0	0.0	0.0	0.0	0.0
202607	040A10400	48	賃借料	14900.0	14900.0	14900.0	0.5	100.0	100.0
202607	040A10400	49	賃貸料収入	0.0	0.0	0.0	0.0	0.0	0.0
202607	040A10400	50	修繕費	0.0	0.0	0.0	0.0	0.0	0.0
202607	040A10400	51	支払リース料	0.0	0.0	0.0	0.0	0.0	0.0
202607	040A10400	52	保険料	0.0	0.0	0.0	0.0	0.0	0.0
202607	040A10400	53	支払報酬	0.0	0.0	0.0	0.0	0.0	0.0
202607	040A10400	54	販売手数料	0.0	0.0	0.0	0.0	0.0	0.0
202607	040A10400	55	支払手数料	0.0	0.0	0.0	0.0	0.0	0.0
202607	040A10400	56	診断料	0.0	0.0	0.0	0.0	0.0	0.0
202607	040A10400	57	諸会費	0.0	0.0	0.0	0.0	0.0	0.0
202607	040A10400	58	会議費	0.0	0.0	0.0	0.0	0.0	0.0
202607	040A10400	59	寄付金	0.0	0.0	0.0	0.0	0.0	0.0
202607	040A10400	60	租税公課	5000.0	5000.0	0.0	0.0	0.0	0.0
202607	040A10400	61	業務委託費	0.0	0.0	0.0	0.0	0.0	0.0
202607	040A10400	62	業務受託収入	0.0	0.0	0.0	0.0	0.0	0.0
202607	040A10400	63	システム管理料	0.0	0.0	0.0	0.0	0.0	0.0
202607	040A10400	64	情報機器利用料	0.0	0.0	0.0	0.0	0.0	0.0
202607	040A10400	65	貸倒金	0.0	0.0	0.0	0.0	0.0	0.0
202607	040A10400	66	雑費	0.0	0.0	0.0	0.0	0.0	0.0
202607	040A10400	67	福利消耗品費	0.0	0.0	0.0	0.0	0.0	0.0
202607	040A10400	68	教育研修費	0.0	0.0	0.0	0.0	0.0	0.0
202607	040A10400	69	廃棄損・減耗損	0.0	0.0	0.0	0.0	0.0	0.0
202607	040A10400	70	雑給	0.0	0.0	0.0	0.0	0.0	0.0
202607	040A10400	71	社内金利（固定資産）	0.0	0.0	0.0	0.0	0.0	0.0
202607	040A10400	72	社内金利（売掛金）	50000.0	50000.0	37094.0	1.4	74.1	74.1
202607	040A10400	73	社内金利（在庫）	0.0	0.0	0.0	0.0	0.0	0.0
202607	040A10400	74	営業口銭①（新築）	0.0	0.0	0.0	0.0	0.0	0.0
202607	040A10400	75	営業口銭②（リフォ）	0.0	1606500.0	1525500.0	58.0	94.9	0.0
202607	040A10400	76	開発口銭	0.0	0.0	0.0	0.0	0.0	0.0
202607	040A10400	77	部門共通（経費）	1045963.0	1122197.0	972859.0	37.0	86.6	93.0
202607	040A10400	78	グループ共通	0.0	0.0	0.0	0.0	0.0	0.0
202607	040A10400	79	差引収益	-585863.0	8088026.0	6349039.0		78.4	0.0
202607	040A10400	80	差引比率	-19.5	33.1	26.0		78.5	0.0
202607	040A10400	81	総時間	544.75	541.5	538.25		99.3	98.8
202607	040A10400	82	定時間	0.0	0.0	0.0	0.0	0.0	0.0
202607	040A10400	83	残業時間	0.0	0.0	0.0	0.0	0.0	0.0
202607	040A10400	84	移動時間	180.0	180.0	180.0	33.4	100.0	100.0
202607	040A10400	85	部門共通（時間）	364.75	361.5	358.25	66.5	99.1	98.2
202607	040A10400	86	当月時間当り	-1075.4	14936.3	11795.7		78.9	0.0
202607	040A10400	87	人員	0.0	0.0	0.0		0.0	0.0
202607	040A30201	1	総出荷	0.0	10710000.0	10170000.0		94.9	0.0
202607	040A30201	2	社外売	0.0	10710000.0	10170000.0	100.0	94.9	0.0
202607	040A30201	3	社内売	0.0	0.0	0.0	0.0	0.0	0.0
202607	040A30201	4	社内仕入	0.0	0.0	0.0		0.0	0.0
202607	040A30201	5	仕掛1	0.0	0.0	0.0		0.0	0.0
202607	040A30201	6	総生産	0.0	10710000.0	10170000.0		94.9	0.0
202607	040A30201	7	経費合計	162517.0	3738411.0	4641163.0		124.1	
202607	040A30201	8	経費合計(原価)	0.0	1959877.0	2996113.0	64.5	152.8	0.0
202607	040A30201	9	仕掛2	0.0	0.0	0.0	0.0	0.0	0.0
202607	040A30201	10	商品仕入高	0.0	1610453.0	1676050.0	55.9	104.0	0.0
202607	040A30201	11	原材料費	0.0	0.0	0.0	0.0	0.0	0.0
202607	040A30201	12	外注加工費	0.0	349424.0	1260000.0	42.0	360.5	0.0
202607	040A30201	13	その他 直接経費	0.0	0.0	60063.0	2.0	0.0	0.0
202607	040A30201	14	他勘定振替高	0.0	0.0	0.0	0.0	0.0	0.0
202607	040A30201	15	経費合計（販管費）	162517.0	1778534.0	1645050.0	35.4	92.4	
202607	040A30201	16	減価償却費	0.0	0.0	0.0	0.0	0.0	0.0
202607	040A30201	17	車両費	0.0	0.0	0.0	0.0	0.0	0.0
202607	040A30201	18	旅費交通費	0.0	0.0	0.0	0.0	0.0	0.0
202607	040A30201	19	荷造運搬費	0.0	0.0	0.0	0.0	0.0	0.0
202607	040A30201	20	通信費	0.0	0.0	0.0	0.0	0.0	0.0
202607	040A30201	21	水道光熱費	0.0	0.0	0.0	0.0	0.0	0.0
202607	040A30201	22	動力費	0.0	0.0	0.0	0.0	0.0	0.0
202607	040A30201	23	事務用品費	0.0	0.0	0.0	0.0	0.0	0.0
202607	040A30201	24	消耗品費	0.0	0.0	0.0	0.0	0.0	0.0
202607	040A30201	25	廃棄物処理料	0.0	0.0	0.0	0.0	0.0	0.0
202607	040A30201	26	広告宣伝費	0.0	0.0	0.0	0.0	0.0	0.0
202607	040A30201	27	接待交際費	0.0	0.0	0.0	0.0	0.0	0.0
202607	040A30201	28	研究開発費	0.0	0.0	0.0	0.0	0.0	0.0
202607	040A30201	29	アフターサービス費	0.0	0.0	0.0	0.0	0.0	0.0
202607	040A30201	30	クレーム費	0.0	0.0	0.0	0.0	0.0	0.0
202607	040A30201	31	賃借料	0.0	0.0	0.0	0.0	0.0	0.0
202607	040A30201	32	賃貸料収入	0.0	0.0	0.0	0.0	0.0	0.0
202607	040A30201	33	修繕費	0.0	0.0	0.0	0.0	0.0	0.0
202607	040A30201	34	支払リース料	0.0	0.0	0.0	0.0	0.0	0.0
202607	040A30201	35	保険料	0.0	0.0	0.0	0.0	0.0	0.0
202607	040A30201	36	支払報酬	0.0	0.0	0.0	0.0	0.0	0.0
202607	040A30201	37	販売手数料	0.0	0.0	0.0	0.0	0.0	0.0
202607	040A30201	38	支払手数料	0.0	0.0	0.0	0.0	0.0	0.0
202607	040A30201	39	診断料	0.0	0.0	0.0	0.0	0.0	0.0
202607	040A30201	40	諸会費	0.0	0.0	0.0	0.0	0.0	0.0
202607	040A30201	41	会議費	0.0	0.0	0.0	0.0	0.0	0.0
202607	040A30201	42	寄付金	0.0	0.0	0.0	0.0	0.0	0.0
202607	040A30201	43	租税公課	0.0	0.0	0.0	0.0	0.0	0.0
202607	040A30201	44	業務委託費	0.0	0.0	0.0	0.0	0.0	0.0
202607	040A30201	45	業務受託収入	0.0	0.0	0.0	0.0	0.0	0.0
202607	040A30201	46	システム管理料	0.0	0.0	0.0	0.0	0.0	0.0
202607	040A30201	47	情報機器利用料	0.0	0.0	0.0	0.0	0.0	0.0
202607	040A30201	48	貸倒金	0.0	0.0	0.0	0.0	0.0	0.0
202607	040A30201	49	雑費	0.0	0.0	0.0	0.0	0.0	0.0
202607	040A30201	50	福利消耗品費	0.0	0.0	0.0	0.0	0.0	0.0
202607	040A30201	51	教育研修費	0.0	0.0	0.0	0.0	0.0	0.0
202607	040A30201	52	廃棄損・減耗損	0.0	0.0	0.0	0.0	0.0	0.0
202607	040A30201	53	雑給	0.0	0.0	0.0	0.0	0.0	0.0
202607	040A30201	54	社内金利（固定資産）	0.0	0.0	0.0	0.0	0.0	0.0
202607	040A30201	55	社内金利（売掛金）	0.0	0.0	0.0	0.0	0.0	0.0
202607	040A30201	56	社内金利（在庫）	0.0	0.0	0.0	0.0	0.0	0.0
202607	040A30201	57	営業口銭①（新築）	0.0	0.0	0.0	0.0	0.0	0.0
202607	040A30201	58	営業口銭②（リフォ）	0.0	1606500.0	1525500.0	92.7	94.9	0.0
202607	040A30201	59	開発口銭	0.0	0.0	0.0	0.0	0.0	0.0
202607	040A30201	60	部門共通（経費）	162517.0	172034.0	119550.0	7.2	69.4	73.5
202607	040A30201	61	グループ共通	0.0	0.0	0.0	0.0	0.0	0.0
202607	040A30201	62	差引収益	-162517.0	6971589.0	5528837.0		79.3	0.0
202607	040A30201	63	差引比率	0.0	65.0	54.3		83.5	0.0
202607	040A30201	64	総時間	188.0	186.5	186.25		99.8	99.0
202607	040A30201	65	定時間	0.0	0.0	0.0	0.0	0.0	0.0
202607	040A30201	66	残業時間	0.0	0.0	0.0	0.0	0.0	0.0
202607	040A30201	67	移動時間	90.0	90.0	90.0	48.3	100.0	100.0
202607	040A30201	68	部門共通（時間）	98.0	96.5	96.25	51.6	99.7	98.2
202607	040A30201	69	当月時間当り	-864.4	37381.1	29685.0		79.4	0.0
202607	040A30201	70	人員	0.0	0.0	0.0		0.0	0.0
202607	230H61210	1	総受注高	0.0	0.0	0.0		0.0	0.0
202607	230H61210	2	【新築】受注高	0.0	0.0	0.0	0.0	0.0	0.0
202607	230H61210	3	【リフォ】受注高	0.0	0.0	0.0	0.0	0.0	0.0
202607	230H61210	4	【資材】受注高	0.0	0.0	0.0	0.0	0.0	0.0
202607	230H61210	5	総売上高	0.0	0.0	0.0		0.0	0.0
202607	230H61210	6	【新築】売上高	0.0	0.0	0.0	0.0	0.0	0.0
202607	230H61210	7	【リフォ】売上高	0.0	0.0	0.0	0.0	0.0	0.0
202607	230H61210	8	【資材】売上高	0.0	0.0	0.0	0.0	0.0	0.0
202607	230H61210	9	【新築】インセンティブ	0.0	0.0	0.0	0.0	0.0	0.0
202607	230H61210	10	【リフォ】インセンティブ	0.0	0.0	0.0	0.0	0.0	0.0
202607	230H61210	11	【資材】インセンティブ	0.0	0.0	0.0	0.0	0.0	0.0
202607	230H61210	12	収益①（営業口銭）	0.0	0.0	0.0		0.0	0.0
202607	230H61210	13	【新築】収益①(営業口銭)	0.0	0.0	0.0		0.0	0.0
202607	230H61210	14	【リフォ】収益①(営業口銭)	0.0	0.0	0.0		0.0	0.0
202607	230H61210	15	【資材】売上原価	0.0	0.0	0.0		0.0	0.0
202607	230H61210	16	収益②（資材）	0.0	0.0	0.0		0.0	0.0
202607	230H61210	17	総収益	0.0	0.0	0.0		0.0	0.0
202607	230H61210	18	経費合計	0.0	0.0	0.0		0.0	0.0
202607	230H61210	19	減価償却費	0.0	0.0	0.0	0.0	0.0	0.0
202607	230H61210	20	車両費	22905.0	27905.0	22505.0	0.0	80.6	98.2
202607	230H61210	21	旅費交通費	2000.0	9000.0	16673.0	0.0	185.2	833.6
202607	230H61210	22	荷造運搬費	71895.0	71895.0	70995.0	0.0	98.7	98.7
202607	230H61210	23	通信費	51648.0	51648.0	41910.0	0.0	81.1	81.1
202607	230H61210	24	水道光熱費	27132.0	27132.0	20731.0	0.0	76.4	76.4
202607	230H61210	25	動力費	0.0	0.0	0.0	0.0	0.0	0.0
202607	230H61210	26	事務用品費	2932.0	12024.0	2979.0	0.0	24.7	101.6
202607	230H61210	27	消耗品費	3054.0	220.0	2252.0	0.0		73.7
202607	230H61210	28	廃棄物処理料	2386.0	2386.0	1909.0	0.0	80.0	80.0
202607	230H61210	29	広告宣伝費	0.0	0.0	0.0	0.0	0.0	0.0
202607	230H61210	30	接待交際費	0.0	0.0	0.0	0.0	0.0	0.0
202607	230H61210	31	研究開発費	0.0	0.0	0.0	0.0	0.0	0.0
202607	230H61210	32	アフターサービス費	0.0	0.0	0.0	0.0	0.0	0.0
202607	230H61210	33	クレーム費	0.0	0.0	0.0	0.0	0.0	0.0
202607	230H61210	34	賃借料	498440.0	498440.0	498440.0	0.0	100.0	100.0
202607	230H61210	35	賃貸料収入	0.0	0.0	0.0	0.0	0.0	0.0
202607	230H61210	36	修繕費	0.0	0.0	0.0	0.0	0.0	0.0
202607	230H61210	37	支払リース料	700.0	700.0	810.0	0.0	115.7	115.7
202607	230H61210	38	保険料	0.0	0.0	0.0	0.0	0.0	0.0
202607	230H61210	39	支払報酬	50000.0	50000.0	50000.0	0.0	100.0	100.0
202607	230H61210	40	販売手数料	0.0	0.0	0.0	0.0	0.0	0.0
202607	230H61210	41	支払手数料	1100.0	1100.0	660.0	0.0	60.0	60.0
202607	230H61210	42	診断料	0.0	0.0	0.0	0.0	0.0	0.0
202607	230H61210	43	諸会費	0.0	0.0	0.0	0.0	0.0	0.0
202607	230H61210	44	会議費	0.0	0.0	0.0	0.0	0.0	0.0
202607	230H61210	45	寄付金	0.0	0.0	0.0	0.0	0.0	0.0
202607	230H61210	46	租税公課	0.0	0.0	0.0	0.0	0.0	0.0
202607	230H61210	47	業務委託費	0.0	0.0	0.0	0.0	0.0	0.0
202607	230H61210	48	業務受託収入	0.0	0.0	0.0	0.0	0.0	0.0
202607	230H61210	49	システム管理料	0.0	0.0	0.0	0.0	0.0	0.0
202607	230H61210	50	情報機器利用料	393952.0	415802.0	415802.0	0.0	100.0	105.5
202607	230H61210	51	貸倒金	0.0	0.0	0.0	0.0	0.0	0.0
202607	230H61210	52	雑費	1133.0	1133.0	3062.0	0.0	270.2	270.2
202607	230H61210	53	福利消耗品費	0.0	0.0	0.0	0.0	0.0	0.0
202607	230H61210	54	教育研修費	1220.0	1220.0	1220.0	0.0	100.0	100.0
202607	230H61210	55	廃棄損・減耗損	0.0	0.0	0.0	0.0	0.0	0.0
202607	230H61210	56	雑給	0.0	0.0	0.0	0.0	0.0	0.0
202607	230H61210	57	社内金利（固定資産）	0.0	0.0	0.0	0.0	0.0	0.0
202607	230H61210	58	社内金利（売掛金）	0.0	0.0	0.0	0.0	0.0	0.0
202607	230H61210	59	社内金利（在庫）	0.0	0.0	0.0	0.0	0.0	0.0
202607	230H61210	60	開発口銭	0.0	0.0	0.0	0.0	0.0	0.0
202607	230H61210	61	部門共通（経費）	-1302697.0	-1342805.0	-1322148.0	0.0	0.0	0.0
202607	230H61210	62	グループ共通	172200.0	172200.0	172200.0	0.0	100.0	100.0
202607	230H61210	63	差引収益	0.0	0.0	0.0		0.0	0.0
202607	230H61210	64	差引比率	0.0	0.0	0.0		0.0	0.0
202607	230H61210	65	総時間	0.0	0.0	0.0		0.0	0.0
202607	230H61210	66	定時間	1229.5	1194.0	1189.25	0.0	99.6	96.7
202607	230H61210	67	残業時間	99.0	150.0	107.75	0.0	71.8	108.8
202607	230H61210	68	移動時間	-156.0	-160.0	-176.0	0.0	0.0	0.0
202607	230H61210	69	部門共通（時間）	-1172.5	-1184.0	-1121.0	0.0	0.0	0.0
202607	230H61210	70	当月時間当り	0.0	0.0	0.0		0.0	0.0
202607	230H61210	71	人員	8.0	8.0	8.0		100.0	100.0
202607	230H61100	1	総受注高	0.0	0.0	0.0		0.0	0.0
202607	230H61100	2	【新築】受注高	0.0	0.0	0.0	0.0	0.0	0.0
202607	230H61100	3	【リフォ】受注高	0.0	0.0	0.0	0.0	0.0	0.0
202607	230H61100	4	【資材】受注高	0.0	0.0	0.0	0.0	0.0	0.0
202607	230H61100	5	総売上高	0.0	0.0	0.0		0.0	0.0
202607	230H61100	6	【新築】売上高	0.0	0.0	0.0	0.0	0.0	0.0
202607	230H61100	7	【リフォ】売上高	0.0	0.0	0.0	0.0	0.0	0.0
202607	230H61100	8	【資材】売上高	0.0	0.0	0.0	0.0	0.0	0.0
202607	230H61100	9	【新築】インセンティブ	0.0	0.0	0.0	0.0	0.0	0.0
202607	230H61100	10	【リフォ】インセンティブ	0.0	0.0	0.0	0.0	0.0	0.0
202607	230H61100	11	【資材】インセンティブ	0.0	0.0	0.0	0.0	0.0	0.0
202607	230H61100	12	収益①（営業口銭）	0.0	0.0	0.0		0.0	0.0
202607	230H61100	13	【新築】収益①(営業口銭)	0.0	0.0	0.0		0.0	0.0
202607	230H61100	14	【リフォ】収益①(営業口銭)	0.0	0.0	0.0		0.0	0.0
202607	230H61100	15	【資材】売上原価	0.0	0.0	0.0		0.0	0.0
202607	230H61100	16	収益②（資材）	0.0	0.0	0.0		0.0	0.0
202607	230H61100	17	総収益	0.0	0.0	0.0		0.0	0.0
202607	230H61100	18	経費合計	0.0	0.0	0.0		0.0	0.0
202607	230H61100	19	減価償却費	0.0	0.0	0.0	0.0	0.0	0.0
202607	230H61100	20	車両費	22905.0	27905.0	23659.0	0.0	84.7	103.2
202607	230H61100	21	旅費交通費	9000.0	16000.0	25673.0	0.0	160.4	285.2
202607	230H61100	22	荷造運搬費	71895.0	71895.0	70995.0	0.0	98.7	98.7
202607	230H61100	23	通信費	61196.0	61196.0	51329.0	0.0	83.8	83.8
202607	230H61100	24	水道光熱費	42642.0	42642.0	32587.0	0.0	76.4	76.4
202607	230H61100	25	動力費	0.0	0.0	0.0	0.0	0.0	0.0
202607	230H61100	26	事務用品費	5050.0	13294.0	5989.0	0.0	45.0	118.5
202607	230H61100	27	消耗品費	4800.0	345.0	3541.0	0.0		73.7
202607	230H61100	28	廃棄物処理料	3750.0	3750.0	3003.0	0.0	80.0	80.0
202607	230H61100	29	広告宣伝費	0.0	0.0	0.0	0.0	0.0	0.0
202607	230H61100	30	接待交際費	0.0	0.0	0.0	0.0	0.0	0.0
202607	230H61100	31	研究開発費	0.0	0.0	0.0	0.0	0.0	0.0
202607	230H61100	32	アフターサービス費	0.0	0.0	0.0	0.0	0.0	0.0
202607	230H61100	33	クレーム費	0.0	0.0	0.0	0.0	0.0	0.0
202607	230H61100	34	賃借料	783380.0	783380.0	783380.0	0.0	100.0	100.0
202607	230H61100	35	賃貸料収入	0.0	0.0	0.0	0.0	0.0	0.0
202607	230H61100	36	修繕費	0.0	0.0	0.0	0.0	0.0	0.0
202607	230H61100	37	支払リース料	1100.0	1100.0	1275.0	0.0	115.9	115.9
202607	230H61100	38	保険料	0.0	0.0	0.0	0.0	0.0	0.0
202607	230H61100	39	支払報酬	50000.0	50000.0	50000.0	0.0	100.0	100.0
202607	230H61100	40	販売手数料	0.0	0.0	0.0	0.0	0.0	0.0
202607	230H61100	41	支払手数料	1100.0	1100.0	660.0	0.0	60.0	60.0
202607	230H61100	42	診断料	0.0	0.0	0.0	0.0	0.0	0.0
202607	230H61100	43	諸会費	0.0	0.0	0.0	0.0	0.0	0.0
202607	230H61100	44	会議費	0.0	0.0	0.0	0.0	0.0	0.0
202607	230H61100	45	寄付金	0.0	0.0	0.0	0.0	0.0	0.0
202607	230H61100	46	租税公課	0.0	0.0	0.0	0.0	0.0	0.0
202607	230H61100	47	業務委託費	0.0	0.0	0.0	0.0	0.0	0.0
202607	230H61100	48	業務受託収入	0.0	0.0	0.0	0.0	0.0	0.0
202607	230H61100	49	システム管理料	0.0	0.0	0.0	0.0	0.0	0.0
202607	230H61100	50	情報機器利用料	529560.0	546778.0	546778.0	0.0	100.0	103.2
202607	230H61100	51	貸倒金	0.0	0.0	0.0	0.0	0.0	0.0
202607	230H61100	52	雑費	1780.0	1780.0	3713.0	0.0	208.5	208.5
202607	230H61100	53	福利消耗品費	0.0	0.0	5850.0	0.0	0.0	0.0
202607	230H61100	54	教育研修費	23418.0	23418.0	21921.0	0.0	93.6	93.6
202607	230H61100	55	廃棄損・減耗損	0.0	0.0	0.0	0.0	0.0	0.0
202607	230H61100	56	雑給	0.0	0.0	0.0	0.0	0.0	0.0
202607	230H61100	57	社内金利（固定資産）	0.0	0.0	0.0	0.0	0.0	0.0
202607	230H61100	58	社内金利（売掛金）	0.0	0.0	0.0	0.0	0.0	0.0
202607	230H61100	59	社内金利（在庫）	0.0	0.0	0.0	0.0	0.0	0.0
202607	230H61100	60	開発口銭	0.0	0.0	0.0	0.0	0.0	0.0
202607	230H61100	61	部門共通（経費）	-1884076.0	-1917083.0	-1902853.0	0.0	0.0	0.0
202607	230H61100	62	グループ共通	272500.0	272500.0	272500.0	0.0	100.0	100.0
202607	230H61100	63	差引収益	0.0	0.0	0.0		0.0	0.0
202607	230H61100	64	差引比率	0.0	0.0	0.0		0.0	0.0
202607	230H61100	65	総時間	0.0	0.0	0.0		0.0	0.0
202607	230H61100	66	定時間	1885.5	1858.0	1875.5	0.0	100.9	99.4
202607	230H61100	67	残業時間	139.0	189.0	155.25	0.0	82.1	111.6
202607	230H61100	68	移動時間	-66.0	-70.0	-88.0	0.0	0.0	0.0
202607	230H61100	69	部門共通（時間）	-1958.5	-1977.0	-1942.75	0.0	0.0	0.0
202607	230H61100	70	当月時間当り	0.0	0.0	0.0		0.0	0.0
202607	230H61100	71	人員	12.0	12.0	12.0		100.0	100.0
202607	003060100	1	総受注高	0.0	0.0	0.0		0.0	0.0
202607	003060100	2	【新築】受注高	0.0	0.0	0.0	0.0	0.0	0.0
202607	003060100	3	【リフォ】受注高	0.0	0.0	0.0	0.0	0.0	0.0
202607	003060100	4	【資材】受注高	0.0	0.0	0.0	0.0	0.0	0.0
202607	003060100	5	総売上高	0.0	0.0	0.0		0.0	0.0
202607	003060100	6	【新築】売上高	0.0	0.0	0.0	0.0	0.0	0.0
202607	003060100	7	【リフォ】売上高	0.0	0.0	0.0	0.0	0.0	0.0
202607	003060100	8	【資材】売上高	0.0	0.0	0.0	0.0	0.0	0.0
202607	003060100	9	【新築】インセンティブ	0.0	0.0	0.0	0.0	0.0	0.0
202607	003060100	10	【リフォ】インセンティブ	0.0	0.0	0.0	0.0	0.0	0.0
202607	003060100	11	【資材】インセンティブ	0.0	0.0	0.0	0.0	0.0	0.0
202607	003060100	12	収益①（営業口銭）	0.0	0.0	0.0		0.0	0.0
202607	003060100	13	【新築】収益①(営業口銭)	0.0	0.0	0.0		0.0	0.0
202607	003060100	14	【リフォ】収益①(営業口銭)	0.0	0.0	0.0		0.0	0.0
202607	003060100	15	【資材】売上原価	0.0	0.0	0.0		0.0	0.0
202607	003060100	16	収益②（資材）	0.0	0.0	0.0		0.0	0.0
202607	003060100	17	総収益	0.0	0.0	0.0		0.0	0.0
202607	003060100	18	経費合計	0.0	0.0	0.0		0.0	0.0
202607	003060100	19	減価償却費	0.0	2121.0	2121.0	0.0	100.0	0.0
202607	003060100	20	車両費	72905.0	77905.0	71690.0	0.0	92.0	98.3
202607	003060100	21	旅費交通費	1101000.0	1238000.0	1073559.0	0.0	86.7	97.5
202607	003060100	22	荷造運搬費	80895.0	80895.0	70995.0	0.0	87.7	87.7
202607	003060100	23	通信費	91238.0	91238.0	93600.0	0.0	102.5	102.5
202607	003060100	24	水道光熱費	90026.0	90026.0	68129.0	0.0	75.6	75.6
202607	003060100	25	動力費	0.0	0.0	0.0	0.0	0.0	0.0
202607	003060100	26	事務用品費	17073.0	26531.0	32671.0	0.0	123.1	191.3
202607	003060100	27	消耗品費	10982.0	1666.0	8850.0	0.0	531.2	80.5
202607	003060100	28	廃棄物処理料	8455.0	8455.0	6275.0	0.0	74.2	74.2
202607	003060100	29	広告宣伝費	9819000.0	10158600.0	10021606.0	0.0	98.6	102.0
202607	003060100	30	接待交際費	49000.0	49000.0	55503.0	0.0	113.2	113.2
202607	003060100	31	研究開発費	0.0	0.0	0.0	0.0	0.0	0.0
202607	003060100	32	アフターサービス費	0.0	0.0	0.0	0.0	0.0	0.0
202607	003060100	33	クレーム費	30000.0	30000.0	0.0	0.0	0.0	0.0
202607	003060100	34	賃借料	1637940.0	1637940.0	1637940.0	0.0	100.0	100.0
202607	003060100	35	賃貸料収入	0.0	0.0	0.0	0.0	0.0	0.0
202607	003060100	36	修繕費	0.0	0.0	0.0	0.0	0.0	0.0
202607	003060100	37	支払リース料	2600.0	2600.0	2664.0	0.0	102.4	102.4
202607	003060100	38	保険料	0.0	0.0	0.0	0.0	0.0	0.0
202607	003060100	39	支払報酬	200000.0	200000.0	200000.0	0.0	100.0	100.0
202607	003060100	40	販売手数料	0.0	0.0	0.0	0.0	0.0	0.0
202607	003060100	41	支払手数料	22062.0	22062.0	4820.0	0.0	21.8	21.8
202607	003060100	42	診断料	420000.0	1020000.0	643073.0	0.0	63.0	153.1
202607	003060100	43	諸会費	0.0	0.0	0.0	0.0	0.0	0.0
202607	003060100	44	会議費	0.0	0.0	0.0	0.0	0.0	0.0
202607	003060100	45	寄付金	0.0	0.0	0.0	0.0	0.0	0.0
202607	003060100	46	租税公課	0.0	0.0	0.0	0.0	0.0	0.0
202607	003060100	47	業務委託費	100000.0	100000.0	100000.0	0.0	100.0	100.0
202607	003060100	48	業務受託収入	0.0	0.0	0.0	0.0	0.0	0.0
202607	003060100	49	システム管理料	0.0	0.0	0.0	0.0	0.0	0.0
202607	003060100	50	情報機器利用料	1228374.0	1251442.0	1292214.0	0.0	103.2	105.1
202607	003060100	51	貸倒金	0.0	0.0	0.0	0.0	0.0	0.0
202607	003060100	52	雑費	78589.0	48589.0	8454.0	0.0	17.3	10.7
202607	003060100	53	福利消耗品費	0.0	0.0	5850.0	0.0	0.0	0.0
202607	003060100	54	教育研修費	26303.0	26303.0	24013.0	0.0	91.2	91.2
202607	003060100	55	廃棄損・減耗損	0.0	0.0	0.0	0.0	0.0	0.0
202607	003060100	56	雑給	0.0	0.0	0.0	0.0	0.0	0.0
202607	003060100	57	社内金利（固定資産）	0.0	0.0	1857.0	0.0	0.0	0.0
202607	003060100	58	社内金利（売掛金）	0.0	0.0	0.0	0.0	0.0	0.0
202607	003060100	59	社内金利（在庫）	0.0	0.0	0.0	0.0	0.0	0.0
202607	003060100	60	開発口銭	0.0	0.0	0.0	0.0	0.0	0.0
202607	003060100	61	部門共通（経費）	-15660642.0	-16737573.0	-16000084.0	0.0	0.0	0.0
202607	003060100	62	グループ共通	574200.0	574200.0	574200.0	0.0	100.0	100.0
202607	003060100	63	差引収益	0.0	0.0	0.0		0.0	0.0
202607	003060100	64	差引比率	0.0	0.0	0.0		0.0	0.0
202607	003060100	65	総時間	0.0	0.0	0.0		0.0	0.0
202607	003060100	66	定時間	3997.5	3954.0	3866.25	0.0	97.7	96.7
202607	003060100	67	残業時間	378.0	427.0	457.0	0.0	107.0	120.8
202607	003060100	68	移動時間	-6.0	-10.0	-53.0	0.0	0.0	0.0
202607	003060100	69	部門共通（時間）	-4369.5	-4371.0	-4270.25	0.0	0.0	0.0
202607	003060100	70	当月時間当り	0.0	0.0	0.0		0.0	0.0
202607	003060100	71	人員	24.0	24.0	24.0		100.0	100.0
202607	230C30200	1	総出荷	229500000.0	184959582.0	195908452.0		105.9	85.3
202607	230C30200	2	社外売	0.0	0.0	0.0	0.0	0.0	0.0
202607	230C30200	3	社内売	229500000.0	184959582.0	195908452.0	100.0	105.9	85.3
202607	230C30200	4	社内仕入	58550000.0	48731064.0	45427610.0		93.2	77.5
202607	230C30200	5	仕掛1	0.0	0.0	0.0		0.0	0.0
202607	230C30200	6	総生産	170950000.0	136228518.0	150480842.0		110.4	88.0
202607	230C30200	7	経費合計	154238061.0	101286578.0	114713566.0		113.2	74.3
202607	230C30200	8	経費合計(原価)	143490000.0	90835726.0	104858783.0	91.4	115.4	73.0
202607	230C30200	9	仕掛2	0.0	0.0	0.0	0.0	0.0	0.0
202607	230C30200	10	商品仕入高	55900000.0	31856345.0	47034914.0	44.8	147.6	84.1
202607	230C30200	11	原材料費	86660000.0	59480381.0	57559969.0	54.8	96.7	66.4
202607	230C30200	12	外注加工費	1680000.0	249000.0	254000.0	0.2	102.0	15.1
202607	230C30200	13	その他 直接経費	0.0	0.0	9900.0	0.0	0.0	0.0
202607	230C30200	14	他勘定振替高	-750000.0	-750000.0	0.0	0.0	0.0	0.0
202607	230C30200	15	経費合計（販管費）	10748061.0	10450852.0	9854783.0	8.5	94.2	91.6
202607	230C30200	16	減価償却費	526938.0	526938.0	585038.0	5.9	111.0	111.0
202607	230C30200	17	車両費	378712.0	527766.0	501252.0	5.0	94.9	132.3
202607	230C30200	18	旅費交通費	30000.0	112660.0	102858.0	1.0	91.2	342.8
202607	230C30200	19	荷造運搬費	1000.0	1000.0	940.0	0.0	94.0	94.0
202607	230C30200	20	通信費	60572.0	59138.0	60964.0	0.6	103.0	100.6
202607	230C30200	21	水道光熱費	28850.0	32500.0	18954.0	0.1	58.3	65.6
202607	230C30200	22	動力費	662544.0	589544.0	529144.0	5.3	89.7	79.8
202607	230C30200	23	事務用品費	218400.0	18664.0	11611.0	0.1	62.2	5.3
202607	230C30200	24	消耗品費	606326.0	1124000.0	1464531.0	14.8	130.2	241.5
202607	230C30200	25	廃棄物処理料	-78400.0	-160000.0	-102105.0	0.0	0.0	0.0
202607	230C30200	26	広告宣伝費	0.0	0.0	0.0	0.0	0.0	0.0
202607	230C30200	27	接待交際費	20000.0	20800.0	24760.0	0.2	119.0	123.8
202607	230C30200	28	研究開発費	0.0	0.0	0.0	0.0	0.0	0.0
202607	230C30200	29	アフターサービス費	0.0	0.0	0.0	0.0	0.0	0.0
202607	230C30200	30	クレーム費	0.0	0.0	0.0	0.0	0.0	0.0
202607	230C30200	31	賃借料	2379514.0	2339104.0	2339104.0	23.7	100.0	98.3
202607	230C30200	32	賃貸料収入	-59000.0	-18000.0	-18000.0	0.0	0.0	0.0
202607	230C30200	33	修繕費	1090000.0	102607.0	154800.0	1.5	150.8	14.2
202607	230C30200	34	支払リース料	29406.0	31793.0	24894.0	0.2	78.3	84.6
202607	230C30200	35	保険料	27692.0	27692.0	27692.0	0.2	100.0	100.0
202607	230C30200	36	支払報酬	0.0	0.0	0.0	0.0	0.0	0.0
202607	230C30200	37	販売手数料	0.0	0.0	0.0	0.0	0.0	0.0
202607	230C30200	38	支払手数料	140075.0	140075.0	138516.0	1.4	98.8	98.8
202607	230C30200	39	診断料	0.0	0.0	0.0	0.0	0.0	0.0
202607	230C30200	40	諸会費	1000.0	1000.0	1000.0	0.0	100.0	100.0
202607	230C30200	41	会議費	0.0	0.0	0.0	0.0	0.0	0.0
202607	230C30200	42	寄付金	0.0	0.0	0.0	0.0	0.0	0.0
202607	230C30200	43	租税公課	0.0	0.0	0.0	0.0	0.0	0.0
202607	230C30200	44	業務委託費	0.0	0.0	0.0	0.0	0.0	0.0
202607	230C30200	45	業務受託収入	0.0	0.0	0.0	0.0	0.0	0.0
202607	230C30200	46	システム管理料	0.0	0.0	0.0	0.0	0.0	0.0
202607	230C30200	47	情報機器利用料	1404862.0	1422412.0	1426252.0	14.4	100.2	101.5
202607	230C30200	48	貸倒金	0.0	0.0	0.0	0.0	0.0	0.0
202607	230C30200	49	雑費	17456.0	18095.0	16900.0	0.1	93.3	96.8
202607	230C30200	50	福利消耗品費	1000.0	61000.0	71575.0	0.7	117.3	
202607	230C30200	51	教育研修費	0.0	0.0	4730.0	0.0	0.0	0.0
202607	230C30200	52	廃棄損・減耗損	750000.0	750000.0	0.0	0.0	0.0	0.0
202607	230C30200	53	雑給	0.0	0.0	0.0	0.0	0.0	0.0
202607	230C30200	54	社内金利（固定資産）	204633.0	204633.0	228744.0	2.3	111.7	111.7
202607	230C30200	55	社内金利（売掛金）	0.0	0.0	0.0	0.0	0.0	0.0
202607	230C30200	56	社内金利（在庫）	361435.0	490689.0	480789.0	4.8	97.9	133.0
202607	230C30200	57	営業口銭①（新築）	0.0	0.0	0.0	0.0	0.0	0.0
202607	230C30200	58	営業口銭②（リフォ）	0.0	0.0	0.0	0.0	0.0	0.0
202607	230C30200	59	開発口銭	0.0	0.0	0.0	0.0	0.0	0.0
202607	230C30200	60	部門共通（経費）	1190146.0	1271842.0	1004940.0	10.1	79.0	84.4
202607	230C30200	61	グループ共通	754900.0	754900.0	754900.0	7.6	100.0	100.0
202607	230C30200	62	差引収益	16711939.0	34941940.0	35767276.0		102.3	214.0
202607	230C30200	63	差引比率	9.7	25.6	23.7		92.5	244.3
202607	230C30200	64	総時間	7684.75	7242.25	6885.0		95.0	89.5
202607	230C30200	65	定時間	6113.0	5952.25	5685.25	82.5	95.5	93.0
202607	230C30200	66	残業時間	555.0	285.5	211.75	3.0	74.1	38.1
202607	230C30200	67	移動時間	125.25	125.25	125.25	1.8	100.0	100.0
202607	230C30200	68	部門共通（時間）	891.5	879.25	862.75	12.5	98.1	96.7
202607	230C30200	69	当月時間当り	2174.6	4824.7	5194.9		107.6	238.8
202607	230C30200	70	人員	34.0	33.0	33.0		100.0	97.0
202607	230Q10200	1	総受注高	71300000.0	91900500.0	82267225.0		89.5	115.3
202607	230Q10200	2	【新築】受注高	300000.0	1700000.0	1700000.0	2.0	100.0	566.6
202607	230Q10200	3	【リフォ】受注高	20200000.0	39400500.0	54255787.0	65.9	137.7	268.5
202607	230Q10200	4	【資材】受注高	50800000.0	50800000.0	26311438.0	31.9	51.7	51.7
202607	230Q10200	5	総売上高	93400000.0	77394000.0	64464726.0		83.2	69.0
202607	230Q10200	6	【新築】売上高	3900000.0	0.0	0.0	0.0	0.0	0.0
202607	230Q10200	7	【リフォ】売上高	28500000.0	16394000.0	24979700.0	38.7	152.3	87.6
202607	230Q10200	8	【資材】売上高	61000000.0	61000000.0	39485026.0	61.2	64.7	64.7
202607	230Q10200	9	【新築】インセンティブ	0.0	0.0	0.0	0.0	0.0	0.0
202607	230Q10200	10	【リフォ】インセンティブ	0.0	0.0	0.0	0.0	0.0	0.0
202607	230Q10200	11	【資材】インセンティブ	0.0	0.0	0.0	0.0	0.0	0.0
202607	230Q10200	12	収益①（営業口銭）	4470000.0	2459100.0	3746955.0		152.3	83.8
202607	230Q10200	13	【新築】収益①(営業口銭)	195000.0	0.0	0.0		0.0	0.0
202607	230Q10200	14	【リフォ】収益①(営業口銭)	4275000.0	2459100.0	3746955.0		152.3	87.6
202607	230Q10200	15	【資材】売上原価	46100000.0	46100000.0	30284349.0		65.6	65.6
202607	230Q10200	16	収益②（資材）	14900000.0	14900000.0	9200677.0		61.7	61.7
202607	230Q10200	17	総収益	19370000.0	17359100.0	12947632.0		74.5	66.8
202607	230Q10200	18	経費合計	7814799.0	7938321.0	6947346.0		87.5	88.8
202607	230Q10200	19	減価償却費	41698.0	41698.0	46329.0	0.6	111.1	111.1
202607	230Q10200	20	車両費	691012.0	691012.0	561746.0	8.0	81.2	81.2
202607	230Q10200	21	旅費交通費	52250.0	52250.0	80319.0	1.1	153.7	153.7
202607	230Q10200	22	荷造運搬費	33000.0	33000.0	30020.0	0.4	90.9	90.9
202607	230Q10200	23	通信費	69139.0	69139.0	65119.0	0.9	94.1	94.1
202607	230Q10200	24	水道光熱費	39000.0	39000.0	34959.0	0.5	89.6	89.6
202607	230Q10200	25	動力費	0.0	0.0	0.0	0.0	0.0	0.0
202607	230Q10200	26	事務用品費	28000.0	28000.0	32663.0	0.4	116.6	116.6
202607	230Q10200	27	消耗品費	29000.0	29000.0	5289.0	0.0	18.2	18.2
202607	230Q10200	28	廃棄物処理料	75000.0	75000.0	140066.0	2.0	186.7	186.7
202607	230Q10200	29	広告宣伝費	0.0	0.0	57000.0	0.8	0.0	0.0
202607	230Q10200	30	接待交際費	10000.0	50000.0	44112.0	0.6	88.2	441.1
202607	230Q10200	31	研究開発費	0.0	0.0	0.0	0.0	0.0	0.0
202607	230Q10200	32	アフターサービス費	0.0	0.0	0.0	0.0	0.0	0.0
202607	230Q10200	33	クレーム費	0.0	0.0	0.0	0.0	0.0	0.0
202607	230Q10200	34	賃借料	2690910.0	2690910.0	2690910.0	38.7	100.0	100.0
202607	230Q10200	35	賃貸料収入	0.0	0.0	0.0	0.0	0.0	0.0
202607	230Q10200	36	修繕費	1095000.0	1095000.0	0.0	0.0	0.0	0.0
202607	230Q10200	37	支払リース料	6160.0	6160.0	6132.0	0.0	99.5	99.5
202607	230Q10200	38	保険料	2044.0	2044.0	2044.0	0.0	100.0	100.0
202607	230Q10200	39	支払報酬	0.0	0.0	0.0	0.0	0.0	0.0
202607	230Q10200	40	販売手数料	0.0	0.0	0.0	0.0	0.0	0.0
202607	230Q10200	41	支払手数料	48000.0	48000.0	149109.0	2.1	310.6	310.6
202607	230Q10200	42	診断料	0.0	0.0	0.0	0.0	0.0	0.0
202607	230Q10200	43	諸会費	14500.0	14500.0	500.0	0.0	3.4	3.4
202607	230Q10200	44	会議費	0.0	0.0	0.0	0.0	0.0	0.0
202607	230Q10200	45	寄付金	0.0	0.0	0.0	0.0	0.0	0.0
202607	230Q10200	46	租税公課	12000.0	12000.0	12600.0	0.1	105.0	105.0
202607	230Q10200	47	業務委託費	0.0	0.0	0.0	0.0	0.0	0.0
202607	230Q10200	48	業務受託収入	0.0	0.0	0.0	0.0	0.0	0.0
202607	230Q10200	49	システム管理料	0.0	0.0	0.0	0.0	0.0	0.0
202607	230Q10200	50	情報機器利用料	546200.0	546200.0	511202.0	7.3	93.5	93.5
202607	230Q10200	51	貸倒金	0.0	0.0	0.0	0.0	0.0	0.0
202607	230Q10200	52	雑費	17000.0	17000.0	6793.0	0.0	39.9	39.9
202607	230Q10200	53	福利消耗品費	0.0	0.0	0.0	0.0	0.0	0.0
202607	230Q10200	54	教育研修費	0.0	0.0	0.0	0.0	0.0	0.0
202607	230Q10200	55	廃棄損・減耗損	0.0	0.0	0.0	0.0	0.0	0.0
202607	230Q10200	56	雑給	0.0	0.0	0.0	0.0	0.0	0.0
202607	230Q10200	57	社内金利（固定資産）	38567.0	38567.0	38833.0	0.5	100.6	100.6
202607	230Q10200	58	社内金利（売掛金）	9000.0	9000.0	2007.0	0.0	22.3	22.3
202607	230Q10200	59	社内金利（在庫）	17726.0	17726.0	34755.0	0.5	196.0	196.0
202607	230Q10200	60	開発口銭	0.0	0.0	0.0	0.0	0.0	0.0
202607	230Q10200	61	部門共通（経費）	1973193.0	2056715.0	2118439.0	30.4	103.0	107.3
202607	230Q10200	62	グループ共通	276400.0	276400.0	276400.0	3.9	100.0	100.0
202607	230Q10200	63	差引収益	11555201.0	9420779.0	6000286.0		63.6	51.9
202607	230Q10200	64	差引比率	12.3	12.1	9.3		76.8	75.6
202607	230Q10200	65	総時間	3240.25	3099.0	3096.75		99.9	95.5
202607	230Q10200	66	定時間	1936.0	1840.0	1732.0	55.9	94.1	89.4
202607	230Q10200	67	残業時間	223.0	192.0	304.75	9.8	158.7	136.6
202607	230Q10200	68	移動時間	67.0	67.0	67.0	2.1	100.0	100.0
202607	230Q10200	69	部門共通（時間）	1014.25	1000.0	993.0	32.0	99.3	97.9
202607	230Q10200	70	当月時間当り	3566.1	3039.9	1937.6		63.7	54.3
202607	230Q10200	71	人員	11.0	10.0	10.0		100.0	90.9
202607	230Q10300	1	総受注高	71300000.0	91900500.0	82267225.0		89.5	115.3
202607	230Q10300	2	【新築】受注高	300000.0	1700000.0	1700000.0	2.0	100.0	566.6
202607	230Q10300	3	【リフォ】受注高	20200000.0	39400500.0	54255787.0	65.9	137.7	268.5
202607	230Q10300	4	【資材】受注高	50800000.0	50800000.0	26311438.0	31.9	51.7	51.7
202607	230Q10300	5	総売上高	93400000.0	77394000.0	64464726.0		83.2	69.0
202607	230Q10300	6	【新築】売上高	3900000.0	0.0	0.0	0.0	0.0	0.0
202607	230Q10300	7	【リフォ】売上高	28500000.0	16394000.0	24979700.0	38.7	152.3	87.6
202607	230Q10300	8	【資材】売上高	61000000.0	61000000.0	39485026.0	61.2	64.7	64.7
202607	230Q10300	9	【新築】インセンティブ	0.0	0.0	0.0	0.0	0.0	0.0
202607	230Q10300	10	【リフォ】インセンティブ	0.0	0.0	0.0	0.0	0.0	0.0
202607	230Q10300	11	【資材】インセンティブ	0.0	0.0	0.0	0.0	0.0	0.0
202607	230Q10300	12	収益①（営業口銭）	4470000.0	2459100.0	3746955.0		152.3	83.8
202607	230Q10300	13	【新築】収益①(営業口銭)	195000.0	0.0	0.0		0.0	0.0
202607	230Q10300	14	【リフォ】収益①(営業口銭)	4275000.0	2459100.0	3746955.0		152.3	87.6
202607	230Q10300	15	【資材】売上原価	46100000.0	46100000.0	30284349.0		65.6	65.6
202607	230Q10300	16	収益②（資材）	14900000.0	14900000.0	9200677.0		61.7	61.7
202607	230Q10300	17	総収益	19370000.0	17359100.0	12947632.0		74.5	66.8
202607	230Q10300	18	総出荷	32400000.0	16394000.0	24979700.0		152.3	77.0
202607	230Q10300	19	社外売	32400000.0	16394000.0	24979700.0	100.0	152.3	77.0
202607	230Q10300	20	社内売	0.0	0.0	0.0	0.0	0.0	0.0
202607	230Q10300	21	社内仕入	2430000.0	9524938.0	3708854.0		38.9	152.6
202607	230Q10300	22	仕掛1	0.0	0.0	0.0		0.0	0.0
202607	230Q10300	23	総生産	29970000.0	6869062.0	21270846.0		309.6	70.9
202607	230Q10300	24	経費合計	35695988.0	28294469.0	45646556.0		161.3	127.8
202607	230Q10300	25	経費合計(原価)	21080000.0	15559239.0	33146819.0	72.6	213.0	157.2
202607	230Q10300	26	仕掛2	0.0	0.0	0.0	0.0	0.0	0.0
202607	230Q10300	27	商品仕入高	8960000.0	8539039.0	15293890.0	46.1	179.1	170.6
202607	230Q10300	28	原材料費	0.0	0.0	0.0	0.0	0.0	0.0
202607	230Q10300	29	外注加工費	11720000.0	6880200.0	17587723.0	53.0	255.6	150.0
202607	230Q10300	30	その他 直接経費	400000.0	140000.0	265206.0	0.8	189.4	66.3
202607	230Q10300	31	他勘定振替高	0.0	0.0	0.0	0.0	0.0	0.0
202607	230Q10300	32	経費合計（販管費）	14615988.0	12735230.0	12499737.0	27.3	98.1	85.5
202607	230Q10300	33	減価償却費	44398.0	44398.0	49036.0	0.3	110.4	110.4
202607	230Q10300	34	車両費	917912.0	917912.0	801639.0	6.4	87.3	87.3
202607	230Q10300	35	旅費交通費	58350.0	58350.0	96247.0	0.7	164.9	164.9
202607	230Q10300	36	荷造運搬費	33000.0	33000.0	39620.0	0.3	120.0	120.0
202607	230Q10300	37	通信費	83839.0	83839.0	78255.0	0.6	93.3	93.3
202607	230Q10300	38	水道光熱費	68700.0	68700.0	67672.0	0.5	98.5	98.5
202607	230Q10300	39	動力費	0.0	0.0	0.0	0.0	0.0	0.0
202607	230Q10300	40	事務用品費	32400.0	32400.0	42629.0	0.3	131.5	131.5
202607	230Q10300	41	消耗品費	31800.0	31800.0	7516.0	0.0	23.6	23.6
202607	230Q10300	42	廃棄物処理料	93600.0	93600.0	191000.0	1.5	204.0	204.0
202607	230Q10300	43	広告宣伝費	0.0	0.0	57000.0	0.4	0.0	0.0
202607	230Q10300	44	接待交際費	20000.0	50000.0	44112.0	0.3	88.2	220.5
202607	230Q10300	45	研究開発費	0.0	0.0	0.0	0.0	0.0	0.0
202607	230Q10300	46	アフターサービス費	0.0	0.0	0.0	0.0	0.0	0.0
202607	230Q10300	47	クレーム費	0.0	0.0	0.0	0.0	0.0	0.0
202607	230Q10300	48	賃借料	3415710.0	3415710.0	3415637.0	27.3	99.9	99.9
202607	230Q10300	49	賃貸料収入	0.0	0.0	0.0	0.0	0.0	0.0
202607	230Q10300	50	修繕費	1500000.0	1500000.0	0.0	0.0	0.0	0.0
202607	230Q10300	51	支払リース料	7860.0	7860.0	8400.0	0.0	106.8	106.8
202607	230Q10300	52	保険料	2044.0	2044.0	2044.0	0.0	100.0	100.0
202607	230Q10300	53	支払報酬	0.0	0.0	0.0	0.0	0.0	0.0
202607	230Q10300	54	販売手数料	0.0	0.0	0.0	0.0	0.0	0.0
202607	230Q10300	55	支払手数料	56000.0	56000.0	158055.0	1.2	282.2	282.2
202607	230Q10300	56	診断料	0.0	0.0	0.0	0.0	0.0	0.0
202607	230Q10300	57	諸会費	14500.0	14500.0	500.0	0.0	3.4	3.4
202607	230Q10300	58	会議費	0.0	0.0	0.0	0.0	0.0	0.0
202607	230Q10300	59	寄付金	0.0	0.0	0.0	0.0	0.0	0.0
202607	230Q10300	60	租税公課	12000.0	12000.0	12600.0	0.1	105.0	105.0
202607	230Q10300	61	業務委託費	0.0	0.0	0.0	0.0	0.0	0.0
202607	230Q10300	62	業務受託収入	0.0	0.0	0.0	0.0	0.0	0.0
202607	230Q10300	63	システム管理料	0.0	0.0	0.0	0.0	0.0	0.0
202607	230Q10300	64	情報機器利用料	764880.0	764880.0	682382.0	5.4	89.2	89.2
202607	230Q10300	65	貸倒金	0.0	0.0	0.0	0.0	0.0	0.0
202607	230Q10300	66	雑費	18700.0	18700.0	9045.0	0.0	48.3	48.3
202607	230Q10300	67	福利消耗品費	0.0	0.0	0.0	0.0	0.0	0.0
202607	230Q10300	68	教育研修費	0.0	0.0	0.0	0.0	0.0	0.0
202607	230Q10300	69	廃棄損・減耗損	0.0	0.0	0.0	0.0	0.0	0.0
202607	230Q10300	70	雑給	0.0	0.0	0.0	0.0	0.0	0.0
202607	230Q10300	71	社内金利（固定資産）	38567.0	38567.0	39103.0	0.3	101.3	101.3
202607	230Q10300	72	社内金利（売掛金）	9000.0	9000.0	2007.0	0.0	22.3	22.3
202607	230Q10300	73	社内金利（在庫）	17726.0	17726.0	34755.0	0.2	196.0	196.0
202607	230Q10300	74	営業口銭①（新築）	195000.0	0.0	0.0	0.0	0.0	0.0
202607	230Q10300	75	営業口銭②（リフォ）	4275000.0	2459100.0	3746955.0	29.9	152.3	87.6
202607	230Q10300	76	開発口銭	0.0	0.0	0.0	0.0	0.0	0.0
202607	230Q10300	77	部門共通（経費）	2528302.0	2628444.0	2536828.0	20.2	96.5	100.3
202607	230Q10300	78	グループ共通	376700.0	376700.0	376700.0	3.0	100.0	100.0
202607	230Q10300	79	差引収益	13644012.0	-4066307.0	-11428078.0		0.0	0.0
202607	230Q10300	80	差引比率	11.0	-4.8	-13.3		0.0	0.0
202607	230Q10300	81	総時間	4344.25	4192.5	4072.25		97.1	93.7
202607	230Q10300	82	定時間	2640.0	2576.0	2288.25	56.1	88.8	86.6
202607	230Q10300	83	残業時間	304.0	243.0	421.0	10.3	173.2	138.4
202607	230Q10300	84	移動時間	67.0	67.0	67.0	1.6	100.0	100.0
202607	230Q10300	85	部門共通（時間）	1333.25	1306.5	1296.0	31.8	99.1	97.2
202607	230Q10300	86	当月時間当り	3140.7	-969.9	-2806.3		0.0	0.0
202607	230Q10300	87	人員	15.0	14.0	14.0		100.0	93.3
202607	230Q30101	1	総出荷	32400000.0	16394000.0	24979700.0		152.3	77.0
202607	230Q30101	2	社外売	32400000.0	16394000.0	24979700.0	100.0	152.3	77.0
202607	230Q30101	3	社内売	0.0	0.0	0.0	0.0	0.0	0.0
202607	230Q30101	4	社内仕入	2430000.0	9524938.0	3708854.0		38.9	152.6
202607	230Q30101	5	仕掛1	0.0	0.0	0.0		0.0	0.0
202607	230Q30101	6	総生産	29970000.0	6869062.0	21270846.0		309.6	70.9
202607	230Q30101	7	経費合計	27881189.0	20356148.0	38699210.0		190.1	138.8
202607	230Q30101	8	経費合計(原価)	21080000.0	15559239.0	33146819.0	85.6	213.0	157.2
202607	230Q30101	9	仕掛2	0.0	0.0	0.0	0.0	0.0	0.0
202607	230Q30101	10	商品仕入高	8960000.0	8539039.0	15293890.0	46.1	179.1	170.6
202607	230Q30101	11	原材料費	0.0	0.0	0.0	0.0	0.0	0.0
202607	230Q30101	12	外注加工費	11720000.0	6880200.0	17587723.0	53.0	255.6	150.0
202607	230Q30101	13	その他 直接経費	400000.0	140000.0	265206.0	0.8	189.4	66.3
202607	230Q30101	14	他勘定振替高	0.0	0.0	0.0	0.0	0.0	0.0
202607	230Q30101	15	経費合計（販管費）	6801189.0	4796909.0	5552391.0	14.3	115.7	81.6
202607	230Q30101	16	減価償却費	2700.0	2700.0	2707.0	0.0	100.2	100.2
202607	230Q30101	17	車両費	226900.0	226900.0	239893.0	4.3	105.7	105.7
202607	230Q30101	18	旅費交通費	6100.0	6100.0	15928.0	0.2	261.1	261.1
202607	230Q30101	19	荷造運搬費	0.0	0.0	9600.0	0.1	0.0	0.0
202607	230Q30101	20	通信費	14700.0	14700.0	13136.0	0.2	89.3	89.3
202607	230Q30101	21	水道光熱費	29700.0	29700.0	32713.0	0.5	110.1	110.1
202607	230Q30101	22	動力費	0.0	0.0	0.0	0.0	0.0	0.0
202607	230Q30101	23	事務用品費	4400.0	4400.0	9966.0	0.1	226.5	226.5
202607	230Q30101	24	消耗品費	2800.0	2800.0	2227.0	0.0	79.5	79.5
202607	230Q30101	25	廃棄物処理料	18600.0	18600.0	50934.0	0.9	273.8	273.8
202607	230Q30101	26	広告宣伝費	0.0	0.0	0.0	0.0	0.0	0.0
202607	230Q30101	27	接待交際費	10000.0	0.0	0.0	0.0	0.0	0.0
202607	230Q30101	28	研究開発費	0.0	0.0	0.0	0.0	0.0	0.0
202607	230Q30101	29	アフターサービス費	0.0	0.0	0.0	0.0	0.0	0.0
202607	230Q30101	30	クレーム費	0.0	0.0	0.0	0.0	0.0	0.0
202607	230Q30101	31	賃借料	724800.0	724800.0	724727.0	13.0	99.9	99.9
202607	230Q30101	32	賃貸料収入	0.0	0.0	0.0	0.0	0.0	0.0
202607	230Q30101	33	修繕費	405000.0	405000.0	0.0	0.0	0.0	0.0
202607	230Q30101	34	支払リース料	1700.0	1700.0	2268.0	0.0	133.4	133.4
202607	230Q30101	35	保険料	0.0	0.0	0.0	0.0	0.0	0.0
202607	230Q30101	36	支払報酬	0.0	0.0	0.0	0.0	0.0	0.0
202607	230Q30101	37	販売手数料	0.0	0.0	0.0	0.0	0.0	0.0
202607	230Q30101	38	支払手数料	8000.0	8000.0	8946.0	0.1	111.8	111.8
202607	230Q30101	39	診断料	0.0	0.0	0.0	0.0	0.0	0.0
202607	230Q30101	40	諸会費	0.0	0.0	0.0	0.0	0.0	0.0
202607	230Q30101	41	会議費	0.0	0.0	0.0	0.0	0.0	0.0
202607	230Q30101	42	寄付金	0.0	0.0	0.0	0.0	0.0	0.0
202607	230Q30101	43	租税公課	0.0	0.0	0.0	0.0	0.0	0.0
202607	230Q30101	44	業務委託費	0.0	0.0	0.0	0.0	0.0	0.0
202607	230Q30101	45	業務受託収入	0.0	0.0	0.0	0.0	0.0	0.0
202607	230Q30101	46	システム管理料	0.0	0.0	0.0	0.0	0.0	0.0
202607	230Q30101	47	情報機器利用料	218680.0	218680.0	171180.0	3.0	78.2	78.2
202607	230Q30101	48	貸倒金	0.0	0.0	0.0	0.0	0.0	0.0
202607	230Q30101	49	雑費	1700.0	1700.0	2252.0	0.0	132.4	132.4
202607	230Q30101	50	福利消耗品費	0.0	0.0	0.0	0.0	0.0	0.0
202607	230Q30101	51	教育研修費	0.0	0.0	0.0	0.0	0.0	0.0
202607	230Q30101	52	廃棄損・減耗損	0.0	0.0	0.0	0.0	0.0	0.0
202607	230Q30101	53	雑給	0.0	0.0	0.0	0.0	0.0	0.0
202607	230Q30101	54	社内金利（固定資産）	0.0	0.0	270.0	0.0	0.0	0.0
202607	230Q30101	55	社内金利（売掛金）	0.0	0.0	0.0	0.0	0.0	0.0
202607	230Q30101	56	社内金利（在庫）	0.0	0.0	0.0	0.0	0.0	0.0
202607	230Q30101	57	営業口銭①（新築）	195000.0	0.0	0.0	0.0	0.0	0.0
202607	230Q30101	58	営業口銭②（リフォ）	4275000.0	2459100.0	3746955.0	67.4	152.3	87.6
202607	230Q30101	59	開発口銭	0.0	0.0	0.0	0.0	0.0	0.0
202607	230Q30101	60	部門共通（経費）	555109.0	571729.0	418389.0	7.5	73.1	75.3
202607	230Q30101	61	グループ共通	100300.0	100300.0	100300.0	1.8	100.0	100.0
202607	230Q30101	62	差引収益	2088811.0	-13487086.0	-17428364.0		0.0	0.0
202607	230Q30101	63	差引比率	6.9	-196.3	-81.9		0.0	0.0
202607	230Q30101	64	総時間	1104.0	1093.5	975.5		89.2	88.3
202607	230Q30101	65	定時間	704.0	736.0	556.25	57.0	75.5	79.0
202607	230Q30101	66	残業時間	81.0	51.0	116.25	11.9	227.9	143.5
202607	230Q30101	67	移動時間	0.0	0.0	0.0	0.0	0.0	0.0
202607	230Q30101	68	部門共通（時間）	319.0	306.5	303.0	31.0	98.8	94.9
202607	230Q30101	69	当月時間当り	1892.0	-12333.8	-17866.0		0.0	0.0
202607	230Q30101	70	人員	4.0	4.0	4.0		100.0	100.0
202607	230H10400	1	総受注高	988000000.0	227321000.0	192915623.0		84.8	19.5
202607	230H10400	2	【新築】受注高	800000000.0	83620000.0	99038800.0	51.3	118.4	12.3
202607	230H10400	3	【リフォ】受注高	95000000.0	50701000.0	20599460.0	10.6	40.6	21.6
202607	230H10400	4	【資材】受注高	93000000.0	93000000.0	73277363.0	37.9	78.7	78.7
202607	230H10400	5	総売上高	179000000.0	147105000.0	148373805.0		100.8	82.8
202607	230H10400	6	【新築】売上高	28000000.0	27900000.0	27553800.0	18.5	98.7	98.4
202607	230H10400	7	【リフォ】売上高	58000000.0	26205000.0	33053610.0	22.2	126.1	56.9
202607	230H10400	8	【資材】売上高	93000000.0	93000000.0	87766395.0	59.1	94.3	94.3
202607	230H10400	9	【新築】インセンティブ	0.0	0.0	0.0	0.0	0.0	0.0
202607	230H10400	10	【リフォ】インセンティブ	0.0	0.0	0.0	0.0	0.0	0.0
202607	230H10400	11	【資材】インセンティブ	0.0	0.0	0.0	0.0	0.0	0.0
202607	230H10400	12	収益①（営業口銭）	10100000.0	5325750.0	7263420.0		136.3	71.9
202607	230H10400	13	【新築】収益①(営業口銭)	1400000.0	1395000.0	2305380.0		165.2	164.6
202607	230H10400	14	【リフォ】収益①(営業口銭)	8700000.0	3930750.0	4958040.0		126.1	56.9
202607	230H10400	15	【資材】売上原価	75100000.0	75100000.0	72223475.0		96.1	96.1
202607	230H10400	16	収益②（資材）	17900000.0	17900000.0	15542920.0		86.8	86.8
202607	230H10400	17	総収益	28000000.0	23225750.0	22806340.0		98.1	81.4
202607	230H10400	18	総出荷	86000000.0	54105000.0	60607410.0		112.0	70.4
202607	230H10400	19	社外売	86000000.0	54105000.0	60607410.0	100.0	112.0	70.4
202607	230H10400	20	社内売	0.0	0.0	0.0	0.0	0.0	0.0
202607	230H10400	21	社内仕入	13042820.0	7053882.0	1092279.0		15.4	8.3
202607	230H10400	22	仕掛1	0.0	0.0	0.0		0.0	0.0
202607	230H10400	23	総生産	72957180.0	47051118.0	59515131.0		126.4	81.5
202607	230H10400	24	経費合計	108153510.0	65364149.0	63485031.0		97.1	58.6
202607	230H10400	25	経費合計(原価)	83484033.0	45109966.0	41714696.0	65.7	92.4	49.9
202607	230H10400	26	仕掛2	0.0	0.0	0.0	0.0	0.0	0.0
202607	230H10400	27	商品仕入高	43774443.0	21690213.0	28977973.0	69.4	133.5	66.1
202607	230H10400	28	原材料費	0.0	0.0	0.0	0.0	0.0	0.0
202607	230H10400	29	外注加工費	33022590.0	20316353.0	13553750.0	32.4	66.7	41.0
202607	230H10400	30	その他 直接経費	6687000.0	3103400.0	-817027.0	0.0	0.0	0.0
202607	230H10400	31	他勘定振替高	0.0	0.0	0.0	0.0	0.0	0.0
202607	230H10400	32	経費合計（販管費）	24669477.0	20254183.0	21770335.0	34.2	107.4	88.2
202607	230H10400	33	減価償却費	44779.0	44779.0	51521.0	0.2	115.0	115.0
202607	230H10400	34	車両費	1399481.0	1571381.0	1439854.0	6.6	91.6	102.8
202607	230H10400	35	旅費交通費	1020000.0	975000.0	1048833.0	4.8	107.5	102.8
202607	230H10400	36	荷造運搬費	27000.0	22000.0	34498.0	0.1	156.8	127.7
202607	230H10400	37	通信費	189383.0	199383.0	151686.0	0.6	76.0	80.0
202607	230H10400	38	水道光熱費	158754.0	158754.0	105386.0	0.4	66.3	66.3
202607	230H10400	39	動力費	0.0	0.0	0.0	0.0	0.0	0.0
202607	230H10400	40	事務用品費	70745.0	70745.0	52502.0	0.2	74.2	74.2
202607	230H10400	41	消耗品費	58262.0	58262.0	20264.0	0.0	34.7	34.7
202607	230H10400	42	廃棄物処理料	320408.0	320408.0	147226.0	0.6	45.9	45.9
202607	230H10400	43	広告宣伝費	163000.0	163000.0	53432.0	0.2	32.7	32.7
202607	230H10400	44	接待交際費	200000.0	135000.0	139022.0	0.6	102.9	69.5
202607	230H10400	45	研究開発費	0.0	0.0	0.0	0.0	0.0	0.0
202607	230H10400	46	アフターサービス費	0.0	0.0	0.0	0.0	0.0	0.0
202607	230H10400	47	クレーム費	500000.0	740000.0	740000.0	3.3	100.0	148.0
202607	230H10400	48	賃借料	1454178.0	1518878.0	1518878.0	6.9	100.0	104.4
202607	230H10400	49	賃貸料収入	-65001.0	-65864.0	-65000.0	0.0	0.0	0.0
202607	230H10400	50	修繕費	0.0	0.0	0.0	0.0	0.0	0.0
202607	230H10400	51	支払リース料	1000.0	1000.0	1157.0	0.0	115.7	115.7
202607	230H10400	52	保険料	2044.0	2044.0	2105.0	0.0	102.9	102.9
202607	230H10400	53	支払報酬	0.0	0.0	0.0	0.0	0.0	0.0
202607	230H10400	54	販売手数料	0.0	0.0	0.0	0.0	0.0	0.0
202607	230H10400	55	支払手数料	76200.0	70200.0	84416.0	0.3	120.2	110.7
202607	230H10400	56	診断料	6000.0	5000.0	6400.0	0.0	128.0	106.6
202607	230H10400	57	諸会費	3450.0	1450.0	2950.0	0.0	203.4	85.5
202607	230H10400	58	会議費	0.0	0.0	0.0	0.0	0.0	0.0
202607	230H10400	59	寄付金	0.0	0.0	0.0	0.0	0.0	0.0
202607	230H10400	60	租税公課	50000.0	45000.0	40400.0	0.1	89.7	80.8
202607	230H10400	61	業務委託費	0.0	0.0	0.0	0.0	0.0	0.0
202607	230H10400	62	業務受託収入	0.0	0.0	0.0	0.0	0.0	0.0
202607	230H10400	63	システム管理料	0.0	0.0	0.0	0.0	0.0	0.0
202607	230H10400	64	情報機器利用料	1491679.0	1540279.0	1552348.0	7.1	100.7	104.0
202607	230H10400	65	貸倒金	315743.0	0.0	0.0	0.0	0.0	0.0
202607	230H10400	66	雑費	16118.0	16118.0	80920.0	0.3	502.0	502.0
202607	230H10400	67	福利消耗品費	18000.0	18000.0	12850.0	0.0	71.3	71.3
202607	230H10400	68	教育研修費	88380.0	88380.0	31308.0	0.1	35.4	35.4
202607	230H10400	69	廃棄損・減耗損	0.0	0.0	0.0	0.0	0.0	0.0
202607	230H10400	70	雑給	0.0	0.0	0.0	0.0	0.0	0.0
202607	230H10400	71	社内金利（固定資産）	15460.0	15460.0	16536.0	0.0	106.9	106.9
202607	230H10400	72	社内金利（売掛金）	82500.0	103331.0	143079.0	0.6	138.4	173.4
202607	230H10400	73	社内金利（在庫）	41600.0	41600.0	49287.0	0.2	118.4	118.4
202607	230H10400	74	営業口銭①（新築）	1400000.0	1395000.0	2305380.0	10.5	165.2	164.6
202607	230H10400	75	営業口銭②（リフォ）	8700000.0	3930750.0	4958040.0	22.7	126.1	56.9
202607	230H10400	76	開発口銭	0.0	0.0	0.0	0.0	0.0	0.0
202607	230H10400	77	部門共通（経費）	6190914.0	6515245.0	6415657.0	29.4	98.4	103.6
202607	230H10400	78	グループ共通	629400.0	553600.0	629400.0	2.8	113.6	100.0
202607	230H10400	79	差引収益	-7196330.0	4912719.0	18836440.0		383.4	0.0
202607	230H10400	80	差引比率	-2.8	2.5	9.0		360.0	0.0
202607	230H10400	81	総時間	7786.75	7641.25	7663.5		100.2	98.4
202607	230H10400	82	定時間	4392.0	4329.0	4313.5	56.2	99.6	98.2
202607	230H10400	83	残業時間	653.0	608.0	697.75	9.1	114.7	106.8
202607	230H10400	84	移動時間	-406.0	-396.0	-424.5	0.0	0.0	0.0
202607	230H10400	85	部門共通（時間）	3147.75	3100.25	3076.75	40.1	99.2	97.7
202607	230H10400	86	当月時間当り	-924.1	642.9	2457.9		382.3	0.0
202607	230H10400	87	人員	25.0	26.0	26.0		100.0	104.0
202607	230B30200	1	総出荷	0.0	0.0	0.0		0.0	0.0
202607	230B30200	2	社外売	0.0	0.0	0.0	0.0	0.0	0.0
202607	230B30200	3	社内売	0.0	0.0	0.0	0.0	0.0	0.0
202607	230B30200	4	社内仕入	0.0	0.0	0.0		0.0	0.0
202607	230B30200	5	仕掛1	0.0	0.0	0.0		0.0	0.0
202607	230B30200	6	総生産	0.0	0.0	0.0		0.0	0.0
202607	230B30200	7	経費合計	0.0	0.0	0.0		0.0	0.0
202607	230B30200	8	経費合計(原価)	0.0	0.0	0.0	0.0	0.0	0.0
202607	230B30200	9	仕掛2	0.0	0.0	0.0	0.0	0.0	0.0
202607	230B30200	10	商品仕入高	0.0	0.0	0.0	0.0	0.0	0.0
202607	230B30200	11	原材料費	0.0	0.0	0.0	0.0	0.0	0.0
202607	230B30200	12	外注加工費	0.0	0.0	0.0	0.0	0.0	0.0
202607	230B30200	13	その他 直接経費	0.0	0.0	0.0	0.0	0.0	0.0
202607	230B30200	14	他勘定振替高	0.0	0.0	0.0	0.0	0.0	0.0
202607	230B30200	15	経費合計（販管費）	0.0	0.0	0.0	0.0	0.0	0.0
202607	230B30200	16	減価償却費	0.0	0.0	0.0	0.0	0.0	0.0
202607	230B30200	17	車両費	186900.0	186874.0	178201.0	0.0	95.3	95.3
202607	230B30200	18	旅費交通費	110000.0	110000.0	120843.0	0.0	109.8	109.8
202607	230B30200	19	荷造運搬費	1000.0	1000.0	0.0	0.0	0.0	0.0
202607	230B30200	20	通信費	23100.0	23064.0	23561.0	0.0	102.1	101.9
202607	230B30200	21	水道光熱費	53800.0	53710.0	45791.0	0.0	85.2	85.1
202607	230B30200	22	動力費	0.0	0.0	0.0	0.0	0.0	0.0
202607	230B30200	23	事務用品費	7200.0	10200.0	5695.0	0.0	55.8	79.0
202607	230B30200	24	消耗品費	19200.0	19110.0	3327.0	0.0	17.4	17.3
202607	230B30200	25	廃棄物処理料	1400.0	1369.0	1340.0	0.0	97.8	95.7
202607	230B30200	26	広告宣伝費	0.0	0.0	0.0	0.0	0.0	0.0
202607	230B30200	27	接待交際費	10000.0	10000.0	0.0	0.0	0.0	0.0
202607	230B30200	28	研究開発費	0.0	0.0	0.0	0.0	0.0	0.0
202607	230B30200	29	アフターサービス費	0.0	0.0	0.0	0.0	0.0	0.0
202607	230B30200	30	クレーム費	0.0	0.0	0.0	0.0	0.0	0.0
202607	230B30200	31	賃借料	480400.0	525349.0	569463.0	0.0	108.3	118.5
202607	230B30200	32	賃貸料収入	-82000.0	-127000.0	-172000.0	0.0	0.0	0.0
202607	230B30200	33	修繕費	0.0	0.0	0.0	0.0	0.0	0.0
202607	230B30200	34	支払リース料	5300.0	5277.0	5278.0	0.0	100.0	99.5
202607	230B30200	35	保険料	0.0	0.0	0.0	0.0	0.0	0.0
202607	230B30200	36	支払報酬	0.0	0.0	0.0	0.0	0.0	0.0
202607	230B30200	37	販売手数料	0.0	0.0	0.0	0.0	0.0	0.0
202607	230B30200	38	支払手数料	296300.0	296224.0	232365.0	0.0	78.4	78.4
202607	230B30200	39	診断料	0.0	0.0	0.0	0.0	0.0	0.0
202607	230B30200	40	諸会費	12100.0	12016.0	10588.0	0.0	88.1	87.5
202607	230B30200	41	会議費	0.0	0.0	0.0	0.0	0.0	0.0
202607	230B30200	42	寄付金	0.0	0.0	0.0	0.0	0.0	0.0
202607	230B30200	43	租税公課	0.0	0.0	0.0	0.0	0.0	0.0
202607	230B30200	44	業務委託費	257300.0	257300.0	257300.0	0.0	100.0	100.0
202607	230B30200	45	業務受託収入	0.0	0.0	0.0	0.0	0.0	0.0
202607	230B30200	46	システム管理料	0.0	0.0	0.0	0.0	0.0	0.0
202607	230B30200	47	情報機器利用料	682300.0	682260.0	674260.0	0.0	98.8	98.8
202607	230B30200	48	貸倒金	0.0	0.0	0.0	0.0	0.0	0.0
202607	230B30200	49	雑費	2600.0	2542.0	2485.0	0.0	97.7	95.5
202607	230B30200	50	福利消耗品費	1000.0	1000.0	1326.0	0.0	132.6	132.6
202607	230B30200	51	教育研修費	2300.0	2268.0	13175.0	0.0	580.9	572.8
202607	230B30200	52	廃棄損・減耗損	0.0	0.0	0.0	0.0	0.0	0.0
202607	230B30200	53	雑給	0.0	0.0	0.0	0.0	0.0	0.0
202607	230B30200	54	社内金利（固定資産）	0.0	0.0	0.0	0.0	0.0	0.0
202607	230B30200	55	社内金利（売掛金）	0.0	0.0	0.0	0.0	0.0	0.0
202607	230B30200	56	社内金利（在庫）	0.0	0.0	0.0	0.0	0.0	0.0
202607	230B30200	57	営業口銭①（新築）	0.0	0.0	0.0	0.0	0.0	0.0
202607	230B30200	58	営業口銭②（リフォ）	0.0	0.0	0.0	0.0	0.0	0.0
202607	230B30200	59	開発口銭	0.0	0.0	0.0	0.0	0.0	0.0
202607	230B30200	60	部門共通（経費）	-2397100.0	-2399463.0	-2299898.0	0.0	0.0	0.0
202607	230B30200	61	グループ共通	326900.0	326900.0	326900.0	0.0	100.0	100.0
202607	230B30200	62	差引収益	0.0	0.0	0.0		0.0	0.0
202607	230B30200	63	差引比率	0.0	0.0	0.0		0.0	0.0
202607	230B30200	64	総時間	0.0	0.0	0.0		0.0	0.0
202607	230B30200	65	定時間	2248.0	2176.0	2174.25	0.0	99.9	96.7
202607	230B30200	66	残業時間	200.0	180.0	135.75	0.0	75.4	67.8
202607	230B30200	67	移動時間	18.75	18.75	18.75	0.0	100.0	100.0
202607	230B30200	68	部門共通（時間）	-2466.75	-2374.75	-2328.75	0.0	0.0	0.0
202607	230B30200	69	当月時間当り	0.0	0.0	0.0		0.0	0.0
202607	230B30200	70	人員	13.0	13.0	13.0		100.0	100.0
202607	230B30100	1	総出荷	0.0	0.0	0.0		0.0	0.0
202607	230B30100	2	社外売	0.0	0.0	0.0	0.0	0.0	0.0
202607	230B30100	3	社内売	0.0	0.0	0.0	0.0	0.0	0.0
202607	230B30100	4	社内仕入	0.0	0.0	0.0		0.0	0.0
202607	230B30100	5	仕掛1	0.0	0.0	0.0		0.0	0.0
202607	230B30100	6	総生産	0.0	0.0	0.0		0.0	0.0
202607	230B30100	7	経費合計	0.0	0.0	0.0		0.0	0.0
202607	230B30100	8	経費合計(原価)	0.0	0.0	-267571.0	0.0	0.0	0.0
202607	230B30100	9	仕掛2	0.0	0.0	0.0	0.0	0.0	0.0
202607	230B30100	10	商品仕入高	0.0	0.0	0.0	0.0	0.0	0.0
202607	230B30100	11	原材料費	0.0	0.0	0.0	0.0	0.0	0.0
202607	230B30100	12	外注加工費	0.0	0.0	0.0	0.0	0.0	0.0
202607	230B30100	13	その他 直接経費	0.0	0.0	0.0	0.0	0.0	0.0
202607	230B30100	14	他勘定振替高	0.0	0.0	-267571.0	0.0	0.0	0.0
202607	230B30100	15	経費合計（販管費）	0.0	0.0	267571.0	0.0	0.0	0.0
202607	230B30100	16	減価償却費	1065500.0	1164500.0	1168925.0	436.8	100.3	109.7
202607	230B30100	17	車両費	699182.0	701245.0	691865.0	258.5	98.6	98.9
202607	230B30100	18	旅費交通費	576000.0	491000.0	509983.0	190.5	103.8	88.5
202607	230B30100	19	荷造運搬費	4500.0	4500.0	0.0	0.0	0.0	0.0
202607	230B30100	20	通信費	71527.0	71793.0	71982.0	26.9	100.2	100.6
202607	230B30100	21	水道光熱費	116070.0	115980.0	98128.0	36.6	84.6	84.5
202607	230B30100	22	動力費	0.0	0.0	0.0	0.0	0.0	0.0
202607	230B30100	23	事務用品費	17000.0	20000.0	12449.0	4.6	62.2	73.2
202607	230B30100	24	消耗品費	59200.0	326610.0	17529.0	6.5	5.3	29.6
202607	230B30100	25	廃棄物処理料	3250.0	3122.0	3081.0	1.1	98.6	94.8
202607	230B30100	26	広告宣伝費	0.0	0.0	0.0	0.0	0.0	0.0
202607	230B30100	27	接待交際費	60000.0	60000.0	23755.0	8.8	39.5	39.5
202607	230B30100	28	研究開発費	0.0	0.0	0.0	0.0	0.0	0.0
202607	230B30100	29	アフターサービス費	0.0	0.0	0.0	0.0	0.0	0.0
202607	230B30100	30	クレーム費	0.0	0.0	0.0	0.0	0.0	0.0
202607	230B30100	31	賃借料	1035290.0	1079839.0	1123913.0	420.0	104.0	108.5
202607	230B30100	32	賃貸料収入	-223000.0	-268000.0	-313000.0	0.0	0.0	0.0
202607	230B30100	33	修繕費	0.0	0.0	0.0	0.0	0.0	0.0
202607	230B30100	34	支払リース料	10550.0	10300.0	10193.0	3.8	98.9	96.6
202607	230B30100	35	保険料	0.0	0.0	0.0	0.0	0.0	0.0
202607	230B30100	36	支払報酬	70000.0	70000.0	20000.0	7.4	28.5	28.5
202607	230B30100	37	販売手数料	0.0	0.0	0.0	0.0	0.0	0.0
202607	230B30100	38	支払手数料	394000.0	395915.0	310643.0	116.0	78.4	78.8
202607	230B30100	39	診断料	0.0	0.0	0.0	0.0	0.0	0.0
202607	230B30100	40	諸会費	28760.0	28676.0	24643.0	9.2	85.9	85.6
202607	230B30100	41	会議費	2000.0	2000.0	0.0	0.0	0.0	0.0
202607	230B30100	42	寄付金	0.0	0.0	0.0	0.0	0.0	0.0
202607	230B30100	43	租税公課	79000.0	79000.0	0.0	0.0	0.0	0.0
202607	230B30100	44	業務委託費	554600.0	554600.0	554600.0	207.2	100.0	100.0
202607	230B30100	45	業務受託収入	0.0	0.0	0.0	0.0	0.0	0.0
202607	230B30100	46	システム管理料	0.0	0.0	0.0	0.0	0.0	0.0
202607	230B30100	47	情報機器利用料	1734218.0	1705914.0	1697668.0	634.4	99.5	97.8
202607	230B30100	48	貸倒金	0.0	0.0	0.0	0.0	0.0	0.0
202607	230B30100	49	雑費	5070.0	5003.0	4859.0	1.8	97.1	95.8
202607	230B30100	50	福利消耗品費	2000.0	2000.0	3050.0	1.1	152.5	152.5
202607	230B30100	51	教育研修費	15750.0	5580.0	30669.0	11.4	549.6	194.7
202607	230B30100	52	廃棄損・減耗損	0.0	0.0	0.0	0.0	0.0	0.0
202607	230B30100	53	雑給	0.0	0.0	0.0	0.0	0.0	0.0
202607	230B30100	54	社内金利（固定資産）	225000.0	220500.0	221371.0	82.7	100.3	98.3
202607	230B30100	55	社内金利（売掛金）	0.0	0.0	0.0	0.0	0.0	0.0
202607	230B30100	56	社内金利（在庫）	0.0	0.0	0.0	0.0	0.0	0.0
202607	230B30100	57	営業口銭①（新築）	0.0	0.0	0.0	0.0	0.0	0.0
202607	230B30100	58	営業口銭②（リフォ）	0.0	0.0	0.0	0.0	0.0	0.0
202607	230B30100	59	開発口銭	0.0	0.0	0.0	0.0	0.0	0.0
202607	230B30100	60	部門共通（経費）	-7384867.0	-7629477.0	-6798135.0	0.0	0.0	0.0
202607	230B30100	61	グループ共通	779400.0	779400.0	779400.0	291.2	100.0	100.0
202607	230B30100	62	差引収益	0.0	0.0	0.0		0.0	0.0
202607	230B30100	63	差引比率	0.0	0.0	0.0		0.0	0.0
202607	230B30100	64	総時間	0.0	0.0	0.0		0.0	0.0
202607	230B30100	65	定時間	5423.0	5303.0	5279.75	0.0	99.5	97.3
202607	230B30100	66	残業時間	650.0	639.0	624.5	0.0	97.7	96.0
202607	230B30100	67	移動時間	-180.75	-180.75	-182.75	0.0	0.0	0.0
202607	230B30100	68	部門共通（時間）	-5892.25	-5761.25	-5721.5	0.0	0.0	0.0
202607	230B30100	69	当月時間当り	0.0	0.0	0.0		0.0	0.0
202607	230B30100	70	人員	32.0	32.0	32.0		100.0	100.0
202607	230P10300	1	総受注高	121000000.0	87780000.0	100923326.0		114.9	83.4
202607	230P10300	2	【新築】受注高	38000000.0	29990000.0	29990000.0	29.7	100.0	78.9
202607	230P10300	3	【リフォ】受注高	49000000.0	23790000.0	31682410.0	31.3	133.1	64.6
202607	230P10300	4	【資材】受注高	34000000.0	34000000.0	39250916.0	38.8	115.4	115.4
202607	230P10300	5	総売上高	64100000.0	62981090.0	63340427.0		100.5	98.8
202607	230P10300	6	【新築】売上高	0.0	0.0	0.0	0.0	0.0	0.0
202607	230P10300	7	【リフォ】売上高	25500000.0	23281090.0	23591142.0	37.2	101.3	92.5
202607	230P10300	8	【資材】売上高	38600000.0	39700000.0	39749285.0	62.7	100.1	102.9
202607	230P10300	9	【新築】インセンティブ	0.0	0.0	0.0	0.0	0.0	0.0
202607	230P10300	10	【リフォ】インセンティブ	0.0	0.0	0.0	0.0	0.0	0.0
202607	230P10300	11	【資材】インセンティブ	0.0	0.0	0.0	0.0	0.0	0.0
202607	230P10300	12	収益①（営業口銭）	3825000.0	3492163.0	3538669.0		101.3	92.5
202607	230P10300	13	【新築】収益①(営業口銭)	0.0	0.0	0.0		0.0	0.0
202607	230P10300	14	【リフォ】収益①(営業口銭)	3825000.0	3492163.0	3538669.0		101.3	92.5
202607	230P10300	15	【資材】売上原価	29400000.0	30250000.0	29968474.0		99.0	101.9
202607	230P10300	16	収益②（資材）	9200000.0	9450000.0	9780811.0		103.5	106.3
202607	230P10300	17	総収益	13025000.0	12942163.0	13319480.0		102.9	102.2
202607	230P10300	18	経費合計	5401127.0	5634961.0	5553253.0		98.5	102.8
202607	230P10300	19	減価償却費	2458.0	2458.0	2458.0	0.0	100.0	100.0
202607	230P10300	20	車両費	416000.0	416000.0	362946.0	6.5	87.2	87.2
202607	230P10300	21	旅費交通費	0.0	0.0	30032.0	0.5	0.0	0.0
202607	230P10300	22	荷造運搬費	5000.0	5000.0	4050.0	0.0	81.0	81.0
202607	230P10300	23	通信費	93000.0	93000.0	78514.0	1.4	84.4	84.4
202607	230P10300	24	水道光熱費	90000.0	90000.0	82845.0	1.4	92.0	92.0
202607	230P10300	25	動力費	0.0	0.0	0.0	0.0	0.0	0.0
202607	230P10300	26	事務用品費	40000.0	40000.0	34817.0	0.6	87.0	87.0
202607	230P10300	27	消耗品費	20000.0	39000.0	28276.0	0.5	72.5	141.3
202607	230P10300	28	廃棄物処理料	10000.0	10000.0	9000.0	0.1	90.0	90.0
202607	230P10300	29	広告宣伝費	55000.0	58000.0	74442.0	1.3	128.3	135.3
202607	230P10300	30	接待交際費	10000.0	10000.0	0.0	0.0	0.0	0.0
202607	230P10300	31	研究開発費	0.0	0.0	0.0	0.0	0.0	0.0
202607	230P10300	32	アフターサービス費	0.0	0.0	0.0	0.0	0.0	0.0
202607	230P10300	33	クレーム費	0.0	0.0	0.0	0.0	0.0	0.0
202607	230P10300	34	賃借料	591643.0	591643.0	591643.0	10.6	100.0	100.0
202607	230P10300	35	賃貸料収入	0.0	0.0	0.0	0.0	0.0	0.0
202607	230P10300	36	修繕費	0.0	0.0	0.0	0.0	0.0	0.0
202607	230P10300	37	支払リース料	7000.0	7000.0	7000.0	0.1	100.0	100.0
202607	230P10300	38	保険料	4701.0	4701.0	4701.0	0.0	100.0	100.0
202607	230P10300	39	支払報酬	0.0	0.0	0.0	0.0	0.0	0.0
202607	230P10300	40	販売手数料	0.0	0.0	0.0	0.0	0.0	0.0
202607	230P10300	41	支払手数料	330000.0	530000.0	496888.0	8.9	93.7	150.5
202607	230P10300	42	診断料	0.0	0.0	0.0	0.0	0.0	0.0
202607	230P10300	43	諸会費	0.0	0.0	0.0	0.0	0.0	0.0
202607	230P10300	44	会議費	0.0	0.0	0.0	0.0	0.0	0.0
202607	230P10300	45	寄付金	0.0	0.0	0.0	0.0	0.0	0.0
202607	230P10300	46	租税公課	20000.0	20000.0	15200.0	0.2	76.0	76.0
202607	230P10300	47	業務委託費	0.0	0.0	0.0	0.0	0.0	0.0
202607	230P10300	48	業務受託収入	0.0	0.0	0.0	0.0	0.0	0.0
202607	230P10300	49	システム管理料	0.0	0.0	0.0	0.0	0.0	0.0
202607	230P10300	50	情報機器利用料	745920.0	745920.0	744090.0	13.3	99.7	99.7
202607	230P10300	51	貸倒金	0.0	0.0	0.0	0.0	0.0	0.0
202607	230P10300	52	雑費	10000.0	10000.0	6519.0	0.1	65.1	65.1
202607	230P10300	53	福利消耗品費	3000.0	3000.0	850.0	0.0	28.3	28.3
202607	230P10300	54	教育研修費	133000.0	43000.0	9371.0	0.1	21.7	7.0
202607	230P10300	55	廃棄損・減耗損	0.0	0.0	0.0	0.0	0.0	0.0
202607	230P10300	56	雑給	0.0	0.0	0.0	0.0	0.0	0.0
202607	230P10300	57	社内金利（固定資産）	98.0	98.0	98.0	0.0	100.0	100.0
202607	230P10300	58	社内金利（売掛金）	55000.0	55000.0	33794.0	0.6	61.4	61.4
202607	230P10300	59	社内金利（在庫）	65000.0	65000.0	84567.0	1.5	130.1	130.1
202607	230P10300	60	開発口銭	0.0	0.0	0.0	0.0	0.0	0.0
202607	230P10300	61	部門共通（経費）	2342107.0	2443941.0	2498952.0	44.9	102.2	106.6
202607	230P10300	62	グループ共通	352200.0	352200.0	352200.0	6.3	100.0	100.0
202607	230P10300	63	差引収益	7623873.0	7307202.0	7766227.0		106.2	101.8
202607	230P10300	64	差引比率	11.8	11.6	12.2		105.1	103.3
202607	230P10300	65	総時間	3659.5	3592.75	3624.0		100.8	99.0
202607	230P10300	66	定時間	2204.0	2180.0	2174.75	60.0	99.7	98.6
202607	230P10300	67	残業時間	300.0	269.0	315.5	8.7	117.2	105.1
202607	230P10300	68	移動時間	65.0	65.0	62.75	1.7	96.5	96.5
202607	230P10300	69	部門共通（時間）	1090.5	1078.75	1071.0	29.5	99.2	98.2
202607	230P10300	70	当月時間当り	2083.3	2033.8	2142.9		105.3	102.8
202607	230P10300	71	人員	13.0	14.0	14.0		100.0	107.6
202607	230P10400	1	総受注高	121000000.0	87780000.0	100923326.0		114.9	83.4
202607	230P10400	2	【新築】受注高	38000000.0	29990000.0	29990000.0	29.7	100.0	78.9
202607	230P10400	3	【リフォ】受注高	49000000.0	23790000.0	31682410.0	31.3	133.1	64.6
202607	230P10400	4	【資材】受注高	34000000.0	34000000.0	39250916.0	38.8	115.4	115.4
202607	230P10400	5	総売上高	64100000.0	62981090.0	63340427.0		100.5	98.8
202607	230P10400	6	【新築】売上高	0.0	0.0	0.0	0.0	0.0	0.0
202607	230P10400	7	【リフォ】売上高	25500000.0	23281090.0	23591142.0	37.2	101.3	92.5
202607	230P10400	8	【資材】売上高	38600000.0	39700000.0	39749285.0	62.7	100.1	102.9
202607	230P10400	9	【新築】インセンティブ	0.0	0.0	0.0	0.0	0.0	0.0
202607	230P10400	10	【リフォ】インセンティブ	0.0	0.0	0.0	0.0	0.0	0.0
202607	230P10400	11	【資材】インセンティブ	0.0	0.0	0.0	0.0	0.0	0.0
202607	230P10400	12	収益①（営業口銭）	3825000.0	3492163.0	3538669.0		101.3	92.5
202607	230P10400	13	【新築】収益①(営業口銭)	0.0	0.0	0.0		0.0	0.0
202607	230P10400	14	【リフォ】収益①(営業口銭)	3825000.0	3492163.0	3538669.0		101.3	92.5
202607	230P10400	15	【資材】売上原価	29400000.0	30250000.0	29968474.0		99.0	101.9
202607	230P10400	16	収益②（資材）	9200000.0	9450000.0	9780811.0		103.5	106.3
202607	230P10400	17	総収益	13025000.0	12942163.0	13319480.0		102.9	102.2
202607	230P10400	18	総出荷	25500000.0	23281090.0	23591142.0		101.3	92.5
202607	230P10400	19	社外売	25500000.0	23281090.0	23591142.0	100.0	101.3	92.5
202607	230P10400	20	社内売	0.0	0.0	0.0	0.0	0.0	0.0
202607	230P10400	21	社内仕入	1866000.0	18462372.0	19707598.0		106.7	
202607	230P10400	22	仕掛1	0.0	0.0	0.0		0.0	0.0
202607	230P10400	23	総生産	23634000.0	4818718.0	3883544.0		80.5	16.4
202607	230P10400	24	経費合計	27181626.0	26482165.0	32809899.0		123.8	120.7
202607	230P10400	25	経費合計(原価)	16794000.0	16248982.0	22984030.0	70.0	141.4	136.8
202607	230P10400	26	仕掛2	0.0	0.0	0.0	0.0	0.0	0.0
202607	230P10400	27	商品仕入高	9201000.0	9393175.0	13134199.0	57.1	139.8	142.7
202607	230P10400	28	原材料費	0.0	0.0	0.0	0.0	0.0	0.0
202607	230P10400	29	外注加工費	7464000.0	6706807.0	9749181.0	42.4	145.3	130.6
202607	230P10400	30	その他 直接経費	129000.0	149000.0	100650.0	0.4	67.5	78.0
202607	230P10400	31	他勘定振替高	0.0	0.0	0.0	0.0	0.0	0.0
202607	230P10400	32	経費合計（販管費）	10387626.0	10233183.0	9825869.0	29.9	96.0	94.5
202607	230P10400	33	減価償却費	2458.0	2458.0	2458.0	0.0	100.0	100.0
202607	230P10400	34	車両費	632000.0	632000.0	552913.0	5.6	87.4	87.4
202607	230P10400	35	旅費交通費	0.0	0.0	30032.0	0.3	0.0	0.0
202607	230P10400	36	荷造運搬費	5000.0	5000.0	4050.0	0.0	81.0	81.0
202607	230P10400	37	通信費	103000.0	103000.0	88502.0	0.9	85.9	85.9
202607	230P10400	38	水道光熱費	110000.0	110000.0	100598.0	1.0	91.4	91.4
202607	230P10400	39	動力費	0.0	0.0	0.0	0.0	0.0	0.0
202607	230P10400	40	事務用品費	45000.0	45000.0	37247.0	0.3	82.7	82.7
202607	230P10400	41	消耗品費	22000.0	41000.0	30638.0	0.3	74.7	139.2
202607	230P10400	42	廃棄物処理料	110000.0	10000.0	-186210.0	0.0	0.0	0.0
202607	230P10400	43	広告宣伝費	55000.0	58000.0	74442.0	0.7	128.3	135.3
202607	230P10400	44	接待交際費	10000.0	10000.0	0.0	0.0	0.0	0.0
202607	230P10400	45	研究開発費	0.0	0.0	0.0	0.0	0.0	0.0
202607	230P10400	46	アフターサービス費	0.0	0.0	0.0	0.0	0.0	0.0
202607	230P10400	47	クレーム費	0.0	0.0	0.0	0.0	0.0	0.0
202607	230P10400	48	賃借料	710000.0	710000.0	710000.0	7.2	100.0	100.0
202607	230P10400	49	賃貸料収入	0.0	0.0	0.0	0.0	0.0	0.0
202607	230P10400	50	修繕費	0.0	27000.0	27000.0	0.2	100.0	0.0
202607	230P10400	51	支払リース料	8400.0	8400.0	8400.0	0.0	100.0	100.0
202607	230P10400	52	保険料	4701.0	4701.0	4701.0	0.0	100.0	100.0
202607	230P10400	53	支払報酬	0.0	0.0	0.0	0.0	0.0	0.0
202607	230P10400	54	販売手数料	0.0	0.0	0.0	0.0	0.0	0.0
202607	230P10400	55	支払手数料	330000.0	530000.0	496888.0	5.0	93.7	150.5
202607	230P10400	56	診断料	0.0	0.0	0.0	0.0	0.0	0.0
202607	230P10400	57	諸会費	0.0	0.0	0.0	0.0	0.0	0.0
202607	230P10400	58	会議費	0.0	0.0	0.0	0.0	0.0	0.0
202607	230P10400	59	寄付金	0.0	0.0	0.0	0.0	0.0	0.0
202607	230P10400	60	租税公課	20000.0	20000.0	15200.0	0.1	76.0	76.0
202607	230P10400	61	業務委託費	0.0	0.0	0.0	0.0	0.0	0.0
202607	230P10400	62	業務受託収入	0.0	0.0	0.0	0.0	0.0	0.0
202607	230P10400	63	システム管理料	0.0	0.0	0.0	0.0	0.0	0.0
202607	230P10400	64	情報機器利用料	856780.0	856780.0	860800.0	8.7	100.4	100.4
202607	230P10400	65	貸倒金	0.0	0.0	0.0	0.0	0.0	0.0
202607	230P10400	66	雑費	10800.0	10800.0	7282.0	0.0	67.4	67.4
202607	230P10400	67	福利消耗品費	3000.0	3000.0	850.0	0.0	28.3	28.3
202607	230P10400	68	教育研修費	133000.0	43000.0	9371.0	0.0	21.7	7.0
202607	230P10400	69	廃棄損・減耗損	0.0	0.0	0.0	0.0	0.0	0.0
202607	230P10400	70	雑給	0.0	0.0	0.0	0.0	0.0	0.0
202607	230P10400	71	社内金利（固定資産）	98.0	98.0	98.0	0.0	100.0	100.0
202607	230P10400	72	社内金利（売掛金）	55000.0	55000.0	33794.0	0.3	61.4	61.4
202607	230P10400	73	社内金利（在庫）	65000.0	65000.0	84567.0	0.8	130.1	130.1
202607	230P10400	74	営業口銭①（新築）	0.0	0.0	0.0	0.0	0.0	0.0
202607	230P10400	75	営業口銭②（リフォ）	3825000.0	3492163.0	3538669.0	36.0	101.3	92.5
202607	230P10400	76	開発口銭	0.0	0.0	0.0	0.0	0.0	0.0
202607	230P10400	77	部門共通（経費）	2843389.0	2962783.0	2865579.0	29.1	96.7	100.7
202607	230P10400	78	グループ共通	428000.0	428000.0	428000.0	4.3	100.0	100.0
202607	230P10400	79	差引収益	9477374.0	-8721284.0	-15606875.0		0.0	0.0
202607	230P10400	80	差引比率	10.8	-12.8	-23.2		0.0	0.0
202607	230P10400	81	総時間	4518.75	4451.25	4481.0		100.6	99.1
202607	230P10400	82	定時間	2732.0	2708.0	2703.25	60.3	99.8	98.9
202607	230P10400	83	残業時間	370.0	350.0	397.5	8.8	113.5	107.4
202607	230P10400	84	移動時間	65.0	65.0	62.75	1.4	96.5	96.5
202607	230P10400	85	部門共通（時間）	1351.75	1328.25	1317.5	29.4	99.1	97.4
202607	230P10400	86	当月時間当り	2097.3	-1959.2	-3482.9		0.0	0.0
202607	230P10400	87	人員	16.0	17.0	17.0		100.0	106.2
202607	230P30101	1	総出荷	25500000.0	23281090.0	23591142.0		101.3	92.5
202607	230P30101	2	社外売	25500000.0	23281090.0	23591142.0	100.0	101.3	92.5
202607	230P30101	3	社内売	0.0	0.0	0.0	0.0	0.0	0.0
202607	230P30101	4	社内仕入	1866000.0	18462372.0	19707598.0		106.7	
202607	230P30101	5	仕掛1	0.0	0.0	0.0		0.0	0.0
202607	230P30101	6	総生産	23634000.0	4818718.0	3883544.0		80.5	16.4
202607	230P30101	7	経費合計	21780499.0	20847204.0	27256646.0		130.7	125.1
202607	230P30101	8	経費合計(原価)	16794000.0	16248982.0	22984030.0	84.3	141.4	136.8
202607	230P30101	9	仕掛2	0.0	0.0	0.0	0.0	0.0	0.0
202607	230P30101	10	商品仕入高	9201000.0	9393175.0	13134199.0	57.1	139.8	142.7
202607	230P30101	11	原材料費	0.0	0.0	0.0	0.0	0.0	0.0
202607	230P30101	12	外注加工費	7464000.0	6706807.0	9749181.0	42.4	145.3	130.6
202607	230P30101	13	その他 直接経費	129000.0	149000.0	100650.0	0.4	67.5	78.0
202607	230P30101	14	他勘定振替高	0.0	0.0	0.0	0.0	0.0	0.0
202607	230P30101	15	経費合計（販管費）	4986499.0	4598222.0	4272616.0	15.6	92.9	85.6
202607	230P30101	16	減価償却費	0.0	0.0	0.0	0.0	0.0	0.0
202607	230P30101	17	車両費	216000.0	216000.0	189967.0	4.4	87.9	87.9
202607	230P30101	18	旅費交通費	0.0	0.0	0.0	0.0	0.0	0.0
202607	230P30101	19	荷造運搬費	0.0	0.0	0.0	0.0	0.0	0.0
202607	230P30101	20	通信費	10000.0	10000.0	9988.0	0.2	99.8	99.8
202607	230P30101	21	水道光熱費	20000.0	20000.0	17753.0	0.4	88.7	88.7
202607	230P30101	22	動力費	0.0	0.0	0.0	0.0	0.0	0.0
202607	230P30101	23	事務用品費	5000.0	5000.0	2430.0	0.0	48.6	48.6
202607	230P30101	24	消耗品費	2000.0	2000.0	2362.0	0.0	118.1	118.1
202607	230P30101	25	廃棄物処理料	100000.0	0.0	-195210.0	0.0	0.0	0.0
202607	230P30101	26	広告宣伝費	0.0	0.0	0.0	0.0	0.0	0.0
202607	230P30101	27	接待交際費	0.0	0.0	0.0	0.0	0.0	0.0
202607	230P30101	28	研究開発費	0.0	0.0	0.0	0.0	0.0	0.0
202607	230P30101	29	アフターサービス費	0.0	0.0	0.0	0.0	0.0	0.0
202607	230P30101	30	クレーム費	0.0	0.0	0.0	0.0	0.0	0.0
202607	230P30101	31	賃借料	118357.0	118357.0	118357.0	2.7	100.0	100.0
202607	230P30101	32	賃貸料収入	0.0	0.0	0.0	0.0	0.0	0.0
202607	230P30101	33	修繕費	0.0	27000.0	27000.0	0.6	100.0	0.0
202607	230P30101	34	支払リース料	1400.0	1400.0	1400.0	0.0	100.0	100.0
202607	230P30101	35	保険料	0.0	0.0	0.0	0.0	0.0	0.0
202607	230P30101	36	支払報酬	0.0	0.0	0.0	0.0	0.0	0.0
202607	230P30101	37	販売手数料	0.0	0.0	0.0	0.0	0.0	0.0
202607	230P30101	38	支払手数料	0.0	0.0	0.0	0.0	0.0	0.0
202607	230P30101	39	診断料	0.0	0.0	0.0	0.0	0.0	0.0
202607	230P30101	40	諸会費	0.0	0.0	0.0	0.0	0.0	0.0
202607	230P30101	41	会議費	0.0	0.0	0.0	0.0	0.0	0.0
202607	230P30101	42	寄付金	0.0	0.0	0.0	0.0	0.0	0.0
202607	230P30101	43	租税公課	0.0	0.0	0.0	0.0	0.0	0.0
202607	230P30101	44	業務委託費	0.0	0.0	0.0	0.0	0.0	0.0
202607	230P30101	45	業務受託収入	0.0	0.0	0.0	0.0	0.0	0.0
202607	230P30101	46	システム管理料	0.0	0.0	0.0	0.0	0.0	0.0
202607	230P30101	47	情報機器利用料	110860.0	110860.0	116710.0	2.7	105.2	105.2
202607	230P30101	48	貸倒金	0.0	0.0	0.0	0.0	0.0	0.0
202607	230P30101	49	雑費	800.0	800.0	763.0	0.0	95.3	95.3
202607	230P30101	50	福利消耗品費	0.0	0.0	0.0	0.0	0.0	0.0
202607	230P30101	51	教育研修費	0.0	0.0	0.0	0.0	0.0	0.0
202607	230P30101	52	廃棄損・減耗損	0.0	0.0	0.0	0.0	0.0	0.0
202607	230P30101	53	雑給	0.0	0.0	0.0	0.0	0.0	0.0
202607	230P30101	54	社内金利（固定資産）	0.0	0.0	0.0	0.0	0.0	0.0
202607	230P30101	55	社内金利（売掛金）	0.0	0.0	0.0	0.0	0.0	0.0
202607	230P30101	56	社内金利（在庫）	0.0	0.0	0.0	0.0	0.0	0.0
202607	230P30101	57	営業口銭①（新築）	0.0	0.0	0.0	0.0	0.0	0.0
202607	230P30101	58	営業口銭②（リフォ）	3825000.0	3492163.0	3538669.0	82.8	101.3	92.5
202607	230P30101	59	開発口銭	0.0	0.0	0.0	0.0	0.0	0.0
202607	230P30101	60	部門共通（経費）	501282.0	518842.0	366627.0	8.5	70.6	73.1
202607	230P30101	61	グループ共通	75800.0	75800.0	75800.0	1.7	100.0	100.0
202607	230P30101	62	差引収益	1853501.0	-16028486.0	-23373102.0		0.0	0.0
202607	230P30101	63	差引比率	7.8	-332.6	-601.8		0.0	0.0
202607	230P30101	64	総時間	859.25	858.5	857.0		99.8	99.7
202607	230P30101	65	定時間	528.0	528.0	528.5	61.6	100.0	100.0
202607	230P30101	66	残業時間	70.0	81.0	82.0	9.5	101.2	117.1
202607	230P30101	67	移動時間	0.0	0.0	0.0	0.0	0.0	0.0
202607	230P30101	68	部門共通（時間）	261.25	249.5	246.5	28.7	98.7	94.3
202607	230P30101	69	当月時間当り	2157.1	-18670.3	-27273.1		0.0	0.0
202607	230P30101	70	人員	3.0	3.0	3.0		100.0	100.0
202607	230K10100	1	総受注高	62080000.0	43426000.0	56505105.0		130.1	91.0
202607	230K10100	2	【新築】受注高	0.0	0.0	0.0	0.0	0.0	0.0
202607	230K10100	3	【リフォ】受注高	33990000.0	15336000.0	26808893.0	47.4	174.8	78.8
202607	230K10100	4	【資材】受注高	28090000.0	28090000.0	29696212.0	52.5	105.7	105.7
202607	230K10100	5	総売上高	89570000.0	102802186.0	86091172.0		83.7	96.1
202607	230K10100	6	【新築】売上高	0.0	2200000.0	2200000.0	2.5	100.0	0.0
202607	230K10100	7	【リフォ】売上高	33990000.0	43922186.0	38028762.0	44.1	86.5	111.8
202607	230K10100	8	【資材】売上高	55580000.0	56680000.0	45862410.0	53.2	80.9	82.5
202607	230K10100	9	【新築】インセンティブ	0.0	0.0	0.0	0.0	0.0	0.0
202607	230K10100	10	【リフォ】インセンティブ	0.0	0.0	0.0	0.0	0.0	0.0
202607	230K10100	11	【資材】インセンティブ	0.0	0.0	0.0	0.0	0.0	0.0
202607	230K10100	12	収益①（営業口銭）	5098500.0	6698327.0	5814310.0		86.8	114.0
202607	230K10100	13	【新築】収益①(営業口銭)	0.0	110000.0	110000.0		100.0	0.0
202607	230K10100	14	【リフォ】収益①(営業口銭)	5098500.0	6588327.0	5704310.0		86.5	111.8
202607	230K10100	15	【資材】売上原価	43340000.0	44198000.0	34293730.0		77.5	79.1
202607	230K10100	16	収益②（資材）	12240000.0	12482000.0	11568680.0		92.6	94.5
202607	230K10100	17	総収益	17338500.0	19180327.0	17382990.0		90.6	100.2
202607	230K10100	18	経費合計	5810272.0	5986090.0	6172319.0		103.1	106.2
202607	230K10100	19	減価償却費	55000.0	52582.0	52582.0	0.8	100.0	95.6
202607	230K10100	20	車両費	540000.0	542900.0	523155.0	8.4	96.3	96.8
202607	230K10100	21	旅費交通費	0.0	0.0	28214.0	0.4	0.0	0.0
202607	230K10100	22	荷造運搬費	0.0	0.0	0.0	0.0	0.0	0.0
202607	230K10100	23	通信費	86000.0	81216.0	79627.0	1.2	98.0	92.5
202607	230K10100	24	水道光熱費	69000.0	80500.0	56787.0	0.9	70.5	82.3
202607	230K10100	25	動力費	0.0	0.0	0.0	0.0	0.0	0.0
202607	230K10100	26	事務用品費	35000.0	27500.0	25151.0	0.4	91.4	71.8
202607	230K10100	27	消耗品費	10000.0	35000.0	23639.0	0.3	67.5	236.3
202607	230K10100	28	廃棄物処理料	11000.0	11000.0	10000.0	0.1	90.9	90.9
202607	230K10100	29	広告宣伝費	284000.0	197800.0	172536.0	2.7	87.2	60.7
202607	230K10100	30	接待交際費	110000.0	10000.0	10000.0	0.1	100.0	9.0
202607	230K10100	31	研究開発費	0.0	0.0	0.0	0.0	0.0	0.0
202607	230K10100	32	アフターサービス費	0.0	0.0	0.0	0.0	0.0	0.0
202607	230K10100	33	クレーム費	0.0	0.0	124944.0	2.0	0.0	0.0
202607	230K10100	34	賃借料	877800.0	877800.0	877800.0	14.2	100.0	100.0
202607	230K10100	35	賃貸料収入	0.0	0.0	0.0	0.0	0.0	0.0
202607	230K10100	36	修繕費	0.0	140000.0	175000.0	2.8	125.0	0.0
202607	230K10100	37	支払リース料	18000.0	9009.0	9009.0	0.1	100.0	50.0
202607	230K10100	38	保険料	4000.0	5314.0	5314.0	0.0	100.0	132.8
202607	230K10100	39	支払報酬	0.0	0.0	0.0	0.0	0.0	0.0
202607	230K10100	40	販売手数料	0.0	0.0	0.0	0.0	0.0	0.0
202607	230K10100	41	支払手数料	52000.0	205199.0	198229.0	3.2	96.6	381.2
202607	230K10100	42	診断料	0.0	0.0	0.0	0.0	0.0	0.0
202607	230K10100	43	諸会費	13000.0	1000.0	0.0	0.0	0.0	0.0
202607	230K10100	44	会議費	0.0	0.0	0.0	0.0	0.0	0.0
202607	230K10100	45	寄付金	0.0	3000.0	3000.0	0.0	100.0	0.0
202607	230K10100	46	租税公課	5000.0	5000.0	7200.0	0.1	144.0	144.0
202607	230K10100	47	業務委託費	0.0	0.0	0.0	0.0	0.0	0.0
202607	230K10100	48	業務受託収入	0.0	0.0	0.0	0.0	0.0	0.0
202607	230K10100	49	システム管理料	0.0	0.0	0.0	0.0	0.0	0.0
202607	230K10100	50	情報機器利用料	734700.0	751440.0	751440.0	12.1	100.0	102.2
202607	230K10100	51	貸倒金	0.0	0.0	0.0	0.0	0.0	0.0
202607	230K10100	52	雑費	7000.0	7914.0	8932.0	0.1	112.8	127.6
202607	230K10100	53	福利消耗品費	0.0	0.0	0.0	0.0	0.0	0.0
202607	230K10100	54	教育研修費	90000.0	30871.0	2871.0	0.0	9.2	3.1
202607	230K10100	55	廃棄損・減耗損	0.0	0.0	0.0	0.0	0.0	0.0
202607	230K10100	56	雑給	0.0	0.0	0.0	0.0	0.0	0.0
202607	230K10100	57	社内金利（固定資産）	17803.0	17803.0	17403.0	0.2	97.7	97.7
202607	230K10100	58	社内金利（売掛金）	19500.0	19500.0	29499.0	0.4	151.2	151.2
202607	230K10100	59	社内金利（在庫）	66000.0	66000.0	118379.0	1.9	179.3	179.3
202607	230K10100	60	開発口銭	0.0	0.0	0.0	0.0	0.0	0.0
202607	230K10100	61	部門共通（経費）	2353269.0	2455542.0	2509408.0	40.6	102.1	106.6
202607	230K10100	62	グループ共通	352200.0	352200.0	352200.0	5.7	100.0	100.0
202607	230K10100	63	差引収益	11528228.0	13194237.0	11210671.0		84.9	97.2
202607	230K10100	64	差引比率	12.8	12.8	13.0		101.5	101.5
202607	230K10100	65	総時間	3352.25	3584.5	3727.75		103.9	111.2
202607	230K10100	66	定時間	2042.5	2293.0	2262.5	60.6	98.6	110.7
202607	230K10100	67	残業時間	341.5	326.0	333.5	8.9	102.3	97.6
202607	230K10100	68	移動時間	-129.0	-119.0	56.25	1.5	0.0	0.0
202607	230K10100	69	部門共通（時間）	1097.25	1084.5	1075.5	28.8	99.1	98.0
202607	230K10100	70	当月時間当り	3438.9	3680.9	3007.3		81.7	87.4
202607	230K10100	71	人員	13.0	13.0	13.0		100.0	100.0
202607	230K10200	1	総受注高	62080000.0	43426000.0	56505105.0		130.1	91.0
202607	230K10200	2	【新築】受注高	0.0	0.0	0.0	0.0	0.0	0.0
202607	230K10200	3	【リフォ】受注高	33990000.0	15336000.0	26808893.0	47.4	174.8	78.8
202607	230K10200	4	【資材】受注高	28090000.0	28090000.0	29696212.0	52.5	105.7	105.7
202607	230K10200	5	総売上高	89570000.0	102802186.0	86091172.0		83.7	96.1
202607	230K10200	6	【新築】売上高	0.0	2200000.0	2200000.0	2.5	100.0	0.0
202607	230K10200	7	【リフォ】売上高	33990000.0	43922186.0	38028762.0	44.1	86.5	111.8
202607	230K10200	8	【資材】売上高	55580000.0	56680000.0	45862410.0	53.2	80.9	82.5
202607	230K10200	9	【新築】インセンティブ	0.0	0.0	0.0	0.0	0.0	0.0
202607	230K10200	10	【リフォ】インセンティブ	0.0	0.0	0.0	0.0	0.0	0.0
202607	230K10200	11	【資材】インセンティブ	0.0	0.0	0.0	0.0	0.0	0.0
202607	230K10200	12	収益①（営業口銭）	5098500.0	6698327.0	5814310.0		86.8	114.0
202607	230K10200	13	【新築】収益①(営業口銭)	0.0	110000.0	110000.0		100.0	0.0
202607	230K10200	14	【リフォ】収益①(営業口銭)	5098500.0	6588327.0	5704310.0		86.5	111.8
202607	230K10200	15	【資材】売上原価	43340000.0	44198000.0	34293730.0		77.5	79.1
202607	230K10200	16	収益②（資材）	12240000.0	12482000.0	11568680.0		92.6	94.5
202607	230K10200	17	総収益	17338500.0	19180327.0	17382990.0		90.6	100.2
202607	230K10200	18	総出荷	33990000.0	46122186.0	40228762.0		87.2	118.3
202607	230K10200	19	社外売	33990000.0	46122186.0	40228762.0	100.0	87.2	118.3
202607	230K10200	20	社内売	0.0	0.0	0.0	0.0	0.0	0.0
202607	230K10200	21	社内仕入	2455000.0	4263420.0	1353905.0		31.7	55.1
202607	230K10200	22	仕掛1	0.0	0.0	0.0		0.0	0.0
202607	230K10200	23	総生産	31535000.0	41858766.0	38874857.0		92.8	123.2
202607	230K10200	24	経費合計	34307852.0	48980439.0	59139125.0		120.7	172.3
202607	230K10200	25	経費合計(原価)	22095000.0	34955892.0	46074257.0	77.9	131.8	208.5
202607	230K10200	26	仕掛2	0.0	0.0	0.0	0.0	0.0	0.0
202607	230K10200	27	商品仕入高	12099000.0	19342331.0	15224476.0	33.0	78.7	125.8
202607	230K10200	28	原材料費	0.0	0.0	0.0	0.0	0.0	0.0
202607	230K10200	29	外注加工費	9820400.0	15437961.0	29645181.0	64.3	192.0	301.8
202607	230K10200	30	その他 直接経費	175600.0	175600.0	1204600.0	2.6	685.9	685.9
202607	230K10200	31	他勘定振替高	0.0	0.0	0.0	0.0	0.0	0.0
202607	230K10200	32	経費合計（販管費）	12212852.0	14024547.0	13064868.0	22.0	93.1	106.9
202607	230K10200	33	減価償却費	55000.0	52582.0	52582.0	0.4	100.0	95.6
202607	230K10200	34	車両費	798000.0	800748.0	756668.0	5.7	94.4	94.8
202607	230K10200	35	旅費交通費	0.0	0.0	28214.0	0.2	0.0	0.0
202607	230K10200	36	荷造運搬費	0.0	0.0	0.0	0.0	0.0	0.0
202607	230K10200	37	通信費	97000.0	92407.0	89913.0	0.6	97.3	92.6
202607	230K10200	38	水道光熱費	85000.0	102500.0	69936.0	0.5	68.2	82.2
202607	230K10200	39	動力費	0.0	0.0	0.0	0.0	0.0	0.0
202607	230K10200	40	事務用品費	43000.0	32500.0	28505.0	0.2	87.7	66.2
202607	230K10200	41	消耗品費	15000.0	50000.0	28206.0	0.2	56.4	188.0
202607	230K10200	42	廃棄物処理料	31000.0	31000.0	19824.0	0.1	63.9	63.9
202607	230K10200	43	広告宣伝費	284000.0	197800.0	172536.0	1.3	87.2	60.7
202607	230K10200	44	接待交際費	120000.0	10000.0	10000.0	0.0	100.0	8.3
202607	230K10200	45	研究開発費	0.0	0.0	0.0	0.0	0.0	0.0
202607	230K10200	46	アフターサービス費	0.0	0.0	0.0	0.0	0.0	0.0
202607	230K10200	47	クレーム費	0.0	0.0	124944.0	0.9	0.0	0.0
202607	230K10200	48	賃借料	1083800.0	1083000.0	1083000.0	8.2	100.0	99.9
202607	230K10200	49	賃貸料収入	0.0	0.0	0.0	0.0	0.0	0.0
202607	230K10200	50	修繕費	0.0	175000.0	175000.0	1.3	100.0	0.0
202607	230K10200	51	支払リース料	23000.0	11261.0	11261.0	0.0	100.0	48.9
202607	230K10200	52	保険料	5000.0	5314.0	5314.0	0.0	100.0	106.2
202607	230K10200	53	支払報酬	0.0	0.0	0.0	0.0	0.0	0.0
202607	230K10200	54	販売手数料	0.0	0.0	0.0	0.0	0.0	0.0
202607	230K10200	55	支払手数料	57000.0	206949.0	201179.0	1.5	97.2	352.9
202607	230K10200	56	診断料	0.0	0.0	0.0	0.0	0.0	0.0
202607	230K10200	57	諸会費	13000.0	1000.0	0.0	0.0	0.0	0.0
202607	230K10200	58	会議費	0.0	0.0	0.0	0.0	0.0	0.0
202607	230K10200	59	寄付金	0.0	3000.0	3000.0	0.0	100.0	0.0
202607	230K10200	60	租税公課	5000.0	5000.0	7200.0	0.0	144.0	144.0
202607	230K10200	61	業務委託費	0.0	0.0	0.0	0.0	0.0	0.0
202607	230K10200	62	業務受託収入	0.0	0.0	0.0	0.0	0.0	0.0
202607	230K10200	63	システム管理料	0.0	0.0	0.0	0.0	0.0	0.0
202607	230K10200	64	情報機器利用料	899700.0	914850.0	895900.0	6.8	97.9	99.5
202607	230K10200	65	貸倒金	0.0	0.0	0.0	0.0	0.0	0.0
202607	230K10200	66	雑費	9000.0	9398.0	10416.0	0.0	110.8	115.7
202607	230K10200	67	福利消耗品費	0.0	0.0	0.0	0.0	0.0	0.0
202607	230K10200	68	教育研修費	100000.0	30871.0	2871.0	0.0	9.2	2.8
202607	230K10200	69	廃棄損・減耗損	0.0	0.0	0.0	0.0	0.0	0.0
202607	230K10200	70	雑給	0.0	0.0	0.0	0.0	0.0	0.0
202607	230K10200	71	社内金利（固定資産）	17803.0	17803.0	17403.0	0.1	97.7	97.7
202607	230K10200	72	社内金利（売掛金）	19500.0	19500.0	29499.0	0.2	151.2	151.2
202607	230K10200	73	社内金利（在庫）	66000.0	66000.0	118379.0	0.9	179.3	179.3
202607	230K10200	74	営業口銭①（新築）	0.0	110000.0	110000.0	0.8	100.0	0.0
202607	230K10200	75	営業口銭②（リフォ）	5098500.0	6588327.0	5704310.0	43.6	86.5	111.8
202607	230K10200	76	開発口銭	0.0	0.0	0.0	0.0	0.0	0.0
202607	230K10200	77	部門共通（経費）	2859549.0	2979737.0	2880808.0	22.0	96.6	100.7
202607	230K10200	78	グループ共通	428000.0	428000.0	428000.0	3.2	100.0	100.0
202607	230K10200	79	差引収益	14565648.0	12058654.0	-2881278.0		0.0	0.0
202607	230K10200	80	差引比率	12.0	8.3	-2.3		0.0	0.0
202607	230K10200	81	総時間	4479.25	4423.75	4355.0		98.4	97.2
202607	230K10200	82	定時間	2641.75	2653.0	2585.5	59.3	97.4	97.8
202607	230K10200	83	残業時間	420.0	376.0	388.25	8.9	103.2	92.4
202607	230K10200	84	移動時間	55.0	57.0	56.25	1.2	98.6	102.2
202607	230K10200	85	部門共通（時間）	1362.5	1337.75	1325.0	30.4	99.0	97.2
202607	230K10200	86	当月時間当り	3251.8	2725.8	-661.6		0.0	0.0
202607	230K10200	87	人員	16.0	16.0	16.0		100.0	100.0
202607	230K30101	1	総出荷	33990000.0	46122186.0	40228762.0		87.2	118.3
202607	230K30101	2	社外売	33990000.0	46122186.0	40228762.0	100.0	87.2	118.3
202607	230K30101	3	社内売	0.0	0.0	0.0	0.0	0.0	0.0
202607	230K30101	4	社内仕入	2455000.0	4263420.0	1353905.0		31.7	55.1
202607	230K30101	5	仕掛1	0.0	0.0	0.0		0.0	0.0
202607	230K30101	6	総生産	31535000.0	41858766.0	38874857.0		92.8	123.2
202607	230K30101	7	経費合計	28497580.0	42994349.0	52966806.0		123.1	185.8
202607	230K30101	8	経費合計(原価)	22095000.0	34955892.0	46074257.0	86.9	131.8	208.5
202607	230K30101	9	仕掛2	0.0	0.0	0.0	0.0	0.0	0.0
202607	230K30101	10	商品仕入高	12099000.0	19342331.0	15224476.0	33.0	78.7	125.8
202607	230K30101	11	原材料費	0.0	0.0	0.0	0.0	0.0	0.0
202607	230K30101	12	外注加工費	9820400.0	15437961.0	29645181.0	64.3	192.0	301.8
202607	230K30101	13	その他 直接経費	175600.0	175600.0	1204600.0	2.6	685.9	685.9
202607	230K30101	14	他勘定振替高	0.0	0.0	0.0	0.0	0.0	0.0
202607	230K30101	15	経費合計（販管費）	6402580.0	8038457.0	6892549.0	13.0	85.7	107.6
202607	230K30101	16	減価償却費	0.0	0.0	0.0	0.0	0.0	0.0
202607	230K30101	17	車両費	258000.0	257848.0	233513.0	3.3	90.5	90.5
202607	230K30101	18	旅費交通費	0.0	0.0	0.0	0.0	0.0	0.0
202607	230K30101	19	荷造運搬費	0.0	0.0	0.0	0.0	0.0	0.0
202607	230K30101	20	通信費	11000.0	11191.0	10286.0	0.1	91.9	93.5
202607	230K30101	21	水道光熱費	16000.0	22000.0	13149.0	0.1	59.7	82.1
202607	230K30101	22	動力費	0.0	0.0	0.0	0.0	0.0	0.0
202607	230K30101	23	事務用品費	8000.0	5000.0	3354.0	0.0	67.0	41.9
202607	230K30101	24	消耗品費	5000.0	15000.0	4567.0	0.0	30.4	91.3
202607	230K30101	25	廃棄物処理料	20000.0	20000.0	9824.0	0.1	49.1	49.1
202607	230K30101	26	広告宣伝費	0.0	0.0	0.0	0.0	0.0	0.0
202607	230K30101	27	接待交際費	10000.0	0.0	0.0	0.0	0.0	0.0
202607	230K30101	28	研究開発費	0.0	0.0	0.0	0.0	0.0	0.0
202607	230K30101	29	アフターサービス費	0.0	0.0	0.0	0.0	0.0	0.0
202607	230K30101	30	クレーム費	0.0	0.0	0.0	0.0	0.0	0.0
202607	230K30101	31	賃借料	206000.0	205200.0	205200.0	2.9	100.0	99.6
202607	230K30101	32	賃貸料収入	0.0	0.0	0.0	0.0	0.0	0.0
202607	230K30101	33	修繕費	0.0	35000.0	0.0	0.0	0.0	0.0
202607	230K30101	34	支払リース料	5000.0	2252.0	2252.0	0.0	100.0	45.0
202607	230K30101	35	保険料	1000.0	0.0	0.0	0.0	0.0	0.0
202607	230K30101	36	支払報酬	0.0	0.0	0.0	0.0	0.0	0.0
202607	230K30101	37	販売手数料	0.0	0.0	0.0	0.0	0.0	0.0
202607	230K30101	38	支払手数料	5000.0	1750.0	2950.0	0.0	168.5	59.0
202607	230K30101	39	診断料	0.0	0.0	0.0	0.0	0.0	0.0
202607	230K30101	40	諸会費	0.0	0.0	0.0	0.0	0.0	0.0
202607	230K30101	41	会議費	0.0	0.0	0.0	0.0	0.0	0.0
202607	230K30101	42	寄付金	0.0	0.0	0.0	0.0	0.0	0.0
202607	230K30101	43	租税公課	0.0	0.0	0.0	0.0	0.0	0.0
202607	230K30101	44	業務委託費	0.0	0.0	0.0	0.0	0.0	0.0
202607	230K30101	45	業務受託収入	0.0	0.0	0.0	0.0	0.0	0.0
202607	230K30101	46	システム管理料	0.0	0.0	0.0	0.0	0.0	0.0
202607	230K30101	47	情報機器利用料	165000.0	163410.0	144460.0	2.0	88.4	87.5
202607	230K30101	48	貸倒金	0.0	0.0	0.0	0.0	0.0	0.0
202607	230K30101	49	雑費	2000.0	1484.0	1484.0	0.0	100.0	74.2
202607	230K30101	50	福利消耗品費	0.0	0.0	0.0	0.0	0.0	0.0
202607	230K30101	51	教育研修費	10000.0	0.0	0.0	0.0	0.0	0.0
202607	230K30101	52	廃棄損・減耗損	0.0	0.0	0.0	0.0	0.0	0.0
202607	230K30101	53	雑給	0.0	0.0	0.0	0.0	0.0	0.0
202607	230K30101	54	社内金利（固定資産）	0.0	0.0	0.0	0.0	0.0	0.0
202607	230K30101	55	社内金利（売掛金）	0.0	0.0	0.0	0.0	0.0	0.0
202607	230K30101	56	社内金利（在庫）	0.0	0.0	0.0	0.0	0.0	0.0
202607	230K30101	57	営業口銭①（新築）	0.0	110000.0	110000.0	1.5	100.0	0.0
202607	230K30101	58	営業口銭②（リフォ）	5098500.0	6588327.0	5704310.0	82.7	86.5	111.8
202607	230K30101	59	開発口銭	0.0	0.0	0.0	0.0	0.0	0.0
202607	230K30101	60	部門共通（経費）	506280.0	524195.0	371400.0	5.3	70.8	73.3
202607	230K30101	61	グループ共通	75800.0	75800.0	75800.0	1.0	100.0	100.0
202607	230K30101	62	差引収益	3037420.0	-1135583.0	-14091949.0		0.0	0.0
202607	230K30101	63	差引比率	9.6	-2.7	-36.2		0.0	0.0
202607	230K30101	64	総時間	1127.0	839.25	627.25		74.7	55.6
202607	230K30101	65	定時間	599.25	360.0	323.0	51.4	89.7	53.9
202607	230K30101	66	残業時間	78.5	50.0	54.75	8.7	109.5	69.7
202607	230K30101	67	移動時間	184.0	176.0	0.0	0.0	0.0	0.0
202607	230K30101	68	部門共通（時間）	265.25	253.25	249.5	39.7	98.5	94.0
202607	230K30101	69	当月時間当り	2695.1	-1353.0	-22466.2		0.0	0.0
202607	230K30101	70	人員	3.0	3.0	3.0		100.0	100.0
202607	230C30330	1	総出荷	130000000.0	92904410.0	119125551.0		128.2	91.6
202607	230C30330	2	社外売	0.0	0.0	0.0	0.0	0.0	0.0
202607	230C30330	3	社内売	130000000.0	92904410.0	119125551.0	100.0	128.2	91.6
202607	230C30330	4	社内仕入	15600000.0	7731064.0	6939702.0		89.7	44.4
202607	230C30330	5	仕掛1	0.0	0.0	0.0		0.0	0.0
202607	230C30330	6	総生産	114400000.0	85173346.0	112185849.0		131.7	98.0
202607	230C30330	7	経費合計	107809095.0	58048118.0	75273083.0		129.6	69.8
202607	230C30330	8	経費合計(原価)	105300000.0	55182226.0	72576783.0	96.4	131.5	68.9
202607	230C30330	9	仕掛2	0.0	0.0	0.0	0.0	0.0	0.0
202607	230C30330	10	商品仕入高	55900000.0	31856345.0	47034914.0	64.8	147.6	84.1
202607	230C30330	11	原材料費	49400000.0	23325881.0	25541869.0	35.1	109.5	51.7
202607	230C30330	12	外注加工費	0.0	0.0	0.0	0.0	0.0	0.0
202607	230C30330	13	その他 直接経費	0.0	0.0	0.0	0.0	0.0	0.0
202607	230C30330	14	他勘定振替高	0.0	0.0	0.0	0.0	0.0	0.0
202607	230C30330	15	経費合計（販管費）	2509095.0	2865892.0	2696300.0	3.5	94.0	107.4
202607	230C30330	16	減価償却費	0.0	0.0	0.0	0.0	0.0	0.0
202607	230C30330	17	車両費	69946.0	214000.0	248561.0	9.2	116.1	355.3
202607	230C30330	18	旅費交通費	20000.0	0.0	10908.0	0.4	0.0	54.5
202607	230C30330	19	荷造運搬費	0.0	0.0	940.0	0.0	0.0	0.0
202607	230C30330	20	通信費	19139.0	22000.0	19253.0	0.7	87.5	100.5
202607	230C30330	21	水道光熱費	21350.0	25000.0	15273.0	0.5	61.0	71.5
202607	230C30330	22	動力費	82000.0	59000.0	67622.0	2.5	114.6	82.4
202607	230C30330	23	事務用品費	2000.0	2300.0	2000.0	0.0	86.9	100.0
202607	230C30330	24	消耗品費	139326.0	204000.0	203495.0	7.5	99.7	146.0
202607	230C30330	25	廃棄物処理料	0.0	0.0	0.0	0.0	0.0	0.0
202607	230C30330	26	広告宣伝費	0.0	0.0	0.0	0.0	0.0	0.0
202607	230C30330	27	接待交際費	10000.0	7800.0	0.0	0.0	0.0	0.0
202607	230C30330	28	研究開発費	0.0	0.0	0.0	0.0	0.0	0.0
202607	230C30330	29	アフターサービス費	0.0	0.0	0.0	0.0	0.0	0.0
202607	230C30330	30	クレーム費	0.0	0.0	0.0	0.0	0.0	0.0
202607	230C30330	31	賃借料	634714.0	635304.0	635304.0	23.5	100.0	100.0
202607	230C30330	32	賃貸料収入	0.0	0.0	0.0	0.0	0.0	0.0
202607	230C30330	33	修繕費	0.0	0.0	0.0	0.0	0.0	0.0
202607	230C30330	34	支払リース料	5968.0	5968.0	5968.0	0.2	100.0	100.0
202607	230C30330	35	保険料	15634.0	15634.0	15634.0	0.5	100.0	100.0
202607	230C30330	36	支払報酬	0.0	0.0	0.0	0.0	0.0	0.0
202607	230C30330	37	販売手数料	0.0	0.0	0.0	0.0	0.0	0.0
202607	230C30330	38	支払手数料	33000.0	33000.0	33000.0	1.2	100.0	100.0
202607	230C30330	39	診断料	0.0	0.0	0.0	0.0	0.0	0.0
202607	230C30330	40	諸会費	500.0	500.0	500.0	0.0	100.0	100.0
202607	230C30330	41	会議費	0.0	0.0	0.0	0.0	0.0	0.0
202607	230C30330	42	寄付金	0.0	0.0	0.0	0.0	0.0	0.0
202607	230C30330	43	租税公課	0.0	0.0	0.0	0.0	0.0	0.0
202607	230C30330	44	業務委託費	0.0	0.0	0.0	0.0	0.0	0.0
202607	230C30330	45	業務受託収入	0.0	0.0	0.0	0.0	0.0	0.0
202607	230C30330	46	システム管理料	0.0	0.0	0.0	0.0	0.0	0.0
202607	230C30330	47	情報機器利用料	440690.0	459640.0	459640.0	17.0	100.0	104.3
202607	230C30330	48	貸倒金	0.0	0.0	0.0	0.0	0.0	0.0
202607	230C30330	49	雑費	2858.0	3500.0	2656.0	0.0	75.8	92.9
202607	230C30330	50	福利消耗品費	0.0	0.0	5880.0	0.2	0.0	0.0
202607	230C30330	51	教育研修費	0.0	0.0	1721.0	0.0	0.0	0.0
202607	230C30330	52	廃棄損・減耗損	0.0	0.0	0.0	0.0	0.0	0.0
202607	230C30330	53	雑給	0.0	0.0	0.0	0.0	0.0	0.0
202607	230C30330	54	社内金利（固定資産）	0.0	0.0	0.0	0.0	0.0	0.0
202607	230C30330	55	社内金利（売掛金）	0.0	0.0	0.0	0.0	0.0	0.0
202607	230C30330	56	社内金利（在庫）	244000.0	373254.0	354779.0	13.1	95.0	145.4
202607	230C30330	57	営業口銭①（新築）	0.0	0.0	0.0	0.0	0.0	0.0
202607	230C30330	58	営業口銭②（リフォ）	0.0	0.0	0.0	0.0	0.0	0.0
202607	230C30330	59	開発口銭	0.0	0.0	0.0	0.0	0.0	0.0
202607	230C30330	60	部門共通（経費）	566570.0	603592.0	411766.0	15.2	68.2	72.6
202607	230C30330	61	グループ共通	201400.0	201400.0	201400.0	7.4	100.0	100.0
202607	230C30330	62	差引収益	6590905.0	27125228.0	36912766.0		136.0	560.0
202607	230C30330	63	差引比率	5.7	31.8	32.9		103.4	577.1
202607	230C30330	64	総時間	2122.75	2102.75	2044.0		97.2	96.2
202607	230C30330	65	定時間	1552.0	1563.5	1514.75	74.1	96.8	97.5
202607	230C30330	66	残業時間	111.0	86.5	80.5	3.9	93.0	72.5
202607	230C30330	67	移動時間	82.25	82.25	82.25	4.0	100.0	100.0
202607	230C30330	68	部門共通（時間）	377.5	370.5	366.5	17.9	98.9	97.0
202607	230C30330	69	当月時間当り	3104.8	12899.8	18059.0		139.9	581.6
202607	230C30330	70	人員	9.0	9.0	9.0		100.0	100.0
202607	230K10300	1	総出荷	0.0	0.0	0.0		0.0	0.0
202607	230K10300	2	社外売	0.0	0.0	0.0	0.0	0.0	0.0
202607	230K10300	3	社内売	0.0	0.0	0.0	0.0	0.0	0.0
202607	230K10300	4	社内仕入	0.0	0.0	0.0		0.0	0.0
202607	230K10300	5	仕掛1	0.0	0.0	0.0		0.0	0.0
202607	230K10300	6	総生産	0.0	0.0	0.0		0.0	0.0
202607	230K10300	7	経費合計	0.0	0.0	0.0		0.0	0.0
202607	230K10300	8	経費合計(原価)	0.0	0.0	0.0	0.0	0.0	0.0
202607	230K10300	9	仕掛2	0.0	0.0	0.0	0.0	0.0	0.0
202607	230K10300	10	商品仕入高	0.0	0.0	0.0	0.0	0.0	0.0
202607	230K10300	11	原材料費	0.0	0.0	0.0	0.0	0.0	0.0
202607	230K10300	12	外注加工費	0.0	0.0	0.0	0.0	0.0	0.0
202607	230K10300	13	その他 直接経費	0.0	0.0	0.0	0.0	0.0	0.0
202607	230K10300	14	他勘定振替高	0.0	0.0	0.0	0.0	0.0	0.0
202607	230K10300	15	経費合計（販管費）	0.0	0.0	0.0	0.0	0.0	0.0
202607	230K10300	16	減価償却費	0.0	0.0	0.0	0.0	0.0	0.0
202607	230K10300	17	車両費	131103.0	120403.0	115242.0	0.0	95.7	87.9
202607	230K10300	18	旅費交通費	12000.0	12000.0	15016.0	0.0	125.1	125.1
202607	230K10300	19	荷造運搬費	0.0	0.0	0.0	0.0	0.0	0.0
202607	230K10300	20	通信費	8980.0	7636.0	10191.0	0.0	133.4	113.4
202607	230K10300	21	水道光熱費	5288.0	5288.0	4409.0	0.0	83.3	83.3
202607	230K10300	22	動力費	0.0	0.0	0.0	0.0	0.0	0.0
202607	230K10300	23	事務用品費	3554.0	3554.0	1126.0	0.0	31.6	31.6
202607	230K10300	24	消耗品費	2460.0	2460.0	0.0	0.0	0.0	0.0
202607	230K10300	25	廃棄物処理料	0.0	0.0	0.0	0.0	0.0	0.0
202607	230K10300	26	広告宣伝費	0.0	0.0	0.0	0.0	0.0	0.0
202607	230K10300	27	接待交際費	10000.0	10000.0	10000.0	0.0	100.0	100.0
202607	230K10300	28	研究開発費	0.0	0.0	0.0	0.0	0.0	0.0
202607	230K10300	29	アフターサービス費	0.0	0.0	0.0	0.0	0.0	0.0
202607	230K10300	30	クレーム費	0.0	0.0	0.0	0.0	0.0	0.0
202607	230K10300	31	賃借料	68400.0	68400.0	68400.0	0.0	100.0	100.0
202607	230K10300	32	賃貸料収入	0.0	0.0	0.0	0.0	0.0	0.0
202607	230K10300	33	修繕費	0.0	0.0	0.0	0.0	0.0	0.0
202607	230K10300	34	支払リース料	0.0	0.0	0.0	0.0	0.0	0.0
202607	230K10300	35	保険料	282.0	282.0	0.0	0.0	0.0	0.0
202607	230K10300	36	支払報酬	0.0	0.0	0.0	0.0	0.0	0.0
202607	230K10300	37	販売手数料	0.0	0.0	0.0	0.0	0.0	0.0
202607	230K10300	38	支払手数料	583.0	583.0	583.0	0.0	100.0	100.0
202607	230K10300	39	診断料	0.0	0.0	0.0	0.0	0.0	0.0
202607	230K10300	40	諸会費	10000.0	10000.0	10000.0	0.0	100.0	100.0
202607	230K10300	41	会議費	0.0	0.0	0.0	0.0	0.0	0.0
202607	230K10300	42	寄付金	0.0	0.0	0.0	0.0	0.0	0.0
202607	230K10300	43	租税公課	0.0	0.0	0.0	0.0	0.0	0.0
202607	230K10300	44	業務委託費	0.0	0.0	0.0	0.0	0.0	0.0
202607	230K10300	45	業務受託収入	0.0	0.0	0.0	0.0	0.0	0.0
202607	230K10300	46	システム管理料	0.0	0.0	0.0	0.0	0.0	0.0
202607	230K10300	47	情報機器利用料	231080.0	235712.0	209512.0	0.0	88.8	90.6
202607	230K10300	48	貸倒金	0.0	0.0	0.0	0.0	0.0	0.0
202607	230K10300	49	雑費	527.0	527.0	499.0	0.0	94.6	94.6
202607	230K10300	50	福利消耗品費	0.0	0.0	0.0	0.0	0.0	0.0
202607	230K10300	51	教育研修費	10000.0	10000.0	0.0	0.0	0.0	0.0
202607	230K10300	52	廃棄損・減耗損	0.0	0.0	0.0	0.0	0.0	0.0
202607	230K10300	53	雑給	0.0	0.0	0.0	0.0	0.0	0.0
202607	230K10300	54	社内金利（固定資産）	0.0	0.0	0.0	0.0	0.0	0.0
202607	230K10300	55	社内金利（売掛金）	0.0	0.0	0.0	0.0	0.0	0.0
202607	230K10300	56	社内金利（在庫）	0.0	0.0	0.0	0.0	0.0	0.0
202607	230K10300	57	営業口銭①（新築）	0.0	0.0	0.0	0.0	0.0	0.0
202607	230K10300	58	営業口銭②（リフォ）	0.0	0.0	0.0	0.0	0.0	0.0
202607	230K10300	59	開発口銭	0.0	0.0	0.0	0.0	0.0	0.0
202607	230K10300	60	部門共通（経費）	-619857.0	-612445.0	-570578.0	0.0	0.0	0.0
202607	230K10300	61	グループ共通	125600.0	125600.0	125600.0	0.0	100.0	100.0
202607	230K10300	62	差引収益	0.0	0.0	0.0		0.0	0.0
202607	230K10300	63	差引比率	0.0	0.0	0.0		0.0	0.0
202607	230K10300	64	総時間	0.0	0.0	0.0		0.0	0.0
202607	230K10300	65	定時間	736.0	732.0	722.5	0.0	98.7	98.1
202607	230K10300	66	残業時間	85.0	85.0	97.0	0.0	114.1	114.1
202607	230K10300	67	移動時間	9.5	9.5	4.5	0.0	47.3	47.3
202607	230K10300	68	部門共通（時間）	-830.5	-826.5	-824.0	0.0	0.0	0.0
202607	230K10300	69	当月時間当り	0.0	0.0	0.0		0.0	0.0
202607	230K10300	70	人員	4.0	4.0	4.0		100.0	100.0
202607	230B50100	1	総出荷	0.0	0.0	0.0		0.0	0.0
202607	230B50100	2	社外売	0.0	0.0	0.0	0.0	0.0	0.0
202607	230B50100	3	社内売	0.0	0.0	0.0	0.0	0.0	0.0
202607	230B50100	4	社内仕入	0.0	0.0	0.0		0.0	0.0
202607	230B50100	5	仕掛1	0.0	0.0	0.0		0.0	0.0
202607	230B50100	6	総生産	0.0	0.0	0.0		0.0	0.0
202607	230B50100	7	経費合計	0.0	0.0	0.0		0.0	0.0
202607	230B50100	8	経費合計(原価)	0.0	0.0	-267571.0	0.0	0.0	0.0
202607	230B50100	9	仕掛2	0.0	0.0	0.0	0.0	0.0	0.0
202607	230B50100	10	商品仕入高	0.0	0.0	0.0	0.0	0.0	0.0
202607	230B50100	11	原材料費	0.0	0.0	0.0	0.0	0.0	0.0
202607	230B50100	12	外注加工費	0.0	0.0	0.0	0.0	0.0	0.0
202607	230B50100	13	その他 直接経費	0.0	0.0	0.0	0.0	0.0	0.0
202607	230B50100	14	他勘定振替高	0.0	0.0	-267571.0	0.0	0.0	0.0
202607	230B50100	15	経費合計（販管費）	0.0	0.0	267571.0	0.0	0.0	0.0
202607	230B50100	16	減価償却費	1065500.0	1164500.0	1168925.0	436.8	100.3	109.7
202607	230B50100	17	車両費	108500.0	108500.0	114493.0	42.7	105.5	105.5
202607	230B50100	18	旅費交通費	229000.0	164000.0	160141.0	59.8	97.6	69.9
202607	230B50100	19	荷造運搬費	1000.0	1000.0	0.0	0.0	0.0	0.0
202607	230B50100	20	通信費	17000.0	17000.0	16738.0	6.2	98.4	98.4
202607	230B50100	21	水道光熱費	24000.0	24000.0	20145.0	7.5	83.9	83.9
202607	230B50100	22	動力費	0.0	0.0	0.0	0.0	0.0	0.0
202607	230B50100	23	事務用品費	5500.0	4000.0	2598.0	0.9	64.9	47.2
202607	230B50100	24	消耗品費	6000.0	273500.0	1585.0	0.5	0.5	26.4
202607	230B50100	25	廃棄物処理料	700.0	700.0	670.0	0.2	95.7	95.7
202607	230B50100	26	広告宣伝費	0.0	0.0	0.0	0.0	0.0	0.0
202607	230B50100	27	接待交際費	30000.0	30000.0	21955.0	8.2	73.1	73.1
202607	230B50100	28	研究開発費	0.0	0.0	0.0	0.0	0.0	0.0
202607	230B50100	29	アフターサービス費	0.0	0.0	0.0	0.0	0.0	0.0
202607	230B50100	30	クレーム費	0.0	0.0	0.0	0.0	0.0	0.0
202607	230B50100	31	賃借料	255500.0	255500.0	255460.0	95.4	99.9	99.9
202607	230B50100	32	賃貸料収入	-90000.0	-90000.0	-90000.0	0.0	0.0	0.0
202607	230B50100	33	修繕費	0.0	0.0	0.0	0.0	0.0	0.0
202607	230B50100	34	支払リース料	2000.0	2000.0	1892.0	0.7	94.6	94.6
202607	230B50100	35	保険料	0.0	0.0	0.0	0.0	0.0	0.0
202607	230B50100	36	支払報酬	70000.0	70000.0	20000.0	7.4	28.5	28.5
202607	230B50100	37	販売手数料	0.0	0.0	0.0	0.0	0.0	0.0
202607	230B50100	38	支払手数料	800.0	800.0	77183.0	28.8		
202607	230B50100	39	診断料	0.0	0.0	0.0	0.0	0.0	0.0
202607	230B50100	40	諸会費	6100.0	6100.0	5294.0	1.9	86.7	86.7
202607	230B50100	41	会議費	2000.0	2000.0	0.0	0.0	0.0	0.0
202607	230B50100	42	寄付金	0.0	0.0	0.0	0.0	0.0	0.0
202607	230B50100	43	租税公課	79000.0	79000.0	0.0	0.0	0.0	0.0
202607	230B50100	44	業務委託費	40000.0	40000.0	40000.0	14.9	100.0	100.0
202607	230B50100	45	業務受託収入	0.0	0.0	0.0	0.0	0.0	0.0
202607	230B50100	46	システム管理料	0.0	0.0	0.0	0.0	0.0	0.0
202607	230B50100	47	情報機器利用料	352000.0	329000.0	328754.0	122.8	99.9	93.3
202607	230B50100	48	貸倒金	0.0	0.0	0.0	0.0	0.0	0.0
202607	230B50100	49	雑費	1000.0	1000.0	913.0	0.3	91.3	91.3
202607	230B50100	50	福利消耗品費	0.0	0.0	664.0	0.2	0.0	0.0
202607	230B50100	51	教育研修費	11500.0	1500.0	1134.0	0.4	75.6	9.8
202607	230B50100	52	廃棄損・減耗損	0.0	0.0	0.0	0.0	0.0	0.0
202607	230B50100	53	雑給	0.0	0.0	0.0	0.0	0.0	0.0
202607	230B50100	54	社内金利（固定資産）	225000.0	220500.0	221371.0	82.7	100.3	98.3
202607	230B50100	55	社内金利（売掛金）	0.0	0.0	0.0	0.0	0.0	0.0
202607	230B50100	56	社内金利（在庫）	0.0	0.0	0.0	0.0	0.0	0.0
202607	230B50100	57	営業口銭①（新築）	0.0	0.0	0.0	0.0	0.0	0.0
202607	230B50100	58	営業口銭②（リフォ）	0.0	0.0	0.0	0.0	0.0	0.0
202607	230B50100	59	開発口銭	0.0	0.0	0.0	0.0	0.0	0.0
202607	230B50100	60	部門共通（経費）	-2592900.0	-2855400.0	-2253144.0	0.0	0.0	0.0
202607	230B50100	61	グループ共通	150800.0	150800.0	150800.0	56.3	100.0	100.0
202607	230B50100	62	差引収益	0.0	0.0	0.0		0.0	0.0
202607	230B50100	63	差引比率	0.0	0.0	0.0		0.0	0.0
202607	230B50100	64	総時間	0.0	0.0	0.0		0.0	0.0
202607	230B50100	65	定時間	1129.0	1105.0	1121.25	0.0	101.4	99.3
202607	230B50100	66	残業時間	135.0	139.0	126.25	0.0	90.8	93.5
202607	230B50100	67	移動時間	-218.25	-218.25	-218.25	0.0	0.0	0.0
202607	230B50100	68	部門共通（時間）	-1045.75	-1025.75	-1029.25	0.0	0.0	0.0
202607	230B50100	69	当月時間当り	0.0	0.0	0.0		0.0	0.0
202607	230B50100	70	人員	7.0	7.0	7.0		100.0	100.0
202607	100A10200	1	総受注高	148500000.0	123962165.0	100791511.0		81.3	67.8
202607	100A10200	2	【新築】受注高	54000000.0	27300000.0	27970000.0	27.7	102.4	51.7
202607	100A10200	3	【リフォ】受注高	59000000.0	61162165.0	32121800.0	31.8	52.5	54.4
202607	100A10200	4	【資材】受注高	35500000.0	35500000.0	40699711.0	40.3	114.6	114.6
202607	100A10200	5	総売上高	87500000.0	106999228.0	113992148.0		106.5	130.2
202607	100A10200	6	【新築】売上高	18000000.0	51400000.0	51160000.0	44.8	99.5	284.2
202607	100A10200	7	【リフォ】売上高	34000000.0	20099228.0	20320753.0	17.8	101.1	59.7
202607	100A10200	8	【資材】売上高	35500000.0	35500000.0	42716732.0	37.4	120.3	120.3
202607	100A10200	9	【新築】インセンティブ	0.0	0.0	0.0	0.0	0.0	0.0
202607	100A10200	10	【リフォ】インセンティブ	0.0	0.0	0.0	0.0	0.0	0.0
202607	100A10200	11	【資材】インセンティブ	0.0	0.0	-205337.0	0.0	0.0	0.0
202607	100A10200	12	収益①（営業口銭）	6000000.0	5584884.0	5606112.0		100.3	93.4
202607	100A10200	13	【新築】収益①(営業口銭)	900000.0	2570000.0	2558000.0		99.5	284.2
202607	100A10200	14	【リフォ】収益①(営業口銭)	5100000.0	3014884.0	3048112.0		101.1	59.7
202607	100A10200	15	【資材】売上原価	29465000.0	29465000.0	34020698.0		115.4	115.4
202607	100A10200	16	収益②（資材）	6035000.0	6035000.0	8490697.0		140.6	140.6
202607	100A10200	17	総収益	12035000.0	11619884.0	14096809.0		121.3	117.1
202607	100A10200	18	経費合計	5460529.0	5515058.0	5506830.0		99.8	100.8
202607	100A10200	19	減価償却費	34950.0	34950.0	34950.0	0.6	100.0	100.0
202607	100A10200	20	車両費	570000.0	461441.0	569124.0	10.3	123.3	99.8
202607	100A10200	21	旅費交通費	600000.0	600000.0	382564.0	6.9	63.7	63.7
202607	100A10200	22	荷造運搬費	25000.0	25000.0	51162.0	0.9	204.6	204.6
202607	100A10200	23	通信費	95000.0	95000.0	78929.0	1.4	83.0	83.0
202607	100A10200	24	水道光熱費	95000.0	95000.0	74995.0	1.3	78.9	78.9
202607	100A10200	25	動力費	0.0	0.0	0.0	0.0	0.0	0.0
202607	100A10200	26	事務用品費	28500.0	28500.0	17668.0	0.3	61.9	61.9
202607	100A10200	27	消耗品費	24000.0	24000.0	13048.0	0.2	54.3	54.3
202607	100A10200	28	廃棄物処理料	0.0	0.0	-23983.0	0.0	0.0	0.0
202607	100A10200	29	広告宣伝費	15000.0	15000.0	0.0	0.0	0.0	0.0
202607	100A10200	30	接待交際費	60000.0	60000.0	26039.0	0.4	43.3	43.3
202607	100A10200	31	研究開発費	0.0	0.0	0.0	0.0	0.0	0.0
202607	100A10200	32	アフターサービス費	0.0	0.0	0.0	0.0	0.0	0.0
202607	100A10200	33	クレーム費	0.0	0.0	123268.0	2.2	0.0	0.0
202607	100A10200	34	賃借料	660350.0	663603.0	755100.0	13.7	113.7	114.3
202607	100A10200	35	賃貸料収入	-71385.0	-78179.0	-86475.0	0.0	0.0	0.0
202607	100A10200	36	修繕費	0.0	0.0	0.0	0.0	0.0	0.0
202607	100A10200	37	支払リース料	0.0	0.0	0.0	0.0	0.0	0.0
202607	100A10200	38	保険料	1308.0	1308.0	1308.0	0.0	100.0	100.0
202607	100A10200	39	支払報酬	0.0	0.0	0.0	0.0	0.0	0.0
202607	100A10200	40	販売手数料	0.0	0.0	0.0	0.0	0.0	0.0
202607	100A10200	41	支払手数料	40000.0	40000.0	72827.0	1.3	182.0	182.0
202607	100A10200	42	診断料	0.0	0.0	0.0	0.0	0.0	0.0
202607	100A10200	43	諸会費	20000.0	20000.0	6575.0	0.1	32.8	32.8
202607	100A10200	44	会議費	0.0	0.0	0.0	0.0	0.0	0.0
202607	100A10200	45	寄付金	0.0	0.0	0.0	0.0	0.0	0.0
202607	100A10200	46	租税公課	13000.0	13000.0	16400.0	0.2	126.1	126.1
202607	100A10200	47	業務委託費	0.0	0.0	0.0	0.0	0.0	0.0
202607	100A10200	48	業務受託収入	0.0	0.0	0.0	0.0	0.0	0.0
202607	100A10200	49	システム管理料	0.0	0.0	0.0	0.0	0.0	0.0
202607	100A10200	50	情報機器利用料	563750.0	601060.0	608430.0	11.0	101.2	107.9
202607	100A10200	51	貸倒金	0.0	0.0	0.0	0.0	0.0	0.0
202607	100A10200	52	雑費	15000.0	15000.0	5362.0	0.0	35.7	35.7
202607	100A10200	53	福利消耗品費	5000.0	5000.0	0.0	0.0	0.0	0.0
202607	100A10200	54	教育研修費	20000.0	20000.0	19211.0	0.3	96.0	96.0
202607	100A10200	55	廃棄損・減耗損	0.0	0.0	0.0	0.0	0.0	0.0
202607	100A10200	56	雑給	0.0	0.0	0.0	0.0	0.0	0.0
202607	100A10200	57	社内金利（固定資産）	13000.0	13000.0	10633.0	0.1	81.7	81.7
202607	100A10200	58	社内金利（売掛金）	20000.0	20000.0	10103.0	0.1	50.5	50.5
202607	100A10200	59	社内金利（在庫）	10000.0	10000.0	14281.0	0.2	142.8	142.8
202607	100A10200	60	開発口銭	0.0	0.0	0.0	0.0	0.0	0.0
202607	100A10200	61	部門共通（経費）	2376456.0	2505775.0	2498711.0	45.3	99.7	105.1
202607	100A10200	62	グループ共通	226600.0	226600.0	226600.0	4.1	100.0	100.0
202607	100A10200	63	差引収益	6574471.0	6104826.0	8589979.0		140.7	130.6
202607	100A10200	64	差引比率	7.5	5.7	7.5		131.5	100.0
202607	100A10200	65	総時間	3017.5	3003.25	3009.25		100.1	99.7
202607	100A10200	66	定時間	1840.0	1840.0	1806.5	60.0	98.1	98.1
202607	100A10200	67	残業時間	314.0	314.0	360.5	11.9	114.8	114.8
202607	100A10200	68	移動時間	-302.0	-302.0	-302.0	0.0	0.0	0.0
202607	100A10200	69	部門共通（時間）	1165.5	1151.25	1144.25	38.0	99.3	98.1
202607	100A10200	70	当月時間当り	2178.7	2032.7	2854.5		140.4	131.0
202607	100A10200	71	人員	10.0	10.0	10.0		100.0	100.0
202607	100A10300	1	総受注高	148500000.0	123962165.0	100791511.0		81.3	67.8
202607	100A10300	2	【新築】受注高	54000000.0	27300000.0	27970000.0	27.7	102.4	51.7
202607	100A10300	3	【リフォ】受注高	59000000.0	61162165.0	32121800.0	31.8	52.5	54.4
202607	100A10300	4	【資材】受注高	35500000.0	35500000.0	40699711.0	40.3	114.6	114.6
202607	100A10300	5	総売上高	87500000.0	106999228.0	113992148.0		106.5	130.2
202607	100A10300	6	【新築】売上高	18000000.0	51400000.0	51160000.0	44.8	99.5	284.2
202607	100A10300	7	【リフォ】売上高	34000000.0	20099228.0	20320753.0	17.8	101.1	59.7
202607	100A10300	8	【資材】売上高	35500000.0	35500000.0	42716732.0	37.4	120.3	120.3
202607	100A10300	9	【新築】インセンティブ	0.0	0.0	0.0	0.0	0.0	0.0
202607	100A10300	10	【リフォ】インセンティブ	0.0	0.0	0.0	0.0	0.0	0.0
202607	100A10300	11	【資材】インセンティブ	0.0	0.0	-205337.0	0.0	0.0	0.0
202607	100A10300	12	収益①（営業口銭）	6000000.0	5584884.0	5606112.0		100.3	93.4
202607	100A10300	13	【新築】収益①(営業口銭)	900000.0	2570000.0	2558000.0		99.5	284.2
202607	100A10300	14	【リフォ】収益①(営業口銭)	5100000.0	3014884.0	3048112.0		101.1	59.7
202607	100A10300	15	【資材】売上原価	29465000.0	29465000.0	34020698.0		115.4	115.4
202607	100A10300	16	収益②（資材）	6035000.0	6035000.0	8490697.0		140.6	140.6
202607	100A10300	17	総収益	12035000.0	11619884.0	14096809.0		121.3	117.1
202607	100A10300	18	総出荷	52000000.0	71499228.0	71480753.0		99.9	137.4
202607	100A10300	19	社外売	52000000.0	71499228.0	71480753.0	100.0	99.9	137.4
202607	100A10300	20	社内売	0.0	0.0	0.0	0.0	0.0	0.0
202607	100A10300	21	社内仕入	30598854.0	71222668.0	69369616.0		97.3	226.7
202607	100A10300	22	仕掛1	0.0	0.0	0.0		0.0	0.0
202607	100A10300	23	総生産	21401146.0	276560.0	2111137.0		763.3	9.8
202607	100A10300	24	経費合計	227216592.0	127125182.0	79665339.0		62.6	35.0
202607	100A10300	25	経費合計(原価)	214505686.0	114659930.0	67237138.0	84.3	58.6	31.3
202607	100A10300	26	仕掛2	0.0	0.0	0.0	0.0	0.0	0.0
202607	100A10300	27	商品仕入高	142910430.0	71002283.0	43324103.0	64.4	61.0	30.3
202607	100A10300	28	原材料費	0.0	0.0	0.0	0.0	0.0	0.0
202607	100A10300	29	外注加工費	71415256.0	43477647.0	22521991.0	33.4	51.8	31.5
202607	100A10300	30	その他 直接経費	180000.0	180000.0	1391044.0	2.0	772.8	772.8
202607	100A10300	31	他勘定振替高	0.0	0.0	0.0	0.0	0.0	0.0
202607	100A10300	32	経費合計（販管費）	12710906.0	12465252.0	12428201.0	15.6	99.7	97.7
202607	100A10300	33	減価償却費	34950.0	34950.0	34950.0	0.2	100.0	100.0
202607	100A10300	34	車両費	784658.0	771441.0	971409.0	7.8	125.9	123.8
202607	100A10300	35	旅費交通費	750000.0	750000.0	492845.0	3.9	65.7	65.7
202607	100A10300	36	荷造運搬費	25000.0	25000.0	51162.0	0.4	204.6	204.6
202607	100A10300	37	通信費	106000.0	106000.0	90112.0	0.7	85.0	85.0
202607	100A10300	38	水道光熱費	107000.0	107000.0	87581.0	0.7	81.8	81.8
202607	100A10300	39	動力費	0.0	0.0	0.0	0.0	0.0	0.0
202607	100A10300	40	事務用品費	32000.0	32000.0	19103.0	0.1	59.6	59.6
202607	100A10300	41	消耗品費	30000.0	30000.0	14641.0	0.1	48.8	48.8
202607	100A10300	42	廃棄物処理料	0.0	0.0	-23983.0	0.0	0.0	0.0
202607	100A10300	43	広告宣伝費	15000.0	15000.0	0.0	0.0	0.0	0.0
202607	100A10300	44	接待交際費	60000.0	60000.0	26039.0	0.2	43.3	43.3
202607	100A10300	45	研究開発費	0.0	0.0	0.0	0.0	0.0	0.0
202607	100A10300	46	アフターサービス費	0.0	0.0	0.0	0.0	0.0	0.0
202607	100A10300	47	クレーム費	0.0	0.0	123268.0	0.9	0.0	0.0
202607	100A10300	48	賃借料	718350.0	723103.0	814600.0	6.5	112.6	113.3
202607	100A10300	49	賃貸料収入	-80000.0	-83959.0	-92255.0	0.0	0.0	0.0
202607	100A10300	50	修繕費	0.0	0.0	0.0	0.0	0.0	0.0
202607	100A10300	51	支払リース料	0.0	0.0	0.0	0.0	0.0	0.0
202607	100A10300	52	保険料	1308.0	1308.0	1308.0	0.0	100.0	100.0
202607	100A10300	53	支払報酬	0.0	0.0	0.0	0.0	0.0	0.0
202607	100A10300	54	販売手数料	0.0	0.0	0.0	0.0	0.0	0.0
202607	100A10300	55	支払手数料	44307.0	43452.0	75581.0	0.6	173.9	170.5
202607	100A10300	56	診断料	0.0	0.0	0.0	0.0	0.0	0.0
202607	100A10300	57	諸会費	20000.0	20000.0	6575.0	0.0	32.8	32.8
202607	100A10300	58	会議費	0.0	0.0	0.0	0.0	0.0	0.0
202607	100A10300	59	寄付金	0.0	0.0	0.0	0.0	0.0	0.0
202607	100A10300	60	租税公課	13000.0	13000.0	16400.0	0.1	126.1	126.1
202607	100A10300	61	業務委託費	0.0	0.0	0.0	0.0	0.0	0.0
202607	100A10300	62	業務受託収入	0.0	0.0	0.0	0.0	0.0	0.0
202607	100A10300	63	システム管理料	0.0	0.0	0.0	0.0	0.0	0.0
202607	100A10300	64	情報機器利用料	706290.0	743600.0	750970.0	6.0	100.9	106.3
202607	100A10300	65	貸倒金	0.0	0.0	0.0	0.0	0.0	0.0
202607	100A10300	66	雑費	15000.0	15000.0	5362.0	0.0	35.7	35.7
202607	100A10300	67	福利消耗品費	5000.0	5000.0	0.0	0.0	0.0	0.0
202607	100A10300	68	教育研修費	20374.0	20478.0	19689.0	0.1	96.1	96.6
202607	100A10300	69	廃棄損・減耗損	0.0	0.0	0.0	0.0	0.0	0.0
202607	100A10300	70	雑給	0.0	0.0	0.0	0.0	0.0	0.0
202607	100A10300	71	社内金利（固定資産）	13000.0	13000.0	10633.0	0.0	81.7	81.7
202607	100A10300	72	社内金利（売掛金）	20000.0	20000.0	10103.0	0.0	50.5	50.5
202607	100A10300	73	社内金利（在庫）	10000.0	10000.0	14281.0	0.1	142.8	142.8
202607	100A10300	74	営業口銭①（新築）	900000.0	2570000.0	2558000.0	20.5	99.5	284.2
202607	100A10300	75	営業口銭②（リフォ）	5100000.0	3014884.0	3048112.0	24.5	101.1	59.7
202607	100A10300	76	開発口銭	0.0	0.0	0.0	0.0	0.0	0.0
202607	100A10300	77	部門共通（経費）	2957269.0	3102595.0	2999315.0	24.1	96.6	101.4
202607	100A10300	78	グループ共通	302400.0	302400.0	302400.0	2.4	100.0	100.0
202607	100A10300	79	差引収益	-193780446.0	-115228738.0	-63457393.0		0.0	0.0
202607	100A10300	80	差引比率	-177.9	-107.4	-54.6		0.0	0.0
202607	100A10300	81	総時間	4199.25	4177.0	4054.0		97.0	96.5
202607	100A10300	82	定時間	2208.0	2208.0	2054.5	50.6	93.0	93.0
202607	100A10300	83	残業時間	383.0	383.0	423.25	10.4	110.5	110.5
202607	100A10300	84	移動時間	20.0	20.0	20.0	0.4	100.0	100.0
202607	100A10300	85	部門共通（時間）	1588.25	1566.0	1556.25	38.3	99.3	97.9
202607	100A10300	86	当月時間当り	-46146.4	-27586.4	-15653.0		0.0	0.0
202607	100A10300	87	人員	12.0	12.0	12.0		100.0	100.0
202607	100A30101	1	総出荷	52000000.0	71499228.0	71480753.0		99.9	137.4
202607	100A30101	2	社外売	52000000.0	71499228.0	71480753.0	100.0	99.9	137.4
202607	100A30101	3	社内売	0.0	0.0	0.0	0.0	0.0	0.0
202607	100A30101	4	社内仕入	30598854.0	71222668.0	69369616.0		97.3	226.7
202607	100A30101	5	仕掛1	0.0	0.0	0.0		0.0	0.0
202607	100A30101	6	総生産	21401146.0	276560.0	2111137.0		763.3	9.8
202607	100A30101	7	経費合計	221756063.0	121610124.0	74158509.0		60.9	33.4
202607	100A30101	8	経費合計(原価)	214505686.0	114659930.0	67237138.0	90.6	58.6	31.3
202607	100A30101	9	仕掛2	0.0	0.0	0.0	0.0	0.0	0.0
202607	100A30101	10	商品仕入高	142910430.0	71002283.0	43324103.0	64.4	61.0	30.3
202607	100A30101	11	原材料費	0.0	0.0	0.0	0.0	0.0	0.0
202607	100A30101	12	外注加工費	71415256.0	43477647.0	22521991.0	33.4	51.8	31.5
202607	100A30101	13	その他 直接経費	180000.0	180000.0	1391044.0	2.0	772.8	772.8
202607	100A30101	14	他勘定振替高	0.0	0.0	0.0	0.0	0.0	0.0
202607	100A30101	15	経費合計（販管費）	7250377.0	6950194.0	6921371.0	9.3	99.5	95.4
202607	100A30101	16	減価償却費	0.0	0.0	0.0	0.0	0.0	0.0
202607	100A30101	17	車両費	214658.0	310000.0	402285.0	5.8	129.7	187.4
202607	100A30101	18	旅費交通費	150000.0	150000.0	110281.0	1.5	73.5	73.5
202607	100A30101	19	荷造運搬費	0.0	0.0	0.0	0.0	0.0	0.0
202607	100A30101	20	通信費	11000.0	11000.0	11183.0	0.1	101.6	101.6
202607	100A30101	21	水道光熱費	12000.0	12000.0	12586.0	0.1	104.8	104.8
202607	100A30101	22	動力費	0.0	0.0	0.0	0.0	0.0	0.0
202607	100A30101	23	事務用品費	3500.0	3500.0	1435.0	0.0	41.0	41.0
202607	100A30101	24	消耗品費	6000.0	6000.0	1593.0	0.0	26.5	26.5
202607	100A30101	25	廃棄物処理料	0.0	0.0	0.0	0.0	0.0	0.0
202607	100A30101	26	広告宣伝費	0.0	0.0	0.0	0.0	0.0	0.0
202607	100A30101	27	接待交際費	0.0	0.0	0.0	0.0	0.0	0.0
202607	100A30101	28	研究開発費	0.0	0.0	0.0	0.0	0.0	0.0
202607	100A30101	29	アフターサービス費	0.0	0.0	0.0	0.0	0.0	0.0
202607	100A30101	30	クレーム費	0.0	0.0	0.0	0.0	0.0	0.0
202607	100A30101	31	賃借料	58000.0	59500.0	59500.0	0.8	100.0	102.5
202607	100A30101	32	賃貸料収入	-8615.0	-5780.0	-5780.0	0.0	0.0	0.0
202607	100A30101	33	修繕費	0.0	0.0	0.0	0.0	0.0	0.0
202607	100A30101	34	支払リース料	0.0	0.0	0.0	0.0	0.0	0.0
202607	100A30101	35	保険料	0.0	0.0	0.0	0.0	0.0	0.0
202607	100A30101	36	支払報酬	0.0	0.0	0.0	0.0	0.0	0.0
202607	100A30101	37	販売手数料	0.0	0.0	0.0	0.0	0.0	0.0
202607	100A30101	38	支払手数料	4307.0	3452.0	2754.0	0.0	79.7	63.9
202607	100A30101	39	診断料	0.0	0.0	0.0	0.0	0.0	0.0
202607	100A30101	40	諸会費	0.0	0.0	0.0	0.0	0.0	0.0
202607	100A30101	41	会議費	0.0	0.0	0.0	0.0	0.0	0.0
202607	100A30101	42	寄付金	0.0	0.0	0.0	0.0	0.0	0.0
202607	100A30101	43	租税公課	0.0	0.0	0.0	0.0	0.0	0.0
202607	100A30101	44	業務委託費	0.0	0.0	0.0	0.0	0.0	0.0
202607	100A30101	45	業務受託収入	0.0	0.0	0.0	0.0	0.0	0.0
202607	100A30101	46	システム管理料	0.0	0.0	0.0	0.0	0.0	0.0
202607	100A30101	47	情報機器利用料	142540.0	142540.0	142540.0	2.0	100.0	100.0
202607	100A30101	48	貸倒金	0.0	0.0	0.0	0.0	0.0	0.0
202607	100A30101	49	雑費	0.0	0.0	0.0	0.0	0.0	0.0
202607	100A30101	50	福利消耗品費	0.0	0.0	0.0	0.0	0.0	0.0
202607	100A30101	51	教育研修費	374.0	478.0	478.0	0.0	100.0	127.8
202607	100A30101	52	廃棄損・減耗損	0.0	0.0	0.0	0.0	0.0	0.0
202607	100A30101	53	雑給	0.0	0.0	0.0	0.0	0.0	0.0
202607	100A30101	54	社内金利（固定資産）	0.0	0.0	0.0	0.0	0.0	0.0
202607	100A30101	55	社内金利（売掛金）	0.0	0.0	0.0	0.0	0.0	0.0
202607	100A30101	56	社内金利（在庫）	0.0	0.0	0.0	0.0	0.0	0.0
202607	100A30101	57	営業口銭①（新築）	900000.0	2570000.0	2558000.0	36.9	99.5	284.2
202607	100A30101	58	営業口銭②（リフォ）	5100000.0	3014884.0	3048112.0	44.0	101.1	59.7
202607	100A30101	59	開発口銭	0.0	0.0	0.0	0.0	0.0	0.0
202607	100A30101	60	部門共通（経費）	580813.0	596820.0	500604.0	7.2	83.8	86.1
202607	100A30101	61	グループ共通	75800.0	75800.0	75800.0	1.0	100.0	100.0
202607	100A30101	62	差引収益	-200354917.0	-121333564.0	-72047372.0		0.0	0.0
202607	100A30101	63	差引比率	-936.1	-43872.4	-3412.7		0.0	0.0
202607	100A30101	64	総時間	1181.75	1173.75	1044.75		89.0	88.4
202607	100A30101	65	定時間	368.0	368.0	248.0	23.7	67.3	67.3
202607	100A30101	66	残業時間	69.0	69.0	62.75	6.0	90.9	90.9
202607	100A30101	67	移動時間	322.0	322.0	322.0	30.8	100.0	100.0
202607	100A30101	68	部門共通（時間）	422.75	414.75	412.0	39.4	99.3	97.4
202607	100A30101	69	当月時間当り	-169540.8	-103372.5	-68961.3		0.0	0.0
202607	100A30101	70	人員	2.0	2.0	2.0		100.0	100.0
202607	003091500	1	総受注高	0.0	0.0	0.0		0.0	0.0
202607	003091500	2	【新築】受注高	0.0	0.0	0.0	0.0	0.0	0.0
202607	003091500	3	【リフォ】受注高	0.0	0.0	0.0	0.0	0.0	0.0
202607	003091500	4	【資材】受注高	0.0	0.0	0.0	0.0	0.0	0.0
202607	003091500	5	総売上高	0.0	0.0	0.0		0.0	0.0
202607	003091500	6	【新築】売上高	0.0	0.0	0.0	0.0	0.0	0.0
202607	003091500	7	【リフォ】売上高	0.0	0.0	0.0	0.0	0.0	0.0
202607	003091500	8	【資材】売上高	0.0	0.0	0.0	0.0	0.0	0.0
202607	003091500	9	【新築】インセンティブ	0.0	0.0	0.0	0.0	0.0	0.0
202607	003091500	10	【リフォ】インセンティブ	0.0	0.0	0.0	0.0	0.0	0.0
202607	003091500	11	【資材】インセンティブ	0.0	0.0	0.0	0.0	0.0	0.0
202607	003091500	12	収益①（営業口銭）	0.0	0.0	0.0		0.0	0.0
202607	003091500	13	【新築】収益①(営業口銭)	0.0	0.0	0.0		0.0	0.0
202607	003091500	14	【リフォ】収益①(営業口銭)	0.0	0.0	0.0		0.0	0.0
202607	003091500	15	【資材】売上原価	0.0	0.0	0.0		0.0	0.0
202607	003091500	16	収益②（資材）	0.0	0.0	0.0		0.0	0.0
202607	003091500	17	総収益	0.0	0.0	0.0		0.0	0.0
202607	003091500	18	経費合計	0.0	0.0	0.0		0.0	0.0
202607	003091500	19	減価償却費	0.0	0.0	0.0	0.0	0.0	0.0
202607	003091500	20	車両費	0.0	0.0	0.0	0.0	0.0	0.0
202607	003091500	21	旅費交通費	0.0	0.0	0.0	0.0	0.0	0.0
202607	003091500	22	荷造運搬費	0.0	0.0	0.0	0.0	0.0	0.0
202607	003091500	23	通信費	0.0	0.0	0.0	0.0	0.0	0.0
202607	003091500	24	水道光熱費	0.0	0.0	0.0	0.0	0.0	0.0
202607	003091500	25	動力費	0.0	0.0	0.0	0.0	0.0	0.0
202607	003091500	26	事務用品費	0.0	0.0	0.0	0.0	0.0	0.0
202607	003091500	27	消耗品費	0.0	0.0	0.0	0.0	0.0	0.0
202607	003091500	28	廃棄物処理料	0.0	0.0	0.0	0.0	0.0	0.0
202607	003091500	29	広告宣伝費	0.0	0.0	0.0	0.0	0.0	0.0
202607	003091500	30	接待交際費	0.0	0.0	0.0	0.0	0.0	0.0
202607	003091500	31	研究開発費	0.0	0.0	0.0	0.0	0.0	0.0
202607	003091500	32	アフターサービス費	0.0	0.0	0.0	0.0	0.0	0.0
202607	003091500	33	クレーム費	0.0	0.0	0.0	0.0	0.0	0.0
202607	003091500	34	賃借料	0.0	0.0	0.0	0.0	0.0	0.0
202607	003091500	35	賃貸料収入	0.0	0.0	0.0	0.0	0.0	0.0
202607	003091500	36	修繕費	0.0	0.0	0.0	0.0	0.0	0.0
202607	003091500	37	支払リース料	0.0	0.0	0.0	0.0	0.0	0.0
202607	003091500	38	保険料	0.0	0.0	0.0	0.0	0.0	0.0
202607	003091500	39	支払報酬	0.0	0.0	0.0	0.0	0.0	0.0
202607	003091500	40	販売手数料	0.0	0.0	0.0	0.0	0.0	0.0
202607	003091500	41	支払手数料	0.0	0.0	0.0	0.0	0.0	0.0
202607	003091500	42	診断料	0.0	0.0	0.0	0.0	0.0	0.0
202607	003091500	43	諸会費	0.0	0.0	0.0	0.0	0.0	0.0
202607	003091500	44	会議費	0.0	0.0	0.0	0.0	0.0	0.0
202607	003091500	45	寄付金	0.0	0.0	0.0	0.0	0.0	0.0
202607	003091500	46	租税公課	0.0	0.0	0.0	0.0	0.0	0.0
202607	003091500	47	業務委託費	0.0	0.0	0.0	0.0	0.0	0.0
202607	003091500	48	業務受託収入	0.0	0.0	0.0	0.0	0.0	0.0
202607	003091500	49	システム管理料	0.0	0.0	0.0	0.0	0.0	0.0
202607	003091500	50	情報機器利用料	0.0	0.0	0.0	0.0	0.0	0.0
202607	003091500	51	貸倒金	0.0	0.0	0.0	0.0	0.0	0.0
202607	003091500	52	雑費	0.0	0.0	0.0	0.0	0.0	0.0
202607	003091500	53	福利消耗品費	0.0	0.0	0.0	0.0	0.0	0.0
202607	003091500	54	教育研修費	0.0	0.0	0.0	0.0	0.0	0.0
202607	003091500	55	廃棄損・減耗損	0.0	0.0	0.0	0.0	0.0	0.0
202607	003091500	56	雑給	0.0	0.0	0.0	0.0	0.0	0.0
202607	003091500	57	社内金利（固定資産）	0.0	0.0	0.0	0.0	0.0	0.0
202607	003091500	58	社内金利（売掛金）	0.0	0.0	0.0	0.0	0.0	0.0
202607	003091500	59	社内金利（在庫）	0.0	0.0	0.0	0.0	0.0	0.0
202607	003091500	60	開発口銭	0.0	0.0	0.0	0.0	0.0	0.0
202607	003091500	61	部門共通（経費）	0.0	0.0	0.0	0.0	0.0	0.0
202607	003091500	62	グループ共通	0.0	0.0	0.0	0.0	0.0	0.0
202607	003091500	63	差引収益	0.0	0.0	0.0		0.0	0.0
202607	003091500	64	差引比率	0.0	0.0	0.0		0.0	0.0
202607	003091500	65	総時間	0.0	0.0	0.0		0.0	0.0
202607	003091500	66	定時間	0.0	0.0	0.0	0.0	0.0	0.0
202607	003091500	67	残業時間	0.0	0.0	0.0	0.0	0.0	0.0
202607	003091500	68	移動時間	0.0	0.0	0.0	0.0	0.0	0.0
202607	003091500	69	部門共通（時間）	0.0	0.0	0.0	0.0	0.0	0.0
202607	003091500	70	当月時間当り	0.0	0.0	0.0		0.0	0.0
202607	003091500	71	人員	0.0	0.0	0.0		0.0	0.0
