対象年月度	組織コード	明細No.	採算科目名	M/P	予定	実績	構成比(%)	予定比(%)	M/P比(%)	組織名	分類	採算科目名_経費合計
202604	340C10100	1	総受注高	1233000.0	1233000.0	772391.0		62.6	62.6	イノチオフローラ	受注	
202604	340C10100	2	総売上高	1233000.0	1233000.0	772391.0		62.6	62.6	イノチオフローラ		
202604	340C10100	3	切り花売上	1225000.0	1225000.0	772391.0	100.0	63.0	63.0	イノチオフローラ	売上	
202604	340C10100	4	研究受託売上   	0.0	0.0	0.0	0.0	0.0	0.0	イノチオフローラ	売上	
202604	340C10100	5	資材売上	8000.0	8000.0	0.0	0.0	0.0	0.0	イノチオフローラ	売上	
202604	340C10100	6	委託売上            	0.0	0.0	0.0	0.0	0.0	0.0	イノチオフローラ	売上	
202604	340C10100	7	経費合計	5689000.0	6061000.0	5501123.0	712.2	90.7	96.6	イノチオフローラ		
202604	340C10100	8	種苗費	490000.0	490000.0	563260.0	72.9	114.9	114.9	イノチオフローラ	経費	種苗費
202604	340C10100	9	肥料費	20000.0	20000.0	15100.0	1.9	75.5	75.5	イノチオフローラ	経費	肥料費
202604	340C10100	10	培土費用	110000.0	110000.0	90000.0	11.6	81.8	81.8	イノチオフローラ	経費	培土費用
202604	340C10100	11	農薬衛生費	450000.0	530000.0	584168.0	75.6	110.2	129.8	イノチオフローラ	経費	農薬衛生費
202604	340C10100	12	農具費	20000.0	66000.0	79100.0	10.2	119.8	395.5	イノチオフローラ	経費	農具費
202604	340C10100	13	諸材料費	40000.0	286000.0	54460.0	7.0	19.0	136.1	イノチオフローラ	経費	諸材料費
202604	340C10100	14	その他仕入高	0.0	0.0	0.0	0.0	0.0	0.0	イノチオフローラ	経費	その他仕入高
202604	340C10100	15	減価償却費	241000.0	241000.0	229726.0	29.7	95.3	95.3	イノチオフローラ	経費	減価償却費
202604	340C10100	16	車両費	126000.0	126000.0	66520.0	8.6	52.7	52.7	イノチオフローラ	経費	車両費
202604	340C10100	17	旅費交通費	10000.0	10000.0	0.0	0.0	0.0	0.0	イノチオフローラ	経費	旅費交通費
202604	340C10100	18	荷造運搬費	100000.0	100000.0	72154.0	9.3	72.1	72.1	イノチオフローラ	経費	荷造運搬費
202604	340C10100	19	通信費	42000.0	42000.0	33528.0	4.3	79.8	79.8	イノチオフローラ	経費	通信費
202604	340C10100	20	水道光熱費	160000.0	160000.0	170759.0	22.1	106.7	106.7	イノチオフローラ	経費	水道光熱費
202604	340C10100	21	動力費	350000.0	350000.0	340722.0	44.1	97.3	97.3	イノチオフローラ	経費	動力費
202604	340C10100	22	燃料費	1200000.0	1200000.0	562000.0	72.7	46.8	46.8	イノチオフローラ	経費	燃料費
202604	340C10100	23	事務用品費	10000.0	10000.0	504.0	0.0	5.0	5.0	イノチオフローラ	経費	事務用品費
202604	340C10100	24	消耗品費	30000.0	30000.0	3928.0	0.5	13.0	13.0	イノチオフローラ	経費	消耗品費
202604	340C10100	25	廃棄物処理料	60000.0	60000.0	29900.0	3.8	49.8	49.8	イノチオフローラ	経費	廃棄物処理料
202604	340C10100	26	広告宣伝費	0.0	0.0	0.0	0.0	0.0	0.0	イノチオフローラ	経費	広告宣伝費
202604	340C10100	27	接待交際費	0.0	0.0	0.0	0.0	0.0	0.0	イノチオフローラ	経費	接待交際費
202604	340C10100	28	研究開発費	0.0	0.0	0.0	0.0	0.0	0.0	イノチオフローラ	経費	研究開発費
202604	340C10100	29	クレーム費	0.0	0.0	0.0	0.0	0.0	0.0	イノチオフローラ	経費	クレーム費
202604	340C10100	30	賃借料	0.0	0.0	0.0	0.0	0.0	0.0	イノチオフローラ	経費	賃借料
202604	340C10100	31	賃貸料収入	-10000.0	-10000.0	0.0	0.0	0.0	0.0	イノチオフローラ	経費	賃貸料収入
202604	340C10100	32	修繕費	1500000.0	1500000.0	1950450.0	252.5	130.0	130.0	イノチオフローラ	経費	修繕費
202604	340C10100	33	支払リース料	5000.0	5000.0	0.0	0.0	0.0	0.0	イノチオフローラ	経費	支払リース料
202604	340C10100	34	保険料	33000.0	33000.0	0.0	0.0	0.0	0.0	イノチオフローラ	経費	保険料
202604	340C10100	35	支払報酬	0.0	0.0	0.0	0.0	0.0	0.0	イノチオフローラ	経費	支払報酬
202604	340C10100	36	販売手数料	250000.0	250000.0	228885.0	29.6	91.5	91.5	イノチオフローラ	経費	販売手数料
202604	340C10100	37	支払手数料	110000.0	110000.0	84014.0	10.8	76.3	76.3	イノチオフローラ	経費	支払手数料
202604	340C10100	38	診断料	0.0	0.0	0.0	0.0	0.0	0.0	イノチオフローラ	経費	診断料
202604	340C10100	39	諸会費	0.0	0.0	0.0	0.0	0.0	0.0	イノチオフローラ	経費	諸会費
202604	340C10100	40	会議費	0.0	0.0	0.0	0.0	0.0	0.0	イノチオフローラ	経費	会議費
202604	340C10100	41	寄付金	0.0	0.0	0.0	0.0	0.0	0.0	イノチオフローラ	経費	寄付金
202604	340C10100	42	租税公課	0.0	0.0	0.0	0.0	0.0	0.0	イノチオフローラ	経費	租税公課
202604	340C10100	43	業務委託費	0.0	0.0	0.0	0.0	0.0	0.0	イノチオフローラ	経費	業務委託費
202604	340C10100	44	業務受託収入	0.0	0.0	0.0	0.0	0.0	0.0	イノチオフローラ	経費	業務受託収入
202604	340C10100	45	システム管理料	0.0	0.0	0.0	0.0	0.0	0.0	イノチオフローラ	経費	システム管理料
202604	340C10100	46	情報機器利用料	56000.0	56000.0	61480.0	7.9	109.7	109.7	イノチオフローラ	経費	情報機器利用料
202604	340C10100	47	貸倒金	0.0	0.0	0.0	0.0	0.0	0.0	イノチオフローラ	経費	貸倒金
202604	340C10100	48	雑費	1000.0	1000.0	205.0	0.0	20.5	20.5	イノチオフローラ	経費	雑費
202604	340C10100	49	福利消耗品費	5000.0	5000.0	0.0	0.0	0.0	0.0	イノチオフローラ	経費	福利消耗品費
202604	340C10100	50	教育研修費	3000.0	3000.0	2871.0	0.3	95.7	95.7	イノチオフローラ	経費	教育研修費
202604	340C10100	51	雑給	0.0	0.0	0.0	0.0	0.0	0.0	イノチオフローラ	経費	雑給
202604	340C10100	52	社内金利（固定資産）	51000.0	51000.0	51389.0	6.6	100.7	100.7	イノチオフローラ	経費	社内金利（固定資産）
202604	340C10100	53	グループ共通	226000.0	226000.0	226000.0	29.2	100.0	100.0	イノチオフローラ	経費	グループ共通
202604	340C10100	54	差引収益	-4456000.0	-4828000.0	-4728732.0	0.0	0.0	0.0	イノチオフローラ		
202604	340C10100	55	差引比率	-361.3	-391.5	-612.2		0.0	0.0	イノチオフローラ		
202604	340C10100	56	総時間	1137.0	1137.0	1101.25		96.8	96.8	イノチオフローラ		
202604	340C10100	57	定時間	1056.0	1056.0	1043.5		98.8	98.8	イノチオフローラ	時間	
202604	340C10100	58	残業時間	78.0	78.0	55.75		71.4	71.4	イノチオフローラ	時間	
202604	340C10100	59	移動時間	3.0	3.0	2.0		66.6	66.6	イノチオフローラ	時間	
202604	340C10100	60	当月時間当り	-3919.0	-4246.2	-4293.9		0.0	0.0	イノチオフローラ		
202604	340C10100	61	人員	6.0	6.0	8.0		133.3	133.3	イノチオフローラ		
202604	005000000	1	総受注高	1233000.0	1233000.0	772391.0		62.6	62.6	イノチオフローラ㈱	受注	
202604	005000000	2	総売上高	1233000.0	1233000.0	772391.0		62.6	62.6	イノチオフローラ㈱		
202604	005000000	3	切り花売上	1225000.0	1225000.0	772391.0	100.0	63.0	63.0	イノチオフローラ㈱	売上	
202604	005000000	4	研究受託売上   	0.0	0.0	0.0	0.0	0.0	0.0	イノチオフローラ㈱	売上	
202604	005000000	5	資材売上	8000.0	8000.0	0.0	0.0	0.0	0.0	イノチオフローラ㈱	売上	
202604	005000000	6	委託売上            	0.0	0.0	0.0	0.0	0.0	0.0	イノチオフローラ㈱	売上	
202604	005000000	7	経費合計	5638000.0	6010000.0	5449734.0	705.5	90.6	96.6	イノチオフローラ㈱		
202604	005000000	8	種苗費	490000.0	490000.0	563260.0	72.9	114.9	114.9	イノチオフローラ㈱	経費	種苗費
202604	005000000	9	肥料費	20000.0	20000.0	15100.0	1.9	75.5	75.5	イノチオフローラ㈱	経費	肥料費
202604	005000000	10	培土費用	110000.0	110000.0	90000.0	11.6	81.8	81.8	イノチオフローラ㈱	経費	培土費用
202604	005000000	11	農薬衛生費	450000.0	530000.0	584168.0	75.6	110.2	129.8	イノチオフローラ㈱	経費	農薬衛生費
202604	005000000	12	農具費	20000.0	66000.0	79100.0	10.2	119.8	395.5	イノチオフローラ㈱	経費	農具費
202604	005000000	13	諸材料費	40000.0	286000.0	54460.0	7.0	19.0	136.1	イノチオフローラ㈱	経費	諸材料費
202604	005000000	14	その他仕入高	0.0	0.0	0.0	0.0	0.0	0.0	イノチオフローラ㈱	経費	その他仕入高
202604	005000000	15	減価償却費	241000.0	241000.0	229726.0	29.7	95.3	95.3	イノチオフローラ㈱	経費	減価償却費
202604	005000000	16	車両費	126000.0	126000.0	66520.0	8.6	52.7	52.7	イノチオフローラ㈱	経費	車両費
202604	005000000	17	旅費交通費	10000.0	10000.0	0.0	0.0	0.0	0.0	イノチオフローラ㈱	経費	旅費交通費
202604	005000000	18	荷造運搬費	100000.0	100000.0	72154.0	9.3	72.1	72.1	イノチオフローラ㈱	経費	荷造運搬費
202604	005000000	19	通信費	42000.0	42000.0	33528.0	4.3	79.8	79.8	イノチオフローラ㈱	経費	通信費
202604	005000000	20	水道光熱費	160000.0	160000.0	170759.0	22.1	106.7	106.7	イノチオフローラ㈱	経費	水道光熱費
202604	005000000	21	動力費	350000.0	350000.0	340722.0	44.1	97.3	97.3	イノチオフローラ㈱	経費	動力費
202604	005000000	22	燃料費	1200000.0	1200000.0	562000.0	72.7	46.8	46.8	イノチオフローラ㈱	経費	燃料費
202604	005000000	23	事務用品費	10000.0	10000.0	504.0	0.0	5.0	5.0	イノチオフローラ㈱	経費	事務用品費
202604	005000000	24	消耗品費	30000.0	30000.0	3928.0	0.5	13.0	13.0	イノチオフローラ㈱	経費	消耗品費
202604	005000000	25	廃棄物処理料	60000.0	60000.0	29900.0	3.8	49.8	49.8	イノチオフローラ㈱	経費	廃棄物処理料
202604	005000000	26	広告宣伝費	0.0	0.0	0.0	0.0	0.0	0.0	イノチオフローラ㈱	経費	広告宣伝費
202604	005000000	27	接待交際費	0.0	0.0	0.0	0.0	0.0	0.0	イノチオフローラ㈱	経費	接待交際費
202604	005000000	28	研究開発費	0.0	0.0	0.0	0.0	0.0	0.0	イノチオフローラ㈱	経費	研究開発費
202604	005000000	29	クレーム費	0.0	0.0	0.0	0.0	0.0	0.0	イノチオフローラ㈱	経費	クレーム費
202604	005000000	30	賃借料	0.0	0.0	0.0	0.0	0.0	0.0	イノチオフローラ㈱	経費	賃借料
202604	005000000	31	賃貸料収入	-10000.0	-10000.0	0.0	0.0	0.0	0.0	イノチオフローラ㈱	経費	賃貸料収入
202604	005000000	32	修繕費	1500000.0	1500000.0	1950450.0	252.5	130.0	130.0	イノチオフローラ㈱	経費	修繕費
202604	005000000	33	支払リース料	5000.0	5000.0	0.0	0.0	0.0	0.0	イノチオフローラ㈱	経費	支払リース料
202604	005000000	34	保険料	33000.0	33000.0	0.0	0.0	0.0	0.0	イノチオフローラ㈱	経費	保険料
202604	005000000	35	支払報酬	0.0	0.0	0.0	0.0	0.0	0.0	イノチオフローラ㈱	経費	支払報酬
202604	005000000	36	販売手数料	250000.0	250000.0	228885.0	29.6	91.5	91.5	イノチオフローラ㈱	経費	販売手数料
202604	005000000	37	支払手数料	110000.0	110000.0	84014.0	10.8	76.3	76.3	イノチオフローラ㈱	経費	支払手数料
202604	005000000	38	診断料	0.0	0.0	0.0	0.0	0.0	0.0	イノチオフローラ㈱	経費	診断料
202604	005000000	39	諸会費	0.0	0.0	0.0	0.0	0.0	0.0	イノチオフローラ㈱	経費	諸会費
202604	005000000	40	会議費	0.0	0.0	0.0	0.0	0.0	0.0	イノチオフローラ㈱	経費	会議費
202604	005000000	41	寄付金	0.0	0.0	0.0	0.0	0.0	0.0	イノチオフローラ㈱	経費	寄付金
202604	005000000	42	租税公課	0.0	0.0	0.0	0.0	0.0	0.0	イノチオフローラ㈱	経費	租税公課
202604	005000000	43	業務委託費	0.0	0.0	0.0	0.0	0.0	0.0	イノチオフローラ㈱	経費	業務委託費
202604	005000000	44	業務受託収入	0.0	0.0	0.0	0.0	0.0	0.0	イノチオフローラ㈱	経費	業務受託収入
202604	005000000	45	システム管理料	0.0	0.0	0.0	0.0	0.0	0.0	イノチオフローラ㈱	経費	システム管理料
202604	005000000	46	情報機器利用料	56000.0	56000.0	61480.0	7.9	109.7	109.7	イノチオフローラ㈱	経費	情報機器利用料
202604	005000000	47	貸倒金	0.0	0.0	0.0	0.0	0.0	0.0	イノチオフローラ㈱	経費	貸倒金
202604	005000000	48	雑費	1000.0	1000.0	205.0	0.0	20.5	20.5	イノチオフローラ㈱	経費	雑費
202604	005000000	49	福利消耗品費	5000.0	5000.0	0.0	0.0	0.0	0.0	イノチオフローラ㈱	経費	福利消耗品費
202604	005000000	50	教育研修費	3000.0	3000.0	2871.0	0.3	95.7	95.7	イノチオフローラ㈱	経費	教育研修費
202604	005000000	51	雑給	0.0	0.0	0.0	0.0	0.0	0.0	イノチオフローラ㈱	経費	雑給
202604	005000000	52	社内金利（固定資産）	0.0	0.0	0.0	0.0	0.0	0.0	イノチオフローラ㈱	経費	社内金利（固定資産）
202604	005000000	53	グループ共通	226000.0	226000.0	226000.0	29.2	100.0	100.0	イノチオフローラ㈱	経費	グループ共通
202604	005000000	54	差引収益	-4405000.0	-4777000.0	-4677343.0	0.0	0.0	0.0	イノチオフローラ㈱		
202604	005000000	55	差引比率	-357.2	-387.4	-605.5		0.0	0.0	イノチオフローラ㈱		
202604	005000000	56	総時間	1148.0	1148.0	1112.25		96.8	96.8	イノチオフローラ㈱		
202604	005000000	57	定時間	1056.0	1056.0	1043.5		98.8	98.8	イノチオフローラ㈱	時間	
202604	005000000	58	残業時間	78.0	78.0	55.75		71.4	71.4	イノチオフローラ㈱	時間	
202604	005000000	59	移動時間	14.0	14.0	13.0		92.8	92.8	イノチオフローラ㈱	時間	
202604	005000000	60	当月時間当り	-3837.1	-4161.1	-4205.2		0.0	0.0	イノチオフローラ㈱		
202604	005000000	61	人員	6.0	6.0	8.0		133.3	133.3	イノチオフローラ㈱		
202604	005090200	1	総受注高	0.0	0.0	0.0		0.0	0.0	本社収支	受注	
202604	005090200	2	総売上高	0.0	0.0	0.0		0.0	0.0	本社収支		
202604	005090200	3	切り花売上	0.0	0.0	0.0	0.0	0.0	0.0	本社収支	売上	
202604	005090200	4	研究受託売上   	0.0	0.0	0.0	0.0	0.0	0.0	本社収支	売上	
202604	005090200	5	資材売上	0.0	0.0	0.0	0.0	0.0	0.0	本社収支	売上	
202604	005090200	6	委託売上            	0.0	0.0	0.0	0.0	0.0	0.0	本社収支	売上	
202604	005090200	7	経費合計	-51000.0	-51000.0	-51389.0	0.0	0.0	0.0	本社収支		
202604	005090200	8	種苗費	0.0	0.0	0.0	0.0	0.0	0.0	本社収支	経費	種苗費
202604	005090200	9	肥料費	0.0	0.0	0.0	0.0	0.0	0.0	本社収支	経費	肥料費
202604	005090200	10	培土費用	0.0	0.0	0.0	0.0	0.0	0.0	本社収支	経費	培土費用
202604	005090200	11	農薬衛生費	0.0	0.0	0.0	0.0	0.0	0.0	本社収支	経費	農薬衛生費
202604	005090200	12	農具費	0.0	0.0	0.0	0.0	0.0	0.0	本社収支	経費	農具費
202604	005090200	13	諸材料費	0.0	0.0	0.0	0.0	0.0	0.0	本社収支	経費	諸材料費
202604	005090200	14	その他仕入高	0.0	0.0	0.0	0.0	0.0	0.0	本社収支	経費	その他仕入高
202604	005090200	15	減価償却費	0.0	0.0	0.0	0.0	0.0	0.0	本社収支	経費	減価償却費
202604	005090200	16	車両費	0.0	0.0	0.0	0.0	0.0	0.0	本社収支	経費	車両費
202604	005090200	17	旅費交通費	0.0	0.0	0.0	0.0	0.0	0.0	本社収支	経費	旅費交通費
202604	005090200	18	荷造運搬費	0.0	0.0	0.0	0.0	0.0	0.0	本社収支	経費	荷造運搬費
202604	005090200	19	通信費	0.0	0.0	0.0	0.0	0.0	0.0	本社収支	経費	通信費
202604	005090200	20	水道光熱費	0.0	0.0	0.0	0.0	0.0	0.0	本社収支	経費	水道光熱費
202604	005090200	21	動力費	0.0	0.0	0.0	0.0	0.0	0.0	本社収支	経費	動力費
202604	005090200	22	燃料費	0.0	0.0	0.0	0.0	0.0	0.0	本社収支	経費	燃料費
202604	005090200	23	事務用品費	0.0	0.0	0.0	0.0	0.0	0.0	本社収支	経費	事務用品費
202604	005090200	24	消耗品費	0.0	0.0	0.0	0.0	0.0	0.0	本社収支	経費	消耗品費
202604	005090200	25	廃棄物処理料	0.0	0.0	0.0	0.0	0.0	0.0	本社収支	経費	廃棄物処理料
202604	005090200	26	広告宣伝費	0.0	0.0	0.0	0.0	0.0	0.0	本社収支	経費	広告宣伝費
202604	005090200	27	接待交際費	0.0	0.0	0.0	0.0	0.0	0.0	本社収支	経費	接待交際費
202604	005090200	28	研究開発費	0.0	0.0	0.0	0.0	0.0	0.0	本社収支	経費	研究開発費
202604	005090200	29	クレーム費	0.0	0.0	0.0	0.0	0.0	0.0	本社収支	経費	クレーム費
202604	005090200	30	賃借料	0.0	0.0	0.0	0.0	0.0	0.0	本社収支	経費	賃借料
202604	005090200	31	賃貸料収入	0.0	0.0	0.0	0.0	0.0	0.0	本社収支	経費	賃貸料収入
202604	005090200	32	修繕費	0.0	0.0	0.0	0.0	0.0	0.0	本社収支	経費	修繕費
202604	005090200	33	支払リース料	0.0	0.0	0.0	0.0	0.0	0.0	本社収支	経費	支払リース料
202604	005090200	34	保険料	0.0	0.0	0.0	0.0	0.0	0.0	本社収支	経費	保険料
202604	005090200	35	支払報酬	0.0	0.0	0.0	0.0	0.0	0.0	本社収支	経費	支払報酬
202604	005090200	36	販売手数料	0.0	0.0	0.0	0.0	0.0	0.0	本社収支	経費	販売手数料
202604	005090200	37	支払手数料	0.0	0.0	0.0	0.0	0.0	0.0	本社収支	経費	支払手数料
202604	005090200	38	診断料	0.0	0.0	0.0	0.0	0.0	0.0	本社収支	経費	診断料
202604	005090200	39	諸会費	0.0	0.0	0.0	0.0	0.0	0.0	本社収支	経費	諸会費
202604	005090200	40	会議費	0.0	0.0	0.0	0.0	0.0	0.0	本社収支	経費	会議費
202604	005090200	41	寄付金	0.0	0.0	0.0	0.0	0.0	0.0	本社収支	経費	寄付金
202604	005090200	42	租税公課	0.0	0.0	0.0	0.0	0.0	0.0	本社収支	経費	租税公課
202604	005090200	43	業務委託費	0.0	0.0	0.0	0.0	0.0	0.0	本社収支	経費	業務委託費
202604	005090200	44	業務受託収入	0.0	0.0	0.0	0.0	0.0	0.0	本社収支	経費	業務受託収入
202604	005090200	45	システム管理料	0.0	0.0	0.0	0.0	0.0	0.0	本社収支	経費	システム管理料
202604	005090200	46	情報機器利用料	0.0	0.0	0.0	0.0	0.0	0.0	本社収支	経費	情報機器利用料
202604	005090200	47	貸倒金	0.0	0.0	0.0	0.0	0.0	0.0	本社収支	経費	貸倒金
202604	005090200	48	雑費	0.0	0.0	0.0	0.0	0.0	0.0	本社収支	経費	雑費
202604	005090200	49	福利消耗品費	0.0	0.0	0.0	0.0	0.0	0.0	本社収支	経費	福利消耗品費
202604	005090200	50	教育研修費	0.0	0.0	0.0	0.0	0.0	0.0	本社収支	経費	教育研修費
202604	005090200	51	雑給	0.0	0.0	0.0	0.0	0.0	0.0	本社収支	経費	雑給
202604	005090200	52	社内金利（固定資産）	-51000.0	-51000.0	-51389.0	0.0	0.0	0.0	本社収支	経費	社内金利（固定資産）
202604	005090200	53	グループ共通	0.0	0.0	0.0	0.0	0.0	0.0	本社収支	経費	グループ共通
202604	005090200	54	差引収益	51000.0	51000.0	51389.0	0.0	100.7	100.7	本社収支		
202604	005090200	55	差引比率	0.0	0.0	0.0		0.0	0.0	本社収支		
202604	005090200	56	総時間	11.0	11.0	11.0		100.0	100.0	本社収支		
202604	005090200	57	定時間	0.0	0.0	0.0		0.0	0.0	本社収支	時間	
202604	005090200	58	残業時間	0.0	0.0	0.0		0.0	0.0	本社収支	時間	
202604	005090200	59	移動時間	11.0	11.0	11.0		100.0	100.0	本社収支	時間	
202604	005090200	60	当月時間当り	4636.3	4636.3	4671.7		100.7	100.7	本社収支		
202604	005090200	61	人員	0.0	0.0	0.0		0.0	0.0	本社収支		
202603	340C10100	1	総受注高	4120000.0	4300000.0	3348690.0		77.8	81.2	イノチオフローラ	受注	
202603	340C10100	2	総売上高	4120000.0	4300000.0	3348690.0		77.8	81.2	イノチオフローラ		
202603	340C10100	3	切り花売上	4120000.0	4300000.0	3348690.0	100.0	77.8	81.2	イノチオフローラ	売上	
202603	340C10100	4	研究受託売上   	0.0	0.0	0.0	0.0	0.0	0.0	イノチオフローラ	売上	
202603	340C10100	5	資材売上	0.0	0.0	0.0	0.0	0.0	0.0	イノチオフローラ	売上	
202603	340C10100	6	委託売上            	0.0	0.0	0.0	0.0	0.0	0.0	イノチオフローラ	売上	
202603	340C10100	7	経費合計	4885310.0	5954110.0	5996009.0	179.0	100.7	122.7	イノチオフローラ		
202603	340C10100	8	種苗費	250000.0	500000.0	639330.0	19.0	127.8	255.7	イノチオフローラ	経費	種苗費
202603	340C10100	9	肥料費	166000.0	200000.0	143450.0	4.2	71.7	86.4	イノチオフローラ	経費	肥料費
202603	340C10100	10	培土費用	0.0	99000.0	90000.0	2.6	90.9	0.0	イノチオフローラ	経費	培土費用
202603	340C10100	11	農薬衛生費	450000.0	500000.0	474094.0	14.1	94.8	105.3	イノチオフローラ	経費	農薬衛生費
202603	340C10100	12	農具費	20000.0	20000.0	0.0	0.0	0.0	0.0	イノチオフローラ	経費	農具費
202603	340C10100	13	諸材料費	172000.0	20000.0	1910.0	0.0	9.5	1.1	イノチオフローラ	経費	諸材料費
202603	340C10100	14	その他仕入高	0.0	0.0	0.0	0.0	0.0	0.0	イノチオフローラ	経費	その他仕入高
202603	340C10100	15	減価償却費	268677.0	271677.0	272133.0	8.1	100.1	101.2	イノチオフローラ	経費	減価償却費
202603	340C10100	16	車両費	178000.0	178000.0	190601.0	5.6	107.0	107.0	イノチオフローラ	経費	車両費
202603	340C10100	17	旅費交通費	15000.0	5000.0	3182.0	0.0	63.6	21.2	イノチオフローラ	経費	旅費交通費
202603	340C10100	18	荷造運搬費	343000.0	343000.0	227959.0	6.8	66.4	66.4	イノチオフローラ	経費	荷造運搬費
202603	340C10100	19	通信費	37000.0	34000.0	33030.0	0.9	97.1	89.2	イノチオフローラ	経費	通信費
202603	340C10100	20	水道光熱費	255000.0	200000.0	189769.0	5.6	94.8	74.4	イノチオフローラ	経費	水道光熱費
202603	340C10100	21	動力費	415000.0	400000.0	385548.0	11.5	96.3	92.9	イノチオフローラ	経費	動力費
202603	340C10100	22	燃料費	1200000.0	1600000.0	1605800.0	47.9	100.3	133.8	イノチオフローラ	経費	燃料費
202603	340C10100	23	事務用品費	5000.0	5000.0	707.0	0.0	14.1	14.1	イノチオフローラ	経費	事務用品費
202603	340C10100	24	消耗品費	20000.0	20000.0	6828.0	0.2	34.1	34.1	イノチオフローラ	経費	消耗品費
202603	340C10100	25	廃棄物処理料	0.0	60000.0	21000.0	0.6	35.0	0.0	イノチオフローラ	経費	廃棄物処理料
202603	340C10100	26	広告宣伝費	0.0	0.0	0.0	0.0	0.0	0.0	イノチオフローラ	経費	広告宣伝費
202603	340C10100	27	接待交際費	0.0	0.0	0.0	0.0	0.0	0.0	イノチオフローラ	経費	接待交際費
202603	340C10100	28	研究開発費	0.0	0.0	0.0	0.0	0.0	0.0	イノチオフローラ	経費	研究開発費
202603	340C10100	29	クレーム費	0.0	0.0	0.0	0.0	0.0	0.0	イノチオフローラ	経費	クレーム費
202603	340C10100	30	賃借料	0.0	0.0	0.0	0.0	0.0	0.0	イノチオフローラ	経費	賃借料
202603	340C10100	31	賃貸料収入	-10000.0	-10000.0	0.0	0.0	0.0	0.0	イノチオフローラ	経費	賃貸料収入
202603	340C10100	32	修繕費	60000.0	460000.0	531026.0	15.8	115.4	885.0	イノチオフローラ	経費	修繕費
202603	340C10100	33	支払リース料	5000.0	5000.0	4700.0	0.1	94.0	94.0	イノチオフローラ	経費	支払リース料
202603	340C10100	34	保険料	262000.0	262000.0	350800.0	10.4	133.8	133.8	イノチオフローラ	経費	保険料
202603	340C10100	35	支払報酬	0.0	0.0	0.0	0.0	0.0	0.0	イノチオフローラ	経費	支払報酬
202603	340C10100	36	販売手数料	0.0	0.0	0.0	0.0	0.0	0.0	イノチオフローラ	経費	販売手数料
202603	340C10100	37	支払手数料	410000.0	418000.0	465900.0	13.9	111.4	113.6	イノチオフローラ	経費	支払手数料
202603	340C10100	38	診断料	0.0	0.0	0.0	0.0	0.0	0.0	イノチオフローラ	経費	診断料
202603	340C10100	39	諸会費	0.0	0.0	500.0	0.0	0.0	0.0	イノチオフローラ	経費	諸会費
202603	340C10100	40	会議費	0.0	0.0	0.0	0.0	0.0	0.0	イノチオフローラ	経費	会議費
202603	340C10100	41	寄付金	0.0	0.0	0.0	0.0	0.0	0.0	イノチオフローラ	経費	寄付金
202603	340C10100	42	租税公課	10000.0	10000.0	378.0	0.0	3.7	3.7	イノチオフローラ	経費	租税公課
202603	340C10100	43	業務委託費	0.0	0.0	0.0	0.0	0.0	0.0	イノチオフローラ	経費	業務委託費
202603	340C10100	44	業務受託収入	0.0	0.0	0.0	0.0	0.0	0.0	イノチオフローラ	経費	業務受託収入
202603	340C10100	45	システム管理料	0.0	0.0	0.0	0.0	0.0	0.0	イノチオフローラ	経費	システム管理料
202603	340C10100	46	情報機器利用料	55510.0	55510.0	55510.0	1.6	100.0	100.0	イノチオフローラ	経費	情報機器利用料
202603	340C10100	47	貸倒金	0.0	0.0	0.0	0.0	0.0	0.0	イノチオフローラ	経費	貸倒金
202603	340C10100	48	雑費	3000.0	3000.0	204.0	0.0	6.8	6.8	イノチオフローラ	経費	雑費
202603	340C10100	49	福利消耗品費	10000.0	10000.0	13241.0	0.3	132.4	132.4	イノチオフローラ	経費	福利消耗品費
202603	340C10100	50	教育研修費	3000.0	2800.0	2871.0	0.0	102.5	95.7	イノチオフローラ	経費	教育研修費
202603	340C10100	51	雑給	0.0	0.0	0.0	0.0	0.0	0.0	イノチオフローラ	経費	雑給
202603	340C10100	52	社内金利（固定資産）	49123.0	49123.0	52538.0	1.5	106.9	106.9	イノチオフローラ	経費	社内金利（固定資産）
202603	340C10100	53	グループ共通	233000.0	233000.0	233000.0	6.9	100.0	100.0	イノチオフローラ	経費	グループ共通
202603	340C10100	54	差引収益	-765310.0	-1654110.0	-2647319.0	0.0	0.0	0.0	イノチオフローラ		
202603	340C10100	55	差引比率	-18.5	-38.4	-79.0		0.0	0.0	イノチオフローラ		
202603	340C10100	56	総時間	1111.0	1111.0	1216.75		109.5	109.5	イノチオフローラ		
202603	340C10100	57	定時間	1008.0	1008.0	1096.0		108.7	108.7	イノチオフローラ	時間	
202603	340C10100	58	残業時間	100.0	100.0	115.75		115.7	115.7	イノチオフローラ	時間	
202603	340C10100	59	移動時間	3.0	3.0	5.0		166.6	166.6	イノチオフローラ	時間	
202603	340C10100	60	当月時間当り	-688.8	-1488.8	-2175.7		0.0	0.0	イノチオフローラ		
202603	340C10100	61	人員	6.0	6.0	6.0		100.0	100.0	イノチオフローラ		
202603	005000000	1	総受注高	4120000.0	4300000.0	3348690.0		77.8	81.2	イノチオフローラ㈱	受注	
202603	005000000	2	総売上高	4120000.0	4300000.0	3348690.0		77.8	81.2	イノチオフローラ㈱		
202603	005000000	3	切り花売上	4120000.0	4300000.0	3348690.0	100.0	77.8	81.2	イノチオフローラ㈱	売上	
202603	005000000	4	研究受託売上   	0.0	0.0	0.0	0.0	0.0	0.0	イノチオフローラ㈱	売上	
202603	005000000	5	資材売上	0.0	0.0	0.0	0.0	0.0	0.0	イノチオフローラ㈱	売上	
202603	005000000	6	委託売上            	0.0	0.0	0.0	0.0	0.0	0.0	イノチオフローラ㈱	売上	
202603	005000000	7	経費合計	4836187.0	5904987.0	5943471.0	177.4	100.6	122.8	イノチオフローラ㈱		
202603	005000000	8	種苗費	250000.0	500000.0	639330.0	19.0	127.8	255.7	イノチオフローラ㈱	経費	種苗費
202603	005000000	9	肥料費	166000.0	200000.0	143450.0	4.2	71.7	86.4	イノチオフローラ㈱	経費	肥料費
202603	005000000	10	培土費用	0.0	99000.0	90000.0	2.6	90.9	0.0	イノチオフローラ㈱	経費	培土費用
202603	005000000	11	農薬衛生費	450000.0	500000.0	474094.0	14.1	94.8	105.3	イノチオフローラ㈱	経費	農薬衛生費
202603	005000000	12	農具費	20000.0	20000.0	0.0	0.0	0.0	0.0	イノチオフローラ㈱	経費	農具費
202603	005000000	13	諸材料費	172000.0	20000.0	1910.0	0.0	9.5	1.1	イノチオフローラ㈱	経費	諸材料費
202603	005000000	14	その他仕入高	0.0	0.0	0.0	0.0	0.0	0.0	イノチオフローラ㈱	経費	その他仕入高
202603	005000000	15	減価償却費	268677.0	271677.0	272133.0	8.1	100.1	101.2	イノチオフローラ㈱	経費	減価償却費
202603	005000000	16	車両費	178000.0	178000.0	190601.0	5.6	107.0	107.0	イノチオフローラ㈱	経費	車両費
202603	005000000	17	旅費交通費	15000.0	5000.0	3182.0	0.0	63.6	21.2	イノチオフローラ㈱	経費	旅費交通費
202603	005000000	18	荷造運搬費	343000.0	343000.0	227959.0	6.8	66.4	66.4	イノチオフローラ㈱	経費	荷造運搬費
202603	005000000	19	通信費	37000.0	34000.0	33030.0	0.9	97.1	89.2	イノチオフローラ㈱	経費	通信費
202603	005000000	20	水道光熱費	255000.0	200000.0	189769.0	5.6	94.8	74.4	イノチオフローラ㈱	経費	水道光熱費
202603	005000000	21	動力費	415000.0	400000.0	385548.0	11.5	96.3	92.9	イノチオフローラ㈱	経費	動力費
202603	005000000	22	燃料費	1200000.0	1600000.0	1605800.0	47.9	100.3	133.8	イノチオフローラ㈱	経費	燃料費
202603	005000000	23	事務用品費	5000.0	5000.0	707.0	0.0	14.1	14.1	イノチオフローラ㈱	経費	事務用品費
202603	005000000	24	消耗品費	20000.0	20000.0	6828.0	0.2	34.1	34.1	イノチオフローラ㈱	経費	消耗品費
202603	005000000	25	廃棄物処理料	0.0	60000.0	21000.0	0.6	35.0	0.0	イノチオフローラ㈱	経費	廃棄物処理料
202603	005000000	26	広告宣伝費	0.0	0.0	0.0	0.0	0.0	0.0	イノチオフローラ㈱	経費	広告宣伝費
202603	005000000	27	接待交際費	0.0	0.0	0.0	0.0	0.0	0.0	イノチオフローラ㈱	経費	接待交際費
202603	005000000	28	研究開発費	0.0	0.0	0.0	0.0	0.0	0.0	イノチオフローラ㈱	経費	研究開発費
202603	005000000	29	クレーム費	0.0	0.0	0.0	0.0	0.0	0.0	イノチオフローラ㈱	経費	クレーム費
202603	005000000	30	賃借料	0.0	0.0	0.0	0.0	0.0	0.0	イノチオフローラ㈱	経費	賃借料
202603	005000000	31	賃貸料収入	-10000.0	-10000.0	0.0	0.0	0.0	0.0	イノチオフローラ㈱	経費	賃貸料収入
202603	005000000	32	修繕費	60000.0	460000.0	531026.0	15.8	115.4	885.0	イノチオフローラ㈱	経費	修繕費
202603	005000000	33	支払リース料	5000.0	5000.0	4700.0	0.1	94.0	94.0	イノチオフローラ㈱	経費	支払リース料
202603	005000000	34	保険料	262000.0	262000.0	350800.0	10.4	133.8	133.8	イノチオフローラ㈱	経費	保険料
202603	005000000	35	支払報酬	0.0	0.0	0.0	0.0	0.0	0.0	イノチオフローラ㈱	経費	支払報酬
202603	005000000	36	販売手数料	0.0	0.0	0.0	0.0	0.0	0.0	イノチオフローラ㈱	経費	販売手数料
202603	005000000	37	支払手数料	410000.0	418000.0	465900.0	13.9	111.4	113.6	イノチオフローラ㈱	経費	支払手数料
202603	005000000	38	診断料	0.0	0.0	0.0	0.0	0.0	0.0	イノチオフローラ㈱	経費	診断料
202603	005000000	39	諸会費	0.0	0.0	500.0	0.0	0.0	0.0	イノチオフローラ㈱	経費	諸会費
202603	005000000	40	会議費	0.0	0.0	0.0	0.0	0.0	0.0	イノチオフローラ㈱	経費	会議費
202603	005000000	41	寄付金	0.0	0.0	0.0	0.0	0.0	0.0	イノチオフローラ㈱	経費	寄付金
202603	005000000	42	租税公課	10000.0	10000.0	378.0	0.0	3.7	3.7	イノチオフローラ㈱	経費	租税公課
202603	005000000	43	業務委託費	0.0	0.0	0.0	0.0	0.0	0.0	イノチオフローラ㈱	経費	業務委託費
202603	005000000	44	業務受託収入	0.0	0.0	0.0	0.0	0.0	0.0	イノチオフローラ㈱	経費	業務受託収入
202603	005000000	45	システム管理料	0.0	0.0	0.0	0.0	0.0	0.0	イノチオフローラ㈱	経費	システム管理料
202603	005000000	46	情報機器利用料	55510.0	55510.0	55510.0	1.6	100.0	100.0	イノチオフローラ㈱	経費	情報機器利用料
202603	005000000	47	貸倒金	0.0	0.0	0.0	0.0	0.0	0.0	イノチオフローラ㈱	経費	貸倒金
202603	005000000	48	雑費	3000.0	3000.0	204.0	0.0	6.8	6.8	イノチオフローラ㈱	経費	雑費
202603	005000000	49	福利消耗品費	10000.0	10000.0	13241.0	0.3	132.4	132.4	イノチオフローラ㈱	経費	福利消耗品費
202603	005000000	50	教育研修費	3000.0	2800.0	2871.0	0.0	102.5	95.7	イノチオフローラ㈱	経費	教育研修費
202603	005000000	51	雑給	0.0	0.0	0.0	0.0	0.0	0.0	イノチオフローラ㈱	経費	雑給
202603	005000000	52	社内金利（固定資産）	0.0	0.0	0.0	0.0	0.0	0.0	イノチオフローラ㈱	経費	社内金利（固定資産）
202603	005000000	53	グループ共通	233000.0	233000.0	233000.0	6.9	100.0	100.0	イノチオフローラ㈱	経費	グループ共通
202603	005000000	54	差引収益	-716187.0	-1604987.0	-2594781.0	0.0	0.0	0.0	イノチオフローラ㈱		
202603	005000000	55	差引比率	-17.3	-37.3	-77.4		0.0	0.0	イノチオフローラ㈱		
202603	005000000	56	総時間	1121.5	1121.5	1227.25		109.4	109.4	イノチオフローラ㈱		
202603	005000000	57	定時間	1008.0	1008.0	1096.0		108.7	108.7	イノチオフローラ㈱	時間	
202603	005000000	58	残業時間	100.0	100.0	115.75		115.7	115.7	イノチオフローラ㈱	時間	
202603	005000000	59	移動時間	13.5	13.5	15.5		114.8	114.8	イノチオフローラ㈱	時間	
202603	005000000	60	当月時間当り	-638.5	-1431.1	-2114.3		0.0	0.0	イノチオフローラ㈱		
202603	005000000	61	人員	6.0	6.0	6.0		100.0	100.0	イノチオフローラ㈱		
202603	005090200	1	総受注高	0.0	0.0	0.0		0.0	0.0	本社収支	受注	
202603	005090200	2	総売上高	0.0	0.0	0.0		0.0	0.0	本社収支		
202603	005090200	3	切り花売上	0.0	0.0	0.0	0.0	0.0	0.0	本社収支	売上	
202603	005090200	4	研究受託売上   	0.0	0.0	0.0	0.0	0.0	0.0	本社収支	売上	
202603	005090200	5	資材売上	0.0	0.0	0.0	0.0	0.0	0.0	本社収支	売上	
202603	005090200	6	委託売上            	0.0	0.0	0.0	0.0	0.0	0.0	本社収支	売上	
202603	005090200	7	経費合計	-49123.0	-49123.0	-52538.0	0.0	0.0	0.0	本社収支		
202603	005090200	8	種苗費	0.0	0.0	0.0	0.0	0.0	0.0	本社収支	経費	種苗費
202603	005090200	9	肥料費	0.0	0.0	0.0	0.0	0.0	0.0	本社収支	経費	肥料費
202603	005090200	10	培土費用	0.0	0.0	0.0	0.0	0.0	0.0	本社収支	経費	培土費用
202603	005090200	11	農薬衛生費	0.0	0.0	0.0	0.0	0.0	0.0	本社収支	経費	農薬衛生費
202603	005090200	12	農具費	0.0	0.0	0.0	0.0	0.0	0.0	本社収支	経費	農具費
202603	005090200	13	諸材料費	0.0	0.0	0.0	0.0	0.0	0.0	本社収支	経費	諸材料費
202603	005090200	14	その他仕入高	0.0	0.0	0.0	0.0	0.0	0.0	本社収支	経費	その他仕入高
202603	005090200	15	減価償却費	0.0	0.0	0.0	0.0	0.0	0.0	本社収支	経費	減価償却費
202603	005090200	16	車両費	0.0	0.0	0.0	0.0	0.0	0.0	本社収支	経費	車両費
202603	005090200	17	旅費交通費	0.0	0.0	0.0	0.0	0.0	0.0	本社収支	経費	旅費交通費
202603	005090200	18	荷造運搬費	0.0	0.0	0.0	0.0	0.0	0.0	本社収支	経費	荷造運搬費
202603	005090200	19	通信費	0.0	0.0	0.0	0.0	0.0	0.0	本社収支	経費	通信費
202603	005090200	20	水道光熱費	0.0	0.0	0.0	0.0	0.0	0.0	本社収支	経費	水道光熱費
202603	005090200	21	動力費	0.0	0.0	0.0	0.0	0.0	0.0	本社収支	経費	動力費
202603	005090200	22	燃料費	0.0	0.0	0.0	0.0	0.0	0.0	本社収支	経費	燃料費
202603	005090200	23	事務用品費	0.0	0.0	0.0	0.0	0.0	0.0	本社収支	経費	事務用品費
202603	005090200	24	消耗品費	0.0	0.0	0.0	0.0	0.0	0.0	本社収支	経費	消耗品費
202603	005090200	25	廃棄物処理料	0.0	0.0	0.0	0.0	0.0	0.0	本社収支	経費	廃棄物処理料
202603	005090200	26	広告宣伝費	0.0	0.0	0.0	0.0	0.0	0.0	本社収支	経費	広告宣伝費
202603	005090200	27	接待交際費	0.0	0.0	0.0	0.0	0.0	0.0	本社収支	経費	接待交際費
202603	005090200	28	研究開発費	0.0	0.0	0.0	0.0	0.0	0.0	本社収支	経費	研究開発費
202603	005090200	29	クレーム費	0.0	0.0	0.0	0.0	0.0	0.0	本社収支	経費	クレーム費
202603	005090200	30	賃借料	0.0	0.0	0.0	0.0	0.0	0.0	本社収支	経費	賃借料
202603	005090200	31	賃貸料収入	0.0	0.0	0.0	0.0	0.0	0.0	本社収支	経費	賃貸料収入
202603	005090200	32	修繕費	0.0	0.0	0.0	0.0	0.0	0.0	本社収支	経費	修繕費
202603	005090200	33	支払リース料	0.0	0.0	0.0	0.0	0.0	0.0	本社収支	経費	支払リース料
202603	005090200	34	保険料	0.0	0.0	0.0	0.0	0.0	0.0	本社収支	経費	保険料
202603	005090200	35	支払報酬	0.0	0.0	0.0	0.0	0.0	0.0	本社収支	経費	支払報酬
202603	005090200	36	販売手数料	0.0	0.0	0.0	0.0	0.0	0.0	本社収支	経費	販売手数料
202603	005090200	37	支払手数料	0.0	0.0	0.0	0.0	0.0	0.0	本社収支	経費	支払手数料
202603	005090200	38	診断料	0.0	0.0	0.0	0.0	0.0	0.0	本社収支	経費	診断料
202603	005090200	39	諸会費	0.0	0.0	0.0	0.0	0.0	0.0	本社収支	経費	諸会費
202603	005090200	40	会議費	0.0	0.0	0.0	0.0	0.0	0.0	本社収支	経費	会議費
202603	005090200	41	寄付金	0.0	0.0	0.0	0.0	0.0	0.0	本社収支	経費	寄付金
202603	005090200	42	租税公課	0.0	0.0	0.0	0.0	0.0	0.0	本社収支	経費	租税公課
202603	005090200	43	業務委託費	0.0	0.0	0.0	0.0	0.0	0.0	本社収支	経費	業務委託費
202603	005090200	44	業務受託収入	0.0	0.0	0.0	0.0	0.0	0.0	本社収支	経費	業務受託収入
202603	005090200	45	システム管理料	0.0	0.0	0.0	0.0	0.0	0.0	本社収支	経費	システム管理料
202603	005090200	46	情報機器利用料	0.0	0.0	0.0	0.0	0.0	0.0	本社収支	経費	情報機器利用料
202603	005090200	47	貸倒金	0.0	0.0	0.0	0.0	0.0	0.0	本社収支	経費	貸倒金
202603	005090200	48	雑費	0.0	0.0	0.0	0.0	0.0	0.0	本社収支	経費	雑費
202603	005090200	49	福利消耗品費	0.0	0.0	0.0	0.0	0.0	0.0	本社収支	経費	福利消耗品費
202603	005090200	50	教育研修費	0.0	0.0	0.0	0.0	0.0	0.0	本社収支	経費	教育研修費
202603	005090200	51	雑給	0.0	0.0	0.0	0.0	0.0	0.0	本社収支	経費	雑給
202603	005090200	52	社内金利（固定資産）	-49123.0	-49123.0	-52538.0	0.0	0.0	0.0	本社収支	経費	社内金利（固定資産）
202603	005090200	53	グループ共通	0.0	0.0	0.0	0.0	0.0	0.0	本社収支	経費	グループ共通
202603	005090200	54	差引収益	49123.0	49123.0	52538.0	0.0	106.9	106.9	本社収支		
202603	005090200	55	差引比率	0.0	0.0	0.0		0.0	0.0	本社収支		
202603	005090200	56	総時間	10.5	10.5	10.5		100.0	100.0	本社収支		
202603	005090200	57	定時間	0.0	0.0	0.0		0.0	0.0	本社収支	時間	
202603	005090200	58	残業時間	0.0	0.0	0.0		0.0	0.0	本社収支	時間	
202603	005090200	59	移動時間	10.5	10.5	10.5		100.0	100.0	本社収支	時間	
202603	005090200	60	当月時間当り	4678.3	4678.3	5003.6		106.9	106.9	本社収支		
202603	005090200	61	人員	0.0	0.0	0.0		0.0	0.0	本社収支		
202512	340C10100	1	総受注高	9220000.0	9313600.0	9397786.0		100.9	101.9	イノチオフローラ	受注	
202512	340C10100	2	総売上高	9220000.0	9383600.0	9397786.0		100.1	101.9	イノチオフローラ		
202512	340C10100	3	切り花売上	3590000.0	3000000.0	3084186.0	32.8	102.8	85.9	イノチオフローラ	売上	
202512	340C10100	4	研究受託売上   	5630000.0	6313600.0	6313600.0	67.1	100.0	112.1	イノチオフローラ	売上	
202512	340C10100	5	その他売上	0.0	70000.0	0.0	0.0	0.0	0.0	イノチオフローラ	売上	
202512	340C10100	6	堆肥売上            	0.0	0.0	0.0	0.0	0.0	0.0	イノチオフローラ	売上	
202512	340C10100	7	経費合計	5697582.0	4913575.0	4767682.0	50.7	97.0	83.6	イノチオフローラ		
202512	340C10100	8	種苗費	20000.0	20000.0	122460.0	1.3	612.3	612.3	イノチオフローラ	経費	種苗費
202512	340C10100	9	肥料費	210000.0	150000.0	0.0	0.0	0.0	0.0	イノチオフローラ	経費	肥料費
202512	340C10100	10	培土費用	560000.0	0.0	0.0	0.0	0.0	0.0	イノチオフローラ	経費	培土費用
202512	340C10100	11	農薬衛生費	550000.0	620000.0	571301.0	6.0	92.1	103.8	イノチオフローラ	経費	農薬衛生費
202512	340C10100	12	農具費	104000.0	115000.0	87500.0	0.9	76.0	84.1	イノチオフローラ	経費	農具費
202512	340C10100	13	諸材料費	325000.0	35000.0	23328.0	0.2	66.6	7.1	イノチオフローラ	経費	諸材料費
202512	340C10100	14	その他仕入高	0.0	0.0	0.0	0.0	0.0	0.0	イノチオフローラ	経費	その他仕入高
202512	340C10100	15	減価償却費	269907.0	272900.0	273357.0	2.9	100.1	101.2	イノチオフローラ	経費	減価償却費
202512	340C10100	16	車両費	146000.0	146000.0	171979.0	1.8	117.7	117.7	イノチオフローラ	経費	車両費
202512	340C10100	17	旅費交通費	10000.0	10000.0	0.0	0.0	0.0	0.0	イノチオフローラ	経費	旅費交通費
202512	340C10100	18	荷造運搬費	308000.0	350000.0	243908.0	2.5	69.6	79.1	イノチオフローラ	経費	荷造運搬費
202512	340C10100	19	通信費	45000.0	45000.0	34848.0	0.3	77.4	77.4	イノチオフローラ	経費	通信費
202512	340C10100	20	水道光熱費	155000.0	155000.0	136936.0	1.4	88.3	88.3	イノチオフローラ	経費	水道光熱費
202512	340C10100	21	動力費	390000.0	390000.0	374899.0	3.9	96.1	96.1	イノチオフローラ	経費	動力費
202512	340C10100	22	燃料費	2000000.0	2000000.0	2022375.0	21.5	101.1	101.1	イノチオフローラ	経費	燃料費
202512	340C10100	23	事務用品費	8000.0	8000.0	759.0	0.0	9.4	9.4	イノチオフローラ	経費	事務用品費
202512	340C10100	24	消耗品費	20000.0	20000.0	18163.0	0.1	90.8	90.8	イノチオフローラ	経費	消耗品費
202512	340C10100	25	廃棄物処理料	60000.0	60000.0	62000.0	0.6	103.3	103.3	イノチオフローラ	経費	廃棄物処理料
202512	340C10100	26	広告宣伝費	0.0	0.0	0.0	0.0	0.0	0.0	イノチオフローラ	経費	広告宣伝費
202512	340C10100	27	接待交際費	0.0	0.0	4180.0	0.0	0.0	0.0	イノチオフローラ	経費	接待交際費
202512	340C10100	28	研究開発費	0.0	0.0	0.0	0.0	0.0	0.0	イノチオフローラ	経費	研究開発費
202512	340C10100	29	クレーム費	0.0	0.0	0.0	0.0	0.0	0.0	イノチオフローラ	経費	クレーム費
202512	340C10100	30	賃借料	0.0	0.0	0.0	0.0	0.0	0.0	イノチオフローラ	経費	賃借料
202512	340C10100	31	賃貸料収入	-186000.0	-186000.0	-155940.0	0.0	0.0	0.0	イノチオフローラ	経費	賃貸料収入
202512	340C10100	32	修繕費	160000.0	160000.0	227577.0	2.4	142.2	142.2	イノチオフローラ	経費	修繕費
202512	340C10100	33	支払リース料	5000.0	5000.0	4700.0	0.0	94.0	94.0	イノチオフローラ	経費	支払リース料
202512	340C10100	34	保険料	0.0	0.0	0.0	0.0	0.0	0.0	イノチオフローラ	経費	保険料
202512	340C10100	35	支払報酬	0.0	0.0	0.0	0.0	0.0	0.0	イノチオフローラ	経費	支払報酬
202512	340C10100	36	販売手数料	0.0	0.0	0.0	0.0	0.0	0.0	イノチオフローラ	経費	販売手数料
202512	340C10100	37	支払手数料	170000.0	170000.0	163848.0	1.7	96.3	96.3	イノチオフローラ	経費	支払手数料
202512	340C10100	38	診断料	0.0	0.0	0.0	0.0	0.0	0.0	イノチオフローラ	経費	診断料
202512	340C10100	39	諸会費	0.0	0.0	0.0	0.0	0.0	0.0	イノチオフローラ	経費	諸会費
202512	340C10100	40	会議費	0.0	0.0	0.0	0.0	0.0	0.0	イノチオフローラ	経費	会議費
202512	340C10100	41	寄付金	0.0	0.0	0.0	0.0	0.0	0.0	イノチオフローラ	経費	寄付金
202512	340C10100	42	租税公課	10000.0	10000.0	0.0	0.0	0.0	0.0	イノチオフローラ	経費	租税公課
202512	340C10100	43	業務委託費	0.0	0.0	0.0	0.0	0.0	0.0	イノチオフローラ	経費	業務委託費
202512	340C10100	44	業務受託収入	0.0	0.0	0.0	0.0	0.0	0.0	イノチオフローラ	経費	業務受託収入
202512	340C10100	45	システム管理料	0.0	0.0	0.0	0.0	0.0	0.0	イノチオフローラ	経費	システム管理料
202512	340C10100	46	情報機器利用料	55510.0	55510.0	55510.0	0.5	100.0	100.0	イノチオフローラ	経費	情報機器利用料
202512	340C10100	47	貸倒金	0.0	0.0	0.0	0.0	0.0	0.0	イノチオフローラ	経費	貸倒金
202512	340C10100	48	雑費	3000.0	3000.0	31491.0	0.3			イノチオフローラ	経費	雑費
202512	340C10100	49	福利消耗品費	10000.0	10000.0	0.0	0.0	0.0	0.0	イノチオフローラ	経費	福利消耗品費
202512	340C10100	50	教育研修費	3000.0	3000.0	2871.0	0.0	95.7	95.7	イノチオフローラ	経費	教育研修費
202512	340C10100	51	雑給	0.0	0.0	0.0	0.0	0.0	0.0	イノチオフローラ	経費	雑給
202512	340C10100	52	社内金利（固定資産）	53165.0	53165.0	56632.0	0.6	106.5	106.5	イノチオフローラ	経費	社内金利（固定資産）
202512	340C10100	53	グループ共通	233000.0	233000.0	233000.0	2.4	100.0	100.0	イノチオフローラ	経費	グループ共通
202512	340C10100	54	差引収益	3522418.0	4470025.0	4630104.0	49.2	103.5	131.4	イノチオフローラ		
202512	340C10100	55	差引比率	38.2	47.6	49.2		103.3	128.7	イノチオフローラ		
202512	340C10100	56	総時間	1087.0	1087.0	1101.5		101.3	101.3	イノチオフローラ		
202512	340C10100	57	定時間	960.0	960.0	992.0		103.3	103.3	イノチオフローラ	時間	
202512	340C10100	58	残業時間	124.0	124.0	105.5		85.0	85.0	イノチオフローラ	時間	
202512	340C10100	59	移動時間	3.0	3.0	4.0		133.3	133.3	イノチオフローラ	時間	
202512	340C10100	60	当月時間当り	3240.4	4112.2	4203.4		102.2	129.7	イノチオフローラ		
202512	340C10100	61	人員	6.0	6.0	6.0		100.0	100.0	イノチオフローラ		
202601	340C10100	1	総受注高	4890000.0	4787200.0	5046863.0		105.4	103.2	イノチオフローラ	受注	
202601	340C10100	2	総売上高	4890000.0	4787200.0	5046863.0		105.4	103.2	イノチオフローラ		
202601	340C10100	3	切り花売上	1308000.0	1200000.0	1459663.0	28.9	121.6	111.5	イノチオフローラ	売上	
202601	340C10100	4	研究受託売上   	3582000.0	3587200.0	3587200.0	71.0	100.0	100.1	イノチオフローラ	売上	
202601	340C10100	5	その他売上	0.0	0.0	0.0	0.0	0.0	0.0	イノチオフローラ	売上	
202601	340C10100	6	堆肥売上            	0.0	0.0	0.0	0.0	0.0	0.0	イノチオフローラ	売上	
202601	340C10100	7	経費合計	5034233.0	4924233.0	4406136.0	87.3	89.4	87.5	イノチオフローラ		
202601	340C10100	8	種苗費	170000.0	170000.0	60330.0	1.1	35.4	35.4	イノチオフローラ	経費	種苗費
202601	340C10100	9	肥料費	0.0	149000.0	153790.0	3.0	103.2	0.0	イノチオフローラ	経費	肥料費
202601	340C10100	10	培土費用	0.0	0.0	0.0	0.0	0.0	0.0	イノチオフローラ	経費	培土費用
202601	340C10100	11	農薬衛生費	330000.0	300000.0	333441.0	6.6	111.1	101.0	イノチオフローラ	経費	農薬衛生費
202601	340C10100	12	農具費	187000.0	55000.0	58758.0	1.1	106.8	31.4	イノチオフローラ	経費	農具費
202601	340C10100	13	諸材料費	124000.0	60000.0	61806.0	1.2	103.0	49.8	イノチオフローラ	経費	諸材料費
202601	340C10100	14	その他仕入高	0.0	0.0	0.0	0.0	0.0	0.0	イノチオフローラ	経費	その他仕入高
202601	340C10100	15	減価償却費	269907.0	269907.0	273357.0	5.4	101.2	101.2	イノチオフローラ	経費	減価償却費
202601	340C10100	16	車両費	266000.0	255000.0	167647.0	3.3	65.7	63.0	イノチオフローラ	経費	車両費
202601	340C10100	17	旅費交通費	10000.0	10000.0	3500.0	0.0	35.0	35.0	イノチオフローラ	経費	旅費交通費
202601	340C10100	18	荷造運搬費	102000.0	110000.0	104622.0	2.0	95.1	102.5	イノチオフローラ	経費	荷造運搬費
202601	340C10100	19	通信費	40000.0	40000.0	33752.0	0.6	84.3	84.3	イノチオフローラ	経費	通信費
202601	340C10100	20	水道光熱費	185000.0	189000.0	154017.0	3.0	81.4	83.2	イノチオフローラ	経費	水道光熱費
202601	340C10100	21	動力費	540000.0	480000.0	420091.0	8.3	87.5	77.7	イノチオフローラ	経費	動力費
202601	340C10100	22	燃料費	2000000.0	2000000.0	1728850.0	34.2	86.4	86.4	イノチオフローラ	経費	燃料費
202601	340C10100	23	事務用品費	5000.0	6000.0	591.0	0.0	9.8	11.8	イノチオフローラ	経費	事務用品費
202601	340C10100	24	消耗品費	15000.0	10000.0	41005.0	0.8	410.0	273.3	イノチオフローラ	経費	消耗品費
202601	340C10100	25	廃棄物処理料	0.0	30000.0	0.0	0.0	0.0	0.0	イノチオフローラ	経費	廃棄物処理料
202601	340C10100	26	広告宣伝費	0.0	0.0	0.0	0.0	0.0	0.0	イノチオフローラ	経費	広告宣伝費
202601	340C10100	27	接待交際費	0.0	0.0	0.0	0.0	0.0	0.0	イノチオフローラ	経費	接待交際費
202601	340C10100	28	研究開発費	0.0	0.0	0.0	0.0	0.0	0.0	イノチオフローラ	経費	研究開発費
202601	340C10100	29	クレーム費	0.0	0.0	0.0	0.0	0.0	0.0	イノチオフローラ	経費	クレーム費
202601	340C10100	30	賃借料	0.0	0.0	0.0	0.0	0.0	0.0	イノチオフローラ	経費	賃借料
202601	340C10100	31	賃貸料収入	-10000.0	-10000.0	0.0	0.0	0.0	0.0	イノチオフローラ	経費	賃貸料収入
202601	340C10100	32	修繕費	60000.0	60000.0	41262.0	0.8	68.7	68.7	イノチオフローラ	経費	修繕費
202601	340C10100	33	支払リース料	5000.0	5000.0	4700.0	0.0	94.0	94.0	イノチオフローラ	経費	支払リース料
202601	340C10100	34	保険料	0.0	0.0	0.0	0.0	0.0	0.0	イノチオフローラ	経費	保険料
202601	340C10100	35	支払報酬	0.0	0.0	0.0	0.0	0.0	0.0	イノチオフローラ	経費	支払報酬
202601	340C10100	36	販売手数料	326000.0	326000.0	304922.0	6.0	93.5	93.5	イノチオフローラ	経費	販売手数料
202601	340C10100	37	支払手数料	8000.0	8000.0	97846.0	1.9			イノチオフローラ	経費	支払手数料
202601	340C10100	38	診断料	15000.0	15000.0	0.0	0.0	0.0	0.0	イノチオフローラ	経費	診断料
202601	340C10100	39	諸会費	0.0	0.0	500.0	0.0	0.0	0.0	イノチオフローラ	経費	諸会費
202601	340C10100	40	会議費	0.0	0.0	0.0	0.0	0.0	0.0	イノチオフローラ	経費	会議費
202601	340C10100	41	寄付金	20000.0	20000.0	14500.0	0.2	72.5	72.5	イノチオフローラ	経費	寄付金
202601	340C10100	42	租税公課	10000.0	10000.0	0.0	0.0	0.0	0.0	イノチオフローラ	経費	租税公課
202601	340C10100	43	業務委託費	0.0	0.0	0.0	0.0	0.0	0.0	イノチオフローラ	経費	業務委託費
202601	340C10100	44	業務受託収入	0.0	0.0	0.0	0.0	0.0	0.0	イノチオフローラ	経費	業務受託収入
202601	340C10100	45	システム管理料	0.0	0.0	0.0	0.0	0.0	0.0	イノチオフローラ	経費	システム管理料
202601	340C10100	46	情報機器利用料	55510.0	55510.0	55510.0	1.0	100.0	100.0	イノチオフローラ	経費	情報機器利用料
202601	340C10100	47	貸倒金	0.0	0.0	0.0	0.0	0.0	0.0	イノチオフローラ	経費	貸倒金
202601	340C10100	48	雑費	3000.0	3000.0	203.0	0.0	6.7	6.7	イノチオフローラ	経費	雑費
202601	340C10100	49	福利消耗品費	10000.0	10000.0	0.0	0.0	0.0	0.0	イノチオフローラ	経費	福利消耗品費
202601	340C10100	50	教育研修費	3000.0	3000.0	2871.0	0.0	95.7	95.7	イノチオフローラ	経費	教育研修費
202601	340C10100	51	雑給	0.0	0.0	0.0	0.0	0.0	0.0	イノチオフローラ	経費	雑給
202601	340C10100	52	社内金利（固定資産）	51816.0	51816.0	55265.0	1.0	106.6	106.6	イノチオフローラ	経費	社内金利（固定資産）
202601	340C10100	53	グループ共通	233000.0	233000.0	233000.0	4.6	100.0	100.0	イノチオフローラ	経費	グループ共通
202601	340C10100	54	差引収益	-144233.0	-137033.0	640727.0	12.6	0.0	0.0	イノチオフローラ		
202601	340C10100	55	差引比率	-2.9	-2.8	12.6		0.0	0.0	イノチオフローラ		
202601	340C10100	56	総時間	1048.0	1038.0	911.0		87.7	86.9	イノチオフローラ		
202601	340C10100	57	定時間	960.0	960.0	824.0		85.8	85.8	イノチオフローラ	時間	
202601	340C10100	58	残業時間	85.0	75.0	82.0		109.3	96.4	イノチオフローラ	時間	
202601	340C10100	59	移動時間	3.0	3.0	5.0		166.6	166.6	イノチオフローラ	時間	
202601	340C10100	60	当月時間当り	-137.6	-132.0	703.3		0.0	0.0	イノチオフローラ		
202601	340C10100	61	人員	6.0	6.0	8.0		133.3	133.3	イノチオフローラ		
202602	340C10100	1	総受注高	1090000.0	2400000.0	1079101.0		44.9	99.0	イノチオフローラ	受注	
202602	340C10100	2	総売上高	1090000.0	2400000.0	1079101.0		44.9	99.0	イノチオフローラ		
202602	340C10100	3	切り花売上	1090000.0	2400000.0	1079101.0	100.0	44.9	99.0	イノチオフローラ	売上	
202602	340C10100	4	研究受託売上   	0.0	0.0	0.0	0.0	0.0	0.0	イノチオフローラ	売上	
202602	340C10100	5	その他売上	0.0	0.0	0.0	0.0	0.0	0.0	イノチオフローラ	売上	
202602	340C10100	6	堆肥売上            	0.0	0.0	0.0	0.0	0.0	0.0	イノチオフローラ	売上	
202602	340C10100	7	経費合計	4132883.0	4344883.0	3818886.0	353.8	87.8	92.4	イノチオフローラ		
202602	340C10100	8	種苗費	200000.0	90000.0	209850.0	19.4	233.1	104.9	イノチオフローラ	経費	種苗費
202602	340C10100	9	肥料費	61000.0	180000.0	170350.0	15.7	94.6	279.2	イノチオフローラ	経費	肥料費
202602	340C10100	10	培土費用	0.0	70000.0	0.0	0.0	0.0	0.0	イノチオフローラ	経費	培土費用
202602	340C10100	11	農薬衛生費	400000.0	350000.0	359355.0	33.3	102.6	89.8	イノチオフローラ	経費	農薬衛生費
202602	340C10100	12	農具費	83000.0	70000.0	21046.0	1.9	30.0	25.3	イノチオフローラ	経費	農具費
202602	340C10100	13	諸材料費	194000.0	35000.0	28623.0	2.6	81.7	14.7	イノチオフローラ	経費	諸材料費
202602	340C10100	14	その他仕入高	0.0	0.0	0.0	0.0	0.0	0.0	イノチオフローラ	経費	その他仕入高
202602	340C10100	15	減価償却費	269907.0	272907.0	273357.0	25.3	100.1	101.2	イノチオフローラ	経費	減価償却費
202602	340C10100	16	車両費	186000.0	186000.0	229018.0	21.2	123.1	123.1	イノチオフローラ	経費	車両費
202602	340C10100	17	旅費交通費	10000.0	5000.0	0.0	0.0	0.0	0.0	イノチオフローラ	経費	旅費交通費
202602	340C10100	18	荷造運搬費	168000.0	160000.0	129267.0	11.9	80.7	76.9	イノチオフローラ	経費	荷造運搬費
202602	340C10100	19	通信費	40000.0	39000.0	34391.0	3.1	88.1	85.9	イノチオフローラ	経費	通信費
202602	340C10100	20	水道光熱費	255000.0	210000.0	175249.0	16.2	83.4	68.7	イノチオフローラ	経費	水道光熱費
202602	340C10100	21	動力費	450000.0	450000.0	450613.0	41.7	100.1	100.1	イノチオフローラ	経費	動力費
202602	340C10100	22	燃料費	1200000.0	1200000.0	1095100.0	101.4	91.2	91.2	イノチオフローラ	経費	燃料費
202602	340C10100	23	事務用品費	9000.0	5000.0	815.0	0.0	16.3	9.0	イノチオフローラ	経費	事務用品費
202602	340C10100	24	消耗品費	15000.0	10000.0	24962.0	2.3	249.6	166.4	イノチオフローラ	経費	消耗品費
202602	340C10100	25	廃棄物処理料	60000.0	50000.0	57000.0	5.2	114.0	95.0	イノチオフローラ	経費	廃棄物処理料
202602	340C10100	26	広告宣伝費	0.0	0.0	0.0	0.0	0.0	0.0	イノチオフローラ	経費	広告宣伝費
202602	340C10100	27	接待交際費	0.0	0.0	0.0	0.0	0.0	0.0	イノチオフローラ	経費	接待交際費
202602	340C10100	28	研究開発費	0.0	0.0	0.0	0.0	0.0	0.0	イノチオフローラ	経費	研究開発費
202602	340C10100	29	クレーム費	0.0	0.0	0.0	0.0	0.0	0.0	イノチオフローラ	経費	クレーム費
202602	340C10100	30	賃借料	0.0	0.0	0.0	0.0	0.0	0.0	イノチオフローラ	経費	賃借料
202602	340C10100	31	賃貸料収入	-10000.0	-10000.0	0.0	0.0	0.0	0.0	イノチオフローラ	経費	賃貸料収入
202602	340C10100	32	修繕費	160000.0	590000.0	118169.0	10.9	20.0	73.8	イノチオフローラ	経費	修繕費
202602	340C10100	33	支払リース料	5000.0	5000.0	4700.0	0.4	94.0	94.0	イノチオフローラ	経費	支払リース料
202602	340C10100	34	保険料	0.0	0.0	0.0	0.0	0.0	0.0	イノチオフローラ	経費	保険料
202602	340C10100	35	支払報酬	0.0	0.0	0.0	0.0	0.0	0.0	イノチオフローラ	経費	支払報酬
202602	340C10100	36	販売手数料	0.0	0.0	0.0	0.0	0.0	0.0	イノチオフローラ	経費	販売手数料
202602	340C10100	37	支払手数料	12000.0	12000.0	65955.0	6.1	549.6	549.6	イノチオフローラ	経費	支払手数料
202602	340C10100	38	診断料	0.0	0.0	0.0	0.0	0.0	0.0	イノチオフローラ	経費	診断料
202602	340C10100	39	諸会費	0.0	0.0	0.0	0.0	0.0	0.0	イノチオフローラ	経費	諸会費
202602	340C10100	40	会議費	0.0	0.0	0.0	0.0	0.0	0.0	イノチオフローラ	経費	会議費
202602	340C10100	41	寄付金	0.0	0.0	0.0	0.0	0.0	0.0	イノチオフローラ	経費	寄付金
202602	340C10100	42	租税公課	10000.0	10000.0	181.0	0.0	1.8	1.8	イノチオフローラ	経費	租税公課
202602	340C10100	43	業務委託費	0.0	0.0	0.0	0.0	0.0	0.0	イノチオフローラ	経費	業務委託費
202602	340C10100	44	業務受託収入	0.0	0.0	0.0	0.0	0.0	0.0	イノチオフローラ	経費	業務受託収入
202602	340C10100	45	システム管理料	0.0	0.0	0.0	0.0	0.0	0.0	イノチオフローラ	経費	システム管理料
202602	340C10100	46	情報機器利用料	55510.0	55510.0	55510.0	5.1	100.0	100.0	イノチオフローラ	経費	情報機器利用料
202602	340C10100	47	貸倒金	0.0	0.0	0.0	0.0	0.0	0.0	イノチオフローラ	経費	貸倒金
202602	340C10100	48	雑費	3000.0	3000.0	10197.0	0.9	339.9	339.9	イノチオフローラ	経費	雑費
202602	340C10100	49	福利消耗品費	10000.0	10000.0	15409.0	1.4	154.0	154.0	イノチオフローラ	経費	福利消耗品費
202602	340C10100	50	教育研修費	3000.0	3000.0	2871.0	0.2	95.7	95.7	イノチオフローラ	経費	教育研修費
202602	340C10100	51	雑給	0.0	0.0	0.0	0.0	0.0	0.0	イノチオフローラ	経費	雑給
202602	340C10100	52	社内金利（固定資産）	50466.0	50466.0	53898.0	4.9	106.8	106.8	イノチオフローラ	経費	社内金利（固定資産）
202602	340C10100	53	グループ共通	233000.0	233000.0	233000.0	21.5	100.0	100.0	イノチオフローラ	経費	グループ共通
202602	340C10100	54	差引収益	-3042883.0	-1944883.0	-2739785.0	0.0	0.0	0.0	イノチオフローラ		
202602	340C10100	55	差引比率	-279.1	-81.0	-253.8		0.0	0.0	イノチオフローラ		
202602	340C10100	56	総時間	1033.0	1018.0	909.25		89.3	88.0	イノチオフローラ		
202602	340C10100	57	定時間	960.0	960.0	823.75		85.8	85.8	イノチオフローラ	時間	
202602	340C10100	58	残業時間	70.0	55.0	80.5		146.3	115.0	イノチオフローラ	時間	
202602	340C10100	59	移動時間	3.0	3.0	5.0		166.6	166.6	イノチオフローラ	時間	
202602	340C10100	60	当月時間当り	-2945.6	-1910.4	-3013.2		0.0	0.0	イノチオフローラ		
202602	340C10100	61	人員	6.0	6.0	6.0		100.0	100.0	イノチオフローラ		
202512	005000000	1	総受注高	9220000.0	9313600.0	9397786.0		100.9	101.9	イノチオフローラ㈱	受注	
202512	005000000	2	総売上高	9220000.0	9383600.0	9397786.0		100.1	101.9	イノチオフローラ㈱		
202512	005000000	3	切り花売上	3590000.0	3000000.0	3084186.0	32.8	102.8	85.9	イノチオフローラ㈱	売上	
202512	005000000	4	研究受託売上   	5630000.0	6313600.0	6313600.0	67.1	100.0	112.1	イノチオフローラ㈱	売上	
202512	005000000	5	その他売上	0.0	70000.0	0.0	0.0	0.0	0.0	イノチオフローラ㈱	売上	
202512	005000000	6	堆肥売上            	0.0	0.0	0.0	0.0	0.0	0.0	イノチオフローラ㈱	売上	
202512	005000000	7	経費合計	5644417.0	4860410.0	4711050.0	50.1	96.9	83.4	イノチオフローラ㈱		
202512	005000000	8	種苗費	20000.0	20000.0	122460.0	1.3	612.3	612.3	イノチオフローラ㈱	経費	種苗費
202512	005000000	9	肥料費	210000.0	150000.0	0.0	0.0	0.0	0.0	イノチオフローラ㈱	経費	肥料費
202512	005000000	10	培土費用	560000.0	0.0	0.0	0.0	0.0	0.0	イノチオフローラ㈱	経費	培土費用
202512	005000000	11	農薬衛生費	550000.0	620000.0	571301.0	6.0	92.1	103.8	イノチオフローラ㈱	経費	農薬衛生費
202512	005000000	12	農具費	104000.0	115000.0	87500.0	0.9	76.0	84.1	イノチオフローラ㈱	経費	農具費
202512	005000000	13	諸材料費	325000.0	35000.0	23328.0	0.2	66.6	7.1	イノチオフローラ㈱	経費	諸材料費
202512	005000000	14	その他仕入高	0.0	0.0	0.0	0.0	0.0	0.0	イノチオフローラ㈱	経費	その他仕入高
202512	005000000	15	減価償却費	269907.0	272900.0	273357.0	2.9	100.1	101.2	イノチオフローラ㈱	経費	減価償却費
202512	005000000	16	車両費	146000.0	146000.0	171979.0	1.8	117.7	117.7	イノチオフローラ㈱	経費	車両費
202512	005000000	17	旅費交通費	10000.0	10000.0	0.0	0.0	0.0	0.0	イノチオフローラ㈱	経費	旅費交通費
202512	005000000	18	荷造運搬費	308000.0	350000.0	243908.0	2.5	69.6	79.1	イノチオフローラ㈱	経費	荷造運搬費
202512	005000000	19	通信費	45000.0	45000.0	34848.0	0.3	77.4	77.4	イノチオフローラ㈱	経費	通信費
202512	005000000	20	水道光熱費	155000.0	155000.0	136936.0	1.4	88.3	88.3	イノチオフローラ㈱	経費	水道光熱費
202512	005000000	21	動力費	390000.0	390000.0	374899.0	3.9	96.1	96.1	イノチオフローラ㈱	経費	動力費
202512	005000000	22	燃料費	2000000.0	2000000.0	2022375.0	21.5	101.1	101.1	イノチオフローラ㈱	経費	燃料費
202512	005000000	23	事務用品費	8000.0	8000.0	759.0	0.0	9.4	9.4	イノチオフローラ㈱	経費	事務用品費
202512	005000000	24	消耗品費	20000.0	20000.0	18163.0	0.1	90.8	90.8	イノチオフローラ㈱	経費	消耗品費
202512	005000000	25	廃棄物処理料	60000.0	60000.0	62000.0	0.6	103.3	103.3	イノチオフローラ㈱	経費	廃棄物処理料
202512	005000000	26	広告宣伝費	0.0	0.0	0.0	0.0	0.0	0.0	イノチオフローラ㈱	経費	広告宣伝費
202512	005000000	27	接待交際費	0.0	0.0	4180.0	0.0	0.0	0.0	イノチオフローラ㈱	経費	接待交際費
202512	005000000	28	研究開発費	0.0	0.0	0.0	0.0	0.0	0.0	イノチオフローラ㈱	経費	研究開発費
202512	005000000	29	クレーム費	0.0	0.0	0.0	0.0	0.0	0.0	イノチオフローラ㈱	経費	クレーム費
202512	005000000	30	賃借料	0.0	0.0	0.0	0.0	0.0	0.0	イノチオフローラ㈱	経費	賃借料
202512	005000000	31	賃貸料収入	-186000.0	-186000.0	-155940.0	0.0	0.0	0.0	イノチオフローラ㈱	経費	賃貸料収入
202512	005000000	32	修繕費	160000.0	160000.0	227577.0	2.4	142.2	142.2	イノチオフローラ㈱	経費	修繕費
202512	005000000	33	支払リース料	5000.0	5000.0	4700.0	0.0	94.0	94.0	イノチオフローラ㈱	経費	支払リース料
202512	005000000	34	保険料	0.0	0.0	0.0	0.0	0.0	0.0	イノチオフローラ㈱	経費	保険料
202512	005000000	35	支払報酬	0.0	0.0	0.0	0.0	0.0	0.0	イノチオフローラ㈱	経費	支払報酬
202512	005000000	36	販売手数料	0.0	0.0	0.0	0.0	0.0	0.0	イノチオフローラ㈱	経費	販売手数料
202512	005000000	37	支払手数料	170000.0	170000.0	163848.0	1.7	96.3	96.3	イノチオフローラ㈱	経費	支払手数料
202512	005000000	38	診断料	0.0	0.0	0.0	0.0	0.0	0.0	イノチオフローラ㈱	経費	診断料
202512	005000000	39	諸会費	0.0	0.0	0.0	0.0	0.0	0.0	イノチオフローラ㈱	経費	諸会費
202512	005000000	40	会議費	0.0	0.0	0.0	0.0	0.0	0.0	イノチオフローラ㈱	経費	会議費
202512	005000000	41	寄付金	0.0	0.0	0.0	0.0	0.0	0.0	イノチオフローラ㈱	経費	寄付金
202512	005000000	42	租税公課	10000.0	10000.0	0.0	0.0	0.0	0.0	イノチオフローラ㈱	経費	租税公課
202512	005000000	43	業務委託費	0.0	0.0	0.0	0.0	0.0	0.0	イノチオフローラ㈱	経費	業務委託費
202512	005000000	44	業務受託収入	0.0	0.0	0.0	0.0	0.0	0.0	イノチオフローラ㈱	経費	業務受託収入
202512	005000000	45	システム管理料	0.0	0.0	0.0	0.0	0.0	0.0	イノチオフローラ㈱	経費	システム管理料
202512	005000000	46	情報機器利用料	55510.0	55510.0	55510.0	0.5	100.0	100.0	イノチオフローラ㈱	経費	情報機器利用料
202512	005000000	47	貸倒金	0.0	0.0	0.0	0.0	0.0	0.0	イノチオフローラ㈱	経費	貸倒金
202512	005000000	48	雑費	3000.0	3000.0	31491.0	0.3			イノチオフローラ㈱	経費	雑費
202512	005000000	49	福利消耗品費	10000.0	10000.0	0.0	0.0	0.0	0.0	イノチオフローラ㈱	経費	福利消耗品費
202512	005000000	50	教育研修費	3000.0	3000.0	2871.0	0.0	95.7	95.7	イノチオフローラ㈱	経費	教育研修費
202512	005000000	51	雑給	0.0	0.0	0.0	0.0	0.0	0.0	イノチオフローラ㈱	経費	雑給
202512	005000000	52	社内金利（固定資産）	0.0	0.0	0.0	0.0	0.0	0.0	イノチオフローラ㈱	経費	社内金利（固定資産）
202512	005000000	53	グループ共通	233000.0	233000.0	233000.0	2.4	100.0	100.0	イノチオフローラ㈱	経費	グループ共通
202512	005000000	54	差引収益	3575583.0	4523190.0	4686736.0	49.8	103.6	131.0	イノチオフローラ㈱		
202512	005000000	55	差引比率	38.7	48.2	49.8		103.3	128.6	イノチオフローラ㈱		
202512	005000000	56	総時間	1096.75	1096.75	1111.75		101.3	101.3	イノチオフローラ㈱		
202512	005000000	57	定時間	960.0	960.0	992.0		103.3	103.3	イノチオフローラ㈱	時間	
202512	005000000	58	残業時間	124.0	124.0	105.5		85.0	85.0	イノチオフローラ㈱	時間	
202512	005000000	59	移動時間	12.75	12.75	14.25		111.7	111.7	イノチオフローラ㈱	時間	
202512	005000000	60	当月時間当り	3260.1	4124.1	4215.6		102.2	129.3	イノチオフローラ㈱		
202512	005000000	61	人員	6.0	6.0	6.0		100.0	100.0	イノチオフローラ㈱		
202601	005000000	1	総受注高	4890000.0	4787200.0	5046863.0		105.4	103.2	イノチオフローラ㈱	受注	
202601	005000000	2	総売上高	4890000.0	4787200.0	5046863.0		105.4	103.2	イノチオフローラ㈱		
202601	005000000	3	切り花売上	1308000.0	1200000.0	1459663.0	28.9	121.6	111.5	イノチオフローラ㈱	売上	
202601	005000000	4	研究受託売上   	3582000.0	3587200.0	3587200.0	71.0	100.0	100.1	イノチオフローラ㈱	売上	
202601	005000000	5	その他売上	0.0	0.0	0.0	0.0	0.0	0.0	イノチオフローラ㈱	売上	
202601	005000000	6	堆肥売上            	0.0	0.0	0.0	0.0	0.0	0.0	イノチオフローラ㈱	売上	
202601	005000000	7	経費合計	4982417.0	4872417.0	4350871.0	86.2	89.2	87.3	イノチオフローラ㈱		
202601	005000000	8	種苗費	170000.0	170000.0	60330.0	1.1	35.4	35.4	イノチオフローラ㈱	経費	種苗費
202601	005000000	9	肥料費	0.0	149000.0	153790.0	3.0	103.2	0.0	イノチオフローラ㈱	経費	肥料費
202601	005000000	10	培土費用	0.0	0.0	0.0	0.0	0.0	0.0	イノチオフローラ㈱	経費	培土費用
202601	005000000	11	農薬衛生費	330000.0	300000.0	333441.0	6.6	111.1	101.0	イノチオフローラ㈱	経費	農薬衛生費
202601	005000000	12	農具費	187000.0	55000.0	58758.0	1.1	106.8	31.4	イノチオフローラ㈱	経費	農具費
202601	005000000	13	諸材料費	124000.0	60000.0	61806.0	1.2	103.0	49.8	イノチオフローラ㈱	経費	諸材料費
202601	005000000	14	その他仕入高	0.0	0.0	0.0	0.0	0.0	0.0	イノチオフローラ㈱	経費	その他仕入高
202601	005000000	15	減価償却費	269907.0	269907.0	273357.0	5.4	101.2	101.2	イノチオフローラ㈱	経費	減価償却費
202601	005000000	16	車両費	266000.0	255000.0	167647.0	3.3	65.7	63.0	イノチオフローラ㈱	経費	車両費
202601	005000000	17	旅費交通費	10000.0	10000.0	3500.0	0.0	35.0	35.0	イノチオフローラ㈱	経費	旅費交通費
202601	005000000	18	荷造運搬費	102000.0	110000.0	104622.0	2.0	95.1	102.5	イノチオフローラ㈱	経費	荷造運搬費
202601	005000000	19	通信費	40000.0	40000.0	33752.0	0.6	84.3	84.3	イノチオフローラ㈱	経費	通信費
202601	005000000	20	水道光熱費	185000.0	189000.0	154017.0	3.0	81.4	83.2	イノチオフローラ㈱	経費	水道光熱費
202601	005000000	21	動力費	540000.0	480000.0	420091.0	8.3	87.5	77.7	イノチオフローラ㈱	経費	動力費
202601	005000000	22	燃料費	2000000.0	2000000.0	1728850.0	34.2	86.4	86.4	イノチオフローラ㈱	経費	燃料費
202601	005000000	23	事務用品費	5000.0	6000.0	591.0	0.0	9.8	11.8	イノチオフローラ㈱	経費	事務用品費
202601	005000000	24	消耗品費	15000.0	10000.0	41005.0	0.8	410.0	273.3	イノチオフローラ㈱	経費	消耗品費
202601	005000000	25	廃棄物処理料	0.0	30000.0	0.0	0.0	0.0	0.0	イノチオフローラ㈱	経費	廃棄物処理料
202601	005000000	26	広告宣伝費	0.0	0.0	0.0	0.0	0.0	0.0	イノチオフローラ㈱	経費	広告宣伝費
202601	005000000	27	接待交際費	0.0	0.0	0.0	0.0	0.0	0.0	イノチオフローラ㈱	経費	接待交際費
202601	005000000	28	研究開発費	0.0	0.0	0.0	0.0	0.0	0.0	イノチオフローラ㈱	経費	研究開発費
202601	005000000	29	クレーム費	0.0	0.0	0.0	0.0	0.0	0.0	イノチオフローラ㈱	経費	クレーム費
202601	005000000	30	賃借料	0.0	0.0	0.0	0.0	0.0	0.0	イノチオフローラ㈱	経費	賃借料
202601	005000000	31	賃貸料収入	-10000.0	-10000.0	0.0	0.0	0.0	0.0	イノチオフローラ㈱	経費	賃貸料収入
202601	005000000	32	修繕費	60000.0	60000.0	41262.0	0.8	68.7	68.7	イノチオフローラ㈱	経費	修繕費
202601	005000000	33	支払リース料	5000.0	5000.0	4700.0	0.0	94.0	94.0	イノチオフローラ㈱	経費	支払リース料
202601	005000000	34	保険料	0.0	0.0	0.0	0.0	0.0	0.0	イノチオフローラ㈱	経費	保険料
202601	005000000	35	支払報酬	0.0	0.0	0.0	0.0	0.0	0.0	イノチオフローラ㈱	経費	支払報酬
202601	005000000	36	販売手数料	326000.0	326000.0	304922.0	6.0	93.5	93.5	イノチオフローラ㈱	経費	販売手数料
202601	005000000	37	支払手数料	8000.0	8000.0	97846.0	1.9			イノチオフローラ㈱	経費	支払手数料
202601	005000000	38	診断料	15000.0	15000.0	0.0	0.0	0.0	0.0	イノチオフローラ㈱	経費	診断料
202601	005000000	39	諸会費	0.0	0.0	500.0	0.0	0.0	0.0	イノチオフローラ㈱	経費	諸会費
202601	005000000	40	会議費	0.0	0.0	0.0	0.0	0.0	0.0	イノチオフローラ㈱	経費	会議費
202601	005000000	41	寄付金	20000.0	20000.0	14500.0	0.2	72.5	72.5	イノチオフローラ㈱	経費	寄付金
202601	005000000	42	租税公課	10000.0	10000.0	0.0	0.0	0.0	0.0	イノチオフローラ㈱	経費	租税公課
202601	005000000	43	業務委託費	0.0	0.0	0.0	0.0	0.0	0.0	イノチオフローラ㈱	経費	業務委託費
202601	005000000	44	業務受託収入	0.0	0.0	0.0	0.0	0.0	0.0	イノチオフローラ㈱	経費	業務受託収入
202601	005000000	45	システム管理料	0.0	0.0	0.0	0.0	0.0	0.0	イノチオフローラ㈱	経費	システム管理料
202601	005000000	46	情報機器利用料	55510.0	55510.0	55510.0	1.0	100.0	100.0	イノチオフローラ㈱	経費	情報機器利用料
202601	005000000	47	貸倒金	0.0	0.0	0.0	0.0	0.0	0.0	イノチオフローラ㈱	経費	貸倒金
202601	005000000	48	雑費	3000.0	3000.0	203.0	0.0	6.7	6.7	イノチオフローラ㈱	経費	雑費
202601	005000000	49	福利消耗品費	10000.0	10000.0	0.0	0.0	0.0	0.0	イノチオフローラ㈱	経費	福利消耗品費
202601	005000000	50	教育研修費	3000.0	3000.0	2871.0	0.0	95.7	95.7	イノチオフローラ㈱	経費	教育研修費
202601	005000000	51	雑給	0.0	0.0	0.0	0.0	0.0	0.0	イノチオフローラ㈱	経費	雑給
202601	005000000	52	社内金利（固定資産）	0.0	0.0	0.0	0.0	0.0	0.0	イノチオフローラ㈱	経費	社内金利（固定資産）
202601	005000000	53	グループ共通	233000.0	233000.0	233000.0	4.6	100.0	100.0	イノチオフローラ㈱	経費	グループ共通
202601	005000000	54	差引収益	-92417.0	-85217.0	695992.0	13.7	0.0	0.0	イノチオフローラ㈱		
202601	005000000	55	差引比率	-1.8	-1.7	13.7		0.0	0.0	イノチオフローラ㈱		
202601	005000000	56	総時間	1057.75	1047.75	920.75		87.8	87.0	イノチオフローラ㈱		
202601	005000000	57	定時間	960.0	960.0	824.0		85.8	85.8	イノチオフローラ㈱	時間	
202601	005000000	58	残業時間	85.0	75.0	82.0		109.3	96.4	イノチオフローラ㈱	時間	
202601	005000000	59	移動時間	12.75	12.75	14.75		115.6	115.6	イノチオフローラ㈱	時間	
202601	005000000	60	当月時間当り	-87.3	-81.3	755.8		0.0	0.0	イノチオフローラ㈱		
202601	005000000	61	人員	6.0	6.0	8.0		133.3	133.3	イノチオフローラ㈱		
202602	005000000	1	総受注高	1090000.0	2400000.0	1079101.0		44.9	99.0	イノチオフローラ㈱	受注	
202602	005000000	2	総売上高	1090000.0	2400000.0	1079101.0		44.9	99.0	イノチオフローラ㈱		
202602	005000000	3	切り花売上	1090000.0	2400000.0	1079101.0	100.0	44.9	99.0	イノチオフローラ㈱	売上	
202602	005000000	4	研究受託売上   	0.0	0.0	0.0	0.0	0.0	0.0	イノチオフローラ㈱	売上	
202602	005000000	5	その他売上	0.0	0.0	0.0	0.0	0.0	0.0	イノチオフローラ㈱	売上	
202602	005000000	6	堆肥売上            	0.0	0.0	0.0	0.0	0.0	0.0	イノチオフローラ㈱	売上	
202602	005000000	7	経費合計	4082417.0	4294417.0	3764988.0	348.9	87.6	92.2	イノチオフローラ㈱		
202602	005000000	8	種苗費	200000.0	90000.0	209850.0	19.4	233.1	104.9	イノチオフローラ㈱	経費	種苗費
202602	005000000	9	肥料費	61000.0	180000.0	170350.0	15.7	94.6	279.2	イノチオフローラ㈱	経費	肥料費
202602	005000000	10	培土費用	0.0	70000.0	0.0	0.0	0.0	0.0	イノチオフローラ㈱	経費	培土費用
202602	005000000	11	農薬衛生費	400000.0	350000.0	359355.0	33.3	102.6	89.8	イノチオフローラ㈱	経費	農薬衛生費
202602	005000000	12	農具費	83000.0	70000.0	21046.0	1.9	30.0	25.3	イノチオフローラ㈱	経費	農具費
202602	005000000	13	諸材料費	194000.0	35000.0	28623.0	2.6	81.7	14.7	イノチオフローラ㈱	経費	諸材料費
202602	005000000	14	その他仕入高	0.0	0.0	0.0	0.0	0.0	0.0	イノチオフローラ㈱	経費	その他仕入高
202602	005000000	15	減価償却費	269907.0	272907.0	273357.0	25.3	100.1	101.2	イノチオフローラ㈱	経費	減価償却費
202602	005000000	16	車両費	186000.0	186000.0	229018.0	21.2	123.1	123.1	イノチオフローラ㈱	経費	車両費
202602	005000000	17	旅費交通費	10000.0	5000.0	0.0	0.0	0.0	0.0	イノチオフローラ㈱	経費	旅費交通費
202602	005000000	18	荷造運搬費	168000.0	160000.0	129267.0	11.9	80.7	76.9	イノチオフローラ㈱	経費	荷造運搬費
202602	005000000	19	通信費	40000.0	39000.0	34391.0	3.1	88.1	85.9	イノチオフローラ㈱	経費	通信費
202602	005000000	20	水道光熱費	255000.0	210000.0	175249.0	16.2	83.4	68.7	イノチオフローラ㈱	経費	水道光熱費
202602	005000000	21	動力費	450000.0	450000.0	450613.0	41.7	100.1	100.1	イノチオフローラ㈱	経費	動力費
202602	005000000	22	燃料費	1200000.0	1200000.0	1095100.0	101.4	91.2	91.2	イノチオフローラ㈱	経費	燃料費
202602	005000000	23	事務用品費	9000.0	5000.0	815.0	0.0	16.3	9.0	イノチオフローラ㈱	経費	事務用品費
202602	005000000	24	消耗品費	15000.0	10000.0	24962.0	2.3	249.6	166.4	イノチオフローラ㈱	経費	消耗品費
202602	005000000	25	廃棄物処理料	60000.0	50000.0	57000.0	5.2	114.0	95.0	イノチオフローラ㈱	経費	廃棄物処理料
202602	005000000	26	広告宣伝費	0.0	0.0	0.0	0.0	0.0	0.0	イノチオフローラ㈱	経費	広告宣伝費
202602	005000000	27	接待交際費	0.0	0.0	0.0	0.0	0.0	0.0	イノチオフローラ㈱	経費	接待交際費
202602	005000000	28	研究開発費	0.0	0.0	0.0	0.0	0.0	0.0	イノチオフローラ㈱	経費	研究開発費
202602	005000000	29	クレーム費	0.0	0.0	0.0	0.0	0.0	0.0	イノチオフローラ㈱	経費	クレーム費
202602	005000000	30	賃借料	0.0	0.0	0.0	0.0	0.0	0.0	イノチオフローラ㈱	経費	賃借料
202602	005000000	31	賃貸料収入	-10000.0	-10000.0	0.0	0.0	0.0	0.0	イノチオフローラ㈱	経費	賃貸料収入
202602	005000000	32	修繕費	160000.0	590000.0	118169.0	10.9	20.0	73.8	イノチオフローラ㈱	経費	修繕費
202602	005000000	33	支払リース料	5000.0	5000.0	4700.0	0.4	94.0	94.0	イノチオフローラ㈱	経費	支払リース料
202602	005000000	34	保険料	0.0	0.0	0.0	0.0	0.0	0.0	イノチオフローラ㈱	経費	保険料
202602	005000000	35	支払報酬	0.0	0.0	0.0	0.0	0.0	0.0	イノチオフローラ㈱	経費	支払報酬
202602	005000000	36	販売手数料	0.0	0.0	0.0	0.0	0.0	0.0	イノチオフローラ㈱	経費	販売手数料
202602	005000000	37	支払手数料	12000.0	12000.0	65955.0	6.1	549.6	549.6	イノチオフローラ㈱	経費	支払手数料
202602	005000000	38	診断料	0.0	0.0	0.0	0.0	0.0	0.0	イノチオフローラ㈱	経費	診断料
202602	005000000	39	諸会費	0.0	0.0	0.0	0.0	0.0	0.0	イノチオフローラ㈱	経費	諸会費
202602	005000000	40	会議費	0.0	0.0	0.0	0.0	0.0	0.0	イノチオフローラ㈱	経費	会議費
202602	005000000	41	寄付金	0.0	0.0	0.0	0.0	0.0	0.0	イノチオフローラ㈱	経費	寄付金
202602	005000000	42	租税公課	10000.0	10000.0	181.0	0.0	1.8	1.8	イノチオフローラ㈱	経費	租税公課
202602	005000000	43	業務委託費	0.0	0.0	0.0	0.0	0.0	0.0	イノチオフローラ㈱	経費	業務委託費
202602	005000000	44	業務受託収入	0.0	0.0	0.0	0.0	0.0	0.0	イノチオフローラ㈱	経費	業務受託収入
202602	005000000	45	システム管理料	0.0	0.0	0.0	0.0	0.0	0.0	イノチオフローラ㈱	経費	システム管理料
202602	005000000	46	情報機器利用料	55510.0	55510.0	55510.0	5.1	100.0	100.0	イノチオフローラ㈱	経費	情報機器利用料
202602	005000000	47	貸倒金	0.0	0.0	0.0	0.0	0.0	0.0	イノチオフローラ㈱	経費	貸倒金
202602	005000000	48	雑費	3000.0	3000.0	10197.0	0.9	339.9	339.9	イノチオフローラ㈱	経費	雑費
202602	005000000	49	福利消耗品費	10000.0	10000.0	15409.0	1.4	154.0	154.0	イノチオフローラ㈱	経費	福利消耗品費
202602	005000000	50	教育研修費	3000.0	3000.0	2871.0	0.2	95.7	95.7	イノチオフローラ㈱	経費	教育研修費
202602	005000000	51	雑給	0.0	0.0	0.0	0.0	0.0	0.0	イノチオフローラ㈱	経費	雑給
202602	005000000	52	社内金利（固定資産）	0.0	0.0	0.0	0.0	0.0	0.0	イノチオフローラ㈱	経費	社内金利（固定資産）
202602	005000000	53	グループ共通	233000.0	233000.0	233000.0	21.5	100.0	100.0	イノチオフローラ㈱	経費	グループ共通
202602	005000000	54	差引収益	-2992417.0	-1894417.0	-2685887.0	0.0	0.0	0.0	イノチオフローラ㈱		
202602	005000000	55	差引比率	-274.5	-78.9	-248.9		0.0	0.0	イノチオフローラ㈱		
202602	005000000	56	総時間	1041.75	1026.75	918.0		89.4	88.1	イノチオフローラ㈱		
202602	005000000	57	定時間	960.0	960.0	823.75		85.8	85.8	イノチオフローラ㈱	時間	
202602	005000000	58	残業時間	70.0	55.0	80.5		146.3	115.0	イノチオフローラ㈱	時間	
202602	005000000	59	移動時間	11.75	11.75	13.75		117.0	117.0	イノチオフローラ㈱	時間	
202602	005000000	60	当月時間当り	-2872.4	-1845.0	-2925.8		0.0	0.0	イノチオフローラ㈱		
202602	005000000	61	人員	6.0	6.0	6.0		100.0	100.0	イノチオフローラ㈱		
202512	005090200	1	総受注高	0.0	0.0	0.0		0.0	0.0	本社収支	受注	
202512	005090200	2	総売上高	0.0	0.0	0.0		0.0	0.0	本社収支		
202512	005090200	3	切り花売上	0.0	0.0	0.0	0.0	0.0	0.0	本社収支	売上	
202512	005090200	4	研究受託売上   	0.0	0.0	0.0	0.0	0.0	0.0	本社収支	売上	
202512	005090200	5	その他売上	0.0	0.0	0.0	0.0	0.0	0.0	本社収支	売上	
202512	005090200	6	堆肥売上            	0.0	0.0	0.0	0.0	0.0	0.0	本社収支	売上	
202512	005090200	7	経費合計	-53165.0	-53165.0	-56632.0	0.0	0.0	0.0	本社収支		
202512	005090200	8	種苗費	0.0	0.0	0.0	0.0	0.0	0.0	本社収支	経費	種苗費
202512	005090200	9	肥料費	0.0	0.0	0.0	0.0	0.0	0.0	本社収支	経費	肥料費
202512	005090200	10	培土費用	0.0	0.0	0.0	0.0	0.0	0.0	本社収支	経費	培土費用
202512	005090200	11	農薬衛生費	0.0	0.0	0.0	0.0	0.0	0.0	本社収支	経費	農薬衛生費
202512	005090200	12	農具費	0.0	0.0	0.0	0.0	0.0	0.0	本社収支	経費	農具費
202512	005090200	13	諸材料費	0.0	0.0	0.0	0.0	0.0	0.0	本社収支	経費	諸材料費
202512	005090200	14	その他仕入高	0.0	0.0	0.0	0.0	0.0	0.0	本社収支	経費	その他仕入高
202512	005090200	15	減価償却費	0.0	0.0	0.0	0.0	0.0	0.0	本社収支	経費	減価償却費
202512	005090200	16	車両費	0.0	0.0	0.0	0.0	0.0	0.0	本社収支	経費	車両費
202512	005090200	17	旅費交通費	0.0	0.0	0.0	0.0	0.0	0.0	本社収支	経費	旅費交通費
202512	005090200	18	荷造運搬費	0.0	0.0	0.0	0.0	0.0	0.0	本社収支	経費	荷造運搬費
202512	005090200	19	通信費	0.0	0.0	0.0	0.0	0.0	0.0	本社収支	経費	通信費
202512	005090200	20	水道光熱費	0.0	0.0	0.0	0.0	0.0	0.0	本社収支	経費	水道光熱費
202512	005090200	21	動力費	0.0	0.0	0.0	0.0	0.0	0.0	本社収支	経費	動力費
202512	005090200	22	燃料費	0.0	0.0	0.0	0.0	0.0	0.0	本社収支	経費	燃料費
202512	005090200	23	事務用品費	0.0	0.0	0.0	0.0	0.0	0.0	本社収支	経費	事務用品費
202512	005090200	24	消耗品費	0.0	0.0	0.0	0.0	0.0	0.0	本社収支	経費	消耗品費
202512	005090200	25	廃棄物処理料	0.0	0.0	0.0	0.0	0.0	0.0	本社収支	経費	廃棄物処理料
202512	005090200	26	広告宣伝費	0.0	0.0	0.0	0.0	0.0	0.0	本社収支	経費	広告宣伝費
202512	005090200	27	接待交際費	0.0	0.0	0.0	0.0	0.0	0.0	本社収支	経費	接待交際費
202512	005090200	28	研究開発費	0.0	0.0	0.0	0.0	0.0	0.0	本社収支	経費	研究開発費
202512	005090200	29	クレーム費	0.0	0.0	0.0	0.0	0.0	0.0	本社収支	経費	クレーム費
202512	005090200	30	賃借料	0.0	0.0	0.0	0.0	0.0	0.0	本社収支	経費	賃借料
202512	005090200	31	賃貸料収入	0.0	0.0	0.0	0.0	0.0	0.0	本社収支	経費	賃貸料収入
202512	005090200	32	修繕費	0.0	0.0	0.0	0.0	0.0	0.0	本社収支	経費	修繕費
202512	005090200	33	支払リース料	0.0	0.0	0.0	0.0	0.0	0.0	本社収支	経費	支払リース料
202512	005090200	34	保険料	0.0	0.0	0.0	0.0	0.0	0.0	本社収支	経費	保険料
202512	005090200	35	支払報酬	0.0	0.0	0.0	0.0	0.0	0.0	本社収支	経費	支払報酬
202512	005090200	36	販売手数料	0.0	0.0	0.0	0.0	0.0	0.0	本社収支	経費	販売手数料
202512	005090200	37	支払手数料	0.0	0.0	0.0	0.0	0.0	0.0	本社収支	経費	支払手数料
202512	005090200	38	診断料	0.0	0.0	0.0	0.0	0.0	0.0	本社収支	経費	診断料
202512	005090200	39	諸会費	0.0	0.0	0.0	0.0	0.0	0.0	本社収支	経費	諸会費
202512	005090200	40	会議費	0.0	0.0	0.0	0.0	0.0	0.0	本社収支	経費	会議費
202512	005090200	41	寄付金	0.0	0.0	0.0	0.0	0.0	0.0	本社収支	経費	寄付金
202512	005090200	42	租税公課	0.0	0.0	0.0	0.0	0.0	0.0	本社収支	経費	租税公課
202512	005090200	43	業務委託費	0.0	0.0	0.0	0.0	0.0	0.0	本社収支	経費	業務委託費
202512	005090200	44	業務受託収入	0.0	0.0	0.0	0.0	0.0	0.0	本社収支	経費	業務受託収入
202512	005090200	45	システム管理料	0.0	0.0	0.0	0.0	0.0	0.0	本社収支	経費	システム管理料
202512	005090200	46	情報機器利用料	0.0	0.0	0.0	0.0	0.0	0.0	本社収支	経費	情報機器利用料
202512	005090200	47	貸倒金	0.0	0.0	0.0	0.0	0.0	0.0	本社収支	経費	貸倒金
202512	005090200	48	雑費	0.0	0.0	0.0	0.0	0.0	0.0	本社収支	経費	雑費
202512	005090200	49	福利消耗品費	0.0	0.0	0.0	0.0	0.0	0.0	本社収支	経費	福利消耗品費
202512	005090200	50	教育研修費	0.0	0.0	0.0	0.0	0.0	0.0	本社収支	経費	教育研修費
202512	005090200	51	雑給	0.0	0.0	0.0	0.0	0.0	0.0	本社収支	経費	雑給
202512	005090200	52	社内金利（固定資産）	-53165.0	-53165.0	-56632.0	0.0	0.0	0.0	本社収支	経費	社内金利（固定資産）
202512	005090200	53	グループ共通	0.0	0.0	0.0	0.0	0.0	0.0	本社収支	経費	グループ共通
202512	005090200	54	差引収益	53165.0	53165.0	56632.0	0.0	106.5	106.5	本社収支		
202512	005090200	55	差引比率	0.0	0.0	0.0		0.0	0.0	本社収支		
202512	005090200	56	総時間	9.75	9.75	10.25		105.1	105.1	本社収支		
202512	005090200	57	定時間	0.0	0.0	0.0		0.0	0.0	本社収支	時間	
202512	005090200	58	残業時間	0.0	0.0	0.0		0.0	0.0	本社収支	時間	
202512	005090200	59	移動時間	9.75	9.75	10.25		105.1	105.1	本社収支	時間	
202512	005090200	60	当月時間当り	5452.8	5452.8	5525.0		101.3	101.3	本社収支		
202512	005090200	61	人員	0.0	0.0	0.0		0.0	0.0	本社収支		
202601	005090200	1	総受注高	0.0	0.0	0.0		0.0	0.0	本社収支	受注	
202601	005090200	2	総売上高	0.0	0.0	0.0		0.0	0.0	本社収支		
202601	005090200	3	切り花売上	0.0	0.0	0.0	0.0	0.0	0.0	本社収支	売上	
202601	005090200	4	研究受託売上   	0.0	0.0	0.0	0.0	0.0	0.0	本社収支	売上	
202601	005090200	5	その他売上	0.0	0.0	0.0	0.0	0.0	0.0	本社収支	売上	
202601	005090200	6	堆肥売上            	0.0	0.0	0.0	0.0	0.0	0.0	本社収支	売上	
202601	005090200	7	経費合計	-51816.0	-51816.0	-55265.0	0.0	0.0	0.0	本社収支		
202601	005090200	8	種苗費	0.0	0.0	0.0	0.0	0.0	0.0	本社収支	経費	種苗費
202601	005090200	9	肥料費	0.0	0.0	0.0	0.0	0.0	0.0	本社収支	経費	肥料費
202601	005090200	10	培土費用	0.0	0.0	0.0	0.0	0.0	0.0	本社収支	経費	培土費用
202601	005090200	11	農薬衛生費	0.0	0.0	0.0	0.0	0.0	0.0	本社収支	経費	農薬衛生費
202601	005090200	12	農具費	0.0	0.0	0.0	0.0	0.0	0.0	本社収支	経費	農具費
202601	005090200	13	諸材料費	0.0	0.0	0.0	0.0	0.0	0.0	本社収支	経費	諸材料費
202601	005090200	14	その他仕入高	0.0	0.0	0.0	0.0	0.0	0.0	本社収支	経費	その他仕入高
202601	005090200	15	減価償却費	0.0	0.0	0.0	0.0	0.0	0.0	本社収支	経費	減価償却費
202601	005090200	16	車両費	0.0	0.0	0.0	0.0	0.0	0.0	本社収支	経費	車両費
202601	005090200	17	旅費交通費	0.0	0.0	0.0	0.0	0.0	0.0	本社収支	経費	旅費交通費
202601	005090200	18	荷造運搬費	0.0	0.0	0.0	0.0	0.0	0.0	本社収支	経費	荷造運搬費
202601	005090200	19	通信費	0.0	0.0	0.0	0.0	0.0	0.0	本社収支	経費	通信費
202601	005090200	20	水道光熱費	0.0	0.0	0.0	0.0	0.0	0.0	本社収支	経費	水道光熱費
202601	005090200	21	動力費	0.0	0.0	0.0	0.0	0.0	0.0	本社収支	経費	動力費
202601	005090200	22	燃料費	0.0	0.0	0.0	0.0	0.0	0.0	本社収支	経費	燃料費
202601	005090200	23	事務用品費	0.0	0.0	0.0	0.0	0.0	0.0	本社収支	経費	事務用品費
202601	005090200	24	消耗品費	0.0	0.0	0.0	0.0	0.0	0.0	本社収支	経費	消耗品費
202601	005090200	25	廃棄物処理料	0.0	0.0	0.0	0.0	0.0	0.0	本社収支	経費	廃棄物処理料
202601	005090200	26	広告宣伝費	0.0	0.0	0.0	0.0	0.0	0.0	本社収支	経費	広告宣伝費
202601	005090200	27	接待交際費	0.0	0.0	0.0	0.0	0.0	0.0	本社収支	経費	接待交際費
202601	005090200	28	研究開発費	0.0	0.0	0.0	0.0	0.0	0.0	本社収支	経費	研究開発費
202601	005090200	29	クレーム費	0.0	0.0	0.0	0.0	0.0	0.0	本社収支	経費	クレーム費
202601	005090200	30	賃借料	0.0	0.0	0.0	0.0	0.0	0.0	本社収支	経費	賃借料
202601	005090200	31	賃貸料収入	0.0	0.0	0.0	0.0	0.0	0.0	本社収支	経費	賃貸料収入
202601	005090200	32	修繕費	0.0	0.0	0.0	0.0	0.0	0.0	本社収支	経費	修繕費
202601	005090200	33	支払リース料	0.0	0.0	0.0	0.0	0.0	0.0	本社収支	経費	支払リース料
202601	005090200	34	保険料	0.0	0.0	0.0	0.0	0.0	0.0	本社収支	経費	保険料
202601	005090200	35	支払報酬	0.0	0.0	0.0	0.0	0.0	0.0	本社収支	経費	支払報酬
202601	005090200	36	販売手数料	0.0	0.0	0.0	0.0	0.0	0.0	本社収支	経費	販売手数料
202601	005090200	37	支払手数料	0.0	0.0	0.0	0.0	0.0	0.0	本社収支	経費	支払手数料
202601	005090200	38	診断料	0.0	0.0	0.0	0.0	0.0	0.0	本社収支	経費	診断料
202601	005090200	39	諸会費	0.0	0.0	0.0	0.0	0.0	0.0	本社収支	経費	諸会費
202601	005090200	40	会議費	0.0	0.0	0.0	0.0	0.0	0.0	本社収支	経費	会議費
202601	005090200	41	寄付金	0.0	0.0	0.0	0.0	0.0	0.0	本社収支	経費	寄付金
202601	005090200	42	租税公課	0.0	0.0	0.0	0.0	0.0	0.0	本社収支	経費	租税公課
202601	005090200	43	業務委託費	0.0	0.0	0.0	0.0	0.0	0.0	本社収支	経費	業務委託費
202601	005090200	44	業務受託収入	0.0	0.0	0.0	0.0	0.0	0.0	本社収支	経費	業務受託収入
202601	005090200	45	システム管理料	0.0	0.0	0.0	0.0	0.0	0.0	本社収支	経費	システム管理料
202601	005090200	46	情報機器利用料	0.0	0.0	0.0	0.0	0.0	0.0	本社収支	経費	情報機器利用料
202601	005090200	47	貸倒金	0.0	0.0	0.0	0.0	0.0	0.0	本社収支	経費	貸倒金
202601	005090200	48	雑費	0.0	0.0	0.0	0.0	0.0	0.0	本社収支	経費	雑費
202601	005090200	49	福利消耗品費	0.0	0.0	0.0	0.0	0.0	0.0	本社収支	経費	福利消耗品費
202601	005090200	50	教育研修費	0.0	0.0	0.0	0.0	0.0	0.0	本社収支	経費	教育研修費
202601	005090200	51	雑給	0.0	0.0	0.0	0.0	0.0	0.0	本社収支	経費	雑給
202601	005090200	52	社内金利（固定資産）	-51816.0	-51816.0	-55265.0	0.0	0.0	0.0	本社収支	経費	社内金利（固定資産）
202601	005090200	53	グループ共通	0.0	0.0	0.0	0.0	0.0	0.0	本社収支	経費	グループ共通
202601	005090200	54	差引収益	51816.0	51816.0	55265.0	0.0	106.6	106.6	本社収支		
202601	005090200	55	差引比率	0.0	0.0	0.0		0.0	0.0	本社収支		
202601	005090200	56	総時間	9.75	9.75	9.75		100.0	100.0	本社収支		
202601	005090200	57	定時間	0.0	0.0	0.0		0.0	0.0	本社収支	時間	
202601	005090200	58	残業時間	0.0	0.0	0.0		0.0	0.0	本社収支	時間	
202601	005090200	59	移動時間	9.75	9.75	9.75		100.0	100.0	本社収支	時間	
202601	005090200	60	当月時間当り	5314.4	5314.4	5668.2		106.6	106.6	本社収支		
202601	005090200	61	人員	0.0	0.0	0.0		0.0	0.0	本社収支		
202602	005090200	1	総受注高	0.0	0.0	0.0		0.0	0.0	本社収支	受注	
202602	005090200	2	総売上高	0.0	0.0	0.0		0.0	0.0	本社収支		
202602	005090200	3	切り花売上	0.0	0.0	0.0	0.0	0.0	0.0	本社収支	売上	
202602	005090200	4	研究受託売上   	0.0	0.0	0.0	0.0	0.0	0.0	本社収支	売上	
202602	005090200	5	その他売上	0.0	0.0	0.0	0.0	0.0	0.0	本社収支	売上	
202602	005090200	6	堆肥売上            	0.0	0.0	0.0	0.0	0.0	0.0	本社収支	売上	
202602	005090200	7	経費合計	-50466.0	-50466.0	-53898.0	0.0	0.0	0.0	本社収支		
202602	005090200	8	種苗費	0.0	0.0	0.0	0.0	0.0	0.0	本社収支	経費	種苗費
202602	005090200	9	肥料費	0.0	0.0	0.0	0.0	0.0	0.0	本社収支	経費	肥料費
202602	005090200	10	培土費用	0.0	0.0	0.0	0.0	0.0	0.0	本社収支	経費	培土費用
202602	005090200	11	農薬衛生費	0.0	0.0	0.0	0.0	0.0	0.0	本社収支	経費	農薬衛生費
202602	005090200	12	農具費	0.0	0.0	0.0	0.0	0.0	0.0	本社収支	経費	農具費
202602	005090200	13	諸材料費	0.0	0.0	0.0	0.0	0.0	0.0	本社収支	経費	諸材料費
202602	005090200	14	その他仕入高	0.0	0.0	0.0	0.0	0.0	0.0	本社収支	経費	その他仕入高
202602	005090200	15	減価償却費	0.0	0.0	0.0	0.0	0.0	0.0	本社収支	経費	減価償却費
202602	005090200	16	車両費	0.0	0.0	0.0	0.0	0.0	0.0	本社収支	経費	車両費
202602	005090200	17	旅費交通費	0.0	0.0	0.0	0.0	0.0	0.0	本社収支	経費	旅費交通費
202602	005090200	18	荷造運搬費	0.0	0.0	0.0	0.0	0.0	0.0	本社収支	経費	荷造運搬費
202602	005090200	19	通信費	0.0	0.0	0.0	0.0	0.0	0.0	本社収支	経費	通信費
202602	005090200	20	水道光熱費	0.0	0.0	0.0	0.0	0.0	0.0	本社収支	経費	水道光熱費
202602	005090200	21	動力費	0.0	0.0	0.0	0.0	0.0	0.0	本社収支	経費	動力費
202602	005090200	22	燃料費	0.0	0.0	0.0	0.0	0.0	0.0	本社収支	経費	燃料費
202602	005090200	23	事務用品費	0.0	0.0	0.0	0.0	0.0	0.0	本社収支	経費	事務用品費
202602	005090200	24	消耗品費	0.0	0.0	0.0	0.0	0.0	0.0	本社収支	経費	消耗品費
202602	005090200	25	廃棄物処理料	0.0	0.0	0.0	0.0	0.0	0.0	本社収支	経費	廃棄物処理料
202602	005090200	26	広告宣伝費	0.0	0.0	0.0	0.0	0.0	0.0	本社収支	経費	広告宣伝費
202602	005090200	27	接待交際費	0.0	0.0	0.0	0.0	0.0	0.0	本社収支	経費	接待交際費
202602	005090200	28	研究開発費	0.0	0.0	0.0	0.0	0.0	0.0	本社収支	経費	研究開発費
202602	005090200	29	クレーム費	0.0	0.0	0.0	0.0	0.0	0.0	本社収支	経費	クレーム費
202602	005090200	30	賃借料	0.0	0.0	0.0	0.0	0.0	0.0	本社収支	経費	賃借料
202602	005090200	31	賃貸料収入	0.0	0.0	0.0	0.0	0.0	0.0	本社収支	経費	賃貸料収入
202602	005090200	32	修繕費	0.0	0.0	0.0	0.0	0.0	0.0	本社収支	経費	修繕費
202602	005090200	33	支払リース料	0.0	0.0	0.0	0.0	0.0	0.0	本社収支	経費	支払リース料
202602	005090200	34	保険料	0.0	0.0	0.0	0.0	0.0	0.0	本社収支	経費	保険料
202602	005090200	35	支払報酬	0.0	0.0	0.0	0.0	0.0	0.0	本社収支	経費	支払報酬
202602	005090200	36	販売手数料	0.0	0.0	0.0	0.0	0.0	0.0	本社収支	経費	販売手数料
202602	005090200	37	支払手数料	0.0	0.0	0.0	0.0	0.0	0.0	本社収支	経費	支払手数料
202602	005090200	38	診断料	0.0	0.0	0.0	0.0	0.0	0.0	本社収支	経費	診断料
202602	005090200	39	諸会費	0.0	0.0	0.0	0.0	0.0	0.0	本社収支	経費	諸会費
202602	005090200	40	会議費	0.0	0.0	0.0	0.0	0.0	0.0	本社収支	経費	会議費
202602	005090200	41	寄付金	0.0	0.0	0.0	0.0	0.0	0.0	本社収支	経費	寄付金
202602	005090200	42	租税公課	0.0	0.0	0.0	0.0	0.0	0.0	本社収支	経費	租税公課
202602	005090200	43	業務委託費	0.0	0.0	0.0	0.0	0.0	0.0	本社収支	経費	業務委託費
202602	005090200	44	業務受託収入	0.0	0.0	0.0	0.0	0.0	0.0	本社収支	経費	業務受託収入
202602	005090200	45	システム管理料	0.0	0.0	0.0	0.0	0.0	0.0	本社収支	経費	システム管理料
202602	005090200	46	情報機器利用料	0.0	0.0	0.0	0.0	0.0	0.0	本社収支	経費	情報機器利用料
202602	005090200	47	貸倒金	0.0	0.0	0.0	0.0	0.0	0.0	本社収支	経費	貸倒金
202602	005090200	48	雑費	0.0	0.0	0.0	0.0	0.0	0.0	本社収支	経費	雑費
202602	005090200	49	福利消耗品費	0.0	0.0	0.0	0.0	0.0	0.0	本社収支	経費	福利消耗品費
202602	005090200	50	教育研修費	0.0	0.0	0.0	0.0	0.0	0.0	本社収支	経費	教育研修費
202602	005090200	51	雑給	0.0	0.0	0.0	0.0	0.0	0.0	本社収支	経費	雑給
202602	005090200	52	社内金利（固定資産）	-50466.0	-50466.0	-53898.0	0.0	0.0	0.0	本社収支	経費	社内金利（固定資産）
202602	005090200	53	グループ共通	0.0	0.0	0.0	0.0	0.0	0.0	本社収支	経費	グループ共通
202602	005090200	54	差引収益	50466.0	50466.0	53898.0	0.0	106.8	106.8	本社収支		
202602	005090200	55	差引比率	0.0	0.0	0.0		0.0	0.0	本社収支		
202602	005090200	56	総時間	8.75	8.75	8.75		100.0	100.0	本社収支		
202602	005090200	57	定時間	0.0	0.0	0.0		0.0	0.0	本社収支	時間	
202602	005090200	58	残業時間	0.0	0.0	0.0		0.0	0.0	本社収支	時間	
202602	005090200	59	移動時間	8.75	8.75	8.75		100.0	100.0	本社収支	時間	
202602	005090200	60	当月時間当り	5767.5	5767.5	6159.7		106.8	106.8	本社収支		
202602	005090200	61	人員	0.0	0.0	0.0		0.0	0.0	本社収支		
202204	340C10100	1	総受注高	4645000.0	4702581.0	4380874.0		93.1	94.3	イノチオフローラ	受注	
202204	340C10100	2	総売上高	4645000.0	4702581.0	4380874.0		93.1	94.3	イノチオフローラ		
202204	340C10100	3	切り花売上	2154000.0	2211581.0	1393028.0	31.7	62.9	64.6	イノチオフローラ	売上	
202204	340C10100	4	研究受託売上   	2000000.0	2000000.0	1996000.0	45.5	99.8	99.8	イノチオフローラ	売上	
202204	340C10100	5	その他売上	391000.0	391000.0	879818.0	20.0	225.0	225.0	イノチオフローラ	売上	
202204	340C10100	6	堆肥売上            	100000.0	100000.0	112028.0	2.5	112.0	112.0	イノチオフローラ	売上	
202204	340C10100	7	経費合計	6730445.0	6850445.0	7142319.0	163.0	104.2	106.1	イノチオフローラ		
202204	340C10100	8	種苗費	800000.0	800000.0	567110.0	12.9	70.8	70.8	イノチオフローラ	経費	種苗費
202204	340C10100	9	肥料費	749460.0	749460.0	550650.0	12.5	73.4	73.4	イノチオフローラ	経費	肥料費
202204	340C10100	10	培土費用	0.0	0.0	0.0	0.0	0.0	0.0	イノチオフローラ	経費	培土費用
202204	340C10100	11	農薬衛生費	738760.0	738760.0	735616.0	16.7	99.5	99.5	イノチオフローラ	経費	農薬衛生費
202204	340C10100	12	農具費	95000.0	95000.0	152613.0	3.4	160.6	160.6	イノチオフローラ	経費	農具費
202204	340C10100	13	諸材料費	120000.0	240000.0	216512.0	4.9	90.2	180.4	イノチオフローラ	経費	諸材料費
202204	340C10100	14	その他仕入高	146400.0	146400.0	691661.0	15.7	472.4	472.4	イノチオフローラ	経費	その他仕入高
202204	340C10100	15	減価償却費	716710.0	716710.0	716710.0	16.3	100.0	100.0	イノチオフローラ	経費	減価償却費
202204	340C10100	16	車両費	200227.0	200227.0	138265.0	3.1	69.0	69.0	イノチオフローラ	経費	車両費
202204	340C10100	17	旅費交通費	20000.0	20000.0	1019.0	0.0	5.0	5.0	イノチオフローラ	経費	旅費交通費
202204	340C10100	18	荷造運搬費	167348.0	167348.0	203003.0	4.6	121.3	121.3	イノチオフローラ	経費	荷造運搬費
202204	340C10100	19	通信費	28034.0	28034.0	30593.0	0.6	109.1	109.1	イノチオフローラ	経費	通信費
202204	340C10100	20	水道光熱費	192664.0	192664.0	269112.0	6.1	139.6	139.6	イノチオフローラ	経費	水道光熱費
202204	340C10100	21	動力費	551575.0	551575.0	579607.0	13.2	105.0	105.0	イノチオフローラ	経費	動力費
202204	340C10100	22	燃料費	1239400.0	1239400.0	1430120.0	32.6	115.3	115.3	イノチオフローラ	経費	燃料費
202204	340C10100	23	事務用品費	8500.0	8500.0	1213.0	0.0	14.2	14.2	イノチオフローラ	経費	事務用品費
202204	340C10100	24	消耗品費	30000.0	30000.0	1294.0	0.0	4.3	4.3	イノチオフローラ	経費	消耗品費
202204	340C10100	25	廃棄物処理料	40000.0	40000.0	23750.0	0.5	59.3	59.3	イノチオフローラ	経費	廃棄物処理料
202204	340C10100	26	広告宣伝費	0.0	0.0	0.0	0.0	0.0	0.0	イノチオフローラ	経費	広告宣伝費
202204	340C10100	27	接待交際費	0.0	0.0	0.0	0.0	0.0	0.0	イノチオフローラ	経費	接待交際費
202204	340C10100	28	研究開発費	0.0	0.0	0.0	0.0	0.0	0.0	イノチオフローラ	経費	研究開発費
202204	340C10100	29	クレーム費	0.0	0.0	0.0	0.0	0.0	0.0	イノチオフローラ	経費	クレーム費
202204	340C10100	30	賃借料	0.0	0.0	0.0	0.0	0.0	0.0	イノチオフローラ	経費	賃借料
202204	340C10100	31	賃貸料収入	0.0	0.0	0.0	0.0	0.0	0.0	イノチオフローラ	経費	賃貸料収入
202204	340C10100	32	修繕費	60000.0	60000.0	67410.0	1.5	112.3	112.3	イノチオフローラ	経費	修繕費
202204	340C10100	33	支払リース料	4800.0	4800.0	4700.0	0.1	97.9	97.9	イノチオフローラ	経費	支払リース料
202204	340C10100	34	保険料	0.0	0.0	30350.0	0.6	0.0	0.0	イノチオフローラ	経費	保険料
202204	340C10100	35	支払報酬	0.0	0.0	0.0	0.0	0.0	0.0	イノチオフローラ	経費	支払報酬
202204	340C10100	36	販売手数料	240000.0	240000.0	197750.0	4.5	82.3	82.3	イノチオフローラ	経費	販売手数料
202204	340C10100	37	支払手数料	9360.0	9360.0	9760.0	0.2	104.2	104.2	イノチオフローラ	経費	支払手数料
202204	340C10100	38	診断料	0.0	0.0	0.0	0.0	0.0	0.0	イノチオフローラ	経費	診断料
202204	340C10100	39	諸会費	0.0	0.0	0.0	0.0	0.0	0.0	イノチオフローラ	経費	諸会費
202204	340C10100	40	会議費	0.0	0.0	0.0	0.0	0.0	0.0	イノチオフローラ	経費	会議費
202204	340C10100	41	寄付金	0.0	0.0	0.0	0.0	0.0	0.0	イノチオフローラ	経費	寄付金
202204	340C10100	42	租税公課	10000.0	10000.0	0.0	0.0	0.0	0.0	イノチオフローラ	経費	租税公課
202204	340C10100	43	業務委託費	0.0	0.0	0.0	0.0	0.0	0.0	イノチオフローラ	経費	業務委託費
202204	340C10100	44	業務受託収入	0.0	0.0	0.0	0.0	0.0	0.0	イノチオフローラ	経費	業務受託収入
202204	340C10100	45	システム管理料	0.0	0.0	0.0	0.0	0.0	0.0	イノチオフローラ	経費	システム管理料
202204	340C10100	46	情報機器利用料	64000.0	64000.0	64000.0	1.4	100.0	100.0	イノチオフローラ	経費	情報機器利用料
202204	340C10100	47	貸倒金	0.0	0.0	0.0	0.0	0.0	0.0	イノチオフローラ	経費	貸倒金
202204	340C10100	48	雑費	23400.0	23400.0	3187.0	0.0	13.6	13.6	イノチオフローラ	経費	雑費
202204	340C10100	49	福利消耗品費	104240.0	104240.0	74448.0	1.6	71.4	71.4	イノチオフローラ	経費	福利消耗品費
202204	340C10100	50	教育研修費	2800.0	2800.0	2429.0	0.0	86.7	86.7	イノチオフローラ	経費	教育研修費
202204	340C10100	51	雑給	0.0	0.0	0.0	0.0	0.0	0.0	イノチオフローラ	経費	雑給
202204	340C10100	52	社内金利（固定資産）	100767.0	100767.0	112437.0	2.5	111.5	111.5	イノチオフローラ	経費	社内金利（固定資産）
202204	340C10100	53	グループ共通	267000.0	267000.0	267000.0	6.0	100.0	100.0	イノチオフローラ	経費	グループ共通
202204	340C10100	54	差引収益	-2085445.0	-2147864.0	-2761445.0	0.0	0.0	0.0	イノチオフローラ		
202204	340C10100	55	差引比率	-44.8	-45.6	-63.0		0.0	0.0	イノチオフローラ		
202204	340C10100	56	総時間	1498.25	1502.25	1354.0		90.1	90.3	イノチオフローラ		
202204	340C10100	57	定時間	1344.0	1344.0	1280.0		95.2	95.2	イノチオフローラ	時間	
202204	340C10100	58	残業時間	142.0	146.0	74.0		50.6	52.1	イノチオフローラ	時間	
202204	340C10100	59	移動時間	12.25	12.25	0.0		0.0	0.0	イノチオフローラ	時間	
202204	340C10100	60	当月時間当り	-1391.9	-1429.7	-2039.4		0.0	0.0	イノチオフローラ		
202204	340C10100	61	人員	7.0	7.0	7.0		100.0	100.0	イノチオフローラ		
202205	340C10100	1	総受注高	7537000.0	7616602.0	8782475.0		115.3	116.5	イノチオフローラ	受注	
202205	340C10100	2	総売上高	7537000.0	7616602.0	8782475.0		115.3	116.5	イノチオフローラ		
202205	340C10100	3	切り花売上	2051000.0	2169802.0	2523922.0	28.7	116.3	123.0	イノチオフローラ	売上	
202205	340C10100	4	研究受託売上   	5280000.0	5280000.0	5280000.0	60.1	100.0	100.0	イノチオフローラ	売上	
202205	340C10100	5	その他売上	196000.0	156800.0	947235.0	10.7	604.1	483.2	イノチオフローラ	売上	
202205	340C10100	6	堆肥売上            	10000.0	10000.0	31318.0	0.3	313.1	313.1	イノチオフローラ	売上	
202205	340C10100	7	経費合計	5316669.0	5127068.0	5125818.0	58.3	99.9	96.4	イノチオフローラ		
202205	340C10100	8	種苗費	200000.0	200000.0	166340.0	1.8	83.1	83.1	イノチオフローラ	経費	種苗費
202205	340C10100	9	肥料費	37200.0	37200.0	179319.0	2.0	482.0	482.0	イノチオフローラ	経費	肥料費
202205	340C10100	10	培土費用	0.0	0.0	0.0	0.0	0.0	0.0	イノチオフローラ	経費	培土費用
202205	340C10100	11	農薬衛生費	988760.0	988760.0	748574.0	8.5	75.7	75.7	イノチオフローラ	経費	農薬衛生費
202205	340C10100	12	農具費	164000.0	110000.0	135439.0	1.5	123.1	82.5	イノチオフローラ	経費	農具費
202205	340C10100	13	諸材料費	240000.0	120000.0	117099.0	1.3	97.5	48.7	イノチオフローラ	経費	諸材料費
202205	340C10100	14	その他仕入高	156800.0	156800.0	580184.0	6.6	370.0	370.0	イノチオフローラ	経費	その他仕入高
202205	340C10100	15	減価償却費	762826.0	762825.0	770573.0	8.7	101.0	101.0	イノチオフローラ	経費	減価償却費
202205	340C10100	16	車両費	258556.0	258556.0	287250.0	3.2	111.0	111.0	イノチオフローラ	経費	車両費
202205	340C10100	17	旅費交通費	10000.0	10000.0	28219.0	0.3	282.1	282.1	イノチオフローラ	経費	旅費交通費
202205	340C10100	18	荷造運搬費	156517.0	156517.0	165053.0	1.8	105.4	105.4	イノチオフローラ	経費	荷造運搬費
202205	340C10100	19	通信費	26579.0	26579.0	34325.0	0.3	129.1	129.1	イノチオフローラ	経費	通信費
202205	340C10100	20	水道光熱費	188943.0	188943.0	177240.0	2.0	93.8	93.8	イノチオフローラ	経費	水道光熱費
202205	340C10100	21	動力費	506170.0	506170.0	613066.0	6.9	121.1	121.1	イノチオフローラ	経費	動力費
202205	340C10100	22	燃料費	340000.0	340000.0	0.0	0.0	0.0	0.0	イノチオフローラ	経費	燃料費
202205	340C10100	23	事務用品費	5000.0	5000.0	2291.0	0.0	45.8	45.8	イノチオフローラ	経費	事務用品費
202205	340C10100	24	消耗品費	30000.0	30000.0	1242.0	0.0	4.1	4.1	イノチオフローラ	経費	消耗品費
202205	340C10100	25	廃棄物処理料	0.0	0.0	0.0	0.0	0.0	0.0	イノチオフローラ	経費	廃棄物処理料
202205	340C10100	26	広告宣伝費	0.0	0.0	0.0	0.0	0.0	0.0	イノチオフローラ	経費	広告宣伝費
202205	340C10100	27	接待交際費	0.0	0.0	0.0	0.0	0.0	0.0	イノチオフローラ	経費	接待交際費
202205	340C10100	28	研究開発費	0.0	0.0	0.0	0.0	0.0	0.0	イノチオフローラ	経費	研究開発費
202205	340C10100	29	クレーム費	0.0	0.0	0.0	0.0	0.0	0.0	イノチオフローラ	経費	クレーム費
202205	340C10100	30	賃借料	0.0	0.0	0.0	0.0	0.0	0.0	イノチオフローラ	経費	賃借料
202205	340C10100	31	賃貸料収入	0.0	0.0	0.0	0.0	0.0	0.0	イノチオフローラ	経費	賃貸料収入
202205	340C10100	32	修繕費	60000.0	60000.0	4000.0	0.0	6.6	6.6	イノチオフローラ	経費	修繕費
202205	340C10100	33	支払リース料	4800.0	4800.0	4700.0	0.0	97.9	97.9	イノチオフローラ	経費	支払リース料
202205	340C10100	34	保険料	0.0	0.0	0.0	0.0	0.0	0.0	イノチオフローラ	経費	保険料
202205	340C10100	35	支払報酬	0.0	0.0	0.0	0.0	0.0	0.0	イノチオフローラ	経費	支払報酬
202205	340C10100	36	販売手数料	0.0	0.0	0.0	0.0	0.0	0.0	イノチオフローラ	経費	販売手数料
202205	340C10100	37	支払手数料	9250.0	9250.0	12200.0	0.1	131.8	131.8	イノチオフローラ	経費	支払手数料
202205	340C10100	38	診断料	0.0	0.0	0.0	0.0	0.0	0.0	イノチオフローラ	経費	診断料
202205	340C10100	39	諸会費	10000.0	0.0	0.0	0.0	0.0	0.0	イノチオフローラ	経費	諸会費
202205	340C10100	40	会議費	0.0	0.0	0.0	0.0	0.0	0.0	イノチオフローラ	経費	会議費
202205	340C10100	41	寄付金	0.0	0.0	0.0	0.0	0.0	0.0	イノチオフローラ	経費	寄付金
202205	340C10100	42	租税公課	700000.0	700000.0	645100.0	7.3	92.1	92.1	イノチオフローラ	経費	租税公課
202205	340C10100	43	業務委託費	0.0	0.0	0.0	0.0	0.0	0.0	イノチオフローラ	経費	業務委託費
202205	340C10100	44	業務受託収入	0.0	0.0	0.0	0.0	0.0	0.0	イノチオフローラ	経費	業務受託収入
202205	340C10100	45	システム管理料	0.0	0.0	0.0	0.0	0.0	0.0	イノチオフローラ	経費	システム管理料
202205	340C10100	46	情報機器利用料	64000.0	58400.0	64000.0	0.7	109.5	100.0	イノチオフローラ	経費	情報機器利用料
202205	340C10100	47	貸倒金	0.0	0.0	0.0	0.0	0.0	0.0	イノチオフローラ	経費	貸倒金
202205	340C10100	48	雑費	20000.0	20000.0	290.0	0.0	1.4	1.4	イノチオフローラ	経費	雑費
202205	340C10100	49	福利消耗品費	10000.0	10000.0	0.0	0.0	0.0	0.0	イノチオフローラ	経費	福利消耗品費
202205	340C10100	50	教育研修費	2800.0	2800.0	2429.0	0.0	86.7	86.7	イノチオフローラ	経費	教育研修費
202205	340C10100	51	雑給	0.0	0.0	0.0	0.0	0.0	0.0	イノチオフローラ	経費	雑給
202205	340C10100	52	社内金利（固定資産）	97468.0	97468.0	119885.0	1.3	122.9	122.9	イノチオフローラ	経費	社内金利（固定資産）
202205	340C10100	53	グループ共通	267000.0	267000.0	267000.0	3.0	100.0	100.0	イノチオフローラ	経費	グループ共通
202205	340C10100	54	差引収益	2220331.0	2489534.0	3656657.0	41.6	146.8	164.6	イノチオフローラ		
202205	340C10100	55	差引比率	29.4	32.6	41.6		127.6	141.4	イノチオフローラ		
202205	340C10100	56	総時間	1357.75	1285.75	1166.0		90.6	85.8	イノチオフローラ		
202205	340C10100	57	定時間	1120.0	1120.0	1082.0		96.6	96.6	イノチオフローラ	時間	
202205	340C10100	58	残業時間	226.0	154.0	84.0		54.5	37.1	イノチオフローラ	時間	
202205	340C10100	59	移動時間	11.75	11.75	0.0		0.0	0.0	イノチオフローラ	時間	
202205	340C10100	60	当月時間当り	1635.3	1936.2	3136.0		161.9	191.7	イノチオフローラ		
202205	340C10100	61	人員	7.0	7.0	7.0		100.0	100.0	イノチオフローラ		
202206	340C10100	1	総受注高	7484000.0	7331727.0	5487855.0		74.8	73.3	イノチオフローラ	受注	
202206	340C10100	2	総売上高	7484000.0	7331727.0	5487855.0		74.8	73.3	イノチオフローラ		
202206	340C10100	3	切り花売上	4615000.0	4462727.0	2220886.0	40.4	49.7	48.1	イノチオフローラ	売上	
202206	340C10100	4	研究受託売上   	2752000.0	2752000.0	2815680.0	51.3	102.3	102.3	イノチオフローラ	売上	
202206	340C10100	5	その他売上	97000.0	97000.0	451289.0	8.2	465.2	465.2	イノチオフローラ	売上	
202206	340C10100	6	堆肥売上            	20000.0	20000.0	0.0	0.0	0.0	0.0	イノチオフローラ	売上	
202206	340C10100	7	経費合計	6078654.0	6371614.0	5510891.0	100.4	86.4	90.6	イノチオフローラ		
202206	340C10100	8	種苗費	550000.0	550000.0	511060.0	9.3	92.9	92.9	イノチオフローラ	経費	種苗費
202206	340C10100	9	肥料費	207650.0	207650.0	0.0	0.0	0.0	0.0	イノチオフローラ	経費	肥料費
202206	340C10100	10	培土費用	0.0	0.0	0.0	0.0	0.0	0.0	イノチオフローラ	経費	培土費用
202206	340C10100	11	農薬衛生費	1350000.0	1388760.0	1266030.0	23.0	91.1	93.7	イノチオフローラ	経費	農薬衛生費
202206	340C10100	12	農具費	207263.0	432263.0	261827.0	4.7	60.5	126.3	イノチオフローラ	経費	農具費
202206	340C10100	13	諸材料費	382500.0	382500.0	225369.0	4.1	58.9	58.9	イノチオフローラ	経費	諸材料費
202206	340C10100	14	その他仕入高	134400.0	72000.0	84779.0	1.5	117.7	63.0	イノチオフローラ	経費	その他仕入高
202206	340C10100	15	減価償却費	762826.0	762826.0	778953.0	14.1	102.1	102.1	イノチオフローラ	経費	減価償却費
202206	340C10100	16	車両費	193625.0	290825.0	167774.0	3.0	57.6	86.6	イノチオフローラ	経費	車両費
202206	340C10100	17	旅費交通費	10000.0	10000.0	8919.0	0.1	89.1	89.1	イノチオフローラ	経費	旅費交通費
202206	340C10100	18	荷造運搬費	301020.0	301020.0	216218.0	3.9	71.8	71.8	イノチオフローラ	経費	荷造運搬費
202206	340C10100	19	通信費	34434.0	34434.0	36305.0	0.6	105.4	105.4	イノチオフローラ	経費	通信費
202206	340C10100	20	水道光熱費	205330.0	205330.0	193655.0	3.5	94.3	94.3	イノチオフローラ	経費	水道光熱費
202206	340C10100	21	動力費	511636.0	511636.0	538066.0	9.8	105.1	105.1	イノチオフローラ	経費	動力費
202206	340C10100	22	燃料費	48100.0	48100.0	0.0	0.0	0.0	0.0	イノチオフローラ	経費	燃料費
202206	340C10100	23	事務用品費	7400.0	7400.0	2350.0	0.0	31.7	31.7	イノチオフローラ	経費	事務用品費
202206	340C10100	24	消耗品費	30000.0	30000.0	13144.0	0.2	43.8	43.8	イノチオフローラ	経費	消耗品費
202206	340C10100	25	廃棄物処理料	30000.0	30000.0	0.0	0.0	0.0	0.0	イノチオフローラ	経費	廃棄物処理料
202206	340C10100	26	広告宣伝費	0.0	0.0	0.0	0.0	0.0	0.0	イノチオフローラ	経費	広告宣伝費
202206	340C10100	27	接待交際費	0.0	0.0	14545.0	0.2	0.0	0.0	イノチオフローラ	経費	接待交際費
202206	340C10100	28	研究開発費	0.0	0.0	0.0	0.0	0.0	0.0	イノチオフローラ	経費	研究開発費
202206	340C10100	29	クレーム費	0.0	0.0	0.0	0.0	0.0	0.0	イノチオフローラ	経費	クレーム費
202206	340C10100	30	賃借料	0.0	0.0	0.0	0.0	0.0	0.0	イノチオフローラ	経費	賃借料
202206	340C10100	31	賃貸料収入	0.0	0.0	0.0	0.0	0.0	0.0	イノチオフローラ	経費	賃貸料収入
202206	340C10100	32	修繕費	140000.0	140000.0	214490.0	3.9	153.2	153.2	イノチオフローラ	経費	修繕費
202206	340C10100	33	支払リース料	4800.0	4800.0	4700.0	0.0	97.9	97.9	イノチオフローラ	経費	支払リース料
202206	340C10100	34	保険料	0.0	0.0	8090.0	0.1	0.0	0.0	イノチオフローラ	経費	保険料
202206	340C10100	35	支払報酬	372886.0	372886.0	333229.0	6.0	89.3	89.3	イノチオフローラ	経費	支払報酬
202206	340C10100	36	販売手数料	0.0	0.0	0.0	0.0	0.0	0.0	イノチオフローラ	経費	販売手数料
202206	340C10100	37	支払手数料	4700.0	4700.0	34400.0	0.6	731.9	731.9	イノチオフローラ	経費	支払手数料
202206	340C10100	38	診断料	0.0	0.0	0.0	0.0	0.0	0.0	イノチオフローラ	経費	診断料
202206	340C10100	39	諸会費	0.0	0.0	1819.0	0.0	0.0	0.0	イノチオフローラ	経費	諸会費
202206	340C10100	40	会議費	0.0	0.0	0.0	0.0	0.0	0.0	イノチオフローラ	経費	会議費
202206	340C10100	41	寄付金	0.0	0.0	0.0	0.0	0.0	0.0	イノチオフローラ	経費	寄付金
202206	340C10100	42	租税公課	10000.0	10000.0	0.0	0.0	0.0	0.0	イノチオフローラ	経費	租税公課
202206	340C10100	43	業務委託費	0.0	0.0	0.0	0.0	0.0	0.0	イノチオフローラ	経費	業務委託費
202206	340C10100	44	業務受託収入	0.0	0.0	0.0	0.0	0.0	0.0	イノチオフローラ	経費	業務受託収入
202206	340C10100	45	システム管理料	0.0	0.0	0.0	0.0	0.0	0.0	イノチオフローラ	経費	システム管理料
202206	340C10100	46	情報機器利用料	64000.0	58400.0	64000.0	1.1	109.5	100.0	イノチオフローラ	経費	情報機器利用料
202206	340C10100	47	貸倒金	0.0	0.0	0.0	0.0	0.0	0.0	イノチオフローラ	経費	貸倒金
202206	340C10100	48	雑費	142115.0	142115.0	106082.0	1.9	74.6	74.6	イノチオフローラ	経費	雑費
202206	340C10100	49	福利消耗品費	10000.0	10000.0	37910.0	0.6	379.1	379.1	イノチオフローラ	経費	福利消耗品費
202206	340C10100	50	教育研修費	2800.0	2800.0	2429.0	0.0	86.7	86.7	イノチオフローラ	経費	教育研修費
202206	340C10100	51	雑給	0.0	0.0	0.0	0.0	0.0	0.0	イノチオフローラ	経費	雑給
202206	340C10100	52	社内金利（固定資産）	94169.0	94169.0	117748.0	2.1	125.0	125.0	イノチオフローラ	経費	社内金利（固定資産）
202206	340C10100	53	グループ共通	267000.0	267000.0	267000.0	4.8	100.0	100.0	イノチオフローラ	経費	グループ共通
202206	340C10100	54	差引収益	1405346.0	960113.0	-23036.0	0.0	0.0	0.0	イノチオフローラ		
202206	340C10100	55	差引比率	18.7	13.0	-0.4		0.0	0.0	イノチオフローラ		
202206	340C10100	56	総時間	1566.25	1405.25	1209.75		86.0	77.2	イノチオフローラ		
202206	340C10100	57	定時間	1408.0	1232.0	1138.5		92.4	80.8	イノチオフローラ	時間	
202206	340C10100	58	残業時間	145.0	160.0	71.25		44.5	49.1	イノチオフローラ	時間	
202206	340C10100	59	移動時間	13.25	13.25	0.0		0.0	0.0	イノチオフローラ	時間	
202206	340C10100	60	当月時間当り	897.2	683.2	-19.0		0.0	0.0	イノチオフローラ		
202206	340C10100	61	人員	8.0	7.0	7.0		100.0	87.5	イノチオフローラ		
202207	340C10100	1	総受注高	11489000.0	11001295.0	9837162.0		89.4	85.6	イノチオフローラ	受注	
202207	340C10100	2	総売上高	11489000.0	11151295.0	9837162.0		88.2	85.6	イノチオフローラ		
202207	340C10100	3	切り花売上	6108000.0	5849295.0	4256847.0	43.2	72.7	69.6	イノチオフローラ	売上	
202207	340C10100	4	研究受託売上   	5064000.0	4985200.0	4985200.0	50.6	100.0	98.4	イノチオフローラ	売上	
202207	340C10100	5	その他売上	307000.0	306800.0	595115.0	6.0	193.9	193.8	イノチオフローラ	売上	
202207	340C10100	6	堆肥売上            	10000.0	10000.0	0.0	0.0	0.0	0.0	イノチオフローラ	売上	
202207	340C10100	7	経費合計	7186552.0	7368969.0	6427943.0	65.3	87.2	89.4	イノチオフローラ		
202207	340C10100	8	種苗費	600000.0	600000.0	544180.0	5.5	90.6	90.6	イノチオフローラ	経費	種苗費
202207	340C10100	9	肥料費	164900.0	164900.0	75500.0	0.7	45.7	45.7	イノチオフローラ	経費	肥料費
202207	340C10100	10	培土費用	0.0	0.0	0.0	0.0	0.0	0.0	イノチオフローラ	経費	培土費用
202207	340C10100	11	農薬衛生費	1400000.0	1512920.0	1223351.0	12.4	80.8	87.3	イノチオフローラ	経費	農薬衛生費
202207	340C10100	12	農具費	10000.0	60000.0	132705.0	1.3	221.1		イノチオフローラ	経費	農具費
202207	340C10100	13	諸材料費	691250.0	691250.0	496262.0	5.0	71.7	71.7	イノチオフローラ	経費	諸材料費
202207	340C10100	14	その他仕入高	222000.0	222000.0	221997.0	2.2	99.9	99.9	イノチオフローラ	経費	その他仕入高
202207	340C10100	15	減価償却費	762826.0	770573.0	778953.0	7.9	101.0	102.1	イノチオフローラ	経費	減価償却費
202207	340C10100	16	車両費	275652.0	275652.0	281833.0	2.8	102.2	102.2	イノチオフローラ	経費	車両費
202207	340C10100	17	旅費交通費	10000.0	10000.0	3346.0	0.0	33.4	33.4	イノチオフローラ	経費	旅費交通費
202207	340C10100	18	荷造運搬費	405508.0	412708.0	297195.0	3.0	72.0	73.2	イノチオフローラ	経費	荷造運搬費
202207	340C10100	19	通信費	28550.0	28550.0	30655.0	0.3	107.3	107.3	イノチオフローラ	経費	通信費
202207	340C10100	20	水道光熱費	205077.0	205077.0	267402.0	2.7	130.3	130.3	イノチオフローラ	経費	水道光熱費
202207	340C10100	21	動力費	481586.0	481586.0	617840.0	6.2	128.2	128.2	イノチオフローラ	経費	動力費
202207	340C10100	22	燃料費	32500.0	32500.0	0.0	0.0	0.0	0.0	イノチオフローラ	経費	燃料費
202207	340C10100	23	事務用品費	5000.0	5000.0	1868.0	0.0	37.3	37.3	イノチオフローラ	経費	事務用品費
202207	340C10100	24	消耗品費	30000.0	30000.0	23895.0	0.2	79.6	79.6	イノチオフローラ	経費	消耗品費
202207	340C10100	25	廃棄物処理料	62400.0	62400.0	0.0	0.0	0.0	0.0	イノチオフローラ	経費	廃棄物処理料
202207	340C10100	26	広告宣伝費	0.0	0.0	0.0	0.0	0.0	0.0	イノチオフローラ	経費	広告宣伝費
202207	340C10100	27	接待交際費	0.0	0.0	0.0	0.0	0.0	0.0	イノチオフローラ	経費	接待交際費
202207	340C10100	28	研究開発費	0.0	0.0	0.0	0.0	0.0	0.0	イノチオフローラ	経費	研究開発費
202207	340C10100	29	クレーム費	0.0	0.0	0.0	0.0	0.0	0.0	イノチオフローラ	経費	クレーム費
202207	340C10100	30	賃借料	0.0	0.0	0.0	0.0	0.0	0.0	イノチオフローラ	経費	賃借料
202207	340C10100	31	賃貸料収入	0.0	0.0	0.0	0.0	0.0	0.0	イノチオフローラ	経費	賃貸料収入
202207	340C10100	32	修繕費	210000.0	210000.0	0.0	0.0	0.0	0.0	イノチオフローラ	経費	修繕費
202207	340C10100	33	支払リース料	4800.0	4800.0	4700.0	0.0	97.9	97.9	イノチオフローラ	経費	支払リース料
202207	340C10100	34	保険料	0.0	0.0	0.0	0.0	0.0	0.0	イノチオフローラ	経費	保険料
202207	340C10100	35	支払報酬	0.0	0.0	0.0	0.0	0.0	0.0	イノチオフローラ	経費	支払報酬
202207	340C10100	36	販売手数料	404932.0	404932.0	311370.0	3.1	76.8	76.8	イノチオフローラ	経費	販売手数料
202207	340C10100	37	支払手数料	4700.0	9250.0	10989.0	0.1	118.8	233.8	イノチオフローラ	経費	支払手数料
202207	340C10100	38	診断料	0.0	0.0	0.0	0.0	0.0	0.0	イノチオフローラ	経費	診断料
202207	340C10100	39	諸会費	0.0	0.0	11000.0	0.1	0.0	0.0	イノチオフローラ	経費	諸会費
202207	340C10100	40	会議費	0.0	0.0	0.0	0.0	0.0	0.0	イノチオフローラ	経費	会議費
202207	340C10100	41	寄付金	0.0	0.0	0.0	0.0	0.0	0.0	イノチオフローラ	経費	寄付金
202207	340C10100	42	租税公課	700000.0	700000.0	643000.0	6.5	91.8	91.8	イノチオフローラ	経費	租税公課
202207	340C10100	43	業務委託費	0.0	0.0	0.0	0.0	0.0	0.0	イノチオフローラ	経費	業務委託費
202207	340C10100	44	業務受託収入	0.0	0.0	0.0	0.0	0.0	0.0	イノチオフローラ	経費	業務受託収入
202207	340C10100	45	システム管理料	0.0	0.0	0.0	0.0	0.0	0.0	イノチオフローラ	経費	システム管理料
202207	340C10100	46	情報機器利用料	64000.0	64000.0	64000.0	0.6	100.0	100.0	イノチオフローラ	経費	情報機器利用料
202207	340C10100	47	貸倒金	0.0	0.0	0.0	0.0	0.0	0.0	イノチオフローラ	経費	貸倒金
202207	340C10100	48	雑費	40200.0	40200.0	293.0	0.0	0.7	0.7	イノチオフローラ	経費	雑費
202207	340C10100	49	福利消耗品費	10000.0	10000.0	2327.0	0.0	23.2	23.2	イノチオフローラ	経費	福利消耗品費
202207	340C10100	50	教育研修費	2800.0	2800.0	2429.0	0.0	86.7	86.7	イノチオフローラ	経費	教育研修費
202207	340C10100	51	雑給	0.0	0.0	0.0	0.0	0.0	0.0	イノチオフローラ	経費	雑給
202207	340C10100	52	社内金利（固定資産）	90871.0	90871.0	113853.0	1.1	125.2	125.2	イノチオフローラ	経費	社内金利（固定資産）
202207	340C10100	53	グループ共通	267000.0	267000.0	267000.0	2.7	100.0	100.0	イノチオフローラ	経費	グループ共通
202207	340C10100	54	差引収益	4302448.0	3782326.0	3409219.0	34.6	90.1	79.2	イノチオフローラ		
202207	340C10100	55	差引比率	37.4	33.9	34.6		102.0	92.5	イノチオフローラ		
202207	340C10100	56	総時間	1653.75	1588.75	1356.75		85.3	82.0	イノチオフローラ		
202207	340C10100	57	定時間	1408.0	1328.0	1264.0		95.1	89.7	イノチオフローラ	時間	
202207	340C10100	58	残業時間	234.0	249.0	92.75		37.2	39.6	イノチオフローラ	時間	
202207	340C10100	59	移動時間	11.75	11.75	0.0		0.0	0.0	イノチオフローラ	時間	
202207	340C10100	60	当月時間当り	2601.6	2380.6	2512.7		105.5	96.5	イノチオフローラ		
202207	340C10100	61	人員	8.0	9.0	9.0		100.0	112.5	イノチオフローラ		
202208	340C10100	1	総受注高	21699000.0	22803606.0	23181431.0		101.6	106.8	イノチオフローラ	受注	
202208	340C10100	2	総売上高	21699000.0	22803060.0	23181431.0		101.6	106.8	イノチオフローラ		
202208	340C10100	3	切り花売上	15489000.0	16356260.0	16283011.0	70.2	99.5	105.1	イノチオフローラ	売上	
202208	340C10100	4	研究受託売上   	5245000.0	5630000.0	5686000.0	24.5	100.9	108.4	イノチオフローラ	売上	
202208	340C10100	5	その他売上	955000.0	806800.0	1206057.0	5.2	149.4	126.2	イノチオフローラ	売上	
202208	340C10100	6	堆肥売上            	10000.0	10000.0	6363.0	0.0	63.6	63.6	イノチオフローラ	売上	
202208	340C10100	7	経費合計	6351164.0	6498581.0	5489684.0	23.6	84.4	86.4	イノチオフローラ		
202208	340C10100	8	種苗費	300000.0	300000.0	260640.0	1.1	86.8	86.8	イノチオフローラ	経費	種苗費
202208	340C10100	9	肥料費	37200.0	37200.0	0.0	0.0	0.0	0.0	イノチオフローラ	経費	肥料費
202208	340C10100	10	培土費用	0.0	0.0	0.0	0.0	0.0	0.0	イノチオフローラ	経費	培土費用
202208	340C10100	11	農薬衛生費	1300000.0	1209340.0	1197457.0	5.1	99.0	92.1	イノチオフローラ	経費	農薬衛生費
202208	340C10100	12	農具費	10000.0	10000.0	56296.0	0.2	562.9	562.9	イノチオフローラ	経費	農具費
202208	340C10100	13	諸材料費	842400.0	885150.0	451082.0	1.9	50.9	53.5	イノチオフローラ	経費	諸材料費
202208	340C10100	14	その他仕入高	406800.0	406800.0	387092.0	1.6	95.1	95.1	イノチオフローラ	経費	その他仕入高
202208	340C10100	15	減価償却費	762826.0	770573.0	778953.0	3.3	101.0	102.1	イノチオフローラ	経費	減価償却費
202208	340C10100	16	車両費	199349.0	199349.0	269958.0	1.1	135.4	135.4	イノチオフローラ	経費	車両費
202208	340C10100	17	旅費交通費	10000.0	10000.0	2200.0	0.0	22.0	22.0	イノチオフローラ	経費	旅費交通費
202208	340C10100	18	荷造運搬費	1086583.0	1101463.0	502974.0	2.1	45.6	46.2	イノチオフローラ	経費	荷造運搬費
202208	340C10100	19	通信費	26856.0	26856.0	32813.0	0.1	122.1	122.1	イノチオフローラ	経費	通信費
202208	340C10100	20	水道光熱費	243168.0	243168.0	222137.0	0.9	91.3	91.3	イノチオフローラ	経費	水道光熱費
202208	340C10100	21	動力費	528810.0	528810.0	546808.0	2.3	103.4	103.4	イノチオフローラ	経費	動力費
202208	340C10100	22	燃料費	28600.0	28600.0	0.0	0.0	0.0	0.0	イノチオフローラ	経費	燃料費
202208	340C10100	23	事務用品費	7700.0	7700.0	2043.0	0.0	26.5	26.5	イノチオフローラ	経費	事務用品費
202208	340C10100	24	消耗品費	30000.0	30000.0	2063.0	0.0	6.8	6.8	イノチオフローラ	経費	消耗品費
202208	340C10100	25	廃棄物処理料	0.0	0.0	0.0	0.0	0.0	0.0	イノチオフローラ	経費	廃棄物処理料
202208	340C10100	26	広告宣伝費	0.0	0.0	0.0	0.0	0.0	0.0	イノチオフローラ	経費	広告宣伝費
202208	340C10100	27	接待交際費	0.0	0.0	0.0	0.0	0.0	0.0	イノチオフローラ	経費	接待交際費
202208	340C10100	28	研究開発費	0.0	0.0	0.0	0.0	0.0	0.0	イノチオフローラ	経費	研究開発費
202208	340C10100	29	クレーム費	0.0	0.0	0.0	0.0	0.0	0.0	イノチオフローラ	経費	クレーム費
202208	340C10100	30	賃借料	0.0	0.0	0.0	0.0	0.0	0.0	イノチオフローラ	経費	賃借料
202208	340C10100	31	賃貸料収入	0.0	0.0	0.0	0.0	0.0	0.0	イノチオフローラ	経費	賃貸料収入
202208	340C10100	32	修繕費	60000.0	232700.0	318293.0	1.3	136.7	530.4	イノチオフローラ	経費	修繕費
202208	340C10100	33	支払リース料	4800.0	4800.0	4700.0	0.0	97.9	97.9	イノチオフローラ	経費	支払リース料
202208	340C10100	34	保険料	0.0	0.0	0.0	0.0	0.0	0.0	イノチオフローラ	経費	保険料
202208	340C10100	35	支払報酬	0.0	0.0	0.0	0.0	0.0	0.0	イノチオフローラ	経費	支払報酬
202208	340C10100	36	販売手数料	0.0	0.0	0.0	0.0	0.0	0.0	イノチオフローラ	経費	販売手数料
202208	340C10100	37	支払手数料	4700.0	4700.0	12490.0	0.0	265.7	265.7	イノチオフローラ	経費	支払手数料
202208	340C10100	38	診断料	0.0	0.0	0.0	0.0	0.0	0.0	イノチオフローラ	経費	診断料
202208	340C10100	39	諸会費	0.0	0.0	0.0	0.0	0.0	0.0	イノチオフローラ	経費	諸会費
202208	340C10100	40	会議費	0.0	0.0	0.0	0.0	0.0	0.0	イノチオフローラ	経費	会議費
202208	340C10100	41	寄付金	0.0	0.0	0.0	0.0	0.0	0.0	イノチオフローラ	経費	寄付金
202208	340C10100	42	租税公課	10000.0	10000.0	208.0	0.0	2.0	2.0	イノチオフローラ	経費	租税公課
202208	340C10100	43	業務委託費	0.0	0.0	0.0	0.0	0.0	0.0	イノチオフローラ	経費	業務委託費
202208	340C10100	44	業務受託収入	0.0	0.0	0.0	0.0	0.0	0.0	イノチオフローラ	経費	業務受託収入
202208	340C10100	45	システム管理料	0.0	0.0	0.0	0.0	0.0	0.0	イノチオフローラ	経費	システム管理料
202208	340C10100	46	情報機器利用料	64000.0	64000.0	64000.0	0.2	100.0	100.0	イノチオフローラ	経費	情報機器利用料
202208	340C10100	47	貸倒金	0.0	0.0	0.0	0.0	0.0	0.0	イノチオフローラ	経費	貸倒金
202208	340C10100	48	雑費	20000.0	20000.0	-2610.0	0.0	0.0	0.0	イノチオフローラ	経費	雑費
202208	340C10100	49	福利消耗品費	10000.0	10000.0	700.0	0.0	7.0	7.0	イノチオフローラ	経費	福利消耗品費
202208	340C10100	50	教育研修費	2800.0	2800.0	2429.0	0.0	86.7	86.7	イノチオフローラ	経費	教育研修費
202208	340C10100	51	雑給	0.0	0.0	0.0	0.0	0.0	0.0	イノチオフローラ	経費	雑給
202208	340C10100	52	社内金利（固定資産）	87572.0	87572.0	109958.0	0.4	125.5	125.5	イノチオフローラ	経費	社内金利（固定資産）
202208	340C10100	53	グループ共通	267000.0	267000.0	267000.0	1.1	100.0	100.0	イノチオフローラ	経費	グループ共通
202208	340C10100	54	差引収益	15347836.0	16304479.0	17691747.0	76.3	108.5	115.2	イノチオフローラ		
202208	340C10100	55	差引比率	70.7	71.5	76.3		106.7	107.9	イノチオフローラ		
202208	340C10100	56	総時間	1816.25	2009.25	1945.5		96.8	107.1	イノチオフローラ		
202208	340C10100	57	定時間	1408.0	1584.0	1552.0		97.9	110.2	イノチオフローラ	時間	
202208	340C10100	58	残業時間	397.0	414.0	393.5		95.0	99.1	イノチオフローラ	時間	
202208	340C10100	59	移動時間	11.25	11.25	0.0		0.0	0.0	イノチオフローラ	時間	
202208	340C10100	60	当月時間当り	8450.2	8114.7	9093.6		112.0	107.6	イノチオフローラ		
202208	340C10100	61	人員	8.0	9.0	9.0		100.0	112.5	イノチオフローラ		
202209	340C10100	1	総受注高	19709000.0	23177600.0	26334351.0		113.6	133.6	イノチオフローラ	受注	
202209	340C10100	2	総売上高	19709000.0	22097600.0	26334351.0		119.1	133.6	イノチオフローラ		
202209	340C10100	3	切り花売上	6660000.0	9720000.0	13937182.0	52.9	143.3	209.2	イノチオフローラ	売上	
202209	340C10100	4	研究受託売上   	12849000.0	12210800.0	12210800.0	46.3	100.0	95.0	イノチオフローラ	売上	
202209	340C10100	5	その他売上	190000.0	156800.0	182733.0	0.6	116.5	96.1	イノチオフローラ	売上	
202209	340C10100	6	堆肥売上            	10000.0	10000.0	3636.0	0.0	36.3	36.3	イノチオフローラ	売上	
202209	340C10100	7	経費合計	6662244.0	6811521.0	6798965.0	25.8	99.8	102.0	イノチオフローラ		
202209	340C10100	8	種苗費	1000000.0	1000000.0	875000.0	3.3	87.5	87.5	イノチオフローラ	経費	種苗費
202209	340C10100	9	肥料費	231950.0	164900.0	393995.0	1.4	238.9	169.8	イノチオフローラ	経費	肥料費
202209	340C10100	10	培土費用	0.0	0.0	0.0	0.0	0.0	0.0	イノチオフローラ	経費	培土費用
202209	340C10100	11	農薬衛生費	894880.0	894880.0	789523.0	2.9	88.2	88.2	イノチオフローラ	経費	農薬衛生費
202209	340C10100	12	農具費	146000.0	146200.0	66328.0	0.2	45.3	45.4	イノチオフローラ	経費	農具費
202209	340C10100	13	諸材料費	365100.0	365100.0	343309.0	1.3	94.0	94.0	イノチオフローラ	経費	諸材料費
202209	340C10100	14	その他仕入高	150000.0	150000.0	14059.0	0.0	9.3	9.3	イノチオフローラ	経費	その他仕入高
202209	340C10100	15	減価償却費	762826.0	778953.0	778953.0	2.9	100.0	102.1	イノチオフローラ	経費	減価償却費
202209	340C10100	16	車両費	505840.0	505840.0	417379.0	1.5	82.5	82.5	イノチオフローラ	経費	車両費
202209	340C10100	17	旅費交通費	10000.0	10000.0	26819.0	0.1	268.1	268.1	イノチオフローラ	経費	旅費交通費
202209	340C10100	18	荷造運搬費	500000.0	700000.0	934671.0	3.5	133.5	186.9	イノチオフローラ	経費	荷造運搬費
202209	340C10100	19	通信費	42065.0	42065.0	36550.0	0.1	86.8	86.8	イノチオフローラ	経費	通信費
202209	340C10100	20	水道光熱費	228393.0	228393.0	177284.0	0.6	77.6	77.6	イノチオフローラ	経費	水道光熱費
202209	340C10100	21	動力費	515416.0	515416.0	682826.0	2.5	132.4	132.4	イノチオフローラ	経費	動力費
202209	340C10100	22	燃料費	57200.0	57200.0	0.0	0.0	0.0	0.0	イノチオフローラ	経費	燃料費
202209	340C10100	23	事務用品費	5000.0	5000.0	3339.0	0.0	66.7	66.7	イノチオフローラ	経費	事務用品費
202209	340C10100	24	消耗品費	30000.0	30000.0	2688.0	0.0	8.9	8.9	イノチオフローラ	経費	消耗品費
202209	340C10100	25	廃棄物処理料	0.0	0.0	25650.0	0.0	0.0	0.0	イノチオフローラ	経費	廃棄物処理料
202209	340C10100	26	広告宣伝費	0.0	0.0	0.0	0.0	0.0	0.0	イノチオフローラ	経費	広告宣伝費
202209	340C10100	27	接待交際費	0.0	0.0	19854.0	0.0	0.0	0.0	イノチオフローラ	経費	接待交際費
202209	340C10100	28	研究開発費	0.0	0.0	0.0	0.0	0.0	0.0	イノチオフローラ	経費	研究開発費
202209	340C10100	29	クレーム費	0.0	0.0	0.0	0.0	0.0	0.0	イノチオフローラ	経費	クレーム費
202209	340C10100	30	賃借料	0.0	0.0	0.0	0.0	0.0	0.0	イノチオフローラ	経費	賃借料
202209	340C10100	31	賃貸料収入	0.0	0.0	0.0	0.0	0.0	0.0	イノチオフローラ	経費	賃貸料収入
202209	340C10100	32	修繕費	60000.0	60000.0	107600.0	0.4	179.3	179.3	イノチオフローラ	経費	修繕費
202209	340C10100	33	支払リース料	4800.0	4800.0	4700.0	0.0	97.9	97.9	イノチオフローラ	経費	支払リース料
202209	340C10100	34	保険料	0.0	0.0	0.0	0.0	0.0	0.0	イノチオフローラ	経費	保険料
202209	340C10100	35	支払報酬	0.0	0.0	0.0	0.0	0.0	0.0	イノチオフローラ	経費	支払報酬
202209	340C10100	36	販売手数料	0.0	0.0	0.0	0.0	0.0	0.0	イノチオフローラ	経費	販売手数料
202209	340C10100	37	支払手数料	4700.0	4700.0	15650.0	0.0	332.9	332.9	イノチオフローラ	経費	支払手数料
202209	340C10100	38	診断料	0.0	0.0	0.0	0.0	0.0	0.0	イノチオフローラ	経費	診断料
202209	340C10100	39	諸会費	0.0	0.0	0.0	0.0	0.0	0.0	イノチオフローラ	経費	諸会費
202209	340C10100	40	会議費	0.0	0.0	0.0	0.0	0.0	0.0	イノチオフローラ	経費	会議費
202209	340C10100	41	寄付金	0.0	0.0	0.0	0.0	0.0	0.0	イノチオフローラ	経費	寄付金
202209	340C10100	42	租税公課	700000.0	700000.0	643003.0	2.4	91.8	91.8	イノチオフローラ	経費	租税公課
202209	340C10100	43	業務委託費	0.0	0.0	0.0	0.0	0.0	0.0	イノチオフローラ	経費	業務委託費
202209	340C10100	44	業務受託収入	0.0	0.0	0.0	0.0	0.0	0.0	イノチオフローラ	経費	業務受託収入
202209	340C10100	45	システム管理料	0.0	0.0	0.0	0.0	0.0	0.0	イノチオフローラ	経費	システム管理料
202209	340C10100	46	情報機器利用料	64000.0	64000.0	64000.0	0.2	100.0	100.0	イノチオフローラ	経費	情報機器利用料
202209	340C10100	47	貸倒金	0.0	0.0	0.0	0.0	0.0	0.0	イノチオフローラ	経費	貸倒金
202209	340C10100	48	雑費	20000.0	20000.0	292.0	0.0	1.4	1.4	イノチオフローラ	経費	雑費
202209	340C10100	49	福利消耗品費	10000.0	10000.0	0.0	0.0	0.0	0.0	イノチオフローラ	経費	福利消耗品費
202209	340C10100	50	教育研修費	2800.0	2800.0	2429.0	0.0	86.7	86.7	イノチオフローラ	経費	教育研修費
202209	340C10100	51	雑給	0.0	0.0	0.0	0.0	0.0	0.0	イノチオフローラ	経費	雑給
202209	340C10100	52	社内金利（固定資産）	84274.0	84274.0	106064.0	0.4	125.8	125.8	イノチオフローラ	経費	社内金利（固定資産）
202209	340C10100	53	グループ共通	267000.0	267000.0	267000.0	1.0	100.0	100.0	イノチオフローラ	経費	グループ共通
202209	340C10100	54	差引収益	13046756.0	15286079.0	19535386.0	74.1	127.7	149.7	イノチオフローラ		
202209	340C10100	55	差引比率	66.1	69.1	74.1		107.2	112.1	イノチオフローラ		
202209	340C10100	56	総時間	1818.75	1991.75	1845.0		92.6	101.4	イノチオフローラ		
202209	340C10100	57	定時間	1536.0	1728.0	1650.75		95.5	107.4	イノチオフローラ	時間	
202209	340C10100	58	残業時間	271.0	252.0	194.25		77.0	71.6	イノチオフローラ	時間	
202209	340C10100	59	移動時間	11.75	11.75	0.0		0.0	0.0	イノチオフローラ	時間	
202209	340C10100	60	当月時間当り	7173.4	7674.6	10588.2		137.9	147.6	イノチオフローラ		
202209	340C10100	61	人員	8.0	9.0	9.0		100.0	112.5	イノチオフローラ		
202210	340C10100	1	総受注高	9069000.0	8830304.0	8104288.0		91.7	89.3	イノチオフローラ	受注	
202210	340C10100	2	総売上高	9069000.0	8830304.0	8104288.0		91.7	89.3	イノチオフローラ		
202210	340C10100	3	切り花売上	4066000.0	3871504.0	2899010.0	35.7	74.8	71.2	イノチオフローラ	売上	
202210	340C10100	4	研究受託売上   	4937000.0	4808800.0	4808800.0	59.3	100.0	97.4	イノチオフローラ	売上	
202210	340C10100	5	その他売上	16000.0	140000.0	389206.0	4.8	278.0		イノチオフローラ	売上	
202210	340C10100	6	堆肥売上            	50000.0	10000.0	7272.0	0.0	72.7	14.5	イノチオフローラ	売上	
202210	340C10100	7	経費合計	6941195.0	6720646.0	7362708.0	90.8	109.5	106.0	イノチオフローラ		
202210	340C10100	8	種苗費	20000.0	20000.0	18000.0	0.2	90.0	90.0	イノチオフローラ	経費	種苗費
202210	340C10100	9	肥料費	0.0	0.0	75600.0	0.9	0.0	0.0	イノチオフローラ	経費	肥料費
202210	340C10100	10	培土費用	0.0	0.0	0.0	0.0	0.0	0.0	イノチオフローラ	経費	培土費用
202210	340C10100	11	農薬衛生費	803720.0	608840.0	436256.0	5.3	71.6	54.2	イノチオフローラ	経費	農薬衛生費
202210	340C10100	12	農具費	155200.0	233400.0	403159.0	4.9	172.7	259.7	イノチオフローラ	経費	農具費
202210	340C10100	13	諸材料費	240000.0	120000.0	686822.0	8.4	572.3	286.1	イノチオフローラ	経費	諸材料費
202210	340C10100	14	その他仕入高	144000.0	144000.0	0.0	0.0	0.0	0.0	イノチオフローラ	経費	その他仕入高
202210	340C10100	15	減価償却費	762826.0	778953.0	778953.0	9.6	100.0	102.1	イノチオフローラ	経費	減価償却費
202210	340C10100	16	車両費	304133.0	304137.0	236980.0	2.9	77.9	77.9	イノチオフローラ	経費	車両費
202210	340C10100	17	旅費交通費	60000.0	60000.0	0.0	0.0	0.0	0.0	イノチオフローラ	経費	旅費交通費
202210	340C10100	18	荷造運搬費	246131.0	246131.0	152741.0	1.8	62.0	62.0	イノチオフローラ	経費	荷造運搬費
202210	340C10100	19	通信費	65896.0	65896.0	33559.0	0.4	50.9	50.9	イノチオフローラ	経費	通信費
202210	340C10100	20	水道光熱費	198900.0	198900.0	331640.0	4.0	166.7	166.7	イノチオフローラ	経費	水道光熱費
202210	340C10100	21	動力費	475566.0	475566.0	702815.0	8.6	147.7	147.7	イノチオフローラ	経費	動力費
202210	340C10100	22	燃料費	1239400.0	1239400.0	1491600.0	18.4	120.3	120.3	イノチオフローラ	経費	燃料費
202210	340C10100	23	事務用品費	7900.0	7900.0	427.0	0.0	5.4	5.4	イノチオフローラ	経費	事務用品費
202210	340C10100	24	消耗品費	30000.0	30000.0	2877.0	0.0	9.5	9.5	イノチオフローラ	経費	消耗品費
202210	340C10100	25	廃棄物処理料	112400.0	112400.0	25650.0	0.3	22.8	22.8	イノチオフローラ	経費	廃棄物処理料
202210	340C10100	26	広告宣伝費	0.0	0.0	0.0	0.0	0.0	0.0	イノチオフローラ	経費	広告宣伝費
202210	340C10100	27	接待交際費	0.0	0.0	0.0	0.0	0.0	0.0	イノチオフローラ	経費	接待交際費
202210	340C10100	28	研究開発費	0.0	0.0	0.0	0.0	0.0	0.0	イノチオフローラ	経費	研究開発費
202210	340C10100	29	クレーム費	0.0	0.0	0.0	0.0	0.0	0.0	イノチオフローラ	経費	クレーム費
202210	340C10100	30	賃借料	0.0	0.0	0.0	0.0	0.0	0.0	イノチオフローラ	経費	賃借料
202210	340C10100	31	賃貸料収入	0.0	0.0	0.0	0.0	0.0	0.0	イノチオフローラ	経費	賃貸料収入
202210	340C10100	32	修繕費	60000.0	60000.0	130990.0	1.6	218.3	218.3	イノチオフローラ	経費	修繕費
202210	340C10100	33	支払リース料	4800.0	4800.0	4700.0	0.0	97.9	97.9	イノチオフローラ	経費	支払リース料
202210	340C10100	34	保険料	0.0	0.0	0.0	0.0	0.0	0.0	イノチオフローラ	経費	保険料
202210	340C10100	35	支払報酬	0.0	0.0	0.0	0.0	0.0	0.0	イノチオフローラ	経費	支払報酬
202210	340C10100	36	販売手数料	880000.0	880000.0	1334417.0	16.4	151.6	151.6	イノチオフローラ	経費	販売手数料
202210	340C10100	37	支払手数料	11635.0	11635.0	11450.0	0.1	98.4	98.4	イノチオフローラ	経費	支払手数料
202210	340C10100	38	診断料	0.0	0.0	0.0	0.0	0.0	0.0	イノチオフローラ	経費	診断料
202210	340C10100	39	諸会費	0.0	0.0	68182.0	0.8	0.0	0.0	イノチオフローラ	経費	諸会費
202210	340C10100	40	会議費	0.0	0.0	0.0	0.0	0.0	0.0	イノチオフローラ	経費	会議費
202210	340C10100	41	寄付金	0.0	0.0	0.0	0.0	0.0	0.0	イノチオフローラ	経費	寄付金
202210	340C10100	42	租税公課	10000.0	10000.0	0.0	0.0	0.0	0.0	イノチオフローラ	経費	租税公課
202210	340C10100	43	業務委託費	0.0	0.0	0.0	0.0	0.0	0.0	イノチオフローラ	経費	業務委託費
202210	340C10100	44	業務受託収入	0.0	0.0	0.0	0.0	0.0	0.0	イノチオフローラ	経費	業務受託収入
202210	340C10100	45	システム管理料	0.0	0.0	0.0	0.0	0.0	0.0	イノチオフローラ	経費	システム管理料
202210	340C10100	46	情報機器利用料	64000.0	64000.0	64000.0	0.7	100.0	100.0	イノチオフローラ	経費	情報機器利用料
202210	340C10100	47	貸倒金	0.0	0.0	0.0	0.0	0.0	0.0	イノチオフローラ	経費	貸倒金
202210	340C10100	48	雑費	620000.0	620000.0	292.0	0.0	0.0	0.0	イノチオフローラ	経費	雑費
202210	340C10100	49	福利消耗品費	73913.0	73913.0	0.0	0.0	0.0	0.0	イノチオフローラ	経費	福利消耗品費
202210	340C10100	50	教育研修費	2800.0	2800.0	2429.0	0.0	86.7	86.7	イノチオフローラ	経費	教育研修費
202210	340C10100	51	雑給	0.0	0.0	0.0	0.0	0.0	0.0	イノチオフローラ	経費	雑給
202210	340C10100	52	社内金利（固定資産）	80975.0	80975.0	102169.0	1.2	126.1	126.1	イノチオフローラ	経費	社内金利（固定資産）
202210	340C10100	53	グループ共通	267000.0	267000.0	267000.0	3.2	100.0	100.0	イノチオフローラ	経費	グループ共通
202210	340C10100	54	差引収益	2127805.0	2109658.0	741580.0	9.1	35.1	34.8	イノチオフローラ		
202210	340C10100	55	差引比率	23.4	23.8	9.1		38.2	38.8	イノチオフローラ		
202210	340C10100	56	総時間	1621.75	1506.75	1402.5		93.0	86.4	イノチオフローラ		
202210	340C10100	57	定時間	1440.0	1312.0	1282.25		97.7	89.0	イノチオフローラ	時間	
202210	340C10100	58	残業時間	170.0	183.0	120.25		65.7	70.7	イノチオフローラ	時間	
202210	340C10100	59	移動時間	11.75	11.75	0.0		0.0	0.0	イノチオフローラ	時間	
202210	340C10100	60	当月時間当り	1312.0	1400.1	528.7		37.7	40.2	イノチオフローラ		
202210	340C10100	61	人員	9.0	9.0	9.0		100.0	100.0	イノチオフローラ		
202211	340C10100	1	総受注高	16458000.0	17153324.0	18148652.0		105.8	110.2	イノチオフローラ	受注	
202211	340C10100	2	総売上高	16458000.0	17153324.0	18148652.0		105.8	110.2	イノチオフローラ		
202211	340C10100	3	切り花売上	1193000.0	1326924.0	1805700.0	9.9	136.0	151.3	イノチオフローラ	売上	
202211	340C10100	4	研究受託売上   	15015000.0	15616400.0	15616400.0	86.0	100.0	104.0	イノチオフローラ	売上	
202211	340C10100	5	その他売上	240000.0	200000.0	652914.0	3.5	326.4	272.0	イノチオフローラ	売上	
202211	340C10100	6	堆肥売上            	10000.0	10000.0	73638.0	0.4	736.3	736.3	イノチオフローラ	売上	
202211	340C10100	7	経費合計	6735619.0	7744890.0	7543291.0	41.5	97.3	111.9	イノチオフローラ		
202211	340C10100	8	種苗費	20000.0	20000.0	0.0	0.0	0.0	0.0	イノチオフローラ	経費	種苗費
202211	340C10100	9	肥料費	49200.0	49200.0	43200.0	0.2	87.8	87.8	イノチオフローラ	経費	肥料費
202211	340C10100	10	培土費用	0.0	0.0	0.0	0.0	0.0	0.0	イノチオフローラ	経費	培土費用
202211	340C10100	11	農薬衛生費	689920.0	689920.0	481173.0	2.6	69.7	69.7	イノチオフローラ	経費	農薬衛生費
202211	340C10100	12	農具費	110000.0	323400.0	258552.0	1.4	79.9	235.0	イノチオフローラ	経費	農具費
202211	340C10100	13	諸材料費	120000.0	0.0	0.0	0.0	0.0	0.0	イノチオフローラ	経費	諸材料費
202211	340C10100	14	その他仕入高	0.0	200000.0	319677.0	1.7	159.8	0.0	イノチオフローラ	経費	その他仕入高
202211	340C10100	15	減価償却費	762826.0	778953.0	778953.0	4.2	100.0	102.1	イノチオフローラ	経費	減価償却費
202211	340C10100	16	車両費	1067743.0	1095747.0	1054270.0	5.8	96.2	98.7	イノチオフローラ	経費	車両費
202211	340C10100	17	旅費交通費	130000.0	60000.0	6373.0	0.0	10.6	4.9	イノチオフローラ	経費	旅費交通費
202211	340C10100	18	荷造運搬費	103261.0	103261.0	160210.0	0.8	155.1	155.1	イノチオフローラ	経費	荷造運搬費
202211	340C10100	19	通信費	29856.0	29856.0	33950.0	0.1	113.7	113.7	イノチオフローラ	経費	通信費
202211	340C10100	20	水道光熱費	205256.0	205256.0	196435.0	1.0	95.7	95.7	イノチオフローラ	経費	水道光熱費
202211	340C10100	21	動力費	518421.0	518421.0	651870.0	3.5	125.7	125.7	イノチオフローラ	経費	動力費
202211	340C10100	22	燃料費	1530000.0	1530000.0	1467800.0	8.0	95.9	95.9	イノチオフローラ	経費	燃料費
202211	340C10100	23	事務用品費	5000.0	5000.0	7425.0	0.0	148.5	148.5	イノチオフローラ	経費	事務用品費
202211	340C10100	24	消耗品費	30000.0	30000.0	530400.0	2.9			イノチオフローラ	経費	消耗品費
202211	340C10100	25	廃棄物処理料	32400.0	32400.0	20000.0	0.1	61.7	61.7	イノチオフローラ	経費	廃棄物処理料
202211	340C10100	26	広告宣伝費	0.0	0.0	0.0	0.0	0.0	0.0	イノチオフローラ	経費	広告宣伝費
202211	340C10100	27	接待交際費	50000.0	0.0	0.0	0.0	0.0	0.0	イノチオフローラ	経費	接待交際費
202211	340C10100	28	研究開発費	0.0	0.0	0.0	0.0	0.0	0.0	イノチオフローラ	経費	研究開発費
202211	340C10100	29	クレーム費	0.0	0.0	0.0	0.0	0.0	0.0	イノチオフローラ	経費	クレーム費
202211	340C10100	30	賃借料	0.0	0.0	0.0	0.0	0.0	0.0	イノチオフローラ	経費	賃借料
202211	340C10100	31	賃貸料収入	0.0	0.0	0.0	0.0	0.0	0.0	イノチオフローラ	経費	賃貸料収入
202211	340C10100	32	修繕費	60000.0	335400.0	259120.0	1.4	77.2	431.8	イノチオフローラ	経費	修繕費
202211	340C10100	33	支払リース料	4800.0	4800.0	4700.0	0.0	97.9	97.9	イノチオフローラ	経費	支払リース料
202211	340C10100	34	保険料	0.0	0.0	0.0	0.0	0.0	0.0	イノチオフローラ	経費	保険料
202211	340C10100	35	支払報酬	0.0	0.0	0.0	0.0	0.0	0.0	イノチオフローラ	経費	支払報酬
202211	340C10100	36	販売手数料	0.0	0.0	0.0	0.0	0.0	0.0	イノチオフローラ	経費	販売手数料
202211	340C10100	37	支払手数料	11800.0	11800.0	61450.0	0.3	520.7	520.7	イノチオフローラ	経費	支払手数料
202211	340C10100	38	診断料	0.0	0.0	0.0	0.0	0.0	0.0	イノチオフローラ	経費	診断料
202211	340C10100	39	諸会費	0.0	0.0	0.0	0.0	0.0	0.0	イノチオフローラ	経費	諸会費
202211	340C10100	40	会議費	0.0	0.0	0.0	0.0	0.0	0.0	イノチオフローラ	経費	会議費
202211	340C10100	41	寄付金	0.0	0.0	0.0	0.0	0.0	0.0	イノチオフローラ	経費	寄付金
202211	340C10100	42	租税公課	700000.0	700000.0	643000.0	3.5	91.8	91.8	イノチオフローラ	経費	租税公課
202211	340C10100	43	業務委託費	0.0	0.0	0.0	0.0	0.0	0.0	イノチオフローラ	経費	業務委託費
202211	340C10100	44	業務受託収入	0.0	0.0	0.0	0.0	0.0	0.0	イノチオフローラ	経費	業務受託収入
202211	340C10100	45	システム管理料	0.0	0.0	0.0	0.0	0.0	0.0	イノチオフローラ	経費	システム管理料
202211	340C10100	46	情報機器利用料	64000.0	64000.0	64000.0	0.3	100.0	100.0	イノチオフローラ	経費	情報機器利用料
202211	340C10100	47	貸倒金	0.0	0.0	0.0	0.0	0.0	0.0	イノチオフローラ	経費	貸倒金
202211	340C10100	48	雑費	83660.0	600000.0	59239.0	0.3	9.8	70.8	イノチオフローラ	経費	雑費
202211	340C10100	49	福利消耗品費	10000.0	10000.0	0.0	0.0	0.0	0.0	イノチオフローラ	経費	福利消耗品費
202211	340C10100	50	教育研修費	2800.0	2800.0	76220.0	0.4			イノチオフローラ	経費	教育研修費
202211	340C10100	51	雑給	0.0	0.0	0.0	0.0	0.0	0.0	イノチオフローラ	経費	雑給
202211	340C10100	52	社内金利（固定資産）	77676.0	77676.0	98274.0	0.5	126.5	126.5	イノチオフローラ	経費	社内金利（固定資産）
202211	340C10100	53	グループ共通	267000.0	267000.0	267000.0	1.4	100.0	100.0	イノチオフローラ	経費	グループ共通
202211	340C10100	54	差引収益	9722381.0	9408434.0	10605361.0	58.4	112.7	109.0	イノチオフローラ		
202211	340C10100	55	差引比率	59.0	54.8	58.4		106.5	98.9	イノチオフローラ		
202211	340C10100	56	総時間	1639.75	1444.75	1315.5		91.0	80.2	イノチオフローラ		
202211	340C10100	57	定時間	1440.0	1280.0	1256.0		98.1	87.2	イノチオフローラ	時間	
202211	340C10100	58	残業時間	188.0	153.0	59.5		38.8	31.6	イノチオフローラ	時間	
202211	340C10100	59	移動時間	11.75	11.75	0.0		0.0	0.0	イノチオフローラ	時間	
202211	340C10100	60	当月時間当り	5929.1	6512.1	8061.8		123.7	135.9	イノチオフローラ		
202211	340C10100	61	人員	9.0	8.0	8.0		100.0	88.8	イノチオフローラ		
202212	340C10100	1	総受注高	7941000.0	8005350.0	7994283.0		99.8	100.6	イノチオフローラ	受注	
202212	340C10100	2	総売上高	7941000.0	8005350.0	7994283.0		99.8	100.6	イノチオフローラ		
202212	340C10100	3	切り花売上	3513000.0	4049990.0	3573234.0	44.6	88.2	101.7	イノチオフローラ	売上	
202212	340C10100	4	研究受託売上   	4215000.0	3788560.0	3788560.0	47.3	100.0	89.8	イノチオフローラ	売上	
202212	340C10100	5	その他売上	163000.0	156800.0	617944.0	7.7	394.0	379.1	イノチオフローラ	売上	
202212	340C10100	6	堆肥売上            	50000.0	10000.0	14545.0	0.1	145.4	29.0	イノチオフローラ	売上	
202212	340C10100	7	経費合計	7110372.0	7360152.0	7054545.0	88.2	95.8	99.2	イノチオフローラ		
202212	340C10100	8	種苗費	0.0	0.0	0.0	0.0	0.0	0.0	イノチオフローラ	経費	種苗費
202212	340C10100	9	肥料費	140600.0	140600.0	0.0	0.0	0.0	0.0	イノチオフローラ	経費	肥料費
202212	340C10100	10	培土費用	0.0	0.0	0.0	0.0	0.0	0.0	イノチオフローラ	経費	培土費用
202212	340C10100	11	農薬衛生費	838760.0	838760.0	23500.0	0.2	2.8	2.8	イノチオフローラ	経費	農薬衛生費
202212	340C10100	12	農具費	93400.0	238480.0	517697.0	6.4	217.0	554.2	イノチオフローラ	経費	農具費
202212	340C10100	13	諸材料費	279600.0	17100.0	0.0	0.0	0.0	0.0	イノチオフローラ	経費	諸材料費
202212	340C10100	14	その他仕入高	117600.0	117600.0	476670.0	5.9	405.3	405.3	イノチオフローラ	経費	その他仕入高
202212	340C10100	15	減価償却費	878491.0	878491.0	898118.0	11.2	102.2	102.2	イノチオフローラ	経費	減価償却費
202212	340C10100	16	車両費	196139.0	293339.0	158750.0	1.9	54.1	80.9	イノチオフローラ	経費	車両費
202212	340C10100	17	旅費交通費	60000.0	10000.0	136.0	0.0	1.3	0.2	イノチオフローラ	経費	旅費交通費
202212	340C10100	18	荷造運搬費	210931.0	210931.0	299630.0	3.7	142.0	142.0	イノチオフローラ	経費	荷造運搬費
202212	340C10100	19	通信費	35820.0	35820.0	34231.0	0.4	95.5	95.5	イノチオフローラ	経費	通信費
202212	340C10100	20	水道光熱費	230086.0	230086.0	183597.0	2.2	79.7	79.7	イノチオフローラ	経費	水道光熱費
202212	340C10100	21	動力費	594907.0	594907.0	725830.0	9.0	122.0	122.0	イノチオフローラ	経費	動力費
202212	340C10100	22	燃料費	2768100.0	3088100.0	3143840.0	39.3	101.8	113.5	イノチオフローラ	経費	燃料費
202212	340C10100	23	事務用品費	7600.0	7600.0	4823.0	0.0	63.4	63.4	イノチオフローラ	経費	事務用品費
202212	340C10100	24	消耗品費	30000.0	30000.0	21540.0	0.2	71.8	71.8	イノチオフローラ	経費	消耗品費
202212	340C10100	25	廃棄物処理料	30000.0	30000.0	23750.0	0.2	79.1	79.1	イノチオフローラ	経費	廃棄物処理料
202212	340C10100	26	広告宣伝費	0.0	0.0	0.0	0.0	0.0	0.0	イノチオフローラ	経費	広告宣伝費
202212	340C10100	27	接待交際費	0.0	0.0	0.0	0.0	0.0	0.0	イノチオフローラ	経費	接待交際費
202212	340C10100	28	研究開発費	0.0	0.0	0.0	0.0	0.0	0.0	イノチオフローラ	経費	研究開発費
202212	340C10100	29	クレーム費	0.0	0.0	0.0	0.0	0.0	0.0	イノチオフローラ	経費	クレーム費
202212	340C10100	30	賃借料	0.0	0.0	0.0	0.0	0.0	0.0	イノチオフローラ	経費	賃借料
202212	340C10100	31	賃貸料収入	-155940.0	-155940.0	-155940.0	0.0	0.0	0.0	イノチオフローラ	経費	賃貸料収入
202212	340C10100	32	修繕費	60000.0	60000.0	67000.0	0.8	111.6	111.6	イノチオフローラ	経費	修繕費
202212	340C10100	33	支払リース料	4800.0	4800.0	4700.0	0.0	97.9	97.9	イノチオフローラ	経費	支払リース料
202212	340C10100	34	保険料	0.0	0.0	0.0	0.0	0.0	0.0	イノチオフローラ	経費	保険料
202212	340C10100	35	支払報酬	0.0	0.0	0.0	0.0	0.0	0.0	イノチオフローラ	経費	支払報酬
202212	340C10100	36	販売手数料	0.0	0.0	0.0	0.0	0.0	0.0	イノチオフローラ	経費	販売手数料
202212	340C10100	37	支払手数料	241300.0	241300.0	135700.0	1.6	56.2	56.2	イノチオフローラ	経費	支払手数料
202212	340C10100	38	診断料	0.0	0.0	0.0	0.0	0.0	0.0	イノチオフローラ	経費	診断料
202212	340C10100	39	諸会費	0.0	0.0	0.0	0.0	0.0	0.0	イノチオフローラ	経費	諸会費
202212	340C10100	40	会議費	0.0	0.0	0.0	0.0	0.0	0.0	イノチオフローラ	経費	会議費
202212	340C10100	41	寄付金	0.0	0.0	0.0	0.0	0.0	0.0	イノチオフローラ	経費	寄付金
202212	340C10100	42	租税公課	10000.0	10000.0	0.0	0.0	0.0	0.0	イノチオフローラ	経費	租税公課
202212	340C10100	43	業務委託費	0.0	0.0	0.0	0.0	0.0	0.0	イノチオフローラ	経費	業務委託費
202212	340C10100	44	業務受託収入	0.0	0.0	0.0	0.0	0.0	0.0	イノチオフローラ	経費	業務受託収入
202212	340C10100	45	システム管理料	0.0	0.0	0.0	0.0	0.0	0.0	イノチオフローラ	経費	システム管理料
202212	340C10100	46	情報機器利用料	64000.0	64000.0	64000.0	0.8	100.0	100.0	イノチオフローラ	経費	情報機器利用料
202212	340C10100	47	貸倒金	0.0	0.0	0.0	0.0	0.0	0.0	イノチオフローラ	経費	貸倒金
202212	340C10100	48	雑費	20000.0	20000.0	296.0	0.0	1.4	1.4	イノチオフローラ	経費	雑費
202212	340C10100	49	福利消耗品費	10000.0	10000.0	0.0	0.0	0.0	0.0	イノチオフローラ	経費	福利消耗品費
202212	340C10100	50	教育研修費	2800.0	2800.0	40893.0	0.5			イノチオフローラ	経費	教育研修費
202212	340C10100	51	雑給	0.0	0.0	0.0	0.0	0.0	0.0	イノチオフローラ	経費	雑給
202212	340C10100	52	社内金利（固定資産）	74378.0	74378.0	118784.0	1.4	159.7	159.7	イノチオフローラ	経費	社内金利（固定資産）
202212	340C10100	53	グループ共通	267000.0	267000.0	267000.0	3.3	100.0	100.0	イノチオフローラ	経費	グループ共通
202212	340C10100	54	差引収益	830628.0	645198.0	939738.0	11.7	145.6	113.1	イノチオフローラ		
202212	340C10100	55	差引比率	10.4	8.0	11.7		146.2	112.5	イノチオフローラ		
202212	340C10100	56	総時間	1589.25	1443.75	1299.5		90.0	81.7	イノチオフローラ		
202212	340C10100	57	定時間	1368.0	1216.0	1197.5		98.4	87.5	イノチオフローラ	時間	
202212	340C10100	58	残業時間	210.0	216.5	102.0		47.1	48.5	イノチオフローラ	時間	
202212	340C10100	59	移動時間	11.25	11.25	0.0		0.0	0.0	イノチオフローラ	時間	
202212	340C10100	60	当月時間当り	522.6	446.8	723.1		161.8	138.3	イノチオフローラ		
202212	340C10100	61	人員	9.0	8.0	8.0		100.0	88.8	イノチオフローラ		
202301	340C10100	1	総受注高	8897000.0	8238240.0	7444368.0		90.3	83.6	イノチオフローラ	受注	
202301	340C10100	2	総売上高	8897000.0	8258240.0	7444368.0		90.1	83.6	イノチオフローラ		
202301	340C10100	3	切り花売上	4164000.0	3612240.0	1914033.0	25.7	52.9	45.9	イノチオフローラ	売上	
202301	340C10100	4	研究受託売上   	4703000.0	4616000.0	4616000.0	62.0	100.0	98.1	イノチオフローラ	売上	
202301	340C10100	5	その他売上	0.0	0.0	914335.0	12.2	0.0	0.0	イノチオフローラ	売上	
202301	340C10100	6	堆肥売上            	30000.0	30000.0	0.0	0.0	0.0	0.0	イノチオフローラ	売上	
202301	340C10100	7	経費合計	6010578.0	6908578.0	7411911.0	99.5	107.2	123.3	イノチオフローラ		
202301	340C10100	8	種苗費	0.0	0.0	0.0	0.0	0.0	0.0	イノチオフローラ	経費	種苗費
202301	340C10100	9	肥料費	37200.0	37200.0	53000.0	0.7	142.4	142.4	イノチオフローラ	経費	肥料費
202301	340C10100	10	培土費用	0.0	0.0	0.0	0.0	0.0	0.0	イノチオフローラ	経費	培土費用
202301	340C10100	11	農薬衛生費	479920.0	479920.0	1108530.0	14.8	230.9	230.9	イノチオフローラ	経費	農薬衛生費
202301	340C10100	12	農具費	10000.0	468000.0	418297.0	5.6	89.3		イノチオフローラ	経費	農具費
202301	340C10100	13	諸材料費	120000.0	0.0	0.0	0.0	0.0	0.0	イノチオフローラ	経費	諸材料費
202301	340C10100	14	その他仕入高	0.0	0.0	167874.0	2.2	0.0	0.0	イノチオフローラ	経費	その他仕入高
202301	340C10100	15	減価償却費	878491.0	878491.0	898118.0	12.0	102.2	102.2	イノチオフローラ	経費	減価償却費
202301	340C10100	16	車両費	265947.0	265947.0	208020.0	2.7	78.2	78.2	イノチオフローラ	経費	車両費
202301	340C10100	17	旅費交通費	60000.0	60000.0	16155.0	0.2	26.9	26.9	イノチオフローラ	経費	旅費交通費
202301	340C10100	18	荷造運搬費	248411.0	248411.0	153304.0	2.0	61.7	61.7	イノチオフローラ	経費	荷造運搬費
202301	340C10100	19	通信費	28546.0	28546.0	30773.0	0.4	107.8	107.8	イノチオフローラ	経費	通信費
202301	340C10100	20	水道光熱費	233819.0	283819.0	273987.0	3.6	96.5	117.1	イノチオフローラ	経費	水道光熱費
202301	340C10100	21	動力費	659822.0	959822.0	835161.0	11.2	87.0	126.5	イノチオフローラ	経費	動力費
202301	340C10100	22	燃料費	1888000.0	2108000.0	2288180.0	30.7	108.5	121.1	イノチオフローラ	経費	燃料費
202301	340C10100	23	事務用品費	5000.0	5000.0	486.0	0.0	9.7	9.7	イノチオフローラ	経費	事務用品費
202301	340C10100	24	消耗品費	30000.0	30000.0	56459.0	0.7	188.1	188.1	イノチオフローラ	経費	消耗品費
202301	340C10100	25	廃棄物処理料	54000.0	54000.0	0.0	0.0	0.0	0.0	イノチオフローラ	経費	廃棄物処理料
202301	340C10100	26	広告宣伝費	0.0	0.0	0.0	0.0	0.0	0.0	イノチオフローラ	経費	広告宣伝費
202301	340C10100	27	接待交際費	0.0	0.0	40782.0	0.5	0.0	0.0	イノチオフローラ	経費	接待交際費
202301	340C10100	28	研究開発費	0.0	0.0	0.0	0.0	0.0	0.0	イノチオフローラ	経費	研究開発費
202301	340C10100	29	クレーム費	0.0	0.0	0.0	0.0	0.0	0.0	イノチオフローラ	経費	クレーム費
202301	340C10100	30	賃借料	0.0	0.0	0.0	0.0	0.0	0.0	イノチオフローラ	経費	賃借料
202301	340C10100	31	賃貸料収入	0.0	0.0	0.0	0.0	0.0	0.0	イノチオフローラ	経費	賃貸料収入
202301	340C10100	32	修繕費	60000.0	60000.0	11000.0	0.1	18.3	18.3	イノチオフローラ	経費	修繕費
202301	340C10100	33	支払リース料	4800.0	4800.0	4700.0	0.0	97.9	97.9	イノチオフローラ	経費	支払リース料
202301	340C10100	34	保険料	0.0	0.0	0.0	0.0	0.0	0.0	イノチオフローラ	経費	保険料
202301	340C10100	35	支払報酬	0.0	0.0	0.0	0.0	0.0	0.0	イノチオフローラ	経費	支払報酬
202301	340C10100	36	販売手数料	455648.0	455648.0	359014.0	4.8	78.7	78.7	イノチオフローラ	経費	販売手数料
202301	340C10100	37	支払手数料	8400.0	8400.0	8700.0	0.1	103.5	103.5	イノチオフローラ	経費	支払手数料
202301	340C10100	38	診断料	0.0	0.0	0.0	0.0	0.0	0.0	イノチオフローラ	経費	診断料
202301	340C10100	39	諸会費	10000.0	0.0	0.0	0.0	0.0	0.0	イノチオフローラ	経費	諸会費
202301	340C10100	40	会議費	0.0	0.0	2853.0	0.0	0.0	0.0	イノチオフローラ	経費	会議費
202301	340C10100	41	寄付金	0.0	0.0	28500.0	0.3	0.0	0.0	イノチオフローラ	経費	寄付金
202301	340C10100	42	租税公課	10000.0	10000.0	0.0	0.0	0.0	0.0	イノチオフローラ	経費	租税公課
202301	340C10100	43	業務委託費	0.0	0.0	0.0	0.0	0.0	0.0	イノチオフローラ	経費	業務委託費
202301	340C10100	44	業務受託収入	0.0	0.0	0.0	0.0	0.0	0.0	イノチオフローラ	経費	業務受託収入
202301	340C10100	45	システム管理料	0.0	0.0	0.0	0.0	0.0	0.0	イノチオフローラ	経費	システム管理料
202301	340C10100	46	情報機器利用料	64000.0	64000.0	64000.0	0.8	100.0	100.0	イノチオフローラ	経費	情報機器利用料
202301	340C10100	47	貸倒金	0.0	0.0	0.0	0.0	0.0	0.0	イノチオフローラ	経費	貸倒金
202301	340C10100	48	雑費	47695.0	47695.0	296.0	0.0	0.6	0.6	イノチオフローラ	経費	雑費
202301	340C10100	49	福利消耗品費	10000.0	10000.0	0.0	0.0	0.0	0.0	イノチオフローラ	経費	福利消耗品費
202301	340C10100	50	教育研修費	2800.0	2800.0	2429.0	0.0	86.7	86.7	イノチオフローラ	経費	教育研修費
202301	340C10100	51	雑給	0.0	0.0	0.0	0.0	0.0	0.0	イノチオフローラ	経費	雑給
202301	340C10100	52	社内金利（固定資産）	71079.0	71079.0	114293.0	1.5	160.7	160.7	イノチオフローラ	経費	社内金利（固定資産）
202301	340C10100	53	グループ共通	267000.0	267000.0	267000.0	3.5	100.0	100.0	イノチオフローラ	経費	グループ共通
202301	340C10100	54	差引収益	2886422.0	1349662.0	32457.0	0.4	2.4	1.1	イノチオフローラ		
202301	340C10100	55	差引比率	32.4	16.3	0.4		2.4	1.2	イノチオフローラ		
202301	340C10100	56	総時間	1617.75	1161.75	1066.5		91.8	65.9	イノチオフローラ		
202301	340C10100	57	定時間	1296.0	1008.0	980.0		97.2	75.6	イノチオフローラ	時間	
202301	340C10100	58	残業時間	311.0	143.0	86.5		60.4	27.8	イノチオフローラ	時間	
202301	340C10100	59	移動時間	10.75	10.75	0.0		0.0	0.0	イノチオフローラ	時間	
202301	340C10100	60	当月時間当り	1784.2	1161.7	30.4		2.6	1.7	イノチオフローラ		
202301	340C10100	61	人員	8.0	7.0	7.0		100.0	87.5	イノチオフローラ		
202302	340C10100	1	総受注高	4029000.0	4420460.0	5380217.0		121.7	133.5	イノチオフローラ	受注	
202302	340C10100	2	総売上高	4029000.0	4420460.0	5380217.0		121.7	133.5	イノチオフローラ		
202302	340C10100	3	切り花売上	693000.0	1313060.0	2239324.0	41.6	170.5	323.1	イノチオフローラ	売上	
202302	340C10100	4	研究受託売上   	3031000.0	2802400.0	2802400.0	52.0	100.0	92.4	イノチオフローラ	売上	
202302	340C10100	5	その他売上	225000.0	225000.0	312628.0	5.8	138.9	138.9	イノチオフローラ	売上	
202302	340C10100	6	堆肥売上            	80000.0	80000.0	25865.0	0.4	32.3	32.3	イノチオフローラ	売上	
202302	340C10100	7	経費合計	4483146.0	5080159.0	4989245.0	92.7	98.2	111.2	イノチオフローラ		
202302	340C10100	8	種苗費	0.0	0.0	0.0	0.0	0.0	0.0	イノチオフローラ	経費	種苗費
202302	340C10100	9	肥料費	0.0	103400.0	144320.0	2.6	139.5	0.0	イノチオフローラ	経費	肥料費
202302	340C10100	10	培土費用	0.0	0.0	0.0	0.0	0.0	0.0	イノチオフローラ	経費	培土費用
202302	340C10100	11	農薬衛生費	200000.0	200000.0	190290.0	3.5	95.1	95.1	イノチオフローラ	経費	農薬衛生費
202302	340C10100	12	農具費	10000.0	68000.0	140624.0	2.6	206.8		イノチオフローラ	経費	農具費
202302	340C10100	13	諸材料費	120000.0	21000.0	0.0	0.0	0.0	0.0	イノチオフローラ	経費	諸材料費
202302	340C10100	14	その他仕入高	144000.0	144000.0	238601.0	4.4	165.6	165.6	イノチオフローラ	経費	その他仕入高
202302	340C10100	15	減価償却費	878491.0	898118.0	898118.0	16.6	100.0	102.2	イノチオフローラ	経費	減価償却費
202302	340C10100	16	車両費	236047.0	236047.0	179160.0	3.3	75.9	75.9	イノチオフローラ	経費	車両費
202302	340C10100	17	旅費交通費	130000.0	130000.0	45046.0	0.8	34.6	34.6	イノチオフローラ	経費	旅費交通費
202302	340C10100	18	荷造運搬費	70414.0	95400.0	134489.0	2.4	140.9	190.9	イノチオフローラ	経費	荷造運搬費
202302	340C10100	19	通信費	28800.0	28800.0	29268.0	0.5	101.6	101.6	イノチオフローラ	経費	通信費
202302	340C10100	20	水道光熱費	201539.0	251539.0	261562.0	4.8	103.9	129.7	イノチオフローラ	経費	水道光熱費
202302	340C10100	21	動力費	509475.0	809475.0	943096.0	17.5	116.5	185.1	イノチオフローラ	経費	動力費
202302	340C10100	22	燃料費	1247200.0	1387200.0	1226440.0	22.7	88.4	98.3	イノチオフローラ	経費	燃料費
202302	340C10100	23	事務用品費	8800.0	8800.0	504.0	0.0	5.7	5.7	イノチオフローラ	経費	事務用品費
202302	340C10100	24	消耗品費	30000.0	30000.0	4840.0	0.0	16.1	16.1	イノチオフローラ	経費	消耗品費
202302	340C10100	25	廃棄物処理料	0.0	0.0	52110.0	0.9	0.0	0.0	イノチオフローラ	経費	廃棄物処理料
202302	340C10100	26	広告宣伝費	0.0	0.0	0.0	0.0	0.0	0.0	イノチオフローラ	経費	広告宣伝費
202302	340C10100	27	接待交際費	50000.0	50000.0	0.0	0.0	0.0	0.0	イノチオフローラ	経費	接待交際費
202302	340C10100	28	研究開発費	0.0	0.0	0.0	0.0	0.0	0.0	イノチオフローラ	経費	研究開発費
202302	340C10100	29	クレーム費	0.0	0.0	0.0	0.0	0.0	0.0	イノチオフローラ	経費	クレーム費
202302	340C10100	30	賃借料	0.0	0.0	0.0	0.0	0.0	0.0	イノチオフローラ	経費	賃借料
202302	340C10100	31	賃貸料収入	0.0	0.0	0.0	0.0	0.0	0.0	イノチオフローラ	経費	賃貸料収入
202302	340C10100	32	修繕費	160000.0	160000.0	45000.0	0.8	28.1	28.1	イノチオフローラ	経費	修繕費
202302	340C10100	33	支払リース料	4800.0	4800.0	4700.0	0.0	97.9	97.9	イノチオフローラ	経費	支払リース料
202302	340C10100	34	保険料	0.0	0.0	0.0	0.0	0.0	0.0	イノチオフローラ	経費	保険料
202302	340C10100	35	支払報酬	0.0	0.0	0.0	0.0	0.0	0.0	イノチオフローラ	経費	支払報酬
202302	340C10100	36	販売手数料	0.0	0.0	0.0	0.0	0.0	0.0	イノチオフローラ	経費	販売手数料
202302	340C10100	37	支払手数料	12000.0	12000.0	7550.0	0.1	62.9	62.9	イノチオフローラ	経費	支払手数料
202302	340C10100	38	診断料	0.0	0.0	0.0	0.0	0.0	0.0	イノチオフローラ	経費	診断料
202302	340C10100	39	諸会費	0.0	0.0	0.0	0.0	0.0	0.0	イノチオフローラ	経費	諸会費
202302	340C10100	40	会議費	0.0	0.0	0.0	0.0	0.0	0.0	イノチオフローラ	経費	会議費
202302	340C10100	41	寄付金	0.0	0.0	0.0	0.0	0.0	0.0	イノチオフローラ	経費	寄付金
202302	340C10100	42	租税公課	10000.0	10000.0	0.0	0.0	0.0	0.0	イノチオフローラ	経費	租税公課
202302	340C10100	43	業務委託費	0.0	0.0	0.0	0.0	0.0	0.0	イノチオフローラ	経費	業務委託費
202302	340C10100	44	業務受託収入	0.0	0.0	0.0	0.0	0.0	0.0	イノチオフローラ	経費	業務受託収入
202302	340C10100	45	システム管理料	0.0	0.0	0.0	0.0	0.0	0.0	イノチオフローラ	経費	システム管理料
202302	340C10100	46	情報機器利用料	64000.0	64000.0	64000.0	1.1	100.0	100.0	イノチオフローラ	経費	情報機器利用料
202302	340C10100	47	貸倒金	0.0	0.0	0.0	0.0	0.0	0.0	イノチオフローラ	経費	貸倒金
202302	340C10100	48	雑費	20000.0	20000.0	296.0	0.0	1.4	1.4	イノチオフローラ	経費	雑費
202302	340C10100	49	福利消耗品費	10000.0	10000.0	0.0	0.0	0.0	0.0	イノチオフローラ	経費	福利消耗品費
202302	340C10100	50	教育研修費	2800.0	2800.0	2429.0	0.0	86.7	86.7	イノチオフローラ	経費	教育研修費
202302	340C10100	51	雑給	0.0	0.0	0.0	0.0	0.0	0.0	イノチオフローラ	経費	雑給
202302	340C10100	52	社内金利（固定資産）	67780.0	67780.0	109802.0	2.0	161.9	161.9	イノチオフローラ	経費	社内金利（固定資産）
202302	340C10100	53	グループ共通	267000.0	267000.0	267000.0	4.9	100.0	100.0	イノチオフローラ	経費	グループ共通
202302	340C10100	54	差引収益	-454146.0	-659699.0	390972.0	7.2	0.0	0.0	イノチオフローラ		
202302	340C10100	55	差引比率	-11.2	-14.9	7.2		0.0	0.0	イノチオフローラ		
202302	340C10100	56	総時間	1353.25	1195.75	1071.5		89.6	79.1	イノチオフローラ		
202302	340C10100	57	定時間	1216.0	1064.0	1016.0		95.4	83.5	イノチオフローラ	時間	
202302	340C10100	58	残業時間	126.0	120.5	55.5		46.0	44.0	イノチオフローラ	時間	
202302	340C10100	59	移動時間	11.25	11.25	0.0		0.0	0.0	イノチオフローラ	時間	
202302	340C10100	60	当月時間当り	-335.5	-551.7	364.8		0.0	0.0	イノチオフローラ		
202302	340C10100	61	人員	8.0	7.0	7.0		100.0	87.5	イノチオフローラ		
202303	340C10100	1	総受注高	1043000.0	1104540.0	1424879.0		129.0	136.6	イノチオフローラ	受注	
202303	340C10100	2	総売上高	1043000.0	1104540.0	1424879.0		129.0	136.6	イノチオフローラ		
202303	340C10100	3	切り花売上	693000.0	540540.0	915888.0	64.2	169.4	132.1	イノチオフローラ	売上	
202303	340C10100	4	研究受託売上   	250000.0	320000.0	320000.0	22.4	100.0	128.0	イノチオフローラ	売上	
202303	340C10100	5	その他売上	0.0	144000.0	139901.0	9.8	97.1	0.0	イノチオフローラ	売上	
202303	340C10100	6	堆肥売上            	100000.0	100000.0	49090.0	3.4	49.0	49.0	イノチオフローラ	売上	
202303	340C10100	7	経費合計	4448228.0	5462348.0	5235473.0	367.4	95.8	117.6	イノチオフローラ		
202303	340C10100	8	種苗費	0.0	400000.0	470520.0	33.0	117.6	0.0	イノチオフローラ	経費	種苗費
202303	340C10100	9	肥料費	0.0	0.0	0.0	0.0	0.0	0.0	イノチオフローラ	経費	肥料費
202303	340C10100	10	培土費用	0.0	0.0	0.0	0.0	0.0	0.0	イノチオフローラ	経費	培土費用
202303	340C10100	11	農薬衛生費	250000.0	250000.0	445027.0	31.2	178.0	178.0	イノチオフローラ	経費	農薬衛生費
202303	340C10100	12	農具費	23863.0	23863.0	71185.0	4.9	298.3	298.3	イノチオフローラ	経費	農具費
202303	340C10100	13	諸材料費	0.0	22000.0	0.0	0.0	0.0	0.0	イノチオフローラ	経費	諸材料費
202303	340C10100	14	その他仕入高	0.0	144000.0	426249.0	29.9	296.0	0.0	イノチオフローラ	経費	その他仕入高
202303	340C10100	15	減価償却費	878215.0	878215.0	897852.0	63.0	102.2	102.2	イノチオフローラ	経費	減価償却費
202303	340C10100	16	車両費	261070.0	261070.0	269410.0	18.9	103.1	103.1	イノチオフローラ	経費	車両費
202303	340C10100	17	旅費交通費	80000.0	80000.0	22473.0	1.5	28.0	28.0	イノチオフローラ	経費	旅費交通費
202303	340C10100	18	荷造運搬費	31326.0	31326.0	74289.0	5.2	237.1	237.1	イノチオフローラ	経費	荷造運搬費
202303	340C10100	19	通信費	25000.0	25000.0	33186.0	2.3	132.7	132.7	イノチオフローラ	経費	通信費
202303	340C10100	20	水道光熱費	200869.0	250869.0	203128.0	14.2	80.9	101.1	イノチオフローラ	経費	水道光熱費
202303	340C10100	21	動力費	495116.0	795116.0	710561.0	49.8	89.3	143.5	イノチオフローラ	経費	動力費
202303	340C10100	22	燃料費	935000.0	1045000.0	814600.0	57.1	77.9	87.1	イノチオフローラ	経費	燃料費
202303	340C10100	23	事務用品費	5000.0	5000.0	2128.0	0.1	42.5	42.5	イノチオフローラ	経費	事務用品費
202303	340C10100	24	消耗品費	30000.0	30000.0	17398.0	1.2	57.9	57.9	イノチオフローラ	経費	消耗品費
202303	340C10100	25	廃棄物処理料	30000.0	30000.0	0.0	0.0	0.0	0.0	イノチオフローラ	経費	廃棄物処理料
202303	340C10100	26	広告宣伝費	0.0	0.0	0.0	0.0	0.0	0.0	イノチオフローラ	経費	広告宣伝費
202303	340C10100	27	接待交際費	20000.0	20000.0	4485.0	0.3	22.4	22.4	イノチオフローラ	経費	接待交際費
202303	340C10100	28	研究開発費	0.0	0.0	0.0	0.0	0.0	0.0	イノチオフローラ	経費	研究開発費
202303	340C10100	29	クレーム費	0.0	0.0	0.0	0.0	0.0	0.0	イノチオフローラ	経費	クレーム費
202303	340C10100	30	賃借料	0.0	0.0	0.0	0.0	0.0	0.0	イノチオフローラ	経費	賃借料
202303	340C10100	31	賃貸料収入	0.0	0.0	0.0	0.0	0.0	0.0	イノチオフローラ	経費	賃貸料収入
202303	340C10100	32	修繕費	60000.0	60000.0	88357.0	6.2	147.2	147.2	イノチオフローラ	経費	修繕費
202303	340C10100	33	支払リース料	4800.0	4800.0	4700.0	0.3	97.9	97.9	イノチオフローラ	経費	支払リース料
202303	340C10100	34	保険料	179390.0	261510.0	232330.0	16.3	88.8	129.5	イノチオフローラ	経費	保険料
202303	340C10100	35	支払報酬	0.0	0.0	0.0	0.0	0.0	0.0	イノチオフローラ	経費	支払報酬
202303	340C10100	36	販売手数料	0.0	0.0	0.0	0.0	0.0	0.0	イノチオフローラ	経費	販売手数料
202303	340C10100	37	支払手数料	12000.0	12000.0	8550.0	0.6	71.2	71.2	イノチオフローラ	経費	支払手数料
202303	340C10100	38	診断料	0.0	0.0	0.0	0.0	0.0	0.0	イノチオフローラ	経費	診断料
202303	340C10100	39	諸会費	0.0	0.0	0.0	0.0	0.0	0.0	イノチオフローラ	経費	諸会費
202303	340C10100	40	会議費	0.0	0.0	0.0	0.0	0.0	0.0	イノチオフローラ	経費	会議費
202303	340C10100	41	寄付金	0.0	0.0	0.0	0.0	0.0	0.0	イノチオフローラ	経費	寄付金
202303	340C10100	42	租税公課	10000.0	10000.0	3.0	0.0	0.0	0.0	イノチオフローラ	経費	租税公課
202303	340C10100	43	業務委託費	0.0	0.0	0.0	0.0	0.0	0.0	イノチオフローラ	経費	業務委託費
202303	340C10100	44	業務受託収入	0.0	0.0	0.0	0.0	0.0	0.0	イノチオフローラ	経費	業務受託収入
202303	340C10100	45	システム管理料	0.0	0.0	0.0	0.0	0.0	0.0	イノチオフローラ	経費	システム管理料
202303	340C10100	46	情報機器利用料	64000.0	64000.0	64000.0	4.4	100.0	100.0	イノチオフローラ	経費	情報機器利用料
202303	340C10100	47	貸倒金	0.0	0.0	0.0	0.0	0.0	0.0	イノチオフローラ	経費	貸倒金
202303	340C10100	48	雑費	508296.0	414296.0	300.0	0.0	0.0	0.0	イノチオフローラ	経費	雑費
202303	340C10100	49	福利消耗品費	10000.0	10000.0	0.0	0.0	0.0	0.0	イノチオフローラ	経費	福利消耗品費
202303	340C10100	50	教育研修費	2800.0	2800.0	2429.0	0.1	86.7	86.7	イノチオフローラ	経費	教育研修費
202303	340C10100	51	雑給	0.0	0.0	0.0	0.0	0.0	0.0	イノチオフローラ	経費	雑給
202303	340C10100	52	社内金利（固定資産）	64483.0	64483.0	105313.0	7.3	163.3	163.3	イノチオフローラ	経費	社内金利（固定資産）
202303	340C10100	53	グループ共通	267000.0	267000.0	267000.0	18.7	100.0	100.0	イノチオフローラ	経費	グループ共通
202303	340C10100	54	差引収益	-3405228.0	-4357808.0	-3810594.0	0.0	0.0	0.0	イノチオフローラ		
202303	340C10100	55	差引比率	-326.4	-394.5	-267.4		0.0	0.0	イノチオフローラ		
202303	340C10100	56	総時間	1664.25	1402.25	1230.0		87.7	73.9	イノチオフローラ		
202303	340C10100	57	定時間	1408.0	1232.0	1156.0		93.8	82.1	イノチオフローラ	時間	
202303	340C10100	58	残業時間	243.0	157.0	74.0		47.1	30.4	イノチオフローラ	時間	
202303	340C10100	59	移動時間	13.25	13.25	0.0		0.0	0.0	イノチオフローラ	時間	
202303	340C10100	60	当月時間当り	-2046.1	-3107.7	-3098.0		0.0	0.0	イノチオフローラ		
202303	340C10100	61	人員	8.0	7.0	7.0		100.0	87.5	イノチオフローラ		
202304	340C10100	1	総受注高	884000.0	1080000.0	1318592.0		122.0	149.1	イノチオフローラ	受注	
202304	340C10100	2	総売上高	884000.0	1060000.0	1318592.0		124.3	149.1	イノチオフローラ		
202304	340C10100	3	切り花売上	0.0	80000.0	190650.0	14.4	238.3	0.0	イノチオフローラ	売上	
202304	340C10100	4	研究受託売上   	784000.0	880000.0	880000.0	66.7	100.0	112.2	イノチオフローラ	売上	
202304	340C10100	5	その他売上	0.0	0.0	246123.0	18.6	0.0	0.0	イノチオフローラ	売上	
202304	340C10100	6	堆肥売上            	100000.0	100000.0	1819.0	0.1	1.8	1.8	イノチオフローラ	売上	
202304	340C10100	7	経費合計	4055797.0	4297022.0	3697949.0	280.4	86.0	91.1	イノチオフローラ		
202304	340C10100	8	種苗費	285000.0	282500.0	275760.0	20.9	97.6	96.7	イノチオフローラ	経費	種苗費
202304	340C10100	9	肥料費	61500.0	24300.0	24700.0	1.8	101.6	40.1	イノチオフローラ	経費	肥料費
202304	340C10100	10	培土費用	0.0	0.0	0.0	0.0	0.0	0.0	イノチオフローラ	経費	培土費用
202304	340C10100	11	農薬衛生費	659350.0	559350.0	443513.0	33.6	79.2	67.2	イノチオフローラ	経費	農薬衛生費
202304	340C10100	12	農具費	91000.0	230000.0	254766.0	19.3	110.7	279.9	イノチオフローラ	経費	農具費
202304	340C10100	13	諸材料費	125850.0	63000.0	52101.0	3.9	82.7	41.3	イノチオフローラ	経費	諸材料費
202304	340C10100	14	その他仕入高	0.0	0.0	114507.0	8.6	0.0	0.0	イノチオフローラ	経費	その他仕入高
202304	340C10100	15	減価償却費	806766.0	806766.0	806772.0	61.1	100.0	100.0	イノチオフローラ	経費	減価償却費
202304	340C10100	16	車両費	152817.0	152800.0	104426.0	7.9	68.3	68.3	イノチオフローラ	経費	車両費
202304	340C10100	17	旅費交通費	20000.0	30000.0	18137.0	1.3	60.4	90.6	イノチオフローラ	経費	旅費交通費
202304	340C10100	18	荷造運搬費	0.0	13500.0	132872.0	10.0	984.2	0.0	イノチオフローラ	経費	荷造運搬費
202304	340C10100	19	通信費	34197.0	36000.0	29532.0	2.2	82.0	86.3	イノチオフローラ	経費	通信費
202304	340C10100	20	水道光熱費	192664.0	192664.0	39082.0	2.9	20.2	20.2	イノチオフローラ	経費	水道光熱費
202304	340C10100	21	動力費	451575.0	451575.0	52086.0	3.9	11.5	11.5	イノチオフローラ	経費	動力費
202304	340C10100	22	燃料費	398500.0	438500.0	356000.0	26.9	81.1	89.3	イノチオフローラ	経費	燃料費
202304	340C10100	23	事務用品費	8500.0	8500.0	1036.0	0.0	12.1	12.1	イノチオフローラ	経費	事務用品費
202304	340C10100	24	消耗品費	30000.0	30000.0	20296.0	1.5	67.6	67.6	イノチオフローラ	経費	消耗品費
202304	340C10100	25	廃棄物処理料	40000.0	40000.0	0.0	0.0	0.0	0.0	イノチオフローラ	経費	廃棄物処理料
202304	340C10100	26	広告宣伝費	0.0	0.0	0.0	0.0	0.0	0.0	イノチオフローラ	経費	広告宣伝費
202304	340C10100	27	接待交際費	0.0	40000.0	0.0	0.0	0.0	0.0	イノチオフローラ	経費	接待交際費
202304	340C10100	28	研究開発費	0.0	0.0	0.0	0.0	0.0	0.0	イノチオフローラ	経費	研究開発費
202304	340C10100	29	クレーム費	0.0	0.0	0.0	0.0	0.0	0.0	イノチオフローラ	経費	クレーム費
202304	340C10100	30	賃借料	0.0	0.0	0.0	0.0	0.0	0.0	イノチオフローラ	経費	賃借料
202304	340C10100	31	賃貸料収入	-30000.0	-30000.0	-54546.0	0.0	0.0	0.0	イノチオフローラ	経費	賃貸料収入
202304	340C10100	32	修繕費	60000.0	260000.0	329409.0	24.9	126.6	549.0	イノチオフローラ	経費	修繕費
202304	340C10100	33	支払リース料	4800.0	4800.0	4700.0	0.3	97.9	97.9	イノチオフローラ	経費	支払リース料
202304	340C10100	34	保険料	0.0	0.0	29180.0	2.2	0.0	0.0	イノチオフローラ	経費	保険料
202304	340C10100	35	支払報酬	0.0	0.0	56440.0	4.2	0.0	0.0	イノチオフローラ	経費	支払報酬
202304	340C10100	36	販売手数料	200000.0	200000.0	203110.0	15.4	101.5	101.5	イノチオフローラ	経費	販売手数料
202304	340C10100	37	支払手数料	9760.0	9760.0	11520.0	0.8	118.0	118.0	イノチオフローラ	経費	支払手数料
202304	340C10100	38	診断料	0.0	0.0	0.0	0.0	0.0	0.0	イノチオフローラ	経費	診断料
202304	340C10100	39	諸会費	0.0	0.0	0.0	0.0	0.0	0.0	イノチオフローラ	経費	諸会費
202304	340C10100	40	会議費	0.0	0.0	0.0	0.0	0.0	0.0	イノチオフローラ	経費	会議費
202304	340C10100	41	寄付金	0.0	0.0	0.0	0.0	0.0	0.0	イノチオフローラ	経費	寄付金
202304	340C10100	42	租税公課	10000.0	10000.0	0.0	0.0	0.0	0.0	イノチオフローラ	経費	租税公課
202304	340C10100	43	業務委託費	0.0	0.0	0.0	0.0	0.0	0.0	イノチオフローラ	経費	業務委託費
202304	340C10100	44	業務受託収入	0.0	0.0	0.0	0.0	0.0	0.0	イノチオフローラ	経費	業務受託収入
202304	340C10100	45	システム管理料	0.0	0.0	0.0	0.0	0.0	0.0	イノチオフローラ	経費	システム管理料
202304	340C10100	46	情報機器利用料	40440.0	40440.0	41040.0	3.1	101.4	101.4	イノチオフローラ	経費	情報機器利用料
202304	340C10100	47	貸倒金	0.0	0.0	0.0	0.0	0.0	0.0	イノチオフローラ	経費	貸倒金
202304	340C10100	48	雑費	20000.0	20000.0	175.0	0.0	0.8	0.8	イノチオフローラ	経費	雑費
202304	340C10100	49	福利消耗品費	70000.0	70000.0	0.0	0.0	0.0	0.0	イノチオフローラ	経費	福利消耗品費
202304	340C10100	50	教育研修費	2800.0	2800.0	41056.0	3.1			イノチオフローラ	経費	教育研修費
202304	340C10100	51	雑給	0.0	0.0	0.0	0.0	0.0	0.0	イノチオフローラ	経費	雑給
202304	340C10100	52	社内金利（固定資産）	101278.0	100767.0	101279.0	7.6	100.5	100.0	イノチオフローラ	経費	社内金利（固定資産）
202304	340C10100	53	グループ共通	209000.0	209000.0	209000.0	15.8	100.0	100.0	イノチオフローラ	経費	グループ共通
202304	340C10100	54	差引収益	-3171797.0	-3237022.0	-2379357.0	0.0	0.0	0.0	イノチオフローラ		
202304	340C10100	55	差引比率	-358.8	-305.3	-180.4		0.0	0.0	イノチオフローラ		
202304	340C10100	56	総時間	1143.75	1177.75	1052.25		89.3	92.0	イノチオフローラ		
202304	340C10100	57	定時間	1056.0	1088.0	1002.0		92.0	94.8	イノチオフローラ	時間	
202304	340C10100	58	残業時間	64.0	61.0	44.75		73.3	69.9	イノチオフローラ	時間	
202304	340C10100	59	移動時間	23.75	28.75	5.5		19.1	23.1	イノチオフローラ	時間	
202304	340C10100	60	当月時間当り	-2773.1	-2748.4	-2261.2		0.0	0.0	イノチオフローラ		
202304	340C10100	61	人員	6.0	6.0	7.0		116.6	116.6	イノチオフローラ		
202305	340C10100	1	総受注高	194057.0	256705.0	519551.0		202.3	267.7	イノチオフローラ	受注	
202305	340C10100	2	総売上高	194057.0	256705.0	519551.0		202.3	267.7	イノチオフローラ		
202305	340C10100	3	切り花売上	184057.0	233905.0	377736.0	72.7	161.4	205.2	イノチオフローラ	売上	
202305	340C10100	4	研究受託売上   	0.0	0.0	0.0	0.0	0.0	0.0	イノチオフローラ	売上	
202305	340C10100	5	その他売上	0.0	12800.0	37967.0	7.3	296.6	0.0	イノチオフローラ	売上	
202305	340C10100	6	堆肥売上            	10000.0	10000.0	103848.0	19.9			イノチオフローラ	売上	
202305	340C10100	7	経費合計	4129957.0	4927425.0	4958011.0	954.2	100.6	120.0	イノチオフローラ		
202305	340C10100	8	種苗費	80000.0	80000.0	81160.0	15.6	101.4	101.4	イノチオフローラ	経費	種苗費
202305	340C10100	9	肥料費	233600.0	257900.0	171880.0	33.0	66.6	73.5	イノチオフローラ	経費	肥料費
202305	340C10100	10	培土費用	0.0	0.0	0.0	0.0	0.0	0.0	イノチオフローラ	経費	培土費用
202305	340C10100	11	農薬衛生費	529420.0	479420.0	380620.0	73.2	79.3	71.8	イノチオフローラ	経費	農薬衛生費
202305	340C10100	12	農具費	10000.0	104400.0	472038.0	90.8	452.1		イノチオフローラ	経費	農具費
202305	340C10100	13	諸材料費	125850.0	125850.0	124843.0	24.0	99.1	99.1	イノチオフローラ	経費	諸材料費
202305	340C10100	14	その他仕入高	12800.0	12800.0	138288.0	26.6			イノチオフローラ	経費	その他仕入高
202305	340C10100	15	減価償却費	806759.0	806759.0	806765.0	155.2	100.0	100.0	イノチオフローラ	経費	減価償却費
202305	340C10100	16	車両費	113946.0	128946.0	150896.0	29.0	117.0	132.4	イノチオフローラ	経費	車両費
202305	340C10100	17	旅費交通費	10000.0	10000.0	30900.0	5.9	309.0	309.0	イノチオフローラ	経費	旅費交通費
202305	340C10100	18	荷造運搬費	11556.0	5000.0	26172.0	5.0	523.4	226.4	イノチオフローラ	経費	荷造運搬費
202305	340C10100	19	通信費	37929.0	37929.0	32644.0	6.2	86.0	86.0	イノチオフローラ	経費	通信費
202305	340C10100	20	水道光熱費	188943.0	258943.0	302459.0	58.2	116.8	160.0	イノチオフローラ	経費	水道光熱費
202305	340C10100	21	動力費	406170.0	600000.0	855359.0	164.6	142.5	210.5	イノチオフローラ	経費	動力費
202305	340C10100	22	燃料費	401500.0	441500.0	341600.0	65.7	77.3	85.0	イノチオフローラ	経費	燃料費
202305	340C10100	23	事務用品費	5000.0	5000.0	616.0	0.1	12.3	12.3	イノチオフローラ	経費	事務用品費
202305	340C10100	24	消耗品費	30000.0	30000.0	19948.0	3.8	66.4	66.4	イノチオフローラ	経費	消耗品費
202305	340C10100	25	廃棄物処理料	0.0	0.0	0.0	0.0	0.0	0.0	イノチオフローラ	経費	廃棄物処理料
202305	340C10100	26	広告宣伝費	0.0	0.0	0.0	0.0	0.0	0.0	イノチオフローラ	経費	広告宣伝費
202305	340C10100	27	接待交際費	0.0	40000.0	0.0	0.0	0.0	0.0	イノチオフローラ	経費	接待交際費
202305	340C10100	28	研究開発費	0.0	0.0	0.0	0.0	0.0	0.0	イノチオフローラ	経費	研究開発費
202305	340C10100	29	クレーム費	0.0	0.0	0.0	0.0	0.0	0.0	イノチオフローラ	経費	クレーム費
202305	340C10100	30	賃借料	0.0	0.0	0.0	0.0	0.0	0.0	イノチオフローラ	経費	賃借料
202305	340C10100	31	賃貸料収入	-30000.0	-30000.0	-27273.0	0.0	0.0	0.0	イノチオフローラ	経費	賃貸料収入
202305	340C10100	32	修繕費	60000.0	376820.0	17390.0	3.3	4.6	28.9	イノチオフローラ	経費	修繕費
202305	340C10100	33	支払リース料	4800.0	4800.0	4700.0	0.9	97.9	97.9	イノチオフローラ	経費	支払リース料
202305	340C10100	34	保険料	0.0	0.0	0.0	0.0	0.0	0.0	イノチオフローラ	経費	保険料
202305	340C10100	35	支払報酬	0.0	0.0	0.0	0.0	0.0	0.0	イノチオフローラ	経費	支払報酬
202305	340C10100	36	販売手数料	0.0	0.0	0.0	0.0	0.0	0.0	イノチオフローラ	経費	販売手数料
202305	340C10100	37	支払手数料	12200.0	12200.0	18819.0	3.6	154.2	154.2	イノチオフローラ	経費	支払手数料
202305	340C10100	38	診断料	0.0	0.0	0.0	0.0	0.0	0.0	イノチオフローラ	経費	診断料
202305	340C10100	39	諸会費	0.0	0.0	0.0	0.0	0.0	0.0	イノチオフローラ	経費	諸会費
202305	340C10100	40	会議費	0.0	0.0	0.0	0.0	0.0	0.0	イノチオフローラ	経費	会議費
202305	340C10100	41	寄付金	0.0	0.0	0.0	0.0	0.0	0.0	イノチオフローラ	経費	寄付金
202305	340C10100	42	租税公課	700000.0	700000.0	658300.0	126.7	94.0	94.0	イノチオフローラ	経費	租税公課
202305	340C10100	43	業務委託費	0.0	0.0	0.0	0.0	0.0	0.0	イノチオフローラ	経費	業務委託費
202305	340C10100	44	業務受託収入	0.0	0.0	0.0	0.0	0.0	0.0	イノチオフローラ	経費	業務受託収入
202305	340C10100	45	システム管理料	0.0	0.0	0.0	0.0	0.0	0.0	イノチオフローラ	経費	システム管理料
202305	340C10100	46	情報機器利用料	40440.0	40440.0	41040.0	7.8	101.4	101.4	イノチオフローラ	経費	情報機器利用料
202305	340C10100	47	貸倒金	0.0	0.0	0.0	0.0	0.0	0.0	イノチオフローラ	経費	貸倒金
202305	340C10100	48	雑費	20000.0	20000.0	173.0	0.0	0.8	0.8	イノチオフローラ	経費	雑費
202305	340C10100	49	福利消耗品費	10000.0	69450.0	0.0	0.0	0.0	0.0	イノチオフローラ	経費	福利消耗品費
202305	340C10100	50	教育研修費	2800.0	2800.0	2429.0	0.4	86.7	86.7	イノチオフローラ	経費	教育研修費
202305	340C10100	51	雑給	0.0	0.0	0.0	0.0	0.0	0.0	イノチオフローラ	経費	雑給
202305	340C10100	52	社内金利（固定資産）	97244.0	97468.0	97245.0	18.7	99.7	100.0	イノチオフローラ	経費	社内金利（固定資産）
202305	340C10100	53	グループ共通	209000.0	209000.0	209000.0	40.2	100.0	100.0	イノチオフローラ	経費	グループ共通
202305	340C10100	54	差引収益	-3935900.0	-4670720.0	-4438460.0	0.0	0.0	0.0	イノチオフローラ		
202305	340C10100	55	差引比率	-2028.2	-1819.4	-854.2		0.0	0.0	イノチオフローラ		
202305	340C10100	56	総時間	1161.75	1170.75	1076.0		91.9	92.6	イノチオフローラ		
202305	340C10100	57	定時間	1056.0	1056.0	1032.0		97.7	97.7	イノチオフローラ	時間	
202305	340C10100	58	残業時間	82.0	91.0	44.0		48.3	53.6	イノチオフローラ	時間	
202305	340C10100	59	移動時間	23.75	23.75	0.0		0.0	0.0	イノチオフローラ	時間	
202305	340C10100	60	当月時間当り	-3387.9	-3989.5	-4124.9		0.0	0.0	イノチオフローラ		
202305	340C10100	61	人員	6.0	6.0	8.0		133.3	133.3	イノチオフローラ		
202306	340C10100	1	総受注高	8373169.0	9137000.0	7996571.0		87.5	95.5	イノチオフローラ	受注	
202306	340C10100	2	総売上高	8373169.0	9431800.0	7996571.0		84.7	95.5	イノチオフローラ		
202306	340C10100	3	切り花売上	1345169.0	1223000.0	424010.0	5.3	34.6	31.5	イノチオフローラ	売上	
202306	340C10100	4	研究受託売上   	7008000.0	8038800.0	7308000.0	91.3	90.9	104.2	イノチオフローラ	売上	
202306	340C10100	5	その他売上	0.0	170000.0	261831.0	3.2	154.0	0.0	イノチオフローラ	売上	
202306	340C10100	6	堆肥売上            	20000.0	0.0	2730.0	0.0	0.0	13.6	イノチオフローラ	売上	
202306	340C10100	7	経費合計	4442723.0	4146080.0	3297679.0	41.2	79.5	74.2	イノチオフローラ		
202306	340C10100	8	種苗費	450000.0	100000.0	104260.0	1.3	104.2	23.1	イノチオフローラ	経費	種苗費
202306	340C10100	9	肥料費	128545.0	128545.0	169220.0	2.1	131.6	131.6	イノチオフローラ	経費	肥料費
202306	340C10100	10	培土費用	0.0	0.0	0.0	0.0	0.0	0.0	イノチオフローラ	経費	培土費用
202306	340C10100	11	農薬衛生費	600000.0	600000.0	517554.0	6.4	86.2	86.2	イノチオフローラ	経費	農薬衛生費
202306	340C10100	12	農具費	123863.0	110000.0	-261745.0	0.0	0.0	0.0	イノチオフローラ	経費	農具費
202306	340C10100	13	諸材料費	125850.0	125850.0	0.0	0.0	0.0	0.0	イノチオフローラ	経費	諸材料費
202306	340C10100	14	その他仕入高	62400.0	170000.0	55786.0	0.6	32.8	89.4	イノチオフローラ	経費	その他仕入高
202306	340C10100	15	減価償却費	806759.0	806759.0	806765.0	10.0	100.0	100.0	イノチオフローラ	経費	減価償却費
202306	340C10100	16	車両費	243415.0	146215.0	92950.0	1.1	63.5	38.1	イノチオフローラ	経費	車両費
202306	340C10100	17	旅費交通費	110000.0	10000.0	2509.0	0.0	25.0	2.2	イノチオフローラ	経費	旅費交通費
202306	340C10100	18	荷造運搬費	84464.0	84464.0	91012.0	1.1	107.7	107.7	イノチオフローラ	経費	荷造運搬費
202306	340C10100	19	通信費	39909.0	39909.0	34793.0	0.4	87.1	87.1	イノチオフローラ	経費	通信費
202306	340C10100	20	水道光熱費	205330.0	205330.0	168871.0	2.1	82.2	82.2	イノチオフローラ	経費	水道光熱費
202306	340C10100	21	動力費	411636.0	411636.0	437282.0	5.4	106.2	106.2	イノチオフローラ	経費	動力費
202306	340C10100	22	燃料費	0.0	0.0	0.0	0.0	0.0	0.0	イノチオフローラ	経費	燃料費
202306	340C10100	23	事務用品費	7400.0	7400.0	588.0	0.0	7.9	7.9	イノチオフローラ	経費	事務用品費
202306	340C10100	24	消耗品費	30000.0	30000.0	2644.0	0.0	8.8	8.8	イノチオフローラ	経費	消耗品費
202306	340C10100	25	廃棄物処理料	0.0	40000.0	0.0	0.0	0.0	0.0	イノチオフローラ	経費	廃棄物処理料
202306	340C10100	26	広告宣伝費	0.0	0.0	0.0	0.0	0.0	0.0	イノチオフローラ	経費	広告宣伝費
202306	340C10100	27	接待交際費	0.0	0.0	0.0	0.0	0.0	0.0	イノチオフローラ	経費	接待交際費
202306	340C10100	28	研究開発費	0.0	0.0	0.0	0.0	0.0	0.0	イノチオフローラ	経費	研究開発費
202306	340C10100	29	クレーム費	0.0	0.0	0.0	0.0	0.0	0.0	イノチオフローラ	経費	クレーム費
202306	340C10100	30	賃借料	0.0	0.0	0.0	0.0	0.0	0.0	イノチオフローラ	経費	賃借料
202306	340C10100	31	賃貸料収入	-30000.0	-30000.0	-27273.0	0.0	0.0	0.0	イノチオフローラ	経費	賃貸料収入
202306	340C10100	32	修繕費	60000.0	176820.0	498990.0	6.2	282.2	831.6	イノチオフローラ	経費	修繕費
202306	340C10100	33	支払リース料	4800.0	4800.0	4700.0	0.0	97.9	97.9	イノチオフローラ	経費	支払リース料
202306	340C10100	34	保険料	0.0	0.0	0.0	0.0	0.0	0.0	イノチオフローラ	経費	保険料
202306	340C10100	35	支払報酬	436386.0	436386.0	58500.0	0.7	13.4	13.4	イノチオフローラ	経費	支払報酬
202306	340C10100	36	販売手数料	0.0	0.0	0.0	0.0	0.0	0.0	イノチオフローラ	経費	販売手数料
202306	340C10100	37	支払手数料	34400.0	34400.0	42519.0	0.5	123.6	123.6	イノチオフローラ	経費	支払手数料
202306	340C10100	38	診断料	0.0	0.0	0.0	0.0	0.0	0.0	イノチオフローラ	経費	診断料
202306	340C10100	39	諸会費	0.0	0.0	1819.0	0.0	0.0	0.0	イノチオフローラ	経費	諸会費
202306	340C10100	40	会議費	0.0	0.0	0.0	0.0	0.0	0.0	イノチオフローラ	経費	会議費
202306	340C10100	41	寄付金	0.0	0.0	0.0	0.0	0.0	0.0	イノチオフローラ	経費	寄付金
202306	340C10100	42	租税公課	10000.0	10000.0	0.0	0.0	0.0	0.0	イノチオフローラ	経費	租税公課
202306	340C10100	43	業務委託費	0.0	0.0	0.0	0.0	0.0	0.0	イノチオフローラ	経費	業務委託費
202306	340C10100	44	業務受託収入	0.0	0.0	0.0	0.0	0.0	0.0	イノチオフローラ	経費	業務受託収入
202306	340C10100	45	システム管理料	0.0	0.0	0.0	0.0	0.0	0.0	イノチオフローラ	経費	システム管理料
202306	340C10100	46	情報機器利用料	40440.0	40440.0	41040.0	0.5	101.4	101.4	イノチオフローラ	経費	情報機器利用料
202306	340C10100	47	貸倒金	0.0	0.0	0.0	0.0	0.0	0.0	イノチオフローラ	経費	貸倒金
202306	340C10100	48	雑費	142115.0	142115.0	87604.0	1.0	61.6	61.6	イノチオフローラ	経費	雑費
202306	340C10100	49	福利消耗品費	10000.0	10000.0	62650.0	0.7	626.5	626.5	イノチオフローラ	経費	福利消耗品費
202306	340C10100	50	教育研修費	2800.0	2800.0	2429.0	0.0	86.7	86.7	イノチオフローラ	経費	教育研修費
202306	340C10100	51	雑給	0.0	0.0	0.0	0.0	0.0	0.0	イノチオフローラ	経費	雑給
202306	340C10100	52	社内金利（固定資産）	93211.0	93211.0	93212.0	1.1	100.0	100.0	イノチオフローラ	経費	社内金利（固定資産）
202306	340C10100	53	グループ共通	209000.0	209000.0	209000.0	2.6	100.0	100.0	イノチオフローラ	経費	グループ共通
202306	340C10100	54	差引収益	3930446.0	5285720.0	4698892.0	58.7	88.8	119.5	イノチオフローラ		
202306	340C10100	55	差引比率	46.9	56.0	58.7		104.8	125.1	イノチオフローラ		
202306	340C10100	56	総時間	1202.0	1177.0	1133.0		96.2	94.2	イノチオフローラ		
202306	340C10100	57	定時間	1104.0	1104.0	1078.0		97.6	97.6	イノチオフローラ	時間	
202306	340C10100	58	残業時間	73.0	63.0	55.0		87.3	75.3	イノチオフローラ	時間	
202306	340C10100	59	移動時間	25.0	10.0	0.0		0.0	0.0	イノチオフローラ	時間	
202306	340C10100	60	当月時間当り	3269.9	4490.8	4147.3		92.3	126.8	イノチオフローラ		
202306	340C10100	61	人員	6.0	7.0	6.0		85.7	100.0	イノチオフローラ		
202307	340C10100	1	総受注高	6885604.0	8164782.0	8078083.0		98.9	117.3	イノチオフローラ	受注	
202307	340C10100	2	総売上高	6885604.0	8691832.0	8078083.0		92.9	117.3	イノチオフローラ		
202307	340C10100	3	切り花売上	2846187.0	3333920.0	3007470.0	37.2	90.2	105.6	イノチオフローラ	売上	
202307	340C10100	4	研究受託売上   	3830400.0	5157912.0	4579920.0	56.6	88.7	119.5	イノチオフローラ	売上	
202307	340C10100	5	その他売上	209017.0	200000.0	490693.0	6.0	245.3	234.7	イノチオフローラ	売上	
202307	340C10100	6	堆肥売上            	0.0	0.0	0.0	0.0	0.0	0.0	イノチオフローラ	売上	
202307	340C10100	7	経費合計	4568142.0	5764282.0	6058747.0	75.0	105.1	132.6	イノチオフローラ		
202307	340C10100	8	種苗費	200000.0	128900.0	199330.0	2.4	154.6	99.6	イノチオフローラ	経費	種苗費
202307	340C10100	9	肥料費	61500.0	37200.0	74800.0	0.9	201.0	121.6	イノチオフローラ	経費	肥料費
202307	340C10100	10	培土費用	0.0	0.0	0.0	0.0	0.0	0.0	イノチオフローラ	経費	培土費用
202307	340C10100	11	農薬衛生費	650000.0	785150.0	797937.0	9.8	101.6	122.7	イノチオフローラ	経費	農薬衛生費
202307	340C10100	12	農具費	73400.0	30000.0	26195.0	0.3	87.3	35.6	イノチオフローラ	経費	農具費
202307	340C10100	13	諸材料費	223200.0	150850.0	127611.0	1.5	84.5	57.1	イノチオフローラ	経費	諸材料費
202307	340C10100	14	その他仕入高	150000.0	180000.0	278599.0	3.4	154.7	185.7	イノチオフローラ	経費	その他仕入高
202307	340C10100	15	減価償却費	806759.0	806759.0	806765.0	9.9	100.0	100.0	イノチオフローラ	経費	減価償却費
202307	340C10100	16	車両費	228242.0	228242.0	196550.0	2.4	86.1	86.1	イノチオフローラ	経費	車両費
202307	340C10100	17	旅費交通費	10000.0	10000.0	0.0	0.0	0.0	0.0	イノチオフローラ	経費	旅費交通費
202307	340C10100	18	荷造運搬費	178713.0	178713.0	265154.0	3.2	148.3	148.3	イノチオフローラ	経費	荷造運搬費
202307	340C10100	19	通信費	34259.0	34259.0	31378.0	0.3	91.5	91.5	イノチオフローラ	経費	通信費
202307	340C10100	20	水道光熱費	205077.0	215077.0	160044.0	1.9	74.4	78.0	イノチオフローラ	経費	水道光熱費
202307	340C10100	21	動力費	381586.0	510000.0	407222.0	5.0	79.8	106.7	イノチオフローラ	経費	動力費
202307	340C10100	22	燃料費	63000.0	63000.0	0.0	0.0	0.0	0.0	イノチオフローラ	経費	燃料費
202307	340C10100	23	事務用品費	5000.0	5000.0	5408.0	0.0	108.1	108.1	イノチオフローラ	経費	事務用品費
202307	340C10100	24	消耗品費	30000.0	30000.0	14412.0	0.1	48.0	48.0	イノチオフローラ	経費	消耗品費
202307	340C10100	25	廃棄物処理料	30000.0	30000.0	0.0	0.0	0.0	0.0	イノチオフローラ	経費	廃棄物処理料
202307	340C10100	26	広告宣伝費	0.0	0.0	0.0	0.0	0.0	0.0	イノチオフローラ	経費	広告宣伝費
202307	340C10100	27	接待交際費	0.0	0.0	0.0	0.0	0.0	0.0	イノチオフローラ	経費	接待交際費
202307	340C10100	28	研究開発費	0.0	0.0	0.0	0.0	0.0	0.0	イノチオフローラ	経費	研究開発費
202307	340C10100	29	クレーム費	0.0	0.0	0.0	0.0	0.0	0.0	イノチオフローラ	経費	クレーム費
202307	340C10100	30	賃借料	0.0	0.0	0.0	0.0	0.0	0.0	イノチオフローラ	経費	賃借料
202307	340C10100	31	賃貸料収入	-30000.0	-30000.0	-27273.0	0.0	0.0	0.0	イノチオフローラ	経費	賃貸料収入
202307	340C10100	32	修繕費	60000.0	1135500.0	1298057.0	16.0	114.3		イノチオフローラ	経費	修繕費
202307	340C10100	33	支払リース料	4800.0	4800.0	4700.0	0.0	97.9	97.9	イノチオフローラ	経費	支払リース料
202307	340C10100	34	保険料	0.0	0.0	0.0	0.0	0.0	0.0	イノチオフローラ	経費	保険料
202307	340C10100	35	支払報酬	0.0	0.0	312421.0	3.8	0.0	0.0	イノチオフローラ	経費	支払報酬
202307	340C10100	36	販売手数料	100000.0	100000.0	40060.0	0.4	40.0	40.0	イノチオフローラ	経費	販売手数料
202307	340C10100	37	支払手数料	10989.0	11000.0	22353.0	0.2	203.2	203.4	イノチオフローラ	経費	支払手数料
202307	340C10100	38	診断料	0.0	0.0	0.0	0.0	0.0	0.0	イノチオフローラ	経費	診断料
202307	340C10100	39	諸会費	0.0	0.0	0.0	0.0	0.0	0.0	イノチオフローラ	経費	諸会費
202307	340C10100	40	会議費	0.0	0.0	0.0	0.0	0.0	0.0	イノチオフローラ	経費	会議費
202307	340C10100	41	寄付金	0.0	0.0	0.0	0.0	0.0	0.0	イノチオフローラ	経費	寄付金
202307	340C10100	42	租税公課	700000.0	700000.0	655000.0	8.1	93.5	93.5	イノチオフローラ	経費	租税公課
202307	340C10100	43	業務委託費	0.0	0.0	0.0	0.0	0.0	0.0	イノチオフローラ	経費	業務委託費
202307	340C10100	44	業務受託収入	0.0	0.0	0.0	0.0	0.0	0.0	イノチオフローラ	経費	業務受託収入
202307	340C10100	45	システム管理料	0.0	0.0	0.0	0.0	0.0	0.0	イノチオフローラ	経費	システム管理料
202307	340C10100	46	情報機器利用料	40440.0	40440.0	41040.0	0.5	101.4	101.4	イノチオフローラ	経費	情報機器利用料
202307	340C10100	47	貸倒金	0.0	0.0	0.0	0.0	0.0	0.0	イノチオフローラ	経費	貸倒金
202307	340C10100	48	雑費	40200.0	68415.0	20377.0	0.2	29.7	50.6	イノチオフローラ	経費	雑費
202307	340C10100	49	福利消耗品費	10000.0	10000.0	0.0	0.0	0.0	0.0	イノチオフローラ	経費	福利消耗品費
202307	340C10100	50	教育研修費	2800.0	2800.0	2429.0	0.0	86.7	86.7	イノチオフローラ	経費	教育研修費
202307	340C10100	51	雑給	0.0	0.0	0.0	0.0	0.0	0.0	イノチオフローラ	経費	雑給
202307	340C10100	52	社内金利（固定資産）	89177.0	89177.0	89178.0	1.1	100.0	100.0	イノチオフローラ	経費	社内金利（固定資産）
202307	340C10100	53	グループ共通	209000.0	209000.0	209000.0	2.5	100.0	100.0	イノチオフローラ	経費	グループ共通
202307	340C10100	54	差引収益	2317462.0	2927550.0	2019336.0	24.9	68.9	87.1	イノチオフローラ		
202307	340C10100	55	差引比率	33.6	33.6	24.9		74.1	74.1	イノチオフローラ		
202307	340C10100	56	総時間	1095.25	1033.0	1144.0		110.7	104.4	イノチオフローラ		
202307	340C10100	57	定時間	1008.0	960.0	986.0		102.7	97.8	イノチオフローラ	時間	
202307	340C10100	58	残業時間	64.0	63.0	140.75		223.4	219.9	イノチオフローラ	時間	
202307	340C10100	59	移動時間	23.25	10.0	17.25		172.5	74.1	イノチオフローラ	時間	
202307	340C10100	60	当月時間当り	2115.9	2834.0	1765.1		62.2	83.4	イノチオフローラ		
202307	340C10100	61	人員	6.0	6.0	6.0		100.0	100.0	イノチオフローラ		
202308	340C10100	1	総受注高	11013195.0	11240220.0	12184053.0		108.3	110.6	イノチオフローラ	受注	
202308	340C10100	2	総売上高	11013195.0	11068945.0	12184053.0		110.0	110.6	イノチオフローラ		
202308	340C10100	3	切り花売上	2495178.0	2614725.0	3379844.0	27.7	129.2	135.4	イノチオフローラ	売上	
202308	340C10100	4	研究受託売上   	8309000.0	8244220.0	8244220.0	67.6	100.0	99.2	イノチオフローラ	売上	
202308	340C10100	5	その他売上	209017.0	210000.0	559989.0	4.5	266.6	267.9	イノチオフローラ	売上	
202308	340C10100	6	堆肥売上            	0.0	0.0	0.0	0.0	0.0	0.0	イノチオフローラ	売上	
202308	340C10100	7	経費合計	3501702.0	4474101.0	3288944.0	26.9	73.5	93.9	イノチオフローラ		
202308	340C10100	8	種苗費	200000.0	200000.0	0.0	0.0	0.0	0.0	イノチオフローラ	経費	種苗費
202308	340C10100	9	肥料費	0.0	0.0	0.0	0.0	0.0	0.0	イノチオフローラ	経費	肥料費
202308	340C10100	10	培土費用	0.0	0.0	0.0	0.0	0.0	0.0	イノチオフローラ	経費	培土費用
202308	340C10100	11	農薬衛生費	729930.0	600000.0	607991.0	4.9	101.3	83.2	イノチオフローラ	経費	農薬衛生費
202308	340C10100	12	農具費	10000.0	30000.0	6635.0	0.0	22.1	66.3	イノチオフローラ	経費	農具費
202308	340C10100	13	諸材料費	125850.0	251700.0	252959.0	2.0	100.5	201.0	イノチオフローラ	経費	諸材料費
202308	340C10100	14	その他仕入高	150000.0	200000.0	125687.0	1.0	62.8	83.7	イノチオフローラ	経費	その他仕入高
202308	340C10100	15	減価償却費	806759.0	806759.0	806765.0	6.6	100.0	100.0	イノチオフローラ	経費	減価償却費
202308	340C10100	16	車両費	151939.0	351000.0	246104.0	2.0	70.1	161.9	イノチオフローラ	経費	車両費
202308	340C10100	17	旅費交通費	10000.0	70000.0	25418.0	0.2	36.3	254.1	イノチオフローラ	経費	旅費交通費
202308	340C10100	18	荷造運搬費	146456.0	146500.0	722.0	0.0	0.4	0.4	イノチオフローラ	経費	荷造運搬費
202308	340C10100	19	通信費	36417.0	36417.0	33212.0	0.2	91.1	91.1	イノチオフローラ	経費	通信費
202308	340C10100	20	水道光熱費	243168.0	233042.0	168201.0	1.3	72.1	69.1	イノチオフローラ	経費	水道光熱費
202308	340C10100	21	動力費	428810.0	528810.0	376394.0	3.0	71.1	87.7	イノチオフローラ	経費	動力費
202308	340C10100	22	燃料費	0.0	0.0	0.0	0.0	0.0	0.0	イノチオフローラ	経費	燃料費
202308	340C10100	23	事務用品費	7700.0	7700.0	7197.0	0.0	93.4	93.4	イノチオフローラ	経費	事務用品費
202308	340C10100	24	消耗品費	30000.0	30000.0	17203.0	0.1	57.3	57.3	イノチオフローラ	経費	消耗品費
202308	340C10100	25	廃棄物処理料	0.0	110000.0	47500.0	0.3	43.1	0.0	イノチオフローラ	経費	廃棄物処理料
202308	340C10100	26	広告宣伝費	0.0	0.0	0.0	0.0	0.0	0.0	イノチオフローラ	経費	広告宣伝費
202308	340C10100	27	接待交際費	0.0	0.0	0.0	0.0	0.0	0.0	イノチオフローラ	経費	接待交際費
202308	340C10100	28	研究開発費	0.0	0.0	0.0	0.0	0.0	0.0	イノチオフローラ	経費	研究開発費
202308	340C10100	29	クレーム費	0.0	0.0	0.0	0.0	0.0	0.0	イノチオフローラ	経費	クレーム費
202308	340C10100	30	賃借料	0.0	0.0	0.0	0.0	0.0	0.0	イノチオフローラ	経費	賃借料
202308	340C10100	31	賃貸料収入	-30000.0	-30000.0	-27273.0	0.0	0.0	0.0	イノチオフローラ	経費	賃貸料収入
202308	340C10100	32	修繕費	60000.0	507500.0	237803.0	1.9	46.8	396.3	イノチオフローラ	経費	修繕費
202308	340C10100	33	支払リース料	4800.0	4800.0	4700.0	0.0	97.9	97.9	イノチオフローラ	経費	支払リース料
202308	340C10100	34	保険料	0.0	0.0	0.0	0.0	0.0	0.0	イノチオフローラ	経費	保険料
202308	340C10100	35	支払報酬	0.0	0.0	0.0	0.0	0.0	0.0	イノチオフローラ	経費	支払報酬
202308	340C10100	36	販売手数料	0.0	0.0	0.0	0.0	0.0	0.0	イノチオフローラ	経費	販売手数料
202308	340C10100	37	支払手数料	12490.0	12490.0	10316.0	0.0	82.5	82.5	イノチオフローラ	経費	支払手数料
202308	340C10100	38	診断料	0.0	0.0	0.0	0.0	0.0	0.0	イノチオフローラ	経費	診断料
202308	340C10100	39	諸会費	0.0	0.0	0.0	0.0	0.0	0.0	イノチオフローラ	経費	諸会費
202308	340C10100	40	会議費	0.0	0.0	1598.0	0.0	0.0	0.0	イノチオフローラ	経費	会議費
202308	340C10100	41	寄付金	0.0	0.0	0.0	0.0	0.0	0.0	イノチオフローラ	経費	寄付金
202308	340C10100	42	租税公課	10000.0	10000.0	204.0	0.0	2.0	2.0	イノチオフローラ	経費	租税公課
202308	340C10100	43	業務委託費	0.0	0.0	0.0	0.0	0.0	0.0	イノチオフローラ	経費	業務委託費
202308	340C10100	44	業務受託収入	0.0	0.0	0.0	0.0	0.0	0.0	イノチオフローラ	経費	業務受託収入
202308	340C10100	45	システム管理料	0.0	0.0	0.0	0.0	0.0	0.0	イノチオフローラ	経費	システム管理料
202308	340C10100	46	情報機器利用料	40440.0	40440.0	41040.0	0.3	101.4	101.4	イノチオフローラ	経費	情報機器利用料
202308	340C10100	47	貸倒金	0.0	0.0	0.0	0.0	0.0	0.0	イノチオフローラ	経費	貸倒金
202308	340C10100	48	雑費	20000.0	20000.0	177.0	0.0	0.8	0.8	イノチオフローラ	経費	雑費
202308	340C10100	49	福利消耗品費	10000.0	10000.0	0.0	0.0	0.0	0.0	イノチオフローラ	経費	福利消耗品費
202308	340C10100	50	教育研修費	2800.0	2800.0	4247.0	0.0	151.6	151.6	イノチオフローラ	経費	教育研修費
202308	340C10100	51	雑給	0.0	0.0	0.0	0.0	0.0	0.0	イノチオフローラ	経費	雑給
202308	340C10100	52	社内金利（固定資産）	85143.0	85143.0	85144.0	0.6	100.0	100.0	イノチオフローラ	経費	社内金利（固定資産）
202308	340C10100	53	グループ共通	209000.0	209000.0	209000.0	1.7	100.0	100.0	イノチオフローラ	経費	グループ共通
202308	340C10100	54	差引収益	7511493.0	6594844.0	8895109.0	73.0	134.8	118.4	イノチオフローラ		
202308	340C10100	55	差引比率	68.2	59.5	73.0		122.6	107.0	イノチオフローラ		
202308	340C10100	56	総時間	1211.25	1170.0	1077.25		92.0	88.9	イノチオフローラ		
202308	340C10100	57	定時間	1008.0	1008.0	998.25		99.0	99.0	イノチオフローラ	時間	
202308	340C10100	58	残業時間	180.0	152.0	77.5		50.9	43.0	イノチオフローラ	時間	
202308	340C10100	59	移動時間	23.25	10.0	1.5		15.0	6.4	イノチオフローラ	時間	
202308	340C10100	60	当月時間当り	6201.4	5636.6	8257.2		146.4	133.1	イノチオフローラ		
202308	340C10100	61	人員	6.0	6.0	6.0		100.0	100.0	イノチオフローラ		
202309	340C10100	1	総受注高	10546200.0	13842335.0	13343589.0		96.3	126.5	イノチオフローラ	受注	
202309	340C10100	2	総売上高	10546200.0	13842335.0	13343589.0		96.3	126.5	イノチオフローラ		
202309	340C10100	3	切り花売上	754400.0	1527575.0	1043198.0	7.8	68.2	138.2	イノチオフローラ	売上	
202309	340C10100	4	研究受託売上   	9601800.0	12104760.0	12104760.0	90.7	100.0	126.0	イノチオフローラ	売上	
202309	340C10100	5	その他売上	190000.0	210000.0	195631.0	1.4	93.1	102.9	イノチオフローラ	売上	
202309	340C10100	6	堆肥売上            	0.0	0.0	0.0	0.0	0.0	0.0	イノチオフローラ	売上	
202309	340C10100	7	経費合計	4445771.0	5236293.0	4819195.0	36.1	92.0	108.3	イノチオフローラ		
202309	340C10100	8	種苗費	350000.0	350000.0	438790.0	3.2	125.3	125.3	イノチオフローラ	経費	種苗費
202309	340C10100	9	肥料費	148890.0	277435.0	154010.0	1.1	55.5	103.4	イノチオフローラ	経費	肥料費
202309	340C10100	10	培土費用	0.0	0.0	0.0	0.0	0.0	0.0	イノチオフローラ	経費	培土費用
202309	340C10100	11	農薬衛生費	758840.0	893990.0	824769.0	6.1	92.2	108.6	イノチオフローラ	経費	農薬衛生費
202309	340C10100	12	農具費	125000.0	195400.0	66107.0	0.4	33.8	52.8	イノチオフローラ	経費	農具費
202309	340C10100	13	諸材料費	13400.0	94000.0	0.0	0.0	0.0	0.0	イノチオフローラ	経費	諸材料費
202309	340C10100	14	その他仕入高	150000.0	210000.0	62282.0	0.4	29.6	41.5	イノチオフローラ	経費	その他仕入高
202309	340C10100	15	減価償却費	806759.0	806759.0	806765.0	6.0	100.0	100.0	イノチオフローラ	経費	減価償却費
202309	340C10100	16	車両費	205840.0	125840.0	234052.0	1.7	185.9	113.7	イノチオフローラ	経費	車両費
202309	340C10100	17	旅費交通費	10000.0	10000.0	0.0	0.0	0.0	0.0	イノチオフローラ	経費	旅費交通費
202309	340C10100	18	荷造運搬費	44280.0	83700.0	221180.0	1.6	264.2	499.5	イノチオフローラ	経費	荷造運搬費
202309	340C10100	19	通信費	40154.0	40154.0	42293.0	0.3	105.3	105.3	イノチオフローラ	経費	通信費
202309	340C10100	20	水道光熱費	228393.0	210800.0	164053.0	1.2	77.8	71.8	イノチオフローラ	経費	水道光熱費
202309	340C10100	21	動力費	415416.0	515416.0	468173.0	3.5	90.8	112.6	イノチオフローラ	経費	動力費
202309	340C10100	22	燃料費	0.0	0.0	0.0	0.0	0.0	0.0	イノチオフローラ	経費	燃料費
202309	340C10100	23	事務用品費	5000.0	5000.0	1476.0	0.0	29.5	29.5	イノチオフローラ	経費	事務用品費
202309	340C10100	24	消耗品費	30000.0	30000.0	9690.0	0.0	32.3	32.3	イノチオフローラ	経費	消耗品費
202309	340C10100	25	廃棄物処理料	0.0	0.0	0.0	0.0	0.0	0.0	イノチオフローラ	経費	廃棄物処理料
202309	340C10100	26	広告宣伝費	0.0	0.0	0.0	0.0	0.0	0.0	イノチオフローラ	経費	広告宣伝費
202309	340C10100	27	接待交際費	0.0	0.0	0.0	0.0	0.0	0.0	イノチオフローラ	経費	接待交際費
202309	340C10100	28	研究開発費	0.0	0.0	0.0	0.0	0.0	0.0	イノチオフローラ	経費	研究開発費
202309	340C10100	29	クレーム費	0.0	0.0	0.0	0.0	0.0	0.0	イノチオフローラ	経費	クレーム費
202309	340C10100	30	賃借料	0.0	0.0	0.0	0.0	0.0	0.0	イノチオフローラ	経費	賃借料
202309	340C10100	31	賃貸料収入	-30000.0	-30000.0	-27273.0	0.0	0.0	0.0	イノチオフローラ	経費	賃貸料収入
202309	340C10100	32	修繕費	60000.0	334000.0	350340.0	2.6	104.8	583.9	イノチオフローラ	経費	修繕費
202309	340C10100	33	支払リース料	4800.0	4800.0	4700.0	0.0	97.9	97.9	イノチオフローラ	経費	支払リース料
202309	340C10100	34	保険料	0.0	0.0	0.0	0.0	0.0	0.0	イノチオフローラ	経費	保険料
202309	340C10100	35	支払報酬	0.0	0.0	0.0	0.0	0.0	0.0	イノチオフローラ	経費	支払報酬
202309	340C10100	36	販売手数料	0.0	0.0	0.0	0.0	0.0	0.0	イノチオフローラ	経費	販売手数料
202309	340C10100	37	支払手数料	15650.0	15650.0	9033.0	0.0	57.7	57.7	イノチオフローラ	経費	支払手数料
202309	340C10100	38	診断料	0.0	0.0	0.0	0.0	0.0	0.0	イノチオフローラ	経費	診断料
202309	340C10100	39	諸会費	0.0	0.0	0.0	0.0	0.0	0.0	イノチオフローラ	経費	諸会費
202309	340C10100	40	会議費	0.0	0.0	0.0	0.0	0.0	0.0	イノチオフローラ	経費	会議費
202309	340C10100	41	寄付金	0.0	0.0	0.0	0.0	0.0	0.0	イノチオフローラ	経費	寄付金
202309	340C10100	42	租税公課	700000.0	700000.0	655002.0	4.9	93.5	93.5	イノチオフローラ	経費	租税公課
202309	340C10100	43	業務委託費	0.0	0.0	0.0	0.0	0.0	0.0	イノチオフローラ	経費	業務委託費
202309	340C10100	44	業務受託収入	0.0	0.0	0.0	0.0	0.0	0.0	イノチオフローラ	経費	業務受託収入
202309	340C10100	45	システム管理料	0.0	0.0	0.0	0.0	0.0	0.0	イノチオフローラ	経費	システム管理料
202309	340C10100	46	情報機器利用料	40440.0	40440.0	41040.0	0.3	101.4	101.4	イノチオフローラ	経費	情報機器利用料
202309	340C10100	47	貸倒金	0.0	0.0	0.0	0.0	0.0	0.0	イノチオフローラ	経費	貸倒金
202309	340C10100	48	雑費	20000.0	20000.0	174.0	0.0	0.8	0.8	イノチオフローラ	経費	雑費
202309	340C10100	49	福利消耗品費	10000.0	10000.0	0.0	0.0	0.0	0.0	イノチオフローラ	経費	福利消耗品費
202309	340C10100	50	教育研修費	2800.0	2800.0	2429.0	0.0	86.7	86.7	イノチオフローラ	経費	教育研修費
202309	340C10100	51	雑給	0.0	0.0	0.0	0.0	0.0	0.0	イノチオフローラ	経費	雑給
202309	340C10100	52	社内金利（固定資産）	81109.0	81109.0	81110.0	0.6	100.0	100.0	イノチオフローラ	経費	社内金利（固定資産）
202309	340C10100	53	グループ共通	209000.0	209000.0	209000.0	1.5	100.0	100.0	イノチオフローラ	経費	グループ共通
202309	340C10100	54	差引収益	6100429.0	8606042.0	8524394.0	63.8	99.0	139.7	イノチオフローラ		
202309	340C10100	55	差引比率	57.8	62.1	63.8		102.7	110.3	イノチオフローラ		
202309	340C10100	56	総時間	1127.25	1113.0	1022.75		91.8	90.7	イノチオフローラ		
202309	340C10100	57	定時間	1008.0	1008.0	969.25		96.1	96.1	イノチオフローラ	時間	
202309	340C10100	58	残業時間	96.0	95.0	52.0		54.7	54.1	イノチオフローラ	時間	
202309	340C10100	59	移動時間	23.25	10.0	1.5		15.0	6.4	イノチオフローラ	時間	
202309	340C10100	60	当月時間当り	5411.7	7732.2	8334.7		107.7	154.0	イノチオフローラ		
202309	340C10100	61	人員	6.0	6.0	6.0		100.0	100.0	イノチオフローラ		
202310	340C10100	1	総受注高	13170197.0	10822409.0	11397095.0		105.3	86.5	イノチオフローラ	受注	
202310	340C10100	2	総売上高	13170197.0	10822409.0	11397095.0		105.3	86.5	イノチオフローラ		
202310	340C10100	3	切り花売上	2044197.0	1566709.0	2014073.0	17.6	128.5	98.5	イノチオフローラ	売上	
202310	340C10100	4	研究受託売上   	10921000.0	9122000.0	9122000.0	80.0	100.0	83.5	イノチオフローラ	売上	
202310	340C10100	5	その他売上	205000.0	133700.0	261022.0	2.2	195.2	127.3	イノチオフローラ	売上	
202310	340C10100	6	堆肥売上            	0.0	0.0	0.0	0.0	0.0	0.0	イノチオフローラ	売上	
202310	340C10100	7	経費合計	5018913.0	5708575.0	3976336.0	34.8	69.6	79.2	イノチオフローラ		
202310	340C10100	8	種苗費	0.0	426500.0	252330.0	2.2	59.1	0.0	イノチオフローラ	経費	種苗費
202310	340C10100	9	肥料費	37200.0	0.0	123290.0	1.0	0.0	331.4	イノチオフローラ	経費	肥料費
202310	340C10100	10	培土費用	0.0	0.0	0.0	0.0	0.0	0.0	イノチオフローラ	経費	培土費用
202310	340C10100	11	農薬衛生費	579420.0	579420.0	688157.0	6.0	118.7	118.7	イノチオフローラ	経費	農薬衛生費
202310	340C10100	12	農具費	233400.0	233400.0	613323.0	5.3	262.7	262.7	イノチオフローラ	経費	農具費
202310	340C10100	13	諸材料費	626170.0	451850.0	38000.0	0.3	8.4	6.0	イノチオフローラ	経費	諸材料費
202310	340C10100	14	その他仕入高	164000.0	79500.0	23722.0	0.2	29.8	14.4	イノチオフローラ	経費	その他仕入高
202310	340C10100	15	減価償却費	802124.0	802124.0	802130.0	7.0	100.0	100.0	イノチオフローラ	経費	減価償却費
202310	340C10100	16	車両費	159523.0	622003.0	115520.0	1.0	18.5	72.4	イノチオフローラ	経費	車両費
202310	340C10100	17	旅費交通費	10000.0	10000.0	0.0	0.0	0.0	0.0	イノチオフローラ	経費	旅費交通費
202310	340C10100	18	荷造運搬費	119985.0	94500.0	99243.0	0.8	105.0	82.7	イノチオフローラ	経費	荷造運搬費
202310	340C10100	19	通信費	37163.0	37163.0	34839.0	0.3	93.7	93.7	イノチオフローラ	経費	通信費
202310	340C10100	20	水道光熱費	198900.0	196000.0	258809.0	2.2	132.0	130.1	イノチオフローラ	経費	水道光熱費
202310	340C10100	21	動力費	375566.0	475566.0	380262.0	3.3	79.9	101.2	イノチオフローラ	経費	動力費
202310	340C10100	22	燃料費	737000.0	860000.0	0.0	0.0	0.0	0.0	イノチオフローラ	経費	燃料費
202310	340C10100	23	事務用品費	7900.0	7900.0	668.0	0.0	8.4	8.4	イノチオフローラ	経費	事務用品費
202310	340C10100	24	消耗品費	30000.0	30000.0	999.0	0.0	3.3	3.3	イノチオフローラ	経費	消耗品費
202310	340C10100	25	廃棄物処理料	112400.0	112400.0	33000.0	0.2	29.3	29.3	イノチオフローラ	経費	廃棄物処理料
202310	340C10100	26	広告宣伝費	0.0	0.0	0.0	0.0	0.0	0.0	イノチオフローラ	経費	広告宣伝費
202310	340C10100	27	接待交際費	0.0	0.0	0.0	0.0	0.0	0.0	イノチオフローラ	経費	接待交際費
202310	340C10100	28	研究開発費	0.0	0.0	0.0	0.0	0.0	0.0	イノチオフローラ	経費	研究開発費
202310	340C10100	29	クレーム費	0.0	0.0	0.0	0.0	0.0	0.0	イノチオフローラ	経費	クレーム費
202310	340C10100	30	賃借料	0.0	0.0	0.0	0.0	0.0	0.0	イノチオフローラ	経費	賃借料
202310	340C10100	31	賃貸料収入	-45340.0	-45340.0	-27273.0	0.0	0.0	0.0	イノチオフローラ	経費	賃貸料収入
202310	340C10100	32	修繕費	160000.0	60000.0	110789.0	0.9	184.6	69.2	イノチオフローラ	経費	修繕費
202310	340C10100	33	支払リース料	4800.0	4800.0	4700.0	0.0	97.9	97.9	イノチオフローラ	経費	支払リース料
202310	340C10100	34	保険料	0.0	0.0	0.0	0.0	0.0	0.0	イノチオフローラ	経費	保険料
202310	340C10100	35	支払報酬	0.0	0.0	0.0	0.0	0.0	0.0	イノチオフローラ	経費	支払報酬
202310	340C10100	36	販売手数料	224000.0	255000.0	0.0	0.0	0.0	0.0	イノチオフローラ	経費	販売手数料
202310	340C10100	37	支払手数料	11450.0	11450.0	11280.0	0.0	98.5	98.5	イノチオフローラ	経費	支払手数料
202310	340C10100	38	診断料	0.0	0.0	0.0	0.0	0.0	0.0	イノチオフローラ	経費	診断料
202310	340C10100	39	諸会費	0.0	0.0	75000.0	0.6	0.0	0.0	イノチオフローラ	経費	諸会費
202310	340C10100	40	会議費	0.0	0.0	0.0	0.0	0.0	0.0	イノチオフローラ	経費	会議費
202310	340C10100	41	寄付金	0.0	0.0	0.0	0.0	0.0	0.0	イノチオフローラ	経費	寄付金
202310	340C10100	42	租税公課	10000.0	10000.0	0.0	0.0	0.0	0.0	イノチオフローラ	経費	租税公課
202310	340C10100	43	業務委託費	0.0	0.0	0.0	0.0	0.0	0.0	イノチオフローラ	経費	業務委託費
202310	340C10100	44	業務受託収入	0.0	0.0	0.0	0.0	0.0	0.0	イノチオフローラ	経費	業務受託収入
202310	340C10100	45	システム管理料	0.0	0.0	0.0	0.0	0.0	0.0	イノチオフローラ	経費	システム管理料
202310	340C10100	46	情報機器利用料	40440.0	40440.0	41040.0	0.3	101.4	101.4	イノチオフローラ	経費	情報機器利用料
202310	340C10100	47	貸倒金	0.0	0.0	0.0	0.0	0.0	0.0	イノチオフローラ	経費	貸倒金
202310	340C10100	48	雑費	20000.0	20000.0	179.0	0.0	0.8	0.8	イノチオフローラ	経費	雑費
202310	340C10100	49	福利消耗品費	73913.0	45000.0	7801.0	0.0	17.3	10.5	イノチオフローラ	経費	福利消耗品費
202310	340C10100	50	教育研修費	2800.0	2800.0	2429.0	0.0	86.7	86.7	イノチオフローラ	経費	教育研修費
202310	340C10100	51	雑給	0.0	0.0	0.0	0.0	0.0	0.0	イノチオフローラ	経費	雑給
202310	340C10100	52	社内金利（固定資産）	77099.0	77099.0	77099.0	0.6	100.0	100.0	イノチオフローラ	経費	社内金利（固定資産）
202310	340C10100	53	グループ共通	209000.0	209000.0	209000.0	1.8	100.0	100.0	イノチオフローラ	経費	グループ共通
202310	340C10100	54	差引収益	8151284.0	5113834.0	7420759.0	65.1	145.1	91.0	イノチオフローラ		
202310	340C10100	55	差引比率	61.8	47.2	65.1		137.9	105.3	イノチオフローラ		
202310	340C10100	56	総時間	1186.75	1170.0	1086.5		92.8	91.5	イノチオフローラ		
202310	340C10100	57	定時間	1056.0	1056.0	1032.0		97.7	97.7	イノチオフローラ	時間	
202310	340C10100	58	残業時間	107.0	104.0	53.0		50.9	49.5	イノチオフローラ	時間	
202310	340C10100	59	移動時間	23.75	10.0	1.5		15.0	6.3	イノチオフローラ	時間	
202310	340C10100	60	当月時間当り	6868.5	4370.7	6829.9		156.2	99.4	イノチオフローラ		
202310	340C10100	61	人員	6.0	6.0	6.0		100.0	100.0	イノチオフローラ		
202311	340C10100	1	総受注高	13208247.0	11631800.0	11348192.0		97.5	85.9	イノチオフローラ	受注	
202311	340C10100	2	総売上高	13208247.0	11631800.0	11348192.0		97.5	85.9	イノチオフローラ		
202311	340C10100	3	切り花売上	2554247.0	1438400.0	733759.0	6.4	51.0	28.7	イノチオフローラ	売上	
202311	340C10100	4	研究受託売上   	10449000.0	9988400.0	9852400.0	86.8	98.6	94.2	イノチオフローラ	売上	
202311	340C10100	5	その他売上	205000.0	205000.0	762033.0	6.7	371.7	371.7	イノチオフローラ	売上	
202311	340C10100	6	堆肥売上            	0.0	0.0	0.0	0.0	0.0	0.0	イノチオフローラ	売上	
202311	340C10100	7	経費合計	5909316.0	6383659.0	5252307.0	46.2	82.2	88.8	イノチオフローラ		
202311	340C10100	8	種苗費	20000.0	0.0	-252330.0	0.0	0.0	0.0	イノチオフローラ	経費	種苗費
202311	340C10100	9	肥料費	0.0	0.0	0.0	0.0	0.0	0.0	イノチオフローラ	経費	肥料費
202311	340C10100	10	培土費用	0.0	0.0	0.0	0.0	0.0	0.0	イノチオフローラ	経費	培土費用
202311	340C10100	11	農薬衛生費	738770.0	600000.0	526424.0	4.6	87.7	71.2	イノチオフローラ	経費	農薬衛生費
202311	340C10100	12	農具費	110000.0	110000.0	-323654.0	0.0	0.0	0.0	イノチオフローラ	経費	農具費
202311	340C10100	13	諸材料費	147450.0	125850.0	342324.0	3.0	272.0	232.1	イノチオフローラ	経費	諸材料費
202311	340C10100	14	その他仕入高	164000.0	164000.0	448550.0	3.9	273.5	273.5	イノチオフローラ	経費	その他仕入高
202311	340C10100	15	減価償却費	495841.0	495841.0	495847.0	4.3	100.0	100.0	イノチオフローラ	経費	減価償却費
202311	340C10100	16	車両費	1020333.0	782702.0	276629.0	2.4	35.3	27.1	イノチオフローラ	経費	車両費
202311	340C10100	17	旅費交通費	130000.0	10000.0	0.0	0.0	0.0	0.0	イノチオフローラ	経費	旅費交通費
202311	340C10100	18	荷造運搬費	149922.0	130000.0	159463.0	1.4	122.6	106.3	イノチオフローラ	経費	荷造運搬費
202311	340C10100	19	通信費	37554.0	37554.0	39863.0	0.3	106.1	106.1	イノチオフローラ	経費	通信費
202311	340C10100	20	水道光熱費	205256.0	205380.0	68101.0	0.6	33.1	33.1	イノチオフローラ	経費	水道光熱費
202311	340C10100	21	動力費	418421.0	518000.0	417366.0	3.6	80.5	99.7	イノチオフローラ	経費	動力費
202311	340C10100	22	燃料費	1020000.0	1520000.0	1481200.0	13.0	97.4	145.2	イノチオフローラ	経費	燃料費
202311	340C10100	23	事務用品費	5000.0	5000.0	4603.0	0.0	92.0	92.0	イノチオフローラ	経費	事務用品費
202311	340C10100	24	消耗品費	30000.0	30000.0	13110.0	0.1	43.7	43.7	イノチオフローラ	経費	消耗品費
202311	340C10100	25	廃棄物処理料	0.0	0.0	0.0	0.0	0.0	0.0	イノチオフローラ	経費	廃棄物処理料
202311	340C10100	26	広告宣伝費	0.0	0.0	0.0	0.0	0.0	0.0	イノチオフローラ	経費	広告宣伝費
202311	340C10100	27	接待交際費	0.0	0.0	0.0	0.0	0.0	0.0	イノチオフローラ	経費	接待交際費
202311	340C10100	28	研究開発費	0.0	0.0	0.0	0.0	0.0	0.0	イノチオフローラ	経費	研究開発費
202311	340C10100	29	クレーム費	0.0	0.0	0.0	0.0	0.0	0.0	イノチオフローラ	経費	クレーム費
202311	340C10100	30	賃借料	0.0	0.0	0.0	0.0	0.0	0.0	イノチオフローラ	経費	賃借料
202311	340C10100	31	賃貸料収入	-30000.0	-30000.0	-27273.0	0.0	0.0	0.0	イノチオフローラ	経費	賃貸料収入
202311	340C10100	32	修繕費	60000.0	215000.0	238343.0	2.1	110.8	397.2	イノチオフローラ	経費	修繕費
202311	340C10100	33	支払リース料	4800.0	4800.0	4700.0	0.0	97.9	97.9	イノチオフローラ	経費	支払リース料
202311	340C10100	34	保険料	0.0	0.0	0.0	0.0	0.0	0.0	イノチオフローラ	経費	保険料
202311	340C10100	35	支払報酬	0.0	0.0	0.0	0.0	0.0	0.0	イノチオフローラ	経費	支払報酬
202311	340C10100	36	販売手数料	0.0	277563.0	252330.0	2.2	90.9	0.0	イノチオフローラ	経費	販売手数料
202311	340C10100	37	支払手数料	61450.0	61450.0	41405.0	0.3	67.3	67.3	イノチオフローラ	経費	支払手数料
202311	340C10100	38	診断料	0.0	0.0	0.0	0.0	0.0	0.0	イノチオフローラ	経費	診断料
202311	340C10100	39	諸会費	0.0	0.0	0.0	0.0	0.0	0.0	イノチオフローラ	経費	諸会費
202311	340C10100	40	会議費	0.0	0.0	0.0	0.0	0.0	0.0	イノチオフローラ	経費	会議費
202311	340C10100	41	寄付金	0.0	0.0	0.0	0.0	0.0	0.0	イノチオフローラ	経費	寄付金
202311	340C10100	42	租税公課	700000.0	700000.0	655000.0	5.7	93.5	93.5	イノチオフローラ	経費	租税公課
202311	340C10100	43	業務委託費	0.0	0.0	0.0	0.0	0.0	0.0	イノチオフローラ	経費	業務委託費
202311	340C10100	44	業務受託収入	0.0	0.0	0.0	0.0	0.0	0.0	イノチオフローラ	経費	業務受託収入
202311	340C10100	45	システム管理料	0.0	0.0	0.0	0.0	0.0	0.0	イノチオフローラ	経費	システム管理料
202311	340C10100	46	情報機器利用料	40440.0	40440.0	41040.0	0.3	101.4	101.4	イノチオフローラ	経費	情報機器利用料
202311	340C10100	47	貸倒金	0.0	0.0	0.0	0.0	0.0	0.0	イノチオフローラ	経費	貸倒金
202311	340C10100	48	雑費	83660.0	83660.0	59126.0	0.5	70.6	70.6	イノチオフローラ	経費	雑費
202311	340C10100	49	福利消耗品費	10000.0	10000.0	0.0	0.0	0.0	0.0	イノチオフローラ	経費	福利消耗品費
202311	340C10100	50	教育研修費	2800.0	2800.0	6520.0	0.0	232.8	232.8	イノチオフローラ	経費	教育研修費
202311	340C10100	51	雑給	0.0	0.0	0.0	0.0	0.0	0.0	イノチオフローラ	経費	雑給
202311	340C10100	52	社内金利（固定資産）	74619.0	74619.0	74620.0	0.6	100.0	100.0	イノチオフローラ	経費	社内金利（固定資産）
202311	340C10100	53	グループ共通	209000.0	209000.0	209000.0	1.8	100.0	100.0	イノチオフローラ	経費	グループ共通
202311	340C10100	54	差引収益	7298931.0	5248141.0	6095885.0	53.7	116.1	83.5	イノチオフローラ		
202311	340C10100	55	差引比率	55.2	45.1	53.7		119.0	97.2	イノチオフローラ		
202311	340C10100	56	総時間	1079.25	1076.0	1054.0		97.9	97.6	イノチオフローラ		
202311	340C10100	57	定時間	1008.0	1008.0	970.0		96.2	96.2	イノチオフローラ	時間	
202311	340C10100	58	残業時間	48.0	58.0	82.5		142.2	171.8	イノチオフローラ	時間	
202311	340C10100	59	移動時間	23.25	10.0	1.5		15.0	6.4	イノチオフローラ	時間	
202311	340C10100	60	当月時間当り	6762.9	4877.4	5783.5		118.5	85.5	イノチオフローラ		
202311	340C10100	61	人員	6.0	6.0	6.0		100.0	100.0	イノチオフローラ		
202312	340C10100	1	総受注高	5766632.0	9046300.0	8756459.0		96.7	151.8	イノチオフローラ	受注	
202312	340C10100	2	総売上高	5766632.0	9046300.0	8756459.0		96.7	151.8	イノチオフローラ		
202312	340C10100	3	切り花売上	2196632.0	2756500.0	2744876.0	31.3	99.5	124.9	イノチオフローラ	売上	
202312	340C10100	4	研究受託売上   	3365000.0	5989800.0	5386000.0	61.5	89.9	160.0	イノチオフローラ	売上	
202312	340C10100	5	その他売上	205000.0	300000.0	625583.0	7.1	208.5	305.1	イノチオフローラ	売上	
202312	340C10100	6	堆肥売上            	0.0	0.0	0.0	0.0	0.0	0.0	イノチオフローラ	売上	
202312	340C10100	7	経費合計	5597789.0	6189156.0	5900952.0	67.3	95.3	105.4	イノチオフローラ		
202312	340C10100	8	種苗費	350000.0	158000.0	180730.0	2.0	114.3	51.6	イノチオフローラ	経費	種苗費
202312	340C10100	9	肥料費	165745.0	165745.0	0.0	0.0	0.0	0.0	イノチオフローラ	経費	肥料費
202312	340C10100	10	培土費用	0.0	0.0	0.0	0.0	0.0	0.0	イノチオフローラ	経費	培土費用
202312	340C10100	11	農薬衛生費	529420.0	529420.0	485882.0	5.5	91.7	91.7	イノチオフローラ	経費	農薬衛生費
202312	340C10100	12	農具費	30000.0	124000.0	2722.0	0.0	2.1	9.0	イノチオフローラ	経費	農具費
202312	340C10100	13	諸材料費	289300.0	125850.0	373501.0	4.2	296.7	129.1	イノチオフローラ	経費	諸材料費
202312	340C10100	14	その他仕入高	164000.0	300000.0	420476.0	4.8	140.1	256.3	イノチオフローラ	経費	その他仕入高
202312	340C10100	15	減価償却費	495841.0	495841.0	495847.0	5.6	100.0	100.0	イノチオフローラ	経費	減価償却費
202312	340C10100	16	車両費	245929.0	622480.0	580110.0	6.6	93.1	235.8	イノチオフローラ	経費	車両費
202312	340C10100	17	旅費交通費	10000.0	10000.0	0.0	0.0	0.0	0.0	イノチオフローラ	経費	旅費交通費
202312	340C10100	18	荷造運搬費	105186.0	210000.0	318956.0	3.6	151.8	303.2	イノチオフローラ	経費	荷造運搬費
202312	340C10100	19	通信費	37835.0	46080.0	40331.0	0.4	87.5	106.5	イノチオフローラ	経費	通信費
202312	340C10100	20	水道光熱費	230086.0	230300.0	166824.0	1.9	72.4	72.5	イノチオフローラ	経費	水道光熱費
202312	340C10100	21	動力費	494907.0	594900.0	408842.0	4.6	68.7	82.6	イノチオフローラ	経費	動力費
202312	340C10100	22	燃料費	1933000.0	1960000.0	2080840.0	23.7	106.1	107.6	イノチオフローラ	経費	燃料費
202312	340C10100	23	事務用品費	7600.0	7600.0	941.0	0.0	12.3	12.3	イノチオフローラ	経費	事務用品費
202312	340C10100	24	消耗品費	30000.0	30000.0	2105.0	0.0	7.0	7.0	イノチオフローラ	経費	消耗品費
202312	340C10100	25	廃棄物処理料	0.0	0.0	32000.0	0.3	0.0	0.0	イノチオフローラ	経費	廃棄物処理料
202312	340C10100	26	広告宣伝費	0.0	0.0	0.0	0.0	0.0	0.0	イノチオフローラ	経費	広告宣伝費
202312	340C10100	27	接待交際費	0.0	0.0	0.0	0.0	0.0	0.0	イノチオフローラ	経費	接待交際費
202312	340C10100	28	研究開発費	0.0	0.0	0.0	0.0	0.0	0.0	イノチオフローラ	経費	研究開発費
202312	340C10100	29	クレーム費	0.0	0.0	0.0	0.0	0.0	0.0	イノチオフローラ	経費	クレーム費
202312	340C10100	30	賃借料	0.0	0.0	0.0	0.0	0.0	0.0	イノチオフローラ	経費	賃借料
202312	340C10100	31	賃貸料収入	-185940.0	-185940.0	-183213.0	0.0	0.0	0.0	イノチオフローラ	経費	賃貸料収入
202312	340C10100	32	修繕費	60000.0	160000.0	51728.0	0.5	32.3	86.2	イノチオフローラ	経費	修繕費
202312	340C10100	33	支払リース料	4800.0	4800.0	4700.0	0.0	97.9	97.9	イノチオフローラ	経費	支払リース料
202312	340C10100	34	保険料	0.0	0.0	0.0	0.0	0.0	0.0	イノチオフローラ	経費	保険料
202312	340C10100	35	支払報酬	0.0	0.0	0.0	0.0	0.0	0.0	イノチオフローラ	経費	支払報酬
202312	340C10100	36	販売手数料	0.0	0.0	0.0	0.0	0.0	0.0	イノチオフローラ	経費	販売手数料
202312	340C10100	37	支払手数料	235700.0	235700.0	112840.0	1.2	47.8	47.8	イノチオフローラ	経費	支払手数料
202312	340C10100	38	診断料	0.0	0.0	0.0	0.0	0.0	0.0	イノチオフローラ	経費	診断料
202312	340C10100	39	諸会費	0.0	0.0	0.0	0.0	0.0	0.0	イノチオフローラ	経費	諸会費
202312	340C10100	40	会議費	0.0	0.0	0.0	0.0	0.0	0.0	イノチオフローラ	経費	会議費
202312	340C10100	41	寄付金	0.0	0.0	0.0	0.0	0.0	0.0	イノチオフローラ	経費	寄付金
202312	340C10100	42	租税公課	10000.0	10000.0	0.0	0.0	0.0	0.0	イノチオフローラ	経費	租税公課
202312	340C10100	43	業務委託費	0.0	0.0	0.0	0.0	0.0	0.0	イノチオフローラ	経費	業務委託費
202312	340C10100	44	業務受託収入	0.0	0.0	0.0	0.0	0.0	0.0	イノチオフローラ	経費	業務受託収入
202312	340C10100	45	システム管理料	0.0	0.0	0.0	0.0	0.0	0.0	イノチオフローラ	経費	システム管理料
202312	340C10100	46	情報機器利用料	40440.0	40440.0	41040.0	0.4	101.4	101.4	イノチオフローラ	経費	情報機器利用料
202312	340C10100	47	貸倒金	0.0	0.0	0.0	0.0	0.0	0.0	イノチオフローラ	経費	貸倒金
202312	340C10100	48	雑費	20000.0	20000.0	180.0	0.0	0.9	0.9	イノチオフローラ	経費	雑費
202312	340C10100	49	福利消耗品費	10000.0	10000.0	0.0	0.0	0.0	0.0	イノチオフローラ	経費	福利消耗品費
202312	340C10100	50	教育研修費	2800.0	2800.0	2429.0	0.0	86.7	86.7	イノチオフローラ	経費	教育研修費
202312	340C10100	51	雑給	0.0	0.0	0.0	0.0	0.0	0.0	イノチオフローラ	経費	雑給
202312	340C10100	52	社内金利（固定資産）	72140.0	72140.0	72141.0	0.8	100.0	100.0	イノチオフローラ	経費	社内金利（固定資産）
202312	340C10100	53	グループ共通	209000.0	209000.0	209000.0	2.3	100.0	100.0	イノチオフローラ	経費	グループ共通
202312	340C10100	54	差引収益	168843.0	2857144.0	2855507.0	32.6	99.9		イノチオフローラ		
202312	340C10100	55	差引比率	2.9	31.5	32.6		103.4		イノチオフローラ		
202312	340C10100	56	総時間	1045.75	1126.0	1029.5		91.4	98.4	イノチオフローラ		
202312	340C10100	57	定時間	960.0	960.0	948.0		98.7	98.7	イノチオフローラ	時間	
202312	340C10100	58	残業時間	63.0	156.0	79.5		50.9	126.1	イノチオフローラ	時間	
202312	340C10100	59	移動時間	22.75	10.0	2.0		20.0	8.7	イノチオフローラ	時間	
202312	340C10100	60	当月時間当り	161.4	2537.4	2773.6		109.3		イノチオフローラ		
202312	340C10100	61	人員	6.0	6.0	6.0		100.0	100.0	イノチオフローラ		
202401	340C10100	1	総受注高	7097570.0	7122600.0	6244688.0		87.6	87.9	イノチオフローラ	受注	
202401	340C10100	2	総売上高	7097570.0	7186600.0	6244688.0		86.8	87.9	イノチオフローラ		
202401	340C10100	3	切り花売上	1919570.0	1116000.0	434077.0	6.9	38.8	22.6	イノチオフローラ	売上	
202401	340C10100	4	研究受託売上   	4973000.0	5856600.0	5039800.0	80.7	86.0	101.3	イノチオフローラ	売上	
202401	340C10100	5	その他売上	205000.0	214000.0	770811.0	12.3	360.1	376.0	イノチオフローラ	売上	
202401	340C10100	6	堆肥売上            	0.0	0.0	0.0	0.0	0.0	0.0	イノチオフローラ	売上	
202401	340C10100	7	経費合計	4690786.0	5070583.0	4053269.0	64.9	79.9	86.4	イノチオフローラ		
202401	340C10100	8	種苗費	0.0	0.0	0.0	0.0	0.0	0.0	イノチオフローラ	経費	種苗費
202401	340C10100	9	肥料費	24300.0	62500.0	0.0	0.0	0.0	0.0	イノチオフローラ	経費	肥料費
202401	340C10100	10	培土費用	0.0	0.0	0.0	0.0	0.0	0.0	イノチオフローラ	経費	培土費用
202401	340C10100	11	農薬衛生費	350000.0	150000.0	163896.0	2.6	109.2	46.8	イノチオフローラ	経費	農薬衛生費
202401	340C10100	12	農具費	10000.0	109000.0	12868.0	0.2	11.8	128.6	イノチオフローラ	経費	農具費
202401	340C10100	13	諸材料費	125850.0	125850.0	0.0	0.0	0.0	0.0	イノチオフローラ	経費	諸材料費
202401	340C10100	14	その他仕入高	164000.0	164000.0	56676.0	0.9	34.5	34.5	イノチオフローラ	経費	その他仕入高
202401	340C10100	15	減価償却費	495841.0	495841.0	495847.0	7.9	100.0	100.0	イノチオフローラ	経費	減価償却費
202401	340C10100	16	車両費	218537.0	298537.0	279459.0	4.4	93.6	127.8	イノチオフローラ	経費	車両費
202401	340C10100	17	旅費交通費	10000.0	10000.0	0.0	0.0	0.0	0.0	イノチオフローラ	経費	旅費交通費
202401	340C10100	18	荷造運搬費	112671.0	86200.0	66033.0	1.0	76.6	58.6	イノチオフローラ	経費	荷造運搬費
202401	340C10100	19	通信費	32150.0	40400.0	39864.0	0.6	98.6	123.9	イノチオフローラ	経費	通信費
202401	340C10100	20	水道光熱費	233819.0	164637.0	122205.0	1.9	74.2	52.2	イノチオフローラ	経費	水道光熱費
202401	340C10100	21	動力費	559822.0	659822.0	464352.0	7.4	70.3	82.9	イノチオフローラ	経費	動力費
202401	340C10100	22	燃料費	1552000.0	1622000.0	1502880.0	24.0	92.6	96.8	イノチオフローラ	経費	燃料費
202401	340C10100	23	事務用品費	5000.0	5000.0	693.0	0.0	13.8	13.8	イノチオフローラ	経費	事務用品費
202401	340C10100	24	消耗品費	30000.0	10000.0	3251.0	0.0	32.5	10.8	イノチオフローラ	経費	消耗品費
202401	340C10100	25	廃棄物処理料	54000.0	54000.0	0.0	0.0	0.0	0.0	イノチオフローラ	経費	廃棄物処理料
202401	340C10100	26	広告宣伝費	0.0	0.0	0.0	0.0	0.0	0.0	イノチオフローラ	経費	広告宣伝費
202401	340C10100	27	接待交際費	0.0	0.0	0.0	0.0	0.0	0.0	イノチオフローラ	経費	接待交際費
202401	340C10100	28	研究開発費	0.0	0.0	0.0	0.0	0.0	0.0	イノチオフローラ	経費	研究開発費
202401	340C10100	29	クレーム費	0.0	0.0	0.0	0.0	0.0	0.0	イノチオフローラ	経費	クレーム費
202401	340C10100	30	賃借料	0.0	0.0	0.0	0.0	0.0	0.0	イノチオフローラ	経費	賃借料
202401	340C10100	31	賃貸料収入	-30000.0	-30000.0	-27273.0	0.0	0.0	0.0	イノチオフローラ	経費	賃貸料収入
202401	340C10100	32	修繕費	60000.0	360000.0	219293.0	3.5	60.9	365.4	イノチオフローラ	経費	修繕費
202401	340C10100	33	支払リース料	4800.0	4800.0	4700.0	0.0	97.9	97.9	イノチオフローラ	経費	支払リース料
202401	340C10100	34	保険料	0.0	0.0	0.0	0.0	0.0	0.0	イノチオフローラ	経費	保険料
202401	340C10100	35	支払報酬	0.0	0.0	0.0	0.0	0.0	0.0	イノチオフローラ	経費	支払報酬
202401	340C10100	36	販売手数料	280000.0	280000.0	245293.0	3.9	87.6	87.6	イノチオフローラ	経費	販売手数料
202401	340C10100	37	支払手数料	8400.0	8400.0	60421.0	0.9	719.2	719.2	イノチオフローラ	経費	支払手数料
202401	340C10100	38	診断料	0.0	0.0	0.0	0.0	0.0	0.0	イノチオフローラ	経費	診断料
202401	340C10100	39	諸会費	0.0	0.0	500.0	0.0	0.0	0.0	イノチオフローラ	経費	諸会費
202401	340C10100	40	会議費	0.0	0.0	0.0	0.0	0.0	0.0	イノチオフローラ	経費	会議費
202401	340C10100	41	寄付金	0.0	0.0	20000.0	0.3	0.0	0.0	イノチオフローラ	経費	寄付金
202401	340C10100	42	租税公課	10000.0	10000.0	0.0	0.0	0.0	0.0	イノチオフローラ	経費	租税公課
202401	340C10100	43	業務委託費	0.0	0.0	0.0	0.0	0.0	0.0	イノチオフローラ	経費	業務委託費
202401	340C10100	44	業務受託収入	0.0	0.0	0.0	0.0	0.0	0.0	イノチオフローラ	経費	業務受託収入
202401	340C10100	45	システム管理料	0.0	0.0	0.0	0.0	0.0	0.0	イノチオフローラ	経費	システム管理料
202401	340C10100	46	情報機器利用料	40440.0	40440.0	41040.0	0.6	101.4	101.4	イノチオフローラ	経費	情報機器利用料
202401	340C10100	47	貸倒金	0.0	0.0	0.0	0.0	0.0	0.0	イノチオフローラ	経費	貸倒金
202401	340C10100	48	雑費	47695.0	47695.0	180.0	0.0	0.3	0.3	イノチオフローラ	経費	雑費
202401	340C10100	49	福利消耗品費	10000.0	10000.0	0.0	0.0	0.0	0.0	イノチオフローラ	経費	福利消耗品費
202401	340C10100	50	教育研修費	2800.0	2800.0	2429.0	0.0	86.7	86.7	イノチオフローラ	経費	教育研修費
202401	340C10100	51	雑給	0.0	0.0	0.0	0.0	0.0	0.0	イノチオフローラ	経費	雑給
202401	340C10100	52	社内金利（固定資産）	69661.0	69661.0	69662.0	1.1	100.0	100.0	イノチオフローラ	経費	社内金利（固定資産）
202401	340C10100	53	グループ共通	209000.0	209000.0	209000.0	3.3	100.0	100.0	イノチオフローラ	経費	グループ共通
202401	340C10100	54	差引収益	2406784.0	2116017.0	2191419.0	35.0	103.5	91.0	イノチオフローラ		
202401	340C10100	55	差引比率	33.9	29.4	35.0		119.0	103.2	イノチオフローラ		
202401	340C10100	56	総時間	1039.0	1039.0	851.0		81.9	81.9	イノチオフローラ		
202401	340C10100	57	定時間	912.0	912.0	776.0		85.0	85.0	イノチオフローラ	時間	
202401	340C10100	58	残業時間	105.0	105.0	72.5		69.0	69.0	イノチオフローラ	時間	
202401	340C10100	59	移動時間	22.0	22.0	2.5		11.3	11.3	イノチオフローラ	時間	
202401	340C10100	60	当月時間当り	2316.4	2036.5	2575.1		126.4	111.1	イノチオフローラ		
202401	340C10100	61	人員	6.0	6.0	6.0		100.0	100.0	イノチオフローラ		
202402	340C10100	1	総受注高	3739381.0	3959220.0	3433624.0		86.7	91.8	イノチオフローラ	受注	
202402	340C10100	2	総売上高	3739381.0	3959220.0	3433624.0		86.7	91.8	イノチオフローラ		
202402	340C10100	3	切り花売上	1346981.0	878820.0	348549.0	10.1	39.6	25.8	イノチオフローラ	売上	
202402	340C10100	4	研究受託売上   	2187400.0	2610400.0	2610400.0	76.0	100.0	119.3	イノチオフローラ	売上	
202402	340C10100	5	その他売上	205000.0	470000.0	474675.0	13.8	100.9	231.5	イノチオフローラ	売上	
202402	340C10100	6	堆肥売上            	0.0	0.0	0.0	0.0	0.0	0.0	イノチオフローラ	売上	
202402	340C10100	7	経費合計	3363109.0	5966220.0	4007331.0	116.7	67.1	119.1	イノチオフローラ		
202402	340C10100	8	種苗費	0.0	0.0	0.0	0.0	0.0	0.0	イノチオフローラ	経費	種苗費
202402	340C10100	9	肥料費	37200.0	61500.0	73500.0	2.1	119.5	197.5	イノチオフローラ	経費	肥料費
202402	340C10100	10	培土費用	0.0	0.0	0.0	0.0	0.0	0.0	イノチオフローラ	経費	培土費用
202402	340C10100	11	農薬衛生費	329930.0	335150.0	341150.0	9.9	101.7	103.4	イノチオフローラ	経費	農薬衛生費
202402	340C10100	12	農具費	10000.0	172400.0	182656.0	5.3	105.9		イノチオフローラ	経費	農具費
202402	340C10100	13	諸材料費	0.0	0.0	24150.0	0.7	0.0	0.0	イノチオフローラ	経費	諸材料費
202402	340C10100	14	その他仕入高	164000.0	120000.0	161481.0	4.7	134.5	98.4	イノチオフローラ	経費	その他仕入高
202402	340C10100	15	減価償却費	495841.0	495841.0	499308.0	14.5	100.6	100.6	イノチオフローラ	経費	減価償却費
202402	340C10100	16	車両費	188637.0	198367.0	239318.0	6.9	120.6	126.8	イノチオフローラ	経費	車両費
202402	340C10100	17	旅費交通費	130000.0	10000.0	0.0	0.0	0.0	0.0	イノチオフローラ	経費	旅費交通費
202402	340C10100	18	荷造運搬費	79061.0	86200.0	66122.0	1.9	76.7	83.6	イノチオフローラ	経費	荷造運搬費
202402	340C10100	19	通信費	32404.0	32404.0	39018.0	1.1	120.4	120.4	イノチオフローラ	経費	通信費
202402	340C10100	20	水道光熱費	201539.0	251461.0	144620.0	4.2	57.5	71.7	イノチオフローラ	経費	水道光熱費
202402	340C10100	21	動力費	409475.0	509475.0	560796.0	16.3	110.0	136.9	イノチオフローラ	経費	動力費
202402	340C10100	22	燃料費	740000.0	860000.0	824760.0	24.0	95.9	111.4	イノチオフローラ	経費	燃料費
202402	340C10100	23	事務用品費	8800.0	5000.0	2700.0	0.0	54.0	30.6	イノチオフローラ	経費	事務用品費
202402	340C10100	24	消耗品費	30000.0	10000.0	6120.0	0.1	61.2	20.4	イノチオフローラ	経費	消耗品費
202402	340C10100	25	廃棄物処理料	0.0	54000.0	0.0	0.0	0.0	0.0	イノチオフローラ	経費	廃棄物処理料
202402	340C10100	26	広告宣伝費	0.0	0.0	0.0	0.0	0.0	0.0	イノチオフローラ	経費	広告宣伝費
202402	340C10100	27	接待交際費	0.0	0.0	0.0	0.0	0.0	0.0	イノチオフローラ	経費	接待交際費
202402	340C10100	28	研究開発費	0.0	0.0	0.0	0.0	0.0	0.0	イノチオフローラ	経費	研究開発費
202402	340C10100	29	クレーム費	0.0	0.0	0.0	0.0	0.0	0.0	イノチオフローラ	経費	クレーム費
202402	340C10100	30	賃借料	0.0	0.0	0.0	0.0	0.0	0.0	イノチオフローラ	経費	賃借料
202402	340C10100	31	賃貸料収入	-30000.0	-30000.0	-27273.0	0.0	0.0	0.0	イノチオフローラ	経費	賃貸料収入
202402	340C10100	32	修繕費	160000.0	2418200.0	501700.0	14.6	20.7	313.5	イノチオフローラ	経費	修繕費
202402	340C10100	33	支払リース料	4800.0	4800.0	5319.0	0.1	110.8	110.8	イノチオフローラ	経費	支払リース料
202402	340C10100	34	保険料	0.0	0.0	0.0	0.0	0.0	0.0	イノチオフローラ	経費	保険料
202402	340C10100	35	支払報酬	0.0	0.0	0.0	0.0	0.0	0.0	イノチオフローラ	経費	支払報酬
202402	340C10100	36	販売手数料	0.0	0.0	0.0	0.0	0.0	0.0	イノチオフローラ	経費	販売手数料
202402	340C10100	37	支払手数料	12000.0	12000.0	38970.0	1.1	324.7	324.7	イノチオフローラ	経費	支払手数料
202402	340C10100	38	診断料	0.0	0.0	0.0	0.0	0.0	0.0	イノチオフローラ	経費	診断料
202402	340C10100	39	諸会費	0.0	0.0	0.0	0.0	0.0	0.0	イノチオフローラ	経費	諸会費
202402	340C10100	40	会議費	0.0	0.0	0.0	0.0	0.0	0.0	イノチオフローラ	経費	会議費
202402	340C10100	41	寄付金	0.0	0.0	0.0	0.0	0.0	0.0	イノチオフローラ	経費	寄付金
202402	340C10100	42	租税公課	10000.0	10000.0	1.0	0.0	0.0	0.0	イノチオフローラ	経費	租税公課
202402	340C10100	43	業務委託費	0.0	0.0	0.0	0.0	0.0	0.0	イノチオフローラ	経費	業務委託費
202402	340C10100	44	業務受託収入	0.0	0.0	0.0	0.0	0.0	0.0	イノチオフローラ	経費	業務受託収入
202402	340C10100	45	システム管理料	0.0	0.0	0.0	0.0	0.0	0.0	イノチオフローラ	経費	システム管理料
202402	340C10100	46	情報機器利用料	40440.0	40440.0	41040.0	1.1	101.4	101.4	イノチオフローラ	経費	情報機器利用料
202402	340C10100	47	貸倒金	0.0	0.0	0.0	0.0	0.0	0.0	イノチオフローラ	経費	貸倒金
202402	340C10100	48	雑費	20000.0	20000.0	181.0	0.0	0.9	0.9	イノチオフローラ	経費	雑費
202402	340C10100	49	福利消耗品費	10000.0	10000.0	0.0	0.0	0.0	0.0	イノチオフローラ	経費	福利消耗品費
202402	340C10100	50	教育研修費	2800.0	2800.0	2429.0	0.0	86.7	86.7	イノチオフローラ	経費	教育研修費
202402	340C10100	51	雑給	0.0	0.0	0.0	0.0	0.0	0.0	イノチオフローラ	経費	雑給
202402	340C10100	52	社内金利（固定資産）	67182.0	67182.0	70265.0	2.0	104.5	104.5	イノチオフローラ	経費	社内金利（固定資産）
202402	340C10100	53	グループ共通	209000.0	209000.0	209000.0	6.0	100.0	100.0	イノチオフローラ	経費	グループ共通
202402	340C10100	54	差引収益	376272.0	-2007000.0	-573707.0	0.0	0.0	0.0	イノチオフローラ		
202402	340C10100	55	差引比率	10.0	-50.6	-16.7		0.0	0.0	イノチオフローラ		
202402	340C10100	56	総時間	868.75	1039.0	929.5		89.4	106.9	イノチオフローラ		
202402	340C10100	57	定時間	800.0	912.0	874.0		95.8	109.2	イノチオフローラ	時間	
202402	340C10100	58	残業時間	46.0	105.0	53.5		50.9	116.3	イノチオフローラ	時間	
202402	340C10100	59	移動時間	22.75	22.0	2.0		9.0	8.7	イノチオフローラ	時間	
202402	340C10100	60	当月時間当り	433.1	-1931.6	-617.2		0.0	0.0	イノチオフローラ		
202402	340C10100	61	人員	6.0	6.0	6.0		100.0	100.0	イノチオフローラ		
202403	340C10100	1	総受注高	2121748.0	3204461.0	2811017.0		87.7	132.4	イノチオフローラ	受注	
202403	340C10100	2	総売上高	2121748.0	3204461.0	2811017.0		87.7	132.4	イノチオフローラ		
202403	340C10100	3	切り花売上	1285497.0	1573061.0	802814.0	28.5	51.0	62.4	イノチオフローラ	売上	
202403	340C10100	4	研究受託売上   	520000.0	1281400.0	1276000.0	45.3	99.5	245.3	イノチオフローラ	売上	
202403	340C10100	5	その他売上	316251.0	350000.0	732203.0	26.0	209.2	231.5	イノチオフローラ	売上	
202403	340C10100	6	堆肥売上            	0.0	0.0	0.0	0.0	0.0	0.0	イノチオフローラ	売上	
202403	340C10100	7	経費合計	3649878.0	4575313.0	5339559.0	189.9	116.7	146.2	イノチオフローラ		
202403	340C10100	8	種苗費	0.0	130000.0	0.0	0.0	0.0	0.0	イノチオフローラ	経費	種苗費
202403	340C10100	9	肥料費	0.0	0.0	25000.0	0.8	0.0	0.0	イノチオフローラ	経費	肥料費
202403	340C10100	10	培土費用	0.0	0.0	0.0	0.0	0.0	0.0	イノチオフローラ	経費	培土費用
202403	340C10100	11	農薬衛生費	329420.0	329420.0	312580.0	11.1	94.8	94.8	イノチオフローラ	経費	農薬衛生費
202403	340C10100	12	農具費	10000.0	10000.0	46551.0	1.6	465.5	465.5	イノチオフローラ	経費	農具費
202403	340C10100	13	諸材料費	0.0	10000.0	5450.0	0.1	54.5	0.0	イノチオフローラ	経費	諸材料費
202403	340C10100	14	その他仕入高	164000.0	200000.0	336533.0	11.9	168.2	205.2	イノチオフローラ	経費	その他仕入高
202403	340C10100	15	減価償却費	495404.0	495404.0	498870.0	17.7	100.6	100.6	イノチオフローラ	経費	減価償却費
202403	340C10100	16	車両費	116460.0	126400.0	140535.0	4.9	111.1	120.6	イノチオフローラ	経費	車両費
202403	340C10100	17	旅費交通費	30000.0	5000.0	0.0	0.0	0.0	0.0	イノチオフローラ	経費	旅費交通費
202403	340C10100	18	荷造運搬費	75454.0	113200.0	150222.0	5.3	132.7	199.0	イノチオフローラ	経費	荷造運搬費
202403	340C10100	19	通信費	28604.0	38250.0	42286.0	1.5	110.5	147.8	イノチオフローラ	経費	通信費
202403	340C10100	20	水道光熱費	200869.0	228100.0	198249.0	7.0	86.9	98.6	イノチオフローラ	経費	水道光熱費
202403	340C10100	21	動力費	395116.0	398500.0	377629.0	13.4	94.7	95.5	イノチオフローラ	経費	動力費
202403	340C10100	22	燃料費	680000.0	736000.0	1075168.0	38.2	146.0	158.1	イノチオフローラ	経費	燃料費
202403	340C10100	23	事務用品費	5000.0	5000.0	814.0	0.0	16.2	16.2	イノチオフローラ	経費	事務用品費
202403	340C10100	24	消耗品費	30000.0	30000.0	8868.0	0.3	29.5	29.5	イノチオフローラ	経費	消耗品費
202403	340C10100	25	廃棄物処理料	30000.0	30000.0	69050.0	2.4	230.1	230.1	イノチオフローラ	経費	廃棄物処理料
202403	340C10100	26	広告宣伝費	0.0	0.0	0.0	0.0	0.0	0.0	イノチオフローラ	経費	広告宣伝費
202403	340C10100	27	接待交際費	0.0	0.0	0.0	0.0	0.0	0.0	イノチオフローラ	経費	接待交際費
202403	340C10100	28	研究開発費	0.0	0.0	0.0	0.0	0.0	0.0	イノチオフローラ	経費	研究開発費
202403	340C10100	29	クレーム費	0.0	0.0	0.0	0.0	0.0	0.0	イノチオフローラ	経費	クレーム費
202403	340C10100	30	賃借料	0.0	0.0	0.0	0.0	0.0	0.0	イノチオフローラ	経費	賃借料
202403	340C10100	31	賃貸料収入	-30000.0	-30000.0	-27273.0	0.0	0.0	0.0	イノチオフローラ	経費	賃貸料収入
202403	340C10100	32	修繕費	60000.0	608500.0	951480.0	33.8	156.3		イノチオフローラ	経費	修繕費
202403	340C10100	33	支払リース料	4800.0	4800.0	5274.0	0.1	109.8	109.8	イノチオフローラ	経費	支払リース料
202403	340C10100	34	保険料	261510.0	261510.0	232330.0	8.2	88.8	88.8	イノチオフローラ	経費	保険料
202403	340C10100	35	支払報酬	0.0	0.0	0.0	0.0	0.0	0.0	イノチオフローラ	経費	支払報酬
202403	340C10100	36	販売手数料	0.0	0.0	0.0	0.0	0.0	0.0	イノチオフローラ	経費	販売手数料
202403	340C10100	37	支払手数料	12000.0	430506.0	432881.0	15.3	100.5		イノチオフローラ	経費	支払手数料
202403	340C10100	38	診断料	0.0	0.0	0.0	0.0	0.0	0.0	イノチオフローラ	経費	診断料
202403	340C10100	39	諸会費	0.0	0.0	0.0	0.0	0.0	0.0	イノチオフローラ	経費	諸会費
202403	340C10100	40	会議費	0.0	0.0	0.0	0.0	0.0	0.0	イノチオフローラ	経費	会議費
202403	340C10100	41	寄付金	0.0	0.0	0.0	0.0	0.0	0.0	イノチオフローラ	経費	寄付金
202403	340C10100	42	租税公課	10000.0	10000.0	2.0	0.0	0.0	0.0	イノチオフローラ	経費	租税公課
202403	340C10100	43	業務委託費	0.0	0.0	0.0	0.0	0.0	0.0	イノチオフローラ	経費	業務委託費
202403	340C10100	44	業務受託収入	0.0	0.0	0.0	0.0	0.0	0.0	イノチオフローラ	経費	業務受託収入
202403	340C10100	45	システム管理料	0.0	0.0	0.0	0.0	0.0	0.0	イノチオフローラ	経費	システム管理料
202403	340C10100	46	情報機器利用料	40440.0	40440.0	41040.0	1.4	101.4	101.4	イノチオフローラ	経費	情報機器利用料
202403	340C10100	47	貸倒金	0.0	0.0	0.0	0.0	0.0	0.0	イノチオフローラ	経費	貸倒金
202403	340C10100	48	雑費	414296.0	20000.0	132690.0	4.7	663.4	32.0	イノチオフローラ	経費	雑費
202403	340C10100	49	福利消耗品費	10000.0	10000.0	4130.0	0.1	41.3	41.3	イノチオフローラ	経費	福利消耗品費
202403	340C10100	50	教育研修費	2800.0	2800.0	2429.0	0.0	86.7	86.7	イノチオフローラ	経費	教育研修費
202403	340C10100	51	雑給	0.0	0.0	0.0	0.0	0.0	0.0	イノチオフローラ	経費	雑給
202403	340C10100	52	社内金利（固定資産）	64705.0	64483.0	67771.0	2.4	105.0	104.7	イノチオフローラ	経費	社内金利（固定資産）
202403	340C10100	53	グループ共通	209000.0	267000.0	209000.0	7.4	78.2	100.0	イノチオフローラ	経費	グループ共通
202403	340C10100	54	差引収益	-1528130.0	-1370852.0	-2528542.0	0.0	0.0	0.0	イノチオフローラ		
202403	340C10100	55	差引比率	-72.0	-42.7	-89.9		0.0	0.0	イノチオフローラ		
202403	340C10100	56	総時間	939.25	1111.0	1054.75		94.9	112.2	イノチオフローラ		
202403	340C10100	57	定時間	840.0	1008.0	998.0		99.0	118.8	イノチオフローラ	時間	
202403	340C10100	58	残業時間	76.0	93.0	54.75		58.8	72.0	イノチオフローラ	時間	
202403	340C10100	59	移動時間	23.25	10.0	2.0		20.0	8.6	イノチオフローラ	時間	
202403	340C10100	60	当月時間当り	-1626.9	-1233.8	-2397.2		0.0	0.0	イノチオフローラ		
202403	340C10100	61	人員	6.0	6.0	6.0		100.0	100.0	イノチオフローラ		
202404	340C10100	1	総受注高	1600000.0	1522500.0	1314508.0		86.3	82.1	イノチオフローラ	受注	
202404	340C10100	2	総売上高	1600000.0	1522500.0	1314508.0		86.3	82.1	イノチオフローラ		
202404	340C10100	3	切り花売上	810000.0	750000.0	379943.0	28.9	50.6	46.9	イノチオフローラ	売上	
202404	340C10100	4	研究受託売上   	580000.0	572500.0	572500.0	43.5	100.0	98.7	イノチオフローラ	売上	
202404	340C10100	5	その他売上	210000.0	200000.0	362065.0	27.5	181.0	172.4	イノチオフローラ	売上	
202404	340C10100	6	堆肥売上            	0.0	0.0	0.0	0.0	0.0	0.0	イノチオフローラ	売上	
202404	340C10100	7	経費合計	4594446.0	4066709.0	3795778.0	288.7	93.3	82.6	イノチオフローラ		
202404	340C10100	8	種苗費	815280.0	474150.0	483340.0	36.7	101.9	59.2	イノチオフローラ	経費	種苗費
202404	340C10100	9	肥料費	190045.0	128000.0	129480.0	9.8	101.1	68.1	イノチオフローラ	経費	肥料費
202404	340C10100	10	培土費用	0.0	0.0	0.0	0.0	0.0	0.0	イノチオフローラ	経費	培土費用
202404	340C10100	11	農薬衛生費	444570.0	444150.0	402355.0	30.6	90.5	90.5	イノチオフローラ	経費	農薬衛生費
202404	340C10100	12	農具費	233142.0	134000.0	100171.0	7.6	74.7	42.9	イノチオフローラ	経費	農具費
202404	340C10100	13	諸材料費	135850.0	135850.0	125347.0	9.5	92.2	92.2	イノチオフローラ	経費	諸材料費
202404	340C10100	14	その他仕入高	150000.0	150000.0	94167.0	7.1	62.7	62.7	イノチオフローラ	経費	その他仕入高
202404	340C10100	15	減価償却費	382277.0	382277.0	382277.0	29.0	100.0	100.0	イノチオフローラ	経費	減価償却費
202404	340C10100	16	車両費	200000.0	175000.0	135194.0	10.2	77.2	67.5	イノチオフローラ	経費	車両費
202404	340C10100	17	旅費交通費	15000.0	15000.0	0.0	0.0	0.0	0.0	イノチオフローラ	経費	旅費交通費
202404	340C10100	18	荷造運搬費	91840.0	91840.0	111814.0	8.5	121.7	121.7	イノチオフローラ	経費	荷造運搬費
202404	340C10100	19	通信費	29532.0	29532.0	39508.0	3.0	133.7	133.7	イノチオフローラ	経費	通信費
202404	340C10100	20	水道光熱費	145352.0	145352.0	143148.0	10.8	98.4	98.4	イノチオフローラ	経費	水道光熱費
202404	340C10100	21	動力費	485174.0	485174.0	307750.0	23.4	63.4	63.4	イノチオフローラ	経費	動力費
202404	340C10100	22	燃料費	364000.0	364000.0	736000.0	55.9	202.1	202.1	イノチオフローラ	経費	燃料費
202404	340C10100	23	事務用品費	5000.0	5000.0	489.0	0.0	9.7	9.7	イノチオフローラ	経費	事務用品費
202404	340C10100	24	消耗品費	15000.0	15000.0	27063.0	2.0	180.4	180.4	イノチオフローラ	経費	消耗品費
202404	340C10100	25	廃棄物処理料	40000.0	40000.0	0.0	0.0	0.0	0.0	イノチオフローラ	経費	廃棄物処理料
202404	340C10100	26	広告宣伝費	0.0	0.0	0.0	0.0	0.0	0.0	イノチオフローラ	経費	広告宣伝費
202404	340C10100	27	接待交際費	0.0	0.0	0.0	0.0	0.0	0.0	イノチオフローラ	経費	接待交際費
202404	340C10100	28	研究開発費	0.0	0.0	0.0	0.0	0.0	0.0	イノチオフローラ	経費	研究開発費
202404	340C10100	29	クレーム費	0.0	0.0	0.0	0.0	0.0	0.0	イノチオフローラ	経費	クレーム費
202404	340C10100	30	賃借料	0.0	0.0	0.0	0.0	0.0	0.0	イノチオフローラ	経費	賃借料
202404	340C10100	31	賃貸料収入	-30000.0	-30000.0	-27273.0	0.0	0.0	0.0	イノチオフローラ	経費	賃貸料収入
202404	340C10100	32	修繕費	170000.0	170000.0	138545.0	10.5	81.4	81.4	イノチオフローラ	経費	修繕費
202404	340C10100	33	支払リース料	4800.0	4800.0	5599.0	0.4	116.6	116.6	イノチオフローラ	経費	支払リース料
202404	340C10100	34	保険料	29180.0	29180.0	29310.0	2.2	100.4	100.4	イノチオフローラ	経費	保険料
202404	340C10100	35	支払報酬	56400.0	56400.0	0.0	0.0	0.0	0.0	イノチオフローラ	経費	支払報酬
202404	340C10100	36	販売手数料	200000.0	200000.0	83760.0	6.3	41.8	41.8	イノチオフローラ	経費	販売手数料
202404	340C10100	37	支払手数料	11520.0	11520.0	40188.0	3.0	348.8	348.8	イノチオフローラ	経費	支払手数料
202404	340C10100	38	診断料	0.0	0.0	0.0	0.0	0.0	0.0	イノチオフローラ	経費	診断料
202404	340C10100	39	諸会費	0.0	0.0	0.0	0.0	0.0	0.0	イノチオフローラ	経費	諸会費
202404	340C10100	40	会議費	0.0	0.0	0.0	0.0	0.0	0.0	イノチオフローラ	経費	会議費
202404	340C10100	41	寄付金	0.0	0.0	0.0	0.0	0.0	0.0	イノチオフローラ	経費	寄付金
202404	340C10100	42	租税公課	1000.0	1000.0	0.0	0.0	0.0	0.0	イノチオフローラ	経費	租税公課
202404	340C10100	43	業務委託費	0.0	0.0	0.0	0.0	0.0	0.0	イノチオフローラ	経費	業務委託費
202404	340C10100	44	業務受託収入	0.0	0.0	0.0	0.0	0.0	0.0	イノチオフローラ	経費	業務受託収入
202404	340C10100	45	システム管理料	0.0	0.0	0.0	0.0	0.0	0.0	イノチオフローラ	経費	システム管理料
202404	340C10100	46	情報機器利用料	42340.0	42340.0	42340.0	3.2	100.0	100.0	イノチオフローラ	経費	情報機器利用料
202404	340C10100	47	貸倒金	0.0	0.0	0.0	0.0	0.0	0.0	イノチオフローラ	経費	貸倒金
202404	340C10100	48	雑費	2000.0	2000.0	178.0	0.0	8.9	8.9	イノチオフローラ	経費	雑費
202404	340C10100	49	福利消耗品費	64450.0	64450.0	2740.0	0.2	4.2	4.2	イノチオフローラ	経費	福利消耗品費
202404	340C10100	50	教育研修費	40800.0	40800.0	2429.0	0.1	5.9	5.9	イノチオフローラ	経費	教育研修費
202404	340C10100	51	雑給	0.0	0.0	0.0	0.0	0.0	0.0	イノチオフローラ	経費	雑給
202404	340C10100	52	社内金利（固定資産）	65894.0	65894.0	65859.0	5.0	99.9	99.9	イノチオフローラ	経費	社内金利（固定資産）
202404	340C10100	53	グループ共通	194000.0	194000.0	194000.0	14.7	100.0	100.0	イノチオフローラ	経費	グループ共通
202404	340C10100	54	差引収益	-2994446.0	-2544209.0	-2481270.0	0.0	0.0	0.0	イノチオフローラ		
202404	340C10100	55	差引比率	-187.1	-167.1	-188.7		0.0	0.0	イノチオフローラ		
202404	340C10100	56	総時間	1123.0	1123.0	936.0		83.3	83.3	イノチオフローラ		
202404	340C10100	57	定時間	1056.0	1056.0	870.0		82.3	82.3	イノチオフローラ	時間	
202404	340C10100	58	残業時間	62.0	62.0	59.5		95.9	95.9	イノチオフローラ	時間	
202404	340C10100	59	移動時間	5.0	5.0	6.5		130.0	130.0	イノチオフローラ	時間	
202404	340C10100	60	当月時間当り	-2666.4	-2265.5	-2650.9		0.0	0.0	イノチオフローラ		
202404	340C10100	61	人員	6.0	6.0	6.0		100.0	100.0	イノチオフローラ		
202405	340C10100	1	総受注高	4300000.0	1051750.0	1835581.0		174.5	42.6	イノチオフローラ	受注	
202405	340C10100	2	総売上高	4300000.0	1051750.0	1835581.0		174.5	42.6	イノチオフローラ		
202405	340C10100	3	切り花売上	126000.0	150000.0	360830.0	19.6	240.5	286.3	イノチオフローラ	売上	
202405	340C10100	4	研究受託売上   	3923000.0	641750.0	641750.0	34.9	100.0	16.3	イノチオフローラ	売上	
202405	340C10100	5	その他売上	251000.0	260000.0	833001.0	45.3	320.3	331.8	イノチオフローラ	売上	
202405	340C10100	6	堆肥売上            	0.0	0.0	0.0	0.0	0.0	0.0	イノチオフローラ	売上	
202405	340C10100	7	経費合計	3938854.0	4081824.0	3454188.0	188.1	84.6	87.6	イノチオフローラ		
202405	340C10100	8	種苗費	175780.0	175780.0	64620.0	3.5	36.7	36.7	イノチオフローラ	経費	種苗費
202405	340C10100	9	肥料費	24300.0	61500.0	209120.0	11.3	340.0	860.5	イノチオフローラ	経費	肥料費
202405	340C10100	10	培土費用	0.0	0.0	0.0	0.0	0.0	0.0	イノチオフローラ	経費	培土費用
202405	340C10100	11	農薬衛生費	429420.0	429420.0	401563.0	21.8	93.5	93.5	イノチオフローラ	経費	農薬衛生費
202405	340C10100	12	農具費	78400.0	78400.0	133163.0	7.2	169.8	169.8	イノチオフローラ	経費	農具費
202405	340C10100	13	諸材料費	10000.0	10000.0	0.0	0.0	0.0	0.0	イノチオフローラ	経費	諸材料費
202405	340C10100	14	その他仕入高	128000.0	90000.0	293838.0	16.0	326.4	229.5	イノチオフローラ	経費	その他仕入高
202405	340C10100	15	減価償却費	477605.0	477605.0	382271.0	20.8	80.0	80.0	イノチオフローラ	経費	減価償却費
202405	340C10100	16	車両費	118000.0	123000.0	135320.0	7.3	110.0	114.6	イノチオフローラ	経費	車両費
202405	340C10100	17	旅費交通費	10000.0	10000.0	0.0	0.0	0.0	0.0	イノチオフローラ	経費	旅費交通費
202405	340C10100	18	荷造運搬費	27913.0	6000.0	71478.0	3.8		256.0	イノチオフローラ	経費	荷造運搬費
202405	340C10100	19	通信費	32644.0	47981.0	43466.0	2.3	90.5	133.1	イノチオフローラ	経費	通信費
202405	340C10100	20	水道光熱費	214902.0	214902.0	182267.0	9.9	84.8	84.8	イノチオフローラ	経費	水道光熱費
202405	340C10100	21	動力費	481010.0	481010.0	304034.0	16.5	63.2	63.2	イノチオフローラ	経費	動力費
202405	340C10100	22	燃料費	425500.0	441500.0	0.0	0.0	0.0	0.0	イノチオフローラ	経費	燃料費
202405	340C10100	23	事務用品費	5000.0	5000.0	1050.0	0.0	21.0	21.0	イノチオフローラ	経費	事務用品費
202405	340C10100	24	消耗品費	15000.0	15000.0	22991.0	1.2	153.2	153.2	イノチオフローラ	経費	消耗品費
202405	340C10100	25	廃棄物処理料	0.0	0.0	0.0	0.0	0.0	0.0	イノチオフローラ	経費	廃棄物処理料
202405	340C10100	26	広告宣伝費	0.0	0.0	0.0	0.0	0.0	0.0	イノチオフローラ	経費	広告宣伝費
202405	340C10100	27	接待交際費	0.0	0.0	0.0	0.0	0.0	0.0	イノチオフローラ	経費	接待交際費
202405	340C10100	28	研究開発費	0.0	0.0	0.0	0.0	0.0	0.0	イノチオフローラ	経費	研究開発費
202405	340C10100	29	クレーム費	0.0	0.0	0.0	0.0	0.0	0.0	イノチオフローラ	経費	クレーム費
202405	340C10100	30	賃借料	0.0	0.0	0.0	0.0	0.0	0.0	イノチオフローラ	経費	賃借料
202405	340C10100	31	賃貸料収入	-30000.0	-30000.0	-27273.0	0.0	0.0	0.0	イノチオフローラ	経費	賃貸料収入
202405	340C10100	32	修繕費	170000.0	299346.0	268940.0	14.6	89.8	158.2	イノチオフローラ	経費	修繕費
202405	340C10100	33	支払リース料	4800.0	4800.0	4700.0	0.2	97.9	97.9	イノチオフローラ	経費	支払リース料
202405	340C10100	34	保険料	0.0	0.0	0.0	0.0	0.0	0.0	イノチオフローラ	経費	保険料
202405	340C10100	35	支払報酬	0.0	0.0	0.0	0.0	0.0	0.0	イノチオフローラ	経費	支払報酬
202405	340C10100	36	販売手数料	0.0	0.0	0.0	0.0	0.0	0.0	イノチオフローラ	経費	販売手数料
202405	340C10100	37	支払手数料	18819.0	18819.0	38118.0	2.0	202.5	202.5	イノチオフローラ	経費	支払手数料
202405	340C10100	38	診断料	0.0	0.0	0.0	0.0	0.0	0.0	イノチオフローラ	経費	診断料
202405	340C10100	39	諸会費	0.0	0.0	0.0	0.0	0.0	0.0	イノチオフローラ	経費	諸会費
202405	340C10100	40	会議費	0.0	0.0	0.0	0.0	0.0	0.0	イノチオフローラ	経費	会議費
202405	340C10100	41	寄付金	0.0	0.0	0.0	0.0	0.0	0.0	イノチオフローラ	経費	寄付金
202405	340C10100	42	租税公課	670000.0	670000.0	605400.0	32.9	90.3	90.3	イノチオフローラ	経費	租税公課
202405	340C10100	43	業務委託費	0.0	0.0	0.0	0.0	0.0	0.0	イノチオフローラ	経費	業務委託費
202405	340C10100	44	業務受託収入	0.0	0.0	0.0	0.0	0.0	0.0	イノチオフローラ	経費	業務受託収入
202405	340C10100	45	システム管理料	0.0	0.0	0.0	0.0	0.0	0.0	イノチオフローラ	経費	システム管理料
202405	340C10100	46	情報機器利用料	42340.0	42340.0	42340.0	2.3	100.0	100.0	イノチオフローラ	経費	情報機器利用料
202405	340C10100	47	貸倒金	0.0	0.0	0.0	0.0	0.0	0.0	イノチオフローラ	経費	貸倒金
202405	340C10100	48	雑費	124115.0	124115.0	180.0	0.0	0.1	0.1	イノチオフローラ	経費	雑費
202405	340C10100	49	福利消耗品費	5000.0	5000.0	16225.0	0.8	324.5	324.5	イノチオフローラ	経費	福利消耗品費
202405	340C10100	50	教育研修費	2800.0	2800.0	2429.0	0.1	86.7	86.7	イノチオフローラ	経費	教育研修費
202405	340C10100	51	雑給	0.0	0.0	0.0	0.0	0.0	0.0	イノチオフローラ	経費	雑給
202405	340C10100	52	社内金利（固定資産）	83506.0	83506.0	63948.0	3.4	76.5	76.5	イノチオフローラ	経費	社内金利（固定資産）
202405	340C10100	53	グループ共通	194000.0	194000.0	194000.0	10.5	100.0	100.0	イノチオフローラ	経費	グループ共通
202405	340C10100	54	差引収益	361146.0	-3030074.0	-1618607.0	0.0	0.0	0.0	イノチオフローラ		
202405	340C10100	55	差引比率	8.3	-288.0	-88.1		0.0	0.0	イノチオフローラ		
202405	340C10100	56	総時間	1115.0	1123.0	1068.0		95.1	95.7	イノチオフローラ		
202405	340C10100	57	定時間	1048.0	1056.0	1020.0		96.5	97.3	イノチオフローラ	時間	
202405	340C10100	58	残業時間	62.0	62.0	42.5		68.5	68.5	イノチオフローラ	時間	
202405	340C10100	59	移動時間	5.0	5.0	5.5		110.0	110.0	イノチオフローラ	時間	
202405	340C10100	60	当月時間当り	323.8	-2698.1	-1515.5		0.0	0.0	イノチオフローラ		
202405	340C10100	61	人員	6.0	6.0	6.0		100.0	100.0	イノチオフローラ		
202406	340C10100	1	総受注高	4900000.0	7915650.0	7066844.0		89.2	144.2	イノチオフローラ	受注	
202406	340C10100	2	総売上高	4900000.0	7915650.0	7066844.0		89.2	144.2	イノチオフローラ		
202406	340C10100	3	切り花売上	1070000.0	1070000.0	248836.0	3.5	23.2	23.2	イノチオフローラ	売上	
202406	340C10100	4	研究受託売上   	3530000.0	6575650.0	6575650.0	93.0	100.0	186.2	イノチオフローラ	売上	
202406	340C10100	5	その他売上	300000.0	270000.0	242358.0	3.4	89.7	80.7	イノチオフローラ	売上	
202406	340C10100	6	堆肥売上            	0.0	0.0	0.0	0.0	0.0	0.0	イノチオフローラ	売上	
202406	340C10100	7	経費合計	3538168.0	3921528.0	4171570.0	59.0	106.3	117.9	イノチオフローラ		
202406	340C10100	8	種苗費	24040.0	24040.0	0.0	0.0	0.0	0.0	イノチオフローラ	経費	種苗費
202406	340C10100	9	肥料費	189140.0	0.0	0.0	0.0	0.0	0.0	イノチオフローラ	経費	肥料費
202406	340C10100	10	培土費用	0.0	588000.0	585200.0	8.2	99.5	0.0	イノチオフローラ	経費	培土費用
202406	340C10100	11	農薬衛生費	550000.0	550000.0	1437636.0	20.3	261.3	261.3	イノチオフローラ	経費	農薬衛生費
202406	340C10100	12	農具費	178400.0	15000.0	4080.0	0.0	27.2	2.2	イノチオフローラ	経費	農具費
202406	340C10100	13	諸材料費	178450.0	135850.0	126044.0	1.7	92.7	70.6	イノチオフローラ	経費	諸材料費
202406	340C10100	14	その他仕入高	189300.0	270000.0	46394.0	0.6	17.1	24.5	イノチオフローラ	経費	その他仕入高
202406	340C10100	15	減価償却費	477605.0	477605.0	419771.0	5.9	87.8	87.8	イノチオフローラ	経費	減価償却費
202406	340C10100	16	車両費	115000.0	115000.0	131513.0	1.8	114.3	114.3	イノチオフローラ	経費	車両費
202406	340C10100	17	旅費交通費	10000.0	10000.0	0.0	0.0	0.0	0.0	イノチオフローラ	経費	旅費交通費
202406	340C10100	18	荷造運搬費	120566.0	120566.0	79657.0	1.1	66.0	66.0	イノチオフローラ	経費	荷造運搬費
202406	340C10100	19	通信費	34793.0	34793.0	40356.0	0.5	115.9	115.9	イノチオフローラ	経費	通信費
202406	340C10100	20	水道光熱費	189897.0	189897.0	112963.0	1.5	59.4	59.4	イノチオフローラ	経費	水道光熱費
202406	340C10100	21	動力費	447944.0	447944.0	396610.0	5.6	88.5	88.5	イノチオフローラ	経費	動力費
202406	340C10100	22	燃料費	0.0	0.0	0.0	0.0	0.0	0.0	イノチオフローラ	経費	燃料費
202406	340C10100	23	事務用品費	5000.0	5000.0	752.0	0.0	15.0	15.0	イノチオフローラ	経費	事務用品費
202406	340C10100	24	消耗品費	20000.0	20000.0	362.0	0.0	1.8	1.8	イノチオフローラ	経費	消耗品費
202406	340C10100	25	廃棄物処理料	30000.0	40000.0	129250.0	1.8	323.1	430.8	イノチオフローラ	経費	廃棄物処理料
202406	340C10100	26	広告宣伝費	0.0	0.0	0.0	0.0	0.0	0.0	イノチオフローラ	経費	広告宣伝費
202406	340C10100	27	接待交際費	0.0	0.0	0.0	0.0	0.0	0.0	イノチオフローラ	経費	接待交際費
202406	340C10100	28	研究開発費	0.0	0.0	0.0	0.0	0.0	0.0	イノチオフローラ	経費	研究開発費
202406	340C10100	29	クレーム費	0.0	0.0	0.0	0.0	0.0	0.0	イノチオフローラ	経費	クレーム費
202406	340C10100	30	賃借料	0.0	0.0	0.0	0.0	0.0	0.0	イノチオフローラ	経費	賃借料
202406	340C10100	31	賃貸料収入	-30000.0	-30000.0	-27273.0	0.0	0.0	0.0	イノチオフローラ	経費	賃貸料収入
202406	340C10100	32	修繕費	270000.0	270000.0	127910.0	1.8	47.3	47.3	イノチオフローラ	経費	修繕費
202406	340C10100	33	支払リース料	4800.0	4800.0	4700.0	0.0	97.9	97.9	イノチオフローラ	経費	支払リース料
202406	340C10100	34	保険料	0.0	0.0	0.0	0.0	0.0	0.0	イノチオフローラ	経費	保険料
202406	340C10100	35	支払報酬	58500.0	58500.0	0.0	0.0	0.0	0.0	イノチオフローラ	経費	支払報酬
202406	340C10100	36	販売手数料	0.0	0.0	0.0	0.0	0.0	0.0	イノチオフローラ	経費	販売手数料
202406	340C10100	37	支払手数料	42519.0	42519.0	44735.0	0.6	105.2	105.2	イノチオフローラ	経費	支払手数料
202406	340C10100	38	診断料	0.0	0.0	0.0	0.0	0.0	0.0	イノチオフローラ	経費	診断料
202406	340C10100	39	諸会費	36556.0	36556.0	1819.0	0.0	4.9	4.9	イノチオフローラ	経費	諸会費
202406	340C10100	40	会議費	0.0	0.0	0.0	0.0	0.0	0.0	イノチオフローラ	経費	会議費
202406	340C10100	41	寄付金	0.0	0.0	0.0	0.0	0.0	0.0	イノチオフローラ	経費	寄付金
202406	340C10100	42	租税公課	1000.0	1000.0	204.0	0.0	20.4	20.4	イノチオフローラ	経費	租税公課
202406	340C10100	43	業務委託費	0.0	0.0	0.0	0.0	0.0	0.0	イノチオフローラ	経費	業務委託費
202406	340C10100	44	業務受託収入	0.0	0.0	0.0	0.0	0.0	0.0	イノチオフローラ	経費	業務受託収入
202406	340C10100	45	システム管理料	0.0	0.0	0.0	0.0	0.0	0.0	イノチオフローラ	経費	システム管理料
202406	340C10100	46	情報機器利用料	42340.0	42340.0	45720.0	0.6	107.9	107.9	イノチオフローラ	経費	情報機器利用料
202406	340C10100	47	貸倒金	0.0	0.0	0.0	0.0	0.0	0.0	イノチオフローラ	経費	貸倒金
202406	340C10100	48	雑費	22200.0	122000.0	87606.0	1.2	71.8	394.6	イノチオフローラ	経費	雑費
202406	340C10100	49	福利消耗品費	5000.0	5000.0	61990.0	0.8			イノチオフローラ	経費	福利消耗品費
202406	340C10100	50	教育研修費	50000.0	50000.0	39722.0	0.5	79.4	79.4	イノチオフローラ	経費	教育研修費
202406	340C10100	51	雑給	0.0	0.0	0.0	0.0	0.0	0.0	イノチオフローラ	経費	雑給
202406	340C10100	52	社内金利（固定資産）	81118.0	81118.0	79849.0	1.1	98.4	98.4	イノチオフローラ	経費	社内金利（固定資産）
202406	340C10100	53	グループ共通	194000.0	194000.0	194000.0	2.7	100.0	100.0	イノチオフローラ	経費	グループ共通
202406	340C10100	54	差引収益	1361832.0	3994122.0	2895274.0	40.9	72.4	212.6	イノチオフローラ		
202406	340C10100	55	差引比率	27.7	50.4	40.9		81.1	147.6	イノチオフローラ		
202406	340C10100	56	総時間	1085.0	1085.0	1064.25		98.0	98.0	イノチオフローラ		
202406	340C10100	57	定時間	1008.0	1008.0	996.0		98.8	98.8	イノチオフローラ	時間	
202406	340C10100	58	残業時間	72.0	72.0	65.25		90.6	90.6	イノチオフローラ	時間	
202406	340C10100	59	移動時間	5.0	5.0	3.0		60.0	60.0	イノチオフローラ	時間	
202406	340C10100	60	当月時間当り	1255.1	3681.2	2720.4		73.8	216.7	イノチオフローラ		
202406	340C10100	61	人員	6.0	6.0	6.0		100.0	100.0	イノチオフローラ		
202407	340C10100	1	総受注高	6500000.0	10539150.0	6248434.0		59.2	96.1	イノチオフローラ	受注	
202407	340C10100	2	総売上高	6500000.0	7006940.0	6248434.0		89.1	96.1	イノチオフローラ		
202407	340C10100	3	切り花売上	3187000.0	3813500.0	2985054.0	47.7	78.2	93.6	イノチオフローラ	売上	
202407	340C10100	4	研究受託売上   	3022000.0	2902440.0	2902440.0	46.4	100.0	96.0	イノチオフローラ	売上	
202407	340C10100	5	その他売上	291000.0	291000.0	360940.0	5.7	124.0	124.0	イノチオフローラ	売上	
202407	340C10100	6	堆肥売上            	0.0	0.0	0.0	0.0	0.0	0.0	イノチオフローラ	売上	
202407	340C10100	7	経費合計	5441804.0	4143772.0	3690302.0	59.0	89.0	67.8	イノチオフローラ		
202407	340C10100	8	種苗費	50000.0	50000.0	22500.0	0.3	45.0	45.0	イノチオフローラ	経費	種苗費
202407	340C10100	9	肥料費	165745.0	128545.0	128980.0	2.0	100.3	77.8	イノチオフローラ	経費	肥料費
202407	340C10100	10	培土費用	610000.0	0.0	0.0	0.0	0.0	0.0	イノチオフローラ	経費	培土費用
202407	340C10100	11	農薬衛生費	835150.0	0.0	237930.0	3.8	0.0	28.4	イノチオフローラ	経費	農薬衛生費
202407	340C10100	12	農具費	15000.0	78400.0	72080.0	1.1	91.9	480.5	イノチオフローラ	経費	農具費
202407	340C10100	13	諸材料費	179200.0	200050.0	305242.0	4.8	152.5	170.3	イノチオフローラ	経費	諸材料費
202407	340C10100	14	その他仕入高	145750.0	200000.0	227658.0	3.6	113.8	156.1	イノチオフローラ	経費	その他仕入高
202407	340C10100	15	減価償却費	477605.0	468071.0	419771.0	6.7	89.6	87.8	イノチオフローラ	経費	減価償却費
202407	340C10100	16	車両費	213000.0	213000.0	197667.0	3.1	92.8	92.8	イノチオフローラ	経費	車両費
202407	340C10100	17	旅費交通費	10000.0	10000.0	0.0	0.0	0.0	0.0	イノチオフローラ	経費	旅費交通費
202407	340C10100	18	荷造運搬費	305694.0	310694.0	1399.0	0.0	0.4	0.4	イノチオフローラ	経費	荷造運搬費
202407	340C10100	19	通信費	31378.0	41730.0	40188.0	0.6	96.3	128.0	イノチオフローラ	経費	通信費
202407	340C10100	20	水道光熱費	191805.0	191805.0	151577.0	2.4	79.0	79.0	イノチオフローラ	経費	水道光熱費
202407	340C10100	21	動力費	414033.0	414033.0	327277.0	5.2	79.0	79.0	イノチオフローラ	経費	動力費
202407	340C10100	22	燃料費	63000.0	63000.0	0.0	0.0	0.0	0.0	イノチオフローラ	経費	燃料費
202407	340C10100	23	事務用品費	5000.0	5000.0	4025.0	0.0	80.5	80.5	イノチオフローラ	経費	事務用品費
202407	340C10100	24	消耗品費	15000.0	15000.0	2738.0	0.0	18.2	18.2	イノチオフローラ	経費	消耗品費
202407	340C10100	25	廃棄物処理料	0.0	40000.0	62000.0	0.9	155.0	0.0	イノチオフローラ	経費	廃棄物処理料
202407	340C10100	26	広告宣伝費	0.0	0.0	0.0	0.0	0.0	0.0	イノチオフローラ	経費	広告宣伝費
202407	340C10100	27	接待交際費	0.0	0.0	0.0	0.0	0.0	0.0	イノチオフローラ	経費	接待交際費
202407	340C10100	28	研究開発費	0.0	0.0	0.0	0.0	0.0	0.0	イノチオフローラ	経費	研究開発費
202407	340C10100	29	クレーム費	0.0	0.0	0.0	0.0	0.0	0.0	イノチオフローラ	経費	クレーム費
202407	340C10100	30	賃借料	0.0	0.0	0.0	0.0	0.0	0.0	イノチオフローラ	経費	賃借料
202407	340C10100	31	賃貸料収入	-30000.0	-30000.0	-27273.0	0.0	0.0	0.0	イノチオフローラ	経費	賃貸料収入
202407	340C10100	32	修繕費	270000.0	270000.0	106420.0	1.7	39.4	39.4	イノチオフローラ	経費	修繕費
202407	340C10100	33	支払リース料	4800.0	4800.0	4700.0	0.0	97.9	97.9	イノチオフローラ	経費	支払リース料
202407	340C10100	34	保険料	0.0	0.0	0.0	0.0	0.0	0.0	イノチオフローラ	経費	保険料
202407	340C10100	35	支払報酬	312421.0	312421.0	329679.0	5.2	105.5	105.5	イノチオフローラ	経費	支払報酬
202407	340C10100	36	販売手数料	130000.0	130000.0	71660.0	1.1	55.1	55.1	イノチオフローラ	経費	販売手数料
202407	340C10100	37	支払手数料	22353.0	22353.0	26860.0	0.4	120.1	120.1	イノチオフローラ	経費	支払手数料
202407	340C10100	38	診断料	0.0	0.0	0.0	0.0	0.0	0.0	イノチオフローラ	経費	診断料
202407	340C10100	39	諸会費	0.0	0.0	0.0	0.0	0.0	0.0	イノチオフローラ	経費	諸会費
202407	340C10100	40	会議費	0.0	0.0	0.0	0.0	0.0	0.0	イノチオフローラ	経費	会議費
202407	340C10100	41	寄付金	0.0	0.0	0.0	0.0	0.0	0.0	イノチオフローラ	経費	寄付金
202407	340C10100	42	租税公課	680000.0	680000.0	603000.0	9.6	88.6	88.6	イノチオフローラ	経費	租税公課
202407	340C10100	43	業務委託費	0.0	0.0	0.0	0.0	0.0	0.0	イノチオフローラ	経費	業務委託費
202407	340C10100	44	業務受託収入	0.0	0.0	0.0	0.0	0.0	0.0	イノチオフローラ	経費	業務受託収入
202407	340C10100	45	システム管理料	0.0	0.0	0.0	0.0	0.0	0.0	イノチオフローラ	経費	システム管理料
202407	340C10100	46	情報機器利用料	42340.0	42340.0	45720.0	0.7	107.9	107.9	イノチオフローラ	経費	情報機器利用料
202407	340C10100	47	貸倒金	0.0	0.0	0.0	0.0	0.0	0.0	イノチオフローラ	経費	貸倒金
202407	340C10100	48	雑費	2000.0	2000.0	20377.0	0.3			イノチオフローラ	経費	雑費
202407	340C10100	49	福利消耗品費	5000.0	5000.0	33948.0	0.5	678.9	678.9	イノチオフローラ	経費	福利消耗品費
202407	340C10100	50	教育研修費	2800.0	2800.0	2429.0	0.0	86.7	86.7	イノチオフローラ	経費	教育研修費
202407	340C10100	51	雑給	0.0	0.0	0.0	0.0	0.0	0.0	イノチオフローラ	経費	雑給
202407	340C10100	52	社内金利（固定資産）	78730.0	78730.0	77750.0	1.2	98.7	98.7	イノチオフローラ	経費	社内金利（固定資産）
202407	340C10100	53	グループ共通	194000.0	194000.0	194000.0	3.1	100.0	100.0	イノチオフローラ	経費	グループ共通
202407	340C10100	54	差引収益	1058196.0	2863168.0	2558132.0	40.9	89.3	241.7	イノチオフローラ		
202407	340C10100	55	差引比率	16.2	40.8	40.9		100.2	252.4	イノチオフローラ		
202407	340C10100	56	総時間	1284.0	1284.0	1246.25		97.0	97.0	イノチオフローラ		
202407	340C10100	57	定時間	1104.0	1104.0	1104.0		100.0	100.0	イノチオフローラ	時間	
202407	340C10100	58	残業時間	175.0	175.0	140.25		80.1	80.1	イノチオフローラ	時間	
202407	340C10100	59	移動時間	5.0	5.0	2.0		40.0	40.0	イノチオフローラ	時間	
202407	340C10100	60	当月時間当り	824.1	2229.8	2052.6		92.0	249.0	イノチオフローラ		
202407	340C10100	61	人員	6.0	6.0	6.0		100.0	100.0	イノチオフローラ		
202408	340C10100	1	総受注高	10500000.0	10627459.0	11514426.0		108.3	109.6	イノチオフローラ	受注	
202408	340C10100	2	総売上高	10500000.0	10627459.0	11514426.0		108.3	109.6	イノチオフローラ		
202408	340C10100	3	切り花売上	3050000.0	3632959.0	4380220.0	38.0	120.5	143.6	イノチオフローラ	売上	
202408	340C10100	4	研究受託売上   	6991000.0	6814500.0	6814500.0	59.1	100.0	97.4	イノチオフローラ	売上	
202408	340C10100	5	その他売上	459000.0	180000.0	319706.0	2.7	177.6	69.6	イノチオフローラ	売上	
202408	340C10100	6	堆肥売上            	0.0	0.0	0.0	0.0	0.0	0.0	イノチオフローラ	売上	
202408	340C10100	7	経費合計	3839751.0	4583399.0	4660807.0	40.4	101.6	121.3	イノチオフローラ		
202408	340C10100	8	種苗費	357480.0	357480.0	684660.0	5.9	191.5	191.5	イノチオフローラ	経費	種苗費
202408	340C10100	9	肥料費	24300.0	24300.0	0.0	0.0	0.0	0.0	イノチオフローラ	経費	肥料費
202408	340C10100	10	培土費用	0.0	0.0	0.0	0.0	0.0	0.0	イノチオフローラ	経費	培土費用
202408	340C10100	11	農薬衛生費	758840.0	1103540.0	1192482.0	10.3	108.0	157.1	イノチオフローラ	経費	農薬衛生費
202408	340C10100	12	農具費	114000.0	114000.0	2365.0	0.0	2.0	2.0	イノチオフローラ	経費	農具費
202408	340C10100	13	諸材料費	135850.0	450475.0	89391.0	0.7	19.8	65.8	イノチオフローラ	経費	諸材料費
202408	340C10100	14	その他仕入高	181250.0	180000.0	166289.0	1.4	92.3	91.7	イノチオフローラ	経費	その他仕入高
202408	340C10100	15	減価償却費	477605.0	419771.0	419771.0	3.6	100.0	87.8	イノチオフローラ	経費	減価償却費
202408	340C10100	16	車両費	242000.0	145000.0	138838.0	1.2	95.7	57.3	イノチオフローラ	経費	車両費
202408	340C10100	17	旅費交通費	15000.0	15000.0	137.0	0.0	0.9	0.9	イノチオフローラ	経費	旅費交通費
202408	340C10100	18	荷造運搬費	282465.0	350000.0	534565.0	4.6	152.7	189.2	イノチオフローラ	経費	荷造運搬費
202408	340C10100	19	通信費	33212.0	33212.0	39715.0	0.3	119.5	119.5	イノチオフローラ	経費	通信費
202408	340C10100	20	水道光熱費	205923.0	206095.0	162639.0	1.4	78.9	78.9	イノチオフローラ	経費	水道光熱費
202408	340C10100	21	動力費	445228.0	445228.0	330090.0	2.8	74.1	74.1	イノチオフローラ	経費	動力費
202408	340C10100	22	燃料費	0.0	0.0	0.0	0.0	0.0	0.0	イノチオフローラ	経費	燃料費
202408	340C10100	23	事務用品費	5000.0	5000.0	2860.0	0.0	57.2	57.2	イノチオフローラ	経費	事務用品費
202408	340C10100	24	消耗品費	15000.0	15000.0	5764.0	0.0	38.4	38.4	イノチオフローラ	経費	消耗品費
202408	340C10100	25	廃棄物処理料	30000.0	62000.0	0.0	0.0	0.0	0.0	イノチオフローラ	経費	廃棄物処理料
202408	340C10100	26	広告宣伝費	0.0	0.0	0.0	0.0	0.0	0.0	イノチオフローラ	経費	広告宣伝費
202408	340C10100	27	接待交際費	0.0	0.0	0.0	0.0	0.0	0.0	イノチオフローラ	経費	接待交際費
202408	340C10100	28	研究開発費	0.0	0.0	0.0	0.0	0.0	0.0	イノチオフローラ	経費	研究開発費
202408	340C10100	29	クレーム費	0.0	0.0	0.0	0.0	0.0	0.0	イノチオフローラ	経費	クレーム費
202408	340C10100	30	賃借料	0.0	0.0	0.0	0.0	0.0	0.0	イノチオフローラ	経費	賃借料
202408	340C10100	31	賃貸料収入	-30000.0	-30000.0	-27273.0	0.0	0.0	0.0	イノチオフローラ	経費	賃貸料収入
202408	340C10100	32	修繕費	170000.0	252200.0	531520.0	4.6	210.7	312.6	イノチオフローラ	経費	修繕費
202408	340C10100	33	支払リース料	4800.0	4800.0	4700.0	0.0	97.9	97.9	イノチオフローラ	経費	支払リース料
202408	340C10100	34	保険料	0.0	0.0	0.0	0.0	0.0	0.0	イノチオフローラ	経費	保険料
202408	340C10100	35	支払報酬	0.0	58500.0	0.0	0.0	0.0	0.0	イノチオフローラ	経費	支払報酬
202408	340C10100	36	販売手数料	0.0	0.0	0.0	0.0	0.0	0.0	イノチオフローラ	経費	販売手数料
202408	340C10100	37	支払手数料	10316.0	10316.0	62463.0	0.5	605.4	605.4	イノチオフローラ	経費	支払手数料
202408	340C10100	38	診断料	0.0	0.0	0.0	0.0	0.0	0.0	イノチオフローラ	経費	診断料
202408	340C10100	39	諸会費	0.0	0.0	0.0	0.0	0.0	0.0	イノチオフローラ	経費	諸会費
202408	340C10100	40	会議費	0.0	0.0	0.0	0.0	0.0	0.0	イノチオフローラ	経費	会議費
202408	340C10100	41	寄付金	0.0	0.0	0.0	0.0	0.0	0.0	イノチオフローラ	経費	寄付金
202408	340C10100	42	租税公課	1000.0	1000.0	6.0	0.0	0.6	0.6	イノチオフローラ	経費	租税公課
202408	340C10100	43	業務委託費	0.0	0.0	0.0	0.0	0.0	0.0	イノチオフローラ	経費	業務委託費
202408	340C10100	44	業務受託収入	0.0	0.0	0.0	0.0	0.0	0.0	イノチオフローラ	経費	業務受託収入
202408	340C10100	45	システム管理料	0.0	0.0	0.0	0.0	0.0	0.0	イノチオフローラ	経費	システム管理料
202408	340C10100	46	情報機器利用料	42340.0	42340.0	42340.0	0.3	100.0	100.0	イノチオフローラ	経費	情報機器利用料
202408	340C10100	47	貸倒金	0.0	0.0	0.0	0.0	0.0	0.0	イノチオフローラ	経費	貸倒金
202408	340C10100	48	雑費	2000.0	2000.0	176.0	0.0	8.8	8.8	イノチオフローラ	経費	雑費
202408	340C10100	49	福利消耗品費	5000.0	5000.0	728.0	0.0	14.5	14.5	イノチオフローラ	経費	福利消耗品費
202408	340C10100	50	教育研修費	40800.0	40800.0	6929.0	0.0	16.9	16.9	イノチオフローラ	経費	教育研修費
202408	340C10100	51	雑給	0.0	0.0	0.0	0.0	0.0	0.0	イノチオフローラ	経費	雑給
202408	340C10100	52	社内金利（固定資産）	76342.0	76342.0	75652.0	0.6	99.0	99.0	イノチオフローラ	経費	社内金利（固定資産）
202408	340C10100	53	グループ共通	194000.0	194000.0	194000.0	1.6	100.0	100.0	イノチオフローラ	経費	グループ共通
202408	340C10100	54	差引収益	6660249.0	6044060.0	6853619.0	59.5	113.3	102.9	イノチオフローラ		
202408	340C10100	55	差引比率	63.4	56.8	59.5		104.7	93.8	イノチオフローラ		
202408	340C10100	56	総時間	1158.0	1158.0	1073.0		92.6	92.6	イノチオフローラ		
202408	340C10100	57	定時間	1000.0	1000.0	941.25		94.1	94.1	イノチオフローラ	時間	
202408	340C10100	58	残業時間	153.0	153.0	129.75		84.8	84.8	イノチオフローラ	時間	
202408	340C10100	59	移動時間	5.0	5.0	2.0		40.0	40.0	イノチオフローラ	時間	
202408	340C10100	60	当月時間当り	5751.5	5219.3	6387.3		122.3	111.0	イノチオフローラ		
202408	340C10100	61	人員	6.0	6.0	6.0		100.0	100.0	イノチオフローラ		
202409	340C10100	1	総受注高	17300000.0	17510650.0	18548721.0		105.9	107.2	イノチオフローラ	受注	
202409	340C10100	2	総売上高	17300000.0	17510650.0	18548721.0		105.9	107.2	イノチオフローラ		
202409	340C10100	3	切り花売上	1120000.0	1465000.0	2448948.0	13.2	167.1	218.6	イノチオフローラ	売上	
202409	340C10100	4	研究受託売上   	15950000.0	15885650.0	15885650.0	85.6	100.0	99.5	イノチオフローラ	売上	
202409	340C10100	5	その他売上	230000.0	160000.0	214123.0	1.1	133.8	93.0	イノチオフローラ	売上	
202409	340C10100	6	堆肥売上            	0.0	0.0	0.0	0.0	0.0	0.0	イノチオフローラ	売上	
202409	340C10100	7	経費合計	4266962.0	4541441.0	4055836.0	21.8	89.3	95.0	イノチオフローラ		
202409	340C10100	8	種苗費	80070.0	80070.0	80070.0	0.4	100.0	100.0	イノチオフローラ	経費	種苗費
202409	340C10100	9	肥料費	307837.0	307837.0	31200.0	0.1	10.1	10.1	イノチオフローラ	経費	肥料費
202409	340C10100	10	培土費用	0.0	0.0	0.0	0.0	0.0	0.0	イノチオフローラ	経費	培土費用
202409	340C10100	11	農薬衛生費	735150.0	758840.0	909914.0	4.9	119.9	123.7	イノチオフローラ	経費	農薬衛生費
202409	340C10100	12	農具費	180039.0	156400.0	11663.0	0.0	7.4	6.4	イノチオフローラ	経費	農具費
202409	340C10100	13	諸材料費	168250.0	135850.0	583534.0	3.1	429.5	346.8	イノチオフローラ	経費	諸材料費
202409	340C10100	14	その他仕入高	148500.0	160000.0	77805.0	0.4	48.6	52.3	イノチオフローラ	経費	その他仕入高
202409	340C10100	15	減価償却費	477605.0	419771.0	419771.0	2.2	100.0	87.8	イノチオフローラ	経費	減価償却費
202409	340C10100	16	車両費	133000.0	133000.0	91214.0	0.4	68.5	68.5	イノチオフローラ	経費	車両費
202409	340C10100	17	旅費交通費	15000.0	15000.0	764.0	0.0	5.0	5.0	イノチオフローラ	経費	旅費交通費
202409	340C10100	18	荷造運搬費	165233.0	165233.0	164102.0	0.8	99.3	99.3	イノチオフローラ	経費	荷造運搬費
202409	340C10100	19	通信費	42293.0	43473.0	43736.0	0.2	100.6	103.4	イノチオフローラ	経費	通信費
202409	340C10100	20	水道光熱費	180770.0	276522.0	209604.0	1.1	75.8	115.9	イノチオフローラ	経費	水道光熱費
202409	340C10100	21	動力費	418288.0	414416.0	376742.0	2.0	90.9	90.0	イノチオフローラ	経費	動力費
202409	340C10100	22	燃料費	0.0	0.0	0.0	0.0	0.0	0.0	イノチオフローラ	経費	燃料費
202409	340C10100	23	事務用品費	11000.0	11000.0	672.0	0.0	6.1	6.1	イノチオフローラ	経費	事務用品費
202409	340C10100	24	消耗品費	20000.0	20000.0	6932.0	0.0	34.6	34.6	イノチオフローラ	経費	消耗品費
202409	340C10100	25	廃棄物処理料	0.0	0.0	0.0	0.0	0.0	0.0	イノチオフローラ	経費	廃棄物処理料
202409	340C10100	26	広告宣伝費	0.0	0.0	0.0	0.0	0.0	0.0	イノチオフローラ	経費	広告宣伝費
202409	340C10100	27	接待交際費	0.0	0.0	0.0	0.0	0.0	0.0	イノチオフローラ	経費	接待交際費
202409	340C10100	28	研究開発費	0.0	0.0	0.0	0.0	0.0	0.0	イノチオフローラ	経費	研究開発費
202409	340C10100	29	クレーム費	0.0	0.0	0.0	0.0	0.0	0.0	イノチオフローラ	経費	クレーム費
202409	340C10100	30	賃借料	0.0	0.0	0.0	0.0	0.0	0.0	イノチオフローラ	経費	賃借料
202409	340C10100	31	賃貸料収入	-30000.0	-30000.0	-27273.0	0.0	0.0	0.0	イノチオフローラ	経費	賃貸料収入
202409	340C10100	32	修繕費	195000.0	444000.0	122770.0	0.6	27.6	62.9	イノチオフローラ	経費	修繕費
202409	340C10100	33	支払リース料	4800.0	4800.0	4700.0	0.0	97.9	97.9	イノチオフローラ	経費	支払リース料
202409	340C10100	34	保険料	0.0	0.0	0.0	0.0	0.0	0.0	イノチオフローラ	経費	保険料
202409	340C10100	35	支払報酬	0.0	0.0	0.0	0.0	0.0	0.0	イノチオフローラ	経費	支払報酬
202409	340C10100	36	販売手数料	0.0	0.0	0.0	0.0	0.0	0.0	イノチオフローラ	経費	販売手数料
202409	340C10100	37	支払手数料	9033.0	9033.0	23755.0	0.1	262.9	262.9	イノチオフローラ	経費	支払手数料
202409	340C10100	38	診断料	0.0	0.0	0.0	0.0	0.0	0.0	イノチオフローラ	経費	診断料
202409	340C10100	39	諸会費	0.0	0.0	0.0	0.0	0.0	0.0	イノチオフローラ	経費	諸会費
202409	340C10100	40	会議費	5000.0	5000.0	0.0	0.0	0.0	0.0	イノチオフローラ	経費	会議費
202409	340C10100	41	寄付金	0.0	0.0	0.0	0.0	0.0	0.0	イノチオフローラ	経費	寄付金
202409	340C10100	42	租税公課	680000.0	655002.0	603056.0	3.2	92.0	88.6	イノチオフローラ	経費	租税公課
202409	340C10100	43	業務委託費	0.0	0.0	0.0	0.0	0.0	0.0	イノチオフローラ	経費	業務委託費
202409	340C10100	44	業務受託収入	0.0	0.0	0.0	0.0	0.0	0.0	イノチオフローラ	経費	業務受託収入
202409	340C10100	45	システム管理料	0.0	0.0	0.0	0.0	0.0	0.0	イノチオフローラ	経費	システム管理料
202409	340C10100	46	情報機器利用料	42340.0	40440.0	42340.0	0.2	104.6	100.0	イノチオフローラ	経費	情報機器利用料
202409	340C10100	47	貸倒金	0.0	0.0	0.0	0.0	0.0	0.0	イノチオフローラ	経費	貸倒金
202409	340C10100	48	雑費	2000.0	2000.0	178.0	0.0	8.9	8.9	イノチオフローラ	経費	雑費
202409	340C10100	49	福利消耗品費	5000.0	5000.0	8163.0	0.0	163.2	163.2	イノチオフローラ	経費	福利消耗品費
202409	340C10100	50	教育研修費	2800.0	40800.0	2871.0	0.0	7.0	102.5	イノチオフローラ	経費	教育研修費
202409	340C10100	51	雑給	0.0	0.0	0.0	0.0	0.0	0.0	イノチオフローラ	経費	雑給
202409	340C10100	52	社内金利（固定資産）	73954.0	73954.0	73553.0	0.3	99.4	99.4	イノチオフローラ	経費	社内金利（固定資産）
202409	340C10100	53	グループ共通	194000.0	194000.0	194000.0	1.0	100.0	100.0	イノチオフローラ	経費	グループ共通
202409	340C10100	54	差引収益	13033038.0	12969209.0	14492885.0	78.1	111.7	111.2	イノチオフローラ		
202409	340C10100	55	差引比率	75.3	74.0	78.1		105.5	103.7	イノチオフローラ		
202409	340C10100	56	総時間	1053.0	1053.0	890.75		84.5	84.5	イノチオフローラ		
202409	340C10100	57	定時間	960.0	960.0	844.75		87.9	87.9	イノチオフローラ	時間	
202409	340C10100	58	残業時間	88.0	88.0	42.0		47.7	47.7	イノチオフローラ	時間	
202409	340C10100	59	移動時間	5.0	5.0	4.0		80.0	80.0	イノチオフローラ	時間	
202409	340C10100	60	当月時間当り	12377.0	12316.4	16270.4		132.1	131.4	イノチオフローラ		
202409	340C10100	61	人員	6.0	6.0	6.0		100.0	100.0	イノチオフローラ		
202410	340C10100	1	総受注高	4600000.0	4695050.0	5156608.0		109.8	112.1	イノチオフローラ	受注	
202410	340C10100	2	総売上高	4600000.0	4695050.0	5156608.0		109.8	112.1	イノチオフローラ		
202410	340C10100	3	切り花売上	1150000.0	2020000.0	1712174.0	33.2	84.7	148.8	イノチオフローラ	売上	
202410	340C10100	4	研究受託売上   	3132000.0	2357050.0	3190050.0	61.8	135.3	101.8	イノチオフローラ	売上	
202410	340C10100	5	その他売上	318000.0	318000.0	254384.0	4.9	79.9	79.9	イノチオフローラ	売上	
202410	340C10100	6	堆肥売上            	0.0	0.0	0.0	0.0	0.0	0.0	イノチオフローラ	売上	
202410	340C10100	7	経費合計	4539431.0	5313678.0	4986139.0	96.6	93.8	109.8	イノチオフローラ		
202410	340C10100	8	種苗費	20000.0	320000.0	639382.0	12.3	199.8		イノチオフローラ	経費	種苗費
202410	340C10100	9	肥料費	0.0	0.0	136579.0	2.6	0.0	0.0	イノチオフローラ	経費	肥料費
202410	340C10100	10	培土費用	0.0	0.0	0.0	0.0	0.0	0.0	イノチオフローラ	経費	培土費用
202410	340C10100	11	農薬衛生費	814570.0	679420.0	565450.0	10.9	83.2	69.4	イノチオフローラ	経費	農薬衛生費
202410	340C10100	12	農具費	260900.0	257500.0	311971.0	6.0	121.1	119.5	イノチオフローラ	経費	農具費
202410	340C10100	13	諸材料費	69100.0	60000.0	8356.0	0.1	13.9	12.0	イノチオフローラ	経費	諸材料費
202410	340C10100	14	その他仕入高	300000.0	99500.0	0.0	0.0	0.0	0.0	イノチオフローラ	経費	その他仕入高
202410	340C10100	15	減価償却費	477605.0	419771.0	419771.0	8.1	100.0	87.8	イノチオフローラ	経費	減価償却費
202410	340C10100	16	車両費	128000.0	128000.0	186703.0	3.6	145.8	145.8	イノチオフローラ	経費	車両費
202410	340C10100	17	旅費交通費	10000.0	10000.0	0.0	0.0	0.0	0.0	イノチオフローラ	経費	旅費交通費
202410	340C10100	18	荷造運搬費	127293.0	110000.0	182241.0	3.5	165.6	143.1	イノチオフローラ	経費	荷造運搬費
202410	340C10100	19	通信費	34839.0	37163.0	42425.0	0.8	114.1	121.7	イノチオフローラ	経費	通信費
202410	340C10100	20	水道光熱費	207816.0	237816.0	230137.0	4.4	96.7	110.7	イノチオフローラ	経費	水道光熱費
202410	340C10100	21	動力費	395742.0	395742.0	859611.0	16.6	217.2	217.2	イノチオフローラ	経費	動力費
202410	340C10100	22	燃料費	631000.0	655000.0	0.0	0.0	0.0	0.0	イノチオフローラ	経費	燃料費
202410	340C10100	23	事務用品費	5000.0	5000.0	32843.0	0.6	656.8	656.8	イノチオフローラ	経費	事務用品費
202410	340C10100	24	消耗品費	15000.0	15000.0	13723.0	0.2	91.4	91.4	イノチオフローラ	経費	消耗品費
202410	340C10100	25	廃棄物処理料	112000.0	112400.0	0.0	0.0	0.0	0.0	イノチオフローラ	経費	廃棄物処理料
202410	340C10100	26	広告宣伝費	0.0	0.0	0.0	0.0	0.0	0.0	イノチオフローラ	経費	広告宣伝費
202410	340C10100	27	接待交際費	0.0	0.0	0.0	0.0	0.0	0.0	イノチオフローラ	経費	接待交際費
202410	340C10100	28	研究開発費	0.0	0.0	0.0	0.0	0.0	0.0	イノチオフローラ	経費	研究開発費
202410	340C10100	29	クレーム費	0.0	0.0	0.0	0.0	0.0	0.0	イノチオフローラ	経費	クレーム費
202410	340C10100	30	賃借料	0.0	0.0	0.0	0.0	0.0	0.0	イノチオフローラ	経費	賃借料
202410	340C10100	31	賃貸料収入	-30000.0	-30000.0	-27273.0	0.0	0.0	0.0	イノチオフローラ	経費	賃貸料収入
202410	340C10100	32	修繕費	60000.0	948000.0	1045121.0	20.2	110.2		イノチオフローラ	経費	修繕費
202410	340C10100	33	支払リース料	4800.0	4800.0	4700.0	0.0	97.9	97.9	イノチオフローラ	経費	支払リース料
202410	340C10100	34	保険料	0.0	0.0	0.0	0.0	0.0	0.0	イノチオフローラ	経費	保険料
202410	340C10100	35	支払報酬	30000.0	30000.0	0.0	0.0	0.0	0.0	イノチオフローラ	経費	支払報酬
202410	340C10100	36	販売手数料	350000.0	350000.0	0.0	0.0	0.0	0.0	イノチオフローラ	経費	販売手数料
202410	340C10100	37	支払手数料	11200.0	11200.0	19860.0	0.3	177.3	177.3	イノチオフローラ	経費	支払手数料
202410	340C10100	38	診断料	0.0	0.0	0.0	0.0	0.0	0.0	イノチオフローラ	経費	診断料
202410	340C10100	39	諸会費	75000.0	75000.0	0.0	0.0	0.0	0.0	イノチオフローラ	経費	諸会費
202410	340C10100	40	会議費	0.0	0.0	0.0	0.0	0.0	0.0	イノチオフローラ	経費	会議費
202410	340C10100	41	寄付金	0.0	0.0	0.0	0.0	0.0	0.0	イノチオフローラ	経費	寄付金
202410	340C10100	42	租税公課	1000.0	1000.0	450.0	0.0	45.0	45.0	イノチオフローラ	経費	租税公課
202410	340C10100	43	業務委託費	0.0	0.0	0.0	0.0	0.0	0.0	イノチオフローラ	経費	業務委託費
202410	340C10100	44	業務受託収入	0.0	0.0	0.0	0.0	0.0	0.0	イノチオフローラ	経費	業務受託収入
202410	340C10100	45	システム管理料	0.0	0.0	0.0	0.0	0.0	0.0	イノチオフローラ	経費	システム管理料
202410	340C10100	46	情報機器利用料	42340.0	42340.0	42340.0	0.8	100.0	100.0	イノチオフローラ	経費	情報機器利用料
202410	340C10100	47	貸倒金	0.0	0.0	0.0	0.0	0.0	0.0	イノチオフローラ	経費	貸倒金
202410	340C10100	48	雑費	65660.0	65660.0	177.0	0.0	0.2	0.2	イノチオフローラ	経費	雑費
202410	340C10100	49	福利消耗品費	5000.0	5000.0	3247.0	0.0	64.9	64.9	イノチオフローラ	経費	福利消耗品費
202410	340C10100	50	教育研修費	50000.0	2800.0	2871.0	0.0	102.5	5.7	イノチオフローラ	経費	教育研修費
202410	340C10100	51	雑給	0.0	0.0	0.0	0.0	0.0	0.0	イノチオフローラ	経費	雑給
202410	340C10100	52	社内金利（固定資産）	71566.0	71566.0	71454.0	1.3	99.8	99.8	イノチオフローラ	経費	社内金利（固定資産）
202410	340C10100	53	グループ共通	194000.0	194000.0	194000.0	3.7	100.0	100.0	イノチオフローラ	経費	グループ共通
202410	340C10100	54	差引収益	60569.0	-618628.0	170469.0	3.3	0.0	281.4	イノチオフローラ		
202410	340C10100	55	差引比率	1.3	-13.1	3.3		0.0	253.8	イノチオフローラ		
202410	340C10100	56	総時間	1135.0	964.0	1042.0		108.0	91.8	イノチオフローラ		
202410	340C10100	57	定時間	1056.0	880.0	906.0		102.9	85.7	イノチオフローラ	時間	
202410	340C10100	58	残業時間	74.0	74.0	133.5		180.4	180.4	イノチオフローラ	時間	
202410	340C10100	59	移動時間	5.0	10.0	2.5		25.0	50.0	イノチオフローラ	時間	
202410	340C10100	60	当月時間当り	53.3	-641.7	163.5		0.0	306.7	イノチオフローラ		
202410	340C10100	61	人員	6.0	6.0	6.0		100.0	100.0	イノチオフローラ		
202411	340C10100	1	総受注高	19500000.0	17683050.0	17644312.0		99.7	90.4	イノチオフローラ	受注	
202411	340C10100	2	総売上高	19500000.0	17683050.0	17644312.0		99.7	90.4	イノチオフローラ		
202411	340C10100	3	切り花売上	2539000.0	2060000.0	1862438.0	10.5	90.4	73.3	イノチオフローラ	売上	
202411	340C10100	4	研究受託売上   	16577000.0	15563050.0	15563050.0	88.2	100.0	93.8	イノチオフローラ	売上	
202411	340C10100	5	その他売上	384000.0	60000.0	218824.0	1.2	364.7	56.9	イノチオフローラ	売上	
202411	340C10100	6	堆肥売上            	0.0	0.0	0.0	0.0	0.0	0.0	イノチオフローラ	売上	
202411	340C10100	7	経費合計	5415392.0	5823126.0	4917297.0	27.8	84.4	90.8	イノチオフローラ		
202411	340C10100	8	種苗費	20000.0	360000.0	54266.0	0.3	15.0	271.3	イノチオフローラ	経費	種苗費
202411	340C10100	9	肥料費	37200.0	61500.0	71259.0	0.4	115.8	191.5	イノチオフローラ	経費	肥料費
202411	340C10100	10	培土費用	0.0	0.0	0.0	0.0	0.0	0.0	イノチオフローラ	経費	培土費用
202411	340C10100	11	農薬衛生費	658840.0	658840.0	604280.0	3.4	91.7	91.7	イノチオフローラ	経費	農薬衛生費
202411	340C10100	12	農具費	115000.0	115000.0	126389.0	0.7	109.9	109.9	イノチオフローラ	経費	農具費
202411	340C10100	13	諸材料費	157450.0	10000.0	1750.0	0.0	17.5	1.1	イノチオフローラ	経費	諸材料費
202411	340C10100	14	その他仕入高	210000.0	60000.0	118030.0	0.6	196.7	56.2	イノチオフローラ	経費	その他仕入高
202411	340C10100	15	減価償却費	477605.0	419771.0	419771.0	2.3	100.0	87.8	イノチオフローラ	経費	減価償却費
202411	340C10100	16	車両費	757480.0	685668.0	509997.0	2.8	74.3	67.3	イノチオフローラ	経費	車両費
202411	340C10100	17	旅費交通費	10000.0	10000.0	0.0	0.0	0.0	0.0	イノチオフローラ	経費	旅費交通費
202411	340C10100	18	荷造運搬費	247107.0	222000.0	150147.0	0.8	67.6	60.7	イノチオフローラ	経費	荷造運搬費
202411	340C10100	19	通信費	39863.0	44000.0	33217.0	0.1	75.4	83.3	イノチオフローラ	経費	通信費
202411	340C10100	20	水道光熱費	193998.0	193998.0	87545.0	0.4	45.1	45.1	イノチオフローラ	経費	水道光熱費
202411	340C10100	21	動力費	449726.0	449726.0	-154225.0	0.0	0.0	0.0	イノチオフローラ	経費	動力費
202411	340C10100	22	燃料費	910000.0	1034000.0	1392600.0	7.8	134.6	153.0	イノチオフローラ	経費	燃料費
202411	340C10100	23	事務用品費	5000.0	5000.0	4486.0	0.0	89.7	89.7	イノチオフローラ	経費	事務用品費
202411	340C10100	24	消耗品費	15000.0	15000.0	8385.0	0.0	55.9	55.9	イノチオフローラ	経費	消耗品費
202411	340C10100	25	廃棄物処理料	0.0	112400.0	0.0	0.0	0.0	0.0	イノチオフローラ	経費	廃棄物処理料
202411	340C10100	26	広告宣伝費	0.0	0.0	0.0	0.0	0.0	0.0	イノチオフローラ	経費	広告宣伝費
202411	340C10100	27	接待交際費	0.0	0.0	2186.0	0.0	0.0	0.0	イノチオフローラ	経費	接待交際費
202411	340C10100	28	研究開発費	0.0	0.0	0.0	0.0	0.0	0.0	イノチオフローラ	経費	研究開発費
202411	340C10100	29	クレーム費	0.0	0.0	0.0	0.0	0.0	0.0	イノチオフローラ	経費	クレーム費
202411	340C10100	30	賃借料	0.0	0.0	0.0	0.0	0.0	0.0	イノチオフローラ	経費	賃借料
202411	340C10100	31	賃貸料収入	-30000.0	-30000.0	-27273.0	0.0	0.0	0.0	イノチオフローラ	経費	賃貸料収入
202411	340C10100	32	修繕費	60000.0	314000.0	118000.0	0.6	37.5	196.6	イノチオフローラ	経費	修繕費
202411	340C10100	33	支払リース料	4800.0	4800.0	4700.0	0.0	97.9	97.9	イノチオフローラ	経費	支払リース料
202411	340C10100	34	保険料	0.0	0.0	0.0	0.0	0.0	0.0	イノチオフローラ	経費	保険料
202411	340C10100	35	支払報酬	0.0	0.0	0.0	0.0	0.0	0.0	イノチオフローラ	経費	支払報酬
202411	340C10100	36	販売手数料	0.0	0.0	295984.0	1.6	0.0	0.0	イノチオフローラ	経費	販売手数料
202411	340C10100	37	支払手数料	41405.0	41405.0	46314.0	0.2	111.8	111.8	イノチオフローラ	経費	支払手数料
202411	340C10100	38	診断料	0.0	0.0	0.0	0.0	0.0	0.0	イノチオフローラ	経費	診断料
202411	340C10100	39	諸会費	34600.0	34600.0	75000.0	0.4	216.7	216.7	イノチオフローラ	経費	諸会費
202411	340C10100	40	会議費	0.0	0.0	0.0	0.0	0.0	0.0	イノチオフローラ	経費	会議費
202411	340C10100	41	寄付金	0.0	0.0	0.0	0.0	0.0	0.0	イノチオフローラ	経費	寄付金
202411	340C10100	42	租税公課	680000.0	680000.0	603000.0	3.4	88.6	88.6	イノチオフローラ	経費	租税公課
202411	340C10100	43	業務委託費	0.0	0.0	0.0	0.0	0.0	0.0	イノチオフローラ	経費	業務委託費
202411	340C10100	44	業務受託収入	0.0	0.0	0.0	0.0	0.0	0.0	イノチオフローラ	経費	業務受託収入
202411	340C10100	45	システム管理料	0.0	0.0	0.0	0.0	0.0	0.0	イノチオフローラ	経費	システム管理料
202411	340C10100	46	情報機器利用料	42340.0	40440.0	42340.0	0.2	104.6	100.0	イノチオフローラ	経費	情報機器利用料
202411	340C10100	47	貸倒金	0.0	0.0	0.0	0.0	0.0	0.0	イノチオフローラ	経費	貸倒金
202411	340C10100	48	雑費	2000.0	0.0	59123.0	0.3	0.0		イノチオフローラ	経費	雑費
202411	340C10100	49	福利消耗品費	5000.0	10000.0	3800.0	0.0	38.0	76.0	イノチオフローラ	経費	福利消耗品費
202411	340C10100	50	教育研修費	7800.0	7800.0	2871.0	0.0	36.8	36.8	イノチオフローラ	経費	教育研修費
202411	340C10100	51	雑給	0.0	0.0	0.0	0.0	0.0	0.0	イノチオフローラ	経費	雑給
202411	340C10100	52	社内金利（固定資産）	69178.0	69178.0	69355.0	0.3	100.2	100.2	イノチオフローラ	経費	社内金利（固定資産）
202411	340C10100	53	グループ共通	194000.0	194000.0	194000.0	1.0	100.0	100.0	イノチオフローラ	経費	グループ共通
202411	340C10100	54	差引収益	14084608.0	11859924.0	12727015.0	72.1	107.3	90.3	イノチオフローラ		
202411	340C10100	55	差引比率	72.2	67.0	72.1		107.6	99.8	イノチオフローラ		
202411	340C10100	56	総時間	1147.0	1091.0	1107.0		101.4	96.5	イノチオフローラ		
202411	340C10100	57	定時間	1048.0	1008.0	1032.0		102.3	98.4	イノチオフローラ	時間	
202411	340C10100	58	残業時間	94.0	78.0	72.0		92.3	76.5	イノチオフローラ	時間	
202411	340C10100	59	移動時間	5.0	5.0	3.0		60.0	60.0	イノチオフローラ	時間	
202411	340C10100	60	当月時間当り	12279.5	10870.6	11496.8		105.7	93.6	イノチオフローラ		
202411	340C10100	61	人員	6.0	6.0	6.0		100.0	100.0	イノチオフローラ		
202412	340C10100	1	総受注高	7200000.0	7485115.0	7997464.0		106.8	111.0	イノチオフローラ	受注	
202412	340C10100	2	総売上高	7200000.0	7485115.0	7997464.0		106.8	111.0	イノチオフローラ		
202412	340C10100	3	切り花売上	3320000.0	3939800.0	4595625.0	57.4	116.6	138.4	イノチオフローラ	売上	
202412	340C10100	4	研究受託売上   	3375000.0	3245315.0	3245316.0	40.5	100.0	96.1	イノチオフローラ	売上	
202412	340C10100	5	その他売上	505000.0	300000.0	156523.0	1.9	52.1	30.9	イノチオフローラ	売上	
202412	340C10100	6	堆肥売上            	0.0	0.0	0.0	0.0	0.0	0.0	イノチオフローラ	売上	
202412	340C10100	7	経費合計	5573186.0	5610451.0	5420409.0	67.7	96.6	97.2	イノチオフローラ		
202412	340C10100	8	種苗費	150000.0	100000.0	0.0	0.0	0.0	0.0	イノチオフローラ	経費	種苗費
202412	340C10100	9	肥料費	0.0	61500.0	73500.0	0.9	119.5	0.0	イノチオフローラ	経費	肥料費
202412	340C10100	10	培土費用	190000.0	150000.0	81900.0	1.0	54.6	43.1	イノチオフローラ	経費	培土費用
202412	340C10100	11	農薬衛生費	529420.0	530000.0	506793.0	6.3	95.6	95.7	イノチオフローラ	経費	農薬衛生費
202412	340C10100	12	農具費	35000.0	30000.0	80102.0	1.0	267.0	228.8	イノチオフローラ	経費	農具費
202412	340C10100	13	諸材料費	285900.0	288400.0	277916.0	3.4	96.3	97.2	イノチオフローラ	経費	諸材料費
202412	340C10100	14	その他仕入高	408000.0	30000.0	120398.0	1.5	401.3	29.5	イノチオフローラ	経費	その他仕入高
202412	340C10100	15	減価償却費	477605.0	419771.0	419771.0	5.2	100.0	87.8	イノチオフローラ	経費	減価償却費
202412	340C10100	16	車両費	148729.0	150000.0	286052.0	3.5	190.7	192.3	イノチオフローラ	経費	車両費
202412	340C10100	17	旅費交通費	10000.0	10000.0	0.0	0.0	0.0	0.0	イノチオフローラ	経費	旅費交通費
202412	340C10100	18	荷造運搬費	156937.0	317000.0	306458.0	3.8	96.6	195.2	イノチオフローラ	経費	荷造運搬費
202412	340C10100	19	通信費	40331.0	44850.0	49624.0	0.6	110.6	123.0	イノチオフローラ	経費	通信費
202412	340C10100	20	水道光熱費	219152.0	230300.0	137320.0	1.7	59.6	62.6	イノチオフローラ	経費	水道光熱費
202412	340C10100	21	動力費	510787.0	510000.0	350048.0	4.3	68.6	68.5	イノチオフローラ	経費	動力費
202412	340C10100	22	燃料費	1883000.0	2025000.0	2053796.0	25.6	101.4	109.0	イノチオフローラ	経費	燃料費
202412	340C10100	23	事務用品費	5000.0	5000.0	30363.0	0.3	607.2	607.2	イノチオフローラ	経費	事務用品費
202412	340C10100	24	消耗品費	20000.0	30000.0	537.0	0.0	1.7	2.6	イノチオフローラ	経費	消耗品費
202412	340C10100	25	廃棄物処理料	0.0	60000.0	59000.0	0.7	98.3	0.0	イノチオフローラ	経費	廃棄物処理料
202412	340C10100	26	広告宣伝費	0.0	0.0	0.0	0.0	0.0	0.0	イノチオフローラ	経費	広告宣伝費
202412	340C10100	27	接待交際費	0.0	0.0	0.0	0.0	0.0	0.0	イノチオフローラ	経費	接待交際費
202412	340C10100	28	研究開発費	0.0	0.0	0.0	0.0	0.0	0.0	イノチオフローラ	経費	研究開発費
202412	340C10100	29	クレーム費	0.0	0.0	0.0	0.0	0.0	0.0	イノチオフローラ	経費	クレーム費
202412	340C10100	30	賃借料	0.0	0.0	0.0	0.0	0.0	0.0	イノチオフローラ	経費	賃借料
202412	340C10100	31	賃貸料収入	-215940.0	-215940.0	-183213.0	0.0	0.0	0.0	イノチオフローラ	経費	賃貸料収入
202412	340C10100	32	修繕費	160000.0	260000.0	275150.0	3.4	105.8	171.9	イノチオフローラ	経費	修繕費
202412	340C10100	33	支払リース料	4800.0	4800.0	4700.0	0.0	97.9	97.9	イノチオフローラ	経費	支払リース料
202412	340C10100	34	保険料	0.0	0.0	0.0	0.0	0.0	0.0	イノチオフローラ	経費	保険料
202412	340C10100	35	支払報酬	0.0	0.0	0.0	0.0	0.0	0.0	イノチオフローラ	経費	支払報酬
202412	340C10100	36	販売手数料	0.0	0.0	0.0	0.0	0.0	0.0	イノチオフローラ	経費	販売手数料
202412	340C10100	37	支払手数料	212840.0	212840.0	170355.0	2.1	80.0	80.0	イノチオフローラ	経費	支払手数料
202412	340C10100	38	診断料	0.0	20000.0	0.0	0.0	0.0	0.0	イノチオフローラ	経費	診断料
202412	340C10100	39	諸会費	0.0	0.0	0.0	0.0	0.0	0.0	イノチオフローラ	経費	諸会費
202412	340C10100	40	会議費	0.0	0.0	0.0	0.0	0.0	0.0	イノチオフローラ	経費	会議費
202412	340C10100	41	寄付金	0.0	0.0	0.0	0.0	0.0	0.0	イノチオフローラ	経費	寄付金
202412	340C10100	42	租税公課	1000.0	1000.0	0.0	0.0	0.0	0.0	イノチオフローラ	経費	租税公課
202412	340C10100	43	業務委託費	0.0	0.0	0.0	0.0	0.0	0.0	イノチオフローラ	経費	業務委託費
202412	340C10100	44	業務受託収入	0.0	0.0	0.0	0.0	0.0	0.0	イノチオフローラ	経費	業務受託収入
202412	340C10100	45	システム管理料	0.0	0.0	0.0	0.0	0.0	0.0	イノチオフローラ	経費	システム管理料
202412	340C10100	46	情報機器利用料	42340.0	42340.0	42340.0	0.5	100.0	100.0	イノチオフローラ	経費	情報機器利用料
202412	340C10100	47	貸倒金	0.0	0.0	0.0	0.0	0.0	0.0	イノチオフローラ	経費	貸倒金
202412	340C10100	48	雑費	29695.0	20000.0	13372.0	0.1	66.8	45.0	イノチオフローラ	経費	雑費
202412	340C10100	49	福利消耗品費	5000.0	10000.0	0.0	0.0	0.0	0.0	イノチオフローラ	経費	福利消耗品費
202412	340C10100	50	教育研修費	2800.0	2800.0	2871.0	0.0	102.5	102.5	イノチオフローラ	経費	教育研修費
202412	340C10100	51	雑給	0.0	0.0	0.0	0.0	0.0	0.0	イノチオフローラ	経費	雑給
202412	340C10100	52	社内金利（固定資産）	66790.0	66790.0	67256.0	0.8	100.6	100.6	イノチオフローラ	経費	社内金利（固定資産）
202412	340C10100	53	グループ共通	194000.0	194000.0	194000.0	2.4	100.0	100.0	イノチオフローラ	経費	グループ共通
202412	340C10100	54	差引収益	1626814.0	1874664.0	2577055.0	32.2	137.4	158.4	イノチオフローラ		
202412	340C10100	55	差引比率	22.5	25.0	32.2		128.8	143.1	イノチオフローラ		
202412	340C10100	56	総時間	1021.0	1045.0	1151.75		110.2	112.8	イノチオフローラ		
202412	340C10100	57	定時間	944.0	944.0	1029.75		109.0	109.0	イノチオフローラ	時間	
202412	340C10100	58	残業時間	72.0	96.0	118.5		123.4	164.5	イノチオフローラ	時間	
202412	340C10100	59	移動時間	5.0	5.0	3.5		70.0	70.0	イノチオフローラ	時間	
202412	340C10100	60	当月時間当り	1593.3	1793.9	2237.5		124.7	140.4	イノチオフローラ		
202412	340C10100	61	人員	6.0	6.0	6.0		100.0	100.0	イノチオフローラ		
202501	340C10100	1	総受注高	9300000.0	8746075.0	7084647.0		81.0	76.1	イノチオフローラ	受注	
202501	340C10100	2	総売上高	9300000.0	8746075.0	7084647.0		81.0	76.1	イノチオフローラ		
202501	340C10100	3	切り花売上	2739000.0	3450000.0	1570389.0	22.1	45.5	57.3	イノチオフローラ	売上	
202501	340C10100	4	研究受託売上   	5550000.0	5196075.0	5196076.0	73.3	100.0	93.6	イノチオフローラ	売上	
202501	340C10100	5	その他売上	1011000.0	100000.0	318182.0	4.4	318.1	31.4	イノチオフローラ	売上	
202501	340C10100	6	堆肥売上            	0.0	0.0	0.0	0.0	0.0	0.0	イノチオフローラ	売上	
202501	340C10100	7	経費合計	5418119.0	5442223.0	4721545.0	66.6	86.7	87.1	イノチオフローラ		
202501	340C10100	8	種苗費	20000.0	180000.0	162090.0	2.2	90.0	810.4	イノチオフローラ	経費	種苗費
202501	340C10100	9	肥料費	0.0	0.0	0.0	0.0	0.0	0.0	イノチオフローラ	経費	肥料費
202501	340C10100	10	培土費用	0.0	50000.0	0.0	0.0	0.0	0.0	イノチオフローラ	経費	培土費用
202501	340C10100	11	農薬衛生費	250000.0	250000.0	327740.0	4.6	131.0	131.0	イノチオフローラ	経費	農薬衛生費
202501	340C10100	12	農具費	114000.0	114000.0	141224.0	1.9	123.8	123.8	イノチオフローラ	経費	農具費
202501	340C10100	13	諸材料費	135850.0	10000.0	3044.0	0.0	30.4	2.2	イノチオフローラ	経費	諸材料費
202501	340C10100	14	その他仕入高	270000.0	45000.0	0.0	0.0	0.0	0.0	イノチオフローラ	経費	その他仕入高
202501	340C10100	15	減価償却費	477605.0	419771.0	419771.0	5.9	100.0	87.8	イノチオフローラ	経費	減価償却費
202501	340C10100	16	車両費	268537.0	268537.0	116733.0	1.6	43.4	43.4	イノチオフローラ	経費	車両費
202501	340C10100	17	旅費交通費	10000.0	10000.0	764.0	0.0	7.6	7.6	イノチオフローラ	経費	旅費交通費
202501	340C10100	18	荷造運搬費	289813.0	81000.0	63991.0	0.9	79.0	22.0	イノチオフローラ	経費	荷造運搬費
202501	340C10100	19	通信費	39864.0	40400.0	40664.0	0.5	100.6	102.0	イノチオフローラ	経費	通信費
202501	340C10100	20	水道光熱費	206498.0	215273.0	145044.0	2.0	67.3	70.2	イノチオフローラ	経費	水道光熱費
202501	340C10100	21	動力費	546210.0	546200.0	490062.0	6.9	89.7	89.7	イノチオフローラ	経費	動力費
202501	340C10100	22	燃料費	1842000.0	2105000.0	1587080.0	22.4	75.3	86.1	イノチオフローラ	経費	燃料費
202501	340C10100	23	事務用品費	5000.0	10000.0	47610.0	0.6	476.1	952.2	イノチオフローラ	経費	事務用品費
202501	340C10100	24	消耗品費	15000.0	10000.0	10031.0	0.1	100.3	66.8	イノチオフローラ	経費	消耗品費
202501	340C10100	25	廃棄物処理料	54000.0	65000.0	33942.0	0.4	52.2	62.8	イノチオフローラ	経費	廃棄物処理料
202501	340C10100	26	広告宣伝費	0.0	0.0	0.0	0.0	0.0	0.0	イノチオフローラ	経費	広告宣伝費
202501	340C10100	27	接待交際費	0.0	0.0	0.0	0.0	0.0	0.0	イノチオフローラ	経費	接待交際費
202501	340C10100	28	研究開発費	0.0	0.0	0.0	0.0	0.0	0.0	イノチオフローラ	経費	研究開発費
202501	340C10100	29	クレーム費	0.0	0.0	0.0	0.0	0.0	0.0	イノチオフローラ	経費	クレーム費
202501	340C10100	30	賃借料	0.0	0.0	0.0	0.0	0.0	0.0	イノチオフローラ	経費	賃借料
202501	340C10100	31	賃貸料収入	-30000.0	-30000.0	-27273.0	0.0	0.0	0.0	イノチオフローラ	経費	賃貸料収入
202501	340C10100	32	修繕費	260000.0	360000.0	444480.0	6.2	123.4	170.9	イノチオフローラ	経費	修繕費
202501	340C10100	33	支払リース料	4800.0	0.0	4700.0	0.0	0.0	97.9	イノチオフローラ	経費	支払リース料
202501	340C10100	34	保険料	0.0	0.0	0.0	0.0	0.0	0.0	イノチオフローラ	経費	保険料
202501	340C10100	35	支払報酬	0.0	0.0	0.0	0.0	0.0	0.0	イノチオフローラ	経費	支払報酬
202501	340C10100	36	販売手数料	280000.0	330000.0	291137.0	4.1	88.2	103.9	イノチオフローラ	経費	販売手数料
202501	340C10100	37	支払手数料	8400.0	8400.0	102755.0	1.4			イノチオフローラ	経費	支払手数料
202501	340C10100	38	診断料	0.0	0.0	0.0	0.0	0.0	0.0	イノチオフローラ	経費	診断料
202501	340C10100	39	諸会費	0.0	0.0	500.0	0.0	0.0	0.0	イノチオフローラ	経費	諸会費
202501	340C10100	40	会議費	0.0	0.0	0.0	0.0	0.0	0.0	イノチオフローラ	経費	会議費
202501	340C10100	41	寄付金	30000.0	30000.0	10000.0	0.1	33.3	33.3	イノチオフローラ	経費	寄付金
202501	340C10100	42	租税公課	10000.0	10000.0	0.0	0.0	0.0	0.0	イノチオフローラ	経費	租税公課
202501	340C10100	43	業務委託費	0.0	0.0	0.0	0.0	0.0	0.0	イノチオフローラ	経費	業務委託費
202501	340C10100	44	業務受託収入	0.0	0.0	0.0	0.0	0.0	0.0	イノチオフローラ	経費	業務受託収入
202501	340C10100	45	システム管理料	0.0	0.0	0.0	0.0	0.0	0.0	イノチオフローラ	経費	システム管理料
202501	340C10100	46	情報機器利用料	42340.0	40440.0	42340.0	0.5	104.6	100.0	イノチオフローラ	経費	情報機器利用料
202501	340C10100	47	貸倒金	0.0	0.0	0.0	0.0	0.0	0.0	イノチオフローラ	経費	貸倒金
202501	340C10100	48	雑費	2000.0	2000.0	178.0	0.0	8.9	8.9	イノチオフローラ	経費	雑費
202501	340C10100	49	福利消耗品費	5000.0	10000.0	0.0	0.0	0.0	0.0	イノチオフローラ	経費	福利消耗品費
202501	340C10100	50	教育研修費	2800.0	2800.0	3781.0	0.0	135.0	135.0	イノチオフローラ	経費	教育研修費
202501	340C10100	51	雑給	0.0	0.0	0.0	0.0	0.0	0.0	イノチオフローラ	経費	雑給
202501	340C10100	52	社内金利（固定資産）	64402.0	64402.0	65157.0	0.9	101.1	101.1	イノチオフローラ	経費	社内金利（固定資産）
202501	340C10100	53	グループ共通	194000.0	194000.0	194000.0	2.7	100.0	100.0	イノチオフローラ	経費	グループ共通
202501	340C10100	54	差引収益	3881881.0	3303852.0	2363102.0	33.3	71.5	60.8	イノチオフローラ		
202501	340C10100	55	差引比率	41.7	37.7	33.3		88.3	79.8	イノチオフローラ		
202501	340C10100	56	総時間	956.0	956.0	898.5		93.9	93.9	イノチオフローラ		
202501	340C10100	57	定時間	840.0	840.0	820.0		97.6	97.6	イノチオフローラ	時間	
202501	340C10100	58	残業時間	111.0	111.0	76.5		68.9	68.9	イノチオフローラ	時間	
202501	340C10100	59	移動時間	5.0	5.0	2.0		40.0	40.0	イノチオフローラ	時間	
202501	340C10100	60	当月時間当り	4060.5	3455.9	2630.0		76.1	64.7	イノチオフローラ		
202501	340C10100	61	人員	6.0	6.0	6.0		100.0	100.0	イノチオフローラ		
202502	340C10100	1	総受注高	1200000.0	2975000.0	2836182.0		95.3	236.3	イノチオフローラ	受注	
202502	340C10100	2	総売上高	1200000.0	2975000.0	2836182.0		95.3	236.3	イノチオフローラ		
202502	340C10100	3	切り花売上	500000.0	2370000.0	2193499.0	77.3	92.5	438.6	イノチオフローラ	売上	
202502	340C10100	4	研究受託売上   	400000.0	425000.0	425000.0	14.9	100.0	106.2	イノチオフローラ	売上	
202502	340C10100	5	その他売上	300000.0	180000.0	217683.0	7.6	120.9	72.5	イノチオフローラ	売上	
202502	340C10100	6	堆肥売上            	0.0	0.0	0.0	0.0	0.0	0.0	イノチオフローラ	売上	
202502	340C10100	7	経費合計	3536035.0	4746960.0	4896200.0	172.6	103.1	138.4	イノチオフローラ		
202502	340C10100	8	種苗費	20000.0	200000.0	182280.0	6.4	91.1	911.4	イノチオフローラ	経費	種苗費
202502	340C10100	9	肥料費	61500.0	190000.0	153680.0	5.4	80.8	249.8	イノチオフローラ	経費	肥料費
202502	340C10100	10	培土費用	0.0	30000.0	79500.0	2.8	265.0	0.0	イノチオフローラ	経費	培土費用
202502	340C10100	11	農薬衛生費	285150.0	365000.0	367135.0	12.9	100.5	128.7	イノチオフローラ	経費	農薬衛生費
202502	340C10100	12	農具費	78400.0	113400.0	90447.0	3.1	79.7	115.3	イノチオフローラ	経費	農具費
202502	340C10100	13	諸材料費	31600.0	45000.0	13150.0	0.4	29.2	41.6	イノチオフローラ	経費	諸材料費
202502	340C10100	14	その他仕入高	210000.0	150000.0	155707.0	5.4	103.8	74.1	イノチオフローラ	経費	その他仕入高
202502	340C10100	15	減価償却費	477605.0	477605.0	419771.0	14.8	87.8	87.8	イノチオフローラ	経費	減価償却費
202502	340C10100	16	車両費	188637.0	258000.0	448506.0	15.8	173.8	237.7	イノチオフローラ	経費	車両費
202502	340C10100	17	旅費交通費	10000.0	10000.0	0.0	0.0	0.0	0.0	イノチオフローラ	経費	旅費交通費
202502	340C10100	18	荷造運搬費	72002.0	163000.0	187458.0	6.6	115.0	260.3	イノチオフローラ	経費	荷造運搬費
202502	340C10100	19	通信費	39018.0	43850.0	42014.0	1.4	95.8	107.6	イノチオフローラ	経費	通信費
202502	340C10100	20	水道光熱費	182083.0	257160.0	177471.0	6.2	69.0	97.4	イノチオフローラ	経費	水道光熱費
202502	340C10100	21	動力費	409475.0	410000.0	531440.0	18.7	129.6	129.7	イノチオフローラ	経費	動力費
202502	340C10100	22	燃料費	788000.0	1073000.0	1393292.0	49.1	129.8	176.8	イノチオフローラ	経費	燃料費
202502	340C10100	23	事務用品費	5000.0	5000.0	875.0	0.0	17.5	17.5	イノチオフローラ	経費	事務用品費
202502	340C10100	24	消耗品費	15000.0	15000.0	0.0	0.0	0.0	0.0	イノチオフローラ	経費	消耗品費
202502	340C10100	25	廃棄物処理料	0.0	60000.0	0.0	0.0	0.0	0.0	イノチオフローラ	経費	廃棄物処理料
202502	340C10100	26	広告宣伝費	0.0	0.0	0.0	0.0	0.0	0.0	イノチオフローラ	経費	広告宣伝費
202502	340C10100	27	接待交際費	0.0	0.0	0.0	0.0	0.0	0.0	イノチオフローラ	経費	接待交際費
202502	340C10100	28	研究開発費	0.0	0.0	0.0	0.0	0.0	0.0	イノチオフローラ	経費	研究開発費
202502	340C10100	29	クレーム費	0.0	0.0	0.0	0.0	0.0	0.0	イノチオフローラ	経費	クレーム費
202502	340C10100	30	賃借料	0.0	0.0	0.0	0.0	0.0	0.0	イノチオフローラ	経費	賃借料
202502	340C10100	31	賃貸料収入	-30000.0	-30000.0	-27273.0	0.0	0.0	0.0	イノチオフローラ	経費	賃貸料収入
202502	340C10100	32	修繕費	360000.0	470000.0	219246.0	7.7	46.6	60.9	イノチオフローラ	経費	修繕費
202502	340C10100	33	支払リース料	4800.0	4800.0	4700.0	0.1	97.9	97.9	イノチオフローラ	経費	支払リース料
202502	340C10100	34	保険料	0.0	0.0	0.0	0.0	0.0	0.0	イノチオフローラ	経費	保険料
202502	340C10100	35	支払報酬	0.0	0.0	0.0	0.0	0.0	0.0	イノチオフローラ	経費	支払報酬
202502	340C10100	36	販売手数料	0.0	0.0	0.0	0.0	0.0	0.0	イノチオフローラ	経費	販売手数料
202502	340C10100	37	支払手数料	12000.0	12000.0	35828.0	1.2	298.5	298.5	イノチオフローラ	経費	支払手数料
202502	340C10100	38	診断料	0.0	10000.0	9600.0	0.3	96.0	0.0	イノチオフローラ	経費	診断料
202502	340C10100	39	諸会費	0.0	0.0	0.0	0.0	0.0	0.0	イノチオフローラ	経費	諸会費
202502	340C10100	40	会議費	0.0	0.0	0.0	0.0	0.0	0.0	イノチオフローラ	経費	会議費
202502	340C10100	41	寄付金	0.0	0.0	0.0	0.0	0.0	0.0	イノチオフローラ	経費	寄付金
202502	340C10100	42	租税公課	10000.0	10000.0	75.0	0.0	0.7	0.7	イノチオフローラ	経費	租税公課
202502	340C10100	43	業務委託費	0.0	0.0	0.0	0.0	0.0	0.0	イノチオフローラ	経費	業務委託費
202502	340C10100	44	業務受託収入	0.0	0.0	0.0	0.0	0.0	0.0	イノチオフローラ	経費	業務受託収入
202502	340C10100	45	システム管理料	0.0	0.0	0.0	0.0	0.0	0.0	イノチオフローラ	経費	システム管理料
202502	340C10100	46	情報機器利用料	42340.0	42320.0	42340.0	1.4	100.0	100.0	イノチオフローラ	経費	情報機器利用料
202502	340C10100	47	貸倒金	0.0	0.0	0.0	0.0	0.0	0.0	イノチオフローラ	経費	貸倒金
202502	340C10100	48	雑費	2000.0	2000.0	178.0	0.0	8.9	8.9	イノチオフローラ	経費	雑費
202502	340C10100	49	福利消耗品費	5000.0	5000.0	450.0	0.0	9.0	9.0	イノチオフローラ	経費	福利消耗品費
202502	340C10100	50	教育研修費	2800.0	101200.0	111272.0	3.9	109.9		イノチオフローラ	経費	教育研修費
202502	340C10100	51	雑給	0.0	0.0	0.0	0.0	0.0	0.0	イノチオフローラ	経費	雑給
202502	340C10100	52	社内金利（固定資産）	59625.0	59625.0	63058.0	2.2	105.7	105.7	イノチオフローラ	経費	社内金利（固定資産）
202502	340C10100	53	グループ共通	194000.0	194000.0	194000.0	6.8	100.0	100.0	イノチオフローラ	経費	グループ共通
202502	340C10100	54	差引収益	-2336035.0	-1771960.0	-2060018.0	0.0	0.0	0.0	イノチオフローラ		
202502	340C10100	55	差引比率	-194.6	-59.5	-72.6		0.0	0.0	イノチオフローラ		
202502	340C10100	56	総時間	823.0	823.0	903.25		109.7	109.7	イノチオフローラ		
202502	340C10100	57	定時間	736.0	736.0	806.5		109.5	109.5	イノチオフローラ	時間	
202502	340C10100	58	残業時間	82.0	82.0	94.75		115.5	115.5	イノチオフローラ	時間	
202502	340C10100	59	移動時間	5.0	5.0	2.0		40.0	40.0	イノチオフローラ	時間	
202502	340C10100	60	当月時間当り	-2838.4	-2153.0	-2280.6		0.0	0.0	イノチオフローラ		
202502	340C10100	61	人員	6.0	6.0	6.0		100.0	100.0	イノチオフローラ		
202503	340C10100	1	総受注高	2200000.0	3374000.0	2602312.0		77.1	118.2	イノチオフローラ	受注	
202503	340C10100	2	総売上高	2200000.0	3374000.0	2602312.0		77.1	118.2	イノチオフローラ		
202503	340C10100	3	切り花売上	1390000.0	2474000.0	1752312.0	67.3	70.8	126.0	イノチオフローラ	売上	
202503	340C10100	4	研究受託売上   	422000.0	850000.0	850000.0	32.6	100.0	201.4	イノチオフローラ	売上	
202503	340C10100	5	その他売上	388000.0	50000.0	0.0	0.0	0.0	0.0	イノチオフローラ	売上	
202503	340C10100	6	堆肥売上            	0.0	0.0	0.0	0.0	0.0	0.0	イノチオフローラ	売上	
202503	340C10100	7	経費合計	4171344.0	6819600.0	6161364.0	236.7	90.3	147.7	イノチオフローラ		
202503	340C10100	8	種苗費	20000.0	580000.0	677100.0	26.0	116.7		イノチオフローラ	経費	種苗費
202503	340C10100	9	肥料費	128545.0	241500.0	143460.0	5.5	59.4	111.6	イノチオフローラ	経費	肥料費
202503	340C10100	10	培土費用	0.0	70000.0	0.0	0.0	0.0	0.0	イノチオフローラ	経費	培土費用
202503	340C10100	11	農薬衛生費	329420.0	329000.0	358887.0	13.7	109.0	108.9	イノチオフローラ	経費	農薬衛生費
202503	340C10100	12	農具費	15000.0	338000.0	204520.0	7.8	60.5		イノチオフローラ	経費	農具費
202503	340C10100	13	諸材料費	10000.0	272600.0	262855.0	10.1	96.4		イノチオフローラ	経費	諸材料費
202503	340C10100	14	その他仕入高	210000.0	50000.0	0.0	0.0	0.0	0.0	イノチオフローラ	経費	その他仕入高
202503	340C10100	15	減価償却費	477747.0	429914.0	433414.0	16.6	100.8	90.7	イノチオフローラ	経費	減価償却費
202503	340C10100	16	車両費	116460.0	306000.0	386910.0	14.8	126.4	332.2	イノチオフローラ	経費	車両費
202503	340C10100	17	旅費交通費	15000.0	10000.0	0.0	0.0	0.0	0.0	イノチオフローラ	経費	旅費交通費
202503	340C10100	18	荷造運搬費	148299.0	303000.0	201364.0	7.7	66.4	135.7	イノチオフローラ	経費	荷造運搬費
202503	340C10100	19	通信費	38250.0	37850.0	40473.0	1.5	106.9	105.8	イノチオフローラ	経費	通信費
202503	340C10100	20	水道光熱費	238765.0	279500.0	188227.0	7.2	67.3	78.8	イノチオフローラ	経費	水道光熱費
202503	340C10100	21	動力費	395116.0	395000.0	413570.0	15.8	104.7	104.6	イノチオフローラ	経費	動力費
202503	340C10100	22	燃料費	728000.0	1422000.0	1324400.0	50.8	93.1	181.9	イノチオフローラ	経費	燃料費
202503	340C10100	23	事務用品費	11000.0	11000.0	949.0	0.0	8.6	8.6	イノチオフローラ	経費	事務用品費
202503	340C10100	24	消耗品費	20000.0	20000.0	11074.0	0.4	55.3	55.3	イノチオフローラ	経費	消耗品費
202503	340C10100	25	廃棄物処理料	30000.0	60000.0	56000.0	2.1	93.3	186.6	イノチオフローラ	経費	廃棄物処理料
202503	340C10100	26	広告宣伝費	0.0	0.0	0.0	0.0	0.0	0.0	イノチオフローラ	経費	広告宣伝費
202503	340C10100	27	接待交際費	0.0	0.0	0.0	0.0	0.0	0.0	イノチオフローラ	経費	接待交際費
202503	340C10100	28	研究開発費	0.0	0.0	0.0	0.0	0.0	0.0	イノチオフローラ	経費	研究開発費
202503	340C10100	29	クレーム費	0.0	0.0	0.0	0.0	0.0	0.0	イノチオフローラ	経費	クレーム費
202503	340C10100	30	賃借料	0.0	0.0	0.0	0.0	0.0	0.0	イノチオフローラ	経費	賃借料
202503	340C10100	31	賃貸料収入	-30000.0	-30000.0	0.0	0.0	0.0	0.0	イノチオフローラ	経費	賃貸料収入
202503	340C10100	32	修繕費	260000.0	660000.0	671374.0	25.7	101.7	258.2	イノチオフローラ	経費	修繕費
202503	340C10100	33	支払リース料	4800.0	4800.0	4700.0	0.1	97.9	97.9	イノチオフローラ	経費	支払リース料
202503	340C10100	34	保険料	261510.0	261510.0	0.0	0.0	0.0	0.0	イノチオフローラ	経費	保険料
202503	340C10100	35	支払報酬	0.0	0.0	0.0	0.0	0.0	0.0	イノチオフローラ	経費	支払報酬
202503	340C10100	36	販売手数料	0.0	0.0	0.0	0.0	0.0	0.0	イノチオフローラ	経費	販売手数料
202503	340C10100	37	支払手数料	430506.0	430000.0	458716.0	17.6	106.6	106.5	イノチオフローラ	経費	支払手数料
202503	340C10100	38	診断料	0.0	10000.0	0.0	0.0	0.0	0.0	イノチオフローラ	経費	診断料
202503	340C10100	39	諸会費	0.0	0.0	0.0	0.0	0.0	0.0	イノチオフローラ	経費	諸会費
202503	340C10100	40	会議費	5000.0	0.0	0.0	0.0	0.0	0.0	イノチオフローラ	経費	会議費
202503	340C10100	41	寄付金	0.0	0.0	0.0	0.0	0.0	0.0	イノチオフローラ	経費	寄付金
202503	340C10100	42	租税公課	10000.0	10000.0	245.0	0.0	2.4	2.4	イノチオフローラ	経費	租税公課
202503	340C10100	43	業務委託費	0.0	0.0	0.0	0.0	0.0	0.0	イノチオフローラ	経費	業務委託費
202503	340C10100	44	業務受託収入	0.0	0.0	0.0	0.0	0.0	0.0	イノチオフローラ	経費	業務受託収入
202503	340C10100	45	システム管理料	0.0	0.0	0.0	0.0	0.0	0.0	イノチオフローラ	経費	システム管理料
202503	340C10100	46	情報機器利用料	49150.0	49150.0	49150.0	1.8	100.0	100.0	イノチオフローラ	経費	情報機器利用料
202503	340C10100	47	貸倒金	0.0	0.0	0.0	0.0	0.0	0.0	イノチオフローラ	経費	貸倒金
202503	340C10100	48	雑費	5000.0	5000.0	178.0	0.0	3.5	3.5	イノチオフローラ	経費	雑費
202503	340C10100	49	福利消耗品費	5000.0	5000.0	3946.0	0.1	78.9	78.9	イノチオフローラ	経費	福利消耗品費
202503	340C10100	50	教育研修費	2800.0	22800.0	2871.0	0.1	12.5	102.5	イノチオフローラ	経費	教育研修費
202503	340C10100	51	雑給	0.0	0.0	0.0	0.0	0.0	0.0	イノチオフローラ	経費	雑給
202503	340C10100	52	社内金利（固定資産）	41976.0	41976.0	72981.0	2.8	173.8	173.8	イノチオフローラ	経費	社内金利（固定資産）
202503	340C10100	53	グループ共通	194000.0	194000.0	194000.0	7.4	100.0	100.0	イノチオフローラ	経費	グループ共通
202503	340C10100	54	差引収益	-1971344.0	-3445600.0	-3559052.0	0.0	0.0	0.0	イノチオフローラ		
202503	340C10100	55	差引比率	-89.6	-102.1	-136.7		0.0	0.0	イノチオフローラ		
202503	340C10100	56	総時間	1045.0	1045.0	1115.75		106.7	106.7	イノチオフローラ		
202503	340C10100	57	定時間	960.0	960.0	932.0		97.0	97.0	イノチオフローラ	時間	
202503	340C10100	58	残業時間	80.0	80.0	178.75		223.4	223.4	イノチオフローラ	時間	
202503	340C10100	59	移動時間	5.0	5.0	5.0		100.0	100.0	イノチオフローラ	時間	
202503	340C10100	60	当月時間当り	-1886.4	-3297.2	-3189.8		0.0	0.0	イノチオフローラ		
202503	340C10100	61	人員	6.0	6.0	6.0		100.0	100.0	イノチオフローラ		
202504	340C10100	1	総受注高	1310000.0	1110000.0	907696.0		81.7	69.2	イノチオフローラ	受注	
202504	340C10100	2	総売上高	1310000.0	1110000.0	907696.0		81.7	69.2	イノチオフローラ		
202504	340C10100	3	切り花売上	1269000.0	1069000.0	743606.0	81.9	69.5	58.5	イノチオフローラ	売上	
202504	340C10100	4	研究受託売上   	0.0	0.0	0.0	0.0	0.0	0.0	イノチオフローラ	売上	
202504	340C10100	5	その他売上	41000.0	41000.0	164090.0	18.0	400.2	400.2	イノチオフローラ	売上	
202504	340C10100	6	堆肥売上            	0.0	0.0	0.0	0.0	0.0	0.0	イノチオフローラ	売上	
202504	340C10100	7	経費合計	5317448.0	5041448.0	5145980.0	566.9	102.0	96.7	イノチオフローラ		
202504	340C10100	8	種苗費	550000.0	550000.0	524820.0	57.8	95.4	95.4	イノチオフローラ	経費	種苗費
202504	340C10100	9	肥料費	149000.0	60000.0	0.0	0.0	0.0	0.0	イノチオフローラ	経費	肥料費
202504	340C10100	10	培土費用	0.0	0.0	45000.0	4.9	0.0	0.0	イノチオフローラ	経費	培土費用
202504	340C10100	11	農薬衛生費	432000.0	432000.0	453584.0	49.9	104.9	104.9	イノチオフローラ	経費	農薬衛生費
202504	340C10100	12	農具費	75000.0	75000.0	23904.0	2.6	31.8	31.8	イノチオフローラ	経費	農具費
202504	340C10100	13	諸材料費	20000.0	20000.0	4659.0	0.5	23.2	23.2	イノチオフローラ	経費	諸材料費
202504	340C10100	14	その他仕入高	20000.0	20000.0	117216.0	12.9	586.0	586.0	イノチオフローラ	経費	その他仕入高
202504	340C10100	15	減価償却費	380481.0	383481.0	383931.0	42.2	100.1	100.9	イノチオフローラ	経費	減価償却費
202504	340C10100	16	車両費	177000.0	177000.0	75680.0	8.3	42.7	42.7	イノチオフローラ	経費	車両費
202504	340C10100	17	旅費交通費	15000.0	5000.0	273.0	0.0	5.4	1.8	イノチオフローラ	経費	旅費交通費
202504	340C10100	18	荷造運搬費	130000.0	130000.0	79626.0	8.7	61.2	61.2	イノチオフローラ	経費	荷造運搬費
202504	340C10100	19	通信費	39000.0	39000.0	40781.0	4.4	104.5	104.5	イノチオフローラ	経費	通信費
202504	340C10100	20	水道光熱費	165000.0	165000.0	159968.0	17.6	96.9	96.9	イノチオフローラ	経費	水道光熱費
202504	340C10100	21	動力費	380000.0	340000.0	333103.0	36.6	97.9	87.6	イノチオフローラ	経費	動力費
202504	340C10100	22	燃料費	1200000.0	1100000.0	1232000.0	135.7	112.0	102.6	イノチオフローラ	経費	燃料費
202504	340C10100	23	事務用品費	8000.0	8000.0	661.0	0.0	8.2	8.2	イノチオフローラ	経費	事務用品費
202504	340C10100	24	消耗品費	15000.0	15000.0	3928.0	0.4	26.1	26.1	イノチオフローラ	経費	消耗品費
202504	340C10100	25	廃棄物処理料	40000.0	0.0	27000.0	2.9	0.0	67.5	イノチオフローラ	経費	廃棄物処理料
202504	340C10100	26	広告宣伝費	0.0	0.0	0.0	0.0	0.0	0.0	イノチオフローラ	経費	広告宣伝費
202504	340C10100	27	接待交際費	0.0	0.0	0.0	0.0	0.0	0.0	イノチオフローラ	経費	接待交際費
202504	340C10100	28	研究開発費	0.0	0.0	0.0	0.0	0.0	0.0	イノチオフローラ	経費	研究開発費
202504	340C10100	29	クレーム費	0.0	0.0	0.0	0.0	0.0	0.0	イノチオフローラ	経費	クレーム費
202504	340C10100	30	賃借料	0.0	0.0	0.0	0.0	0.0	0.0	イノチオフローラ	経費	賃借料
202504	340C10100	31	賃貸料収入	-10000.0	-10000.0	0.0	0.0	0.0	0.0	イノチオフローラ	経費	賃貸料収入
202504	340C10100	32	修繕費	860000.0	860000.0	937683.0	103.3	109.0	109.0	イノチオフローラ	経費	修繕費
202504	340C10100	33	支払リース料	5000.0	5000.0	4700.0	0.5	94.0	94.0	イノチオフローラ	経費	支払リース料
202504	340C10100	34	保険料	29000.0	29000.0	33480.0	3.6	115.4	115.4	イノチオフローラ	経費	保険料
202504	340C10100	35	支払報酬	0.0	0.0	0.0	0.0	0.0	0.0	イノチオフローラ	経費	支払報酬
202504	340C10100	36	販売手数料	216000.0	216000.0	193775.0	21.3	89.7	89.7	イノチオフローラ	経費	販売手数料
202504	340C10100	37	支払手数料	40000.0	40000.0	105616.0	11.6	264.0	264.0	イノチオフローラ	経費	支払手数料
202504	340C10100	38	診断料	0.0	0.0	1950.0	0.2	0.0	0.0	イノチオフローラ	経費	診断料
202504	340C10100	39	諸会費	0.0	0.0	0.0	0.0	0.0	0.0	イノチオフローラ	経費	諸会費
202504	340C10100	40	会議費	0.0	0.0	0.0	0.0	0.0	0.0	イノチオフローラ	経費	会議費
202504	340C10100	41	寄付金	0.0	0.0	0.0	0.0	0.0	0.0	イノチオフローラ	経費	寄付金
202504	340C10100	42	租税公課	10000.0	10000.0	0.0	0.0	0.0	0.0	イノチオフローラ	経費	租税公課
202504	340C10100	43	業務委託費	0.0	0.0	0.0	0.0	0.0	0.0	イノチオフローラ	経費	業務委託費
202504	340C10100	44	業務受託収入	0.0	0.0	0.0	0.0	0.0	0.0	イノチオフローラ	経費	業務受託収入
202504	340C10100	45	システム管理料	0.0	0.0	0.0	0.0	0.0	0.0	イノチオフローラ	経費	システム管理料
202504	340C10100	46	情報機器利用料	55510.0	55510.0	55510.0	6.1	100.0	100.0	イノチオフローラ	経費	情報機器利用料
202504	340C10100	47	貸倒金	0.0	0.0	0.0	0.0	0.0	0.0	イノチオフローラ	経費	貸倒金
202504	340C10100	48	雑費	3000.0	3000.0	199.0	0.0	6.6	6.6	イノチオフローラ	経費	雑費
202504	340C10100	49	福利消耗品費	10000.0	10000.0	0.0	0.0	0.0	0.0	イノチオフローラ	経費	福利消耗品費
202504	340C10100	50	教育研修費	3000.0	3000.0	2871.0	0.3	95.7	95.7	イノチオフローラ	経費	教育研修費
202504	340C10100	51	雑給	0.0	0.0	0.0	0.0	0.0	0.0	イノチオフローラ	経費	雑給
202504	340C10100	52	社内金利（固定資産）	67457.0	67457.0	71062.0	7.8	105.3	105.3	イノチオフローラ	経費	社内金利（固定資産）
202504	340C10100	53	グループ共通	233000.0	233000.0	233000.0	25.6	100.0	100.0	イノチオフローラ	経費	グループ共通
202504	340C10100	54	差引収益	-4007448.0	-3931448.0	-4238284.0	0.0	0.0	0.0	イノチオフローラ		
202504	340C10100	55	差引比率	-305.9	-354.1	-466.9		0.0	0.0	イノチオフローラ		
202504	340C10100	56	総時間	1088.0	1088.0	1081.5		99.4	99.4	イノチオフローラ		
202504	340C10100	57	定時間	1008.0	1008.0	990.25		98.2	98.2	イノチオフローラ	時間	
202504	340C10100	58	残業時間	77.0	77.0	89.25		115.9	115.9	イノチオフローラ	時間	
202504	340C10100	59	移動時間	3.0	3.0	2.0		66.6	66.6	イノチオフローラ	時間	
202504	340C10100	60	当月時間当り	-3683.3	-3613.4	-3918.8		0.0	0.0	イノチオフローラ		
202504	340C10100	61	人員	6.0	6.0	6.0		100.0	100.0	イノチオフローラ		
202505	340C10100	1	総受注高	2450000.0	2715000.0	1698803.0		62.5	69.3	イノチオフローラ	受注	
202505	340C10100	2	総売上高	2450000.0	2715000.0	1698803.0		62.5	69.3	イノチオフローラ		
202505	340C10100	3	切り花売上	1455000.0	1680000.0	904270.0	53.2	53.8	62.1	イノチオフローラ	売上	
202505	340C10100	4	研究受託売上   	630000.0	675000.0	675000.0	39.7	100.0	107.1	イノチオフローラ	売上	
202505	340C10100	5	その他売上	365000.0	360000.0	119533.0	7.0	33.2	32.7	イノチオフローラ	売上	
202505	340C10100	6	堆肥売上            	0.0	0.0	0.0	0.0	0.0	0.0	イノチオフローラ	売上	
202505	340C10100	7	経費合計	4336545.0	4863045.0	5025630.0	295.8	103.3	115.8	イノチオフローラ		
202505	340C10100	8	種苗費	450000.0	520000.0	264900.0	15.5	50.9	58.8	イノチオフローラ	経費	種苗費
202505	340C10100	9	肥料費	203000.0	197000.0	191430.0	11.2	97.1	94.3	イノチオフローラ	経費	肥料費
202505	340C10100	10	培土費用	0.0	79500.0	0.0	0.0	0.0	0.0	イノチオフローラ	経費	培土費用
202505	340C10100	11	農薬衛生費	554000.0	800000.0	729748.0	42.9	91.2	131.7	イノチオフローラ	経費	農薬衛生費
202505	340C10100	12	農具費	146000.0	30000.0	4479.0	0.2	14.9	3.0	イノチオフローラ	経費	農具費
202505	340C10100	13	諸材料費	172000.0	173000.0	128599.0	7.5	74.3	74.7	イノチオフローラ	経費	諸材料費
202505	340C10100	14	その他仕入高	390000.0	300000.0	81018.0	4.7	27.0	20.7	イノチオフローラ	経費	その他仕入高
202505	340C10100	15	減価償却費	380481.0	383481.0	647567.0	38.1	168.8	170.1	イノチオフローラ	経費	減価償却費
202505	340C10100	16	車両費	140000.0	140000.0	120597.0	7.0	86.1	86.1	イノチオフローラ	経費	車両費
202505	340C10100	17	旅費交通費	10000.0	5000.0	0.0	0.0	0.0	0.0	イノチオフローラ	経費	旅費交通費
202505	340C10100	18	荷造運搬費	130000.0	160000.0	9432.0	0.5	5.8	7.2	イノチオフローラ	経費	荷造運搬費
202505	340C10100	19	通信費	43000.0	43000.0	42623.0	2.5	99.1	99.1	イノチオフローラ	経費	通信費
202505	340C10100	20	水道光熱費	235000.0	215000.0	114002.0	6.7	53.0	48.5	イノチオフローラ	経費	水道光熱費
202505	340C10100	21	動力費	390000.0	354000.0	385301.0	22.6	108.8	98.7	イノチオフローラ	経費	動力費
202505	340C10100	22	燃料費	0.0	0.0	0.0	0.0	0.0	0.0	イノチオフローラ	経費	燃料費
202505	340C10100	23	事務用品費	5000.0	5000.0	717.0	0.0	14.3	14.3	イノチオフローラ	経費	事務用品費
202505	340C10100	24	消耗品費	20000.0	60000.0	30301.0	1.7	50.5	151.5	イノチオフローラ	経費	消耗品費
202505	340C10100	25	廃棄物処理料	0.0	80000.0	0.0	0.0	0.0	0.0	イノチオフローラ	経費	廃棄物処理料
202505	340C10100	26	広告宣伝費	0.0	0.0	0.0	0.0	0.0	0.0	イノチオフローラ	経費	広告宣伝費
202505	340C10100	27	接待交際費	0.0	0.0	0.0	0.0	0.0	0.0	イノチオフローラ	経費	接待交際費
202505	340C10100	28	研究開発費	0.0	0.0	0.0	0.0	0.0	0.0	イノチオフローラ	経費	研究開発費
202505	340C10100	29	クレーム費	0.0	0.0	0.0	0.0	0.0	0.0	イノチオフローラ	経費	クレーム費
202505	340C10100	30	賃借料	0.0	0.0	0.0	0.0	0.0	0.0	イノチオフローラ	経費	賃借料
202505	340C10100	31	賃貸料収入	-10000.0	-10000.0	0.0	0.0	0.0	0.0	イノチオフローラ	経費	賃貸料収入
202505	340C10100	32	修繕費	60000.0	310000.0	1230185.0	72.4	396.8		イノチオフローラ	経費	修繕費
202505	340C10100	33	支払リース料	5000.0	5000.0	4700.0	0.2	94.0	94.0	イノチオフローラ	経費	支払リース料
202505	340C10100	34	保険料	0.0	0.0	0.0	0.0	0.0	0.0	イノチオフローラ	経費	保険料
202505	340C10100	35	支払報酬	0.0	0.0	0.0	0.0	0.0	0.0	イノチオフローラ	経費	支払報酬
202505	340C10100	36	販売手数料	0.0	0.0	0.0	0.0	0.0	0.0	イノチオフローラ	経費	販売手数料
202505	340C10100	37	支払手数料	38000.0	38000.0	71609.0	4.2	188.4	188.4	イノチオフローラ	経費	支払手数料
202505	340C10100	38	診断料	0.0	0.0	0.0	0.0	0.0	0.0	イノチオフローラ	経費	診断料
202505	340C10100	39	諸会費	0.0	0.0	0.0	0.0	0.0	0.0	イノチオフローラ	経費	諸会費
202505	340C10100	40	会議費	0.0	0.0	0.0	0.0	0.0	0.0	イノチオフローラ	経費	会議費
202505	340C10100	41	寄付金	0.0	0.0	0.0	0.0	0.0	0.0	イノチオフローラ	経費	寄付金
202505	340C10100	42	租税公課	605000.0	605000.0	607700.0	35.7	100.4	100.4	イノチオフローラ	経費	租税公課
202505	340C10100	43	業務委託費	0.0	0.0	0.0	0.0	0.0	0.0	イノチオフローラ	経費	業務委託費
202505	340C10100	44	業務受託収入	0.0	0.0	0.0	0.0	0.0	0.0	イノチオフローラ	経費	業務受託収入
202505	340C10100	45	システム管理料	0.0	0.0	0.0	0.0	0.0	0.0	イノチオフローラ	経費	システム管理料
202505	340C10100	46	情報機器利用料	55510.0	55510.0	55510.0	3.2	100.0	100.0	イノチオフローラ	経費	情報機器利用料
202505	340C10100	47	貸倒金	0.0	0.0	0.0	0.0	0.0	0.0	イノチオフローラ	経費	貸倒金
202505	340C10100	48	雑費	3000.0	3000.0	199.0	0.0	6.6	6.6	イノチオフローラ	経費	雑費
202505	340C10100	49	福利消耗品費	10000.0	10000.0	0.0	0.0	0.0	0.0	イノチオフローラ	経費	福利消耗品費
202505	340C10100	50	教育研修費	3000.0	3000.0	2871.0	0.1	95.7	95.7	イノチオフローラ	経費	教育研修費
202505	340C10100	51	雑給	0.0	0.0	0.0	0.0	0.0	0.0	イノチオフローラ	経費	雑給
202505	340C10100	52	社内金利（固定資産）	65554.0	65554.0	69142.0	4.0	105.4	105.4	イノチオフローラ	経費	社内金利（固定資産）
202505	340C10100	53	グループ共通	233000.0	233000.0	233000.0	13.7	100.0	100.0	イノチオフローラ	経費	グループ共通
202505	340C10100	54	差引収益	-1886545.0	-2148045.0	-3326827.0	0.0	0.0	0.0	イノチオフローラ		
202505	340C10100	55	差引比率	-77.0	-79.1	-195.8		0.0	0.0	イノチオフローラ		
202505	340C10100	56	総時間	1140.0	1140.0	1128.0		98.9	98.9	イノチオフローラ		
202505	340C10100	57	定時間	1008.0	1008.0	995.5		98.7	98.7	イノチオフローラ	時間	
202505	340C10100	58	残業時間	129.0	129.0	129.5		100.3	100.3	イノチオフローラ	時間	
202505	340C10100	59	移動時間	3.0	3.0	3.0		100.0	100.0	イノチオフローラ	時間	
202505	340C10100	60	当月時間当り	-1654.8	-1884.2	-2949.3		0.0	0.0	イノチオフローラ		
202505	340C10100	61	人員	6.0	6.0	6.0		100.0	100.0	イノチオフローラ		
202506	340C10100	1	総受注高	8430000.0	7872000.0	6785214.0		86.1	80.4	イノチオフローラ	受注	
202506	340C10100	2	総売上高	8430000.0	7872000.0	6785214.0		86.1	80.4	イノチオフローラ		
202506	340C10100	3	切り花売上	3560000.0	3000000.0	1747795.0	25.7	58.2	49.0	イノチオフローラ	売上	
202506	340C10100	4	研究受託売上   	4862000.0	4862000.0	4862000.0	71.6	100.0	100.0	イノチオフローラ	売上	
202506	340C10100	5	その他売上	8000.0	10000.0	175419.0	2.5			イノチオフローラ	売上	
202506	340C10100	6	堆肥売上            	0.0	0.0	0.0	0.0	0.0	0.0	イノチオフローラ	売上	
202506	340C10100	7	経費合計	4781643.0	4991143.0	4176340.0	61.5	83.6	87.3	イノチオフローラ		
202506	340C10100	8	種苗費	350000.0	350000.0	332490.0	4.9	94.9	94.9	イノチオフローラ	経費	種苗費
202506	340C10100	9	肥料費	0.0	0.0	0.0	0.0	0.0	0.0	イノチオフローラ	経費	肥料費
202506	340C10100	10	培土費用	588000.0	580000.0	90000.0	1.3	15.5	15.3	イノチオフローラ	経費	培土費用
202506	340C10100	11	農薬衛生費	897000.0	897000.0	1092208.0	16.0	121.7	121.7	イノチオフローラ	経費	農薬衛生費
202506	340C10100	12	農具費	134000.0	160000.0	49746.0	0.7	31.0	37.1	イノチオフローラ	経費	農具費
202506	340C10100	13	諸材料費	325000.0	328000.0	277538.0	4.0	84.6	85.3	イノチオフローラ	経費	諸材料費
202506	340C10100	14	その他仕入高	5000.0	5000.0	154265.0	2.2			イノチオフローラ	経費	その他仕入高
202506	340C10100	15	減価償却費	380481.0	380481.0	383931.0	5.6	100.9	100.9	イノチオフローラ	経費	減価償却費
202506	340C10100	16	車両費	205000.0	205000.0	202500.0	2.9	98.7	98.7	イノチオフローラ	経費	車両費
202506	340C10100	17	旅費交通費	10000.0	5000.0	0.0	0.0	0.0	0.0	イノチオフローラ	経費	旅費交通費
202506	340C10100	18	荷造運搬費	479000.0	479500.0	154677.0	2.2	32.2	32.2	イノチオフローラ	経費	荷造運搬費
202506	340C10100	19	通信費	40000.0	40000.0	41426.0	0.6	103.5	103.5	イノチオフローラ	経費	通信費
202506	340C10100	20	水道光熱費	155000.0	190000.0	182345.0	2.6	95.9	117.6	イノチオフローラ	経費	水道光熱費
202506	340C10100	21	動力費	400000.0	440000.0	380586.0	5.6	86.4	95.1	イノチオフローラ	経費	動力費
202506	340C10100	22	燃料費	0.0	0.0	0.0	0.0	0.0	0.0	イノチオフローラ	経費	燃料費
202506	340C10100	23	事務用品費	7000.0	5000.0	948.0	0.0	18.9	13.5	イノチオフローラ	経費	事務用品費
202506	340C10100	24	消耗品費	20000.0	50000.0	8222.0	0.1	16.4	41.1	イノチオフローラ	経費	消耗品費
202506	340C10100	25	廃棄物処理料	40000.0	130000.0	87000.0	1.2	66.9	217.5	イノチオフローラ	経費	廃棄物処理料
202506	340C10100	26	広告宣伝費	0.0	0.0	0.0	0.0	0.0	0.0	イノチオフローラ	経費	広告宣伝費
202506	340C10100	27	接待交際費	0.0	0.0	0.0	0.0	0.0	0.0	イノチオフローラ	経費	接待交際費
202506	340C10100	28	研究開発費	0.0	0.0	0.0	0.0	0.0	0.0	イノチオフローラ	経費	研究開発費
202506	340C10100	29	クレーム費	0.0	0.0	0.0	0.0	0.0	0.0	イノチオフローラ	経費	クレーム費
202506	340C10100	30	賃借料	0.0	0.0	0.0	0.0	0.0	0.0	イノチオフローラ	経費	賃借料
202506	340C10100	31	賃貸料収入	-10000.0	-10000.0	0.0	0.0	0.0	0.0	イノチオフローラ	経費	賃貸料収入
202506	340C10100	32	修繕費	160000.0	160000.0	53228.0	0.7	33.2	33.2	イノチオフローラ	経費	修繕費
202506	340C10100	33	支払リース料	5000.0	5000.0	4700.0	0.0	94.0	94.0	イノチオフローラ	経費	支払リース料
202506	340C10100	34	保険料	0.0	0.0	0.0	0.0	0.0	0.0	イノチオフローラ	経費	保険料
202506	340C10100	35	支払報酬	0.0	0.0	53000.0	0.7	0.0	0.0	イノチオフローラ	経費	支払報酬
202506	340C10100	36	販売手数料	0.0	0.0	0.0	0.0	0.0	0.0	イノチオフローラ	経費	販売手数料
202506	340C10100	37	支払手数料	44000.0	44000.0	68327.0	1.0	155.2	155.2	イノチオフローラ	経費	支払手数料
202506	340C10100	38	診断料	0.0	0.0	0.0	0.0	0.0	0.0	イノチオフローラ	経費	診断料
202506	340C10100	39	諸会費	2000.0	2000.0	1819.0	0.0	90.9	90.9	イノチオフローラ	経費	諸会費
202506	340C10100	40	会議費	0.0	0.0	0.0	0.0	0.0	0.0	イノチオフローラ	経費	会議費
202506	340C10100	41	寄付金	0.0	0.0	0.0	0.0	0.0	0.0	イノチオフローラ	経費	寄付金
202506	340C10100	42	租税公課	10000.0	10000.0	10000.0	0.1	100.0	100.0	イノチオフローラ	経費	租税公課
202506	340C10100	43	業務委託費	0.0	0.0	0.0	0.0	0.0	0.0	イノチオフローラ	経費	業務委託費
202506	340C10100	44	業務受託収入	0.0	0.0	0.0	0.0	0.0	0.0	イノチオフローラ	経費	業務受託収入
202506	340C10100	45	システム管理料	0.0	0.0	0.0	0.0	0.0	0.0	イノチオフローラ	経費	システム管理料
202506	340C10100	46	情報機器利用料	55510.0	55510.0	55510.0	0.8	100.0	100.0	イノチオフローラ	経費	情報機器利用料
202506	340C10100	47	貸倒金	0.0	0.0	0.0	0.0	0.0	0.0	イノチオフローラ	経費	貸倒金
202506	340C10100	48	雑費	100000.0	100000.0	107827.0	1.5	107.8	107.8	イノチオフローラ	経費	雑費
202506	340C10100	49	福利消耗品費	80000.0	80000.0	80954.0	1.1	101.1	101.1	イノチオフローラ	経費	福利消耗品費
202506	340C10100	50	教育研修費	3000.0	3000.0	2871.0	0.0	95.7	95.7	イノチオフローラ	経費	教育研修費
202506	340C10100	51	雑給	0.0	0.0	0.0	0.0	0.0	0.0	イノチオフローラ	経費	雑給
202506	340C10100	52	社内金利（固定資産）	63652.0	63652.0	67222.0	0.9	105.6	105.6	イノチオフローラ	経費	社内金利（固定資産）
202506	340C10100	53	グループ共通	233000.0	233000.0	233000.0	3.4	100.0	100.0	イノチオフローラ	経費	グループ共通
202506	340C10100	54	差引収益	3648357.0	2880857.0	2608874.0	38.4	90.5	71.5	イノチオフローラ		
202506	340C10100	55	差引比率	43.2	36.5	38.4		105.2	88.8	イノチオフローラ		
202506	340C10100	56	総時間	1165.0	1165.0	1339.5		114.9	114.9	イノチオフローラ		
202506	340C10100	57	定時間	1056.0	1056.0	1207.75		114.3	114.3	イノチオフローラ	時間	
202506	340C10100	58	残業時間	106.0	106.0	126.75		119.5	119.5	イノチオフローラ	時間	
202506	340C10100	59	移動時間	3.0	3.0	5.0		166.6	166.6	イノチオフローラ	時間	
202506	340C10100	60	当月時間当り	3131.6	2472.8	1947.6		78.7	62.1	イノチオフローラ		
202506	340C10100	61	人員	6.0	6.0	8.0		133.3	133.3	イノチオフローラ		
202507	340C10100	1	総受注高	8430000.0	6667000.0	6481201.0		97.2	76.8	イノチオフローラ	受注	
202507	340C10100	2	総売上高	8430000.0	6667000.0	6481201.0		97.2	76.8	イノチオフローラ		
202507	340C10100	3	切り花売上	5853000.0	4090000.0	3897793.0	60.1	95.3	66.5	イノチオフローラ	売上	
202507	340C10100	4	研究受託売上   	2499000.0	2499000.0	2499000.0	38.5	100.0	100.0	イノチオフローラ	売上	
202507	340C10100	5	その他売上	78000.0	78000.0	84408.0	1.3	108.2	108.2	イノチオフローラ	売上	
202507	340C10100	6	堆肥売上            	0.0	0.0	0.0	0.0	0.0	0.0	イノチオフローラ	売上	
202507	340C10100	7	経費合計	5494740.0	5181308.0	6019641.0	92.8	116.1	109.5	イノチオフローラ		
202507	340C10100	8	種苗費	500000.0	350000.0	409710.0	6.3	117.0	81.9	イノチオフローラ	経費	種苗費
202507	340C10100	9	肥料費	37000.0	62000.0	63450.0	0.9	102.3	171.4	イノチオフローラ	経費	肥料費
202507	340C10100	10	培土費用	0.0	99000.0	135000.0	2.0	136.3	0.0	イノチオフローラ	経費	培土費用
202507	340C10100	11	農薬衛生費	920000.0	920000.0	1061362.0	16.3	115.3	115.3	イノチオフローラ	経費	農薬衛生費
202507	340C10100	12	農具費	78000.0	79000.0	40535.0	0.6	51.3	51.9	イノチオフローラ	経費	農具費
202507	340C10100	13	諸材料費	257000.0	250000.0	257095.0	3.9	102.8	100.0	イノチオフローラ	経費	諸材料費
202507	340C10100	14	その他仕入高	60000.0	78000.0	63341.0	0.9	81.2	105.5	イノチオフローラ	経費	その他仕入高
202507	340C10100	15	減価償却費	380481.0	419771.0	383931.0	5.9	91.4	100.9	イノチオフローラ	経費	減価償却費
202507	340C10100	16	車両費	205000.0	205000.0	412042.0	6.3	200.9	200.9	イノチオフローラ	経費	車両費
202507	340C10100	17	旅費交通費	10000.0	10000.0	0.0	0.0	0.0	0.0	イノチオフローラ	経費	旅費交通費
202507	340C10100	18	荷造運搬費	495000.0	495000.0	774159.0	11.9	156.3	156.3	イノチオフローラ	経費	荷造運搬費
202507	340C10100	19	通信費	40000.0	40188.0	42637.0	0.6	106.0	106.5	イノチオフローラ	経費	通信費
202507	340C10100	20	水道光熱費	185000.0	25000.0	165603.0	2.5	662.4	89.5	イノチオフローラ	経費	水道光熱費
202507	340C10100	21	動力費	360000.0	374600.0	355890.0	5.4	95.0	98.8	イノチオフローラ	経費	動力費
202507	340C10100	22	燃料費	0.0	0.0	0.0	0.0	0.0	0.0	イノチオフローラ	経費	燃料費
202507	340C10100	23	事務用品費	5000.0	6000.0	1719.0	0.0	28.6	34.3	イノチオフローラ	経費	事務用品費
202507	340C10100	24	消耗品費	15000.0	15000.0	4109.0	0.0	27.3	27.3	イノチオフローラ	経費	消耗品費
202507	340C10100	25	廃棄物処理料	0.0	60000.0	0.0	0.0	0.0	0.0	イノチオフローラ	経費	廃棄物処理料
202507	340C10100	26	広告宣伝費	0.0	0.0	0.0	0.0	0.0	0.0	イノチオフローラ	経費	広告宣伝費
202507	340C10100	27	接待交際費	0.0	0.0	0.0	0.0	0.0	0.0	イノチオフローラ	経費	接待交際費
202507	340C10100	28	研究開発費	0.0	0.0	0.0	0.0	0.0	0.0	イノチオフローラ	経費	研究開発費
202507	340C10100	29	クレーム費	0.0	0.0	0.0	0.0	0.0	0.0	イノチオフローラ	経費	クレーム費
202507	340C10100	30	賃借料	0.0	0.0	0.0	0.0	0.0	0.0	イノチオフローラ	経費	賃借料
202507	340C10100	31	賃貸料収入	-10000.0	-10000.0	0.0	0.0	0.0	0.0	イノチオフローラ	経費	賃貸料収入
202507	340C10100	32	修繕費	160000.0	160000.0	253819.0	3.9	158.6	158.6	イノチオフローラ	経費	修繕費
202507	340C10100	33	支払リース料	5000.0	5000.0	4700.0	0.0	94.0	94.0	イノチオフローラ	経費	支払リース料
202507	340C10100	34	保険料	0.0	0.0	0.0	0.0	0.0	0.0	イノチオフローラ	経費	保険料
202507	340C10100	35	支払報酬	330000.0	30000.0	315210.0	4.8		95.5	イノチオフローラ	経費	支払報酬
202507	340C10100	36	販売手数料	400000.0	300000.0	185930.0	2.8	61.9	46.4	イノチオフローラ	経費	販売手数料
202507	340C10100	37	支払手数料	26000.0	22300.0	74433.0	1.1	333.7	286.2	イノチオフローラ	経費	支払手数料
202507	340C10100	38	診断料	0.0	0.0	0.0	0.0	0.0	0.0	イノチオフローラ	経費	診断料
202507	340C10100	39	諸会費	0.0	2000.0	0.0	0.0	0.0	0.0	イノチオフローラ	経費	諸会費
202507	340C10100	40	会議費	0.0	0.0	0.0	0.0	0.0	0.0	イノチオフローラ	経費	会議費
202507	340C10100	41	寄付金	0.0	0.0	0.0	0.0	0.0	0.0	イノチオフローラ	経費	寄付金
202507	340C10100	42	租税公課	603000.0	680000.0	606000.0	9.3	89.1	100.4	イノチオフローラ	経費	租税公課
202507	340C10100	43	業務委託費	0.0	0.0	0.0	0.0	0.0	0.0	イノチオフローラ	経費	業務委託費
202507	340C10100	44	業務受託収入	0.0	0.0	0.0	0.0	0.0	0.0	イノチオフローラ	経費	業務受託収入
202507	340C10100	45	システム管理料	0.0	0.0	0.0	0.0	0.0	0.0	イノチオフローラ	経費	システム管理料
202507	340C10100	46	情報機器利用料	55510.0	45700.0	55510.0	0.8	121.4	100.0	イノチオフローラ	経費	情報機器利用料
202507	340C10100	47	貸倒金	0.0	0.0	0.0	0.0	0.0	0.0	イノチオフローラ	経費	貸倒金
202507	340C10100	48	雑費	40000.0	100000.0	200.0	0.0	0.2	0.5	イノチオフローラ	経費	雑費
202507	340C10100	49	福利消耗品費	40000.0	60000.0	52082.0	0.8	86.8	130.2	イノチオフローラ	経費	福利消耗品費
202507	340C10100	50	教育研修費	3000.0	3000.0	2871.0	0.0	95.7	95.7	イノチオフローラ	経費	教育研修費
202507	340C10100	51	雑給	0.0	0.0	0.0	0.0	0.0	0.0	イノチオフローラ	経費	雑給
202507	340C10100	52	社内金利（固定資産）	61749.0	61749.0	65303.0	1.0	105.7	105.7	イノチオフローラ	経費	社内金利（固定資産）
202507	340C10100	53	グループ共通	233000.0	233000.0	233000.0	3.5	100.0	100.0	イノチオフローラ	経費	グループ共通
202507	340C10100	54	差引収益	2935260.0	1485692.0	461560.0	7.1	31.0	15.7	イノチオフローラ		
202507	340C10100	55	差引比率	34.8	22.2	7.1		31.9	20.4	イノチオフローラ		
202507	340C10100	56	総時間	1266.0	1266.0	1339.25		105.7	105.7	イノチオフローラ		
202507	340C10100	57	定時間	1104.0	1104.0	1159.25		105.0	105.0	イノチオフローラ	時間	
202507	340C10100	58	残業時間	159.0	159.0	175.0		110.0	110.0	イノチオフローラ	時間	
202507	340C10100	59	移動時間	3.0	3.0	5.0		166.6	166.6	イノチオフローラ	時間	
202507	340C10100	60	当月時間当り	2318.5	1173.5	344.6		29.3	14.8	イノチオフローラ		
202507	340C10100	61	人員	6.0	6.0	6.0		100.0	100.0	イノチオフローラ		
202508	340C10100	1	総受注高	5100000.0	6333930.0	4426258.0		69.8	86.7	イノチオフローラ	受注	
202508	340C10100	2	総売上高	5100000.0	6333930.0	4426258.0		69.8	86.7	イノチオフローラ		
202508	340C10100	3	切り花売上	2658000.0	3910000.0	2039138.0	46.0	52.1	76.7	イノチオフローラ	売上	
202508	340C10100	4	研究受託売上   	2369000.0	2350930.0	2350930.0	53.1	100.0	99.2	イノチオフローラ	売上	
202508	340C10100	5	その他売上	73000.0	73000.0	36190.0	0.8	49.5	49.5	イノチオフローラ	売上	
202508	340C10100	6	堆肥売上            	0.0	0.0	0.0	0.0	0.0	0.0	イノチオフローラ	売上	
202508	340C10100	7	経費合計	4168838.0	5315818.0	4498437.0	101.6	84.6	107.9	イノチオフローラ		
202508	340C10100	8	種苗費	685000.0	478000.0	429360.0	9.7	89.8	62.6	イノチオフローラ	経費	種苗費
202508	340C10100	9	肥料費	24000.0	142000.0	157980.0	3.5	111.2	658.2	イノチオフローラ	経費	肥料費
202508	340C10100	10	培土費用	0.0	588000.0	635600.0	14.3	108.0	0.0	イノチオフローラ	経費	培土費用
202508	340C10100	11	農薬衛生費	1100000.0	1182380.0	1182413.0	26.7	100.0	107.4	イノチオフローラ	経費	農薬衛生費
202508	340C10100	12	農具費	20000.0	65000.0	58799.0	1.3	90.4	293.9	イノチオフローラ	経費	農具費
202508	340C10100	13	諸材料費	325000.0	570600.0	268260.0	6.0	47.0	82.5	イノチオフローラ	経費	諸材料費
202508	340C10100	14	その他仕入高	60000.0	60000.0	47968.0	1.0	79.9	79.9	イノチオフローラ	経費	その他仕入高
202508	340C10100	15	減価償却費	380481.0	380481.0	383931.0	8.6	100.9	100.9	イノチオフローラ	経費	減価償却費
202508	340C10100	16	車両費	165000.0	163000.0	135596.0	3.0	83.1	82.1	イノチオフローラ	経費	車両費
202508	340C10100	17	旅費交通費	15000.0	5000.0	0.0	0.0	0.0	0.0	イノチオフローラ	経費	旅費交通費
202508	340C10100	18	荷造運搬費	233000.0	450000.0	134767.0	3.0	29.9	57.8	イノチオフローラ	経費	荷造運搬費
202508	340C10100	19	通信費	40000.0	40000.0	41311.0	0.9	103.2	103.2	イノチオフローラ	経費	通信費
202508	340C10100	20	水道光熱費	185000.0	185000.0	111766.0	2.5	60.4	60.4	イノチオフローラ	経費	水道光熱費
202508	340C10100	21	動力費	380000.0	380000.0	375512.0	8.4	98.8	98.8	イノチオフローラ	経費	動力費
202508	340C10100	22	燃料費	0.0	0.0	0.0	0.0	0.0	0.0	イノチオフローラ	経費	燃料費
202508	340C10100	23	事務用品費	8000.0	8000.0	6609.0	0.1	82.6	82.6	イノチオフローラ	経費	事務用品費
202508	340C10100	24	消耗品費	15000.0	15000.0	539.0	0.0	3.5	3.5	イノチオフローラ	経費	消耗品費
202508	340C10100	25	廃棄物処理料	40000.0	40000.0	0.0	0.0	0.0	0.0	イノチオフローラ	経費	廃棄物処理料
202508	340C10100	26	広告宣伝費	0.0	0.0	0.0	0.0	0.0	0.0	イノチオフローラ	経費	広告宣伝費
202508	340C10100	27	接待交際費	0.0	0.0	4784.0	0.1	0.0	0.0	イノチオフローラ	経費	接待交際費
202508	340C10100	28	研究開発費	0.0	0.0	0.0	0.0	0.0	0.0	イノチオフローラ	経費	研究開発費
202508	340C10100	29	クレーム費	0.0	0.0	0.0	0.0	0.0	0.0	イノチオフローラ	経費	クレーム費
202508	340C10100	30	賃借料	0.0	0.0	0.0	0.0	0.0	0.0	イノチオフローラ	経費	賃借料
202508	340C10100	31	賃貸料収入	-10000.0	-10000.0	0.0	0.0	0.0	0.0	イノチオフローラ	経費	賃貸料収入
202508	340C10100	32	修繕費	60000.0	130000.0	76508.0	1.7	58.8	127.5	イノチオフローラ	経費	修繕費
202508	340C10100	33	支払リース料	5000.0	5000.0	4700.0	0.1	94.0	94.0	イノチオフローラ	経費	支払リース料
202508	340C10100	34	保険料	0.0	0.0	0.0	0.0	0.0	0.0	イノチオフローラ	経費	保険料
202508	340C10100	35	支払報酬	0.0	0.0	0.0	0.0	0.0	0.0	イノチオフローラ	経費	支払報酬
202508	340C10100	36	販売手数料	0.0	0.0	0.0	0.0	0.0	0.0	イノチオフローラ	経費	販売手数料
202508	340C10100	37	支払手数料	62000.0	62000.0	85105.0	1.9	137.2	137.2	イノチオフローラ	経費	支払手数料
202508	340C10100	38	診断料	0.0	0.0	0.0	0.0	0.0	0.0	イノチオフローラ	経費	診断料
202508	340C10100	39	諸会費	0.0	0.0	0.0	0.0	0.0	0.0	イノチオフローラ	経費	諸会費
202508	340C10100	40	会議費	0.0	0.0	0.0	0.0	0.0	0.0	イノチオフローラ	経費	会議費
202508	340C10100	41	寄付金	0.0	0.0	0.0	0.0	0.0	0.0	イノチオフローラ	経費	寄付金
202508	340C10100	42	租税公課	10000.0	10000.0	320.0	0.0	3.2	3.2	イノチオフローラ	経費	租税公課
202508	340C10100	43	業務委託費	0.0	0.0	0.0	0.0	0.0	0.0	イノチオフローラ	経費	業務委託費
202508	340C10100	44	業務受託収入	0.0	0.0	0.0	0.0	0.0	0.0	イノチオフローラ	経費	業務受託収入
202508	340C10100	45	システム管理料	0.0	0.0	0.0	0.0	0.0	0.0	イノチオフローラ	経費	システム管理料
202508	340C10100	46	情報機器利用料	55510.0	55510.0	55510.0	1.2	100.0	100.0	イノチオフローラ	経費	情報機器利用料
202508	340C10100	47	貸倒金	0.0	0.0	0.0	0.0	0.0	0.0	イノチオフローラ	経費	貸倒金
202508	340C10100	48	雑費	5000.0	5000.0	200.0	0.0	4.0	4.0	イノチオフローラ	経費	雑費
202508	340C10100	49	福利消耗品費	10000.0	10000.0	1645.0	0.0	16.4	16.4	イノチオフローラ	経費	福利消耗品費
202508	340C10100	50	教育研修費	3000.0	3000.0	2871.0	0.0	95.7	95.7	イノチオフローラ	経費	教育研修費
202508	340C10100	51	雑給	0.0	0.0	0.0	0.0	0.0	0.0	イノチオフローラ	経費	雑給
202508	340C10100	52	社内金利（固定資産）	59847.0	59847.0	63383.0	1.4	105.9	105.9	イノチオフローラ	経費	社内金利（固定資産）
202508	340C10100	53	グループ共通	233000.0	233000.0	233000.0	5.2	100.0	100.0	イノチオフローラ	経費	グループ共通
202508	340C10100	54	差引収益	931162.0	1018112.0	-72179.0	0.0	0.0	0.0	イノチオフローラ		
202508	340C10100	55	差引比率	18.2	16.0	-1.6		0.0	0.0	イノチオフローラ		
202508	340C10100	56	総時間	1276.0	1276.0	1081.0		84.7	84.7	イノチオフローラ		
202508	340C10100	57	定時間	1104.0	1104.0	960.0		86.9	86.9	イノチオフローラ	時間	
202508	340C10100	58	残業時間	169.0	169.0	119.0		70.4	70.4	イノチオフローラ	時間	
202508	340C10100	59	移動時間	3.0	3.0	2.0		66.6	66.6	イノチオフローラ	時間	
202508	340C10100	60	当月時間当り	729.7	797.8	-66.7		0.0	0.0	イノチオフローラ		
202508	340C10100	61	人員	6.0	8.0	6.0		75.0	100.0	イノチオフローラ		
202509	340C10100	1	総受注高	22390000.0	23190000.0	20941777.0		90.3	93.5	イノチオフローラ	受注	
202509	340C10100	2	総売上高	22390000.0	23159000.0	20941777.0		90.4	93.5	イノチオフローラ		
202509	340C10100	3	切り花売上	4190000.0	4879000.0	2694031.0	12.8	55.2	64.2	イノチオフローラ	売上	
202509	340C10100	4	研究受託売上   	18145000.0	18240000.0	18240830.0	87.1	100.0	100.5	イノチオフローラ	売上	
202509	340C10100	5	その他売上	55000.0	40000.0	6916.0	0.0	17.2	12.5	イノチオフローラ	売上	
202509	340C10100	6	堆肥売上            	0.0	0.0	0.0	0.0	0.0	0.0	イノチオフローラ	売上	
202509	340C10100	7	経費合計	4598936.0	4606955.0	3785366.0	18.0	82.1	82.3	イノチオフローラ		
202509	340C10100	8	種苗費	80000.0	80000.0	0.0	0.0	0.0	0.0	イノチオフローラ	経費	種苗費
202509	340C10100	9	肥料費	307000.0	307000.0	0.0	0.0	0.0	0.0	イノチオフローラ	経費	肥料費
202509	340C10100	10	培土費用	0.0	0.0	0.0	0.0	0.0	0.0	イノチオフローラ	経費	培土費用
202509	340C10100	11	農薬衛生費	900000.0	950000.0	909062.0	4.3	95.6	101.0	イノチオフローラ	経費	農薬衛生費
202509	340C10100	12	農具費	20000.0	20000.0	25189.0	0.1	125.9	125.9	イノチオフローラ	経費	農具費
202509	340C10100	13	諸材料費	416000.0	172500.0	249070.0	1.1	144.3	59.8	イノチオフローラ	経費	諸材料費
202509	340C10100	14	その他仕入高	40000.0	58000.0	5197.0	0.0	8.9	12.9	イノチオフローラ	経費	その他仕入高
202509	340C10100	15	減価償却費	380481.0	390000.0	383931.0	1.8	98.4	100.9	イノチオフローラ	経費	減価償却費
202509	340C10100	16	車両費	110000.0	110000.0	129317.0	0.6	117.5	117.5	イノチオフローラ	経費	車両費
202509	340C10100	17	旅費交通費	15000.0	10000.0	382.0	0.0	3.8	2.5	イノチオフローラ	経費	旅費交通費
202509	340C10100	18	荷造運搬費	421000.0	550000.0	304448.0	1.4	55.3	72.3	イノチオフローラ	経費	荷造運搬費
202509	340C10100	19	通信費	44000.0	42000.0	42480.0	0.2	101.1	96.5	イノチオフローラ	経費	通信費
202509	340C10100	20	水道光熱費	225000.0	222000.0	406387.0	1.9	183.0	180.6	イノチオフローラ	経費	水道光熱費
202509	340C10100	21	動力費	420000.0	420000.0	118859.0	0.5	28.2	28.2	イノチオフローラ	経費	動力費
202509	340C10100	22	燃料費	0.0	0.0	0.0	0.0	0.0	0.0	イノチオフローラ	経費	燃料費
202509	340C10100	23	事務用品費	5000.0	5000.0	4992.0	0.0	99.8	99.8	イノチオフローラ	経費	事務用品費
202509	340C10100	24	消耗品費	20000.0	10000.0	12521.0	0.0	125.2	62.6	イノチオフローラ	経費	消耗品費
202509	340C10100	25	廃棄物処理料	0.0	65000.0	0.0	0.0	0.0	0.0	イノチオフローラ	経費	廃棄物処理料
202509	340C10100	26	広告宣伝費	0.0	0.0	0.0	0.0	0.0	0.0	イノチオフローラ	経費	広告宣伝費
202509	340C10100	27	接待交際費	0.0	0.0	0.0	0.0	0.0	0.0	イノチオフローラ	経費	接待交際費
202509	340C10100	28	研究開発費	0.0	0.0	0.0	0.0	0.0	0.0	イノチオフローラ	経費	研究開発費
202509	340C10100	29	クレーム費	0.0	0.0	0.0	0.0	0.0	0.0	イノチオフローラ	経費	クレーム費
202509	340C10100	30	賃借料	0.0	0.0	0.0	0.0	0.0	0.0	イノチオフローラ	経費	賃借料
202509	340C10100	31	賃貸料収入	-10000.0	-10000.0	0.0	0.0	0.0	0.0	イノチオフローラ	経費	賃貸料収入
202509	340C10100	32	修繕費	195000.0	195000.0	173414.0	0.8	88.9	88.9	イノチオフローラ	経費	修繕費
202509	340C10100	33	支払リース料	5000.0	5000.0	4700.0	0.0	94.0	94.0	イノチオフローラ	経費	支払リース料
202509	340C10100	34	保険料	0.0	0.0	0.0	0.0	0.0	0.0	イノチオフローラ	経費	保険料
202509	340C10100	35	支払報酬	0.0	0.0	0.0	0.0	0.0	0.0	イノチオフローラ	経費	支払報酬
202509	340C10100	36	販売手数料	0.0	0.0	0.0	0.0	0.0	0.0	イノチオフローラ	経費	販売手数料
202509	340C10100	37	支払手数料	23000.0	23000.0	40160.0	0.1	174.6	174.6	イノチオフローラ	経費	支払手数料
202509	340C10100	38	診断料	15000.0	15000.0	0.0	0.0	0.0	0.0	イノチオフローラ	経費	診断料
202509	340C10100	39	諸会費	0.0	0.0	0.0	0.0	0.0	0.0	イノチオフローラ	経費	諸会費
202509	340C10100	40	会議費	0.0	0.0	0.0	0.0	0.0	0.0	イノチオフローラ	経費	会議費
202509	340C10100	41	寄付金	0.0	0.0	0.0	0.0	0.0	0.0	イノチオフローラ	経費	寄付金
202509	340C10100	42	租税公課	603000.0	603000.0	606444.0	2.8	100.5	100.5	イノチオフローラ	経費	租税公課
202509	340C10100	43	業務委託費	0.0	0.0	0.0	0.0	0.0	0.0	イノチオフローラ	経費	業務委託費
202509	340C10100	44	業務受託収入	0.0	0.0	0.0	0.0	0.0	0.0	イノチオフローラ	経費	業務受託収入
202509	340C10100	45	システム管理料	0.0	0.0	0.0	0.0	0.0	0.0	イノチオフローラ	経費	システム管理料
202509	340C10100	46	情報機器利用料	55510.0	55510.0	55510.0	0.2	100.0	100.0	イノチオフローラ	経費	情報機器利用料
202509	340C10100	47	貸倒金	0.0	0.0	0.0	0.0	0.0	0.0	イノチオフローラ	経費	貸倒金
202509	340C10100	48	雑費	5000.0	5000.0	201.0	0.0	4.0	4.0	イノチオフローラ	経費	雑費
202509	340C10100	49	福利消耗品費	10000.0	10000.0	10668.0	0.0	106.6	106.6	イノチオフローラ	経費	福利消耗品費
202509	340C10100	50	教育研修費	3000.0	3000.0	7971.0	0.0	265.7	265.7	イノチオフローラ	経費	教育研修費
202509	340C10100	51	雑給	0.0	0.0	0.0	0.0	0.0	0.0	イノチオフローラ	経費	雑給
202509	340C10100	52	社内金利（固定資産）	57945.0	57945.0	61463.0	0.2	106.0	106.0	イノチオフローラ	経費	社内金利（固定資産）
202509	340C10100	53	グループ共通	233000.0	233000.0	233000.0	1.1	100.0	100.0	イノチオフローラ	経費	グループ共通
202509	340C10100	54	差引収益	17791064.0	18552045.0	17156411.0	81.9	92.4	96.4	イノチオフローラ		
202509	340C10100	55	差引比率	79.4	80.1	81.9		102.2	103.1	イノチオフローラ		
202509	340C10100	56	総時間	1146.0	1146.0	1173.75		102.4	102.4	イノチオフローラ		
202509	340C10100	57	定時間	1008.0	1008.0	1048.0		103.9	103.9	イノチオフローラ	時間	
202509	340C10100	58	残業時間	135.0	135.0	120.75		89.4	89.4	イノチオフローラ	時間	
202509	340C10100	59	移動時間	3.0	3.0	5.0		166.6	166.6	イノチオフローラ	時間	
202509	340C10100	60	当月時間当り	15524.4	16188.5	14616.7		90.2	94.1	イノチオフローラ		
202509	340C10100	61	人員	6.0	6.0	6.0		100.0	100.0	イノチオフローラ		
202510	340C10100	1	総受注高	8050000.0	7697365.0	6764010.0		87.8	84.0	イノチオフローラ	受注	
202510	340C10100	2	総売上高	8050000.0	7697365.0	6764010.0		87.8	84.0	イノチオフローラ		
202510	340C10100	3	切り花売上	3280000.0	2900000.0	1908944.0	28.2	65.8	58.1	イノチオフローラ	売上	
202510	340C10100	4	研究受託売上   	4746000.0	4757365.0	4757366.0	70.3	100.0	100.2	イノチオフローラ	売上	
202510	340C10100	5	その他売上	24000.0	40000.0	97700.0	1.4	244.2	407.0	イノチオフローラ	売上	
202510	340C10100	6	堆肥売上            	0.0	0.0	0.0	0.0	0.0	0.0	イノチオフローラ	売上	
202510	340C10100	7	経費合計	5499033.0	4768203.0	4725814.0	69.8	99.1	85.9	イノチオフローラ		
202510	340C10100	8	種苗費	314000.0	274470.0	397980.0	5.8	144.9	126.7	イノチオフローラ	経費	種苗費
202510	340C10100	9	肥料費	141000.0	0.0	0.0	0.0	0.0	0.0	イノチオフローラ	経費	肥料費
202510	340C10100	10	培土費用	0.0	0.0	0.0	0.0	0.0	0.0	イノチオフローラ	経費	培土費用
202510	340C10100	11	農薬衛生費	700000.0	728000.0	736999.0	10.8	101.2	105.2	イノチオフローラ	経費	農薬衛生費
202510	340C10100	12	農具費	335000.0	335200.0	268700.0	3.9	80.1	80.2	イノチオフローラ	経費	農具費
202510	340C10100	13	諸材料費	172000.0	172500.0	126919.0	1.8	73.5	73.7	イノチオフローラ	経費	諸材料費
202510	340C10100	14	その他仕入高	0.0	0.0	67116.0	0.9	0.0	0.0	イノチオフローラ	経費	その他仕入高
202510	340C10100	15	減価償却費	380481.0	383481.0	383931.0	5.6	100.1	100.9	イノチオフローラ	経費	減価償却費
202510	340C10100	16	車両費	269000.0	193000.0	153375.0	2.2	79.4	57.0	イノチオフローラ	経費	車両費
202510	340C10100	17	旅費交通費	10000.0	40000.0	0.0	0.0	0.0	0.0	イノチオフローラ	経費	旅費交通費
202510	340C10100	18	荷造運搬費	253000.0	253000.0	241888.0	3.5	95.6	95.6	イノチオフローラ	経費	荷造運搬費
202510	340C10100	19	通信費	42000.0	42000.0	41292.0	0.6	98.3	98.3	イノチオフローラ	経費	通信費
202510	340C10100	20	水道光熱費	245000.0	245000.0	-97862.0	0.0	0.0	0.0	イノチオフローラ	経費	水道光熱費
202510	340C10100	21	動力費	375000.0	375000.0	609667.0	9.0	162.5	162.5	イノチオフローラ	経費	動力費
202510	340C10100	22	燃料費	800000.0	800000.0	934000.0	13.8	116.7	116.7	イノチオフローラ	経費	燃料費
202510	340C10100	23	事務用品費	8000.0	5000.0	885.0	0.0	17.7	11.0	イノチオフローラ	経費	事務用品費
202510	340C10100	24	消耗品費	15000.0	10000.0	11488.0	0.1	114.8	76.5	イノチオフローラ	経費	消耗品費
202510	340C10100	25	廃棄物処理料	60000.0	60000.0	0.0	0.0	0.0	0.0	イノチオフローラ	経費	廃棄物処理料
202510	340C10100	26	広告宣伝費	0.0	0.0	0.0	0.0	0.0	0.0	イノチオフローラ	経費	広告宣伝費
202510	340C10100	27	接待交際費	0.0	0.0	0.0	0.0	0.0	0.0	イノチオフローラ	経費	接待交際費
202510	340C10100	28	研究開発費	0.0	0.0	0.0	0.0	0.0	0.0	イノチオフローラ	経費	研究開発費
202510	340C10100	29	クレーム費	0.0	0.0	0.0	0.0	0.0	0.0	イノチオフローラ	経費	クレーム費
202510	340C10100	30	賃借料	0.0	0.0	0.0	0.0	0.0	0.0	イノチオフローラ	経費	賃借料
202510	340C10100	31	賃貸料収入	-20000.0	-20000.0	0.0	0.0	0.0	0.0	イノチオフローラ	経費	賃貸料収入
202510	340C10100	32	修繕費	460000.0	60000.0	36264.0	0.5	60.4	7.8	イノチオフローラ	経費	修繕費
202510	340C10100	33	支払リース料	5000.0	5000.0	4700.0	0.0	94.0	94.0	イノチオフローラ	経費	支払リース料
202510	340C10100	34	保険料	0.0	0.0	0.0	0.0	0.0	0.0	イノチオフローラ	経費	保険料
202510	340C10100	35	支払報酬	0.0	0.0	0.0	0.0	0.0	0.0	イノチオフローラ	経費	支払報酬
202510	340C10100	36	販売手数料	478000.0	350000.0	330830.0	4.8	94.5	69.2	イノチオフローラ	経費	販売手数料
202510	340C10100	37	支払手数料	20000.0	20000.0	34788.0	0.5	173.9	173.9	イノチオフローラ	経費	支払手数料
202510	340C10100	38	診断料	0.0	0.0	0.0	0.0	0.0	0.0	イノチオフローラ	経費	診断料
202510	340C10100	39	諸会費	0.0	0.0	75000.0	1.1	0.0	0.0	イノチオフローラ	経費	諸会費
202510	340C10100	40	会議費	0.0	0.0	0.0	0.0	0.0	0.0	イノチオフローラ	経費	会議費
202510	340C10100	41	寄付金	0.0	0.0	0.0	0.0	0.0	0.0	イノチオフローラ	経費	寄付金
202510	340C10100	42	租税公課	10000.0	10000.0	0.0	0.0	0.0	0.0	イノチオフローラ	経費	租税公課
202510	340C10100	43	業務委託費	0.0	0.0	0.0	0.0	0.0	0.0	イノチオフローラ	経費	業務委託費
202510	340C10100	44	業務受託収入	0.0	0.0	0.0	0.0	0.0	0.0	イノチオフローラ	経費	業務受託収入
202510	340C10100	45	システム管理料	0.0	0.0	0.0	0.0	0.0	0.0	イノチオフローラ	経費	システム管理料
202510	340C10100	46	情報機器利用料	55510.0	55510.0	55510.0	0.8	100.0	100.0	イノチオフローラ	経費	情報機器利用料
202510	340C10100	47	貸倒金	0.0	0.0	0.0	0.0	0.0	0.0	イノチオフローラ	経費	貸倒金
202510	340C10100	48	雑費	5000.0	5000.0	202.0	0.0	4.0	4.0	イノチオフローラ	経費	雑費
202510	340C10100	49	福利消耗品費	74000.0	74000.0	0.0	0.0	0.0	0.0	イノチオフローラ	経費	福利消耗品費
202510	340C10100	50	教育研修費	3000.0	3000.0	19598.0	0.2	653.2	653.2	イノチオフローラ	経費	教育研修費
202510	340C10100	51	雑給	0.0	0.0	0.0	0.0	0.0	0.0	イノチオフローラ	経費	雑給
202510	340C10100	52	社内金利（固定資産）	56042.0	56042.0	59544.0	0.8	106.2	106.2	イノチオフローラ	経費	社内金利（固定資産）
202510	340C10100	53	グループ共通	233000.0	233000.0	233000.0	3.4	100.0	100.0	イノチオフローラ	経費	グループ共通
202510	340C10100	54	差引収益	2550967.0	2929162.0	2038196.0	30.1	69.5	79.8	イノチオフローラ		
202510	340C10100	55	差引比率	31.6	38.0	30.1		79.2	95.2	イノチオフローラ		
202510	340C10100	56	総時間	1197.0	1173.0	1206.25		102.8	100.7	イノチオフローラ		
202510	340C10100	57	定時間	1056.0	1056.0	1078.0		102.0	102.0	イノチオフローラ	時間	
202510	340C10100	58	残業時間	138.0	114.0	126.25		110.7	91.4	イノチオフローラ	時間	
202510	340C10100	59	移動時間	3.0	3.0	2.0		66.6	66.6	イノチオフローラ	時間	
202510	340C10100	60	当月時間当り	2131.1	2497.1	1689.6		67.6	79.2	イノチオフローラ		
202510	340C10100	61	人員	6.0	6.0	6.0		100.0	100.0	イノチオフローラ		
202204	005000000	1	総受注高	4645000.0	4702581.0	4380874.0		93.1	94.3	イノチオフローラ㈱	受注	
202204	005000000	2	総売上高	4645000.0	4702581.0	4380874.0		93.1	94.3	イノチオフローラ㈱		
202204	005000000	3	切り花売上	2154000.0	2211581.0	1393028.0	31.7	62.9	64.6	イノチオフローラ㈱	売上	
202204	005000000	4	研究受託売上   	2000000.0	2000000.0	1996000.0	45.5	99.8	99.8	イノチオフローラ㈱	売上	
202204	005000000	5	その他売上	391000.0	391000.0	879818.0	20.0	225.0	225.0	イノチオフローラ㈱	売上	
202204	005000000	6	堆肥売上            	100000.0	100000.0	112028.0	2.5	112.0	112.0	イノチオフローラ㈱	売上	
202204	005000000	7	経費合計	6629678.0	6749678.0	7029882.0	160.4	104.1	106.0	イノチオフローラ㈱		
202204	005000000	8	種苗費	800000.0	800000.0	567110.0	12.9	70.8	70.8	イノチオフローラ㈱	経費	種苗費
202204	005000000	9	肥料費	749460.0	749460.0	550650.0	12.5	73.4	73.4	イノチオフローラ㈱	経費	肥料費
202204	005000000	10	培土費用	0.0	0.0	0.0	0.0	0.0	0.0	イノチオフローラ㈱	経費	培土費用
202204	005000000	11	農薬衛生費	738760.0	738760.0	735616.0	16.7	99.5	99.5	イノチオフローラ㈱	経費	農薬衛生費
202204	005000000	12	農具費	95000.0	95000.0	152613.0	3.4	160.6	160.6	イノチオフローラ㈱	経費	農具費
202204	005000000	13	諸材料費	120000.0	240000.0	216512.0	4.9	90.2	180.4	イノチオフローラ㈱	経費	諸材料費
202204	005000000	14	その他仕入高	146400.0	146400.0	691661.0	15.7	472.4	472.4	イノチオフローラ㈱	経費	その他仕入高
202204	005000000	15	減価償却費	716710.0	716710.0	716710.0	16.3	100.0	100.0	イノチオフローラ㈱	経費	減価償却費
202204	005000000	16	車両費	200227.0	200227.0	138265.0	3.1	69.0	69.0	イノチオフローラ㈱	経費	車両費
202204	005000000	17	旅費交通費	20000.0	20000.0	1019.0	0.0	5.0	5.0	イノチオフローラ㈱	経費	旅費交通費
202204	005000000	18	荷造運搬費	167348.0	167348.0	203003.0	4.6	121.3	121.3	イノチオフローラ㈱	経費	荷造運搬費
202204	005000000	19	通信費	28034.0	28034.0	30593.0	0.6	109.1	109.1	イノチオフローラ㈱	経費	通信費
202204	005000000	20	水道光熱費	192664.0	192664.0	269112.0	6.1	139.6	139.6	イノチオフローラ㈱	経費	水道光熱費
202204	005000000	21	動力費	551575.0	551575.0	579607.0	13.2	105.0	105.0	イノチオフローラ㈱	経費	動力費
202204	005000000	22	燃料費	1239400.0	1239400.0	1430120.0	32.6	115.3	115.3	イノチオフローラ㈱	経費	燃料費
202204	005000000	23	事務用品費	8500.0	8500.0	1213.0	0.0	14.2	14.2	イノチオフローラ㈱	経費	事務用品費
202204	005000000	24	消耗品費	30000.0	30000.0	1294.0	0.0	4.3	4.3	イノチオフローラ㈱	経費	消耗品費
202204	005000000	25	廃棄物処理料	40000.0	40000.0	23750.0	0.5	59.3	59.3	イノチオフローラ㈱	経費	廃棄物処理料
202204	005000000	26	広告宣伝費	0.0	0.0	0.0	0.0	0.0	0.0	イノチオフローラ㈱	経費	広告宣伝費
202204	005000000	27	接待交際費	0.0	0.0	0.0	0.0	0.0	0.0	イノチオフローラ㈱	経費	接待交際費
202204	005000000	28	研究開発費	0.0	0.0	0.0	0.0	0.0	0.0	イノチオフローラ㈱	経費	研究開発費
202204	005000000	29	クレーム費	0.0	0.0	0.0	0.0	0.0	0.0	イノチオフローラ㈱	経費	クレーム費
202204	005000000	30	賃借料	0.0	0.0	0.0	0.0	0.0	0.0	イノチオフローラ㈱	経費	賃借料
202204	005000000	31	賃貸料収入	0.0	0.0	0.0	0.0	0.0	0.0	イノチオフローラ㈱	経費	賃貸料収入
202204	005000000	32	修繕費	60000.0	60000.0	67410.0	1.5	112.3	112.3	イノチオフローラ㈱	経費	修繕費
202204	005000000	33	支払リース料	4800.0	4800.0	4700.0	0.1	97.9	97.9	イノチオフローラ㈱	経費	支払リース料
202204	005000000	34	保険料	0.0	0.0	30350.0	0.6	0.0	0.0	イノチオフローラ㈱	経費	保険料
202204	005000000	35	支払報酬	0.0	0.0	0.0	0.0	0.0	0.0	イノチオフローラ㈱	経費	支払報酬
202204	005000000	36	販売手数料	240000.0	240000.0	197750.0	4.5	82.3	82.3	イノチオフローラ㈱	経費	販売手数料
202204	005000000	37	支払手数料	9360.0	9360.0	9760.0	0.2	104.2	104.2	イノチオフローラ㈱	経費	支払手数料
202204	005000000	38	診断料	0.0	0.0	0.0	0.0	0.0	0.0	イノチオフローラ㈱	経費	診断料
202204	005000000	39	諸会費	0.0	0.0	0.0	0.0	0.0	0.0	イノチオフローラ㈱	経費	諸会費
202204	005000000	40	会議費	0.0	0.0	0.0	0.0	0.0	0.0	イノチオフローラ㈱	経費	会議費
202204	005000000	41	寄付金	0.0	0.0	0.0	0.0	0.0	0.0	イノチオフローラ㈱	経費	寄付金
202204	005000000	42	租税公課	10000.0	10000.0	0.0	0.0	0.0	0.0	イノチオフローラ㈱	経費	租税公課
202204	005000000	43	業務委託費	0.0	0.0	0.0	0.0	0.0	0.0	イノチオフローラ㈱	経費	業務委託費
202204	005000000	44	業務受託収入	0.0	0.0	0.0	0.0	0.0	0.0	イノチオフローラ㈱	経費	業務受託収入
202204	005000000	45	システム管理料	0.0	0.0	0.0	0.0	0.0	0.0	イノチオフローラ㈱	経費	システム管理料
202204	005000000	46	情報機器利用料	64000.0	64000.0	64000.0	1.4	100.0	100.0	イノチオフローラ㈱	経費	情報機器利用料
202204	005000000	47	貸倒金	0.0	0.0	0.0	0.0	0.0	0.0	イノチオフローラ㈱	経費	貸倒金
202204	005000000	48	雑費	23400.0	23400.0	3187.0	0.0	13.6	13.6	イノチオフローラ㈱	経費	雑費
202204	005000000	49	福利消耗品費	104240.0	104240.0	74448.0	1.6	71.4	71.4	イノチオフローラ㈱	経費	福利消耗品費
202204	005000000	50	教育研修費	2800.0	2800.0	2429.0	0.0	86.7	86.7	イノチオフローラ㈱	経費	教育研修費
202204	005000000	51	雑給	0.0	0.0	0.0	0.0	0.0	0.0	イノチオフローラ㈱	経費	雑給
202204	005000000	52	社内金利（固定資産）	0.0	0.0	0.0	0.0	0.0	0.0	イノチオフローラ㈱	経費	社内金利（固定資産）
202204	005000000	53	グループ共通	267000.0	267000.0	267000.0	6.0	100.0	100.0	イノチオフローラ㈱	経費	グループ共通
202204	005000000	54	差引収益	-1984678.0	-2047097.0	-2649008.0	0.0	0.0	0.0	イノチオフローラ㈱		
202204	005000000	55	差引比率	-42.7	-43.5	-60.4		0.0	0.0	イノチオフローラ㈱		
202204	005000000	56	総時間	1510.5	1514.5	1365.75		90.1	90.4	イノチオフローラ㈱		
202204	005000000	57	定時間	1344.0	1344.0	1280.0		95.2	95.2	イノチオフローラ㈱	時間	
202204	005000000	58	残業時間	142.0	146.0	74.0		50.6	52.1	イノチオフローラ㈱	時間	
202204	005000000	59	移動時間	24.5	24.5	11.75		47.9	47.9	イノチオフローラ㈱	時間	
202204	005000000	60	当月時間当り	-1313.9	-1351.6	-1939.5		0.0	0.0	イノチオフローラ㈱		
202204	005000000	61	人員	7.0	7.0	7.0		100.0	100.0	イノチオフローラ㈱		
202205	005000000	1	総受注高	7537000.0	7616602.0	8782475.0		115.3	116.5	イノチオフローラ㈱	受注	
202205	005000000	2	総売上高	7537000.0	7616602.0	8782475.0		115.3	116.5	イノチオフローラ㈱		
202205	005000000	3	切り花売上	2051000.0	2169802.0	2523922.0	28.7	116.3	123.0	イノチオフローラ㈱	売上	
202205	005000000	4	研究受託売上   	5280000.0	5280000.0	5280000.0	60.1	100.0	100.0	イノチオフローラ㈱	売上	
202205	005000000	5	その他売上	196000.0	156800.0	947235.0	10.7	604.1	483.2	イノチオフローラ㈱	売上	
202205	005000000	6	堆肥売上            	10000.0	10000.0	31318.0	0.3	313.1	313.1	イノチオフローラ㈱	売上	
202205	005000000	7	経費合計	5219201.0	5029600.0	5005933.0	56.9	99.5	95.9	イノチオフローラ㈱		
202205	005000000	8	種苗費	200000.0	200000.0	166340.0	1.8	83.1	83.1	イノチオフローラ㈱	経費	種苗費
202205	005000000	9	肥料費	37200.0	37200.0	179319.0	2.0	482.0	482.0	イノチオフローラ㈱	経費	肥料費
202205	005000000	10	培土費用	0.0	0.0	0.0	0.0	0.0	0.0	イノチオフローラ㈱	経費	培土費用
202205	005000000	11	農薬衛生費	988760.0	988760.0	748574.0	8.5	75.7	75.7	イノチオフローラ㈱	経費	農薬衛生費
202205	005000000	12	農具費	164000.0	110000.0	135439.0	1.5	123.1	82.5	イノチオフローラ㈱	経費	農具費
202205	005000000	13	諸材料費	240000.0	120000.0	117099.0	1.3	97.5	48.7	イノチオフローラ㈱	経費	諸材料費
202205	005000000	14	その他仕入高	156800.0	156800.0	580184.0	6.6	370.0	370.0	イノチオフローラ㈱	経費	その他仕入高
202205	005000000	15	減価償却費	762826.0	762825.0	770573.0	8.7	101.0	101.0	イノチオフローラ㈱	経費	減価償却費
202205	005000000	16	車両費	258556.0	258556.0	287250.0	3.2	111.0	111.0	イノチオフローラ㈱	経費	車両費
202205	005000000	17	旅費交通費	10000.0	10000.0	28219.0	0.3	282.1	282.1	イノチオフローラ㈱	経費	旅費交通費
202205	005000000	18	荷造運搬費	156517.0	156517.0	165053.0	1.8	105.4	105.4	イノチオフローラ㈱	経費	荷造運搬費
202205	005000000	19	通信費	26579.0	26579.0	34325.0	0.3	129.1	129.1	イノチオフローラ㈱	経費	通信費
202205	005000000	20	水道光熱費	188943.0	188943.0	177240.0	2.0	93.8	93.8	イノチオフローラ㈱	経費	水道光熱費
202205	005000000	21	動力費	506170.0	506170.0	613066.0	6.9	121.1	121.1	イノチオフローラ㈱	経費	動力費
202205	005000000	22	燃料費	340000.0	340000.0	0.0	0.0	0.0	0.0	イノチオフローラ㈱	経費	燃料費
202205	005000000	23	事務用品費	5000.0	5000.0	2291.0	0.0	45.8	45.8	イノチオフローラ㈱	経費	事務用品費
202205	005000000	24	消耗品費	30000.0	30000.0	1242.0	0.0	4.1	4.1	イノチオフローラ㈱	経費	消耗品費
202205	005000000	25	廃棄物処理料	0.0	0.0	0.0	0.0	0.0	0.0	イノチオフローラ㈱	経費	廃棄物処理料
202205	005000000	26	広告宣伝費	0.0	0.0	0.0	0.0	0.0	0.0	イノチオフローラ㈱	経費	広告宣伝費
202205	005000000	27	接待交際費	0.0	0.0	0.0	0.0	0.0	0.0	イノチオフローラ㈱	経費	接待交際費
202205	005000000	28	研究開発費	0.0	0.0	0.0	0.0	0.0	0.0	イノチオフローラ㈱	経費	研究開発費
202205	005000000	29	クレーム費	0.0	0.0	0.0	0.0	0.0	0.0	イノチオフローラ㈱	経費	クレーム費
202205	005000000	30	賃借料	0.0	0.0	0.0	0.0	0.0	0.0	イノチオフローラ㈱	経費	賃借料
202205	005000000	31	賃貸料収入	0.0	0.0	0.0	0.0	0.0	0.0	イノチオフローラ㈱	経費	賃貸料収入
202205	005000000	32	修繕費	60000.0	60000.0	4000.0	0.0	6.6	6.6	イノチオフローラ㈱	経費	修繕費
202205	005000000	33	支払リース料	4800.0	4800.0	4700.0	0.0	97.9	97.9	イノチオフローラ㈱	経費	支払リース料
202205	005000000	34	保険料	0.0	0.0	0.0	0.0	0.0	0.0	イノチオフローラ㈱	経費	保険料
202205	005000000	35	支払報酬	0.0	0.0	0.0	0.0	0.0	0.0	イノチオフローラ㈱	経費	支払報酬
202205	005000000	36	販売手数料	0.0	0.0	0.0	0.0	0.0	0.0	イノチオフローラ㈱	経費	販売手数料
202205	005000000	37	支払手数料	9250.0	9250.0	12200.0	0.1	131.8	131.8	イノチオフローラ㈱	経費	支払手数料
202205	005000000	38	診断料	0.0	0.0	0.0	0.0	0.0	0.0	イノチオフローラ㈱	経費	診断料
202205	005000000	39	諸会費	10000.0	0.0	0.0	0.0	0.0	0.0	イノチオフローラ㈱	経費	諸会費
202205	005000000	40	会議費	0.0	0.0	0.0	0.0	0.0	0.0	イノチオフローラ㈱	経費	会議費
202205	005000000	41	寄付金	0.0	0.0	0.0	0.0	0.0	0.0	イノチオフローラ㈱	経費	寄付金
202205	005000000	42	租税公課	700000.0	700000.0	645100.0	7.3	92.1	92.1	イノチオフローラ㈱	経費	租税公課
202205	005000000	43	業務委託費	0.0	0.0	0.0	0.0	0.0	0.0	イノチオフローラ㈱	経費	業務委託費
202205	005000000	44	業務受託収入	0.0	0.0	0.0	0.0	0.0	0.0	イノチオフローラ㈱	経費	業務受託収入
202205	005000000	45	システム管理料	0.0	0.0	0.0	0.0	0.0	0.0	イノチオフローラ㈱	経費	システム管理料
202205	005000000	46	情報機器利用料	64000.0	58400.0	64000.0	0.7	109.5	100.0	イノチオフローラ㈱	経費	情報機器利用料
202205	005000000	47	貸倒金	0.0	0.0	0.0	0.0	0.0	0.0	イノチオフローラ㈱	経費	貸倒金
202205	005000000	48	雑費	20000.0	20000.0	290.0	0.0	1.4	1.4	イノチオフローラ㈱	経費	雑費
202205	005000000	49	福利消耗品費	10000.0	10000.0	0.0	0.0	0.0	0.0	イノチオフローラ㈱	経費	福利消耗品費
202205	005000000	50	教育研修費	2800.0	2800.0	2429.0	0.0	86.7	86.7	イノチオフローラ㈱	経費	教育研修費
202205	005000000	51	雑給	0.0	0.0	0.0	0.0	0.0	0.0	イノチオフローラ㈱	経費	雑給
202205	005000000	52	社内金利（固定資産）	0.0	0.0	0.0	0.0	0.0	0.0	イノチオフローラ㈱	経費	社内金利（固定資産）
202205	005000000	53	グループ共通	267000.0	267000.0	267000.0	3.0	100.0	100.0	イノチオフローラ㈱	経費	グループ共通
202205	005000000	54	差引収益	2317799.0	2587002.0	3776542.0	43.0	145.9	162.9	イノチオフローラ㈱		
202205	005000000	55	差引比率	30.7	33.9	43.0		126.8	140.0	イノチオフローラ㈱		
202205	005000000	56	総時間	1369.5	1297.5	1177.25		90.7	85.9	イノチオフローラ㈱		
202205	005000000	57	定時間	1120.0	1120.0	1082.0		96.6	96.6	イノチオフローラ㈱	時間	
202205	005000000	58	残業時間	226.0	154.0	84.0		54.5	37.1	イノチオフローラ㈱	時間	
202205	005000000	59	移動時間	23.5	23.5	11.25		47.8	47.8	イノチオフローラ㈱	時間	
202205	005000000	60	当月時間当り	1692.4	1993.8	3207.9		160.8	189.5	イノチオフローラ㈱		
202205	005000000	61	人員	7.0	7.0	7.0		100.0	100.0	イノチオフローラ㈱		
202206	005000000	1	総受注高	7484000.0	7331727.0	5487855.0		74.8	73.3	イノチオフローラ㈱	受注	
202206	005000000	2	総売上高	7484000.0	7331727.0	5487855.0		74.8	73.3	イノチオフローラ㈱		
202206	005000000	3	切り花売上	4615000.0	4462727.0	2220886.0	40.4	49.7	48.1	イノチオフローラ㈱	売上	
202206	005000000	4	研究受託売上   	2752000.0	2752000.0	2815680.0	51.3	102.3	102.3	イノチオフローラ㈱	売上	
202206	005000000	5	その他売上	97000.0	97000.0	451289.0	8.2	465.2	465.2	イノチオフローラ㈱	売上	
202206	005000000	6	堆肥売上            	20000.0	20000.0	0.0	0.0	0.0	0.0	イノチオフローラ㈱	売上	
202206	005000000	7	経費合計	5984485.0	6277445.0	5393143.0	98.2	85.9	90.1	イノチオフローラ㈱		
202206	005000000	8	種苗費	550000.0	550000.0	511060.0	9.3	92.9	92.9	イノチオフローラ㈱	経費	種苗費
202206	005000000	9	肥料費	207650.0	207650.0	0.0	0.0	0.0	0.0	イノチオフローラ㈱	経費	肥料費
202206	005000000	10	培土費用	0.0	0.0	0.0	0.0	0.0	0.0	イノチオフローラ㈱	経費	培土費用
202206	005000000	11	農薬衛生費	1350000.0	1388760.0	1266030.0	23.0	91.1	93.7	イノチオフローラ㈱	経費	農薬衛生費
202206	005000000	12	農具費	207263.0	432263.0	261827.0	4.7	60.5	126.3	イノチオフローラ㈱	経費	農具費
202206	005000000	13	諸材料費	382500.0	382500.0	225369.0	4.1	58.9	58.9	イノチオフローラ㈱	経費	諸材料費
202206	005000000	14	その他仕入高	134400.0	72000.0	84779.0	1.5	117.7	63.0	イノチオフローラ㈱	経費	その他仕入高
202206	005000000	15	減価償却費	762826.0	762826.0	778953.0	14.1	102.1	102.1	イノチオフローラ㈱	経費	減価償却費
202206	005000000	16	車両費	193625.0	290825.0	167774.0	3.0	57.6	86.6	イノチオフローラ㈱	経費	車両費
202206	005000000	17	旅費交通費	10000.0	10000.0	8919.0	0.1	89.1	89.1	イノチオフローラ㈱	経費	旅費交通費
202206	005000000	18	荷造運搬費	301020.0	301020.0	216218.0	3.9	71.8	71.8	イノチオフローラ㈱	経費	荷造運搬費
202206	005000000	19	通信費	34434.0	34434.0	36305.0	0.6	105.4	105.4	イノチオフローラ㈱	経費	通信費
202206	005000000	20	水道光熱費	205330.0	205330.0	193655.0	3.5	94.3	94.3	イノチオフローラ㈱	経費	水道光熱費
202206	005000000	21	動力費	511636.0	511636.0	538066.0	9.8	105.1	105.1	イノチオフローラ㈱	経費	動力費
202206	005000000	22	燃料費	48100.0	48100.0	0.0	0.0	0.0	0.0	イノチオフローラ㈱	経費	燃料費
202206	005000000	23	事務用品費	7400.0	7400.0	2350.0	0.0	31.7	31.7	イノチオフローラ㈱	経費	事務用品費
202206	005000000	24	消耗品費	30000.0	30000.0	13144.0	0.2	43.8	43.8	イノチオフローラ㈱	経費	消耗品費
202206	005000000	25	廃棄物処理料	30000.0	30000.0	0.0	0.0	0.0	0.0	イノチオフローラ㈱	経費	廃棄物処理料
202206	005000000	26	広告宣伝費	0.0	0.0	0.0	0.0	0.0	0.0	イノチオフローラ㈱	経費	広告宣伝費
202206	005000000	27	接待交際費	0.0	0.0	14545.0	0.2	0.0	0.0	イノチオフローラ㈱	経費	接待交際費
202206	005000000	28	研究開発費	0.0	0.0	0.0	0.0	0.0	0.0	イノチオフローラ㈱	経費	研究開発費
202206	005000000	29	クレーム費	0.0	0.0	0.0	0.0	0.0	0.0	イノチオフローラ㈱	経費	クレーム費
202206	005000000	30	賃借料	0.0	0.0	0.0	0.0	0.0	0.0	イノチオフローラ㈱	経費	賃借料
202206	005000000	31	賃貸料収入	0.0	0.0	0.0	0.0	0.0	0.0	イノチオフローラ㈱	経費	賃貸料収入
202206	005000000	32	修繕費	140000.0	140000.0	214490.0	3.9	153.2	153.2	イノチオフローラ㈱	経費	修繕費
202206	005000000	33	支払リース料	4800.0	4800.0	4700.0	0.0	97.9	97.9	イノチオフローラ㈱	経費	支払リース料
202206	005000000	34	保険料	0.0	0.0	8090.0	0.1	0.0	0.0	イノチオフローラ㈱	経費	保険料
202206	005000000	35	支払報酬	372886.0	372886.0	333229.0	6.0	89.3	89.3	イノチオフローラ㈱	経費	支払報酬
202206	005000000	36	販売手数料	0.0	0.0	0.0	0.0	0.0	0.0	イノチオフローラ㈱	経費	販売手数料
202206	005000000	37	支払手数料	4700.0	4700.0	34400.0	0.6	731.9	731.9	イノチオフローラ㈱	経費	支払手数料
202206	005000000	38	診断料	0.0	0.0	0.0	0.0	0.0	0.0	イノチオフローラ㈱	経費	診断料
202206	005000000	39	諸会費	0.0	0.0	1819.0	0.0	0.0	0.0	イノチオフローラ㈱	経費	諸会費
202206	005000000	40	会議費	0.0	0.0	0.0	0.0	0.0	0.0	イノチオフローラ㈱	経費	会議費
202206	005000000	41	寄付金	0.0	0.0	0.0	0.0	0.0	0.0	イノチオフローラ㈱	経費	寄付金
202206	005000000	42	租税公課	10000.0	10000.0	0.0	0.0	0.0	0.0	イノチオフローラ㈱	経費	租税公課
202206	005000000	43	業務委託費	0.0	0.0	0.0	0.0	0.0	0.0	イノチオフローラ㈱	経費	業務委託費
202206	005000000	44	業務受託収入	0.0	0.0	0.0	0.0	0.0	0.0	イノチオフローラ㈱	経費	業務受託収入
202206	005000000	45	システム管理料	0.0	0.0	0.0	0.0	0.0	0.0	イノチオフローラ㈱	経費	システム管理料
202206	005000000	46	情報機器利用料	64000.0	58400.0	64000.0	1.1	109.5	100.0	イノチオフローラ㈱	経費	情報機器利用料
202206	005000000	47	貸倒金	0.0	0.0	0.0	0.0	0.0	0.0	イノチオフローラ㈱	経費	貸倒金
202206	005000000	48	雑費	142115.0	142115.0	106082.0	1.9	74.6	74.6	イノチオフローラ㈱	経費	雑費
202206	005000000	49	福利消耗品費	10000.0	10000.0	37910.0	0.6	379.1	379.1	イノチオフローラ㈱	経費	福利消耗品費
202206	005000000	50	教育研修費	2800.0	2800.0	2429.0	0.0	86.7	86.7	イノチオフローラ㈱	経費	教育研修費
202206	005000000	51	雑給	0.0	0.0	0.0	0.0	0.0	0.0	イノチオフローラ㈱	経費	雑給
202206	005000000	52	社内金利（固定資産）	0.0	0.0	0.0	0.0	0.0	0.0	イノチオフローラ㈱	経費	社内金利（固定資産）
202206	005000000	53	グループ共通	267000.0	267000.0	267000.0	4.8	100.0	100.0	イノチオフローラ㈱	経費	グループ共通
202206	005000000	54	差引収益	1499515.0	1054282.0	94712.0	1.7	8.9	6.3	イノチオフローラ㈱		
202206	005000000	55	差引比率	20.0	14.3	1.7		11.8	8.5	イノチオフローラ㈱		
202206	005000000	56	総時間	1579.5	1418.5	1223.0		86.2	77.4	イノチオフローラ㈱		
202206	005000000	57	定時間	1408.0	1232.0	1138.5		92.4	80.8	イノチオフローラ㈱	時間	
202206	005000000	58	残業時間	145.0	160.0	71.25		44.5	49.1	イノチオフローラ㈱	時間	
202206	005000000	59	移動時間	26.5	26.5	13.25		50.0	50.0	イノチオフローラ㈱	時間	
202206	005000000	60	当月時間当り	949.3	743.2	77.4		10.4	8.1	イノチオフローラ㈱		
202206	005000000	61	人員	8.0	7.0	7.0		100.0	87.5	イノチオフローラ㈱		
202207	005000000	1	総受注高	11489000.0	11001295.0	9837162.0		89.4	85.6	イノチオフローラ㈱	受注	
202207	005000000	2	総売上高	11489000.0	11151295.0	9837162.0		88.2	85.6	イノチオフローラ㈱		
202207	005000000	3	切り花売上	6108000.0	5849295.0	4256847.0	43.2	72.7	69.6	イノチオフローラ㈱	売上	
202207	005000000	4	研究受託売上   	5064000.0	4985200.0	4985200.0	50.6	100.0	98.4	イノチオフローラ㈱	売上	
202207	005000000	5	その他売上	307000.0	306800.0	595115.0	6.0	193.9	193.8	イノチオフローラ㈱	売上	
202207	005000000	6	堆肥売上            	10000.0	10000.0	0.0	0.0	0.0	0.0	イノチオフローラ㈱	売上	
202207	005000000	7	経費合計	7095681.0	7278098.0	6314090.0	64.1	86.7	88.9	イノチオフローラ㈱		
202207	005000000	8	種苗費	600000.0	600000.0	544180.0	5.5	90.6	90.6	イノチオフローラ㈱	経費	種苗費
202207	005000000	9	肥料費	164900.0	164900.0	75500.0	0.7	45.7	45.7	イノチオフローラ㈱	経費	肥料費
202207	005000000	10	培土費用	0.0	0.0	0.0	0.0	0.0	0.0	イノチオフローラ㈱	経費	培土費用
202207	005000000	11	農薬衛生費	1400000.0	1512920.0	1223351.0	12.4	80.8	87.3	イノチオフローラ㈱	経費	農薬衛生費
202207	005000000	12	農具費	10000.0	60000.0	132705.0	1.3	221.1		イノチオフローラ㈱	経費	農具費
202207	005000000	13	諸材料費	691250.0	691250.0	496262.0	5.0	71.7	71.7	イノチオフローラ㈱	経費	諸材料費
202207	005000000	14	その他仕入高	222000.0	222000.0	221997.0	2.2	99.9	99.9	イノチオフローラ㈱	経費	その他仕入高
202207	005000000	15	減価償却費	762826.0	770573.0	778953.0	7.9	101.0	102.1	イノチオフローラ㈱	経費	減価償却費
202207	005000000	16	車両費	275652.0	275652.0	281833.0	2.8	102.2	102.2	イノチオフローラ㈱	経費	車両費
202207	005000000	17	旅費交通費	10000.0	10000.0	3346.0	0.0	33.4	33.4	イノチオフローラ㈱	経費	旅費交通費
202207	005000000	18	荷造運搬費	405508.0	412708.0	297195.0	3.0	72.0	73.2	イノチオフローラ㈱	経費	荷造運搬費
202207	005000000	19	通信費	28550.0	28550.0	30655.0	0.3	107.3	107.3	イノチオフローラ㈱	経費	通信費
202207	005000000	20	水道光熱費	205077.0	205077.0	267402.0	2.7	130.3	130.3	イノチオフローラ㈱	経費	水道光熱費
202207	005000000	21	動力費	481586.0	481586.0	617840.0	6.2	128.2	128.2	イノチオフローラ㈱	経費	動力費
202207	005000000	22	燃料費	32500.0	32500.0	0.0	0.0	0.0	0.0	イノチオフローラ㈱	経費	燃料費
202207	005000000	23	事務用品費	5000.0	5000.0	1868.0	0.0	37.3	37.3	イノチオフローラ㈱	経費	事務用品費
202207	005000000	24	消耗品費	30000.0	30000.0	23895.0	0.2	79.6	79.6	イノチオフローラ㈱	経費	消耗品費
202207	005000000	25	廃棄物処理料	62400.0	62400.0	0.0	0.0	0.0	0.0	イノチオフローラ㈱	経費	廃棄物処理料
202207	005000000	26	広告宣伝費	0.0	0.0	0.0	0.0	0.0	0.0	イノチオフローラ㈱	経費	広告宣伝費
202207	005000000	27	接待交際費	0.0	0.0	0.0	0.0	0.0	0.0	イノチオフローラ㈱	経費	接待交際費
202207	005000000	28	研究開発費	0.0	0.0	0.0	0.0	0.0	0.0	イノチオフローラ㈱	経費	研究開発費
202207	005000000	29	クレーム費	0.0	0.0	0.0	0.0	0.0	0.0	イノチオフローラ㈱	経費	クレーム費
202207	005000000	30	賃借料	0.0	0.0	0.0	0.0	0.0	0.0	イノチオフローラ㈱	経費	賃借料
202207	005000000	31	賃貸料収入	0.0	0.0	0.0	0.0	0.0	0.0	イノチオフローラ㈱	経費	賃貸料収入
202207	005000000	32	修繕費	210000.0	210000.0	0.0	0.0	0.0	0.0	イノチオフローラ㈱	経費	修繕費
202207	005000000	33	支払リース料	4800.0	4800.0	4700.0	0.0	97.9	97.9	イノチオフローラ㈱	経費	支払リース料
202207	005000000	34	保険料	0.0	0.0	0.0	0.0	0.0	0.0	イノチオフローラ㈱	経費	保険料
202207	005000000	35	支払報酬	0.0	0.0	0.0	0.0	0.0	0.0	イノチオフローラ㈱	経費	支払報酬
202207	005000000	36	販売手数料	404932.0	404932.0	311370.0	3.1	76.8	76.8	イノチオフローラ㈱	経費	販売手数料
202207	005000000	37	支払手数料	4700.0	9250.0	10989.0	0.1	118.8	233.8	イノチオフローラ㈱	経費	支払手数料
202207	005000000	38	診断料	0.0	0.0	0.0	0.0	0.0	0.0	イノチオフローラ㈱	経費	診断料
202207	005000000	39	諸会費	0.0	0.0	11000.0	0.1	0.0	0.0	イノチオフローラ㈱	経費	諸会費
202207	005000000	40	会議費	0.0	0.0	0.0	0.0	0.0	0.0	イノチオフローラ㈱	経費	会議費
202207	005000000	41	寄付金	0.0	0.0	0.0	0.0	0.0	0.0	イノチオフローラ㈱	経費	寄付金
202207	005000000	42	租税公課	700000.0	700000.0	643000.0	6.5	91.8	91.8	イノチオフローラ㈱	経費	租税公課
202207	005000000	43	業務委託費	0.0	0.0	0.0	0.0	0.0	0.0	イノチオフローラ㈱	経費	業務委託費
202207	005000000	44	業務受託収入	0.0	0.0	0.0	0.0	0.0	0.0	イノチオフローラ㈱	経費	業務受託収入
202207	005000000	45	システム管理料	0.0	0.0	0.0	0.0	0.0	0.0	イノチオフローラ㈱	経費	システム管理料
202207	005000000	46	情報機器利用料	64000.0	64000.0	64000.0	0.6	100.0	100.0	イノチオフローラ㈱	経費	情報機器利用料
202207	005000000	47	貸倒金	0.0	0.0	0.0	0.0	0.0	0.0	イノチオフローラ㈱	経費	貸倒金
202207	005000000	48	雑費	40200.0	40200.0	293.0	0.0	0.7	0.7	イノチオフローラ㈱	経費	雑費
202207	005000000	49	福利消耗品費	10000.0	10000.0	2327.0	0.0	23.2	23.2	イノチオフローラ㈱	経費	福利消耗品費
202207	005000000	50	教育研修費	2800.0	2800.0	2429.0	0.0	86.7	86.7	イノチオフローラ㈱	経費	教育研修費
202207	005000000	51	雑給	0.0	0.0	0.0	0.0	0.0	0.0	イノチオフローラ㈱	経費	雑給
202207	005000000	52	社内金利（固定資産）	0.0	0.0	0.0	0.0	0.0	0.0	イノチオフローラ㈱	経費	社内金利（固定資産）
202207	005000000	53	グループ共通	267000.0	267000.0	267000.0	2.7	100.0	100.0	イノチオフローラ㈱	経費	グループ共通
202207	005000000	54	差引収益	4393319.0	3873197.0	3523072.0	35.8	90.9	80.1	イノチオフローラ㈱		
202207	005000000	55	差引比率	38.2	34.7	35.8		103.1	93.7	イノチオフローラ㈱		
202207	005000000	56	総時間	1665.5	1600.5	1369.0		85.5	82.1	イノチオフローラ㈱		
202207	005000000	57	定時間	1408.0	1328.0	1264.0		95.1	89.7	イノチオフローラ㈱	時間	
202207	005000000	58	残業時間	234.0	249.0	92.75		37.2	39.6	イノチオフローラ㈱	時間	
202207	005000000	59	移動時間	23.5	23.5	12.25		52.1	52.1	イノチオフローラ㈱	時間	
202207	005000000	60	当月時間当り	2637.8	2419.9	2573.4		106.3	97.5	イノチオフローラ㈱		
202207	005000000	61	人員	8.0	9.0	9.0		100.0	112.5	イノチオフローラ㈱		
202208	005000000	1	総受注高	21699000.0	22803606.0	23181431.0		101.6	106.8	イノチオフローラ㈱	受注	
202208	005000000	2	総売上高	21699000.0	22803060.0	23181431.0		101.6	106.8	イノチオフローラ㈱		
202208	005000000	3	切り花売上	15489000.0	16356260.0	16283011.0	70.2	99.5	105.1	イノチオフローラ㈱	売上	
202208	005000000	4	研究受託売上   	5245000.0	5630000.0	5686000.0	24.5	100.9	108.4	イノチオフローラ㈱	売上	
202208	005000000	5	その他売上	955000.0	806800.0	1206057.0	5.2	149.4	126.2	イノチオフローラ㈱	売上	
202208	005000000	6	堆肥売上            	10000.0	10000.0	6363.0	0.0	63.6	63.6	イノチオフローラ㈱	売上	
202208	005000000	7	経費合計	6263592.0	6411009.0	5379726.0	23.2	83.9	85.8	イノチオフローラ㈱		
202208	005000000	8	種苗費	300000.0	300000.0	260640.0	1.1	86.8	86.8	イノチオフローラ㈱	経費	種苗費
202208	005000000	9	肥料費	37200.0	37200.0	0.0	0.0	0.0	0.0	イノチオフローラ㈱	経費	肥料費
202208	005000000	10	培土費用	0.0	0.0	0.0	0.0	0.0	0.0	イノチオフローラ㈱	経費	培土費用
202208	005000000	11	農薬衛生費	1300000.0	1209340.0	1197457.0	5.1	99.0	92.1	イノチオフローラ㈱	経費	農薬衛生費
202208	005000000	12	農具費	10000.0	10000.0	56296.0	0.2	562.9	562.9	イノチオフローラ㈱	経費	農具費
202208	005000000	13	諸材料費	842400.0	885150.0	451082.0	1.9	50.9	53.5	イノチオフローラ㈱	経費	諸材料費
202208	005000000	14	その他仕入高	406800.0	406800.0	387092.0	1.6	95.1	95.1	イノチオフローラ㈱	経費	その他仕入高
202208	005000000	15	減価償却費	762826.0	770573.0	778953.0	3.3	101.0	102.1	イノチオフローラ㈱	経費	減価償却費
202208	005000000	16	車両費	199349.0	199349.0	269958.0	1.1	135.4	135.4	イノチオフローラ㈱	経費	車両費
202208	005000000	17	旅費交通費	10000.0	10000.0	2200.0	0.0	22.0	22.0	イノチオフローラ㈱	経費	旅費交通費
202208	005000000	18	荷造運搬費	1086583.0	1101463.0	502974.0	2.1	45.6	46.2	イノチオフローラ㈱	経費	荷造運搬費
202208	005000000	19	通信費	26856.0	26856.0	32813.0	0.1	122.1	122.1	イノチオフローラ㈱	経費	通信費
202208	005000000	20	水道光熱費	243168.0	243168.0	222137.0	0.9	91.3	91.3	イノチオフローラ㈱	経費	水道光熱費
202208	005000000	21	動力費	528810.0	528810.0	546808.0	2.3	103.4	103.4	イノチオフローラ㈱	経費	動力費
202208	005000000	22	燃料費	28600.0	28600.0	0.0	0.0	0.0	0.0	イノチオフローラ㈱	経費	燃料費
202208	005000000	23	事務用品費	7700.0	7700.0	2043.0	0.0	26.5	26.5	イノチオフローラ㈱	経費	事務用品費
202208	005000000	24	消耗品費	30000.0	30000.0	2063.0	0.0	6.8	6.8	イノチオフローラ㈱	経費	消耗品費
202208	005000000	25	廃棄物処理料	0.0	0.0	0.0	0.0	0.0	0.0	イノチオフローラ㈱	経費	廃棄物処理料
202208	005000000	26	広告宣伝費	0.0	0.0	0.0	0.0	0.0	0.0	イノチオフローラ㈱	経費	広告宣伝費
202208	005000000	27	接待交際費	0.0	0.0	0.0	0.0	0.0	0.0	イノチオフローラ㈱	経費	接待交際費
202208	005000000	28	研究開発費	0.0	0.0	0.0	0.0	0.0	0.0	イノチオフローラ㈱	経費	研究開発費
202208	005000000	29	クレーム費	0.0	0.0	0.0	0.0	0.0	0.0	イノチオフローラ㈱	経費	クレーム費
202208	005000000	30	賃借料	0.0	0.0	0.0	0.0	0.0	0.0	イノチオフローラ㈱	経費	賃借料
202208	005000000	31	賃貸料収入	0.0	0.0	0.0	0.0	0.0	0.0	イノチオフローラ㈱	経費	賃貸料収入
202208	005000000	32	修繕費	60000.0	232700.0	318293.0	1.3	136.7	530.4	イノチオフローラ㈱	経費	修繕費
202208	005000000	33	支払リース料	4800.0	4800.0	4700.0	0.0	97.9	97.9	イノチオフローラ㈱	経費	支払リース料
202208	005000000	34	保険料	0.0	0.0	0.0	0.0	0.0	0.0	イノチオフローラ㈱	経費	保険料
202208	005000000	35	支払報酬	0.0	0.0	0.0	0.0	0.0	0.0	イノチオフローラ㈱	経費	支払報酬
202208	005000000	36	販売手数料	0.0	0.0	0.0	0.0	0.0	0.0	イノチオフローラ㈱	経費	販売手数料
202208	005000000	37	支払手数料	4700.0	4700.0	12490.0	0.0	265.7	265.7	イノチオフローラ㈱	経費	支払手数料
202208	005000000	38	診断料	0.0	0.0	0.0	0.0	0.0	0.0	イノチオフローラ㈱	経費	診断料
202208	005000000	39	諸会費	0.0	0.0	0.0	0.0	0.0	0.0	イノチオフローラ㈱	経費	諸会費
202208	005000000	40	会議費	0.0	0.0	0.0	0.0	0.0	0.0	イノチオフローラ㈱	経費	会議費
202208	005000000	41	寄付金	0.0	0.0	0.0	0.0	0.0	0.0	イノチオフローラ㈱	経費	寄付金
202208	005000000	42	租税公課	10000.0	10000.0	208.0	0.0	2.0	2.0	イノチオフローラ㈱	経費	租税公課
202208	005000000	43	業務委託費	0.0	0.0	0.0	0.0	0.0	0.0	イノチオフローラ㈱	経費	業務委託費
202208	005000000	44	業務受託収入	0.0	0.0	0.0	0.0	0.0	0.0	イノチオフローラ㈱	経費	業務受託収入
202208	005000000	45	システム管理料	0.0	0.0	0.0	0.0	0.0	0.0	イノチオフローラ㈱	経費	システム管理料
202208	005000000	46	情報機器利用料	64000.0	64000.0	64000.0	0.2	100.0	100.0	イノチオフローラ㈱	経費	情報機器利用料
202208	005000000	47	貸倒金	0.0	0.0	0.0	0.0	0.0	0.0	イノチオフローラ㈱	経費	貸倒金
202208	005000000	48	雑費	20000.0	20000.0	-2610.0	0.0	0.0	0.0	イノチオフローラ㈱	経費	雑費
202208	005000000	49	福利消耗品費	10000.0	10000.0	700.0	0.0	7.0	7.0	イノチオフローラ㈱	経費	福利消耗品費
202208	005000000	50	教育研修費	2800.0	2800.0	2429.0	0.0	86.7	86.7	イノチオフローラ㈱	経費	教育研修費
202208	005000000	51	雑給	0.0	0.0	0.0	0.0	0.0	0.0	イノチオフローラ㈱	経費	雑給
202208	005000000	52	社内金利（固定資産）	0.0	0.0	0.0	0.0	0.0	0.0	イノチオフローラ㈱	経費	社内金利（固定資産）
202208	005000000	53	グループ共通	267000.0	267000.0	267000.0	1.1	100.0	100.0	イノチオフローラ㈱	経費	グループ共通
202208	005000000	54	差引収益	15435408.0	16392051.0	17801705.0	76.7	108.5	115.3	イノチオフローラ㈱		
202208	005000000	55	差引比率	71.1	71.8	76.7		106.8	107.8	イノチオフローラ㈱		
202208	005000000	56	総時間	1827.5	2020.5	1956.25		96.8	107.0	イノチオフローラ㈱		
202208	005000000	57	定時間	1408.0	1584.0	1552.0		97.9	110.2	イノチオフローラ㈱	時間	
202208	005000000	58	残業時間	397.0	414.0	393.5		95.0	99.1	イノチオフローラ㈱	時間	
202208	005000000	59	移動時間	22.5	22.5	10.75		47.7	47.7	イノチオフローラ㈱	時間	
202208	005000000	60	当月時間当り	8446.1	8112.8	9099.9		112.1	107.7	イノチオフローラ㈱		
202208	005000000	61	人員	8.0	9.0	9.0		100.0	112.5	イノチオフローラ㈱		
202209	005000000	1	総受注高	19709000.0	23177600.0	26334351.0		113.6	133.6	イノチオフローラ㈱	受注	
202209	005000000	2	総売上高	19709000.0	22097600.0	26334351.0		119.1	133.6	イノチオフローラ㈱		
202209	005000000	3	切り花売上	6660000.0	9720000.0	13937182.0	52.9	143.3	209.2	イノチオフローラ㈱	売上	
202209	005000000	4	研究受託売上   	12849000.0	12210800.0	12210800.0	46.3	100.0	95.0	イノチオフローラ㈱	売上	
202209	005000000	5	その他売上	190000.0	156800.0	182733.0	0.6	116.5	96.1	イノチオフローラ㈱	売上	
202209	005000000	6	堆肥売上            	10000.0	10000.0	3636.0	0.0	36.3	36.3	イノチオフローラ㈱	売上	
202209	005000000	7	経費合計	6577970.0	6727247.0	6692901.0	25.4	99.4	101.7	イノチオフローラ㈱		
202209	005000000	8	種苗費	1000000.0	1000000.0	875000.0	3.3	87.5	87.5	イノチオフローラ㈱	経費	種苗費
202209	005000000	9	肥料費	231950.0	164900.0	393995.0	1.4	238.9	169.8	イノチオフローラ㈱	経費	肥料費
202209	005000000	10	培土費用	0.0	0.0	0.0	0.0	0.0	0.0	イノチオフローラ㈱	経費	培土費用
202209	005000000	11	農薬衛生費	894880.0	894880.0	789523.0	2.9	88.2	88.2	イノチオフローラ㈱	経費	農薬衛生費
202209	005000000	12	農具費	146000.0	146200.0	66328.0	0.2	45.3	45.4	イノチオフローラ㈱	経費	農具費
202209	005000000	13	諸材料費	365100.0	365100.0	343309.0	1.3	94.0	94.0	イノチオフローラ㈱	経費	諸材料費
202209	005000000	14	その他仕入高	150000.0	150000.0	14059.0	0.0	9.3	9.3	イノチオフローラ㈱	経費	その他仕入高
202209	005000000	15	減価償却費	762826.0	778953.0	778953.0	2.9	100.0	102.1	イノチオフローラ㈱	経費	減価償却費
202209	005000000	16	車両費	505840.0	505840.0	417379.0	1.5	82.5	82.5	イノチオフローラ㈱	経費	車両費
202209	005000000	17	旅費交通費	10000.0	10000.0	26819.0	0.1	268.1	268.1	イノチオフローラ㈱	経費	旅費交通費
202209	005000000	18	荷造運搬費	500000.0	700000.0	934671.0	3.5	133.5	186.9	イノチオフローラ㈱	経費	荷造運搬費
202209	005000000	19	通信費	42065.0	42065.0	36550.0	0.1	86.8	86.8	イノチオフローラ㈱	経費	通信費
202209	005000000	20	水道光熱費	228393.0	228393.0	177284.0	0.6	77.6	77.6	イノチオフローラ㈱	経費	水道光熱費
202209	005000000	21	動力費	515416.0	515416.0	682826.0	2.5	132.4	132.4	イノチオフローラ㈱	経費	動力費
202209	005000000	22	燃料費	57200.0	57200.0	0.0	0.0	0.0	0.0	イノチオフローラ㈱	経費	燃料費
202209	005000000	23	事務用品費	5000.0	5000.0	3339.0	0.0	66.7	66.7	イノチオフローラ㈱	経費	事務用品費
202209	005000000	24	消耗品費	30000.0	30000.0	2688.0	0.0	8.9	8.9	イノチオフローラ㈱	経費	消耗品費
202209	005000000	25	廃棄物処理料	0.0	0.0	25650.0	0.0	0.0	0.0	イノチオフローラ㈱	経費	廃棄物処理料
202209	005000000	26	広告宣伝費	0.0	0.0	0.0	0.0	0.0	0.0	イノチオフローラ㈱	経費	広告宣伝費
202209	005000000	27	接待交際費	0.0	0.0	19854.0	0.0	0.0	0.0	イノチオフローラ㈱	経費	接待交際費
202209	005000000	28	研究開発費	0.0	0.0	0.0	0.0	0.0	0.0	イノチオフローラ㈱	経費	研究開発費
202209	005000000	29	クレーム費	0.0	0.0	0.0	0.0	0.0	0.0	イノチオフローラ㈱	経費	クレーム費
202209	005000000	30	賃借料	0.0	0.0	0.0	0.0	0.0	0.0	イノチオフローラ㈱	経費	賃借料
202209	005000000	31	賃貸料収入	0.0	0.0	0.0	0.0	0.0	0.0	イノチオフローラ㈱	経費	賃貸料収入
202209	005000000	32	修繕費	60000.0	60000.0	107600.0	0.4	179.3	179.3	イノチオフローラ㈱	経費	修繕費
202209	005000000	33	支払リース料	4800.0	4800.0	4700.0	0.0	97.9	97.9	イノチオフローラ㈱	経費	支払リース料
202209	005000000	34	保険料	0.0	0.0	0.0	0.0	0.0	0.0	イノチオフローラ㈱	経費	保険料
202209	005000000	35	支払報酬	0.0	0.0	0.0	0.0	0.0	0.0	イノチオフローラ㈱	経費	支払報酬
202209	005000000	36	販売手数料	0.0	0.0	0.0	0.0	0.0	0.0	イノチオフローラ㈱	経費	販売手数料
202209	005000000	37	支払手数料	4700.0	4700.0	15650.0	0.0	332.9	332.9	イノチオフローラ㈱	経費	支払手数料
202209	005000000	38	診断料	0.0	0.0	0.0	0.0	0.0	0.0	イノチオフローラ㈱	経費	診断料
202209	005000000	39	諸会費	0.0	0.0	0.0	0.0	0.0	0.0	イノチオフローラ㈱	経費	諸会費
202209	005000000	40	会議費	0.0	0.0	0.0	0.0	0.0	0.0	イノチオフローラ㈱	経費	会議費
202209	005000000	41	寄付金	0.0	0.0	0.0	0.0	0.0	0.0	イノチオフローラ㈱	経費	寄付金
202209	005000000	42	租税公課	700000.0	700000.0	643003.0	2.4	91.8	91.8	イノチオフローラ㈱	経費	租税公課
202209	005000000	43	業務委託費	0.0	0.0	0.0	0.0	0.0	0.0	イノチオフローラ㈱	経費	業務委託費
202209	005000000	44	業務受託収入	0.0	0.0	0.0	0.0	0.0	0.0	イノチオフローラ㈱	経費	業務受託収入
202209	005000000	45	システム管理料	0.0	0.0	0.0	0.0	0.0	0.0	イノチオフローラ㈱	経費	システム管理料
202209	005000000	46	情報機器利用料	64000.0	64000.0	64000.0	0.2	100.0	100.0	イノチオフローラ㈱	経費	情報機器利用料
202209	005000000	47	貸倒金	0.0	0.0	0.0	0.0	0.0	0.0	イノチオフローラ㈱	経費	貸倒金
202209	005000000	48	雑費	20000.0	20000.0	292.0	0.0	1.4	1.4	イノチオフローラ㈱	経費	雑費
202209	005000000	49	福利消耗品費	10000.0	10000.0	0.0	0.0	0.0	0.0	イノチオフローラ㈱	経費	福利消耗品費
202209	005000000	50	教育研修費	2800.0	2800.0	2429.0	0.0	86.7	86.7	イノチオフローラ㈱	経費	教育研修費
202209	005000000	51	雑給	0.0	0.0	0.0	0.0	0.0	0.0	イノチオフローラ㈱	経費	雑給
202209	005000000	52	社内金利（固定資産）	0.0	0.0	0.0	0.0	0.0	0.0	イノチオフローラ㈱	経費	社内金利（固定資産）
202209	005000000	53	グループ共通	267000.0	267000.0	267000.0	1.0	100.0	100.0	イノチオフローラ㈱	経費	グループ共通
202209	005000000	54	差引収益	13131030.0	15370353.0	19641450.0	74.5	127.7	149.5	イノチオフローラ㈱		
202209	005000000	55	差引比率	66.6	69.5	74.5		107.1	111.8	イノチオフローラ㈱		
202209	005000000	56	総時間	1830.5	2003.5	1856.75		92.6	101.4	イノチオフローラ㈱		
202209	005000000	57	定時間	1536.0	1728.0	1650.75		95.5	107.4	イノチオフローラ㈱	時間	
202209	005000000	58	残業時間	271.0	252.0	194.25		77.0	71.6	イノチオフローラ㈱	時間	
202209	005000000	59	移動時間	23.5	23.5	11.75		50.0	50.0	イノチオフローラ㈱	時間	
202209	005000000	60	当月時間当り	7173.4	7671.7	10578.4		137.8	147.4	イノチオフローラ㈱		
202209	005000000	61	人員	8.0	9.0	9.0		100.0	112.5	イノチオフローラ㈱		
202210	005000000	1	総受注高	9069000.0	8830304.0	8104288.0		91.7	89.3	イノチオフローラ㈱	受注	
202210	005000000	2	総売上高	9069000.0	8830304.0	8104288.0		91.7	89.3	イノチオフローラ㈱		
202210	005000000	3	切り花売上	4066000.0	3871504.0	2899010.0	35.7	74.8	71.2	イノチオフローラ㈱	売上	
202210	005000000	4	研究受託売上   	4937000.0	4808800.0	4808800.0	59.3	100.0	97.4	イノチオフローラ㈱	売上	
202210	005000000	5	その他売上	16000.0	140000.0	389206.0	4.8	278.0		イノチオフローラ㈱	売上	
202210	005000000	6	堆肥売上            	50000.0	10000.0	7272.0	0.0	72.7	14.5	イノチオフローラ㈱	売上	
202210	005000000	7	経費合計	6860220.0	6639671.0	7260539.0	89.5	109.3	105.8	イノチオフローラ㈱		
202210	005000000	8	種苗費	20000.0	20000.0	18000.0	0.2	90.0	90.0	イノチオフローラ㈱	経費	種苗費
202210	005000000	9	肥料費	0.0	0.0	75600.0	0.9	0.0	0.0	イノチオフローラ㈱	経費	肥料費
202210	005000000	10	培土費用	0.0	0.0	0.0	0.0	0.0	0.0	イノチオフローラ㈱	経費	培土費用
202210	005000000	11	農薬衛生費	803720.0	608840.0	436256.0	5.3	71.6	54.2	イノチオフローラ㈱	経費	農薬衛生費
202210	005000000	12	農具費	155200.0	233400.0	403159.0	4.9	172.7	259.7	イノチオフローラ㈱	経費	農具費
202210	005000000	13	諸材料費	240000.0	120000.0	686822.0	8.4	572.3	286.1	イノチオフローラ㈱	経費	諸材料費
202210	005000000	14	その他仕入高	144000.0	144000.0	0.0	0.0	0.0	0.0	イノチオフローラ㈱	経費	その他仕入高
202210	005000000	15	減価償却費	762826.0	778953.0	778953.0	9.6	100.0	102.1	イノチオフローラ㈱	経費	減価償却費
202210	005000000	16	車両費	304133.0	304137.0	236980.0	2.9	77.9	77.9	イノチオフローラ㈱	経費	車両費
202210	005000000	17	旅費交通費	60000.0	60000.0	0.0	0.0	0.0	0.0	イノチオフローラ㈱	経費	旅費交通費
202210	005000000	18	荷造運搬費	246131.0	246131.0	152741.0	1.8	62.0	62.0	イノチオフローラ㈱	経費	荷造運搬費
202210	005000000	19	通信費	65896.0	65896.0	33559.0	0.4	50.9	50.9	イノチオフローラ㈱	経費	通信費
202210	005000000	20	水道光熱費	198900.0	198900.0	331640.0	4.0	166.7	166.7	イノチオフローラ㈱	経費	水道光熱費
202210	005000000	21	動力費	475566.0	475566.0	702815.0	8.6	147.7	147.7	イノチオフローラ㈱	経費	動力費
202210	005000000	22	燃料費	1239400.0	1239400.0	1491600.0	18.4	120.3	120.3	イノチオフローラ㈱	経費	燃料費
202210	005000000	23	事務用品費	7900.0	7900.0	427.0	0.0	5.4	5.4	イノチオフローラ㈱	経費	事務用品費
202210	005000000	24	消耗品費	30000.0	30000.0	2877.0	0.0	9.5	9.5	イノチオフローラ㈱	経費	消耗品費
202210	005000000	25	廃棄物処理料	112400.0	112400.0	25650.0	0.3	22.8	22.8	イノチオフローラ㈱	経費	廃棄物処理料
202210	005000000	26	広告宣伝費	0.0	0.0	0.0	0.0	0.0	0.0	イノチオフローラ㈱	経費	広告宣伝費
202210	005000000	27	接待交際費	0.0	0.0	0.0	0.0	0.0	0.0	イノチオフローラ㈱	経費	接待交際費
202210	005000000	28	研究開発費	0.0	0.0	0.0	0.0	0.0	0.0	イノチオフローラ㈱	経費	研究開発費
202210	005000000	29	クレーム費	0.0	0.0	0.0	0.0	0.0	0.0	イノチオフローラ㈱	経費	クレーム費
202210	005000000	30	賃借料	0.0	0.0	0.0	0.0	0.0	0.0	イノチオフローラ㈱	経費	賃借料
202210	005000000	31	賃貸料収入	0.0	0.0	0.0	0.0	0.0	0.0	イノチオフローラ㈱	経費	賃貸料収入
202210	005000000	32	修繕費	60000.0	60000.0	130990.0	1.6	218.3	218.3	イノチオフローラ㈱	経費	修繕費
202210	005000000	33	支払リース料	4800.0	4800.0	4700.0	0.0	97.9	97.9	イノチオフローラ㈱	経費	支払リース料
202210	005000000	34	保険料	0.0	0.0	0.0	0.0	0.0	0.0	イノチオフローラ㈱	経費	保険料
202210	005000000	35	支払報酬	0.0	0.0	0.0	0.0	0.0	0.0	イノチオフローラ㈱	経費	支払報酬
202210	005000000	36	販売手数料	880000.0	880000.0	1334417.0	16.4	151.6	151.6	イノチオフローラ㈱	経費	販売手数料
202210	005000000	37	支払手数料	11635.0	11635.0	11450.0	0.1	98.4	98.4	イノチオフローラ㈱	経費	支払手数料
202210	005000000	38	診断料	0.0	0.0	0.0	0.0	0.0	0.0	イノチオフローラ㈱	経費	診断料
202210	005000000	39	諸会費	0.0	0.0	68182.0	0.8	0.0	0.0	イノチオフローラ㈱	経費	諸会費
202210	005000000	40	会議費	0.0	0.0	0.0	0.0	0.0	0.0	イノチオフローラ㈱	経費	会議費
202210	005000000	41	寄付金	0.0	0.0	0.0	0.0	0.0	0.0	イノチオフローラ㈱	経費	寄付金
202210	005000000	42	租税公課	10000.0	10000.0	0.0	0.0	0.0	0.0	イノチオフローラ㈱	経費	租税公課
202210	005000000	43	業務委託費	0.0	0.0	0.0	0.0	0.0	0.0	イノチオフローラ㈱	経費	業務委託費
202210	005000000	44	業務受託収入	0.0	0.0	0.0	0.0	0.0	0.0	イノチオフローラ㈱	経費	業務受託収入
202210	005000000	45	システム管理料	0.0	0.0	0.0	0.0	0.0	0.0	イノチオフローラ㈱	経費	システム管理料
202210	005000000	46	情報機器利用料	64000.0	64000.0	64000.0	0.7	100.0	100.0	イノチオフローラ㈱	経費	情報機器利用料
202210	005000000	47	貸倒金	0.0	0.0	0.0	0.0	0.0	0.0	イノチオフローラ㈱	経費	貸倒金
202210	005000000	48	雑費	620000.0	620000.0	292.0	0.0	0.0	0.0	イノチオフローラ㈱	経費	雑費
202210	005000000	49	福利消耗品費	73913.0	73913.0	0.0	0.0	0.0	0.0	イノチオフローラ㈱	経費	福利消耗品費
202210	005000000	50	教育研修費	2800.0	2800.0	2429.0	0.0	86.7	86.7	イノチオフローラ㈱	経費	教育研修費
202210	005000000	51	雑給	0.0	0.0	0.0	0.0	0.0	0.0	イノチオフローラ㈱	経費	雑給
202210	005000000	52	社内金利（固定資産）	0.0	0.0	0.0	0.0	0.0	0.0	イノチオフローラ㈱	経費	社内金利（固定資産）
202210	005000000	53	グループ共通	267000.0	267000.0	267000.0	3.2	100.0	100.0	イノチオフローラ㈱	経費	グループ共通
202210	005000000	54	差引収益	2208780.0	2190633.0	843749.0	10.4	38.5	38.1	イノチオフローラ㈱		
202210	005000000	55	差引比率	24.3	24.8	10.4		41.9	42.7	イノチオフローラ㈱		
202210	005000000	56	総時間	1633.5	1518.5	1414.75		93.1	86.6	イノチオフローラ㈱		
202210	005000000	57	定時間	1440.0	1312.0	1282.25		97.7	89.0	イノチオフローラ㈱	時間	
202210	005000000	58	残業時間	170.0	183.0	120.25		65.7	70.7	イノチオフローラ㈱	時間	
202210	005000000	59	移動時間	23.5	23.5	12.25		52.1	52.1	イノチオフローラ㈱	時間	
202210	005000000	60	当月時間当り	1352.1	1442.6	596.3		41.3	44.1	イノチオフローラ㈱		
202210	005000000	61	人員	9.0	9.0	9.0		100.0	100.0	イノチオフローラ㈱		
202211	005000000	1	総受注高	16458000.0	17153324.0	18148652.0		105.8	110.2	イノチオフローラ㈱	受注	
202211	005000000	2	総売上高	16458000.0	17153324.0	18148652.0		105.8	110.2	イノチオフローラ㈱		
202211	005000000	3	切り花売上	1193000.0	1326924.0	1805700.0	9.9	136.0	151.3	イノチオフローラ㈱	売上	
202211	005000000	4	研究受託売上   	15015000.0	15616400.0	15616400.0	86.0	100.0	104.0	イノチオフローラ㈱	売上	
202211	005000000	5	その他売上	240000.0	200000.0	652914.0	3.5	326.4	272.0	イノチオフローラ㈱	売上	
202211	005000000	6	堆肥売上            	10000.0	10000.0	73638.0	0.4	736.3	736.3	イノチオフローラ㈱	売上	
202211	005000000	7	経費合計	6657943.0	7667214.0	7445017.0	41.0	97.1	111.8	イノチオフローラ㈱		
202211	005000000	8	種苗費	20000.0	20000.0	0.0	0.0	0.0	0.0	イノチオフローラ㈱	経費	種苗費
202211	005000000	9	肥料費	49200.0	49200.0	43200.0	0.2	87.8	87.8	イノチオフローラ㈱	経費	肥料費
202211	005000000	10	培土費用	0.0	0.0	0.0	0.0	0.0	0.0	イノチオフローラ㈱	経費	培土費用
202211	005000000	11	農薬衛生費	689920.0	689920.0	481173.0	2.6	69.7	69.7	イノチオフローラ㈱	経費	農薬衛生費
202211	005000000	12	農具費	110000.0	323400.0	258552.0	1.4	79.9	235.0	イノチオフローラ㈱	経費	農具費
202211	005000000	13	諸材料費	120000.0	0.0	0.0	0.0	0.0	0.0	イノチオフローラ㈱	経費	諸材料費
202211	005000000	14	その他仕入高	0.0	200000.0	319677.0	1.7	159.8	0.0	イノチオフローラ㈱	経費	その他仕入高
202211	005000000	15	減価償却費	762826.0	778953.0	778953.0	4.2	100.0	102.1	イノチオフローラ㈱	経費	減価償却費
202211	005000000	16	車両費	1067743.0	1095747.0	1054270.0	5.8	96.2	98.7	イノチオフローラ㈱	経費	車両費
202211	005000000	17	旅費交通費	130000.0	60000.0	6373.0	0.0	10.6	4.9	イノチオフローラ㈱	経費	旅費交通費
202211	005000000	18	荷造運搬費	103261.0	103261.0	160210.0	0.8	155.1	155.1	イノチオフローラ㈱	経費	荷造運搬費
202211	005000000	19	通信費	29856.0	29856.0	33950.0	0.1	113.7	113.7	イノチオフローラ㈱	経費	通信費
202211	005000000	20	水道光熱費	205256.0	205256.0	196435.0	1.0	95.7	95.7	イノチオフローラ㈱	経費	水道光熱費
202211	005000000	21	動力費	518421.0	518421.0	651870.0	3.5	125.7	125.7	イノチオフローラ㈱	経費	動力費
202211	005000000	22	燃料費	1530000.0	1530000.0	1467800.0	8.0	95.9	95.9	イノチオフローラ㈱	経費	燃料費
202211	005000000	23	事務用品費	5000.0	5000.0	7425.0	0.0	148.5	148.5	イノチオフローラ㈱	経費	事務用品費
202211	005000000	24	消耗品費	30000.0	30000.0	530400.0	2.9			イノチオフローラ㈱	経費	消耗品費
202211	005000000	25	廃棄物処理料	32400.0	32400.0	20000.0	0.1	61.7	61.7	イノチオフローラ㈱	経費	廃棄物処理料
202211	005000000	26	広告宣伝費	0.0	0.0	0.0	0.0	0.0	0.0	イノチオフローラ㈱	経費	広告宣伝費
202211	005000000	27	接待交際費	50000.0	0.0	0.0	0.0	0.0	0.0	イノチオフローラ㈱	経費	接待交際費
202211	005000000	28	研究開発費	0.0	0.0	0.0	0.0	0.0	0.0	イノチオフローラ㈱	経費	研究開発費
202211	005000000	29	クレーム費	0.0	0.0	0.0	0.0	0.0	0.0	イノチオフローラ㈱	経費	クレーム費
202211	005000000	30	賃借料	0.0	0.0	0.0	0.0	0.0	0.0	イノチオフローラ㈱	経費	賃借料
202211	005000000	31	賃貸料収入	0.0	0.0	0.0	0.0	0.0	0.0	イノチオフローラ㈱	経費	賃貸料収入
202211	005000000	32	修繕費	60000.0	335400.0	259120.0	1.4	77.2	431.8	イノチオフローラ㈱	経費	修繕費
202211	005000000	33	支払リース料	4800.0	4800.0	4700.0	0.0	97.9	97.9	イノチオフローラ㈱	経費	支払リース料
202211	005000000	34	保険料	0.0	0.0	0.0	0.0	0.0	0.0	イノチオフローラ㈱	経費	保険料
202211	005000000	35	支払報酬	0.0	0.0	0.0	0.0	0.0	0.0	イノチオフローラ㈱	経費	支払報酬
202211	005000000	36	販売手数料	0.0	0.0	0.0	0.0	0.0	0.0	イノチオフローラ㈱	経費	販売手数料
202211	005000000	37	支払手数料	11800.0	11800.0	61450.0	0.3	520.7	520.7	イノチオフローラ㈱	経費	支払手数料
202211	005000000	38	診断料	0.0	0.0	0.0	0.0	0.0	0.0	イノチオフローラ㈱	経費	診断料
202211	005000000	39	諸会費	0.0	0.0	0.0	0.0	0.0	0.0	イノチオフローラ㈱	経費	諸会費
202211	005000000	40	会議費	0.0	0.0	0.0	0.0	0.0	0.0	イノチオフローラ㈱	経費	会議費
202211	005000000	41	寄付金	0.0	0.0	0.0	0.0	0.0	0.0	イノチオフローラ㈱	経費	寄付金
202211	005000000	42	租税公課	700000.0	700000.0	643000.0	3.5	91.8	91.8	イノチオフローラ㈱	経費	租税公課
202211	005000000	43	業務委託費	0.0	0.0	0.0	0.0	0.0	0.0	イノチオフローラ㈱	経費	業務委託費
202211	005000000	44	業務受託収入	0.0	0.0	0.0	0.0	0.0	0.0	イノチオフローラ㈱	経費	業務受託収入
202211	005000000	45	システム管理料	0.0	0.0	0.0	0.0	0.0	0.0	イノチオフローラ㈱	経費	システム管理料
202211	005000000	46	情報機器利用料	64000.0	64000.0	64000.0	0.3	100.0	100.0	イノチオフローラ㈱	経費	情報機器利用料
202211	005000000	47	貸倒金	0.0	0.0	0.0	0.0	0.0	0.0	イノチオフローラ㈱	経費	貸倒金
202211	005000000	48	雑費	83660.0	600000.0	59239.0	0.3	9.8	70.8	イノチオフローラ㈱	経費	雑費
202211	005000000	49	福利消耗品費	10000.0	10000.0	0.0	0.0	0.0	0.0	イノチオフローラ㈱	経費	福利消耗品費
202211	005000000	50	教育研修費	2800.0	2800.0	76220.0	0.4			イノチオフローラ㈱	経費	教育研修費
202211	005000000	51	雑給	0.0	0.0	0.0	0.0	0.0	0.0	イノチオフローラ㈱	経費	雑給
202211	005000000	52	社内金利（固定資産）	0.0	0.0	0.0	0.0	0.0	0.0	イノチオフローラ㈱	経費	社内金利（固定資産）
202211	005000000	53	グループ共通	267000.0	267000.0	267000.0	1.4	100.0	100.0	イノチオフローラ㈱	経費	グループ共通
202211	005000000	54	差引収益	9800057.0	9486110.0	10703635.0	58.9	112.8	109.2	イノチオフローラ㈱		
202211	005000000	55	差引比率	59.5	55.3	58.9		106.5	98.9	イノチオフローラ㈱		
202211	005000000	56	総時間	1651.5	1456.5	1327.25		91.1	80.3	イノチオフローラ㈱		
202211	005000000	57	定時間	1440.0	1280.0	1256.0		98.1	87.2	イノチオフローラ㈱	時間	
202211	005000000	58	残業時間	188.0	153.0	59.5		38.8	31.6	イノチオフローラ㈱	時間	
202211	005000000	59	移動時間	23.5	23.5	11.75		50.0	50.0	イノチオフローラ㈱	時間	
202211	005000000	60	当月時間当り	5934.0	6512.9	8064.5		123.8	135.9	イノチオフローラ㈱		
202211	005000000	61	人員	9.0	8.0	8.0		100.0	88.8	イノチオフローラ㈱		
202212	005000000	1	総受注高	7941000.0	8005350.0	7994283.0		99.8	100.6	イノチオフローラ㈱	受注	
202212	005000000	2	総売上高	7941000.0	8005350.0	7994283.0		99.8	100.6	イノチオフローラ㈱		
202212	005000000	3	切り花売上	3513000.0	4049990.0	3573234.0	44.6	88.2	101.7	イノチオフローラ㈱	売上	
202212	005000000	4	研究受託売上   	4215000.0	3788560.0	3788560.0	47.3	100.0	89.8	イノチオフローラ㈱	売上	
202212	005000000	5	その他売上	163000.0	156800.0	617944.0	7.7	394.0	379.1	イノチオフローラ㈱	売上	
202212	005000000	6	堆肥売上            	50000.0	10000.0	14545.0	0.1	145.4	29.0	イノチオフローラ㈱	売上	
202212	005000000	7	経費合計	7035994.0	7285774.0	6935761.0	86.7	95.1	98.5	イノチオフローラ㈱		
202212	005000000	8	種苗費	0.0	0.0	0.0	0.0	0.0	0.0	イノチオフローラ㈱	経費	種苗費
202212	005000000	9	肥料費	140600.0	140600.0	0.0	0.0	0.0	0.0	イノチオフローラ㈱	経費	肥料費
202212	005000000	10	培土費用	0.0	0.0	0.0	0.0	0.0	0.0	イノチオフローラ㈱	経費	培土費用
202212	005000000	11	農薬衛生費	838760.0	838760.0	23500.0	0.2	2.8	2.8	イノチオフローラ㈱	経費	農薬衛生費
202212	005000000	12	農具費	93400.0	238480.0	517697.0	6.4	217.0	554.2	イノチオフローラ㈱	経費	農具費
202212	005000000	13	諸材料費	279600.0	17100.0	0.0	0.0	0.0	0.0	イノチオフローラ㈱	経費	諸材料費
202212	005000000	14	その他仕入高	117600.0	117600.0	476670.0	5.9	405.3	405.3	イノチオフローラ㈱	経費	その他仕入高
202212	005000000	15	減価償却費	878491.0	878491.0	898118.0	11.2	102.2	102.2	イノチオフローラ㈱	経費	減価償却費
202212	005000000	16	車両費	196139.0	293339.0	158750.0	1.9	54.1	80.9	イノチオフローラ㈱	経費	車両費
202212	005000000	17	旅費交通費	60000.0	10000.0	136.0	0.0	1.3	0.2	イノチオフローラ㈱	経費	旅費交通費
202212	005000000	18	荷造運搬費	210931.0	210931.0	299630.0	3.7	142.0	142.0	イノチオフローラ㈱	経費	荷造運搬費
202212	005000000	19	通信費	35820.0	35820.0	34231.0	0.4	95.5	95.5	イノチオフローラ㈱	経費	通信費
202212	005000000	20	水道光熱費	230086.0	230086.0	183597.0	2.2	79.7	79.7	イノチオフローラ㈱	経費	水道光熱費
202212	005000000	21	動力費	594907.0	594907.0	725830.0	9.0	122.0	122.0	イノチオフローラ㈱	経費	動力費
202212	005000000	22	燃料費	2768100.0	3088100.0	3143840.0	39.3	101.8	113.5	イノチオフローラ㈱	経費	燃料費
202212	005000000	23	事務用品費	7600.0	7600.0	4823.0	0.0	63.4	63.4	イノチオフローラ㈱	経費	事務用品費
202212	005000000	24	消耗品費	30000.0	30000.0	21540.0	0.2	71.8	71.8	イノチオフローラ㈱	経費	消耗品費
202212	005000000	25	廃棄物処理料	30000.0	30000.0	23750.0	0.2	79.1	79.1	イノチオフローラ㈱	経費	廃棄物処理料
202212	005000000	26	広告宣伝費	0.0	0.0	0.0	0.0	0.0	0.0	イノチオフローラ㈱	経費	広告宣伝費
202212	005000000	27	接待交際費	0.0	0.0	0.0	0.0	0.0	0.0	イノチオフローラ㈱	経費	接待交際費
202212	005000000	28	研究開発費	0.0	0.0	0.0	0.0	0.0	0.0	イノチオフローラ㈱	経費	研究開発費
202212	005000000	29	クレーム費	0.0	0.0	0.0	0.0	0.0	0.0	イノチオフローラ㈱	経費	クレーム費
202212	005000000	30	賃借料	0.0	0.0	0.0	0.0	0.0	0.0	イノチオフローラ㈱	経費	賃借料
202212	005000000	31	賃貸料収入	-155940.0	-155940.0	-155940.0	0.0	0.0	0.0	イノチオフローラ㈱	経費	賃貸料収入
202212	005000000	32	修繕費	60000.0	60000.0	67000.0	0.8	111.6	111.6	イノチオフローラ㈱	経費	修繕費
202212	005000000	33	支払リース料	4800.0	4800.0	4700.0	0.0	97.9	97.9	イノチオフローラ㈱	経費	支払リース料
202212	005000000	34	保険料	0.0	0.0	0.0	0.0	0.0	0.0	イノチオフローラ㈱	経費	保険料
202212	005000000	35	支払報酬	0.0	0.0	0.0	0.0	0.0	0.0	イノチオフローラ㈱	経費	支払報酬
202212	005000000	36	販売手数料	0.0	0.0	0.0	0.0	0.0	0.0	イノチオフローラ㈱	経費	販売手数料
202212	005000000	37	支払手数料	241300.0	241300.0	135700.0	1.6	56.2	56.2	イノチオフローラ㈱	経費	支払手数料
202212	005000000	38	診断料	0.0	0.0	0.0	0.0	0.0	0.0	イノチオフローラ㈱	経費	診断料
202212	005000000	39	諸会費	0.0	0.0	0.0	0.0	0.0	0.0	イノチオフローラ㈱	経費	諸会費
202212	005000000	40	会議費	0.0	0.0	0.0	0.0	0.0	0.0	イノチオフローラ㈱	経費	会議費
202212	005000000	41	寄付金	0.0	0.0	0.0	0.0	0.0	0.0	イノチオフローラ㈱	経費	寄付金
202212	005000000	42	租税公課	10000.0	10000.0	0.0	0.0	0.0	0.0	イノチオフローラ㈱	経費	租税公課
202212	005000000	43	業務委託費	0.0	0.0	0.0	0.0	0.0	0.0	イノチオフローラ㈱	経費	業務委託費
202212	005000000	44	業務受託収入	0.0	0.0	0.0	0.0	0.0	0.0	イノチオフローラ㈱	経費	業務受託収入
202212	005000000	45	システム管理料	0.0	0.0	0.0	0.0	0.0	0.0	イノチオフローラ㈱	経費	システム管理料
202212	005000000	46	情報機器利用料	64000.0	64000.0	64000.0	0.8	100.0	100.0	イノチオフローラ㈱	経費	情報機器利用料
202212	005000000	47	貸倒金	0.0	0.0	0.0	0.0	0.0	0.0	イノチオフローラ㈱	経費	貸倒金
202212	005000000	48	雑費	20000.0	20000.0	296.0	0.0	1.4	1.4	イノチオフローラ㈱	経費	雑費
202212	005000000	49	福利消耗品費	10000.0	10000.0	0.0	0.0	0.0	0.0	イノチオフローラ㈱	経費	福利消耗品費
202212	005000000	50	教育研修費	2800.0	2800.0	40893.0	0.5			イノチオフローラ㈱	経費	教育研修費
202212	005000000	51	雑給	0.0	0.0	0.0	0.0	0.0	0.0	イノチオフローラ㈱	経費	雑給
202212	005000000	52	社内金利（固定資産）	0.0	0.0	0.0	0.0	0.0	0.0	イノチオフローラ㈱	経費	社内金利（固定資産）
202212	005000000	53	グループ共通	267000.0	267000.0	267000.0	3.3	100.0	100.0	イノチオフローラ㈱	経費	グループ共通
202212	005000000	54	差引収益	905006.0	719576.0	1058522.0	13.2	147.1	116.9	イノチオフローラ㈱		
202212	005000000	55	差引比率	11.3	8.9	13.2		148.3	116.8	イノチオフローラ㈱		
202212	005000000	56	総時間	1600.5	1455.0	1310.75		90.0	81.8	イノチオフローラ㈱		
202212	005000000	57	定時間	1368.0	1216.0	1197.5		98.4	87.5	イノチオフローラ㈱	時間	
202212	005000000	58	残業時間	210.0	216.5	102.0		47.1	48.5	イノチオフローラ㈱	時間	
202212	005000000	59	移動時間	22.5	22.5	11.25		50.0	50.0	イノチオフローラ㈱	時間	
202212	005000000	60	当月時間当り	565.4	494.5	807.5		163.2	142.8	イノチオフローラ㈱		
202212	005000000	61	人員	9.0	8.0	8.0		100.0	88.8	イノチオフローラ㈱		
202301	005000000	1	総受注高	8897000.0	8238240.0	7444368.0		90.3	83.6	イノチオフローラ㈱	受注	
202301	005000000	2	総売上高	8897000.0	8258240.0	7444368.0		90.1	83.6	イノチオフローラ㈱		
202301	005000000	3	切り花売上	4164000.0	3612240.0	1914033.0	25.7	52.9	45.9	イノチオフローラ㈱	売上	
202301	005000000	4	研究受託売上   	4703000.0	4616000.0	4616000.0	62.0	100.0	98.1	イノチオフローラ㈱	売上	
202301	005000000	5	その他売上	0.0	0.0	914335.0	12.2	0.0	0.0	イノチオフローラ㈱	売上	
202301	005000000	6	堆肥売上            	30000.0	30000.0	0.0	0.0	0.0	0.0	イノチオフローラ㈱	売上	
202301	005000000	7	経費合計	5939499.0	6837499.0	7297618.0	98.0	106.7	122.8	イノチオフローラ㈱		
202301	005000000	8	種苗費	0.0	0.0	0.0	0.0	0.0	0.0	イノチオフローラ㈱	経費	種苗費
202301	005000000	9	肥料費	37200.0	37200.0	53000.0	0.7	142.4	142.4	イノチオフローラ㈱	経費	肥料費
202301	005000000	10	培土費用	0.0	0.0	0.0	0.0	0.0	0.0	イノチオフローラ㈱	経費	培土費用
202301	005000000	11	農薬衛生費	479920.0	479920.0	1108530.0	14.8	230.9	230.9	イノチオフローラ㈱	経費	農薬衛生費
202301	005000000	12	農具費	10000.0	468000.0	418297.0	5.6	89.3		イノチオフローラ㈱	経費	農具費
202301	005000000	13	諸材料費	120000.0	0.0	0.0	0.0	0.0	0.0	イノチオフローラ㈱	経費	諸材料費
202301	005000000	14	その他仕入高	0.0	0.0	167874.0	2.2	0.0	0.0	イノチオフローラ㈱	経費	その他仕入高
202301	005000000	15	減価償却費	878491.0	878491.0	898118.0	12.0	102.2	102.2	イノチオフローラ㈱	経費	減価償却費
202301	005000000	16	車両費	265947.0	265947.0	208020.0	2.7	78.2	78.2	イノチオフローラ㈱	経費	車両費
202301	005000000	17	旅費交通費	60000.0	60000.0	16155.0	0.2	26.9	26.9	イノチオフローラ㈱	経費	旅費交通費
202301	005000000	18	荷造運搬費	248411.0	248411.0	153304.0	2.0	61.7	61.7	イノチオフローラ㈱	経費	荷造運搬費
202301	005000000	19	通信費	28546.0	28546.0	30773.0	0.4	107.8	107.8	イノチオフローラ㈱	経費	通信費
202301	005000000	20	水道光熱費	233819.0	283819.0	273987.0	3.6	96.5	117.1	イノチオフローラ㈱	経費	水道光熱費
202301	005000000	21	動力費	659822.0	959822.0	835161.0	11.2	87.0	126.5	イノチオフローラ㈱	経費	動力費
202301	005000000	22	燃料費	1888000.0	2108000.0	2288180.0	30.7	108.5	121.1	イノチオフローラ㈱	経費	燃料費
202301	005000000	23	事務用品費	5000.0	5000.0	486.0	0.0	9.7	9.7	イノチオフローラ㈱	経費	事務用品費
202301	005000000	24	消耗品費	30000.0	30000.0	56459.0	0.7	188.1	188.1	イノチオフローラ㈱	経費	消耗品費
202301	005000000	25	廃棄物処理料	54000.0	54000.0	0.0	0.0	0.0	0.0	イノチオフローラ㈱	経費	廃棄物処理料
202301	005000000	26	広告宣伝費	0.0	0.0	0.0	0.0	0.0	0.0	イノチオフローラ㈱	経費	広告宣伝費
202301	005000000	27	接待交際費	0.0	0.0	40782.0	0.5	0.0	0.0	イノチオフローラ㈱	経費	接待交際費
202301	005000000	28	研究開発費	0.0	0.0	0.0	0.0	0.0	0.0	イノチオフローラ㈱	経費	研究開発費
202301	005000000	29	クレーム費	0.0	0.0	0.0	0.0	0.0	0.0	イノチオフローラ㈱	経費	クレーム費
202301	005000000	30	賃借料	0.0	0.0	0.0	0.0	0.0	0.0	イノチオフローラ㈱	経費	賃借料
202301	005000000	31	賃貸料収入	0.0	0.0	0.0	0.0	0.0	0.0	イノチオフローラ㈱	経費	賃貸料収入
202301	005000000	32	修繕費	60000.0	60000.0	11000.0	0.1	18.3	18.3	イノチオフローラ㈱	経費	修繕費
202301	005000000	33	支払リース料	4800.0	4800.0	4700.0	0.0	97.9	97.9	イノチオフローラ㈱	経費	支払リース料
202301	005000000	34	保険料	0.0	0.0	0.0	0.0	0.0	0.0	イノチオフローラ㈱	経費	保険料
202301	005000000	35	支払報酬	0.0	0.0	0.0	0.0	0.0	0.0	イノチオフローラ㈱	経費	支払報酬
202301	005000000	36	販売手数料	455648.0	455648.0	359014.0	4.8	78.7	78.7	イノチオフローラ㈱	経費	販売手数料
202301	005000000	37	支払手数料	8400.0	8400.0	8700.0	0.1	103.5	103.5	イノチオフローラ㈱	経費	支払手数料
202301	005000000	38	診断料	0.0	0.0	0.0	0.0	0.0	0.0	イノチオフローラ㈱	経費	診断料
202301	005000000	39	諸会費	10000.0	0.0	0.0	0.0	0.0	0.0	イノチオフローラ㈱	経費	諸会費
202301	005000000	40	会議費	0.0	0.0	2853.0	0.0	0.0	0.0	イノチオフローラ㈱	経費	会議費
202301	005000000	41	寄付金	0.0	0.0	28500.0	0.3	0.0	0.0	イノチオフローラ㈱	経費	寄付金
202301	005000000	42	租税公課	10000.0	10000.0	0.0	0.0	0.0	0.0	イノチオフローラ㈱	経費	租税公課
202301	005000000	43	業務委託費	0.0	0.0	0.0	0.0	0.0	0.0	イノチオフローラ㈱	経費	業務委託費
202301	005000000	44	業務受託収入	0.0	0.0	0.0	0.0	0.0	0.0	イノチオフローラ㈱	経費	業務受託収入
202301	005000000	45	システム管理料	0.0	0.0	0.0	0.0	0.0	0.0	イノチオフローラ㈱	経費	システム管理料
202301	005000000	46	情報機器利用料	64000.0	64000.0	64000.0	0.8	100.0	100.0	イノチオフローラ㈱	経費	情報機器利用料
202301	005000000	47	貸倒金	0.0	0.0	0.0	0.0	0.0	0.0	イノチオフローラ㈱	経費	貸倒金
202301	005000000	48	雑費	47695.0	47695.0	296.0	0.0	0.6	0.6	イノチオフローラ㈱	経費	雑費
202301	005000000	49	福利消耗品費	10000.0	10000.0	0.0	0.0	0.0	0.0	イノチオフローラ㈱	経費	福利消耗品費
202301	005000000	50	教育研修費	2800.0	2800.0	2429.0	0.0	86.7	86.7	イノチオフローラ㈱	経費	教育研修費
202301	005000000	51	雑給	0.0	0.0	0.0	0.0	0.0	0.0	イノチオフローラ㈱	経費	雑給
202301	005000000	52	社内金利（固定資産）	0.0	0.0	0.0	0.0	0.0	0.0	イノチオフローラ㈱	経費	社内金利（固定資産）
202301	005000000	53	グループ共通	267000.0	267000.0	267000.0	3.5	100.0	100.0	イノチオフローラ㈱	経費	グループ共通
202301	005000000	54	差引収益	2957501.0	1420741.0	146750.0	1.9	10.3	4.9	イノチオフローラ㈱		
202301	005000000	55	差引比率	33.2	17.2	1.9		11.0	5.7	イノチオフローラ㈱		
202301	005000000	56	総時間	1628.5	1172.5	1077.25		91.8	66.1	イノチオフローラ㈱		
202301	005000000	57	定時間	1296.0	1008.0	980.0		97.2	75.6	イノチオフローラ㈱	時間	
202301	005000000	58	残業時間	311.0	143.0	86.5		60.4	27.8	イノチオフローラ㈱	時間	
202301	005000000	59	移動時間	21.5	21.5	10.75		50.0	50.0	イノチオフローラ㈱	時間	
202301	005000000	60	当月時間当り	1816.0	1211.7	136.2		11.2	7.5	イノチオフローラ㈱		
202301	005000000	61	人員	8.0	7.0	7.0		100.0	87.5	イノチオフローラ㈱		
202302	005000000	1	総受注高	4029000.0	4420460.0	5380217.0		121.7	133.5	イノチオフローラ㈱	受注	
202302	005000000	2	総売上高	4029000.0	4420460.0	5380217.0		121.7	133.5	イノチオフローラ㈱		
202302	005000000	3	切り花売上	693000.0	1313060.0	2239324.0	41.6	170.5	323.1	イノチオフローラ㈱	売上	
202302	005000000	4	研究受託売上   	3031000.0	2802400.0	2802400.0	52.0	100.0	92.4	イノチオフローラ㈱	売上	
202302	005000000	5	その他売上	225000.0	225000.0	312628.0	5.8	138.9	138.9	イノチオフローラ㈱	売上	
202302	005000000	6	堆肥売上            	80000.0	80000.0	25865.0	0.4	32.3	32.3	イノチオフローラ㈱	売上	
202302	005000000	7	経費合計	4415366.0	5012379.0	4879443.0	90.6	97.3	110.5	イノチオフローラ㈱		
202302	005000000	8	種苗費	0.0	0.0	0.0	0.0	0.0	0.0	イノチオフローラ㈱	経費	種苗費
202302	005000000	9	肥料費	0.0	103400.0	144320.0	2.6	139.5	0.0	イノチオフローラ㈱	経費	肥料費
202302	005000000	10	培土費用	0.0	0.0	0.0	0.0	0.0	0.0	イノチオフローラ㈱	経費	培土費用
202302	005000000	11	農薬衛生費	200000.0	200000.0	190290.0	3.5	95.1	95.1	イノチオフローラ㈱	経費	農薬衛生費
202302	005000000	12	農具費	10000.0	68000.0	140624.0	2.6	206.8		イノチオフローラ㈱	経費	農具費
202302	005000000	13	諸材料費	120000.0	21000.0	0.0	0.0	0.0	0.0	イノチオフローラ㈱	経費	諸材料費
202302	005000000	14	その他仕入高	144000.0	144000.0	238601.0	4.4	165.6	165.6	イノチオフローラ㈱	経費	その他仕入高
202302	005000000	15	減価償却費	878491.0	898118.0	898118.0	16.6	100.0	102.2	イノチオフローラ㈱	経費	減価償却費
202302	005000000	16	車両費	236047.0	236047.0	179160.0	3.3	75.9	75.9	イノチオフローラ㈱	経費	車両費
202302	005000000	17	旅費交通費	130000.0	130000.0	45046.0	0.8	34.6	34.6	イノチオフローラ㈱	経費	旅費交通費
202302	005000000	18	荷造運搬費	70414.0	95400.0	134489.0	2.4	140.9	190.9	イノチオフローラ㈱	経費	荷造運搬費
202302	005000000	19	通信費	28800.0	28800.0	29268.0	0.5	101.6	101.6	イノチオフローラ㈱	経費	通信費
202302	005000000	20	水道光熱費	201539.0	251539.0	261562.0	4.8	103.9	129.7	イノチオフローラ㈱	経費	水道光熱費
202302	005000000	21	動力費	509475.0	809475.0	943096.0	17.5	116.5	185.1	イノチオフローラ㈱	経費	動力費
202302	005000000	22	燃料費	1247200.0	1387200.0	1226440.0	22.7	88.4	98.3	イノチオフローラ㈱	経費	燃料費
202302	005000000	23	事務用品費	8800.0	8800.0	504.0	0.0	5.7	5.7	イノチオフローラ㈱	経費	事務用品費
202302	005000000	24	消耗品費	30000.0	30000.0	4840.0	0.0	16.1	16.1	イノチオフローラ㈱	経費	消耗品費
202302	005000000	25	廃棄物処理料	0.0	0.0	52110.0	0.9	0.0	0.0	イノチオフローラ㈱	経費	廃棄物処理料
202302	005000000	26	広告宣伝費	0.0	0.0	0.0	0.0	0.0	0.0	イノチオフローラ㈱	経費	広告宣伝費
202302	005000000	27	接待交際費	50000.0	50000.0	0.0	0.0	0.0	0.0	イノチオフローラ㈱	経費	接待交際費
202302	005000000	28	研究開発費	0.0	0.0	0.0	0.0	0.0	0.0	イノチオフローラ㈱	経費	研究開発費
202302	005000000	29	クレーム費	0.0	0.0	0.0	0.0	0.0	0.0	イノチオフローラ㈱	経費	クレーム費
202302	005000000	30	賃借料	0.0	0.0	0.0	0.0	0.0	0.0	イノチオフローラ㈱	経費	賃借料
202302	005000000	31	賃貸料収入	0.0	0.0	0.0	0.0	0.0	0.0	イノチオフローラ㈱	経費	賃貸料収入
202302	005000000	32	修繕費	160000.0	160000.0	45000.0	0.8	28.1	28.1	イノチオフローラ㈱	経費	修繕費
202302	005000000	33	支払リース料	4800.0	4800.0	4700.0	0.0	97.9	97.9	イノチオフローラ㈱	経費	支払リース料
202302	005000000	34	保険料	0.0	0.0	0.0	0.0	0.0	0.0	イノチオフローラ㈱	経費	保険料
202302	005000000	35	支払報酬	0.0	0.0	0.0	0.0	0.0	0.0	イノチオフローラ㈱	経費	支払報酬
202302	005000000	36	販売手数料	0.0	0.0	0.0	0.0	0.0	0.0	イノチオフローラ㈱	経費	販売手数料
202302	005000000	37	支払手数料	12000.0	12000.0	7550.0	0.1	62.9	62.9	イノチオフローラ㈱	経費	支払手数料
202302	005000000	38	診断料	0.0	0.0	0.0	0.0	0.0	0.0	イノチオフローラ㈱	経費	診断料
202302	005000000	39	諸会費	0.0	0.0	0.0	0.0	0.0	0.0	イノチオフローラ㈱	経費	諸会費
202302	005000000	40	会議費	0.0	0.0	0.0	0.0	0.0	0.0	イノチオフローラ㈱	経費	会議費
202302	005000000	41	寄付金	0.0	0.0	0.0	0.0	0.0	0.0	イノチオフローラ㈱	経費	寄付金
202302	005000000	42	租税公課	10000.0	10000.0	0.0	0.0	0.0	0.0	イノチオフローラ㈱	経費	租税公課
202302	005000000	43	業務委託費	0.0	0.0	0.0	0.0	0.0	0.0	イノチオフローラ㈱	経費	業務委託費
202302	005000000	44	業務受託収入	0.0	0.0	0.0	0.0	0.0	0.0	イノチオフローラ㈱	経費	業務受託収入
202302	005000000	45	システム管理料	0.0	0.0	0.0	0.0	0.0	0.0	イノチオフローラ㈱	経費	システム管理料
202302	005000000	46	情報機器利用料	64000.0	64000.0	64000.0	1.1	100.0	100.0	イノチオフローラ㈱	経費	情報機器利用料
202302	005000000	47	貸倒金	0.0	0.0	0.0	0.0	0.0	0.0	イノチオフローラ㈱	経費	貸倒金
202302	005000000	48	雑費	20000.0	20000.0	296.0	0.0	1.4	1.4	イノチオフローラ㈱	経費	雑費
202302	005000000	49	福利消耗品費	10000.0	10000.0	0.0	0.0	0.0	0.0	イノチオフローラ㈱	経費	福利消耗品費
202302	005000000	50	教育研修費	2800.0	2800.0	2429.0	0.0	86.7	86.7	イノチオフローラ㈱	経費	教育研修費
202302	005000000	51	雑給	0.0	0.0	0.0	0.0	0.0	0.0	イノチオフローラ㈱	経費	雑給
202302	005000000	52	社内金利（固定資産）	0.0	0.0	0.0	0.0	0.0	0.0	イノチオフローラ㈱	経費	社内金利（固定資産）
202302	005000000	53	グループ共通	267000.0	267000.0	267000.0	4.9	100.0	100.0	イノチオフローラ㈱	経費	グループ共通
202302	005000000	54	差引収益	-386366.0	-591919.0	500774.0	9.3	0.0	0.0	イノチオフローラ㈱		
202302	005000000	55	差引比率	-9.5	-13.3	9.3		0.0	0.0	イノチオフローラ㈱		
202302	005000000	56	総時間	1364.5	1207.0	1082.75		89.7	79.3	イノチオフローラ㈱		
202302	005000000	57	定時間	1216.0	1064.0	1016.0		95.4	83.5	イノチオフローラ㈱	時間	
202302	005000000	58	残業時間	126.0	120.5	55.5		46.0	44.0	イノチオフローラ㈱	時間	
202302	005000000	59	移動時間	22.5	22.5	11.25		50.0	50.0	イノチオフローラ㈱	時間	
202302	005000000	60	当月時間当り	-283.1	-490.4	462.5		0.0	0.0	イノチオフローラ㈱		
202302	005000000	61	人員	8.0	7.0	7.0		100.0	87.5	イノチオフローラ㈱		
202303	005000000	1	総受注高	1043000.0	1104540.0	1424879.0		129.0	136.6	イノチオフローラ㈱	受注	
202303	005000000	2	総売上高	1043000.0	1104540.0	1424879.0		129.0	136.6	イノチオフローラ㈱		
202303	005000000	3	切り花売上	693000.0	540540.0	915888.0	64.2	169.4	132.1	イノチオフローラ㈱	売上	
202303	005000000	4	研究受託売上   	250000.0	320000.0	320000.0	22.4	100.0	128.0	イノチオフローラ㈱	売上	
202303	005000000	5	その他売上	0.0	144000.0	139901.0	9.8	97.1	0.0	イノチオフローラ㈱	売上	
202303	005000000	6	堆肥売上            	100000.0	100000.0	49090.0	3.4	49.0	49.0	イノチオフローラ㈱	売上	
202303	005000000	7	経費合計	4383745.0	5397865.0	5130160.0	360.0	95.0	117.0	イノチオフローラ㈱		
202303	005000000	8	種苗費	0.0	400000.0	470520.0	33.0	117.6	0.0	イノチオフローラ㈱	経費	種苗費
202303	005000000	9	肥料費	0.0	0.0	0.0	0.0	0.0	0.0	イノチオフローラ㈱	経費	肥料費
202303	005000000	10	培土費用	0.0	0.0	0.0	0.0	0.0	0.0	イノチオフローラ㈱	経費	培土費用
202303	005000000	11	農薬衛生費	250000.0	250000.0	445027.0	31.2	178.0	178.0	イノチオフローラ㈱	経費	農薬衛生費
202303	005000000	12	農具費	23863.0	23863.0	71185.0	4.9	298.3	298.3	イノチオフローラ㈱	経費	農具費
202303	005000000	13	諸材料費	0.0	22000.0	0.0	0.0	0.0	0.0	イノチオフローラ㈱	経費	諸材料費
202303	005000000	14	その他仕入高	0.0	144000.0	426249.0	29.9	296.0	0.0	イノチオフローラ㈱	経費	その他仕入高
202303	005000000	15	減価償却費	878215.0	878215.0	897852.0	63.0	102.2	102.2	イノチオフローラ㈱	経費	減価償却費
202303	005000000	16	車両費	261070.0	261070.0	269410.0	18.9	103.1	103.1	イノチオフローラ㈱	経費	車両費
202303	005000000	17	旅費交通費	80000.0	80000.0	22473.0	1.5	28.0	28.0	イノチオフローラ㈱	経費	旅費交通費
202303	005000000	18	荷造運搬費	31326.0	31326.0	74289.0	5.2	237.1	237.1	イノチオフローラ㈱	経費	荷造運搬費
202303	005000000	19	通信費	25000.0	25000.0	33186.0	2.3	132.7	132.7	イノチオフローラ㈱	経費	通信費
202303	005000000	20	水道光熱費	200869.0	250869.0	203128.0	14.2	80.9	101.1	イノチオフローラ㈱	経費	水道光熱費
202303	005000000	21	動力費	495116.0	795116.0	710561.0	49.8	89.3	143.5	イノチオフローラ㈱	経費	動力費
202303	005000000	22	燃料費	935000.0	1045000.0	814600.0	57.1	77.9	87.1	イノチオフローラ㈱	経費	燃料費
202303	005000000	23	事務用品費	5000.0	5000.0	2128.0	0.1	42.5	42.5	イノチオフローラ㈱	経費	事務用品費
202303	005000000	24	消耗品費	30000.0	30000.0	17398.0	1.2	57.9	57.9	イノチオフローラ㈱	経費	消耗品費
202303	005000000	25	廃棄物処理料	30000.0	30000.0	0.0	0.0	0.0	0.0	イノチオフローラ㈱	経費	廃棄物処理料
202303	005000000	26	広告宣伝費	0.0	0.0	0.0	0.0	0.0	0.0	イノチオフローラ㈱	経費	広告宣伝費
202303	005000000	27	接待交際費	20000.0	20000.0	4485.0	0.3	22.4	22.4	イノチオフローラ㈱	経費	接待交際費
202303	005000000	28	研究開発費	0.0	0.0	0.0	0.0	0.0	0.0	イノチオフローラ㈱	経費	研究開発費
202303	005000000	29	クレーム費	0.0	0.0	0.0	0.0	0.0	0.0	イノチオフローラ㈱	経費	クレーム費
202303	005000000	30	賃借料	0.0	0.0	0.0	0.0	0.0	0.0	イノチオフローラ㈱	経費	賃借料
202303	005000000	31	賃貸料収入	0.0	0.0	0.0	0.0	0.0	0.0	イノチオフローラ㈱	経費	賃貸料収入
202303	005000000	32	修繕費	60000.0	60000.0	88357.0	6.2	147.2	147.2	イノチオフローラ㈱	経費	修繕費
202303	005000000	33	支払リース料	4800.0	4800.0	4700.0	0.3	97.9	97.9	イノチオフローラ㈱	経費	支払リース料
202303	005000000	34	保険料	179390.0	261510.0	232330.0	16.3	88.8	129.5	イノチオフローラ㈱	経費	保険料
202303	005000000	35	支払報酬	0.0	0.0	0.0	0.0	0.0	0.0	イノチオフローラ㈱	経費	支払報酬
202303	005000000	36	販売手数料	0.0	0.0	0.0	0.0	0.0	0.0	イノチオフローラ㈱	経費	販売手数料
202303	005000000	37	支払手数料	12000.0	12000.0	8550.0	0.6	71.2	71.2	イノチオフローラ㈱	経費	支払手数料
202303	005000000	38	診断料	0.0	0.0	0.0	0.0	0.0	0.0	イノチオフローラ㈱	経費	診断料
202303	005000000	39	諸会費	0.0	0.0	0.0	0.0	0.0	0.0	イノチオフローラ㈱	経費	諸会費
202303	005000000	40	会議費	0.0	0.0	0.0	0.0	0.0	0.0	イノチオフローラ㈱	経費	会議費
202303	005000000	41	寄付金	0.0	0.0	0.0	0.0	0.0	0.0	イノチオフローラ㈱	経費	寄付金
202303	005000000	42	租税公課	10000.0	10000.0	3.0	0.0	0.0	0.0	イノチオフローラ㈱	経費	租税公課
202303	005000000	43	業務委託費	0.0	0.0	0.0	0.0	0.0	0.0	イノチオフローラ㈱	経費	業務委託費
202303	005000000	44	業務受託収入	0.0	0.0	0.0	0.0	0.0	0.0	イノチオフローラ㈱	経費	業務受託収入
202303	005000000	45	システム管理料	0.0	0.0	0.0	0.0	0.0	0.0	イノチオフローラ㈱	経費	システム管理料
202303	005000000	46	情報機器利用料	64000.0	64000.0	64000.0	4.4	100.0	100.0	イノチオフローラ㈱	経費	情報機器利用料
202303	005000000	47	貸倒金	0.0	0.0	0.0	0.0	0.0	0.0	イノチオフローラ㈱	経費	貸倒金
202303	005000000	48	雑費	508296.0	414296.0	300.0	0.0	0.0	0.0	イノチオフローラ㈱	経費	雑費
202303	005000000	49	福利消耗品費	10000.0	10000.0	0.0	0.0	0.0	0.0	イノチオフローラ㈱	経費	福利消耗品費
202303	005000000	50	教育研修費	2800.0	2800.0	2429.0	0.1	86.7	86.7	イノチオフローラ㈱	経費	教育研修費
202303	005000000	51	雑給	0.0	0.0	0.0	0.0	0.0	0.0	イノチオフローラ㈱	経費	雑給
202303	005000000	52	社内金利（固定資産）	0.0	0.0	0.0	0.0	0.0	0.0	イノチオフローラ㈱	経費	社内金利（固定資産）
202303	005000000	53	グループ共通	267000.0	267000.0	267000.0	18.7	100.0	100.0	イノチオフローラ㈱	経費	グループ共通
202303	005000000	54	差引収益	-3340745.0	-4293325.0	-3705281.0	0.0	0.0	0.0	イノチオフローラ㈱		
202303	005000000	55	差引比率	-320.3	-388.6	-260.0		0.0	0.0	イノチオフローラ㈱		
202303	005000000	56	総時間	1677.5	1415.5	1243.75		87.8	74.1	イノチオフローラ㈱		
202303	005000000	57	定時間	1408.0	1232.0	1156.0		93.8	82.1	イノチオフローラ㈱	時間	
202303	005000000	58	残業時間	243.0	157.0	74.0		47.1	30.4	イノチオフローラ㈱	時間	
202303	005000000	59	移動時間	26.5	26.5	13.75		51.8	51.8	イノチオフローラ㈱	時間	
202303	005000000	60	当月時間当り	-1991.5	-3033.0	-2979.1		0.0	0.0	イノチオフローラ㈱		
202303	005000000	61	人員	8.0	7.0	7.0		100.0	87.5	イノチオフローラ㈱		
202304	005000000	1	総受注高	884000.0	1080000.0	1318592.0		122.0	149.1	イノチオフローラ㈱	受注	
202304	005000000	2	総売上高	884000.0	1060000.0	1318592.0		124.3	149.1	イノチオフローラ㈱		
202304	005000000	3	切り花売上	0.0	80000.0	190650.0	14.4	238.3	0.0	イノチオフローラ㈱	売上	
202304	005000000	4	研究受託売上   	784000.0	880000.0	880000.0	66.7	100.0	112.2	イノチオフローラ㈱	売上	
202304	005000000	5	その他売上	0.0	0.0	246123.0	18.6	0.0	0.0	イノチオフローラ㈱	売上	
202304	005000000	6	堆肥売上            	100000.0	100000.0	1819.0	0.1	1.8	1.8	イノチオフローラ㈱	売上	
202304	005000000	7	経費合計	3954519.0	4195744.0	3596670.0	272.7	85.7	90.9	イノチオフローラ㈱		
202304	005000000	8	種苗費	285000.0	282500.0	275760.0	20.9	97.6	96.7	イノチオフローラ㈱	経費	種苗費
202304	005000000	9	肥料費	61500.0	24300.0	24700.0	1.8	101.6	40.1	イノチオフローラ㈱	経費	肥料費
202304	005000000	10	培土費用	0.0	0.0	0.0	0.0	0.0	0.0	イノチオフローラ㈱	経費	培土費用
202304	005000000	11	農薬衛生費	659350.0	559350.0	443513.0	33.6	79.2	67.2	イノチオフローラ㈱	経費	農薬衛生費
202304	005000000	12	農具費	91000.0	230000.0	254766.0	19.3	110.7	279.9	イノチオフローラ㈱	経費	農具費
202304	005000000	13	諸材料費	125850.0	63000.0	52101.0	3.9	82.7	41.3	イノチオフローラ㈱	経費	諸材料費
202304	005000000	14	その他仕入高	0.0	0.0	114507.0	8.6	0.0	0.0	イノチオフローラ㈱	経費	その他仕入高
202304	005000000	15	減価償却費	806766.0	806766.0	806772.0	61.1	100.0	100.0	イノチオフローラ㈱	経費	減価償却費
202304	005000000	16	車両費	152817.0	152800.0	104426.0	7.9	68.3	68.3	イノチオフローラ㈱	経費	車両費
202304	005000000	17	旅費交通費	20000.0	30000.0	18137.0	1.3	60.4	90.6	イノチオフローラ㈱	経費	旅費交通費
202304	005000000	18	荷造運搬費	0.0	13500.0	132872.0	10.0	984.2	0.0	イノチオフローラ㈱	経費	荷造運搬費
202304	005000000	19	通信費	34197.0	36000.0	29532.0	2.2	82.0	86.3	イノチオフローラ㈱	経費	通信費
202304	005000000	20	水道光熱費	192664.0	192664.0	39082.0	2.9	20.2	20.2	イノチオフローラ㈱	経費	水道光熱費
202304	005000000	21	動力費	451575.0	451575.0	52086.0	3.9	11.5	11.5	イノチオフローラ㈱	経費	動力費
202304	005000000	22	燃料費	398500.0	438500.0	356000.0	26.9	81.1	89.3	イノチオフローラ㈱	経費	燃料費
202304	005000000	23	事務用品費	8500.0	8500.0	1036.0	0.0	12.1	12.1	イノチオフローラ㈱	経費	事務用品費
202304	005000000	24	消耗品費	30000.0	30000.0	20296.0	1.5	67.6	67.6	イノチオフローラ㈱	経費	消耗品費
202304	005000000	25	廃棄物処理料	40000.0	40000.0	0.0	0.0	0.0	0.0	イノチオフローラ㈱	経費	廃棄物処理料
202304	005000000	26	広告宣伝費	0.0	0.0	0.0	0.0	0.0	0.0	イノチオフローラ㈱	経費	広告宣伝費
202304	005000000	27	接待交際費	0.0	40000.0	0.0	0.0	0.0	0.0	イノチオフローラ㈱	経費	接待交際費
202304	005000000	28	研究開発費	0.0	0.0	0.0	0.0	0.0	0.0	イノチオフローラ㈱	経費	研究開発費
202304	005000000	29	クレーム費	0.0	0.0	0.0	0.0	0.0	0.0	イノチオフローラ㈱	経費	クレーム費
202304	005000000	30	賃借料	0.0	0.0	0.0	0.0	0.0	0.0	イノチオフローラ㈱	経費	賃借料
202304	005000000	31	賃貸料収入	-30000.0	-30000.0	-54546.0	0.0	0.0	0.0	イノチオフローラ㈱	経費	賃貸料収入
202304	005000000	32	修繕費	60000.0	260000.0	329409.0	24.9	126.6	549.0	イノチオフローラ㈱	経費	修繕費
202304	005000000	33	支払リース料	4800.0	4800.0	4700.0	0.3	97.9	97.9	イノチオフローラ㈱	経費	支払リース料
202304	005000000	34	保険料	0.0	0.0	29180.0	2.2	0.0	0.0	イノチオフローラ㈱	経費	保険料
202304	005000000	35	支払報酬	0.0	0.0	56440.0	4.2	0.0	0.0	イノチオフローラ㈱	経費	支払報酬
202304	005000000	36	販売手数料	200000.0	200000.0	203110.0	15.4	101.5	101.5	イノチオフローラ㈱	経費	販売手数料
202304	005000000	37	支払手数料	9760.0	9760.0	11520.0	0.8	118.0	118.0	イノチオフローラ㈱	経費	支払手数料
202304	005000000	38	診断料	0.0	0.0	0.0	0.0	0.0	0.0	イノチオフローラ㈱	経費	診断料
202304	005000000	39	諸会費	0.0	0.0	0.0	0.0	0.0	0.0	イノチオフローラ㈱	経費	諸会費
202304	005000000	40	会議費	0.0	0.0	0.0	0.0	0.0	0.0	イノチオフローラ㈱	経費	会議費
202304	005000000	41	寄付金	0.0	0.0	0.0	0.0	0.0	0.0	イノチオフローラ㈱	経費	寄付金
202304	005000000	42	租税公課	10000.0	10000.0	0.0	0.0	0.0	0.0	イノチオフローラ㈱	経費	租税公課
202304	005000000	43	業務委託費	0.0	0.0	0.0	0.0	0.0	0.0	イノチオフローラ㈱	経費	業務委託費
202304	005000000	44	業務受託収入	0.0	0.0	0.0	0.0	0.0	0.0	イノチオフローラ㈱	経費	業務受託収入
202304	005000000	45	システム管理料	0.0	0.0	0.0	0.0	0.0	0.0	イノチオフローラ㈱	経費	システム管理料
202304	005000000	46	情報機器利用料	40440.0	40440.0	41040.0	3.1	101.4	101.4	イノチオフローラ㈱	経費	情報機器利用料
202304	005000000	47	貸倒金	0.0	0.0	0.0	0.0	0.0	0.0	イノチオフローラ㈱	経費	貸倒金
202304	005000000	48	雑費	20000.0	20000.0	175.0	0.0	0.8	0.8	イノチオフローラ㈱	経費	雑費
202304	005000000	49	福利消耗品費	70000.0	70000.0	0.0	0.0	0.0	0.0	イノチオフローラ㈱	経費	福利消耗品費
202304	005000000	50	教育研修費	2800.0	2800.0	41056.0	3.1			イノチオフローラ㈱	経費	教育研修費
202304	005000000	51	雑給	0.0	0.0	0.0	0.0	0.0	0.0	イノチオフローラ㈱	経費	雑給
202304	005000000	52	社内金利（固定資産）	0.0	-511.0	0.0	0.0	0.0	0.0	イノチオフローラ㈱	経費	社内金利（固定資産）
202304	005000000	53	グループ共通	209000.0	209000.0	209000.0	15.8	100.0	100.0	イノチオフローラ㈱	経費	グループ共通
202304	005000000	54	差引収益	-3070519.0	-3135744.0	-2278078.0	0.0	0.0	0.0	イノチオフローラ㈱		
202304	005000000	55	差引比率	-347.3	-295.8	-172.7		0.0	0.0	イノチオフローラ㈱		
202304	005000000	56	総時間	1157.5	1191.5	1065.75		89.4	92.0	イノチオフローラ㈱		
202304	005000000	57	定時間	1056.0	1088.0	1002.0		92.0	94.8	イノチオフローラ㈱	時間	
202304	005000000	58	残業時間	64.0	61.0	44.75		73.3	69.9	イノチオフローラ㈱	時間	
202304	005000000	59	移動時間	37.5	42.5	19.0		44.7	50.6	イノチオフローラ㈱	時間	
202304	005000000	60	当月時間当り	-2652.7	-2631.7	-2137.5		0.0	0.0	イノチオフローラ㈱		
202304	005000000	61	人員	6.0	6.0	7.0		116.6	116.6	イノチオフローラ㈱		
202305	005000000	1	総受注高	194057.0	256705.0	519551.0		202.3	267.7	イノチオフローラ㈱	受注	
202305	005000000	2	総売上高	194057.0	256705.0	519551.0		202.3	267.7	イノチオフローラ㈱		
202305	005000000	3	切り花売上	184057.0	233905.0	377736.0	72.7	161.4	205.2	イノチオフローラ㈱	売上	
202305	005000000	4	研究受託売上   	0.0	0.0	0.0	0.0	0.0	0.0	イノチオフローラ㈱	売上	
202305	005000000	5	その他売上	0.0	12800.0	37967.0	7.3	296.6	0.0	イノチオフローラ㈱	売上	
202305	005000000	6	堆肥売上            	10000.0	10000.0	103848.0	19.9			イノチオフローラ㈱	売上	
202305	005000000	7	経費合計	4032713.0	4829957.0	4860766.0	935.5	100.6	120.5	イノチオフローラ㈱		
202305	005000000	8	種苗費	80000.0	80000.0	81160.0	15.6	101.4	101.4	イノチオフローラ㈱	経費	種苗費
202305	005000000	9	肥料費	233600.0	257900.0	171880.0	33.0	66.6	73.5	イノチオフローラ㈱	経費	肥料費
202305	005000000	10	培土費用	0.0	0.0	0.0	0.0	0.0	0.0	イノチオフローラ㈱	経費	培土費用
202305	005000000	11	農薬衛生費	529420.0	479420.0	380620.0	73.2	79.3	71.8	イノチオフローラ㈱	経費	農薬衛生費
202305	005000000	12	農具費	10000.0	104400.0	472038.0	90.8	452.1		イノチオフローラ㈱	経費	農具費
202305	005000000	13	諸材料費	125850.0	125850.0	124843.0	24.0	99.1	99.1	イノチオフローラ㈱	経費	諸材料費
202305	005000000	14	その他仕入高	12800.0	12800.0	138288.0	26.6			イノチオフローラ㈱	経費	その他仕入高
202305	005000000	15	減価償却費	806759.0	806759.0	806765.0	155.2	100.0	100.0	イノチオフローラ㈱	経費	減価償却費
202305	005000000	16	車両費	113946.0	128946.0	150896.0	29.0	117.0	132.4	イノチオフローラ㈱	経費	車両費
202305	005000000	17	旅費交通費	10000.0	10000.0	30900.0	5.9	309.0	309.0	イノチオフローラ㈱	経費	旅費交通費
202305	005000000	18	荷造運搬費	11556.0	5000.0	26172.0	5.0	523.4	226.4	イノチオフローラ㈱	経費	荷造運搬費
202305	005000000	19	通信費	37929.0	37929.0	32644.0	6.2	86.0	86.0	イノチオフローラ㈱	経費	通信費
202305	005000000	20	水道光熱費	188943.0	258943.0	302459.0	58.2	116.8	160.0	イノチオフローラ㈱	経費	水道光熱費
202305	005000000	21	動力費	406170.0	600000.0	855359.0	164.6	142.5	210.5	イノチオフローラ㈱	経費	動力費
202305	005000000	22	燃料費	401500.0	441500.0	341600.0	65.7	77.3	85.0	イノチオフローラ㈱	経費	燃料費
202305	005000000	23	事務用品費	5000.0	5000.0	616.0	0.1	12.3	12.3	イノチオフローラ㈱	経費	事務用品費
202305	005000000	24	消耗品費	30000.0	30000.0	19948.0	3.8	66.4	66.4	イノチオフローラ㈱	経費	消耗品費
202305	005000000	25	廃棄物処理料	0.0	0.0	0.0	0.0	0.0	0.0	イノチオフローラ㈱	経費	廃棄物処理料
202305	005000000	26	広告宣伝費	0.0	0.0	0.0	0.0	0.0	0.0	イノチオフローラ㈱	経費	広告宣伝費
202305	005000000	27	接待交際費	0.0	40000.0	0.0	0.0	0.0	0.0	イノチオフローラ㈱	経費	接待交際費
202305	005000000	28	研究開発費	0.0	0.0	0.0	0.0	0.0	0.0	イノチオフローラ㈱	経費	研究開発費
202305	005000000	29	クレーム費	0.0	0.0	0.0	0.0	0.0	0.0	イノチオフローラ㈱	経費	クレーム費
202305	005000000	30	賃借料	0.0	0.0	0.0	0.0	0.0	0.0	イノチオフローラ㈱	経費	賃借料
202305	005000000	31	賃貸料収入	-30000.0	-30000.0	-27273.0	0.0	0.0	0.0	イノチオフローラ㈱	経費	賃貸料収入
202305	005000000	32	修繕費	60000.0	376820.0	17390.0	3.3	4.6	28.9	イノチオフローラ㈱	経費	修繕費
202305	005000000	33	支払リース料	4800.0	4800.0	4700.0	0.9	97.9	97.9	イノチオフローラ㈱	経費	支払リース料
202305	005000000	34	保険料	0.0	0.0	0.0	0.0	0.0	0.0	イノチオフローラ㈱	経費	保険料
202305	005000000	35	支払報酬	0.0	0.0	0.0	0.0	0.0	0.0	イノチオフローラ㈱	経費	支払報酬
202305	005000000	36	販売手数料	0.0	0.0	0.0	0.0	0.0	0.0	イノチオフローラ㈱	経費	販売手数料
202305	005000000	37	支払手数料	12200.0	12200.0	18819.0	3.6	154.2	154.2	イノチオフローラ㈱	経費	支払手数料
202305	005000000	38	診断料	0.0	0.0	0.0	0.0	0.0	0.0	イノチオフローラ㈱	経費	診断料
202305	005000000	39	諸会費	0.0	0.0	0.0	0.0	0.0	0.0	イノチオフローラ㈱	経費	諸会費
202305	005000000	40	会議費	0.0	0.0	0.0	0.0	0.0	0.0	イノチオフローラ㈱	経費	会議費
202305	005000000	41	寄付金	0.0	0.0	0.0	0.0	0.0	0.0	イノチオフローラ㈱	経費	寄付金
202305	005000000	42	租税公課	700000.0	700000.0	658300.0	126.7	94.0	94.0	イノチオフローラ㈱	経費	租税公課
202305	005000000	43	業務委託費	0.0	0.0	0.0	0.0	0.0	0.0	イノチオフローラ㈱	経費	業務委託費
202305	005000000	44	業務受託収入	0.0	0.0	0.0	0.0	0.0	0.0	イノチオフローラ㈱	経費	業務受託収入
202305	005000000	45	システム管理料	0.0	0.0	0.0	0.0	0.0	0.0	イノチオフローラ㈱	経費	システム管理料
202305	005000000	46	情報機器利用料	40440.0	40440.0	41040.0	7.8	101.4	101.4	イノチオフローラ㈱	経費	情報機器利用料
202305	005000000	47	貸倒金	0.0	0.0	0.0	0.0	0.0	0.0	イノチオフローラ㈱	経費	貸倒金
202305	005000000	48	雑費	20000.0	20000.0	173.0	0.0	0.8	0.8	イノチオフローラ㈱	経費	雑費
202305	005000000	49	福利消耗品費	10000.0	69450.0	0.0	0.0	0.0	0.0	イノチオフローラ㈱	経費	福利消耗品費
202305	005000000	50	教育研修費	2800.0	2800.0	2429.0	0.4	86.7	86.7	イノチオフローラ㈱	経費	教育研修費
202305	005000000	51	雑給	0.0	0.0	0.0	0.0	0.0	0.0	イノチオフローラ㈱	経費	雑給
202305	005000000	52	社内金利（固定資産）	0.0	0.0	0.0	0.0	0.0	0.0	イノチオフローラ㈱	経費	社内金利（固定資産）
202305	005000000	53	グループ共通	209000.0	209000.0	209000.0	40.2	100.0	100.0	イノチオフローラ㈱	経費	グループ共通
202305	005000000	54	差引収益	-3838656.0	-4573252.0	-4341215.0	0.0	0.0	0.0	イノチオフローラ㈱		
202305	005000000	55	差引比率	-1978.1	-1781.5	-835.5		0.0	0.0	イノチオフローラ㈱		
202305	005000000	56	総時間	1175.5	1184.5	1089.5		91.9	92.6	イノチオフローラ㈱		
202305	005000000	57	定時間	1056.0	1056.0	1032.0		97.7	97.7	イノチオフローラ㈱	時間	
202305	005000000	58	残業時間	82.0	91.0	44.0		48.3	53.6	イノチオフローラ㈱	時間	
202305	005000000	59	移動時間	37.5	37.5	13.5		36.0	36.0	イノチオフローラ㈱	時間	
202305	005000000	60	当月時間当り	-3265.5	-3860.9	-3984.5		0.0	0.0	イノチオフローラ㈱		
202305	005000000	61	人員	6.0	6.0	8.0		133.3	133.3	イノチオフローラ㈱		
202306	005000000	1	総受注高	8373169.0	9137000.0	7996571.0		87.5	95.5	イノチオフローラ㈱	受注	
202306	005000000	2	総売上高	8373169.0	9431800.0	7996571.0		84.7	95.5	イノチオフローラ㈱		
202306	005000000	3	切り花売上	1345169.0	1223000.0	424010.0	5.3	34.6	31.5	イノチオフローラ㈱	売上	
202306	005000000	4	研究受託売上   	7008000.0	8038800.0	7308000.0	91.3	90.9	104.2	イノチオフローラ㈱	売上	
202306	005000000	5	その他売上	0.0	170000.0	261831.0	3.2	154.0	0.0	イノチオフローラ㈱	売上	
202306	005000000	6	堆肥売上            	20000.0	0.0	2730.0	0.0	0.0	13.6	イノチオフローラ㈱	売上	
202306	005000000	7	経費合計	4349512.0	4052869.0	3204467.0	40.0	79.0	73.6	イノチオフローラ㈱		
202306	005000000	8	種苗費	450000.0	100000.0	104260.0	1.3	104.2	23.1	イノチオフローラ㈱	経費	種苗費
202306	005000000	9	肥料費	128545.0	128545.0	169220.0	2.1	131.6	131.6	イノチオフローラ㈱	経費	肥料費
202306	005000000	10	培土費用	0.0	0.0	0.0	0.0	0.0	0.0	イノチオフローラ㈱	経費	培土費用
202306	005000000	11	農薬衛生費	600000.0	600000.0	517554.0	6.4	86.2	86.2	イノチオフローラ㈱	経費	農薬衛生費
202306	005000000	12	農具費	123863.0	110000.0	-261745.0	0.0	0.0	0.0	イノチオフローラ㈱	経費	農具費
202306	005000000	13	諸材料費	125850.0	125850.0	0.0	0.0	0.0	0.0	イノチオフローラ㈱	経費	諸材料費
202306	005000000	14	その他仕入高	62400.0	170000.0	55786.0	0.6	32.8	89.4	イノチオフローラ㈱	経費	その他仕入高
202306	005000000	15	減価償却費	806759.0	806759.0	806765.0	10.0	100.0	100.0	イノチオフローラ㈱	経費	減価償却費
202306	005000000	16	車両費	243415.0	146215.0	92950.0	1.1	63.5	38.1	イノチオフローラ㈱	経費	車両費
202306	005000000	17	旅費交通費	110000.0	10000.0	2509.0	0.0	25.0	2.2	イノチオフローラ㈱	経費	旅費交通費
202306	005000000	18	荷造運搬費	84464.0	84464.0	91012.0	1.1	107.7	107.7	イノチオフローラ㈱	経費	荷造運搬費
202306	005000000	19	通信費	39909.0	39909.0	34793.0	0.4	87.1	87.1	イノチオフローラ㈱	経費	通信費
202306	005000000	20	水道光熱費	205330.0	205330.0	168871.0	2.1	82.2	82.2	イノチオフローラ㈱	経費	水道光熱費
202306	005000000	21	動力費	411636.0	411636.0	437282.0	5.4	106.2	106.2	イノチオフローラ㈱	経費	動力費
202306	005000000	22	燃料費	0.0	0.0	0.0	0.0	0.0	0.0	イノチオフローラ㈱	経費	燃料費
202306	005000000	23	事務用品費	7400.0	7400.0	588.0	0.0	7.9	7.9	イノチオフローラ㈱	経費	事務用品費
202306	005000000	24	消耗品費	30000.0	30000.0	2644.0	0.0	8.8	8.8	イノチオフローラ㈱	経費	消耗品費
202306	005000000	25	廃棄物処理料	0.0	40000.0	0.0	0.0	0.0	0.0	イノチオフローラ㈱	経費	廃棄物処理料
202306	005000000	26	広告宣伝費	0.0	0.0	0.0	0.0	0.0	0.0	イノチオフローラ㈱	経費	広告宣伝費
202306	005000000	27	接待交際費	0.0	0.0	0.0	0.0	0.0	0.0	イノチオフローラ㈱	経費	接待交際費
202306	005000000	28	研究開発費	0.0	0.0	0.0	0.0	0.0	0.0	イノチオフローラ㈱	経費	研究開発費
202306	005000000	29	クレーム費	0.0	0.0	0.0	0.0	0.0	0.0	イノチオフローラ㈱	経費	クレーム費
202306	005000000	30	賃借料	0.0	0.0	0.0	0.0	0.0	0.0	イノチオフローラ㈱	経費	賃借料
202306	005000000	31	賃貸料収入	-30000.0	-30000.0	-27273.0	0.0	0.0	0.0	イノチオフローラ㈱	経費	賃貸料収入
202306	005000000	32	修繕費	60000.0	176820.0	498990.0	6.2	282.2	831.6	イノチオフローラ㈱	経費	修繕費
202306	005000000	33	支払リース料	4800.0	4800.0	4700.0	0.0	97.9	97.9	イノチオフローラ㈱	経費	支払リース料
202306	005000000	34	保険料	0.0	0.0	0.0	0.0	0.0	0.0	イノチオフローラ㈱	経費	保険料
202306	005000000	35	支払報酬	436386.0	436386.0	58500.0	0.7	13.4	13.4	イノチオフローラ㈱	経費	支払報酬
202306	005000000	36	販売手数料	0.0	0.0	0.0	0.0	0.0	0.0	イノチオフローラ㈱	経費	販売手数料
202306	005000000	37	支払手数料	34400.0	34400.0	42519.0	0.5	123.6	123.6	イノチオフローラ㈱	経費	支払手数料
202306	005000000	38	診断料	0.0	0.0	0.0	0.0	0.0	0.0	イノチオフローラ㈱	経費	診断料
202306	005000000	39	諸会費	0.0	0.0	1819.0	0.0	0.0	0.0	イノチオフローラ㈱	経費	諸会費
202306	005000000	40	会議費	0.0	0.0	0.0	0.0	0.0	0.0	イノチオフローラ㈱	経費	会議費
202306	005000000	41	寄付金	0.0	0.0	0.0	0.0	0.0	0.0	イノチオフローラ㈱	経費	寄付金
202306	005000000	42	租税公課	10000.0	10000.0	0.0	0.0	0.0	0.0	イノチオフローラ㈱	経費	租税公課
202306	005000000	43	業務委託費	0.0	0.0	0.0	0.0	0.0	0.0	イノチオフローラ㈱	経費	業務委託費
202306	005000000	44	業務受託収入	0.0	0.0	0.0	0.0	0.0	0.0	イノチオフローラ㈱	経費	業務受託収入
202306	005000000	45	システム管理料	0.0	0.0	0.0	0.0	0.0	0.0	イノチオフローラ㈱	経費	システム管理料
202306	005000000	46	情報機器利用料	40440.0	40440.0	41040.0	0.5	101.4	101.4	イノチオフローラ㈱	経費	情報機器利用料
202306	005000000	47	貸倒金	0.0	0.0	0.0	0.0	0.0	0.0	イノチオフローラ㈱	経費	貸倒金
202306	005000000	48	雑費	142115.0	142115.0	87604.0	1.0	61.6	61.6	イノチオフローラ㈱	経費	雑費
202306	005000000	49	福利消耗品費	10000.0	10000.0	62650.0	0.7	626.5	626.5	イノチオフローラ㈱	経費	福利消耗品費
202306	005000000	50	教育研修費	2800.0	2800.0	2429.0	0.0	86.7	86.7	イノチオフローラ㈱	経費	教育研修費
202306	005000000	51	雑給	0.0	0.0	0.0	0.0	0.0	0.0	イノチオフローラ㈱	経費	雑給
202306	005000000	52	社内金利（固定資産）	0.0	0.0	0.0	0.0	0.0	0.0	イノチオフローラ㈱	経費	社内金利（固定資産）
202306	005000000	53	グループ共通	209000.0	209000.0	209000.0	2.6	100.0	100.0	イノチオフローラ㈱	経費	グループ共通
202306	005000000	54	差引収益	4023657.0	5378931.0	4792104.0	59.9	89.0	119.0	イノチオフローラ㈱		
202306	005000000	55	差引比率	48.0	57.0	59.9		105.0	124.7	イノチオフローラ㈱		
202306	005000000	56	総時間	1217.0	1192.0	1147.5		96.2	94.2	イノチオフローラ㈱		
202306	005000000	57	定時間	1104.0	1104.0	1078.0		97.6	97.6	イノチオフローラ㈱	時間	
202306	005000000	58	残業時間	73.0	63.0	55.0		87.3	75.3	イノチオフローラ㈱	時間	
202306	005000000	59	移動時間	40.0	25.0	14.5		58.0	36.2	イノチオフローラ㈱	時間	
202306	005000000	60	当月時間当り	3306.2	4512.5	4176.1		92.5	126.3	イノチオフローラ㈱		
202306	005000000	61	人員	6.0	7.0	6.0		85.7	100.0	イノチオフローラ㈱		
202307	005000000	1	総受注高	6885604.0	8164782.0	8078083.0		98.9	117.3	イノチオフローラ㈱	受注	
202307	005000000	2	総売上高	6885604.0	8691832.0	8078083.0		92.9	117.3	イノチオフローラ㈱		
202307	005000000	3	切り花売上	2846187.0	3333920.0	3007470.0	37.2	90.2	105.6	イノチオフローラ㈱	売上	
202307	005000000	4	研究受託売上   	3830400.0	5157912.0	4579920.0	56.6	88.7	119.5	イノチオフローラ㈱	売上	
202307	005000000	5	その他売上	209017.0	200000.0	490693.0	6.0	245.3	234.7	イノチオフローラ㈱	売上	
202307	005000000	6	堆肥売上            	0.0	0.0	0.0	0.0	0.0	0.0	イノチオフローラ㈱	売上	
202307	005000000	7	経費合計	4478965.0	5675105.0	5969569.0	73.8	105.1	133.2	イノチオフローラ㈱		
202307	005000000	8	種苗費	200000.0	128900.0	199330.0	2.4	154.6	99.6	イノチオフローラ㈱	経費	種苗費
202307	005000000	9	肥料費	61500.0	37200.0	74800.0	0.9	201.0	121.6	イノチオフローラ㈱	経費	肥料費
202307	005000000	10	培土費用	0.0	0.0	0.0	0.0	0.0	0.0	イノチオフローラ㈱	経費	培土費用
202307	005000000	11	農薬衛生費	650000.0	785150.0	797937.0	9.8	101.6	122.7	イノチオフローラ㈱	経費	農薬衛生費
202307	005000000	12	農具費	73400.0	30000.0	26195.0	0.3	87.3	35.6	イノチオフローラ㈱	経費	農具費
202307	005000000	13	諸材料費	223200.0	150850.0	127611.0	1.5	84.5	57.1	イノチオフローラ㈱	経費	諸材料費
202307	005000000	14	その他仕入高	150000.0	180000.0	278599.0	3.4	154.7	185.7	イノチオフローラ㈱	経費	その他仕入高
202307	005000000	15	減価償却費	806759.0	806759.0	806765.0	9.9	100.0	100.0	イノチオフローラ㈱	経費	減価償却費
202307	005000000	16	車両費	228242.0	228242.0	196550.0	2.4	86.1	86.1	イノチオフローラ㈱	経費	車両費
202307	005000000	17	旅費交通費	10000.0	10000.0	0.0	0.0	0.0	0.0	イノチオフローラ㈱	経費	旅費交通費
202307	005000000	18	荷造運搬費	178713.0	178713.0	265154.0	3.2	148.3	148.3	イノチオフローラ㈱	経費	荷造運搬費
202307	005000000	19	通信費	34259.0	34259.0	31378.0	0.3	91.5	91.5	イノチオフローラ㈱	経費	通信費
202307	005000000	20	水道光熱費	205077.0	215077.0	160044.0	1.9	74.4	78.0	イノチオフローラ㈱	経費	水道光熱費
202307	005000000	21	動力費	381586.0	510000.0	407222.0	5.0	79.8	106.7	イノチオフローラ㈱	経費	動力費
202307	005000000	22	燃料費	63000.0	63000.0	0.0	0.0	0.0	0.0	イノチオフローラ㈱	経費	燃料費
202307	005000000	23	事務用品費	5000.0	5000.0	5408.0	0.0	108.1	108.1	イノチオフローラ㈱	経費	事務用品費
202307	005000000	24	消耗品費	30000.0	30000.0	14412.0	0.1	48.0	48.0	イノチオフローラ㈱	経費	消耗品費
202307	005000000	25	廃棄物処理料	30000.0	30000.0	0.0	0.0	0.0	0.0	イノチオフローラ㈱	経費	廃棄物処理料
202307	005000000	26	広告宣伝費	0.0	0.0	0.0	0.0	0.0	0.0	イノチオフローラ㈱	経費	広告宣伝費
202307	005000000	27	接待交際費	0.0	0.0	0.0	0.0	0.0	0.0	イノチオフローラ㈱	経費	接待交際費
202307	005000000	28	研究開発費	0.0	0.0	0.0	0.0	0.0	0.0	イノチオフローラ㈱	経費	研究開発費
202307	005000000	29	クレーム費	0.0	0.0	0.0	0.0	0.0	0.0	イノチオフローラ㈱	経費	クレーム費
202307	005000000	30	賃借料	0.0	0.0	0.0	0.0	0.0	0.0	イノチオフローラ㈱	経費	賃借料
202307	005000000	31	賃貸料収入	-30000.0	-30000.0	-27273.0	0.0	0.0	0.0	イノチオフローラ㈱	経費	賃貸料収入
202307	005000000	32	修繕費	60000.0	1135500.0	1298057.0	16.0	114.3		イノチオフローラ㈱	経費	修繕費
202307	005000000	33	支払リース料	4800.0	4800.0	4700.0	0.0	97.9	97.9	イノチオフローラ㈱	経費	支払リース料
202307	005000000	34	保険料	0.0	0.0	0.0	0.0	0.0	0.0	イノチオフローラ㈱	経費	保険料
202307	005000000	35	支払報酬	0.0	0.0	312421.0	3.8	0.0	0.0	イノチオフローラ㈱	経費	支払報酬
202307	005000000	36	販売手数料	100000.0	100000.0	40060.0	0.4	40.0	40.0	イノチオフローラ㈱	経費	販売手数料
202307	005000000	37	支払手数料	10989.0	11000.0	22353.0	0.2	203.2	203.4	イノチオフローラ㈱	経費	支払手数料
202307	005000000	38	診断料	0.0	0.0	0.0	0.0	0.0	0.0	イノチオフローラ㈱	経費	診断料
202307	005000000	39	諸会費	0.0	0.0	0.0	0.0	0.0	0.0	イノチオフローラ㈱	経費	諸会費
202307	005000000	40	会議費	0.0	0.0	0.0	0.0	0.0	0.0	イノチオフローラ㈱	経費	会議費
202307	005000000	41	寄付金	0.0	0.0	0.0	0.0	0.0	0.0	イノチオフローラ㈱	経費	寄付金
202307	005000000	42	租税公課	700000.0	700000.0	655000.0	8.1	93.5	93.5	イノチオフローラ㈱	経費	租税公課
202307	005000000	43	業務委託費	0.0	0.0	0.0	0.0	0.0	0.0	イノチオフローラ㈱	経費	業務委託費
202307	005000000	44	業務受託収入	0.0	0.0	0.0	0.0	0.0	0.0	イノチオフローラ㈱	経費	業務受託収入
202307	005000000	45	システム管理料	0.0	0.0	0.0	0.0	0.0	0.0	イノチオフローラ㈱	経費	システム管理料
202307	005000000	46	情報機器利用料	40440.0	40440.0	41040.0	0.5	101.4	101.4	イノチオフローラ㈱	経費	情報機器利用料
202307	005000000	47	貸倒金	0.0	0.0	0.0	0.0	0.0	0.0	イノチオフローラ㈱	経費	貸倒金
202307	005000000	48	雑費	40200.0	68415.0	20377.0	0.2	29.7	50.6	イノチオフローラ㈱	経費	雑費
202307	005000000	49	福利消耗品費	10000.0	10000.0	0.0	0.0	0.0	0.0	イノチオフローラ㈱	経費	福利消耗品費
202307	005000000	50	教育研修費	2800.0	2800.0	2429.0	0.0	86.7	86.7	イノチオフローラ㈱	経費	教育研修費
202307	005000000	51	雑給	0.0	0.0	0.0	0.0	0.0	0.0	イノチオフローラ㈱	経費	雑給
202307	005000000	52	社内金利（固定資産）	0.0	0.0	0.0	0.0	0.0	0.0	イノチオフローラ㈱	経費	社内金利（固定資産）
202307	005000000	53	グループ共通	209000.0	209000.0	209000.0	2.5	100.0	100.0	イノチオフローラ㈱	経費	グループ共通
202307	005000000	54	差引収益	2406639.0	3016727.0	2108514.0	26.1	69.8	87.6	イノチオフローラ㈱		
202307	005000000	55	差引比率	34.9	34.7	26.1		75.2	74.7	イノチオフローラ㈱		
202307	005000000	56	総時間	1108.5	1046.25	1157.0		110.5	104.3	イノチオフローラ㈱		
202307	005000000	57	定時間	1008.0	960.0	986.0		102.7	97.8	イノチオフローラ㈱	時間	
202307	005000000	58	残業時間	64.0	63.0	140.75		223.4	219.9	イノチオフローラ㈱	時間	
202307	005000000	59	移動時間	36.5	23.25	30.25		130.1	82.8	イノチオフローラ㈱	時間	
202307	005000000	60	当月時間当り	2171.0	2883.3	1822.3		63.2	83.9	イノチオフローラ㈱		
202307	005000000	61	人員	6.0	6.0	6.0		100.0	100.0	イノチオフローラ㈱		
202308	005000000	1	総受注高	11013195.0	11240220.0	12184053.0		108.3	110.6	イノチオフローラ㈱	受注	
202308	005000000	2	総売上高	11013195.0	11068945.0	12184053.0		110.0	110.6	イノチオフローラ㈱		
202308	005000000	3	切り花売上	2495178.0	2614725.0	3379844.0	27.7	129.2	135.4	イノチオフローラ㈱	売上	
202308	005000000	4	研究受託売上   	8309000.0	8244220.0	8244220.0	67.6	100.0	99.2	イノチオフローラ㈱	売上	
202308	005000000	5	その他売上	209017.0	210000.0	559989.0	4.5	266.6	267.9	イノチオフローラ㈱	売上	
202308	005000000	6	堆肥売上            	0.0	0.0	0.0	0.0	0.0	0.0	イノチオフローラ㈱	売上	
202308	005000000	7	経費合計	3416559.0	4388958.0	3203800.0	26.2	72.9	93.7	イノチオフローラ㈱		
202308	005000000	8	種苗費	200000.0	200000.0	0.0	0.0	0.0	0.0	イノチオフローラ㈱	経費	種苗費
202308	005000000	9	肥料費	0.0	0.0	0.0	0.0	0.0	0.0	イノチオフローラ㈱	経費	肥料費
202308	005000000	10	培土費用	0.0	0.0	0.0	0.0	0.0	0.0	イノチオフローラ㈱	経費	培土費用
202308	005000000	11	農薬衛生費	729930.0	600000.0	607991.0	4.9	101.3	83.2	イノチオフローラ㈱	経費	農薬衛生費
202308	005000000	12	農具費	10000.0	30000.0	6635.0	0.0	22.1	66.3	イノチオフローラ㈱	経費	農具費
202308	005000000	13	諸材料費	125850.0	251700.0	252959.0	2.0	100.5	201.0	イノチオフローラ㈱	経費	諸材料費
202308	005000000	14	その他仕入高	150000.0	200000.0	125687.0	1.0	62.8	83.7	イノチオフローラ㈱	経費	その他仕入高
202308	005000000	15	減価償却費	806759.0	806759.0	806765.0	6.6	100.0	100.0	イノチオフローラ㈱	経費	減価償却費
202308	005000000	16	車両費	151939.0	351000.0	246104.0	2.0	70.1	161.9	イノチオフローラ㈱	経費	車両費
202308	005000000	17	旅費交通費	10000.0	70000.0	25418.0	0.2	36.3	254.1	イノチオフローラ㈱	経費	旅費交通費
202308	005000000	18	荷造運搬費	146456.0	146500.0	722.0	0.0	0.4	0.4	イノチオフローラ㈱	経費	荷造運搬費
202308	005000000	19	通信費	36417.0	36417.0	33212.0	0.2	91.1	91.1	イノチオフローラ㈱	経費	通信費
202308	005000000	20	水道光熱費	243168.0	233042.0	168201.0	1.3	72.1	69.1	イノチオフローラ㈱	経費	水道光熱費
202308	005000000	21	動力費	428810.0	528810.0	376394.0	3.0	71.1	87.7	イノチオフローラ㈱	経費	動力費
202308	005000000	22	燃料費	0.0	0.0	0.0	0.0	0.0	0.0	イノチオフローラ㈱	経費	燃料費
202308	005000000	23	事務用品費	7700.0	7700.0	7197.0	0.0	93.4	93.4	イノチオフローラ㈱	経費	事務用品費
202308	005000000	24	消耗品費	30000.0	30000.0	17203.0	0.1	57.3	57.3	イノチオフローラ㈱	経費	消耗品費
202308	005000000	25	廃棄物処理料	0.0	110000.0	47500.0	0.3	43.1	0.0	イノチオフローラ㈱	経費	廃棄物処理料
202308	005000000	26	広告宣伝費	0.0	0.0	0.0	0.0	0.0	0.0	イノチオフローラ㈱	経費	広告宣伝費
202308	005000000	27	接待交際費	0.0	0.0	0.0	0.0	0.0	0.0	イノチオフローラ㈱	経費	接待交際費
202308	005000000	28	研究開発費	0.0	0.0	0.0	0.0	0.0	0.0	イノチオフローラ㈱	経費	研究開発費
202308	005000000	29	クレーム費	0.0	0.0	0.0	0.0	0.0	0.0	イノチオフローラ㈱	経費	クレーム費
202308	005000000	30	賃借料	0.0	0.0	0.0	0.0	0.0	0.0	イノチオフローラ㈱	経費	賃借料
202308	005000000	31	賃貸料収入	-30000.0	-30000.0	-27273.0	0.0	0.0	0.0	イノチオフローラ㈱	経費	賃貸料収入
202308	005000000	32	修繕費	60000.0	507500.0	237803.0	1.9	46.8	396.3	イノチオフローラ㈱	経費	修繕費
202308	005000000	33	支払リース料	4800.0	4800.0	4700.0	0.0	97.9	97.9	イノチオフローラ㈱	経費	支払リース料
202308	005000000	34	保険料	0.0	0.0	0.0	0.0	0.0	0.0	イノチオフローラ㈱	経費	保険料
202308	005000000	35	支払報酬	0.0	0.0	0.0	0.0	0.0	0.0	イノチオフローラ㈱	経費	支払報酬
202308	005000000	36	販売手数料	0.0	0.0	0.0	0.0	0.0	0.0	イノチオフローラ㈱	経費	販売手数料
202308	005000000	37	支払手数料	12490.0	12490.0	10316.0	0.0	82.5	82.5	イノチオフローラ㈱	経費	支払手数料
202308	005000000	38	診断料	0.0	0.0	0.0	0.0	0.0	0.0	イノチオフローラ㈱	経費	診断料
202308	005000000	39	諸会費	0.0	0.0	0.0	0.0	0.0	0.0	イノチオフローラ㈱	経費	諸会費
202308	005000000	40	会議費	0.0	0.0	1598.0	0.0	0.0	0.0	イノチオフローラ㈱	経費	会議費
202308	005000000	41	寄付金	0.0	0.0	0.0	0.0	0.0	0.0	イノチオフローラ㈱	経費	寄付金
202308	005000000	42	租税公課	10000.0	10000.0	204.0	0.0	2.0	2.0	イノチオフローラ㈱	経費	租税公課
202308	005000000	43	業務委託費	0.0	0.0	0.0	0.0	0.0	0.0	イノチオフローラ㈱	経費	業務委託費
202308	005000000	44	業務受託収入	0.0	0.0	0.0	0.0	0.0	0.0	イノチオフローラ㈱	経費	業務受託収入
202308	005000000	45	システム管理料	0.0	0.0	0.0	0.0	0.0	0.0	イノチオフローラ㈱	経費	システム管理料
202308	005000000	46	情報機器利用料	40440.0	40440.0	41040.0	0.3	101.4	101.4	イノチオフローラ㈱	経費	情報機器利用料
202308	005000000	47	貸倒金	0.0	0.0	0.0	0.0	0.0	0.0	イノチオフローラ㈱	経費	貸倒金
202308	005000000	48	雑費	20000.0	20000.0	177.0	0.0	0.8	0.8	イノチオフローラ㈱	経費	雑費
202308	005000000	49	福利消耗品費	10000.0	10000.0	0.0	0.0	0.0	0.0	イノチオフローラ㈱	経費	福利消耗品費
202308	005000000	50	教育研修費	2800.0	2800.0	4247.0	0.0	151.6	151.6	イノチオフローラ㈱	経費	教育研修費
202308	005000000	51	雑給	0.0	0.0	0.0	0.0	0.0	0.0	イノチオフローラ㈱	経費	雑給
202308	005000000	52	社内金利（固定資産）	0.0	0.0	0.0	0.0	0.0	0.0	イノチオフローラ㈱	経費	社内金利（固定資産）
202308	005000000	53	グループ共通	209000.0	209000.0	209000.0	1.7	100.0	100.0	イノチオフローラ㈱	経費	グループ共通
202308	005000000	54	差引収益	7596636.0	6679987.0	8980253.0	73.7	134.4	118.2	イノチオフローラ㈱		
202308	005000000	55	差引比率	68.9	60.3	73.7		122.2	106.9	イノチオフローラ㈱		
202308	005000000	56	総時間	1224.5	1183.25	1090.25		92.1	89.0	イノチオフローラ㈱		
202308	005000000	57	定時間	1008.0	1008.0	998.25		99.0	99.0	イノチオフローラ㈱	時間	
202308	005000000	58	残業時間	180.0	152.0	77.5		50.9	43.0	イノチオフローラ㈱	時間	
202308	005000000	59	移動時間	36.5	23.25	14.5		62.3	39.7	イノチオフローラ㈱	時間	
202308	005000000	60	当月時間当り	6203.8	5645.4	8236.8		145.9	132.7	イノチオフローラ㈱		
202308	005000000	61	人員	6.0	6.0	6.0		100.0	100.0	イノチオフローラ㈱		
202309	005000000	1	総受注高	10546200.0	13842335.0	13343589.0		96.3	126.5	イノチオフローラ㈱	受注	
202309	005000000	2	総売上高	10546200.0	13842335.0	13343589.0		96.3	126.5	イノチオフローラ㈱		
202309	005000000	3	切り花売上	754400.0	1527575.0	1043198.0	7.8	68.2	138.2	イノチオフローラ㈱	売上	
202309	005000000	4	研究受託売上   	9601800.0	12104760.0	12104760.0	90.7	100.0	126.0	イノチオフローラ㈱	売上	
202309	005000000	5	その他売上	190000.0	210000.0	195631.0	1.4	93.1	102.9	イノチオフローラ㈱	売上	
202309	005000000	6	堆肥売上            	0.0	0.0	0.0	0.0	0.0	0.0	イノチオフローラ㈱	売上	
202309	005000000	7	経費合計	4364662.0	5155184.0	4738085.0	35.5	91.9	108.5	イノチオフローラ㈱		
202309	005000000	8	種苗費	350000.0	350000.0	438790.0	3.2	125.3	125.3	イノチオフローラ㈱	経費	種苗費
202309	005000000	9	肥料費	148890.0	277435.0	154010.0	1.1	55.5	103.4	イノチオフローラ㈱	経費	肥料費
202309	005000000	10	培土費用	0.0	0.0	0.0	0.0	0.0	0.0	イノチオフローラ㈱	経費	培土費用
202309	005000000	11	農薬衛生費	758840.0	893990.0	824769.0	6.1	92.2	108.6	イノチオフローラ㈱	経費	農薬衛生費
202309	005000000	12	農具費	125000.0	195400.0	66107.0	0.4	33.8	52.8	イノチオフローラ㈱	経費	農具費
202309	005000000	13	諸材料費	13400.0	94000.0	0.0	0.0	0.0	0.0	イノチオフローラ㈱	経費	諸材料費
202309	005000000	14	その他仕入高	150000.0	210000.0	62282.0	0.4	29.6	41.5	イノチオフローラ㈱	経費	その他仕入高
202309	005000000	15	減価償却費	806759.0	806759.0	806765.0	6.0	100.0	100.0	イノチオフローラ㈱	経費	減価償却費
202309	005000000	16	車両費	205840.0	125840.0	234052.0	1.7	185.9	113.7	イノチオフローラ㈱	経費	車両費
202309	005000000	17	旅費交通費	10000.0	10000.0	0.0	0.0	0.0	0.0	イノチオフローラ㈱	経費	旅費交通費
202309	005000000	18	荷造運搬費	44280.0	83700.0	221180.0	1.6	264.2	499.5	イノチオフローラ㈱	経費	荷造運搬費
202309	005000000	19	通信費	40154.0	40154.0	42293.0	0.3	105.3	105.3	イノチオフローラ㈱	経費	通信費
202309	005000000	20	水道光熱費	228393.0	210800.0	164053.0	1.2	77.8	71.8	イノチオフローラ㈱	経費	水道光熱費
202309	005000000	21	動力費	415416.0	515416.0	468173.0	3.5	90.8	112.6	イノチオフローラ㈱	経費	動力費
202309	005000000	22	燃料費	0.0	0.0	0.0	0.0	0.0	0.0	イノチオフローラ㈱	経費	燃料費
202309	005000000	23	事務用品費	5000.0	5000.0	1476.0	0.0	29.5	29.5	イノチオフローラ㈱	経費	事務用品費
202309	005000000	24	消耗品費	30000.0	30000.0	9690.0	0.0	32.3	32.3	イノチオフローラ㈱	経費	消耗品費
202309	005000000	25	廃棄物処理料	0.0	0.0	0.0	0.0	0.0	0.0	イノチオフローラ㈱	経費	廃棄物処理料
202309	005000000	26	広告宣伝費	0.0	0.0	0.0	0.0	0.0	0.0	イノチオフローラ㈱	経費	広告宣伝費
202309	005000000	27	接待交際費	0.0	0.0	0.0	0.0	0.0	0.0	イノチオフローラ㈱	経費	接待交際費
202309	005000000	28	研究開発費	0.0	0.0	0.0	0.0	0.0	0.0	イノチオフローラ㈱	経費	研究開発費
202309	005000000	29	クレーム費	0.0	0.0	0.0	0.0	0.0	0.0	イノチオフローラ㈱	経費	クレーム費
202309	005000000	30	賃借料	0.0	0.0	0.0	0.0	0.0	0.0	イノチオフローラ㈱	経費	賃借料
202309	005000000	31	賃貸料収入	-30000.0	-30000.0	-27273.0	0.0	0.0	0.0	イノチオフローラ㈱	経費	賃貸料収入
202309	005000000	32	修繕費	60000.0	334000.0	350340.0	2.6	104.8	583.9	イノチオフローラ㈱	経費	修繕費
202309	005000000	33	支払リース料	4800.0	4800.0	4700.0	0.0	97.9	97.9	イノチオフローラ㈱	経費	支払リース料
202309	005000000	34	保険料	0.0	0.0	0.0	0.0	0.0	0.0	イノチオフローラ㈱	経費	保険料
202309	005000000	35	支払報酬	0.0	0.0	0.0	0.0	0.0	0.0	イノチオフローラ㈱	経費	支払報酬
202309	005000000	36	販売手数料	0.0	0.0	0.0	0.0	0.0	0.0	イノチオフローラ㈱	経費	販売手数料
202309	005000000	37	支払手数料	15650.0	15650.0	9033.0	0.0	57.7	57.7	イノチオフローラ㈱	経費	支払手数料
202309	005000000	38	診断料	0.0	0.0	0.0	0.0	0.0	0.0	イノチオフローラ㈱	経費	診断料
202309	005000000	39	諸会費	0.0	0.0	0.0	0.0	0.0	0.0	イノチオフローラ㈱	経費	諸会費
202309	005000000	40	会議費	0.0	0.0	0.0	0.0	0.0	0.0	イノチオフローラ㈱	経費	会議費
202309	005000000	41	寄付金	0.0	0.0	0.0	0.0	0.0	0.0	イノチオフローラ㈱	経費	寄付金
202309	005000000	42	租税公課	700000.0	700000.0	655002.0	4.9	93.5	93.5	イノチオフローラ㈱	経費	租税公課
202309	005000000	43	業務委託費	0.0	0.0	0.0	0.0	0.0	0.0	イノチオフローラ㈱	経費	業務委託費
202309	005000000	44	業務受託収入	0.0	0.0	0.0	0.0	0.0	0.0	イノチオフローラ㈱	経費	業務受託収入
202309	005000000	45	システム管理料	0.0	0.0	0.0	0.0	0.0	0.0	イノチオフローラ㈱	経費	システム管理料
202309	005000000	46	情報機器利用料	40440.0	40440.0	41040.0	0.3	101.4	101.4	イノチオフローラ㈱	経費	情報機器利用料
202309	005000000	47	貸倒金	0.0	0.0	0.0	0.0	0.0	0.0	イノチオフローラ㈱	経費	貸倒金
202309	005000000	48	雑費	20000.0	20000.0	174.0	0.0	0.8	0.8	イノチオフローラ㈱	経費	雑費
202309	005000000	49	福利消耗品費	10000.0	10000.0	0.0	0.0	0.0	0.0	イノチオフローラ㈱	経費	福利消耗品費
202309	005000000	50	教育研修費	2800.0	2800.0	2429.0	0.0	86.7	86.7	イノチオフローラ㈱	経費	教育研修費
202309	005000000	51	雑給	0.0	0.0	0.0	0.0	0.0	0.0	イノチオフローラ㈱	経費	雑給
202309	005000000	52	社内金利（固定資産）	0.0	0.0	0.0	0.0	0.0	0.0	イノチオフローラ㈱	経費	社内金利（固定資産）
202309	005000000	53	グループ共通	209000.0	209000.0	209000.0	1.5	100.0	100.0	イノチオフローラ㈱	経費	グループ共通
202309	005000000	54	差引収益	6181538.0	8687151.0	8605504.0	64.4	99.0	139.2	イノチオフローラ㈱		
202309	005000000	55	差引比率	58.6	62.7	64.4		102.7	109.8	イノチオフローラ㈱		
202309	005000000	56	総時間	1140.5	1126.25	1035.75		91.9	90.8	イノチオフローラ㈱		
202309	005000000	57	定時間	1008.0	1008.0	969.25		96.1	96.1	イノチオフローラ㈱	時間	
202309	005000000	58	残業時間	96.0	95.0	52.0		54.7	54.1	イノチオフローラ㈱	時間	
202309	005000000	59	移動時間	36.5	23.25	14.5		62.3	39.7	イノチオフローラ㈱	時間	
202309	005000000	60	当月時間当り	5420.0	7713.3	8308.4		107.7	153.2	イノチオフローラ㈱		
202309	005000000	61	人員	6.0	6.0	6.0		100.0	100.0	イノチオフローラ㈱		
202310	005000000	1	総受注高	13170197.0	10822409.0	11397095.0		105.3	86.5	イノチオフローラ㈱	受注	
202310	005000000	2	総売上高	13170197.0	10822409.0	11397095.0		105.3	86.5	イノチオフローラ㈱		
202310	005000000	3	切り花売上	2044197.0	1566709.0	2014073.0	17.6	128.5	98.5	イノチオフローラ㈱	売上	
202310	005000000	4	研究受託売上   	10921000.0	9122000.0	9122000.0	80.0	100.0	83.5	イノチオフローラ㈱	売上	
202310	005000000	5	その他売上	205000.0	133700.0	261022.0	2.2	195.2	127.3	イノチオフローラ㈱	売上	
202310	005000000	6	堆肥売上            	0.0	0.0	0.0	0.0	0.0	0.0	イノチオフローラ㈱	売上	
202310	005000000	7	経費合計	4941814.0	5631476.0	3899237.0	34.2	69.2	78.9	イノチオフローラ㈱		
202310	005000000	8	種苗費	0.0	426500.0	252330.0	2.2	59.1	0.0	イノチオフローラ㈱	経費	種苗費
202310	005000000	9	肥料費	37200.0	0.0	123290.0	1.0	0.0	331.4	イノチオフローラ㈱	経費	肥料費
202310	005000000	10	培土費用	0.0	0.0	0.0	0.0	0.0	0.0	イノチオフローラ㈱	経費	培土費用
202310	005000000	11	農薬衛生費	579420.0	579420.0	688157.0	6.0	118.7	118.7	イノチオフローラ㈱	経費	農薬衛生費
202310	005000000	12	農具費	233400.0	233400.0	613323.0	5.3	262.7	262.7	イノチオフローラ㈱	経費	農具費
202310	005000000	13	諸材料費	626170.0	451850.0	38000.0	0.3	8.4	6.0	イノチオフローラ㈱	経費	諸材料費
202310	005000000	14	その他仕入高	164000.0	79500.0	23722.0	0.2	29.8	14.4	イノチオフローラ㈱	経費	その他仕入高
202310	005000000	15	減価償却費	802124.0	802124.0	802130.0	7.0	100.0	100.0	イノチオフローラ㈱	経費	減価償却費
202310	005000000	16	車両費	159523.0	622003.0	115520.0	1.0	18.5	72.4	イノチオフローラ㈱	経費	車両費
202310	005000000	17	旅費交通費	10000.0	10000.0	0.0	0.0	0.0	0.0	イノチオフローラ㈱	経費	旅費交通費
202310	005000000	18	荷造運搬費	119985.0	94500.0	99243.0	0.8	105.0	82.7	イノチオフローラ㈱	経費	荷造運搬費
202310	005000000	19	通信費	37163.0	37163.0	34839.0	0.3	93.7	93.7	イノチオフローラ㈱	経費	通信費
202310	005000000	20	水道光熱費	198900.0	196000.0	258809.0	2.2	132.0	130.1	イノチオフローラ㈱	経費	水道光熱費
202310	005000000	21	動力費	375566.0	475566.0	380262.0	3.3	79.9	101.2	イノチオフローラ㈱	経費	動力費
202310	005000000	22	燃料費	737000.0	860000.0	0.0	0.0	0.0	0.0	イノチオフローラ㈱	経費	燃料費
202310	005000000	23	事務用品費	7900.0	7900.0	668.0	0.0	8.4	8.4	イノチオフローラ㈱	経費	事務用品費
202310	005000000	24	消耗品費	30000.0	30000.0	999.0	0.0	3.3	3.3	イノチオフローラ㈱	経費	消耗品費
202310	005000000	25	廃棄物処理料	112400.0	112400.0	33000.0	0.2	29.3	29.3	イノチオフローラ㈱	経費	廃棄物処理料
202310	005000000	26	広告宣伝費	0.0	0.0	0.0	0.0	0.0	0.0	イノチオフローラ㈱	経費	広告宣伝費
202310	005000000	27	接待交際費	0.0	0.0	0.0	0.0	0.0	0.0	イノチオフローラ㈱	経費	接待交際費
202310	005000000	28	研究開発費	0.0	0.0	0.0	0.0	0.0	0.0	イノチオフローラ㈱	経費	研究開発費
202310	005000000	29	クレーム費	0.0	0.0	0.0	0.0	0.0	0.0	イノチオフローラ㈱	経費	クレーム費
202310	005000000	30	賃借料	0.0	0.0	0.0	0.0	0.0	0.0	イノチオフローラ㈱	経費	賃借料
202310	005000000	31	賃貸料収入	-45340.0	-45340.0	-27273.0	0.0	0.0	0.0	イノチオフローラ㈱	経費	賃貸料収入
202310	005000000	32	修繕費	160000.0	60000.0	110789.0	0.9	184.6	69.2	イノチオフローラ㈱	経費	修繕費
202310	005000000	33	支払リース料	4800.0	4800.0	4700.0	0.0	97.9	97.9	イノチオフローラ㈱	経費	支払リース料
202310	005000000	34	保険料	0.0	0.0	0.0	0.0	0.0	0.0	イノチオフローラ㈱	経費	保険料
202310	005000000	35	支払報酬	0.0	0.0	0.0	0.0	0.0	0.0	イノチオフローラ㈱	経費	支払報酬
202310	005000000	36	販売手数料	224000.0	255000.0	0.0	0.0	0.0	0.0	イノチオフローラ㈱	経費	販売手数料
202310	005000000	37	支払手数料	11450.0	11450.0	11280.0	0.0	98.5	98.5	イノチオフローラ㈱	経費	支払手数料
202310	005000000	38	診断料	0.0	0.0	0.0	0.0	0.0	0.0	イノチオフローラ㈱	経費	診断料
202310	005000000	39	諸会費	0.0	0.0	75000.0	0.6	0.0	0.0	イノチオフローラ㈱	経費	諸会費
202310	005000000	40	会議費	0.0	0.0	0.0	0.0	0.0	0.0	イノチオフローラ㈱	経費	会議費
202310	005000000	41	寄付金	0.0	0.0	0.0	0.0	0.0	0.0	イノチオフローラ㈱	経費	寄付金
202310	005000000	42	租税公課	10000.0	10000.0	0.0	0.0	0.0	0.0	イノチオフローラ㈱	経費	租税公課
202310	005000000	43	業務委託費	0.0	0.0	0.0	0.0	0.0	0.0	イノチオフローラ㈱	経費	業務委託費
202310	005000000	44	業務受託収入	0.0	0.0	0.0	0.0	0.0	0.0	イノチオフローラ㈱	経費	業務受託収入
202310	005000000	45	システム管理料	0.0	0.0	0.0	0.0	0.0	0.0	イノチオフローラ㈱	経費	システム管理料
202310	005000000	46	情報機器利用料	40440.0	40440.0	41040.0	0.3	101.4	101.4	イノチオフローラ㈱	経費	情報機器利用料
202310	005000000	47	貸倒金	0.0	0.0	0.0	0.0	0.0	0.0	イノチオフローラ㈱	経費	貸倒金
202310	005000000	48	雑費	20000.0	20000.0	179.0	0.0	0.8	0.8	イノチオフローラ㈱	経費	雑費
202310	005000000	49	福利消耗品費	73913.0	45000.0	7801.0	0.0	17.3	10.5	イノチオフローラ㈱	経費	福利消耗品費
202310	005000000	50	教育研修費	2800.0	2800.0	2429.0	0.0	86.7	86.7	イノチオフローラ㈱	経費	教育研修費
202310	005000000	51	雑給	0.0	0.0	0.0	0.0	0.0	0.0	イノチオフローラ㈱	経費	雑給
202310	005000000	52	社内金利（固定資産）	0.0	0.0	0.0	0.0	0.0	0.0	イノチオフローラ㈱	経費	社内金利（固定資産）
202310	005000000	53	グループ共通	209000.0	209000.0	209000.0	1.8	100.0	100.0	イノチオフローラ㈱	経費	グループ共通
202310	005000000	54	差引収益	8228383.0	5190933.0	7497858.0	65.7	144.4	91.1	イノチオフローラ㈱		
202310	005000000	55	差引比率	62.4	47.9	65.7		137.1	105.2	イノチオフローラ㈱		
202310	005000000	56	総時間	1200.5	1183.75	1100.0		92.9	91.6	イノチオフローラ㈱		
202310	005000000	57	定時間	1056.0	1056.0	1032.0		97.7	97.7	イノチオフローラ㈱	時間	
202310	005000000	58	残業時間	107.0	104.0	53.0		50.9	49.5	イノチオフローラ㈱	時間	
202310	005000000	59	移動時間	37.5	23.75	15.0		63.1	40.0	イノチオフローラ㈱	時間	
202310	005000000	60	当月時間当り	6854.1	4385.1	6816.2		155.4	99.4	イノチオフローラ㈱		
202310	005000000	61	人員	6.0	6.0	6.0		100.0	100.0	イノチオフローラ㈱		
202311	005000000	1	総受注高	13208247.0	11631800.0	11348192.0		97.5	85.9	イノチオフローラ㈱	受注	
202311	005000000	2	総売上高	13208247.0	11631800.0	11348192.0		97.5	85.9	イノチオフローラ㈱		
202311	005000000	3	切り花売上	2554247.0	1438400.0	733759.0	6.4	51.0	28.7	イノチオフローラ㈱	売上	
202311	005000000	4	研究受託売上   	10449000.0	9988400.0	9852400.0	86.8	98.6	94.2	イノチオフローラ㈱	売上	
202311	005000000	5	その他売上	205000.0	205000.0	762033.0	6.7	371.7	371.7	イノチオフローラ㈱	売上	
202311	005000000	6	堆肥売上            	0.0	0.0	0.0	0.0	0.0	0.0	イノチオフローラ㈱	売上	
202311	005000000	7	経費合計	5834697.0	6309040.0	5177687.0	45.6	82.0	88.7	イノチオフローラ㈱		
202311	005000000	8	種苗費	20000.0	0.0	-252330.0	0.0	0.0	0.0	イノチオフローラ㈱	経費	種苗費
202311	005000000	9	肥料費	0.0	0.0	0.0	0.0	0.0	0.0	イノチオフローラ㈱	経費	肥料費
202311	005000000	10	培土費用	0.0	0.0	0.0	0.0	0.0	0.0	イノチオフローラ㈱	経費	培土費用
202311	005000000	11	農薬衛生費	738770.0	600000.0	526424.0	4.6	87.7	71.2	イノチオフローラ㈱	経費	農薬衛生費
202311	005000000	12	農具費	110000.0	110000.0	-323654.0	0.0	0.0	0.0	イノチオフローラ㈱	経費	農具費
202311	005000000	13	諸材料費	147450.0	125850.0	342324.0	3.0	272.0	232.1	イノチオフローラ㈱	経費	諸材料費
202311	005000000	14	その他仕入高	164000.0	164000.0	448550.0	3.9	273.5	273.5	イノチオフローラ㈱	経費	その他仕入高
202311	005000000	15	減価償却費	495841.0	495841.0	495847.0	4.3	100.0	100.0	イノチオフローラ㈱	経費	減価償却費
202311	005000000	16	車両費	1020333.0	782702.0	276629.0	2.4	35.3	27.1	イノチオフローラ㈱	経費	車両費
202311	005000000	17	旅費交通費	130000.0	10000.0	0.0	0.0	0.0	0.0	イノチオフローラ㈱	経費	旅費交通費
202311	005000000	18	荷造運搬費	149922.0	130000.0	159463.0	1.4	122.6	106.3	イノチオフローラ㈱	経費	荷造運搬費
202311	005000000	19	通信費	37554.0	37554.0	39863.0	0.3	106.1	106.1	イノチオフローラ㈱	経費	通信費
202311	005000000	20	水道光熱費	205256.0	205380.0	68101.0	0.6	33.1	33.1	イノチオフローラ㈱	経費	水道光熱費
202311	005000000	21	動力費	418421.0	518000.0	417366.0	3.6	80.5	99.7	イノチオフローラ㈱	経費	動力費
202311	005000000	22	燃料費	1020000.0	1520000.0	1481200.0	13.0	97.4	145.2	イノチオフローラ㈱	経費	燃料費
202311	005000000	23	事務用品費	5000.0	5000.0	4603.0	0.0	92.0	92.0	イノチオフローラ㈱	経費	事務用品費
202311	005000000	24	消耗品費	30000.0	30000.0	13110.0	0.1	43.7	43.7	イノチオフローラ㈱	経費	消耗品費
202311	005000000	25	廃棄物処理料	0.0	0.0	0.0	0.0	0.0	0.0	イノチオフローラ㈱	経費	廃棄物処理料
202311	005000000	26	広告宣伝費	0.0	0.0	0.0	0.0	0.0	0.0	イノチオフローラ㈱	経費	広告宣伝費
202311	005000000	27	接待交際費	0.0	0.0	0.0	0.0	0.0	0.0	イノチオフローラ㈱	経費	接待交際費
202311	005000000	28	研究開発費	0.0	0.0	0.0	0.0	0.0	0.0	イノチオフローラ㈱	経費	研究開発費
202311	005000000	29	クレーム費	0.0	0.0	0.0	0.0	0.0	0.0	イノチオフローラ㈱	経費	クレーム費
202311	005000000	30	賃借料	0.0	0.0	0.0	0.0	0.0	0.0	イノチオフローラ㈱	経費	賃借料
202311	005000000	31	賃貸料収入	-30000.0	-30000.0	-27273.0	0.0	0.0	0.0	イノチオフローラ㈱	経費	賃貸料収入
202311	005000000	32	修繕費	60000.0	215000.0	238343.0	2.1	110.8	397.2	イノチオフローラ㈱	経費	修繕費
202311	005000000	33	支払リース料	4800.0	4800.0	4700.0	0.0	97.9	97.9	イノチオフローラ㈱	経費	支払リース料
202311	005000000	34	保険料	0.0	0.0	0.0	0.0	0.0	0.0	イノチオフローラ㈱	経費	保険料
202311	005000000	35	支払報酬	0.0	0.0	0.0	0.0	0.0	0.0	イノチオフローラ㈱	経費	支払報酬
202311	005000000	36	販売手数料	0.0	277563.0	252330.0	2.2	90.9	0.0	イノチオフローラ㈱	経費	販売手数料
202311	005000000	37	支払手数料	61450.0	61450.0	41405.0	0.3	67.3	67.3	イノチオフローラ㈱	経費	支払手数料
202311	005000000	38	診断料	0.0	0.0	0.0	0.0	0.0	0.0	イノチオフローラ㈱	経費	診断料
202311	005000000	39	諸会費	0.0	0.0	0.0	0.0	0.0	0.0	イノチオフローラ㈱	経費	諸会費
202311	005000000	40	会議費	0.0	0.0	0.0	0.0	0.0	0.0	イノチオフローラ㈱	経費	会議費
202311	005000000	41	寄付金	0.0	0.0	0.0	0.0	0.0	0.0	イノチオフローラ㈱	経費	寄付金
202311	005000000	42	租税公課	700000.0	700000.0	655000.0	5.7	93.5	93.5	イノチオフローラ㈱	経費	租税公課
202311	005000000	43	業務委託費	0.0	0.0	0.0	0.0	0.0	0.0	イノチオフローラ㈱	経費	業務委託費
202311	005000000	44	業務受託収入	0.0	0.0	0.0	0.0	0.0	0.0	イノチオフローラ㈱	経費	業務受託収入
202311	005000000	45	システム管理料	0.0	0.0	0.0	0.0	0.0	0.0	イノチオフローラ㈱	経費	システム管理料
202311	005000000	46	情報機器利用料	40440.0	40440.0	41040.0	0.3	101.4	101.4	イノチオフローラ㈱	経費	情報機器利用料
202311	005000000	47	貸倒金	0.0	0.0	0.0	0.0	0.0	0.0	イノチオフローラ㈱	経費	貸倒金
202311	005000000	48	雑費	83660.0	83660.0	59126.0	0.5	70.6	70.6	イノチオフローラ㈱	経費	雑費
202311	005000000	49	福利消耗品費	10000.0	10000.0	0.0	0.0	0.0	0.0	イノチオフローラ㈱	経費	福利消耗品費
202311	005000000	50	教育研修費	2800.0	2800.0	6520.0	0.0	232.8	232.8	イノチオフローラ㈱	経費	教育研修費
202311	005000000	51	雑給	0.0	0.0	0.0	0.0	0.0	0.0	イノチオフローラ㈱	経費	雑給
202311	005000000	52	社内金利（固定資産）	0.0	0.0	0.0	0.0	0.0	0.0	イノチオフローラ㈱	経費	社内金利（固定資産）
202311	005000000	53	グループ共通	209000.0	209000.0	209000.0	1.8	100.0	100.0	イノチオフローラ㈱	経費	グループ共通
202311	005000000	54	差引収益	7373550.0	5322760.0	6170505.0	54.3	115.9	83.6	イノチオフローラ㈱		
202311	005000000	55	差引比率	55.8	45.7	54.3		118.8	97.3	イノチオフローラ㈱		
202311	005000000	56	総時間	1092.5	1089.25	1067.0		97.9	97.6	イノチオフローラ㈱		
202311	005000000	57	定時間	1008.0	1008.0	970.0		96.2	96.2	イノチオフローラ㈱	時間	
202311	005000000	58	残業時間	48.0	58.0	82.5		142.2	171.8	イノチオフローラ㈱	時間	
202311	005000000	59	移動時間	36.5	23.25	14.5		62.3	39.7	イノチオフローラ㈱	時間	
202311	005000000	60	当月時間当り	6749.2	4886.6	5783.0		118.3	85.6	イノチオフローラ㈱		
202311	005000000	61	人員	6.0	6.0	6.0		100.0	100.0	イノチオフローラ㈱		
202312	005000000	1	総受注高	5766632.0	9046300.0	8756459.0		96.7	151.8	イノチオフローラ㈱	受注	
202312	005000000	2	総売上高	5766632.0	9046300.0	8756459.0		96.7	151.8	イノチオフローラ㈱		
202312	005000000	3	切り花売上	2196632.0	2756500.0	2744876.0	31.3	99.5	124.9	イノチオフローラ㈱	売上	
202312	005000000	4	研究受託売上   	3365000.0	5989800.0	5386000.0	61.5	89.9	160.0	イノチオフローラ㈱	売上	
202312	005000000	5	その他売上	205000.0	300000.0	625583.0	7.1	208.5	305.1	イノチオフローラ㈱	売上	
202312	005000000	6	堆肥売上            	0.0	0.0	0.0	0.0	0.0	0.0	イノチオフローラ㈱	売上	
202312	005000000	7	経費合計	5525649.0	6117016.0	5828811.0	66.5	95.2	105.4	イノチオフローラ㈱		
202312	005000000	8	種苗費	350000.0	158000.0	180730.0	2.0	114.3	51.6	イノチオフローラ㈱	経費	種苗費
202312	005000000	9	肥料費	165745.0	165745.0	0.0	0.0	0.0	0.0	イノチオフローラ㈱	経費	肥料費
202312	005000000	10	培土費用	0.0	0.0	0.0	0.0	0.0	0.0	イノチオフローラ㈱	経費	培土費用
202312	005000000	11	農薬衛生費	529420.0	529420.0	485882.0	5.5	91.7	91.7	イノチオフローラ㈱	経費	農薬衛生費
202312	005000000	12	農具費	30000.0	124000.0	2722.0	0.0	2.1	9.0	イノチオフローラ㈱	経費	農具費
202312	005000000	13	諸材料費	289300.0	125850.0	373501.0	4.2	296.7	129.1	イノチオフローラ㈱	経費	諸材料費
202312	005000000	14	その他仕入高	164000.0	300000.0	420476.0	4.8	140.1	256.3	イノチオフローラ㈱	経費	その他仕入高
202312	005000000	15	減価償却費	495841.0	495841.0	495847.0	5.6	100.0	100.0	イノチオフローラ㈱	経費	減価償却費
202312	005000000	16	車両費	245929.0	622480.0	580110.0	6.6	93.1	235.8	イノチオフローラ㈱	経費	車両費
202312	005000000	17	旅費交通費	10000.0	10000.0	0.0	0.0	0.0	0.0	イノチオフローラ㈱	経費	旅費交通費
202312	005000000	18	荷造運搬費	105186.0	210000.0	318956.0	3.6	151.8	303.2	イノチオフローラ㈱	経費	荷造運搬費
202312	005000000	19	通信費	37835.0	46080.0	40331.0	0.4	87.5	106.5	イノチオフローラ㈱	経費	通信費
202312	005000000	20	水道光熱費	230086.0	230300.0	166824.0	1.9	72.4	72.5	イノチオフローラ㈱	経費	水道光熱費
202312	005000000	21	動力費	494907.0	594900.0	408842.0	4.6	68.7	82.6	イノチオフローラ㈱	経費	動力費
202312	005000000	22	燃料費	1933000.0	1960000.0	2080840.0	23.7	106.1	107.6	イノチオフローラ㈱	経費	燃料費
202312	005000000	23	事務用品費	7600.0	7600.0	941.0	0.0	12.3	12.3	イノチオフローラ㈱	経費	事務用品費
202312	005000000	24	消耗品費	30000.0	30000.0	2105.0	0.0	7.0	7.0	イノチオフローラ㈱	経費	消耗品費
202312	005000000	25	廃棄物処理料	0.0	0.0	32000.0	0.3	0.0	0.0	イノチオフローラ㈱	経費	廃棄物処理料
202312	005000000	26	広告宣伝費	0.0	0.0	0.0	0.0	0.0	0.0	イノチオフローラ㈱	経費	広告宣伝費
202312	005000000	27	接待交際費	0.0	0.0	0.0	0.0	0.0	0.0	イノチオフローラ㈱	経費	接待交際費
202312	005000000	28	研究開発費	0.0	0.0	0.0	0.0	0.0	0.0	イノチオフローラ㈱	経費	研究開発費
202312	005000000	29	クレーム費	0.0	0.0	0.0	0.0	0.0	0.0	イノチオフローラ㈱	経費	クレーム費
202312	005000000	30	賃借料	0.0	0.0	0.0	0.0	0.0	0.0	イノチオフローラ㈱	経費	賃借料
202312	005000000	31	賃貸料収入	-185940.0	-185940.0	-183213.0	0.0	0.0	0.0	イノチオフローラ㈱	経費	賃貸料収入
202312	005000000	32	修繕費	60000.0	160000.0	51728.0	0.5	32.3	86.2	イノチオフローラ㈱	経費	修繕費
202312	005000000	33	支払リース料	4800.0	4800.0	4700.0	0.0	97.9	97.9	イノチオフローラ㈱	経費	支払リース料
202312	005000000	34	保険料	0.0	0.0	0.0	0.0	0.0	0.0	イノチオフローラ㈱	経費	保険料
202312	005000000	35	支払報酬	0.0	0.0	0.0	0.0	0.0	0.0	イノチオフローラ㈱	経費	支払報酬
202312	005000000	36	販売手数料	0.0	0.0	0.0	0.0	0.0	0.0	イノチオフローラ㈱	経費	販売手数料
202312	005000000	37	支払手数料	235700.0	235700.0	112840.0	1.2	47.8	47.8	イノチオフローラ㈱	経費	支払手数料
202312	005000000	38	診断料	0.0	0.0	0.0	0.0	0.0	0.0	イノチオフローラ㈱	経費	診断料
202312	005000000	39	諸会費	0.0	0.0	0.0	0.0	0.0	0.0	イノチオフローラ㈱	経費	諸会費
202312	005000000	40	会議費	0.0	0.0	0.0	0.0	0.0	0.0	イノチオフローラ㈱	経費	会議費
202312	005000000	41	寄付金	0.0	0.0	0.0	0.0	0.0	0.0	イノチオフローラ㈱	経費	寄付金
202312	005000000	42	租税公課	10000.0	10000.0	0.0	0.0	0.0	0.0	イノチオフローラ㈱	経費	租税公課
202312	005000000	43	業務委託費	0.0	0.0	0.0	0.0	0.0	0.0	イノチオフローラ㈱	経費	業務委託費
202312	005000000	44	業務受託収入	0.0	0.0	0.0	0.0	0.0	0.0	イノチオフローラ㈱	経費	業務受託収入
202312	005000000	45	システム管理料	0.0	0.0	0.0	0.0	0.0	0.0	イノチオフローラ㈱	経費	システム管理料
202312	005000000	46	情報機器利用料	40440.0	40440.0	41040.0	0.4	101.4	101.4	イノチオフローラ㈱	経費	情報機器利用料
202312	005000000	47	貸倒金	0.0	0.0	0.0	0.0	0.0	0.0	イノチオフローラ㈱	経費	貸倒金
202312	005000000	48	雑費	20000.0	20000.0	180.0	0.0	0.9	0.9	イノチオフローラ㈱	経費	雑費
202312	005000000	49	福利消耗品費	10000.0	10000.0	0.0	0.0	0.0	0.0	イノチオフローラ㈱	経費	福利消耗品費
202312	005000000	50	教育研修費	2800.0	2800.0	2429.0	0.0	86.7	86.7	イノチオフローラ㈱	経費	教育研修費
202312	005000000	51	雑給	0.0	0.0	0.0	0.0	0.0	0.0	イノチオフローラ㈱	経費	雑給
202312	005000000	52	社内金利（固定資産）	0.0	0.0	0.0	0.0	0.0	0.0	イノチオフローラ㈱	経費	社内金利（固定資産）
202312	005000000	53	グループ共通	209000.0	209000.0	209000.0	2.3	100.0	100.0	イノチオフローラ㈱	経費	グループ共通
202312	005000000	54	差引収益	240983.0	2929284.0	2927648.0	33.4	99.9		イノチオフローラ㈱		
202312	005000000	55	差引比率	4.1	32.3	33.4		103.4	814.6	イノチオフローラ㈱		
202312	005000000	56	総時間	1058.5	1138.75	1042.0		91.5	98.4	イノチオフローラ㈱		
202312	005000000	57	定時間	960.0	960.0	948.0		98.7	98.7	イノチオフローラ㈱	時間	
202312	005000000	58	残業時間	63.0	156.0	79.5		50.9	126.1	イノチオフローラ㈱	時間	
202312	005000000	59	移動時間	35.5	22.75	14.5		63.7	40.8	イノチオフローラ㈱	時間	
202312	005000000	60	当月時間当り	227.6	2572.3	2809.6		109.2		イノチオフローラ㈱		
202312	005000000	61	人員	6.0	6.0	6.0		100.0	100.0	イノチオフローラ㈱		
202401	005000000	1	総受注高	7097570.0	7122600.0	6244688.0		87.6	87.9	イノチオフローラ㈱	受注	
202401	005000000	2	総売上高	7097570.0	7186600.0	6244688.0		86.8	87.9	イノチオフローラ㈱		
202401	005000000	3	切り花売上	1919570.0	1116000.0	434077.0	6.9	38.8	22.6	イノチオフローラ㈱	売上	
202401	005000000	4	研究受託売上   	4973000.0	5856600.0	5039800.0	80.7	86.0	101.3	イノチオフローラ㈱	売上	
202401	005000000	5	その他売上	205000.0	214000.0	770811.0	12.3	360.1	376.0	イノチオフローラ㈱	売上	
202401	005000000	6	堆肥売上            	0.0	0.0	0.0	0.0	0.0	0.0	イノチオフローラ㈱	売上	
202401	005000000	7	経費合計	4621125.0	5000922.0	3983607.0	63.7	79.6	86.2	イノチオフローラ㈱		
202401	005000000	8	種苗費	0.0	0.0	0.0	0.0	0.0	0.0	イノチオフローラ㈱	経費	種苗費
202401	005000000	9	肥料費	24300.0	62500.0	0.0	0.0	0.0	0.0	イノチオフローラ㈱	経費	肥料費
202401	005000000	10	培土費用	0.0	0.0	0.0	0.0	0.0	0.0	イノチオフローラ㈱	経費	培土費用
202401	005000000	11	農薬衛生費	350000.0	150000.0	163896.0	2.6	109.2	46.8	イノチオフローラ㈱	経費	農薬衛生費
202401	005000000	12	農具費	10000.0	109000.0	12868.0	0.2	11.8	128.6	イノチオフローラ㈱	経費	農具費
202401	005000000	13	諸材料費	125850.0	125850.0	0.0	0.0	0.0	0.0	イノチオフローラ㈱	経費	諸材料費
202401	005000000	14	その他仕入高	164000.0	164000.0	56676.0	0.9	34.5	34.5	イノチオフローラ㈱	経費	その他仕入高
202401	005000000	15	減価償却費	495841.0	495841.0	495847.0	7.9	100.0	100.0	イノチオフローラ㈱	経費	減価償却費
202401	005000000	16	車両費	218537.0	298537.0	279459.0	4.4	93.6	127.8	イノチオフローラ㈱	経費	車両費
202401	005000000	17	旅費交通費	10000.0	10000.0	0.0	0.0	0.0	0.0	イノチオフローラ㈱	経費	旅費交通費
202401	005000000	18	荷造運搬費	112671.0	86200.0	66033.0	1.0	76.6	58.6	イノチオフローラ㈱	経費	荷造運搬費
202401	005000000	19	通信費	32150.0	40400.0	39864.0	0.6	98.6	123.9	イノチオフローラ㈱	経費	通信費
202401	005000000	20	水道光熱費	233819.0	164637.0	122205.0	1.9	74.2	52.2	イノチオフローラ㈱	経費	水道光熱費
202401	005000000	21	動力費	559822.0	659822.0	464352.0	7.4	70.3	82.9	イノチオフローラ㈱	経費	動力費
202401	005000000	22	燃料費	1552000.0	1622000.0	1502880.0	24.0	92.6	96.8	イノチオフローラ㈱	経費	燃料費
202401	005000000	23	事務用品費	5000.0	5000.0	693.0	0.0	13.8	13.8	イノチオフローラ㈱	経費	事務用品費
202401	005000000	24	消耗品費	30000.0	10000.0	3251.0	0.0	32.5	10.8	イノチオフローラ㈱	経費	消耗品費
202401	005000000	25	廃棄物処理料	54000.0	54000.0	0.0	0.0	0.0	0.0	イノチオフローラ㈱	経費	廃棄物処理料
202401	005000000	26	広告宣伝費	0.0	0.0	0.0	0.0	0.0	0.0	イノチオフローラ㈱	経費	広告宣伝費
202401	005000000	27	接待交際費	0.0	0.0	0.0	0.0	0.0	0.0	イノチオフローラ㈱	経費	接待交際費
202401	005000000	28	研究開発費	0.0	0.0	0.0	0.0	0.0	0.0	イノチオフローラ㈱	経費	研究開発費
202401	005000000	29	クレーム費	0.0	0.0	0.0	0.0	0.0	0.0	イノチオフローラ㈱	経費	クレーム費
202401	005000000	30	賃借料	0.0	0.0	0.0	0.0	0.0	0.0	イノチオフローラ㈱	経費	賃借料
202401	005000000	31	賃貸料収入	-30000.0	-30000.0	-27273.0	0.0	0.0	0.0	イノチオフローラ㈱	経費	賃貸料収入
202401	005000000	32	修繕費	60000.0	360000.0	219293.0	3.5	60.9	365.4	イノチオフローラ㈱	経費	修繕費
202401	005000000	33	支払リース料	4800.0	4800.0	4700.0	0.0	97.9	97.9	イノチオフローラ㈱	経費	支払リース料
202401	005000000	34	保険料	0.0	0.0	0.0	0.0	0.0	0.0	イノチオフローラ㈱	経費	保険料
202401	005000000	35	支払報酬	0.0	0.0	0.0	0.0	0.0	0.0	イノチオフローラ㈱	経費	支払報酬
202401	005000000	36	販売手数料	280000.0	280000.0	245293.0	3.9	87.6	87.6	イノチオフローラ㈱	経費	販売手数料
202401	005000000	37	支払手数料	8400.0	8400.0	60421.0	0.9	719.2	719.2	イノチオフローラ㈱	経費	支払手数料
202401	005000000	38	診断料	0.0	0.0	0.0	0.0	0.0	0.0	イノチオフローラ㈱	経費	診断料
202401	005000000	39	諸会費	0.0	0.0	500.0	0.0	0.0	0.0	イノチオフローラ㈱	経費	諸会費
202401	005000000	40	会議費	0.0	0.0	0.0	0.0	0.0	0.0	イノチオフローラ㈱	経費	会議費
202401	005000000	41	寄付金	0.0	0.0	20000.0	0.3	0.0	0.0	イノチオフローラ㈱	経費	寄付金
202401	005000000	42	租税公課	10000.0	10000.0	0.0	0.0	0.0	0.0	イノチオフローラ㈱	経費	租税公課
202401	005000000	43	業務委託費	0.0	0.0	0.0	0.0	0.0	0.0	イノチオフローラ㈱	経費	業務委託費
202401	005000000	44	業務受託収入	0.0	0.0	0.0	0.0	0.0	0.0	イノチオフローラ㈱	経費	業務受託収入
202401	005000000	45	システム管理料	0.0	0.0	0.0	0.0	0.0	0.0	イノチオフローラ㈱	経費	システム管理料
202401	005000000	46	情報機器利用料	40440.0	40440.0	41040.0	0.6	101.4	101.4	イノチオフローラ㈱	経費	情報機器利用料
202401	005000000	47	貸倒金	0.0	0.0	0.0	0.0	0.0	0.0	イノチオフローラ㈱	経費	貸倒金
202401	005000000	48	雑費	47695.0	47695.0	180.0	0.0	0.3	0.3	イノチオフローラ㈱	経費	雑費
202401	005000000	49	福利消耗品費	10000.0	10000.0	0.0	0.0	0.0	0.0	イノチオフローラ㈱	経費	福利消耗品費
202401	005000000	50	教育研修費	2800.0	2800.0	2429.0	0.0	86.7	86.7	イノチオフローラ㈱	経費	教育研修費
202401	005000000	51	雑給	0.0	0.0	0.0	0.0	0.0	0.0	イノチオフローラ㈱	経費	雑給
202401	005000000	52	社内金利（固定資産）	0.0	0.0	0.0	0.0	0.0	0.0	イノチオフローラ㈱	経費	社内金利（固定資産）
202401	005000000	53	グループ共通	209000.0	209000.0	209000.0	3.3	100.0	100.0	イノチオフローラ㈱	経費	グループ共通
202401	005000000	54	差引収益	2476445.0	2185678.0	2261081.0	36.2	103.4	91.3	イノチオフローラ㈱		
202401	005000000	55	差引比率	34.8	30.4	36.2		119.0	104.0	イノチオフローラ㈱		
202401	005000000	56	総時間	1051.0	1051.0	862.75		82.0	82.0	イノチオフローラ㈱		
202401	005000000	57	定時間	912.0	912.0	776.0		85.0	85.0	イノチオフローラ㈱	時間	
202401	005000000	58	残業時間	105.0	105.0	72.5		69.0	69.0	イノチオフローラ㈱	時間	
202401	005000000	59	移動時間	34.0	34.0	14.25		41.9	41.9	イノチオフローラ㈱	時間	
202401	005000000	60	当月時間当り	2356.2	2079.6	2620.7		126.0	111.2	イノチオフローラ㈱		
202401	005000000	61	人員	6.0	6.0	6.0		100.0	100.0	イノチオフローラ㈱		
202402	005000000	1	総受注高	3739381.0	3959220.0	3433624.0		86.7	91.8	イノチオフローラ㈱	受注	
202402	005000000	2	総売上高	3739381.0	3959220.0	3433624.0		86.7	91.8	イノチオフローラ㈱		
202402	005000000	3	切り花売上	1346981.0	878820.0	348549.0	10.1	39.6	25.8	イノチオフローラ㈱	売上	
202402	005000000	4	研究受託売上   	2187400.0	2610400.0	2610400.0	76.0	100.0	119.3	イノチオフローラ㈱	売上	
202402	005000000	5	その他売上	205000.0	470000.0	474675.0	13.8	100.9	231.5	イノチオフローラ㈱	売上	
202402	005000000	6	堆肥売上            	0.0	0.0	0.0	0.0	0.0	0.0	イノチオフローラ㈱	売上	
202402	005000000	7	経費合計	3295927.0	5899038.0	3937066.0	114.6	66.7	119.4	イノチオフローラ㈱		
202402	005000000	8	種苗費	0.0	0.0	0.0	0.0	0.0	0.0	イノチオフローラ㈱	経費	種苗費
202402	005000000	9	肥料費	37200.0	61500.0	73500.0	2.1	119.5	197.5	イノチオフローラ㈱	経費	肥料費
202402	005000000	10	培土費用	0.0	0.0	0.0	0.0	0.0	0.0	イノチオフローラ㈱	経費	培土費用
202402	005000000	11	農薬衛生費	329930.0	335150.0	341150.0	9.9	101.7	103.4	イノチオフローラ㈱	経費	農薬衛生費
202402	005000000	12	農具費	10000.0	172400.0	182656.0	5.3	105.9		イノチオフローラ㈱	経費	農具費
202402	005000000	13	諸材料費	0.0	0.0	24150.0	0.7	0.0	0.0	イノチオフローラ㈱	経費	諸材料費
202402	005000000	14	その他仕入高	164000.0	120000.0	161481.0	4.7	134.5	98.4	イノチオフローラ㈱	経費	その他仕入高
202402	005000000	15	減価償却費	495841.0	495841.0	499308.0	14.5	100.6	100.6	イノチオフローラ㈱	経費	減価償却費
202402	005000000	16	車両費	188637.0	198367.0	239318.0	6.9	120.6	126.8	イノチオフローラ㈱	経費	車両費
202402	005000000	17	旅費交通費	130000.0	10000.0	0.0	0.0	0.0	0.0	イノチオフローラ㈱	経費	旅費交通費
202402	005000000	18	荷造運搬費	79061.0	86200.0	66122.0	1.9	76.7	83.6	イノチオフローラ㈱	経費	荷造運搬費
202402	005000000	19	通信費	32404.0	32404.0	39018.0	1.1	120.4	120.4	イノチオフローラ㈱	経費	通信費
202402	005000000	20	水道光熱費	201539.0	251461.0	144620.0	4.2	57.5	71.7	イノチオフローラ㈱	経費	水道光熱費
202402	005000000	21	動力費	409475.0	509475.0	560796.0	16.3	110.0	136.9	イノチオフローラ㈱	経費	動力費
202402	005000000	22	燃料費	740000.0	860000.0	824760.0	24.0	95.9	111.4	イノチオフローラ㈱	経費	燃料費
202402	005000000	23	事務用品費	8800.0	5000.0	2700.0	0.0	54.0	30.6	イノチオフローラ㈱	経費	事務用品費
202402	005000000	24	消耗品費	30000.0	10000.0	6120.0	0.1	61.2	20.4	イノチオフローラ㈱	経費	消耗品費
202402	005000000	25	廃棄物処理料	0.0	54000.0	0.0	0.0	0.0	0.0	イノチオフローラ㈱	経費	廃棄物処理料
202402	005000000	26	広告宣伝費	0.0	0.0	0.0	0.0	0.0	0.0	イノチオフローラ㈱	経費	広告宣伝費
202402	005000000	27	接待交際費	0.0	0.0	0.0	0.0	0.0	0.0	イノチオフローラ㈱	経費	接待交際費
202402	005000000	28	研究開発費	0.0	0.0	0.0	0.0	0.0	0.0	イノチオフローラ㈱	経費	研究開発費
202402	005000000	29	クレーム費	0.0	0.0	0.0	0.0	0.0	0.0	イノチオフローラ㈱	経費	クレーム費
202402	005000000	30	賃借料	0.0	0.0	0.0	0.0	0.0	0.0	イノチオフローラ㈱	経費	賃借料
202402	005000000	31	賃貸料収入	-30000.0	-30000.0	-27273.0	0.0	0.0	0.0	イノチオフローラ㈱	経費	賃貸料収入
202402	005000000	32	修繕費	160000.0	2418200.0	501700.0	14.6	20.7	313.5	イノチオフローラ㈱	経費	修繕費
202402	005000000	33	支払リース料	4800.0	4800.0	5319.0	0.1	110.8	110.8	イノチオフローラ㈱	経費	支払リース料
202402	005000000	34	保険料	0.0	0.0	0.0	0.0	0.0	0.0	イノチオフローラ㈱	経費	保険料
202402	005000000	35	支払報酬	0.0	0.0	0.0	0.0	0.0	0.0	イノチオフローラ㈱	経費	支払報酬
202402	005000000	36	販売手数料	0.0	0.0	0.0	0.0	0.0	0.0	イノチオフローラ㈱	経費	販売手数料
202402	005000000	37	支払手数料	12000.0	12000.0	38970.0	1.1	324.7	324.7	イノチオフローラ㈱	経費	支払手数料
202402	005000000	38	診断料	0.0	0.0	0.0	0.0	0.0	0.0	イノチオフローラ㈱	経費	診断料
202402	005000000	39	諸会費	0.0	0.0	0.0	0.0	0.0	0.0	イノチオフローラ㈱	経費	諸会費
202402	005000000	40	会議費	0.0	0.0	0.0	0.0	0.0	0.0	イノチオフローラ㈱	経費	会議費
202402	005000000	41	寄付金	0.0	0.0	0.0	0.0	0.0	0.0	イノチオフローラ㈱	経費	寄付金
202402	005000000	42	租税公課	10000.0	10000.0	1.0	0.0	0.0	0.0	イノチオフローラ㈱	経費	租税公課
202402	005000000	43	業務委託費	0.0	0.0	0.0	0.0	0.0	0.0	イノチオフローラ㈱	経費	業務委託費
202402	005000000	44	業務受託収入	0.0	0.0	0.0	0.0	0.0	0.0	イノチオフローラ㈱	経費	業務受託収入
202402	005000000	45	システム管理料	0.0	0.0	0.0	0.0	0.0	0.0	イノチオフローラ㈱	経費	システム管理料
202402	005000000	46	情報機器利用料	40440.0	40440.0	41040.0	1.1	101.4	101.4	イノチオフローラ㈱	経費	情報機器利用料
202402	005000000	47	貸倒金	0.0	0.0	0.0	0.0	0.0	0.0	イノチオフローラ㈱	経費	貸倒金
202402	005000000	48	雑費	20000.0	20000.0	181.0	0.0	0.9	0.9	イノチオフローラ㈱	経費	雑費
202402	005000000	49	福利消耗品費	10000.0	10000.0	0.0	0.0	0.0	0.0	イノチオフローラ㈱	経費	福利消耗品費
202402	005000000	50	教育研修費	2800.0	2800.0	2429.0	0.0	86.7	86.7	イノチオフローラ㈱	経費	教育研修費
202402	005000000	51	雑給	0.0	0.0	0.0	0.0	0.0	0.0	イノチオフローラ㈱	経費	雑給
202402	005000000	52	社内金利（固定資産）	0.0	0.0	0.0	0.0	0.0	0.0	イノチオフローラ㈱	経費	社内金利（固定資産）
202402	005000000	53	グループ共通	209000.0	209000.0	209000.0	6.0	100.0	100.0	イノチオフローラ㈱	経費	グループ共通
202402	005000000	54	差引収益	443454.0	-1939818.0	-503442.0	0.0	0.0	0.0	イノチオフローラ㈱		
202402	005000000	55	差引比率	11.8	-48.9	-14.6		0.0	0.0	イノチオフローラ㈱		
202402	005000000	56	総時間	881.5	1051.75	942.25		89.5	106.8	イノチオフローラ㈱		
202402	005000000	57	定時間	800.0	912.0	874.0		95.8	109.2	イノチオフローラ㈱	時間	
202402	005000000	58	残業時間	46.0	105.0	53.5		50.9	116.3	イノチオフローラ㈱	時間	
202402	005000000	59	移動時間	35.5	34.75	14.75		42.4	41.5	イノチオフローラ㈱	時間	
202402	005000000	60	当月時間当り	503.0	-1844.3	-534.2		0.0	0.0	イノチオフローラ㈱		
202402	005000000	61	人員	6.0	6.0	6.0		100.0	100.0	イノチオフローラ㈱		
202403	005000000	1	総受注高	2121748.0	3204461.0	2811017.0		87.7	132.4	イノチオフローラ㈱	受注	
202403	005000000	2	総売上高	2121748.0	3204461.0	2811017.0		87.7	132.4	イノチオフローラ㈱		
202403	005000000	3	切り花売上	1285497.0	1573061.0	802814.0	28.5	51.0	62.4	イノチオフローラ㈱	売上	
202403	005000000	4	研究受託売上   	520000.0	1281400.0	1276000.0	45.3	99.5	245.3	イノチオフローラ㈱	売上	
202403	005000000	5	その他売上	316251.0	350000.0	732203.0	26.0	209.2	231.5	イノチオフローラ㈱	売上	
202403	005000000	6	堆肥売上            	0.0	0.0	0.0	0.0	0.0	0.0	イノチオフローラ㈱	売上	
202403	005000000	7	経費合計	3585173.0	4510830.0	5271788.0	187.5	116.8	147.0	イノチオフローラ㈱		
202403	005000000	8	種苗費	0.0	130000.0	0.0	0.0	0.0	0.0	イノチオフローラ㈱	経費	種苗費
202403	005000000	9	肥料費	0.0	0.0	25000.0	0.8	0.0	0.0	イノチオフローラ㈱	経費	肥料費
202403	005000000	10	培土費用	0.0	0.0	0.0	0.0	0.0	0.0	イノチオフローラ㈱	経費	培土費用
202403	005000000	11	農薬衛生費	329420.0	329420.0	312580.0	11.1	94.8	94.8	イノチオフローラ㈱	経費	農薬衛生費
202403	005000000	12	農具費	10000.0	10000.0	46551.0	1.6	465.5	465.5	イノチオフローラ㈱	経費	農具費
202403	005000000	13	諸材料費	0.0	10000.0	5450.0	0.1	54.5	0.0	イノチオフローラ㈱	経費	諸材料費
202403	005000000	14	その他仕入高	164000.0	200000.0	336533.0	11.9	168.2	205.2	イノチオフローラ㈱	経費	その他仕入高
202403	005000000	15	減価償却費	495404.0	495404.0	498870.0	17.7	100.6	100.6	イノチオフローラ㈱	経費	減価償却費
202403	005000000	16	車両費	116460.0	126400.0	140535.0	4.9	111.1	120.6	イノチオフローラ㈱	経費	車両費
202403	005000000	17	旅費交通費	30000.0	5000.0	0.0	0.0	0.0	0.0	イノチオフローラ㈱	経費	旅費交通費
202403	005000000	18	荷造運搬費	75454.0	113200.0	150222.0	5.3	132.7	199.0	イノチオフローラ㈱	経費	荷造運搬費
202403	005000000	19	通信費	28604.0	38250.0	42286.0	1.5	110.5	147.8	イノチオフローラ㈱	経費	通信費
202403	005000000	20	水道光熱費	200869.0	228100.0	198249.0	7.0	86.9	98.6	イノチオフローラ㈱	経費	水道光熱費
202403	005000000	21	動力費	395116.0	398500.0	377629.0	13.4	94.7	95.5	イノチオフローラ㈱	経費	動力費
202403	005000000	22	燃料費	680000.0	736000.0	1075168.0	38.2	146.0	158.1	イノチオフローラ㈱	経費	燃料費
202403	005000000	23	事務用品費	5000.0	5000.0	814.0	0.0	16.2	16.2	イノチオフローラ㈱	経費	事務用品費
202403	005000000	24	消耗品費	30000.0	30000.0	8868.0	0.3	29.5	29.5	イノチオフローラ㈱	経費	消耗品費
202403	005000000	25	廃棄物処理料	30000.0	30000.0	69050.0	2.4	230.1	230.1	イノチオフローラ㈱	経費	廃棄物処理料
202403	005000000	26	広告宣伝費	0.0	0.0	0.0	0.0	0.0	0.0	イノチオフローラ㈱	経費	広告宣伝費
202403	005000000	27	接待交際費	0.0	0.0	0.0	0.0	0.0	0.0	イノチオフローラ㈱	経費	接待交際費
202403	005000000	28	研究開発費	0.0	0.0	0.0	0.0	0.0	0.0	イノチオフローラ㈱	経費	研究開発費
202403	005000000	29	クレーム費	0.0	0.0	0.0	0.0	0.0	0.0	イノチオフローラ㈱	経費	クレーム費
202403	005000000	30	賃借料	0.0	0.0	0.0	0.0	0.0	0.0	イノチオフローラ㈱	経費	賃借料
202403	005000000	31	賃貸料収入	-30000.0	-30000.0	-27273.0	0.0	0.0	0.0	イノチオフローラ㈱	経費	賃貸料収入
202403	005000000	32	修繕費	60000.0	608500.0	951480.0	33.8	156.3		イノチオフローラ㈱	経費	修繕費
202403	005000000	33	支払リース料	4800.0	4800.0	5274.0	0.1	109.8	109.8	イノチオフローラ㈱	経費	支払リース料
202403	005000000	34	保険料	261510.0	261510.0	232330.0	8.2	88.8	88.8	イノチオフローラ㈱	経費	保険料
202403	005000000	35	支払報酬	0.0	0.0	0.0	0.0	0.0	0.0	イノチオフローラ㈱	経費	支払報酬
202403	005000000	36	販売手数料	0.0	0.0	0.0	0.0	0.0	0.0	イノチオフローラ㈱	経費	販売手数料
202403	005000000	37	支払手数料	12000.0	430506.0	432881.0	15.3	100.5		イノチオフローラ㈱	経費	支払手数料
202403	005000000	38	診断料	0.0	0.0	0.0	0.0	0.0	0.0	イノチオフローラ㈱	経費	診断料
202403	005000000	39	諸会費	0.0	0.0	0.0	0.0	0.0	0.0	イノチオフローラ㈱	経費	諸会費
202403	005000000	40	会議費	0.0	0.0	0.0	0.0	0.0	0.0	イノチオフローラ㈱	経費	会議費
202403	005000000	41	寄付金	0.0	0.0	0.0	0.0	0.0	0.0	イノチオフローラ㈱	経費	寄付金
202403	005000000	42	租税公課	10000.0	10000.0	2.0	0.0	0.0	0.0	イノチオフローラ㈱	経費	租税公課
202403	005000000	43	業務委託費	0.0	0.0	0.0	0.0	0.0	0.0	イノチオフローラ㈱	経費	業務委託費
202403	005000000	44	業務受託収入	0.0	0.0	0.0	0.0	0.0	0.0	イノチオフローラ㈱	経費	業務受託収入
202403	005000000	45	システム管理料	0.0	0.0	0.0	0.0	0.0	0.0	イノチオフローラ㈱	経費	システム管理料
202403	005000000	46	情報機器利用料	40440.0	40440.0	41040.0	1.4	101.4	101.4	イノチオフローラ㈱	経費	情報機器利用料
202403	005000000	47	貸倒金	0.0	0.0	0.0	0.0	0.0	0.0	イノチオフローラ㈱	経費	貸倒金
202403	005000000	48	雑費	414296.0	20000.0	132690.0	4.7	663.4	32.0	イノチオフローラ㈱	経費	雑費
202403	005000000	49	福利消耗品費	10000.0	10000.0	4130.0	0.1	41.3	41.3	イノチオフローラ㈱	経費	福利消耗品費
202403	005000000	50	教育研修費	2800.0	2800.0	2429.0	0.0	86.7	86.7	イノチオフローラ㈱	経費	教育研修費
202403	005000000	51	雑給	0.0	0.0	0.0	0.0	0.0	0.0	イノチオフローラ㈱	経費	雑給
202403	005000000	52	社内金利（固定資産）	0.0	0.0	0.0	0.0	0.0	0.0	イノチオフローラ㈱	経費	社内金利（固定資産）
202403	005000000	53	グループ共通	209000.0	267000.0	209000.0	7.4	78.2	100.0	イノチオフローラ㈱	経費	グループ共通
202403	005000000	54	差引収益	-1463425.0	-1306369.0	-2460771.0	0.0	0.0	0.0	イノチオフローラ㈱		
202403	005000000	55	差引比率	-68.9	-40.7	-87.5		0.0	0.0	イノチオフローラ㈱		
202403	005000000	56	総時間	952.5	1124.25	1067.75		94.9	112.0	イノチオフローラ㈱		
202403	005000000	57	定時間	840.0	1008.0	998.0		99.0	118.8	イノチオフローラ㈱	時間	
202403	005000000	58	残業時間	76.0	93.0	54.75		58.8	72.0	イノチオフローラ㈱	時間	
202403	005000000	59	移動時間	36.5	23.25	15.0		64.5	41.0	イノチオフローラ㈱	時間	
202403	005000000	60	当月時間当り	-1536.4	-1161.9	-2304.6		0.0	0.0	イノチオフローラ㈱		
202403	005000000	61	人員	6.0	6.0	6.0		100.0	100.0	イノチオフローラ㈱		
202404	005000000	1	総受注高	1600000.0	1522500.0	1314508.0		86.3	82.1	イノチオフローラ㈱	受注	
202404	005000000	2	総売上高	1600000.0	1522500.0	1314508.0		86.3	82.1	イノチオフローラ㈱		
202404	005000000	3	切り花売上	810000.0	750000.0	379943.0	28.9	50.6	46.9	イノチオフローラ㈱	売上	
202404	005000000	4	研究受託売上   	580000.0	572500.0	572500.0	43.5	100.0	98.7	イノチオフローラ㈱	売上	
202404	005000000	5	その他売上	210000.0	200000.0	362065.0	27.5	181.0	172.4	イノチオフローラ㈱	売上	
202404	005000000	6	堆肥売上            	0.0	0.0	0.0	0.0	0.0	0.0	イノチオフローラ㈱	売上	
202404	005000000	7	経費合計	4528552.0	4000815.0	3729919.0	283.7	93.2	82.3	イノチオフローラ㈱		
202404	005000000	8	種苗費	815280.0	474150.0	483340.0	36.7	101.9	59.2	イノチオフローラ㈱	経費	種苗費
202404	005000000	9	肥料費	190045.0	128000.0	129480.0	9.8	101.1	68.1	イノチオフローラ㈱	経費	肥料費
202404	005000000	10	培土費用	0.0	0.0	0.0	0.0	0.0	0.0	イノチオフローラ㈱	経費	培土費用
202404	005000000	11	農薬衛生費	444570.0	444150.0	402355.0	30.6	90.5	90.5	イノチオフローラ㈱	経費	農薬衛生費
202404	005000000	12	農具費	233142.0	134000.0	100171.0	7.6	74.7	42.9	イノチオフローラ㈱	経費	農具費
202404	005000000	13	諸材料費	135850.0	135850.0	125347.0	9.5	92.2	92.2	イノチオフローラ㈱	経費	諸材料費
202404	005000000	14	その他仕入高	150000.0	150000.0	94167.0	7.1	62.7	62.7	イノチオフローラ㈱	経費	その他仕入高
202404	005000000	15	減価償却費	382277.0	382277.0	382277.0	29.0	100.0	100.0	イノチオフローラ㈱	経費	減価償却費
202404	005000000	16	車両費	200000.0	175000.0	135194.0	10.2	77.2	67.5	イノチオフローラ㈱	経費	車両費
202404	005000000	17	旅費交通費	15000.0	15000.0	0.0	0.0	0.0	0.0	イノチオフローラ㈱	経費	旅費交通費
202404	005000000	18	荷造運搬費	91840.0	91840.0	111814.0	8.5	121.7	121.7	イノチオフローラ㈱	経費	荷造運搬費
202404	005000000	19	通信費	29532.0	29532.0	39508.0	3.0	133.7	133.7	イノチオフローラ㈱	経費	通信費
202404	005000000	20	水道光熱費	145352.0	145352.0	143148.0	10.8	98.4	98.4	イノチオフローラ㈱	経費	水道光熱費
202404	005000000	21	動力費	485174.0	485174.0	307750.0	23.4	63.4	63.4	イノチオフローラ㈱	経費	動力費
202404	005000000	22	燃料費	364000.0	364000.0	736000.0	55.9	202.1	202.1	イノチオフローラ㈱	経費	燃料費
202404	005000000	23	事務用品費	5000.0	5000.0	489.0	0.0	9.7	9.7	イノチオフローラ㈱	経費	事務用品費
202404	005000000	24	消耗品費	15000.0	15000.0	27063.0	2.0	180.4	180.4	イノチオフローラ㈱	経費	消耗品費
202404	005000000	25	廃棄物処理料	40000.0	40000.0	0.0	0.0	0.0	0.0	イノチオフローラ㈱	経費	廃棄物処理料
202404	005000000	26	広告宣伝費	0.0	0.0	0.0	0.0	0.0	0.0	イノチオフローラ㈱	経費	広告宣伝費
202404	005000000	27	接待交際費	0.0	0.0	0.0	0.0	0.0	0.0	イノチオフローラ㈱	経費	接待交際費
202404	005000000	28	研究開発費	0.0	0.0	0.0	0.0	0.0	0.0	イノチオフローラ㈱	経費	研究開発費
202404	005000000	29	クレーム費	0.0	0.0	0.0	0.0	0.0	0.0	イノチオフローラ㈱	経費	クレーム費
202404	005000000	30	賃借料	0.0	0.0	0.0	0.0	0.0	0.0	イノチオフローラ㈱	経費	賃借料
202404	005000000	31	賃貸料収入	-30000.0	-30000.0	-27273.0	0.0	0.0	0.0	イノチオフローラ㈱	経費	賃貸料収入
202404	005000000	32	修繕費	170000.0	170000.0	138545.0	10.5	81.4	81.4	イノチオフローラ㈱	経費	修繕費
202404	005000000	33	支払リース料	4800.0	4800.0	5599.0	0.4	116.6	116.6	イノチオフローラ㈱	経費	支払リース料
202404	005000000	34	保険料	29180.0	29180.0	29310.0	2.2	100.4	100.4	イノチオフローラ㈱	経費	保険料
202404	005000000	35	支払報酬	56400.0	56400.0	0.0	0.0	0.0	0.0	イノチオフローラ㈱	経費	支払報酬
202404	005000000	36	販売手数料	200000.0	200000.0	83760.0	6.3	41.8	41.8	イノチオフローラ㈱	経費	販売手数料
202404	005000000	37	支払手数料	11520.0	11520.0	40188.0	3.0	348.8	348.8	イノチオフローラ㈱	経費	支払手数料
202404	005000000	38	診断料	0.0	0.0	0.0	0.0	0.0	0.0	イノチオフローラ㈱	経費	診断料
202404	005000000	39	諸会費	0.0	0.0	0.0	0.0	0.0	0.0	イノチオフローラ㈱	経費	諸会費
202404	005000000	40	会議費	0.0	0.0	0.0	0.0	0.0	0.0	イノチオフローラ㈱	経費	会議費
202404	005000000	41	寄付金	0.0	0.0	0.0	0.0	0.0	0.0	イノチオフローラ㈱	経費	寄付金
202404	005000000	42	租税公課	1000.0	1000.0	0.0	0.0	0.0	0.0	イノチオフローラ㈱	経費	租税公課
202404	005000000	43	業務委託費	0.0	0.0	0.0	0.0	0.0	0.0	イノチオフローラ㈱	経費	業務委託費
202404	005000000	44	業務受託収入	0.0	0.0	0.0	0.0	0.0	0.0	イノチオフローラ㈱	経費	業務受託収入
202404	005000000	45	システム管理料	0.0	0.0	0.0	0.0	0.0	0.0	イノチオフローラ㈱	経費	システム管理料
202404	005000000	46	情報機器利用料	42340.0	42340.0	42340.0	3.2	100.0	100.0	イノチオフローラ㈱	経費	情報機器利用料
202404	005000000	47	貸倒金	0.0	0.0	0.0	0.0	0.0	0.0	イノチオフローラ㈱	経費	貸倒金
202404	005000000	48	雑費	2000.0	2000.0	178.0	0.0	8.9	8.9	イノチオフローラ㈱	経費	雑費
202404	005000000	49	福利消耗品費	64450.0	64450.0	2740.0	0.2	4.2	4.2	イノチオフローラ㈱	経費	福利消耗品費
202404	005000000	50	教育研修費	40800.0	40800.0	2429.0	0.1	5.9	5.9	イノチオフローラ㈱	経費	教育研修費
202404	005000000	51	雑給	0.0	0.0	0.0	0.0	0.0	0.0	イノチオフローラ㈱	経費	雑給
202404	005000000	52	社内金利（固定資産）	0.0	0.0	0.0	0.0	0.0	0.0	イノチオフローラ㈱	経費	社内金利（固定資産）
202404	005000000	53	グループ共通	194000.0	194000.0	194000.0	14.7	100.0	100.0	イノチオフローラ㈱	経費	グループ共通
202404	005000000	54	差引収益	-2928552.0	-2478315.0	-2415411.0	0.0	0.0	0.0	イノチオフローラ㈱		
202404	005000000	55	差引比率	-183.0	-162.7	-183.7		0.0	0.0	イノチオフローラ㈱		
202404	005000000	56	総時間	1134.0	1134.0	947.0		83.5	83.5	イノチオフローラ㈱		
202404	005000000	57	定時間	1056.0	1056.0	870.0		82.3	82.3	イノチオフローラ㈱	時間	
202404	005000000	58	残業時間	62.0	62.0	59.5		95.9	95.9	イノチオフローラ㈱	時間	
202404	005000000	59	移動時間	16.0	16.0	17.5		109.3	109.3	イノチオフローラ㈱	時間	
202404	005000000	60	当月時間当り	-2582.4	-2185.4	-2550.5		0.0	0.0	イノチオフローラ㈱		
202404	005000000	61	人員	6.0	6.0	6.0		100.0	100.0	イノチオフローラ㈱		
202405	005000000	1	総受注高	4300000.0	1051750.0	1835581.0		174.5	42.6	イノチオフローラ㈱	受注	
202405	005000000	2	総売上高	4300000.0	1051750.0	1835581.0		174.5	42.6	イノチオフローラ㈱		
202405	005000000	3	切り花売上	126000.0	150000.0	360830.0	19.6	240.5	286.3	イノチオフローラ㈱	売上	
202405	005000000	4	研究受託売上   	3923000.0	641750.0	641750.0	34.9	100.0	16.3	イノチオフローラ㈱	売上	
202405	005000000	5	その他売上	251000.0	260000.0	833001.0	45.3	320.3	331.8	イノチオフローラ㈱	売上	
202405	005000000	6	堆肥売上            	0.0	0.0	0.0	0.0	0.0	0.0	イノチオフローラ㈱	売上	
202405	005000000	7	経費合計	3855348.0	3998318.0	3390240.0	184.6	84.7	87.9	イノチオフローラ㈱		
202405	005000000	8	種苗費	175780.0	175780.0	64620.0	3.5	36.7	36.7	イノチオフローラ㈱	経費	種苗費
202405	005000000	9	肥料費	24300.0	61500.0	209120.0	11.3	340.0	860.5	イノチオフローラ㈱	経費	肥料費
202405	005000000	10	培土費用	0.0	0.0	0.0	0.0	0.0	0.0	イノチオフローラ㈱	経費	培土費用
202405	005000000	11	農薬衛生費	429420.0	429420.0	401563.0	21.8	93.5	93.5	イノチオフローラ㈱	経費	農薬衛生費
202405	005000000	12	農具費	78400.0	78400.0	133163.0	7.2	169.8	169.8	イノチオフローラ㈱	経費	農具費
202405	005000000	13	諸材料費	10000.0	10000.0	0.0	0.0	0.0	0.0	イノチオフローラ㈱	経費	諸材料費
202405	005000000	14	その他仕入高	128000.0	90000.0	293838.0	16.0	326.4	229.5	イノチオフローラ㈱	経費	その他仕入高
202405	005000000	15	減価償却費	477605.0	477605.0	382271.0	20.8	80.0	80.0	イノチオフローラ㈱	経費	減価償却費
202405	005000000	16	車両費	118000.0	123000.0	135320.0	7.3	110.0	114.6	イノチオフローラ㈱	経費	車両費
202405	005000000	17	旅費交通費	10000.0	10000.0	0.0	0.0	0.0	0.0	イノチオフローラ㈱	経費	旅費交通費
202405	005000000	18	荷造運搬費	27913.0	6000.0	71478.0	3.8		256.0	イノチオフローラ㈱	経費	荷造運搬費
202405	005000000	19	通信費	32644.0	47981.0	43466.0	2.3	90.5	133.1	イノチオフローラ㈱	経費	通信費
202405	005000000	20	水道光熱費	214902.0	214902.0	182267.0	9.9	84.8	84.8	イノチオフローラ㈱	経費	水道光熱費
202405	005000000	21	動力費	481010.0	481010.0	304034.0	16.5	63.2	63.2	イノチオフローラ㈱	経費	動力費
202405	005000000	22	燃料費	425500.0	441500.0	0.0	0.0	0.0	0.0	イノチオフローラ㈱	経費	燃料費
202405	005000000	23	事務用品費	5000.0	5000.0	1050.0	0.0	21.0	21.0	イノチオフローラ㈱	経費	事務用品費
202405	005000000	24	消耗品費	15000.0	15000.0	22991.0	1.2	153.2	153.2	イノチオフローラ㈱	経費	消耗品費
202405	005000000	25	廃棄物処理料	0.0	0.0	0.0	0.0	0.0	0.0	イノチオフローラ㈱	経費	廃棄物処理料
202405	005000000	26	広告宣伝費	0.0	0.0	0.0	0.0	0.0	0.0	イノチオフローラ㈱	経費	広告宣伝費
202405	005000000	27	接待交際費	0.0	0.0	0.0	0.0	0.0	0.0	イノチオフローラ㈱	経費	接待交際費
202405	005000000	28	研究開発費	0.0	0.0	0.0	0.0	0.0	0.0	イノチオフローラ㈱	経費	研究開発費
202405	005000000	29	クレーム費	0.0	0.0	0.0	0.0	0.0	0.0	イノチオフローラ㈱	経費	クレーム費
202405	005000000	30	賃借料	0.0	0.0	0.0	0.0	0.0	0.0	イノチオフローラ㈱	経費	賃借料
202405	005000000	31	賃貸料収入	-30000.0	-30000.0	-27273.0	0.0	0.0	0.0	イノチオフローラ㈱	経費	賃貸料収入
202405	005000000	32	修繕費	170000.0	299346.0	268940.0	14.6	89.8	158.2	イノチオフローラ㈱	経費	修繕費
202405	005000000	33	支払リース料	4800.0	4800.0	4700.0	0.2	97.9	97.9	イノチオフローラ㈱	経費	支払リース料
202405	005000000	34	保険料	0.0	0.0	0.0	0.0	0.0	0.0	イノチオフローラ㈱	経費	保険料
202405	005000000	35	支払報酬	0.0	0.0	0.0	0.0	0.0	0.0	イノチオフローラ㈱	経費	支払報酬
202405	005000000	36	販売手数料	0.0	0.0	0.0	0.0	0.0	0.0	イノチオフローラ㈱	経費	販売手数料
202405	005000000	37	支払手数料	18819.0	18819.0	38118.0	2.0	202.5	202.5	イノチオフローラ㈱	経費	支払手数料
202405	005000000	38	診断料	0.0	0.0	0.0	0.0	0.0	0.0	イノチオフローラ㈱	経費	診断料
202405	005000000	39	諸会費	0.0	0.0	0.0	0.0	0.0	0.0	イノチオフローラ㈱	経費	諸会費
202405	005000000	40	会議費	0.0	0.0	0.0	0.0	0.0	0.0	イノチオフローラ㈱	経費	会議費
202405	005000000	41	寄付金	0.0	0.0	0.0	0.0	0.0	0.0	イノチオフローラ㈱	経費	寄付金
202405	005000000	42	租税公課	670000.0	670000.0	605400.0	32.9	90.3	90.3	イノチオフローラ㈱	経費	租税公課
202405	005000000	43	業務委託費	0.0	0.0	0.0	0.0	0.0	0.0	イノチオフローラ㈱	経費	業務委託費
202405	005000000	44	業務受託収入	0.0	0.0	0.0	0.0	0.0	0.0	イノチオフローラ㈱	経費	業務受託収入
202405	005000000	45	システム管理料	0.0	0.0	0.0	0.0	0.0	0.0	イノチオフローラ㈱	経費	システム管理料
202405	005000000	46	情報機器利用料	42340.0	42340.0	42340.0	2.3	100.0	100.0	イノチオフローラ㈱	経費	情報機器利用料
202405	005000000	47	貸倒金	0.0	0.0	0.0	0.0	0.0	0.0	イノチオフローラ㈱	経費	貸倒金
202405	005000000	48	雑費	124115.0	124115.0	180.0	0.0	0.1	0.1	イノチオフローラ㈱	経費	雑費
202405	005000000	49	福利消耗品費	5000.0	5000.0	16225.0	0.8	324.5	324.5	イノチオフローラ㈱	経費	福利消耗品費
202405	005000000	50	教育研修費	2800.0	2800.0	2429.0	0.1	86.7	86.7	イノチオフローラ㈱	経費	教育研修費
202405	005000000	51	雑給	0.0	0.0	0.0	0.0	0.0	0.0	イノチオフローラ㈱	経費	雑給
202405	005000000	52	社内金利（固定資産）	0.0	0.0	0.0	0.0	0.0	0.0	イノチオフローラ㈱	経費	社内金利（固定資産）
202405	005000000	53	グループ共通	194000.0	194000.0	194000.0	10.5	100.0	100.0	イノチオフローラ㈱	経費	グループ共通
202405	005000000	54	差引収益	444652.0	-2946568.0	-1554659.0	0.0	0.0	0.0	イノチオフローラ㈱		
202405	005000000	55	差引比率	10.3	-280.1	-84.6		0.0	0.0	イノチオフローラ㈱		
202405	005000000	56	総時間	1126.0	1134.0	1079.0		95.1	95.8	イノチオフローラ㈱		
202405	005000000	57	定時間	1048.0	1056.0	1020.0		96.5	97.3	イノチオフローラ㈱	時間	
202405	005000000	58	残業時間	62.0	62.0	42.5		68.5	68.5	イノチオフローラ㈱	時間	
202405	005000000	59	移動時間	16.0	16.0	16.5		103.1	103.1	イノチオフローラ㈱	時間	
202405	005000000	60	当月時間当り	394.8	-2598.3	-1440.8		0.0	0.0	イノチオフローラ㈱		
202405	005000000	61	人員	6.0	6.0	6.0		100.0	100.0	イノチオフローラ㈱		
202406	005000000	1	総受注高	4900000.0	7915650.0	7066844.0		89.2	144.2	イノチオフローラ㈱	受注	
202406	005000000	2	総売上高	4900000.0	7915650.0	7066844.0		89.2	144.2	イノチオフローラ㈱		
202406	005000000	3	切り花売上	1070000.0	1070000.0	248836.0	3.5	23.2	23.2	イノチオフローラ㈱	売上	
202406	005000000	4	研究受託売上   	3530000.0	6575650.0	6575650.0	93.0	100.0	186.2	イノチオフローラ㈱	売上	
202406	005000000	5	その他売上	300000.0	270000.0	242358.0	3.4	89.7	80.7	イノチオフローラ㈱	売上	
202406	005000000	6	堆肥売上            	0.0	0.0	0.0	0.0	0.0	0.0	イノチオフローラ㈱	売上	
202406	005000000	7	経費合計	3457050.0	3840410.0	4091721.0	57.9	106.5	118.3	イノチオフローラ㈱		
202406	005000000	8	種苗費	24040.0	24040.0	0.0	0.0	0.0	0.0	イノチオフローラ㈱	経費	種苗費
202406	005000000	9	肥料費	189140.0	0.0	0.0	0.0	0.0	0.0	イノチオフローラ㈱	経費	肥料費
202406	005000000	10	培土費用	0.0	588000.0	585200.0	8.2	99.5	0.0	イノチオフローラ㈱	経費	培土費用
202406	005000000	11	農薬衛生費	550000.0	550000.0	1437636.0	20.3	261.3	261.3	イノチオフローラ㈱	経費	農薬衛生費
202406	005000000	12	農具費	178400.0	15000.0	4080.0	0.0	27.2	2.2	イノチオフローラ㈱	経費	農具費
202406	005000000	13	諸材料費	178450.0	135850.0	126044.0	1.7	92.7	70.6	イノチオフローラ㈱	経費	諸材料費
202406	005000000	14	その他仕入高	189300.0	270000.0	46394.0	0.6	17.1	24.5	イノチオフローラ㈱	経費	その他仕入高
202406	005000000	15	減価償却費	477605.0	477605.0	419771.0	5.9	87.8	87.8	イノチオフローラ㈱	経費	減価償却費
202406	005000000	16	車両費	115000.0	115000.0	131513.0	1.8	114.3	114.3	イノチオフローラ㈱	経費	車両費
202406	005000000	17	旅費交通費	10000.0	10000.0	0.0	0.0	0.0	0.0	イノチオフローラ㈱	経費	旅費交通費
202406	005000000	18	荷造運搬費	120566.0	120566.0	79657.0	1.1	66.0	66.0	イノチオフローラ㈱	経費	荷造運搬費
202406	005000000	19	通信費	34793.0	34793.0	40356.0	0.5	115.9	115.9	イノチオフローラ㈱	経費	通信費
202406	005000000	20	水道光熱費	189897.0	189897.0	112963.0	1.5	59.4	59.4	イノチオフローラ㈱	経費	水道光熱費
202406	005000000	21	動力費	447944.0	447944.0	396610.0	5.6	88.5	88.5	イノチオフローラ㈱	経費	動力費
202406	005000000	22	燃料費	0.0	0.0	0.0	0.0	0.0	0.0	イノチオフローラ㈱	経費	燃料費
202406	005000000	23	事務用品費	5000.0	5000.0	752.0	0.0	15.0	15.0	イノチオフローラ㈱	経費	事務用品費
202406	005000000	24	消耗品費	20000.0	20000.0	362.0	0.0	1.8	1.8	イノチオフローラ㈱	経費	消耗品費
202406	005000000	25	廃棄物処理料	30000.0	40000.0	129250.0	1.8	323.1	430.8	イノチオフローラ㈱	経費	廃棄物処理料
202406	005000000	26	広告宣伝費	0.0	0.0	0.0	0.0	0.0	0.0	イノチオフローラ㈱	経費	広告宣伝費
202406	005000000	27	接待交際費	0.0	0.0	0.0	0.0	0.0	0.0	イノチオフローラ㈱	経費	接待交際費
202406	005000000	28	研究開発費	0.0	0.0	0.0	0.0	0.0	0.0	イノチオフローラ㈱	経費	研究開発費
202406	005000000	29	クレーム費	0.0	0.0	0.0	0.0	0.0	0.0	イノチオフローラ㈱	経費	クレーム費
202406	005000000	30	賃借料	0.0	0.0	0.0	0.0	0.0	0.0	イノチオフローラ㈱	経費	賃借料
202406	005000000	31	賃貸料収入	-30000.0	-30000.0	-27273.0	0.0	0.0	0.0	イノチオフローラ㈱	経費	賃貸料収入
202406	005000000	32	修繕費	270000.0	270000.0	127910.0	1.8	47.3	47.3	イノチオフローラ㈱	経費	修繕費
202406	005000000	33	支払リース料	4800.0	4800.0	4700.0	0.0	97.9	97.9	イノチオフローラ㈱	経費	支払リース料
202406	005000000	34	保険料	0.0	0.0	0.0	0.0	0.0	0.0	イノチオフローラ㈱	経費	保険料
202406	005000000	35	支払報酬	58500.0	58500.0	0.0	0.0	0.0	0.0	イノチオフローラ㈱	経費	支払報酬
202406	005000000	36	販売手数料	0.0	0.0	0.0	0.0	0.0	0.0	イノチオフローラ㈱	経費	販売手数料
202406	005000000	37	支払手数料	42519.0	42519.0	44735.0	0.6	105.2	105.2	イノチオフローラ㈱	経費	支払手数料
202406	005000000	38	診断料	0.0	0.0	0.0	0.0	0.0	0.0	イノチオフローラ㈱	経費	診断料
202406	005000000	39	諸会費	36556.0	36556.0	1819.0	0.0	4.9	4.9	イノチオフローラ㈱	経費	諸会費
202406	005000000	40	会議費	0.0	0.0	0.0	0.0	0.0	0.0	イノチオフローラ㈱	経費	会議費
202406	005000000	41	寄付金	0.0	0.0	0.0	0.0	0.0	0.0	イノチオフローラ㈱	経費	寄付金
202406	005000000	42	租税公課	1000.0	1000.0	204.0	0.0	20.4	20.4	イノチオフローラ㈱	経費	租税公課
202406	005000000	43	業務委託費	0.0	0.0	0.0	0.0	0.0	0.0	イノチオフローラ㈱	経費	業務委託費
202406	005000000	44	業務受託収入	0.0	0.0	0.0	0.0	0.0	0.0	イノチオフローラ㈱	経費	業務受託収入
202406	005000000	45	システム管理料	0.0	0.0	0.0	0.0	0.0	0.0	イノチオフローラ㈱	経費	システム管理料
202406	005000000	46	情報機器利用料	42340.0	42340.0	45720.0	0.6	107.9	107.9	イノチオフローラ㈱	経費	情報機器利用料
202406	005000000	47	貸倒金	0.0	0.0	0.0	0.0	0.0	0.0	イノチオフローラ㈱	経費	貸倒金
202406	005000000	48	雑費	22200.0	122000.0	87606.0	1.2	71.8	394.6	イノチオフローラ㈱	経費	雑費
202406	005000000	49	福利消耗品費	5000.0	5000.0	61990.0	0.8			イノチオフローラ㈱	経費	福利消耗品費
202406	005000000	50	教育研修費	50000.0	50000.0	39722.0	0.5	79.4	79.4	イノチオフローラ㈱	経費	教育研修費
202406	005000000	51	雑給	0.0	0.0	0.0	0.0	0.0	0.0	イノチオフローラ㈱	経費	雑給
202406	005000000	52	社内金利（固定資産）	0.0	0.0	0.0	0.0	0.0	0.0	イノチオフローラ㈱	経費	社内金利（固定資産）
202406	005000000	53	グループ共通	194000.0	194000.0	194000.0	2.7	100.0	100.0	イノチオフローラ㈱	経費	グループ共通
202406	005000000	54	差引収益	1442950.0	4075240.0	2975123.0	42.0	73.0	206.1	イノチオフローラ㈱		
202406	005000000	55	差引比率	29.4	51.4	42.0		81.7	142.8	イノチオフローラ㈱		
202406	005000000	56	総時間	1095.0	1095.0	1074.25		98.1	98.1	イノチオフローラ㈱		
202406	005000000	57	定時間	1008.0	1008.0	996.0		98.8	98.8	イノチオフローラ㈱	時間	
202406	005000000	58	残業時間	72.0	72.0	65.25		90.6	90.6	イノチオフローラ㈱	時間	
202406	005000000	59	移動時間	15.0	15.0	13.0		86.6	86.6	イノチオフローラ㈱	時間	
202406	005000000	60	当月時間当り	1317.7	3721.6	2769.4		74.4	210.1	イノチオフローラ㈱		
202406	005000000	61	人員	6.0	6.0	6.0		100.0	100.0	イノチオフローラ㈱		
202407	005000000	1	総受注高	6500000.0	10539150.0	6248434.0		59.2	96.1	イノチオフローラ㈱	受注	
202407	005000000	2	総売上高	6500000.0	7006940.0	6248434.0		89.1	96.1	イノチオフローラ㈱		
202407	005000000	3	切り花売上	3187000.0	3813500.0	2985054.0	47.7	78.2	93.6	イノチオフローラ㈱	売上	
202407	005000000	4	研究受託売上   	3022000.0	2902440.0	2902440.0	46.4	100.0	96.0	イノチオフローラ㈱	売上	
202407	005000000	5	その他売上	291000.0	291000.0	360940.0	5.7	124.0	124.0	イノチオフローラ㈱	売上	
202407	005000000	6	堆肥売上            	0.0	0.0	0.0	0.0	0.0	0.0	イノチオフローラ㈱	売上	
202407	005000000	7	経費合計	5363074.0	4065042.0	3612552.0	57.8	88.8	67.3	イノチオフローラ㈱		
202407	005000000	8	種苗費	50000.0	50000.0	22500.0	0.3	45.0	45.0	イノチオフローラ㈱	経費	種苗費
202407	005000000	9	肥料費	165745.0	128545.0	128980.0	2.0	100.3	77.8	イノチオフローラ㈱	経費	肥料費
202407	005000000	10	培土費用	610000.0	0.0	0.0	0.0	0.0	0.0	イノチオフローラ㈱	経費	培土費用
202407	005000000	11	農薬衛生費	835150.0	0.0	237930.0	3.8	0.0	28.4	イノチオフローラ㈱	経費	農薬衛生費
202407	005000000	12	農具費	15000.0	78400.0	72080.0	1.1	91.9	480.5	イノチオフローラ㈱	経費	農具費
202407	005000000	13	諸材料費	179200.0	200050.0	305242.0	4.8	152.5	170.3	イノチオフローラ㈱	経費	諸材料費
202407	005000000	14	その他仕入高	145750.0	200000.0	227658.0	3.6	113.8	156.1	イノチオフローラ㈱	経費	その他仕入高
202407	005000000	15	減価償却費	477605.0	468071.0	419771.0	6.7	89.6	87.8	イノチオフローラ㈱	経費	減価償却費
202407	005000000	16	車両費	213000.0	213000.0	197667.0	3.1	92.8	92.8	イノチオフローラ㈱	経費	車両費
202407	005000000	17	旅費交通費	10000.0	10000.0	0.0	0.0	0.0	0.0	イノチオフローラ㈱	経費	旅費交通費
202407	005000000	18	荷造運搬費	305694.0	310694.0	1399.0	0.0	0.4	0.4	イノチオフローラ㈱	経費	荷造運搬費
202407	005000000	19	通信費	31378.0	41730.0	40188.0	0.6	96.3	128.0	イノチオフローラ㈱	経費	通信費
202407	005000000	20	水道光熱費	191805.0	191805.0	151577.0	2.4	79.0	79.0	イノチオフローラ㈱	経費	水道光熱費
202407	005000000	21	動力費	414033.0	414033.0	327277.0	5.2	79.0	79.0	イノチオフローラ㈱	経費	動力費
202407	005000000	22	燃料費	63000.0	63000.0	0.0	0.0	0.0	0.0	イノチオフローラ㈱	経費	燃料費
202407	005000000	23	事務用品費	5000.0	5000.0	4025.0	0.0	80.5	80.5	イノチオフローラ㈱	経費	事務用品費
202407	005000000	24	消耗品費	15000.0	15000.0	2738.0	0.0	18.2	18.2	イノチオフローラ㈱	経費	消耗品費
202407	005000000	25	廃棄物処理料	0.0	40000.0	62000.0	0.9	155.0	0.0	イノチオフローラ㈱	経費	廃棄物処理料
202407	005000000	26	広告宣伝費	0.0	0.0	0.0	0.0	0.0	0.0	イノチオフローラ㈱	経費	広告宣伝費
202407	005000000	27	接待交際費	0.0	0.0	0.0	0.0	0.0	0.0	イノチオフローラ㈱	経費	接待交際費
202407	005000000	28	研究開発費	0.0	0.0	0.0	0.0	0.0	0.0	イノチオフローラ㈱	経費	研究開発費
202407	005000000	29	クレーム費	0.0	0.0	0.0	0.0	0.0	0.0	イノチオフローラ㈱	経費	クレーム費
202407	005000000	30	賃借料	0.0	0.0	0.0	0.0	0.0	0.0	イノチオフローラ㈱	経費	賃借料
202407	005000000	31	賃貸料収入	-30000.0	-30000.0	-27273.0	0.0	0.0	0.0	イノチオフローラ㈱	経費	賃貸料収入
202407	005000000	32	修繕費	270000.0	270000.0	106420.0	1.7	39.4	39.4	イノチオフローラ㈱	経費	修繕費
202407	005000000	33	支払リース料	4800.0	4800.0	4700.0	0.0	97.9	97.9	イノチオフローラ㈱	経費	支払リース料
202407	005000000	34	保険料	0.0	0.0	0.0	0.0	0.0	0.0	イノチオフローラ㈱	経費	保険料
202407	005000000	35	支払報酬	312421.0	312421.0	329679.0	5.2	105.5	105.5	イノチオフローラ㈱	経費	支払報酬
202407	005000000	36	販売手数料	130000.0	130000.0	71660.0	1.1	55.1	55.1	イノチオフローラ㈱	経費	販売手数料
202407	005000000	37	支払手数料	22353.0	22353.0	26860.0	0.4	120.1	120.1	イノチオフローラ㈱	経費	支払手数料
202407	005000000	38	診断料	0.0	0.0	0.0	0.0	0.0	0.0	イノチオフローラ㈱	経費	診断料
202407	005000000	39	諸会費	0.0	0.0	0.0	0.0	0.0	0.0	イノチオフローラ㈱	経費	諸会費
202407	005000000	40	会議費	0.0	0.0	0.0	0.0	0.0	0.0	イノチオフローラ㈱	経費	会議費
202407	005000000	41	寄付金	0.0	0.0	0.0	0.0	0.0	0.0	イノチオフローラ㈱	経費	寄付金
202407	005000000	42	租税公課	680000.0	680000.0	603000.0	9.6	88.6	88.6	イノチオフローラ㈱	経費	租税公課
202407	005000000	43	業務委託費	0.0	0.0	0.0	0.0	0.0	0.0	イノチオフローラ㈱	経費	業務委託費
202407	005000000	44	業務受託収入	0.0	0.0	0.0	0.0	0.0	0.0	イノチオフローラ㈱	経費	業務受託収入
202407	005000000	45	システム管理料	0.0	0.0	0.0	0.0	0.0	0.0	イノチオフローラ㈱	経費	システム管理料
202407	005000000	46	情報機器利用料	42340.0	42340.0	45720.0	0.7	107.9	107.9	イノチオフローラ㈱	経費	情報機器利用料
202407	005000000	47	貸倒金	0.0	0.0	0.0	0.0	0.0	0.0	イノチオフローラ㈱	経費	貸倒金
202407	005000000	48	雑費	2000.0	2000.0	20377.0	0.3			イノチオフローラ㈱	経費	雑費
202407	005000000	49	福利消耗品費	5000.0	5000.0	33948.0	0.5	678.9	678.9	イノチオフローラ㈱	経費	福利消耗品費
202407	005000000	50	教育研修費	2800.0	2800.0	2429.0	0.0	86.7	86.7	イノチオフローラ㈱	経費	教育研修費
202407	005000000	51	雑給	0.0	0.0	0.0	0.0	0.0	0.0	イノチオフローラ㈱	経費	雑給
202407	005000000	52	社内金利（固定資産）	0.0	0.0	0.0	0.0	0.0	0.0	イノチオフローラ㈱	経費	社内金利（固定資産）
202407	005000000	53	グループ共通	194000.0	194000.0	194000.0	3.1	100.0	100.0	イノチオフローラ㈱	経費	グループ共通
202407	005000000	54	差引収益	1136926.0	2941898.0	2635882.0	42.1	89.5	231.8	イノチオフローラ㈱		
202407	005000000	55	差引比率	17.4	41.9	42.1		100.4	241.9	イノチオフローラ㈱		
202407	005000000	56	総時間	1295.5	1295.5	1257.75		97.0	97.0	イノチオフローラ㈱		
202407	005000000	57	定時間	1104.0	1104.0	1104.0		100.0	100.0	イノチオフローラ㈱	時間	
202407	005000000	58	残業時間	175.0	175.0	140.25		80.1	80.1	イノチオフローラ㈱	時間	
202407	005000000	59	移動時間	16.5	16.5	13.5		81.8	81.8	イノチオフローラ㈱	時間	
202407	005000000	60	当月時間当り	877.5	2270.8	2095.7		92.2	238.8	イノチオフローラ㈱		
202407	005000000	61	人員	6.0	6.0	6.0		100.0	100.0	イノチオフローラ㈱		
202408	005000000	1	総受注高	10500000.0	10627459.0	11514426.0		108.3	109.6	イノチオフローラ㈱	受注	
202408	005000000	2	総売上高	10500000.0	10627459.0	11514426.0		108.3	109.6	イノチオフローラ㈱		
202408	005000000	3	切り花売上	3050000.0	3632959.0	4380220.0	38.0	120.5	143.6	イノチオフローラ㈱	売上	
202408	005000000	4	研究受託売上   	6991000.0	6814500.0	6814500.0	59.1	100.0	97.4	イノチオフローラ㈱	売上	
202408	005000000	5	その他売上	459000.0	180000.0	319706.0	2.7	177.6	69.6	イノチオフローラ㈱	売上	
202408	005000000	6	堆肥売上            	0.0	0.0	0.0	0.0	0.0	0.0	イノチオフローラ㈱	売上	
202408	005000000	7	経費合計	3763409.0	4507057.0	4585155.0	39.8	101.7	121.8	イノチオフローラ㈱		
202408	005000000	8	種苗費	357480.0	357480.0	684660.0	5.9	191.5	191.5	イノチオフローラ㈱	経費	種苗費
202408	005000000	9	肥料費	24300.0	24300.0	0.0	0.0	0.0	0.0	イノチオフローラ㈱	経費	肥料費
202408	005000000	10	培土費用	0.0	0.0	0.0	0.0	0.0	0.0	イノチオフローラ㈱	経費	培土費用
202408	005000000	11	農薬衛生費	758840.0	1103540.0	1192482.0	10.3	108.0	157.1	イノチオフローラ㈱	経費	農薬衛生費
202408	005000000	12	農具費	114000.0	114000.0	2365.0	0.0	2.0	2.0	イノチオフローラ㈱	経費	農具費
202408	005000000	13	諸材料費	135850.0	450475.0	89391.0	0.7	19.8	65.8	イノチオフローラ㈱	経費	諸材料費
202408	005000000	14	その他仕入高	181250.0	180000.0	166289.0	1.4	92.3	91.7	イノチオフローラ㈱	経費	その他仕入高
202408	005000000	15	減価償却費	477605.0	419771.0	419771.0	3.6	100.0	87.8	イノチオフローラ㈱	経費	減価償却費
202408	005000000	16	車両費	242000.0	145000.0	138838.0	1.2	95.7	57.3	イノチオフローラ㈱	経費	車両費
202408	005000000	17	旅費交通費	15000.0	15000.0	137.0	0.0	0.9	0.9	イノチオフローラ㈱	経費	旅費交通費
202408	005000000	18	荷造運搬費	282465.0	350000.0	534565.0	4.6	152.7	189.2	イノチオフローラ㈱	経費	荷造運搬費
202408	005000000	19	通信費	33212.0	33212.0	39715.0	0.3	119.5	119.5	イノチオフローラ㈱	経費	通信費
202408	005000000	20	水道光熱費	205923.0	206095.0	162639.0	1.4	78.9	78.9	イノチオフローラ㈱	経費	水道光熱費
202408	005000000	21	動力費	445228.0	445228.0	330090.0	2.8	74.1	74.1	イノチオフローラ㈱	経費	動力費
202408	005000000	22	燃料費	0.0	0.0	0.0	0.0	0.0	0.0	イノチオフローラ㈱	経費	燃料費
202408	005000000	23	事務用品費	5000.0	5000.0	2860.0	0.0	57.2	57.2	イノチオフローラ㈱	経費	事務用品費
202408	005000000	24	消耗品費	15000.0	15000.0	5764.0	0.0	38.4	38.4	イノチオフローラ㈱	経費	消耗品費
202408	005000000	25	廃棄物処理料	30000.0	62000.0	0.0	0.0	0.0	0.0	イノチオフローラ㈱	経費	廃棄物処理料
202408	005000000	26	広告宣伝費	0.0	0.0	0.0	0.0	0.0	0.0	イノチオフローラ㈱	経費	広告宣伝費
202408	005000000	27	接待交際費	0.0	0.0	0.0	0.0	0.0	0.0	イノチオフローラ㈱	経費	接待交際費
202408	005000000	28	研究開発費	0.0	0.0	0.0	0.0	0.0	0.0	イノチオフローラ㈱	経費	研究開発費
202408	005000000	29	クレーム費	0.0	0.0	0.0	0.0	0.0	0.0	イノチオフローラ㈱	経費	クレーム費
202408	005000000	30	賃借料	0.0	0.0	0.0	0.0	0.0	0.0	イノチオフローラ㈱	経費	賃借料
202408	005000000	31	賃貸料収入	-30000.0	-30000.0	-27273.0	0.0	0.0	0.0	イノチオフローラ㈱	経費	賃貸料収入
202408	005000000	32	修繕費	170000.0	252200.0	531520.0	4.6	210.7	312.6	イノチオフローラ㈱	経費	修繕費
202408	005000000	33	支払リース料	4800.0	4800.0	4700.0	0.0	97.9	97.9	イノチオフローラ㈱	経費	支払リース料
202408	005000000	34	保険料	0.0	0.0	0.0	0.0	0.0	0.0	イノチオフローラ㈱	経費	保険料
202408	005000000	35	支払報酬	0.0	58500.0	0.0	0.0	0.0	0.0	イノチオフローラ㈱	経費	支払報酬
202408	005000000	36	販売手数料	0.0	0.0	0.0	0.0	0.0	0.0	イノチオフローラ㈱	経費	販売手数料
202408	005000000	37	支払手数料	10316.0	10316.0	62463.0	0.5	605.4	605.4	イノチオフローラ㈱	経費	支払手数料
202408	005000000	38	診断料	0.0	0.0	0.0	0.0	0.0	0.0	イノチオフローラ㈱	経費	診断料
202408	005000000	39	諸会費	0.0	0.0	0.0	0.0	0.0	0.0	イノチオフローラ㈱	経費	諸会費
202408	005000000	40	会議費	0.0	0.0	0.0	0.0	0.0	0.0	イノチオフローラ㈱	経費	会議費
202408	005000000	41	寄付金	0.0	0.0	0.0	0.0	0.0	0.0	イノチオフローラ㈱	経費	寄付金
202408	005000000	42	租税公課	1000.0	1000.0	6.0	0.0	0.6	0.6	イノチオフローラ㈱	経費	租税公課
202408	005000000	43	業務委託費	0.0	0.0	0.0	0.0	0.0	0.0	イノチオフローラ㈱	経費	業務委託費
202408	005000000	44	業務受託収入	0.0	0.0	0.0	0.0	0.0	0.0	イノチオフローラ㈱	経費	業務受託収入
202408	005000000	45	システム管理料	0.0	0.0	0.0	0.0	0.0	0.0	イノチオフローラ㈱	経費	システム管理料
202408	005000000	46	情報機器利用料	42340.0	42340.0	42340.0	0.3	100.0	100.0	イノチオフローラ㈱	経費	情報機器利用料
202408	005000000	47	貸倒金	0.0	0.0	0.0	0.0	0.0	0.0	イノチオフローラ㈱	経費	貸倒金
202408	005000000	48	雑費	2000.0	2000.0	176.0	0.0	8.8	8.8	イノチオフローラ㈱	経費	雑費
202408	005000000	49	福利消耗品費	5000.0	5000.0	728.0	0.0	14.5	14.5	イノチオフローラ㈱	経費	福利消耗品費
202408	005000000	50	教育研修費	40800.0	40800.0	6929.0	0.0	16.9	16.9	イノチオフローラ㈱	経費	教育研修費
202408	005000000	51	雑給	0.0	0.0	0.0	0.0	0.0	0.0	イノチオフローラ㈱	経費	雑給
202408	005000000	52	社内金利（固定資産）	0.0	0.0	0.0	0.0	0.0	0.0	イノチオフローラ㈱	経費	社内金利（固定資産）
202408	005000000	53	グループ共通	194000.0	194000.0	194000.0	1.6	100.0	100.0	イノチオフローラ㈱	経費	グループ共通
202408	005000000	54	差引収益	6736591.0	6120402.0	6929271.0	60.1	113.2	102.8	イノチオフローラ㈱		
202408	005000000	55	差引比率	64.1	57.5	60.1		104.5	93.7	イノチオフローラ㈱		
202408	005000000	56	総時間	1168.0	1168.0	1083.0		92.7	92.7	イノチオフローラ㈱		
202408	005000000	57	定時間	1000.0	1000.0	941.25		94.1	94.1	イノチオフローラ㈱	時間	
202408	005000000	58	残業時間	153.0	153.0	129.75		84.8	84.8	イノチオフローラ㈱	時間	
202408	005000000	59	移動時間	15.0	15.0	12.0		80.0	80.0	イノチオフローラ㈱	時間	
202408	005000000	60	当月時間当り	5767.6	5240.0	6398.2		122.1	110.9	イノチオフローラ㈱		
202408	005000000	61	人員	6.0	6.0	6.0		100.0	100.0	イノチオフローラ㈱		
202409	005000000	1	総受注高	17300000.0	17510650.0	18548721.0		105.9	107.2	イノチオフローラ㈱	受注	
202409	005000000	2	総売上高	17300000.0	17510650.0	18548721.0		105.9	107.2	イノチオフローラ㈱		
202409	005000000	3	切り花売上	1120000.0	1465000.0	2448948.0	13.2	167.1	218.6	イノチオフローラ㈱	売上	
202409	005000000	4	研究受託売上   	15950000.0	15885650.0	15885650.0	85.6	100.0	99.5	イノチオフローラ㈱	売上	
202409	005000000	5	その他売上	230000.0	160000.0	214123.0	1.1	133.8	93.0	イノチオフローラ㈱	売上	
202409	005000000	6	堆肥売上            	0.0	0.0	0.0	0.0	0.0	0.0	イノチオフローラ㈱	売上	
202409	005000000	7	経費合計	4193008.0	4467487.0	3982283.0	21.4	89.1	94.9	イノチオフローラ㈱		
202409	005000000	8	種苗費	80070.0	80070.0	80070.0	0.4	100.0	100.0	イノチオフローラ㈱	経費	種苗費
202409	005000000	9	肥料費	307837.0	307837.0	31200.0	0.1	10.1	10.1	イノチオフローラ㈱	経費	肥料費
202409	005000000	10	培土費用	0.0	0.0	0.0	0.0	0.0	0.0	イノチオフローラ㈱	経費	培土費用
202409	005000000	11	農薬衛生費	735150.0	758840.0	909914.0	4.9	119.9	123.7	イノチオフローラ㈱	経費	農薬衛生費
202409	005000000	12	農具費	180039.0	156400.0	11663.0	0.0	7.4	6.4	イノチオフローラ㈱	経費	農具費
202409	005000000	13	諸材料費	168250.0	135850.0	583534.0	3.1	429.5	346.8	イノチオフローラ㈱	経費	諸材料費
202409	005000000	14	その他仕入高	148500.0	160000.0	77805.0	0.4	48.6	52.3	イノチオフローラ㈱	経費	その他仕入高
202409	005000000	15	減価償却費	477605.0	419771.0	419771.0	2.2	100.0	87.8	イノチオフローラ㈱	経費	減価償却費
202409	005000000	16	車両費	133000.0	133000.0	91214.0	0.4	68.5	68.5	イノチオフローラ㈱	経費	車両費
202409	005000000	17	旅費交通費	15000.0	15000.0	764.0	0.0	5.0	5.0	イノチオフローラ㈱	経費	旅費交通費
202409	005000000	18	荷造運搬費	165233.0	165233.0	164102.0	0.8	99.3	99.3	イノチオフローラ㈱	経費	荷造運搬費
202409	005000000	19	通信費	42293.0	43473.0	43736.0	0.2	100.6	103.4	イノチオフローラ㈱	経費	通信費
202409	005000000	20	水道光熱費	180770.0	276522.0	209604.0	1.1	75.8	115.9	イノチオフローラ㈱	経費	水道光熱費
202409	005000000	21	動力費	418288.0	414416.0	376742.0	2.0	90.9	90.0	イノチオフローラ㈱	経費	動力費
202409	005000000	22	燃料費	0.0	0.0	0.0	0.0	0.0	0.0	イノチオフローラ㈱	経費	燃料費
202409	005000000	23	事務用品費	11000.0	11000.0	672.0	0.0	6.1	6.1	イノチオフローラ㈱	経費	事務用品費
202409	005000000	24	消耗品費	20000.0	20000.0	6932.0	0.0	34.6	34.6	イノチオフローラ㈱	経費	消耗品費
202409	005000000	25	廃棄物処理料	0.0	0.0	0.0	0.0	0.0	0.0	イノチオフローラ㈱	経費	廃棄物処理料
202409	005000000	26	広告宣伝費	0.0	0.0	0.0	0.0	0.0	0.0	イノチオフローラ㈱	経費	広告宣伝費
202409	005000000	27	接待交際費	0.0	0.0	0.0	0.0	0.0	0.0	イノチオフローラ㈱	経費	接待交際費
202409	005000000	28	研究開発費	0.0	0.0	0.0	0.0	0.0	0.0	イノチオフローラ㈱	経費	研究開発費
202409	005000000	29	クレーム費	0.0	0.0	0.0	0.0	0.0	0.0	イノチオフローラ㈱	経費	クレーム費
202409	005000000	30	賃借料	0.0	0.0	0.0	0.0	0.0	0.0	イノチオフローラ㈱	経費	賃借料
202409	005000000	31	賃貸料収入	-30000.0	-30000.0	-27273.0	0.0	0.0	0.0	イノチオフローラ㈱	経費	賃貸料収入
202409	005000000	32	修繕費	195000.0	444000.0	122770.0	0.6	27.6	62.9	イノチオフローラ㈱	経費	修繕費
202409	005000000	33	支払リース料	4800.0	4800.0	4700.0	0.0	97.9	97.9	イノチオフローラ㈱	経費	支払リース料
202409	005000000	34	保険料	0.0	0.0	0.0	0.0	0.0	0.0	イノチオフローラ㈱	経費	保険料
202409	005000000	35	支払報酬	0.0	0.0	0.0	0.0	0.0	0.0	イノチオフローラ㈱	経費	支払報酬
202409	005000000	36	販売手数料	0.0	0.0	0.0	0.0	0.0	0.0	イノチオフローラ㈱	経費	販売手数料
202409	005000000	37	支払手数料	9033.0	9033.0	23755.0	0.1	262.9	262.9	イノチオフローラ㈱	経費	支払手数料
202409	005000000	38	診断料	0.0	0.0	0.0	0.0	0.0	0.0	イノチオフローラ㈱	経費	診断料
202409	005000000	39	諸会費	0.0	0.0	0.0	0.0	0.0	0.0	イノチオフローラ㈱	経費	諸会費
202409	005000000	40	会議費	5000.0	5000.0	0.0	0.0	0.0	0.0	イノチオフローラ㈱	経費	会議費
202409	005000000	41	寄付金	0.0	0.0	0.0	0.0	0.0	0.0	イノチオフローラ㈱	経費	寄付金
202409	005000000	42	租税公課	680000.0	655002.0	603056.0	3.2	92.0	88.6	イノチオフローラ㈱	経費	租税公課
202409	005000000	43	業務委託費	0.0	0.0	0.0	0.0	0.0	0.0	イノチオフローラ㈱	経費	業務委託費
202409	005000000	44	業務受託収入	0.0	0.0	0.0	0.0	0.0	0.0	イノチオフローラ㈱	経費	業務受託収入
202409	005000000	45	システム管理料	0.0	0.0	0.0	0.0	0.0	0.0	イノチオフローラ㈱	経費	システム管理料
202409	005000000	46	情報機器利用料	42340.0	40440.0	42340.0	0.2	104.6	100.0	イノチオフローラ㈱	経費	情報機器利用料
202409	005000000	47	貸倒金	0.0	0.0	0.0	0.0	0.0	0.0	イノチオフローラ㈱	経費	貸倒金
202409	005000000	48	雑費	2000.0	2000.0	178.0	0.0	8.9	8.9	イノチオフローラ㈱	経費	雑費
202409	005000000	49	福利消耗品費	5000.0	5000.0	8163.0	0.0	163.2	163.2	イノチオフローラ㈱	経費	福利消耗品費
202409	005000000	50	教育研修費	2800.0	40800.0	2871.0	0.0	7.0	102.5	イノチオフローラ㈱	経費	教育研修費
202409	005000000	51	雑給	0.0	0.0	0.0	0.0	0.0	0.0	イノチオフローラ㈱	経費	雑給
202409	005000000	52	社内金利（固定資産）	0.0	0.0	0.0	0.0	0.0	0.0	イノチオフローラ㈱	経費	社内金利（固定資産）
202409	005000000	53	グループ共通	194000.0	194000.0	194000.0	1.0	100.0	100.0	イノチオフローラ㈱	経費	グループ共通
202409	005000000	54	差引収益	13106992.0	13043163.0	14566438.0	78.5	111.6	111.1	イノチオフローラ㈱		
202409	005000000	55	差引比率	75.7	74.4	78.5		105.5	103.6	イノチオフローラ㈱		
202409	005000000	56	総時間	1062.75	1062.75	900.5		84.7	84.7	イノチオフローラ㈱		
202409	005000000	57	定時間	960.0	960.0	844.75		87.9	87.9	イノチオフローラ㈱	時間	
202409	005000000	58	残業時間	88.0	88.0	42.0		47.7	47.7	イノチオフローラ㈱	時間	
202409	005000000	59	移動時間	14.75	14.75	13.75		93.2	93.2	イノチオフローラ㈱	時間	
202409	005000000	60	当月時間当り	12333.0	12273.0	16175.9		131.8	131.1	イノチオフローラ㈱		
202409	005000000	61	人員	6.0	6.0	6.0		100.0	100.0	イノチオフローラ㈱		
202410	005000000	1	総受注高	4600000.0	4695050.0	5156608.0		109.8	112.1	イノチオフローラ㈱	受注	
202410	005000000	2	総売上高	4600000.0	4695050.0	5156608.0		109.8	112.1	イノチオフローラ㈱		
202410	005000000	3	切り花売上	1150000.0	2020000.0	1712174.0	33.2	84.7	148.8	イノチオフローラ㈱	売上	
202410	005000000	4	研究受託売上   	3132000.0	2357050.0	3190050.0	61.8	135.3	101.8	イノチオフローラ㈱	売上	
202410	005000000	5	その他売上	318000.0	318000.0	254384.0	4.9	79.9	79.9	イノチオフローラ㈱	売上	
202410	005000000	6	堆肥売上            	0.0	0.0	0.0	0.0	0.0	0.0	イノチオフローラ㈱	売上	
202410	005000000	7	経費合計	4467865.0	5242112.0	4914685.0	95.3	93.7	110.0	イノチオフローラ㈱		
202410	005000000	8	種苗費	20000.0	320000.0	639382.0	12.3	199.8		イノチオフローラ㈱	経費	種苗費
202410	005000000	9	肥料費	0.0	0.0	136579.0	2.6	0.0	0.0	イノチオフローラ㈱	経費	肥料費
202410	005000000	10	培土費用	0.0	0.0	0.0	0.0	0.0	0.0	イノチオフローラ㈱	経費	培土費用
202410	005000000	11	農薬衛生費	814570.0	679420.0	565450.0	10.9	83.2	69.4	イノチオフローラ㈱	経費	農薬衛生費
202410	005000000	12	農具費	260900.0	257500.0	311971.0	6.0	121.1	119.5	イノチオフローラ㈱	経費	農具費
202410	005000000	13	諸材料費	69100.0	60000.0	8356.0	0.1	13.9	12.0	イノチオフローラ㈱	経費	諸材料費
202410	005000000	14	その他仕入高	300000.0	99500.0	0.0	0.0	0.0	0.0	イノチオフローラ㈱	経費	その他仕入高
202410	005000000	15	減価償却費	477605.0	419771.0	419771.0	8.1	100.0	87.8	イノチオフローラ㈱	経費	減価償却費
202410	005000000	16	車両費	128000.0	128000.0	186703.0	3.6	145.8	145.8	イノチオフローラ㈱	経費	車両費
202410	005000000	17	旅費交通費	10000.0	10000.0	0.0	0.0	0.0	0.0	イノチオフローラ㈱	経費	旅費交通費
202410	005000000	18	荷造運搬費	127293.0	110000.0	182241.0	3.5	165.6	143.1	イノチオフローラ㈱	経費	荷造運搬費
202410	005000000	19	通信費	34839.0	37163.0	42425.0	0.8	114.1	121.7	イノチオフローラ㈱	経費	通信費
202410	005000000	20	水道光熱費	207816.0	237816.0	230137.0	4.4	96.7	110.7	イノチオフローラ㈱	経費	水道光熱費
202410	005000000	21	動力費	395742.0	395742.0	859611.0	16.6	217.2	217.2	イノチオフローラ㈱	経費	動力費
202410	005000000	22	燃料費	631000.0	655000.0	0.0	0.0	0.0	0.0	イノチオフローラ㈱	経費	燃料費
202410	005000000	23	事務用品費	5000.0	5000.0	32843.0	0.6	656.8	656.8	イノチオフローラ㈱	経費	事務用品費
202410	005000000	24	消耗品費	15000.0	15000.0	13723.0	0.2	91.4	91.4	イノチオフローラ㈱	経費	消耗品費
202410	005000000	25	廃棄物処理料	112000.0	112400.0	0.0	0.0	0.0	0.0	イノチオフローラ㈱	経費	廃棄物処理料
202410	005000000	26	広告宣伝費	0.0	0.0	0.0	0.0	0.0	0.0	イノチオフローラ㈱	経費	広告宣伝費
202410	005000000	27	接待交際費	0.0	0.0	0.0	0.0	0.0	0.0	イノチオフローラ㈱	経費	接待交際費
202410	005000000	28	研究開発費	0.0	0.0	0.0	0.0	0.0	0.0	イノチオフローラ㈱	経費	研究開発費
202410	005000000	29	クレーム費	0.0	0.0	0.0	0.0	0.0	0.0	イノチオフローラ㈱	経費	クレーム費
202410	005000000	30	賃借料	0.0	0.0	0.0	0.0	0.0	0.0	イノチオフローラ㈱	経費	賃借料
202410	005000000	31	賃貸料収入	-30000.0	-30000.0	-27273.0	0.0	0.0	0.0	イノチオフローラ㈱	経費	賃貸料収入
202410	005000000	32	修繕費	60000.0	948000.0	1045121.0	20.2	110.2		イノチオフローラ㈱	経費	修繕費
202410	005000000	33	支払リース料	4800.0	4800.0	4700.0	0.0	97.9	97.9	イノチオフローラ㈱	経費	支払リース料
202410	005000000	34	保険料	0.0	0.0	0.0	0.0	0.0	0.0	イノチオフローラ㈱	経費	保険料
202410	005000000	35	支払報酬	30000.0	30000.0	0.0	0.0	0.0	0.0	イノチオフローラ㈱	経費	支払報酬
202410	005000000	36	販売手数料	350000.0	350000.0	0.0	0.0	0.0	0.0	イノチオフローラ㈱	経費	販売手数料
202410	005000000	37	支払手数料	11200.0	11200.0	19860.0	0.3	177.3	177.3	イノチオフローラ㈱	経費	支払手数料
202410	005000000	38	診断料	0.0	0.0	0.0	0.0	0.0	0.0	イノチオフローラ㈱	経費	診断料
202410	005000000	39	諸会費	75000.0	75000.0	0.0	0.0	0.0	0.0	イノチオフローラ㈱	経費	諸会費
202410	005000000	40	会議費	0.0	0.0	0.0	0.0	0.0	0.0	イノチオフローラ㈱	経費	会議費
202410	005000000	41	寄付金	0.0	0.0	0.0	0.0	0.0	0.0	イノチオフローラ㈱	経費	寄付金
202410	005000000	42	租税公課	1000.0	1000.0	450.0	0.0	45.0	45.0	イノチオフローラ㈱	経費	租税公課
202410	005000000	43	業務委託費	0.0	0.0	0.0	0.0	0.0	0.0	イノチオフローラ㈱	経費	業務委託費
202410	005000000	44	業務受託収入	0.0	0.0	0.0	0.0	0.0	0.0	イノチオフローラ㈱	経費	業務受託収入
202410	005000000	45	システム管理料	0.0	0.0	0.0	0.0	0.0	0.0	イノチオフローラ㈱	経費	システム管理料
202410	005000000	46	情報機器利用料	42340.0	42340.0	42340.0	0.8	100.0	100.0	イノチオフローラ㈱	経費	情報機器利用料
202410	005000000	47	貸倒金	0.0	0.0	0.0	0.0	0.0	0.0	イノチオフローラ㈱	経費	貸倒金
202410	005000000	48	雑費	65660.0	65660.0	177.0	0.0	0.2	0.2	イノチオフローラ㈱	経費	雑費
202410	005000000	49	福利消耗品費	5000.0	5000.0	3247.0	0.0	64.9	64.9	イノチオフローラ㈱	経費	福利消耗品費
202410	005000000	50	教育研修費	50000.0	2800.0	2871.0	0.0	102.5	5.7	イノチオフローラ㈱	経費	教育研修費
202410	005000000	51	雑給	0.0	0.0	0.0	0.0	0.0	0.0	イノチオフローラ㈱	経費	雑給
202410	005000000	52	社内金利（固定資産）	0.0	0.0	0.0	0.0	0.0	0.0	イノチオフローラ㈱	経費	社内金利（固定資産）
202410	005000000	53	グループ共通	194000.0	194000.0	194000.0	3.7	100.0	100.0	イノチオフローラ㈱	経費	グループ共通
202410	005000000	54	差引収益	132135.0	-547062.0	241923.0	4.6	0.0	183.0	イノチオフローラ㈱		
202410	005000000	55	差引比率	2.8	-11.6	4.6		0.0	164.2	イノチオフローラ㈱		
202410	005000000	56	総時間	1146.0	975.0	1053.0		108.0	91.8	イノチオフローラ㈱		
202410	005000000	57	定時間	1056.0	880.0	906.0		102.9	85.7	イノチオフローラ㈱	時間	
202410	005000000	58	残業時間	74.0	74.0	133.5		180.4	180.4	イノチオフローラ㈱	時間	
202410	005000000	59	移動時間	16.0	21.0	13.5		64.2	84.3	イノチオフローラ㈱	時間	
202410	005000000	60	当月時間当り	115.3	-561.0	229.7		0.0	199.2	イノチオフローラ㈱		
202410	005000000	61	人員	6.0	6.0	6.0		100.0	100.0	イノチオフローラ㈱		
202411	005000000	1	総受注高	19500000.0	17683050.0	17644312.0		99.7	90.4	イノチオフローラ㈱	受注	
202411	005000000	2	総売上高	19500000.0	17683050.0	17644312.0		99.7	90.4	イノチオフローラ㈱		
202411	005000000	3	切り花売上	2539000.0	2060000.0	1862438.0	10.5	90.4	73.3	イノチオフローラ㈱	売上	
202411	005000000	4	研究受託売上   	16577000.0	15563050.0	15563050.0	88.2	100.0	93.8	イノチオフローラ㈱	売上	
202411	005000000	5	その他売上	384000.0	60000.0	218824.0	1.2	364.7	56.9	イノチオフローラ㈱	売上	
202411	005000000	6	堆肥売上            	0.0	0.0	0.0	0.0	0.0	0.0	イノチオフローラ㈱	売上	
202411	005000000	7	経費合計	5346214.0	5753948.0	4847942.0	27.4	84.2	90.6	イノチオフローラ㈱		
202411	005000000	8	種苗費	20000.0	360000.0	54266.0	0.3	15.0	271.3	イノチオフローラ㈱	経費	種苗費
202411	005000000	9	肥料費	37200.0	61500.0	71259.0	0.4	115.8	191.5	イノチオフローラ㈱	経費	肥料費
202411	005000000	10	培土費用	0.0	0.0	0.0	0.0	0.0	0.0	イノチオフローラ㈱	経費	培土費用
202411	005000000	11	農薬衛生費	658840.0	658840.0	604280.0	3.4	91.7	91.7	イノチオフローラ㈱	経費	農薬衛生費
202411	005000000	12	農具費	115000.0	115000.0	126389.0	0.7	109.9	109.9	イノチオフローラ㈱	経費	農具費
202411	005000000	13	諸材料費	157450.0	10000.0	1750.0	0.0	17.5	1.1	イノチオフローラ㈱	経費	諸材料費
202411	005000000	14	その他仕入高	210000.0	60000.0	118030.0	0.6	196.7	56.2	イノチオフローラ㈱	経費	その他仕入高
202411	005000000	15	減価償却費	477605.0	419771.0	419771.0	2.3	100.0	87.8	イノチオフローラ㈱	経費	減価償却費
202411	005000000	16	車両費	757480.0	685668.0	509997.0	2.8	74.3	67.3	イノチオフローラ㈱	経費	車両費
202411	005000000	17	旅費交通費	10000.0	10000.0	0.0	0.0	0.0	0.0	イノチオフローラ㈱	経費	旅費交通費
202411	005000000	18	荷造運搬費	247107.0	222000.0	150147.0	0.8	67.6	60.7	イノチオフローラ㈱	経費	荷造運搬費
202411	005000000	19	通信費	39863.0	44000.0	33217.0	0.1	75.4	83.3	イノチオフローラ㈱	経費	通信費
202411	005000000	20	水道光熱費	193998.0	193998.0	87545.0	0.4	45.1	45.1	イノチオフローラ㈱	経費	水道光熱費
202411	005000000	21	動力費	449726.0	449726.0	-154225.0	0.0	0.0	0.0	イノチオフローラ㈱	経費	動力費
202411	005000000	22	燃料費	910000.0	1034000.0	1392600.0	7.8	134.6	153.0	イノチオフローラ㈱	経費	燃料費
202411	005000000	23	事務用品費	5000.0	5000.0	4486.0	0.0	89.7	89.7	イノチオフローラ㈱	経費	事務用品費
202411	005000000	24	消耗品費	15000.0	15000.0	8385.0	0.0	55.9	55.9	イノチオフローラ㈱	経費	消耗品費
202411	005000000	25	廃棄物処理料	0.0	112400.0	0.0	0.0	0.0	0.0	イノチオフローラ㈱	経費	廃棄物処理料
202411	005000000	26	広告宣伝費	0.0	0.0	0.0	0.0	0.0	0.0	イノチオフローラ㈱	経費	広告宣伝費
202411	005000000	27	接待交際費	0.0	0.0	2186.0	0.0	0.0	0.0	イノチオフローラ㈱	経費	接待交際費
202411	005000000	28	研究開発費	0.0	0.0	0.0	0.0	0.0	0.0	イノチオフローラ㈱	経費	研究開発費
202411	005000000	29	クレーム費	0.0	0.0	0.0	0.0	0.0	0.0	イノチオフローラ㈱	経費	クレーム費
202411	005000000	30	賃借料	0.0	0.0	0.0	0.0	0.0	0.0	イノチオフローラ㈱	経費	賃借料
202411	005000000	31	賃貸料収入	-30000.0	-30000.0	-27273.0	0.0	0.0	0.0	イノチオフローラ㈱	経費	賃貸料収入
202411	005000000	32	修繕費	60000.0	314000.0	118000.0	0.6	37.5	196.6	イノチオフローラ㈱	経費	修繕費
202411	005000000	33	支払リース料	4800.0	4800.0	4700.0	0.0	97.9	97.9	イノチオフローラ㈱	経費	支払リース料
202411	005000000	34	保険料	0.0	0.0	0.0	0.0	0.0	0.0	イノチオフローラ㈱	経費	保険料
202411	005000000	35	支払報酬	0.0	0.0	0.0	0.0	0.0	0.0	イノチオフローラ㈱	経費	支払報酬
202411	005000000	36	販売手数料	0.0	0.0	295984.0	1.6	0.0	0.0	イノチオフローラ㈱	経費	販売手数料
202411	005000000	37	支払手数料	41405.0	41405.0	46314.0	0.2	111.8	111.8	イノチオフローラ㈱	経費	支払手数料
202411	005000000	38	診断料	0.0	0.0	0.0	0.0	0.0	0.0	イノチオフローラ㈱	経費	診断料
202411	005000000	39	諸会費	34600.0	34600.0	75000.0	0.4	216.7	216.7	イノチオフローラ㈱	経費	諸会費
202411	005000000	40	会議費	0.0	0.0	0.0	0.0	0.0	0.0	イノチオフローラ㈱	経費	会議費
202411	005000000	41	寄付金	0.0	0.0	0.0	0.0	0.0	0.0	イノチオフローラ㈱	経費	寄付金
202411	005000000	42	租税公課	680000.0	680000.0	603000.0	3.4	88.6	88.6	イノチオフローラ㈱	経費	租税公課
202411	005000000	43	業務委託費	0.0	0.0	0.0	0.0	0.0	0.0	イノチオフローラ㈱	経費	業務委託費
202411	005000000	44	業務受託収入	0.0	0.0	0.0	0.0	0.0	0.0	イノチオフローラ㈱	経費	業務受託収入
202411	005000000	45	システム管理料	0.0	0.0	0.0	0.0	0.0	0.0	イノチオフローラ㈱	経費	システム管理料
202411	005000000	46	情報機器利用料	42340.0	40440.0	42340.0	0.2	104.6	100.0	イノチオフローラ㈱	経費	情報機器利用料
202411	005000000	47	貸倒金	0.0	0.0	0.0	0.0	0.0	0.0	イノチオフローラ㈱	経費	貸倒金
202411	005000000	48	雑費	2000.0	0.0	59123.0	0.3	0.0		イノチオフローラ㈱	経費	雑費
202411	005000000	49	福利消耗品費	5000.0	10000.0	3800.0	0.0	38.0	76.0	イノチオフローラ㈱	経費	福利消耗品費
202411	005000000	50	教育研修費	7800.0	7800.0	2871.0	0.0	36.8	36.8	イノチオフローラ㈱	経費	教育研修費
202411	005000000	51	雑給	0.0	0.0	0.0	0.0	0.0	0.0	イノチオフローラ㈱	経費	雑給
202411	005000000	52	社内金利（固定資産）	0.0	0.0	0.0	0.0	0.0	0.0	イノチオフローラ㈱	経費	社内金利（固定資産）
202411	005000000	53	グループ共通	194000.0	194000.0	194000.0	1.0	100.0	100.0	イノチオフローラ㈱	経費	グループ共通
202411	005000000	54	差引収益	14153786.0	11929102.0	12796370.0	72.5	107.2	90.4	イノチオフローラ㈱		
202411	005000000	55	差引比率	72.5	67.4	72.5		107.5	100.0	イノチオフローラ㈱		
202411	005000000	56	総時間	1158.0	1102.0	1118.0		101.4	96.5	イノチオフローラ㈱		
202411	005000000	57	定時間	1048.0	1008.0	1032.0		102.3	98.4	イノチオフローラ㈱	時間	
202411	005000000	58	残業時間	94.0	78.0	72.0		92.3	76.5	イノチオフローラ㈱	時間	
202411	005000000	59	移動時間	16.0	16.0	14.0		87.5	87.5	イノチオフローラ㈱	時間	
202411	005000000	60	当月時間当り	12222.6	10824.9	11445.7		105.7	93.6	イノチオフローラ㈱		
202411	005000000	61	人員	6.0	6.0	6.0		100.0	100.0	イノチオフローラ㈱		
202412	005000000	1	総受注高	7200000.0	7485115.0	7997464.0		106.8	111.0	イノチオフローラ㈱	受注	
202412	005000000	2	総売上高	7200000.0	7485115.0	7997464.0		106.8	111.0	イノチオフローラ㈱		
202412	005000000	3	切り花売上	3320000.0	3939800.0	4595625.0	57.4	116.6	138.4	イノチオフローラ㈱	売上	
202412	005000000	4	研究受託売上   	3375000.0	3245315.0	3245316.0	40.5	100.0	96.1	イノチオフローラ㈱	売上	
202412	005000000	5	その他売上	505000.0	300000.0	156523.0	1.9	52.1	30.9	イノチオフローラ㈱	売上	
202412	005000000	6	堆肥売上            	0.0	0.0	0.0	0.0	0.0	0.0	イノチオフローラ㈱	売上	
202412	005000000	7	経費合計	5506396.0	5543661.0	5353153.0	66.9	96.5	97.2	イノチオフローラ㈱		
202412	005000000	8	種苗費	150000.0	100000.0	0.0	0.0	0.0	0.0	イノチオフローラ㈱	経費	種苗費
202412	005000000	9	肥料費	0.0	61500.0	73500.0	0.9	119.5	0.0	イノチオフローラ㈱	経費	肥料費
202412	005000000	10	培土費用	190000.0	150000.0	81900.0	1.0	54.6	43.1	イノチオフローラ㈱	経費	培土費用
202412	005000000	11	農薬衛生費	529420.0	530000.0	506793.0	6.3	95.6	95.7	イノチオフローラ㈱	経費	農薬衛生費
202412	005000000	12	農具費	35000.0	30000.0	80102.0	1.0	267.0	228.8	イノチオフローラ㈱	経費	農具費
202412	005000000	13	諸材料費	285900.0	288400.0	277916.0	3.4	96.3	97.2	イノチオフローラ㈱	経費	諸材料費
202412	005000000	14	その他仕入高	408000.0	30000.0	120398.0	1.5	401.3	29.5	イノチオフローラ㈱	経費	その他仕入高
202412	005000000	15	減価償却費	477605.0	419771.0	419771.0	5.2	100.0	87.8	イノチオフローラ㈱	経費	減価償却費
202412	005000000	16	車両費	148729.0	150000.0	286052.0	3.5	190.7	192.3	イノチオフローラ㈱	経費	車両費
202412	005000000	17	旅費交通費	10000.0	10000.0	0.0	0.0	0.0	0.0	イノチオフローラ㈱	経費	旅費交通費
202412	005000000	18	荷造運搬費	156937.0	317000.0	306458.0	3.8	96.6	195.2	イノチオフローラ㈱	経費	荷造運搬費
202412	005000000	19	通信費	40331.0	44850.0	49624.0	0.6	110.6	123.0	イノチオフローラ㈱	経費	通信費
202412	005000000	20	水道光熱費	219152.0	230300.0	137320.0	1.7	59.6	62.6	イノチオフローラ㈱	経費	水道光熱費
202412	005000000	21	動力費	510787.0	510000.0	350048.0	4.3	68.6	68.5	イノチオフローラ㈱	経費	動力費
202412	005000000	22	燃料費	1883000.0	2025000.0	2053796.0	25.6	101.4	109.0	イノチオフローラ㈱	経費	燃料費
202412	005000000	23	事務用品費	5000.0	5000.0	30363.0	0.3	607.2	607.2	イノチオフローラ㈱	経費	事務用品費
202412	005000000	24	消耗品費	20000.0	30000.0	537.0	0.0	1.7	2.6	イノチオフローラ㈱	経費	消耗品費
202412	005000000	25	廃棄物処理料	0.0	60000.0	59000.0	0.7	98.3	0.0	イノチオフローラ㈱	経費	廃棄物処理料
202412	005000000	26	広告宣伝費	0.0	0.0	0.0	0.0	0.0	0.0	イノチオフローラ㈱	経費	広告宣伝費
202412	005000000	27	接待交際費	0.0	0.0	0.0	0.0	0.0	0.0	イノチオフローラ㈱	経費	接待交際費
202412	005000000	28	研究開発費	0.0	0.0	0.0	0.0	0.0	0.0	イノチオフローラ㈱	経費	研究開発費
202412	005000000	29	クレーム費	0.0	0.0	0.0	0.0	0.0	0.0	イノチオフローラ㈱	経費	クレーム費
202412	005000000	30	賃借料	0.0	0.0	0.0	0.0	0.0	0.0	イノチオフローラ㈱	経費	賃借料
202412	005000000	31	賃貸料収入	-215940.0	-215940.0	-183213.0	0.0	0.0	0.0	イノチオフローラ㈱	経費	賃貸料収入
202412	005000000	32	修繕費	160000.0	260000.0	275150.0	3.4	105.8	171.9	イノチオフローラ㈱	経費	修繕費
202412	005000000	33	支払リース料	4800.0	4800.0	4700.0	0.0	97.9	97.9	イノチオフローラ㈱	経費	支払リース料
202412	005000000	34	保険料	0.0	0.0	0.0	0.0	0.0	0.0	イノチオフローラ㈱	経費	保険料
202412	005000000	35	支払報酬	0.0	0.0	0.0	0.0	0.0	0.0	イノチオフローラ㈱	経費	支払報酬
202412	005000000	36	販売手数料	0.0	0.0	0.0	0.0	0.0	0.0	イノチオフローラ㈱	経費	販売手数料
202412	005000000	37	支払手数料	212840.0	212840.0	170355.0	2.1	80.0	80.0	イノチオフローラ㈱	経費	支払手数料
202412	005000000	38	診断料	0.0	20000.0	0.0	0.0	0.0	0.0	イノチオフローラ㈱	経費	診断料
202412	005000000	39	諸会費	0.0	0.0	0.0	0.0	0.0	0.0	イノチオフローラ㈱	経費	諸会費
202412	005000000	40	会議費	0.0	0.0	0.0	0.0	0.0	0.0	イノチオフローラ㈱	経費	会議費
202412	005000000	41	寄付金	0.0	0.0	0.0	0.0	0.0	0.0	イノチオフローラ㈱	経費	寄付金
202412	005000000	42	租税公課	1000.0	1000.0	0.0	0.0	0.0	0.0	イノチオフローラ㈱	経費	租税公課
202412	005000000	43	業務委託費	0.0	0.0	0.0	0.0	0.0	0.0	イノチオフローラ㈱	経費	業務委託費
202412	005000000	44	業務受託収入	0.0	0.0	0.0	0.0	0.0	0.0	イノチオフローラ㈱	経費	業務受託収入
202412	005000000	45	システム管理料	0.0	0.0	0.0	0.0	0.0	0.0	イノチオフローラ㈱	経費	システム管理料
202412	005000000	46	情報機器利用料	42340.0	42340.0	42340.0	0.5	100.0	100.0	イノチオフローラ㈱	経費	情報機器利用料
202412	005000000	47	貸倒金	0.0	0.0	0.0	0.0	0.0	0.0	イノチオフローラ㈱	経費	貸倒金
202412	005000000	48	雑費	29695.0	20000.0	13372.0	0.1	66.8	45.0	イノチオフローラ㈱	経費	雑費
202412	005000000	49	福利消耗品費	5000.0	10000.0	0.0	0.0	0.0	0.0	イノチオフローラ㈱	経費	福利消耗品費
202412	005000000	50	教育研修費	2800.0	2800.0	2871.0	0.0	102.5	102.5	イノチオフローラ㈱	経費	教育研修費
202412	005000000	51	雑給	0.0	0.0	0.0	0.0	0.0	0.0	イノチオフローラ㈱	経費	雑給
202412	005000000	52	社内金利（固定資産）	0.0	0.0	0.0	0.0	0.0	0.0	イノチオフローラ㈱	経費	社内金利（固定資産）
202412	005000000	53	グループ共通	194000.0	194000.0	194000.0	2.4	100.0	100.0	イノチオフローラ㈱	経費	グループ共通
202412	005000000	54	差引収益	1693604.0	1941454.0	2644311.0	33.0	136.2	156.1	イノチオフローラ㈱		
202412	005000000	55	差引比率	23.5	25.9	33.0		127.4	140.4	イノチオフローラ㈱		
202412	005000000	56	総時間	1031.25	1055.25	1162.0		110.1	112.6	イノチオフローラ㈱		
202412	005000000	57	定時間	944.0	944.0	1029.75		109.0	109.0	イノチオフローラ㈱	時間	
202412	005000000	58	残業時間	72.0	96.0	118.5		123.4	164.5	イノチオフローラ㈱	時間	
202412	005000000	59	移動時間	15.25	15.25	13.75		90.1	90.1	イノチオフローラ㈱	時間	
202412	005000000	60	当月時間当り	1642.2	1839.8	2275.6		123.6	138.5	イノチオフローラ㈱		
202412	005000000	61	人員	6.0	6.0	6.0		100.0	100.0	イノチオフローラ㈱		
202501	005000000	1	総受注高	9300000.0	8746075.0	7084647.0		81.0	76.1	イノチオフローラ㈱	受注	
202501	005000000	2	総売上高	9300000.0	8746075.0	7084647.0		81.0	76.1	イノチオフローラ㈱		
202501	005000000	3	切り花売上	2739000.0	3450000.0	1570389.0	22.1	45.5	57.3	イノチオフローラ㈱	売上	
202501	005000000	4	研究受託売上   	5550000.0	5196075.0	5196076.0	73.3	100.0	93.6	イノチオフローラ㈱	売上	
202501	005000000	5	その他売上	1011000.0	100000.0	318182.0	4.4	318.1	31.4	イノチオフローラ㈱	売上	
202501	005000000	6	堆肥売上            	0.0	0.0	0.0	0.0	0.0	0.0	イノチオフローラ㈱	売上	
202501	005000000	7	経費合計	5353717.0	5377821.0	4656388.0	65.7	86.5	86.9	イノチオフローラ㈱		
202501	005000000	8	種苗費	20000.0	180000.0	162090.0	2.2	90.0	810.4	イノチオフローラ㈱	経費	種苗費
202501	005000000	9	肥料費	0.0	0.0	0.0	0.0	0.0	0.0	イノチオフローラ㈱	経費	肥料費
202501	005000000	10	培土費用	0.0	50000.0	0.0	0.0	0.0	0.0	イノチオフローラ㈱	経費	培土費用
202501	005000000	11	農薬衛生費	250000.0	250000.0	327740.0	4.6	131.0	131.0	イノチオフローラ㈱	経費	農薬衛生費
202501	005000000	12	農具費	114000.0	114000.0	141224.0	1.9	123.8	123.8	イノチオフローラ㈱	経費	農具費
202501	005000000	13	諸材料費	135850.0	10000.0	3044.0	0.0	30.4	2.2	イノチオフローラ㈱	経費	諸材料費
202501	005000000	14	その他仕入高	270000.0	45000.0	0.0	0.0	0.0	0.0	イノチオフローラ㈱	経費	その他仕入高
202501	005000000	15	減価償却費	477605.0	419771.0	419771.0	5.9	100.0	87.8	イノチオフローラ㈱	経費	減価償却費
202501	005000000	16	車両費	268537.0	268537.0	116733.0	1.6	43.4	43.4	イノチオフローラ㈱	経費	車両費
202501	005000000	17	旅費交通費	10000.0	10000.0	764.0	0.0	7.6	7.6	イノチオフローラ㈱	経費	旅費交通費
202501	005000000	18	荷造運搬費	289813.0	81000.0	63991.0	0.9	79.0	22.0	イノチオフローラ㈱	経費	荷造運搬費
202501	005000000	19	通信費	39864.0	40400.0	40664.0	0.5	100.6	102.0	イノチオフローラ㈱	経費	通信費
202501	005000000	20	水道光熱費	206498.0	215273.0	145044.0	2.0	67.3	70.2	イノチオフローラ㈱	経費	水道光熱費
202501	005000000	21	動力費	546210.0	546200.0	490062.0	6.9	89.7	89.7	イノチオフローラ㈱	経費	動力費
202501	005000000	22	燃料費	1842000.0	2105000.0	1587080.0	22.4	75.3	86.1	イノチオフローラ㈱	経費	燃料費
202501	005000000	23	事務用品費	5000.0	10000.0	47610.0	0.6	476.1	952.2	イノチオフローラ㈱	経費	事務用品費
202501	005000000	24	消耗品費	15000.0	10000.0	10031.0	0.1	100.3	66.8	イノチオフローラ㈱	経費	消耗品費
202501	005000000	25	廃棄物処理料	54000.0	65000.0	33942.0	0.4	52.2	62.8	イノチオフローラ㈱	経費	廃棄物処理料
202501	005000000	26	広告宣伝費	0.0	0.0	0.0	0.0	0.0	0.0	イノチオフローラ㈱	経費	広告宣伝費
202501	005000000	27	接待交際費	0.0	0.0	0.0	0.0	0.0	0.0	イノチオフローラ㈱	経費	接待交際費
202501	005000000	28	研究開発費	0.0	0.0	0.0	0.0	0.0	0.0	イノチオフローラ㈱	経費	研究開発費
202501	005000000	29	クレーム費	0.0	0.0	0.0	0.0	0.0	0.0	イノチオフローラ㈱	経費	クレーム費
202501	005000000	30	賃借料	0.0	0.0	0.0	0.0	0.0	0.0	イノチオフローラ㈱	経費	賃借料
202501	005000000	31	賃貸料収入	-30000.0	-30000.0	-27273.0	0.0	0.0	0.0	イノチオフローラ㈱	経費	賃貸料収入
202501	005000000	32	修繕費	260000.0	360000.0	444480.0	6.2	123.4	170.9	イノチオフローラ㈱	経費	修繕費
202501	005000000	33	支払リース料	4800.0	0.0	4700.0	0.0	0.0	97.9	イノチオフローラ㈱	経費	支払リース料
202501	005000000	34	保険料	0.0	0.0	0.0	0.0	0.0	0.0	イノチオフローラ㈱	経費	保険料
202501	005000000	35	支払報酬	0.0	0.0	0.0	0.0	0.0	0.0	イノチオフローラ㈱	経費	支払報酬
202501	005000000	36	販売手数料	280000.0	330000.0	291137.0	4.1	88.2	103.9	イノチオフローラ㈱	経費	販売手数料
202501	005000000	37	支払手数料	8400.0	8400.0	102755.0	1.4			イノチオフローラ㈱	経費	支払手数料
202501	005000000	38	診断料	0.0	0.0	0.0	0.0	0.0	0.0	イノチオフローラ㈱	経費	診断料
202501	005000000	39	諸会費	0.0	0.0	500.0	0.0	0.0	0.0	イノチオフローラ㈱	経費	諸会費
202501	005000000	40	会議費	0.0	0.0	0.0	0.0	0.0	0.0	イノチオフローラ㈱	経費	会議費
202501	005000000	41	寄付金	30000.0	30000.0	10000.0	0.1	33.3	33.3	イノチオフローラ㈱	経費	寄付金
202501	005000000	42	租税公課	10000.0	10000.0	0.0	0.0	0.0	0.0	イノチオフローラ㈱	経費	租税公課
202501	005000000	43	業務委託費	0.0	0.0	0.0	0.0	0.0	0.0	イノチオフローラ㈱	経費	業務委託費
202501	005000000	44	業務受託収入	0.0	0.0	0.0	0.0	0.0	0.0	イノチオフローラ㈱	経費	業務受託収入
202501	005000000	45	システム管理料	0.0	0.0	0.0	0.0	0.0	0.0	イノチオフローラ㈱	経費	システム管理料
202501	005000000	46	情報機器利用料	42340.0	40440.0	42340.0	0.5	104.6	100.0	イノチオフローラ㈱	経費	情報機器利用料
202501	005000000	47	貸倒金	0.0	0.0	0.0	0.0	0.0	0.0	イノチオフローラ㈱	経費	貸倒金
202501	005000000	48	雑費	2000.0	2000.0	178.0	0.0	8.9	8.9	イノチオフローラ㈱	経費	雑費
202501	005000000	49	福利消耗品費	5000.0	10000.0	0.0	0.0	0.0	0.0	イノチオフローラ㈱	経費	福利消耗品費
202501	005000000	50	教育研修費	2800.0	2800.0	3781.0	0.0	135.0	135.0	イノチオフローラ㈱	経費	教育研修費
202501	005000000	51	雑給	0.0	0.0	0.0	0.0	0.0	0.0	イノチオフローラ㈱	経費	雑給
202501	005000000	52	社内金利（固定資産）	0.0	0.0	0.0	0.0	0.0	0.0	イノチオフローラ㈱	経費	社内金利（固定資産）
202501	005000000	53	グループ共通	194000.0	194000.0	194000.0	2.7	100.0	100.0	イノチオフローラ㈱	経費	グループ共通
202501	005000000	54	差引収益	3946283.0	3368254.0	2428259.0	34.2	72.0	61.5	イノチオフローラ㈱		
202501	005000000	55	差引比率	42.4	38.5	34.2		88.8	80.6	イノチオフローラ㈱		
202501	005000000	56	総時間	965.25	965.25	907.75		94.0	94.0	イノチオフローラ㈱		
202501	005000000	57	定時間	840.0	840.0	820.0		97.6	97.6	イノチオフローラ㈱	時間	
202501	005000000	58	残業時間	111.0	111.0	76.5		68.9	68.9	イノチオフローラ㈱	時間	
202501	005000000	59	移動時間	14.25	14.25	11.25		78.9	78.9	イノチオフローラ㈱	時間	
202501	005000000	60	当月時間当り	4088.3	3489.5	2675.0		76.6	65.4	イノチオフローラ㈱		
202501	005000000	61	人員	6.0	6.0	6.0		100.0	100.0	イノチオフローラ㈱		
202502	005000000	1	総受注高	1200000.0	2975000.0	2836182.0		95.3	236.3	イノチオフローラ㈱	受注	
202502	005000000	2	総売上高	1200000.0	2975000.0	2836182.0		95.3	236.3	イノチオフローラ㈱		
202502	005000000	3	切り花売上	500000.0	2370000.0	2193499.0	77.3	92.5	438.6	イノチオフローラ㈱	売上	
202502	005000000	4	研究受託売上   	400000.0	425000.0	425000.0	14.9	100.0	106.2	イノチオフローラ㈱	売上	
202502	005000000	5	その他売上	300000.0	180000.0	217683.0	7.6	120.9	72.5	イノチオフローラ㈱	売上	
202502	005000000	6	堆肥売上            	0.0	0.0	0.0	0.0	0.0	0.0	イノチオフローラ㈱	売上	
202502	005000000	7	経費合計	3476410.0	4687335.0	4833142.0	170.4	103.1	139.0	イノチオフローラ㈱		
202502	005000000	8	種苗費	20000.0	200000.0	182280.0	6.4	91.1	911.4	イノチオフローラ㈱	経費	種苗費
202502	005000000	9	肥料費	61500.0	190000.0	153680.0	5.4	80.8	249.8	イノチオフローラ㈱	経費	肥料費
202502	005000000	10	培土費用	0.0	30000.0	79500.0	2.8	265.0	0.0	イノチオフローラ㈱	経費	培土費用
202502	005000000	11	農薬衛生費	285150.0	365000.0	367135.0	12.9	100.5	128.7	イノチオフローラ㈱	経費	農薬衛生費
202502	005000000	12	農具費	78400.0	113400.0	90447.0	3.1	79.7	115.3	イノチオフローラ㈱	経費	農具費
202502	005000000	13	諸材料費	31600.0	45000.0	13150.0	0.4	29.2	41.6	イノチオフローラ㈱	経費	諸材料費
202502	005000000	14	その他仕入高	210000.0	150000.0	155707.0	5.4	103.8	74.1	イノチオフローラ㈱	経費	その他仕入高
202502	005000000	15	減価償却費	477605.0	477605.0	419771.0	14.8	87.8	87.8	イノチオフローラ㈱	経費	減価償却費
202502	005000000	16	車両費	188637.0	258000.0	448506.0	15.8	173.8	237.7	イノチオフローラ㈱	経費	車両費
202502	005000000	17	旅費交通費	10000.0	10000.0	0.0	0.0	0.0	0.0	イノチオフローラ㈱	経費	旅費交通費
202502	005000000	18	荷造運搬費	72002.0	163000.0	187458.0	6.6	115.0	260.3	イノチオフローラ㈱	経費	荷造運搬費
202502	005000000	19	通信費	39018.0	43850.0	42014.0	1.4	95.8	107.6	イノチオフローラ㈱	経費	通信費
202502	005000000	20	水道光熱費	182083.0	257160.0	177471.0	6.2	69.0	97.4	イノチオフローラ㈱	経費	水道光熱費
202502	005000000	21	動力費	409475.0	410000.0	531440.0	18.7	129.6	129.7	イノチオフローラ㈱	経費	動力費
202502	005000000	22	燃料費	788000.0	1073000.0	1393292.0	49.1	129.8	176.8	イノチオフローラ㈱	経費	燃料費
202502	005000000	23	事務用品費	5000.0	5000.0	875.0	0.0	17.5	17.5	イノチオフローラ㈱	経費	事務用品費
202502	005000000	24	消耗品費	15000.0	15000.0	0.0	0.0	0.0	0.0	イノチオフローラ㈱	経費	消耗品費
202502	005000000	25	廃棄物処理料	0.0	60000.0	0.0	0.0	0.0	0.0	イノチオフローラ㈱	経費	廃棄物処理料
202502	005000000	26	広告宣伝費	0.0	0.0	0.0	0.0	0.0	0.0	イノチオフローラ㈱	経費	広告宣伝費
202502	005000000	27	接待交際費	0.0	0.0	0.0	0.0	0.0	0.0	イノチオフローラ㈱	経費	接待交際費
202502	005000000	28	研究開発費	0.0	0.0	0.0	0.0	0.0	0.0	イノチオフローラ㈱	経費	研究開発費
202502	005000000	29	クレーム費	0.0	0.0	0.0	0.0	0.0	0.0	イノチオフローラ㈱	経費	クレーム費
202502	005000000	30	賃借料	0.0	0.0	0.0	0.0	0.0	0.0	イノチオフローラ㈱	経費	賃借料
202502	005000000	31	賃貸料収入	-30000.0	-30000.0	-27273.0	0.0	0.0	0.0	イノチオフローラ㈱	経費	賃貸料収入
202502	005000000	32	修繕費	360000.0	470000.0	219246.0	7.7	46.6	60.9	イノチオフローラ㈱	経費	修繕費
202502	005000000	33	支払リース料	4800.0	4800.0	4700.0	0.1	97.9	97.9	イノチオフローラ㈱	経費	支払リース料
202502	005000000	34	保険料	0.0	0.0	0.0	0.0	0.0	0.0	イノチオフローラ㈱	経費	保険料
202502	005000000	35	支払報酬	0.0	0.0	0.0	0.0	0.0	0.0	イノチオフローラ㈱	経費	支払報酬
202502	005000000	36	販売手数料	0.0	0.0	0.0	0.0	0.0	0.0	イノチオフローラ㈱	経費	販売手数料
202502	005000000	37	支払手数料	12000.0	12000.0	35828.0	1.2	298.5	298.5	イノチオフローラ㈱	経費	支払手数料
202502	005000000	38	診断料	0.0	10000.0	9600.0	0.3	96.0	0.0	イノチオフローラ㈱	経費	診断料
202502	005000000	39	諸会費	0.0	0.0	0.0	0.0	0.0	0.0	イノチオフローラ㈱	経費	諸会費
202502	005000000	40	会議費	0.0	0.0	0.0	0.0	0.0	0.0	イノチオフローラ㈱	経費	会議費
202502	005000000	41	寄付金	0.0	0.0	0.0	0.0	0.0	0.0	イノチオフローラ㈱	経費	寄付金
202502	005000000	42	租税公課	10000.0	10000.0	75.0	0.0	0.7	0.7	イノチオフローラ㈱	経費	租税公課
202502	005000000	43	業務委託費	0.0	0.0	0.0	0.0	0.0	0.0	イノチオフローラ㈱	経費	業務委託費
202502	005000000	44	業務受託収入	0.0	0.0	0.0	0.0	0.0	0.0	イノチオフローラ㈱	経費	業務受託収入
202502	005000000	45	システム管理料	0.0	0.0	0.0	0.0	0.0	0.0	イノチオフローラ㈱	経費	システム管理料
202502	005000000	46	情報機器利用料	42340.0	42320.0	42340.0	1.4	100.0	100.0	イノチオフローラ㈱	経費	情報機器利用料
202502	005000000	47	貸倒金	0.0	0.0	0.0	0.0	0.0	0.0	イノチオフローラ㈱	経費	貸倒金
202502	005000000	48	雑費	2000.0	2000.0	178.0	0.0	8.9	8.9	イノチオフローラ㈱	経費	雑費
202502	005000000	49	福利消耗品費	5000.0	5000.0	450.0	0.0	9.0	9.0	イノチオフローラ㈱	経費	福利消耗品費
202502	005000000	50	教育研修費	2800.0	101200.0	111272.0	3.9	109.9		イノチオフローラ㈱	経費	教育研修費
202502	005000000	51	雑給	0.0	0.0	0.0	0.0	0.0	0.0	イノチオフローラ㈱	経費	雑給
202502	005000000	52	社内金利（固定資産）	0.0	0.0	0.0	0.0	0.0	0.0	イノチオフローラ㈱	経費	社内金利（固定資産）
202502	005000000	53	グループ共通	194000.0	194000.0	194000.0	6.8	100.0	100.0	イノチオフローラ㈱	経費	グループ共通
202502	005000000	54	差引収益	-2276410.0	-1712335.0	-1996960.0	0.0	0.0	0.0	イノチオフローラ㈱		
202502	005000000	55	差引比率	-189.7	-57.5	-70.4		0.0	0.0	イノチオフローラ㈱		
202502	005000000	56	総時間	831.75	828.0	912.0		110.1	109.6	イノチオフローラ㈱		
202502	005000000	57	定時間	736.0	736.0	806.5		109.5	109.5	イノチオフローラ㈱	時間	
202502	005000000	58	残業時間	82.0	82.0	94.75		115.5	115.5	イノチオフローラ㈱	時間	
202502	005000000	59	移動時間	13.75	10.0	10.75		107.5	78.1	イノチオフローラ㈱	時間	
202502	005000000	60	当月時間当り	-2736.8	-2068.0	-2189.6		0.0	0.0	イノチオフローラ㈱		
202502	005000000	61	人員	6.0	6.0	6.0		100.0	100.0	イノチオフローラ㈱		
202503	005000000	1	総受注高	2200000.0	3374000.0	2602312.0		77.1	118.2	イノチオフローラ㈱	受注	
202503	005000000	2	総売上高	2200000.0	3374000.0	2602312.0		77.1	118.2	イノチオフローラ㈱		
202503	005000000	3	切り花売上	1390000.0	2474000.0	1752312.0	67.3	70.8	126.0	イノチオフローラ㈱	売上	
202503	005000000	4	研究受託売上   	422000.0	850000.0	850000.0	32.6	100.0	201.4	イノチオフローラ㈱	売上	
202503	005000000	5	その他売上	388000.0	50000.0	0.0	0.0	0.0	0.0	イノチオフローラ㈱	売上	
202503	005000000	6	堆肥売上            	0.0	0.0	0.0	0.0	0.0	0.0	イノチオフローラ㈱	売上	
202503	005000000	7	経費合計	4129368.0	6777624.0	6088383.0	233.9	89.8	147.4	イノチオフローラ㈱		
202503	005000000	8	種苗費	20000.0	580000.0	677100.0	26.0	116.7		イノチオフローラ㈱	経費	種苗費
202503	005000000	9	肥料費	128545.0	241500.0	143460.0	5.5	59.4	111.6	イノチオフローラ㈱	経費	肥料費
202503	005000000	10	培土費用	0.0	70000.0	0.0	0.0	0.0	0.0	イノチオフローラ㈱	経費	培土費用
202503	005000000	11	農薬衛生費	329420.0	329000.0	358887.0	13.7	109.0	108.9	イノチオフローラ㈱	経費	農薬衛生費
202503	005000000	12	農具費	15000.0	338000.0	204520.0	7.8	60.5		イノチオフローラ㈱	経費	農具費
202503	005000000	13	諸材料費	10000.0	272600.0	262855.0	10.1	96.4		イノチオフローラ㈱	経費	諸材料費
202503	005000000	14	その他仕入高	210000.0	50000.0	0.0	0.0	0.0	0.0	イノチオフローラ㈱	経費	その他仕入高
202503	005000000	15	減価償却費	477747.0	429914.0	433414.0	16.6	100.8	90.7	イノチオフローラ㈱	経費	減価償却費
202503	005000000	16	車両費	116460.0	306000.0	386910.0	14.8	126.4	332.2	イノチオフローラ㈱	経費	車両費
202503	005000000	17	旅費交通費	15000.0	10000.0	0.0	0.0	0.0	0.0	イノチオフローラ㈱	経費	旅費交通費
202503	005000000	18	荷造運搬費	148299.0	303000.0	201364.0	7.7	66.4	135.7	イノチオフローラ㈱	経費	荷造運搬費
202503	005000000	19	通信費	38250.0	37850.0	40473.0	1.5	106.9	105.8	イノチオフローラ㈱	経費	通信費
202503	005000000	20	水道光熱費	238765.0	279500.0	188227.0	7.2	67.3	78.8	イノチオフローラ㈱	経費	水道光熱費
202503	005000000	21	動力費	395116.0	395000.0	413570.0	15.8	104.7	104.6	イノチオフローラ㈱	経費	動力費
202503	005000000	22	燃料費	728000.0	1422000.0	1324400.0	50.8	93.1	181.9	イノチオフローラ㈱	経費	燃料費
202503	005000000	23	事務用品費	11000.0	11000.0	949.0	0.0	8.6	8.6	イノチオフローラ㈱	経費	事務用品費
202503	005000000	24	消耗品費	20000.0	20000.0	11074.0	0.4	55.3	55.3	イノチオフローラ㈱	経費	消耗品費
202503	005000000	25	廃棄物処理料	30000.0	60000.0	56000.0	2.1	93.3	186.6	イノチオフローラ㈱	経費	廃棄物処理料
202503	005000000	26	広告宣伝費	0.0	0.0	0.0	0.0	0.0	0.0	イノチオフローラ㈱	経費	広告宣伝費
202503	005000000	27	接待交際費	0.0	0.0	0.0	0.0	0.0	0.0	イノチオフローラ㈱	経費	接待交際費
202503	005000000	28	研究開発費	0.0	0.0	0.0	0.0	0.0	0.0	イノチオフローラ㈱	経費	研究開発費
202503	005000000	29	クレーム費	0.0	0.0	0.0	0.0	0.0	0.0	イノチオフローラ㈱	経費	クレーム費
202503	005000000	30	賃借料	0.0	0.0	0.0	0.0	0.0	0.0	イノチオフローラ㈱	経費	賃借料
202503	005000000	31	賃貸料収入	-30000.0	-30000.0	0.0	0.0	0.0	0.0	イノチオフローラ㈱	経費	賃貸料収入
202503	005000000	32	修繕費	260000.0	660000.0	671374.0	25.7	101.7	258.2	イノチオフローラ㈱	経費	修繕費
202503	005000000	33	支払リース料	4800.0	4800.0	4700.0	0.1	97.9	97.9	イノチオフローラ㈱	経費	支払リース料
202503	005000000	34	保険料	261510.0	261510.0	0.0	0.0	0.0	0.0	イノチオフローラ㈱	経費	保険料
202503	005000000	35	支払報酬	0.0	0.0	0.0	0.0	0.0	0.0	イノチオフローラ㈱	経費	支払報酬
202503	005000000	36	販売手数料	0.0	0.0	0.0	0.0	0.0	0.0	イノチオフローラ㈱	経費	販売手数料
202503	005000000	37	支払手数料	430506.0	430000.0	458716.0	17.6	106.6	106.5	イノチオフローラ㈱	経費	支払手数料
202503	005000000	38	診断料	0.0	10000.0	0.0	0.0	0.0	0.0	イノチオフローラ㈱	経費	診断料
202503	005000000	39	諸会費	0.0	0.0	0.0	0.0	0.0	0.0	イノチオフローラ㈱	経費	諸会費
202503	005000000	40	会議費	5000.0	0.0	0.0	0.0	0.0	0.0	イノチオフローラ㈱	経費	会議費
202503	005000000	41	寄付金	0.0	0.0	0.0	0.0	0.0	0.0	イノチオフローラ㈱	経費	寄付金
202503	005000000	42	租税公課	10000.0	10000.0	245.0	0.0	2.4	2.4	イノチオフローラ㈱	経費	租税公課
202503	005000000	43	業務委託費	0.0	0.0	0.0	0.0	0.0	0.0	イノチオフローラ㈱	経費	業務委託費
202503	005000000	44	業務受託収入	0.0	0.0	0.0	0.0	0.0	0.0	イノチオフローラ㈱	経費	業務受託収入
202503	005000000	45	システム管理料	0.0	0.0	0.0	0.0	0.0	0.0	イノチオフローラ㈱	経費	システム管理料
202503	005000000	46	情報機器利用料	49150.0	49150.0	49150.0	1.8	100.0	100.0	イノチオフローラ㈱	経費	情報機器利用料
202503	005000000	47	貸倒金	0.0	0.0	0.0	0.0	0.0	0.0	イノチオフローラ㈱	経費	貸倒金
202503	005000000	48	雑費	5000.0	5000.0	178.0	0.0	3.5	3.5	イノチオフローラ㈱	経費	雑費
202503	005000000	49	福利消耗品費	5000.0	5000.0	3946.0	0.1	78.9	78.9	イノチオフローラ㈱	経費	福利消耗品費
202503	005000000	50	教育研修費	2800.0	22800.0	2871.0	0.1	12.5	102.5	イノチオフローラ㈱	経費	教育研修費
202503	005000000	51	雑給	0.0	0.0	0.0	0.0	0.0	0.0	イノチオフローラ㈱	経費	雑給
202503	005000000	52	社内金利（固定資産）	0.0	0.0	0.0	0.0	0.0	0.0	イノチオフローラ㈱	経費	社内金利（固定資産）
202503	005000000	53	グループ共通	194000.0	194000.0	194000.0	7.4	100.0	100.0	イノチオフローラ㈱	経費	グループ共通
202503	005000000	54	差引収益	-1929368.0	-3403624.0	-3486071.0	0.0	0.0	0.0	イノチオフローラ㈱		
202503	005000000	55	差引比率	-87.6	-100.8	-133.9		0.0	0.0	イノチオフローラ㈱		
202503	005000000	56	総時間	1055.25	1055.25	1126.0		106.7	106.7	イノチオフローラ㈱		
202503	005000000	57	定時間	960.0	960.0	932.0		97.0	97.0	イノチオフローラ㈱	時間	
202503	005000000	58	残業時間	80.0	80.0	178.75		223.4	223.4	イノチオフローラ㈱	時間	
202503	005000000	59	移動時間	15.25	15.25	15.25		100.0	100.0	イノチオフローラ㈱	時間	
202503	005000000	60	当月時間当り	-1828.3	-3225.4	-3095.9		0.0	0.0	イノチオフローラ㈱		
202503	005000000	61	人員	6.0	6.0	6.0		100.0	100.0	イノチオフローラ㈱		
202504	005000000	1	総受注高	1310000.0	1110000.0	907696.0		81.7	69.2	イノチオフローラ㈱	受注	
202504	005000000	2	総売上高	1310000.0	1110000.0	907696.0		81.7	69.2	イノチオフローラ㈱		
202504	005000000	3	切り花売上	1269000.0	1069000.0	743606.0	81.9	69.5	58.5	イノチオフローラ㈱	売上	
202504	005000000	4	研究受託売上   	0.0	0.0	0.0	0.0	0.0	0.0	イノチオフローラ㈱	売上	
202504	005000000	5	その他売上	41000.0	41000.0	164090.0	18.0	400.2	400.2	イノチオフローラ㈱	売上	
202504	005000000	6	堆肥売上            	0.0	0.0	0.0	0.0	0.0	0.0	イノチオフローラ㈱	売上	
202504	005000000	7	経費合計	5249991.0	4973991.0	5074918.0	559.0	102.0	96.6	イノチオフローラ㈱		
202504	005000000	8	種苗費	550000.0	550000.0	524820.0	57.8	95.4	95.4	イノチオフローラ㈱	経費	種苗費
202504	005000000	9	肥料費	149000.0	60000.0	0.0	0.0	0.0	0.0	イノチオフローラ㈱	経費	肥料費
202504	005000000	10	培土費用	0.0	0.0	45000.0	4.9	0.0	0.0	イノチオフローラ㈱	経費	培土費用
202504	005000000	11	農薬衛生費	432000.0	432000.0	453584.0	49.9	104.9	104.9	イノチオフローラ㈱	経費	農薬衛生費
202504	005000000	12	農具費	75000.0	75000.0	23904.0	2.6	31.8	31.8	イノチオフローラ㈱	経費	農具費
202504	005000000	13	諸材料費	20000.0	20000.0	4659.0	0.5	23.2	23.2	イノチオフローラ㈱	経費	諸材料費
202504	005000000	14	その他仕入高	20000.0	20000.0	117216.0	12.9	586.0	586.0	イノチオフローラ㈱	経費	その他仕入高
202504	005000000	15	減価償却費	380481.0	383481.0	383931.0	42.2	100.1	100.9	イノチオフローラ㈱	経費	減価償却費
202504	005000000	16	車両費	177000.0	177000.0	75680.0	8.3	42.7	42.7	イノチオフローラ㈱	経費	車両費
202504	005000000	17	旅費交通費	15000.0	5000.0	273.0	0.0	5.4	1.8	イノチオフローラ㈱	経費	旅費交通費
202504	005000000	18	荷造運搬費	130000.0	130000.0	79626.0	8.7	61.2	61.2	イノチオフローラ㈱	経費	荷造運搬費
202504	005000000	19	通信費	39000.0	39000.0	40781.0	4.4	104.5	104.5	イノチオフローラ㈱	経費	通信費
202504	005000000	20	水道光熱費	165000.0	165000.0	159968.0	17.6	96.9	96.9	イノチオフローラ㈱	経費	水道光熱費
202504	005000000	21	動力費	380000.0	340000.0	333103.0	36.6	97.9	87.6	イノチオフローラ㈱	経費	動力費
202504	005000000	22	燃料費	1200000.0	1100000.0	1232000.0	135.7	112.0	102.6	イノチオフローラ㈱	経費	燃料費
202504	005000000	23	事務用品費	8000.0	8000.0	661.0	0.0	8.2	8.2	イノチオフローラ㈱	経費	事務用品費
202504	005000000	24	消耗品費	15000.0	15000.0	3928.0	0.4	26.1	26.1	イノチオフローラ㈱	経費	消耗品費
202504	005000000	25	廃棄物処理料	40000.0	0.0	27000.0	2.9	0.0	67.5	イノチオフローラ㈱	経費	廃棄物処理料
202504	005000000	26	広告宣伝費	0.0	0.0	0.0	0.0	0.0	0.0	イノチオフローラ㈱	経費	広告宣伝費
202504	005000000	27	接待交際費	0.0	0.0	0.0	0.0	0.0	0.0	イノチオフローラ㈱	経費	接待交際費
202504	005000000	28	研究開発費	0.0	0.0	0.0	0.0	0.0	0.0	イノチオフローラ㈱	経費	研究開発費
202504	005000000	29	クレーム費	0.0	0.0	0.0	0.0	0.0	0.0	イノチオフローラ㈱	経費	クレーム費
202504	005000000	30	賃借料	0.0	0.0	0.0	0.0	0.0	0.0	イノチオフローラ㈱	経費	賃借料
202504	005000000	31	賃貸料収入	-10000.0	-10000.0	0.0	0.0	0.0	0.0	イノチオフローラ㈱	経費	賃貸料収入
202504	005000000	32	修繕費	860000.0	860000.0	937683.0	103.3	109.0	109.0	イノチオフローラ㈱	経費	修繕費
202504	005000000	33	支払リース料	5000.0	5000.0	4700.0	0.5	94.0	94.0	イノチオフローラ㈱	経費	支払リース料
202504	005000000	34	保険料	29000.0	29000.0	33480.0	3.6	115.4	115.4	イノチオフローラ㈱	経費	保険料
202504	005000000	35	支払報酬	0.0	0.0	0.0	0.0	0.0	0.0	イノチオフローラ㈱	経費	支払報酬
202504	005000000	36	販売手数料	216000.0	216000.0	193775.0	21.3	89.7	89.7	イノチオフローラ㈱	経費	販売手数料
202504	005000000	37	支払手数料	40000.0	40000.0	105616.0	11.6	264.0	264.0	イノチオフローラ㈱	経費	支払手数料
202504	005000000	38	診断料	0.0	0.0	1950.0	0.2	0.0	0.0	イノチオフローラ㈱	経費	診断料
202504	005000000	39	諸会費	0.0	0.0	0.0	0.0	0.0	0.0	イノチオフローラ㈱	経費	諸会費
202504	005000000	40	会議費	0.0	0.0	0.0	0.0	0.0	0.0	イノチオフローラ㈱	経費	会議費
202504	005000000	41	寄付金	0.0	0.0	0.0	0.0	0.0	0.0	イノチオフローラ㈱	経費	寄付金
202504	005000000	42	租税公課	10000.0	10000.0	0.0	0.0	0.0	0.0	イノチオフローラ㈱	経費	租税公課
202504	005000000	43	業務委託費	0.0	0.0	0.0	0.0	0.0	0.0	イノチオフローラ㈱	経費	業務委託費
202504	005000000	44	業務受託収入	0.0	0.0	0.0	0.0	0.0	0.0	イノチオフローラ㈱	経費	業務受託収入
202504	005000000	45	システム管理料	0.0	0.0	0.0	0.0	0.0	0.0	イノチオフローラ㈱	経費	システム管理料
202504	005000000	46	情報機器利用料	55510.0	55510.0	55510.0	6.1	100.0	100.0	イノチオフローラ㈱	経費	情報機器利用料
202504	005000000	47	貸倒金	0.0	0.0	0.0	0.0	0.0	0.0	イノチオフローラ㈱	経費	貸倒金
202504	005000000	48	雑費	3000.0	3000.0	199.0	0.0	6.6	6.6	イノチオフローラ㈱	経費	雑費
202504	005000000	49	福利消耗品費	10000.0	10000.0	0.0	0.0	0.0	0.0	イノチオフローラ㈱	経費	福利消耗品費
202504	005000000	50	教育研修費	3000.0	3000.0	2871.0	0.3	95.7	95.7	イノチオフローラ㈱	経費	教育研修費
202504	005000000	51	雑給	0.0	0.0	0.0	0.0	0.0	0.0	イノチオフローラ㈱	経費	雑給
202504	005000000	52	社内金利（固定資産）	0.0	0.0	0.0	0.0	0.0	0.0	イノチオフローラ㈱	経費	社内金利（固定資産）
202504	005000000	53	グループ共通	233000.0	233000.0	233000.0	25.6	100.0	100.0	イノチオフローラ㈱	経費	グループ共通
202504	005000000	54	差引収益	-3939991.0	-3863991.0	-4167222.0	0.0	0.0	0.0	イノチオフローラ㈱		
202504	005000000	55	差引比率	-300.7	-348.1	-459.0		0.0	0.0	イノチオフローラ㈱		
202504	005000000	56	総時間	1099.0	1099.0	1092.5		99.4	99.4	イノチオフローラ㈱		
202504	005000000	57	定時間	1008.0	1008.0	990.25		98.2	98.2	イノチオフローラ㈱	時間	
202504	005000000	58	残業時間	77.0	77.0	89.25		115.9	115.9	イノチオフローラ㈱	時間	
202504	005000000	59	移動時間	14.0	14.0	13.0		92.8	92.8	イノチオフローラ㈱	時間	
202504	005000000	60	当月時間当り	-3585.0	-3515.9	-3814.3		0.0	0.0	イノチオフローラ㈱		
202504	005000000	61	人員	6.0	6.0	6.0		100.0	100.0	イノチオフローラ㈱		
202505	005000000	1	総受注高	2450000.0	2715000.0	1698803.0		62.5	69.3	イノチオフローラ㈱	受注	
202505	005000000	2	総売上高	2450000.0	2715000.0	1698803.0		62.5	69.3	イノチオフローラ㈱		
202505	005000000	3	切り花売上	1455000.0	1680000.0	904270.0	53.2	53.8	62.1	イノチオフローラ㈱	売上	
202505	005000000	4	研究受託売上   	630000.0	675000.0	675000.0	39.7	100.0	107.1	イノチオフローラ㈱	売上	
202505	005000000	5	その他売上	365000.0	360000.0	119533.0	7.0	33.2	32.7	イノチオフローラ㈱	売上	
202505	005000000	6	堆肥売上            	0.0	0.0	0.0	0.0	0.0	0.0	イノチオフローラ㈱	売上	
202505	005000000	7	経費合計	4270991.0	4797491.0	4956488.0	291.7	103.3	116.0	イノチオフローラ㈱		
202505	005000000	8	種苗費	450000.0	520000.0	264900.0	15.5	50.9	58.8	イノチオフローラ㈱	経費	種苗費
202505	005000000	9	肥料費	203000.0	197000.0	191430.0	11.2	97.1	94.3	イノチオフローラ㈱	経費	肥料費
202505	005000000	10	培土費用	0.0	79500.0	0.0	0.0	0.0	0.0	イノチオフローラ㈱	経費	培土費用
202505	005000000	11	農薬衛生費	554000.0	800000.0	729748.0	42.9	91.2	131.7	イノチオフローラ㈱	経費	農薬衛生費
202505	005000000	12	農具費	146000.0	30000.0	4479.0	0.2	14.9	3.0	イノチオフローラ㈱	経費	農具費
202505	005000000	13	諸材料費	172000.0	173000.0	128599.0	7.5	74.3	74.7	イノチオフローラ㈱	経費	諸材料費
202505	005000000	14	その他仕入高	390000.0	300000.0	81018.0	4.7	27.0	20.7	イノチオフローラ㈱	経費	その他仕入高
202505	005000000	15	減価償却費	380481.0	383481.0	647567.0	38.1	168.8	170.1	イノチオフローラ㈱	経費	減価償却費
202505	005000000	16	車両費	140000.0	140000.0	120597.0	7.0	86.1	86.1	イノチオフローラ㈱	経費	車両費
202505	005000000	17	旅費交通費	10000.0	5000.0	0.0	0.0	0.0	0.0	イノチオフローラ㈱	経費	旅費交通費
202505	005000000	18	荷造運搬費	130000.0	160000.0	9432.0	0.5	5.8	7.2	イノチオフローラ㈱	経費	荷造運搬費
202505	005000000	19	通信費	43000.0	43000.0	42623.0	2.5	99.1	99.1	イノチオフローラ㈱	経費	通信費
202505	005000000	20	水道光熱費	235000.0	215000.0	114002.0	6.7	53.0	48.5	イノチオフローラ㈱	経費	水道光熱費
202505	005000000	21	動力費	390000.0	354000.0	385301.0	22.6	108.8	98.7	イノチオフローラ㈱	経費	動力費
202505	005000000	22	燃料費	0.0	0.0	0.0	0.0	0.0	0.0	イノチオフローラ㈱	経費	燃料費
202505	005000000	23	事務用品費	5000.0	5000.0	717.0	0.0	14.3	14.3	イノチオフローラ㈱	経費	事務用品費
202505	005000000	24	消耗品費	20000.0	60000.0	30301.0	1.7	50.5	151.5	イノチオフローラ㈱	経費	消耗品費
202505	005000000	25	廃棄物処理料	0.0	80000.0	0.0	0.0	0.0	0.0	イノチオフローラ㈱	経費	廃棄物処理料
202505	005000000	26	広告宣伝費	0.0	0.0	0.0	0.0	0.0	0.0	イノチオフローラ㈱	経費	広告宣伝費
202505	005000000	27	接待交際費	0.0	0.0	0.0	0.0	0.0	0.0	イノチオフローラ㈱	経費	接待交際費
202505	005000000	28	研究開発費	0.0	0.0	0.0	0.0	0.0	0.0	イノチオフローラ㈱	経費	研究開発費
202505	005000000	29	クレーム費	0.0	0.0	0.0	0.0	0.0	0.0	イノチオフローラ㈱	経費	クレーム費
202505	005000000	30	賃借料	0.0	0.0	0.0	0.0	0.0	0.0	イノチオフローラ㈱	経費	賃借料
202505	005000000	31	賃貸料収入	-10000.0	-10000.0	0.0	0.0	0.0	0.0	イノチオフローラ㈱	経費	賃貸料収入
202505	005000000	32	修繕費	60000.0	310000.0	1230185.0	72.4	396.8		イノチオフローラ㈱	経費	修繕費
202505	005000000	33	支払リース料	5000.0	5000.0	4700.0	0.2	94.0	94.0	イノチオフローラ㈱	経費	支払リース料
202505	005000000	34	保険料	0.0	0.0	0.0	0.0	0.0	0.0	イノチオフローラ㈱	経費	保険料
202505	005000000	35	支払報酬	0.0	0.0	0.0	0.0	0.0	0.0	イノチオフローラ㈱	経費	支払報酬
202505	005000000	36	販売手数料	0.0	0.0	0.0	0.0	0.0	0.0	イノチオフローラ㈱	経費	販売手数料
202505	005000000	37	支払手数料	38000.0	38000.0	71609.0	4.2	188.4	188.4	イノチオフローラ㈱	経費	支払手数料
202505	005000000	38	診断料	0.0	0.0	0.0	0.0	0.0	0.0	イノチオフローラ㈱	経費	診断料
202505	005000000	39	諸会費	0.0	0.0	0.0	0.0	0.0	0.0	イノチオフローラ㈱	経費	諸会費
202505	005000000	40	会議費	0.0	0.0	0.0	0.0	0.0	0.0	イノチオフローラ㈱	経費	会議費
202505	005000000	41	寄付金	0.0	0.0	0.0	0.0	0.0	0.0	イノチオフローラ㈱	経費	寄付金
202505	005000000	42	租税公課	605000.0	605000.0	607700.0	35.7	100.4	100.4	イノチオフローラ㈱	経費	租税公課
202505	005000000	43	業務委託費	0.0	0.0	0.0	0.0	0.0	0.0	イノチオフローラ㈱	経費	業務委託費
202505	005000000	44	業務受託収入	0.0	0.0	0.0	0.0	0.0	0.0	イノチオフローラ㈱	経費	業務受託収入
202505	005000000	45	システム管理料	0.0	0.0	0.0	0.0	0.0	0.0	イノチオフローラ㈱	経費	システム管理料
202505	005000000	46	情報機器利用料	55510.0	55510.0	55510.0	3.2	100.0	100.0	イノチオフローラ㈱	経費	情報機器利用料
202505	005000000	47	貸倒金	0.0	0.0	0.0	0.0	0.0	0.0	イノチオフローラ㈱	経費	貸倒金
202505	005000000	48	雑費	3000.0	3000.0	199.0	0.0	6.6	6.6	イノチオフローラ㈱	経費	雑費
202505	005000000	49	福利消耗品費	10000.0	10000.0	0.0	0.0	0.0	0.0	イノチオフローラ㈱	経費	福利消耗品費
202505	005000000	50	教育研修費	3000.0	3000.0	2871.0	0.1	95.7	95.7	イノチオフローラ㈱	経費	教育研修費
202505	005000000	51	雑給	0.0	0.0	0.0	0.0	0.0	0.0	イノチオフローラ㈱	経費	雑給
202505	005000000	52	社内金利（固定資産）	0.0	0.0	0.0	0.0	0.0	0.0	イノチオフローラ㈱	経費	社内金利（固定資産）
202505	005000000	53	グループ共通	233000.0	233000.0	233000.0	13.7	100.0	100.0	イノチオフローラ㈱	経費	グループ共通
202505	005000000	54	差引収益	-1820991.0	-2082491.0	-3257685.0	0.0	0.0	0.0	イノチオフローラ㈱		
202505	005000000	55	差引比率	-74.3	-76.7	-191.7		0.0	0.0	イノチオフローラ㈱		
202505	005000000	56	総時間	1150.5	1150.5	1138.5		98.9	98.9	イノチオフローラ㈱		
202505	005000000	57	定時間	1008.0	1008.0	995.5		98.7	98.7	イノチオフローラ㈱	時間	
202505	005000000	58	残業時間	129.0	129.0	129.5		100.3	100.3	イノチオフローラ㈱	時間	
202505	005000000	59	移動時間	13.5	13.5	13.5		100.0	100.0	イノチオフローラ㈱	時間	
202505	005000000	60	当月時間当り	-1582.7	-1810.0	-2861.3		0.0	0.0	イノチオフローラ㈱		
202505	005000000	61	人員	6.0	6.0	6.0		100.0	100.0	イノチオフローラ㈱		
202506	005000000	1	総受注高	8430000.0	7872000.0	6785214.0		86.1	80.4	イノチオフローラ㈱	受注	
202506	005000000	2	総売上高	8430000.0	7872000.0	6785214.0		86.1	80.4	イノチオフローラ㈱		
202506	005000000	3	切り花売上	3560000.0	3000000.0	1747795.0	25.7	58.2	49.0	イノチオフローラ㈱	売上	
202506	005000000	4	研究受託売上   	4862000.0	4862000.0	4862000.0	71.6	100.0	100.0	イノチオフローラ㈱	売上	
202506	005000000	5	その他売上	8000.0	10000.0	175419.0	2.5			イノチオフローラ㈱	売上	
202506	005000000	6	堆肥売上            	0.0	0.0	0.0	0.0	0.0	0.0	イノチオフローラ㈱	売上	
202506	005000000	7	経費合計	4717991.0	4927491.0	4109118.0	60.5	83.3	87.0	イノチオフローラ㈱		
202506	005000000	8	種苗費	350000.0	350000.0	332490.0	4.9	94.9	94.9	イノチオフローラ㈱	経費	種苗費
202506	005000000	9	肥料費	0.0	0.0	0.0	0.0	0.0	0.0	イノチオフローラ㈱	経費	肥料費
202506	005000000	10	培土費用	588000.0	580000.0	90000.0	1.3	15.5	15.3	イノチオフローラ㈱	経費	培土費用
202506	005000000	11	農薬衛生費	897000.0	897000.0	1092208.0	16.0	121.7	121.7	イノチオフローラ㈱	経費	農薬衛生費
202506	005000000	12	農具費	134000.0	160000.0	49746.0	0.7	31.0	37.1	イノチオフローラ㈱	経費	農具費
202506	005000000	13	諸材料費	325000.0	328000.0	277538.0	4.0	84.6	85.3	イノチオフローラ㈱	経費	諸材料費
202506	005000000	14	その他仕入高	5000.0	5000.0	154265.0	2.2			イノチオフローラ㈱	経費	その他仕入高
202506	005000000	15	減価償却費	380481.0	380481.0	383931.0	5.6	100.9	100.9	イノチオフローラ㈱	経費	減価償却費
202506	005000000	16	車両費	205000.0	205000.0	202500.0	2.9	98.7	98.7	イノチオフローラ㈱	経費	車両費
202506	005000000	17	旅費交通費	10000.0	5000.0	0.0	0.0	0.0	0.0	イノチオフローラ㈱	経費	旅費交通費
202506	005000000	18	荷造運搬費	479000.0	479500.0	154677.0	2.2	32.2	32.2	イノチオフローラ㈱	経費	荷造運搬費
202506	005000000	19	通信費	40000.0	40000.0	41426.0	0.6	103.5	103.5	イノチオフローラ㈱	経費	通信費
202506	005000000	20	水道光熱費	155000.0	190000.0	182345.0	2.6	95.9	117.6	イノチオフローラ㈱	経費	水道光熱費
202506	005000000	21	動力費	400000.0	440000.0	380586.0	5.6	86.4	95.1	イノチオフローラ㈱	経費	動力費
202506	005000000	22	燃料費	0.0	0.0	0.0	0.0	0.0	0.0	イノチオフローラ㈱	経費	燃料費
202506	005000000	23	事務用品費	7000.0	5000.0	948.0	0.0	18.9	13.5	イノチオフローラ㈱	経費	事務用品費
202506	005000000	24	消耗品費	20000.0	50000.0	8222.0	0.1	16.4	41.1	イノチオフローラ㈱	経費	消耗品費
202506	005000000	25	廃棄物処理料	40000.0	130000.0	87000.0	1.2	66.9	217.5	イノチオフローラ㈱	経費	廃棄物処理料
202506	005000000	26	広告宣伝費	0.0	0.0	0.0	0.0	0.0	0.0	イノチオフローラ㈱	経費	広告宣伝費
202506	005000000	27	接待交際費	0.0	0.0	0.0	0.0	0.0	0.0	イノチオフローラ㈱	経費	接待交際費
202506	005000000	28	研究開発費	0.0	0.0	0.0	0.0	0.0	0.0	イノチオフローラ㈱	経費	研究開発費
202506	005000000	29	クレーム費	0.0	0.0	0.0	0.0	0.0	0.0	イノチオフローラ㈱	経費	クレーム費
202506	005000000	30	賃借料	0.0	0.0	0.0	0.0	0.0	0.0	イノチオフローラ㈱	経費	賃借料
202506	005000000	31	賃貸料収入	-10000.0	-10000.0	0.0	0.0	0.0	0.0	イノチオフローラ㈱	経費	賃貸料収入
202506	005000000	32	修繕費	160000.0	160000.0	53228.0	0.7	33.2	33.2	イノチオフローラ㈱	経費	修繕費
202506	005000000	33	支払リース料	5000.0	5000.0	4700.0	0.0	94.0	94.0	イノチオフローラ㈱	経費	支払リース料
202506	005000000	34	保険料	0.0	0.0	0.0	0.0	0.0	0.0	イノチオフローラ㈱	経費	保険料
202506	005000000	35	支払報酬	0.0	0.0	53000.0	0.7	0.0	0.0	イノチオフローラ㈱	経費	支払報酬
202506	005000000	36	販売手数料	0.0	0.0	0.0	0.0	0.0	0.0	イノチオフローラ㈱	経費	販売手数料
202506	005000000	37	支払手数料	44000.0	44000.0	68327.0	1.0	155.2	155.2	イノチオフローラ㈱	経費	支払手数料
202506	005000000	38	診断料	0.0	0.0	0.0	0.0	0.0	0.0	イノチオフローラ㈱	経費	診断料
202506	005000000	39	諸会費	2000.0	2000.0	1819.0	0.0	90.9	90.9	イノチオフローラ㈱	経費	諸会費
202506	005000000	40	会議費	0.0	0.0	0.0	0.0	0.0	0.0	イノチオフローラ㈱	経費	会議費
202506	005000000	41	寄付金	0.0	0.0	0.0	0.0	0.0	0.0	イノチオフローラ㈱	経費	寄付金
202506	005000000	42	租税公課	10000.0	10000.0	10000.0	0.1	100.0	100.0	イノチオフローラ㈱	経費	租税公課
202506	005000000	43	業務委託費	0.0	0.0	0.0	0.0	0.0	0.0	イノチオフローラ㈱	経費	業務委託費
202506	005000000	44	業務受託収入	0.0	0.0	0.0	0.0	0.0	0.0	イノチオフローラ㈱	経費	業務受託収入
202506	005000000	45	システム管理料	0.0	0.0	0.0	0.0	0.0	0.0	イノチオフローラ㈱	経費	システム管理料
202506	005000000	46	情報機器利用料	55510.0	55510.0	55510.0	0.8	100.0	100.0	イノチオフローラ㈱	経費	情報機器利用料
202506	005000000	47	貸倒金	0.0	0.0	0.0	0.0	0.0	0.0	イノチオフローラ㈱	経費	貸倒金
202506	005000000	48	雑費	100000.0	100000.0	107827.0	1.5	107.8	107.8	イノチオフローラ㈱	経費	雑費
202506	005000000	49	福利消耗品費	80000.0	80000.0	80954.0	1.1	101.1	101.1	イノチオフローラ㈱	経費	福利消耗品費
202506	005000000	50	教育研修費	3000.0	3000.0	2871.0	0.0	95.7	95.7	イノチオフローラ㈱	経費	教育研修費
202506	005000000	51	雑給	0.0	0.0	0.0	0.0	0.0	0.0	イノチオフローラ㈱	経費	雑給
202506	005000000	52	社内金利（固定資産）	0.0	0.0	0.0	0.0	0.0	0.0	イノチオフローラ㈱	経費	社内金利（固定資産）
202506	005000000	53	グループ共通	233000.0	233000.0	233000.0	3.4	100.0	100.0	イノチオフローラ㈱	経費	グループ共通
202506	005000000	54	差引収益	3712009.0	2944509.0	2676096.0	39.4	90.8	72.0	イノチオフローラ㈱		
202506	005000000	55	差引比率	44.0	37.4	39.4		105.3	89.5	イノチオフローラ㈱		
202506	005000000	56	総時間	1176.0	1176.0	1350.5		114.8	114.8	イノチオフローラ㈱		
202506	005000000	57	定時間	1056.0	1056.0	1207.75		114.3	114.3	イノチオフローラ㈱	時間	
202506	005000000	58	残業時間	106.0	106.0	126.75		119.5	119.5	イノチオフローラ㈱	時間	
202506	005000000	59	移動時間	14.0	14.0	16.0		114.2	114.2	イノチオフローラ㈱	時間	
202506	005000000	60	当月時間当り	3156.4	2503.8	1981.5		79.1	62.7	イノチオフローラ㈱		
202506	005000000	61	人員	6.0	6.0	8.0		133.3	133.3	イノチオフローラ㈱		
202507	005000000	1	総受注高	8430000.0	6667000.0	6481201.0		97.2	76.8	イノチオフローラ㈱	受注	
202507	005000000	2	総売上高	8430000.0	6667000.0	6481201.0		97.2	76.8	イノチオフローラ㈱		
202507	005000000	3	切り花売上	5853000.0	4090000.0	3897793.0	60.1	95.3	66.5	イノチオフローラ㈱	売上	
202507	005000000	4	研究受託売上   	2499000.0	2499000.0	2499000.0	38.5	100.0	100.0	イノチオフローラ㈱	売上	
202507	005000000	5	その他売上	78000.0	78000.0	84408.0	1.3	108.2	108.2	イノチオフローラ㈱	売上	
202507	005000000	6	堆肥売上            	0.0	0.0	0.0	0.0	0.0	0.0	イノチオフローラ㈱	売上	
202507	005000000	7	経費合計	5432991.0	5119559.0	5954338.0	91.8	116.3	109.5	イノチオフローラ㈱		
202507	005000000	8	種苗費	500000.0	350000.0	409710.0	6.3	117.0	81.9	イノチオフローラ㈱	経費	種苗費
202507	005000000	9	肥料費	37000.0	62000.0	63450.0	0.9	102.3	171.4	イノチオフローラ㈱	経費	肥料費
202507	005000000	10	培土費用	0.0	99000.0	135000.0	2.0	136.3	0.0	イノチオフローラ㈱	経費	培土費用
202507	005000000	11	農薬衛生費	920000.0	920000.0	1061362.0	16.3	115.3	115.3	イノチオフローラ㈱	経費	農薬衛生費
202507	005000000	12	農具費	78000.0	79000.0	40535.0	0.6	51.3	51.9	イノチオフローラ㈱	経費	農具費
202507	005000000	13	諸材料費	257000.0	250000.0	257095.0	3.9	102.8	100.0	イノチオフローラ㈱	経費	諸材料費
202507	005000000	14	その他仕入高	60000.0	78000.0	63341.0	0.9	81.2	105.5	イノチオフローラ㈱	経費	その他仕入高
202507	005000000	15	減価償却費	380481.0	419771.0	383931.0	5.9	91.4	100.9	イノチオフローラ㈱	経費	減価償却費
202507	005000000	16	車両費	205000.0	205000.0	412042.0	6.3	200.9	200.9	イノチオフローラ㈱	経費	車両費
202507	005000000	17	旅費交通費	10000.0	10000.0	0.0	0.0	0.0	0.0	イノチオフローラ㈱	経費	旅費交通費
202507	005000000	18	荷造運搬費	495000.0	495000.0	774159.0	11.9	156.3	156.3	イノチオフローラ㈱	経費	荷造運搬費
202507	005000000	19	通信費	40000.0	40188.0	42637.0	0.6	106.0	106.5	イノチオフローラ㈱	経費	通信費
202507	005000000	20	水道光熱費	185000.0	25000.0	165603.0	2.5	662.4	89.5	イノチオフローラ㈱	経費	水道光熱費
202507	005000000	21	動力費	360000.0	374600.0	355890.0	5.4	95.0	98.8	イノチオフローラ㈱	経費	動力費
202507	005000000	22	燃料費	0.0	0.0	0.0	0.0	0.0	0.0	イノチオフローラ㈱	経費	燃料費
202507	005000000	23	事務用品費	5000.0	6000.0	1719.0	0.0	28.6	34.3	イノチオフローラ㈱	経費	事務用品費
202507	005000000	24	消耗品費	15000.0	15000.0	4109.0	0.0	27.3	27.3	イノチオフローラ㈱	経費	消耗品費
202507	005000000	25	廃棄物処理料	0.0	60000.0	0.0	0.0	0.0	0.0	イノチオフローラ㈱	経費	廃棄物処理料
202507	005000000	26	広告宣伝費	0.0	0.0	0.0	0.0	0.0	0.0	イノチオフローラ㈱	経費	広告宣伝費
202507	005000000	27	接待交際費	0.0	0.0	0.0	0.0	0.0	0.0	イノチオフローラ㈱	経費	接待交際費
202507	005000000	28	研究開発費	0.0	0.0	0.0	0.0	0.0	0.0	イノチオフローラ㈱	経費	研究開発費
202507	005000000	29	クレーム費	0.0	0.0	0.0	0.0	0.0	0.0	イノチオフローラ㈱	経費	クレーム費
202507	005000000	30	賃借料	0.0	0.0	0.0	0.0	0.0	0.0	イノチオフローラ㈱	経費	賃借料
202507	005000000	31	賃貸料収入	-10000.0	-10000.0	0.0	0.0	0.0	0.0	イノチオフローラ㈱	経費	賃貸料収入
202507	005000000	32	修繕費	160000.0	160000.0	253819.0	3.9	158.6	158.6	イノチオフローラ㈱	経費	修繕費
202507	005000000	33	支払リース料	5000.0	5000.0	4700.0	0.0	94.0	94.0	イノチオフローラ㈱	経費	支払リース料
202507	005000000	34	保険料	0.0	0.0	0.0	0.0	0.0	0.0	イノチオフローラ㈱	経費	保険料
202507	005000000	35	支払報酬	330000.0	30000.0	315210.0	4.8		95.5	イノチオフローラ㈱	経費	支払報酬
202507	005000000	36	販売手数料	400000.0	300000.0	185930.0	2.8	61.9	46.4	イノチオフローラ㈱	経費	販売手数料
202507	005000000	37	支払手数料	26000.0	22300.0	74433.0	1.1	333.7	286.2	イノチオフローラ㈱	経費	支払手数料
202507	005000000	38	診断料	0.0	0.0	0.0	0.0	0.0	0.0	イノチオフローラ㈱	経費	診断料
202507	005000000	39	諸会費	0.0	2000.0	0.0	0.0	0.0	0.0	イノチオフローラ㈱	経費	諸会費
202507	005000000	40	会議費	0.0	0.0	0.0	0.0	0.0	0.0	イノチオフローラ㈱	経費	会議費
202507	005000000	41	寄付金	0.0	0.0	0.0	0.0	0.0	0.0	イノチオフローラ㈱	経費	寄付金
202507	005000000	42	租税公課	603000.0	680000.0	606000.0	9.3	89.1	100.4	イノチオフローラ㈱	経費	租税公課
202507	005000000	43	業務委託費	0.0	0.0	0.0	0.0	0.0	0.0	イノチオフローラ㈱	経費	業務委託費
202507	005000000	44	業務受託収入	0.0	0.0	0.0	0.0	0.0	0.0	イノチオフローラ㈱	経費	業務受託収入
202507	005000000	45	システム管理料	0.0	0.0	0.0	0.0	0.0	0.0	イノチオフローラ㈱	経費	システム管理料
202507	005000000	46	情報機器利用料	55510.0	45700.0	55510.0	0.8	121.4	100.0	イノチオフローラ㈱	経費	情報機器利用料
202507	005000000	47	貸倒金	0.0	0.0	0.0	0.0	0.0	0.0	イノチオフローラ㈱	経費	貸倒金
202507	005000000	48	雑費	40000.0	100000.0	200.0	0.0	0.2	0.5	イノチオフローラ㈱	経費	雑費
202507	005000000	49	福利消耗品費	40000.0	60000.0	52082.0	0.8	86.8	130.2	イノチオフローラ㈱	経費	福利消耗品費
202507	005000000	50	教育研修費	3000.0	3000.0	2871.0	0.0	95.7	95.7	イノチオフローラ㈱	経費	教育研修費
202507	005000000	51	雑給	0.0	0.0	0.0	0.0	0.0	0.0	イノチオフローラ㈱	経費	雑給
202507	005000000	52	社内金利（固定資産）	0.0	0.0	0.0	0.0	0.0	0.0	イノチオフローラ㈱	経費	社内金利（固定資産）
202507	005000000	53	グループ共通	233000.0	233000.0	233000.0	3.5	100.0	100.0	イノチオフローラ㈱	経費	グループ共通
202507	005000000	54	差引収益	2997009.0	1547441.0	526863.0	8.1	34.0	17.5	イノチオフローラ㈱		
202507	005000000	55	差引比率	35.5	23.2	8.1		34.9	22.8	イノチオフローラ㈱		
202507	005000000	56	総時間	1277.5	1277.5	1350.75		105.7	105.7	イノチオフローラ㈱		
202507	005000000	57	定時間	1104.0	1104.0	1159.25		105.0	105.0	イノチオフローラ㈱	時間	
202507	005000000	58	残業時間	159.0	159.0	175.0		110.0	110.0	イノチオフローラ㈱	時間	
202507	005000000	59	移動時間	14.5	14.5	16.5		113.7	113.7	イノチオフローラ㈱	時間	
202507	005000000	60	当月時間当り	2345.9	1211.3	390.0		32.1	16.6	イノチオフローラ㈱		
202507	005000000	61	人員	6.0	6.0	6.0		100.0	100.0	イノチオフローラ㈱		
202508	005000000	1	総受注高	5100000.0	6333930.0	4426258.0		69.8	86.7	イノチオフローラ㈱	受注	
202508	005000000	2	総売上高	5100000.0	6333930.0	4426258.0		69.8	86.7	イノチオフローラ㈱		
202508	005000000	3	切り花売上	2658000.0	3910000.0	2039138.0	46.0	52.1	76.7	イノチオフローラ㈱	売上	
202508	005000000	4	研究受託売上   	2369000.0	2350930.0	2350930.0	53.1	100.0	99.2	イノチオフローラ㈱	売上	
202508	005000000	5	その他売上	73000.0	73000.0	36190.0	0.8	49.5	49.5	イノチオフローラ㈱	売上	
202508	005000000	6	堆肥売上            	0.0	0.0	0.0	0.0	0.0	0.0	イノチオフローラ㈱	売上	
202508	005000000	7	経費合計	4108991.0	5255971.0	4435054.0	100.1	84.3	107.9	イノチオフローラ㈱		
202508	005000000	8	種苗費	685000.0	478000.0	429360.0	9.7	89.8	62.6	イノチオフローラ㈱	経費	種苗費
202508	005000000	9	肥料費	24000.0	142000.0	157980.0	3.5	111.2	658.2	イノチオフローラ㈱	経費	肥料費
202508	005000000	10	培土費用	0.0	588000.0	635600.0	14.3	108.0	0.0	イノチオフローラ㈱	経費	培土費用
202508	005000000	11	農薬衛生費	1100000.0	1182380.0	1182413.0	26.7	100.0	107.4	イノチオフローラ㈱	経費	農薬衛生費
202508	005000000	12	農具費	20000.0	65000.0	58799.0	1.3	90.4	293.9	イノチオフローラ㈱	経費	農具費
202508	005000000	13	諸材料費	325000.0	570600.0	268260.0	6.0	47.0	82.5	イノチオフローラ㈱	経費	諸材料費
202508	005000000	14	その他仕入高	60000.0	60000.0	47968.0	1.0	79.9	79.9	イノチオフローラ㈱	経費	その他仕入高
202508	005000000	15	減価償却費	380481.0	380481.0	383931.0	8.6	100.9	100.9	イノチオフローラ㈱	経費	減価償却費
202508	005000000	16	車両費	165000.0	163000.0	135596.0	3.0	83.1	82.1	イノチオフローラ㈱	経費	車両費
202508	005000000	17	旅費交通費	15000.0	5000.0	0.0	0.0	0.0	0.0	イノチオフローラ㈱	経費	旅費交通費
202508	005000000	18	荷造運搬費	233000.0	450000.0	134767.0	3.0	29.9	57.8	イノチオフローラ㈱	経費	荷造運搬費
202508	005000000	19	通信費	40000.0	40000.0	41311.0	0.9	103.2	103.2	イノチオフローラ㈱	経費	通信費
202508	005000000	20	水道光熱費	185000.0	185000.0	111766.0	2.5	60.4	60.4	イノチオフローラ㈱	経費	水道光熱費
202508	005000000	21	動力費	380000.0	380000.0	375512.0	8.4	98.8	98.8	イノチオフローラ㈱	経費	動力費
202508	005000000	22	燃料費	0.0	0.0	0.0	0.0	0.0	0.0	イノチオフローラ㈱	経費	燃料費
202508	005000000	23	事務用品費	8000.0	8000.0	6609.0	0.1	82.6	82.6	イノチオフローラ㈱	経費	事務用品費
202508	005000000	24	消耗品費	15000.0	15000.0	539.0	0.0	3.5	3.5	イノチオフローラ㈱	経費	消耗品費
202508	005000000	25	廃棄物処理料	40000.0	40000.0	0.0	0.0	0.0	0.0	イノチオフローラ㈱	経費	廃棄物処理料
202508	005000000	26	広告宣伝費	0.0	0.0	0.0	0.0	0.0	0.0	イノチオフローラ㈱	経費	広告宣伝費
202508	005000000	27	接待交際費	0.0	0.0	4784.0	0.1	0.0	0.0	イノチオフローラ㈱	経費	接待交際費
202508	005000000	28	研究開発費	0.0	0.0	0.0	0.0	0.0	0.0	イノチオフローラ㈱	経費	研究開発費
202508	005000000	29	クレーム費	0.0	0.0	0.0	0.0	0.0	0.0	イノチオフローラ㈱	経費	クレーム費
202508	005000000	30	賃借料	0.0	0.0	0.0	0.0	0.0	0.0	イノチオフローラ㈱	経費	賃借料
202508	005000000	31	賃貸料収入	-10000.0	-10000.0	0.0	0.0	0.0	0.0	イノチオフローラ㈱	経費	賃貸料収入
202508	005000000	32	修繕費	60000.0	130000.0	76508.0	1.7	58.8	127.5	イノチオフローラ㈱	経費	修繕費
202508	005000000	33	支払リース料	5000.0	5000.0	4700.0	0.1	94.0	94.0	イノチオフローラ㈱	経費	支払リース料
202508	005000000	34	保険料	0.0	0.0	0.0	0.0	0.0	0.0	イノチオフローラ㈱	経費	保険料
202508	005000000	35	支払報酬	0.0	0.0	0.0	0.0	0.0	0.0	イノチオフローラ㈱	経費	支払報酬
202508	005000000	36	販売手数料	0.0	0.0	0.0	0.0	0.0	0.0	イノチオフローラ㈱	経費	販売手数料
202508	005000000	37	支払手数料	62000.0	62000.0	85105.0	1.9	137.2	137.2	イノチオフローラ㈱	経費	支払手数料
202508	005000000	38	診断料	0.0	0.0	0.0	0.0	0.0	0.0	イノチオフローラ㈱	経費	診断料
202508	005000000	39	諸会費	0.0	0.0	0.0	0.0	0.0	0.0	イノチオフローラ㈱	経費	諸会費
202508	005000000	40	会議費	0.0	0.0	0.0	0.0	0.0	0.0	イノチオフローラ㈱	経費	会議費
202508	005000000	41	寄付金	0.0	0.0	0.0	0.0	0.0	0.0	イノチオフローラ㈱	経費	寄付金
202508	005000000	42	租税公課	10000.0	10000.0	320.0	0.0	3.2	3.2	イノチオフローラ㈱	経費	租税公課
202508	005000000	43	業務委託費	0.0	0.0	0.0	0.0	0.0	0.0	イノチオフローラ㈱	経費	業務委託費
202508	005000000	44	業務受託収入	0.0	0.0	0.0	0.0	0.0	0.0	イノチオフローラ㈱	経費	業務受託収入
202508	005000000	45	システム管理料	0.0	0.0	0.0	0.0	0.0	0.0	イノチオフローラ㈱	経費	システム管理料
202508	005000000	46	情報機器利用料	55510.0	55510.0	55510.0	1.2	100.0	100.0	イノチオフローラ㈱	経費	情報機器利用料
202508	005000000	47	貸倒金	0.0	0.0	0.0	0.0	0.0	0.0	イノチオフローラ㈱	経費	貸倒金
202508	005000000	48	雑費	5000.0	5000.0	200.0	0.0	4.0	4.0	イノチオフローラ㈱	経費	雑費
202508	005000000	49	福利消耗品費	10000.0	10000.0	1645.0	0.0	16.4	16.4	イノチオフローラ㈱	経費	福利消耗品費
202508	005000000	50	教育研修費	3000.0	3000.0	2871.0	0.0	95.7	95.7	イノチオフローラ㈱	経費	教育研修費
202508	005000000	51	雑給	0.0	0.0	0.0	0.0	0.0	0.0	イノチオフローラ㈱	経費	雑給
202508	005000000	52	社内金利（固定資産）	0.0	0.0	0.0	0.0	0.0	0.0	イノチオフローラ㈱	経費	社内金利（固定資産）
202508	005000000	53	グループ共通	233000.0	233000.0	233000.0	5.2	100.0	100.0	イノチオフローラ㈱	経費	グループ共通
202508	005000000	54	差引収益	991009.0	1077959.0	-8796.0	0.0	0.0	0.0	イノチオフローラ㈱		
202508	005000000	55	差引比率	19.4	17.0	-0.1		0.0	0.0	イノチオフローラ㈱		
202508	005000000	56	総時間	1285.25	1285.25	1090.25		84.8	84.8	イノチオフローラ㈱		
202508	005000000	57	定時間	1104.0	1104.0	960.0		86.9	86.9	イノチオフローラ㈱	時間	
202508	005000000	58	残業時間	169.0	169.0	119.0		70.4	70.4	イノチオフローラ㈱	時間	
202508	005000000	59	移動時間	12.25	12.25	11.25		91.8	91.8	イノチオフローラ㈱	時間	
202508	005000000	60	当月時間当り	771.0	838.7	-8.0		0.0	0.0	イノチオフローラ㈱		
202508	005000000	61	人員	6.0	8.0	6.0		75.0	100.0	イノチオフローラ㈱		
202509	005000000	1	総受注高	22390000.0	23190000.0	20941777.0		90.3	93.5	イノチオフローラ㈱	受注	
202509	005000000	2	総売上高	22390000.0	23159000.0	20941777.0		90.4	93.5	イノチオフローラ㈱		
202509	005000000	3	切り花売上	4190000.0	4879000.0	2694031.0	12.8	55.2	64.2	イノチオフローラ㈱	売上	
202509	005000000	4	研究受託売上   	18145000.0	18240000.0	18240830.0	87.1	100.0	100.5	イノチオフローラ㈱	売上	
202509	005000000	5	その他売上	55000.0	40000.0	6916.0	0.0	17.2	12.5	イノチオフローラ㈱	売上	
202509	005000000	6	堆肥売上            	0.0	0.0	0.0	0.0	0.0	0.0	イノチオフローラ㈱	売上	
202509	005000000	7	経費合計	4540991.0	4549010.0	3723903.0	17.7	81.8	82.0	イノチオフローラ㈱		
202509	005000000	8	種苗費	80000.0	80000.0	0.0	0.0	0.0	0.0	イノチオフローラ㈱	経費	種苗費
202509	005000000	9	肥料費	307000.0	307000.0	0.0	0.0	0.0	0.0	イノチオフローラ㈱	経費	肥料費
202509	005000000	10	培土費用	0.0	0.0	0.0	0.0	0.0	0.0	イノチオフローラ㈱	経費	培土費用
202509	005000000	11	農薬衛生費	900000.0	950000.0	909062.0	4.3	95.6	101.0	イノチオフローラ㈱	経費	農薬衛生費
202509	005000000	12	農具費	20000.0	20000.0	25189.0	0.1	125.9	125.9	イノチオフローラ㈱	経費	農具費
202509	005000000	13	諸材料費	416000.0	172500.0	249070.0	1.1	144.3	59.8	イノチオフローラ㈱	経費	諸材料費
202509	005000000	14	その他仕入高	40000.0	58000.0	5197.0	0.0	8.9	12.9	イノチオフローラ㈱	経費	その他仕入高
202509	005000000	15	減価償却費	380481.0	390000.0	383931.0	1.8	98.4	100.9	イノチオフローラ㈱	経費	減価償却費
202509	005000000	16	車両費	110000.0	110000.0	129317.0	0.6	117.5	117.5	イノチオフローラ㈱	経費	車両費
202509	005000000	17	旅費交通費	15000.0	10000.0	382.0	0.0	3.8	2.5	イノチオフローラ㈱	経費	旅費交通費
202509	005000000	18	荷造運搬費	421000.0	550000.0	304448.0	1.4	55.3	72.3	イノチオフローラ㈱	経費	荷造運搬費
202509	005000000	19	通信費	44000.0	42000.0	42480.0	0.2	101.1	96.5	イノチオフローラ㈱	経費	通信費
202509	005000000	20	水道光熱費	225000.0	222000.0	406387.0	1.9	183.0	180.6	イノチオフローラ㈱	経費	水道光熱費
202509	005000000	21	動力費	420000.0	420000.0	118859.0	0.5	28.2	28.2	イノチオフローラ㈱	経費	動力費
202509	005000000	22	燃料費	0.0	0.0	0.0	0.0	0.0	0.0	イノチオフローラ㈱	経費	燃料費
202509	005000000	23	事務用品費	5000.0	5000.0	4992.0	0.0	99.8	99.8	イノチオフローラ㈱	経費	事務用品費
202509	005000000	24	消耗品費	20000.0	10000.0	12521.0	0.0	125.2	62.6	イノチオフローラ㈱	経費	消耗品費
202509	005000000	25	廃棄物処理料	0.0	65000.0	0.0	0.0	0.0	0.0	イノチオフローラ㈱	経費	廃棄物処理料
202509	005000000	26	広告宣伝費	0.0	0.0	0.0	0.0	0.0	0.0	イノチオフローラ㈱	経費	広告宣伝費
202509	005000000	27	接待交際費	0.0	0.0	0.0	0.0	0.0	0.0	イノチオフローラ㈱	経費	接待交際費
202509	005000000	28	研究開発費	0.0	0.0	0.0	0.0	0.0	0.0	イノチオフローラ㈱	経費	研究開発費
202509	005000000	29	クレーム費	0.0	0.0	0.0	0.0	0.0	0.0	イノチオフローラ㈱	経費	クレーム費
202509	005000000	30	賃借料	0.0	0.0	0.0	0.0	0.0	0.0	イノチオフローラ㈱	経費	賃借料
202509	005000000	31	賃貸料収入	-10000.0	-10000.0	0.0	0.0	0.0	0.0	イノチオフローラ㈱	経費	賃貸料収入
202509	005000000	32	修繕費	195000.0	195000.0	173414.0	0.8	88.9	88.9	イノチオフローラ㈱	経費	修繕費
202509	005000000	33	支払リース料	5000.0	5000.0	4700.0	0.0	94.0	94.0	イノチオフローラ㈱	経費	支払リース料
202509	005000000	34	保険料	0.0	0.0	0.0	0.0	0.0	0.0	イノチオフローラ㈱	経費	保険料
202509	005000000	35	支払報酬	0.0	0.0	0.0	0.0	0.0	0.0	イノチオフローラ㈱	経費	支払報酬
202509	005000000	36	販売手数料	0.0	0.0	0.0	0.0	0.0	0.0	イノチオフローラ㈱	経費	販売手数料
202509	005000000	37	支払手数料	23000.0	23000.0	40160.0	0.1	174.6	174.6	イノチオフローラ㈱	経費	支払手数料
202509	005000000	38	診断料	15000.0	15000.0	0.0	0.0	0.0	0.0	イノチオフローラ㈱	経費	診断料
202509	005000000	39	諸会費	0.0	0.0	0.0	0.0	0.0	0.0	イノチオフローラ㈱	経費	諸会費
202509	005000000	40	会議費	0.0	0.0	0.0	0.0	0.0	0.0	イノチオフローラ㈱	経費	会議費
202509	005000000	41	寄付金	0.0	0.0	0.0	0.0	0.0	0.0	イノチオフローラ㈱	経費	寄付金
202509	005000000	42	租税公課	603000.0	603000.0	606444.0	2.8	100.5	100.5	イノチオフローラ㈱	経費	租税公課
202509	005000000	43	業務委託費	0.0	0.0	0.0	0.0	0.0	0.0	イノチオフローラ㈱	経費	業務委託費
202509	005000000	44	業務受託収入	0.0	0.0	0.0	0.0	0.0	0.0	イノチオフローラ㈱	経費	業務受託収入
202509	005000000	45	システム管理料	0.0	0.0	0.0	0.0	0.0	0.0	イノチオフローラ㈱	経費	システム管理料
202509	005000000	46	情報機器利用料	55510.0	55510.0	55510.0	0.2	100.0	100.0	イノチオフローラ㈱	経費	情報機器利用料
202509	005000000	47	貸倒金	0.0	0.0	0.0	0.0	0.0	0.0	イノチオフローラ㈱	経費	貸倒金
202509	005000000	48	雑費	5000.0	5000.0	201.0	0.0	4.0	4.0	イノチオフローラ㈱	経費	雑費
202509	005000000	49	福利消耗品費	10000.0	10000.0	10668.0	0.0	106.6	106.6	イノチオフローラ㈱	経費	福利消耗品費
202509	005000000	50	教育研修費	3000.0	3000.0	7971.0	0.0	265.7	265.7	イノチオフローラ㈱	経費	教育研修費
202509	005000000	51	雑給	0.0	0.0	0.0	0.0	0.0	0.0	イノチオフローラ㈱	経費	雑給
202509	005000000	52	社内金利（固定資産）	0.0	0.0	0.0	0.0	0.0	0.0	イノチオフローラ㈱	経費	社内金利（固定資産）
202509	005000000	53	グループ共通	233000.0	233000.0	233000.0	1.1	100.0	100.0	イノチオフローラ㈱	経費	グループ共通
202509	005000000	54	差引収益	17849009.0	18609990.0	17217874.0	82.2	92.5	96.4	イノチオフローラ㈱		
202509	005000000	55	差引比率	79.7	80.3	82.2		102.3	103.1	イノチオフローラ㈱		
202509	005000000	56	総時間	1156.5	1156.5	1184.25		102.3	102.3	イノチオフローラ㈱		
202509	005000000	57	定時間	1008.0	1008.0	1048.0		103.9	103.9	イノチオフローラ㈱	時間	
202509	005000000	58	残業時間	135.0	135.0	120.75		89.4	89.4	イノチオフローラ㈱	時間	
202509	005000000	59	移動時間	13.5	13.5	15.5		114.8	114.8	イノチオフローラ㈱	時間	
202509	005000000	60	当月時間当り	15433.6	16091.6	14539.0		90.3	94.2	イノチオフローラ㈱		
202509	005000000	61	人員	6.0	6.0	6.0		100.0	100.0	イノチオフローラ㈱		
202510	005000000	1	総受注高	8050000.0	7697365.0	6764010.0		87.8	84.0	イノチオフローラ㈱	受注	
202510	005000000	2	総売上高	8050000.0	7697365.0	6764010.0		87.8	84.0	イノチオフローラ㈱		
202510	005000000	3	切り花売上	3280000.0	2900000.0	1908944.0	28.2	65.8	58.1	イノチオフローラ㈱	売上	
202510	005000000	4	研究受託売上   	4746000.0	4757365.0	4757366.0	70.3	100.0	100.2	イノチオフローラ㈱	売上	
202510	005000000	5	その他売上	24000.0	40000.0	97700.0	1.4	244.2	407.0	イノチオフローラ㈱	売上	
202510	005000000	6	堆肥売上            	0.0	0.0	0.0	0.0	0.0	0.0	イノチオフローラ㈱	売上	
202510	005000000	7	経費合計	5442991.0	4712161.0	4666270.0	68.9	99.0	85.7	イノチオフローラ㈱		
202510	005000000	8	種苗費	314000.0	274470.0	397980.0	5.8	144.9	126.7	イノチオフローラ㈱	経費	種苗費
202510	005000000	9	肥料費	141000.0	0.0	0.0	0.0	0.0	0.0	イノチオフローラ㈱	経費	肥料費
202510	005000000	10	培土費用	0.0	0.0	0.0	0.0	0.0	0.0	イノチオフローラ㈱	経費	培土費用
202510	005000000	11	農薬衛生費	700000.0	728000.0	736999.0	10.8	101.2	105.2	イノチオフローラ㈱	経費	農薬衛生費
202510	005000000	12	農具費	335000.0	335200.0	268700.0	3.9	80.1	80.2	イノチオフローラ㈱	経費	農具費
202510	005000000	13	諸材料費	172000.0	172500.0	126919.0	1.8	73.5	73.7	イノチオフローラ㈱	経費	諸材料費
202510	005000000	14	その他仕入高	0.0	0.0	67116.0	0.9	0.0	0.0	イノチオフローラ㈱	経費	その他仕入高
202510	005000000	15	減価償却費	380481.0	383481.0	383931.0	5.6	100.1	100.9	イノチオフローラ㈱	経費	減価償却費
202510	005000000	16	車両費	269000.0	193000.0	153375.0	2.2	79.4	57.0	イノチオフローラ㈱	経費	車両費
202510	005000000	17	旅費交通費	10000.0	40000.0	0.0	0.0	0.0	0.0	イノチオフローラ㈱	経費	旅費交通費
202510	005000000	18	荷造運搬費	253000.0	253000.0	241888.0	3.5	95.6	95.6	イノチオフローラ㈱	経費	荷造運搬費
202510	005000000	19	通信費	42000.0	42000.0	41292.0	0.6	98.3	98.3	イノチオフローラ㈱	経費	通信費
202510	005000000	20	水道光熱費	245000.0	245000.0	-97862.0	0.0	0.0	0.0	イノチオフローラ㈱	経費	水道光熱費
202510	005000000	21	動力費	375000.0	375000.0	609667.0	9.0	162.5	162.5	イノチオフローラ㈱	経費	動力費
202510	005000000	22	燃料費	800000.0	800000.0	934000.0	13.8	116.7	116.7	イノチオフローラ㈱	経費	燃料費
202510	005000000	23	事務用品費	8000.0	5000.0	885.0	0.0	17.7	11.0	イノチオフローラ㈱	経費	事務用品費
202510	005000000	24	消耗品費	15000.0	10000.0	11488.0	0.1	114.8	76.5	イノチオフローラ㈱	経費	消耗品費
202510	005000000	25	廃棄物処理料	60000.0	60000.0	0.0	0.0	0.0	0.0	イノチオフローラ㈱	経費	廃棄物処理料
202510	005000000	26	広告宣伝費	0.0	0.0	0.0	0.0	0.0	0.0	イノチオフローラ㈱	経費	広告宣伝費
202510	005000000	27	接待交際費	0.0	0.0	0.0	0.0	0.0	0.0	イノチオフローラ㈱	経費	接待交際費
202510	005000000	28	研究開発費	0.0	0.0	0.0	0.0	0.0	0.0	イノチオフローラ㈱	経費	研究開発費
202510	005000000	29	クレーム費	0.0	0.0	0.0	0.0	0.0	0.0	イノチオフローラ㈱	経費	クレーム費
202510	005000000	30	賃借料	0.0	0.0	0.0	0.0	0.0	0.0	イノチオフローラ㈱	経費	賃借料
202510	005000000	31	賃貸料収入	-20000.0	-20000.0	0.0	0.0	0.0	0.0	イノチオフローラ㈱	経費	賃貸料収入
202510	005000000	32	修繕費	460000.0	60000.0	36264.0	0.5	60.4	7.8	イノチオフローラ㈱	経費	修繕費
202510	005000000	33	支払リース料	5000.0	5000.0	4700.0	0.0	94.0	94.0	イノチオフローラ㈱	経費	支払リース料
202510	005000000	34	保険料	0.0	0.0	0.0	0.0	0.0	0.0	イノチオフローラ㈱	経費	保険料
202510	005000000	35	支払報酬	0.0	0.0	0.0	0.0	0.0	0.0	イノチオフローラ㈱	経費	支払報酬
202510	005000000	36	販売手数料	478000.0	350000.0	330830.0	4.8	94.5	69.2	イノチオフローラ㈱	経費	販売手数料
202510	005000000	37	支払手数料	20000.0	20000.0	34788.0	0.5	173.9	173.9	イノチオフローラ㈱	経費	支払手数料
202510	005000000	38	診断料	0.0	0.0	0.0	0.0	0.0	0.0	イノチオフローラ㈱	経費	診断料
202510	005000000	39	諸会費	0.0	0.0	75000.0	1.1	0.0	0.0	イノチオフローラ㈱	経費	諸会費
202510	005000000	40	会議費	0.0	0.0	0.0	0.0	0.0	0.0	イノチオフローラ㈱	経費	会議費
202510	005000000	41	寄付金	0.0	0.0	0.0	0.0	0.0	0.0	イノチオフローラ㈱	経費	寄付金
202510	005000000	42	租税公課	10000.0	10000.0	0.0	0.0	0.0	0.0	イノチオフローラ㈱	経費	租税公課
202510	005000000	43	業務委託費	0.0	0.0	0.0	0.0	0.0	0.0	イノチオフローラ㈱	経費	業務委託費
202510	005000000	44	業務受託収入	0.0	0.0	0.0	0.0	0.0	0.0	イノチオフローラ㈱	経費	業務受託収入
202510	005000000	45	システム管理料	0.0	0.0	0.0	0.0	0.0	0.0	イノチオフローラ㈱	経費	システム管理料
202510	005000000	46	情報機器利用料	55510.0	55510.0	55510.0	0.8	100.0	100.0	イノチオフローラ㈱	経費	情報機器利用料
202510	005000000	47	貸倒金	0.0	0.0	0.0	0.0	0.0	0.0	イノチオフローラ㈱	経費	貸倒金
202510	005000000	48	雑費	5000.0	5000.0	202.0	0.0	4.0	4.0	イノチオフローラ㈱	経費	雑費
202510	005000000	49	福利消耗品費	74000.0	74000.0	0.0	0.0	0.0	0.0	イノチオフローラ㈱	経費	福利消耗品費
202510	005000000	50	教育研修費	3000.0	3000.0	19598.0	0.2	653.2	653.2	イノチオフローラ㈱	経費	教育研修費
202510	005000000	51	雑給	0.0	0.0	0.0	0.0	0.0	0.0	イノチオフローラ㈱	経費	雑給
202510	005000000	52	社内金利（固定資産）	0.0	0.0	0.0	0.0	0.0	0.0	イノチオフローラ㈱	経費	社内金利（固定資産）
202510	005000000	53	グループ共通	233000.0	233000.0	233000.0	3.4	100.0	100.0	イノチオフローラ㈱	経費	グループ共通
202510	005000000	54	差引収益	2607009.0	2985204.0	2097740.0	31.0	70.2	80.4	イノチオフローラ㈱		
202510	005000000	55	差引比率	32.3	38.7	31.0		80.1	95.9	イノチオフローラ㈱		
202510	005000000	56	総時間	1208.0	1184.0	1217.25		102.8	100.7	イノチオフローラ㈱		
202510	005000000	57	定時間	1056.0	1056.0	1078.0		102.0	102.0	イノチオフローラ㈱	時間	
202510	005000000	58	残業時間	138.0	114.0	126.25		110.7	91.4	イノチオフローラ㈱	時間	
202510	005000000	59	移動時間	14.0	14.0	13.0		92.8	92.8	イノチオフローラ㈱	時間	
202510	005000000	60	当月時間当り	2158.1	2521.2	1723.3		68.3	79.8	イノチオフローラ㈱		
202510	005000000	61	人員	6.0	6.0	6.0		100.0	100.0	イノチオフローラ㈱		
202204	005090200	1	総受注高	0.0	0.0	0.0		0.0	0.0	本社収支	受注	
202204	005090200	2	総売上高	0.0	0.0	0.0		0.0	0.0	本社収支		
202204	005090200	3	切り花売上	0.0	0.0	0.0	0.0	0.0	0.0	本社収支	売上	
202204	005090200	4	研究受託売上   	0.0	0.0	0.0	0.0	0.0	0.0	本社収支	売上	
202204	005090200	5	その他売上	0.0	0.0	0.0	0.0	0.0	0.0	本社収支	売上	
202204	005090200	6	堆肥売上            	0.0	0.0	0.0	0.0	0.0	0.0	本社収支	売上	
202204	005090200	7	経費合計	-100767.0	-100767.0	-112437.0	0.0	0.0	0.0	本社収支		
202204	005090200	8	種苗費	0.0	0.0	0.0	0.0	0.0	0.0	本社収支	経費	種苗費
202204	005090200	9	肥料費	0.0	0.0	0.0	0.0	0.0	0.0	本社収支	経費	肥料費
202204	005090200	10	培土費用	0.0	0.0	0.0	0.0	0.0	0.0	本社収支	経費	培土費用
202204	005090200	11	農薬衛生費	0.0	0.0	0.0	0.0	0.0	0.0	本社収支	経費	農薬衛生費
202204	005090200	12	農具費	0.0	0.0	0.0	0.0	0.0	0.0	本社収支	経費	農具費
202204	005090200	13	諸材料費	0.0	0.0	0.0	0.0	0.0	0.0	本社収支	経費	諸材料費
202204	005090200	14	その他仕入高	0.0	0.0	0.0	0.0	0.0	0.0	本社収支	経費	その他仕入高
202204	005090200	15	減価償却費	0.0	0.0	0.0	0.0	0.0	0.0	本社収支	経費	減価償却費
202204	005090200	16	車両費	0.0	0.0	0.0	0.0	0.0	0.0	本社収支	経費	車両費
202204	005090200	17	旅費交通費	0.0	0.0	0.0	0.0	0.0	0.0	本社収支	経費	旅費交通費
202204	005090200	18	荷造運搬費	0.0	0.0	0.0	0.0	0.0	0.0	本社収支	経費	荷造運搬費
202204	005090200	19	通信費	0.0	0.0	0.0	0.0	0.0	0.0	本社収支	経費	通信費
202204	005090200	20	水道光熱費	0.0	0.0	0.0	0.0	0.0	0.0	本社収支	経費	水道光熱費
202204	005090200	21	動力費	0.0	0.0	0.0	0.0	0.0	0.0	本社収支	経費	動力費
202204	005090200	22	燃料費	0.0	0.0	0.0	0.0	0.0	0.0	本社収支	経費	燃料費
202204	005090200	23	事務用品費	0.0	0.0	0.0	0.0	0.0	0.0	本社収支	経費	事務用品費
202204	005090200	24	消耗品費	0.0	0.0	0.0	0.0	0.0	0.0	本社収支	経費	消耗品費
202204	005090200	25	廃棄物処理料	0.0	0.0	0.0	0.0	0.0	0.0	本社収支	経費	廃棄物処理料
202204	005090200	26	広告宣伝費	0.0	0.0	0.0	0.0	0.0	0.0	本社収支	経費	広告宣伝費
202204	005090200	27	接待交際費	0.0	0.0	0.0	0.0	0.0	0.0	本社収支	経費	接待交際費
202204	005090200	28	研究開発費	0.0	0.0	0.0	0.0	0.0	0.0	本社収支	経費	研究開発費
202204	005090200	29	クレーム費	0.0	0.0	0.0	0.0	0.0	0.0	本社収支	経費	クレーム費
202204	005090200	30	賃借料	0.0	0.0	0.0	0.0	0.0	0.0	本社収支	経費	賃借料
202204	005090200	31	賃貸料収入	0.0	0.0	0.0	0.0	0.0	0.0	本社収支	経費	賃貸料収入
202204	005090200	32	修繕費	0.0	0.0	0.0	0.0	0.0	0.0	本社収支	経費	修繕費
202204	005090200	33	支払リース料	0.0	0.0	0.0	0.0	0.0	0.0	本社収支	経費	支払リース料
202204	005090200	34	保険料	0.0	0.0	0.0	0.0	0.0	0.0	本社収支	経費	保険料
202204	005090200	35	支払報酬	0.0	0.0	0.0	0.0	0.0	0.0	本社収支	経費	支払報酬
202204	005090200	36	販売手数料	0.0	0.0	0.0	0.0	0.0	0.0	本社収支	経費	販売手数料
202204	005090200	37	支払手数料	0.0	0.0	0.0	0.0	0.0	0.0	本社収支	経費	支払手数料
202204	005090200	38	診断料	0.0	0.0	0.0	0.0	0.0	0.0	本社収支	経費	診断料
202204	005090200	39	諸会費	0.0	0.0	0.0	0.0	0.0	0.0	本社収支	経費	諸会費
202204	005090200	40	会議費	0.0	0.0	0.0	0.0	0.0	0.0	本社収支	経費	会議費
202204	005090200	41	寄付金	0.0	0.0	0.0	0.0	0.0	0.0	本社収支	経費	寄付金
202204	005090200	42	租税公課	0.0	0.0	0.0	0.0	0.0	0.0	本社収支	経費	租税公課
202204	005090200	43	業務委託費	0.0	0.0	0.0	0.0	0.0	0.0	本社収支	経費	業務委託費
202204	005090200	44	業務受託収入	0.0	0.0	0.0	0.0	0.0	0.0	本社収支	経費	業務受託収入
202204	005090200	45	システム管理料	0.0	0.0	0.0	0.0	0.0	0.0	本社収支	経費	システム管理料
202204	005090200	46	情報機器利用料	0.0	0.0	0.0	0.0	0.0	0.0	本社収支	経費	情報機器利用料
202204	005090200	47	貸倒金	0.0	0.0	0.0	0.0	0.0	0.0	本社収支	経費	貸倒金
202204	005090200	48	雑費	0.0	0.0	0.0	0.0	0.0	0.0	本社収支	経費	雑費
202204	005090200	49	福利消耗品費	0.0	0.0	0.0	0.0	0.0	0.0	本社収支	経費	福利消耗品費
202204	005090200	50	教育研修費	0.0	0.0	0.0	0.0	0.0	0.0	本社収支	経費	教育研修費
202204	005090200	51	雑給	0.0	0.0	0.0	0.0	0.0	0.0	本社収支	経費	雑給
202204	005090200	52	社内金利（固定資産）	-100767.0	-100767.0	-112437.0	0.0	0.0	0.0	本社収支	経費	社内金利（固定資産）
202204	005090200	53	グループ共通	0.0	0.0	0.0	0.0	0.0	0.0	本社収支	経費	グループ共通
202204	005090200	54	差引収益	100767.0	100767.0	112437.0	0.0	111.5	111.5	本社収支		
202204	005090200	55	差引比率	0.0	0.0	0.0		0.0	0.0	本社収支		
202204	005090200	56	総時間	12.25	12.25	11.75		95.9	95.9	本社収支		
202204	005090200	57	定時間	0.0	0.0	0.0		0.0	0.0	本社収支	時間	
202204	005090200	58	残業時間	0.0	0.0	0.0		0.0	0.0	本社収支	時間	
202204	005090200	59	移動時間	12.25	12.25	11.75		95.9	95.9	本社収支	時間	
202204	005090200	60	当月時間当り	8225.8	8225.8	9569.1		116.3	116.3	本社収支		
202204	005090200	61	人員	0.0	0.0	0.0		0.0	0.0	本社収支		
202205	005090200	1	総受注高	0.0	0.0	0.0		0.0	0.0	本社収支	受注	
202205	005090200	2	総売上高	0.0	0.0	0.0		0.0	0.0	本社収支		
202205	005090200	3	切り花売上	0.0	0.0	0.0	0.0	0.0	0.0	本社収支	売上	
202205	005090200	4	研究受託売上   	0.0	0.0	0.0	0.0	0.0	0.0	本社収支	売上	
202205	005090200	5	その他売上	0.0	0.0	0.0	0.0	0.0	0.0	本社収支	売上	
202205	005090200	6	堆肥売上            	0.0	0.0	0.0	0.0	0.0	0.0	本社収支	売上	
202205	005090200	7	経費合計	-97468.0	-97468.0	-119885.0	0.0	0.0	0.0	本社収支		
202205	005090200	8	種苗費	0.0	0.0	0.0	0.0	0.0	0.0	本社収支	経費	種苗費
202205	005090200	9	肥料費	0.0	0.0	0.0	0.0	0.0	0.0	本社収支	経費	肥料費
202205	005090200	10	培土費用	0.0	0.0	0.0	0.0	0.0	0.0	本社収支	経費	培土費用
202205	005090200	11	農薬衛生費	0.0	0.0	0.0	0.0	0.0	0.0	本社収支	経費	農薬衛生費
202205	005090200	12	農具費	0.0	0.0	0.0	0.0	0.0	0.0	本社収支	経費	農具費
202205	005090200	13	諸材料費	0.0	0.0	0.0	0.0	0.0	0.0	本社収支	経費	諸材料費
202205	005090200	14	その他仕入高	0.0	0.0	0.0	0.0	0.0	0.0	本社収支	経費	その他仕入高
202205	005090200	15	減価償却費	0.0	0.0	0.0	0.0	0.0	0.0	本社収支	経費	減価償却費
202205	005090200	16	車両費	0.0	0.0	0.0	0.0	0.0	0.0	本社収支	経費	車両費
202205	005090200	17	旅費交通費	0.0	0.0	0.0	0.0	0.0	0.0	本社収支	経費	旅費交通費
202205	005090200	18	荷造運搬費	0.0	0.0	0.0	0.0	0.0	0.0	本社収支	経費	荷造運搬費
202205	005090200	19	通信費	0.0	0.0	0.0	0.0	0.0	0.0	本社収支	経費	通信費
202205	005090200	20	水道光熱費	0.0	0.0	0.0	0.0	0.0	0.0	本社収支	経費	水道光熱費
202205	005090200	21	動力費	0.0	0.0	0.0	0.0	0.0	0.0	本社収支	経費	動力費
202205	005090200	22	燃料費	0.0	0.0	0.0	0.0	0.0	0.0	本社収支	経費	燃料費
202205	005090200	23	事務用品費	0.0	0.0	0.0	0.0	0.0	0.0	本社収支	経費	事務用品費
202205	005090200	24	消耗品費	0.0	0.0	0.0	0.0	0.0	0.0	本社収支	経費	消耗品費
202205	005090200	25	廃棄物処理料	0.0	0.0	0.0	0.0	0.0	0.0	本社収支	経費	廃棄物処理料
202205	005090200	26	広告宣伝費	0.0	0.0	0.0	0.0	0.0	0.0	本社収支	経費	広告宣伝費
202205	005090200	27	接待交際費	0.0	0.0	0.0	0.0	0.0	0.0	本社収支	経費	接待交際費
202205	005090200	28	研究開発費	0.0	0.0	0.0	0.0	0.0	0.0	本社収支	経費	研究開発費
202205	005090200	29	クレーム費	0.0	0.0	0.0	0.0	0.0	0.0	本社収支	経費	クレーム費
202205	005090200	30	賃借料	0.0	0.0	0.0	0.0	0.0	0.0	本社収支	経費	賃借料
202205	005090200	31	賃貸料収入	0.0	0.0	0.0	0.0	0.0	0.0	本社収支	経費	賃貸料収入
202205	005090200	32	修繕費	0.0	0.0	0.0	0.0	0.0	0.0	本社収支	経費	修繕費
202205	005090200	33	支払リース料	0.0	0.0	0.0	0.0	0.0	0.0	本社収支	経費	支払リース料
202205	005090200	34	保険料	0.0	0.0	0.0	0.0	0.0	0.0	本社収支	経費	保険料
202205	005090200	35	支払報酬	0.0	0.0	0.0	0.0	0.0	0.0	本社収支	経費	支払報酬
202205	005090200	36	販売手数料	0.0	0.0	0.0	0.0	0.0	0.0	本社収支	経費	販売手数料
202205	005090200	37	支払手数料	0.0	0.0	0.0	0.0	0.0	0.0	本社収支	経費	支払手数料
202205	005090200	38	診断料	0.0	0.0	0.0	0.0	0.0	0.0	本社収支	経費	診断料
202205	005090200	39	諸会費	0.0	0.0	0.0	0.0	0.0	0.0	本社収支	経費	諸会費
202205	005090200	40	会議費	0.0	0.0	0.0	0.0	0.0	0.0	本社収支	経費	会議費
202205	005090200	41	寄付金	0.0	0.0	0.0	0.0	0.0	0.0	本社収支	経費	寄付金
202205	005090200	42	租税公課	0.0	0.0	0.0	0.0	0.0	0.0	本社収支	経費	租税公課
202205	005090200	43	業務委託費	0.0	0.0	0.0	0.0	0.0	0.0	本社収支	経費	業務委託費
202205	005090200	44	業務受託収入	0.0	0.0	0.0	0.0	0.0	0.0	本社収支	経費	業務受託収入
202205	005090200	45	システム管理料	0.0	0.0	0.0	0.0	0.0	0.0	本社収支	経費	システム管理料
202205	005090200	46	情報機器利用料	0.0	0.0	0.0	0.0	0.0	0.0	本社収支	経費	情報機器利用料
202205	005090200	47	貸倒金	0.0	0.0	0.0	0.0	0.0	0.0	本社収支	経費	貸倒金
202205	005090200	48	雑費	0.0	0.0	0.0	0.0	0.0	0.0	本社収支	経費	雑費
202205	005090200	49	福利消耗品費	0.0	0.0	0.0	0.0	0.0	0.0	本社収支	経費	福利消耗品費
202205	005090200	50	教育研修費	0.0	0.0	0.0	0.0	0.0	0.0	本社収支	経費	教育研修費
202205	005090200	51	雑給	0.0	0.0	0.0	0.0	0.0	0.0	本社収支	経費	雑給
202205	005090200	52	社内金利（固定資産）	-97468.0	-97468.0	-119885.0	0.0	0.0	0.0	本社収支	経費	社内金利（固定資産）
202205	005090200	53	グループ共通	0.0	0.0	0.0	0.0	0.0	0.0	本社収支	経費	グループ共通
202205	005090200	54	差引収益	97468.0	97468.0	119885.0	0.0	122.9	122.9	本社収支		
202205	005090200	55	差引比率	0.0	0.0	0.0		0.0	0.0	本社収支		
202205	005090200	56	総時間	11.75	11.75	11.25		95.7	95.7	本社収支		
202205	005090200	57	定時間	0.0	0.0	0.0		0.0	0.0	本社収支	時間	
202205	005090200	58	残業時間	0.0	0.0	0.0		0.0	0.0	本社収支	時間	
202205	005090200	59	移動時間	11.75	11.75	11.25		95.7	95.7	本社収支	時間	
202205	005090200	60	当月時間当り	8295.1	8295.1	10656.4		128.4	128.4	本社収支		
202205	005090200	61	人員	0.0	0.0	0.0		0.0	0.0	本社収支		
202206	005090200	1	総受注高	0.0	0.0	0.0		0.0	0.0	本社収支	受注	
202206	005090200	2	総売上高	0.0	0.0	0.0		0.0	0.0	本社収支		
202206	005090200	3	切り花売上	0.0	0.0	0.0	0.0	0.0	0.0	本社収支	売上	
202206	005090200	4	研究受託売上   	0.0	0.0	0.0	0.0	0.0	0.0	本社収支	売上	
202206	005090200	5	その他売上	0.0	0.0	0.0	0.0	0.0	0.0	本社収支	売上	
202206	005090200	6	堆肥売上            	0.0	0.0	0.0	0.0	0.0	0.0	本社収支	売上	
202206	005090200	7	経費合計	-94169.0	-94169.0	-117748.0	0.0	0.0	0.0	本社収支		
202206	005090200	8	種苗費	0.0	0.0	0.0	0.0	0.0	0.0	本社収支	経費	種苗費
202206	005090200	9	肥料費	0.0	0.0	0.0	0.0	0.0	0.0	本社収支	経費	肥料費
202206	005090200	10	培土費用	0.0	0.0	0.0	0.0	0.0	0.0	本社収支	経費	培土費用
202206	005090200	11	農薬衛生費	0.0	0.0	0.0	0.0	0.0	0.0	本社収支	経費	農薬衛生費
202206	005090200	12	農具費	0.0	0.0	0.0	0.0	0.0	0.0	本社収支	経費	農具費
202206	005090200	13	諸材料費	0.0	0.0	0.0	0.0	0.0	0.0	本社収支	経費	諸材料費
202206	005090200	14	その他仕入高	0.0	0.0	0.0	0.0	0.0	0.0	本社収支	経費	その他仕入高
202206	005090200	15	減価償却費	0.0	0.0	0.0	0.0	0.0	0.0	本社収支	経費	減価償却費
202206	005090200	16	車両費	0.0	0.0	0.0	0.0	0.0	0.0	本社収支	経費	車両費
202206	005090200	17	旅費交通費	0.0	0.0	0.0	0.0	0.0	0.0	本社収支	経費	旅費交通費
202206	005090200	18	荷造運搬費	0.0	0.0	0.0	0.0	0.0	0.0	本社収支	経費	荷造運搬費
202206	005090200	19	通信費	0.0	0.0	0.0	0.0	0.0	0.0	本社収支	経費	通信費
202206	005090200	20	水道光熱費	0.0	0.0	0.0	0.0	0.0	0.0	本社収支	経費	水道光熱費
202206	005090200	21	動力費	0.0	0.0	0.0	0.0	0.0	0.0	本社収支	経費	動力費
202206	005090200	22	燃料費	0.0	0.0	0.0	0.0	0.0	0.0	本社収支	経費	燃料費
202206	005090200	23	事務用品費	0.0	0.0	0.0	0.0	0.0	0.0	本社収支	経費	事務用品費
202206	005090200	24	消耗品費	0.0	0.0	0.0	0.0	0.0	0.0	本社収支	経費	消耗品費
202206	005090200	25	廃棄物処理料	0.0	0.0	0.0	0.0	0.0	0.0	本社収支	経費	廃棄物処理料
202206	005090200	26	広告宣伝費	0.0	0.0	0.0	0.0	0.0	0.0	本社収支	経費	広告宣伝費
202206	005090200	27	接待交際費	0.0	0.0	0.0	0.0	0.0	0.0	本社収支	経費	接待交際費
202206	005090200	28	研究開発費	0.0	0.0	0.0	0.0	0.0	0.0	本社収支	経費	研究開発費
202206	005090200	29	クレーム費	0.0	0.0	0.0	0.0	0.0	0.0	本社収支	経費	クレーム費
202206	005090200	30	賃借料	0.0	0.0	0.0	0.0	0.0	0.0	本社収支	経費	賃借料
202206	005090200	31	賃貸料収入	0.0	0.0	0.0	0.0	0.0	0.0	本社収支	経費	賃貸料収入
202206	005090200	32	修繕費	0.0	0.0	0.0	0.0	0.0	0.0	本社収支	経費	修繕費
202206	005090200	33	支払リース料	0.0	0.0	0.0	0.0	0.0	0.0	本社収支	経費	支払リース料
202206	005090200	34	保険料	0.0	0.0	0.0	0.0	0.0	0.0	本社収支	経費	保険料
202206	005090200	35	支払報酬	0.0	0.0	0.0	0.0	0.0	0.0	本社収支	経費	支払報酬
202206	005090200	36	販売手数料	0.0	0.0	0.0	0.0	0.0	0.0	本社収支	経費	販売手数料
202206	005090200	37	支払手数料	0.0	0.0	0.0	0.0	0.0	0.0	本社収支	経費	支払手数料
202206	005090200	38	診断料	0.0	0.0	0.0	0.0	0.0	0.0	本社収支	経費	診断料
202206	005090200	39	諸会費	0.0	0.0	0.0	0.0	0.0	0.0	本社収支	経費	諸会費
202206	005090200	40	会議費	0.0	0.0	0.0	0.0	0.0	0.0	本社収支	経費	会議費
202206	005090200	41	寄付金	0.0	0.0	0.0	0.0	0.0	0.0	本社収支	経費	寄付金
202206	005090200	42	租税公課	0.0	0.0	0.0	0.0	0.0	0.0	本社収支	経費	租税公課
202206	005090200	43	業務委託費	0.0	0.0	0.0	0.0	0.0	0.0	本社収支	経費	業務委託費
202206	005090200	44	業務受託収入	0.0	0.0	0.0	0.0	0.0	0.0	本社収支	経費	業務受託収入
202206	005090200	45	システム管理料	0.0	0.0	0.0	0.0	0.0	0.0	本社収支	経費	システム管理料
202206	005090200	46	情報機器利用料	0.0	0.0	0.0	0.0	0.0	0.0	本社収支	経費	情報機器利用料
202206	005090200	47	貸倒金	0.0	0.0	0.0	0.0	0.0	0.0	本社収支	経費	貸倒金
202206	005090200	48	雑費	0.0	0.0	0.0	0.0	0.0	0.0	本社収支	経費	雑費
202206	005090200	49	福利消耗品費	0.0	0.0	0.0	0.0	0.0	0.0	本社収支	経費	福利消耗品費
202206	005090200	50	教育研修費	0.0	0.0	0.0	0.0	0.0	0.0	本社収支	経費	教育研修費
202206	005090200	51	雑給	0.0	0.0	0.0	0.0	0.0	0.0	本社収支	経費	雑給
202206	005090200	52	社内金利（固定資産）	-94169.0	-94169.0	-117748.0	0.0	0.0	0.0	本社収支	経費	社内金利（固定資産）
202206	005090200	53	グループ共通	0.0	0.0	0.0	0.0	0.0	0.0	本社収支	経費	グループ共通
202206	005090200	54	差引収益	94169.0	94169.0	117748.0	0.0	125.0	125.0	本社収支		
202206	005090200	55	差引比率	0.0	0.0	0.0		0.0	0.0	本社収支		
202206	005090200	56	総時間	13.25	13.25	13.25		100.0	100.0	本社収支		
202206	005090200	57	定時間	0.0	0.0	0.0		0.0	0.0	本社収支	時間	
202206	005090200	58	残業時間	0.0	0.0	0.0		0.0	0.0	本社収支	時間	
202206	005090200	59	移動時間	13.25	13.25	13.25		100.0	100.0	本社収支	時間	
202206	005090200	60	当月時間当り	7107.0	7107.0	8886.6		125.0	125.0	本社収支		
202206	005090200	61	人員	0.0	0.0	0.0		0.0	0.0	本社収支		
202207	005090200	1	総受注高	0.0	0.0	0.0		0.0	0.0	本社収支	受注	
202207	005090200	2	総売上高	0.0	0.0	0.0		0.0	0.0	本社収支		
202207	005090200	3	切り花売上	0.0	0.0	0.0	0.0	0.0	0.0	本社収支	売上	
202207	005090200	4	研究受託売上   	0.0	0.0	0.0	0.0	0.0	0.0	本社収支	売上	
202207	005090200	5	その他売上	0.0	0.0	0.0	0.0	0.0	0.0	本社収支	売上	
202207	005090200	6	堆肥売上            	0.0	0.0	0.0	0.0	0.0	0.0	本社収支	売上	
202207	005090200	7	経費合計	-90871.0	-90871.0	-113853.0	0.0	0.0	0.0	本社収支		
202207	005090200	8	種苗費	0.0	0.0	0.0	0.0	0.0	0.0	本社収支	経費	種苗費
202207	005090200	9	肥料費	0.0	0.0	0.0	0.0	0.0	0.0	本社収支	経費	肥料費
202207	005090200	10	培土費用	0.0	0.0	0.0	0.0	0.0	0.0	本社収支	経費	培土費用
202207	005090200	11	農薬衛生費	0.0	0.0	0.0	0.0	0.0	0.0	本社収支	経費	農薬衛生費
202207	005090200	12	農具費	0.0	0.0	0.0	0.0	0.0	0.0	本社収支	経費	農具費
202207	005090200	13	諸材料費	0.0	0.0	0.0	0.0	0.0	0.0	本社収支	経費	諸材料費
202207	005090200	14	その他仕入高	0.0	0.0	0.0	0.0	0.0	0.0	本社収支	経費	その他仕入高
202207	005090200	15	減価償却費	0.0	0.0	0.0	0.0	0.0	0.0	本社収支	経費	減価償却費
202207	005090200	16	車両費	0.0	0.0	0.0	0.0	0.0	0.0	本社収支	経費	車両費
202207	005090200	17	旅費交通費	0.0	0.0	0.0	0.0	0.0	0.0	本社収支	経費	旅費交通費
202207	005090200	18	荷造運搬費	0.0	0.0	0.0	0.0	0.0	0.0	本社収支	経費	荷造運搬費
202207	005090200	19	通信費	0.0	0.0	0.0	0.0	0.0	0.0	本社収支	経費	通信費
202207	005090200	20	水道光熱費	0.0	0.0	0.0	0.0	0.0	0.0	本社収支	経費	水道光熱費
202207	005090200	21	動力費	0.0	0.0	0.0	0.0	0.0	0.0	本社収支	経費	動力費
202207	005090200	22	燃料費	0.0	0.0	0.0	0.0	0.0	0.0	本社収支	経費	燃料費
202207	005090200	23	事務用品費	0.0	0.0	0.0	0.0	0.0	0.0	本社収支	経費	事務用品費
202207	005090200	24	消耗品費	0.0	0.0	0.0	0.0	0.0	0.0	本社収支	経費	消耗品費
202207	005090200	25	廃棄物処理料	0.0	0.0	0.0	0.0	0.0	0.0	本社収支	経費	廃棄物処理料
202207	005090200	26	広告宣伝費	0.0	0.0	0.0	0.0	0.0	0.0	本社収支	経費	広告宣伝費
202207	005090200	27	接待交際費	0.0	0.0	0.0	0.0	0.0	0.0	本社収支	経費	接待交際費
202207	005090200	28	研究開発費	0.0	0.0	0.0	0.0	0.0	0.0	本社収支	経費	研究開発費
202207	005090200	29	クレーム費	0.0	0.0	0.0	0.0	0.0	0.0	本社収支	経費	クレーム費
202207	005090200	30	賃借料	0.0	0.0	0.0	0.0	0.0	0.0	本社収支	経費	賃借料
202207	005090200	31	賃貸料収入	0.0	0.0	0.0	0.0	0.0	0.0	本社収支	経費	賃貸料収入
202207	005090200	32	修繕費	0.0	0.0	0.0	0.0	0.0	0.0	本社収支	経費	修繕費
202207	005090200	33	支払リース料	0.0	0.0	0.0	0.0	0.0	0.0	本社収支	経費	支払リース料
202207	005090200	34	保険料	0.0	0.0	0.0	0.0	0.0	0.0	本社収支	経費	保険料
202207	005090200	35	支払報酬	0.0	0.0	0.0	0.0	0.0	0.0	本社収支	経費	支払報酬
202207	005090200	36	販売手数料	0.0	0.0	0.0	0.0	0.0	0.0	本社収支	経費	販売手数料
202207	005090200	37	支払手数料	0.0	0.0	0.0	0.0	0.0	0.0	本社収支	経費	支払手数料
202207	005090200	38	診断料	0.0	0.0	0.0	0.0	0.0	0.0	本社収支	経費	診断料
202207	005090200	39	諸会費	0.0	0.0	0.0	0.0	0.0	0.0	本社収支	経費	諸会費
202207	005090200	40	会議費	0.0	0.0	0.0	0.0	0.0	0.0	本社収支	経費	会議費
202207	005090200	41	寄付金	0.0	0.0	0.0	0.0	0.0	0.0	本社収支	経費	寄付金
202207	005090200	42	租税公課	0.0	0.0	0.0	0.0	0.0	0.0	本社収支	経費	租税公課
202207	005090200	43	業務委託費	0.0	0.0	0.0	0.0	0.0	0.0	本社収支	経費	業務委託費
202207	005090200	44	業務受託収入	0.0	0.0	0.0	0.0	0.0	0.0	本社収支	経費	業務受託収入
202207	005090200	45	システム管理料	0.0	0.0	0.0	0.0	0.0	0.0	本社収支	経費	システム管理料
202207	005090200	46	情報機器利用料	0.0	0.0	0.0	0.0	0.0	0.0	本社収支	経費	情報機器利用料
202207	005090200	47	貸倒金	0.0	0.0	0.0	0.0	0.0	0.0	本社収支	経費	貸倒金
202207	005090200	48	雑費	0.0	0.0	0.0	0.0	0.0	0.0	本社収支	経費	雑費
202207	005090200	49	福利消耗品費	0.0	0.0	0.0	0.0	0.0	0.0	本社収支	経費	福利消耗品費
202207	005090200	50	教育研修費	0.0	0.0	0.0	0.0	0.0	0.0	本社収支	経費	教育研修費
202207	005090200	51	雑給	0.0	0.0	0.0	0.0	0.0	0.0	本社収支	経費	雑給
202207	005090200	52	社内金利（固定資産）	-90871.0	-90871.0	-113853.0	0.0	0.0	0.0	本社収支	経費	社内金利（固定資産）
202207	005090200	53	グループ共通	0.0	0.0	0.0	0.0	0.0	0.0	本社収支	経費	グループ共通
202207	005090200	54	差引収益	90871.0	90871.0	113853.0	0.0	125.2	125.2	本社収支		
202207	005090200	55	差引比率	0.0	0.0	0.0		0.0	0.0	本社収支		
202207	005090200	56	総時間	11.75	11.75	12.25		104.2	104.2	本社収支		
202207	005090200	57	定時間	0.0	0.0	0.0		0.0	0.0	本社収支	時間	
202207	005090200	58	残業時間	0.0	0.0	0.0		0.0	0.0	本社収支	時間	
202207	005090200	59	移動時間	11.75	11.75	12.25		104.2	104.2	本社収支	時間	
202207	005090200	60	当月時間当り	7733.7	7733.7	9294.1		120.1	120.1	本社収支		
202207	005090200	61	人員	0.0	0.0	0.0		0.0	0.0	本社収支		
202208	005090200	1	総受注高	0.0	0.0	0.0		0.0	0.0	本社収支	受注	
202208	005090200	2	総売上高	0.0	0.0	0.0		0.0	0.0	本社収支		
202208	005090200	3	切り花売上	0.0	0.0	0.0	0.0	0.0	0.0	本社収支	売上	
202208	005090200	4	研究受託売上   	0.0	0.0	0.0	0.0	0.0	0.0	本社収支	売上	
202208	005090200	5	その他売上	0.0	0.0	0.0	0.0	0.0	0.0	本社収支	売上	
202208	005090200	6	堆肥売上            	0.0	0.0	0.0	0.0	0.0	0.0	本社収支	売上	
202208	005090200	7	経費合計	-87572.0	-87572.0	-109958.0	0.0	0.0	0.0	本社収支		
202208	005090200	8	種苗費	0.0	0.0	0.0	0.0	0.0	0.0	本社収支	経費	種苗費
202208	005090200	9	肥料費	0.0	0.0	0.0	0.0	0.0	0.0	本社収支	経費	肥料費
202208	005090200	10	培土費用	0.0	0.0	0.0	0.0	0.0	0.0	本社収支	経費	培土費用
202208	005090200	11	農薬衛生費	0.0	0.0	0.0	0.0	0.0	0.0	本社収支	経費	農薬衛生費
202208	005090200	12	農具費	0.0	0.0	0.0	0.0	0.0	0.0	本社収支	経費	農具費
202208	005090200	13	諸材料費	0.0	0.0	0.0	0.0	0.0	0.0	本社収支	経費	諸材料費
202208	005090200	14	その他仕入高	0.0	0.0	0.0	0.0	0.0	0.0	本社収支	経費	その他仕入高
202208	005090200	15	減価償却費	0.0	0.0	0.0	0.0	0.0	0.0	本社収支	経費	減価償却費
202208	005090200	16	車両費	0.0	0.0	0.0	0.0	0.0	0.0	本社収支	経費	車両費
202208	005090200	17	旅費交通費	0.0	0.0	0.0	0.0	0.0	0.0	本社収支	経費	旅費交通費
202208	005090200	18	荷造運搬費	0.0	0.0	0.0	0.0	0.0	0.0	本社収支	経費	荷造運搬費
202208	005090200	19	通信費	0.0	0.0	0.0	0.0	0.0	0.0	本社収支	経費	通信費
202208	005090200	20	水道光熱費	0.0	0.0	0.0	0.0	0.0	0.0	本社収支	経費	水道光熱費
202208	005090200	21	動力費	0.0	0.0	0.0	0.0	0.0	0.0	本社収支	経費	動力費
202208	005090200	22	燃料費	0.0	0.0	0.0	0.0	0.0	0.0	本社収支	経費	燃料費
202208	005090200	23	事務用品費	0.0	0.0	0.0	0.0	0.0	0.0	本社収支	経費	事務用品費
202208	005090200	24	消耗品費	0.0	0.0	0.0	0.0	0.0	0.0	本社収支	経費	消耗品費
202208	005090200	25	廃棄物処理料	0.0	0.0	0.0	0.0	0.0	0.0	本社収支	経費	廃棄物処理料
202208	005090200	26	広告宣伝費	0.0	0.0	0.0	0.0	0.0	0.0	本社収支	経費	広告宣伝費
202208	005090200	27	接待交際費	0.0	0.0	0.0	0.0	0.0	0.0	本社収支	経費	接待交際費
202208	005090200	28	研究開発費	0.0	0.0	0.0	0.0	0.0	0.0	本社収支	経費	研究開発費
202208	005090200	29	クレーム費	0.0	0.0	0.0	0.0	0.0	0.0	本社収支	経費	クレーム費
202208	005090200	30	賃借料	0.0	0.0	0.0	0.0	0.0	0.0	本社収支	経費	賃借料
202208	005090200	31	賃貸料収入	0.0	0.0	0.0	0.0	0.0	0.0	本社収支	経費	賃貸料収入
202208	005090200	32	修繕費	0.0	0.0	0.0	0.0	0.0	0.0	本社収支	経費	修繕費
202208	005090200	33	支払リース料	0.0	0.0	0.0	0.0	0.0	0.0	本社収支	経費	支払リース料
202208	005090200	34	保険料	0.0	0.0	0.0	0.0	0.0	0.0	本社収支	経費	保険料
202208	005090200	35	支払報酬	0.0	0.0	0.0	0.0	0.0	0.0	本社収支	経費	支払報酬
202208	005090200	36	販売手数料	0.0	0.0	0.0	0.0	0.0	0.0	本社収支	経費	販売手数料
202208	005090200	37	支払手数料	0.0	0.0	0.0	0.0	0.0	0.0	本社収支	経費	支払手数料
202208	005090200	38	診断料	0.0	0.0	0.0	0.0	0.0	0.0	本社収支	経費	診断料
202208	005090200	39	諸会費	0.0	0.0	0.0	0.0	0.0	0.0	本社収支	経費	諸会費
202208	005090200	40	会議費	0.0	0.0	0.0	0.0	0.0	0.0	本社収支	経費	会議費
202208	005090200	41	寄付金	0.0	0.0	0.0	0.0	0.0	0.0	本社収支	経費	寄付金
202208	005090200	42	租税公課	0.0	0.0	0.0	0.0	0.0	0.0	本社収支	経費	租税公課
202208	005090200	43	業務委託費	0.0	0.0	0.0	0.0	0.0	0.0	本社収支	経費	業務委託費
202208	005090200	44	業務受託収入	0.0	0.0	0.0	0.0	0.0	0.0	本社収支	経費	業務受託収入
202208	005090200	45	システム管理料	0.0	0.0	0.0	0.0	0.0	0.0	本社収支	経費	システム管理料
202208	005090200	46	情報機器利用料	0.0	0.0	0.0	0.0	0.0	0.0	本社収支	経費	情報機器利用料
202208	005090200	47	貸倒金	0.0	0.0	0.0	0.0	0.0	0.0	本社収支	経費	貸倒金
202208	005090200	48	雑費	0.0	0.0	0.0	0.0	0.0	0.0	本社収支	経費	雑費
202208	005090200	49	福利消耗品費	0.0	0.0	0.0	0.0	0.0	0.0	本社収支	経費	福利消耗品費
202208	005090200	50	教育研修費	0.0	0.0	0.0	0.0	0.0	0.0	本社収支	経費	教育研修費
202208	005090200	51	雑給	0.0	0.0	0.0	0.0	0.0	0.0	本社収支	経費	雑給
202208	005090200	52	社内金利（固定資産）	-87572.0	-87572.0	-109958.0	0.0	0.0	0.0	本社収支	経費	社内金利（固定資産）
202208	005090200	53	グループ共通	0.0	0.0	0.0	0.0	0.0	0.0	本社収支	経費	グループ共通
202208	005090200	54	差引収益	87572.0	87572.0	109958.0	0.0	125.5	125.5	本社収支		
202208	005090200	55	差引比率	0.0	0.0	0.0		0.0	0.0	本社収支		
202208	005090200	56	総時間	11.25	11.25	10.75		95.5	95.5	本社収支		
202208	005090200	57	定時間	0.0	0.0	0.0		0.0	0.0	本社収支	時間	
202208	005090200	58	残業時間	0.0	0.0	0.0		0.0	0.0	本社収支	時間	
202208	005090200	59	移動時間	11.25	11.25	10.75		95.5	95.5	本社収支	時間	
202208	005090200	60	当月時間当り	7784.1	7784.1	10228.6		131.4	131.4	本社収支		
202208	005090200	61	人員	0.0	0.0	0.0		0.0	0.0	本社収支		
202209	005090200	1	総受注高	0.0	0.0	0.0		0.0	0.0	本社収支	受注	
202209	005090200	2	総売上高	0.0	0.0	0.0		0.0	0.0	本社収支		
202209	005090200	3	切り花売上	0.0	0.0	0.0	0.0	0.0	0.0	本社収支	売上	
202209	005090200	4	研究受託売上   	0.0	0.0	0.0	0.0	0.0	0.0	本社収支	売上	
202209	005090200	5	その他売上	0.0	0.0	0.0	0.0	0.0	0.0	本社収支	売上	
202209	005090200	6	堆肥売上            	0.0	0.0	0.0	0.0	0.0	0.0	本社収支	売上	
202209	005090200	7	経費合計	-84274.0	-84274.0	-106064.0	0.0	0.0	0.0	本社収支		
202209	005090200	8	種苗費	0.0	0.0	0.0	0.0	0.0	0.0	本社収支	経費	種苗費
202209	005090200	9	肥料費	0.0	0.0	0.0	0.0	0.0	0.0	本社収支	経費	肥料費
202209	005090200	10	培土費用	0.0	0.0	0.0	0.0	0.0	0.0	本社収支	経費	培土費用
202209	005090200	11	農薬衛生費	0.0	0.0	0.0	0.0	0.0	0.0	本社収支	経費	農薬衛生費
202209	005090200	12	農具費	0.0	0.0	0.0	0.0	0.0	0.0	本社収支	経費	農具費
202209	005090200	13	諸材料費	0.0	0.0	0.0	0.0	0.0	0.0	本社収支	経費	諸材料費
202209	005090200	14	その他仕入高	0.0	0.0	0.0	0.0	0.0	0.0	本社収支	経費	その他仕入高
202209	005090200	15	減価償却費	0.0	0.0	0.0	0.0	0.0	0.0	本社収支	経費	減価償却費
202209	005090200	16	車両費	0.0	0.0	0.0	0.0	0.0	0.0	本社収支	経費	車両費
202209	005090200	17	旅費交通費	0.0	0.0	0.0	0.0	0.0	0.0	本社収支	経費	旅費交通費
202209	005090200	18	荷造運搬費	0.0	0.0	0.0	0.0	0.0	0.0	本社収支	経費	荷造運搬費
202209	005090200	19	通信費	0.0	0.0	0.0	0.0	0.0	0.0	本社収支	経費	通信費
202209	005090200	20	水道光熱費	0.0	0.0	0.0	0.0	0.0	0.0	本社収支	経費	水道光熱費
202209	005090200	21	動力費	0.0	0.0	0.0	0.0	0.0	0.0	本社収支	経費	動力費
202209	005090200	22	燃料費	0.0	0.0	0.0	0.0	0.0	0.0	本社収支	経費	燃料費
202209	005090200	23	事務用品費	0.0	0.0	0.0	0.0	0.0	0.0	本社収支	経費	事務用品費
202209	005090200	24	消耗品費	0.0	0.0	0.0	0.0	0.0	0.0	本社収支	経費	消耗品費
202209	005090200	25	廃棄物処理料	0.0	0.0	0.0	0.0	0.0	0.0	本社収支	経費	廃棄物処理料
202209	005090200	26	広告宣伝費	0.0	0.0	0.0	0.0	0.0	0.0	本社収支	経費	広告宣伝費
202209	005090200	27	接待交際費	0.0	0.0	0.0	0.0	0.0	0.0	本社収支	経費	接待交際費
202209	005090200	28	研究開発費	0.0	0.0	0.0	0.0	0.0	0.0	本社収支	経費	研究開発費
202209	005090200	29	クレーム費	0.0	0.0	0.0	0.0	0.0	0.0	本社収支	経費	クレーム費
202209	005090200	30	賃借料	0.0	0.0	0.0	0.0	0.0	0.0	本社収支	経費	賃借料
202209	005090200	31	賃貸料収入	0.0	0.0	0.0	0.0	0.0	0.0	本社収支	経費	賃貸料収入
202209	005090200	32	修繕費	0.0	0.0	0.0	0.0	0.0	0.0	本社収支	経費	修繕費
202209	005090200	33	支払リース料	0.0	0.0	0.0	0.0	0.0	0.0	本社収支	経費	支払リース料
202209	005090200	34	保険料	0.0	0.0	0.0	0.0	0.0	0.0	本社収支	経費	保険料
202209	005090200	35	支払報酬	0.0	0.0	0.0	0.0	0.0	0.0	本社収支	経費	支払報酬
202209	005090200	36	販売手数料	0.0	0.0	0.0	0.0	0.0	0.0	本社収支	経費	販売手数料
202209	005090200	37	支払手数料	0.0	0.0	0.0	0.0	0.0	0.0	本社収支	経費	支払手数料
202209	005090200	38	診断料	0.0	0.0	0.0	0.0	0.0	0.0	本社収支	経費	診断料
202209	005090200	39	諸会費	0.0	0.0	0.0	0.0	0.0	0.0	本社収支	経費	諸会費
202209	005090200	40	会議費	0.0	0.0	0.0	0.0	0.0	0.0	本社収支	経費	会議費
202209	005090200	41	寄付金	0.0	0.0	0.0	0.0	0.0	0.0	本社収支	経費	寄付金
202209	005090200	42	租税公課	0.0	0.0	0.0	0.0	0.0	0.0	本社収支	経費	租税公課
202209	005090200	43	業務委託費	0.0	0.0	0.0	0.0	0.0	0.0	本社収支	経費	業務委託費
202209	005090200	44	業務受託収入	0.0	0.0	0.0	0.0	0.0	0.0	本社収支	経費	業務受託収入
202209	005090200	45	システム管理料	0.0	0.0	0.0	0.0	0.0	0.0	本社収支	経費	システム管理料
202209	005090200	46	情報機器利用料	0.0	0.0	0.0	0.0	0.0	0.0	本社収支	経費	情報機器利用料
202209	005090200	47	貸倒金	0.0	0.0	0.0	0.0	0.0	0.0	本社収支	経費	貸倒金
202209	005090200	48	雑費	0.0	0.0	0.0	0.0	0.0	0.0	本社収支	経費	雑費
202209	005090200	49	福利消耗品費	0.0	0.0	0.0	0.0	0.0	0.0	本社収支	経費	福利消耗品費
202209	005090200	50	教育研修費	0.0	0.0	0.0	0.0	0.0	0.0	本社収支	経費	教育研修費
202209	005090200	51	雑給	0.0	0.0	0.0	0.0	0.0	0.0	本社収支	経費	雑給
202209	005090200	52	社内金利（固定資産）	-84274.0	-84274.0	-106064.0	0.0	0.0	0.0	本社収支	経費	社内金利（固定資産）
202209	005090200	53	グループ共通	0.0	0.0	0.0	0.0	0.0	0.0	本社収支	経費	グループ共通
202209	005090200	54	差引収益	84274.0	84274.0	106064.0	0.0	125.8	125.8	本社収支		
202209	005090200	55	差引比率	0.0	0.0	0.0		0.0	0.0	本社収支		
202209	005090200	56	総時間	11.75	11.75	11.75		100.0	100.0	本社収支		
202209	005090200	57	定時間	0.0	0.0	0.0		0.0	0.0	本社収支	時間	
202209	005090200	58	残業時間	0.0	0.0	0.0		0.0	0.0	本社収支	時間	
202209	005090200	59	移動時間	11.75	11.75	11.75		100.0	100.0	本社収支	時間	
202209	005090200	60	当月時間当り	7172.2	7172.2	9026.7		125.8	125.8	本社収支		
202209	005090200	61	人員	0.0	0.0	0.0		0.0	0.0	本社収支		
202210	005090200	1	総受注高	0.0	0.0	0.0		0.0	0.0	本社収支	受注	
202210	005090200	2	総売上高	0.0	0.0	0.0		0.0	0.0	本社収支		
202210	005090200	3	切り花売上	0.0	0.0	0.0	0.0	0.0	0.0	本社収支	売上	
202210	005090200	4	研究受託売上   	0.0	0.0	0.0	0.0	0.0	0.0	本社収支	売上	
202210	005090200	5	その他売上	0.0	0.0	0.0	0.0	0.0	0.0	本社収支	売上	
202210	005090200	6	堆肥売上            	0.0	0.0	0.0	0.0	0.0	0.0	本社収支	売上	
202210	005090200	7	経費合計	-80975.0	-80975.0	-102169.0	0.0	0.0	0.0	本社収支		
202210	005090200	8	種苗費	0.0	0.0	0.0	0.0	0.0	0.0	本社収支	経費	種苗費
202210	005090200	9	肥料費	0.0	0.0	0.0	0.0	0.0	0.0	本社収支	経費	肥料費
202210	005090200	10	培土費用	0.0	0.0	0.0	0.0	0.0	0.0	本社収支	経費	培土費用
202210	005090200	11	農薬衛生費	0.0	0.0	0.0	0.0	0.0	0.0	本社収支	経費	農薬衛生費
202210	005090200	12	農具費	0.0	0.0	0.0	0.0	0.0	0.0	本社収支	経費	農具費
202210	005090200	13	諸材料費	0.0	0.0	0.0	0.0	0.0	0.0	本社収支	経費	諸材料費
202210	005090200	14	その他仕入高	0.0	0.0	0.0	0.0	0.0	0.0	本社収支	経費	その他仕入高
202210	005090200	15	減価償却費	0.0	0.0	0.0	0.0	0.0	0.0	本社収支	経費	減価償却費
202210	005090200	16	車両費	0.0	0.0	0.0	0.0	0.0	0.0	本社収支	経費	車両費
202210	005090200	17	旅費交通費	0.0	0.0	0.0	0.0	0.0	0.0	本社収支	経費	旅費交通費
202210	005090200	18	荷造運搬費	0.0	0.0	0.0	0.0	0.0	0.0	本社収支	経費	荷造運搬費
202210	005090200	19	通信費	0.0	0.0	0.0	0.0	0.0	0.0	本社収支	経費	通信費
202210	005090200	20	水道光熱費	0.0	0.0	0.0	0.0	0.0	0.0	本社収支	経費	水道光熱費
202210	005090200	21	動力費	0.0	0.0	0.0	0.0	0.0	0.0	本社収支	経費	動力費
202210	005090200	22	燃料費	0.0	0.0	0.0	0.0	0.0	0.0	本社収支	経費	燃料費
202210	005090200	23	事務用品費	0.0	0.0	0.0	0.0	0.0	0.0	本社収支	経費	事務用品費
202210	005090200	24	消耗品費	0.0	0.0	0.0	0.0	0.0	0.0	本社収支	経費	消耗品費
202210	005090200	25	廃棄物処理料	0.0	0.0	0.0	0.0	0.0	0.0	本社収支	経費	廃棄物処理料
202210	005090200	26	広告宣伝費	0.0	0.0	0.0	0.0	0.0	0.0	本社収支	経費	広告宣伝費
202210	005090200	27	接待交際費	0.0	0.0	0.0	0.0	0.0	0.0	本社収支	経費	接待交際費
202210	005090200	28	研究開発費	0.0	0.0	0.0	0.0	0.0	0.0	本社収支	経費	研究開発費
202210	005090200	29	クレーム費	0.0	0.0	0.0	0.0	0.0	0.0	本社収支	経費	クレーム費
202210	005090200	30	賃借料	0.0	0.0	0.0	0.0	0.0	0.0	本社収支	経費	賃借料
202210	005090200	31	賃貸料収入	0.0	0.0	0.0	0.0	0.0	0.0	本社収支	経費	賃貸料収入
202210	005090200	32	修繕費	0.0	0.0	0.0	0.0	0.0	0.0	本社収支	経費	修繕費
202210	005090200	33	支払リース料	0.0	0.0	0.0	0.0	0.0	0.0	本社収支	経費	支払リース料
202210	005090200	34	保険料	0.0	0.0	0.0	0.0	0.0	0.0	本社収支	経費	保険料
202210	005090200	35	支払報酬	0.0	0.0	0.0	0.0	0.0	0.0	本社収支	経費	支払報酬
202210	005090200	36	販売手数料	0.0	0.0	0.0	0.0	0.0	0.0	本社収支	経費	販売手数料
202210	005090200	37	支払手数料	0.0	0.0	0.0	0.0	0.0	0.0	本社収支	経費	支払手数料
202210	005090200	38	診断料	0.0	0.0	0.0	0.0	0.0	0.0	本社収支	経費	診断料
202210	005090200	39	諸会費	0.0	0.0	0.0	0.0	0.0	0.0	本社収支	経費	諸会費
202210	005090200	40	会議費	0.0	0.0	0.0	0.0	0.0	0.0	本社収支	経費	会議費
202210	005090200	41	寄付金	0.0	0.0	0.0	0.0	0.0	0.0	本社収支	経費	寄付金
202210	005090200	42	租税公課	0.0	0.0	0.0	0.0	0.0	0.0	本社収支	経費	租税公課
202210	005090200	43	業務委託費	0.0	0.0	0.0	0.0	0.0	0.0	本社収支	経費	業務委託費
202210	005090200	44	業務受託収入	0.0	0.0	0.0	0.0	0.0	0.0	本社収支	経費	業務受託収入
202210	005090200	45	システム管理料	0.0	0.0	0.0	0.0	0.0	0.0	本社収支	経費	システム管理料
202210	005090200	46	情報機器利用料	0.0	0.0	0.0	0.0	0.0	0.0	本社収支	経費	情報機器利用料
202210	005090200	47	貸倒金	0.0	0.0	0.0	0.0	0.0	0.0	本社収支	経費	貸倒金
202210	005090200	48	雑費	0.0	0.0	0.0	0.0	0.0	0.0	本社収支	経費	雑費
202210	005090200	49	福利消耗品費	0.0	0.0	0.0	0.0	0.0	0.0	本社収支	経費	福利消耗品費
202210	005090200	50	教育研修費	0.0	0.0	0.0	0.0	0.0	0.0	本社収支	経費	教育研修費
202210	005090200	51	雑給	0.0	0.0	0.0	0.0	0.0	0.0	本社収支	経費	雑給
202210	005090200	52	社内金利（固定資産）	-80975.0	-80975.0	-102169.0	0.0	0.0	0.0	本社収支	経費	社内金利（固定資産）
202210	005090200	53	グループ共通	0.0	0.0	0.0	0.0	0.0	0.0	本社収支	経費	グループ共通
202210	005090200	54	差引収益	80975.0	80975.0	102169.0	0.0	126.1	126.1	本社収支		
202210	005090200	55	差引比率	0.0	0.0	0.0		0.0	0.0	本社収支		
202210	005090200	56	総時間	11.75	11.75	12.25		104.2	104.2	本社収支		
202210	005090200	57	定時間	0.0	0.0	0.0		0.0	0.0	本社収支	時間	
202210	005090200	58	残業時間	0.0	0.0	0.0		0.0	0.0	本社収支	時間	
202210	005090200	59	移動時間	11.75	11.75	12.25		104.2	104.2	本社収支	時間	
202210	005090200	60	当月時間当り	6891.4	6891.4	8340.3		121.0	121.0	本社収支		
202210	005090200	61	人員	0.0	0.0	0.0		0.0	0.0	本社収支		
202211	005090200	1	総受注高	0.0	0.0	0.0		0.0	0.0	本社収支	受注	
202211	005090200	2	総売上高	0.0	0.0	0.0		0.0	0.0	本社収支		
202211	005090200	3	切り花売上	0.0	0.0	0.0	0.0	0.0	0.0	本社収支	売上	
202211	005090200	4	研究受託売上   	0.0	0.0	0.0	0.0	0.0	0.0	本社収支	売上	
202211	005090200	5	その他売上	0.0	0.0	0.0	0.0	0.0	0.0	本社収支	売上	
202211	005090200	6	堆肥売上            	0.0	0.0	0.0	0.0	0.0	0.0	本社収支	売上	
202211	005090200	7	経費合計	-77676.0	-77676.0	-98274.0	0.0	0.0	0.0	本社収支		
202211	005090200	8	種苗費	0.0	0.0	0.0	0.0	0.0	0.0	本社収支	経費	種苗費
202211	005090200	9	肥料費	0.0	0.0	0.0	0.0	0.0	0.0	本社収支	経費	肥料費
202211	005090200	10	培土費用	0.0	0.0	0.0	0.0	0.0	0.0	本社収支	経費	培土費用
202211	005090200	11	農薬衛生費	0.0	0.0	0.0	0.0	0.0	0.0	本社収支	経費	農薬衛生費
202211	005090200	12	農具費	0.0	0.0	0.0	0.0	0.0	0.0	本社収支	経費	農具費
202211	005090200	13	諸材料費	0.0	0.0	0.0	0.0	0.0	0.0	本社収支	経費	諸材料費
202211	005090200	14	その他仕入高	0.0	0.0	0.0	0.0	0.0	0.0	本社収支	経費	その他仕入高
202211	005090200	15	減価償却費	0.0	0.0	0.0	0.0	0.0	0.0	本社収支	経費	減価償却費
202211	005090200	16	車両費	0.0	0.0	0.0	0.0	0.0	0.0	本社収支	経費	車両費
202211	005090200	17	旅費交通費	0.0	0.0	0.0	0.0	0.0	0.0	本社収支	経費	旅費交通費
202211	005090200	18	荷造運搬費	0.0	0.0	0.0	0.0	0.0	0.0	本社収支	経費	荷造運搬費
202211	005090200	19	通信費	0.0	0.0	0.0	0.0	0.0	0.0	本社収支	経費	通信費
202211	005090200	20	水道光熱費	0.0	0.0	0.0	0.0	0.0	0.0	本社収支	経費	水道光熱費
202211	005090200	21	動力費	0.0	0.0	0.0	0.0	0.0	0.0	本社収支	経費	動力費
202211	005090200	22	燃料費	0.0	0.0	0.0	0.0	0.0	0.0	本社収支	経費	燃料費
202211	005090200	23	事務用品費	0.0	0.0	0.0	0.0	0.0	0.0	本社収支	経費	事務用品費
202211	005090200	24	消耗品費	0.0	0.0	0.0	0.0	0.0	0.0	本社収支	経費	消耗品費
202211	005090200	25	廃棄物処理料	0.0	0.0	0.0	0.0	0.0	0.0	本社収支	経費	廃棄物処理料
202211	005090200	26	広告宣伝費	0.0	0.0	0.0	0.0	0.0	0.0	本社収支	経費	広告宣伝費
202211	005090200	27	接待交際費	0.0	0.0	0.0	0.0	0.0	0.0	本社収支	経費	接待交際費
202211	005090200	28	研究開発費	0.0	0.0	0.0	0.0	0.0	0.0	本社収支	経費	研究開発費
202211	005090200	29	クレーム費	0.0	0.0	0.0	0.0	0.0	0.0	本社収支	経費	クレーム費
202211	005090200	30	賃借料	0.0	0.0	0.0	0.0	0.0	0.0	本社収支	経費	賃借料
202211	005090200	31	賃貸料収入	0.0	0.0	0.0	0.0	0.0	0.0	本社収支	経費	賃貸料収入
202211	005090200	32	修繕費	0.0	0.0	0.0	0.0	0.0	0.0	本社収支	経費	修繕費
202211	005090200	33	支払リース料	0.0	0.0	0.0	0.0	0.0	0.0	本社収支	経費	支払リース料
202211	005090200	34	保険料	0.0	0.0	0.0	0.0	0.0	0.0	本社収支	経費	保険料
202211	005090200	35	支払報酬	0.0	0.0	0.0	0.0	0.0	0.0	本社収支	経費	支払報酬
202211	005090200	36	販売手数料	0.0	0.0	0.0	0.0	0.0	0.0	本社収支	経費	販売手数料
202211	005090200	37	支払手数料	0.0	0.0	0.0	0.0	0.0	0.0	本社収支	経費	支払手数料
202211	005090200	38	診断料	0.0	0.0	0.0	0.0	0.0	0.0	本社収支	経費	診断料
202211	005090200	39	諸会費	0.0	0.0	0.0	0.0	0.0	0.0	本社収支	経費	諸会費
202211	005090200	40	会議費	0.0	0.0	0.0	0.0	0.0	0.0	本社収支	経費	会議費
202211	005090200	41	寄付金	0.0	0.0	0.0	0.0	0.0	0.0	本社収支	経費	寄付金
202211	005090200	42	租税公課	0.0	0.0	0.0	0.0	0.0	0.0	本社収支	経費	租税公課
202211	005090200	43	業務委託費	0.0	0.0	0.0	0.0	0.0	0.0	本社収支	経費	業務委託費
202211	005090200	44	業務受託収入	0.0	0.0	0.0	0.0	0.0	0.0	本社収支	経費	業務受託収入
202211	005090200	45	システム管理料	0.0	0.0	0.0	0.0	0.0	0.0	本社収支	経費	システム管理料
202211	005090200	46	情報機器利用料	0.0	0.0	0.0	0.0	0.0	0.0	本社収支	経費	情報機器利用料
202211	005090200	47	貸倒金	0.0	0.0	0.0	0.0	0.0	0.0	本社収支	経費	貸倒金
202211	005090200	48	雑費	0.0	0.0	0.0	0.0	0.0	0.0	本社収支	経費	雑費
202211	005090200	49	福利消耗品費	0.0	0.0	0.0	0.0	0.0	0.0	本社収支	経費	福利消耗品費
202211	005090200	50	教育研修費	0.0	0.0	0.0	0.0	0.0	0.0	本社収支	経費	教育研修費
202211	005090200	51	雑給	0.0	0.0	0.0	0.0	0.0	0.0	本社収支	経費	雑給
202211	005090200	52	社内金利（固定資産）	-77676.0	-77676.0	-98274.0	0.0	0.0	0.0	本社収支	経費	社内金利（固定資産）
202211	005090200	53	グループ共通	0.0	0.0	0.0	0.0	0.0	0.0	本社収支	経費	グループ共通
202211	005090200	54	差引収益	77676.0	77676.0	98274.0	0.0	126.5	126.5	本社収支		
202211	005090200	55	差引比率	0.0	0.0	0.0		0.0	0.0	本社収支		
202211	005090200	56	総時間	11.75	11.75	11.75		100.0	100.0	本社収支		
202211	005090200	57	定時間	0.0	0.0	0.0		0.0	0.0	本社収支	時間	
202211	005090200	58	残業時間	0.0	0.0	0.0		0.0	0.0	本社収支	時間	
202211	005090200	59	移動時間	11.75	11.75	11.75		100.0	100.0	本社収支	時間	
202211	005090200	60	当月時間当り	6610.7	6610.7	8363.7		126.5	126.5	本社収支		
202211	005090200	61	人員	0.0	0.0	0.0		0.0	0.0	本社収支		
202212	005090200	1	総受注高	0.0	0.0	0.0		0.0	0.0	本社収支	受注	
202212	005090200	2	総売上高	0.0	0.0	0.0		0.0	0.0	本社収支		
202212	005090200	3	切り花売上	0.0	0.0	0.0	0.0	0.0	0.0	本社収支	売上	
202212	005090200	4	研究受託売上   	0.0	0.0	0.0	0.0	0.0	0.0	本社収支	売上	
202212	005090200	5	その他売上	0.0	0.0	0.0	0.0	0.0	0.0	本社収支	売上	
202212	005090200	6	堆肥売上            	0.0	0.0	0.0	0.0	0.0	0.0	本社収支	売上	
202212	005090200	7	経費合計	-74378.0	-74378.0	-118784.0	0.0	0.0	0.0	本社収支		
202212	005090200	8	種苗費	0.0	0.0	0.0	0.0	0.0	0.0	本社収支	経費	種苗費
202212	005090200	9	肥料費	0.0	0.0	0.0	0.0	0.0	0.0	本社収支	経費	肥料費
202212	005090200	10	培土費用	0.0	0.0	0.0	0.0	0.0	0.0	本社収支	経費	培土費用
202212	005090200	11	農薬衛生費	0.0	0.0	0.0	0.0	0.0	0.0	本社収支	経費	農薬衛生費
202212	005090200	12	農具費	0.0	0.0	0.0	0.0	0.0	0.0	本社収支	経費	農具費
202212	005090200	13	諸材料費	0.0	0.0	0.0	0.0	0.0	0.0	本社収支	経費	諸材料費
202212	005090200	14	その他仕入高	0.0	0.0	0.0	0.0	0.0	0.0	本社収支	経費	その他仕入高
202212	005090200	15	減価償却費	0.0	0.0	0.0	0.0	0.0	0.0	本社収支	経費	減価償却費
202212	005090200	16	車両費	0.0	0.0	0.0	0.0	0.0	0.0	本社収支	経費	車両費
202212	005090200	17	旅費交通費	0.0	0.0	0.0	0.0	0.0	0.0	本社収支	経費	旅費交通費
202212	005090200	18	荷造運搬費	0.0	0.0	0.0	0.0	0.0	0.0	本社収支	経費	荷造運搬費
202212	005090200	19	通信費	0.0	0.0	0.0	0.0	0.0	0.0	本社収支	経費	通信費
202212	005090200	20	水道光熱費	0.0	0.0	0.0	0.0	0.0	0.0	本社収支	経費	水道光熱費
202212	005090200	21	動力費	0.0	0.0	0.0	0.0	0.0	0.0	本社収支	経費	動力費
202212	005090200	22	燃料費	0.0	0.0	0.0	0.0	0.0	0.0	本社収支	経費	燃料費
202212	005090200	23	事務用品費	0.0	0.0	0.0	0.0	0.0	0.0	本社収支	経費	事務用品費
202212	005090200	24	消耗品費	0.0	0.0	0.0	0.0	0.0	0.0	本社収支	経費	消耗品費
202212	005090200	25	廃棄物処理料	0.0	0.0	0.0	0.0	0.0	0.0	本社収支	経費	廃棄物処理料
202212	005090200	26	広告宣伝費	0.0	0.0	0.0	0.0	0.0	0.0	本社収支	経費	広告宣伝費
202212	005090200	27	接待交際費	0.0	0.0	0.0	0.0	0.0	0.0	本社収支	経費	接待交際費
202212	005090200	28	研究開発費	0.0	0.0	0.0	0.0	0.0	0.0	本社収支	経費	研究開発費
202212	005090200	29	クレーム費	0.0	0.0	0.0	0.0	0.0	0.0	本社収支	経費	クレーム費
202212	005090200	30	賃借料	0.0	0.0	0.0	0.0	0.0	0.0	本社収支	経費	賃借料
202212	005090200	31	賃貸料収入	0.0	0.0	0.0	0.0	0.0	0.0	本社収支	経費	賃貸料収入
202212	005090200	32	修繕費	0.0	0.0	0.0	0.0	0.0	0.0	本社収支	経費	修繕費
202212	005090200	33	支払リース料	0.0	0.0	0.0	0.0	0.0	0.0	本社収支	経費	支払リース料
202212	005090200	34	保険料	0.0	0.0	0.0	0.0	0.0	0.0	本社収支	経費	保険料
202212	005090200	35	支払報酬	0.0	0.0	0.0	0.0	0.0	0.0	本社収支	経費	支払報酬
202212	005090200	36	販売手数料	0.0	0.0	0.0	0.0	0.0	0.0	本社収支	経費	販売手数料
202212	005090200	37	支払手数料	0.0	0.0	0.0	0.0	0.0	0.0	本社収支	経費	支払手数料
202212	005090200	38	診断料	0.0	0.0	0.0	0.0	0.0	0.0	本社収支	経費	診断料
202212	005090200	39	諸会費	0.0	0.0	0.0	0.0	0.0	0.0	本社収支	経費	諸会費
202212	005090200	40	会議費	0.0	0.0	0.0	0.0	0.0	0.0	本社収支	経費	会議費
202212	005090200	41	寄付金	0.0	0.0	0.0	0.0	0.0	0.0	本社収支	経費	寄付金
202212	005090200	42	租税公課	0.0	0.0	0.0	0.0	0.0	0.0	本社収支	経費	租税公課
202212	005090200	43	業務委託費	0.0	0.0	0.0	0.0	0.0	0.0	本社収支	経費	業務委託費
202212	005090200	44	業務受託収入	0.0	0.0	0.0	0.0	0.0	0.0	本社収支	経費	業務受託収入
202212	005090200	45	システム管理料	0.0	0.0	0.0	0.0	0.0	0.0	本社収支	経費	システム管理料
202212	005090200	46	情報機器利用料	0.0	0.0	0.0	0.0	0.0	0.0	本社収支	経費	情報機器利用料
202212	005090200	47	貸倒金	0.0	0.0	0.0	0.0	0.0	0.0	本社収支	経費	貸倒金
202212	005090200	48	雑費	0.0	0.0	0.0	0.0	0.0	0.0	本社収支	経費	雑費
202212	005090200	49	福利消耗品費	0.0	0.0	0.0	0.0	0.0	0.0	本社収支	経費	福利消耗品費
202212	005090200	50	教育研修費	0.0	0.0	0.0	0.0	0.0	0.0	本社収支	経費	教育研修費
202212	005090200	51	雑給	0.0	0.0	0.0	0.0	0.0	0.0	本社収支	経費	雑給
202212	005090200	52	社内金利（固定資産）	-74378.0	-74378.0	-118784.0	0.0	0.0	0.0	本社収支	経費	社内金利（固定資産）
202212	005090200	53	グループ共通	0.0	0.0	0.0	0.0	0.0	0.0	本社収支	経費	グループ共通
202212	005090200	54	差引収益	74378.0	74378.0	118784.0	0.0	159.7	159.7	本社収支		
202212	005090200	55	差引比率	0.0	0.0	0.0		0.0	0.0	本社収支		
202212	005090200	56	総時間	11.25	11.25	11.25		100.0	100.0	本社収支		
202212	005090200	57	定時間	0.0	0.0	0.0		0.0	0.0	本社収支	時間	
202212	005090200	58	残業時間	0.0	0.0	0.0		0.0	0.0	本社収支	時間	
202212	005090200	59	移動時間	11.25	11.25	11.25		100.0	100.0	本社収支	時間	
202212	005090200	60	当月時間当り	6611.3	6611.3	10558.5		159.7	159.7	本社収支		
202212	005090200	61	人員	0.0	0.0	0.0		0.0	0.0	本社収支		
202301	005090200	1	総受注高	0.0	0.0	0.0		0.0	0.0	本社収支	受注	
202301	005090200	2	総売上高	0.0	0.0	0.0		0.0	0.0	本社収支		
202301	005090200	3	切り花売上	0.0	0.0	0.0	0.0	0.0	0.0	本社収支	売上	
202301	005090200	4	研究受託売上   	0.0	0.0	0.0	0.0	0.0	0.0	本社収支	売上	
202301	005090200	5	その他売上	0.0	0.0	0.0	0.0	0.0	0.0	本社収支	売上	
202301	005090200	6	堆肥売上            	0.0	0.0	0.0	0.0	0.0	0.0	本社収支	売上	
202301	005090200	7	経費合計	-71079.0	-71079.0	-114293.0	0.0	0.0	0.0	本社収支		
202301	005090200	8	種苗費	0.0	0.0	0.0	0.0	0.0	0.0	本社収支	経費	種苗費
202301	005090200	9	肥料費	0.0	0.0	0.0	0.0	0.0	0.0	本社収支	経費	肥料費
202301	005090200	10	培土費用	0.0	0.0	0.0	0.0	0.0	0.0	本社収支	経費	培土費用
202301	005090200	11	農薬衛生費	0.0	0.0	0.0	0.0	0.0	0.0	本社収支	経費	農薬衛生費
202301	005090200	12	農具費	0.0	0.0	0.0	0.0	0.0	0.0	本社収支	経費	農具費
202301	005090200	13	諸材料費	0.0	0.0	0.0	0.0	0.0	0.0	本社収支	経費	諸材料費
202301	005090200	14	その他仕入高	0.0	0.0	0.0	0.0	0.0	0.0	本社収支	経費	その他仕入高
202301	005090200	15	減価償却費	0.0	0.0	0.0	0.0	0.0	0.0	本社収支	経費	減価償却費
202301	005090200	16	車両費	0.0	0.0	0.0	0.0	0.0	0.0	本社収支	経費	車両費
202301	005090200	17	旅費交通費	0.0	0.0	0.0	0.0	0.0	0.0	本社収支	経費	旅費交通費
202301	005090200	18	荷造運搬費	0.0	0.0	0.0	0.0	0.0	0.0	本社収支	経費	荷造運搬費
202301	005090200	19	通信費	0.0	0.0	0.0	0.0	0.0	0.0	本社収支	経費	通信費
202301	005090200	20	水道光熱費	0.0	0.0	0.0	0.0	0.0	0.0	本社収支	経費	水道光熱費
202301	005090200	21	動力費	0.0	0.0	0.0	0.0	0.0	0.0	本社収支	経費	動力費
202301	005090200	22	燃料費	0.0	0.0	0.0	0.0	0.0	0.0	本社収支	経費	燃料費
202301	005090200	23	事務用品費	0.0	0.0	0.0	0.0	0.0	0.0	本社収支	経費	事務用品費
202301	005090200	24	消耗品費	0.0	0.0	0.0	0.0	0.0	0.0	本社収支	経費	消耗品費
202301	005090200	25	廃棄物処理料	0.0	0.0	0.0	0.0	0.0	0.0	本社収支	経費	廃棄物処理料
202301	005090200	26	広告宣伝費	0.0	0.0	0.0	0.0	0.0	0.0	本社収支	経費	広告宣伝費
202301	005090200	27	接待交際費	0.0	0.0	0.0	0.0	0.0	0.0	本社収支	経費	接待交際費
202301	005090200	28	研究開発費	0.0	0.0	0.0	0.0	0.0	0.0	本社収支	経費	研究開発費
202301	005090200	29	クレーム費	0.0	0.0	0.0	0.0	0.0	0.0	本社収支	経費	クレーム費
202301	005090200	30	賃借料	0.0	0.0	0.0	0.0	0.0	0.0	本社収支	経費	賃借料
202301	005090200	31	賃貸料収入	0.0	0.0	0.0	0.0	0.0	0.0	本社収支	経費	賃貸料収入
202301	005090200	32	修繕費	0.0	0.0	0.0	0.0	0.0	0.0	本社収支	経費	修繕費
202301	005090200	33	支払リース料	0.0	0.0	0.0	0.0	0.0	0.0	本社収支	経費	支払リース料
202301	005090200	34	保険料	0.0	0.0	0.0	0.0	0.0	0.0	本社収支	経費	保険料
202301	005090200	35	支払報酬	0.0	0.0	0.0	0.0	0.0	0.0	本社収支	経費	支払報酬
202301	005090200	36	販売手数料	0.0	0.0	0.0	0.0	0.0	0.0	本社収支	経費	販売手数料
202301	005090200	37	支払手数料	0.0	0.0	0.0	0.0	0.0	0.0	本社収支	経費	支払手数料
202301	005090200	38	診断料	0.0	0.0	0.0	0.0	0.0	0.0	本社収支	経費	診断料
202301	005090200	39	諸会費	0.0	0.0	0.0	0.0	0.0	0.0	本社収支	経費	諸会費
202301	005090200	40	会議費	0.0	0.0	0.0	0.0	0.0	0.0	本社収支	経費	会議費
202301	005090200	41	寄付金	0.0	0.0	0.0	0.0	0.0	0.0	本社収支	経費	寄付金
202301	005090200	42	租税公課	0.0	0.0	0.0	0.0	0.0	0.0	本社収支	経費	租税公課
202301	005090200	43	業務委託費	0.0	0.0	0.0	0.0	0.0	0.0	本社収支	経費	業務委託費
202301	005090200	44	業務受託収入	0.0	0.0	0.0	0.0	0.0	0.0	本社収支	経費	業務受託収入
202301	005090200	45	システム管理料	0.0	0.0	0.0	0.0	0.0	0.0	本社収支	経費	システム管理料
202301	005090200	46	情報機器利用料	0.0	0.0	0.0	0.0	0.0	0.0	本社収支	経費	情報機器利用料
202301	005090200	47	貸倒金	0.0	0.0	0.0	0.0	0.0	0.0	本社収支	経費	貸倒金
202301	005090200	48	雑費	0.0	0.0	0.0	0.0	0.0	0.0	本社収支	経費	雑費
202301	005090200	49	福利消耗品費	0.0	0.0	0.0	0.0	0.0	0.0	本社収支	経費	福利消耗品費
202301	005090200	50	教育研修費	0.0	0.0	0.0	0.0	0.0	0.0	本社収支	経費	教育研修費
202301	005090200	51	雑給	0.0	0.0	0.0	0.0	0.0	0.0	本社収支	経費	雑給
202301	005090200	52	社内金利（固定資産）	-71079.0	-71079.0	-114293.0	0.0	0.0	0.0	本社収支	経費	社内金利（固定資産）
202301	005090200	53	グループ共通	0.0	0.0	0.0	0.0	0.0	0.0	本社収支	経費	グループ共通
202301	005090200	54	差引収益	71079.0	71079.0	114293.0	0.0	160.7	160.7	本社収支		
202301	005090200	55	差引比率	0.0	0.0	0.0		0.0	0.0	本社収支		
202301	005090200	56	総時間	10.75	10.75	10.75		100.0	100.0	本社収支		
202301	005090200	57	定時間	0.0	0.0	0.0		0.0	0.0	本社収支	時間	
202301	005090200	58	残業時間	0.0	0.0	0.0		0.0	0.0	本社収支	時間	
202301	005090200	59	移動時間	10.75	10.75	10.75		100.0	100.0	本社収支	時間	
202301	005090200	60	当月時間当り	6612.0	6612.0	10631.9		160.7	160.7	本社収支		
202301	005090200	61	人員	0.0	0.0	0.0		0.0	0.0	本社収支		
202302	005090200	1	総受注高	0.0	0.0	0.0		0.0	0.0	本社収支	受注	
202302	005090200	2	総売上高	0.0	0.0	0.0		0.0	0.0	本社収支		
202302	005090200	3	切り花売上	0.0	0.0	0.0	0.0	0.0	0.0	本社収支	売上	
202302	005090200	4	研究受託売上   	0.0	0.0	0.0	0.0	0.0	0.0	本社収支	売上	
202302	005090200	5	その他売上	0.0	0.0	0.0	0.0	0.0	0.0	本社収支	売上	
202302	005090200	6	堆肥売上            	0.0	0.0	0.0	0.0	0.0	0.0	本社収支	売上	
202302	005090200	7	経費合計	-67780.0	-67780.0	-109802.0	0.0	0.0	0.0	本社収支		
202302	005090200	8	種苗費	0.0	0.0	0.0	0.0	0.0	0.0	本社収支	経費	種苗費
202302	005090200	9	肥料費	0.0	0.0	0.0	0.0	0.0	0.0	本社収支	経費	肥料費
202302	005090200	10	培土費用	0.0	0.0	0.0	0.0	0.0	0.0	本社収支	経費	培土費用
202302	005090200	11	農薬衛生費	0.0	0.0	0.0	0.0	0.0	0.0	本社収支	経費	農薬衛生費
202302	005090200	12	農具費	0.0	0.0	0.0	0.0	0.0	0.0	本社収支	経費	農具費
202302	005090200	13	諸材料費	0.0	0.0	0.0	0.0	0.0	0.0	本社収支	経費	諸材料費
202302	005090200	14	その他仕入高	0.0	0.0	0.0	0.0	0.0	0.0	本社収支	経費	その他仕入高
202302	005090200	15	減価償却費	0.0	0.0	0.0	0.0	0.0	0.0	本社収支	経費	減価償却費
202302	005090200	16	車両費	0.0	0.0	0.0	0.0	0.0	0.0	本社収支	経費	車両費
202302	005090200	17	旅費交通費	0.0	0.0	0.0	0.0	0.0	0.0	本社収支	経費	旅費交通費
202302	005090200	18	荷造運搬費	0.0	0.0	0.0	0.0	0.0	0.0	本社収支	経費	荷造運搬費
202302	005090200	19	通信費	0.0	0.0	0.0	0.0	0.0	0.0	本社収支	経費	通信費
202302	005090200	20	水道光熱費	0.0	0.0	0.0	0.0	0.0	0.0	本社収支	経費	水道光熱費
202302	005090200	21	動力費	0.0	0.0	0.0	0.0	0.0	0.0	本社収支	経費	動力費
202302	005090200	22	燃料費	0.0	0.0	0.0	0.0	0.0	0.0	本社収支	経費	燃料費
202302	005090200	23	事務用品費	0.0	0.0	0.0	0.0	0.0	0.0	本社収支	経費	事務用品費
202302	005090200	24	消耗品費	0.0	0.0	0.0	0.0	0.0	0.0	本社収支	経費	消耗品費
202302	005090200	25	廃棄物処理料	0.0	0.0	0.0	0.0	0.0	0.0	本社収支	経費	廃棄物処理料
202302	005090200	26	広告宣伝費	0.0	0.0	0.0	0.0	0.0	0.0	本社収支	経費	広告宣伝費
202302	005090200	27	接待交際費	0.0	0.0	0.0	0.0	0.0	0.0	本社収支	経費	接待交際費
202302	005090200	28	研究開発費	0.0	0.0	0.0	0.0	0.0	0.0	本社収支	経費	研究開発費
202302	005090200	29	クレーム費	0.0	0.0	0.0	0.0	0.0	0.0	本社収支	経費	クレーム費
202302	005090200	30	賃借料	0.0	0.0	0.0	0.0	0.0	0.0	本社収支	経費	賃借料
202302	005090200	31	賃貸料収入	0.0	0.0	0.0	0.0	0.0	0.0	本社収支	経費	賃貸料収入
202302	005090200	32	修繕費	0.0	0.0	0.0	0.0	0.0	0.0	本社収支	経費	修繕費
202302	005090200	33	支払リース料	0.0	0.0	0.0	0.0	0.0	0.0	本社収支	経費	支払リース料
202302	005090200	34	保険料	0.0	0.0	0.0	0.0	0.0	0.0	本社収支	経費	保険料
202302	005090200	35	支払報酬	0.0	0.0	0.0	0.0	0.0	0.0	本社収支	経費	支払報酬
202302	005090200	36	販売手数料	0.0	0.0	0.0	0.0	0.0	0.0	本社収支	経費	販売手数料
202302	005090200	37	支払手数料	0.0	0.0	0.0	0.0	0.0	0.0	本社収支	経費	支払手数料
202302	005090200	38	診断料	0.0	0.0	0.0	0.0	0.0	0.0	本社収支	経費	診断料
202302	005090200	39	諸会費	0.0	0.0	0.0	0.0	0.0	0.0	本社収支	経費	諸会費
202302	005090200	40	会議費	0.0	0.0	0.0	0.0	0.0	0.0	本社収支	経費	会議費
202302	005090200	41	寄付金	0.0	0.0	0.0	0.0	0.0	0.0	本社収支	経費	寄付金
202302	005090200	42	租税公課	0.0	0.0	0.0	0.0	0.0	0.0	本社収支	経費	租税公課
202302	005090200	43	業務委託費	0.0	0.0	0.0	0.0	0.0	0.0	本社収支	経費	業務委託費
202302	005090200	44	業務受託収入	0.0	0.0	0.0	0.0	0.0	0.0	本社収支	経費	業務受託収入
202302	005090200	45	システム管理料	0.0	0.0	0.0	0.0	0.0	0.0	本社収支	経費	システム管理料
202302	005090200	46	情報機器利用料	0.0	0.0	0.0	0.0	0.0	0.0	本社収支	経費	情報機器利用料
202302	005090200	47	貸倒金	0.0	0.0	0.0	0.0	0.0	0.0	本社収支	経費	貸倒金
202302	005090200	48	雑費	0.0	0.0	0.0	0.0	0.0	0.0	本社収支	経費	雑費
202302	005090200	49	福利消耗品費	0.0	0.0	0.0	0.0	0.0	0.0	本社収支	経費	福利消耗品費
202302	005090200	50	教育研修費	0.0	0.0	0.0	0.0	0.0	0.0	本社収支	経費	教育研修費
202302	005090200	51	雑給	0.0	0.0	0.0	0.0	0.0	0.0	本社収支	経費	雑給
202302	005090200	52	社内金利（固定資産）	-67780.0	-67780.0	-109802.0	0.0	0.0	0.0	本社収支	経費	社内金利（固定資産）
202302	005090200	53	グループ共通	0.0	0.0	0.0	0.0	0.0	0.0	本社収支	経費	グループ共通
202302	005090200	54	差引収益	67780.0	67780.0	109802.0	0.0	161.9	161.9	本社収支		
202302	005090200	55	差引比率	0.0	0.0	0.0		0.0	0.0	本社収支		
202302	005090200	56	総時間	11.25	11.25	11.25		100.0	100.0	本社収支		
202302	005090200	57	定時間	0.0	0.0	0.0		0.0	0.0	本社収支	時間	
202302	005090200	58	残業時間	0.0	0.0	0.0		0.0	0.0	本社収支	時間	
202302	005090200	59	移動時間	11.25	11.25	11.25		100.0	100.0	本社収支	時間	
202302	005090200	60	当月時間当り	6024.8	6024.8	9760.1		161.9	161.9	本社収支		
202302	005090200	61	人員	0.0	0.0	0.0		0.0	0.0	本社収支		
202303	005090200	1	総受注高	0.0	0.0	0.0		0.0	0.0	本社収支	受注	
202303	005090200	2	総売上高	0.0	0.0	0.0		0.0	0.0	本社収支		
202303	005090200	3	切り花売上	0.0	0.0	0.0	0.0	0.0	0.0	本社収支	売上	
202303	005090200	4	研究受託売上   	0.0	0.0	0.0	0.0	0.0	0.0	本社収支	売上	
202303	005090200	5	その他売上	0.0	0.0	0.0	0.0	0.0	0.0	本社収支	売上	
202303	005090200	6	堆肥売上            	0.0	0.0	0.0	0.0	0.0	0.0	本社収支	売上	
202303	005090200	7	経費合計	-64483.0	-64483.0	-105313.0	0.0	0.0	0.0	本社収支		
202303	005090200	8	種苗費	0.0	0.0	0.0	0.0	0.0	0.0	本社収支	経費	種苗費
202303	005090200	9	肥料費	0.0	0.0	0.0	0.0	0.0	0.0	本社収支	経費	肥料費
202303	005090200	10	培土費用	0.0	0.0	0.0	0.0	0.0	0.0	本社収支	経費	培土費用
202303	005090200	11	農薬衛生費	0.0	0.0	0.0	0.0	0.0	0.0	本社収支	経費	農薬衛生費
202303	005090200	12	農具費	0.0	0.0	0.0	0.0	0.0	0.0	本社収支	経費	農具費
202303	005090200	13	諸材料費	0.0	0.0	0.0	0.0	0.0	0.0	本社収支	経費	諸材料費
202303	005090200	14	その他仕入高	0.0	0.0	0.0	0.0	0.0	0.0	本社収支	経費	その他仕入高
202303	005090200	15	減価償却費	0.0	0.0	0.0	0.0	0.0	0.0	本社収支	経費	減価償却費
202303	005090200	16	車両費	0.0	0.0	0.0	0.0	0.0	0.0	本社収支	経費	車両費
202303	005090200	17	旅費交通費	0.0	0.0	0.0	0.0	0.0	0.0	本社収支	経費	旅費交通費
202303	005090200	18	荷造運搬費	0.0	0.0	0.0	0.0	0.0	0.0	本社収支	経費	荷造運搬費
202303	005090200	19	通信費	0.0	0.0	0.0	0.0	0.0	0.0	本社収支	経費	通信費
202303	005090200	20	水道光熱費	0.0	0.0	0.0	0.0	0.0	0.0	本社収支	経費	水道光熱費
202303	005090200	21	動力費	0.0	0.0	0.0	0.0	0.0	0.0	本社収支	経費	動力費
202303	005090200	22	燃料費	0.0	0.0	0.0	0.0	0.0	0.0	本社収支	経費	燃料費
202303	005090200	23	事務用品費	0.0	0.0	0.0	0.0	0.0	0.0	本社収支	経費	事務用品費
202303	005090200	24	消耗品費	0.0	0.0	0.0	0.0	0.0	0.0	本社収支	経費	消耗品費
202303	005090200	25	廃棄物処理料	0.0	0.0	0.0	0.0	0.0	0.0	本社収支	経費	廃棄物処理料
202303	005090200	26	広告宣伝費	0.0	0.0	0.0	0.0	0.0	0.0	本社収支	経費	広告宣伝費
202303	005090200	27	接待交際費	0.0	0.0	0.0	0.0	0.0	0.0	本社収支	経費	接待交際費
202303	005090200	28	研究開発費	0.0	0.0	0.0	0.0	0.0	0.0	本社収支	経費	研究開発費
202303	005090200	29	クレーム費	0.0	0.0	0.0	0.0	0.0	0.0	本社収支	経費	クレーム費
202303	005090200	30	賃借料	0.0	0.0	0.0	0.0	0.0	0.0	本社収支	経費	賃借料
202303	005090200	31	賃貸料収入	0.0	0.0	0.0	0.0	0.0	0.0	本社収支	経費	賃貸料収入
202303	005090200	32	修繕費	0.0	0.0	0.0	0.0	0.0	0.0	本社収支	経費	修繕費
202303	005090200	33	支払リース料	0.0	0.0	0.0	0.0	0.0	0.0	本社収支	経費	支払リース料
202303	005090200	34	保険料	0.0	0.0	0.0	0.0	0.0	0.0	本社収支	経費	保険料
202303	005090200	35	支払報酬	0.0	0.0	0.0	0.0	0.0	0.0	本社収支	経費	支払報酬
202303	005090200	36	販売手数料	0.0	0.0	0.0	0.0	0.0	0.0	本社収支	経費	販売手数料
202303	005090200	37	支払手数料	0.0	0.0	0.0	0.0	0.0	0.0	本社収支	経費	支払手数料
202303	005090200	38	診断料	0.0	0.0	0.0	0.0	0.0	0.0	本社収支	経費	診断料
202303	005090200	39	諸会費	0.0	0.0	0.0	0.0	0.0	0.0	本社収支	経費	諸会費
202303	005090200	40	会議費	0.0	0.0	0.0	0.0	0.0	0.0	本社収支	経費	会議費
202303	005090200	41	寄付金	0.0	0.0	0.0	0.0	0.0	0.0	本社収支	経費	寄付金
202303	005090200	42	租税公課	0.0	0.0	0.0	0.0	0.0	0.0	本社収支	経費	租税公課
202303	005090200	43	業務委託費	0.0	0.0	0.0	0.0	0.0	0.0	本社収支	経費	業務委託費
202303	005090200	44	業務受託収入	0.0	0.0	0.0	0.0	0.0	0.0	本社収支	経費	業務受託収入
202303	005090200	45	システム管理料	0.0	0.0	0.0	0.0	0.0	0.0	本社収支	経費	システム管理料
202303	005090200	46	情報機器利用料	0.0	0.0	0.0	0.0	0.0	0.0	本社収支	経費	情報機器利用料
202303	005090200	47	貸倒金	0.0	0.0	0.0	0.0	0.0	0.0	本社収支	経費	貸倒金
202303	005090200	48	雑費	0.0	0.0	0.0	0.0	0.0	0.0	本社収支	経費	雑費
202303	005090200	49	福利消耗品費	0.0	0.0	0.0	0.0	0.0	0.0	本社収支	経費	福利消耗品費
202303	005090200	50	教育研修費	0.0	0.0	0.0	0.0	0.0	0.0	本社収支	経費	教育研修費
202303	005090200	51	雑給	0.0	0.0	0.0	0.0	0.0	0.0	本社収支	経費	雑給
202303	005090200	52	社内金利（固定資産）	-64483.0	-64483.0	-105313.0	0.0	0.0	0.0	本社収支	経費	社内金利（固定資産）
202303	005090200	53	グループ共通	0.0	0.0	0.0	0.0	0.0	0.0	本社収支	経費	グループ共通
202303	005090200	54	差引収益	64483.0	64483.0	105313.0	0.0	163.3	163.3	本社収支		
202303	005090200	55	差引比率	0.0	0.0	0.0		0.0	0.0	本社収支		
202303	005090200	56	総時間	13.25	13.25	13.75		103.7	103.7	本社収支		
202303	005090200	57	定時間	0.0	0.0	0.0		0.0	0.0	本社収支	時間	
202303	005090200	58	残業時間	0.0	0.0	0.0		0.0	0.0	本社収支	時間	
202303	005090200	59	移動時間	13.25	13.25	13.75		103.7	103.7	本社収支	時間	
202303	005090200	60	当月時間当り	4866.6	4866.6	7659.1		157.3	157.3	本社収支		
202303	005090200	61	人員	0.0	0.0	0.0		0.0	0.0	本社収支		
202304	005090200	1	総受注高	0.0	0.0	0.0		0.0	0.0	本社収支	受注	
202304	005090200	2	総売上高	0.0	0.0	0.0		0.0	0.0	本社収支		
202304	005090200	3	切り花売上	0.0	0.0	0.0	0.0	0.0	0.0	本社収支	売上	
202304	005090200	4	研究受託売上   	0.0	0.0	0.0	0.0	0.0	0.0	本社収支	売上	
202304	005090200	5	その他売上	0.0	0.0	0.0	0.0	0.0	0.0	本社収支	売上	
202304	005090200	6	堆肥売上            	0.0	0.0	0.0	0.0	0.0	0.0	本社収支	売上	
202304	005090200	7	経費合計	-101278.0	-101278.0	-101279.0	0.0	0.0	0.0	本社収支		
202304	005090200	8	種苗費	0.0	0.0	0.0	0.0	0.0	0.0	本社収支	経費	種苗費
202304	005090200	9	肥料費	0.0	0.0	0.0	0.0	0.0	0.0	本社収支	経費	肥料費
202304	005090200	10	培土費用	0.0	0.0	0.0	0.0	0.0	0.0	本社収支	経費	培土費用
202304	005090200	11	農薬衛生費	0.0	0.0	0.0	0.0	0.0	0.0	本社収支	経費	農薬衛生費
202304	005090200	12	農具費	0.0	0.0	0.0	0.0	0.0	0.0	本社収支	経費	農具費
202304	005090200	13	諸材料費	0.0	0.0	0.0	0.0	0.0	0.0	本社収支	経費	諸材料費
202304	005090200	14	その他仕入高	0.0	0.0	0.0	0.0	0.0	0.0	本社収支	経費	その他仕入高
202304	005090200	15	減価償却費	0.0	0.0	0.0	0.0	0.0	0.0	本社収支	経費	減価償却費
202304	005090200	16	車両費	0.0	0.0	0.0	0.0	0.0	0.0	本社収支	経費	車両費
202304	005090200	17	旅費交通費	0.0	0.0	0.0	0.0	0.0	0.0	本社収支	経費	旅費交通費
202304	005090200	18	荷造運搬費	0.0	0.0	0.0	0.0	0.0	0.0	本社収支	経費	荷造運搬費
202304	005090200	19	通信費	0.0	0.0	0.0	0.0	0.0	0.0	本社収支	経費	通信費
202304	005090200	20	水道光熱費	0.0	0.0	0.0	0.0	0.0	0.0	本社収支	経費	水道光熱費
202304	005090200	21	動力費	0.0	0.0	0.0	0.0	0.0	0.0	本社収支	経費	動力費
202304	005090200	22	燃料費	0.0	0.0	0.0	0.0	0.0	0.0	本社収支	経費	燃料費
202304	005090200	23	事務用品費	0.0	0.0	0.0	0.0	0.0	0.0	本社収支	経費	事務用品費
202304	005090200	24	消耗品費	0.0	0.0	0.0	0.0	0.0	0.0	本社収支	経費	消耗品費
202304	005090200	25	廃棄物処理料	0.0	0.0	0.0	0.0	0.0	0.0	本社収支	経費	廃棄物処理料
202304	005090200	26	広告宣伝費	0.0	0.0	0.0	0.0	0.0	0.0	本社収支	経費	広告宣伝費
202304	005090200	27	接待交際費	0.0	0.0	0.0	0.0	0.0	0.0	本社収支	経費	接待交際費
202304	005090200	28	研究開発費	0.0	0.0	0.0	0.0	0.0	0.0	本社収支	経費	研究開発費
202304	005090200	29	クレーム費	0.0	0.0	0.0	0.0	0.0	0.0	本社収支	経費	クレーム費
202304	005090200	30	賃借料	0.0	0.0	0.0	0.0	0.0	0.0	本社収支	経費	賃借料
202304	005090200	31	賃貸料収入	0.0	0.0	0.0	0.0	0.0	0.0	本社収支	経費	賃貸料収入
202304	005090200	32	修繕費	0.0	0.0	0.0	0.0	0.0	0.0	本社収支	経費	修繕費
202304	005090200	33	支払リース料	0.0	0.0	0.0	0.0	0.0	0.0	本社収支	経費	支払リース料
202304	005090200	34	保険料	0.0	0.0	0.0	0.0	0.0	0.0	本社収支	経費	保険料
202304	005090200	35	支払報酬	0.0	0.0	0.0	0.0	0.0	0.0	本社収支	経費	支払報酬
202304	005090200	36	販売手数料	0.0	0.0	0.0	0.0	0.0	0.0	本社収支	経費	販売手数料
202304	005090200	37	支払手数料	0.0	0.0	0.0	0.0	0.0	0.0	本社収支	経費	支払手数料
202304	005090200	38	診断料	0.0	0.0	0.0	0.0	0.0	0.0	本社収支	経費	診断料
202304	005090200	39	諸会費	0.0	0.0	0.0	0.0	0.0	0.0	本社収支	経費	諸会費
202304	005090200	40	会議費	0.0	0.0	0.0	0.0	0.0	0.0	本社収支	経費	会議費
202304	005090200	41	寄付金	0.0	0.0	0.0	0.0	0.0	0.0	本社収支	経費	寄付金
202304	005090200	42	租税公課	0.0	0.0	0.0	0.0	0.0	0.0	本社収支	経費	租税公課
202304	005090200	43	業務委託費	0.0	0.0	0.0	0.0	0.0	0.0	本社収支	経費	業務委託費
202304	005090200	44	業務受託収入	0.0	0.0	0.0	0.0	0.0	0.0	本社収支	経費	業務受託収入
202304	005090200	45	システム管理料	0.0	0.0	0.0	0.0	0.0	0.0	本社収支	経費	システム管理料
202304	005090200	46	情報機器利用料	0.0	0.0	0.0	0.0	0.0	0.0	本社収支	経費	情報機器利用料
202304	005090200	47	貸倒金	0.0	0.0	0.0	0.0	0.0	0.0	本社収支	経費	貸倒金
202304	005090200	48	雑費	0.0	0.0	0.0	0.0	0.0	0.0	本社収支	経費	雑費
202304	005090200	49	福利消耗品費	0.0	0.0	0.0	0.0	0.0	0.0	本社収支	経費	福利消耗品費
202304	005090200	50	教育研修費	0.0	0.0	0.0	0.0	0.0	0.0	本社収支	経費	教育研修費
202304	005090200	51	雑給	0.0	0.0	0.0	0.0	0.0	0.0	本社収支	経費	雑給
202304	005090200	52	社内金利（固定資産）	-101278.0	-101278.0	-101279.0	0.0	0.0	0.0	本社収支	経費	社内金利（固定資産）
202304	005090200	53	グループ共通	0.0	0.0	0.0	0.0	0.0	0.0	本社収支	経費	グループ共通
202304	005090200	54	差引収益	101278.0	101278.0	101279.0	0.0	100.0	100.0	本社収支		
202304	005090200	55	差引比率	0.0	0.0	0.0		0.0	0.0	本社収支		
202304	005090200	56	総時間	13.75	13.75	13.5		98.1	98.1	本社収支		
202304	005090200	57	定時間	0.0	0.0	0.0		0.0	0.0	本社収支	時間	
202304	005090200	58	残業時間	0.0	0.0	0.0		0.0	0.0	本社収支	時間	
202304	005090200	59	移動時間	13.75	13.75	13.5		98.1	98.1	本社収支	時間	
202304	005090200	60	当月時間当り	7365.6	7365.6	7502.1		101.8	101.8	本社収支		
202304	005090200	61	人員	0.0	0.0	0.0		0.0	0.0	本社収支		
202305	005090200	1	総受注高	0.0	0.0	0.0		0.0	0.0	本社収支	受注	
202305	005090200	2	総売上高	0.0	0.0	0.0		0.0	0.0	本社収支		
202305	005090200	3	切り花売上	0.0	0.0	0.0	0.0	0.0	0.0	本社収支	売上	
202305	005090200	4	研究受託売上   	0.0	0.0	0.0	0.0	0.0	0.0	本社収支	売上	
202305	005090200	5	その他売上	0.0	0.0	0.0	0.0	0.0	0.0	本社収支	売上	
202305	005090200	6	堆肥売上            	0.0	0.0	0.0	0.0	0.0	0.0	本社収支	売上	
202305	005090200	7	経費合計	-97244.0	-97468.0	-97245.0	0.0	0.0	0.0	本社収支		
202305	005090200	8	種苗費	0.0	0.0	0.0	0.0	0.0	0.0	本社収支	経費	種苗費
202305	005090200	9	肥料費	0.0	0.0	0.0	0.0	0.0	0.0	本社収支	経費	肥料費
202305	005090200	10	培土費用	0.0	0.0	0.0	0.0	0.0	0.0	本社収支	経費	培土費用
202305	005090200	11	農薬衛生費	0.0	0.0	0.0	0.0	0.0	0.0	本社収支	経費	農薬衛生費
202305	005090200	12	農具費	0.0	0.0	0.0	0.0	0.0	0.0	本社収支	経費	農具費
202305	005090200	13	諸材料費	0.0	0.0	0.0	0.0	0.0	0.0	本社収支	経費	諸材料費
202305	005090200	14	その他仕入高	0.0	0.0	0.0	0.0	0.0	0.0	本社収支	経費	その他仕入高
202305	005090200	15	減価償却費	0.0	0.0	0.0	0.0	0.0	0.0	本社収支	経費	減価償却費
202305	005090200	16	車両費	0.0	0.0	0.0	0.0	0.0	0.0	本社収支	経費	車両費
202305	005090200	17	旅費交通費	0.0	0.0	0.0	0.0	0.0	0.0	本社収支	経費	旅費交通費
202305	005090200	18	荷造運搬費	0.0	0.0	0.0	0.0	0.0	0.0	本社収支	経費	荷造運搬費
202305	005090200	19	通信費	0.0	0.0	0.0	0.0	0.0	0.0	本社収支	経費	通信費
202305	005090200	20	水道光熱費	0.0	0.0	0.0	0.0	0.0	0.0	本社収支	経費	水道光熱費
202305	005090200	21	動力費	0.0	0.0	0.0	0.0	0.0	0.0	本社収支	経費	動力費
202305	005090200	22	燃料費	0.0	0.0	0.0	0.0	0.0	0.0	本社収支	経費	燃料費
202305	005090200	23	事務用品費	0.0	0.0	0.0	0.0	0.0	0.0	本社収支	経費	事務用品費
202305	005090200	24	消耗品費	0.0	0.0	0.0	0.0	0.0	0.0	本社収支	経費	消耗品費
202305	005090200	25	廃棄物処理料	0.0	0.0	0.0	0.0	0.0	0.0	本社収支	経費	廃棄物処理料
202305	005090200	26	広告宣伝費	0.0	0.0	0.0	0.0	0.0	0.0	本社収支	経費	広告宣伝費
202305	005090200	27	接待交際費	0.0	0.0	0.0	0.0	0.0	0.0	本社収支	経費	接待交際費
202305	005090200	28	研究開発費	0.0	0.0	0.0	0.0	0.0	0.0	本社収支	経費	研究開発費
202305	005090200	29	クレーム費	0.0	0.0	0.0	0.0	0.0	0.0	本社収支	経費	クレーム費
202305	005090200	30	賃借料	0.0	0.0	0.0	0.0	0.0	0.0	本社収支	経費	賃借料
202305	005090200	31	賃貸料収入	0.0	0.0	0.0	0.0	0.0	0.0	本社収支	経費	賃貸料収入
202305	005090200	32	修繕費	0.0	0.0	0.0	0.0	0.0	0.0	本社収支	経費	修繕費
202305	005090200	33	支払リース料	0.0	0.0	0.0	0.0	0.0	0.0	本社収支	経費	支払リース料
202305	005090200	34	保険料	0.0	0.0	0.0	0.0	0.0	0.0	本社収支	経費	保険料
202305	005090200	35	支払報酬	0.0	0.0	0.0	0.0	0.0	0.0	本社収支	経費	支払報酬
202305	005090200	36	販売手数料	0.0	0.0	0.0	0.0	0.0	0.0	本社収支	経費	販売手数料
202305	005090200	37	支払手数料	0.0	0.0	0.0	0.0	0.0	0.0	本社収支	経費	支払手数料
202305	005090200	38	診断料	0.0	0.0	0.0	0.0	0.0	0.0	本社収支	経費	診断料
202305	005090200	39	諸会費	0.0	0.0	0.0	0.0	0.0	0.0	本社収支	経費	諸会費
202305	005090200	40	会議費	0.0	0.0	0.0	0.0	0.0	0.0	本社収支	経費	会議費
202305	005090200	41	寄付金	0.0	0.0	0.0	0.0	0.0	0.0	本社収支	経費	寄付金
202305	005090200	42	租税公課	0.0	0.0	0.0	0.0	0.0	0.0	本社収支	経費	租税公課
202305	005090200	43	業務委託費	0.0	0.0	0.0	0.0	0.0	0.0	本社収支	経費	業務委託費
202305	005090200	44	業務受託収入	0.0	0.0	0.0	0.0	0.0	0.0	本社収支	経費	業務受託収入
202305	005090200	45	システム管理料	0.0	0.0	0.0	0.0	0.0	0.0	本社収支	経費	システム管理料
202305	005090200	46	情報機器利用料	0.0	0.0	0.0	0.0	0.0	0.0	本社収支	経費	情報機器利用料
202305	005090200	47	貸倒金	0.0	0.0	0.0	0.0	0.0	0.0	本社収支	経費	貸倒金
202305	005090200	48	雑費	0.0	0.0	0.0	0.0	0.0	0.0	本社収支	経費	雑費
202305	005090200	49	福利消耗品費	0.0	0.0	0.0	0.0	0.0	0.0	本社収支	経費	福利消耗品費
202305	005090200	50	教育研修費	0.0	0.0	0.0	0.0	0.0	0.0	本社収支	経費	教育研修費
202305	005090200	51	雑給	0.0	0.0	0.0	0.0	0.0	0.0	本社収支	経費	雑給
202305	005090200	52	社内金利（固定資産）	-97244.0	-97468.0	-97245.0	0.0	0.0	0.0	本社収支	経費	社内金利（固定資産）
202305	005090200	53	グループ共通	0.0	0.0	0.0	0.0	0.0	0.0	本社収支	経費	グループ共通
202305	005090200	54	差引収益	97244.0	97468.0	97245.0	0.0	99.7	100.0	本社収支		
202305	005090200	55	差引比率	0.0	0.0	0.0		0.0	0.0	本社収支		
202305	005090200	56	総時間	13.75	13.75	13.5		98.1	98.1	本社収支		
202305	005090200	57	定時間	0.0	0.0	0.0		0.0	0.0	本社収支	時間	
202305	005090200	58	残業時間	0.0	0.0	0.0		0.0	0.0	本社収支	時間	
202305	005090200	59	移動時間	13.75	13.75	13.5		98.1	98.1	本社収支	時間	
202305	005090200	60	当月時間当り	7072.2	7088.5	7203.3		101.6	101.8	本社収支		
202305	005090200	61	人員	0.0	0.0	0.0		0.0	0.0	本社収支		
202306	005090200	1	総受注高	0.0	0.0	0.0		0.0	0.0	本社収支	受注	
202306	005090200	2	総売上高	0.0	0.0	0.0		0.0	0.0	本社収支		
202306	005090200	3	切り花売上	0.0	0.0	0.0	0.0	0.0	0.0	本社収支	売上	
202306	005090200	4	研究受託売上   	0.0	0.0	0.0	0.0	0.0	0.0	本社収支	売上	
202306	005090200	5	その他売上	0.0	0.0	0.0	0.0	0.0	0.0	本社収支	売上	
202306	005090200	6	堆肥売上            	0.0	0.0	0.0	0.0	0.0	0.0	本社収支	売上	
202306	005090200	7	経費合計	-93211.0	-93211.0	-93212.0	0.0	0.0	0.0	本社収支		
202306	005090200	8	種苗費	0.0	0.0	0.0	0.0	0.0	0.0	本社収支	経費	種苗費
202306	005090200	9	肥料費	0.0	0.0	0.0	0.0	0.0	0.0	本社収支	経費	肥料費
202306	005090200	10	培土費用	0.0	0.0	0.0	0.0	0.0	0.0	本社収支	経費	培土費用
202306	005090200	11	農薬衛生費	0.0	0.0	0.0	0.0	0.0	0.0	本社収支	経費	農薬衛生費
202306	005090200	12	農具費	0.0	0.0	0.0	0.0	0.0	0.0	本社収支	経費	農具費
202306	005090200	13	諸材料費	0.0	0.0	0.0	0.0	0.0	0.0	本社収支	経費	諸材料費
202306	005090200	14	その他仕入高	0.0	0.0	0.0	0.0	0.0	0.0	本社収支	経費	その他仕入高
202306	005090200	15	減価償却費	0.0	0.0	0.0	0.0	0.0	0.0	本社収支	経費	減価償却費
202306	005090200	16	車両費	0.0	0.0	0.0	0.0	0.0	0.0	本社収支	経費	車両費
202306	005090200	17	旅費交通費	0.0	0.0	0.0	0.0	0.0	0.0	本社収支	経費	旅費交通費
202306	005090200	18	荷造運搬費	0.0	0.0	0.0	0.0	0.0	0.0	本社収支	経費	荷造運搬費
202306	005090200	19	通信費	0.0	0.0	0.0	0.0	0.0	0.0	本社収支	経費	通信費
202306	005090200	20	水道光熱費	0.0	0.0	0.0	0.0	0.0	0.0	本社収支	経費	水道光熱費
202306	005090200	21	動力費	0.0	0.0	0.0	0.0	0.0	0.0	本社収支	経費	動力費
202306	005090200	22	燃料費	0.0	0.0	0.0	0.0	0.0	0.0	本社収支	経費	燃料費
202306	005090200	23	事務用品費	0.0	0.0	0.0	0.0	0.0	0.0	本社収支	経費	事務用品費
202306	005090200	24	消耗品費	0.0	0.0	0.0	0.0	0.0	0.0	本社収支	経費	消耗品費
202306	005090200	25	廃棄物処理料	0.0	0.0	0.0	0.0	0.0	0.0	本社収支	経費	廃棄物処理料
202306	005090200	26	広告宣伝費	0.0	0.0	0.0	0.0	0.0	0.0	本社収支	経費	広告宣伝費
202306	005090200	27	接待交際費	0.0	0.0	0.0	0.0	0.0	0.0	本社収支	経費	接待交際費
202306	005090200	28	研究開発費	0.0	0.0	0.0	0.0	0.0	0.0	本社収支	経費	研究開発費
202306	005090200	29	クレーム費	0.0	0.0	0.0	0.0	0.0	0.0	本社収支	経費	クレーム費
202306	005090200	30	賃借料	0.0	0.0	0.0	0.0	0.0	0.0	本社収支	経費	賃借料
202306	005090200	31	賃貸料収入	0.0	0.0	0.0	0.0	0.0	0.0	本社収支	経費	賃貸料収入
202306	005090200	32	修繕費	0.0	0.0	0.0	0.0	0.0	0.0	本社収支	経費	修繕費
202306	005090200	33	支払リース料	0.0	0.0	0.0	0.0	0.0	0.0	本社収支	経費	支払リース料
202306	005090200	34	保険料	0.0	0.0	0.0	0.0	0.0	0.0	本社収支	経費	保険料
202306	005090200	35	支払報酬	0.0	0.0	0.0	0.0	0.0	0.0	本社収支	経費	支払報酬
202306	005090200	36	販売手数料	0.0	0.0	0.0	0.0	0.0	0.0	本社収支	経費	販売手数料
202306	005090200	37	支払手数料	0.0	0.0	0.0	0.0	0.0	0.0	本社収支	経費	支払手数料
202306	005090200	38	診断料	0.0	0.0	0.0	0.0	0.0	0.0	本社収支	経費	診断料
202306	005090200	39	諸会費	0.0	0.0	0.0	0.0	0.0	0.0	本社収支	経費	諸会費
202306	005090200	40	会議費	0.0	0.0	0.0	0.0	0.0	0.0	本社収支	経費	会議費
202306	005090200	41	寄付金	0.0	0.0	0.0	0.0	0.0	0.0	本社収支	経費	寄付金
202306	005090200	42	租税公課	0.0	0.0	0.0	0.0	0.0	0.0	本社収支	経費	租税公課
202306	005090200	43	業務委託費	0.0	0.0	0.0	0.0	0.0	0.0	本社収支	経費	業務委託費
202306	005090200	44	業務受託収入	0.0	0.0	0.0	0.0	0.0	0.0	本社収支	経費	業務受託収入
202306	005090200	45	システム管理料	0.0	0.0	0.0	0.0	0.0	0.0	本社収支	経費	システム管理料
202306	005090200	46	情報機器利用料	0.0	0.0	0.0	0.0	0.0	0.0	本社収支	経費	情報機器利用料
202306	005090200	47	貸倒金	0.0	0.0	0.0	0.0	0.0	0.0	本社収支	経費	貸倒金
202306	005090200	48	雑費	0.0	0.0	0.0	0.0	0.0	0.0	本社収支	経費	雑費
202306	005090200	49	福利消耗品費	0.0	0.0	0.0	0.0	0.0	0.0	本社収支	経費	福利消耗品費
202306	005090200	50	教育研修費	0.0	0.0	0.0	0.0	0.0	0.0	本社収支	経費	教育研修費
202306	005090200	51	雑給	0.0	0.0	0.0	0.0	0.0	0.0	本社収支	経費	雑給
202306	005090200	52	社内金利（固定資産）	-93211.0	-93211.0	-93212.0	0.0	0.0	0.0	本社収支	経費	社内金利（固定資産）
202306	005090200	53	グループ共通	0.0	0.0	0.0	0.0	0.0	0.0	本社収支	経費	グループ共通
202306	005090200	54	差引収益	93211.0	93211.0	93212.0	0.0	100.0	100.0	本社収支		
202306	005090200	55	差引比率	0.0	0.0	0.0		0.0	0.0	本社収支		
202306	005090200	56	総時間	15.0	15.0	14.5		96.6	96.6	本社収支		
202306	005090200	57	定時間	0.0	0.0	0.0		0.0	0.0	本社収支	時間	
202306	005090200	58	残業時間	0.0	0.0	0.0		0.0	0.0	本社収支	時間	
202306	005090200	59	移動時間	15.0	15.0	14.5		96.6	96.6	本社収支	時間	
202306	005090200	60	当月時間当り	6214.0	6214.0	6428.4		103.4	103.4	本社収支		
202306	005090200	61	人員	0.0	0.0	0.0		0.0	0.0	本社収支		
202307	005090200	1	総受注高	0.0	0.0	0.0		0.0	0.0	本社収支	受注	
202307	005090200	2	総売上高	0.0	0.0	0.0		0.0	0.0	本社収支		
202307	005090200	3	切り花売上	0.0	0.0	0.0	0.0	0.0	0.0	本社収支	売上	
202307	005090200	4	研究受託売上   	0.0	0.0	0.0	0.0	0.0	0.0	本社収支	売上	
202307	005090200	5	その他売上	0.0	0.0	0.0	0.0	0.0	0.0	本社収支	売上	
202307	005090200	6	堆肥売上            	0.0	0.0	0.0	0.0	0.0	0.0	本社収支	売上	
202307	005090200	7	経費合計	-89177.0	-89177.0	-89178.0	0.0	0.0	0.0	本社収支		
202307	005090200	8	種苗費	0.0	0.0	0.0	0.0	0.0	0.0	本社収支	経費	種苗費
202307	005090200	9	肥料費	0.0	0.0	0.0	0.0	0.0	0.0	本社収支	経費	肥料費
202307	005090200	10	培土費用	0.0	0.0	0.0	0.0	0.0	0.0	本社収支	経費	培土費用
202307	005090200	11	農薬衛生費	0.0	0.0	0.0	0.0	0.0	0.0	本社収支	経費	農薬衛生費
202307	005090200	12	農具費	0.0	0.0	0.0	0.0	0.0	0.0	本社収支	経費	農具費
202307	005090200	13	諸材料費	0.0	0.0	0.0	0.0	0.0	0.0	本社収支	経費	諸材料費
202307	005090200	14	その他仕入高	0.0	0.0	0.0	0.0	0.0	0.0	本社収支	経費	その他仕入高
202307	005090200	15	減価償却費	0.0	0.0	0.0	0.0	0.0	0.0	本社収支	経費	減価償却費
202307	005090200	16	車両費	0.0	0.0	0.0	0.0	0.0	0.0	本社収支	経費	車両費
202307	005090200	17	旅費交通費	0.0	0.0	0.0	0.0	0.0	0.0	本社収支	経費	旅費交通費
202307	005090200	18	荷造運搬費	0.0	0.0	0.0	0.0	0.0	0.0	本社収支	経費	荷造運搬費
202307	005090200	19	通信費	0.0	0.0	0.0	0.0	0.0	0.0	本社収支	経費	通信費
202307	005090200	20	水道光熱費	0.0	0.0	0.0	0.0	0.0	0.0	本社収支	経費	水道光熱費
202307	005090200	21	動力費	0.0	0.0	0.0	0.0	0.0	0.0	本社収支	経費	動力費
202307	005090200	22	燃料費	0.0	0.0	0.0	0.0	0.0	0.0	本社収支	経費	燃料費
202307	005090200	23	事務用品費	0.0	0.0	0.0	0.0	0.0	0.0	本社収支	経費	事務用品費
202307	005090200	24	消耗品費	0.0	0.0	0.0	0.0	0.0	0.0	本社収支	経費	消耗品費
202307	005090200	25	廃棄物処理料	0.0	0.0	0.0	0.0	0.0	0.0	本社収支	経費	廃棄物処理料
202307	005090200	26	広告宣伝費	0.0	0.0	0.0	0.0	0.0	0.0	本社収支	経費	広告宣伝費
202307	005090200	27	接待交際費	0.0	0.0	0.0	0.0	0.0	0.0	本社収支	経費	接待交際費
202307	005090200	28	研究開発費	0.0	0.0	0.0	0.0	0.0	0.0	本社収支	経費	研究開発費
202307	005090200	29	クレーム費	0.0	0.0	0.0	0.0	0.0	0.0	本社収支	経費	クレーム費
202307	005090200	30	賃借料	0.0	0.0	0.0	0.0	0.0	0.0	本社収支	経費	賃借料
202307	005090200	31	賃貸料収入	0.0	0.0	0.0	0.0	0.0	0.0	本社収支	経費	賃貸料収入
202307	005090200	32	修繕費	0.0	0.0	0.0	0.0	0.0	0.0	本社収支	経費	修繕費
202307	005090200	33	支払リース料	0.0	0.0	0.0	0.0	0.0	0.0	本社収支	経費	支払リース料
202307	005090200	34	保険料	0.0	0.0	0.0	0.0	0.0	0.0	本社収支	経費	保険料
202307	005090200	35	支払報酬	0.0	0.0	0.0	0.0	0.0	0.0	本社収支	経費	支払報酬
202307	005090200	36	販売手数料	0.0	0.0	0.0	0.0	0.0	0.0	本社収支	経費	販売手数料
202307	005090200	37	支払手数料	0.0	0.0	0.0	0.0	0.0	0.0	本社収支	経費	支払手数料
202307	005090200	38	診断料	0.0	0.0	0.0	0.0	0.0	0.0	本社収支	経費	診断料
202307	005090200	39	諸会費	0.0	0.0	0.0	0.0	0.0	0.0	本社収支	経費	諸会費
202307	005090200	40	会議費	0.0	0.0	0.0	0.0	0.0	0.0	本社収支	経費	会議費
202307	005090200	41	寄付金	0.0	0.0	0.0	0.0	0.0	0.0	本社収支	経費	寄付金
202307	005090200	42	租税公課	0.0	0.0	0.0	0.0	0.0	0.0	本社収支	経費	租税公課
202307	005090200	43	業務委託費	0.0	0.0	0.0	0.0	0.0	0.0	本社収支	経費	業務委託費
202307	005090200	44	業務受託収入	0.0	0.0	0.0	0.0	0.0	0.0	本社収支	経費	業務受託収入
202307	005090200	45	システム管理料	0.0	0.0	0.0	0.0	0.0	0.0	本社収支	経費	システム管理料
202307	005090200	46	情報機器利用料	0.0	0.0	0.0	0.0	0.0	0.0	本社収支	経費	情報機器利用料
202307	005090200	47	貸倒金	0.0	0.0	0.0	0.0	0.0	0.0	本社収支	経費	貸倒金
202307	005090200	48	雑費	0.0	0.0	0.0	0.0	0.0	0.0	本社収支	経費	雑費
202307	005090200	49	福利消耗品費	0.0	0.0	0.0	0.0	0.0	0.0	本社収支	経費	福利消耗品費
202307	005090200	50	教育研修費	0.0	0.0	0.0	0.0	0.0	0.0	本社収支	経費	教育研修費
202307	005090200	51	雑給	0.0	0.0	0.0	0.0	0.0	0.0	本社収支	経費	雑給
202307	005090200	52	社内金利（固定資産）	-89177.0	-89177.0	-89178.0	0.0	0.0	0.0	本社収支	経費	社内金利（固定資産）
202307	005090200	53	グループ共通	0.0	0.0	0.0	0.0	0.0	0.0	本社収支	経費	グループ共通
202307	005090200	54	差引収益	89177.0	89177.0	89178.0	0.0	100.0	100.0	本社収支		
202307	005090200	55	差引比率	0.0	0.0	0.0		0.0	0.0	本社収支		
202307	005090200	56	総時間	13.25	13.25	13.0		98.1	98.1	本社収支		
202307	005090200	57	定時間	0.0	0.0	0.0		0.0	0.0	本社収支	時間	
202307	005090200	58	残業時間	0.0	0.0	0.0		0.0	0.0	本社収支	時間	
202307	005090200	59	移動時間	13.25	13.25	13.0		98.1	98.1	本社収支	時間	
202307	005090200	60	当月時間当り	6730.3	6730.3	6859.8		101.9	101.9	本社収支		
202307	005090200	61	人員	0.0	0.0	0.0		0.0	0.0	本社収支		
202308	005090200	1	総受注高	0.0	0.0	0.0		0.0	0.0	本社収支	受注	
202308	005090200	2	総売上高	0.0	0.0	0.0		0.0	0.0	本社収支		
202308	005090200	3	切り花売上	0.0	0.0	0.0	0.0	0.0	0.0	本社収支	売上	
202308	005090200	4	研究受託売上   	0.0	0.0	0.0	0.0	0.0	0.0	本社収支	売上	
202308	005090200	5	その他売上	0.0	0.0	0.0	0.0	0.0	0.0	本社収支	売上	
202308	005090200	6	堆肥売上            	0.0	0.0	0.0	0.0	0.0	0.0	本社収支	売上	
202308	005090200	7	経費合計	-85143.0	-85143.0	-85144.0	0.0	0.0	0.0	本社収支		
202308	005090200	8	種苗費	0.0	0.0	0.0	0.0	0.0	0.0	本社収支	経費	種苗費
202308	005090200	9	肥料費	0.0	0.0	0.0	0.0	0.0	0.0	本社収支	経費	肥料費
202308	005090200	10	培土費用	0.0	0.0	0.0	0.0	0.0	0.0	本社収支	経費	培土費用
202308	005090200	11	農薬衛生費	0.0	0.0	0.0	0.0	0.0	0.0	本社収支	経費	農薬衛生費
202308	005090200	12	農具費	0.0	0.0	0.0	0.0	0.0	0.0	本社収支	経費	農具費
202308	005090200	13	諸材料費	0.0	0.0	0.0	0.0	0.0	0.0	本社収支	経費	諸材料費
202308	005090200	14	その他仕入高	0.0	0.0	0.0	0.0	0.0	0.0	本社収支	経費	その他仕入高
202308	005090200	15	減価償却費	0.0	0.0	0.0	0.0	0.0	0.0	本社収支	経費	減価償却費
202308	005090200	16	車両費	0.0	0.0	0.0	0.0	0.0	0.0	本社収支	経費	車両費
202308	005090200	17	旅費交通費	0.0	0.0	0.0	0.0	0.0	0.0	本社収支	経費	旅費交通費
202308	005090200	18	荷造運搬費	0.0	0.0	0.0	0.0	0.0	0.0	本社収支	経費	荷造運搬費
202308	005090200	19	通信費	0.0	0.0	0.0	0.0	0.0	0.0	本社収支	経費	通信費
202308	005090200	20	水道光熱費	0.0	0.0	0.0	0.0	0.0	0.0	本社収支	経費	水道光熱費
202308	005090200	21	動力費	0.0	0.0	0.0	0.0	0.0	0.0	本社収支	経費	動力費
202308	005090200	22	燃料費	0.0	0.0	0.0	0.0	0.0	0.0	本社収支	経費	燃料費
202308	005090200	23	事務用品費	0.0	0.0	0.0	0.0	0.0	0.0	本社収支	経費	事務用品費
202308	005090200	24	消耗品費	0.0	0.0	0.0	0.0	0.0	0.0	本社収支	経費	消耗品費
202308	005090200	25	廃棄物処理料	0.0	0.0	0.0	0.0	0.0	0.0	本社収支	経費	廃棄物処理料
202308	005090200	26	広告宣伝費	0.0	0.0	0.0	0.0	0.0	0.0	本社収支	経費	広告宣伝費
202308	005090200	27	接待交際費	0.0	0.0	0.0	0.0	0.0	0.0	本社収支	経費	接待交際費
202308	005090200	28	研究開発費	0.0	0.0	0.0	0.0	0.0	0.0	本社収支	経費	研究開発費
202308	005090200	29	クレーム費	0.0	0.0	0.0	0.0	0.0	0.0	本社収支	経費	クレーム費
202308	005090200	30	賃借料	0.0	0.0	0.0	0.0	0.0	0.0	本社収支	経費	賃借料
202308	005090200	31	賃貸料収入	0.0	0.0	0.0	0.0	0.0	0.0	本社収支	経費	賃貸料収入
202308	005090200	32	修繕費	0.0	0.0	0.0	0.0	0.0	0.0	本社収支	経費	修繕費
202308	005090200	33	支払リース料	0.0	0.0	0.0	0.0	0.0	0.0	本社収支	経費	支払リース料
202308	005090200	34	保険料	0.0	0.0	0.0	0.0	0.0	0.0	本社収支	経費	保険料
202308	005090200	35	支払報酬	0.0	0.0	0.0	0.0	0.0	0.0	本社収支	経費	支払報酬
202308	005090200	36	販売手数料	0.0	0.0	0.0	0.0	0.0	0.0	本社収支	経費	販売手数料
202308	005090200	37	支払手数料	0.0	0.0	0.0	0.0	0.0	0.0	本社収支	経費	支払手数料
202308	005090200	38	診断料	0.0	0.0	0.0	0.0	0.0	0.0	本社収支	経費	診断料
202308	005090200	39	諸会費	0.0	0.0	0.0	0.0	0.0	0.0	本社収支	経費	諸会費
202308	005090200	40	会議費	0.0	0.0	0.0	0.0	0.0	0.0	本社収支	経費	会議費
202308	005090200	41	寄付金	0.0	0.0	0.0	0.0	0.0	0.0	本社収支	経費	寄付金
202308	005090200	42	租税公課	0.0	0.0	0.0	0.0	0.0	0.0	本社収支	経費	租税公課
202308	005090200	43	業務委託費	0.0	0.0	0.0	0.0	0.0	0.0	本社収支	経費	業務委託費
202308	005090200	44	業務受託収入	0.0	0.0	0.0	0.0	0.0	0.0	本社収支	経費	業務受託収入
202308	005090200	45	システム管理料	0.0	0.0	0.0	0.0	0.0	0.0	本社収支	経費	システム管理料
202308	005090200	46	情報機器利用料	0.0	0.0	0.0	0.0	0.0	0.0	本社収支	経費	情報機器利用料
202308	005090200	47	貸倒金	0.0	0.0	0.0	0.0	0.0	0.0	本社収支	経費	貸倒金
202308	005090200	48	雑費	0.0	0.0	0.0	0.0	0.0	0.0	本社収支	経費	雑費
202308	005090200	49	福利消耗品費	0.0	0.0	0.0	0.0	0.0	0.0	本社収支	経費	福利消耗品費
202308	005090200	50	教育研修費	0.0	0.0	0.0	0.0	0.0	0.0	本社収支	経費	教育研修費
202308	005090200	51	雑給	0.0	0.0	0.0	0.0	0.0	0.0	本社収支	経費	雑給
202308	005090200	52	社内金利（固定資産）	-85143.0	-85143.0	-85144.0	0.0	0.0	0.0	本社収支	経費	社内金利（固定資産）
202308	005090200	53	グループ共通	0.0	0.0	0.0	0.0	0.0	0.0	本社収支	経費	グループ共通
202308	005090200	54	差引収益	85143.0	85143.0	85144.0	0.0	100.0	100.0	本社収支		
202308	005090200	55	差引比率	0.0	0.0	0.0		0.0	0.0	本社収支		
202308	005090200	56	総時間	13.25	13.25	13.0		98.1	98.1	本社収支		
202308	005090200	57	定時間	0.0	0.0	0.0		0.0	0.0	本社収支	時間	
202308	005090200	58	残業時間	0.0	0.0	0.0		0.0	0.0	本社収支	時間	
202308	005090200	59	移動時間	13.25	13.25	13.0		98.1	98.1	本社収支	時間	
202308	005090200	60	当月時間当り	6425.8	6425.8	6549.5		101.9	101.9	本社収支		
202308	005090200	61	人員	0.0	0.0	0.0		0.0	0.0	本社収支		
202309	005090200	1	総受注高	0.0	0.0	0.0		0.0	0.0	本社収支	受注	
202309	005090200	2	総売上高	0.0	0.0	0.0		0.0	0.0	本社収支		
202309	005090200	3	切り花売上	0.0	0.0	0.0	0.0	0.0	0.0	本社収支	売上	
202309	005090200	4	研究受託売上   	0.0	0.0	0.0	0.0	0.0	0.0	本社収支	売上	
202309	005090200	5	その他売上	0.0	0.0	0.0	0.0	0.0	0.0	本社収支	売上	
202309	005090200	6	堆肥売上            	0.0	0.0	0.0	0.0	0.0	0.0	本社収支	売上	
202309	005090200	7	経費合計	-81109.0	-81109.0	-81110.0	0.0	0.0	0.0	本社収支		
202309	005090200	8	種苗費	0.0	0.0	0.0	0.0	0.0	0.0	本社収支	経費	種苗費
202309	005090200	9	肥料費	0.0	0.0	0.0	0.0	0.0	0.0	本社収支	経費	肥料費
202309	005090200	10	培土費用	0.0	0.0	0.0	0.0	0.0	0.0	本社収支	経費	培土費用
202309	005090200	11	農薬衛生費	0.0	0.0	0.0	0.0	0.0	0.0	本社収支	経費	農薬衛生費
202309	005090200	12	農具費	0.0	0.0	0.0	0.0	0.0	0.0	本社収支	経費	農具費
202309	005090200	13	諸材料費	0.0	0.0	0.0	0.0	0.0	0.0	本社収支	経費	諸材料費
202309	005090200	14	その他仕入高	0.0	0.0	0.0	0.0	0.0	0.0	本社収支	経費	その他仕入高
202309	005090200	15	減価償却費	0.0	0.0	0.0	0.0	0.0	0.0	本社収支	経費	減価償却費
202309	005090200	16	車両費	0.0	0.0	0.0	0.0	0.0	0.0	本社収支	経費	車両費
202309	005090200	17	旅費交通費	0.0	0.0	0.0	0.0	0.0	0.0	本社収支	経費	旅費交通費
202309	005090200	18	荷造運搬費	0.0	0.0	0.0	0.0	0.0	0.0	本社収支	経費	荷造運搬費
202309	005090200	19	通信費	0.0	0.0	0.0	0.0	0.0	0.0	本社収支	経費	通信費
202309	005090200	20	水道光熱費	0.0	0.0	0.0	0.0	0.0	0.0	本社収支	経費	水道光熱費
202309	005090200	21	動力費	0.0	0.0	0.0	0.0	0.0	0.0	本社収支	経費	動力費
202309	005090200	22	燃料費	0.0	0.0	0.0	0.0	0.0	0.0	本社収支	経費	燃料費
202309	005090200	23	事務用品費	0.0	0.0	0.0	0.0	0.0	0.0	本社収支	経費	事務用品費
202309	005090200	24	消耗品費	0.0	0.0	0.0	0.0	0.0	0.0	本社収支	経費	消耗品費
202309	005090200	25	廃棄物処理料	0.0	0.0	0.0	0.0	0.0	0.0	本社収支	経費	廃棄物処理料
202309	005090200	26	広告宣伝費	0.0	0.0	0.0	0.0	0.0	0.0	本社収支	経費	広告宣伝費
202309	005090200	27	接待交際費	0.0	0.0	0.0	0.0	0.0	0.0	本社収支	経費	接待交際費
202309	005090200	28	研究開発費	0.0	0.0	0.0	0.0	0.0	0.0	本社収支	経費	研究開発費
202309	005090200	29	クレーム費	0.0	0.0	0.0	0.0	0.0	0.0	本社収支	経費	クレーム費
202309	005090200	30	賃借料	0.0	0.0	0.0	0.0	0.0	0.0	本社収支	経費	賃借料
202309	005090200	31	賃貸料収入	0.0	0.0	0.0	0.0	0.0	0.0	本社収支	経費	賃貸料収入
202309	005090200	32	修繕費	0.0	0.0	0.0	0.0	0.0	0.0	本社収支	経費	修繕費
202309	005090200	33	支払リース料	0.0	0.0	0.0	0.0	0.0	0.0	本社収支	経費	支払リース料
202309	005090200	34	保険料	0.0	0.0	0.0	0.0	0.0	0.0	本社収支	経費	保険料
202309	005090200	35	支払報酬	0.0	0.0	0.0	0.0	0.0	0.0	本社収支	経費	支払報酬
202309	005090200	36	販売手数料	0.0	0.0	0.0	0.0	0.0	0.0	本社収支	経費	販売手数料
202309	005090200	37	支払手数料	0.0	0.0	0.0	0.0	0.0	0.0	本社収支	経費	支払手数料
202309	005090200	38	診断料	0.0	0.0	0.0	0.0	0.0	0.0	本社収支	経費	診断料
202309	005090200	39	諸会費	0.0	0.0	0.0	0.0	0.0	0.0	本社収支	経費	諸会費
202309	005090200	40	会議費	0.0	0.0	0.0	0.0	0.0	0.0	本社収支	経費	会議費
202309	005090200	41	寄付金	0.0	0.0	0.0	0.0	0.0	0.0	本社収支	経費	寄付金
202309	005090200	42	租税公課	0.0	0.0	0.0	0.0	0.0	0.0	本社収支	経費	租税公課
202309	005090200	43	業務委託費	0.0	0.0	0.0	0.0	0.0	0.0	本社収支	経費	業務委託費
202309	005090200	44	業務受託収入	0.0	0.0	0.0	0.0	0.0	0.0	本社収支	経費	業務受託収入
202309	005090200	45	システム管理料	0.0	0.0	0.0	0.0	0.0	0.0	本社収支	経費	システム管理料
202309	005090200	46	情報機器利用料	0.0	0.0	0.0	0.0	0.0	0.0	本社収支	経費	情報機器利用料
202309	005090200	47	貸倒金	0.0	0.0	0.0	0.0	0.0	0.0	本社収支	経費	貸倒金
202309	005090200	48	雑費	0.0	0.0	0.0	0.0	0.0	0.0	本社収支	経費	雑費
202309	005090200	49	福利消耗品費	0.0	0.0	0.0	0.0	0.0	0.0	本社収支	経費	福利消耗品費
202309	005090200	50	教育研修費	0.0	0.0	0.0	0.0	0.0	0.0	本社収支	経費	教育研修費
202309	005090200	51	雑給	0.0	0.0	0.0	0.0	0.0	0.0	本社収支	経費	雑給
202309	005090200	52	社内金利（固定資産）	-81109.0	-81109.0	-81110.0	0.0	0.0	0.0	本社収支	経費	社内金利（固定資産）
202309	005090200	53	グループ共通	0.0	0.0	0.0	0.0	0.0	0.0	本社収支	経費	グループ共通
202309	005090200	54	差引収益	81109.0	81109.0	81110.0	0.0	100.0	100.0	本社収支		
202309	005090200	55	差引比率	0.0	0.0	0.0		0.0	0.0	本社収支		
202309	005090200	56	総時間	13.25	13.25	13.0		98.1	98.1	本社収支		
202309	005090200	57	定時間	0.0	0.0	0.0		0.0	0.0	本社収支	時間	
202309	005090200	58	残業時間	0.0	0.0	0.0		0.0	0.0	本社収支	時間	
202309	005090200	59	移動時間	13.25	13.25	13.0		98.1	98.1	本社収支	時間	
202309	005090200	60	当月時間当り	6121.4	6121.4	6239.2		101.9	101.9	本社収支		
202309	005090200	61	人員	0.0	0.0	0.0		0.0	0.0	本社収支		
202310	005090200	1	総受注高	0.0	0.0	0.0		0.0	0.0	本社収支	受注	
202310	005090200	2	総売上高	0.0	0.0	0.0		0.0	0.0	本社収支		
202310	005090200	3	切り花売上	0.0	0.0	0.0	0.0	0.0	0.0	本社収支	売上	
202310	005090200	4	研究受託売上   	0.0	0.0	0.0	0.0	0.0	0.0	本社収支	売上	
202310	005090200	5	その他売上	0.0	0.0	0.0	0.0	0.0	0.0	本社収支	売上	
202310	005090200	6	堆肥売上            	0.0	0.0	0.0	0.0	0.0	0.0	本社収支	売上	
202310	005090200	7	経費合計	-77099.0	-77099.0	-77099.0	0.0	0.0	0.0	本社収支		
202310	005090200	8	種苗費	0.0	0.0	0.0	0.0	0.0	0.0	本社収支	経費	種苗費
202310	005090200	9	肥料費	0.0	0.0	0.0	0.0	0.0	0.0	本社収支	経費	肥料費
202310	005090200	10	培土費用	0.0	0.0	0.0	0.0	0.0	0.0	本社収支	経費	培土費用
202310	005090200	11	農薬衛生費	0.0	0.0	0.0	0.0	0.0	0.0	本社収支	経費	農薬衛生費
202310	005090200	12	農具費	0.0	0.0	0.0	0.0	0.0	0.0	本社収支	経費	農具費
202310	005090200	13	諸材料費	0.0	0.0	0.0	0.0	0.0	0.0	本社収支	経費	諸材料費
202310	005090200	14	その他仕入高	0.0	0.0	0.0	0.0	0.0	0.0	本社収支	経費	その他仕入高
202310	005090200	15	減価償却費	0.0	0.0	0.0	0.0	0.0	0.0	本社収支	経費	減価償却費
202310	005090200	16	車両費	0.0	0.0	0.0	0.0	0.0	0.0	本社収支	経費	車両費
202310	005090200	17	旅費交通費	0.0	0.0	0.0	0.0	0.0	0.0	本社収支	経費	旅費交通費
202310	005090200	18	荷造運搬費	0.0	0.0	0.0	0.0	0.0	0.0	本社収支	経費	荷造運搬費
202310	005090200	19	通信費	0.0	0.0	0.0	0.0	0.0	0.0	本社収支	経費	通信費
202310	005090200	20	水道光熱費	0.0	0.0	0.0	0.0	0.0	0.0	本社収支	経費	水道光熱費
202310	005090200	21	動力費	0.0	0.0	0.0	0.0	0.0	0.0	本社収支	経費	動力費
202310	005090200	22	燃料費	0.0	0.0	0.0	0.0	0.0	0.0	本社収支	経費	燃料費
202310	005090200	23	事務用品費	0.0	0.0	0.0	0.0	0.0	0.0	本社収支	経費	事務用品費
202310	005090200	24	消耗品費	0.0	0.0	0.0	0.0	0.0	0.0	本社収支	経費	消耗品費
202310	005090200	25	廃棄物処理料	0.0	0.0	0.0	0.0	0.0	0.0	本社収支	経費	廃棄物処理料
202310	005090200	26	広告宣伝費	0.0	0.0	0.0	0.0	0.0	0.0	本社収支	経費	広告宣伝費
202310	005090200	27	接待交際費	0.0	0.0	0.0	0.0	0.0	0.0	本社収支	経費	接待交際費
202310	005090200	28	研究開発費	0.0	0.0	0.0	0.0	0.0	0.0	本社収支	経費	研究開発費
202310	005090200	29	クレーム費	0.0	0.0	0.0	0.0	0.0	0.0	本社収支	経費	クレーム費
202310	005090200	30	賃借料	0.0	0.0	0.0	0.0	0.0	0.0	本社収支	経費	賃借料
202310	005090200	31	賃貸料収入	0.0	0.0	0.0	0.0	0.0	0.0	本社収支	経費	賃貸料収入
202310	005090200	32	修繕費	0.0	0.0	0.0	0.0	0.0	0.0	本社収支	経費	修繕費
202310	005090200	33	支払リース料	0.0	0.0	0.0	0.0	0.0	0.0	本社収支	経費	支払リース料
202310	005090200	34	保険料	0.0	0.0	0.0	0.0	0.0	0.0	本社収支	経費	保険料
202310	005090200	35	支払報酬	0.0	0.0	0.0	0.0	0.0	0.0	本社収支	経費	支払報酬
202310	005090200	36	販売手数料	0.0	0.0	0.0	0.0	0.0	0.0	本社収支	経費	販売手数料
202310	005090200	37	支払手数料	0.0	0.0	0.0	0.0	0.0	0.0	本社収支	経費	支払手数料
202310	005090200	38	診断料	0.0	0.0	0.0	0.0	0.0	0.0	本社収支	経費	診断料
202310	005090200	39	諸会費	0.0	0.0	0.0	0.0	0.0	0.0	本社収支	経費	諸会費
202310	005090200	40	会議費	0.0	0.0	0.0	0.0	0.0	0.0	本社収支	経費	会議費
202310	005090200	41	寄付金	0.0	0.0	0.0	0.0	0.0	0.0	本社収支	経費	寄付金
202310	005090200	42	租税公課	0.0	0.0	0.0	0.0	0.0	0.0	本社収支	経費	租税公課
202310	005090200	43	業務委託費	0.0	0.0	0.0	0.0	0.0	0.0	本社収支	経費	業務委託費
202310	005090200	44	業務受託収入	0.0	0.0	0.0	0.0	0.0	0.0	本社収支	経費	業務受託収入
202310	005090200	45	システム管理料	0.0	0.0	0.0	0.0	0.0	0.0	本社収支	経費	システム管理料
202310	005090200	46	情報機器利用料	0.0	0.0	0.0	0.0	0.0	0.0	本社収支	経費	情報機器利用料
202310	005090200	47	貸倒金	0.0	0.0	0.0	0.0	0.0	0.0	本社収支	経費	貸倒金
202310	005090200	48	雑費	0.0	0.0	0.0	0.0	0.0	0.0	本社収支	経費	雑費
202310	005090200	49	福利消耗品費	0.0	0.0	0.0	0.0	0.0	0.0	本社収支	経費	福利消耗品費
202310	005090200	50	教育研修費	0.0	0.0	0.0	0.0	0.0	0.0	本社収支	経費	教育研修費
202310	005090200	51	雑給	0.0	0.0	0.0	0.0	0.0	0.0	本社収支	経費	雑給
202310	005090200	52	社内金利（固定資産）	-77099.0	-77099.0	-77099.0	0.0	0.0	0.0	本社収支	経費	社内金利（固定資産）
202310	005090200	53	グループ共通	0.0	0.0	0.0	0.0	0.0	0.0	本社収支	経費	グループ共通
202310	005090200	54	差引収益	77099.0	77099.0	77099.0	0.0	100.0	100.0	本社収支		
202310	005090200	55	差引比率	0.0	0.0	0.0		0.0	0.0	本社収支		
202310	005090200	56	総時間	13.75	13.75	13.5		98.1	98.1	本社収支		
202310	005090200	57	定時間	0.0	0.0	0.0		0.0	0.0	本社収支	時間	
202310	005090200	58	残業時間	0.0	0.0	0.0		0.0	0.0	本社収支	時間	
202310	005090200	59	移動時間	13.75	13.75	13.5		98.1	98.1	本社収支	時間	
202310	005090200	60	当月時間当り	5607.2	5607.2	5711.0		101.8	101.8	本社収支		
202310	005090200	61	人員	0.0	0.0	0.0		0.0	0.0	本社収支		
202311	005090200	1	総受注高	0.0	0.0	0.0		0.0	0.0	本社収支	受注	
202311	005090200	2	総売上高	0.0	0.0	0.0		0.0	0.0	本社収支		
202311	005090200	3	切り花売上	0.0	0.0	0.0	0.0	0.0	0.0	本社収支	売上	
202311	005090200	4	研究受託売上   	0.0	0.0	0.0	0.0	0.0	0.0	本社収支	売上	
202311	005090200	5	その他売上	0.0	0.0	0.0	0.0	0.0	0.0	本社収支	売上	
202311	005090200	6	堆肥売上            	0.0	0.0	0.0	0.0	0.0	0.0	本社収支	売上	
202311	005090200	7	経費合計	-74619.0	-74619.0	-74620.0	0.0	0.0	0.0	本社収支		
202311	005090200	8	種苗費	0.0	0.0	0.0	0.0	0.0	0.0	本社収支	経費	種苗費
202311	005090200	9	肥料費	0.0	0.0	0.0	0.0	0.0	0.0	本社収支	経費	肥料費
202311	005090200	10	培土費用	0.0	0.0	0.0	0.0	0.0	0.0	本社収支	経費	培土費用
202311	005090200	11	農薬衛生費	0.0	0.0	0.0	0.0	0.0	0.0	本社収支	経費	農薬衛生費
202311	005090200	12	農具費	0.0	0.0	0.0	0.0	0.0	0.0	本社収支	経費	農具費
202311	005090200	13	諸材料費	0.0	0.0	0.0	0.0	0.0	0.0	本社収支	経費	諸材料費
202311	005090200	14	その他仕入高	0.0	0.0	0.0	0.0	0.0	0.0	本社収支	経費	その他仕入高
202311	005090200	15	減価償却費	0.0	0.0	0.0	0.0	0.0	0.0	本社収支	経費	減価償却費
202311	005090200	16	車両費	0.0	0.0	0.0	0.0	0.0	0.0	本社収支	経費	車両費
202311	005090200	17	旅費交通費	0.0	0.0	0.0	0.0	0.0	0.0	本社収支	経費	旅費交通費
202311	005090200	18	荷造運搬費	0.0	0.0	0.0	0.0	0.0	0.0	本社収支	経費	荷造運搬費
202311	005090200	19	通信費	0.0	0.0	0.0	0.0	0.0	0.0	本社収支	経費	通信費
202311	005090200	20	水道光熱費	0.0	0.0	0.0	0.0	0.0	0.0	本社収支	経費	水道光熱費
202311	005090200	21	動力費	0.0	0.0	0.0	0.0	0.0	0.0	本社収支	経費	動力費
202311	005090200	22	燃料費	0.0	0.0	0.0	0.0	0.0	0.0	本社収支	経費	燃料費
202311	005090200	23	事務用品費	0.0	0.0	0.0	0.0	0.0	0.0	本社収支	経費	事務用品費
202311	005090200	24	消耗品費	0.0	0.0	0.0	0.0	0.0	0.0	本社収支	経費	消耗品費
202311	005090200	25	廃棄物処理料	0.0	0.0	0.0	0.0	0.0	0.0	本社収支	経費	廃棄物処理料
202311	005090200	26	広告宣伝費	0.0	0.0	0.0	0.0	0.0	0.0	本社収支	経費	広告宣伝費
202311	005090200	27	接待交際費	0.0	0.0	0.0	0.0	0.0	0.0	本社収支	経費	接待交際費
202311	005090200	28	研究開発費	0.0	0.0	0.0	0.0	0.0	0.0	本社収支	経費	研究開発費
202311	005090200	29	クレーム費	0.0	0.0	0.0	0.0	0.0	0.0	本社収支	経費	クレーム費
202311	005090200	30	賃借料	0.0	0.0	0.0	0.0	0.0	0.0	本社収支	経費	賃借料
202311	005090200	31	賃貸料収入	0.0	0.0	0.0	0.0	0.0	0.0	本社収支	経費	賃貸料収入
202311	005090200	32	修繕費	0.0	0.0	0.0	0.0	0.0	0.0	本社収支	経費	修繕費
202311	005090200	33	支払リース料	0.0	0.0	0.0	0.0	0.0	0.0	本社収支	経費	支払リース料
202311	005090200	34	保険料	0.0	0.0	0.0	0.0	0.0	0.0	本社収支	経費	保険料
202311	005090200	35	支払報酬	0.0	0.0	0.0	0.0	0.0	0.0	本社収支	経費	支払報酬
202311	005090200	36	販売手数料	0.0	0.0	0.0	0.0	0.0	0.0	本社収支	経費	販売手数料
202311	005090200	37	支払手数料	0.0	0.0	0.0	0.0	0.0	0.0	本社収支	経費	支払手数料
202311	005090200	38	診断料	0.0	0.0	0.0	0.0	0.0	0.0	本社収支	経費	診断料
202311	005090200	39	諸会費	0.0	0.0	0.0	0.0	0.0	0.0	本社収支	経費	諸会費
202311	005090200	40	会議費	0.0	0.0	0.0	0.0	0.0	0.0	本社収支	経費	会議費
202311	005090200	41	寄付金	0.0	0.0	0.0	0.0	0.0	0.0	本社収支	経費	寄付金
202311	005090200	42	租税公課	0.0	0.0	0.0	0.0	0.0	0.0	本社収支	経費	租税公課
202311	005090200	43	業務委託費	0.0	0.0	0.0	0.0	0.0	0.0	本社収支	経費	業務委託費
202311	005090200	44	業務受託収入	0.0	0.0	0.0	0.0	0.0	0.0	本社収支	経費	業務受託収入
202311	005090200	45	システム管理料	0.0	0.0	0.0	0.0	0.0	0.0	本社収支	経費	システム管理料
202311	005090200	46	情報機器利用料	0.0	0.0	0.0	0.0	0.0	0.0	本社収支	経費	情報機器利用料
202311	005090200	47	貸倒金	0.0	0.0	0.0	0.0	0.0	0.0	本社収支	経費	貸倒金
202311	005090200	48	雑費	0.0	0.0	0.0	0.0	0.0	0.0	本社収支	経費	雑費
202311	005090200	49	福利消耗品費	0.0	0.0	0.0	0.0	0.0	0.0	本社収支	経費	福利消耗品費
202311	005090200	50	教育研修費	0.0	0.0	0.0	0.0	0.0	0.0	本社収支	経費	教育研修費
202311	005090200	51	雑給	0.0	0.0	0.0	0.0	0.0	0.0	本社収支	経費	雑給
202311	005090200	52	社内金利（固定資産）	-74619.0	-74619.0	-74620.0	0.0	0.0	0.0	本社収支	経費	社内金利（固定資産）
202311	005090200	53	グループ共通	0.0	0.0	0.0	0.0	0.0	0.0	本社収支	経費	グループ共通
202311	005090200	54	差引収益	74619.0	74619.0	74620.0	0.0	100.0	100.0	本社収支		
202311	005090200	55	差引比率	0.0	0.0	0.0		0.0	0.0	本社収支		
202311	005090200	56	総時間	13.25	13.25	13.0		98.1	98.1	本社収支		
202311	005090200	57	定時間	0.0	0.0	0.0		0.0	0.0	本社収支	時間	
202311	005090200	58	残業時間	0.0	0.0	0.0		0.0	0.0	本社収支	時間	
202311	005090200	59	移動時間	13.25	13.25	13.0		98.1	98.1	本社収支	時間	
202311	005090200	60	当月時間当り	5631.6	5631.6	5740.0		101.9	101.9	本社収支		
202311	005090200	61	人員	0.0	0.0	0.0		0.0	0.0	本社収支		
202312	005090200	1	総受注高	0.0	0.0	0.0		0.0	0.0	本社収支	受注	
202312	005090200	2	総売上高	0.0	0.0	0.0		0.0	0.0	本社収支		
202312	005090200	3	切り花売上	0.0	0.0	0.0	0.0	0.0	0.0	本社収支	売上	
202312	005090200	4	研究受託売上   	0.0	0.0	0.0	0.0	0.0	0.0	本社収支	売上	
202312	005090200	5	その他売上	0.0	0.0	0.0	0.0	0.0	0.0	本社収支	売上	
202312	005090200	6	堆肥売上            	0.0	0.0	0.0	0.0	0.0	0.0	本社収支	売上	
202312	005090200	7	経費合計	-72140.0	-72140.0	-72141.0	0.0	0.0	0.0	本社収支		
202312	005090200	8	種苗費	0.0	0.0	0.0	0.0	0.0	0.0	本社収支	経費	種苗費
202312	005090200	9	肥料費	0.0	0.0	0.0	0.0	0.0	0.0	本社収支	経費	肥料費
202312	005090200	10	培土費用	0.0	0.0	0.0	0.0	0.0	0.0	本社収支	経費	培土費用
202312	005090200	11	農薬衛生費	0.0	0.0	0.0	0.0	0.0	0.0	本社収支	経費	農薬衛生費
202312	005090200	12	農具費	0.0	0.0	0.0	0.0	0.0	0.0	本社収支	経費	農具費
202312	005090200	13	諸材料費	0.0	0.0	0.0	0.0	0.0	0.0	本社収支	経費	諸材料費
202312	005090200	14	その他仕入高	0.0	0.0	0.0	0.0	0.0	0.0	本社収支	経費	その他仕入高
202312	005090200	15	減価償却費	0.0	0.0	0.0	0.0	0.0	0.0	本社収支	経費	減価償却費
202312	005090200	16	車両費	0.0	0.0	0.0	0.0	0.0	0.0	本社収支	経費	車両費
202312	005090200	17	旅費交通費	0.0	0.0	0.0	0.0	0.0	0.0	本社収支	経費	旅費交通費
202312	005090200	18	荷造運搬費	0.0	0.0	0.0	0.0	0.0	0.0	本社収支	経費	荷造運搬費
202312	005090200	19	通信費	0.0	0.0	0.0	0.0	0.0	0.0	本社収支	経費	通信費
202312	005090200	20	水道光熱費	0.0	0.0	0.0	0.0	0.0	0.0	本社収支	経費	水道光熱費
202312	005090200	21	動力費	0.0	0.0	0.0	0.0	0.0	0.0	本社収支	経費	動力費
202312	005090200	22	燃料費	0.0	0.0	0.0	0.0	0.0	0.0	本社収支	経費	燃料費
202312	005090200	23	事務用品費	0.0	0.0	0.0	0.0	0.0	0.0	本社収支	経費	事務用品費
202312	005090200	24	消耗品費	0.0	0.0	0.0	0.0	0.0	0.0	本社収支	経費	消耗品費
202312	005090200	25	廃棄物処理料	0.0	0.0	0.0	0.0	0.0	0.0	本社収支	経費	廃棄物処理料
202312	005090200	26	広告宣伝費	0.0	0.0	0.0	0.0	0.0	0.0	本社収支	経費	広告宣伝費
202312	005090200	27	接待交際費	0.0	0.0	0.0	0.0	0.0	0.0	本社収支	経費	接待交際費
202312	005090200	28	研究開発費	0.0	0.0	0.0	0.0	0.0	0.0	本社収支	経費	研究開発費
202312	005090200	29	クレーム費	0.0	0.0	0.0	0.0	0.0	0.0	本社収支	経費	クレーム費
202312	005090200	30	賃借料	0.0	0.0	0.0	0.0	0.0	0.0	本社収支	経費	賃借料
202312	005090200	31	賃貸料収入	0.0	0.0	0.0	0.0	0.0	0.0	本社収支	経費	賃貸料収入
202312	005090200	32	修繕費	0.0	0.0	0.0	0.0	0.0	0.0	本社収支	経費	修繕費
202312	005090200	33	支払リース料	0.0	0.0	0.0	0.0	0.0	0.0	本社収支	経費	支払リース料
202312	005090200	34	保険料	0.0	0.0	0.0	0.0	0.0	0.0	本社収支	経費	保険料
202312	005090200	35	支払報酬	0.0	0.0	0.0	0.0	0.0	0.0	本社収支	経費	支払報酬
202312	005090200	36	販売手数料	0.0	0.0	0.0	0.0	0.0	0.0	本社収支	経費	販売手数料
202312	005090200	37	支払手数料	0.0	0.0	0.0	0.0	0.0	0.0	本社収支	経費	支払手数料
202312	005090200	38	診断料	0.0	0.0	0.0	0.0	0.0	0.0	本社収支	経費	診断料
202312	005090200	39	諸会費	0.0	0.0	0.0	0.0	0.0	0.0	本社収支	経費	諸会費
202312	005090200	40	会議費	0.0	0.0	0.0	0.0	0.0	0.0	本社収支	経費	会議費
202312	005090200	41	寄付金	0.0	0.0	0.0	0.0	0.0	0.0	本社収支	経費	寄付金
202312	005090200	42	租税公課	0.0	0.0	0.0	0.0	0.0	0.0	本社収支	経費	租税公課
202312	005090200	43	業務委託費	0.0	0.0	0.0	0.0	0.0	0.0	本社収支	経費	業務委託費
202312	005090200	44	業務受託収入	0.0	0.0	0.0	0.0	0.0	0.0	本社収支	経費	業務受託収入
202312	005090200	45	システム管理料	0.0	0.0	0.0	0.0	0.0	0.0	本社収支	経費	システム管理料
202312	005090200	46	情報機器利用料	0.0	0.0	0.0	0.0	0.0	0.0	本社収支	経費	情報機器利用料
202312	005090200	47	貸倒金	0.0	0.0	0.0	0.0	0.0	0.0	本社収支	経費	貸倒金
202312	005090200	48	雑費	0.0	0.0	0.0	0.0	0.0	0.0	本社収支	経費	雑費
202312	005090200	49	福利消耗品費	0.0	0.0	0.0	0.0	0.0	0.0	本社収支	経費	福利消耗品費
202312	005090200	50	教育研修費	0.0	0.0	0.0	0.0	0.0	0.0	本社収支	経費	教育研修費
202312	005090200	51	雑給	0.0	0.0	0.0	0.0	0.0	0.0	本社収支	経費	雑給
202312	005090200	52	社内金利（固定資産）	-72140.0	-72140.0	-72141.0	0.0	0.0	0.0	本社収支	経費	社内金利（固定資産）
202312	005090200	53	グループ共通	0.0	0.0	0.0	0.0	0.0	0.0	本社収支	経費	グループ共通
202312	005090200	54	差引収益	72140.0	72140.0	72141.0	0.0	100.0	100.0	本社収支		
202312	005090200	55	差引比率	0.0	0.0	0.0		0.0	0.0	本社収支		
202312	005090200	56	総時間	12.75	12.75	12.5		98.0	98.0	本社収支		
202312	005090200	57	定時間	0.0	0.0	0.0		0.0	0.0	本社収支	時間	
202312	005090200	58	残業時間	0.0	0.0	0.0		0.0	0.0	本社収支	時間	
202312	005090200	59	移動時間	12.75	12.75	12.5		98.0	98.0	本社収支	時間	
202312	005090200	60	当月時間当り	5658.0	5658.0	5771.2		102.0	102.0	本社収支		
202312	005090200	61	人員	0.0	0.0	0.0		0.0	0.0	本社収支		
202401	005090200	1	総受注高	0.0	0.0	0.0		0.0	0.0	本社収支	受注	
202401	005090200	2	総売上高	0.0	0.0	0.0		0.0	0.0	本社収支		
202401	005090200	3	切り花売上	0.0	0.0	0.0	0.0	0.0	0.0	本社収支	売上	
202401	005090200	4	研究受託売上   	0.0	0.0	0.0	0.0	0.0	0.0	本社収支	売上	
202401	005090200	5	その他売上	0.0	0.0	0.0	0.0	0.0	0.0	本社収支	売上	
202401	005090200	6	堆肥売上            	0.0	0.0	0.0	0.0	0.0	0.0	本社収支	売上	
202401	005090200	7	経費合計	-69661.0	-69661.0	-69662.0	0.0	0.0	0.0	本社収支		
202401	005090200	8	種苗費	0.0	0.0	0.0	0.0	0.0	0.0	本社収支	経費	種苗費
202401	005090200	9	肥料費	0.0	0.0	0.0	0.0	0.0	0.0	本社収支	経費	肥料費
202401	005090200	10	培土費用	0.0	0.0	0.0	0.0	0.0	0.0	本社収支	経費	培土費用
202401	005090200	11	農薬衛生費	0.0	0.0	0.0	0.0	0.0	0.0	本社収支	経費	農薬衛生費
202401	005090200	12	農具費	0.0	0.0	0.0	0.0	0.0	0.0	本社収支	経費	農具費
202401	005090200	13	諸材料費	0.0	0.0	0.0	0.0	0.0	0.0	本社収支	経費	諸材料費
202401	005090200	14	その他仕入高	0.0	0.0	0.0	0.0	0.0	0.0	本社収支	経費	その他仕入高
202401	005090200	15	減価償却費	0.0	0.0	0.0	0.0	0.0	0.0	本社収支	経費	減価償却費
202401	005090200	16	車両費	0.0	0.0	0.0	0.0	0.0	0.0	本社収支	経費	車両費
202401	005090200	17	旅費交通費	0.0	0.0	0.0	0.0	0.0	0.0	本社収支	経費	旅費交通費
202401	005090200	18	荷造運搬費	0.0	0.0	0.0	0.0	0.0	0.0	本社収支	経費	荷造運搬費
202401	005090200	19	通信費	0.0	0.0	0.0	0.0	0.0	0.0	本社収支	経費	通信費
202401	005090200	20	水道光熱費	0.0	0.0	0.0	0.0	0.0	0.0	本社収支	経費	水道光熱費
202401	005090200	21	動力費	0.0	0.0	0.0	0.0	0.0	0.0	本社収支	経費	動力費
202401	005090200	22	燃料費	0.0	0.0	0.0	0.0	0.0	0.0	本社収支	経費	燃料費
202401	005090200	23	事務用品費	0.0	0.0	0.0	0.0	0.0	0.0	本社収支	経費	事務用品費
202401	005090200	24	消耗品費	0.0	0.0	0.0	0.0	0.0	0.0	本社収支	経費	消耗品費
202401	005090200	25	廃棄物処理料	0.0	0.0	0.0	0.0	0.0	0.0	本社収支	経費	廃棄物処理料
202401	005090200	26	広告宣伝費	0.0	0.0	0.0	0.0	0.0	0.0	本社収支	経費	広告宣伝費
202401	005090200	27	接待交際費	0.0	0.0	0.0	0.0	0.0	0.0	本社収支	経費	接待交際費
202401	005090200	28	研究開発費	0.0	0.0	0.0	0.0	0.0	0.0	本社収支	経費	研究開発費
202401	005090200	29	クレーム費	0.0	0.0	0.0	0.0	0.0	0.0	本社収支	経費	クレーム費
202401	005090200	30	賃借料	0.0	0.0	0.0	0.0	0.0	0.0	本社収支	経費	賃借料
202401	005090200	31	賃貸料収入	0.0	0.0	0.0	0.0	0.0	0.0	本社収支	経費	賃貸料収入
202401	005090200	32	修繕費	0.0	0.0	0.0	0.0	0.0	0.0	本社収支	経費	修繕費
202401	005090200	33	支払リース料	0.0	0.0	0.0	0.0	0.0	0.0	本社収支	経費	支払リース料
202401	005090200	34	保険料	0.0	0.0	0.0	0.0	0.0	0.0	本社収支	経費	保険料
202401	005090200	35	支払報酬	0.0	0.0	0.0	0.0	0.0	0.0	本社収支	経費	支払報酬
202401	005090200	36	販売手数料	0.0	0.0	0.0	0.0	0.0	0.0	本社収支	経費	販売手数料
202401	005090200	37	支払手数料	0.0	0.0	0.0	0.0	0.0	0.0	本社収支	経費	支払手数料
202401	005090200	38	診断料	0.0	0.0	0.0	0.0	0.0	0.0	本社収支	経費	診断料
202401	005090200	39	諸会費	0.0	0.0	0.0	0.0	0.0	0.0	本社収支	経費	諸会費
202401	005090200	40	会議費	0.0	0.0	0.0	0.0	0.0	0.0	本社収支	経費	会議費
202401	005090200	41	寄付金	0.0	0.0	0.0	0.0	0.0	0.0	本社収支	経費	寄付金
202401	005090200	42	租税公課	0.0	0.0	0.0	0.0	0.0	0.0	本社収支	経費	租税公課
202401	005090200	43	業務委託費	0.0	0.0	0.0	0.0	0.0	0.0	本社収支	経費	業務委託費
202401	005090200	44	業務受託収入	0.0	0.0	0.0	0.0	0.0	0.0	本社収支	経費	業務受託収入
202401	005090200	45	システム管理料	0.0	0.0	0.0	0.0	0.0	0.0	本社収支	経費	システム管理料
202401	005090200	46	情報機器利用料	0.0	0.0	0.0	0.0	0.0	0.0	本社収支	経費	情報機器利用料
202401	005090200	47	貸倒金	0.0	0.0	0.0	0.0	0.0	0.0	本社収支	経費	貸倒金
202401	005090200	48	雑費	0.0	0.0	0.0	0.0	0.0	0.0	本社収支	経費	雑費
202401	005090200	49	福利消耗品費	0.0	0.0	0.0	0.0	0.0	0.0	本社収支	経費	福利消耗品費
202401	005090200	50	教育研修費	0.0	0.0	0.0	0.0	0.0	0.0	本社収支	経費	教育研修費
202401	005090200	51	雑給	0.0	0.0	0.0	0.0	0.0	0.0	本社収支	経費	雑給
202401	005090200	52	社内金利（固定資産）	-69661.0	-69661.0	-69662.0	0.0	0.0	0.0	本社収支	経費	社内金利（固定資産）
202401	005090200	53	グループ共通	0.0	0.0	0.0	0.0	0.0	0.0	本社収支	経費	グループ共通
202401	005090200	54	差引収益	69661.0	69661.0	69662.0	0.0	100.0	100.0	本社収支		
202401	005090200	55	差引比率	0.0	0.0	0.0		0.0	0.0	本社収支		
202401	005090200	56	総時間	12.0	12.0	11.75		97.9	97.9	本社収支		
202401	005090200	57	定時間	0.0	0.0	0.0		0.0	0.0	本社収支	時間	
202401	005090200	58	残業時間	0.0	0.0	0.0		0.0	0.0	本社収支	時間	
202401	005090200	59	移動時間	12.0	12.0	11.75		97.9	97.9	本社収支	時間	
202401	005090200	60	当月時間当り	5805.0	5805.0	5928.6		102.1	102.1	本社収支		
202401	005090200	61	人員	0.0	0.0	0.0		0.0	0.0	本社収支		
202402	005090200	1	総受注高	0.0	0.0	0.0		0.0	0.0	本社収支	受注	
202402	005090200	2	総売上高	0.0	0.0	0.0		0.0	0.0	本社収支		
202402	005090200	3	切り花売上	0.0	0.0	0.0	0.0	0.0	0.0	本社収支	売上	
202402	005090200	4	研究受託売上   	0.0	0.0	0.0	0.0	0.0	0.0	本社収支	売上	
202402	005090200	5	その他売上	0.0	0.0	0.0	0.0	0.0	0.0	本社収支	売上	
202402	005090200	6	堆肥売上            	0.0	0.0	0.0	0.0	0.0	0.0	本社収支	売上	
202402	005090200	7	経費合計	-67182.0	-67182.0	-70265.0	0.0	0.0	0.0	本社収支		
202402	005090200	8	種苗費	0.0	0.0	0.0	0.0	0.0	0.0	本社収支	経費	種苗費
202402	005090200	9	肥料費	0.0	0.0	0.0	0.0	0.0	0.0	本社収支	経費	肥料費
202402	005090200	10	培土費用	0.0	0.0	0.0	0.0	0.0	0.0	本社収支	経費	培土費用
202402	005090200	11	農薬衛生費	0.0	0.0	0.0	0.0	0.0	0.0	本社収支	経費	農薬衛生費
202402	005090200	12	農具費	0.0	0.0	0.0	0.0	0.0	0.0	本社収支	経費	農具費
202402	005090200	13	諸材料費	0.0	0.0	0.0	0.0	0.0	0.0	本社収支	経費	諸材料費
202402	005090200	14	その他仕入高	0.0	0.0	0.0	0.0	0.0	0.0	本社収支	経費	その他仕入高
202402	005090200	15	減価償却費	0.0	0.0	0.0	0.0	0.0	0.0	本社収支	経費	減価償却費
202402	005090200	16	車両費	0.0	0.0	0.0	0.0	0.0	0.0	本社収支	経費	車両費
202402	005090200	17	旅費交通費	0.0	0.0	0.0	0.0	0.0	0.0	本社収支	経費	旅費交通費
202402	005090200	18	荷造運搬費	0.0	0.0	0.0	0.0	0.0	0.0	本社収支	経費	荷造運搬費
202402	005090200	19	通信費	0.0	0.0	0.0	0.0	0.0	0.0	本社収支	経費	通信費
202402	005090200	20	水道光熱費	0.0	0.0	0.0	0.0	0.0	0.0	本社収支	経費	水道光熱費
202402	005090200	21	動力費	0.0	0.0	0.0	0.0	0.0	0.0	本社収支	経費	動力費
202402	005090200	22	燃料費	0.0	0.0	0.0	0.0	0.0	0.0	本社収支	経費	燃料費
202402	005090200	23	事務用品費	0.0	0.0	0.0	0.0	0.0	0.0	本社収支	経費	事務用品費
202402	005090200	24	消耗品費	0.0	0.0	0.0	0.0	0.0	0.0	本社収支	経費	消耗品費
202402	005090200	25	廃棄物処理料	0.0	0.0	0.0	0.0	0.0	0.0	本社収支	経費	廃棄物処理料
202402	005090200	26	広告宣伝費	0.0	0.0	0.0	0.0	0.0	0.0	本社収支	経費	広告宣伝費
202402	005090200	27	接待交際費	0.0	0.0	0.0	0.0	0.0	0.0	本社収支	経費	接待交際費
202402	005090200	28	研究開発費	0.0	0.0	0.0	0.0	0.0	0.0	本社収支	経費	研究開発費
202402	005090200	29	クレーム費	0.0	0.0	0.0	0.0	0.0	0.0	本社収支	経費	クレーム費
202402	005090200	30	賃借料	0.0	0.0	0.0	0.0	0.0	0.0	本社収支	経費	賃借料
202402	005090200	31	賃貸料収入	0.0	0.0	0.0	0.0	0.0	0.0	本社収支	経費	賃貸料収入
202402	005090200	32	修繕費	0.0	0.0	0.0	0.0	0.0	0.0	本社収支	経費	修繕費
202402	005090200	33	支払リース料	0.0	0.0	0.0	0.0	0.0	0.0	本社収支	経費	支払リース料
202402	005090200	34	保険料	0.0	0.0	0.0	0.0	0.0	0.0	本社収支	経費	保険料
202402	005090200	35	支払報酬	0.0	0.0	0.0	0.0	0.0	0.0	本社収支	経費	支払報酬
202402	005090200	36	販売手数料	0.0	0.0	0.0	0.0	0.0	0.0	本社収支	経費	販売手数料
202402	005090200	37	支払手数料	0.0	0.0	0.0	0.0	0.0	0.0	本社収支	経費	支払手数料
202402	005090200	38	診断料	0.0	0.0	0.0	0.0	0.0	0.0	本社収支	経費	診断料
202402	005090200	39	諸会費	0.0	0.0	0.0	0.0	0.0	0.0	本社収支	経費	諸会費
202402	005090200	40	会議費	0.0	0.0	0.0	0.0	0.0	0.0	本社収支	経費	会議費
202402	005090200	41	寄付金	0.0	0.0	0.0	0.0	0.0	0.0	本社収支	経費	寄付金
202402	005090200	42	租税公課	0.0	0.0	0.0	0.0	0.0	0.0	本社収支	経費	租税公課
202402	005090200	43	業務委託費	0.0	0.0	0.0	0.0	0.0	0.0	本社収支	経費	業務委託費
202402	005090200	44	業務受託収入	0.0	0.0	0.0	0.0	0.0	0.0	本社収支	経費	業務受託収入
202402	005090200	45	システム管理料	0.0	0.0	0.0	0.0	0.0	0.0	本社収支	経費	システム管理料
202402	005090200	46	情報機器利用料	0.0	0.0	0.0	0.0	0.0	0.0	本社収支	経費	情報機器利用料
202402	005090200	47	貸倒金	0.0	0.0	0.0	0.0	0.0	0.0	本社収支	経費	貸倒金
202402	005090200	48	雑費	0.0	0.0	0.0	0.0	0.0	0.0	本社収支	経費	雑費
202402	005090200	49	福利消耗品費	0.0	0.0	0.0	0.0	0.0	0.0	本社収支	経費	福利消耗品費
202402	005090200	50	教育研修費	0.0	0.0	0.0	0.0	0.0	0.0	本社収支	経費	教育研修費
202402	005090200	51	雑給	0.0	0.0	0.0	0.0	0.0	0.0	本社収支	経費	雑給
202402	005090200	52	社内金利（固定資産）	-67182.0	-67182.0	-70265.0	0.0	0.0	0.0	本社収支	経費	社内金利（固定資産）
202402	005090200	53	グループ共通	0.0	0.0	0.0	0.0	0.0	0.0	本社収支	経費	グループ共通
202402	005090200	54	差引収益	67182.0	67182.0	70265.0	0.0	104.5	104.5	本社収支		
202402	005090200	55	差引比率	0.0	0.0	0.0		0.0	0.0	本社収支		
202402	005090200	56	総時間	12.75	12.75	12.75		100.0	100.0	本社収支		
202402	005090200	57	定時間	0.0	0.0	0.0		0.0	0.0	本社収支	時間	
202402	005090200	58	残業時間	0.0	0.0	0.0		0.0	0.0	本社収支	時間	
202402	005090200	59	移動時間	12.75	12.75	12.75		100.0	100.0	本社収支	時間	
202402	005090200	60	当月時間当り	5269.1	5269.1	5510.9		104.5	104.5	本社収支		
202402	005090200	61	人員	0.0	0.0	0.0		0.0	0.0	本社収支		
202403	005090200	1	総受注高	0.0	0.0	0.0		0.0	0.0	本社収支	受注	
202403	005090200	2	総売上高	0.0	0.0	0.0		0.0	0.0	本社収支		
202403	005090200	3	切り花売上	0.0	0.0	0.0	0.0	0.0	0.0	本社収支	売上	
202403	005090200	4	研究受託売上   	0.0	0.0	0.0	0.0	0.0	0.0	本社収支	売上	
202403	005090200	5	その他売上	0.0	0.0	0.0	0.0	0.0	0.0	本社収支	売上	
202403	005090200	6	堆肥売上            	0.0	0.0	0.0	0.0	0.0	0.0	本社収支	売上	
202403	005090200	7	経費合計	-64705.0	-64483.0	-67771.0	0.0	0.0	0.0	本社収支		
202403	005090200	8	種苗費	0.0	0.0	0.0	0.0	0.0	0.0	本社収支	経費	種苗費
202403	005090200	9	肥料費	0.0	0.0	0.0	0.0	0.0	0.0	本社収支	経費	肥料費
202403	005090200	10	培土費用	0.0	0.0	0.0	0.0	0.0	0.0	本社収支	経費	培土費用
202403	005090200	11	農薬衛生費	0.0	0.0	0.0	0.0	0.0	0.0	本社収支	経費	農薬衛生費
202403	005090200	12	農具費	0.0	0.0	0.0	0.0	0.0	0.0	本社収支	経費	農具費
202403	005090200	13	諸材料費	0.0	0.0	0.0	0.0	0.0	0.0	本社収支	経費	諸材料費
202403	005090200	14	その他仕入高	0.0	0.0	0.0	0.0	0.0	0.0	本社収支	経費	その他仕入高
202403	005090200	15	減価償却費	0.0	0.0	0.0	0.0	0.0	0.0	本社収支	経費	減価償却費
202403	005090200	16	車両費	0.0	0.0	0.0	0.0	0.0	0.0	本社収支	経費	車両費
202403	005090200	17	旅費交通費	0.0	0.0	0.0	0.0	0.0	0.0	本社収支	経費	旅費交通費
202403	005090200	18	荷造運搬費	0.0	0.0	0.0	0.0	0.0	0.0	本社収支	経費	荷造運搬費
202403	005090200	19	通信費	0.0	0.0	0.0	0.0	0.0	0.0	本社収支	経費	通信費
202403	005090200	20	水道光熱費	0.0	0.0	0.0	0.0	0.0	0.0	本社収支	経費	水道光熱費
202403	005090200	21	動力費	0.0	0.0	0.0	0.0	0.0	0.0	本社収支	経費	動力費
202403	005090200	22	燃料費	0.0	0.0	0.0	0.0	0.0	0.0	本社収支	経費	燃料費
202403	005090200	23	事務用品費	0.0	0.0	0.0	0.0	0.0	0.0	本社収支	経費	事務用品費
202403	005090200	24	消耗品費	0.0	0.0	0.0	0.0	0.0	0.0	本社収支	経費	消耗品費
202403	005090200	25	廃棄物処理料	0.0	0.0	0.0	0.0	0.0	0.0	本社収支	経費	廃棄物処理料
202403	005090200	26	広告宣伝費	0.0	0.0	0.0	0.0	0.0	0.0	本社収支	経費	広告宣伝費
202403	005090200	27	接待交際費	0.0	0.0	0.0	0.0	0.0	0.0	本社収支	経費	接待交際費
202403	005090200	28	研究開発費	0.0	0.0	0.0	0.0	0.0	0.0	本社収支	経費	研究開発費
202403	005090200	29	クレーム費	0.0	0.0	0.0	0.0	0.0	0.0	本社収支	経費	クレーム費
202403	005090200	30	賃借料	0.0	0.0	0.0	0.0	0.0	0.0	本社収支	経費	賃借料
202403	005090200	31	賃貸料収入	0.0	0.0	0.0	0.0	0.0	0.0	本社収支	経費	賃貸料収入
202403	005090200	32	修繕費	0.0	0.0	0.0	0.0	0.0	0.0	本社収支	経費	修繕費
202403	005090200	33	支払リース料	0.0	0.0	0.0	0.0	0.0	0.0	本社収支	経費	支払リース料
202403	005090200	34	保険料	0.0	0.0	0.0	0.0	0.0	0.0	本社収支	経費	保険料
202403	005090200	35	支払報酬	0.0	0.0	0.0	0.0	0.0	0.0	本社収支	経費	支払報酬
202403	005090200	36	販売手数料	0.0	0.0	0.0	0.0	0.0	0.0	本社収支	経費	販売手数料
202403	005090200	37	支払手数料	0.0	0.0	0.0	0.0	0.0	0.0	本社収支	経費	支払手数料
202403	005090200	38	診断料	0.0	0.0	0.0	0.0	0.0	0.0	本社収支	経費	診断料
202403	005090200	39	諸会費	0.0	0.0	0.0	0.0	0.0	0.0	本社収支	経費	諸会費
202403	005090200	40	会議費	0.0	0.0	0.0	0.0	0.0	0.0	本社収支	経費	会議費
202403	005090200	41	寄付金	0.0	0.0	0.0	0.0	0.0	0.0	本社収支	経費	寄付金
202403	005090200	42	租税公課	0.0	0.0	0.0	0.0	0.0	0.0	本社収支	経費	租税公課
202403	005090200	43	業務委託費	0.0	0.0	0.0	0.0	0.0	0.0	本社収支	経費	業務委託費
202403	005090200	44	業務受託収入	0.0	0.0	0.0	0.0	0.0	0.0	本社収支	経費	業務受託収入
202403	005090200	45	システム管理料	0.0	0.0	0.0	0.0	0.0	0.0	本社収支	経費	システム管理料
202403	005090200	46	情報機器利用料	0.0	0.0	0.0	0.0	0.0	0.0	本社収支	経費	情報機器利用料
202403	005090200	47	貸倒金	0.0	0.0	0.0	0.0	0.0	0.0	本社収支	経費	貸倒金
202403	005090200	48	雑費	0.0	0.0	0.0	0.0	0.0	0.0	本社収支	経費	雑費
202403	005090200	49	福利消耗品費	0.0	0.0	0.0	0.0	0.0	0.0	本社収支	経費	福利消耗品費
202403	005090200	50	教育研修費	0.0	0.0	0.0	0.0	0.0	0.0	本社収支	経費	教育研修費
202403	005090200	51	雑給	0.0	0.0	0.0	0.0	0.0	0.0	本社収支	経費	雑給
202403	005090200	52	社内金利（固定資産）	-64705.0	-64483.0	-67771.0	0.0	0.0	0.0	本社収支	経費	社内金利（固定資産）
202403	005090200	53	グループ共通	0.0	0.0	0.0	0.0	0.0	0.0	本社収支	経費	グループ共通
202403	005090200	54	差引収益	64705.0	64483.0	67771.0	0.0	105.0	104.7	本社収支		
202403	005090200	55	差引比率	0.0	0.0	0.0		0.0	0.0	本社収支		
202403	005090200	56	総時間	13.25	13.25	13.0		98.1	98.1	本社収支		
202403	005090200	57	定時間	0.0	0.0	0.0		0.0	0.0	本社収支	時間	
202403	005090200	58	残業時間	0.0	0.0	0.0		0.0	0.0	本社収支	時間	
202403	005090200	59	移動時間	13.25	13.25	13.0		98.1	98.1	本社収支	時間	
202403	005090200	60	当月時間当り	4883.3	4866.6	5213.1		107.1	106.7	本社収支		
202403	005090200	61	人員	0.0	0.0	0.0		0.0	0.0	本社収支		
202404	005090200	1	総受注高	0.0	0.0	0.0		0.0	0.0	本社収支	受注	
202404	005090200	2	総売上高	0.0	0.0	0.0		0.0	0.0	本社収支		
202404	005090200	3	切り花売上	0.0	0.0	0.0	0.0	0.0	0.0	本社収支	売上	
202404	005090200	4	研究受託売上   	0.0	0.0	0.0	0.0	0.0	0.0	本社収支	売上	
202404	005090200	5	その他売上	0.0	0.0	0.0	0.0	0.0	0.0	本社収支	売上	
202404	005090200	6	堆肥売上            	0.0	0.0	0.0	0.0	0.0	0.0	本社収支	売上	
202404	005090200	7	経費合計	-65894.0	-65894.0	-65859.0	0.0	0.0	0.0	本社収支		
202404	005090200	8	種苗費	0.0	0.0	0.0	0.0	0.0	0.0	本社収支	経費	種苗費
202404	005090200	9	肥料費	0.0	0.0	0.0	0.0	0.0	0.0	本社収支	経費	肥料費
202404	005090200	10	培土費用	0.0	0.0	0.0	0.0	0.0	0.0	本社収支	経費	培土費用
202404	005090200	11	農薬衛生費	0.0	0.0	0.0	0.0	0.0	0.0	本社収支	経費	農薬衛生費
202404	005090200	12	農具費	0.0	0.0	0.0	0.0	0.0	0.0	本社収支	経費	農具費
202404	005090200	13	諸材料費	0.0	0.0	0.0	0.0	0.0	0.0	本社収支	経費	諸材料費
202404	005090200	14	その他仕入高	0.0	0.0	0.0	0.0	0.0	0.0	本社収支	経費	その他仕入高
202404	005090200	15	減価償却費	0.0	0.0	0.0	0.0	0.0	0.0	本社収支	経費	減価償却費
202404	005090200	16	車両費	0.0	0.0	0.0	0.0	0.0	0.0	本社収支	経費	車両費
202404	005090200	17	旅費交通費	0.0	0.0	0.0	0.0	0.0	0.0	本社収支	経費	旅費交通費
202404	005090200	18	荷造運搬費	0.0	0.0	0.0	0.0	0.0	0.0	本社収支	経費	荷造運搬費
202404	005090200	19	通信費	0.0	0.0	0.0	0.0	0.0	0.0	本社収支	経費	通信費
202404	005090200	20	水道光熱費	0.0	0.0	0.0	0.0	0.0	0.0	本社収支	経費	水道光熱費
202404	005090200	21	動力費	0.0	0.0	0.0	0.0	0.0	0.0	本社収支	経費	動力費
202404	005090200	22	燃料費	0.0	0.0	0.0	0.0	0.0	0.0	本社収支	経費	燃料費
202404	005090200	23	事務用品費	0.0	0.0	0.0	0.0	0.0	0.0	本社収支	経費	事務用品費
202404	005090200	24	消耗品費	0.0	0.0	0.0	0.0	0.0	0.0	本社収支	経費	消耗品費
202404	005090200	25	廃棄物処理料	0.0	0.0	0.0	0.0	0.0	0.0	本社収支	経費	廃棄物処理料
202404	005090200	26	広告宣伝費	0.0	0.0	0.0	0.0	0.0	0.0	本社収支	経費	広告宣伝費
202404	005090200	27	接待交際費	0.0	0.0	0.0	0.0	0.0	0.0	本社収支	経費	接待交際費
202404	005090200	28	研究開発費	0.0	0.0	0.0	0.0	0.0	0.0	本社収支	経費	研究開発費
202404	005090200	29	クレーム費	0.0	0.0	0.0	0.0	0.0	0.0	本社収支	経費	クレーム費
202404	005090200	30	賃借料	0.0	0.0	0.0	0.0	0.0	0.0	本社収支	経費	賃借料
202404	005090200	31	賃貸料収入	0.0	0.0	0.0	0.0	0.0	0.0	本社収支	経費	賃貸料収入
202404	005090200	32	修繕費	0.0	0.0	0.0	0.0	0.0	0.0	本社収支	経費	修繕費
202404	005090200	33	支払リース料	0.0	0.0	0.0	0.0	0.0	0.0	本社収支	経費	支払リース料
202404	005090200	34	保険料	0.0	0.0	0.0	0.0	0.0	0.0	本社収支	経費	保険料
202404	005090200	35	支払報酬	0.0	0.0	0.0	0.0	0.0	0.0	本社収支	経費	支払報酬
202404	005090200	36	販売手数料	0.0	0.0	0.0	0.0	0.0	0.0	本社収支	経費	販売手数料
202404	005090200	37	支払手数料	0.0	0.0	0.0	0.0	0.0	0.0	本社収支	経費	支払手数料
202404	005090200	38	診断料	0.0	0.0	0.0	0.0	0.0	0.0	本社収支	経費	診断料
202404	005090200	39	諸会費	0.0	0.0	0.0	0.0	0.0	0.0	本社収支	経費	諸会費
202404	005090200	40	会議費	0.0	0.0	0.0	0.0	0.0	0.0	本社収支	経費	会議費
202404	005090200	41	寄付金	0.0	0.0	0.0	0.0	0.0	0.0	本社収支	経費	寄付金
202404	005090200	42	租税公課	0.0	0.0	0.0	0.0	0.0	0.0	本社収支	経費	租税公課
202404	005090200	43	業務委託費	0.0	0.0	0.0	0.0	0.0	0.0	本社収支	経費	業務委託費
202404	005090200	44	業務受託収入	0.0	0.0	0.0	0.0	0.0	0.0	本社収支	経費	業務受託収入
202404	005090200	45	システム管理料	0.0	0.0	0.0	0.0	0.0	0.0	本社収支	経費	システム管理料
202404	005090200	46	情報機器利用料	0.0	0.0	0.0	0.0	0.0	0.0	本社収支	経費	情報機器利用料
202404	005090200	47	貸倒金	0.0	0.0	0.0	0.0	0.0	0.0	本社収支	経費	貸倒金
202404	005090200	48	雑費	0.0	0.0	0.0	0.0	0.0	0.0	本社収支	経費	雑費
202404	005090200	49	福利消耗品費	0.0	0.0	0.0	0.0	0.0	0.0	本社収支	経費	福利消耗品費
202404	005090200	50	教育研修費	0.0	0.0	0.0	0.0	0.0	0.0	本社収支	経費	教育研修費
202404	005090200	51	雑給	0.0	0.0	0.0	0.0	0.0	0.0	本社収支	経費	雑給
202404	005090200	52	社内金利（固定資産）	-65894.0	-65894.0	-65859.0	0.0	0.0	0.0	本社収支	経費	社内金利（固定資産）
202404	005090200	53	グループ共通	0.0	0.0	0.0	0.0	0.0	0.0	本社収支	経費	グループ共通
202404	005090200	54	差引収益	65894.0	65894.0	65859.0	0.0	99.9	99.9	本社収支		
202404	005090200	55	差引比率	0.0	0.0	0.0		0.0	0.0	本社収支		
202404	005090200	56	総時間	11.0	11.0	11.0		100.0	100.0	本社収支		
202404	005090200	57	定時間	0.0	0.0	0.0		0.0	0.0	本社収支	時間	
202404	005090200	58	残業時間	0.0	0.0	0.0		0.0	0.0	本社収支	時間	
202404	005090200	59	移動時間	11.0	11.0	11.0		100.0	100.0	本社収支	時間	
202404	005090200	60	当月時間当り	5990.3	5990.3	5987.1		99.9	99.9	本社収支		
202404	005090200	61	人員	0.0	0.0	0.0		0.0	0.0	本社収支		
202405	005090200	1	総受注高	0.0	0.0	0.0		0.0	0.0	本社収支	受注	
202405	005090200	2	総売上高	0.0	0.0	0.0		0.0	0.0	本社収支		
202405	005090200	3	切り花売上	0.0	0.0	0.0	0.0	0.0	0.0	本社収支	売上	
202405	005090200	4	研究受託売上   	0.0	0.0	0.0	0.0	0.0	0.0	本社収支	売上	
202405	005090200	5	その他売上	0.0	0.0	0.0	0.0	0.0	0.0	本社収支	売上	
202405	005090200	6	堆肥売上            	0.0	0.0	0.0	0.0	0.0	0.0	本社収支	売上	
202405	005090200	7	経費合計	-83506.0	-83506.0	-63948.0	0.0	0.0	0.0	本社収支		
202405	005090200	8	種苗費	0.0	0.0	0.0	0.0	0.0	0.0	本社収支	経費	種苗費
202405	005090200	9	肥料費	0.0	0.0	0.0	0.0	0.0	0.0	本社収支	経費	肥料費
202405	005090200	10	培土費用	0.0	0.0	0.0	0.0	0.0	0.0	本社収支	経費	培土費用
202405	005090200	11	農薬衛生費	0.0	0.0	0.0	0.0	0.0	0.0	本社収支	経費	農薬衛生費
202405	005090200	12	農具費	0.0	0.0	0.0	0.0	0.0	0.0	本社収支	経費	農具費
202405	005090200	13	諸材料費	0.0	0.0	0.0	0.0	0.0	0.0	本社収支	経費	諸材料費
202405	005090200	14	その他仕入高	0.0	0.0	0.0	0.0	0.0	0.0	本社収支	経費	その他仕入高
202405	005090200	15	減価償却費	0.0	0.0	0.0	0.0	0.0	0.0	本社収支	経費	減価償却費
202405	005090200	16	車両費	0.0	0.0	0.0	0.0	0.0	0.0	本社収支	経費	車両費
202405	005090200	17	旅費交通費	0.0	0.0	0.0	0.0	0.0	0.0	本社収支	経費	旅費交通費
202405	005090200	18	荷造運搬費	0.0	0.0	0.0	0.0	0.0	0.0	本社収支	経費	荷造運搬費
202405	005090200	19	通信費	0.0	0.0	0.0	0.0	0.0	0.0	本社収支	経費	通信費
202405	005090200	20	水道光熱費	0.0	0.0	0.0	0.0	0.0	0.0	本社収支	経費	水道光熱費
202405	005090200	21	動力費	0.0	0.0	0.0	0.0	0.0	0.0	本社収支	経費	動力費
202405	005090200	22	燃料費	0.0	0.0	0.0	0.0	0.0	0.0	本社収支	経費	燃料費
202405	005090200	23	事務用品費	0.0	0.0	0.0	0.0	0.0	0.0	本社収支	経費	事務用品費
202405	005090200	24	消耗品費	0.0	0.0	0.0	0.0	0.0	0.0	本社収支	経費	消耗品費
202405	005090200	25	廃棄物処理料	0.0	0.0	0.0	0.0	0.0	0.0	本社収支	経費	廃棄物処理料
202405	005090200	26	広告宣伝費	0.0	0.0	0.0	0.0	0.0	0.0	本社収支	経費	広告宣伝費
202405	005090200	27	接待交際費	0.0	0.0	0.0	0.0	0.0	0.0	本社収支	経費	接待交際費
202405	005090200	28	研究開発費	0.0	0.0	0.0	0.0	0.0	0.0	本社収支	経費	研究開発費
202405	005090200	29	クレーム費	0.0	0.0	0.0	0.0	0.0	0.0	本社収支	経費	クレーム費
202405	005090200	30	賃借料	0.0	0.0	0.0	0.0	0.0	0.0	本社収支	経費	賃借料
202405	005090200	31	賃貸料収入	0.0	0.0	0.0	0.0	0.0	0.0	本社収支	経費	賃貸料収入
202405	005090200	32	修繕費	0.0	0.0	0.0	0.0	0.0	0.0	本社収支	経費	修繕費
202405	005090200	33	支払リース料	0.0	0.0	0.0	0.0	0.0	0.0	本社収支	経費	支払リース料
202405	005090200	34	保険料	0.0	0.0	0.0	0.0	0.0	0.0	本社収支	経費	保険料
202405	005090200	35	支払報酬	0.0	0.0	0.0	0.0	0.0	0.0	本社収支	経費	支払報酬
202405	005090200	36	販売手数料	0.0	0.0	0.0	0.0	0.0	0.0	本社収支	経費	販売手数料
202405	005090200	37	支払手数料	0.0	0.0	0.0	0.0	0.0	0.0	本社収支	経費	支払手数料
202405	005090200	38	診断料	0.0	0.0	0.0	0.0	0.0	0.0	本社収支	経費	診断料
202405	005090200	39	諸会費	0.0	0.0	0.0	0.0	0.0	0.0	本社収支	経費	諸会費
202405	005090200	40	会議費	0.0	0.0	0.0	0.0	0.0	0.0	本社収支	経費	会議費
202405	005090200	41	寄付金	0.0	0.0	0.0	0.0	0.0	0.0	本社収支	経費	寄付金
202405	005090200	42	租税公課	0.0	0.0	0.0	0.0	0.0	0.0	本社収支	経費	租税公課
202405	005090200	43	業務委託費	0.0	0.0	0.0	0.0	0.0	0.0	本社収支	経費	業務委託費
202405	005090200	44	業務受託収入	0.0	0.0	0.0	0.0	0.0	0.0	本社収支	経費	業務受託収入
202405	005090200	45	システム管理料	0.0	0.0	0.0	0.0	0.0	0.0	本社収支	経費	システム管理料
202405	005090200	46	情報機器利用料	0.0	0.0	0.0	0.0	0.0	0.0	本社収支	経費	情報機器利用料
202405	005090200	47	貸倒金	0.0	0.0	0.0	0.0	0.0	0.0	本社収支	経費	貸倒金
202405	005090200	48	雑費	0.0	0.0	0.0	0.0	0.0	0.0	本社収支	経費	雑費
202405	005090200	49	福利消耗品費	0.0	0.0	0.0	0.0	0.0	0.0	本社収支	経費	福利消耗品費
202405	005090200	50	教育研修費	0.0	0.0	0.0	0.0	0.0	0.0	本社収支	経費	教育研修費
202405	005090200	51	雑給	0.0	0.0	0.0	0.0	0.0	0.0	本社収支	経費	雑給
202405	005090200	52	社内金利（固定資産）	-83506.0	-83506.0	-63948.0	0.0	0.0	0.0	本社収支	経費	社内金利（固定資産）
202405	005090200	53	グループ共通	0.0	0.0	0.0	0.0	0.0	0.0	本社収支	経費	グループ共通
202405	005090200	54	差引収益	83506.0	83506.0	63948.0	0.0	76.5	76.5	本社収支		
202405	005090200	55	差引比率	0.0	0.0	0.0		0.0	0.0	本社収支		
202405	005090200	56	総時間	11.0	11.0	11.0		100.0	100.0	本社収支		
202405	005090200	57	定時間	0.0	0.0	0.0		0.0	0.0	本社収支	時間	
202405	005090200	58	残業時間	0.0	0.0	0.0		0.0	0.0	本社収支	時間	
202405	005090200	59	移動時間	11.0	11.0	11.0		100.0	100.0	本社収支	時間	
202405	005090200	60	当月時間当り	7591.4	7591.4	5813.4		76.5	76.5	本社収支		
202405	005090200	61	人員	0.0	0.0	0.0		0.0	0.0	本社収支		
202406	005090200	1	総受注高	0.0	0.0	0.0		0.0	0.0	本社収支	受注	
202406	005090200	2	総売上高	0.0	0.0	0.0		0.0	0.0	本社収支		
202406	005090200	3	切り花売上	0.0	0.0	0.0	0.0	0.0	0.0	本社収支	売上	
202406	005090200	4	研究受託売上   	0.0	0.0	0.0	0.0	0.0	0.0	本社収支	売上	
202406	005090200	5	その他売上	0.0	0.0	0.0	0.0	0.0	0.0	本社収支	売上	
202406	005090200	6	堆肥売上            	0.0	0.0	0.0	0.0	0.0	0.0	本社収支	売上	
202406	005090200	7	経費合計	-81118.0	-81118.0	-79849.0	0.0	0.0	0.0	本社収支		
202406	005090200	8	種苗費	0.0	0.0	0.0	0.0	0.0	0.0	本社収支	経費	種苗費
202406	005090200	9	肥料費	0.0	0.0	0.0	0.0	0.0	0.0	本社収支	経費	肥料費
202406	005090200	10	培土費用	0.0	0.0	0.0	0.0	0.0	0.0	本社収支	経費	培土費用
202406	005090200	11	農薬衛生費	0.0	0.0	0.0	0.0	0.0	0.0	本社収支	経費	農薬衛生費
202406	005090200	12	農具費	0.0	0.0	0.0	0.0	0.0	0.0	本社収支	経費	農具費
202406	005090200	13	諸材料費	0.0	0.0	0.0	0.0	0.0	0.0	本社収支	経費	諸材料費
202406	005090200	14	その他仕入高	0.0	0.0	0.0	0.0	0.0	0.0	本社収支	経費	その他仕入高
202406	005090200	15	減価償却費	0.0	0.0	0.0	0.0	0.0	0.0	本社収支	経費	減価償却費
202406	005090200	16	車両費	0.0	0.0	0.0	0.0	0.0	0.0	本社収支	経費	車両費
202406	005090200	17	旅費交通費	0.0	0.0	0.0	0.0	0.0	0.0	本社収支	経費	旅費交通費
202406	005090200	18	荷造運搬費	0.0	0.0	0.0	0.0	0.0	0.0	本社収支	経費	荷造運搬費
202406	005090200	19	通信費	0.0	0.0	0.0	0.0	0.0	0.0	本社収支	経費	通信費
202406	005090200	20	水道光熱費	0.0	0.0	0.0	0.0	0.0	0.0	本社収支	経費	水道光熱費
202406	005090200	21	動力費	0.0	0.0	0.0	0.0	0.0	0.0	本社収支	経費	動力費
202406	005090200	22	燃料費	0.0	0.0	0.0	0.0	0.0	0.0	本社収支	経費	燃料費
202406	005090200	23	事務用品費	0.0	0.0	0.0	0.0	0.0	0.0	本社収支	経費	事務用品費
202406	005090200	24	消耗品費	0.0	0.0	0.0	0.0	0.0	0.0	本社収支	経費	消耗品費
202406	005090200	25	廃棄物処理料	0.0	0.0	0.0	0.0	0.0	0.0	本社収支	経費	廃棄物処理料
202406	005090200	26	広告宣伝費	0.0	0.0	0.0	0.0	0.0	0.0	本社収支	経費	広告宣伝費
202406	005090200	27	接待交際費	0.0	0.0	0.0	0.0	0.0	0.0	本社収支	経費	接待交際費
202406	005090200	28	研究開発費	0.0	0.0	0.0	0.0	0.0	0.0	本社収支	経費	研究開発費
202406	005090200	29	クレーム費	0.0	0.0	0.0	0.0	0.0	0.0	本社収支	経費	クレーム費
202406	005090200	30	賃借料	0.0	0.0	0.0	0.0	0.0	0.0	本社収支	経費	賃借料
202406	005090200	31	賃貸料収入	0.0	0.0	0.0	0.0	0.0	0.0	本社収支	経費	賃貸料収入
202406	005090200	32	修繕費	0.0	0.0	0.0	0.0	0.0	0.0	本社収支	経費	修繕費
202406	005090200	33	支払リース料	0.0	0.0	0.0	0.0	0.0	0.0	本社収支	経費	支払リース料
202406	005090200	34	保険料	0.0	0.0	0.0	0.0	0.0	0.0	本社収支	経費	保険料
202406	005090200	35	支払報酬	0.0	0.0	0.0	0.0	0.0	0.0	本社収支	経費	支払報酬
202406	005090200	36	販売手数料	0.0	0.0	0.0	0.0	0.0	0.0	本社収支	経費	販売手数料
202406	005090200	37	支払手数料	0.0	0.0	0.0	0.0	0.0	0.0	本社収支	経費	支払手数料
202406	005090200	38	診断料	0.0	0.0	0.0	0.0	0.0	0.0	本社収支	経費	診断料
202406	005090200	39	諸会費	0.0	0.0	0.0	0.0	0.0	0.0	本社収支	経費	諸会費
202406	005090200	40	会議費	0.0	0.0	0.0	0.0	0.0	0.0	本社収支	経費	会議費
202406	005090200	41	寄付金	0.0	0.0	0.0	0.0	0.0	0.0	本社収支	経費	寄付金
202406	005090200	42	租税公課	0.0	0.0	0.0	0.0	0.0	0.0	本社収支	経費	租税公課
202406	005090200	43	業務委託費	0.0	0.0	0.0	0.0	0.0	0.0	本社収支	経費	業務委託費
202406	005090200	44	業務受託収入	0.0	0.0	0.0	0.0	0.0	0.0	本社収支	経費	業務受託収入
202406	005090200	45	システム管理料	0.0	0.0	0.0	0.0	0.0	0.0	本社収支	経費	システム管理料
202406	005090200	46	情報機器利用料	0.0	0.0	0.0	0.0	0.0	0.0	本社収支	経費	情報機器利用料
202406	005090200	47	貸倒金	0.0	0.0	0.0	0.0	0.0	0.0	本社収支	経費	貸倒金
202406	005090200	48	雑費	0.0	0.0	0.0	0.0	0.0	0.0	本社収支	経費	雑費
202406	005090200	49	福利消耗品費	0.0	0.0	0.0	0.0	0.0	0.0	本社収支	経費	福利消耗品費
202406	005090200	50	教育研修費	0.0	0.0	0.0	0.0	0.0	0.0	本社収支	経費	教育研修費
202406	005090200	51	雑給	0.0	0.0	0.0	0.0	0.0	0.0	本社収支	経費	雑給
202406	005090200	52	社内金利（固定資産）	-81118.0	-81118.0	-79849.0	0.0	0.0	0.0	本社収支	経費	社内金利（固定資産）
202406	005090200	53	グループ共通	0.0	0.0	0.0	0.0	0.0	0.0	本社収支	経費	グループ共通
202406	005090200	54	差引収益	81118.0	81118.0	79849.0	0.0	98.4	98.4	本社収支		
202406	005090200	55	差引比率	0.0	0.0	0.0		0.0	0.0	本社収支		
202406	005090200	56	総時間	10.0	10.0	10.0		100.0	100.0	本社収支		
202406	005090200	57	定時間	0.0	0.0	0.0		0.0	0.0	本社収支	時間	
202406	005090200	58	残業時間	0.0	0.0	0.0		0.0	0.0	本社収支	時間	
202406	005090200	59	移動時間	10.0	10.0	10.0		100.0	100.0	本社収支	時間	
202406	005090200	60	当月時間当り	8111.8	8111.8	7984.9		98.4	98.4	本社収支		
202406	005090200	61	人員	0.0	0.0	0.0		0.0	0.0	本社収支		
202407	005090200	1	総受注高	0.0	0.0	0.0		0.0	0.0	本社収支	受注	
202407	005090200	2	総売上高	0.0	0.0	0.0		0.0	0.0	本社収支		
202407	005090200	3	切り花売上	0.0	0.0	0.0	0.0	0.0	0.0	本社収支	売上	
202407	005090200	4	研究受託売上   	0.0	0.0	0.0	0.0	0.0	0.0	本社収支	売上	
202407	005090200	5	その他売上	0.0	0.0	0.0	0.0	0.0	0.0	本社収支	売上	
202407	005090200	6	堆肥売上            	0.0	0.0	0.0	0.0	0.0	0.0	本社収支	売上	
202407	005090200	7	経費合計	-78730.0	-78730.0	-77750.0	0.0	0.0	0.0	本社収支		
202407	005090200	8	種苗費	0.0	0.0	0.0	0.0	0.0	0.0	本社収支	経費	種苗費
202407	005090200	9	肥料費	0.0	0.0	0.0	0.0	0.0	0.0	本社収支	経費	肥料費
202407	005090200	10	培土費用	0.0	0.0	0.0	0.0	0.0	0.0	本社収支	経費	培土費用
202407	005090200	11	農薬衛生費	0.0	0.0	0.0	0.0	0.0	0.0	本社収支	経費	農薬衛生費
202407	005090200	12	農具費	0.0	0.0	0.0	0.0	0.0	0.0	本社収支	経費	農具費
202407	005090200	13	諸材料費	0.0	0.0	0.0	0.0	0.0	0.0	本社収支	経費	諸材料費
202407	005090200	14	その他仕入高	0.0	0.0	0.0	0.0	0.0	0.0	本社収支	経費	その他仕入高
202407	005090200	15	減価償却費	0.0	0.0	0.0	0.0	0.0	0.0	本社収支	経費	減価償却費
202407	005090200	16	車両費	0.0	0.0	0.0	0.0	0.0	0.0	本社収支	経費	車両費
202407	005090200	17	旅費交通費	0.0	0.0	0.0	0.0	0.0	0.0	本社収支	経費	旅費交通費
202407	005090200	18	荷造運搬費	0.0	0.0	0.0	0.0	0.0	0.0	本社収支	経費	荷造運搬費
202407	005090200	19	通信費	0.0	0.0	0.0	0.0	0.0	0.0	本社収支	経費	通信費
202407	005090200	20	水道光熱費	0.0	0.0	0.0	0.0	0.0	0.0	本社収支	経費	水道光熱費
202407	005090200	21	動力費	0.0	0.0	0.0	0.0	0.0	0.0	本社収支	経費	動力費
202407	005090200	22	燃料費	0.0	0.0	0.0	0.0	0.0	0.0	本社収支	経費	燃料費
202407	005090200	23	事務用品費	0.0	0.0	0.0	0.0	0.0	0.0	本社収支	経費	事務用品費
202407	005090200	24	消耗品費	0.0	0.0	0.0	0.0	0.0	0.0	本社収支	経費	消耗品費
202407	005090200	25	廃棄物処理料	0.0	0.0	0.0	0.0	0.0	0.0	本社収支	経費	廃棄物処理料
202407	005090200	26	広告宣伝費	0.0	0.0	0.0	0.0	0.0	0.0	本社収支	経費	広告宣伝費
202407	005090200	27	接待交際費	0.0	0.0	0.0	0.0	0.0	0.0	本社収支	経費	接待交際費
202407	005090200	28	研究開発費	0.0	0.0	0.0	0.0	0.0	0.0	本社収支	経費	研究開発費
202407	005090200	29	クレーム費	0.0	0.0	0.0	0.0	0.0	0.0	本社収支	経費	クレーム費
202407	005090200	30	賃借料	0.0	0.0	0.0	0.0	0.0	0.0	本社収支	経費	賃借料
202407	005090200	31	賃貸料収入	0.0	0.0	0.0	0.0	0.0	0.0	本社収支	経費	賃貸料収入
202407	005090200	32	修繕費	0.0	0.0	0.0	0.0	0.0	0.0	本社収支	経費	修繕費
202407	005090200	33	支払リース料	0.0	0.0	0.0	0.0	0.0	0.0	本社収支	経費	支払リース料
202407	005090200	34	保険料	0.0	0.0	0.0	0.0	0.0	0.0	本社収支	経費	保険料
202407	005090200	35	支払報酬	0.0	0.0	0.0	0.0	0.0	0.0	本社収支	経費	支払報酬
202407	005090200	36	販売手数料	0.0	0.0	0.0	0.0	0.0	0.0	本社収支	経費	販売手数料
202407	005090200	37	支払手数料	0.0	0.0	0.0	0.0	0.0	0.0	本社収支	経費	支払手数料
202407	005090200	38	診断料	0.0	0.0	0.0	0.0	0.0	0.0	本社収支	経費	診断料
202407	005090200	39	諸会費	0.0	0.0	0.0	0.0	0.0	0.0	本社収支	経費	諸会費
202407	005090200	40	会議費	0.0	0.0	0.0	0.0	0.0	0.0	本社収支	経費	会議費
202407	005090200	41	寄付金	0.0	0.0	0.0	0.0	0.0	0.0	本社収支	経費	寄付金
202407	005090200	42	租税公課	0.0	0.0	0.0	0.0	0.0	0.0	本社収支	経費	租税公課
202407	005090200	43	業務委託費	0.0	0.0	0.0	0.0	0.0	0.0	本社収支	経費	業務委託費
202407	005090200	44	業務受託収入	0.0	0.0	0.0	0.0	0.0	0.0	本社収支	経費	業務受託収入
202407	005090200	45	システム管理料	0.0	0.0	0.0	0.0	0.0	0.0	本社収支	経費	システム管理料
202407	005090200	46	情報機器利用料	0.0	0.0	0.0	0.0	0.0	0.0	本社収支	経費	情報機器利用料
202407	005090200	47	貸倒金	0.0	0.0	0.0	0.0	0.0	0.0	本社収支	経費	貸倒金
202407	005090200	48	雑費	0.0	0.0	0.0	0.0	0.0	0.0	本社収支	経費	雑費
202407	005090200	49	福利消耗品費	0.0	0.0	0.0	0.0	0.0	0.0	本社収支	経費	福利消耗品費
202407	005090200	50	教育研修費	0.0	0.0	0.0	0.0	0.0	0.0	本社収支	経費	教育研修費
202407	005090200	51	雑給	0.0	0.0	0.0	0.0	0.0	0.0	本社収支	経費	雑給
202407	005090200	52	社内金利（固定資産）	-78730.0	-78730.0	-77750.0	0.0	0.0	0.0	本社収支	経費	社内金利（固定資産）
202407	005090200	53	グループ共通	0.0	0.0	0.0	0.0	0.0	0.0	本社収支	経費	グループ共通
202407	005090200	54	差引収益	78730.0	78730.0	77750.0	0.0	98.7	98.7	本社収支		
202407	005090200	55	差引比率	0.0	0.0	0.0		0.0	0.0	本社収支		
202407	005090200	56	総時間	11.5	11.5	11.5		100.0	100.0	本社収支		
202407	005090200	57	定時間	0.0	0.0	0.0		0.0	0.0	本社収支	時間	
202407	005090200	58	残業時間	0.0	0.0	0.0		0.0	0.0	本社収支	時間	
202407	005090200	59	移動時間	11.5	11.5	11.5		100.0	100.0	本社収支	時間	
202407	005090200	60	当月時間当り	6846.0	6846.0	6760.8		98.7	98.7	本社収支		
202407	005090200	61	人員	0.0	0.0	0.0		0.0	0.0	本社収支		
202408	005090200	1	総受注高	0.0	0.0	0.0		0.0	0.0	本社収支	受注	
202408	005090200	2	総売上高	0.0	0.0	0.0		0.0	0.0	本社収支		
202408	005090200	3	切り花売上	0.0	0.0	0.0	0.0	0.0	0.0	本社収支	売上	
202408	005090200	4	研究受託売上   	0.0	0.0	0.0	0.0	0.0	0.0	本社収支	売上	
202408	005090200	5	その他売上	0.0	0.0	0.0	0.0	0.0	0.0	本社収支	売上	
202408	005090200	6	堆肥売上            	0.0	0.0	0.0	0.0	0.0	0.0	本社収支	売上	
202408	005090200	7	経費合計	-76342.0	-76342.0	-75652.0	0.0	0.0	0.0	本社収支		
202408	005090200	8	種苗費	0.0	0.0	0.0	0.0	0.0	0.0	本社収支	経費	種苗費
202408	005090200	9	肥料費	0.0	0.0	0.0	0.0	0.0	0.0	本社収支	経費	肥料費
202408	005090200	10	培土費用	0.0	0.0	0.0	0.0	0.0	0.0	本社収支	経費	培土費用
202408	005090200	11	農薬衛生費	0.0	0.0	0.0	0.0	0.0	0.0	本社収支	経費	農薬衛生費
202408	005090200	12	農具費	0.0	0.0	0.0	0.0	0.0	0.0	本社収支	経費	農具費
202408	005090200	13	諸材料費	0.0	0.0	0.0	0.0	0.0	0.0	本社収支	経費	諸材料費
202408	005090200	14	その他仕入高	0.0	0.0	0.0	0.0	0.0	0.0	本社収支	経費	その他仕入高
202408	005090200	15	減価償却費	0.0	0.0	0.0	0.0	0.0	0.0	本社収支	経費	減価償却費
202408	005090200	16	車両費	0.0	0.0	0.0	0.0	0.0	0.0	本社収支	経費	車両費
202408	005090200	17	旅費交通費	0.0	0.0	0.0	0.0	0.0	0.0	本社収支	経費	旅費交通費
202408	005090200	18	荷造運搬費	0.0	0.0	0.0	0.0	0.0	0.0	本社収支	経費	荷造運搬費
202408	005090200	19	通信費	0.0	0.0	0.0	0.0	0.0	0.0	本社収支	経費	通信費
202408	005090200	20	水道光熱費	0.0	0.0	0.0	0.0	0.0	0.0	本社収支	経費	水道光熱費
202408	005090200	21	動力費	0.0	0.0	0.0	0.0	0.0	0.0	本社収支	経費	動力費
202408	005090200	22	燃料費	0.0	0.0	0.0	0.0	0.0	0.0	本社収支	経費	燃料費
202408	005090200	23	事務用品費	0.0	0.0	0.0	0.0	0.0	0.0	本社収支	経費	事務用品費
202408	005090200	24	消耗品費	0.0	0.0	0.0	0.0	0.0	0.0	本社収支	経費	消耗品費
202408	005090200	25	廃棄物処理料	0.0	0.0	0.0	0.0	0.0	0.0	本社収支	経費	廃棄物処理料
202408	005090200	26	広告宣伝費	0.0	0.0	0.0	0.0	0.0	0.0	本社収支	経費	広告宣伝費
202408	005090200	27	接待交際費	0.0	0.0	0.0	0.0	0.0	0.0	本社収支	経費	接待交際費
202408	005090200	28	研究開発費	0.0	0.0	0.0	0.0	0.0	0.0	本社収支	経費	研究開発費
202408	005090200	29	クレーム費	0.0	0.0	0.0	0.0	0.0	0.0	本社収支	経費	クレーム費
202408	005090200	30	賃借料	0.0	0.0	0.0	0.0	0.0	0.0	本社収支	経費	賃借料
202408	005090200	31	賃貸料収入	0.0	0.0	0.0	0.0	0.0	0.0	本社収支	経費	賃貸料収入
202408	005090200	32	修繕費	0.0	0.0	0.0	0.0	0.0	0.0	本社収支	経費	修繕費
202408	005090200	33	支払リース料	0.0	0.0	0.0	0.0	0.0	0.0	本社収支	経費	支払リース料
202408	005090200	34	保険料	0.0	0.0	0.0	0.0	0.0	0.0	本社収支	経費	保険料
202408	005090200	35	支払報酬	0.0	0.0	0.0	0.0	0.0	0.0	本社収支	経費	支払報酬
202408	005090200	36	販売手数料	0.0	0.0	0.0	0.0	0.0	0.0	本社収支	経費	販売手数料
202408	005090200	37	支払手数料	0.0	0.0	0.0	0.0	0.0	0.0	本社収支	経費	支払手数料
202408	005090200	38	診断料	0.0	0.0	0.0	0.0	0.0	0.0	本社収支	経費	診断料
202408	005090200	39	諸会費	0.0	0.0	0.0	0.0	0.0	0.0	本社収支	経費	諸会費
202408	005090200	40	会議費	0.0	0.0	0.0	0.0	0.0	0.0	本社収支	経費	会議費
202408	005090200	41	寄付金	0.0	0.0	0.0	0.0	0.0	0.0	本社収支	経費	寄付金
202408	005090200	42	租税公課	0.0	0.0	0.0	0.0	0.0	0.0	本社収支	経費	租税公課
202408	005090200	43	業務委託費	0.0	0.0	0.0	0.0	0.0	0.0	本社収支	経費	業務委託費
202408	005090200	44	業務受託収入	0.0	0.0	0.0	0.0	0.0	0.0	本社収支	経費	業務受託収入
202408	005090200	45	システム管理料	0.0	0.0	0.0	0.0	0.0	0.0	本社収支	経費	システム管理料
202408	005090200	46	情報機器利用料	0.0	0.0	0.0	0.0	0.0	0.0	本社収支	経費	情報機器利用料
202408	005090200	47	貸倒金	0.0	0.0	0.0	0.0	0.0	0.0	本社収支	経費	貸倒金
202408	005090200	48	雑費	0.0	0.0	0.0	0.0	0.0	0.0	本社収支	経費	雑費
202408	005090200	49	福利消耗品費	0.0	0.0	0.0	0.0	0.0	0.0	本社収支	経費	福利消耗品費
202408	005090200	50	教育研修費	0.0	0.0	0.0	0.0	0.0	0.0	本社収支	経費	教育研修費
202408	005090200	51	雑給	0.0	0.0	0.0	0.0	0.0	0.0	本社収支	経費	雑給
202408	005090200	52	社内金利（固定資産）	-76342.0	-76342.0	-75652.0	0.0	0.0	0.0	本社収支	経費	社内金利（固定資産）
202408	005090200	53	グループ共通	0.0	0.0	0.0	0.0	0.0	0.0	本社収支	経費	グループ共通
202408	005090200	54	差引収益	76342.0	76342.0	75652.0	0.0	99.0	99.0	本社収支		
202408	005090200	55	差引比率	0.0	0.0	0.0		0.0	0.0	本社収支		
202408	005090200	56	総時間	10.0	10.0	10.0		100.0	100.0	本社収支		
202408	005090200	57	定時間	0.0	0.0	0.0		0.0	0.0	本社収支	時間	
202408	005090200	58	残業時間	0.0	0.0	0.0		0.0	0.0	本社収支	時間	
202408	005090200	59	移動時間	10.0	10.0	10.0		100.0	100.0	本社収支	時間	
202408	005090200	60	当月時間当り	7634.2	7634.2	7565.2		99.0	99.0	本社収支		
202408	005090200	61	人員	0.0	0.0	0.0		0.0	0.0	本社収支		
202409	005090200	1	総受注高	0.0	0.0	0.0		0.0	0.0	本社収支	受注	
202409	005090200	2	総売上高	0.0	0.0	0.0		0.0	0.0	本社収支		
202409	005090200	3	切り花売上	0.0	0.0	0.0	0.0	0.0	0.0	本社収支	売上	
202409	005090200	4	研究受託売上   	0.0	0.0	0.0	0.0	0.0	0.0	本社収支	売上	
202409	005090200	5	その他売上	0.0	0.0	0.0	0.0	0.0	0.0	本社収支	売上	
202409	005090200	6	堆肥売上            	0.0	0.0	0.0	0.0	0.0	0.0	本社収支	売上	
202409	005090200	7	経費合計	-73954.0	-73954.0	-73553.0	0.0	0.0	0.0	本社収支		
202409	005090200	8	種苗費	0.0	0.0	0.0	0.0	0.0	0.0	本社収支	経費	種苗費
202409	005090200	9	肥料費	0.0	0.0	0.0	0.0	0.0	0.0	本社収支	経費	肥料費
202409	005090200	10	培土費用	0.0	0.0	0.0	0.0	0.0	0.0	本社収支	経費	培土費用
202409	005090200	11	農薬衛生費	0.0	0.0	0.0	0.0	0.0	0.0	本社収支	経費	農薬衛生費
202409	005090200	12	農具費	0.0	0.0	0.0	0.0	0.0	0.0	本社収支	経費	農具費
202409	005090200	13	諸材料費	0.0	0.0	0.0	0.0	0.0	0.0	本社収支	経費	諸材料費
202409	005090200	14	その他仕入高	0.0	0.0	0.0	0.0	0.0	0.0	本社収支	経費	その他仕入高
202409	005090200	15	減価償却費	0.0	0.0	0.0	0.0	0.0	0.0	本社収支	経費	減価償却費
202409	005090200	16	車両費	0.0	0.0	0.0	0.0	0.0	0.0	本社収支	経費	車両費
202409	005090200	17	旅費交通費	0.0	0.0	0.0	0.0	0.0	0.0	本社収支	経費	旅費交通費
202409	005090200	18	荷造運搬費	0.0	0.0	0.0	0.0	0.0	0.0	本社収支	経費	荷造運搬費
202409	005090200	19	通信費	0.0	0.0	0.0	0.0	0.0	0.0	本社収支	経費	通信費
202409	005090200	20	水道光熱費	0.0	0.0	0.0	0.0	0.0	0.0	本社収支	経費	水道光熱費
202409	005090200	21	動力費	0.0	0.0	0.0	0.0	0.0	0.0	本社収支	経費	動力費
202409	005090200	22	燃料費	0.0	0.0	0.0	0.0	0.0	0.0	本社収支	経費	燃料費
202409	005090200	23	事務用品費	0.0	0.0	0.0	0.0	0.0	0.0	本社収支	経費	事務用品費
202409	005090200	24	消耗品費	0.0	0.0	0.0	0.0	0.0	0.0	本社収支	経費	消耗品費
202409	005090200	25	廃棄物処理料	0.0	0.0	0.0	0.0	0.0	0.0	本社収支	経費	廃棄物処理料
202409	005090200	26	広告宣伝費	0.0	0.0	0.0	0.0	0.0	0.0	本社収支	経費	広告宣伝費
202409	005090200	27	接待交際費	0.0	0.0	0.0	0.0	0.0	0.0	本社収支	経費	接待交際費
202409	005090200	28	研究開発費	0.0	0.0	0.0	0.0	0.0	0.0	本社収支	経費	研究開発費
202409	005090200	29	クレーム費	0.0	0.0	0.0	0.0	0.0	0.0	本社収支	経費	クレーム費
202409	005090200	30	賃借料	0.0	0.0	0.0	0.0	0.0	0.0	本社収支	経費	賃借料
202409	005090200	31	賃貸料収入	0.0	0.0	0.0	0.0	0.0	0.0	本社収支	経費	賃貸料収入
202409	005090200	32	修繕費	0.0	0.0	0.0	0.0	0.0	0.0	本社収支	経費	修繕費
202409	005090200	33	支払リース料	0.0	0.0	0.0	0.0	0.0	0.0	本社収支	経費	支払リース料
202409	005090200	34	保険料	0.0	0.0	0.0	0.0	0.0	0.0	本社収支	経費	保険料
202409	005090200	35	支払報酬	0.0	0.0	0.0	0.0	0.0	0.0	本社収支	経費	支払報酬
202409	005090200	36	販売手数料	0.0	0.0	0.0	0.0	0.0	0.0	本社収支	経費	販売手数料
202409	005090200	37	支払手数料	0.0	0.0	0.0	0.0	0.0	0.0	本社収支	経費	支払手数料
202409	005090200	38	診断料	0.0	0.0	0.0	0.0	0.0	0.0	本社収支	経費	診断料
202409	005090200	39	諸会費	0.0	0.0	0.0	0.0	0.0	0.0	本社収支	経費	諸会費
202409	005090200	40	会議費	0.0	0.0	0.0	0.0	0.0	0.0	本社収支	経費	会議費
202409	005090200	41	寄付金	0.0	0.0	0.0	0.0	0.0	0.0	本社収支	経費	寄付金
202409	005090200	42	租税公課	0.0	0.0	0.0	0.0	0.0	0.0	本社収支	経費	租税公課
202409	005090200	43	業務委託費	0.0	0.0	0.0	0.0	0.0	0.0	本社収支	経費	業務委託費
202409	005090200	44	業務受託収入	0.0	0.0	0.0	0.0	0.0	0.0	本社収支	経費	業務受託収入
202409	005090200	45	システム管理料	0.0	0.0	0.0	0.0	0.0	0.0	本社収支	経費	システム管理料
202409	005090200	46	情報機器利用料	0.0	0.0	0.0	0.0	0.0	0.0	本社収支	経費	情報機器利用料
202409	005090200	47	貸倒金	0.0	0.0	0.0	0.0	0.0	0.0	本社収支	経費	貸倒金
202409	005090200	48	雑費	0.0	0.0	0.0	0.0	0.0	0.0	本社収支	経費	雑費
202409	005090200	49	福利消耗品費	0.0	0.0	0.0	0.0	0.0	0.0	本社収支	経費	福利消耗品費
202409	005090200	50	教育研修費	0.0	0.0	0.0	0.0	0.0	0.0	本社収支	経費	教育研修費
202409	005090200	51	雑給	0.0	0.0	0.0	0.0	0.0	0.0	本社収支	経費	雑給
202409	005090200	52	社内金利（固定資産）	-73954.0	-73954.0	-73553.0	0.0	0.0	0.0	本社収支	経費	社内金利（固定資産）
202409	005090200	53	グループ共通	0.0	0.0	0.0	0.0	0.0	0.0	本社収支	経費	グループ共通
202409	005090200	54	差引収益	73954.0	73954.0	73553.0	0.0	99.4	99.4	本社収支		
202409	005090200	55	差引比率	0.0	0.0	0.0		0.0	0.0	本社収支		
202409	005090200	56	総時間	9.75	9.75	9.75		100.0	100.0	本社収支		
202409	005090200	57	定時間	0.0	0.0	0.0		0.0	0.0	本社収支	時間	
202409	005090200	58	残業時間	0.0	0.0	0.0		0.0	0.0	本社収支	時間	
202409	005090200	59	移動時間	9.75	9.75	9.75		100.0	100.0	本社収支	時間	
202409	005090200	60	当月時間当り	7585.0	7585.0	7543.8		99.4	99.4	本社収支		
202409	005090200	61	人員	0.0	0.0	0.0		0.0	0.0	本社収支		
202410	005090200	1	総受注高	0.0	0.0	0.0		0.0	0.0	本社収支	受注	
202410	005090200	2	総売上高	0.0	0.0	0.0		0.0	0.0	本社収支		
202410	005090200	3	切り花売上	0.0	0.0	0.0	0.0	0.0	0.0	本社収支	売上	
202410	005090200	4	研究受託売上   	0.0	0.0	0.0	0.0	0.0	0.0	本社収支	売上	
202410	005090200	5	その他売上	0.0	0.0	0.0	0.0	0.0	0.0	本社収支	売上	
202410	005090200	6	堆肥売上            	0.0	0.0	0.0	0.0	0.0	0.0	本社収支	売上	
202410	005090200	7	経費合計	-71566.0	-71566.0	-71454.0	0.0	0.0	0.0	本社収支		
202410	005090200	8	種苗費	0.0	0.0	0.0	0.0	0.0	0.0	本社収支	経費	種苗費
202410	005090200	9	肥料費	0.0	0.0	0.0	0.0	0.0	0.0	本社収支	経費	肥料費
202410	005090200	10	培土費用	0.0	0.0	0.0	0.0	0.0	0.0	本社収支	経費	培土費用
202410	005090200	11	農薬衛生費	0.0	0.0	0.0	0.0	0.0	0.0	本社収支	経費	農薬衛生費
202410	005090200	12	農具費	0.0	0.0	0.0	0.0	0.0	0.0	本社収支	経費	農具費
202410	005090200	13	諸材料費	0.0	0.0	0.0	0.0	0.0	0.0	本社収支	経費	諸材料費
202410	005090200	14	その他仕入高	0.0	0.0	0.0	0.0	0.0	0.0	本社収支	経費	その他仕入高
202410	005090200	15	減価償却費	0.0	0.0	0.0	0.0	0.0	0.0	本社収支	経費	減価償却費
202410	005090200	16	車両費	0.0	0.0	0.0	0.0	0.0	0.0	本社収支	経費	車両費
202410	005090200	17	旅費交通費	0.0	0.0	0.0	0.0	0.0	0.0	本社収支	経費	旅費交通費
202410	005090200	18	荷造運搬費	0.0	0.0	0.0	0.0	0.0	0.0	本社収支	経費	荷造運搬費
202410	005090200	19	通信費	0.0	0.0	0.0	0.0	0.0	0.0	本社収支	経費	通信費
202410	005090200	20	水道光熱費	0.0	0.0	0.0	0.0	0.0	0.0	本社収支	経費	水道光熱費
202410	005090200	21	動力費	0.0	0.0	0.0	0.0	0.0	0.0	本社収支	経費	動力費
202410	005090200	22	燃料費	0.0	0.0	0.0	0.0	0.0	0.0	本社収支	経費	燃料費
202410	005090200	23	事務用品費	0.0	0.0	0.0	0.0	0.0	0.0	本社収支	経費	事務用品費
202410	005090200	24	消耗品費	0.0	0.0	0.0	0.0	0.0	0.0	本社収支	経費	消耗品費
202410	005090200	25	廃棄物処理料	0.0	0.0	0.0	0.0	0.0	0.0	本社収支	経費	廃棄物処理料
202410	005090200	26	広告宣伝費	0.0	0.0	0.0	0.0	0.0	0.0	本社収支	経費	広告宣伝費
202410	005090200	27	接待交際費	0.0	0.0	0.0	0.0	0.0	0.0	本社収支	経費	接待交際費
202410	005090200	28	研究開発費	0.0	0.0	0.0	0.0	0.0	0.0	本社収支	経費	研究開発費
202410	005090200	29	クレーム費	0.0	0.0	0.0	0.0	0.0	0.0	本社収支	経費	クレーム費
202410	005090200	30	賃借料	0.0	0.0	0.0	0.0	0.0	0.0	本社収支	経費	賃借料
202410	005090200	31	賃貸料収入	0.0	0.0	0.0	0.0	0.0	0.0	本社収支	経費	賃貸料収入
202410	005090200	32	修繕費	0.0	0.0	0.0	0.0	0.0	0.0	本社収支	経費	修繕費
202410	005090200	33	支払リース料	0.0	0.0	0.0	0.0	0.0	0.0	本社収支	経費	支払リース料
202410	005090200	34	保険料	0.0	0.0	0.0	0.0	0.0	0.0	本社収支	経費	保険料
202410	005090200	35	支払報酬	0.0	0.0	0.0	0.0	0.0	0.0	本社収支	経費	支払報酬
202410	005090200	36	販売手数料	0.0	0.0	0.0	0.0	0.0	0.0	本社収支	経費	販売手数料
202410	005090200	37	支払手数料	0.0	0.0	0.0	0.0	0.0	0.0	本社収支	経費	支払手数料
202410	005090200	38	診断料	0.0	0.0	0.0	0.0	0.0	0.0	本社収支	経費	診断料
202410	005090200	39	諸会費	0.0	0.0	0.0	0.0	0.0	0.0	本社収支	経費	諸会費
202410	005090200	40	会議費	0.0	0.0	0.0	0.0	0.0	0.0	本社収支	経費	会議費
202410	005090200	41	寄付金	0.0	0.0	0.0	0.0	0.0	0.0	本社収支	経費	寄付金
202410	005090200	42	租税公課	0.0	0.0	0.0	0.0	0.0	0.0	本社収支	経費	租税公課
202410	005090200	43	業務委託費	0.0	0.0	0.0	0.0	0.0	0.0	本社収支	経費	業務委託費
202410	005090200	44	業務受託収入	0.0	0.0	0.0	0.0	0.0	0.0	本社収支	経費	業務受託収入
202410	005090200	45	システム管理料	0.0	0.0	0.0	0.0	0.0	0.0	本社収支	経費	システム管理料
202410	005090200	46	情報機器利用料	0.0	0.0	0.0	0.0	0.0	0.0	本社収支	経費	情報機器利用料
202410	005090200	47	貸倒金	0.0	0.0	0.0	0.0	0.0	0.0	本社収支	経費	貸倒金
202410	005090200	48	雑費	0.0	0.0	0.0	0.0	0.0	0.0	本社収支	経費	雑費
202410	005090200	49	福利消耗品費	0.0	0.0	0.0	0.0	0.0	0.0	本社収支	経費	福利消耗品費
202410	005090200	50	教育研修費	0.0	0.0	0.0	0.0	0.0	0.0	本社収支	経費	教育研修費
202410	005090200	51	雑給	0.0	0.0	0.0	0.0	0.0	0.0	本社収支	経費	雑給
202410	005090200	52	社内金利（固定資産）	-71566.0	-71566.0	-71454.0	0.0	0.0	0.0	本社収支	経費	社内金利（固定資産）
202410	005090200	53	グループ共通	0.0	0.0	0.0	0.0	0.0	0.0	本社収支	経費	グループ共通
202410	005090200	54	差引収益	71566.0	71566.0	71454.0	0.0	99.8	99.8	本社収支		
202410	005090200	55	差引比率	0.0	0.0	0.0		0.0	0.0	本社収支		
202410	005090200	56	総時間	11.0	11.0	11.0		100.0	100.0	本社収支		
202410	005090200	57	定時間	0.0	0.0	0.0		0.0	0.0	本社収支	時間	
202410	005090200	58	残業時間	0.0	0.0	0.0		0.0	0.0	本社収支	時間	
202410	005090200	59	移動時間	11.0	11.0	11.0		100.0	100.0	本社収支	時間	
202410	005090200	60	当月時間当り	6506.0	6506.0	6495.8		99.8	99.8	本社収支		
202410	005090200	61	人員	0.0	0.0	0.0		0.0	0.0	本社収支		
202411	005090200	1	総受注高	0.0	0.0	0.0		0.0	0.0	本社収支	受注	
202411	005090200	2	総売上高	0.0	0.0	0.0		0.0	0.0	本社収支		
202411	005090200	3	切り花売上	0.0	0.0	0.0	0.0	0.0	0.0	本社収支	売上	
202411	005090200	4	研究受託売上   	0.0	0.0	0.0	0.0	0.0	0.0	本社収支	売上	
202411	005090200	5	その他売上	0.0	0.0	0.0	0.0	0.0	0.0	本社収支	売上	
202411	005090200	6	堆肥売上            	0.0	0.0	0.0	0.0	0.0	0.0	本社収支	売上	
202411	005090200	7	経費合計	-69178.0	-69178.0	-69355.0	0.0	0.0	0.0	本社収支		
202411	005090200	8	種苗費	0.0	0.0	0.0	0.0	0.0	0.0	本社収支	経費	種苗費
202411	005090200	9	肥料費	0.0	0.0	0.0	0.0	0.0	0.0	本社収支	経費	肥料費
202411	005090200	10	培土費用	0.0	0.0	0.0	0.0	0.0	0.0	本社収支	経費	培土費用
202411	005090200	11	農薬衛生費	0.0	0.0	0.0	0.0	0.0	0.0	本社収支	経費	農薬衛生費
202411	005090200	12	農具費	0.0	0.0	0.0	0.0	0.0	0.0	本社収支	経費	農具費
202411	005090200	13	諸材料費	0.0	0.0	0.0	0.0	0.0	0.0	本社収支	経費	諸材料費
202411	005090200	14	その他仕入高	0.0	0.0	0.0	0.0	0.0	0.0	本社収支	経費	その他仕入高
202411	005090200	15	減価償却費	0.0	0.0	0.0	0.0	0.0	0.0	本社収支	経費	減価償却費
202411	005090200	16	車両費	0.0	0.0	0.0	0.0	0.0	0.0	本社収支	経費	車両費
202411	005090200	17	旅費交通費	0.0	0.0	0.0	0.0	0.0	0.0	本社収支	経費	旅費交通費
202411	005090200	18	荷造運搬費	0.0	0.0	0.0	0.0	0.0	0.0	本社収支	経費	荷造運搬費
202411	005090200	19	通信費	0.0	0.0	0.0	0.0	0.0	0.0	本社収支	経費	通信費
202411	005090200	20	水道光熱費	0.0	0.0	0.0	0.0	0.0	0.0	本社収支	経費	水道光熱費
202411	005090200	21	動力費	0.0	0.0	0.0	0.0	0.0	0.0	本社収支	経費	動力費
202411	005090200	22	燃料費	0.0	0.0	0.0	0.0	0.0	0.0	本社収支	経費	燃料費
202411	005090200	23	事務用品費	0.0	0.0	0.0	0.0	0.0	0.0	本社収支	経費	事務用品費
202411	005090200	24	消耗品費	0.0	0.0	0.0	0.0	0.0	0.0	本社収支	経費	消耗品費
202411	005090200	25	廃棄物処理料	0.0	0.0	0.0	0.0	0.0	0.0	本社収支	経費	廃棄物処理料
202411	005090200	26	広告宣伝費	0.0	0.0	0.0	0.0	0.0	0.0	本社収支	経費	広告宣伝費
202411	005090200	27	接待交際費	0.0	0.0	0.0	0.0	0.0	0.0	本社収支	経費	接待交際費
202411	005090200	28	研究開発費	0.0	0.0	0.0	0.0	0.0	0.0	本社収支	経費	研究開発費
202411	005090200	29	クレーム費	0.0	0.0	0.0	0.0	0.0	0.0	本社収支	経費	クレーム費
202411	005090200	30	賃借料	0.0	0.0	0.0	0.0	0.0	0.0	本社収支	経費	賃借料
202411	005090200	31	賃貸料収入	0.0	0.0	0.0	0.0	0.0	0.0	本社収支	経費	賃貸料収入
202411	005090200	32	修繕費	0.0	0.0	0.0	0.0	0.0	0.0	本社収支	経費	修繕費
202411	005090200	33	支払リース料	0.0	0.0	0.0	0.0	0.0	0.0	本社収支	経費	支払リース料
202411	005090200	34	保険料	0.0	0.0	0.0	0.0	0.0	0.0	本社収支	経費	保険料
202411	005090200	35	支払報酬	0.0	0.0	0.0	0.0	0.0	0.0	本社収支	経費	支払報酬
202411	005090200	36	販売手数料	0.0	0.0	0.0	0.0	0.0	0.0	本社収支	経費	販売手数料
202411	005090200	37	支払手数料	0.0	0.0	0.0	0.0	0.0	0.0	本社収支	経費	支払手数料
202411	005090200	38	診断料	0.0	0.0	0.0	0.0	0.0	0.0	本社収支	経費	診断料
202411	005090200	39	諸会費	0.0	0.0	0.0	0.0	0.0	0.0	本社収支	経費	諸会費
202411	005090200	40	会議費	0.0	0.0	0.0	0.0	0.0	0.0	本社収支	経費	会議費
202411	005090200	41	寄付金	0.0	0.0	0.0	0.0	0.0	0.0	本社収支	経費	寄付金
202411	005090200	42	租税公課	0.0	0.0	0.0	0.0	0.0	0.0	本社収支	経費	租税公課
202411	005090200	43	業務委託費	0.0	0.0	0.0	0.0	0.0	0.0	本社収支	経費	業務委託費
202411	005090200	44	業務受託収入	0.0	0.0	0.0	0.0	0.0	0.0	本社収支	経費	業務受託収入
202411	005090200	45	システム管理料	0.0	0.0	0.0	0.0	0.0	0.0	本社収支	経費	システム管理料
202411	005090200	46	情報機器利用料	0.0	0.0	0.0	0.0	0.0	0.0	本社収支	経費	情報機器利用料
202411	005090200	47	貸倒金	0.0	0.0	0.0	0.0	0.0	0.0	本社収支	経費	貸倒金
202411	005090200	48	雑費	0.0	0.0	0.0	0.0	0.0	0.0	本社収支	経費	雑費
202411	005090200	49	福利消耗品費	0.0	0.0	0.0	0.0	0.0	0.0	本社収支	経費	福利消耗品費
202411	005090200	50	教育研修費	0.0	0.0	0.0	0.0	0.0	0.0	本社収支	経費	教育研修費
202411	005090200	51	雑給	0.0	0.0	0.0	0.0	0.0	0.0	本社収支	経費	雑給
202411	005090200	52	社内金利（固定資産）	-69178.0	-69178.0	-69355.0	0.0	0.0	0.0	本社収支	経費	社内金利（固定資産）
202411	005090200	53	グループ共通	0.0	0.0	0.0	0.0	0.0	0.0	本社収支	経費	グループ共通
202411	005090200	54	差引収益	69178.0	69178.0	69355.0	0.0	100.2	100.2	本社収支		
202411	005090200	55	差引比率	0.0	0.0	0.0		0.0	0.0	本社収支		
202411	005090200	56	総時間	11.0	11.0	11.0		100.0	100.0	本社収支		
202411	005090200	57	定時間	0.0	0.0	0.0		0.0	0.0	本社収支	時間	
202411	005090200	58	残業時間	0.0	0.0	0.0		0.0	0.0	本社収支	時間	
202411	005090200	59	移動時間	11.0	11.0	11.0		100.0	100.0	本社収支	時間	
202411	005090200	60	当月時間当り	6288.9	6288.9	6305.0		100.2	100.2	本社収支		
202411	005090200	61	人員	0.0	0.0	0.0		0.0	0.0	本社収支		
202412	005090200	1	総受注高	0.0	0.0	0.0		0.0	0.0	本社収支	受注	
202412	005090200	2	総売上高	0.0	0.0	0.0		0.0	0.0	本社収支		
202412	005090200	3	切り花売上	0.0	0.0	0.0	0.0	0.0	0.0	本社収支	売上	
202412	005090200	4	研究受託売上   	0.0	0.0	0.0	0.0	0.0	0.0	本社収支	売上	
202412	005090200	5	その他売上	0.0	0.0	0.0	0.0	0.0	0.0	本社収支	売上	
202412	005090200	6	堆肥売上            	0.0	0.0	0.0	0.0	0.0	0.0	本社収支	売上	
202412	005090200	7	経費合計	-66790.0	-66790.0	-67256.0	0.0	0.0	0.0	本社収支		
202412	005090200	8	種苗費	0.0	0.0	0.0	0.0	0.0	0.0	本社収支	経費	種苗費
202412	005090200	9	肥料費	0.0	0.0	0.0	0.0	0.0	0.0	本社収支	経費	肥料費
202412	005090200	10	培土費用	0.0	0.0	0.0	0.0	0.0	0.0	本社収支	経費	培土費用
202412	005090200	11	農薬衛生費	0.0	0.0	0.0	0.0	0.0	0.0	本社収支	経費	農薬衛生費
202412	005090200	12	農具費	0.0	0.0	0.0	0.0	0.0	0.0	本社収支	経費	農具費
202412	005090200	13	諸材料費	0.0	0.0	0.0	0.0	0.0	0.0	本社収支	経費	諸材料費
202412	005090200	14	その他仕入高	0.0	0.0	0.0	0.0	0.0	0.0	本社収支	経費	その他仕入高
202412	005090200	15	減価償却費	0.0	0.0	0.0	0.0	0.0	0.0	本社収支	経費	減価償却費
202412	005090200	16	車両費	0.0	0.0	0.0	0.0	0.0	0.0	本社収支	経費	車両費
202412	005090200	17	旅費交通費	0.0	0.0	0.0	0.0	0.0	0.0	本社収支	経費	旅費交通費
202412	005090200	18	荷造運搬費	0.0	0.0	0.0	0.0	0.0	0.0	本社収支	経費	荷造運搬費
202412	005090200	19	通信費	0.0	0.0	0.0	0.0	0.0	0.0	本社収支	経費	通信費
202412	005090200	20	水道光熱費	0.0	0.0	0.0	0.0	0.0	0.0	本社収支	経費	水道光熱費
202412	005090200	21	動力費	0.0	0.0	0.0	0.0	0.0	0.0	本社収支	経費	動力費
202412	005090200	22	燃料費	0.0	0.0	0.0	0.0	0.0	0.0	本社収支	経費	燃料費
202412	005090200	23	事務用品費	0.0	0.0	0.0	0.0	0.0	0.0	本社収支	経費	事務用品費
202412	005090200	24	消耗品費	0.0	0.0	0.0	0.0	0.0	0.0	本社収支	経費	消耗品費
202412	005090200	25	廃棄物処理料	0.0	0.0	0.0	0.0	0.0	0.0	本社収支	経費	廃棄物処理料
202412	005090200	26	広告宣伝費	0.0	0.0	0.0	0.0	0.0	0.0	本社収支	経費	広告宣伝費
202412	005090200	27	接待交際費	0.0	0.0	0.0	0.0	0.0	0.0	本社収支	経費	接待交際費
202412	005090200	28	研究開発費	0.0	0.0	0.0	0.0	0.0	0.0	本社収支	経費	研究開発費
202412	005090200	29	クレーム費	0.0	0.0	0.0	0.0	0.0	0.0	本社収支	経費	クレーム費
202412	005090200	30	賃借料	0.0	0.0	0.0	0.0	0.0	0.0	本社収支	経費	賃借料
202412	005090200	31	賃貸料収入	0.0	0.0	0.0	0.0	0.0	0.0	本社収支	経費	賃貸料収入
202412	005090200	32	修繕費	0.0	0.0	0.0	0.0	0.0	0.0	本社収支	経費	修繕費
202412	005090200	33	支払リース料	0.0	0.0	0.0	0.0	0.0	0.0	本社収支	経費	支払リース料
202412	005090200	34	保険料	0.0	0.0	0.0	0.0	0.0	0.0	本社収支	経費	保険料
202412	005090200	35	支払報酬	0.0	0.0	0.0	0.0	0.0	0.0	本社収支	経費	支払報酬
202412	005090200	36	販売手数料	0.0	0.0	0.0	0.0	0.0	0.0	本社収支	経費	販売手数料
202412	005090200	37	支払手数料	0.0	0.0	0.0	0.0	0.0	0.0	本社収支	経費	支払手数料
202412	005090200	38	診断料	0.0	0.0	0.0	0.0	0.0	0.0	本社収支	経費	診断料
202412	005090200	39	諸会費	0.0	0.0	0.0	0.0	0.0	0.0	本社収支	経費	諸会費
202412	005090200	40	会議費	0.0	0.0	0.0	0.0	0.0	0.0	本社収支	経費	会議費
202412	005090200	41	寄付金	0.0	0.0	0.0	0.0	0.0	0.0	本社収支	経費	寄付金
202412	005090200	42	租税公課	0.0	0.0	0.0	0.0	0.0	0.0	本社収支	経費	租税公課
202412	005090200	43	業務委託費	0.0	0.0	0.0	0.0	0.0	0.0	本社収支	経費	業務委託費
202412	005090200	44	業務受託収入	0.0	0.0	0.0	0.0	0.0	0.0	本社収支	経費	業務受託収入
202412	005090200	45	システム管理料	0.0	0.0	0.0	0.0	0.0	0.0	本社収支	経費	システム管理料
202412	005090200	46	情報機器利用料	0.0	0.0	0.0	0.0	0.0	0.0	本社収支	経費	情報機器利用料
202412	005090200	47	貸倒金	0.0	0.0	0.0	0.0	0.0	0.0	本社収支	経費	貸倒金
202412	005090200	48	雑費	0.0	0.0	0.0	0.0	0.0	0.0	本社収支	経費	雑費
202412	005090200	49	福利消耗品費	0.0	0.0	0.0	0.0	0.0	0.0	本社収支	経費	福利消耗品費
202412	005090200	50	教育研修費	0.0	0.0	0.0	0.0	0.0	0.0	本社収支	経費	教育研修費
202412	005090200	51	雑給	0.0	0.0	0.0	0.0	0.0	0.0	本社収支	経費	雑給
202412	005090200	52	社内金利（固定資産）	-66790.0	-66790.0	-67256.0	0.0	0.0	0.0	本社収支	経費	社内金利（固定資産）
202412	005090200	53	グループ共通	0.0	0.0	0.0	0.0	0.0	0.0	本社収支	経費	グループ共通
202412	005090200	54	差引収益	66790.0	66790.0	67256.0	0.0	100.6	100.6	本社収支		
202412	005090200	55	差引比率	0.0	0.0	0.0		0.0	0.0	本社収支		
202412	005090200	56	総時間	10.25	10.25	10.25		100.0	100.0	本社収支		
202412	005090200	57	定時間	0.0	0.0	0.0		0.0	0.0	本社収支	時間	
202412	005090200	58	残業時間	0.0	0.0	0.0		0.0	0.0	本社収支	時間	
202412	005090200	59	移動時間	10.25	10.25	10.25		100.0	100.0	本社収支	時間	
202412	005090200	60	当月時間当り	6516.0	6516.0	6561.5		100.6	100.6	本社収支		
202412	005090200	61	人員	0.0	0.0	0.0		0.0	0.0	本社収支		
202501	005090200	1	総受注高	0.0	0.0	0.0		0.0	0.0	本社収支	受注	
202501	005090200	2	総売上高	0.0	0.0	0.0		0.0	0.0	本社収支		
202501	005090200	3	切り花売上	0.0	0.0	0.0	0.0	0.0	0.0	本社収支	売上	
202501	005090200	4	研究受託売上   	0.0	0.0	0.0	0.0	0.0	0.0	本社収支	売上	
202501	005090200	5	その他売上	0.0	0.0	0.0	0.0	0.0	0.0	本社収支	売上	
202501	005090200	6	堆肥売上            	0.0	0.0	0.0	0.0	0.0	0.0	本社収支	売上	
202501	005090200	7	経費合計	-64402.0	-64402.0	-65157.0	0.0	0.0	0.0	本社収支		
202501	005090200	8	種苗費	0.0	0.0	0.0	0.0	0.0	0.0	本社収支	経費	種苗費
202501	005090200	9	肥料費	0.0	0.0	0.0	0.0	0.0	0.0	本社収支	経費	肥料費
202501	005090200	10	培土費用	0.0	0.0	0.0	0.0	0.0	0.0	本社収支	経費	培土費用
202501	005090200	11	農薬衛生費	0.0	0.0	0.0	0.0	0.0	0.0	本社収支	経費	農薬衛生費
202501	005090200	12	農具費	0.0	0.0	0.0	0.0	0.0	0.0	本社収支	経費	農具費
202501	005090200	13	諸材料費	0.0	0.0	0.0	0.0	0.0	0.0	本社収支	経費	諸材料費
202501	005090200	14	その他仕入高	0.0	0.0	0.0	0.0	0.0	0.0	本社収支	経費	その他仕入高
202501	005090200	15	減価償却費	0.0	0.0	0.0	0.0	0.0	0.0	本社収支	経費	減価償却費
202501	005090200	16	車両費	0.0	0.0	0.0	0.0	0.0	0.0	本社収支	経費	車両費
202501	005090200	17	旅費交通費	0.0	0.0	0.0	0.0	0.0	0.0	本社収支	経費	旅費交通費
202501	005090200	18	荷造運搬費	0.0	0.0	0.0	0.0	0.0	0.0	本社収支	経費	荷造運搬費
202501	005090200	19	通信費	0.0	0.0	0.0	0.0	0.0	0.0	本社収支	経費	通信費
202501	005090200	20	水道光熱費	0.0	0.0	0.0	0.0	0.0	0.0	本社収支	経費	水道光熱費
202501	005090200	21	動力費	0.0	0.0	0.0	0.0	0.0	0.0	本社収支	経費	動力費
202501	005090200	22	燃料費	0.0	0.0	0.0	0.0	0.0	0.0	本社収支	経費	燃料費
202501	005090200	23	事務用品費	0.0	0.0	0.0	0.0	0.0	0.0	本社収支	経費	事務用品費
202501	005090200	24	消耗品費	0.0	0.0	0.0	0.0	0.0	0.0	本社収支	経費	消耗品費
202501	005090200	25	廃棄物処理料	0.0	0.0	0.0	0.0	0.0	0.0	本社収支	経費	廃棄物処理料
202501	005090200	26	広告宣伝費	0.0	0.0	0.0	0.0	0.0	0.0	本社収支	経費	広告宣伝費
202501	005090200	27	接待交際費	0.0	0.0	0.0	0.0	0.0	0.0	本社収支	経費	接待交際費
202501	005090200	28	研究開発費	0.0	0.0	0.0	0.0	0.0	0.0	本社収支	経費	研究開発費
202501	005090200	29	クレーム費	0.0	0.0	0.0	0.0	0.0	0.0	本社収支	経費	クレーム費
202501	005090200	30	賃借料	0.0	0.0	0.0	0.0	0.0	0.0	本社収支	経費	賃借料
202501	005090200	31	賃貸料収入	0.0	0.0	0.0	0.0	0.0	0.0	本社収支	経費	賃貸料収入
202501	005090200	32	修繕費	0.0	0.0	0.0	0.0	0.0	0.0	本社収支	経費	修繕費
202501	005090200	33	支払リース料	0.0	0.0	0.0	0.0	0.0	0.0	本社収支	経費	支払リース料
202501	005090200	34	保険料	0.0	0.0	0.0	0.0	0.0	0.0	本社収支	経費	保険料
202501	005090200	35	支払報酬	0.0	0.0	0.0	0.0	0.0	0.0	本社収支	経費	支払報酬
202501	005090200	36	販売手数料	0.0	0.0	0.0	0.0	0.0	0.0	本社収支	経費	販売手数料
202501	005090200	37	支払手数料	0.0	0.0	0.0	0.0	0.0	0.0	本社収支	経費	支払手数料
202501	005090200	38	診断料	0.0	0.0	0.0	0.0	0.0	0.0	本社収支	経費	診断料
202501	005090200	39	諸会費	0.0	0.0	0.0	0.0	0.0	0.0	本社収支	経費	諸会費
202501	005090200	40	会議費	0.0	0.0	0.0	0.0	0.0	0.0	本社収支	経費	会議費
202501	005090200	41	寄付金	0.0	0.0	0.0	0.0	0.0	0.0	本社収支	経費	寄付金
202501	005090200	42	租税公課	0.0	0.0	0.0	0.0	0.0	0.0	本社収支	経費	租税公課
202501	005090200	43	業務委託費	0.0	0.0	0.0	0.0	0.0	0.0	本社収支	経費	業務委託費
202501	005090200	44	業務受託収入	0.0	0.0	0.0	0.0	0.0	0.0	本社収支	経費	業務受託収入
202501	005090200	45	システム管理料	0.0	0.0	0.0	0.0	0.0	0.0	本社収支	経費	システム管理料
202501	005090200	46	情報機器利用料	0.0	0.0	0.0	0.0	0.0	0.0	本社収支	経費	情報機器利用料
202501	005090200	47	貸倒金	0.0	0.0	0.0	0.0	0.0	0.0	本社収支	経費	貸倒金
202501	005090200	48	雑費	0.0	0.0	0.0	0.0	0.0	0.0	本社収支	経費	雑費
202501	005090200	49	福利消耗品費	0.0	0.0	0.0	0.0	0.0	0.0	本社収支	経費	福利消耗品費
202501	005090200	50	教育研修費	0.0	0.0	0.0	0.0	0.0	0.0	本社収支	経費	教育研修費
202501	005090200	51	雑給	0.0	0.0	0.0	0.0	0.0	0.0	本社収支	経費	雑給
202501	005090200	52	社内金利（固定資産）	-64402.0	-64402.0	-65157.0	0.0	0.0	0.0	本社収支	経費	社内金利（固定資産）
202501	005090200	53	グループ共通	0.0	0.0	0.0	0.0	0.0	0.0	本社収支	経費	グループ共通
202501	005090200	54	差引収益	64402.0	64402.0	65157.0	0.0	101.1	101.1	本社収支		
202501	005090200	55	差引比率	0.0	0.0	0.0		0.0	0.0	本社収支		
202501	005090200	56	総時間	9.25	9.25	9.25		100.0	100.0	本社収支		
202501	005090200	57	定時間	0.0	0.0	0.0		0.0	0.0	本社収支	時間	
202501	005090200	58	残業時間	0.0	0.0	0.0		0.0	0.0	本社収支	時間	
202501	005090200	59	移動時間	9.25	9.25	9.25		100.0	100.0	本社収支	時間	
202501	005090200	60	当月時間当り	6962.3	6962.3	7044.0		101.1	101.1	本社収支		
202501	005090200	61	人員	0.0	0.0	0.0		0.0	0.0	本社収支		
202502	005090200	1	総受注高	0.0	0.0	0.0		0.0	0.0	本社収支	受注	
202502	005090200	2	総売上高	0.0	0.0	0.0		0.0	0.0	本社収支		
202502	005090200	3	切り花売上	0.0	0.0	0.0	0.0	0.0	0.0	本社収支	売上	
202502	005090200	4	研究受託売上   	0.0	0.0	0.0	0.0	0.0	0.0	本社収支	売上	
202502	005090200	5	その他売上	0.0	0.0	0.0	0.0	0.0	0.0	本社収支	売上	
202502	005090200	6	堆肥売上            	0.0	0.0	0.0	0.0	0.0	0.0	本社収支	売上	
202502	005090200	7	経費合計	-59625.0	-59625.0	-63058.0	0.0	0.0	0.0	本社収支		
202502	005090200	8	種苗費	0.0	0.0	0.0	0.0	0.0	0.0	本社収支	経費	種苗費
202502	005090200	9	肥料費	0.0	0.0	0.0	0.0	0.0	0.0	本社収支	経費	肥料費
202502	005090200	10	培土費用	0.0	0.0	0.0	0.0	0.0	0.0	本社収支	経費	培土費用
202502	005090200	11	農薬衛生費	0.0	0.0	0.0	0.0	0.0	0.0	本社収支	経費	農薬衛生費
202502	005090200	12	農具費	0.0	0.0	0.0	0.0	0.0	0.0	本社収支	経費	農具費
202502	005090200	13	諸材料費	0.0	0.0	0.0	0.0	0.0	0.0	本社収支	経費	諸材料費
202502	005090200	14	その他仕入高	0.0	0.0	0.0	0.0	0.0	0.0	本社収支	経費	その他仕入高
202502	005090200	15	減価償却費	0.0	0.0	0.0	0.0	0.0	0.0	本社収支	経費	減価償却費
202502	005090200	16	車両費	0.0	0.0	0.0	0.0	0.0	0.0	本社収支	経費	車両費
202502	005090200	17	旅費交通費	0.0	0.0	0.0	0.0	0.0	0.0	本社収支	経費	旅費交通費
202502	005090200	18	荷造運搬費	0.0	0.0	0.0	0.0	0.0	0.0	本社収支	経費	荷造運搬費
202502	005090200	19	通信費	0.0	0.0	0.0	0.0	0.0	0.0	本社収支	経費	通信費
202502	005090200	20	水道光熱費	0.0	0.0	0.0	0.0	0.0	0.0	本社収支	経費	水道光熱費
202502	005090200	21	動力費	0.0	0.0	0.0	0.0	0.0	0.0	本社収支	経費	動力費
202502	005090200	22	燃料費	0.0	0.0	0.0	0.0	0.0	0.0	本社収支	経費	燃料費
202502	005090200	23	事務用品費	0.0	0.0	0.0	0.0	0.0	0.0	本社収支	経費	事務用品費
202502	005090200	24	消耗品費	0.0	0.0	0.0	0.0	0.0	0.0	本社収支	経費	消耗品費
202502	005090200	25	廃棄物処理料	0.0	0.0	0.0	0.0	0.0	0.0	本社収支	経費	廃棄物処理料
202502	005090200	26	広告宣伝費	0.0	0.0	0.0	0.0	0.0	0.0	本社収支	経費	広告宣伝費
202502	005090200	27	接待交際費	0.0	0.0	0.0	0.0	0.0	0.0	本社収支	経費	接待交際費
202502	005090200	28	研究開発費	0.0	0.0	0.0	0.0	0.0	0.0	本社収支	経費	研究開発費
202502	005090200	29	クレーム費	0.0	0.0	0.0	0.0	0.0	0.0	本社収支	経費	クレーム費
202502	005090200	30	賃借料	0.0	0.0	0.0	0.0	0.0	0.0	本社収支	経費	賃借料
202502	005090200	31	賃貸料収入	0.0	0.0	0.0	0.0	0.0	0.0	本社収支	経費	賃貸料収入
202502	005090200	32	修繕費	0.0	0.0	0.0	0.0	0.0	0.0	本社収支	経費	修繕費
202502	005090200	33	支払リース料	0.0	0.0	0.0	0.0	0.0	0.0	本社収支	経費	支払リース料
202502	005090200	34	保険料	0.0	0.0	0.0	0.0	0.0	0.0	本社収支	経費	保険料
202502	005090200	35	支払報酬	0.0	0.0	0.0	0.0	0.0	0.0	本社収支	経費	支払報酬
202502	005090200	36	販売手数料	0.0	0.0	0.0	0.0	0.0	0.0	本社収支	経費	販売手数料
202502	005090200	37	支払手数料	0.0	0.0	0.0	0.0	0.0	0.0	本社収支	経費	支払手数料
202502	005090200	38	診断料	0.0	0.0	0.0	0.0	0.0	0.0	本社収支	経費	診断料
202502	005090200	39	諸会費	0.0	0.0	0.0	0.0	0.0	0.0	本社収支	経費	諸会費
202502	005090200	40	会議費	0.0	0.0	0.0	0.0	0.0	0.0	本社収支	経費	会議費
202502	005090200	41	寄付金	0.0	0.0	0.0	0.0	0.0	0.0	本社収支	経費	寄付金
202502	005090200	42	租税公課	0.0	0.0	0.0	0.0	0.0	0.0	本社収支	経費	租税公課
202502	005090200	43	業務委託費	0.0	0.0	0.0	0.0	0.0	0.0	本社収支	経費	業務委託費
202502	005090200	44	業務受託収入	0.0	0.0	0.0	0.0	0.0	0.0	本社収支	経費	業務受託収入
202502	005090200	45	システム管理料	0.0	0.0	0.0	0.0	0.0	0.0	本社収支	経費	システム管理料
202502	005090200	46	情報機器利用料	0.0	0.0	0.0	0.0	0.0	0.0	本社収支	経費	情報機器利用料
202502	005090200	47	貸倒金	0.0	0.0	0.0	0.0	0.0	0.0	本社収支	経費	貸倒金
202502	005090200	48	雑費	0.0	0.0	0.0	0.0	0.0	0.0	本社収支	経費	雑費
202502	005090200	49	福利消耗品費	0.0	0.0	0.0	0.0	0.0	0.0	本社収支	経費	福利消耗品費
202502	005090200	50	教育研修費	0.0	0.0	0.0	0.0	0.0	0.0	本社収支	経費	教育研修費
202502	005090200	51	雑給	0.0	0.0	0.0	0.0	0.0	0.0	本社収支	経費	雑給
202502	005090200	52	社内金利（固定資産）	-59625.0	-59625.0	-63058.0	0.0	0.0	0.0	本社収支	経費	社内金利（固定資産）
202502	005090200	53	グループ共通	0.0	0.0	0.0	0.0	0.0	0.0	本社収支	経費	グループ共通
202502	005090200	54	差引収益	59625.0	59625.0	63058.0	0.0	105.7	105.7	本社収支		
202502	005090200	55	差引比率	0.0	0.0	0.0		0.0	0.0	本社収支		
202502	005090200	56	総時間	8.75	5.0	8.75		175.0	100.0	本社収支		
202502	005090200	57	定時間	0.0	0.0	0.0		0.0	0.0	本社収支	時間	
202502	005090200	58	残業時間	0.0	0.0	0.0		0.0	0.0	本社収支	時間	
202502	005090200	59	移動時間	8.75	5.0	8.75		175.0	100.0	本社収支	時間	
202502	005090200	60	当月時間当り	6814.2	11925.0	7206.6		60.4	105.7	本社収支		
202502	005090200	61	人員	0.0	0.0	0.0		0.0	0.0	本社収支		
202503	005090200	1	総受注高	0.0	0.0	0.0		0.0	0.0	本社収支	受注	
202503	005090200	2	総売上高	0.0	0.0	0.0		0.0	0.0	本社収支		
202503	005090200	3	切り花売上	0.0	0.0	0.0	0.0	0.0	0.0	本社収支	売上	
202503	005090200	4	研究受託売上   	0.0	0.0	0.0	0.0	0.0	0.0	本社収支	売上	
202503	005090200	5	その他売上	0.0	0.0	0.0	0.0	0.0	0.0	本社収支	売上	
202503	005090200	6	堆肥売上            	0.0	0.0	0.0	0.0	0.0	0.0	本社収支	売上	
202503	005090200	7	経費合計	-41976.0	-41976.0	-72981.0	0.0	0.0	0.0	本社収支		
202503	005090200	8	種苗費	0.0	0.0	0.0	0.0	0.0	0.0	本社収支	経費	種苗費
202503	005090200	9	肥料費	0.0	0.0	0.0	0.0	0.0	0.0	本社収支	経費	肥料費
202503	005090200	10	培土費用	0.0	0.0	0.0	0.0	0.0	0.0	本社収支	経費	培土費用
202503	005090200	11	農薬衛生費	0.0	0.0	0.0	0.0	0.0	0.0	本社収支	経費	農薬衛生費
202503	005090200	12	農具費	0.0	0.0	0.0	0.0	0.0	0.0	本社収支	経費	農具費
202503	005090200	13	諸材料費	0.0	0.0	0.0	0.0	0.0	0.0	本社収支	経費	諸材料費
202503	005090200	14	その他仕入高	0.0	0.0	0.0	0.0	0.0	0.0	本社収支	経費	その他仕入高
202503	005090200	15	減価償却費	0.0	0.0	0.0	0.0	0.0	0.0	本社収支	経費	減価償却費
202503	005090200	16	車両費	0.0	0.0	0.0	0.0	0.0	0.0	本社収支	経費	車両費
202503	005090200	17	旅費交通費	0.0	0.0	0.0	0.0	0.0	0.0	本社収支	経費	旅費交通費
202503	005090200	18	荷造運搬費	0.0	0.0	0.0	0.0	0.0	0.0	本社収支	経費	荷造運搬費
202503	005090200	19	通信費	0.0	0.0	0.0	0.0	0.0	0.0	本社収支	経費	通信費
202503	005090200	20	水道光熱費	0.0	0.0	0.0	0.0	0.0	0.0	本社収支	経費	水道光熱費
202503	005090200	21	動力費	0.0	0.0	0.0	0.0	0.0	0.0	本社収支	経費	動力費
202503	005090200	22	燃料費	0.0	0.0	0.0	0.0	0.0	0.0	本社収支	経費	燃料費
202503	005090200	23	事務用品費	0.0	0.0	0.0	0.0	0.0	0.0	本社収支	経費	事務用品費
202503	005090200	24	消耗品費	0.0	0.0	0.0	0.0	0.0	0.0	本社収支	経費	消耗品費
202503	005090200	25	廃棄物処理料	0.0	0.0	0.0	0.0	0.0	0.0	本社収支	経費	廃棄物処理料
202503	005090200	26	広告宣伝費	0.0	0.0	0.0	0.0	0.0	0.0	本社収支	経費	広告宣伝費
202503	005090200	27	接待交際費	0.0	0.0	0.0	0.0	0.0	0.0	本社収支	経費	接待交際費
202503	005090200	28	研究開発費	0.0	0.0	0.0	0.0	0.0	0.0	本社収支	経費	研究開発費
202503	005090200	29	クレーム費	0.0	0.0	0.0	0.0	0.0	0.0	本社収支	経費	クレーム費
202503	005090200	30	賃借料	0.0	0.0	0.0	0.0	0.0	0.0	本社収支	経費	賃借料
202503	005090200	31	賃貸料収入	0.0	0.0	0.0	0.0	0.0	0.0	本社収支	経費	賃貸料収入
202503	005090200	32	修繕費	0.0	0.0	0.0	0.0	0.0	0.0	本社収支	経費	修繕費
202503	005090200	33	支払リース料	0.0	0.0	0.0	0.0	0.0	0.0	本社収支	経費	支払リース料
202503	005090200	34	保険料	0.0	0.0	0.0	0.0	0.0	0.0	本社収支	経費	保険料
202503	005090200	35	支払報酬	0.0	0.0	0.0	0.0	0.0	0.0	本社収支	経費	支払報酬
202503	005090200	36	販売手数料	0.0	0.0	0.0	0.0	0.0	0.0	本社収支	経費	販売手数料
202503	005090200	37	支払手数料	0.0	0.0	0.0	0.0	0.0	0.0	本社収支	経費	支払手数料
202503	005090200	38	診断料	0.0	0.0	0.0	0.0	0.0	0.0	本社収支	経費	診断料
202503	005090200	39	諸会費	0.0	0.0	0.0	0.0	0.0	0.0	本社収支	経費	諸会費
202503	005090200	40	会議費	0.0	0.0	0.0	0.0	0.0	0.0	本社収支	経費	会議費
202503	005090200	41	寄付金	0.0	0.0	0.0	0.0	0.0	0.0	本社収支	経費	寄付金
202503	005090200	42	租税公課	0.0	0.0	0.0	0.0	0.0	0.0	本社収支	経費	租税公課
202503	005090200	43	業務委託費	0.0	0.0	0.0	0.0	0.0	0.0	本社収支	経費	業務委託費
202503	005090200	44	業務受託収入	0.0	0.0	0.0	0.0	0.0	0.0	本社収支	経費	業務受託収入
202503	005090200	45	システム管理料	0.0	0.0	0.0	0.0	0.0	0.0	本社収支	経費	システム管理料
202503	005090200	46	情報機器利用料	0.0	0.0	0.0	0.0	0.0	0.0	本社収支	経費	情報機器利用料
202503	005090200	47	貸倒金	0.0	0.0	0.0	0.0	0.0	0.0	本社収支	経費	貸倒金
202503	005090200	48	雑費	0.0	0.0	0.0	0.0	0.0	0.0	本社収支	経費	雑費
202503	005090200	49	福利消耗品費	0.0	0.0	0.0	0.0	0.0	0.0	本社収支	経費	福利消耗品費
202503	005090200	50	教育研修費	0.0	0.0	0.0	0.0	0.0	0.0	本社収支	経費	教育研修費
202503	005090200	51	雑給	0.0	0.0	0.0	0.0	0.0	0.0	本社収支	経費	雑給
202503	005090200	52	社内金利（固定資産）	-41976.0	-41976.0	-72981.0	0.0	0.0	0.0	本社収支	経費	社内金利（固定資産）
202503	005090200	53	グループ共通	0.0	0.0	0.0	0.0	0.0	0.0	本社収支	経費	グループ共通
202503	005090200	54	差引収益	41976.0	41976.0	72981.0	0.0	173.8	173.8	本社収支		
202503	005090200	55	差引比率	0.0	0.0	0.0		0.0	0.0	本社収支		
202503	005090200	56	総時間	10.25	10.25	10.25		100.0	100.0	本社収支		
202503	005090200	57	定時間	0.0	0.0	0.0		0.0	0.0	本社収支	時間	
202503	005090200	58	残業時間	0.0	0.0	0.0		0.0	0.0	本社収支	時間	
202503	005090200	59	移動時間	10.25	10.25	10.25		100.0	100.0	本社収支	時間	
202503	005090200	60	当月時間当り	4095.2	4095.2	7120.0		173.8	173.8	本社収支		
202503	005090200	61	人員	0.0	0.0	0.0		0.0	0.0	本社収支		
202504	005090200	1	総受注高	0.0	0.0	0.0		0.0	0.0	本社収支	受注	
202504	005090200	2	総売上高	0.0	0.0	0.0		0.0	0.0	本社収支		
202504	005090200	3	切り花売上	0.0	0.0	0.0	0.0	0.0	0.0	本社収支	売上	
202504	005090200	4	研究受託売上   	0.0	0.0	0.0	0.0	0.0	0.0	本社収支	売上	
202504	005090200	5	その他売上	0.0	0.0	0.0	0.0	0.0	0.0	本社収支	売上	
202504	005090200	6	堆肥売上            	0.0	0.0	0.0	0.0	0.0	0.0	本社収支	売上	
202504	005090200	7	経費合計	-67457.0	-67457.0	-71062.0	0.0	0.0	0.0	本社収支		
202504	005090200	8	種苗費	0.0	0.0	0.0	0.0	0.0	0.0	本社収支	経費	種苗費
202504	005090200	9	肥料費	0.0	0.0	0.0	0.0	0.0	0.0	本社収支	経費	肥料費
202504	005090200	10	培土費用	0.0	0.0	0.0	0.0	0.0	0.0	本社収支	経費	培土費用
202504	005090200	11	農薬衛生費	0.0	0.0	0.0	0.0	0.0	0.0	本社収支	経費	農薬衛生費
202504	005090200	12	農具費	0.0	0.0	0.0	0.0	0.0	0.0	本社収支	経費	農具費
202504	005090200	13	諸材料費	0.0	0.0	0.0	0.0	0.0	0.0	本社収支	経費	諸材料費
202504	005090200	14	その他仕入高	0.0	0.0	0.0	0.0	0.0	0.0	本社収支	経費	その他仕入高
202504	005090200	15	減価償却費	0.0	0.0	0.0	0.0	0.0	0.0	本社収支	経費	減価償却費
202504	005090200	16	車両費	0.0	0.0	0.0	0.0	0.0	0.0	本社収支	経費	車両費
202504	005090200	17	旅費交通費	0.0	0.0	0.0	0.0	0.0	0.0	本社収支	経費	旅費交通費
202504	005090200	18	荷造運搬費	0.0	0.0	0.0	0.0	0.0	0.0	本社収支	経費	荷造運搬費
202504	005090200	19	通信費	0.0	0.0	0.0	0.0	0.0	0.0	本社収支	経費	通信費
202504	005090200	20	水道光熱費	0.0	0.0	0.0	0.0	0.0	0.0	本社収支	経費	水道光熱費
202504	005090200	21	動力費	0.0	0.0	0.0	0.0	0.0	0.0	本社収支	経費	動力費
202504	005090200	22	燃料費	0.0	0.0	0.0	0.0	0.0	0.0	本社収支	経費	燃料費
202504	005090200	23	事務用品費	0.0	0.0	0.0	0.0	0.0	0.0	本社収支	経費	事務用品費
202504	005090200	24	消耗品費	0.0	0.0	0.0	0.0	0.0	0.0	本社収支	経費	消耗品費
202504	005090200	25	廃棄物処理料	0.0	0.0	0.0	0.0	0.0	0.0	本社収支	経費	廃棄物処理料
202504	005090200	26	広告宣伝費	0.0	0.0	0.0	0.0	0.0	0.0	本社収支	経費	広告宣伝費
202504	005090200	27	接待交際費	0.0	0.0	0.0	0.0	0.0	0.0	本社収支	経費	接待交際費
202504	005090200	28	研究開発費	0.0	0.0	0.0	0.0	0.0	0.0	本社収支	経費	研究開発費
202504	005090200	29	クレーム費	0.0	0.0	0.0	0.0	0.0	0.0	本社収支	経費	クレーム費
202504	005090200	30	賃借料	0.0	0.0	0.0	0.0	0.0	0.0	本社収支	経費	賃借料
202504	005090200	31	賃貸料収入	0.0	0.0	0.0	0.0	0.0	0.0	本社収支	経費	賃貸料収入
202504	005090200	32	修繕費	0.0	0.0	0.0	0.0	0.0	0.0	本社収支	経費	修繕費
202504	005090200	33	支払リース料	0.0	0.0	0.0	0.0	0.0	0.0	本社収支	経費	支払リース料
202504	005090200	34	保険料	0.0	0.0	0.0	0.0	0.0	0.0	本社収支	経費	保険料
202504	005090200	35	支払報酬	0.0	0.0	0.0	0.0	0.0	0.0	本社収支	経費	支払報酬
202504	005090200	36	販売手数料	0.0	0.0	0.0	0.0	0.0	0.0	本社収支	経費	販売手数料
202504	005090200	37	支払手数料	0.0	0.0	0.0	0.0	0.0	0.0	本社収支	経費	支払手数料
202504	005090200	38	診断料	0.0	0.0	0.0	0.0	0.0	0.0	本社収支	経費	診断料
202504	005090200	39	諸会費	0.0	0.0	0.0	0.0	0.0	0.0	本社収支	経費	諸会費
202504	005090200	40	会議費	0.0	0.0	0.0	0.0	0.0	0.0	本社収支	経費	会議費
202504	005090200	41	寄付金	0.0	0.0	0.0	0.0	0.0	0.0	本社収支	経費	寄付金
202504	005090200	42	租税公課	0.0	0.0	0.0	0.0	0.0	0.0	本社収支	経費	租税公課
202504	005090200	43	業務委託費	0.0	0.0	0.0	0.0	0.0	0.0	本社収支	経費	業務委託費
202504	005090200	44	業務受託収入	0.0	0.0	0.0	0.0	0.0	0.0	本社収支	経費	業務受託収入
202504	005090200	45	システム管理料	0.0	0.0	0.0	0.0	0.0	0.0	本社収支	経費	システム管理料
202504	005090200	46	情報機器利用料	0.0	0.0	0.0	0.0	0.0	0.0	本社収支	経費	情報機器利用料
202504	005090200	47	貸倒金	0.0	0.0	0.0	0.0	0.0	0.0	本社収支	経費	貸倒金
202504	005090200	48	雑費	0.0	0.0	0.0	0.0	0.0	0.0	本社収支	経費	雑費
202504	005090200	49	福利消耗品費	0.0	0.0	0.0	0.0	0.0	0.0	本社収支	経費	福利消耗品費
202504	005090200	50	教育研修費	0.0	0.0	0.0	0.0	0.0	0.0	本社収支	経費	教育研修費
202504	005090200	51	雑給	0.0	0.0	0.0	0.0	0.0	0.0	本社収支	経費	雑給
202504	005090200	52	社内金利（固定資産）	-67457.0	-67457.0	-71062.0	0.0	0.0	0.0	本社収支	経費	社内金利（固定資産）
202504	005090200	53	グループ共通	0.0	0.0	0.0	0.0	0.0	0.0	本社収支	経費	グループ共通
202504	005090200	54	差引収益	67457.0	67457.0	71062.0	0.0	105.3	105.3	本社収支		
202504	005090200	55	差引比率	0.0	0.0	0.0		0.0	0.0	本社収支		
202504	005090200	56	総時間	11.0	11.0	11.0		100.0	100.0	本社収支		
202504	005090200	57	定時間	0.0	0.0	0.0		0.0	0.0	本社収支	時間	
202504	005090200	58	残業時間	0.0	0.0	0.0		0.0	0.0	本社収支	時間	
202504	005090200	59	移動時間	11.0	11.0	11.0		100.0	100.0	本社収支	時間	
202504	005090200	60	当月時間当り	6132.4	6132.4	6460.1		105.3	105.3	本社収支		
202504	005090200	61	人員	0.0	0.0	0.0		0.0	0.0	本社収支		
202505	005090200	1	総受注高	0.0	0.0	0.0		0.0	0.0	本社収支	受注	
202505	005090200	2	総売上高	0.0	0.0	0.0		0.0	0.0	本社収支		
202505	005090200	3	切り花売上	0.0	0.0	0.0	0.0	0.0	0.0	本社収支	売上	
202505	005090200	4	研究受託売上   	0.0	0.0	0.0	0.0	0.0	0.0	本社収支	売上	
202505	005090200	5	その他売上	0.0	0.0	0.0	0.0	0.0	0.0	本社収支	売上	
202505	005090200	6	堆肥売上            	0.0	0.0	0.0	0.0	0.0	0.0	本社収支	売上	
202505	005090200	7	経費合計	-65554.0	-65554.0	-69142.0	0.0	0.0	0.0	本社収支		
202505	005090200	8	種苗費	0.0	0.0	0.0	0.0	0.0	0.0	本社収支	経費	種苗費
202505	005090200	9	肥料費	0.0	0.0	0.0	0.0	0.0	0.0	本社収支	経費	肥料費
202505	005090200	10	培土費用	0.0	0.0	0.0	0.0	0.0	0.0	本社収支	経費	培土費用
202505	005090200	11	農薬衛生費	0.0	0.0	0.0	0.0	0.0	0.0	本社収支	経費	農薬衛生費
202505	005090200	12	農具費	0.0	0.0	0.0	0.0	0.0	0.0	本社収支	経費	農具費
202505	005090200	13	諸材料費	0.0	0.0	0.0	0.0	0.0	0.0	本社収支	経費	諸材料費
202505	005090200	14	その他仕入高	0.0	0.0	0.0	0.0	0.0	0.0	本社収支	経費	その他仕入高
202505	005090200	15	減価償却費	0.0	0.0	0.0	0.0	0.0	0.0	本社収支	経費	減価償却費
202505	005090200	16	車両費	0.0	0.0	0.0	0.0	0.0	0.0	本社収支	経費	車両費
202505	005090200	17	旅費交通費	0.0	0.0	0.0	0.0	0.0	0.0	本社収支	経費	旅費交通費
202505	005090200	18	荷造運搬費	0.0	0.0	0.0	0.0	0.0	0.0	本社収支	経費	荷造運搬費
202505	005090200	19	通信費	0.0	0.0	0.0	0.0	0.0	0.0	本社収支	経費	通信費
202505	005090200	20	水道光熱費	0.0	0.0	0.0	0.0	0.0	0.0	本社収支	経費	水道光熱費
202505	005090200	21	動力費	0.0	0.0	0.0	0.0	0.0	0.0	本社収支	経費	動力費
202505	005090200	22	燃料費	0.0	0.0	0.0	0.0	0.0	0.0	本社収支	経費	燃料費
202505	005090200	23	事務用品費	0.0	0.0	0.0	0.0	0.0	0.0	本社収支	経費	事務用品費
202505	005090200	24	消耗品費	0.0	0.0	0.0	0.0	0.0	0.0	本社収支	経費	消耗品費
202505	005090200	25	廃棄物処理料	0.0	0.0	0.0	0.0	0.0	0.0	本社収支	経費	廃棄物処理料
202505	005090200	26	広告宣伝費	0.0	0.0	0.0	0.0	0.0	0.0	本社収支	経費	広告宣伝費
202505	005090200	27	接待交際費	0.0	0.0	0.0	0.0	0.0	0.0	本社収支	経費	接待交際費
202505	005090200	28	研究開発費	0.0	0.0	0.0	0.0	0.0	0.0	本社収支	経費	研究開発費
202505	005090200	29	クレーム費	0.0	0.0	0.0	0.0	0.0	0.0	本社収支	経費	クレーム費
202505	005090200	30	賃借料	0.0	0.0	0.0	0.0	0.0	0.0	本社収支	経費	賃借料
202505	005090200	31	賃貸料収入	0.0	0.0	0.0	0.0	0.0	0.0	本社収支	経費	賃貸料収入
202505	005090200	32	修繕費	0.0	0.0	0.0	0.0	0.0	0.0	本社収支	経費	修繕費
202505	005090200	33	支払リース料	0.0	0.0	0.0	0.0	0.0	0.0	本社収支	経費	支払リース料
202505	005090200	34	保険料	0.0	0.0	0.0	0.0	0.0	0.0	本社収支	経費	保険料
202505	005090200	35	支払報酬	0.0	0.0	0.0	0.0	0.0	0.0	本社収支	経費	支払報酬
202505	005090200	36	販売手数料	0.0	0.0	0.0	0.0	0.0	0.0	本社収支	経費	販売手数料
202505	005090200	37	支払手数料	0.0	0.0	0.0	0.0	0.0	0.0	本社収支	経費	支払手数料
202505	005090200	38	診断料	0.0	0.0	0.0	0.0	0.0	0.0	本社収支	経費	診断料
202505	005090200	39	諸会費	0.0	0.0	0.0	0.0	0.0	0.0	本社収支	経費	諸会費
202505	005090200	40	会議費	0.0	0.0	0.0	0.0	0.0	0.0	本社収支	経費	会議費
202505	005090200	41	寄付金	0.0	0.0	0.0	0.0	0.0	0.0	本社収支	経費	寄付金
202505	005090200	42	租税公課	0.0	0.0	0.0	0.0	0.0	0.0	本社収支	経費	租税公課
202505	005090200	43	業務委託費	0.0	0.0	0.0	0.0	0.0	0.0	本社収支	経費	業務委託費
202505	005090200	44	業務受託収入	0.0	0.0	0.0	0.0	0.0	0.0	本社収支	経費	業務受託収入
202505	005090200	45	システム管理料	0.0	0.0	0.0	0.0	0.0	0.0	本社収支	経費	システム管理料
202505	005090200	46	情報機器利用料	0.0	0.0	0.0	0.0	0.0	0.0	本社収支	経費	情報機器利用料
202505	005090200	47	貸倒金	0.0	0.0	0.0	0.0	0.0	0.0	本社収支	経費	貸倒金
202505	005090200	48	雑費	0.0	0.0	0.0	0.0	0.0	0.0	本社収支	経費	雑費
202505	005090200	49	福利消耗品費	0.0	0.0	0.0	0.0	0.0	0.0	本社収支	経費	福利消耗品費
202505	005090200	50	教育研修費	0.0	0.0	0.0	0.0	0.0	0.0	本社収支	経費	教育研修費
202505	005090200	51	雑給	0.0	0.0	0.0	0.0	0.0	0.0	本社収支	経費	雑給
202505	005090200	52	社内金利（固定資産）	-65554.0	-65554.0	-69142.0	0.0	0.0	0.0	本社収支	経費	社内金利（固定資産）
202505	005090200	53	グループ共通	0.0	0.0	0.0	0.0	0.0	0.0	本社収支	経費	グループ共通
202505	005090200	54	差引収益	65554.0	65554.0	69142.0	0.0	105.4	105.4	本社収支		
202505	005090200	55	差引比率	0.0	0.0	0.0		0.0	0.0	本社収支		
202505	005090200	56	総時間	10.5	10.5	10.5		100.0	100.0	本社収支		
202505	005090200	57	定時間	0.0	0.0	0.0		0.0	0.0	本社収支	時間	
202505	005090200	58	残業時間	0.0	0.0	0.0		0.0	0.0	本社収支	時間	
202505	005090200	59	移動時間	10.5	10.5	10.5		100.0	100.0	本社収支	時間	
202505	005090200	60	当月時間当り	6243.2	6243.2	6584.9		105.4	105.4	本社収支		
202505	005090200	61	人員	0.0	0.0	0.0		0.0	0.0	本社収支		
202506	005090200	1	総受注高	0.0	0.0	0.0		0.0	0.0	本社収支	受注	
202506	005090200	2	総売上高	0.0	0.0	0.0		0.0	0.0	本社収支		
202506	005090200	3	切り花売上	0.0	0.0	0.0	0.0	0.0	0.0	本社収支	売上	
202506	005090200	4	研究受託売上   	0.0	0.0	0.0	0.0	0.0	0.0	本社収支	売上	
202506	005090200	5	その他売上	0.0	0.0	0.0	0.0	0.0	0.0	本社収支	売上	
202506	005090200	6	堆肥売上            	0.0	0.0	0.0	0.0	0.0	0.0	本社収支	売上	
202506	005090200	7	経費合計	-63652.0	-63652.0	-67222.0	0.0	0.0	0.0	本社収支		
202506	005090200	8	種苗費	0.0	0.0	0.0	0.0	0.0	0.0	本社収支	経費	種苗費
202506	005090200	9	肥料費	0.0	0.0	0.0	0.0	0.0	0.0	本社収支	経費	肥料費
202506	005090200	10	培土費用	0.0	0.0	0.0	0.0	0.0	0.0	本社収支	経費	培土費用
202506	005090200	11	農薬衛生費	0.0	0.0	0.0	0.0	0.0	0.0	本社収支	経費	農薬衛生費
202506	005090200	12	農具費	0.0	0.0	0.0	0.0	0.0	0.0	本社収支	経費	農具費
202506	005090200	13	諸材料費	0.0	0.0	0.0	0.0	0.0	0.0	本社収支	経費	諸材料費
202506	005090200	14	その他仕入高	0.0	0.0	0.0	0.0	0.0	0.0	本社収支	経費	その他仕入高
202506	005090200	15	減価償却費	0.0	0.0	0.0	0.0	0.0	0.0	本社収支	経費	減価償却費
202506	005090200	16	車両費	0.0	0.0	0.0	0.0	0.0	0.0	本社収支	経費	車両費
202506	005090200	17	旅費交通費	0.0	0.0	0.0	0.0	0.0	0.0	本社収支	経費	旅費交通費
202506	005090200	18	荷造運搬費	0.0	0.0	0.0	0.0	0.0	0.0	本社収支	経費	荷造運搬費
202506	005090200	19	通信費	0.0	0.0	0.0	0.0	0.0	0.0	本社収支	経費	通信費
202506	005090200	20	水道光熱費	0.0	0.0	0.0	0.0	0.0	0.0	本社収支	経費	水道光熱費
202506	005090200	21	動力費	0.0	0.0	0.0	0.0	0.0	0.0	本社収支	経費	動力費
202506	005090200	22	燃料費	0.0	0.0	0.0	0.0	0.0	0.0	本社収支	経費	燃料費
202506	005090200	23	事務用品費	0.0	0.0	0.0	0.0	0.0	0.0	本社収支	経費	事務用品費
202506	005090200	24	消耗品費	0.0	0.0	0.0	0.0	0.0	0.0	本社収支	経費	消耗品費
202506	005090200	25	廃棄物処理料	0.0	0.0	0.0	0.0	0.0	0.0	本社収支	経費	廃棄物処理料
202506	005090200	26	広告宣伝費	0.0	0.0	0.0	0.0	0.0	0.0	本社収支	経費	広告宣伝費
202506	005090200	27	接待交際費	0.0	0.0	0.0	0.0	0.0	0.0	本社収支	経費	接待交際費
202506	005090200	28	研究開発費	0.0	0.0	0.0	0.0	0.0	0.0	本社収支	経費	研究開発費
202506	005090200	29	クレーム費	0.0	0.0	0.0	0.0	0.0	0.0	本社収支	経費	クレーム費
202506	005090200	30	賃借料	0.0	0.0	0.0	0.0	0.0	0.0	本社収支	経費	賃借料
202506	005090200	31	賃貸料収入	0.0	0.0	0.0	0.0	0.0	0.0	本社収支	経費	賃貸料収入
202506	005090200	32	修繕費	0.0	0.0	0.0	0.0	0.0	0.0	本社収支	経費	修繕費
202506	005090200	33	支払リース料	0.0	0.0	0.0	0.0	0.0	0.0	本社収支	経費	支払リース料
202506	005090200	34	保険料	0.0	0.0	0.0	0.0	0.0	0.0	本社収支	経費	保険料
202506	005090200	35	支払報酬	0.0	0.0	0.0	0.0	0.0	0.0	本社収支	経費	支払報酬
202506	005090200	36	販売手数料	0.0	0.0	0.0	0.0	0.0	0.0	本社収支	経費	販売手数料
202506	005090200	37	支払手数料	0.0	0.0	0.0	0.0	0.0	0.0	本社収支	経費	支払手数料
202506	005090200	38	診断料	0.0	0.0	0.0	0.0	0.0	0.0	本社収支	経費	診断料
202506	005090200	39	諸会費	0.0	0.0	0.0	0.0	0.0	0.0	本社収支	経費	諸会費
202506	005090200	40	会議費	0.0	0.0	0.0	0.0	0.0	0.0	本社収支	経費	会議費
202506	005090200	41	寄付金	0.0	0.0	0.0	0.0	0.0	0.0	本社収支	経費	寄付金
202506	005090200	42	租税公課	0.0	0.0	0.0	0.0	0.0	0.0	本社収支	経費	租税公課
202506	005090200	43	業務委託費	0.0	0.0	0.0	0.0	0.0	0.0	本社収支	経費	業務委託費
202506	005090200	44	業務受託収入	0.0	0.0	0.0	0.0	0.0	0.0	本社収支	経費	業務受託収入
202506	005090200	45	システム管理料	0.0	0.0	0.0	0.0	0.0	0.0	本社収支	経費	システム管理料
202506	005090200	46	情報機器利用料	0.0	0.0	0.0	0.0	0.0	0.0	本社収支	経費	情報機器利用料
202506	005090200	47	貸倒金	0.0	0.0	0.0	0.0	0.0	0.0	本社収支	経費	貸倒金
202506	005090200	48	雑費	0.0	0.0	0.0	0.0	0.0	0.0	本社収支	経費	雑費
202506	005090200	49	福利消耗品費	0.0	0.0	0.0	0.0	0.0	0.0	本社収支	経費	福利消耗品費
202506	005090200	50	教育研修費	0.0	0.0	0.0	0.0	0.0	0.0	本社収支	経費	教育研修費
202506	005090200	51	雑給	0.0	0.0	0.0	0.0	0.0	0.0	本社収支	経費	雑給
202506	005090200	52	社内金利（固定資産）	-63652.0	-63652.0	-67222.0	0.0	0.0	0.0	本社収支	経費	社内金利（固定資産）
202506	005090200	53	グループ共通	0.0	0.0	0.0	0.0	0.0	0.0	本社収支	経費	グループ共通
202506	005090200	54	差引収益	63652.0	63652.0	67222.0	0.0	105.6	105.6	本社収支		
202506	005090200	55	差引比率	0.0	0.0	0.0		0.0	0.0	本社収支		
202506	005090200	56	総時間	11.0	11.0	11.0		100.0	100.0	本社収支		
202506	005090200	57	定時間	0.0	0.0	0.0		0.0	0.0	本社収支	時間	
202506	005090200	58	残業時間	0.0	0.0	0.0		0.0	0.0	本社収支	時間	
202506	005090200	59	移動時間	11.0	11.0	11.0		100.0	100.0	本社収支	時間	
202506	005090200	60	当月時間当り	5786.5	5786.5	6111.0		105.6	105.6	本社収支		
202506	005090200	61	人員	0.0	0.0	0.0		0.0	0.0	本社収支		
202507	005090200	1	総受注高	0.0	0.0	0.0		0.0	0.0	本社収支	受注	
202507	005090200	2	総売上高	0.0	0.0	0.0		0.0	0.0	本社収支		
202507	005090200	3	切り花売上	0.0	0.0	0.0	0.0	0.0	0.0	本社収支	売上	
202507	005090200	4	研究受託売上   	0.0	0.0	0.0	0.0	0.0	0.0	本社収支	売上	
202507	005090200	5	その他売上	0.0	0.0	0.0	0.0	0.0	0.0	本社収支	売上	
202507	005090200	6	堆肥売上            	0.0	0.0	0.0	0.0	0.0	0.0	本社収支	売上	
202507	005090200	7	経費合計	-61749.0	-61749.0	-65303.0	0.0	0.0	0.0	本社収支		
202507	005090200	8	種苗費	0.0	0.0	0.0	0.0	0.0	0.0	本社収支	経費	種苗費
202507	005090200	9	肥料費	0.0	0.0	0.0	0.0	0.0	0.0	本社収支	経費	肥料費
202507	005090200	10	培土費用	0.0	0.0	0.0	0.0	0.0	0.0	本社収支	経費	培土費用
202507	005090200	11	農薬衛生費	0.0	0.0	0.0	0.0	0.0	0.0	本社収支	経費	農薬衛生費
202507	005090200	12	農具費	0.0	0.0	0.0	0.0	0.0	0.0	本社収支	経費	農具費
202507	005090200	13	諸材料費	0.0	0.0	0.0	0.0	0.0	0.0	本社収支	経費	諸材料費
202507	005090200	14	その他仕入高	0.0	0.0	0.0	0.0	0.0	0.0	本社収支	経費	その他仕入高
202507	005090200	15	減価償却費	0.0	0.0	0.0	0.0	0.0	0.0	本社収支	経費	減価償却費
202507	005090200	16	車両費	0.0	0.0	0.0	0.0	0.0	0.0	本社収支	経費	車両費
202507	005090200	17	旅費交通費	0.0	0.0	0.0	0.0	0.0	0.0	本社収支	経費	旅費交通費
202507	005090200	18	荷造運搬費	0.0	0.0	0.0	0.0	0.0	0.0	本社収支	経費	荷造運搬費
202507	005090200	19	通信費	0.0	0.0	0.0	0.0	0.0	0.0	本社収支	経費	通信費
202507	005090200	20	水道光熱費	0.0	0.0	0.0	0.0	0.0	0.0	本社収支	経費	水道光熱費
202507	005090200	21	動力費	0.0	0.0	0.0	0.0	0.0	0.0	本社収支	経費	動力費
202507	005090200	22	燃料費	0.0	0.0	0.0	0.0	0.0	0.0	本社収支	経費	燃料費
202507	005090200	23	事務用品費	0.0	0.0	0.0	0.0	0.0	0.0	本社収支	経費	事務用品費
202507	005090200	24	消耗品費	0.0	0.0	0.0	0.0	0.0	0.0	本社収支	経費	消耗品費
202507	005090200	25	廃棄物処理料	0.0	0.0	0.0	0.0	0.0	0.0	本社収支	経費	廃棄物処理料
202507	005090200	26	広告宣伝費	0.0	0.0	0.0	0.0	0.0	0.0	本社収支	経費	広告宣伝費
202507	005090200	27	接待交際費	0.0	0.0	0.0	0.0	0.0	0.0	本社収支	経費	接待交際費
202507	005090200	28	研究開発費	0.0	0.0	0.0	0.0	0.0	0.0	本社収支	経費	研究開発費
202507	005090200	29	クレーム費	0.0	0.0	0.0	0.0	0.0	0.0	本社収支	経費	クレーム費
202507	005090200	30	賃借料	0.0	0.0	0.0	0.0	0.0	0.0	本社収支	経費	賃借料
202507	005090200	31	賃貸料収入	0.0	0.0	0.0	0.0	0.0	0.0	本社収支	経費	賃貸料収入
202507	005090200	32	修繕費	0.0	0.0	0.0	0.0	0.0	0.0	本社収支	経費	修繕費
202507	005090200	33	支払リース料	0.0	0.0	0.0	0.0	0.0	0.0	本社収支	経費	支払リース料
202507	005090200	34	保険料	0.0	0.0	0.0	0.0	0.0	0.0	本社収支	経費	保険料
202507	005090200	35	支払報酬	0.0	0.0	0.0	0.0	0.0	0.0	本社収支	経費	支払報酬
202507	005090200	36	販売手数料	0.0	0.0	0.0	0.0	0.0	0.0	本社収支	経費	販売手数料
202507	005090200	37	支払手数料	0.0	0.0	0.0	0.0	0.0	0.0	本社収支	経費	支払手数料
202507	005090200	38	診断料	0.0	0.0	0.0	0.0	0.0	0.0	本社収支	経費	診断料
202507	005090200	39	諸会費	0.0	0.0	0.0	0.0	0.0	0.0	本社収支	経費	諸会費
202507	005090200	40	会議費	0.0	0.0	0.0	0.0	0.0	0.0	本社収支	経費	会議費
202507	005090200	41	寄付金	0.0	0.0	0.0	0.0	0.0	0.0	本社収支	経費	寄付金
202507	005090200	42	租税公課	0.0	0.0	0.0	0.0	0.0	0.0	本社収支	経費	租税公課
202507	005090200	43	業務委託費	0.0	0.0	0.0	0.0	0.0	0.0	本社収支	経費	業務委託費
202507	005090200	44	業務受託収入	0.0	0.0	0.0	0.0	0.0	0.0	本社収支	経費	業務受託収入
202507	005090200	45	システム管理料	0.0	0.0	0.0	0.0	0.0	0.0	本社収支	経費	システム管理料
202507	005090200	46	情報機器利用料	0.0	0.0	0.0	0.0	0.0	0.0	本社収支	経費	情報機器利用料
202507	005090200	47	貸倒金	0.0	0.0	0.0	0.0	0.0	0.0	本社収支	経費	貸倒金
202507	005090200	48	雑費	0.0	0.0	0.0	0.0	0.0	0.0	本社収支	経費	雑費
202507	005090200	49	福利消耗品費	0.0	0.0	0.0	0.0	0.0	0.0	本社収支	経費	福利消耗品費
202507	005090200	50	教育研修費	0.0	0.0	0.0	0.0	0.0	0.0	本社収支	経費	教育研修費
202507	005090200	51	雑給	0.0	0.0	0.0	0.0	0.0	0.0	本社収支	経費	雑給
202507	005090200	52	社内金利（固定資産）	-61749.0	-61749.0	-65303.0	0.0	0.0	0.0	本社収支	経費	社内金利（固定資産）
202507	005090200	53	グループ共通	0.0	0.0	0.0	0.0	0.0	0.0	本社収支	経費	グループ共通
202507	005090200	54	差引収益	61749.0	61749.0	65303.0	0.0	105.7	105.7	本社収支		
202507	005090200	55	差引比率	0.0	0.0	0.0		0.0	0.0	本社収支		
202507	005090200	56	総時間	11.5	11.5	11.5		100.0	100.0	本社収支		
202507	005090200	57	定時間	0.0	0.0	0.0		0.0	0.0	本社収支	時間	
202507	005090200	58	残業時間	0.0	0.0	0.0		0.0	0.0	本社収支	時間	
202507	005090200	59	移動時間	11.5	11.5	11.5		100.0	100.0	本社収支	時間	
202507	005090200	60	当月時間当り	5369.4	5369.4	5678.5		105.7	105.7	本社収支		
202507	005090200	61	人員	0.0	0.0	0.0		0.0	0.0	本社収支		
202508	005090200	1	総受注高	0.0	0.0	0.0		0.0	0.0	本社収支	受注	
202508	005090200	2	総売上高	0.0	0.0	0.0		0.0	0.0	本社収支		
202508	005090200	3	切り花売上	0.0	0.0	0.0	0.0	0.0	0.0	本社収支	売上	
202508	005090200	4	研究受託売上   	0.0	0.0	0.0	0.0	0.0	0.0	本社収支	売上	
202508	005090200	5	その他売上	0.0	0.0	0.0	0.0	0.0	0.0	本社収支	売上	
202508	005090200	6	堆肥売上            	0.0	0.0	0.0	0.0	0.0	0.0	本社収支	売上	
202508	005090200	7	経費合計	-59847.0	-59847.0	-63383.0	0.0	0.0	0.0	本社収支		
202508	005090200	8	種苗費	0.0	0.0	0.0	0.0	0.0	0.0	本社収支	経費	種苗費
202508	005090200	9	肥料費	0.0	0.0	0.0	0.0	0.0	0.0	本社収支	経費	肥料費
202508	005090200	10	培土費用	0.0	0.0	0.0	0.0	0.0	0.0	本社収支	経費	培土費用
202508	005090200	11	農薬衛生費	0.0	0.0	0.0	0.0	0.0	0.0	本社収支	経費	農薬衛生費
202508	005090200	12	農具費	0.0	0.0	0.0	0.0	0.0	0.0	本社収支	経費	農具費
202508	005090200	13	諸材料費	0.0	0.0	0.0	0.0	0.0	0.0	本社収支	経費	諸材料費
202508	005090200	14	その他仕入高	0.0	0.0	0.0	0.0	0.0	0.0	本社収支	経費	その他仕入高
202508	005090200	15	減価償却費	0.0	0.0	0.0	0.0	0.0	0.0	本社収支	経費	減価償却費
202508	005090200	16	車両費	0.0	0.0	0.0	0.0	0.0	0.0	本社収支	経費	車両費
202508	005090200	17	旅費交通費	0.0	0.0	0.0	0.0	0.0	0.0	本社収支	経費	旅費交通費
202508	005090200	18	荷造運搬費	0.0	0.0	0.0	0.0	0.0	0.0	本社収支	経費	荷造運搬費
202508	005090200	19	通信費	0.0	0.0	0.0	0.0	0.0	0.0	本社収支	経費	通信費
202508	005090200	20	水道光熱費	0.0	0.0	0.0	0.0	0.0	0.0	本社収支	経費	水道光熱費
202508	005090200	21	動力費	0.0	0.0	0.0	0.0	0.0	0.0	本社収支	経費	動力費
202508	005090200	22	燃料費	0.0	0.0	0.0	0.0	0.0	0.0	本社収支	経費	燃料費
202508	005090200	23	事務用品費	0.0	0.0	0.0	0.0	0.0	0.0	本社収支	経費	事務用品費
202508	005090200	24	消耗品費	0.0	0.0	0.0	0.0	0.0	0.0	本社収支	経費	消耗品費
202508	005090200	25	廃棄物処理料	0.0	0.0	0.0	0.0	0.0	0.0	本社収支	経費	廃棄物処理料
202508	005090200	26	広告宣伝費	0.0	0.0	0.0	0.0	0.0	0.0	本社収支	経費	広告宣伝費
202508	005090200	27	接待交際費	0.0	0.0	0.0	0.0	0.0	0.0	本社収支	経費	接待交際費
202508	005090200	28	研究開発費	0.0	0.0	0.0	0.0	0.0	0.0	本社収支	経費	研究開発費
202508	005090200	29	クレーム費	0.0	0.0	0.0	0.0	0.0	0.0	本社収支	経費	クレーム費
202508	005090200	30	賃借料	0.0	0.0	0.0	0.0	0.0	0.0	本社収支	経費	賃借料
202508	005090200	31	賃貸料収入	0.0	0.0	0.0	0.0	0.0	0.0	本社収支	経費	賃貸料収入
202508	005090200	32	修繕費	0.0	0.0	0.0	0.0	0.0	0.0	本社収支	経費	修繕費
202508	005090200	33	支払リース料	0.0	0.0	0.0	0.0	0.0	0.0	本社収支	経費	支払リース料
202508	005090200	34	保険料	0.0	0.0	0.0	0.0	0.0	0.0	本社収支	経費	保険料
202508	005090200	35	支払報酬	0.0	0.0	0.0	0.0	0.0	0.0	本社収支	経費	支払報酬
202508	005090200	36	販売手数料	0.0	0.0	0.0	0.0	0.0	0.0	本社収支	経費	販売手数料
202508	005090200	37	支払手数料	0.0	0.0	0.0	0.0	0.0	0.0	本社収支	経費	支払手数料
202508	005090200	38	診断料	0.0	0.0	0.0	0.0	0.0	0.0	本社収支	経費	診断料
202508	005090200	39	諸会費	0.0	0.0	0.0	0.0	0.0	0.0	本社収支	経費	諸会費
202508	005090200	40	会議費	0.0	0.0	0.0	0.0	0.0	0.0	本社収支	経費	会議費
202508	005090200	41	寄付金	0.0	0.0	0.0	0.0	0.0	0.0	本社収支	経費	寄付金
202508	005090200	42	租税公課	0.0	0.0	0.0	0.0	0.0	0.0	本社収支	経費	租税公課
202508	005090200	43	業務委託費	0.0	0.0	0.0	0.0	0.0	0.0	本社収支	経費	業務委託費
202508	005090200	44	業務受託収入	0.0	0.0	0.0	0.0	0.0	0.0	本社収支	経費	業務受託収入
202508	005090200	45	システム管理料	0.0	0.0	0.0	0.0	0.0	0.0	本社収支	経費	システム管理料
202508	005090200	46	情報機器利用料	0.0	0.0	0.0	0.0	0.0	0.0	本社収支	経費	情報機器利用料
202508	005090200	47	貸倒金	0.0	0.0	0.0	0.0	0.0	0.0	本社収支	経費	貸倒金
202508	005090200	48	雑費	0.0	0.0	0.0	0.0	0.0	0.0	本社収支	経費	雑費
202508	005090200	49	福利消耗品費	0.0	0.0	0.0	0.0	0.0	0.0	本社収支	経費	福利消耗品費
202508	005090200	50	教育研修費	0.0	0.0	0.0	0.0	0.0	0.0	本社収支	経費	教育研修費
202508	005090200	51	雑給	0.0	0.0	0.0	0.0	0.0	0.0	本社収支	経費	雑給
202508	005090200	52	社内金利（固定資産）	-59847.0	-59847.0	-63383.0	0.0	0.0	0.0	本社収支	経費	社内金利（固定資産）
202508	005090200	53	グループ共通	0.0	0.0	0.0	0.0	0.0	0.0	本社収支	経費	グループ共通
202508	005090200	54	差引収益	59847.0	59847.0	63383.0	0.0	105.9	105.9	本社収支		
202508	005090200	55	差引比率	0.0	0.0	0.0		0.0	0.0	本社収支		
202508	005090200	56	総時間	9.25	9.25	9.25		100.0	100.0	本社収支		
202508	005090200	57	定時間	0.0	0.0	0.0		0.0	0.0	本社収支	時間	
202508	005090200	58	残業時間	0.0	0.0	0.0		0.0	0.0	本社収支	時間	
202508	005090200	59	移動時間	9.25	9.25	9.25		100.0	100.0	本社収支	時間	
202508	005090200	60	当月時間当り	6469.9	6469.9	6852.2		105.9	105.9	本社収支		
202508	005090200	61	人員	0.0	0.0	0.0		0.0	0.0	本社収支		
202509	005090200	1	総受注高	0.0	0.0	0.0		0.0	0.0	本社収支	受注	
202509	005090200	2	総売上高	0.0	0.0	0.0		0.0	0.0	本社収支		
202509	005090200	3	切り花売上	0.0	0.0	0.0	0.0	0.0	0.0	本社収支	売上	
202509	005090200	4	研究受託売上   	0.0	0.0	0.0	0.0	0.0	0.0	本社収支	売上	
202509	005090200	5	その他売上	0.0	0.0	0.0	0.0	0.0	0.0	本社収支	売上	
202509	005090200	6	堆肥売上            	0.0	0.0	0.0	0.0	0.0	0.0	本社収支	売上	
202509	005090200	7	経費合計	-57945.0	-57945.0	-61463.0	0.0	0.0	0.0	本社収支		
202509	005090200	8	種苗費	0.0	0.0	0.0	0.0	0.0	0.0	本社収支	経費	種苗費
202509	005090200	9	肥料費	0.0	0.0	0.0	0.0	0.0	0.0	本社収支	経費	肥料費
202509	005090200	10	培土費用	0.0	0.0	0.0	0.0	0.0	0.0	本社収支	経費	培土費用
202509	005090200	11	農薬衛生費	0.0	0.0	0.0	0.0	0.0	0.0	本社収支	経費	農薬衛生費
202509	005090200	12	農具費	0.0	0.0	0.0	0.0	0.0	0.0	本社収支	経費	農具費
202509	005090200	13	諸材料費	0.0	0.0	0.0	0.0	0.0	0.0	本社収支	経費	諸材料費
202509	005090200	14	その他仕入高	0.0	0.0	0.0	0.0	0.0	0.0	本社収支	経費	その他仕入高
202509	005090200	15	減価償却費	0.0	0.0	0.0	0.0	0.0	0.0	本社収支	経費	減価償却費
202509	005090200	16	車両費	0.0	0.0	0.0	0.0	0.0	0.0	本社収支	経費	車両費
202509	005090200	17	旅費交通費	0.0	0.0	0.0	0.0	0.0	0.0	本社収支	経費	旅費交通費
202509	005090200	18	荷造運搬費	0.0	0.0	0.0	0.0	0.0	0.0	本社収支	経費	荷造運搬費
202509	005090200	19	通信費	0.0	0.0	0.0	0.0	0.0	0.0	本社収支	経費	通信費
202509	005090200	20	水道光熱費	0.0	0.0	0.0	0.0	0.0	0.0	本社収支	経費	水道光熱費
202509	005090200	21	動力費	0.0	0.0	0.0	0.0	0.0	0.0	本社収支	経費	動力費
202509	005090200	22	燃料費	0.0	0.0	0.0	0.0	0.0	0.0	本社収支	経費	燃料費
202509	005090200	23	事務用品費	0.0	0.0	0.0	0.0	0.0	0.0	本社収支	経費	事務用品費
202509	005090200	24	消耗品費	0.0	0.0	0.0	0.0	0.0	0.0	本社収支	経費	消耗品費
202509	005090200	25	廃棄物処理料	0.0	0.0	0.0	0.0	0.0	0.0	本社収支	経費	廃棄物処理料
202509	005090200	26	広告宣伝費	0.0	0.0	0.0	0.0	0.0	0.0	本社収支	経費	広告宣伝費
202509	005090200	27	接待交際費	0.0	0.0	0.0	0.0	0.0	0.0	本社収支	経費	接待交際費
202509	005090200	28	研究開発費	0.0	0.0	0.0	0.0	0.0	0.0	本社収支	経費	研究開発費
202509	005090200	29	クレーム費	0.0	0.0	0.0	0.0	0.0	0.0	本社収支	経費	クレーム費
202509	005090200	30	賃借料	0.0	0.0	0.0	0.0	0.0	0.0	本社収支	経費	賃借料
202509	005090200	31	賃貸料収入	0.0	0.0	0.0	0.0	0.0	0.0	本社収支	経費	賃貸料収入
202509	005090200	32	修繕費	0.0	0.0	0.0	0.0	0.0	0.0	本社収支	経費	修繕費
202509	005090200	33	支払リース料	0.0	0.0	0.0	0.0	0.0	0.0	本社収支	経費	支払リース料
202509	005090200	34	保険料	0.0	0.0	0.0	0.0	0.0	0.0	本社収支	経費	保険料
202509	005090200	35	支払報酬	0.0	0.0	0.0	0.0	0.0	0.0	本社収支	経費	支払報酬
202509	005090200	36	販売手数料	0.0	0.0	0.0	0.0	0.0	0.0	本社収支	経費	販売手数料
202509	005090200	37	支払手数料	0.0	0.0	0.0	0.0	0.0	0.0	本社収支	経費	支払手数料
202509	005090200	38	診断料	0.0	0.0	0.0	0.0	0.0	0.0	本社収支	経費	診断料
202509	005090200	39	諸会費	0.0	0.0	0.0	0.0	0.0	0.0	本社収支	経費	諸会費
202509	005090200	40	会議費	0.0	0.0	0.0	0.0	0.0	0.0	本社収支	経費	会議費
202509	005090200	41	寄付金	0.0	0.0	0.0	0.0	0.0	0.0	本社収支	経費	寄付金
202509	005090200	42	租税公課	0.0	0.0	0.0	0.0	0.0	0.0	本社収支	経費	租税公課
202509	005090200	43	業務委託費	0.0	0.0	0.0	0.0	0.0	0.0	本社収支	経費	業務委託費
202509	005090200	44	業務受託収入	0.0	0.0	0.0	0.0	0.0	0.0	本社収支	経費	業務受託収入
202509	005090200	45	システム管理料	0.0	0.0	0.0	0.0	0.0	0.0	本社収支	経費	システム管理料
202509	005090200	46	情報機器利用料	0.0	0.0	0.0	0.0	0.0	0.0	本社収支	経費	情報機器利用料
202509	005090200	47	貸倒金	0.0	0.0	0.0	0.0	0.0	0.0	本社収支	経費	貸倒金
202509	005090200	48	雑費	0.0	0.0	0.0	0.0	0.0	0.0	本社収支	経費	雑費
202509	005090200	49	福利消耗品費	0.0	0.0	0.0	0.0	0.0	0.0	本社収支	経費	福利消耗品費
202509	005090200	50	教育研修費	0.0	0.0	0.0	0.0	0.0	0.0	本社収支	経費	教育研修費
202509	005090200	51	雑給	0.0	0.0	0.0	0.0	0.0	0.0	本社収支	経費	雑給
202509	005090200	52	社内金利（固定資産）	-57945.0	-57945.0	-61463.0	0.0	0.0	0.0	本社収支	経費	社内金利（固定資産）
202509	005090200	53	グループ共通	0.0	0.0	0.0	0.0	0.0	0.0	本社収支	経費	グループ共通
202509	005090200	54	差引収益	57945.0	57945.0	61463.0	0.0	106.0	106.0	本社収支		
202509	005090200	55	差引比率	0.0	0.0	0.0		0.0	0.0	本社収支		
202509	005090200	56	総時間	10.5	10.5	10.5		100.0	100.0	本社収支		
202509	005090200	57	定時間	0.0	0.0	0.0		0.0	0.0	本社収支	時間	
202509	005090200	58	残業時間	0.0	0.0	0.0		0.0	0.0	本社収支	時間	
202509	005090200	59	移動時間	10.5	10.5	10.5		100.0	100.0	本社収支	時間	
202509	005090200	60	当月時間当り	5518.5	5518.5	5853.6		106.0	106.0	本社収支		
202509	005090200	61	人員	0.0	0.0	0.0		0.0	0.0	本社収支		
202510	005090200	1	総受注高	0.0	0.0	0.0		0.0	0.0	本社収支	受注	
202510	005090200	2	総売上高	0.0	0.0	0.0		0.0	0.0	本社収支		
202510	005090200	3	切り花売上	0.0	0.0	0.0	0.0	0.0	0.0	本社収支	売上	
202510	005090200	4	研究受託売上   	0.0	0.0	0.0	0.0	0.0	0.0	本社収支	売上	
202510	005090200	5	その他売上	0.0	0.0	0.0	0.0	0.0	0.0	本社収支	売上	
202510	005090200	6	堆肥売上            	0.0	0.0	0.0	0.0	0.0	0.0	本社収支	売上	
202510	005090200	7	経費合計	-56042.0	-56042.0	-59544.0	0.0	0.0	0.0	本社収支		
202510	005090200	8	種苗費	0.0	0.0	0.0	0.0	0.0	0.0	本社収支	経費	種苗費
202510	005090200	9	肥料費	0.0	0.0	0.0	0.0	0.0	0.0	本社収支	経費	肥料費
202510	005090200	10	培土費用	0.0	0.0	0.0	0.0	0.0	0.0	本社収支	経費	培土費用
202510	005090200	11	農薬衛生費	0.0	0.0	0.0	0.0	0.0	0.0	本社収支	経費	農薬衛生費
202510	005090200	12	農具費	0.0	0.0	0.0	0.0	0.0	0.0	本社収支	経費	農具費
202510	005090200	13	諸材料費	0.0	0.0	0.0	0.0	0.0	0.0	本社収支	経費	諸材料費
202510	005090200	14	その他仕入高	0.0	0.0	0.0	0.0	0.0	0.0	本社収支	経費	その他仕入高
202510	005090200	15	減価償却費	0.0	0.0	0.0	0.0	0.0	0.0	本社収支	経費	減価償却費
202510	005090200	16	車両費	0.0	0.0	0.0	0.0	0.0	0.0	本社収支	経費	車両費
202510	005090200	17	旅費交通費	0.0	0.0	0.0	0.0	0.0	0.0	本社収支	経費	旅費交通費
202510	005090200	18	荷造運搬費	0.0	0.0	0.0	0.0	0.0	0.0	本社収支	経費	荷造運搬費
202510	005090200	19	通信費	0.0	0.0	0.0	0.0	0.0	0.0	本社収支	経費	通信費
202510	005090200	20	水道光熱費	0.0	0.0	0.0	0.0	0.0	0.0	本社収支	経費	水道光熱費
202510	005090200	21	動力費	0.0	0.0	0.0	0.0	0.0	0.0	本社収支	経費	動力費
202510	005090200	22	燃料費	0.0	0.0	0.0	0.0	0.0	0.0	本社収支	経費	燃料費
202510	005090200	23	事務用品費	0.0	0.0	0.0	0.0	0.0	0.0	本社収支	経費	事務用品費
202510	005090200	24	消耗品費	0.0	0.0	0.0	0.0	0.0	0.0	本社収支	経費	消耗品費
202510	005090200	25	廃棄物処理料	0.0	0.0	0.0	0.0	0.0	0.0	本社収支	経費	廃棄物処理料
202510	005090200	26	広告宣伝費	0.0	0.0	0.0	0.0	0.0	0.0	本社収支	経費	広告宣伝費
202510	005090200	27	接待交際費	0.0	0.0	0.0	0.0	0.0	0.0	本社収支	経費	接待交際費
202510	005090200	28	研究開発費	0.0	0.0	0.0	0.0	0.0	0.0	本社収支	経費	研究開発費
202510	005090200	29	クレーム費	0.0	0.0	0.0	0.0	0.0	0.0	本社収支	経費	クレーム費
202510	005090200	30	賃借料	0.0	0.0	0.0	0.0	0.0	0.0	本社収支	経費	賃借料
202510	005090200	31	賃貸料収入	0.0	0.0	0.0	0.0	0.0	0.0	本社収支	経費	賃貸料収入
202510	005090200	32	修繕費	0.0	0.0	0.0	0.0	0.0	0.0	本社収支	経費	修繕費
202510	005090200	33	支払リース料	0.0	0.0	0.0	0.0	0.0	0.0	本社収支	経費	支払リース料
202510	005090200	34	保険料	0.0	0.0	0.0	0.0	0.0	0.0	本社収支	経費	保険料
202510	005090200	35	支払報酬	0.0	0.0	0.0	0.0	0.0	0.0	本社収支	経費	支払報酬
202510	005090200	36	販売手数料	0.0	0.0	0.0	0.0	0.0	0.0	本社収支	経費	販売手数料
202510	005090200	37	支払手数料	0.0	0.0	0.0	0.0	0.0	0.0	本社収支	経費	支払手数料
202510	005090200	38	診断料	0.0	0.0	0.0	0.0	0.0	0.0	本社収支	経費	診断料
202510	005090200	39	諸会費	0.0	0.0	0.0	0.0	0.0	0.0	本社収支	経費	諸会費
202510	005090200	40	会議費	0.0	0.0	0.0	0.0	0.0	0.0	本社収支	経費	会議費
202510	005090200	41	寄付金	0.0	0.0	0.0	0.0	0.0	0.0	本社収支	経費	寄付金
202510	005090200	42	租税公課	0.0	0.0	0.0	0.0	0.0	0.0	本社収支	経費	租税公課
202510	005090200	43	業務委託費	0.0	0.0	0.0	0.0	0.0	0.0	本社収支	経費	業務委託費
202510	005090200	44	業務受託収入	0.0	0.0	0.0	0.0	0.0	0.0	本社収支	経費	業務受託収入
202510	005090200	45	システム管理料	0.0	0.0	0.0	0.0	0.0	0.0	本社収支	経費	システム管理料
202510	005090200	46	情報機器利用料	0.0	0.0	0.0	0.0	0.0	0.0	本社収支	経費	情報機器利用料
202510	005090200	47	貸倒金	0.0	0.0	0.0	0.0	0.0	0.0	本社収支	経費	貸倒金
202510	005090200	48	雑費	0.0	0.0	0.0	0.0	0.0	0.0	本社収支	経費	雑費
202510	005090200	49	福利消耗品費	0.0	0.0	0.0	0.0	0.0	0.0	本社収支	経費	福利消耗品費
202510	005090200	50	教育研修費	0.0	0.0	0.0	0.0	0.0	0.0	本社収支	経費	教育研修費
202510	005090200	51	雑給	0.0	0.0	0.0	0.0	0.0	0.0	本社収支	経費	雑給
202510	005090200	52	社内金利（固定資産）	-56042.0	-56042.0	-59544.0	0.0	0.0	0.0	本社収支	経費	社内金利（固定資産）
202510	005090200	53	グループ共通	0.0	0.0	0.0	0.0	0.0	0.0	本社収支	経費	グループ共通
202510	005090200	54	差引収益	56042.0	56042.0	59544.0	0.0	106.2	106.2	本社収支		
202510	005090200	55	差引比率	0.0	0.0	0.0		0.0	0.0	本社収支		
202510	005090200	56	総時間	11.0	11.0	11.0		100.0	100.0	本社収支		
202510	005090200	57	定時間	0.0	0.0	0.0		0.0	0.0	本社収支	時間	
202510	005090200	58	残業時間	0.0	0.0	0.0		0.0	0.0	本社収支	時間	
202510	005090200	59	移動時間	11.0	11.0	11.0		100.0	100.0	本社収支	時間	
202510	005090200	60	当月時間当り	5094.7	5094.7	5413.0		106.2	106.2	本社収支		
202510	005090200	61	人員	0.0	0.0	0.0		0.0	0.0	本社収支		
202511	340C10100	1	総受注高	16920000.0	16920000.0	16494518.0		97.4	97.4	イノチオフローラ	受注	
202511	340C10100	2	総売上高	16920000.0	16446750.0	16494518.0		100.2	97.4	イノチオフローラ		
202511	340C10100	3	切り花売上	2540000.0	2200000.0	2209623.0	13.3	100.4	86.9	イノチオフローラ	売上	
202511	340C10100	4	研究受託売上   	14380000.0	14246750.0	14246750.0	86.3	100.0	99.0	イノチオフローラ	売上	
202511	340C10100	5	その他売上	0.0	0.0	38145.0	0.2	0.0	0.0	イノチオフローラ	売上	
202511	340C10100	6	堆肥売上            	0.0	0.0	0.0	0.0	0.0	0.0	イノチオフローラ	売上	
202511	340C10100	7	経費合計	5668551.0	6691551.0	6338318.0	38.4	94.7	111.8	イノチオフローラ		
202511	340C10100	8	種苗費	350000.0	710000.0	732630.0	4.4	103.1	209.3	イノチオフローラ	経費	種苗費
202511	340C10100	9	肥料費	0.0	62000.0	295809.0	1.7	477.1	0.0	イノチオフローラ	経費	肥料費
202511	340C10100	10	培土費用	0.0	0.0	0.0	0.0	0.0	0.0	イノチオフローラ	経費	培土費用
202511	340C10100	11	農薬衛生費	700000.0	700000.0	691459.0	4.1	98.7	98.7	イノチオフローラ	経費	農薬衛生費
202511	340C10100	12	農具費	121000.0	121000.0	72580.0	0.4	59.9	59.9	イノチオフローラ	経費	農具費
202511	340C10100	13	諸材料費	227000.0	838000.0	629854.0	3.8	75.1	277.4	イノチオフローラ	経費	諸材料費
202511	340C10100	14	その他仕入高	0.0	0.0	28568.0	0.1	0.0	0.0	イノチオフローラ	経費	その他仕入高
202511	340C10100	15	減価償却費	305526.0	305526.0	308976.0	1.8	101.1	101.1	イノチオフローラ	経費	減価償却費
202511	340C10100	16	車両費	678000.0	678000.0	665824.0	4.0	98.2	98.2	イノチオフローラ	経費	車両費
202511	340C10100	17	旅費交通費	10000.0	10000.0	0.0	0.0	0.0	0.0	イノチオフローラ	経費	旅費交通費
202511	340C10100	18	荷造運搬費	233000.0	233000.0	185050.0	1.1	79.4	79.4	イノチオフローラ	経費	荷造運搬費
202511	340C10100	19	通信費	44000.0	44000.0	34405.0	0.2	78.1	78.1	イノチオフローラ	経費	通信費
202511	340C10100	20	水道光熱費	125000.0	125000.0	114571.0	0.6	91.6	91.6	イノチオフローラ	経費	水道光熱費
202511	340C10100	21	動力費	375000.0	375000.0	307821.0	1.8	82.0	82.0	イノチオフローラ	経費	動力費
202511	340C10100	22	燃料費	1200000.0	1200000.0	1106800.0	6.7	92.2	92.2	イノチオフローラ	経費	燃料費
202511	340C10100	23	事務用品費	5000.0	5000.0	868.0	0.0	17.3	17.3	イノチオフローラ	経費	事務用品費
202511	340C10100	24	消耗品費	15000.0	5000.0	14430.0	0.0	288.6	96.2	イノチオフローラ	経費	消耗品費
202511	340C10100	25	廃棄物処理料	60000.0	60000.0	69000.0	0.4	115.0	115.0	イノチオフローラ	経費	廃棄物処理料
202511	340C10100	26	広告宣伝費	0.0	0.0	0.0	0.0	0.0	0.0	イノチオフローラ	経費	広告宣伝費
202511	340C10100	27	接待交際費	0.0	0.0	0.0	0.0	0.0	0.0	イノチオフローラ	経費	接待交際費
202511	340C10100	28	研究開発費	0.0	0.0	0.0	0.0	0.0	0.0	イノチオフローラ	経費	研究開発費
202511	340C10100	29	クレーム費	0.0	0.0	0.0	0.0	0.0	0.0	イノチオフローラ	経費	クレーム費
202511	340C10100	30	賃借料	0.0	0.0	0.0	0.0	0.0	0.0	イノチオフローラ	経費	賃借料
202511	340C10100	31	賃貸料収入	-10000.0	-10000.0	0.0	0.0	0.0	0.0	イノチオフローラ	経費	賃貸料収入
202511	340C10100	32	修繕費	60000.0	60000.0	3250.0	0.0	5.4	5.4	イノチオフローラ	経費	修繕費
202511	340C10100	33	支払リース料	5000.0	5000.0	4700.0	0.0	94.0	94.0	イノチオフローラ	経費	支払リース料
202511	340C10100	34	保険料	0.0	0.0	0.0	0.0	0.0	0.0	イノチオフローラ	経費	保険料
202511	340C10100	35	支払報酬	0.0	0.0	0.0	0.0	0.0	0.0	イノチオフローラ	経費	支払報酬
202511	340C10100	36	販売手数料	0.0	0.0	0.0	0.0	0.0	0.0	イノチオフローラ	経費	販売手数料
202511	340C10100	37	支払手数料	46000.0	46000.0	50287.0	0.3	109.3	109.3	イノチオフローラ	経費	支払手数料
202511	340C10100	38	診断料	0.0	0.0	0.0	0.0	0.0	0.0	イノチオフローラ	経費	診断料
202511	340C10100	39	諸会費	75000.0	75000.0	0.0	0.0	0.0	0.0	イノチオフローラ	経費	諸会費
202511	340C10100	40	会議費	0.0	0.0	0.0	0.0	0.0	0.0	イノチオフローラ	経費	会議費
202511	340C10100	41	寄付金	0.0	0.0	0.0	0.0	0.0	0.0	イノチオフローラ	経費	寄付金
202511	340C10100	42	租税公課	603000.0	603000.0	606000.0	3.6	100.4	100.4	イノチオフローラ	経費	租税公課
202511	340C10100	43	業務委託費	0.0	0.0	0.0	0.0	0.0	0.0	イノチオフローラ	経費	業務委託費
202511	340C10100	44	業務受託収入	0.0	0.0	0.0	0.0	0.0	0.0	イノチオフローラ	経費	業務受託収入
202511	340C10100	45	システム管理料	0.0	0.0	0.0	0.0	0.0	0.0	イノチオフローラ	経費	システム管理料
202511	340C10100	46	情報機器利用料	55510.0	55510.0	55510.0	0.3	100.0	100.0	イノチオフローラ	経費	情報機器利用料
202511	340C10100	47	貸倒金	0.0	0.0	0.0	0.0	0.0	0.0	イノチオフローラ	経費	貸倒金
202511	340C10100	48	雑費	85000.0	85000.0	59148.0	0.3	69.5	69.5	イノチオフローラ	経費	雑費
202511	340C10100	49	福利消耗品費	10000.0	10000.0	5271.0	0.0	52.7	52.7	イノチオフローラ	経費	福利消耗品費
202511	340C10100	50	教育研修費	3000.0	3000.0	4508.0	0.0	150.2	150.2	イノチオフローラ	経費	教育研修費
202511	340C10100	51	雑給	0.0	0.0	0.0	0.0	0.0	0.0	イノチオフローラ	経費	雑給
202511	340C10100	52	社内金利（固定資産）	54515.0	54515.0	57999.0	0.3	106.3	106.3	イノチオフローラ	経費	社内金利（固定資産）
202511	340C10100	53	グループ共通	233000.0	233000.0	233000.0	1.4	100.0	100.0	イノチオフローラ	経費	グループ共通
202511	340C10100	54	差引収益	11251449.0	9755199.0	10156200.0	61.5	104.1	90.2	イノチオフローラ		
202511	340C10100	55	差引比率	66.4	59.3	61.5		103.7	92.6	イノチオフローラ		
202511	340C10100	56	総時間	1026.0	1026.0	1078.0		105.0	105.0	イノチオフローラ		
202511	340C10100	57	定時間	912.0	912.0	980.0		107.4	107.4	イノチオフローラ	時間	
202511	340C10100	58	残業時間	111.0	111.0	96.0		86.4	86.4	イノチオフローラ	時間	
202511	340C10100	59	移動時間	3.0	3.0	2.0		66.6	66.6	イノチオフローラ	時間	
202511	340C10100	60	当月時間当り	10966.3	9507.9	9421.3		99.0	85.9	イノチオフローラ		
202511	340C10100	61	人員	6.0	6.0	6.0		100.0	100.0	イノチオフローラ		
202511	005000000	1	総受注高	16920000.0	16920000.0	16494518.0		97.4	97.4	イノチオフローラ㈱	受注	
202511	005000000	2	総売上高	16920000.0	16446750.0	16494518.0		100.2	97.4	イノチオフローラ㈱		
202511	005000000	3	切り花売上	2540000.0	2200000.0	2209623.0	13.3	100.4	86.9	イノチオフローラ㈱	売上	
202511	005000000	4	研究受託売上   	14380000.0	14246750.0	14246750.0	86.3	100.0	99.0	イノチオフローラ㈱	売上	
202511	005000000	5	その他売上	0.0	0.0	38145.0	0.2	0.0	0.0	イノチオフローラ㈱	売上	
202511	005000000	6	堆肥売上            	0.0	0.0	0.0	0.0	0.0	0.0	イノチオフローラ㈱	売上	
202511	005000000	7	経費合計	5614036.0	6637036.0	6280319.0	38.0	94.6	111.8	イノチオフローラ㈱		
202511	005000000	8	種苗費	350000.0	710000.0	732630.0	4.4	103.1	209.3	イノチオフローラ㈱	経費	種苗費
202511	005000000	9	肥料費	0.0	62000.0	295809.0	1.7	477.1	0.0	イノチオフローラ㈱	経費	肥料費
202511	005000000	10	培土費用	0.0	0.0	0.0	0.0	0.0	0.0	イノチオフローラ㈱	経費	培土費用
202511	005000000	11	農薬衛生費	700000.0	700000.0	691459.0	4.1	98.7	98.7	イノチオフローラ㈱	経費	農薬衛生費
202511	005000000	12	農具費	121000.0	121000.0	72580.0	0.4	59.9	59.9	イノチオフローラ㈱	経費	農具費
202511	005000000	13	諸材料費	227000.0	838000.0	629854.0	3.8	75.1	277.4	イノチオフローラ㈱	経費	諸材料費
202511	005000000	14	その他仕入高	0.0	0.0	28568.0	0.1	0.0	0.0	イノチオフローラ㈱	経費	その他仕入高
202511	005000000	15	減価償却費	305526.0	305526.0	308976.0	1.8	101.1	101.1	イノチオフローラ㈱	経費	減価償却費
202511	005000000	16	車両費	678000.0	678000.0	665824.0	4.0	98.2	98.2	イノチオフローラ㈱	経費	車両費
202511	005000000	17	旅費交通費	10000.0	10000.0	0.0	0.0	0.0	0.0	イノチオフローラ㈱	経費	旅費交通費
202511	005000000	18	荷造運搬費	233000.0	233000.0	185050.0	1.1	79.4	79.4	イノチオフローラ㈱	経費	荷造運搬費
202511	005000000	19	通信費	44000.0	44000.0	34405.0	0.2	78.1	78.1	イノチオフローラ㈱	経費	通信費
202511	005000000	20	水道光熱費	125000.0	125000.0	114571.0	0.6	91.6	91.6	イノチオフローラ㈱	経費	水道光熱費
202511	005000000	21	動力費	375000.0	375000.0	307821.0	1.8	82.0	82.0	イノチオフローラ㈱	経費	動力費
202511	005000000	22	燃料費	1200000.0	1200000.0	1106800.0	6.7	92.2	92.2	イノチオフローラ㈱	経費	燃料費
202511	005000000	23	事務用品費	5000.0	5000.0	868.0	0.0	17.3	17.3	イノチオフローラ㈱	経費	事務用品費
202511	005000000	24	消耗品費	15000.0	5000.0	14430.0	0.0	288.6	96.2	イノチオフローラ㈱	経費	消耗品費
202511	005000000	25	廃棄物処理料	60000.0	60000.0	69000.0	0.4	115.0	115.0	イノチオフローラ㈱	経費	廃棄物処理料
202511	005000000	26	広告宣伝費	0.0	0.0	0.0	0.0	0.0	0.0	イノチオフローラ㈱	経費	広告宣伝費
202511	005000000	27	接待交際費	0.0	0.0	0.0	0.0	0.0	0.0	イノチオフローラ㈱	経費	接待交際費
202511	005000000	28	研究開発費	0.0	0.0	0.0	0.0	0.0	0.0	イノチオフローラ㈱	経費	研究開発費
202511	005000000	29	クレーム費	0.0	0.0	0.0	0.0	0.0	0.0	イノチオフローラ㈱	経費	クレーム費
202511	005000000	30	賃借料	0.0	0.0	0.0	0.0	0.0	0.0	イノチオフローラ㈱	経費	賃借料
202511	005000000	31	賃貸料収入	-10000.0	-10000.0	0.0	0.0	0.0	0.0	イノチオフローラ㈱	経費	賃貸料収入
202511	005000000	32	修繕費	60000.0	60000.0	3250.0	0.0	5.4	5.4	イノチオフローラ㈱	経費	修繕費
202511	005000000	33	支払リース料	5000.0	5000.0	4700.0	0.0	94.0	94.0	イノチオフローラ㈱	経費	支払リース料
202511	005000000	34	保険料	0.0	0.0	0.0	0.0	0.0	0.0	イノチオフローラ㈱	経費	保険料
202511	005000000	35	支払報酬	0.0	0.0	0.0	0.0	0.0	0.0	イノチオフローラ㈱	経費	支払報酬
202511	005000000	36	販売手数料	0.0	0.0	0.0	0.0	0.0	0.0	イノチオフローラ㈱	経費	販売手数料
202511	005000000	37	支払手数料	46000.0	46000.0	50287.0	0.3	109.3	109.3	イノチオフローラ㈱	経費	支払手数料
202511	005000000	38	診断料	0.0	0.0	0.0	0.0	0.0	0.0	イノチオフローラ㈱	経費	診断料
202511	005000000	39	諸会費	75000.0	75000.0	0.0	0.0	0.0	0.0	イノチオフローラ㈱	経費	諸会費
202511	005000000	40	会議費	0.0	0.0	0.0	0.0	0.0	0.0	イノチオフローラ㈱	経費	会議費
202511	005000000	41	寄付金	0.0	0.0	0.0	0.0	0.0	0.0	イノチオフローラ㈱	経費	寄付金
202511	005000000	42	租税公課	603000.0	603000.0	606000.0	3.6	100.4	100.4	イノチオフローラ㈱	経費	租税公課
202511	005000000	43	業務委託費	0.0	0.0	0.0	0.0	0.0	0.0	イノチオフローラ㈱	経費	業務委託費
202511	005000000	44	業務受託収入	0.0	0.0	0.0	0.0	0.0	0.0	イノチオフローラ㈱	経費	業務受託収入
202511	005000000	45	システム管理料	0.0	0.0	0.0	0.0	0.0	0.0	イノチオフローラ㈱	経費	システム管理料
202511	005000000	46	情報機器利用料	55510.0	55510.0	55510.0	0.3	100.0	100.0	イノチオフローラ㈱	経費	情報機器利用料
202511	005000000	47	貸倒金	0.0	0.0	0.0	0.0	0.0	0.0	イノチオフローラ㈱	経費	貸倒金
202511	005000000	48	雑費	85000.0	85000.0	59148.0	0.3	69.5	69.5	イノチオフローラ㈱	経費	雑費
202511	005000000	49	福利消耗品費	10000.0	10000.0	5271.0	0.0	52.7	52.7	イノチオフローラ㈱	経費	福利消耗品費
202511	005000000	50	教育研修費	3000.0	3000.0	4508.0	0.0	150.2	150.2	イノチオフローラ㈱	経費	教育研修費
202511	005000000	51	雑給	0.0	0.0	0.0	0.0	0.0	0.0	イノチオフローラ㈱	経費	雑給
202511	005000000	52	社内金利（固定資産）	0.0	0.0	0.0	0.0	0.0	0.0	イノチオフローラ㈱	経費	社内金利（固定資産）
202511	005000000	53	グループ共通	233000.0	233000.0	233000.0	1.4	100.0	100.0	イノチオフローラ㈱	経費	グループ共通
202511	005000000	54	差引収益	11305964.0	9809714.0	10214199.0	61.9	104.1	90.3	イノチオフローラ㈱		
202511	005000000	55	差引比率	66.8	59.6	61.9		103.8	92.6	イノチオフローラ㈱		
202511	005000000	56	総時間	1035.25	1035.25	1087.25		105.0	105.0	イノチオフローラ㈱		
202511	005000000	57	定時間	912.0	912.0	980.0		107.4	107.4	イノチオフローラ㈱	時間	
202511	005000000	58	残業時間	111.0	111.0	96.0		86.4	86.4	イノチオフローラ㈱	時間	
202511	005000000	59	移動時間	12.25	12.25	11.25		91.8	91.8	イノチオフローラ㈱	時間	
202511	005000000	60	当月時間当り	10920.9	9475.6	9394.5		99.1	86.0	イノチオフローラ㈱		
202511	005000000	61	人員	6.0	6.0	6.0		100.0	100.0	イノチオフローラ㈱		
202511	005090200	1	総受注高	0.0	0.0	0.0		0.0	0.0	本社収支	受注	
202511	005090200	2	総売上高	0.0	0.0	0.0		0.0	0.0	本社収支		
202511	005090200	3	切り花売上	0.0	0.0	0.0	0.0	0.0	0.0	本社収支	売上	
202511	005090200	4	研究受託売上   	0.0	0.0	0.0	0.0	0.0	0.0	本社収支	売上	
202511	005090200	5	その他売上	0.0	0.0	0.0	0.0	0.0	0.0	本社収支	売上	
202511	005090200	6	堆肥売上            	0.0	0.0	0.0	0.0	0.0	0.0	本社収支	売上	
202511	005090200	7	経費合計	-54515.0	-54515.0	-57999.0	0.0	0.0	0.0	本社収支		
202511	005090200	8	種苗費	0.0	0.0	0.0	0.0	0.0	0.0	本社収支	経費	種苗費
202511	005090200	9	肥料費	0.0	0.0	0.0	0.0	0.0	0.0	本社収支	経費	肥料費
202511	005090200	10	培土費用	0.0	0.0	0.0	0.0	0.0	0.0	本社収支	経費	培土費用
202511	005090200	11	農薬衛生費	0.0	0.0	0.0	0.0	0.0	0.0	本社収支	経費	農薬衛生費
202511	005090200	12	農具費	0.0	0.0	0.0	0.0	0.0	0.0	本社収支	経費	農具費
202511	005090200	13	諸材料費	0.0	0.0	0.0	0.0	0.0	0.0	本社収支	経費	諸材料費
202511	005090200	14	その他仕入高	0.0	0.0	0.0	0.0	0.0	0.0	本社収支	経費	その他仕入高
202511	005090200	15	減価償却費	0.0	0.0	0.0	0.0	0.0	0.0	本社収支	経費	減価償却費
202511	005090200	16	車両費	0.0	0.0	0.0	0.0	0.0	0.0	本社収支	経費	車両費
202511	005090200	17	旅費交通費	0.0	0.0	0.0	0.0	0.0	0.0	本社収支	経費	旅費交通費
202511	005090200	18	荷造運搬費	0.0	0.0	0.0	0.0	0.0	0.0	本社収支	経費	荷造運搬費
202511	005090200	19	通信費	0.0	0.0	0.0	0.0	0.0	0.0	本社収支	経費	通信費
202511	005090200	20	水道光熱費	0.0	0.0	0.0	0.0	0.0	0.0	本社収支	経費	水道光熱費
202511	005090200	21	動力費	0.0	0.0	0.0	0.0	0.0	0.0	本社収支	経費	動力費
202511	005090200	22	燃料費	0.0	0.0	0.0	0.0	0.0	0.0	本社収支	経費	燃料費
202511	005090200	23	事務用品費	0.0	0.0	0.0	0.0	0.0	0.0	本社収支	経費	事務用品費
202511	005090200	24	消耗品費	0.0	0.0	0.0	0.0	0.0	0.0	本社収支	経費	消耗品費
202511	005090200	25	廃棄物処理料	0.0	0.0	0.0	0.0	0.0	0.0	本社収支	経費	廃棄物処理料
202511	005090200	26	広告宣伝費	0.0	0.0	0.0	0.0	0.0	0.0	本社収支	経費	広告宣伝費
202511	005090200	27	接待交際費	0.0	0.0	0.0	0.0	0.0	0.0	本社収支	経費	接待交際費
202511	005090200	28	研究開発費	0.0	0.0	0.0	0.0	0.0	0.0	本社収支	経費	研究開発費
202511	005090200	29	クレーム費	0.0	0.0	0.0	0.0	0.0	0.0	本社収支	経費	クレーム費
202511	005090200	30	賃借料	0.0	0.0	0.0	0.0	0.0	0.0	本社収支	経費	賃借料
202511	005090200	31	賃貸料収入	0.0	0.0	0.0	0.0	0.0	0.0	本社収支	経費	賃貸料収入
202511	005090200	32	修繕費	0.0	0.0	0.0	0.0	0.0	0.0	本社収支	経費	修繕費
202511	005090200	33	支払リース料	0.0	0.0	0.0	0.0	0.0	0.0	本社収支	経費	支払リース料
202511	005090200	34	保険料	0.0	0.0	0.0	0.0	0.0	0.0	本社収支	経費	保険料
202511	005090200	35	支払報酬	0.0	0.0	0.0	0.0	0.0	0.0	本社収支	経費	支払報酬
202511	005090200	36	販売手数料	0.0	0.0	0.0	0.0	0.0	0.0	本社収支	経費	販売手数料
202511	005090200	37	支払手数料	0.0	0.0	0.0	0.0	0.0	0.0	本社収支	経費	支払手数料
202511	005090200	38	診断料	0.0	0.0	0.0	0.0	0.0	0.0	本社収支	経費	診断料
202511	005090200	39	諸会費	0.0	0.0	0.0	0.0	0.0	0.0	本社収支	経費	諸会費
202511	005090200	40	会議費	0.0	0.0	0.0	0.0	0.0	0.0	本社収支	経費	会議費
202511	005090200	41	寄付金	0.0	0.0	0.0	0.0	0.0	0.0	本社収支	経費	寄付金
202511	005090200	42	租税公課	0.0	0.0	0.0	0.0	0.0	0.0	本社収支	経費	租税公課
202511	005090200	43	業務委託費	0.0	0.0	0.0	0.0	0.0	0.0	本社収支	経費	業務委託費
202511	005090200	44	業務受託収入	0.0	0.0	0.0	0.0	0.0	0.0	本社収支	経費	業務受託収入
202511	005090200	45	システム管理料	0.0	0.0	0.0	0.0	0.0	0.0	本社収支	経費	システム管理料
202511	005090200	46	情報機器利用料	0.0	0.0	0.0	0.0	0.0	0.0	本社収支	経費	情報機器利用料
202511	005090200	47	貸倒金	0.0	0.0	0.0	0.0	0.0	0.0	本社収支	経費	貸倒金
202511	005090200	48	雑費	0.0	0.0	0.0	0.0	0.0	0.0	本社収支	経費	雑費
202511	005090200	49	福利消耗品費	0.0	0.0	0.0	0.0	0.0	0.0	本社収支	経費	福利消耗品費
202511	005090200	50	教育研修費	0.0	0.0	0.0	0.0	0.0	0.0	本社収支	経費	教育研修費
202511	005090200	51	雑給	0.0	0.0	0.0	0.0	0.0	0.0	本社収支	経費	雑給
202511	005090200	52	社内金利（固定資産）	-54515.0	-54515.0	-57999.0	0.0	0.0	0.0	本社収支	経費	社内金利（固定資産）
202511	005090200	53	グループ共通	0.0	0.0	0.0	0.0	0.0	0.0	本社収支	経費	グループ共通
202511	005090200	54	差引収益	54515.0	54515.0	57999.0	0.0	106.3	106.3	本社収支		
202511	005090200	55	差引比率	0.0	0.0	0.0		0.0	0.0	本社収支		
202511	005090200	56	総時間	9.25	9.25	9.25		100.0	100.0	本社収支		
202511	005090200	57	定時間	0.0	0.0	0.0		0.0	0.0	本社収支	時間	
202511	005090200	58	残業時間	0.0	0.0	0.0		0.0	0.0	本社収支	時間	
202511	005090200	59	移動時間	9.25	9.25	9.25		100.0	100.0	本社収支	時間	
202511	005090200	60	当月時間当り	5893.5	5893.5	6270.1		106.3	106.3	本社収支		
202511	005090200	61	人員	0.0	0.0	0.0		0.0	0.0	本社収支		
