対象年月度	組織コード	明細No.	採算科目名	M/P	予定	実績	構成比(%)	予定比(%)	M/P比(%)	組織名	分類	採算科目名_経費合計
202604	310A10500	1	総受注高	26980000.0	28680000.0	40333707.0		140.6	149.4	アグリコ	受注	
202604	310A10500	2	総売上高	26980000.0	28680000.0	40333707.0		140.6	149.4	アグリコ		
202604	310A10500	3	売上高	27880000.0	29580000.0	40848943.0		138.0	146.5	アグリコ	売上	
202604	310A10500	4	売上値引	-900000.0	-900000.0	-515236.0		0.0	0.0	アグリコ	売上	
202604	310A10500	5	売上原価	22560000.0	23990000.0	34693781.0		144.6	153.7	アグリコ		
202604	310A10500	6	総収益	4420000.0	4690000.0	5639926.0	13.9	120.2	127.6	アグリコ		
202604	310A10500	7	経費合計	1940419.0	1940419.0	3340032.0	8.2	172.1	172.1	アグリコ		
202604	310A10500	8	減価償却費	0.0	0.0	159434.0	0.3	0.0	0.0	アグリコ	経費	減価償却費
202604	310A10500	9	車両費	155560.0	155560.0	139569.0	0.3	89.7	89.7	アグリコ	経費	車両費
202604	310A10500	10	旅費交通費	50000.0	50000.0	13819.0	0.0	27.6	27.6	アグリコ	経費	旅費交通費
202604	310A10500	11	荷造運搬費	181000.0	181000.0	181320.0	0.4	100.1	100.1	アグリコ	経費	荷造運搬費
202604	310A10500	12	通信費	15900.0	15900.0	15505.0	0.0	97.5	97.5	アグリコ	経費	通信費
202604	310A10500	13	水道光熱費	0.0	0.0	0.0	0.0	0.0	0.0	アグリコ	経費	水道光熱費
202604	310A10500	14	事務用品費	22800.0	22800.0	298477.0	0.7			アグリコ	経費	事務用品費
202604	310A10500	15	消耗品費	1500.0	1500.0	0.0	0.0	0.0	0.0	アグリコ	経費	消耗品費
202604	310A10500	16	広告宣伝費	0.0	0.0	0.0	0.0	0.0	0.0	アグリコ	経費	広告宣伝費
202604	310A10500	17	接待交際費	0.0	0.0	0.0	0.0	0.0	0.0	アグリコ	経費	接待交際費
202604	310A10500	18	賃借料	50000.0	50000.0	50000.0	0.1	100.0	100.0	アグリコ	経費	賃借料
202604	310A10500	19	修繕費	0.0	0.0	0.0	0.0	0.0	0.0	アグリコ	経費	修繕費
202604	310A10500	20	支払リース料	0.0	0.0	0.0	0.0	0.0	0.0	アグリコ	経費	支払リース料
202604	310A10500	21	保険料	84980.0	84980.0	84980.0	0.2	100.0	100.0	アグリコ	経費	保険料
202604	310A10500	22	支払手数料	96700.0	96700.0	151348.0	0.3	156.5	156.5	アグリコ	経費	支払手数料
202604	310A10500	23	諸会費	0.0	0.0	0.0	0.0	0.0	0.0	アグリコ	経費	諸会費
202604	310A10500	24	会議費	0.0	0.0	0.0	0.0	0.0	0.0	アグリコ	経費	会議費
202604	310A10500	25	寄付金	0.0	0.0	0.0	0.0	0.0	0.0	アグリコ	経費	寄付金
202604	310A10500	26	租税公課	1000.0	1000.0	0.0	0.0	0.0	0.0	アグリコ	経費	租税公課
202604	310A10500	27	貸倒金	0.0	0.0	0.0	0.0	0.0	0.0	アグリコ	経費	貸倒金
202604	310A10500	28	情報機器利用料	75400.0	75400.0	80330.0	0.1	106.5	106.5	アグリコ	経費	情報機器利用料
202604	310A10500	29	雑費	0.0	0.0	0.0	0.0	0.0	0.0	アグリコ	経費	雑費
202604	310A10500	30	新聞図書費	0.0	0.0	0.0	0.0	0.0	0.0	アグリコ	経費	新聞図書費
202604	310A10500	32	雑給	6000.0	6000.0	0.0	0.0	0.0	0.0	アグリコ	経費	雑給
202604	310A10500	33	社内金利（固定資産）	0.0	0.0	0.0	0.0	0.0	0.0	アグリコ	経費	社内金利（固定資産）
202604	310A10500	34	社内金利（売掛金）	126579.0	126579.0	28345.0	0.0	22.3	22.3	アグリコ	経費	社内金利（売掛金）
202604	310A10500	35	部門共通（経費）	0.0	0.0	0.0	0.0	0.0	0.0	アグリコ	経費	部門共通（経費）
202604	310A10500	36	グループ共通	1073000.0	1073000.0	86000.0	0.2	8.0	8.0	アグリコ	経費	グループ共通
202604	310A10500	37	差引収益	2479581.0	2749581.0	2299894.0	5.7	83.6	92.7	アグリコ		
202604	310A10500	38	差引比率	9.1	9.5	5.7		60.0	62.6	アグリコ		
202604	310A10500	39	総時間	588.0	588.0	558.5		94.9	94.9	アグリコ		
202604	310A10500	40	定時間	552.0	552.0	510.0		92.3	92.3	アグリコ	時間	
202604	310A10500	41	残業時間	36.0	36.0	48.5		134.7	134.7	アグリコ	時間	
202604	310A10500	42	移動時間	0.0	0.0	0.0		0.0	0.0	アグリコ	時間	
202604	310A10500	43	部門共通（時間）	0.0	0.0	0.0		0.0	0.0	アグリコ	時間	
202604	310A10500	44	当月時間当り	4216.9	4676.1	4117.9		88.0	97.6	アグリコ		
202604	310A10500	45	人員	3.0	3.0	3.0		100.0	100.0	アグリコ		
202605	310A10500	1	総受注高	33160000.0	38560000.0	30925231.0		80.2	93.2	アグリコ	受注	
202605	310A10500	2	総売上高	33160000.0	38560000.0	30925231.0		80.2	93.2	アグリコ		
202605	310A10500	3	売上高	33560000.0	38960000.0	31395779.0		80.5	93.5	アグリコ	売上	
202605	310A10500	4	売上値引	-400000.0	-400000.0	-470548.0		0.0	0.0	アグリコ	売上	
202605	310A10500	5	売上原価	27990000.0	33120000.0	26509228.0		80.0	94.7	アグリコ		
202605	310A10500	6	総収益	5170000.0	5440000.0	4416003.0	14.2	81.1	85.4	アグリコ		
202605	310A10500	7	経費合計	1751163.0	1751163.0	473927.0	1.5	27.0	27.0	アグリコ		
202605	310A10500	8	減価償却費	0.0	0.0	-159434.0	0.0	0.0	0.0	アグリコ	経費	減価償却費
202605	310A10500	9	車両費	114560.0	114560.0	122327.0	0.3	106.7	106.7	アグリコ	経費	車両費
202605	310A10500	10	旅費交通費	50000.0	50000.0	0.0	0.0	0.0	0.0	アグリコ	経費	旅費交通費
202605	310A10500	11	荷造運搬費	153000.0	153000.0	200926.0	0.6	131.3	131.3	アグリコ	経費	荷造運搬費
202605	310A10500	12	通信費	13800.0	13800.0	15239.0	0.0	110.4	110.4	アグリコ	経費	通信費
202605	310A10500	13	水道光熱費	0.0	0.0	0.0	0.0	0.0	0.0	アグリコ	経費	水道光熱費
202605	310A10500	14	事務用品費	6300.0	6300.0	7059.0	0.0	112.0	112.0	アグリコ	経費	事務用品費
202605	310A10500	15	消耗品費	0.0	0.0	0.0	0.0	0.0	0.0	アグリコ	経費	消耗品費
202605	310A10500	16	広告宣伝費	30000.0	30000.0	0.0	0.0	0.0	0.0	アグリコ	経費	広告宣伝費
202605	310A10500	17	接待交際費	0.0	0.0	0.0	0.0	0.0	0.0	アグリコ	経費	接待交際費
202605	310A10500	18	賃借料	50000.0	50000.0	50000.0	0.1	100.0	100.0	アグリコ	経費	賃借料
202605	310A10500	19	修繕費	0.0	0.0	0.0	0.0	0.0	0.0	アグリコ	経費	修繕費
202605	310A10500	20	支払リース料	0.0	0.0	0.0	0.0	0.0	0.0	アグリコ	経費	支払リース料
202605	310A10500	21	保険料	0.0	0.0	0.0	0.0	0.0	0.0	アグリコ	経費	保険料
202605	310A10500	22	支払手数料	34700.0	34700.0	66101.0	0.2	190.4	190.4	アグリコ	経費	支払手数料
202605	310A10500	23	諸会費	0.0	0.0	0.0	0.0	0.0	0.0	アグリコ	経費	諸会費
202605	310A10500	24	会議費	0.0	0.0	0.0	0.0	0.0	0.0	アグリコ	経費	会議費
202605	310A10500	25	寄付金	0.0	0.0	0.0	0.0	0.0	0.0	アグリコ	経費	寄付金
202605	310A10500	26	租税公課	6000.0	6000.0	600.0	0.0	10.0	10.0	アグリコ	経費	租税公課
202605	310A10500	27	貸倒金	0.0	0.0	0.0	0.0	0.0	0.0	アグリコ	経費	貸倒金
202605	310A10500	28	情報機器利用料	75400.0	75400.0	75402.0	0.2	100.0	100.0	アグリコ	経費	情報機器利用料
202605	310A10500	29	雑費	0.0	0.0	659.0	0.0	0.0	0.0	アグリコ	経費	雑費
202605	310A10500	30	新聞図書費	0.0	0.0	0.0	0.0	0.0	0.0	アグリコ	経費	新聞図書費
202605	310A10500	32	雑給	6000.0	6000.0	44000.0	0.1	733.3	733.3	アグリコ	経費	雑給
202605	310A10500	33	社内金利（固定資産）	0.0	0.0	0.0	0.0	0.0	0.0	アグリコ	経費	社内金利（固定資産）
202605	310A10500	34	社内金利（売掛金）	138403.0	138403.0	41048.0	0.1	29.6	29.6	アグリコ	経費	社内金利（売掛金）
202605	310A10500	35	部門共通（経費）	0.0	0.0	0.0	0.0	0.0	0.0	アグリコ	経費	部門共通（経費）
202605	310A10500	36	グループ共通	1073000.0	1073000.0	0.0	0.0	0.0	0.0	アグリコ	経費	グループ共通
202605	310A10500	37	差引収益	3418837.0	3688837.0	3942076.0	12.7	106.8	115.3	アグリコ		
202605	310A10500	38	差引比率	10.3	9.5	12.7		133.6	123.3	アグリコ		
202605	310A10500	39	総時間	504.0	504.0	501.25		99.4	99.4	アグリコ		
202605	310A10500	40	定時間	472.0	472.0	489.0		103.6	103.6	アグリコ	時間	
202605	310A10500	41	残業時間	32.0	32.0	32.25		100.7	100.7	アグリコ	時間	
202605	310A10500	42	移動時間	0.0	0.0	-20.0		0.0	0.0	アグリコ	時間	
202605	310A10500	43	部門共通（時間）	0.0	0.0	0.0		0.0	0.0	アグリコ	時間	
202605	310A10500	44	当月時間当り	6783.4	7319.1	7864.4		107.4	115.9	アグリコ		
202605	310A10500	45	人員	3.0	3.0	3.0		100.0	100.0	アグリコ		
202604	013000000	1	総受注高	37080000.0	38780000.0	46450126.0		119.7	125.2	㈱アグリコ	受注	
202604	013000000	2	総売上高	37080000.0	38780000.0	46450126.0		119.7	125.2	㈱アグリコ		
202604	013000000	3	売上高	37980000.0	39680000.0	46972952.0		118.3	123.6	㈱アグリコ	売上	
202604	013000000	4	売上値引	-900000.0	-900000.0	-522826.0		0.0	0.0	㈱アグリコ	売上	
202604	013000000	5	売上原価	29450000.0	30880000.0	38741473.0		125.4	131.5	㈱アグリコ		
202604	013000000	6	総収益	7630000.0	7900000.0	7708653.0	16.5	97.5	101.0	㈱アグリコ		
202604	013000000	7	経費合計	3738021.0	3712494.0	3855886.0	8.3	103.8	103.1	㈱アグリコ		
202604	013000000	8	減価償却費	161156.0	161156.0	159434.0	0.3	98.9	98.9	㈱アグリコ	経費	減価償却費
202604	013000000	9	車両費	175720.0	175720.0	150145.0	0.3	85.4	85.4	㈱アグリコ	経費	車両費
202604	013000000	10	旅費交通費	50000.0	50000.0	13819.0	0.0	27.6	27.6	㈱アグリコ	経費	旅費交通費
202604	013000000	11	荷造運搬費	181000.0	181000.0	181320.0	0.3	100.1	100.1	㈱アグリコ	経費	荷造運搬費
202604	013000000	12	通信費	48170.0	48170.0	45068.0	0.0	93.5	93.5	㈱アグリコ	経費	通信費
202604	013000000	13	水道光熱費	92000.0	92000.0	0.0	0.0	0.0	0.0	㈱アグリコ	経費	水道光熱費
202604	013000000	14	事務用品費	33250.0	33250.0	301945.0	0.6	908.1	908.1	㈱アグリコ	経費	事務用品費
202604	013000000	15	消耗品費	59700.0	59700.0	2000.0	0.0	3.3	3.3	㈱アグリコ	経費	消耗品費
202604	013000000	16	広告宣伝費	800.0	800.0	0.0	0.0	0.0	0.0	㈱アグリコ	経費	広告宣伝費
202604	013000000	17	接待交際費	0.0	0.0	0.0	0.0	0.0	0.0	㈱アグリコ	経費	接待交際費
202604	013000000	18	賃借料	371500.0	371500.0	385819.0	0.8	103.8	103.8	㈱アグリコ	経費	賃借料
202604	013000000	19	修繕費	0.0	0.0	0.0	0.0	0.0	0.0	㈱アグリコ	経費	修繕費
202604	013000000	20	支払リース料	9100.0	9100.0	9100.0	0.0	100.0	100.0	㈱アグリコ	経費	支払リース料
202604	013000000	21	保険料	84980.0	84980.0	84980.0	0.1	100.0	100.0	㈱アグリコ	経費	保険料
202604	013000000	22	支払手数料	145600.0	145600.0	229621.0	0.4	157.7	157.7	㈱アグリコ	経費	支払手数料
202604	013000000	23	諸会費	0.0	0.0	0.0	0.0	0.0	0.0	㈱アグリコ	経費	諸会費
202604	013000000	24	会議費	0.0	0.0	0.0	0.0	0.0	0.0	㈱アグリコ	経費	会議費
202604	013000000	25	寄付金	0.0	0.0	0.0	0.0	0.0	0.0	㈱アグリコ	経費	寄付金
202604	013000000	26	租税公課	2000.0	2000.0	0.0	0.0	0.0	0.0	㈱アグリコ	経費	租税公課
202604	013000000	27	貸倒金	0.0	0.0	0.0	0.0	0.0	0.0	㈱アグリコ	経費	貸倒金
202604	013000000	28	情報機器利用料	150800.0	150800.0	155730.0	0.3	103.2	103.2	㈱アグリコ	経費	情報機器利用料
202604	013000000	29	雑費	29527.0	4000.0	0.0	0.0	0.0	0.0	㈱アグリコ	経費	雑費
202604	013000000	30	新聞図書費	0.0	0.0	0.0	0.0	0.0	0.0	㈱アグリコ	経費	新聞図書費
202604	013000000	32	雑給	6000.0	6000.0	0.0	0.0	0.0	0.0	㈱アグリコ	経費	雑給
202604	013000000	33	社内金利（固定資産）	0.0	0.0	0.0	0.0	0.0	0.0	㈱アグリコ	経費	社内金利（固定資産）
202604	013000000	34	社内金利（売掛金）	0.0	0.0	0.0	0.0	0.0	0.0	㈱アグリコ	経費	社内金利（売掛金）
202604	013000000	35	部門共通（経費）	0.0	0.0	0.0	0.0	0.0	0.0	㈱アグリコ	経費	部門共通（経費）
202604	013000000	36	グループ共通	2136000.0	2136000.0	86000.0	0.1	4.0	4.0	㈱アグリコ	経費	グループ共通
202604	013000000	37	差引収益	3891979.0	4187506.0	3852767.0	8.2	92.0	98.9	㈱アグリコ		
202604	013000000	38	差引比率	10.4	10.7	8.2		76.6	78.8	㈱アグリコ		
202604	013000000	39	総時間	1331.0	1331.0	1381.5		103.7	103.7	㈱アグリコ		
202604	013000000	40	定時間	1230.0	1230.0	1196.5		97.2	97.2	㈱アグリコ	時間	
202604	013000000	41	残業時間	101.0	101.0	185.0		183.1	183.1	㈱アグリコ	時間	
202604	013000000	42	移動時間	0.0	0.0	0.0		0.0	0.0	㈱アグリコ	時間	
202604	013000000	43	部門共通（時間）	0.0	0.0	0.0		0.0	0.0	㈱アグリコ	時間	
202604	013000000	44	当月時間当り	2924.1	3146.1	2788.8		88.6	95.3	㈱アグリコ		
202604	013000000	45	人員	7.0	7.0	7.0		100.0	100.0	㈱アグリコ		
202605	013000000	1	総受注高	42940000.0	48340000.0	37446658.0		77.4	87.2	㈱アグリコ	受注	
202605	013000000	2	総売上高	42940000.0	48340000.0	37446658.0		77.4	87.2	㈱アグリコ		
202605	013000000	3	売上高	43340000.0	48740000.0	37922206.0		77.8	87.4	㈱アグリコ	売上	
202605	013000000	4	売上値引	-400000.0	-400000.0	-475548.0		0.0	0.0	㈱アグリコ	売上	
202605	013000000	5	売上原価	34840000.0	39970000.0	30539940.0		76.4	87.6	㈱アグリコ		
202605	013000000	6	総収益	8100000.0	8370000.0	6906718.0	18.4	82.5	85.2	㈱アグリコ		
202605	013000000	7	経費合計	3706396.0	3706396.0	3691231.0	9.8	99.5	99.5	㈱アグリコ		
202605	013000000	8	減価償却費	161156.0	161156.0	209034.0	0.5	129.7	129.7	㈱アグリコ	経費	減価償却費
202605	013000000	9	車両費	129720.0	129720.0	138232.0	0.3	106.5	106.5	㈱アグリコ	経費	車両費
202605	013000000	10	旅費交通費	50000.0	50000.0	0.0	0.0	0.0	0.0	㈱アグリコ	経費	旅費交通費
202605	013000000	11	荷造運搬費	153000.0	153000.0	200926.0	0.5	131.3	131.3	㈱アグリコ	経費	荷造運搬費
202605	013000000	12	通信費	46100.0	46100.0	56976.0	0.1	123.5	123.5	㈱アグリコ	経費	通信費
202605	013000000	13	水道光熱費	74800.0	74800.0	68730.0	0.1	91.8	91.8	㈱アグリコ	経費	水道光熱費
202605	013000000	14	事務用品費	8800.0	8800.0	9266.0	0.0	105.2	105.2	㈱アグリコ	経費	事務用品費
202605	013000000	15	消耗品費	6300.0	6300.0	849.0	0.0	13.4	13.4	㈱アグリコ	経費	消耗品費
202605	013000000	16	広告宣伝費	151600.0	151600.0	129411.0	0.3	85.3	85.3	㈱アグリコ	経費	広告宣伝費
202605	013000000	17	接待交際費	21820.0	21820.0	0.0	0.0	0.0	0.0	㈱アグリコ	経費	接待交際費
202605	013000000	18	賃借料	371500.0	371500.0	369910.0	0.9	99.5	99.5	㈱アグリコ	経費	賃借料
202605	013000000	19	修繕費	0.0	0.0	0.0	0.0	0.0	0.0	㈱アグリコ	経費	修繕費
202605	013000000	20	支払リース料	9100.0	9100.0	9100.0	0.0	100.0	100.0	㈱アグリコ	経費	支払リース料
202605	013000000	21	保険料	0.0	0.0	0.0	0.0	0.0	0.0	㈱アグリコ	経費	保険料
202605	013000000	22	支払手数料	103600.0	103600.0	161394.0	0.4	155.7	155.7	㈱アグリコ	経費	支払手数料
202605	013000000	23	諸会費	0.0	0.0	6000.0	0.0	0.0	0.0	㈱アグリコ	経費	諸会費
202605	013000000	24	会議費	0.0	0.0	0.0	0.0	0.0	0.0	㈱アグリコ	経費	会議費
202605	013000000	25	寄付金	0.0	0.0	0.0	0.0	0.0	0.0	㈱アグリコ	経費	寄付金
202605	013000000	26	租税公課	7000.0	7000.0	1200.0	0.0	17.1	17.1	㈱アグリコ	経費	租税公課
202605	013000000	27	貸倒金	0.0	0.0	0.0	0.0	0.0	0.0	㈱アグリコ	経費	貸倒金
202605	013000000	28	情報機器利用料	150800.0	150800.0	136882.0	0.3	90.7	90.7	㈱アグリコ	経費	情報機器利用料
202605	013000000	29	雑費	119100.0	119100.0	8459.0	0.0	7.1	7.1	㈱アグリコ	経費	雑費
202605	013000000	30	新聞図書費	0.0	0.0	0.0	0.0	0.0	0.0	㈱アグリコ	経費	新聞図書費
202605	013000000	32	雑給	6000.0	6000.0	44000.0	0.1	733.3	733.3	㈱アグリコ	経費	雑給
202605	013000000	33	社内金利（固定資産）	0.0	0.0	0.0	0.0	0.0	0.0	㈱アグリコ	経費	社内金利（固定資産）
202605	013000000	34	社内金利（売掛金）	0.0	0.0	0.0	0.0	0.0	0.0	㈱アグリコ	経費	社内金利（売掛金）
202605	013000000	35	部門共通（経費）	0.0	0.0	0.0	0.0	0.0	0.0	㈱アグリコ	経費	部門共通（経費）
202605	013000000	36	グループ共通	2136000.0	2136000.0	86000.0	0.2	4.0	4.0	㈱アグリコ	経費	グループ共通
202605	013000000	37	差引収益	4393604.0	4663604.0	3215487.0	8.5	68.9	73.1	㈱アグリコ		
202605	013000000	38	差引比率	10.2	9.6	8.5		88.5	83.3	㈱アグリコ		
202605	013000000	39	総時間	1165.0	1220.0	1076.5		88.2	92.4	㈱アグリコ		
202605	013000000	40	定時間	1068.0	960.0	933.0		97.1	87.3	㈱アグリコ	時間	
202605	013000000	41	残業時間	97.0	92.0	134.5		146.1	138.6	㈱アグリコ	時間	
202605	013000000	42	移動時間	0.0	168.0	9.0		5.3	0.0	㈱アグリコ	時間	
202605	013000000	43	部門共通（時間）	0.0	0.0	0.0		0.0	0.0	㈱アグリコ	時間	
202605	013000000	44	当月時間当り	3771.3	3822.6	2986.9		78.1	79.2	㈱アグリコ		
202605	013000000	45	人員	7.0	6.0	6.0		100.0	85.7	㈱アグリコ		
202604	310A10800	1	総受注高	37080000.0	38780000.0	46450126.0		119.7	125.2	営業部	受注	
202604	310A10800	2	総売上高	37080000.0	38780000.0	46450126.0		119.7	125.2	営業部		
202604	310A10800	3	売上高	37980000.0	39680000.0	46972952.0		118.3	123.6	営業部	売上	
202604	310A10800	4	売上値引	-900000.0	-900000.0	-522826.0		0.0	0.0	営業部	売上	
202604	310A10800	5	売上原価	29450000.0	30880000.0	38741473.0		125.4	131.5	営業部		
202604	310A10800	6	総収益	7630000.0	7900000.0	7708653.0	16.5	97.5	101.0	営業部		
202604	310A10800	7	経費合計	3920554.0	3895027.0	3938731.0	8.4	101.1	100.4	営業部		
202604	310A10800	8	減価償却費	161156.0	161156.0	159434.0	0.3	98.9	98.9	営業部	経費	減価償却費
202604	310A10800	9	車両費	175720.0	175720.0	150145.0	0.3	85.4	85.4	営業部	経費	車両費
202604	310A10800	10	旅費交通費	50000.0	50000.0	13819.0	0.0	27.6	27.6	営業部	経費	旅費交通費
202604	310A10800	11	荷造運搬費	181000.0	181000.0	181320.0	0.3	100.1	100.1	営業部	経費	荷造運搬費
202604	310A10800	12	通信費	48170.0	48170.0	45068.0	0.0	93.5	93.5	営業部	経費	通信費
202604	310A10800	13	水道光熱費	92000.0	92000.0	0.0	0.0	0.0	0.0	営業部	経費	水道光熱費
202604	310A10800	14	事務用品費	33250.0	33250.0	301945.0	0.6	908.1	908.1	営業部	経費	事務用品費
202604	310A10800	15	消耗品費	59700.0	59700.0	2000.0	0.0	3.3	3.3	営業部	経費	消耗品費
202604	310A10800	16	広告宣伝費	800.0	800.0	0.0	0.0	0.0	0.0	営業部	経費	広告宣伝費
202604	310A10800	17	接待交際費	0.0	0.0	0.0	0.0	0.0	0.0	営業部	経費	接待交際費
202604	310A10800	18	賃借料	371500.0	371500.0	385819.0	0.8	103.8	103.8	営業部	経費	賃借料
202604	310A10800	19	修繕費	0.0	0.0	0.0	0.0	0.0	0.0	営業部	経費	修繕費
202604	310A10800	20	支払リース料	9100.0	9100.0	9100.0	0.0	100.0	100.0	営業部	経費	支払リース料
202604	310A10800	21	保険料	84980.0	84980.0	84980.0	0.1	100.0	100.0	営業部	経費	保険料
202604	310A10800	22	支払手数料	145600.0	145600.0	229621.0	0.4	157.7	157.7	営業部	経費	支払手数料
202604	310A10800	23	諸会費	0.0	0.0	0.0	0.0	0.0	0.0	営業部	経費	諸会費
202604	310A10800	24	会議費	0.0	0.0	0.0	0.0	0.0	0.0	営業部	経費	会議費
202604	310A10800	25	寄付金	0.0	0.0	0.0	0.0	0.0	0.0	営業部	経費	寄付金
202604	310A10800	26	租税公課	2000.0	2000.0	0.0	0.0	0.0	0.0	営業部	経費	租税公課
202604	310A10800	27	貸倒金	0.0	0.0	0.0	0.0	0.0	0.0	営業部	経費	貸倒金
202604	310A10800	28	情報機器利用料	150800.0	150800.0	155730.0	0.3	103.2	103.2	営業部	経費	情報機器利用料
202604	310A10800	29	雑費	29527.0	4000.0	0.0	0.0	0.0	0.0	営業部	経費	雑費
202604	310A10800	30	新聞図書費	0.0	0.0	0.0	0.0	0.0	0.0	営業部	経費	新聞図書費
202604	310A10800	32	雑給	6000.0	6000.0	0.0	0.0	0.0	0.0	営業部	経費	雑給
202604	310A10800	33	社内金利（固定資産）	54147.0	54147.0	54500.0	0.1	100.6	100.6	営業部	経費	社内金利（固定資産）
202604	310A10800	34	社内金利（売掛金）	128386.0	128386.0	28345.0	0.0	22.0	22.0	営業部	経費	社内金利（売掛金）
202604	310A10800	35	部門共通（経費）	0.0	0.0	0.0	0.0	0.0	0.0	営業部	経費	部門共通（経費）
202604	310A10800	36	グループ共通	2136000.0	2136000.0	86000.0	0.1	4.0	4.0	営業部	経費	グループ共通
202604	310A10800	37	差引収益	3709446.0	4004973.0	3769922.0	8.1	94.1	101.6	営業部		
202604	310A10800	38	差引比率	10.0	10.3	8.1		78.6	81.0	営業部		
202604	310A10800	39	総時間	1331.0	1331.0	1381.5		103.7	103.7	営業部		
202604	310A10800	40	定時間	1230.0	1230.0	1196.5		97.2	97.2	営業部	時間	
202604	310A10800	41	残業時間	101.0	101.0	185.0		183.1	183.1	営業部	時間	
202604	310A10800	42	移動時間	0.0	0.0	0.0		0.0	0.0	営業部	時間	
202604	310A10800	43	部門共通（時間）	0.0	0.0	0.0		0.0	0.0	営業部	時間	
202604	310A10800	44	当月時間当り	2786.9	3008.9	2728.8		90.6	97.9	営業部		
202604	310A10800	45	人員	7.0	7.0	7.0		100.0	100.0	営業部		
202605	310A10800	1	総受注高	42940000.0	48340000.0	37446658.0		77.4	87.2	営業部	受注	
202605	310A10800	2	総売上高	42940000.0	48340000.0	37446658.0		77.4	87.2	営業部		
202605	310A10800	3	売上高	43340000.0	48740000.0	37922206.0		77.8	87.4	営業部	売上	
202605	310A10800	4	売上値引	-400000.0	-400000.0	-475548.0		0.0	0.0	営業部	売上	
202605	310A10800	5	売上原価	34840000.0	39970000.0	30539940.0		76.4	87.6	営業部		
202605	310A10800	6	総収益	8100000.0	8370000.0	6906718.0	18.4	82.5	85.2	営業部		
202605	310A10800	7	経費合計	3900850.0	3900850.0	3796064.0	10.1	97.3	97.3	営業部		
202605	310A10800	8	減価償却費	161156.0	161156.0	209034.0	0.5	129.7	129.7	営業部	経費	減価償却費
202605	310A10800	9	車両費	129720.0	129720.0	138232.0	0.3	106.5	106.5	営業部	経費	車両費
202605	310A10800	10	旅費交通費	50000.0	50000.0	0.0	0.0	0.0	0.0	営業部	経費	旅費交通費
202605	310A10800	11	荷造運搬費	153000.0	153000.0	200926.0	0.5	131.3	131.3	営業部	経費	荷造運搬費
202605	310A10800	12	通信費	46100.0	46100.0	56976.0	0.1	123.5	123.5	営業部	経費	通信費
202605	310A10800	13	水道光熱費	74800.0	74800.0	68730.0	0.1	91.8	91.8	営業部	経費	水道光熱費
202605	310A10800	14	事務用品費	8800.0	8800.0	9266.0	0.0	105.2	105.2	営業部	経費	事務用品費
202605	310A10800	15	消耗品費	6300.0	6300.0	849.0	0.0	13.4	13.4	営業部	経費	消耗品費
202605	310A10800	16	広告宣伝費	151600.0	151600.0	129411.0	0.3	85.3	85.3	営業部	経費	広告宣伝費
202605	310A10800	17	接待交際費	21820.0	21820.0	0.0	0.0	0.0	0.0	営業部	経費	接待交際費
202605	310A10800	18	賃借料	371500.0	371500.0	369910.0	0.9	99.5	99.5	営業部	経費	賃借料
202605	310A10800	19	修繕費	0.0	0.0	0.0	0.0	0.0	0.0	営業部	経費	修繕費
202605	310A10800	20	支払リース料	9100.0	9100.0	9100.0	0.0	100.0	100.0	営業部	経費	支払リース料
202605	310A10800	21	保険料	0.0	0.0	0.0	0.0	0.0	0.0	営業部	経費	保険料
202605	310A10800	22	支払手数料	103600.0	103600.0	161394.0	0.4	155.7	155.7	営業部	経費	支払手数料
202605	310A10800	23	諸会費	0.0	0.0	6000.0	0.0	0.0	0.0	営業部	経費	諸会費
202605	310A10800	24	会議費	0.0	0.0	0.0	0.0	0.0	0.0	営業部	経費	会議費
202605	310A10800	25	寄付金	0.0	0.0	0.0	0.0	0.0	0.0	営業部	経費	寄付金
202605	310A10800	26	租税公課	7000.0	7000.0	1200.0	0.0	17.1	17.1	営業部	経費	租税公課
202605	310A10800	27	貸倒金	0.0	0.0	0.0	0.0	0.0	0.0	営業部	経費	貸倒金
202605	310A10800	28	情報機器利用料	150800.0	150800.0	136882.0	0.3	90.7	90.7	営業部	経費	情報機器利用料
202605	310A10800	29	雑費	119100.0	119100.0	8459.0	0.0	7.1	7.1	営業部	経費	雑費
202605	310A10800	30	新聞図書費	0.0	0.0	0.0	0.0	0.0	0.0	営業部	経費	新聞図書費
202605	310A10800	32	雑給	6000.0	6000.0	44000.0	0.1	733.3	733.3	営業部	経費	雑給
202605	310A10800	33	社内金利（固定資産）	53341.0	53341.0	60895.0	0.1	114.1	114.1	営業部	経費	社内金利（固定資産）
202605	310A10800	34	社内金利（売掛金）	141113.0	141113.0	43938.0	0.1	31.1	31.1	営業部	経費	社内金利（売掛金）
202605	310A10800	35	部門共通（経費）	0.0	0.0	0.0	0.0	0.0	0.0	営業部	経費	部門共通（経費）
202605	310A10800	36	グループ共通	2136000.0	2136000.0	86000.0	0.2	4.0	4.0	営業部	経費	グループ共通
202605	310A10800	37	差引収益	4199150.0	4469150.0	3110654.0	8.3	69.6	74.0	営業部		
202605	310A10800	38	差引比率	9.7	9.2	8.3		90.2	85.5	営業部		
202605	310A10800	39	総時間	1165.0	1220.0	1076.5		88.2	92.4	営業部		
202605	310A10800	40	定時間	1068.0	960.0	933.0		97.1	87.3	営業部	時間	
202605	310A10800	41	残業時間	97.0	92.0	134.5		146.1	138.6	営業部	時間	
202605	310A10800	42	移動時間	0.0	168.0	9.0		5.3	0.0	営業部	時間	
202605	310A10800	43	部門共通（時間）	0.0	0.0	0.0		0.0	0.0	営業部	時間	
202605	310A10800	44	当月時間当り	3604.4	3663.2	2889.5		78.8	80.1	営業部		
202605	310A10800	45	人員	7.0	6.0	6.0		100.0	85.7	営業部		
202604	310D10100	1	総受注高	10100000.0	10100000.0	6116419.0		60.5	60.5	園芸センター	受注	
202604	310D10100	2	総売上高	10100000.0	10100000.0	6116419.0		60.5	60.5	園芸センター		
202604	310D10100	3	売上高	10100000.0	10100000.0	6124009.0		60.6	60.6	園芸センター	売上	
202604	310D10100	4	売上値引	0.0	0.0	-7590.0		0.0	0.0	園芸センター	売上	
202604	310D10100	5	売上原価	6890000.0	6890000.0	4047692.0		58.7	58.7	園芸センター		
202604	310D10100	6	総収益	3210000.0	3210000.0	2068727.0	33.8	64.4	64.4	園芸センター		
202604	310D10100	7	経費合計	1980135.0	1954608.0	598699.0	9.7	30.6	30.2	園芸センター		
202604	310D10100	8	減価償却費	161156.0	161156.0	0.0	0.0	0.0	0.0	園芸センター	経費	減価償却費
202604	310D10100	9	車両費	20160.0	20160.0	10576.0	0.1	52.4	52.4	園芸センター	経費	車両費
202604	310D10100	10	旅費交通費	0.0	0.0	0.0	0.0	0.0	0.0	園芸センター	経費	旅費交通費
202604	310D10100	11	荷造運搬費	0.0	0.0	0.0	0.0	0.0	0.0	園芸センター	経費	荷造運搬費
202604	310D10100	12	通信費	32270.0	32270.0	29563.0	0.4	91.6	91.6	園芸センター	経費	通信費
202604	310D10100	13	水道光熱費	92000.0	92000.0	0.0	0.0	0.0	0.0	園芸センター	経費	水道光熱費
202604	310D10100	14	事務用品費	10450.0	10450.0	3468.0	0.0	33.1	33.1	園芸センター	経費	事務用品費
202604	310D10100	15	消耗品費	58200.0	58200.0	2000.0	0.0	3.4	3.4	園芸センター	経費	消耗品費
202604	310D10100	16	広告宣伝費	800.0	800.0	0.0	0.0	0.0	0.0	園芸センター	経費	広告宣伝費
202604	310D10100	17	接待交際費	0.0	0.0	0.0	0.0	0.0	0.0	園芸センター	経費	接待交際費
202604	310D10100	18	賃借料	321500.0	321500.0	335819.0	5.4	104.4	104.4	園芸センター	経費	賃借料
202604	310D10100	19	修繕費	0.0	0.0	0.0	0.0	0.0	0.0	園芸センター	経費	修繕費
202604	310D10100	20	支払リース料	9100.0	9100.0	9100.0	0.1	100.0	100.0	園芸センター	経費	支払リース料
202604	310D10100	21	保険料	0.0	0.0	0.0	0.0	0.0	0.0	園芸センター	経費	保険料
202604	310D10100	22	支払手数料	48900.0	48900.0	78273.0	1.2	160.0	160.0	園芸センター	経費	支払手数料
202604	310D10100	23	諸会費	0.0	0.0	0.0	0.0	0.0	0.0	園芸センター	経費	諸会費
202604	310D10100	24	会議費	0.0	0.0	0.0	0.0	0.0	0.0	園芸センター	経費	会議費
202604	310D10100	25	寄付金	0.0	0.0	0.0	0.0	0.0	0.0	園芸センター	経費	寄付金
202604	310D10100	26	租税公課	1000.0	1000.0	0.0	0.0	0.0	0.0	園芸センター	経費	租税公課
202604	310D10100	27	貸倒金	0.0	0.0	0.0	0.0	0.0	0.0	園芸センター	経費	貸倒金
202604	310D10100	28	情報機器利用料	75400.0	75400.0	75400.0	1.2	100.0	100.0	園芸センター	経費	情報機器利用料
202604	310D10100	29	雑費	29527.0	4000.0	0.0	0.0	0.0	0.0	園芸センター	経費	雑費
202604	310D10100	30	新聞図書費	0.0	0.0	0.0	0.0	0.0	0.0	園芸センター	経費	新聞図書費
202604	310D10100	32	雑給	0.0	0.0	0.0	0.0	0.0	0.0	園芸センター	経費	雑給
202604	310D10100	33	社内金利（固定資産）	54147.0	54147.0	54500.0	0.8	100.6	100.6	園芸センター	経費	社内金利（固定資産）
202604	310D10100	34	社内金利（売掛金）	1807.0	1807.0	0.0	0.0	0.0	0.0	園芸センター	経費	社内金利（売掛金）
202604	310D10100	35	部門共通（経費）	0.0	0.0	0.0	0.0	0.0	0.0	園芸センター	経費	部門共通（経費）
202604	310D10100	36	グループ共通	1063000.0	1063000.0	0.0	0.0	0.0	0.0	園芸センター	経費	グループ共通
202604	310D10100	37	差引収益	1229865.0	1255392.0	1470028.0	24.0	117.0	119.5	園芸センター		
202604	310D10100	38	差引比率	12.1	12.4	24.0		193.5	198.3	園芸センター		
202604	310D10100	39	総時間	743.0	743.0	823.0		110.7	110.7	園芸センター		
202604	310D10100	40	定時間	678.0	678.0	686.5		101.2	101.2	園芸センター	時間	
202604	310D10100	41	残業時間	65.0	65.0	136.5		210.0	210.0	園芸センター	時間	
202604	310D10100	42	移動時間	0.0	0.0	0.0		0.0	0.0	園芸センター	時間	
202604	310D10100	43	部門共通（時間）	0.0	0.0	0.0		0.0	0.0	園芸センター	時間	
202604	310D10100	44	当月時間当り	1655.2	1689.6	1786.1		105.7	107.9	園芸センター		
202604	310D10100	45	人員	4.0	4.0	4.0		100.0	100.0	園芸センター		
202605	310D10100	1	総受注高	9780000.0	9780000.0	6521427.0		66.6	66.6	園芸センター	受注	
202605	310D10100	2	総売上高	9780000.0	9780000.0	6521427.0		66.6	66.6	園芸センター		
202605	310D10100	3	売上高	9780000.0	9780000.0	6526427.0		66.7	66.7	園芸センター	売上	
202605	310D10100	4	売上値引	0.0	0.0	-5000.0		0.0	0.0	園芸センター	売上	
202605	310D10100	5	売上原価	6850000.0	6850000.0	4030712.0		58.8	58.8	園芸センター		
202605	310D10100	6	総収益	2930000.0	2930000.0	2490715.0	38.1	85.0	85.0	園芸センター		
202605	310D10100	7	経費合計	2149687.0	2149687.0	3322137.0	50.9	154.5	154.5	園芸センター		
202605	310D10100	8	減価償却費	161156.0	161156.0	368468.0	5.6	228.6	228.6	園芸センター	経費	減価償却費
202605	310D10100	9	車両費	15160.0	15160.0	15905.0	0.2	104.9	104.9	園芸センター	経費	車両費
202605	310D10100	10	旅費交通費	0.0	0.0	0.0	0.0	0.0	0.0	園芸センター	経費	旅費交通費
202605	310D10100	11	荷造運搬費	0.0	0.0	0.0	0.0	0.0	0.0	園芸センター	経費	荷造運搬費
202605	310D10100	12	通信費	32300.0	32300.0	41737.0	0.6	129.2	129.2	園芸センター	経費	通信費
202605	310D10100	13	水道光熱費	74800.0	74800.0	68730.0	1.0	91.8	91.8	園芸センター	経費	水道光熱費
202605	310D10100	14	事務用品費	2500.0	2500.0	2207.0	0.0	88.2	88.2	園芸センター	経費	事務用品費
202605	310D10100	15	消耗品費	6300.0	6300.0	849.0	0.0	13.4	13.4	園芸センター	経費	消耗品費
202605	310D10100	16	広告宣伝費	121600.0	121600.0	129411.0	1.9	106.4	106.4	園芸センター	経費	広告宣伝費
202605	310D10100	17	接待交際費	21820.0	21820.0	0.0	0.0	0.0	0.0	園芸センター	経費	接待交際費
202605	310D10100	18	賃借料	321500.0	321500.0	319910.0	4.9	99.5	99.5	園芸センター	経費	賃借料
202605	310D10100	19	修繕費	0.0	0.0	0.0	0.0	0.0	0.0	園芸センター	経費	修繕費
202605	310D10100	20	支払リース料	9100.0	9100.0	9100.0	0.1	100.0	100.0	園芸センター	経費	支払リース料
202605	310D10100	21	保険料	0.0	0.0	0.0	0.0	0.0	0.0	園芸センター	経費	保険料
202605	310D10100	22	支払手数料	68900.0	68900.0	95293.0	1.4	138.3	138.3	園芸センター	経費	支払手数料
202605	310D10100	23	諸会費	0.0	0.0	6000.0	0.0	0.0	0.0	園芸センター	経費	諸会費
202605	310D10100	24	会議費	0.0	0.0	0.0	0.0	0.0	0.0	園芸センター	経費	会議費
202605	310D10100	25	寄付金	0.0	0.0	0.0	0.0	0.0	0.0	園芸センター	経費	寄付金
202605	310D10100	26	租税公課	1000.0	1000.0	600.0	0.0	60.0	60.0	園芸センター	経費	租税公課
202605	310D10100	27	貸倒金	0.0	0.0	0.0	0.0	0.0	0.0	園芸センター	経費	貸倒金
202605	310D10100	28	情報機器利用料	75400.0	75400.0	61480.0	0.9	81.5	81.5	園芸センター	経費	情報機器利用料
202605	310D10100	29	雑費	119100.0	119100.0	7800.0	0.1	6.5	6.5	園芸センター	経費	雑費
202605	310D10100	30	新聞図書費	0.0	0.0	0.0	0.0	0.0	0.0	園芸センター	経費	新聞図書費
202605	310D10100	32	雑給	0.0	0.0	0.0	0.0	0.0	0.0	園芸センター	経費	雑給
202605	310D10100	33	社内金利（固定資産）	53341.0	53341.0	60895.0	0.9	114.1	114.1	園芸センター	経費	社内金利（固定資産）
202605	310D10100	34	社内金利（売掛金）	2710.0	2710.0	2890.0	0.0	106.6	106.6	園芸センター	経費	社内金利（売掛金）
202605	310D10100	35	部門共通（経費）	0.0	0.0	0.0	0.0	0.0	0.0	園芸センター	経費	部門共通（経費）
202605	310D10100	36	グループ共通	1063000.0	1063000.0	86000.0	1.3	8.0	8.0	園芸センター	経費	グループ共通
202605	310D10100	37	差引収益	780313.0	780313.0	-831422.0	0.0	0.0	0.0	園芸センター		
202605	310D10100	38	差引比率	7.9	7.9	-12.7		0.0	0.0	園芸センター		
202605	310D10100	39	総時間	661.0	716.0	575.25		80.3	87.0	園芸センター		
202605	310D10100	40	定時間	596.0	488.0	444.0		90.9	74.4	園芸センター	時間	
202605	310D10100	41	残業時間	65.0	60.0	102.25		170.4	157.3	園芸センター	時間	
202605	310D10100	42	移動時間	0.0	168.0	29.0		17.2	0.0	園芸センター	時間	
202605	310D10100	43	部門共通（時間）	0.0	0.0	0.0		0.0	0.0	園芸センター	時間	
202605	310D10100	44	当月時間当り	1180.5	1089.8	-1445.3		0.0	0.0	園芸センター		
202605	310D10100	45	人員	4.0	3.0	3.0		100.0	75.0	園芸センター		
202604	013090200	1	総受注高	0.0	0.0	0.0		0.0	0.0	本社収支	受注	
202604	013090200	2	総売上高	0.0	0.0	0.0		0.0	0.0	本社収支		
202604	013090200	3	売上高	0.0	0.0	0.0		0.0	0.0	本社収支	売上	
202604	013090200	4	売上値引	0.0	0.0	0.0		0.0	0.0	本社収支	売上	
202604	013090200	5	売上原価	0.0	0.0	0.0		0.0	0.0	本社収支		
202604	013090200	6	総収益	0.0	0.0	0.0	0.0	0.0	0.0	本社収支		
202604	013090200	7	経費合計	-182533.0	-182533.0	-82845.0	0.0	0.0	0.0	本社収支		
202604	013090200	8	減価償却費	0.0	0.0	0.0	0.0	0.0	0.0	本社収支	経費	減価償却費
202604	013090200	9	車両費	0.0	0.0	0.0	0.0	0.0	0.0	本社収支	経費	車両費
202604	013090200	10	旅費交通費	0.0	0.0	0.0	0.0	0.0	0.0	本社収支	経費	旅費交通費
202604	013090200	11	荷造運搬費	0.0	0.0	0.0	0.0	0.0	0.0	本社収支	経費	荷造運搬費
202604	013090200	12	通信費	0.0	0.0	0.0	0.0	0.0	0.0	本社収支	経費	通信費
202604	013090200	13	水道光熱費	0.0	0.0	0.0	0.0	0.0	0.0	本社収支	経費	水道光熱費
202604	013090200	14	事務用品費	0.0	0.0	0.0	0.0	0.0	0.0	本社収支	経費	事務用品費
202604	013090200	15	消耗品費	0.0	0.0	0.0	0.0	0.0	0.0	本社収支	経費	消耗品費
202604	013090200	16	広告宣伝費	0.0	0.0	0.0	0.0	0.0	0.0	本社収支	経費	広告宣伝費
202604	013090200	17	接待交際費	0.0	0.0	0.0	0.0	0.0	0.0	本社収支	経費	接待交際費
202604	013090200	18	賃借料	0.0	0.0	0.0	0.0	0.0	0.0	本社収支	経費	賃借料
202604	013090200	19	修繕費	0.0	0.0	0.0	0.0	0.0	0.0	本社収支	経費	修繕費
202604	013090200	20	支払リース料	0.0	0.0	0.0	0.0	0.0	0.0	本社収支	経費	支払リース料
202604	013090200	21	保険料	0.0	0.0	0.0	0.0	0.0	0.0	本社収支	経費	保険料
202604	013090200	22	支払手数料	0.0	0.0	0.0	0.0	0.0	0.0	本社収支	経費	支払手数料
202604	013090200	23	諸会費	0.0	0.0	0.0	0.0	0.0	0.0	本社収支	経費	諸会費
202604	013090200	24	会議費	0.0	0.0	0.0	0.0	0.0	0.0	本社収支	経費	会議費
202604	013090200	25	寄付金	0.0	0.0	0.0	0.0	0.0	0.0	本社収支	経費	寄付金
202604	013090200	26	租税公課	0.0	0.0	0.0	0.0	0.0	0.0	本社収支	経費	租税公課
202604	013090200	27	貸倒金	0.0	0.0	0.0	0.0	0.0	0.0	本社収支	経費	貸倒金
202604	013090200	28	情報機器利用料	0.0	0.0	0.0	0.0	0.0	0.0	本社収支	経費	情報機器利用料
202604	013090200	29	雑費	0.0	0.0	0.0	0.0	0.0	0.0	本社収支	経費	雑費
202604	013090200	30	新聞図書費	0.0	0.0	0.0	0.0	0.0	0.0	本社収支	経費	新聞図書費
202604	013090200	32	雑給	0.0	0.0	0.0	0.0	0.0	0.0	本社収支	経費	雑給
202604	013090200	33	社内金利（固定資産）	-54147.0	-54147.0	-54500.0	0.0	0.0	0.0	本社収支	経費	社内金利（固定資産）
202604	013090200	34	社内金利（売掛金）	-128386.0	-128386.0	-28345.0	0.0	0.0	0.0	本社収支	経費	社内金利（売掛金）
202604	013090200	35	部門共通（経費）	0.0	0.0	0.0	0.0	0.0	0.0	本社収支	経費	部門共通（経費）
202604	013090200	36	グループ共通	0.0	0.0	0.0	0.0	0.0	0.0	本社収支	経費	グループ共通
202604	013090200	37	差引収益	182533.0	182533.0	82845.0	0.0	45.3	45.3	本社収支		
202604	013090200	38	差引比率	0.0	0.0	0.0		0.0	0.0	本社収支		
202604	013090200	39	総時間	0.0	0.0	0.0		0.0	0.0	本社収支		
202604	013090200	40	定時間	0.0	0.0	0.0		0.0	0.0	本社収支	時間	
202604	013090200	41	残業時間	0.0	0.0	0.0		0.0	0.0	本社収支	時間	
202604	013090200	42	移動時間	0.0	0.0	0.0		0.0	0.0	本社収支	時間	
202604	013090200	43	部門共通（時間）	0.0	0.0	0.0		0.0	0.0	本社収支	時間	
202604	013090200	44	当月時間当り	0.0	0.0	0.0		0.0	0.0	本社収支		
202604	013090200	45	人員	0.0	0.0	0.0		0.0	0.0	本社収支		
202605	013090200	1	総受注高	0.0	0.0	0.0		0.0	0.0	本社収支	受注	
202605	013090200	2	総売上高	0.0	0.0	0.0		0.0	0.0	本社収支		
202605	013090200	3	売上高	0.0	0.0	0.0		0.0	0.0	本社収支	売上	
202605	013090200	4	売上値引	0.0	0.0	0.0		0.0	0.0	本社収支	売上	
202605	013090200	5	売上原価	0.0	0.0	0.0		0.0	0.0	本社収支		
202605	013090200	6	総収益	0.0	0.0	0.0	0.0	0.0	0.0	本社収支		
202605	013090200	7	経費合計	-194454.0	-194454.0	-104833.0	0.0	0.0	0.0	本社収支		
202605	013090200	8	減価償却費	0.0	0.0	0.0	0.0	0.0	0.0	本社収支	経費	減価償却費
202605	013090200	9	車両費	0.0	0.0	0.0	0.0	0.0	0.0	本社収支	経費	車両費
202605	013090200	10	旅費交通費	0.0	0.0	0.0	0.0	0.0	0.0	本社収支	経費	旅費交通費
202605	013090200	11	荷造運搬費	0.0	0.0	0.0	0.0	0.0	0.0	本社収支	経費	荷造運搬費
202605	013090200	12	通信費	0.0	0.0	0.0	0.0	0.0	0.0	本社収支	経費	通信費
202605	013090200	13	水道光熱費	0.0	0.0	0.0	0.0	0.0	0.0	本社収支	経費	水道光熱費
202605	013090200	14	事務用品費	0.0	0.0	0.0	0.0	0.0	0.0	本社収支	経費	事務用品費
202605	013090200	15	消耗品費	0.0	0.0	0.0	0.0	0.0	0.0	本社収支	経費	消耗品費
202605	013090200	16	広告宣伝費	0.0	0.0	0.0	0.0	0.0	0.0	本社収支	経費	広告宣伝費
202605	013090200	17	接待交際費	0.0	0.0	0.0	0.0	0.0	0.0	本社収支	経費	接待交際費
202605	013090200	18	賃借料	0.0	0.0	0.0	0.0	0.0	0.0	本社収支	経費	賃借料
202605	013090200	19	修繕費	0.0	0.0	0.0	0.0	0.0	0.0	本社収支	経費	修繕費
202605	013090200	20	支払リース料	0.0	0.0	0.0	0.0	0.0	0.0	本社収支	経費	支払リース料
202605	013090200	21	保険料	0.0	0.0	0.0	0.0	0.0	0.0	本社収支	経費	保険料
202605	013090200	22	支払手数料	0.0	0.0	0.0	0.0	0.0	0.0	本社収支	経費	支払手数料
202605	013090200	23	諸会費	0.0	0.0	0.0	0.0	0.0	0.0	本社収支	経費	諸会費
202605	013090200	24	会議費	0.0	0.0	0.0	0.0	0.0	0.0	本社収支	経費	会議費
202605	013090200	25	寄付金	0.0	0.0	0.0	0.0	0.0	0.0	本社収支	経費	寄付金
202605	013090200	26	租税公課	0.0	0.0	0.0	0.0	0.0	0.0	本社収支	経費	租税公課
202605	013090200	27	貸倒金	0.0	0.0	0.0	0.0	0.0	0.0	本社収支	経費	貸倒金
202605	013090200	28	情報機器利用料	0.0	0.0	0.0	0.0	0.0	0.0	本社収支	経費	情報機器利用料
202605	013090200	29	雑費	0.0	0.0	0.0	0.0	0.0	0.0	本社収支	経費	雑費
202605	013090200	30	新聞図書費	0.0	0.0	0.0	0.0	0.0	0.0	本社収支	経費	新聞図書費
202605	013090200	32	雑給	0.0	0.0	0.0	0.0	0.0	0.0	本社収支	経費	雑給
202605	013090200	33	社内金利（固定資産）	-53341.0	-53341.0	-60895.0	0.0	0.0	0.0	本社収支	経費	社内金利（固定資産）
202605	013090200	34	社内金利（売掛金）	-141113.0	-141113.0	-43938.0	0.0	0.0	0.0	本社収支	経費	社内金利（売掛金）
202605	013090200	35	部門共通（経費）	0.0	0.0	0.0	0.0	0.0	0.0	本社収支	経費	部門共通（経費）
202605	013090200	36	グループ共通	0.0	0.0	0.0	0.0	0.0	0.0	本社収支	経費	グループ共通
202605	013090200	37	差引収益	194454.0	194454.0	104833.0	0.0	53.9	53.9	本社収支		
202605	013090200	38	差引比率	0.0	0.0	0.0		0.0	0.0	本社収支		
202605	013090200	39	総時間	0.0	0.0	0.0		0.0	0.0	本社収支		
202605	013090200	40	定時間	0.0	0.0	0.0		0.0	0.0	本社収支	時間	
202605	013090200	41	残業時間	0.0	0.0	0.0		0.0	0.0	本社収支	時間	
202605	013090200	42	移動時間	0.0	0.0	0.0		0.0	0.0	本社収支	時間	
202605	013090200	43	部門共通（時間）	0.0	0.0	0.0		0.0	0.0	本社収支	時間	
202605	013090200	44	当月時間当り	0.0	0.0	0.0		0.0	0.0	本社収支		
202605	013090200	45	人員	0.0	0.0	0.0		0.0	0.0	本社収支		
202603	310A10500	1	総受注高	34220000.0	58560000.0	60853127.0		103.9	177.8	アグリコ	受注	
202603	310A10500	2	総売上高	34220000.0	58560000.0	60853127.0		103.9	177.8	アグリコ		
202603	310A10500	3	売上高	34770000.0	59110000.0	62238196.0		105.2	178.9	アグリコ	売上	
202603	310A10500	4	売上値引	-550000.0	-550000.0	-1385069.0		0.0	0.0	アグリコ	売上	
202603	310A10500	5	売上原価	29580000.0	50650000.0	51190135.0		101.0	173.0	アグリコ		
202603	310A10500	6	総収益	4640000.0	7910000.0	9662992.0	15.8	122.1	208.2	アグリコ		
202603	310A10500	7	経費合計	1784173.0	1853773.0	1910591.0	3.1	103.0	107.0	アグリコ		
202603	310A10500	8	減価償却費	0.0	0.0	0.0	0.0	0.0	0.0	アグリコ	経費	減価償却費
202603	310A10500	9	車輛費	82000.0	82000.0	52639.0	0.0	64.1	64.1	アグリコ	経費	車輛費
202603	310A10500	10	旅費交通費	70000.0	70000.0	35600.0	0.0	50.8	50.8	アグリコ	経費	旅費交通費
202603	310A10500	11	運賃	335000.0	135000.0	102410.0	0.1	75.8	30.5	アグリコ	経費	運賃
202603	310A10500	12	通信費	11440.0	11440.0	21502.0	0.0	187.9	187.9	アグリコ	経費	通信費
202603	310A10500	13	水道光熱費	0.0	0.0	0.0	0.0	0.0	0.0	アグリコ	経費	水道光熱費
202603	310A10500	14	事務用品費	13900.0	233900.0	286625.0	0.4	122.5		アグリコ	経費	事務用品費
202603	310A10500	15	備品消耗品費	1000.0	1000.0	405.0	0.0	40.5	40.5	アグリコ	経費	備品消耗品費
202603	310A10500	16	広告宣伝費	0.0	0.0	4330.0	0.0	0.0	0.0	アグリコ	経費	広告宣伝費
202603	310A10500	17	交際費	3000.0	3000.0	0.0	0.0	0.0	0.0	アグリコ	経費	交際費
202603	310A10500	18	賃借料	50000.0	50000.0	50000.0	0.0	100.0	100.0	アグリコ	経費	賃借料
202603	310A10500	19	修繕費	0.0	0.0	0.0	0.0	0.0	0.0	アグリコ	経費	修繕費
202603	310A10500	20	リース料	35000.0	35000.0	35000.0	0.0	100.0	100.0	アグリコ	経費	リース料
202603	310A10500	21	保険料	24963.0	23013.0	33657.0	0.0	146.2	134.8	アグリコ	経費	保険料
202603	310A10500	22	支払手数料	28220.0	63220.0	111263.0	0.1	175.9	394.2	アグリコ	経費	支払手数料
202603	310A10500	23	諸会費	0.0	0.0	0.0	0.0	0.0	0.0	アグリコ	経費	諸会費
202603	310A10500	24	会議費	0.0	0.0	0.0	0.0	0.0	0.0	アグリコ	経費	会議費
202603	310A10500	25	寄附金	0.0	0.0	0.0	0.0	0.0	0.0	アグリコ	経費	寄附金
202603	310A10500	26	租税公課	6000.0	6000.0	0.0	0.0	0.0	0.0	アグリコ	経費	租税公課
202603	310A10500	27	貸倒金	0.0	0.0	0.0	0.0	0.0	0.0	アグリコ	経費	貸倒金
202603	310A10500	28	情報機器利用料	49650.0	66200.0	66200.0	0.1	100.0	133.3	アグリコ	経費	情報機器利用料
202603	310A10500	29	雑費	0.0	0.0	0.0	0.0	0.0	0.0	アグリコ	経費	雑費
202603	310A10500	30	新聞図書費	0.0	0.0	0.0	0.0	0.0	0.0	アグリコ	経費	新聞図書費
202603	310A10500	32	雑給	0.0	0.0	36960.0	0.0	0.0	0.0	アグリコ	経費	雑給
202603	310A10500	33	社内金利（固定資産）	0.0	0.0	0.0	0.0	0.0	0.0	アグリコ	経費	社内金利（固定資産）
202603	310A10500	34	社内金利（売掛金）	0.0	0.0	0.0	0.0	0.0	0.0	アグリコ	経費	社内金利（売掛金）
202603	310A10500	35	部門共通（経費）	0.0	0.0	0.0	0.0	0.0	0.0	アグリコ	経費	部門共通（経費）
202603	310A10500	36	グループ共通	1074000.0	1074000.0	1074000.0	1.7	100.0	100.0	アグリコ	経費	グループ共通
202603	310A10500	37	差引収益	2855827.0	6056227.0	7752401.0	12.7	128.0	271.4	アグリコ		
202603	310A10500	38	差引比率	8.3	10.3	12.7		123.3	153.0	アグリコ		
202603	310A10500	39	総時間	543.0	583.0	621.0		106.5	114.3	アグリコ		
202603	310A10500	40	定時間	515.0	552.0	560.0		101.4	108.7	アグリコ	時間	
202603	310A10500	41	残業時間	28.0	31.0	61.0		196.7	217.8	アグリコ	時間	
202603	310A10500	42	移動時間	0.0	0.0	0.0		0.0	0.0	アグリコ	時間	
202603	310A10500	43	部門共通（時間）	0.0	0.0	0.0		0.0	0.0	アグリコ	時間	
202603	310A10500	44	当月時間当り	5259.3	10388.0	12483.7		120.1	237.3	アグリコ		
202603	310A10500	45	人員	3.0	3.0	3.0		100.0	100.0	アグリコ		
202603	013000000	1	総受注高	34220000.0	58560000.0	60853127.0		103.9	177.8	㈱アグリコ	受注	
202603	013000000	2	総売上高	34220000.0	58560000.0	60853127.0		103.9	177.8	㈱アグリコ		
202603	013000000	3	売上高	34770000.0	59110000.0	62238196.0		105.2	178.9	㈱アグリコ	売上	
202603	013000000	4	売上値引	-550000.0	-550000.0	-1385069.0		0.0	0.0	㈱アグリコ	売上	
202603	013000000	5	売上原価	29580000.0	50650000.0	51190135.0		101.0	173.0	㈱アグリコ		
202603	013000000	6	総収益	4640000.0	7910000.0	9662992.0	15.8	122.1	208.2	㈱アグリコ		
202603	013000000	7	経費合計	1784173.0	1853773.0	1910591.0	3.1	103.0	107.0	㈱アグリコ		
202603	013000000	8	減価償却費	0.0	0.0	0.0	0.0	0.0	0.0	㈱アグリコ	経費	減価償却費
202603	013000000	9	車輛費	82000.0	82000.0	52639.0	0.0	64.1	64.1	㈱アグリコ	経費	車輛費
202603	013000000	10	旅費交通費	70000.0	70000.0	35600.0	0.0	50.8	50.8	㈱アグリコ	経費	旅費交通費
202603	013000000	11	運賃	335000.0	135000.0	102410.0	0.1	75.8	30.5	㈱アグリコ	経費	運賃
202603	013000000	12	通信費	11440.0	11440.0	21502.0	0.0	187.9	187.9	㈱アグリコ	経費	通信費
202603	013000000	13	水道光熱費	0.0	0.0	0.0	0.0	0.0	0.0	㈱アグリコ	経費	水道光熱費
202603	013000000	14	事務用品費	13900.0	233900.0	286625.0	0.4	122.5		㈱アグリコ	経費	事務用品費
202603	013000000	15	備品消耗品費	1000.0	1000.0	405.0	0.0	40.5	40.5	㈱アグリコ	経費	備品消耗品費
202603	013000000	16	広告宣伝費	0.0	0.0	4330.0	0.0	0.0	0.0	㈱アグリコ	経費	広告宣伝費
202603	013000000	17	交際費	3000.0	3000.0	0.0	0.0	0.0	0.0	㈱アグリコ	経費	交際費
202603	013000000	18	賃借料	50000.0	50000.0	50000.0	0.0	100.0	100.0	㈱アグリコ	経費	賃借料
202603	013000000	19	修繕費	0.0	0.0	0.0	0.0	0.0	0.0	㈱アグリコ	経費	修繕費
202603	013000000	20	リース料	35000.0	35000.0	35000.0	0.0	100.0	100.0	㈱アグリコ	経費	リース料
202603	013000000	21	保険料	24963.0	23013.0	33657.0	0.0	146.2	134.8	㈱アグリコ	経費	保険料
202603	013000000	22	支払手数料	28220.0	63220.0	111263.0	0.1	175.9	394.2	㈱アグリコ	経費	支払手数料
202603	013000000	23	諸会費	0.0	0.0	0.0	0.0	0.0	0.0	㈱アグリコ	経費	諸会費
202603	013000000	24	会議費	0.0	0.0	0.0	0.0	0.0	0.0	㈱アグリコ	経費	会議費
202603	013000000	25	寄附金	0.0	0.0	0.0	0.0	0.0	0.0	㈱アグリコ	経費	寄附金
202603	013000000	26	租税公課	6000.0	6000.0	0.0	0.0	0.0	0.0	㈱アグリコ	経費	租税公課
202603	013000000	27	貸倒金	0.0	0.0	0.0	0.0	0.0	0.0	㈱アグリコ	経費	貸倒金
202603	013000000	28	情報機器利用料	49650.0	66200.0	66200.0	0.1	100.0	133.3	㈱アグリコ	経費	情報機器利用料
202603	013000000	29	雑費	0.0	0.0	0.0	0.0	0.0	0.0	㈱アグリコ	経費	雑費
202603	013000000	30	新聞図書費	0.0	0.0	0.0	0.0	0.0	0.0	㈱アグリコ	経費	新聞図書費
202603	013000000	32	雑給	0.0	0.0	36960.0	0.0	0.0	0.0	㈱アグリコ	経費	雑給
202603	013000000	33	社内金利（固定資産）	0.0	0.0	0.0	0.0	0.0	0.0	㈱アグリコ	経費	社内金利（固定資産）
202603	013000000	34	社内金利（売掛金）	0.0	0.0	0.0	0.0	0.0	0.0	㈱アグリコ	経費	社内金利（売掛金）
202603	013000000	35	部門共通（経費）	0.0	0.0	0.0	0.0	0.0	0.0	㈱アグリコ	経費	部門共通（経費）
202603	013000000	36	グループ共通	1074000.0	1074000.0	1074000.0	1.7	100.0	100.0	㈱アグリコ	経費	グループ共通
202603	013000000	37	差引収益	2855827.0	6056227.0	7752401.0	12.7	128.0	271.4	㈱アグリコ		
202603	013000000	38	差引比率	8.3	10.3	12.7		123.3	153.0	㈱アグリコ		
202603	013000000	39	総時間	543.0	583.0	621.0		106.5	114.3	㈱アグリコ		
202603	013000000	40	定時間	515.0	552.0	560.0		101.4	108.7	㈱アグリコ	時間	
202603	013000000	41	残業時間	28.0	31.0	61.0		196.7	217.8	㈱アグリコ	時間	
202603	013000000	42	移動時間	0.0	0.0	0.0		0.0	0.0	㈱アグリコ	時間	
202603	013000000	43	部門共通（時間）	0.0	0.0	0.0		0.0	0.0	㈱アグリコ	時間	
202603	013000000	44	当月時間当り	5259.3	10388.0	12483.7		120.1	237.3	㈱アグリコ		
202603	013000000	45	人員	3.0	3.0	3.0		100.0	100.0	㈱アグリコ		
202603	013090200	1	総受注高	0.0	0.0	0.0		0.0	0.0	本社収支	受注	
202603	013090200	2	総売上高	0.0	0.0	0.0		0.0	0.0	本社収支		
202603	013090200	3	売上高	0.0	0.0	0.0		0.0	0.0	本社収支	売上	
202603	013090200	4	売上値引	0.0	0.0	0.0		0.0	0.0	本社収支	売上	
202603	013090200	5	売上原価	0.0	0.0	0.0		0.0	0.0	本社収支		
202603	013090200	6	総収益	0.0	0.0	0.0	0.0	0.0	0.0	本社収支		
202603	013090200	7	経費合計	0.0	0.0	0.0	0.0	0.0	0.0	本社収支		
202603	013090200	8	減価償却費	0.0	0.0	0.0	0.0	0.0	0.0	本社収支	経費	減価償却費
202603	013090200	9	車輛費	0.0	0.0	0.0	0.0	0.0	0.0	本社収支	経費	車輛費
202603	013090200	10	旅費交通費	0.0	0.0	0.0	0.0	0.0	0.0	本社収支	経費	旅費交通費
202603	013090200	11	運賃	0.0	0.0	0.0	0.0	0.0	0.0	本社収支	経費	運賃
202603	013090200	12	通信費	0.0	0.0	0.0	0.0	0.0	0.0	本社収支	経費	通信費
202603	013090200	13	水道光熱費	0.0	0.0	0.0	0.0	0.0	0.0	本社収支	経費	水道光熱費
202603	013090200	14	事務用品費	0.0	0.0	0.0	0.0	0.0	0.0	本社収支	経費	事務用品費
202603	013090200	15	備品消耗品費	0.0	0.0	0.0	0.0	0.0	0.0	本社収支	経費	備品消耗品費
202603	013090200	16	広告宣伝費	0.0	0.0	0.0	0.0	0.0	0.0	本社収支	経費	広告宣伝費
202603	013090200	17	交際費	0.0	0.0	0.0	0.0	0.0	0.0	本社収支	経費	交際費
202603	013090200	18	賃借料	0.0	0.0	0.0	0.0	0.0	0.0	本社収支	経費	賃借料
202603	013090200	19	修繕費	0.0	0.0	0.0	0.0	0.0	0.0	本社収支	経費	修繕費
202603	013090200	20	リース料	0.0	0.0	0.0	0.0	0.0	0.0	本社収支	経費	リース料
202603	013090200	21	保険料	0.0	0.0	0.0	0.0	0.0	0.0	本社収支	経費	保険料
202603	013090200	22	支払手数料	0.0	0.0	0.0	0.0	0.0	0.0	本社収支	経費	支払手数料
202603	013090200	23	諸会費	0.0	0.0	0.0	0.0	0.0	0.0	本社収支	経費	諸会費
202603	013090200	24	会議費	0.0	0.0	0.0	0.0	0.0	0.0	本社収支	経費	会議費
202603	013090200	25	寄附金	0.0	0.0	0.0	0.0	0.0	0.0	本社収支	経費	寄附金
202603	013090200	26	租税公課	0.0	0.0	0.0	0.0	0.0	0.0	本社収支	経費	租税公課
202603	013090200	27	貸倒金	0.0	0.0	0.0	0.0	0.0	0.0	本社収支	経費	貸倒金
202603	013090200	28	情報機器利用料	0.0	0.0	0.0	0.0	0.0	0.0	本社収支	経費	情報機器利用料
202603	013090200	29	雑費	0.0	0.0	0.0	0.0	0.0	0.0	本社収支	経費	雑費
202603	013090200	30	新聞図書費	0.0	0.0	0.0	0.0	0.0	0.0	本社収支	経費	新聞図書費
202603	013090200	32	雑給	0.0	0.0	0.0	0.0	0.0	0.0	本社収支	経費	雑給
202603	013090200	33	社内金利（固定資産）	0.0	0.0	0.0	0.0	0.0	0.0	本社収支	経費	社内金利（固定資産）
202603	013090200	34	社内金利（売掛金）	0.0	0.0	0.0	0.0	0.0	0.0	本社収支	経費	社内金利（売掛金）
202603	013090200	35	部門共通（経費）	0.0	0.0	0.0	0.0	0.0	0.0	本社収支	経費	部門共通（経費）
202603	013090200	36	グループ共通	0.0	0.0	0.0	0.0	0.0	0.0	本社収支	経費	グループ共通
202603	013090200	37	差引収益	0.0	0.0	0.0	0.0	0.0	0.0	本社収支		
202603	013090200	38	差引比率	0.0	0.0	0.0		0.0	0.0	本社収支		
202603	013090200	39	総時間	0.0	0.0	0.0		0.0	0.0	本社収支		
202603	013090200	40	定時間	0.0	0.0	0.0		0.0	0.0	本社収支	時間	
202603	013090200	41	残業時間	0.0	0.0	0.0		0.0	0.0	本社収支	時間	
202603	013090200	42	移動時間	0.0	0.0	0.0		0.0	0.0	本社収支	時間	
202603	013090200	43	部門共通（時間）	0.0	0.0	0.0		0.0	0.0	本社収支	時間	
202603	013090200	44	当月時間当り	0.0	0.0	0.0		0.0	0.0	本社収支		
202603	013090200	45	人員	0.0	0.0	0.0		0.0	0.0	本社収支		
202512	310A10500	1	総受注高	9730000.0	11510000.0	11743985.0		102.0	120.6	アグリコ	受注	
202512	310A10500	2	総売上高	9730000.0	11510000.0	11743985.0		102.0	120.6	アグリコ		
202512	310A10500	3	売上高	10430000.0	12210000.0	12566140.0		102.9	120.4	アグリコ	売上	
202512	310A10500	4	売上値引	-700000.0	-700000.0	-822155.0		0.0	0.0	アグリコ	売上	
202512	310A10500	5	売上原価	8645000.0	10105000.0	10254474.0		101.4	118.6	アグリコ		
202512	310A10500	6	総収益	1085000.0	1405000.0	1489511.0	12.6	106.0	137.2	アグリコ		
202512	310A10500	7	経費合計	1586640.0	1695470.0	1650093.0	14.0	97.3	103.9	アグリコ		
202512	310A10500	8	減価償却費	0.0	0.0	0.0	0.0	0.0	0.0	アグリコ	経費	減価償却費
202512	310A10500	9	車輛費	51100.0	51100.0	53977.0	0.4	105.6	105.6	アグリコ	経費	車輛費
202512	310A10500	10	旅費交通費	25000.0	52000.0	36500.0	0.3	70.1	146.0	アグリコ	経費	旅費交通費
202512	310A10500	11	運賃	76000.0	76000.0	66540.0	0.5	87.5	87.5	アグリコ	経費	運賃
202512	310A10500	12	通信費	17240.0	17240.0	8776.0	0.0	50.9	50.9	アグリコ	経費	通信費
202512	310A10500	13	水道光熱費	0.0	0.0	0.0	0.0	0.0	0.0	アグリコ	経費	水道光熱費
202512	310A10500	14	事務用品費	8300.0	8300.0	14438.0	0.1	173.9	173.9	アグリコ	経費	事務用品費
202512	310A10500	15	備品消耗品費	0.0	0.0	4720.0	0.0	0.0	0.0	アグリコ	経費	備品消耗品費
202512	310A10500	16	広告宣伝費	114545.0	114545.0	90000.0	0.7	78.5	78.5	アグリコ	経費	広告宣伝費
202512	310A10500	17	交際費	20500.0	20500.0	15000.0	0.1	73.1	73.1	アグリコ	経費	交際費
202512	310A10500	18	賃借料	50000.0	50000.0	50000.0	0.4	100.0	100.0	アグリコ	経費	賃借料
202512	310A10500	19	修繕費	0.0	0.0	0.0	0.0	0.0	0.0	アグリコ	経費	修繕費
202512	310A10500	20	リース料	35000.0	40280.0	39800.0	0.3	98.8	113.7	アグリコ	経費	リース料
202512	310A10500	21	保険料	14060.0	14060.0	12110.0	0.1	86.1	86.1	アグリコ	経費	保険料
202512	310A10500	22	支払手数料	40500.0	100500.0	95882.0	0.8	95.4	236.7	アグリコ	経費	支払手数料
202512	310A10500	23	諸会費	0.0	0.0	0.0	0.0	0.0	0.0	アグリコ	経費	諸会費
202512	310A10500	24	会議費	0.0	0.0	0.0	0.0	0.0	0.0	アグリコ	経費	会議費
202512	310A10500	25	寄附金	0.0	0.0	0.0	0.0	0.0	0.0	アグリコ	経費	寄附金
202512	310A10500	26	租税公課	6200.0	6200.0	4000.0	0.0	64.5	64.5	アグリコ	経費	租税公課
202512	310A10500	27	貸倒金	0.0	0.0	0.0	0.0	0.0	0.0	アグリコ	経費	貸倒金
202512	310A10500	28	情報機器利用料	49650.0	66200.0	66200.0	0.5	100.0	133.3	アグリコ	経費	情報機器利用料
202512	310A10500	29	雑費	4545.0	4545.0	0.0	0.0	0.0	0.0	アグリコ	経費	雑費
202512	310A10500	30	新聞図書費	0.0	0.0	0.0	0.0	0.0	0.0	アグリコ	経費	新聞図書費
202512	310A10500	32	雑給	0.0	0.0	18150.0	0.1	0.0	0.0	アグリコ	経費	雑給
202512	310A10500	33	社内金利（固定資産）	0.0	0.0	0.0	0.0	0.0	0.0	アグリコ	経費	社内金利（固定資産）
202512	310A10500	34	社内金利（売掛金）	0.0	0.0	0.0	0.0	0.0	0.0	アグリコ	経費	社内金利（売掛金）
202512	310A10500	35	部門共通（経費）	0.0	0.0	0.0	0.0	0.0	0.0	アグリコ	経費	部門共通（経費）
202512	310A10500	36	グループ共通	1074000.0	1074000.0	1074000.0	9.1	100.0	100.0	アグリコ	経費	グループ共通
202512	310A10500	37	差引収益	-501640.0	-290470.0	-160582.0	0.0	0.0	0.0	アグリコ		
202512	310A10500	38	差引比率	-5.1	-2.5	-1.3		0.0	0.0	アグリコ		
202512	310A10500	39	総時間	476.0	631.0	614.25		97.3	129.0	アグリコ		
202512	310A10500	40	定時間	445.0	597.0	568.5		95.2	127.7	アグリコ	時間	
202512	310A10500	41	残業時間	31.0	34.0	45.75		134.5	147.5	アグリコ	時間	
202512	310A10500	42	移動時間	0.0	0.0	0.0		0.0	0.0	アグリコ	時間	
202512	310A10500	43	部門共通（時間）	0.0	0.0	0.0		0.0	0.0	アグリコ	時間	
202512	310A10500	44	当月時間当り	-1053.8	-460.3	-261.4		0.0	0.0	アグリコ		
202512	310A10500	45	人員	3.0	4.0	4.0		100.0	133.3	アグリコ		
202601	310A10500	1	総受注高	14250000.0	40970000.0	38280446.0		93.4	268.6	アグリコ	受注	
202601	310A10500	2	総売上高	14250000.0	40970000.0	38280446.0		93.4	268.6	アグリコ		
202601	310A10500	3	売上高	14500000.0	41220000.0	38443645.0		93.2	265.1	アグリコ	売上	
202601	310A10500	4	売上値引	-250000.0	-250000.0	-163199.0		0.0	0.0	アグリコ	売上	
202601	310A10500	5	売上原価	12380000.0	37460000.0	35125771.0		93.7	283.7	アグリコ		
202601	310A10500	6	総収益	1870000.0	3510000.0	3154675.0	8.2	89.8	168.6	アグリコ		
202601	310A10500	7	経費合計	1514738.0	1569338.0	1513521.0	3.9	96.4	99.9	アグリコ		
202601	310A10500	8	減価償却費	0.0	0.0	0.0	0.0	0.0	0.0	アグリコ	経費	減価償却費
202601	310A10500	9	車輛費	99000.0	99000.0	71667.0	0.1	72.3	72.3	アグリコ	経費	車輛費
202601	310A10500	10	旅費交通費	34000.0	34000.0	12175.0	0.0	35.8	35.8	アグリコ	経費	旅費交通費
202601	310A10500	11	運賃	70000.0	70000.0	54685.0	0.1	78.1	78.1	アグリコ	経費	運賃
202601	310A10500	12	通信費	12000.0	12000.0	18498.0	0.0	154.1	154.1	アグリコ	経費	通信費
202601	310A10500	13	水道光熱費	0.0	0.0	0.0	0.0	0.0	0.0	アグリコ	経費	水道光熱費
202601	310A10500	14	事務用品費	4100.0	4100.0	20885.0	0.0	509.3	509.3	アグリコ	経費	事務用品費
202601	310A10500	15	備品消耗品費	5800.0	5800.0	1624.0	0.0	28.0	28.0	アグリコ	経費	備品消耗品費
202601	310A10500	16	広告宣伝費	27273.0	27273.0	0.0	0.0	0.0	0.0	アグリコ	経費	広告宣伝費
202601	310A10500	17	交際費	0.0	0.0	0.0	0.0	0.0	0.0	アグリコ	経費	交際費
202601	310A10500	18	賃借料	50000.0	50000.0	50000.0	0.1	100.0	100.0	アグリコ	経費	賃借料
202601	310A10500	19	修繕費	0.0	0.0	0.0	0.0	0.0	0.0	アグリコ	経費	修繕費
202601	310A10500	20	リース料	35000.0	35000.0	35000.0	0.0	100.0	100.0	アグリコ	経費	リース料
202601	310A10500	21	保険料	17175.0	15225.0	13493.0	0.0	88.6	78.5	アグリコ	経費	保険料
202601	310A10500	22	支払手数料	34740.0	74740.0	75294.0	0.1	100.7	216.7	アグリコ	経費	支払手数料
202601	310A10500	23	諸会費	0.0	0.0	20000.0	0.0	0.0	0.0	アグリコ	経費	諸会費
202601	310A10500	24	会議費	0.0	0.0	0.0	0.0	0.0	0.0	アグリコ	経費	会議費
202601	310A10500	25	寄附金	0.0	0.0	0.0	0.0	0.0	0.0	アグリコ	経費	寄附金
202601	310A10500	26	租税公課	2000.0	2000.0	0.0	0.0	0.0	0.0	アグリコ	経費	租税公課
202601	310A10500	27	貸倒金	0.0	0.0	0.0	0.0	0.0	0.0	アグリコ	経費	貸倒金
202601	310A10500	28	情報機器利用料	49650.0	66200.0	66200.0	0.1	100.0	133.3	アグリコ	経費	情報機器利用料
202601	310A10500	29	雑費	0.0	0.0	0.0	0.0	0.0	0.0	アグリコ	経費	雑費
202601	310A10500	30	新聞図書費	0.0	0.0	0.0	0.0	0.0	0.0	アグリコ	経費	新聞図書費
202601	310A10500	32	雑給	0.0	0.0	0.0	0.0	0.0	0.0	アグリコ	経費	雑給
202601	310A10500	33	社内金利（固定資産）	0.0	0.0	0.0	0.0	0.0	0.0	アグリコ	経費	社内金利（固定資産）
202601	310A10500	34	社内金利（売掛金）	0.0	0.0	0.0	0.0	0.0	0.0	アグリコ	経費	社内金利（売掛金）
202601	310A10500	35	部門共通（経費）	0.0	0.0	0.0	0.0	0.0	0.0	アグリコ	経費	部門共通（経費）
202601	310A10500	36	グループ共通	1074000.0	1074000.0	1074000.0	2.8	100.0	100.0	アグリコ	経費	グループ共通
202601	310A10500	37	差引収益	355262.0	1940662.0	1641154.0	4.2	84.5	461.9	アグリコ		
202601	310A10500	38	差引比率	2.4	4.7	4.2		89.3	175.0	アグリコ		
202601	310A10500	39	総時間	414.0	552.0	554.0		100.3	133.8	アグリコ		
202601	310A10500	40	定時間	391.0	527.0	521.5		98.9	133.3	アグリコ	時間	
202601	310A10500	41	残業時間	23.0	25.0	32.5		130.0	141.3	アグリコ	時間	
202601	310A10500	42	移動時間	0.0	0.0	0.0		0.0	0.0	アグリコ	時間	
202601	310A10500	43	部門共通（時間）	0.0	0.0	0.0		0.0	0.0	アグリコ	時間	
202601	310A10500	44	当月時間当り	858.1	3515.6	2962.3		84.2	345.2	アグリコ		
202601	310A10500	45	人員	3.0	4.0	4.0		100.0	133.3	アグリコ		
202602	310A10500	1	総受注高	36050000.0	14250000.0	12810851.0		89.9	35.5	アグリコ	受注	
202602	310A10500	2	総売上高	36050000.0	14250000.0	12810851.0		89.9	35.5	アグリコ		
202602	310A10500	3	売上高	37650000.0	15850000.0	14509326.0		91.5	38.5	アグリコ	売上	
202602	310A10500	4	売上値引	-1600000.0	-1600000.0	-1698475.0		0.0	0.0	アグリコ	売上	
202602	310A10500	5	売上原価	33730000.0	12610000.0	12100641.0		95.9	35.8	アグリコ		
202602	310A10500	6	総収益	2320000.0	1640000.0	710210.0	5.5	43.3	30.6	アグリコ		
202602	310A10500	7	経費合計	1447430.0	1764030.0	1702420.0	13.2	96.5	117.6	アグリコ		
202602	310A10500	8	減価償却費	0.0	0.0	0.0	0.0	0.0	0.0	アグリコ	経費	減価償却費
202602	310A10500	9	車輛費	37000.0	42000.0	37636.0	0.2	89.6	101.7	アグリコ	経費	車輛費
202602	310A10500	10	旅費交通費	100000.0	135000.0	112727.0	0.8	83.5	112.7	アグリコ	経費	旅費交通費
202602	310A10500	11	運賃	0.0	70000.0	82235.0	0.6	117.4	0.0	アグリコ	経費	運賃
202602	310A10500	12	通信費	12300.0	12300.0	45328.0	0.3	368.5	368.5	アグリコ	経費	通信費
202602	310A10500	13	水道光熱費	0.0	0.0	0.0	0.0	0.0	0.0	アグリコ	経費	水道光熱費
202602	310A10500	14	事務用品費	15200.0	165200.0	12085.0	0.0	7.3	79.5	アグリコ	経費	事務用品費
202602	310A10500	15	備品消耗品費	7000.0	7000.0	3300.0	0.0	47.1	47.1	アグリコ	経費	備品消耗品費
202602	310A10500	16	広告宣伝費	0.0	0.0	670.0	0.0	0.0	0.0	アグリコ	経費	広告宣伝費
202602	310A10500	17	交際費	0.0	0.0	0.0	0.0	0.0	0.0	アグリコ	経費	交際費
202602	310A10500	18	賃借料	50000.0	50000.0	50000.0	0.3	100.0	100.0	アグリコ	経費	賃借料
202602	310A10500	19	修繕費	0.0	0.0	0.0	0.0	0.0	0.0	アグリコ	経費	修繕費
202602	310A10500	20	リース料	35000.0	35000.0	35000.0	0.2	100.0	100.0	アグリコ	経費	リース料
202602	310A10500	21	保険料	14060.0	12110.0	12110.0	0.0	100.0	86.1	アグリコ	経費	保険料
202602	310A10500	22	支払手数料	33220.0	75220.0	104629.0	0.8	139.0	314.9	アグリコ	経費	支払手数料
202602	310A10500	23	諸会費	20000.0	20000.0	0.0	0.0	0.0	0.0	アグリコ	経費	諸会費
202602	310A10500	24	会議費	0.0	0.0	0.0	0.0	0.0	0.0	アグリコ	経費	会議費
202602	310A10500	25	寄附金	0.0	0.0	0.0	0.0	0.0	0.0	アグリコ	経費	寄附金
202602	310A10500	26	租税公課	0.0	0.0	36800.0	0.2	0.0	0.0	アグリコ	経費	租税公課
202602	310A10500	27	貸倒金	0.0	0.0	0.0	0.0	0.0	0.0	アグリコ	経費	貸倒金
202602	310A10500	28	情報機器利用料	49650.0	66200.0	66200.0	0.5	100.0	133.3	アグリコ	経費	情報機器利用料
202602	310A10500	29	雑費	0.0	0.0	0.0	0.0	0.0	0.0	アグリコ	経費	雑費
202602	310A10500	30	新聞図書費	0.0	0.0	0.0	0.0	0.0	0.0	アグリコ	経費	新聞図書費
202602	310A10500	32	雑給	0.0	0.0	29700.0	0.2	0.0	0.0	アグリコ	経費	雑給
202602	310A10500	33	社内金利（固定資産）	0.0	0.0	0.0	0.0	0.0	0.0	アグリコ	経費	社内金利（固定資産）
202602	310A10500	34	社内金利（売掛金）	0.0	0.0	0.0	0.0	0.0	0.0	アグリコ	経費	社内金利（売掛金）
202602	310A10500	35	部門共通（経費）	0.0	0.0	0.0	0.0	0.0	0.0	アグリコ	経費	部門共通（経費）
202602	310A10500	36	グループ共通	1074000.0	1074000.0	1074000.0	8.3	100.0	100.0	アグリコ	経費	グループ共通
202602	310A10500	37	差引収益	872570.0	-124030.0	-992210.0	0.0	0.0	0.0	アグリコ		
202602	310A10500	38	差引比率	2.4	-0.8	-7.7		0.0	0.0	アグリコ		
202602	310A10500	39	総時間	438.0	585.0	614.0		104.9	140.1	アグリコ		
202602	310A10500	40	定時間	414.0	558.0	526.5		94.3	127.1	アグリコ	時間	
202602	310A10500	41	残業時間	24.0	27.0	87.5		324.0	364.5	アグリコ	時間	
202602	310A10500	42	移動時間	0.0	0.0	0.0		0.0	0.0	アグリコ	時間	
202602	310A10500	43	部門共通（時間）	0.0	0.0	0.0		0.0	0.0	アグリコ	時間	
202602	310A10500	44	当月時間当り	1992.1	-212.0	-1615.9		0.0	0.0	アグリコ		
202602	310A10500	45	人員	3.0	4.0	4.0		100.0	133.3	アグリコ		
202512	013000000	1	総受注高	9730000.0	11510000.0	11743985.0		102.0	120.6	㈱アグリコ	受注	
202512	013000000	2	総売上高	9730000.0	11510000.0	11743985.0		102.0	120.6	㈱アグリコ		
202512	013000000	3	売上高	10430000.0	12210000.0	12566140.0		102.9	120.4	㈱アグリコ	売上	
202512	013000000	4	売上値引	-700000.0	-700000.0	-822155.0		0.0	0.0	㈱アグリコ	売上	
202512	013000000	5	売上原価	8645000.0	10105000.0	10254474.0		101.4	118.6	㈱アグリコ		
202512	013000000	6	総収益	1085000.0	1405000.0	1489511.0	12.6	106.0	137.2	㈱アグリコ		
202512	013000000	7	経費合計	1586640.0	1695470.0	1650093.0	14.0	97.3	103.9	㈱アグリコ		
202512	013000000	8	減価償却費	0.0	0.0	0.0	0.0	0.0	0.0	㈱アグリコ	経費	減価償却費
202512	013000000	9	車輛費	51100.0	51100.0	53977.0	0.4	105.6	105.6	㈱アグリコ	経費	車輛費
202512	013000000	10	旅費交通費	25000.0	52000.0	36500.0	0.3	70.1	146.0	㈱アグリコ	経費	旅費交通費
202512	013000000	11	運賃	76000.0	76000.0	66540.0	0.5	87.5	87.5	㈱アグリコ	経費	運賃
202512	013000000	12	通信費	17240.0	17240.0	8776.0	0.0	50.9	50.9	㈱アグリコ	経費	通信費
202512	013000000	13	水道光熱費	0.0	0.0	0.0	0.0	0.0	0.0	㈱アグリコ	経費	水道光熱費
202512	013000000	14	事務用品費	8300.0	8300.0	14438.0	0.1	173.9	173.9	㈱アグリコ	経費	事務用品費
202512	013000000	15	備品消耗品費	0.0	0.0	4720.0	0.0	0.0	0.0	㈱アグリコ	経費	備品消耗品費
202512	013000000	16	広告宣伝費	114545.0	114545.0	90000.0	0.7	78.5	78.5	㈱アグリコ	経費	広告宣伝費
202512	013000000	17	交際費	20500.0	20500.0	15000.0	0.1	73.1	73.1	㈱アグリコ	経費	交際費
202512	013000000	18	賃借料	50000.0	50000.0	50000.0	0.4	100.0	100.0	㈱アグリコ	経費	賃借料
202512	013000000	19	修繕費	0.0	0.0	0.0	0.0	0.0	0.0	㈱アグリコ	経費	修繕費
202512	013000000	20	リース料	35000.0	40280.0	39800.0	0.3	98.8	113.7	㈱アグリコ	経費	リース料
202512	013000000	21	保険料	14060.0	14060.0	12110.0	0.1	86.1	86.1	㈱アグリコ	経費	保険料
202512	013000000	22	支払手数料	40500.0	100500.0	95882.0	0.8	95.4	236.7	㈱アグリコ	経費	支払手数料
202512	013000000	23	諸会費	0.0	0.0	0.0	0.0	0.0	0.0	㈱アグリコ	経費	諸会費
202512	013000000	24	会議費	0.0	0.0	0.0	0.0	0.0	0.0	㈱アグリコ	経費	会議費
202512	013000000	25	寄附金	0.0	0.0	0.0	0.0	0.0	0.0	㈱アグリコ	経費	寄附金
202512	013000000	26	租税公課	6200.0	6200.0	4000.0	0.0	64.5	64.5	㈱アグリコ	経費	租税公課
202512	013000000	27	貸倒金	0.0	0.0	0.0	0.0	0.0	0.0	㈱アグリコ	経費	貸倒金
202512	013000000	28	情報機器利用料	49650.0	66200.0	66200.0	0.5	100.0	133.3	㈱アグリコ	経費	情報機器利用料
202512	013000000	29	雑費	4545.0	4545.0	0.0	0.0	0.0	0.0	㈱アグリコ	経費	雑費
202512	013000000	30	新聞図書費	0.0	0.0	0.0	0.0	0.0	0.0	㈱アグリコ	経費	新聞図書費
202512	013000000	32	雑給	0.0	0.0	18150.0	0.1	0.0	0.0	㈱アグリコ	経費	雑給
202512	013000000	33	社内金利（固定資産）	0.0	0.0	0.0	0.0	0.0	0.0	㈱アグリコ	経費	社内金利（固定資産）
202512	013000000	34	社内金利（売掛金）	0.0	0.0	0.0	0.0	0.0	0.0	㈱アグリコ	経費	社内金利（売掛金）
202512	013000000	35	部門共通（経費）	0.0	0.0	0.0	0.0	0.0	0.0	㈱アグリコ	経費	部門共通（経費）
202512	013000000	36	グループ共通	1074000.0	1074000.0	1074000.0	9.1	100.0	100.0	㈱アグリコ	経費	グループ共通
202512	013000000	37	差引収益	-501640.0	-290470.0	-160582.0	0.0	0.0	0.0	㈱アグリコ		
202512	013000000	38	差引比率	-5.1	-2.5	-1.3		0.0	0.0	㈱アグリコ		
202512	013000000	39	総時間	476.0	631.0	614.25		97.3	129.0	㈱アグリコ		
202512	013000000	40	定時間	445.0	597.0	568.5		95.2	127.7	㈱アグリコ	時間	
202512	013000000	41	残業時間	31.0	34.0	45.75		134.5	147.5	㈱アグリコ	時間	
202512	013000000	42	移動時間	0.0	0.0	0.0		0.0	0.0	㈱アグリコ	時間	
202512	013000000	43	部門共通（時間）	0.0	0.0	0.0		0.0	0.0	㈱アグリコ	時間	
202512	013000000	44	当月時間当り	-1053.8	-460.3	-261.4		0.0	0.0	㈱アグリコ		
202512	013000000	45	人員	3.0	4.0	4.0		100.0	133.3	㈱アグリコ		
202601	013000000	1	総受注高	14250000.0	40970000.0	38280446.0		93.4	268.6	㈱アグリコ	受注	
202601	013000000	2	総売上高	14250000.0	40970000.0	38280446.0		93.4	268.6	㈱アグリコ		
202601	013000000	3	売上高	14500000.0	41220000.0	38443645.0		93.2	265.1	㈱アグリコ	売上	
202601	013000000	4	売上値引	-250000.0	-250000.0	-163199.0		0.0	0.0	㈱アグリコ	売上	
202601	013000000	5	売上原価	12380000.0	37460000.0	35125771.0		93.7	283.7	㈱アグリコ		
202601	013000000	6	総収益	1870000.0	3510000.0	3154675.0	8.2	89.8	168.6	㈱アグリコ		
202601	013000000	7	経費合計	1514738.0	1569338.0	1513521.0	3.9	96.4	99.9	㈱アグリコ		
202601	013000000	8	減価償却費	0.0	0.0	0.0	0.0	0.0	0.0	㈱アグリコ	経費	減価償却費
202601	013000000	9	車輛費	99000.0	99000.0	71667.0	0.1	72.3	72.3	㈱アグリコ	経費	車輛費
202601	013000000	10	旅費交通費	34000.0	34000.0	12175.0	0.0	35.8	35.8	㈱アグリコ	経費	旅費交通費
202601	013000000	11	運賃	70000.0	70000.0	54685.0	0.1	78.1	78.1	㈱アグリコ	経費	運賃
202601	013000000	12	通信費	12000.0	12000.0	18498.0	0.0	154.1	154.1	㈱アグリコ	経費	通信費
202601	013000000	13	水道光熱費	0.0	0.0	0.0	0.0	0.0	0.0	㈱アグリコ	経費	水道光熱費
202601	013000000	14	事務用品費	4100.0	4100.0	20885.0	0.0	509.3	509.3	㈱アグリコ	経費	事務用品費
202601	013000000	15	備品消耗品費	5800.0	5800.0	1624.0	0.0	28.0	28.0	㈱アグリコ	経費	備品消耗品費
202601	013000000	16	広告宣伝費	27273.0	27273.0	0.0	0.0	0.0	0.0	㈱アグリコ	経費	広告宣伝費
202601	013000000	17	交際費	0.0	0.0	0.0	0.0	0.0	0.0	㈱アグリコ	経費	交際費
202601	013000000	18	賃借料	50000.0	50000.0	50000.0	0.1	100.0	100.0	㈱アグリコ	経費	賃借料
202601	013000000	19	修繕費	0.0	0.0	0.0	0.0	0.0	0.0	㈱アグリコ	経費	修繕費
202601	013000000	20	リース料	35000.0	35000.0	35000.0	0.0	100.0	100.0	㈱アグリコ	経費	リース料
202601	013000000	21	保険料	17175.0	15225.0	13493.0	0.0	88.6	78.5	㈱アグリコ	経費	保険料
202601	013000000	22	支払手数料	34740.0	74740.0	75294.0	0.1	100.7	216.7	㈱アグリコ	経費	支払手数料
202601	013000000	23	諸会費	0.0	0.0	20000.0	0.0	0.0	0.0	㈱アグリコ	経費	諸会費
202601	013000000	24	会議費	0.0	0.0	0.0	0.0	0.0	0.0	㈱アグリコ	経費	会議費
202601	013000000	25	寄附金	0.0	0.0	0.0	0.0	0.0	0.0	㈱アグリコ	経費	寄附金
202601	013000000	26	租税公課	2000.0	2000.0	0.0	0.0	0.0	0.0	㈱アグリコ	経費	租税公課
202601	013000000	27	貸倒金	0.0	0.0	0.0	0.0	0.0	0.0	㈱アグリコ	経費	貸倒金
202601	013000000	28	情報機器利用料	49650.0	66200.0	66200.0	0.1	100.0	133.3	㈱アグリコ	経費	情報機器利用料
202601	013000000	29	雑費	0.0	0.0	0.0	0.0	0.0	0.0	㈱アグリコ	経費	雑費
202601	013000000	30	新聞図書費	0.0	0.0	0.0	0.0	0.0	0.0	㈱アグリコ	経費	新聞図書費
202601	013000000	32	雑給	0.0	0.0	0.0	0.0	0.0	0.0	㈱アグリコ	経費	雑給
202601	013000000	33	社内金利（固定資産）	0.0	0.0	0.0	0.0	0.0	0.0	㈱アグリコ	経費	社内金利（固定資産）
202601	013000000	34	社内金利（売掛金）	0.0	0.0	0.0	0.0	0.0	0.0	㈱アグリコ	経費	社内金利（売掛金）
202601	013000000	35	部門共通（経費）	0.0	0.0	0.0	0.0	0.0	0.0	㈱アグリコ	経費	部門共通（経費）
202601	013000000	36	グループ共通	1074000.0	1074000.0	1074000.0	2.8	100.0	100.0	㈱アグリコ	経費	グループ共通
202601	013000000	37	差引収益	355262.0	1940662.0	1641154.0	4.2	84.5	461.9	㈱アグリコ		
202601	013000000	38	差引比率	2.4	4.7	4.2		89.3	175.0	㈱アグリコ		
202601	013000000	39	総時間	414.0	552.0	554.0		100.3	133.8	㈱アグリコ		
202601	013000000	40	定時間	391.0	527.0	521.5		98.9	133.3	㈱アグリコ	時間	
202601	013000000	41	残業時間	23.0	25.0	32.5		130.0	141.3	㈱アグリコ	時間	
202601	013000000	42	移動時間	0.0	0.0	0.0		0.0	0.0	㈱アグリコ	時間	
202601	013000000	43	部門共通（時間）	0.0	0.0	0.0		0.0	0.0	㈱アグリコ	時間	
202601	013000000	44	当月時間当り	858.1	3515.6	2962.3		84.2	345.2	㈱アグリコ		
202601	013000000	45	人員	3.0	4.0	4.0		100.0	133.3	㈱アグリコ		
202602	013000000	1	総受注高	36050000.0	14250000.0	12810851.0		89.9	35.5	㈱アグリコ	受注	
202602	013000000	2	総売上高	36050000.0	14250000.0	12810851.0		89.9	35.5	㈱アグリコ		
202602	013000000	3	売上高	37650000.0	15850000.0	14509326.0		91.5	38.5	㈱アグリコ	売上	
202602	013000000	4	売上値引	-1600000.0	-1600000.0	-1698475.0		0.0	0.0	㈱アグリコ	売上	
202602	013000000	5	売上原価	33730000.0	12610000.0	12100641.0		95.9	35.8	㈱アグリコ		
202602	013000000	6	総収益	2320000.0	1640000.0	710210.0	5.5	43.3	30.6	㈱アグリコ		
202602	013000000	7	経費合計	1447430.0	1764030.0	1702420.0	13.2	96.5	117.6	㈱アグリコ		
202602	013000000	8	減価償却費	0.0	0.0	0.0	0.0	0.0	0.0	㈱アグリコ	経費	減価償却費
202602	013000000	9	車輛費	37000.0	42000.0	37636.0	0.2	89.6	101.7	㈱アグリコ	経費	車輛費
202602	013000000	10	旅費交通費	100000.0	135000.0	112727.0	0.8	83.5	112.7	㈱アグリコ	経費	旅費交通費
202602	013000000	11	運賃	0.0	70000.0	82235.0	0.6	117.4	0.0	㈱アグリコ	経費	運賃
202602	013000000	12	通信費	12300.0	12300.0	45328.0	0.3	368.5	368.5	㈱アグリコ	経費	通信費
202602	013000000	13	水道光熱費	0.0	0.0	0.0	0.0	0.0	0.0	㈱アグリコ	経費	水道光熱費
202602	013000000	14	事務用品費	15200.0	165200.0	12085.0	0.0	7.3	79.5	㈱アグリコ	経費	事務用品費
202602	013000000	15	備品消耗品費	7000.0	7000.0	3300.0	0.0	47.1	47.1	㈱アグリコ	経費	備品消耗品費
202602	013000000	16	広告宣伝費	0.0	0.0	670.0	0.0	0.0	0.0	㈱アグリコ	経費	広告宣伝費
202602	013000000	17	交際費	0.0	0.0	0.0	0.0	0.0	0.0	㈱アグリコ	経費	交際費
202602	013000000	18	賃借料	50000.0	50000.0	50000.0	0.3	100.0	100.0	㈱アグリコ	経費	賃借料
202602	013000000	19	修繕費	0.0	0.0	0.0	0.0	0.0	0.0	㈱アグリコ	経費	修繕費
202602	013000000	20	リース料	35000.0	35000.0	35000.0	0.2	100.0	100.0	㈱アグリコ	経費	リース料
202602	013000000	21	保険料	14060.0	12110.0	12110.0	0.0	100.0	86.1	㈱アグリコ	経費	保険料
202602	013000000	22	支払手数料	33220.0	75220.0	104629.0	0.8	139.0	314.9	㈱アグリコ	経費	支払手数料
202602	013000000	23	諸会費	20000.0	20000.0	0.0	0.0	0.0	0.0	㈱アグリコ	経費	諸会費
202602	013000000	24	会議費	0.0	0.0	0.0	0.0	0.0	0.0	㈱アグリコ	経費	会議費
202602	013000000	25	寄附金	0.0	0.0	0.0	0.0	0.0	0.0	㈱アグリコ	経費	寄附金
202602	013000000	26	租税公課	0.0	0.0	36800.0	0.2	0.0	0.0	㈱アグリコ	経費	租税公課
202602	013000000	27	貸倒金	0.0	0.0	0.0	0.0	0.0	0.0	㈱アグリコ	経費	貸倒金
202602	013000000	28	情報機器利用料	49650.0	66200.0	66200.0	0.5	100.0	133.3	㈱アグリコ	経費	情報機器利用料
202602	013000000	29	雑費	0.0	0.0	0.0	0.0	0.0	0.0	㈱アグリコ	経費	雑費
202602	013000000	30	新聞図書費	0.0	0.0	0.0	0.0	0.0	0.0	㈱アグリコ	経費	新聞図書費
202602	013000000	32	雑給	0.0	0.0	29700.0	0.2	0.0	0.0	㈱アグリコ	経費	雑給
202602	013000000	33	社内金利（固定資産）	0.0	0.0	0.0	0.0	0.0	0.0	㈱アグリコ	経費	社内金利（固定資産）
202602	013000000	34	社内金利（売掛金）	0.0	0.0	0.0	0.0	0.0	0.0	㈱アグリコ	経費	社内金利（売掛金）
202602	013000000	35	部門共通（経費）	0.0	0.0	0.0	0.0	0.0	0.0	㈱アグリコ	経費	部門共通（経費）
202602	013000000	36	グループ共通	1074000.0	1074000.0	1074000.0	8.3	100.0	100.0	㈱アグリコ	経費	グループ共通
202602	013000000	37	差引収益	872570.0	-124030.0	-992210.0	0.0	0.0	0.0	㈱アグリコ		
202602	013000000	38	差引比率	2.4	-0.8	-7.7		0.0	0.0	㈱アグリコ		
202602	013000000	39	総時間	438.0	585.0	614.0		104.9	140.1	㈱アグリコ		
202602	013000000	40	定時間	414.0	558.0	526.5		94.3	127.1	㈱アグリコ	時間	
202602	013000000	41	残業時間	24.0	27.0	87.5		324.0	364.5	㈱アグリコ	時間	
202602	013000000	42	移動時間	0.0	0.0	0.0		0.0	0.0	㈱アグリコ	時間	
202602	013000000	43	部門共通（時間）	0.0	0.0	0.0		0.0	0.0	㈱アグリコ	時間	
202602	013000000	44	当月時間当り	1992.1	-212.0	-1615.9		0.0	0.0	㈱アグリコ		
202602	013000000	45	人員	3.0	4.0	4.0		100.0	133.3	㈱アグリコ		
202512	013090200	1	総受注高	0.0	0.0	0.0		0.0	0.0	本社収支	受注	
202512	013090200	2	総売上高	0.0	0.0	0.0		0.0	0.0	本社収支		
202512	013090200	3	売上高	0.0	0.0	0.0		0.0	0.0	本社収支	売上	
202512	013090200	4	売上値引	0.0	0.0	0.0		0.0	0.0	本社収支	売上	
202512	013090200	5	売上原価	0.0	0.0	0.0		0.0	0.0	本社収支		
202512	013090200	6	総収益	0.0	0.0	0.0	0.0	0.0	0.0	本社収支		
202512	013090200	7	経費合計	0.0	0.0	0.0	0.0	0.0	0.0	本社収支		
202512	013090200	8	減価償却費	0.0	0.0	0.0	0.0	0.0	0.0	本社収支	経費	減価償却費
202512	013090200	9	車輛費	0.0	0.0	0.0	0.0	0.0	0.0	本社収支	経費	車輛費
202512	013090200	10	旅費交通費	0.0	0.0	0.0	0.0	0.0	0.0	本社収支	経費	旅費交通費
202512	013090200	11	運賃	0.0	0.0	0.0	0.0	0.0	0.0	本社収支	経費	運賃
202512	013090200	12	通信費	0.0	0.0	0.0	0.0	0.0	0.0	本社収支	経費	通信費
202512	013090200	13	水道光熱費	0.0	0.0	0.0	0.0	0.0	0.0	本社収支	経費	水道光熱費
202512	013090200	14	事務用品費	0.0	0.0	0.0	0.0	0.0	0.0	本社収支	経費	事務用品費
202512	013090200	15	備品消耗品費	0.0	0.0	0.0	0.0	0.0	0.0	本社収支	経費	備品消耗品費
202512	013090200	16	広告宣伝費	0.0	0.0	0.0	0.0	0.0	0.0	本社収支	経費	広告宣伝費
202512	013090200	17	交際費	0.0	0.0	0.0	0.0	0.0	0.0	本社収支	経費	交際費
202512	013090200	18	賃借料	0.0	0.0	0.0	0.0	0.0	0.0	本社収支	経費	賃借料
202512	013090200	19	修繕費	0.0	0.0	0.0	0.0	0.0	0.0	本社収支	経費	修繕費
202512	013090200	20	リース料	0.0	0.0	0.0	0.0	0.0	0.0	本社収支	経費	リース料
202512	013090200	21	保険料	0.0	0.0	0.0	0.0	0.0	0.0	本社収支	経費	保険料
202512	013090200	22	支払手数料	0.0	0.0	0.0	0.0	0.0	0.0	本社収支	経費	支払手数料
202512	013090200	23	諸会費	0.0	0.0	0.0	0.0	0.0	0.0	本社収支	経費	諸会費
202512	013090200	24	会議費	0.0	0.0	0.0	0.0	0.0	0.0	本社収支	経費	会議費
202512	013090200	25	寄附金	0.0	0.0	0.0	0.0	0.0	0.0	本社収支	経費	寄附金
202512	013090200	26	租税公課	0.0	0.0	0.0	0.0	0.0	0.0	本社収支	経費	租税公課
202512	013090200	27	貸倒金	0.0	0.0	0.0	0.0	0.0	0.0	本社収支	経費	貸倒金
202512	013090200	28	情報機器利用料	0.0	0.0	0.0	0.0	0.0	0.0	本社収支	経費	情報機器利用料
202512	013090200	29	雑費	0.0	0.0	0.0	0.0	0.0	0.0	本社収支	経費	雑費
202512	013090200	30	新聞図書費	0.0	0.0	0.0	0.0	0.0	0.0	本社収支	経費	新聞図書費
202512	013090200	32	雑給	0.0	0.0	0.0	0.0	0.0	0.0	本社収支	経費	雑給
202512	013090200	33	社内金利（固定資産）	0.0	0.0	0.0	0.0	0.0	0.0	本社収支	経費	社内金利（固定資産）
202512	013090200	34	社内金利（売掛金）	0.0	0.0	0.0	0.0	0.0	0.0	本社収支	経費	社内金利（売掛金）
202512	013090200	35	部門共通（経費）	0.0	0.0	0.0	0.0	0.0	0.0	本社収支	経費	部門共通（経費）
202512	013090200	36	グループ共通	0.0	0.0	0.0	0.0	0.0	0.0	本社収支	経費	グループ共通
202512	013090200	37	差引収益	0.0	0.0	0.0	0.0	0.0	0.0	本社収支		
202512	013090200	38	差引比率	0.0	0.0	0.0		0.0	0.0	本社収支		
202512	013090200	39	総時間	0.0	0.0	0.0		0.0	0.0	本社収支		
202512	013090200	40	定時間	0.0	0.0	0.0		0.0	0.0	本社収支	時間	
202512	013090200	41	残業時間	0.0	0.0	0.0		0.0	0.0	本社収支	時間	
202512	013090200	42	移動時間	0.0	0.0	0.0		0.0	0.0	本社収支	時間	
202512	013090200	43	部門共通（時間）	0.0	0.0	0.0		0.0	0.0	本社収支	時間	
202512	013090200	44	当月時間当り	0.0	0.0	0.0		0.0	0.0	本社収支		
202512	013090200	45	人員	0.0	0.0	0.0		0.0	0.0	本社収支		
202601	013090200	1	総受注高	0.0	0.0	0.0		0.0	0.0	本社収支	受注	
202601	013090200	2	総売上高	0.0	0.0	0.0		0.0	0.0	本社収支		
202601	013090200	3	売上高	0.0	0.0	0.0		0.0	0.0	本社収支	売上	
202601	013090200	4	売上値引	0.0	0.0	0.0		0.0	0.0	本社収支	売上	
202601	013090200	5	売上原価	0.0	0.0	0.0		0.0	0.0	本社収支		
202601	013090200	6	総収益	0.0	0.0	0.0	0.0	0.0	0.0	本社収支		
202601	013090200	7	経費合計	0.0	0.0	0.0	0.0	0.0	0.0	本社収支		
202601	013090200	8	減価償却費	0.0	0.0	0.0	0.0	0.0	0.0	本社収支	経費	減価償却費
202601	013090200	9	車輛費	0.0	0.0	0.0	0.0	0.0	0.0	本社収支	経費	車輛費
202601	013090200	10	旅費交通費	0.0	0.0	0.0	0.0	0.0	0.0	本社収支	経費	旅費交通費
202601	013090200	11	運賃	0.0	0.0	0.0	0.0	0.0	0.0	本社収支	経費	運賃
202601	013090200	12	通信費	0.0	0.0	0.0	0.0	0.0	0.0	本社収支	経費	通信費
202601	013090200	13	水道光熱費	0.0	0.0	0.0	0.0	0.0	0.0	本社収支	経費	水道光熱費
202601	013090200	14	事務用品費	0.0	0.0	0.0	0.0	0.0	0.0	本社収支	経費	事務用品費
202601	013090200	15	備品消耗品費	0.0	0.0	0.0	0.0	0.0	0.0	本社収支	経費	備品消耗品費
202601	013090200	16	広告宣伝費	0.0	0.0	0.0	0.0	0.0	0.0	本社収支	経費	広告宣伝費
202601	013090200	17	交際費	0.0	0.0	0.0	0.0	0.0	0.0	本社収支	経費	交際費
202601	013090200	18	賃借料	0.0	0.0	0.0	0.0	0.0	0.0	本社収支	経費	賃借料
202601	013090200	19	修繕費	0.0	0.0	0.0	0.0	0.0	0.0	本社収支	経費	修繕費
202601	013090200	20	リース料	0.0	0.0	0.0	0.0	0.0	0.0	本社収支	経費	リース料
202601	013090200	21	保険料	0.0	0.0	0.0	0.0	0.0	0.0	本社収支	経費	保険料
202601	013090200	22	支払手数料	0.0	0.0	0.0	0.0	0.0	0.0	本社収支	経費	支払手数料
202601	013090200	23	諸会費	0.0	0.0	0.0	0.0	0.0	0.0	本社収支	経費	諸会費
202601	013090200	24	会議費	0.0	0.0	0.0	0.0	0.0	0.0	本社収支	経費	会議費
202601	013090200	25	寄附金	0.0	0.0	0.0	0.0	0.0	0.0	本社収支	経費	寄附金
202601	013090200	26	租税公課	0.0	0.0	0.0	0.0	0.0	0.0	本社収支	経費	租税公課
202601	013090200	27	貸倒金	0.0	0.0	0.0	0.0	0.0	0.0	本社収支	経費	貸倒金
202601	013090200	28	情報機器利用料	0.0	0.0	0.0	0.0	0.0	0.0	本社収支	経費	情報機器利用料
202601	013090200	29	雑費	0.0	0.0	0.0	0.0	0.0	0.0	本社収支	経費	雑費
202601	013090200	30	新聞図書費	0.0	0.0	0.0	0.0	0.0	0.0	本社収支	経費	新聞図書費
202601	013090200	32	雑給	0.0	0.0	0.0	0.0	0.0	0.0	本社収支	経費	雑給
202601	013090200	33	社内金利（固定資産）	0.0	0.0	0.0	0.0	0.0	0.0	本社収支	経費	社内金利（固定資産）
202601	013090200	34	社内金利（売掛金）	0.0	0.0	0.0	0.0	0.0	0.0	本社収支	経費	社内金利（売掛金）
202601	013090200	35	部門共通（経費）	0.0	0.0	0.0	0.0	0.0	0.0	本社収支	経費	部門共通（経費）
202601	013090200	36	グループ共通	0.0	0.0	0.0	0.0	0.0	0.0	本社収支	経費	グループ共通
202601	013090200	37	差引収益	0.0	0.0	0.0	0.0	0.0	0.0	本社収支		
202601	013090200	38	差引比率	0.0	0.0	0.0		0.0	0.0	本社収支		
202601	013090200	39	総時間	0.0	0.0	0.0		0.0	0.0	本社収支		
202601	013090200	40	定時間	0.0	0.0	0.0		0.0	0.0	本社収支	時間	
202601	013090200	41	残業時間	0.0	0.0	0.0		0.0	0.0	本社収支	時間	
202601	013090200	42	移動時間	0.0	0.0	0.0		0.0	0.0	本社収支	時間	
202601	013090200	43	部門共通（時間）	0.0	0.0	0.0		0.0	0.0	本社収支	時間	
202601	013090200	44	当月時間当り	0.0	0.0	0.0		0.0	0.0	本社収支		
202601	013090200	45	人員	0.0	0.0	0.0		0.0	0.0	本社収支		
202602	013090200	1	総受注高	0.0	0.0	0.0		0.0	0.0	本社収支	受注	
202602	013090200	2	総売上高	0.0	0.0	0.0		0.0	0.0	本社収支		
202602	013090200	3	売上高	0.0	0.0	0.0		0.0	0.0	本社収支	売上	
202602	013090200	4	売上値引	0.0	0.0	0.0		0.0	0.0	本社収支	売上	
202602	013090200	5	売上原価	0.0	0.0	0.0		0.0	0.0	本社収支		
202602	013090200	6	総収益	0.0	0.0	0.0	0.0	0.0	0.0	本社収支		
202602	013090200	7	経費合計	0.0	0.0	0.0	0.0	0.0	0.0	本社収支		
202602	013090200	8	減価償却費	0.0	0.0	0.0	0.0	0.0	0.0	本社収支	経費	減価償却費
202602	013090200	9	車輛費	0.0	0.0	0.0	0.0	0.0	0.0	本社収支	経費	車輛費
202602	013090200	10	旅費交通費	0.0	0.0	0.0	0.0	0.0	0.0	本社収支	経費	旅費交通費
202602	013090200	11	運賃	0.0	0.0	0.0	0.0	0.0	0.0	本社収支	経費	運賃
202602	013090200	12	通信費	0.0	0.0	0.0	0.0	0.0	0.0	本社収支	経費	通信費
202602	013090200	13	水道光熱費	0.0	0.0	0.0	0.0	0.0	0.0	本社収支	経費	水道光熱費
202602	013090200	14	事務用品費	0.0	0.0	0.0	0.0	0.0	0.0	本社収支	経費	事務用品費
202602	013090200	15	備品消耗品費	0.0	0.0	0.0	0.0	0.0	0.0	本社収支	経費	備品消耗品費
202602	013090200	16	広告宣伝費	0.0	0.0	0.0	0.0	0.0	0.0	本社収支	経費	広告宣伝費
202602	013090200	17	交際費	0.0	0.0	0.0	0.0	0.0	0.0	本社収支	経費	交際費
202602	013090200	18	賃借料	0.0	0.0	0.0	0.0	0.0	0.0	本社収支	経費	賃借料
202602	013090200	19	修繕費	0.0	0.0	0.0	0.0	0.0	0.0	本社収支	経費	修繕費
202602	013090200	20	リース料	0.0	0.0	0.0	0.0	0.0	0.0	本社収支	経費	リース料
202602	013090200	21	保険料	0.0	0.0	0.0	0.0	0.0	0.0	本社収支	経費	保険料
202602	013090200	22	支払手数料	0.0	0.0	0.0	0.0	0.0	0.0	本社収支	経費	支払手数料
202602	013090200	23	諸会費	0.0	0.0	0.0	0.0	0.0	0.0	本社収支	経費	諸会費
202602	013090200	24	会議費	0.0	0.0	0.0	0.0	0.0	0.0	本社収支	経費	会議費
202602	013090200	25	寄附金	0.0	0.0	0.0	0.0	0.0	0.0	本社収支	経費	寄附金
202602	013090200	26	租税公課	0.0	0.0	0.0	0.0	0.0	0.0	本社収支	経費	租税公課
202602	013090200	27	貸倒金	0.0	0.0	0.0	0.0	0.0	0.0	本社収支	経費	貸倒金
202602	013090200	28	情報機器利用料	0.0	0.0	0.0	0.0	0.0	0.0	本社収支	経費	情報機器利用料
202602	013090200	29	雑費	0.0	0.0	0.0	0.0	0.0	0.0	本社収支	経費	雑費
202602	013090200	30	新聞図書費	0.0	0.0	0.0	0.0	0.0	0.0	本社収支	経費	新聞図書費
202602	013090200	32	雑給	0.0	0.0	0.0	0.0	0.0	0.0	本社収支	経費	雑給
202602	013090200	33	社内金利（固定資産）	0.0	0.0	0.0	0.0	0.0	0.0	本社収支	経費	社内金利（固定資産）
202602	013090200	34	社内金利（売掛金）	0.0	0.0	0.0	0.0	0.0	0.0	本社収支	経費	社内金利（売掛金）
202602	013090200	35	部門共通（経費）	0.0	0.0	0.0	0.0	0.0	0.0	本社収支	経費	部門共通（経費）
202602	013090200	36	グループ共通	0.0	0.0	0.0	0.0	0.0	0.0	本社収支	経費	グループ共通
202602	013090200	37	差引収益	0.0	0.0	0.0	0.0	0.0	0.0	本社収支		
202602	013090200	38	差引比率	0.0	0.0	0.0		0.0	0.0	本社収支		
202602	013090200	39	総時間	0.0	0.0	0.0		0.0	0.0	本社収支		
202602	013090200	40	定時間	0.0	0.0	0.0		0.0	0.0	本社収支	時間	
202602	013090200	41	残業時間	0.0	0.0	0.0		0.0	0.0	本社収支	時間	
202602	013090200	42	移動時間	0.0	0.0	0.0		0.0	0.0	本社収支	時間	
202602	013090200	43	部門共通（時間）	0.0	0.0	0.0		0.0	0.0	本社収支	時間	
202602	013090200	44	当月時間当り	0.0	0.0	0.0		0.0	0.0	本社収支		
202602	013090200	45	人員	0.0	0.0	0.0		0.0	0.0	本社収支		
202204	310A10500	1	総受注高	64550000.0	64550000.0	36467026.0		56.4	56.4	アグリコ	受注	
202204	310A10500	2	総売上高	64550000.0	64550000.0	36467026.0		56.4	56.4	アグリコ		
202204	310A10500	3	売上高	65290000.0	65290000.0	36976819.0		56.6	56.6	アグリコ	売上	
202204	310A10500	4	売上値引	-740000.0	-740000.0	-509793.0		0.0	0.0	アグリコ	売上	
202204	310A10500	5	売上原価	56497000.0	56497000.0	31533905.0		55.8	55.8	アグリコ		
202204	310A10500	6	総収益	8053000.0	8053000.0	4933121.0	13.5	61.2	61.2	アグリコ		
202204	310A10500	7	経費合計	520623.0	520623.0	586852.0	1.6	112.7	112.7	アグリコ		
202204	310A10500	8	減価償却費	0.0	0.0	0.0	0.0	0.0	0.0	アグリコ	経費	減価償却費
202204	310A10500	9	車輛費	43000.0	43000.0	35392.0	0.0	82.3	82.3	アグリコ	経費	車輛費
202204	310A10500	10	旅費交通費	20000.0	20000.0	50100.0	0.1	250.5	250.5	アグリコ	経費	旅費交通費
202204	310A10500	11	運賃	318000.0	318000.0	362090.0	0.9	113.8	113.8	アグリコ	経費	運賃
202204	310A10500	12	通信費	20000.0	20000.0	8795.0	0.0	43.9	43.9	アグリコ	経費	通信費
202204	310A10500	13	水道光熱費	0.0	0.0	0.0	0.0	0.0	0.0	アグリコ	経費	水道光熱費
202204	310A10500	14	事務用品費	0.0	0.0	4033.0	0.0	0.0	0.0	アグリコ	経費	事務用品費
202204	310A10500	15	備品消耗品費	6588.0	6588.0	0.0	0.0	0.0	0.0	アグリコ	経費	備品消耗品費
202204	310A10500	16	広告宣伝費	0.0	0.0	33346.0	0.0	0.0	0.0	アグリコ	経費	広告宣伝費
202204	310A10500	17	交際費	0.0	0.0	0.0	0.0	0.0	0.0	アグリコ	経費	交際費
202204	310A10500	18	賃借料	46295.0	46295.0	46295.0	0.1	100.0	100.0	アグリコ	経費	賃借料
202204	310A10500	19	修繕費	0.0	0.0	0.0	0.0	0.0	0.0	アグリコ	経費	修繕費
202204	310A10500	20	リース料	8600.0	8600.0	8600.0	0.0	100.0	100.0	アグリコ	経費	リース料
202204	310A10500	21	保険料	33320.0	33320.0	22390.0	0.0	67.1	67.1	アグリコ	経費	保険料
202204	310A10500	22	支払手数料	24820.0	24820.0	15811.0	0.0	63.7	63.7	アグリコ	経費	支払手数料
202204	310A10500	23	諸会費	0.0	0.0	0.0	0.0	0.0	0.0	アグリコ	経費	諸会費
202204	310A10500	24	会議費	0.0	0.0	0.0	0.0	0.0	0.0	アグリコ	経費	会議費
202204	310A10500	25	寄附金	0.0	0.0	0.0	0.0	0.0	0.0	アグリコ	経費	寄附金
202204	310A10500	26	租税公課	0.0	0.0	0.0	0.0	0.0	0.0	アグリコ	経費	租税公課
202204	310A10500	27	貸倒金	0.0	0.0	0.0	0.0	0.0	0.0	アグリコ	経費	貸倒金
202204	310A10500	28	情報機器利用料	0.0	0.0	0.0	0.0	0.0	0.0	アグリコ	経費	情報機器利用料
202204	310A10500	29	雑費	0.0	0.0	0.0	0.0	0.0	0.0	アグリコ	経費	雑費
202204	310A10500	30	新聞図書費	0.0	0.0	0.0	0.0	0.0	0.0	アグリコ	経費	新聞図書費
202204	310A10500	32	雑給	0.0	0.0	0.0	0.0	0.0	0.0	アグリコ	経費	雑給
202204	310A10500	33	社内金利（固定資産）	0.0	0.0	0.0	0.0	0.0	0.0	アグリコ	経費	社内金利（固定資産）
202204	310A10500	34	社内金利（売掛金）	0.0	0.0	0.0	0.0	0.0	0.0	アグリコ	経費	社内金利（売掛金）
202204	310A10500	35	部門共通（経費）	0.0	0.0	0.0	0.0	0.0	0.0	アグリコ	経費	部門共通（経費）
202204	310A10500	36	グループ共通	0.0	0.0	0.0	0.0	0.0	0.0	アグリコ	経費	グループ共通
202204	310A10500	37	差引収益	7532377.0	7532377.0	4346269.0	11.9	57.7	57.7	アグリコ		
202204	310A10500	38	差引比率	11.6	11.6	11.9		102.5	102.5	アグリコ		
202204	310A10500	39	総時間	187.0	187.0	167.25		89.4	89.4	アグリコ		
202204	310A10500	40	定時間	184.0	184.0	164.0		89.1	89.1	アグリコ	時間	
202204	310A10500	41	残業時間	3.0	3.0	3.25		108.3	108.3	アグリコ	時間	
202204	310A10500	42	移動時間	0.0	0.0	0.0		0.0	0.0	アグリコ	時間	
202204	310A10500	43	部門共通（時間）	0.0	0.0	0.0		0.0	0.0	アグリコ	時間	
202204	310A10500	44	当月時間当り	40280.0	40280.0	25986.6		64.5	64.5	アグリコ		
202204	310A10500	45	人員	1.0	1.0	1.0		100.0	100.0	アグリコ		
202205	310A10500	1	総受注高	24290000.0	24390000.0	32732403.0		134.2	134.7	アグリコ	受注	
202205	310A10500	2	総売上高	24290000.0	24390000.0	32732403.0		134.2	134.7	アグリコ		
202205	310A10500	3	売上高	24850000.0	24952000.0	33727046.0		135.1	135.7	アグリコ	売上	
202205	310A10500	4	売上値引	-560000.0	-562000.0	-994643.0		0.0	0.0	アグリコ	売上	
202205	310A10500	5	売上原価	20237000.0	20320000.0	28496835.0		140.2	140.8	アグリコ		
202205	310A10500	6	総収益	4053000.0	4070000.0	4235568.0	12.9	104.0	104.5	アグリコ		
202205	310A10500	7	経費合計	921445.0	921445.0	769784.0	2.3	83.5	83.5	アグリコ		
202205	310A10500	8	減価償却費	0.0	0.0	0.0	0.0	0.0	0.0	アグリコ	経費	減価償却費
202205	310A10500	9	車輛費	80680.0	80680.0	88356.0	0.2	109.5	109.5	アグリコ	経費	車輛費
202205	310A10500	10	旅費交通費	10000.0	10000.0	18176.0	0.0	181.7	181.7	アグリコ	経費	旅費交通費
202205	310A10500	11	運賃	688000.0	688000.0	421215.0	1.2	61.2	61.2	アグリコ	経費	運賃
202205	310A10500	12	通信費	7700.0	7700.0	24964.0	0.0	324.2	324.2	アグリコ	経費	通信費
202205	310A10500	13	水道光熱費	0.0	0.0	0.0	0.0	0.0	0.0	アグリコ	経費	水道光熱費
202205	310A10500	14	事務用品費	0.0	0.0	5651.0	0.0	0.0	0.0	アグリコ	経費	事務用品費
202205	310A10500	15	備品消耗品費	750.0	750.0	0.0	0.0	0.0	0.0	アグリコ	経費	備品消耗品費
202205	310A10500	16	広告宣伝費	0.0	0.0	27791.0	0.0	0.0	0.0	アグリコ	経費	広告宣伝費
202205	310A10500	17	交際費	0.0	0.0	0.0	0.0	0.0	0.0	アグリコ	経費	交際費
202205	310A10500	18	賃借料	46295.0	46295.0	46295.0	0.1	100.0	100.0	アグリコ	経費	賃借料
202205	310A10500	19	修繕費	0.0	0.0	0.0	0.0	0.0	0.0	アグリコ	経費	修繕費
202205	310A10500	20	リース料	8600.0	8600.0	8600.0	0.0	100.0	100.0	アグリコ	経費	リース料
202205	310A10500	21	保険料	33320.0	33320.0	22390.0	0.0	67.1	67.1	アグリコ	経費	保険料
202205	310A10500	22	支払手数料	46100.0	46100.0	35846.0	0.1	77.7	77.7	アグリコ	経費	支払手数料
202205	310A10500	23	諸会費	0.0	0.0	0.0	0.0	0.0	0.0	アグリコ	経費	諸会費
202205	310A10500	24	会議費	0.0	0.0	0.0	0.0	0.0	0.0	アグリコ	経費	会議費
202205	310A10500	25	寄附金	0.0	0.0	0.0	0.0	0.0	0.0	アグリコ	経費	寄附金
202205	310A10500	26	租税公課	0.0	0.0	70500.0	0.2	0.0	0.0	アグリコ	経費	租税公課
202205	310A10500	27	貸倒金	0.0	0.0	0.0	0.0	0.0	0.0	アグリコ	経費	貸倒金
202205	310A10500	28	情報機器利用料	0.0	0.0	0.0	0.0	0.0	0.0	アグリコ	経費	情報機器利用料
202205	310A10500	29	雑費	0.0	0.0	0.0	0.0	0.0	0.0	アグリコ	経費	雑費
202205	310A10500	30	新聞図書費	0.0	0.0	0.0	0.0	0.0	0.0	アグリコ	経費	新聞図書費
202205	310A10500	32	雑給	0.0	0.0	0.0	0.0	0.0	0.0	アグリコ	経費	雑給
202205	310A10500	33	社内金利（固定資産）	0.0	0.0	0.0	0.0	0.0	0.0	アグリコ	経費	社内金利（固定資産）
202205	310A10500	34	社内金利（売掛金）	0.0	0.0	0.0	0.0	0.0	0.0	アグリコ	経費	社内金利（売掛金）
202205	310A10500	35	部門共通（経費）	0.0	0.0	0.0	0.0	0.0	0.0	アグリコ	経費	部門共通（経費）
202205	310A10500	36	グループ共通	0.0	0.0	0.0	0.0	0.0	0.0	アグリコ	経費	グループ共通
202205	310A10500	37	差引収益	3131555.0	3148555.0	3465784.0	10.5	110.0	110.6	アグリコ		
202205	310A10500	38	差引比率	12.8	12.9	10.5		81.3	82.0	アグリコ		
202205	310A10500	39	総時間	162.0	162.0	161.0		99.3	99.3	アグリコ		
202205	310A10500	40	定時間	160.0	160.0	152.0		95.0	95.0	アグリコ	時間	
202205	310A10500	41	残業時間	2.0	2.0	9.0		450.0	450.0	アグリコ	時間	
202205	310A10500	42	移動時間	0.0	0.0	0.0		0.0	0.0	アグリコ	時間	
202205	310A10500	43	部門共通（時間）	0.0	0.0	0.0		0.0	0.0	アグリコ	時間	
202205	310A10500	44	当月時間当り	19330.5	19435.5	21526.6		110.7	111.3	アグリコ		
202205	310A10500	45	人員	1.0	1.0	1.0		100.0	100.0	アグリコ		
202206	310A10500	1	総受注高	48670000.0	41670000.0	42618019.0		102.2	87.5	アグリコ	受注	
202206	310A10500	2	総売上高	48670000.0	41670000.0	42618019.0		102.2	87.5	アグリコ		
202206	310A10500	3	売上高	49330000.0	42235000.0	43283569.0		102.4	87.7	アグリコ	売上	
202206	310A10500	4	売上値引	-660000.0	-565000.0	-665550.0		0.0	0.0	アグリコ	売上	
202206	310A10500	5	売上原価	42537000.0	36419000.0	36825439.0		101.1	86.5	アグリコ		
202206	310A10500	6	総収益	6133000.0	5251000.0	5792580.0	13.5	110.3	94.4	アグリコ		
202206	310A10500	7	経費合計	479585.0	639585.0	807545.0	1.8	126.2	168.3	アグリコ		
202206	310A10500	8	減価償却費	0.0	0.0	0.0	0.0	0.0	0.0	アグリコ	経費	減価償却費
202206	310A10500	9	車輛費	66000.0	66000.0	125986.0	0.2	190.8	190.8	アグリコ	経費	車輛費
202206	310A10500	10	旅費交通費	20000.0	180000.0	194271.0	0.4	107.9	971.3	アグリコ	経費	旅費交通費
202206	310A10500	11	運賃	263000.0	263000.0	360285.0	0.8	136.9	136.9	アグリコ	経費	運賃
202206	310A10500	12	通信費	15300.0	15300.0	9172.0	0.0	59.9	59.9	アグリコ	経費	通信費
202206	310A10500	13	水道光熱費	0.0	0.0	0.0	0.0	0.0	0.0	アグリコ	経費	水道光熱費
202206	310A10500	14	事務用品費	0.0	0.0	3216.0	0.0	0.0	0.0	アグリコ	経費	事務用品費
202206	310A10500	15	備品消耗品費	1750.0	1750.0	2980.0	0.0	170.2	170.2	アグリコ	経費	備品消耗品費
202206	310A10500	16	広告宣伝費	0.0	0.0	-25659.0	0.0	0.0	0.0	アグリコ	経費	広告宣伝費
202206	310A10500	17	交際費	0.0	0.0	0.0	0.0	0.0	0.0	アグリコ	経費	交際費
202206	310A10500	18	賃借料	46295.0	46295.0	46295.0	0.1	100.0	100.0	アグリコ	経費	賃借料
202206	310A10500	19	修繕費	0.0	0.0	0.0	0.0	0.0	0.0	アグリコ	経費	修繕費
202206	310A10500	20	リース料	8600.0	8600.0	8600.0	0.0	100.0	100.0	アグリコ	経費	リース料
202206	310A10500	21	保険料	33320.0	33320.0	55180.0	0.1	165.6	165.6	アグリコ	経費	保険料
202206	310A10500	22	支払手数料	25320.0	25320.0	27219.0	0.0	107.5	107.5	アグリコ	経費	支払手数料
202206	310A10500	23	諸会費	0.0	0.0	0.0	0.0	0.0	0.0	アグリコ	経費	諸会費
202206	310A10500	24	会議費	0.0	0.0	0.0	0.0	0.0	0.0	アグリコ	経費	会議費
202206	310A10500	25	寄附金	0.0	0.0	0.0	0.0	0.0	0.0	アグリコ	経費	寄附金
202206	310A10500	26	租税公課	0.0	0.0	0.0	0.0	0.0	0.0	アグリコ	経費	租税公課
202206	310A10500	27	貸倒金	0.0	0.0	0.0	0.0	0.0	0.0	アグリコ	経費	貸倒金
202206	310A10500	28	情報機器利用料	0.0	0.0	0.0	0.0	0.0	0.0	アグリコ	経費	情報機器利用料
202206	310A10500	29	雑費	0.0	0.0	0.0	0.0	0.0	0.0	アグリコ	経費	雑費
202206	310A10500	30	新聞図書費	0.0	0.0	0.0	0.0	0.0	0.0	アグリコ	経費	新聞図書費
202206	310A10500	32	雑給	0.0	0.0	0.0	0.0	0.0	0.0	アグリコ	経費	雑給
202206	310A10500	33	社内金利（固定資産）	0.0	0.0	0.0	0.0	0.0	0.0	アグリコ	経費	社内金利（固定資産）
202206	310A10500	34	社内金利（売掛金）	0.0	0.0	0.0	0.0	0.0	0.0	アグリコ	経費	社内金利（売掛金）
202206	310A10500	35	部門共通（経費）	0.0	0.0	0.0	0.0	0.0	0.0	アグリコ	経費	部門共通（経費）
202206	310A10500	36	グループ共通	0.0	0.0	0.0	0.0	0.0	0.0	アグリコ	経費	グループ共通
202206	310A10500	37	差引収益	5653415.0	4611415.0	4985035.0	11.6	108.1	88.1	アグリコ		
202206	310A10500	38	差引比率	11.6	11.0	11.6		105.4	100.0	アグリコ		
202206	310A10500	39	総時間	186.0	186.0	194.0		104.3	104.3	アグリコ		
202206	310A10500	40	定時間	184.0	184.0	184.0		100.0	100.0	アグリコ	時間	
202206	310A10500	41	残業時間	2.0	2.0	10.0		500.0	500.0	アグリコ	時間	
202206	310A10500	42	移動時間	0.0	0.0	0.0		0.0	0.0	アグリコ	時間	
202206	310A10500	43	部門共通（時間）	0.0	0.0	0.0		0.0	0.0	アグリコ	時間	
202206	310A10500	44	当月時間当り	30394.7	24792.5	25696.0		103.6	84.5	アグリコ		
202206	310A10500	45	人員	1.0	1.0	1.0		100.0	100.0	アグリコ		
202207	310A10500	1	総受注高	30760000.0	30760000.0	24728393.0		80.3	80.3	アグリコ	受注	
202207	310A10500	2	総売上高	30760000.0	30760000.0	24728393.0		80.3	80.3	アグリコ		
202207	310A10500	3	売上高	31440000.0	31440000.0	25323362.0		80.5	80.5	アグリコ	売上	
202207	310A10500	4	売上値引	-680000.0	-680000.0	-594969.0		0.0	0.0	アグリコ	売上	
202207	310A10500	5	売上原価	26250000.0	26250000.0	21063910.0		80.2	80.2	アグリコ		
202207	310A10500	6	総収益	4510000.0	4510000.0	3664483.0	14.8	81.2	81.2	アグリコ		
202207	310A10500	7	経費合計	874153.0	874153.0	779117.0	3.1	89.1	89.1	アグリコ		
202207	310A10500	8	減価償却費	0.0	0.0	0.0	0.0	0.0	0.0	アグリコ	経費	減価償却費
202207	310A10500	9	車輛費	220000.0	220000.0	66784.0	0.2	30.3	30.3	アグリコ	経費	車輛費
202207	310A10500	10	旅費交通費	10000.0	10000.0	0.0	0.0	0.0	0.0	アグリコ	経費	旅費交通費
202207	310A10500	11	運賃	486000.0	486000.0	489780.0	1.9	100.7	100.7	アグリコ	経費	運賃
202207	310A10500	12	通信費	15300.0	15300.0	18484.0	0.0	120.8	120.8	アグリコ	経費	通信費
202207	310A10500	13	水道光熱費	0.0	0.0	0.0	0.0	0.0	0.0	アグリコ	経費	水道光熱費
202207	310A10500	14	事務用品費	0.0	0.0	972.0	0.0	0.0	0.0	アグリコ	経費	事務用品費
202207	310A10500	15	備品消耗品費	4838.0	4838.0	0.0	0.0	0.0	0.0	アグリコ	経費	備品消耗品費
202207	310A10500	16	広告宣伝費	0.0	0.0	0.0	0.0	0.0	0.0	アグリコ	経費	広告宣伝費
202207	310A10500	17	交際費	0.0	0.0	0.0	0.0	0.0	0.0	アグリコ	経費	交際費
202207	310A10500	18	賃借料	46295.0	46295.0	46295.0	0.1	100.0	100.0	アグリコ	経費	賃借料
202207	310A10500	19	修繕費	0.0	0.0	0.0	0.0	0.0	0.0	アグリコ	経費	修繕費
202207	310A10500	20	リース料	8600.0	8600.0	8600.0	0.0	100.0	100.0	アグリコ	経費	リース料
202207	310A10500	21	保険料	33320.0	33320.0	33320.0	0.1	100.0	100.0	アグリコ	経費	保険料
202207	310A10500	22	支払手数料	29800.0	29800.0	16792.0	0.0	56.3	56.3	アグリコ	経費	支払手数料
202207	310A10500	23	諸会費	0.0	0.0	0.0	0.0	0.0	0.0	アグリコ	経費	諸会費
202207	310A10500	24	会議費	0.0	0.0	0.0	0.0	0.0	0.0	アグリコ	経費	会議費
202207	310A10500	25	寄附金	0.0	0.0	0.0	0.0	0.0	0.0	アグリコ	経費	寄附金
202207	310A10500	26	租税公課	20000.0	20000.0	55280.0	0.2	276.4	276.4	アグリコ	経費	租税公課
202207	310A10500	27	貸倒金	0.0	0.0	0.0	0.0	0.0	0.0	アグリコ	経費	貸倒金
202207	310A10500	28	情報機器利用料	0.0	0.0	0.0	0.0	0.0	0.0	アグリコ	経費	情報機器利用料
202207	310A10500	29	雑費	0.0	0.0	42810.0	0.1	0.0	0.0	アグリコ	経費	雑費
202207	310A10500	30	新聞図書費	0.0	0.0	0.0	0.0	0.0	0.0	アグリコ	経費	新聞図書費
202207	310A10500	32	雑給	0.0	0.0	0.0	0.0	0.0	0.0	アグリコ	経費	雑給
202207	310A10500	33	社内金利（固定資産）	0.0	0.0	0.0	0.0	0.0	0.0	アグリコ	経費	社内金利（固定資産）
202207	310A10500	34	社内金利（売掛金）	0.0	0.0	0.0	0.0	0.0	0.0	アグリコ	経費	社内金利（売掛金）
202207	310A10500	35	部門共通（経費）	0.0	0.0	0.0	0.0	0.0	0.0	アグリコ	経費	部門共通（経費）
202207	310A10500	36	グループ共通	0.0	0.0	0.0	0.0	0.0	0.0	アグリコ	経費	グループ共通
202207	310A10500	37	差引収益	3635847.0	3635847.0	2885366.0	11.6	79.3	79.3	アグリコ		
202207	310A10500	38	差引比率	11.8	11.8	11.6		98.3	98.3	アグリコ		
202207	310A10500	39	総時間	186.0	186.0	176.75		95.0	95.0	アグリコ		
202207	310A10500	40	定時間	184.0	184.0	176.0		95.6	95.6	アグリコ	時間	
202207	310A10500	41	残業時間	2.0	2.0	0.75		37.5	37.5	アグリコ	時間	
202207	310A10500	42	移動時間	0.0	0.0	0.0		0.0	0.0	アグリコ	時間	
202207	310A10500	43	部門共通（時間）	0.0	0.0	0.0		0.0	0.0	アグリコ	時間	
202207	310A10500	44	当月時間当り	19547.5	19547.5	16324.5		83.5	83.5	アグリコ		
202207	310A10500	45	人員	1.0	1.0	1.0		100.0	100.0	アグリコ		
202208	310A10500	1	総受注高	21640000.0	21640000.0	23168284.0		107.0	107.0	アグリコ	受注	
202208	310A10500	2	総売上高	21640000.0	21640000.0	23168284.0		107.0	107.0	アグリコ		
202208	310A10500	3	売上高	22880000.0	22880000.0	24058579.0		105.1	105.1	アグリコ	売上	
202208	310A10500	4	売上値引	-1240000.0	-1240000.0	-890295.0		0.0	0.0	アグリコ	売上	
202208	310A10500	5	売上原価	18963000.0	18963000.0	20282105.0		106.9	106.9	アグリコ		
202208	310A10500	6	総収益	2677000.0	2677000.0	2886179.0	12.4	107.8	107.8	アグリコ		
202208	310A10500	7	経費合計	4184715.0	4244715.0	4333448.0	18.7	102.0	103.5	アグリコ		
202208	310A10500	8	減価償却費	0.0	0.0	0.0	0.0	0.0	0.0	アグリコ	経費	減価償却費
202208	310A10500	9	車輛費	78000.0	78000.0	162467.0	0.7	208.2	208.2	アグリコ	経費	車輛費
202208	310A10500	10	旅費交通費	0.0	0.0	0.0	0.0	0.0	0.0	アグリコ	経費	旅費交通費
202208	310A10500	11	運賃	448000.0	448000.0	312530.0	1.3	69.7	69.7	アグリコ	経費	運賃
202208	310A10500	12	通信費	15100.0	15100.0	15953.0	0.0	105.6	105.6	アグリコ	経費	通信費
202208	310A10500	13	水道光熱費	0.0	0.0	0.0	0.0	0.0	0.0	アグリコ	経費	水道光熱費
202208	310A10500	14	事務用品費	0.0	60000.0	187797.0	0.8	312.9	0.0	アグリコ	経費	事務用品費
202208	310A10500	15	備品消耗品費	1750.0	1750.0	0.0	0.0	0.0	0.0	アグリコ	経費	備品消耗品費
202208	310A10500	16	広告宣伝費	30000.0	30000.0	27273.0	0.1	90.9	90.9	アグリコ	経費	広告宣伝費
202208	310A10500	17	交際費	0.0	0.0	0.0	0.0	0.0	0.0	アグリコ	経費	交際費
202208	310A10500	18	賃借料	46295.0	46295.0	46295.0	0.1	100.0	100.0	アグリコ	経費	賃借料
202208	310A10500	19	修繕費	0.0	0.0	0.0	0.0	0.0	0.0	アグリコ	経費	修繕費
202208	310A10500	20	リース料	8600.0	8600.0	8600.0	0.0	100.0	100.0	アグリコ	経費	リース料
202208	310A10500	21	保険料	33320.0	33320.0	53050.0	0.2	159.2	159.2	アグリコ	経費	保険料
202208	310A10500	22	支払手数料	3523650.0	3523650.0	3511383.0	15.1	99.6	99.6	アグリコ	経費	支払手数料
202208	310A10500	23	諸会費	0.0	0.0	0.0	0.0	0.0	0.0	アグリコ	経費	諸会費
202208	310A10500	24	会議費	0.0	0.0	0.0	0.0	0.0	0.0	アグリコ	経費	会議費
202208	310A10500	25	寄附金	0.0	0.0	0.0	0.0	0.0	0.0	アグリコ	経費	寄附金
202208	310A10500	26	租税公課	0.0	0.0	8100.0	0.0	0.0	0.0	アグリコ	経費	租税公課
202208	310A10500	27	貸倒金	0.0	0.0	0.0	0.0	0.0	0.0	アグリコ	経費	貸倒金
202208	310A10500	28	情報機器利用料	0.0	0.0	0.0	0.0	0.0	0.0	アグリコ	経費	情報機器利用料
202208	310A10500	29	雑費	0.0	0.0	0.0	0.0	0.0	0.0	アグリコ	経費	雑費
202208	310A10500	30	新聞図書費	0.0	0.0	0.0	0.0	0.0	0.0	アグリコ	経費	新聞図書費
202208	310A10500	32	雑給	0.0	0.0	0.0	0.0	0.0	0.0	アグリコ	経費	雑給
202208	310A10500	33	社内金利（固定資産）	0.0	0.0	0.0	0.0	0.0	0.0	アグリコ	経費	社内金利（固定資産）
202208	310A10500	34	社内金利（売掛金）	0.0	0.0	0.0	0.0	0.0	0.0	アグリコ	経費	社内金利（売掛金）
202208	310A10500	35	部門共通（経費）	0.0	0.0	0.0	0.0	0.0	0.0	アグリコ	経費	部門共通（経費）
202208	310A10500	36	グループ共通	0.0	0.0	0.0	0.0	0.0	0.0	アグリコ	経費	グループ共通
202208	310A10500	37	差引収益	-1507715.0	-1567715.0	-1447269.0	0.0	0.0	0.0	アグリコ		
202208	310A10500	38	差引比率	-6.9	-7.2	-6.2		0.0	0.0	アグリコ		
202208	310A10500	39	総時間	171.0	171.0	161.5		94.4	94.4	アグリコ		
202208	310A10500	40	定時間	168.0	168.0	161.0		95.8	95.8	アグリコ	時間	
202208	310A10500	41	残業時間	3.0	3.0	0.5		16.6	16.6	アグリコ	時間	
202208	310A10500	42	移動時間	0.0	0.0	0.0		0.0	0.0	アグリコ	時間	
202208	310A10500	43	部門共通（時間）	0.0	0.0	0.0		0.0	0.0	アグリコ	時間	
202208	310A10500	44	当月時間当り	-8817.0	-9167.9	-8961.4		0.0	0.0	アグリコ		
202208	310A10500	45	人員	1.0	1.0	1.0		100.0	100.0	アグリコ		
202209	310A10500	1	総受注高	22850000.0	23850000.0	24615788.0		103.2	107.7	アグリコ	受注	
202209	310A10500	2	総売上高	22850000.0	23850000.0	24615788.0		103.2	107.7	アグリコ		
202209	310A10500	3	売上高	23230000.0	24240000.0	25006497.0		103.1	107.6	アグリコ	売上	
202209	310A10500	4	売上値引	-380000.0	-390000.0	-390709.0		0.0	0.0	アグリコ	売上	
202209	310A10500	5	売上原価	19205000.0	20095000.0	20792454.0		103.4	108.2	アグリコ		
202209	310A10500	6	総収益	3645000.0	3755000.0	3823334.0	15.5	101.8	104.8	アグリコ		
202209	310A10500	7	経費合計	712465.0	712465.0	493932.0	2.0	69.3	69.3	アグリコ		
202209	310A10500	8	減価償却費	0.0	0.0	0.0	0.0	0.0	0.0	アグリコ	経費	減価償却費
202209	310A10500	9	車輛費	159000.0	159000.0	56877.0	0.2	35.7	35.7	アグリコ	経費	車輛費
202209	310A10500	10	旅費交通費	10000.0	10000.0	0.0	0.0	0.0	0.0	アグリコ	経費	旅費交通費
202209	310A10500	11	運賃	373000.0	373000.0	288925.0	1.1	77.4	77.4	アグリコ	経費	運賃
202209	310A10500	12	通信費	7500.0	7500.0	7810.0	0.0	104.1	104.1	アグリコ	経費	通信費
202209	310A10500	13	水道光熱費	0.0	0.0	0.0	0.0	0.0	0.0	アグリコ	経費	水道光熱費
202209	310A10500	14	事務用品費	0.0	0.0	7995.0	0.0	0.0	0.0	アグリコ	経費	事務用品費
202209	310A10500	15	備品消耗品費	51750.0	51750.0	0.0	0.0	0.0	0.0	アグリコ	経費	備品消耗品費
202209	310A10500	16	広告宣伝費	0.0	0.0	-27273.0	0.0	0.0	0.0	アグリコ	経費	広告宣伝費
202209	310A10500	17	交際費	0.0	0.0	18182.0	0.0	0.0	0.0	アグリコ	経費	交際費
202209	310A10500	18	賃借料	46295.0	46295.0	46295.0	0.1	100.0	100.0	アグリコ	経費	賃借料
202209	310A10500	19	修繕費	0.0	0.0	0.0	0.0	0.0	0.0	アグリコ	経費	修繕費
202209	310A10500	20	リース料	8600.0	8600.0	8600.0	0.0	100.0	100.0	アグリコ	経費	リース料
202209	310A10500	21	保険料	33320.0	33320.0	33320.0	0.1	100.0	100.0	アグリコ	経費	保険料
202209	310A10500	22	支払手数料	23000.0	23000.0	23201.0	0.0	100.8	100.8	アグリコ	経費	支払手数料
202209	310A10500	23	諸会費	0.0	0.0	0.0	0.0	0.0	0.0	アグリコ	経費	諸会費
202209	310A10500	24	会議費	0.0	0.0	0.0	0.0	0.0	0.0	アグリコ	経費	会議費
202209	310A10500	25	寄附金	0.0	0.0	0.0	0.0	0.0	0.0	アグリコ	経費	寄附金
202209	310A10500	26	租税公課	0.0	0.0	0.0	0.0	0.0	0.0	アグリコ	経費	租税公課
202209	310A10500	27	貸倒金	0.0	0.0	0.0	0.0	0.0	0.0	アグリコ	経費	貸倒金
202209	310A10500	28	情報機器利用料	0.0	0.0	0.0	0.0	0.0	0.0	アグリコ	経費	情報機器利用料
202209	310A10500	29	雑費	0.0	0.0	30000.0	0.1	0.0	0.0	アグリコ	経費	雑費
202209	310A10500	30	新聞図書費	0.0	0.0	0.0	0.0	0.0	0.0	アグリコ	経費	新聞図書費
202209	310A10500	32	雑給	0.0	0.0	0.0	0.0	0.0	0.0	アグリコ	経費	雑給
202209	310A10500	33	社内金利（固定資産）	0.0	0.0	0.0	0.0	0.0	0.0	アグリコ	経費	社内金利（固定資産）
202209	310A10500	34	社内金利（売掛金）	0.0	0.0	0.0	0.0	0.0	0.0	アグリコ	経費	社内金利（売掛金）
202209	310A10500	35	部門共通（経費）	0.0	0.0	0.0	0.0	0.0	0.0	アグリコ	経費	部門共通（経費）
202209	310A10500	36	グループ共通	0.0	0.0	0.0	0.0	0.0	0.0	アグリコ	経費	グループ共通
202209	310A10500	37	差引収益	2932535.0	3042535.0	3329402.0	13.5	109.4	113.5	アグリコ		
202209	310A10500	38	差引比率	12.8	12.7	13.5		106.2	105.4	アグリコ		
202209	310A10500	39	総時間	172.0	172.0	194.25		112.9	112.9	アグリコ		
202209	310A10500	40	定時間	168.0	168.0	192.0		114.2	114.2	アグリコ	時間	
202209	310A10500	41	残業時間	4.0	4.0	2.25		56.2	56.2	アグリコ	時間	
202209	310A10500	42	移動時間	0.0	0.0	0.0		0.0	0.0	アグリコ	時間	
202209	310A10500	43	部門共通（時間）	0.0	0.0	0.0		0.0	0.0	アグリコ	時間	
202209	310A10500	44	当月時間当り	17049.6	17689.1	17139.7		96.8	100.5	アグリコ		
202209	310A10500	45	人員	1.0	1.0	1.0		100.0	100.0	アグリコ		
202210	310A10500	1	総受注高	16000000.0	16000000.0	16952402.0		105.9	105.9	アグリコ	受注	
202210	310A10500	2	総売上高	16000000.0	16000000.0	16952402.0		105.9	105.9	アグリコ		
202210	310A10500	3	売上高	16170000.0	16170000.0	17374161.0		107.4	107.4	アグリコ	売上	
202210	310A10500	4	売上値引	-170000.0	-170000.0	-421759.0		0.0	0.0	アグリコ	売上	
202210	310A10500	5	売上原価	13195000.0	13195000.0	13637501.0		103.3	103.3	アグリコ		
202210	310A10500	6	総収益	2805000.0	2805000.0	3314901.0	19.5	118.1	118.1	アグリコ		
202210	310A10500	7	経費合計	615953.0	615953.0	608397.0	3.5	98.7	98.7	アグリコ		
202210	310A10500	8	減価償却費	0.0	0.0	0.0	0.0	0.0	0.0	アグリコ	経費	減価償却費
202210	310A10500	9	車輛費	223000.0	223000.0	109255.0	0.6	48.9	48.9	アグリコ	経費	車輛費
202210	310A10500	10	旅費交通費	0.0	0.0	0.0	0.0	0.0	0.0	アグリコ	経費	旅費交通費
202210	310A10500	11	運賃	247000.0	247000.0	281065.0	1.6	113.7	113.7	アグリコ	経費	運賃
202210	310A10500	12	通信費	15300.0	15300.0	16463.0	0.0	107.6	107.6	アグリコ	経費	通信費
202210	310A10500	13	水道光熱費	0.0	0.0	0.0	0.0	0.0	0.0	アグリコ	経費	水道光熱費
202210	310A10500	14	事務用品費	0.0	0.0	3882.0	0.0	0.0	0.0	アグリコ	経費	事務用品費
202210	310A10500	15	備品消耗品費	6588.0	6588.0	0.0	0.0	0.0	0.0	アグリコ	経費	備品消耗品費
202210	310A10500	16	広告宣伝費	0.0	0.0	630.0	0.0	0.0	0.0	アグリコ	経費	広告宣伝費
202210	310A10500	17	交際費	0.0	0.0	0.0	0.0	0.0	0.0	アグリコ	経費	交際費
202210	310A10500	18	賃借料	46295.0	46295.0	46295.0	0.2	100.0	100.0	アグリコ	経費	賃借料
202210	310A10500	19	修繕費	0.0	0.0	0.0	0.0	0.0	0.0	アグリコ	経費	修繕費
202210	310A10500	20	リース料	8600.0	8600.0	8600.0	0.0	100.0	100.0	アグリコ	経費	リース料
202210	310A10500	21	保険料	33320.0	33320.0	47600.0	0.2	142.8	142.8	アグリコ	経費	保険料
202210	310A10500	22	支払手数料	24370.0	24370.0	23507.0	0.1	96.4	96.4	アグリコ	経費	支払手数料
202210	310A10500	23	諸会費	2000.0	2000.0	2000.0	0.0	100.0	100.0	アグリコ	経費	諸会費
202210	310A10500	24	会議費	0.0	0.0	0.0	0.0	0.0	0.0	アグリコ	経費	会議費
202210	310A10500	25	寄附金	0.0	0.0	0.0	0.0	0.0	0.0	アグリコ	経費	寄附金
202210	310A10500	26	租税公課	0.0	0.0	69100.0	0.4	0.0	0.0	アグリコ	経費	租税公課
202210	310A10500	27	貸倒金	0.0	0.0	0.0	0.0	0.0	0.0	アグリコ	経費	貸倒金
202210	310A10500	28	情報機器利用料	9480.0	9480.0	0.0	0.0	0.0	0.0	アグリコ	経費	情報機器利用料
202210	310A10500	29	雑費	0.0	0.0	0.0	0.0	0.0	0.0	アグリコ	経費	雑費
202210	310A10500	30	新聞図書費	0.0	0.0	0.0	0.0	0.0	0.0	アグリコ	経費	新聞図書費
202210	310A10500	32	雑給	0.0	0.0	0.0	0.0	0.0	0.0	アグリコ	経費	雑給
202210	310A10500	33	社内金利（固定資産）	0.0	0.0	0.0	0.0	0.0	0.0	アグリコ	経費	社内金利（固定資産）
202210	310A10500	34	社内金利（売掛金）	0.0	0.0	0.0	0.0	0.0	0.0	アグリコ	経費	社内金利（売掛金）
202210	310A10500	35	部門共通（経費）	0.0	0.0	0.0	0.0	0.0	0.0	アグリコ	経費	部門共通（経費）
202210	310A10500	36	グループ共通	0.0	0.0	0.0	0.0	0.0	0.0	アグリコ	経費	グループ共通
202210	310A10500	37	差引収益	2189047.0	2189047.0	2706504.0	15.9	123.6	123.6	アグリコ		
202210	310A10500	38	差引比率	13.6	13.6	15.9		116.9	116.9	アグリコ		
202210	310A10500	39	総時間	170.0	170.0	159.75		93.9	93.9	アグリコ		
202210	310A10500	40	定時間	168.0	168.0	154.0		91.6	91.6	アグリコ	時間	
202210	310A10500	41	残業時間	2.0	2.0	5.75		287.5	287.5	アグリコ	時間	
202210	310A10500	42	移動時間	0.0	0.0	0.0		0.0	0.0	アグリコ	時間	
202210	310A10500	43	部門共通（時間）	0.0	0.0	0.0		0.0	0.0	アグリコ	時間	
202210	310A10500	44	当月時間当り	12876.7	12876.7	16942.1		131.5	131.5	アグリコ		
202210	310A10500	45	人員	1.0	1.0	1.0		100.0	100.0	アグリコ		
202211	310A10500	1	総受注高	10580000.0	10580000.0	13864657.0		131.0	131.0	アグリコ	受注	
202211	310A10500	2	総売上高	10580000.0	10580000.0	13864657.0		131.0	131.0	アグリコ		
202211	310A10500	3	売上高	11080000.0	11080000.0	14221025.0		128.3	128.3	アグリコ	売上	
202211	310A10500	4	売上値引	-500000.0	-500000.0	-356368.0		0.0	0.0	アグリコ	売上	
202211	310A10500	5	売上原価	8545000.0	8485000.0	11795770.0		139.0	138.0	アグリコ		
202211	310A10500	6	総収益	2035000.0	2095000.0	2068887.0	14.9	98.7	101.6	アグリコ		
202211	310A10500	7	経費合計	464515.0	464515.0	434534.0	3.1	93.5	93.5	アグリコ		
202211	310A10500	8	減価償却費	0.0	0.0	0.0	0.0	0.0	0.0	アグリコ	経費	減価償却費
202211	310A10500	9	車輛費	45000.0	45000.0	35583.0	0.2	79.0	79.0	アグリコ	経費	車輛費
202211	310A10500	10	旅費交通費	0.0	0.0	0.0	0.0	0.0	0.0	アグリコ	経費	旅費交通費
202211	310A10500	11	運賃	282000.0	282000.0	230120.0	1.6	81.6	81.6	アグリコ	経費	運賃
202211	310A10500	12	通信費	14500.0	14500.0	29351.0	0.2	202.4	202.4	アグリコ	経費	通信費
202211	310A10500	13	水道光熱費	0.0	0.0	0.0	0.0	0.0	0.0	アグリコ	経費	水道光熱費
202211	310A10500	14	事務用品費	0.0	0.0	2155.0	0.0	0.0	0.0	アグリコ	経費	事務用品費
202211	310A10500	15	備品消耗品費	750.0	750.0	0.0	0.0	0.0	0.0	アグリコ	経費	備品消耗品費
202211	310A10500	16	広告宣伝費	0.0	0.0	36000.0	0.2	0.0	0.0	アグリコ	経費	広告宣伝費
202211	310A10500	17	交際費	0.0	0.0	0.0	0.0	0.0	0.0	アグリコ	経費	交際費
202211	310A10500	18	賃借料	46295.0	46295.0	46295.0	0.3	100.0	100.0	アグリコ	経費	賃借料
202211	310A10500	19	修繕費	0.0	0.0	0.0	0.0	0.0	0.0	アグリコ	経費	修繕費
202211	310A10500	20	リース料	8600.0	8600.0	8600.0	0.0	100.0	100.0	アグリコ	経費	リース料
202211	310A10500	21	保険料	33320.0	33320.0	33320.0	0.2	100.0	100.0	アグリコ	経費	保険料
202211	310A10500	22	支払手数料	24570.0	24570.0	6400.0	0.0	26.0	26.0	アグリコ	経費	支払手数料
202211	310A10500	23	諸会費	0.0	0.0	0.0	0.0	0.0	0.0	アグリコ	経費	諸会費
202211	310A10500	24	会議費	0.0	0.0	0.0	0.0	0.0	0.0	アグリコ	経費	会議費
202211	310A10500	25	寄附金	0.0	0.0	0.0	0.0	0.0	0.0	アグリコ	経費	寄附金
202211	310A10500	26	租税公課	0.0	0.0	0.0	0.0	0.0	0.0	アグリコ	経費	租税公課
202211	310A10500	27	貸倒金	0.0	0.0	0.0	0.0	0.0	0.0	アグリコ	経費	貸倒金
202211	310A10500	28	情報機器利用料	9480.0	9480.0	6710.0	0.0	70.7	70.7	アグリコ	経費	情報機器利用料
202211	310A10500	29	雑費	0.0	0.0	0.0	0.0	0.0	0.0	アグリコ	経費	雑費
202211	310A10500	30	新聞図書費	0.0	0.0	0.0	0.0	0.0	0.0	アグリコ	経費	新聞図書費
202211	310A10500	32	雑給	0.0	0.0	0.0	0.0	0.0	0.0	アグリコ	経費	雑給
202211	310A10500	33	社内金利（固定資産）	0.0	0.0	0.0	0.0	0.0	0.0	アグリコ	経費	社内金利（固定資産）
202211	310A10500	34	社内金利（売掛金）	0.0	0.0	0.0	0.0	0.0	0.0	アグリコ	経費	社内金利（売掛金）
202211	310A10500	35	部門共通（経費）	0.0	0.0	0.0	0.0	0.0	0.0	アグリコ	経費	部門共通（経費）
202211	310A10500	36	グループ共通	0.0	0.0	0.0	0.0	0.0	0.0	アグリコ	経費	グループ共通
202211	310A10500	37	差引収益	1570485.0	1630485.0	1634353.0	11.7	100.2	104.0	アグリコ		
202211	310A10500	38	差引比率	14.8	15.4	11.7		75.9	79.0	アグリコ		
202211	310A10500	39	総時間	154.0	154.0	139.5		90.5	90.5	アグリコ		
202211	310A10500	40	定時間	152.0	152.0	133.75		87.9	87.9	アグリコ	時間	
202211	310A10500	41	残業時間	2.0	2.0	5.75		287.5	287.5	アグリコ	時間	
202211	310A10500	42	移動時間	0.0	0.0	0.0		0.0	0.0	アグリコ	時間	
202211	310A10500	43	部門共通（時間）	0.0	0.0	0.0		0.0	0.0	アグリコ	時間	
202211	310A10500	44	当月時間当り	10197.9	10587.5	11715.7		110.6	114.8	アグリコ		
202211	310A10500	45	人員	1.0	1.0	1.0		100.0	100.0	アグリコ		
202212	310A10500	1	総受注高	9810000.0	6210000.0	7537072.0		121.3	76.8	アグリコ	受注	
202212	310A10500	2	総売上高	9810000.0	6210000.0	7537072.0		121.3	76.8	アグリコ		
202212	310A10500	3	売上高	11670000.0	7610000.0	9097327.0		119.5	77.9	アグリコ	売上	
202212	310A10500	4	売上値引	-1860000.0	-1400000.0	-1560255.0		0.0	0.0	アグリコ	売上	
202212	310A10500	5	売上原価	9300000.0	5660000.0	7079901.0		125.0	76.1	アグリコ		
202212	310A10500	6	総収益	510000.0	550000.0	457171.0	6.0	83.1	89.6	アグリコ		
202212	310A10500	7	経費合計	519495.0	543073.0	476462.0	6.3	87.7	91.7	アグリコ		
202212	310A10500	8	減価償却費	0.0	0.0	0.0	0.0	0.0	0.0	アグリコ	経費	減価償却費
202212	310A10500	9	車輛費	65000.0	95788.0	51287.0	0.6	53.5	78.9	アグリコ	経費	車輛費
202212	310A10500	10	旅費交通費	20000.0	20000.0	0.0	0.0	0.0	0.0	アグリコ	経費	旅費交通費
202212	310A10500	11	運賃	138000.0	138000.0	131650.0	1.7	95.3	95.3	アグリコ	経費	運賃
202212	310A10500	12	通信費	14400.0	14400.0	13770.0	0.1	95.6	95.6	アグリコ	経費	通信費
202212	310A10500	13	水道光熱費	0.0	0.0	0.0	0.0	0.0	0.0	アグリコ	経費	水道光熱費
202212	310A10500	14	事務用品費	0.0	0.0	1858.0	0.0	0.0	0.0	アグリコ	経費	事務用品費
202212	310A10500	15	備品消耗品費	1750.0	1750.0	0.0	0.0	0.0	0.0	アグリコ	経費	備品消耗品費
202212	310A10500	16	広告宣伝費	61300.0	61300.0	79430.0	1.0	129.5	129.5	アグリコ	経費	広告宣伝費
202212	310A10500	17	交際費	72000.0	72000.0	75752.0	1.0	105.2	105.2	アグリコ	経費	交際費
202212	310A10500	18	賃借料	46295.0	46295.0	46295.0	0.6	100.0	100.0	アグリコ	経費	賃借料
202212	310A10500	19	修繕費	0.0	0.0	0.0	0.0	0.0	0.0	アグリコ	経費	修繕費
202212	310A10500	20	リース料	8600.0	8600.0	8600.0	0.1	100.0	100.0	アグリコ	経費	リース料
202212	310A10500	21	保険料	33320.0	26110.0	26110.0	0.3	100.0	78.3	アグリコ	経費	保険料
202212	310A10500	22	支払手数料	19350.0	19350.0	17210.0	0.2	88.9	88.9	アグリコ	経費	支払手数料
202212	310A10500	23	諸会費	0.0	0.0	0.0	0.0	0.0	0.0	アグリコ	経費	諸会費
202212	310A10500	24	会議費	0.0	0.0	0.0	0.0	0.0	0.0	アグリコ	経費	会議費
202212	310A10500	25	寄附金	0.0	0.0	0.0	0.0	0.0	0.0	アグリコ	経費	寄附金
202212	310A10500	26	租税公課	30000.0	30000.0	18400.0	0.2	61.3	61.3	アグリコ	経費	租税公課
202212	310A10500	27	貸倒金	0.0	0.0	0.0	0.0	0.0	0.0	アグリコ	経費	貸倒金
202212	310A10500	28	情報機器利用料	9480.0	9480.0	6100.0	0.0	64.3	64.3	アグリコ	経費	情報機器利用料
202212	310A10500	29	雑費	0.0	0.0	0.0	0.0	0.0	0.0	アグリコ	経費	雑費
202212	310A10500	30	新聞図書費	0.0	0.0	0.0	0.0	0.0	0.0	アグリコ	経費	新聞図書費
202212	310A10500	32	雑給	0.0	0.0	0.0	0.0	0.0	0.0	アグリコ	経費	雑給
202212	310A10500	33	社内金利（固定資産）	0.0	0.0	0.0	0.0	0.0	0.0	アグリコ	経費	社内金利（固定資産）
202212	310A10500	34	社内金利（売掛金）	0.0	0.0	0.0	0.0	0.0	0.0	アグリコ	経費	社内金利（売掛金）
202212	310A10500	35	部門共通（経費）	0.0	0.0	0.0	0.0	0.0	0.0	アグリコ	経費	部門共通（経費）
202212	310A10500	36	グループ共通	0.0	0.0	0.0	0.0	0.0	0.0	アグリコ	経費	グループ共通
202212	310A10500	37	差引収益	-9495.0	6927.0	-19291.0	0.0	0.0	0.0	アグリコ		
202212	310A10500	38	差引比率	0.0	0.1	-0.2		0.0	0.0	アグリコ		
202212	310A10500	39	総時間	162.0	162.0	156.0		96.2	96.2	アグリコ		
202212	310A10500	40	定時間	160.0	160.0	152.0		95.0	95.0	アグリコ	時間	
202212	310A10500	41	残業時間	2.0	2.0	4.0		200.0	200.0	アグリコ	時間	
202212	310A10500	42	移動時間	0.0	0.0	0.0		0.0	0.0	アグリコ	時間	
202212	310A10500	43	部門共通（時間）	0.0	0.0	0.0		0.0	0.0	アグリコ	時間	
202212	310A10500	44	当月時間当り	-58.6	42.7	-123.6		0.0	0.0	アグリコ		
202212	310A10500	45	人員	1.0	1.0	1.0		100.0	100.0	アグリコ		
202301	310A10500	1	総受注高	6520000.0	22700000.0	26492422.0		116.7	406.3	アグリコ	受注	
202301	310A10500	2	総売上高	6520000.0	22700000.0	26492422.0		116.7	406.3	アグリコ		
202301	310A10500	3	売上高	6690000.0	22900000.0	26662723.0		116.4	398.5	アグリコ	売上	
202301	310A10500	4	売上値引	-170000.0	-200000.0	-170301.0		0.0	0.0	アグリコ	売上	
202301	310A10500	5	売上原価	5535000.0	19000000.0	22014992.0		115.8	397.7	アグリコ		
202301	310A10500	6	総収益	985000.0	3700000.0	4477430.0	16.9	121.0	454.5	アグリコ		
202301	310A10500	7	経費合計	452085.0	440265.0	181989.0	0.6	41.3	40.2	アグリコ		
202301	310A10500	8	減価償却費	0.0	0.0	0.0	0.0	0.0	0.0	アグリコ	経費	減価償却費
202301	310A10500	9	車輛費	69680.0	69680.0	0.0	0.0	0.0	0.0	アグリコ	経費	車輛費
202301	310A10500	10	旅費交通費	30000.0	30000.0	85064.0	0.3	283.5	283.5	アグリコ	経費	旅費交通費
202301	310A10500	11	運賃	90000.0	90000.0	0.0	0.0	0.0	0.0	アグリコ	経費	運賃
202301	310A10500	12	通信費	15660.0	15660.0	7636.0	0.0	48.7	48.7	アグリコ	経費	通信費
202301	310A10500	13	水道光熱費	0.0	0.0	0.0	0.0	0.0	0.0	アグリコ	経費	水道光熱費
202301	310A10500	14	事務用品費	0.0	0.0	7459.0	0.0	0.0	0.0	アグリコ	経費	事務用品費
202301	310A10500	15	備品消耗品費	750.0	750.0	2332.0	0.0	310.9	310.9	アグリコ	経費	備品消耗品費
202301	310A10500	16	広告宣伝費	0.0	0.0	-27273.0	0.0	0.0	0.0	アグリコ	経費	広告宣伝費
202301	310A10500	17	交際費	0.0	0.0	0.0	0.0	0.0	0.0	アグリコ	経費	交際費
202301	310A10500	18	賃借料	46295.0	46295.0	46295.0	0.1	100.0	100.0	アグリコ	経費	賃借料
202301	310A10500	19	修繕費	0.0	0.0	0.0	0.0	0.0	0.0	アグリコ	経費	修繕費
202301	310A10500	20	リース料	8600.0	8600.0	8600.0	0.0	100.0	100.0	アグリコ	経費	リース料
202301	310A10500	21	保険料	143320.0	131500.0	26110.0	0.0	19.8	18.2	アグリコ	経費	保険料
202301	310A10500	22	支払手数料	38300.0	38300.0	25766.0	0.0	67.2	67.2	アグリコ	経費	支払手数料
202301	310A10500	23	諸会費	0.0	0.0	0.0	0.0	0.0	0.0	アグリコ	経費	諸会費
202301	310A10500	24	会議費	0.0	0.0	0.0	0.0	0.0	0.0	アグリコ	経費	会議費
202301	310A10500	25	寄附金	0.0	0.0	0.0	0.0	0.0	0.0	アグリコ	経費	寄附金
202301	310A10500	26	租税公課	0.0	0.0	0.0	0.0	0.0	0.0	アグリコ	経費	租税公課
202301	310A10500	27	貸倒金	0.0	0.0	0.0	0.0	0.0	0.0	アグリコ	経費	貸倒金
202301	310A10500	28	情報機器利用料	9480.0	9480.0	0.0	0.0	0.0	0.0	アグリコ	経費	情報機器利用料
202301	310A10500	29	雑費	0.0	0.0	0.0	0.0	0.0	0.0	アグリコ	経費	雑費
202301	310A10500	30	新聞図書費	0.0	0.0	0.0	0.0	0.0	0.0	アグリコ	経費	新聞図書費
202301	310A10500	32	雑給	0.0	0.0	0.0	0.0	0.0	0.0	アグリコ	経費	雑給
202301	310A10500	33	社内金利（固定資産）	0.0	0.0	0.0	0.0	0.0	0.0	アグリコ	経費	社内金利（固定資産）
202301	310A10500	34	社内金利（売掛金）	0.0	0.0	0.0	0.0	0.0	0.0	アグリコ	経費	社内金利（売掛金）
202301	310A10500	35	部門共通（経費）	0.0	0.0	0.0	0.0	0.0	0.0	アグリコ	経費	部門共通（経費）
202301	310A10500	36	グループ共通	0.0	0.0	0.0	0.0	0.0	0.0	アグリコ	経費	グループ共通
202301	310A10500	37	差引収益	532915.0	3259735.0	4295441.0	16.2	131.7	806.0	アグリコ		
202301	310A10500	38	差引比率	8.1	14.3	16.2		113.2	200.0	アグリコ		
202301	310A10500	39	総時間	130.0	130.0	121.25		93.2	93.2	アグリコ		
202301	310A10500	40	定時間	128.0	128.0	120.0		93.7	93.7	アグリコ	時間	
202301	310A10500	41	残業時間	2.0	2.0	1.25		62.5	62.5	アグリコ	時間	
202301	310A10500	42	移動時間	0.0	0.0	0.0		0.0	0.0	アグリコ	時間	
202301	310A10500	43	部門共通（時間）	0.0	0.0	0.0		0.0	0.0	アグリコ	時間	
202301	310A10500	44	当月時間当り	4099.3	25074.8	35426.3		141.2	864.2	アグリコ		
202301	310A10500	45	人員	1.0	1.0	1.0		100.0	100.0	アグリコ		
202302	310A10500	1	総受注高	45370000.0	33030000.0	33436877.0		101.2	73.6	アグリコ	受注	
202302	310A10500	2	総売上高	45370000.0	33030000.0	33436877.0		101.2	73.6	アグリコ		
202302	310A10500	3	売上高	46410000.0	33610000.0	34631492.0		103.0	74.6	アグリコ	売上	
202302	310A10500	4	売上値引	-1040000.0	-580000.0	-1194615.0		0.0	0.0	アグリコ	売上	
202302	310A10500	5	売上原価	40203000.0	28339000.0	29132934.0		102.8	72.4	アグリコ		
202302	310A10500	6	総収益	5167000.0	4691000.0	4303943.0	12.8	91.7	83.2	アグリコ		
202302	310A10500	7	経費合計	3767983.0	3767983.0	454519.0	1.3	12.0	12.0	アグリコ		
202302	310A10500	8	減価償却費	0.0	0.0	0.0	0.0	0.0	0.0	アグリコ	経費	減価償却費
202302	310A10500	9	車輛費	55000.0	55000.0	2250.0	0.0	4.0	4.0	アグリコ	経費	車輛費
202302	310A10500	10	旅費交通費	0.0	0.0	63365.0	0.1	0.0	0.0	アグリコ	経費	旅費交通費
202302	310A10500	11	運賃	85000.0	85000.0	244800.0	0.7	288.0	288.0	アグリコ	経費	運賃
202302	310A10500	12	通信費	6200.0	6200.0	8545.0	0.0	137.8	137.8	アグリコ	経費	通信費
202302	310A10500	13	水道光熱費	0.0	0.0	0.0	0.0	0.0	0.0	アグリコ	経費	水道光熱費
202302	310A10500	14	事務用品費	0.0	0.0	750.0	0.0	0.0	0.0	アグリコ	経費	事務用品費
202302	310A10500	15	備品消耗品費	6588.0	6588.0	0.0	0.0	0.0	0.0	アグリコ	経費	備品消耗品費
202302	310A10500	16	広告宣伝費	0.0	0.0	0.0	0.0	0.0	0.0	アグリコ	経費	広告宣伝費
202302	310A10500	17	交際費	0.0	0.0	0.0	0.0	0.0	0.0	アグリコ	経費	交際費
202302	310A10500	18	賃借料	46295.0	46295.0	46295.0	0.1	100.0	100.0	アグリコ	経費	賃借料
202302	310A10500	19	修繕費	0.0	0.0	0.0	0.0	0.0	0.0	アグリコ	経費	修繕費
202302	310A10500	20	リース料	8600.0	8600.0	8600.0	0.0	100.0	100.0	アグリコ	経費	リース料
202302	310A10500	21	保険料	33320.0	33320.0	27927.0	0.0	83.8	83.8	アグリコ	経費	保険料
202302	310A10500	22	支払手数料	3497500.0	3497500.0	22507.0	0.0	0.6	0.6	アグリコ	経費	支払手数料
202302	310A10500	23	諸会費	20000.0	20000.0	20000.0	0.0	100.0	100.0	アグリコ	経費	諸会費
202302	310A10500	24	会議費	0.0	0.0	0.0	0.0	0.0	0.0	アグリコ	経費	会議費
202302	310A10500	25	寄附金	0.0	0.0	0.0	0.0	0.0	0.0	アグリコ	経費	寄附金
202302	310A10500	26	租税公課	0.0	0.0	0.0	0.0	0.0	0.0	アグリコ	経費	租税公課
202302	310A10500	27	貸倒金	0.0	0.0	0.0	0.0	0.0	0.0	アグリコ	経費	貸倒金
202302	310A10500	28	情報機器利用料	9480.0	9480.0	9480.0	0.0	100.0	100.0	アグリコ	経費	情報機器利用料
202302	310A10500	29	雑費	0.0	0.0	0.0	0.0	0.0	0.0	アグリコ	経費	雑費
202302	310A10500	30	新聞図書費	0.0	0.0	0.0	0.0	0.0	0.0	アグリコ	経費	新聞図書費
202302	310A10500	32	雑給	0.0	0.0	0.0	0.0	0.0	0.0	アグリコ	経費	雑給
202302	310A10500	33	社内金利（固定資産）	0.0	0.0	0.0	0.0	0.0	0.0	アグリコ	経費	社内金利（固定資産）
202302	310A10500	34	社内金利（売掛金）	0.0	0.0	0.0	0.0	0.0	0.0	アグリコ	経費	社内金利（売掛金）
202302	310A10500	35	部門共通（経費）	0.0	0.0	0.0	0.0	0.0	0.0	アグリコ	経費	部門共通（経費）
202302	310A10500	36	グループ共通	0.0	0.0	0.0	0.0	0.0	0.0	アグリコ	経費	グループ共通
202302	310A10500	37	差引収益	1399017.0	923017.0	3849424.0	11.5	417.0	275.1	アグリコ		
202302	310A10500	38	差引比率	3.0	2.7	11.5		425.9	383.3	アグリコ		
202302	310A10500	39	総時間	146.0	146.0	161.5		110.6	110.6	アグリコ		
202302	310A10500	40	定時間	144.0	144.0	159.0		110.4	110.4	アグリコ	時間	
202302	310A10500	41	残業時間	2.0	2.0	2.5		125.0	125.0	アグリコ	時間	
202302	310A10500	42	移動時間	0.0	0.0	0.0		0.0	0.0	アグリコ	時間	
202302	310A10500	43	部門共通（時間）	0.0	0.0	0.0		0.0	0.0	アグリコ	時間	
202302	310A10500	44	当月時間当り	9582.3	6322.0	23835.4		377.0	248.7	アグリコ		
202302	310A10500	45	人員	1.0	1.0	1.0		100.0	100.0	アグリコ		
202303	310A10500	1	総受注高	37960000.0	52645000.0	55749310.0		105.8	146.8	アグリコ	受注	
202303	310A10500	2	総売上高	37960000.0	52645000.0	55749310.0		105.8	146.8	アグリコ		
202303	310A10500	3	売上高	38700000.0	53715000.0	56579618.0		105.3	146.2	アグリコ	売上	
202303	310A10500	4	売上値引	-740000.0	-1070000.0	-830308.0		0.0	0.0	アグリコ	売上	
202303	310A10500	5	売上原価	31333000.0	45051000.0	46411888.0		103.0	148.1	アグリコ		
202303	310A10500	6	総収益	6627000.0	7594000.0	9337422.0	16.7	122.9	140.8	アグリコ		
202303	310A10500	7	経費合計	833395.0	826185.0	6302354.0	11.3	762.8	756.2	アグリコ		
202303	310A10500	8	減価償却費	0.0	0.0	0.0	0.0	0.0	0.0	アグリコ	経費	減価償却費
202303	310A10500	9	車輛費	40000.0	40000.0	191288.0	0.3	478.2	478.2	アグリコ	経費	車輛費
202303	310A10500	10	旅費交通費	20000.0	20000.0	124193.0	0.2	620.9	620.9	アグリコ	経費	旅費交通費
202303	310A10500	11	運賃	401000.0	401000.0	353995.0	0.6	88.2	88.2	アグリコ	経費	運賃
202303	310A10500	12	通信費	15200.0	15200.0	25372.0	0.0	166.9	166.9	アグリコ	経費	通信費
202303	310A10500	13	水道光熱費	0.0	0.0	0.0	0.0	0.0	0.0	アグリコ	経費	水道光熱費
202303	310A10500	14	事務用品費	0.0	0.0	3177.0	0.0	0.0	0.0	アグリコ	経費	事務用品費
202303	310A10500	15	備品消耗品費	750.0	750.0	8268.0	0.0			アグリコ	経費	備品消耗品費
202303	310A10500	16	広告宣伝費	0.0	0.0	630.0	0.0	0.0	0.0	アグリコ	経費	広告宣伝費
202303	310A10500	17	交際費	0.0	0.0	0.0	0.0	0.0	0.0	アグリコ	経費	交際費
202303	310A10500	18	賃借料	46295.0	46295.0	46295.0	0.0	100.0	100.0	アグリコ	経費	賃借料
202303	310A10500	19	修繕費	0.0	0.0	0.0	0.0	0.0	0.0	アグリコ	経費	修繕費
202303	310A10500	20	リース料	8600.0	8600.0	8600.0	0.0	100.0	100.0	アグリコ	経費	リース料
202303	310A10500	21	保険料	33320.0	26110.0	26379.0	0.0	101.0	79.1	アグリコ	経費	保険料
202303	310A10500	22	支払手数料	28750.0	28750.0	5262477.0	9.4			アグリコ	経費	支払手数料
202303	310A10500	23	諸会費	0.0	0.0	0.0	0.0	0.0	0.0	アグリコ	経費	諸会費
202303	310A10500	24	会議費	0.0	0.0	0.0	0.0	0.0	0.0	アグリコ	経費	会議費
202303	310A10500	25	寄附金	0.0	0.0	0.0	0.0	0.0	0.0	アグリコ	経費	寄附金
202303	310A10500	26	租税公課	0.0	0.0	0.0	0.0	0.0	0.0	アグリコ	経費	租税公課
202303	310A10500	27	貸倒金	0.0	0.0	0.0	0.0	0.0	0.0	アグリコ	経費	貸倒金
202303	310A10500	28	情報機器利用料	9480.0	9480.0	21680.0	0.0	228.6	228.6	アグリコ	経費	情報機器利用料
202303	310A10500	29	雑費	230000.0	230000.0	230000.0	0.4	100.0	100.0	アグリコ	経費	雑費
202303	310A10500	30	新聞図書費	0.0	0.0	0.0	0.0	0.0	0.0	アグリコ	経費	新聞図書費
202303	310A10500	32	雑給	0.0	0.0	0.0	0.0	0.0	0.0	アグリコ	経費	雑給
202303	310A10500	33	社内金利（固定資産）	0.0	0.0	0.0	0.0	0.0	0.0	アグリコ	経費	社内金利（固定資産）
202303	310A10500	34	社内金利（売掛金）	0.0	0.0	0.0	0.0	0.0	0.0	アグリコ	経費	社内金利（売掛金）
202303	310A10500	35	部門共通（経費）	0.0	0.0	0.0	0.0	0.0	0.0	アグリコ	経費	部門共通（経費）
202303	310A10500	36	グループ共通	0.0	0.0	0.0	0.0	0.0	0.0	アグリコ	経費	グループ共通
202303	310A10500	37	差引収益	5793605.0	6767815.0	3035068.0	5.4	44.8	52.3	アグリコ		
202303	310A10500	38	差引比率	15.2	12.8	5.4		42.1	35.5	アグリコ		
202303	310A10500	39	総時間	198.0	198.0	190.25		96.0	96.0	アグリコ		
202303	310A10500	40	定時間	192.0	192.0	188.0		97.9	97.9	アグリコ	時間	
202303	310A10500	41	残業時間	6.0	6.0	2.25		37.5	37.5	アグリコ	時間	
202303	310A10500	42	移動時間	0.0	0.0	0.0		0.0	0.0	アグリコ	時間	
202303	310A10500	43	部門共通（時間）	0.0	0.0	0.0		0.0	0.0	アグリコ	時間	
202303	310A10500	44	当月時間当り	29260.6	34180.8	15953.0		46.6	54.5	アグリコ		
202303	310A10500	45	人員	1.0	1.0	1.0		100.0	100.0	アグリコ		
202304	310A10500	1	総受注高	39690000.0	39690000.0	47103324.0		118.6	118.6	アグリコ	受注	
202304	310A10500	2	総売上高	39690000.0	39690000.0	47103324.0		118.6	118.6	アグリコ		
202304	310A10500	3	売上高	40383700.0	40383700.0	47575615.0		117.8	117.8	アグリコ	売上	
202304	310A10500	4	売上値引	-693700.0	-693700.0	-472291.0		0.0	0.0	アグリコ	売上	
202304	310A10500	5	売上原価	36680000.0	36680000.0	40246035.0		109.7	109.7	アグリコ		
202304	310A10500	6	総収益	3010000.0	3010000.0	6857289.0	14.5	227.8	227.8	アグリコ		
202304	310A10500	7	経費合計	1751805.0	1751805.0	1529343.0	3.2	87.3	87.3	アグリコ		
202304	310A10500	8	減価償却費	0.0	0.0	0.0	0.0	0.0	0.0	アグリコ	経費	減価償却費
202304	310A10500	9	車輛費	83080.0	83080.0	63658.0	0.1	76.6	76.6	アグリコ	経費	車輛費
202304	310A10500	10	旅費交通費	60000.0	60000.0	30091.0	0.0	50.1	50.1	アグリコ	経費	旅費交通費
202304	310A10500	11	運賃	362000.0	362000.0	490080.0	1.0	135.3	135.3	アグリコ	経費	運賃
202304	310A10500	12	通信費	24444.0	24444.0	21056.0	0.0	86.1	86.1	アグリコ	経費	通信費
202304	310A10500	13	水道光熱費	0.0	0.0	0.0	0.0	0.0	0.0	アグリコ	経費	水道光熱費
202304	310A10500	14	事務用品費	4000.0	4000.0	24748.0	0.0	618.7	618.7	アグリコ	経費	事務用品費
202304	310A10500	15	備品消耗品費	0.0	0.0	0.0	0.0	0.0	0.0	アグリコ	経費	備品消耗品費
202304	310A10500	16	広告宣伝費	33346.0	33346.0	0.0	0.0	0.0	0.0	アグリコ	経費	広告宣伝費
202304	310A10500	17	交際費	0.0	0.0	0.0	0.0	0.0	0.0	アグリコ	経費	交際費
202304	310A10500	18	賃借料	46295.0	46295.0	50000.0	0.1	108.0	108.0	アグリコ	経費	賃借料
202304	310A10500	19	修繕費	0.0	0.0	0.0	0.0	0.0	0.0	アグリコ	経費	修繕費
202304	310A10500	20	リース料	8600.0	8600.0	15700.0	0.0	182.5	182.5	アグリコ	経費	リース料
202304	310A10500	21	保険料	22390.0	22390.0	114660.0	0.2	512.1	512.1	アグリコ	経費	保険料
202304	310A10500	22	支払手数料	1052650.0	1052650.0	17950.0	0.0	1.7	1.7	アグリコ	経費	支払手数料
202304	310A10500	23	諸会費	0.0	0.0	0.0	0.0	0.0	0.0	アグリコ	経費	諸会費
202304	310A10500	24	会議費	0.0	0.0	0.0	0.0	0.0	0.0	アグリコ	経費	会議費
202304	310A10500	25	寄附金	0.0	0.0	0.0	0.0	0.0	0.0	アグリコ	経費	寄附金
202304	310A10500	26	租税公課	0.0	0.0	26000.0	0.0	0.0	0.0	アグリコ	経費	租税公課
202304	310A10500	27	貸倒金	0.0	0.0	0.0	0.0	0.0	0.0	アグリコ	経費	貸倒金
202304	310A10500	28	情報機器利用料	21000.0	21000.0	0.0	0.0	0.0	0.0	アグリコ	経費	情報機器利用料
202304	310A10500	29	雑費	0.0	0.0	0.0	0.0	0.0	0.0	アグリコ	経費	雑費
202304	310A10500	30	新聞図書費	0.0	0.0	0.0	0.0	0.0	0.0	アグリコ	経費	新聞図書費
202304	310A10500	32	雑給	0.0	0.0	0.0	0.0	0.0	0.0	アグリコ	経費	雑給
202304	310A10500	33	社内金利（固定資産）	0.0	0.0	0.0	0.0	0.0	0.0	アグリコ	経費	社内金利（固定資産）
202304	310A10500	34	社内金利（売掛金）	0.0	0.0	0.0	0.0	0.0	0.0	アグリコ	経費	社内金利（売掛金）
202304	310A10500	35	部門共通（経費）	0.0	0.0	0.0	0.0	0.0	0.0	アグリコ	経費	部門共通（経費）
202304	310A10500	36	グループ共通	34000.0	34000.0	675400.0	1.4			アグリコ	経費	グループ共通
202304	310A10500	37	差引収益	1258195.0	1258195.0	5327946.0	11.3	423.4	423.4	アグリコ		
202304	310A10500	38	差引比率	3.1	3.1	11.3		364.5	364.5	アグリコ		
202304	310A10500	39	総時間	551.0	551.0	522.75		94.8	94.8	アグリコ		
202304	310A10500	40	定時間	528.0	528.0	496.25		93.9	93.9	アグリコ	時間	
202304	310A10500	41	残業時間	23.0	23.0	26.5		115.2	115.2	アグリコ	時間	
202304	310A10500	42	移動時間	0.0	0.0	0.0		0.0	0.0	アグリコ	時間	
202304	310A10500	43	部門共通（時間）	0.0	0.0	0.0		0.0	0.0	アグリコ	時間	
202304	310A10500	44	当月時間当り	2283.4	2283.4	10192.1		446.3	446.3	アグリコ		
202304	310A10500	45	人員	3.0	3.0	3.0		100.0	100.0	アグリコ		
202305	310A10500	1	総受注高	37620000.0	36520000.0	32240018.0		88.2	85.6	アグリコ	受注	
202305	310A10500	2	総売上高	37620000.0	36520000.0	32240018.0		88.2	85.6	アグリコ		
202305	310A10500	3	売上高	38221900.0	37104300.0	33265669.0		89.6	87.0	アグリコ	売上	
202305	310A10500	4	売上値引	-601900.0	-584300.0	-1025651.0		0.0	0.0	アグリコ	売上	
202305	310A10500	5	売上原価	33966000.0	32882000.0	30337172.0		92.2	89.3	アグリコ		
202305	310A10500	6	総収益	3654000.0	3638000.0	1902846.0	5.9	52.3	52.0	アグリコ		
202305	310A10500	7	経費合計	1903902.0	1903902.0	2175265.0	6.7	114.2	114.2	アグリコ		
202305	310A10500	8	減価償却費	0.0	0.0	0.0	0.0	0.0	0.0	アグリコ	経費	減価償却費
202305	310A10500	9	車輛費	80000.0	80000.0	101142.0	0.3	126.4	126.4	アグリコ	経費	車輛費
202305	310A10500	10	旅費交通費	50000.0	50000.0	40563.0	0.1	81.1	81.1	アグリコ	経費	旅費交通費
202305	310A10500	11	運賃	423000.0	423000.0	256425.0	0.7	60.6	60.6	アグリコ	経費	運賃
202305	310A10500	12	通信費	40044.0	40044.0	13843.0	0.0	34.5	34.5	アグリコ	経費	通信費
202305	310A10500	13	水道光熱費	0.0	0.0	0.0	0.0	0.0	0.0	アグリコ	経費	水道光熱費
202305	310A10500	14	事務用品費	6000.0	6000.0	1391.0	0.0	23.1	23.1	アグリコ	経費	事務用品費
202305	310A10500	15	備品消耗品費	0.0	0.0	1744.0	0.0	0.0	0.0	アグリコ	経費	備品消耗品費
202305	310A10500	16	広告宣伝費	27273.0	27273.0	27273.0	0.0	100.0	100.0	アグリコ	経費	広告宣伝費
202305	310A10500	17	交際費	10000.0	10000.0	0.0	0.0	0.0	0.0	アグリコ	経費	交際費
202305	310A10500	18	賃借料	46295.0	46295.0	50000.0	0.1	108.0	108.0	アグリコ	経費	賃借料
202305	310A10500	19	修繕費	0.0	0.0	0.0	0.0	0.0	0.0	アグリコ	経費	修繕費
202305	310A10500	20	リース料	8600.0	8600.0	15700.0	0.0	182.5	182.5	アグリコ	経費	リース料
202305	310A10500	21	保険料	22390.0	22390.0	26110.0	0.0	116.6	116.6	アグリコ	経費	保険料
202305	310A10500	22	支払手数料	1064800.0	1064800.0	37434.0	0.1	3.5	3.5	アグリコ	経費	支払手数料
202305	310A10500	23	諸会費	0.0	0.0	0.0	0.0	0.0	0.0	アグリコ	経費	諸会費
202305	310A10500	24	会議費	0.0	0.0	0.0	0.0	0.0	0.0	アグリコ	経費	会議費
202305	310A10500	25	寄附金	0.0	0.0	0.0	0.0	0.0	0.0	アグリコ	経費	寄附金
202305	310A10500	26	租税公課	70500.0	70500.0	58500.0	0.1	82.9	82.9	アグリコ	経費	租税公課
202305	310A10500	27	貸倒金	0.0	0.0	0.0	0.0	0.0	0.0	アグリコ	経費	貸倒金
202305	310A10500	28	情報機器利用料	21000.0	21000.0	31140.0	0.0	148.2	148.2	アグリコ	経費	情報機器利用料
202305	310A10500	29	雑費	0.0	0.0	0.0	0.0	0.0	0.0	アグリコ	経費	雑費
202305	310A10500	30	新聞図書費	0.0	0.0	0.0	0.0	0.0	0.0	アグリコ	経費	新聞図書費
202305	310A10500	32	雑給	0.0	0.0	0.0	0.0	0.0	0.0	アグリコ	経費	雑給
202305	310A10500	33	社内金利（固定資産）	0.0	0.0	0.0	0.0	0.0	0.0	アグリコ	経費	社内金利（固定資産）
202305	310A10500	34	社内金利（売掛金）	0.0	0.0	0.0	0.0	0.0	0.0	アグリコ	経費	社内金利（売掛金）
202305	310A10500	35	部門共通（経費）	0.0	0.0	0.0	0.0	0.0	0.0	アグリコ	経費	部門共通（経費）
202305	310A10500	36	グループ共通	34000.0	34000.0	1514000.0	4.6			アグリコ	経費	グループ共通
202305	310A10500	37	差引収益	1750098.0	1734098.0	-272419.0	0.0	0.0	0.0	アグリコ		
202305	310A10500	38	差引比率	4.6	4.7	-0.8		0.0	0.0	アグリコ		
202305	310A10500	39	総時間	536.0	536.0	509.5		95.0	95.0	アグリコ		
202305	310A10500	40	定時間	512.0	512.0	500.0		97.6	97.6	アグリコ	時間	
202305	310A10500	41	残業時間	24.0	24.0	9.5		39.5	39.5	アグリコ	時間	
202305	310A10500	42	移動時間	0.0	0.0	0.0		0.0	0.0	アグリコ	時間	
202305	310A10500	43	部門共通（時間）	0.0	0.0	0.0		0.0	0.0	アグリコ	時間	
202305	310A10500	44	当月時間当り	3265.1	3235.2	-534.6		0.0	0.0	アグリコ		
202305	310A10500	45	人員	3.0	3.0	3.0		100.0	100.0	アグリコ		
202306	310A10500	1	総受注高	46010000.0	50010000.0	52979960.0		105.9	115.1	アグリコ	受注	
202306	310A10500	2	総売上高	46010000.0	50010000.0	52979960.0		105.9	115.1	アグリコ		
202306	310A10500	3	売上高	46707400.0	50770000.0	53640837.0		105.6	114.8	アグリコ	売上	
202306	310A10500	4	売上値引	-697400.0	-760000.0	-660877.0		0.0	0.0	アグリコ	売上	
202306	310A10500	5	売上原価	42289000.0	46241000.0	48581951.0		105.0	114.8	アグリコ		
202306	310A10500	6	総収益	3721000.0	3769000.0	4398009.0	8.3	116.6	118.1	アグリコ		
202306	310A10500	7	経費合計	1765666.0	1726401.0	2110721.0	3.9	122.2	119.5	アグリコ		
202306	310A10500	8	減価償却費	0.0	0.0	0.0	0.0	0.0	0.0	アグリコ	経費	減価償却費
202306	310A10500	9	車輛費	120000.0	120000.0	83305.0	0.1	69.4	69.4	アグリコ	経費	車輛費
202306	310A10500	10	旅費交通費	50000.0	50000.0	61365.0	0.1	122.7	122.7	アグリコ	経費	旅費交通費
202306	310A10500	11	運賃	360000.0	360000.0	595125.0	1.1	165.3	165.3	アグリコ	経費	運賃
202306	310A10500	12	通信費	24374.0	24374.0	15047.0	0.0	61.7	61.7	アグリコ	経費	通信費
202306	310A10500	13	水道光熱費	0.0	0.0	0.0	0.0	0.0	0.0	アグリコ	経費	水道光熱費
202306	310A10500	14	事務用品費	3240.0	3240.0	2915.0	0.0	89.9	89.9	アグリコ	経費	事務用品費
202306	310A10500	15	備品消耗品費	3000.0	3000.0	6079.0	0.0	202.6	202.6	アグリコ	経費	備品消耗品費
202306	310A10500	16	広告宣伝費	-27273.0	-27273.0	660.0	0.0	0.0	0.0	アグリコ	経費	広告宣伝費
202306	310A10500	17	交際費	10000.0	10000.0	0.0	0.0	0.0	0.0	アグリコ	経費	交際費
202306	310A10500	18	賃借料	46295.0	50000.0	50000.0	0.0	100.0	108.0	アグリコ	経費	賃借料
202306	310A10500	19	修繕費	0.0	0.0	0.0	0.0	0.0	0.0	アグリコ	経費	修繕費
202306	310A10500	20	リース料	8600.0	15700.0	15700.0	0.0	100.0	182.5	アグリコ	経費	リース料
202306	310A10500	21	保険料	55180.0	26110.0	26110.0	0.0	100.0	47.3	アグリコ	経費	保険料
202306	310A10500	22	支払手数料	1057250.0	27250.0	29275.0	0.0	107.4	2.7	アグリコ	経費	支払手数料
202306	310A10500	23	諸会費	0.0	0.0	0.0	0.0	0.0	0.0	アグリコ	経費	諸会費
202306	310A10500	24	会議費	0.0	0.0	0.0	0.0	0.0	0.0	アグリコ	経費	会議費
202306	310A10500	25	寄附金	0.0	0.0	0.0	0.0	0.0	0.0	アグリコ	経費	寄附金
202306	310A10500	26	租税公課	0.0	0.0	0.0	0.0	0.0	0.0	アグリコ	経費	租税公課
202306	310A10500	27	貸倒金	0.0	0.0	0.0	0.0	0.0	0.0	アグリコ	経費	貸倒金
202306	310A10500	28	情報機器利用料	21000.0	0.0	31140.0	0.0	0.0	148.2	アグリコ	経費	情報機器利用料
202306	310A10500	29	雑費	0.0	0.0	130000.0	0.2	0.0	0.0	アグリコ	経費	雑費
202306	310A10500	30	新聞図書費	0.0	0.0	0.0	0.0	0.0	0.0	アグリコ	経費	新聞図書費
202306	310A10500	32	雑給	0.0	0.0	0.0	0.0	0.0	0.0	アグリコ	経費	雑給
202306	310A10500	33	社内金利（固定資産）	0.0	0.0	0.0	0.0	0.0	0.0	アグリコ	経費	社内金利（固定資産）
202306	310A10500	34	社内金利（売掛金）	0.0	0.0	0.0	0.0	0.0	0.0	アグリコ	経費	社内金利（売掛金）
202306	310A10500	35	部門共通（経費）	0.0	0.0	0.0	0.0	0.0	0.0	アグリコ	経費	部門共通（経費）
202306	310A10500	36	グループ共通	34000.0	1064000.0	1064000.0	2.0	100.0		アグリコ	経費	グループ共通
202306	310A10500	37	差引収益	1955334.0	2042599.0	2287288.0	4.3	111.9	116.9	アグリコ		
202306	310A10500	38	差引比率	4.2	4.0	4.3		107.5	102.3	アグリコ		
202306	310A10500	39	総時間	580.0	580.0	524.25		90.3	90.3	アグリコ		
202306	310A10500	40	定時間	560.0	560.0	512.0		91.4	91.4	アグリコ	時間	
202306	310A10500	41	残業時間	20.0	20.0	12.25		61.2	61.2	アグリコ	時間	
202306	310A10500	42	移動時間	0.0	0.0	0.0		0.0	0.0	アグリコ	時間	
202306	310A10500	43	部門共通（時間）	0.0	0.0	0.0		0.0	0.0	アグリコ	時間	
202306	310A10500	44	当月時間当り	3371.2	3521.7	4362.9		123.8	129.4	アグリコ		
202306	310A10500	45	人員	3.0	3.0	3.0		100.0	100.0	アグリコ		
202307	310A10500	1	総受注高	24525000.0	20325000.0	20995795.0		103.3	85.6	アグリコ	受注	
202307	310A10500	2	総売上高	24525000.0	20325000.0	20995795.0		103.3	85.6	アグリコ		
202307	310A10500	3	売上高	25174700.0	20325000.0	21920630.0		107.8	87.0	アグリコ	売上	
202307	310A10500	4	売上値引	-649700.0	0.0	-924835.0		0.0	0.0	アグリコ	売上	
202307	310A10500	5	売上原価	22722000.0	18726000.0	18742816.0		100.0	82.4	アグリコ		
202307	310A10500	6	総収益	1803000.0	1599000.0	2252979.0	10.7	140.8	124.9	アグリコ		
202307	310A10500	7	経費合計	2073080.0	2030492.0	1746297.0	8.3	86.0	84.2	アグリコ		
202307	310A10500	8	減価償却費	0.0	0.0	0.0	0.0	0.0	0.0	アグリコ	経費	減価償却費
202307	310A10500	9	車輛費	240000.0	240000.0	200521.0	0.9	83.5	83.5	アグリコ	経費	車輛費
202307	310A10500	10	旅費交通費	50000.0	50000.0	47864.0	0.2	95.7	95.7	アグリコ	経費	旅費交通費
202307	310A10500	11	運賃	493000.0	493000.0	209280.0	0.9	42.4	42.4	アグリコ	経費	運賃
202307	310A10500	12	通信費	33735.0	23595.0	15920.0	0.0	67.4	47.1	アグリコ	経費	通信費
202307	310A10500	13	水道光熱費	0.0	0.0	0.0	0.0	0.0	0.0	アグリコ	経費	水道光熱費
202307	310A10500	14	事務用品費	1000.0	1000.0	13262.0	0.0			アグリコ	経費	事務用品費
202307	310A10500	15	備品消耗品費	0.0	7740.0	0.0	0.0	0.0	0.0	アグリコ	経費	備品消耗品費
202307	310A10500	16	広告宣伝費	0.0	-27273.0	0.0	0.0	0.0	0.0	アグリコ	経費	広告宣伝費
202307	310A10500	17	交際費	10000.0	10000.0	0.0	0.0	0.0	0.0	アグリコ	経費	交際費
202307	310A10500	18	賃借料	46295.0	50000.0	50000.0	0.2	100.0	108.0	アグリコ	経費	賃借料
202307	310A10500	19	修繕費	0.0	0.0	0.0	0.0	0.0	0.0	アグリコ	経費	修繕費
202307	310A10500	20	リース料	8600.0	15700.0	15700.0	0.0	100.0	182.5	アグリコ	経費	リース料
202307	310A10500	21	保険料	33320.0	26110.0	43760.0	0.2	167.5	131.3	アグリコ	経費	保険料
202307	310A10500	22	支払手数料	1046850.0	24200.0	34250.0	0.1	141.5	3.2	アグリコ	経費	支払手数料
202307	310A10500	23	諸会費	0.0	0.0	0.0	0.0	0.0	0.0	アグリコ	経費	諸会費
202307	310A10500	24	会議費	0.0	0.0	0.0	0.0	0.0	0.0	アグリコ	経費	会議費
202307	310A10500	25	寄附金	0.0	55280.0	0.0	0.0	0.0	0.0	アグリコ	経費	寄附金
202307	310A10500	26	租税公課	55280.0	0.0	20600.0	0.0	0.0	37.2	アグリコ	経費	租税公課
202307	310A10500	27	貸倒金	0.0	0.0	0.0	0.0	0.0	0.0	アグリコ	経費	貸倒金
202307	310A10500	28	情報機器利用料	21000.0	31140.0	31140.0	0.1	100.0	148.2	アグリコ	経費	情報機器利用料
202307	310A10500	29	雑費	0.0	0.0	0.0	0.0	0.0	0.0	アグリコ	経費	雑費
202307	310A10500	30	新聞図書費	0.0	0.0	0.0	0.0	0.0	0.0	アグリコ	経費	新聞図書費
202307	310A10500	32	雑給	0.0	0.0	0.0	0.0	0.0	0.0	アグリコ	経費	雑給
202307	310A10500	33	社内金利（固定資産）	0.0	0.0	0.0	0.0	0.0	0.0	アグリコ	経費	社内金利（固定資産）
202307	310A10500	34	社内金利（売掛金）	0.0	0.0	0.0	0.0	0.0	0.0	アグリコ	経費	社内金利（売掛金）
202307	310A10500	35	部門共通（経費）	0.0	0.0	0.0	0.0	0.0	0.0	アグリコ	経費	部門共通（経費）
202307	310A10500	36	グループ共通	34000.0	1030000.0	1064000.0	5.0	103.3		アグリコ	経費	グループ共通
202307	310A10500	37	差引収益	-270080.0	-431492.0	506682.0	2.4	0.0	0.0	アグリコ		
202307	310A10500	38	差引比率	-1.1	-2.1	2.4		0.0	0.0	アグリコ		
202307	310A10500	39	総時間	533.0	533.0	512.5		96.1	96.1	アグリコ		
202307	310A10500	40	定時間	520.0	520.0	496.0		95.3	95.3	アグリコ	時間	
202307	310A10500	41	残業時間	13.0	13.0	16.5		126.9	126.9	アグリコ	時間	
202307	310A10500	42	移動時間	0.0	0.0	0.0		0.0	0.0	アグリコ	時間	
202307	310A10500	43	部門共通（時間）	0.0	0.0	0.0		0.0	0.0	アグリコ	時間	
202307	310A10500	44	当月時間当り	-506.7	-809.5	988.6		0.0	0.0	アグリコ		
202307	310A10500	45	人員	3.0	3.0	3.0		100.0	100.0	アグリコ		
202308	310A10500	1	総受注高	26920000.0	27484000.0	25033172.0		91.0	92.9	アグリコ	受注	
202308	310A10500	2	総売上高	26920000.0	27484000.0	25033172.0		91.0	92.9	アグリコ		
202308	310A10500	3	売上高	28188000.0	28955000.0	26133303.0		90.2	92.7	アグリコ	売上	
202308	310A10500	4	売上値引	-1268000.0	-1471000.0	-1100131.0		0.0	0.0	アグリコ	売上	
202308	310A10500	5	売上原価	25458000.0	25722000.0	22828680.0		88.7	89.6	アグリコ		
202308	310A10500	6	総収益	1462000.0	1762000.0	2204492.0	8.8	125.1	150.7	アグリコ		
202308	310A10500	7	経費合計	1987807.0	1696299.0	1771726.0	7.0	104.4	89.1	アグリコ		
202308	310A10500	8	減価償却費	0.0	0.0	0.0	0.0	0.0	0.0	アグリコ	経費	減価償却費
202308	310A10500	9	車輛費	146000.0	90000.0	166021.0	0.6	184.4	113.7	アグリコ	経費	車輛費
202308	310A10500	10	旅費交通費	50000.0	40000.0	10864.0	0.0	27.1	21.7	アグリコ	経費	旅費交通費
202308	310A10500	11	運賃	312000.0	312000.0	279410.0	1.1	89.5	89.5	アグリコ	経費	運賃
202308	310A10500	12	通信費	31908.0	21768.0	8135.0	0.0	37.3	25.4	アグリコ	経費	通信費
202308	310A10500	13	水道光熱費	0.0	0.0	0.0	0.0	0.0	0.0	アグリコ	経費	水道光熱費
202308	310A10500	14	事務用品費	187991.0	12491.0	24359.0	0.0	195.0	12.9	アグリコ	経費	事務用品費
202308	310A10500	15	備品消耗品費	0.0	0.0	797.0	0.0	0.0	0.0	アグリコ	経費	備品消耗品費
202308	310A10500	16	広告宣伝費	27273.0	0.0	27273.0	0.1	0.0	100.0	アグリコ	経費	広告宣伝費
202308	310A10500	17	交際費	0.0	0.0	2500.0	0.0	0.0	0.0	アグリコ	経費	交際費
202308	310A10500	18	賃借料	46295.0	50000.0	50000.0	0.1	100.0	108.0	アグリコ	経費	賃借料
202308	310A10500	19	修繕費	0.0	0.0	0.0	0.0	0.0	0.0	アグリコ	経費	修繕費
202308	310A10500	20	リース料	8600.0	15700.0	15700.0	0.0	100.0	182.5	アグリコ	経費	リース料
202308	310A10500	21	保険料	53050.0	26110.0	38960.0	0.1	149.2	73.4	アグリコ	経費	保険料
202308	310A10500	22	支払手数料	1061590.0	31590.0	40399.0	0.1	127.8	3.8	アグリコ	経費	支払手数料
202308	310A10500	23	諸会費	0.0	0.0	0.0	0.0	0.0	0.0	アグリコ	経費	諸会費
202308	310A10500	24	会議費	0.0	0.0	0.0	0.0	0.0	0.0	アグリコ	経費	会議費
202308	310A10500	25	寄附金	0.0	1500.0	0.0	0.0	0.0	0.0	アグリコ	経費	寄附金
202308	310A10500	26	租税公課	8100.0	0.0	10350.0	0.0	0.0	127.7	アグリコ	経費	租税公課
202308	310A10500	27	貸倒金	0.0	0.0	0.0	0.0	0.0	0.0	アグリコ	経費	貸倒金
202308	310A10500	28	情報機器利用料	21000.0	31140.0	31140.0	0.1	100.0	148.2	アグリコ	経費	情報機器利用料
202308	310A10500	29	雑費	0.0	0.0	1818.0	0.0	0.0	0.0	アグリコ	経費	雑費
202308	310A10500	30	新聞図書費	0.0	0.0	0.0	0.0	0.0	0.0	アグリコ	経費	新聞図書費
202308	310A10500	32	雑給	0.0	0.0	0.0	0.0	0.0	0.0	アグリコ	経費	雑給
202308	310A10500	33	社内金利（固定資産）	0.0	0.0	0.0	0.0	0.0	0.0	アグリコ	経費	社内金利（固定資産）
202308	310A10500	34	社内金利（売掛金）	0.0	0.0	0.0	0.0	0.0	0.0	アグリコ	経費	社内金利（売掛金）
202308	310A10500	35	部門共通（経費）	0.0	0.0	0.0	0.0	0.0	0.0	アグリコ	経費	部門共通（経費）
202308	310A10500	36	グループ共通	34000.0	1064000.0	1064000.0	4.2	100.0		アグリコ	経費	グループ共通
202308	310A10500	37	差引収益	-525807.0	65701.0	432766.0	1.7	658.6	0.0	アグリコ		
202308	310A10500	38	差引比率	-1.9	0.2	1.7		850.0	0.0	アグリコ		
202308	310A10500	39	総時間	517.0	517.0	482.0		93.2	93.2	アグリコ		
202308	310A10500	40	定時間	504.0	504.0	475.0		94.2	94.2	アグリコ	時間	
202308	310A10500	41	残業時間	13.0	13.0	7.0		53.8	53.8	アグリコ	時間	
202308	310A10500	42	移動時間	0.0	0.0	0.0		0.0	0.0	アグリコ	時間	
202308	310A10500	43	部門共通（時間）	0.0	0.0	0.0		0.0	0.0	アグリコ	時間	
202308	310A10500	44	当月時間当り	-1017.0	127.0	897.8		706.9	0.0	アグリコ		
202308	310A10500	45	人員	3.0	3.0	3.0		100.0	100.0	アグリコ		
202309	310A10500	1	総受注高	27100000.0	29800000.0	22555330.0		75.6	83.2	アグリコ	受注	
202309	310A10500	2	総売上高	27100000.0	29800000.0	22555330.0		75.6	83.2	アグリコ		
202309	310A10500	3	売上高	27715000.0	30415000.0	22791135.0		74.9	82.2	アグリコ	売上	
202309	310A10500	4	売上値引	-615000.0	-615000.0	-235805.0		0.0	0.0	アグリコ	売上	
202309	310A10500	5	売上原価	24598000.0	26468000.0	19742375.0		74.5	80.2	アグリコ		
202309	310A10500	6	総収益	2502000.0	3332000.0	2812955.0	12.4	84.4	112.4	アグリコ		
202309	310A10500	7	経費合計	1627983.0	1702311.0	1714534.0	7.6	100.7	105.3	アグリコ		
202309	310A10500	8	減価償却費	0.0	0.0	0.0	0.0	0.0	0.0	アグリコ	経費	減価償却費
202309	310A10500	9	車輛費	70000.0	70000.0	48431.0	0.2	69.1	69.1	アグリコ	経費	車輛費
202309	310A10500	10	旅費交通費	30000.0	80000.0	91481.0	0.4	114.3	304.9	アグリコ	経費	旅費交通費
202309	310A10500	11	運賃	289000.0	289000.0	249960.0	1.1	86.4	86.4	アグリコ	経費	運賃
202309	310A10500	12	通信費	24001.0	22261.0	15103.0	0.0	67.8	62.9	アグリコ	経費	通信費
202309	310A10500	13	水道光熱費	0.0	0.0	0.0	0.0	0.0	0.0	アグリコ	経費	水道光熱費
202309	310A10500	14	事務用品費	8050.0	850.0	81818.0	0.3			アグリコ	経費	事務用品費
202309	310A10500	15	備品消耗品費	7740.0	0.0	20759.0	0.0	0.0	268.2	アグリコ	経費	備品消耗品費
202309	310A10500	16	広告宣伝費	-27273.0	0.0	0.0	0.0	0.0	0.0	アグリコ	経費	広告宣伝費
202309	310A10500	17	交際費	0.0	0.0	0.0	0.0	0.0	0.0	アグリコ	経費	交際費
202309	310A10500	18	賃借料	46295.0	50000.0	50000.0	0.2	100.0	108.0	アグリコ	経費	賃借料
202309	310A10500	19	修繕費	0.0	0.0	0.0	0.0	0.0	0.0	アグリコ	経費	修繕費
202309	310A10500	20	リース料	8600.0	15700.0	15700.0	0.0	100.0	182.5	アグリコ	経費	リース料
202309	310A10500	21	保険料	33320.0	26110.0	26110.0	0.1	100.0	78.3	アグリコ	経費	保険料
202309	310A10500	22	支払手数料	1053250.0	23250.0	19032.0	0.0	81.8	1.8	アグリコ	経費	支払手数料
202309	310A10500	23	諸会費	0.0	0.0	0.0	0.0	0.0	0.0	アグリコ	経費	諸会費
202309	310A10500	24	会議費	0.0	0.0	0.0	0.0	0.0	0.0	アグリコ	経費	会議費
202309	310A10500	25	寄附金	0.0	0.0	0.0	0.0	0.0	0.0	アグリコ	経費	寄附金
202309	310A10500	26	租税公課	0.0	0.0	1000.0	0.0	0.0	0.0	アグリコ	経費	租税公課
202309	310A10500	27	貸倒金	0.0	0.0	0.0	0.0	0.0	0.0	アグリコ	経費	貸倒金
202309	310A10500	28	情報機器利用料	21000.0	31140.0	31140.0	0.1	100.0	148.2	アグリコ	経費	情報機器利用料
202309	310A10500	29	雑費	30000.0	30000.0	0.0	0.0	0.0	0.0	アグリコ	経費	雑費
202309	310A10500	30	新聞図書費	0.0	0.0	0.0	0.0	0.0	0.0	アグリコ	経費	新聞図書費
202309	310A10500	32	雑給	0.0	0.0	0.0	0.0	0.0	0.0	アグリコ	経費	雑給
202309	310A10500	33	社内金利（固定資産）	0.0	0.0	0.0	0.0	0.0	0.0	アグリコ	経費	社内金利（固定資産）
202309	310A10500	34	社内金利（売掛金）	0.0	0.0	0.0	0.0	0.0	0.0	アグリコ	経費	社内金利（売掛金）
202309	310A10500	35	部門共通（経費）	0.0	0.0	0.0	0.0	0.0	0.0	アグリコ	経費	部門共通（経費）
202309	310A10500	36	グループ共通	34000.0	1064000.0	1064000.0	4.7	100.0		アグリコ	経費	グループ共通
202309	310A10500	37	差引収益	874017.0	1629689.0	1098421.0	4.8	67.4	125.6	アグリコ		
202309	310A10500	38	差引比率	3.2	5.4	4.8		88.8	150.0	アグリコ		
202309	310A10500	39	総時間	524.0	524.0	522.5		99.7	99.7	アグリコ		
202309	310A10500	40	定時間	512.0	512.0	508.0		99.2	99.2	アグリコ	時間	
202309	310A10500	41	残業時間	12.0	12.0	14.5		120.8	120.8	アグリコ	時間	
202309	310A10500	42	移動時間	0.0	0.0	0.0		0.0	0.0	アグリコ	時間	
202309	310A10500	43	部門共通（時間）	0.0	0.0	0.0		0.0	0.0	アグリコ	時間	
202309	310A10500	44	当月時間当り	1667.9	3110.0	2102.2		67.5	126.0	アグリコ		
202309	310A10500	45	人員	3.0	3.0	3.0		100.0	100.0	アグリコ		
202310	310A10500	1	総受注高	20700000.0	23100000.0	20998419.0		90.9	101.4	アグリコ	受注	
202310	310A10500	2	総売上高	20700000.0	23100000.0	20998419.0		90.9	101.4	アグリコ		
202310	310A10500	3	売上高	20887000.0	23287000.0	21571805.0		92.6	103.2	アグリコ	売上	
202310	310A10500	4	売上値引	-187000.0	-187000.0	-573386.0		0.0	0.0	アグリコ	売上	
202310	310A10500	5	売上原価	17544000.0	19624000.0	18351543.0		93.5	104.6	アグリコ		
202310	310A10500	6	総収益	3156000.0	3476000.0	2646876.0	12.6	76.1	83.8	アグリコ		
202310	310A10500	7	経費合計	1759193.0	1729093.0	1668673.0	7.9	96.5	94.8	アグリコ		
202310	310A10500	8	減価償却費	0.0	0.0	0.0	0.0	0.0	0.0	アグリコ	経費	減価償却費
202310	310A10500	9	車輛費	127685.0	80000.0	83434.0	0.3	104.2	65.3	アグリコ	経費	車輛費
202310	310A10500	10	旅費交通費	30000.0	128000.0	102391.0	0.4	79.9	341.3	アグリコ	経費	旅費交通費
202310	310A10500	11	運賃	282000.0	282000.0	193335.0	0.9	68.5	68.5	アグリコ	経費	運賃
202310	310A10500	12	通信費	32083.0	21943.0	9430.0	0.0	42.9	29.3	アグリコ	経費	通信費
202310	310A10500	13	水道光熱費	0.0	0.0	0.0	0.0	0.0	0.0	アグリコ	経費	水道光熱費
202310	310A10500	14	事務用品費	3900.0	3900.0	11696.0	0.0	299.8	299.8	アグリコ	経費	事務用品費
202310	310A10500	15	備品消耗品費	0.0	0.0	6540.0	0.0	0.0	0.0	アグリコ	経費	備品消耗品費
202310	310A10500	16	広告宣伝費	630.0	0.0	40000.0	0.1	0.0		アグリコ	経費	広告宣伝費
202310	310A10500	17	交際費	0.0	0.0	0.0	0.0	0.0	0.0	アグリコ	経費	交際費
202310	310A10500	18	賃借料	46295.0	50000.0	50000.0	0.2	100.0	108.0	アグリコ	経費	賃借料
202310	310A10500	19	修繕費	0.0	0.0	0.0	0.0	0.0	0.0	アグリコ	経費	修繕費
202310	310A10500	20	リース料	8600.0	15700.0	15700.0	0.0	100.0	182.5	アグリコ	経費	リース料
202310	310A10500	21	保険料	47600.0	26110.0	26110.0	0.1	100.0	54.8	アグリコ	経費	保険料
202310	310A10500	22	支払手数料	1054300.0	24300.0	30797.0	0.1	126.7	2.9	アグリコ	経費	支払手数料
202310	310A10500	23	諸会費	2000.0	2000.0	3100.0	0.0	155.0	155.0	アグリコ	経費	諸会費
202310	310A10500	24	会議費	0.0	0.0	0.0	0.0	0.0	0.0	アグリコ	経費	会議費
202310	310A10500	25	寄附金	0.0	0.0	0.0	0.0	0.0	0.0	アグリコ	経費	寄附金
202310	310A10500	26	租税公課	69100.0	0.0	1000.0	0.0	0.0	1.4	アグリコ	経費	租税公課
202310	310A10500	27	貸倒金	0.0	0.0	0.0	0.0	0.0	0.0	アグリコ	経費	貸倒金
202310	310A10500	28	情報機器利用料	21000.0	31140.0	31140.0	0.1	100.0	148.2	アグリコ	経費	情報機器利用料
202310	310A10500	29	雑費	0.0	0.0	0.0	0.0	0.0	0.0	アグリコ	経費	雑費
202310	310A10500	30	新聞図書費	0.0	0.0	0.0	0.0	0.0	0.0	アグリコ	経費	新聞図書費
202310	310A10500	32	雑給	0.0	0.0	0.0	0.0	0.0	0.0	アグリコ	経費	雑給
202310	310A10500	33	社内金利（固定資産）	0.0	0.0	0.0	0.0	0.0	0.0	アグリコ	経費	社内金利（固定資産）
202310	310A10500	34	社内金利（売掛金）	0.0	0.0	0.0	0.0	0.0	0.0	アグリコ	経費	社内金利（売掛金）
202310	310A10500	35	部門共通（経費）	0.0	0.0	0.0	0.0	0.0	0.0	アグリコ	経費	部門共通（経費）
202310	310A10500	36	グループ共通	34000.0	1064000.0	1064000.0	5.0	100.0		アグリコ	経費	グループ共通
202310	310A10500	37	差引収益	1396807.0	1746907.0	978203.0	4.6	55.9	70.0	アグリコ		
202310	310A10500	38	差引比率	6.7	7.5	4.6		61.3	68.6	アグリコ		
202310	310A10500	39	総時間	535.0	535.0	446.0		83.3	83.3	アグリコ		
202310	310A10500	40	定時間	520.0	520.0	439.25		84.4	84.4	アグリコ	時間	
202310	310A10500	41	残業時間	15.0	15.0	6.75		45.0	45.0	アグリコ	時間	
202310	310A10500	42	移動時間	0.0	0.0	0.0		0.0	0.0	アグリコ	時間	
202310	310A10500	43	部門共通（時間）	0.0	0.0	0.0		0.0	0.0	アグリコ	時間	
202310	310A10500	44	当月時間当り	2610.8	3265.2	2193.2		67.1	84.0	アグリコ		
202310	310A10500	45	人員	3.0	3.0	3.0		100.0	100.0	アグリコ		
202311	310A10500	1	総受注高	17045000.0	15165000.0	12339297.0		81.3	72.3	アグリコ	受注	
202311	310A10500	2	総売上高	17045000.0	15165000.0	12339297.0		81.3	72.3	アグリコ		
202311	310A10500	3	売上高	17646800.0	15766800.0	12770804.0		80.9	72.3	アグリコ	売上	
202311	310A10500	4	売上値引	-601800.0	-601800.0	-431507.0		0.0	0.0	アグリコ	売上	
202311	310A10500	5	売上原価	15334000.0	13434000.0	10690054.0		79.5	69.7	アグリコ		
202311	310A10500	6	総収益	1711000.0	1731000.0	1649243.0	13.3	95.2	96.3	アグリコ		
202311	310A10500	7	経費合計	1582522.0	1678537.0	1503190.0	12.1	89.5	94.9	アグリコ		
202311	310A10500	8	減価償却費	0.0	0.0	0.0	0.0	0.0	0.0	アグリコ	経費	減価償却費
202311	310A10500	9	車輛費	63080.0	80000.0	73106.0	0.5	91.3	115.8	アグリコ	経費	車輛費
202311	310A10500	10	旅費交通費	30000.0	142000.0	70227.0	0.5	49.4	234.0	アグリコ	経費	旅費交通費
202311	310A10500	11	運賃	230000.0	230000.0	1450.0	0.0	0.6	0.6	アグリコ	経費	運賃
202311	310A10500	12	通信費	41477.0	31337.0	12147.0	0.0	38.7	29.2	アグリコ	経費	通信費
202311	310A10500	13	水道光熱費	0.0	0.0	0.0	0.0	0.0	0.0	アグリコ	経費	水道光熱費
202311	310A10500	14	事務用品費	2350.0	1850.0	71062.0	0.5			アグリコ	経費	事務用品費
202311	310A10500	15	備品消耗品費	0.0	0.0	11933.0	0.0	0.0	0.0	アグリコ	経費	備品消耗品費
202311	310A10500	16	広告宣伝費	36000.0	0.0	23775.0	0.1	0.0	66.0	アグリコ	経費	広告宣伝費
202311	310A10500	17	交際費	0.0	0.0	0.0	0.0	0.0	0.0	アグリコ	経費	交際費
202311	310A10500	18	賃借料	46295.0	50000.0	50000.0	0.4	100.0	108.0	アグリコ	経費	賃借料
202311	310A10500	19	修繕費	0.0	0.0	0.0	0.0	0.0	0.0	アグリコ	経費	修繕費
202311	310A10500	20	リース料	8600.0	15700.0	15700.0	0.1	100.0	182.5	アグリコ	経費	リース料
202311	310A10500	21	保険料	33320.0	26110.0	26110.0	0.2	100.0	78.3	アグリコ	経費	保険料
202311	310A10500	22	支払手数料	1036400.0	6400.0	36040.0	0.2	563.1	3.4	アグリコ	経費	支払手数料
202311	310A10500	23	諸会費	0.0	0.0	0.0	0.0	0.0	0.0	アグリコ	経費	諸会費
202311	310A10500	24	会議費	0.0	0.0	0.0	0.0	0.0	0.0	アグリコ	経費	会議費
202311	310A10500	25	寄附金	0.0	0.0	0.0	0.0	0.0	0.0	アグリコ	経費	寄附金
202311	310A10500	26	租税公課	0.0	0.0	0.0	0.0	0.0	0.0	アグリコ	経費	租税公課
202311	310A10500	27	貸倒金	0.0	0.0	0.0	0.0	0.0	0.0	アグリコ	経費	貸倒金
202311	310A10500	28	情報機器利用料	21000.0	31140.0	31140.0	0.2	100.0	148.2	アグリコ	経費	情報機器利用料
202311	310A10500	29	雑費	0.0	0.0	0.0	0.0	0.0	0.0	アグリコ	経費	雑費
202311	310A10500	30	新聞図書費	0.0	0.0	0.0	0.0	0.0	0.0	アグリコ	経費	新聞図書費
202311	310A10500	32	雑給	0.0	0.0	16500.0	0.1	0.0	0.0	アグリコ	経費	雑給
202311	310A10500	33	社内金利（固定資産）	0.0	0.0	0.0	0.0	0.0	0.0	アグリコ	経費	社内金利（固定資産）
202311	310A10500	34	社内金利（売掛金）	0.0	0.0	0.0	0.0	0.0	0.0	アグリコ	経費	社内金利（売掛金）
202311	310A10500	35	部門共通（経費）	0.0	0.0	0.0	0.0	0.0	0.0	アグリコ	経費	部門共通（経費）
202311	310A10500	36	グループ共通	34000.0	1064000.0	1064000.0	8.6	100.0		アグリコ	経費	グループ共通
202311	310A10500	37	差引収益	128478.0	52463.0	146053.0	1.1	278.3	113.6	アグリコ		
202311	310A10500	38	差引比率	0.7	0.3	1.1		366.6	157.1	アグリコ		
202311	310A10500	39	総時間	495.0	495.0	490.25		99.0	99.0	アグリコ		
202311	310A10500	40	定時間	480.0	480.0	468.0		97.5	97.5	アグリコ	時間	
202311	310A10500	41	残業時間	15.0	15.0	22.25		148.3	148.3	アグリコ	時間	
202311	310A10500	42	移動時間	0.0	0.0	0.0		0.0	0.0	アグリコ	時間	
202311	310A10500	43	部門共通（時間）	0.0	0.0	0.0		0.0	0.0	アグリコ	時間	
202311	310A10500	44	当月時間当り	259.5	105.9	297.9		281.3	114.7	アグリコ		
202311	310A10500	45	人員	3.0	3.0	3.0		100.0	100.0	アグリコ		
202312	310A10500	1	総受注高	8580000.0	9380000.0	8224243.0		87.6	95.8	アグリコ	受注	
202312	310A10500	2	総売上高	8580000.0	9380000.0	8224243.0		87.6	95.8	アグリコ		
202312	310A10500	3	売上高	10094000.0	10894000.0	9700092.0		89.0	96.0	アグリコ	売上	
202312	310A10500	4	売上値引	-1514000.0	-1514000.0	-1475849.0		0.0	0.0	アグリコ	売上	
202312	310A10500	5	売上原価	8994000.0	9474000.0	8074552.0		85.2	89.7	アグリコ		
202312	310A10500	6	総収益	-414000.0	-94000.0	149691.0	1.8	0.0	0.0	アグリコ		
202312	310A10500	7	経費合計	1638690.0	1682405.0	1784547.0	21.6	106.0	108.9	アグリコ		
202312	310A10500	8	減価償却費	0.0	0.0	0.0	0.0	0.0	0.0	アグリコ	経費	減価償却費
202312	310A10500	9	車輛費	80000.0	60000.0	103716.0	1.2	172.8	129.6	アグリコ	経費	車輛費
202312	310A10500	10	旅費交通費	30000.0	30000.0	72182.0	0.8	240.6	240.6	アグリコ	経費	旅費交通費
202312	310A10500	11	運賃	133000.0	133000.0	189770.0	2.3	142.6	142.6	アグリコ	経費	運賃
202312	310A10500	12	通信費	26908.0	16768.0	14722.0	0.1	87.7	54.7	アグリコ	経費	通信費
202312	310A10500	13	水道光熱費	0.0	0.0	0.0	0.0	0.0	0.0	アグリコ	経費	水道光熱費
202312	310A10500	14	事務用品費	1850.0	1850.0	7745.0	0.0	418.6	418.6	アグリコ	経費	事務用品費
202312	310A10500	15	備品消耗品費	0.0	0.0	0.0	0.0	0.0	0.0	アグリコ	経費	備品消耗品費
202312	310A10500	16	広告宣伝費	79430.0	79430.0	54545.0	0.6	68.6	68.6	アグリコ	経費	広告宣伝費
202312	310A10500	17	交際費	85752.0	85752.0	47852.0	0.5	55.8	55.8	アグリコ	経費	交際費
202312	310A10500	18	賃借料	46295.0	50000.0	50000.0	0.6	100.0	108.0	アグリコ	経費	賃借料
202312	310A10500	19	修繕費	0.0	0.0	0.0	0.0	0.0	0.0	アグリコ	経費	修繕費
202312	310A10500	20	リース料	8600.0	78700.0	78700.0	0.9	100.0	915.1	アグリコ	経費	リース料
202312	310A10500	21	保険料	26110.0	16020.0	16020.0	0.1	100.0	61.3	アグリコ	経費	保険料
202312	310A10500	22	支払手数料	1047345.0	17345.0	29305.0	0.3	168.9	2.7	アグリコ	経費	支払手数料
202312	310A10500	23	諸会費	0.0	0.0	0.0	0.0	0.0	0.0	アグリコ	経費	諸会費
202312	310A10500	24	会議費	0.0	0.0	0.0	0.0	0.0	0.0	アグリコ	経費	会議費
202312	310A10500	25	寄附金	0.0	18400.0	0.0	0.0	0.0	0.0	アグリコ	経費	寄附金
202312	310A10500	26	租税公課	18400.0	0.0	10000.0	0.1	0.0	54.3	アグリコ	経費	租税公課
202312	310A10500	27	貸倒金	0.0	0.0	0.0	0.0	0.0	0.0	アグリコ	経費	貸倒金
202312	310A10500	28	情報機器利用料	21000.0	31140.0	31140.0	0.3	100.0	148.2	アグリコ	経費	情報機器利用料
202312	310A10500	29	雑費	0.0	0.0	0.0	0.0	0.0	0.0	アグリコ	経費	雑費
202312	310A10500	30	新聞図書費	0.0	0.0	0.0	0.0	0.0	0.0	アグリコ	経費	新聞図書費
202312	310A10500	32	雑給	0.0	0.0	14850.0	0.1	0.0	0.0	アグリコ	経費	雑給
202312	310A10500	33	社内金利（固定資産）	0.0	0.0	0.0	0.0	0.0	0.0	アグリコ	経費	社内金利（固定資産）
202312	310A10500	34	社内金利（売掛金）	0.0	0.0	0.0	0.0	0.0	0.0	アグリコ	経費	社内金利（売掛金）
202312	310A10500	35	部門共通（経費）	0.0	0.0	0.0	0.0	0.0	0.0	アグリコ	経費	部門共通（経費）
202312	310A10500	36	グループ共通	34000.0	1064000.0	1064000.0	12.9	100.0		アグリコ	経費	グループ共通
202312	310A10500	37	差引収益	-2052690.0	-1776405.0	-1634856.0	0.0	0.0	0.0	アグリコ		
202312	310A10500	38	差引比率	-23.9	-18.9	-19.8		0.0	0.0	アグリコ		
202312	310A10500	39	総時間	494.0	499.0	478.0		95.7	96.7	アグリコ		
202312	310A10500	40	定時間	480.0	480.0	462.0		96.2	96.2	アグリコ	時間	
202312	310A10500	41	残業時間	14.0	19.0	16.0		84.2	114.2	アグリコ	時間	
202312	310A10500	42	移動時間	0.0	0.0	0.0		0.0	0.0	アグリコ	時間	
202312	310A10500	43	部門共通（時間）	0.0	0.0	0.0		0.0	0.0	アグリコ	時間	
202312	310A10500	44	当月時間当り	-4155.2	-3559.9	-3420.2		0.0	0.0	アグリコ		
202312	310A10500	45	人員	3.0	3.0	3.0		100.0	100.0	アグリコ		
202401	310A10500	1	総受注高	23050000.0	25050000.0	22502482.0		89.8	97.6	アグリコ	受注	
202401	310A10500	2	総売上高	23050000.0	25050000.0	22502482.0		89.8	97.6	アグリコ		
202401	310A10500	3	売上高	23262300.0	25262300.0	22699930.0		89.8	97.5	アグリコ	売上	
202401	310A10500	4	売上値引	-212300.0	-212300.0	-197448.0		0.0	0.0	アグリコ	売上	
202401	310A10500	5	売上原価	20838000.0	23225000.0	20741718.0		89.3	99.5	アグリコ		
202401	310A10500	6	総収益	2212000.0	1825000.0	1760764.0	7.8	96.4	79.6	アグリコ		
202401	310A10500	7	経費合計	1742816.0	1896641.0	1656950.0	7.3	87.3	95.0	アグリコ		
202401	310A10500	8	減価償却費	0.0	0.0	0.0	0.0	0.0	0.0	アグリコ	経費	減価償却費
202401	310A10500	9	車輛費	110000.0	110000.0	94568.0	0.4	85.9	85.9	アグリコ	経費	車輛費
202401	310A10500	10	旅費交通費	90000.0	90000.0	33418.0	0.1	37.1	37.1	アグリコ	経費	旅費交通費
202401	310A10500	11	運賃	237000.0	466000.0	271965.0	1.2	58.3	114.7	アグリコ	経費	運賃
202401	310A10500	12	通信費	31944.0	21804.0	11949.0	0.0	54.8	37.4	アグリコ	経費	通信費
202401	310A10500	13	水道光熱費	0.0	0.0	0.0	0.0	0.0	0.0	アグリコ	経費	水道光熱費
202401	310A10500	14	事務用品費	1000.0	1000.0	4021.0	0.0	402.1	402.1	アグリコ	経費	事務用品費
202401	310A10500	15	備品消耗品費	2000.0	0.0	5752.0	0.0	0.0	287.6	アグリコ	経費	備品消耗品費
202401	310A10500	16	広告宣伝費	-27273.0	-27273.0	-27273.0	0.0	0.0	0.0	アグリコ	経費	広告宣伝費
202401	310A10500	17	交際費	0.0	0.0	0.0	0.0	0.0	0.0	アグリコ	経費	交際費
202401	310A10500	18	賃借料	46295.0	50000.0	50000.0	0.2	100.0	108.0	アグリコ	経費	賃借料
202401	310A10500	19	修繕費	0.0	0.0	0.0	0.0	0.0	0.0	アグリコ	経費	修繕費
202401	310A10500	20	リース料	8600.0	47200.0	47200.0	0.2	100.0	548.8	アグリコ	経費	リース料
202401	310A10500	21	保険料	131500.0	16020.0	19135.0	0.0	119.4	14.5	アグリコ	経費	保険料
202401	310A10500	22	支払手数料	1056750.0	26750.0	34225.0	0.1	127.9	3.2	アグリコ	経費	支払手数料
202401	310A10500	23	諸会費	0.0	0.0	0.0	0.0	0.0	0.0	アグリコ	経費	諸会費
202401	310A10500	24	会議費	0.0	0.0	0.0	0.0	0.0	0.0	アグリコ	経費	会議費
202401	310A10500	25	寄附金	0.0	0.0	0.0	0.0	0.0	0.0	アグリコ	経費	寄附金
202401	310A10500	26	租税公課	0.0	0.0	2000.0	0.0	0.0	0.0	アグリコ	経費	租税公課
202401	310A10500	27	貸倒金	0.0	0.0	0.0	0.0	0.0	0.0	アグリコ	経費	貸倒金
202401	310A10500	28	情報機器利用料	21000.0	31140.0	31140.0	0.1	100.0	148.2	アグリコ	経費	情報機器利用料
202401	310A10500	29	雑費	0.0	0.0	0.0	0.0	0.0	0.0	アグリコ	経費	雑費
202401	310A10500	30	新聞図書費	0.0	0.0	0.0	0.0	0.0	0.0	アグリコ	経費	新聞図書費
202401	310A10500	32	雑給	0.0	0.0	14850.0	0.0	0.0	0.0	アグリコ	経費	雑給
202401	310A10500	33	社内金利（固定資産）	0.0	0.0	0.0	0.0	0.0	0.0	アグリコ	経費	社内金利（固定資産）
202401	310A10500	34	社内金利（売掛金）	0.0	0.0	0.0	0.0	0.0	0.0	アグリコ	経費	社内金利（売掛金）
202401	310A10500	35	部門共通（経費）	0.0	0.0	0.0	0.0	0.0	0.0	アグリコ	経費	部門共通（経費）
202401	310A10500	36	グループ共通	34000.0	1064000.0	1064000.0	4.7	100.0		アグリコ	経費	グループ共通
202401	310A10500	37	差引収益	469184.0	-71641.0	103814.0	0.4	0.0	22.1	アグリコ		
202401	310A10500	38	差引比率	2.0	-0.2	0.4		0.0	20.0	アグリコ		
202401	310A10500	39	総時間	449.0	425.0	420.5		98.9	93.6	アグリコ		
202401	310A10500	40	定時間	432.0	408.0	405.5		99.3	93.8	アグリコ	時間	
202401	310A10500	41	残業時間	17.0	17.0	15.0		88.2	88.2	アグリコ	時間	
202401	310A10500	42	移動時間	0.0	0.0	0.0		0.0	0.0	アグリコ	時間	
202401	310A10500	43	部門共通（時間）	0.0	0.0	0.0		0.0	0.0	アグリコ	時間	
202401	310A10500	44	当月時間当り	1044.9	-168.5	246.8		0.0	23.6	アグリコ		
202401	310A10500	45	人員	3.0	3.0	3.0		100.0	100.0	アグリコ		
202402	310A10500	1	総受注高	33590000.0	35590000.0	42914313.0		120.5	127.7	アグリコ	受注	
202402	310A10500	2	総売上高	33590000.0	35590000.0	42914313.0		120.5	127.7	アグリコ		
202402	310A10500	3	売上高	34251900.0	36251900.0	44765337.0		123.4	130.6	アグリコ	売上	
202402	310A10500	4	売上値引	-661900.0	-661900.0	-1851024.0		0.0	0.0	アグリコ	売上	
202402	310A10500	5	売上原価	30861000.0	33476000.0	40382699.0		120.6	130.8	アグリコ		
202402	310A10500	6	総収益	2729000.0	2114000.0	2531614.0	5.8	119.7	92.7	アグリコ		
202402	310A10500	7	経費合計	1652663.0	1684878.0	1410172.0	3.2	83.6	85.3	アグリコ		
202402	310A10500	8	減価償却費	0.0	0.0	0.0	0.0	0.0	0.0	アグリコ	経費	減価償却費
202402	310A10500	9	車輛費	110000.0	110000.0	27724.0	0.0	25.2	25.2	アグリコ	経費	車輛費
202402	310A10500	10	旅費交通費	60000.0	60000.0	85455.0	0.1	142.4	142.4	アグリコ	経費	旅費交通費
202402	310A10500	11	運賃	237000.0	237000.0	0.0	0.0	0.0	0.0	アグリコ	経費	運賃
202402	310A10500	12	通信費	31908.0	21768.0	10989.0	0.0	50.4	34.4	アグリコ	経費	通信費
202402	310A10500	13	水道光熱費	0.0	0.0	0.0	0.0	0.0	0.0	アグリコ	経費	水道光熱費
202402	310A10500	14	事務用品費	1000.0	1000.0	13634.0	0.0			アグリコ	経費	事務用品費
202402	310A10500	15	備品消耗品費	0.0	0.0	7287.0	0.0	0.0	0.0	アグリコ	経費	備品消耗品費
202402	310A10500	16	広告宣伝費	0.0	0.0	0.0	0.0	0.0	0.0	アグリコ	経費	広告宣伝費
202402	310A10500	17	交際費	0.0	0.0	0.0	0.0	0.0	0.0	アグリコ	経費	交際費
202402	310A10500	18	賃借料	46295.0	50000.0	50000.0	0.1	100.0	108.0	アグリコ	経費	賃借料
202402	310A10500	19	修繕費	0.0	0.0	0.0	0.0	0.0	0.0	アグリコ	経費	修繕費
202402	310A10500	20	リース料	8600.0	47200.0	47200.0	0.1	100.0	548.8	アグリコ	経費	リース料
202402	310A10500	21	保険料	26110.0	16020.0	16020.0	0.0	100.0	61.3	アグリコ	経費	保険料
202402	310A10500	22	支払手数料	1056750.0	26750.0	30123.0	0.0	112.6	2.8	アグリコ	経費	支払手数料
202402	310A10500	23	諸会費	20000.0	20000.0	20000.0	0.0	100.0	100.0	アグリコ	経費	諸会費
202402	310A10500	24	会議費	0.0	0.0	0.0	0.0	0.0	0.0	アグリコ	経費	会議費
202402	310A10500	25	寄附金	0.0	0.0	0.0	0.0	0.0	0.0	アグリコ	経費	寄附金
202402	310A10500	26	租税公課	0.0	0.0	0.0	0.0	0.0	0.0	アグリコ	経費	租税公課
202402	310A10500	27	貸倒金	0.0	0.0	0.0	0.0	0.0	0.0	アグリコ	経費	貸倒金
202402	310A10500	28	情報機器利用料	21000.0	31140.0	31140.0	0.0	100.0	148.2	アグリコ	経費	情報機器利用料
202402	310A10500	29	雑費	0.0	0.0	0.0	0.0	0.0	0.0	アグリコ	経費	雑費
202402	310A10500	30	新聞図書費	0.0	0.0	0.0	0.0	0.0	0.0	アグリコ	経費	新聞図書費
202402	310A10500	32	雑給	0.0	0.0	6600.0	0.0	0.0	0.0	アグリコ	経費	雑給
202402	310A10500	33	社内金利（固定資産）	0.0	0.0	0.0	0.0	0.0	0.0	アグリコ	経費	社内金利（固定資産）
202402	310A10500	34	社内金利（売掛金）	0.0	0.0	0.0	0.0	0.0	0.0	アグリコ	経費	社内金利（売掛金）
202402	310A10500	35	部門共通（経費）	0.0	0.0	0.0	0.0	0.0	0.0	アグリコ	経費	部門共通（経費）
202402	310A10500	36	グループ共通	34000.0	1064000.0	1064000.0	2.4	100.0		アグリコ	経費	グループ共通
202402	310A10500	37	差引収益	1076337.0	429122.0	1121442.0	2.6	261.3	104.1	アグリコ		
202402	310A10500	38	差引比率	3.2	1.2	2.6		216.6	81.2	アグリコ		
202402	310A10500	39	総時間	473.0	473.0	487.5		103.0	103.0	アグリコ		
202402	310A10500	40	定時間	456.0	456.0	439.75		96.4	96.4	アグリコ	時間	
202402	310A10500	41	残業時間	17.0	17.0	47.75		280.8	280.8	アグリコ	時間	
202402	310A10500	42	移動時間	0.0	0.0	0.0		0.0	0.0	アグリコ	時間	
202402	310A10500	43	部門共通（時間）	0.0	0.0	0.0		0.0	0.0	アグリコ	時間	
202402	310A10500	44	当月時間当り	2275.5	907.2	2300.3		253.5	101.0	アグリコ		
202402	310A10500	45	人員	3.0	3.0	3.0		100.0	100.0	アグリコ		
202403	310A10500	1	総受注高	55170000.0	54370000.0	54577491.0		100.3	98.9	アグリコ	受注	
202403	310A10500	2	総売上高	55170000.0	54370000.0	54577491.0		100.3	98.9	アグリコ		
202403	310A10500	3	売上高	56303800.0	55503800.0	55103697.0		99.2	97.8	アグリコ	売上	
202403	310A10500	4	売上値引	-1133800.0	-1133800.0	-526206.0		0.0	0.0	アグリコ	売上	
202403	310A10500	5	売上原価	50716000.0	48910000.0	48048138.0		98.2	94.7	アグリコ		
202403	310A10500	6	総収益	4454000.0	5460000.0	6529353.0	11.9	119.5	146.5	アグリコ		
202403	310A10500	7	経費合計	2065663.0	1867878.0	1815171.0	3.3	97.1	87.8	アグリコ		
202403	310A10500	8	減価償却費	0.0	0.0	0.0	0.0	0.0	0.0	アグリコ	経費	減価償却費
202403	310A10500	9	車輛費	120000.0	120000.0	76655.0	0.1	63.8	63.8	アグリコ	経費	車輛費
202403	310A10500	10	旅費交通費	90000.0	90000.0	117411.0	0.2	130.4	130.4	アグリコ	経費	旅費交通費
202403	310A10500	11	運賃	400000.0	400000.0	348105.0	0.6	87.0	87.0	アグリコ	経費	運賃
202403	310A10500	12	通信費	31908.0	21768.0	11451.0	0.0	52.6	35.8	アグリコ	経費	通信費
202403	310A10500	13	水道光熱費	0.0	0.0	0.0	0.0	0.0	0.0	アグリコ	経費	水道光熱費
202403	310A10500	14	事務用品費	1000.0	1000.0	13876.0	0.0			アグリコ	経費	事務用品費
202403	310A10500	15	備品消耗品費	0.0	0.0	957.0	0.0	0.0	0.0	アグリコ	経費	備品消耗品費
202403	310A10500	16	広告宣伝費	0.0	0.0	0.0	0.0	0.0	0.0	アグリコ	経費	広告宣伝費
202403	310A10500	17	交際費	0.0	0.0	2300.0	0.0	0.0	0.0	アグリコ	経費	交際費
202403	310A10500	18	賃借料	46295.0	50000.0	50000.0	0.0	100.0	108.0	アグリコ	経費	賃借料
202403	310A10500	19	修繕費	0.0	0.0	0.0	0.0	0.0	0.0	アグリコ	経費	修繕費
202403	310A10500	20	リース料	8600.0	47200.0	47200.0	0.0	100.0	548.8	アグリコ	経費	リース料
202403	310A10500	21	保険料	26110.0	16020.0	26923.0	0.0	168.0	103.1	アグリコ	経費	保険料
202403	310A10500	22	支払手数料	1056750.0	26750.0	29153.0	0.0	108.9	2.7	アグリコ	経費	支払手数料
202403	310A10500	23	諸会費	0.0	0.0	0.0	0.0	0.0	0.0	アグリコ	経費	諸会費
202403	310A10500	24	会議費	0.0	0.0	0.0	0.0	0.0	0.0	アグリコ	経費	会議費
202403	310A10500	25	寄附金	0.0	0.0	0.0	0.0	0.0	0.0	アグリコ	経費	寄附金
202403	310A10500	26	租税公課	0.0	0.0	-4000.0	0.0	0.0	0.0	アグリコ	経費	租税公課
202403	310A10500	27	貸倒金	0.0	0.0	0.0	0.0	0.0	0.0	アグリコ	経費	貸倒金
202403	310A10500	28	情報機器利用料	21000.0	31140.0	31140.0	0.0	100.0	148.2	アグリコ	経費	情報機器利用料
202403	310A10500	29	雑費	230000.0	0.0	0.0	0.0	0.0	0.0	アグリコ	経費	雑費
202403	310A10500	30	新聞図書費	0.0	0.0	0.0	0.0	0.0	0.0	アグリコ	経費	新聞図書費
202403	310A10500	32	雑給	0.0	0.0	0.0	0.0	0.0	0.0	アグリコ	経費	雑給
202403	310A10500	33	社内金利（固定資産）	0.0	0.0	0.0	0.0	0.0	0.0	アグリコ	経費	社内金利（固定資産）
202403	310A10500	34	社内金利（売掛金）	0.0	0.0	0.0	0.0	0.0	0.0	アグリコ	経費	社内金利（売掛金）
202403	310A10500	35	部門共通（経費）	0.0	0.0	0.0	0.0	0.0	0.0	アグリコ	経費	部門共通（経費）
202403	310A10500	36	グループ共通	34000.0	1064000.0	1064000.0	1.9	100.0		アグリコ	経費	グループ共通
202403	310A10500	37	差引収益	2388337.0	3592122.0	4714182.0	8.6	131.2	197.3	アグリコ		
202403	310A10500	38	差引比率	4.3	6.6	8.6		130.3	200.0	アグリコ		
202403	310A10500	39	総時間	537.0	537.0	529.5		98.6	98.6	アグリコ		
202403	310A10500	40	定時間	520.0	520.0	496.0		95.3	95.3	アグリコ	時間	
202403	310A10500	41	残業時間	17.0	17.0	33.5		197.0	197.0	アグリコ	時間	
202403	310A10500	42	移動時間	0.0	0.0	0.0		0.0	0.0	アグリコ	時間	
202403	310A10500	43	部門共通（時間）	0.0	0.0	0.0		0.0	0.0	アグリコ	時間	
202403	310A10500	44	当月時間当り	4447.5	6689.2	8903.0		133.0	200.1	アグリコ		
202403	310A10500	45	人員	3.0	3.0	3.0		100.0	100.0	アグリコ		
202404	310A10500	1	総受注高	49750000.0	49750000.0	40215058.0		80.8	80.8	アグリコ	受注	
202404	310A10500	2	総売上高	49750000.0	49750000.0	40215058.0		80.8	80.8	アグリコ		
202404	310A10500	3	売上高	50260000.0	50260000.0	41736009.0		83.0	83.0	アグリコ	売上	
202404	310A10500	4	売上値引	-510000.0	-510000.0	-1520951.0		0.0	0.0	アグリコ	売上	
202404	310A10500	5	売上原価	44790000.0	44790000.0	36046290.0		80.4	80.4	アグリコ		
202404	310A10500	6	総収益	4960000.0	4960000.0	4168768.0	10.3	84.0	84.0	アグリコ		
202404	310A10500	7	経費合計	2014730.0	2014730.0	1824189.0	4.5	90.5	90.5	アグリコ		
202404	310A10500	8	減価償却費	0.0	0.0	0.0	0.0	0.0	0.0	アグリコ	経費	減価償却費
202404	310A10500	9	車輛費	64000.0	64000.0	74949.0	0.1	117.1	117.1	アグリコ	経費	車輛費
202404	310A10500	10	旅費交通費	30000.0	30000.0	0.0	0.0	0.0	0.0	アグリコ	経費	旅費交通費
202404	310A10500	11	運賃	505000.0	505000.0	370255.0	0.9	73.3	73.3	アグリコ	経費	運賃
202404	310A10500	12	通信費	28000.0	28000.0	13136.0	0.0	46.9	46.9	アグリコ	経費	通信費
202404	310A10500	13	水道光熱費	0.0	0.0	0.0	0.0	0.0	0.0	アグリコ	経費	水道光熱費
202404	310A10500	14	事務用品費	25300.0	25300.0	5905.0	0.0	23.3	23.3	アグリコ	経費	事務用品費
202404	310A10500	15	備品消耗品費	0.0	0.0	0.0	0.0	0.0	0.0	アグリコ	経費	備品消耗品費
202404	310A10500	16	広告宣伝費	0.0	0.0	0.0	0.0	0.0	0.0	アグリコ	経費	広告宣伝費
202404	310A10500	17	交際費	0.0	0.0	0.0	0.0	0.0	0.0	アグリコ	経費	交際費
202404	310A10500	18	賃借料	50000.0	50000.0	50000.0	0.1	100.0	100.0	アグリコ	経費	賃借料
202404	310A10500	19	修繕費	0.0	0.0	0.0	0.0	0.0	0.0	アグリコ	経費	修繕費
202404	310A10500	20	リース料	47200.0	47200.0	47200.0	0.1	100.0	100.0	アグリコ	経費	リース料
202404	310A10500	21	保険料	104570.0	104570.0	99500.0	0.2	95.1	95.1	アグリコ	経費	保険料
202404	310A10500	22	支払手数料	16120.0	16120.0	43704.0	0.1	271.1	271.1	アグリコ	経費	支払手数料
202404	310A10500	23	諸会費	0.0	0.0	0.0	0.0	0.0	0.0	アグリコ	経費	諸会費
202404	310A10500	24	会議費	0.0	0.0	0.0	0.0	0.0	0.0	アグリコ	経費	会議費
202404	310A10500	25	寄附金	0.0	0.0	0.0	0.0	0.0	0.0	アグリコ	経費	寄附金
202404	310A10500	26	租税公課	26000.0	26000.0	1000.0	0.0	3.8	3.8	アグリコ	経費	租税公課
202404	310A10500	27	貸倒金	0.0	0.0	0.0	0.0	0.0	0.0	アグリコ	経費	貸倒金
202404	310A10500	28	情報機器利用料	33540.0	33540.0	33540.0	0.0	100.0	100.0	アグリコ	経費	情報機器利用料
202404	310A10500	29	雑費	0.0	0.0	0.0	0.0	0.0	0.0	アグリコ	経費	雑費
202404	310A10500	30	新聞図書費	0.0	0.0	0.0	0.0	0.0	0.0	アグリコ	経費	新聞図書費
202404	310A10500	32	雑給	0.0	0.0	0.0	0.0	0.0	0.0	アグリコ	経費	雑給
202404	310A10500	33	社内金利（固定資産）	0.0	0.0	0.0	0.0	0.0	0.0	アグリコ	経費	社内金利（固定資産）
202404	310A10500	34	社内金利（売掛金）	0.0	0.0	0.0	0.0	0.0	0.0	アグリコ	経費	社内金利（売掛金）
202404	310A10500	35	部門共通（経費）	0.0	0.0	0.0	0.0	0.0	0.0	アグリコ	経費	部門共通（経費）
202404	310A10500	36	グループ共通	1085000.0	1085000.0	1085000.0	2.6	100.0	100.0	アグリコ	経費	グループ共通
202404	310A10500	37	差引収益	2945270.0	2945270.0	2344579.0	5.8	79.6	79.6	アグリコ		
202404	310A10500	38	差引比率	5.9	5.9	5.8		98.3	98.3	アグリコ		
202404	310A10500	39	総時間	559.0	559.0	567.25		101.4	101.4	アグリコ		
202404	310A10500	40	定時間	536.0	536.0	508.0		94.7	94.7	アグリコ	時間	
202404	310A10500	41	残業時間	23.0	23.0	59.25		257.6	257.6	アグリコ	時間	
202404	310A10500	42	移動時間	0.0	0.0	0.0		0.0	0.0	アグリコ	時間	
202404	310A10500	43	部門共通（時間）	0.0	0.0	0.0		0.0	0.0	アグリコ	時間	
202404	310A10500	44	当月時間当り	5268.8	5268.8	4133.2		78.4	78.4	アグリコ		
202404	310A10500	45	人員	3.0	3.0	3.0		100.0	100.0	アグリコ		
202405	310A10500	1	総受注高	30750000.0	33650000.0	30544625.0		90.7	99.3	アグリコ	受注	
202405	310A10500	2	総売上高	30750000.0	33650000.0	30544625.0		90.7	99.3	アグリコ		
202405	310A10500	3	売上高	31835000.0	34735000.0	31084484.0		89.4	97.6	アグリコ	売上	
202405	310A10500	4	売上値引	-1085000.0	-1085000.0	-539859.0		0.0	0.0	アグリコ	売上	
202405	310A10500	5	売上原価	27290000.0	29785000.0	26324514.0		88.3	96.4	アグリコ		
202405	310A10500	6	総収益	3460000.0	3865000.0	4220111.0	13.8	109.1	121.9	アグリコ		
202405	310A10500	7	経費合計	1739470.0	1739470.0	1843779.0	6.0	105.9	105.9	アグリコ		
202405	310A10500	8	減価償却費	0.0	0.0	0.0	0.0	0.0	0.0	アグリコ	経費	減価償却費
202405	310A10500	9	車輛費	101000.0	101000.0	65711.0	0.2	65.0	65.0	アグリコ	経費	車輛費
202405	310A10500	10	旅費交通費	50000.0	50000.0	75773.0	0.2	151.5	151.5	アグリコ	経費	旅費交通費
202405	310A10500	11	運賃	267000.0	267000.0	370485.0	1.2	138.7	138.7	アグリコ	経費	運賃
202405	310A10500	12	通信費	17000.0	17000.0	12571.0	0.0	73.9	73.9	アグリコ	経費	通信費
202405	310A10500	13	水道光熱費	0.0	0.0	0.0	0.0	0.0	0.0	アグリコ	経費	水道光熱費
202405	310A10500	14	事務用品費	2300.0	2300.0	11579.0	0.0	503.4	503.4	アグリコ	経費	事務用品費
202405	310A10500	15	備品消耗品費	2000.0	2000.0	262.0	0.0	13.1	13.1	アグリコ	経費	備品消耗品費
202405	310A10500	16	広告宣伝費	27000.0	27000.0	27273.0	0.0	101.0	101.0	アグリコ	経費	広告宣伝費
202405	310A10500	17	交際費	0.0	0.0	0.0	0.0	0.0	0.0	アグリコ	経費	交際費
202405	310A10500	18	賃借料	50000.0	50000.0	50000.0	0.1	100.0	100.0	アグリコ	経費	賃借料
202405	310A10500	19	修繕費	0.0	0.0	0.0	0.0	0.0	0.0	アグリコ	経費	修繕費
202405	310A10500	20	リース料	47200.0	47200.0	47200.0	0.1	100.0	100.0	アグリコ	経費	リース料
202405	310A10500	21	保険料	16020.0	16020.0	16020.0	0.0	100.0	100.0	アグリコ	経費	保険料
202405	310A10500	22	支払手数料	35410.0	35410.0	35565.0	0.1	100.4	100.4	アグリコ	経費	支払手数料
202405	310A10500	23	諸会費	0.0	0.0	0.0	0.0	0.0	0.0	アグリコ	経費	諸会費
202405	310A10500	24	会議費	0.0	0.0	0.0	0.0	0.0	0.0	アグリコ	経費	会議費
202405	310A10500	25	寄附金	0.0	0.0	0.0	0.0	0.0	0.0	アグリコ	経費	寄附金
202405	310A10500	26	租税公課	6000.0	6000.0	4000.0	0.0	66.6	66.6	アグリコ	経費	租税公課
202405	310A10500	27	貸倒金	0.0	0.0	0.0	0.0	0.0	0.0	アグリコ	経費	貸倒金
202405	310A10500	28	情報機器利用料	33540.0	33540.0	33540.0	0.1	100.0	100.0	アグリコ	経費	情報機器利用料
202405	310A10500	29	雑費	0.0	0.0	0.0	0.0	0.0	0.0	アグリコ	経費	雑費
202405	310A10500	30	新聞図書費	0.0	0.0	0.0	0.0	0.0	0.0	アグリコ	経費	新聞図書費
202405	310A10500	32	雑給	0.0	0.0	8800.0	0.0	0.0	0.0	アグリコ	経費	雑給
202405	310A10500	33	社内金利（固定資産）	0.0	0.0	0.0	0.0	0.0	0.0	アグリコ	経費	社内金利（固定資産）
202405	310A10500	34	社内金利（売掛金）	0.0	0.0	0.0	0.0	0.0	0.0	アグリコ	経費	社内金利（売掛金）
202405	310A10500	35	部門共通（経費）	0.0	0.0	0.0	0.0	0.0	0.0	アグリコ	経費	部門共通（経費）
202405	310A10500	36	グループ共通	1085000.0	1085000.0	1085000.0	3.5	100.0	100.0	アグリコ	経費	グループ共通
202405	310A10500	37	差引収益	1720530.0	2125530.0	2376332.0	7.7	111.7	138.1	アグリコ		
202405	310A10500	38	差引比率	5.5	6.3	7.7		122.2	140.0	アグリコ		
202405	310A10500	39	総時間	545.0	545.0	545.75		100.1	100.1	アグリコ		
202405	310A10500	40	定時間	528.0	528.0	508.0		96.2	96.2	アグリコ	時間	
202405	310A10500	41	残業時間	17.0	17.0	37.75		222.0	222.0	アグリコ	時間	
202405	310A10500	42	移動時間	0.0	0.0	0.0		0.0	0.0	アグリコ	時間	
202405	310A10500	43	部門共通（時間）	0.0	0.0	0.0		0.0	0.0	アグリコ	時間	
202405	310A10500	44	当月時間当り	3156.9	3900.0	4354.2		111.6	137.9	アグリコ		
202405	310A10500	45	人員	3.0	3.0	3.0		100.0	100.0	アグリコ		
202406	310A10500	1	総受注高	58750000.0	56150000.0	50820084.0		90.5	86.5	アグリコ	受注	
202406	310A10500	2	総売上高	58750000.0	56150000.0	50820084.0		90.5	86.5	アグリコ		
202406	310A10500	3	売上高	59450000.0	56850000.0	51490133.0		90.5	86.6	アグリコ	売上	
202406	310A10500	4	売上値引	-700000.0	-700000.0	-670049.0		0.0	0.0	アグリコ	売上	
202406	310A10500	5	売上原価	54220000.0	51660000.0	45524420.0		88.1	83.9	アグリコ		
202406	310A10500	6	総収益	4530000.0	4490000.0	5295664.0	10.4	117.9	116.9	アグリコ		
202406	310A10500	7	経費合計	2258110.0	2217110.0	2006875.0	3.9	90.5	88.8	アグリコ		
202406	310A10500	8	減価償却費	0.0	0.0	0.0	0.0	0.0	0.0	アグリコ	経費	減価償却費
202406	310A10500	9	車輛費	83000.0	63000.0	82019.0	0.1	130.1	98.8	アグリコ	経費	車輛費
202406	310A10500	10	旅費交通費	61000.0	40000.0	12400.0	0.0	31.0	20.3	アグリコ	経費	旅費交通費
202406	310A10500	11	運賃	595000.0	595000.0	312750.0	0.6	52.5	52.5	アグリコ	経費	運賃
202406	310A10500	12	通信費	17000.0	17000.0	13606.0	0.0	80.0	80.0	アグリコ	経費	通信費
202406	310A10500	13	水道光熱費	0.0	0.0	0.0	0.0	0.0	0.0	アグリコ	経費	水道光熱費
202406	310A10500	14	事務用品費	3000.0	3000.0	21168.0	0.0	705.6	705.6	アグリコ	経費	事務用品費
202406	310A10500	15	備品消耗品費	6000.0	6000.0	40972.0	0.0	682.8	682.8	アグリコ	経費	備品消耗品費
202406	310A10500	16	広告宣伝費	1000.0	1000.0	0.0	0.0	0.0	0.0	アグリコ	経費	広告宣伝費
202406	310A10500	17	交際費	0.0	0.0	0.0	0.0	0.0	0.0	アグリコ	経費	交際費
202406	310A10500	18	賃借料	50000.0	50000.0	50000.0	0.0	100.0	100.0	アグリコ	経費	賃借料
202406	310A10500	19	修繕費	0.0	0.0	0.0	0.0	0.0	0.0	アグリコ	経費	修繕費
202406	310A10500	20	リース料	49000.0	49000.0	47200.0	0.0	96.3	96.3	アグリコ	経費	リース料
202406	310A10500	21	保険料	16020.0	16020.0	16020.0	0.0	100.0	100.0	アグリコ	経費	保険料
202406	310A10500	22	支払手数料	28550.0	28550.0	30200.0	0.0	105.7	105.7	アグリコ	経費	支払手数料
202406	310A10500	23	諸会費	0.0	0.0	0.0	0.0	0.0	0.0	アグリコ	経費	諸会費
202406	310A10500	24	会議費	0.0	0.0	0.0	0.0	0.0	0.0	アグリコ	経費	会議費
202406	310A10500	25	寄附金	0.0	0.0	0.0	0.0	0.0	0.0	アグリコ	経費	寄附金
202406	310A10500	26	租税公課	0.0	0.0	2000.0	0.0	0.0	0.0	アグリコ	経費	租税公課
202406	310A10500	27	貸倒金	0.0	0.0	0.0	0.0	0.0	0.0	アグリコ	経費	貸倒金
202406	310A10500	28	情報機器利用料	33540.0	33540.0	33540.0	0.0	100.0	100.0	アグリコ	経費	情報機器利用料
202406	310A10500	29	雑費	230000.0	230000.0	260000.0	0.5	113.0	113.0	アグリコ	経費	雑費
202406	310A10500	30	新聞図書費	0.0	0.0	0.0	0.0	0.0	0.0	アグリコ	経費	新聞図書費
202406	310A10500	32	雑給	0.0	0.0	0.0	0.0	0.0	0.0	アグリコ	経費	雑給
202406	310A10500	33	社内金利（固定資産）	0.0	0.0	0.0	0.0	0.0	0.0	アグリコ	経費	社内金利（固定資産）
202406	310A10500	34	社内金利（売掛金）	0.0	0.0	0.0	0.0	0.0	0.0	アグリコ	経費	社内金利（売掛金）
202406	310A10500	35	部門共通（経費）	0.0	0.0	0.0	0.0	0.0	0.0	アグリコ	経費	部門共通（経費）
202406	310A10500	36	グループ共通	1085000.0	1085000.0	1085000.0	2.1	100.0	100.0	アグリコ	経費	グループ共通
202406	310A10500	37	差引収益	2271890.0	2272890.0	3288789.0	6.4	144.6	144.7	アグリコ		
202406	310A10500	38	差引比率	3.8	4.0	6.4		160.0	168.4	アグリコ		
202406	310A10500	39	総時間	530.0	530.0	456.75		86.1	86.1	アグリコ		
202406	310A10500	40	定時間	520.0	520.0	415.0		79.8	79.8	アグリコ	時間	
202406	310A10500	41	残業時間	10.0	10.0	41.75		417.5	417.5	アグリコ	時間	
202406	310A10500	42	移動時間	0.0	0.0	0.0		0.0	0.0	アグリコ	時間	
202406	310A10500	43	部門共通（時間）	0.0	0.0	0.0		0.0	0.0	アグリコ	時間	
202406	310A10500	44	当月時間当り	4286.5	4288.4	7200.4		167.9	167.9	アグリコ		
202406	310A10500	45	人員	3.0	3.0	3.0		100.0	100.0	アグリコ		
202407	310A10500	1	総受注高	24000000.0	21293000.0	22888078.0		107.4	95.3	アグリコ	受注	
202407	310A10500	2	総売上高	24000000.0	21293000.0	22888078.0		107.4	95.3	アグリコ		
202407	310A10500	3	売上高	24980000.0	22273000.0	23834995.0		107.0	95.4	アグリコ	売上	
202407	310A10500	4	売上値引	-980000.0	-980000.0	-946917.0		0.0	0.0	アグリコ	売上	
202407	310A10500	5	売上原価	21490000.0	18831000.0	19886745.0		105.6	92.5	アグリコ		
202407	310A10500	6	総収益	2510000.0	2462000.0	3001333.0	13.1	121.9	119.5	アグリコ		
202407	310A10500	7	経費合計	1686070.0	1650070.0	2023691.0	8.8	122.6	120.0	アグリコ		
202407	310A10500	8	減価償却費	0.0	0.0	0.0	0.0	0.0	0.0	アグリコ	経費	減価償却費
202407	310A10500	9	車輛費	135000.0	110000.0	74419.0	0.3	67.6	55.1	アグリコ	経費	車輛費
202407	310A10500	10	旅費交通費	48000.0	30000.0	11545.0	0.0	38.4	24.0	アグリコ	経費	旅費交通費
202407	310A10500	11	運賃	212000.0	192000.0	597355.0	2.6	311.1	281.7	アグリコ	経費	運賃
202407	310A10500	12	通信費	17000.0	17000.0	12635.0	0.0	74.3	74.3	アグリコ	経費	通信費
202407	310A10500	13	水道光熱費	0.0	0.0	0.0	0.0	0.0	0.0	アグリコ	経費	水道光熱費
202407	310A10500	14	事務用品費	13100.0	13100.0	9201.0	0.0	70.2	70.2	アグリコ	経費	事務用品費
202407	310A10500	15	備品消耗品費	0.0	27000.0	986.0	0.0	3.6	0.0	アグリコ	経費	備品消耗品費
202407	310A10500	16	広告宣伝費	0.0	0.0	655.0	0.0	0.0	0.0	アグリコ	経費	広告宣伝費
202407	310A10500	17	交際費	0.0	0.0	0.0	0.0	0.0	0.0	アグリコ	経費	交際費
202407	310A10500	18	賃借料	50000.0	50000.0	50000.0	0.2	100.0	100.0	アグリコ	経費	賃借料
202407	310A10500	19	修繕費	0.0	0.0	0.0	0.0	0.0	0.0	アグリコ	経費	修繕費
202407	310A10500	20	リース料	40100.0	40100.0	50500.0	0.2	125.9	125.9	アグリコ	経費	リース料
202407	310A10500	21	保険料	16020.0	16020.0	16020.0	0.0	100.0	100.0	アグリコ	経費	保険料
202407	310A10500	22	支払手数料	32310.0	32310.0	67355.0	0.2	208.4	208.4	アグリコ	経費	支払手数料
202407	310A10500	23	諸会費	0.0	0.0	0.0	0.0	0.0	0.0	アグリコ	経費	諸会費
202407	310A10500	24	会議費	0.0	0.0	0.0	0.0	0.0	0.0	アグリコ	経費	会議費
202407	310A10500	25	寄附金	0.0	0.0	0.0	0.0	0.0	0.0	アグリコ	経費	寄附金
202407	310A10500	26	租税公課	4000.0	4000.0	14480.0	0.0	362.0	362.0	アグリコ	経費	租税公課
202407	310A10500	27	貸倒金	0.0	0.0	0.0	0.0	0.0	0.0	アグリコ	経費	貸倒金
202407	310A10500	28	情報機器利用料	33540.0	33540.0	33540.0	0.1	100.0	100.0	アグリコ	経費	情報機器利用料
202407	310A10500	29	雑費	0.0	0.0	0.0	0.0	0.0	0.0	アグリコ	経費	雑費
202407	310A10500	30	新聞図書費	0.0	0.0	0.0	0.0	0.0	0.0	アグリコ	経費	新聞図書費
202407	310A10500	32	雑給	0.0	0.0	0.0	0.0	0.0	0.0	アグリコ	経費	雑給
202407	310A10500	33	社内金利（固定資産）	0.0	0.0	0.0	0.0	0.0	0.0	アグリコ	経費	社内金利（固定資産）
202407	310A10500	34	社内金利（売掛金）	0.0	0.0	0.0	0.0	0.0	0.0	アグリコ	経費	社内金利（売掛金）
202407	310A10500	35	部門共通（経費）	0.0	0.0	0.0	0.0	0.0	0.0	アグリコ	経費	部門共通（経費）
202407	310A10500	36	グループ共通	1085000.0	1085000.0	1085000.0	4.7	100.0	100.0	アグリコ	経費	グループ共通
202407	310A10500	37	差引収益	823930.0	811930.0	977642.0	4.2	120.4	118.6	アグリコ		
202407	310A10500	38	差引比率	3.4	3.8	4.2		110.5	123.5	アグリコ		
202407	310A10500	39	総時間	568.0	568.0	554.75		97.6	97.6	アグリコ		
202407	310A10500	40	定時間	560.0	560.0	515.75		92.0	92.0	アグリコ	時間	
202407	310A10500	41	残業時間	8.0	8.0	39.0		487.5	487.5	アグリコ	時間	
202407	310A10500	42	移動時間	0.0	0.0	0.0		0.0	0.0	アグリコ	時間	
202407	310A10500	43	部門共通（時間）	0.0	0.0	0.0		0.0	0.0	アグリコ	時間	
202407	310A10500	44	当月時間当り	1450.5	1429.4	1762.3		123.2	121.4	アグリコ		
202407	310A10500	45	人員	3.0	3.0	3.0		100.0	100.0	アグリコ		
202408	310A10500	1	総受注高	28050000.0	19050000.0	18382663.0		96.4	65.5	アグリコ	受注	
202408	310A10500	2	総売上高	28050000.0	19050000.0	18382663.0		96.4	65.5	アグリコ		
202408	310A10500	3	売上高	29200000.0	20119000.0	19017157.0		94.5	65.1	アグリコ	売上	
202408	310A10500	4	売上値引	-1150000.0	-1069000.0	-634494.0		0.0	0.0	アグリコ	売上	
202408	310A10500	5	売上原価	25540000.0	17100000.0	16015130.0		93.6	62.7	アグリコ		
202408	310A10500	6	総収益	2510000.0	1950000.0	2367533.0	12.8	121.4	94.3	アグリコ		
202408	310A10500	7	経費合計	1687770.0	1556770.0	1618699.0	8.8	103.9	95.9	アグリコ		
202408	310A10500	8	減価償却費	0.0	0.0	0.0	0.0	0.0	0.0	アグリコ	経費	減価償却費
202408	310A10500	9	車輛費	90000.0	60000.0	81082.0	0.4	135.1	90.0	アグリコ	経費	車輛費
202408	310A10500	10	旅費交通費	11000.0	11000.0	0.0	0.0	0.0	0.0	アグリコ	経費	旅費交通費
202408	310A10500	11	運賃	280000.0	179000.0	224675.0	1.2	125.5	80.2	アグリコ	経費	運賃
202408	310A10500	12	通信費	9000.0	9000.0	12763.0	0.0	141.8	141.8	アグリコ	経費	通信費
202408	310A10500	13	水道光熱費	0.0	0.0	0.0	0.0	0.0	0.0	アグリコ	経費	水道光熱費
202408	310A10500	14	事務用品費	24500.0	24500.0	21364.0	0.1	87.2	87.2	アグリコ	経費	事務用品費
202408	310A10500	15	備品消耗品費	1500.0	1500.0	4257.0	0.0	283.8	283.8	アグリコ	経費	備品消耗品費
202408	310A10500	16	広告宣伝費	27000.0	27000.0	27273.0	0.1	101.0	101.0	アグリコ	経費	広告宣伝費
202408	310A10500	17	交際費	2500.0	2500.0	0.0	0.0	0.0	0.0	アグリコ	経費	交際費
202408	310A10500	18	賃借料	50000.0	50000.0	50000.0	0.2	100.0	100.0	アグリコ	経費	賃借料
202408	310A10500	19	修繕費	0.0	0.0	0.0	0.0	0.0	0.0	アグリコ	経費	修繕費
202408	310A10500	20	リース料	31500.0	31500.0	31500.0	0.1	100.0	100.0	アグリコ	経費	リース料
202408	310A10500	21	保険料	16020.0	16020.0	16020.0	0.0	100.0	100.0	アグリコ	経費	保険料
202408	310A10500	22	支払手数料	25160.0	25160.0	29225.0	0.1	116.1	116.1	アグリコ	経費	支払手数料
202408	310A10500	23	諸会費	0.0	0.0	0.0	0.0	0.0	0.0	アグリコ	経費	諸会費
202408	310A10500	24	会議費	0.0	0.0	0.0	0.0	0.0	0.0	アグリコ	経費	会議費
202408	310A10500	25	寄附金	0.0	0.0	0.0	0.0	0.0	0.0	アグリコ	経費	寄附金
202408	310A10500	26	租税公課	1050.0	1050.0	2000.0	0.0	190.4	190.4	アグリコ	経費	租税公課
202408	310A10500	27	貸倒金	0.0	0.0	0.0	0.0	0.0	0.0	アグリコ	経費	貸倒金
202408	310A10500	28	情報機器利用料	33540.0	33540.0	33540.0	0.1	100.0	100.0	アグリコ	経費	情報機器利用料
202408	310A10500	29	雑費	0.0	0.0	0.0	0.0	0.0	0.0	アグリコ	経費	雑費
202408	310A10500	30	新聞図書費	0.0	0.0	0.0	0.0	0.0	0.0	アグリコ	経費	新聞図書費
202408	310A10500	32	雑給	0.0	0.0	0.0	0.0	0.0	0.0	アグリコ	経費	雑給
202408	310A10500	33	社内金利（固定資産）	0.0	0.0	0.0	0.0	0.0	0.0	アグリコ	経費	社内金利（固定資産）
202408	310A10500	34	社内金利（売掛金）	0.0	0.0	0.0	0.0	0.0	0.0	アグリコ	経費	社内金利（売掛金）
202408	310A10500	35	部門共通（経費）	0.0	0.0	0.0	0.0	0.0	0.0	アグリコ	経費	部門共通（経費）
202408	310A10500	36	グループ共通	1085000.0	1085000.0	1085000.0	5.9	100.0	100.0	アグリコ	経費	グループ共通
202408	310A10500	37	差引収益	822230.0	393230.0	748834.0	4.0	190.4	91.0	アグリコ		
202408	310A10500	38	差引比率	2.9	2.0	4.0		200.0	137.9	アグリコ		
202408	310A10500	39	総時間	480.0	480.0	477.75		99.5	99.5	アグリコ		
202408	310A10500	40	定時間	472.0	472.0	452.0		95.7	95.7	アグリコ	時間	
202408	310A10500	41	残業時間	8.0	8.0	25.75		321.8	321.8	アグリコ	時間	
202408	310A10500	42	移動時間	0.0	0.0	0.0		0.0	0.0	アグリコ	時間	
202408	310A10500	43	部門共通（時間）	0.0	0.0	0.0		0.0	0.0	アグリコ	時間	
202408	310A10500	44	当月時間当り	1712.9	819.2	1567.4		191.3	91.5	アグリコ		
202408	310A10500	45	人員	3.0	3.0	3.0		100.0	100.0	アグリコ		
202409	310A10500	1	総受注高	24400000.0	18620000.0	18031921.0		96.8	73.9	アグリコ	受注	
202409	310A10500	2	総売上高	24400000.0	18620000.0	18031921.0		96.8	73.9	アグリコ		
202409	310A10500	3	売上高	24650000.0	18720000.0	18475439.0		98.6	74.9	アグリコ	売上	
202409	310A10500	4	売上値引	-250000.0	-100000.0	-443518.0		0.0	0.0	アグリコ	売上	
202409	310A10500	5	売上原価	21430000.0	16060000.0	15556811.0		96.8	72.5	アグリコ		
202409	310A10500	6	総収益	2970000.0	2560000.0	2475110.0	13.7	96.6	83.3	アグリコ		
202409	310A10500	7	経費合計	1734790.0	1600790.0	1556403.0	8.6	97.2	89.7	アグリコ		
202409	310A10500	8	減価償却費	0.0	0.0	0.0	0.0	0.0	0.0	アグリコ	経費	減価償却費
202409	310A10500	9	車輛費	49000.0	41000.0	68005.0	0.3	165.8	138.7	アグリコ	経費	車輛費
202409	310A10500	10	旅費交通費	92000.0	62000.0	43842.0	0.2	70.7	47.6	アグリコ	経費	旅費交通費
202409	310A10500	11	運賃	251000.0	155000.0	168255.0	0.9	108.5	67.0	アグリコ	経費	運賃
202409	310A10500	12	通信費	17000.0	17000.0	11505.0	0.0	67.6	67.6	アグリコ	経費	通信費
202409	310A10500	13	水道光熱費	0.0	0.0	0.0	0.0	0.0	0.0	アグリコ	経費	水道光熱費
202409	310A10500	14	事務用品費	82300.0	82300.0	7008.0	0.0	8.5	8.5	アグリコ	経費	事務用品費
202409	310A10500	15	備品消耗品費	8000.0	8000.0	187.0	0.0	2.3	2.3	アグリコ	経費	備品消耗品費
202409	310A10500	16	広告宣伝費	0.0	0.0	3300.0	0.0	0.0	0.0	アグリコ	経費	広告宣伝費
202409	310A10500	17	交際費	0.0	0.0	0.0	0.0	0.0	0.0	アグリコ	経費	交際費
202409	310A10500	18	賃借料	50000.0	50000.0	50000.0	0.2	100.0	100.0	アグリコ	経費	賃借料
202409	310A10500	19	修繕費	0.0	0.0	0.0	0.0	0.0	0.0	アグリコ	経費	修繕費
202409	310A10500	20	リース料	31500.0	31500.0	31500.0	0.1	100.0	100.0	アグリコ	経費	リース料
202409	310A10500	21	保険料	16020.0	16020.0	16020.0	0.0	100.0	100.0	アグリコ	経費	保険料
202409	310A10500	22	支払手数料	18430.0	18430.0	37241.0	0.2	202.0	202.0	アグリコ	経費	支払手数料
202409	310A10500	23	諸会費	0.0	0.0	0.0	0.0	0.0	0.0	アグリコ	経費	諸会費
202409	310A10500	24	会議費	0.0	0.0	0.0	0.0	0.0	0.0	アグリコ	経費	会議費
202409	310A10500	25	寄附金	0.0	0.0	0.0	0.0	0.0	0.0	アグリコ	経費	寄附金
202409	310A10500	26	租税公課	1000.0	1000.0	1000.0	0.0	100.0	100.0	アグリコ	経費	租税公課
202409	310A10500	27	貸倒金	0.0	0.0	0.0	0.0	0.0	0.0	アグリコ	経費	貸倒金
202409	310A10500	28	情報機器利用料	33540.0	33540.0	33540.0	0.1	100.0	100.0	アグリコ	経費	情報機器利用料
202409	310A10500	29	雑費	0.0	0.0	0.0	0.0	0.0	0.0	アグリコ	経費	雑費
202409	310A10500	30	新聞図書費	0.0	0.0	0.0	0.0	0.0	0.0	アグリコ	経費	新聞図書費
202409	310A10500	32	雑給	0.0	0.0	0.0	0.0	0.0	0.0	アグリコ	経費	雑給
202409	310A10500	33	社内金利（固定資産）	0.0	0.0	0.0	0.0	0.0	0.0	アグリコ	経費	社内金利（固定資産）
202409	310A10500	34	社内金利（売掛金）	0.0	0.0	0.0	0.0	0.0	0.0	アグリコ	経費	社内金利（売掛金）
202409	310A10500	35	部門共通（経費）	0.0	0.0	0.0	0.0	0.0	0.0	アグリコ	経費	部門共通（経費）
202409	310A10500	36	グループ共通	1085000.0	1085000.0	1085000.0	6.0	100.0	100.0	アグリコ	経費	グループ共通
202409	310A10500	37	差引収益	1235210.0	959210.0	918707.0	5.0	95.7	74.3	アグリコ		
202409	310A10500	38	差引比率	5.0	5.1	5.0		98.0	100.0	アグリコ		
202409	310A10500	39	総時間	448.0	448.0	469.5		104.7	104.7	アグリコ		
202409	310A10500	40	定時間	440.0	440.0	445.5		101.2	101.2	アグリコ	時間	
202409	310A10500	41	残業時間	8.0	8.0	24.0		300.0	300.0	アグリコ	時間	
202409	310A10500	42	移動時間	0.0	0.0	0.0		0.0	0.0	アグリコ	時間	
202409	310A10500	43	部門共通（時間）	0.0	0.0	0.0		0.0	0.0	アグリコ	時間	
202409	310A10500	44	当月時間当り	2757.1	2141.0	1956.7		91.3	70.9	アグリコ		
202409	310A10500	45	人員	3.0	3.0	3.0		100.0	100.0	アグリコ		
202410	310A10500	1	総受注高	19600000.0	16760000.0	14808925.0		88.3	75.5	アグリコ	受注	
202410	310A10500	2	総売上高	19600000.0	16760000.0	14808925.0		88.3	75.5	アグリコ		
202410	310A10500	3	売上高	20200000.0	17250000.0	15128402.0		87.7	74.8	アグリコ	売上	
202410	310A10500	4	売上値引	-600000.0	-490000.0	-319477.0		0.0	0.0	アグリコ	売上	
202410	310A10500	5	売上原価	16950000.0	13937000.0	12332782.0		88.4	72.7	アグリコ		
202410	310A10500	6	総収益	2650000.0	2823000.0	2476143.0	16.7	87.7	93.4	アグリコ		
202410	310A10500	7	経費合計	1746000.0	1630000.0	1552420.0	10.4	95.2	88.9	アグリコ		
202410	310A10500	8	減価償却費	0.0	0.0	0.0	0.0	0.0	0.0	アグリコ	経費	減価償却費
202410	310A10500	9	車輛費	105000.0	90000.0	60312.0	0.4	67.0	57.4	アグリコ	経費	車輛費
202410	310A10500	10	旅費交通費	102000.0	70000.0	31309.0	0.2	44.7	30.6	アグリコ	経費	旅費交通費
202410	310A10500	11	運賃	194000.0	125000.0	153185.0	1.0	122.5	78.9	アグリコ	経費	運賃
202410	310A10500	12	通信費	10000.0	10000.0	14187.0	0.0	141.8	141.8	アグリコ	経費	通信費
202410	310A10500	13	水道光熱費	0.0	0.0	0.0	0.0	0.0	0.0	アグリコ	経費	水道光熱費
202410	310A10500	14	事務用品費	11700.0	11700.0	15103.0	0.1	129.0	129.0	アグリコ	経費	事務用品費
202410	310A10500	15	備品消耗品費	7000.0	7000.0	8647.0	0.0	123.5	123.5	アグリコ	経費	備品消耗品費
202410	310A10500	16	広告宣伝費	40000.0	40000.0	0.0	0.0	0.0	0.0	アグリコ	経費	広告宣伝費
202410	310A10500	17	交際費	0.0	0.0	0.0	0.0	0.0	0.0	アグリコ	経費	交際費
202410	310A10500	18	賃借料	50000.0	50000.0	50000.0	0.3	100.0	100.0	アグリコ	経費	賃借料
202410	310A10500	19	修繕費	0.0	0.0	0.0	0.0	0.0	0.0	アグリコ	経費	修繕費
202410	310A10500	20	リース料	31500.0	31500.0	31500.0	0.2	100.0	100.0	アグリコ	経費	リース料
202410	310A10500	21	保険料	16020.0	16020.0	16020.0	0.1	100.0	100.0	アグリコ	経費	保険料
202410	310A10500	22	支払手数料	31140.0	31140.0	37417.0	0.2	120.1	120.1	アグリコ	経費	支払手数料
202410	310A10500	23	諸会費	3100.0	3100.0	3000.0	0.0	96.7	96.7	アグリコ	経費	諸会費
202410	310A10500	24	会議費	0.0	0.0	0.0	0.0	0.0	0.0	アグリコ	経費	会議費
202410	310A10500	25	寄附金	0.0	0.0	0.0	0.0	0.0	0.0	アグリコ	経費	寄附金
202410	310A10500	26	租税公課	1000.0	1000.0	0.0	0.0	0.0	0.0	アグリコ	経費	租税公課
202410	310A10500	27	貸倒金	0.0	0.0	0.0	0.0	0.0	0.0	アグリコ	経費	貸倒金
202410	310A10500	28	情報機器利用料	33540.0	33540.0	33540.0	0.2	100.0	100.0	アグリコ	経費	情報機器利用料
202410	310A10500	29	雑費	0.0	0.0	0.0	0.0	0.0	0.0	アグリコ	経費	雑費
202410	310A10500	30	新聞図書費	0.0	0.0	0.0	0.0	0.0	0.0	アグリコ	経費	新聞図書費
202410	310A10500	32	雑給	25000.0	25000.0	13200.0	0.0	52.8	52.8	アグリコ	経費	雑給
202410	310A10500	33	社内金利（固定資産）	0.0	0.0	0.0	0.0	0.0	0.0	アグリコ	経費	社内金利（固定資産）
202410	310A10500	34	社内金利（売掛金）	0.0	0.0	0.0	0.0	0.0	0.0	アグリコ	経費	社内金利（売掛金）
202410	310A10500	35	部門共通（経費）	0.0	0.0	0.0	0.0	0.0	0.0	アグリコ	経費	部門共通（経費）
202410	310A10500	36	グループ共通	1085000.0	1085000.0	1085000.0	7.3	100.0	100.0	アグリコ	経費	グループ共通
202410	310A10500	37	差引収益	904000.0	1193000.0	923723.0	6.2	77.4	102.1	アグリコ		
202410	310A10500	38	差引比率	4.6	7.1	6.2		87.3	134.7	アグリコ		
202410	310A10500	39	総時間	520.0	527.0	525.75		99.7	101.1	アグリコ		
202410	310A10500	40	定時間	512.0	512.0	501.25		97.9	97.9	アグリコ	時間	
202410	310A10500	41	残業時間	8.0	15.0	24.5		163.3	306.2	アグリコ	時間	
202410	310A10500	42	移動時間	0.0	0.0	0.0		0.0	0.0	アグリコ	時間	
202410	310A10500	43	部門共通（時間）	0.0	0.0	0.0		0.0	0.0	アグリコ	時間	
202410	310A10500	44	当月時間当り	1738.4	2263.7	1756.9		77.6	101.0	アグリコ		
202410	310A10500	45	人員	3.0	3.0	3.0		100.0	100.0	アグリコ		
202411	310A10500	1	総受注高	14450000.0	13250000.0	13441744.0		101.4	93.0	アグリコ	受注	
202411	310A10500	2	総売上高	14450000.0	13250000.0	13441744.0		101.4	93.0	アグリコ		
202411	310A10500	3	売上高	14910000.0	13640000.0	13863895.0		101.6	92.9	アグリコ	売上	
202411	310A10500	4	売上値引	-460000.0	-390000.0	-422151.0		0.0	0.0	アグリコ	売上	
202411	310A10500	5	売上原価	12330000.0	11213000.0	11641546.0		103.8	94.4	アグリコ		
202411	310A10500	6	総収益	2120000.0	2037000.0	1800198.0	13.3	88.3	84.9	アグリコ		
202411	310A10500	7	経費合計	1641050.0	1590050.0	1639440.0	12.1	103.1	99.9	アグリコ		
202411	310A10500	8	減価償却費	0.0	0.0	0.0	0.0	0.0	0.0	アグリコ	経費	減価償却費
202411	310A10500	9	車輛費	73000.0	61000.0	63511.0	0.4	104.1	87.0	アグリコ	経費	車輛費
202411	310A10500	10	旅費交通費	70000.0	50000.0	67755.0	0.5	135.5	96.7	アグリコ	経費	旅費交通費
202411	310A10500	11	運賃	101000.0	82000.0	130678.0	0.9	159.3	129.3	アグリコ	経費	運賃
202411	310A10500	12	通信費	13000.0	13000.0	15110.0	0.1	116.2	116.2	アグリコ	経費	通信費
202411	310A10500	13	水道光熱費	0.0	0.0	0.0	0.0	0.0	0.0	アグリコ	経費	水道光熱費
202411	310A10500	14	事務用品費	70000.0	70000.0	98846.0	0.7	141.2	141.2	アグリコ	経費	事務用品費
202411	310A10500	15	備品消耗品費	12000.0	12000.0	3095.0	0.0	25.7	25.7	アグリコ	経費	備品消耗品費
202411	310A10500	16	広告宣伝費	24000.0	24000.0	0.0	0.0	0.0	0.0	アグリコ	経費	広告宣伝費
202411	310A10500	17	交際費	0.0	0.0	1750.0	0.0	0.0	0.0	アグリコ	経費	交際費
202411	310A10500	18	賃借料	50000.0	50000.0	50000.0	0.3	100.0	100.0	アグリコ	経費	賃借料
202411	310A10500	19	修繕費	0.0	0.0	0.0	0.0	0.0	0.0	アグリコ	経費	修繕費
202411	310A10500	20	リース料	31500.0	31500.0	31500.0	0.2	100.0	100.0	アグリコ	経費	リース料
202411	310A10500	21	保険料	16020.0	16020.0	16020.0	0.1	100.0	100.0	アグリコ	経費	保険料
202411	310A10500	22	支払手数料	36990.0	36990.0	33235.0	0.2	89.8	89.8	アグリコ	経費	支払手数料
202411	310A10500	23	諸会費	0.0	0.0	0.0	0.0	0.0	0.0	アグリコ	経費	諸会費
202411	310A10500	24	会議費	0.0	0.0	0.0	0.0	0.0	0.0	アグリコ	経費	会議費
202411	310A10500	25	寄附金	0.0	0.0	0.0	0.0	0.0	0.0	アグリコ	経費	寄附金
202411	310A10500	26	租税公課	0.0	0.0	600.0	0.0	0.0	0.0	アグリコ	経費	租税公課
202411	310A10500	27	貸倒金	0.0	0.0	0.0	0.0	0.0	0.0	アグリコ	経費	貸倒金
202411	310A10500	28	情報機器利用料	33540.0	33540.0	33540.0	0.2	100.0	100.0	アグリコ	経費	情報機器利用料
202411	310A10500	29	雑費	0.0	0.0	0.0	0.0	0.0	0.0	アグリコ	経費	雑費
202411	310A10500	30	新聞図書費	0.0	0.0	0.0	0.0	0.0	0.0	アグリコ	経費	新聞図書費
202411	310A10500	32	雑給	25000.0	25000.0	8800.0	0.0	35.2	35.2	アグリコ	経費	雑給
202411	310A10500	33	社内金利（固定資産）	0.0	0.0	0.0	0.0	0.0	0.0	アグリコ	経費	社内金利（固定資産）
202411	310A10500	34	社内金利（売掛金）	0.0	0.0	0.0	0.0	0.0	0.0	アグリコ	経費	社内金利（売掛金）
202411	310A10500	35	部門共通（経費）	0.0	0.0	0.0	0.0	0.0	0.0	アグリコ	経費	部門共通（経費）
202411	310A10500	36	グループ共通	1085000.0	1085000.0	1085000.0	8.0	100.0	100.0	アグリコ	経費	グループ共通
202411	310A10500	37	差引収益	478950.0	446950.0	160758.0	1.1	35.9	33.5	アグリコ		
202411	310A10500	38	差引比率	3.3	3.3	1.1		33.3	33.3	アグリコ		
202411	310A10500	39	総時間	482.0	487.0	494.75		101.5	102.6	アグリコ		
202411	310A10500	40	定時間	464.0	464.0	468.0		100.8	100.8	アグリコ	時間	
202411	310A10500	41	残業時間	18.0	23.0	26.75		116.3	148.6	アグリコ	時間	
202411	310A10500	42	移動時間	0.0	0.0	0.0		0.0	0.0	アグリコ	時間	
202411	310A10500	43	部門共通（時間）	0.0	0.0	0.0		0.0	0.0	アグリコ	時間	
202411	310A10500	44	当月時間当り	993.6	917.7	324.9		35.4	32.6	アグリコ		
202411	310A10500	45	人員	3.0	3.0	3.0		100.0	100.0	アグリコ		
202412	310A10500	1	総受注高	9200000.0	8820000.0	10002705.0		113.4	108.7	アグリコ	受注	
202412	310A10500	2	総売上高	9200000.0	8820000.0	10002705.0		113.4	108.7	アグリコ		
202412	310A10500	3	売上高	10710000.0	10313000.0	10772217.0		104.4	100.5	アグリコ	売上	
202412	310A10500	4	売上値引	-1510000.0	-1493000.0	-769512.0		0.0	0.0	アグリコ	売上	
202412	310A10500	5	売上原価	8790000.0	8462000.0	8767056.0		103.6	99.7	アグリコ		
202412	310A10500	6	総収益	410000.0	358000.0	1235649.0	12.3	345.1	301.3	アグリコ		
202412	310A10500	7	経費合計	1758750.0	1624790.0	1587917.0	15.8	97.7	90.2	アグリコ		
202412	310A10500	8	減価償却費	0.0	0.0	0.0	0.0	0.0	0.0	アグリコ	経費	減価償却費
202412	310A10500	9	車輛費	104000.0	82000.0	49468.0	0.4	60.3	47.5	アグリコ	経費	車輛費
202412	310A10500	10	旅費交通費	72000.0	50000.0	22573.0	0.2	45.1	31.3	アグリコ	経費	旅費交通費
202412	310A10500	11	運賃	191000.0	77000.0	72415.0	0.7	94.0	37.9	アグリコ	経費	運賃
202412	310A10500	12	通信費	16000.0	16000.0	17235.0	0.1	107.7	107.7	アグリコ	経費	通信費
202412	310A10500	13	水道光熱費	0.0	0.0	0.0	0.0	0.0	0.0	アグリコ	経費	水道光熱費
202412	310A10500	14	事務用品費	7800.0	7800.0	8246.0	0.0	105.7	105.7	アグリコ	経費	事務用品費
202412	310A10500	15	備品消耗品費	0.0	0.0	0.0	0.0	0.0	0.0	アグリコ	経費	備品消耗品費
202412	310A10500	16	広告宣伝費	55000.0	115000.0	114545.0	1.1	99.6	208.2	アグリコ	経費	広告宣伝費
202412	310A10500	17	交際費	47500.0	23500.0	20157.0	0.2	85.7	42.4	アグリコ	経費	交際費
202412	310A10500	18	賃借料	50000.0	50000.0	50000.0	0.4	100.0	100.0	アグリコ	経費	賃借料
202412	310A10500	19	修繕費	0.0	0.0	0.0	0.0	0.0	0.0	アグリコ	経費	修繕費
202412	310A10500	20	リース料	31500.0	31500.0	31500.0	0.3	100.0	100.0	アグリコ	経費	リース料
202412	310A10500	21	保険料	16020.0	14060.0	16020.0	0.1	113.9	100.0	アグリコ	経費	保険料
202412	310A10500	22	支払手数料	39390.0	39390.0	39973.0	0.3	101.4	101.4	アグリコ	経費	支払手数料
202412	310A10500	23	諸会費	0.0	0.0	0.0	0.0	0.0	0.0	アグリコ	経費	諸会費
202412	310A10500	24	会議費	0.0	0.0	0.0	0.0	0.0	0.0	アグリコ	経費	会議費
202412	310A10500	25	寄附金	0.0	0.0	0.0	0.0	0.0	0.0	アグリコ	経費	寄附金
202412	310A10500	26	租税公課	10000.0	0.0	6200.0	0.0	0.0	62.0	アグリコ	経費	租税公課
202412	310A10500	27	貸倒金	0.0	0.0	0.0	0.0	0.0	0.0	アグリコ	経費	貸倒金
202412	310A10500	28	情報機器利用料	33540.0	33540.0	33540.0	0.3	100.0	100.0	アグリコ	経費	情報機器利用料
202412	310A10500	29	雑費	0.0	0.0	4545.0	0.0	0.0	0.0	アグリコ	経費	雑費
202412	310A10500	30	新聞図書費	0.0	0.0	0.0	0.0	0.0	0.0	アグリコ	経費	新聞図書費
202412	310A10500	32	雑給	0.0	0.0	16500.0	0.1	0.0	0.0	アグリコ	経費	雑給
202412	310A10500	33	社内金利（固定資産）	0.0	0.0	0.0	0.0	0.0	0.0	アグリコ	経費	社内金利（固定資産）
202412	310A10500	34	社内金利（売掛金）	0.0	0.0	0.0	0.0	0.0	0.0	アグリコ	経費	社内金利（売掛金）
202412	310A10500	35	部門共通（経費）	0.0	0.0	0.0	0.0	0.0	0.0	アグリコ	経費	部門共通（経費）
202412	310A10500	36	グループ共通	1085000.0	1085000.0	1085000.0	10.8	100.0	100.0	アグリコ	経費	グループ共通
202412	310A10500	37	差引収益	-1348750.0	-1266790.0	-352268.0	0.0	0.0	0.0	アグリコ		
202412	310A10500	38	差引比率	-14.6	-14.3	-3.5		0.0	0.0	アグリコ		
202412	310A10500	39	総時間	481.0	481.0	456.75		94.9	94.9	アグリコ		
202412	310A10500	40	定時間	464.0	464.0	422.75		91.1	91.1	アグリコ	時間	
202412	310A10500	41	残業時間	17.0	17.0	34.0		200.0	200.0	アグリコ	時間	
202412	310A10500	42	移動時間	0.0	0.0	0.0		0.0	0.0	アグリコ	時間	
202412	310A10500	43	部門共通（時間）	0.0	0.0	0.0		0.0	0.0	アグリコ	時間	
202412	310A10500	44	当月時間当り	-2804.0	-2633.6	-771.2		0.0	0.0	アグリコ		
202412	310A10500	45	人員	3.0	3.0	3.0		100.0	100.0	アグリコ		
202501	310A10500	1	総受注高	24300000.0	8050000.0	13565413.0		168.5	55.8	アグリコ	受注	
202501	310A10500	2	総売上高	24300000.0	8050000.0	13565413.0		168.5	55.8	アグリコ		
202501	310A10500	3	売上高	24505000.0	8246000.0	13821459.0		167.6	56.4	アグリコ	売上	
202501	310A10500	4	売上値引	-205000.0	-196000.0	-256046.0		0.0	0.0	アグリコ	売上	
202501	310A10500	5	売上原価	22660000.0	6833000.0	11756146.0		172.0	51.8	アグリコ		
202501	310A10500	6	総収益	1640000.0	1217000.0	1809267.0	13.3	148.6	110.3	アグリコ		
202501	310A10500	7	経費合計	1661600.0	1446640.0	1453014.0	10.7	100.4	87.4	アグリコ		
202501	310A10500	8	減価償却費	0.0	0.0	0.0	0.0	0.0	0.0	アグリコ	経費	減価償却費
202501	310A10500	9	車輛費	94000.0	75000.0	52102.0	0.3	69.4	55.4	アグリコ	経費	車輛費
202501	310A10500	10	旅費交通費	34000.0	20000.0	44182.0	0.3	220.9	129.9	アグリコ	経費	旅費交通費
202501	310A10500	11	運賃	279000.0	99000.0	54915.0	0.4	55.4	19.6	アグリコ	経費	運賃
202501	310A10500	12	通信費	15000.0	15000.0	15384.0	0.1	102.5	102.5	アグリコ	経費	通信費
202501	310A10500	13	水道光熱費	0.0	0.0	0.0	0.0	0.0	0.0	アグリコ	経費	水道光熱費
202501	310A10500	14	事務用品費	4000.0	4000.0	12837.0	0.0	320.9	320.9	アグリコ	経費	事務用品費
202501	310A10500	15	備品消耗品費	7500.0	7500.0	7531.0	0.0	100.4	100.4	アグリコ	経費	備品消耗品費
202501	310A10500	16	広告宣伝費	-27000.0	-27000.0	0.0	0.0	0.0	0.0	アグリコ	経費	広告宣伝費
202501	310A10500	17	交際費	0.0	0.0	0.0	0.0	0.0	0.0	アグリコ	経費	交際費
202501	310A10500	18	賃借料	50000.0	50000.0	50000.0	0.3	100.0	100.0	アグリコ	経費	賃借料
202501	310A10500	19	修繕費	0.0	0.0	0.0	0.0	0.0	0.0	アグリコ	経費	修繕費
202501	310A10500	20	リース料	31500.0	31500.0	31500.0	0.2	100.0	100.0	アグリコ	経費	リース料
202501	310A10500	21	保険料	16020.0	14060.0	12100.0	0.0	86.0	75.5	アグリコ	経費	保険料
202501	310A10500	22	支払手数料	37040.0	37040.0	37223.0	0.2	100.4	100.4	アグリコ	経費	支払手数料
202501	310A10500	23	諸会費	0.0	0.0	0.0	0.0	0.0	0.0	アグリコ	経費	諸会費
202501	310A10500	24	会議費	0.0	0.0	0.0	0.0	0.0	0.0	アグリコ	経費	会議費
202501	310A10500	25	寄附金	0.0	0.0	0.0	0.0	0.0	0.0	アグリコ	経費	寄附金
202501	310A10500	26	租税公課	2000.0	2000.0	200.0	0.0	10.0	10.0	アグリコ	経費	租税公課
202501	310A10500	27	貸倒金	0.0	0.0	0.0	0.0	0.0	0.0	アグリコ	経費	貸倒金
202501	310A10500	28	情報機器利用料	33540.0	33540.0	33540.0	0.2	100.0	100.0	アグリコ	経費	情報機器利用料
202501	310A10500	29	雑費	0.0	0.0	0.0	0.0	0.0	0.0	アグリコ	経費	雑費
202501	310A10500	30	新聞図書費	0.0	0.0	0.0	0.0	0.0	0.0	アグリコ	経費	新聞図書費
202501	310A10500	32	雑給	0.0	0.0	16500.0	0.1	0.0	0.0	アグリコ	経費	雑給
202501	310A10500	33	社内金利（固定資産）	0.0	0.0	0.0	0.0	0.0	0.0	アグリコ	経費	社内金利（固定資産）
202501	310A10500	34	社内金利（売掛金）	0.0	0.0	0.0	0.0	0.0	0.0	アグリコ	経費	社内金利（売掛金）
202501	310A10500	35	部門共通（経費）	0.0	0.0	0.0	0.0	0.0	0.0	アグリコ	経費	部門共通（経費）
202501	310A10500	36	グループ共通	1085000.0	1085000.0	1085000.0	7.9	100.0	100.0	アグリコ	経費	グループ共通
202501	310A10500	37	差引収益	-21600.0	-229640.0	356253.0	2.6	0.0	0.0	アグリコ		
202501	310A10500	38	差引比率	0.0	-2.8	2.6		0.0	0.0	アグリコ		
202501	310A10500	39	総時間	426.0	426.0	394.25		92.5	92.5	アグリコ		
202501	310A10500	40	定時間	408.0	408.0	369.75		90.6	90.6	アグリコ	時間	
202501	310A10500	41	残業時間	18.0	18.0	24.5		136.1	136.1	アグリコ	時間	
202501	310A10500	42	移動時間	0.0	0.0	0.0		0.0	0.0	アグリコ	時間	
202501	310A10500	43	部門共通（時間）	0.0	0.0	0.0		0.0	0.0	アグリコ	時間	
202501	310A10500	44	当月時間当り	-50.7	-539.0	903.6		0.0	0.0	アグリコ		
202501	310A10500	45	人員	3.0	3.0	3.0		100.0	100.0	アグリコ		
202502	310A10500	1	総受注高	37800000.0	36450000.0	34028051.0		93.3	90.0	アグリコ	受注	
202502	310A10500	2	総売上高	37800000.0	36450000.0	34028051.0		93.3	90.0	アグリコ		
202502	310A10500	3	売上高	39030000.0	37274000.0	35660257.0		95.6	91.3	アグリコ	売上	
202502	310A10500	4	売上値引	-1230000.0	-824000.0	-1632206.0		0.0	0.0	アグリコ	売上	
202502	310A10500	5	売上原価	35400000.0	33840000.0	31277152.0		92.4	88.3	アグリコ		
202502	310A10500	6	総収益	2400000.0	2610000.0	2750899.0	8.0	105.3	114.6	アグリコ		
202502	310A10500	7	経費合計	1621640.0	1467640.0	1474019.0	4.3	100.4	90.8	アグリコ		
202502	310A10500	8	減価償却費	0.0	0.0	0.0	0.0	0.0	0.0	アグリコ	経費	減価償却費
202502	310A10500	9	車輛費	1000.0	31000.0	47669.0	0.1	153.7		アグリコ	経費	車輛費
202502	310A10500	10	旅費交通費	64000.0	40000.0	21909.0	0.0	54.7	34.2	アグリコ	経費	旅費交通費
202502	310A10500	11	運賃	290000.0	130000.0	84700.0	0.2	65.1	29.2	アグリコ	経費	運賃
202502	310A10500	12	通信費	8000.0	8000.0	24866.0	0.0	310.8	310.8	アグリコ	経費	通信費
202502	310A10500	13	水道光熱費	0.0	0.0	0.0	0.0	0.0	0.0	アグリコ	経費	水道光熱費
202502	310A10500	14	事務用品費	800.0	800.0	23618.0	0.0			アグリコ	経費	事務用品費
202502	310A10500	15	備品消耗品費	0.0	0.0	2057.0	0.0	0.0	0.0	アグリコ	経費	備品消耗品費
202502	310A10500	16	広告宣伝費	0.0	0.0	0.0	0.0	0.0	0.0	アグリコ	経費	広告宣伝費
202502	310A10500	17	交際費	0.0	0.0	0.0	0.0	0.0	0.0	アグリコ	経費	交際費
202502	310A10500	18	賃借料	50000.0	50000.0	50000.0	0.1	100.0	100.0	アグリコ	経費	賃借料
202502	310A10500	19	修繕費	0.0	0.0	0.0	0.0	0.0	0.0	アグリコ	経費	修繕費
202502	310A10500	20	リース料	31500.0	31500.0	31500.0	0.0	100.0	100.0	アグリコ	経費	リース料
202502	310A10500	21	保険料	16020.0	16020.0	14060.0	0.0	87.7	87.7	アグリコ	経費	保険料
202502	310A10500	22	支払手数料	21780.0	21780.0	34500.0	0.1	158.4	158.4	アグリコ	経費	支払手数料
202502	310A10500	23	諸会費	20000.0	20000.0	20000.0	0.0	100.0	100.0	アグリコ	経費	諸会費
202502	310A10500	24	会議費	0.0	0.0	0.0	0.0	0.0	0.0	アグリコ	経費	会議費
202502	310A10500	25	寄附金	0.0	0.0	0.0	0.0	0.0	0.0	アグリコ	経費	寄附金
202502	310A10500	26	租税公課	0.0	0.0	600.0	0.0	0.0	0.0	アグリコ	経費	租税公課
202502	310A10500	27	貸倒金	0.0	0.0	0.0	0.0	0.0	0.0	アグリコ	経費	貸倒金
202502	310A10500	28	情報機器利用料	33540.0	33540.0	33540.0	0.0	100.0	100.0	アグリコ	経費	情報機器利用料
202502	310A10500	29	雑費	0.0	0.0	0.0	0.0	0.0	0.0	アグリコ	経費	雑費
202502	310A10500	30	新聞図書費	0.0	0.0	0.0	0.0	0.0	0.0	アグリコ	経費	新聞図書費
202502	310A10500	32	雑給	0.0	0.0	0.0	0.0	0.0	0.0	アグリコ	経費	雑給
202502	310A10500	33	社内金利（固定資産）	0.0	0.0	0.0	0.0	0.0	0.0	アグリコ	経費	社内金利（固定資産）
202502	310A10500	34	社内金利（売掛金）	0.0	0.0	0.0	0.0	0.0	0.0	アグリコ	経費	社内金利（売掛金）
202502	310A10500	35	部門共通（経費）	0.0	0.0	0.0	0.0	0.0	0.0	アグリコ	経費	部門共通（経費）
202502	310A10500	36	グループ共通	1085000.0	1085000.0	1085000.0	3.1	100.0	100.0	アグリコ	経費	グループ共通
202502	310A10500	37	差引収益	778360.0	1142360.0	1276880.0	3.7	111.7	164.0	アグリコ		
202502	310A10500	38	差引比率	2.0	3.1	3.7		119.3	185.0	アグリコ		
202502	310A10500	39	総時間	454.0	454.0	416.75		91.7	91.7	アグリコ		
202502	310A10500	40	定時間	432.0	432.0	384.0		88.8	88.8	アグリコ	時間	
202502	310A10500	41	残業時間	22.0	22.0	32.75		148.8	148.8	アグリコ	時間	
202502	310A10500	42	移動時間	0.0	0.0	0.0		0.0	0.0	アグリコ	時間	
202502	310A10500	43	部門共通（時間）	0.0	0.0	0.0		0.0	0.0	アグリコ	時間	
202502	310A10500	44	当月時間当り	1714.4	2516.2	3063.8		121.7	178.7	アグリコ		
202502	310A10500	45	人員	3.0	3.0	3.0		100.0	100.0	アグリコ		
202503	310A10500	1	総受注高	58950000.0	39950000.0	48556092.0		121.5	82.3	アグリコ	受注	
202503	310A10500	2	総売上高	58950000.0	39950000.0	48556092.0		121.5	82.3	アグリコ		
202503	310A10500	3	売上高	59170000.0	40120000.0	49347247.0		122.9	83.3	アグリコ	売上	
202503	310A10500	4	売上値引	-220000.0	-170000.0	-791155.0		0.0	0.0	アグリコ	売上	
202503	310A10500	5	売上原価	53110000.0	34090000.0	40512467.0		118.8	76.2	アグリコ		
202503	310A10500	6	総収益	5840000.0	5860000.0	8043625.0	16.5	137.2	137.7	アグリコ		
202503	310A10500	7	経費合計	1909770.0	1739770.0	2014994.0	4.1	115.8	105.5	アグリコ		
202503	310A10500	8	減価償却費	0.0	0.0	0.0	0.0	0.0	0.0	アグリコ	経費	減価償却費
202503	310A10500	9	車輛費	104000.0	104000.0	50368.0	0.1	48.4	48.4	アグリコ	経費	車輛費
202503	310A10500	10	旅費交通費	124000.0	54000.0	71274.0	0.1	131.9	57.4	アグリコ	経費	旅費交通費
202503	310A10500	11	運賃	395000.0	295000.0	349120.0	0.7	118.3	88.3	アグリコ	経費	運賃
202503	310A10500	12	通信費	13000.0	13000.0	13218.0	0.0	101.6	101.6	アグリコ	経費	通信費
202503	310A10500	13	水道光熱費	0.0	0.0	0.0	0.0	0.0	0.0	アグリコ	経費	水道光熱費
202503	310A10500	14	事務用品費	3200.0	3200.0	9075.0	0.0	283.5	283.5	アグリコ	経費	事務用品費
202503	310A10500	15	備品消耗品費	6000.0	6000.0	5364.0	0.0	89.4	89.4	アグリコ	経費	備品消耗品費
202503	310A10500	16	広告宣伝費	1000.0	1000.0	0.0	0.0	0.0	0.0	アグリコ	経費	広告宣伝費
202503	310A10500	17	交際費	0.0	0.0	0.0	0.0	0.0	0.0	アグリコ	経費	交際費
202503	310A10500	18	賃借料	50000.0	50000.0	50000.0	0.1	100.0	100.0	アグリコ	経費	賃借料
202503	310A10500	19	修繕費	0.0	0.0	0.0	0.0	0.0	0.0	アグリコ	経費	修繕費
202503	310A10500	20	リース料	31500.0	31500.0	31500.0	0.0	100.0	100.0	アグリコ	経費	リース料
202503	310A10500	21	保険料	16020.0	16020.0	37423.0	0.0	233.6	233.6	アグリコ	経費	保険料
202503	310A10500	22	支払手数料	40700.0	40700.0	206532.0	0.4	507.4	507.4	アグリコ	経費	支払手数料
202503	310A10500	23	諸会費	0.0	0.0	0.0	0.0	0.0	0.0	アグリコ	経費	諸会費
202503	310A10500	24	会議費	0.0	0.0	0.0	0.0	0.0	0.0	アグリコ	経費	会議費
202503	310A10500	25	寄附金	0.0	0.0	0.0	0.0	0.0	0.0	アグリコ	経費	寄附金
202503	310A10500	26	租税公課	0.0	0.0	6000.0	0.0	0.0	0.0	アグリコ	経費	租税公課
202503	310A10500	27	貸倒金	0.0	0.0	0.0	0.0	0.0	0.0	アグリコ	経費	貸倒金
202503	310A10500	28	情報機器利用料	40350.0	40350.0	46000.0	0.0	114.0	114.0	アグリコ	経費	情報機器利用料
202503	310A10500	29	雑費	0.0	0.0	0.0	0.0	0.0	0.0	アグリコ	経費	雑費
202503	310A10500	30	新聞図書費	0.0	0.0	0.0	0.0	0.0	0.0	アグリコ	経費	新聞図書費
202503	310A10500	32	雑給	0.0	0.0	54120.0	0.1	0.0	0.0	アグリコ	経費	雑給
202503	310A10500	33	社内金利（固定資産）	0.0	0.0	0.0	0.0	0.0	0.0	アグリコ	経費	社内金利（固定資産）
202503	310A10500	34	社内金利（売掛金）	0.0	0.0	0.0	0.0	0.0	0.0	アグリコ	経費	社内金利（売掛金）
202503	310A10500	35	部門共通（経費）	0.0	0.0	0.0	0.0	0.0	0.0	アグリコ	経費	部門共通（経費）
202503	310A10500	36	グループ共通	1085000.0	1085000.0	1085000.0	2.2	100.0	100.0	アグリコ	経費	グループ共通
202503	310A10500	37	差引収益	3930230.0	4120230.0	6028631.0	12.4	146.3	153.3	アグリコ		
202503	310A10500	38	差引比率	6.6	10.3	12.4		120.3	187.8	アグリコ		
202503	310A10500	39	総時間	546.0	558.0	545.25		97.7	99.8	アグリコ		
202503	310A10500	40	定時間	520.0	532.0	480.5		90.3	92.4	アグリコ	時間	
202503	310A10500	41	残業時間	26.0	26.0	64.75		249.0	249.0	アグリコ	時間	
202503	310A10500	42	移動時間	0.0	0.0	0.0		0.0	0.0	アグリコ	時間	
202503	310A10500	43	部門共通（時間）	0.0	0.0	0.0		0.0	0.0	アグリコ	時間	
202503	310A10500	44	当月時間当り	7198.2	7383.9	11056.6		149.7	153.6	アグリコ		
202503	310A10500	45	人員	3.0	4.0	3.0		75.0	100.0	アグリコ		
202504	310A10500	1	総受注高	44900000.0	44900000.0	41466032.0		92.3	92.3	アグリコ	受注	
202504	310A10500	2	総売上高	44900000.0	44900000.0	41466032.0		92.3	92.3	アグリコ		
202504	310A10500	3	売上高	45900000.0	45900000.0	42386089.0		92.3	92.3	アグリコ	売上	
202504	310A10500	4	売上値引	-1000000.0	-1000000.0	-920057.0		0.0	0.0	アグリコ	売上	
202504	310A10500	5	売上原価	40030000.0	40030000.0	36498320.0		91.1	91.1	アグリコ		
202504	310A10500	6	総収益	4870000.0	4870000.0	4967712.0	11.9	102.0	102.0	アグリコ		
202504	310A10500	7	経費合計	1693540.0	1693540.0	1851026.0	4.4	109.2	109.2	アグリコ		
202504	310A10500	8	減価償却費	0.0	0.0	0.0	0.0	0.0	0.0	アグリコ	経費	減価償却費
202504	310A10500	9	車輛費	85000.0	85000.0	108375.0	0.2	127.5	127.5	アグリコ	経費	車輛費
202504	310A10500	10	旅費交通費	10000.0	10000.0	49928.0	0.1	499.2	499.2	アグリコ	経費	旅費交通費
202504	310A10500	11	運賃	232000.0	232000.0	201740.0	0.4	86.9	86.9	アグリコ	経費	運賃
202504	310A10500	12	通信費	13200.0	13200.0	15831.0	0.0	119.9	119.9	アグリコ	経費	通信費
202504	310A10500	13	水道光熱費	0.0	0.0	0.0	0.0	0.0	0.0	アグリコ	経費	水道光熱費
202504	310A10500	14	事務用品費	5900.0	5900.0	23308.0	0.0	395.0	395.0	アグリコ	経費	事務用品費
202504	310A10500	15	備品消耗品費	0.0	0.0	1552.0	0.0	0.0	0.0	アグリコ	経費	備品消耗品費
202504	310A10500	16	広告宣伝費	0.0	0.0	0.0	0.0	0.0	0.0	アグリコ	経費	広告宣伝費
202504	310A10500	17	交際費	0.0	0.0	0.0	0.0	0.0	0.0	アグリコ	経費	交際費
202504	310A10500	18	賃借料	50000.0	50000.0	50000.0	0.1	100.0	100.0	アグリコ	経費	賃借料
202504	310A10500	19	修繕費	0.0	0.0	0.0	0.0	0.0	0.0	アグリコ	経費	修繕費
202504	310A10500	20	リース料	31500.0	31500.0	31500.0	0.0	100.0	100.0	アグリコ	経費	リース料
202504	310A10500	21	保険料	97540.0	97540.0	109450.0	0.2	112.2	112.2	アグリコ	経費	保険料
202504	310A10500	22	支払手数料	43750.0	43750.0	128692.0	0.3	294.1	294.1	アグリコ	経費	支払手数料
202504	310A10500	23	諸会費	0.0	0.0	0.0	0.0	0.0	0.0	アグリコ	経費	諸会費
202504	310A10500	24	会議費	0.0	0.0	0.0	0.0	0.0	0.0	アグリコ	経費	会議費
202504	310A10500	25	寄附金	0.0	0.0	0.0	0.0	0.0	0.0	アグリコ	経費	寄附金
202504	310A10500	26	租税公課	1000.0	1000.0	1000.0	0.0	100.0	100.0	アグリコ	経費	租税公課
202504	310A10500	27	貸倒金	0.0	0.0	0.0	0.0	0.0	0.0	アグリコ	経費	貸倒金
202504	310A10500	28	情報機器利用料	49650.0	49650.0	49650.0	0.1	100.0	100.0	アグリコ	経費	情報機器利用料
202504	310A10500	29	雑費	0.0	0.0	0.0	0.0	0.0	0.0	アグリコ	経費	雑費
202504	310A10500	30	新聞図書費	0.0	0.0	0.0	0.0	0.0	0.0	アグリコ	経費	新聞図書費
202504	310A10500	32	雑給	0.0	0.0	6000.0	0.0	0.0	0.0	アグリコ	経費	雑給
202504	310A10500	33	社内金利（固定資産）	0.0	0.0	0.0	0.0	0.0	0.0	アグリコ	経費	社内金利（固定資産）
202504	310A10500	34	社内金利（売掛金）	0.0	0.0	0.0	0.0	0.0	0.0	アグリコ	経費	社内金利（売掛金）
202504	310A10500	35	部門共通（経費）	0.0	0.0	0.0	0.0	0.0	0.0	アグリコ	経費	部門共通（経費）
202504	310A10500	36	グループ共通	1074000.0	1074000.0	1074000.0	2.5	100.0	100.0	アグリコ	経費	グループ共通
202504	310A10500	37	差引収益	3176460.0	3176460.0	3116686.0	7.5	98.1	98.1	アグリコ		
202504	310A10500	38	差引比率	7.0	7.0	7.5		107.1	107.1	アグリコ		
202504	310A10500	39	総時間	545.0	545.0	578.25		106.1	106.1	アグリコ		
202504	310A10500	40	定時間	507.0	507.0	551.0		108.6	108.6	アグリコ	時間	
202504	310A10500	41	残業時間	38.0	38.0	27.25		71.7	71.7	アグリコ	時間	
202504	310A10500	42	移動時間	0.0	0.0	0.0		0.0	0.0	アグリコ	時間	
202504	310A10500	43	部門共通（時間）	0.0	0.0	0.0		0.0	0.0	アグリコ	時間	
202504	310A10500	44	当月時間当り	5828.3	5828.3	5389.8		92.4	92.4	アグリコ		
202504	310A10500	45	人員	3.0	3.0	3.0		100.0	100.0	アグリコ		
202505	310A10500	1	総受注高	29500000.0	31600000.0	29407096.0		93.0	99.6	アグリコ	受注	
202505	310A10500	2	総売上高	29500000.0	31600000.0	29407096.0		93.0	99.6	アグリコ		
202505	310A10500	3	売上高	30050000.0	32150000.0	29817444.0		92.7	99.2	アグリコ	売上	
202505	310A10500	4	売上値引	-550000.0	-550000.0	-410348.0		0.0	0.0	アグリコ	売上	
202505	310A10500	5	売上原価	25660000.0	27210000.0	24739964.0		90.9	96.4	アグリコ		
202505	310A10500	6	総収益	3840000.0	4390000.0	4667132.0	15.8	106.3	121.5	アグリコ		
202505	310A10500	7	経費合計	1690623.0	1760623.0	1774608.0	6.0	100.7	104.9	アグリコ		
202505	310A10500	8	減価償却費	0.0	0.0	0.0	0.0	0.0	0.0	アグリコ	経費	減価償却費
202505	310A10500	9	車輛費	69000.0	69000.0	68085.0	0.2	98.6	98.6	アグリコ	経費	車輛費
202505	310A10500	10	旅費交通費	76000.0	30000.0	0.0	0.0	0.0	0.0	アグリコ	経費	旅費交通費
202505	310A10500	11	運賃	235000.0	235000.0	374020.0	1.2	159.1	159.1	アグリコ	経費	運賃
202505	310A10500	12	通信費	12600.0	12600.0	13616.0	0.0	108.0	108.0	アグリコ	経費	通信費
202505	310A10500	13	水道光熱費	0.0	0.0	0.0	0.0	0.0	0.0	アグリコ	経費	水道光熱費
202505	310A10500	14	事務用品費	11600.0	11600.0	6307.0	0.0	54.3	54.3	アグリコ	経費	事務用品費
202505	310A10500	15	備品消耗品費	300.0	300.0	0.0	0.0	0.0	0.0	アグリコ	経費	備品消耗品費
202505	310A10500	16	広告宣伝費	27273.0	27273.0	30000.0	0.1	109.9	109.9	アグリコ	経費	広告宣伝費
202505	310A10500	17	交際費	0.0	0.0	0.0	0.0	0.0	0.0	アグリコ	経費	交際費
202505	310A10500	18	賃借料	50000.0	50000.0	50000.0	0.1	100.0	100.0	アグリコ	経費	賃借料
202505	310A10500	19	修繕費	0.0	0.0	0.0	0.0	0.0	0.0	アグリコ	経費	修繕費
202505	310A10500	20	リース料	31500.0	31500.0	31500.0	0.1	100.0	100.0	アグリコ	経費	リース料
202505	310A10500	21	保険料	14060.0	14060.0	14060.0	0.0	100.0	100.0	アグリコ	経費	保険料
202505	310A10500	22	支払手数料	35640.0	151640.0	34820.0	0.1	22.9	97.6	アグリコ	経費	支払手数料
202505	310A10500	23	諸会費	0.0	0.0	0.0	0.0	0.0	0.0	アグリコ	経費	諸会費
202505	310A10500	24	会議費	0.0	0.0	0.0	0.0	0.0	0.0	アグリコ	経費	会議費
202505	310A10500	25	寄附金	0.0	0.0	0.0	0.0	0.0	0.0	アグリコ	経費	寄附金
202505	310A10500	26	租税公課	4000.0	4000.0	6000.0	0.0	150.0	150.0	アグリコ	経費	租税公課
202505	310A10500	27	貸倒金	0.0	0.0	0.0	0.0	0.0	0.0	アグリコ	経費	貸倒金
202505	310A10500	28	情報機器利用料	49650.0	49650.0	66200.0	0.2	133.3	133.3	アグリコ	経費	情報機器利用料
202505	310A10500	29	雑費	0.0	0.0	0.0	0.0	0.0	0.0	アグリコ	経費	雑費
202505	310A10500	30	新聞図書費	0.0	0.0	0.0	0.0	0.0	0.0	アグリコ	経費	新聞図書費
202505	310A10500	32	雑給	0.0	0.0	6000.0	0.0	0.0	0.0	アグリコ	経費	雑給
202505	310A10500	33	社内金利（固定資産）	0.0	0.0	0.0	0.0	0.0	0.0	アグリコ	経費	社内金利（固定資産）
202505	310A10500	34	社内金利（売掛金）	0.0	0.0	0.0	0.0	0.0	0.0	アグリコ	経費	社内金利（売掛金）
202505	310A10500	35	部門共通（経費）	0.0	0.0	0.0	0.0	0.0	0.0	アグリコ	経費	部門共通（経費）
202505	310A10500	36	グループ共通	1074000.0	1074000.0	1074000.0	3.6	100.0	100.0	アグリコ	経費	グループ共通
202505	310A10500	37	差引収益	2149377.0	2629377.0	2892524.0	9.8	110.0	134.5	アグリコ		
202505	310A10500	38	差引比率	7.2	8.3	9.8		118.0	136.1	アグリコ		
202505	310A10500	39	総時間	523.0	683.0	632.75		92.6	120.9	アグリコ		
202505	310A10500	40	定時間	484.0	644.0	604.0		93.7	124.7	アグリコ	時間	
202505	310A10500	41	残業時間	39.0	39.0	28.75		73.7	73.7	アグリコ	時間	
202505	310A10500	42	移動時間	0.0	0.0	0.0		0.0	0.0	アグリコ	時間	
202505	310A10500	43	部門共通（時間）	0.0	0.0	0.0		0.0	0.0	アグリコ	時間	
202505	310A10500	44	当月時間当り	4109.7	3849.7	4571.3		118.7	111.2	アグリコ		
202505	310A10500	45	人員	3.0	4.0	4.0		100.0	133.3	アグリコ		
202506	310A10500	1	総受注高	40400000.0	43000000.0	42852900.0		99.6	106.0	アグリコ	受注	
202506	310A10500	2	総売上高	40400000.0	43000000.0	42852900.0		99.6	106.0	アグリコ		
202506	310A10500	3	売上高	41050000.0	43650000.0	43732275.0		100.1	106.5	アグリコ	売上	
202506	310A10500	4	売上値引	-650000.0	-650000.0	-879375.0		0.0	0.0	アグリコ	売上	
202506	310A10500	5	売上原価	35590000.0	37910000.0	37738005.0		99.5	106.0	アグリコ		
202506	310A10500	6	総収益	4810000.0	5090000.0	5114895.0	11.9	100.4	106.3	アグリコ		
202506	310A10500	7	経費合計	1898900.0	2102900.0	2005504.0	4.6	95.3	105.6	アグリコ		
202506	310A10500	8	減価償却費	0.0	0.0	0.0	0.0	0.0	0.0	アグリコ	経費	減価償却費
202506	310A10500	9	車輛費	86300.0	86300.0	84757.0	0.1	98.2	98.2	アグリコ	経費	車輛費
202506	310A10500	10	旅費交通費	15000.0	80000.0	104272.0	0.2	130.3	695.1	アグリコ	経費	旅費交通費
202506	310A10500	11	運賃	250000.0	250000.0	122990.0	0.2	49.1	49.1	アグリコ	経費	運賃
202506	310A10500	12	通信費	13800.0	13800.0	14452.0	0.0	104.7	104.7	アグリコ	経費	通信費
202506	310A10500	13	水道光熱費	0.0	0.0	0.0	0.0	0.0	0.0	アグリコ	経費	水道光熱費
202506	310A10500	14	事務用品費	21300.0	21300.0	19308.0	0.0	90.6	90.6	アグリコ	経費	事務用品費
202506	310A10500	15	備品消耗品費	1000.0	1000.0	1772.0	0.0	177.2	177.2	アグリコ	経費	備品消耗品費
202506	310A10500	16	広告宣伝費	0.0	0.0	3300.0	0.0	0.0	0.0	アグリコ	経費	広告宣伝費
202506	310A10500	17	交際費	0.0	0.0	0.0	0.0	0.0	0.0	アグリコ	経費	交際費
202506	310A10500	18	賃借料	50000.0	50000.0	50000.0	0.1	100.0	100.0	アグリコ	経費	賃借料
202506	310A10500	19	修繕費	0.0	0.0	0.0	0.0	0.0	0.0	アグリコ	経費	修繕費
202506	310A10500	20	リース料	31500.0	31500.0	35000.0	0.0	111.1	111.1	アグリコ	経費	リース料
202506	310A10500	21	保険料	14060.0	14060.0	14060.0	0.0	100.0	100.0	アグリコ	経費	保険料
202506	310A10500	22	支払手数料	290290.0	429290.0	384393.0	0.8	89.5	132.4	アグリコ	経費	支払手数料
202506	310A10500	23	諸会費	0.0	0.0	0.0	0.0	0.0	0.0	アグリコ	経費	諸会費
202506	310A10500	24	会議費	0.0	0.0	0.0	0.0	0.0	0.0	アグリコ	経費	会議費
202506	310A10500	25	寄附金	0.0	0.0	0.0	0.0	0.0	0.0	アグリコ	経費	寄附金
202506	310A10500	26	租税公課	2000.0	2000.0	31000.0	0.0			アグリコ	経費	租税公課
202506	310A10500	27	貸倒金	0.0	0.0	0.0	0.0	0.0	0.0	アグリコ	経費	貸倒金
202506	310A10500	28	情報機器利用料	49650.0	49650.0	66200.0	0.1	133.3	133.3	アグリコ	経費	情報機器利用料
202506	310A10500	29	雑費	0.0	0.0	0.0	0.0	0.0	0.0	アグリコ	経費	雑費
202506	310A10500	30	新聞図書費	0.0	0.0	0.0	0.0	0.0	0.0	アグリコ	経費	新聞図書費
202506	310A10500	32	雑給	0.0	0.0	0.0	0.0	0.0	0.0	アグリコ	経費	雑給
202506	310A10500	33	社内金利（固定資産）	0.0	0.0	0.0	0.0	0.0	0.0	アグリコ	経費	社内金利（固定資産）
202506	310A10500	34	社内金利（売掛金）	0.0	0.0	0.0	0.0	0.0	0.0	アグリコ	経費	社内金利（売掛金）
202506	310A10500	35	部門共通（経費）	0.0	0.0	0.0	0.0	0.0	0.0	アグリコ	経費	部門共通（経費）
202506	310A10500	36	グループ共通	1074000.0	1074000.0	1074000.0	2.5	100.0	100.0	アグリコ	経費	グループ共通
202506	310A10500	37	差引収益	2911100.0	2987100.0	3109391.0	7.2	104.0	106.8	アグリコ		
202506	310A10500	38	差引比率	7.2	6.9	7.2		104.3	100.0	アグリコ		
202506	310A10500	39	総時間	544.0	701.0	639.0		91.1	117.4	アグリコ		
202506	310A10500	40	定時間	507.0	664.0	616.5		92.8	121.5	アグリコ	時間	
202506	310A10500	41	残業時間	37.0	37.0	22.5		60.8	60.8	アグリコ	時間	
202506	310A10500	42	移動時間	0.0	0.0	0.0		0.0	0.0	アグリコ	時間	
202506	310A10500	43	部門共通（時間）	0.0	0.0	0.0		0.0	0.0	アグリコ	時間	
202506	310A10500	44	当月時間当り	5351.2	4261.1	4866.0		114.1	90.9	アグリコ		
202506	310A10500	45	人員	3.0	4.0	4.0		100.0	133.3	アグリコ		
202507	310A10500	1	総受注高	27150000.0	27150000.0	23044428.0		84.8	84.8	アグリコ	受注	
202507	310A10500	2	総売上高	27150000.0	27150000.0	23044428.0		84.8	84.8	アグリコ		
202507	310A10500	3	売上高	27600000.0	27600000.0	23633293.0		85.6	85.6	アグリコ	売上	
202507	310A10500	4	売上値引	-450000.0	-450000.0	-588865.0		0.0	0.0	アグリコ	売上	
202507	310A10500	5	売上原価	23770000.0	23770000.0	19488312.0		81.9	81.9	アグリコ		
202507	310A10500	6	総収益	3380000.0	3380000.0	3556116.0	15.4	105.2	105.2	アグリコ		
202507	310A10500	7	経費合計	1878980.0	1961980.0	2307477.0	10.0	117.6	122.8	アグリコ		
202507	310A10500	8	減価償却費	0.0	0.0	0.0	0.0	0.0	0.0	アグリコ	経費	減価償却費
202507	310A10500	9	車輛費	78500.0	78500.0	81710.0	0.3	104.0	104.0	アグリコ	経費	車輛費
202507	310A10500	10	旅費交通費	12000.0	12000.0	38545.0	0.1	321.2	321.2	アグリコ	経費	旅費交通費
202507	310A10500	11	運賃	460000.0	460000.0	384950.0	1.6	83.6	83.6	アグリコ	経費	運賃
202507	310A10500	12	通信費	12720.0	12720.0	15226.0	0.0	119.7	119.7	アグリコ	経費	通信費
202507	310A10500	13	水道光熱費	0.0	0.0	0.0	0.0	0.0	0.0	アグリコ	経費	水道光熱費
202507	310A10500	14	事務用品費	9200.0	9200.0	11841.0	0.0	128.7	128.7	アグリコ	経費	事務用品費
202507	310A10500	15	備品消耗品費	1000.0	1000.0	1256.0	0.0	125.6	125.6	アグリコ	経費	備品消耗品費
202507	310A10500	16	広告宣伝費	700.0	700.0	0.0	0.0	0.0	0.0	アグリコ	経費	広告宣伝費
202507	310A10500	17	交際費	0.0	0.0	0.0	0.0	0.0	0.0	アグリコ	経費	交際費
202507	310A10500	18	賃借料	50000.0	50000.0	50000.0	0.2	100.0	100.0	アグリコ	経費	賃借料
202507	310A10500	19	修繕費	0.0	0.0	0.0	0.0	0.0	0.0	アグリコ	経費	修繕費
202507	310A10500	20	リース料	35000.0	35000.0	54000.0	0.2	154.2	154.2	アグリコ	経費	リース料
202507	310A10500	21	保険料	14060.0	14060.0	14060.0	0.0	100.0	100.0	アグリコ	経費	保険料
202507	310A10500	22	支払手数料	67650.0	150650.0	172479.0	0.7	114.4	254.9	アグリコ	経費	支払手数料
202507	310A10500	23	諸会費	0.0	0.0	0.0	0.0	0.0	0.0	アグリコ	経費	諸会費
202507	310A10500	24	会議費	0.0	0.0	0.0	0.0	0.0	0.0	アグリコ	経費	会議費
202507	310A10500	25	寄附金	0.0	0.0	0.0	0.0	0.0	0.0	アグリコ	経費	寄附金
202507	310A10500	26	租税公課	14500.0	14500.0	6000.0	0.0	41.3	41.3	アグリコ	経費	租税公課
202507	310A10500	27	貸倒金	0.0	0.0	0.0	0.0	0.0	0.0	アグリコ	経費	貸倒金
202507	310A10500	28	情報機器利用料	49650.0	49650.0	66200.0	0.2	133.3	133.3	アグリコ	経費	情報機器利用料
202507	310A10500	29	雑費	0.0	0.0	315210.0	1.3	0.0	0.0	アグリコ	経費	雑費
202507	310A10500	30	新聞図書費	0.0	0.0	0.0	0.0	0.0	0.0	アグリコ	経費	新聞図書費
202507	310A10500	32	雑給	0.0	0.0	22000.0	0.0	0.0	0.0	アグリコ	経費	雑給
202507	310A10500	33	社内金利（固定資産）	0.0	0.0	0.0	0.0	0.0	0.0	アグリコ	経費	社内金利（固定資産）
202507	310A10500	34	社内金利（売掛金）	0.0	0.0	0.0	0.0	0.0	0.0	アグリコ	経費	社内金利（売掛金）
202507	310A10500	35	部門共通（経費）	0.0	0.0	0.0	0.0	0.0	0.0	アグリコ	経費	部門共通（経費）
202507	310A10500	36	グループ共通	1074000.0	1074000.0	1074000.0	4.6	100.0	100.0	アグリコ	経費	グループ共通
202507	310A10500	37	差引収益	1501020.0	1418020.0	1248639.0	5.4	88.0	83.1	アグリコ		
202507	310A10500	38	差引比率	5.5	5.2	5.4		103.8	98.1	アグリコ		
202507	310A10500	39	総時間	562.0	600.0	557.0		92.8	99.1	アグリコ		
202507	310A10500	40	定時間	530.0	568.0	530.0		93.3	100.0	アグリコ	時間	
202507	310A10500	41	残業時間	32.0	32.0	27.0		84.3	84.3	アグリコ	時間	
202507	310A10500	42	移動時間	0.0	0.0	0.0		0.0	0.0	アグリコ	時間	
202507	310A10500	43	部門共通（時間）	0.0	0.0	0.0		0.0	0.0	アグリコ	時間	
202507	310A10500	44	当月時間当り	2670.8	2363.3	2241.7		94.8	83.9	アグリコ		
202507	310A10500	45	人員	3.0	3.0	3.0		100.0	100.0	アグリコ		
202508	310A10500	1	総受注高	20820000.0	20820000.0	17835387.0		85.6	85.6	アグリコ	受注	
202508	310A10500	2	総売上高	20820000.0	20820000.0	17835387.0		85.6	85.6	アグリコ		
202508	310A10500	3	売上高	21470000.0	21470000.0	18454686.0		85.9	85.9	アグリコ	売上	
202508	310A10500	4	売上値引	-650000.0	-650000.0	-619299.0		0.0	0.0	アグリコ	売上	
202508	310A10500	5	売上原価	18355000.0	18355000.0	15285018.0		83.2	83.2	アグリコ		
202508	310A10500	6	総収益	2465000.0	2465000.0	2550369.0	14.2	103.4	103.4	アグリコ		
202508	310A10500	7	経費合計	1650003.0	1742003.0	1639175.0	9.1	94.0	99.3	アグリコ		
202508	310A10500	8	減価償却費	0.0	0.0	0.0	0.0	0.0	0.0	アグリコ	経費	減価償却費
202508	310A10500	9	車輛費	85000.0	85000.0	96286.0	0.5	113.2	113.2	アグリコ	経費	車輛費
202508	310A10500	10	旅費交通費	15000.0	15000.0	47272.0	0.2	315.1	315.1	アグリコ	経費	旅費交通費
202508	310A10500	11	運賃	230000.0	230000.0	184465.0	1.0	80.2	80.2	アグリコ	経費	運賃
202508	310A10500	12	通信費	12800.0	12800.0	14177.0	0.0	110.7	110.7	アグリコ	経費	通信費
202508	310A10500	13	水道光熱費	0.0	0.0	0.0	0.0	0.0	0.0	アグリコ	経費	水道光熱費
202508	310A10500	14	事務用品費	21600.0	21600.0	19277.0	0.1	89.2	89.2	アグリコ	経費	事務用品費
202508	310A10500	15	備品消耗品費	4300.0	4300.0	2412.0	0.0	56.0	56.0	アグリコ	経費	備品消耗品費
202508	310A10500	16	広告宣伝費	27273.0	27273.0	30660.0	0.1	112.4	112.4	アグリコ	経費	広告宣伝費
202508	310A10500	17	交際費	0.0	0.0	0.0	0.0	0.0	0.0	アグリコ	経費	交際費
202508	310A10500	18	賃借料	50000.0	50000.0	50000.0	0.2	100.0	100.0	アグリコ	経費	賃借料
202508	310A10500	19	修繕費	0.0	0.0	0.0	0.0	0.0	0.0	アグリコ	経費	修繕費
202508	310A10500	20	リース料	35000.0	35000.0	35000.0	0.1	100.0	100.0	アグリコ	経費	リース料
202508	310A10500	21	保険料	14060.0	14060.0	14060.0	0.0	100.0	100.0	アグリコ	経費	保険料
202508	310A10500	22	支払手数料	29320.0	121320.0	33816.0	0.1	27.8	115.3	アグリコ	経費	支払手数料
202508	310A10500	23	諸会費	0.0	0.0	0.0	0.0	0.0	0.0	アグリコ	経費	諸会費
202508	310A10500	24	会議費	0.0	0.0	0.0	0.0	0.0	0.0	アグリコ	経費	会議費
202508	310A10500	25	寄附金	0.0	0.0	0.0	0.0	0.0	0.0	アグリコ	経費	寄附金
202508	310A10500	26	租税公課	2000.0	2000.0	1000.0	0.0	50.0	50.0	アグリコ	経費	租税公課
202508	310A10500	27	貸倒金	0.0	0.0	0.0	0.0	0.0	0.0	アグリコ	経費	貸倒金
202508	310A10500	28	情報機器利用料	49650.0	49650.0	33100.0	0.1	66.6	66.6	アグリコ	経費	情報機器利用料
202508	310A10500	29	雑費	0.0	0.0	3650.0	0.0	0.0	0.0	アグリコ	経費	雑費
202508	310A10500	30	新聞図書費	0.0	0.0	0.0	0.0	0.0	0.0	アグリコ	経費	新聞図書費
202508	310A10500	32	雑給	0.0	0.0	0.0	0.0	0.0	0.0	アグリコ	経費	雑給
202508	310A10500	33	社内金利（固定資産）	0.0	0.0	0.0	0.0	0.0	0.0	アグリコ	経費	社内金利（固定資産）
202508	310A10500	34	社内金利（売掛金）	0.0	0.0	0.0	0.0	0.0	0.0	アグリコ	経費	社内金利（売掛金）
202508	310A10500	35	部門共通（経費）	0.0	0.0	0.0	0.0	0.0	0.0	アグリコ	経費	部門共通（経費）
202508	310A10500	36	グループ共通	1074000.0	1074000.0	1074000.0	6.0	100.0	100.0	アグリコ	経費	グループ共通
202508	310A10500	37	差引収益	814997.0	722997.0	911194.0	5.1	126.0	111.8	アグリコ		
202508	310A10500	38	差引比率	3.9	3.4	5.1		150.0	130.7	アグリコ		
202508	310A10500	39	総時間	407.0	438.0	440.25		100.5	108.1	アグリコ		
202508	310A10500	40	定時間	377.0	408.0	412.0		100.9	109.2	アグリコ	時間	
202508	310A10500	41	残業時間	30.0	30.0	28.25		94.1	94.1	アグリコ	時間	
202508	310A10500	42	移動時間	0.0	0.0	0.0		0.0	0.0	アグリコ	時間	
202508	310A10500	43	部門共通（時間）	0.0	0.0	0.0		0.0	0.0	アグリコ	時間	
202508	310A10500	44	当月時間当り	2002.4	1650.6	2069.7		125.3	103.3	アグリコ		
202508	310A10500	45	人員	3.0	3.0	3.0		100.0	100.0	アグリコ		
202509	310A10500	1	総受注高	20400000.0	20400000.0	15930088.0		78.0	78.0	アグリコ	受注	
202509	310A10500	2	総売上高	20400000.0	20400000.0	15930088.0		78.0	78.0	アグリコ		
202509	310A10500	3	売上高	20850000.0	20850000.0	16392452.0		78.6	78.6	アグリコ	売上	
202509	310A10500	4	売上値引	-450000.0	-450000.0	-462364.0		0.0	0.0	アグリコ	売上	
202509	310A10500	5	売上原価	17720000.0	17720000.0	13645894.0		77.0	77.0	アグリコ		
202509	310A10500	6	総収益	2680000.0	2680000.0	2284194.0	14.3	85.2	85.2	アグリコ		
202509	310A10500	7	経費合計	1586150.0	1662700.0	1716301.0	10.7	103.2	108.2	アグリコ		
202509	310A10500	8	減価償却費	0.0	0.0	0.0	0.0	0.0	0.0	アグリコ	経費	減価償却費
202509	310A10500	9	車輛費	75000.0	75000.0	56381.0	0.3	75.1	75.1	アグリコ	経費	車輛費
202509	310A10500	10	旅費交通費	48000.0	48000.0	25981.0	0.1	54.1	54.1	アグリコ	経費	旅費交通費
202509	310A10500	11	運賃	180000.0	180000.0	143265.0	0.8	79.5	79.5	アグリコ	経費	運賃
202509	310A10500	12	通信費	11600.0	11600.0	13893.0	0.0	119.7	119.7	アグリコ	経費	通信費
202509	310A10500	13	水道光熱費	0.0	0.0	0.0	0.0	0.0	0.0	アグリコ	経費	水道光熱費
202509	310A10500	14	事務用品費	7000.0	7000.0	22538.0	0.1	321.9	321.9	アグリコ	経費	事務用品費
202509	310A10500	15	備品消耗品費	200.0	200.0	2032.0	0.0			アグリコ	経費	備品消耗品費
202509	310A10500	16	広告宣伝費	3300.0	3300.0	0.0	0.0	0.0	0.0	アグリコ	経費	広告宣伝費
202509	310A10500	17	交際費	0.0	0.0	0.0	0.0	0.0	0.0	アグリコ	経費	交際費
202509	310A10500	18	賃借料	50000.0	50000.0	50000.0	0.3	100.0	100.0	アグリコ	経費	賃借料
202509	310A10500	19	修繕費	0.0	0.0	0.0	0.0	0.0	0.0	アグリコ	経費	修繕費
202509	310A10500	20	リース料	35000.0	35000.0	35000.0	0.2	100.0	100.0	アグリコ	経費	リース料
202509	310A10500	21	保険料	14060.0	14060.0	14060.0	0.0	100.0	100.0	アグリコ	経費	保険料
202509	310A10500	22	支払手数料	37340.0	97340.0	192151.0	1.2	197.4	514.5	アグリコ	経費	支払手数料
202509	310A10500	23	諸会費	0.0	0.0	0.0	0.0	0.0	0.0	アグリコ	経費	諸会費
202509	310A10500	24	会議費	0.0	0.0	0.0	0.0	0.0	0.0	アグリコ	経費	会議費
202509	310A10500	25	寄附金	0.0	0.0	0.0	0.0	0.0	0.0	アグリコ	経費	寄附金
202509	310A10500	26	租税公課	1000.0	1000.0	1000.0	0.0	100.0	100.0	アグリコ	経費	租税公課
202509	310A10500	27	貸倒金	0.0	0.0	0.0	0.0	0.0	0.0	アグリコ	経費	貸倒金
202509	310A10500	28	情報機器利用料	49650.0	66200.0	66200.0	0.4	100.0	133.3	アグリコ	経費	情報機器利用料
202509	310A10500	29	雑費	0.0	0.0	0.0	0.0	0.0	0.0	アグリコ	経費	雑費
202509	310A10500	30	新聞図書費	0.0	0.0	0.0	0.0	0.0	0.0	アグリコ	経費	新聞図書費
202509	310A10500	32	雑給	0.0	0.0	19800.0	0.1	0.0	0.0	アグリコ	経費	雑給
202509	310A10500	33	社内金利（固定資産）	0.0	0.0	0.0	0.0	0.0	0.0	アグリコ	経費	社内金利（固定資産）
202509	310A10500	34	社内金利（売掛金）	0.0	0.0	0.0	0.0	0.0	0.0	アグリコ	経費	社内金利（売掛金）
202509	310A10500	35	部門共通（経費）	0.0	0.0	0.0	0.0	0.0	0.0	アグリコ	経費	部門共通（経費）
202509	310A10500	36	グループ共通	1074000.0	1074000.0	1074000.0	6.7	100.0	100.0	アグリコ	経費	グループ共通
202509	310A10500	37	差引収益	1093850.0	1017300.0	567893.0	3.5	55.8	51.9	アグリコ		
202509	310A10500	38	差引比率	5.3	4.9	3.5		71.4	66.0	アグリコ		
202509	310A10500	39	総時間	475.0	648.0	665.0		102.6	140.0	アグリコ		
202509	310A10500	40	定時間	445.0	616.0	627.25		101.8	140.9	アグリコ	時間	
202509	310A10500	41	残業時間	30.0	32.0	37.75		117.9	125.8	アグリコ	時間	
202509	310A10500	42	移動時間	0.0	0.0	0.0		0.0	0.0	アグリコ	時間	
202509	310A10500	43	部門共通（時間）	0.0	0.0	0.0		0.0	0.0	アグリコ	時間	
202509	310A10500	44	当月時間当り	2302.8	1569.9	853.9		54.3	37.0	アグリコ		
202509	310A10500	45	人員	3.0	4.0	4.0		100.0	133.3	アグリコ		
202510	310A10500	1	総受注高	16480000.0	17850000.0	17546978.0		98.3	106.4	アグリコ	受注	
202510	310A10500	2	総売上高	16480000.0	17850000.0	17546978.0		98.3	106.4	アグリコ		
202510	310A10500	3	売上高	16780000.0	18150000.0	17874129.0		98.4	106.5	アグリコ	売上	
202510	310A10500	4	売上値引	-300000.0	-300000.0	-327151.0		0.0	0.0	アグリコ	売上	
202510	310A10500	5	売上原価	13910000.0	14890000.0	14494983.0		97.3	104.2	アグリコ		
202510	310A10500	6	総収益	2570000.0	2960000.0	3051995.0	17.3	103.1	118.7	アグリコ		
202510	310A10500	7	経費合計	1589500.0	1685050.0	1590414.0	9.0	94.3	100.0	アグリコ		
202510	310A10500	8	減価償却費	0.0	0.0	0.0	0.0	0.0	0.0	アグリコ	経費	減価償却費
202510	310A10500	9	車輛費	66000.0	66000.0	68883.0	0.3	104.3	104.3	アグリコ	経費	車輛費
202510	310A10500	10	旅費交通費	45000.0	45000.0	12182.0	0.0	27.0	27.0	アグリコ	経費	旅費交通費
202510	310A10500	11	運賃	164000.0	164000.0	134010.0	0.7	81.7	81.7	アグリコ	経費	運賃
202510	310A10500	12	通信費	14190.0	14190.0	16765.0	0.0	118.1	118.1	アグリコ	経費	通信費
202510	310A10500	13	水道光熱費	0.0	0.0	0.0	0.0	0.0	0.0	アグリコ	経費	水道光熱費
202510	310A10500	14	事務用品費	15200.0	15200.0	19132.0	0.1	125.8	125.8	アグリコ	経費	事務用品費
202510	310A10500	15	備品消耗品費	8700.0	8700.0	398.0	0.0	4.5	4.5	アグリコ	経費	備品消耗品費
202510	310A10500	16	広告宣伝費	0.0	0.0	0.0	0.0	0.0	0.0	アグリコ	経費	広告宣伝費
202510	310A10500	17	交際費	0.0	0.0	0.0	0.0	0.0	0.0	アグリコ	経費	交際費
202510	310A10500	18	賃借料	50000.0	50000.0	50000.0	0.2	100.0	100.0	アグリコ	経費	賃借料
202510	310A10500	19	修繕費	0.0	0.0	0.0	0.0	0.0	0.0	アグリコ	経費	修繕費
202510	310A10500	20	リース料	35000.0	35000.0	35000.0	0.1	100.0	100.0	アグリコ	経費	リース料
202510	310A10500	21	保険料	14060.0	14060.0	14060.0	0.0	100.0	100.0	アグリコ	経費	保険料
202510	310A10500	22	支払手数料	37500.0	116500.0	95584.0	0.5	82.0	254.8	アグリコ	経費	支払手数料
202510	310A10500	23	諸会費	3000.0	3000.0	3000.0	0.0	100.0	100.0	アグリコ	経費	諸会費
202510	310A10500	24	会議費	0.0	0.0	0.0	0.0	0.0	0.0	アグリコ	経費	会議費
202510	310A10500	25	寄附金	0.0	0.0	0.0	0.0	0.0	0.0	アグリコ	経費	寄附金
202510	310A10500	26	租税公課	0.0	0.0	1200.0	0.0	0.0	0.0	アグリコ	経費	租税公課
202510	310A10500	27	貸倒金	0.0	0.0	0.0	0.0	0.0	0.0	アグリコ	経費	貸倒金
202510	310A10500	28	情報機器利用料	49650.0	66200.0	66200.0	0.3	100.0	133.3	アグリコ	経費	情報機器利用料
202510	310A10500	29	雑費	0.0	0.0	0.0	0.0	0.0	0.0	アグリコ	経費	雑費
202510	310A10500	30	新聞図書費	0.0	0.0	0.0	0.0	0.0	0.0	アグリコ	経費	新聞図書費
202510	310A10500	32	雑給	13200.0	13200.0	0.0	0.0	0.0	0.0	アグリコ	経費	雑給
202510	310A10500	33	社内金利（固定資産）	0.0	0.0	0.0	0.0	0.0	0.0	アグリコ	経費	社内金利（固定資産）
202510	310A10500	34	社内金利（売掛金）	0.0	0.0	0.0	0.0	0.0	0.0	アグリコ	経費	社内金利（売掛金）
202510	310A10500	35	部門共通（経費）	0.0	0.0	0.0	0.0	0.0	0.0	アグリコ	経費	部門共通（経費）
202510	310A10500	36	グループ共通	1074000.0	1074000.0	1074000.0	6.1	100.0	100.0	アグリコ	経費	グループ共通
202510	310A10500	37	差引収益	980500.0	1274950.0	1461581.0	8.3	114.6	149.0	アグリコ		
202510	310A10500	38	差引比率	5.9	7.1	8.3		116.9	140.6	アグリコ		
202510	310A10500	39	総時間	515.0	685.0	663.25		96.8	128.7	アグリコ		
202510	310A10500	40	定時間	491.0	659.0	642.75		97.5	130.9	アグリコ	時間	
202510	310A10500	41	残業時間	24.0	26.0	20.5		78.8	85.4	アグリコ	時間	
202510	310A10500	42	移動時間	0.0	0.0	0.0		0.0	0.0	アグリコ	時間	
202510	310A10500	43	部門共通（時間）	0.0	0.0	0.0		0.0	0.0	アグリコ	時間	
202510	310A10500	44	当月時間当り	1903.8	1861.2	2203.6		118.3	115.7	アグリコ		
202510	310A10500	45	人員	3.0	4.0	4.0		100.0	133.3	アグリコ		
202511	310A10500	1	総受注高	16100000.0	16600000.0	11919711.0		71.8	74.0	アグリコ	受注	
202511	310A10500	2	総売上高	16100000.0	16600000.0	11919711.0		71.8	74.0	アグリコ		
202511	310A10500	3	売上高	16550000.0	17050000.0	12130853.0		71.1	73.2	アグリコ	売上	
202511	310A10500	4	売上値引	-450000.0	-450000.0	-211142.0		0.0	0.0	アグリコ	売上	
202511	310A10500	5	売上原価	13630000.0	14040000.0	9824389.0		69.9	72.0	アグリコ		
202511	310A10500	6	総収益	2470000.0	2560000.0	2095322.0	17.5	81.8	84.8	アグリコ		
202511	310A10500	7	経費合計	1647680.0	1685230.0	1508462.0	12.6	89.5	91.5	アグリコ		
202511	310A10500	8	減価償却費	0.0	0.0	0.0	0.0	0.0	0.0	アグリコ	経費	減価償却費
202511	310A10500	9	車輛費	68000.0	68000.0	60722.0	0.5	89.2	89.2	アグリコ	経費	車輛費
202511	310A10500	10	旅費交通費	71000.0	71000.0	26691.0	0.2	37.5	37.5	アグリコ	経費	旅費交通費
202511	310A10500	11	運賃	133000.0	133000.0	90045.0	0.7	67.7	67.7	アグリコ	経費	運賃
202511	310A10500	12	通信費	15100.0	15100.0	16324.0	0.1	108.1	108.1	アグリコ	経費	通信費
202511	310A10500	13	水道光熱費	0.0	0.0	0.0	0.0	0.0	0.0	アグリコ	経費	水道光熱費
202511	310A10500	14	事務用品費	98800.0	98800.0	11945.0	0.1	12.0	12.0	アグリコ	経費	事務用品費
202511	310A10500	15	備品消耗品費	3100.0	3100.0	0.0	0.0	0.0	0.0	アグリコ	経費	備品消耗品費
202511	310A10500	16	広告宣伝費	0.0	0.0	30000.0	0.2	0.0	0.0	アグリコ	経費	広告宣伝費
202511	310A10500	17	交際費	2000.0	2000.0	0.0	0.0	0.0	0.0	アグリコ	経費	交際費
202511	310A10500	18	賃借料	50000.0	50000.0	50000.0	0.4	100.0	100.0	アグリコ	経費	賃借料
202511	310A10500	19	修繕費	0.0	0.0	0.0	0.0	0.0	0.0	アグリコ	経費	修繕費
202511	310A10500	20	リース料	35000.0	35000.0	35000.0	0.2	100.0	100.0	アグリコ	経費	リース料
202511	310A10500	21	保険料	14060.0	14060.0	14060.0	0.1	100.0	100.0	アグリコ	経費	保険料
202511	310A10500	22	支払手数料	33370.0	54370.0	32875.0	0.2	60.4	98.5	アグリコ	経費	支払手数料
202511	310A10500	23	諸会費	0.0	0.0	0.0	0.0	0.0	0.0	アグリコ	経費	諸会費
202511	310A10500	24	会議費	0.0	0.0	0.0	0.0	0.0	0.0	アグリコ	経費	会議費
202511	310A10500	25	寄附金	0.0	0.0	0.0	0.0	0.0	0.0	アグリコ	経費	寄附金
202511	310A10500	26	租税公課	600.0	600.0	600.0	0.0	100.0	100.0	アグリコ	経費	租税公課
202511	310A10500	27	貸倒金	0.0	0.0	0.0	0.0	0.0	0.0	アグリコ	経費	貸倒金
202511	310A10500	28	情報機器利用料	49650.0	66200.0	66200.0	0.5	100.0	133.3	アグリコ	経費	情報機器利用料
202511	310A10500	29	雑費	0.0	0.0	0.0	0.0	0.0	0.0	アグリコ	経費	雑費
202511	310A10500	30	新聞図書費	0.0	0.0	0.0	0.0	0.0	0.0	アグリコ	経費	新聞図書費
202511	310A10500	32	雑給	0.0	0.0	0.0	0.0	0.0	0.0	アグリコ	経費	雑給
202511	310A10500	33	社内金利（固定資産）	0.0	0.0	0.0	0.0	0.0	0.0	アグリコ	経費	社内金利（固定資産）
202511	310A10500	34	社内金利（売掛金）	0.0	0.0	0.0	0.0	0.0	0.0	アグリコ	経費	社内金利（売掛金）
202511	310A10500	35	部門共通（経費）	0.0	0.0	0.0	0.0	0.0	0.0	アグリコ	経費	部門共通（経費）
202511	310A10500	36	グループ共通	1074000.0	1074000.0	1074000.0	9.0	100.0	100.0	アグリコ	経費	グループ共通
202511	310A10500	37	差引収益	822320.0	874770.0	586860.0	4.9	67.0	71.3	アグリコ		
202511	310A10500	38	差引比率	5.1	5.2	4.9		94.2	96.0	アグリコ		
202511	310A10500	39	総時間	426.0	564.0	582.5		103.2	136.7	アグリコ		
202511	310A10500	40	定時間	399.0	535.0	551.0		102.9	138.0	アグリコ	時間	
202511	310A10500	41	残業時間	27.0	29.0	31.5		108.6	116.6	アグリコ	時間	
202511	310A10500	42	移動時間	0.0	0.0	0.0		0.0	0.0	アグリコ	時間	
202511	310A10500	43	部門共通（時間）	0.0	0.0	0.0		0.0	0.0	アグリコ	時間	
202511	310A10500	44	当月時間当り	1930.3	1551.0	1007.4		64.9	52.1	アグリコ		
202511	310A10500	45	人員	3.0	4.0	4.0		100.0	133.3	アグリコ		
202204	013000000	1	総受注高	64550000.0	64550000.0	36467026.0		56.4	56.4	㈱アグリコ	受注	
202204	013000000	2	総売上高	64550000.0	64550000.0	36467026.0		56.4	56.4	㈱アグリコ		
202204	013000000	3	売上高	65290000.0	65290000.0	36976819.0		56.6	56.6	㈱アグリコ	売上	
202204	013000000	4	売上値引	-740000.0	-740000.0	-509793.0		0.0	0.0	㈱アグリコ	売上	
202204	013000000	5	売上原価	56497000.0	56497000.0	31533905.0		55.8	55.8	㈱アグリコ		
202204	013000000	6	総収益	8053000.0	8053000.0	4933121.0	13.5	61.2	61.2	㈱アグリコ		
202204	013000000	7	経費合計	520623.0	520623.0	586852.0	1.6	112.7	112.7	㈱アグリコ		
202204	013000000	8	減価償却費	0.0	0.0	0.0	0.0	0.0	0.0	㈱アグリコ	経費	減価償却費
202204	013000000	9	車輛費	43000.0	43000.0	35392.0	0.0	82.3	82.3	㈱アグリコ	経費	車輛費
202204	013000000	10	旅費交通費	20000.0	20000.0	50100.0	0.1	250.5	250.5	㈱アグリコ	経費	旅費交通費
202204	013000000	11	運賃	318000.0	318000.0	362090.0	0.9	113.8	113.8	㈱アグリコ	経費	運賃
202204	013000000	12	通信費	20000.0	20000.0	8795.0	0.0	43.9	43.9	㈱アグリコ	経費	通信費
202204	013000000	13	水道光熱費	0.0	0.0	0.0	0.0	0.0	0.0	㈱アグリコ	経費	水道光熱費
202204	013000000	14	事務用品費	0.0	0.0	4033.0	0.0	0.0	0.0	㈱アグリコ	経費	事務用品費
202204	013000000	15	備品消耗品費	6588.0	6588.0	0.0	0.0	0.0	0.0	㈱アグリコ	経費	備品消耗品費
202204	013000000	16	広告宣伝費	0.0	0.0	33346.0	0.0	0.0	0.0	㈱アグリコ	経費	広告宣伝費
202204	013000000	17	交際費	0.0	0.0	0.0	0.0	0.0	0.0	㈱アグリコ	経費	交際費
202204	013000000	18	賃借料	46295.0	46295.0	46295.0	0.1	100.0	100.0	㈱アグリコ	経費	賃借料
202204	013000000	19	修繕費	0.0	0.0	0.0	0.0	0.0	0.0	㈱アグリコ	経費	修繕費
202204	013000000	20	リース料	8600.0	8600.0	8600.0	0.0	100.0	100.0	㈱アグリコ	経費	リース料
202204	013000000	21	保険料	33320.0	33320.0	22390.0	0.0	67.1	67.1	㈱アグリコ	経費	保険料
202204	013000000	22	支払手数料	24820.0	24820.0	15811.0	0.0	63.7	63.7	㈱アグリコ	経費	支払手数料
202204	013000000	23	諸会費	0.0	0.0	0.0	0.0	0.0	0.0	㈱アグリコ	経費	諸会費
202204	013000000	24	会議費	0.0	0.0	0.0	0.0	0.0	0.0	㈱アグリコ	経費	会議費
202204	013000000	25	寄附金	0.0	0.0	0.0	0.0	0.0	0.0	㈱アグリコ	経費	寄附金
202204	013000000	26	租税公課	0.0	0.0	0.0	0.0	0.0	0.0	㈱アグリコ	経費	租税公課
202204	013000000	27	貸倒金	0.0	0.0	0.0	0.0	0.0	0.0	㈱アグリコ	経費	貸倒金
202204	013000000	28	情報機器利用料	0.0	0.0	0.0	0.0	0.0	0.0	㈱アグリコ	経費	情報機器利用料
202204	013000000	29	雑費	0.0	0.0	0.0	0.0	0.0	0.0	㈱アグリコ	経費	雑費
202204	013000000	30	新聞図書費	0.0	0.0	0.0	0.0	0.0	0.0	㈱アグリコ	経費	新聞図書費
202204	013000000	32	雑給	0.0	0.0	0.0	0.0	0.0	0.0	㈱アグリコ	経費	雑給
202204	013000000	33	社内金利（固定資産）	0.0	0.0	0.0	0.0	0.0	0.0	㈱アグリコ	経費	社内金利（固定資産）
202204	013000000	34	社内金利（売掛金）	0.0	0.0	0.0	0.0	0.0	0.0	㈱アグリコ	経費	社内金利（売掛金）
202204	013000000	35	部門共通（経費）	0.0	0.0	0.0	0.0	0.0	0.0	㈱アグリコ	経費	部門共通（経費）
202204	013000000	36	グループ共通	0.0	0.0	0.0	0.0	0.0	0.0	㈱アグリコ	経費	グループ共通
202204	013000000	37	差引収益	7532377.0	7532377.0	4346269.0	11.9	57.7	57.7	㈱アグリコ		
202204	013000000	38	差引比率	11.6	11.6	11.9		102.5	102.5	㈱アグリコ		
202204	013000000	39	総時間	187.0	187.0	167.25		89.4	89.4	㈱アグリコ		
202204	013000000	40	定時間	184.0	184.0	164.0		89.1	89.1	㈱アグリコ	時間	
202204	013000000	41	残業時間	3.0	3.0	3.25		108.3	108.3	㈱アグリコ	時間	
202204	013000000	42	移動時間	0.0	0.0	0.0		0.0	0.0	㈱アグリコ	時間	
202204	013000000	43	部門共通（時間）	0.0	0.0	0.0		0.0	0.0	㈱アグリコ	時間	
202204	013000000	44	当月時間当り	40280.0	40280.0	25986.6		64.5	64.5	㈱アグリコ		
202204	013000000	45	人員	1.0	1.0	1.0		100.0	100.0	㈱アグリコ		
202205	013000000	1	総受注高	24290000.0	24390000.0	32732403.0		134.2	134.7	㈱アグリコ	受注	
202205	013000000	2	総売上高	24290000.0	24390000.0	32732403.0		134.2	134.7	㈱アグリコ		
202205	013000000	3	売上高	24850000.0	24952000.0	33727046.0		135.1	135.7	㈱アグリコ	売上	
202205	013000000	4	売上値引	-560000.0	-562000.0	-994643.0		0.0	0.0	㈱アグリコ	売上	
202205	013000000	5	売上原価	20237000.0	20320000.0	28496835.0		140.2	140.8	㈱アグリコ		
202205	013000000	6	総収益	4053000.0	4070000.0	4235568.0	12.9	104.0	104.5	㈱アグリコ		
202205	013000000	7	経費合計	921445.0	921445.0	769784.0	2.3	83.5	83.5	㈱アグリコ		
202205	013000000	8	減価償却費	0.0	0.0	0.0	0.0	0.0	0.0	㈱アグリコ	経費	減価償却費
202205	013000000	9	車輛費	80680.0	80680.0	88356.0	0.2	109.5	109.5	㈱アグリコ	経費	車輛費
202205	013000000	10	旅費交通費	10000.0	10000.0	18176.0	0.0	181.7	181.7	㈱アグリコ	経費	旅費交通費
202205	013000000	11	運賃	688000.0	688000.0	421215.0	1.2	61.2	61.2	㈱アグリコ	経費	運賃
202205	013000000	12	通信費	7700.0	7700.0	24964.0	0.0	324.2	324.2	㈱アグリコ	経費	通信費
202205	013000000	13	水道光熱費	0.0	0.0	0.0	0.0	0.0	0.0	㈱アグリコ	経費	水道光熱費
202205	013000000	14	事務用品費	0.0	0.0	5651.0	0.0	0.0	0.0	㈱アグリコ	経費	事務用品費
202205	013000000	15	備品消耗品費	750.0	750.0	0.0	0.0	0.0	0.0	㈱アグリコ	経費	備品消耗品費
202205	013000000	16	広告宣伝費	0.0	0.0	27791.0	0.0	0.0	0.0	㈱アグリコ	経費	広告宣伝費
202205	013000000	17	交際費	0.0	0.0	0.0	0.0	0.0	0.0	㈱アグリコ	経費	交際費
202205	013000000	18	賃借料	46295.0	46295.0	46295.0	0.1	100.0	100.0	㈱アグリコ	経費	賃借料
202205	013000000	19	修繕費	0.0	0.0	0.0	0.0	0.0	0.0	㈱アグリコ	経費	修繕費
202205	013000000	20	リース料	8600.0	8600.0	8600.0	0.0	100.0	100.0	㈱アグリコ	経費	リース料
202205	013000000	21	保険料	33320.0	33320.0	22390.0	0.0	67.1	67.1	㈱アグリコ	経費	保険料
202205	013000000	22	支払手数料	46100.0	46100.0	35846.0	0.1	77.7	77.7	㈱アグリコ	経費	支払手数料
202205	013000000	23	諸会費	0.0	0.0	0.0	0.0	0.0	0.0	㈱アグリコ	経費	諸会費
202205	013000000	24	会議費	0.0	0.0	0.0	0.0	0.0	0.0	㈱アグリコ	経費	会議費
202205	013000000	25	寄附金	0.0	0.0	0.0	0.0	0.0	0.0	㈱アグリコ	経費	寄附金
202205	013000000	26	租税公課	0.0	0.0	70500.0	0.2	0.0	0.0	㈱アグリコ	経費	租税公課
202205	013000000	27	貸倒金	0.0	0.0	0.0	0.0	0.0	0.0	㈱アグリコ	経費	貸倒金
202205	013000000	28	情報機器利用料	0.0	0.0	0.0	0.0	0.0	0.0	㈱アグリコ	経費	情報機器利用料
202205	013000000	29	雑費	0.0	0.0	0.0	0.0	0.0	0.0	㈱アグリコ	経費	雑費
202205	013000000	30	新聞図書費	0.0	0.0	0.0	0.0	0.0	0.0	㈱アグリコ	経費	新聞図書費
202205	013000000	32	雑給	0.0	0.0	0.0	0.0	0.0	0.0	㈱アグリコ	経費	雑給
202205	013000000	33	社内金利（固定資産）	0.0	0.0	0.0	0.0	0.0	0.0	㈱アグリコ	経費	社内金利（固定資産）
202205	013000000	34	社内金利（売掛金）	0.0	0.0	0.0	0.0	0.0	0.0	㈱アグリコ	経費	社内金利（売掛金）
202205	013000000	35	部門共通（経費）	0.0	0.0	0.0	0.0	0.0	0.0	㈱アグリコ	経費	部門共通（経費）
202205	013000000	36	グループ共通	0.0	0.0	0.0	0.0	0.0	0.0	㈱アグリコ	経費	グループ共通
202205	013000000	37	差引収益	3131555.0	3148555.0	3465784.0	10.5	110.0	110.6	㈱アグリコ		
202205	013000000	38	差引比率	12.8	12.9	10.5		81.3	82.0	㈱アグリコ		
202205	013000000	39	総時間	162.0	162.0	161.0		99.3	99.3	㈱アグリコ		
202205	013000000	40	定時間	160.0	160.0	152.0		95.0	95.0	㈱アグリコ	時間	
202205	013000000	41	残業時間	2.0	2.0	9.0		450.0	450.0	㈱アグリコ	時間	
202205	013000000	42	移動時間	0.0	0.0	0.0		0.0	0.0	㈱アグリコ	時間	
202205	013000000	43	部門共通（時間）	0.0	0.0	0.0		0.0	0.0	㈱アグリコ	時間	
202205	013000000	44	当月時間当り	19330.5	19435.5	21526.6		110.7	111.3	㈱アグリコ		
202205	013000000	45	人員	1.0	1.0	1.0		100.0	100.0	㈱アグリコ		
202206	013000000	1	総受注高	48670000.0	41670000.0	42618019.0		102.2	87.5	㈱アグリコ	受注	
202206	013000000	2	総売上高	48670000.0	41670000.0	42618019.0		102.2	87.5	㈱アグリコ		
202206	013000000	3	売上高	49330000.0	42235000.0	43283569.0		102.4	87.7	㈱アグリコ	売上	
202206	013000000	4	売上値引	-660000.0	-565000.0	-665550.0		0.0	0.0	㈱アグリコ	売上	
202206	013000000	5	売上原価	42537000.0	36419000.0	36825439.0		101.1	86.5	㈱アグリコ		
202206	013000000	6	総収益	6133000.0	5251000.0	5792580.0	13.5	110.3	94.4	㈱アグリコ		
202206	013000000	7	経費合計	479585.0	639585.0	807545.0	1.8	126.2	168.3	㈱アグリコ		
202206	013000000	8	減価償却費	0.0	0.0	0.0	0.0	0.0	0.0	㈱アグリコ	経費	減価償却費
202206	013000000	9	車輛費	66000.0	66000.0	125986.0	0.2	190.8	190.8	㈱アグリコ	経費	車輛費
202206	013000000	10	旅費交通費	20000.0	180000.0	194271.0	0.4	107.9	971.3	㈱アグリコ	経費	旅費交通費
202206	013000000	11	運賃	263000.0	263000.0	360285.0	0.8	136.9	136.9	㈱アグリコ	経費	運賃
202206	013000000	12	通信費	15300.0	15300.0	9172.0	0.0	59.9	59.9	㈱アグリコ	経費	通信費
202206	013000000	13	水道光熱費	0.0	0.0	0.0	0.0	0.0	0.0	㈱アグリコ	経費	水道光熱費
202206	013000000	14	事務用品費	0.0	0.0	3216.0	0.0	0.0	0.0	㈱アグリコ	経費	事務用品費
202206	013000000	15	備品消耗品費	1750.0	1750.0	2980.0	0.0	170.2	170.2	㈱アグリコ	経費	備品消耗品費
202206	013000000	16	広告宣伝費	0.0	0.0	-25659.0	0.0	0.0	0.0	㈱アグリコ	経費	広告宣伝費
202206	013000000	17	交際費	0.0	0.0	0.0	0.0	0.0	0.0	㈱アグリコ	経費	交際費
202206	013000000	18	賃借料	46295.0	46295.0	46295.0	0.1	100.0	100.0	㈱アグリコ	経費	賃借料
202206	013000000	19	修繕費	0.0	0.0	0.0	0.0	0.0	0.0	㈱アグリコ	経費	修繕費
202206	013000000	20	リース料	8600.0	8600.0	8600.0	0.0	100.0	100.0	㈱アグリコ	経費	リース料
202206	013000000	21	保険料	33320.0	33320.0	55180.0	0.1	165.6	165.6	㈱アグリコ	経費	保険料
202206	013000000	22	支払手数料	25320.0	25320.0	27219.0	0.0	107.5	107.5	㈱アグリコ	経費	支払手数料
202206	013000000	23	諸会費	0.0	0.0	0.0	0.0	0.0	0.0	㈱アグリコ	経費	諸会費
202206	013000000	24	会議費	0.0	0.0	0.0	0.0	0.0	0.0	㈱アグリコ	経費	会議費
202206	013000000	25	寄附金	0.0	0.0	0.0	0.0	0.0	0.0	㈱アグリコ	経費	寄附金
202206	013000000	26	租税公課	0.0	0.0	0.0	0.0	0.0	0.0	㈱アグリコ	経費	租税公課
202206	013000000	27	貸倒金	0.0	0.0	0.0	0.0	0.0	0.0	㈱アグリコ	経費	貸倒金
202206	013000000	28	情報機器利用料	0.0	0.0	0.0	0.0	0.0	0.0	㈱アグリコ	経費	情報機器利用料
202206	013000000	29	雑費	0.0	0.0	0.0	0.0	0.0	0.0	㈱アグリコ	経費	雑費
202206	013000000	30	新聞図書費	0.0	0.0	0.0	0.0	0.0	0.0	㈱アグリコ	経費	新聞図書費
202206	013000000	32	雑給	0.0	0.0	0.0	0.0	0.0	0.0	㈱アグリコ	経費	雑給
202206	013000000	33	社内金利（固定資産）	0.0	0.0	0.0	0.0	0.0	0.0	㈱アグリコ	経費	社内金利（固定資産）
202206	013000000	34	社内金利（売掛金）	0.0	0.0	0.0	0.0	0.0	0.0	㈱アグリコ	経費	社内金利（売掛金）
202206	013000000	35	部門共通（経費）	0.0	0.0	0.0	0.0	0.0	0.0	㈱アグリコ	経費	部門共通（経費）
202206	013000000	36	グループ共通	0.0	0.0	0.0	0.0	0.0	0.0	㈱アグリコ	経費	グループ共通
202206	013000000	37	差引収益	5653415.0	4611415.0	4985035.0	11.6	108.1	88.1	㈱アグリコ		
202206	013000000	38	差引比率	11.6	11.0	11.6		105.4	100.0	㈱アグリコ		
202206	013000000	39	総時間	186.0	186.0	194.0		104.3	104.3	㈱アグリコ		
202206	013000000	40	定時間	184.0	184.0	184.0		100.0	100.0	㈱アグリコ	時間	
202206	013000000	41	残業時間	2.0	2.0	10.0		500.0	500.0	㈱アグリコ	時間	
202206	013000000	42	移動時間	0.0	0.0	0.0		0.0	0.0	㈱アグリコ	時間	
202206	013000000	43	部門共通（時間）	0.0	0.0	0.0		0.0	0.0	㈱アグリコ	時間	
202206	013000000	44	当月時間当り	30394.7	24792.5	25696.0		103.6	84.5	㈱アグリコ		
202206	013000000	45	人員	1.0	1.0	1.0		100.0	100.0	㈱アグリコ		
202207	013000000	1	総受注高	30760000.0	30760000.0	24728393.0		80.3	80.3	㈱アグリコ	受注	
202207	013000000	2	総売上高	30760000.0	30760000.0	24728393.0		80.3	80.3	㈱アグリコ		
202207	013000000	3	売上高	31440000.0	31440000.0	25323362.0		80.5	80.5	㈱アグリコ	売上	
202207	013000000	4	売上値引	-680000.0	-680000.0	-594969.0		0.0	0.0	㈱アグリコ	売上	
202207	013000000	5	売上原価	26250000.0	26250000.0	21063910.0		80.2	80.2	㈱アグリコ		
202207	013000000	6	総収益	4510000.0	4510000.0	3664483.0	14.8	81.2	81.2	㈱アグリコ		
202207	013000000	7	経費合計	874153.0	874153.0	779117.0	3.1	89.1	89.1	㈱アグリコ		
202207	013000000	8	減価償却費	0.0	0.0	0.0	0.0	0.0	0.0	㈱アグリコ	経費	減価償却費
202207	013000000	9	車輛費	220000.0	220000.0	66784.0	0.2	30.3	30.3	㈱アグリコ	経費	車輛費
202207	013000000	10	旅費交通費	10000.0	10000.0	0.0	0.0	0.0	0.0	㈱アグリコ	経費	旅費交通費
202207	013000000	11	運賃	486000.0	486000.0	489780.0	1.9	100.7	100.7	㈱アグリコ	経費	運賃
202207	013000000	12	通信費	15300.0	15300.0	18484.0	0.0	120.8	120.8	㈱アグリコ	経費	通信費
202207	013000000	13	水道光熱費	0.0	0.0	0.0	0.0	0.0	0.0	㈱アグリコ	経費	水道光熱費
202207	013000000	14	事務用品費	0.0	0.0	972.0	0.0	0.0	0.0	㈱アグリコ	経費	事務用品費
202207	013000000	15	備品消耗品費	4838.0	4838.0	0.0	0.0	0.0	0.0	㈱アグリコ	経費	備品消耗品費
202207	013000000	16	広告宣伝費	0.0	0.0	0.0	0.0	0.0	0.0	㈱アグリコ	経費	広告宣伝費
202207	013000000	17	交際費	0.0	0.0	0.0	0.0	0.0	0.0	㈱アグリコ	経費	交際費
202207	013000000	18	賃借料	46295.0	46295.0	46295.0	0.1	100.0	100.0	㈱アグリコ	経費	賃借料
202207	013000000	19	修繕費	0.0	0.0	0.0	0.0	0.0	0.0	㈱アグリコ	経費	修繕費
202207	013000000	20	リース料	8600.0	8600.0	8600.0	0.0	100.0	100.0	㈱アグリコ	経費	リース料
202207	013000000	21	保険料	33320.0	33320.0	33320.0	0.1	100.0	100.0	㈱アグリコ	経費	保険料
202207	013000000	22	支払手数料	29800.0	29800.0	16792.0	0.0	56.3	56.3	㈱アグリコ	経費	支払手数料
202207	013000000	23	諸会費	0.0	0.0	0.0	0.0	0.0	0.0	㈱アグリコ	経費	諸会費
202207	013000000	24	会議費	0.0	0.0	0.0	0.0	0.0	0.0	㈱アグリコ	経費	会議費
202207	013000000	25	寄附金	0.0	0.0	0.0	0.0	0.0	0.0	㈱アグリコ	経費	寄附金
202207	013000000	26	租税公課	20000.0	20000.0	55280.0	0.2	276.4	276.4	㈱アグリコ	経費	租税公課
202207	013000000	27	貸倒金	0.0	0.0	0.0	0.0	0.0	0.0	㈱アグリコ	経費	貸倒金
202207	013000000	28	情報機器利用料	0.0	0.0	0.0	0.0	0.0	0.0	㈱アグリコ	経費	情報機器利用料
202207	013000000	29	雑費	0.0	0.0	42810.0	0.1	0.0	0.0	㈱アグリコ	経費	雑費
202207	013000000	30	新聞図書費	0.0	0.0	0.0	0.0	0.0	0.0	㈱アグリコ	経費	新聞図書費
202207	013000000	32	雑給	0.0	0.0	0.0	0.0	0.0	0.0	㈱アグリコ	経費	雑給
202207	013000000	33	社内金利（固定資産）	0.0	0.0	0.0	0.0	0.0	0.0	㈱アグリコ	経費	社内金利（固定資産）
202207	013000000	34	社内金利（売掛金）	0.0	0.0	0.0	0.0	0.0	0.0	㈱アグリコ	経費	社内金利（売掛金）
202207	013000000	35	部門共通（経費）	0.0	0.0	0.0	0.0	0.0	0.0	㈱アグリコ	経費	部門共通（経費）
202207	013000000	36	グループ共通	0.0	0.0	0.0	0.0	0.0	0.0	㈱アグリコ	経費	グループ共通
202207	013000000	37	差引収益	3635847.0	3635847.0	2885366.0	11.6	79.3	79.3	㈱アグリコ		
202207	013000000	38	差引比率	11.8	11.8	11.6		98.3	98.3	㈱アグリコ		
202207	013000000	39	総時間	186.0	186.0	176.75		95.0	95.0	㈱アグリコ		
202207	013000000	40	定時間	184.0	184.0	176.0		95.6	95.6	㈱アグリコ	時間	
202207	013000000	41	残業時間	2.0	2.0	0.75		37.5	37.5	㈱アグリコ	時間	
202207	013000000	42	移動時間	0.0	0.0	0.0		0.0	0.0	㈱アグリコ	時間	
202207	013000000	43	部門共通（時間）	0.0	0.0	0.0		0.0	0.0	㈱アグリコ	時間	
202207	013000000	44	当月時間当り	19547.5	19547.5	16324.5		83.5	83.5	㈱アグリコ		
202207	013000000	45	人員	1.0	1.0	1.0		100.0	100.0	㈱アグリコ		
202208	013000000	1	総受注高	21640000.0	21640000.0	23168284.0		107.0	107.0	㈱アグリコ	受注	
202208	013000000	2	総売上高	21640000.0	21640000.0	23168284.0		107.0	107.0	㈱アグリコ		
202208	013000000	3	売上高	22880000.0	22880000.0	24058579.0		105.1	105.1	㈱アグリコ	売上	
202208	013000000	4	売上値引	-1240000.0	-1240000.0	-890295.0		0.0	0.0	㈱アグリコ	売上	
202208	013000000	5	売上原価	18963000.0	18963000.0	20282105.0		106.9	106.9	㈱アグリコ		
202208	013000000	6	総収益	2677000.0	2677000.0	2886179.0	12.4	107.8	107.8	㈱アグリコ		
202208	013000000	7	経費合計	4184715.0	4244715.0	4333448.0	18.7	102.0	103.5	㈱アグリコ		
202208	013000000	8	減価償却費	0.0	0.0	0.0	0.0	0.0	0.0	㈱アグリコ	経費	減価償却費
202208	013000000	9	車輛費	78000.0	78000.0	162467.0	0.7	208.2	208.2	㈱アグリコ	経費	車輛費
202208	013000000	10	旅費交通費	0.0	0.0	0.0	0.0	0.0	0.0	㈱アグリコ	経費	旅費交通費
202208	013000000	11	運賃	448000.0	448000.0	312530.0	1.3	69.7	69.7	㈱アグリコ	経費	運賃
202208	013000000	12	通信費	15100.0	15100.0	15953.0	0.0	105.6	105.6	㈱アグリコ	経費	通信費
202208	013000000	13	水道光熱費	0.0	0.0	0.0	0.0	0.0	0.0	㈱アグリコ	経費	水道光熱費
202208	013000000	14	事務用品費	0.0	60000.0	187797.0	0.8	312.9	0.0	㈱アグリコ	経費	事務用品費
202208	013000000	15	備品消耗品費	1750.0	1750.0	0.0	0.0	0.0	0.0	㈱アグリコ	経費	備品消耗品費
202208	013000000	16	広告宣伝費	30000.0	30000.0	27273.0	0.1	90.9	90.9	㈱アグリコ	経費	広告宣伝費
202208	013000000	17	交際費	0.0	0.0	0.0	0.0	0.0	0.0	㈱アグリコ	経費	交際費
202208	013000000	18	賃借料	46295.0	46295.0	46295.0	0.1	100.0	100.0	㈱アグリコ	経費	賃借料
202208	013000000	19	修繕費	0.0	0.0	0.0	0.0	0.0	0.0	㈱アグリコ	経費	修繕費
202208	013000000	20	リース料	8600.0	8600.0	8600.0	0.0	100.0	100.0	㈱アグリコ	経費	リース料
202208	013000000	21	保険料	33320.0	33320.0	53050.0	0.2	159.2	159.2	㈱アグリコ	経費	保険料
202208	013000000	22	支払手数料	3523650.0	3523650.0	3511383.0	15.1	99.6	99.6	㈱アグリコ	経費	支払手数料
202208	013000000	23	諸会費	0.0	0.0	0.0	0.0	0.0	0.0	㈱アグリコ	経費	諸会費
202208	013000000	24	会議費	0.0	0.0	0.0	0.0	0.0	0.0	㈱アグリコ	経費	会議費
202208	013000000	25	寄附金	0.0	0.0	0.0	0.0	0.0	0.0	㈱アグリコ	経費	寄附金
202208	013000000	26	租税公課	0.0	0.0	8100.0	0.0	0.0	0.0	㈱アグリコ	経費	租税公課
202208	013000000	27	貸倒金	0.0	0.0	0.0	0.0	0.0	0.0	㈱アグリコ	経費	貸倒金
202208	013000000	28	情報機器利用料	0.0	0.0	0.0	0.0	0.0	0.0	㈱アグリコ	経費	情報機器利用料
202208	013000000	29	雑費	0.0	0.0	0.0	0.0	0.0	0.0	㈱アグリコ	経費	雑費
202208	013000000	30	新聞図書費	0.0	0.0	0.0	0.0	0.0	0.0	㈱アグリコ	経費	新聞図書費
202208	013000000	32	雑給	0.0	0.0	0.0	0.0	0.0	0.0	㈱アグリコ	経費	雑給
202208	013000000	33	社内金利（固定資産）	0.0	0.0	0.0	0.0	0.0	0.0	㈱アグリコ	経費	社内金利（固定資産）
202208	013000000	34	社内金利（売掛金）	0.0	0.0	0.0	0.0	0.0	0.0	㈱アグリコ	経費	社内金利（売掛金）
202208	013000000	35	部門共通（経費）	0.0	0.0	0.0	0.0	0.0	0.0	㈱アグリコ	経費	部門共通（経費）
202208	013000000	36	グループ共通	0.0	0.0	0.0	0.0	0.0	0.0	㈱アグリコ	経費	グループ共通
202208	013000000	37	差引収益	-1507715.0	-1567715.0	-1447269.0	0.0	0.0	0.0	㈱アグリコ		
202208	013000000	38	差引比率	-6.9	-7.2	-6.2		0.0	0.0	㈱アグリコ		
202208	013000000	39	総時間	171.0	171.0	161.5		94.4	94.4	㈱アグリコ		
202208	013000000	40	定時間	168.0	168.0	161.0		95.8	95.8	㈱アグリコ	時間	
202208	013000000	41	残業時間	3.0	3.0	0.5		16.6	16.6	㈱アグリコ	時間	
202208	013000000	42	移動時間	0.0	0.0	0.0		0.0	0.0	㈱アグリコ	時間	
202208	013000000	43	部門共通（時間）	0.0	0.0	0.0		0.0	0.0	㈱アグリコ	時間	
202208	013000000	44	当月時間当り	-8817.0	-9167.9	-8961.4		0.0	0.0	㈱アグリコ		
202208	013000000	45	人員	1.0	1.0	1.0		100.0	100.0	㈱アグリコ		
202209	013000000	1	総受注高	22850000.0	23850000.0	24615788.0		103.2	107.7	㈱アグリコ	受注	
202209	013000000	2	総売上高	22850000.0	23850000.0	24615788.0		103.2	107.7	㈱アグリコ		
202209	013000000	3	売上高	23230000.0	24240000.0	25006497.0		103.1	107.6	㈱アグリコ	売上	
202209	013000000	4	売上値引	-380000.0	-390000.0	-390709.0		0.0	0.0	㈱アグリコ	売上	
202209	013000000	5	売上原価	19205000.0	20095000.0	20792454.0		103.4	108.2	㈱アグリコ		
202209	013000000	6	総収益	3645000.0	3755000.0	3823334.0	15.5	101.8	104.8	㈱アグリコ		
202209	013000000	7	経費合計	712465.0	712465.0	493932.0	2.0	69.3	69.3	㈱アグリコ		
202209	013000000	8	減価償却費	0.0	0.0	0.0	0.0	0.0	0.0	㈱アグリコ	経費	減価償却費
202209	013000000	9	車輛費	159000.0	159000.0	56877.0	0.2	35.7	35.7	㈱アグリコ	経費	車輛費
202209	013000000	10	旅費交通費	10000.0	10000.0	0.0	0.0	0.0	0.0	㈱アグリコ	経費	旅費交通費
202209	013000000	11	運賃	373000.0	373000.0	288925.0	1.1	77.4	77.4	㈱アグリコ	経費	運賃
202209	013000000	12	通信費	7500.0	7500.0	7810.0	0.0	104.1	104.1	㈱アグリコ	経費	通信費
202209	013000000	13	水道光熱費	0.0	0.0	0.0	0.0	0.0	0.0	㈱アグリコ	経費	水道光熱費
202209	013000000	14	事務用品費	0.0	0.0	7995.0	0.0	0.0	0.0	㈱アグリコ	経費	事務用品費
202209	013000000	15	備品消耗品費	51750.0	51750.0	0.0	0.0	0.0	0.0	㈱アグリコ	経費	備品消耗品費
202209	013000000	16	広告宣伝費	0.0	0.0	-27273.0	0.0	0.0	0.0	㈱アグリコ	経費	広告宣伝費
202209	013000000	17	交際費	0.0	0.0	18182.0	0.0	0.0	0.0	㈱アグリコ	経費	交際費
202209	013000000	18	賃借料	46295.0	46295.0	46295.0	0.1	100.0	100.0	㈱アグリコ	経費	賃借料
202209	013000000	19	修繕費	0.0	0.0	0.0	0.0	0.0	0.0	㈱アグリコ	経費	修繕費
202209	013000000	20	リース料	8600.0	8600.0	8600.0	0.0	100.0	100.0	㈱アグリコ	経費	リース料
202209	013000000	21	保険料	33320.0	33320.0	33320.0	0.1	100.0	100.0	㈱アグリコ	経費	保険料
202209	013000000	22	支払手数料	23000.0	23000.0	23201.0	0.0	100.8	100.8	㈱アグリコ	経費	支払手数料
202209	013000000	23	諸会費	0.0	0.0	0.0	0.0	0.0	0.0	㈱アグリコ	経費	諸会費
202209	013000000	24	会議費	0.0	0.0	0.0	0.0	0.0	0.0	㈱アグリコ	経費	会議費
202209	013000000	25	寄附金	0.0	0.0	0.0	0.0	0.0	0.0	㈱アグリコ	経費	寄附金
202209	013000000	26	租税公課	0.0	0.0	0.0	0.0	0.0	0.0	㈱アグリコ	経費	租税公課
202209	013000000	27	貸倒金	0.0	0.0	0.0	0.0	0.0	0.0	㈱アグリコ	経費	貸倒金
202209	013000000	28	情報機器利用料	0.0	0.0	0.0	0.0	0.0	0.0	㈱アグリコ	経費	情報機器利用料
202209	013000000	29	雑費	0.0	0.0	30000.0	0.1	0.0	0.0	㈱アグリコ	経費	雑費
202209	013000000	30	新聞図書費	0.0	0.0	0.0	0.0	0.0	0.0	㈱アグリコ	経費	新聞図書費
202209	013000000	32	雑給	0.0	0.0	0.0	0.0	0.0	0.0	㈱アグリコ	経費	雑給
202209	013000000	33	社内金利（固定資産）	0.0	0.0	0.0	0.0	0.0	0.0	㈱アグリコ	経費	社内金利（固定資産）
202209	013000000	34	社内金利（売掛金）	0.0	0.0	0.0	0.0	0.0	0.0	㈱アグリコ	経費	社内金利（売掛金）
202209	013000000	35	部門共通（経費）	0.0	0.0	0.0	0.0	0.0	0.0	㈱アグリコ	経費	部門共通（経費）
202209	013000000	36	グループ共通	0.0	0.0	0.0	0.0	0.0	0.0	㈱アグリコ	経費	グループ共通
202209	013000000	37	差引収益	2932535.0	3042535.0	3329402.0	13.5	109.4	113.5	㈱アグリコ		
202209	013000000	38	差引比率	12.8	12.7	13.5		106.2	105.4	㈱アグリコ		
202209	013000000	39	総時間	172.0	172.0	194.25		112.9	112.9	㈱アグリコ		
202209	013000000	40	定時間	168.0	168.0	192.0		114.2	114.2	㈱アグリコ	時間	
202209	013000000	41	残業時間	4.0	4.0	2.25		56.2	56.2	㈱アグリコ	時間	
202209	013000000	42	移動時間	0.0	0.0	0.0		0.0	0.0	㈱アグリコ	時間	
202209	013000000	43	部門共通（時間）	0.0	0.0	0.0		0.0	0.0	㈱アグリコ	時間	
202209	013000000	44	当月時間当り	17049.6	17689.1	17139.7		96.8	100.5	㈱アグリコ		
202209	013000000	45	人員	1.0	1.0	1.0		100.0	100.0	㈱アグリコ		
202210	013000000	1	総受注高	16000000.0	16000000.0	16952402.0		105.9	105.9	㈱アグリコ	受注	
202210	013000000	2	総売上高	16000000.0	16000000.0	16952402.0		105.9	105.9	㈱アグリコ		
202210	013000000	3	売上高	16170000.0	16170000.0	17374161.0		107.4	107.4	㈱アグリコ	売上	
202210	013000000	4	売上値引	-170000.0	-170000.0	-421759.0		0.0	0.0	㈱アグリコ	売上	
202210	013000000	5	売上原価	13195000.0	13195000.0	13637501.0		103.3	103.3	㈱アグリコ		
202210	013000000	6	総収益	2805000.0	2805000.0	3314901.0	19.5	118.1	118.1	㈱アグリコ		
202210	013000000	7	経費合計	615953.0	615953.0	608397.0	3.5	98.7	98.7	㈱アグリコ		
202210	013000000	8	減価償却費	0.0	0.0	0.0	0.0	0.0	0.0	㈱アグリコ	経費	減価償却費
202210	013000000	9	車輛費	223000.0	223000.0	109255.0	0.6	48.9	48.9	㈱アグリコ	経費	車輛費
202210	013000000	10	旅費交通費	0.0	0.0	0.0	0.0	0.0	0.0	㈱アグリコ	経費	旅費交通費
202210	013000000	11	運賃	247000.0	247000.0	281065.0	1.6	113.7	113.7	㈱アグリコ	経費	運賃
202210	013000000	12	通信費	15300.0	15300.0	16463.0	0.0	107.6	107.6	㈱アグリコ	経費	通信費
202210	013000000	13	水道光熱費	0.0	0.0	0.0	0.0	0.0	0.0	㈱アグリコ	経費	水道光熱費
202210	013000000	14	事務用品費	0.0	0.0	3882.0	0.0	0.0	0.0	㈱アグリコ	経費	事務用品費
202210	013000000	15	備品消耗品費	6588.0	6588.0	0.0	0.0	0.0	0.0	㈱アグリコ	経費	備品消耗品費
202210	013000000	16	広告宣伝費	0.0	0.0	630.0	0.0	0.0	0.0	㈱アグリコ	経費	広告宣伝費
202210	013000000	17	交際費	0.0	0.0	0.0	0.0	0.0	0.0	㈱アグリコ	経費	交際費
202210	013000000	18	賃借料	46295.0	46295.0	46295.0	0.2	100.0	100.0	㈱アグリコ	経費	賃借料
202210	013000000	19	修繕費	0.0	0.0	0.0	0.0	0.0	0.0	㈱アグリコ	経費	修繕費
202210	013000000	20	リース料	8600.0	8600.0	8600.0	0.0	100.0	100.0	㈱アグリコ	経費	リース料
202210	013000000	21	保険料	33320.0	33320.0	47600.0	0.2	142.8	142.8	㈱アグリコ	経費	保険料
202210	013000000	22	支払手数料	24370.0	24370.0	23507.0	0.1	96.4	96.4	㈱アグリコ	経費	支払手数料
202210	013000000	23	諸会費	2000.0	2000.0	2000.0	0.0	100.0	100.0	㈱アグリコ	経費	諸会費
202210	013000000	24	会議費	0.0	0.0	0.0	0.0	0.0	0.0	㈱アグリコ	経費	会議費
202210	013000000	25	寄附金	0.0	0.0	0.0	0.0	0.0	0.0	㈱アグリコ	経費	寄附金
202210	013000000	26	租税公課	0.0	0.0	69100.0	0.4	0.0	0.0	㈱アグリコ	経費	租税公課
202210	013000000	27	貸倒金	0.0	0.0	0.0	0.0	0.0	0.0	㈱アグリコ	経費	貸倒金
202210	013000000	28	情報機器利用料	9480.0	9480.0	0.0	0.0	0.0	0.0	㈱アグリコ	経費	情報機器利用料
202210	013000000	29	雑費	0.0	0.0	0.0	0.0	0.0	0.0	㈱アグリコ	経費	雑費
202210	013000000	30	新聞図書費	0.0	0.0	0.0	0.0	0.0	0.0	㈱アグリコ	経費	新聞図書費
202210	013000000	32	雑給	0.0	0.0	0.0	0.0	0.0	0.0	㈱アグリコ	経費	雑給
202210	013000000	33	社内金利（固定資産）	0.0	0.0	0.0	0.0	0.0	0.0	㈱アグリコ	経費	社内金利（固定資産）
202210	013000000	34	社内金利（売掛金）	0.0	0.0	0.0	0.0	0.0	0.0	㈱アグリコ	経費	社内金利（売掛金）
202210	013000000	35	部門共通（経費）	0.0	0.0	0.0	0.0	0.0	0.0	㈱アグリコ	経費	部門共通（経費）
202210	013000000	36	グループ共通	0.0	0.0	0.0	0.0	0.0	0.0	㈱アグリコ	経費	グループ共通
202210	013000000	37	差引収益	2189047.0	2189047.0	2706504.0	15.9	123.6	123.6	㈱アグリコ		
202210	013000000	38	差引比率	13.6	13.6	15.9		116.9	116.9	㈱アグリコ		
202210	013000000	39	総時間	170.0	170.0	159.75		93.9	93.9	㈱アグリコ		
202210	013000000	40	定時間	168.0	168.0	154.0		91.6	91.6	㈱アグリコ	時間	
202210	013000000	41	残業時間	2.0	2.0	5.75		287.5	287.5	㈱アグリコ	時間	
202210	013000000	42	移動時間	0.0	0.0	0.0		0.0	0.0	㈱アグリコ	時間	
202210	013000000	43	部門共通（時間）	0.0	0.0	0.0		0.0	0.0	㈱アグリコ	時間	
202210	013000000	44	当月時間当り	12876.7	12876.7	16942.1		131.5	131.5	㈱アグリコ		
202210	013000000	45	人員	1.0	1.0	1.0		100.0	100.0	㈱アグリコ		
202211	013000000	1	総受注高	10580000.0	10580000.0	13864657.0		131.0	131.0	㈱アグリコ	受注	
202211	013000000	2	総売上高	10580000.0	10580000.0	13864657.0		131.0	131.0	㈱アグリコ		
202211	013000000	3	売上高	11080000.0	11080000.0	14221025.0		128.3	128.3	㈱アグリコ	売上	
202211	013000000	4	売上値引	-500000.0	-500000.0	-356368.0		0.0	0.0	㈱アグリコ	売上	
202211	013000000	5	売上原価	8545000.0	8485000.0	11795770.0		139.0	138.0	㈱アグリコ		
202211	013000000	6	総収益	2035000.0	2095000.0	2068887.0	14.9	98.7	101.6	㈱アグリコ		
202211	013000000	7	経費合計	464515.0	464515.0	434534.0	3.1	93.5	93.5	㈱アグリコ		
202211	013000000	8	減価償却費	0.0	0.0	0.0	0.0	0.0	0.0	㈱アグリコ	経費	減価償却費
202211	013000000	9	車輛費	45000.0	45000.0	35583.0	0.2	79.0	79.0	㈱アグリコ	経費	車輛費
202211	013000000	10	旅費交通費	0.0	0.0	0.0	0.0	0.0	0.0	㈱アグリコ	経費	旅費交通費
202211	013000000	11	運賃	282000.0	282000.0	230120.0	1.6	81.6	81.6	㈱アグリコ	経費	運賃
202211	013000000	12	通信費	14500.0	14500.0	29351.0	0.2	202.4	202.4	㈱アグリコ	経費	通信費
202211	013000000	13	水道光熱費	0.0	0.0	0.0	0.0	0.0	0.0	㈱アグリコ	経費	水道光熱費
202211	013000000	14	事務用品費	0.0	0.0	2155.0	0.0	0.0	0.0	㈱アグリコ	経費	事務用品費
202211	013000000	15	備品消耗品費	750.0	750.0	0.0	0.0	0.0	0.0	㈱アグリコ	経費	備品消耗品費
202211	013000000	16	広告宣伝費	0.0	0.0	36000.0	0.2	0.0	0.0	㈱アグリコ	経費	広告宣伝費
202211	013000000	17	交際費	0.0	0.0	0.0	0.0	0.0	0.0	㈱アグリコ	経費	交際費
202211	013000000	18	賃借料	46295.0	46295.0	46295.0	0.3	100.0	100.0	㈱アグリコ	経費	賃借料
202211	013000000	19	修繕費	0.0	0.0	0.0	0.0	0.0	0.0	㈱アグリコ	経費	修繕費
202211	013000000	20	リース料	8600.0	8600.0	8600.0	0.0	100.0	100.0	㈱アグリコ	経費	リース料
202211	013000000	21	保険料	33320.0	33320.0	33320.0	0.2	100.0	100.0	㈱アグリコ	経費	保険料
202211	013000000	22	支払手数料	24570.0	24570.0	6400.0	0.0	26.0	26.0	㈱アグリコ	経費	支払手数料
202211	013000000	23	諸会費	0.0	0.0	0.0	0.0	0.0	0.0	㈱アグリコ	経費	諸会費
202211	013000000	24	会議費	0.0	0.0	0.0	0.0	0.0	0.0	㈱アグリコ	経費	会議費
202211	013000000	25	寄附金	0.0	0.0	0.0	0.0	0.0	0.0	㈱アグリコ	経費	寄附金
202211	013000000	26	租税公課	0.0	0.0	0.0	0.0	0.0	0.0	㈱アグリコ	経費	租税公課
202211	013000000	27	貸倒金	0.0	0.0	0.0	0.0	0.0	0.0	㈱アグリコ	経費	貸倒金
202211	013000000	28	情報機器利用料	9480.0	9480.0	6710.0	0.0	70.7	70.7	㈱アグリコ	経費	情報機器利用料
202211	013000000	29	雑費	0.0	0.0	0.0	0.0	0.0	0.0	㈱アグリコ	経費	雑費
202211	013000000	30	新聞図書費	0.0	0.0	0.0	0.0	0.0	0.0	㈱アグリコ	経費	新聞図書費
202211	013000000	32	雑給	0.0	0.0	0.0	0.0	0.0	0.0	㈱アグリコ	経費	雑給
202211	013000000	33	社内金利（固定資産）	0.0	0.0	0.0	0.0	0.0	0.0	㈱アグリコ	経費	社内金利（固定資産）
202211	013000000	34	社内金利（売掛金）	0.0	0.0	0.0	0.0	0.0	0.0	㈱アグリコ	経費	社内金利（売掛金）
202211	013000000	35	部門共通（経費）	0.0	0.0	0.0	0.0	0.0	0.0	㈱アグリコ	経費	部門共通（経費）
202211	013000000	36	グループ共通	0.0	0.0	0.0	0.0	0.0	0.0	㈱アグリコ	経費	グループ共通
202211	013000000	37	差引収益	1570485.0	1630485.0	1634353.0	11.7	100.2	104.0	㈱アグリコ		
202211	013000000	38	差引比率	14.8	15.4	11.7		75.9	79.0	㈱アグリコ		
202211	013000000	39	総時間	154.0	154.0	139.5		90.5	90.5	㈱アグリコ		
202211	013000000	40	定時間	152.0	152.0	133.75		87.9	87.9	㈱アグリコ	時間	
202211	013000000	41	残業時間	2.0	2.0	5.75		287.5	287.5	㈱アグリコ	時間	
202211	013000000	42	移動時間	0.0	0.0	0.0		0.0	0.0	㈱アグリコ	時間	
202211	013000000	43	部門共通（時間）	0.0	0.0	0.0		0.0	0.0	㈱アグリコ	時間	
202211	013000000	44	当月時間当り	10197.9	10587.5	11715.7		110.6	114.8	㈱アグリコ		
202211	013000000	45	人員	1.0	1.0	1.0		100.0	100.0	㈱アグリコ		
202212	013000000	1	総受注高	9810000.0	6210000.0	7537072.0		121.3	76.8	㈱アグリコ	受注	
202212	013000000	2	総売上高	9810000.0	6210000.0	7537072.0		121.3	76.8	㈱アグリコ		
202212	013000000	3	売上高	11670000.0	7610000.0	9097327.0		119.5	77.9	㈱アグリコ	売上	
202212	013000000	4	売上値引	-1860000.0	-1400000.0	-1560255.0		0.0	0.0	㈱アグリコ	売上	
202212	013000000	5	売上原価	9300000.0	5660000.0	7079901.0		125.0	76.1	㈱アグリコ		
202212	013000000	6	総収益	510000.0	550000.0	457171.0	6.0	83.1	89.6	㈱アグリコ		
202212	013000000	7	経費合計	519495.0	543073.0	476462.0	6.3	87.7	91.7	㈱アグリコ		
202212	013000000	8	減価償却費	0.0	0.0	0.0	0.0	0.0	0.0	㈱アグリコ	経費	減価償却費
202212	013000000	9	車輛費	65000.0	95788.0	51287.0	0.6	53.5	78.9	㈱アグリコ	経費	車輛費
202212	013000000	10	旅費交通費	20000.0	20000.0	0.0	0.0	0.0	0.0	㈱アグリコ	経費	旅費交通費
202212	013000000	11	運賃	138000.0	138000.0	131650.0	1.7	95.3	95.3	㈱アグリコ	経費	運賃
202212	013000000	12	通信費	14400.0	14400.0	13770.0	0.1	95.6	95.6	㈱アグリコ	経費	通信費
202212	013000000	13	水道光熱費	0.0	0.0	0.0	0.0	0.0	0.0	㈱アグリコ	経費	水道光熱費
202212	013000000	14	事務用品費	0.0	0.0	1858.0	0.0	0.0	0.0	㈱アグリコ	経費	事務用品費
202212	013000000	15	備品消耗品費	1750.0	1750.0	0.0	0.0	0.0	0.0	㈱アグリコ	経費	備品消耗品費
202212	013000000	16	広告宣伝費	61300.0	61300.0	79430.0	1.0	129.5	129.5	㈱アグリコ	経費	広告宣伝費
202212	013000000	17	交際費	72000.0	72000.0	75752.0	1.0	105.2	105.2	㈱アグリコ	経費	交際費
202212	013000000	18	賃借料	46295.0	46295.0	46295.0	0.6	100.0	100.0	㈱アグリコ	経費	賃借料
202212	013000000	19	修繕費	0.0	0.0	0.0	0.0	0.0	0.0	㈱アグリコ	経費	修繕費
202212	013000000	20	リース料	8600.0	8600.0	8600.0	0.1	100.0	100.0	㈱アグリコ	経費	リース料
202212	013000000	21	保険料	33320.0	26110.0	26110.0	0.3	100.0	78.3	㈱アグリコ	経費	保険料
202212	013000000	22	支払手数料	19350.0	19350.0	17210.0	0.2	88.9	88.9	㈱アグリコ	経費	支払手数料
202212	013000000	23	諸会費	0.0	0.0	0.0	0.0	0.0	0.0	㈱アグリコ	経費	諸会費
202212	013000000	24	会議費	0.0	0.0	0.0	0.0	0.0	0.0	㈱アグリコ	経費	会議費
202212	013000000	25	寄附金	0.0	0.0	0.0	0.0	0.0	0.0	㈱アグリコ	経費	寄附金
202212	013000000	26	租税公課	30000.0	30000.0	18400.0	0.2	61.3	61.3	㈱アグリコ	経費	租税公課
202212	013000000	27	貸倒金	0.0	0.0	0.0	0.0	0.0	0.0	㈱アグリコ	経費	貸倒金
202212	013000000	28	情報機器利用料	9480.0	9480.0	6100.0	0.0	64.3	64.3	㈱アグリコ	経費	情報機器利用料
202212	013000000	29	雑費	0.0	0.0	0.0	0.0	0.0	0.0	㈱アグリコ	経費	雑費
202212	013000000	30	新聞図書費	0.0	0.0	0.0	0.0	0.0	0.0	㈱アグリコ	経費	新聞図書費
202212	013000000	32	雑給	0.0	0.0	0.0	0.0	0.0	0.0	㈱アグリコ	経費	雑給
202212	013000000	33	社内金利（固定資産）	0.0	0.0	0.0	0.0	0.0	0.0	㈱アグリコ	経費	社内金利（固定資産）
202212	013000000	34	社内金利（売掛金）	0.0	0.0	0.0	0.0	0.0	0.0	㈱アグリコ	経費	社内金利（売掛金）
202212	013000000	35	部門共通（経費）	0.0	0.0	0.0	0.0	0.0	0.0	㈱アグリコ	経費	部門共通（経費）
202212	013000000	36	グループ共通	0.0	0.0	0.0	0.0	0.0	0.0	㈱アグリコ	経費	グループ共通
202212	013000000	37	差引収益	-9495.0	6927.0	-19291.0	0.0	0.0	0.0	㈱アグリコ		
202212	013000000	38	差引比率	0.0	0.1	-0.2		0.0	0.0	㈱アグリコ		
202212	013000000	39	総時間	162.0	162.0	156.0		96.2	96.2	㈱アグリコ		
202212	013000000	40	定時間	160.0	160.0	152.0		95.0	95.0	㈱アグリコ	時間	
202212	013000000	41	残業時間	2.0	2.0	4.0		200.0	200.0	㈱アグリコ	時間	
202212	013000000	42	移動時間	0.0	0.0	0.0		0.0	0.0	㈱アグリコ	時間	
202212	013000000	43	部門共通（時間）	0.0	0.0	0.0		0.0	0.0	㈱アグリコ	時間	
202212	013000000	44	当月時間当り	-58.6	42.7	-123.6		0.0	0.0	㈱アグリコ		
202212	013000000	45	人員	1.0	1.0	1.0		100.0	100.0	㈱アグリコ		
202301	013000000	1	総受注高	6520000.0	22700000.0	26492422.0		116.7	406.3	㈱アグリコ	受注	
202301	013000000	2	総売上高	6520000.0	22700000.0	26492422.0		116.7	406.3	㈱アグリコ		
202301	013000000	3	売上高	6690000.0	22900000.0	26662723.0		116.4	398.5	㈱アグリコ	売上	
202301	013000000	4	売上値引	-170000.0	-200000.0	-170301.0		0.0	0.0	㈱アグリコ	売上	
202301	013000000	5	売上原価	5535000.0	19000000.0	22014992.0		115.8	397.7	㈱アグリコ		
202301	013000000	6	総収益	985000.0	3700000.0	4477430.0	16.9	121.0	454.5	㈱アグリコ		
202301	013000000	7	経費合計	452085.0	440265.0	181989.0	0.6	41.3	40.2	㈱アグリコ		
202301	013000000	8	減価償却費	0.0	0.0	0.0	0.0	0.0	0.0	㈱アグリコ	経費	減価償却費
202301	013000000	9	車輛費	69680.0	69680.0	0.0	0.0	0.0	0.0	㈱アグリコ	経費	車輛費
202301	013000000	10	旅費交通費	30000.0	30000.0	85064.0	0.3	283.5	283.5	㈱アグリコ	経費	旅費交通費
202301	013000000	11	運賃	90000.0	90000.0	0.0	0.0	0.0	0.0	㈱アグリコ	経費	運賃
202301	013000000	12	通信費	15660.0	15660.0	7636.0	0.0	48.7	48.7	㈱アグリコ	経費	通信費
202301	013000000	13	水道光熱費	0.0	0.0	0.0	0.0	0.0	0.0	㈱アグリコ	経費	水道光熱費
202301	013000000	14	事務用品費	0.0	0.0	7459.0	0.0	0.0	0.0	㈱アグリコ	経費	事務用品費
202301	013000000	15	備品消耗品費	750.0	750.0	2332.0	0.0	310.9	310.9	㈱アグリコ	経費	備品消耗品費
202301	013000000	16	広告宣伝費	0.0	0.0	-27273.0	0.0	0.0	0.0	㈱アグリコ	経費	広告宣伝費
202301	013000000	17	交際費	0.0	0.0	0.0	0.0	0.0	0.0	㈱アグリコ	経費	交際費
202301	013000000	18	賃借料	46295.0	46295.0	46295.0	0.1	100.0	100.0	㈱アグリコ	経費	賃借料
202301	013000000	19	修繕費	0.0	0.0	0.0	0.0	0.0	0.0	㈱アグリコ	経費	修繕費
202301	013000000	20	リース料	8600.0	8600.0	8600.0	0.0	100.0	100.0	㈱アグリコ	経費	リース料
202301	013000000	21	保険料	143320.0	131500.0	26110.0	0.0	19.8	18.2	㈱アグリコ	経費	保険料
202301	013000000	22	支払手数料	38300.0	38300.0	25766.0	0.0	67.2	67.2	㈱アグリコ	経費	支払手数料
202301	013000000	23	諸会費	0.0	0.0	0.0	0.0	0.0	0.0	㈱アグリコ	経費	諸会費
202301	013000000	24	会議費	0.0	0.0	0.0	0.0	0.0	0.0	㈱アグリコ	経費	会議費
202301	013000000	25	寄附金	0.0	0.0	0.0	0.0	0.0	0.0	㈱アグリコ	経費	寄附金
202301	013000000	26	租税公課	0.0	0.0	0.0	0.0	0.0	0.0	㈱アグリコ	経費	租税公課
202301	013000000	27	貸倒金	0.0	0.0	0.0	0.0	0.0	0.0	㈱アグリコ	経費	貸倒金
202301	013000000	28	情報機器利用料	9480.0	9480.0	0.0	0.0	0.0	0.0	㈱アグリコ	経費	情報機器利用料
202301	013000000	29	雑費	0.0	0.0	0.0	0.0	0.0	0.0	㈱アグリコ	経費	雑費
202301	013000000	30	新聞図書費	0.0	0.0	0.0	0.0	0.0	0.0	㈱アグリコ	経費	新聞図書費
202301	013000000	32	雑給	0.0	0.0	0.0	0.0	0.0	0.0	㈱アグリコ	経費	雑給
202301	013000000	33	社内金利（固定資産）	0.0	0.0	0.0	0.0	0.0	0.0	㈱アグリコ	経費	社内金利（固定資産）
202301	013000000	34	社内金利（売掛金）	0.0	0.0	0.0	0.0	0.0	0.0	㈱アグリコ	経費	社内金利（売掛金）
202301	013000000	35	部門共通（経費）	0.0	0.0	0.0	0.0	0.0	0.0	㈱アグリコ	経費	部門共通（経費）
202301	013000000	36	グループ共通	0.0	0.0	0.0	0.0	0.0	0.0	㈱アグリコ	経費	グループ共通
202301	013000000	37	差引収益	532915.0	3259735.0	4295441.0	16.2	131.7	806.0	㈱アグリコ		
202301	013000000	38	差引比率	8.1	14.3	16.2		113.2	200.0	㈱アグリコ		
202301	013000000	39	総時間	130.0	130.0	121.25		93.2	93.2	㈱アグリコ		
202301	013000000	40	定時間	128.0	128.0	120.0		93.7	93.7	㈱アグリコ	時間	
202301	013000000	41	残業時間	2.0	2.0	1.25		62.5	62.5	㈱アグリコ	時間	
202301	013000000	42	移動時間	0.0	0.0	0.0		0.0	0.0	㈱アグリコ	時間	
202301	013000000	43	部門共通（時間）	0.0	0.0	0.0		0.0	0.0	㈱アグリコ	時間	
202301	013000000	44	当月時間当り	4099.3	25074.8	35426.3		141.2	864.2	㈱アグリコ		
202301	013000000	45	人員	1.0	1.0	1.0		100.0	100.0	㈱アグリコ		
202302	013000000	1	総受注高	45370000.0	33030000.0	33436877.0		101.2	73.6	㈱アグリコ	受注	
202302	013000000	2	総売上高	45370000.0	33030000.0	33436877.0		101.2	73.6	㈱アグリコ		
202302	013000000	3	売上高	46410000.0	33610000.0	34631492.0		103.0	74.6	㈱アグリコ	売上	
202302	013000000	4	売上値引	-1040000.0	-580000.0	-1194615.0		0.0	0.0	㈱アグリコ	売上	
202302	013000000	5	売上原価	40203000.0	28339000.0	29132934.0		102.8	72.4	㈱アグリコ		
202302	013000000	6	総収益	5167000.0	4691000.0	4303943.0	12.8	91.7	83.2	㈱アグリコ		
202302	013000000	7	経費合計	3767983.0	3767983.0	454519.0	1.3	12.0	12.0	㈱アグリコ		
202302	013000000	8	減価償却費	0.0	0.0	0.0	0.0	0.0	0.0	㈱アグリコ	経費	減価償却費
202302	013000000	9	車輛費	55000.0	55000.0	2250.0	0.0	4.0	4.0	㈱アグリコ	経費	車輛費
202302	013000000	10	旅費交通費	0.0	0.0	63365.0	0.1	0.0	0.0	㈱アグリコ	経費	旅費交通費
202302	013000000	11	運賃	85000.0	85000.0	244800.0	0.7	288.0	288.0	㈱アグリコ	経費	運賃
202302	013000000	12	通信費	6200.0	6200.0	8545.0	0.0	137.8	137.8	㈱アグリコ	経費	通信費
202302	013000000	13	水道光熱費	0.0	0.0	0.0	0.0	0.0	0.0	㈱アグリコ	経費	水道光熱費
202302	013000000	14	事務用品費	0.0	0.0	750.0	0.0	0.0	0.0	㈱アグリコ	経費	事務用品費
202302	013000000	15	備品消耗品費	6588.0	6588.0	0.0	0.0	0.0	0.0	㈱アグリコ	経費	備品消耗品費
202302	013000000	16	広告宣伝費	0.0	0.0	0.0	0.0	0.0	0.0	㈱アグリコ	経費	広告宣伝費
202302	013000000	17	交際費	0.0	0.0	0.0	0.0	0.0	0.0	㈱アグリコ	経費	交際費
202302	013000000	18	賃借料	46295.0	46295.0	46295.0	0.1	100.0	100.0	㈱アグリコ	経費	賃借料
202302	013000000	19	修繕費	0.0	0.0	0.0	0.0	0.0	0.0	㈱アグリコ	経費	修繕費
202302	013000000	20	リース料	8600.0	8600.0	8600.0	0.0	100.0	100.0	㈱アグリコ	経費	リース料
202302	013000000	21	保険料	33320.0	33320.0	27927.0	0.0	83.8	83.8	㈱アグリコ	経費	保険料
202302	013000000	22	支払手数料	3497500.0	3497500.0	22507.0	0.0	0.6	0.6	㈱アグリコ	経費	支払手数料
202302	013000000	23	諸会費	20000.0	20000.0	20000.0	0.0	100.0	100.0	㈱アグリコ	経費	諸会費
202302	013000000	24	会議費	0.0	0.0	0.0	0.0	0.0	0.0	㈱アグリコ	経費	会議費
202302	013000000	25	寄附金	0.0	0.0	0.0	0.0	0.0	0.0	㈱アグリコ	経費	寄附金
202302	013000000	26	租税公課	0.0	0.0	0.0	0.0	0.0	0.0	㈱アグリコ	経費	租税公課
202302	013000000	27	貸倒金	0.0	0.0	0.0	0.0	0.0	0.0	㈱アグリコ	経費	貸倒金
202302	013000000	28	情報機器利用料	9480.0	9480.0	9480.0	0.0	100.0	100.0	㈱アグリコ	経費	情報機器利用料
202302	013000000	29	雑費	0.0	0.0	0.0	0.0	0.0	0.0	㈱アグリコ	経費	雑費
202302	013000000	30	新聞図書費	0.0	0.0	0.0	0.0	0.0	0.0	㈱アグリコ	経費	新聞図書費
202302	013000000	32	雑給	0.0	0.0	0.0	0.0	0.0	0.0	㈱アグリコ	経費	雑給
202302	013000000	33	社内金利（固定資産）	0.0	0.0	0.0	0.0	0.0	0.0	㈱アグリコ	経費	社内金利（固定資産）
202302	013000000	34	社内金利（売掛金）	0.0	0.0	0.0	0.0	0.0	0.0	㈱アグリコ	経費	社内金利（売掛金）
202302	013000000	35	部門共通（経費）	0.0	0.0	0.0	0.0	0.0	0.0	㈱アグリコ	経費	部門共通（経費）
202302	013000000	36	グループ共通	0.0	0.0	0.0	0.0	0.0	0.0	㈱アグリコ	経費	グループ共通
202302	013000000	37	差引収益	1399017.0	923017.0	3849424.0	11.5	417.0	275.1	㈱アグリコ		
202302	013000000	38	差引比率	3.0	2.7	11.5		425.9	383.3	㈱アグリコ		
202302	013000000	39	総時間	146.0	146.0	161.5		110.6	110.6	㈱アグリコ		
202302	013000000	40	定時間	144.0	144.0	159.0		110.4	110.4	㈱アグリコ	時間	
202302	013000000	41	残業時間	2.0	2.0	2.5		125.0	125.0	㈱アグリコ	時間	
202302	013000000	42	移動時間	0.0	0.0	0.0		0.0	0.0	㈱アグリコ	時間	
202302	013000000	43	部門共通（時間）	0.0	0.0	0.0		0.0	0.0	㈱アグリコ	時間	
202302	013000000	44	当月時間当り	9582.3	6322.0	23835.4		377.0	248.7	㈱アグリコ		
202302	013000000	45	人員	1.0	1.0	1.0		100.0	100.0	㈱アグリコ		
202303	013000000	1	総受注高	37960000.0	52645000.0	55749310.0		105.8	146.8	㈱アグリコ	受注	
202303	013000000	2	総売上高	37960000.0	52645000.0	55749310.0		105.8	146.8	㈱アグリコ		
202303	013000000	3	売上高	38700000.0	53715000.0	56579618.0		105.3	146.2	㈱アグリコ	売上	
202303	013000000	4	売上値引	-740000.0	-1070000.0	-830308.0		0.0	0.0	㈱アグリコ	売上	
202303	013000000	5	売上原価	31333000.0	45051000.0	46411888.0		103.0	148.1	㈱アグリコ		
202303	013000000	6	総収益	6627000.0	7594000.0	9337422.0	16.7	122.9	140.8	㈱アグリコ		
202303	013000000	7	経費合計	833395.0	826185.0	6302354.0	11.3	762.8	756.2	㈱アグリコ		
202303	013000000	8	減価償却費	0.0	0.0	0.0	0.0	0.0	0.0	㈱アグリコ	経費	減価償却費
202303	013000000	9	車輛費	40000.0	40000.0	191288.0	0.3	478.2	478.2	㈱アグリコ	経費	車輛費
202303	013000000	10	旅費交通費	20000.0	20000.0	124193.0	0.2	620.9	620.9	㈱アグリコ	経費	旅費交通費
202303	013000000	11	運賃	401000.0	401000.0	353995.0	0.6	88.2	88.2	㈱アグリコ	経費	運賃
202303	013000000	12	通信費	15200.0	15200.0	25372.0	0.0	166.9	166.9	㈱アグリコ	経費	通信費
202303	013000000	13	水道光熱費	0.0	0.0	0.0	0.0	0.0	0.0	㈱アグリコ	経費	水道光熱費
202303	013000000	14	事務用品費	0.0	0.0	3177.0	0.0	0.0	0.0	㈱アグリコ	経費	事務用品費
202303	013000000	15	備品消耗品費	750.0	750.0	8268.0	0.0			㈱アグリコ	経費	備品消耗品費
202303	013000000	16	広告宣伝費	0.0	0.0	630.0	0.0	0.0	0.0	㈱アグリコ	経費	広告宣伝費
202303	013000000	17	交際費	0.0	0.0	0.0	0.0	0.0	0.0	㈱アグリコ	経費	交際費
202303	013000000	18	賃借料	46295.0	46295.0	46295.0	0.0	100.0	100.0	㈱アグリコ	経費	賃借料
202303	013000000	19	修繕費	0.0	0.0	0.0	0.0	0.0	0.0	㈱アグリコ	経費	修繕費
202303	013000000	20	リース料	8600.0	8600.0	8600.0	0.0	100.0	100.0	㈱アグリコ	経費	リース料
202303	013000000	21	保険料	33320.0	26110.0	26379.0	0.0	101.0	79.1	㈱アグリコ	経費	保険料
202303	013000000	22	支払手数料	28750.0	28750.0	5262477.0	9.4			㈱アグリコ	経費	支払手数料
202303	013000000	23	諸会費	0.0	0.0	0.0	0.0	0.0	0.0	㈱アグリコ	経費	諸会費
202303	013000000	24	会議費	0.0	0.0	0.0	0.0	0.0	0.0	㈱アグリコ	経費	会議費
202303	013000000	25	寄附金	0.0	0.0	0.0	0.0	0.0	0.0	㈱アグリコ	経費	寄附金
202303	013000000	26	租税公課	0.0	0.0	0.0	0.0	0.0	0.0	㈱アグリコ	経費	租税公課
202303	013000000	27	貸倒金	0.0	0.0	0.0	0.0	0.0	0.0	㈱アグリコ	経費	貸倒金
202303	013000000	28	情報機器利用料	9480.0	9480.0	21680.0	0.0	228.6	228.6	㈱アグリコ	経費	情報機器利用料
202303	013000000	29	雑費	230000.0	230000.0	230000.0	0.4	100.0	100.0	㈱アグリコ	経費	雑費
202303	013000000	30	新聞図書費	0.0	0.0	0.0	0.0	0.0	0.0	㈱アグリコ	経費	新聞図書費
202303	013000000	32	雑給	0.0	0.0	0.0	0.0	0.0	0.0	㈱アグリコ	経費	雑給
202303	013000000	33	社内金利（固定資産）	0.0	0.0	0.0	0.0	0.0	0.0	㈱アグリコ	経費	社内金利（固定資産）
202303	013000000	34	社内金利（売掛金）	0.0	0.0	0.0	0.0	0.0	0.0	㈱アグリコ	経費	社内金利（売掛金）
202303	013000000	35	部門共通（経費）	0.0	0.0	0.0	0.0	0.0	0.0	㈱アグリコ	経費	部門共通（経費）
202303	013000000	36	グループ共通	0.0	0.0	0.0	0.0	0.0	0.0	㈱アグリコ	経費	グループ共通
202303	013000000	37	差引収益	5793605.0	6767815.0	3035068.0	5.4	44.8	52.3	㈱アグリコ		
202303	013000000	38	差引比率	15.2	12.8	5.4		42.1	35.5	㈱アグリコ		
202303	013000000	39	総時間	198.0	198.0	190.25		96.0	96.0	㈱アグリコ		
202303	013000000	40	定時間	192.0	192.0	188.0		97.9	97.9	㈱アグリコ	時間	
202303	013000000	41	残業時間	6.0	6.0	2.25		37.5	37.5	㈱アグリコ	時間	
202303	013000000	42	移動時間	0.0	0.0	0.0		0.0	0.0	㈱アグリコ	時間	
202303	013000000	43	部門共通（時間）	0.0	0.0	0.0		0.0	0.0	㈱アグリコ	時間	
202303	013000000	44	当月時間当り	29260.6	34180.8	15953.0		46.6	54.5	㈱アグリコ		
202303	013000000	45	人員	1.0	1.0	1.0		100.0	100.0	㈱アグリコ		
202304	013000000	1	総受注高	39690000.0	39690000.0	47103324.0		118.6	118.6	㈱アグリコ	受注	
202304	013000000	2	総売上高	39690000.0	39690000.0	47103324.0		118.6	118.6	㈱アグリコ		
202304	013000000	3	売上高	40383700.0	40383700.0	47575615.0		117.8	117.8	㈱アグリコ	売上	
202304	013000000	4	売上値引	-693700.0	-693700.0	-472291.0		0.0	0.0	㈱アグリコ	売上	
202304	013000000	5	売上原価	36680000.0	36680000.0	40246035.0		109.7	109.7	㈱アグリコ		
202304	013000000	6	総収益	3010000.0	3010000.0	6857289.0	14.5	227.8	227.8	㈱アグリコ		
202304	013000000	7	経費合計	1751805.0	1751805.0	1529343.0	3.2	87.3	87.3	㈱アグリコ		
202304	013000000	8	減価償却費	0.0	0.0	0.0	0.0	0.0	0.0	㈱アグリコ	経費	減価償却費
202304	013000000	9	車輛費	83080.0	83080.0	63658.0	0.1	76.6	76.6	㈱アグリコ	経費	車輛費
202304	013000000	10	旅費交通費	60000.0	60000.0	30091.0	0.0	50.1	50.1	㈱アグリコ	経費	旅費交通費
202304	013000000	11	運賃	362000.0	362000.0	490080.0	1.0	135.3	135.3	㈱アグリコ	経費	運賃
202304	013000000	12	通信費	24444.0	24444.0	21056.0	0.0	86.1	86.1	㈱アグリコ	経費	通信費
202304	013000000	13	水道光熱費	0.0	0.0	0.0	0.0	0.0	0.0	㈱アグリコ	経費	水道光熱費
202304	013000000	14	事務用品費	4000.0	4000.0	24748.0	0.0	618.7	618.7	㈱アグリコ	経費	事務用品費
202304	013000000	15	備品消耗品費	0.0	0.0	0.0	0.0	0.0	0.0	㈱アグリコ	経費	備品消耗品費
202304	013000000	16	広告宣伝費	33346.0	33346.0	0.0	0.0	0.0	0.0	㈱アグリコ	経費	広告宣伝費
202304	013000000	17	交際費	0.0	0.0	0.0	0.0	0.0	0.0	㈱アグリコ	経費	交際費
202304	013000000	18	賃借料	46295.0	46295.0	50000.0	0.1	108.0	108.0	㈱アグリコ	経費	賃借料
202304	013000000	19	修繕費	0.0	0.0	0.0	0.0	0.0	0.0	㈱アグリコ	経費	修繕費
202304	013000000	20	リース料	8600.0	8600.0	15700.0	0.0	182.5	182.5	㈱アグリコ	経費	リース料
202304	013000000	21	保険料	22390.0	22390.0	114660.0	0.2	512.1	512.1	㈱アグリコ	経費	保険料
202304	013000000	22	支払手数料	1052650.0	1052650.0	17950.0	0.0	1.7	1.7	㈱アグリコ	経費	支払手数料
202304	013000000	23	諸会費	0.0	0.0	0.0	0.0	0.0	0.0	㈱アグリコ	経費	諸会費
202304	013000000	24	会議費	0.0	0.0	0.0	0.0	0.0	0.0	㈱アグリコ	経費	会議費
202304	013000000	25	寄附金	0.0	0.0	0.0	0.0	0.0	0.0	㈱アグリコ	経費	寄附金
202304	013000000	26	租税公課	0.0	0.0	26000.0	0.0	0.0	0.0	㈱アグリコ	経費	租税公課
202304	013000000	27	貸倒金	0.0	0.0	0.0	0.0	0.0	0.0	㈱アグリコ	経費	貸倒金
202304	013000000	28	情報機器利用料	21000.0	21000.0	0.0	0.0	0.0	0.0	㈱アグリコ	経費	情報機器利用料
202304	013000000	29	雑費	0.0	0.0	0.0	0.0	0.0	0.0	㈱アグリコ	経費	雑費
202304	013000000	30	新聞図書費	0.0	0.0	0.0	0.0	0.0	0.0	㈱アグリコ	経費	新聞図書費
202304	013000000	32	雑給	0.0	0.0	0.0	0.0	0.0	0.0	㈱アグリコ	経費	雑給
202304	013000000	33	社内金利（固定資産）	0.0	0.0	0.0	0.0	0.0	0.0	㈱アグリコ	経費	社内金利（固定資産）
202304	013000000	34	社内金利（売掛金）	0.0	0.0	0.0	0.0	0.0	0.0	㈱アグリコ	経費	社内金利（売掛金）
202304	013000000	35	部門共通（経費）	0.0	0.0	0.0	0.0	0.0	0.0	㈱アグリコ	経費	部門共通（経費）
202304	013000000	36	グループ共通	34000.0	34000.0	675400.0	1.4			㈱アグリコ	経費	グループ共通
202304	013000000	37	差引収益	1258195.0	1258195.0	5327946.0	11.3	423.4	423.4	㈱アグリコ		
202304	013000000	38	差引比率	3.1	3.1	11.3		364.5	364.5	㈱アグリコ		
202304	013000000	39	総時間	551.0	551.0	522.75		94.8	94.8	㈱アグリコ		
202304	013000000	40	定時間	528.0	528.0	496.25		93.9	93.9	㈱アグリコ	時間	
202304	013000000	41	残業時間	23.0	23.0	26.5		115.2	115.2	㈱アグリコ	時間	
202304	013000000	42	移動時間	0.0	0.0	0.0		0.0	0.0	㈱アグリコ	時間	
202304	013000000	43	部門共通（時間）	0.0	0.0	0.0		0.0	0.0	㈱アグリコ	時間	
202304	013000000	44	当月時間当り	2283.4	2283.4	10192.1		446.3	446.3	㈱アグリコ		
202304	013000000	45	人員	3.0	3.0	3.0		100.0	100.0	㈱アグリコ		
202305	013000000	1	総受注高	37620000.0	36520000.0	32240018.0		88.2	85.6	㈱アグリコ	受注	
202305	013000000	2	総売上高	37620000.0	36520000.0	32240018.0		88.2	85.6	㈱アグリコ		
202305	013000000	3	売上高	38221900.0	37104300.0	33265669.0		89.6	87.0	㈱アグリコ	売上	
202305	013000000	4	売上値引	-601900.0	-584300.0	-1025651.0		0.0	0.0	㈱アグリコ	売上	
202305	013000000	5	売上原価	33966000.0	32882000.0	30337172.0		92.2	89.3	㈱アグリコ		
202305	013000000	6	総収益	3654000.0	3638000.0	1902846.0	5.9	52.3	52.0	㈱アグリコ		
202305	013000000	7	経費合計	1903902.0	1903902.0	2175265.0	6.7	114.2	114.2	㈱アグリコ		
202305	013000000	8	減価償却費	0.0	0.0	0.0	0.0	0.0	0.0	㈱アグリコ	経費	減価償却費
202305	013000000	9	車輛費	80000.0	80000.0	101142.0	0.3	126.4	126.4	㈱アグリコ	経費	車輛費
202305	013000000	10	旅費交通費	50000.0	50000.0	40563.0	0.1	81.1	81.1	㈱アグリコ	経費	旅費交通費
202305	013000000	11	運賃	423000.0	423000.0	256425.0	0.7	60.6	60.6	㈱アグリコ	経費	運賃
202305	013000000	12	通信費	40044.0	40044.0	13843.0	0.0	34.5	34.5	㈱アグリコ	経費	通信費
202305	013000000	13	水道光熱費	0.0	0.0	0.0	0.0	0.0	0.0	㈱アグリコ	経費	水道光熱費
202305	013000000	14	事務用品費	6000.0	6000.0	1391.0	0.0	23.1	23.1	㈱アグリコ	経費	事務用品費
202305	013000000	15	備品消耗品費	0.0	0.0	1744.0	0.0	0.0	0.0	㈱アグリコ	経費	備品消耗品費
202305	013000000	16	広告宣伝費	27273.0	27273.0	27273.0	0.0	100.0	100.0	㈱アグリコ	経費	広告宣伝費
202305	013000000	17	交際費	10000.0	10000.0	0.0	0.0	0.0	0.0	㈱アグリコ	経費	交際費
202305	013000000	18	賃借料	46295.0	46295.0	50000.0	0.1	108.0	108.0	㈱アグリコ	経費	賃借料
202305	013000000	19	修繕費	0.0	0.0	0.0	0.0	0.0	0.0	㈱アグリコ	経費	修繕費
202305	013000000	20	リース料	8600.0	8600.0	15700.0	0.0	182.5	182.5	㈱アグリコ	経費	リース料
202305	013000000	21	保険料	22390.0	22390.0	26110.0	0.0	116.6	116.6	㈱アグリコ	経費	保険料
202305	013000000	22	支払手数料	1064800.0	1064800.0	37434.0	0.1	3.5	3.5	㈱アグリコ	経費	支払手数料
202305	013000000	23	諸会費	0.0	0.0	0.0	0.0	0.0	0.0	㈱アグリコ	経費	諸会費
202305	013000000	24	会議費	0.0	0.0	0.0	0.0	0.0	0.0	㈱アグリコ	経費	会議費
202305	013000000	25	寄附金	0.0	0.0	0.0	0.0	0.0	0.0	㈱アグリコ	経費	寄附金
202305	013000000	26	租税公課	70500.0	70500.0	58500.0	0.1	82.9	82.9	㈱アグリコ	経費	租税公課
202305	013000000	27	貸倒金	0.0	0.0	0.0	0.0	0.0	0.0	㈱アグリコ	経費	貸倒金
202305	013000000	28	情報機器利用料	21000.0	21000.0	31140.0	0.0	148.2	148.2	㈱アグリコ	経費	情報機器利用料
202305	013000000	29	雑費	0.0	0.0	0.0	0.0	0.0	0.0	㈱アグリコ	経費	雑費
202305	013000000	30	新聞図書費	0.0	0.0	0.0	0.0	0.0	0.0	㈱アグリコ	経費	新聞図書費
202305	013000000	32	雑給	0.0	0.0	0.0	0.0	0.0	0.0	㈱アグリコ	経費	雑給
202305	013000000	33	社内金利（固定資産）	0.0	0.0	0.0	0.0	0.0	0.0	㈱アグリコ	経費	社内金利（固定資産）
202305	013000000	34	社内金利（売掛金）	0.0	0.0	0.0	0.0	0.0	0.0	㈱アグリコ	経費	社内金利（売掛金）
202305	013000000	35	部門共通（経費）	0.0	0.0	0.0	0.0	0.0	0.0	㈱アグリコ	経費	部門共通（経費）
202305	013000000	36	グループ共通	34000.0	34000.0	1514000.0	4.6			㈱アグリコ	経費	グループ共通
202305	013000000	37	差引収益	1750098.0	1734098.0	-272419.0	0.0	0.0	0.0	㈱アグリコ		
202305	013000000	38	差引比率	4.6	4.7	-0.8		0.0	0.0	㈱アグリコ		
202305	013000000	39	総時間	536.0	536.0	509.5		95.0	95.0	㈱アグリコ		
202305	013000000	40	定時間	512.0	512.0	500.0		97.6	97.6	㈱アグリコ	時間	
202305	013000000	41	残業時間	24.0	24.0	9.5		39.5	39.5	㈱アグリコ	時間	
202305	013000000	42	移動時間	0.0	0.0	0.0		0.0	0.0	㈱アグリコ	時間	
202305	013000000	43	部門共通（時間）	0.0	0.0	0.0		0.0	0.0	㈱アグリコ	時間	
202305	013000000	44	当月時間当り	3265.1	3235.2	-534.6		0.0	0.0	㈱アグリコ		
202305	013000000	45	人員	3.0	3.0	3.0		100.0	100.0	㈱アグリコ		
202306	013000000	1	総受注高	46010000.0	50010000.0	52979960.0		105.9	115.1	㈱アグリコ	受注	
202306	013000000	2	総売上高	46010000.0	50010000.0	52979960.0		105.9	115.1	㈱アグリコ		
202306	013000000	3	売上高	46707400.0	50770000.0	53640837.0		105.6	114.8	㈱アグリコ	売上	
202306	013000000	4	売上値引	-697400.0	-760000.0	-660877.0		0.0	0.0	㈱アグリコ	売上	
202306	013000000	5	売上原価	42289000.0	46241000.0	48581951.0		105.0	114.8	㈱アグリコ		
202306	013000000	6	総収益	3721000.0	3769000.0	4398009.0	8.3	116.6	118.1	㈱アグリコ		
202306	013000000	7	経費合計	1765666.0	1726401.0	2110721.0	3.9	122.2	119.5	㈱アグリコ		
202306	013000000	8	減価償却費	0.0	0.0	0.0	0.0	0.0	0.0	㈱アグリコ	経費	減価償却費
202306	013000000	9	車輛費	120000.0	120000.0	83305.0	0.1	69.4	69.4	㈱アグリコ	経費	車輛費
202306	013000000	10	旅費交通費	50000.0	50000.0	61365.0	0.1	122.7	122.7	㈱アグリコ	経費	旅費交通費
202306	013000000	11	運賃	360000.0	360000.0	595125.0	1.1	165.3	165.3	㈱アグリコ	経費	運賃
202306	013000000	12	通信費	24374.0	24374.0	15047.0	0.0	61.7	61.7	㈱アグリコ	経費	通信費
202306	013000000	13	水道光熱費	0.0	0.0	0.0	0.0	0.0	0.0	㈱アグリコ	経費	水道光熱費
202306	013000000	14	事務用品費	3240.0	3240.0	2915.0	0.0	89.9	89.9	㈱アグリコ	経費	事務用品費
202306	013000000	15	備品消耗品費	3000.0	3000.0	6079.0	0.0	202.6	202.6	㈱アグリコ	経費	備品消耗品費
202306	013000000	16	広告宣伝費	-27273.0	-27273.0	660.0	0.0	0.0	0.0	㈱アグリコ	経費	広告宣伝費
202306	013000000	17	交際費	10000.0	10000.0	0.0	0.0	0.0	0.0	㈱アグリコ	経費	交際費
202306	013000000	18	賃借料	46295.0	50000.0	50000.0	0.0	100.0	108.0	㈱アグリコ	経費	賃借料
202306	013000000	19	修繕費	0.0	0.0	0.0	0.0	0.0	0.0	㈱アグリコ	経費	修繕費
202306	013000000	20	リース料	8600.0	15700.0	15700.0	0.0	100.0	182.5	㈱アグリコ	経費	リース料
202306	013000000	21	保険料	55180.0	26110.0	26110.0	0.0	100.0	47.3	㈱アグリコ	経費	保険料
202306	013000000	22	支払手数料	1057250.0	27250.0	29275.0	0.0	107.4	2.7	㈱アグリコ	経費	支払手数料
202306	013000000	23	諸会費	0.0	0.0	0.0	0.0	0.0	0.0	㈱アグリコ	経費	諸会費
202306	013000000	24	会議費	0.0	0.0	0.0	0.0	0.0	0.0	㈱アグリコ	経費	会議費
202306	013000000	25	寄附金	0.0	0.0	0.0	0.0	0.0	0.0	㈱アグリコ	経費	寄附金
202306	013000000	26	租税公課	0.0	0.0	0.0	0.0	0.0	0.0	㈱アグリコ	経費	租税公課
202306	013000000	27	貸倒金	0.0	0.0	0.0	0.0	0.0	0.0	㈱アグリコ	経費	貸倒金
202306	013000000	28	情報機器利用料	21000.0	0.0	31140.0	0.0	0.0	148.2	㈱アグリコ	経費	情報機器利用料
202306	013000000	29	雑費	0.0	0.0	130000.0	0.2	0.0	0.0	㈱アグリコ	経費	雑費
202306	013000000	30	新聞図書費	0.0	0.0	0.0	0.0	0.0	0.0	㈱アグリコ	経費	新聞図書費
202306	013000000	32	雑給	0.0	0.0	0.0	0.0	0.0	0.0	㈱アグリコ	経費	雑給
202306	013000000	33	社内金利（固定資産）	0.0	0.0	0.0	0.0	0.0	0.0	㈱アグリコ	経費	社内金利（固定資産）
202306	013000000	34	社内金利（売掛金）	0.0	0.0	0.0	0.0	0.0	0.0	㈱アグリコ	経費	社内金利（売掛金）
202306	013000000	35	部門共通（経費）	0.0	0.0	0.0	0.0	0.0	0.0	㈱アグリコ	経費	部門共通（経費）
202306	013000000	36	グループ共通	34000.0	1064000.0	1064000.0	2.0	100.0		㈱アグリコ	経費	グループ共通
202306	013000000	37	差引収益	1955334.0	2042599.0	2287288.0	4.3	111.9	116.9	㈱アグリコ		
202306	013000000	38	差引比率	4.2	4.0	4.3		107.5	102.3	㈱アグリコ		
202306	013000000	39	総時間	580.0	580.0	524.25		90.3	90.3	㈱アグリコ		
202306	013000000	40	定時間	560.0	560.0	512.0		91.4	91.4	㈱アグリコ	時間	
202306	013000000	41	残業時間	20.0	20.0	12.25		61.2	61.2	㈱アグリコ	時間	
202306	013000000	42	移動時間	0.0	0.0	0.0		0.0	0.0	㈱アグリコ	時間	
202306	013000000	43	部門共通（時間）	0.0	0.0	0.0		0.0	0.0	㈱アグリコ	時間	
202306	013000000	44	当月時間当り	3371.2	3521.7	4362.9		123.8	129.4	㈱アグリコ		
202306	013000000	45	人員	3.0	3.0	3.0		100.0	100.0	㈱アグリコ		
202307	013000000	1	総受注高	24525000.0	20325000.0	20995795.0		103.3	85.6	㈱アグリコ	受注	
202307	013000000	2	総売上高	24525000.0	20325000.0	20995795.0		103.3	85.6	㈱アグリコ		
202307	013000000	3	売上高	25174700.0	20325000.0	21920630.0		107.8	87.0	㈱アグリコ	売上	
202307	013000000	4	売上値引	-649700.0	0.0	-924835.0		0.0	0.0	㈱アグリコ	売上	
202307	013000000	5	売上原価	22722000.0	18726000.0	18742816.0		100.0	82.4	㈱アグリコ		
202307	013000000	6	総収益	1803000.0	1599000.0	2252979.0	10.7	140.8	124.9	㈱アグリコ		
202307	013000000	7	経費合計	2073080.0	2030492.0	1746297.0	8.3	86.0	84.2	㈱アグリコ		
202307	013000000	8	減価償却費	0.0	0.0	0.0	0.0	0.0	0.0	㈱アグリコ	経費	減価償却費
202307	013000000	9	車輛費	240000.0	240000.0	200521.0	0.9	83.5	83.5	㈱アグリコ	経費	車輛費
202307	013000000	10	旅費交通費	50000.0	50000.0	47864.0	0.2	95.7	95.7	㈱アグリコ	経費	旅費交通費
202307	013000000	11	運賃	493000.0	493000.0	209280.0	0.9	42.4	42.4	㈱アグリコ	経費	運賃
202307	013000000	12	通信費	33735.0	23595.0	15920.0	0.0	67.4	47.1	㈱アグリコ	経費	通信費
202307	013000000	13	水道光熱費	0.0	0.0	0.0	0.0	0.0	0.0	㈱アグリコ	経費	水道光熱費
202307	013000000	14	事務用品費	1000.0	1000.0	13262.0	0.0			㈱アグリコ	経費	事務用品費
202307	013000000	15	備品消耗品費	0.0	7740.0	0.0	0.0	0.0	0.0	㈱アグリコ	経費	備品消耗品費
202307	013000000	16	広告宣伝費	0.0	-27273.0	0.0	0.0	0.0	0.0	㈱アグリコ	経費	広告宣伝費
202307	013000000	17	交際費	10000.0	10000.0	0.0	0.0	0.0	0.0	㈱アグリコ	経費	交際費
202307	013000000	18	賃借料	46295.0	50000.0	50000.0	0.2	100.0	108.0	㈱アグリコ	経費	賃借料
202307	013000000	19	修繕費	0.0	0.0	0.0	0.0	0.0	0.0	㈱アグリコ	経費	修繕費
202307	013000000	20	リース料	8600.0	15700.0	15700.0	0.0	100.0	182.5	㈱アグリコ	経費	リース料
202307	013000000	21	保険料	33320.0	26110.0	43760.0	0.2	167.5	131.3	㈱アグリコ	経費	保険料
202307	013000000	22	支払手数料	1046850.0	24200.0	34250.0	0.1	141.5	3.2	㈱アグリコ	経費	支払手数料
202307	013000000	23	諸会費	0.0	0.0	0.0	0.0	0.0	0.0	㈱アグリコ	経費	諸会費
202307	013000000	24	会議費	0.0	0.0	0.0	0.0	0.0	0.0	㈱アグリコ	経費	会議費
202307	013000000	25	寄附金	0.0	55280.0	0.0	0.0	0.0	0.0	㈱アグリコ	経費	寄附金
202307	013000000	26	租税公課	55280.0	0.0	20600.0	0.0	0.0	37.2	㈱アグリコ	経費	租税公課
202307	013000000	27	貸倒金	0.0	0.0	0.0	0.0	0.0	0.0	㈱アグリコ	経費	貸倒金
202307	013000000	28	情報機器利用料	21000.0	31140.0	31140.0	0.1	100.0	148.2	㈱アグリコ	経費	情報機器利用料
202307	013000000	29	雑費	0.0	0.0	0.0	0.0	0.0	0.0	㈱アグリコ	経費	雑費
202307	013000000	30	新聞図書費	0.0	0.0	0.0	0.0	0.0	0.0	㈱アグリコ	経費	新聞図書費
202307	013000000	32	雑給	0.0	0.0	0.0	0.0	0.0	0.0	㈱アグリコ	経費	雑給
202307	013000000	33	社内金利（固定資産）	0.0	0.0	0.0	0.0	0.0	0.0	㈱アグリコ	経費	社内金利（固定資産）
202307	013000000	34	社内金利（売掛金）	0.0	0.0	0.0	0.0	0.0	0.0	㈱アグリコ	経費	社内金利（売掛金）
202307	013000000	35	部門共通（経費）	0.0	0.0	0.0	0.0	0.0	0.0	㈱アグリコ	経費	部門共通（経費）
202307	013000000	36	グループ共通	34000.0	1030000.0	1064000.0	5.0	103.3		㈱アグリコ	経費	グループ共通
202307	013000000	37	差引収益	-270080.0	-431492.0	506682.0	2.4	0.0	0.0	㈱アグリコ		
202307	013000000	38	差引比率	-1.1	-2.1	2.4		0.0	0.0	㈱アグリコ		
202307	013000000	39	総時間	533.0	533.0	512.5		96.1	96.1	㈱アグリコ		
202307	013000000	40	定時間	520.0	520.0	496.0		95.3	95.3	㈱アグリコ	時間	
202307	013000000	41	残業時間	13.0	13.0	16.5		126.9	126.9	㈱アグリコ	時間	
202307	013000000	42	移動時間	0.0	0.0	0.0		0.0	0.0	㈱アグリコ	時間	
202307	013000000	43	部門共通（時間）	0.0	0.0	0.0		0.0	0.0	㈱アグリコ	時間	
202307	013000000	44	当月時間当り	-506.7	-809.5	988.6		0.0	0.0	㈱アグリコ		
202307	013000000	45	人員	3.0	3.0	3.0		100.0	100.0	㈱アグリコ		
202308	013000000	1	総受注高	26920000.0	27484000.0	25033172.0		91.0	92.9	㈱アグリコ	受注	
202308	013000000	2	総売上高	26920000.0	27484000.0	25033172.0		91.0	92.9	㈱アグリコ		
202308	013000000	3	売上高	28188000.0	28955000.0	26133303.0		90.2	92.7	㈱アグリコ	売上	
202308	013000000	4	売上値引	-1268000.0	-1471000.0	-1100131.0		0.0	0.0	㈱アグリコ	売上	
202308	013000000	5	売上原価	25458000.0	25722000.0	22828680.0		88.7	89.6	㈱アグリコ		
202308	013000000	6	総収益	1462000.0	1762000.0	2204492.0	8.8	125.1	150.7	㈱アグリコ		
202308	013000000	7	経費合計	1987807.0	1696299.0	1771726.0	7.0	104.4	89.1	㈱アグリコ		
202308	013000000	8	減価償却費	0.0	0.0	0.0	0.0	0.0	0.0	㈱アグリコ	経費	減価償却費
202308	013000000	9	車輛費	146000.0	90000.0	166021.0	0.6	184.4	113.7	㈱アグリコ	経費	車輛費
202308	013000000	10	旅費交通費	50000.0	40000.0	10864.0	0.0	27.1	21.7	㈱アグリコ	経費	旅費交通費
202308	013000000	11	運賃	312000.0	312000.0	279410.0	1.1	89.5	89.5	㈱アグリコ	経費	運賃
202308	013000000	12	通信費	31908.0	21768.0	8135.0	0.0	37.3	25.4	㈱アグリコ	経費	通信費
202308	013000000	13	水道光熱費	0.0	0.0	0.0	0.0	0.0	0.0	㈱アグリコ	経費	水道光熱費
202308	013000000	14	事務用品費	187991.0	12491.0	24359.0	0.0	195.0	12.9	㈱アグリコ	経費	事務用品費
202308	013000000	15	備品消耗品費	0.0	0.0	797.0	0.0	0.0	0.0	㈱アグリコ	経費	備品消耗品費
202308	013000000	16	広告宣伝費	27273.0	0.0	27273.0	0.1	0.0	100.0	㈱アグリコ	経費	広告宣伝費
202308	013000000	17	交際費	0.0	0.0	2500.0	0.0	0.0	0.0	㈱アグリコ	経費	交際費
202308	013000000	18	賃借料	46295.0	50000.0	50000.0	0.1	100.0	108.0	㈱アグリコ	経費	賃借料
202308	013000000	19	修繕費	0.0	0.0	0.0	0.0	0.0	0.0	㈱アグリコ	経費	修繕費
202308	013000000	20	リース料	8600.0	15700.0	15700.0	0.0	100.0	182.5	㈱アグリコ	経費	リース料
202308	013000000	21	保険料	53050.0	26110.0	38960.0	0.1	149.2	73.4	㈱アグリコ	経費	保険料
202308	013000000	22	支払手数料	1061590.0	31590.0	40399.0	0.1	127.8	3.8	㈱アグリコ	経費	支払手数料
202308	013000000	23	諸会費	0.0	0.0	0.0	0.0	0.0	0.0	㈱アグリコ	経費	諸会費
202308	013000000	24	会議費	0.0	0.0	0.0	0.0	0.0	0.0	㈱アグリコ	経費	会議費
202308	013000000	25	寄附金	0.0	1500.0	0.0	0.0	0.0	0.0	㈱アグリコ	経費	寄附金
202308	013000000	26	租税公課	8100.0	0.0	10350.0	0.0	0.0	127.7	㈱アグリコ	経費	租税公課
202308	013000000	27	貸倒金	0.0	0.0	0.0	0.0	0.0	0.0	㈱アグリコ	経費	貸倒金
202308	013000000	28	情報機器利用料	21000.0	31140.0	31140.0	0.1	100.0	148.2	㈱アグリコ	経費	情報機器利用料
202308	013000000	29	雑費	0.0	0.0	1818.0	0.0	0.0	0.0	㈱アグリコ	経費	雑費
202308	013000000	30	新聞図書費	0.0	0.0	0.0	0.0	0.0	0.0	㈱アグリコ	経費	新聞図書費
202308	013000000	32	雑給	0.0	0.0	0.0	0.0	0.0	0.0	㈱アグリコ	経費	雑給
202308	013000000	33	社内金利（固定資産）	0.0	0.0	0.0	0.0	0.0	0.0	㈱アグリコ	経費	社内金利（固定資産）
202308	013000000	34	社内金利（売掛金）	0.0	0.0	0.0	0.0	0.0	0.0	㈱アグリコ	経費	社内金利（売掛金）
202308	013000000	35	部門共通（経費）	0.0	0.0	0.0	0.0	0.0	0.0	㈱アグリコ	経費	部門共通（経費）
202308	013000000	36	グループ共通	34000.0	1064000.0	1064000.0	4.2	100.0		㈱アグリコ	経費	グループ共通
202308	013000000	37	差引収益	-525807.0	65701.0	432766.0	1.7	658.6	0.0	㈱アグリコ		
202308	013000000	38	差引比率	-1.9	0.2	1.7		850.0	0.0	㈱アグリコ		
202308	013000000	39	総時間	517.0	517.0	482.0		93.2	93.2	㈱アグリコ		
202308	013000000	40	定時間	504.0	504.0	475.0		94.2	94.2	㈱アグリコ	時間	
202308	013000000	41	残業時間	13.0	13.0	7.0		53.8	53.8	㈱アグリコ	時間	
202308	013000000	42	移動時間	0.0	0.0	0.0		0.0	0.0	㈱アグリコ	時間	
202308	013000000	43	部門共通（時間）	0.0	0.0	0.0		0.0	0.0	㈱アグリコ	時間	
202308	013000000	44	当月時間当り	-1017.0	127.0	897.8		706.9	0.0	㈱アグリコ		
202308	013000000	45	人員	3.0	3.0	3.0		100.0	100.0	㈱アグリコ		
202309	013000000	1	総受注高	27100000.0	29800000.0	22555330.0		75.6	83.2	㈱アグリコ	受注	
202309	013000000	2	総売上高	27100000.0	29800000.0	22555330.0		75.6	83.2	㈱アグリコ		
202309	013000000	3	売上高	27715000.0	30415000.0	22791135.0		74.9	82.2	㈱アグリコ	売上	
202309	013000000	4	売上値引	-615000.0	-615000.0	-235805.0		0.0	0.0	㈱アグリコ	売上	
202309	013000000	5	売上原価	24598000.0	26468000.0	19742375.0		74.5	80.2	㈱アグリコ		
202309	013000000	6	総収益	2502000.0	3332000.0	2812955.0	12.4	84.4	112.4	㈱アグリコ		
202309	013000000	7	経費合計	1627983.0	1702311.0	1714534.0	7.6	100.7	105.3	㈱アグリコ		
202309	013000000	8	減価償却費	0.0	0.0	0.0	0.0	0.0	0.0	㈱アグリコ	経費	減価償却費
202309	013000000	9	車輛費	70000.0	70000.0	48431.0	0.2	69.1	69.1	㈱アグリコ	経費	車輛費
202309	013000000	10	旅費交通費	30000.0	80000.0	91481.0	0.4	114.3	304.9	㈱アグリコ	経費	旅費交通費
202309	013000000	11	運賃	289000.0	289000.0	249960.0	1.1	86.4	86.4	㈱アグリコ	経費	運賃
202309	013000000	12	通信費	24001.0	22261.0	15103.0	0.0	67.8	62.9	㈱アグリコ	経費	通信費
202309	013000000	13	水道光熱費	0.0	0.0	0.0	0.0	0.0	0.0	㈱アグリコ	経費	水道光熱費
202309	013000000	14	事務用品費	8050.0	850.0	81818.0	0.3			㈱アグリコ	経費	事務用品費
202309	013000000	15	備品消耗品費	7740.0	0.0	20759.0	0.0	0.0	268.2	㈱アグリコ	経費	備品消耗品費
202309	013000000	16	広告宣伝費	-27273.0	0.0	0.0	0.0	0.0	0.0	㈱アグリコ	経費	広告宣伝費
202309	013000000	17	交際費	0.0	0.0	0.0	0.0	0.0	0.0	㈱アグリコ	経費	交際費
202309	013000000	18	賃借料	46295.0	50000.0	50000.0	0.2	100.0	108.0	㈱アグリコ	経費	賃借料
202309	013000000	19	修繕費	0.0	0.0	0.0	0.0	0.0	0.0	㈱アグリコ	経費	修繕費
202309	013000000	20	リース料	8600.0	15700.0	15700.0	0.0	100.0	182.5	㈱アグリコ	経費	リース料
202309	013000000	21	保険料	33320.0	26110.0	26110.0	0.1	100.0	78.3	㈱アグリコ	経費	保険料
202309	013000000	22	支払手数料	1053250.0	23250.0	19032.0	0.0	81.8	1.8	㈱アグリコ	経費	支払手数料
202309	013000000	23	諸会費	0.0	0.0	0.0	0.0	0.0	0.0	㈱アグリコ	経費	諸会費
202309	013000000	24	会議費	0.0	0.0	0.0	0.0	0.0	0.0	㈱アグリコ	経費	会議費
202309	013000000	25	寄附金	0.0	0.0	0.0	0.0	0.0	0.0	㈱アグリコ	経費	寄附金
202309	013000000	26	租税公課	0.0	0.0	1000.0	0.0	0.0	0.0	㈱アグリコ	経費	租税公課
202309	013000000	27	貸倒金	0.0	0.0	0.0	0.0	0.0	0.0	㈱アグリコ	経費	貸倒金
202309	013000000	28	情報機器利用料	21000.0	31140.0	31140.0	0.1	100.0	148.2	㈱アグリコ	経費	情報機器利用料
202309	013000000	29	雑費	30000.0	30000.0	0.0	0.0	0.0	0.0	㈱アグリコ	経費	雑費
202309	013000000	30	新聞図書費	0.0	0.0	0.0	0.0	0.0	0.0	㈱アグリコ	経費	新聞図書費
202309	013000000	32	雑給	0.0	0.0	0.0	0.0	0.0	0.0	㈱アグリコ	経費	雑給
202309	013000000	33	社内金利（固定資産）	0.0	0.0	0.0	0.0	0.0	0.0	㈱アグリコ	経費	社内金利（固定資産）
202309	013000000	34	社内金利（売掛金）	0.0	0.0	0.0	0.0	0.0	0.0	㈱アグリコ	経費	社内金利（売掛金）
202309	013000000	35	部門共通（経費）	0.0	0.0	0.0	0.0	0.0	0.0	㈱アグリコ	経費	部門共通（経費）
202309	013000000	36	グループ共通	34000.0	1064000.0	1064000.0	4.7	100.0		㈱アグリコ	経費	グループ共通
202309	013000000	37	差引収益	874017.0	1629689.0	1098421.0	4.8	67.4	125.6	㈱アグリコ		
202309	013000000	38	差引比率	3.2	5.4	4.8		88.8	150.0	㈱アグリコ		
202309	013000000	39	総時間	524.0	524.0	522.5		99.7	99.7	㈱アグリコ		
202309	013000000	40	定時間	512.0	512.0	508.0		99.2	99.2	㈱アグリコ	時間	
202309	013000000	41	残業時間	12.0	12.0	14.5		120.8	120.8	㈱アグリコ	時間	
202309	013000000	42	移動時間	0.0	0.0	0.0		0.0	0.0	㈱アグリコ	時間	
202309	013000000	43	部門共通（時間）	0.0	0.0	0.0		0.0	0.0	㈱アグリコ	時間	
202309	013000000	44	当月時間当り	1667.9	3110.0	2102.2		67.5	126.0	㈱アグリコ		
202309	013000000	45	人員	3.0	3.0	3.0		100.0	100.0	㈱アグリコ		
202310	013000000	1	総受注高	20700000.0	23100000.0	20998419.0		90.9	101.4	㈱アグリコ	受注	
202310	013000000	2	総売上高	20700000.0	23100000.0	20998419.0		90.9	101.4	㈱アグリコ		
202310	013000000	3	売上高	20887000.0	23287000.0	21571805.0		92.6	103.2	㈱アグリコ	売上	
202310	013000000	4	売上値引	-187000.0	-187000.0	-573386.0		0.0	0.0	㈱アグリコ	売上	
202310	013000000	5	売上原価	17544000.0	19624000.0	18351543.0		93.5	104.6	㈱アグリコ		
202310	013000000	6	総収益	3156000.0	3476000.0	2646876.0	12.6	76.1	83.8	㈱アグリコ		
202310	013000000	7	経費合計	1759193.0	1729093.0	1668673.0	7.9	96.5	94.8	㈱アグリコ		
202310	013000000	8	減価償却費	0.0	0.0	0.0	0.0	0.0	0.0	㈱アグリコ	経費	減価償却費
202310	013000000	9	車輛費	127685.0	80000.0	83434.0	0.3	104.2	65.3	㈱アグリコ	経費	車輛費
202310	013000000	10	旅費交通費	30000.0	128000.0	102391.0	0.4	79.9	341.3	㈱アグリコ	経費	旅費交通費
202310	013000000	11	運賃	282000.0	282000.0	193335.0	0.9	68.5	68.5	㈱アグリコ	経費	運賃
202310	013000000	12	通信費	32083.0	21943.0	9430.0	0.0	42.9	29.3	㈱アグリコ	経費	通信費
202310	013000000	13	水道光熱費	0.0	0.0	0.0	0.0	0.0	0.0	㈱アグリコ	経費	水道光熱費
202310	013000000	14	事務用品費	3900.0	3900.0	11696.0	0.0	299.8	299.8	㈱アグリコ	経費	事務用品費
202310	013000000	15	備品消耗品費	0.0	0.0	6540.0	0.0	0.0	0.0	㈱アグリコ	経費	備品消耗品費
202310	013000000	16	広告宣伝費	630.0	0.0	40000.0	0.1	0.0		㈱アグリコ	経費	広告宣伝費
202310	013000000	17	交際費	0.0	0.0	0.0	0.0	0.0	0.0	㈱アグリコ	経費	交際費
202310	013000000	18	賃借料	46295.0	50000.0	50000.0	0.2	100.0	108.0	㈱アグリコ	経費	賃借料
202310	013000000	19	修繕費	0.0	0.0	0.0	0.0	0.0	0.0	㈱アグリコ	経費	修繕費
202310	013000000	20	リース料	8600.0	15700.0	15700.0	0.0	100.0	182.5	㈱アグリコ	経費	リース料
202310	013000000	21	保険料	47600.0	26110.0	26110.0	0.1	100.0	54.8	㈱アグリコ	経費	保険料
202310	013000000	22	支払手数料	1054300.0	24300.0	30797.0	0.1	126.7	2.9	㈱アグリコ	経費	支払手数料
202310	013000000	23	諸会費	2000.0	2000.0	3100.0	0.0	155.0	155.0	㈱アグリコ	経費	諸会費
202310	013000000	24	会議費	0.0	0.0	0.0	0.0	0.0	0.0	㈱アグリコ	経費	会議費
202310	013000000	25	寄附金	0.0	0.0	0.0	0.0	0.0	0.0	㈱アグリコ	経費	寄附金
202310	013000000	26	租税公課	69100.0	0.0	1000.0	0.0	0.0	1.4	㈱アグリコ	経費	租税公課
202310	013000000	27	貸倒金	0.0	0.0	0.0	0.0	0.0	0.0	㈱アグリコ	経費	貸倒金
202310	013000000	28	情報機器利用料	21000.0	31140.0	31140.0	0.1	100.0	148.2	㈱アグリコ	経費	情報機器利用料
202310	013000000	29	雑費	0.0	0.0	0.0	0.0	0.0	0.0	㈱アグリコ	経費	雑費
202310	013000000	30	新聞図書費	0.0	0.0	0.0	0.0	0.0	0.0	㈱アグリコ	経費	新聞図書費
202310	013000000	32	雑給	0.0	0.0	0.0	0.0	0.0	0.0	㈱アグリコ	経費	雑給
202310	013000000	33	社内金利（固定資産）	0.0	0.0	0.0	0.0	0.0	0.0	㈱アグリコ	経費	社内金利（固定資産）
202310	013000000	34	社内金利（売掛金）	0.0	0.0	0.0	0.0	0.0	0.0	㈱アグリコ	経費	社内金利（売掛金）
202310	013000000	35	部門共通（経費）	0.0	0.0	0.0	0.0	0.0	0.0	㈱アグリコ	経費	部門共通（経費）
202310	013000000	36	グループ共通	34000.0	1064000.0	1064000.0	5.0	100.0		㈱アグリコ	経費	グループ共通
202310	013000000	37	差引収益	1396807.0	1746907.0	978203.0	4.6	55.9	70.0	㈱アグリコ		
202310	013000000	38	差引比率	6.7	7.5	4.6		61.3	68.6	㈱アグリコ		
202310	013000000	39	総時間	535.0	535.0	446.0		83.3	83.3	㈱アグリコ		
202310	013000000	40	定時間	520.0	520.0	439.25		84.4	84.4	㈱アグリコ	時間	
202310	013000000	41	残業時間	15.0	15.0	6.75		45.0	45.0	㈱アグリコ	時間	
202310	013000000	42	移動時間	0.0	0.0	0.0		0.0	0.0	㈱アグリコ	時間	
202310	013000000	43	部門共通（時間）	0.0	0.0	0.0		0.0	0.0	㈱アグリコ	時間	
202310	013000000	44	当月時間当り	2610.8	3265.2	2193.2		67.1	84.0	㈱アグリコ		
202310	013000000	45	人員	3.0	3.0	3.0		100.0	100.0	㈱アグリコ		
202311	013000000	1	総受注高	17045000.0	15165000.0	12339297.0		81.3	72.3	㈱アグリコ	受注	
202311	013000000	2	総売上高	17045000.0	15165000.0	12339297.0		81.3	72.3	㈱アグリコ		
202311	013000000	3	売上高	17646800.0	15766800.0	12770804.0		80.9	72.3	㈱アグリコ	売上	
202311	013000000	4	売上値引	-601800.0	-601800.0	-431507.0		0.0	0.0	㈱アグリコ	売上	
202311	013000000	5	売上原価	15334000.0	13434000.0	10690054.0		79.5	69.7	㈱アグリコ		
202311	013000000	6	総収益	1711000.0	1731000.0	1649243.0	13.3	95.2	96.3	㈱アグリコ		
202311	013000000	7	経費合計	1582522.0	1678537.0	1503190.0	12.1	89.5	94.9	㈱アグリコ		
202311	013000000	8	減価償却費	0.0	0.0	0.0	0.0	0.0	0.0	㈱アグリコ	経費	減価償却費
202311	013000000	9	車輛費	63080.0	80000.0	73106.0	0.5	91.3	115.8	㈱アグリコ	経費	車輛費
202311	013000000	10	旅費交通費	30000.0	142000.0	70227.0	0.5	49.4	234.0	㈱アグリコ	経費	旅費交通費
202311	013000000	11	運賃	230000.0	230000.0	1450.0	0.0	0.6	0.6	㈱アグリコ	経費	運賃
202311	013000000	12	通信費	41477.0	31337.0	12147.0	0.0	38.7	29.2	㈱アグリコ	経費	通信費
202311	013000000	13	水道光熱費	0.0	0.0	0.0	0.0	0.0	0.0	㈱アグリコ	経費	水道光熱費
202311	013000000	14	事務用品費	2350.0	1850.0	71062.0	0.5			㈱アグリコ	経費	事務用品費
202311	013000000	15	備品消耗品費	0.0	0.0	11933.0	0.0	0.0	0.0	㈱アグリコ	経費	備品消耗品費
202311	013000000	16	広告宣伝費	36000.0	0.0	23775.0	0.1	0.0	66.0	㈱アグリコ	経費	広告宣伝費
202311	013000000	17	交際費	0.0	0.0	0.0	0.0	0.0	0.0	㈱アグリコ	経費	交際費
202311	013000000	18	賃借料	46295.0	50000.0	50000.0	0.4	100.0	108.0	㈱アグリコ	経費	賃借料
202311	013000000	19	修繕費	0.0	0.0	0.0	0.0	0.0	0.0	㈱アグリコ	経費	修繕費
202311	013000000	20	リース料	8600.0	15700.0	15700.0	0.1	100.0	182.5	㈱アグリコ	経費	リース料
202311	013000000	21	保険料	33320.0	26110.0	26110.0	0.2	100.0	78.3	㈱アグリコ	経費	保険料
202311	013000000	22	支払手数料	1036400.0	6400.0	36040.0	0.2	563.1	3.4	㈱アグリコ	経費	支払手数料
202311	013000000	23	諸会費	0.0	0.0	0.0	0.0	0.0	0.0	㈱アグリコ	経費	諸会費
202311	013000000	24	会議費	0.0	0.0	0.0	0.0	0.0	0.0	㈱アグリコ	経費	会議費
202311	013000000	25	寄附金	0.0	0.0	0.0	0.0	0.0	0.0	㈱アグリコ	経費	寄附金
202311	013000000	26	租税公課	0.0	0.0	0.0	0.0	0.0	0.0	㈱アグリコ	経費	租税公課
202311	013000000	27	貸倒金	0.0	0.0	0.0	0.0	0.0	0.0	㈱アグリコ	経費	貸倒金
202311	013000000	28	情報機器利用料	21000.0	31140.0	31140.0	0.2	100.0	148.2	㈱アグリコ	経費	情報機器利用料
202311	013000000	29	雑費	0.0	0.0	0.0	0.0	0.0	0.0	㈱アグリコ	経費	雑費
202311	013000000	30	新聞図書費	0.0	0.0	0.0	0.0	0.0	0.0	㈱アグリコ	経費	新聞図書費
202311	013000000	32	雑給	0.0	0.0	16500.0	0.1	0.0	0.0	㈱アグリコ	経費	雑給
202311	013000000	33	社内金利（固定資産）	0.0	0.0	0.0	0.0	0.0	0.0	㈱アグリコ	経費	社内金利（固定資産）
202311	013000000	34	社内金利（売掛金）	0.0	0.0	0.0	0.0	0.0	0.0	㈱アグリコ	経費	社内金利（売掛金）
202311	013000000	35	部門共通（経費）	0.0	0.0	0.0	0.0	0.0	0.0	㈱アグリコ	経費	部門共通（経費）
202311	013000000	36	グループ共通	34000.0	1064000.0	1064000.0	8.6	100.0		㈱アグリコ	経費	グループ共通
202311	013000000	37	差引収益	128478.0	52463.0	146053.0	1.1	278.3	113.6	㈱アグリコ		
202311	013000000	38	差引比率	0.7	0.3	1.1		366.6	157.1	㈱アグリコ		
202311	013000000	39	総時間	495.0	495.0	490.25		99.0	99.0	㈱アグリコ		
202311	013000000	40	定時間	480.0	480.0	468.0		97.5	97.5	㈱アグリコ	時間	
202311	013000000	41	残業時間	15.0	15.0	22.25		148.3	148.3	㈱アグリコ	時間	
202311	013000000	42	移動時間	0.0	0.0	0.0		0.0	0.0	㈱アグリコ	時間	
202311	013000000	43	部門共通（時間）	0.0	0.0	0.0		0.0	0.0	㈱アグリコ	時間	
202311	013000000	44	当月時間当り	259.5	105.9	297.9		281.3	114.7	㈱アグリコ		
202311	013000000	45	人員	3.0	3.0	3.0		100.0	100.0	㈱アグリコ		
202312	013000000	1	総受注高	8580000.0	9380000.0	8224243.0		87.6	95.8	㈱アグリコ	受注	
202312	013000000	2	総売上高	8580000.0	9380000.0	8224243.0		87.6	95.8	㈱アグリコ		
202312	013000000	3	売上高	10094000.0	10894000.0	9700092.0		89.0	96.0	㈱アグリコ	売上	
202312	013000000	4	売上値引	-1514000.0	-1514000.0	-1475849.0		0.0	0.0	㈱アグリコ	売上	
202312	013000000	5	売上原価	8994000.0	9474000.0	8074552.0		85.2	89.7	㈱アグリコ		
202312	013000000	6	総収益	-414000.0	-94000.0	149691.0	1.8	0.0	0.0	㈱アグリコ		
202312	013000000	7	経費合計	1638690.0	1682405.0	1784547.0	21.6	106.0	108.9	㈱アグリコ		
202312	013000000	8	減価償却費	0.0	0.0	0.0	0.0	0.0	0.0	㈱アグリコ	経費	減価償却費
202312	013000000	9	車輛費	80000.0	60000.0	103716.0	1.2	172.8	129.6	㈱アグリコ	経費	車輛費
202312	013000000	10	旅費交通費	30000.0	30000.0	72182.0	0.8	240.6	240.6	㈱アグリコ	経費	旅費交通費
202312	013000000	11	運賃	133000.0	133000.0	189770.0	2.3	142.6	142.6	㈱アグリコ	経費	運賃
202312	013000000	12	通信費	26908.0	16768.0	14722.0	0.1	87.7	54.7	㈱アグリコ	経費	通信費
202312	013000000	13	水道光熱費	0.0	0.0	0.0	0.0	0.0	0.0	㈱アグリコ	経費	水道光熱費
202312	013000000	14	事務用品費	1850.0	1850.0	7745.0	0.0	418.6	418.6	㈱アグリコ	経費	事務用品費
202312	013000000	15	備品消耗品費	0.0	0.0	0.0	0.0	0.0	0.0	㈱アグリコ	経費	備品消耗品費
202312	013000000	16	広告宣伝費	79430.0	79430.0	54545.0	0.6	68.6	68.6	㈱アグリコ	経費	広告宣伝費
202312	013000000	17	交際費	85752.0	85752.0	47852.0	0.5	55.8	55.8	㈱アグリコ	経費	交際費
202312	013000000	18	賃借料	46295.0	50000.0	50000.0	0.6	100.0	108.0	㈱アグリコ	経費	賃借料
202312	013000000	19	修繕費	0.0	0.0	0.0	0.0	0.0	0.0	㈱アグリコ	経費	修繕費
202312	013000000	20	リース料	8600.0	78700.0	78700.0	0.9	100.0	915.1	㈱アグリコ	経費	リース料
202312	013000000	21	保険料	26110.0	16020.0	16020.0	0.1	100.0	61.3	㈱アグリコ	経費	保険料
202312	013000000	22	支払手数料	1047345.0	17345.0	29305.0	0.3	168.9	2.7	㈱アグリコ	経費	支払手数料
202312	013000000	23	諸会費	0.0	0.0	0.0	0.0	0.0	0.0	㈱アグリコ	経費	諸会費
202312	013000000	24	会議費	0.0	0.0	0.0	0.0	0.0	0.0	㈱アグリコ	経費	会議費
202312	013000000	25	寄附金	0.0	18400.0	0.0	0.0	0.0	0.0	㈱アグリコ	経費	寄附金
202312	013000000	26	租税公課	18400.0	0.0	10000.0	0.1	0.0	54.3	㈱アグリコ	経費	租税公課
202312	013000000	27	貸倒金	0.0	0.0	0.0	0.0	0.0	0.0	㈱アグリコ	経費	貸倒金
202312	013000000	28	情報機器利用料	21000.0	31140.0	31140.0	0.3	100.0	148.2	㈱アグリコ	経費	情報機器利用料
202312	013000000	29	雑費	0.0	0.0	0.0	0.0	0.0	0.0	㈱アグリコ	経費	雑費
202312	013000000	30	新聞図書費	0.0	0.0	0.0	0.0	0.0	0.0	㈱アグリコ	経費	新聞図書費
202312	013000000	32	雑給	0.0	0.0	14850.0	0.1	0.0	0.0	㈱アグリコ	経費	雑給
202312	013000000	33	社内金利（固定資産）	0.0	0.0	0.0	0.0	0.0	0.0	㈱アグリコ	経費	社内金利（固定資産）
202312	013000000	34	社内金利（売掛金）	0.0	0.0	0.0	0.0	0.0	0.0	㈱アグリコ	経費	社内金利（売掛金）
202312	013000000	35	部門共通（経費）	0.0	0.0	0.0	0.0	0.0	0.0	㈱アグリコ	経費	部門共通（経費）
202312	013000000	36	グループ共通	34000.0	1064000.0	1064000.0	12.9	100.0		㈱アグリコ	経費	グループ共通
202312	013000000	37	差引収益	-2052690.0	-1776405.0	-1634856.0	0.0	0.0	0.0	㈱アグリコ		
202312	013000000	38	差引比率	-23.9	-18.9	-19.8		0.0	0.0	㈱アグリコ		
202312	013000000	39	総時間	494.0	499.0	478.0		95.7	96.7	㈱アグリコ		
202312	013000000	40	定時間	480.0	480.0	462.0		96.2	96.2	㈱アグリコ	時間	
202312	013000000	41	残業時間	14.0	19.0	16.0		84.2	114.2	㈱アグリコ	時間	
202312	013000000	42	移動時間	0.0	0.0	0.0		0.0	0.0	㈱アグリコ	時間	
202312	013000000	43	部門共通（時間）	0.0	0.0	0.0		0.0	0.0	㈱アグリコ	時間	
202312	013000000	44	当月時間当り	-4155.2	-3559.9	-3420.2		0.0	0.0	㈱アグリコ		
202312	013000000	45	人員	3.0	3.0	3.0		100.0	100.0	㈱アグリコ		
202401	013000000	1	総受注高	23050000.0	25050000.0	22502482.0		89.8	97.6	㈱アグリコ	受注	
202401	013000000	2	総売上高	23050000.0	25050000.0	22502482.0		89.8	97.6	㈱アグリコ		
202401	013000000	3	売上高	23262300.0	25262300.0	22699930.0		89.8	97.5	㈱アグリコ	売上	
202401	013000000	4	売上値引	-212300.0	-212300.0	-197448.0		0.0	0.0	㈱アグリコ	売上	
202401	013000000	5	売上原価	20838000.0	23225000.0	20741718.0		89.3	99.5	㈱アグリコ		
202401	013000000	6	総収益	2212000.0	1825000.0	1760764.0	7.8	96.4	79.6	㈱アグリコ		
202401	013000000	7	経費合計	1742816.0	1896641.0	1656950.0	7.3	87.3	95.0	㈱アグリコ		
202401	013000000	8	減価償却費	0.0	0.0	0.0	0.0	0.0	0.0	㈱アグリコ	経費	減価償却費
202401	013000000	9	車輛費	110000.0	110000.0	94568.0	0.4	85.9	85.9	㈱アグリコ	経費	車輛費
202401	013000000	10	旅費交通費	90000.0	90000.0	33418.0	0.1	37.1	37.1	㈱アグリコ	経費	旅費交通費
202401	013000000	11	運賃	237000.0	466000.0	271965.0	1.2	58.3	114.7	㈱アグリコ	経費	運賃
202401	013000000	12	通信費	31944.0	21804.0	11949.0	0.0	54.8	37.4	㈱アグリコ	経費	通信費
202401	013000000	13	水道光熱費	0.0	0.0	0.0	0.0	0.0	0.0	㈱アグリコ	経費	水道光熱費
202401	013000000	14	事務用品費	1000.0	1000.0	4021.0	0.0	402.1	402.1	㈱アグリコ	経費	事務用品費
202401	013000000	15	備品消耗品費	2000.0	0.0	5752.0	0.0	0.0	287.6	㈱アグリコ	経費	備品消耗品費
202401	013000000	16	広告宣伝費	-27273.0	-27273.0	-27273.0	0.0	0.0	0.0	㈱アグリコ	経費	広告宣伝費
202401	013000000	17	交際費	0.0	0.0	0.0	0.0	0.0	0.0	㈱アグリコ	経費	交際費
202401	013000000	18	賃借料	46295.0	50000.0	50000.0	0.2	100.0	108.0	㈱アグリコ	経費	賃借料
202401	013000000	19	修繕費	0.0	0.0	0.0	0.0	0.0	0.0	㈱アグリコ	経費	修繕費
202401	013000000	20	リース料	8600.0	47200.0	47200.0	0.2	100.0	548.8	㈱アグリコ	経費	リース料
202401	013000000	21	保険料	131500.0	16020.0	19135.0	0.0	119.4	14.5	㈱アグリコ	経費	保険料
202401	013000000	22	支払手数料	1056750.0	26750.0	34225.0	0.1	127.9	3.2	㈱アグリコ	経費	支払手数料
202401	013000000	23	諸会費	0.0	0.0	0.0	0.0	0.0	0.0	㈱アグリコ	経費	諸会費
202401	013000000	24	会議費	0.0	0.0	0.0	0.0	0.0	0.0	㈱アグリコ	経費	会議費
202401	013000000	25	寄附金	0.0	0.0	0.0	0.0	0.0	0.0	㈱アグリコ	経費	寄附金
202401	013000000	26	租税公課	0.0	0.0	2000.0	0.0	0.0	0.0	㈱アグリコ	経費	租税公課
202401	013000000	27	貸倒金	0.0	0.0	0.0	0.0	0.0	0.0	㈱アグリコ	経費	貸倒金
202401	013000000	28	情報機器利用料	21000.0	31140.0	31140.0	0.1	100.0	148.2	㈱アグリコ	経費	情報機器利用料
202401	013000000	29	雑費	0.0	0.0	0.0	0.0	0.0	0.0	㈱アグリコ	経費	雑費
202401	013000000	30	新聞図書費	0.0	0.0	0.0	0.0	0.0	0.0	㈱アグリコ	経費	新聞図書費
202401	013000000	32	雑給	0.0	0.0	14850.0	0.0	0.0	0.0	㈱アグリコ	経費	雑給
202401	013000000	33	社内金利（固定資産）	0.0	0.0	0.0	0.0	0.0	0.0	㈱アグリコ	経費	社内金利（固定資産）
202401	013000000	34	社内金利（売掛金）	0.0	0.0	0.0	0.0	0.0	0.0	㈱アグリコ	経費	社内金利（売掛金）
202401	013000000	35	部門共通（経費）	0.0	0.0	0.0	0.0	0.0	0.0	㈱アグリコ	経費	部門共通（経費）
202401	013000000	36	グループ共通	34000.0	1064000.0	1064000.0	4.7	100.0		㈱アグリコ	経費	グループ共通
202401	013000000	37	差引収益	469184.0	-71641.0	103814.0	0.4	0.0	22.1	㈱アグリコ		
202401	013000000	38	差引比率	2.0	-0.2	0.4		0.0	20.0	㈱アグリコ		
202401	013000000	39	総時間	449.0	425.0	420.5		98.9	93.6	㈱アグリコ		
202401	013000000	40	定時間	432.0	408.0	405.5		99.3	93.8	㈱アグリコ	時間	
202401	013000000	41	残業時間	17.0	17.0	15.0		88.2	88.2	㈱アグリコ	時間	
202401	013000000	42	移動時間	0.0	0.0	0.0		0.0	0.0	㈱アグリコ	時間	
202401	013000000	43	部門共通（時間）	0.0	0.0	0.0		0.0	0.0	㈱アグリコ	時間	
202401	013000000	44	当月時間当り	1044.9	-168.5	246.8		0.0	23.6	㈱アグリコ		
202401	013000000	45	人員	3.0	3.0	3.0		100.0	100.0	㈱アグリコ		
202402	013000000	1	総受注高	33590000.0	35590000.0	42914313.0		120.5	127.7	㈱アグリコ	受注	
202402	013000000	2	総売上高	33590000.0	35590000.0	42914313.0		120.5	127.7	㈱アグリコ		
202402	013000000	3	売上高	34251900.0	36251900.0	44765337.0		123.4	130.6	㈱アグリコ	売上	
202402	013000000	4	売上値引	-661900.0	-661900.0	-1851024.0		0.0	0.0	㈱アグリコ	売上	
202402	013000000	5	売上原価	30861000.0	33476000.0	40382699.0		120.6	130.8	㈱アグリコ		
202402	013000000	6	総収益	2729000.0	2114000.0	2531614.0	5.8	119.7	92.7	㈱アグリコ		
202402	013000000	7	経費合計	1652663.0	1684878.0	1410172.0	3.2	83.6	85.3	㈱アグリコ		
202402	013000000	8	減価償却費	0.0	0.0	0.0	0.0	0.0	0.0	㈱アグリコ	経費	減価償却費
202402	013000000	9	車輛費	110000.0	110000.0	27724.0	0.0	25.2	25.2	㈱アグリコ	経費	車輛費
202402	013000000	10	旅費交通費	60000.0	60000.0	85455.0	0.1	142.4	142.4	㈱アグリコ	経費	旅費交通費
202402	013000000	11	運賃	237000.0	237000.0	0.0	0.0	0.0	0.0	㈱アグリコ	経費	運賃
202402	013000000	12	通信費	31908.0	21768.0	10989.0	0.0	50.4	34.4	㈱アグリコ	経費	通信費
202402	013000000	13	水道光熱費	0.0	0.0	0.0	0.0	0.0	0.0	㈱アグリコ	経費	水道光熱費
202402	013000000	14	事務用品費	1000.0	1000.0	13634.0	0.0			㈱アグリコ	経費	事務用品費
202402	013000000	15	備品消耗品費	0.0	0.0	7287.0	0.0	0.0	0.0	㈱アグリコ	経費	備品消耗品費
202402	013000000	16	広告宣伝費	0.0	0.0	0.0	0.0	0.0	0.0	㈱アグリコ	経費	広告宣伝費
202402	013000000	17	交際費	0.0	0.0	0.0	0.0	0.0	0.0	㈱アグリコ	経費	交際費
202402	013000000	18	賃借料	46295.0	50000.0	50000.0	0.1	100.0	108.0	㈱アグリコ	経費	賃借料
202402	013000000	19	修繕費	0.0	0.0	0.0	0.0	0.0	0.0	㈱アグリコ	経費	修繕費
202402	013000000	20	リース料	8600.0	47200.0	47200.0	0.1	100.0	548.8	㈱アグリコ	経費	リース料
202402	013000000	21	保険料	26110.0	16020.0	16020.0	0.0	100.0	61.3	㈱アグリコ	経費	保険料
202402	013000000	22	支払手数料	1056750.0	26750.0	30123.0	0.0	112.6	2.8	㈱アグリコ	経費	支払手数料
202402	013000000	23	諸会費	20000.0	20000.0	20000.0	0.0	100.0	100.0	㈱アグリコ	経費	諸会費
202402	013000000	24	会議費	0.0	0.0	0.0	0.0	0.0	0.0	㈱アグリコ	経費	会議費
202402	013000000	25	寄附金	0.0	0.0	0.0	0.0	0.0	0.0	㈱アグリコ	経費	寄附金
202402	013000000	26	租税公課	0.0	0.0	0.0	0.0	0.0	0.0	㈱アグリコ	経費	租税公課
202402	013000000	27	貸倒金	0.0	0.0	0.0	0.0	0.0	0.0	㈱アグリコ	経費	貸倒金
202402	013000000	28	情報機器利用料	21000.0	31140.0	31140.0	0.0	100.0	148.2	㈱アグリコ	経費	情報機器利用料
202402	013000000	29	雑費	0.0	0.0	0.0	0.0	0.0	0.0	㈱アグリコ	経費	雑費
202402	013000000	30	新聞図書費	0.0	0.0	0.0	0.0	0.0	0.0	㈱アグリコ	経費	新聞図書費
202402	013000000	32	雑給	0.0	0.0	6600.0	0.0	0.0	0.0	㈱アグリコ	経費	雑給
202402	013000000	33	社内金利（固定資産）	0.0	0.0	0.0	0.0	0.0	0.0	㈱アグリコ	経費	社内金利（固定資産）
202402	013000000	34	社内金利（売掛金）	0.0	0.0	0.0	0.0	0.0	0.0	㈱アグリコ	経費	社内金利（売掛金）
202402	013000000	35	部門共通（経費）	0.0	0.0	0.0	0.0	0.0	0.0	㈱アグリコ	経費	部門共通（経費）
202402	013000000	36	グループ共通	34000.0	1064000.0	1064000.0	2.4	100.0		㈱アグリコ	経費	グループ共通
202402	013000000	37	差引収益	1076337.0	429122.0	1121442.0	2.6	261.3	104.1	㈱アグリコ		
202402	013000000	38	差引比率	3.2	1.2	2.6		216.6	81.2	㈱アグリコ		
202402	013000000	39	総時間	473.0	473.0	487.5		103.0	103.0	㈱アグリコ		
202402	013000000	40	定時間	456.0	456.0	439.75		96.4	96.4	㈱アグリコ	時間	
202402	013000000	41	残業時間	17.0	17.0	47.75		280.8	280.8	㈱アグリコ	時間	
202402	013000000	42	移動時間	0.0	0.0	0.0		0.0	0.0	㈱アグリコ	時間	
202402	013000000	43	部門共通（時間）	0.0	0.0	0.0		0.0	0.0	㈱アグリコ	時間	
202402	013000000	44	当月時間当り	2275.5	907.2	2300.3		253.5	101.0	㈱アグリコ		
202402	013000000	45	人員	3.0	3.0	3.0		100.0	100.0	㈱アグリコ		
202403	013000000	1	総受注高	55170000.0	54370000.0	54577491.0		100.3	98.9	㈱アグリコ	受注	
202403	013000000	2	総売上高	55170000.0	54370000.0	54577491.0		100.3	98.9	㈱アグリコ		
202403	013000000	3	売上高	56303800.0	55503800.0	55103697.0		99.2	97.8	㈱アグリコ	売上	
202403	013000000	4	売上値引	-1133800.0	-1133800.0	-526206.0		0.0	0.0	㈱アグリコ	売上	
202403	013000000	5	売上原価	50716000.0	48910000.0	48048138.0		98.2	94.7	㈱アグリコ		
202403	013000000	6	総収益	4454000.0	5460000.0	6529353.0	11.9	119.5	146.5	㈱アグリコ		
202403	013000000	7	経費合計	2065663.0	1867878.0	1815171.0	3.3	97.1	87.8	㈱アグリコ		
202403	013000000	8	減価償却費	0.0	0.0	0.0	0.0	0.0	0.0	㈱アグリコ	経費	減価償却費
202403	013000000	9	車輛費	120000.0	120000.0	76655.0	0.1	63.8	63.8	㈱アグリコ	経費	車輛費
202403	013000000	10	旅費交通費	90000.0	90000.0	117411.0	0.2	130.4	130.4	㈱アグリコ	経費	旅費交通費
202403	013000000	11	運賃	400000.0	400000.0	348105.0	0.6	87.0	87.0	㈱アグリコ	経費	運賃
202403	013000000	12	通信費	31908.0	21768.0	11451.0	0.0	52.6	35.8	㈱アグリコ	経費	通信費
202403	013000000	13	水道光熱費	0.0	0.0	0.0	0.0	0.0	0.0	㈱アグリコ	経費	水道光熱費
202403	013000000	14	事務用品費	1000.0	1000.0	13876.0	0.0			㈱アグリコ	経費	事務用品費
202403	013000000	15	備品消耗品費	0.0	0.0	957.0	0.0	0.0	0.0	㈱アグリコ	経費	備品消耗品費
202403	013000000	16	広告宣伝費	0.0	0.0	0.0	0.0	0.0	0.0	㈱アグリコ	経費	広告宣伝費
202403	013000000	17	交際費	0.0	0.0	2300.0	0.0	0.0	0.0	㈱アグリコ	経費	交際費
202403	013000000	18	賃借料	46295.0	50000.0	50000.0	0.0	100.0	108.0	㈱アグリコ	経費	賃借料
202403	013000000	19	修繕費	0.0	0.0	0.0	0.0	0.0	0.0	㈱アグリコ	経費	修繕費
202403	013000000	20	リース料	8600.0	47200.0	47200.0	0.0	100.0	548.8	㈱アグリコ	経費	リース料
202403	013000000	21	保険料	26110.0	16020.0	26923.0	0.0	168.0	103.1	㈱アグリコ	経費	保険料
202403	013000000	22	支払手数料	1056750.0	26750.0	29153.0	0.0	108.9	2.7	㈱アグリコ	経費	支払手数料
202403	013000000	23	諸会費	0.0	0.0	0.0	0.0	0.0	0.0	㈱アグリコ	経費	諸会費
202403	013000000	24	会議費	0.0	0.0	0.0	0.0	0.0	0.0	㈱アグリコ	経費	会議費
202403	013000000	25	寄附金	0.0	0.0	0.0	0.0	0.0	0.0	㈱アグリコ	経費	寄附金
202403	013000000	26	租税公課	0.0	0.0	-4000.0	0.0	0.0	0.0	㈱アグリコ	経費	租税公課
202403	013000000	27	貸倒金	0.0	0.0	0.0	0.0	0.0	0.0	㈱アグリコ	経費	貸倒金
202403	013000000	28	情報機器利用料	21000.0	31140.0	31140.0	0.0	100.0	148.2	㈱アグリコ	経費	情報機器利用料
202403	013000000	29	雑費	230000.0	0.0	0.0	0.0	0.0	0.0	㈱アグリコ	経費	雑費
202403	013000000	30	新聞図書費	0.0	0.0	0.0	0.0	0.0	0.0	㈱アグリコ	経費	新聞図書費
202403	013000000	32	雑給	0.0	0.0	0.0	0.0	0.0	0.0	㈱アグリコ	経費	雑給
202403	013000000	33	社内金利（固定資産）	0.0	0.0	0.0	0.0	0.0	0.0	㈱アグリコ	経費	社内金利（固定資産）
202403	013000000	34	社内金利（売掛金）	0.0	0.0	0.0	0.0	0.0	0.0	㈱アグリコ	経費	社内金利（売掛金）
202403	013000000	35	部門共通（経費）	0.0	0.0	0.0	0.0	0.0	0.0	㈱アグリコ	経費	部門共通（経費）
202403	013000000	36	グループ共通	34000.0	1064000.0	1064000.0	1.9	100.0		㈱アグリコ	経費	グループ共通
202403	013000000	37	差引収益	2388337.0	3592122.0	4714182.0	8.6	131.2	197.3	㈱アグリコ		
202403	013000000	38	差引比率	4.3	6.6	8.6		130.3	200.0	㈱アグリコ		
202403	013000000	39	総時間	537.0	537.0	529.5		98.6	98.6	㈱アグリコ		
202403	013000000	40	定時間	520.0	520.0	496.0		95.3	95.3	㈱アグリコ	時間	
202403	013000000	41	残業時間	17.0	17.0	33.5		197.0	197.0	㈱アグリコ	時間	
202403	013000000	42	移動時間	0.0	0.0	0.0		0.0	0.0	㈱アグリコ	時間	
202403	013000000	43	部門共通（時間）	0.0	0.0	0.0		0.0	0.0	㈱アグリコ	時間	
202403	013000000	44	当月時間当り	4447.5	6689.2	8903.0		133.0	200.1	㈱アグリコ		
202403	013000000	45	人員	3.0	3.0	3.0		100.0	100.0	㈱アグリコ		
202404	013000000	1	総受注高	49750000.0	49750000.0	40215058.0		80.8	80.8	㈱アグリコ	受注	
202404	013000000	2	総売上高	49750000.0	49750000.0	40215058.0		80.8	80.8	㈱アグリコ		
202404	013000000	3	売上高	50260000.0	50260000.0	41736009.0		83.0	83.0	㈱アグリコ	売上	
202404	013000000	4	売上値引	-510000.0	-510000.0	-1520951.0		0.0	0.0	㈱アグリコ	売上	
202404	013000000	5	売上原価	44790000.0	44790000.0	36046290.0		80.4	80.4	㈱アグリコ		
202404	013000000	6	総収益	4960000.0	4960000.0	4168768.0	10.3	84.0	84.0	㈱アグリコ		
202404	013000000	7	経費合計	2014730.0	2014730.0	1824189.0	4.5	90.5	90.5	㈱アグリコ		
202404	013000000	8	減価償却費	0.0	0.0	0.0	0.0	0.0	0.0	㈱アグリコ	経費	減価償却費
202404	013000000	9	車輛費	64000.0	64000.0	74949.0	0.1	117.1	117.1	㈱アグリコ	経費	車輛費
202404	013000000	10	旅費交通費	30000.0	30000.0	0.0	0.0	0.0	0.0	㈱アグリコ	経費	旅費交通費
202404	013000000	11	運賃	505000.0	505000.0	370255.0	0.9	73.3	73.3	㈱アグリコ	経費	運賃
202404	013000000	12	通信費	28000.0	28000.0	13136.0	0.0	46.9	46.9	㈱アグリコ	経費	通信費
202404	013000000	13	水道光熱費	0.0	0.0	0.0	0.0	0.0	0.0	㈱アグリコ	経費	水道光熱費
202404	013000000	14	事務用品費	25300.0	25300.0	5905.0	0.0	23.3	23.3	㈱アグリコ	経費	事務用品費
202404	013000000	15	備品消耗品費	0.0	0.0	0.0	0.0	0.0	0.0	㈱アグリコ	経費	備品消耗品費
202404	013000000	16	広告宣伝費	0.0	0.0	0.0	0.0	0.0	0.0	㈱アグリコ	経費	広告宣伝費
202404	013000000	17	交際費	0.0	0.0	0.0	0.0	0.0	0.0	㈱アグリコ	経費	交際費
202404	013000000	18	賃借料	50000.0	50000.0	50000.0	0.1	100.0	100.0	㈱アグリコ	経費	賃借料
202404	013000000	19	修繕費	0.0	0.0	0.0	0.0	0.0	0.0	㈱アグリコ	経費	修繕費
202404	013000000	20	リース料	47200.0	47200.0	47200.0	0.1	100.0	100.0	㈱アグリコ	経費	リース料
202404	013000000	21	保険料	104570.0	104570.0	99500.0	0.2	95.1	95.1	㈱アグリコ	経費	保険料
202404	013000000	22	支払手数料	16120.0	16120.0	43704.0	0.1	271.1	271.1	㈱アグリコ	経費	支払手数料
202404	013000000	23	諸会費	0.0	0.0	0.0	0.0	0.0	0.0	㈱アグリコ	経費	諸会費
202404	013000000	24	会議費	0.0	0.0	0.0	0.0	0.0	0.0	㈱アグリコ	経費	会議費
202404	013000000	25	寄附金	0.0	0.0	0.0	0.0	0.0	0.0	㈱アグリコ	経費	寄附金
202404	013000000	26	租税公課	26000.0	26000.0	1000.0	0.0	3.8	3.8	㈱アグリコ	経費	租税公課
202404	013000000	27	貸倒金	0.0	0.0	0.0	0.0	0.0	0.0	㈱アグリコ	経費	貸倒金
202404	013000000	28	情報機器利用料	33540.0	33540.0	33540.0	0.0	100.0	100.0	㈱アグリコ	経費	情報機器利用料
202404	013000000	29	雑費	0.0	0.0	0.0	0.0	0.0	0.0	㈱アグリコ	経費	雑費
202404	013000000	30	新聞図書費	0.0	0.0	0.0	0.0	0.0	0.0	㈱アグリコ	経費	新聞図書費
202404	013000000	32	雑給	0.0	0.0	0.0	0.0	0.0	0.0	㈱アグリコ	経費	雑給
202404	013000000	33	社内金利（固定資産）	0.0	0.0	0.0	0.0	0.0	0.0	㈱アグリコ	経費	社内金利（固定資産）
202404	013000000	34	社内金利（売掛金）	0.0	0.0	0.0	0.0	0.0	0.0	㈱アグリコ	経費	社内金利（売掛金）
202404	013000000	35	部門共通（経費）	0.0	0.0	0.0	0.0	0.0	0.0	㈱アグリコ	経費	部門共通（経費）
202404	013000000	36	グループ共通	1085000.0	1085000.0	1085000.0	2.6	100.0	100.0	㈱アグリコ	経費	グループ共通
202404	013000000	37	差引収益	2945270.0	2945270.0	2344579.0	5.8	79.6	79.6	㈱アグリコ		
202404	013000000	38	差引比率	5.9	5.9	5.8		98.3	98.3	㈱アグリコ		
202404	013000000	39	総時間	559.0	559.0	567.25		101.4	101.4	㈱アグリコ		
202404	013000000	40	定時間	536.0	536.0	508.0		94.7	94.7	㈱アグリコ	時間	
202404	013000000	41	残業時間	23.0	23.0	59.25		257.6	257.6	㈱アグリコ	時間	
202404	013000000	42	移動時間	0.0	0.0	0.0		0.0	0.0	㈱アグリコ	時間	
202404	013000000	43	部門共通（時間）	0.0	0.0	0.0		0.0	0.0	㈱アグリコ	時間	
202404	013000000	44	当月時間当り	5268.8	5268.8	4133.2		78.4	78.4	㈱アグリコ		
202404	013000000	45	人員	3.0	3.0	3.0		100.0	100.0	㈱アグリコ		
202405	013000000	1	総受注高	30750000.0	33650000.0	30544625.0		90.7	99.3	㈱アグリコ	受注	
202405	013000000	2	総売上高	30750000.0	33650000.0	30544625.0		90.7	99.3	㈱アグリコ		
202405	013000000	3	売上高	31835000.0	34735000.0	31084484.0		89.4	97.6	㈱アグリコ	売上	
202405	013000000	4	売上値引	-1085000.0	-1085000.0	-539859.0		0.0	0.0	㈱アグリコ	売上	
202405	013000000	5	売上原価	27290000.0	29785000.0	26324514.0		88.3	96.4	㈱アグリコ		
202405	013000000	6	総収益	3460000.0	3865000.0	4220111.0	13.8	109.1	121.9	㈱アグリコ		
202405	013000000	7	経費合計	1739470.0	1739470.0	1843779.0	6.0	105.9	105.9	㈱アグリコ		
202405	013000000	8	減価償却費	0.0	0.0	0.0	0.0	0.0	0.0	㈱アグリコ	経費	減価償却費
202405	013000000	9	車輛費	101000.0	101000.0	65711.0	0.2	65.0	65.0	㈱アグリコ	経費	車輛費
202405	013000000	10	旅費交通費	50000.0	50000.0	75773.0	0.2	151.5	151.5	㈱アグリコ	経費	旅費交通費
202405	013000000	11	運賃	267000.0	267000.0	370485.0	1.2	138.7	138.7	㈱アグリコ	経費	運賃
202405	013000000	12	通信費	17000.0	17000.0	12571.0	0.0	73.9	73.9	㈱アグリコ	経費	通信費
202405	013000000	13	水道光熱費	0.0	0.0	0.0	0.0	0.0	0.0	㈱アグリコ	経費	水道光熱費
202405	013000000	14	事務用品費	2300.0	2300.0	11579.0	0.0	503.4	503.4	㈱アグリコ	経費	事務用品費
202405	013000000	15	備品消耗品費	2000.0	2000.0	262.0	0.0	13.1	13.1	㈱アグリコ	経費	備品消耗品費
202405	013000000	16	広告宣伝費	27000.0	27000.0	27273.0	0.0	101.0	101.0	㈱アグリコ	経費	広告宣伝費
202405	013000000	17	交際費	0.0	0.0	0.0	0.0	0.0	0.0	㈱アグリコ	経費	交際費
202405	013000000	18	賃借料	50000.0	50000.0	50000.0	0.1	100.0	100.0	㈱アグリコ	経費	賃借料
202405	013000000	19	修繕費	0.0	0.0	0.0	0.0	0.0	0.0	㈱アグリコ	経費	修繕費
202405	013000000	20	リース料	47200.0	47200.0	47200.0	0.1	100.0	100.0	㈱アグリコ	経費	リース料
202405	013000000	21	保険料	16020.0	16020.0	16020.0	0.0	100.0	100.0	㈱アグリコ	経費	保険料
202405	013000000	22	支払手数料	35410.0	35410.0	35565.0	0.1	100.4	100.4	㈱アグリコ	経費	支払手数料
202405	013000000	23	諸会費	0.0	0.0	0.0	0.0	0.0	0.0	㈱アグリコ	経費	諸会費
202405	013000000	24	会議費	0.0	0.0	0.0	0.0	0.0	0.0	㈱アグリコ	経費	会議費
202405	013000000	25	寄附金	0.0	0.0	0.0	0.0	0.0	0.0	㈱アグリコ	経費	寄附金
202405	013000000	26	租税公課	6000.0	6000.0	4000.0	0.0	66.6	66.6	㈱アグリコ	経費	租税公課
202405	013000000	27	貸倒金	0.0	0.0	0.0	0.0	0.0	0.0	㈱アグリコ	経費	貸倒金
202405	013000000	28	情報機器利用料	33540.0	33540.0	33540.0	0.1	100.0	100.0	㈱アグリコ	経費	情報機器利用料
202405	013000000	29	雑費	0.0	0.0	0.0	0.0	0.0	0.0	㈱アグリコ	経費	雑費
202405	013000000	30	新聞図書費	0.0	0.0	0.0	0.0	0.0	0.0	㈱アグリコ	経費	新聞図書費
202405	013000000	32	雑給	0.0	0.0	8800.0	0.0	0.0	0.0	㈱アグリコ	経費	雑給
202405	013000000	33	社内金利（固定資産）	0.0	0.0	0.0	0.0	0.0	0.0	㈱アグリコ	経費	社内金利（固定資産）
202405	013000000	34	社内金利（売掛金）	0.0	0.0	0.0	0.0	0.0	0.0	㈱アグリコ	経費	社内金利（売掛金）
202405	013000000	35	部門共通（経費）	0.0	0.0	0.0	0.0	0.0	0.0	㈱アグリコ	経費	部門共通（経費）
202405	013000000	36	グループ共通	1085000.0	1085000.0	1085000.0	3.5	100.0	100.0	㈱アグリコ	経費	グループ共通
202405	013000000	37	差引収益	1720530.0	2125530.0	2376332.0	7.7	111.7	138.1	㈱アグリコ		
202405	013000000	38	差引比率	5.5	6.3	7.7		122.2	140.0	㈱アグリコ		
202405	013000000	39	総時間	545.0	545.0	545.75		100.1	100.1	㈱アグリコ		
202405	013000000	40	定時間	528.0	528.0	508.0		96.2	96.2	㈱アグリコ	時間	
202405	013000000	41	残業時間	17.0	17.0	37.75		222.0	222.0	㈱アグリコ	時間	
202405	013000000	42	移動時間	0.0	0.0	0.0		0.0	0.0	㈱アグリコ	時間	
202405	013000000	43	部門共通（時間）	0.0	0.0	0.0		0.0	0.0	㈱アグリコ	時間	
202405	013000000	44	当月時間当り	3156.9	3900.0	4354.2		111.6	137.9	㈱アグリコ		
202405	013000000	45	人員	3.0	3.0	3.0		100.0	100.0	㈱アグリコ		
202406	013000000	1	総受注高	58750000.0	56150000.0	50820084.0		90.5	86.5	㈱アグリコ	受注	
202406	013000000	2	総売上高	58750000.0	56150000.0	50820084.0		90.5	86.5	㈱アグリコ		
202406	013000000	3	売上高	59450000.0	56850000.0	51490133.0		90.5	86.6	㈱アグリコ	売上	
202406	013000000	4	売上値引	-700000.0	-700000.0	-670049.0		0.0	0.0	㈱アグリコ	売上	
202406	013000000	5	売上原価	54220000.0	51660000.0	45524420.0		88.1	83.9	㈱アグリコ		
202406	013000000	6	総収益	4530000.0	4490000.0	5295664.0	10.4	117.9	116.9	㈱アグリコ		
202406	013000000	7	経費合計	2258110.0	2217110.0	2006875.0	3.9	90.5	88.8	㈱アグリコ		
202406	013000000	8	減価償却費	0.0	0.0	0.0	0.0	0.0	0.0	㈱アグリコ	経費	減価償却費
202406	013000000	9	車輛費	83000.0	63000.0	82019.0	0.1	130.1	98.8	㈱アグリコ	経費	車輛費
202406	013000000	10	旅費交通費	61000.0	40000.0	12400.0	0.0	31.0	20.3	㈱アグリコ	経費	旅費交通費
202406	013000000	11	運賃	595000.0	595000.0	312750.0	0.6	52.5	52.5	㈱アグリコ	経費	運賃
202406	013000000	12	通信費	17000.0	17000.0	13606.0	0.0	80.0	80.0	㈱アグリコ	経費	通信費
202406	013000000	13	水道光熱費	0.0	0.0	0.0	0.0	0.0	0.0	㈱アグリコ	経費	水道光熱費
202406	013000000	14	事務用品費	3000.0	3000.0	21168.0	0.0	705.6	705.6	㈱アグリコ	経費	事務用品費
202406	013000000	15	備品消耗品費	6000.0	6000.0	40972.0	0.0	682.8	682.8	㈱アグリコ	経費	備品消耗品費
202406	013000000	16	広告宣伝費	1000.0	1000.0	0.0	0.0	0.0	0.0	㈱アグリコ	経費	広告宣伝費
202406	013000000	17	交際費	0.0	0.0	0.0	0.0	0.0	0.0	㈱アグリコ	経費	交際費
202406	013000000	18	賃借料	50000.0	50000.0	50000.0	0.0	100.0	100.0	㈱アグリコ	経費	賃借料
202406	013000000	19	修繕費	0.0	0.0	0.0	0.0	0.0	0.0	㈱アグリコ	経費	修繕費
202406	013000000	20	リース料	49000.0	49000.0	47200.0	0.0	96.3	96.3	㈱アグリコ	経費	リース料
202406	013000000	21	保険料	16020.0	16020.0	16020.0	0.0	100.0	100.0	㈱アグリコ	経費	保険料
202406	013000000	22	支払手数料	28550.0	28550.0	30200.0	0.0	105.7	105.7	㈱アグリコ	経費	支払手数料
202406	013000000	23	諸会費	0.0	0.0	0.0	0.0	0.0	0.0	㈱アグリコ	経費	諸会費
202406	013000000	24	会議費	0.0	0.0	0.0	0.0	0.0	0.0	㈱アグリコ	経費	会議費
202406	013000000	25	寄附金	0.0	0.0	0.0	0.0	0.0	0.0	㈱アグリコ	経費	寄附金
202406	013000000	26	租税公課	0.0	0.0	2000.0	0.0	0.0	0.0	㈱アグリコ	経費	租税公課
202406	013000000	27	貸倒金	0.0	0.0	0.0	0.0	0.0	0.0	㈱アグリコ	経費	貸倒金
202406	013000000	28	情報機器利用料	33540.0	33540.0	33540.0	0.0	100.0	100.0	㈱アグリコ	経費	情報機器利用料
202406	013000000	29	雑費	230000.0	230000.0	260000.0	0.5	113.0	113.0	㈱アグリコ	経費	雑費
202406	013000000	30	新聞図書費	0.0	0.0	0.0	0.0	0.0	0.0	㈱アグリコ	経費	新聞図書費
202406	013000000	32	雑給	0.0	0.0	0.0	0.0	0.0	0.0	㈱アグリコ	経費	雑給
202406	013000000	33	社内金利（固定資産）	0.0	0.0	0.0	0.0	0.0	0.0	㈱アグリコ	経費	社内金利（固定資産）
202406	013000000	34	社内金利（売掛金）	0.0	0.0	0.0	0.0	0.0	0.0	㈱アグリコ	経費	社内金利（売掛金）
202406	013000000	35	部門共通（経費）	0.0	0.0	0.0	0.0	0.0	0.0	㈱アグリコ	経費	部門共通（経費）
202406	013000000	36	グループ共通	1085000.0	1085000.0	1085000.0	2.1	100.0	100.0	㈱アグリコ	経費	グループ共通
202406	013000000	37	差引収益	2271890.0	2272890.0	3288789.0	6.4	144.6	144.7	㈱アグリコ		
202406	013000000	38	差引比率	3.8	4.0	6.4		160.0	168.4	㈱アグリコ		
202406	013000000	39	総時間	530.0	530.0	456.75		86.1	86.1	㈱アグリコ		
202406	013000000	40	定時間	520.0	520.0	415.0		79.8	79.8	㈱アグリコ	時間	
202406	013000000	41	残業時間	10.0	10.0	41.75		417.5	417.5	㈱アグリコ	時間	
202406	013000000	42	移動時間	0.0	0.0	0.0		0.0	0.0	㈱アグリコ	時間	
202406	013000000	43	部門共通（時間）	0.0	0.0	0.0		0.0	0.0	㈱アグリコ	時間	
202406	013000000	44	当月時間当り	4286.5	4288.4	7200.4		167.9	167.9	㈱アグリコ		
202406	013000000	45	人員	3.0	3.0	3.0		100.0	100.0	㈱アグリコ		
202407	013000000	1	総受注高	24000000.0	21293000.0	22888078.0		107.4	95.3	㈱アグリコ	受注	
202407	013000000	2	総売上高	24000000.0	21293000.0	22888078.0		107.4	95.3	㈱アグリコ		
202407	013000000	3	売上高	24980000.0	22273000.0	23834995.0		107.0	95.4	㈱アグリコ	売上	
202407	013000000	4	売上値引	-980000.0	-980000.0	-946917.0		0.0	0.0	㈱アグリコ	売上	
202407	013000000	5	売上原価	21490000.0	18831000.0	19886745.0		105.6	92.5	㈱アグリコ		
202407	013000000	6	総収益	2510000.0	2462000.0	3001333.0	13.1	121.9	119.5	㈱アグリコ		
202407	013000000	7	経費合計	1686070.0	1650070.0	2023691.0	8.8	122.6	120.0	㈱アグリコ		
202407	013000000	8	減価償却費	0.0	0.0	0.0	0.0	0.0	0.0	㈱アグリコ	経費	減価償却費
202407	013000000	9	車輛費	135000.0	110000.0	74419.0	0.3	67.6	55.1	㈱アグリコ	経費	車輛費
202407	013000000	10	旅費交通費	48000.0	30000.0	11545.0	0.0	38.4	24.0	㈱アグリコ	経費	旅費交通費
202407	013000000	11	運賃	212000.0	192000.0	597355.0	2.6	311.1	281.7	㈱アグリコ	経費	運賃
202407	013000000	12	通信費	17000.0	17000.0	12635.0	0.0	74.3	74.3	㈱アグリコ	経費	通信費
202407	013000000	13	水道光熱費	0.0	0.0	0.0	0.0	0.0	0.0	㈱アグリコ	経費	水道光熱費
202407	013000000	14	事務用品費	13100.0	13100.0	9201.0	0.0	70.2	70.2	㈱アグリコ	経費	事務用品費
202407	013000000	15	備品消耗品費	0.0	27000.0	986.0	0.0	3.6	0.0	㈱アグリコ	経費	備品消耗品費
202407	013000000	16	広告宣伝費	0.0	0.0	655.0	0.0	0.0	0.0	㈱アグリコ	経費	広告宣伝費
202407	013000000	17	交際費	0.0	0.0	0.0	0.0	0.0	0.0	㈱アグリコ	経費	交際費
202407	013000000	18	賃借料	50000.0	50000.0	50000.0	0.2	100.0	100.0	㈱アグリコ	経費	賃借料
202407	013000000	19	修繕費	0.0	0.0	0.0	0.0	0.0	0.0	㈱アグリコ	経費	修繕費
202407	013000000	20	リース料	40100.0	40100.0	50500.0	0.2	125.9	125.9	㈱アグリコ	経費	リース料
202407	013000000	21	保険料	16020.0	16020.0	16020.0	0.0	100.0	100.0	㈱アグリコ	経費	保険料
202407	013000000	22	支払手数料	32310.0	32310.0	67355.0	0.2	208.4	208.4	㈱アグリコ	経費	支払手数料
202407	013000000	23	諸会費	0.0	0.0	0.0	0.0	0.0	0.0	㈱アグリコ	経費	諸会費
202407	013000000	24	会議費	0.0	0.0	0.0	0.0	0.0	0.0	㈱アグリコ	経費	会議費
202407	013000000	25	寄附金	0.0	0.0	0.0	0.0	0.0	0.0	㈱アグリコ	経費	寄附金
202407	013000000	26	租税公課	4000.0	4000.0	14480.0	0.0	362.0	362.0	㈱アグリコ	経費	租税公課
202407	013000000	27	貸倒金	0.0	0.0	0.0	0.0	0.0	0.0	㈱アグリコ	経費	貸倒金
202407	013000000	28	情報機器利用料	33540.0	33540.0	33540.0	0.1	100.0	100.0	㈱アグリコ	経費	情報機器利用料
202407	013000000	29	雑費	0.0	0.0	0.0	0.0	0.0	0.0	㈱アグリコ	経費	雑費
202407	013000000	30	新聞図書費	0.0	0.0	0.0	0.0	0.0	0.0	㈱アグリコ	経費	新聞図書費
202407	013000000	32	雑給	0.0	0.0	0.0	0.0	0.0	0.0	㈱アグリコ	経費	雑給
202407	013000000	33	社内金利（固定資産）	0.0	0.0	0.0	0.0	0.0	0.0	㈱アグリコ	経費	社内金利（固定資産）
202407	013000000	34	社内金利（売掛金）	0.0	0.0	0.0	0.0	0.0	0.0	㈱アグリコ	経費	社内金利（売掛金）
202407	013000000	35	部門共通（経費）	0.0	0.0	0.0	0.0	0.0	0.0	㈱アグリコ	経費	部門共通（経費）
202407	013000000	36	グループ共通	1085000.0	1085000.0	1085000.0	4.7	100.0	100.0	㈱アグリコ	経費	グループ共通
202407	013000000	37	差引収益	823930.0	811930.0	977642.0	4.2	120.4	118.6	㈱アグリコ		
202407	013000000	38	差引比率	3.4	3.8	4.2		110.5	123.5	㈱アグリコ		
202407	013000000	39	総時間	568.0	568.0	554.75		97.6	97.6	㈱アグリコ		
202407	013000000	40	定時間	560.0	560.0	515.75		92.0	92.0	㈱アグリコ	時間	
202407	013000000	41	残業時間	8.0	8.0	39.0		487.5	487.5	㈱アグリコ	時間	
202407	013000000	42	移動時間	0.0	0.0	0.0		0.0	0.0	㈱アグリコ	時間	
202407	013000000	43	部門共通（時間）	0.0	0.0	0.0		0.0	0.0	㈱アグリコ	時間	
202407	013000000	44	当月時間当り	1450.5	1429.4	1762.3		123.2	121.4	㈱アグリコ		
202407	013000000	45	人員	3.0	3.0	3.0		100.0	100.0	㈱アグリコ		
202408	013000000	1	総受注高	28050000.0	19050000.0	18382663.0		96.4	65.5	㈱アグリコ	受注	
202408	013000000	2	総売上高	28050000.0	19050000.0	18382663.0		96.4	65.5	㈱アグリコ		
202408	013000000	3	売上高	29200000.0	20119000.0	19017157.0		94.5	65.1	㈱アグリコ	売上	
202408	013000000	4	売上値引	-1150000.0	-1069000.0	-634494.0		0.0	0.0	㈱アグリコ	売上	
202408	013000000	5	売上原価	25540000.0	17100000.0	16015130.0		93.6	62.7	㈱アグリコ		
202408	013000000	6	総収益	2510000.0	1950000.0	2367533.0	12.8	121.4	94.3	㈱アグリコ		
202408	013000000	7	経費合計	1687770.0	1556770.0	1618699.0	8.8	103.9	95.9	㈱アグリコ		
202408	013000000	8	減価償却費	0.0	0.0	0.0	0.0	0.0	0.0	㈱アグリコ	経費	減価償却費
202408	013000000	9	車輛費	90000.0	60000.0	81082.0	0.4	135.1	90.0	㈱アグリコ	経費	車輛費
202408	013000000	10	旅費交通費	11000.0	11000.0	0.0	0.0	0.0	0.0	㈱アグリコ	経費	旅費交通費
202408	013000000	11	運賃	280000.0	179000.0	224675.0	1.2	125.5	80.2	㈱アグリコ	経費	運賃
202408	013000000	12	通信費	9000.0	9000.0	12763.0	0.0	141.8	141.8	㈱アグリコ	経費	通信費
202408	013000000	13	水道光熱費	0.0	0.0	0.0	0.0	0.0	0.0	㈱アグリコ	経費	水道光熱費
202408	013000000	14	事務用品費	24500.0	24500.0	21364.0	0.1	87.2	87.2	㈱アグリコ	経費	事務用品費
202408	013000000	15	備品消耗品費	1500.0	1500.0	4257.0	0.0	283.8	283.8	㈱アグリコ	経費	備品消耗品費
202408	013000000	16	広告宣伝費	27000.0	27000.0	27273.0	0.1	101.0	101.0	㈱アグリコ	経費	広告宣伝費
202408	013000000	17	交際費	2500.0	2500.0	0.0	0.0	0.0	0.0	㈱アグリコ	経費	交際費
202408	013000000	18	賃借料	50000.0	50000.0	50000.0	0.2	100.0	100.0	㈱アグリコ	経費	賃借料
202408	013000000	19	修繕費	0.0	0.0	0.0	0.0	0.0	0.0	㈱アグリコ	経費	修繕費
202408	013000000	20	リース料	31500.0	31500.0	31500.0	0.1	100.0	100.0	㈱アグリコ	経費	リース料
202408	013000000	21	保険料	16020.0	16020.0	16020.0	0.0	100.0	100.0	㈱アグリコ	経費	保険料
202408	013000000	22	支払手数料	25160.0	25160.0	29225.0	0.1	116.1	116.1	㈱アグリコ	経費	支払手数料
202408	013000000	23	諸会費	0.0	0.0	0.0	0.0	0.0	0.0	㈱アグリコ	経費	諸会費
202408	013000000	24	会議費	0.0	0.0	0.0	0.0	0.0	0.0	㈱アグリコ	経費	会議費
202408	013000000	25	寄附金	0.0	0.0	0.0	0.0	0.0	0.0	㈱アグリコ	経費	寄附金
202408	013000000	26	租税公課	1050.0	1050.0	2000.0	0.0	190.4	190.4	㈱アグリコ	経費	租税公課
202408	013000000	27	貸倒金	0.0	0.0	0.0	0.0	0.0	0.0	㈱アグリコ	経費	貸倒金
202408	013000000	28	情報機器利用料	33540.0	33540.0	33540.0	0.1	100.0	100.0	㈱アグリコ	経費	情報機器利用料
202408	013000000	29	雑費	0.0	0.0	0.0	0.0	0.0	0.0	㈱アグリコ	経費	雑費
202408	013000000	30	新聞図書費	0.0	0.0	0.0	0.0	0.0	0.0	㈱アグリコ	経費	新聞図書費
202408	013000000	32	雑給	0.0	0.0	0.0	0.0	0.0	0.0	㈱アグリコ	経費	雑給
202408	013000000	33	社内金利（固定資産）	0.0	0.0	0.0	0.0	0.0	0.0	㈱アグリコ	経費	社内金利（固定資産）
202408	013000000	34	社内金利（売掛金）	0.0	0.0	0.0	0.0	0.0	0.0	㈱アグリコ	経費	社内金利（売掛金）
202408	013000000	35	部門共通（経費）	0.0	0.0	0.0	0.0	0.0	0.0	㈱アグリコ	経費	部門共通（経費）
202408	013000000	36	グループ共通	1085000.0	1085000.0	1085000.0	5.9	100.0	100.0	㈱アグリコ	経費	グループ共通
202408	013000000	37	差引収益	822230.0	393230.0	748834.0	4.0	190.4	91.0	㈱アグリコ		
202408	013000000	38	差引比率	2.9	2.0	4.0		200.0	137.9	㈱アグリコ		
202408	013000000	39	総時間	480.0	480.0	477.75		99.5	99.5	㈱アグリコ		
202408	013000000	40	定時間	472.0	472.0	452.0		95.7	95.7	㈱アグリコ	時間	
202408	013000000	41	残業時間	8.0	8.0	25.75		321.8	321.8	㈱アグリコ	時間	
202408	013000000	42	移動時間	0.0	0.0	0.0		0.0	0.0	㈱アグリコ	時間	
202408	013000000	43	部門共通（時間）	0.0	0.0	0.0		0.0	0.0	㈱アグリコ	時間	
202408	013000000	44	当月時間当り	1712.9	819.2	1567.4		191.3	91.5	㈱アグリコ		
202408	013000000	45	人員	3.0	3.0	3.0		100.0	100.0	㈱アグリコ		
202409	013000000	1	総受注高	24400000.0	18620000.0	18031921.0		96.8	73.9	㈱アグリコ	受注	
202409	013000000	2	総売上高	24400000.0	18620000.0	18031921.0		96.8	73.9	㈱アグリコ		
202409	013000000	3	売上高	24650000.0	18720000.0	18475439.0		98.6	74.9	㈱アグリコ	売上	
202409	013000000	4	売上値引	-250000.0	-100000.0	-443518.0		0.0	0.0	㈱アグリコ	売上	
202409	013000000	5	売上原価	21430000.0	16060000.0	15556811.0		96.8	72.5	㈱アグリコ		
202409	013000000	6	総収益	2970000.0	2560000.0	2475110.0	13.7	96.6	83.3	㈱アグリコ		
202409	013000000	7	経費合計	1734790.0	1600790.0	1556403.0	8.6	97.2	89.7	㈱アグリコ		
202409	013000000	8	減価償却費	0.0	0.0	0.0	0.0	0.0	0.0	㈱アグリコ	経費	減価償却費
202409	013000000	9	車輛費	49000.0	41000.0	68005.0	0.3	165.8	138.7	㈱アグリコ	経費	車輛費
202409	013000000	10	旅費交通費	92000.0	62000.0	43842.0	0.2	70.7	47.6	㈱アグリコ	経費	旅費交通費
202409	013000000	11	運賃	251000.0	155000.0	168255.0	0.9	108.5	67.0	㈱アグリコ	経費	運賃
202409	013000000	12	通信費	17000.0	17000.0	11505.0	0.0	67.6	67.6	㈱アグリコ	経費	通信費
202409	013000000	13	水道光熱費	0.0	0.0	0.0	0.0	0.0	0.0	㈱アグリコ	経費	水道光熱費
202409	013000000	14	事務用品費	82300.0	82300.0	7008.0	0.0	8.5	8.5	㈱アグリコ	経費	事務用品費
202409	013000000	15	備品消耗品費	8000.0	8000.0	187.0	0.0	2.3	2.3	㈱アグリコ	経費	備品消耗品費
202409	013000000	16	広告宣伝費	0.0	0.0	3300.0	0.0	0.0	0.0	㈱アグリコ	経費	広告宣伝費
202409	013000000	17	交際費	0.0	0.0	0.0	0.0	0.0	0.0	㈱アグリコ	経費	交際費
202409	013000000	18	賃借料	50000.0	50000.0	50000.0	0.2	100.0	100.0	㈱アグリコ	経費	賃借料
202409	013000000	19	修繕費	0.0	0.0	0.0	0.0	0.0	0.0	㈱アグリコ	経費	修繕費
202409	013000000	20	リース料	31500.0	31500.0	31500.0	0.1	100.0	100.0	㈱アグリコ	経費	リース料
202409	013000000	21	保険料	16020.0	16020.0	16020.0	0.0	100.0	100.0	㈱アグリコ	経費	保険料
202409	013000000	22	支払手数料	18430.0	18430.0	37241.0	0.2	202.0	202.0	㈱アグリコ	経費	支払手数料
202409	013000000	23	諸会費	0.0	0.0	0.0	0.0	0.0	0.0	㈱アグリコ	経費	諸会費
202409	013000000	24	会議費	0.0	0.0	0.0	0.0	0.0	0.0	㈱アグリコ	経費	会議費
202409	013000000	25	寄附金	0.0	0.0	0.0	0.0	0.0	0.0	㈱アグリコ	経費	寄附金
202409	013000000	26	租税公課	1000.0	1000.0	1000.0	0.0	100.0	100.0	㈱アグリコ	経費	租税公課
202409	013000000	27	貸倒金	0.0	0.0	0.0	0.0	0.0	0.0	㈱アグリコ	経費	貸倒金
202409	013000000	28	情報機器利用料	33540.0	33540.0	33540.0	0.1	100.0	100.0	㈱アグリコ	経費	情報機器利用料
202409	013000000	29	雑費	0.0	0.0	0.0	0.0	0.0	0.0	㈱アグリコ	経費	雑費
202409	013000000	30	新聞図書費	0.0	0.0	0.0	0.0	0.0	0.0	㈱アグリコ	経費	新聞図書費
202409	013000000	32	雑給	0.0	0.0	0.0	0.0	0.0	0.0	㈱アグリコ	経費	雑給
202409	013000000	33	社内金利（固定資産）	0.0	0.0	0.0	0.0	0.0	0.0	㈱アグリコ	経費	社内金利（固定資産）
202409	013000000	34	社内金利（売掛金）	0.0	0.0	0.0	0.0	0.0	0.0	㈱アグリコ	経費	社内金利（売掛金）
202409	013000000	35	部門共通（経費）	0.0	0.0	0.0	0.0	0.0	0.0	㈱アグリコ	経費	部門共通（経費）
202409	013000000	36	グループ共通	1085000.0	1085000.0	1085000.0	6.0	100.0	100.0	㈱アグリコ	経費	グループ共通
202409	013000000	37	差引収益	1235210.0	959210.0	918707.0	5.0	95.7	74.3	㈱アグリコ		
202409	013000000	38	差引比率	5.0	5.1	5.0		98.0	100.0	㈱アグリコ		
202409	013000000	39	総時間	448.0	448.0	469.5		104.7	104.7	㈱アグリコ		
202409	013000000	40	定時間	440.0	440.0	445.5		101.2	101.2	㈱アグリコ	時間	
202409	013000000	41	残業時間	8.0	8.0	24.0		300.0	300.0	㈱アグリコ	時間	
202409	013000000	42	移動時間	0.0	0.0	0.0		0.0	0.0	㈱アグリコ	時間	
202409	013000000	43	部門共通（時間）	0.0	0.0	0.0		0.0	0.0	㈱アグリコ	時間	
202409	013000000	44	当月時間当り	2757.1	2141.0	1956.7		91.3	70.9	㈱アグリコ		
202409	013000000	45	人員	3.0	3.0	3.0		100.0	100.0	㈱アグリコ		
202410	013000000	1	総受注高	19600000.0	16760000.0	14808925.0		88.3	75.5	㈱アグリコ	受注	
202410	013000000	2	総売上高	19600000.0	16760000.0	14808925.0		88.3	75.5	㈱アグリコ		
202410	013000000	3	売上高	20200000.0	17250000.0	15128402.0		87.7	74.8	㈱アグリコ	売上	
202410	013000000	4	売上値引	-600000.0	-490000.0	-319477.0		0.0	0.0	㈱アグリコ	売上	
202410	013000000	5	売上原価	16950000.0	13937000.0	12332782.0		88.4	72.7	㈱アグリコ		
202410	013000000	6	総収益	2650000.0	2823000.0	2476143.0	16.7	87.7	93.4	㈱アグリコ		
202410	013000000	7	経費合計	1746000.0	1630000.0	1552420.0	10.4	95.2	88.9	㈱アグリコ		
202410	013000000	8	減価償却費	0.0	0.0	0.0	0.0	0.0	0.0	㈱アグリコ	経費	減価償却費
202410	013000000	9	車輛費	105000.0	90000.0	60312.0	0.4	67.0	57.4	㈱アグリコ	経費	車輛費
202410	013000000	10	旅費交通費	102000.0	70000.0	31309.0	0.2	44.7	30.6	㈱アグリコ	経費	旅費交通費
202410	013000000	11	運賃	194000.0	125000.0	153185.0	1.0	122.5	78.9	㈱アグリコ	経費	運賃
202410	013000000	12	通信費	10000.0	10000.0	14187.0	0.0	141.8	141.8	㈱アグリコ	経費	通信費
202410	013000000	13	水道光熱費	0.0	0.0	0.0	0.0	0.0	0.0	㈱アグリコ	経費	水道光熱費
202410	013000000	14	事務用品費	11700.0	11700.0	15103.0	0.1	129.0	129.0	㈱アグリコ	経費	事務用品費
202410	013000000	15	備品消耗品費	7000.0	7000.0	8647.0	0.0	123.5	123.5	㈱アグリコ	経費	備品消耗品費
202410	013000000	16	広告宣伝費	40000.0	40000.0	0.0	0.0	0.0	0.0	㈱アグリコ	経費	広告宣伝費
202410	013000000	17	交際費	0.0	0.0	0.0	0.0	0.0	0.0	㈱アグリコ	経費	交際費
202410	013000000	18	賃借料	50000.0	50000.0	50000.0	0.3	100.0	100.0	㈱アグリコ	経費	賃借料
202410	013000000	19	修繕費	0.0	0.0	0.0	0.0	0.0	0.0	㈱アグリコ	経費	修繕費
202410	013000000	20	リース料	31500.0	31500.0	31500.0	0.2	100.0	100.0	㈱アグリコ	経費	リース料
202410	013000000	21	保険料	16020.0	16020.0	16020.0	0.1	100.0	100.0	㈱アグリコ	経費	保険料
202410	013000000	22	支払手数料	31140.0	31140.0	37417.0	0.2	120.1	120.1	㈱アグリコ	経費	支払手数料
202410	013000000	23	諸会費	3100.0	3100.0	3000.0	0.0	96.7	96.7	㈱アグリコ	経費	諸会費
202410	013000000	24	会議費	0.0	0.0	0.0	0.0	0.0	0.0	㈱アグリコ	経費	会議費
202410	013000000	25	寄附金	0.0	0.0	0.0	0.0	0.0	0.0	㈱アグリコ	経費	寄附金
202410	013000000	26	租税公課	1000.0	1000.0	0.0	0.0	0.0	0.0	㈱アグリコ	経費	租税公課
202410	013000000	27	貸倒金	0.0	0.0	0.0	0.0	0.0	0.0	㈱アグリコ	経費	貸倒金
202410	013000000	28	情報機器利用料	33540.0	33540.0	33540.0	0.2	100.0	100.0	㈱アグリコ	経費	情報機器利用料
202410	013000000	29	雑費	0.0	0.0	0.0	0.0	0.0	0.0	㈱アグリコ	経費	雑費
202410	013000000	30	新聞図書費	0.0	0.0	0.0	0.0	0.0	0.0	㈱アグリコ	経費	新聞図書費
202410	013000000	32	雑給	25000.0	25000.0	13200.0	0.0	52.8	52.8	㈱アグリコ	経費	雑給
202410	013000000	33	社内金利（固定資産）	0.0	0.0	0.0	0.0	0.0	0.0	㈱アグリコ	経費	社内金利（固定資産）
202410	013000000	34	社内金利（売掛金）	0.0	0.0	0.0	0.0	0.0	0.0	㈱アグリコ	経費	社内金利（売掛金）
202410	013000000	35	部門共通（経費）	0.0	0.0	0.0	0.0	0.0	0.0	㈱アグリコ	経費	部門共通（経費）
202410	013000000	36	グループ共通	1085000.0	1085000.0	1085000.0	7.3	100.0	100.0	㈱アグリコ	経費	グループ共通
202410	013000000	37	差引収益	904000.0	1193000.0	923723.0	6.2	77.4	102.1	㈱アグリコ		
202410	013000000	38	差引比率	4.6	7.1	6.2		87.3	134.7	㈱アグリコ		
202410	013000000	39	総時間	520.0	527.0	525.75		99.7	101.1	㈱アグリコ		
202410	013000000	40	定時間	512.0	512.0	501.25		97.9	97.9	㈱アグリコ	時間	
202410	013000000	41	残業時間	8.0	15.0	24.5		163.3	306.2	㈱アグリコ	時間	
202410	013000000	42	移動時間	0.0	0.0	0.0		0.0	0.0	㈱アグリコ	時間	
202410	013000000	43	部門共通（時間）	0.0	0.0	0.0		0.0	0.0	㈱アグリコ	時間	
202410	013000000	44	当月時間当り	1738.4	2263.7	1756.9		77.6	101.0	㈱アグリコ		
202410	013000000	45	人員	3.0	3.0	3.0		100.0	100.0	㈱アグリコ		
202411	013000000	1	総受注高	14450000.0	13250000.0	13441744.0		101.4	93.0	㈱アグリコ	受注	
202411	013000000	2	総売上高	14450000.0	13250000.0	13441744.0		101.4	93.0	㈱アグリコ		
202411	013000000	3	売上高	14910000.0	13640000.0	13863895.0		101.6	92.9	㈱アグリコ	売上	
202411	013000000	4	売上値引	-460000.0	-390000.0	-422151.0		0.0	0.0	㈱アグリコ	売上	
202411	013000000	5	売上原価	12330000.0	11213000.0	11641546.0		103.8	94.4	㈱アグリコ		
202411	013000000	6	総収益	2120000.0	2037000.0	1800198.0	13.3	88.3	84.9	㈱アグリコ		
202411	013000000	7	経費合計	1641050.0	1590050.0	1639440.0	12.1	103.1	99.9	㈱アグリコ		
202411	013000000	8	減価償却費	0.0	0.0	0.0	0.0	0.0	0.0	㈱アグリコ	経費	減価償却費
202411	013000000	9	車輛費	73000.0	61000.0	63511.0	0.4	104.1	87.0	㈱アグリコ	経費	車輛費
202411	013000000	10	旅費交通費	70000.0	50000.0	67755.0	0.5	135.5	96.7	㈱アグリコ	経費	旅費交通費
202411	013000000	11	運賃	101000.0	82000.0	130678.0	0.9	159.3	129.3	㈱アグリコ	経費	運賃
202411	013000000	12	通信費	13000.0	13000.0	15110.0	0.1	116.2	116.2	㈱アグリコ	経費	通信費
202411	013000000	13	水道光熱費	0.0	0.0	0.0	0.0	0.0	0.0	㈱アグリコ	経費	水道光熱費
202411	013000000	14	事務用品費	70000.0	70000.0	98846.0	0.7	141.2	141.2	㈱アグリコ	経費	事務用品費
202411	013000000	15	備品消耗品費	12000.0	12000.0	3095.0	0.0	25.7	25.7	㈱アグリコ	経費	備品消耗品費
202411	013000000	16	広告宣伝費	24000.0	24000.0	0.0	0.0	0.0	0.0	㈱アグリコ	経費	広告宣伝費
202411	013000000	17	交際費	0.0	0.0	1750.0	0.0	0.0	0.0	㈱アグリコ	経費	交際費
202411	013000000	18	賃借料	50000.0	50000.0	50000.0	0.3	100.0	100.0	㈱アグリコ	経費	賃借料
202411	013000000	19	修繕費	0.0	0.0	0.0	0.0	0.0	0.0	㈱アグリコ	経費	修繕費
202411	013000000	20	リース料	31500.0	31500.0	31500.0	0.2	100.0	100.0	㈱アグリコ	経費	リース料
202411	013000000	21	保険料	16020.0	16020.0	16020.0	0.1	100.0	100.0	㈱アグリコ	経費	保険料
202411	013000000	22	支払手数料	36990.0	36990.0	33235.0	0.2	89.8	89.8	㈱アグリコ	経費	支払手数料
202411	013000000	23	諸会費	0.0	0.0	0.0	0.0	0.0	0.0	㈱アグリコ	経費	諸会費
202411	013000000	24	会議費	0.0	0.0	0.0	0.0	0.0	0.0	㈱アグリコ	経費	会議費
202411	013000000	25	寄附金	0.0	0.0	0.0	0.0	0.0	0.0	㈱アグリコ	経費	寄附金
202411	013000000	26	租税公課	0.0	0.0	600.0	0.0	0.0	0.0	㈱アグリコ	経費	租税公課
202411	013000000	27	貸倒金	0.0	0.0	0.0	0.0	0.0	0.0	㈱アグリコ	経費	貸倒金
202411	013000000	28	情報機器利用料	33540.0	33540.0	33540.0	0.2	100.0	100.0	㈱アグリコ	経費	情報機器利用料
202411	013000000	29	雑費	0.0	0.0	0.0	0.0	0.0	0.0	㈱アグリコ	経費	雑費
202411	013000000	30	新聞図書費	0.0	0.0	0.0	0.0	0.0	0.0	㈱アグリコ	経費	新聞図書費
202411	013000000	32	雑給	25000.0	25000.0	8800.0	0.0	35.2	35.2	㈱アグリコ	経費	雑給
202411	013000000	33	社内金利（固定資産）	0.0	0.0	0.0	0.0	0.0	0.0	㈱アグリコ	経費	社内金利（固定資産）
202411	013000000	34	社内金利（売掛金）	0.0	0.0	0.0	0.0	0.0	0.0	㈱アグリコ	経費	社内金利（売掛金）
202411	013000000	35	部門共通（経費）	0.0	0.0	0.0	0.0	0.0	0.0	㈱アグリコ	経費	部門共通（経費）
202411	013000000	36	グループ共通	1085000.0	1085000.0	1085000.0	8.0	100.0	100.0	㈱アグリコ	経費	グループ共通
202411	013000000	37	差引収益	478950.0	446950.0	160758.0	1.1	35.9	33.5	㈱アグリコ		
202411	013000000	38	差引比率	3.3	3.3	1.1		33.3	33.3	㈱アグリコ		
202411	013000000	39	総時間	482.0	487.0	494.75		101.5	102.6	㈱アグリコ		
202411	013000000	40	定時間	464.0	464.0	468.0		100.8	100.8	㈱アグリコ	時間	
202411	013000000	41	残業時間	18.0	23.0	26.75		116.3	148.6	㈱アグリコ	時間	
202411	013000000	42	移動時間	0.0	0.0	0.0		0.0	0.0	㈱アグリコ	時間	
202411	013000000	43	部門共通（時間）	0.0	0.0	0.0		0.0	0.0	㈱アグリコ	時間	
202411	013000000	44	当月時間当り	993.6	917.7	324.9		35.4	32.6	㈱アグリコ		
202411	013000000	45	人員	3.0	3.0	3.0		100.0	100.0	㈱アグリコ		
202412	013000000	1	総受注高	9200000.0	8820000.0	10002705.0		113.4	108.7	㈱アグリコ	受注	
202412	013000000	2	総売上高	9200000.0	8820000.0	10002705.0		113.4	108.7	㈱アグリコ		
202412	013000000	3	売上高	10710000.0	10313000.0	10772217.0		104.4	100.5	㈱アグリコ	売上	
202412	013000000	4	売上値引	-1510000.0	-1493000.0	-769512.0		0.0	0.0	㈱アグリコ	売上	
202412	013000000	5	売上原価	8790000.0	8462000.0	8767056.0		103.6	99.7	㈱アグリコ		
202412	013000000	6	総収益	410000.0	358000.0	1235649.0	12.3	345.1	301.3	㈱アグリコ		
202412	013000000	7	経費合計	1758750.0	1624790.0	1587917.0	15.8	97.7	90.2	㈱アグリコ		
202412	013000000	8	減価償却費	0.0	0.0	0.0	0.0	0.0	0.0	㈱アグリコ	経費	減価償却費
202412	013000000	9	車輛費	104000.0	82000.0	49468.0	0.4	60.3	47.5	㈱アグリコ	経費	車輛費
202412	013000000	10	旅費交通費	72000.0	50000.0	22573.0	0.2	45.1	31.3	㈱アグリコ	経費	旅費交通費
202412	013000000	11	運賃	191000.0	77000.0	72415.0	0.7	94.0	37.9	㈱アグリコ	経費	運賃
202412	013000000	12	通信費	16000.0	16000.0	17235.0	0.1	107.7	107.7	㈱アグリコ	経費	通信費
202412	013000000	13	水道光熱費	0.0	0.0	0.0	0.0	0.0	0.0	㈱アグリコ	経費	水道光熱費
202412	013000000	14	事務用品費	7800.0	7800.0	8246.0	0.0	105.7	105.7	㈱アグリコ	経費	事務用品費
202412	013000000	15	備品消耗品費	0.0	0.0	0.0	0.0	0.0	0.0	㈱アグリコ	経費	備品消耗品費
202412	013000000	16	広告宣伝費	55000.0	115000.0	114545.0	1.1	99.6	208.2	㈱アグリコ	経費	広告宣伝費
202412	013000000	17	交際費	47500.0	23500.0	20157.0	0.2	85.7	42.4	㈱アグリコ	経費	交際費
202412	013000000	18	賃借料	50000.0	50000.0	50000.0	0.4	100.0	100.0	㈱アグリコ	経費	賃借料
202412	013000000	19	修繕費	0.0	0.0	0.0	0.0	0.0	0.0	㈱アグリコ	経費	修繕費
202412	013000000	20	リース料	31500.0	31500.0	31500.0	0.3	100.0	100.0	㈱アグリコ	経費	リース料
202412	013000000	21	保険料	16020.0	14060.0	16020.0	0.1	113.9	100.0	㈱アグリコ	経費	保険料
202412	013000000	22	支払手数料	39390.0	39390.0	39973.0	0.3	101.4	101.4	㈱アグリコ	経費	支払手数料
202412	013000000	23	諸会費	0.0	0.0	0.0	0.0	0.0	0.0	㈱アグリコ	経費	諸会費
202412	013000000	24	会議費	0.0	0.0	0.0	0.0	0.0	0.0	㈱アグリコ	経費	会議費
202412	013000000	25	寄附金	0.0	0.0	0.0	0.0	0.0	0.0	㈱アグリコ	経費	寄附金
202412	013000000	26	租税公課	10000.0	0.0	6200.0	0.0	0.0	62.0	㈱アグリコ	経費	租税公課
202412	013000000	27	貸倒金	0.0	0.0	0.0	0.0	0.0	0.0	㈱アグリコ	経費	貸倒金
202412	013000000	28	情報機器利用料	33540.0	33540.0	33540.0	0.3	100.0	100.0	㈱アグリコ	経費	情報機器利用料
202412	013000000	29	雑費	0.0	0.0	4545.0	0.0	0.0	0.0	㈱アグリコ	経費	雑費
202412	013000000	30	新聞図書費	0.0	0.0	0.0	0.0	0.0	0.0	㈱アグリコ	経費	新聞図書費
202412	013000000	32	雑給	0.0	0.0	16500.0	0.1	0.0	0.0	㈱アグリコ	経費	雑給
202412	013000000	33	社内金利（固定資産）	0.0	0.0	0.0	0.0	0.0	0.0	㈱アグリコ	経費	社内金利（固定資産）
202412	013000000	34	社内金利（売掛金）	0.0	0.0	0.0	0.0	0.0	0.0	㈱アグリコ	経費	社内金利（売掛金）
202412	013000000	35	部門共通（経費）	0.0	0.0	0.0	0.0	0.0	0.0	㈱アグリコ	経費	部門共通（経費）
202412	013000000	36	グループ共通	1085000.0	1085000.0	1085000.0	10.8	100.0	100.0	㈱アグリコ	経費	グループ共通
202412	013000000	37	差引収益	-1348750.0	-1266790.0	-352268.0	0.0	0.0	0.0	㈱アグリコ		
202412	013000000	38	差引比率	-14.6	-14.3	-3.5		0.0	0.0	㈱アグリコ		
202412	013000000	39	総時間	481.0	481.0	456.75		94.9	94.9	㈱アグリコ		
202412	013000000	40	定時間	464.0	464.0	422.75		91.1	91.1	㈱アグリコ	時間	
202412	013000000	41	残業時間	17.0	17.0	34.0		200.0	200.0	㈱アグリコ	時間	
202412	013000000	42	移動時間	0.0	0.0	0.0		0.0	0.0	㈱アグリコ	時間	
202412	013000000	43	部門共通（時間）	0.0	0.0	0.0		0.0	0.0	㈱アグリコ	時間	
202412	013000000	44	当月時間当り	-2804.0	-2633.6	-771.2		0.0	0.0	㈱アグリコ		
202412	013000000	45	人員	3.0	3.0	3.0		100.0	100.0	㈱アグリコ		
202501	013000000	1	総受注高	24300000.0	8050000.0	13565413.0		168.5	55.8	㈱アグリコ	受注	
202501	013000000	2	総売上高	24300000.0	8050000.0	13565413.0		168.5	55.8	㈱アグリコ		
202501	013000000	3	売上高	24505000.0	8246000.0	13821459.0		167.6	56.4	㈱アグリコ	売上	
202501	013000000	4	売上値引	-205000.0	-196000.0	-256046.0		0.0	0.0	㈱アグリコ	売上	
202501	013000000	5	売上原価	22660000.0	6833000.0	11756146.0		172.0	51.8	㈱アグリコ		
202501	013000000	6	総収益	1640000.0	1217000.0	1809267.0	13.3	148.6	110.3	㈱アグリコ		
202501	013000000	7	経費合計	1661600.0	1446640.0	1453014.0	10.7	100.4	87.4	㈱アグリコ		
202501	013000000	8	減価償却費	0.0	0.0	0.0	0.0	0.0	0.0	㈱アグリコ	経費	減価償却費
202501	013000000	9	車輛費	94000.0	75000.0	52102.0	0.3	69.4	55.4	㈱アグリコ	経費	車輛費
202501	013000000	10	旅費交通費	34000.0	20000.0	44182.0	0.3	220.9	129.9	㈱アグリコ	経費	旅費交通費
202501	013000000	11	運賃	279000.0	99000.0	54915.0	0.4	55.4	19.6	㈱アグリコ	経費	運賃
202501	013000000	12	通信費	15000.0	15000.0	15384.0	0.1	102.5	102.5	㈱アグリコ	経費	通信費
202501	013000000	13	水道光熱費	0.0	0.0	0.0	0.0	0.0	0.0	㈱アグリコ	経費	水道光熱費
202501	013000000	14	事務用品費	4000.0	4000.0	12837.0	0.0	320.9	320.9	㈱アグリコ	経費	事務用品費
202501	013000000	15	備品消耗品費	7500.0	7500.0	7531.0	0.0	100.4	100.4	㈱アグリコ	経費	備品消耗品費
202501	013000000	16	広告宣伝費	-27000.0	-27000.0	0.0	0.0	0.0	0.0	㈱アグリコ	経費	広告宣伝費
202501	013000000	17	交際費	0.0	0.0	0.0	0.0	0.0	0.0	㈱アグリコ	経費	交際費
202501	013000000	18	賃借料	50000.0	50000.0	50000.0	0.3	100.0	100.0	㈱アグリコ	経費	賃借料
202501	013000000	19	修繕費	0.0	0.0	0.0	0.0	0.0	0.0	㈱アグリコ	経費	修繕費
202501	013000000	20	リース料	31500.0	31500.0	31500.0	0.2	100.0	100.0	㈱アグリコ	経費	リース料
202501	013000000	21	保険料	16020.0	14060.0	12100.0	0.0	86.0	75.5	㈱アグリコ	経費	保険料
202501	013000000	22	支払手数料	37040.0	37040.0	37223.0	0.2	100.4	100.4	㈱アグリコ	経費	支払手数料
202501	013000000	23	諸会費	0.0	0.0	0.0	0.0	0.0	0.0	㈱アグリコ	経費	諸会費
202501	013000000	24	会議費	0.0	0.0	0.0	0.0	0.0	0.0	㈱アグリコ	経費	会議費
202501	013000000	25	寄附金	0.0	0.0	0.0	0.0	0.0	0.0	㈱アグリコ	経費	寄附金
202501	013000000	26	租税公課	2000.0	2000.0	200.0	0.0	10.0	10.0	㈱アグリコ	経費	租税公課
202501	013000000	27	貸倒金	0.0	0.0	0.0	0.0	0.0	0.0	㈱アグリコ	経費	貸倒金
202501	013000000	28	情報機器利用料	33540.0	33540.0	33540.0	0.2	100.0	100.0	㈱アグリコ	経費	情報機器利用料
202501	013000000	29	雑費	0.0	0.0	0.0	0.0	0.0	0.0	㈱アグリコ	経費	雑費
202501	013000000	30	新聞図書費	0.0	0.0	0.0	0.0	0.0	0.0	㈱アグリコ	経費	新聞図書費
202501	013000000	32	雑給	0.0	0.0	16500.0	0.1	0.0	0.0	㈱アグリコ	経費	雑給
202501	013000000	33	社内金利（固定資産）	0.0	0.0	0.0	0.0	0.0	0.0	㈱アグリコ	経費	社内金利（固定資産）
202501	013000000	34	社内金利（売掛金）	0.0	0.0	0.0	0.0	0.0	0.0	㈱アグリコ	経費	社内金利（売掛金）
202501	013000000	35	部門共通（経費）	0.0	0.0	0.0	0.0	0.0	0.0	㈱アグリコ	経費	部門共通（経費）
202501	013000000	36	グループ共通	1085000.0	1085000.0	1085000.0	7.9	100.0	100.0	㈱アグリコ	経費	グループ共通
202501	013000000	37	差引収益	-21600.0	-229640.0	356253.0	2.6	0.0	0.0	㈱アグリコ		
202501	013000000	38	差引比率	0.0	-2.8	2.6		0.0	0.0	㈱アグリコ		
202501	013000000	39	総時間	426.0	426.0	394.25		92.5	92.5	㈱アグリコ		
202501	013000000	40	定時間	408.0	408.0	369.75		90.6	90.6	㈱アグリコ	時間	
202501	013000000	41	残業時間	18.0	18.0	24.5		136.1	136.1	㈱アグリコ	時間	
202501	013000000	42	移動時間	0.0	0.0	0.0		0.0	0.0	㈱アグリコ	時間	
202501	013000000	43	部門共通（時間）	0.0	0.0	0.0		0.0	0.0	㈱アグリコ	時間	
202501	013000000	44	当月時間当り	-50.7	-539.0	903.6		0.0	0.0	㈱アグリコ		
202501	013000000	45	人員	3.0	3.0	3.0		100.0	100.0	㈱アグリコ		
202502	013000000	1	総受注高	37800000.0	36450000.0	34028051.0		93.3	90.0	㈱アグリコ	受注	
202502	013000000	2	総売上高	37800000.0	36450000.0	34028051.0		93.3	90.0	㈱アグリコ		
202502	013000000	3	売上高	39030000.0	37274000.0	35660257.0		95.6	91.3	㈱アグリコ	売上	
202502	013000000	4	売上値引	-1230000.0	-824000.0	-1632206.0		0.0	0.0	㈱アグリコ	売上	
202502	013000000	5	売上原価	35400000.0	33840000.0	31277152.0		92.4	88.3	㈱アグリコ		
202502	013000000	6	総収益	2400000.0	2610000.0	2750899.0	8.0	105.3	114.6	㈱アグリコ		
202502	013000000	7	経費合計	1621640.0	1467640.0	1474019.0	4.3	100.4	90.8	㈱アグリコ		
202502	013000000	8	減価償却費	0.0	0.0	0.0	0.0	0.0	0.0	㈱アグリコ	経費	減価償却費
202502	013000000	9	車輛費	1000.0	31000.0	47669.0	0.1	153.7		㈱アグリコ	経費	車輛費
202502	013000000	10	旅費交通費	64000.0	40000.0	21909.0	0.0	54.7	34.2	㈱アグリコ	経費	旅費交通費
202502	013000000	11	運賃	290000.0	130000.0	84700.0	0.2	65.1	29.2	㈱アグリコ	経費	運賃
202502	013000000	12	通信費	8000.0	8000.0	24866.0	0.0	310.8	310.8	㈱アグリコ	経費	通信費
202502	013000000	13	水道光熱費	0.0	0.0	0.0	0.0	0.0	0.0	㈱アグリコ	経費	水道光熱費
202502	013000000	14	事務用品費	800.0	800.0	23618.0	0.0			㈱アグリコ	経費	事務用品費
202502	013000000	15	備品消耗品費	0.0	0.0	2057.0	0.0	0.0	0.0	㈱アグリコ	経費	備品消耗品費
202502	013000000	16	広告宣伝費	0.0	0.0	0.0	0.0	0.0	0.0	㈱アグリコ	経費	広告宣伝費
202502	013000000	17	交際費	0.0	0.0	0.0	0.0	0.0	0.0	㈱アグリコ	経費	交際費
202502	013000000	18	賃借料	50000.0	50000.0	50000.0	0.1	100.0	100.0	㈱アグリコ	経費	賃借料
202502	013000000	19	修繕費	0.0	0.0	0.0	0.0	0.0	0.0	㈱アグリコ	経費	修繕費
202502	013000000	20	リース料	31500.0	31500.0	31500.0	0.0	100.0	100.0	㈱アグリコ	経費	リース料
202502	013000000	21	保険料	16020.0	16020.0	14060.0	0.0	87.7	87.7	㈱アグリコ	経費	保険料
202502	013000000	22	支払手数料	21780.0	21780.0	34500.0	0.1	158.4	158.4	㈱アグリコ	経費	支払手数料
202502	013000000	23	諸会費	20000.0	20000.0	20000.0	0.0	100.0	100.0	㈱アグリコ	経費	諸会費
202502	013000000	24	会議費	0.0	0.0	0.0	0.0	0.0	0.0	㈱アグリコ	経費	会議費
202502	013000000	25	寄附金	0.0	0.0	0.0	0.0	0.0	0.0	㈱アグリコ	経費	寄附金
202502	013000000	26	租税公課	0.0	0.0	600.0	0.0	0.0	0.0	㈱アグリコ	経費	租税公課
202502	013000000	27	貸倒金	0.0	0.0	0.0	0.0	0.0	0.0	㈱アグリコ	経費	貸倒金
202502	013000000	28	情報機器利用料	33540.0	33540.0	33540.0	0.0	100.0	100.0	㈱アグリコ	経費	情報機器利用料
202502	013000000	29	雑費	0.0	0.0	0.0	0.0	0.0	0.0	㈱アグリコ	経費	雑費
202502	013000000	30	新聞図書費	0.0	0.0	0.0	0.0	0.0	0.0	㈱アグリコ	経費	新聞図書費
202502	013000000	32	雑給	0.0	0.0	0.0	0.0	0.0	0.0	㈱アグリコ	経費	雑給
202502	013000000	33	社内金利（固定資産）	0.0	0.0	0.0	0.0	0.0	0.0	㈱アグリコ	経費	社内金利（固定資産）
202502	013000000	34	社内金利（売掛金）	0.0	0.0	0.0	0.0	0.0	0.0	㈱アグリコ	経費	社内金利（売掛金）
202502	013000000	35	部門共通（経費）	0.0	0.0	0.0	0.0	0.0	0.0	㈱アグリコ	経費	部門共通（経費）
202502	013000000	36	グループ共通	1085000.0	1085000.0	1085000.0	3.1	100.0	100.0	㈱アグリコ	経費	グループ共通
202502	013000000	37	差引収益	778360.0	1142360.0	1276880.0	3.7	111.7	164.0	㈱アグリコ		
202502	013000000	38	差引比率	2.0	3.1	3.7		119.3	185.0	㈱アグリコ		
202502	013000000	39	総時間	454.0	454.0	416.75		91.7	91.7	㈱アグリコ		
202502	013000000	40	定時間	432.0	432.0	384.0		88.8	88.8	㈱アグリコ	時間	
202502	013000000	41	残業時間	22.0	22.0	32.75		148.8	148.8	㈱アグリコ	時間	
202502	013000000	42	移動時間	0.0	0.0	0.0		0.0	0.0	㈱アグリコ	時間	
202502	013000000	43	部門共通（時間）	0.0	0.0	0.0		0.0	0.0	㈱アグリコ	時間	
202502	013000000	44	当月時間当り	1714.4	2516.2	3063.8		121.7	178.7	㈱アグリコ		
202502	013000000	45	人員	3.0	3.0	3.0		100.0	100.0	㈱アグリコ		
202503	013000000	1	総受注高	58950000.0	39950000.0	48556092.0		121.5	82.3	㈱アグリコ	受注	
202503	013000000	2	総売上高	58950000.0	39950000.0	48556092.0		121.5	82.3	㈱アグリコ		
202503	013000000	3	売上高	59170000.0	40120000.0	49347247.0		122.9	83.3	㈱アグリコ	売上	
202503	013000000	4	売上値引	-220000.0	-170000.0	-791155.0		0.0	0.0	㈱アグリコ	売上	
202503	013000000	5	売上原価	53110000.0	34090000.0	40512467.0		118.8	76.2	㈱アグリコ		
202503	013000000	6	総収益	5840000.0	5860000.0	8043625.0	16.5	137.2	137.7	㈱アグリコ		
202503	013000000	7	経費合計	1909770.0	1739770.0	2014994.0	4.1	115.8	105.5	㈱アグリコ		
202503	013000000	8	減価償却費	0.0	0.0	0.0	0.0	0.0	0.0	㈱アグリコ	経費	減価償却費
202503	013000000	9	車輛費	104000.0	104000.0	50368.0	0.1	48.4	48.4	㈱アグリコ	経費	車輛費
202503	013000000	10	旅費交通費	124000.0	54000.0	71274.0	0.1	131.9	57.4	㈱アグリコ	経費	旅費交通費
202503	013000000	11	運賃	395000.0	295000.0	349120.0	0.7	118.3	88.3	㈱アグリコ	経費	運賃
202503	013000000	12	通信費	13000.0	13000.0	13218.0	0.0	101.6	101.6	㈱アグリコ	経費	通信費
202503	013000000	13	水道光熱費	0.0	0.0	0.0	0.0	0.0	0.0	㈱アグリコ	経費	水道光熱費
202503	013000000	14	事務用品費	3200.0	3200.0	9075.0	0.0	283.5	283.5	㈱アグリコ	経費	事務用品費
202503	013000000	15	備品消耗品費	6000.0	6000.0	5364.0	0.0	89.4	89.4	㈱アグリコ	経費	備品消耗品費
202503	013000000	16	広告宣伝費	1000.0	1000.0	0.0	0.0	0.0	0.0	㈱アグリコ	経費	広告宣伝費
202503	013000000	17	交際費	0.0	0.0	0.0	0.0	0.0	0.0	㈱アグリコ	経費	交際費
202503	013000000	18	賃借料	50000.0	50000.0	50000.0	0.1	100.0	100.0	㈱アグリコ	経費	賃借料
202503	013000000	19	修繕費	0.0	0.0	0.0	0.0	0.0	0.0	㈱アグリコ	経費	修繕費
202503	013000000	20	リース料	31500.0	31500.0	31500.0	0.0	100.0	100.0	㈱アグリコ	経費	リース料
202503	013000000	21	保険料	16020.0	16020.0	37423.0	0.0	233.6	233.6	㈱アグリコ	経費	保険料
202503	013000000	22	支払手数料	40700.0	40700.0	206532.0	0.4	507.4	507.4	㈱アグリコ	経費	支払手数料
202503	013000000	23	諸会費	0.0	0.0	0.0	0.0	0.0	0.0	㈱アグリコ	経費	諸会費
202503	013000000	24	会議費	0.0	0.0	0.0	0.0	0.0	0.0	㈱アグリコ	経費	会議費
202503	013000000	25	寄附金	0.0	0.0	0.0	0.0	0.0	0.0	㈱アグリコ	経費	寄附金
202503	013000000	26	租税公課	0.0	0.0	6000.0	0.0	0.0	0.0	㈱アグリコ	経費	租税公課
202503	013000000	27	貸倒金	0.0	0.0	0.0	0.0	0.0	0.0	㈱アグリコ	経費	貸倒金
202503	013000000	28	情報機器利用料	40350.0	40350.0	46000.0	0.0	114.0	114.0	㈱アグリコ	経費	情報機器利用料
202503	013000000	29	雑費	0.0	0.0	0.0	0.0	0.0	0.0	㈱アグリコ	経費	雑費
202503	013000000	30	新聞図書費	0.0	0.0	0.0	0.0	0.0	0.0	㈱アグリコ	経費	新聞図書費
202503	013000000	32	雑給	0.0	0.0	54120.0	0.1	0.0	0.0	㈱アグリコ	経費	雑給
202503	013000000	33	社内金利（固定資産）	0.0	0.0	0.0	0.0	0.0	0.0	㈱アグリコ	経費	社内金利（固定資産）
202503	013000000	34	社内金利（売掛金）	0.0	0.0	0.0	0.0	0.0	0.0	㈱アグリコ	経費	社内金利（売掛金）
202503	013000000	35	部門共通（経費）	0.0	0.0	0.0	0.0	0.0	0.0	㈱アグリコ	経費	部門共通（経費）
202503	013000000	36	グループ共通	1085000.0	1085000.0	1085000.0	2.2	100.0	100.0	㈱アグリコ	経費	グループ共通
202503	013000000	37	差引収益	3930230.0	4120230.0	6028631.0	12.4	146.3	153.3	㈱アグリコ		
202503	013000000	38	差引比率	6.6	10.3	12.4		120.3	187.8	㈱アグリコ		
202503	013000000	39	総時間	546.0	558.0	545.25		97.7	99.8	㈱アグリコ		
202503	013000000	40	定時間	520.0	532.0	480.5		90.3	92.4	㈱アグリコ	時間	
202503	013000000	41	残業時間	26.0	26.0	64.75		249.0	249.0	㈱アグリコ	時間	
202503	013000000	42	移動時間	0.0	0.0	0.0		0.0	0.0	㈱アグリコ	時間	
202503	013000000	43	部門共通（時間）	0.0	0.0	0.0		0.0	0.0	㈱アグリコ	時間	
202503	013000000	44	当月時間当り	7198.2	7383.9	11056.6		149.7	153.6	㈱アグリコ		
202503	013000000	45	人員	3.0	4.0	3.0		75.0	100.0	㈱アグリコ		
202504	013000000	1	総受注高	44900000.0	44900000.0	41466032.0		92.3	92.3	㈱アグリコ	受注	
202504	013000000	2	総売上高	44900000.0	44900000.0	41466032.0		92.3	92.3	㈱アグリコ		
202504	013000000	3	売上高	45900000.0	45900000.0	42386089.0		92.3	92.3	㈱アグリコ	売上	
202504	013000000	4	売上値引	-1000000.0	-1000000.0	-920057.0		0.0	0.0	㈱アグリコ	売上	
202504	013000000	5	売上原価	40030000.0	40030000.0	36498320.0		91.1	91.1	㈱アグリコ		
202504	013000000	6	総収益	4870000.0	4870000.0	4967712.0	11.9	102.0	102.0	㈱アグリコ		
202504	013000000	7	経費合計	1693540.0	1693540.0	1851026.0	4.4	109.2	109.2	㈱アグリコ		
202504	013000000	8	減価償却費	0.0	0.0	0.0	0.0	0.0	0.0	㈱アグリコ	経費	減価償却費
202504	013000000	9	車輛費	85000.0	85000.0	108375.0	0.2	127.5	127.5	㈱アグリコ	経費	車輛費
202504	013000000	10	旅費交通費	10000.0	10000.0	49928.0	0.1	499.2	499.2	㈱アグリコ	経費	旅費交通費
202504	013000000	11	運賃	232000.0	232000.0	201740.0	0.4	86.9	86.9	㈱アグリコ	経費	運賃
202504	013000000	12	通信費	13200.0	13200.0	15831.0	0.0	119.9	119.9	㈱アグリコ	経費	通信費
202504	013000000	13	水道光熱費	0.0	0.0	0.0	0.0	0.0	0.0	㈱アグリコ	経費	水道光熱費
202504	013000000	14	事務用品費	5900.0	5900.0	23308.0	0.0	395.0	395.0	㈱アグリコ	経費	事務用品費
202504	013000000	15	備品消耗品費	0.0	0.0	1552.0	0.0	0.0	0.0	㈱アグリコ	経費	備品消耗品費
202504	013000000	16	広告宣伝費	0.0	0.0	0.0	0.0	0.0	0.0	㈱アグリコ	経費	広告宣伝費
202504	013000000	17	交際費	0.0	0.0	0.0	0.0	0.0	0.0	㈱アグリコ	経費	交際費
202504	013000000	18	賃借料	50000.0	50000.0	50000.0	0.1	100.0	100.0	㈱アグリコ	経費	賃借料
202504	013000000	19	修繕費	0.0	0.0	0.0	0.0	0.0	0.0	㈱アグリコ	経費	修繕費
202504	013000000	20	リース料	31500.0	31500.0	31500.0	0.0	100.0	100.0	㈱アグリコ	経費	リース料
202504	013000000	21	保険料	97540.0	97540.0	109450.0	0.2	112.2	112.2	㈱アグリコ	経費	保険料
202504	013000000	22	支払手数料	43750.0	43750.0	128692.0	0.3	294.1	294.1	㈱アグリコ	経費	支払手数料
202504	013000000	23	諸会費	0.0	0.0	0.0	0.0	0.0	0.0	㈱アグリコ	経費	諸会費
202504	013000000	24	会議費	0.0	0.0	0.0	0.0	0.0	0.0	㈱アグリコ	経費	会議費
202504	013000000	25	寄附金	0.0	0.0	0.0	0.0	0.0	0.0	㈱アグリコ	経費	寄附金
202504	013000000	26	租税公課	1000.0	1000.0	1000.0	0.0	100.0	100.0	㈱アグリコ	経費	租税公課
202504	013000000	27	貸倒金	0.0	0.0	0.0	0.0	0.0	0.0	㈱アグリコ	経費	貸倒金
202504	013000000	28	情報機器利用料	49650.0	49650.0	49650.0	0.1	100.0	100.0	㈱アグリコ	経費	情報機器利用料
202504	013000000	29	雑費	0.0	0.0	0.0	0.0	0.0	0.0	㈱アグリコ	経費	雑費
202504	013000000	30	新聞図書費	0.0	0.0	0.0	0.0	0.0	0.0	㈱アグリコ	経費	新聞図書費
202504	013000000	32	雑給	0.0	0.0	6000.0	0.0	0.0	0.0	㈱アグリコ	経費	雑給
202504	013000000	33	社内金利（固定資産）	0.0	0.0	0.0	0.0	0.0	0.0	㈱アグリコ	経費	社内金利（固定資産）
202504	013000000	34	社内金利（売掛金）	0.0	0.0	0.0	0.0	0.0	0.0	㈱アグリコ	経費	社内金利（売掛金）
202504	013000000	35	部門共通（経費）	0.0	0.0	0.0	0.0	0.0	0.0	㈱アグリコ	経費	部門共通（経費）
202504	013000000	36	グループ共通	1074000.0	1074000.0	1074000.0	2.5	100.0	100.0	㈱アグリコ	経費	グループ共通
202504	013000000	37	差引収益	3176460.0	3176460.0	3116686.0	7.5	98.1	98.1	㈱アグリコ		
202504	013000000	38	差引比率	7.0	7.0	7.5		107.1	107.1	㈱アグリコ		
202504	013000000	39	総時間	545.0	545.0	578.25		106.1	106.1	㈱アグリコ		
202504	013000000	40	定時間	507.0	507.0	551.0		108.6	108.6	㈱アグリコ	時間	
202504	013000000	41	残業時間	38.0	38.0	27.25		71.7	71.7	㈱アグリコ	時間	
202504	013000000	42	移動時間	0.0	0.0	0.0		0.0	0.0	㈱アグリコ	時間	
202504	013000000	43	部門共通（時間）	0.0	0.0	0.0		0.0	0.0	㈱アグリコ	時間	
202504	013000000	44	当月時間当り	5828.3	5828.3	5389.8		92.4	92.4	㈱アグリコ		
202504	013000000	45	人員	3.0	3.0	3.0		100.0	100.0	㈱アグリコ		
202505	013000000	1	総受注高	29500000.0	31600000.0	29407096.0		93.0	99.6	㈱アグリコ	受注	
202505	013000000	2	総売上高	29500000.0	31600000.0	29407096.0		93.0	99.6	㈱アグリコ		
202505	013000000	3	売上高	30050000.0	32150000.0	29817444.0		92.7	99.2	㈱アグリコ	売上	
202505	013000000	4	売上値引	-550000.0	-550000.0	-410348.0		0.0	0.0	㈱アグリコ	売上	
202505	013000000	5	売上原価	25660000.0	27210000.0	24739964.0		90.9	96.4	㈱アグリコ		
202505	013000000	6	総収益	3840000.0	4390000.0	4667132.0	15.8	106.3	121.5	㈱アグリコ		
202505	013000000	7	経費合計	1690623.0	1760623.0	1774608.0	6.0	100.7	104.9	㈱アグリコ		
202505	013000000	8	減価償却費	0.0	0.0	0.0	0.0	0.0	0.0	㈱アグリコ	経費	減価償却費
202505	013000000	9	車輛費	69000.0	69000.0	68085.0	0.2	98.6	98.6	㈱アグリコ	経費	車輛費
202505	013000000	10	旅費交通費	76000.0	30000.0	0.0	0.0	0.0	0.0	㈱アグリコ	経費	旅費交通費
202505	013000000	11	運賃	235000.0	235000.0	374020.0	1.2	159.1	159.1	㈱アグリコ	経費	運賃
202505	013000000	12	通信費	12600.0	12600.0	13616.0	0.0	108.0	108.0	㈱アグリコ	経費	通信費
202505	013000000	13	水道光熱費	0.0	0.0	0.0	0.0	0.0	0.0	㈱アグリコ	経費	水道光熱費
202505	013000000	14	事務用品費	11600.0	11600.0	6307.0	0.0	54.3	54.3	㈱アグリコ	経費	事務用品費
202505	013000000	15	備品消耗品費	300.0	300.0	0.0	0.0	0.0	0.0	㈱アグリコ	経費	備品消耗品費
202505	013000000	16	広告宣伝費	27273.0	27273.0	30000.0	0.1	109.9	109.9	㈱アグリコ	経費	広告宣伝費
202505	013000000	17	交際費	0.0	0.0	0.0	0.0	0.0	0.0	㈱アグリコ	経費	交際費
202505	013000000	18	賃借料	50000.0	50000.0	50000.0	0.1	100.0	100.0	㈱アグリコ	経費	賃借料
202505	013000000	19	修繕費	0.0	0.0	0.0	0.0	0.0	0.0	㈱アグリコ	経費	修繕費
202505	013000000	20	リース料	31500.0	31500.0	31500.0	0.1	100.0	100.0	㈱アグリコ	経費	リース料
202505	013000000	21	保険料	14060.0	14060.0	14060.0	0.0	100.0	100.0	㈱アグリコ	経費	保険料
202505	013000000	22	支払手数料	35640.0	151640.0	34820.0	0.1	22.9	97.6	㈱アグリコ	経費	支払手数料
202505	013000000	23	諸会費	0.0	0.0	0.0	0.0	0.0	0.0	㈱アグリコ	経費	諸会費
202505	013000000	24	会議費	0.0	0.0	0.0	0.0	0.0	0.0	㈱アグリコ	経費	会議費
202505	013000000	25	寄附金	0.0	0.0	0.0	0.0	0.0	0.0	㈱アグリコ	経費	寄附金
202505	013000000	26	租税公課	4000.0	4000.0	6000.0	0.0	150.0	150.0	㈱アグリコ	経費	租税公課
202505	013000000	27	貸倒金	0.0	0.0	0.0	0.0	0.0	0.0	㈱アグリコ	経費	貸倒金
202505	013000000	28	情報機器利用料	49650.0	49650.0	66200.0	0.2	133.3	133.3	㈱アグリコ	経費	情報機器利用料
202505	013000000	29	雑費	0.0	0.0	0.0	0.0	0.0	0.0	㈱アグリコ	経費	雑費
202505	013000000	30	新聞図書費	0.0	0.0	0.0	0.0	0.0	0.0	㈱アグリコ	経費	新聞図書費
202505	013000000	32	雑給	0.0	0.0	6000.0	0.0	0.0	0.0	㈱アグリコ	経費	雑給
202505	013000000	33	社内金利（固定資産）	0.0	0.0	0.0	0.0	0.0	0.0	㈱アグリコ	経費	社内金利（固定資産）
202505	013000000	34	社内金利（売掛金）	0.0	0.0	0.0	0.0	0.0	0.0	㈱アグリコ	経費	社内金利（売掛金）
202505	013000000	35	部門共通（経費）	0.0	0.0	0.0	0.0	0.0	0.0	㈱アグリコ	経費	部門共通（経費）
202505	013000000	36	グループ共通	1074000.0	1074000.0	1074000.0	3.6	100.0	100.0	㈱アグリコ	経費	グループ共通
202505	013000000	37	差引収益	2149377.0	2629377.0	2892524.0	9.8	110.0	134.5	㈱アグリコ		
202505	013000000	38	差引比率	7.2	8.3	9.8		118.0	136.1	㈱アグリコ		
202505	013000000	39	総時間	523.0	683.0	632.75		92.6	120.9	㈱アグリコ		
202505	013000000	40	定時間	484.0	644.0	604.0		93.7	124.7	㈱アグリコ	時間	
202505	013000000	41	残業時間	39.0	39.0	28.75		73.7	73.7	㈱アグリコ	時間	
202505	013000000	42	移動時間	0.0	0.0	0.0		0.0	0.0	㈱アグリコ	時間	
202505	013000000	43	部門共通（時間）	0.0	0.0	0.0		0.0	0.0	㈱アグリコ	時間	
202505	013000000	44	当月時間当り	4109.7	3849.7	4571.3		118.7	111.2	㈱アグリコ		
202505	013000000	45	人員	3.0	4.0	4.0		100.0	133.3	㈱アグリコ		
202506	013000000	1	総受注高	40400000.0	43000000.0	42852900.0		99.6	106.0	㈱アグリコ	受注	
202506	013000000	2	総売上高	40400000.0	43000000.0	42852900.0		99.6	106.0	㈱アグリコ		
202506	013000000	3	売上高	41050000.0	43650000.0	43732275.0		100.1	106.5	㈱アグリコ	売上	
202506	013000000	4	売上値引	-650000.0	-650000.0	-879375.0		0.0	0.0	㈱アグリコ	売上	
202506	013000000	5	売上原価	35590000.0	37910000.0	37738005.0		99.5	106.0	㈱アグリコ		
202506	013000000	6	総収益	4810000.0	5090000.0	5114895.0	11.9	100.4	106.3	㈱アグリコ		
202506	013000000	7	経費合計	1898900.0	2102900.0	2005504.0	4.6	95.3	105.6	㈱アグリコ		
202506	013000000	8	減価償却費	0.0	0.0	0.0	0.0	0.0	0.0	㈱アグリコ	経費	減価償却費
202506	013000000	9	車輛費	86300.0	86300.0	84757.0	0.1	98.2	98.2	㈱アグリコ	経費	車輛費
202506	013000000	10	旅費交通費	15000.0	80000.0	104272.0	0.2	130.3	695.1	㈱アグリコ	経費	旅費交通費
202506	013000000	11	運賃	250000.0	250000.0	122990.0	0.2	49.1	49.1	㈱アグリコ	経費	運賃
202506	013000000	12	通信費	13800.0	13800.0	14452.0	0.0	104.7	104.7	㈱アグリコ	経費	通信費
202506	013000000	13	水道光熱費	0.0	0.0	0.0	0.0	0.0	0.0	㈱アグリコ	経費	水道光熱費
202506	013000000	14	事務用品費	21300.0	21300.0	19308.0	0.0	90.6	90.6	㈱アグリコ	経費	事務用品費
202506	013000000	15	備品消耗品費	1000.0	1000.0	1772.0	0.0	177.2	177.2	㈱アグリコ	経費	備品消耗品費
202506	013000000	16	広告宣伝費	0.0	0.0	3300.0	0.0	0.0	0.0	㈱アグリコ	経費	広告宣伝費
202506	013000000	17	交際費	0.0	0.0	0.0	0.0	0.0	0.0	㈱アグリコ	経費	交際費
202506	013000000	18	賃借料	50000.0	50000.0	50000.0	0.1	100.0	100.0	㈱アグリコ	経費	賃借料
202506	013000000	19	修繕費	0.0	0.0	0.0	0.0	0.0	0.0	㈱アグリコ	経費	修繕費
202506	013000000	20	リース料	31500.0	31500.0	35000.0	0.0	111.1	111.1	㈱アグリコ	経費	リース料
202506	013000000	21	保険料	14060.0	14060.0	14060.0	0.0	100.0	100.0	㈱アグリコ	経費	保険料
202506	013000000	22	支払手数料	290290.0	429290.0	384393.0	0.8	89.5	132.4	㈱アグリコ	経費	支払手数料
202506	013000000	23	諸会費	0.0	0.0	0.0	0.0	0.0	0.0	㈱アグリコ	経費	諸会費
202506	013000000	24	会議費	0.0	0.0	0.0	0.0	0.0	0.0	㈱アグリコ	経費	会議費
202506	013000000	25	寄附金	0.0	0.0	0.0	0.0	0.0	0.0	㈱アグリコ	経費	寄附金
202506	013000000	26	租税公課	2000.0	2000.0	31000.0	0.0			㈱アグリコ	経費	租税公課
202506	013000000	27	貸倒金	0.0	0.0	0.0	0.0	0.0	0.0	㈱アグリコ	経費	貸倒金
202506	013000000	28	情報機器利用料	49650.0	49650.0	66200.0	0.1	133.3	133.3	㈱アグリコ	経費	情報機器利用料
202506	013000000	29	雑費	0.0	0.0	0.0	0.0	0.0	0.0	㈱アグリコ	経費	雑費
202506	013000000	30	新聞図書費	0.0	0.0	0.0	0.0	0.0	0.0	㈱アグリコ	経費	新聞図書費
202506	013000000	32	雑給	0.0	0.0	0.0	0.0	0.0	0.0	㈱アグリコ	経費	雑給
202506	013000000	33	社内金利（固定資産）	0.0	0.0	0.0	0.0	0.0	0.0	㈱アグリコ	経費	社内金利（固定資産）
202506	013000000	34	社内金利（売掛金）	0.0	0.0	0.0	0.0	0.0	0.0	㈱アグリコ	経費	社内金利（売掛金）
202506	013000000	35	部門共通（経費）	0.0	0.0	0.0	0.0	0.0	0.0	㈱アグリコ	経費	部門共通（経費）
202506	013000000	36	グループ共通	1074000.0	1074000.0	1074000.0	2.5	100.0	100.0	㈱アグリコ	経費	グループ共通
202506	013000000	37	差引収益	2911100.0	2987100.0	3109391.0	7.2	104.0	106.8	㈱アグリコ		
202506	013000000	38	差引比率	7.2	6.9	7.2		104.3	100.0	㈱アグリコ		
202506	013000000	39	総時間	544.0	701.0	639.0		91.1	117.4	㈱アグリコ		
202506	013000000	40	定時間	507.0	664.0	616.5		92.8	121.5	㈱アグリコ	時間	
202506	013000000	41	残業時間	37.0	37.0	22.5		60.8	60.8	㈱アグリコ	時間	
202506	013000000	42	移動時間	0.0	0.0	0.0		0.0	0.0	㈱アグリコ	時間	
202506	013000000	43	部門共通（時間）	0.0	0.0	0.0		0.0	0.0	㈱アグリコ	時間	
202506	013000000	44	当月時間当り	5351.2	4261.1	4866.0		114.1	90.9	㈱アグリコ		
202506	013000000	45	人員	3.0	4.0	4.0		100.0	133.3	㈱アグリコ		
202507	013000000	1	総受注高	27150000.0	27150000.0	23044428.0		84.8	84.8	㈱アグリコ	受注	
202507	013000000	2	総売上高	27150000.0	27150000.0	23044428.0		84.8	84.8	㈱アグリコ		
202507	013000000	3	売上高	27600000.0	27600000.0	23633293.0		85.6	85.6	㈱アグリコ	売上	
202507	013000000	4	売上値引	-450000.0	-450000.0	-588865.0		0.0	0.0	㈱アグリコ	売上	
202507	013000000	5	売上原価	23770000.0	23770000.0	19488312.0		81.9	81.9	㈱アグリコ		
202507	013000000	6	総収益	3380000.0	3380000.0	3556116.0	15.4	105.2	105.2	㈱アグリコ		
202507	013000000	7	経費合計	1878980.0	1961980.0	2307477.0	10.0	117.6	122.8	㈱アグリコ		
202507	013000000	8	減価償却費	0.0	0.0	0.0	0.0	0.0	0.0	㈱アグリコ	経費	減価償却費
202507	013000000	9	車輛費	78500.0	78500.0	81710.0	0.3	104.0	104.0	㈱アグリコ	経費	車輛費
202507	013000000	10	旅費交通費	12000.0	12000.0	38545.0	0.1	321.2	321.2	㈱アグリコ	経費	旅費交通費
202507	013000000	11	運賃	460000.0	460000.0	384950.0	1.6	83.6	83.6	㈱アグリコ	経費	運賃
202507	013000000	12	通信費	12720.0	12720.0	15226.0	0.0	119.7	119.7	㈱アグリコ	経費	通信費
202507	013000000	13	水道光熱費	0.0	0.0	0.0	0.0	0.0	0.0	㈱アグリコ	経費	水道光熱費
202507	013000000	14	事務用品費	9200.0	9200.0	11841.0	0.0	128.7	128.7	㈱アグリコ	経費	事務用品費
202507	013000000	15	備品消耗品費	1000.0	1000.0	1256.0	0.0	125.6	125.6	㈱アグリコ	経費	備品消耗品費
202507	013000000	16	広告宣伝費	700.0	700.0	0.0	0.0	0.0	0.0	㈱アグリコ	経費	広告宣伝費
202507	013000000	17	交際費	0.0	0.0	0.0	0.0	0.0	0.0	㈱アグリコ	経費	交際費
202507	013000000	18	賃借料	50000.0	50000.0	50000.0	0.2	100.0	100.0	㈱アグリコ	経費	賃借料
202507	013000000	19	修繕費	0.0	0.0	0.0	0.0	0.0	0.0	㈱アグリコ	経費	修繕費
202507	013000000	20	リース料	35000.0	35000.0	54000.0	0.2	154.2	154.2	㈱アグリコ	経費	リース料
202507	013000000	21	保険料	14060.0	14060.0	14060.0	0.0	100.0	100.0	㈱アグリコ	経費	保険料
202507	013000000	22	支払手数料	67650.0	150650.0	172479.0	0.7	114.4	254.9	㈱アグリコ	経費	支払手数料
202507	013000000	23	諸会費	0.0	0.0	0.0	0.0	0.0	0.0	㈱アグリコ	経費	諸会費
202507	013000000	24	会議費	0.0	0.0	0.0	0.0	0.0	0.0	㈱アグリコ	経費	会議費
202507	013000000	25	寄附金	0.0	0.0	0.0	0.0	0.0	0.0	㈱アグリコ	経費	寄附金
202507	013000000	26	租税公課	14500.0	14500.0	6000.0	0.0	41.3	41.3	㈱アグリコ	経費	租税公課
202507	013000000	27	貸倒金	0.0	0.0	0.0	0.0	0.0	0.0	㈱アグリコ	経費	貸倒金
202507	013000000	28	情報機器利用料	49650.0	49650.0	66200.0	0.2	133.3	133.3	㈱アグリコ	経費	情報機器利用料
202507	013000000	29	雑費	0.0	0.0	315210.0	1.3	0.0	0.0	㈱アグリコ	経費	雑費
202507	013000000	30	新聞図書費	0.0	0.0	0.0	0.0	0.0	0.0	㈱アグリコ	経費	新聞図書費
202507	013000000	32	雑給	0.0	0.0	22000.0	0.0	0.0	0.0	㈱アグリコ	経費	雑給
202507	013000000	33	社内金利（固定資産）	0.0	0.0	0.0	0.0	0.0	0.0	㈱アグリコ	経費	社内金利（固定資産）
202507	013000000	34	社内金利（売掛金）	0.0	0.0	0.0	0.0	0.0	0.0	㈱アグリコ	経費	社内金利（売掛金）
202507	013000000	35	部門共通（経費）	0.0	0.0	0.0	0.0	0.0	0.0	㈱アグリコ	経費	部門共通（経費）
202507	013000000	36	グループ共通	1074000.0	1074000.0	1074000.0	4.6	100.0	100.0	㈱アグリコ	経費	グループ共通
202507	013000000	37	差引収益	1501020.0	1418020.0	1248639.0	5.4	88.0	83.1	㈱アグリコ		
202507	013000000	38	差引比率	5.5	5.2	5.4		103.8	98.1	㈱アグリコ		
202507	013000000	39	総時間	562.0	600.0	557.0		92.8	99.1	㈱アグリコ		
202507	013000000	40	定時間	530.0	568.0	530.0		93.3	100.0	㈱アグリコ	時間	
202507	013000000	41	残業時間	32.0	32.0	27.0		84.3	84.3	㈱アグリコ	時間	
202507	013000000	42	移動時間	0.0	0.0	0.0		0.0	0.0	㈱アグリコ	時間	
202507	013000000	43	部門共通（時間）	0.0	0.0	0.0		0.0	0.0	㈱アグリコ	時間	
202507	013000000	44	当月時間当り	2670.8	2363.3	2241.7		94.8	83.9	㈱アグリコ		
202507	013000000	45	人員	3.0	3.0	3.0		100.0	100.0	㈱アグリコ		
202508	013000000	1	総受注高	20820000.0	20820000.0	17835387.0		85.6	85.6	㈱アグリコ	受注	
202508	013000000	2	総売上高	20820000.0	20820000.0	17835387.0		85.6	85.6	㈱アグリコ		
202508	013000000	3	売上高	21470000.0	21470000.0	18454686.0		85.9	85.9	㈱アグリコ	売上	
202508	013000000	4	売上値引	-650000.0	-650000.0	-619299.0		0.0	0.0	㈱アグリコ	売上	
202508	013000000	5	売上原価	18355000.0	18355000.0	15285018.0		83.2	83.2	㈱アグリコ		
202508	013000000	6	総収益	2465000.0	2465000.0	2550369.0	14.2	103.4	103.4	㈱アグリコ		
202508	013000000	7	経費合計	1650003.0	1742003.0	1639175.0	9.1	94.0	99.3	㈱アグリコ		
202508	013000000	8	減価償却費	0.0	0.0	0.0	0.0	0.0	0.0	㈱アグリコ	経費	減価償却費
202508	013000000	9	車輛費	85000.0	85000.0	96286.0	0.5	113.2	113.2	㈱アグリコ	経費	車輛費
202508	013000000	10	旅費交通費	15000.0	15000.0	47272.0	0.2	315.1	315.1	㈱アグリコ	経費	旅費交通費
202508	013000000	11	運賃	230000.0	230000.0	184465.0	1.0	80.2	80.2	㈱アグリコ	経費	運賃
202508	013000000	12	通信費	12800.0	12800.0	14177.0	0.0	110.7	110.7	㈱アグリコ	経費	通信費
202508	013000000	13	水道光熱費	0.0	0.0	0.0	0.0	0.0	0.0	㈱アグリコ	経費	水道光熱費
202508	013000000	14	事務用品費	21600.0	21600.0	19277.0	0.1	89.2	89.2	㈱アグリコ	経費	事務用品費
202508	013000000	15	備品消耗品費	4300.0	4300.0	2412.0	0.0	56.0	56.0	㈱アグリコ	経費	備品消耗品費
202508	013000000	16	広告宣伝費	27273.0	27273.0	30660.0	0.1	112.4	112.4	㈱アグリコ	経費	広告宣伝費
202508	013000000	17	交際費	0.0	0.0	0.0	0.0	0.0	0.0	㈱アグリコ	経費	交際費
202508	013000000	18	賃借料	50000.0	50000.0	50000.0	0.2	100.0	100.0	㈱アグリコ	経費	賃借料
202508	013000000	19	修繕費	0.0	0.0	0.0	0.0	0.0	0.0	㈱アグリコ	経費	修繕費
202508	013000000	20	リース料	35000.0	35000.0	35000.0	0.1	100.0	100.0	㈱アグリコ	経費	リース料
202508	013000000	21	保険料	14060.0	14060.0	14060.0	0.0	100.0	100.0	㈱アグリコ	経費	保険料
202508	013000000	22	支払手数料	29320.0	121320.0	33816.0	0.1	27.8	115.3	㈱アグリコ	経費	支払手数料
202508	013000000	23	諸会費	0.0	0.0	0.0	0.0	0.0	0.0	㈱アグリコ	経費	諸会費
202508	013000000	24	会議費	0.0	0.0	0.0	0.0	0.0	0.0	㈱アグリコ	経費	会議費
202508	013000000	25	寄附金	0.0	0.0	0.0	0.0	0.0	0.0	㈱アグリコ	経費	寄附金
202508	013000000	26	租税公課	2000.0	2000.0	1000.0	0.0	50.0	50.0	㈱アグリコ	経費	租税公課
202508	013000000	27	貸倒金	0.0	0.0	0.0	0.0	0.0	0.0	㈱アグリコ	経費	貸倒金
202508	013000000	28	情報機器利用料	49650.0	49650.0	33100.0	0.1	66.6	66.6	㈱アグリコ	経費	情報機器利用料
202508	013000000	29	雑費	0.0	0.0	3650.0	0.0	0.0	0.0	㈱アグリコ	経費	雑費
202508	013000000	30	新聞図書費	0.0	0.0	0.0	0.0	0.0	0.0	㈱アグリコ	経費	新聞図書費
202508	013000000	32	雑給	0.0	0.0	0.0	0.0	0.0	0.0	㈱アグリコ	経費	雑給
202508	013000000	33	社内金利（固定資産）	0.0	0.0	0.0	0.0	0.0	0.0	㈱アグリコ	経費	社内金利（固定資産）
202508	013000000	34	社内金利（売掛金）	0.0	0.0	0.0	0.0	0.0	0.0	㈱アグリコ	経費	社内金利（売掛金）
202508	013000000	35	部門共通（経費）	0.0	0.0	0.0	0.0	0.0	0.0	㈱アグリコ	経費	部門共通（経費）
202508	013000000	36	グループ共通	1074000.0	1074000.0	1074000.0	6.0	100.0	100.0	㈱アグリコ	経費	グループ共通
202508	013000000	37	差引収益	814997.0	722997.0	911194.0	5.1	126.0	111.8	㈱アグリコ		
202508	013000000	38	差引比率	3.9	3.4	5.1		150.0	130.7	㈱アグリコ		
202508	013000000	39	総時間	407.0	438.0	440.25		100.5	108.1	㈱アグリコ		
202508	013000000	40	定時間	377.0	408.0	412.0		100.9	109.2	㈱アグリコ	時間	
202508	013000000	41	残業時間	30.0	30.0	28.25		94.1	94.1	㈱アグリコ	時間	
202508	013000000	42	移動時間	0.0	0.0	0.0		0.0	0.0	㈱アグリコ	時間	
202508	013000000	43	部門共通（時間）	0.0	0.0	0.0		0.0	0.0	㈱アグリコ	時間	
202508	013000000	44	当月時間当り	2002.4	1650.6	2069.7		125.3	103.3	㈱アグリコ		
202508	013000000	45	人員	3.0	3.0	3.0		100.0	100.0	㈱アグリコ		
202509	013000000	1	総受注高	20400000.0	20400000.0	15930088.0		78.0	78.0	㈱アグリコ	受注	
202509	013000000	2	総売上高	20400000.0	20400000.0	15930088.0		78.0	78.0	㈱アグリコ		
202509	013000000	3	売上高	20850000.0	20850000.0	16392452.0		78.6	78.6	㈱アグリコ	売上	
202509	013000000	4	売上値引	-450000.0	-450000.0	-462364.0		0.0	0.0	㈱アグリコ	売上	
202509	013000000	5	売上原価	17720000.0	17720000.0	13645894.0		77.0	77.0	㈱アグリコ		
202509	013000000	6	総収益	2680000.0	2680000.0	2284194.0	14.3	85.2	85.2	㈱アグリコ		
202509	013000000	7	経費合計	1586150.0	1662700.0	1716301.0	10.7	103.2	108.2	㈱アグリコ		
202509	013000000	8	減価償却費	0.0	0.0	0.0	0.0	0.0	0.0	㈱アグリコ	経費	減価償却費
202509	013000000	9	車輛費	75000.0	75000.0	56381.0	0.3	75.1	75.1	㈱アグリコ	経費	車輛費
202509	013000000	10	旅費交通費	48000.0	48000.0	25981.0	0.1	54.1	54.1	㈱アグリコ	経費	旅費交通費
202509	013000000	11	運賃	180000.0	180000.0	143265.0	0.8	79.5	79.5	㈱アグリコ	経費	運賃
202509	013000000	12	通信費	11600.0	11600.0	13893.0	0.0	119.7	119.7	㈱アグリコ	経費	通信費
202509	013000000	13	水道光熱費	0.0	0.0	0.0	0.0	0.0	0.0	㈱アグリコ	経費	水道光熱費
202509	013000000	14	事務用品費	7000.0	7000.0	22538.0	0.1	321.9	321.9	㈱アグリコ	経費	事務用品費
202509	013000000	15	備品消耗品費	200.0	200.0	2032.0	0.0			㈱アグリコ	経費	備品消耗品費
202509	013000000	16	広告宣伝費	3300.0	3300.0	0.0	0.0	0.0	0.0	㈱アグリコ	経費	広告宣伝費
202509	013000000	17	交際費	0.0	0.0	0.0	0.0	0.0	0.0	㈱アグリコ	経費	交際費
202509	013000000	18	賃借料	50000.0	50000.0	50000.0	0.3	100.0	100.0	㈱アグリコ	経費	賃借料
202509	013000000	19	修繕費	0.0	0.0	0.0	0.0	0.0	0.0	㈱アグリコ	経費	修繕費
202509	013000000	20	リース料	35000.0	35000.0	35000.0	0.2	100.0	100.0	㈱アグリコ	経費	リース料
202509	013000000	21	保険料	14060.0	14060.0	14060.0	0.0	100.0	100.0	㈱アグリコ	経費	保険料
202509	013000000	22	支払手数料	37340.0	97340.0	192151.0	1.2	197.4	514.5	㈱アグリコ	経費	支払手数料
202509	013000000	23	諸会費	0.0	0.0	0.0	0.0	0.0	0.0	㈱アグリコ	経費	諸会費
202509	013000000	24	会議費	0.0	0.0	0.0	0.0	0.0	0.0	㈱アグリコ	経費	会議費
202509	013000000	25	寄附金	0.0	0.0	0.0	0.0	0.0	0.0	㈱アグリコ	経費	寄附金
202509	013000000	26	租税公課	1000.0	1000.0	1000.0	0.0	100.0	100.0	㈱アグリコ	経費	租税公課
202509	013000000	27	貸倒金	0.0	0.0	0.0	0.0	0.0	0.0	㈱アグリコ	経費	貸倒金
202509	013000000	28	情報機器利用料	49650.0	66200.0	66200.0	0.4	100.0	133.3	㈱アグリコ	経費	情報機器利用料
202509	013000000	29	雑費	0.0	0.0	0.0	0.0	0.0	0.0	㈱アグリコ	経費	雑費
202509	013000000	30	新聞図書費	0.0	0.0	0.0	0.0	0.0	0.0	㈱アグリコ	経費	新聞図書費
202509	013000000	32	雑給	0.0	0.0	19800.0	0.1	0.0	0.0	㈱アグリコ	経費	雑給
202509	013000000	33	社内金利（固定資産）	0.0	0.0	0.0	0.0	0.0	0.0	㈱アグリコ	経費	社内金利（固定資産）
202509	013000000	34	社内金利（売掛金）	0.0	0.0	0.0	0.0	0.0	0.0	㈱アグリコ	経費	社内金利（売掛金）
202509	013000000	35	部門共通（経費）	0.0	0.0	0.0	0.0	0.0	0.0	㈱アグリコ	経費	部門共通（経費）
202509	013000000	36	グループ共通	1074000.0	1074000.0	1074000.0	6.7	100.0	100.0	㈱アグリコ	経費	グループ共通
202509	013000000	37	差引収益	1093850.0	1017300.0	567893.0	3.5	55.8	51.9	㈱アグリコ		
202509	013000000	38	差引比率	5.3	4.9	3.5		71.4	66.0	㈱アグリコ		
202509	013000000	39	総時間	475.0	648.0	665.0		102.6	140.0	㈱アグリコ		
202509	013000000	40	定時間	445.0	616.0	627.25		101.8	140.9	㈱アグリコ	時間	
202509	013000000	41	残業時間	30.0	32.0	37.75		117.9	125.8	㈱アグリコ	時間	
202509	013000000	42	移動時間	0.0	0.0	0.0		0.0	0.0	㈱アグリコ	時間	
202509	013000000	43	部門共通（時間）	0.0	0.0	0.0		0.0	0.0	㈱アグリコ	時間	
202509	013000000	44	当月時間当り	2302.8	1569.9	853.9		54.3	37.0	㈱アグリコ		
202509	013000000	45	人員	3.0	4.0	4.0		100.0	133.3	㈱アグリコ		
202510	013000000	1	総受注高	16480000.0	17850000.0	17546978.0		98.3	106.4	㈱アグリコ	受注	
202510	013000000	2	総売上高	16480000.0	17850000.0	17546978.0		98.3	106.4	㈱アグリコ		
202510	013000000	3	売上高	16780000.0	18150000.0	17874129.0		98.4	106.5	㈱アグリコ	売上	
202510	013000000	4	売上値引	-300000.0	-300000.0	-327151.0		0.0	0.0	㈱アグリコ	売上	
202510	013000000	5	売上原価	13910000.0	14890000.0	14494983.0		97.3	104.2	㈱アグリコ		
202510	013000000	6	総収益	2570000.0	2960000.0	3051995.0	17.3	103.1	118.7	㈱アグリコ		
202510	013000000	7	経費合計	1589500.0	1685050.0	1590414.0	9.0	94.3	100.0	㈱アグリコ		
202510	013000000	8	減価償却費	0.0	0.0	0.0	0.0	0.0	0.0	㈱アグリコ	経費	減価償却費
202510	013000000	9	車輛費	66000.0	66000.0	68883.0	0.3	104.3	104.3	㈱アグリコ	経費	車輛費
202510	013000000	10	旅費交通費	45000.0	45000.0	12182.0	0.0	27.0	27.0	㈱アグリコ	経費	旅費交通費
202510	013000000	11	運賃	164000.0	164000.0	134010.0	0.7	81.7	81.7	㈱アグリコ	経費	運賃
202510	013000000	12	通信費	14190.0	14190.0	16765.0	0.0	118.1	118.1	㈱アグリコ	経費	通信費
202510	013000000	13	水道光熱費	0.0	0.0	0.0	0.0	0.0	0.0	㈱アグリコ	経費	水道光熱費
202510	013000000	14	事務用品費	15200.0	15200.0	19132.0	0.1	125.8	125.8	㈱アグリコ	経費	事務用品費
202510	013000000	15	備品消耗品費	8700.0	8700.0	398.0	0.0	4.5	4.5	㈱アグリコ	経費	備品消耗品費
202510	013000000	16	広告宣伝費	0.0	0.0	0.0	0.0	0.0	0.0	㈱アグリコ	経費	広告宣伝費
202510	013000000	17	交際費	0.0	0.0	0.0	0.0	0.0	0.0	㈱アグリコ	経費	交際費
202510	013000000	18	賃借料	50000.0	50000.0	50000.0	0.2	100.0	100.0	㈱アグリコ	経費	賃借料
202510	013000000	19	修繕費	0.0	0.0	0.0	0.0	0.0	0.0	㈱アグリコ	経費	修繕費
202510	013000000	20	リース料	35000.0	35000.0	35000.0	0.1	100.0	100.0	㈱アグリコ	経費	リース料
202510	013000000	21	保険料	14060.0	14060.0	14060.0	0.0	100.0	100.0	㈱アグリコ	経費	保険料
202510	013000000	22	支払手数料	37500.0	116500.0	95584.0	0.5	82.0	254.8	㈱アグリコ	経費	支払手数料
202510	013000000	23	諸会費	3000.0	3000.0	3000.0	0.0	100.0	100.0	㈱アグリコ	経費	諸会費
202510	013000000	24	会議費	0.0	0.0	0.0	0.0	0.0	0.0	㈱アグリコ	経費	会議費
202510	013000000	25	寄附金	0.0	0.0	0.0	0.0	0.0	0.0	㈱アグリコ	経費	寄附金
202510	013000000	26	租税公課	0.0	0.0	1200.0	0.0	0.0	0.0	㈱アグリコ	経費	租税公課
202510	013000000	27	貸倒金	0.0	0.0	0.0	0.0	0.0	0.0	㈱アグリコ	経費	貸倒金
202510	013000000	28	情報機器利用料	49650.0	66200.0	66200.0	0.3	100.0	133.3	㈱アグリコ	経費	情報機器利用料
202510	013000000	29	雑費	0.0	0.0	0.0	0.0	0.0	0.0	㈱アグリコ	経費	雑費
202510	013000000	30	新聞図書費	0.0	0.0	0.0	0.0	0.0	0.0	㈱アグリコ	経費	新聞図書費
202510	013000000	32	雑給	13200.0	13200.0	0.0	0.0	0.0	0.0	㈱アグリコ	経費	雑給
202510	013000000	33	社内金利（固定資産）	0.0	0.0	0.0	0.0	0.0	0.0	㈱アグリコ	経費	社内金利（固定資産）
202510	013000000	34	社内金利（売掛金）	0.0	0.0	0.0	0.0	0.0	0.0	㈱アグリコ	経費	社内金利（売掛金）
202510	013000000	35	部門共通（経費）	0.0	0.0	0.0	0.0	0.0	0.0	㈱アグリコ	経費	部門共通（経費）
202510	013000000	36	グループ共通	1074000.0	1074000.0	1074000.0	6.1	100.0	100.0	㈱アグリコ	経費	グループ共通
202510	013000000	37	差引収益	980500.0	1274950.0	1461581.0	8.3	114.6	149.0	㈱アグリコ		
202510	013000000	38	差引比率	5.9	7.1	8.3		116.9	140.6	㈱アグリコ		
202510	013000000	39	総時間	515.0	685.0	663.25		96.8	128.7	㈱アグリコ		
202510	013000000	40	定時間	491.0	659.0	642.75		97.5	130.9	㈱アグリコ	時間	
202510	013000000	41	残業時間	24.0	26.0	20.5		78.8	85.4	㈱アグリコ	時間	
202510	013000000	42	移動時間	0.0	0.0	0.0		0.0	0.0	㈱アグリコ	時間	
202510	013000000	43	部門共通（時間）	0.0	0.0	0.0		0.0	0.0	㈱アグリコ	時間	
202510	013000000	44	当月時間当り	1903.8	1861.2	2203.6		118.3	115.7	㈱アグリコ		
202510	013000000	45	人員	3.0	4.0	4.0		100.0	133.3	㈱アグリコ		
202511	013000000	1	総受注高	16100000.0	16600000.0	11919711.0		71.8	74.0	㈱アグリコ	受注	
202511	013000000	2	総売上高	16100000.0	16600000.0	11919711.0		71.8	74.0	㈱アグリコ		
202511	013000000	3	売上高	16550000.0	17050000.0	12130853.0		71.1	73.2	㈱アグリコ	売上	
202511	013000000	4	売上値引	-450000.0	-450000.0	-211142.0		0.0	0.0	㈱アグリコ	売上	
202511	013000000	5	売上原価	13630000.0	14040000.0	9824389.0		69.9	72.0	㈱アグリコ		
202511	013000000	6	総収益	2470000.0	2560000.0	2095322.0	17.5	81.8	84.8	㈱アグリコ		
202511	013000000	7	経費合計	1647680.0	1685230.0	1508462.0	12.6	89.5	91.5	㈱アグリコ		
202511	013000000	8	減価償却費	0.0	0.0	0.0	0.0	0.0	0.0	㈱アグリコ	経費	減価償却費
202511	013000000	9	車輛費	68000.0	68000.0	60722.0	0.5	89.2	89.2	㈱アグリコ	経費	車輛費
202511	013000000	10	旅費交通費	71000.0	71000.0	26691.0	0.2	37.5	37.5	㈱アグリコ	経費	旅費交通費
202511	013000000	11	運賃	133000.0	133000.0	90045.0	0.7	67.7	67.7	㈱アグリコ	経費	運賃
202511	013000000	12	通信費	15100.0	15100.0	16324.0	0.1	108.1	108.1	㈱アグリコ	経費	通信費
202511	013000000	13	水道光熱費	0.0	0.0	0.0	0.0	0.0	0.0	㈱アグリコ	経費	水道光熱費
202511	013000000	14	事務用品費	98800.0	98800.0	11945.0	0.1	12.0	12.0	㈱アグリコ	経費	事務用品費
202511	013000000	15	備品消耗品費	3100.0	3100.0	0.0	0.0	0.0	0.0	㈱アグリコ	経費	備品消耗品費
202511	013000000	16	広告宣伝費	0.0	0.0	30000.0	0.2	0.0	0.0	㈱アグリコ	経費	広告宣伝費
202511	013000000	17	交際費	2000.0	2000.0	0.0	0.0	0.0	0.0	㈱アグリコ	経費	交際費
202511	013000000	18	賃借料	50000.0	50000.0	50000.0	0.4	100.0	100.0	㈱アグリコ	経費	賃借料
202511	013000000	19	修繕費	0.0	0.0	0.0	0.0	0.0	0.0	㈱アグリコ	経費	修繕費
202511	013000000	20	リース料	35000.0	35000.0	35000.0	0.2	100.0	100.0	㈱アグリコ	経費	リース料
202511	013000000	21	保険料	14060.0	14060.0	14060.0	0.1	100.0	100.0	㈱アグリコ	経費	保険料
202511	013000000	22	支払手数料	33370.0	54370.0	32875.0	0.2	60.4	98.5	㈱アグリコ	経費	支払手数料
202511	013000000	23	諸会費	0.0	0.0	0.0	0.0	0.0	0.0	㈱アグリコ	経費	諸会費
202511	013000000	24	会議費	0.0	0.0	0.0	0.0	0.0	0.0	㈱アグリコ	経費	会議費
202511	013000000	25	寄附金	0.0	0.0	0.0	0.0	0.0	0.0	㈱アグリコ	経費	寄附金
202511	013000000	26	租税公課	600.0	600.0	600.0	0.0	100.0	100.0	㈱アグリコ	経費	租税公課
202511	013000000	27	貸倒金	0.0	0.0	0.0	0.0	0.0	0.0	㈱アグリコ	経費	貸倒金
202511	013000000	28	情報機器利用料	49650.0	66200.0	66200.0	0.5	100.0	133.3	㈱アグリコ	経費	情報機器利用料
202511	013000000	29	雑費	0.0	0.0	0.0	0.0	0.0	0.0	㈱アグリコ	経費	雑費
202511	013000000	30	新聞図書費	0.0	0.0	0.0	0.0	0.0	0.0	㈱アグリコ	経費	新聞図書費
202511	013000000	32	雑給	0.0	0.0	0.0	0.0	0.0	0.0	㈱アグリコ	経費	雑給
202511	013000000	33	社内金利（固定資産）	0.0	0.0	0.0	0.0	0.0	0.0	㈱アグリコ	経費	社内金利（固定資産）
202511	013000000	34	社内金利（売掛金）	0.0	0.0	0.0	0.0	0.0	0.0	㈱アグリコ	経費	社内金利（売掛金）
202511	013000000	35	部門共通（経費）	0.0	0.0	0.0	0.0	0.0	0.0	㈱アグリコ	経費	部門共通（経費）
202511	013000000	36	グループ共通	1074000.0	1074000.0	1074000.0	9.0	100.0	100.0	㈱アグリコ	経費	グループ共通
202511	013000000	37	差引収益	822320.0	874770.0	586860.0	4.9	67.0	71.3	㈱アグリコ		
202511	013000000	38	差引比率	5.1	5.2	4.9		94.2	96.0	㈱アグリコ		
202511	013000000	39	総時間	426.0	564.0	582.5		103.2	136.7	㈱アグリコ		
202511	013000000	40	定時間	399.0	535.0	551.0		102.9	138.0	㈱アグリコ	時間	
202511	013000000	41	残業時間	27.0	29.0	31.5		108.6	116.6	㈱アグリコ	時間	
202511	013000000	42	移動時間	0.0	0.0	0.0		0.0	0.0	㈱アグリコ	時間	
202511	013000000	43	部門共通（時間）	0.0	0.0	0.0		0.0	0.0	㈱アグリコ	時間	
202511	013000000	44	当月時間当り	1930.3	1551.0	1007.4		64.9	52.1	㈱アグリコ		
202511	013000000	45	人員	3.0	4.0	4.0		100.0	133.3	㈱アグリコ		
202204	013090200	1	総受注高	0.0	0.0	0.0		0.0	0.0	本社収支	受注	
202204	013090200	2	総売上高	0.0	0.0	0.0		0.0	0.0	本社収支		
202204	013090200	3	売上高	0.0	0.0	0.0		0.0	0.0	本社収支	売上	
202204	013090200	4	売上値引	0.0	0.0	0.0		0.0	0.0	本社収支	売上	
202204	013090200	5	売上原価	0.0	0.0	0.0		0.0	0.0	本社収支		
202204	013090200	6	総収益	0.0	0.0	0.0	0.0	0.0	0.0	本社収支		
202204	013090200	7	経費合計	0.0	0.0	0.0	0.0	0.0	0.0	本社収支		
202204	013090200	8	減価償却費	0.0	0.0	0.0	0.0	0.0	0.0	本社収支	経費	減価償却費
202204	013090200	9	車輛費	0.0	0.0	0.0	0.0	0.0	0.0	本社収支	経費	車輛費
202204	013090200	10	旅費交通費	0.0	0.0	0.0	0.0	0.0	0.0	本社収支	経費	旅費交通費
202204	013090200	11	運賃	0.0	0.0	0.0	0.0	0.0	0.0	本社収支	経費	運賃
202204	013090200	12	通信費	0.0	0.0	0.0	0.0	0.0	0.0	本社収支	経費	通信費
202204	013090200	13	水道光熱費	0.0	0.0	0.0	0.0	0.0	0.0	本社収支	経費	水道光熱費
202204	013090200	14	事務用品費	0.0	0.0	0.0	0.0	0.0	0.0	本社収支	経費	事務用品費
202204	013090200	15	備品消耗品費	0.0	0.0	0.0	0.0	0.0	0.0	本社収支	経費	備品消耗品費
202204	013090200	16	広告宣伝費	0.0	0.0	0.0	0.0	0.0	0.0	本社収支	経費	広告宣伝費
202204	013090200	17	交際費	0.0	0.0	0.0	0.0	0.0	0.0	本社収支	経費	交際費
202204	013090200	18	賃借料	0.0	0.0	0.0	0.0	0.0	0.0	本社収支	経費	賃借料
202204	013090200	19	修繕費	0.0	0.0	0.0	0.0	0.0	0.0	本社収支	経費	修繕費
202204	013090200	20	リース料	0.0	0.0	0.0	0.0	0.0	0.0	本社収支	経費	リース料
202204	013090200	21	保険料	0.0	0.0	0.0	0.0	0.0	0.0	本社収支	経費	保険料
202204	013090200	22	支払手数料	0.0	0.0	0.0	0.0	0.0	0.0	本社収支	経費	支払手数料
202204	013090200	23	諸会費	0.0	0.0	0.0	0.0	0.0	0.0	本社収支	経費	諸会費
202204	013090200	24	会議費	0.0	0.0	0.0	0.0	0.0	0.0	本社収支	経費	会議費
202204	013090200	25	寄附金	0.0	0.0	0.0	0.0	0.0	0.0	本社収支	経費	寄附金
202204	013090200	26	租税公課	0.0	0.0	0.0	0.0	0.0	0.0	本社収支	経費	租税公課
202204	013090200	27	貸倒金	0.0	0.0	0.0	0.0	0.0	0.0	本社収支	経費	貸倒金
202204	013090200	28	情報機器利用料	0.0	0.0	0.0	0.0	0.0	0.0	本社収支	経費	情報機器利用料
202204	013090200	29	雑費	0.0	0.0	0.0	0.0	0.0	0.0	本社収支	経費	雑費
202204	013090200	30	新聞図書費	0.0	0.0	0.0	0.0	0.0	0.0	本社収支	経費	新聞図書費
202204	013090200	32	雑給	0.0	0.0	0.0	0.0	0.0	0.0	本社収支	経費	雑給
202204	013090200	33	社内金利（固定資産）	0.0	0.0	0.0	0.0	0.0	0.0	本社収支	経費	社内金利（固定資産）
202204	013090200	34	社内金利（売掛金）	0.0	0.0	0.0	0.0	0.0	0.0	本社収支	経費	社内金利（売掛金）
202204	013090200	35	部門共通（経費）	0.0	0.0	0.0	0.0	0.0	0.0	本社収支	経費	部門共通（経費）
202204	013090200	36	グループ共通	0.0	0.0	0.0	0.0	0.0	0.0	本社収支	経費	グループ共通
202204	013090200	37	差引収益	0.0	0.0	0.0	0.0	0.0	0.0	本社収支		
202204	013090200	38	差引比率	0.0	0.0	0.0		0.0	0.0	本社収支		
202204	013090200	39	総時間	0.0	0.0	0.0		0.0	0.0	本社収支		
202204	013090200	40	定時間	0.0	0.0	0.0		0.0	0.0	本社収支	時間	
202204	013090200	41	残業時間	0.0	0.0	0.0		0.0	0.0	本社収支	時間	
202204	013090200	42	移動時間	0.0	0.0	0.0		0.0	0.0	本社収支	時間	
202204	013090200	43	部門共通（時間）	0.0	0.0	0.0		0.0	0.0	本社収支	時間	
202204	013090200	44	当月時間当り	0.0	0.0	0.0		0.0	0.0	本社収支		
202204	013090200	45	人員	0.0	0.0	0.0		0.0	0.0	本社収支		
202205	013090200	1	総受注高	0.0	0.0	0.0		0.0	0.0	本社収支	受注	
202205	013090200	2	総売上高	0.0	0.0	0.0		0.0	0.0	本社収支		
202205	013090200	3	売上高	0.0	0.0	0.0		0.0	0.0	本社収支	売上	
202205	013090200	4	売上値引	0.0	0.0	0.0		0.0	0.0	本社収支	売上	
202205	013090200	5	売上原価	0.0	0.0	0.0		0.0	0.0	本社収支		
202205	013090200	6	総収益	0.0	0.0	0.0	0.0	0.0	0.0	本社収支		
202205	013090200	7	経費合計	0.0	0.0	0.0	0.0	0.0	0.0	本社収支		
202205	013090200	8	減価償却費	0.0	0.0	0.0	0.0	0.0	0.0	本社収支	経費	減価償却費
202205	013090200	9	車輛費	0.0	0.0	0.0	0.0	0.0	0.0	本社収支	経費	車輛費
202205	013090200	10	旅費交通費	0.0	0.0	0.0	0.0	0.0	0.0	本社収支	経費	旅費交通費
202205	013090200	11	運賃	0.0	0.0	0.0	0.0	0.0	0.0	本社収支	経費	運賃
202205	013090200	12	通信費	0.0	0.0	0.0	0.0	0.0	0.0	本社収支	経費	通信費
202205	013090200	13	水道光熱費	0.0	0.0	0.0	0.0	0.0	0.0	本社収支	経費	水道光熱費
202205	013090200	14	事務用品費	0.0	0.0	0.0	0.0	0.0	0.0	本社収支	経費	事務用品費
202205	013090200	15	備品消耗品費	0.0	0.0	0.0	0.0	0.0	0.0	本社収支	経費	備品消耗品費
202205	013090200	16	広告宣伝費	0.0	0.0	0.0	0.0	0.0	0.0	本社収支	経費	広告宣伝費
202205	013090200	17	交際費	0.0	0.0	0.0	0.0	0.0	0.0	本社収支	経費	交際費
202205	013090200	18	賃借料	0.0	0.0	0.0	0.0	0.0	0.0	本社収支	経費	賃借料
202205	013090200	19	修繕費	0.0	0.0	0.0	0.0	0.0	0.0	本社収支	経費	修繕費
202205	013090200	20	リース料	0.0	0.0	0.0	0.0	0.0	0.0	本社収支	経費	リース料
202205	013090200	21	保険料	0.0	0.0	0.0	0.0	0.0	0.0	本社収支	経費	保険料
202205	013090200	22	支払手数料	0.0	0.0	0.0	0.0	0.0	0.0	本社収支	経費	支払手数料
202205	013090200	23	諸会費	0.0	0.0	0.0	0.0	0.0	0.0	本社収支	経費	諸会費
202205	013090200	24	会議費	0.0	0.0	0.0	0.0	0.0	0.0	本社収支	経費	会議費
202205	013090200	25	寄附金	0.0	0.0	0.0	0.0	0.0	0.0	本社収支	経費	寄附金
202205	013090200	26	租税公課	0.0	0.0	0.0	0.0	0.0	0.0	本社収支	経費	租税公課
202205	013090200	27	貸倒金	0.0	0.0	0.0	0.0	0.0	0.0	本社収支	経費	貸倒金
202205	013090200	28	情報機器利用料	0.0	0.0	0.0	0.0	0.0	0.0	本社収支	経費	情報機器利用料
202205	013090200	29	雑費	0.0	0.0	0.0	0.0	0.0	0.0	本社収支	経費	雑費
202205	013090200	30	新聞図書費	0.0	0.0	0.0	0.0	0.0	0.0	本社収支	経費	新聞図書費
202205	013090200	32	雑給	0.0	0.0	0.0	0.0	0.0	0.0	本社収支	経費	雑給
202205	013090200	33	社内金利（固定資産）	0.0	0.0	0.0	0.0	0.0	0.0	本社収支	経費	社内金利（固定資産）
202205	013090200	34	社内金利（売掛金）	0.0	0.0	0.0	0.0	0.0	0.0	本社収支	経費	社内金利（売掛金）
202205	013090200	35	部門共通（経費）	0.0	0.0	0.0	0.0	0.0	0.0	本社収支	経費	部門共通（経費）
202205	013090200	36	グループ共通	0.0	0.0	0.0	0.0	0.0	0.0	本社収支	経費	グループ共通
202205	013090200	37	差引収益	0.0	0.0	0.0	0.0	0.0	0.0	本社収支		
202205	013090200	38	差引比率	0.0	0.0	0.0		0.0	0.0	本社収支		
202205	013090200	39	総時間	0.0	0.0	0.0		0.0	0.0	本社収支		
202205	013090200	40	定時間	0.0	0.0	0.0		0.0	0.0	本社収支	時間	
202205	013090200	41	残業時間	0.0	0.0	0.0		0.0	0.0	本社収支	時間	
202205	013090200	42	移動時間	0.0	0.0	0.0		0.0	0.0	本社収支	時間	
202205	013090200	43	部門共通（時間）	0.0	0.0	0.0		0.0	0.0	本社収支	時間	
202205	013090200	44	当月時間当り	0.0	0.0	0.0		0.0	0.0	本社収支		
202205	013090200	45	人員	0.0	0.0	0.0		0.0	0.0	本社収支		
202206	013090200	1	総受注高	0.0	0.0	0.0		0.0	0.0	本社収支	受注	
202206	013090200	2	総売上高	0.0	0.0	0.0		0.0	0.0	本社収支		
202206	013090200	3	売上高	0.0	0.0	0.0		0.0	0.0	本社収支	売上	
202206	013090200	4	売上値引	0.0	0.0	0.0		0.0	0.0	本社収支	売上	
202206	013090200	5	売上原価	0.0	0.0	0.0		0.0	0.0	本社収支		
202206	013090200	6	総収益	0.0	0.0	0.0	0.0	0.0	0.0	本社収支		
202206	013090200	7	経費合計	0.0	0.0	0.0	0.0	0.0	0.0	本社収支		
202206	013090200	8	減価償却費	0.0	0.0	0.0	0.0	0.0	0.0	本社収支	経費	減価償却費
202206	013090200	9	車輛費	0.0	0.0	0.0	0.0	0.0	0.0	本社収支	経費	車輛費
202206	013090200	10	旅費交通費	0.0	0.0	0.0	0.0	0.0	0.0	本社収支	経費	旅費交通費
202206	013090200	11	運賃	0.0	0.0	0.0	0.0	0.0	0.0	本社収支	経費	運賃
202206	013090200	12	通信費	0.0	0.0	0.0	0.0	0.0	0.0	本社収支	経費	通信費
202206	013090200	13	水道光熱費	0.0	0.0	0.0	0.0	0.0	0.0	本社収支	経費	水道光熱費
202206	013090200	14	事務用品費	0.0	0.0	0.0	0.0	0.0	0.0	本社収支	経費	事務用品費
202206	013090200	15	備品消耗品費	0.0	0.0	0.0	0.0	0.0	0.0	本社収支	経費	備品消耗品費
202206	013090200	16	広告宣伝費	0.0	0.0	0.0	0.0	0.0	0.0	本社収支	経費	広告宣伝費
202206	013090200	17	交際費	0.0	0.0	0.0	0.0	0.0	0.0	本社収支	経費	交際費
202206	013090200	18	賃借料	0.0	0.0	0.0	0.0	0.0	0.0	本社収支	経費	賃借料
202206	013090200	19	修繕費	0.0	0.0	0.0	0.0	0.0	0.0	本社収支	経費	修繕費
202206	013090200	20	リース料	0.0	0.0	0.0	0.0	0.0	0.0	本社収支	経費	リース料
202206	013090200	21	保険料	0.0	0.0	0.0	0.0	0.0	0.0	本社収支	経費	保険料
202206	013090200	22	支払手数料	0.0	0.0	0.0	0.0	0.0	0.0	本社収支	経費	支払手数料
202206	013090200	23	諸会費	0.0	0.0	0.0	0.0	0.0	0.0	本社収支	経費	諸会費
202206	013090200	24	会議費	0.0	0.0	0.0	0.0	0.0	0.0	本社収支	経費	会議費
202206	013090200	25	寄附金	0.0	0.0	0.0	0.0	0.0	0.0	本社収支	経費	寄附金
202206	013090200	26	租税公課	0.0	0.0	0.0	0.0	0.0	0.0	本社収支	経費	租税公課
202206	013090200	27	貸倒金	0.0	0.0	0.0	0.0	0.0	0.0	本社収支	経費	貸倒金
202206	013090200	28	情報機器利用料	0.0	0.0	0.0	0.0	0.0	0.0	本社収支	経費	情報機器利用料
202206	013090200	29	雑費	0.0	0.0	0.0	0.0	0.0	0.0	本社収支	経費	雑費
202206	013090200	30	新聞図書費	0.0	0.0	0.0	0.0	0.0	0.0	本社収支	経費	新聞図書費
202206	013090200	32	雑給	0.0	0.0	0.0	0.0	0.0	0.0	本社収支	経費	雑給
202206	013090200	33	社内金利（固定資産）	0.0	0.0	0.0	0.0	0.0	0.0	本社収支	経費	社内金利（固定資産）
202206	013090200	34	社内金利（売掛金）	0.0	0.0	0.0	0.0	0.0	0.0	本社収支	経費	社内金利（売掛金）
202206	013090200	35	部門共通（経費）	0.0	0.0	0.0	0.0	0.0	0.0	本社収支	経費	部門共通（経費）
202206	013090200	36	グループ共通	0.0	0.0	0.0	0.0	0.0	0.0	本社収支	経費	グループ共通
202206	013090200	37	差引収益	0.0	0.0	0.0	0.0	0.0	0.0	本社収支		
202206	013090200	38	差引比率	0.0	0.0	0.0		0.0	0.0	本社収支		
202206	013090200	39	総時間	0.0	0.0	0.0		0.0	0.0	本社収支		
202206	013090200	40	定時間	0.0	0.0	0.0		0.0	0.0	本社収支	時間	
202206	013090200	41	残業時間	0.0	0.0	0.0		0.0	0.0	本社収支	時間	
202206	013090200	42	移動時間	0.0	0.0	0.0		0.0	0.0	本社収支	時間	
202206	013090200	43	部門共通（時間）	0.0	0.0	0.0		0.0	0.0	本社収支	時間	
202206	013090200	44	当月時間当り	0.0	0.0	0.0		0.0	0.0	本社収支		
202206	013090200	45	人員	0.0	0.0	0.0		0.0	0.0	本社収支		
202207	013090200	1	総受注高	0.0	0.0	0.0		0.0	0.0	本社収支	受注	
202207	013090200	2	総売上高	0.0	0.0	0.0		0.0	0.0	本社収支		
202207	013090200	3	売上高	0.0	0.0	0.0		0.0	0.0	本社収支	売上	
202207	013090200	4	売上値引	0.0	0.0	0.0		0.0	0.0	本社収支	売上	
202207	013090200	5	売上原価	0.0	0.0	0.0		0.0	0.0	本社収支		
202207	013090200	6	総収益	0.0	0.0	0.0	0.0	0.0	0.0	本社収支		
202207	013090200	7	経費合計	0.0	0.0	0.0	0.0	0.0	0.0	本社収支		
202207	013090200	8	減価償却費	0.0	0.0	0.0	0.0	0.0	0.0	本社収支	経費	減価償却費
202207	013090200	9	車輛費	0.0	0.0	0.0	0.0	0.0	0.0	本社収支	経費	車輛費
202207	013090200	10	旅費交通費	0.0	0.0	0.0	0.0	0.0	0.0	本社収支	経費	旅費交通費
202207	013090200	11	運賃	0.0	0.0	0.0	0.0	0.0	0.0	本社収支	経費	運賃
202207	013090200	12	通信費	0.0	0.0	0.0	0.0	0.0	0.0	本社収支	経費	通信費
202207	013090200	13	水道光熱費	0.0	0.0	0.0	0.0	0.0	0.0	本社収支	経費	水道光熱費
202207	013090200	14	事務用品費	0.0	0.0	0.0	0.0	0.0	0.0	本社収支	経費	事務用品費
202207	013090200	15	備品消耗品費	0.0	0.0	0.0	0.0	0.0	0.0	本社収支	経費	備品消耗品費
202207	013090200	16	広告宣伝費	0.0	0.0	0.0	0.0	0.0	0.0	本社収支	経費	広告宣伝費
202207	013090200	17	交際費	0.0	0.0	0.0	0.0	0.0	0.0	本社収支	経費	交際費
202207	013090200	18	賃借料	0.0	0.0	0.0	0.0	0.0	0.0	本社収支	経費	賃借料
202207	013090200	19	修繕費	0.0	0.0	0.0	0.0	0.0	0.0	本社収支	経費	修繕費
202207	013090200	20	リース料	0.0	0.0	0.0	0.0	0.0	0.0	本社収支	経費	リース料
202207	013090200	21	保険料	0.0	0.0	0.0	0.0	0.0	0.0	本社収支	経費	保険料
202207	013090200	22	支払手数料	0.0	0.0	0.0	0.0	0.0	0.0	本社収支	経費	支払手数料
202207	013090200	23	諸会費	0.0	0.0	0.0	0.0	0.0	0.0	本社収支	経費	諸会費
202207	013090200	24	会議費	0.0	0.0	0.0	0.0	0.0	0.0	本社収支	経費	会議費
202207	013090200	25	寄附金	0.0	0.0	0.0	0.0	0.0	0.0	本社収支	経費	寄附金
202207	013090200	26	租税公課	0.0	0.0	0.0	0.0	0.0	0.0	本社収支	経費	租税公課
202207	013090200	27	貸倒金	0.0	0.0	0.0	0.0	0.0	0.0	本社収支	経費	貸倒金
202207	013090200	28	情報機器利用料	0.0	0.0	0.0	0.0	0.0	0.0	本社収支	経費	情報機器利用料
202207	013090200	29	雑費	0.0	0.0	0.0	0.0	0.0	0.0	本社収支	経費	雑費
202207	013090200	30	新聞図書費	0.0	0.0	0.0	0.0	0.0	0.0	本社収支	経費	新聞図書費
202207	013090200	32	雑給	0.0	0.0	0.0	0.0	0.0	0.0	本社収支	経費	雑給
202207	013090200	33	社内金利（固定資産）	0.0	0.0	0.0	0.0	0.0	0.0	本社収支	経費	社内金利（固定資産）
202207	013090200	34	社内金利（売掛金）	0.0	0.0	0.0	0.0	0.0	0.0	本社収支	経費	社内金利（売掛金）
202207	013090200	35	部門共通（経費）	0.0	0.0	0.0	0.0	0.0	0.0	本社収支	経費	部門共通（経費）
202207	013090200	36	グループ共通	0.0	0.0	0.0	0.0	0.0	0.0	本社収支	経費	グループ共通
202207	013090200	37	差引収益	0.0	0.0	0.0	0.0	0.0	0.0	本社収支		
202207	013090200	38	差引比率	0.0	0.0	0.0		0.0	0.0	本社収支		
202207	013090200	39	総時間	0.0	0.0	0.0		0.0	0.0	本社収支		
202207	013090200	40	定時間	0.0	0.0	0.0		0.0	0.0	本社収支	時間	
202207	013090200	41	残業時間	0.0	0.0	0.0		0.0	0.0	本社収支	時間	
202207	013090200	42	移動時間	0.0	0.0	0.0		0.0	0.0	本社収支	時間	
202207	013090200	43	部門共通（時間）	0.0	0.0	0.0		0.0	0.0	本社収支	時間	
202207	013090200	44	当月時間当り	0.0	0.0	0.0		0.0	0.0	本社収支		
202207	013090200	45	人員	0.0	0.0	0.0		0.0	0.0	本社収支		
202208	013090200	1	総受注高	0.0	0.0	0.0		0.0	0.0	本社収支	受注	
202208	013090200	2	総売上高	0.0	0.0	0.0		0.0	0.0	本社収支		
202208	013090200	3	売上高	0.0	0.0	0.0		0.0	0.0	本社収支	売上	
202208	013090200	4	売上値引	0.0	0.0	0.0		0.0	0.0	本社収支	売上	
202208	013090200	5	売上原価	0.0	0.0	0.0		0.0	0.0	本社収支		
202208	013090200	6	総収益	0.0	0.0	0.0	0.0	0.0	0.0	本社収支		
202208	013090200	7	経費合計	0.0	0.0	0.0	0.0	0.0	0.0	本社収支		
202208	013090200	8	減価償却費	0.0	0.0	0.0	0.0	0.0	0.0	本社収支	経費	減価償却費
202208	013090200	9	車輛費	0.0	0.0	0.0	0.0	0.0	0.0	本社収支	経費	車輛費
202208	013090200	10	旅費交通費	0.0	0.0	0.0	0.0	0.0	0.0	本社収支	経費	旅費交通費
202208	013090200	11	運賃	0.0	0.0	0.0	0.0	0.0	0.0	本社収支	経費	運賃
202208	013090200	12	通信費	0.0	0.0	0.0	0.0	0.0	0.0	本社収支	経費	通信費
202208	013090200	13	水道光熱費	0.0	0.0	0.0	0.0	0.0	0.0	本社収支	経費	水道光熱費
202208	013090200	14	事務用品費	0.0	0.0	0.0	0.0	0.0	0.0	本社収支	経費	事務用品費
202208	013090200	15	備品消耗品費	0.0	0.0	0.0	0.0	0.0	0.0	本社収支	経費	備品消耗品費
202208	013090200	16	広告宣伝費	0.0	0.0	0.0	0.0	0.0	0.0	本社収支	経費	広告宣伝費
202208	013090200	17	交際費	0.0	0.0	0.0	0.0	0.0	0.0	本社収支	経費	交際費
202208	013090200	18	賃借料	0.0	0.0	0.0	0.0	0.0	0.0	本社収支	経費	賃借料
202208	013090200	19	修繕費	0.0	0.0	0.0	0.0	0.0	0.0	本社収支	経費	修繕費
202208	013090200	20	リース料	0.0	0.0	0.0	0.0	0.0	0.0	本社収支	経費	リース料
202208	013090200	21	保険料	0.0	0.0	0.0	0.0	0.0	0.0	本社収支	経費	保険料
202208	013090200	22	支払手数料	0.0	0.0	0.0	0.0	0.0	0.0	本社収支	経費	支払手数料
202208	013090200	23	諸会費	0.0	0.0	0.0	0.0	0.0	0.0	本社収支	経費	諸会費
202208	013090200	24	会議費	0.0	0.0	0.0	0.0	0.0	0.0	本社収支	経費	会議費
202208	013090200	25	寄附金	0.0	0.0	0.0	0.0	0.0	0.0	本社収支	経費	寄附金
202208	013090200	26	租税公課	0.0	0.0	0.0	0.0	0.0	0.0	本社収支	経費	租税公課
202208	013090200	27	貸倒金	0.0	0.0	0.0	0.0	0.0	0.0	本社収支	経費	貸倒金
202208	013090200	28	情報機器利用料	0.0	0.0	0.0	0.0	0.0	0.0	本社収支	経費	情報機器利用料
202208	013090200	29	雑費	0.0	0.0	0.0	0.0	0.0	0.0	本社収支	経費	雑費
202208	013090200	30	新聞図書費	0.0	0.0	0.0	0.0	0.0	0.0	本社収支	経費	新聞図書費
202208	013090200	32	雑給	0.0	0.0	0.0	0.0	0.0	0.0	本社収支	経費	雑給
202208	013090200	33	社内金利（固定資産）	0.0	0.0	0.0	0.0	0.0	0.0	本社収支	経費	社内金利（固定資産）
202208	013090200	34	社内金利（売掛金）	0.0	0.0	0.0	0.0	0.0	0.0	本社収支	経費	社内金利（売掛金）
202208	013090200	35	部門共通（経費）	0.0	0.0	0.0	0.0	0.0	0.0	本社収支	経費	部門共通（経費）
202208	013090200	36	グループ共通	0.0	0.0	0.0	0.0	0.0	0.0	本社収支	経費	グループ共通
202208	013090200	37	差引収益	0.0	0.0	0.0	0.0	0.0	0.0	本社収支		
202208	013090200	38	差引比率	0.0	0.0	0.0		0.0	0.0	本社収支		
202208	013090200	39	総時間	0.0	0.0	0.0		0.0	0.0	本社収支		
202208	013090200	40	定時間	0.0	0.0	0.0		0.0	0.0	本社収支	時間	
202208	013090200	41	残業時間	0.0	0.0	0.0		0.0	0.0	本社収支	時間	
202208	013090200	42	移動時間	0.0	0.0	0.0		0.0	0.0	本社収支	時間	
202208	013090200	43	部門共通（時間）	0.0	0.0	0.0		0.0	0.0	本社収支	時間	
202208	013090200	44	当月時間当り	0.0	0.0	0.0		0.0	0.0	本社収支		
202208	013090200	45	人員	0.0	0.0	0.0		0.0	0.0	本社収支		
202209	013090200	1	総受注高	0.0	0.0	0.0		0.0	0.0	本社収支	受注	
202209	013090200	2	総売上高	0.0	0.0	0.0		0.0	0.0	本社収支		
202209	013090200	3	売上高	0.0	0.0	0.0		0.0	0.0	本社収支	売上	
202209	013090200	4	売上値引	0.0	0.0	0.0		0.0	0.0	本社収支	売上	
202209	013090200	5	売上原価	0.0	0.0	0.0		0.0	0.0	本社収支		
202209	013090200	6	総収益	0.0	0.0	0.0	0.0	0.0	0.0	本社収支		
202209	013090200	7	経費合計	0.0	0.0	0.0	0.0	0.0	0.0	本社収支		
202209	013090200	8	減価償却費	0.0	0.0	0.0	0.0	0.0	0.0	本社収支	経費	減価償却費
202209	013090200	9	車輛費	0.0	0.0	0.0	0.0	0.0	0.0	本社収支	経費	車輛費
202209	013090200	10	旅費交通費	0.0	0.0	0.0	0.0	0.0	0.0	本社収支	経費	旅費交通費
202209	013090200	11	運賃	0.0	0.0	0.0	0.0	0.0	0.0	本社収支	経費	運賃
202209	013090200	12	通信費	0.0	0.0	0.0	0.0	0.0	0.0	本社収支	経費	通信費
202209	013090200	13	水道光熱費	0.0	0.0	0.0	0.0	0.0	0.0	本社収支	経費	水道光熱費
202209	013090200	14	事務用品費	0.0	0.0	0.0	0.0	0.0	0.0	本社収支	経費	事務用品費
202209	013090200	15	備品消耗品費	0.0	0.0	0.0	0.0	0.0	0.0	本社収支	経費	備品消耗品費
202209	013090200	16	広告宣伝費	0.0	0.0	0.0	0.0	0.0	0.0	本社収支	経費	広告宣伝費
202209	013090200	17	交際費	0.0	0.0	0.0	0.0	0.0	0.0	本社収支	経費	交際費
202209	013090200	18	賃借料	0.0	0.0	0.0	0.0	0.0	0.0	本社収支	経費	賃借料
202209	013090200	19	修繕費	0.0	0.0	0.0	0.0	0.0	0.0	本社収支	経費	修繕費
202209	013090200	20	リース料	0.0	0.0	0.0	0.0	0.0	0.0	本社収支	経費	リース料
202209	013090200	21	保険料	0.0	0.0	0.0	0.0	0.0	0.0	本社収支	経費	保険料
202209	013090200	22	支払手数料	0.0	0.0	0.0	0.0	0.0	0.0	本社収支	経費	支払手数料
202209	013090200	23	諸会費	0.0	0.0	0.0	0.0	0.0	0.0	本社収支	経費	諸会費
202209	013090200	24	会議費	0.0	0.0	0.0	0.0	0.0	0.0	本社収支	経費	会議費
202209	013090200	25	寄附金	0.0	0.0	0.0	0.0	0.0	0.0	本社収支	経費	寄附金
202209	013090200	26	租税公課	0.0	0.0	0.0	0.0	0.0	0.0	本社収支	経費	租税公課
202209	013090200	27	貸倒金	0.0	0.0	0.0	0.0	0.0	0.0	本社収支	経費	貸倒金
202209	013090200	28	情報機器利用料	0.0	0.0	0.0	0.0	0.0	0.0	本社収支	経費	情報機器利用料
202209	013090200	29	雑費	0.0	0.0	0.0	0.0	0.0	0.0	本社収支	経費	雑費
202209	013090200	30	新聞図書費	0.0	0.0	0.0	0.0	0.0	0.0	本社収支	経費	新聞図書費
202209	013090200	32	雑給	0.0	0.0	0.0	0.0	0.0	0.0	本社収支	経費	雑給
202209	013090200	33	社内金利（固定資産）	0.0	0.0	0.0	0.0	0.0	0.0	本社収支	経費	社内金利（固定資産）
202209	013090200	34	社内金利（売掛金）	0.0	0.0	0.0	0.0	0.0	0.0	本社収支	経費	社内金利（売掛金）
202209	013090200	35	部門共通（経費）	0.0	0.0	0.0	0.0	0.0	0.0	本社収支	経費	部門共通（経費）
202209	013090200	36	グループ共通	0.0	0.0	0.0	0.0	0.0	0.0	本社収支	経費	グループ共通
202209	013090200	37	差引収益	0.0	0.0	0.0	0.0	0.0	0.0	本社収支		
202209	013090200	38	差引比率	0.0	0.0	0.0		0.0	0.0	本社収支		
202209	013090200	39	総時間	0.0	0.0	0.0		0.0	0.0	本社収支		
202209	013090200	40	定時間	0.0	0.0	0.0		0.0	0.0	本社収支	時間	
202209	013090200	41	残業時間	0.0	0.0	0.0		0.0	0.0	本社収支	時間	
202209	013090200	42	移動時間	0.0	0.0	0.0		0.0	0.0	本社収支	時間	
202209	013090200	43	部門共通（時間）	0.0	0.0	0.0		0.0	0.0	本社収支	時間	
202209	013090200	44	当月時間当り	0.0	0.0	0.0		0.0	0.0	本社収支		
202209	013090200	45	人員	0.0	0.0	0.0		0.0	0.0	本社収支		
202210	013090200	1	総受注高	0.0	0.0	0.0		0.0	0.0	本社収支	受注	
202210	013090200	2	総売上高	0.0	0.0	0.0		0.0	0.0	本社収支		
202210	013090200	3	売上高	0.0	0.0	0.0		0.0	0.0	本社収支	売上	
202210	013090200	4	売上値引	0.0	0.0	0.0		0.0	0.0	本社収支	売上	
202210	013090200	5	売上原価	0.0	0.0	0.0		0.0	0.0	本社収支		
202210	013090200	6	総収益	0.0	0.0	0.0	0.0	0.0	0.0	本社収支		
202210	013090200	7	経費合計	0.0	0.0	0.0	0.0	0.0	0.0	本社収支		
202210	013090200	8	減価償却費	0.0	0.0	0.0	0.0	0.0	0.0	本社収支	経費	減価償却費
202210	013090200	9	車輛費	0.0	0.0	0.0	0.0	0.0	0.0	本社収支	経費	車輛費
202210	013090200	10	旅費交通費	0.0	0.0	0.0	0.0	0.0	0.0	本社収支	経費	旅費交通費
202210	013090200	11	運賃	0.0	0.0	0.0	0.0	0.0	0.0	本社収支	経費	運賃
202210	013090200	12	通信費	0.0	0.0	0.0	0.0	0.0	0.0	本社収支	経費	通信費
202210	013090200	13	水道光熱費	0.0	0.0	0.0	0.0	0.0	0.0	本社収支	経費	水道光熱費
202210	013090200	14	事務用品費	0.0	0.0	0.0	0.0	0.0	0.0	本社収支	経費	事務用品費
202210	013090200	15	備品消耗品費	0.0	0.0	0.0	0.0	0.0	0.0	本社収支	経費	備品消耗品費
202210	013090200	16	広告宣伝費	0.0	0.0	0.0	0.0	0.0	0.0	本社収支	経費	広告宣伝費
202210	013090200	17	交際費	0.0	0.0	0.0	0.0	0.0	0.0	本社収支	経費	交際費
202210	013090200	18	賃借料	0.0	0.0	0.0	0.0	0.0	0.0	本社収支	経費	賃借料
202210	013090200	19	修繕費	0.0	0.0	0.0	0.0	0.0	0.0	本社収支	経費	修繕費
202210	013090200	20	リース料	0.0	0.0	0.0	0.0	0.0	0.0	本社収支	経費	リース料
202210	013090200	21	保険料	0.0	0.0	0.0	0.0	0.0	0.0	本社収支	経費	保険料
202210	013090200	22	支払手数料	0.0	0.0	0.0	0.0	0.0	0.0	本社収支	経費	支払手数料
202210	013090200	23	諸会費	0.0	0.0	0.0	0.0	0.0	0.0	本社収支	経費	諸会費
202210	013090200	24	会議費	0.0	0.0	0.0	0.0	0.0	0.0	本社収支	経費	会議費
202210	013090200	25	寄附金	0.0	0.0	0.0	0.0	0.0	0.0	本社収支	経費	寄附金
202210	013090200	26	租税公課	0.0	0.0	0.0	0.0	0.0	0.0	本社収支	経費	租税公課
202210	013090200	27	貸倒金	0.0	0.0	0.0	0.0	0.0	0.0	本社収支	経費	貸倒金
202210	013090200	28	情報機器利用料	0.0	0.0	0.0	0.0	0.0	0.0	本社収支	経費	情報機器利用料
202210	013090200	29	雑費	0.0	0.0	0.0	0.0	0.0	0.0	本社収支	経費	雑費
202210	013090200	30	新聞図書費	0.0	0.0	0.0	0.0	0.0	0.0	本社収支	経費	新聞図書費
202210	013090200	32	雑給	0.0	0.0	0.0	0.0	0.0	0.0	本社収支	経費	雑給
202210	013090200	33	社内金利（固定資産）	0.0	0.0	0.0	0.0	0.0	0.0	本社収支	経費	社内金利（固定資産）
202210	013090200	34	社内金利（売掛金）	0.0	0.0	0.0	0.0	0.0	0.0	本社収支	経費	社内金利（売掛金）
202210	013090200	35	部門共通（経費）	0.0	0.0	0.0	0.0	0.0	0.0	本社収支	経費	部門共通（経費）
202210	013090200	36	グループ共通	0.0	0.0	0.0	0.0	0.0	0.0	本社収支	経費	グループ共通
202210	013090200	37	差引収益	0.0	0.0	0.0	0.0	0.0	0.0	本社収支		
202210	013090200	38	差引比率	0.0	0.0	0.0		0.0	0.0	本社収支		
202210	013090200	39	総時間	0.0	0.0	0.0		0.0	0.0	本社収支		
202210	013090200	40	定時間	0.0	0.0	0.0		0.0	0.0	本社収支	時間	
202210	013090200	41	残業時間	0.0	0.0	0.0		0.0	0.0	本社収支	時間	
202210	013090200	42	移動時間	0.0	0.0	0.0		0.0	0.0	本社収支	時間	
202210	013090200	43	部門共通（時間）	0.0	0.0	0.0		0.0	0.0	本社収支	時間	
202210	013090200	44	当月時間当り	0.0	0.0	0.0		0.0	0.0	本社収支		
202210	013090200	45	人員	0.0	0.0	0.0		0.0	0.0	本社収支		
202211	013090200	1	総受注高	0.0	0.0	0.0		0.0	0.0	本社収支	受注	
202211	013090200	2	総売上高	0.0	0.0	0.0		0.0	0.0	本社収支		
202211	013090200	3	売上高	0.0	0.0	0.0		0.0	0.0	本社収支	売上	
202211	013090200	4	売上値引	0.0	0.0	0.0		0.0	0.0	本社収支	売上	
202211	013090200	5	売上原価	0.0	0.0	0.0		0.0	0.0	本社収支		
202211	013090200	6	総収益	0.0	0.0	0.0	0.0	0.0	0.0	本社収支		
202211	013090200	7	経費合計	0.0	0.0	0.0	0.0	0.0	0.0	本社収支		
202211	013090200	8	減価償却費	0.0	0.0	0.0	0.0	0.0	0.0	本社収支	経費	減価償却費
202211	013090200	9	車輛費	0.0	0.0	0.0	0.0	0.0	0.0	本社収支	経費	車輛費
202211	013090200	10	旅費交通費	0.0	0.0	0.0	0.0	0.0	0.0	本社収支	経費	旅費交通費
202211	013090200	11	運賃	0.0	0.0	0.0	0.0	0.0	0.0	本社収支	経費	運賃
202211	013090200	12	通信費	0.0	0.0	0.0	0.0	0.0	0.0	本社収支	経費	通信費
202211	013090200	13	水道光熱費	0.0	0.0	0.0	0.0	0.0	0.0	本社収支	経費	水道光熱費
202211	013090200	14	事務用品費	0.0	0.0	0.0	0.0	0.0	0.0	本社収支	経費	事務用品費
202211	013090200	15	備品消耗品費	0.0	0.0	0.0	0.0	0.0	0.0	本社収支	経費	備品消耗品費
202211	013090200	16	広告宣伝費	0.0	0.0	0.0	0.0	0.0	0.0	本社収支	経費	広告宣伝費
202211	013090200	17	交際費	0.0	0.0	0.0	0.0	0.0	0.0	本社収支	経費	交際費
202211	013090200	18	賃借料	0.0	0.0	0.0	0.0	0.0	0.0	本社収支	経費	賃借料
202211	013090200	19	修繕費	0.0	0.0	0.0	0.0	0.0	0.0	本社収支	経費	修繕費
202211	013090200	20	リース料	0.0	0.0	0.0	0.0	0.0	0.0	本社収支	経費	リース料
202211	013090200	21	保険料	0.0	0.0	0.0	0.0	0.0	0.0	本社収支	経費	保険料
202211	013090200	22	支払手数料	0.0	0.0	0.0	0.0	0.0	0.0	本社収支	経費	支払手数料
202211	013090200	23	諸会費	0.0	0.0	0.0	0.0	0.0	0.0	本社収支	経費	諸会費
202211	013090200	24	会議費	0.0	0.0	0.0	0.0	0.0	0.0	本社収支	経費	会議費
202211	013090200	25	寄附金	0.0	0.0	0.0	0.0	0.0	0.0	本社収支	経費	寄附金
202211	013090200	26	租税公課	0.0	0.0	0.0	0.0	0.0	0.0	本社収支	経費	租税公課
202211	013090200	27	貸倒金	0.0	0.0	0.0	0.0	0.0	0.0	本社収支	経費	貸倒金
202211	013090200	28	情報機器利用料	0.0	0.0	0.0	0.0	0.0	0.0	本社収支	経費	情報機器利用料
202211	013090200	29	雑費	0.0	0.0	0.0	0.0	0.0	0.0	本社収支	経費	雑費
202211	013090200	30	新聞図書費	0.0	0.0	0.0	0.0	0.0	0.0	本社収支	経費	新聞図書費
202211	013090200	32	雑給	0.0	0.0	0.0	0.0	0.0	0.0	本社収支	経費	雑給
202211	013090200	33	社内金利（固定資産）	0.0	0.0	0.0	0.0	0.0	0.0	本社収支	経費	社内金利（固定資産）
202211	013090200	34	社内金利（売掛金）	0.0	0.0	0.0	0.0	0.0	0.0	本社収支	経費	社内金利（売掛金）
202211	013090200	35	部門共通（経費）	0.0	0.0	0.0	0.0	0.0	0.0	本社収支	経費	部門共通（経費）
202211	013090200	36	グループ共通	0.0	0.0	0.0	0.0	0.0	0.0	本社収支	経費	グループ共通
202211	013090200	37	差引収益	0.0	0.0	0.0	0.0	0.0	0.0	本社収支		
202211	013090200	38	差引比率	0.0	0.0	0.0		0.0	0.0	本社収支		
202211	013090200	39	総時間	0.0	0.0	0.0		0.0	0.0	本社収支		
202211	013090200	40	定時間	0.0	0.0	0.0		0.0	0.0	本社収支	時間	
202211	013090200	41	残業時間	0.0	0.0	0.0		0.0	0.0	本社収支	時間	
202211	013090200	42	移動時間	0.0	0.0	0.0		0.0	0.0	本社収支	時間	
202211	013090200	43	部門共通（時間）	0.0	0.0	0.0		0.0	0.0	本社収支	時間	
202211	013090200	44	当月時間当り	0.0	0.0	0.0		0.0	0.0	本社収支		
202211	013090200	45	人員	0.0	0.0	0.0		0.0	0.0	本社収支		
202212	013090200	1	総受注高	0.0	0.0	0.0		0.0	0.0	本社収支	受注	
202212	013090200	2	総売上高	0.0	0.0	0.0		0.0	0.0	本社収支		
202212	013090200	3	売上高	0.0	0.0	0.0		0.0	0.0	本社収支	売上	
202212	013090200	4	売上値引	0.0	0.0	0.0		0.0	0.0	本社収支	売上	
202212	013090200	5	売上原価	0.0	0.0	0.0		0.0	0.0	本社収支		
202212	013090200	6	総収益	0.0	0.0	0.0	0.0	0.0	0.0	本社収支		
202212	013090200	7	経費合計	0.0	0.0	0.0	0.0	0.0	0.0	本社収支		
202212	013090200	8	減価償却費	0.0	0.0	0.0	0.0	0.0	0.0	本社収支	経費	減価償却費
202212	013090200	9	車輛費	0.0	0.0	0.0	0.0	0.0	0.0	本社収支	経費	車輛費
202212	013090200	10	旅費交通費	0.0	0.0	0.0	0.0	0.0	0.0	本社収支	経費	旅費交通費
202212	013090200	11	運賃	0.0	0.0	0.0	0.0	0.0	0.0	本社収支	経費	運賃
202212	013090200	12	通信費	0.0	0.0	0.0	0.0	0.0	0.0	本社収支	経費	通信費
202212	013090200	13	水道光熱費	0.0	0.0	0.0	0.0	0.0	0.0	本社収支	経費	水道光熱費
202212	013090200	14	事務用品費	0.0	0.0	0.0	0.0	0.0	0.0	本社収支	経費	事務用品費
202212	013090200	15	備品消耗品費	0.0	0.0	0.0	0.0	0.0	0.0	本社収支	経費	備品消耗品費
202212	013090200	16	広告宣伝費	0.0	0.0	0.0	0.0	0.0	0.0	本社収支	経費	広告宣伝費
202212	013090200	17	交際費	0.0	0.0	0.0	0.0	0.0	0.0	本社収支	経費	交際費
202212	013090200	18	賃借料	0.0	0.0	0.0	0.0	0.0	0.0	本社収支	経費	賃借料
202212	013090200	19	修繕費	0.0	0.0	0.0	0.0	0.0	0.0	本社収支	経費	修繕費
202212	013090200	20	リース料	0.0	0.0	0.0	0.0	0.0	0.0	本社収支	経費	リース料
202212	013090200	21	保険料	0.0	0.0	0.0	0.0	0.0	0.0	本社収支	経費	保険料
202212	013090200	22	支払手数料	0.0	0.0	0.0	0.0	0.0	0.0	本社収支	経費	支払手数料
202212	013090200	23	諸会費	0.0	0.0	0.0	0.0	0.0	0.0	本社収支	経費	諸会費
202212	013090200	24	会議費	0.0	0.0	0.0	0.0	0.0	0.0	本社収支	経費	会議費
202212	013090200	25	寄附金	0.0	0.0	0.0	0.0	0.0	0.0	本社収支	経費	寄附金
202212	013090200	26	租税公課	0.0	0.0	0.0	0.0	0.0	0.0	本社収支	経費	租税公課
202212	013090200	27	貸倒金	0.0	0.0	0.0	0.0	0.0	0.0	本社収支	経費	貸倒金
202212	013090200	28	情報機器利用料	0.0	0.0	0.0	0.0	0.0	0.0	本社収支	経費	情報機器利用料
202212	013090200	29	雑費	0.0	0.0	0.0	0.0	0.0	0.0	本社収支	経費	雑費
202212	013090200	30	新聞図書費	0.0	0.0	0.0	0.0	0.0	0.0	本社収支	経費	新聞図書費
202212	013090200	32	雑給	0.0	0.0	0.0	0.0	0.0	0.0	本社収支	経費	雑給
202212	013090200	33	社内金利（固定資産）	0.0	0.0	0.0	0.0	0.0	0.0	本社収支	経費	社内金利（固定資産）
202212	013090200	34	社内金利（売掛金）	0.0	0.0	0.0	0.0	0.0	0.0	本社収支	経費	社内金利（売掛金）
202212	013090200	35	部門共通（経費）	0.0	0.0	0.0	0.0	0.0	0.0	本社収支	経費	部門共通（経費）
202212	013090200	36	グループ共通	0.0	0.0	0.0	0.0	0.0	0.0	本社収支	経費	グループ共通
202212	013090200	37	差引収益	0.0	0.0	0.0	0.0	0.0	0.0	本社収支		
202212	013090200	38	差引比率	0.0	0.0	0.0		0.0	0.0	本社収支		
202212	013090200	39	総時間	0.0	0.0	0.0		0.0	0.0	本社収支		
202212	013090200	40	定時間	0.0	0.0	0.0		0.0	0.0	本社収支	時間	
202212	013090200	41	残業時間	0.0	0.0	0.0		0.0	0.0	本社収支	時間	
202212	013090200	42	移動時間	0.0	0.0	0.0		0.0	0.0	本社収支	時間	
202212	013090200	43	部門共通（時間）	0.0	0.0	0.0		0.0	0.0	本社収支	時間	
202212	013090200	44	当月時間当り	0.0	0.0	0.0		0.0	0.0	本社収支		
202212	013090200	45	人員	0.0	0.0	0.0		0.0	0.0	本社収支		
202301	013090200	1	総受注高	0.0	0.0	0.0		0.0	0.0	本社収支	受注	
202301	013090200	2	総売上高	0.0	0.0	0.0		0.0	0.0	本社収支		
202301	013090200	3	売上高	0.0	0.0	0.0		0.0	0.0	本社収支	売上	
202301	013090200	4	売上値引	0.0	0.0	0.0		0.0	0.0	本社収支	売上	
202301	013090200	5	売上原価	0.0	0.0	0.0		0.0	0.0	本社収支		
202301	013090200	6	総収益	0.0	0.0	0.0	0.0	0.0	0.0	本社収支		
202301	013090200	7	経費合計	0.0	0.0	0.0	0.0	0.0	0.0	本社収支		
202301	013090200	8	減価償却費	0.0	0.0	0.0	0.0	0.0	0.0	本社収支	経費	減価償却費
202301	013090200	9	車輛費	0.0	0.0	0.0	0.0	0.0	0.0	本社収支	経費	車輛費
202301	013090200	10	旅費交通費	0.0	0.0	0.0	0.0	0.0	0.0	本社収支	経費	旅費交通費
202301	013090200	11	運賃	0.0	0.0	0.0	0.0	0.0	0.0	本社収支	経費	運賃
202301	013090200	12	通信費	0.0	0.0	0.0	0.0	0.0	0.0	本社収支	経費	通信費
202301	013090200	13	水道光熱費	0.0	0.0	0.0	0.0	0.0	0.0	本社収支	経費	水道光熱費
202301	013090200	14	事務用品費	0.0	0.0	0.0	0.0	0.0	0.0	本社収支	経費	事務用品費
202301	013090200	15	備品消耗品費	0.0	0.0	0.0	0.0	0.0	0.0	本社収支	経費	備品消耗品費
202301	013090200	16	広告宣伝費	0.0	0.0	0.0	0.0	0.0	0.0	本社収支	経費	広告宣伝費
202301	013090200	17	交際費	0.0	0.0	0.0	0.0	0.0	0.0	本社収支	経費	交際費
202301	013090200	18	賃借料	0.0	0.0	0.0	0.0	0.0	0.0	本社収支	経費	賃借料
202301	013090200	19	修繕費	0.0	0.0	0.0	0.0	0.0	0.0	本社収支	経費	修繕費
202301	013090200	20	リース料	0.0	0.0	0.0	0.0	0.0	0.0	本社収支	経費	リース料
202301	013090200	21	保険料	0.0	0.0	0.0	0.0	0.0	0.0	本社収支	経費	保険料
202301	013090200	22	支払手数料	0.0	0.0	0.0	0.0	0.0	0.0	本社収支	経費	支払手数料
202301	013090200	23	諸会費	0.0	0.0	0.0	0.0	0.0	0.0	本社収支	経費	諸会費
202301	013090200	24	会議費	0.0	0.0	0.0	0.0	0.0	0.0	本社収支	経費	会議費
202301	013090200	25	寄附金	0.0	0.0	0.0	0.0	0.0	0.0	本社収支	経費	寄附金
202301	013090200	26	租税公課	0.0	0.0	0.0	0.0	0.0	0.0	本社収支	経費	租税公課
202301	013090200	27	貸倒金	0.0	0.0	0.0	0.0	0.0	0.0	本社収支	経費	貸倒金
202301	013090200	28	情報機器利用料	0.0	0.0	0.0	0.0	0.0	0.0	本社収支	経費	情報機器利用料
202301	013090200	29	雑費	0.0	0.0	0.0	0.0	0.0	0.0	本社収支	経費	雑費
202301	013090200	30	新聞図書費	0.0	0.0	0.0	0.0	0.0	0.0	本社収支	経費	新聞図書費
202301	013090200	32	雑給	0.0	0.0	0.0	0.0	0.0	0.0	本社収支	経費	雑給
202301	013090200	33	社内金利（固定資産）	0.0	0.0	0.0	0.0	0.0	0.0	本社収支	経費	社内金利（固定資産）
202301	013090200	34	社内金利（売掛金）	0.0	0.0	0.0	0.0	0.0	0.0	本社収支	経費	社内金利（売掛金）
202301	013090200	35	部門共通（経費）	0.0	0.0	0.0	0.0	0.0	0.0	本社収支	経費	部門共通（経費）
202301	013090200	36	グループ共通	0.0	0.0	0.0	0.0	0.0	0.0	本社収支	経費	グループ共通
202301	013090200	37	差引収益	0.0	0.0	0.0	0.0	0.0	0.0	本社収支		
202301	013090200	38	差引比率	0.0	0.0	0.0		0.0	0.0	本社収支		
202301	013090200	39	総時間	0.0	0.0	0.0		0.0	0.0	本社収支		
202301	013090200	40	定時間	0.0	0.0	0.0		0.0	0.0	本社収支	時間	
202301	013090200	41	残業時間	0.0	0.0	0.0		0.0	0.0	本社収支	時間	
202301	013090200	42	移動時間	0.0	0.0	0.0		0.0	0.0	本社収支	時間	
202301	013090200	43	部門共通（時間）	0.0	0.0	0.0		0.0	0.0	本社収支	時間	
202301	013090200	44	当月時間当り	0.0	0.0	0.0		0.0	0.0	本社収支		
202301	013090200	45	人員	0.0	0.0	0.0		0.0	0.0	本社収支		
202302	013090200	1	総受注高	0.0	0.0	0.0		0.0	0.0	本社収支	受注	
202302	013090200	2	総売上高	0.0	0.0	0.0		0.0	0.0	本社収支		
202302	013090200	3	売上高	0.0	0.0	0.0		0.0	0.0	本社収支	売上	
202302	013090200	4	売上値引	0.0	0.0	0.0		0.0	0.0	本社収支	売上	
202302	013090200	5	売上原価	0.0	0.0	0.0		0.0	0.0	本社収支		
202302	013090200	6	総収益	0.0	0.0	0.0	0.0	0.0	0.0	本社収支		
202302	013090200	7	経費合計	0.0	0.0	0.0	0.0	0.0	0.0	本社収支		
202302	013090200	8	減価償却費	0.0	0.0	0.0	0.0	0.0	0.0	本社収支	経費	減価償却費
202302	013090200	9	車輛費	0.0	0.0	0.0	0.0	0.0	0.0	本社収支	経費	車輛費
202302	013090200	10	旅費交通費	0.0	0.0	0.0	0.0	0.0	0.0	本社収支	経費	旅費交通費
202302	013090200	11	運賃	0.0	0.0	0.0	0.0	0.0	0.0	本社収支	経費	運賃
202302	013090200	12	通信費	0.0	0.0	0.0	0.0	0.0	0.0	本社収支	経費	通信費
202302	013090200	13	水道光熱費	0.0	0.0	0.0	0.0	0.0	0.0	本社収支	経費	水道光熱費
202302	013090200	14	事務用品費	0.0	0.0	0.0	0.0	0.0	0.0	本社収支	経費	事務用品費
202302	013090200	15	備品消耗品費	0.0	0.0	0.0	0.0	0.0	0.0	本社収支	経費	備品消耗品費
202302	013090200	16	広告宣伝費	0.0	0.0	0.0	0.0	0.0	0.0	本社収支	経費	広告宣伝費
202302	013090200	17	交際費	0.0	0.0	0.0	0.0	0.0	0.0	本社収支	経費	交際費
202302	013090200	18	賃借料	0.0	0.0	0.0	0.0	0.0	0.0	本社収支	経費	賃借料
202302	013090200	19	修繕費	0.0	0.0	0.0	0.0	0.0	0.0	本社収支	経費	修繕費
202302	013090200	20	リース料	0.0	0.0	0.0	0.0	0.0	0.0	本社収支	経費	リース料
202302	013090200	21	保険料	0.0	0.0	0.0	0.0	0.0	0.0	本社収支	経費	保険料
202302	013090200	22	支払手数料	0.0	0.0	0.0	0.0	0.0	0.0	本社収支	経費	支払手数料
202302	013090200	23	諸会費	0.0	0.0	0.0	0.0	0.0	0.0	本社収支	経費	諸会費
202302	013090200	24	会議費	0.0	0.0	0.0	0.0	0.0	0.0	本社収支	経費	会議費
202302	013090200	25	寄附金	0.0	0.0	0.0	0.0	0.0	0.0	本社収支	経費	寄附金
202302	013090200	26	租税公課	0.0	0.0	0.0	0.0	0.0	0.0	本社収支	経費	租税公課
202302	013090200	27	貸倒金	0.0	0.0	0.0	0.0	0.0	0.0	本社収支	経費	貸倒金
202302	013090200	28	情報機器利用料	0.0	0.0	0.0	0.0	0.0	0.0	本社収支	経費	情報機器利用料
202302	013090200	29	雑費	0.0	0.0	0.0	0.0	0.0	0.0	本社収支	経費	雑費
202302	013090200	30	新聞図書費	0.0	0.0	0.0	0.0	0.0	0.0	本社収支	経費	新聞図書費
202302	013090200	32	雑給	0.0	0.0	0.0	0.0	0.0	0.0	本社収支	経費	雑給
202302	013090200	33	社内金利（固定資産）	0.0	0.0	0.0	0.0	0.0	0.0	本社収支	経費	社内金利（固定資産）
202302	013090200	34	社内金利（売掛金）	0.0	0.0	0.0	0.0	0.0	0.0	本社収支	経費	社内金利（売掛金）
202302	013090200	35	部門共通（経費）	0.0	0.0	0.0	0.0	0.0	0.0	本社収支	経費	部門共通（経費）
202302	013090200	36	グループ共通	0.0	0.0	0.0	0.0	0.0	0.0	本社収支	経費	グループ共通
202302	013090200	37	差引収益	0.0	0.0	0.0	0.0	0.0	0.0	本社収支		
202302	013090200	38	差引比率	0.0	0.0	0.0		0.0	0.0	本社収支		
202302	013090200	39	総時間	0.0	0.0	0.0		0.0	0.0	本社収支		
202302	013090200	40	定時間	0.0	0.0	0.0		0.0	0.0	本社収支	時間	
202302	013090200	41	残業時間	0.0	0.0	0.0		0.0	0.0	本社収支	時間	
202302	013090200	42	移動時間	0.0	0.0	0.0		0.0	0.0	本社収支	時間	
202302	013090200	43	部門共通（時間）	0.0	0.0	0.0		0.0	0.0	本社収支	時間	
202302	013090200	44	当月時間当り	0.0	0.0	0.0		0.0	0.0	本社収支		
202302	013090200	45	人員	0.0	0.0	0.0		0.0	0.0	本社収支		
202303	013090200	1	総受注高	0.0	0.0	0.0		0.0	0.0	本社収支	受注	
202303	013090200	2	総売上高	0.0	0.0	0.0		0.0	0.0	本社収支		
202303	013090200	3	売上高	0.0	0.0	0.0		0.0	0.0	本社収支	売上	
202303	013090200	4	売上値引	0.0	0.0	0.0		0.0	0.0	本社収支	売上	
202303	013090200	5	売上原価	0.0	0.0	0.0		0.0	0.0	本社収支		
202303	013090200	6	総収益	0.0	0.0	0.0	0.0	0.0	0.0	本社収支		
202303	013090200	7	経費合計	0.0	0.0	0.0	0.0	0.0	0.0	本社収支		
202303	013090200	8	減価償却費	0.0	0.0	0.0	0.0	0.0	0.0	本社収支	経費	減価償却費
202303	013090200	9	車輛費	0.0	0.0	0.0	0.0	0.0	0.0	本社収支	経費	車輛費
202303	013090200	10	旅費交通費	0.0	0.0	0.0	0.0	0.0	0.0	本社収支	経費	旅費交通費
202303	013090200	11	運賃	0.0	0.0	0.0	0.0	0.0	0.0	本社収支	経費	運賃
202303	013090200	12	通信費	0.0	0.0	0.0	0.0	0.0	0.0	本社収支	経費	通信費
202303	013090200	13	水道光熱費	0.0	0.0	0.0	0.0	0.0	0.0	本社収支	経費	水道光熱費
202303	013090200	14	事務用品費	0.0	0.0	0.0	0.0	0.0	0.0	本社収支	経費	事務用品費
202303	013090200	15	備品消耗品費	0.0	0.0	0.0	0.0	0.0	0.0	本社収支	経費	備品消耗品費
202303	013090200	16	広告宣伝費	0.0	0.0	0.0	0.0	0.0	0.0	本社収支	経費	広告宣伝費
202303	013090200	17	交際費	0.0	0.0	0.0	0.0	0.0	0.0	本社収支	経費	交際費
202303	013090200	18	賃借料	0.0	0.0	0.0	0.0	0.0	0.0	本社収支	経費	賃借料
202303	013090200	19	修繕費	0.0	0.0	0.0	0.0	0.0	0.0	本社収支	経費	修繕費
202303	013090200	20	リース料	0.0	0.0	0.0	0.0	0.0	0.0	本社収支	経費	リース料
202303	013090200	21	保険料	0.0	0.0	0.0	0.0	0.0	0.0	本社収支	経費	保険料
202303	013090200	22	支払手数料	0.0	0.0	0.0	0.0	0.0	0.0	本社収支	経費	支払手数料
202303	013090200	23	諸会費	0.0	0.0	0.0	0.0	0.0	0.0	本社収支	経費	諸会費
202303	013090200	24	会議費	0.0	0.0	0.0	0.0	0.0	0.0	本社収支	経費	会議費
202303	013090200	25	寄附金	0.0	0.0	0.0	0.0	0.0	0.0	本社収支	経費	寄附金
202303	013090200	26	租税公課	0.0	0.0	0.0	0.0	0.0	0.0	本社収支	経費	租税公課
202303	013090200	27	貸倒金	0.0	0.0	0.0	0.0	0.0	0.0	本社収支	経費	貸倒金
202303	013090200	28	情報機器利用料	0.0	0.0	0.0	0.0	0.0	0.0	本社収支	経費	情報機器利用料
202303	013090200	29	雑費	0.0	0.0	0.0	0.0	0.0	0.0	本社収支	経費	雑費
202303	013090200	30	新聞図書費	0.0	0.0	0.0	0.0	0.0	0.0	本社収支	経費	新聞図書費
202303	013090200	32	雑給	0.0	0.0	0.0	0.0	0.0	0.0	本社収支	経費	雑給
202303	013090200	33	社内金利（固定資産）	0.0	0.0	0.0	0.0	0.0	0.0	本社収支	経費	社内金利（固定資産）
202303	013090200	34	社内金利（売掛金）	0.0	0.0	0.0	0.0	0.0	0.0	本社収支	経費	社内金利（売掛金）
202303	013090200	35	部門共通（経費）	0.0	0.0	0.0	0.0	0.0	0.0	本社収支	経費	部門共通（経費）
202303	013090200	36	グループ共通	0.0	0.0	0.0	0.0	0.0	0.0	本社収支	経費	グループ共通
202303	013090200	37	差引収益	0.0	0.0	0.0	0.0	0.0	0.0	本社収支		
202303	013090200	38	差引比率	0.0	0.0	0.0		0.0	0.0	本社収支		
202303	013090200	39	総時間	0.0	0.0	0.0		0.0	0.0	本社収支		
202303	013090200	40	定時間	0.0	0.0	0.0		0.0	0.0	本社収支	時間	
202303	013090200	41	残業時間	0.0	0.0	0.0		0.0	0.0	本社収支	時間	
202303	013090200	42	移動時間	0.0	0.0	0.0		0.0	0.0	本社収支	時間	
202303	013090200	43	部門共通（時間）	0.0	0.0	0.0		0.0	0.0	本社収支	時間	
202303	013090200	44	当月時間当り	0.0	0.0	0.0		0.0	0.0	本社収支		
202303	013090200	45	人員	0.0	0.0	0.0		0.0	0.0	本社収支		
202304	013090200	1	総受注高	0.0	0.0	0.0		0.0	0.0	本社収支	受注	
202304	013090200	2	総売上高	0.0	0.0	0.0		0.0	0.0	本社収支		
202304	013090200	3	売上高	0.0	0.0	0.0		0.0	0.0	本社収支	売上	
202304	013090200	4	売上値引	0.0	0.0	0.0		0.0	0.0	本社収支	売上	
202304	013090200	5	売上原価	0.0	0.0	0.0		0.0	0.0	本社収支		
202304	013090200	6	総収益	0.0	0.0	0.0	0.0	0.0	0.0	本社収支		
202304	013090200	7	経費合計	0.0	0.0	0.0	0.0	0.0	0.0	本社収支		
202304	013090200	8	減価償却費	0.0	0.0	0.0	0.0	0.0	0.0	本社収支	経費	減価償却費
202304	013090200	9	車輛費	0.0	0.0	0.0	0.0	0.0	0.0	本社収支	経費	車輛費
202304	013090200	10	旅費交通費	0.0	0.0	0.0	0.0	0.0	0.0	本社収支	経費	旅費交通費
202304	013090200	11	運賃	0.0	0.0	0.0	0.0	0.0	0.0	本社収支	経費	運賃
202304	013090200	12	通信費	0.0	0.0	0.0	0.0	0.0	0.0	本社収支	経費	通信費
202304	013090200	13	水道光熱費	0.0	0.0	0.0	0.0	0.0	0.0	本社収支	経費	水道光熱費
202304	013090200	14	事務用品費	0.0	0.0	0.0	0.0	0.0	0.0	本社収支	経費	事務用品費
202304	013090200	15	備品消耗品費	0.0	0.0	0.0	0.0	0.0	0.0	本社収支	経費	備品消耗品費
202304	013090200	16	広告宣伝費	0.0	0.0	0.0	0.0	0.0	0.0	本社収支	経費	広告宣伝費
202304	013090200	17	交際費	0.0	0.0	0.0	0.0	0.0	0.0	本社収支	経費	交際費
202304	013090200	18	賃借料	0.0	0.0	0.0	0.0	0.0	0.0	本社収支	経費	賃借料
202304	013090200	19	修繕費	0.0	0.0	0.0	0.0	0.0	0.0	本社収支	経費	修繕費
202304	013090200	20	リース料	0.0	0.0	0.0	0.0	0.0	0.0	本社収支	経費	リース料
202304	013090200	21	保険料	0.0	0.0	0.0	0.0	0.0	0.0	本社収支	経費	保険料
202304	013090200	22	支払手数料	0.0	0.0	0.0	0.0	0.0	0.0	本社収支	経費	支払手数料
202304	013090200	23	諸会費	0.0	0.0	0.0	0.0	0.0	0.0	本社収支	経費	諸会費
202304	013090200	24	会議費	0.0	0.0	0.0	0.0	0.0	0.0	本社収支	経費	会議費
202304	013090200	25	寄附金	0.0	0.0	0.0	0.0	0.0	0.0	本社収支	経費	寄附金
202304	013090200	26	租税公課	0.0	0.0	0.0	0.0	0.0	0.0	本社収支	経費	租税公課
202304	013090200	27	貸倒金	0.0	0.0	0.0	0.0	0.0	0.0	本社収支	経費	貸倒金
202304	013090200	28	情報機器利用料	0.0	0.0	0.0	0.0	0.0	0.0	本社収支	経費	情報機器利用料
202304	013090200	29	雑費	0.0	0.0	0.0	0.0	0.0	0.0	本社収支	経費	雑費
202304	013090200	30	新聞図書費	0.0	0.0	0.0	0.0	0.0	0.0	本社収支	経費	新聞図書費
202304	013090200	32	雑給	0.0	0.0	0.0	0.0	0.0	0.0	本社収支	経費	雑給
202304	013090200	33	社内金利（固定資産）	0.0	0.0	0.0	0.0	0.0	0.0	本社収支	経費	社内金利（固定資産）
202304	013090200	34	社内金利（売掛金）	0.0	0.0	0.0	0.0	0.0	0.0	本社収支	経費	社内金利（売掛金）
202304	013090200	35	部門共通（経費）	0.0	0.0	0.0	0.0	0.0	0.0	本社収支	経費	部門共通（経費）
202304	013090200	36	グループ共通	0.0	0.0	0.0	0.0	0.0	0.0	本社収支	経費	グループ共通
202304	013090200	37	差引収益	0.0	0.0	0.0	0.0	0.0	0.0	本社収支		
202304	013090200	38	差引比率	0.0	0.0	0.0		0.0	0.0	本社収支		
202304	013090200	39	総時間	0.0	0.0	0.0		0.0	0.0	本社収支		
202304	013090200	40	定時間	0.0	0.0	0.0		0.0	0.0	本社収支	時間	
202304	013090200	41	残業時間	0.0	0.0	0.0		0.0	0.0	本社収支	時間	
202304	013090200	42	移動時間	0.0	0.0	0.0		0.0	0.0	本社収支	時間	
202304	013090200	43	部門共通（時間）	0.0	0.0	0.0		0.0	0.0	本社収支	時間	
202304	013090200	44	当月時間当り	0.0	0.0	0.0		0.0	0.0	本社収支		
202304	013090200	45	人員	0.0	0.0	0.0		0.0	0.0	本社収支		
202305	013090200	1	総受注高	0.0	0.0	0.0		0.0	0.0	本社収支	受注	
202305	013090200	2	総売上高	0.0	0.0	0.0		0.0	0.0	本社収支		
202305	013090200	3	売上高	0.0	0.0	0.0		0.0	0.0	本社収支	売上	
202305	013090200	4	売上値引	0.0	0.0	0.0		0.0	0.0	本社収支	売上	
202305	013090200	5	売上原価	0.0	0.0	0.0		0.0	0.0	本社収支		
202305	013090200	6	総収益	0.0	0.0	0.0	0.0	0.0	0.0	本社収支		
202305	013090200	7	経費合計	0.0	0.0	0.0	0.0	0.0	0.0	本社収支		
202305	013090200	8	減価償却費	0.0	0.0	0.0	0.0	0.0	0.0	本社収支	経費	減価償却費
202305	013090200	9	車輛費	0.0	0.0	0.0	0.0	0.0	0.0	本社収支	経費	車輛費
202305	013090200	10	旅費交通費	0.0	0.0	0.0	0.0	0.0	0.0	本社収支	経費	旅費交通費
202305	013090200	11	運賃	0.0	0.0	0.0	0.0	0.0	0.0	本社収支	経費	運賃
202305	013090200	12	通信費	0.0	0.0	0.0	0.0	0.0	0.0	本社収支	経費	通信費
202305	013090200	13	水道光熱費	0.0	0.0	0.0	0.0	0.0	0.0	本社収支	経費	水道光熱費
202305	013090200	14	事務用品費	0.0	0.0	0.0	0.0	0.0	0.0	本社収支	経費	事務用品費
202305	013090200	15	備品消耗品費	0.0	0.0	0.0	0.0	0.0	0.0	本社収支	経費	備品消耗品費
202305	013090200	16	広告宣伝費	0.0	0.0	0.0	0.0	0.0	0.0	本社収支	経費	広告宣伝費
202305	013090200	17	交際費	0.0	0.0	0.0	0.0	0.0	0.0	本社収支	経費	交際費
202305	013090200	18	賃借料	0.0	0.0	0.0	0.0	0.0	0.0	本社収支	経費	賃借料
202305	013090200	19	修繕費	0.0	0.0	0.0	0.0	0.0	0.0	本社収支	経費	修繕費
202305	013090200	20	リース料	0.0	0.0	0.0	0.0	0.0	0.0	本社収支	経費	リース料
202305	013090200	21	保険料	0.0	0.0	0.0	0.0	0.0	0.0	本社収支	経費	保険料
202305	013090200	22	支払手数料	0.0	0.0	0.0	0.0	0.0	0.0	本社収支	経費	支払手数料
202305	013090200	23	諸会費	0.0	0.0	0.0	0.0	0.0	0.0	本社収支	経費	諸会費
202305	013090200	24	会議費	0.0	0.0	0.0	0.0	0.0	0.0	本社収支	経費	会議費
202305	013090200	25	寄附金	0.0	0.0	0.0	0.0	0.0	0.0	本社収支	経費	寄附金
202305	013090200	26	租税公課	0.0	0.0	0.0	0.0	0.0	0.0	本社収支	経費	租税公課
202305	013090200	27	貸倒金	0.0	0.0	0.0	0.0	0.0	0.0	本社収支	経費	貸倒金
202305	013090200	28	情報機器利用料	0.0	0.0	0.0	0.0	0.0	0.0	本社収支	経費	情報機器利用料
202305	013090200	29	雑費	0.0	0.0	0.0	0.0	0.0	0.0	本社収支	経費	雑費
202305	013090200	30	新聞図書費	0.0	0.0	0.0	0.0	0.0	0.0	本社収支	経費	新聞図書費
202305	013090200	32	雑給	0.0	0.0	0.0	0.0	0.0	0.0	本社収支	経費	雑給
202305	013090200	33	社内金利（固定資産）	0.0	0.0	0.0	0.0	0.0	0.0	本社収支	経費	社内金利（固定資産）
202305	013090200	34	社内金利（売掛金）	0.0	0.0	0.0	0.0	0.0	0.0	本社収支	経費	社内金利（売掛金）
202305	013090200	35	部門共通（経費）	0.0	0.0	0.0	0.0	0.0	0.0	本社収支	経費	部門共通（経費）
202305	013090200	36	グループ共通	0.0	0.0	0.0	0.0	0.0	0.0	本社収支	経費	グループ共通
202305	013090200	37	差引収益	0.0	0.0	0.0	0.0	0.0	0.0	本社収支		
202305	013090200	38	差引比率	0.0	0.0	0.0		0.0	0.0	本社収支		
202305	013090200	39	総時間	0.0	0.0	0.0		0.0	0.0	本社収支		
202305	013090200	40	定時間	0.0	0.0	0.0		0.0	0.0	本社収支	時間	
202305	013090200	41	残業時間	0.0	0.0	0.0		0.0	0.0	本社収支	時間	
202305	013090200	42	移動時間	0.0	0.0	0.0		0.0	0.0	本社収支	時間	
202305	013090200	43	部門共通（時間）	0.0	0.0	0.0		0.0	0.0	本社収支	時間	
202305	013090200	44	当月時間当り	0.0	0.0	0.0		0.0	0.0	本社収支		
202305	013090200	45	人員	0.0	0.0	0.0		0.0	0.0	本社収支		
202306	013090200	1	総受注高	0.0	0.0	0.0		0.0	0.0	本社収支	受注	
202306	013090200	2	総売上高	0.0	0.0	0.0		0.0	0.0	本社収支		
202306	013090200	3	売上高	0.0	0.0	0.0		0.0	0.0	本社収支	売上	
202306	013090200	4	売上値引	0.0	0.0	0.0		0.0	0.0	本社収支	売上	
202306	013090200	5	売上原価	0.0	0.0	0.0		0.0	0.0	本社収支		
202306	013090200	6	総収益	0.0	0.0	0.0	0.0	0.0	0.0	本社収支		
202306	013090200	7	経費合計	0.0	0.0	0.0	0.0	0.0	0.0	本社収支		
202306	013090200	8	減価償却費	0.0	0.0	0.0	0.0	0.0	0.0	本社収支	経費	減価償却費
202306	013090200	9	車輛費	0.0	0.0	0.0	0.0	0.0	0.0	本社収支	経費	車輛費
202306	013090200	10	旅費交通費	0.0	0.0	0.0	0.0	0.0	0.0	本社収支	経費	旅費交通費
202306	013090200	11	運賃	0.0	0.0	0.0	0.0	0.0	0.0	本社収支	経費	運賃
202306	013090200	12	通信費	0.0	0.0	0.0	0.0	0.0	0.0	本社収支	経費	通信費
202306	013090200	13	水道光熱費	0.0	0.0	0.0	0.0	0.0	0.0	本社収支	経費	水道光熱費
202306	013090200	14	事務用品費	0.0	0.0	0.0	0.0	0.0	0.0	本社収支	経費	事務用品費
202306	013090200	15	備品消耗品費	0.0	0.0	0.0	0.0	0.0	0.0	本社収支	経費	備品消耗品費
202306	013090200	16	広告宣伝費	0.0	0.0	0.0	0.0	0.0	0.0	本社収支	経費	広告宣伝費
202306	013090200	17	交際費	0.0	0.0	0.0	0.0	0.0	0.0	本社収支	経費	交際費
202306	013090200	18	賃借料	0.0	0.0	0.0	0.0	0.0	0.0	本社収支	経費	賃借料
202306	013090200	19	修繕費	0.0	0.0	0.0	0.0	0.0	0.0	本社収支	経費	修繕費
202306	013090200	20	リース料	0.0	0.0	0.0	0.0	0.0	0.0	本社収支	経費	リース料
202306	013090200	21	保険料	0.0	0.0	0.0	0.0	0.0	0.0	本社収支	経費	保険料
202306	013090200	22	支払手数料	0.0	0.0	0.0	0.0	0.0	0.0	本社収支	経費	支払手数料
202306	013090200	23	諸会費	0.0	0.0	0.0	0.0	0.0	0.0	本社収支	経費	諸会費
202306	013090200	24	会議費	0.0	0.0	0.0	0.0	0.0	0.0	本社収支	経費	会議費
202306	013090200	25	寄附金	0.0	0.0	0.0	0.0	0.0	0.0	本社収支	経費	寄附金
202306	013090200	26	租税公課	0.0	0.0	0.0	0.0	0.0	0.0	本社収支	経費	租税公課
202306	013090200	27	貸倒金	0.0	0.0	0.0	0.0	0.0	0.0	本社収支	経費	貸倒金
202306	013090200	28	情報機器利用料	0.0	0.0	0.0	0.0	0.0	0.0	本社収支	経費	情報機器利用料
202306	013090200	29	雑費	0.0	0.0	0.0	0.0	0.0	0.0	本社収支	経費	雑費
202306	013090200	30	新聞図書費	0.0	0.0	0.0	0.0	0.0	0.0	本社収支	経費	新聞図書費
202306	013090200	32	雑給	0.0	0.0	0.0	0.0	0.0	0.0	本社収支	経費	雑給
202306	013090200	33	社内金利（固定資産）	0.0	0.0	0.0	0.0	0.0	0.0	本社収支	経費	社内金利（固定資産）
202306	013090200	34	社内金利（売掛金）	0.0	0.0	0.0	0.0	0.0	0.0	本社収支	経費	社内金利（売掛金）
202306	013090200	35	部門共通（経費）	0.0	0.0	0.0	0.0	0.0	0.0	本社収支	経費	部門共通（経費）
202306	013090200	36	グループ共通	0.0	0.0	0.0	0.0	0.0	0.0	本社収支	経費	グループ共通
202306	013090200	37	差引収益	0.0	0.0	0.0	0.0	0.0	0.0	本社収支		
202306	013090200	38	差引比率	0.0	0.0	0.0		0.0	0.0	本社収支		
202306	013090200	39	総時間	0.0	0.0	0.0		0.0	0.0	本社収支		
202306	013090200	40	定時間	0.0	0.0	0.0		0.0	0.0	本社収支	時間	
202306	013090200	41	残業時間	0.0	0.0	0.0		0.0	0.0	本社収支	時間	
202306	013090200	42	移動時間	0.0	0.0	0.0		0.0	0.0	本社収支	時間	
202306	013090200	43	部門共通（時間）	0.0	0.0	0.0		0.0	0.0	本社収支	時間	
202306	013090200	44	当月時間当り	0.0	0.0	0.0		0.0	0.0	本社収支		
202306	013090200	45	人員	0.0	0.0	0.0		0.0	0.0	本社収支		
202307	013090200	1	総受注高	0.0	0.0	0.0		0.0	0.0	本社収支	受注	
202307	013090200	2	総売上高	0.0	0.0	0.0		0.0	0.0	本社収支		
202307	013090200	3	売上高	0.0	0.0	0.0		0.0	0.0	本社収支	売上	
202307	013090200	4	売上値引	0.0	0.0	0.0		0.0	0.0	本社収支	売上	
202307	013090200	5	売上原価	0.0	0.0	0.0		0.0	0.0	本社収支		
202307	013090200	6	総収益	0.0	0.0	0.0	0.0	0.0	0.0	本社収支		
202307	013090200	7	経費合計	0.0	0.0	0.0	0.0	0.0	0.0	本社収支		
202307	013090200	8	減価償却費	0.0	0.0	0.0	0.0	0.0	0.0	本社収支	経費	減価償却費
202307	013090200	9	車輛費	0.0	0.0	0.0	0.0	0.0	0.0	本社収支	経費	車輛費
202307	013090200	10	旅費交通費	0.0	0.0	0.0	0.0	0.0	0.0	本社収支	経費	旅費交通費
202307	013090200	11	運賃	0.0	0.0	0.0	0.0	0.0	0.0	本社収支	経費	運賃
202307	013090200	12	通信費	0.0	0.0	0.0	0.0	0.0	0.0	本社収支	経費	通信費
202307	013090200	13	水道光熱費	0.0	0.0	0.0	0.0	0.0	0.0	本社収支	経費	水道光熱費
202307	013090200	14	事務用品費	0.0	0.0	0.0	0.0	0.0	0.0	本社収支	経費	事務用品費
202307	013090200	15	備品消耗品費	0.0	0.0	0.0	0.0	0.0	0.0	本社収支	経費	備品消耗品費
202307	013090200	16	広告宣伝費	0.0	0.0	0.0	0.0	0.0	0.0	本社収支	経費	広告宣伝費
202307	013090200	17	交際費	0.0	0.0	0.0	0.0	0.0	0.0	本社収支	経費	交際費
202307	013090200	18	賃借料	0.0	0.0	0.0	0.0	0.0	0.0	本社収支	経費	賃借料
202307	013090200	19	修繕費	0.0	0.0	0.0	0.0	0.0	0.0	本社収支	経費	修繕費
202307	013090200	20	リース料	0.0	0.0	0.0	0.0	0.0	0.0	本社収支	経費	リース料
202307	013090200	21	保険料	0.0	0.0	0.0	0.0	0.0	0.0	本社収支	経費	保険料
202307	013090200	22	支払手数料	0.0	0.0	0.0	0.0	0.0	0.0	本社収支	経費	支払手数料
202307	013090200	23	諸会費	0.0	0.0	0.0	0.0	0.0	0.0	本社収支	経費	諸会費
202307	013090200	24	会議費	0.0	0.0	0.0	0.0	0.0	0.0	本社収支	経費	会議費
202307	013090200	25	寄附金	0.0	0.0	0.0	0.0	0.0	0.0	本社収支	経費	寄附金
202307	013090200	26	租税公課	0.0	0.0	0.0	0.0	0.0	0.0	本社収支	経費	租税公課
202307	013090200	27	貸倒金	0.0	0.0	0.0	0.0	0.0	0.0	本社収支	経費	貸倒金
202307	013090200	28	情報機器利用料	0.0	0.0	0.0	0.0	0.0	0.0	本社収支	経費	情報機器利用料
202307	013090200	29	雑費	0.0	0.0	0.0	0.0	0.0	0.0	本社収支	経費	雑費
202307	013090200	30	新聞図書費	0.0	0.0	0.0	0.0	0.0	0.0	本社収支	経費	新聞図書費
202307	013090200	32	雑給	0.0	0.0	0.0	0.0	0.0	0.0	本社収支	経費	雑給
202307	013090200	33	社内金利（固定資産）	0.0	0.0	0.0	0.0	0.0	0.0	本社収支	経費	社内金利（固定資産）
202307	013090200	34	社内金利（売掛金）	0.0	0.0	0.0	0.0	0.0	0.0	本社収支	経費	社内金利（売掛金）
202307	013090200	35	部門共通（経費）	0.0	0.0	0.0	0.0	0.0	0.0	本社収支	経費	部門共通（経費）
202307	013090200	36	グループ共通	0.0	0.0	0.0	0.0	0.0	0.0	本社収支	経費	グループ共通
202307	013090200	37	差引収益	0.0	0.0	0.0	0.0	0.0	0.0	本社収支		
202307	013090200	38	差引比率	0.0	0.0	0.0		0.0	0.0	本社収支		
202307	013090200	39	総時間	0.0	0.0	0.0		0.0	0.0	本社収支		
202307	013090200	40	定時間	0.0	0.0	0.0		0.0	0.0	本社収支	時間	
202307	013090200	41	残業時間	0.0	0.0	0.0		0.0	0.0	本社収支	時間	
202307	013090200	42	移動時間	0.0	0.0	0.0		0.0	0.0	本社収支	時間	
202307	013090200	43	部門共通（時間）	0.0	0.0	0.0		0.0	0.0	本社収支	時間	
202307	013090200	44	当月時間当り	0.0	0.0	0.0		0.0	0.0	本社収支		
202307	013090200	45	人員	0.0	0.0	0.0		0.0	0.0	本社収支		
202308	013090200	1	総受注高	0.0	0.0	0.0		0.0	0.0	本社収支	受注	
202308	013090200	2	総売上高	0.0	0.0	0.0		0.0	0.0	本社収支		
202308	013090200	3	売上高	0.0	0.0	0.0		0.0	0.0	本社収支	売上	
202308	013090200	4	売上値引	0.0	0.0	0.0		0.0	0.0	本社収支	売上	
202308	013090200	5	売上原価	0.0	0.0	0.0		0.0	0.0	本社収支		
202308	013090200	6	総収益	0.0	0.0	0.0	0.0	0.0	0.0	本社収支		
202308	013090200	7	経費合計	0.0	0.0	0.0	0.0	0.0	0.0	本社収支		
202308	013090200	8	減価償却費	0.0	0.0	0.0	0.0	0.0	0.0	本社収支	経費	減価償却費
202308	013090200	9	車輛費	0.0	0.0	0.0	0.0	0.0	0.0	本社収支	経費	車輛費
202308	013090200	10	旅費交通費	0.0	0.0	0.0	0.0	0.0	0.0	本社収支	経費	旅費交通費
202308	013090200	11	運賃	0.0	0.0	0.0	0.0	0.0	0.0	本社収支	経費	運賃
202308	013090200	12	通信費	0.0	0.0	0.0	0.0	0.0	0.0	本社収支	経費	通信費
202308	013090200	13	水道光熱費	0.0	0.0	0.0	0.0	0.0	0.0	本社収支	経費	水道光熱費
202308	013090200	14	事務用品費	0.0	0.0	0.0	0.0	0.0	0.0	本社収支	経費	事務用品費
202308	013090200	15	備品消耗品費	0.0	0.0	0.0	0.0	0.0	0.0	本社収支	経費	備品消耗品費
202308	013090200	16	広告宣伝費	0.0	0.0	0.0	0.0	0.0	0.0	本社収支	経費	広告宣伝費
202308	013090200	17	交際費	0.0	0.0	0.0	0.0	0.0	0.0	本社収支	経費	交際費
202308	013090200	18	賃借料	0.0	0.0	0.0	0.0	0.0	0.0	本社収支	経費	賃借料
202308	013090200	19	修繕費	0.0	0.0	0.0	0.0	0.0	0.0	本社収支	経費	修繕費
202308	013090200	20	リース料	0.0	0.0	0.0	0.0	0.0	0.0	本社収支	経費	リース料
202308	013090200	21	保険料	0.0	0.0	0.0	0.0	0.0	0.0	本社収支	経費	保険料
202308	013090200	22	支払手数料	0.0	0.0	0.0	0.0	0.0	0.0	本社収支	経費	支払手数料
202308	013090200	23	諸会費	0.0	0.0	0.0	0.0	0.0	0.0	本社収支	経費	諸会費
202308	013090200	24	会議費	0.0	0.0	0.0	0.0	0.0	0.0	本社収支	経費	会議費
202308	013090200	25	寄附金	0.0	0.0	0.0	0.0	0.0	0.0	本社収支	経費	寄附金
202308	013090200	26	租税公課	0.0	0.0	0.0	0.0	0.0	0.0	本社収支	経費	租税公課
202308	013090200	27	貸倒金	0.0	0.0	0.0	0.0	0.0	0.0	本社収支	経費	貸倒金
202308	013090200	28	情報機器利用料	0.0	0.0	0.0	0.0	0.0	0.0	本社収支	経費	情報機器利用料
202308	013090200	29	雑費	0.0	0.0	0.0	0.0	0.0	0.0	本社収支	経費	雑費
202308	013090200	30	新聞図書費	0.0	0.0	0.0	0.0	0.0	0.0	本社収支	経費	新聞図書費
202308	013090200	32	雑給	0.0	0.0	0.0	0.0	0.0	0.0	本社収支	経費	雑給
202308	013090200	33	社内金利（固定資産）	0.0	0.0	0.0	0.0	0.0	0.0	本社収支	経費	社内金利（固定資産）
202308	013090200	34	社内金利（売掛金）	0.0	0.0	0.0	0.0	0.0	0.0	本社収支	経費	社内金利（売掛金）
202308	013090200	35	部門共通（経費）	0.0	0.0	0.0	0.0	0.0	0.0	本社収支	経費	部門共通（経費）
202308	013090200	36	グループ共通	0.0	0.0	0.0	0.0	0.0	0.0	本社収支	経費	グループ共通
202308	013090200	37	差引収益	0.0	0.0	0.0	0.0	0.0	0.0	本社収支		
202308	013090200	38	差引比率	0.0	0.0	0.0		0.0	0.0	本社収支		
202308	013090200	39	総時間	0.0	0.0	0.0		0.0	0.0	本社収支		
202308	013090200	40	定時間	0.0	0.0	0.0		0.0	0.0	本社収支	時間	
202308	013090200	41	残業時間	0.0	0.0	0.0		0.0	0.0	本社収支	時間	
202308	013090200	42	移動時間	0.0	0.0	0.0		0.0	0.0	本社収支	時間	
202308	013090200	43	部門共通（時間）	0.0	0.0	0.0		0.0	0.0	本社収支	時間	
202308	013090200	44	当月時間当り	0.0	0.0	0.0		0.0	0.0	本社収支		
202308	013090200	45	人員	0.0	0.0	0.0		0.0	0.0	本社収支		
202309	013090200	1	総受注高	0.0	0.0	0.0		0.0	0.0	本社収支	受注	
202309	013090200	2	総売上高	0.0	0.0	0.0		0.0	0.0	本社収支		
202309	013090200	3	売上高	0.0	0.0	0.0		0.0	0.0	本社収支	売上	
202309	013090200	4	売上値引	0.0	0.0	0.0		0.0	0.0	本社収支	売上	
202309	013090200	5	売上原価	0.0	0.0	0.0		0.0	0.0	本社収支		
202309	013090200	6	総収益	0.0	0.0	0.0	0.0	0.0	0.0	本社収支		
202309	013090200	7	経費合計	0.0	0.0	0.0	0.0	0.0	0.0	本社収支		
202309	013090200	8	減価償却費	0.0	0.0	0.0	0.0	0.0	0.0	本社収支	経費	減価償却費
202309	013090200	9	車輛費	0.0	0.0	0.0	0.0	0.0	0.0	本社収支	経費	車輛費
202309	013090200	10	旅費交通費	0.0	0.0	0.0	0.0	0.0	0.0	本社収支	経費	旅費交通費
202309	013090200	11	運賃	0.0	0.0	0.0	0.0	0.0	0.0	本社収支	経費	運賃
202309	013090200	12	通信費	0.0	0.0	0.0	0.0	0.0	0.0	本社収支	経費	通信費
202309	013090200	13	水道光熱費	0.0	0.0	0.0	0.0	0.0	0.0	本社収支	経費	水道光熱費
202309	013090200	14	事務用品費	0.0	0.0	0.0	0.0	0.0	0.0	本社収支	経費	事務用品費
202309	013090200	15	備品消耗品費	0.0	0.0	0.0	0.0	0.0	0.0	本社収支	経費	備品消耗品費
202309	013090200	16	広告宣伝費	0.0	0.0	0.0	0.0	0.0	0.0	本社収支	経費	広告宣伝費
202309	013090200	17	交際費	0.0	0.0	0.0	0.0	0.0	0.0	本社収支	経費	交際費
202309	013090200	18	賃借料	0.0	0.0	0.0	0.0	0.0	0.0	本社収支	経費	賃借料
202309	013090200	19	修繕費	0.0	0.0	0.0	0.0	0.0	0.0	本社収支	経費	修繕費
202309	013090200	20	リース料	0.0	0.0	0.0	0.0	0.0	0.0	本社収支	経費	リース料
202309	013090200	21	保険料	0.0	0.0	0.0	0.0	0.0	0.0	本社収支	経費	保険料
202309	013090200	22	支払手数料	0.0	0.0	0.0	0.0	0.0	0.0	本社収支	経費	支払手数料
202309	013090200	23	諸会費	0.0	0.0	0.0	0.0	0.0	0.0	本社収支	経費	諸会費
202309	013090200	24	会議費	0.0	0.0	0.0	0.0	0.0	0.0	本社収支	経費	会議費
202309	013090200	25	寄附金	0.0	0.0	0.0	0.0	0.0	0.0	本社収支	経費	寄附金
202309	013090200	26	租税公課	0.0	0.0	0.0	0.0	0.0	0.0	本社収支	経費	租税公課
202309	013090200	27	貸倒金	0.0	0.0	0.0	0.0	0.0	0.0	本社収支	経費	貸倒金
202309	013090200	28	情報機器利用料	0.0	0.0	0.0	0.0	0.0	0.0	本社収支	経費	情報機器利用料
202309	013090200	29	雑費	0.0	0.0	0.0	0.0	0.0	0.0	本社収支	経費	雑費
202309	013090200	30	新聞図書費	0.0	0.0	0.0	0.0	0.0	0.0	本社収支	経費	新聞図書費
202309	013090200	32	雑給	0.0	0.0	0.0	0.0	0.0	0.0	本社収支	経費	雑給
202309	013090200	33	社内金利（固定資産）	0.0	0.0	0.0	0.0	0.0	0.0	本社収支	経費	社内金利（固定資産）
202309	013090200	34	社内金利（売掛金）	0.0	0.0	0.0	0.0	0.0	0.0	本社収支	経費	社内金利（売掛金）
202309	013090200	35	部門共通（経費）	0.0	0.0	0.0	0.0	0.0	0.0	本社収支	経費	部門共通（経費）
202309	013090200	36	グループ共通	0.0	0.0	0.0	0.0	0.0	0.0	本社収支	経費	グループ共通
202309	013090200	37	差引収益	0.0	0.0	0.0	0.0	0.0	0.0	本社収支		
202309	013090200	38	差引比率	0.0	0.0	0.0		0.0	0.0	本社収支		
202309	013090200	39	総時間	0.0	0.0	0.0		0.0	0.0	本社収支		
202309	013090200	40	定時間	0.0	0.0	0.0		0.0	0.0	本社収支	時間	
202309	013090200	41	残業時間	0.0	0.0	0.0		0.0	0.0	本社収支	時間	
202309	013090200	42	移動時間	0.0	0.0	0.0		0.0	0.0	本社収支	時間	
202309	013090200	43	部門共通（時間）	0.0	0.0	0.0		0.0	0.0	本社収支	時間	
202309	013090200	44	当月時間当り	0.0	0.0	0.0		0.0	0.0	本社収支		
202309	013090200	45	人員	0.0	0.0	0.0		0.0	0.0	本社収支		
202310	013090200	1	総受注高	0.0	0.0	0.0		0.0	0.0	本社収支	受注	
202310	013090200	2	総売上高	0.0	0.0	0.0		0.0	0.0	本社収支		
202310	013090200	3	売上高	0.0	0.0	0.0		0.0	0.0	本社収支	売上	
202310	013090200	4	売上値引	0.0	0.0	0.0		0.0	0.0	本社収支	売上	
202310	013090200	5	売上原価	0.0	0.0	0.0		0.0	0.0	本社収支		
202310	013090200	6	総収益	0.0	0.0	0.0	0.0	0.0	0.0	本社収支		
202310	013090200	7	経費合計	0.0	0.0	0.0	0.0	0.0	0.0	本社収支		
202310	013090200	8	減価償却費	0.0	0.0	0.0	0.0	0.0	0.0	本社収支	経費	減価償却費
202310	013090200	9	車輛費	0.0	0.0	0.0	0.0	0.0	0.0	本社収支	経費	車輛費
202310	013090200	10	旅費交通費	0.0	0.0	0.0	0.0	0.0	0.0	本社収支	経費	旅費交通費
202310	013090200	11	運賃	0.0	0.0	0.0	0.0	0.0	0.0	本社収支	経費	運賃
202310	013090200	12	通信費	0.0	0.0	0.0	0.0	0.0	0.0	本社収支	経費	通信費
202310	013090200	13	水道光熱費	0.0	0.0	0.0	0.0	0.0	0.0	本社収支	経費	水道光熱費
202310	013090200	14	事務用品費	0.0	0.0	0.0	0.0	0.0	0.0	本社収支	経費	事務用品費
202310	013090200	15	備品消耗品費	0.0	0.0	0.0	0.0	0.0	0.0	本社収支	経費	備品消耗品費
202310	013090200	16	広告宣伝費	0.0	0.0	0.0	0.0	0.0	0.0	本社収支	経費	広告宣伝費
202310	013090200	17	交際費	0.0	0.0	0.0	0.0	0.0	0.0	本社収支	経費	交際費
202310	013090200	18	賃借料	0.0	0.0	0.0	0.0	0.0	0.0	本社収支	経費	賃借料
202310	013090200	19	修繕費	0.0	0.0	0.0	0.0	0.0	0.0	本社収支	経費	修繕費
202310	013090200	20	リース料	0.0	0.0	0.0	0.0	0.0	0.0	本社収支	経費	リース料
202310	013090200	21	保険料	0.0	0.0	0.0	0.0	0.0	0.0	本社収支	経費	保険料
202310	013090200	22	支払手数料	0.0	0.0	0.0	0.0	0.0	0.0	本社収支	経費	支払手数料
202310	013090200	23	諸会費	0.0	0.0	0.0	0.0	0.0	0.0	本社収支	経費	諸会費
202310	013090200	24	会議費	0.0	0.0	0.0	0.0	0.0	0.0	本社収支	経費	会議費
202310	013090200	25	寄附金	0.0	0.0	0.0	0.0	0.0	0.0	本社収支	経費	寄附金
202310	013090200	26	租税公課	0.0	0.0	0.0	0.0	0.0	0.0	本社収支	経費	租税公課
202310	013090200	27	貸倒金	0.0	0.0	0.0	0.0	0.0	0.0	本社収支	経費	貸倒金
202310	013090200	28	情報機器利用料	0.0	0.0	0.0	0.0	0.0	0.0	本社収支	経費	情報機器利用料
202310	013090200	29	雑費	0.0	0.0	0.0	0.0	0.0	0.0	本社収支	経費	雑費
202310	013090200	30	新聞図書費	0.0	0.0	0.0	0.0	0.0	0.0	本社収支	経費	新聞図書費
202310	013090200	32	雑給	0.0	0.0	0.0	0.0	0.0	0.0	本社収支	経費	雑給
202310	013090200	33	社内金利（固定資産）	0.0	0.0	0.0	0.0	0.0	0.0	本社収支	経費	社内金利（固定資産）
202310	013090200	34	社内金利（売掛金）	0.0	0.0	0.0	0.0	0.0	0.0	本社収支	経費	社内金利（売掛金）
202310	013090200	35	部門共通（経費）	0.0	0.0	0.0	0.0	0.0	0.0	本社収支	経費	部門共通（経費）
202310	013090200	36	グループ共通	0.0	0.0	0.0	0.0	0.0	0.0	本社収支	経費	グループ共通
202310	013090200	37	差引収益	0.0	0.0	0.0	0.0	0.0	0.0	本社収支		
202310	013090200	38	差引比率	0.0	0.0	0.0		0.0	0.0	本社収支		
202310	013090200	39	総時間	0.0	0.0	0.0		0.0	0.0	本社収支		
202310	013090200	40	定時間	0.0	0.0	0.0		0.0	0.0	本社収支	時間	
202310	013090200	41	残業時間	0.0	0.0	0.0		0.0	0.0	本社収支	時間	
202310	013090200	42	移動時間	0.0	0.0	0.0		0.0	0.0	本社収支	時間	
202310	013090200	43	部門共通（時間）	0.0	0.0	0.0		0.0	0.0	本社収支	時間	
202310	013090200	44	当月時間当り	0.0	0.0	0.0		0.0	0.0	本社収支		
202310	013090200	45	人員	0.0	0.0	0.0		0.0	0.0	本社収支		
202311	013090200	1	総受注高	0.0	0.0	0.0		0.0	0.0	本社収支	受注	
202311	013090200	2	総売上高	0.0	0.0	0.0		0.0	0.0	本社収支		
202311	013090200	3	売上高	0.0	0.0	0.0		0.0	0.0	本社収支	売上	
202311	013090200	4	売上値引	0.0	0.0	0.0		0.0	0.0	本社収支	売上	
202311	013090200	5	売上原価	0.0	0.0	0.0		0.0	0.0	本社収支		
202311	013090200	6	総収益	0.0	0.0	0.0	0.0	0.0	0.0	本社収支		
202311	013090200	7	経費合計	0.0	0.0	0.0	0.0	0.0	0.0	本社収支		
202311	013090200	8	減価償却費	0.0	0.0	0.0	0.0	0.0	0.0	本社収支	経費	減価償却費
202311	013090200	9	車輛費	0.0	0.0	0.0	0.0	0.0	0.0	本社収支	経費	車輛費
202311	013090200	10	旅費交通費	0.0	0.0	0.0	0.0	0.0	0.0	本社収支	経費	旅費交通費
202311	013090200	11	運賃	0.0	0.0	0.0	0.0	0.0	0.0	本社収支	経費	運賃
202311	013090200	12	通信費	0.0	0.0	0.0	0.0	0.0	0.0	本社収支	経費	通信費
202311	013090200	13	水道光熱費	0.0	0.0	0.0	0.0	0.0	0.0	本社収支	経費	水道光熱費
202311	013090200	14	事務用品費	0.0	0.0	0.0	0.0	0.0	0.0	本社収支	経費	事務用品費
202311	013090200	15	備品消耗品費	0.0	0.0	0.0	0.0	0.0	0.0	本社収支	経費	備品消耗品費
202311	013090200	16	広告宣伝費	0.0	0.0	0.0	0.0	0.0	0.0	本社収支	経費	広告宣伝費
202311	013090200	17	交際費	0.0	0.0	0.0	0.0	0.0	0.0	本社収支	経費	交際費
202311	013090200	18	賃借料	0.0	0.0	0.0	0.0	0.0	0.0	本社収支	経費	賃借料
202311	013090200	19	修繕費	0.0	0.0	0.0	0.0	0.0	0.0	本社収支	経費	修繕費
202311	013090200	20	リース料	0.0	0.0	0.0	0.0	0.0	0.0	本社収支	経費	リース料
202311	013090200	21	保険料	0.0	0.0	0.0	0.0	0.0	0.0	本社収支	経費	保険料
202311	013090200	22	支払手数料	0.0	0.0	0.0	0.0	0.0	0.0	本社収支	経費	支払手数料
202311	013090200	23	諸会費	0.0	0.0	0.0	0.0	0.0	0.0	本社収支	経費	諸会費
202311	013090200	24	会議費	0.0	0.0	0.0	0.0	0.0	0.0	本社収支	経費	会議費
202311	013090200	25	寄附金	0.0	0.0	0.0	0.0	0.0	0.0	本社収支	経費	寄附金
202311	013090200	26	租税公課	0.0	0.0	0.0	0.0	0.0	0.0	本社収支	経費	租税公課
202311	013090200	27	貸倒金	0.0	0.0	0.0	0.0	0.0	0.0	本社収支	経費	貸倒金
202311	013090200	28	情報機器利用料	0.0	0.0	0.0	0.0	0.0	0.0	本社収支	経費	情報機器利用料
202311	013090200	29	雑費	0.0	0.0	0.0	0.0	0.0	0.0	本社収支	経費	雑費
202311	013090200	30	新聞図書費	0.0	0.0	0.0	0.0	0.0	0.0	本社収支	経費	新聞図書費
202311	013090200	32	雑給	0.0	0.0	0.0	0.0	0.0	0.0	本社収支	経費	雑給
202311	013090200	33	社内金利（固定資産）	0.0	0.0	0.0	0.0	0.0	0.0	本社収支	経費	社内金利（固定資産）
202311	013090200	34	社内金利（売掛金）	0.0	0.0	0.0	0.0	0.0	0.0	本社収支	経費	社内金利（売掛金）
202311	013090200	35	部門共通（経費）	0.0	0.0	0.0	0.0	0.0	0.0	本社収支	経費	部門共通（経費）
202311	013090200	36	グループ共通	0.0	0.0	0.0	0.0	0.0	0.0	本社収支	経費	グループ共通
202311	013090200	37	差引収益	0.0	0.0	0.0	0.0	0.0	0.0	本社収支		
202311	013090200	38	差引比率	0.0	0.0	0.0		0.0	0.0	本社収支		
202311	013090200	39	総時間	0.0	0.0	0.0		0.0	0.0	本社収支		
202311	013090200	40	定時間	0.0	0.0	0.0		0.0	0.0	本社収支	時間	
202311	013090200	41	残業時間	0.0	0.0	0.0		0.0	0.0	本社収支	時間	
202311	013090200	42	移動時間	0.0	0.0	0.0		0.0	0.0	本社収支	時間	
202311	013090200	43	部門共通（時間）	0.0	0.0	0.0		0.0	0.0	本社収支	時間	
202311	013090200	44	当月時間当り	0.0	0.0	0.0		0.0	0.0	本社収支		
202311	013090200	45	人員	0.0	0.0	0.0		0.0	0.0	本社収支		
202312	013090200	1	総受注高	0.0	0.0	0.0		0.0	0.0	本社収支	受注	
202312	013090200	2	総売上高	0.0	0.0	0.0		0.0	0.0	本社収支		
202312	013090200	3	売上高	0.0	0.0	0.0		0.0	0.0	本社収支	売上	
202312	013090200	4	売上値引	0.0	0.0	0.0		0.0	0.0	本社収支	売上	
202312	013090200	5	売上原価	0.0	0.0	0.0		0.0	0.0	本社収支		
202312	013090200	6	総収益	0.0	0.0	0.0	0.0	0.0	0.0	本社収支		
202312	013090200	7	経費合計	0.0	0.0	0.0	0.0	0.0	0.0	本社収支		
202312	013090200	8	減価償却費	0.0	0.0	0.0	0.0	0.0	0.0	本社収支	経費	減価償却費
202312	013090200	9	車輛費	0.0	0.0	0.0	0.0	0.0	0.0	本社収支	経費	車輛費
202312	013090200	10	旅費交通費	0.0	0.0	0.0	0.0	0.0	0.0	本社収支	経費	旅費交通費
202312	013090200	11	運賃	0.0	0.0	0.0	0.0	0.0	0.0	本社収支	経費	運賃
202312	013090200	12	通信費	0.0	0.0	0.0	0.0	0.0	0.0	本社収支	経費	通信費
202312	013090200	13	水道光熱費	0.0	0.0	0.0	0.0	0.0	0.0	本社収支	経費	水道光熱費
202312	013090200	14	事務用品費	0.0	0.0	0.0	0.0	0.0	0.0	本社収支	経費	事務用品費
202312	013090200	15	備品消耗品費	0.0	0.0	0.0	0.0	0.0	0.0	本社収支	経費	備品消耗品費
202312	013090200	16	広告宣伝費	0.0	0.0	0.0	0.0	0.0	0.0	本社収支	経費	広告宣伝費
202312	013090200	17	交際費	0.0	0.0	0.0	0.0	0.0	0.0	本社収支	経費	交際費
202312	013090200	18	賃借料	0.0	0.0	0.0	0.0	0.0	0.0	本社収支	経費	賃借料
202312	013090200	19	修繕費	0.0	0.0	0.0	0.0	0.0	0.0	本社収支	経費	修繕費
202312	013090200	20	リース料	0.0	0.0	0.0	0.0	0.0	0.0	本社収支	経費	リース料
202312	013090200	21	保険料	0.0	0.0	0.0	0.0	0.0	0.0	本社収支	経費	保険料
202312	013090200	22	支払手数料	0.0	0.0	0.0	0.0	0.0	0.0	本社収支	経費	支払手数料
202312	013090200	23	諸会費	0.0	0.0	0.0	0.0	0.0	0.0	本社収支	経費	諸会費
202312	013090200	24	会議費	0.0	0.0	0.0	0.0	0.0	0.0	本社収支	経費	会議費
202312	013090200	25	寄附金	0.0	0.0	0.0	0.0	0.0	0.0	本社収支	経費	寄附金
202312	013090200	26	租税公課	0.0	0.0	0.0	0.0	0.0	0.0	本社収支	経費	租税公課
202312	013090200	27	貸倒金	0.0	0.0	0.0	0.0	0.0	0.0	本社収支	経費	貸倒金
202312	013090200	28	情報機器利用料	0.0	0.0	0.0	0.0	0.0	0.0	本社収支	経費	情報機器利用料
202312	013090200	29	雑費	0.0	0.0	0.0	0.0	0.0	0.0	本社収支	経費	雑費
202312	013090200	30	新聞図書費	0.0	0.0	0.0	0.0	0.0	0.0	本社収支	経費	新聞図書費
202312	013090200	32	雑給	0.0	0.0	0.0	0.0	0.0	0.0	本社収支	経費	雑給
202312	013090200	33	社内金利（固定資産）	0.0	0.0	0.0	0.0	0.0	0.0	本社収支	経費	社内金利（固定資産）
202312	013090200	34	社内金利（売掛金）	0.0	0.0	0.0	0.0	0.0	0.0	本社収支	経費	社内金利（売掛金）
202312	013090200	35	部門共通（経費）	0.0	0.0	0.0	0.0	0.0	0.0	本社収支	経費	部門共通（経費）
202312	013090200	36	グループ共通	0.0	0.0	0.0	0.0	0.0	0.0	本社収支	経費	グループ共通
202312	013090200	37	差引収益	0.0	0.0	0.0	0.0	0.0	0.0	本社収支		
202312	013090200	38	差引比率	0.0	0.0	0.0		0.0	0.0	本社収支		
202312	013090200	39	総時間	0.0	0.0	0.0		0.0	0.0	本社収支		
202312	013090200	40	定時間	0.0	0.0	0.0		0.0	0.0	本社収支	時間	
202312	013090200	41	残業時間	0.0	0.0	0.0		0.0	0.0	本社収支	時間	
202312	013090200	42	移動時間	0.0	0.0	0.0		0.0	0.0	本社収支	時間	
202312	013090200	43	部門共通（時間）	0.0	0.0	0.0		0.0	0.0	本社収支	時間	
202312	013090200	44	当月時間当り	0.0	0.0	0.0		0.0	0.0	本社収支		
202312	013090200	45	人員	0.0	0.0	0.0		0.0	0.0	本社収支		
202401	013090200	1	総受注高	0.0	0.0	0.0		0.0	0.0	本社収支	受注	
202401	013090200	2	総売上高	0.0	0.0	0.0		0.0	0.0	本社収支		
202401	013090200	3	売上高	0.0	0.0	0.0		0.0	0.0	本社収支	売上	
202401	013090200	4	売上値引	0.0	0.0	0.0		0.0	0.0	本社収支	売上	
202401	013090200	5	売上原価	0.0	0.0	0.0		0.0	0.0	本社収支		
202401	013090200	6	総収益	0.0	0.0	0.0	0.0	0.0	0.0	本社収支		
202401	013090200	7	経費合計	0.0	0.0	0.0	0.0	0.0	0.0	本社収支		
202401	013090200	8	減価償却費	0.0	0.0	0.0	0.0	0.0	0.0	本社収支	経費	減価償却費
202401	013090200	9	車輛費	0.0	0.0	0.0	0.0	0.0	0.0	本社収支	経費	車輛費
202401	013090200	10	旅費交通費	0.0	0.0	0.0	0.0	0.0	0.0	本社収支	経費	旅費交通費
202401	013090200	11	運賃	0.0	0.0	0.0	0.0	0.0	0.0	本社収支	経費	運賃
202401	013090200	12	通信費	0.0	0.0	0.0	0.0	0.0	0.0	本社収支	経費	通信費
202401	013090200	13	水道光熱費	0.0	0.0	0.0	0.0	0.0	0.0	本社収支	経費	水道光熱費
202401	013090200	14	事務用品費	0.0	0.0	0.0	0.0	0.0	0.0	本社収支	経費	事務用品費
202401	013090200	15	備品消耗品費	0.0	0.0	0.0	0.0	0.0	0.0	本社収支	経費	備品消耗品費
202401	013090200	16	広告宣伝費	0.0	0.0	0.0	0.0	0.0	0.0	本社収支	経費	広告宣伝費
202401	013090200	17	交際費	0.0	0.0	0.0	0.0	0.0	0.0	本社収支	経費	交際費
202401	013090200	18	賃借料	0.0	0.0	0.0	0.0	0.0	0.0	本社収支	経費	賃借料
202401	013090200	19	修繕費	0.0	0.0	0.0	0.0	0.0	0.0	本社収支	経費	修繕費
202401	013090200	20	リース料	0.0	0.0	0.0	0.0	0.0	0.0	本社収支	経費	リース料
202401	013090200	21	保険料	0.0	0.0	0.0	0.0	0.0	0.0	本社収支	経費	保険料
202401	013090200	22	支払手数料	0.0	0.0	0.0	0.0	0.0	0.0	本社収支	経費	支払手数料
202401	013090200	23	諸会費	0.0	0.0	0.0	0.0	0.0	0.0	本社収支	経費	諸会費
202401	013090200	24	会議費	0.0	0.0	0.0	0.0	0.0	0.0	本社収支	経費	会議費
202401	013090200	25	寄附金	0.0	0.0	0.0	0.0	0.0	0.0	本社収支	経費	寄附金
202401	013090200	26	租税公課	0.0	0.0	0.0	0.0	0.0	0.0	本社収支	経費	租税公課
202401	013090200	27	貸倒金	0.0	0.0	0.0	0.0	0.0	0.0	本社収支	経費	貸倒金
202401	013090200	28	情報機器利用料	0.0	0.0	0.0	0.0	0.0	0.0	本社収支	経費	情報機器利用料
202401	013090200	29	雑費	0.0	0.0	0.0	0.0	0.0	0.0	本社収支	経費	雑費
202401	013090200	30	新聞図書費	0.0	0.0	0.0	0.0	0.0	0.0	本社収支	経費	新聞図書費
202401	013090200	32	雑給	0.0	0.0	0.0	0.0	0.0	0.0	本社収支	経費	雑給
202401	013090200	33	社内金利（固定資産）	0.0	0.0	0.0	0.0	0.0	0.0	本社収支	経費	社内金利（固定資産）
202401	013090200	34	社内金利（売掛金）	0.0	0.0	0.0	0.0	0.0	0.0	本社収支	経費	社内金利（売掛金）
202401	013090200	35	部門共通（経費）	0.0	0.0	0.0	0.0	0.0	0.0	本社収支	経費	部門共通（経費）
202401	013090200	36	グループ共通	0.0	0.0	0.0	0.0	0.0	0.0	本社収支	経費	グループ共通
202401	013090200	37	差引収益	0.0	0.0	0.0	0.0	0.0	0.0	本社収支		
202401	013090200	38	差引比率	0.0	0.0	0.0		0.0	0.0	本社収支		
202401	013090200	39	総時間	0.0	0.0	0.0		0.0	0.0	本社収支		
202401	013090200	40	定時間	0.0	0.0	0.0		0.0	0.0	本社収支	時間	
202401	013090200	41	残業時間	0.0	0.0	0.0		0.0	0.0	本社収支	時間	
202401	013090200	42	移動時間	0.0	0.0	0.0		0.0	0.0	本社収支	時間	
202401	013090200	43	部門共通（時間）	0.0	0.0	0.0		0.0	0.0	本社収支	時間	
202401	013090200	44	当月時間当り	0.0	0.0	0.0		0.0	0.0	本社収支		
202401	013090200	45	人員	0.0	0.0	0.0		0.0	0.0	本社収支		
202402	013090200	1	総受注高	0.0	0.0	0.0		0.0	0.0	本社収支	受注	
202402	013090200	2	総売上高	0.0	0.0	0.0		0.0	0.0	本社収支		
202402	013090200	3	売上高	0.0	0.0	0.0		0.0	0.0	本社収支	売上	
202402	013090200	4	売上値引	0.0	0.0	0.0		0.0	0.0	本社収支	売上	
202402	013090200	5	売上原価	0.0	0.0	0.0		0.0	0.0	本社収支		
202402	013090200	6	総収益	0.0	0.0	0.0	0.0	0.0	0.0	本社収支		
202402	013090200	7	経費合計	0.0	0.0	0.0	0.0	0.0	0.0	本社収支		
202402	013090200	8	減価償却費	0.0	0.0	0.0	0.0	0.0	0.0	本社収支	経費	減価償却費
202402	013090200	9	車輛費	0.0	0.0	0.0	0.0	0.0	0.0	本社収支	経費	車輛費
202402	013090200	10	旅費交通費	0.0	0.0	0.0	0.0	0.0	0.0	本社収支	経費	旅費交通費
202402	013090200	11	運賃	0.0	0.0	0.0	0.0	0.0	0.0	本社収支	経費	運賃
202402	013090200	12	通信費	0.0	0.0	0.0	0.0	0.0	0.0	本社収支	経費	通信費
202402	013090200	13	水道光熱費	0.0	0.0	0.0	0.0	0.0	0.0	本社収支	経費	水道光熱費
202402	013090200	14	事務用品費	0.0	0.0	0.0	0.0	0.0	0.0	本社収支	経費	事務用品費
202402	013090200	15	備品消耗品費	0.0	0.0	0.0	0.0	0.0	0.0	本社収支	経費	備品消耗品費
202402	013090200	16	広告宣伝費	0.0	0.0	0.0	0.0	0.0	0.0	本社収支	経費	広告宣伝費
202402	013090200	17	交際費	0.0	0.0	0.0	0.0	0.0	0.0	本社収支	経費	交際費
202402	013090200	18	賃借料	0.0	0.0	0.0	0.0	0.0	0.0	本社収支	経費	賃借料
202402	013090200	19	修繕費	0.0	0.0	0.0	0.0	0.0	0.0	本社収支	経費	修繕費
202402	013090200	20	リース料	0.0	0.0	0.0	0.0	0.0	0.0	本社収支	経費	リース料
202402	013090200	21	保険料	0.0	0.0	0.0	0.0	0.0	0.0	本社収支	経費	保険料
202402	013090200	22	支払手数料	0.0	0.0	0.0	0.0	0.0	0.0	本社収支	経費	支払手数料
202402	013090200	23	諸会費	0.0	0.0	0.0	0.0	0.0	0.0	本社収支	経費	諸会費
202402	013090200	24	会議費	0.0	0.0	0.0	0.0	0.0	0.0	本社収支	経費	会議費
202402	013090200	25	寄附金	0.0	0.0	0.0	0.0	0.0	0.0	本社収支	経費	寄附金
202402	013090200	26	租税公課	0.0	0.0	0.0	0.0	0.0	0.0	本社収支	経費	租税公課
202402	013090200	27	貸倒金	0.0	0.0	0.0	0.0	0.0	0.0	本社収支	経費	貸倒金
202402	013090200	28	情報機器利用料	0.0	0.0	0.0	0.0	0.0	0.0	本社収支	経費	情報機器利用料
202402	013090200	29	雑費	0.0	0.0	0.0	0.0	0.0	0.0	本社収支	経費	雑費
202402	013090200	30	新聞図書費	0.0	0.0	0.0	0.0	0.0	0.0	本社収支	経費	新聞図書費
202402	013090200	32	雑給	0.0	0.0	0.0	0.0	0.0	0.0	本社収支	経費	雑給
202402	013090200	33	社内金利（固定資産）	0.0	0.0	0.0	0.0	0.0	0.0	本社収支	経費	社内金利（固定資産）
202402	013090200	34	社内金利（売掛金）	0.0	0.0	0.0	0.0	0.0	0.0	本社収支	経費	社内金利（売掛金）
202402	013090200	35	部門共通（経費）	0.0	0.0	0.0	0.0	0.0	0.0	本社収支	経費	部門共通（経費）
202402	013090200	36	グループ共通	0.0	0.0	0.0	0.0	0.0	0.0	本社収支	経費	グループ共通
202402	013090200	37	差引収益	0.0	0.0	0.0	0.0	0.0	0.0	本社収支		
202402	013090200	38	差引比率	0.0	0.0	0.0		0.0	0.0	本社収支		
202402	013090200	39	総時間	0.0	0.0	0.0		0.0	0.0	本社収支		
202402	013090200	40	定時間	0.0	0.0	0.0		0.0	0.0	本社収支	時間	
202402	013090200	41	残業時間	0.0	0.0	0.0		0.0	0.0	本社収支	時間	
202402	013090200	42	移動時間	0.0	0.0	0.0		0.0	0.0	本社収支	時間	
202402	013090200	43	部門共通（時間）	0.0	0.0	0.0		0.0	0.0	本社収支	時間	
202402	013090200	44	当月時間当り	0.0	0.0	0.0		0.0	0.0	本社収支		
202402	013090200	45	人員	0.0	0.0	0.0		0.0	0.0	本社収支		
202403	013090200	1	総受注高	0.0	0.0	0.0		0.0	0.0	本社収支	受注	
202403	013090200	2	総売上高	0.0	0.0	0.0		0.0	0.0	本社収支		
202403	013090200	3	売上高	0.0	0.0	0.0		0.0	0.0	本社収支	売上	
202403	013090200	4	売上値引	0.0	0.0	0.0		0.0	0.0	本社収支	売上	
202403	013090200	5	売上原価	0.0	0.0	0.0		0.0	0.0	本社収支		
202403	013090200	6	総収益	0.0	0.0	0.0	0.0	0.0	0.0	本社収支		
202403	013090200	7	経費合計	0.0	0.0	0.0	0.0	0.0	0.0	本社収支		
202403	013090200	8	減価償却費	0.0	0.0	0.0	0.0	0.0	0.0	本社収支	経費	減価償却費
202403	013090200	9	車輛費	0.0	0.0	0.0	0.0	0.0	0.0	本社収支	経費	車輛費
202403	013090200	10	旅費交通費	0.0	0.0	0.0	0.0	0.0	0.0	本社収支	経費	旅費交通費
202403	013090200	11	運賃	0.0	0.0	0.0	0.0	0.0	0.0	本社収支	経費	運賃
202403	013090200	12	通信費	0.0	0.0	0.0	0.0	0.0	0.0	本社収支	経費	通信費
202403	013090200	13	水道光熱費	0.0	0.0	0.0	0.0	0.0	0.0	本社収支	経費	水道光熱費
202403	013090200	14	事務用品費	0.0	0.0	0.0	0.0	0.0	0.0	本社収支	経費	事務用品費
202403	013090200	15	備品消耗品費	0.0	0.0	0.0	0.0	0.0	0.0	本社収支	経費	備品消耗品費
202403	013090200	16	広告宣伝費	0.0	0.0	0.0	0.0	0.0	0.0	本社収支	経費	広告宣伝費
202403	013090200	17	交際費	0.0	0.0	0.0	0.0	0.0	0.0	本社収支	経費	交際費
202403	013090200	18	賃借料	0.0	0.0	0.0	0.0	0.0	0.0	本社収支	経費	賃借料
202403	013090200	19	修繕費	0.0	0.0	0.0	0.0	0.0	0.0	本社収支	経費	修繕費
202403	013090200	20	リース料	0.0	0.0	0.0	0.0	0.0	0.0	本社収支	経費	リース料
202403	013090200	21	保険料	0.0	0.0	0.0	0.0	0.0	0.0	本社収支	経費	保険料
202403	013090200	22	支払手数料	0.0	0.0	0.0	0.0	0.0	0.0	本社収支	経費	支払手数料
202403	013090200	23	諸会費	0.0	0.0	0.0	0.0	0.0	0.0	本社収支	経費	諸会費
202403	013090200	24	会議費	0.0	0.0	0.0	0.0	0.0	0.0	本社収支	経費	会議費
202403	013090200	25	寄附金	0.0	0.0	0.0	0.0	0.0	0.0	本社収支	経費	寄附金
202403	013090200	26	租税公課	0.0	0.0	0.0	0.0	0.0	0.0	本社収支	経費	租税公課
202403	013090200	27	貸倒金	0.0	0.0	0.0	0.0	0.0	0.0	本社収支	経費	貸倒金
202403	013090200	28	情報機器利用料	0.0	0.0	0.0	0.0	0.0	0.0	本社収支	経費	情報機器利用料
202403	013090200	29	雑費	0.0	0.0	0.0	0.0	0.0	0.0	本社収支	経費	雑費
202403	013090200	30	新聞図書費	0.0	0.0	0.0	0.0	0.0	0.0	本社収支	経費	新聞図書費
202403	013090200	32	雑給	0.0	0.0	0.0	0.0	0.0	0.0	本社収支	経費	雑給
202403	013090200	33	社内金利（固定資産）	0.0	0.0	0.0	0.0	0.0	0.0	本社収支	経費	社内金利（固定資産）
202403	013090200	34	社内金利（売掛金）	0.0	0.0	0.0	0.0	0.0	0.0	本社収支	経費	社内金利（売掛金）
202403	013090200	35	部門共通（経費）	0.0	0.0	0.0	0.0	0.0	0.0	本社収支	経費	部門共通（経費）
202403	013090200	36	グループ共通	0.0	0.0	0.0	0.0	0.0	0.0	本社収支	経費	グループ共通
202403	013090200	37	差引収益	0.0	0.0	0.0	0.0	0.0	0.0	本社収支		
202403	013090200	38	差引比率	0.0	0.0	0.0		0.0	0.0	本社収支		
202403	013090200	39	総時間	0.0	0.0	0.0		0.0	0.0	本社収支		
202403	013090200	40	定時間	0.0	0.0	0.0		0.0	0.0	本社収支	時間	
202403	013090200	41	残業時間	0.0	0.0	0.0		0.0	0.0	本社収支	時間	
202403	013090200	42	移動時間	0.0	0.0	0.0		0.0	0.0	本社収支	時間	
202403	013090200	43	部門共通（時間）	0.0	0.0	0.0		0.0	0.0	本社収支	時間	
202403	013090200	44	当月時間当り	0.0	0.0	0.0		0.0	0.0	本社収支		
202403	013090200	45	人員	0.0	0.0	0.0		0.0	0.0	本社収支		
202404	013090200	1	総受注高	0.0	0.0	0.0		0.0	0.0	本社収支	受注	
202404	013090200	2	総売上高	0.0	0.0	0.0		0.0	0.0	本社収支		
202404	013090200	3	売上高	0.0	0.0	0.0		0.0	0.0	本社収支	売上	
202404	013090200	4	売上値引	0.0	0.0	0.0		0.0	0.0	本社収支	売上	
202404	013090200	5	売上原価	0.0	0.0	0.0		0.0	0.0	本社収支		
202404	013090200	6	総収益	0.0	0.0	0.0	0.0	0.0	0.0	本社収支		
202404	013090200	7	経費合計	0.0	0.0	0.0	0.0	0.0	0.0	本社収支		
202404	013090200	8	減価償却費	0.0	0.0	0.0	0.0	0.0	0.0	本社収支	経費	減価償却費
202404	013090200	9	車輛費	0.0	0.0	0.0	0.0	0.0	0.0	本社収支	経費	車輛費
202404	013090200	10	旅費交通費	0.0	0.0	0.0	0.0	0.0	0.0	本社収支	経費	旅費交通費
202404	013090200	11	運賃	0.0	0.0	0.0	0.0	0.0	0.0	本社収支	経費	運賃
202404	013090200	12	通信費	0.0	0.0	0.0	0.0	0.0	0.0	本社収支	経費	通信費
202404	013090200	13	水道光熱費	0.0	0.0	0.0	0.0	0.0	0.0	本社収支	経費	水道光熱費
202404	013090200	14	事務用品費	0.0	0.0	0.0	0.0	0.0	0.0	本社収支	経費	事務用品費
202404	013090200	15	備品消耗品費	0.0	0.0	0.0	0.0	0.0	0.0	本社収支	経費	備品消耗品費
202404	013090200	16	広告宣伝費	0.0	0.0	0.0	0.0	0.0	0.0	本社収支	経費	広告宣伝費
202404	013090200	17	交際費	0.0	0.0	0.0	0.0	0.0	0.0	本社収支	経費	交際費
202404	013090200	18	賃借料	0.0	0.0	0.0	0.0	0.0	0.0	本社収支	経費	賃借料
202404	013090200	19	修繕費	0.0	0.0	0.0	0.0	0.0	0.0	本社収支	経費	修繕費
202404	013090200	20	リース料	0.0	0.0	0.0	0.0	0.0	0.0	本社収支	経費	リース料
202404	013090200	21	保険料	0.0	0.0	0.0	0.0	0.0	0.0	本社収支	経費	保険料
202404	013090200	22	支払手数料	0.0	0.0	0.0	0.0	0.0	0.0	本社収支	経費	支払手数料
202404	013090200	23	諸会費	0.0	0.0	0.0	0.0	0.0	0.0	本社収支	経費	諸会費
202404	013090200	24	会議費	0.0	0.0	0.0	0.0	0.0	0.0	本社収支	経費	会議費
202404	013090200	25	寄附金	0.0	0.0	0.0	0.0	0.0	0.0	本社収支	経費	寄附金
202404	013090200	26	租税公課	0.0	0.0	0.0	0.0	0.0	0.0	本社収支	経費	租税公課
202404	013090200	27	貸倒金	0.0	0.0	0.0	0.0	0.0	0.0	本社収支	経費	貸倒金
202404	013090200	28	情報機器利用料	0.0	0.0	0.0	0.0	0.0	0.0	本社収支	経費	情報機器利用料
202404	013090200	29	雑費	0.0	0.0	0.0	0.0	0.0	0.0	本社収支	経費	雑費
202404	013090200	30	新聞図書費	0.0	0.0	0.0	0.0	0.0	0.0	本社収支	経費	新聞図書費
202404	013090200	32	雑給	0.0	0.0	0.0	0.0	0.0	0.0	本社収支	経費	雑給
202404	013090200	33	社内金利（固定資産）	0.0	0.0	0.0	0.0	0.0	0.0	本社収支	経費	社内金利（固定資産）
202404	013090200	34	社内金利（売掛金）	0.0	0.0	0.0	0.0	0.0	0.0	本社収支	経費	社内金利（売掛金）
202404	013090200	35	部門共通（経費）	0.0	0.0	0.0	0.0	0.0	0.0	本社収支	経費	部門共通（経費）
202404	013090200	36	グループ共通	0.0	0.0	0.0	0.0	0.0	0.0	本社収支	経費	グループ共通
202404	013090200	37	差引収益	0.0	0.0	0.0	0.0	0.0	0.0	本社収支		
202404	013090200	38	差引比率	0.0	0.0	0.0		0.0	0.0	本社収支		
202404	013090200	39	総時間	0.0	0.0	0.0		0.0	0.0	本社収支		
202404	013090200	40	定時間	0.0	0.0	0.0		0.0	0.0	本社収支	時間	
202404	013090200	41	残業時間	0.0	0.0	0.0		0.0	0.0	本社収支	時間	
202404	013090200	42	移動時間	0.0	0.0	0.0		0.0	0.0	本社収支	時間	
202404	013090200	43	部門共通（時間）	0.0	0.0	0.0		0.0	0.0	本社収支	時間	
202404	013090200	44	当月時間当り	0.0	0.0	0.0		0.0	0.0	本社収支		
202404	013090200	45	人員	0.0	0.0	0.0		0.0	0.0	本社収支		
202405	013090200	1	総受注高	0.0	0.0	0.0		0.0	0.0	本社収支	受注	
202405	013090200	2	総売上高	0.0	0.0	0.0		0.0	0.0	本社収支		
202405	013090200	3	売上高	0.0	0.0	0.0		0.0	0.0	本社収支	売上	
202405	013090200	4	売上値引	0.0	0.0	0.0		0.0	0.0	本社収支	売上	
202405	013090200	5	売上原価	0.0	0.0	0.0		0.0	0.0	本社収支		
202405	013090200	6	総収益	0.0	0.0	0.0	0.0	0.0	0.0	本社収支		
202405	013090200	7	経費合計	0.0	0.0	0.0	0.0	0.0	0.0	本社収支		
202405	013090200	8	減価償却費	0.0	0.0	0.0	0.0	0.0	0.0	本社収支	経費	減価償却費
202405	013090200	9	車輛費	0.0	0.0	0.0	0.0	0.0	0.0	本社収支	経費	車輛費
202405	013090200	10	旅費交通費	0.0	0.0	0.0	0.0	0.0	0.0	本社収支	経費	旅費交通費
202405	013090200	11	運賃	0.0	0.0	0.0	0.0	0.0	0.0	本社収支	経費	運賃
202405	013090200	12	通信費	0.0	0.0	0.0	0.0	0.0	0.0	本社収支	経費	通信費
202405	013090200	13	水道光熱費	0.0	0.0	0.0	0.0	0.0	0.0	本社収支	経費	水道光熱費
202405	013090200	14	事務用品費	0.0	0.0	0.0	0.0	0.0	0.0	本社収支	経費	事務用品費
202405	013090200	15	備品消耗品費	0.0	0.0	0.0	0.0	0.0	0.0	本社収支	経費	備品消耗品費
202405	013090200	16	広告宣伝費	0.0	0.0	0.0	0.0	0.0	0.0	本社収支	経費	広告宣伝費
202405	013090200	17	交際費	0.0	0.0	0.0	0.0	0.0	0.0	本社収支	経費	交際費
202405	013090200	18	賃借料	0.0	0.0	0.0	0.0	0.0	0.0	本社収支	経費	賃借料
202405	013090200	19	修繕費	0.0	0.0	0.0	0.0	0.0	0.0	本社収支	経費	修繕費
202405	013090200	20	リース料	0.0	0.0	0.0	0.0	0.0	0.0	本社収支	経費	リース料
202405	013090200	21	保険料	0.0	0.0	0.0	0.0	0.0	0.0	本社収支	経費	保険料
202405	013090200	22	支払手数料	0.0	0.0	0.0	0.0	0.0	0.0	本社収支	経費	支払手数料
202405	013090200	23	諸会費	0.0	0.0	0.0	0.0	0.0	0.0	本社収支	経費	諸会費
202405	013090200	24	会議費	0.0	0.0	0.0	0.0	0.0	0.0	本社収支	経費	会議費
202405	013090200	25	寄附金	0.0	0.0	0.0	0.0	0.0	0.0	本社収支	経費	寄附金
202405	013090200	26	租税公課	0.0	0.0	0.0	0.0	0.0	0.0	本社収支	経費	租税公課
202405	013090200	27	貸倒金	0.0	0.0	0.0	0.0	0.0	0.0	本社収支	経費	貸倒金
202405	013090200	28	情報機器利用料	0.0	0.0	0.0	0.0	0.0	0.0	本社収支	経費	情報機器利用料
202405	013090200	29	雑費	0.0	0.0	0.0	0.0	0.0	0.0	本社収支	経費	雑費
202405	013090200	30	新聞図書費	0.0	0.0	0.0	0.0	0.0	0.0	本社収支	経費	新聞図書費
202405	013090200	32	雑給	0.0	0.0	0.0	0.0	0.0	0.0	本社収支	経費	雑給
202405	013090200	33	社内金利（固定資産）	0.0	0.0	0.0	0.0	0.0	0.0	本社収支	経費	社内金利（固定資産）
202405	013090200	34	社内金利（売掛金）	0.0	0.0	0.0	0.0	0.0	0.0	本社収支	経費	社内金利（売掛金）
202405	013090200	35	部門共通（経費）	0.0	0.0	0.0	0.0	0.0	0.0	本社収支	経費	部門共通（経費）
202405	013090200	36	グループ共通	0.0	0.0	0.0	0.0	0.0	0.0	本社収支	経費	グループ共通
202405	013090200	37	差引収益	0.0	0.0	0.0	0.0	0.0	0.0	本社収支		
202405	013090200	38	差引比率	0.0	0.0	0.0		0.0	0.0	本社収支		
202405	013090200	39	総時間	0.0	0.0	0.0		0.0	0.0	本社収支		
202405	013090200	40	定時間	0.0	0.0	0.0		0.0	0.0	本社収支	時間	
202405	013090200	41	残業時間	0.0	0.0	0.0		0.0	0.0	本社収支	時間	
202405	013090200	42	移動時間	0.0	0.0	0.0		0.0	0.0	本社収支	時間	
202405	013090200	43	部門共通（時間）	0.0	0.0	0.0		0.0	0.0	本社収支	時間	
202405	013090200	44	当月時間当り	0.0	0.0	0.0		0.0	0.0	本社収支		
202405	013090200	45	人員	0.0	0.0	0.0		0.0	0.0	本社収支		
202406	013090200	1	総受注高	0.0	0.0	0.0		0.0	0.0	本社収支	受注	
202406	013090200	2	総売上高	0.0	0.0	0.0		0.0	0.0	本社収支		
202406	013090200	3	売上高	0.0	0.0	0.0		0.0	0.0	本社収支	売上	
202406	013090200	4	売上値引	0.0	0.0	0.0		0.0	0.0	本社収支	売上	
202406	013090200	5	売上原価	0.0	0.0	0.0		0.0	0.0	本社収支		
202406	013090200	6	総収益	0.0	0.0	0.0	0.0	0.0	0.0	本社収支		
202406	013090200	7	経費合計	0.0	0.0	0.0	0.0	0.0	0.0	本社収支		
202406	013090200	8	減価償却費	0.0	0.0	0.0	0.0	0.0	0.0	本社収支	経費	減価償却費
202406	013090200	9	車輛費	0.0	0.0	0.0	0.0	0.0	0.0	本社収支	経費	車輛費
202406	013090200	10	旅費交通費	0.0	0.0	0.0	0.0	0.0	0.0	本社収支	経費	旅費交通費
202406	013090200	11	運賃	0.0	0.0	0.0	0.0	0.0	0.0	本社収支	経費	運賃
202406	013090200	12	通信費	0.0	0.0	0.0	0.0	0.0	0.0	本社収支	経費	通信費
202406	013090200	13	水道光熱費	0.0	0.0	0.0	0.0	0.0	0.0	本社収支	経費	水道光熱費
202406	013090200	14	事務用品費	0.0	0.0	0.0	0.0	0.0	0.0	本社収支	経費	事務用品費
202406	013090200	15	備品消耗品費	0.0	0.0	0.0	0.0	0.0	0.0	本社収支	経費	備品消耗品費
202406	013090200	16	広告宣伝費	0.0	0.0	0.0	0.0	0.0	0.0	本社収支	経費	広告宣伝費
202406	013090200	17	交際費	0.0	0.0	0.0	0.0	0.0	0.0	本社収支	経費	交際費
202406	013090200	18	賃借料	0.0	0.0	0.0	0.0	0.0	0.0	本社収支	経費	賃借料
202406	013090200	19	修繕費	0.0	0.0	0.0	0.0	0.0	0.0	本社収支	経費	修繕費
202406	013090200	20	リース料	0.0	0.0	0.0	0.0	0.0	0.0	本社収支	経費	リース料
202406	013090200	21	保険料	0.0	0.0	0.0	0.0	0.0	0.0	本社収支	経費	保険料
202406	013090200	22	支払手数料	0.0	0.0	0.0	0.0	0.0	0.0	本社収支	経費	支払手数料
202406	013090200	23	諸会費	0.0	0.0	0.0	0.0	0.0	0.0	本社収支	経費	諸会費
202406	013090200	24	会議費	0.0	0.0	0.0	0.0	0.0	0.0	本社収支	経費	会議費
202406	013090200	25	寄附金	0.0	0.0	0.0	0.0	0.0	0.0	本社収支	経費	寄附金
202406	013090200	26	租税公課	0.0	0.0	0.0	0.0	0.0	0.0	本社収支	経費	租税公課
202406	013090200	27	貸倒金	0.0	0.0	0.0	0.0	0.0	0.0	本社収支	経費	貸倒金
202406	013090200	28	情報機器利用料	0.0	0.0	0.0	0.0	0.0	0.0	本社収支	経費	情報機器利用料
202406	013090200	29	雑費	0.0	0.0	0.0	0.0	0.0	0.0	本社収支	経費	雑費
202406	013090200	30	新聞図書費	0.0	0.0	0.0	0.0	0.0	0.0	本社収支	経費	新聞図書費
202406	013090200	32	雑給	0.0	0.0	0.0	0.0	0.0	0.0	本社収支	経費	雑給
202406	013090200	33	社内金利（固定資産）	0.0	0.0	0.0	0.0	0.0	0.0	本社収支	経費	社内金利（固定資産）
202406	013090200	34	社内金利（売掛金）	0.0	0.0	0.0	0.0	0.0	0.0	本社収支	経費	社内金利（売掛金）
202406	013090200	35	部門共通（経費）	0.0	0.0	0.0	0.0	0.0	0.0	本社収支	経費	部門共通（経費）
202406	013090200	36	グループ共通	0.0	0.0	0.0	0.0	0.0	0.0	本社収支	経費	グループ共通
202406	013090200	37	差引収益	0.0	0.0	0.0	0.0	0.0	0.0	本社収支		
202406	013090200	38	差引比率	0.0	0.0	0.0		0.0	0.0	本社収支		
202406	013090200	39	総時間	0.0	0.0	0.0		0.0	0.0	本社収支		
202406	013090200	40	定時間	0.0	0.0	0.0		0.0	0.0	本社収支	時間	
202406	013090200	41	残業時間	0.0	0.0	0.0		0.0	0.0	本社収支	時間	
202406	013090200	42	移動時間	0.0	0.0	0.0		0.0	0.0	本社収支	時間	
202406	013090200	43	部門共通（時間）	0.0	0.0	0.0		0.0	0.0	本社収支	時間	
202406	013090200	44	当月時間当り	0.0	0.0	0.0		0.0	0.0	本社収支		
202406	013090200	45	人員	0.0	0.0	0.0		0.0	0.0	本社収支		
202407	013090200	1	総受注高	0.0	0.0	0.0		0.0	0.0	本社収支	受注	
202407	013090200	2	総売上高	0.0	0.0	0.0		0.0	0.0	本社収支		
202407	013090200	3	売上高	0.0	0.0	0.0		0.0	0.0	本社収支	売上	
202407	013090200	4	売上値引	0.0	0.0	0.0		0.0	0.0	本社収支	売上	
202407	013090200	5	売上原価	0.0	0.0	0.0		0.0	0.0	本社収支		
202407	013090200	6	総収益	0.0	0.0	0.0	0.0	0.0	0.0	本社収支		
202407	013090200	7	経費合計	0.0	0.0	0.0	0.0	0.0	0.0	本社収支		
202407	013090200	8	減価償却費	0.0	0.0	0.0	0.0	0.0	0.0	本社収支	経費	減価償却費
202407	013090200	9	車輛費	0.0	0.0	0.0	0.0	0.0	0.0	本社収支	経費	車輛費
202407	013090200	10	旅費交通費	0.0	0.0	0.0	0.0	0.0	0.0	本社収支	経費	旅費交通費
202407	013090200	11	運賃	0.0	0.0	0.0	0.0	0.0	0.0	本社収支	経費	運賃
202407	013090200	12	通信費	0.0	0.0	0.0	0.0	0.0	0.0	本社収支	経費	通信費
202407	013090200	13	水道光熱費	0.0	0.0	0.0	0.0	0.0	0.0	本社収支	経費	水道光熱費
202407	013090200	14	事務用品費	0.0	0.0	0.0	0.0	0.0	0.0	本社収支	経費	事務用品費
202407	013090200	15	備品消耗品費	0.0	0.0	0.0	0.0	0.0	0.0	本社収支	経費	備品消耗品費
202407	013090200	16	広告宣伝費	0.0	0.0	0.0	0.0	0.0	0.0	本社収支	経費	広告宣伝費
202407	013090200	17	交際費	0.0	0.0	0.0	0.0	0.0	0.0	本社収支	経費	交際費
202407	013090200	18	賃借料	0.0	0.0	0.0	0.0	0.0	0.0	本社収支	経費	賃借料
202407	013090200	19	修繕費	0.0	0.0	0.0	0.0	0.0	0.0	本社収支	経費	修繕費
202407	013090200	20	リース料	0.0	0.0	0.0	0.0	0.0	0.0	本社収支	経費	リース料
202407	013090200	21	保険料	0.0	0.0	0.0	0.0	0.0	0.0	本社収支	経費	保険料
202407	013090200	22	支払手数料	0.0	0.0	0.0	0.0	0.0	0.0	本社収支	経費	支払手数料
202407	013090200	23	諸会費	0.0	0.0	0.0	0.0	0.0	0.0	本社収支	経費	諸会費
202407	013090200	24	会議費	0.0	0.0	0.0	0.0	0.0	0.0	本社収支	経費	会議費
202407	013090200	25	寄附金	0.0	0.0	0.0	0.0	0.0	0.0	本社収支	経費	寄附金
202407	013090200	26	租税公課	0.0	0.0	0.0	0.0	0.0	0.0	本社収支	経費	租税公課
202407	013090200	27	貸倒金	0.0	0.0	0.0	0.0	0.0	0.0	本社収支	経費	貸倒金
202407	013090200	28	情報機器利用料	0.0	0.0	0.0	0.0	0.0	0.0	本社収支	経費	情報機器利用料
202407	013090200	29	雑費	0.0	0.0	0.0	0.0	0.0	0.0	本社収支	経費	雑費
202407	013090200	30	新聞図書費	0.0	0.0	0.0	0.0	0.0	0.0	本社収支	経費	新聞図書費
202407	013090200	32	雑給	0.0	0.0	0.0	0.0	0.0	0.0	本社収支	経費	雑給
202407	013090200	33	社内金利（固定資産）	0.0	0.0	0.0	0.0	0.0	0.0	本社収支	経費	社内金利（固定資産）
202407	013090200	34	社内金利（売掛金）	0.0	0.0	0.0	0.0	0.0	0.0	本社収支	経費	社内金利（売掛金）
202407	013090200	35	部門共通（経費）	0.0	0.0	0.0	0.0	0.0	0.0	本社収支	経費	部門共通（経費）
202407	013090200	36	グループ共通	0.0	0.0	0.0	0.0	0.0	0.0	本社収支	経費	グループ共通
202407	013090200	37	差引収益	0.0	0.0	0.0	0.0	0.0	0.0	本社収支		
202407	013090200	38	差引比率	0.0	0.0	0.0		0.0	0.0	本社収支		
202407	013090200	39	総時間	0.0	0.0	0.0		0.0	0.0	本社収支		
202407	013090200	40	定時間	0.0	0.0	0.0		0.0	0.0	本社収支	時間	
202407	013090200	41	残業時間	0.0	0.0	0.0		0.0	0.0	本社収支	時間	
202407	013090200	42	移動時間	0.0	0.0	0.0		0.0	0.0	本社収支	時間	
202407	013090200	43	部門共通（時間）	0.0	0.0	0.0		0.0	0.0	本社収支	時間	
202407	013090200	44	当月時間当り	0.0	0.0	0.0		0.0	0.0	本社収支		
202407	013090200	45	人員	0.0	0.0	0.0		0.0	0.0	本社収支		
202408	013090200	1	総受注高	0.0	0.0	0.0		0.0	0.0	本社収支	受注	
202408	013090200	2	総売上高	0.0	0.0	0.0		0.0	0.0	本社収支		
202408	013090200	3	売上高	0.0	0.0	0.0		0.0	0.0	本社収支	売上	
202408	013090200	4	売上値引	0.0	0.0	0.0		0.0	0.0	本社収支	売上	
202408	013090200	5	売上原価	0.0	0.0	0.0		0.0	0.0	本社収支		
202408	013090200	6	総収益	0.0	0.0	0.0	0.0	0.0	0.0	本社収支		
202408	013090200	7	経費合計	0.0	0.0	0.0	0.0	0.0	0.0	本社収支		
202408	013090200	8	減価償却費	0.0	0.0	0.0	0.0	0.0	0.0	本社収支	経費	減価償却費
202408	013090200	9	車輛費	0.0	0.0	0.0	0.0	0.0	0.0	本社収支	経費	車輛費
202408	013090200	10	旅費交通費	0.0	0.0	0.0	0.0	0.0	0.0	本社収支	経費	旅費交通費
202408	013090200	11	運賃	0.0	0.0	0.0	0.0	0.0	0.0	本社収支	経費	運賃
202408	013090200	12	通信費	0.0	0.0	0.0	0.0	0.0	0.0	本社収支	経費	通信費
202408	013090200	13	水道光熱費	0.0	0.0	0.0	0.0	0.0	0.0	本社収支	経費	水道光熱費
202408	013090200	14	事務用品費	0.0	0.0	0.0	0.0	0.0	0.0	本社収支	経費	事務用品費
202408	013090200	15	備品消耗品費	0.0	0.0	0.0	0.0	0.0	0.0	本社収支	経費	備品消耗品費
202408	013090200	16	広告宣伝費	0.0	0.0	0.0	0.0	0.0	0.0	本社収支	経費	広告宣伝費
202408	013090200	17	交際費	0.0	0.0	0.0	0.0	0.0	0.0	本社収支	経費	交際費
202408	013090200	18	賃借料	0.0	0.0	0.0	0.0	0.0	0.0	本社収支	経費	賃借料
202408	013090200	19	修繕費	0.0	0.0	0.0	0.0	0.0	0.0	本社収支	経費	修繕費
202408	013090200	20	リース料	0.0	0.0	0.0	0.0	0.0	0.0	本社収支	経費	リース料
202408	013090200	21	保険料	0.0	0.0	0.0	0.0	0.0	0.0	本社収支	経費	保険料
202408	013090200	22	支払手数料	0.0	0.0	0.0	0.0	0.0	0.0	本社収支	経費	支払手数料
202408	013090200	23	諸会費	0.0	0.0	0.0	0.0	0.0	0.0	本社収支	経費	諸会費
202408	013090200	24	会議費	0.0	0.0	0.0	0.0	0.0	0.0	本社収支	経費	会議費
202408	013090200	25	寄附金	0.0	0.0	0.0	0.0	0.0	0.0	本社収支	経費	寄附金
202408	013090200	26	租税公課	0.0	0.0	0.0	0.0	0.0	0.0	本社収支	経費	租税公課
202408	013090200	27	貸倒金	0.0	0.0	0.0	0.0	0.0	0.0	本社収支	経費	貸倒金
202408	013090200	28	情報機器利用料	0.0	0.0	0.0	0.0	0.0	0.0	本社収支	経費	情報機器利用料
202408	013090200	29	雑費	0.0	0.0	0.0	0.0	0.0	0.0	本社収支	経費	雑費
202408	013090200	30	新聞図書費	0.0	0.0	0.0	0.0	0.0	0.0	本社収支	経費	新聞図書費
202408	013090200	32	雑給	0.0	0.0	0.0	0.0	0.0	0.0	本社収支	経費	雑給
202408	013090200	33	社内金利（固定資産）	0.0	0.0	0.0	0.0	0.0	0.0	本社収支	経費	社内金利（固定資産）
202408	013090200	34	社内金利（売掛金）	0.0	0.0	0.0	0.0	0.0	0.0	本社収支	経費	社内金利（売掛金）
202408	013090200	35	部門共通（経費）	0.0	0.0	0.0	0.0	0.0	0.0	本社収支	経費	部門共通（経費）
202408	013090200	36	グループ共通	0.0	0.0	0.0	0.0	0.0	0.0	本社収支	経費	グループ共通
202408	013090200	37	差引収益	0.0	0.0	0.0	0.0	0.0	0.0	本社収支		
202408	013090200	38	差引比率	0.0	0.0	0.0		0.0	0.0	本社収支		
202408	013090200	39	総時間	0.0	0.0	0.0		0.0	0.0	本社収支		
202408	013090200	40	定時間	0.0	0.0	0.0		0.0	0.0	本社収支	時間	
202408	013090200	41	残業時間	0.0	0.0	0.0		0.0	0.0	本社収支	時間	
202408	013090200	42	移動時間	0.0	0.0	0.0		0.0	0.0	本社収支	時間	
202408	013090200	43	部門共通（時間）	0.0	0.0	0.0		0.0	0.0	本社収支	時間	
202408	013090200	44	当月時間当り	0.0	0.0	0.0		0.0	0.0	本社収支		
202408	013090200	45	人員	0.0	0.0	0.0		0.0	0.0	本社収支		
202409	013090200	1	総受注高	0.0	0.0	0.0		0.0	0.0	本社収支	受注	
202409	013090200	2	総売上高	0.0	0.0	0.0		0.0	0.0	本社収支		
202409	013090200	3	売上高	0.0	0.0	0.0		0.0	0.0	本社収支	売上	
202409	013090200	4	売上値引	0.0	0.0	0.0		0.0	0.0	本社収支	売上	
202409	013090200	5	売上原価	0.0	0.0	0.0		0.0	0.0	本社収支		
202409	013090200	6	総収益	0.0	0.0	0.0	0.0	0.0	0.0	本社収支		
202409	013090200	7	経費合計	0.0	0.0	0.0	0.0	0.0	0.0	本社収支		
202409	013090200	8	減価償却費	0.0	0.0	0.0	0.0	0.0	0.0	本社収支	経費	減価償却費
202409	013090200	9	車輛費	0.0	0.0	0.0	0.0	0.0	0.0	本社収支	経費	車輛費
202409	013090200	10	旅費交通費	0.0	0.0	0.0	0.0	0.0	0.0	本社収支	経費	旅費交通費
202409	013090200	11	運賃	0.0	0.0	0.0	0.0	0.0	0.0	本社収支	経費	運賃
202409	013090200	12	通信費	0.0	0.0	0.0	0.0	0.0	0.0	本社収支	経費	通信費
202409	013090200	13	水道光熱費	0.0	0.0	0.0	0.0	0.0	0.0	本社収支	経費	水道光熱費
202409	013090200	14	事務用品費	0.0	0.0	0.0	0.0	0.0	0.0	本社収支	経費	事務用品費
202409	013090200	15	備品消耗品費	0.0	0.0	0.0	0.0	0.0	0.0	本社収支	経費	備品消耗品費
202409	013090200	16	広告宣伝費	0.0	0.0	0.0	0.0	0.0	0.0	本社収支	経費	広告宣伝費
202409	013090200	17	交際費	0.0	0.0	0.0	0.0	0.0	0.0	本社収支	経費	交際費
202409	013090200	18	賃借料	0.0	0.0	0.0	0.0	0.0	0.0	本社収支	経費	賃借料
202409	013090200	19	修繕費	0.0	0.0	0.0	0.0	0.0	0.0	本社収支	経費	修繕費
202409	013090200	20	リース料	0.0	0.0	0.0	0.0	0.0	0.0	本社収支	経費	リース料
202409	013090200	21	保険料	0.0	0.0	0.0	0.0	0.0	0.0	本社収支	経費	保険料
202409	013090200	22	支払手数料	0.0	0.0	0.0	0.0	0.0	0.0	本社収支	経費	支払手数料
202409	013090200	23	諸会費	0.0	0.0	0.0	0.0	0.0	0.0	本社収支	経費	諸会費
202409	013090200	24	会議費	0.0	0.0	0.0	0.0	0.0	0.0	本社収支	経費	会議費
202409	013090200	25	寄附金	0.0	0.0	0.0	0.0	0.0	0.0	本社収支	経費	寄附金
202409	013090200	26	租税公課	0.0	0.0	0.0	0.0	0.0	0.0	本社収支	経費	租税公課
202409	013090200	27	貸倒金	0.0	0.0	0.0	0.0	0.0	0.0	本社収支	経費	貸倒金
202409	013090200	28	情報機器利用料	0.0	0.0	0.0	0.0	0.0	0.0	本社収支	経費	情報機器利用料
202409	013090200	29	雑費	0.0	0.0	0.0	0.0	0.0	0.0	本社収支	経費	雑費
202409	013090200	30	新聞図書費	0.0	0.0	0.0	0.0	0.0	0.0	本社収支	経費	新聞図書費
202409	013090200	32	雑給	0.0	0.0	0.0	0.0	0.0	0.0	本社収支	経費	雑給
202409	013090200	33	社内金利（固定資産）	0.0	0.0	0.0	0.0	0.0	0.0	本社収支	経費	社内金利（固定資産）
202409	013090200	34	社内金利（売掛金）	0.0	0.0	0.0	0.0	0.0	0.0	本社収支	経費	社内金利（売掛金）
202409	013090200	35	部門共通（経費）	0.0	0.0	0.0	0.0	0.0	0.0	本社収支	経費	部門共通（経費）
202409	013090200	36	グループ共通	0.0	0.0	0.0	0.0	0.0	0.0	本社収支	経費	グループ共通
202409	013090200	37	差引収益	0.0	0.0	0.0	0.0	0.0	0.0	本社収支		
202409	013090200	38	差引比率	0.0	0.0	0.0		0.0	0.0	本社収支		
202409	013090200	39	総時間	0.0	0.0	0.0		0.0	0.0	本社収支		
202409	013090200	40	定時間	0.0	0.0	0.0		0.0	0.0	本社収支	時間	
202409	013090200	41	残業時間	0.0	0.0	0.0		0.0	0.0	本社収支	時間	
202409	013090200	42	移動時間	0.0	0.0	0.0		0.0	0.0	本社収支	時間	
202409	013090200	43	部門共通（時間）	0.0	0.0	0.0		0.0	0.0	本社収支	時間	
202409	013090200	44	当月時間当り	0.0	0.0	0.0		0.0	0.0	本社収支		
202409	013090200	45	人員	0.0	0.0	0.0		0.0	0.0	本社収支		
202410	013090200	1	総受注高	0.0	0.0	0.0		0.0	0.0	本社収支	受注	
202410	013090200	2	総売上高	0.0	0.0	0.0		0.0	0.0	本社収支		
202410	013090200	3	売上高	0.0	0.0	0.0		0.0	0.0	本社収支	売上	
202410	013090200	4	売上値引	0.0	0.0	0.0		0.0	0.0	本社収支	売上	
202410	013090200	5	売上原価	0.0	0.0	0.0		0.0	0.0	本社収支		
202410	013090200	6	総収益	0.0	0.0	0.0	0.0	0.0	0.0	本社収支		
202410	013090200	7	経費合計	0.0	0.0	0.0	0.0	0.0	0.0	本社収支		
202410	013090200	8	減価償却費	0.0	0.0	0.0	0.0	0.0	0.0	本社収支	経費	減価償却費
202410	013090200	9	車輛費	0.0	0.0	0.0	0.0	0.0	0.0	本社収支	経費	車輛費
202410	013090200	10	旅費交通費	0.0	0.0	0.0	0.0	0.0	0.0	本社収支	経費	旅費交通費
202410	013090200	11	運賃	0.0	0.0	0.0	0.0	0.0	0.0	本社収支	経費	運賃
202410	013090200	12	通信費	0.0	0.0	0.0	0.0	0.0	0.0	本社収支	経費	通信費
202410	013090200	13	水道光熱費	0.0	0.0	0.0	0.0	0.0	0.0	本社収支	経費	水道光熱費
202410	013090200	14	事務用品費	0.0	0.0	0.0	0.0	0.0	0.0	本社収支	経費	事務用品費
202410	013090200	15	備品消耗品費	0.0	0.0	0.0	0.0	0.0	0.0	本社収支	経費	備品消耗品費
202410	013090200	16	広告宣伝費	0.0	0.0	0.0	0.0	0.0	0.0	本社収支	経費	広告宣伝費
202410	013090200	17	交際費	0.0	0.0	0.0	0.0	0.0	0.0	本社収支	経費	交際費
202410	013090200	18	賃借料	0.0	0.0	0.0	0.0	0.0	0.0	本社収支	経費	賃借料
202410	013090200	19	修繕費	0.0	0.0	0.0	0.0	0.0	0.0	本社収支	経費	修繕費
202410	013090200	20	リース料	0.0	0.0	0.0	0.0	0.0	0.0	本社収支	経費	リース料
202410	013090200	21	保険料	0.0	0.0	0.0	0.0	0.0	0.0	本社収支	経費	保険料
202410	013090200	22	支払手数料	0.0	0.0	0.0	0.0	0.0	0.0	本社収支	経費	支払手数料
202410	013090200	23	諸会費	0.0	0.0	0.0	0.0	0.0	0.0	本社収支	経費	諸会費
202410	013090200	24	会議費	0.0	0.0	0.0	0.0	0.0	0.0	本社収支	経費	会議費
202410	013090200	25	寄附金	0.0	0.0	0.0	0.0	0.0	0.0	本社収支	経費	寄附金
202410	013090200	26	租税公課	0.0	0.0	0.0	0.0	0.0	0.0	本社収支	経費	租税公課
202410	013090200	27	貸倒金	0.0	0.0	0.0	0.0	0.0	0.0	本社収支	経費	貸倒金
202410	013090200	28	情報機器利用料	0.0	0.0	0.0	0.0	0.0	0.0	本社収支	経費	情報機器利用料
202410	013090200	29	雑費	0.0	0.0	0.0	0.0	0.0	0.0	本社収支	経費	雑費
202410	013090200	30	新聞図書費	0.0	0.0	0.0	0.0	0.0	0.0	本社収支	経費	新聞図書費
202410	013090200	32	雑給	0.0	0.0	0.0	0.0	0.0	0.0	本社収支	経費	雑給
202410	013090200	33	社内金利（固定資産）	0.0	0.0	0.0	0.0	0.0	0.0	本社収支	経費	社内金利（固定資産）
202410	013090200	34	社内金利（売掛金）	0.0	0.0	0.0	0.0	0.0	0.0	本社収支	経費	社内金利（売掛金）
202410	013090200	35	部門共通（経費）	0.0	0.0	0.0	0.0	0.0	0.0	本社収支	経費	部門共通（経費）
202410	013090200	36	グループ共通	0.0	0.0	0.0	0.0	0.0	0.0	本社収支	経費	グループ共通
202410	013090200	37	差引収益	0.0	0.0	0.0	0.0	0.0	0.0	本社収支		
202410	013090200	38	差引比率	0.0	0.0	0.0		0.0	0.0	本社収支		
202410	013090200	39	総時間	0.0	0.0	0.0		0.0	0.0	本社収支		
202410	013090200	40	定時間	0.0	0.0	0.0		0.0	0.0	本社収支	時間	
202410	013090200	41	残業時間	0.0	0.0	0.0		0.0	0.0	本社収支	時間	
202410	013090200	42	移動時間	0.0	0.0	0.0		0.0	0.0	本社収支	時間	
202410	013090200	43	部門共通（時間）	0.0	0.0	0.0		0.0	0.0	本社収支	時間	
202410	013090200	44	当月時間当り	0.0	0.0	0.0		0.0	0.0	本社収支		
202410	013090200	45	人員	0.0	0.0	0.0		0.0	0.0	本社収支		
202411	013090200	1	総受注高	0.0	0.0	0.0		0.0	0.0	本社収支	受注	
202411	013090200	2	総売上高	0.0	0.0	0.0		0.0	0.0	本社収支		
202411	013090200	3	売上高	0.0	0.0	0.0		0.0	0.0	本社収支	売上	
202411	013090200	4	売上値引	0.0	0.0	0.0		0.0	0.0	本社収支	売上	
202411	013090200	5	売上原価	0.0	0.0	0.0		0.0	0.0	本社収支		
202411	013090200	6	総収益	0.0	0.0	0.0	0.0	0.0	0.0	本社収支		
202411	013090200	7	経費合計	0.0	0.0	0.0	0.0	0.0	0.0	本社収支		
202411	013090200	8	減価償却費	0.0	0.0	0.0	0.0	0.0	0.0	本社収支	経費	減価償却費
202411	013090200	9	車輛費	0.0	0.0	0.0	0.0	0.0	0.0	本社収支	経費	車輛費
202411	013090200	10	旅費交通費	0.0	0.0	0.0	0.0	0.0	0.0	本社収支	経費	旅費交通費
202411	013090200	11	運賃	0.0	0.0	0.0	0.0	0.0	0.0	本社収支	経費	運賃
202411	013090200	12	通信費	0.0	0.0	0.0	0.0	0.0	0.0	本社収支	経費	通信費
202411	013090200	13	水道光熱費	0.0	0.0	0.0	0.0	0.0	0.0	本社収支	経費	水道光熱費
202411	013090200	14	事務用品費	0.0	0.0	0.0	0.0	0.0	0.0	本社収支	経費	事務用品費
202411	013090200	15	備品消耗品費	0.0	0.0	0.0	0.0	0.0	0.0	本社収支	経費	備品消耗品費
202411	013090200	16	広告宣伝費	0.0	0.0	0.0	0.0	0.0	0.0	本社収支	経費	広告宣伝費
202411	013090200	17	交際費	0.0	0.0	0.0	0.0	0.0	0.0	本社収支	経費	交際費
202411	013090200	18	賃借料	0.0	0.0	0.0	0.0	0.0	0.0	本社収支	経費	賃借料
202411	013090200	19	修繕費	0.0	0.0	0.0	0.0	0.0	0.0	本社収支	経費	修繕費
202411	013090200	20	リース料	0.0	0.0	0.0	0.0	0.0	0.0	本社収支	経費	リース料
202411	013090200	21	保険料	0.0	0.0	0.0	0.0	0.0	0.0	本社収支	経費	保険料
202411	013090200	22	支払手数料	0.0	0.0	0.0	0.0	0.0	0.0	本社収支	経費	支払手数料
202411	013090200	23	諸会費	0.0	0.0	0.0	0.0	0.0	0.0	本社収支	経費	諸会費
202411	013090200	24	会議費	0.0	0.0	0.0	0.0	0.0	0.0	本社収支	経費	会議費
202411	013090200	25	寄附金	0.0	0.0	0.0	0.0	0.0	0.0	本社収支	経費	寄附金
202411	013090200	26	租税公課	0.0	0.0	0.0	0.0	0.0	0.0	本社収支	経費	租税公課
202411	013090200	27	貸倒金	0.0	0.0	0.0	0.0	0.0	0.0	本社収支	経費	貸倒金
202411	013090200	28	情報機器利用料	0.0	0.0	0.0	0.0	0.0	0.0	本社収支	経費	情報機器利用料
202411	013090200	29	雑費	0.0	0.0	0.0	0.0	0.0	0.0	本社収支	経費	雑費
202411	013090200	30	新聞図書費	0.0	0.0	0.0	0.0	0.0	0.0	本社収支	経費	新聞図書費
202411	013090200	32	雑給	0.0	0.0	0.0	0.0	0.0	0.0	本社収支	経費	雑給
202411	013090200	33	社内金利（固定資産）	0.0	0.0	0.0	0.0	0.0	0.0	本社収支	経費	社内金利（固定資産）
202411	013090200	34	社内金利（売掛金）	0.0	0.0	0.0	0.0	0.0	0.0	本社収支	経費	社内金利（売掛金）
202411	013090200	35	部門共通（経費）	0.0	0.0	0.0	0.0	0.0	0.0	本社収支	経費	部門共通（経費）
202411	013090200	36	グループ共通	0.0	0.0	0.0	0.0	0.0	0.0	本社収支	経費	グループ共通
202411	013090200	37	差引収益	0.0	0.0	0.0	0.0	0.0	0.0	本社収支		
202411	013090200	38	差引比率	0.0	0.0	0.0		0.0	0.0	本社収支		
202411	013090200	39	総時間	0.0	0.0	0.0		0.0	0.0	本社収支		
202411	013090200	40	定時間	0.0	0.0	0.0		0.0	0.0	本社収支	時間	
202411	013090200	41	残業時間	0.0	0.0	0.0		0.0	0.0	本社収支	時間	
202411	013090200	42	移動時間	0.0	0.0	0.0		0.0	0.0	本社収支	時間	
202411	013090200	43	部門共通（時間）	0.0	0.0	0.0		0.0	0.0	本社収支	時間	
202411	013090200	44	当月時間当り	0.0	0.0	0.0		0.0	0.0	本社収支		
202411	013090200	45	人員	0.0	0.0	0.0		0.0	0.0	本社収支		
202412	013090200	1	総受注高	0.0	0.0	0.0		0.0	0.0	本社収支	受注	
202412	013090200	2	総売上高	0.0	0.0	0.0		0.0	0.0	本社収支		
202412	013090200	3	売上高	0.0	0.0	0.0		0.0	0.0	本社収支	売上	
202412	013090200	4	売上値引	0.0	0.0	0.0		0.0	0.0	本社収支	売上	
202412	013090200	5	売上原価	0.0	0.0	0.0		0.0	0.0	本社収支		
202412	013090200	6	総収益	0.0	0.0	0.0	0.0	0.0	0.0	本社収支		
202412	013090200	7	経費合計	0.0	0.0	0.0	0.0	0.0	0.0	本社収支		
202412	013090200	8	減価償却費	0.0	0.0	0.0	0.0	0.0	0.0	本社収支	経費	減価償却費
202412	013090200	9	車輛費	0.0	0.0	0.0	0.0	0.0	0.0	本社収支	経費	車輛費
202412	013090200	10	旅費交通費	0.0	0.0	0.0	0.0	0.0	0.0	本社収支	経費	旅費交通費
202412	013090200	11	運賃	0.0	0.0	0.0	0.0	0.0	0.0	本社収支	経費	運賃
202412	013090200	12	通信費	0.0	0.0	0.0	0.0	0.0	0.0	本社収支	経費	通信費
202412	013090200	13	水道光熱費	0.0	0.0	0.0	0.0	0.0	0.0	本社収支	経費	水道光熱費
202412	013090200	14	事務用品費	0.0	0.0	0.0	0.0	0.0	0.0	本社収支	経費	事務用品費
202412	013090200	15	備品消耗品費	0.0	0.0	0.0	0.0	0.0	0.0	本社収支	経費	備品消耗品費
202412	013090200	16	広告宣伝費	0.0	0.0	0.0	0.0	0.0	0.0	本社収支	経費	広告宣伝費
202412	013090200	17	交際費	0.0	0.0	0.0	0.0	0.0	0.0	本社収支	経費	交際費
202412	013090200	18	賃借料	0.0	0.0	0.0	0.0	0.0	0.0	本社収支	経費	賃借料
202412	013090200	19	修繕費	0.0	0.0	0.0	0.0	0.0	0.0	本社収支	経費	修繕費
202412	013090200	20	リース料	0.0	0.0	0.0	0.0	0.0	0.0	本社収支	経費	リース料
202412	013090200	21	保険料	0.0	0.0	0.0	0.0	0.0	0.0	本社収支	経費	保険料
202412	013090200	22	支払手数料	0.0	0.0	0.0	0.0	0.0	0.0	本社収支	経費	支払手数料
202412	013090200	23	諸会費	0.0	0.0	0.0	0.0	0.0	0.0	本社収支	経費	諸会費
202412	013090200	24	会議費	0.0	0.0	0.0	0.0	0.0	0.0	本社収支	経費	会議費
202412	013090200	25	寄附金	0.0	0.0	0.0	0.0	0.0	0.0	本社収支	経費	寄附金
202412	013090200	26	租税公課	0.0	0.0	0.0	0.0	0.0	0.0	本社収支	経費	租税公課
202412	013090200	27	貸倒金	0.0	0.0	0.0	0.0	0.0	0.0	本社収支	経費	貸倒金
202412	013090200	28	情報機器利用料	0.0	0.0	0.0	0.0	0.0	0.0	本社収支	経費	情報機器利用料
202412	013090200	29	雑費	0.0	0.0	0.0	0.0	0.0	0.0	本社収支	経費	雑費
202412	013090200	30	新聞図書費	0.0	0.0	0.0	0.0	0.0	0.0	本社収支	経費	新聞図書費
202412	013090200	32	雑給	0.0	0.0	0.0	0.0	0.0	0.0	本社収支	経費	雑給
202412	013090200	33	社内金利（固定資産）	0.0	0.0	0.0	0.0	0.0	0.0	本社収支	経費	社内金利（固定資産）
202412	013090200	34	社内金利（売掛金）	0.0	0.0	0.0	0.0	0.0	0.0	本社収支	経費	社内金利（売掛金）
202412	013090200	35	部門共通（経費）	0.0	0.0	0.0	0.0	0.0	0.0	本社収支	経費	部門共通（経費）
202412	013090200	36	グループ共通	0.0	0.0	0.0	0.0	0.0	0.0	本社収支	経費	グループ共通
202412	013090200	37	差引収益	0.0	0.0	0.0	0.0	0.0	0.0	本社収支		
202412	013090200	38	差引比率	0.0	0.0	0.0		0.0	0.0	本社収支		
202412	013090200	39	総時間	0.0	0.0	0.0		0.0	0.0	本社収支		
202412	013090200	40	定時間	0.0	0.0	0.0		0.0	0.0	本社収支	時間	
202412	013090200	41	残業時間	0.0	0.0	0.0		0.0	0.0	本社収支	時間	
202412	013090200	42	移動時間	0.0	0.0	0.0		0.0	0.0	本社収支	時間	
202412	013090200	43	部門共通（時間）	0.0	0.0	0.0		0.0	0.0	本社収支	時間	
202412	013090200	44	当月時間当り	0.0	0.0	0.0		0.0	0.0	本社収支		
202412	013090200	45	人員	0.0	0.0	0.0		0.0	0.0	本社収支		
202501	013090200	1	総受注高	0.0	0.0	0.0		0.0	0.0	本社収支	受注	
202501	013090200	2	総売上高	0.0	0.0	0.0		0.0	0.0	本社収支		
202501	013090200	3	売上高	0.0	0.0	0.0		0.0	0.0	本社収支	売上	
202501	013090200	4	売上値引	0.0	0.0	0.0		0.0	0.0	本社収支	売上	
202501	013090200	5	売上原価	0.0	0.0	0.0		0.0	0.0	本社収支		
202501	013090200	6	総収益	0.0	0.0	0.0	0.0	0.0	0.0	本社収支		
202501	013090200	7	経費合計	0.0	0.0	0.0	0.0	0.0	0.0	本社収支		
202501	013090200	8	減価償却費	0.0	0.0	0.0	0.0	0.0	0.0	本社収支	経費	減価償却費
202501	013090200	9	車輛費	0.0	0.0	0.0	0.0	0.0	0.0	本社収支	経費	車輛費
202501	013090200	10	旅費交通費	0.0	0.0	0.0	0.0	0.0	0.0	本社収支	経費	旅費交通費
202501	013090200	11	運賃	0.0	0.0	0.0	0.0	0.0	0.0	本社収支	経費	運賃
202501	013090200	12	通信費	0.0	0.0	0.0	0.0	0.0	0.0	本社収支	経費	通信費
202501	013090200	13	水道光熱費	0.0	0.0	0.0	0.0	0.0	0.0	本社収支	経費	水道光熱費
202501	013090200	14	事務用品費	0.0	0.0	0.0	0.0	0.0	0.0	本社収支	経費	事務用品費
202501	013090200	15	備品消耗品費	0.0	0.0	0.0	0.0	0.0	0.0	本社収支	経費	備品消耗品費
202501	013090200	16	広告宣伝費	0.0	0.0	0.0	0.0	0.0	0.0	本社収支	経費	広告宣伝費
202501	013090200	17	交際費	0.0	0.0	0.0	0.0	0.0	0.0	本社収支	経費	交際費
202501	013090200	18	賃借料	0.0	0.0	0.0	0.0	0.0	0.0	本社収支	経費	賃借料
202501	013090200	19	修繕費	0.0	0.0	0.0	0.0	0.0	0.0	本社収支	経費	修繕費
202501	013090200	20	リース料	0.0	0.0	0.0	0.0	0.0	0.0	本社収支	経費	リース料
202501	013090200	21	保険料	0.0	0.0	0.0	0.0	0.0	0.0	本社収支	経費	保険料
202501	013090200	22	支払手数料	0.0	0.0	0.0	0.0	0.0	0.0	本社収支	経費	支払手数料
202501	013090200	23	諸会費	0.0	0.0	0.0	0.0	0.0	0.0	本社収支	経費	諸会費
202501	013090200	24	会議費	0.0	0.0	0.0	0.0	0.0	0.0	本社収支	経費	会議費
202501	013090200	25	寄附金	0.0	0.0	0.0	0.0	0.0	0.0	本社収支	経費	寄附金
202501	013090200	26	租税公課	0.0	0.0	0.0	0.0	0.0	0.0	本社収支	経費	租税公課
202501	013090200	27	貸倒金	0.0	0.0	0.0	0.0	0.0	0.0	本社収支	経費	貸倒金
202501	013090200	28	情報機器利用料	0.0	0.0	0.0	0.0	0.0	0.0	本社収支	経費	情報機器利用料
202501	013090200	29	雑費	0.0	0.0	0.0	0.0	0.0	0.0	本社収支	経費	雑費
202501	013090200	30	新聞図書費	0.0	0.0	0.0	0.0	0.0	0.0	本社収支	経費	新聞図書費
202501	013090200	32	雑給	0.0	0.0	0.0	0.0	0.0	0.0	本社収支	経費	雑給
202501	013090200	33	社内金利（固定資産）	0.0	0.0	0.0	0.0	0.0	0.0	本社収支	経費	社内金利（固定資産）
202501	013090200	34	社内金利（売掛金）	0.0	0.0	0.0	0.0	0.0	0.0	本社収支	経費	社内金利（売掛金）
202501	013090200	35	部門共通（経費）	0.0	0.0	0.0	0.0	0.0	0.0	本社収支	経費	部門共通（経費）
202501	013090200	36	グループ共通	0.0	0.0	0.0	0.0	0.0	0.0	本社収支	経費	グループ共通
202501	013090200	37	差引収益	0.0	0.0	0.0	0.0	0.0	0.0	本社収支		
202501	013090200	38	差引比率	0.0	0.0	0.0		0.0	0.0	本社収支		
202501	013090200	39	総時間	0.0	0.0	0.0		0.0	0.0	本社収支		
202501	013090200	40	定時間	0.0	0.0	0.0		0.0	0.0	本社収支	時間	
202501	013090200	41	残業時間	0.0	0.0	0.0		0.0	0.0	本社収支	時間	
202501	013090200	42	移動時間	0.0	0.0	0.0		0.0	0.0	本社収支	時間	
202501	013090200	43	部門共通（時間）	0.0	0.0	0.0		0.0	0.0	本社収支	時間	
202501	013090200	44	当月時間当り	0.0	0.0	0.0		0.0	0.0	本社収支		
202501	013090200	45	人員	0.0	0.0	0.0		0.0	0.0	本社収支		
202502	013090200	1	総受注高	0.0	0.0	0.0		0.0	0.0	本社収支	受注	
202502	013090200	2	総売上高	0.0	0.0	0.0		0.0	0.0	本社収支		
202502	013090200	3	売上高	0.0	0.0	0.0		0.0	0.0	本社収支	売上	
202502	013090200	4	売上値引	0.0	0.0	0.0		0.0	0.0	本社収支	売上	
202502	013090200	5	売上原価	0.0	0.0	0.0		0.0	0.0	本社収支		
202502	013090200	6	総収益	0.0	0.0	0.0	0.0	0.0	0.0	本社収支		
202502	013090200	7	経費合計	0.0	0.0	0.0	0.0	0.0	0.0	本社収支		
202502	013090200	8	減価償却費	0.0	0.0	0.0	0.0	0.0	0.0	本社収支	経費	減価償却費
202502	013090200	9	車輛費	0.0	0.0	0.0	0.0	0.0	0.0	本社収支	経費	車輛費
202502	013090200	10	旅費交通費	0.0	0.0	0.0	0.0	0.0	0.0	本社収支	経費	旅費交通費
202502	013090200	11	運賃	0.0	0.0	0.0	0.0	0.0	0.0	本社収支	経費	運賃
202502	013090200	12	通信費	0.0	0.0	0.0	0.0	0.0	0.0	本社収支	経費	通信費
202502	013090200	13	水道光熱費	0.0	0.0	0.0	0.0	0.0	0.0	本社収支	経費	水道光熱費
202502	013090200	14	事務用品費	0.0	0.0	0.0	0.0	0.0	0.0	本社収支	経費	事務用品費
202502	013090200	15	備品消耗品費	0.0	0.0	0.0	0.0	0.0	0.0	本社収支	経費	備品消耗品費
202502	013090200	16	広告宣伝費	0.0	0.0	0.0	0.0	0.0	0.0	本社収支	経費	広告宣伝費
202502	013090200	17	交際費	0.0	0.0	0.0	0.0	0.0	0.0	本社収支	経費	交際費
202502	013090200	18	賃借料	0.0	0.0	0.0	0.0	0.0	0.0	本社収支	経費	賃借料
202502	013090200	19	修繕費	0.0	0.0	0.0	0.0	0.0	0.0	本社収支	経費	修繕費
202502	013090200	20	リース料	0.0	0.0	0.0	0.0	0.0	0.0	本社収支	経費	リース料
202502	013090200	21	保険料	0.0	0.0	0.0	0.0	0.0	0.0	本社収支	経費	保険料
202502	013090200	22	支払手数料	0.0	0.0	0.0	0.0	0.0	0.0	本社収支	経費	支払手数料
202502	013090200	23	諸会費	0.0	0.0	0.0	0.0	0.0	0.0	本社収支	経費	諸会費
202502	013090200	24	会議費	0.0	0.0	0.0	0.0	0.0	0.0	本社収支	経費	会議費
202502	013090200	25	寄附金	0.0	0.0	0.0	0.0	0.0	0.0	本社収支	経費	寄附金
202502	013090200	26	租税公課	0.0	0.0	0.0	0.0	0.0	0.0	本社収支	経費	租税公課
202502	013090200	27	貸倒金	0.0	0.0	0.0	0.0	0.0	0.0	本社収支	経費	貸倒金
202502	013090200	28	情報機器利用料	0.0	0.0	0.0	0.0	0.0	0.0	本社収支	経費	情報機器利用料
202502	013090200	29	雑費	0.0	0.0	0.0	0.0	0.0	0.0	本社収支	経費	雑費
202502	013090200	30	新聞図書費	0.0	0.0	0.0	0.0	0.0	0.0	本社収支	経費	新聞図書費
202502	013090200	32	雑給	0.0	0.0	0.0	0.0	0.0	0.0	本社収支	経費	雑給
202502	013090200	33	社内金利（固定資産）	0.0	0.0	0.0	0.0	0.0	0.0	本社収支	経費	社内金利（固定資産）
202502	013090200	34	社内金利（売掛金）	0.0	0.0	0.0	0.0	0.0	0.0	本社収支	経費	社内金利（売掛金）
202502	013090200	35	部門共通（経費）	0.0	0.0	0.0	0.0	0.0	0.0	本社収支	経費	部門共通（経費）
202502	013090200	36	グループ共通	0.0	0.0	0.0	0.0	0.0	0.0	本社収支	経費	グループ共通
202502	013090200	37	差引収益	0.0	0.0	0.0	0.0	0.0	0.0	本社収支		
202502	013090200	38	差引比率	0.0	0.0	0.0		0.0	0.0	本社収支		
202502	013090200	39	総時間	0.0	0.0	0.0		0.0	0.0	本社収支		
202502	013090200	40	定時間	0.0	0.0	0.0		0.0	0.0	本社収支	時間	
202502	013090200	41	残業時間	0.0	0.0	0.0		0.0	0.0	本社収支	時間	
202502	013090200	42	移動時間	0.0	0.0	0.0		0.0	0.0	本社収支	時間	
202502	013090200	43	部門共通（時間）	0.0	0.0	0.0		0.0	0.0	本社収支	時間	
202502	013090200	44	当月時間当り	0.0	0.0	0.0		0.0	0.0	本社収支		
202502	013090200	45	人員	0.0	0.0	0.0		0.0	0.0	本社収支		
202503	013090200	1	総受注高	0.0	0.0	0.0		0.0	0.0	本社収支	受注	
202503	013090200	2	総売上高	0.0	0.0	0.0		0.0	0.0	本社収支		
202503	013090200	3	売上高	0.0	0.0	0.0		0.0	0.0	本社収支	売上	
202503	013090200	4	売上値引	0.0	0.0	0.0		0.0	0.0	本社収支	売上	
202503	013090200	5	売上原価	0.0	0.0	0.0		0.0	0.0	本社収支		
202503	013090200	6	総収益	0.0	0.0	0.0	0.0	0.0	0.0	本社収支		
202503	013090200	7	経費合計	0.0	0.0	0.0	0.0	0.0	0.0	本社収支		
202503	013090200	8	減価償却費	0.0	0.0	0.0	0.0	0.0	0.0	本社収支	経費	減価償却費
202503	013090200	9	車輛費	0.0	0.0	0.0	0.0	0.0	0.0	本社収支	経費	車輛費
202503	013090200	10	旅費交通費	0.0	0.0	0.0	0.0	0.0	0.0	本社収支	経費	旅費交通費
202503	013090200	11	運賃	0.0	0.0	0.0	0.0	0.0	0.0	本社収支	経費	運賃
202503	013090200	12	通信費	0.0	0.0	0.0	0.0	0.0	0.0	本社収支	経費	通信費
202503	013090200	13	水道光熱費	0.0	0.0	0.0	0.0	0.0	0.0	本社収支	経費	水道光熱費
202503	013090200	14	事務用品費	0.0	0.0	0.0	0.0	0.0	0.0	本社収支	経費	事務用品費
202503	013090200	15	備品消耗品費	0.0	0.0	0.0	0.0	0.0	0.0	本社収支	経費	備品消耗品費
202503	013090200	16	広告宣伝費	0.0	0.0	0.0	0.0	0.0	0.0	本社収支	経費	広告宣伝費
202503	013090200	17	交際費	0.0	0.0	0.0	0.0	0.0	0.0	本社収支	経費	交際費
202503	013090200	18	賃借料	0.0	0.0	0.0	0.0	0.0	0.0	本社収支	経費	賃借料
202503	013090200	19	修繕費	0.0	0.0	0.0	0.0	0.0	0.0	本社収支	経費	修繕費
202503	013090200	20	リース料	0.0	0.0	0.0	0.0	0.0	0.0	本社収支	経費	リース料
202503	013090200	21	保険料	0.0	0.0	0.0	0.0	0.0	0.0	本社収支	経費	保険料
202503	013090200	22	支払手数料	0.0	0.0	0.0	0.0	0.0	0.0	本社収支	経費	支払手数料
202503	013090200	23	諸会費	0.0	0.0	0.0	0.0	0.0	0.0	本社収支	経費	諸会費
202503	013090200	24	会議費	0.0	0.0	0.0	0.0	0.0	0.0	本社収支	経費	会議費
202503	013090200	25	寄附金	0.0	0.0	0.0	0.0	0.0	0.0	本社収支	経費	寄附金
202503	013090200	26	租税公課	0.0	0.0	0.0	0.0	0.0	0.0	本社収支	経費	租税公課
202503	013090200	27	貸倒金	0.0	0.0	0.0	0.0	0.0	0.0	本社収支	経費	貸倒金
202503	013090200	28	情報機器利用料	0.0	0.0	0.0	0.0	0.0	0.0	本社収支	経費	情報機器利用料
202503	013090200	29	雑費	0.0	0.0	0.0	0.0	0.0	0.0	本社収支	経費	雑費
202503	013090200	30	新聞図書費	0.0	0.0	0.0	0.0	0.0	0.0	本社収支	経費	新聞図書費
202503	013090200	32	雑給	0.0	0.0	0.0	0.0	0.0	0.0	本社収支	経費	雑給
202503	013090200	33	社内金利（固定資産）	0.0	0.0	0.0	0.0	0.0	0.0	本社収支	経費	社内金利（固定資産）
202503	013090200	34	社内金利（売掛金）	0.0	0.0	0.0	0.0	0.0	0.0	本社収支	経費	社内金利（売掛金）
202503	013090200	35	部門共通（経費）	0.0	0.0	0.0	0.0	0.0	0.0	本社収支	経費	部門共通（経費）
202503	013090200	36	グループ共通	0.0	0.0	0.0	0.0	0.0	0.0	本社収支	経費	グループ共通
202503	013090200	37	差引収益	0.0	0.0	0.0	0.0	0.0	0.0	本社収支		
202503	013090200	38	差引比率	0.0	0.0	0.0		0.0	0.0	本社収支		
202503	013090200	39	総時間	0.0	0.0	0.0		0.0	0.0	本社収支		
202503	013090200	40	定時間	0.0	0.0	0.0		0.0	0.0	本社収支	時間	
202503	013090200	41	残業時間	0.0	0.0	0.0		0.0	0.0	本社収支	時間	
202503	013090200	42	移動時間	0.0	0.0	0.0		0.0	0.0	本社収支	時間	
202503	013090200	43	部門共通（時間）	0.0	0.0	0.0		0.0	0.0	本社収支	時間	
202503	013090200	44	当月時間当り	0.0	0.0	0.0		0.0	0.0	本社収支		
202503	013090200	45	人員	0.0	0.0	0.0		0.0	0.0	本社収支		
202504	013090200	1	総受注高	0.0	0.0	0.0		0.0	0.0	本社収支	受注	
202504	013090200	2	総売上高	0.0	0.0	0.0		0.0	0.0	本社収支		
202504	013090200	3	売上高	0.0	0.0	0.0		0.0	0.0	本社収支	売上	
202504	013090200	4	売上値引	0.0	0.0	0.0		0.0	0.0	本社収支	売上	
202504	013090200	5	売上原価	0.0	0.0	0.0		0.0	0.0	本社収支		
202504	013090200	6	総収益	0.0	0.0	0.0	0.0	0.0	0.0	本社収支		
202504	013090200	7	経費合計	0.0	0.0	0.0	0.0	0.0	0.0	本社収支		
202504	013090200	8	減価償却費	0.0	0.0	0.0	0.0	0.0	0.0	本社収支	経費	減価償却費
202504	013090200	9	車輛費	0.0	0.0	0.0	0.0	0.0	0.0	本社収支	経費	車輛費
202504	013090200	10	旅費交通費	0.0	0.0	0.0	0.0	0.0	0.0	本社収支	経費	旅費交通費
202504	013090200	11	運賃	0.0	0.0	0.0	0.0	0.0	0.0	本社収支	経費	運賃
202504	013090200	12	通信費	0.0	0.0	0.0	0.0	0.0	0.0	本社収支	経費	通信費
202504	013090200	13	水道光熱費	0.0	0.0	0.0	0.0	0.0	0.0	本社収支	経費	水道光熱費
202504	013090200	14	事務用品費	0.0	0.0	0.0	0.0	0.0	0.0	本社収支	経費	事務用品費
202504	013090200	15	備品消耗品費	0.0	0.0	0.0	0.0	0.0	0.0	本社収支	経費	備品消耗品費
202504	013090200	16	広告宣伝費	0.0	0.0	0.0	0.0	0.0	0.0	本社収支	経費	広告宣伝費
202504	013090200	17	交際費	0.0	0.0	0.0	0.0	0.0	0.0	本社収支	経費	交際費
202504	013090200	18	賃借料	0.0	0.0	0.0	0.0	0.0	0.0	本社収支	経費	賃借料
202504	013090200	19	修繕費	0.0	0.0	0.0	0.0	0.0	0.0	本社収支	経費	修繕費
202504	013090200	20	リース料	0.0	0.0	0.0	0.0	0.0	0.0	本社収支	経費	リース料
202504	013090200	21	保険料	0.0	0.0	0.0	0.0	0.0	0.0	本社収支	経費	保険料
202504	013090200	22	支払手数料	0.0	0.0	0.0	0.0	0.0	0.0	本社収支	経費	支払手数料
202504	013090200	23	諸会費	0.0	0.0	0.0	0.0	0.0	0.0	本社収支	経費	諸会費
202504	013090200	24	会議費	0.0	0.0	0.0	0.0	0.0	0.0	本社収支	経費	会議費
202504	013090200	25	寄附金	0.0	0.0	0.0	0.0	0.0	0.0	本社収支	経費	寄附金
202504	013090200	26	租税公課	0.0	0.0	0.0	0.0	0.0	0.0	本社収支	経費	租税公課
202504	013090200	27	貸倒金	0.0	0.0	0.0	0.0	0.0	0.0	本社収支	経費	貸倒金
202504	013090200	28	情報機器利用料	0.0	0.0	0.0	0.0	0.0	0.0	本社収支	経費	情報機器利用料
202504	013090200	29	雑費	0.0	0.0	0.0	0.0	0.0	0.0	本社収支	経費	雑費
202504	013090200	30	新聞図書費	0.0	0.0	0.0	0.0	0.0	0.0	本社収支	経費	新聞図書費
202504	013090200	32	雑給	0.0	0.0	0.0	0.0	0.0	0.0	本社収支	経費	雑給
202504	013090200	33	社内金利（固定資産）	0.0	0.0	0.0	0.0	0.0	0.0	本社収支	経費	社内金利（固定資産）
202504	013090200	34	社内金利（売掛金）	0.0	0.0	0.0	0.0	0.0	0.0	本社収支	経費	社内金利（売掛金）
202504	013090200	35	部門共通（経費）	0.0	0.0	0.0	0.0	0.0	0.0	本社収支	経費	部門共通（経費）
202504	013090200	36	グループ共通	0.0	0.0	0.0	0.0	0.0	0.0	本社収支	経費	グループ共通
202504	013090200	37	差引収益	0.0	0.0	0.0	0.0	0.0	0.0	本社収支		
202504	013090200	38	差引比率	0.0	0.0	0.0		0.0	0.0	本社収支		
202504	013090200	39	総時間	0.0	0.0	0.0		0.0	0.0	本社収支		
202504	013090200	40	定時間	0.0	0.0	0.0		0.0	0.0	本社収支	時間	
202504	013090200	41	残業時間	0.0	0.0	0.0		0.0	0.0	本社収支	時間	
202504	013090200	42	移動時間	0.0	0.0	0.0		0.0	0.0	本社収支	時間	
202504	013090200	43	部門共通（時間）	0.0	0.0	0.0		0.0	0.0	本社収支	時間	
202504	013090200	44	当月時間当り	0.0	0.0	0.0		0.0	0.0	本社収支		
202504	013090200	45	人員	0.0	0.0	0.0		0.0	0.0	本社収支		
202505	013090200	1	総受注高	0.0	0.0	0.0		0.0	0.0	本社収支	受注	
202505	013090200	2	総売上高	0.0	0.0	0.0		0.0	0.0	本社収支		
202505	013090200	3	売上高	0.0	0.0	0.0		0.0	0.0	本社収支	売上	
202505	013090200	4	売上値引	0.0	0.0	0.0		0.0	0.0	本社収支	売上	
202505	013090200	5	売上原価	0.0	0.0	0.0		0.0	0.0	本社収支		
202505	013090200	6	総収益	0.0	0.0	0.0	0.0	0.0	0.0	本社収支		
202505	013090200	7	経費合計	0.0	0.0	0.0	0.0	0.0	0.0	本社収支		
202505	013090200	8	減価償却費	0.0	0.0	0.0	0.0	0.0	0.0	本社収支	経費	減価償却費
202505	013090200	9	車輛費	0.0	0.0	0.0	0.0	0.0	0.0	本社収支	経費	車輛費
202505	013090200	10	旅費交通費	0.0	0.0	0.0	0.0	0.0	0.0	本社収支	経費	旅費交通費
202505	013090200	11	運賃	0.0	0.0	0.0	0.0	0.0	0.0	本社収支	経費	運賃
202505	013090200	12	通信費	0.0	0.0	0.0	0.0	0.0	0.0	本社収支	経費	通信費
202505	013090200	13	水道光熱費	0.0	0.0	0.0	0.0	0.0	0.0	本社収支	経費	水道光熱費
202505	013090200	14	事務用品費	0.0	0.0	0.0	0.0	0.0	0.0	本社収支	経費	事務用品費
202505	013090200	15	備品消耗品費	0.0	0.0	0.0	0.0	0.0	0.0	本社収支	経費	備品消耗品費
202505	013090200	16	広告宣伝費	0.0	0.0	0.0	0.0	0.0	0.0	本社収支	経費	広告宣伝費
202505	013090200	17	交際費	0.0	0.0	0.0	0.0	0.0	0.0	本社収支	経費	交際費
202505	013090200	18	賃借料	0.0	0.0	0.0	0.0	0.0	0.0	本社収支	経費	賃借料
202505	013090200	19	修繕費	0.0	0.0	0.0	0.0	0.0	0.0	本社収支	経費	修繕費
202505	013090200	20	リース料	0.0	0.0	0.0	0.0	0.0	0.0	本社収支	経費	リース料
202505	013090200	21	保険料	0.0	0.0	0.0	0.0	0.0	0.0	本社収支	経費	保険料
202505	013090200	22	支払手数料	0.0	0.0	0.0	0.0	0.0	0.0	本社収支	経費	支払手数料
202505	013090200	23	諸会費	0.0	0.0	0.0	0.0	0.0	0.0	本社収支	経費	諸会費
202505	013090200	24	会議費	0.0	0.0	0.0	0.0	0.0	0.0	本社収支	経費	会議費
202505	013090200	25	寄附金	0.0	0.0	0.0	0.0	0.0	0.0	本社収支	経費	寄附金
202505	013090200	26	租税公課	0.0	0.0	0.0	0.0	0.0	0.0	本社収支	経費	租税公課
202505	013090200	27	貸倒金	0.0	0.0	0.0	0.0	0.0	0.0	本社収支	経費	貸倒金
202505	013090200	28	情報機器利用料	0.0	0.0	0.0	0.0	0.0	0.0	本社収支	経費	情報機器利用料
202505	013090200	29	雑費	0.0	0.0	0.0	0.0	0.0	0.0	本社収支	経費	雑費
202505	013090200	30	新聞図書費	0.0	0.0	0.0	0.0	0.0	0.0	本社収支	経費	新聞図書費
202505	013090200	32	雑給	0.0	0.0	0.0	0.0	0.0	0.0	本社収支	経費	雑給
202505	013090200	33	社内金利（固定資産）	0.0	0.0	0.0	0.0	0.0	0.0	本社収支	経費	社内金利（固定資産）
202505	013090200	34	社内金利（売掛金）	0.0	0.0	0.0	0.0	0.0	0.0	本社収支	経費	社内金利（売掛金）
202505	013090200	35	部門共通（経費）	0.0	0.0	0.0	0.0	0.0	0.0	本社収支	経費	部門共通（経費）
202505	013090200	36	グループ共通	0.0	0.0	0.0	0.0	0.0	0.0	本社収支	経費	グループ共通
202505	013090200	37	差引収益	0.0	0.0	0.0	0.0	0.0	0.0	本社収支		
202505	013090200	38	差引比率	0.0	0.0	0.0		0.0	0.0	本社収支		
202505	013090200	39	総時間	0.0	0.0	0.0		0.0	0.0	本社収支		
202505	013090200	40	定時間	0.0	0.0	0.0		0.0	0.0	本社収支	時間	
202505	013090200	41	残業時間	0.0	0.0	0.0		0.0	0.0	本社収支	時間	
202505	013090200	42	移動時間	0.0	0.0	0.0		0.0	0.0	本社収支	時間	
202505	013090200	43	部門共通（時間）	0.0	0.0	0.0		0.0	0.0	本社収支	時間	
202505	013090200	44	当月時間当り	0.0	0.0	0.0		0.0	0.0	本社収支		
202505	013090200	45	人員	0.0	0.0	0.0		0.0	0.0	本社収支		
202506	013090200	1	総受注高	0.0	0.0	0.0		0.0	0.0	本社収支	受注	
202506	013090200	2	総売上高	0.0	0.0	0.0		0.0	0.0	本社収支		
202506	013090200	3	売上高	0.0	0.0	0.0		0.0	0.0	本社収支	売上	
202506	013090200	4	売上値引	0.0	0.0	0.0		0.0	0.0	本社収支	売上	
202506	013090200	5	売上原価	0.0	0.0	0.0		0.0	0.0	本社収支		
202506	013090200	6	総収益	0.0	0.0	0.0	0.0	0.0	0.0	本社収支		
202506	013090200	7	経費合計	0.0	0.0	0.0	0.0	0.0	0.0	本社収支		
202506	013090200	8	減価償却費	0.0	0.0	0.0	0.0	0.0	0.0	本社収支	経費	減価償却費
202506	013090200	9	車輛費	0.0	0.0	0.0	0.0	0.0	0.0	本社収支	経費	車輛費
202506	013090200	10	旅費交通費	0.0	0.0	0.0	0.0	0.0	0.0	本社収支	経費	旅費交通費
202506	013090200	11	運賃	0.0	0.0	0.0	0.0	0.0	0.0	本社収支	経費	運賃
202506	013090200	12	通信費	0.0	0.0	0.0	0.0	0.0	0.0	本社収支	経費	通信費
202506	013090200	13	水道光熱費	0.0	0.0	0.0	0.0	0.0	0.0	本社収支	経費	水道光熱費
202506	013090200	14	事務用品費	0.0	0.0	0.0	0.0	0.0	0.0	本社収支	経費	事務用品費
202506	013090200	15	備品消耗品費	0.0	0.0	0.0	0.0	0.0	0.0	本社収支	経費	備品消耗品費
202506	013090200	16	広告宣伝費	0.0	0.0	0.0	0.0	0.0	0.0	本社収支	経費	広告宣伝費
202506	013090200	17	交際費	0.0	0.0	0.0	0.0	0.0	0.0	本社収支	経費	交際費
202506	013090200	18	賃借料	0.0	0.0	0.0	0.0	0.0	0.0	本社収支	経費	賃借料
202506	013090200	19	修繕費	0.0	0.0	0.0	0.0	0.0	0.0	本社収支	経費	修繕費
202506	013090200	20	リース料	0.0	0.0	0.0	0.0	0.0	0.0	本社収支	経費	リース料
202506	013090200	21	保険料	0.0	0.0	0.0	0.0	0.0	0.0	本社収支	経費	保険料
202506	013090200	22	支払手数料	0.0	0.0	0.0	0.0	0.0	0.0	本社収支	経費	支払手数料
202506	013090200	23	諸会費	0.0	0.0	0.0	0.0	0.0	0.0	本社収支	経費	諸会費
202506	013090200	24	会議費	0.0	0.0	0.0	0.0	0.0	0.0	本社収支	経費	会議費
202506	013090200	25	寄附金	0.0	0.0	0.0	0.0	0.0	0.0	本社収支	経費	寄附金
202506	013090200	26	租税公課	0.0	0.0	0.0	0.0	0.0	0.0	本社収支	経費	租税公課
202506	013090200	27	貸倒金	0.0	0.0	0.0	0.0	0.0	0.0	本社収支	経費	貸倒金
202506	013090200	28	情報機器利用料	0.0	0.0	0.0	0.0	0.0	0.0	本社収支	経費	情報機器利用料
202506	013090200	29	雑費	0.0	0.0	0.0	0.0	0.0	0.0	本社収支	経費	雑費
202506	013090200	30	新聞図書費	0.0	0.0	0.0	0.0	0.0	0.0	本社収支	経費	新聞図書費
202506	013090200	32	雑給	0.0	0.0	0.0	0.0	0.0	0.0	本社収支	経費	雑給
202506	013090200	33	社内金利（固定資産）	0.0	0.0	0.0	0.0	0.0	0.0	本社収支	経費	社内金利（固定資産）
202506	013090200	34	社内金利（売掛金）	0.0	0.0	0.0	0.0	0.0	0.0	本社収支	経費	社内金利（売掛金）
202506	013090200	35	部門共通（経費）	0.0	0.0	0.0	0.0	0.0	0.0	本社収支	経費	部門共通（経費）
202506	013090200	36	グループ共通	0.0	0.0	0.0	0.0	0.0	0.0	本社収支	経費	グループ共通
202506	013090200	37	差引収益	0.0	0.0	0.0	0.0	0.0	0.0	本社収支		
202506	013090200	38	差引比率	0.0	0.0	0.0		0.0	0.0	本社収支		
202506	013090200	39	総時間	0.0	0.0	0.0		0.0	0.0	本社収支		
202506	013090200	40	定時間	0.0	0.0	0.0		0.0	0.0	本社収支	時間	
202506	013090200	41	残業時間	0.0	0.0	0.0		0.0	0.0	本社収支	時間	
202506	013090200	42	移動時間	0.0	0.0	0.0		0.0	0.0	本社収支	時間	
202506	013090200	43	部門共通（時間）	0.0	0.0	0.0		0.0	0.0	本社収支	時間	
202506	013090200	44	当月時間当り	0.0	0.0	0.0		0.0	0.0	本社収支		
202506	013090200	45	人員	0.0	0.0	0.0		0.0	0.0	本社収支		
202507	013090200	1	総受注高	0.0	0.0	0.0		0.0	0.0	本社収支	受注	
202507	013090200	2	総売上高	0.0	0.0	0.0		0.0	0.0	本社収支		
202507	013090200	3	売上高	0.0	0.0	0.0		0.0	0.0	本社収支	売上	
202507	013090200	4	売上値引	0.0	0.0	0.0		0.0	0.0	本社収支	売上	
202507	013090200	5	売上原価	0.0	0.0	0.0		0.0	0.0	本社収支		
202507	013090200	6	総収益	0.0	0.0	0.0	0.0	0.0	0.0	本社収支		
202507	013090200	7	経費合計	0.0	0.0	0.0	0.0	0.0	0.0	本社収支		
202507	013090200	8	減価償却費	0.0	0.0	0.0	0.0	0.0	0.0	本社収支	経費	減価償却費
202507	013090200	9	車輛費	0.0	0.0	0.0	0.0	0.0	0.0	本社収支	経費	車輛費
202507	013090200	10	旅費交通費	0.0	0.0	0.0	0.0	0.0	0.0	本社収支	経費	旅費交通費
202507	013090200	11	運賃	0.0	0.0	0.0	0.0	0.0	0.0	本社収支	経費	運賃
202507	013090200	12	通信費	0.0	0.0	0.0	0.0	0.0	0.0	本社収支	経費	通信費
202507	013090200	13	水道光熱費	0.0	0.0	0.0	0.0	0.0	0.0	本社収支	経費	水道光熱費
202507	013090200	14	事務用品費	0.0	0.0	0.0	0.0	0.0	0.0	本社収支	経費	事務用品費
202507	013090200	15	備品消耗品費	0.0	0.0	0.0	0.0	0.0	0.0	本社収支	経費	備品消耗品費
202507	013090200	16	広告宣伝費	0.0	0.0	0.0	0.0	0.0	0.0	本社収支	経費	広告宣伝費
202507	013090200	17	交際費	0.0	0.0	0.0	0.0	0.0	0.0	本社収支	経費	交際費
202507	013090200	18	賃借料	0.0	0.0	0.0	0.0	0.0	0.0	本社収支	経費	賃借料
202507	013090200	19	修繕費	0.0	0.0	0.0	0.0	0.0	0.0	本社収支	経費	修繕費
202507	013090200	20	リース料	0.0	0.0	0.0	0.0	0.0	0.0	本社収支	経費	リース料
202507	013090200	21	保険料	0.0	0.0	0.0	0.0	0.0	0.0	本社収支	経費	保険料
202507	013090200	22	支払手数料	0.0	0.0	0.0	0.0	0.0	0.0	本社収支	経費	支払手数料
202507	013090200	23	諸会費	0.0	0.0	0.0	0.0	0.0	0.0	本社収支	経費	諸会費
202507	013090200	24	会議費	0.0	0.0	0.0	0.0	0.0	0.0	本社収支	経費	会議費
202507	013090200	25	寄附金	0.0	0.0	0.0	0.0	0.0	0.0	本社収支	経費	寄附金
202507	013090200	26	租税公課	0.0	0.0	0.0	0.0	0.0	0.0	本社収支	経費	租税公課
202507	013090200	27	貸倒金	0.0	0.0	0.0	0.0	0.0	0.0	本社収支	経費	貸倒金
202507	013090200	28	情報機器利用料	0.0	0.0	0.0	0.0	0.0	0.0	本社収支	経費	情報機器利用料
202507	013090200	29	雑費	0.0	0.0	0.0	0.0	0.0	0.0	本社収支	経費	雑費
202507	013090200	30	新聞図書費	0.0	0.0	0.0	0.0	0.0	0.0	本社収支	経費	新聞図書費
202507	013090200	32	雑給	0.0	0.0	0.0	0.0	0.0	0.0	本社収支	経費	雑給
202507	013090200	33	社内金利（固定資産）	0.0	0.0	0.0	0.0	0.0	0.0	本社収支	経費	社内金利（固定資産）
202507	013090200	34	社内金利（売掛金）	0.0	0.0	0.0	0.0	0.0	0.0	本社収支	経費	社内金利（売掛金）
202507	013090200	35	部門共通（経費）	0.0	0.0	0.0	0.0	0.0	0.0	本社収支	経費	部門共通（経費）
202507	013090200	36	グループ共通	0.0	0.0	0.0	0.0	0.0	0.0	本社収支	経費	グループ共通
202507	013090200	37	差引収益	0.0	0.0	0.0	0.0	0.0	0.0	本社収支		
202507	013090200	38	差引比率	0.0	0.0	0.0		0.0	0.0	本社収支		
202507	013090200	39	総時間	0.0	0.0	0.0		0.0	0.0	本社収支		
202507	013090200	40	定時間	0.0	0.0	0.0		0.0	0.0	本社収支	時間	
202507	013090200	41	残業時間	0.0	0.0	0.0		0.0	0.0	本社収支	時間	
202507	013090200	42	移動時間	0.0	0.0	0.0		0.0	0.0	本社収支	時間	
202507	013090200	43	部門共通（時間）	0.0	0.0	0.0		0.0	0.0	本社収支	時間	
202507	013090200	44	当月時間当り	0.0	0.0	0.0		0.0	0.0	本社収支		
202507	013090200	45	人員	0.0	0.0	0.0		0.0	0.0	本社収支		
202508	013090200	1	総受注高	0.0	0.0	0.0		0.0	0.0	本社収支	受注	
202508	013090200	2	総売上高	0.0	0.0	0.0		0.0	0.0	本社収支		
202508	013090200	3	売上高	0.0	0.0	0.0		0.0	0.0	本社収支	売上	
202508	013090200	4	売上値引	0.0	0.0	0.0		0.0	0.0	本社収支	売上	
202508	013090200	5	売上原価	0.0	0.0	0.0		0.0	0.0	本社収支		
202508	013090200	6	総収益	0.0	0.0	0.0	0.0	0.0	0.0	本社収支		
202508	013090200	7	経費合計	0.0	0.0	0.0	0.0	0.0	0.0	本社収支		
202508	013090200	8	減価償却費	0.0	0.0	0.0	0.0	0.0	0.0	本社収支	経費	減価償却費
202508	013090200	9	車輛費	0.0	0.0	0.0	0.0	0.0	0.0	本社収支	経費	車輛費
202508	013090200	10	旅費交通費	0.0	0.0	0.0	0.0	0.0	0.0	本社収支	経費	旅費交通費
202508	013090200	11	運賃	0.0	0.0	0.0	0.0	0.0	0.0	本社収支	経費	運賃
202508	013090200	12	通信費	0.0	0.0	0.0	0.0	0.0	0.0	本社収支	経費	通信費
202508	013090200	13	水道光熱費	0.0	0.0	0.0	0.0	0.0	0.0	本社収支	経費	水道光熱費
202508	013090200	14	事務用品費	0.0	0.0	0.0	0.0	0.0	0.0	本社収支	経費	事務用品費
202508	013090200	15	備品消耗品費	0.0	0.0	0.0	0.0	0.0	0.0	本社収支	経費	備品消耗品費
202508	013090200	16	広告宣伝費	0.0	0.0	0.0	0.0	0.0	0.0	本社収支	経費	広告宣伝費
202508	013090200	17	交際費	0.0	0.0	0.0	0.0	0.0	0.0	本社収支	経費	交際費
202508	013090200	18	賃借料	0.0	0.0	0.0	0.0	0.0	0.0	本社収支	経費	賃借料
202508	013090200	19	修繕費	0.0	0.0	0.0	0.0	0.0	0.0	本社収支	経費	修繕費
202508	013090200	20	リース料	0.0	0.0	0.0	0.0	0.0	0.0	本社収支	経費	リース料
202508	013090200	21	保険料	0.0	0.0	0.0	0.0	0.0	0.0	本社収支	経費	保険料
202508	013090200	22	支払手数料	0.0	0.0	0.0	0.0	0.0	0.0	本社収支	経費	支払手数料
202508	013090200	23	諸会費	0.0	0.0	0.0	0.0	0.0	0.0	本社収支	経費	諸会費
202508	013090200	24	会議費	0.0	0.0	0.0	0.0	0.0	0.0	本社収支	経費	会議費
202508	013090200	25	寄附金	0.0	0.0	0.0	0.0	0.0	0.0	本社収支	経費	寄附金
202508	013090200	26	租税公課	0.0	0.0	0.0	0.0	0.0	0.0	本社収支	経費	租税公課
202508	013090200	27	貸倒金	0.0	0.0	0.0	0.0	0.0	0.0	本社収支	経費	貸倒金
202508	013090200	28	情報機器利用料	0.0	0.0	0.0	0.0	0.0	0.0	本社収支	経費	情報機器利用料
202508	013090200	29	雑費	0.0	0.0	0.0	0.0	0.0	0.0	本社収支	経費	雑費
202508	013090200	30	新聞図書費	0.0	0.0	0.0	0.0	0.0	0.0	本社収支	経費	新聞図書費
202508	013090200	32	雑給	0.0	0.0	0.0	0.0	0.0	0.0	本社収支	経費	雑給
202508	013090200	33	社内金利（固定資産）	0.0	0.0	0.0	0.0	0.0	0.0	本社収支	経費	社内金利（固定資産）
202508	013090200	34	社内金利（売掛金）	0.0	0.0	0.0	0.0	0.0	0.0	本社収支	経費	社内金利（売掛金）
202508	013090200	35	部門共通（経費）	0.0	0.0	0.0	0.0	0.0	0.0	本社収支	経費	部門共通（経費）
202508	013090200	36	グループ共通	0.0	0.0	0.0	0.0	0.0	0.0	本社収支	経費	グループ共通
202508	013090200	37	差引収益	0.0	0.0	0.0	0.0	0.0	0.0	本社収支		
202508	013090200	38	差引比率	0.0	0.0	0.0		0.0	0.0	本社収支		
202508	013090200	39	総時間	0.0	0.0	0.0		0.0	0.0	本社収支		
202508	013090200	40	定時間	0.0	0.0	0.0		0.0	0.0	本社収支	時間	
202508	013090200	41	残業時間	0.0	0.0	0.0		0.0	0.0	本社収支	時間	
202508	013090200	42	移動時間	0.0	0.0	0.0		0.0	0.0	本社収支	時間	
202508	013090200	43	部門共通（時間）	0.0	0.0	0.0		0.0	0.0	本社収支	時間	
202508	013090200	44	当月時間当り	0.0	0.0	0.0		0.0	0.0	本社収支		
202508	013090200	45	人員	0.0	0.0	0.0		0.0	0.0	本社収支		
202509	013090200	1	総受注高	0.0	0.0	0.0		0.0	0.0	本社収支	受注	
202509	013090200	2	総売上高	0.0	0.0	0.0		0.0	0.0	本社収支		
202509	013090200	3	売上高	0.0	0.0	0.0		0.0	0.0	本社収支	売上	
202509	013090200	4	売上値引	0.0	0.0	0.0		0.0	0.0	本社収支	売上	
202509	013090200	5	売上原価	0.0	0.0	0.0		0.0	0.0	本社収支		
202509	013090200	6	総収益	0.0	0.0	0.0	0.0	0.0	0.0	本社収支		
202509	013090200	7	経費合計	0.0	0.0	0.0	0.0	0.0	0.0	本社収支		
202509	013090200	8	減価償却費	0.0	0.0	0.0	0.0	0.0	0.0	本社収支	経費	減価償却費
202509	013090200	9	車輛費	0.0	0.0	0.0	0.0	0.0	0.0	本社収支	経費	車輛費
202509	013090200	10	旅費交通費	0.0	0.0	0.0	0.0	0.0	0.0	本社収支	経費	旅費交通費
202509	013090200	11	運賃	0.0	0.0	0.0	0.0	0.0	0.0	本社収支	経費	運賃
202509	013090200	12	通信費	0.0	0.0	0.0	0.0	0.0	0.0	本社収支	経費	通信費
202509	013090200	13	水道光熱費	0.0	0.0	0.0	0.0	0.0	0.0	本社収支	経費	水道光熱費
202509	013090200	14	事務用品費	0.0	0.0	0.0	0.0	0.0	0.0	本社収支	経費	事務用品費
202509	013090200	15	備品消耗品費	0.0	0.0	0.0	0.0	0.0	0.0	本社収支	経費	備品消耗品費
202509	013090200	16	広告宣伝費	0.0	0.0	0.0	0.0	0.0	0.0	本社収支	経費	広告宣伝費
202509	013090200	17	交際費	0.0	0.0	0.0	0.0	0.0	0.0	本社収支	経費	交際費
202509	013090200	18	賃借料	0.0	0.0	0.0	0.0	0.0	0.0	本社収支	経費	賃借料
202509	013090200	19	修繕費	0.0	0.0	0.0	0.0	0.0	0.0	本社収支	経費	修繕費
202509	013090200	20	リース料	0.0	0.0	0.0	0.0	0.0	0.0	本社収支	経費	リース料
202509	013090200	21	保険料	0.0	0.0	0.0	0.0	0.0	0.0	本社収支	経費	保険料
202509	013090200	22	支払手数料	0.0	0.0	0.0	0.0	0.0	0.0	本社収支	経費	支払手数料
202509	013090200	23	諸会費	0.0	0.0	0.0	0.0	0.0	0.0	本社収支	経費	諸会費
202509	013090200	24	会議費	0.0	0.0	0.0	0.0	0.0	0.0	本社収支	経費	会議費
202509	013090200	25	寄附金	0.0	0.0	0.0	0.0	0.0	0.0	本社収支	経費	寄附金
202509	013090200	26	租税公課	0.0	0.0	0.0	0.0	0.0	0.0	本社収支	経費	租税公課
202509	013090200	27	貸倒金	0.0	0.0	0.0	0.0	0.0	0.0	本社収支	経費	貸倒金
202509	013090200	28	情報機器利用料	0.0	0.0	0.0	0.0	0.0	0.0	本社収支	経費	情報機器利用料
202509	013090200	29	雑費	0.0	0.0	0.0	0.0	0.0	0.0	本社収支	経費	雑費
202509	013090200	30	新聞図書費	0.0	0.0	0.0	0.0	0.0	0.0	本社収支	経費	新聞図書費
202509	013090200	32	雑給	0.0	0.0	0.0	0.0	0.0	0.0	本社収支	経費	雑給
202509	013090200	33	社内金利（固定資産）	0.0	0.0	0.0	0.0	0.0	0.0	本社収支	経費	社内金利（固定資産）
202509	013090200	34	社内金利（売掛金）	0.0	0.0	0.0	0.0	0.0	0.0	本社収支	経費	社内金利（売掛金）
202509	013090200	35	部門共通（経費）	0.0	0.0	0.0	0.0	0.0	0.0	本社収支	経費	部門共通（経費）
202509	013090200	36	グループ共通	0.0	0.0	0.0	0.0	0.0	0.0	本社収支	経費	グループ共通
202509	013090200	37	差引収益	0.0	0.0	0.0	0.0	0.0	0.0	本社収支		
202509	013090200	38	差引比率	0.0	0.0	0.0		0.0	0.0	本社収支		
202509	013090200	39	総時間	0.0	0.0	0.0		0.0	0.0	本社収支		
202509	013090200	40	定時間	0.0	0.0	0.0		0.0	0.0	本社収支	時間	
202509	013090200	41	残業時間	0.0	0.0	0.0		0.0	0.0	本社収支	時間	
202509	013090200	42	移動時間	0.0	0.0	0.0		0.0	0.0	本社収支	時間	
202509	013090200	43	部門共通（時間）	0.0	0.0	0.0		0.0	0.0	本社収支	時間	
202509	013090200	44	当月時間当り	0.0	0.0	0.0		0.0	0.0	本社収支		
202509	013090200	45	人員	0.0	0.0	0.0		0.0	0.0	本社収支		
202510	013090200	1	総受注高	0.0	0.0	0.0		0.0	0.0	本社収支	受注	
202510	013090200	2	総売上高	0.0	0.0	0.0		0.0	0.0	本社収支		
202510	013090200	3	売上高	0.0	0.0	0.0		0.0	0.0	本社収支	売上	
202510	013090200	4	売上値引	0.0	0.0	0.0		0.0	0.0	本社収支	売上	
202510	013090200	5	売上原価	0.0	0.0	0.0		0.0	0.0	本社収支		
202510	013090200	6	総収益	0.0	0.0	0.0	0.0	0.0	0.0	本社収支		
202510	013090200	7	経費合計	0.0	0.0	0.0	0.0	0.0	0.0	本社収支		
202510	013090200	8	減価償却費	0.0	0.0	0.0	0.0	0.0	0.0	本社収支	経費	減価償却費
202510	013090200	9	車輛費	0.0	0.0	0.0	0.0	0.0	0.0	本社収支	経費	車輛費
202510	013090200	10	旅費交通費	0.0	0.0	0.0	0.0	0.0	0.0	本社収支	経費	旅費交通費
202510	013090200	11	運賃	0.0	0.0	0.0	0.0	0.0	0.0	本社収支	経費	運賃
202510	013090200	12	通信費	0.0	0.0	0.0	0.0	0.0	0.0	本社収支	経費	通信費
202510	013090200	13	水道光熱費	0.0	0.0	0.0	0.0	0.0	0.0	本社収支	経費	水道光熱費
202510	013090200	14	事務用品費	0.0	0.0	0.0	0.0	0.0	0.0	本社収支	経費	事務用品費
202510	013090200	15	備品消耗品費	0.0	0.0	0.0	0.0	0.0	0.0	本社収支	経費	備品消耗品費
202510	013090200	16	広告宣伝費	0.0	0.0	0.0	0.0	0.0	0.0	本社収支	経費	広告宣伝費
202510	013090200	17	交際費	0.0	0.0	0.0	0.0	0.0	0.0	本社収支	経費	交際費
202510	013090200	18	賃借料	0.0	0.0	0.0	0.0	0.0	0.0	本社収支	経費	賃借料
202510	013090200	19	修繕費	0.0	0.0	0.0	0.0	0.0	0.0	本社収支	経費	修繕費
202510	013090200	20	リース料	0.0	0.0	0.0	0.0	0.0	0.0	本社収支	経費	リース料
202510	013090200	21	保険料	0.0	0.0	0.0	0.0	0.0	0.0	本社収支	経費	保険料
202510	013090200	22	支払手数料	0.0	0.0	0.0	0.0	0.0	0.0	本社収支	経費	支払手数料
202510	013090200	23	諸会費	0.0	0.0	0.0	0.0	0.0	0.0	本社収支	経費	諸会費
202510	013090200	24	会議費	0.0	0.0	0.0	0.0	0.0	0.0	本社収支	経費	会議費
202510	013090200	25	寄附金	0.0	0.0	0.0	0.0	0.0	0.0	本社収支	経費	寄附金
202510	013090200	26	租税公課	0.0	0.0	0.0	0.0	0.0	0.0	本社収支	経費	租税公課
202510	013090200	27	貸倒金	0.0	0.0	0.0	0.0	0.0	0.0	本社収支	経費	貸倒金
202510	013090200	28	情報機器利用料	0.0	0.0	0.0	0.0	0.0	0.0	本社収支	経費	情報機器利用料
202510	013090200	29	雑費	0.0	0.0	0.0	0.0	0.0	0.0	本社収支	経費	雑費
202510	013090200	30	新聞図書費	0.0	0.0	0.0	0.0	0.0	0.0	本社収支	経費	新聞図書費
202510	013090200	32	雑給	0.0	0.0	0.0	0.0	0.0	0.0	本社収支	経費	雑給
202510	013090200	33	社内金利（固定資産）	0.0	0.0	0.0	0.0	0.0	0.0	本社収支	経費	社内金利（固定資産）
202510	013090200	34	社内金利（売掛金）	0.0	0.0	0.0	0.0	0.0	0.0	本社収支	経費	社内金利（売掛金）
202510	013090200	35	部門共通（経費）	0.0	0.0	0.0	0.0	0.0	0.0	本社収支	経費	部門共通（経費）
202510	013090200	36	グループ共通	0.0	0.0	0.0	0.0	0.0	0.0	本社収支	経費	グループ共通
202510	013090200	37	差引収益	0.0	0.0	0.0	0.0	0.0	0.0	本社収支		
202510	013090200	38	差引比率	0.0	0.0	0.0		0.0	0.0	本社収支		
202510	013090200	39	総時間	0.0	0.0	0.0		0.0	0.0	本社収支		
202510	013090200	40	定時間	0.0	0.0	0.0		0.0	0.0	本社収支	時間	
202510	013090200	41	残業時間	0.0	0.0	0.0		0.0	0.0	本社収支	時間	
202510	013090200	42	移動時間	0.0	0.0	0.0		0.0	0.0	本社収支	時間	
202510	013090200	43	部門共通（時間）	0.0	0.0	0.0		0.0	0.0	本社収支	時間	
202510	013090200	44	当月時間当り	0.0	0.0	0.0		0.0	0.0	本社収支		
202510	013090200	45	人員	0.0	0.0	0.0		0.0	0.0	本社収支		
202511	013090200	1	総受注高	0.0	0.0	0.0		0.0	0.0	本社収支	受注	
202511	013090200	2	総売上高	0.0	0.0	0.0		0.0	0.0	本社収支		
202511	013090200	3	売上高	0.0	0.0	0.0		0.0	0.0	本社収支	売上	
202511	013090200	4	売上値引	0.0	0.0	0.0		0.0	0.0	本社収支	売上	
202511	013090200	5	売上原価	0.0	0.0	0.0		0.0	0.0	本社収支		
202511	013090200	6	総収益	0.0	0.0	0.0	0.0	0.0	0.0	本社収支		
202511	013090200	7	経費合計	0.0	0.0	0.0	0.0	0.0	0.0	本社収支		
202511	013090200	8	減価償却費	0.0	0.0	0.0	0.0	0.0	0.0	本社収支	経費	減価償却費
202511	013090200	9	車輛費	0.0	0.0	0.0	0.0	0.0	0.0	本社収支	経費	車輛費
202511	013090200	10	旅費交通費	0.0	0.0	0.0	0.0	0.0	0.0	本社収支	経費	旅費交通費
202511	013090200	11	運賃	0.0	0.0	0.0	0.0	0.0	0.0	本社収支	経費	運賃
202511	013090200	12	通信費	0.0	0.0	0.0	0.0	0.0	0.0	本社収支	経費	通信費
202511	013090200	13	水道光熱費	0.0	0.0	0.0	0.0	0.0	0.0	本社収支	経費	水道光熱費
202511	013090200	14	事務用品費	0.0	0.0	0.0	0.0	0.0	0.0	本社収支	経費	事務用品費
202511	013090200	15	備品消耗品費	0.0	0.0	0.0	0.0	0.0	0.0	本社収支	経費	備品消耗品費
202511	013090200	16	広告宣伝費	0.0	0.0	0.0	0.0	0.0	0.0	本社収支	経費	広告宣伝費
202511	013090200	17	交際費	0.0	0.0	0.0	0.0	0.0	0.0	本社収支	経費	交際費
202511	013090200	18	賃借料	0.0	0.0	0.0	0.0	0.0	0.0	本社収支	経費	賃借料
202511	013090200	19	修繕費	0.0	0.0	0.0	0.0	0.0	0.0	本社収支	経費	修繕費
202511	013090200	20	リース料	0.0	0.0	0.0	0.0	0.0	0.0	本社収支	経費	リース料
202511	013090200	21	保険料	0.0	0.0	0.0	0.0	0.0	0.0	本社収支	経費	保険料
202511	013090200	22	支払手数料	0.0	0.0	0.0	0.0	0.0	0.0	本社収支	経費	支払手数料
202511	013090200	23	諸会費	0.0	0.0	0.0	0.0	0.0	0.0	本社収支	経費	諸会費
202511	013090200	24	会議費	0.0	0.0	0.0	0.0	0.0	0.0	本社収支	経費	会議費
202511	013090200	25	寄附金	0.0	0.0	0.0	0.0	0.0	0.0	本社収支	経費	寄附金
202511	013090200	26	租税公課	0.0	0.0	0.0	0.0	0.0	0.0	本社収支	経費	租税公課
202511	013090200	27	貸倒金	0.0	0.0	0.0	0.0	0.0	0.0	本社収支	経費	貸倒金
202511	013090200	28	情報機器利用料	0.0	0.0	0.0	0.0	0.0	0.0	本社収支	経費	情報機器利用料
202511	013090200	29	雑費	0.0	0.0	0.0	0.0	0.0	0.0	本社収支	経費	雑費
202511	013090200	30	新聞図書費	0.0	0.0	0.0	0.0	0.0	0.0	本社収支	経費	新聞図書費
202511	013090200	32	雑給	0.0	0.0	0.0	0.0	0.0	0.0	本社収支	経費	雑給
202511	013090200	33	社内金利（固定資産）	0.0	0.0	0.0	0.0	0.0	0.0	本社収支	経費	社内金利（固定資産）
202511	013090200	34	社内金利（売掛金）	0.0	0.0	0.0	0.0	0.0	0.0	本社収支	経費	社内金利（売掛金）
202511	013090200	35	部門共通（経費）	0.0	0.0	0.0	0.0	0.0	0.0	本社収支	経費	部門共通（経費）
202511	013090200	36	グループ共通	0.0	0.0	0.0	0.0	0.0	0.0	本社収支	経費	グループ共通
202511	013090200	37	差引収益	0.0	0.0	0.0	0.0	0.0	0.0	本社収支		
202511	013090200	38	差引比率	0.0	0.0	0.0		0.0	0.0	本社収支		
202511	013090200	39	総時間	0.0	0.0	0.0		0.0	0.0	本社収支		
202511	013090200	40	定時間	0.0	0.0	0.0		0.0	0.0	本社収支	時間	
202511	013090200	41	残業時間	0.0	0.0	0.0		0.0	0.0	本社収支	時間	
202511	013090200	42	移動時間	0.0	0.0	0.0		0.0	0.0	本社収支	時間	
202511	013090200	43	部門共通（時間）	0.0	0.0	0.0		0.0	0.0	本社収支	時間	
202511	013090200	44	当月時間当り	0.0	0.0	0.0		0.0	0.0	本社収支		
202511	013090200	45	人員	0.0	0.0	0.0		0.0	0.0	本社収支		
